[16:51:34.776611018|thread 2973197|cpu 248] [info ] Seed not supplied, using random seed: 0xec517688cad5f45
[16:51:34.776704250|thread 2973197|cpu 248] [info ] FUSE mount point scoped for instance 0,4: /home/jhan/workspace/tron-amx/stats/instance-0
[16:51:34.778145271|thread 2973197|cpu 248] [info ] heap_v2: registered FUSE stats under /rinzler/stats/dma_heap/
[16:51:34.778159744|thread 2973197|cpu 248] [debug] No PosDevices found; skipping registration of metrics
[16:51:34.780663662|thread 2973197|cpu 248] [info ] Stats/config mounted at /home/jhan/workspace/tron-amx/stats/instance-0
[16:51:35.458182658|thread 2974069|cpu 248] [info ] TSC frequency stable at 2699983698 Hz
[16:51:35.462515327|thread 2974069|cpu 248] [info ] TSC core calibration: min core,offset:81,-28   max core,offset:130,14
[16:51:35.463494394|thread 2973197|cpu 248] [info ] INIT: Intel RTM (TSX) supported
[16:51:35.464924662|thread 2973197|cpu 248] [info ] INIT: CPU vendor=Intel, cores=144, numa=2, model="Intel(R) Xeon(R) 6962P"
[16:51:35.464971882|thread 2973197|cpu 248] [info ] INIT: Found server type: granite_rapids_6962p: 144 cores, Intel Xeon 6962P Granite Rapids server
[16:51:35.464977699|thread 2973197|cpu 248] [info ] INIT: Successfully loaded resource map from /home/jhan/workspace/tron-amx/gen/../config/resource-map.yaml, server type: granite_rapids_6962p
[16:51:35.465084270|thread 2973197|cpu 248] [info ] App CPU list: 151-152,24-29,48-53,153-154,30-35,54-59
[16:51:35.465104947|thread 2973197|cpu 248] [info ] App CPU set: [24, 25, 26, 27, 28, 29, 30, 31, 32, 33, 34, 35, 48, 49, 50, 51, 52, 53, 54, 55, 56, 57, 58, 59, 151, 152, 153, 154]
[16:51:35.465106210|thread 2973197|cpu 248] [info ] App peer CPU set: [8, 9, 10, 11, 168, 169, 170, 171, 172, 173, 174, 175, 176, 177, 178, 179, 192, 193, 194, 195, 196, 197, 198, 199, 200, 201, 202, 203]
[16:51:35.465111447|thread 2973197|cpu 248] [warning] Helper CPU list is empty; helper threads will float on app cpu set.
[16:51:35.465129219|thread 2973197|cpu 248] [info ] Memory allocation policy set to numa 0
[16:51:35.465130431|thread 2973197|cpu 248] [info ] Configured instance 0,4 using resource map (/home/jhan/workspace/tron-amx/gen/../config/resource-map.yaml).
[16:51:35.465202617|thread 2973197|cpu 248] [info ] App CPU list: 151-152,24-29,48-53,153-154,30-35,54-59
[16:51:35.465209110|thread 2973197|cpu 248] [info ] App CPU set: [24, 25, 26, 27, 28, 29, 30, 31, 32, 33, 34, 35, 48, 49, 50, 51, 52, 53, 54, 55, 56, 57, 58, 59, 151, 152, 153, 154]
[16:51:35.465210178|thread 2973197|cpu 248] [info ] App peer CPU set: [8, 9, 10, 11, 168, 169, 170, 171, 172, 173, 174, 175, 176, 177, 178, 179, 192, 193, 194, 195, 196, 197, 198, 199, 200, 201, 202, 203]
[16:51:35.465212718|thread 2973197|cpu 248] [info ] Memory allocation policy set to numa 0
[16:51:35.465217081|thread 2973197|cpu 248] [info ] INIT: Beginning pos_startup()
[16:51:35.465218461|thread 2973197|cpu 248] [info ] INIT: Beginning pos_startup_host()
[16:51:35.465221772|thread 2973197|cpu 248] [info ] Version: 2026.08.19-1407f48d-jhan-amx-p0-dirty hash: 1407f48ddb370b27907a9bf9e39f8d6002aa3ee0
[16:51:35.465223989|thread 2973197|cpu 248] [info ] INIT: System optimization for Intel with 144 cores and 2 numa nodes.
[16:51:35.465225468|thread 2973197|cpu 248] [info ] INIT: Pinning application cores to 151-152,24-29,48-53,153-154,30-35,54-59.
[16:51:35.465258930|thread 2973197|cpu 248] [info ] INIT: Pinning device driver cores to 3,4.
[16:51:35.465277265|thread 2973197|cpu 248] [info ] INIT: NUMA set to 0.
[16:51:35.465413092|thread 2973197|cpu 248] [debug] INIT: Allocating 128 hugepages from /dev/hugepages/amx-co2* on numa 0
[16:51:45.017197497|thread 2973197|cpu 248] [info ] pos_heap_setup: using arena allocator (pos_heap_v2)
[16:51:45.017423640|thread 2973197|cpu 248] [info ] heap_v2: pool expanded by 128 hugepages (128 GiB)
[16:51:45.017427255|thread 2973197|cpu 248] [info ] INIT: pos_startup_host() completed
[16:51:45.022452428|thread 2973197|cpu 248] [debug] Allocator initialized for base: 0x00000000000000, capacity: 0x00000040000000, alignment: 512,  padding 0
[16:51:45.031466195|thread 2973197|cpu 248] [debug] Allocator initialized for base: 0x00000000000000, capacity: 0x00000040000000, alignment: 512,  padding 0
[16:51:45.036305251|thread 2973197|cpu 248] [info ] Found 2 Positron devices
[16:51:45.578269565|thread 2973197|cpu 248] [debug] Dev 10:00.0 pre-blind_reset mailbox_update_addr: mailbox_update_addr: Addr: 7322afffc010 Bar: 2 Offset: 200010 Flags: RW RAW:100005000 {mailbox_update_addr_fields {address[63:0]:4294987776 (hex:  100005000), }}
[16:51:45.578272780|thread 2980640|cpu 248] [debug] Dev 13:00.0 pre-blind_reset mailbox_update_addr: mailbox_update_addr: Addr: 7322efffc010 Bar: 2 Offset: 200010 Flags: RW RAW:100005800 {mailbox_update_addr_fields {address[63:0]:4294989824 (hex:  100005800), }}
[16:51:45.578323774|thread 2980640|cpu 248] [debug] Dev 13:00.0 pre-blind_reset mono_results_counter: mono_results_counter: Addr: 7322efffc018 Bar: 2 Offset: 200018 Flags: RW RAW:7300 {mono_results_counter_fields {counter[15:0]:29440 (hex:  7300), }}
[16:51:45.578290164|thread 2973197|cpu 248] [debug] Dev 10:00.0 pre-blind_reset mono_results_counter: mono_results_counter: Addr: 7322afffc018 Bar: 2 Offset: 200018 Flags: RW RAW:a840 {mono_results_counter_fields {counter[15:0]:43072 (hex:  a840), }}
[16:51:45.578403846|thread 2980640|cpu 248] [warning] Dev 13:00.0 blind_reset: mailbox host write survived soft_reset (enable=true, target_iova=0x100005800); force-clearing
[16:51:45.578407220|thread 2973197|cpu 248] [warning] Dev 10:00.0 blind_reset: mailbox host write survived soft_reset (enable=true, target_iova=0x100005000); force-clearing
[16:51:45.578409195|thread 2980640|cpu 248] [warning] Dev 13:00.0 blind_reset: tracer host write survived soft_reset (enable=true, target_iova=0x100005c00); force-clearing
[16:51:45.578412137|thread 2973197|cpu 248] [warning] Dev 10:00.0 blind_reset: tracer host write survived soft_reset (enable=true, target_iova=0x100005400); force-clearing
[16:51:45.578427035|thread 2980640|cpu 248] [warning] Dev 13:00.0 blind_reset: queue[0] host write survived soft_reset (ctrl=0x0, target_iova=0x100002000); force-clearing
[16:51:45.578429481|thread 2973197|cpu 248] [warning] Dev 10:00.0 blind_reset: queue[0] host write survived soft_reset (ctrl=0x0, target_iova=0x100000000); force-clearing
[16:51:45.578434444|thread 2980640|cpu 248] [warning] Dev 13:00.0 blind_reset: queue[2049] host write survived soft_reset (ctrl=0x0, target_iova=0x100002400); force-clearing
[16:51:45.578436818|thread 2973197|cpu 248] [warning] Dev 10:00.0 blind_reset: queue[2049] host write survived soft_reset (ctrl=0x0, target_iova=0x100000400); force-clearing
[16:51:45.578441715|thread 2980640|cpu 248] [warning] Dev 13:00.0 blind_reset: queue[2] host write survived soft_reset (ctrl=0x0, target_iova=0x100002800); force-clearing
[16:51:45.578444589|thread 2973197|cpu 248] [warning] Dev 10:00.0 blind_reset: queue[2] host write survived soft_reset (ctrl=0x0, target_iova=0x100000800); force-clearing
[16:51:45.578448952|thread 2980640|cpu 248] [warning] Dev 13:00.0 blind_reset: queue[2051] host write survived soft_reset (ctrl=0x0, target_iova=0x100002c00); force-clearing
[16:51:45.578451856|thread 2973197|cpu 248] [warning] Dev 10:00.0 blind_reset: queue[2051] host write survived soft_reset (ctrl=0x0, target_iova=0x100000c00); force-clearing
[16:51:45.578456373|thread 2980640|cpu 248] [warning] Dev 13:00.0 blind_reset: queue[4] host write survived soft_reset (ctrl=0x0, target_iova=0x100002000); force-clearing
[16:51:45.578459190|thread 2973197|cpu 248] [warning] Dev 10:00.0 blind_reset: queue[4] host write survived soft_reset (ctrl=0x0, target_iova=0x100000000); force-clearing
[16:51:45.578463607|thread 2980640|cpu 248] [warning] Dev 13:00.0 blind_reset: queue[2053] host write survived soft_reset (ctrl=0x0, target_iova=0x100002400); force-clearing
[16:51:45.578466441|thread 2973197|cpu 248] [warning] Dev 10:00.0 blind_reset: queue[2053] host write survived soft_reset (ctrl=0x0, target_iova=0x100000400); force-clearing
[16:51:45.578470799|thread 2980640|cpu 248] [warning] Dev 13:00.0 blind_reset: queue[6] host write survived soft_reset (ctrl=0x0, target_iova=0x100002800); force-clearing
[16:51:45.578473328|thread 2973197|cpu 248] [warning] Dev 10:00.0 blind_reset: queue[6] host write survived soft_reset (ctrl=0x0, target_iova=0x100000800); force-clearing
[16:51:45.578482530|thread 2980640|cpu 248] [warning] Dev 13:00.0 blind_reset: queue[2055] host write survived soft_reset (ctrl=0x0, target_iova=0x100002c00); force-clearing
[16:51:45.578489221|thread 2973197|cpu 248] [warning] Dev 10:00.0 blind_reset: queue[2055] host write survived soft_reset (ctrl=0x0, target_iova=0x100000c00); force-clearing
[16:51:45.578527951|thread 2973197|cpu 248] [info ] Dev 10:00.0: Bitfile Release Code 01.05.08.00 Release Date 06-16-2026
[16:51:45.578535680|thread 2980640|cpu 248] [info ] Dev 13:00.0: Bitfile Release Code 01.05.08.00 Release Date 06-16-2026
[16:51:45.578537903|thread 2973197|cpu 248] [debug] Dev 10:00.0 init counters post-store: act_slots_free=&0x732380004000 val=2048 mm_in_flight=&0x732380004400 val=0 (num_activ_slots=2048)
[16:51:45.578545688|thread 2980640|cpu 248] [debug] Dev 13:00.0 init counters post-store: act_slots_free=&0x732380004800 val=2048 mm_in_flight=&0x732380004c00 val=0 (num_activ_slots=2048)
[16:51:45.689690224|thread 2980640|cpu 248] [debug] Device { idx: 1 addr: 13:00.0 pci_devid: 0x0011 iommu_group: 76 vfio_fd: 10 tx_ready: false rx_ready: false }
  offsets { bar2: 0x4000000000 bar4: 0x8000000000 mmsm_reg: 0x0 amem: 0x4030000000 rmem: 0x4020000000 metadata: 0x4000701000 hbm_north: 0x0 hbm_south: 0x1000000000 hbm_kv: 0x800000000 pos_device: 0xffff8cdd80000000 pos_host: 0x732280000000 }
  caps { col_depth: 128 num_cols: 128 num_fetchers: 32 num_activ_slots: 2048 max_activ_size_slots: 255 rmem_width: 32 pchan_size_bytes: 1073741824 attn_supported: true }
[16:51:45.689698456|thread 2980640|cpu 248] [debug] Dev 13:00.0 init counters end-of-init: act_slots_free=&0x732380004800 val=2048 mm_in_flight=&0x732380004c00 val=0 | mcnt_mbox=&0x732380005000 tracer_mbox=&0x732380005400
[16:51:45.689718308|thread 2973197|cpu 248] [debug] Device { idx: 0 addr: 10:00.0 pci_devid: 0x0011 iommu_group: 73 vfio_fd: 9 tx_ready: false rx_ready: false }
  offsets { bar2: 0x4000000000 bar4: 0x8000000000 mmsm_reg: 0x0 amem: 0x4030000000 rmem: 0x4020000000 metadata: 0x4000701000 hbm_north: 0x0 hbm_south: 0x1000000000 hbm_kv: 0x800000000 pos_device: 0xffff8cdd80000000 pos_host: 0x732280000000 }
  caps { col_depth: 128 num_cols: 128 num_fetchers: 32 num_activ_slots: 2048 max_activ_size_slots: 255 rmem_width: 32 pchan_size_bytes: 1073741824 attn_supported: true }
[16:51:45.689726868|thread 2973197|cpu 248] [debug] Dev 10:00.0 init counters end-of-init: act_slots_free=&0x732380004000 val=2048 mm_in_flight=&0x732380004400 val=0 | mcnt_mbox=&0x732380005800 tracer_mbox=&0x732380005c00
[16:51:45.689772362|thread 2973197|cpu 248] [info ] INIT: pos_startup() completed
[16:51:45.689866255|thread 2973197|cpu 248] [debug] INIT: First call to get_devices() detected, spawning workers
[16:51:45.690018414|thread 2973197|cpu 248] [debug] INIT: waiting for workers to be ready
[16:51:45.690348992|thread 2981441|cpu 248] [info ] [0;32mTx Worker for device 10:00.0 is ready on core 3[0m
[16:51:45.690408183|thread 2981443|cpu 248] [info ] [0;32mTx Worker for device 13:00.0 is ready on core 4[0m
[16:51:45.690493893|thread 2981445|cpu 248] [info ] [0;32mRx Worker for device 10:00.0 is ready on core 147[0m
[16:51:45.690543220|thread 2981446|cpu 248] [info ] [0;32mRx Worker for device 13:00.0 is ready on core 148[0m
[16:51:45.690567747|thread 2973197|cpu 248] [debug] INIT: All workers ready!
[16:51:45.696937037|thread 2973197|cpu 248] [info ] Creating tokenizer for path: /opt/positron/weights_cache/cached/positron-ai/Qwen--Qwen3-4B-Instruct-2507-ingest-best-gptq-v1
[16:51:45.696993425|thread 2973197|cpu 248] [info ] Loaded tokenizer_config.json with settings:
[16:51:45.696996179|thread 2973197|cpu 248] [info ]   add_bos_token: false
[16:51:45.696998597|thread 2973197|cpu 248] [info ] Found tokenizer.json, trying HuggingFace Rust tokenizer
[16:51:45.917538110|thread 2973197|cpu 248] [info ] BOS token text: '<none>', EOS token text: '<|im_end|>'
[16:51:45.917553394|thread 2973197|cpu 248] [info ] Using BOS token ID 151643 from model config
[16:51:45.917655143|thread 2973197|cpu 248] [info ] Found EOS token '<|im_end|>' with ID 151645 in tokenizer
[16:51:45.917672025|thread 2973197|cpu 248] [info ] Using stop tokens: 151645,151643
[16:51:46.026301294|thread 2973197|cpu 248] [info ] HF tokenizer: vocab cache populated 151669 from lexicon view
[16:51:46.026391467|thread 2973197|cpu 248] [info ] HuggingFace tokenizer loaded successfully at /opt/positron/weights_cache/cached/positron-ai/Qwen--Qwen3-4B-Instruct-2507-ingest-best-gptq-v1
[16:51:46.026417278|thread 2973197|cpu 248] [info ] Successfully created HuggingFace Rust tokenizer
[16:51:46.161720951|thread 2973197|cpu 248] [warning] replicating prompt of length 3035
[16:51:46.161731963|thread 2973197|cpu 248] [warning] replicating prompt of length 6070
[16:51:46.161735468|thread 2973197|cpu 248] [warning] replicating prompt of length 2014
[16:51:46.161736736|thread 2973197|cpu 248] [warning] replicating prompt of length 4028
[16:51:46.161738094|thread 2973197|cpu 248] [warning] replicating prompt of length 6042
[16:51:46.161739529|thread 2973197|cpu 248] [warning] replicating prompt of length 8056
[16:51:46.161741483|thread 2973197|cpu 248] [warning] replicating prompt of length 8159
[16:51:46.161745046|thread 2973197|cpu 248] [warning] replicating prompt of length 2270
[16:51:46.161746648|thread 2973197|cpu 248] [warning] replicating prompt of length 4540
[16:51:46.161749137|thread 2973197|cpu 248] [warning] replicating prompt of length 6810
[16:51:46.161750074|thread 2973197|cpu 248] [warning] replicating prompt of length 1056
[16:51:46.161751045|thread 2973197|cpu 248] [warning] replicating prompt of length 2112
[16:51:46.161751790|thread 2973197|cpu 248] [warning] replicating prompt of length 3168
[16:51:46.161752468|thread 2973197|cpu 248] [warning] replicating prompt of length 4224
[16:51:46.161754890|thread 2973197|cpu 248] [warning] replicating prompt of length 5280
[16:51:46.161756005|thread 2973197|cpu 248] [warning] replicating prompt of length 6336
[16:51:46.161756823|thread 2973197|cpu 248] [warning] replicating prompt of length 7392
[16:51:46.161757624|thread 2973197|cpu 248] [warning] replicating prompt of length 1193
[16:51:46.161758591|thread 2973197|cpu 248] [warning] replicating prompt of length 2386
[16:51:46.161759377|thread 2973197|cpu 248] [warning] replicating prompt of length 3579
[16:51:46.161760070|thread 2973197|cpu 248] [warning] replicating prompt of length 4772
[16:51:46.161761913|thread 2973197|cpu 248] [warning] replicating prompt of length 5965
[16:51:46.161762749|thread 2973197|cpu 248] [warning] replicating prompt of length 7158
[16:51:46.161763553|thread 2973197|cpu 248] [warning] replicating prompt of length 1359
[16:51:46.161764578|thread 2973197|cpu 248] [warning] replicating prompt of length 2718
[16:51:46.161765396|thread 2973197|cpu 248] [warning] replicating prompt of length 4077
[16:51:46.161766111|thread 2973197|cpu 248] [warning] replicating prompt of length 5436
[16:51:46.161768364|thread 2973197|cpu 248] [warning] replicating prompt of length 6795
[16:51:46.161769269|thread 2973197|cpu 248] [warning] replicating prompt of length 8154
[16:51:46.161769959|thread 2973197|cpu 248] [warning] replicating prompt of length 1300
[16:51:46.161770980|thread 2973197|cpu 248] [warning] replicating prompt of length 2600
[16:51:46.161771761|thread 2973197|cpu 248] [warning] replicating prompt of length 3900
[16:51:46.161772463|thread 2973197|cpu 248] [warning] replicating prompt of length 5200
[16:51:46.161773903|thread 2973197|cpu 248] [warning] replicating prompt of length 6500
[16:51:46.161774676|thread 2973197|cpu 248] [warning] replicating prompt of length 7800
[16:51:46.161775386|thread 2973197|cpu 248] [warning] replicating prompt of length 5028
[16:51:46.161777333|thread 2973197|cpu 248] [warning] replicating prompt of length 2126
[16:51:46.161778652|thread 2973197|cpu 248] [warning] replicating prompt of length 4252
[16:51:46.161787593|thread 2973197|cpu 248] [warning] replicating prompt of length 6378
[16:51:46.161788978|thread 2973197|cpu 248] [warning] replicating prompt of length 945
[16:51:46.161789938|thread 2973197|cpu 248] [warning] replicating prompt of length 1890
[16:51:46.161790716|thread 2973197|cpu 248] [warning] replicating prompt of length 2835
[16:51:46.161791404|thread 2973197|cpu 248] [warning] replicating prompt of length 3780
[16:51:46.161792293|thread 2973197|cpu 248] [warning] replicating prompt of length 4725
[16:51:46.161793005|thread 2973197|cpu 248] [warning] replicating prompt of length 5670
[16:51:46.161793692|thread 2973197|cpu 248] [warning] replicating prompt of length 6615
[16:51:46.161794364|thread 2973197|cpu 248] [warning] replicating prompt of length 7560
[16:51:46.161797058|thread 2973197|cpu 248] [warning] replicating prompt of length 1250
[16:51:46.161798122|thread 2973197|cpu 248] [warning] replicating prompt of length 2500
[16:51:46.161798912|thread 2973197|cpu 248] [warning] replicating prompt of length 3750
[16:51:46.161799869|thread 2973197|cpu 248] [warning] replicating prompt of length 5000
[16:51:46.161802278|thread 2973197|cpu 248] [warning] replicating prompt of length 6250
[16:51:46.161803382|thread 2973197|cpu 248] [warning] replicating prompt of length 7500
[16:51:46.161804204|thread 2973197|cpu 248] [warning] replicating prompt of length 2490
[16:51:46.161805342|thread 2973197|cpu 248] [warning] replicating prompt of length 4980
[16:51:46.161807618|thread 2973197|cpu 248] [warning] replicating prompt of length 7470
[16:51:46.161808416|thread 2973197|cpu 248] [warning] replicating prompt of length 1064
[16:51:46.161809318|thread 2973197|cpu 248] [warning] replicating prompt of length 2128
[16:51:46.161810076|thread 2973197|cpu 248] [warning] replicating prompt of length 3192
[16:51:46.161810739|thread 2973197|cpu 248] [warning] replicating prompt of length 4256
[16:51:46.161812809|thread 2973197|cpu 248] [warning] replicating prompt of length 5320
[16:51:46.161813604|thread 2973197|cpu 248] [warning] replicating prompt of length 6384
[16:51:46.161814365|thread 2973197|cpu 248] [warning] replicating prompt of length 7448
[16:51:46.161815098|thread 2973197|cpu 248] [warning] replicating prompt of length 1709
[16:51:46.161816555|thread 2973197|cpu 248] [warning] replicating prompt of length 3418
[16:51:46.161818069|thread 2973197|cpu 248] [warning] replicating prompt of length 5127
[16:51:46.161818974|thread 2973197|cpu 248] [warning] replicating prompt of length 6836
[16:51:46.161821387|thread 2973197|cpu 248] [warning] replicating prompt of length 7873
[16:51:46.161824358|thread 2973197|cpu 248] [warning] replicating prompt of length 3255
[16:51:46.161825746|thread 2973197|cpu 248] [warning] replicating prompt of length 6510
[16:51:46.161828745|thread 2973197|cpu 248] [warning] replicating prompt of length 2073
[16:51:46.161829855|thread 2973197|cpu 248] [warning] replicating prompt of length 4146
[16:51:46.161832108|thread 2973197|cpu 248] [warning] replicating prompt of length 6219
[16:51:46.161833106|thread 2973197|cpu 248] [warning] replicating prompt of length 1749
[16:51:46.161834165|thread 2973197|cpu 248] [warning] replicating prompt of length 3498
[16:51:46.161835028|thread 2973197|cpu 248] [warning] replicating prompt of length 5247
[16:51:46.161835839|thread 2973197|cpu 248] [warning] replicating prompt of length 6996
[16:51:46.161838294|thread 2973197|cpu 248] [warning] replicating prompt of length 1243
[16:51:46.161839326|thread 2973197|cpu 248] [warning] replicating prompt of length 2486
[16:51:46.161845744|thread 2973197|cpu 248] [warning] replicating prompt of length 3729
[16:51:46.161846758|thread 2973197|cpu 248] [warning] replicating prompt of length 4972
[16:51:46.161848933|thread 2973197|cpu 248] [warning] replicating prompt of length 6215
[16:51:46.161849903|thread 2973197|cpu 248] [warning] replicating prompt of length 7458
[16:51:46.161850661|thread 2973197|cpu 248] [warning] replicating prompt of length 1628
[16:51:46.161854928|thread 2973197|cpu 248] [warning] replicating prompt of length 3256
[16:51:46.161855796|thread 2973197|cpu 248] [warning] replicating prompt of length 4884
[16:51:46.161856565|thread 2973197|cpu 248] [warning] replicating prompt of length 6512
[16:51:46.161859435|thread 2973197|cpu 248] [warning] replicating prompt of length 8140
[16:51:46.161860195|thread 2973197|cpu 248] [warning] replicating prompt of length 2390
[16:51:46.161861359|thread 2973197|cpu 248] [warning] replicating prompt of length 4780
[16:51:46.161863859|thread 2973197|cpu 248] [warning] replicating prompt of length 7170
[16:51:46.161864728|thread 2973197|cpu 248] [warning] replicating prompt of length 557
[16:51:46.161865633|thread 2973197|cpu 248] [warning] replicating prompt of length 1114
[16:51:46.161866342|thread 2973197|cpu 248] [warning] replicating prompt of length 1671
[16:51:46.161866988|thread 2973197|cpu 248] [warning] replicating prompt of length 2228
[16:51:46.161867750|thread 2973197|cpu 248] [warning] replicating prompt of length 2785
[16:51:46.161868405|thread 2973197|cpu 248] [warning] replicating prompt of length 3342
[16:51:46.161869061|thread 2973197|cpu 248] [warning] replicating prompt of length 3899
[16:51:46.161869723|thread 2973197|cpu 248] [warning] replicating prompt of length 4456
[16:51:46.161871809|thread 2973197|cpu 248] [warning] replicating prompt of length 5013
[16:51:46.161872601|thread 2973197|cpu 248] [warning] replicating prompt of length 5570
[16:51:46.161873376|thread 2973197|cpu 248] [warning] replicating prompt of length 6127
[16:51:46.161874063|thread 2973197|cpu 248] [warning] replicating prompt of length 6684
[16:51:46.161874771|thread 2973197|cpu 248] [warning] replicating prompt of length 7241
[16:51:46.161875481|thread 2973197|cpu 248] [warning] replicating prompt of length 7798
[16:51:46.161876222|thread 2973197|cpu 248] [warning] replicating prompt of length 2355
[16:51:46.161877351|thread 2973197|cpu 248] [warning] replicating prompt of length 4710
[16:51:46.161879567|thread 2973197|cpu 248] [warning] replicating prompt of length 7065
[16:51:46.161880465|thread 2973197|cpu 248] [warning] replicating prompt of length 410
[16:51:46.161881511|thread 2973197|cpu 248] [warning] replicating prompt of length 820
[16:51:46.161882296|thread 2973197|cpu 248] [warning] replicating prompt of length 1230
[16:51:46.161882985|thread 2973197|cpu 248] [warning] replicating prompt of length 1640
[16:51:46.161883743|thread 2973197|cpu 248] [warning] replicating prompt of length 2050
[16:51:46.161884413|thread 2973197|cpu 248] [warning] replicating prompt of length 2460
[16:51:46.161885067|thread 2973197|cpu 248] [warning] replicating prompt of length 2870
[16:51:46.161885705|thread 2973197|cpu 248] [warning] replicating prompt of length 3280
[16:51:46.161886586|thread 2973197|cpu 248] [warning] replicating prompt of length 3690
[16:51:46.161887264|thread 2973197|cpu 248] [warning] replicating prompt of length 4100
[16:51:46.161887904|thread 2973197|cpu 248] [warning] replicating prompt of length 4510
[16:51:46.161888538|thread 2973197|cpu 248] [warning] replicating prompt of length 4920
[16:51:46.161889179|thread 2973197|cpu 248] [warning] replicating prompt of length 5330
[16:51:46.161889814|thread 2973197|cpu 248] [warning] replicating prompt of length 5740
[16:51:46.161890480|thread 2973197|cpu 248] [warning] replicating prompt of length 6150
[16:51:46.161891125|thread 2973197|cpu 248] [warning] replicating prompt of length 6560
[16:51:46.161894038|thread 2973197|cpu 248] [warning] replicating prompt of length 6970
[16:51:46.161894840|thread 2973197|cpu 248] [warning] replicating prompt of length 7380
[16:51:46.161895501|thread 2973197|cpu 248] [warning] replicating prompt of length 7790
[16:51:46.161896169|thread 2973197|cpu 248] [warning] replicating prompt of length 1722
[16:51:46.161897157|thread 2973197|cpu 248] [warning] replicating prompt of length 3444
[16:51:46.161898008|thread 2973197|cpu 248] [warning] replicating prompt of length 5166
[16:51:46.161898783|thread 2973197|cpu 248] [warning] replicating prompt of length 6888
[16:51:46.161902033|thread 2973197|cpu 248] [warning] replicating prompt of length 2378
[16:51:46.161903358|thread 2973197|cpu 248] [warning] replicating prompt of length 4756
[16:51:46.161905514|thread 2973197|cpu 248] [warning] replicating prompt of length 7134
[16:51:46.161906405|thread 2973197|cpu 248] [warning] replicating prompt of length 1980
[16:51:46.161907560|thread 2973197|cpu 248] [warning] replicating prompt of length 3960
[16:51:46.161908504|thread 2973197|cpu 248] [warning] replicating prompt of length 5940
[16:51:46.161909337|thread 2973197|cpu 248] [warning] replicating prompt of length 7920
[16:51:46.161911889|thread 2973197|cpu 248] [warning] replicating prompt of length 1756
[16:51:46.161913006|thread 2973197|cpu 248] [warning] replicating prompt of length 3512
[16:51:46.161913969|thread 2973197|cpu 248] [warning] replicating prompt of length 5268
[16:51:46.161914825|thread 2973197|cpu 248] [warning] replicating prompt of length 7024
[16:51:46.161917148|thread 2973197|cpu 248] [warning] replicating prompt of length 411
[16:51:46.161917936|thread 2973197|cpu 248] [warning] replicating prompt of length 822
[16:51:46.161918669|thread 2973197|cpu 248] [warning] replicating prompt of length 1233
[16:51:46.161919354|thread 2973197|cpu 248] [warning] replicating prompt of length 1644
[16:51:46.161920117|thread 2973197|cpu 248] [warning] replicating prompt of length 2055
[16:51:46.161920788|thread 2973197|cpu 248] [warning] replicating prompt of length 2466
[16:51:46.161921437|thread 2973197|cpu 248] [warning] replicating prompt of length 2877
[16:51:46.161922080|thread 2973197|cpu 248] [warning] replicating prompt of length 3288
[16:51:46.161922872|thread 2973197|cpu 248] [warning] replicating prompt of length 3699
[16:51:46.161923526|thread 2973197|cpu 248] [warning] replicating prompt of length 4110
[16:51:46.161924180|thread 2973197|cpu 248] [warning] replicating prompt of length 4521
[16:51:46.161924829|thread 2973197|cpu 248] [warning] replicating prompt of length 4932
[16:51:46.161925471|thread 2973197|cpu 248] [warning] replicating prompt of length 5343
[16:51:46.161926103|thread 2973197|cpu 248] [warning] replicating prompt of length 5754
[16:51:46.161926731|thread 2973197|cpu 248] [warning] replicating prompt of length 6165
[16:51:46.161927364|thread 2973197|cpu 248] [warning] replicating prompt of length 6576
[16:51:46.161929901|thread 2973197|cpu 248] [warning] replicating prompt of length 6987
[16:51:46.161930643|thread 2973197|cpu 248] [warning] replicating prompt of length 7398
[16:51:46.161931298|thread 2973197|cpu 248] [warning] replicating prompt of length 7809
[16:51:46.161932007|thread 2973197|cpu 248] [warning] replicating prompt of length 1269
[16:51:46.161932933|thread 2973197|cpu 248] [warning] replicating prompt of length 2538
[16:51:46.161933737|thread 2973197|cpu 248] [warning] replicating prompt of length 3807
[16:51:46.161934444|thread 2973197|cpu 248] [warning] replicating prompt of length 5076
[16:51:46.161936798|thread 2973197|cpu 248] [warning] replicating prompt of length 6345
[16:51:46.161937662|thread 2973197|cpu 248] [warning] replicating prompt of length 7614
[16:51:46.161938452|thread 2973197|cpu 248] [warning] replicating prompt of length 2285
[16:51:46.161939648|thread 2973197|cpu 248] [warning] replicating prompt of length 4570
[16:51:46.161941989|thread 2973197|cpu 248] [warning] replicating prompt of length 6855
[16:51:46.161942904|thread 2973197|cpu 248] [warning] replicating prompt of length 435
[16:51:46.161943692|thread 2973197|cpu 248] [warning] replicating prompt of length 870
[16:51:46.161944434|thread 2973197|cpu 248] [warning] replicating prompt of length 1305
[16:51:46.161947874|thread 2973197|cpu 248] [warning] replicating prompt of length 1740
[16:51:46.161948776|thread 2973197|cpu 248] [warning] replicating prompt of length 2175
[16:51:46.161949429|thread 2973197|cpu 248] [warning] replicating prompt of length 2610
[16:51:46.161950063|thread 2973197|cpu 248] [warning] replicating prompt of length 3045
[16:51:46.161950717|thread 2973197|cpu 248] [warning] replicating prompt of length 3480
[16:51:46.161952424|thread 2973197|cpu 248] [warning] replicating prompt of length 3915
[16:51:46.161953083|thread 2973197|cpu 248] [warning] replicating prompt of length 4350
[16:51:46.161953724|thread 2973197|cpu 248] [warning] replicating prompt of length 4785
[16:51:46.161954379|thread 2973197|cpu 248] [warning] replicating prompt of length 5220
[16:51:46.161955027|thread 2973197|cpu 248] [warning] replicating prompt of length 5655
[16:51:46.161955666|thread 2973197|cpu 248] [warning] replicating prompt of length 6090
[16:51:46.161956301|thread 2973197|cpu 248] [warning] replicating prompt of length 6525
[16:51:46.161956935|thread 2973197|cpu 248] [warning] replicating prompt of length 6960
[16:51:46.161959477|thread 2973197|cpu 248] [warning] replicating prompt of length 7395
[16:51:46.161960370|thread 2973197|cpu 248] [warning] replicating prompt of length 7830
[16:51:46.161961299|thread 2973197|cpu 248] [warning] replicating prompt of length 386
[16:51:46.161962061|thread 2973197|cpu 248] [warning] replicating prompt of length 772
[16:51:46.161962772|thread 2973197|cpu 248] [warning] replicating prompt of length 1158
[16:51:46.161963418|thread 2973197|cpu 248] [warning] replicating prompt of length 1544
[16:51:46.161964257|thread 2973197|cpu 248] [warning] replicating prompt of length 1930
[16:51:46.161964917|thread 2973197|cpu 248] [warning] replicating prompt of length 2316
[16:51:46.161965569|thread 2973197|cpu 248] [warning] replicating prompt of length 2702
[16:51:46.161966224|thread 2973197|cpu 248] [warning] replicating prompt of length 3088
[16:51:46.161967049|thread 2973197|cpu 248] [warning] replicating prompt of length 3474
[16:51:46.161967692|thread 2973197|cpu 248] [warning] replicating prompt of length 3860
[16:51:46.161968325|thread 2973197|cpu 248] [warning] replicating prompt of length 4246
[16:51:46.161968960|thread 2973197|cpu 248] [warning] replicating prompt of length 4632
[16:51:46.161969611|thread 2973197|cpu 248] [warning] replicating prompt of length 5018
[16:51:46.161970238|thread 2973197|cpu 248] [warning] replicating prompt of length 5404
[16:51:46.161970880|thread 2973197|cpu 248] [warning] replicating prompt of length 5790
[16:51:46.161971517|thread 2973197|cpu 248] [warning] replicating prompt of length 6176
[16:51:46.161973773|thread 2973197|cpu 248] [warning] replicating prompt of length 6562
[16:51:46.161974509|thread 2973197|cpu 248] [warning] replicating prompt of length 6948
[16:51:46.161975165|thread 2973197|cpu 248] [warning] replicating prompt of length 7334
[16:51:46.161975855|thread 2973197|cpu 248] [warning] replicating prompt of length 7720
[16:51:46.161976523|thread 2973197|cpu 248] [warning] replicating prompt of length 8106
[16:51:46.161977231|thread 2973197|cpu 248] [warning] replicating prompt of length 1071
[16:51:46.161978169|thread 2973197|cpu 248] [warning] replicating prompt of length 2142
[16:51:46.161978969|thread 2973197|cpu 248] [warning] replicating prompt of length 3213
[16:51:46.161979647|thread 2973197|cpu 248] [warning] replicating prompt of length 4284
[16:51:46.161982207|thread 2973197|cpu 248] [warning] replicating prompt of length 5355
[16:51:46.161983055|thread 2973197|cpu 248] [warning] replicating prompt of length 6426
[16:51:46.161983851|thread 2973197|cpu 248] [warning] replicating prompt of length 7497
[16:51:46.161984607|thread 2973197|cpu 248] [warning] replicating prompt of length 143
[16:51:46.161985527|thread 2973197|cpu 248] [warning] replicating prompt of length 286
[16:51:46.161986241|thread 2973197|cpu 248] [warning] replicating prompt of length 429
[16:51:46.161986921|thread 2973197|cpu 248] [warning] replicating prompt of length 572
[16:51:46.161987639|thread 2973197|cpu 248] [warning] replicating prompt of length 715
[16:51:46.161988306|thread 2973197|cpu 248] [warning] replicating prompt of length 858
[16:51:46.161988946|thread 2973197|cpu 248] [warning] replicating prompt of length 1001
[16:51:46.161989610|thread 2973197|cpu 248] [warning] replicating prompt of length 1144
[16:51:46.161991079|thread 2973197|cpu 248] [warning] replicating prompt of length 1287
[16:51:46.161991721|thread 2973197|cpu 248] [warning] replicating prompt of length 1430
[16:51:46.161992347|thread 2973197|cpu 248] [warning] replicating prompt of length 1573
[16:51:46.161992984|thread 2973197|cpu 248] [warning] replicating prompt of length 1716
[16:51:46.161993623|thread 2973197|cpu 248] [warning] replicating prompt of length 1859
[16:51:46.161994267|thread 2973197|cpu 248] [warning] replicating prompt of length 2002
[16:51:46.161994901|thread 2973197|cpu 248] [warning] replicating prompt of length 2145
[16:51:46.161995568|thread 2973197|cpu 248] [warning] replicating prompt of length 2288
[16:51:46.161996339|thread 2973197|cpu 248] [warning] replicating prompt of length 2431
[16:51:46.161996985|thread 2973197|cpu 248] [warning] replicating prompt of length 2574
[16:51:46.161997628|thread 2973197|cpu 248] [warning] replicating prompt of length 2717
[16:51:46.161998277|thread 2973197|cpu 248] [warning] replicating prompt of length 2860
[16:51:46.161998909|thread 2973197|cpu 248] [warning] replicating prompt of length 3003
[16:51:46.161999562|thread 2973197|cpu 248] [warning] replicating prompt of length 3146
[16:51:46.162000187|thread 2973197|cpu 248] [warning] replicating prompt of length 3289
[16:51:46.162000813|thread 2973197|cpu 248] [warning] replicating prompt of length 3432
[16:51:46.162001469|thread 2973197|cpu 248] [warning] replicating prompt of length 3575
[16:51:46.162002104|thread 2973197|cpu 248] [warning] replicating prompt of length 3718
[16:51:46.162002733|thread 2973197|cpu 248] [warning] replicating prompt of length 3861
[16:51:46.162003376|thread 2973197|cpu 248] [warning] replicating prompt of length 4004
[16:51:46.162004000|thread 2973197|cpu 248] [warning] replicating prompt of length 4147
[16:51:46.162004649|thread 2973197|cpu 248] [warning] replicating prompt of length 4290
[16:51:46.162005287|thread 2973197|cpu 248] [warning] replicating prompt of length 4433
[16:51:46.162005925|thread 2973197|cpu 248] [warning] replicating prompt of length 4576
[16:51:46.162008051|thread 2973197|cpu 248] [warning] replicating prompt of length 4719
[16:51:46.162008747|thread 2973197|cpu 248] [warning] replicating prompt of length 4862
[16:51:46.162009374|thread 2973197|cpu 248] [warning] replicating prompt of length 5005
[16:51:46.162009997|thread 2973197|cpu 248] [warning] replicating prompt of length 5148
[16:51:46.162010637|thread 2973197|cpu 248] [warning] replicating prompt of length 5291
[16:51:46.162011313|thread 2973197|cpu 248] [warning] replicating prompt of length 5434
[16:51:46.162011940|thread 2973197|cpu 248] [warning] replicating prompt of length 5577
[16:51:46.162012590|thread 2973197|cpu 248] [warning] replicating prompt of length 5720
[16:51:46.162013216|thread 2973197|cpu 248] [warning] replicating prompt of length 5863
[16:51:46.162013847|thread 2973197|cpu 248] [warning] replicating prompt of length 6006
[16:51:46.162014477|thread 2973197|cpu 248] [warning] replicating prompt of length 6149
[16:51:46.162015114|thread 2973197|cpu 248] [warning] replicating prompt of length 6292
[16:51:46.162015804|thread 2973197|cpu 248] [warning] replicating prompt of length 6435
[16:51:46.162016445|thread 2973197|cpu 248] [warning] replicating prompt of length 6578
[16:51:46.162017083|thread 2973197|cpu 248] [warning] replicating prompt of length 6721
[16:51:46.162017712|thread 2973197|cpu 248] [warning] replicating prompt of length 6864
[16:51:46.162018347|thread 2973197|cpu 248] [warning] replicating prompt of length 7007
[16:51:46.162018992|thread 2973197|cpu 248] [warning] replicating prompt of length 7150
[16:51:46.162021771|thread 2973197|cpu 248] [warning] replicating prompt of length 7293
[16:51:46.162022471|thread 2973197|cpu 248] [warning] replicating prompt of length 7436
[16:51:46.162023133|thread 2973197|cpu 248] [warning] replicating prompt of length 7579
[16:51:46.162023780|thread 2973197|cpu 248] [warning] replicating prompt of length 7722
[16:51:46.162024419|thread 2973197|cpu 248] [warning] replicating prompt of length 7865
[16:51:46.162025748|thread 2973197|cpu 248] [warning] replicating prompt of length 8008
[16:51:46.162026386|thread 2973197|cpu 248] [warning] replicating prompt of length 8151
[16:51:46.162027063|thread 2973197|cpu 248] [warning] replicating prompt of length 99
[16:51:46.162027974|thread 2973197|cpu 248] [warning] replicating prompt of length 198
[16:51:46.162028723|thread 2973197|cpu 248] [warning] replicating prompt of length 297
[16:51:46.162029389|thread 2973197|cpu 248] [warning] replicating prompt of length 396
[16:51:46.162030076|thread 2973197|cpu 248] [warning] replicating prompt of length 495
[16:51:46.162030731|thread 2973197|cpu 248] [warning] replicating prompt of length 594
[16:51:46.162031380|thread 2973197|cpu 248] [warning] replicating prompt of length 693
[16:51:46.162032018|thread 2973197|cpu 248] [warning] replicating prompt of length 792
[16:51:46.162032711|thread 2973197|cpu 248] [warning] replicating prompt of length 891
[16:51:46.162033339|thread 2973197|cpu 248] [warning] replicating prompt of length 990
[16:51:46.162033975|thread 2973197|cpu 248] [warning] replicating prompt of length 1089
[16:51:46.162034655|thread 2973197|cpu 248] [warning] replicating prompt of length 1188
[16:51:46.162035308|thread 2973197|cpu 248] [warning] replicating prompt of length 1287
[16:51:46.162035951|thread 2973197|cpu 248] [warning] replicating prompt of length 1386
[16:51:46.162036588|thread 2973197|cpu 248] [warning] replicating prompt of length 1485
[16:51:46.162037222|thread 2973197|cpu 248] [warning] replicating prompt of length 1584
[16:51:46.162037954|thread 2973197|cpu 248] [warning] replicating prompt of length 1683
[16:51:46.162038586|thread 2973197|cpu 248] [warning] replicating prompt of length 1782
[16:51:46.162039216|thread 2973197|cpu 248] [warning] replicating prompt of length 1881
[16:51:46.162039849|thread 2973197|cpu 248] [warning] replicating prompt of length 1980
[16:51:46.162040480|thread 2973197|cpu 248] [warning] replicating prompt of length 2079
[16:51:46.162041126|thread 2973197|cpu 248] [warning] replicating prompt of length 2178
[16:51:46.162041760|thread 2973197|cpu 248] [warning] replicating prompt of length 2277
[16:51:46.162042396|thread 2973197|cpu 248] [warning] replicating prompt of length 2376
[16:51:46.162043022|thread 2973197|cpu 248] [warning] replicating prompt of length 2475
[16:51:46.162043648|thread 2973197|cpu 248] [warning] replicating prompt of length 2574
[16:51:46.162044289|thread 2973197|cpu 248] [warning] replicating prompt of length 2673
[16:51:46.162044928|thread 2973197|cpu 248] [warning] replicating prompt of length 2772
[16:51:46.162045556|thread 2973197|cpu 248] [warning] replicating prompt of length 2871
[16:51:46.162046190|thread 2973197|cpu 248] [warning] replicating prompt of length 2970
[16:51:46.162046828|thread 2973197|cpu 248] [warning] replicating prompt of length 3069
[16:51:46.162047459|thread 2973197|cpu 248] [warning] replicating prompt of length 3168
[16:51:46.162048356|thread 2973197|cpu 248] [warning] replicating prompt of length 3267
[16:51:46.162049008|thread 2973197|cpu 248] [warning] replicating prompt of length 3366
[16:51:46.162049635|thread 2973197|cpu 248] [warning] replicating prompt of length 3465
[16:51:46.162050265|thread 2973197|cpu 248] [warning] replicating prompt of length 3564
[16:51:46.162050897|thread 2973197|cpu 248] [warning] replicating prompt of length 3663
[16:51:46.162051525|thread 2973197|cpu 248] [warning] replicating prompt of length 3762
[16:51:46.162052165|thread 2973197|cpu 248] [warning] replicating prompt of length 3861
[16:51:46.162052791|thread 2973197|cpu 248] [warning] replicating prompt of length 3960
[16:51:46.162053423|thread 2973197|cpu 248] [warning] replicating prompt of length 4059
[16:51:46.162054055|thread 2973197|cpu 248] [warning] replicating prompt of length 4158
[16:51:46.162054682|thread 2973197|cpu 248] [warning] replicating prompt of length 4257
[16:51:46.162055319|thread 2973197|cpu 248] [warning] replicating prompt of length 4356
[16:51:46.162056651|thread 2973197|cpu 248] [warning] replicating prompt of length 4455
[16:51:46.162057289|thread 2973197|cpu 248] [warning] replicating prompt of length 4554
[16:51:46.162057924|thread 2973197|cpu 248] [warning] replicating prompt of length 4653
[16:51:46.162058562|thread 2973197|cpu 248] [warning] replicating prompt of length 4752
[16:51:46.162059199|thread 2973197|cpu 248] [warning] replicating prompt of length 4851
[16:51:46.162059823|thread 2973197|cpu 248] [warning] replicating prompt of length 4950
[16:51:46.162060446|thread 2973197|cpu 248] [warning] replicating prompt of length 5049
[16:51:46.162061074|thread 2973197|cpu 248] [warning] replicating prompt of length 5148
[16:51:46.162061702|thread 2973197|cpu 248] [warning] replicating prompt of length 5247
[16:51:46.162062326|thread 2973197|cpu 248] [warning] replicating prompt of length 5346
[16:51:46.162062951|thread 2973197|cpu 248] [warning] replicating prompt of length 5445
[16:51:46.162063576|thread 2973197|cpu 248] [warning] replicating prompt of length 5544
[16:51:46.162064213|thread 2973197|cpu 248] [warning] replicating prompt of length 5643
[16:51:46.162064837|thread 2973197|cpu 248] [warning] replicating prompt of length 5742
[16:51:46.162065463|thread 2973197|cpu 248] [warning] replicating prompt of length 5841
[16:51:46.162066090|thread 2973197|cpu 248] [warning] replicating prompt of length 5940
[16:51:46.162066716|thread 2973197|cpu 248] [warning] replicating prompt of length 6039
[16:51:46.162067350|thread 2973197|cpu 248] [warning] replicating prompt of length 6138
[16:51:46.162067975|thread 2973197|cpu 248] [warning] replicating prompt of length 6237
[16:51:46.162068612|thread 2973197|cpu 248] [warning] replicating prompt of length 6336
[16:51:46.162070943|thread 2973197|cpu 248] [warning] replicating prompt of length 6435
[16:51:46.162071653|thread 2973197|cpu 248] [warning] replicating prompt of length 6534
[16:51:46.162072287|thread 2973197|cpu 248] [warning] replicating prompt of length 6633
[16:51:46.162072926|thread 2973197|cpu 248] [warning] replicating prompt of length 6732
[16:51:46.162073552|thread 2973197|cpu 248] [warning] replicating prompt of length 6831
[16:51:46.162074190|thread 2973197|cpu 248] [warning] replicating prompt of length 6930
[16:51:46.162074816|thread 2973197|cpu 248] [warning] replicating prompt of length 7029
[16:51:46.162075452|thread 2973197|cpu 248] [warning] replicating prompt of length 7128
[16:51:46.162076096|thread 2973197|cpu 248] [warning] replicating prompt of length 7227
[16:51:46.162076729|thread 2973197|cpu 248] [warning] replicating prompt of length 7326
[16:51:46.162077388|thread 2973197|cpu 248] [warning] replicating prompt of length 7425
[16:51:46.162078019|thread 2973197|cpu 248] [warning] replicating prompt of length 7524
[16:51:46.162078655|thread 2973197|cpu 248] [warning] replicating prompt of length 7623
[16:51:46.162079283|thread 2973197|cpu 248] [warning] replicating prompt of length 7722
[16:51:46.162079909|thread 2973197|cpu 248] [warning] replicating prompt of length 7821
[16:51:46.162080537|thread 2973197|cpu 248] [warning] replicating prompt of length 7920
[16:51:46.162081162|thread 2973197|cpu 248] [warning] replicating prompt of length 8019
[16:51:46.162081806|thread 2973197|cpu 248] [warning] replicating prompt of length 8118
[16:51:46.162082469|thread 2973197|cpu 248] [warning] replicating prompt of length 310
[16:51:46.162083248|thread 2973197|cpu 248] [warning] replicating prompt of length 620
[16:51:46.162083955|thread 2973197|cpu 248] [warning] replicating prompt of length 930
[16:51:46.162084616|thread 2973197|cpu 248] [warning] replicating prompt of length 1240
[16:51:46.162087383|thread 2973197|cpu 248] [warning] replicating prompt of length 1550
[16:51:46.162088082|thread 2973197|cpu 248] [warning] replicating prompt of length 1860
[16:51:46.162088742|thread 2973197|cpu 248] [warning] replicating prompt of length 2170
[16:51:46.162089388|thread 2973197|cpu 248] [warning] replicating prompt of length 2480
[16:51:46.162090196|thread 2973197|cpu 248] [warning] replicating prompt of length 2790
[16:51:46.162091593|thread 2973197|cpu 248] [warning] replicating prompt of length 3100
[16:51:46.162092256|thread 2973197|cpu 248] [warning] replicating prompt of length 3410
[16:51:46.162093174|thread 2973197|cpu 248] [warning] replicating prompt of length 3720
[16:51:46.162093809|thread 2973197|cpu 248] [warning] replicating prompt of length 4030
[16:51:46.162094443|thread 2973197|cpu 248] [warning] replicating prompt of length 4340
[16:51:46.162095089|thread 2973197|cpu 248] [warning] replicating prompt of length 4650
[16:51:46.162095727|thread 2973197|cpu 248] [warning] replicating prompt of length 4960
[16:51:46.162097770|thread 2973197|cpu 248] [warning] replicating prompt of length 5270
[16:51:46.162098551|thread 2973197|cpu 248] [warning] replicating prompt of length 5580
[16:51:46.162099175|thread 2973197|cpu 248] [warning] replicating prompt of length 5890
[16:51:46.162099867|thread 2973197|cpu 248] [warning] replicating prompt of length 6200
[16:51:46.162100501|thread 2973197|cpu 248] [warning] replicating prompt of length 6510
[16:51:46.162101138|thread 2973197|cpu 248] [warning] replicating prompt of length 6820
[16:51:46.162101814|thread 2973197|cpu 248] [warning] replicating prompt of length 7130
[16:51:46.162102445|thread 2973197|cpu 248] [warning] replicating prompt of length 7440
[16:51:46.162103072|thread 2973197|cpu 248] [warning] replicating prompt of length 7750
[16:51:46.162103718|thread 2973197|cpu 248] [warning] replicating prompt of length 8060
[16:51:46.162104395|thread 2973197|cpu 248] [warning] replicating prompt of length 167
[16:51:46.162105207|thread 2973197|cpu 248] [warning] replicating prompt of length 334
[16:51:46.162105993|thread 2973197|cpu 248] [warning] replicating prompt of length 501
[16:51:46.162106659|thread 2973197|cpu 248] [warning] replicating prompt of length 668
[16:51:46.162107418|thread 2973197|cpu 248] [warning] replicating prompt of length 835
[16:51:46.162108061|thread 2973197|cpu 248] [warning] replicating prompt of length 1002
[16:51:46.162108733|thread 2973197|cpu 248] [warning] replicating prompt of length 1169
[16:51:46.162109384|thread 2973197|cpu 248] [warning] replicating prompt of length 1336
[16:51:46.162110139|thread 2973197|cpu 248] [warning] replicating prompt of length 1503
[16:51:46.162110782|thread 2973197|cpu 248] [warning] replicating prompt of length 1670
[16:51:46.162111421|thread 2973197|cpu 248] [warning] replicating prompt of length 1837
[16:51:46.162112058|thread 2973197|cpu 248] [warning] replicating prompt of length 2004
[16:51:46.162112687|thread 2973197|cpu 248] [warning] replicating prompt of length 2171
[16:51:46.162113347|thread 2973197|cpu 248] [warning] replicating prompt of length 2338
[16:51:46.162113984|thread 2973197|cpu 248] [warning] replicating prompt of length 2505
[16:51:46.162114627|thread 2973197|cpu 248] [warning] replicating prompt of length 2672
[16:51:46.162115491|thread 2973197|cpu 248] [warning] replicating prompt of length 2839
[16:51:46.162116129|thread 2973197|cpu 248] [warning] replicating prompt of length 3006
[16:51:46.162116758|thread 2973197|cpu 248] [warning] replicating prompt of length 3173
[16:51:46.162117390|thread 2973197|cpu 248] [warning] replicating prompt of length 3340
[16:51:46.162118022|thread 2973197|cpu 248] [warning] replicating prompt of length 3507
[16:51:46.162118678|thread 2973197|cpu 248] [warning] replicating prompt of length 3674
[16:51:46.162119309|thread 2973197|cpu 248] [warning] replicating prompt of length 3841
[16:51:46.162119940|thread 2973197|cpu 248] [warning] replicating prompt of length 4008
[16:51:46.162120568|thread 2973197|cpu 248] [warning] replicating prompt of length 4175
[16:51:46.162121196|thread 2973197|cpu 248] [warning] replicating prompt of length 4342
[16:51:46.162121835|thread 2973197|cpu 248] [warning] replicating prompt of length 4509
[16:51:46.162122467|thread 2973197|cpu 248] [warning] replicating prompt of length 4676
[16:51:46.162123099|thread 2973197|cpu 248] [warning] replicating prompt of length 4843
[16:51:46.162123734|thread 2973197|cpu 248] [warning] replicating prompt of length 5010
[16:51:46.162125153|thread 2973197|cpu 248] [warning] replicating prompt of length 5177
[16:51:46.162125809|thread 2973197|cpu 248] [warning] replicating prompt of length 5344
[16:51:46.162127818|thread 2973197|cpu 248] [warning] replicating prompt of length 5511
[16:51:46.162128545|thread 2973197|cpu 248] [warning] replicating prompt of length 5678
[16:51:46.162129170|thread 2973197|cpu 248] [warning] replicating prompt of length 5845
[16:51:46.162129798|thread 2973197|cpu 248] [warning] replicating prompt of length 6012
[16:51:46.162130423|thread 2973197|cpu 248] [warning] replicating prompt of length 6179
[16:51:46.162131069|thread 2973197|cpu 248] [warning] replicating prompt of length 6346
[16:51:46.162131690|thread 2973197|cpu 248] [warning] replicating prompt of length 6513
[16:51:46.162132344|thread 2973197|cpu 248] [warning] replicating prompt of length 6680
[16:51:46.162132964|thread 2973197|cpu 248] [warning] replicating prompt of length 6847
[16:51:46.162133591|thread 2973197|cpu 248] [warning] replicating prompt of length 7014
[16:51:46.162134223|thread 2973197|cpu 248] [warning] replicating prompt of length 7181
[16:51:46.162134858|thread 2973197|cpu 248] [warning] replicating prompt of length 7348
[16:51:46.162135482|thread 2973197|cpu 248] [warning] replicating prompt of length 7515
[16:51:46.162136121|thread 2973197|cpu 248] [warning] replicating prompt of length 7682
[16:51:46.162136759|thread 2973197|cpu 248] [warning] replicating prompt of length 7849
[16:51:46.162137386|thread 2973197|cpu 248] [warning] replicating prompt of length 8016
[16:51:46.162138021|thread 2973197|cpu 248] [warning] replicating prompt of length 8183
[16:51:46.162138677|thread 2973197|cpu 248] [warning] replicating prompt of length 271
[16:51:46.162139443|thread 2973197|cpu 248] [warning] replicating prompt of length 542
[16:51:46.162140171|thread 2973197|cpu 248] [warning] replicating prompt of length 813
[16:51:46.162140830|thread 2973197|cpu 248] [warning] replicating prompt of length 1084
[16:51:46.162141552|thread 2973197|cpu 248] [warning] replicating prompt of length 1355
[16:51:46.162142211|thread 2973197|cpu 248] [warning] replicating prompt of length 1626
[16:51:46.162142850|thread 2973197|cpu 248] [warning] replicating prompt of length 1897
[16:51:46.162143487|thread 2973197|cpu 248] [warning] replicating prompt of length 2168
[16:51:46.162144333|thread 2973197|cpu 248] [warning] replicating prompt of length 2439
[16:51:46.162144987|thread 2973197|cpu 248] [warning] replicating prompt of length 2710
[16:51:46.162145622|thread 2973197|cpu 248] [warning] replicating prompt of length 2981
[16:51:46.162146250|thread 2973197|cpu 248] [warning] replicating prompt of length 3252
[16:51:46.162146882|thread 2973197|cpu 248] [warning] replicating prompt of length 3523
[16:51:46.162147525|thread 2973197|cpu 248] [warning] replicating prompt of length 3794
[16:51:46.162148166|thread 2973197|cpu 248] [warning] replicating prompt of length 4065
[16:51:46.162148798|thread 2973197|cpu 248] [warning] replicating prompt of length 4336
[16:51:46.162156999|thread 2973197|cpu 248] [warning] replicating prompt of length 4607
[16:51:46.162158376|thread 2973197|cpu 248] [warning] replicating prompt of length 4878
[16:51:46.162159025|thread 2973197|cpu 248] [warning] replicating prompt of length 5149
[16:51:46.162159685|thread 2973197|cpu 248] [warning] replicating prompt of length 5420
[16:51:46.162160361|thread 2973197|cpu 248] [warning] replicating prompt of length 5691
[16:51:46.162160999|thread 2973197|cpu 248] [warning] replicating prompt of length 5962
[16:51:46.162165445|thread 2973197|cpu 248] [warning] replicating prompt of length 6233
[16:51:46.162166212|thread 2973197|cpu 248] [warning] replicating prompt of length 6504
[16:51:46.162166905|thread 2973197|cpu 248] [warning] replicating prompt of length 6775
[16:51:46.162167547|thread 2973197|cpu 248] [warning] replicating prompt of length 7046
[16:51:46.162168192|thread 2973197|cpu 248] [warning] replicating prompt of length 7317
[16:51:46.162169656|thread 2973197|cpu 248] [warning] replicating prompt of length 7588
[16:51:46.162170352|thread 2973197|cpu 248] [warning] replicating prompt of length 7859
[16:51:46.162170992|thread 2973197|cpu 248] [warning] replicating prompt of length 8130
[16:51:46.162171648|thread 2973197|cpu 248] [warning] replicating prompt of length 674
[16:51:46.162172534|thread 2973197|cpu 248] [warning] replicating prompt of length 1348
[16:51:46.162173271|thread 2973197|cpu 248] [warning] replicating prompt of length 2022
[16:51:46.162173926|thread 2973197|cpu 248] [warning] replicating prompt of length 2696
[16:51:46.162174731|thread 2973197|cpu 248] [warning] replicating prompt of length 3370
[16:51:46.162175394|thread 2973197|cpu 248] [warning] replicating prompt of length 4044
[16:51:46.162176059|thread 2973197|cpu 248] [warning] replicating prompt of length 4718
[16:51:46.162176724|thread 2973197|cpu 248] [warning] replicating prompt of length 5392
[16:51:46.162186937|thread 2973197|cpu 248] [warning] replicating prompt of length 6066
[16:51:46.162188195|thread 2973197|cpu 248] [warning] replicating prompt of length 6740
[16:51:46.162188922|thread 2973197|cpu 248] [warning] replicating prompt of length 7414
[16:51:46.162189767|thread 2973197|cpu 248] [warning] replicating prompt of length 8088
[16:51:46.162190450|thread 2973197|cpu 248] [warning] replicating prompt of length 175
[16:51:46.162191187|thread 2973197|cpu 248] [warning] replicating prompt of length 350
[16:51:46.162191937|thread 2973197|cpu 248] [warning] replicating prompt of length 525
[16:51:46.162192588|thread 2973197|cpu 248] [warning] replicating prompt of length 700
[16:51:46.162193300|thread 2973197|cpu 248] [warning] replicating prompt of length 875
[16:51:46.162193956|thread 2973197|cpu 248] [warning] replicating prompt of length 1050
[16:51:46.162194612|thread 2973197|cpu 248] [warning] replicating prompt of length 1225
[16:51:46.162195273|thread 2973197|cpu 248] [warning] replicating prompt of length 1400
[16:51:46.162196013|thread 2973197|cpu 248] [warning] replicating prompt of length 1575
[16:51:46.162196655|thread 2973197|cpu 248] [warning] replicating prompt of length 1750
[16:51:46.162197290|thread 2973197|cpu 248] [warning] replicating prompt of length 1925
[16:51:46.162197940|thread 2973197|cpu 248] [warning] replicating prompt of length 2100
[16:51:46.162198575|thread 2973197|cpu 248] [warning] replicating prompt of length 2275
[16:51:46.162199199|thread 2973197|cpu 248] [warning] replicating prompt of length 2450
[16:51:46.162199825|thread 2973197|cpu 248] [warning] replicating prompt of length 2625
[16:51:46.162200455|thread 2973197|cpu 248] [warning] replicating prompt of length 2800
[16:51:46.162201256|thread 2973197|cpu 248] [warning] replicating prompt of length 2975
[16:51:46.162201882|thread 2973197|cpu 248] [warning] replicating prompt of length 3150
[16:51:46.162202520|thread 2973197|cpu 248] [warning] replicating prompt of length 3325
[16:51:46.162203152|thread 2973197|cpu 248] [warning] replicating prompt of length 3500
[16:51:46.162203780|thread 2973197|cpu 248] [warning] replicating prompt of length 3675
[16:51:46.162204415|thread 2973197|cpu 248] [warning] replicating prompt of length 3850
[16:51:46.162205055|thread 2973197|cpu 248] [warning] replicating prompt of length 4025
[16:51:46.162205686|thread 2973197|cpu 248] [warning] replicating prompt of length 4200
[16:51:46.162206332|thread 2973197|cpu 248] [warning] replicating prompt of length 4375
[16:51:46.162206960|thread 2973197|cpu 248] [warning] replicating prompt of length 4550
[16:51:46.162207586|thread 2973197|cpu 248] [warning] replicating prompt of length 4725
[16:51:46.162208213|thread 2973197|cpu 248] [warning] replicating prompt of length 4900
[16:51:46.162208851|thread 2973197|cpu 248] [warning] replicating prompt of length 5075
[16:51:46.162209486|thread 2973197|cpu 248] [warning] replicating prompt of length 5250
[16:51:46.162210123|thread 2973197|cpu 248] [warning] replicating prompt of length 5425
[16:51:46.162210762|thread 2973197|cpu 248] [warning] replicating prompt of length 5600
[16:51:46.162214188|thread 2973197|cpu 248] [warning] replicating prompt of length 5775
[16:51:46.162214897|thread 2973197|cpu 248] [warning] replicating prompt of length 5950
[16:51:46.162215540|thread 2973197|cpu 248] [warning] replicating prompt of length 6125
[16:51:46.162216172|thread 2973197|cpu 248] [warning] replicating prompt of length 6300
[16:51:46.162216835|thread 2973197|cpu 248] [warning] replicating prompt of length 6475
[16:51:46.162217474|thread 2973197|cpu 248] [warning] replicating prompt of length 6650
[16:51:46.162218102|thread 2973197|cpu 248] [warning] replicating prompt of length 6825
[16:51:46.162218738|thread 2973197|cpu 248] [warning] replicating prompt of length 7000
[16:51:46.162219390|thread 2973197|cpu 248] [warning] replicating prompt of length 7175
[16:51:46.162220033|thread 2973197|cpu 248] [warning] replicating prompt of length 7350
[16:51:46.162220704|thread 2973197|cpu 248] [warning] replicating prompt of length 7525
[16:51:46.162221369|thread 2973197|cpu 248] [warning] replicating prompt of length 7700
[16:51:46.162222004|thread 2973197|cpu 248] [warning] replicating prompt of length 7875
[16:51:46.162222631|thread 2973197|cpu 248] [warning] replicating prompt of length 8050
[16:51:46.162223288|thread 2973197|cpu 248] [warning] replicating prompt of length 274
[16:51:46.162224062|thread 2973197|cpu 248] [warning] replicating prompt of length 548
[16:51:46.162224761|thread 2973197|cpu 248] [warning] replicating prompt of length 822
[16:51:46.162225410|thread 2973197|cpu 248] [warning] replicating prompt of length 1096
[16:51:46.162226146|thread 2973197|cpu 248] [warning] replicating prompt of length 1370
[16:51:46.162226781|thread 2973197|cpu 248] [warning] replicating prompt of length 1644
[16:51:46.162227417|thread 2973197|cpu 248] [warning] replicating prompt of length 1918
[16:51:46.162228054|thread 2973197|cpu 248] [warning] replicating prompt of length 2192
[16:51:46.162228866|thread 2973197|cpu 248] [warning] replicating prompt of length 2466
[16:51:46.162229510|thread 2973197|cpu 248] [warning] replicating prompt of length 2740
[16:51:46.162230153|thread 2973197|cpu 248] [warning] replicating prompt of length 3014
[16:51:46.162230789|thread 2973197|cpu 248] [warning] replicating prompt of length 3288
[16:51:46.162231412|thread 2973197|cpu 248] [warning] replicating prompt of length 3562
[16:51:46.162232092|thread 2973197|cpu 248] [warning] replicating prompt of length 3836
[16:51:46.162232739|thread 2973197|cpu 248] [warning] replicating prompt of length 4110
[16:51:46.162233382|thread 2973197|cpu 248] [warning] replicating prompt of length 4384
[16:51:46.162235730|thread 2973197|cpu 248] [warning] replicating prompt of length 4658
[16:51:46.162236414|thread 2973197|cpu 248] [warning] replicating prompt of length 4932
[16:51:46.162237047|thread 2973197|cpu 248] [warning] replicating prompt of length 5206
[16:51:46.162237723|thread 2973197|cpu 248] [warning] replicating prompt of length 5480
[16:51:46.162238393|thread 2973197|cpu 248] [warning] replicating prompt of length 5754
[16:51:46.162239023|thread 2973197|cpu 248] [warning] replicating prompt of length 6028
[16:51:46.162239712|thread 2973197|cpu 248] [warning] replicating prompt of length 6302
[16:51:46.162240395|thread 2973197|cpu 248] [warning] replicating prompt of length 6576
[16:51:46.162241073|thread 2973197|cpu 248] [warning] replicating prompt of length 6850
[16:51:46.162241712|thread 2973197|cpu 248] [warning] replicating prompt of length 7124
[16:51:46.162242406|thread 2973197|cpu 248] [warning] replicating prompt of length 7398
[16:51:46.162245332|thread 2973197|cpu 248] [warning] replicating prompt of length 7672
[16:51:46.162246081|thread 2973197|cpu 248] [warning] replicating prompt of length 7946
[16:51:46.162246739|thread 2973197|cpu 248] [warning] replicating prompt of length 330
[16:51:46.162247513|thread 2973197|cpu 248] [warning] replicating prompt of length 660
[16:51:46.162248226|thread 2973197|cpu 248] [warning] replicating prompt of length 990
[16:51:46.162250772|thread 2973197|cpu 248] [warning] replicating prompt of length 1320
[16:51:46.162251540|thread 2973197|cpu 248] [warning] replicating prompt of length 1650
[16:51:46.162252192|thread 2973197|cpu 248] [warning] replicating prompt of length 1980
[16:51:46.162252831|thread 2973197|cpu 248] [warning] replicating prompt of length 2310
[16:51:46.162253478|thread 2973197|cpu 248] [warning] replicating prompt of length 2640
[16:51:46.162254278|thread 2973197|cpu 248] [warning] replicating prompt of length 2970
[16:51:46.162254931|thread 2973197|cpu 248] [warning] replicating prompt of length 3300
[16:51:46.162255566|thread 2973197|cpu 248] [warning] replicating prompt of length 3630
[16:51:46.162256207|thread 2973197|cpu 248] [warning] replicating prompt of length 3960
[16:51:46.162256846|thread 2973197|cpu 248] [warning] replicating prompt of length 4290
[16:51:46.162257490|thread 2973197|cpu 248] [warning] replicating prompt of length 4620
[16:51:46.162258128|thread 2973197|cpu 248] [warning] replicating prompt of length 4950
[16:51:46.162258757|thread 2973197|cpu 248] [warning] replicating prompt of length 5280
[16:51:46.162260797|thread 2973197|cpu 248] [warning] replicating prompt of length 5610
[16:51:46.162261537|thread 2973197|cpu 248] [warning] replicating prompt of length 5940
[16:51:46.162262214|thread 2973197|cpu 248] [warning] replicating prompt of length 6270
[16:51:46.162262849|thread 2973197|cpu 248] [warning] replicating prompt of length 6600
[16:51:46.162263507|thread 2973197|cpu 248] [warning] replicating prompt of length 6930
[16:51:46.162264138|thread 2973197|cpu 248] [warning] replicating prompt of length 7260
[16:51:46.162264769|thread 2973197|cpu 248] [warning] replicating prompt of length 7590
[16:51:46.162265444|thread 2973197|cpu 248] [warning] replicating prompt of length 7920
[16:51:46.162266136|thread 2973197|cpu 248] [warning] replicating prompt of length 90
[16:51:46.162266948|thread 2973197|cpu 248] [warning] replicating prompt of length 180
[16:51:46.162267635|thread 2973197|cpu 248] [warning] replicating prompt of length 270
[16:51:46.162268292|thread 2973197|cpu 248] [warning] replicating prompt of length 360
[16:51:46.162268980|thread 2973197|cpu 248] [warning] replicating prompt of length 450
[16:51:46.162269625|thread 2973197|cpu 248] [warning] replicating prompt of length 540
[16:51:46.162270267|thread 2973197|cpu 248] [warning] replicating prompt of length 630
[16:51:46.162270941|thread 2973197|cpu 248] [warning] replicating prompt of length 720
[16:51:46.162271636|thread 2973197|cpu 248] [warning] replicating prompt of length 810
[16:51:46.162272266|thread 2973197|cpu 248] [warning] replicating prompt of length 900
[16:51:46.162272894|thread 2973197|cpu 248] [warning] replicating prompt of length 990
[16:51:46.162273527|thread 2973197|cpu 248] [warning] replicating prompt of length 1080
[16:51:46.162274172|thread 2973197|cpu 248] [warning] replicating prompt of length 1170
[16:51:46.162274830|thread 2973197|cpu 248] [warning] replicating prompt of length 1260
[16:51:46.162275482|thread 2973197|cpu 248] [warning] replicating prompt of length 1350
[16:51:46.162276158|thread 2973197|cpu 248] [warning] replicating prompt of length 1440
[16:51:46.162276873|thread 2973197|cpu 248] [warning] replicating prompt of length 1530
[16:51:46.162277507|thread 2973197|cpu 248] [warning] replicating prompt of length 1620
[16:51:46.162278136|thread 2973197|cpu 248] [warning] replicating prompt of length 1710
[16:51:46.162278758|thread 2973197|cpu 248] [warning] replicating prompt of length 1800
[16:51:46.162279388|thread 2973197|cpu 248] [warning] replicating prompt of length 1890
[16:51:46.162280011|thread 2973197|cpu 248] [warning] replicating prompt of length 1980
[16:51:46.162280634|thread 2973197|cpu 248] [warning] replicating prompt of length 2070
[16:51:46.162281280|thread 2973197|cpu 248] [warning] replicating prompt of length 2160
[16:51:46.162281917|thread 2973197|cpu 248] [warning] replicating prompt of length 2250
[16:51:46.162282544|thread 2973197|cpu 248] [warning] replicating prompt of length 2340
[16:51:46.162283883|thread 2973197|cpu 248] [warning] replicating prompt of length 2430
[16:51:46.162284519|thread 2973197|cpu 248] [warning] replicating prompt of length 2520
[16:51:46.162285146|thread 2973197|cpu 248] [warning] replicating prompt of length 2610
[16:51:46.162285777|thread 2973197|cpu 248] [warning] replicating prompt of length 2700
[16:51:46.162286401|thread 2973197|cpu 248] [warning] replicating prompt of length 2790
[16:51:46.162287040|thread 2973197|cpu 248] [warning] replicating prompt of length 2880
[16:51:46.162287861|thread 2973197|cpu 248] [warning] replicating prompt of length 2970
[16:51:46.162288504|thread 2973197|cpu 248] [warning] replicating prompt of length 3060
[16:51:46.162289130|thread 2973197|cpu 248] [warning] replicating prompt of length 3150
[16:51:46.162289755|thread 2973197|cpu 248] [warning] replicating prompt of length 3240
[16:51:46.162290406|thread 2973197|cpu 248] [warning] replicating prompt of length 3330
[16:51:46.162291024|thread 2973197|cpu 248] [warning] replicating prompt of length 3420
[16:51:46.162291657|thread 2973197|cpu 248] [warning] replicating prompt of length 3510
[16:51:46.162292283|thread 2973197|cpu 248] [warning] replicating prompt of length 3600
[16:51:46.162292904|thread 2973197|cpu 248] [warning] replicating prompt of length 3690
[16:51:46.162293531|thread 2973197|cpu 248] [warning] replicating prompt of length 3780
[16:51:46.162294156|thread 2973197|cpu 248] [warning] replicating prompt of length 3870
[16:51:46.162294783|thread 2973197|cpu 248] [warning] replicating prompt of length 3960
[16:51:46.162295424|thread 2973197|cpu 248] [warning] replicating prompt of length 4050
[16:51:46.162296060|thread 2973197|cpu 248] [warning] replicating prompt of length 4140
[16:51:46.162296686|thread 2973197|cpu 248] [warning] replicating prompt of length 4230
[16:51:46.162297311|thread 2973197|cpu 248] [warning] replicating prompt of length 4320
[16:51:46.162297948|thread 2973197|cpu 248] [warning] replicating prompt of length 4410
[16:51:46.162298576|thread 2973197|cpu 248] [warning] replicating prompt of length 4500
[16:51:46.162299210|thread 2973197|cpu 248] [warning] replicating prompt of length 4590
[16:51:46.162299837|thread 2973197|cpu 248] [warning] replicating prompt of length 4680
[16:51:46.162300460|thread 2973197|cpu 248] [warning] replicating prompt of length 4770
[16:51:46.162301082|thread 2973197|cpu 248] [warning] replicating prompt of length 4860
[16:51:46.162301718|thread 2973197|cpu 248] [warning] replicating prompt of length 4950
[16:51:46.162302350|thread 2973197|cpu 248] [warning] replicating prompt of length 5040
[16:51:46.162302974|thread 2973197|cpu 248] [warning] replicating prompt of length 5130
[16:51:46.162303604|thread 2973197|cpu 248] [warning] replicating prompt of length 5220
[16:51:46.162304236|thread 2973197|cpu 248] [warning] replicating prompt of length 5310
[16:51:46.162304868|thread 2973197|cpu 248] [warning] replicating prompt of length 5400
[16:51:46.162305522|thread 2973197|cpu 248] [warning] replicating prompt of length 5490
[16:51:46.162306153|thread 2973197|cpu 248] [warning] replicating prompt of length 5580
[16:51:46.162306778|thread 2973197|cpu 248] [warning] replicating prompt of length 5670
[16:51:46.162307429|thread 2973197|cpu 248] [warning] replicating prompt of length 5760
[16:51:46.162309393|thread 2973197|cpu 248] [warning] replicating prompt of length 5850
[16:51:46.162310088|thread 2973197|cpu 248] [warning] replicating prompt of length 5940
[16:51:46.162310713|thread 2973197|cpu 248] [warning] replicating prompt of length 6030
[16:51:46.162311343|thread 2973197|cpu 248] [warning] replicating prompt of length 6120
[16:51:46.162313999|thread 2973197|cpu 248] [warning] replicating prompt of length 6210
[16:51:46.162314646|thread 2973197|cpu 248] [warning] replicating prompt of length 6300
[16:51:46.162315279|thread 2973197|cpu 248] [warning] replicating prompt of length 6390
[16:51:46.162315899|thread 2973197|cpu 248] [warning] replicating prompt of length 6480
[16:51:46.162316529|thread 2973197|cpu 248] [warning] replicating prompt of length 6570
[16:51:46.162317873|thread 2973197|cpu 248] [warning] replicating prompt of length 6660
[16:51:46.162318502|thread 2973197|cpu 248] [warning] replicating prompt of length 6750
[16:51:46.162319128|thread 2973197|cpu 248] [warning] replicating prompt of length 6840
[16:51:46.162319814|thread 2973197|cpu 248] [warning] replicating prompt of length 6930
[16:51:46.162320453|thread 2973197|cpu 248] [warning] replicating prompt of length 7020
[16:51:46.162321076|thread 2973197|cpu 248] [warning] replicating prompt of length 7110
[16:51:46.162321709|thread 2973197|cpu 248] [warning] replicating prompt of length 7200
[16:51:46.162322334|thread 2973197|cpu 248] [warning] replicating prompt of length 7290
[16:51:46.162322957|thread 2973197|cpu 248] [warning] replicating prompt of length 7380
[16:51:46.162323585|thread 2973197|cpu 248] [warning] replicating prompt of length 7470
[16:51:46.162324217|thread 2973197|cpu 248] [warning] replicating prompt of length 7560
[16:51:46.162324846|thread 2973197|cpu 248] [warning] replicating prompt of length 7650
[16:51:46.162325489|thread 2973197|cpu 248] [warning] replicating prompt of length 7740
[16:51:46.162326116|thread 2973197|cpu 248] [warning] replicating prompt of length 7830
[16:51:46.162326749|thread 2973197|cpu 248] [warning] replicating prompt of length 7920
[16:51:46.162327398|thread 2973197|cpu 248] [warning] replicating prompt of length 8010
[16:51:46.162328033|thread 2973197|cpu 248] [warning] replicating prompt of length 8100
[16:51:46.162328665|thread 2973197|cpu 248] [warning] replicating prompt of length 8190
[16:51:46.162329354|thread 2973197|cpu 248] [warning] replicating prompt of length 746
[16:51:46.162330313|thread 2973197|cpu 248] [warning] replicating prompt of length 1492
[16:51:46.162331062|thread 2973197|cpu 248] [warning] replicating prompt of length 2238
[16:51:46.162331771|thread 2973197|cpu 248] [warning] replicating prompt of length 2984
[16:51:46.162332636|thread 2973197|cpu 248] [warning] replicating prompt of length 3730
[16:51:46.162333302|thread 2973197|cpu 248] [warning] replicating prompt of length 4476
[16:51:46.162333975|thread 2973197|cpu 248] [warning] replicating prompt of length 5222
[16:51:46.162334713|thread 2973197|cpu 248] [warning] replicating prompt of length 5968
[16:51:46.162336723|thread 2973197|cpu 248] [warning] replicating prompt of length 6714
[16:51:46.162337497|thread 2973197|cpu 248] [warning] replicating prompt of length 7460
[16:51:46.162338220|thread 2973197|cpu 248] [warning] replicating prompt of length 1370
[16:51:46.162339193|thread 2973197|cpu 248] [warning] replicating prompt of length 2740
[16:51:46.162339998|thread 2973197|cpu 248] [warning] replicating prompt of length 4110
[16:51:46.162340683|thread 2973197|cpu 248] [warning] replicating prompt of length 5480
[16:51:46.162342963|thread 2973197|cpu 248] [warning] replicating prompt of length 6850
[16:51:46.162343837|thread 2973197|cpu 248] [warning] replicating prompt of length 3161
[16:51:46.162345183|thread 2973197|cpu 248] [warning] replicating prompt of length 6322
[16:51:46.162347759|thread 2973197|cpu 248] [warning] replicating prompt of length 3619
[16:51:46.162349357|thread 2973197|cpu 248] [warning] replicating prompt of length 7238
[16:51:46.162351846|thread 2973197|cpu 248] [warning] replicating prompt of length 4240
[16:51:46.162355144|thread 2973197|cpu 248] [warning] replicating prompt of length 781
[16:51:46.162356060|thread 2973197|cpu 248] [warning] replicating prompt of length 1562
[16:51:46.162356797|thread 2973197|cpu 248] [warning] replicating prompt of length 2343
[16:51:46.162357463|thread 2973197|cpu 248] [warning] replicating prompt of length 3124
[16:51:46.162358319|thread 2973197|cpu 248] [warning] replicating prompt of length 3905
[16:51:46.162358983|thread 2973197|cpu 248] [warning] replicating prompt of length 4686
[16:51:46.162359679|thread 2973197|cpu 248] [warning] replicating prompt of length 5467
[16:51:46.162360343|thread 2973197|cpu 248] [warning] replicating prompt of length 6248
[16:51:46.162363343|thread 2973197|cpu 248] [warning] replicating prompt of length 7029
[16:51:46.162364137|thread 2973197|cpu 248] [warning] replicating prompt of length 7810
[16:51:46.162364851|thread 2973197|cpu 248] [warning] replicating prompt of length 578
[16:51:46.162365634|thread 2973197|cpu 248] [warning] replicating prompt of length 1156
[16:51:46.162366393|thread 2973197|cpu 248] [warning] replicating prompt of length 1734
[16:51:46.162367046|thread 2973197|cpu 248] [warning] replicating prompt of length 2312
[16:51:46.162367823|thread 2973197|cpu 248] [warning] replicating prompt of length 2890
[16:51:46.162368495|thread 2973197|cpu 248] [warning] replicating prompt of length 3468
[16:51:46.162369135|thread 2973197|cpu 248] [warning] replicating prompt of length 4046
[16:51:46.162369820|thread 2973197|cpu 248] [warning] replicating prompt of length 4624
[16:51:46.162371643|thread 2973197|cpu 248] [warning] replicating prompt of length 5202
[16:51:46.162372445|thread 2973197|cpu 248] [warning] replicating prompt of length 5780
[16:51:46.162373153|thread 2973197|cpu 248] [warning] replicating prompt of length 6358
[16:51:46.162373862|thread 2973197|cpu 248] [warning] replicating prompt of length 6936
[16:51:46.162374558|thread 2973197|cpu 248] [warning] replicating prompt of length 7514
[16:51:46.162375323|thread 2973197|cpu 248] [warning] replicating prompt of length 8092
[16:51:46.162375992|thread 2973197|cpu 248] [warning] replicating prompt of length 438
[16:51:46.162376770|thread 2973197|cpu 248] [warning] replicating prompt of length 876
[16:51:46.162377516|thread 2973197|cpu 248] [warning] replicating prompt of length 1314
[16:51:46.162378176|thread 2973197|cpu 248] [warning] replicating prompt of length 1752
[16:51:46.162378965|thread 2973197|cpu 248] [warning] replicating prompt of length 2190
[16:51:46.162379640|thread 2973197|cpu 248] [warning] replicating prompt of length 2628
[16:51:46.162380289|thread 2973197|cpu 248] [warning] replicating prompt of length 3066
[16:51:46.162380971|thread 2973197|cpu 248] [warning] replicating prompt of length 3504
[16:51:46.162381846|thread 2973197|cpu 248] [warning] replicating prompt of length 3942
[16:51:46.162382525|thread 2973197|cpu 248] [warning] replicating prompt of length 4380
[16:51:46.162383159|thread 2973197|cpu 248] [warning] replicating prompt of length 4818
[16:51:46.162383785|thread 2973197|cpu 248] [warning] replicating prompt of length 5256
[16:51:46.162384435|thread 2973197|cpu 248] [warning] replicating prompt of length 5694
[16:51:46.162385058|thread 2973197|cpu 248] [warning] replicating prompt of length 6132
[16:51:46.162385741|thread 2973197|cpu 248] [warning] replicating prompt of length 6570
[16:51:46.162386395|thread 2973197|cpu 248] [warning] replicating prompt of length 7008
[16:51:46.162388533|thread 2973197|cpu 248] [warning] replicating prompt of length 7446
[16:51:46.162389375|thread 2973197|cpu 248] [warning] replicating prompt of length 7884
[16:51:46.162390046|thread 2973197|cpu 248] [warning] replicating prompt of length 2682
[16:51:46.162391284|thread 2973197|cpu 248] [warning] replicating prompt of length 5364
[16:51:46.162393679|thread 2973197|cpu 248] [warning] replicating prompt of length 8046
[16:51:46.162394413|thread 2973197|cpu 248] [warning] replicating prompt of length 5287
[16:51:46.162397463|thread 2973197|cpu 248] [warning] replicating prompt of length 5125
[16:51:46.162400411|thread 2973197|cpu 248] [warning] replicating prompt of length 471
[16:51:46.162401441|thread 2973197|cpu 248] [warning] replicating prompt of length 942
[16:51:46.162402198|thread 2973197|cpu 248] [warning] replicating prompt of length 1413
[16:51:46.162404884|thread 2973197|cpu 248] [warning] replicating prompt of length 1884
[16:51:46.162405675|thread 2973197|cpu 248] [warning] replicating prompt of length 2355
[16:51:46.162406344|thread 2973197|cpu 248] [warning] replicating prompt of length 2826
[16:51:46.162407010|thread 2973197|cpu 248] [warning] replicating prompt of length 3297
[16:51:46.162407655|thread 2973197|cpu 248] [warning] replicating prompt of length 3768
[16:51:46.162409276|thread 2973197|cpu 248] [warning] replicating prompt of length 4239
[16:51:46.162409977|thread 2973197|cpu 248] [warning] replicating prompt of length 4710
[16:51:46.162410605|thread 2973197|cpu 248] [warning] replicating prompt of length 5181
[16:51:46.162411268|thread 2973197|cpu 248] [warning] replicating prompt of length 5652
[16:51:46.162411927|thread 2973197|cpu 248] [warning] replicating prompt of length 6123
[16:51:46.162412572|thread 2973197|cpu 248] [warning] replicating prompt of length 6594
[16:51:46.162413199|thread 2973197|cpu 248] [warning] replicating prompt of length 7065
[16:51:46.162413838|thread 2973197|cpu 248] [warning] replicating prompt of length 7536
[16:51:46.162416247|thread 2973197|cpu 248] [warning] replicating prompt of length 8007
[16:51:46.162417001|thread 2973197|cpu 248] [warning] replicating prompt of length 2832
[16:51:46.162418409|thread 2973197|cpu 248] [warning] replicating prompt of length 5664
[16:51:46.162420627|thread 2973197|cpu 248] [warning] replicating prompt of length 4765
[16:51:46.162423644|thread 2973197|cpu 248] [warning] replicating prompt of length 1368
[16:51:46.162424614|thread 2973197|cpu 248] [warning] replicating prompt of length 2736
[16:51:46.162425444|thread 2973197|cpu 248] [warning] replicating prompt of length 4104
[16:51:46.162426173|thread 2973197|cpu 248] [warning] replicating prompt of length 5472
[16:51:46.162428309|thread 2973197|cpu 248] [warning] replicating prompt of length 6840
[16:51:46.162429224|thread 2973197|cpu 248] [warning] replicating prompt of length 1299
[16:51:46.162430233|thread 2973197|cpu 248] [warning] replicating prompt of length 2598
[16:51:46.162431064|thread 2973197|cpu 248] [warning] replicating prompt of length 3897
[16:51:46.162431786|thread 2973197|cpu 248] [warning] replicating prompt of length 5196
[16:51:46.162433928|thread 2973197|cpu 248] [warning] replicating prompt of length 6495
[16:51:46.162434798|thread 2973197|cpu 248] [warning] replicating prompt of length 7794
[16:51:46.162435487|thread 2973197|cpu 248] [warning] replicating prompt of length 5700
[16:51:46.162438392|thread 2973197|cpu 248] [warning] replicating prompt of length 1156
[16:51:46.162439402|thread 2973197|cpu 248] [warning] replicating prompt of length 2312
[16:51:46.162440189|thread 2973197|cpu 248] [warning] replicating prompt of length 3468
[16:51:46.162440906|thread 2973197|cpu 248] [warning] replicating prompt of length 4624
[16:51:46.162443064|thread 2973197|cpu 248] [warning] replicating prompt of length 5780
[16:51:46.162444003|thread 2973197|cpu 248] [warning] replicating prompt of length 6936
[16:51:46.162444802|thread 2973197|cpu 248] [warning] replicating prompt of length 8092
[16:51:46.162445493|thread 2973197|cpu 248] [warning] replicating prompt of length 1366
[16:51:46.162446502|thread 2973197|cpu 248] [warning] replicating prompt of length 2732
[16:51:46.162447317|thread 2973197|cpu 248] [warning] replicating prompt of length 4098
[16:51:46.162448016|thread 2973197|cpu 248] [warning] replicating prompt of length 5464
[16:51:46.162451395|thread 2973197|cpu 248] [warning] replicating prompt of length 6830
[16:51:46.162461777|thread 2973197|cpu 248] [info ] Processing 64 prompts
[16:51:46.162836187|thread 2973197|cpu 248] [debug] No model path specified, looking up default
[16:51:46.163830638|thread 2973197|cpu 248] [info ] Model ingested-qwen-3-4b-instruct-2507-tp2 at /opt/positron/weights_cache/cached/positron-ai/Qwen--Qwen3-4B-Instruct-2507-ingest-best-gptq-v1 not in cache 0x568cbc8473c8, loading
[16:51:46.163883157|thread 2973197|cpu 248] [info ] Initializing devices took 2.98e-07 s
[16:51:46.163995018|thread 2973197|cpu 248] [info ] Loading all layers from /opt/positron/weights_cache/cached/positron-ai/Qwen--Qwen3-4B-Instruct-2507-ingest-best-gptq-v1
[16:51:46.163999040|thread 2973197|cpu 248] [info ] Using RotatedAmongDevices placement strategy with device_count=2, replicas=1
[16:51:46.164055422|thread 2973197|cpu 248] [info ] Sharded safetensors file found off directory name
[16:51:47.529723540|thread 2973197|cpu 248] [info ] Allocating and loading the model took 1.365835488 s 
[16:51:47.553920881|thread 2973197|cpu 248] [info ] Hw-Attn model params: hw_attn_params { kv_head_size: 128 n_kv_heads: 8 n_heads: 32 gqa: 4 pre_attn_scalar: 0.088388346 hw_layers: 0 }, 36 layers
[16:51:47.560230615|thread 2973197|cpu 248] [info ] HW attention disabled for model 'ingested-qwen-3-4b-instruct-2507-tp2': USE_HW_ATTN=0
[16:51:47.560253631|thread 2973197|cpu 248] [info ] Allocated state tron::model<tron::qwen_3_4b_instruct_2507_impl<tron::make_llm_executor<false, tron::hardware::tp2_min1k_tensor, tron::hardware::btensor, tron::hardware::dtensor> > >::state
[16:51:47.560259846|thread 2973197|cpu 248] [info ] Trying to use 64 GB for persistent KV cache (covering all models)
[16:51:47.560483726|thread 2973197|cpu 248] [info ] Duration between prompts is 0ms ± 0ms
[16:51:47.560492848|thread 2973197|cpu 248] [info ] Enqueueing prompt 1/64 consisting of 8192 tokens
[16:51:47.560739387|thread 2973197|cpu 248] [info ] Enqueueing prompt 2/64 consisting of 8192 tokens
[16:51:47.560751555|thread 2973197|cpu 248] [info ] Enqueueing prompt 3/64 consisting of 8192 tokens
[16:51:47.560763220|thread 2973197|cpu 248] [info ] Enqueueing prompt 4/64 consisting of 8192 tokens
[16:51:47.560775181|thread 2973197|cpu 248] [info ] Enqueueing prompt 5/64 consisting of 8192 tokens
[16:51:47.560786786|thread 2973197|cpu 248] [info ] Enqueueing prompt 6/64 consisting of 8192 tokens
[16:51:47.560797038|thread 2973197|cpu 248] [info ] Enqueueing prompt 7/64 consisting of 8192 tokens
[16:51:47.560810337|thread 2973197|cpu 248] [info ] Enqueueing prompt 8/64 consisting of 8192 tokens
[16:51:47.560820653|thread 2973197|cpu 248] [info ] Enqueueing prompt 9/64 consisting of 8192 tokens
[16:51:47.560831753|thread 2973197|cpu 248] [info ] Enqueueing prompt 10/64 consisting of 8192 tokens
[16:51:47.560842768|thread 2973197|cpu 248] [info ] Enqueueing prompt 11/64 consisting of 8192 tokens
[16:51:47.560854101|thread 2973197|cpu 248] [info ] Enqueueing prompt 12/64 consisting of 8192 tokens
[16:51:47.560865573|thread 2973197|cpu 248] [info ] Enqueueing prompt 13/64 consisting of 8192 tokens
[16:51:47.560878920|thread 2973197|cpu 248] [info ] Enqueueing prompt 14/64 consisting of 8192 tokens
[16:51:47.560891166|thread 2973197|cpu 248] [info ] Enqueueing prompt 15/64 consisting of 8192 tokens
[16:51:47.560902799|thread 2973197|cpu 248] [info ] Enqueueing prompt 16/64 consisting of 8192 tokens
[16:51:47.560915946|thread 2973197|cpu 248] [info ] Enqueueing prompt 17/64 consisting of 8192 tokens
[16:51:47.560927126|thread 2973197|cpu 248] [info ] Enqueueing prompt 18/64 consisting of 8192 tokens
[16:51:47.560938846|thread 2973197|cpu 248] [info ] Enqueueing prompt 19/64 consisting of 8192 tokens
[16:51:47.560950871|thread 2973197|cpu 248] [info ] Enqueueing prompt 20/64 consisting of 8192 tokens
[16:51:47.560961707|thread 2973197|cpu 248] [info ] Enqueueing prompt 21/64 consisting of 8192 tokens
[16:51:47.560973241|thread 2973197|cpu 248] [info ] Enqueueing prompt 22/64 consisting of 8192 tokens
[16:51:47.560983432|thread 2973197|cpu 248] [info ] Enqueueing prompt 23/64 consisting of 8192 tokens
[16:51:47.560993603|thread 2973197|cpu 248] [info ] Enqueueing prompt 24/64 consisting of 8192 tokens
[16:51:47.561004435|thread 2973197|cpu 248] [info ] Enqueueing prompt 25/64 consisting of 8192 tokens
[16:51:47.561016235|thread 2973197|cpu 248] [info ] Enqueueing prompt 26/64 consisting of 8192 tokens
[16:51:47.561028483|thread 2973197|cpu 248] [info ] Enqueueing prompt 27/64 consisting of 8192 tokens
[16:51:47.561039229|thread 2973197|cpu 248] [info ] Enqueueing prompt 28/64 consisting of 8192 tokens
[16:51:47.561050372|thread 2973197|cpu 248] [info ] Enqueueing prompt 29/64 consisting of 8192 tokens
[16:51:47.561061018|thread 2973197|cpu 248] [info ] Enqueueing prompt 30/64 consisting of 8192 tokens
[16:51:47.561071832|thread 2973197|cpu 248] [info ] Enqueueing prompt 31/64 consisting of 8192 tokens
[16:51:47.561084368|thread 2973197|cpu 248] [info ] Enqueueing prompt 32/64 consisting of 8192 tokens
[16:51:47.561112063|thread 2973197|cpu 248] [info ] Enqueueing prompt 33/64 consisting of 8192 tokens
[16:51:47.561124430|thread 2973197|cpu 248] [info ] Enqueueing prompt 34/64 consisting of 8192 tokens
[16:51:47.561135560|thread 2973197|cpu 248] [info ] Enqueueing prompt 35/64 consisting of 8192 tokens
[16:51:47.561146534|thread 2973197|cpu 248] [info ] Enqueueing prompt 36/64 consisting of 8192 tokens
[16:51:47.561492892|thread 2985351|cpu 248] [info ] KV cache footprint: 1.10 GB in 5 books
[16:51:47.561659417|thread 2985351|cpu 248] [info ] KV cache footprint: 2.20 GB in 10 books
[16:51:47.561821604|thread 2985351|cpu 248] [info ] KV cache footprint: 3.30 GB in 15 books
[16:51:47.561995851|thread 2985351|cpu 248] [info ] KV cache footprint: 4.39 GB in 20 books
[16:51:47.562170031|thread 2985351|cpu 248] [info ] KV cache footprint: 5.49 GB in 25 books
[16:51:47.562331360|thread 2985351|cpu 248] [info ] KV cache footprint: 6.59 GB in 30 books
[16:51:47.562508524|thread 2985351|cpu 248] [info ] KV cache footprint: 7.69 GB in 35 books
[16:51:47.564282594|thread 2973197|cpu 248] [info ] Enqueueing prompt 37/64 consisting of 8192 tokens
[16:51:47.564303955|thread 2973197|cpu 248] [info ] Enqueueing prompt 38/64 consisting of 8192 tokens
[16:51:47.564318498|thread 2973197|cpu 248] [info ] Enqueueing prompt 39/64 consisting of 8192 tokens
[16:51:47.564331381|thread 2973197|cpu 248] [info ] Enqueueing prompt 40/64 consisting of 8192 tokens
[16:51:47.564343918|thread 2973197|cpu 248] [info ] Enqueueing prompt 41/64 consisting of 8192 tokens
[16:51:47.564355964|thread 2973197|cpu 248] [info ] Enqueueing prompt 42/64 consisting of 8192 tokens
[16:51:47.564371285|thread 2973197|cpu 248] [info ] Enqueueing prompt 43/64 consisting of 8192 tokens
[16:51:47.564384643|thread 2973197|cpu 248] [info ] Enqueueing prompt 44/64 consisting of 8192 tokens
[16:51:47.564396756|thread 2973197|cpu 248] [info ] Enqueueing prompt 45/64 consisting of 8192 tokens
[16:51:47.564408358|thread 2973197|cpu 248] [info ] Enqueueing prompt 46/64 consisting of 8192 tokens
[16:51:47.564419623|thread 2973197|cpu 248] [info ] Enqueueing prompt 47/64 consisting of 8192 tokens
[16:51:47.564431338|thread 2973197|cpu 248] [info ] Enqueueing prompt 48/64 consisting of 8192 tokens
[16:51:47.564441853|thread 2973197|cpu 248] [info ] Enqueueing prompt 49/64 consisting of 8192 tokens
[16:51:47.564453754|thread 2973197|cpu 248] [info ] Enqueueing prompt 50/64 consisting of 8192 tokens
[16:51:47.564466341|thread 2973197|cpu 248] [info ] Enqueueing prompt 51/64 consisting of 8192 tokens
[16:51:47.564478759|thread 2973197|cpu 248] [info ] Enqueueing prompt 52/64 consisting of 8192 tokens
[16:51:47.564489281|thread 2973197|cpu 248] [info ] Enqueueing prompt 53/64 consisting of 8192 tokens
[16:51:47.564500501|thread 2973197|cpu 248] [info ] Enqueueing prompt 54/64 consisting of 8192 tokens
[16:51:47.564511697|thread 2973197|cpu 248] [info ] Enqueueing prompt 55/64 consisting of 8192 tokens
[16:51:47.564523662|thread 2973197|cpu 248] [info ] Enqueueing prompt 56/64 consisting of 8192 tokens
[16:51:47.564535667|thread 2973197|cpu 248] [info ] Enqueueing prompt 57/64 consisting of 8192 tokens
[16:51:47.564546655|thread 2973197|cpu 248] [info ] Enqueueing prompt 58/64 consisting of 8192 tokens
[16:51:47.564557309|thread 2973197|cpu 248] [info ] Enqueueing prompt 59/64 consisting of 8192 tokens
[16:51:47.564568600|thread 2973197|cpu 248] [info ] Enqueueing prompt 60/64 consisting of 8192 tokens
[16:51:47.564578749|thread 2973197|cpu 248] [info ] Enqueueing prompt 61/64 consisting of 8192 tokens
[16:51:47.564591575|thread 2973197|cpu 248] [info ] Enqueueing prompt 62/64 consisting of 8192 tokens
[16:51:47.564602644|thread 2973197|cpu 248] [info ] Enqueueing prompt 63/64 consisting of 8192 tokens
[16:51:47.564615117|thread 2973197|cpu 248] [info ] Enqueueing prompt 64/64 consisting of 8192 tokens
[16:51:47.971315819|thread 2985351|cpu 248] [info ] KV cache footprint: 8.79 GB in 40 books
[16:51:47.971411992|thread 2985351|cpu 248] [info ] KV cache footprint: 9.89 GB in 45 books
[16:51:47.971557138|thread 2985351|cpu 248] [info ] KV cache footprint: 10.99 GB in 50 books
[16:51:47.971727250|thread 2985351|cpu 248] [info ] KV cache footprint: 12.08 GB in 55 books
[16:51:47.971908023|thread 2985351|cpu 248] [info ] KV cache footprint: 13.20 GB in 61 books
[16:51:53.255610296|thread 2985351|cpu 248] [info ] KV cache footprint: 14.30 GB in 66 books
[16:51:53.856829207|thread 2985351|cpu 248] [info ] KV cache footprint: 15.40 GB in 71 books
[16:52:01.874225529|thread 2985351|cpu 248] [info ] KV cache footprint: 16.50 GB in 76 books
[16:52:13.505925188|thread 2985351|cpu 248] [info ] KV cache footprint: 17.60 GB in 81 books
[16:52:14.611861496|thread 2985351|cpu 248] [info ] KV cache footprint: 18.69 GB in 86 books
[16:52:28.149404208|thread 2985351|cpu 248] [info ] KV cache footprint: 19.79 GB in 91 books
[16:52:29.503135866|thread 2985351|cpu 248] [info ] KV cache footprint: 20.89 GB in 96 books
[16:52:45.802483525|thread 2985351|cpu 248] [info ] KV cache footprint: 21.99 GB in 101 books
[16:52:52.353545988|thread 2982447|cpu 248] [info ] [Request 15] Parsing the prompt took 64.792645045 s at 126.43410365961238 tokens/s
[16:52:52.353546074|thread 2982446|cpu 248] [info ] [Request 1] Parsing the prompt took 64.793044093 s at 126.43332497608385 tokens/s
[16:52:52.353546107|thread 2982449|cpu 248] [info ] [Request 26] Parsing the prompt took 64.792520299 s at 126.43434708506676 tokens/s
[16:52:52.353546102|thread 2982452|cpu 248] [info ] [Request 32] Parsing the prompt took 64.792442208 s at 126.43449946988608 tokens/s
[16:52:52.353546098|thread 2982450|cpu 248] [info ] [Request 29] Parsing the prompt took 64.792486132 s at 126.43441375764866 tokens/s
[16:52:53.354623512|thread 2982457|cpu 248] [info ] [Request 47] Parsing the prompt took 65.790194667 s at 124.51703542547904 tokens/s
[16:52:53.354623387|thread 2982455|cpu 248] [info ] [Request 44] Parsing the prompt took 65.790229402 s at 124.51696968472596 tokens/s
[16:52:53.354623485|thread 2982453|cpu 248] [info ] [Request 42] Parsing the prompt took 65.790256015 s at 124.51691931601918 tokens/s
[16:53:00.784851547|thread 2985351|cpu 248] [info ] KV cache footprint: 23.09 GB in 106 books
[16:53:00.785015744|thread 2985351|cpu 248] [info ] KV cache footprint: 24.19 GB in 111 books
[16:53:10.955200119|thread 2985351|cpu 248] [info ] KV cache footprint: 25.29 GB in 116 books
[16:53:24.057074495|thread 2985351|cpu 248] [info ] KV cache footprint: 26.38 GB in 121 books
[16:53:24.057231706|thread 2985351|cpu 248] [info ] KV cache footprint: 27.48 GB in 126 books
[16:53:39.947194515|thread 2985351|cpu 248] [info ] KV cache footprint: 28.58 GB in 131 books
[16:53:56.935804972|thread 2985351|cpu 248] [info ] KV cache footprint: 29.68 GB in 136 books
[16:53:58.573157871|thread 2985351|cpu 248] [info ] KV cache footprint: 30.78 GB in 141 books
[16:54:01.926326625|thread 2982449|cpu 248] [info ] [Request 26] Generating 61 response tokens with 8193 context took 68.571716 s at 0.890 average tok/s, or 1124.126 ms/tok
[16:54:01.926326762|thread 2982446|cpu 248] [info ] [Request 1] Generating 61 response tokens with 8193 context took 68.571712 s at 0.890 average tok/s, or 1124.126 ms/tok
[16:54:01.926326741|thread 2982447|cpu 248] [info ] [Request 15] Generating 61 response tokens with 8193 context took 68.571710 s at 0.890 average tok/s, or 1124.126 ms/tok
[16:54:01.926329076|thread 2982450|cpu 248] [info ] [Request 29] Generating 61 response tokens with 8193 context took 68.571722 s at 0.890 average tok/s, or 1124.127 ms/tok
[16:54:01.926420584|thread 2982450|cpu 248] [info ] [Request 29] Request with 8192 tokens in and 64 out (sequence limit) saw 64.792486 s TTFT and 134.365269 s TTLT
[16:54:01.926378383|thread 2982449|cpu 248] [info ] [Request 26] Request with 8192 tokens in and 64 out (sequence limit) saw 64.792520 s TTFT and 134.365298 s TTLT
[16:54:01.926394772|thread 2982446|cpu 248] [info ] [Request 1] Request with 8192 tokens in and 64 out (sequence limit) saw 64.793044 s TTFT and 134.365821 s TTLT
[16:54:01.926409752|thread 2982447|cpu 248] [info ] [Request 15] Request with 8192 tokens in and 64 out (sequence limit) saw 64.792645 s TTFT and 134.365425 s TTLT
[16:54:01.926329498|thread 2982452|cpu 248] [info ] [Request 32] Generating 61 response tokens with 8193 context took 68.571719 s at 0.890 average tok/s, or 1124.127 ms/tok
[16:54:01.926495463|thread 2982452|cpu 248] [info ] [Request 32] Request with 8192 tokens in and 64 out (sequence limit) saw 64.792442 s TTFT and 134.365224 s TTLT
[16:54:03.656142524|thread 2982457|cpu 248] [info ] [Request 47] Generating 61 response tokens with 8193 context took 69.723695 s at 0.875 average tok/s, or 1143.011 ms/tok
[16:54:03.656146107|thread 2982455|cpu 248] [info ] [Request 44] Generating 61 response tokens with 8193 context took 69.723700 s at 0.875 average tok/s, or 1143.011 ms/tok
[16:54:03.656190116|thread 2982455|cpu 248] [info ] [Request 44] Request with 8192 tokens in and 64 out (sequence limit) saw 65.790229 s TTFT and 136.091750 s TTLT
[16:54:03.656150258|thread 2982458|cpu 248] [info ] [Request 2] Parsing the prompt took 136.095401108 s at 60.193069959058704 tokens/s
[16:54:03.656156812|thread 2982453|cpu 248] [info ] [Request 42] Generating 61 response tokens with 8193 context took 69.723712 s at 0.875 average tok/s, or 1143.012 ms/tok
[16:54:03.656173107|thread 2982457|cpu 248] [info ] [Request 47] Request with 8192 tokens in and 64 out (sequence limit) saw 65.790195 s TTFT and 136.091710 s TTLT
[16:54:03.656226789|thread 2982453|cpu 248] [info ] [Request 42] Request with 8192 tokens in and 64 out (sequence limit) saw 65.790256 s TTFT and 136.091786 s TTLT
[16:54:05.165355172|thread 2982450|cpu 248] [info ] [Request 57] Parsing the prompt took 137.600811212 s at 59.53453273889991 tokens/s
[16:54:05.165380345|thread 2982459|cpu 248] [info ] [Request 21] Parsing the prompt took 137.604410781 s at 59.53297538577976 tokens/s
[16:54:05.165357547|thread 2982453|cpu 248] [info ] [Request 64] Parsing the prompt took 137.600734593 s at 59.53456588898721 tokens/s
[16:54:05.165361056|thread 2982458|cpu 248] [info ] [Request 3] Parsing the prompt took 137.604602724 s at 59.53289234395073 tokens/s
[16:54:05.165364190|thread 2982457|cpu 248] [info ] [Request 56] Parsing the prompt took 137.60083198 s at 59.534523753393366 tokens/s
[16:54:05.165357291|thread 2982452|cpu 248] [info ] [Request 58] Parsing the prompt took 137.600802094 s at 59.53453668390504 tokens/s
[16:54:11.097365652|thread 2985351|cpu 248] [info ] KV cache footprint: 31.88 GB in 146 books
[16:54:13.769674346|thread 2985353|cpu 248] [debug] #EVT# HandleDetails::is_anomalous() handle_id=29 time in state STATE_OPENED exceeded threshold: 64792478859 ns
[16:54:13.769730914|thread 2985353|cpu 248] [debug] #EVT#   Handle,    29, Created, 758718974910175, Last, 758855069980978, Prompted,  8191, Generated,    64, Input TPS, 126.43, Output TPS:  0.79, Callbacks,    64, prompt parsing complete, open
[16:54:13.769822248|thread 2985353|cpu 248] [info ] #EVT#   Handle 29 history:
        SESSION_OPEN, prompt 8192 tokens, offset=0 ns
        PROMPT_TOKENS_REUSE, offset=64792468980 ns
        ON_START_CALLED, offset=64792478859 ns
        ON_START_RETURNED, offset=64792591262 ns
        ON_TOKENS_CALLED, generate 1 tokens, offset=64792599356 ns
        ON_TOKENS_RETURNED, offset=64792600501 ns
        ON_TOKENS_CALLED, generate 1 tokens, offset=65793541780 ns
        ON_TOKENS_RETURNED, offset=65793544710 ns
        ON_TOKENS_CALLED, generate 1 tokens, offset=66371373076 ns
        ON_TOKENS_RETURNED, offset=66371375611 ns
        ON_TOKENS_CALLED, generate 1 tokens, offset=66985544826 ns
        ON_TOKENS_RETURNED, offset=66985546471 ns
        ON_TOKENS_CALLED, generate 1 tokens, offset=67615704304 ns
        ON_TOKENS_RETURNED, offset=67615706110 ns
        ON_TOKENS_CALLED, generate 1 tokens, offset=68275600394 ns
        ON_TOKENS_RETURNED, offset=68275601448 ns
        ON_TOKENS_CALLED, generate 1 tokens, offset=68943689501 ns
        ON_TOKENS_RETURNED, offset=68943690718 ns
        ON_TOKENS_CALLED, generate 1 tokens, offset=69631149366 ns
        ON_TOKENS_RETURNED, offset=69631151276 ns
        ON_TOKENS_CALLED, generate 1 tokens, offset=70324041046 ns
        ON_TOKENS_RETURNED, offset=70324042697 ns
        ON_TOKENS_CALLED, generate 1 tokens, offset=71035295423 ns
        ON_TOKENS_RETURNED, offset=71035296484 ns
        ON_TOKENS_CALLED, generate 1 tokens, offset=71748988236 ns
        ON_TOKENS_RETURNED, offset=71748989274 ns
        ON_TOKENS_CALLED, generate 1 tokens, offset=72486186653 ns
        ON_TOKENS_RETURNED, offset=72486187516 ns
        ON_TOKENS_CALLED, generate 1 tokens, offset=73223652966 ns
        ON_TOKENS_RETURNED, offset=73223654662 ns
        ON_TOKENS_CALLED, generate 1 tokens, offset=73983010399 ns
        ON_TOKENS_RETURNED, offset=73983011860 ns
        ON_TOKENS_CALLED, generate 1 tokens, offset=74743826778 ns
        ON_TOKENS_RETURNED, offset=74743828117 ns
        ON_TOKENS_CALLED, generate 1 tokens, offset=75529797820 ns
        ON_TOKENS_RETURNED, offset=75529799069 ns
        ON_TOKENS_CALLED, generate 1 tokens, offset=76318305507 ns
        ON_TOKENS_RETURNED, offset=76318331396 ns
        ON_TOKENS_CALLED, generate 1 tokens, offset=77137017447 ns
        ON_TOKENS_RETURNED, offset=77137018358 ns
        ON_TOKENS_CALLED, generate 1 tokens, offset=77957453805 ns
        ON_TOKENS_RETURNED, offset=77957455379 ns
        ON_TOKENS_CALLED, generate 1 tokens, offset=78819158081 ns
        ON_TOKENS_RETURNED, offset=78819159660 ns
        ON_TOKENS_CALLED, generate 1 tokens, offset=79685617406 ns
        ON_TOKENS_RETURNED, offset=79685618755 ns
        ON_TOKENS_CALLED, generate 1 tokens, offset=80590974584 ns
        ON_TOKENS_RETURNED, offset=80590975655 ns
        ON_TOKENS_CALLED, generate 1 tokens, offset=81493000644 ns
        ON_TOKENS_RETURNED, offset=81493001944 ns
        ON_TOKENS_CALLED, generate 1 tokens, offset=82443834481 ns
        ON_TOKENS_RETURNED, offset=82443837272 ns
        ON_TOKENS_CALLED, generate 1 tokens, offset=83393915360 ns
        ON_TOKENS_RETURNED, offset=83393917392 ns
        ON_TOKENS_CALLED, generate 1 tokens, offset=84389547774 ns
        ON_TOKENS_RETURNED, offset=84389549359 ns
        ON_TOKENS_CALLED, generate 1 tokens, offset=85373459687 ns
        ON_TOKENS_RETURNED, offset=85373461251 ns
        ON_TOKENS_CALLED, generate 1 tokens, offset=86408688919 ns
        ON_TOKENS_RETURNED, offset=86408690470 ns
        ON_TOKENS_CALLED, generate 1 tokens, offset=87440687482 ns
        ON_TOKENS_RETURNED, offset=87440688740 ns
        ON_TOKENS_CALLED, generate 1 tokens, offset=88518785772 ns
        ON_TOKENS_RETURNED, offset=88518787389 ns
        ON_TOKENS_CALLED, generate 1 tokens, offset=89586338321 ns
        ON_TOKENS_RETURNED, offset=89586340742 ns
        ON_TOKENS_CALLED, generate 1 tokens, offset=90703929100 ns
        ON_TOKENS_RETURNED, offset=90703929923 ns
        ON_TOKENS_CALLED, generate 1 tokens, offset=91816833988 ns
        ON_TOKENS_RETURNED, offset=91816852258 ns
        ON_TOKENS_CALLED, generate 1 tokens, offset=92973795457 ns
        ON_TOKENS_RETURNED, offset=92973797433 ns
        ON_TOKENS_CALLED, generate 1 tokens, offset=94114598995 ns
        ON_TOKENS_RETURNED, offset=94114600043 ns
        ON_TOKENS_CALLED, generate 1 tokens, offset=95308880752 ns
        ON_TOKENS_RETURNED, offset=95308881606 ns
        ON_TOKENS_CALLED, generate 1 tokens, offset=96495851556 ns
        ON_TOKENS_RETURNED, offset=96495853133 ns
        ON_TOKENS_CALLED, generate 1 tokens, offset=97731026202 ns
        ON_TOKENS_RETURNED, offset=97731028098 ns
        ON_TOKENS_CALLED, generate 1 tokens, offset=98947555127 ns
        ON_TOKENS_RETURNED, offset=98947556049 ns
        ON_TOKENS_CALLED, generate 1 tokens, offset=100221559463 ns
        ON_TOKENS_RETURNED, offset=100221562010 ns
        ON_TOKENS_CALLED, generate 1 tokens, offset=101488219780 ns
        ON_TOKENS_RETURNED, offset=101488221203 ns
        ON_TOKENS_CALLED, generate 1 tokens, offset=102800645614 ns
        ON_TOKENS_RETURNED, offset=102800646560 ns
        ON_TOKENS_CALLED, generate 1 tokens, offset=104093664455 ns
        ON_TOKENS_RETURNED, offset=104093665535 ns
        ON_TOKENS_CALLED, generate 1 tokens, offset=105444797291 ns
        ON_TOKENS_RETURNED, offset=105444800250 ns
        ON_TOKENS_CALLED, generate 1 tokens, offset=106787630845 ns
        ON_TOKENS_RETURNED, offset=106787632589 ns
        ON_TOKENS_CALLED, generate 1 tokens, offset=108177715707 ns
        ON_TOKENS_RETURNED, offset=108177717187 ns
        ON_TOKENS_CALLED, generate 1 tokens, offset=109545412736 ns
        ON_TOKENS_RETURNED, offset=109545413682 ns
        ON_TOKENS_CALLED, generate 1 tokens, offset=110972381227 ns
        ON_TOKENS_RETURNED, offset=110972382639 ns
        ON_TOKENS_CALLED, generate 1 tokens, offset=112385898250 ns
        ON_TOKENS_RETURNED, offset=112385899337 ns
        ON_TOKENS_CALLED, generate 1 tokens, offset=113850706912 ns
        ON_TOKENS_RETURNED, offset=113850709137 ns
        ON_TOKENS_CALLED, generate 1 tokens, offset=115288886726 ns
        ON_TOKENS_RETURNED, offset=115288888462 ns
        ON_TOKENS_CALLED, generate 1 tokens, offset=116791218845 ns
        ON_TOKENS_RETURNED, offset=116791221254 ns
        ON_TOKENS_CALLED, generate 1 tokens, offset=118285158070 ns
        ON_TOKENS_RETURNED, offset=118285159140 ns
        ON_TOKENS_CALLED, generate 1 tokens, offset=119827919199 ns
        ON_TOKENS_RETURNED, offset=119827920272 ns
        ON_TOKENS_CALLED, generate 1 tokens, offset=121347108037 ns
        ON_TOKENS_RETURNED, offset=121347109328 ns
        ON_TOKENS_CALLED, generate 1 tokens, offset=122929586394 ns
        ON_TOKENS_RETURNED, offset=122929587712 ns
        ON_TOKENS_CALLED, generate 1 tokens, offset=124498118032 ns
        ON_TOKENS_RETURNED, offset=124498119100 ns
        ON_TOKENS_CALLED, generate 1 tokens, offset=126118817918 ns
        ON_TOKENS_RETURNED, offset=126118820264 ns
        ON_TOKENS_CALLED, generate 1 tokens, offset=127713809587 ns
        ON_TOKENS_RETURNED, offset=127713811715 ns
        ON_TOKENS_CALLED, generate 1 tokens, offset=129374599632 ns
        ON_TOKENS_RETURNED, offset=129374601115 ns
        ON_TOKENS_CALLED, generate 1 tokens, offset=131011879234 ns
        ON_TOKENS_RETURNED, offset=131011880614 ns
        ON_TOKENS_CALLED, generate 1 tokens, offset=132702917381 ns
        ON_TOKENS_RETURNED, offset=132702919552 ns
        ON_TOKENS_CALLED, generate 1 tokens, offset=134365262961 ns
        ON_TOKENS_RETURNED, offset=134365362892 ns
        ON_TOKENS_CALLED, generate 1 tokens, offset=136095065137 ns
        ON_TOKENS_RETURNED, offset=136095070803 ns
[16:54:13.769867491|thread 2985353|cpu 248] [debug] #EVT# HandleDetails::is_anomalous() handle_id=26 time in state STATE_OPENED exceeded threshold: 64792512448 ns
[16:54:13.769870645|thread 2985353|cpu 248] [debug] #EVT#   Handle,    26, Created, 758718974876963, Last, 758855069980921, Prompted,  8191, Generated,    64, Input TPS, 126.43, Output TPS:  0.79, Callbacks,    64, prompt parsing complete, open
[16:54:13.769887632|thread 2985353|cpu 248] [info ] #EVT#   Handle 26 history:
        SESSION_OPEN, prompt 8192 tokens, offset=0 ns
        PROMPT_TOKENS_REUSE, offset=64792499806 ns
        ON_START_CALLED, offset=64792512448 ns
        ON_START_RETURNED, offset=64792596128 ns
        ON_TOKENS_CALLED, generate 1 tokens, offset=64792604006 ns
        ON_TOKENS_RETURNED, offset=64792605107 ns
        ON_TOKENS_CALLED, generate 1 tokens, offset=65793574116 ns
        ON_TOKENS_RETURNED, offset=65793577162 ns
        ON_TOKENS_CALLED, generate 1 tokens, offset=66371404140 ns
        ON_TOKENS_RETURNED, offset=66371405402 ns
        ON_TOKENS_CALLED, generate 1 tokens, offset=66985577169 ns
        ON_TOKENS_RETURNED, offset=66985578445 ns
        ON_TOKENS_CALLED, generate 1 tokens, offset=67615746646 ns
        ON_TOKENS_RETURNED, offset=67615748086 ns
        ON_TOKENS_CALLED, generate 1 tokens, offset=68275630040 ns
        ON_TOKENS_RETURNED, offset=68275632489 ns
        ON_TOKENS_CALLED, generate 1 tokens, offset=68943719102 ns
        ON_TOKENS_RETURNED, offset=68943720101 ns
        ON_TOKENS_CALLED, generate 1 tokens, offset=69631183661 ns
        ON_TOKENS_RETURNED, offset=69631184766 ns
        ON_TOKENS_CALLED, generate 1 tokens, offset=70324073647 ns
        ON_TOKENS_RETURNED, offset=70324075410 ns
        ON_TOKENS_CALLED, generate 1 tokens, offset=71035328248 ns
        ON_TOKENS_RETURNED, offset=71035330502 ns
        ON_TOKENS_CALLED, generate 1 tokens, offset=71749015683 ns
        ON_TOKENS_RETURNED, offset=71749018090 ns
        ON_TOKENS_CALLED, generate 1 tokens, offset=72486213738 ns
        ON_TOKENS_RETURNED, offset=72486214837 ns
        ON_TOKENS_CALLED, generate 1 tokens, offset=73223684060 ns
        ON_TOKENS_RETURNED, offset=73223685384 ns
        ON_TOKENS_CALLED, generate 1 tokens, offset=73983040905 ns
        ON_TOKENS_RETURNED, offset=73983042281 ns
        ON_TOKENS_CALLED, generate 1 tokens, offset=74743855337 ns
        ON_TOKENS_RETURNED, offset=74743858292 ns
        ON_TOKENS_CALLED, generate 1 tokens, offset=75529829640 ns
        ON_TOKENS_RETURNED, offset=75529831140 ns
        ON_TOKENS_CALLED, generate 1 tokens, offset=76318328002 ns
        ON_TOKENS_RETURNED, offset=76318354127 ns
        ON_TOKENS_CALLED, generate 1 tokens, offset=77137049310 ns
        ON_TOKENS_RETURNED, offset=77137050724 ns
        ON_TOKENS_CALLED, generate 1 tokens, offset=77957485027 ns
        ON_TOKENS_RETURNED, offset=77957487662 ns
        ON_TOKENS_CALLED, generate 1 tokens, offset=78819190214 ns
        ON_TOKENS_RETURNED, offset=78819192474 ns
        ON_TOKENS_CALLED, generate 1 tokens, offset=79685646090 ns
        ON_TOKENS_RETURNED, offset=79685647440 ns
        ON_TOKENS_CALLED, generate 1 tokens, offset=80591007525 ns
        ON_TOKENS_RETURNED, offset=80591008928 ns
        ON_TOKENS_CALLED, generate 1 tokens, offset=81493023057 ns
        ON_TOKENS_RETURNED, offset=81493024359 ns
        ON_TOKENS_CALLED, generate 1 tokens, offset=82443871979 ns
        ON_TOKENS_RETURNED, offset=82443873915 ns
        ON_TOKENS_CALLED, generate 1 tokens, offset=83393948513 ns
        ON_TOKENS_RETURNED, offset=83393951225 ns
        ON_TOKENS_CALLED, generate 1 tokens, offset=84389581231 ns
        ON_TOKENS_RETURNED, offset=84389582708 ns
        ON_TOKENS_CALLED, generate 1 tokens, offset=85373489569 ns
        ON_TOKENS_RETURNED, offset=85373492311 ns
        ON_TOKENS_CALLED, generate 1 tokens, offset=86408718673 ns
        ON_TOKENS_RETURNED, offset=86408719653 ns
        ON_TOKENS_CALLED, generate 1 tokens, offset=87440719980 ns
        ON_TOKENS_RETURNED, offset=87440721635 ns
        ON_TOKENS_CALLED, generate 1 tokens, offset=88518821656 ns
        ON_TOKENS_RETURNED, offset=88518822738 ns
        ON_TOKENS_CALLED, generate 1 tokens, offset=89586369898 ns
        ON_TOKENS_RETURNED, offset=89586372536 ns
        ON_TOKENS_CALLED, generate 1 tokens, offset=90703959704 ns
        ON_TOKENS_RETURNED, offset=90703962041 ns
        ON_TOKENS_CALLED, generate 1 tokens, offset=91816868124 ns
        ON_TOKENS_RETURNED, offset=91816891234 ns
        ON_TOKENS_CALLED, generate 1 tokens, offset=92973827723 ns
        ON_TOKENS_RETURNED, offset=92973829961 ns
        ON_TOKENS_CALLED, generate 1 tokens, offset=94114634706 ns
        ON_TOKENS_RETURNED, offset=94114635821 ns
        ON_TOKENS_CALLED, generate 1 tokens, offset=95308920322 ns
        ON_TOKENS_RETURNED, offset=95308921810 ns
        ON_TOKENS_CALLED, generate 1 tokens, offset=96495882954 ns
        ON_TOKENS_RETURNED, offset=96495884116 ns
        ON_TOKENS_CALLED, generate 1 tokens, offset=97731054747 ns
        ON_TOKENS_RETURNED, offset=97731057035 ns
        ON_TOKENS_CALLED, generate 1 tokens, offset=98947596422 ns
        ON_TOKENS_RETURNED, offset=98947597667 ns
        ON_TOKENS_CALLED, generate 1 tokens, offset=100221592968 ns
        ON_TOKENS_RETURNED, offset=100221595009 ns
        ON_TOKENS_CALLED, generate 1 tokens, offset=101488252029 ns
        ON_TOKENS_RETURNED, offset=101488253883 ns
        ON_TOKENS_CALLED, generate 1 tokens, offset=102800682583 ns
        ON_TOKENS_RETURNED, offset=102800683506 ns
        ON_TOKENS_CALLED, generate 1 tokens, offset=104093695783 ns
        ON_TOKENS_RETURNED, offset=104093697529 ns
        ON_TOKENS_CALLED, generate 1 tokens, offset=105444828592 ns
        ON_TOKENS_RETURNED, offset=105444829292 ns
        ON_TOKENS_CALLED, generate 1 tokens, offset=106787662097 ns
        ON_TOKENS_RETURNED, offset=106787662976 ns
        ON_TOKENS_CALLED, generate 1 tokens, offset=108177748041 ns
        ON_TOKENS_RETURNED, offset=108177748814 ns
        ON_TOKENS_CALLED, generate 1 tokens, offset=109545440042 ns
        ON_TOKENS_RETURNED, offset=109545440668 ns
        ON_TOKENS_CALLED, generate 1 tokens, offset=110972408393 ns
        ON_TOKENS_RETURNED, offset=110972410188 ns
        ON_TOKENS_CALLED, generate 1 tokens, offset=112385925220 ns
        ON_TOKENS_RETURNED, offset=112385927160 ns
        ON_TOKENS_CALLED, generate 1 tokens, offset=113850738587 ns
        ON_TOKENS_RETURNED, offset=113850740667 ns
        ON_TOKENS_CALLED, generate 1 tokens, offset=115288918616 ns
        ON_TOKENS_RETURNED, offset=115288921502 ns
        ON_TOKENS_CALLED, generate 1 tokens, offset=116791250305 ns
        ON_TOKENS_RETURNED, offset=116791252840 ns
        ON_TOKENS_CALLED, generate 1 tokens, offset=118285189651 ns
        ON_TOKENS_RETURNED, offset=118285190627 ns
        ON_TOKENS_CALLED, generate 1 tokens, offset=119827947172 ns
        ON_TOKENS_RETURNED, offset=119827948472 ns
        ON_TOKENS_CALLED, generate 1 tokens, offset=121347145609 ns
        ON_TOKENS_RETURNED, offset=121347147649 ns
        ON_TOKENS_CALLED, generate 1 tokens, offset=122929613791 ns
        ON_TOKENS_RETURNED, offset=122929614906 ns
        ON_TOKENS_CALLED, generate 1 tokens, offset=124498148010 ns
        ON_TOKENS_RETURNED, offset=124498149493 ns
        ON_TOKENS_CALLED, generate 1 tokens, offset=126118848693 ns
        ON_TOKENS_RETURNED, offset=126118850552 ns
        ON_TOKENS_CALLED, generate 1 tokens, offset=127713840690 ns
        ON_TOKENS_RETURNED, offset=127713842353 ns
        ON_TOKENS_CALLED, generate 1 tokens, offset=129374630776 ns
        ON_TOKENS_RETURNED, offset=129374632530 ns
        ON_TOKENS_CALLED, generate 1 tokens, offset=131011912753 ns
        ON_TOKENS_RETURNED, offset=131011914007 ns
        ON_TOKENS_CALLED, generate 1 tokens, offset=132702950605 ns
        ON_TOKENS_RETURNED, offset=132702952591 ns
        ON_TOKENS_CALLED, generate 1 tokens, offset=134365288996 ns
        ON_TOKENS_RETURNED, offset=134365403045 ns
        ON_TOKENS_CALLED, generate 1 tokens, offset=136095097670 ns
        ON_TOKENS_RETURNED, offset=136095103958 ns
[16:54:13.769900377|thread 2985353|cpu 248] [debug] #EVT# HandleDetails::is_anomalous() handle_id=15 time in state STATE_OPENED exceeded threshold: 64792637751 ns
[16:54:13.769902549|thread 2985353|cpu 248] [debug] #EVT#   Handle,    15, Created, 758718974751439, Last, 758855069981108, Prompted,  8191, Generated,    64, Input TPS, 126.43, Output TPS:  0.79, Callbacks,    64, prompt parsing complete, open
[16:54:13.769917376|thread 2985353|cpu 248] [info ] #EVT#   Handle 15 history:
        SESSION_OPEN, prompt 8192 tokens, offset=0 ns
        PROMPT_TOKENS_REUSE, offset=64792624158 ns
        ON_START_CALLED, offset=64792637751 ns
        ON_START_RETURNED, offset=64792691596 ns
        ON_TOKENS_CALLED, generate 1 tokens, offset=64792713650 ns
        ON_TOKENS_RETURNED, offset=64792715437 ns
        ON_TOKENS_CALLED, generate 1 tokens, offset=65793708586 ns
        ON_TOKENS_RETURNED, offset=65793710231 ns
        ON_TOKENS_CALLED, generate 1 tokens, offset=66371528324 ns
        ON_TOKENS_RETURNED, offset=66371529998 ns
        ON_TOKENS_CALLED, generate 1 tokens, offset=66985701047 ns
        ON_TOKENS_RETURNED, offset=66985702801 ns
        ON_TOKENS_CALLED, generate 1 tokens, offset=67615868886 ns
        ON_TOKENS_RETURNED, offset=67615871442 ns
        ON_TOKENS_CALLED, generate 1 tokens, offset=68275754076 ns
        ON_TOKENS_RETURNED, offset=68275756670 ns
        ON_TOKENS_CALLED, generate 1 tokens, offset=68943846228 ns
        ON_TOKENS_RETURNED, offset=68943848099 ns
        ON_TOKENS_CALLED, generate 1 tokens, offset=69631305040 ns
        ON_TOKENS_RETURNED, offset=69631307005 ns
        ON_TOKENS_CALLED, generate 1 tokens, offset=70324197850 ns
        ON_TOKENS_RETURNED, offset=70324199728 ns
        ON_TOKENS_CALLED, generate 1 tokens, offset=71035451514 ns
        ON_TOKENS_RETURNED, offset=71035452902 ns
        ON_TOKENS_CALLED, generate 1 tokens, offset=71749139693 ns
        ON_TOKENS_RETURNED, offset=71749142119 ns
        ON_TOKENS_CALLED, generate 1 tokens, offset=72486333842 ns
        ON_TOKENS_RETURNED, offset=72486335106 ns
        ON_TOKENS_CALLED, generate 1 tokens, offset=73223808014 ns
        ON_TOKENS_RETURNED, offset=73223809538 ns
        ON_TOKENS_CALLED, generate 1 tokens, offset=73983162716 ns
        ON_TOKENS_RETURNED, offset=73983163877 ns
        ON_TOKENS_CALLED, generate 1 tokens, offset=74743978987 ns
        ON_TOKENS_RETURNED, offset=74743981347 ns
        ON_TOKENS_CALLED, generate 1 tokens, offset=75529953234 ns
        ON_TOKENS_RETURNED, offset=75529955887 ns
        ON_TOKENS_CALLED, generate 1 tokens, offset=76318451657 ns
        ON_TOKENS_RETURNED, offset=76318480316 ns
        ON_TOKENS_CALLED, generate 1 tokens, offset=77137178460 ns
        ON_TOKENS_RETURNED, offset=77137179849 ns
        ON_TOKENS_CALLED, generate 1 tokens, offset=77957608913 ns
        ON_TOKENS_RETURNED, offset=77957612179 ns
        ON_TOKENS_CALLED, generate 1 tokens, offset=78819313402 ns
        ON_TOKENS_RETURNED, offset=78819315291 ns
        ON_TOKENS_CALLED, generate 1 tokens, offset=79685771678 ns
        ON_TOKENS_RETURNED, offset=79685773955 ns
        ON_TOKENS_CALLED, generate 1 tokens, offset=80591131070 ns
        ON_TOKENS_RETURNED, offset=80591132207 ns
        ON_TOKENS_CALLED, generate 1 tokens, offset=81493148479 ns
        ON_TOKENS_RETURNED, offset=81493150875 ns
        ON_TOKENS_CALLED, generate 1 tokens, offset=82443997262 ns
        ON_TOKENS_RETURNED, offset=82443998220 ns
        ON_TOKENS_CALLED, generate 1 tokens, offset=83394071380 ns
        ON_TOKENS_RETURNED, offset=83394073744 ns
        ON_TOKENS_CALLED, generate 1 tokens, offset=84389706147 ns
        ON_TOKENS_RETURNED, offset=84389708662 ns
        ON_TOKENS_CALLED, generate 1 tokens, offset=85373613094 ns
        ON_TOKENS_RETURNED, offset=85373615807 ns
        ON_TOKENS_CALLED, generate 1 tokens, offset=86408835393 ns
        ON_TOKENS_RETURNED, offset=86408837361 ns
        ON_TOKENS_CALLED, generate 1 tokens, offset=87440844102 ns
        ON_TOKENS_RETURNED, offset=87440845041 ns
        ON_TOKENS_CALLED, generate 1 tokens, offset=88518945527 ns
        ON_TOKENS_RETURNED, offset=88518946411 ns
        ON_TOKENS_CALLED, generate 1 tokens, offset=89586494701 ns
        ON_TOKENS_RETURNED, offset=89586496961 ns
        ON_TOKENS_CALLED, generate 1 tokens, offset=90704084305 ns
        ON_TOKENS_RETURNED, offset=90704086023 ns
        ON_TOKENS_CALLED, generate 1 tokens, offset=91816989422 ns
        ON_TOKENS_RETURNED, offset=91817012142 ns
        ON_TOKENS_CALLED, generate 1 tokens, offset=92973950539 ns
        ON_TOKENS_RETURNED, offset=92973952786 ns
        ON_TOKENS_CALLED, generate 1 tokens, offset=94114751058 ns
        ON_TOKENS_RETURNED, offset=94114752253 ns
        ON_TOKENS_CALLED, generate 1 tokens, offset=95309036404 ns
        ON_TOKENS_RETURNED, offset=95309038363 ns
        ON_TOKENS_CALLED, generate 1 tokens, offset=96496007194 ns
        ON_TOKENS_RETURNED, offset=96496008840 ns
        ON_TOKENS_CALLED, generate 1 tokens, offset=97731182674 ns
        ON_TOKENS_RETURNED, offset=97731184245 ns
        ON_TOKENS_CALLED, generate 1 tokens, offset=98947716388 ns
        ON_TOKENS_RETURNED, offset=98947718413 ns
        ON_TOKENS_CALLED, generate 1 tokens, offset=100221718065 ns
        ON_TOKENS_RETURNED, offset=100221720092 ns
        ON_TOKENS_CALLED, generate 1 tokens, offset=101488375091 ns
        ON_TOKENS_RETURNED, offset=101488377710 ns
        ON_TOKENS_CALLED, generate 1 tokens, offset=102800801663 ns
        ON_TOKENS_RETURNED, offset=102800803024 ns
        ON_TOKENS_CALLED, generate 1 tokens, offset=104093824842 ns
        ON_TOKENS_RETURNED, offset=104093825806 ns
        ON_TOKENS_CALLED, generate 1 tokens, offset=105444952388 ns
        ON_TOKENS_RETURNED, offset=105444955534 ns
        ON_TOKENS_CALLED, generate 1 tokens, offset=106787786198 ns
        ON_TOKENS_RETURNED, offset=106787787472 ns
        ON_TOKENS_CALLED, generate 1 tokens, offset=108177870608 ns
        ON_TOKENS_RETURNED, offset=108177872092 ns
        ON_TOKENS_CALLED, generate 1 tokens, offset=109545563173 ns
        ON_TOKENS_RETURNED, offset=109545564412 ns
        ON_TOKENS_CALLED, generate 1 tokens, offset=110972531320 ns
        ON_TOKENS_RETURNED, offset=110972533746 ns
        ON_TOKENS_CALLED, generate 1 tokens, offset=112386054915 ns
        ON_TOKENS_RETURNED, offset=112386055992 ns
        ON_TOKENS_CALLED, generate 1 tokens, offset=113850866858 ns
        ON_TOKENS_RETURNED, offset=113850868764 ns
        ON_TOKENS_CALLED, generate 1 tokens, offset=115289045251 ns
        ON_TOKENS_RETURNED, offset=115289047451 ns
        ON_TOKENS_CALLED, generate 1 tokens, offset=116791375180 ns
        ON_TOKENS_RETURNED, offset=116791377167 ns
        ON_TOKENS_CALLED, generate 1 tokens, offset=118285313539 ns
        ON_TOKENS_RETURNED, offset=118285315360 ns
        ON_TOKENS_CALLED, generate 1 tokens, offset=119828070614 ns
        ON_TOKENS_RETURNED, offset=119828071846 ns
        ON_TOKENS_CALLED, generate 1 tokens, offset=121347264900 ns
        ON_TOKENS_RETURNED, offset=121347267470 ns
        ON_TOKENS_CALLED, generate 1 tokens, offset=122929732947 ns
        ON_TOKENS_RETURNED, offset=122929734545 ns
        ON_TOKENS_CALLED, generate 1 tokens, offset=124498273945 ns
        ON_TOKENS_RETURNED, offset=124498276113 ns
        ON_TOKENS_CALLED, generate 1 tokens, offset=126118972922 ns
        ON_TOKENS_RETURNED, offset=126118974103 ns
        ON_TOKENS_CALLED, generate 1 tokens, offset=127713963231 ns
        ON_TOKENS_RETURNED, offset=127713966370 ns
        ON_TOKENS_CALLED, generate 1 tokens, offset=129374757098 ns
        ON_TOKENS_RETURNED, offset=129374758329 ns
        ON_TOKENS_CALLED, generate 1 tokens, offset=131012045037 ns
        ON_TOKENS_RETURNED, offset=131012046621 ns
        ON_TOKENS_CALLED, generate 1 tokens, offset=132703079913 ns
        ON_TOKENS_RETURNED, offset=132703080776 ns
        ON_TOKENS_CALLED, generate 1 tokens, offset=134365418954 ns
        ON_TOKENS_RETURNED, offset=134365569225 ns
        ON_TOKENS_CALLED, generate 1 tokens, offset=136095221720 ns
        ON_TOKENS_RETURNED, offset=136095229669 ns
[16:54:13.769930862|thread 2985353|cpu 248] [debug] #EVT# HandleDetails::is_anomalous() handle_id=1 time in state STATE_OPENED exceeded threshold: 64792807844 ns
[16:54:13.769932801|thread 2985353|cpu 248] [debug] #EVT#   Handle,     1, Created, 758718974583413, Last, 758855069984432, Prompted,  8192, Generated,    64, Input TPS, 126.43, Output TPS:  0.79, Callbacks,    64, prompt parsing complete, open
[16:54:13.769947928|thread 2985353|cpu 248] [info ] #EVT#   Handle 1 history:
        SESSION_OPEN, prompt 8192 tokens, offset=0 ns
        PROMPT_TOKENS_REUSE, offset=64792791461 ns
        ON_START_CALLED, offset=64792807844 ns
        ON_START_RETURNED, offset=64792876116 ns
        ON_TOKENS_CALLED, generate 1 tokens, offset=64792885296 ns
        ON_TOKENS_RETURNED, offset=64792886738 ns
        ON_TOKENS_CALLED, generate 1 tokens, offset=65793872491 ns
        ON_TOKENS_RETURNED, offset=65793874097 ns
        ON_TOKENS_CALLED, generate 1 tokens, offset=66371695096 ns
        ON_TOKENS_RETURNED, offset=66371697809 ns
        ON_TOKENS_CALLED, generate 1 tokens, offset=66985867160 ns
        ON_TOKENS_RETURNED, offset=66985868954 ns
        ON_TOKENS_CALLED, generate 1 tokens, offset=67616035571 ns
        ON_TOKENS_RETURNED, offset=67616037566 ns
        ON_TOKENS_CALLED, generate 1 tokens, offset=68275919927 ns
        ON_TOKENS_RETURNED, offset=68275921854 ns
        ON_TOKENS_CALLED, generate 1 tokens, offset=68944003142 ns
        ON_TOKENS_RETURNED, offset=68944004059 ns
        ON_TOKENS_CALLED, generate 1 tokens, offset=69631469775 ns
        ON_TOKENS_RETURNED, offset=69631470773 ns
        ON_TOKENS_CALLED, generate 1 tokens, offset=70324363605 ns
        ON_TOKENS_RETURNED, offset=70324365950 ns
        ON_TOKENS_CALLED, generate 1 tokens, offset=71035617859 ns
        ON_TOKENS_RETURNED, offset=71035620457 ns
        ON_TOKENS_CALLED, generate 1 tokens, offset=71749312445 ns
        ON_TOKENS_RETURNED, offset=71749313936 ns
        ON_TOKENS_CALLED, generate 1 tokens, offset=72486504691 ns
        ON_TOKENS_RETURNED, offset=72486505698 ns
        ON_TOKENS_CALLED, generate 1 tokens, offset=73223974013 ns
        ON_TOKENS_RETURNED, offset=73223975233 ns
        ON_TOKENS_CALLED, generate 1 tokens, offset=73983329553 ns
        ON_TOKENS_RETURNED, offset=73983331315 ns
        ON_TOKENS_CALLED, generate 1 tokens, offset=74744145088 ns
        ON_TOKENS_RETURNED, offset=74744146652 ns
        ON_TOKENS_CALLED, generate 1 tokens, offset=75530120313 ns
        ON_TOKENS_RETURNED, offset=75530121557 ns
        ON_TOKENS_CALLED, generate 1 tokens, offset=76318622470 ns
        ON_TOKENS_RETURNED, offset=76318635399 ns
        ON_TOKENS_CALLED, generate 1 tokens, offset=77137339612 ns
        ON_TOKENS_RETURNED, offset=77137341460 ns
        ON_TOKENS_CALLED, generate 1 tokens, offset=77957775782 ns
        ON_TOKENS_RETURNED, offset=77957777780 ns
        ON_TOKENS_CALLED, generate 1 tokens, offset=78819479428 ns
        ON_TOKENS_RETURNED, offset=78819482028 ns
        ON_TOKENS_CALLED, generate 1 tokens, offset=79685928618 ns
        ON_TOKENS_RETURNED, offset=79685930415 ns
        ON_TOKENS_CALLED, generate 1 tokens, offset=80591295610 ns
        ON_TOKENS_RETURNED, offset=80591297472 ns
        ON_TOKENS_CALLED, generate 1 tokens, offset=81493321513 ns
        ON_TOKENS_RETURNED, offset=81493324128 ns
        ON_TOKENS_CALLED, generate 1 tokens, offset=82444155900 ns
        ON_TOKENS_RETURNED, offset=82444158907 ns
        ON_TOKENS_CALLED, generate 1 tokens, offset=83394237552 ns
        ON_TOKENS_RETURNED, offset=83394238845 ns
        ON_TOKENS_CALLED, generate 1 tokens, offset=84389869321 ns
        ON_TOKENS_RETURNED, offset=84389871161 ns
        ON_TOKENS_CALLED, generate 1 tokens, offset=85373778205 ns
        ON_TOKENS_RETURNED, offset=85373779232 ns
        ON_TOKENS_CALLED, generate 1 tokens, offset=86409000684 ns
        ON_TOKENS_RETURNED, offset=86409002754 ns
        ON_TOKENS_CALLED, generate 1 tokens, offset=87441010125 ns
        ON_TOKENS_RETURNED, offset=87441013131 ns
        ON_TOKENS_CALLED, generate 1 tokens, offset=88519109400 ns
        ON_TOKENS_RETURNED, offset=88519112184 ns
        ON_TOKENS_CALLED, generate 1 tokens, offset=89586660340 ns
        ON_TOKENS_RETURNED, offset=89586663381 ns
        ON_TOKENS_CALLED, generate 1 tokens, offset=90704250664 ns
        ON_TOKENS_RETURNED, offset=90704252946 ns
        ON_TOKENS_CALLED, generate 1 tokens, offset=91817154450 ns
        ON_TOKENS_RETURNED, offset=91817184611 ns
        ON_TOKENS_CALLED, generate 1 tokens, offset=92974116891 ns
        ON_TOKENS_RETURNED, offset=92974119433 ns
        ON_TOKENS_CALLED, generate 1 tokens, offset=94114916524 ns
        ON_TOKENS_RETURNED, offset=94114918305 ns
        ON_TOKENS_CALLED, generate 1 tokens, offset=95309203636 ns
        ON_TOKENS_RETURNED, offset=95309204859 ns
        ON_TOKENS_CALLED, generate 1 tokens, offset=96496174217 ns
        ON_TOKENS_RETURNED, offset=96496176007 ns
        ON_TOKENS_CALLED, generate 1 tokens, offset=97731350324 ns
        ON_TOKENS_RETURNED, offset=97731351845 ns
        ON_TOKENS_CALLED, generate 1 tokens, offset=98947875929 ns
        ON_TOKENS_RETURNED, offset=98947877451 ns
        ON_TOKENS_CALLED, generate 1 tokens, offset=100221880523 ns
        ON_TOKENS_RETURNED, offset=100221881684 ns
        ON_TOKENS_CALLED, generate 1 tokens, offset=101488541358 ns
        ON_TOKENS_RETURNED, offset=101488542563 ns
        ON_TOKENS_CALLED, generate 1 tokens, offset=102800961306 ns
        ON_TOKENS_RETURNED, offset=102800963543 ns
        ON_TOKENS_CALLED, generate 1 tokens, offset=104093983460 ns
        ON_TOKENS_RETURNED, offset=104093986372 ns
        ON_TOKENS_CALLED, generate 1 tokens, offset=105445119178 ns
        ON_TOKENS_RETURNED, offset=105445121901 ns
        ON_TOKENS_CALLED, generate 1 tokens, offset=106787953268 ns
        ON_TOKENS_RETURNED, offset=106787954591 ns
        ON_TOKENS_CALLED, generate 1 tokens, offset=108178037394 ns
        ON_TOKENS_RETURNED, offset=108178038840 ns
        ON_TOKENS_CALLED, generate 1 tokens, offset=109545730076 ns
        ON_TOKENS_RETURNED, offset=109545731311 ns
        ON_TOKENS_CALLED, generate 1 tokens, offset=110972706283 ns
        ON_TOKENS_RETURNED, offset=110972707281 ns
        ON_TOKENS_CALLED, generate 1 tokens, offset=112386221216 ns
        ON_TOKENS_RETURNED, offset=112386222347 ns
        ON_TOKENS_CALLED, generate 1 tokens, offset=113851028937 ns
        ON_TOKENS_RETURNED, offset=113851030807 ns
        ON_TOKENS_CALLED, generate 1 tokens, offset=115289209149 ns
        ON_TOKENS_RETURNED, offset=115289210187 ns
        ON_TOKENS_CALLED, generate 1 tokens, offset=116791540086 ns
        ON_TOKENS_RETURNED, offset=116791542506 ns
        ON_TOKENS_CALLED, generate 1 tokens, offset=118285483230 ns
        ON_TOKENS_RETURNED, offset=118285484707 ns
        ON_TOKENS_CALLED, generate 1 tokens, offset=119828245482 ns
        ON_TOKENS_RETURNED, offset=119828246977 ns
        ON_TOKENS_CALLED, generate 1 tokens, offset=121347434367 ns
        ON_TOKENS_RETURNED, offset=121347436332 ns
        ON_TOKENS_CALLED, generate 1 tokens, offset=122929917722 ns
        ON_TOKENS_RETURNED, offset=122929918723 ns
        ON_TOKENS_CALLED, generate 1 tokens, offset=124498443598 ns
        ON_TOKENS_RETURNED, offset=124498445107 ns
        ON_TOKENS_CALLED, generate 1 tokens, offset=126119141979 ns
        ON_TOKENS_RETURNED, offset=126119143325 ns
        ON_TOKENS_CALLED, generate 1 tokens, offset=127714131876 ns
        ON_TOKENS_RETURNED, offset=127714134023 ns
        ON_TOKENS_CALLED, generate 1 tokens, offset=129374923721 ns
        ON_TOKENS_RETURNED, offset=129374925347 ns
        ON_TOKENS_CALLED, generate 1 tokens, offset=131012207982 ns
        ON_TOKENS_RETURNED, offset=131012210656 ns
        ON_TOKENS_CALLED, generate 1 tokens, offset=132703240200 ns
        ON_TOKENS_RETURNED, offset=132703241627 ns
        ON_TOKENS_CALLED, generate 1 tokens, offset=134365583685 ns
        ON_TOKENS_RETURNED, offset=134365719368 ns
        ON_TOKENS_CALLED, generate 1 tokens, offset=136095389497 ns
        ON_TOKENS_RETURNED, offset=136095401019 ns
[16:54:13.769958228|thread 2985353|cpu 248] [debug] #EVT# HandleDetails::is_anomalous() handle_id=32 time in state STATE_OPENED exceeded threshold: 64792431397 ns
[16:54:13.769959956|thread 2985353|cpu 248] [debug] #EVT#   Handle,    32, Created, 758718974960204, Last, 758855069981789, Prompted,  8191, Generated,    64, Input TPS, 126.43, Output TPS:  0.79, Callbacks,    64, prompt parsing complete, open
[16:54:13.769973213|thread 2985353|cpu 248] [info ] #EVT#   Handle 32 history:
        SESSION_OPEN, prompt 8192 tokens, offset=0 ns
        PROMPT_TOKENS_REUSE, offset=64792422619 ns
        ON_START_CALLED, offset=64792431397 ns
        ON_START_RETURNED, offset=64792527746 ns
        ON_TOKENS_CALLED, generate 1 tokens, offset=64792536818 ns
        ON_TOKENS_RETURNED, offset=64792537866 ns
        ON_TOKENS_CALLED, generate 1 tokens, offset=65793495364 ns
        ON_TOKENS_RETURNED, offset=65793497885 ns
        ON_TOKENS_CALLED, generate 1 tokens, offset=66371324296 ns
        ON_TOKENS_RETURNED, offset=66371325849 ns
        ON_TOKENS_CALLED, generate 1 tokens, offset=66985496605 ns
        ON_TOKENS_RETURNED, offset=66985498775 ns
        ON_TOKENS_CALLED, generate 1 tokens, offset=67615663885 ns
        ON_TOKENS_RETURNED, offset=67615666260 ns
        ON_TOKENS_CALLED, generate 1 tokens, offset=68275550112 ns
        ON_TOKENS_RETURNED, offset=68275552490 ns
        ON_TOKENS_CALLED, generate 1 tokens, offset=68943637507 ns
        ON_TOKENS_RETURNED, offset=68943639096 ns
        ON_TOKENS_CALLED, generate 1 tokens, offset=69631102730 ns
        ON_TOKENS_RETURNED, offset=69631104850 ns
        ON_TOKENS_CALLED, generate 1 tokens, offset=70323993617 ns
        ON_TOKENS_RETURNED, offset=70323996558 ns
        ON_TOKENS_CALLED, generate 1 tokens, offset=71035248286 ns
        ON_TOKENS_RETURNED, offset=71035250774 ns
        ON_TOKENS_CALLED, generate 1 tokens, offset=71748941344 ns
        ON_TOKENS_RETURNED, offset=71748943664 ns
        ON_TOKENS_CALLED, generate 1 tokens, offset=72486128777 ns
        ON_TOKENS_RETURNED, offset=72486130940 ns
        ON_TOKENS_CALLED, generate 1 tokens, offset=73223604453 ns
        ON_TOKENS_RETURNED, offset=73223605650 ns
        ON_TOKENS_CALLED, generate 1 tokens, offset=73982961011 ns
        ON_TOKENS_RETURNED, offset=73982962574 ns
        ON_TOKENS_CALLED, generate 1 tokens, offset=74743778367 ns
        ON_TOKENS_RETURNED, offset=74743780716 ns
        ON_TOKENS_CALLED, generate 1 tokens, offset=75529750871 ns
        ON_TOKENS_RETURNED, offset=75529752218 ns
        ON_TOKENS_CALLED, generate 1 tokens, offset=76318253254 ns
        ON_TOKENS_RETURNED, offset=76318272171 ns
        ON_TOKENS_CALLED, generate 1 tokens, offset=77136970703 ns
        ON_TOKENS_RETURNED, offset=77136972262 ns
        ON_TOKENS_CALLED, generate 1 tokens, offset=77957406068 ns
        ON_TOKENS_RETURNED, offset=77957408312 ns
        ON_TOKENS_CALLED, generate 1 tokens, offset=78819110076 ns
        ON_TOKENS_RETURNED, offset=78819111357 ns
        ON_TOKENS_CALLED, generate 1 tokens, offset=79685561795 ns
        ON_TOKENS_RETURNED, offset=79685563109 ns
        ON_TOKENS_CALLED, generate 1 tokens, offset=80590924480 ns
        ON_TOKENS_RETURNED, offset=80590925479 ns
        ON_TOKENS_CALLED, generate 1 tokens, offset=81492945222 ns
        ON_TOKENS_RETURNED, offset=81492946489 ns
        ON_TOKENS_CALLED, generate 1 tokens, offset=82443785710 ns
        ON_TOKENS_RETURNED, offset=82443787921 ns
        ON_TOKENS_CALLED, generate 1 tokens, offset=83393867871 ns
        ON_TOKENS_RETURNED, offset=83393869326 ns
        ON_TOKENS_CALLED, generate 1 tokens, offset=84389500197 ns
        ON_TOKENS_RETURNED, offset=84389502571 ns
        ON_TOKENS_CALLED, generate 1 tokens, offset=85373409473 ns
        ON_TOKENS_RETURNED, offset=85373411476 ns
        ON_TOKENS_CALLED, generate 1 tokens, offset=86408634108 ns
        ON_TOKENS_RETURNED, offset=86408635253 ns
        ON_TOKENS_CALLED, generate 1 tokens, offset=87440639975 ns
        ON_TOKENS_RETURNED, offset=87440640891 ns
        ON_TOKENS_CALLED, generate 1 tokens, offset=88518742506 ns
        ON_TOKENS_RETURNED, offset=88518743224 ns
        ON_TOKENS_CALLED, generate 1 tokens, offset=89586291098 ns
        ON_TOKENS_RETURNED, offset=89586293152 ns
        ON_TOKENS_CALLED, generate 1 tokens, offset=90703881553 ns
        ON_TOKENS_RETURNED, offset=90703882982 ns
        ON_TOKENS_CALLED, generate 1 tokens, offset=91816786574 ns
        ON_TOKENS_RETURNED, offset=91816811824 ns
        ON_TOKENS_CALLED, generate 1 tokens, offset=92973747879 ns
        ON_TOKENS_RETURNED, offset=92973750180 ns
        ON_TOKENS_CALLED, generate 1 tokens, offset=94114552071 ns
        ON_TOKENS_RETURNED, offset=94114553098 ns
        ON_TOKENS_CALLED, generate 1 tokens, offset=95308838725 ns
        ON_TOKENS_RETURNED, offset=95308840013 ns
        ON_TOKENS_CALLED, generate 1 tokens, offset=96495804471 ns
        ON_TOKENS_RETURNED, offset=96495805823 ns
        ON_TOKENS_CALLED, generate 1 tokens, offset=97730976490 ns
        ON_TOKENS_RETURNED, offset=97730978776 ns
        ON_TOKENS_CALLED, generate 1 tokens, offset=98947504689 ns
        ON_TOKENS_RETURNED, offset=98947505609 ns
        ON_TOKENS_CALLED, generate 1 tokens, offset=100221511994 ns
        ON_TOKENS_RETURNED, offset=100221513647 ns
        ON_TOKENS_CALLED, generate 1 tokens, offset=101488171389 ns
        ON_TOKENS_RETURNED, offset=101488172774 ns
        ON_TOKENS_CALLED, generate 1 tokens, offset=102800600548 ns
        ON_TOKENS_RETURNED, offset=102800601795 ns
        ON_TOKENS_CALLED, generate 1 tokens, offset=104093615178 ns
        ON_TOKENS_RETURNED, offset=104093616638 ns
        ON_TOKENS_CALLED, generate 1 tokens, offset=105444749978 ns
        ON_TOKENS_RETURNED, offset=105444750783 ns
        ON_TOKENS_CALLED, generate 1 tokens, offset=106787583370 ns
        ON_TOKENS_RETURNED, offset=106787584560 ns
        ON_TOKENS_CALLED, generate 1 tokens, offset=108177668978 ns
        ON_TOKENS_RETURNED, offset=108177670551 ns
        ON_TOKENS_CALLED, generate 1 tokens, offset=109545366971 ns
        ON_TOKENS_RETURNED, offset=109545368042 ns
        ON_TOKENS_CALLED, generate 1 tokens, offset=110972328683 ns
        ON_TOKENS_RETURNED, offset=110972329928 ns
        ON_TOKENS_CALLED, generate 1 tokens, offset=112385846005 ns
        ON_TOKENS_RETURNED, offset=112385847093 ns
        ON_TOKENS_CALLED, generate 1 tokens, offset=113850660063 ns
        ON_TOKENS_RETURNED, offset=113850662303 ns
        ON_TOKENS_CALLED, generate 1 tokens, offset=115288840949 ns
        ON_TOKENS_RETURNED, offset=115288843313 ns
        ON_TOKENS_CALLED, generate 1 tokens, offset=116791185984 ns
        ON_TOKENS_RETURNED, offset=116791187489 ns
        ON_TOKENS_CALLED, generate 1 tokens, offset=118285110519 ns
        ON_TOKENS_RETURNED, offset=118285111587 ns
        ON_TOKENS_CALLED, generate 1 tokens, offset=119827865012 ns
        ON_TOKENS_RETURNED, offset=119827866027 ns
        ON_TOKENS_CALLED, generate 1 tokens, offset=121347066129 ns
        ON_TOKENS_RETURNED, offset=121347068626 ns
        ON_TOKENS_CALLED, generate 1 tokens, offset=122929533837 ns
        ON_TOKENS_RETURNED, offset=122929535106 ns
        ON_TOKENS_CALLED, generate 1 tokens, offset=124498070910 ns
        ON_TOKENS_RETURNED, offset=124498072443 ns
        ON_TOKENS_CALLED, generate 1 tokens, offset=126118772868 ns
        ON_TOKENS_RETURNED, offset=126118773761 ns
        ON_TOKENS_CALLED, generate 1 tokens, offset=127713759763 ns
        ON_TOKENS_RETURNED, offset=127713762345 ns
        ON_TOKENS_CALLED, generate 1 tokens, offset=129374550845 ns
        ON_TOKENS_RETURNED, offset=129374552681 ns
        ON_TOKENS_CALLED, generate 1 tokens, offset=131011839630 ns
        ON_TOKENS_RETURNED, offset=131011840440 ns
        ON_TOKENS_CALLED, generate 1 tokens, offset=132702870191 ns
        ON_TOKENS_RETURNED, offset=132702871436 ns
        ON_TOKENS_CALLED, generate 1 tokens, offset=134365213322 ns
        ON_TOKENS_RETURNED, offset=134365386139 ns
        ON_TOKENS_CALLED, generate 1 tokens, offset=136095017434 ns
        ON_TOKENS_RETURNED, offset=136095021585 ns
[16:54:15.460141503|thread 2985353|cpu 248] [debug] #EVT# HandleDetails::is_anomalous() handle_id=42 time in state STATE_OPENED exceeded threshold: 65790249193 ns
[16:54:15.460163112|thread 2985353|cpu 248] [debug] #EVT#   Handle,    42, Created, 758718978219649, Last, 758856579204368, Prompted,  8191, Generated,    64, Input TPS, 124.52, Output TPS:  0.78, Callbacks,    64, prompt parsing complete, open
[16:54:15.460191395|thread 2985353|cpu 248] [info ] #EVT#   Handle 42 history:
        SESSION_OPEN, prompt 8192 tokens, offset=0 ns
        PROMPT_TOKENS_REUSE, offset=65790238028 ns
        ON_START_CALLED, offset=65790249193 ns
        ON_START_RETURNED, offset=65790318392 ns
        ON_TOKENS_CALLED, generate 1 tokens, offset=65790327165 ns
        ON_TOKENS_RETURNED, offset=65790328022 ns
        ON_TOKENS_CALLED, generate 1 tokens, offset=66368067469 ns
        ON_TOKENS_RETURNED, offset=66368069063 ns
        ON_TOKENS_CALLED, generate 1 tokens, offset=66982239353 ns
        ON_TOKENS_RETURNED, offset=66982241239 ns
        ON_TOKENS_CALLED, generate 1 tokens, offset=67612397590 ns
        ON_TOKENS_RETURNED, offset=67612399185 ns
        ON_TOKENS_CALLED, generate 1 tokens, offset=68272300406 ns
        ON_TOKENS_RETURNED, offset=68272301665 ns
        ON_TOKENS_CALLED, generate 1 tokens, offset=68940377712 ns
        ON_TOKENS_RETURNED, offset=68940378751 ns
        ON_TOKENS_CALLED, generate 1 tokens, offset=69627850565 ns
        ON_TOKENS_RETURNED, offset=69627851418 ns
        ON_TOKENS_CALLED, generate 1 tokens, offset=70320737625 ns
        ON_TOKENS_RETURNED, offset=70320738769 ns
        ON_TOKENS_CALLED, generate 1 tokens, offset=71031991207 ns
        ON_TOKENS_RETURNED, offset=71031993870 ns
        ON_TOKENS_CALLED, generate 1 tokens, offset=71745678137 ns
        ON_TOKENS_RETURNED, offset=71745679317 ns
        ON_TOKENS_CALLED, generate 1 tokens, offset=72482880988 ns
        ON_TOKENS_RETURNED, offset=72482882208 ns
        ON_TOKENS_CALLED, generate 1 tokens, offset=73220347608 ns
        ON_TOKENS_RETURNED, offset=73220348815 ns
        ON_TOKENS_CALLED, generate 1 tokens, offset=73979696581 ns
        ON_TOKENS_RETURNED, offset=73979698705 ns
        ON_TOKENS_CALLED, generate 1 tokens, offset=74740522939 ns
        ON_TOKENS_RETURNED, offset=74740524240 ns
        ON_TOKENS_CALLED, generate 1 tokens, offset=75526494115 ns
        ON_TOKENS_RETURNED, offset=75526496433 ns
        ON_TOKENS_CALLED, generate 1 tokens, offset=76314989797 ns
        ON_TOKENS_RETURNED, offset=76314990616 ns
        ON_TOKENS_CALLED, generate 1 tokens, offset=77133712751 ns
        ON_TOKENS_RETURNED, offset=77133731071 ns
        ON_TOKENS_CALLED, generate 1 tokens, offset=77954147337 ns
        ON_TOKENS_RETURNED, offset=77954148254 ns
        ON_TOKENS_CALLED, generate 1 tokens, offset=78815851630 ns
        ON_TOKENS_RETURNED, offset=78815852888 ns
        ON_TOKENS_CALLED, generate 1 tokens, offset=79682299331 ns
        ON_TOKENS_RETURNED, offset=79682300148 ns
        ON_TOKENS_CALLED, generate 1 tokens, offset=80587672377 ns
        ON_TOKENS_RETURNED, offset=80587673199 ns
        ON_TOKENS_CALLED, generate 1 tokens, offset=81489690452 ns
        ON_TOKENS_RETURNED, offset=81489691881 ns
        ON_TOKENS_CALLED, generate 1 tokens, offset=82440529411 ns
        ON_TOKENS_RETURNED, offset=82440530558 ns
        ON_TOKENS_CALLED, generate 1 tokens, offset=83390615126 ns
        ON_TOKENS_RETURNED, offset=83390615974 ns
        ON_TOKENS_CALLED, generate 1 tokens, offset=84386244817 ns
        ON_TOKENS_RETURNED, offset=84386246316 ns
        ON_TOKENS_CALLED, generate 1 tokens, offset=85370152132 ns
        ON_TOKENS_RETURNED, offset=85370154369 ns
        ON_TOKENS_CALLED, generate 1 tokens, offset=86405367832 ns
        ON_TOKENS_RETURNED, offset=86405368995 ns
        ON_TOKENS_CALLED, generate 1 tokens, offset=87437389220 ns
        ON_TOKENS_RETURNED, offset=87437390447 ns
        ON_TOKENS_CALLED, generate 1 tokens, offset=88515480291 ns
        ON_TOKENS_RETURNED, offset=88515481547 ns
        ON_TOKENS_CALLED, generate 1 tokens, offset=89583038103 ns
        ON_TOKENS_RETURNED, offset=89583039081 ns
        ON_TOKENS_CALLED, generate 1 tokens, offset=90700622561 ns
        ON_TOKENS_RETURNED, offset=90700623473 ns
        ON_TOKENS_CALLED, generate 1 tokens, offset=91813527467 ns
        ON_TOKENS_RETURNED, offset=91813529844 ns
        ON_TOKENS_CALLED, generate 1 tokens, offset=92970488806 ns
        ON_TOKENS_RETURNED, offset=92970514287 ns
        ON_TOKENS_CALLED, generate 1 tokens, offset=94111284909 ns
        ON_TOKENS_RETURNED, offset=94111286289 ns
        ON_TOKENS_CALLED, generate 1 tokens, offset=95305580263 ns
        ON_TOKENS_RETURNED, offset=95305581174 ns
        ON_TOKENS_CALLED, generate 1 tokens, offset=96492545706 ns
        ON_TOKENS_RETURNED, offset=96492546635 ns
        ON_TOKENS_CALLED, generate 1 tokens, offset=97727718348 ns
        ON_TOKENS_RETURNED, offset=97727720289 ns
        ON_TOKENS_CALLED, generate 1 tokens, offset=98944247470 ns
        ON_TOKENS_RETURNED, offset=98944248486 ns
        ON_TOKENS_CALLED, generate 1 tokens, offset=100218255180 ns
        ON_TOKENS_RETURNED, offset=100218257458 ns
        ON_TOKENS_CALLED, generate 1 tokens, offset=101484914760 ns
        ON_TOKENS_RETURNED, offset=101484915534 ns
        ON_TOKENS_CALLED, generate 1 tokens, offset=102797341822 ns
        ON_TOKENS_RETURNED, offset=102797342883 ns
        ON_TOKENS_CALLED, generate 1 tokens, offset=104090359884 ns
        ON_TOKENS_RETURNED, offset=104090360690 ns
        ON_TOKENS_CALLED, generate 1 tokens, offset=105441493804 ns
        ON_TOKENS_RETURNED, offset=105441494698 ns
        ON_TOKENS_CALLED, generate 1 tokens, offset=106784324901 ns
        ON_TOKENS_RETURNED, offset=106784326124 ns
        ON_TOKENS_CALLED, generate 1 tokens, offset=108174412633 ns
        ON_TOKENS_RETURNED, offset=108174413946 ns
        ON_TOKENS_CALLED, generate 1 tokens, offset=109542102120 ns
        ON_TOKENS_RETURNED, offset=109542103674 ns
        ON_TOKENS_CALLED, generate 1 tokens, offset=110969073523 ns
        ON_TOKENS_RETURNED, offset=110969074627 ns
        ON_TOKENS_CALLED, generate 1 tokens, offset=112382588427 ns
        ON_TOKENS_RETURNED, offset=112382589270 ns
        ON_TOKENS_CALLED, generate 1 tokens, offset=113847405111 ns
        ON_TOKENS_RETURNED, offset=113847405968 ns
        ON_TOKENS_CALLED, generate 1 tokens, offset=115285581719 ns
        ON_TOKENS_RETURNED, offset=115285583336 ns
        ON_TOKENS_CALLED, generate 1 tokens, offset=116787921927 ns
        ON_TOKENS_RETURNED, offset=116787922913 ns
        ON_TOKENS_CALLED, generate 1 tokens, offset=118281851557 ns
        ON_TOKENS_RETURNED, offset=118281852552 ns
        ON_TOKENS_CALLED, generate 1 tokens, offset=119824607867 ns
        ON_TOKENS_RETURNED, offset=119824609419 ns
        ON_TOKENS_CALLED, generate 1 tokens, offset=121343805952 ns
        ON_TOKENS_RETURNED, offset=121343808331 ns
        ON_TOKENS_CALLED, generate 1 tokens, offset=122926276085 ns
        ON_TOKENS_RETURNED, offset=122926276982 ns
        ON_TOKENS_CALLED, generate 1 tokens, offset=124494817185 ns
        ON_TOKENS_RETURNED, offset=124494818251 ns
        ON_TOKENS_CALLED, generate 1 tokens, offset=126115510871 ns
        ON_TOKENS_RETURNED, offset=126115512071 ns
        ON_TOKENS_CALLED, generate 1 tokens, offset=127710503614 ns
        ON_TOKENS_RETURNED, offset=127710504997 ns
        ON_TOKENS_CALLED, generate 1 tokens, offset=129371292154 ns
        ON_TOKENS_RETURNED, offset=129371294733 ns
        ON_TOKENS_CALLED, generate 1 tokens, offset=131008571896 ns
        ON_TOKENS_RETURNED, offset=131008574485 ns
        ON_TOKENS_CALLED, generate 1 tokens, offset=132699618290 ns
        ON_TOKENS_RETURNED, offset=132699619486 ns
        ON_TOKENS_CALLED, generate 1 tokens, offset=134361947996 ns
        ON_TOKENS_RETURNED, offset=134361950123 ns
        ON_TOKENS_CALLED, generate 1 tokens, offset=136091778923 ns
        ON_TOKENS_RETURNED, offset=136091867901 ns
        ON_TOKENS_CALLED, generate 1 tokens, offset=137600978196 ns
        ON_TOKENS_RETURNED, offset=137600984719 ns
[16:54:15.460211451|thread 2985353|cpu 248] [debug] #EVT# HandleDetails::is_anomalous() handle_id=44 time in state STATE_OPENED exceeded threshold: 65790223081 ns
[16:54:15.460213629|thread 2985353|cpu 248] [debug] #EVT#   Handle,    44, Created, 758718978245215, Last, 758856579204165, Prompted,  8191, Generated,    64, Input TPS, 124.52, Output TPS:  0.78, Callbacks,    64, prompt parsing complete, open
[16:54:15.460228002|thread 2985353|cpu 248] [info ] #EVT#   Handle 44 history:
        SESSION_OPEN, prompt 8192 tokens, offset=0 ns
        PROMPT_TOKENS_REUSE, offset=65790212574 ns
        ON_START_CALLED, offset=65790223081 ns
        ON_START_RETURNED, offset=65790280427 ns
        ON_TOKENS_CALLED, generate 1 tokens, offset=65790289586 ns
        ON_TOKENS_RETURNED, offset=65790290480 ns
        ON_TOKENS_CALLED, generate 1 tokens, offset=66368043318 ns
        ON_TOKENS_RETURNED, offset=66368046182 ns
        ON_TOKENS_CALLED, generate 1 tokens, offset=66982215432 ns
        ON_TOKENS_RETURNED, offset=66982216702 ns
        ON_TOKENS_CALLED, generate 1 tokens, offset=67612374617 ns
        ON_TOKENS_RETURNED, offset=67612377100 ns
        ON_TOKENS_CALLED, generate 1 tokens, offset=68272268444 ns
        ON_TOKENS_RETURNED, offset=68272270757 ns
        ON_TOKENS_CALLED, generate 1 tokens, offset=68940348480 ns
        ON_TOKENS_RETURNED, offset=68940350230 ns
        ON_TOKENS_CALLED, generate 1 tokens, offset=69627827368 ns
        ON_TOKENS_RETURNED, offset=69627828380 ns
        ON_TOKENS_CALLED, generate 1 tokens, offset=70320711449 ns
        ON_TOKENS_RETURNED, offset=70320713740 ns
        ON_TOKENS_CALLED, generate 1 tokens, offset=71031965700 ns
        ON_TOKENS_RETURNED, offset=71031968980 ns
        ON_TOKENS_CALLED, generate 1 tokens, offset=71745654013 ns
        ON_TOKENS_RETURNED, offset=71745656935 ns
        ON_TOKENS_CALLED, generate 1 tokens, offset=72482858054 ns
        ON_TOKENS_RETURNED, offset=72482859498 ns
        ON_TOKENS_CALLED, generate 1 tokens, offset=73220322843 ns
        ON_TOKENS_RETURNED, offset=73220324566 ns
        ON_TOKENS_CALLED, generate 1 tokens, offset=73979674368 ns
        ON_TOKENS_RETURNED, offset=73979677117 ns
        ON_TOKENS_CALLED, generate 1 tokens, offset=74740498812 ns
        ON_TOKENS_RETURNED, offset=74740500776 ns
        ON_TOKENS_CALLED, generate 1 tokens, offset=75526468775 ns
        ON_TOKENS_RETURNED, offset=75526471444 ns
        ON_TOKENS_CALLED, generate 1 tokens, offset=76314967017 ns
        ON_TOKENS_RETURNED, offset=76314968357 ns
        ON_TOKENS_CALLED, generate 1 tokens, offset=77133835010 ns
        ON_TOKENS_RETURNED, offset=77133855409 ns
        ON_TOKENS_CALLED, generate 1 tokens, offset=77954123750 ns
        ON_TOKENS_RETURNED, offset=77954125894 ns
        ON_TOKENS_CALLED, generate 1 tokens, offset=78815826967 ns
        ON_TOKENS_RETURNED, offset=78815829854 ns
        ON_TOKENS_CALLED, generate 1 tokens, offset=79682277103 ns
        ON_TOKENS_RETURNED, offset=79682278917 ns
        ON_TOKENS_CALLED, generate 1 tokens, offset=80587652453 ns
        ON_TOKENS_RETURNED, offset=80587653796 ns
        ON_TOKENS_CALLED, generate 1 tokens, offset=81489662707 ns
        ON_TOKENS_RETURNED, offset=81489664456 ns
        ON_TOKENS_CALLED, generate 1 tokens, offset=82440513145 ns
        ON_TOKENS_RETURNED, offset=82440514192 ns
        ON_TOKENS_CALLED, generate 1 tokens, offset=83390586504 ns
        ON_TOKENS_RETURNED, offset=83390587804 ns
        ON_TOKENS_CALLED, generate 1 tokens, offset=84386218768 ns
        ON_TOKENS_RETURNED, offset=84386220938 ns
        ON_TOKENS_CALLED, generate 1 tokens, offset=85370128213 ns
        ON_TOKENS_RETURNED, offset=85370129855 ns
        ON_TOKENS_CALLED, generate 1 tokens, offset=86405353954 ns
        ON_TOKENS_RETURNED, offset=86405355613 ns
        ON_TOKENS_CALLED, generate 1 tokens, offset=87437364674 ns
        ON_TOKENS_RETURNED, offset=87437366945 ns
        ON_TOKENS_CALLED, generate 1 tokens, offset=88515460138 ns
        ON_TOKENS_RETURNED, offset=88515461614 ns
        ON_TOKENS_CALLED, generate 1 tokens, offset=89583008772 ns
        ON_TOKENS_RETURNED, offset=89583010116 ns
        ON_TOKENS_CALLED, generate 1 tokens, offset=90700598181 ns
        ON_TOKENS_RETURNED, offset=90700600827 ns
        ON_TOKENS_CALLED, generate 1 tokens, offset=91813502496 ns
        ON_TOKENS_RETURNED, offset=91813505294 ns
        ON_TOKENS_CALLED, generate 1 tokens, offset=92970464680 ns
        ON_TOKENS_RETURNED, offset=92970478608 ns
        ON_TOKENS_CALLED, generate 1 tokens, offset=94111260873 ns
        ON_TOKENS_RETURNED, offset=94111262491 ns
        ON_TOKENS_CALLED, generate 1 tokens, offset=95305557754 ns
        ON_TOKENS_RETURNED, offset=95305559022 ns
        ON_TOKENS_CALLED, generate 1 tokens, offset=96492521389 ns
        ON_TOKENS_RETURNED, offset=96492524059 ns
        ON_TOKENS_CALLED, generate 1 tokens, offset=97727694050 ns
        ON_TOKENS_RETURNED, offset=97727695696 ns
        ON_TOKENS_CALLED, generate 1 tokens, offset=98944223159 ns
        ON_TOKENS_RETURNED, offset=98944224526 ns
        ON_TOKENS_CALLED, generate 1 tokens, offset=100218230519 ns
        ON_TOKENS_RETURNED, offset=100218232772 ns
        ON_TOKENS_CALLED, generate 1 tokens, offset=101484891258 ns
        ON_TOKENS_RETURNED, offset=101484892693 ns
        ON_TOKENS_CALLED, generate 1 tokens, offset=102797312029 ns
        ON_TOKENS_RETURNED, offset=102797314237 ns
        ON_TOKENS_CALLED, generate 1 tokens, offset=104090332410 ns
        ON_TOKENS_RETURNED, offset=104090333913 ns
        ON_TOKENS_CALLED, generate 1 tokens, offset=105441467780 ns
        ON_TOKENS_RETURNED, offset=105441469302 ns
        ON_TOKENS_CALLED, generate 1 tokens, offset=106784301563 ns
        ON_TOKENS_RETURNED, offset=106784303315 ns
        ON_TOKENS_CALLED, generate 1 tokens, offset=108174386511 ns
        ON_TOKENS_RETURNED, offset=108174389429 ns
        ON_TOKENS_CALLED, generate 1 tokens, offset=109542080193 ns
        ON_TOKENS_RETURNED, offset=109542081726 ns
        ON_TOKENS_CALLED, generate 1 tokens, offset=110969047248 ns
        ON_TOKENS_RETURNED, offset=110969049819 ns
        ON_TOKENS_CALLED, generate 1 tokens, offset=112382567717 ns
        ON_TOKENS_RETURNED, offset=112382568681 ns
        ON_TOKENS_CALLED, generate 1 tokens, offset=113847380652 ns
        ON_TOKENS_RETURNED, offset=113847382109 ns
        ON_TOKENS_CALLED, generate 1 tokens, offset=115285556916 ns
        ON_TOKENS_RETURNED, offset=115285558246 ns
        ON_TOKENS_CALLED, generate 1 tokens, offset=116787891470 ns
        ON_TOKENS_RETURNED, offset=116787893083 ns
        ON_TOKENS_CALLED, generate 1 tokens, offset=118281827588 ns
        ON_TOKENS_RETURNED, offset=118281828925 ns
        ON_TOKENS_CALLED, generate 1 tokens, offset=119824585009 ns
        ON_TOKENS_RETURNED, offset=119824586779 ns
        ON_TOKENS_CALLED, generate 1 tokens, offset=121343785427 ns
        ON_TOKENS_RETURNED, offset=121343786633 ns
        ON_TOKENS_CALLED, generate 1 tokens, offset=122926247862 ns
        ON_TOKENS_RETURNED, offset=122926249583 ns
        ON_TOKENS_CALLED, generate 1 tokens, offset=124494789624 ns
        ON_TOKENS_RETURNED, offset=124494791199 ns
        ON_TOKENS_CALLED, generate 1 tokens, offset=126115486377 ns
        ON_TOKENS_RETURNED, offset=126115487332 ns
        ON_TOKENS_CALLED, generate 1 tokens, offset=127710477566 ns
        ON_TOKENS_RETURNED, offset=127710479025 ns
        ON_TOKENS_CALLED, generate 1 tokens, offset=129371268654 ns
        ON_TOKENS_RETURNED, offset=129371271281 ns
        ON_TOKENS_CALLED, generate 1 tokens, offset=131008551747 ns
        ON_TOKENS_RETURNED, offset=131008553203 ns
        ON_TOKENS_CALLED, generate 1 tokens, offset=132699586851 ns
        ON_TOKENS_RETURNED, offset=132699588133 ns
        ON_TOKENS_CALLED, generate 1 tokens, offset=134361931517 ns
        ON_TOKENS_RETURNED, offset=134361932891 ns
        ON_TOKENS_CALLED, generate 1 tokens, offset=136091742454 ns
        ON_TOKENS_RETURNED, offset=136091795626 ns
        ON_TOKENS_CALLED, generate 1 tokens, offset=137600952982 ns
        ON_TOKENS_RETURNED, offset=137600958950 ns
[16:54:15.460238746|thread 2985353|cpu 248] [debug] #EVT# HandleDetails::is_anomalous() handle_id=47 time in state STATE_OPENED exceeded threshold: 65790188258 ns
[16:54:15.460240526|thread 2985353|cpu 248] [debug] #EVT#   Handle,    47, Created, 758718978280281, Last, 758856579204946, Prompted,  8191, Generated,    64, Input TPS, 124.52, Output TPS:  0.78, Callbacks,    64, prompt parsing complete, open
[16:54:15.460254353|thread 2985353|cpu 248] [info ] #EVT#   Handle 47 history:
        SESSION_OPEN, prompt 8192 tokens, offset=0 ns
        PROMPT_TOKENS_REUSE, offset=65790183573 ns
        ON_START_CALLED, offset=65790188258 ns
        ON_START_RETURNED, offset=65790226411 ns
        ON_TOKENS_CALLED, generate 1 tokens, offset=65790249188 ns
        ON_TOKENS_RETURNED, offset=65790250092 ns
        ON_TOKENS_CALLED, generate 1 tokens, offset=66368009993 ns
        ON_TOKENS_RETURNED, offset=66368011776 ns
        ON_TOKENS_CALLED, generate 1 tokens, offset=66982182736 ns
        ON_TOKENS_RETURNED, offset=66982185166 ns
        ON_TOKENS_CALLED, generate 1 tokens, offset=67612345473 ns
        ON_TOKENS_RETURNED, offset=67612346654 ns
        ON_TOKENS_CALLED, generate 1 tokens, offset=68272244689 ns
        ON_TOKENS_RETURNED, offset=68272246500 ns
        ON_TOKENS_CALLED, generate 1 tokens, offset=68940315306 ns
        ON_TOKENS_RETURNED, offset=68940316532 ns
        ON_TOKENS_CALLED, generate 1 tokens, offset=69627793061 ns
        ON_TOKENS_RETURNED, offset=69627794301 ns
        ON_TOKENS_CALLED, generate 1 tokens, offset=70320677089 ns
        ON_TOKENS_RETURNED, offset=70320678451 ns
        ON_TOKENS_CALLED, generate 1 tokens, offset=71031932574 ns
        ON_TOKENS_RETURNED, offset=71031944224 ns
        ON_TOKENS_CALLED, generate 1 tokens, offset=71745620854 ns
        ON_TOKENS_RETURNED, offset=71745622426 ns
        ON_TOKENS_CALLED, generate 1 tokens, offset=72482819936 ns
        ON_TOKENS_RETURNED, offset=72482821089 ns
        ON_TOKENS_CALLED, generate 1 tokens, offset=73220294783 ns
        ON_TOKENS_RETURNED, offset=73220295730 ns
        ON_TOKENS_CALLED, generate 1 tokens, offset=73979641586 ns
        ON_TOKENS_RETURNED, offset=73979643709 ns
        ON_TOKENS_CALLED, generate 1 tokens, offset=74740465353 ns
        ON_TOKENS_RETURNED, offset=74740466368 ns
        ON_TOKENS_CALLED, generate 1 tokens, offset=75526435703 ns
        ON_TOKENS_RETURNED, offset=75526437432 ns
        ON_TOKENS_CALLED, generate 1 tokens, offset=76314934678 ns
        ON_TOKENS_RETURNED, offset=76314937006 ns
        ON_TOKENS_CALLED, generate 1 tokens, offset=77133655042 ns
        ON_TOKENS_RETURNED, offset=77133667715 ns
        ON_TOKENS_CALLED, generate 1 tokens, offset=77954095031 ns
        ON_TOKENS_RETURNED, offset=77954096496 ns
        ON_TOKENS_CALLED, generate 1 tokens, offset=78815794371 ns
        ON_TOKENS_RETURNED, offset=78815795364 ns
        ON_TOKENS_CALLED, generate 1 tokens, offset=79682243425 ns
        ON_TOKENS_RETURNED, offset=79682245174 ns
        ON_TOKENS_CALLED, generate 1 tokens, offset=80587609071 ns
        ON_TOKENS_RETURNED, offset=80587610870 ns
        ON_TOKENS_CALLED, generate 1 tokens, offset=81489629455 ns
        ON_TOKENS_RETURNED, offset=81489631716 ns
        ON_TOKENS_CALLED, generate 1 tokens, offset=82440472329 ns
        ON_TOKENS_RETURNED, offset=82440473411 ns
        ON_TOKENS_CALLED, generate 1 tokens, offset=83390552440 ns
        ON_TOKENS_RETURNED, offset=83390553476 ns
        ON_TOKENS_CALLED, generate 1 tokens, offset=84386189584 ns
        ON_TOKENS_RETURNED, offset=84386191494 ns
        ON_TOKENS_CALLED, generate 1 tokens, offset=85370093937 ns
        ON_TOKENS_RETURNED, offset=85370095407 ns
        ON_TOKENS_CALLED, generate 1 tokens, offset=86405323812 ns
        ON_TOKENS_RETURNED, offset=86405324940 ns
        ON_TOKENS_CALLED, generate 1 tokens, offset=87437324779 ns
        ON_TOKENS_RETURNED, offset=87437325882 ns
        ON_TOKENS_CALLED, generate 1 tokens, offset=88515428193 ns
        ON_TOKENS_RETURNED, offset=88515429477 ns
        ON_TOKENS_CALLED, generate 1 tokens, offset=89582975691 ns
        ON_TOKENS_RETURNED, offset=89582976875 ns
        ON_TOKENS_CALLED, generate 1 tokens, offset=90700565327 ns
        ON_TOKENS_RETURNED, offset=90700567166 ns
        ON_TOKENS_CALLED, generate 1 tokens, offset=91813470321 ns
        ON_TOKENS_RETURNED, offset=91813471420 ns
        ON_TOKENS_CALLED, generate 1 tokens, offset=92970432014 ns
        ON_TOKENS_RETURNED, offset=92970436520 ns
        ON_TOKENS_CALLED, generate 1 tokens, offset=94111228377 ns
        ON_TOKENS_RETURNED, offset=94111230419 ns
        ON_TOKENS_CALLED, generate 1 tokens, offset=95305518528 ns
        ON_TOKENS_RETURNED, offset=95305520918 ns
        ON_TOKENS_CALLED, generate 1 tokens, offset=96492491950 ns
        ON_TOKENS_RETURNED, offset=96492492880 ns
        ON_TOKENS_CALLED, generate 1 tokens, offset=97727661523 ns
        ON_TOKENS_RETURNED, offset=97727662435 ns
        ON_TOKENS_CALLED, generate 1 tokens, offset=98944212506 ns
        ON_TOKENS_RETURNED, offset=98944213724 ns
        ON_TOKENS_CALLED, generate 1 tokens, offset=100218197120 ns
        ON_TOKENS_RETURNED, offset=100218198691 ns
        ON_TOKENS_CALLED, generate 1 tokens, offset=101484858755 ns
        ON_TOKENS_RETURNED, offset=101484860313 ns
        ON_TOKENS_CALLED, generate 1 tokens, offset=102797285324 ns
        ON_TOKENS_RETURNED, offset=102797286401 ns
        ON_TOKENS_CALLED, generate 1 tokens, offset=104090299075 ns
        ON_TOKENS_RETURNED, offset=104090300393 ns
        ON_TOKENS_CALLED, generate 1 tokens, offset=105441443046 ns
        ON_TOKENS_RETURNED, offset=105441444506 ns
        ON_TOKENS_CALLED, generate 1 tokens, offset=106784267258 ns
        ON_TOKENS_RETURNED, offset=106784269447 ns
        ON_TOKENS_CALLED, generate 1 tokens, offset=108174358610 ns
        ON_TOKENS_RETURNED, offset=108174360769 ns
        ON_TOKENS_CALLED, generate 1 tokens, offset=109542045190 ns
        ON_TOKENS_RETURNED, offset=109542048071 ns
        ON_TOKENS_CALLED, generate 1 tokens, offset=110969013695 ns
        ON_TOKENS_RETURNED, offset=110969015808 ns
        ON_TOKENS_CALLED, generate 1 tokens, offset=112382529350 ns
        ON_TOKENS_RETURNED, offset=112382530668 ns
        ON_TOKENS_CALLED, generate 1 tokens, offset=113847344320 ns
        ON_TOKENS_RETURNED, offset=113847346627 ns
        ON_TOKENS_CALLED, generate 1 tokens, offset=115285527821 ns
        ON_TOKENS_RETURNED, offset=115285529100 ns
        ON_TOKENS_CALLED, generate 1 tokens, offset=116787855772 ns
        ON_TOKENS_RETURNED, offset=116787857629 ns
        ON_TOKENS_CALLED, generate 1 tokens, offset=118281795249 ns
        ON_TOKENS_RETURNED, offset=118281796367 ns
        ON_TOKENS_CALLED, generate 1 tokens, offset=119824551975 ns
        ON_TOKENS_RETURNED, offset=119824553560 ns
        ON_TOKENS_CALLED, generate 1 tokens, offset=121343747093 ns
        ON_TOKENS_RETURNED, offset=121343749099 ns
        ON_TOKENS_CALLED, generate 1 tokens, offset=122926215249 ns
        ON_TOKENS_RETURNED, offset=122926217319 ns
        ON_TOKENS_CALLED, generate 1 tokens, offset=124494753278 ns
        ON_TOKENS_RETURNED, offset=124494754803 ns
        ON_TOKENS_CALLED, generate 1 tokens, offset=126115458298 ns
        ON_TOKENS_RETURNED, offset=126115459673 ns
        ON_TOKENS_CALLED, generate 1 tokens, offset=127710449387 ns
        ON_TOKENS_RETURNED, offset=127710450471 ns
        ON_TOKENS_CALLED, generate 1 tokens, offset=129371235136 ns
        ON_TOKENS_RETURNED, offset=129371237061 ns
        ON_TOKENS_CALLED, generate 1 tokens, offset=131008514658 ns
        ON_TOKENS_RETURNED, offset=131008517261 ns
        ON_TOKENS_CALLED, generate 1 tokens, offset=132699555053 ns
        ON_TOKENS_RETURNED, offset=132699557159 ns
        ON_TOKENS_CALLED, generate 1 tokens, offset=134361893154 ns
        ON_TOKENS_RETURNED, offset=134361894390 ns
        ON_TOKENS_CALLED, generate 1 tokens, offset=136091702387 ns
        ON_TOKENS_RETURNED, offset=136091799822 ns
        ON_TOKENS_CALLED, generate 1 tokens, offset=137600920606 ns
        ON_TOKENS_RETURNED, offset=137600924665 ns
[16:54:17.985789339|thread 2985351|cpu 248] [info ] KV cache footprint: 32.98 GB in 151 books
[16:54:26.094335484|thread 2985351|cpu 248] [info ] KV cache footprint: 34.08 GB in 156 books
[16:54:35.501147584|thread 2982457|cpu 248] [info ] [Request 23] Parsing the prompt took 167.940155767 s at 48.77928070619139 tokens/s
[16:54:35.501389529|thread 2985351|cpu 248] [info ] KV cache footprint: 35.17 GB in 161 books
[16:54:45.083528770|thread 2985351|cpu 248] [info ] KV cache footprint: 36.27 GB in 166 books
[16:54:55.944399877|thread 2982458|cpu 248] [info ] [Request 4] Parsing the prompt took 188.383626395 s at 43.48573258072406 tokens/s
[16:54:55.944622000|thread 2985351|cpu 248] [info ] KV cache footprint: 37.37 GB in 171 books
[16:55:07.049846213|thread 2982459|cpu 248] [info ] [Request 5] Parsing the prompt took 199.489062715 s at 41.06490796291674 tokens/s
[16:55:07.050102719|thread 2985351|cpu 248] [info ] KV cache footprint: 38.47 GB in 176 books
[16:55:12.634196332|thread 2982460|cpu 248] [info ] [Request 6] Parsing the prompt took 205.073400103 s at 39.94667273222901 tokens/s
[16:55:13.945024092|thread 2982450|cpu 248] [info ] [Request 2] Generating 61 response tokens with 8193 context took 68.779659 s at 0.887 average tok/s, or 1127.535 ms/tok
[16:55:13.945075332|thread 2982450|cpu 248] [info ] [Request 2] Request with 8192 tokens in and 64 out (sequence limit) saw 136.095401 s TTFT and 206.384272 s TTLT
[16:55:15.283063868|thread 2982446|cpu 248] [info ] [Request 57] Generating 61 response tokens with 8193 context took 69.425957 s at 0.879 average tok/s, or 1138.130 ms/tok
[16:55:15.283063946|thread 2982452|cpu 248] [info ] [Request 56] Generating 61 response tokens with 8193 context took 69.425951 s at 0.879 average tok/s, or 1138.130 ms/tok
[16:55:15.283064174|thread 2982447|cpu 248] [info ] [Request 58] Generating 61 response tokens with 8193 context took 69.425962 s at 0.879 average tok/s, or 1138.131 ms/tok
[16:55:15.283063974|thread 2982449|cpu 248] [info ] [Request 64] Generating 61 response tokens with 8193 context took 69.425960 s at 0.879 average tok/s, or 1138.130 ms/tok
[16:55:15.283147821|thread 2982449|cpu 248] [info ] [Request 64] Request with 8192 tokens in and 64 out (sequence limit) saw 137.600735 s TTFT and 207.718437 s TTLT
[16:55:15.283070518|thread 2982455|cpu 248] [info ] [Request 21] Generating 61 response tokens with 8193 context took 69.425963 s at 0.879 average tok/s, or 1138.131 ms/tok
[16:55:15.283174404|thread 2982455|cpu 248] [info ] [Request 21] Request with 8192 tokens in and 64 out (sequence limit) saw 137.604411 s TTFT and 207.722100 s TTLT
[16:55:15.283102472|thread 2982446|cpu 248] [info ] [Request 57] Request with 8192 tokens in and 64 out (sequence limit) saw 137.600811 s TTFT and 207.718516 s TTLT
[16:55:15.283119766|thread 2982452|cpu 248] [info ] [Request 56] Request with 8192 tokens in and 64 out (sequence limit) saw 137.600832 s TTFT and 207.718528 s TTLT
[16:55:15.283133340|thread 2982447|cpu 248] [info ] [Request 58] Request with 8192 tokens in and 64 out (sequence limit) saw 137.600802 s TTFT and 207.718508 s TTLT
[16:55:15.283070719|thread 2982453|cpu 248] [info ] [Request 3] Generating 61 response tokens with 8193 context took 69.425962 s at 0.879 average tok/s, or 1138.131 ms/tok
[16:55:15.283227716|thread 2982453|cpu 248] [info ] [Request 3] Request with 8192 tokens in and 64 out (sequence limit) saw 137.604603 s TTFT and 207.722310 s TTLT
[16:55:17.835924796|thread 2982452|cpu 248] [info ] [Request 14] Parsing the prompt took 210.275036992 s at 38.95849986373641 tokens/s
[16:55:17.835926629|thread 2982455|cpu 248] [info ] [Request 24] Parsing the prompt took 210.274924603 s at 38.95852068650855 tokens/s
[16:55:17.835926655|thread 2982453|cpu 248] [info ] [Request 19] Parsing the prompt took 210.27497989 s at 38.95851044325595 tokens/s
[16:55:17.836132631|thread 2985351|cpu 248] [info ] KV cache footprint: 39.57 GB in 181 books
[16:55:25.604646830|thread 2985353|cpu 248] [debug] #EVT# HandleDetails::is_anomalous() handle_id=2 time in state STATE_OPENED exceeded threshold: 136095394878 ns
[16:55:25.604712450|thread 2985353|cpu 248] [debug] #EVT#   Handle,     2, Created, 758718974600489, Last, 758926696914525, Prompted,  8192, Generated,    64, Input TPS, 60.19, Output TPS:  0.78, Callbacks,    64, prompt parsing complete, open
[16:55:25.604755155|thread 2985353|cpu 248] [info ] #EVT#   Handle 2 history:
        SESSION_OPEN, prompt 8192 tokens, offset=0 ns
        PROMPT_TOKENS_REUSE, offset=136095384503 ns
        ON_START_CALLED, offset=136095394878 ns
        ON_START_RETURNED, offset=136095461053 ns
        ON_TOKENS_CALLED, generate 1 tokens, offset=136095474839 ns
        ON_TOKENS_RETURNED, offset=136095475967 ns
        ON_TOKENS_CALLED, generate 1 tokens, offset=137604607396 ns
        ON_TOKENS_RETURNED, offset=137604608952 ns
        ON_TOKENS_CALLED, generate 1 tokens, offset=138296353599 ns
        ON_TOKENS_RETURNED, offset=138296354939 ns
        ON_TOKENS_CALLED, generate 1 tokens, offset=139007691469 ns
        ON_TOKENS_RETURNED, offset=139007692538 ns
        ON_TOKENS_CALLED, generate 1 tokens, offset=139730265157 ns
        ON_TOKENS_RETURNED, offset=139730267590 ns
        ON_TOKENS_CALLED, generate 1 tokens, offset=140466606126 ns
        ON_TOKENS_RETURNED, offset=140466607021 ns
        ON_TOKENS_CALLED, generate 1 tokens, offset=141214306686 ns
        ON_TOKENS_RETURNED, offset=141214307529 ns
        ON_TOKENS_CALLED, generate 1 tokens, offset=141975992534 ns
        ON_TOKENS_RETURNED, offset=141975993358 ns
        ON_TOKENS_CALLED, generate 1 tokens, offset=142745495343 ns
        ON_TOKENS_RETURNED, offset=142745500945 ns
        ON_TOKENS_CALLED, generate 1 tokens, offset=143536398057 ns
        ON_TOKENS_RETURNED, offset=143536398829 ns
        ON_TOKENS_CALLED, generate 1 tokens, offset=144336805924 ns
        ON_TOKENS_RETURNED, offset=144336808386 ns
        ON_TOKENS_CALLED, generate 1 tokens, offset=145161075602 ns
        ON_TOKENS_RETURNED, offset=145161076477 ns
        ON_TOKENS_CALLED, generate 1 tokens, offset=145988392171 ns
        ON_TOKENS_RETURNED, offset=145988393445 ns
        ON_TOKENS_CALLED, generate 1 tokens, offset=146839484176 ns
        ON_TOKENS_RETURNED, offset=146839485474 ns
        ON_TOKENS_CALLED, generate 1 tokens, offset=147712161529 ns
        ON_TOKENS_RETURNED, offset=147712162344 ns
        ON_TOKENS_CALLED, generate 1 tokens, offset=148601725739 ns
        ON_TOKENS_RETURNED, offset=148601726952 ns
        ON_TOKENS_CALLED, generate 1 tokens, offset=149498670592 ns
        ON_TOKENS_RETURNED, offset=149498688575 ns
        ON_TOKENS_CALLED, generate 1 tokens, offset=150424818338 ns
        ON_TOKENS_RETURNED, offset=150424820971 ns
        ON_TOKENS_CALLED, generate 1 tokens, offset=151362510811 ns
        ON_TOKENS_RETURNED, offset=151362511619 ns
        ON_TOKENS_CALLED, generate 1 tokens, offset=152331799782 ns
        ON_TOKENS_RETURNED, offset=152331801479 ns
        ON_TOKENS_CALLED, generate 1 tokens, offset=153302628092 ns
        ON_TOKENS_RETURNED, offset=153302630076 ns
        ON_TOKENS_CALLED, generate 1 tokens, offset=154313686495 ns
        ON_TOKENS_RETURNED, offset=154313687590 ns
        ON_TOKENS_CALLED, generate 1 tokens, offset=155333720112 ns
        ON_TOKENS_RETURNED, offset=155333721901 ns
        ON_TOKENS_CALLED, generate 1 tokens, offset=156385217055 ns
        ON_TOKENS_RETURNED, offset=156385218521 ns
        ON_TOKENS_CALLED, generate 1 tokens, offset=157437169213 ns
        ON_TOKENS_RETURNED, offset=157437171296 ns
        ON_TOKENS_CALLED, generate 1 tokens, offset=158533368307 ns
        ON_TOKENS_RETURNED, offset=158533369387 ns
        ON_TOKENS_CALLED, generate 1 tokens, offset=159635631461 ns
        ON_TOKENS_RETURNED, offset=159635633018 ns
        ON_TOKENS_CALLED, generate 1 tokens, offset=160773482861 ns
        ON_TOKENS_RETURNED, offset=160773484911 ns
        ON_TOKENS_CALLED, generate 1 tokens, offset=161903235693 ns
        ON_TOKENS_RETURNED, offset=161903237241 ns
        ON_TOKENS_CALLED, generate 1 tokens, offset=163078419527 ns
        ON_TOKENS_RETURNED, offset=163078420295 ns
        ON_TOKENS_CALLED, generate 1 tokens, offset=164256193071 ns
        ON_TOKENS_RETURNED, offset=164256193799 ns
        ON_TOKENS_CALLED, generate 1 tokens, offset=165472029123 ns
        ON_TOKENS_RETURNED, offset=165472030116 ns
        ON_TOKENS_CALLED, generate 1 tokens, offset=166683685022 ns
        ON_TOKENS_RETURNED, offset=166683688424 ns
        ON_TOKENS_CALLED, generate 1 tokens, offset=167940385867 ns
        ON_TOKENS_RETURNED, offset=167940387113 ns
        ON_TOKENS_CALLED, generate 1 tokens, offset=169043058399 ns
        ON_TOKENS_RETURNED, offset=169043060817 ns
        ON_TOKENS_CALLED, generate 1 tokens, offset=170200426446 ns
        ON_TOKENS_RETURNED, offset=170200428433 ns
        ON_TOKENS_CALLED, generate 1 tokens, offset=171364434772 ns
        ON_TOKENS_RETURNED, offset=171364435750 ns
        ON_TOKENS_CALLED, generate 1 tokens, offset=172561740113 ns
        ON_TOKENS_RETURNED, offset=172561742462 ns
        ON_TOKENS_CALLED, generate 1 tokens, offset=173761734669 ns
        ON_TOKENS_RETURNED, offset=173761736840 ns
        ON_TOKENS_CALLED, generate 1 tokens, offset=174996687955 ns
        ON_TOKENS_RETURNED, offset=174996688769 ns
        ON_TOKENS_CALLED, generate 1 tokens, offset=176241229086 ns
        ON_TOKENS_RETURNED, offset=176241230205 ns
        ON_TOKENS_CALLED, generate 1 tokens, offset=177522588704 ns
        ON_TOKENS_RETURNED, offset=177522590907 ns
        ON_TOKENS_CALLED, generate 1 tokens, offset=178798162497 ns
        ON_TOKENS_RETURNED, offset=178798165289 ns
        ON_TOKENS_CALLED, generate 1 tokens, offset=180120739641 ns
        ON_TOKENS_RETURNED, offset=180120742294 ns
        ON_TOKENS_CALLED, generate 1 tokens, offset=181444535413 ns
        ON_TOKENS_RETURNED, offset=181444537768 ns
        ON_TOKENS_CALLED, generate 1 tokens, offset=182803972127 ns
        ON_TOKENS_RETURNED, offset=182803972754 ns
        ON_TOKENS_CALLED, generate 1 tokens, offset=184153925975 ns
        ON_TOKENS_RETURNED, offset=184153927125 ns
        ON_TOKENS_CALLED, generate 1 tokens, offset=185549456454 ns
        ON_TOKENS_RETURNED, offset=185549457206 ns
        ON_TOKENS_CALLED, generate 1 tokens, offset=186945892428 ns
        ON_TOKENS_RETURNED, offset=186945893519 ns
        ON_TOKENS_CALLED, generate 1 tokens, offset=188383628851 ns
        ON_TOKENS_RETURNED, offset=188383630765 ns
        ON_TOKENS_CALLED, generate 1 tokens, offset=189675162367 ns
        ON_TOKENS_RETURNED, offset=189675163934 ns
        ON_TOKENS_CALLED, generate 1 tokens, offset=191026725212 ns
        ON_TOKENS_RETURNED, offset=191026727435 ns
        ON_TOKENS_CALLED, generate 1 tokens, offset=192388747853 ns
        ON_TOKENS_RETURNED, offset=192388749436 ns
        ON_TOKENS_CALLED, generate 1 tokens, offset=193775851739 ns
        ON_TOKENS_RETURNED, offset=193775852692 ns
        ON_TOKENS_CALLED, generate 1 tokens, offset=195169176108 ns
        ON_TOKENS_RETURNED, offset=195169177488 ns
        ON_TOKENS_CALLED, generate 1 tokens, offset=196595018852 ns
        ON_TOKENS_RETURNED, offset=196595020098 ns
        ON_TOKENS_CALLED, generate 1 tokens, offset=198027927504 ns
        ON_TOKENS_RETURNED, offset=198027930001 ns
        ON_TOKENS_CALLED, generate 1 tokens, offset=199489081044 ns
        ON_TOKENS_RETURNED, offset=199489082870 ns
        ON_TOKENS_CALLED, generate 1 tokens, offset=200846353260 ns
        ON_TOKENS_RETURNED, offset=200846354433 ns
        ON_TOKENS_CALLED, generate 1 tokens, offset=202244059910 ns
        ON_TOKENS_RETURNED, offset=202244061753 ns
        ON_TOKENS_CALLED, generate 1 tokens, offset=203648791902 ns
        ON_TOKENS_RETURNED, offset=203648792546 ns
        ON_TOKENS_CALLED, generate 1 tokens, offset=205073416727 ns
        ON_TOKENS_RETURNED, offset=205073419490 ns
        ON_TOKENS_CALLED, generate 1 tokens, offset=206384263327 ns
        ON_TOKENS_RETURNED, offset=206384325924 ns
        ON_TOKENS_CALLED, generate 1 tokens, offset=207722302648 ns
        ON_TOKENS_RETURNED, offset=207722314036 ns
[16:55:25.904654942|thread 2985351|cpu 248] [info ] KV cache footprint: 40.67 GB in 186 books
[16:55:26.731518930|thread 2985353|cpu 248] [debug] #EVT# HandleDetails::is_anomalous() handle_id=64 time in state STATE_OPENED exceeded threshold: 137600728638 ns
[16:55:26.731543592|thread 2985353|cpu 248] [debug] #EVT#   Handle,    64, Created, 758718978475109, Last, 758928019086870, Prompted,  8191, Generated,    64, Input TPS, 59.53, Output TPS:  0.78, Callbacks,    64, prompt parsing complete, open
[16:55:26.731562944|thread 2985353|cpu 248] [info ] #EVT#   Handle 64 history:
        SESSION_OPEN, prompt 8192 tokens, offset=0 ns
        PROMPT_TOKENS_REUSE, offset=137600727736 ns
        ON_START_CALLED, offset=137600728638 ns
        ON_START_RETURNED, offset=137600795821 ns
        ON_TOKENS_CALLED, generate 1 tokens, offset=137600801536 ns
        ON_TOKENS_RETURNED, offset=137600803327 ns
        ON_TOKENS_CALLED, generate 1 tokens, offset=138292471685 ns
        ON_TOKENS_RETURNED, offset=138292473565 ns
        ON_TOKENS_CALLED, generate 1 tokens, offset=139003815143 ns
        ON_TOKENS_RETURNED, offset=139003817320 ns
        ON_TOKENS_CALLED, generate 1 tokens, offset=139726388635 ns
        ON_TOKENS_RETURNED, offset=139726389915 ns
        ON_TOKENS_CALLED, generate 1 tokens, offset=140462729523 ns
        ON_TOKENS_RETURNED, offset=140462731934 ns
        ON_TOKENS_CALLED, generate 1 tokens, offset=141210430892 ns
        ON_TOKENS_RETURNED, offset=141210431794 ns
        ON_TOKENS_CALLED, generate 1 tokens, offset=141972117196 ns
        ON_TOKENS_RETURNED, offset=141972118324 ns
        ON_TOKENS_CALLED, generate 1 tokens, offset=142741626126 ns
        ON_TOKENS_RETURNED, offset=142741627677 ns
        ON_TOKENS_CALLED, generate 1 tokens, offset=143532512807 ns
        ON_TOKENS_RETURNED, offset=143532540048 ns
        ON_TOKENS_CALLED, generate 1 tokens, offset=144332929001 ns
        ON_TOKENS_RETURNED, offset=144332930717 ns
        ON_TOKENS_CALLED, generate 1 tokens, offset=145157199786 ns
        ON_TOKENS_RETURNED, offset=145157202708 ns
        ON_TOKENS_CALLED, generate 1 tokens, offset=145984518214 ns
        ON_TOKENS_RETURNED, offset=145984519254 ns
        ON_TOKENS_CALLED, generate 1 tokens, offset=146835608526 ns
        ON_TOKENS_RETURNED, offset=146835609528 ns
        ON_TOKENS_CALLED, generate 1 tokens, offset=147708284611 ns
        ON_TOKENS_RETURNED, offset=147708285962 ns
        ON_TOKENS_CALLED, generate 1 tokens, offset=148597844861 ns
        ON_TOKENS_RETURNED, offset=148597846740 ns
        ON_TOKENS_CALLED, generate 1 tokens, offset=149494794579 ns
        ON_TOKENS_RETURNED, offset=149494796299 ns
        ON_TOKENS_CALLED, generate 1 tokens, offset=150420944319 ns
        ON_TOKENS_RETURNED, offset=150420956572 ns
        ON_TOKENS_CALLED, generate 1 tokens, offset=151358634590 ns
        ON_TOKENS_RETURNED, offset=151358635695 ns
        ON_TOKENS_CALLED, generate 1 tokens, offset=152327923221 ns
        ON_TOKENS_RETURNED, offset=152327925466 ns
        ON_TOKENS_CALLED, generate 1 tokens, offset=153298752406 ns
        ON_TOKENS_RETURNED, offset=153298753680 ns
        ON_TOKENS_CALLED, generate 1 tokens, offset=154309810651 ns
        ON_TOKENS_RETURNED, offset=154309812146 ns
        ON_TOKENS_CALLED, generate 1 tokens, offset=155329848346 ns
        ON_TOKENS_RETURNED, offset=155329849425 ns
        ON_TOKENS_CALLED, generate 1 tokens, offset=156381330902 ns
        ON_TOKENS_RETURNED, offset=156381332069 ns
        ON_TOKENS_CALLED, generate 1 tokens, offset=157433291824 ns
        ON_TOKENS_RETURNED, offset=157433292927 ns
        ON_TOKENS_CALLED, generate 1 tokens, offset=158529491640 ns
        ON_TOKENS_RETURNED, offset=158529492740 ns
        ON_TOKENS_CALLED, generate 1 tokens, offset=159631753623 ns
        ON_TOKENS_RETURNED, offset=159631756854 ns
        ON_TOKENS_CALLED, generate 1 tokens, offset=160769605988 ns
        ON_TOKENS_RETURNED, offset=160769607295 ns
        ON_TOKENS_CALLED, generate 1 tokens, offset=161899363072 ns
        ON_TOKENS_RETURNED, offset=161899364424 ns
        ON_TOKENS_CALLED, generate 1 tokens, offset=163074544719 ns
        ON_TOKENS_RETURNED, offset=163074545982 ns
        ON_TOKENS_CALLED, generate 1 tokens, offset=164252306078 ns
        ON_TOKENS_RETURNED, offset=164252307193 ns
        ON_TOKENS_CALLED, generate 1 tokens, offset=165468152220 ns
        ON_TOKENS_RETURNED, offset=165468153514 ns
        ON_TOKENS_CALLED, generate 1 tokens, offset=166679807856 ns
        ON_TOKENS_RETURNED, offset=166679808656 ns
        ON_TOKENS_CALLED, generate 1 tokens, offset=167936509723 ns
        ON_TOKENS_RETURNED, offset=167936512885 ns
        ON_TOKENS_CALLED, generate 1 tokens, offset=169039175400 ns
        ON_TOKENS_RETURNED, offset=169039176713 ns
        ON_TOKENS_CALLED, generate 1 tokens, offset=170196550941 ns
        ON_TOKENS_RETURNED, offset=170196552684 ns
        ON_TOKENS_CALLED, generate 1 tokens, offset=171360559386 ns
        ON_TOKENS_RETURNED, offset=171360562100 ns
        ON_TOKENS_CALLED, generate 1 tokens, offset=172557856188 ns
        ON_TOKENS_RETURNED, offset=172557857259 ns
        ON_TOKENS_CALLED, generate 1 tokens, offset=173757858047 ns
        ON_TOKENS_RETURNED, offset=173757859443 ns
        ON_TOKENS_CALLED, generate 1 tokens, offset=174992809017 ns
        ON_TOKENS_RETURNED, offset=174992810271 ns
        ON_TOKENS_CALLED, generate 1 tokens, offset=176237356360 ns
        ON_TOKENS_RETURNED, offset=176237358411 ns
        ON_TOKENS_CALLED, generate 1 tokens, offset=177518719598 ns
        ON_TOKENS_RETURNED, offset=177518721952 ns
        ON_TOKENS_CALLED, generate 1 tokens, offset=178794293992 ns
        ON_TOKENS_RETURNED, offset=178794295602 ns
        ON_TOKENS_CALLED, generate 1 tokens, offset=180116864698 ns
        ON_TOKENS_RETURNED, offset=180116866505 ns
        ON_TOKENS_CALLED, generate 1 tokens, offset=181440660566 ns
        ON_TOKENS_RETURNED, offset=181440662581 ns
        ON_TOKENS_CALLED, generate 1 tokens, offset=182800096476 ns
        ON_TOKENS_RETURNED, offset=182800099182 ns
        ON_TOKENS_CALLED, generate 1 tokens, offset=184150050411 ns
        ON_TOKENS_RETURNED, offset=184150051842 ns
        ON_TOKENS_CALLED, generate 1 tokens, offset=185545584179 ns
        ON_TOKENS_RETURNED, offset=185545586361 ns
        ON_TOKENS_CALLED, generate 1 tokens, offset=186942016752 ns
        ON_TOKENS_RETURNED, offset=186942018202 ns
        ON_TOKENS_CALLED, generate 1 tokens, offset=188379758801 ns
        ON_TOKENS_RETURNED, offset=188379760226 ns
        ON_TOKENS_CALLED, generate 1 tokens, offset=189671279059 ns
        ON_TOKENS_RETURNED, offset=189671280789 ns
        ON_TOKENS_CALLED, generate 1 tokens, offset=191022843103 ns
        ON_TOKENS_RETURNED, offset=191022845579 ns
        ON_TOKENS_CALLED, generate 1 tokens, offset=192384872886 ns
        ON_TOKENS_RETURNED, offset=192384874311 ns
        ON_TOKENS_CALLED, generate 1 tokens, offset=193771973149 ns
        ON_TOKENS_RETURNED, offset=193771973935 ns
        ON_TOKENS_CALLED, generate 1 tokens, offset=195165301412 ns
        ON_TOKENS_RETURNED, offset=195165303580 ns
        ON_TOKENS_CALLED, generate 1 tokens, offset=196591144033 ns
        ON_TOKENS_RETURNED, offset=196591145086 ns
        ON_TOKENS_CALLED, generate 1 tokens, offset=198024060167 ns
        ON_TOKENS_RETURNED, offset=198024061228 ns
        ON_TOKENS_CALLED, generate 1 tokens, offset=199485207191 ns
        ON_TOKENS_RETURNED, offset=199485209636 ns
        ON_TOKENS_CALLED, generate 1 tokens, offset=200842471901 ns
        ON_TOKENS_RETURNED, offset=200842478939 ns
        ON_TOKENS_CALLED, generate 1 tokens, offset=202240180742 ns
        ON_TOKENS_RETURNED, offset=202240182970 ns
        ON_TOKENS_CALLED, generate 1 tokens, offset=203644909829 ns
        ON_TOKENS_RETURNED, offset=203644911032 ns
        ON_TOKENS_CALLED, generate 1 tokens, offset=205069544140 ns
        ON_TOKENS_RETURNED, offset=205069545557 ns
        ON_TOKENS_CALLED, generate 1 tokens, offset=206380387791 ns
        ON_TOKENS_RETURNED, offset=206380389982 ns
        ON_TOKENS_CALLED, generate 1 tokens, offset=207718430837 ns
        ON_TOKENS_RETURNED, offset=207718522984 ns
        ON_TOKENS_CALLED, generate 1 tokens, offset=209040606633 ns
        ON_TOKENS_RETURNED, offset=209040611761 ns
[16:55:26.731594928|thread 2985353|cpu 248] [debug] #EVT# HandleDetails::is_anomalous() handle_id=21 time in state STATE_OPENED exceeded threshold: 137604404269 ns
[16:55:26.731597382|thread 2985353|cpu 248] [debug] #EVT#   Handle,    21, Created, 758718974822129, Last, 758928019091569, Prompted,  8189, Generated,    64, Input TPS, 59.53, Output TPS:  0.78, Callbacks,    64, prompt parsing complete, open
[16:55:26.731611758|thread 2985353|cpu 248] [info ] #EVT#   Handle 21 history:
        SESSION_OPEN, prompt 8192 tokens, offset=0 ns
        PROMPT_TOKENS_REUSE, offset=137604396479 ns
        ON_START_CALLED, offset=137604404269 ns
        ON_START_RETURNED, offset=137604426750 ns
        ON_TOKENS_CALLED, generate 1 tokens, offset=137604448187 ns
        ON_TOKENS_RETURNED, offset=137604449417 ns
        ON_TOKENS_CALLED, generate 1 tokens, offset=138296130612 ns
        ON_TOKENS_RETURNED, offset=138296132184 ns
        ON_TOKENS_CALLED, generate 1 tokens, offset=139007464049 ns
        ON_TOKENS_RETURNED, offset=139007467526 ns
        ON_TOKENS_CALLED, generate 1 tokens, offset=139730049348 ns
        ON_TOKENS_RETURNED, offset=139730050592 ns
        ON_TOKENS_CALLED, generate 1 tokens, offset=140466387982 ns
        ON_TOKENS_RETURNED, offset=140466390121 ns
        ON_TOKENS_CALLED, generate 1 tokens, offset=141214091237 ns
        ON_TOKENS_RETURNED, offset=141214092052 ns
        ON_TOKENS_CALLED, generate 1 tokens, offset=141975782178 ns
        ON_TOKENS_RETURNED, offset=141975783208 ns
        ON_TOKENS_CALLED, generate 1 tokens, offset=142745281894 ns
        ON_TOKENS_RETURNED, offset=142745284264 ns
        ON_TOKENS_CALLED, generate 1 tokens, offset=143536174553 ns
        ON_TOKENS_RETURNED, offset=143536177673 ns
        ON_TOKENS_CALLED, generate 1 tokens, offset=144336594591 ns
        ON_TOKENS_RETURNED, offset=144336595493 ns
        ON_TOKENS_CALLED, generate 1 tokens, offset=145160859627 ns
        ON_TOKENS_RETURNED, offset=145160860645 ns
        ON_TOKENS_CALLED, generate 1 tokens, offset=145988187639 ns
        ON_TOKENS_RETURNED, offset=145988188556 ns
        ON_TOKENS_CALLED, generate 1 tokens, offset=146839265148 ns
        ON_TOKENS_RETURNED, offset=146839266935 ns
        ON_TOKENS_CALLED, generate 1 tokens, offset=147711951391 ns
        ON_TOKENS_RETURNED, offset=147711952871 ns
        ON_TOKENS_CALLED, generate 1 tokens, offset=148601508500 ns
        ON_TOKENS_RETURNED, offset=148601509869 ns
        ON_TOKENS_CALLED, generate 1 tokens, offset=149498449811 ns
        ON_TOKENS_RETURNED, offset=149498450686 ns
        ON_TOKENS_CALLED, generate 1 tokens, offset=150424600900 ns
        ON_TOKENS_RETURNED, offset=150424611779 ns
        ON_TOKENS_CALLED, generate 1 tokens, offset=151362292815 ns
        ON_TOKENS_RETURNED, offset=151362293598 ns
        ON_TOKENS_CALLED, generate 1 tokens, offset=152331582792 ns
        ON_TOKENS_RETURNED, offset=152331583808 ns
        ON_TOKENS_CALLED, generate 1 tokens, offset=153302411905 ns
        ON_TOKENS_RETURNED, offset=153302413483 ns
        ON_TOKENS_CALLED, generate 1 tokens, offset=154313467989 ns
        ON_TOKENS_RETURNED, offset=154313469456 ns
        ON_TOKENS_CALLED, generate 1 tokens, offset=155333510673 ns
        ON_TOKENS_RETURNED, offset=155333512043 ns
        ON_TOKENS_CALLED, generate 1 tokens, offset=156384990764 ns
        ON_TOKENS_RETURNED, offset=156384992012 ns
        ON_TOKENS_CALLED, generate 1 tokens, offset=157436951968 ns
        ON_TOKENS_RETURNED, offset=157436952960 ns
        ON_TOKENS_CALLED, generate 1 tokens, offset=158533148988 ns
        ON_TOKENS_RETURNED, offset=158533149973 ns
        ON_TOKENS_CALLED, generate 1 tokens, offset=159635412975 ns
        ON_TOKENS_RETURNED, offset=159635415336 ns
        ON_TOKENS_CALLED, generate 1 tokens, offset=160773264515 ns
        ON_TOKENS_RETURNED, offset=160773265642 ns
        ON_TOKENS_CALLED, generate 1 tokens, offset=161903020693 ns
        ON_TOKENS_RETURNED, offset=161903021520 ns
        ON_TOKENS_CALLED, generate 1 tokens, offset=163078201780 ns
        ON_TOKENS_RETURNED, offset=163078202861 ns
        ON_TOKENS_CALLED, generate 1 tokens, offset=164255965253 ns
        ON_TOKENS_RETURNED, offset=164255966425 ns
        ON_TOKENS_CALLED, generate 1 tokens, offset=165471812919 ns
        ON_TOKENS_RETURNED, offset=165471813781 ns
        ON_TOKENS_CALLED, generate 1 tokens, offset=166683468078 ns
        ON_TOKENS_RETURNED, offset=166683469154 ns
        ON_TOKENS_CALLED, generate 1 tokens, offset=167940169342 ns
        ON_TOKENS_RETURNED, offset=167940171516 ns
        ON_TOKENS_CALLED, generate 1 tokens, offset=169042834421 ns
        ON_TOKENS_RETURNED, offset=169042835835 ns
        ON_TOKENS_CALLED, generate 1 tokens, offset=170200212359 ns
        ON_TOKENS_RETURNED, offset=170200214928 ns
        ON_TOKENS_CALLED, generate 1 tokens, offset=171364218479 ns
        ON_TOKENS_RETURNED, offset=171364219779 ns
        ON_TOKENS_CALLED, generate 1 tokens, offset=172561515584 ns
        ON_TOKENS_RETURNED, offset=172561516867 ns
        ON_TOKENS_CALLED, generate 1 tokens, offset=173761518482 ns
        ON_TOKENS_RETURNED, offset=173761519797 ns
        ON_TOKENS_CALLED, generate 1 tokens, offset=174996467990 ns
        ON_TOKENS_RETURNED, offset=174996469998 ns
        ON_TOKENS_CALLED, generate 1 tokens, offset=176241008809 ns
        ON_TOKENS_RETURNED, offset=176241011018 ns
        ON_TOKENS_CALLED, generate 1 tokens, offset=177522377732 ns
        ON_TOKENS_RETURNED, offset=177522378857 ns
        ON_TOKENS_CALLED, generate 1 tokens, offset=178797950492 ns
        ON_TOKENS_RETURNED, offset=178797951778 ns
        ON_TOKENS_CALLED, generate 1 tokens, offset=180120522849 ns
        ON_TOKENS_RETURNED, offset=180120524260 ns
        ON_TOKENS_CALLED, generate 1 tokens, offset=181444313480 ns
        ON_TOKENS_RETURNED, offset=181444315619 ns
        ON_TOKENS_CALLED, generate 1 tokens, offset=182803755115 ns
        ON_TOKENS_RETURNED, offset=182803756553 ns
        ON_TOKENS_CALLED, generate 1 tokens, offset=184153722215 ns
        ON_TOKENS_RETURNED, offset=184153723143 ns
        ON_TOKENS_CALLED, generate 1 tokens, offset=185549251850 ns
        ON_TOKENS_RETURNED, offset=185549252773 ns
        ON_TOKENS_CALLED, generate 1 tokens, offset=186945676672 ns
        ON_TOKENS_RETURNED, offset=186945677510 ns
        ON_TOKENS_CALLED, generate 1 tokens, offset=188383418041 ns
        ON_TOKENS_RETURNED, offset=188383419341 ns
        ON_TOKENS_CALLED, generate 1 tokens, offset=189674939455 ns
        ON_TOKENS_RETURNED, offset=189674941861 ns
        ON_TOKENS_CALLED, generate 1 tokens, offset=191026502707 ns
        ON_TOKENS_RETURNED, offset=191026505149 ns
        ON_TOKENS_CALLED, generate 1 tokens, offset=192388529837 ns
        ON_TOKENS_RETURNED, offset=192388531086 ns
        ON_TOKENS_CALLED, generate 1 tokens, offset=193775632944 ns
        ON_TOKENS_RETURNED, offset=193775634087 ns
        ON_TOKENS_CALLED, generate 1 tokens, offset=195168961376 ns
        ON_TOKENS_RETURNED, offset=195168962722 ns
        ON_TOKENS_CALLED, generate 1 tokens, offset=196594802340 ns
        ON_TOKENS_RETURNED, offset=196594803383 ns
        ON_TOKENS_CALLED, generate 1 tokens, offset=198027715508 ns
        ON_TOKENS_RETURNED, offset=198027716521 ns
        ON_TOKENS_CALLED, generate 1 tokens, offset=199488864292 ns
        ON_TOKENS_RETURNED, offset=199488866015 ns
        ON_TOKENS_CALLED, generate 1 tokens, offset=200846129979 ns
        ON_TOKENS_RETURNED, offset=200846132406 ns
        ON_TOKENS_CALLED, generate 1 tokens, offset=202243845203 ns
        ON_TOKENS_RETURNED, offset=202243846386 ns
        ON_TOKENS_CALLED, generate 1 tokens, offset=203648576091 ns
        ON_TOKENS_RETURNED, offset=203648578420 ns
        ON_TOKENS_CALLED, generate 1 tokens, offset=205073200289 ns
        ON_TOKENS_RETURNED, offset=205073201327 ns
        ON_TOKENS_CALLED, generate 1 tokens, offset=206384046901 ns
        ON_TOKENS_RETURNED, offset=206384048467 ns
        ON_TOKENS_CALLED, generate 1 tokens, offset=207722093024 ns
        ON_TOKENS_RETURNED, offset=207722203565 ns
        ON_TOKENS_CALLED, generate 1 tokens, offset=209044264983 ns
        ON_TOKENS_RETURNED, offset=209044269440 ns
[16:55:26.731622552|thread 2985353|cpu 248] [debug] #EVT# HandleDetails::is_anomalous() handle_id=3 time in state STATE_OPENED exceeded threshold: 137604596477 ns
[16:55:26.731624387|thread 2985353|cpu 248] [debug] #EVT#   Handle,     3, Created, 758718974612219, Last, 758928019092457, Prompted,  8192, Generated,    64, Input TPS, 59.53, Output TPS:  0.78, Callbacks,    64, prompt parsing complete, open
[16:55:26.731638695|thread 2985353|cpu 248] [info ] #EVT#   Handle 3 history:
        SESSION_OPEN, prompt 8192 tokens, offset=0 ns
        PROMPT_TOKENS_REUSE, offset=137604594894 ns
        ON_START_CALLED, offset=137604596477 ns
        ON_START_RETURNED, offset=137604676326 ns
        ON_TOKENS_CALLED, generate 1 tokens, offset=137604680442 ns
        ON_TOKENS_RETURNED, offset=137604681130 ns
        ON_TOKENS_CALLED, generate 1 tokens, offset=138296341085 ns
        ON_TOKENS_RETURNED, offset=138296342761 ns
        ON_TOKENS_CALLED, generate 1 tokens, offset=139007673626 ns
        ON_TOKENS_RETURNED, offset=139007675404 ns
        ON_TOKENS_CALLED, generate 1 tokens, offset=139730257056 ns
        ON_TOKENS_RETURNED, offset=139730258193 ns
        ON_TOKENS_CALLED, generate 1 tokens, offset=140466602257 ns
        ON_TOKENS_RETURNED, offset=140466605218 ns
        ON_TOKENS_CALLED, generate 1 tokens, offset=141214303485 ns
        ON_TOKENS_RETURNED, offset=141214305421 ns
        ON_TOKENS_CALLED, generate 1 tokens, offset=141975990534 ns
        ON_TOKENS_RETURNED, offset=141975992203 ns
        ON_TOKENS_CALLED, generate 1 tokens, offset=142745490421 ns
        ON_TOKENS_RETURNED, offset=142745491992 ns
        ON_TOKENS_CALLED, generate 1 tokens, offset=143536381388 ns
        ON_TOKENS_RETURNED, offset=143536405348 ns
        ON_TOKENS_CALLED, generate 1 tokens, offset=144336797089 ns
        ON_TOKENS_RETURNED, offset=144336798808 ns
        ON_TOKENS_CALLED, generate 1 tokens, offset=145161074962 ns
        ON_TOKENS_RETURNED, offset=145161076291 ns
        ON_TOKENS_CALLED, generate 1 tokens, offset=145988384505 ns
        ON_TOKENS_RETURNED, offset=145988386625 ns
        ON_TOKENS_CALLED, generate 1 tokens, offset=146839475274 ns
        ON_TOKENS_RETURNED, offset=146839477547 ns
        ON_TOKENS_CALLED, generate 1 tokens, offset=147712161031 ns
        ON_TOKENS_RETURNED, offset=147712162584 ns
        ON_TOKENS_CALLED, generate 1 tokens, offset=148601715095 ns
        ON_TOKENS_RETURNED, offset=148601716146 ns
        ON_TOKENS_CALLED, generate 1 tokens, offset=149498662449 ns
        ON_TOKENS_RETURNED, offset=149498663612 ns
        ON_TOKENS_CALLED, generate 1 tokens, offset=150424814214 ns
        ON_TOKENS_RETURNED, offset=150424828383 ns
        ON_TOKENS_CALLED, generate 1 tokens, offset=151362500531 ns
        ON_TOKENS_RETURNED, offset=151362502019 ns
        ON_TOKENS_CALLED, generate 1 tokens, offset=152331790973 ns
        ON_TOKENS_RETURNED, offset=152331792198 ns
        ON_TOKENS_CALLED, generate 1 tokens, offset=153302621222 ns
        ON_TOKENS_RETURNED, offset=153302623214 ns
        ON_TOKENS_CALLED, generate 1 tokens, offset=154313685170 ns
        ON_TOKENS_RETURNED, offset=154313686688 ns
        ON_TOKENS_CALLED, generate 1 tokens, offset=155333712726 ns
        ON_TOKENS_RETURNED, offset=155333714389 ns
        ON_TOKENS_CALLED, generate 1 tokens, offset=156385199804 ns
        ON_TOKENS_RETURNED, offset=156385201004 ns
        ON_TOKENS_CALLED, generate 1 tokens, offset=157437162146 ns
        ON_TOKENS_RETURNED, offset=157437163476 ns
        ON_TOKENS_CALLED, generate 1 tokens, offset=158533359687 ns
        ON_TOKENS_RETURNED, offset=158533361232 ns
        ON_TOKENS_CALLED, generate 1 tokens, offset=159635622950 ns
        ON_TOKENS_RETURNED, offset=159635624413 ns
        ON_TOKENS_CALLED, generate 1 tokens, offset=160773472955 ns
        ON_TOKENS_RETURNED, offset=160773473899 ns
        ON_TOKENS_CALLED, generate 1 tokens, offset=161903232895 ns
        ON_TOKENS_RETURNED, offset=161903233997 ns
        ON_TOKENS_CALLED, generate 1 tokens, offset=163078413377 ns
        ON_TOKENS_RETURNED, offset=163078415831 ns
        ON_TOKENS_CALLED, generate 1 tokens, offset=164256175447 ns
        ON_TOKENS_RETURNED, offset=164256178008 ns
        ON_TOKENS_CALLED, generate 1 tokens, offset=165472020464 ns
        ON_TOKENS_RETURNED, offset=165472021462 ns
        ON_TOKENS_CALLED, generate 1 tokens, offset=166683677787 ns
        ON_TOKENS_RETURNED, offset=166683679487 ns
        ON_TOKENS_CALLED, generate 1 tokens, offset=167940378886 ns
        ON_TOKENS_RETURNED, offset=167940381716 ns
        ON_TOKENS_CALLED, generate 1 tokens, offset=169043045412 ns
        ON_TOKENS_RETURNED, offset=169043047727 ns
        ON_TOKENS_CALLED, generate 1 tokens, offset=170200424926 ns
        ON_TOKENS_RETURNED, offset=170200426118 ns
        ON_TOKENS_CALLED, generate 1 tokens, offset=171364430712 ns
        ON_TOKENS_RETURNED, offset=171364431674 ns
        ON_TOKENS_CALLED, generate 1 tokens, offset=172561724255 ns
        ON_TOKENS_RETURNED, offset=172561726426 ns
        ON_TOKENS_CALLED, generate 1 tokens, offset=173761727008 ns
        ON_TOKENS_RETURNED, offset=173761729053 ns
        ON_TOKENS_CALLED, generate 1 tokens, offset=174996677738 ns
        ON_TOKENS_RETURNED, offset=174996679469 ns
        ON_TOKENS_CALLED, generate 1 tokens, offset=176241218389 ns
        ON_TOKENS_RETURNED, offset=176241219504 ns
        ON_TOKENS_CALLED, generate 1 tokens, offset=177522583695 ns
        ON_TOKENS_RETURNED, offset=177522585210 ns
        ON_TOKENS_CALLED, generate 1 tokens, offset=178798162008 ns
        ON_TOKENS_RETURNED, offset=178798163170 ns
        ON_TOKENS_CALLED, generate 1 tokens, offset=180120732303 ns
        ON_TOKENS_RETURNED, offset=180120734416 ns
        ON_TOKENS_CALLED, generate 1 tokens, offset=181444520794 ns
        ON_TOKENS_RETURNED, offset=181444521743 ns
        ON_TOKENS_CALLED, generate 1 tokens, offset=182803964848 ns
        ON_TOKENS_RETURNED, offset=182803967141 ns
        ON_TOKENS_CALLED, generate 1 tokens, offset=184153928870 ns
        ON_TOKENS_RETURNED, offset=184153929680 ns
        ON_TOKENS_CALLED, generate 1 tokens, offset=185549452343 ns
        ON_TOKENS_RETURNED, offset=185549453630 ns
        ON_TOKENS_CALLED, generate 1 tokens, offset=186945889748 ns
        ON_TOKENS_RETURNED, offset=186945890944 ns
        ON_TOKENS_CALLED, generate 1 tokens, offset=188383626601 ns
        ON_TOKENS_RETURNED, offset=188383627727 ns
        ON_TOKENS_CALLED, generate 1 tokens, offset=189675145644 ns
        ON_TOKENS_RETURNED, offset=189675146789 ns
        ON_TOKENS_CALLED, generate 1 tokens, offset=191026710660 ns
        ON_TOKENS_RETURNED, offset=191026712204 ns
        ON_TOKENS_CALLED, generate 1 tokens, offset=192388737970 ns
        ON_TOKENS_RETURNED, offset=192388740386 ns
        ON_TOKENS_CALLED, generate 1 tokens, offset=193775832184 ns
        ON_TOKENS_RETURNED, offset=193775833450 ns
        ON_TOKENS_CALLED, generate 1 tokens, offset=195169168021 ns
        ON_TOKENS_RETURNED, offset=195169169124 ns
        ON_TOKENS_CALLED, generate 1 tokens, offset=196595011651 ns
        ON_TOKENS_RETURNED, offset=196595013206 ns
        ON_TOKENS_CALLED, generate 1 tokens, offset=198027924180 ns
        ON_TOKENS_RETURNED, offset=198027925360 ns
        ON_TOKENS_CALLED, generate 1 tokens, offset=199489073410 ns
        ON_TOKENS_RETURNED, offset=199489075405 ns
        ON_TOKENS_CALLED, generate 1 tokens, offset=200846337877 ns
        ON_TOKENS_RETURNED, offset=200846339055 ns
        ON_TOKENS_CALLED, generate 1 tokens, offset=202244050872 ns
        ON_TOKENS_RETURNED, offset=202244052084 ns
        ON_TOKENS_CALLED, generate 1 tokens, offset=203648779351 ns
        ON_TOKENS_RETURNED, offset=203648780389 ns
        ON_TOKENS_CALLED, generate 1 tokens, offset=205073411032 ns
        ON_TOKENS_RETURNED, offset=205073412224 ns
        ON_TOKENS_CALLED, generate 1 tokens, offset=206384254939 ns
        ON_TOKENS_RETURNED, offset=206384256387 ns
        ON_TOKENS_CALLED, generate 1 tokens, offset=207722302995 ns
        ON_TOKENS_RETURNED, offset=207722466330 ns
        ON_TOKENS_CALLED, generate 1 tokens, offset=209044471763 ns
        ON_TOKENS_RETURNED, offset=209044480238 ns
[16:55:26.731651828|thread 2985353|cpu 248] [debug] #EVT# HandleDetails::is_anomalous() handle_id=56 time in state STATE_OPENED exceeded threshold: 137600826829 ns
[16:55:26.731653784|thread 2985353|cpu 248] [debug] #EVT#   Handle,    56, Created, 758718978384235, Last, 758928019086642, Prompted,  8191, Generated,    64, Input TPS, 59.53, Output TPS:  0.78, Callbacks,    64, prompt parsing complete, open
[16:55:26.731667838|thread 2985353|cpu 248] [info ] #EVT#   Handle 56 history:
        SESSION_OPEN, prompt 8192 tokens, offset=0 ns
        PROMPT_TOKENS_REUSE, offset=137600825922 ns
        ON_START_CALLED, offset=137600826829 ns
        ON_START_RETURNED, offset=137600922003 ns
        ON_TOKENS_CALLED, generate 1 tokens, offset=137600925953 ns
        ON_TOKENS_RETURNED, offset=137600926537 ns
        ON_TOKENS_CALLED, generate 1 tokens, offset=138292571818 ns
        ON_TOKENS_RETURNED, offset=138292573041 ns
        ON_TOKENS_CALLED, generate 1 tokens, offset=139003909659 ns
        ON_TOKENS_RETURNED, offset=139003911096 ns
        ON_TOKENS_CALLED, generate 1 tokens, offset=139726482879 ns
        ON_TOKENS_RETURNED, offset=139726483594 ns
        ON_TOKENS_CALLED, generate 1 tokens, offset=140462823875 ns
        ON_TOKENS_RETURNED, offset=140462826843 ns
        ON_TOKENS_CALLED, generate 1 tokens, offset=141210525960 ns
        ON_TOKENS_RETURNED, offset=141210526917 ns
        ON_TOKENS_CALLED, generate 1 tokens, offset=141972211556 ns
        ON_TOKENS_RETURNED, offset=141972213226 ns
        ON_TOKENS_CALLED, generate 1 tokens, offset=142741720772 ns
        ON_TOKENS_RETURNED, offset=142741721792 ns
        ON_TOKENS_CALLED, generate 1 tokens, offset=143532613970 ns
        ON_TOKENS_RETURNED, offset=143532631884 ns
        ON_TOKENS_CALLED, generate 1 tokens, offset=144333023059 ns
        ON_TOKENS_RETURNED, offset=144333025349 ns
        ON_TOKENS_CALLED, generate 1 tokens, offset=145157294030 ns
        ON_TOKENS_RETURNED, offset=145157294941 ns
        ON_TOKENS_CALLED, generate 1 tokens, offset=145984610624 ns
        ON_TOKENS_RETURNED, offset=145984611710 ns
        ON_TOKENS_CALLED, generate 1 tokens, offset=146835699793 ns
        ON_TOKENS_RETURNED, offset=146835701286 ns
        ON_TOKENS_CALLED, generate 1 tokens, offset=147708380045 ns
        ON_TOKENS_RETURNED, offset=147708381159 ns
        ON_TOKENS_CALLED, generate 1 tokens, offset=148597949810 ns
        ON_TOKENS_RETURNED, offset=148597951352 ns
        ON_TOKENS_CALLED, generate 1 tokens, offset=149494889085 ns
        ON_TOKENS_RETURNED, offset=149494890162 ns
        ON_TOKENS_CALLED, generate 1 tokens, offset=150421035569 ns
        ON_TOKENS_RETURNED, offset=150421047526 ns
        ON_TOKENS_CALLED, generate 1 tokens, offset=151358727002 ns
        ON_TOKENS_RETURNED, offset=151358728336 ns
        ON_TOKENS_CALLED, generate 1 tokens, offset=152328017209 ns
        ON_TOKENS_RETURNED, offset=152328018292 ns
        ON_TOKENS_CALLED, generate 1 tokens, offset=153298846758 ns
        ON_TOKENS_RETURNED, offset=153298848740 ns
        ON_TOKENS_CALLED, generate 1 tokens, offset=154309899520 ns
        ON_TOKENS_RETURNED, offset=154309901360 ns
        ON_TOKENS_CALLED, generate 1 tokens, offset=155329952062 ns
        ON_TOKENS_RETURNED, offset=155329953675 ns
        ON_TOKENS_CALLED, generate 1 tokens, offset=156381433132 ns
        ON_TOKENS_RETURNED, offset=156381435005 ns
        ON_TOKENS_CALLED, generate 1 tokens, offset=157433387614 ns
        ON_TOKENS_RETURNED, offset=157433388985 ns
        ON_TOKENS_CALLED, generate 1 tokens, offset=158529584407 ns
        ON_TOKENS_RETURNED, offset=158529585876 ns
        ON_TOKENS_CALLED, generate 1 tokens, offset=159631848710 ns
        ON_TOKENS_RETURNED, offset=159631850224 ns
        ON_TOKENS_CALLED, generate 1 tokens, offset=160769697768 ns
        ON_TOKENS_RETURNED, offset=160769699617 ns
        ON_TOKENS_CALLED, generate 1 tokens, offset=161899454874 ns
        ON_TOKENS_RETURNED, offset=161899455967 ns
        ON_TOKENS_CALLED, generate 1 tokens, offset=163074640531 ns
        ON_TOKENS_RETURNED, offset=163074641522 ns
        ON_TOKENS_CALLED, generate 1 tokens, offset=164252406801 ns
        ON_TOKENS_RETURNED, offset=164252407810 ns
        ON_TOKENS_CALLED, generate 1 tokens, offset=165468245930 ns
        ON_TOKENS_RETURNED, offset=165468247137 ns
        ON_TOKENS_CALLED, generate 1 tokens, offset=166679902735 ns
        ON_TOKENS_RETURNED, offset=166679903867 ns
        ON_TOKENS_CALLED, generate 1 tokens, offset=167936604234 ns
        ON_TOKENS_RETURNED, offset=167936608249 ns
        ON_TOKENS_CALLED, generate 1 tokens, offset=169039275916 ns
        ON_TOKENS_RETURNED, offset=169039277920 ns
        ON_TOKENS_CALLED, generate 1 tokens, offset=170196645299 ns
        ON_TOKENS_RETURNED, offset=170196646911 ns
        ON_TOKENS_CALLED, generate 1 tokens, offset=171360653649 ns
        ON_TOKENS_RETURNED, offset=171360655475 ns
        ON_TOKENS_CALLED, generate 1 tokens, offset=172557958567 ns
        ON_TOKENS_RETURNED, offset=172557959754 ns
        ON_TOKENS_CALLED, generate 1 tokens, offset=173757953600 ns
        ON_TOKENS_RETURNED, offset=173757955760 ns
        ON_TOKENS_CALLED, generate 1 tokens, offset=174992902061 ns
        ON_TOKENS_RETURNED, offset=174992903336 ns
        ON_TOKENS_CALLED, generate 1 tokens, offset=176237449406 ns
        ON_TOKENS_RETURNED, offset=176237451552 ns
        ON_TOKENS_CALLED, generate 1 tokens, offset=177518811068 ns
        ON_TOKENS_RETURNED, offset=177518812028 ns
        ON_TOKENS_CALLED, generate 1 tokens, offset=178794383975 ns
        ON_TOKENS_RETURNED, offset=178794385113 ns
        ON_TOKENS_CALLED, generate 1 tokens, offset=180116957770 ns
        ON_TOKENS_RETURNED, offset=180116959129 ns
        ON_TOKENS_CALLED, generate 1 tokens, offset=181440753253 ns
        ON_TOKENS_RETURNED, offset=181440754126 ns
        ON_TOKENS_CALLED, generate 1 tokens, offset=182800190083 ns
        ON_TOKENS_RETURNED, offset=182800191118 ns
        ON_TOKENS_CALLED, generate 1 tokens, offset=184150153242 ns
        ON_TOKENS_RETURNED, offset=184150154735 ns
        ON_TOKENS_CALLED, generate 1 tokens, offset=185545678273 ns
        ON_TOKENS_RETURNED, offset=185545680695 ns
        ON_TOKENS_CALLED, generate 1 tokens, offset=186942111843 ns
        ON_TOKENS_RETURNED, offset=186942113078 ns
        ON_TOKENS_CALLED, generate 1 tokens, offset=188379848328 ns
        ON_TOKENS_RETURNED, offset=188379850252 ns
        ON_TOKENS_CALLED, generate 1 tokens, offset=189671372429 ns
        ON_TOKENS_RETURNED, offset=189671373987 ns
        ON_TOKENS_CALLED, generate 1 tokens, offset=191022944847 ns
        ON_TOKENS_RETURNED, offset=191022946943 ns
        ON_TOKENS_CALLED, generate 1 tokens, offset=192384965754 ns
        ON_TOKENS_RETURNED, offset=192384966630 ns
        ON_TOKENS_CALLED, generate 1 tokens, offset=193772058685 ns
        ON_TOKENS_RETURNED, offset=193772059989 ns
        ON_TOKENS_CALLED, generate 1 tokens, offset=195165394495 ns
        ON_TOKENS_RETURNED, offset=195165396702 ns
        ON_TOKENS_CALLED, generate 1 tokens, offset=196591238355 ns
        ON_TOKENS_RETURNED, offset=196591239896 ns
        ON_TOKENS_CALLED, generate 1 tokens, offset=198024148827 ns
        ON_TOKENS_RETURNED, offset=198024150119 ns
        ON_TOKENS_CALLED, generate 1 tokens, offset=199485299188 ns
        ON_TOKENS_RETURNED, offset=199485300680 ns
        ON_TOKENS_CALLED, generate 1 tokens, offset=200842570897 ns
        ON_TOKENS_RETURNED, offset=200842573059 ns
        ON_TOKENS_CALLED, generate 1 tokens, offset=202240286923 ns
        ON_TOKENS_RETURNED, offset=202240287943 ns
        ON_TOKENS_CALLED, generate 1 tokens, offset=203645004671 ns
        ON_TOKENS_RETURNED, offset=203645006261 ns
        ON_TOKENS_CALLED, generate 1 tokens, offset=205069634786 ns
        ON_TOKENS_RETURNED, offset=205069637318 ns
        ON_TOKENS_CALLED, generate 1 tokens, offset=206380482438 ns
        ON_TOKENS_RETURNED, offset=206380483811 ns
        ON_TOKENS_CALLED, generate 1 tokens, offset=207718522320 ns
        ON_TOKENS_RETURNED, offset=207718667214 ns
        ON_TOKENS_CALLED, generate 1 tokens, offset=209040699195 ns
        ON_TOKENS_RETURNED, offset=209040702407 ns
[16:55:26.731677631|thread 2985353|cpu 248] [debug] #EVT# HandleDetails::is_anomalous() handle_id=57 time in state STATE_OPENED exceeded threshold: 137600804844 ns
[16:55:26.731679217|thread 2985353|cpu 248] [debug] #EVT#   Handle,    57, Created, 758718978395477, Last, 758928019085269, Prompted,  8191, Generated,    64, Input TPS, 59.53, Output TPS:  0.78, Callbacks,    64, prompt parsing complete, open
[16:55:26.731693017|thread 2985353|cpu 248] [info ] #EVT#   Handle 57 history:
        SESSION_OPEN, prompt 8192 tokens, offset=0 ns
        PROMPT_TOKENS_REUSE, offset=137600803583 ns
        ON_START_CALLED, offset=137600804844 ns
        ON_START_RETURNED, offset=137600837915 ns
        ON_TOKENS_CALLED, generate 1 tokens, offset=137600841736 ns
        ON_TOKENS_RETURNED, offset=137600844110 ns
        ON_TOKENS_CALLED, generate 1 tokens, offset=138292552485 ns
        ON_TOKENS_RETURNED, offset=138292554651 ns
        ON_TOKENS_CALLED, generate 1 tokens, offset=139003891791 ns
        ON_TOKENS_RETURNED, offset=139003894730 ns
        ON_TOKENS_CALLED, generate 1 tokens, offset=139726467479 ns
        ON_TOKENS_RETURNED, offset=139726469902 ns
        ON_TOKENS_CALLED, generate 1 tokens, offset=140462808688 ns
        ON_TOKENS_RETURNED, offset=140462811735 ns
        ON_TOKENS_CALLED, generate 1 tokens, offset=141210516732 ns
        ON_TOKENS_RETURNED, offset=141210518017 ns
        ON_TOKENS_CALLED, generate 1 tokens, offset=141972194081 ns
        ON_TOKENS_RETURNED, offset=141972196997 ns
        ON_TOKENS_CALLED, generate 1 tokens, offset=142741707197 ns
        ON_TOKENS_RETURNED, offset=142741708352 ns
        ON_TOKENS_CALLED, generate 1 tokens, offset=143532596267 ns
        ON_TOKENS_RETURNED, offset=143532602137 ns
        ON_TOKENS_CALLED, generate 1 tokens, offset=144333007470 ns
        ON_TOKENS_RETURNED, offset=144333009319 ns
        ON_TOKENS_CALLED, generate 1 tokens, offset=145157278750 ns
        ON_TOKENS_RETURNED, offset=145157280471 ns
        ON_TOKENS_CALLED, generate 1 tokens, offset=145984592408 ns
        ON_TOKENS_RETURNED, offset=145984594858 ns
        ON_TOKENS_CALLED, generate 1 tokens, offset=146835686925 ns
        ON_TOKENS_RETURNED, offset=146835687700 ns
        ON_TOKENS_CALLED, generate 1 tokens, offset=147708361817 ns
        ON_TOKENS_RETURNED, offset=147708362925 ns
        ON_TOKENS_CALLED, generate 1 tokens, offset=148597922847 ns
        ON_TOKENS_RETURNED, offset=148597925295 ns
        ON_TOKENS_CALLED, generate 1 tokens, offset=149494862097 ns
        ON_TOKENS_RETURNED, offset=149494862877 ns
        ON_TOKENS_CALLED, generate 1 tokens, offset=150421017844 ns
        ON_TOKENS_RETURNED, offset=150421036937 ns
        ON_TOKENS_CALLED, generate 1 tokens, offset=151358713942 ns
        ON_TOKENS_RETURNED, offset=151358714876 ns
        ON_TOKENS_CALLED, generate 1 tokens, offset=152327999800 ns
        ON_TOKENS_RETURNED, offset=152328002793 ns
        ON_TOKENS_CALLED, generate 1 tokens, offset=153298828230 ns
        ON_TOKENS_RETURNED, offset=153298829804 ns
        ON_TOKENS_CALLED, generate 1 tokens, offset=154309888031 ns
        ON_TOKENS_RETURNED, offset=154309890637 ns
        ON_TOKENS_CALLED, generate 1 tokens, offset=155329917131 ns
        ON_TOKENS_RETURNED, offset=155329918156 ns
        ON_TOKENS_CALLED, generate 1 tokens, offset=156381407692 ns
        ON_TOKENS_RETURNED, offset=156381408747 ns
        ON_TOKENS_CALLED, generate 1 tokens, offset=157433368482 ns
        ON_TOKENS_RETURNED, offset=157433371020 ns
        ON_TOKENS_CALLED, generate 1 tokens, offset=158529569674 ns
        ON_TOKENS_RETURNED, offset=158529571752 ns
        ON_TOKENS_CALLED, generate 1 tokens, offset=159631830138 ns
        ON_TOKENS_RETURNED, offset=159631832631 ns
        ON_TOKENS_CALLED, generate 1 tokens, offset=160769680958 ns
        ON_TOKENS_RETURNED, offset=160769682124 ns
        ON_TOKENS_CALLED, generate 1 tokens, offset=161899439867 ns
        ON_TOKENS_RETURNED, offset=161899441614 ns
        ON_TOKENS_CALLED, generate 1 tokens, offset=163074621511 ns
        ON_TOKENS_RETURNED, offset=163074623626 ns
        ON_TOKENS_CALLED, generate 1 tokens, offset=164252382551 ns
        ON_TOKENS_RETURNED, offset=164252384956 ns
        ON_TOKENS_CALLED, generate 1 tokens, offset=165468229234 ns
        ON_TOKENS_RETURNED, offset=165468230505 ns
        ON_TOKENS_CALLED, generate 1 tokens, offset=166679884573 ns
        ON_TOKENS_RETURNED, offset=166679885478 ns
        ON_TOKENS_CALLED, generate 1 tokens, offset=167936586420 ns
        ON_TOKENS_RETURNED, offset=167936588783 ns
        ON_TOKENS_CALLED, generate 1 tokens, offset=169039257840 ns
        ON_TOKENS_RETURNED, offset=169039259994 ns
        ON_TOKENS_CALLED, generate 1 tokens, offset=170196636636 ns
        ON_TOKENS_RETURNED, offset=170196637711 ns
        ON_TOKENS_CALLED, generate 1 tokens, offset=171360632591 ns
        ON_TOKENS_RETURNED, offset=171360633799 ns
        ON_TOKENS_CALLED, generate 1 tokens, offset=172557932947 ns
        ON_TOKENS_RETURNED, offset=172557935272 ns
        ON_TOKENS_CALLED, generate 1 tokens, offset=173757934108 ns
        ON_TOKENS_RETURNED, offset=173757936596 ns
        ON_TOKENS_CALLED, generate 1 tokens, offset=174992883877 ns
        ON_TOKENS_RETURNED, offset=174992886199 ns
        ON_TOKENS_CALLED, generate 1 tokens, offset=176237426475 ns
        ON_TOKENS_RETURNED, offset=176237428185 ns
        ON_TOKENS_CALLED, generate 1 tokens, offset=177518788257 ns
        ON_TOKENS_RETURNED, offset=177518789237 ns
        ON_TOKENS_CALLED, generate 1 tokens, offset=178794373461 ns
        ON_TOKENS_RETURNED, offset=178794374664 ns
        ON_TOKENS_CALLED, generate 1 tokens, offset=180116948988 ns
        ON_TOKENS_RETURNED, offset=180116950333 ns
        ON_TOKENS_CALLED, generate 1 tokens, offset=181440732827 ns
        ON_TOKENS_RETURNED, offset=181440733824 ns
        ON_TOKENS_CALLED, generate 1 tokens, offset=182800173114 ns
        ON_TOKENS_RETURNED, offset=182800174504 ns
        ON_TOKENS_CALLED, generate 1 tokens, offset=184150126418 ns
        ON_TOKENS_RETURNED, offset=184150127835 ns
        ON_TOKENS_CALLED, generate 1 tokens, offset=185545658438 ns
        ON_TOKENS_RETURNED, offset=185545659778 ns
        ON_TOKENS_CALLED, generate 1 tokens, offset=186942093053 ns
        ON_TOKENS_RETURNED, offset=186942095586 ns
        ON_TOKENS_CALLED, generate 1 tokens, offset=188379834304 ns
        ON_TOKENS_RETURNED, offset=188379836880 ns
        ON_TOKENS_CALLED, generate 1 tokens, offset=189671355365 ns
        ON_TOKENS_RETURNED, offset=189671358515 ns
        ON_TOKENS_CALLED, generate 1 tokens, offset=191022918193 ns
        ON_TOKENS_RETURNED, offset=191022919333 ns
        ON_TOKENS_CALLED, generate 1 tokens, offset=192384948115 ns
        ON_TOKENS_RETURNED, offset=192384949645 ns
        ON_TOKENS_CALLED, generate 1 tokens, offset=193772044677 ns
        ON_TOKENS_RETURNED, offset=193772045769 ns
        ON_TOKENS_CALLED, generate 1 tokens, offset=195165376322 ns
        ON_TOKENS_RETURNED, offset=195165378742 ns
        ON_TOKENS_CALLED, generate 1 tokens, offset=196591220349 ns
        ON_TOKENS_RETURNED, offset=196591223306 ns
        ON_TOKENS_CALLED, generate 1 tokens, offset=198024135937 ns
        ON_TOKENS_RETURNED, offset=198024136854 ns
        ON_TOKENS_CALLED, generate 1 tokens, offset=199485280660 ns
        ON_TOKENS_RETURNED, offset=199485282000 ns
        ON_TOKENS_CALLED, generate 1 tokens, offset=200842546380 ns
        ON_TOKENS_RETURNED, offset=200842549010 ns
        ON_TOKENS_CALLED, generate 1 tokens, offset=202240260810 ns
        ON_TOKENS_RETURNED, offset=202240261641 ns
        ON_TOKENS_CALLED, generate 1 tokens, offset=203644986498 ns
        ON_TOKENS_RETURNED, offset=203644987859 ns
        ON_TOKENS_CALLED, generate 1 tokens, offset=205069613872 ns
        ON_TOKENS_RETURNED, offset=205069614874 ns
        ON_TOKENS_CALLED, generate 1 tokens, offset=206380463467 ns
        ON_TOKENS_RETURNED, offset=206380464653 ns
        ON_TOKENS_CALLED, generate 1 tokens, offset=207718507846 ns
        ON_TOKENS_RETURNED, offset=207718638772 ns
        ON_TOKENS_CALLED, generate 1 tokens, offset=209040683452 ns
        ON_TOKENS_RETURNED, offset=209040689792 ns
[16:55:26.731701961|thread 2985353|cpu 248] [debug] #EVT# HandleDetails::is_anomalous() handle_id=58 time in state STATE_OPENED exceeded threshold: 137600796203 ns
[16:55:26.731703731|thread 2985353|cpu 248] [debug] #EVT#   Handle,    58, Created, 758718978406314, Last, 758928019086804, Prompted,  8191, Generated,    64, Input TPS, 59.53, Output TPS:  0.78, Callbacks,    64, prompt parsing complete, open
[16:55:26.731716838|thread 2985353|cpu 248] [info ] #EVT#   Handle 58 history:
        SESSION_OPEN, prompt 8192 tokens, offset=0 ns
        PROMPT_TOKENS_REUSE, offset=137600795500 ns
        ON_START_CALLED, offset=137600796203 ns
        ON_START_RETURNED, offset=137600916667 ns
        ON_TOKENS_CALLED, generate 1 tokens, offset=137600921376 ns
        ON_TOKENS_RETURNED, offset=137600921945 ns
        ON_TOKENS_CALLED, generate 1 tokens, offset=138292540829 ns
        ON_TOKENS_RETURNED, offset=138292542744 ns
        ON_TOKENS_CALLED, generate 1 tokens, offset=139003873118 ns
        ON_TOKENS_RETURNED, offset=139003875635 ns
        ON_TOKENS_CALLED, generate 1 tokens, offset=139726464599 ns
        ON_TOKENS_RETURNED, offset=139726465692 ns
        ON_TOKENS_CALLED, generate 1 tokens, offset=140462798758 ns
        ON_TOKENS_RETURNED, offset=140462801073 ns
        ON_TOKENS_CALLED, generate 1 tokens, offset=141210503235 ns
        ON_TOKENS_RETURNED, offset=141210504151 ns
        ON_TOKENS_CALLED, generate 1 tokens, offset=141972183311 ns
        ON_TOKENS_RETURNED, offset=141972186574 ns
        ON_TOKENS_CALLED, generate 1 tokens, offset=142741696119 ns
        ON_TOKENS_RETURNED, offset=142741697969 ns
        ON_TOKENS_CALLED, generate 1 tokens, offset=143532580825 ns
        ON_TOKENS_RETURNED, offset=143532585524 ns
        ON_TOKENS_CALLED, generate 1 tokens, offset=144333002329 ns
        ON_TOKENS_RETURNED, offset=144333004343 ns
        ON_TOKENS_CALLED, generate 1 tokens, offset=145157270350 ns
        ON_TOKENS_RETURNED, offset=145157271573 ns
        ON_TOKENS_CALLED, generate 1 tokens, offset=145984585833 ns
        ON_TOKENS_RETURNED, offset=145984587355 ns
        ON_TOKENS_CALLED, generate 1 tokens, offset=146835675405 ns
        ON_TOKENS_RETURNED, offset=146835676313 ns
        ON_TOKENS_CALLED, generate 1 tokens, offset=147708353285 ns
        ON_TOKENS_RETURNED, offset=147708355642 ns
        ON_TOKENS_CALLED, generate 1 tokens, offset=148597913444 ns
        ON_TOKENS_RETURNED, offset=148597915850 ns
        ON_TOKENS_CALLED, generate 1 tokens, offset=149494863872 ns
        ON_TOKENS_RETURNED, offset=149494865450 ns
        ON_TOKENS_CALLED, generate 1 tokens, offset=150421007677 ns
        ON_TOKENS_RETURNED, offset=150421026279 ns
        ON_TOKENS_CALLED, generate 1 tokens, offset=151358707124 ns
        ON_TOKENS_RETURNED, offset=151358708213 ns
        ON_TOKENS_CALLED, generate 1 tokens, offset=152327989298 ns
        ON_TOKENS_RETURNED, offset=152327992213 ns
        ON_TOKENS_CALLED, generate 1 tokens, offset=153298831358 ns
        ON_TOKENS_RETURNED, offset=153298832212 ns
        ON_TOKENS_CALLED, generate 1 tokens, offset=154309878276 ns
        ON_TOKENS_RETURNED, offset=154309881079 ns
        ON_TOKENS_CALLED, generate 1 tokens, offset=155329908252 ns
        ON_TOKENS_RETURNED, offset=155329909318 ns
        ON_TOKENS_CALLED, generate 1 tokens, offset=156381398096 ns
        ON_TOKENS_RETURNED, offset=156381398723 ns
        ON_TOKENS_CALLED, generate 1 tokens, offset=157433359245 ns
        ON_TOKENS_RETURNED, offset=157433361379 ns
        ON_TOKENS_CALLED, generate 1 tokens, offset=158529557857 ns
        ON_TOKENS_RETURNED, offset=158529559863 ns
        ON_TOKENS_CALLED, generate 1 tokens, offset=159631823240 ns
        ON_TOKENS_RETURNED, offset=159631825278 ns
        ON_TOKENS_CALLED, generate 1 tokens, offset=160769675210 ns
        ON_TOKENS_RETURNED, offset=160769677124 ns
        ON_TOKENS_CALLED, generate 1 tokens, offset=161899430976 ns
        ON_TOKENS_RETURNED, offset=161899432726 ns
        ON_TOKENS_CALLED, generate 1 tokens, offset=163074611294 ns
        ON_TOKENS_RETURNED, offset=163074612556 ns
        ON_TOKENS_CALLED, generate 1 tokens, offset=164252373723 ns
        ON_TOKENS_RETURNED, offset=164252376070 ns
        ON_TOKENS_CALLED, generate 1 tokens, offset=165468219455 ns
        ON_TOKENS_RETURNED, offset=165468220780 ns
        ON_TOKENS_CALLED, generate 1 tokens, offset=166679875503 ns
        ON_TOKENS_RETURNED, offset=166679877002 ns
        ON_TOKENS_CALLED, generate 1 tokens, offset=167936576603 ns
        ON_TOKENS_RETURNED, offset=167936579205 ns
        ON_TOKENS_CALLED, generate 1 tokens, offset=169039243038 ns
        ON_TOKENS_RETURNED, offset=169039244369 ns
        ON_TOKENS_CALLED, generate 1 tokens, offset=170196623810 ns
        ON_TOKENS_RETURNED, offset=170196625031 ns
        ON_TOKENS_CALLED, generate 1 tokens, offset=171360627175 ns
        ON_TOKENS_RETURNED, offset=171360630256 ns
        ON_TOKENS_CALLED, generate 1 tokens, offset=172557923046 ns
        ON_TOKENS_RETURNED, offset=172557925474 ns
        ON_TOKENS_CALLED, generate 1 tokens, offset=173757924832 ns
        ON_TOKENS_RETURNED, offset=173757927352 ns
        ON_TOKENS_CALLED, generate 1 tokens, offset=174992875695 ns
        ON_TOKENS_RETURNED, offset=174992877807 ns
        ON_TOKENS_CALLED, generate 1 tokens, offset=176237416355 ns
        ON_TOKENS_RETURNED, offset=176237417852 ns
        ON_TOKENS_CALLED, generate 1 tokens, offset=177518791916 ns
        ON_TOKENS_RETURNED, offset=177518792914 ns
        ON_TOKENS_CALLED, generate 1 tokens, offset=178794360341 ns
        ON_TOKENS_RETURNED, offset=178794362102 ns
        ON_TOKENS_CALLED, generate 1 tokens, offset=180116935631 ns
        ON_TOKENS_RETURNED, offset=180116937206 ns
        ON_TOKENS_CALLED, generate 1 tokens, offset=181440724075 ns
        ON_TOKENS_RETURNED, offset=181440725012 ns
        ON_TOKENS_CALLED, generate 1 tokens, offset=182800162499 ns
        ON_TOKENS_RETURNED, offset=182800164284 ns
        ON_TOKENS_CALLED, generate 1 tokens, offset=184150116268 ns
        ON_TOKENS_RETURNED, offset=184150118892 ns
        ON_TOKENS_CALLED, generate 1 tokens, offset=185545650172 ns
        ON_TOKENS_RETURNED, offset=185545652090 ns
        ON_TOKENS_CALLED, generate 1 tokens, offset=186942083468 ns
        ON_TOKENS_RETURNED, offset=186942085193 ns
        ON_TOKENS_CALLED, generate 1 tokens, offset=188379826514 ns
        ON_TOKENS_RETURNED, offset=188379829452 ns
        ON_TOKENS_CALLED, generate 1 tokens, offset=189671346951 ns
        ON_TOKENS_RETURNED, offset=189671349292 ns
        ON_TOKENS_CALLED, generate 1 tokens, offset=191022909944 ns
        ON_TOKENS_RETURNED, offset=191022911638 ns
        ON_TOKENS_CALLED, generate 1 tokens, offset=192384939439 ns
        ON_TOKENS_RETURNED, offset=192384942089 ns
        ON_TOKENS_CALLED, generate 1 tokens, offset=193772040833 ns
        ON_TOKENS_RETURNED, offset=193772041891 ns
        ON_TOKENS_CALLED, generate 1 tokens, offset=195165367034 ns
        ON_TOKENS_RETURNED, offset=195165369721 ns
        ON_TOKENS_CALLED, generate 1 tokens, offset=196591209713 ns
        ON_TOKENS_RETURNED, offset=196591213153 ns
        ON_TOKENS_CALLED, generate 1 tokens, offset=198024127800 ns
        ON_TOKENS_RETURNED, offset=198024129161 ns
        ON_TOKENS_CALLED, generate 1 tokens, offset=199485271838 ns
        ON_TOKENS_RETURNED, offset=199485274103 ns
        ON_TOKENS_CALLED, generate 1 tokens, offset=200842536866 ns
        ON_TOKENS_RETURNED, offset=200842539294 ns
        ON_TOKENS_CALLED, generate 1 tokens, offset=202240247200 ns
        ON_TOKENS_RETURNED, offset=202240249594 ns
        ON_TOKENS_CALLED, generate 1 tokens, offset=203644976118 ns
        ON_TOKENS_RETURNED, offset=203644977453 ns
        ON_TOKENS_CALLED, generate 1 tokens, offset=205069616297 ns
        ON_TOKENS_RETURNED, offset=205069618349 ns
        ON_TOKENS_CALLED, generate 1 tokens, offset=206380454834 ns
        ON_TOKENS_RETURNED, offset=206380457929 ns
        ON_TOKENS_CALLED, generate 1 tokens, offset=207718502283 ns
        ON_TOKENS_RETURNED, offset=207718656234 ns
        ON_TOKENS_CALLED, generate 1 tokens, offset=209040675273 ns
        ON_TOKENS_RETURNED, offset=209040680490 ns
[16:55:33.118715149|thread 2982457|cpu 248] [info ] [Request 33] Parsing the prompt took 225.557593553 s at 36.318883664961156 tokens/s
[16:55:34.085743668|thread 2985351|cpu 248] [info ] KV cache footprint: 41.77 GB in 191 books
[16:55:42.586821785|thread 2985351|cpu 248] [info ] KV cache footprint: 42.86 GB in 196 books
[16:55:48.510998863|thread 2982446|cpu 248] [info ] [Request 23] Generating 61 response tokens with 8193 context took 71.907180 s at 0.848 average tok/s, or 1178.806 ms/tok
[16:55:48.511055767|thread 2982446|cpu 248] [info ] [Request 23] Request with 8192 tokens in and 64 out (sequence limit) saw 167.940156 s TTFT and 240.950004 s TTLT
[16:55:51.007689289|thread 2982457|cpu 248] [info ] [Request 36] Parsing the prompt took 243.443425193 s at 33.650528838498914 tokens/s
[16:55:51.007923675|thread 2985351|cpu 248] [info ] KV cache footprint: 43.96 GB in 201 books
[16:55:59.973011247|thread 2985353|cpu 248] [debug] #EVT# HandleDetails::is_anomalous() handle_id=23 time in state STATE_OPENED exceeded threshold: 167940149944 ns
[16:55:59.973068459|thread 2985353|cpu 248] [debug] #EVT#   Handle,    23, Created, 758718974842764, Last, 758961164626911, Prompted,  8189, Generated,    64, Input TPS, 48.78, Output TPS:  0.76, Callbacks,    64, prompt parsing complete, open
[16:55:59.973107050|thread 2985353|cpu 248] [info ] #EVT#   Handle 23 history:
        SESSION_OPEN, prompt 8192 tokens, offset=0 ns
        PROMPT_TOKENS_REUSE, offset=167940148484 ns
        ON_START_CALLED, offset=167940149944 ns
        ON_START_RETURNED, offset=167940182665 ns
        ON_TOKENS_CALLED, generate 1 tokens, offset=167940187133 ns
        ON_TOKENS_RETURNED, offset=167940189315 ns
        ON_TOKENS_CALLED, generate 1 tokens, offset=169042817022 ns
        ON_TOKENS_RETURNED, offset=169042819827 ns
        ON_TOKENS_CALLED, generate 1 tokens, offset=170200189222 ns
        ON_TOKENS_RETURNED, offset=170200192150 ns
        ON_TOKENS_CALLED, generate 1 tokens, offset=171364198642 ns
        ON_TOKENS_RETURNED, offset=171364200528 ns
        ON_TOKENS_CALLED, generate 1 tokens, offset=172561498384 ns
        ON_TOKENS_RETURNED, offset=172561501425 ns
        ON_TOKENS_CALLED, generate 1 tokens, offset=173761498918 ns
        ON_TOKENS_RETURNED, offset=173761500174 ns
        ON_TOKENS_CALLED, generate 1 tokens, offset=174996453315 ns
        ON_TOKENS_RETURNED, offset=174996454437 ns
        ON_TOKENS_CALLED, generate 1 tokens, offset=176240989351 ns
        ON_TOKENS_RETURNED, offset=176240991531 ns
        ON_TOKENS_CALLED, generate 1 tokens, offset=177522353998 ns
        ON_TOKENS_RETURNED, offset=177522370750 ns
        ON_TOKENS_CALLED, generate 1 tokens, offset=178797927786 ns
        ON_TOKENS_RETURNED, offset=178797929218 ns
        ON_TOKENS_CALLED, generate 1 tokens, offset=180120505254 ns
        ON_TOKENS_RETURNED, offset=180120506219 ns
        ON_TOKENS_CALLED, generate 1 tokens, offset=181444298896 ns
        ON_TOKENS_RETURNED, offset=181444300439 ns
        ON_TOKENS_CALLED, generate 1 tokens, offset=182803736582 ns
        ON_TOKENS_RETURNED, offset=182803737585 ns
        ON_TOKENS_CALLED, generate 1 tokens, offset=184153695603 ns
        ON_TOKENS_RETURNED, offset=184153697017 ns
        ON_TOKENS_CALLED, generate 1 tokens, offset=185549217733 ns
        ON_TOKENS_RETURNED, offset=185549219443 ns
        ON_TOKENS_CALLED, generate 1 tokens, offset=186945659676 ns
        ON_TOKENS_RETURNED, offset=186945661239 ns
        ON_TOKENS_CALLED, generate 1 tokens, offset=188383394742 ns
        ON_TOKENS_RETURNED, offset=188383408758 ns
        ON_TOKENS_CALLED, generate 1 tokens, offset=189674920733 ns
        ON_TOKENS_RETURNED, offset=189674922539 ns
        ON_TOKENS_CALLED, generate 1 tokens, offset=191026489544 ns
        ON_TOKENS_RETURNED, offset=191026491482 ns
        ON_TOKENS_CALLED, generate 1 tokens, offset=192388510791 ns
        ON_TOKENS_RETURNED, offset=192388513826 ns
        ON_TOKENS_CALLED, generate 1 tokens, offset=193775612517 ns
        ON_TOKENS_RETURNED, offset=193775614740 ns
        ON_TOKENS_CALLED, generate 1 tokens, offset=195168940133 ns
        ON_TOKENS_RETURNED, offset=195168942691 ns
        ON_TOKENS_CALLED, generate 1 tokens, offset=196594784863 ns
        ON_TOKENS_RETURNED, offset=196594786472 ns
        ON_TOKENS_CALLED, generate 1 tokens, offset=198027693218 ns
        ON_TOKENS_RETURNED, offset=198027695344 ns
        ON_TOKENS_CALLED, generate 1 tokens, offset=199488847133 ns
        ON_TOKENS_RETURNED, offset=199488849204 ns
        ON_TOKENS_CALLED, generate 1 tokens, offset=200846111918 ns
        ON_TOKENS_RETURNED, offset=200846114463 ns
        ON_TOKENS_CALLED, generate 1 tokens, offset=202243822678 ns
        ON_TOKENS_RETURNED, offset=202243824367 ns
        ON_TOKENS_CALLED, generate 1 tokens, offset=203648556548 ns
        ON_TOKENS_RETURNED, offset=203648558703 ns
        ON_TOKENS_CALLED, generate 1 tokens, offset=205073191057 ns
        ON_TOKENS_RETURNED, offset=205073192536 ns
        ON_TOKENS_CALLED, generate 1 tokens, offset=206384028542 ns
        ON_TOKENS_RETURNED, offset=206384031190 ns
        ON_TOKENS_CALLED, generate 1 tokens, offset=207722067383 ns
        ON_TOKENS_RETURNED, offset=207722069844 ns
        ON_TOKENS_CALLED, generate 1 tokens, offset=209044245864 ns
        ON_TOKENS_RETURNED, offset=209044248222 ns
        ON_TOKENS_CALLED, generate 1 tokens, offset=210274922750 ns
        ON_TOKENS_RETURNED, offset=210274926625 ns
        ON_TOKENS_CALLED, generate 1 tokens, offset=211100207769 ns
        ON_TOKENS_RETURNED, offset=211100208709 ns
        ON_TOKENS_CALLED, generate 1 tokens, offset=211958398467 ns
        ON_TOKENS_RETURNED, offset=211958400867 ns
        ON_TOKENS_CALLED, generate 1 tokens, offset=212829095508 ns
        ON_TOKENS_RETURNED, offset=212829096988 ns
        ON_TOKENS_CALLED, generate 1 tokens, offset=213709124926 ns
        ON_TOKENS_RETURNED, offset=213709127499 ns
        ON_TOKENS_CALLED, generate 1 tokens, offset=214607739866 ns
        ON_TOKENS_RETURNED, offset=214607740946 ns
        ON_TOKENS_CALLED, generate 1 tokens, offset=215520146783 ns
        ON_TOKENS_RETURNED, offset=215520147923 ns
        ON_TOKENS_CALLED, generate 1 tokens, offset=216447052234 ns
        ON_TOKENS_RETURNED, offset=216447053342 ns
        ON_TOKENS_CALLED, generate 1 tokens, offset=217385196995 ns
        ON_TOKENS_RETURNED, offset=217385198233 ns
        ON_TOKENS_CALLED, generate 1 tokens, offset=218343482954 ns
        ON_TOKENS_RETURNED, offset=218343484230 ns
        ON_TOKENS_CALLED, generate 1 tokens, offset=219319708925 ns
        ON_TOKENS_RETURNED, offset=219319710848 ns
        ON_TOKENS_CALLED, generate 1 tokens, offset=220310718491 ns
        ON_TOKENS_RETURNED, offset=220310720301 ns
        ON_TOKENS_CALLED, generate 1 tokens, offset=221324086974 ns
        ON_TOKENS_RETURNED, offset=221324087990 ns
        ON_TOKENS_CALLED, generate 1 tokens, offset=222352297777 ns
        ON_TOKENS_RETURNED, offset=222352299810 ns
        ON_TOKENS_CALLED, generate 1 tokens, offset=223402046254 ns
        ON_TOKENS_RETURNED, offset=223402047225 ns
        ON_TOKENS_CALLED, generate 1 tokens, offset=224468420847 ns
        ON_TOKENS_RETURNED, offset=224468422497 ns
        ON_TOKENS_CALLED, generate 1 tokens, offset=225557711333 ns
        ON_TOKENS_RETURNED, offset=225557713253 ns
        ON_TOKENS_CALLED, generate 1 tokens, offset=226524584680 ns
        ON_TOKENS_RETURNED, offset=226524586893 ns
        ON_TOKENS_CALLED, generate 1 tokens, offset=227535585983 ns
        ON_TOKENS_RETURNED, offset=227535587041 ns
        ON_TOKENS_CALLED, generate 1 tokens, offset=228556265582 ns
        ON_TOKENS_RETURNED, offset=228556266610 ns
        ON_TOKENS_CALLED, generate 1 tokens, offset=229598924139 ns
        ON_TOKENS_RETURNED, offset=229598925897 ns
        ON_TOKENS_CALLED, generate 1 tokens, offset=230648188925 ns
        ON_TOKENS_RETURNED, offset=230648190358 ns
        ON_TOKENS_CALLED, generate 1 tokens, offset=231719527392 ns
        ON_TOKENS_RETURNED, offset=231719529743 ns
        ON_TOKENS_CALLED, generate 1 tokens, offset=232802349864 ns
        ON_TOKENS_RETURNED, offset=232802351326 ns
        ON_TOKENS_CALLED, generate 1 tokens, offset=233909615482 ns
        ON_TOKENS_RETURNED, offset=233909618240 ns
        ON_TOKENS_CALLED, generate 1 tokens, offset=235025607305 ns
        ON_TOKENS_RETURNED, offset=235025608426 ns
        ON_TOKENS_CALLED, generate 1 tokens, offset=236173647457 ns
        ON_TOKENS_RETURNED, offset=236173649853 ns
        ON_TOKENS_CALLED, generate 1 tokens, offset=237334787660 ns
        ON_TOKENS_RETURNED, offset=237334789034 ns
        ON_TOKENS_CALLED, generate 1 tokens, offset=238523588592 ns
        ON_TOKENS_RETURNED, offset=238523590022 ns
        ON_TOKENS_CALLED, generate 1 tokens, offset=239719313113 ns
        ON_TOKENS_RETURNED, offset=239719316518 ns
        ON_TOKENS_CALLED, generate 1 tokens, offset=240949995664 ns
        ON_TOKENS_RETURNED, offset=240950065890 ns
        ON_TOKENS_CALLED, generate 1 tokens, offset=242189776872 ns
        ON_TOKENS_RETURNED, offset=242189784147 ns
[16:56:04.487092604|thread 2985351|cpu 248] [info ] KV cache footprint: 45.06 GB in 206 books
[16:56:07.199557295|thread 2982458|cpu 248] [info ] [Request 38] Parsing the prompt took 259.635244066 s at 31.55195678256058 tokens/s
[16:56:08.465521665|thread 2982446|cpu 248] [info ] [Request 4] Generating 61 response tokens with 8193 context took 71.229597 s at 0.856 average tok/s, or 1167.698 ms/tok
[16:56:08.465564393|thread 2982446|cpu 248] [info ] [Request 4] Request with 8192 tokens in and 64 out (sequence limit) saw 188.383626 s TTFT and 260.904745 s TTLT
[16:56:09.738334040|thread 2985351|cpu 248] [info ] KV cache footprint: 46.16 GB in 211 books
[16:56:17.678466769|thread 2982458|cpu 248] [info ] [Request 41] Parsing the prompt took 270.114114143 s at 30.327922796596653 tokens/s
[16:56:18.942475132|thread 2982446|cpu 248] [info ] [Request 5] Generating 61 response tokens with 8193 context took 70.535344 s at 0.865 average tok/s, or 1156.317 ms/tok
[16:56:18.942505394|thread 2982446|cpu 248] [info ] [Request 5] Request with 8192 tokens in and 64 out (sequence limit) saw 199.489063 s TTFT and 271.381689 s TTLT
[16:56:19.973776584|thread 2985353|cpu 248] [debug] #EVT# HandleDetails::is_anomalous() handle_id=4 time in state STATE_OPENED exceeded threshold: 188383621094 ns
[16:56:19.973820683|thread 2985353|cpu 248] [debug] #EVT#   Handle,     4, Created, 758718974623521, Last, 758981151954912, Prompted,  8192, Generated,    64, Input TPS, 43.49, Output TPS:  0.76, Callbacks,    64, prompt parsing complete, open
[16:56:19.973861259|thread 2985353|cpu 248] [info ] #EVT#   Handle 4 history:
        SESSION_OPEN, prompt 8192 tokens, offset=0 ns
        PROMPT_TOKENS_REUSE, offset=188383619902 ns
        ON_START_CALLED, offset=188383621094 ns
        ON_START_RETURNED, offset=188383656497 ns
        ON_TOKENS_CALLED, generate 1 tokens, offset=188383662007 ns
        ON_TOKENS_RETURNED, offset=188383664425 ns
        ON_TOKENS_CALLED, generate 1 tokens, offset=189675142819 ns
        ON_TOKENS_RETURNED, offset=189675144477 ns
        ON_TOKENS_CALLED, generate 1 tokens, offset=191026708164 ns
        ON_TOKENS_RETURNED, offset=191026709367 ns
        ON_TOKENS_CALLED, generate 1 tokens, offset=192388732029 ns
        ON_TOKENS_RETURNED, offset=192388733383 ns
        ON_TOKENS_CALLED, generate 1 tokens, offset=193775826541 ns
        ON_TOKENS_RETURNED, offset=193775827850 ns
        ON_TOKENS_CALLED, generate 1 tokens, offset=195169162098 ns
        ON_TOKENS_RETURNED, offset=195169163530 ns
        ON_TOKENS_CALLED, generate 1 tokens, offset=196595007132 ns
        ON_TOKENS_RETURNED, offset=196595008542 ns
        ON_TOKENS_CALLED, generate 1 tokens, offset=198027921765 ns
        ON_TOKENS_RETURNED, offset=198027922772 ns
        ON_TOKENS_CALLED, generate 1 tokens, offset=199489070381 ns
        ON_TOKENS_RETURNED, offset=199489071721 ns
        ON_TOKENS_CALLED, generate 1 tokens, offset=200846332048 ns
        ON_TOKENS_RETURNED, offset=200846334661 ns
        ON_TOKENS_CALLED, generate 1 tokens, offset=202244058400 ns
        ON_TOKENS_RETURNED, offset=202244060040 ns
        ON_TOKENS_CALLED, generate 1 tokens, offset=203648773477 ns
        ON_TOKENS_RETURNED, offset=203648775956 ns
        ON_TOKENS_CALLED, generate 1 tokens, offset=205073406104 ns
        ON_TOKENS_RETURNED, offset=205073407506 ns
        ON_TOKENS_CALLED, generate 1 tokens, offset=206384249198 ns
        ON_TOKENS_RETURNED, offset=206384252084 ns
        ON_TOKENS_CALLED, generate 1 tokens, offset=207722294888 ns
        ON_TOKENS_RETURNED, offset=207722296101 ns
        ON_TOKENS_CALLED, generate 1 tokens, offset=209044473062 ns
        ON_TOKENS_RETURNED, offset=209044474384 ns
        ON_TOKENS_CALLED, generate 1 tokens, offset=210275142946 ns
        ON_TOKENS_RETURNED, offset=210275148261 ns
        ON_TOKENS_CALLED, generate 1 tokens, offset=211100428409 ns
        ON_TOKENS_RETURNED, offset=211100429598 ns
        ON_TOKENS_CALLED, generate 1 tokens, offset=211958619007 ns
        ON_TOKENS_RETURNED, offset=211958621500 ns
        ON_TOKENS_CALLED, generate 1 tokens, offset=212829313096 ns
        ON_TOKENS_RETURNED, offset=212829315902 ns
        ON_TOKENS_CALLED, generate 1 tokens, offset=213709345384 ns
        ON_TOKENS_RETURNED, offset=213709346380 ns
        ON_TOKENS_CALLED, generate 1 tokens, offset=214607960402 ns
        ON_TOKENS_RETURNED, offset=214607961846 ns
        ON_TOKENS_CALLED, generate 1 tokens, offset=215520367801 ns
        ON_TOKENS_RETURNED, offset=215520370693 ns
        ON_TOKENS_CALLED, generate 1 tokens, offset=216447274184 ns
        ON_TOKENS_RETURNED, offset=216447275740 ns
        ON_TOKENS_CALLED, generate 1 tokens, offset=217385411424 ns
        ON_TOKENS_RETURNED, offset=217385412876 ns
        ON_TOKENS_CALLED, generate 1 tokens, offset=218343703797 ns
        ON_TOKENS_RETURNED, offset=218343706013 ns
        ON_TOKENS_CALLED, generate 1 tokens, offset=219319934486 ns
        ON_TOKENS_RETURNED, offset=219319936930 ns
        ON_TOKENS_CALLED, generate 1 tokens, offset=220310942848 ns
        ON_TOKENS_RETURNED, offset=220310943905 ns
        ON_TOKENS_CALLED, generate 1 tokens, offset=221324307843 ns
        ON_TOKENS_RETURNED, offset=221324310128 ns
        ON_TOKENS_CALLED, generate 1 tokens, offset=222352518170 ns
        ON_TOKENS_RETURNED, offset=222352519768 ns
        ON_TOKENS_CALLED, generate 1 tokens, offset=223402267676 ns
        ON_TOKENS_RETURNED, offset=223402270281 ns
        ON_TOKENS_CALLED, generate 1 tokens, offset=224468636780 ns
        ON_TOKENS_RETURNED, offset=224468638494 ns
        ON_TOKENS_CALLED, generate 1 tokens, offset=225557929948 ns
        ON_TOKENS_RETURNED, offset=225557932433 ns
        ON_TOKENS_CALLED, generate 1 tokens, offset=226524804364 ns
        ON_TOKENS_RETURNED, offset=226524807084 ns
        ON_TOKENS_CALLED, generate 1 tokens, offset=227535806469 ns
        ON_TOKENS_RETURNED, offset=227535807638 ns
        ON_TOKENS_CALLED, generate 1 tokens, offset=228556486251 ns
        ON_TOKENS_RETURNED, offset=228556486872 ns
        ON_TOKENS_CALLED, generate 1 tokens, offset=229599146591 ns
        ON_TOKENS_RETURNED, offset=229599148649 ns
        ON_TOKENS_CALLED, generate 1 tokens, offset=230648406785 ns
        ON_TOKENS_RETURNED, offset=230648409150 ns
        ON_TOKENS_CALLED, generate 1 tokens, offset=231719747337 ns
        ON_TOKENS_RETURNED, offset=231719749288 ns
        ON_TOKENS_CALLED, generate 1 tokens, offset=232802570189 ns
        ON_TOKENS_RETURNED, offset=232802573064 ns
        ON_TOKENS_CALLED, generate 1 tokens, offset=233909838561 ns
        ON_TOKENS_RETURNED, offset=233909840672 ns
        ON_TOKENS_CALLED, generate 1 tokens, offset=235025825835 ns
        ON_TOKENS_RETURNED, offset=235025827758 ns
        ON_TOKENS_CALLED, generate 1 tokens, offset=236173868548 ns
        ON_TOKENS_RETURNED, offset=236173870660 ns
        ON_TOKENS_CALLED, generate 1 tokens, offset=237335004616 ns
        ON_TOKENS_RETURNED, offset=237335006792 ns
        ON_TOKENS_CALLED, generate 1 tokens, offset=238523804628 ns
        ON_TOKENS_RETURNED, offset=238523805568 ns
        ON_TOKENS_CALLED, generate 1 tokens, offset=239719534326 ns
        ON_TOKENS_RETURNED, offset=239719536675 ns
        ON_TOKENS_CALLED, generate 1 tokens, offset=240950214373 ns
        ON_TOKENS_RETURNED, offset=240950216072 ns
        ON_TOKENS_CALLED, generate 1 tokens, offset=242189996031 ns
        ON_TOKENS_RETURNED, offset=242189997677 ns
        ON_TOKENS_CALLED, generate 1 tokens, offset=243446900026 ns
        ON_TOKENS_RETURNED, offset=243446902119 ns
        ON_TOKENS_CALLED, generate 1 tokens, offset=244548294252 ns
        ON_TOKENS_RETURNED, offset=244548296599 ns
        ON_TOKENS_CALLED, generate 1 tokens, offset=245705027424 ns
        ON_TOKENS_RETURNED, offset=245705030041 ns
        ON_TOKENS_CALLED, generate 1 tokens, offset=246873827631 ns
        ON_TOKENS_RETURNED, offset=246873830152 ns
        ON_TOKENS_CALLED, generate 1 tokens, offset=248067421452 ns
        ON_TOKENS_RETURNED, offset=248067422715 ns
        ON_TOKENS_CALLED, generate 1 tokens, offset=249266014607 ns
        ON_TOKENS_RETURNED, offset=249266015683 ns
        ON_TOKENS_CALLED, generate 1 tokens, offset=250498520696 ns
        ON_TOKENS_RETURNED, offset=250498521708 ns
        ON_TOKENS_CALLED, generate 1 tokens, offset=251738643135 ns
        ON_TOKENS_RETURNED, offset=251738644867 ns
        ON_TOKENS_CALLED, generate 1 tokens, offset=253011389024 ns
        ON_TOKENS_RETURNED, offset=253011390076 ns
        ON_TOKENS_CALLED, generate 1 tokens, offset=254286059381 ns
        ON_TOKENS_RETURNED, offset=254286061255 ns
        ON_TOKENS_CALLED, generate 1 tokens, offset=255600413972 ns
        ON_TOKENS_RETURNED, offset=255600416648 ns
        ON_TOKENS_CALLED, generate 1 tokens, offset=256926085032 ns
        ON_TOKENS_RETURNED, offset=256926087366 ns
        ON_TOKENS_CALLED, generate 1 tokens, offset=258283933616 ns
        ON_TOKENS_RETURNED, offset=258283935116 ns
        ON_TOKENS_CALLED, generate 1 tokens, offset=259638771094 ns
        ON_TOKENS_RETURNED, offset=259638773864 ns
        ON_TOKENS_CALLED, generate 1 tokens, offset=260904736423 ns
        ON_TOKENS_RETURNED, offset=260904793012 ns
        ON_TOKENS_CALLED, generate 1 tokens, offset=262177319652 ns
        ON_TOKENS_RETURNED, offset=262177331391 ns
[16:56:21.512119666|thread 2985351|cpu 248] [info ] KV cache footprint: 47.26 GB in 216 books
[16:56:24.125216237|thread 2982446|cpu 248] [info ] [Request 6] Generating 61 response tokens with 8193 context took 70.180179 s at 0.869 average tok/s, or 1150.495 ms/tok
[16:56:24.125237372|thread 2982446|cpu 248] [info ] [Request 6] Request with 8192 tokens in and 64 out (sequence limit) saw 205.073400 s TTFT and 276.564420 s TTLT
[16:56:26.798486822|thread 2982457|cpu 248] [info ] [Request 48] Parsing the prompt took 279.234046631 s at 29.337396706589647 tokens/s
[16:56:28.010634440|thread 2982458|cpu 248] [info ] [Request 49] Parsing the prompt took 280.446184875 s at 29.21059526501074 tokens/s
[16:56:29.146430400|thread 2982446|cpu 248] [info ] [Request 14] Generating 61 response tokens with 8193 context took 70.485219 s at 0.865 average tok/s, or 1155.495 ms/tok
[16:56:29.146453650|thread 2982446|cpu 248] [info ] [Request 14] Request with 8192 tokens in and 64 out (sequence limit) saw 210.275037 s TTFT and 281.585542 s TTLT
[16:56:29.146436187|thread 2982447|cpu 248] [info ] [Request 19] Generating 61 response tokens with 8193 context took 70.485217 s at 0.865 average tok/s, or 1155.495 ms/tok
[16:56:29.146435662|thread 2982449|cpu 248] [info ] [Request 24] Generating 61 response tokens with 8193 context took 70.485213 s at 0.865 average tok/s, or 1155.495 ms/tok
[16:56:29.146491064|thread 2982449|cpu 248] [info ] [Request 24] Request with 8192 tokens in and 64 out (sequence limit) saw 210.274925 s TTFT and 281.585431 s TTLT
[16:56:29.146480117|thread 2982447|cpu 248] [info ] [Request 19] Request with 8192 tokens in and 64 out (sequence limit) saw 210.274980 s TTFT and 281.585488 s TTLT
[16:56:30.289397386|thread 2982459|cpu 248] [info ] [Request 52] Parsing the prompt took 282.724910284 s at 28.97516172795335 tokens/s
[16:56:30.397768593|thread 2985353|cpu 248] [debug] #EVT# HandleDetails::is_anomalous() handle_id=5 time in state STATE_OPENED exceeded threshold: 199489055841 ns
[16:56:30.397795598|thread 2985353|cpu 248] [debug] #EVT#   Handle,     5, Created, 758718974635734, Last, 758991647197731, Prompted,  8192, Generated,    64, Input TPS, 41.06, Output TPS:  0.77, Callbacks,    64, prompt parsing complete, open
[16:56:30.397827938|thread 2985353|cpu 248] [info ] #EVT#   Handle 5 history:
        SESSION_OPEN, prompt 8192 tokens, offset=0 ns
        PROMPT_TOKENS_REUSE, offset=199489054811 ns
        ON_START_CALLED, offset=199489055841 ns
        ON_START_RETURNED, offset=199489096681 ns
        ON_TOKENS_CALLED, generate 1 tokens, offset=199489101897 ns
        ON_TOKENS_RETURNED, offset=199489104086 ns
        ON_TOKENS_CALLED, generate 1 tokens, offset=200846338555 ns
        ON_TOKENS_RETURNED, offset=200846340796 ns
        ON_TOKENS_CALLED, generate 1 tokens, offset=202244037973 ns
        ON_TOKENS_RETURNED, offset=202244039085 ns
        ON_TOKENS_CALLED, generate 1 tokens, offset=203648762256 ns
        ON_TOKENS_RETURNED, offset=203648764970 ns
        ON_TOKENS_CALLED, generate 1 tokens, offset=205073401767 ns
        ON_TOKENS_RETURNED, offset=205073402955 ns
        ON_TOKENS_CALLED, generate 1 tokens, offset=206384237985 ns
        ON_TOKENS_RETURNED, offset=206384239075 ns
        ON_TOKENS_CALLED, generate 1 tokens, offset=207722280357 ns
        ON_TOKENS_RETURNED, offset=207722281237 ns
        ON_TOKENS_CALLED, generate 1 tokens, offset=209044457512 ns
        ON_TOKENS_RETURNED, offset=209044460215 ns
        ON_TOKENS_CALLED, generate 1 tokens, offset=210275132842 ns
        ON_TOKENS_RETURNED, offset=210275139150 ns
        ON_TOKENS_CALLED, generate 1 tokens, offset=211100423420 ns
        ON_TOKENS_RETURNED, offset=211100424193 ns
        ON_TOKENS_CALLED, generate 1 tokens, offset=211958609184 ns
        ON_TOKENS_RETURNED, offset=211958611455 ns
        ON_TOKENS_CALLED, generate 1 tokens, offset=212829303942 ns
        ON_TOKENS_RETURNED, offset=212829305411 ns
        ON_TOKENS_CALLED, generate 1 tokens, offset=213709334450 ns
        ON_TOKENS_RETURNED, offset=213709335583 ns
        ON_TOKENS_CALLED, generate 1 tokens, offset=214607950420 ns
        ON_TOKENS_RETURNED, offset=214607953024 ns
        ON_TOKENS_CALLED, generate 1 tokens, offset=215520358184 ns
        ON_TOKENS_RETURNED, offset=215520360477 ns
        ON_TOKENS_CALLED, generate 1 tokens, offset=216447264635 ns
        ON_TOKENS_RETURNED, offset=216447265319 ns
        ON_TOKENS_CALLED, generate 1 tokens, offset=217385399032 ns
        ON_TOKENS_RETURNED, offset=217385402244 ns
        ON_TOKENS_CALLED, generate 1 tokens, offset=218343693563 ns
        ON_TOKENS_RETURNED, offset=218343695032 ns
        ON_TOKENS_CALLED, generate 1 tokens, offset=219319923086 ns
        ON_TOKENS_RETURNED, offset=219319924140 ns
        ON_TOKENS_CALLED, generate 1 tokens, offset=220310932365 ns
        ON_TOKENS_RETURNED, offset=220310933328 ns
        ON_TOKENS_CALLED, generate 1 tokens, offset=221324299328 ns
        ON_TOKENS_RETURNED, offset=221324300803 ns
        ON_TOKENS_CALLED, generate 1 tokens, offset=222352503105 ns
        ON_TOKENS_RETURNED, offset=222352504432 ns
        ON_TOKENS_CALLED, generate 1 tokens, offset=223402257287 ns
        ON_TOKENS_RETURNED, offset=223402258380 ns
        ON_TOKENS_CALLED, generate 1 tokens, offset=224468629589 ns
        ON_TOKENS_RETURNED, offset=224468631000 ns
        ON_TOKENS_CALLED, generate 1 tokens, offset=225557918532 ns
        ON_TOKENS_RETURNED, offset=225557919660 ns
        ON_TOKENS_CALLED, generate 1 tokens, offset=226524794242 ns
        ON_TOKENS_RETURNED, offset=226524795331 ns
        ON_TOKENS_CALLED, generate 1 tokens, offset=227535797069 ns
        ON_TOKENS_RETURNED, offset=227535798709 ns
        ON_TOKENS_CALLED, generate 1 tokens, offset=228556471175 ns
        ON_TOKENS_RETURNED, offset=228556473506 ns
        ON_TOKENS_CALLED, generate 1 tokens, offset=229599132244 ns
        ON_TOKENS_RETURNED, offset=229599134969 ns
        ON_TOKENS_CALLED, generate 1 tokens, offset=230648396018 ns
        ON_TOKENS_RETURNED, offset=230648397641 ns
        ON_TOKENS_CALLED, generate 1 tokens, offset=231719734925 ns
        ON_TOKENS_RETURNED, offset=231719736821 ns
        ON_TOKENS_CALLED, generate 1 tokens, offset=232802558232 ns
        ON_TOKENS_RETURNED, offset=232802559275 ns
        ON_TOKENS_CALLED, generate 1 tokens, offset=233909825796 ns
        ON_TOKENS_RETURNED, offset=233909828363 ns
        ON_TOKENS_CALLED, generate 1 tokens, offset=235025810135 ns
        ON_TOKENS_RETURNED, offset=235025811502 ns
        ON_TOKENS_CALLED, generate 1 tokens, offset=236173862824 ns
        ON_TOKENS_RETURNED, offset=236173864449 ns
        ON_TOKENS_CALLED, generate 1 tokens, offset=237334993229 ns
        ON_TOKENS_RETURNED, offset=237334995388 ns
        ON_TOKENS_CALLED, generate 1 tokens, offset=238523791760 ns
        ON_TOKENS_RETURNED, offset=238523793287 ns
        ON_TOKENS_CALLED, generate 1 tokens, offset=239719524984 ns
        ON_TOKENS_RETURNED, offset=239719525805 ns
        ON_TOKENS_CALLED, generate 1 tokens, offset=240950204130 ns
        ON_TOKENS_RETURNED, offset=240950205330 ns
        ON_TOKENS_CALLED, generate 1 tokens, offset=242189984473 ns
        ON_TOKENS_RETURNED, offset=242189986491 ns
        ON_TOKENS_CALLED, generate 1 tokens, offset=243446897530 ns
        ON_TOKENS_RETURNED, offset=243446898815 ns
        ON_TOKENS_CALLED, generate 1 tokens, offset=244548285399 ns
        ON_TOKENS_RETURNED, offset=244548286425 ns
        ON_TOKENS_CALLED, generate 1 tokens, offset=245705016589 ns
        ON_TOKENS_RETURNED, offset=245705019099 ns
        ON_TOKENS_CALLED, generate 1 tokens, offset=246873825869 ns
        ON_TOKENS_RETURNED, offset=246873826887 ns
        ON_TOKENS_CALLED, generate 1 tokens, offset=248067424153 ns
        ON_TOKENS_RETURNED, offset=248067425420 ns
        ON_TOKENS_CALLED, generate 1 tokens, offset=249266006720 ns
        ON_TOKENS_RETURNED, offset=249266008209 ns
        ON_TOKENS_CALLED, generate 1 tokens, offset=250498518276 ns
        ON_TOKENS_RETURNED, offset=250498519499 ns
        ON_TOKENS_CALLED, generate 1 tokens, offset=251738633363 ns
        ON_TOKENS_RETURNED, offset=251738636173 ns
        ON_TOKENS_CALLED, generate 1 tokens, offset=253011380902 ns
        ON_TOKENS_RETURNED, offset=253011382089 ns
        ON_TOKENS_CALLED, generate 1 tokens, offset=254286048874 ns
        ON_TOKENS_RETURNED, offset=254286050181 ns
        ON_TOKENS_CALLED, generate 1 tokens, offset=255600413898 ns
        ON_TOKENS_RETURNED, offset=255600414498 ns
        ON_TOKENS_CALLED, generate 1 tokens, offset=256926076400 ns
        ON_TOKENS_RETURNED, offset=256926078443 ns
        ON_TOKENS_CALLED, generate 1 tokens, offset=258283924208 ns
        ON_TOKENS_RETURNED, offset=258283925175 ns
        ON_TOKENS_CALLED, generate 1 tokens, offset=259638756622 ns
        ON_TOKENS_RETURNED, offset=259638759326 ns
        ON_TOKENS_CALLED, generate 1 tokens, offset=260904725471 ns
        ON_TOKENS_RETURNED, offset=260904727801 ns
        ON_TOKENS_CALLED, generate 1 tokens, offset=262177309530 ns
        ON_TOKENS_RETURNED, offset=262177311874 ns
        ON_TOKENS_CALLED, generate 1 tokens, offset=263453942965 ns
        ON_TOKENS_RETURNED, offset=263453944214 ns
        ON_TOKENS_CALLED, generate 1 tokens, offset=264744321607 ns
        ON_TOKENS_RETURNED, offset=264744322750 ns
        ON_TOKENS_CALLED, generate 1 tokens, offset=266062635420 ns
        ON_TOKENS_RETURNED, offset=266062636486 ns
        ON_TOKENS_CALLED, generate 1 tokens, offset=267389337368 ns
        ON_TOKENS_RETURNED, offset=267389339137 ns
        ON_TOKENS_CALLED, generate 1 tokens, offset=268745159913 ns
        ON_TOKENS_RETURNED, offset=268745162128 ns
        ON_TOKENS_CALLED, generate 1 tokens, offset=270117658390 ns
        ON_TOKENS_RETURNED, offset=270117659742 ns
        ON_TOKENS_CALLED, generate 1 tokens, offset=271381680946 ns
        ON_TOKENS_RETURNED, offset=271381721035 ns
        ON_TOKENS_CALLED, generate 1 tokens, offset=272672549590 ns
        ON_TOKENS_RETURNED, offset=272672561997 ns
[16:56:34.257746738|thread 2985351|cpu 248] [info ] KV cache footprint: 48.36 GB in 221 books
[16:56:35.751908110|thread 2985353|cpu 248] [debug] #EVT# HandleDetails::is_anomalous() handle_id=6 time in state STATE_OPENED exceeded threshold: 205073393922 ns
[16:56:35.751947636|thread 2985353|cpu 248] [debug] #EVT#   Handle,     6, Created, 758718974646129, Last, 758996880838820, Prompted,  8192, Generated,    64, Input TPS, 39.95, Output TPS:  0.77, Callbacks,    64, prompt parsing complete, open
[16:56:35.751994450|thread 2985353|cpu 248] [info ] #EVT#   Handle 6 history:
        SESSION_OPEN, prompt 8192 tokens, offset=0 ns
        PROMPT_TOKENS_REUSE, offset=205073383731 ns
        ON_START_CALLED, offset=205073393922 ns
        ON_START_RETURNED, offset=205073439303 ns
        ON_TOKENS_CALLED, generate 1 tokens, offset=205073452954 ns
        ON_TOKENS_RETURNED, offset=205073453930 ns
        ON_TOKENS_CALLED, generate 1 tokens, offset=206384235150 ns
        ON_TOKENS_RETURNED, offset=206384236811 ns
        ON_TOKENS_CALLED, generate 1 tokens, offset=207722279441 ns
        ON_TOKENS_RETURNED, offset=207722281272 ns
        ON_TOKENS_CALLED, generate 1 tokens, offset=209044448221 ns
        ON_TOKENS_RETURNED, offset=209044449150 ns
        ON_TOKENS_CALLED, generate 1 tokens, offset=210275134021 ns
        ON_TOKENS_RETURNED, offset=210275135107 ns
        ON_TOKENS_CALLED, generate 1 tokens, offset=211100408035 ns
        ON_TOKENS_RETURNED, offset=211100409433 ns
        ON_TOKENS_CALLED, generate 1 tokens, offset=211958603820 ns
        ON_TOKENS_RETURNED, offset=211958605298 ns
        ON_TOKENS_CALLED, generate 1 tokens, offset=212829295083 ns
        ON_TOKENS_RETURNED, offset=212829296831 ns
        ON_TOKENS_CALLED, generate 1 tokens, offset=213709326921 ns
        ON_TOKENS_RETURNED, offset=213709333102 ns
        ON_TOKENS_CALLED, generate 1 tokens, offset=214607941716 ns
        ON_TOKENS_RETURNED, offset=214607942784 ns
        ON_TOKENS_CALLED, generate 1 tokens, offset=215520349441 ns
        ON_TOKENS_RETURNED, offset=215520351574 ns
        ON_TOKENS_CALLED, generate 1 tokens, offset=216447241977 ns
        ON_TOKENS_RETURNED, offset=216447242949 ns
        ON_TOKENS_CALLED, generate 1 tokens, offset=217385397359 ns
        ON_TOKENS_RETURNED, offset=217385398412 ns
        ON_TOKENS_CALLED, generate 1 tokens, offset=218343685700 ns
        ON_TOKENS_RETURNED, offset=218343686955 ns
        ON_TOKENS_CALLED, generate 1 tokens, offset=219319910958 ns
        ON_TOKENS_RETURNED, offset=219319912042 ns
        ON_TOKENS_CALLED, generate 1 tokens, offset=220310927240 ns
        ON_TOKENS_RETURNED, offset=220310928173 ns
        ON_TOKENS_CALLED, generate 1 tokens, offset=221324290680 ns
        ON_TOKENS_RETURNED, offset=221324303949 ns
        ON_TOKENS_CALLED, generate 1 tokens, offset=222352497355 ns
        ON_TOKENS_RETURNED, offset=222352498359 ns
        ON_TOKENS_CALLED, generate 1 tokens, offset=223402254232 ns
        ON_TOKENS_RETURNED, offset=223402255382 ns
        ON_TOKENS_CALLED, generate 1 tokens, offset=224468613718 ns
        ON_TOKENS_RETURNED, offset=224468614593 ns
        ON_TOKENS_CALLED, generate 1 tokens, offset=225557910505 ns
        ON_TOKENS_RETURNED, offset=225557911641 ns
        ON_TOKENS_CALLED, generate 1 tokens, offset=226524786164 ns
        ON_TOKENS_RETURNED, offset=226524787067 ns
        ON_TOKENS_CALLED, generate 1 tokens, offset=227535787678 ns
        ON_TOKENS_RETURNED, offset=227535790510 ns
        ON_TOKENS_CALLED, generate 1 tokens, offset=228556468326 ns
        ON_TOKENS_RETURNED, offset=228556469941 ns
        ON_TOKENS_CALLED, generate 1 tokens, offset=229599122671 ns
        ON_TOKENS_RETURNED, offset=229599124634 ns
        ON_TOKENS_CALLED, generate 1 tokens, offset=230648393428 ns
        ON_TOKENS_RETURNED, offset=230648394427 ns
        ON_TOKENS_CALLED, generate 1 tokens, offset=231719727568 ns
        ON_TOKENS_RETURNED, offset=231719730122 ns
        ON_TOKENS_CALLED, generate 1 tokens, offset=232802550964 ns
        ON_TOKENS_RETURNED, offset=232802552224 ns
        ON_TOKENS_CALLED, generate 1 tokens, offset=233909815587 ns
        ON_TOKENS_RETURNED, offset=233909816781 ns
        ON_TOKENS_CALLED, generate 1 tokens, offset=235025817700 ns
        ON_TOKENS_RETURNED, offset=235025818493 ns
        ON_TOKENS_CALLED, generate 1 tokens, offset=236173847493 ns
        ON_TOKENS_RETURNED, offset=236173848707 ns
        ON_TOKENS_CALLED, generate 1 tokens, offset=237334984510 ns
        ON_TOKENS_RETURNED, offset=237334985607 ns
        ON_TOKENS_CALLED, generate 1 tokens, offset=238523780436 ns
        ON_TOKENS_RETURNED, offset=238523783327 ns
        ON_TOKENS_CALLED, generate 1 tokens, offset=239719515989 ns
        ON_TOKENS_RETURNED, offset=239719517684 ns
        ON_TOKENS_CALLED, generate 1 tokens, offset=240950194991 ns
        ON_TOKENS_RETURNED, offset=240950196348 ns
        ON_TOKENS_CALLED, generate 1 tokens, offset=242189981886 ns
        ON_TOKENS_RETURNED, offset=242189982891 ns
        ON_TOKENS_CALLED, generate 1 tokens, offset=243446887000 ns
        ON_TOKENS_RETURNED, offset=243446888477 ns
        ON_TOKENS_CALLED, generate 1 tokens, offset=244548275958 ns
        ON_TOKENS_RETURNED, offset=244548277175 ns
        ON_TOKENS_CALLED, generate 1 tokens, offset=245705012639 ns
        ON_TOKENS_RETURNED, offset=245705014783 ns
        ON_TOKENS_CALLED, generate 1 tokens, offset=246873825163 ns
        ON_TOKENS_RETURNED, offset=246873826000 ns
        ON_TOKENS_CALLED, generate 1 tokens, offset=248067402827 ns
        ON_TOKENS_RETURNED, offset=248067405133 ns
        ON_TOKENS_CALLED, generate 1 tokens, offset=249265995588 ns
        ON_TOKENS_RETURNED, offset=249265997100 ns
        ON_TOKENS_CALLED, generate 1 tokens, offset=250498505583 ns
        ON_TOKENS_RETURNED, offset=250498506411 ns
        ON_TOKENS_CALLED, generate 1 tokens, offset=251738624135 ns
        ON_TOKENS_RETURNED, offset=251738626509 ns
        ON_TOKENS_CALLED, generate 1 tokens, offset=253011368641 ns
        ON_TOKENS_RETURNED, offset=253011369563 ns
        ON_TOKENS_CALLED, generate 1 tokens, offset=254286037102 ns
        ON_TOKENS_RETURNED, offset=254286039110 ns
        ON_TOKENS_CALLED, generate 1 tokens, offset=255600409813 ns
        ON_TOKENS_RETURNED, offset=255600410831 ns
        ON_TOKENS_CALLED, generate 1 tokens, offset=256926066656 ns
        ON_TOKENS_RETURNED, offset=256926070194 ns
        ON_TOKENS_CALLED, generate 1 tokens, offset=258283912693 ns
        ON_TOKENS_RETURNED, offset=258283913542 ns
        ON_TOKENS_CALLED, generate 1 tokens, offset=259638747573 ns
        ON_TOKENS_RETURNED, offset=259638750510 ns
        ON_TOKENS_CALLED, generate 1 tokens, offset=260904717992 ns
        ON_TOKENS_RETURNED, offset=260904719343 ns
        ON_TOKENS_CALLED, generate 1 tokens, offset=262177299921 ns
        ON_TOKENS_RETURNED, offset=262177301124 ns
        ON_TOKENS_CALLED, generate 1 tokens, offset=263453913935 ns
        ON_TOKENS_RETURNED, offset=263453915511 ns
        ON_TOKENS_CALLED, generate 1 tokens, offset=264744321773 ns
        ON_TOKENS_RETURNED, offset=264744322885 ns
        ON_TOKENS_CALLED, generate 1 tokens, offset=266062614851 ns
        ON_TOKENS_RETURNED, offset=266062616492 ns
        ON_TOKENS_CALLED, generate 1 tokens, offset=267389325428 ns
        ON_TOKENS_RETURNED, offset=267389327436 ns
        ON_TOKENS_CALLED, generate 1 tokens, offset=268745151301 ns
        ON_TOKENS_RETURNED, offset=268745152757 ns
        ON_TOKENS_CALLED, generate 1 tokens, offset=270117649116 ns
        ON_TOKENS_RETURNED, offset=270117650751 ns
        ON_TOKENS_CALLED, generate 1 tokens, offset=271381671874 ns
        ON_TOKENS_RETURNED, offset=271381673226 ns
        ON_TOKENS_CALLED, generate 1 tokens, offset=272672536729 ns
        ON_TOKENS_RETURNED, offset=272672538085 ns
        ON_TOKENS_CALLED, generate 1 tokens, offset=273950897783 ns
        ON_TOKENS_RETURNED, offset=273950899682 ns
        ON_TOKENS_CALLED, generate 1 tokens, offset=275252760656 ns
        ON_TOKENS_RETURNED, offset=275252762352 ns
        ON_TOKENS_CALLED, generate 1 tokens, offset=276564412744 ns
        ON_TOKENS_RETURNED, offset=276564442225 ns
        ON_TOKENS_CALLED, generate 1 tokens, offset=277906183238 ns
        ON_TOKENS_RETURNED, offset=277906192691 ns
[16:56:39.560280563|thread 2982457|cpu 248] [info ] [Request 7] Parsing the prompt took 291.999474142 s at 28.05484504405721 tokens/s
[16:56:39.560497675|thread 2985351|cpu 248] [info ] KV cache footprint: 49.46 GB in 226 books
[16:56:40.540713522|thread 2985353|cpu 248] [debug] #EVT# HandleDetails::is_anomalous() handle_id=24 time in state STATE_OPENED exceeded threshold: 210274918930 ns
[16:56:40.540756749|thread 2985353|cpu 248] [debug] #EVT#   Handle,    24, Created, 758718974853434, Last, 759001703235086, Prompted,  8191, Generated,    64, Input TPS, 38.96, Output TPS:  0.77, Callbacks,    64, prompt parsing complete, open
[16:56:40.540794718|thread 2985353|cpu 248] [info ] #EVT#   Handle 24 history:
        SESSION_OPEN, prompt 8192 tokens, offset=0 ns
        PROMPT_TOKENS_REUSE, offset=210274917768 ns
        ON_START_CALLED, offset=210274918930 ns
        ON_START_RETURNED, offset=210274969420 ns
        ON_TOKENS_CALLED, generate 1 tokens, offset=210274973520 ns
        ON_TOKENS_RETURNED, offset=210274974447 ns
        ON_TOKENS_CALLED, generate 1 tokens, offset=211100212366 ns
        ON_TOKENS_RETURNED, offset=211100213712 ns
        ON_TOKENS_CALLED, generate 1 tokens, offset=211958398831 ns
        ON_TOKENS_RETURNED, offset=211958400278 ns
        ON_TOKENS_CALLED, generate 1 tokens, offset=212829090885 ns
        ON_TOKENS_RETURNED, offset=212829092018 ns
        ON_TOKENS_CALLED, generate 1 tokens, offset=213709123399 ns
        ON_TOKENS_RETURNED, offset=213709124887 ns
        ON_TOKENS_CALLED, generate 1 tokens, offset=214607745531 ns
        ON_TOKENS_RETURNED, offset=214607746506 ns
        ON_TOKENS_CALLED, generate 1 tokens, offset=215520144897 ns
        ON_TOKENS_RETURNED, offset=215520146320 ns
        ON_TOKENS_CALLED, generate 1 tokens, offset=216447041275 ns
        ON_TOKENS_RETURNED, offset=216447042168 ns
        ON_TOKENS_CALLED, generate 1 tokens, offset=217385182046 ns
        ON_TOKENS_RETURNED, offset=217385184608 ns
        ON_TOKENS_CALLED, generate 1 tokens, offset=218343482620 ns
        ON_TOKENS_RETURNED, offset=218343483728 ns
        ON_TOKENS_CALLED, generate 1 tokens, offset=219319709144 ns
        ON_TOKENS_RETURNED, offset=219319710339 ns
        ON_TOKENS_CALLED, generate 1 tokens, offset=220310717457 ns
        ON_TOKENS_RETURNED, offset=220310718319 ns
        ON_TOKENS_CALLED, generate 1 tokens, offset=221324090738 ns
        ON_TOKENS_RETURNED, offset=221324091516 ns
        ON_TOKENS_CALLED, generate 1 tokens, offset=222352288907 ns
        ON_TOKENS_RETURNED, offset=222352290513 ns
        ON_TOKENS_CALLED, generate 1 tokens, offset=223402048888 ns
        ON_TOKENS_RETURNED, offset=223402049824 ns
        ON_TOKENS_CALLED, generate 1 tokens, offset=224468409744 ns
        ON_TOKENS_RETURNED, offset=224468411037 ns
        ON_TOKENS_CALLED, generate 1 tokens, offset=225557707785 ns
        ON_TOKENS_RETURNED, offset=225557711859 ns
        ON_TOKENS_CALLED, generate 1 tokens, offset=226524583769 ns
        ON_TOKENS_RETURNED, offset=226524584589 ns
        ON_TOKENS_CALLED, generate 1 tokens, offset=227535585220 ns
        ON_TOKENS_RETURNED, offset=227535586747 ns
        ON_TOKENS_CALLED, generate 1 tokens, offset=228556264006 ns
        ON_TOKENS_RETURNED, offset=228556270709 ns
        ON_TOKENS_CALLED, generate 1 tokens, offset=229598927050 ns
        ON_TOKENS_RETURNED, offset=229598928241 ns
        ON_TOKENS_CALLED, generate 1 tokens, offset=230648182288 ns
        ON_TOKENS_RETURNED, offset=230648183634 ns
        ON_TOKENS_CALLED, generate 1 tokens, offset=231719525199 ns
        ON_TOKENS_RETURNED, offset=231719526277 ns
        ON_TOKENS_CALLED, generate 1 tokens, offset=232802347920 ns
        ON_TOKENS_RETURNED, offset=232802349492 ns
        ON_TOKENS_CALLED, generate 1 tokens, offset=233909611937 ns
        ON_TOKENS_RETURNED, offset=233909612957 ns
        ON_TOKENS_CALLED, generate 1 tokens, offset=235025604091 ns
        ON_TOKENS_RETURNED, offset=235025605122 ns
        ON_TOKENS_CALLED, generate 1 tokens, offset=236173651187 ns
        ON_TOKENS_RETURNED, offset=236173652467 ns
        ON_TOKENS_CALLED, generate 1 tokens, offset=237334780865 ns
        ON_TOKENS_RETURNED, offset=237334782135 ns
        ON_TOKENS_CALLED, generate 1 tokens, offset=238523576789 ns
        ON_TOKENS_RETURNED, offset=238523578139 ns
        ON_TOKENS_CALLED, generate 1 tokens, offset=239719310883 ns
        ON_TOKENS_RETURNED, offset=239719311935 ns
        ON_TOKENS_CALLED, generate 1 tokens, offset=240949992074 ns
        ON_TOKENS_RETURNED, offset=240949993271 ns
        ON_TOKENS_CALLED, generate 1 tokens, offset=242189772470 ns
        ON_TOKENS_RETURNED, offset=242189773732 ns
        ON_TOKENS_CALLED, generate 1 tokens, offset=243446676226 ns
        ON_TOKENS_RETURNED, offset=243446679998 ns
        ON_TOKENS_CALLED, generate 1 tokens, offset=244548070567 ns
        ON_TOKENS_RETURNED, offset=244548072008 ns
        ON_TOKENS_CALLED, generate 1 tokens, offset=245704807033 ns
        ON_TOKENS_RETURNED, offset=245704809043 ns
        ON_TOKENS_CALLED, generate 1 tokens, offset=246873611041 ns
        ON_TOKENS_RETURNED, offset=246873611878 ns
        ON_TOKENS_CALLED, generate 1 tokens, offset=248067211306 ns
        ON_TOKENS_RETURNED, offset=248067212688 ns
        ON_TOKENS_CALLED, generate 1 tokens, offset=249265798450 ns
        ON_TOKENS_RETURNED, offset=249265800950 ns
        ON_TOKENS_CALLED, generate 1 tokens, offset=250498300133 ns
        ON_TOKENS_RETURNED, offset=250498301119 ns
        ON_TOKENS_CALLED, generate 1 tokens, offset=251738421553 ns
        ON_TOKENS_RETURNED, offset=251738422509 ns
        ON_TOKENS_CALLED, generate 1 tokens, offset=253011170807 ns
        ON_TOKENS_RETURNED, offset=253011172739 ns
        ON_TOKENS_CALLED, generate 1 tokens, offset=254285833780 ns
        ON_TOKENS_RETURNED, offset=254285835587 ns
        ON_TOKENS_CALLED, generate 1 tokens, offset=255600191605 ns
        ON_TOKENS_RETURNED, offset=255600192425 ns
        ON_TOKENS_CALLED, generate 1 tokens, offset=256925870409 ns
        ON_TOKENS_RETURNED, offset=256925871936 ns
        ON_TOKENS_CALLED, generate 1 tokens, offset=258283707425 ns
        ON_TOKENS_RETURNED, offset=258283709920 ns
        ON_TOKENS_CALLED, generate 1 tokens, offset=259638546703 ns
        ON_TOKENS_RETURNED, offset=259638549310 ns
        ON_TOKENS_CALLED, generate 1 tokens, offset=260904518529 ns
        ON_TOKENS_RETURNED, offset=260904519728 ns
        ON_TOKENS_CALLED, generate 1 tokens, offset=262177098890 ns
        ON_TOKENS_RETURNED, offset=262177101540 ns
        ON_TOKENS_CALLED, generate 1 tokens, offset=263453714246 ns
        ON_TOKENS_RETURNED, offset=263453715539 ns
        ON_TOKENS_CALLED, generate 1 tokens, offset=264744117959 ns
        ON_TOKENS_RETURNED, offset=264744118864 ns
        ON_TOKENS_CALLED, generate 1 tokens, offset=266062409162 ns
        ON_TOKENS_RETURNED, offset=266062410226 ns
        ON_TOKENS_CALLED, generate 1 tokens, offset=267389123401 ns
        ON_TOKENS_RETURNED, offset=267389124117 ns
        ON_TOKENS_CALLED, generate 1 tokens, offset=268744946789 ns
        ON_TOKENS_RETURNED, offset=268744947631 ns
        ON_TOKENS_CALLED, generate 1 tokens, offset=270117448080 ns
        ON_TOKENS_RETURNED, offset=270117450731 ns
        ON_TOKENS_CALLED, generate 1 tokens, offset=271381475809 ns
        ON_TOKENS_RETURNED, offset=271381476987 ns
        ON_TOKENS_CALLED, generate 1 tokens, offset=272672337830 ns
        ON_TOKENS_RETURNED, offset=272672339403 ns
        ON_TOKENS_CALLED, generate 1 tokens, offset=273950706087 ns
        ON_TOKENS_RETURNED, offset=273950707244 ns
        ON_TOKENS_CALLED, generate 1 tokens, offset=275252557157 ns
        ON_TOKENS_RETURNED, offset=275252558317 ns
        ON_TOKENS_CALLED, generate 1 tokens, offset=276564212331 ns
        ON_TOKENS_RETURNED, offset=276564213430 ns
        ON_TOKENS_CALLED, generate 1 tokens, offset=277905981455 ns
        ON_TOKENS_RETURNED, offset=277905982527 ns
        ON_TOKENS_CALLED, generate 1 tokens, offset=279237473385 ns
        ON_TOKENS_RETURNED, offset=279237475690 ns
        ON_TOKENS_CALLED, generate 1 tokens, offset=280449621173 ns
        ON_TOKENS_RETURNED, offset=280449622093 ns
        ON_TOKENS_CALLED, generate 1 tokens, offset=281585423863 ns
        ON_TOKENS_RETURNED, offset=281585488212 ns
        ON_TOKENS_CALLED, generate 1 tokens, offset=282728376884 ns
        ON_TOKENS_RETURNED, offset=282728381652 ns
[16:56:40.540844215|thread 2985353|cpu 248] [debug] #EVT# HandleDetails::is_anomalous() handle_id=19 time in state STATE_OPENED exceeded threshold: 210274972409 ns
[16:56:40.540847127|thread 2985353|cpu 248] [debug] #EVT#   Handle,    19, Created, 758718974799841, Last, 759001703236069, Prompted,  8191, Generated,    64, Input TPS, 38.96, Output TPS:  0.77, Callbacks,    64, prompt parsing complete, open
[16:56:40.540862673|thread 2985353|cpu 248] [info ] #EVT#   Handle 19 history:
        SESSION_OPEN, prompt 8192 tokens, offset=0 ns
        PROMPT_TOKENS_REUSE, offset=210274970691 ns
        ON_START_CALLED, offset=210274972409 ns
        ON_START_RETURNED, offset=210275038466 ns
        ON_TOKENS_CALLED, generate 1 tokens, offset=210275043062 ns
        ON_TOKENS_RETURNED, offset=210275045830 ns
        ON_TOKENS_CALLED, generate 1 tokens, offset=211100264977 ns
        ON_TOKENS_RETURNED, offset=211100266181 ns
        ON_TOKENS_CALLED, generate 1 tokens, offset=211958452341 ns
        ON_TOKENS_RETURNED, offset=211958453617 ns
        ON_TOKENS_CALLED, generate 1 tokens, offset=212829143943 ns
        ON_TOKENS_RETURNED, offset=212829146050 ns
        ON_TOKENS_CALLED, generate 1 tokens, offset=213709175565 ns
        ON_TOKENS_RETURNED, offset=213709178219 ns
        ON_TOKENS_CALLED, generate 1 tokens, offset=214607790709 ns
        ON_TOKENS_RETURNED, offset=214607791665 ns
        ON_TOKENS_CALLED, generate 1 tokens, offset=215520197961 ns
        ON_TOKENS_RETURNED, offset=215520199771 ns
        ON_TOKENS_CALLED, generate 1 tokens, offset=216447090620 ns
        ON_TOKENS_RETURNED, offset=216447092043 ns
        ON_TOKENS_CALLED, generate 1 tokens, offset=217385241112 ns
        ON_TOKENS_RETURNED, offset=217385255892 ns
        ON_TOKENS_CALLED, generate 1 tokens, offset=218343534827 ns
        ON_TOKENS_RETURNED, offset=218343536855 ns
        ON_TOKENS_CALLED, generate 1 tokens, offset=219319759275 ns
        ON_TOKENS_RETURNED, offset=219319760219 ns
        ON_TOKENS_CALLED, generate 1 tokens, offset=220310769445 ns
        ON_TOKENS_RETURNED, offset=220310770340 ns
        ON_TOKENS_CALLED, generate 1 tokens, offset=221324137448 ns
        ON_TOKENS_RETURNED, offset=221324138612 ns
        ON_TOKENS_CALLED, generate 1 tokens, offset=222352340065 ns
        ON_TOKENS_RETURNED, offset=222352341244 ns
        ON_TOKENS_CALLED, generate 1 tokens, offset=223402098383 ns
        ON_TOKENS_RETURNED, offset=223402099441 ns
        ON_TOKENS_CALLED, generate 1 tokens, offset=224468465967 ns
        ON_TOKENS_RETURNED, offset=224468467136 ns
        ON_TOKENS_CALLED, generate 1 tokens, offset=225557759094 ns
        ON_TOKENS_RETURNED, offset=225557774946 ns
        ON_TOKENS_CALLED, generate 1 tokens, offset=226524635438 ns
        ON_TOKENS_RETURNED, offset=226524637803 ns
        ON_TOKENS_CALLED, generate 1 tokens, offset=227535638746 ns
        ON_TOKENS_RETURNED, offset=227535640137 ns
        ON_TOKENS_CALLED, generate 1 tokens, offset=228556312989 ns
        ON_TOKENS_RETURNED, offset=228556314203 ns
        ON_TOKENS_CALLED, generate 1 tokens, offset=229598972215 ns
        ON_TOKENS_RETURNED, offset=229598972984 ns
        ON_TOKENS_CALLED, generate 1 tokens, offset=230648240218 ns
        ON_TOKENS_RETURNED, offset=230648241216 ns
        ON_TOKENS_CALLED, generate 1 tokens, offset=231719583964 ns
        ON_TOKENS_RETURNED, offset=231719584881 ns
        ON_TOKENS_CALLED, generate 1 tokens, offset=232802399660 ns
        ON_TOKENS_RETURNED, offset=232802402581 ns
        ON_TOKENS_CALLED, generate 1 tokens, offset=233909670044 ns
        ON_TOKENS_RETURNED, offset=233909671111 ns
        ON_TOKENS_CALLED, generate 1 tokens, offset=235025653974 ns
        ON_TOKENS_RETURNED, offset=235025655079 ns
        ON_TOKENS_CALLED, generate 1 tokens, offset=236173698225 ns
        ON_TOKENS_RETURNED, offset=236173700830 ns
        ON_TOKENS_CALLED, generate 1 tokens, offset=237334840140 ns
        ON_TOKENS_RETURNED, offset=237334840823 ns
        ON_TOKENS_CALLED, generate 1 tokens, offset=238523628554 ns
        ON_TOKENS_RETURNED, offset=238523629679 ns
        ON_TOKENS_CALLED, generate 1 tokens, offset=239719368150 ns
        ON_TOKENS_RETURNED, offset=239719369100 ns
        ON_TOKENS_CALLED, generate 1 tokens, offset=240950047169 ns
        ON_TOKENS_RETURNED, offset=240950048894 ns
        ON_TOKENS_CALLED, generate 1 tokens, offset=242189825636 ns
        ON_TOKENS_RETURNED, offset=242189827032 ns
        ON_TOKENS_CALLED, generate 1 tokens, offset=243446729591 ns
        ON_TOKENS_RETURNED, offset=243446731889 ns
        ON_TOKENS_CALLED, generate 1 tokens, offset=244548123530 ns
        ON_TOKENS_RETURNED, offset=244548125725 ns
        ON_TOKENS_CALLED, generate 1 tokens, offset=245704864291 ns
        ON_TOKENS_RETURNED, offset=245704866070 ns
        ON_TOKENS_CALLED, generate 1 tokens, offset=246873669575 ns
        ON_TOKENS_RETURNED, offset=246873670970 ns
        ON_TOKENS_CALLED, generate 1 tokens, offset=248067251273 ns
        ON_TOKENS_RETURNED, offset=248067252101 ns
        ON_TOKENS_CALLED, generate 1 tokens, offset=249265854126 ns
        ON_TOKENS_RETURNED, offset=249265854883 ns
        ON_TOKENS_CALLED, generate 1 tokens, offset=250498349226 ns
        ON_TOKENS_RETURNED, offset=250498350333 ns
        ON_TOKENS_CALLED, generate 1 tokens, offset=251738473595 ns
        ON_TOKENS_RETURNED, offset=251738474695 ns
        ON_TOKENS_CALLED, generate 1 tokens, offset=253011226851 ns
        ON_TOKENS_RETURNED, offset=253011228006 ns
        ON_TOKENS_CALLED, generate 1 tokens, offset=254285886288 ns
        ON_TOKENS_RETURNED, offset=254285888467 ns
        ON_TOKENS_CALLED, generate 1 tokens, offset=255600239731 ns
        ON_TOKENS_RETURNED, offset=255600241955 ns
        ON_TOKENS_CALLED, generate 1 tokens, offset=256925923105 ns
        ON_TOKENS_RETURNED, offset=256925925374 ns
        ON_TOKENS_CALLED, generate 1 tokens, offset=258283760413 ns
        ON_TOKENS_RETURNED, offset=258283761871 ns
        ON_TOKENS_CALLED, generate 1 tokens, offset=259638601587 ns
        ON_TOKENS_RETURNED, offset=259638602628 ns
        ON_TOKENS_CALLED, generate 1 tokens, offset=260904566638 ns
        ON_TOKENS_RETURNED, offset=260904567572 ns
        ON_TOKENS_CALLED, generate 1 tokens, offset=262177158804 ns
        ON_TOKENS_RETURNED, offset=262177160174 ns
        ON_TOKENS_CALLED, generate 1 tokens, offset=263453763320 ns
        ON_TOKENS_RETURNED, offset=263453765234 ns
        ON_TOKENS_CALLED, generate 1 tokens, offset=264744169422 ns
        ON_TOKENS_RETURNED, offset=264744170897 ns
        ON_TOKENS_CALLED, generate 1 tokens, offset=266062465370 ns
        ON_TOKENS_RETURNED, offset=266062466479 ns
        ON_TOKENS_CALLED, generate 1 tokens, offset=267389176496 ns
        ON_TOKENS_RETURNED, offset=267389177642 ns
        ON_TOKENS_CALLED, generate 1 tokens, offset=268745000674 ns
        ON_TOKENS_RETURNED, offset=268745002697 ns
        ON_TOKENS_CALLED, generate 1 tokens, offset=270117502920 ns
        ON_TOKENS_RETURNED, offset=270117505398 ns
        ON_TOKENS_CALLED, generate 1 tokens, offset=271381520835 ns
        ON_TOKENS_RETURNED, offset=271381521549 ns
        ON_TOKENS_CALLED, generate 1 tokens, offset=272672387090 ns
        ON_TOKENS_RETURNED, offset=272672388472 ns
        ON_TOKENS_CALLED, generate 1 tokens, offset=273950754477 ns
        ON_TOKENS_RETURNED, offset=273950756489 ns
        ON_TOKENS_CALLED, generate 1 tokens, offset=275252626044 ns
        ON_TOKENS_RETURNED, offset=275252627504 ns
        ON_TOKENS_CALLED, generate 1 tokens, offset=276564262473 ns
        ON_TOKENS_RETURNED, offset=276564264429 ns
        ON_TOKENS_CALLED, generate 1 tokens, offset=277906034094 ns
        ON_TOKENS_RETURNED, offset=277906035482 ns
        ON_TOKENS_CALLED, generate 1 tokens, offset=279237525882 ns
        ON_TOKENS_RETURNED, offset=279237528476 ns
        ON_TOKENS_CALLED, generate 1 tokens, offset=280449673969 ns
        ON_TOKENS_RETURNED, offset=280449675289 ns
        ON_TOKENS_CALLED, generate 1 tokens, offset=281585480349 ns
        ON_TOKENS_RETURNED, offset=281585550934 ns
        ON_TOKENS_CALLED, generate 1 tokens, offset=282728432096 ns
        ON_TOKENS_RETURNED, offset=282728436228 ns
[16:56:40.540874527|thread 2985353|cpu 248] [debug] #EVT# HandleDetails::is_anomalous() handle_id=14 time in state STATE_OPENED exceeded threshold: 210275030396 ns
[16:56:40.540876371|thread 2985353|cpu 248] [debug] #EVT#   Handle,    14, Created, 758718974739364, Last, 759001703225888, Prompted,  8191, Generated,    64, Input TPS, 38.96, Output TPS:  0.77, Callbacks,    64, prompt parsing complete, open
[16:56:40.540890696|thread 2985353|cpu 248] [info ] #EVT#   Handle 14 history:
        SESSION_OPEN, prompt 8192 tokens, offset=0 ns
        PROMPT_TOKENS_REUSE, offset=210275029087 ns
        ON_START_CALLED, offset=210275030396 ns
        ON_START_RETURNED, offset=210275064613 ns
        ON_TOKENS_CALLED, generate 1 tokens, offset=210275069013 ns
        ON_TOKENS_RETURNED, offset=210275069593 ns
        ON_TOKENS_CALLED, generate 1 tokens, offset=211100317606 ns
        ON_TOKENS_RETURNED, offset=211100319306 ns
        ON_TOKENS_CALLED, generate 1 tokens, offset=211958511562 ns
        ON_TOKENS_RETURNED, offset=211958514543 ns
        ON_TOKENS_CALLED, generate 1 tokens, offset=212829203067 ns
        ON_TOKENS_RETURNED, offset=212829204241 ns
        ON_TOKENS_CALLED, generate 1 tokens, offset=213709234576 ns
        ON_TOKENS_RETURNED, offset=213709238074 ns
        ON_TOKENS_CALLED, generate 1 tokens, offset=214607850309 ns
        ON_TOKENS_RETURNED, offset=214607851586 ns
        ON_TOKENS_CALLED, generate 1 tokens, offset=215520268930 ns
        ON_TOKENS_RETURNED, offset=215520270005 ns
        ON_TOKENS_CALLED, generate 1 tokens, offset=216447149033 ns
        ON_TOKENS_RETURNED, offset=216447151579 ns
        ON_TOKENS_CALLED, generate 1 tokens, offset=217385289865 ns
        ON_TOKENS_RETURNED, offset=217385307035 ns
        ON_TOKENS_CALLED, generate 1 tokens, offset=218343593300 ns
        ON_TOKENS_RETURNED, offset=218343594573 ns
        ON_TOKENS_CALLED, generate 1 tokens, offset=219319821146 ns
        ON_TOKENS_RETURNED, offset=219319822029 ns
        ON_TOKENS_CALLED, generate 1 tokens, offset=220310827997 ns
        ON_TOKENS_RETURNED, offset=220310828812 ns
        ON_TOKENS_CALLED, generate 1 tokens, offset=221324201816 ns
        ON_TOKENS_RETURNED, offset=221324202557 ns
        ON_TOKENS_CALLED, generate 1 tokens, offset=222352408388 ns
        ON_TOKENS_RETURNED, offset=222352409789 ns
        ON_TOKENS_CALLED, generate 1 tokens, offset=223402156637 ns
        ON_TOKENS_RETURNED, offset=223402158427 ns
        ON_TOKENS_CALLED, generate 1 tokens, offset=224468522809 ns
        ON_TOKENS_RETURNED, offset=224468524051 ns
        ON_TOKENS_CALLED, generate 1 tokens, offset=225557819713 ns
        ON_TOKENS_RETURNED, offset=225557834658 ns
        ON_TOKENS_CALLED, generate 1 tokens, offset=226524695596 ns
        ON_TOKENS_RETURNED, offset=226524697148 ns
        ON_TOKENS_CALLED, generate 1 tokens, offset=227535700183 ns
        ON_TOKENS_RETURNED, offset=227535701776 ns
        ON_TOKENS_CALLED, generate 1 tokens, offset=228556375727 ns
        ON_TOKENS_RETURNED, offset=228556378121 ns
        ON_TOKENS_CALLED, generate 1 tokens, offset=229599037235 ns
        ON_TOKENS_RETURNED, offset=229599039634 ns
        ON_TOKENS_CALLED, generate 1 tokens, offset=230648295545 ns
        ON_TOKENS_RETURNED, offset=230648296981 ns
        ON_TOKENS_CALLED, generate 1 tokens, offset=231719635990 ns
        ON_TOKENS_RETURNED, offset=231719637109 ns
        ON_TOKENS_CALLED, generate 1 tokens, offset=232802461065 ns
        ON_TOKENS_RETURNED, offset=232802462585 ns
        ON_TOKENS_CALLED, generate 1 tokens, offset=233909724797 ns
        ON_TOKENS_RETURNED, offset=233909725547 ns
        ON_TOKENS_CALLED, generate 1 tokens, offset=235025716314 ns
        ON_TOKENS_RETURNED, offset=235025717582 ns
        ON_TOKENS_CALLED, generate 1 tokens, offset=236173756590 ns
        ON_TOKENS_RETURNED, offset=236173758221 ns
        ON_TOKENS_CALLED, generate 1 tokens, offset=237334898660 ns
        ON_TOKENS_RETURNED, offset=237334899500 ns
        ON_TOKENS_CALLED, generate 1 tokens, offset=238523685779 ns
        ON_TOKENS_RETURNED, offset=238523687439 ns
        ON_TOKENS_CALLED, generate 1 tokens, offset=239719423255 ns
        ON_TOKENS_RETURNED, offset=239719425231 ns
        ON_TOKENS_CALLED, generate 1 tokens, offset=240950104049 ns
        ON_TOKENS_RETURNED, offset=240950105465 ns
        ON_TOKENS_CALLED, generate 1 tokens, offset=242189889093 ns
        ON_TOKENS_RETURNED, offset=242189890356 ns
        ON_TOKENS_CALLED, generate 1 tokens, offset=243446788413 ns
        ON_TOKENS_RETURNED, offset=243446791137 ns
        ON_TOKENS_CALLED, generate 1 tokens, offset=244548182636 ns
        ON_TOKENS_RETURNED, offset=244548183369 ns
        ON_TOKENS_CALLED, generate 1 tokens, offset=245704916158 ns
        ON_TOKENS_RETURNED, offset=245704918629 ns
        ON_TOKENS_CALLED, generate 1 tokens, offset=246873727552 ns
        ON_TOKENS_RETURNED, offset=246873728710 ns
        ON_TOKENS_CALLED, generate 1 tokens, offset=248067308964 ns
        ON_TOKENS_RETURNED, offset=248067310996 ns
        ON_TOKENS_CALLED, generate 1 tokens, offset=249265902589 ns
        ON_TOKENS_RETURNED, offset=249265905270 ns
        ON_TOKENS_CALLED, generate 1 tokens, offset=250498408427 ns
        ON_TOKENS_RETURNED, offset=250498410007 ns
        ON_TOKENS_CALLED, generate 1 tokens, offset=251738532797 ns
        ON_TOKENS_RETURNED, offset=251738535022 ns
        ON_TOKENS_CALLED, generate 1 tokens, offset=253011283003 ns
        ON_TOKENS_RETURNED, offset=253011284433 ns
        ON_TOKENS_CALLED, generate 1 tokens, offset=254285945211 ns
        ON_TOKENS_RETURNED, offset=254285946907 ns
        ON_TOKENS_CALLED, generate 1 tokens, offset=255600308555 ns
        ON_TOKENS_RETURNED, offset=255600309315 ns
        ON_TOKENS_CALLED, generate 1 tokens, offset=256925975887 ns
        ON_TOKENS_RETURNED, offset=256925978135 ns
        ON_TOKENS_CALLED, generate 1 tokens, offset=258283823843 ns
        ON_TOKENS_RETURNED, offset=258283824746 ns
        ON_TOKENS_CALLED, generate 1 tokens, offset=259638659722 ns
        ON_TOKENS_RETURNED, offset=259638660899 ns
        ON_TOKENS_CALLED, generate 1 tokens, offset=260904624534 ns
        ON_TOKENS_RETURNED, offset=260904625847 ns
        ON_TOKENS_CALLED, generate 1 tokens, offset=262177209239 ns
        ON_TOKENS_RETURNED, offset=262177210270 ns
        ON_TOKENS_CALLED, generate 1 tokens, offset=263453823152 ns
        ON_TOKENS_RETURNED, offset=263453825984 ns
        ON_TOKENS_CALLED, generate 1 tokens, offset=264744228870 ns
        ON_TOKENS_RETURNED, offset=264744230168 ns
        ON_TOKENS_CALLED, generate 1 tokens, offset=266062520948 ns
        ON_TOKENS_RETURNED, offset=266062523141 ns
        ON_TOKENS_CALLED, generate 1 tokens, offset=267389233157 ns
        ON_TOKENS_RETURNED, offset=267389236000 ns
        ON_TOKENS_CALLED, generate 1 tokens, offset=268745056493 ns
        ON_TOKENS_RETURNED, offset=268745058739 ns
        ON_TOKENS_CALLED, generate 1 tokens, offset=270117558168 ns
        ON_TOKENS_RETURNED, offset=270117559091 ns
        ON_TOKENS_CALLED, generate 1 tokens, offset=271381579757 ns
        ON_TOKENS_RETURNED, offset=271381580817 ns
        ON_TOKENS_CALLED, generate 1 tokens, offset=272672447503 ns
        ON_TOKENS_RETURNED, offset=272672448585 ns
        ON_TOKENS_CALLED, generate 1 tokens, offset=273950814020 ns
        ON_TOKENS_RETURNED, offset=273950815690 ns
        ON_TOKENS_CALLED, generate 1 tokens, offset=275252668451 ns
        ON_TOKENS_RETURNED, offset=275252670924 ns
        ON_TOKENS_CALLED, generate 1 tokens, offset=276564322082 ns
        ON_TOKENS_RETURNED, offset=276564324321 ns
        ON_TOKENS_CALLED, generate 1 tokens, offset=277906092253 ns
        ON_TOKENS_RETURNED, offset=277906095190 ns
        ON_TOKENS_CALLED, generate 1 tokens, offset=279237593321 ns
        ON_TOKENS_RETURNED, offset=279237594293 ns
        ON_TOKENS_CALLED, generate 1 tokens, offset=280449730562 ns
        ON_TOKENS_RETURNED, offset=280449732181 ns
        ON_TOKENS_CALLED, generate 1 tokens, offset=281585534230 ns
        ON_TOKENS_RETURNED, offset=281585566265 ns
        ON_TOKENS_CALLED, generate 1 tokens, offset=282728481986 ns
        ON_TOKENS_RETURNED, offset=282728486524 ns
[16:56:45.771072315|thread 2982446|cpu 248] [info ] [Request 33] Generating 61 response tokens with 8193 context took 71.685475 s at 0.851 average tok/s, or 1175.172 ms/tok
[16:56:45.771104999|thread 2982446|cpu 248] [info ] [Request 33] Request with 8192 tokens in and 64 out (sequence limit) saw 225.557594 s TTFT and 298.209948 s TTLT
[16:56:47.586018904|thread 2985353|cpu 248] [info ] #EVT# SYSTEM_STATS: Sessions: Open=42, Closed=0, Busy=0, Total=0, Abandoned=22, Anomalous=22; Tokens: Prompted=0, Generated=0, AvgInputTPS=-nan, AvgOutputTPS=-nan
[16:56:47.586076691|thread 2985353|cpu 248] [info ] #EVT# Harvester stats: pushes=3446, pops=3446, slabs_alloc=289, slabs_freed=1, largest_slab=64, active_queues=12. TokenStreamEvent size: 48
[16:56:47.586080131|thread 2985353|cpu 248] [info ] #EVT# 542 history events in 42 active handles
[16:56:47.950303624|thread 2985351|cpu 248] [info ] KV cache footprint: 50.55 GB in 231 books
[16:56:52.498728173|thread 2982457|cpu 248] [info ] [Request 13] Parsing the prompt took 304.9378532 s at 26.864490301986557 tokens/s
[16:56:57.163173070|thread 2985353|cpu 248] [debug] #EVT# HandleDetails::is_anomalous() handle_id=33 time in state STATE_OPENED exceeded threshold: 225557587155 ns
[16:56:57.163221347|thread 2985353|cpu 248] [debug] #EVT#   Handle,    33, Created, 758718974973299, Last, 759018272732197, Prompted,  8191, Generated,    64, Input TPS, 36.32, Output TPS:  0.76, Callbacks,    64, prompt parsing complete, open
[16:56:57.163256774|thread 2985353|cpu 248] [info ] #EVT#   Handle 33 history:
        SESSION_OPEN, prompt 8192 tokens, offset=0 ns
        PROMPT_TOKENS_REUSE, offset=225557586317 ns
        ON_START_CALLED, offset=225557587155 ns
        ON_START_RETURNED, offset=225557622516 ns
        ON_TOKENS_CALLED, generate 1 tokens, offset=225557626787 ns
        ON_TOKENS_RETURNED, offset=225557629353 ns
        ON_TOKENS_CALLED, generate 1 tokens, offset=226524465747 ns
        ON_TOKENS_RETURNED, offset=226524468848 ns
        ON_TOKENS_CALLED, generate 1 tokens, offset=227535473420 ns
        ON_TOKENS_RETURNED, offset=227535475938 ns
        ON_TOKENS_CALLED, generate 1 tokens, offset=228556142534 ns
        ON_TOKENS_RETURNED, offset=228556144678 ns
        ON_TOKENS_CALLED, generate 1 tokens, offset=229598802550 ns
        ON_TOKENS_RETURNED, offset=229598806344 ns
        ON_TOKENS_CALLED, generate 1 tokens, offset=230648071653 ns
        ON_TOKENS_RETURNED, offset=230648073483 ns
        ON_TOKENS_CALLED, generate 1 tokens, offset=231719406841 ns
        ON_TOKENS_RETURNED, offset=231719408374 ns
        ON_TOKENS_CALLED, generate 1 tokens, offset=232802230044 ns
        ON_TOKENS_RETURNED, offset=232802231318 ns
        ON_TOKENS_CALLED, generate 1 tokens, offset=233909495366 ns
        ON_TOKENS_RETURNED, offset=233909500184 ns
        ON_TOKENS_CALLED, generate 1 tokens, offset=235025483804 ns
        ON_TOKENS_RETURNED, offset=235025485746 ns
        ON_TOKENS_CALLED, generate 1 tokens, offset=236173529624 ns
        ON_TOKENS_RETURNED, offset=236173532166 ns
        ON_TOKENS_CALLED, generate 1 tokens, offset=237334662914 ns
        ON_TOKENS_RETURNED, offset=237334664558 ns
        ON_TOKENS_CALLED, generate 1 tokens, offset=238523458477 ns
        ON_TOKENS_RETURNED, offset=238523459936 ns
        ON_TOKENS_CALLED, generate 1 tokens, offset=239719193026 ns
        ON_TOKENS_RETURNED, offset=239719194598 ns
        ON_TOKENS_CALLED, generate 1 tokens, offset=240949874607 ns
        ON_TOKENS_RETURNED, offset=240949877050 ns
        ON_TOKENS_CALLED, generate 1 tokens, offset=242189655919 ns
        ON_TOKENS_RETURNED, offset=242189656960 ns
        ON_TOKENS_CALLED, generate 1 tokens, offset=243446559331 ns
        ON_TOKENS_RETURNED, offset=243446561969 ns
        ON_TOKENS_CALLED, generate 1 tokens, offset=244547961911 ns
        ON_TOKENS_RETURNED, offset=244547963235 ns
        ON_TOKENS_CALLED, generate 1 tokens, offset=245704687737 ns
        ON_TOKENS_RETURNED, offset=245704689811 ns
        ON_TOKENS_CALLED, generate 1 tokens, offset=246873492563 ns
        ON_TOKENS_RETURNED, offset=246873493681 ns
        ON_TOKENS_CALLED, generate 1 tokens, offset=248067080531 ns
        ON_TOKENS_RETURNED, offset=248067081427 ns
        ON_TOKENS_CALLED, generate 1 tokens, offset=249265674473 ns
        ON_TOKENS_RETURNED, offset=249265675332 ns
        ON_TOKENS_CALLED, generate 1 tokens, offset=250498180743 ns
        ON_TOKENS_RETURNED, offset=250498182513 ns
        ON_TOKENS_CALLED, generate 1 tokens, offset=251738310654 ns
        ON_TOKENS_RETURNED, offset=251738311662 ns
        ON_TOKENS_CALLED, generate 1 tokens, offset=253011049434 ns
        ON_TOKENS_RETURNED, offset=253011051834 ns
        ON_TOKENS_CALLED, generate 1 tokens, offset=254285715418 ns
        ON_TOKENS_RETURNED, offset=254285716528 ns
        ON_TOKENS_CALLED, generate 1 tokens, offset=255600068240 ns
        ON_TOKENS_RETURNED, offset=255600069017 ns
        ON_TOKENS_CALLED, generate 1 tokens, offset=256925745880 ns
        ON_TOKENS_RETURNED, offset=256925746791 ns
        ON_TOKENS_CALLED, generate 1 tokens, offset=258283592591 ns
        ON_TOKENS_RETURNED, offset=258283594157 ns
        ON_TOKENS_CALLED, generate 1 tokens, offset=259638433065 ns
        ON_TOKENS_RETURNED, offset=259638433907 ns
        ON_TOKENS_CALLED, generate 1 tokens, offset=260904395026 ns
        ON_TOKENS_RETURNED, offset=260904396180 ns
        ON_TOKENS_CALLED, generate 1 tokens, offset=262176997232 ns
        ON_TOKENS_RETURNED, offset=262176998660 ns
        ON_TOKENS_CALLED, generate 1 tokens, offset=263453595250 ns
        ON_TOKENS_RETURNED, offset=263453597129 ns
        ON_TOKENS_CALLED, generate 1 tokens, offset=264743991864 ns
        ON_TOKENS_RETURNED, offset=264743993732 ns
        ON_TOKENS_CALLED, generate 1 tokens, offset=266062303807 ns
        ON_TOKENS_RETURNED, offset=266062304608 ns
        ON_TOKENS_CALLED, generate 1 tokens, offset=267389005246 ns
        ON_TOKENS_RETURNED, offset=267389006632 ns
        ON_TOKENS_CALLED, generate 1 tokens, offset=268744833002 ns
        ON_TOKENS_RETURNED, offset=268744834377 ns
        ON_TOKENS_CALLED, generate 1 tokens, offset=270117328866 ns
        ON_TOKENS_RETURNED, offset=270117331964 ns
        ON_TOKENS_CALLED, generate 1 tokens, offset=271381351339 ns
        ON_TOKENS_RETURNED, offset=271381352310 ns
        ON_TOKENS_CALLED, generate 1 tokens, offset=272672220632 ns
        ON_TOKENS_RETURNED, offset=272672222428 ns
        ON_TOKENS_CALLED, generate 1 tokens, offset=273950581930 ns
        ON_TOKENS_RETURNED, offset=273950583926 ns
        ON_TOKENS_CALLED, generate 1 tokens, offset=275252440159 ns
        ON_TOKENS_RETURNED, offset=275252442711 ns
        ON_TOKENS_CALLED, generate 1 tokens, offset=276564092559 ns
        ON_TOKENS_RETURNED, offset=276564093098 ns
        ON_TOKENS_CALLED, generate 1 tokens, offset=277905863337 ns
        ON_TOKENS_RETURNED, offset=277905864769 ns
        ON_TOKENS_CALLED, generate 1 tokens, offset=279237354339 ns
        ON_TOKENS_RETURNED, offset=279237355967 ns
        ON_TOKENS_CALLED, generate 1 tokens, offset=280449500410 ns
        ON_TOKENS_RETURNED, offset=280449501424 ns
        ON_TOKENS_CALLED, generate 1 tokens, offset=281585311115 ns
        ON_TOKENS_RETURNED, offset=281585312333 ns
        ON_TOKENS_CALLED, generate 1 tokens, offset=282728259304 ns
        ON_TOKENS_RETURNED, offset=282728261844 ns
        ON_TOKENS_CALLED, generate 1 tokens, offset=283698688971 ns
        ON_TOKENS_RETURNED, offset=283698690174 ns
        ON_TOKENS_CALLED, generate 1 tokens, offset=284679851935 ns
        ON_TOKENS_RETURNED, offset=284679854874 ns
        ON_TOKENS_CALLED, generate 1 tokens, offset=285686192855 ns
        ON_TOKENS_RETURNED, offset=285686194972 ns
        ON_TOKENS_CALLED, generate 1 tokens, offset=286696431395 ns
        ON_TOKENS_RETURNED, offset=286696432647 ns
        ON_TOKENS_CALLED, generate 1 tokens, offset=287727008221 ns
        ON_TOKENS_RETURNED, offset=287727011073 ns
        ON_TOKENS_CALLED, generate 1 tokens, offset=288767751913 ns
        ON_TOKENS_RETURNED, offset=288767753189 ns
        ON_TOKENS_CALLED, generate 1 tokens, offset=289829923605 ns
        ON_TOKENS_RETURNED, offset=289829925663 ns
        ON_TOKENS_CALLED, generate 1 tokens, offset=290905765630 ns
        ON_TOKENS_RETURNED, offset=290905768108 ns
        ON_TOKENS_CALLED, generate 1 tokens, offset=291999140487 ns
        ON_TOKENS_RETURNED, offset=291999142996 ns
        ON_TOKENS_CALLED, generate 1 tokens, offset=292989243584 ns
        ON_TOKENS_RETURNED, offset=292989244718 ns
        ON_TOKENS_CALLED, generate 1 tokens, offset=294004396918 ns
        ON_TOKENS_RETURNED, offset=294004398089 ns
        ON_TOKENS_CALLED, generate 1 tokens, offset=295032345002 ns
        ON_TOKENS_RETURNED, offset=295032346421 ns
        ON_TOKENS_CALLED, generate 1 tokens, offset=296076943745 ns
        ON_TOKENS_RETURNED, offset=296076944987 ns
        ON_TOKENS_CALLED, generate 1 tokens, offset=297132401972 ns
        ON_TOKENS_RETURNED, offset=297132403045 ns
        ON_TOKENS_CALLED, generate 1 tokens, offset=298209940887 ns
        ON_TOKENS_RETURNED, offset=298209983356 ns
        ON_TOKENS_CALLED, generate 1 tokens, offset=299297752001 ns
        ON_TOKENS_RETURNED, offset=299297758898 ns
[16:57:00.262824610|thread 2985351|cpu 248] [info ] KV cache footprint: 51.65 GB in 236 books
[16:57:03.867703082|thread 2982446|cpu 248] [info ] [Request 36] Generating 61 response tokens with 8193 context took 71.758610 s at 0.850 average tok/s, or 1176.371 ms/tok
[16:57:03.867733800|thread 2982446|cpu 248] [info ] [Request 36] Request with 8192 tokens in and 64 out (sequence limit) saw 243.443425 s TTFT and 316.303435 s TTLT
[16:57:06.358301705|thread 2982457|cpu 248] [info ] [Request 17] Parsing the prompt took 318.797375419 s at 25.696572906954255 tokens/s
[16:57:08.620882498|thread 2985351|cpu 248] [info ] KV cache footprint: 52.75 GB in 241 books
[16:57:15.473802604|thread 2985353|cpu 248] [debug] #EVT# HandleDetails::is_anomalous() handle_id=36 time in state STATE_OPENED exceeded threshold: 243443405518 ns
[16:57:15.473856032|thread 2985353|cpu 248] [debug] #EVT#   Handle,    36, Created, 758718978129559, Last, 759036518147304, Prompted,  8191, Generated,    64, Input TPS, 33.65, Output TPS:  0.76, Callbacks,    64, prompt parsing complete, open
[16:57:15.473896138|thread 2985353|cpu 248] [info ] #EVT#   Handle 36 history:
        SESSION_OPEN, prompt 8192 tokens, offset=0 ns
        PROMPT_TOKENS_REUSE, offset=243443404496 ns
        ON_START_CALLED, offset=243443405518 ns
        ON_START_RETURNED, offset=243443431876 ns
        ON_TOKENS_CALLED, generate 1 tokens, offset=243443436171 ns
        ON_TOKENS_RETURNED, offset=243443437152 ns
        ON_TOKENS_CALLED, generate 1 tokens, offset=244544803698 ns
        ON_TOKENS_RETURNED, offset=244544806818 ns
        ON_TOKENS_CALLED, generate 1 tokens, offset=245701540074 ns
        ON_TOKENS_RETURNED, offset=245701541914 ns
        ON_TOKENS_CALLED, generate 1 tokens, offset=246870332700 ns
        ON_TOKENS_RETURNED, offset=246870333742 ns
        ON_TOKENS_CALLED, generate 1 tokens, offset=248063930693 ns
        ON_TOKENS_RETURNED, offset=248063932701 ns
        ON_TOKENS_CALLED, generate 1 tokens, offset=249262518820 ns
        ON_TOKENS_RETURNED, offset=249262520598 ns
        ON_TOKENS_CALLED, generate 1 tokens, offset=250495026671 ns
        ON_TOKENS_RETURNED, offset=250495027971 ns
        ON_TOKENS_CALLED, generate 1 tokens, offset=251735153439 ns
        ON_TOKENS_RETURNED, offset=251735155647 ns
        ON_TOKENS_CALLED, generate 1 tokens, offset=253007891939 ns
        ON_TOKENS_RETURNED, offset=253007897579 ns
        ON_TOKENS_CALLED, generate 1 tokens, offset=254282565070 ns
        ON_TOKENS_RETURNED, offset=254282566248 ns
        ON_TOKENS_CALLED, generate 1 tokens, offset=255596918616 ns
        ON_TOKENS_RETURNED, offset=255596919865 ns
        ON_TOKENS_CALLED, generate 1 tokens, offset=256922592352 ns
        ON_TOKENS_RETURNED, offset=256922594944 ns
        ON_TOKENS_CALLED, generate 1 tokens, offset=258280434740 ns
        ON_TOKENS_RETURNED, offset=258280437107 ns
        ON_TOKENS_CALLED, generate 1 tokens, offset=259635273738 ns
        ON_TOKENS_RETURNED, offset=259635274766 ns
        ON_TOKENS_CALLED, generate 1 tokens, offset=260901247367 ns
        ON_TOKENS_RETURNED, offset=260901249526 ns
        ON_TOKENS_CALLED, generate 1 tokens, offset=262173827051 ns
        ON_TOKENS_RETURNED, offset=262173829103 ns
        ON_TOKENS_CALLED, generate 1 tokens, offset=263450442517 ns
        ON_TOKENS_RETURNED, offset=263450445229 ns
        ON_TOKENS_CALLED, generate 1 tokens, offset=264740840389 ns
        ON_TOKENS_RETURNED, offset=264740841599 ns
        ON_TOKENS_CALLED, generate 1 tokens, offset=266059136347 ns
        ON_TOKENS_RETURNED, offset=266059137812 ns
        ON_TOKENS_CALLED, generate 1 tokens, offset=267385855103 ns
        ON_TOKENS_RETURNED, offset=267385856374 ns
        ON_TOKENS_CALLED, generate 1 tokens, offset=268741677989 ns
        ON_TOKENS_RETURNED, offset=268741678911 ns
        ON_TOKENS_CALLED, generate 1 tokens, offset=270114175646 ns
        ON_TOKENS_RETURNED, offset=270114176589 ns
        ON_TOKENS_CALLED, generate 1 tokens, offset=271378203487 ns
        ON_TOKENS_RETURNED, offset=271378204564 ns
        ON_TOKENS_CALLED, generate 1 tokens, offset=272669072160 ns
        ON_TOKENS_RETURNED, offset=272669073384 ns
        ON_TOKENS_CALLED, generate 1 tokens, offset=273947427580 ns
        ON_TOKENS_RETURNED, offset=273947429330 ns
        ON_TOKENS_CALLED, generate 1 tokens, offset=275249289243 ns
        ON_TOKENS_RETURNED, offset=275249290321 ns
        ON_TOKENS_CALLED, generate 1 tokens, offset=276560949253 ns
        ON_TOKENS_RETURNED, offset=276560950203 ns
        ON_TOKENS_CALLED, generate 1 tokens, offset=277902708427 ns
        ON_TOKENS_RETURNED, offset=277902709392 ns
        ON_TOKENS_CALLED, generate 1 tokens, offset=279234201137 ns
        ON_TOKENS_RETURNED, offset=279234202635 ns
        ON_TOKENS_CALLED, generate 1 tokens, offset=280446353558 ns
        ON_TOKENS_RETURNED, offset=280446354598 ns
        ON_TOKENS_CALLED, generate 1 tokens, offset=281582167048 ns
        ON_TOKENS_RETURNED, offset=281582168079 ns
        ON_TOKENS_CALLED, generate 1 tokens, offset=282725100265 ns
        ON_TOKENS_RETURNED, offset=282725103106 ns
        ON_TOKENS_CALLED, generate 1 tokens, offset=283695535537 ns
        ON_TOKENS_RETURNED, offset=283695538680 ns
        ON_TOKENS_CALLED, generate 1 tokens, offset=284676697605 ns
        ON_TOKENS_RETURNED, offset=284676698956 ns
        ON_TOKENS_CALLED, generate 1 tokens, offset=285683047522 ns
        ON_TOKENS_RETURNED, offset=285683048819 ns
        ON_TOKENS_CALLED, generate 1 tokens, offset=286693276771 ns
        ON_TOKENS_RETURNED, offset=286693278353 ns
        ON_TOKENS_CALLED, generate 1 tokens, offset=287723854547 ns
        ON_TOKENS_RETURNED, offset=287723856240 ns
        ON_TOKENS_CALLED, generate 1 tokens, offset=288764586428 ns
        ON_TOKENS_RETURNED, offset=288764587679 ns
        ON_TOKENS_CALLED, generate 1 tokens, offset=289826757727 ns
        ON_TOKENS_RETURNED, offset=289826759087 ns
        ON_TOKENS_CALLED, generate 1 tokens, offset=290902611161 ns
        ON_TOKENS_RETURNED, offset=290902614034 ns
        ON_TOKENS_CALLED, generate 1 tokens, offset=291995987060 ns
        ON_TOKENS_RETURNED, offset=291995989143 ns
        ON_TOKENS_CALLED, generate 1 tokens, offset=292986095579 ns
        ON_TOKENS_RETURNED, offset=292986098291 ns
        ON_TOKENS_CALLED, generate 1 tokens, offset=294001242787 ns
        ON_TOKENS_RETURNED, offset=294001245533 ns
        ON_TOKENS_CALLED, generate 1 tokens, offset=295029183003 ns
        ON_TOKENS_RETURNED, offset=295029185285 ns
        ON_TOKENS_CALLED, generate 1 tokens, offset=296073790970 ns
        ON_TOKENS_RETURNED, offset=296073792295 ns
        ON_TOKENS_CALLED, generate 1 tokens, offset=297129247475 ns
        ON_TOKENS_RETURNED, offset=297129249074 ns
        ON_TOKENS_CALLED, generate 1 tokens, offset=298206786612 ns
        ON_TOKENS_RETURNED, offset=298206787884 ns
        ON_TOKENS_CALLED, generate 1 tokens, offset=299294596634 ns
        ON_TOKENS_RETURNED, offset=299294599033 ns
        ON_TOKENS_CALLED, generate 1 tokens, offset=300385810399 ns
        ON_TOKENS_RETURNED, offset=300385812051 ns
        ON_TOKENS_CALLED, generate 1 tokens, offset=301484187522 ns
        ON_TOKENS_RETURNED, offset=301484188825 ns
        ON_TOKENS_CALLED, generate 1 tokens, offset=302617765232 ns
        ON_TOKENS_RETURNED, offset=302617766538 ns
        ON_TOKENS_CALLED, generate 1 tokens, offset=303763565769 ns
        ON_TOKENS_RETURNED, offset=303763568994 ns
        ON_TOKENS_CALLED, generate 1 tokens, offset=304934429007 ns
        ON_TOKENS_RETURNED, offset=304934430594 ns
        ON_TOKENS_CALLED, generate 1 tokens, offset=305980691008 ns
        ON_TOKENS_RETURNED, offset=305980693232 ns
        ON_TOKENS_CALLED, generate 1 tokens, offset=307060101289 ns
        ON_TOKENS_RETURNED, offset=307060103067 ns
        ON_TOKENS_CALLED, generate 1 tokens, offset=308154069707 ns
        ON_TOKENS_RETURNED, offset=308154071240 ns
        ON_TOKENS_CALLED, generate 1 tokens, offset=309264235362 ns
        ON_TOKENS_RETURNED, offset=309264236966 ns
        ON_TOKENS_CALLED, generate 1 tokens, offset=310388354138 ns
        ON_TOKENS_RETURNED, offset=310388355548 ns
        ON_TOKENS_CALLED, generate 1 tokens, offset=311536522523 ns
        ON_TOKENS_RETURNED, offset=311536525125 ns
        ON_TOKENS_CALLED, generate 1 tokens, offset=312698335120 ns
        ON_TOKENS_RETURNED, offset=312698337421 ns
        ON_TOKENS_CALLED, generate 1 tokens, offset=313888986614 ns
        ON_TOKENS_RETURNED, offset=313888988808 ns
        ON_TOKENS_CALLED, generate 1 tokens, offset=315081209404 ns
        ON_TOKENS_RETURNED, offset=315081210823 ns
        ON_TOKENS_CALLED, generate 1 tokens, offset=316303413679 ns
        ON_TOKENS_RETURNED, offset=316303455206 ns
        ON_TOKENS_CALLED, generate 1 tokens, offset=317540010075 ns
        ON_TOKENS_RETURNED, offset=317540017745 ns
[16:57:15.918059978|thread 2985351|cpu 248] [info ] KV cache footprint: 53.85 GB in 246 books
[16:57:19.814688641|thread 2982446|cpu 248] [info ] [Request 38] Generating 61 response tokens with 8193 context took 71.349155 s at 0.855 average tok/s, or 1169.658 ms/tok
[16:57:19.814691493|thread 2982458|cpu 248] [info ] [Request 20] Parsing the prompt took 332.253732512 s at 24.655855445368488 tokens/s
[16:57:19.814727759|thread 2982446|cpu 248] [info ] [Request 38] Request with 8192 tokens in and 64 out (sequence limit) saw 259.635244 s TTFT and 332.250372 s TTLT
[16:57:25.990473229|thread 2985351|cpu 248] [info ] KV cache footprint: 54.95 GB in 251 books
[16:57:29.901607896|thread 2982458|cpu 248] [info ] [Request 28] Parsing the prompt took 342.340560533 s at 23.92938770458761 tokens/s
[16:57:29.901618634|thread 2982446|cpu 248] [info ] [Request 41] Generating 61 response tokens with 8193 context took 70.959119 s at 0.860 average tok/s, or 1163.264 ms/tok
[16:57:29.901648914|thread 2982446|cpu 248] [info ] [Request 41] Request with 8192 tokens in and 64 out (sequence limit) saw 270.114114 s TTFT and 342.337262 s TTLT
[16:57:31.250158169|thread 2985353|cpu 248] [debug] #EVT# HandleDetails::is_anomalous() handle_id=38 time in state STATE_OPENED exceeded threshold: 259635236736 ns
[16:57:31.250224000|thread 2985353|cpu 248] [debug] #EVT#   Handle,    38, Created, 758718978165889, Last, 759052452161091, Prompted,  8191, Generated,    64, Input TPS, 31.55, Output TPS:  0.76, Callbacks,    64, prompt parsing complete, open
[16:57:31.250259166|thread 2985353|cpu 248] [info ] #EVT#   Handle 38 history:
        SESSION_OPEN, prompt 8192 tokens, offset=0 ns
        PROMPT_TOKENS_REUSE, offset=259635235529 ns
        ON_START_CALLED, offset=259635236736 ns
        ON_START_RETURNED, offset=259635264693 ns
        ON_TOKENS_CALLED, generate 1 tokens, offset=259635269786 ns
        ON_TOKENS_RETURNED, offset=259635271961 ns
        ON_TOKENS_CALLED, generate 1 tokens, offset=260901208352 ns
        ON_TOKENS_RETURNED, offset=260901211397 ns
        ON_TOKENS_CALLED, generate 1 tokens, offset=262173791915 ns
        ON_TOKENS_RETURNED, offset=262173793799 ns
        ON_TOKENS_CALLED, generate 1 tokens, offset=263450406615 ns
        ON_TOKENS_RETURNED, offset=263450408110 ns
        ON_TOKENS_CALLED, generate 1 tokens, offset=264740803819 ns
        ON_TOKENS_RETURNED, offset=264740806797 ns
        ON_TOKENS_CALLED, generate 1 tokens, offset=266059115273 ns
        ON_TOKENS_RETURNED, offset=266059116581 ns
        ON_TOKENS_CALLED, generate 1 tokens, offset=267385816111 ns
        ON_TOKENS_RETURNED, offset=267385817613 ns
        ON_TOKENS_CALLED, generate 1 tokens, offset=268741639361 ns
        ON_TOKENS_RETURNED, offset=268741641514 ns
        ON_TOKENS_CALLED, generate 1 tokens, offset=270114146913 ns
        ON_TOKENS_RETURNED, offset=270114148866 ns
        ON_TOKENS_CALLED, generate 1 tokens, offset=271378168030 ns
        ON_TOKENS_RETURNED, offset=271378170088 ns
        ON_TOKENS_CALLED, generate 1 tokens, offset=272669028790 ns
        ON_TOKENS_RETURNED, offset=272669030996 ns
        ON_TOKENS_CALLED, generate 1 tokens, offset=273947391039 ns
        ON_TOKENS_RETURNED, offset=273947393275 ns
        ON_TOKENS_CALLED, generate 1 tokens, offset=275249249515 ns
        ON_TOKENS_RETURNED, offset=275249250565 ns
        ON_TOKENS_CALLED, generate 1 tokens, offset=276560902610 ns
        ON_TOKENS_RETURNED, offset=276560903596 ns
        ON_TOKENS_CALLED, generate 1 tokens, offset=277902677163 ns
        ON_TOKENS_RETURNED, offset=277902678531 ns
        ON_TOKENS_CALLED, generate 1 tokens, offset=279234164425 ns
        ON_TOKENS_RETURNED, offset=279234166676 ns
        ON_TOKENS_CALLED, generate 1 tokens, offset=280446311611 ns
        ON_TOKENS_RETURNED, offset=280446315708 ns
        ON_TOKENS_CALLED, generate 1 tokens, offset=281582115224 ns
        ON_TOKENS_RETURNED, offset=281582117245 ns
        ON_TOKENS_CALLED, generate 1 tokens, offset=282725067293 ns
        ON_TOKENS_RETURNED, offset=282725068984 ns
        ON_TOKENS_CALLED, generate 1 tokens, offset=283695499371 ns
        ON_TOKENS_RETURNED, offset=283695502145 ns
        ON_TOKENS_CALLED, generate 1 tokens, offset=284676673843 ns
        ON_TOKENS_RETURNED, offset=284676675020 ns
        ON_TOKENS_CALLED, generate 1 tokens, offset=285683009395 ns
        ON_TOKENS_RETURNED, offset=285683011729 ns
        ON_TOKENS_CALLED, generate 1 tokens, offset=286693241778 ns
        ON_TOKENS_RETURNED, offset=286693244290 ns
        ON_TOKENS_CALLED, generate 1 tokens, offset=287723818897 ns
        ON_TOKENS_RETURNED, offset=287723820370 ns
        ON_TOKENS_CALLED, generate 1 tokens, offset=288764549015 ns
        ON_TOKENS_RETURNED, offset=288764550208 ns
        ON_TOKENS_CALLED, generate 1 tokens, offset=289826722222 ns
        ON_TOKENS_RETURNED, offset=289826723664 ns
        ON_TOKENS_CALLED, generate 1 tokens, offset=290902577642 ns
        ON_TOKENS_RETURNED, offset=290902578912 ns
        ON_TOKENS_CALLED, generate 1 tokens, offset=291995958272 ns
        ON_TOKENS_RETURNED, offset=291995959697 ns
        ON_TOKENS_CALLED, generate 1 tokens, offset=292986063563 ns
        ON_TOKENS_RETURNED, offset=292986064276 ns
        ON_TOKENS_CALLED, generate 1 tokens, offset=294001206700 ns
        ON_TOKENS_RETURNED, offset=294001208588 ns
        ON_TOKENS_CALLED, generate 1 tokens, offset=295029149853 ns
        ON_TOKENS_RETURNED, offset=295029151109 ns
        ON_TOKENS_CALLED, generate 1 tokens, offset=296073755386 ns
        ON_TOKENS_RETURNED, offset=296073757687 ns
        ON_TOKENS_CALLED, generate 1 tokens, offset=297129212905 ns
        ON_TOKENS_RETURNED, offset=297129214630 ns
        ON_TOKENS_CALLED, generate 1 tokens, offset=298206751359 ns
        ON_TOKENS_RETURNED, offset=298206753962 ns
        ON_TOKENS_CALLED, generate 1 tokens, offset=299294562836 ns
        ON_TOKENS_RETURNED, offset=299294564863 ns
        ON_TOKENS_CALLED, generate 1 tokens, offset=300385782503 ns
        ON_TOKENS_RETURNED, offset=300385783652 ns
        ON_TOKENS_CALLED, generate 1 tokens, offset=301484151773 ns
        ON_TOKENS_RETURNED, offset=301484154050 ns
        ON_TOKENS_CALLED, generate 1 tokens, offset=302617731274 ns
        ON_TOKENS_RETURNED, offset=302617733207 ns
        ON_TOKENS_CALLED, generate 1 tokens, offset=303763530706 ns
        ON_TOKENS_RETURNED, offset=303763532522 ns
        ON_TOKENS_CALLED, generate 1 tokens, offset=304934394524 ns
        ON_TOKENS_RETURNED, offset=304934396105 ns
        ON_TOKENS_CALLED, generate 1 tokens, offset=305980658347 ns
        ON_TOKENS_RETURNED, offset=305980660461 ns
        ON_TOKENS_CALLED, generate 1 tokens, offset=307060059781 ns
        ON_TOKENS_RETURNED, offset=307060062055 ns
        ON_TOKENS_CALLED, generate 1 tokens, offset=308154039883 ns
        ON_TOKENS_RETURNED, offset=308154041460 ns
        ON_TOKENS_CALLED, generate 1 tokens, offset=309264204029 ns
        ON_TOKENS_RETURNED, offset=309264206611 ns
        ON_TOKENS_CALLED, generate 1 tokens, offset=310388320972 ns
        ON_TOKENS_RETURNED, offset=310388323329 ns
        ON_TOKENS_CALLED, generate 1 tokens, offset=311536487479 ns
        ON_TOKENS_RETURNED, offset=311536490246 ns
        ON_TOKENS_CALLED, generate 1 tokens, offset=312698300621 ns
        ON_TOKENS_RETURNED, offset=312698302054 ns
        ON_TOKENS_CALLED, generate 1 tokens, offset=313888956866 ns
        ON_TOKENS_RETURNED, offset=313888958423 ns
        ON_TOKENS_CALLED, generate 1 tokens, offset=315081167718 ns
        ON_TOKENS_RETURNED, offset=315081168945 ns
        ON_TOKENS_CALLED, generate 1 tokens, offset=316303381864 ns
        ON_TOKENS_RETURNED, offset=316303382731 ns
        ON_TOKENS_CALLED, generate 1 tokens, offset=317539973582 ns
        ON_TOKENS_RETURNED, offset=317539975240 ns
        ON_TOKENS_CALLED, generate 1 tokens, offset=318793975639 ns
        ON_TOKENS_RETURNED, offset=318793978166 ns
        ON_TOKENS_CALLED, generate 1 tokens, offset=319905302858 ns
        ON_TOKENS_RETURNED, offset=319905304772 ns
        ON_TOKENS_CALLED, generate 1 tokens, offset=321056352296 ns
        ON_TOKENS_RETURNED, offset=321056353963 ns
        ON_TOKENS_CALLED, generate 1 tokens, offset=322221997117 ns
        ON_TOKENS_RETURNED, offset=322221999025 ns
        ON_TOKENS_CALLED, generate 1 tokens, offset=323412986339 ns
        ON_TOKENS_RETURNED, offset=323412987523 ns
        ON_TOKENS_CALLED, generate 1 tokens, offset=324617008193 ns
        ON_TOKENS_RETURNED, offset=324617009644 ns
        ON_TOKENS_CALLED, generate 1 tokens, offset=325846292131 ns
        ON_TOKENS_RETURNED, offset=325846292984 ns
        ON_TOKENS_CALLED, generate 1 tokens, offset=327084793294 ns
        ON_TOKENS_RETURNED, offset=327084794346 ns
        ON_TOKENS_CALLED, generate 1 tokens, offset=328353503074 ns
        ON_TOKENS_RETURNED, offset=328353505246 ns
        ON_TOKENS_CALLED, generate 1 tokens, offset=329625584476 ns
        ON_TOKENS_RETURNED, offset=329625586565 ns
        ON_TOKENS_CALLED, generate 1 tokens, offset=330934731057 ns
        ON_TOKENS_RETURNED, offset=330934732032 ns
        ON_TOKENS_CALLED, generate 1 tokens, offset=332250361487 ns
        ON_TOKENS_RETURNED, offset=332250427078 ns
        ON_TOKENS_CALLED, generate 1 tokens, offset=333473987238 ns
        ON_TOKENS_RETURNED, offset=333473995202 ns
[16:57:36.091461528|thread 2982458|cpu 248] [info ] [Request 34] Parsing the prompt took 348.530328573 s at 23.504410745374138 tokens/s
[16:57:36.091763388|thread 2985351|cpu 248] [info ] KV cache footprint: 56.05 GB in 256 books
[16:57:38.448101327|thread 2982446|cpu 248] [info ] [Request 48] Generating 61 response tokens with 8193 context took 70.437460 s at 0.866 average tok/s, or 1154.712 ms/tok
[16:57:38.448128450|thread 2982446|cpu 248] [info ] [Request 48] Request with 8192 tokens in and 64 out (sequence limit) saw 279.234047 s TTFT and 350.883660 s TTLT
[16:57:39.649409451|thread 2982447|cpu 248] [info ] [Request 49] Generating 61 response tokens with 8193 context took 70.502963 s at 0.865 average tok/s, or 1155.786 ms/tok
[16:57:39.649446145|thread 2982447|cpu 248] [info ] [Request 49] Request with 8192 tokens in and 64 out (sequence limit) saw 280.446185 s TTFT and 352.084956 s TTLT
[16:57:40.843522158|thread 2982458|cpu 248] [info ] [Request 35] Parsing the prompt took 353.282378575 s at 23.18824967450473 tokens/s
[16:57:41.390680987|thread 2985353|cpu 248] [debug] #EVT# HandleDetails::is_anomalous() handle_id=41 time in state STATE_OPENED exceeded threshold: 270114107810 ns
[16:57:41.390703713|thread 2985353|cpu 248] [debug] #EVT#   Handle,    41, Created, 758718978204851, Last, 759062535256720, Prompted,  8191, Generated,    64, Input TPS, 30.33, Output TPS:  0.76, Callbacks,    64, prompt parsing complete, open
[16:57:41.390728539|thread 2985353|cpu 248] [info ] #EVT#   Handle 41 history:
        SESSION_OPEN, prompt 8192 tokens, offset=0 ns
        PROMPT_TOKENS_REUSE, offset=270114106937 ns
        ON_START_CALLED, offset=270114107810 ns
        ON_START_RETURNED, offset=270114136087 ns
        ON_TOKENS_CALLED, generate 1 tokens, offset=270114140700 ns
        ON_TOKENS_RETURNED, offset=270114142392 ns
        ON_TOKENS_CALLED, generate 1 tokens, offset=271378136733 ns
        ON_TOKENS_RETURNED, offset=271378138264 ns
        ON_TOKENS_CALLED, generate 1 tokens, offset=272668991224 ns
        ON_TOKENS_RETURNED, offset=272668994313 ns
        ON_TOKENS_CALLED, generate 1 tokens, offset=273947354886 ns
        ON_TOKENS_RETURNED, offset=273947355964 ns
        ON_TOKENS_CALLED, generate 1 tokens, offset=275249214747 ns
        ON_TOKENS_RETURNED, offset=275249217080 ns
        ON_TOKENS_CALLED, generate 1 tokens, offset=276560865352 ns
        ON_TOKENS_RETURNED, offset=276560866696 ns
        ON_TOKENS_CALLED, generate 1 tokens, offset=277902640406 ns
        ON_TOKENS_RETURNED, offset=277902641706 ns
        ON_TOKENS_CALLED, generate 1 tokens, offset=279234126035 ns
        ON_TOKENS_RETURNED, offset=279234128090 ns
        ON_TOKENS_CALLED, generate 1 tokens, offset=280446280459 ns
        ON_TOKENS_RETURNED, offset=280446296038 ns
        ON_TOKENS_CALLED, generate 1 tokens, offset=281582081348 ns
        ON_TOKENS_RETURNED, offset=281582082244 ns
        ON_TOKENS_CALLED, generate 1 tokens, offset=282725035231 ns
        ON_TOKENS_RETURNED, offset=282725036563 ns
        ON_TOKENS_CALLED, generate 1 tokens, offset=283695462872 ns
        ON_TOKENS_RETURNED, offset=283695463960 ns
        ON_TOKENS_CALLED, generate 1 tokens, offset=284676628550 ns
        ON_TOKENS_RETURNED, offset=284676629544 ns
        ON_TOKENS_CALLED, generate 1 tokens, offset=285682965258 ns
        ON_TOKENS_RETURNED, offset=285682966491 ns
        ON_TOKENS_CALLED, generate 1 tokens, offset=286693203620 ns
        ON_TOKENS_RETURNED, offset=286693206149 ns
        ON_TOKENS_CALLED, generate 1 tokens, offset=287723782062 ns
        ON_TOKENS_RETURNED, offset=287723783077 ns
        ON_TOKENS_CALLED, generate 1 tokens, offset=288764515502 ns
        ON_TOKENS_RETURNED, offset=288764518296 ns
        ON_TOKENS_CALLED, generate 1 tokens, offset=289826689312 ns
        ON_TOKENS_RETURNED, offset=289826690458 ns
        ON_TOKENS_CALLED, generate 1 tokens, offset=290902539662 ns
        ON_TOKENS_RETURNED, offset=290902540606 ns
        ON_TOKENS_CALLED, generate 1 tokens, offset=291995917271 ns
        ON_TOKENS_RETURNED, offset=291995918538 ns
        ON_TOKENS_CALLED, generate 1 tokens, offset=292986017269 ns
        ON_TOKENS_RETURNED, offset=292986018380 ns
        ON_TOKENS_CALLED, generate 1 tokens, offset=294001171533 ns
        ON_TOKENS_RETURNED, offset=294001172814 ns
        ON_TOKENS_CALLED, generate 1 tokens, offset=295029111192 ns
        ON_TOKENS_RETURNED, offset=295029112434 ns
        ON_TOKENS_CALLED, generate 1 tokens, offset=296073718281 ns
        ON_TOKENS_RETURNED, offset=296073719239 ns
        ON_TOKENS_CALLED, generate 1 tokens, offset=297129180785 ns
        ON_TOKENS_RETURNED, offset=297129182714 ns
        ON_TOKENS_CALLED, generate 1 tokens, offset=298206713923 ns
        ON_TOKENS_RETURNED, offset=298206715505 ns
        ON_TOKENS_CALLED, generate 1 tokens, offset=299294524159 ns
        ON_TOKENS_RETURNED, offset=299294525301 ns
        ON_TOKENS_CALLED, generate 1 tokens, offset=300385749901 ns
        ON_TOKENS_RETURNED, offset=300385750692 ns
        ON_TOKENS_CALLED, generate 1 tokens, offset=301484115878 ns
        ON_TOKENS_RETURNED, offset=301484116951 ns
        ON_TOKENS_CALLED, generate 1 tokens, offset=302617696894 ns
        ON_TOKENS_RETURNED, offset=302617697771 ns
        ON_TOKENS_CALLED, generate 1 tokens, offset=303763494015 ns
        ON_TOKENS_RETURNED, offset=303763495306 ns
        ON_TOKENS_CALLED, generate 1 tokens, offset=304934356650 ns
        ON_TOKENS_RETURNED, offset=304934357567 ns
        ON_TOKENS_CALLED, generate 1 tokens, offset=305980625033 ns
        ON_TOKENS_RETURNED, offset=305980626679 ns
        ON_TOKENS_CALLED, generate 1 tokens, offset=307060024362 ns
        ON_TOKENS_RETURNED, offset=307060026152 ns
        ON_TOKENS_CALLED, generate 1 tokens, offset=308154001252 ns
        ON_TOKENS_RETURNED, offset=308154002652 ns
        ON_TOKENS_CALLED, generate 1 tokens, offset=309264169052 ns
        ON_TOKENS_RETURNED, offset=309264171174 ns
        ON_TOKENS_CALLED, generate 1 tokens, offset=310388283408 ns
        ON_TOKENS_RETURNED, offset=310388284570 ns
        ON_TOKENS_CALLED, generate 1 tokens, offset=311536450637 ns
        ON_TOKENS_RETURNED, offset=311536453387 ns
        ON_TOKENS_CALLED, generate 1 tokens, offset=312698263496 ns
        ON_TOKENS_RETURNED, offset=312698265250 ns
        ON_TOKENS_CALLED, generate 1 tokens, offset=313888914995 ns
        ON_TOKENS_RETURNED, offset=313888917312 ns
        ON_TOKENS_CALLED, generate 1 tokens, offset=315081140181 ns
        ON_TOKENS_RETURNED, offset=315081141948 ns
        ON_TOKENS_CALLED, generate 1 tokens, offset=316303329713 ns
        ON_TOKENS_RETURNED, offset=316303330783 ns
        ON_TOKENS_CALLED, generate 1 tokens, offset=317539937022 ns
        ON_TOKENS_RETURNED, offset=317539938105 ns
        ON_TOKENS_CALLED, generate 1 tokens, offset=318793930611 ns
        ON_TOKENS_RETURNED, offset=318793933920 ns
        ON_TOKENS_CALLED, generate 1 tokens, offset=319905263296 ns
        ON_TOKENS_RETURNED, offset=319905264571 ns
        ON_TOKENS_CALLED, generate 1 tokens, offset=321056313904 ns
        ON_TOKENS_RETURNED, offset=321056315420 ns
        ON_TOKENS_CALLED, generate 1 tokens, offset=322221960221 ns
        ON_TOKENS_RETURNED, offset=322221961019 ns
        ON_TOKENS_CALLED, generate 1 tokens, offset=323412939955 ns
        ON_TOKENS_RETURNED, offset=323412942044 ns
        ON_TOKENS_CALLED, generate 1 tokens, offset=324616972897 ns
        ON_TOKENS_RETURNED, offset=324616975744 ns
        ON_TOKENS_CALLED, generate 1 tokens, offset=325846257379 ns
        ON_TOKENS_RETURNED, offset=325846260515 ns
        ON_TOKENS_CALLED, generate 1 tokens, offset=327084752396 ns
        ON_TOKENS_RETURNED, offset=327084755079 ns
        ON_TOKENS_CALLED, generate 1 tokens, offset=328353468211 ns
        ON_TOKENS_RETURNED, offset=328353470757 ns
        ON_TOKENS_CALLED, generate 1 tokens, offset=329625552750 ns
        ON_TOKENS_RETURNED, offset=329625554678 ns
        ON_TOKENS_CALLED, generate 1 tokens, offset=330934694053 ns
        ON_TOKENS_RETURNED, offset=330934696495 ns
        ON_TOKENS_CALLED, generate 1 tokens, offset=332250338188 ns
        ON_TOKENS_RETURNED, offset=332250339131 ns
        ON_TOKENS_CALLED, generate 1 tokens, offset=333473951473 ns
        ON_TOKENS_RETURNED, offset=333473952501 ns
        ON_TOKENS_CALLED, generate 1 tokens, offset=334687715640 ns
        ON_TOKENS_RETURNED, offset=334687717988 ns
        ON_TOKENS_CALLED, generate 1 tokens, offset=335911113003 ns
        ON_TOKENS_RETURNED, offset=335911115301 ns
        ON_TOKENS_CALLED, generate 1 tokens, offset=337158507544 ns
        ON_TOKENS_RETURNED, offset=337158509796 ns
        ON_TOKENS_CALLED, generate 1 tokens, offset=338425843948 ns
        ON_TOKENS_RETURNED, offset=338425845608 ns
        ON_TOKENS_CALLED, generate 1 tokens, offset=339713550355 ns
        ON_TOKENS_RETURNED, offset=339713551299 ns
        ON_TOKENS_CALLED, generate 1 tokens, offset=341006952273 ns
        ON_TOKENS_RETURNED, offset=341006954338 ns
        ON_TOKENS_CALLED, generate 1 tokens, offset=342337254735 ns
        ON_TOKENS_RETURNED, offset=342337295057 ns
        ON_TOKENS_CALLED, generate 1 tokens, offset=343557044101 ns
        ON_TOKENS_RETURNED, offset=343557051869 ns
[16:57:41.903358585|thread 2982446|cpu 248] [info ] [Request 52] Generating 61 response tokens with 8193 context took 70.643532 s at 0.863 average tok/s, or 1158.091 ms/tok
[16:57:41.903371446|thread 2982446|cpu 248] [info ] [Request 52] Request with 8192 tokens in and 64 out (sequence limit) saw 282.724910 s TTFT and 354.338870 s TTLT
[16:57:47.341084711|thread 2985351|cpu 248] [info ] KV cache footprint: 57.15 GB in 261 books
[16:57:48.471682923|thread 2982457|cpu 248] [info ] [Request 45] Parsing the prompt took 360.907278203 s at 22.69835078081256 tokens/s
[16:57:49.841311907|thread 2985353|cpu 248] [debug] #EVT# HandleDetails::is_anomalous() handle_id=48 time in state STATE_OPENED exceeded threshold: 279234041009 ns
[16:57:49.841362985|thread 2985353|cpu 248] [debug] #EVT#   Handle,    48, Created, 758718978290874, Last, 759071063252347, Prompted,  8191, Generated,    64, Input TPS, 29.34, Output TPS:  0.77, Callbacks,    64, prompt parsing complete, open
[16:57:49.841394839|thread 2985353|cpu 248] [info ] #EVT#   Handle 48 history:
        SESSION_OPEN, prompt 8192 tokens, offset=0 ns
        PROMPT_TOKENS_REUSE, offset=279234039790 ns
        ON_START_CALLED, offset=279234041009 ns
        ON_START_RETURNED, offset=279234068284 ns
        ON_TOKENS_CALLED, generate 1 tokens, offset=279234072266 ns
        ON_TOKENS_RETURNED, offset=279234073440 ns
        ON_TOKENS_CALLED, generate 1 tokens, offset=280446194377 ns
        ON_TOKENS_RETURNED, offset=280446197416 ns
        ON_TOKENS_CALLED, generate 1 tokens, offset=281582002252 ns
        ON_TOKENS_RETURNED, offset=281582003456 ns
        ON_TOKENS_CALLED, generate 1 tokens, offset=282724943550 ns
        ON_TOKENS_RETURNED, offset=282724945522 ns
        ON_TOKENS_CALLED, generate 1 tokens, offset=283695379618 ns
        ON_TOKENS_RETURNED, offset=283695381758 ns
        ON_TOKENS_CALLED, generate 1 tokens, offset=284676540934 ns
        ON_TOKENS_RETURNED, offset=284676542419 ns
        ON_TOKENS_CALLED, generate 1 tokens, offset=285682881369 ns
        ON_TOKENS_RETURNED, offset=285682883837 ns
        ON_TOKENS_CALLED, generate 1 tokens, offset=286693120529 ns
        ON_TOKENS_RETURNED, offset=286693122003 ns
        ON_TOKENS_CALLED, generate 1 tokens, offset=287723704275 ns
        ON_TOKENS_RETURNED, offset=287723708969 ns
        ON_TOKENS_CALLED, generate 1 tokens, offset=288764428300 ns
        ON_TOKENS_RETURNED, offset=288764429374 ns
        ON_TOKENS_CALLED, generate 1 tokens, offset=289826600545 ns
        ON_TOKENS_RETURNED, offset=289826601430 ns
        ON_TOKENS_CALLED, generate 1 tokens, offset=290902455006 ns
        ON_TOKENS_RETURNED, offset=290902457547 ns
        ON_TOKENS_CALLED, generate 1 tokens, offset=291995838144 ns
        ON_TOKENS_RETURNED, offset=291995839353 ns
        ON_TOKENS_CALLED, generate 1 tokens, offset=292985934113 ns
        ON_TOKENS_RETURNED, offset=292985936364 ns
        ON_TOKENS_CALLED, generate 1 tokens, offset=294001094629 ns
        ON_TOKENS_RETURNED, offset=294001095953 ns
        ON_TOKENS_CALLED, generate 1 tokens, offset=295029030784 ns
        ON_TOKENS_RETURNED, offset=295029032257 ns
        ON_TOKENS_CALLED, generate 1 tokens, offset=296073633493 ns
        ON_TOKENS_RETURNED, offset=296073639464 ns
        ON_TOKENS_CALLED, generate 1 tokens, offset=297129091797 ns
        ON_TOKENS_RETURNED, offset=297129094948 ns
        ON_TOKENS_CALLED, generate 1 tokens, offset=298206632480 ns
        ON_TOKENS_RETURNED, offset=298206634600 ns
        ON_TOKENS_CALLED, generate 1 tokens, offset=299294440530 ns
        ON_TOKENS_RETURNED, offset=299294441869 ns
        ON_TOKENS_CALLED, generate 1 tokens, offset=300385651081 ns
        ON_TOKENS_RETURNED, offset=300385653379 ns
        ON_TOKENS_CALLED, generate 1 tokens, offset=301484033975 ns
        ON_TOKENS_RETURNED, offset=301484035588 ns
        ON_TOKENS_CALLED, generate 1 tokens, offset=302617607579 ns
        ON_TOKENS_RETURNED, offset=302617608711 ns
        ON_TOKENS_CALLED, generate 1 tokens, offset=303763409612 ns
        ON_TOKENS_RETURNED, offset=303763411788 ns
        ON_TOKENS_CALLED, generate 1 tokens, offset=304934278777 ns
        ON_TOKENS_RETURNED, offset=304934281497 ns
        ON_TOKENS_CALLED, generate 1 tokens, offset=305980537130 ns
        ON_TOKENS_RETURNED, offset=305980539193 ns
        ON_TOKENS_CALLED, generate 1 tokens, offset=307059940183 ns
        ON_TOKENS_RETURNED, offset=307059941373 ns
        ON_TOKENS_CALLED, generate 1 tokens, offset=308153920484 ns
        ON_TOKENS_RETURNED, offset=308153921851 ns
        ON_TOKENS_CALLED, generate 1 tokens, offset=309264078727 ns
        ON_TOKENS_RETURNED, offset=309264080257 ns
        ON_TOKENS_CALLED, generate 1 tokens, offset=310388198681 ns
        ON_TOKENS_RETURNED, offset=310388199553 ns
        ON_TOKENS_CALLED, generate 1 tokens, offset=311536366999 ns
        ON_TOKENS_RETURNED, offset=311536369249 ns
        ON_TOKENS_CALLED, generate 1 tokens, offset=312698185192 ns
        ON_TOKENS_RETURNED, offset=312698186179 ns
        ON_TOKENS_CALLED, generate 1 tokens, offset=313888833790 ns
        ON_TOKENS_RETURNED, offset=313888836370 ns
        ON_TOKENS_CALLED, generate 1 tokens, offset=315081039409 ns
        ON_TOKENS_RETURNED, offset=315081040636 ns
        ON_TOKENS_CALLED, generate 1 tokens, offset=316303246599 ns
        ON_TOKENS_RETURNED, offset=316303247947 ns
        ON_TOKENS_CALLED, generate 1 tokens, offset=317539851529 ns
        ON_TOKENS_RETURNED, offset=317539854181 ns
        ON_TOKENS_CALLED, generate 1 tokens, offset=318793845800 ns
        ON_TOKENS_RETURNED, offset=318793848551 ns
        ON_TOKENS_CALLED, generate 1 tokens, offset=319905178170 ns
        ON_TOKENS_RETURNED, offset=319905179433 ns
        ON_TOKENS_CALLED, generate 1 tokens, offset=321056229883 ns
        ON_TOKENS_RETURNED, offset=321056230969 ns
        ON_TOKENS_CALLED, generate 1 tokens, offset=322221876336 ns
        ON_TOKENS_RETURNED, offset=322221878308 ns
        ON_TOKENS_CALLED, generate 1 tokens, offset=323412859244 ns
        ON_TOKENS_RETURNED, offset=323412860493 ns
        ON_TOKENS_CALLED, generate 1 tokens, offset=324616886948 ns
        ON_TOKENS_RETURNED, offset=324616889103 ns
        ON_TOKENS_CALLED, generate 1 tokens, offset=325846172922 ns
        ON_TOKENS_RETURNED, offset=325846174106 ns
        ON_TOKENS_CALLED, generate 1 tokens, offset=327084666769 ns
        ON_TOKENS_RETURNED, offset=327084668610 ns
        ON_TOKENS_CALLED, generate 1 tokens, offset=328353383764 ns
        ON_TOKENS_RETURNED, offset=328353385026 ns
        ON_TOKENS_CALLED, generate 1 tokens, offset=329625476233 ns
        ON_TOKENS_RETURNED, offset=329625477162 ns
        ON_TOKENS_CALLED, generate 1 tokens, offset=330934602387 ns
        ON_TOKENS_RETURNED, offset=330934603266 ns
        ON_TOKENS_CALLED, generate 1 tokens, offset=332250237368 ns
        ON_TOKENS_RETURNED, offset=332250240155 ns
        ON_TOKENS_CALLED, generate 1 tokens, offset=333473863963 ns
        ON_TOKENS_RETURNED, offset=333473865559 ns
        ON_TOKENS_CALLED, generate 1 tokens, offset=334687628696 ns
        ON_TOKENS_RETURNED, offset=334687631184 ns
        ON_TOKENS_CALLED, generate 1 tokens, offset=335911026133 ns
        ON_TOKENS_RETURNED, offset=335911028559 ns
        ON_TOKENS_CALLED, generate 1 tokens, offset=337158422631 ns
        ON_TOKENS_RETURNED, offset=337158423896 ns
        ON_TOKENS_CALLED, generate 1 tokens, offset=338425758008 ns
        ON_TOKENS_RETURNED, offset=338425758982 ns
        ON_TOKENS_CALLED, generate 1 tokens, offset=339713456322 ns
        ON_TOKENS_RETURNED, offset=339713458971 ns
        ON_TOKENS_CALLED, generate 1 tokens, offset=341006876303 ns
        ON_TOKENS_RETURNED, offset=341006877642 ns
        ON_TOKENS_CALLED, generate 1 tokens, offset=342337162763 ns
        ON_TOKENS_RETURNED, offset=342337165335 ns
        ON_TOKENS_CALLED, generate 1 tokens, offset=343556962771 ns
        ON_TOKENS_RETURNED, offset=343556963977 ns
        ON_TOKENS_CALLED, generate 1 tokens, offset=344780544604 ns
        ON_TOKENS_RETURNED, offset=344780545718 ns
        ON_TOKENS_CALLED, generate 1 tokens, offset=346008768225 ns
        ON_TOKENS_RETURNED, offset=346008769985 ns
        ON_TOKENS_CALLED, generate 1 tokens, offset=347264373959 ns
        ON_TOKENS_RETURNED, offset=347264375556 ns
        ON_TOKENS_CALLED, generate 1 tokens, offset=348527006646 ns
        ON_TOKENS_RETURNED, offset=348527008634 ns
        ON_TOKENS_CALLED, generate 1 tokens, offset=349695950145 ns
        ON_TOKENS_RETURNED, offset=349695951594 ns
        ON_TOKENS_CALLED, generate 1 tokens, offset=350883652486 ns
        ON_TOKENS_RETURNED, offset=350883702037 ns
        ON_TOKENS_CALLED, generate 1 tokens, offset=352084955419 ns
        ON_TOKENS_RETURNED, offset=352084961473 ns
[16:57:50.968168173|thread 2985353|cpu 248] [debug] #EVT# HandleDetails::is_anomalous() handle_id=49 time in state STATE_OPENED exceeded threshold: 280446177791 ns
[16:57:50.968191301|thread 2985353|cpu 248] [debug] #EVT#   Handle,    49, Created, 758718978302794, Last, 759072257360488, Prompted,  8191, Generated,    64, Input TPS, 29.21, Output TPS:  0.77, Callbacks,    64, prompt parsing complete, open
[16:57:50.968214985|thread 2985353|cpu 248] [info ] #EVT#   Handle 49 history:
        SESSION_OPEN, prompt 8192 tokens, offset=0 ns
        PROMPT_TOKENS_REUSE, offset=280446176833 ns
        ON_START_CALLED, offset=280446177791 ns
        ON_START_RETURNED, offset=280446198549 ns
        ON_TOKENS_CALLED, generate 1 tokens, offset=280446203263 ns
        ON_TOKENS_RETURNED, offset=280446204377 ns
        ON_TOKENS_CALLED, generate 1 tokens, offset=281581985756 ns
        ON_TOKENS_RETURNED, offset=281581988872 ns
        ON_TOKENS_CALLED, generate 1 tokens, offset=282724933402 ns
        ON_TOKENS_RETURNED, offset=282724934488 ns
        ON_TOKENS_CALLED, generate 1 tokens, offset=283695372694 ns
        ON_TOKENS_RETURNED, offset=283695373696 ns
        ON_TOKENS_CALLED, generate 1 tokens, offset=284676542257 ns
        ON_TOKENS_RETURNED, offset=284676543729 ns
        ON_TOKENS_CALLED, generate 1 tokens, offset=285682870361 ns
        ON_TOKENS_RETURNED, offset=285682872197 ns
        ON_TOKENS_CALLED, generate 1 tokens, offset=286693109816 ns
        ON_TOKENS_RETURNED, offset=286693111349 ns
        ON_TOKENS_CALLED, generate 1 tokens, offset=287723684604 ns
        ON_TOKENS_RETURNED, offset=287723685790 ns
        ON_TOKENS_CALLED, generate 1 tokens, offset=288764432590 ns
        ON_TOKENS_RETURNED, offset=288764435037 ns
        ON_TOKENS_CALLED, generate 1 tokens, offset=289826589328 ns
        ON_TOKENS_RETURNED, offset=289826590283 ns
        ON_TOKENS_CALLED, generate 1 tokens, offset=290902450102 ns
        ON_TOKENS_RETURNED, offset=290902451137 ns
        ON_TOKENS_CALLED, generate 1 tokens, offset=291995822671 ns
        ON_TOKENS_RETURNED, offset=291995823863 ns
        ON_TOKENS_CALLED, generate 1 tokens, offset=292985924768 ns
        ON_TOKENS_RETURNED, offset=292985925773 ns
        ON_TOKENS_CALLED, generate 1 tokens, offset=294001076061 ns
        ON_TOKENS_RETURNED, offset=294001077284 ns
        ON_TOKENS_CALLED, generate 1 tokens, offset=295029017340 ns
        ON_TOKENS_RETURNED, offset=295029018799 ns
        ON_TOKENS_CALLED, generate 1 tokens, offset=296073622092 ns
        ON_TOKENS_RETURNED, offset=296073624974 ns
        ON_TOKENS_CALLED, generate 1 tokens, offset=297129081298 ns
        ON_TOKENS_RETURNED, offset=297129084335 ns
        ON_TOKENS_CALLED, generate 1 tokens, offset=298206620913 ns
        ON_TOKENS_RETURNED, offset=298206622109 ns
        ON_TOKENS_CALLED, generate 1 tokens, offset=299294429276 ns
        ON_TOKENS_RETURNED, offset=299294430400 ns
        ON_TOKENS_CALLED, generate 1 tokens, offset=300385641597 ns
        ON_TOKENS_RETURNED, offset=300385644453 ns
        ON_TOKENS_CALLED, generate 1 tokens, offset=301484019670 ns
        ON_TOKENS_RETURNED, offset=301484022160 ns
        ON_TOKENS_CALLED, generate 1 tokens, offset=302617602461 ns
        ON_TOKENS_RETURNED, offset=302617603813 ns
        ON_TOKENS_CALLED, generate 1 tokens, offset=303763403067 ns
        ON_TOKENS_RETURNED, offset=303763403928 ns
        ON_TOKENS_CALLED, generate 1 tokens, offset=304934267792 ns
        ON_TOKENS_RETURNED, offset=304934269190 ns
        ON_TOKENS_CALLED, generate 1 tokens, offset=305980529254 ns
        ON_TOKENS_RETURNED, offset=305980529981 ns
        ON_TOKENS_CALLED, generate 1 tokens, offset=307059930852 ns
        ON_TOKENS_RETURNED, offset=307059932071 ns
        ON_TOKENS_CALLED, generate 1 tokens, offset=308153908718 ns
        ON_TOKENS_RETURNED, offset=308153910716 ns
        ON_TOKENS_CALLED, generate 1 tokens, offset=309264068575 ns
        ON_TOKENS_RETURNED, offset=309264069955 ns
        ON_TOKENS_CALLED, generate 1 tokens, offset=310388192974 ns
        ON_TOKENS_RETURNED, offset=310388194044 ns
        ON_TOKENS_CALLED, generate 1 tokens, offset=311536356160 ns
        ON_TOKENS_RETURNED, offset=311536357440 ns
        ON_TOKENS_CALLED, generate 1 tokens, offset=312698168544 ns
        ON_TOKENS_RETURNED, offset=312698170353 ns
        ON_TOKENS_CALLED, generate 1 tokens, offset=313888821345 ns
        ON_TOKENS_RETURNED, offset=313888823937 ns
        ON_TOKENS_CALLED, generate 1 tokens, offset=315081035994 ns
        ON_TOKENS_RETURNED, offset=315081038555 ns
        ON_TOKENS_CALLED, generate 1 tokens, offset=316303250093 ns
        ON_TOKENS_RETURNED, offset=316303251415 ns
        ON_TOKENS_CALLED, generate 1 tokens, offset=317539841934 ns
        ON_TOKENS_RETURNED, offset=317539843058 ns
        ON_TOKENS_CALLED, generate 1 tokens, offset=318793838268 ns
        ON_TOKENS_RETURNED, offset=318793839151 ns
        ON_TOKENS_CALLED, generate 1 tokens, offset=319905166570 ns
        ON_TOKENS_RETURNED, offset=319905168569 ns
        ON_TOKENS_CALLED, generate 1 tokens, offset=321056227683 ns
        ON_TOKENS_RETURNED, offset=321056229016 ns
        ON_TOKENS_CALLED, generate 1 tokens, offset=322221863185 ns
        ON_TOKENS_RETURNED, offset=322221864885 ns
        ON_TOKENS_CALLED, generate 1 tokens, offset=323412846829 ns
        ON_TOKENS_RETURNED, offset=323412847962 ns
        ON_TOKENS_CALLED, generate 1 tokens, offset=324616876142 ns
        ON_TOKENS_RETURNED, offset=324616877034 ns
        ON_TOKENS_CALLED, generate 1 tokens, offset=325846164019 ns
        ON_TOKENS_RETURNED, offset=325846165654 ns
        ON_TOKENS_CALLED, generate 1 tokens, offset=327084657911 ns
        ON_TOKENS_RETURNED, offset=327084658805 ns
        ON_TOKENS_CALLED, generate 1 tokens, offset=328353373839 ns
        ON_TOKENS_RETURNED, offset=328353374977 ns
        ON_TOKENS_CALLED, generate 1 tokens, offset=329625460351 ns
        ON_TOKENS_RETURNED, offset=329625461238 ns
        ON_TOKENS_CALLED, generate 1 tokens, offset=330934600451 ns
        ON_TOKENS_RETURNED, offset=330934602157 ns
        ON_TOKENS_CALLED, generate 1 tokens, offset=332250225888 ns
        ON_TOKENS_RETURNED, offset=332250226775 ns
        ON_TOKENS_CALLED, generate 1 tokens, offset=333473853996 ns
        ON_TOKENS_RETURNED, offset=333473860526 ns
        ON_TOKENS_CALLED, generate 1 tokens, offset=334687617639 ns
        ON_TOKENS_RETURNED, offset=334687619455 ns
        ON_TOKENS_CALLED, generate 1 tokens, offset=335911018282 ns
        ON_TOKENS_RETURNED, offset=335911019390 ns
        ON_TOKENS_CALLED, generate 1 tokens, offset=337158411579 ns
        ON_TOKENS_RETURNED, offset=337158412736 ns
        ON_TOKENS_CALLED, generate 1 tokens, offset=338425747727 ns
        ON_TOKENS_RETURNED, offset=338425748726 ns
        ON_TOKENS_CALLED, generate 1 tokens, offset=339713451514 ns
        ON_TOKENS_RETURNED, offset=339713452843 ns
        ON_TOKENS_CALLED, generate 1 tokens, offset=341006864218 ns
        ON_TOKENS_RETURNED, offset=341006866040 ns
        ON_TOKENS_CALLED, generate 1 tokens, offset=342337146682 ns
        ON_TOKENS_RETURNED, offset=342337149167 ns
        ON_TOKENS_CALLED, generate 1 tokens, offset=343556949772 ns
        ON_TOKENS_RETURNED, offset=343556951288 ns
        ON_TOKENS_CALLED, generate 1 tokens, offset=344780530645 ns
        ON_TOKENS_RETURNED, offset=344780533214 ns
        ON_TOKENS_CALLED, generate 1 tokens, offset=346008758341 ns
        ON_TOKENS_RETURNED, offset=346008759626 ns
        ON_TOKENS_CALLED, generate 1 tokens, offset=347264369191 ns
        ON_TOKENS_RETURNED, offset=347264371402 ns
        ON_TOKENS_CALLED, generate 1 tokens, offset=348526995986 ns
        ON_TOKENS_RETURNED, offset=348526998001 ns
        ON_TOKENS_CALLED, generate 1 tokens, offset=349695947832 ns
        ON_TOKENS_RETURNED, offset=349695948628 ns
        ON_TOKENS_CALLED, generate 1 tokens, offset=350883641990 ns
        ON_TOKENS_RETURNED, offset=350883643468 ns
        ON_TOKENS_CALLED, generate 1 tokens, offset=352084945754 ns
        ON_TOKENS_RETURNED, offset=352084994159 ns
        ON_TOKENS_CALLED, generate 1 tokens, offset=353279053170 ns
        ON_TOKENS_RETURNED, offset=353279057694 ns
[16:57:51.645809278|thread 2982446|cpu 248] [info ] [Request 7] Generating 61 response tokens with 8193 context took 71.095420 s at 0.858 average tok/s, or 1165.499 ms/tok
[16:57:51.645830553|thread 2982446|cpu 248] [info ] [Request 7] Request with 8192 tokens in and 64 out (sequence limit) saw 291.999474 s TTFT and 364.085001 s TTLT
[16:57:53.221788143|thread 2985353|cpu 248] [debug] #EVT# HandleDetails::is_anomalous() handle_id=52 time in state STATE_OPENED exceeded threshold: 282724904844 ns
[16:57:53.221809871|thread 2985353|cpu 248] [debug] #EVT#   Handle,    52, Created, 758718978338300, Last, 759074391345913, Prompted,  8191, Generated,    64, Input TPS, 28.98, Output TPS:  0.77, Callbacks,    64, prompt parsing complete, open
[16:57:53.221832212|thread 2985353|cpu 248] [info ] #EVT#   Handle 52 history:
        SESSION_OPEN, prompt 8192 tokens, offset=0 ns
        PROMPT_TOKENS_REUSE, offset=282724904016 ns
        ON_START_CALLED, offset=282724904844 ns
        ON_START_RETURNED, offset=282724929953 ns
        ON_TOKENS_CALLED, generate 1 tokens, offset=282724934975 ns
        ON_TOKENS_RETURNED, offset=282724936934 ns
        ON_TOKENS_CALLED, generate 1 tokens, offset=283695332755 ns
        ON_TOKENS_RETURNED, offset=283695334528 ns
        ON_TOKENS_CALLED, generate 1 tokens, offset=284676496388 ns
        ON_TOKENS_RETURNED, offset=284676497605 ns
        ON_TOKENS_CALLED, generate 1 tokens, offset=285682837692 ns
        ON_TOKENS_RETURNED, offset=285682838871 ns
        ON_TOKENS_CALLED, generate 1 tokens, offset=286693076183 ns
        ON_TOKENS_RETURNED, offset=286693077654 ns
        ON_TOKENS_CALLED, generate 1 tokens, offset=287723657446 ns
        ON_TOKENS_RETURNED, offset=287723658104 ns
        ON_TOKENS_CALLED, generate 1 tokens, offset=288764390245 ns
        ON_TOKENS_RETURNED, offset=288764391269 ns
        ON_TOKENS_CALLED, generate 1 tokens, offset=289826559864 ns
        ON_TOKENS_RETURNED, offset=289826561220 ns
        ON_TOKENS_CALLED, generate 1 tokens, offset=290902409873 ns
        ON_TOKENS_RETURNED, offset=290902412866 ns
        ON_TOKENS_CALLED, generate 1 tokens, offset=291995788864 ns
        ON_TOKENS_RETURNED, offset=291995790127 ns
        ON_TOKENS_CALLED, generate 1 tokens, offset=292985890126 ns
        ON_TOKENS_RETURNED, offset=292985891551 ns
        ON_TOKENS_CALLED, generate 1 tokens, offset=294001041879 ns
        ON_TOKENS_RETURNED, offset=294001042650 ns
        ON_TOKENS_CALLED, generate 1 tokens, offset=295028986747 ns
        ON_TOKENS_RETURNED, offset=295028987478 ns
        ON_TOKENS_CALLED, generate 1 tokens, offset=296073593969 ns
        ON_TOKENS_RETURNED, offset=296073594706 ns
        ON_TOKENS_CALLED, generate 1 tokens, offset=297129047397 ns
        ON_TOKENS_RETURNED, offset=297129049657 ns
        ON_TOKENS_CALLED, generate 1 tokens, offset=298206586662 ns
        ON_TOKENS_RETURNED, offset=298206589191 ns
        ON_TOKENS_CALLED, generate 1 tokens, offset=299294394735 ns
        ON_TOKENS_RETURNED, offset=299294397949 ns
        ON_TOKENS_CALLED, generate 1 tokens, offset=300385607799 ns
        ON_TOKENS_RETURNED, offset=300385609933 ns
        ON_TOKENS_CALLED, generate 1 tokens, offset=301483985434 ns
        ON_TOKENS_RETURNED, offset=301483988153 ns
        ON_TOKENS_CALLED, generate 1 tokens, offset=302617562285 ns
        ON_TOKENS_RETURNED, offset=302617563126 ns
        ON_TOKENS_CALLED, generate 1 tokens, offset=303763371417 ns
        ON_TOKENS_RETURNED, offset=303763372211 ns
        ON_TOKENS_CALLED, generate 1 tokens, offset=304934230032 ns
        ON_TOKENS_RETURNED, offset=304934230860 ns
        ON_TOKENS_CALLED, generate 1 tokens, offset=305980496465 ns
        ON_TOKENS_RETURNED, offset=305980497476 ns
        ON_TOKENS_CALLED, generate 1 tokens, offset=307059893488 ns
        ON_TOKENS_RETURNED, offset=307059894805 ns
        ON_TOKENS_CALLED, generate 1 tokens, offset=308153869657 ns
        ON_TOKENS_RETURNED, offset=308153871689 ns
        ON_TOKENS_CALLED, generate 1 tokens, offset=309264035059 ns
        ON_TOKENS_RETURNED, offset=309264036108 ns
        ON_TOKENS_CALLED, generate 1 tokens, offset=310388153746 ns
        ON_TOKENS_RETURNED, offset=310388154661 ns
        ON_TOKENS_CALLED, generate 1 tokens, offset=311536328587 ns
        ON_TOKENS_RETURNED, offset=311536330615 ns
        ON_TOKENS_CALLED, generate 1 tokens, offset=312698135268 ns
        ON_TOKENS_RETURNED, offset=312698136238 ns
        ON_TOKENS_CALLED, generate 1 tokens, offset=313888790992 ns
        ON_TOKENS_RETURNED, offset=313888792329 ns
        ON_TOKENS_CALLED, generate 1 tokens, offset=315080997029 ns
        ON_TOKENS_RETURNED, offset=315080999179 ns
        ON_TOKENS_CALLED, generate 1 tokens, offset=316303226553 ns
        ON_TOKENS_RETURNED, offset=316303227448 ns
        ON_TOKENS_CALLED, generate 1 tokens, offset=317539807891 ns
        ON_TOKENS_RETURNED, offset=317539810922 ns
        ON_TOKENS_CALLED, generate 1 tokens, offset=318793811410 ns
        ON_TOKENS_RETURNED, offset=318793812513 ns
        ON_TOKENS_CALLED, generate 1 tokens, offset=319905134367 ns
        ON_TOKENS_RETURNED, offset=319905137560 ns
        ON_TOKENS_CALLED, generate 1 tokens, offset=321056186056 ns
        ON_TOKENS_RETURNED, offset=321056187436 ns
        ON_TOKENS_CALLED, generate 1 tokens, offset=322221831194 ns
        ON_TOKENS_RETURNED, offset=322221832617 ns
        ON_TOKENS_CALLED, generate 1 tokens, offset=323412815376 ns
        ON_TOKENS_RETURNED, offset=323412816245 ns
        ON_TOKENS_CALLED, generate 1 tokens, offset=324616843107 ns
        ON_TOKENS_RETURNED, offset=324616844260 ns
        ON_TOKENS_CALLED, generate 1 tokens, offset=325846128454 ns
        ON_TOKENS_RETURNED, offset=325846130632 ns
        ON_TOKENS_CALLED, generate 1 tokens, offset=327084629357 ns
        ON_TOKENS_RETURNED, offset=327084631815 ns
        ON_TOKENS_CALLED, generate 1 tokens, offset=328353337240 ns
        ON_TOKENS_RETURNED, offset=328353339204 ns
        ON_TOKENS_CALLED, generate 1 tokens, offset=329625425636 ns
        ON_TOKENS_RETURNED, offset=329625426650 ns
        ON_TOKENS_CALLED, generate 1 tokens, offset=330934562201 ns
        ON_TOKENS_RETURNED, offset=330934563370 ns
        ON_TOKENS_CALLED, generate 1 tokens, offset=332250199815 ns
        ON_TOKENS_RETURNED, offset=332250201427 ns
        ON_TOKENS_CALLED, generate 1 tokens, offset=333473821222 ns
        ON_TOKENS_RETURNED, offset=333473823611 ns
        ON_TOKENS_CALLED, generate 1 tokens, offset=334687584676 ns
        ON_TOKENS_RETURNED, offset=334687586660 ns
        ON_TOKENS_CALLED, generate 1 tokens, offset=335910981430 ns
        ON_TOKENS_RETURNED, offset=335910983662 ns
        ON_TOKENS_CALLED, generate 1 tokens, offset=337158378302 ns
        ON_TOKENS_RETURNED, offset=337158379273 ns
        ON_TOKENS_CALLED, generate 1 tokens, offset=338425718959 ns
        ON_TOKENS_RETURNED, offset=338425720327 ns
        ON_TOKENS_CALLED, generate 1 tokens, offset=339713412736 ns
        ON_TOKENS_RETURNED, offset=339713413750 ns
        ON_TOKENS_CALLED, generate 1 tokens, offset=341006821459 ns
        ON_TOKENS_RETURNED, offset=341006822368 ns
        ON_TOKENS_CALLED, generate 1 tokens, offset=342337120307 ns
        ON_TOKENS_RETURNED, offset=342337121784 ns
        ON_TOKENS_CALLED, generate 1 tokens, offset=343556917145 ns
        ON_TOKENS_RETURNED, offset=343556918540 ns
        ON_TOKENS_CALLED, generate 1 tokens, offset=344780496536 ns
        ON_TOKENS_RETURNED, offset=344780497461 ns
        ON_TOKENS_CALLED, generate 1 tokens, offset=346008724967 ns
        ON_TOKENS_RETURNED, offset=346008726184 ns
        ON_TOKENS_CALLED, generate 1 tokens, offset=347264336589 ns
        ON_TOKENS_RETURNED, offset=347264337811 ns
        ON_TOKENS_CALLED, generate 1 tokens, offset=348526963267 ns
        ON_TOKENS_RETURNED, offset=348526964087 ns
        ON_TOKENS_CALLED, generate 1 tokens, offset=349695912663 ns
        ON_TOKENS_RETURNED, offset=349695915572 ns
        ON_TOKENS_CALLED, generate 1 tokens, offset=350883608879 ns
        ON_TOKENS_RETURNED, offset=350883610410 ns
        ON_TOKENS_CALLED, generate 1 tokens, offset=352084912740 ns
        ON_TOKENS_RETURNED, offset=352084915095 ns
        ON_TOKENS_CALLED, generate 1 tokens, offset=353279020032 ns
        ON_TOKENS_RETURNED, offset=353279021245 ns
        ON_TOKENS_CALLED, generate 1 tokens, offset=354338863422 ns
        ON_TOKENS_RETURNED, offset=354338883756 ns
        ON_TOKENS_CALLED, generate 1 tokens, offset=355413002022 ns
        ON_TOKENS_RETURNED, offset=355413007613 ns
[16:57:54.906328374|thread 2985351|cpu 248] [info ] KV cache footprint: 58.25 GB in 266 books
[16:57:58.307654840|thread 2982457|cpu 248] [info ] [Request 50] Parsing the prompt took 370.743192189 s at 22.096157589925014 tokens/s
[16:58:03.081407263|thread 2985353|cpu 248] [debug] #EVT# HandleDetails::is_anomalous() handle_id=7 time in state STATE_OPENED exceeded threshold: 291999466129 ns
[16:58:03.081464571|thread 2985353|cpu 248] [debug] #EVT#   Handle,     7, Created, 758718974658594, Last, 759084151318874, Prompted,  8192, Generated,    64, Input TPS, 28.05, Output TPS:  0.77, Callbacks,    64, prompt parsing complete, open
[16:58:03.081497731|thread 2985353|cpu 248] [info ] #EVT#   Handle 7 history:
        SESSION_OPEN, prompt 8192 tokens, offset=0 ns
        PROMPT_TOKENS_REUSE, offset=291999464603 ns
        ON_START_CALLED, offset=291999466129 ns
        ON_START_RETURNED, offset=291999503023 ns
        ON_TOKENS_CALLED, generate 1 tokens, offset=291999507943 ns
        ON_TOKENS_RETURNED, offset=291999509935 ns
        ON_TOKENS_CALLED, generate 1 tokens, offset=292989572657 ns
        ON_TOKENS_RETURNED, offset=292989575463 ns
        ON_TOKENS_CALLED, generate 1 tokens, offset=294004725782 ns
        ON_TOKENS_RETURNED, offset=294004729074 ns
        ON_TOKENS_CALLED, generate 1 tokens, offset=295032668494 ns
        ON_TOKENS_RETURNED, offset=295032669396 ns
        ON_TOKENS_CALLED, generate 1 tokens, offset=296077276999 ns
        ON_TOKENS_RETURNED, offset=296077279828 ns
        ON_TOKENS_CALLED, generate 1 tokens, offset=297132739564 ns
        ON_TOKENS_RETURNED, offset=297132741761 ns
        ON_TOKENS_CALLED, generate 1 tokens, offset=298210269870 ns
        ON_TOKENS_RETURNED, offset=298210272417 ns
        ON_TOKENS_CALLED, generate 1 tokens, offset=299298076879 ns
        ON_TOKENS_RETURNED, offset=299298078252 ns
        ON_TOKENS_CALLED, generate 1 tokens, offset=300389288374 ns
        ON_TOKENS_RETURNED, offset=300389291052 ns
        ON_TOKENS_CALLED, generate 1 tokens, offset=301487666956 ns
        ON_TOKENS_RETURNED, offset=301487668738 ns
        ON_TOKENS_CALLED, generate 1 tokens, offset=302621249673 ns
        ON_TOKENS_RETURNED, offset=302621250419 ns
        ON_TOKENS_CALLED, generate 1 tokens, offset=303767046411 ns
        ON_TOKENS_RETURNED, offset=303767047504 ns
        ON_TOKENS_CALLED, generate 1 tokens, offset=304937911486 ns
        ON_TOKENS_RETURNED, offset=304937912536 ns
        ON_TOKENS_CALLED, generate 1 tokens, offset=305984173760 ns
        ON_TOKENS_RETURNED, offset=305984175049 ns
        ON_TOKENS_CALLED, generate 1 tokens, offset=307063579258 ns
        ON_TOKENS_RETURNED, offset=307063580041 ns
        ON_TOKENS_CALLED, generate 1 tokens, offset=308157551688 ns
        ON_TOKENS_RETURNED, offset=308157553715 ns
        ON_TOKENS_CALLED, generate 1 tokens, offset=309267716092 ns
        ON_TOKENS_RETURNED, offset=309267718156 ns
        ON_TOKENS_CALLED, generate 1 tokens, offset=310391836106 ns
        ON_TOKENS_RETURNED, offset=310391837384 ns
        ON_TOKENS_CALLED, generate 1 tokens, offset=311540002409 ns
        ON_TOKENS_RETURNED, offset=311540003358 ns
        ON_TOKENS_CALLED, generate 1 tokens, offset=312701815705 ns
        ON_TOKENS_RETURNED, offset=312701816850 ns
        ON_TOKENS_CALLED, generate 1 tokens, offset=313892468390 ns
        ON_TOKENS_RETURNED, offset=313892469394 ns
        ON_TOKENS_CALLED, generate 1 tokens, offset=315084678285 ns
        ON_TOKENS_RETURNED, offset=315084680435 ns
        ON_TOKENS_CALLED, generate 1 tokens, offset=316306910238 ns
        ON_TOKENS_RETURNED, offset=316306911510 ns
        ON_TOKENS_CALLED, generate 1 tokens, offset=317543497302 ns
        ON_TOKENS_RETURNED, offset=317543498179 ns
        ON_TOKENS_CALLED, generate 1 tokens, offset=318797488986 ns
        ON_TOKENS_RETURNED, offset=318797490134 ns
        ON_TOKENS_CALLED, generate 1 tokens, offset=319908819033 ns
        ON_TOKENS_RETURNED, offset=319908820740 ns
        ON_TOKENS_CALLED, generate 1 tokens, offset=321059867611 ns
        ON_TOKENS_RETURNED, offset=321059868666 ns
        ON_TOKENS_CALLED, generate 1 tokens, offset=322225515604 ns
        ON_TOKENS_RETURNED, offset=322225516588 ns
        ON_TOKENS_CALLED, generate 1 tokens, offset=323416497275 ns
        ON_TOKENS_RETURNED, offset=323416498355 ns
        ON_TOKENS_CALLED, generate 1 tokens, offset=324620524220 ns
        ON_TOKENS_RETURNED, offset=324620525640 ns
        ON_TOKENS_CALLED, generate 1 tokens, offset=325849810255 ns
        ON_TOKENS_RETURNED, offset=325849811526 ns
        ON_TOKENS_CALLED, generate 1 tokens, offset=327088303979 ns
        ON_TOKENS_RETURNED, offset=327088305022 ns
        ON_TOKENS_CALLED, generate 1 tokens, offset=328357017978 ns
        ON_TOKENS_RETURNED, offset=328357021313 ns
        ON_TOKENS_CALLED, generate 1 tokens, offset=329629098061 ns
        ON_TOKENS_RETURNED, offset=329629100055 ns
        ON_TOKENS_CALLED, generate 1 tokens, offset=330938245511 ns
        ON_TOKENS_RETURNED, offset=330938246500 ns
        ON_TOKENS_CALLED, generate 1 tokens, offset=332253879498 ns
        ON_TOKENS_RETURNED, offset=332253880845 ns
        ON_TOKENS_CALLED, generate 1 tokens, offset=333477501383 ns
        ON_TOKENS_RETURNED, offset=333477502966 ns
        ON_TOKENS_CALLED, generate 1 tokens, offset=334691270084 ns
        ON_TOKENS_RETURNED, offset=334691271706 ns
        ON_TOKENS_CALLED, generate 1 tokens, offset=335914670815 ns
        ON_TOKENS_RETURNED, offset=335914672766 ns
        ON_TOKENS_CALLED, generate 1 tokens, offset=337162063423 ns
        ON_TOKENS_RETURNED, offset=337162066202 ns
        ON_TOKENS_CALLED, generate 1 tokens, offset=338429399975 ns
        ON_TOKENS_RETURNED, offset=338429401254 ns
        ON_TOKENS_CALLED, generate 1 tokens, offset=339717091930 ns
        ON_TOKENS_RETURNED, offset=339717093707 ns
        ON_TOKENS_CALLED, generate 1 tokens, offset=341010505649 ns
        ON_TOKENS_RETURNED, offset=341010507287 ns
        ON_TOKENS_CALLED, generate 1 tokens, offset=342340808425 ns
        ON_TOKENS_RETURNED, offset=342340809390 ns
        ON_TOKENS_CALLED, generate 1 tokens, offset=343560598809 ns
        ON_TOKENS_RETURNED, offset=343560600417 ns
        ON_TOKENS_CALLED, generate 1 tokens, offset=344784174896 ns
        ON_TOKENS_RETURNED, offset=344784176701 ns
        ON_TOKENS_CALLED, generate 1 tokens, offset=346012405107 ns
        ON_TOKENS_RETURNED, offset=346012406124 ns
        ON_TOKENS_CALLED, generate 1 tokens, offset=347268026674 ns
        ON_TOKENS_RETURNED, offset=347268027994 ns
        ON_TOKENS_CALLED, generate 1 tokens, offset=348530643281 ns
        ON_TOKENS_RETURNED, offset=348530644335 ns
        ON_TOKENS_CALLED, generate 1 tokens, offset=349699595336 ns
        ON_TOKENS_RETURNED, offset=349699596546 ns
        ON_TOKENS_CALLED, generate 1 tokens, offset=350887289389 ns
        ON_TOKENS_RETURNED, offset=350887290706 ns
        ON_TOKENS_CALLED, generate 1 tokens, offset=352088593730 ns
        ON_TOKENS_RETURNED, offset=352088595201 ns
        ON_TOKENS_CALLED, generate 1 tokens, offset=353282701208 ns
        ON_TOKENS_RETURNED, offset=353282702761 ns
        ON_TOKENS_CALLED, generate 1 tokens, offset=354342545194 ns
        ON_TOKENS_RETURNED, offset=354342546703 ns
        ON_TOKENS_CALLED, generate 1 tokens, offset=355416683892 ns
        ON_TOKENS_RETURNED, offset=355416686306 ns
        ON_TOKENS_CALLED, generate 1 tokens, offset=356484161993 ns
        ON_TOKENS_RETURNED, offset=356484163626 ns
        ON_TOKENS_CALLED, generate 1 tokens, offset=357567760776 ns
        ON_TOKENS_RETURNED, offset=357567763571 ns
        ON_TOKENS_CALLED, generate 1 tokens, offset=358663932616 ns
        ON_TOKENS_RETURNED, offset=358663933740 ns
        ON_TOKENS_CALLED, generate 1 tokens, offset=359780055383 ns
        ON_TOKENS_RETURNED, offset=359780056789 ns
        ON_TOKENS_CALLED, generate 1 tokens, offset=360910883400 ns
        ON_TOKENS_RETURNED, offset=360910884951 ns
        ON_TOKENS_CALLED, generate 1 tokens, offset=361955991353 ns
        ON_TOKENS_RETURNED, offset=361955993616 ns
        ON_TOKENS_CALLED, generate 1 tokens, offset=363016730657 ns
        ON_TOKENS_RETURNED, offset=363016733547 ns
        ON_TOKENS_CALLED, generate 1 tokens, offset=364084991016 ns
        ON_TOKENS_RETURNED, offset=364085022509 ns
        ON_TOKENS_CALLED, generate 1 tokens, offset=365176647951 ns
        ON_TOKENS_RETURNED, offset=365176660280 ns
[16:58:03.659998157|thread 2985351|cpu 248] [info ] KV cache footprint: 59.34 GB in 271 books
[16:58:04.790030744|thread 2982446|cpu 248] [info ] [Request 13] Generating 61 response tokens with 8193 context took 71.245036 s at 0.856 average tok/s, or 1167.951 ms/tok
[16:58:04.790058769|thread 2982446|cpu 248] [info ] [Request 13] Request with 8192 tokens in and 64 out (sequence limit) saw 304.937853 s TTFT and 377.229155 s TTLT
[16:58:09.433634074|thread 2982457|cpu 248] [info ] [Request 59] Parsing the prompt took 381.869068597 s at 21.45237903163429 tokens/s
[16:58:13.832821872|thread 2985351|cpu 248] [info ] KV cache footprint: 60.44 GB in 276 books
[16:58:18.535408722|thread 2982446|cpu 248] [info ] [Request 17] Generating 61 response tokens with 8193 context took 71.065762 s at 0.858 average tok/s, or 1165.012 ms/tok
[16:58:18.535437568|thread 2982446|cpu 248] [info ] [Request 17] Request with 8192 tokens in and 64 out (sequence limit) saw 318.797375 s TTFT and 390.974482 s TTLT
[16:58:20.987270826|thread 2982457|cpu 248] [info ] [Request 62] Parsing the prompt took 393.422670926 s at 20.82238926576973 tokens/s
[16:58:22.104325647|thread 2985351|cpu 248] [info ] KV cache footprint: 61.54 GB in 281 books
[16:58:31.743262145|thread 2982446|cpu 248] [info ] [Request 20] Generating 61 response tokens with 8193 context took 70.704940 s at 0.863 average tok/s, or 1159.097 ms/tok
[16:58:31.743295386|thread 2982446|cpu 248] [info ] [Request 20] Request with 8192 tokens in and 64 out (sequence limit) saw 332.253733 s TTFT and 404.182300 s TTLT
[16:58:31.743458875|thread 2985351|cpu 248] [info ] KV cache footprint: 62.64 GB in 286 books
[16:58:33.035909856|thread 2982458|cpu 248] [info ] [Request 8] Parsing the prompt took 405.47509045 s at 20.20346056500892 tokens/s
[16:58:41.484196871|thread 2982458|cpu 248] [info ] [Request 54] Parsing the prompt took 413.919688709 s at 19.791278896518648 tokens/s
[16:58:41.484202870|thread 2982446|cpu 248] [info ] [Request 28] Generating 61 response tokens with 8193 context took 70.362784 s at 0.867 average tok/s, or 1153.488 ms/tok
[16:58:41.484237813|thread 2982446|cpu 248] [info ] [Request 28] Request with 8192 tokens in and 64 out (sequence limit) saw 342.340561 s TTFT and 413.923154 s TTLT
[16:58:42.665987225|thread 2985351|cpu 248] [info ] KV cache footprint: 63.77 GB in 292 books
[16:58:47.439449591|thread 2982446|cpu 248] [info ] [Request 34] Generating 61 response tokens with 8193 context took 70.179036 s at 0.869 average tok/s, or 1150.476 ms/tok
[16:58:47.439472183|thread 2982446|cpu 248] [info ] [Request 34] Request with 8192 tokens in and 64 out (sequence limit) saw 348.530329 s TTFT and 419.878316 s TTLT
[16:58:48.679321611|thread 2982458|cpu 248] [info ] [Request 9] Parsing the prompt took 421.118493223 s at 19.452957141119878 tokens/s
[16:58:50.947211987|thread 2985351|cpu 248] [info ] KV cache footprint: 64.94 GB in 298 books
[16:58:52.097732442|thread 2982446|cpu 248] [info ] [Request 35] Generating 61 response tokens with 8193 context took 70.194367 s at 0.869 average tok/s, or 1150.727 ms/tok
[16:58:52.097757126|thread 2982446|cpu 248] [info ] [Request 35] Request with 8192 tokens in and 64 out (sequence limit) saw 353.282379 s TTFT and 424.536586 s TTLT
[16:58:55.621311703|thread 2982457|cpu 248] [info ] [Request 10] Parsing the prompt took 428.060470819 s at 19.137483039081843 tokens/s
[16:59:00.030672729|thread 2982446|cpu 248] [info ] [Request 45] Generating 61 response tokens with 8193 context took 70.513856 s at 0.865 average tok/s, or 1155.965 ms/tok
[16:59:00.030701804|thread 2982446|cpu 248] [info ] [Request 45] Request with 8192 tokens in and 64 out (sequence limit) saw 360.907278 s TTFT and 432.466266 s TTLT
[16:59:00.030849214|thread 2985351|cpu 248] [info ] KV cache footprint: 65.96 GB in 303 books
[16:59:04.651187541|thread 2982457|cpu 248] [info ] [Request 11] Parsing the prompt took 437.090336025 s at 18.742121078447838 tokens/s
[16:59:09.029610187|thread 2985351|cpu 248] [info ] KV cache footprint: 67.06 GB in 308 books
[16:59:10.163303841|thread 2982446|cpu 248] [info ] [Request 50] Generating 61 response tokens with 8193 context took 70.820736 s at 0.861 average tok/s, or 1160.996 ms/tok
[16:59:10.163323868|thread 2982446|cpu 248] [info ] [Request 50] Request with 8192 tokens in and 64 out (sequence limit) saw 370.743192 s TTFT and 442.598840 s TTLT
[16:59:14.848879280|thread 2982457|cpu 248] [info ] [Request 16] Parsing the prompt took 447.287965734 s at 18.314823173382095 tokens/s
[16:59:19.296632271|thread 2985351|cpu 248] [info ] KV cache footprint: 68.16 GB in 313 books
[16:59:21.626885715|thread 2982446|cpu 248] [info ] [Request 59] Generating 61 response tokens with 8193 context took 71.130728 s at 0.858 average tok/s, or 1166.078 ms/tok
[16:59:21.626912275|thread 2982446|cpu 248] [info ] [Request 59] Request with 8192 tokens in and 64 out (sequence limit) saw 381.869069 s TTFT and 454.062314 s TTLT
[16:59:25.238563556|thread 2982457|cpu 248] [info ] [Request 18] Parsing the prompt took 457.67762745 s at 17.899061498029972 tokens/s
[16:59:27.464100170|thread 2985351|cpu 248] [info ] KV cache footprint: 69.26 GB in 318 books
[16:59:33.341462150|thread 2982446|cpu 248] [info ] [Request 62] Generating 61 response tokens with 8193 context took 71.237366 s at 0.856 average tok/s, or 1167.826 ms/tok
[16:59:33.341492408|thread 2982446|cpu 248] [info ] [Request 62] Request with 8192 tokens in and 64 out (sequence limit) saw 393.422671 s TTFT and 465.776860 s TTLT
[16:59:37.056764062|thread 2982457|cpu 248] [info ] [Request 22] Parsing the prompt took 469.495781881 s at 17.448506070021246 tokens/s
[16:59:37.056974106|thread 2985351|cpu 248] [info ] KV cache footprint: 70.36 GB in 323 books
[16:59:45.451637059|thread 2982446|cpu 248] [info ] [Request 8] Generating 61 response tokens with 8193 context took 71.288532 s at 0.856 average tok/s, or 1168.664 ms/tok
[16:59:45.451673515|thread 2982446|cpu 248] [info ] [Request 8] Request with 8192 tokens in and 64 out (sequence limit) saw 405.475090 s TTFT and 477.890817 s TTLT
[16:59:46.720732415|thread 2982458|cpu 248] [info ] [Request 25] Parsing the prompt took 479.159719061 s at 17.0965957156284 tokens/s
[16:59:47.843431145|thread 2985351|cpu 248] [info ] KV cache footprint: 71.46 GB in 328 books
[16:59:53.850214629|thread 2982446|cpu 248] [info ] [Request 54] Generating 61 response tokens with 8193 context took 71.184432 s at 0.857 average tok/s, or 1166.958 ms/tok
[16:59:53.850241532|thread 2982446|cpu 248] [info ] [Request 54] Request with 8192 tokens in and 64 out (sequence limit) saw 413.919689 s TTFT and 486.285705 s TTLT
[16:59:55.099848003|thread 2985351|cpu 248] [info ] KV cache footprint: 72.55 GB in 333 books
[16:59:56.364889809|thread 2982457|cpu 248] [info ] [Request 27] Parsing the prompt took 488.803852317 s at 16.75927871920148 tokens/s
[17:00:01.007027965|thread 2982446|cpu 248] [info ] [Request 9] Generating 61 response tokens with 8193 context took 71.207151 s at 0.857 average tok/s, or 1167.330 ms/tok
[17:00:01.007055117|thread 2982446|cpu 248] [info ] [Request 9] Request with 8192 tokens in and 64 out (sequence limit) saw 421.118493 s TTFT and 493.446198 s TTLT
[17:00:03.420654110|thread 2982457|cpu 248] [info ] [Request 60] Parsing the prompt took 495.856077585 s at 16.52092284498766 tokens/s
[17:00:05.614065942|thread 2985351|cpu 248] [info ] KV cache footprint: 73.65 GB in 338 books
[17:00:07.888215175|thread 2982446|cpu 248] [info ] [Request 10] Generating 61 response tokens with 8193 context took 71.204141 s at 0.857 average tok/s, or 1167.281 ms/tok
[17:00:07.888233611|thread 2982446|cpu 248] [info ] [Request 10] Request with 8192 tokens in and 64 out (sequence limit) saw 428.060471 s TTFT and 500.327373 s TTLT
[17:00:11.371246811|thread 2982457|cpu 248] [info ] [Request 31] Parsing the prompt took 503.810166629 s at 16.260092675010455 tokens/s
[17:00:15.756952480|thread 2985351|cpu 248] [info ] KV cache footprint: 74.75 GB in 343 books
[17:00:16.886493974|thread 2982446|cpu 248] [info ] [Request 11] Generating 61 response tokens with 8193 context took 71.179402 s at 0.857 average tok/s, or 1166.875 ms/tok
[17:00:16.886515973|thread 2982446|cpu 248] [info ] [Request 11] Request with 8192 tokens in and 64 out (sequence limit) saw 437.090336 s TTFT and 509.325641 s TTLT
[17:00:20.400546354|thread 2982457|cpu 248] [info ] [Request 37] Parsing the prompt took 512.836249722 s at 15.973909809302182 tokens/s
[17:00:23.619563721|thread 2985351|cpu 248] [info ] KV cache footprint: 75.85 GB in 348 books
[17:00:27.020297806|thread 2982446|cpu 248] [info ] [Request 16] Generating 61 response tokens with 8193 context took 71.080899 s at 0.858 average tok/s, or 1165.261 ms/tok
[17:00:27.020325491|thread 2982446|cpu 248] [info ] [Request 16] Request with 8192 tokens in and 64 out (sequence limit) saw 447.287966 s TTFT and 519.459384 s TTLT
[17:00:30.534662152|thread 2982457|cpu 248] [info ] [Request 40] Parsing the prompt took 522.970322011 s at 15.664368808728867 tokens/s
[17:00:32.729345222|thread 2985351|cpu 248] [info ] KV cache footprint: 76.95 GB in 353 books
[17:00:37.310543794|thread 2982446|cpu 248] [info ] [Request 18] Generating 61 response tokens with 8193 context took 70.974963 s at 0.859 average tok/s, or 1163.524 ms/tok
[17:00:37.310568991|thread 2982446|cpu 248] [info ] [Request 18] Request with 8192 tokens in and 64 out (sequence limit) saw 457.677627 s TTFT and 529.749607 s TTLT
[17:00:40.864028600|thread 2982457|cpu 248] [info ] [Request 51] Parsing the prompt took 533.299553557 s at 15.360972919180261 tokens/s
[17:00:43.106296225|thread 2985351|cpu 248] [info ] KV cache footprint: 78.05 GB in 358 books
[17:00:48.888060806|thread 2982446|cpu 248] [info ] [Request 22] Generating 61 response tokens with 8193 context took 70.703133 s at 0.863 average tok/s, or 1159.068 ms/tok
[17:00:48.888099173|thread 2982446|cpu 248] [info ] [Request 22] Request with 8192 tokens in and 64 out (sequence limit) saw 469.495782 s TTFT and 541.327076 s TTLT
[17:00:51.355129341|thread 2982457|cpu 248] [info ] [Request 12] Parsing the prompt took 543.794266372 s at 15.06452073254483 tokens/s
[17:00:51.355361486|thread 2985351|cpu 248] [info ] KV cache footprint: 79.15 GB in 363 books
[17:00:58.176656360|thread 2982446|cpu 248] [info ] [Request 25] Generating 61 response tokens with 8193 context took 70.333459 s at 0.867 average tok/s, or 1153.008 ms/tok
[17:00:58.176688525|thread 2982446|cpu 248] [info ] [Request 25] Request with 8192 tokens in and 64 out (sequence limit) saw 479.159719 s TTFT and 550.615641 s TTLT
[17:00:59.335746973|thread 2985351|cpu 248] [info ] KV cache footprint: 80.24 GB in 368 books
[17:01:01.758786923|thread 2982457|cpu 248] [info ] [Request 55] Parsing the prompt took 554.194266094 s at 14.781820204921624 tokens/s
[17:01:07.287836707|thread 2982446|cpu 248] [info ] [Request 27] Generating 61 response tokens with 8193 context took 69.799235 s at 0.874 average tok/s, or 1144.250 ms/tok
[17:01:07.287862560|thread 2982446|cpu 248] [info ] [Request 27] Request with 8192 tokens in and 64 out (sequence limit) saw 488.803852 s TTFT and 559.726798 s TTLT
[17:01:08.443539255|thread 2985351|cpu 248] [info ] KV cache footprint: 81.34 GB in 373 books
[17:01:09.602199272|thread 2982457|cpu 248] [info ] [Request 30] Parsing the prompt took 562.041129868 s at 14.575445754163862 tokens/s
[17:01:13.587520561|thread 2982446|cpu 248] [info ] [Request 60] Generating 61 response tokens with 8193 context took 69.086761 s at 0.883 average tok/s, or 1132.570 ms/tok
[17:01:13.587544278|thread 2982446|cpu 248] [info ] [Request 60] Request with 8192 tokens in and 64 out (sequence limit) saw 495.856078 s TTFT and 566.022943 s TTLT
[17:01:15.645092681|thread 2982457|cpu 248] [info ] [Request 39] Parsing the prompt took 568.080765529 s at 14.42048472169545 tokens/s
[17:01:18.194508206|thread 2985351|cpu 248] [info ] KV cache footprint: 82.44 GB in 378 books
[17:01:19.943135435|thread 2982446|cpu 248] [info ] [Request 31] Generating 61 response tokens with 8193 context took 67.503434 s at 0.904 average tok/s, or 1106.614 ms/tok
[17:01:19.943163566|thread 2982446|cpu 248] [info ] [Request 31] Request with 8192 tokens in and 64 out (sequence limit) saw 503.810167 s TTFT and 572.382054 s TTLT
[17:01:21.726387355|thread 2982457|cpu 248] [info ] [Request 43] Parsing the prompt took 574.162007196 s at 14.267750038019358 tokens/s
[17:01:26.133014106|thread 2982446|cpu 248] [info ] [Request 37] Generating 61 response tokens with 8193 context took 64.692912 s at 0.943 average tok/s, or 1060.540 ms/tok
[17:01:26.133037669|thread 2982446|cpu 248] [info ] [Request 37] Request with 8192 tokens in and 64 out (sequence limit) saw 512.836250 s TTFT and 578.568716 s TTLT
[17:01:28.415009028|thread 2982457|cpu 248] [info ] [Request 46] Parsing the prompt took 580.850592524 s at 14.103454667064865 tokens/s
[17:01:29.014272672|thread 2985351|cpu 248] [info ] KV cache footprint: 83.54 GB in 383 books
[17:01:32.067875142|thread 2982446|cpu 248] [info ] [Request 40] Generating 61 response tokens with 8193 context took 60.445876 s at 1.009 average tok/s, or 990.916 ms/tok
[17:01:32.067901599|thread 2982446|cpu 248] [info ] [Request 40] Request with 8192 tokens in and 64 out (sequence limit) saw 522.970322 s TTFT and 584.503534 s TTLT
[17:01:33.925380790|thread 2982457|cpu 248] [info ] [Request 53] Parsing the prompt took 586.360883445 s at 13.970918305242645 tokens/s
[17:01:36.595240631|thread 2982446|cpu 248] [info ] [Request 51] Generating 61 response tokens with 8193 context took 54.625455 s at 1.117 average tok/s, or 895.499 ms/tok
[17:01:36.595270030|thread 2982446|cpu 248] [info ] [Request 51] Request with 8192 tokens in and 64 out (sequence limit) saw 533.299554 s TTFT and 589.030765 s TTLT
[17:01:37.493407230|thread 2982457|cpu 248] [info ] [Request 63] Parsing the prompt took 589.928796297 s at 13.886421634986155 tokens/s
[17:01:39.393689529|thread 2982446|cpu 248] [info ] [Request 12] Generating 61 response tokens with 8193 context took 46.974747 s at 1.299 average tok/s, or 770.078 ms/tok
[17:01:39.393720900|thread 2982446|cpu 248] [info ] [Request 12] Request with 8192 tokens in and 64 out (sequence limit) saw 543.794266 s TTFT and 591.832826 s TTLT
[17:01:39.926953384|thread 2982457|cpu 248] [info ] [Request 61] Parsing the prompt took 592.362367144 s at 13.829372786621622 tokens/s
[17:01:40.334548133|thread 2982446|cpu 248] [info ] [Request 55] Generating 61 response tokens with 8193 context took 37.501060 s at 1.627 average tok/s, or 614.771 ms/tok
[17:01:40.334565646|thread 2982446|cpu 248] [info ] [Request 55] Request with 8192 tokens in and 64 out (sequence limit) saw 554.194266 s TTFT and 592.770027 s TTLT
[17:01:40.682516164|thread 2982446|cpu 248] [info ] [Request 30] Generating 61 response tokens with 8193 context took 30.103900 s at 2.026 average tok/s, or 493.507 ms/tok
[17:01:40.682534641|thread 2982446|cpu 248] [info ] [Request 30] Request with 8192 tokens in and 64 out (sequence limit) saw 562.041130 s TTFT and 593.121446 s TTLT
[17:01:40.939976230|thread 2982446|cpu 248] [info ] [Request 39] Generating 61 response tokens with 8193 context took 24.457245 s at 2.494 average tok/s, or 400.938 ms/tok
[17:01:40.939985950|thread 2982446|cpu 248] [info ] [Request 39] Request with 8192 tokens in and 64 out (sequence limit) saw 568.080766 s TTFT and 593.375648 s TTLT
[17:01:41.177481378|thread 2982446|cpu 248] [info ] [Request 43] Generating 61 response tokens with 8193 context took 18.732548 s at 3.256 average tok/s, or 307.091 ms/tok
[17:01:41.177490677|thread 2982446|cpu 248] [info ] [Request 43] Request with 8192 tokens in and 64 out (sequence limit) saw 574.162007 s TTFT and 593.613102 s TTLT
[17:01:41.412690486|thread 2982446|cpu 248] [info ] [Request 46] Generating 61 response tokens with 8193 context took 12.398541 s at 4.920 average tok/s, or 203.255 ms/tok
[17:01:41.412698402|thread 2982446|cpu 248] [info ] [Request 46] Request with 8192 tokens in and 64 out (sequence limit) saw 580.850593 s TTFT and 593.848274 s TTLT
[17:01:41.589288127|thread 2982446|cpu 248] [info ] [Request 53] Generating 61 response tokens with 8193 context took 7.224703 s at 8.443 average tok/s, or 118.438 ms/tok
[17:01:41.589296697|thread 2982446|cpu 248] [info ] [Request 53] Request with 8192 tokens in and 64 out (sequence limit) saw 586.360883 s TTFT and 594.024791 s TTLT
[17:01:41.699658327|thread 2982446|cpu 248] [info ] [Request 63] Generating 61 response tokens with 8193 context took 3.934629 s at 15.503 average tok/s, or 64.502 ms/tok
[17:01:41.699667718|thread 2982446|cpu 248] [info ] [Request 63] Request with 8192 tokens in and 64 out (sequence limit) saw 589.928796 s TTFT and 594.135048 s TTLT
[17:01:41.776956897|thread 2982446|cpu 248] [info ] [Request 61] Generating 61 response tokens with 8193 context took 1.789260 s at 34.092 average tok/s, or 29.332 ms/tok
[17:01:41.776964638|thread 2982446|cpu 248] [info ] [Request 61] Request with 8192 tokens in and 64 out (sequence limit) saw 592.362367 s TTFT and 594.212371 s TTLT
[17:01:41.786296195|thread 2973197|cpu 248] [info ] [Load] type=batch total=64, completed=64, failed=0, wall=594.23s, max in-flight=64, estimated response throughput 6.893 tok/s
[17:01:41.786319344|thread 2973197|cpu 248] [info ] [Iteration 1/1] Processed 528256 new and 64 reused tokens in 594.23 s.  Throughput 888.982 new and 889.090 all tok/s.
[17:01:41.823616928|thread 2973197|cpu 248] [info ] KV cache footprint: 82.44 GB in 378 books
[17:01:41.845952048|thread 2973197|cpu 248] [info ] KV cache footprint: 81.34 GB in 373 books
[17:01:41.868402744|thread 2973197|cpu 248] [info ] KV cache footprint: 80.24 GB in 368 books
[17:01:41.894087056|thread 2973197|cpu 248] [info ] KV cache footprint: 79.15 GB in 363 books
[17:01:41.916416368|thread 2973197|cpu 248] [info ] KV cache footprint: 78.05 GB in 358 books
[17:01:41.939041397|thread 2973197|cpu 248] [info ] KV cache footprint: 76.95 GB in 353 books
[17:01:41.961631261|thread 2973197|cpu 248] [info ] KV cache footprint: 75.85 GB in 348 books
[17:01:41.983557838|thread 2973197|cpu 248] [info ] KV cache footprint: 74.75 GB in 343 books
[17:01:42.005262058|thread 2973197|cpu 248] [info ] KV cache footprint: 73.65 GB in 338 books
[17:01:42.025917070|thread 2973197|cpu 248] [info ] KV cache footprint: 72.55 GB in 333 books
[17:01:42.050380195|thread 2973197|cpu 248] [info ] KV cache footprint: 71.46 GB in 328 books
[17:01:42.132404624|thread 2973197|cpu 248] [info ] KV cache footprint: 70.36 GB in 323 books
[17:01:42.154991091|thread 2973197|cpu 248] [info ] KV cache footprint: 69.26 GB in 318 books
[17:01:42.176001358|thread 2973197|cpu 248] [info ] KV cache footprint: 68.16 GB in 313 books
[17:01:42.199981048|thread 2973197|cpu 248] [info ] KV cache footprint: 67.06 GB in 308 books
[17:01:42.220240377|thread 2973197|cpu 248] [info ] KV cache footprint: 65.96 GB in 303 books
[17:01:42.240767154|thread 2973197|cpu 248] [info ] KV cache footprint: 64.86 GB in 298 books
[17:01:42.261236607|thread 2973197|cpu 248] [info ] KV cache footprint: 63.76 GB in 293 books
[17:01:42.282088665|thread 2973197|cpu 248] [info ] KV cache footprint: 62.67 GB in 288 books
[17:01:42.302779169|thread 2973197|cpu 248] [info ] KV cache footprint: 61.57 GB in 283 books
[17:01:42.326390891|thread 2973197|cpu 248] [info ] KV cache footprint: 60.47 GB in 278 books
[17:01:42.346583170|thread 2973197|cpu 248] [info ] KV cache footprint: 59.37 GB in 273 books
[17:01:42.366982490|thread 2973197|cpu 248] [info ] KV cache footprint: 58.27 GB in 268 books
[17:01:42.387810664|thread 2973197|cpu 248] [info ] KV cache footprint: 57.17 GB in 263 books
[17:01:42.408208354|thread 2973197|cpu 248] [info ] KV cache footprint: 56.07 GB in 258 books
[17:01:42.428394222|thread 2973197|cpu 248] [info ] KV cache footprint: 54.98 GB in 253 books
[17:01:42.449065855|thread 2973197|cpu 248] [info ] KV cache footprint: 53.88 GB in 248 books
[17:01:42.472358957|thread 2973197|cpu 248] [info ] KV cache footprint: 52.78 GB in 243 books
[17:01:42.492329886|thread 2973197|cpu 248] [info ] KV cache footprint: 51.68 GB in 238 books
[17:01:42.512449946|thread 2973197|cpu 248] [info ] KV cache footprint: 50.58 GB in 233 books
[17:01:42.532552141|thread 2973197|cpu 248] [info ] KV cache footprint: 49.48 GB in 228 books
[17:01:42.552415685|thread 2973197|cpu 248] [info ] KV cache footprint: 48.38 GB in 223 books
[17:01:42.635582377|thread 2973197|cpu 248] [info ] KV cache footprint: 47.29 GB in 218 books
[17:01:42.656426330|thread 2973197|cpu 248] [info ] KV cache footprint: 46.19 GB in 213 books
[17:01:42.676449251|thread 2973197|cpu 248] [info ] KV cache footprint: 45.09 GB in 208 books
[17:01:42.694374422|thread 2973197|cpu 248] [info ] KV cache footprint: 43.99 GB in 203 books
[17:01:42.713295660|thread 2973197|cpu 248] [info ] KV cache footprint: 42.89 GB in 198 books
[17:01:42.730856305|thread 2973197|cpu 248] [info ] KV cache footprint: 41.79 GB in 193 books
[17:01:42.746989045|thread 2973197|cpu 248] [info ] KV cache footprint: 40.69 GB in 188 books
[17:01:42.765581161|thread 2973197|cpu 248] [info ] KV cache footprint: 39.59 GB in 183 books
[17:01:42.784380095|thread 2973197|cpu 248] [info ] KV cache footprint: 38.50 GB in 178 books
[17:01:42.800327592|thread 2973197|cpu 248] [info ] KV cache footprint: 37.40 GB in 173 books
[17:01:42.815589285|thread 2973197|cpu 248] [info ] KV cache footprint: 36.30 GB in 168 books
[17:01:42.830861513|thread 2973197|cpu 248] [info ] KV cache footprint: 35.20 GB in 163 books
[17:01:42.846275248|thread 2973197|cpu 248] [info ] KV cache footprint: 34.10 GB in 158 books
[17:01:42.923295522|thread 2973197|cpu 248] [info ] KV cache footprint: 33.00 GB in 153 books
[17:01:42.942581735|thread 2973197|cpu 248] [info ] KV cache footprint: 31.90 GB in 148 books
[17:01:42.959780493|thread 2973197|cpu 248] [info ] KV cache footprint: 30.81 GB in 143 books
[17:01:42.977604024|thread 2973197|cpu 248] [info ] KV cache footprint: 29.71 GB in 138 books
[17:01:42.993697181|thread 2973197|cpu 248] [info ] KV cache footprint: 28.61 GB in 133 books
[17:01:43.013305834|thread 2973197|cpu 248] [info ] KV cache footprint: 27.51 GB in 128 books
[17:01:43.031734626|thread 2973197|cpu 248] [info ] KV cache footprint: 26.41 GB in 123 books
[17:01:43.046897235|thread 2973197|cpu 248] [info ] KV cache footprint: 25.31 GB in 118 books
[17:01:43.064054124|thread 2973197|cpu 248] [info ] KV cache footprint: 24.21 GB in 113 books
[17:01:43.080429980|thread 2973197|cpu 248] [info ] KV cache footprint: 23.12 GB in 108 books
[17:01:43.097172692|thread 2973197|cpu 248] [info ] KV cache footprint: 22.02 GB in 103 books
[17:01:43.116788369|thread 2973197|cpu 248] [info ] KV cache footprint: 20.92 GB in 98 books
[17:01:43.134190030|thread 2973197|cpu 248] [info ] KV cache footprint: 19.82 GB in 93 books
[17:01:43.149525824|thread 2973197|cpu 248] [info ] KV cache footprint: 18.72 GB in 88 books
[17:01:43.164144464|thread 2973197|cpu 248] [info ] KV cache footprint: 17.70 GB in 83 books
[17:01:43.176647361|thread 2973197|cpu 248] [info ] KV cache footprint: 16.70 GB in 76 books
[17:01:43.191875966|thread 2973197|cpu 248] [info ] KV cache footprint: 15.60 GB in 71 books
[17:01:43.208698841|thread 2973197|cpu 248] [info ] KV cache footprint: 14.50 GB in 66 books
[17:01:43.283936944|thread 2973197|cpu 248] [info ] KV cache footprint: 13.40 GB in 61 books
[17:01:43.302797884|thread 2973197|cpu 248] [info ] KV cache footprint: 12.30 GB in 56 books
[17:01:43.317404823|thread 2973197|cpu 248] [info ] KV cache footprint: 11.21 GB in 51 books
[17:01:43.331711688|thread 2973197|cpu 248] [info ] KV cache footprint: 10.11 GB in 46 books
[17:01:43.347873391|thread 2973197|cpu 248] [info ] KV cache footprint: 9.01 GB in 41 books
[17:01:43.362158381|thread 2973197|cpu 248] [info ] KV cache footprint: 7.91 GB in 36 books
[17:01:43.434159928|thread 2973197|cpu 248] [info ] KV cache footprint: 6.81 GB in 31 books
[17:01:43.450112375|thread 2973197|cpu 248] [info ] KV cache footprint: 5.71 GB in 26 books
[17:01:43.464385042|thread 2973197|cpu 248] [info ] KV cache footprint: 4.61 GB in 21 books
[17:01:43.478726370|thread 2973197|cpu 248] [info ] KV cache footprint: 3.52 GB in 16 books
[17:01:43.493005522|thread 2973197|cpu 248] [info ] KV cache footprint: 2.42 GB in 11 books
[17:01:43.509241014|thread 2973197|cpu 248] [info ] KV cache footprint: 1.32 GB in 6 books
[17:01:43.523282927|thread 2973197|cpu 248] [info ] KV cache footprint: 0.22 GB in 1 books
[17:01:43.529763460|thread 2973197|cpu 248] [info ] Detected 5717959 memory allocations
[17:01:43.553390335|thread 2973197|cpu 248] [info ] Worker speeds: [0.03709277, 0.03716532, 0.038191874, 0.038497947, 0.037748434, 0.03835517, 0.03743871, 0.03780878, 0.037194792, 0.036500227, 0.039109573, 0.03690097, 0.036144923, 0.036131173, 0.03619056, 0.03636947, 0.036361706, 0.037283752, 0.036549166, 0.036011048, 0.03653303, 0.036373667, 0.036108267, 0.03690787, 0.037319183, 0.036842883, 0.036868755]
fusermount3: /home/jhan/workspace/tron-amx/stats/instance-0 not mounted
