[16:41:04.799556241|thread 2395760|cpu 247] [info ] Seed not supplied, using random seed: 0x7673ab0db8d65191
[16:41:04.799638354|thread 2395760|cpu 247] [info ] FUSE mount point scoped for instance 0,4: /home/jhan/workspace/tron-amx/stats/instance-0
[16:41:04.801397221|thread 2395760|cpu 247] [info ] heap_v2: registered FUSE stats under /rinzler/stats/dma_heap/
[16:41:04.801408865|thread 2395760|cpu 247] [debug] No PosDevices found; skipping registration of metrics
[16:41:04.803926610|thread 2395760|cpu 247] [info ] Stats/config mounted at /home/jhan/workspace/tron-amx/stats/instance-0
[16:41:05.477251436|thread 2396794|cpu 247] [info ] TSC frequency stable at 2699982294 Hz
[16:41:05.481523216|thread 2396794|cpu 247] [info ] TSC core calibration: min core,offset:16,-11   max core,offset:140,10
[16:41:05.482563554|thread 2395760|cpu 247] [info ] INIT: Intel RTM (TSX) supported
[16:41:05.484219054|thread 2395760|cpu 247] [info ] INIT: CPU vendor=Intel, cores=144, numa=2, model="Intel(R) Xeon(R) 6962P"
[16:41:05.484274941|thread 2395760|cpu 247] [info ] INIT: Found server type: granite_rapids_6962p: 144 cores, Intel Xeon 6962P Granite Rapids server
[16:41:05.484281872|thread 2395760|cpu 247] [info ] INIT: Successfully loaded resource map from /home/jhan/workspace/tron-amx/gen/../config/resource-map.yaml, server type: granite_rapids_6962p
[16:41:05.484405492|thread 2395760|cpu 247] [info ] App CPU list: 151-152,24-29,48-53,153-154,30-35,54-59
[16:41:05.484423318|thread 2395760|cpu 247] [info ] App CPU set: [24, 25, 26, 27, 28, 29, 30, 31, 32, 33, 34, 35, 48, 49, 50, 51, 52, 53, 54, 55, 56, 57, 58, 59, 151, 152, 153, 154]
[16:41:05.484425174|thread 2395760|cpu 247] [info ] App peer CPU set: [8, 9, 10, 11, 168, 169, 170, 171, 172, 173, 174, 175, 176, 177, 178, 179, 192, 193, 194, 195, 196, 197, 198, 199, 200, 201, 202, 203]
[16:41:05.484431489|thread 2395760|cpu 247] [warning] Helper CPU list is empty; helper threads will float on app cpu set.
[16:41:05.484442972|thread 2395760|cpu 247] [info ] Memory allocation policy set to numa 0
[16:41:05.484444590|thread 2395760|cpu 247] [info ] Configured instance 0,4 using resource map (/home/jhan/workspace/tron-amx/gen/../config/resource-map.yaml).
[16:41:05.484511636|thread 2395760|cpu 247] [info ] App CPU list: 151-152,24-29,48-53,153-154,30-35,54-59
[16:41:05.484517874|thread 2395760|cpu 247] [info ] App CPU set: [24, 25, 26, 27, 28, 29, 30, 31, 32, 33, 34, 35, 48, 49, 50, 51, 52, 53, 54, 55, 56, 57, 58, 59, 151, 152, 153, 154]
[16:41:05.484519390|thread 2395760|cpu 247] [info ] App peer CPU set: [8, 9, 10, 11, 168, 169, 170, 171, 172, 173, 174, 175, 176, 177, 178, 179, 192, 193, 194, 195, 196, 197, 198, 199, 200, 201, 202, 203]
[16:41:05.484522758|thread 2395760|cpu 247] [info ] Memory allocation policy set to numa 0
[16:41:05.484527676|thread 2395760|cpu 247] [info ] INIT: Beginning pos_startup()
[16:41:05.484529501|thread 2395760|cpu 247] [info ] INIT: Beginning pos_startup_host()
[16:41:05.484535297|thread 2395760|cpu 247] [info ] Version: 2026.08.19-1407f48d-jhan-amx-p0-dirty hash: 1407f48ddb370b27907a9bf9e39f8d6002aa3ee0
[16:41:05.484537995|thread 2395760|cpu 247] [info ] INIT: System optimization for Intel with 144 cores and 2 numa nodes.
[16:41:05.484539333|thread 2395760|cpu 247] [info ] INIT: Pinning application cores to 151-152,24-29,48-53,153-154,30-35,54-59.
[16:41:05.484584650|thread 2395760|cpu 247] [info ] INIT: Pinning device driver cores to 3,4.
[16:41:05.484600252|thread 2395760|cpu 247] [info ] INIT: NUMA set to 0.
[16:41:05.484717624|thread 2395760|cpu 247] [debug] INIT: Allocating 128 hugepages from /dev/hugepages/amx-co2* on numa 0
[16:41:15.807421870|thread 2395760|cpu 247] [info ] pos_heap_setup: using arena allocator (pos_heap_v2)
[16:41:15.807656456|thread 2395760|cpu 247] [info ] heap_v2: pool expanded by 128 hugepages (128 GiB)
[16:41:15.807660133|thread 2395760|cpu 247] [info ] INIT: pos_startup_host() completed
[16:41:15.812603703|thread 2395760|cpu 247] [debug] Allocator initialized for base: 0x00000000000000, capacity: 0x00000040000000, alignment: 512,  padding 0
[16:41:15.821380435|thread 2395760|cpu 247] [debug] Allocator initialized for base: 0x00000000000000, capacity: 0x00000040000000, alignment: 512,  padding 0
[16:41:15.826224935|thread 2395760|cpu 247] [info ] Found 2 Positron devices
[16:41:16.370203498|thread 2395760|cpu 247] [debug] Dev 10:00.0 pre-blind_reset mailbox_update_addr: mailbox_update_addr: Addr: 71ede87fd010 Bar: 2 Offset: 200010 Flags: RW RAW:100005800 {mailbox_update_addr_fields {address[63:0]:4294989824 (hex:  100005800), }}
[16:41:16.370225038|thread 2395760|cpu 247] [debug] Dev 10:00.0 pre-blind_reset mono_results_counter: mono_results_counter: Addr: 71ede87fd018 Bar: 2 Offset: 200018 Flags: RW RAW:a80 {mono_results_counter_fields {counter[15:0]:2688 (hex:  a80), }}
[16:41:16.370306977|thread 2395760|cpu 247] [warning] Dev 10:00.0 blind_reset: mailbox host write survived soft_reset (enable=true, target_iova=0x100005800); force-clearing
[16:41:16.370311338|thread 2395760|cpu 247] [warning] Dev 10:00.0 blind_reset: tracer host write survived soft_reset (enable=true, target_iova=0x100005c00); force-clearing
[16:41:16.370327903|thread 2395760|cpu 247] [warning] Dev 10:00.0 blind_reset: queue[0] host write survived soft_reset (ctrl=0x0, target_iova=0x100000000); force-clearing
[16:41:16.370334589|thread 2395760|cpu 247] [warning] Dev 10:00.0 blind_reset: queue[2049] host write survived soft_reset (ctrl=0x0, target_iova=0x100000400); force-clearing
[16:41:16.370341213|thread 2395760|cpu 247] [warning] Dev 10:00.0 blind_reset: queue[2] host write survived soft_reset (ctrl=0x0, target_iova=0x100000800); force-clearing
[16:41:16.370347268|thread 2395760|cpu 247] [warning] Dev 10:00.0 blind_reset: queue[2051] host write survived soft_reset (ctrl=0x0, target_iova=0x100000c00); force-clearing
[16:41:16.370353389|thread 2395760|cpu 247] [warning] Dev 10:00.0 blind_reset: queue[4] host write survived soft_reset (ctrl=0x0, target_iova=0x100000000); force-clearing
[16:41:16.370359321|thread 2395760|cpu 247] [warning] Dev 10:00.0 blind_reset: queue[2053] host write survived soft_reset (ctrl=0x0, target_iova=0x100000400); force-clearing
[16:41:16.370365242|thread 2395760|cpu 247] [warning] Dev 10:00.0 blind_reset: queue[6] host write survived soft_reset (ctrl=0x0, target_iova=0x100000800); force-clearing
[16:41:16.370371305|thread 2395760|cpu 247] [warning] Dev 10:00.0 blind_reset: queue[2055] host write survived soft_reset (ctrl=0x0, target_iova=0x100000c00); force-clearing
[16:41:16.378187152|thread 2410540|cpu 247] [debug] Dev 13:00.0 pre-blind_reset mailbox_update_addr: mailbox_update_addr: Addr: 71cda83fd010 Bar: 2 Offset: 200010 Flags: RW RAW:100005000 {mailbox_update_addr_fields {address[63:0]:4294987776 (hex:  100005000), }}
[16:41:16.378210504|thread 2410540|cpu 247] [debug] Dev 13:00.0 pre-blind_reset mono_results_counter: mono_results_counter: Addr: 71cda83fd018 Bar: 2 Offset: 200018 Flags: RW RAW:7600 {mono_results_counter_fields {counter[15:0]:30208 (hex:  7600), }}
[16:41:16.378291721|thread 2410540|cpu 247] [warning] Dev 13:00.0 blind_reset: mailbox host write survived soft_reset (enable=true, target_iova=0x100005000); force-clearing
[16:41:16.378296418|thread 2410540|cpu 247] [warning] Dev 13:00.0 blind_reset: tracer host write survived soft_reset (enable=true, target_iova=0x100005400); force-clearing
[16:41:16.378312216|thread 2410540|cpu 247] [warning] Dev 13:00.0 blind_reset: queue[0] host write survived soft_reset (ctrl=0x0, target_iova=0x100002000); force-clearing
[16:41:16.378318659|thread 2410540|cpu 247] [warning] Dev 13:00.0 blind_reset: queue[2049] host write survived soft_reset (ctrl=0x0, target_iova=0x100002400); force-clearing
[16:41:16.378325680|thread 2410540|cpu 247] [warning] Dev 13:00.0 blind_reset: queue[2] host write survived soft_reset (ctrl=0x0, target_iova=0x100002800); force-clearing
[16:41:16.378332173|thread 2410540|cpu 247] [warning] Dev 13:00.0 blind_reset: queue[2051] host write survived soft_reset (ctrl=0x0, target_iova=0x100002c00); force-clearing
[16:41:16.378338885|thread 2410540|cpu 247] [warning] Dev 13:00.0 blind_reset: queue[4] host write survived soft_reset (ctrl=0x0, target_iova=0x100002000); force-clearing
[16:41:16.378349613|thread 2410540|cpu 247] [warning] Dev 13:00.0 blind_reset: queue[2053] host write survived soft_reset (ctrl=0x0, target_iova=0x100002400); force-clearing
[16:41:16.378355888|thread 2410540|cpu 247] [warning] Dev 13:00.0 blind_reset: queue[6] host write survived soft_reset (ctrl=0x0, target_iova=0x100002800); force-clearing
[16:41:16.378362084|thread 2410540|cpu 247] [warning] Dev 13:00.0 blind_reset: queue[2055] host write survived soft_reset (ctrl=0x0, target_iova=0x100002c00); force-clearing
[16:41:16.378405515|thread 2395760|cpu 247] [info ] Dev 10:00.0: Bitfile Release Code 01.05.08.00 Release Date 06-16-2026
[16:41:16.378410554|thread 2410540|cpu 247] [info ] Dev 13:00.0: Bitfile Release Code 01.05.08.00 Release Date 06-16-2026
[16:41:16.378415949|thread 2395760|cpu 247] [debug] Dev 10:00.0 init counters post-store: act_slots_free=&0x71ee80004000 val=2048 mm_in_flight=&0x71ee80004400 val=0 (num_activ_slots=2048)
[16:41:16.378424838|thread 2410540|cpu 247] [debug] Dev 13:00.0 init counters post-store: act_slots_free=&0x71ee80004800 val=2048 mm_in_flight=&0x71ee80004c00 val=0 (num_activ_slots=2048)
[16:41:16.489603192|thread 2395760|cpu 247] [debug] Device { idx: 0 addr: 10:00.0 pci_devid: 0x0011 iommu_group: 73 vfio_fd: 9 tx_ready: false rx_ready: false }
  offsets { bar2: 0x4000000000 bar4: 0x8000000000 mmsm_reg: 0x0 amem: 0x4030000000 rmem: 0x4020000000 metadata: 0x4000701000 hbm_north: 0x0 hbm_south: 0x1000000000 hbm_kv: 0x800000000 pos_device: 0xffff8e1280000000 pos_host: 0x71ed80000000 }
  caps { col_depth: 128 num_cols: 128 num_fetchers: 32 num_activ_slots: 2048 max_activ_size_slots: 255 rmem_width: 32 pchan_size_bytes: 1073741824 attn_supported: true }
[16:41:16.489611581|thread 2395760|cpu 247] [debug] Dev 10:00.0 init counters end-of-init: act_slots_free=&0x71ee80004000 val=2048 mm_in_flight=&0x71ee80004400 val=0 | mcnt_mbox=&0x71ee80005000 tracer_mbox=&0x71ee80005400
[16:41:16.489674281|thread 2410540|cpu 247] [debug] Device { idx: 1 addr: 13:00.0 pci_devid: 0x0011 iommu_group: 76 vfio_fd: 10 tx_ready: false rx_ready: false }
  offsets { bar2: 0x4000000000 bar4: 0x8000000000 mmsm_reg: 0x0 amem: 0x4030000000 rmem: 0x4020000000 metadata: 0x4000701000 hbm_north: 0x0 hbm_south: 0x1000000000 hbm_kv: 0x800000000 pos_device: 0xffff8e1280000000 pos_host: 0x71ed80000000 }
  caps { col_depth: 128 num_cols: 128 num_fetchers: 32 num_activ_slots: 2048 max_activ_size_slots: 255 rmem_width: 32 pchan_size_bytes: 1073741824 attn_supported: true }
[16:41:16.489682228|thread 2410540|cpu 247] [debug] Dev 13:00.0 init counters end-of-init: act_slots_free=&0x71ee80004800 val=2048 mm_in_flight=&0x71ee80004c00 val=0 | mcnt_mbox=&0x71ee80005800 tracer_mbox=&0x71ee80005c00
[16:41:16.489755270|thread 2395760|cpu 247] [info ] INIT: pos_startup() completed
[16:41:16.489810406|thread 2395760|cpu 247] [debug] INIT: First call to get_devices() detected, spawning workers
[16:41:16.489871381|thread 2395760|cpu 247] [debug] INIT: waiting for workers to be ready
[16:41:16.490117489|thread 2410568|cpu 247] [info ] [0;32mTx Worker for device 10:00.0 is ready on core 3[0m
[16:41:16.490187676|thread 2410569|cpu 247] [info ] [0;32mTx Worker for device 13:00.0 is ready on core 4[0m
[16:41:16.490268707|thread 2410570|cpu 247] [info ] [0;32mRx Worker for device 10:00.0 is ready on core 147[0m
[16:41:16.490349017|thread 2410571|cpu 247] [info ] [0;32mRx Worker for device 13:00.0 is ready on core 148[0m
[16:41:16.490372456|thread 2395760|cpu 247] [debug] INIT: All workers ready!
[16:41:16.497338445|thread 2395760|cpu 247] [info ] Creating tokenizer for path: /opt/positron/weights_cache/cached/positron-ai/Qwen--Qwen3-4B-Instruct-2507-ingest-best-gptq-v1
[16:41:16.497397589|thread 2395760|cpu 247] [info ] Loaded tokenizer_config.json with settings:
[16:41:16.497401320|thread 2395760|cpu 247] [info ]   add_bos_token: false
[16:41:16.497403870|thread 2395760|cpu 247] [info ] Found tokenizer.json, trying HuggingFace Rust tokenizer
[16:41:16.715847556|thread 2395760|cpu 247] [info ] BOS token text: '<none>', EOS token text: '<|im_end|>'
[16:41:16.715863642|thread 2395760|cpu 247] [info ] Using BOS token ID 151643 from model config
[16:41:16.715996167|thread 2395760|cpu 247] [info ] Found EOS token '<|im_end|>' with ID 151645 in tokenizer
[16:41:16.716013731|thread 2395760|cpu 247] [info ] Using stop tokens: 151645,151643
[16:41:16.823239684|thread 2395760|cpu 247] [info ] HF tokenizer: vocab cache populated 151669 from lexicon view
[16:41:16.823348541|thread 2395760|cpu 247] [info ] HuggingFace tokenizer loaded successfully at /opt/positron/weights_cache/cached/positron-ai/Qwen--Qwen3-4B-Instruct-2507-ingest-best-gptq-v1
[16:41:16.823370184|thread 2395760|cpu 247] [info ] Successfully created HuggingFace Rust tokenizer
[16:41:16.964524090|thread 2395760|cpu 247] [warning] replicating prompt of length 3035
[16:41:16.964534486|thread 2395760|cpu 247] [warning] replicating prompt of length 6070
[16:41:16.964537085|thread 2395760|cpu 247] [warning] replicating prompt of length 2014
[16:41:16.964538345|thread 2395760|cpu 247] [warning] replicating prompt of length 4028
[16:41:16.964539341|thread 2395760|cpu 247] [warning] replicating prompt of length 6042
[16:41:16.964540308|thread 2395760|cpu 247] [warning] replicating prompt of length 8056
[16:41:16.964543068|thread 2395760|cpu 247] [warning] replicating prompt of length 8159
[16:41:16.964548824|thread 2395760|cpu 247] [warning] replicating prompt of length 2270
[16:41:16.964550501|thread 2395760|cpu 247] [warning] replicating prompt of length 4540
[16:41:16.964553073|thread 2395760|cpu 247] [warning] replicating prompt of length 6810
[16:41:16.964553928|thread 2395760|cpu 247] [warning] replicating prompt of length 1056
[16:41:16.964554868|thread 2395760|cpu 247] [warning] replicating prompt of length 2112
[16:41:16.964555577|thread 2395760|cpu 247] [warning] replicating prompt of length 3168
[16:41:16.964556238|thread 2395760|cpu 247] [warning] replicating prompt of length 4224
[16:41:16.964558370|thread 2395760|cpu 247] [warning] replicating prompt of length 5280
[16:41:16.964559214|thread 2395760|cpu 247] [warning] replicating prompt of length 6336
[16:41:16.964559968|thread 2395760|cpu 247] [warning] replicating prompt of length 7392
[16:41:16.964560757|thread 2395760|cpu 247] [warning] replicating prompt of length 1193
[16:41:16.964561693|thread 2395760|cpu 247] [warning] replicating prompt of length 2386
[16:41:16.964562451|thread 2395760|cpu 247] [warning] replicating prompt of length 3579
[16:41:16.964563150|thread 2395760|cpu 247] [warning] replicating prompt of length 4772
[16:41:16.964565136|thread 2395760|cpu 247] [warning] replicating prompt of length 5965
[16:41:16.964565993|thread 2395760|cpu 247] [warning] replicating prompt of length 7158
[16:41:16.964566768|thread 2395760|cpu 247] [warning] replicating prompt of length 1359
[16:41:16.964567766|thread 2395760|cpu 247] [warning] replicating prompt of length 2718
[16:41:16.964568561|thread 2395760|cpu 247] [warning] replicating prompt of length 4077
[16:41:16.964569529|thread 2395760|cpu 247] [warning] replicating prompt of length 5436
[16:41:16.964571551|thread 2395760|cpu 247] [warning] replicating prompt of length 6795
[16:41:16.964572499|thread 2395760|cpu 247] [warning] replicating prompt of length 8154
[16:41:16.964573164|thread 2395760|cpu 247] [warning] replicating prompt of length 1300
[16:41:16.964574092|thread 2395760|cpu 247] [warning] replicating prompt of length 2600
[16:41:16.964574866|thread 2395760|cpu 247] [warning] replicating prompt of length 3900
[16:41:16.964575550|thread 2395760|cpu 247] [warning] replicating prompt of length 5200
[16:41:16.964577508|thread 2395760|cpu 247] [warning] replicating prompt of length 6500
[16:41:16.964578456|thread 2395760|cpu 247] [warning] replicating prompt of length 7800
[16:41:16.964579129|thread 2395760|cpu 247] [warning] replicating prompt of length 5028
[16:41:16.964581931|thread 2395760|cpu 247] [warning] replicating prompt of length 2126
[16:41:16.964583107|thread 2395760|cpu 247] [warning] replicating prompt of length 4252
[16:41:16.964589663|thread 2395760|cpu 247] [warning] replicating prompt of length 6378
[16:41:16.964590754|thread 2395760|cpu 247] [warning] replicating prompt of length 945
[16:41:16.964591831|thread 2395760|cpu 247] [warning] replicating prompt of length 1890
[16:41:16.964592602|thread 2395760|cpu 247] [warning] replicating prompt of length 2835
[16:41:16.964593700|thread 2395760|cpu 247] [warning] replicating prompt of length 3780
[16:41:16.964594583|thread 2395760|cpu 247] [warning] replicating prompt of length 4725
[16:41:16.964595297|thread 2395760|cpu 247] [warning] replicating prompt of length 5670
[16:41:16.964595960|thread 2395760|cpu 247] [warning] replicating prompt of length 6615
[16:41:16.964596634|thread 2395760|cpu 247] [warning] replicating prompt of length 7560
[16:41:16.964599143|thread 2395760|cpu 247] [warning] replicating prompt of length 1250
[16:41:16.964600177|thread 2395760|cpu 247] [warning] replicating prompt of length 2500
[16:41:16.964600950|thread 2395760|cpu 247] [warning] replicating prompt of length 3750
[16:41:16.964601623|thread 2395760|cpu 247] [warning] replicating prompt of length 5000
[16:41:16.964603543|thread 2395760|cpu 247] [warning] replicating prompt of length 6250
[16:41:16.964604373|thread 2395760|cpu 247] [warning] replicating prompt of length 7500
[16:41:16.964605117|thread 2395760|cpu 247] [warning] replicating prompt of length 2490
[16:41:16.964606197|thread 2395760|cpu 247] [warning] replicating prompt of length 4980
[16:41:16.964608648|thread 2395760|cpu 247] [warning] replicating prompt of length 7470
[16:41:16.964609471|thread 2395760|cpu 247] [warning] replicating prompt of length 1064
[16:41:16.964610354|thread 2395760|cpu 247] [warning] replicating prompt of length 2128
[16:41:16.964611071|thread 2395760|cpu 247] [warning] replicating prompt of length 3192
[16:41:16.964611723|thread 2395760|cpu 247] [warning] replicating prompt of length 4256
[16:41:16.964613084|thread 2395760|cpu 247] [warning] replicating prompt of length 5320
[16:41:16.964613790|thread 2395760|cpu 247] [warning] replicating prompt of length 6384
[16:41:16.964614489|thread 2395760|cpu 247] [warning] replicating prompt of length 7448
[16:41:16.964615154|thread 2395760|cpu 247] [warning] replicating prompt of length 1709
[16:41:16.964616660|thread 2395760|cpu 247] [warning] replicating prompt of length 3418
[16:41:16.964618007|thread 2395760|cpu 247] [warning] replicating prompt of length 5127
[16:41:16.964618922|thread 2395760|cpu 247] [warning] replicating prompt of length 6836
[16:41:16.964621352|thread 2395760|cpu 247] [warning] replicating prompt of length 7873
[16:41:16.964624541|thread 2395760|cpu 247] [warning] replicating prompt of length 3255
[16:41:16.964625938|thread 2395760|cpu 247] [warning] replicating prompt of length 6510
[16:41:16.964628947|thread 2395760|cpu 247] [warning] replicating prompt of length 2073
[16:41:16.964630024|thread 2395760|cpu 247] [warning] replicating prompt of length 4146
[16:41:16.964632486|thread 2395760|cpu 247] [warning] replicating prompt of length 6219
[16:41:16.964633429|thread 2395760|cpu 247] [warning] replicating prompt of length 1749
[16:41:16.964634503|thread 2395760|cpu 247] [warning] replicating prompt of length 3498
[16:41:16.964635362|thread 2395760|cpu 247] [warning] replicating prompt of length 5247
[16:41:16.964636155|thread 2395760|cpu 247] [warning] replicating prompt of length 6996
[16:41:16.964638447|thread 2395760|cpu 247] [warning] replicating prompt of length 1243
[16:41:16.964639443|thread 2395760|cpu 247] [warning] replicating prompt of length 2486
[16:41:16.964640224|thread 2395760|cpu 247] [warning] replicating prompt of length 3729
[16:41:16.964640896|thread 2395760|cpu 247] [warning] replicating prompt of length 4972
[16:41:16.964643437|thread 2395760|cpu 247] [warning] replicating prompt of length 6215
[16:41:16.964644347|thread 2395760|cpu 247] [warning] replicating prompt of length 7458
[16:41:16.964645096|thread 2395760|cpu 247] [warning] replicating prompt of length 1628
[16:41:16.964647555|thread 2395760|cpu 247] [warning] replicating prompt of length 3256
[16:41:16.964648467|thread 2395760|cpu 247] [warning] replicating prompt of length 4884
[16:41:16.964649205|thread 2395760|cpu 247] [warning] replicating prompt of length 6512
[16:41:16.964652058|thread 2395760|cpu 247] [warning] replicating prompt of length 8140
[16:41:16.964652780|thread 2395760|cpu 247] [warning] replicating prompt of length 2390
[16:41:16.964660053|thread 2395760|cpu 247] [warning] replicating prompt of length 4780
[16:41:16.964662469|thread 2395760|cpu 247] [warning] replicating prompt of length 7170
[16:41:16.964663404|thread 2395760|cpu 247] [warning] replicating prompt of length 557
[16:41:16.964664346|thread 2395760|cpu 247] [warning] replicating prompt of length 1114
[16:41:16.964665059|thread 2395760|cpu 247] [warning] replicating prompt of length 1671
[16:41:16.964665707|thread 2395760|cpu 247] [warning] replicating prompt of length 2228
[16:41:16.964666451|thread 2395760|cpu 247] [warning] replicating prompt of length 2785
[16:41:16.964667117|thread 2395760|cpu 247] [warning] replicating prompt of length 3342
[16:41:16.964667757|thread 2395760|cpu 247] [warning] replicating prompt of length 3899
[16:41:16.964668394|thread 2395760|cpu 247] [warning] replicating prompt of length 4456
[16:41:16.964670730|thread 2395760|cpu 247] [warning] replicating prompt of length 5013
[16:41:16.964671457|thread 2395760|cpu 247] [warning] replicating prompt of length 5570
[16:41:16.964672137|thread 2395760|cpu 247] [warning] replicating prompt of length 6127
[16:41:16.964672860|thread 2395760|cpu 247] [warning] replicating prompt of length 6684
[16:41:16.964673544|thread 2395760|cpu 247] [warning] replicating prompt of length 7241
[16:41:16.964674270|thread 2395760|cpu 247] [warning] replicating prompt of length 7798
[16:41:16.964674961|thread 2395760|cpu 247] [warning] replicating prompt of length 2355
[16:41:16.964676067|thread 2395760|cpu 247] [warning] replicating prompt of length 4710
[16:41:16.964678417|thread 2395760|cpu 247] [warning] replicating prompt of length 7065
[16:41:16.964679243|thread 2395760|cpu 247] [warning] replicating prompt of length 410
[16:41:16.964680232|thread 2395760|cpu 247] [warning] replicating prompt of length 820
[16:41:16.964680997|thread 2395760|cpu 247] [warning] replicating prompt of length 1230
[16:41:16.964681662|thread 2395760|cpu 247] [warning] replicating prompt of length 1640
[16:41:16.964682408|thread 2395760|cpu 247] [warning] replicating prompt of length 2050
[16:41:16.964683129|thread 2395760|cpu 247] [warning] replicating prompt of length 2460
[16:41:16.964683785|thread 2395760|cpu 247] [warning] replicating prompt of length 2870
[16:41:16.964684419|thread 2395760|cpu 247] [warning] replicating prompt of length 3280
[16:41:16.964685265|thread 2395760|cpu 247] [warning] replicating prompt of length 3690
[16:41:16.964685912|thread 2395760|cpu 247] [warning] replicating prompt of length 4100
[16:41:16.964686539|thread 2395760|cpu 247] [warning] replicating prompt of length 4510
[16:41:16.964687176|thread 2395760|cpu 247] [warning] replicating prompt of length 4920
[16:41:16.964687808|thread 2395760|cpu 247] [warning] replicating prompt of length 5330
[16:41:16.964688435|thread 2395760|cpu 247] [warning] replicating prompt of length 5740
[16:41:16.964689053|thread 2395760|cpu 247] [warning] replicating prompt of length 6150
[16:41:16.964689681|thread 2395760|cpu 247] [warning] replicating prompt of length 6560
[16:41:16.964692411|thread 2395760|cpu 247] [warning] replicating prompt of length 6970
[16:41:16.964693108|thread 2395760|cpu 247] [warning] replicating prompt of length 7380
[16:41:16.964693768|thread 2395760|cpu 247] [warning] replicating prompt of length 7790
[16:41:16.964694449|thread 2395760|cpu 247] [warning] replicating prompt of length 1722
[16:41:16.964695444|thread 2395760|cpu 247] [warning] replicating prompt of length 3444
[16:41:16.964696276|thread 2395760|cpu 247] [warning] replicating prompt of length 5166
[16:41:16.964697014|thread 2395760|cpu 247] [warning] replicating prompt of length 6888
[16:41:16.964700356|thread 2395760|cpu 247] [warning] replicating prompt of length 2378
[16:41:16.964701565|thread 2395760|cpu 247] [warning] replicating prompt of length 4756
[16:41:16.964703682|thread 2395760|cpu 247] [warning] replicating prompt of length 7134
[16:41:16.964704522|thread 2395760|cpu 247] [warning] replicating prompt of length 1980
[16:41:16.964705689|thread 2395760|cpu 247] [warning] replicating prompt of length 3960
[16:41:16.964706576|thread 2395760|cpu 247] [warning] replicating prompt of length 5940
[16:41:16.964707366|thread 2395760|cpu 247] [warning] replicating prompt of length 7920
[16:41:16.964709782|thread 2395760|cpu 247] [warning] replicating prompt of length 1756
[16:41:16.964710843|thread 2395760|cpu 247] [warning] replicating prompt of length 3512
[16:41:16.964711744|thread 2395760|cpu 247] [warning] replicating prompt of length 5268
[16:41:16.964712493|thread 2395760|cpu 247] [warning] replicating prompt of length 7024
[16:41:16.964714668|thread 2395760|cpu 247] [warning] replicating prompt of length 411
[16:41:16.964715456|thread 2395760|cpu 247] [warning] replicating prompt of length 822
[16:41:16.964716157|thread 2395760|cpu 247] [warning] replicating prompt of length 1233
[16:41:16.964716802|thread 2395760|cpu 247] [warning] replicating prompt of length 1644
[16:41:16.964717561|thread 2395760|cpu 247] [warning] replicating prompt of length 2055
[16:41:16.964718211|thread 2395760|cpu 247] [warning] replicating prompt of length 2466
[16:41:16.964718848|thread 2395760|cpu 247] [warning] replicating prompt of length 2877
[16:41:16.964719452|thread 2395760|cpu 247] [warning] replicating prompt of length 3288
[16:41:16.964720288|thread 2395760|cpu 247] [warning] replicating prompt of length 3699
[16:41:16.964720917|thread 2395760|cpu 247] [warning] replicating prompt of length 4110
[16:41:16.964721577|thread 2395760|cpu 247] [warning] replicating prompt of length 4521
[16:41:16.964722203|thread 2395760|cpu 247] [warning] replicating prompt of length 4932
[16:41:16.964722823|thread 2395760|cpu 247] [warning] replicating prompt of length 5343
[16:41:16.964723495|thread 2395760|cpu 247] [warning] replicating prompt of length 5754
[16:41:16.964724105|thread 2395760|cpu 247] [warning] replicating prompt of length 6165
[16:41:16.964724756|thread 2395760|cpu 247] [warning] replicating prompt of length 6576
[16:41:16.964727357|thread 2395760|cpu 247] [warning] replicating prompt of length 6987
[16:41:16.964728106|thread 2395760|cpu 247] [warning] replicating prompt of length 7398
[16:41:16.964728731|thread 2395760|cpu 247] [warning] replicating prompt of length 7809
[16:41:16.964729390|thread 2395760|cpu 247] [warning] replicating prompt of length 1269
[16:41:16.964730306|thread 2395760|cpu 247] [warning] replicating prompt of length 2538
[16:41:16.964731083|thread 2395760|cpu 247] [warning] replicating prompt of length 3807
[16:41:16.964731752|thread 2395760|cpu 247] [warning] replicating prompt of length 5076
[16:41:16.964733800|thread 2395760|cpu 247] [warning] replicating prompt of length 6345
[16:41:16.964734657|thread 2395760|cpu 247] [warning] replicating prompt of length 7614
[16:41:16.964735402|thread 2395760|cpu 247] [warning] replicating prompt of length 2285
[16:41:16.964736483|thread 2395760|cpu 247] [warning] replicating prompt of length 4570
[16:41:16.964739017|thread 2395760|cpu 247] [warning] replicating prompt of length 6855
[16:41:16.964739868|thread 2395760|cpu 247] [warning] replicating prompt of length 435
[16:41:16.964740650|thread 2395760|cpu 247] [warning] replicating prompt of length 870
[16:41:16.964741409|thread 2395760|cpu 247] [warning] replicating prompt of length 1305
[16:41:16.964742059|thread 2395760|cpu 247] [warning] replicating prompt of length 1740
[16:41:16.964742816|thread 2395760|cpu 247] [warning] replicating prompt of length 2175
[16:41:16.964743438|thread 2395760|cpu 247] [warning] replicating prompt of length 2610
[16:41:16.964744078|thread 2395760|cpu 247] [warning] replicating prompt of length 3045
[16:41:16.964744712|thread 2395760|cpu 247] [warning] replicating prompt of length 3480
[16:41:16.964746378|thread 2395760|cpu 247] [warning] replicating prompt of length 3915
[16:41:16.964747083|thread 2395760|cpu 247] [warning] replicating prompt of length 4350
[16:41:16.964747735|thread 2395760|cpu 247] [warning] replicating prompt of length 4785
[16:41:16.964748366|thread 2395760|cpu 247] [warning] replicating prompt of length 5220
[16:41:16.964751179|thread 2395760|cpu 247] [warning] replicating prompt of length 5655
[16:41:16.964751832|thread 2395760|cpu 247] [warning] replicating prompt of length 6090
[16:41:16.964752478|thread 2395760|cpu 247] [warning] replicating prompt of length 6525
[16:41:16.964753129|thread 2395760|cpu 247] [warning] replicating prompt of length 6960
[16:41:16.964755409|thread 2395760|cpu 247] [warning] replicating prompt of length 7395
[16:41:16.964756134|thread 2395760|cpu 247] [warning] replicating prompt of length 7830
[16:41:16.964756878|thread 2395760|cpu 247] [warning] replicating prompt of length 386
[16:41:16.964757635|thread 2395760|cpu 247] [warning] replicating prompt of length 772
[16:41:16.964758335|thread 2395760|cpu 247] [warning] replicating prompt of length 1158
[16:41:16.964758998|thread 2395760|cpu 247] [warning] replicating prompt of length 1544
[16:41:16.964759818|thread 2395760|cpu 247] [warning] replicating prompt of length 1930
[16:41:16.964760451|thread 2395760|cpu 247] [warning] replicating prompt of length 2316
[16:41:16.964761066|thread 2395760|cpu 247] [warning] replicating prompt of length 2702
[16:41:16.964761708|thread 2395760|cpu 247] [warning] replicating prompt of length 3088
[16:41:16.964762516|thread 2395760|cpu 247] [warning] replicating prompt of length 3474
[16:41:16.964763163|thread 2395760|cpu 247] [warning] replicating prompt of length 3860
[16:41:16.964763792|thread 2395760|cpu 247] [warning] replicating prompt of length 4246
[16:41:16.964764418|thread 2395760|cpu 247] [warning] replicating prompt of length 4632
[16:41:16.964765038|thread 2395760|cpu 247] [warning] replicating prompt of length 5018
[16:41:16.964765681|thread 2395760|cpu 247] [warning] replicating prompt of length 5404
[16:41:16.964766295|thread 2395760|cpu 247] [warning] replicating prompt of length 5790
[16:41:16.964766919|thread 2395760|cpu 247] [warning] replicating prompt of length 6176
[16:41:16.964769436|thread 2395760|cpu 247] [warning] replicating prompt of length 6562
[16:41:16.964770130|thread 2395760|cpu 247] [warning] replicating prompt of length 6948
[16:41:16.964770789|thread 2395760|cpu 247] [warning] replicating prompt of length 7334
[16:41:16.964771484|thread 2395760|cpu 247] [warning] replicating prompt of length 7720
[16:41:16.964772127|thread 2395760|cpu 247] [warning] replicating prompt of length 8106
[16:41:16.964772833|thread 2395760|cpu 247] [warning] replicating prompt of length 1071
[16:41:16.964773767|thread 2395760|cpu 247] [warning] replicating prompt of length 2142
[16:41:16.964774524|thread 2395760|cpu 247] [warning] replicating prompt of length 3213
[16:41:16.964775211|thread 2395760|cpu 247] [warning] replicating prompt of length 4284
[16:41:16.964777473|thread 2395760|cpu 247] [warning] replicating prompt of length 5355
[16:41:16.964778342|thread 2395760|cpu 247] [warning] replicating prompt of length 6426
[16:41:16.964779099|thread 2395760|cpu 247] [warning] replicating prompt of length 7497
[16:41:16.964779815|thread 2395760|cpu 247] [warning] replicating prompt of length 143
[16:41:16.964780708|thread 2395760|cpu 247] [warning] replicating prompt of length 286
[16:41:16.964781433|thread 2395760|cpu 247] [warning] replicating prompt of length 429
[16:41:16.964782104|thread 2395760|cpu 247] [warning] replicating prompt of length 572
[16:41:16.964782792|thread 2395760|cpu 247] [warning] replicating prompt of length 715
[16:41:16.964783421|thread 2395760|cpu 247] [warning] replicating prompt of length 858
[16:41:16.964784050|thread 2395760|cpu 247] [warning] replicating prompt of length 1001
[16:41:16.964784694|thread 2395760|cpu 247] [warning] replicating prompt of length 1144
[16:41:16.964786327|thread 2395760|cpu 247] [warning] replicating prompt of length 1287
[16:41:16.964786970|thread 2395760|cpu 247] [warning] replicating prompt of length 1430
[16:41:16.964787619|thread 2395760|cpu 247] [warning] replicating prompt of length 1573
[16:41:16.964788261|thread 2395760|cpu 247] [warning] replicating prompt of length 1716
[16:41:16.964788873|thread 2395760|cpu 247] [warning] replicating prompt of length 1859
[16:41:16.964789485|thread 2395760|cpu 247] [warning] replicating prompt of length 2002
[16:41:16.964790108|thread 2395760|cpu 247] [warning] replicating prompt of length 2145
[16:41:16.964790744|thread 2395760|cpu 247] [warning] replicating prompt of length 2288
[16:41:16.964791502|thread 2395760|cpu 247] [warning] replicating prompt of length 2431
[16:41:16.964792130|thread 2395760|cpu 247] [warning] replicating prompt of length 2574
[16:41:16.964792742|thread 2395760|cpu 247] [warning] replicating prompt of length 2717
[16:41:16.964793356|thread 2395760|cpu 247] [warning] replicating prompt of length 2860
[16:41:16.964793962|thread 2395760|cpu 247] [warning] replicating prompt of length 3003
[16:41:16.964794588|thread 2395760|cpu 247] [warning] replicating prompt of length 3146
[16:41:16.964795202|thread 2395760|cpu 247] [warning] replicating prompt of length 3289
[16:41:16.964795816|thread 2395760|cpu 247] [warning] replicating prompt of length 3432
[16:41:16.964796441|thread 2395760|cpu 247] [warning] replicating prompt of length 3575
[16:41:16.964797050|thread 2395760|cpu 247] [warning] replicating prompt of length 3718
[16:41:16.964797695|thread 2395760|cpu 247] [warning] replicating prompt of length 3861
[16:41:16.964798313|thread 2395760|cpu 247] [warning] replicating prompt of length 4004
[16:41:16.964798939|thread 2395760|cpu 247] [warning] replicating prompt of length 4147
[16:41:16.964799570|thread 2395760|cpu 247] [warning] replicating prompt of length 4290
[16:41:16.964800202|thread 2395760|cpu 247] [warning] replicating prompt of length 4433
[16:41:16.964800834|thread 2395760|cpu 247] [warning] replicating prompt of length 4576
[16:41:16.964802922|thread 2395760|cpu 247] [warning] replicating prompt of length 4719
[16:41:16.964803594|thread 2395760|cpu 247] [warning] replicating prompt of length 4862
[16:41:16.964804208|thread 2395760|cpu 247] [warning] replicating prompt of length 5005
[16:41:16.964804822|thread 2395760|cpu 247] [warning] replicating prompt of length 5148
[16:41:16.964805482|thread 2395760|cpu 247] [warning] replicating prompt of length 5291
[16:41:16.964806113|thread 2395760|cpu 247] [warning] replicating prompt of length 5434
[16:41:16.964806758|thread 2395760|cpu 247] [warning] replicating prompt of length 5577
[16:41:16.964807384|thread 2395760|cpu 247] [warning] replicating prompt of length 5720
[16:41:16.964808010|thread 2395760|cpu 247] [warning] replicating prompt of length 5863
[16:41:16.964808623|thread 2395760|cpu 247] [warning] replicating prompt of length 6006
[16:41:16.964809239|thread 2395760|cpu 247] [warning] replicating prompt of length 6149
[16:41:16.964809870|thread 2395760|cpu 247] [warning] replicating prompt of length 6292
[16:41:16.964810498|thread 2395760|cpu 247] [warning] replicating prompt of length 6435
[16:41:16.964811164|thread 2395760|cpu 247] [warning] replicating prompt of length 6578
[16:41:16.964811771|thread 2395760|cpu 247] [warning] replicating prompt of length 6721
[16:41:16.964812382|thread 2395760|cpu 247] [warning] replicating prompt of length 6864
[16:41:16.964813005|thread 2395760|cpu 247] [warning] replicating prompt of length 7007
[16:41:16.964813611|thread 2395760|cpu 247] [warning] replicating prompt of length 7150
[16:41:16.964814228|thread 2395760|cpu 247] [warning] replicating prompt of length 7293
[16:41:16.964814854|thread 2395760|cpu 247] [warning] replicating prompt of length 7436
[16:41:16.964815476|thread 2395760|cpu 247] [warning] replicating prompt of length 7579
[16:41:16.964816121|thread 2395760|cpu 247] [warning] replicating prompt of length 7722
[16:41:16.964816735|thread 2395760|cpu 247] [warning] replicating prompt of length 7865
[16:41:16.964818156|thread 2395760|cpu 247] [warning] replicating prompt of length 8008
[16:41:16.964818792|thread 2395760|cpu 247] [warning] replicating prompt of length 8151
[16:41:16.964819456|thread 2395760|cpu 247] [warning] replicating prompt of length 99
[16:41:16.964820314|thread 2395760|cpu 247] [warning] replicating prompt of length 198
[16:41:16.964824466|thread 2395760|cpu 247] [warning] replicating prompt of length 297
[16:41:16.964825422|thread 2395760|cpu 247] [warning] replicating prompt of length 396
[16:41:16.964826125|thread 2395760|cpu 247] [warning] replicating prompt of length 495
[16:41:16.964826779|thread 2395760|cpu 247] [warning] replicating prompt of length 594
[16:41:16.964827399|thread 2395760|cpu 247] [warning] replicating prompt of length 693
[16:41:16.964828009|thread 2395760|cpu 247] [warning] replicating prompt of length 792
[16:41:16.964828690|thread 2395760|cpu 247] [warning] replicating prompt of length 891
[16:41:16.964829299|thread 2395760|cpu 247] [warning] replicating prompt of length 990
[16:41:16.964829929|thread 2395760|cpu 247] [warning] replicating prompt of length 1089
[16:41:16.964830597|thread 2395760|cpu 247] [warning] replicating prompt of length 1188
[16:41:16.964831231|thread 2395760|cpu 247] [warning] replicating prompt of length 1287
[16:41:16.964831847|thread 2395760|cpu 247] [warning] replicating prompt of length 1386
[16:41:16.964832471|thread 2395760|cpu 247] [warning] replicating prompt of length 1485
[16:41:16.964833098|thread 2395760|cpu 247] [warning] replicating prompt of length 1584
[16:41:16.964833821|thread 2395760|cpu 247] [warning] replicating prompt of length 1683
[16:41:16.964834445|thread 2395760|cpu 247] [warning] replicating prompt of length 1782
[16:41:16.964835068|thread 2395760|cpu 247] [warning] replicating prompt of length 1881
[16:41:16.964835682|thread 2395760|cpu 247] [warning] replicating prompt of length 1980
[16:41:16.964836304|thread 2395760|cpu 247] [warning] replicating prompt of length 2079
[16:41:16.964836916|thread 2395760|cpu 247] [warning] replicating prompt of length 2178
[16:41:16.964837561|thread 2395760|cpu 247] [warning] replicating prompt of length 2277
[16:41:16.964838168|thread 2395760|cpu 247] [warning] replicating prompt of length 2376
[16:41:16.964838789|thread 2395760|cpu 247] [warning] replicating prompt of length 2475
[16:41:16.964839399|thread 2395760|cpu 247] [warning] replicating prompt of length 2574
[16:41:16.964839999|thread 2395760|cpu 247] [warning] replicating prompt of length 2673
[16:41:16.964840604|thread 2395760|cpu 247] [warning] replicating prompt of length 2772
[16:41:16.964841213|thread 2395760|cpu 247] [warning] replicating prompt of length 2871
[16:41:16.964841820|thread 2395760|cpu 247] [warning] replicating prompt of length 2970
[16:41:16.964842443|thread 2395760|cpu 247] [warning] replicating prompt of length 3069
[16:41:16.964843056|thread 2395760|cpu 247] [warning] replicating prompt of length 3168
[16:41:16.964843926|thread 2395760|cpu 247] [warning] replicating prompt of length 3267
[16:41:16.964844563|thread 2395760|cpu 247] [warning] replicating prompt of length 3366
[16:41:16.964845171|thread 2395760|cpu 247] [warning] replicating prompt of length 3465
[16:41:16.964845784|thread 2395760|cpu 247] [warning] replicating prompt of length 3564
[16:41:16.964846406|thread 2395760|cpu 247] [warning] replicating prompt of length 3663
[16:41:16.964847017|thread 2395760|cpu 247] [warning] replicating prompt of length 3762
[16:41:16.964847633|thread 2395760|cpu 247] [warning] replicating prompt of length 3861
[16:41:16.964848241|thread 2395760|cpu 247] [warning] replicating prompt of length 3960
[16:41:16.964848853|thread 2395760|cpu 247] [warning] replicating prompt of length 4059
[16:41:16.964849473|thread 2395760|cpu 247] [warning] replicating prompt of length 4158
[16:41:16.964850078|thread 2395760|cpu 247] [warning] replicating prompt of length 4257
[16:41:16.964850701|thread 2395760|cpu 247] [warning] replicating prompt of length 4356
[16:41:16.964852043|thread 2395760|cpu 247] [warning] replicating prompt of length 4455
[16:41:16.964852705|thread 2395760|cpu 247] [warning] replicating prompt of length 4554
[16:41:16.964853322|thread 2395760|cpu 247] [warning] replicating prompt of length 4653
[16:41:16.964853961|thread 2395760|cpu 247] [warning] replicating prompt of length 4752
[16:41:16.964854582|thread 2395760|cpu 247] [warning] replicating prompt of length 4851
[16:41:16.964855203|thread 2395760|cpu 247] [warning] replicating prompt of length 4950
[16:41:16.964855822|thread 2395760|cpu 247] [warning] replicating prompt of length 5049
[16:41:16.964856475|thread 2395760|cpu 247] [warning] replicating prompt of length 5148
[16:41:16.964857087|thread 2395760|cpu 247] [warning] replicating prompt of length 5247
[16:41:16.964857703|thread 2395760|cpu 247] [warning] replicating prompt of length 5346
[16:41:16.964858310|thread 2395760|cpu 247] [warning] replicating prompt of length 5445
[16:41:16.964858926|thread 2395760|cpu 247] [warning] replicating prompt of length 5544
[16:41:16.964859535|thread 2395760|cpu 247] [warning] replicating prompt of length 5643
[16:41:16.964860171|thread 2395760|cpu 247] [warning] replicating prompt of length 5742
[16:41:16.964860780|thread 2395760|cpu 247] [warning] replicating prompt of length 5841
[16:41:16.964861388|thread 2395760|cpu 247] [warning] replicating prompt of length 5940
[16:41:16.964862014|thread 2395760|cpu 247] [warning] replicating prompt of length 6039
[16:41:16.964862647|thread 2395760|cpu 247] [warning] replicating prompt of length 6138
[16:41:16.964863261|thread 2395760|cpu 247] [warning] replicating prompt of length 6237
[16:41:16.964863869|thread 2395760|cpu 247] [warning] replicating prompt of length 6336
[16:41:16.964866187|thread 2395760|cpu 247] [warning] replicating prompt of length 6435
[16:41:16.964866844|thread 2395760|cpu 247] [warning] replicating prompt of length 6534
[16:41:16.964867458|thread 2395760|cpu 247] [warning] replicating prompt of length 6633
[16:41:16.964868095|thread 2395760|cpu 247] [warning] replicating prompt of length 6732
[16:41:16.964868716|thread 2395760|cpu 247] [warning] replicating prompt of length 6831
[16:41:16.964869360|thread 2395760|cpu 247] [warning] replicating prompt of length 6930
[16:41:16.964869983|thread 2395760|cpu 247] [warning] replicating prompt of length 7029
[16:41:16.964870601|thread 2395760|cpu 247] [warning] replicating prompt of length 7128
[16:41:16.964871229|thread 2395760|cpu 247] [warning] replicating prompt of length 7227
[16:41:16.964871861|thread 2395760|cpu 247] [warning] replicating prompt of length 7326
[16:41:16.964872481|thread 2395760|cpu 247] [warning] replicating prompt of length 7425
[16:41:16.964873102|thread 2395760|cpu 247] [warning] replicating prompt of length 7524
[16:41:16.964873718|thread 2395760|cpu 247] [warning] replicating prompt of length 7623
[16:41:16.964874376|thread 2395760|cpu 247] [warning] replicating prompt of length 7722
[16:41:16.964875004|thread 2395760|cpu 247] [warning] replicating prompt of length 7821
[16:41:16.964875617|thread 2395760|cpu 247] [warning] replicating prompt of length 7920
[16:41:16.964876252|thread 2395760|cpu 247] [warning] replicating prompt of length 8019
[16:41:16.964876865|thread 2395760|cpu 247] [warning] replicating prompt of length 8118
[16:41:16.964877509|thread 2395760|cpu 247] [warning] replicating prompt of length 310
[16:41:16.964878292|thread 2395760|cpu 247] [warning] replicating prompt of length 620
[16:41:16.964879009|thread 2395760|cpu 247] [warning] replicating prompt of length 930
[16:41:16.964879673|thread 2395760|cpu 247] [warning] replicating prompt of length 1240
[16:41:16.964880399|thread 2395760|cpu 247] [warning] replicating prompt of length 1550
[16:41:16.964881022|thread 2395760|cpu 247] [warning] replicating prompt of length 1860
[16:41:16.964881640|thread 2395760|cpu 247] [warning] replicating prompt of length 2170
[16:41:16.964882275|thread 2395760|cpu 247] [warning] replicating prompt of length 2480
[16:41:16.964883061|thread 2395760|cpu 247] [warning] replicating prompt of length 2790
[16:41:16.964884506|thread 2395760|cpu 247] [warning] replicating prompt of length 3100
[16:41:16.964885153|thread 2395760|cpu 247] [warning] replicating prompt of length 3410
[16:41:16.964885787|thread 2395760|cpu 247] [warning] replicating prompt of length 3720
[16:41:16.964886399|thread 2395760|cpu 247] [warning] replicating prompt of length 4030
[16:41:16.964887023|thread 2395760|cpu 247] [warning] replicating prompt of length 4340
[16:41:16.964889955|thread 2395760|cpu 247] [warning] replicating prompt of length 4650
[16:41:16.964890603|thread 2395760|cpu 247] [warning] replicating prompt of length 4960
[16:41:16.964892573|thread 2395760|cpu 247] [warning] replicating prompt of length 5270
[16:41:16.964893306|thread 2395760|cpu 247] [warning] replicating prompt of length 5580
[16:41:16.964893971|thread 2395760|cpu 247] [warning] replicating prompt of length 5890
[16:41:16.964894610|thread 2395760|cpu 247] [warning] replicating prompt of length 6200
[16:41:16.964895301|thread 2395760|cpu 247] [warning] replicating prompt of length 6510
[16:41:16.964895918|thread 2395760|cpu 247] [warning] replicating prompt of length 6820
[16:41:16.964896558|thread 2395760|cpu 247] [warning] replicating prompt of length 7130
[16:41:16.964897166|thread 2395760|cpu 247] [warning] replicating prompt of length 7440
[16:41:16.964897784|thread 2395760|cpu 247] [warning] replicating prompt of length 7750
[16:41:16.964898444|thread 2395760|cpu 247] [warning] replicating prompt of length 8060
[16:41:16.964899087|thread 2395760|cpu 247] [warning] replicating prompt of length 167
[16:41:16.964899894|thread 2395760|cpu 247] [warning] replicating prompt of length 334
[16:41:16.964900648|thread 2395760|cpu 247] [warning] replicating prompt of length 501
[16:41:16.964901327|thread 2395760|cpu 247] [warning] replicating prompt of length 668
[16:41:16.964902068|thread 2395760|cpu 247] [warning] replicating prompt of length 835
[16:41:16.964902708|thread 2395760|cpu 247] [warning] replicating prompt of length 1002
[16:41:16.964903335|thread 2395760|cpu 247] [warning] replicating prompt of length 1169
[16:41:16.964903963|thread 2395760|cpu 247] [warning] replicating prompt of length 1336
[16:41:16.964904723|thread 2395760|cpu 247] [warning] replicating prompt of length 1503
[16:41:16.964905347|thread 2395760|cpu 247] [warning] replicating prompt of length 1670
[16:41:16.964905981|thread 2395760|cpu 247] [warning] replicating prompt of length 1837
[16:41:16.964906596|thread 2395760|cpu 247] [warning] replicating prompt of length 2004
[16:41:16.964907224|thread 2395760|cpu 247] [warning] replicating prompt of length 2171
[16:41:16.964907888|thread 2395760|cpu 247] [warning] replicating prompt of length 2338
[16:41:16.964908508|thread 2395760|cpu 247] [warning] replicating prompt of length 2505
[16:41:16.964909132|thread 2395760|cpu 247] [warning] replicating prompt of length 2672
[16:41:16.964910027|thread 2395760|cpu 247] [warning] replicating prompt of length 2839
[16:41:16.964910656|thread 2395760|cpu 247] [warning] replicating prompt of length 3006
[16:41:16.964911319|thread 2395760|cpu 247] [warning] replicating prompt of length 3173
[16:41:16.964911963|thread 2395760|cpu 247] [warning] replicating prompt of length 3340
[16:41:16.964912586|thread 2395760|cpu 247] [warning] replicating prompt of length 3507
[16:41:16.964913203|thread 2395760|cpu 247] [warning] replicating prompt of length 3674
[16:41:16.964913844|thread 2395760|cpu 247] [warning] replicating prompt of length 3841
[16:41:16.964914455|thread 2395760|cpu 247] [warning] replicating prompt of length 4008
[16:41:16.964915091|thread 2395760|cpu 247] [warning] replicating prompt of length 4175
[16:41:16.964915717|thread 2395760|cpu 247] [warning] replicating prompt of length 4342
[16:41:16.964916360|thread 2395760|cpu 247] [warning] replicating prompt of length 4509
[16:41:16.964916984|thread 2395760|cpu 247] [warning] replicating prompt of length 4676
[16:41:16.964917612|thread 2395760|cpu 247] [warning] replicating prompt of length 4843
[16:41:16.964918276|thread 2395760|cpu 247] [warning] replicating prompt of length 5010
[16:41:16.964919581|thread 2395760|cpu 247] [warning] replicating prompt of length 5177
[16:41:16.964920233|thread 2395760|cpu 247] [warning] replicating prompt of length 5344
[16:41:16.964922290|thread 2395760|cpu 247] [warning] replicating prompt of length 5511
[16:41:16.964923046|thread 2395760|cpu 247] [warning] replicating prompt of length 5678
[16:41:16.964923668|thread 2395760|cpu 247] [warning] replicating prompt of length 5845
[16:41:16.964924286|thread 2395760|cpu 247] [warning] replicating prompt of length 6012
[16:41:16.964924899|thread 2395760|cpu 247] [warning] replicating prompt of length 6179
[16:41:16.964925566|thread 2395760|cpu 247] [warning] replicating prompt of length 6346
[16:41:16.964926218|thread 2395760|cpu 247] [warning] replicating prompt of length 6513
[16:41:16.964926840|thread 2395760|cpu 247] [warning] replicating prompt of length 6680
[16:41:16.964927462|thread 2395760|cpu 247] [warning] replicating prompt of length 6847
[16:41:16.964928090|thread 2395760|cpu 247] [warning] replicating prompt of length 7014
[16:41:16.964928712|thread 2395760|cpu 247] [warning] replicating prompt of length 7181
[16:41:16.964929346|thread 2395760|cpu 247] [warning] replicating prompt of length 7348
[16:41:16.964929992|thread 2395760|cpu 247] [warning] replicating prompt of length 7515
[16:41:16.964930621|thread 2395760|cpu 247] [warning] replicating prompt of length 7682
[16:41:16.964931242|thread 2395760|cpu 247] [warning] replicating prompt of length 7849
[16:41:16.964931856|thread 2395760|cpu 247] [warning] replicating prompt of length 8016
[16:41:16.964932463|thread 2395760|cpu 247] [warning] replicating prompt of length 8183
[16:41:16.964933109|thread 2395760|cpu 247] [warning] replicating prompt of length 271
[16:41:16.964933813|thread 2395760|cpu 247] [warning] replicating prompt of length 542
[16:41:16.964934508|thread 2395760|cpu 247] [warning] replicating prompt of length 813
[16:41:16.964935162|thread 2395760|cpu 247] [warning] replicating prompt of length 1084
[16:41:16.964935852|thread 2395760|cpu 247] [warning] replicating prompt of length 1355
[16:41:16.964936483|thread 2395760|cpu 247] [warning] replicating prompt of length 1626
[16:41:16.964937108|thread 2395760|cpu 247] [warning] replicating prompt of length 1897
[16:41:16.964937733|thread 2395760|cpu 247] [warning] replicating prompt of length 2168
[16:41:16.964938578|thread 2395760|cpu 247] [warning] replicating prompt of length 2439
[16:41:16.964939220|thread 2395760|cpu 247] [warning] replicating prompt of length 2710
[16:41:16.964939843|thread 2395760|cpu 247] [warning] replicating prompt of length 2981
[16:41:16.964940492|thread 2395760|cpu 247] [warning] replicating prompt of length 3252
[16:41:16.964941102|thread 2395760|cpu 247] [warning] replicating prompt of length 3523
[16:41:16.964941726|thread 2395760|cpu 247] [warning] replicating prompt of length 3794
[16:41:16.964942338|thread 2395760|cpu 247] [warning] replicating prompt of length 4065
[16:41:16.964942968|thread 2395760|cpu 247] [warning] replicating prompt of length 4336
[16:41:16.964945032|thread 2395760|cpu 247] [warning] replicating prompt of length 4607
[16:41:16.964945713|thread 2395760|cpu 247] [warning] replicating prompt of length 4878
[16:41:16.964946336|thread 2395760|cpu 247] [warning] replicating prompt of length 5149
[16:41:16.964947014|thread 2395760|cpu 247] [warning] replicating prompt of length 5420
[16:41:16.964947689|thread 2395760|cpu 247] [warning] replicating prompt of length 5691
[16:41:16.964948313|thread 2395760|cpu 247] [warning] replicating prompt of length 5962
[16:41:16.964948920|thread 2395760|cpu 247] [warning] replicating prompt of length 6233
[16:41:16.964949588|thread 2395760|cpu 247] [warning] replicating prompt of length 6504
[16:41:16.964950237|thread 2395760|cpu 247] [warning] replicating prompt of length 6775
[16:41:16.964950848|thread 2395760|cpu 247] [warning] replicating prompt of length 7046
[16:41:16.964951474|thread 2395760|cpu 247] [warning] replicating prompt of length 7317
[16:41:16.964952836|thread 2395760|cpu 247] [warning] replicating prompt of length 7588
[16:41:16.964953485|thread 2395760|cpu 247] [warning] replicating prompt of length 7859
[16:41:16.964954124|thread 2395760|cpu 247] [warning] replicating prompt of length 8130
[16:41:16.964954785|thread 2395760|cpu 247] [warning] replicating prompt of length 674
[16:41:16.964955595|thread 2395760|cpu 247] [warning] replicating prompt of length 1348
[16:41:16.964958320|thread 2395760|cpu 247] [warning] replicating prompt of length 2022
[16:41:16.964958988|thread 2395760|cpu 247] [warning] replicating prompt of length 2696
[16:41:16.964959771|thread 2395760|cpu 247] [warning] replicating prompt of length 3370
[16:41:16.964960409|thread 2395760|cpu 247] [warning] replicating prompt of length 4044
[16:41:16.964961043|thread 2395760|cpu 247] [warning] replicating prompt of length 4718
[16:41:16.964961674|thread 2395760|cpu 247] [warning] replicating prompt of length 5392
[16:41:16.964963676|thread 2395760|cpu 247] [warning] replicating prompt of length 6066
[16:41:16.964964439|thread 2395760|cpu 247] [warning] replicating prompt of length 6740
[16:41:16.964965160|thread 2395760|cpu 247] [warning] replicating prompt of length 7414
[16:41:16.964965884|thread 2395760|cpu 247] [warning] replicating prompt of length 8088
[16:41:16.964966569|thread 2395760|cpu 247] [warning] replicating prompt of length 175
[16:41:16.964967286|thread 2395760|cpu 247] [warning] replicating prompt of length 350
[16:41:16.964967970|thread 2395760|cpu 247] [warning] replicating prompt of length 525
[16:41:16.964968617|thread 2395760|cpu 247] [warning] replicating prompt of length 700
[16:41:16.964969306|thread 2395760|cpu 247] [warning] replicating prompt of length 875
[16:41:16.964969928|thread 2395760|cpu 247] [warning] replicating prompt of length 1050
[16:41:16.964970588|thread 2395760|cpu 247] [warning] replicating prompt of length 1225
[16:41:16.964971222|thread 2395760|cpu 247] [warning] replicating prompt of length 1400
[16:41:16.964971977|thread 2395760|cpu 247] [warning] replicating prompt of length 1575
[16:41:16.964972623|thread 2395760|cpu 247] [warning] replicating prompt of length 1750
[16:41:16.964973257|thread 2395760|cpu 247] [warning] replicating prompt of length 1925
[16:41:16.964973874|thread 2395760|cpu 247] [warning] replicating prompt of length 2100
[16:41:16.964974520|thread 2395760|cpu 247] [warning] replicating prompt of length 2275
[16:41:16.964975141|thread 2395760|cpu 247] [warning] replicating prompt of length 2450
[16:41:16.964975762|thread 2395760|cpu 247] [warning] replicating prompt of length 2625
[16:41:16.964976389|thread 2395760|cpu 247] [warning] replicating prompt of length 2800
[16:41:16.964977170|thread 2395760|cpu 247] [warning] replicating prompt of length 2975
[16:41:16.964977817|thread 2395760|cpu 247] [warning] replicating prompt of length 3150
[16:41:16.964978437|thread 2395760|cpu 247] [warning] replicating prompt of length 3325
[16:41:16.964979060|thread 2395760|cpu 247] [warning] replicating prompt of length 3500
[16:41:16.964979682|thread 2395760|cpu 247] [warning] replicating prompt of length 3675
[16:41:16.964980314|thread 2395760|cpu 247] [warning] replicating prompt of length 3850
[16:41:16.964980946|thread 2395760|cpu 247] [warning] replicating prompt of length 4025
[16:41:16.964981578|thread 2395760|cpu 247] [warning] replicating prompt of length 4200
[16:41:16.964982214|thread 2395760|cpu 247] [warning] replicating prompt of length 4375
[16:41:16.964982825|thread 2395760|cpu 247] [warning] replicating prompt of length 4550
[16:41:16.964983456|thread 2395760|cpu 247] [warning] replicating prompt of length 4725
[16:41:16.964984066|thread 2395760|cpu 247] [warning] replicating prompt of length 4900
[16:41:16.964984683|thread 2395760|cpu 247] [warning] replicating prompt of length 5075
[16:41:16.964985286|thread 2395760|cpu 247] [warning] replicating prompt of length 5250
[16:41:16.964985892|thread 2395760|cpu 247] [warning] replicating prompt of length 5425
[16:41:16.964986509|thread 2395760|cpu 247] [warning] replicating prompt of length 5600
[16:41:16.964988893|thread 2395760|cpu 247] [warning] replicating prompt of length 5775
[16:41:16.964989683|thread 2395760|cpu 247] [warning] replicating prompt of length 5950
[16:41:16.964990296|thread 2395760|cpu 247] [warning] replicating prompt of length 6125
[16:41:16.964990900|thread 2395760|cpu 247] [warning] replicating prompt of length 6300
[16:41:16.964991545|thread 2395760|cpu 247] [warning] replicating prompt of length 6475
[16:41:16.964992159|thread 2395760|cpu 247] [warning] replicating prompt of length 6650
[16:41:16.964992772|thread 2395760|cpu 247] [warning] replicating prompt of length 6825
[16:41:16.964993397|thread 2395760|cpu 247] [warning] replicating prompt of length 7000
[16:41:16.964994012|thread 2395760|cpu 247] [warning] replicating prompt of length 7175
[16:41:16.964994660|thread 2395760|cpu 247] [warning] replicating prompt of length 7350
[16:41:16.964995280|thread 2395760|cpu 247] [warning] replicating prompt of length 7525
[16:41:16.964995900|thread 2395760|cpu 247] [warning] replicating prompt of length 7700
[16:41:16.964996512|thread 2395760|cpu 247] [warning] replicating prompt of length 7875
[16:41:16.964997151|thread 2395760|cpu 247] [warning] replicating prompt of length 8050
[16:41:16.964997770|thread 2395760|cpu 247] [warning] replicating prompt of length 274
[16:41:16.964998528|thread 2395760|cpu 247] [warning] replicating prompt of length 548
[16:41:16.964999233|thread 2395760|cpu 247] [warning] replicating prompt of length 822
[16:41:16.964999869|thread 2395760|cpu 247] [warning] replicating prompt of length 1096
[16:41:16.965000575|thread 2395760|cpu 247] [warning] replicating prompt of length 1370
[16:41:16.965001197|thread 2395760|cpu 247] [warning] replicating prompt of length 1644
[16:41:16.965001821|thread 2395760|cpu 247] [warning] replicating prompt of length 1918
[16:41:16.965002455|thread 2395760|cpu 247] [warning] replicating prompt of length 2192
[16:41:16.965003304|thread 2395760|cpu 247] [warning] replicating prompt of length 2466
[16:41:16.965003986|thread 2395760|cpu 247] [warning] replicating prompt of length 2740
[16:41:16.965004602|thread 2395760|cpu 247] [warning] replicating prompt of length 3014
[16:41:16.965005217|thread 2395760|cpu 247] [warning] replicating prompt of length 3288
[16:41:16.965005848|thread 2395760|cpu 247] [warning] replicating prompt of length 3562
[16:41:16.965006485|thread 2395760|cpu 247] [warning] replicating prompt of length 3836
[16:41:16.965007098|thread 2395760|cpu 247] [warning] replicating prompt of length 4110
[16:41:16.965007741|thread 2395760|cpu 247] [warning] replicating prompt of length 4384
[16:41:16.965009787|thread 2395760|cpu 247] [warning] replicating prompt of length 4658
[16:41:16.965010499|thread 2395760|cpu 247] [warning] replicating prompt of length 4932
[16:41:16.965011127|thread 2395760|cpu 247] [warning] replicating prompt of length 5206
[16:41:16.965011749|thread 2395760|cpu 247] [warning] replicating prompt of length 5480
[16:41:16.965012382|thread 2395760|cpu 247] [warning] replicating prompt of length 5754
[16:41:16.965013011|thread 2395760|cpu 247] [warning] replicating prompt of length 6028
[16:41:16.965013617|thread 2395760|cpu 247] [warning] replicating prompt of length 6302
[16:41:16.965014263|thread 2395760|cpu 247] [warning] replicating prompt of length 6576
[16:41:16.965014867|thread 2395760|cpu 247] [warning] replicating prompt of length 6850
[16:41:16.965015502|thread 2395760|cpu 247] [warning] replicating prompt of length 7124
[16:41:16.965016113|thread 2395760|cpu 247] [warning] replicating prompt of length 7398
[16:41:16.965016781|thread 2395760|cpu 247] [warning] replicating prompt of length 7672
[16:41:16.965017388|thread 2395760|cpu 247] [warning] replicating prompt of length 7946
[16:41:16.965018039|thread 2395760|cpu 247] [warning] replicating prompt of length 330
[16:41:16.965018801|thread 2395760|cpu 247] [warning] replicating prompt of length 660
[16:41:16.965019490|thread 2395760|cpu 247] [warning] replicating prompt of length 990
[16:41:16.965021601|thread 2395760|cpu 247] [warning] replicating prompt of length 1320
[16:41:16.965022473|thread 2395760|cpu 247] [warning] replicating prompt of length 1650
[16:41:16.965023110|thread 2395760|cpu 247] [warning] replicating prompt of length 1980
[16:41:16.965023733|thread 2395760|cpu 247] [warning] replicating prompt of length 2310
[16:41:16.965024357|thread 2395760|cpu 247] [warning] replicating prompt of length 2640
[16:41:16.965027198|thread 2395760|cpu 247] [warning] replicating prompt of length 2970
[16:41:16.965027899|thread 2395760|cpu 247] [warning] replicating prompt of length 3300
[16:41:16.965028547|thread 2395760|cpu 247] [warning] replicating prompt of length 3630
[16:41:16.965029193|thread 2395760|cpu 247] [warning] replicating prompt of length 3960
[16:41:16.965029818|thread 2395760|cpu 247] [warning] replicating prompt of length 4290
[16:41:16.965030449|thread 2395760|cpu 247] [warning] replicating prompt of length 4620
[16:41:16.965031114|thread 2395760|cpu 247] [warning] replicating prompt of length 4950
[16:41:16.965031742|thread 2395760|cpu 247] [warning] replicating prompt of length 5280
[16:41:16.965033914|thread 2395760|cpu 247] [warning] replicating prompt of length 5610
[16:41:16.965034646|thread 2395760|cpu 247] [warning] replicating prompt of length 5940
[16:41:16.965035273|thread 2395760|cpu 247] [warning] replicating prompt of length 6270
[16:41:16.965035934|thread 2395760|cpu 247] [warning] replicating prompt of length 6600
[16:41:16.965036549|thread 2395760|cpu 247] [warning] replicating prompt of length 6930
[16:41:16.965037187|thread 2395760|cpu 247] [warning] replicating prompt of length 7260
[16:41:16.965037859|thread 2395760|cpu 247] [warning] replicating prompt of length 7590
[16:41:16.965038481|thread 2395760|cpu 247] [warning] replicating prompt of length 7920
[16:41:16.965039121|thread 2395760|cpu 247] [warning] replicating prompt of length 90
[16:41:16.965039891|thread 2395760|cpu 247] [warning] replicating prompt of length 180
[16:41:16.965045270|thread 2395760|cpu 247] [warning] replicating prompt of length 270
[16:41:16.965045913|thread 2395760|cpu 247] [warning] replicating prompt of length 360
[16:41:16.965046572|thread 2395760|cpu 247] [warning] replicating prompt of length 450
[16:41:16.965047224|thread 2395760|cpu 247] [warning] replicating prompt of length 540
[16:41:16.965047871|thread 2395760|cpu 247] [warning] replicating prompt of length 630
[16:41:16.965048496|thread 2395760|cpu 247] [warning] replicating prompt of length 720
[16:41:16.965049153|thread 2395760|cpu 247] [warning] replicating prompt of length 810
[16:41:16.965049772|thread 2395760|cpu 247] [warning] replicating prompt of length 900
[16:41:16.965050396|thread 2395760|cpu 247] [warning] replicating prompt of length 990
[16:41:16.965051021|thread 2395760|cpu 247] [warning] replicating prompt of length 1080
[16:41:16.965051649|thread 2395760|cpu 247] [warning] replicating prompt of length 1170
[16:41:16.965052317|thread 2395760|cpu 247] [warning] replicating prompt of length 1260
[16:41:16.965052944|thread 2395760|cpu 247] [warning] replicating prompt of length 1350
[16:41:16.965053564|thread 2395760|cpu 247] [warning] replicating prompt of length 1440
[16:41:16.965054278|thread 2395760|cpu 247] [warning] replicating prompt of length 1530
[16:41:16.965054904|thread 2395760|cpu 247] [warning] replicating prompt of length 1620
[16:41:16.965055523|thread 2395760|cpu 247] [warning] replicating prompt of length 1710
[16:41:16.965056165|thread 2395760|cpu 247] [warning] replicating prompt of length 1800
[16:41:16.965056773|thread 2395760|cpu 247] [warning] replicating prompt of length 1890
[16:41:16.965057379|thread 2395760|cpu 247] [warning] replicating prompt of length 1980
[16:41:16.965057980|thread 2395760|cpu 247] [warning] replicating prompt of length 2070
[16:41:16.965058583|thread 2395760|cpu 247] [warning] replicating prompt of length 2160
[16:41:16.965059201|thread 2395760|cpu 247] [warning] replicating prompt of length 2250
[16:41:16.965059816|thread 2395760|cpu 247] [warning] replicating prompt of length 2340
[16:41:16.965061152|thread 2395760|cpu 247] [warning] replicating prompt of length 2430
[16:41:16.965061773|thread 2395760|cpu 247] [warning] replicating prompt of length 2520
[16:41:16.965062388|thread 2395760|cpu 247] [warning] replicating prompt of length 2610
[16:41:16.965062996|thread 2395760|cpu 247] [warning] replicating prompt of length 2700
[16:41:16.965063605|thread 2395760|cpu 247] [warning] replicating prompt of length 2790
[16:41:16.965064237|thread 2395760|cpu 247] [warning] replicating prompt of length 2880
[16:41:16.965065038|thread 2395760|cpu 247] [warning] replicating prompt of length 2970
[16:41:16.965065649|thread 2395760|cpu 247] [warning] replicating prompt of length 3060
[16:41:16.965066260|thread 2395760|cpu 247] [warning] replicating prompt of length 3150
[16:41:16.965066871|thread 2395760|cpu 247] [warning] replicating prompt of length 3240
[16:41:16.965067499|thread 2395760|cpu 247] [warning] replicating prompt of length 3330
[16:41:16.965068125|thread 2395760|cpu 247] [warning] replicating prompt of length 3420
[16:41:16.965068745|thread 2395760|cpu 247] [warning] replicating prompt of length 3510
[16:41:16.965069363|thread 2395760|cpu 247] [warning] replicating prompt of length 3600
[16:41:16.965069976|thread 2395760|cpu 247] [warning] replicating prompt of length 3690
[16:41:16.965070603|thread 2395760|cpu 247] [warning] replicating prompt of length 3780
[16:41:16.965071251|thread 2395760|cpu 247] [warning] replicating prompt of length 3870
[16:41:16.965071884|thread 2395760|cpu 247] [warning] replicating prompt of length 3960
[16:41:16.965072497|thread 2395760|cpu 247] [warning] replicating prompt of length 4050
[16:41:16.965073119|thread 2395760|cpu 247] [warning] replicating prompt of length 4140
[16:41:16.965073787|thread 2395760|cpu 247] [warning] replicating prompt of length 4230
[16:41:16.965074421|thread 2395760|cpu 247] [warning] replicating prompt of length 4320
[16:41:16.965075035|thread 2395760|cpu 247] [warning] replicating prompt of length 4410
[16:41:16.965075652|thread 2395760|cpu 247] [warning] replicating prompt of length 4500
[16:41:16.965076257|thread 2395760|cpu 247] [warning] replicating prompt of length 4590
[16:41:16.965076892|thread 2395760|cpu 247] [warning] replicating prompt of length 4680
[16:41:16.965077513|thread 2395760|cpu 247] [warning] replicating prompt of length 4770
[16:41:16.965078127|thread 2395760|cpu 247] [warning] replicating prompt of length 4860
[16:41:16.965078748|thread 2395760|cpu 247] [warning] replicating prompt of length 4950
[16:41:16.965079365|thread 2395760|cpu 247] [warning] replicating prompt of length 5040
[16:41:16.965079982|thread 2395760|cpu 247] [warning] replicating prompt of length 5130
[16:41:16.965080598|thread 2395760|cpu 247] [warning] replicating prompt of length 5220
[16:41:16.965081221|thread 2395760|cpu 247] [warning] replicating prompt of length 5310
[16:41:16.965081828|thread 2395760|cpu 247] [warning] replicating prompt of length 5400
[16:41:16.965082443|thread 2395760|cpu 247] [warning] replicating prompt of length 5490
[16:41:16.965083057|thread 2395760|cpu 247] [warning] replicating prompt of length 5580
[16:41:16.965083663|thread 2395760|cpu 247] [warning] replicating prompt of length 5670
[16:41:16.965084288|thread 2395760|cpu 247] [warning] replicating prompt of length 5760
[16:41:16.965086235|thread 2395760|cpu 247] [warning] replicating prompt of length 5850
[16:41:16.965086903|thread 2395760|cpu 247] [warning] replicating prompt of length 5940
[16:41:16.965087522|thread 2395760|cpu 247] [warning] replicating prompt of length 6030
[16:41:16.965088134|thread 2395760|cpu 247] [warning] replicating prompt of length 6120
[16:41:16.965088734|thread 2395760|cpu 247] [warning] replicating prompt of length 6210
[16:41:16.965089348|thread 2395760|cpu 247] [warning] replicating prompt of length 6300
[16:41:16.965089965|thread 2395760|cpu 247] [warning] replicating prompt of length 6390
[16:41:16.965090583|thread 2395760|cpu 247] [warning] replicating prompt of length 6480
[16:41:16.965091208|thread 2395760|cpu 247] [warning] replicating prompt of length 6570
[16:41:16.965093888|thread 2395760|cpu 247] [warning] replicating prompt of length 6660
[16:41:16.965094517|thread 2395760|cpu 247] [warning] replicating prompt of length 6750
[16:41:16.965095163|thread 2395760|cpu 247] [warning] replicating prompt of length 6840
[16:41:16.965095770|thread 2395760|cpu 247] [warning] replicating prompt of length 6930
[16:41:16.965098543|thread 2395760|cpu 247] [warning] replicating prompt of length 7020
[16:41:16.965099186|thread 2395760|cpu 247] [warning] replicating prompt of length 7110
[16:41:16.965099820|thread 2395760|cpu 247] [warning] replicating prompt of length 7200
[16:41:16.965100430|thread 2395760|cpu 247] [warning] replicating prompt of length 7290
[16:41:16.965101064|thread 2395760|cpu 247] [warning] replicating prompt of length 7380
[16:41:16.965101692|thread 2395760|cpu 247] [warning] replicating prompt of length 7470
[16:41:16.965102302|thread 2395760|cpu 247] [warning] replicating prompt of length 7560
[16:41:16.965102921|thread 2395760|cpu 247] [warning] replicating prompt of length 7650
[16:41:16.965103546|thread 2395760|cpu 247] [warning] replicating prompt of length 7740
[16:41:16.965104168|thread 2395760|cpu 247] [warning] replicating prompt of length 7830
[16:41:16.965104806|thread 2395760|cpu 247] [warning] replicating prompt of length 7920
[16:41:16.965105441|thread 2395760|cpu 247] [warning] replicating prompt of length 8010
[16:41:16.965106054|thread 2395760|cpu 247] [warning] replicating prompt of length 8100
[16:41:16.965106672|thread 2395760|cpu 247] [warning] replicating prompt of length 8190
[16:41:16.965107352|thread 2395760|cpu 247] [warning] replicating prompt of length 746
[16:41:16.965108192|thread 2395760|cpu 247] [warning] replicating prompt of length 1492
[16:41:16.965108906|thread 2395760|cpu 247] [warning] replicating prompt of length 2238
[16:41:16.965109546|thread 2395760|cpu 247] [warning] replicating prompt of length 2984
[16:41:16.965110428|thread 2395760|cpu 247] [warning] replicating prompt of length 3730
[16:41:16.965111109|thread 2395760|cpu 247] [warning] replicating prompt of length 4476
[16:41:16.965111767|thread 2395760|cpu 247] [warning] replicating prompt of length 5222
[16:41:16.965112416|thread 2395760|cpu 247] [warning] replicating prompt of length 5968
[16:41:16.965114472|thread 2395760|cpu 247] [warning] replicating prompt of length 6714
[16:41:16.965115284|thread 2395760|cpu 247] [warning] replicating prompt of length 7460
[16:41:16.965116038|thread 2395760|cpu 247] [warning] replicating prompt of length 1370
[16:41:16.965117003|thread 2395760|cpu 247] [warning] replicating prompt of length 2740
[16:41:16.965117812|thread 2395760|cpu 247] [warning] replicating prompt of length 4110
[16:41:16.965118491|thread 2395760|cpu 247] [warning] replicating prompt of length 5480
[16:41:16.965120625|thread 2395760|cpu 247] [warning] replicating prompt of length 6850
[16:41:16.965121467|thread 2395760|cpu 247] [warning] replicating prompt of length 3161
[16:41:16.965122842|thread 2395760|cpu 247] [warning] replicating prompt of length 6322
[16:41:16.965125555|thread 2395760|cpu 247] [warning] replicating prompt of length 3619
[16:41:16.965127103|thread 2395760|cpu 247] [warning] replicating prompt of length 7238
[16:41:16.965129529|thread 2395760|cpu 247] [warning] replicating prompt of length 4240
[16:41:16.965132673|thread 2395760|cpu 247] [warning] replicating prompt of length 781
[16:41:16.965133530|thread 2395760|cpu 247] [warning] replicating prompt of length 1562
[16:41:16.965134248|thread 2395760|cpu 247] [warning] replicating prompt of length 2343
[16:41:16.965134912|thread 2395760|cpu 247] [warning] replicating prompt of length 3124
[16:41:16.965135757|thread 2395760|cpu 247] [warning] replicating prompt of length 3905
[16:41:16.965136435|thread 2395760|cpu 247] [warning] replicating prompt of length 4686
[16:41:16.965137115|thread 2395760|cpu 247] [warning] replicating prompt of length 5467
[16:41:16.965137755|thread 2395760|cpu 247] [warning] replicating prompt of length 6248
[16:41:16.965140820|thread 2395760|cpu 247] [warning] replicating prompt of length 7029
[16:41:16.965141858|thread 2395760|cpu 247] [warning] replicating prompt of length 7810
[16:41:16.965142535|thread 2395760|cpu 247] [warning] replicating prompt of length 578
[16:41:16.965143317|thread 2395760|cpu 247] [warning] replicating prompt of length 1156
[16:41:16.965144047|thread 2395760|cpu 247] [warning] replicating prompt of length 1734
[16:41:16.965144687|thread 2395760|cpu 247] [warning] replicating prompt of length 2312
[16:41:16.965145464|thread 2395760|cpu 247] [warning] replicating prompt of length 2890
[16:41:16.965146095|thread 2395760|cpu 247] [warning] replicating prompt of length 3468
[16:41:16.965146707|thread 2395760|cpu 247] [warning] replicating prompt of length 4046
[16:41:16.965147391|thread 2395760|cpu 247] [warning] replicating prompt of length 4624
[16:41:16.965149195|thread 2395760|cpu 247] [warning] replicating prompt of length 5202
[16:41:16.965149958|thread 2395760|cpu 247] [warning] replicating prompt of length 5780
[16:41:16.965150630|thread 2395760|cpu 247] [warning] replicating prompt of length 6358
[16:41:16.965155710|thread 2395760|cpu 247] [warning] replicating prompt of length 6936
[16:41:16.965156507|thread 2395760|cpu 247] [warning] replicating prompt of length 7514
[16:41:16.965157187|thread 2395760|cpu 247] [warning] replicating prompt of length 8092
[16:41:16.965157827|thread 2395760|cpu 247] [warning] replicating prompt of length 438
[16:41:16.965158617|thread 2395760|cpu 247] [warning] replicating prompt of length 876
[16:41:16.965159470|thread 2395760|cpu 247] [warning] replicating prompt of length 1314
[16:41:16.965160147|thread 2395760|cpu 247] [warning] replicating prompt of length 1752
[16:41:16.965160910|thread 2395760|cpu 247] [warning] replicating prompt of length 2190
[16:41:16.965161544|thread 2395760|cpu 247] [warning] replicating prompt of length 2628
[16:41:16.965162173|thread 2395760|cpu 247] [warning] replicating prompt of length 3066
[16:41:16.965162807|thread 2395760|cpu 247] [warning] replicating prompt of length 3504
[16:41:16.965163645|thread 2395760|cpu 247] [warning] replicating prompt of length 3942
[16:41:16.965164306|thread 2395760|cpu 247] [warning] replicating prompt of length 4380
[16:41:16.965164920|thread 2395760|cpu 247] [warning] replicating prompt of length 4818
[16:41:16.965165550|thread 2395760|cpu 247] [warning] replicating prompt of length 5256
[16:41:16.965166166|thread 2395760|cpu 247] [warning] replicating prompt of length 5694
[16:41:16.965166805|thread 2395760|cpu 247] [warning] replicating prompt of length 6132
[16:41:16.965167430|thread 2395760|cpu 247] [warning] replicating prompt of length 6570
[16:41:16.965168067|thread 2395760|cpu 247] [warning] replicating prompt of length 7008
[16:41:16.965170460|thread 2395760|cpu 247] [warning] replicating prompt of length 7446
[16:41:16.965171166|thread 2395760|cpu 247] [warning] replicating prompt of length 7884
[16:41:16.965171911|thread 2395760|cpu 247] [warning] replicating prompt of length 2682
[16:41:16.965173119|thread 2395760|cpu 247] [warning] replicating prompt of length 5364
[16:41:16.965175645|thread 2395760|cpu 247] [warning] replicating prompt of length 8046
[16:41:16.965176342|thread 2395760|cpu 247] [warning] replicating prompt of length 5287
[16:41:16.965179230|thread 2395760|cpu 247] [warning] replicating prompt of length 5125
[16:41:16.965182145|thread 2395760|cpu 247] [warning] replicating prompt of length 471
[16:41:16.965183351|thread 2395760|cpu 247] [warning] replicating prompt of length 942
[16:41:16.965184129|thread 2395760|cpu 247] [warning] replicating prompt of length 1413
[16:41:16.965184760|thread 2395760|cpu 247] [warning] replicating prompt of length 1884
[16:41:16.965185698|thread 2395760|cpu 247] [warning] replicating prompt of length 2355
[16:41:16.965186336|thread 2395760|cpu 247] [warning] replicating prompt of length 2826
[16:41:16.965186962|thread 2395760|cpu 247] [warning] replicating prompt of length 3297
[16:41:16.965187628|thread 2395760|cpu 247] [warning] replicating prompt of length 3768
[16:41:16.965189540|thread 2395760|cpu 247] [warning] replicating prompt of length 4239
[16:41:16.965190268|thread 2395760|cpu 247] [warning] replicating prompt of length 4710
[16:41:16.965190879|thread 2395760|cpu 247] [warning] replicating prompt of length 5181
[16:41:16.965191541|thread 2395760|cpu 247] [warning] replicating prompt of length 5652
[16:41:16.965194485|thread 2395760|cpu 247] [warning] replicating prompt of length 6123
[16:41:16.965195205|thread 2395760|cpu 247] [warning] replicating prompt of length 6594
[16:41:16.965195848|thread 2395760|cpu 247] [warning] replicating prompt of length 7065
[16:41:16.965196491|thread 2395760|cpu 247] [warning] replicating prompt of length 7536
[16:41:16.965199002|thread 2395760|cpu 247] [warning] replicating prompt of length 8007
[16:41:16.965199676|thread 2395760|cpu 247] [warning] replicating prompt of length 2832
[16:41:16.965201134|thread 2395760|cpu 247] [warning] replicating prompt of length 5664
[16:41:16.965203514|thread 2395760|cpu 247] [warning] replicating prompt of length 4765
[16:41:16.965206747|thread 2395760|cpu 247] [warning] replicating prompt of length 1368
[16:41:16.965207794|thread 2395760|cpu 247] [warning] replicating prompt of length 2736
[16:41:16.965208598|thread 2395760|cpu 247] [warning] replicating prompt of length 4104
[16:41:16.965209303|thread 2395760|cpu 247] [warning] replicating prompt of length 5472
[16:41:16.965211399|thread 2395760|cpu 247] [warning] replicating prompt of length 6840
[16:41:16.965212260|thread 2395760|cpu 247] [warning] replicating prompt of length 1299
[16:41:16.965213196|thread 2395760|cpu 247] [warning] replicating prompt of length 2598
[16:41:16.965213983|thread 2395760|cpu 247] [warning] replicating prompt of length 3897
[16:41:16.965214662|thread 2395760|cpu 247] [warning] replicating prompt of length 5196
[16:41:16.965216812|thread 2395760|cpu 247] [warning] replicating prompt of length 6495
[16:41:16.965217733|thread 2395760|cpu 247] [warning] replicating prompt of length 7794
[16:41:16.965218412|thread 2395760|cpu 247] [warning] replicating prompt of length 5700
[16:41:16.965221472|thread 2395760|cpu 247] [warning] replicating prompt of length 1156
[16:41:16.965222432|thread 2395760|cpu 247] [warning] replicating prompt of length 2312
[16:41:16.965223188|thread 2395760|cpu 247] [warning] replicating prompt of length 3468
[16:41:16.965223880|thread 2395760|cpu 247] [warning] replicating prompt of length 4624
[16:41:16.965225805|thread 2395760|cpu 247] [warning] replicating prompt of length 5780
[16:41:16.965226628|thread 2395760|cpu 247] [warning] replicating prompt of length 6936
[16:41:16.965227516|thread 2395760|cpu 247] [warning] replicating prompt of length 8092
[16:41:16.965228172|thread 2395760|cpu 247] [warning] replicating prompt of length 1366
[16:41:16.965229133|thread 2395760|cpu 247] [warning] replicating prompt of length 2732
[16:41:16.965229917|thread 2395760|cpu 247] [warning] replicating prompt of length 4098
[16:41:16.965230609|thread 2395760|cpu 247] [warning] replicating prompt of length 5464
[16:41:16.965232857|thread 2395760|cpu 247] [warning] replicating prompt of length 6830
[16:41:16.965245274|thread 2395760|cpu 247] [info ] Processing 64 prompts
[16:41:16.966000944|thread 2395760|cpu 247] [debug] No model path specified, looking up default
[16:41:16.967040178|thread 2395760|cpu 247] [info ] Model ingested-qwen-3-4b-instruct-2507-tp2 at /opt/positron/weights_cache/cached/positron-ai/Qwen--Qwen3-4B-Instruct-2507-ingest-best-gptq-v1 not in cache 0x5f8787ff9e88, loading
[16:41:16.967089148|thread 2395760|cpu 247] [info ] Initializing devices took 5.23e-07 s
[16:41:16.967216066|thread 2395760|cpu 247] [info ] Loading all layers from /opt/positron/weights_cache/cached/positron-ai/Qwen--Qwen3-4B-Instruct-2507-ingest-best-gptq-v1
[16:41:16.967229286|thread 2395760|cpu 247] [info ] Using RotatedAmongDevices placement strategy with device_count=2, replicas=1
[16:41:16.967297859|thread 2395760|cpu 247] [info ] Sharded safetensors file found off directory name
[16:41:18.319423114|thread 2395760|cpu 247] [info ] Allocating and loading the model took 1.352326559 s 
[16:41:18.343667091|thread 2395760|cpu 247] [info ] Hw-Attn model params: hw_attn_params { kv_head_size: 128 n_kv_heads: 8 n_heads: 32 gqa: 4 pre_attn_scalar: 0.088388346 hw_layers: 0 }, 36 layers
[16:41:18.349556712|thread 2395760|cpu 247] [info ] HW attention disabled for model 'ingested-qwen-3-4b-instruct-2507-tp2': USE_HW_ATTN=0
[16:41:18.349579914|thread 2395760|cpu 247] [info ] Allocated state tron::model<tron::qwen_3_4b_instruct_2507_impl<tron::make_llm_executor<false, tron::hardware::tp2_min1k_tensor, tron::hardware::btensor, tron::hardware::dtensor> > >::state
[16:41:18.349588882|thread 2395760|cpu 247] [info ] Trying to use 64 GB for persistent KV cache (covering all models)
[16:41:18.349708361|thread 2395760|cpu 247] [info ] Duration between prompts is 0ms ± 0ms
[16:41:18.349728651|thread 2395760|cpu 247] [info ] Enqueueing prompt 1/64 consisting of 8192 tokens
[16:41:18.349938511|thread 2395760|cpu 247] [info ] Enqueueing prompt 2/64 consisting of 8192 tokens
[16:41:18.349950463|thread 2395760|cpu 247] [info ] Enqueueing prompt 3/64 consisting of 8192 tokens
[16:41:18.349962224|thread 2395760|cpu 247] [info ] Enqueueing prompt 4/64 consisting of 8192 tokens
[16:41:18.349973605|thread 2395760|cpu 247] [info ] Enqueueing prompt 5/64 consisting of 8192 tokens
[16:41:18.349985035|thread 2395760|cpu 247] [info ] Enqueueing prompt 6/64 consisting of 8192 tokens
[16:41:18.349996186|thread 2395760|cpu 247] [info ] Enqueueing prompt 7/64 consisting of 8192 tokens
[16:41:18.350008061|thread 2395760|cpu 247] [info ] Enqueueing prompt 8/64 consisting of 8192 tokens
[16:41:18.350018618|thread 2395760|cpu 247] [info ] Enqueueing prompt 9/64 consisting of 8192 tokens
[16:41:18.350030279|thread 2395760|cpu 247] [info ] Enqueueing prompt 10/64 consisting of 8192 tokens
[16:41:18.350041300|thread 2395760|cpu 247] [info ] Enqueueing prompt 11/64 consisting of 8192 tokens
[16:41:18.350052774|thread 2395760|cpu 247] [info ] Enqueueing prompt 12/64 consisting of 8192 tokens
[16:41:18.350063724|thread 2395760|cpu 247] [info ] Enqueueing prompt 13/64 consisting of 8192 tokens
[16:41:18.350077413|thread 2395760|cpu 247] [info ] Enqueueing prompt 14/64 consisting of 8192 tokens
[16:41:18.350089735|thread 2395760|cpu 247] [info ] Enqueueing prompt 15/64 consisting of 8192 tokens
[16:41:18.350101309|thread 2395760|cpu 247] [info ] Enqueueing prompt 16/64 consisting of 8192 tokens
[16:41:18.350112175|thread 2395760|cpu 247] [info ] Enqueueing prompt 17/64 consisting of 8192 tokens
[16:41:18.350122646|thread 2395760|cpu 247] [info ] Enqueueing prompt 18/64 consisting of 8192 tokens
[16:41:18.350133783|thread 2395760|cpu 247] [info ] Enqueueing prompt 19/64 consisting of 8192 tokens
[16:41:18.350145715|thread 2395760|cpu 247] [info ] Enqueueing prompt 20/64 consisting of 8192 tokens
[16:41:18.350459686|thread 2410599|cpu 247] [info ] KV cache footprint: 1.10 GB in 5 books
[16:41:18.350611247|thread 2410599|cpu 247] [info ] KV cache footprint: 2.20 GB in 10 books
[16:41:18.350762896|thread 2410599|cpu 247] [info ] KV cache footprint: 3.30 GB in 15 books
[16:41:18.353264441|thread 2395760|cpu 247] [info ] Enqueueing prompt 21/64 consisting of 8192 tokens
[16:41:18.353282911|thread 2395760|cpu 247] [info ] Enqueueing prompt 22/64 consisting of 8192 tokens
[16:41:18.353296168|thread 2395760|cpu 247] [info ] Enqueueing prompt 23/64 consisting of 8192 tokens
[16:41:18.353307811|thread 2395760|cpu 247] [info ] Enqueueing prompt 24/64 consisting of 8192 tokens
[16:41:18.353319453|thread 2395760|cpu 247] [info ] Enqueueing prompt 25/64 consisting of 8192 tokens
[16:41:18.353334018|thread 2395760|cpu 247] [info ] Enqueueing prompt 26/64 consisting of 8192 tokens
[16:41:18.353346605|thread 2395760|cpu 247] [info ] Enqueueing prompt 27/64 consisting of 8192 tokens
[16:41:18.353360300|thread 2395760|cpu 247] [info ] Enqueueing prompt 28/64 consisting of 8192 tokens
[16:41:18.353373571|thread 2395760|cpu 247] [info ] Enqueueing prompt 29/64 consisting of 8192 tokens
[16:41:18.353394879|thread 2395760|cpu 247] [info ] Enqueueing prompt 30/64 consisting of 8192 tokens
[16:41:18.353407565|thread 2395760|cpu 247] [info ] Enqueueing prompt 31/64 consisting of 8192 tokens
[16:41:18.353419360|thread 2395760|cpu 247] [info ] Enqueueing prompt 32/64 consisting of 8192 tokens
[16:41:18.353431057|thread 2395760|cpu 247] [info ] Enqueueing prompt 33/64 consisting of 8192 tokens
[16:41:18.353453217|thread 2395760|cpu 247] [info ] Enqueueing prompt 34/64 consisting of 8192 tokens
[16:41:18.353466183|thread 2395760|cpu 247] [info ] Enqueueing prompt 35/64 consisting of 8192 tokens
[16:41:18.353477699|thread 2395760|cpu 247] [info ] Enqueueing prompt 36/64 consisting of 8192 tokens
[16:41:18.353489215|thread 2395760|cpu 247] [info ] Enqueueing prompt 37/64 consisting of 8192 tokens
[16:41:18.353502026|thread 2395760|cpu 247] [info ] Enqueueing prompt 38/64 consisting of 8192 tokens
[16:41:18.353514613|thread 2395760|cpu 247] [info ] Enqueueing prompt 39/64 consisting of 8192 tokens
[16:41:18.353525556|thread 2395760|cpu 247] [info ] Enqueueing prompt 40/64 consisting of 8192 tokens
[16:41:18.353536555|thread 2395760|cpu 247] [info ] Enqueueing prompt 41/64 consisting of 8192 tokens
[16:41:18.353548135|thread 2395760|cpu 247] [info ] Enqueueing prompt 42/64 consisting of 8192 tokens
[16:41:18.353560168|thread 2395760|cpu 247] [info ] Enqueueing prompt 43/64 consisting of 8192 tokens
[16:41:18.353572587|thread 2395760|cpu 247] [info ] Enqueueing prompt 44/64 consisting of 8192 tokens
[16:41:18.353584212|thread 2395760|cpu 247] [info ] Enqueueing prompt 45/64 consisting of 8192 tokens
[16:41:18.353596045|thread 2395760|cpu 247] [info ] Enqueueing prompt 46/64 consisting of 8192 tokens
[16:41:18.353607483|thread 2395760|cpu 247] [info ] Enqueueing prompt 47/64 consisting of 8192 tokens
[16:41:18.353619885|thread 2395760|cpu 247] [info ] Enqueueing prompt 48/64 consisting of 8192 tokens
[16:41:18.353631444|thread 2395760|cpu 247] [info ] Enqueueing prompt 49/64 consisting of 8192 tokens
[16:41:18.353643656|thread 2395760|cpu 247] [info ] Enqueueing prompt 50/64 consisting of 8192 tokens
[16:41:18.353655751|thread 2395760|cpu 247] [info ] Enqueueing prompt 51/64 consisting of 8192 tokens
[16:41:18.353668125|thread 2395760|cpu 247] [info ] Enqueueing prompt 52/64 consisting of 8192 tokens
[16:41:18.353679799|thread 2395760|cpu 247] [info ] Enqueueing prompt 53/64 consisting of 8192 tokens
[16:41:18.353691011|thread 2395760|cpu 247] [info ] Enqueueing prompt 54/64 consisting of 8192 tokens
[16:41:18.353702502|thread 2395760|cpu 247] [info ] Enqueueing prompt 55/64 consisting of 8192 tokens
[16:41:18.353715613|thread 2395760|cpu 247] [info ] Enqueueing prompt 56/64 consisting of 8192 tokens
[16:41:18.353751998|thread 2395760|cpu 247] [info ] Enqueueing prompt 57/64 consisting of 8192 tokens
[16:41:18.353783830|thread 2395760|cpu 247] [info ] Enqueueing prompt 58/64 consisting of 8192 tokens
[16:41:18.353814532|thread 2395760|cpu 247] [info ] Enqueueing prompt 59/64 consisting of 8192 tokens
[16:41:18.353848935|thread 2395760|cpu 247] [info ] Enqueueing prompt 60/64 consisting of 8192 tokens
[16:41:18.353880743|thread 2395760|cpu 247] [info ] Enqueueing prompt 61/64 consisting of 8192 tokens
[16:41:18.353912240|thread 2395760|cpu 247] [info ] Enqueueing prompt 62/64 consisting of 8192 tokens
[16:41:18.353943849|thread 2395760|cpu 247] [info ] Enqueueing prompt 63/64 consisting of 8192 tokens
[16:41:18.353975048|thread 2395760|cpu 247] [info ] Enqueueing prompt 64/64 consisting of 8192 tokens
[16:41:18.703047074|thread 2410599|cpu 247] [info ] KV cache footprint: 4.39 GB in 20 books
[16:41:18.703154394|thread 2410599|cpu 247] [info ] KV cache footprint: 5.49 GB in 25 books
[16:41:18.703234578|thread 2410599|cpu 247] [info ] KV cache footprint: 6.59 GB in 30 books
[16:41:18.703306957|thread 2410599|cpu 247] [info ] KV cache footprint: 7.69 GB in 35 books
[16:41:18.703431109|thread 2410599|cpu 247] [info ] KV cache footprint: 8.79 GB in 40 books
[16:41:18.703584598|thread 2410599|cpu 247] [info ] KV cache footprint: 9.89 GB in 45 books
[16:41:18.703751656|thread 2410599|cpu 247] [info ] KV cache footprint: 10.99 GB in 50 books
[16:41:18.703899892|thread 2410599|cpu 247] [info ] KV cache footprint: 12.08 GB in 55 books
[16:41:18.704055813|thread 2410599|cpu 247] [info ] KV cache footprint: 13.20 GB in 61 books
[16:41:23.870139191|thread 2410599|cpu 247] [info ] KV cache footprint: 14.30 GB in 66 books
[16:41:24.469226223|thread 2410599|cpu 247] [info ] KV cache footprint: 15.40 GB in 71 books
[16:41:33.559559260|thread 2410599|cpu 247] [info ] KV cache footprint: 16.50 GB in 76 books
[16:41:44.686356574|thread 2410599|cpu 247] [info ] KV cache footprint: 17.60 GB in 81 books
[16:41:45.836729418|thread 2410599|cpu 247] [info ] KV cache footprint: 18.69 GB in 86 books
[16:42:01.291038219|thread 2410599|cpu 247] [info ] KV cache footprint: 19.79 GB in 91 books
[16:42:01.291179228|thread 2410599|cpu 247] [info ] KV cache footprint: 20.89 GB in 96 books
[16:42:19.904511103|thread 2410599|cpu 247] [info ] KV cache footprint: 21.99 GB in 101 books
[16:42:25.045770100|thread 2410573|cpu 247] [info ] [Request 15] Parsing the prompt took 66.69566852 s at 122.82656702876393 tokens/s
[16:42:25.045770191|thread 2410572|cpu 247] [info ] [Request 1] Parsing the prompt took 66.696029124 s at 122.82590294498024 tokens/s
[16:42:26.506097883|thread 2410576|cpu 247] [info ] [Request 32] Parsing the prompt took 68.15266605 s at 120.20072690905393 tokens/s
[16:42:26.506097920|thread 2410575|cpu 247] [info ] [Request 29] Parsing the prompt took 68.152704799 s at 120.2006585675555 tokens/s
[16:42:26.506097911|thread 2410574|cpu 247] [info ] [Request 26] Parsing the prompt took 68.152751645 s at 120.20057594550555 tokens/s
[16:42:26.506099891|thread 2410577|cpu 247] [info ] [Request 42] Parsing the prompt took 68.152543606 s at 120.20094286369078 tokens/s
[16:42:26.506097911|thread 2410579|cpu 247] [info ] [Request 47] Parsing the prompt took 68.152478624 s at 120.20105747284113 tokens/s
[16:42:26.506097801|thread 2410578|cpu 247] [info ] [Request 44] Parsing the prompt took 68.152512819 s at 120.20099716288351 tokens/s
[16:42:34.005506002|thread 2410599|cpu 247] [info ] KV cache footprint: 23.09 GB in 106 books
[16:42:34.784571300|thread 2410599|cpu 247] [info ] KV cache footprint: 24.19 GB in 111 books
[16:42:44.413514640|thread 2410599|cpu 247] [info ] KV cache footprint: 25.29 GB in 116 books
[16:42:57.851093454|thread 2410599|cpu 247] [info ] KV cache footprint: 26.38 GB in 121 books
[16:42:59.123444122|thread 2410599|cpu 247] [info ] KV cache footprint: 27.48 GB in 126 books
[16:43:14.217002685|thread 2410599|cpu 247] [info ] KV cache footprint: 28.58 GB in 131 books
[16:43:33.466021696|thread 2410599|cpu 247] [info ] KV cache footprint: 29.68 GB in 136 books
[16:43:35.223868559|thread 2410599|cpu 247] [info ] KV cache footprint: 30.78 GB in 141 books
[16:43:36.948144867|thread 2410572|cpu 247] [info ] [Request 1] Generating 61 response tokens with 8193 context took 70.442060 s at 0.866 average tok/s, or 1154.788 ms/tok
[16:43:36.948181612|thread 2410572|cpu 247] [info ] [Request 1] Request with 8192 tokens in and 64 out (sequence limit) saw 66.696029 s TTFT and 138.598402 s TTLT
[16:43:36.948144963|thread 2410573|cpu 247] [info ] [Request 15] Generating 61 response tokens with 8193 context took 70.442054 s at 0.866 average tok/s, or 1154.788 ms/tok
[16:43:36.948212861|thread 2410573|cpu 247] [info ] [Request 15] Request with 8192 tokens in and 64 out (sequence limit) saw 66.695669 s TTFT and 138.598038 s TTLT
[16:43:38.740576345|thread 2410574|cpu 247] [info ] [Request 26] Generating 61 response tokens with 8193 context took 71.673355 s at 0.851 average tok/s, or 1174.973 ms/tok
[16:43:38.740617390|thread 2410574|cpu 247] [info ] [Request 26] Request with 8192 tokens in and 64 out (sequence limit) saw 68.152752 s TTFT and 140.387226 s TTLT
[16:43:38.740577681|thread 2410579|cpu 247] [info ] [Request 47] Generating 61 response tokens with 8193 context took 71.673354 s at 0.851 average tok/s, or 1174.973 ms/tok
[16:43:38.740576474|thread 2410575|cpu 247] [info ] [Request 29] Generating 61 response tokens with 8193 context took 71.673359 s at 0.851 average tok/s, or 1174.973 ms/tok
[16:43:38.740578610|thread 2410577|cpu 247] [info ] [Request 42] Generating 61 response tokens with 8193 context took 71.673359 s at 0.851 average tok/s, or 1174.973 ms/tok
[16:43:38.740581408|thread 2410576|cpu 247] [info ] [Request 32] Generating 61 response tokens with 8193 context took 71.673362 s at 0.851 average tok/s, or 1174.973 ms/tok
[16:43:38.740583957|thread 2410578|cpu 247] [info ] [Request 44] Generating 61 response tokens with 8193 context took 71.673364 s at 0.851 average tok/s, or 1174.973 ms/tok
[16:43:38.740706339|thread 2410578|cpu 247] [info ] [Request 44] Request with 8192 tokens in and 64 out (sequence limit) saw 68.152513 s TTFT and 140.387002 s TTLT
[16:43:38.740653293|thread 2410579|cpu 247] [info ] [Request 47] Request with 8192 tokens in and 64 out (sequence limit) saw 68.152479 s TTFT and 140.386960 s TTLT
[16:43:38.740666368|thread 2410575|cpu 247] [info ] [Request 29] Request with 8192 tokens in and 64 out (sequence limit) saw 68.152705 s TTFT and 140.387183 s TTLT
[16:43:38.740679583|thread 2410577|cpu 247] [info ] [Request 42] Request with 8192 tokens in and 64 out (sequence limit) saw 68.152544 s TTFT and 140.387021 s TTLT
[16:43:38.740693869|thread 2410576|cpu 247] [info ] [Request 32] Request with 8192 tokens in and 64 out (sequence limit) saw 68.152666 s TTFT and 140.387153 s TTLT
[16:43:40.490751973|thread 2410578|cpu 247] [info ] [Request 57] Parsing the prompt took 142.136977004 s at 57.63454501898871 tokens/s
[16:43:40.490754965|thread 2410579|cpu 247] [info ] [Request 58] Parsing the prompt took 142.136951773 s at 57.63455524980615 tokens/s
[16:43:40.490767143|thread 2410580|cpu 247] [info ] [Request 2] Parsing the prompt took 142.140820267 s at 57.63298667203406 tokens/s
[16:43:40.490767212|thread 2410581|cpu 247] [info ] [Request 3] Parsing the prompt took 142.140809045 s at 57.63299122215152 tokens/s
[16:43:41.577193888|thread 2410576|cpu 247] [info ] [Request 56] Parsing the prompt took 143.223454155 s at 57.19733578785505 tokens/s
[16:43:41.577193803|thread 2410574|cpu 247] [info ] [Request 64] Parsing the prompt took 143.223196604 s at 57.19743864291889 tokens/s
[16:43:41.577199031|thread 2410578|cpu 247] [info ] [Request 21] Parsing the prompt took 143.223920606 s at 57.19714950783729 tokens/s
[16:43:46.993665916|thread 2410599|cpu 247] [info ] KV cache footprint: 31.88 GB in 146 books
[16:43:49.010552328|thread 2410600|cpu 247] [debug] #EVT# HandleDetails::is_anomalous() handle_id=15 time in state STATE_OPENED exceeded threshold: 66695661352 ns
[16:43:49.010614674|thread 2410600|cpu 247] [debug] #EVT#   Handle,    15, Created, 758089763949979, Last, 758230154415219, Prompted,  8191, Generated,    64, Input TPS, 122.83, Output TPS:  0.76, Callbacks,    64, prompt parsing complete, open
[16:43:49.010700152|thread 2410600|cpu 247] [info ] #EVT#   Handle 15 history:
        SESSION_OPEN, prompt 8192 tokens, offset=0 ns
        PROMPT_TOKENS_REUSE, offset=66695645940 ns
        ON_START_CALLED, offset=66695661352 ns
        ON_START_RETURNED, offset=66695717736 ns
        ON_TOKENS_CALLED, generate 1 tokens, offset=66695741956 ns
        ON_TOKENS_RETURNED, offset=66695744162 ns
        ON_TOKENS_CALLED, generate 1 tokens, offset=68155975877 ns
        ON_TOKENS_RETURNED, offset=68155979417 ns
        ON_TOKENS_CALLED, generate 1 tokens, offset=68717108224 ns
        ON_TOKENS_RETURNED, offset=68717109827 ns
        ON_TOKENS_CALLED, generate 1 tokens, offset=69329853558 ns
        ON_TOKENS_RETURNED, offset=69329855990 ns
        ON_TOKENS_CALLED, generate 1 tokens, offset=69959936192 ns
        ON_TOKENS_RETURNED, offset=69959938047 ns
        ON_TOKENS_CALLED, generate 1 tokens, offset=70621505793 ns
        ON_TOKENS_RETURNED, offset=70621507107 ns
        ON_TOKENS_CALLED, generate 1 tokens, offset=71294726621 ns
        ON_TOKENS_RETURNED, offset=71294728574 ns
        ON_TOKENS_CALLED, generate 1 tokens, offset=71992618165 ns
        ON_TOKENS_RETURNED, offset=71992619214 ns
        ON_TOKENS_CALLED, generate 1 tokens, offset=72694967228 ns
        ON_TOKENS_RETURNED, offset=72694969414 ns
        ON_TOKENS_CALLED, generate 1 tokens, offset=73420972484 ns
        ON_TOKENS_RETURNED, offset=73420975321 ns
        ON_TOKENS_CALLED, generate 1 tokens, offset=74147652281 ns
        ON_TOKENS_RETURNED, offset=74147654013 ns
        ON_TOKENS_CALLED, generate 1 tokens, offset=74898551873 ns
        ON_TOKENS_RETURNED, offset=74898554123 ns
        ON_TOKENS_CALLED, generate 1 tokens, offset=75655236005 ns
        ON_TOKENS_RETURNED, offset=75655237942 ns
        ON_TOKENS_CALLED, generate 1 tokens, offset=76434035152 ns
        ON_TOKENS_RETURNED, offset=76434036636 ns
        ON_TOKENS_CALLED, generate 1 tokens, offset=77214113464 ns
        ON_TOKENS_RETURNED, offset=77214115355 ns
        ON_TOKENS_CALLED, generate 1 tokens, offset=78019590872 ns
        ON_TOKENS_RETURNED, offset=78019592115 ns
        ON_TOKENS_CALLED, generate 1 tokens, offset=78828474873 ns
        ON_TOKENS_RETURNED, offset=78828494904 ns
        ON_TOKENS_CALLED, generate 1 tokens, offset=79663847499 ns
        ON_TOKENS_RETURNED, offset=79663849710 ns
        ON_TOKENS_CALLED, generate 1 tokens, offset=80505292058 ns
        ON_TOKENS_RETURNED, offset=80505293758 ns
        ON_TOKENS_CALLED, generate 1 tokens, offset=81384799057 ns
        ON_TOKENS_RETURNED, offset=81384801546 ns
        ON_TOKENS_CALLED, generate 1 tokens, offset=82269430579 ns
        ON_TOKENS_RETURNED, offset=82269431728 ns
        ON_TOKENS_CALLED, generate 1 tokens, offset=83195690492 ns
        ON_TOKENS_RETURNED, offset=83195692460 ns
        ON_TOKENS_CALLED, generate 1 tokens, offset=84123983441 ns
        ON_TOKENS_RETURNED, offset=84123985346 ns
        ON_TOKENS_CALLED, generate 1 tokens, offset=85091649199 ns
        ON_TOKENS_RETURNED, offset=85091651963 ns
        ON_TOKENS_CALLED, generate 1 tokens, offset=86063184848 ns
        ON_TOKENS_RETURNED, offset=86063187312 ns
        ON_TOKENS_CALLED, generate 1 tokens, offset=87078504392 ns
        ON_TOKENS_RETURNED, offset=87078506109 ns
        ON_TOKENS_CALLED, generate 1 tokens, offset=88083650066 ns
        ON_TOKENS_RETURNED, offset=88083651511 ns
        ON_TOKENS_CALLED, generate 1 tokens, offset=89142288598 ns
        ON_TOKENS_RETURNED, offset=89142289919 ns
        ON_TOKENS_CALLED, generate 1 tokens, offset=90199909261 ns
        ON_TOKENS_RETURNED, offset=90199909915 ns
        ON_TOKENS_CALLED, generate 1 tokens, offset=91297765153 ns
        ON_TOKENS_RETURNED, offset=91297767822 ns
        ON_TOKENS_CALLED, generate 1 tokens, offset=92389841504 ns
        ON_TOKENS_RETURNED, offset=92389843058 ns
        ON_TOKENS_CALLED, generate 1 tokens, offset=93538073790 ns
        ON_TOKENS_RETURNED, offset=93538076086 ns
        ON_TOKENS_CALLED, generate 1 tokens, offset=94682009486 ns
        ON_TOKENS_RETURNED, offset=94682027500 ns
        ON_TOKENS_CALLED, generate 1 tokens, offset=95868078575 ns
        ON_TOKENS_RETURNED, offset=95868080310 ns
        ON_TOKENS_CALLED, generate 1 tokens, offset=97040924945 ns
        ON_TOKENS_RETURNED, offset=97040926287 ns
        ON_TOKENS_CALLED, generate 1 tokens, offset=98275885434 ns
        ON_TOKENS_RETURNED, offset=98275887562 ns
        ON_TOKENS_CALLED, generate 1 tokens, offset=99500826335 ns
        ON_TOKENS_RETURNED, offset=99500828241 ns
        ON_TOKENS_CALLED, generate 1 tokens, offset=100773134853 ns
        ON_TOKENS_RETURNED, offset=100773137453 ns
        ON_TOKENS_CALLED, generate 1 tokens, offset=102027878867 ns
        ON_TOKENS_RETURNED, offset=102027880235 ns
        ON_TOKENS_CALLED, generate 1 tokens, offset=103335343774 ns
        ON_TOKENS_RETURNED, offset=103335345292 ns
        ON_TOKENS_CALLED, generate 1 tokens, offset=104637036341 ns
        ON_TOKENS_RETURNED, offset=104637038341 ns
        ON_TOKENS_CALLED, generate 1 tokens, offset=105984764161 ns
        ON_TOKENS_RETURNED, offset=105984766222 ns
        ON_TOKENS_CALLED, generate 1 tokens, offset=107310551061 ns
        ON_TOKENS_RETURNED, offset=107310552449 ns
        ON_TOKENS_CALLED, generate 1 tokens, offset=108699436506 ns
        ON_TOKENS_RETURNED, offset=108699438760 ns
        ON_TOKENS_CALLED, generate 1 tokens, offset=110079652190 ns
        ON_TOKENS_RETURNED, offset=110079654847 ns
        ON_TOKENS_CALLED, generate 1 tokens, offset=111510599568 ns
        ON_TOKENS_RETURNED, offset=111510602500 ns
        ON_TOKENS_CALLED, generate 1 tokens, offset=112923073108 ns
        ON_TOKENS_RETURNED, offset=112923075225 ns
        ON_TOKENS_CALLED, generate 1 tokens, offset=114402314258 ns
        ON_TOKENS_RETURNED, offset=114402316021 ns
        ON_TOKENS_CALLED, generate 1 tokens, offset=115866696925 ns
        ON_TOKENS_RETURNED, offset=115866698369 ns
        ON_TOKENS_CALLED, generate 1 tokens, offset=117380536115 ns
        ON_TOKENS_RETURNED, offset=117380537639 ns
        ON_TOKENS_CALLED, generate 1 tokens, offset=118868518723 ns
        ON_TOKENS_RETURNED, offset=118868519555 ns
        ON_TOKENS_CALLED, generate 1 tokens, offset=120422685360 ns
        ON_TOKENS_RETURNED, offset=120422687598 ns
        ON_TOKENS_CALLED, generate 1 tokens, offset=121959873077 ns
        ON_TOKENS_RETURNED, offset=121959875196 ns
        ON_TOKENS_CALLED, generate 1 tokens, offset=123550903738 ns
        ON_TOKENS_RETURNED, offset=123550904988 ns
        ON_TOKENS_CALLED, generate 1 tokens, offset=125113276424 ns
        ON_TOKENS_RETURNED, offset=125113277579 ns
        ON_TOKENS_CALLED, generate 1 tokens, offset=126750687792 ns
        ON_TOKENS_RETURNED, offset=126750689636 ns
        ON_TOKENS_CALLED, generate 1 tokens, offset=128371696274 ns
        ON_TOKENS_RETURNED, offset=128371698779 ns
        ON_TOKENS_CALLED, generate 1 tokens, offset=130048464055 ns
        ON_TOKENS_RETURNED, offset=130048465508 ns
        ON_TOKENS_CALLED, generate 1 tokens, offset=131696791827 ns
        ON_TOKENS_RETURNED, offset=131696793403 ns
        ON_TOKENS_CALLED, generate 1 tokens, offset=133413998173 ns
        ON_TOKENS_RETURNED, offset=133413999050 ns
        ON_TOKENS_CALLED, generate 1 tokens, offset=135115775896 ns
        ON_TOKENS_RETURNED, offset=135115776919 ns
        ON_TOKENS_CALLED, generate 1 tokens, offset=136873295510 ns
        ON_TOKENS_RETURNED, offset=136873296448 ns
        ON_TOKENS_CALLED, generate 1 tokens, offset=138598030545 ns
        ON_TOKENS_RETURNED, offset=138598113689 ns
        ON_TOKENS_CALLED, generate 1 tokens, offset=140390458720 ns
        ON_TOKENS_RETURNED, offset=140390465240 ns
[16:43:49.010749362|thread 2410600|cpu 247] [debug] #EVT# HandleDetails::is_anomalous() handle_id=1 time in state STATE_OPENED exceeded threshold: 66695829096 ns
[16:43:49.010752514|thread 2410600|cpu 247] [debug] #EVT#   Handle,     1, Created, 758089763781383, Last, 758230154418909, Prompted,  8192, Generated,    64, Input TPS, 122.83, Output TPS:  0.76, Callbacks,    64, prompt parsing complete, open
[16:43:49.010769962|thread 2410600|cpu 247] [info ] #EVT#   Handle 1 history:
        SESSION_OPEN, prompt 8192 tokens, offset=0 ns
        PROMPT_TOKENS_REUSE, offset=66695814452 ns
        ON_START_CALLED, offset=66695829096 ns
        ON_START_RETURNED, offset=66695899876 ns
        ON_TOKENS_CALLED, generate 1 tokens, offset=66695910358 ns
        ON_TOKENS_RETURNED, offset=66695912675 ns
        ON_TOKENS_CALLED, generate 1 tokens, offset=68156142152 ns
        ON_TOKENS_RETURNED, offset=68156145708 ns
        ON_TOKENS_CALLED, generate 1 tokens, offset=68717275166 ns
        ON_TOKENS_RETURNED, offset=68717277798 ns
        ON_TOKENS_CALLED, generate 1 tokens, offset=69330020621 ns
        ON_TOKENS_RETURNED, offset=69330023911 ns
        ON_TOKENS_CALLED, generate 1 tokens, offset=69960104023 ns
        ON_TOKENS_RETURNED, offset=69960106068 ns
        ON_TOKENS_CALLED, generate 1 tokens, offset=70621667138 ns
        ON_TOKENS_RETURNED, offset=70621669119 ns
        ON_TOKENS_CALLED, generate 1 tokens, offset=71294894003 ns
        ON_TOKENS_RETURNED, offset=71294895490 ns
        ON_TOKENS_CALLED, generate 1 tokens, offset=71992785957 ns
        ON_TOKENS_RETURNED, offset=71992787399 ns
        ON_TOKENS_CALLED, generate 1 tokens, offset=72695138189 ns
        ON_TOKENS_RETURNED, offset=72695139344 ns
        ON_TOKENS_CALLED, generate 1 tokens, offset=73421138983 ns
        ON_TOKENS_RETURNED, offset=73421140312 ns
        ON_TOKENS_CALLED, generate 1 tokens, offset=74147822957 ns
        ON_TOKENS_RETURNED, offset=74147825704 ns
        ON_TOKENS_CALLED, generate 1 tokens, offset=74898720181 ns
        ON_TOKENS_RETURNED, offset=74898722589 ns
        ON_TOKENS_CALLED, generate 1 tokens, offset=75655403432 ns
        ON_TOKENS_RETURNED, offset=75655404994 ns
        ON_TOKENS_CALLED, generate 1 tokens, offset=76434205811 ns
        ON_TOKENS_RETURNED, offset=76434207103 ns
        ON_TOKENS_CALLED, generate 1 tokens, offset=77214278901 ns
        ON_TOKENS_RETURNED, offset=77214281731 ns
        ON_TOKENS_CALLED, generate 1 tokens, offset=78019759993 ns
        ON_TOKENS_RETURNED, offset=78019761393 ns
        ON_TOKENS_CALLED, generate 1 tokens, offset=78828654243 ns
        ON_TOKENS_RETURNED, offset=78828668024 ns
        ON_TOKENS_CALLED, generate 1 tokens, offset=79664014810 ns
        ON_TOKENS_RETURNED, offset=79664016165 ns
        ON_TOKENS_CALLED, generate 1 tokens, offset=80505458625 ns
        ON_TOKENS_RETURNED, offset=80505460416 ns
        ON_TOKENS_CALLED, generate 1 tokens, offset=81384966481 ns
        ON_TOKENS_RETURNED, offset=81384969107 ns
        ON_TOKENS_CALLED, generate 1 tokens, offset=82269588974 ns
        ON_TOKENS_RETURNED, offset=82269590004 ns
        ON_TOKENS_CALLED, generate 1 tokens, offset=83195853574 ns
        ON_TOKENS_RETURNED, offset=83195855668 ns
        ON_TOKENS_CALLED, generate 1 tokens, offset=84124138300 ns
        ON_TOKENS_RETURNED, offset=84124139818 ns
        ON_TOKENS_CALLED, generate 1 tokens, offset=85091816877 ns
        ON_TOKENS_RETURNED, offset=85091819076 ns
        ON_TOKENS_CALLED, generate 1 tokens, offset=86063355196 ns
        ON_TOKENS_RETURNED, offset=86063356666 ns
        ON_TOKENS_CALLED, generate 1 tokens, offset=87078673115 ns
        ON_TOKENS_RETURNED, offset=87078674521 ns
        ON_TOKENS_CALLED, generate 1 tokens, offset=88083818326 ns
        ON_TOKENS_RETURNED, offset=88083820849 ns
        ON_TOKENS_CALLED, generate 1 tokens, offset=89142454786 ns
        ON_TOKENS_RETURNED, offset=89142455798 ns
        ON_TOKENS_CALLED, generate 1 tokens, offset=90200076062 ns
        ON_TOKENS_RETURNED, offset=90200077622 ns
        ON_TOKENS_CALLED, generate 1 tokens, offset=91297933342 ns
        ON_TOKENS_RETURNED, offset=91297935403 ns
        ON_TOKENS_CALLED, generate 1 tokens, offset=92390007112 ns
        ON_TOKENS_RETURNED, offset=92390008147 ns
        ON_TOKENS_CALLED, generate 1 tokens, offset=93538243544 ns
        ON_TOKENS_RETURNED, offset=93538245487 ns
        ON_TOKENS_CALLED, generate 1 tokens, offset=94682177625 ns
        ON_TOKENS_RETURNED, offset=94682193027 ns
        ON_TOKENS_CALLED, generate 1 tokens, offset=95868246596 ns
        ON_TOKENS_RETURNED, offset=95868249112 ns
        ON_TOKENS_CALLED, generate 1 tokens, offset=97041089384 ns
        ON_TOKENS_RETURNED, offset=97041090730 ns
        ON_TOKENS_CALLED, generate 1 tokens, offset=98276048359 ns
        ON_TOKENS_RETURNED, offset=98276049973 ns
        ON_TOKENS_CALLED, generate 1 tokens, offset=99500992836 ns
        ON_TOKENS_RETURNED, offset=99500994068 ns
        ON_TOKENS_CALLED, generate 1 tokens, offset=100773302955 ns
        ON_TOKENS_RETURNED, offset=100773305176 ns
        ON_TOKENS_CALLED, generate 1 tokens, offset=102028045505 ns
        ON_TOKENS_RETURNED, offset=102028047298 ns
        ON_TOKENS_CALLED, generate 1 tokens, offset=103335508640 ns
        ON_TOKENS_RETURNED, offset=103335510625 ns
        ON_TOKENS_CALLED, generate 1 tokens, offset=104637204731 ns
        ON_TOKENS_RETURNED, offset=104637207098 ns
        ON_TOKENS_CALLED, generate 1 tokens, offset=105984932824 ns
        ON_TOKENS_RETURNED, offset=105984934310 ns
        ON_TOKENS_CALLED, generate 1 tokens, offset=107310717950 ns
        ON_TOKENS_RETURNED, offset=107310720223 ns
        ON_TOKENS_CALLED, generate 1 tokens, offset=108699604670 ns
        ON_TOKENS_RETURNED, offset=108699605955 ns
        ON_TOKENS_CALLED, generate 1 tokens, offset=110079818804 ns
        ON_TOKENS_RETURNED, offset=110079820130 ns
        ON_TOKENS_CALLED, generate 1 tokens, offset=111510767074 ns
        ON_TOKENS_RETURNED, offset=111510769626 ns
        ON_TOKENS_CALLED, generate 1 tokens, offset=112923244934 ns
        ON_TOKENS_RETURNED, offset=112923246509 ns
        ON_TOKENS_CALLED, generate 1 tokens, offset=114402469741 ns
        ON_TOKENS_RETURNED, offset=114402470943 ns
        ON_TOKENS_CALLED, generate 1 tokens, offset=115866868797 ns
        ON_TOKENS_RETURNED, offset=115866869828 ns
        ON_TOKENS_CALLED, generate 1 tokens, offset=117380703942 ns
        ON_TOKENS_RETURNED, offset=117380705803 ns
        ON_TOKENS_CALLED, generate 1 tokens, offset=118868676697 ns
        ON_TOKENS_RETURNED, offset=118868678883 ns
        ON_TOKENS_CALLED, generate 1 tokens, offset=120422853497 ns
        ON_TOKENS_RETURNED, offset=120422856104 ns
        ON_TOKENS_CALLED, generate 1 tokens, offset=121960039668 ns
        ON_TOKENS_RETURNED, offset=121960042479 ns
        ON_TOKENS_CALLED, generate 1 tokens, offset=123551069647 ns
        ON_TOKENS_RETURNED, offset=123551072139 ns
        ON_TOKENS_CALLED, generate 1 tokens, offset=125113443602 ns
        ON_TOKENS_RETURNED, offset=125113445194 ns
        ON_TOKENS_CALLED, generate 1 tokens, offset=126750850427 ns
        ON_TOKENS_RETURNED, offset=126750852904 ns
        ON_TOKENS_CALLED, generate 1 tokens, offset=128371863543 ns
        ON_TOKENS_RETURNED, offset=128371865621 ns
        ON_TOKENS_CALLED, generate 1 tokens, offset=130048633214 ns
        ON_TOKENS_RETURNED, offset=130048634278 ns
        ON_TOKENS_CALLED, generate 1 tokens, offset=131696958335 ns
        ON_TOKENS_RETURNED, offset=131696959473 ns
        ON_TOKENS_CALLED, generate 1 tokens, offset=133414164360 ns
        ON_TOKENS_RETURNED, offset=133414165695 ns
        ON_TOKENS_CALLED, generate 1 tokens, offset=135115942677 ns
        ON_TOKENS_RETURNED, offset=135115944085 ns
        ON_TOKENS_CALLED, generate 1 tokens, offset=136873463099 ns
        ON_TOKENS_RETURNED, offset=136873464536 ns
        ON_TOKENS_CALLED, generate 1 tokens, offset=138598202524 ns
        ON_TOKENS_RETURNED, offset=138598250959 ns
        ON_TOKENS_CALLED, generate 1 tokens, offset=140390626818 ns
        ON_TOKENS_RETURNED, offset=140390637526 ns
[16:43:50.701005187|thread 2410600|cpu 247] [debug] #EVT# HandleDetails::is_anomalous() handle_id=29 time in state STATE_OPENED exceeded threshold: 68152698104 ns
[16:43:50.701021936|thread 2410600|cpu 247] [debug] #EVT#   Handle,    29, Created, 758089767243574, Last, 758231904593274, Prompted,  8191, Generated,    64, Input TPS, 120.20, Output TPS:  0.76, Callbacks,    64, prompt parsing complete, open
[16:43:50.701044480|thread 2410600|cpu 247] [info ] #EVT#   Handle 29 history:
        SESSION_OPEN, prompt 8192 tokens, offset=0 ns
        PROMPT_TOKENS_REUSE, offset=68152682762 ns
        ON_START_CALLED, offset=68152698104 ns
        ON_START_RETURNED, offset=68152765353 ns
        ON_TOKENS_CALLED, generate 1 tokens, offset=68152772570 ns
        ON_TOKENS_RETURNED, offset=68152773421 ns
        ON_TOKENS_CALLED, generate 1 tokens, offset=68713816985 ns
        ON_TOKENS_RETURNED, offset=68713819667 ns
        ON_TOKENS_CALLED, generate 1 tokens, offset=69326561640 ns
        ON_TOKENS_RETURNED, offset=69326563883 ns
        ON_TOKENS_CALLED, generate 1 tokens, offset=69956647132 ns
        ON_TOKENS_RETURNED, offset=69956648386 ns
        ON_TOKENS_CALLED, generate 1 tokens, offset=70618214507 ns
        ON_TOKENS_RETURNED, offset=70618215820 ns
        ON_TOKENS_CALLED, generate 1 tokens, offset=71291439356 ns
        ON_TOKENS_RETURNED, offset=71291440579 ns
        ON_TOKENS_CALLED, generate 1 tokens, offset=71989329711 ns
        ON_TOKENS_RETURNED, offset=71989332298 ns
        ON_TOKENS_CALLED, generate 1 tokens, offset=72691678957 ns
        ON_TOKENS_RETURNED, offset=72691680001 ns
        ON_TOKENS_CALLED, generate 1 tokens, offset=73417682873 ns
        ON_TOKENS_RETURNED, offset=73417685605 ns
        ON_TOKENS_CALLED, generate 1 tokens, offset=74144359851 ns
        ON_TOKENS_RETURNED, offset=74144361867 ns
        ON_TOKENS_CALLED, generate 1 tokens, offset=74895266348 ns
        ON_TOKENS_RETURNED, offset=74895268073 ns
        ON_TOKENS_CALLED, generate 1 tokens, offset=75651953748 ns
        ON_TOKENS_RETURNED, offset=75651954783 ns
        ON_TOKENS_CALLED, generate 1 tokens, offset=76430754325 ns
        ON_TOKENS_RETURNED, offset=76430755519 ns
        ON_TOKENS_CALLED, generate 1 tokens, offset=77210821653 ns
        ON_TOKENS_RETURNED, offset=77210823343 ns
        ON_TOKENS_CALLED, generate 1 tokens, offset=78016300908 ns
        ON_TOKENS_RETURNED, offset=78016302344 ns
        ON_TOKENS_CALLED, generate 1 tokens, offset=78825178509 ns
        ON_TOKENS_RETURNED, offset=78825180208 ns
        ON_TOKENS_CALLED, generate 1 tokens, offset=79660557459 ns
        ON_TOKENS_RETURNED, offset=79660573427 ns
        ON_TOKENS_CALLED, generate 1 tokens, offset=80501999478 ns
        ON_TOKENS_RETURNED, offset=80502000763 ns
        ON_TOKENS_CALLED, generate 1 tokens, offset=81381509655 ns
        ON_TOKENS_RETURNED, offset=81381511211 ns
        ON_TOKENS_CALLED, generate 1 tokens, offset=82266131984 ns
        ON_TOKENS_RETURNED, offset=82266133345 ns
        ON_TOKENS_CALLED, generate 1 tokens, offset=83192402777 ns
        ON_TOKENS_RETURNED, offset=83192405285 ns
        ON_TOKENS_CALLED, generate 1 tokens, offset=84120685933 ns
        ON_TOKENS_RETURNED, offset=84120687005 ns
        ON_TOKENS_CALLED, generate 1 tokens, offset=85088358495 ns
        ON_TOKENS_RETURNED, offset=85088359544 ns
        ON_TOKENS_CALLED, generate 1 tokens, offset=86059898133 ns
        ON_TOKENS_RETURNED, offset=86059899240 ns
        ON_TOKENS_CALLED, generate 1 tokens, offset=87075213384 ns
        ON_TOKENS_RETURNED, offset=87075214434 ns
        ON_TOKENS_CALLED, generate 1 tokens, offset=88080359922 ns
        ON_TOKENS_RETURNED, offset=88080361191 ns
        ON_TOKENS_CALLED, generate 1 tokens, offset=89138994773 ns
        ON_TOKENS_RETURNED, offset=89138996269 ns
        ON_TOKENS_CALLED, generate 1 tokens, offset=90196622321 ns
        ON_TOKENS_RETURNED, offset=90196624268 ns
        ON_TOKENS_CALLED, generate 1 tokens, offset=91294475233 ns
        ON_TOKENS_RETURNED, offset=91294476373 ns
        ON_TOKENS_CALLED, generate 1 tokens, offset=92386547040 ns
        ON_TOKENS_RETURNED, offset=92386548160 ns
        ON_TOKENS_CALLED, generate 1 tokens, offset=93534784633 ns
        ON_TOKENS_RETURNED, offset=93534786508 ns
        ON_TOKENS_CALLED, generate 1 tokens, offset=94678719933 ns
        ON_TOKENS_RETURNED, offset=94678721949 ns
        ON_TOKENS_CALLED, generate 1 tokens, offset=95864790992 ns
        ON_TOKENS_RETURNED, offset=95864817963 ns
        ON_TOKENS_CALLED, generate 1 tokens, offset=97037632480 ns
        ON_TOKENS_RETURNED, offset=97037633362 ns
        ON_TOKENS_CALLED, generate 1 tokens, offset=98272596141 ns
        ON_TOKENS_RETURNED, offset=98272597710 ns
        ON_TOKENS_CALLED, generate 1 tokens, offset=99497545175 ns
        ON_TOKENS_RETURNED, offset=99497547652 ns
        ON_TOKENS_CALLED, generate 1 tokens, offset=100769845323 ns
        ON_TOKENS_RETURNED, offset=100769846974 ns
        ON_TOKENS_CALLED, generate 1 tokens, offset=102024586842 ns
        ON_TOKENS_RETURNED, offset=102024587814 ns
        ON_TOKENS_CALLED, generate 1 tokens, offset=103332050773 ns
        ON_TOKENS_RETURNED, offset=103332051639 ns
        ON_TOKENS_CALLED, generate 1 tokens, offset=104633747942 ns
        ON_TOKENS_RETURNED, offset=104633748783 ns
        ON_TOKENS_CALLED, generate 1 tokens, offset=105981467164 ns
        ON_TOKENS_RETURNED, offset=105981469115 ns
        ON_TOKENS_CALLED, generate 1 tokens, offset=107307260752 ns
        ON_TOKENS_RETURNED, offset=107307262162 ns
        ON_TOKENS_CALLED, generate 1 tokens, offset=108696147548 ns
        ON_TOKENS_RETURNED, offset=108696148516 ns
        ON_TOKENS_CALLED, generate 1 tokens, offset=110076362144 ns
        ON_TOKENS_RETURNED, offset=110076363886 ns
        ON_TOKENS_CALLED, generate 1 tokens, offset=111507310053 ns
        ON_TOKENS_RETURNED, offset=111507312145 ns
        ON_TOKENS_CALLED, generate 1 tokens, offset=112919783568 ns
        ON_TOKENS_RETURNED, offset=112919784514 ns
        ON_TOKENS_CALLED, generate 1 tokens, offset=114399005598 ns
        ON_TOKENS_RETURNED, offset=114399008584 ns
        ON_TOKENS_CALLED, generate 1 tokens, offset=115863396337 ns
        ON_TOKENS_RETURNED, offset=115863399163 ns
        ON_TOKENS_CALLED, generate 1 tokens, offset=117377248127 ns
        ON_TOKENS_RETURNED, offset=117377249256 ns
        ON_TOKENS_CALLED, generate 1 tokens, offset=118865218177 ns
        ON_TOKENS_RETURNED, offset=118865219832 ns
        ON_TOKENS_CALLED, generate 1 tokens, offset=120419395902 ns
        ON_TOKENS_RETURNED, offset=120419398085 ns
        ON_TOKENS_CALLED, generate 1 tokens, offset=121956582954 ns
        ON_TOKENS_RETURNED, offset=121956584142 ns
        ON_TOKENS_CALLED, generate 1 tokens, offset=123547616233 ns
        ON_TOKENS_RETURNED, offset=123547616977 ns
        ON_TOKENS_CALLED, generate 1 tokens, offset=125109980040 ns
        ON_TOKENS_RETURNED, offset=125109982886 ns
        ON_TOKENS_CALLED, generate 1 tokens, offset=126747394415 ns
        ON_TOKENS_RETURNED, offset=126747395587 ns
        ON_TOKENS_CALLED, generate 1 tokens, offset=128368410162 ns
        ON_TOKENS_RETURNED, offset=128368411340 ns
        ON_TOKENS_CALLED, generate 1 tokens, offset=130045172281 ns
        ON_TOKENS_RETURNED, offset=130045173169 ns
        ON_TOKENS_CALLED, generate 1 tokens, offset=131693502425 ns
        ON_TOKENS_RETURNED, offset=131693504021 ns
        ON_TOKENS_CALLED, generate 1 tokens, offset=133410712325 ns
        ON_TOKENS_RETURNED, offset=133410713165 ns
        ON_TOKENS_CALLED, generate 1 tokens, offset=135112488910 ns
        ON_TOKENS_RETURNED, offset=135112489714 ns
        ON_TOKENS_CALLED, generate 1 tokens, offset=136870003647 ns
        ON_TOKENS_RETURNED, offset=136870004629 ns
        ON_TOKENS_CALLED, generate 1 tokens, offset=138594736567 ns
        ON_TOKENS_RETURNED, offset=138594737924 ns
        ON_TOKENS_CALLED, generate 1 tokens, offset=140387174220 ns
        ON_TOKENS_RETURNED, offset=140387338570 ns
        ON_TOKENS_CALLED, generate 1 tokens, offset=142137345451 ns
        ON_TOKENS_RETURNED, offset=142137349700 ns
[16:43:50.701060729|thread 2410600|cpu 247] [debug] #EVT# HandleDetails::is_anomalous() handle_id=26 time in state STATE_OPENED exceeded threshold: 68152744201 ns
[16:43:50.701062989|thread 2410600|cpu 247] [debug] #EVT#   Handle,    26, Created, 758089767194946, Last, 758231904593222, Prompted,  8191, Generated,    64, Input TPS, 120.20, Output TPS:  0.76, Callbacks,    64, prompt parsing complete, open
[16:43:50.701079293|thread 2410600|cpu 247] [info ] #EVT#   Handle 26 history:
        SESSION_OPEN, prompt 8192 tokens, offset=0 ns
        PROMPT_TOKENS_REUSE, offset=68152730058 ns
        ON_START_CALLED, offset=68152744201 ns
        ON_START_RETURNED, offset=68152829741 ns
        ON_TOKENS_CALLED, generate 1 tokens, offset=68152837382 ns
        ON_TOKENS_RETURNED, offset=68152838244 ns
        ON_TOKENS_CALLED, generate 1 tokens, offset=68713863437 ns
        ON_TOKENS_RETURNED, offset=68713865389 ns
        ON_TOKENS_CALLED, generate 1 tokens, offset=69326611528 ns
        ON_TOKENS_RETURNED, offset=69326613790 ns
        ON_TOKENS_CALLED, generate 1 tokens, offset=69956694203 ns
        ON_TOKENS_RETURNED, offset=69956695904 ns
        ON_TOKENS_CALLED, generate 1 tokens, offset=70618265471 ns
        ON_TOKENS_RETURNED, offset=70618267927 ns
        ON_TOKENS_CALLED, generate 1 tokens, offset=71291480245 ns
        ON_TOKENS_RETURNED, offset=71291482538 ns
        ON_TOKENS_CALLED, generate 1 tokens, offset=71989383698 ns
        ON_TOKENS_RETURNED, offset=71989385546 ns
        ON_TOKENS_CALLED, generate 1 tokens, offset=72691725367 ns
        ON_TOKENS_RETURNED, offset=72691727696 ns
        ON_TOKENS_CALLED, generate 1 tokens, offset=73417728872 ns
        ON_TOKENS_RETURNED, offset=73417732004 ns
        ON_TOKENS_CALLED, generate 1 tokens, offset=74144407678 ns
        ON_TOKENS_RETURNED, offset=74144409223 ns
        ON_TOKENS_CALLED, generate 1 tokens, offset=74895314693 ns
        ON_TOKENS_RETURNED, offset=74895315773 ns
        ON_TOKENS_CALLED, generate 1 tokens, offset=75651998984 ns
        ON_TOKENS_RETURNED, offset=75652000049 ns
        ON_TOKENS_CALLED, generate 1 tokens, offset=76430797861 ns
        ON_TOKENS_RETURNED, offset=76430799405 ns
        ON_TOKENS_CALLED, generate 1 tokens, offset=77210874401 ns
        ON_TOKENS_RETURNED, offset=77210875367 ns
        ON_TOKENS_CALLED, generate 1 tokens, offset=78016347556 ns
        ON_TOKENS_RETURNED, offset=78016350547 ns
        ON_TOKENS_CALLED, generate 1 tokens, offset=78825227668 ns
        ON_TOKENS_RETURNED, offset=78825229622 ns
        ON_TOKENS_CALLED, generate 1 tokens, offset=79660611871 ns
        ON_TOKENS_RETURNED, offset=79660615638 ns
        ON_TOKENS_CALLED, generate 1 tokens, offset=80502046800 ns
        ON_TOKENS_RETURNED, offset=80502048931 ns
        ON_TOKENS_CALLED, generate 1 tokens, offset=81381556477 ns
        ON_TOKENS_RETURNED, offset=81381557761 ns
        ON_TOKENS_CALLED, generate 1 tokens, offset=82266184048 ns
        ON_TOKENS_RETURNED, offset=82266185242 ns
        ON_TOKENS_CALLED, generate 1 tokens, offset=83192448942 ns
        ON_TOKENS_RETURNED, offset=83192450670 ns
        ON_TOKENS_CALLED, generate 1 tokens, offset=84120731741 ns
        ON_TOKENS_RETURNED, offset=84120733398 ns
        ON_TOKENS_CALLED, generate 1 tokens, offset=85088413438 ns
        ON_TOKENS_RETURNED, offset=85088414767 ns
        ON_TOKENS_CALLED, generate 1 tokens, offset=86059948815 ns
        ON_TOKENS_RETURNED, offset=86059950968 ns
        ON_TOKENS_CALLED, generate 1 tokens, offset=87075261953 ns
        ON_TOKENS_RETURNED, offset=87075264216 ns
        ON_TOKENS_CALLED, generate 1 tokens, offset=88080407937 ns
        ON_TOKENS_RETURNED, offset=88080409582 ns
        ON_TOKENS_CALLED, generate 1 tokens, offset=89139047729 ns
        ON_TOKENS_RETURNED, offset=89139049095 ns
        ON_TOKENS_CALLED, generate 1 tokens, offset=90196676781 ns
        ON_TOKENS_RETURNED, offset=90196678395 ns
        ON_TOKENS_CALLED, generate 1 tokens, offset=91294523794 ns
        ON_TOKENS_RETURNED, offset=91294525327 ns
        ON_TOKENS_CALLED, generate 1 tokens, offset=92386592239 ns
        ON_TOKENS_RETURNED, offset=92386594648 ns
        ON_TOKENS_CALLED, generate 1 tokens, offset=93534830739 ns
        ON_TOKENS_RETURNED, offset=93534833564 ns
        ON_TOKENS_CALLED, generate 1 tokens, offset=94678769020 ns
        ON_TOKENS_RETURNED, offset=94678770645 ns
        ON_TOKENS_CALLED, generate 1 tokens, offset=95864836617 ns
        ON_TOKENS_RETURNED, offset=95864855737 ns
        ON_TOKENS_CALLED, generate 1 tokens, offset=97037676300 ns
        ON_TOKENS_RETURNED, offset=97037678989 ns
        ON_TOKENS_CALLED, generate 1 tokens, offset=98272639695 ns
        ON_TOKENS_RETURNED, offset=98272640922 ns
        ON_TOKENS_CALLED, generate 1 tokens, offset=99497588550 ns
        ON_TOKENS_RETURNED, offset=99497589349 ns
        ON_TOKENS_CALLED, generate 1 tokens, offset=100769894678 ns
        ON_TOKENS_RETURNED, offset=100769896790 ns
        ON_TOKENS_CALLED, generate 1 tokens, offset=102024633013 ns
        ON_TOKENS_RETURNED, offset=102024635670 ns
        ON_TOKENS_CALLED, generate 1 tokens, offset=103332098170 ns
        ON_TOKENS_RETURNED, offset=103332099862 ns
        ON_TOKENS_CALLED, generate 1 tokens, offset=104633797628 ns
        ON_TOKENS_RETURNED, offset=104633799807 ns
        ON_TOKENS_CALLED, generate 1 tokens, offset=105981525405 ns
        ON_TOKENS_RETURNED, offset=105981526936 ns
        ON_TOKENS_CALLED, generate 1 tokens, offset=107307308113 ns
        ON_TOKENS_RETURNED, offset=107307309251 ns
        ON_TOKENS_CALLED, generate 1 tokens, offset=108696194346 ns
        ON_TOKENS_RETURNED, offset=108696196706 ns
        ON_TOKENS_CALLED, generate 1 tokens, offset=110076408992 ns
        ON_TOKENS_RETURNED, offset=110076410307 ns
        ON_TOKENS_CALLED, generate 1 tokens, offset=111507358936 ns
        ON_TOKENS_RETURNED, offset=111507360198 ns
        ON_TOKENS_CALLED, generate 1 tokens, offset=112919833293 ns
        ON_TOKENS_RETURNED, offset=112919835904 ns
        ON_TOKENS_CALLED, generate 1 tokens, offset=114399051291 ns
        ON_TOKENS_RETURNED, offset=114399054146 ns
        ON_TOKENS_CALLED, generate 1 tokens, offset=115863448593 ns
        ON_TOKENS_RETURNED, offset=115863450291 ns
        ON_TOKENS_CALLED, generate 1 tokens, offset=117377293681 ns
        ON_TOKENS_RETURNED, offset=117377294750 ns
        ON_TOKENS_CALLED, generate 1 tokens, offset=118865269382 ns
        ON_TOKENS_RETURNED, offset=118865271276 ns
        ON_TOKENS_CALLED, generate 1 tokens, offset=120419443188 ns
        ON_TOKENS_RETURNED, offset=120419445551 ns
        ON_TOKENS_CALLED, generate 1 tokens, offset=121956632515 ns
        ON_TOKENS_RETURNED, offset=121956634153 ns
        ON_TOKENS_CALLED, generate 1 tokens, offset=123547657728 ns
        ON_TOKENS_RETURNED, offset=123547659044 ns
        ON_TOKENS_CALLED, generate 1 tokens, offset=125110034064 ns
        ON_TOKENS_RETURNED, offset=125110035098 ns
        ON_TOKENS_CALLED, generate 1 tokens, offset=126747437882 ns
        ON_TOKENS_RETURNED, offset=126747439144 ns
        ON_TOKENS_CALLED, generate 1 tokens, offset=128368455299 ns
        ON_TOKENS_RETURNED, offset=128368456695 ns
        ON_TOKENS_CALLED, generate 1 tokens, offset=130045219483 ns
        ON_TOKENS_RETURNED, offset=130045222645 ns
        ON_TOKENS_CALLED, generate 1 tokens, offset=131693547245 ns
        ON_TOKENS_RETURNED, offset=131693549060 ns
        ON_TOKENS_CALLED, generate 1 tokens, offset=133410757954 ns
        ON_TOKENS_RETURNED, offset=133410759124 ns
        ON_TOKENS_CALLED, generate 1 tokens, offset=135112540669 ns
        ON_TOKENS_RETURNED, offset=135112542029 ns
        ON_TOKENS_CALLED, generate 1 tokens, offset=136870052335 ns
        ON_TOKENS_RETURNED, offset=136870054245 ns
        ON_TOKENS_CALLED, generate 1 tokens, offset=138594781848 ns
        ON_TOKENS_RETURNED, offset=138594783545 ns
        ON_TOKENS_CALLED, generate 1 tokens, offset=140387218188 ns
        ON_TOKENS_RETURNED, offset=140387273504 ns
        ON_TOKENS_CALLED, generate 1 tokens, offset=142137392517 ns
        ON_TOKENS_RETURNED, offset=142137398276 ns
[16:43:50.701092860|thread 2410600|cpu 247] [debug] #EVT# HandleDetails::is_anomalous() handle_id=32 time in state STATE_OPENED exceeded threshold: 68152660055 ns
[16:43:50.701094635|thread 2410600|cpu 247] [debug] #EVT#   Handle,    32, Created, 758089767279096, Last, 758231904599480, Prompted,  8191, Generated,    64, Input TPS, 120.20, Output TPS:  0.76, Callbacks,    64, prompt parsing complete, open
[16:43:50.701108986|thread 2410600|cpu 247] [info ] #EVT#   Handle 32 history:
        SESSION_OPEN, prompt 8192 tokens, offset=0 ns
        PROMPT_TOKENS_REUSE, offset=68152651736 ns
        ON_START_CALLED, offset=68152660055 ns
        ON_START_RETURNED, offset=68152706517 ns
        ON_TOKENS_CALLED, generate 1 tokens, offset=68152715307 ns
        ON_TOKENS_RETURNED, offset=68152716351 ns
        ON_TOKENS_CALLED, generate 1 tokens, offset=68713784320 ns
        ON_TOKENS_RETURNED, offset=68713787309 ns
        ON_TOKENS_CALLED, generate 1 tokens, offset=69326527740 ns
        ON_TOKENS_RETURNED, offset=69326530368 ns
        ON_TOKENS_CALLED, generate 1 tokens, offset=69956611820 ns
        ON_TOKENS_RETURNED, offset=69956614252 ns
        ON_TOKENS_CALLED, generate 1 tokens, offset=70618182191 ns
        ON_TOKENS_RETURNED, offset=70618183924 ns
        ON_TOKENS_CALLED, generate 1 tokens, offset=71291396472 ns
        ON_TOKENS_RETURNED, offset=71291397940 ns
        ON_TOKENS_CALLED, generate 1 tokens, offset=71989297899 ns
        ON_TOKENS_RETURNED, offset=71989299537 ns
        ON_TOKENS_CALLED, generate 1 tokens, offset=72691644456 ns
        ON_TOKENS_RETURNED, offset=72691646508 ns
        ON_TOKENS_CALLED, generate 1 tokens, offset=73417650237 ns
        ON_TOKENS_RETURNED, offset=73417652811 ns
        ON_TOKENS_CALLED, generate 1 tokens, offset=74144325969 ns
        ON_TOKENS_RETURNED, offset=74144328758 ns
        ON_TOKENS_CALLED, generate 1 tokens, offset=74895234672 ns
        ON_TOKENS_RETURNED, offset=74895235674 ns
        ON_TOKENS_CALLED, generate 1 tokens, offset=75651910589 ns
        ON_TOKENS_RETURNED, offset=75651911520 ns
        ON_TOKENS_CALLED, generate 1 tokens, offset=76430711666 ns
        ON_TOKENS_RETURNED, offset=76430712674 ns
        ON_TOKENS_CALLED, generate 1 tokens, offset=77210788680 ns
        ON_TOKENS_RETURNED, offset=77210789771 ns
        ON_TOKENS_CALLED, generate 1 tokens, offset=78016267197 ns
        ON_TOKENS_RETURNED, offset=78016268542 ns
        ON_TOKENS_CALLED, generate 1 tokens, offset=78825151142 ns
        ON_TOKENS_RETURNED, offset=78825151949 ns
        ON_TOKENS_CALLED, generate 1 tokens, offset=79660522025 ns
        ON_TOKENS_RETURNED, offset=79660532283 ns
        ON_TOKENS_CALLED, generate 1 tokens, offset=80501970184 ns
        ON_TOKENS_RETURNED, offset=80501971294 ns
        ON_TOKENS_CALLED, generate 1 tokens, offset=81381475953 ns
        ON_TOKENS_RETURNED, offset=81381477689 ns
        ON_TOKENS_CALLED, generate 1 tokens, offset=82266094961 ns
        ON_TOKENS_RETURNED, offset=82266096709 ns
        ON_TOKENS_CALLED, generate 1 tokens, offset=83192368275 ns
        ON_TOKENS_RETURNED, offset=83192370895 ns
        ON_TOKENS_CALLED, generate 1 tokens, offset=84120649093 ns
        ON_TOKENS_RETURNED, offset=84120650188 ns
        ON_TOKENS_CALLED, generate 1 tokens, offset=85088325217 ns
        ON_TOKENS_RETURNED, offset=85088326412 ns
        ON_TOKENS_CALLED, generate 1 tokens, offset=86059866731 ns
        ON_TOKENS_RETURNED, offset=86059868094 ns
        ON_TOKENS_CALLED, generate 1 tokens, offset=87075180091 ns
        ON_TOKENS_RETURNED, offset=87075182433 ns
        ON_TOKENS_CALLED, generate 1 tokens, offset=88080324873 ns
        ON_TOKENS_RETURNED, offset=88080326212 ns
        ON_TOKENS_CALLED, generate 1 tokens, offset=89138960512 ns
        ON_TOKENS_RETURNED, offset=89138961678 ns
        ON_TOKENS_CALLED, generate 1 tokens, offset=90196595053 ns
        ON_TOKENS_RETURNED, offset=90196595982 ns
        ON_TOKENS_CALLED, generate 1 tokens, offset=91294441867 ns
        ON_TOKENS_RETURNED, offset=91294443090 ns
        ON_TOKENS_CALLED, generate 1 tokens, offset=92386517136 ns
        ON_TOKENS_RETURNED, offset=92386518651 ns
        ON_TOKENS_CALLED, generate 1 tokens, offset=93534749864 ns
        ON_TOKENS_RETURNED, offset=93534750799 ns
        ON_TOKENS_CALLED, generate 1 tokens, offset=94678687014 ns
        ON_TOKENS_RETURNED, offset=94678688228 ns
        ON_TOKENS_CALLED, generate 1 tokens, offset=95864757563 ns
        ON_TOKENS_RETURNED, offset=95864783169 ns
        ON_TOKENS_CALLED, generate 1 tokens, offset=97037599277 ns
        ON_TOKENS_RETURNED, offset=97037600388 ns
        ON_TOKENS_CALLED, generate 1 tokens, offset=98272550974 ns
        ON_TOKENS_RETURNED, offset=98272552842 ns
        ON_TOKENS_CALLED, generate 1 tokens, offset=99497508451 ns
        ON_TOKENS_RETURNED, offset=99497510157 ns
        ON_TOKENS_CALLED, generate 1 tokens, offset=100769812369 ns
        ON_TOKENS_RETURNED, offset=100769813439 ns
        ON_TOKENS_CALLED, generate 1 tokens, offset=102024553380 ns
        ON_TOKENS_RETURNED, offset=102024558562 ns
        ON_TOKENS_CALLED, generate 1 tokens, offset=103332017234 ns
        ON_TOKENS_RETURNED, offset=103332018369 ns
        ON_TOKENS_CALLED, generate 1 tokens, offset=104633724717 ns
        ON_TOKENS_RETURNED, offset=104633725549 ns
        ON_TOKENS_CALLED, generate 1 tokens, offset=105981432575 ns
        ON_TOKENS_RETURNED, offset=105981434001 ns
        ON_TOKENS_CALLED, generate 1 tokens, offset=107307228669 ns
        ON_TOKENS_RETURNED, offset=107307229800 ns
        ON_TOKENS_CALLED, generate 1 tokens, offset=108696114257 ns
        ON_TOKENS_RETURNED, offset=108696115732 ns
        ON_TOKENS_CALLED, generate 1 tokens, offset=110076328911 ns
        ON_TOKENS_RETURNED, offset=110076330192 ns
        ON_TOKENS_CALLED, generate 1 tokens, offset=111507276778 ns
        ON_TOKENS_RETURNED, offset=111507278160 ns
        ON_TOKENS_CALLED, generate 1 tokens, offset=112919748734 ns
        ON_TOKENS_RETURNED, offset=112919751094 ns
        ON_TOKENS_CALLED, generate 1 tokens, offset=114398979176 ns
        ON_TOKENS_RETURNED, offset=114398980728 ns
        ON_TOKENS_CALLED, generate 1 tokens, offset=115863364612 ns
        ON_TOKENS_RETURNED, offset=115863365886 ns
        ON_TOKENS_CALLED, generate 1 tokens, offset=117377211404 ns
        ON_TOKENS_RETURNED, offset=117377214130 ns
        ON_TOKENS_CALLED, generate 1 tokens, offset=118865184246 ns
        ON_TOKENS_RETURNED, offset=118865185099 ns
        ON_TOKENS_CALLED, generate 1 tokens, offset=120419362280 ns
        ON_TOKENS_RETURNED, offset=120419363448 ns
        ON_TOKENS_CALLED, generate 1 tokens, offset=121956547818 ns
        ON_TOKENS_RETURNED, offset=121956550743 ns
        ON_TOKENS_CALLED, generate 1 tokens, offset=123547587612 ns
        ON_TOKENS_RETURNED, offset=123547588956 ns
        ON_TOKENS_CALLED, generate 1 tokens, offset=125109948177 ns
        ON_TOKENS_RETURNED, offset=125109949458 ns
        ON_TOKENS_CALLED, generate 1 tokens, offset=126747359760 ns
        ON_TOKENS_RETURNED, offset=126747360815 ns
        ON_TOKENS_CALLED, generate 1 tokens, offset=128368375317 ns
        ON_TOKENS_RETURNED, offset=128368377389 ns
        ON_TOKENS_CALLED, generate 1 tokens, offset=130045137291 ns
        ON_TOKENS_RETURNED, offset=130045139909 ns
        ON_TOKENS_CALLED, generate 1 tokens, offset=131693467139 ns
        ON_TOKENS_RETURNED, offset=131693468629 ns
        ON_TOKENS_CALLED, generate 1 tokens, offset=133410671815 ns
        ON_TOKENS_RETURNED, offset=133410673588 ns
        ON_TOKENS_CALLED, generate 1 tokens, offset=135112445612 ns
        ON_TOKENS_RETURNED, offset=135112446651 ns
        ON_TOKENS_CALLED, generate 1 tokens, offset=136869981080 ns
        ON_TOKENS_RETURNED, offset=136869982009 ns
        ON_TOKENS_CALLED, generate 1 tokens, offset=138594698338 ns
        ON_TOKENS_RETURNED, offset=138594699528 ns
        ON_TOKENS_CALLED, generate 1 tokens, offset=140387146412 ns
        ON_TOKENS_RETURNED, offset=140387319483 ns
        ON_TOKENS_CALLED, generate 1 tokens, offset=142137315822 ns
        ON_TOKENS_RETURNED, offset=142137320384 ns
[16:43:50.701118544|thread 2410600|cpu 247] [debug] #EVT# HandleDetails::is_anomalous() handle_id=42 time in state STATE_OPENED exceeded threshold: 68152537033 ns
[16:43:50.701120156|thread 2410600|cpu 247] [debug] #EVT#   Handle,    42, Created, 758089767408863, Last, 758231904595789, Prompted,  8191, Generated,    64, Input TPS, 120.20, Output TPS:  0.76, Callbacks,    64, prompt parsing complete, open
[16:43:50.701134822|thread 2410600|cpu 247] [info ] #EVT#   Handle 42 history:
        SESSION_OPEN, prompt 8192 tokens, offset=0 ns
        PROMPT_TOKENS_REUSE, offset=68152521012 ns
        ON_START_CALLED, offset=68152537033 ns
        ON_START_RETURNED, offset=68152643215 ns
        ON_TOKENS_CALLED, generate 1 tokens, offset=68152651818 ns
        ON_TOKENS_RETURNED, offset=68152652644 ns
        ON_TOKENS_CALLED, generate 1 tokens, offset=68713655443 ns
        ON_TOKENS_RETURNED, offset=68713658021 ns
        ON_TOKENS_CALLED, generate 1 tokens, offset=69326399654 ns
        ON_TOKENS_RETURNED, offset=69326402247 ns
        ON_TOKENS_CALLED, generate 1 tokens, offset=69956481786 ns
        ON_TOKENS_RETURNED, offset=69956483286 ns
        ON_TOKENS_CALLED, generate 1 tokens, offset=70618051607 ns
        ON_TOKENS_RETURNED, offset=70618053442 ns
        ON_TOKENS_CALLED, generate 1 tokens, offset=71291268287 ns
        ON_TOKENS_RETURNED, offset=71291269227 ns
        ON_TOKENS_CALLED, generate 1 tokens, offset=71989168753 ns
        ON_TOKENS_RETURNED, offset=71989169897 ns
        ON_TOKENS_CALLED, generate 1 tokens, offset=72691515489 ns
        ON_TOKENS_RETURNED, offset=72691516503 ns
        ON_TOKENS_CALLED, generate 1 tokens, offset=73417521398 ns
        ON_TOKENS_RETURNED, offset=73417522324 ns
        ON_TOKENS_CALLED, generate 1 tokens, offset=74144198577 ns
        ON_TOKENS_RETURNED, offset=74144199706 ns
        ON_TOKENS_CALLED, generate 1 tokens, offset=74895104142 ns
        ON_TOKENS_RETURNED, offset=74895105135 ns
        ON_TOKENS_CALLED, generate 1 tokens, offset=75651783567 ns
        ON_TOKENS_RETURNED, offset=75651784736 ns
        ON_TOKENS_CALLED, generate 1 tokens, offset=76430581617 ns
        ON_TOKENS_RETURNED, offset=76430582675 ns
        ON_TOKENS_CALLED, generate 1 tokens, offset=77210664974 ns
        ON_TOKENS_RETURNED, offset=77210666207 ns
        ON_TOKENS_CALLED, generate 1 tokens, offset=78016142805 ns
        ON_TOKENS_RETURNED, offset=78016143652 ns
        ON_TOKENS_CALLED, generate 1 tokens, offset=78825016458 ns
        ON_TOKENS_RETURNED, offset=78825018213 ns
        ON_TOKENS_CALLED, generate 1 tokens, offset=79660396222 ns
        ON_TOKENS_RETURNED, offset=79660425259 ns
        ON_TOKENS_CALLED, generate 1 tokens, offset=80501837331 ns
        ON_TOKENS_RETURNED, offset=80501838545 ns
        ON_TOKENS_CALLED, generate 1 tokens, offset=81381348748 ns
        ON_TOKENS_RETURNED, offset=81381350869 ns
        ON_TOKENS_CALLED, generate 1 tokens, offset=82265965906 ns
        ON_TOKENS_RETURNED, offset=82265967450 ns
        ON_TOKENS_CALLED, generate 1 tokens, offset=83192241731 ns
        ON_TOKENS_RETURNED, offset=83192243779 ns
        ON_TOKENS_CALLED, generate 1 tokens, offset=84120522637 ns
        ON_TOKENS_RETURNED, offset=84120524735 ns
        ON_TOKENS_CALLED, generate 1 tokens, offset=85088202484 ns
        ON_TOKENS_RETURNED, offset=85088203450 ns
        ON_TOKENS_CALLED, generate 1 tokens, offset=86059730964 ns
        ON_TOKENS_RETURNED, offset=86059732973 ns
        ON_TOKENS_CALLED, generate 1 tokens, offset=87075051525 ns
        ON_TOKENS_RETURNED, offset=87075052839 ns
        ON_TOKENS_CALLED, generate 1 tokens, offset=88080196644 ns
        ON_TOKENS_RETURNED, offset=88080197973 ns
        ON_TOKENS_CALLED, generate 1 tokens, offset=89138828445 ns
        ON_TOKENS_RETURNED, offset=89138830419 ns
        ON_TOKENS_CALLED, generate 1 tokens, offset=90196461129 ns
        ON_TOKENS_RETURNED, offset=90196462274 ns
        ON_TOKENS_CALLED, generate 1 tokens, offset=91294321425 ns
        ON_TOKENS_RETURNED, offset=91294322785 ns
        ON_TOKENS_CALLED, generate 1 tokens, offset=92386384114 ns
        ON_TOKENS_RETURNED, offset=92386384974 ns
        ON_TOKENS_CALLED, generate 1 tokens, offset=93534621815 ns
        ON_TOKENS_RETURNED, offset=93534623018 ns
        ON_TOKENS_CALLED, generate 1 tokens, offset=94678558645 ns
        ON_TOKENS_RETURNED, offset=94678560721 ns
        ON_TOKENS_CALLED, generate 1 tokens, offset=95864626663 ns
        ON_TOKENS_RETURNED, offset=95864641117 ns
        ON_TOKENS_CALLED, generate 1 tokens, offset=97037462719 ns
        ON_TOKENS_RETURNED, offset=97037463935 ns
        ON_TOKENS_CALLED, generate 1 tokens, offset=98272426916 ns
        ON_TOKENS_RETURNED, offset=98272428416 ns
        ON_TOKENS_CALLED, generate 1 tokens, offset=99497373692 ns
        ON_TOKENS_RETURNED, offset=99497374771 ns
        ON_TOKENS_CALLED, generate 1 tokens, offset=100769683366 ns
        ON_TOKENS_RETURNED, offset=100769684642 ns
        ON_TOKENS_CALLED, generate 1 tokens, offset=102024424402 ns
        ON_TOKENS_RETURNED, offset=102024425194 ns
        ON_TOKENS_CALLED, generate 1 tokens, offset=103331888099 ns
        ON_TOKENS_RETURNED, offset=103331888996 ns
        ON_TOKENS_CALLED, generate 1 tokens, offset=104633586762 ns
        ON_TOKENS_RETURNED, offset=104633587703 ns
        ON_TOKENS_CALLED, generate 1 tokens, offset=105981304038 ns
        ON_TOKENS_RETURNED, offset=105981304813 ns
        ON_TOKENS_CALLED, generate 1 tokens, offset=107307092554 ns
        ON_TOKENS_RETURNED, offset=107307093690 ns
        ON_TOKENS_CALLED, generate 1 tokens, offset=108695985833 ns
        ON_TOKENS_RETURNED, offset=108695986752 ns
        ON_TOKENS_CALLED, generate 1 tokens, offset=110076200280 ns
        ON_TOKENS_RETURNED, offset=110076201058 ns
        ON_TOKENS_CALLED, generate 1 tokens, offset=111507148977 ns
        ON_TOKENS_RETURNED, offset=111507149719 ns
        ON_TOKENS_CALLED, generate 1 tokens, offset=112919622339 ns
        ON_TOKENS_RETURNED, offset=112919623332 ns
        ON_TOKENS_CALLED, generate 1 tokens, offset=114398851102 ns
        ON_TOKENS_RETURNED, offset=114398852123 ns
        ON_TOKENS_CALLED, generate 1 tokens, offset=115863234127 ns
        ON_TOKENS_RETURNED, offset=115863236564 ns
        ON_TOKENS_CALLED, generate 1 tokens, offset=117377087559 ns
        ON_TOKENS_RETURNED, offset=117377088496 ns
        ON_TOKENS_CALLED, generate 1 tokens, offset=118865055844 ns
        ON_TOKENS_RETURNED, offset=118865056844 ns
        ON_TOKENS_CALLED, generate 1 tokens, offset=120419234762 ns
        ON_TOKENS_RETURNED, offset=120419236925 ns
        ON_TOKENS_CALLED, generate 1 tokens, offset=121956419507 ns
        ON_TOKENS_RETURNED, offset=121956420953 ns
        ON_TOKENS_CALLED, generate 1 tokens, offset=123547450382 ns
        ON_TOKENS_RETURNED, offset=123547451344 ns
        ON_TOKENS_CALLED, generate 1 tokens, offset=125109823715 ns
        ON_TOKENS_RETURNED, offset=125109824726 ns
        ON_TOKENS_CALLED, generate 1 tokens, offset=126747231517 ns
        ON_TOKENS_RETURNED, offset=126747232795 ns
        ON_TOKENS_CALLED, generate 1 tokens, offset=128368248750 ns
        ON_TOKENS_RETURNED, offset=128368250854 ns
        ON_TOKENS_CALLED, generate 1 tokens, offset=130045009102 ns
        ON_TOKENS_RETURNED, offset=130045010628 ns
        ON_TOKENS_CALLED, generate 1 tokens, offset=131693337682 ns
        ON_TOKENS_RETURNED, offset=131693338977 ns
        ON_TOKENS_CALLED, generate 1 tokens, offset=133410543756 ns
        ON_TOKENS_RETURNED, offset=133410544696 ns
        ON_TOKENS_CALLED, generate 1 tokens, offset=135112319301 ns
        ON_TOKENS_RETURNED, offset=135112320201 ns
        ON_TOKENS_CALLED, generate 1 tokens, offset=136869840810 ns
        ON_TOKENS_RETURNED, offset=136869842024 ns
        ON_TOKENS_CALLED, generate 1 tokens, offset=138594575558 ns
        ON_TOKENS_RETURNED, offset=138594576445 ns
        ON_TOKENS_CALLED, generate 1 tokens, offset=140387014214 ns
        ON_TOKENS_RETURNED, offset=140387186252 ns
        ON_TOKENS_CALLED, generate 1 tokens, offset=142137182004 ns
        ON_TOKENS_RETURNED, offset=142137186926 ns
[16:43:50.701144399|thread 2410600|cpu 247] [debug] #EVT# HandleDetails::is_anomalous() handle_id=44 time in state STATE_OPENED exceeded threshold: 68152506327 ns
[16:43:50.701146063|thread 2410600|cpu 247] [debug] #EVT#   Handle,    44, Created, 758089767432880, Last, 758231904599603, Prompted,  8191, Generated,    64, Input TPS, 120.20, Output TPS:  0.76, Callbacks,    64, prompt parsing complete, open
[16:43:50.701170982|thread 2410600|cpu 247] [info ] #EVT#   Handle 44 history:
        SESSION_OPEN, prompt 8192 tokens, offset=0 ns
        PROMPT_TOKENS_REUSE, offset=68152498850 ns
        ON_START_CALLED, offset=68152506327 ns
        ON_START_RETURNED, offset=68152664590 ns
        ON_TOKENS_CALLED, generate 1 tokens, offset=68152671780 ns
        ON_TOKENS_RETURNED, offset=68152672633 ns
        ON_TOKENS_CALLED, generate 1 tokens, offset=68713632516 ns
        ON_TOKENS_RETURNED, offset=68713634667 ns
        ON_TOKENS_CALLED, generate 1 tokens, offset=69326377993 ns
        ON_TOKENS_RETURNED, offset=69326379700 ns
        ON_TOKENS_CALLED, generate 1 tokens, offset=69956460691 ns
        ON_TOKENS_RETURNED, offset=69956461918 ns
        ON_TOKENS_CALLED, generate 1 tokens, offset=70618030622 ns
        ON_TOKENS_RETURNED, offset=70618032097 ns
        ON_TOKENS_CALLED, generate 1 tokens, offset=71291244919 ns
        ON_TOKENS_RETURNED, offset=71291246426 ns
        ON_TOKENS_CALLED, generate 1 tokens, offset=71989148219 ns
        ON_TOKENS_RETURNED, offset=71989149395 ns
        ON_TOKENS_CALLED, generate 1 tokens, offset=72691493370 ns
        ON_TOKENS_RETURNED, offset=72691494061 ns
        ON_TOKENS_CALLED, generate 1 tokens, offset=73417497479 ns
        ON_TOKENS_RETURNED, offset=73417499177 ns
        ON_TOKENS_CALLED, generate 1 tokens, offset=74144176690 ns
        ON_TOKENS_RETURNED, offset=74144177555 ns
        ON_TOKENS_CALLED, generate 1 tokens, offset=74895082884 ns
        ON_TOKENS_RETURNED, offset=74895084264 ns
        ON_TOKENS_CALLED, generate 1 tokens, offset=75651760835 ns
        ON_TOKENS_RETURNED, offset=75651762000 ns
        ON_TOKENS_CALLED, generate 1 tokens, offset=76430558182 ns
        ON_TOKENS_RETURNED, offset=76430559340 ns
        ON_TOKENS_CALLED, generate 1 tokens, offset=77210645190 ns
        ON_TOKENS_RETURNED, offset=77210646291 ns
        ON_TOKENS_CALLED, generate 1 tokens, offset=78016116323 ns
        ON_TOKENS_RETURNED, offset=78016117029 ns
        ON_TOKENS_CALLED, generate 1 tokens, offset=78825011190 ns
        ON_TOKENS_RETURNED, offset=78825013797 ns
        ON_TOKENS_CALLED, generate 1 tokens, offset=79660374873 ns
        ON_TOKENS_RETURNED, offset=79660401095 ns
        ON_TOKENS_CALLED, generate 1 tokens, offset=80501815483 ns
        ON_TOKENS_RETURNED, offset=80501816665 ns
        ON_TOKENS_CALLED, generate 1 tokens, offset=81381324377 ns
        ON_TOKENS_RETURNED, offset=81381326630 ns
        ON_TOKENS_CALLED, generate 1 tokens, offset=82265941022 ns
        ON_TOKENS_RETURNED, offset=82265942252 ns
        ON_TOKENS_CALLED, generate 1 tokens, offset=83192216342 ns
        ON_TOKENS_RETURNED, offset=83192217385 ns
        ON_TOKENS_CALLED, generate 1 tokens, offset=84120497964 ns
        ON_TOKENS_RETURNED, offset=84120500462 ns
        ON_TOKENS_CALLED, generate 1 tokens, offset=85088185431 ns
        ON_TOKENS_RETURNED, offset=85088186522 ns
        ON_TOKENS_CALLED, generate 1 tokens, offset=86059710084 ns
        ON_TOKENS_RETURNED, offset=86059711447 ns
        ON_TOKENS_CALLED, generate 1 tokens, offset=87075029328 ns
        ON_TOKENS_RETURNED, offset=87075030397 ns
        ON_TOKENS_CALLED, generate 1 tokens, offset=88080174152 ns
        ON_TOKENS_RETURNED, offset=88080176233 ns
        ON_TOKENS_CALLED, generate 1 tokens, offset=89138813049 ns
        ON_TOKENS_RETURNED, offset=89138814332 ns
        ON_TOKENS_CALLED, generate 1 tokens, offset=90196437863 ns
        ON_TOKENS_RETURNED, offset=90196439270 ns
        ON_TOKENS_CALLED, generate 1 tokens, offset=91294300720 ns
        ON_TOKENS_RETURNED, offset=91294302009 ns
        ON_TOKENS_CALLED, generate 1 tokens, offset=92386365511 ns
        ON_TOKENS_RETURNED, offset=92386366727 ns
        ON_TOKENS_CALLED, generate 1 tokens, offset=93534600988 ns
        ON_TOKENS_RETURNED, offset=93534601798 ns
        ON_TOKENS_CALLED, generate 1 tokens, offset=94678534565 ns
        ON_TOKENS_RETURNED, offset=94678537340 ns
        ON_TOKENS_CALLED, generate 1 tokens, offset=95864605600 ns
        ON_TOKENS_RETURNED, offset=95864618232 ns
        ON_TOKENS_CALLED, generate 1 tokens, offset=97037441728 ns
        ON_TOKENS_RETURNED, offset=97037442843 ns
        ON_TOKENS_CALLED, generate 1 tokens, offset=98272396126 ns
        ON_TOKENS_RETURNED, offset=98272399461 ns
        ON_TOKENS_CALLED, generate 1 tokens, offset=99497356115 ns
        ON_TOKENS_RETURNED, offset=99497357996 ns
        ON_TOKENS_CALLED, generate 1 tokens, offset=100769660998 ns
        ON_TOKENS_RETURNED, offset=100769662022 ns
        ON_TOKENS_CALLED, generate 1 tokens, offset=102024402139 ns
        ON_TOKENS_RETURNED, offset=102024404311 ns
        ON_TOKENS_CALLED, generate 1 tokens, offset=103331866242 ns
        ON_TOKENS_RETURNED, offset=103331867093 ns
        ON_TOKENS_CALLED, generate 1 tokens, offset=104633574671 ns
        ON_TOKENS_RETURNED, offset=104633575480 ns
        ON_TOKENS_CALLED, generate 1 tokens, offset=105981281742 ns
        ON_TOKENS_RETURNED, offset=105981283631 ns
        ON_TOKENS_CALLED, generate 1 tokens, offset=107307075154 ns
        ON_TOKENS_RETURNED, offset=107307077584 ns
        ON_TOKENS_CALLED, generate 1 tokens, offset=108695966725 ns
        ON_TOKENS_RETURNED, offset=108695967506 ns
        ON_TOKENS_CALLED, generate 1 tokens, offset=110076180721 ns
        ON_TOKENS_RETURNED, offset=110076181566 ns
        ON_TOKENS_CALLED, generate 1 tokens, offset=111507126230 ns
        ON_TOKENS_RETURNED, offset=111507127365 ns
        ON_TOKENS_CALLED, generate 1 tokens, offset=112919601874 ns
        ON_TOKENS_RETURNED, offset=112919602813 ns
        ON_TOKENS_CALLED, generate 1 tokens, offset=114398831232 ns
        ON_TOKENS_RETURNED, offset=114398832439 ns
        ON_TOKENS_CALLED, generate 1 tokens, offset=115863215155 ns
        ON_TOKENS_RETURNED, offset=115863216312 ns
        ON_TOKENS_CALLED, generate 1 tokens, offset=117377065668 ns
        ON_TOKENS_RETURNED, offset=117377066483 ns
        ON_TOKENS_CALLED, generate 1 tokens, offset=118865033028 ns
        ON_TOKENS_RETURNED, offset=118865036068 ns
        ON_TOKENS_CALLED, generate 1 tokens, offset=120419211273 ns
        ON_TOKENS_RETURNED, offset=120419213531 ns
        ON_TOKENS_CALLED, generate 1 tokens, offset=121956396892 ns
        ON_TOKENS_RETURNED, offset=121956399133 ns
        ON_TOKENS_CALLED, generate 1 tokens, offset=123547424651 ns
        ON_TOKENS_RETURNED, offset=123547425429 ns
        ON_TOKENS_CALLED, generate 1 tokens, offset=125109797747 ns
        ON_TOKENS_RETURNED, offset=125109798887 ns
        ON_TOKENS_CALLED, generate 1 tokens, offset=126747207930 ns
        ON_TOKENS_RETURNED, offset=126747210165 ns
        ON_TOKENS_CALLED, generate 1 tokens, offset=128368226245 ns
        ON_TOKENS_RETURNED, offset=128368227338 ns
        ON_TOKENS_CALLED, generate 1 tokens, offset=130044987697 ns
        ON_TOKENS_RETURNED, offset=130044988925 ns
        ON_TOKENS_CALLED, generate 1 tokens, offset=131693315334 ns
        ON_TOKENS_RETURNED, offset=131693316149 ns
        ON_TOKENS_CALLED, generate 1 tokens, offset=133410521338 ns
        ON_TOKENS_RETURNED, offset=133410524056 ns
        ON_TOKENS_CALLED, generate 1 tokens, offset=135112292735 ns
        ON_TOKENS_RETURNED, offset=135112293901 ns
        ON_TOKENS_CALLED, generate 1 tokens, offset=136869824149 ns
        ON_TOKENS_RETURNED, offset=136869825198 ns
        ON_TOKENS_CALLED, generate 1 tokens, offset=138594547051 ns
        ON_TOKENS_RETURNED, offset=138594548189 ns
        ON_TOKENS_CALLED, generate 1 tokens, offset=140386995779 ns
        ON_TOKENS_RETURNED, offset=140387123864 ns
        ON_TOKENS_CALLED, generate 1 tokens, offset=142137160702 ns
        ON_TOKENS_RETURNED, offset=142137166723 ns
[16:43:50.701182798|thread 2410600|cpu 247] [debug] #EVT# HandleDetails::is_anomalous() handle_id=47 time in state STATE_OPENED exceeded threshold: 68152472032 ns
[16:43:50.701184910|thread 2410600|cpu 247] [debug] #EVT#   Handle,    47, Created, 758089767468852, Last, 758231904600156, Prompted,  8191, Generated,    64, Input TPS, 120.20, Output TPS:  0.76, Callbacks,    64, prompt parsing complete, open
[16:43:50.701201759|thread 2410600|cpu 247] [info ] #EVT#   Handle 47 history:
        SESSION_OPEN, prompt 8192 tokens, offset=0 ns
        PROMPT_TOKENS_REUSE, offset=68152467047 ns
        ON_START_CALLED, offset=68152472032 ns
        ON_START_RETURNED, offset=68152605833 ns
        ON_TOKENS_CALLED, generate 1 tokens, offset=68152628468 ns
        ON_TOKENS_RETURNED, offset=68152629502 ns
        ON_TOKENS_CALLED, generate 1 tokens, offset=68713599002 ns
        ON_TOKENS_RETURNED, offset=68713601561 ns
        ON_TOKENS_CALLED, generate 1 tokens, offset=69326344226 ns
        ON_TOKENS_RETURNED, offset=69326346497 ns
        ON_TOKENS_CALLED, generate 1 tokens, offset=69956425071 ns
        ON_TOKENS_RETURNED, offset=69956427467 ns
        ON_TOKENS_CALLED, generate 1 tokens, offset=70617985597 ns
        ON_TOKENS_RETURNED, offset=70617989498 ns
        ON_TOKENS_CALLED, generate 1 tokens, offset=71291209942 ns
        ON_TOKENS_RETURNED, offset=71291211983 ns
        ON_TOKENS_CALLED, generate 1 tokens, offset=71989115683 ns
        ON_TOKENS_RETURNED, offset=71989116732 ns
        ON_TOKENS_CALLED, generate 1 tokens, offset=72691457741 ns
        ON_TOKENS_RETURNED, offset=72691458763 ns
        ON_TOKENS_CALLED, generate 1 tokens, offset=73417463946 ns
        ON_TOKENS_RETURNED, offset=73417482968 ns
        ON_TOKENS_CALLED, generate 1 tokens, offset=74144141268 ns
        ON_TOKENS_RETURNED, offset=74144142398 ns
        ON_TOKENS_CALLED, generate 1 tokens, offset=74895042559 ns
        ON_TOKENS_RETURNED, offset=74895043593 ns
        ON_TOKENS_CALLED, generate 1 tokens, offset=75651731183 ns
        ON_TOKENS_RETURNED, offset=75651732107 ns
        ON_TOKENS_CALLED, generate 1 tokens, offset=76430522857 ns
        ON_TOKENS_RETURNED, offset=76430525329 ns
        ON_TOKENS_CALLED, generate 1 tokens, offset=77210602977 ns
        ON_TOKENS_RETURNED, offset=77210604154 ns
        ON_TOKENS_CALLED, generate 1 tokens, offset=78016083719 ns
        ON_TOKENS_RETURNED, offset=78016085236 ns
        ON_TOKENS_CALLED, generate 1 tokens, offset=78824956517 ns
        ON_TOKENS_RETURNED, offset=78824958372 ns
        ON_TOKENS_CALLED, generate 1 tokens, offset=79660336085 ns
        ON_TOKENS_RETURNED, offset=79660352222 ns
        ON_TOKENS_CALLED, generate 1 tokens, offset=80501781017 ns
        ON_TOKENS_RETURNED, offset=80501781902 ns
        ON_TOKENS_CALLED, generate 1 tokens, offset=81381297137 ns
        ON_TOKENS_RETURNED, offset=81381298095 ns
        ON_TOKENS_CALLED, generate 1 tokens, offset=82265904850 ns
        ON_TOKENS_RETURNED, offset=82265907820 ns
        ON_TOKENS_CALLED, generate 1 tokens, offset=83192176036 ns
        ON_TOKENS_RETURNED, offset=83192178432 ns
        ON_TOKENS_CALLED, generate 1 tokens, offset=84120464386 ns
        ON_TOKENS_RETURNED, offset=84120466633 ns
        ON_TOKENS_CALLED, generate 1 tokens, offset=85088143757 ns
        ON_TOKENS_RETURNED, offset=85088144869 ns
        ON_TOKENS_CALLED, generate 1 tokens, offset=86059674556 ns
        ON_TOKENS_RETURNED, offset=86059677484 ns
        ON_TOKENS_CALLED, generate 1 tokens, offset=87074995850 ns
        ON_TOKENS_RETURNED, offset=87074996863 ns
        ON_TOKENS_CALLED, generate 1 tokens, offset=88080139260 ns
        ON_TOKENS_RETURNED, offset=88080140344 ns
        ON_TOKENS_CALLED, generate 1 tokens, offset=89138773214 ns
        ON_TOKENS_RETURNED, offset=89138774590 ns
        ON_TOKENS_CALLED, generate 1 tokens, offset=90196397255 ns
        ON_TOKENS_RETURNED, offset=90196399670 ns
        ON_TOKENS_CALLED, generate 1 tokens, offset=91294261595 ns
        ON_TOKENS_RETURNED, offset=91294262626 ns
        ON_TOKENS_CALLED, generate 1 tokens, offset=92386327025 ns
        ON_TOKENS_RETURNED, offset=92386328365 ns
        ON_TOKENS_CALLED, generate 1 tokens, offset=93534563171 ns
        ON_TOKENS_RETURNED, offset=93534565416 ns
        ON_TOKENS_CALLED, generate 1 tokens, offset=94678505328 ns
        ON_TOKENS_RETURNED, offset=94678506358 ns
        ON_TOKENS_CALLED, generate 1 tokens, offset=95864570034 ns
        ON_TOKENS_RETURNED, offset=95864574699 ns
        ON_TOKENS_CALLED, generate 1 tokens, offset=97037404536 ns
        ON_TOKENS_RETURNED, offset=97037406463 ns
        ON_TOKENS_CALLED, generate 1 tokens, offset=98272371019 ns
        ON_TOKENS_RETURNED, offset=98272372060 ns
        ON_TOKENS_CALLED, generate 1 tokens, offset=99497320787 ns
        ON_TOKENS_RETURNED, offset=99497322137 ns
        ON_TOKENS_CALLED, generate 1 tokens, offset=100769627288 ns
        ON_TOKENS_RETURNED, offset=100769629534 ns
        ON_TOKENS_CALLED, generate 1 tokens, offset=102024367596 ns
        ON_TOKENS_RETURNED, offset=102024368601 ns
        ON_TOKENS_CALLED, generate 1 tokens, offset=103331838818 ns
        ON_TOKENS_RETURNED, offset=103331839836 ns
        ON_TOKENS_CALLED, generate 1 tokens, offset=104633528100 ns
        ON_TOKENS_RETURNED, offset=104633529404 ns
        ON_TOKENS_CALLED, generate 1 tokens, offset=105981247104 ns
        ON_TOKENS_RETURNED, offset=105981248793 ns
        ON_TOKENS_CALLED, generate 1 tokens, offset=107307036698 ns
        ON_TOKENS_RETURNED, offset=107307039437 ns
        ON_TOKENS_CALLED, generate 1 tokens, offset=108695933675 ns
        ON_TOKENS_RETURNED, offset=108695934943 ns
        ON_TOKENS_CALLED, generate 1 tokens, offset=110076144184 ns
        ON_TOKENS_RETURNED, offset=110076146811 ns
        ON_TOKENS_CALLED, generate 1 tokens, offset=111507091212 ns
        ON_TOKENS_RETURNED, offset=111507092067 ns
        ON_TOKENS_CALLED, generate 1 tokens, offset=112919563905 ns
        ON_TOKENS_RETURNED, offset=112919565221 ns
        ON_TOKENS_CALLED, generate 1 tokens, offset=114398789261 ns
        ON_TOKENS_RETURNED, offset=114398790453 ns
        ON_TOKENS_CALLED, generate 1 tokens, offset=115863177168 ns
        ON_TOKENS_RETURNED, offset=115863179050 ns
        ON_TOKENS_CALLED, generate 1 tokens, offset=117377025612 ns
        ON_TOKENS_RETURNED, offset=117377026855 ns
        ON_TOKENS_CALLED, generate 1 tokens, offset=118865002060 ns
        ON_TOKENS_RETURNED, offset=118865002949 ns
        ON_TOKENS_CALLED, generate 1 tokens, offset=120419178259 ns
        ON_TOKENS_RETURNED, offset=120419180999 ns
        ON_TOKENS_CALLED, generate 1 tokens, offset=121956365521 ns
        ON_TOKENS_RETURNED, offset=121956366631 ns
        ON_TOKENS_CALLED, generate 1 tokens, offset=123547391193 ns
        ON_TOKENS_RETURNED, offset=123547391985 ns
        ON_TOKENS_CALLED, generate 1 tokens, offset=125109762728 ns
        ON_TOKENS_RETURNED, offset=125109763800 ns
        ON_TOKENS_CALLED, generate 1 tokens, offset=126747172023 ns
        ON_TOKENS_RETURNED, offset=126747173320 ns
        ON_TOKENS_CALLED, generate 1 tokens, offset=128368186867 ns
        ON_TOKENS_RETURNED, offset=128368188433 ns
        ON_TOKENS_CALLED, generate 1 tokens, offset=130044956317 ns
        ON_TOKENS_RETURNED, offset=130044957435 ns
        ON_TOKENS_CALLED, generate 1 tokens, offset=131693280658 ns
        ON_TOKENS_RETURNED, offset=131693282533 ns
        ON_TOKENS_CALLED, generate 1 tokens, offset=133410487123 ns
        ON_TOKENS_RETURNED, offset=133410488335 ns
        ON_TOKENS_CALLED, generate 1 tokens, offset=135112258545 ns
        ON_TOKENS_RETURNED, offset=135112260126 ns
        ON_TOKENS_CALLED, generate 1 tokens, offset=136869796657 ns
        ON_TOKENS_RETURNED, offset=136869798079 ns
        ON_TOKENS_CALLED, generate 1 tokens, offset=138594513658 ns
        ON_TOKENS_RETURNED, offset=138594516091 ns
        ON_TOKENS_CALLED, generate 1 tokens, offset=140386953272 ns
        ON_TOKENS_RETURNED, offset=140387099462 ns
        ON_TOKENS_CALLED, generate 1 tokens, offset=142137126541 ns
        ON_TOKENS_RETURNED, offset=142137131304 ns
[16:43:54.118952136|thread 2410599|cpu 247] [info ] KV cache footprint: 32.98 GB in 151 books
[16:44:02.492807576|thread 2410599|cpu 247] [info ] KV cache footprint: 34.08 GB in 156 books
[16:44:12.236510606|thread 2410579|cpu 247] [info ] [Request 23] Parsing the prompt took 173.883203823 s at 47.11208339788148 tokens/s
[16:44:12.236843919|thread 2410599|cpu 247] [info ] KV cache footprint: 35.17 GB in 161 books
[16:44:22.176868962|thread 2410599|cpu 247] [info ] KV cache footprint: 36.27 GB in 166 books
[16:44:33.453198838|thread 2410580|cpu 247] [info ] [Request 4] Parsing the prompt took 195.10322438 s at 41.988029803364746 tokens/s
[16:44:33.453399994|thread 2410599|cpu 247] [info ] KV cache footprint: 37.37 GB in 171 books
[16:44:45.025595492|thread 2410581|cpu 247] [info ] [Request 5] Parsing the prompt took 206.675610943 s at 39.63699423759927 tokens/s
[16:44:45.026045513|thread 2410599|cpu 247] [info ] KV cache footprint: 38.47 GB in 176 books
[16:44:50.819642038|thread 2410582|cpu 247] [info ] [Request 6] Parsing the prompt took 212.4696441 s at 38.556096023507195 tokens/s
[16:44:53.561952996|thread 2410577|cpu 247] [info ] [Request 3] Generating 61 response tokens with 8193 context took 71.984753 s at 0.847 average tok/s, or 1180.078 ms/tok
[16:44:53.561953042|thread 2410572|cpu 247] [info ] [Request 57] Generating 61 response tokens with 8193 context took 71.984758 s at 0.847 average tok/s, or 1180.078 ms/tok
[16:44:53.561953005|thread 2410573|cpu 247] [info ] [Request 58] Generating 61 response tokens with 8193 context took 71.984755 s at 0.847 average tok/s, or 1180.078 ms/tok
[16:44:53.562041397|thread 2410573|cpu 247] [info ] [Request 58] Request with 8192 tokens in and 64 out (sequence limit) saw 142.136952 s TTFT and 215.208143 s TTLT
[16:44:53.561952985|thread 2410575|cpu 247] [info ] [Request 2] Generating 61 response tokens with 8193 context took 71.984751 s at 0.847 average tok/s, or 1180.078 ms/tok
[16:44:53.562010063|thread 2410577|cpu 247] [info ] [Request 3] Request with 8192 tokens in and 64 out (sequence limit) saw 142.140809 s TTFT and 215.211989 s TTLT
[16:44:53.562057893|thread 2410575|cpu 247] [info ] [Request 2] Request with 8192 tokens in and 64 out (sequence limit) saw 142.140820 s TTFT and 215.211998 s TTLT
[16:44:53.562026439|thread 2410572|cpu 247] [info ] [Request 57] Request with 8192 tokens in and 64 out (sequence limit) saw 142.136977 s TTFT and 215.208180 s TTLT
[16:44:54.963480969|thread 2410574|cpu 247] [info ] [Request 64] Generating 61 response tokens with 8193 context took 72.649008 s at 0.840 average tok/s, or 1190.967 ms/tok
[16:44:54.963509770|thread 2410583|cpu 247] [info ] [Request 14] Parsing the prompt took 216.613421866 s at 37.81852449137562 tokens/s
[16:44:54.963485493|thread 2410576|cpu 247] [info ] [Request 56] Generating 61 response tokens with 8193 context took 72.649022 s at 0.840 average tok/s, or 1190.968 ms/tok
[16:44:54.963545701|thread 2410576|cpu 247] [info ] [Request 56] Request with 8192 tokens in and 64 out (sequence limit) saw 143.223454 s TTFT and 216.609747 s TTLT
[16:44:54.963484339|thread 2410578|cpu 247] [info ] [Request 21] Generating 61 response tokens with 8193 context took 72.649016 s at 0.840 average tok/s, or 1190.967 ms/tok
[16:44:54.963514818|thread 2410574|cpu 247] [info ] [Request 64] Request with 8192 tokens in and 64 out (sequence limit) saw 143.223197 s TTFT and 216.609481 s TTLT
[16:44:54.963567112|thread 2410578|cpu 247] [info ] [Request 21] Request with 8192 tokens in and 64 out (sequence limit) saw 143.223921 s TTFT and 216.610204 s TTLT
[16:44:56.141966070|thread 2410581|cpu 247] [info ] [Request 24] Parsing the prompt took 217.788649926 s at 37.61444869961529 tokens/s
[16:44:56.141966182|thread 2410580|cpu 247] [info ] [Request 19] Parsing the prompt took 217.791823802 s at 37.6139005449881 tokens/s
[16:44:56.142170353|thread 2410599|cpu 247] [info ] KV cache footprint: 39.57 GB in 181 books
[16:45:04.446106276|thread 2410599|cpu 247] [info ] KV cache footprint: 40.67 GB in 186 books
[16:45:05.073941377|thread 2410600|cpu 247] [debug] #EVT# HandleDetails::is_anomalous() handle_id=2 time in state STATE_OPENED exceeded threshold: 142140814040 ns
[16:45:05.073995619|thread 2410600|cpu 247] [debug] #EVT#   Handle,     2, Created, 758089763799034, Last, 758306377330827, Prompted,  8192, Generated,    64, Input TPS, 57.63, Output TPS:  0.76, Callbacks,    64, prompt parsing complete, open
[16:45:05.074042537|thread 2410600|cpu 247] [info ] #EVT#   Handle 2 history:
        SESSION_OPEN, prompt 8192 tokens, offset=0 ns
        PROMPT_TOKENS_REUSE, offset=142140803600 ns
        ON_START_CALLED, offset=142140814040 ns
        ON_START_RETURNED, offset=142140873953 ns
        ON_TOKENS_CALLED, generate 1 tokens, offset=142140887676 ns
        ON_TOKENS_RETURNED, offset=142140888573 ns
        ON_TOKENS_CALLED, generate 1 tokens, offset=143227240272 ns
        ON_TOKENS_RETURNED, offset=143227241801 ns
        ON_TOKENS_CALLED, generate 1 tokens, offset=143964509310 ns
        ON_TOKENS_RETURNED, offset=143964510640 ns
        ON_TOKENS_CALLED, generate 1 tokens, offset=144712846309 ns
        ON_TOKENS_RETURNED, offset=144712848229 ns
        ON_TOKENS_CALLED, generate 1 tokens, offset=145470273618 ns
        ON_TOKENS_RETURNED, offset=145470275900 ns
        ON_TOKENS_CALLED, generate 1 tokens, offset=146243989259 ns
        ON_TOKENS_RETURNED, offset=146243990318 ns
        ON_TOKENS_CALLED, generate 1 tokens, offset=147028642417 ns
        ON_TOKENS_RETURNED, offset=147028644233 ns
        ON_TOKENS_CALLED, generate 1 tokens, offset=147830131806 ns
        ON_TOKENS_RETURNED, offset=147830133537 ns
        ON_TOKENS_CALLED, generate 1 tokens, offset=148643494709 ns
        ON_TOKENS_RETURNED, offset=148643516856 ns
        ON_TOKENS_CALLED, generate 1 tokens, offset=149477418738 ns
        ON_TOKENS_RETURNED, offset=149477419417 ns
        ON_TOKENS_CALLED, generate 1 tokens, offset=150323276673 ns
        ON_TOKENS_RETURNED, offset=150323277817 ns
        ON_TOKENS_CALLED, generate 1 tokens, offset=151189068875 ns
        ON_TOKENS_RETURNED, offset=151189069857 ns
        ON_TOKENS_CALLED, generate 1 tokens, offset=152062247929 ns
        ON_TOKENS_RETURNED, offset=152062249305 ns
        ON_TOKENS_CALLED, generate 1 tokens, offset=152967630447 ns
        ON_TOKENS_RETURNED, offset=152967631497 ns
        ON_TOKENS_CALLED, generate 1 tokens, offset=153882367521 ns
        ON_TOKENS_RETURNED, offset=153882369479 ns
        ON_TOKENS_CALLED, generate 1 tokens, offset=154822045407 ns
        ON_TOKENS_RETURNED, offset=154822046557 ns
        ON_TOKENS_CALLED, generate 1 tokens, offset=155768788817 ns
        ON_TOKENS_RETURNED, offset=155768799826 ns
        ON_TOKENS_CALLED, generate 1 tokens, offset=156749239073 ns
        ON_TOKENS_RETURNED, offset=156749240151 ns
        ON_TOKENS_CALLED, generate 1 tokens, offset=157736802373 ns
        ON_TOKENS_RETURNED, offset=157736804285 ns
        ON_TOKENS_CALLED, generate 1 tokens, offset=158760515418 ns
        ON_TOKENS_RETURNED, offset=158760516964 ns
        ON_TOKENS_CALLED, generate 1 tokens, offset=159783327529 ns
        ON_TOKENS_RETURNED, offset=159783328447 ns
        ON_TOKENS_CALLED, generate 1 tokens, offset=160848965621 ns
        ON_TOKENS_RETURNED, offset=160848967413 ns
        ON_TOKENS_CALLED, generate 1 tokens, offset=161923431626 ns
        ON_TOKENS_RETURNED, offset=161923433174 ns
        ON_TOKENS_CALLED, generate 1 tokens, offset=163031874792 ns
        ON_TOKENS_RETURNED, offset=163031876351 ns
        ON_TOKENS_CALLED, generate 1 tokens, offset=164142628662 ns
        ON_TOKENS_RETURNED, offset=164142630051 ns
        ON_TOKENS_CALLED, generate 1 tokens, offset=165296804427 ns
        ON_TOKENS_RETURNED, offset=165296806067 ns
        ON_TOKENS_CALLED, generate 1 tokens, offset=166454876541 ns
        ON_TOKENS_RETURNED, offset=166454878756 ns
        ON_TOKENS_CALLED, generate 1 tokens, offset=167649602739 ns
        ON_TOKENS_RETURNED, offset=167649603973 ns
        ON_TOKENS_CALLED, generate 1 tokens, offset=168839798175 ns
        ON_TOKENS_RETURNED, offset=168839799784 ns
        ON_TOKENS_CALLED, generate 1 tokens, offset=170080100070 ns
        ON_TOKENS_RETURNED, offset=170080100885 ns
        ON_TOKENS_CALLED, generate 1 tokens, offset=171324775402 ns
        ON_TOKENS_RETURNED, offset=171324776080 ns
        ON_TOKENS_CALLED, generate 1 tokens, offset=172605769454 ns
        ON_TOKENS_RETURNED, offset=172605770793 ns
        ON_TOKENS_CALLED, generate 1 tokens, offset=173886551751 ns
        ON_TOKENS_RETURNED, offset=173886554478 ns
        ON_TOKENS_CALLED, generate 1 tokens, offset=175069901442 ns
        ON_TOKENS_RETURNED, offset=175069903372 ns
        ON_TOKENS_CALLED, generate 1 tokens, offset=176260293044 ns
        ON_TOKENS_RETURNED, offset=176260294226 ns
        ON_TOKENS_CALLED, generate 1 tokens, offset=177482826439 ns
        ON_TOKENS_RETURNED, offset=177482828835 ns
        ON_TOKENS_CALLED, generate 1 tokens, offset=178707057391 ns
        ON_TOKENS_RETURNED, offset=178707058571 ns
        ON_TOKENS_CALLED, generate 1 tokens, offset=179963035955 ns
        ON_TOKENS_RETURNED, offset=179963036803 ns
        ON_TOKENS_CALLED, generate 1 tokens, offset=181222275193 ns
        ON_TOKENS_RETURNED, offset=181222275858 ns
        ON_TOKENS_CALLED, generate 1 tokens, offset=182518700770 ns
        ON_TOKENS_RETURNED, offset=182518702783 ns
        ON_TOKENS_CALLED, generate 1 tokens, offset=183826674510 ns
        ON_TOKENS_RETURNED, offset=183826675417 ns
        ON_TOKENS_CALLED, generate 1 tokens, offset=185172302038 ns
        ON_TOKENS_RETURNED, offset=185172302907 ns
        ON_TOKENS_CALLED, generate 1 tokens, offset=186515992533 ns
        ON_TOKENS_RETURNED, offset=186515993792 ns
        ON_TOKENS_CALLED, generate 1 tokens, offset=187903632117 ns
        ON_TOKENS_RETURNED, offset=187903634325 ns
        ON_TOKENS_CALLED, generate 1 tokens, offset=189298187074 ns
        ON_TOKENS_RETURNED, offset=189298188767 ns
        ON_TOKENS_CALLED, generate 1 tokens, offset=190729179995 ns
        ON_TOKENS_RETURNED, offset=190729180955 ns
        ON_TOKENS_CALLED, generate 1 tokens, offset=192156895742 ns
        ON_TOKENS_RETURNED, offset=192156896914 ns
        ON_TOKENS_CALLED, generate 1 tokens, offset=193631645623 ns
        ON_TOKENS_RETURNED, offset=193631646753 ns
        ON_TOKENS_CALLED, generate 1 tokens, offset=195103225001 ns
        ON_TOKENS_RETURNED, offset=195103227152 ns
        ON_TOKENS_CALLED, generate 1 tokens, offset=196476377494 ns
        ON_TOKENS_RETURNED, offset=196476378762 ns
        ON_TOKENS_CALLED, generate 1 tokens, offset=197877320871 ns
        ON_TOKENS_RETURNED, offset=197877321979 ns
        ON_TOKENS_CALLED, generate 1 tokens, offset=199290643791 ns
        ON_TOKENS_RETURNED, offset=199290645153 ns
        ON_TOKENS_CALLED, generate 1 tokens, offset=200728168590 ns
        ON_TOKENS_RETURNED, offset=200728170453 ns
        ON_TOKENS_CALLED, generate 1 tokens, offset=202171116280 ns
        ON_TOKENS_RETURNED, offset=202171117241 ns
        ON_TOKENS_CALLED, generate 1 tokens, offset=203656999714 ns
        ON_TOKENS_RETURNED, offset=203657001430 ns
        ON_TOKENS_CALLED, generate 1 tokens, offset=205151115736 ns
        ON_TOKENS_RETURNED, offset=205151116664 ns
        ON_TOKENS_CALLED, generate 1 tokens, offset=206675631881 ns
        ON_TOKENS_RETURNED, offset=206675632969 ns
        ON_TOKENS_CALLED, generate 1 tokens, offset=208074179744 ns
        ON_TOKENS_RETURNED, offset=208074182220 ns
        ON_TOKENS_CALLED, generate 1 tokens, offset=209525347437 ns
        ON_TOKENS_RETURNED, offset=209525350194 ns
        ON_TOKENS_CALLED, generate 1 tokens, offset=210983496410 ns
        ON_TOKENS_RETURNED, offset=210983497646 ns
        ON_TOKENS_CALLED, generate 1 tokens, offset=212469660866 ns
        ON_TOKENS_RETURNED, offset=212469663147 ns
        ON_TOKENS_CALLED, generate 1 tokens, offset=213825764727 ns
        ON_TOKENS_RETURNED, offset=213825765811 ns
        ON_TOKENS_CALLED, generate 1 tokens, offset=215211990003 ns
        ON_TOKENS_RETURNED, offset=215212110733 ns
        ON_TOKENS_CALLED, generate 1 tokens, offset=216613521693 ns
        ON_TOKENS_RETURNED, offset=216613531793 ns
[16:45:05.074070162|thread 2410600|cpu 247] [debug] #EVT# HandleDetails::is_anomalous() handle_id=3 time in state STATE_OPENED exceeded threshold: 142140802279 ns
[16:45:05.074072886|thread 2410600|cpu 247] [debug] #EVT#   Handle,     3, Created, 758089763811070, Last, 758306377333327, Prompted,  8192, Generated,    64, Input TPS, 57.63, Output TPS:  0.76, Callbacks,    64, prompt parsing complete, open
[16:45:05.074090883|thread 2410600|cpu 247] [info ] #EVT#   Handle 3 history:
        SESSION_OPEN, prompt 8192 tokens, offset=0 ns
        PROMPT_TOKENS_REUSE, offset=142140795379 ns
        ON_START_CALLED, offset=142140802279 ns
        ON_START_RETURNED, offset=142140883842 ns
        ON_TOKENS_CALLED, generate 1 tokens, offset=142140893693 ns
        ON_TOKENS_RETURNED, offset=142140894536 ns
        ON_TOKENS_CALLED, generate 1 tokens, offset=143227229242 ns
        ON_TOKENS_RETURNED, offset=143227231941 ns
        ON_TOKENS_CALLED, generate 1 tokens, offset=143964505931 ns
        ON_TOKENS_RETURNED, offset=143964506849 ns
        ON_TOKENS_CALLED, generate 1 tokens, offset=144712837399 ns
        ON_TOKENS_RETURNED, offset=144712838303 ns
        ON_TOKENS_CALLED, generate 1 tokens, offset=145470265525 ns
        ON_TOKENS_RETURNED, offset=145470267990 ns
        ON_TOKENS_CALLED, generate 1 tokens, offset=146243980090 ns
        ON_TOKENS_RETURNED, offset=146243980954 ns
        ON_TOKENS_CALLED, generate 1 tokens, offset=147028633717 ns
        ON_TOKENS_RETURNED, offset=147028634713 ns
        ON_TOKENS_CALLED, generate 1 tokens, offset=147830117084 ns
        ON_TOKENS_RETURNED, offset=147830118181 ns
        ON_TOKENS_CALLED, generate 1 tokens, offset=148643491386 ns
        ON_TOKENS_RETURNED, offset=148643495632 ns
        ON_TOKENS_CALLED, generate 1 tokens, offset=149477408560 ns
        ON_TOKENS_RETURNED, offset=149477409718 ns
        ON_TOKENS_CALLED, generate 1 tokens, offset=150323276248 ns
        ON_TOKENS_RETURNED, offset=150323277099 ns
        ON_TOKENS_CALLED, generate 1 tokens, offset=151189060171 ns
        ON_TOKENS_RETURNED, offset=151189060889 ns
        ON_TOKENS_CALLED, generate 1 tokens, offset=152062237404 ns
        ON_TOKENS_RETURNED, offset=152062239363 ns
        ON_TOKENS_CALLED, generate 1 tokens, offset=152967607169 ns
        ON_TOKENS_RETURNED, offset=152967608007 ns
        ON_TOKENS_CALLED, generate 1 tokens, offset=153882359049 ns
        ON_TOKENS_RETURNED, offset=153882359875 ns
        ON_TOKENS_CALLED, generate 1 tokens, offset=154822037444 ns
        ON_TOKENS_RETURNED, offset=154822039231 ns
        ON_TOKENS_CALLED, generate 1 tokens, offset=155768778328 ns
        ON_TOKENS_RETURNED, offset=155768791431 ns
        ON_TOKENS_CALLED, generate 1 tokens, offset=156749234062 ns
        ON_TOKENS_RETURNED, offset=156749236080 ns
        ON_TOKENS_CALLED, generate 1 tokens, offset=157736795321 ns
        ON_TOKENS_RETURNED, offset=157736796418 ns
        ON_TOKENS_CALLED, generate 1 tokens, offset=158760507096 ns
        ON_TOKENS_RETURNED, offset=158760508154 ns
        ON_TOKENS_CALLED, generate 1 tokens, offset=159783311357 ns
        ON_TOKENS_RETURNED, offset=159783312922 ns
        ON_TOKENS_CALLED, generate 1 tokens, offset=160848960779 ns
        ON_TOKENS_RETURNED, offset=160848961847 ns
        ON_TOKENS_CALLED, generate 1 tokens, offset=161923415750 ns
        ON_TOKENS_RETURNED, offset=161923416765 ns
        ON_TOKENS_CALLED, generate 1 tokens, offset=163031867047 ns
        ON_TOKENS_RETURNED, offset=163031868382 ns
        ON_TOKENS_CALLED, generate 1 tokens, offset=164142617423 ns
        ON_TOKENS_RETURNED, offset=164142619927 ns
        ON_TOKENS_CALLED, generate 1 tokens, offset=165296794948 ns
        ON_TOKENS_RETURNED, offset=165296795654 ns
        ON_TOKENS_CALLED, generate 1 tokens, offset=166454867444 ns
        ON_TOKENS_RETURNED, offset=166454868757 ns
        ON_TOKENS_CALLED, generate 1 tokens, offset=167649600080 ns
        ON_TOKENS_RETURNED, offset=167649601180 ns
        ON_TOKENS_CALLED, generate 1 tokens, offset=168839789825 ns
        ON_TOKENS_RETURNED, offset=168839791901 ns
        ON_TOKENS_CALLED, generate 1 tokens, offset=170080091592 ns
        ON_TOKENS_RETURNED, offset=170080092934 ns
        ON_TOKENS_CALLED, generate 1 tokens, offset=171324765330 ns
        ON_TOKENS_RETURNED, offset=171324766142 ns
        ON_TOKENS_CALLED, generate 1 tokens, offset=172605758651 ns
        ON_TOKENS_RETURNED, offset=172605761499 ns
        ON_TOKENS_CALLED, generate 1 tokens, offset=173886544942 ns
        ON_TOKENS_RETURNED, offset=173886546671 ns
        ON_TOKENS_CALLED, generate 1 tokens, offset=175069896516 ns
        ON_TOKENS_RETURNED, offset=175069897811 ns
        ON_TOKENS_CALLED, generate 1 tokens, offset=176260278614 ns
        ON_TOKENS_RETURNED, offset=176260279921 ns
        ON_TOKENS_CALLED, generate 1 tokens, offset=177482813365 ns
        ON_TOKENS_RETURNED, offset=177482815466 ns
        ON_TOKENS_CALLED, generate 1 tokens, offset=178707048451 ns
        ON_TOKENS_RETURNED, offset=178707050326 ns
        ON_TOKENS_CALLED, generate 1 tokens, offset=179963026376 ns
        ON_TOKENS_RETURNED, offset=179963027095 ns
        ON_TOKENS_CALLED, generate 1 tokens, offset=181222267932 ns
        ON_TOKENS_RETURNED, offset=181222269102 ns
        ON_TOKENS_CALLED, generate 1 tokens, offset=182518697085 ns
        ON_TOKENS_RETURNED, offset=182518697978 ns
        ON_TOKENS_CALLED, generate 1 tokens, offset=183826663846 ns
        ON_TOKENS_RETURNED, offset=183826665121 ns
        ON_TOKENS_CALLED, generate 1 tokens, offset=185172284153 ns
        ON_TOKENS_RETURNED, offset=185172285268 ns
        ON_TOKENS_CALLED, generate 1 tokens, offset=186515983747 ns
        ON_TOKENS_RETURNED, offset=186515984966 ns
        ON_TOKENS_CALLED, generate 1 tokens, offset=187903623283 ns
        ON_TOKENS_RETURNED, offset=187903625320 ns
        ON_TOKENS_CALLED, generate 1 tokens, offset=189298178346 ns
        ON_TOKENS_RETURNED, offset=189298179889 ns
        ON_TOKENS_CALLED, generate 1 tokens, offset=190729164562 ns
        ON_TOKENS_RETURNED, offset=190729165469 ns
        ON_TOKENS_CALLED, generate 1 tokens, offset=192156897791 ns
        ON_TOKENS_RETURNED, offset=192156898802 ns
        ON_TOKENS_CALLED, generate 1 tokens, offset=193631632188 ns
        ON_TOKENS_RETURNED, offset=193631633342 ns
        ON_TOKENS_CALLED, generate 1 tokens, offset=195103217732 ns
        ON_TOKENS_RETURNED, offset=195103218696 ns
        ON_TOKENS_CALLED, generate 1 tokens, offset=196476366331 ns
        ON_TOKENS_RETURNED, offset=196476367159 ns
        ON_TOKENS_CALLED, generate 1 tokens, offset=197877313090 ns
        ON_TOKENS_RETURNED, offset=197877314358 ns
        ON_TOKENS_CALLED, generate 1 tokens, offset=199290636125 ns
        ON_TOKENS_RETURNED, offset=199290637278 ns
        ON_TOKENS_CALLED, generate 1 tokens, offset=200728159911 ns
        ON_TOKENS_RETURNED, offset=200728160460 ns
        ON_TOKENS_CALLED, generate 1 tokens, offset=202171100220 ns
        ON_TOKENS_RETURNED, offset=202171100929 ns
        ON_TOKENS_CALLED, generate 1 tokens, offset=203656991455 ns
        ON_TOKENS_RETURNED, offset=203656993952 ns
        ON_TOKENS_CALLED, generate 1 tokens, offset=205151107420 ns
        ON_TOKENS_RETURNED, offset=205151108758 ns
        ON_TOKENS_CALLED, generate 1 tokens, offset=206675622098 ns
        ON_TOKENS_RETURNED, offset=206675624365 ns
        ON_TOKENS_CALLED, generate 1 tokens, offset=208074179689 ns
        ON_TOKENS_RETURNED, offset=208074180668 ns
        ON_TOKENS_CALLED, generate 1 tokens, offset=209525339053 ns
        ON_TOKENS_RETURNED, offset=209525341834 ns
        ON_TOKENS_CALLED, generate 1 tokens, offset=210983487762 ns
        ON_TOKENS_RETURNED, offset=210983488896 ns
        ON_TOKENS_CALLED, generate 1 tokens, offset=212469651294 ns
        ON_TOKENS_RETURNED, offset=212469652376 ns
        ON_TOKENS_CALLED, generate 1 tokens, offset=213825758844 ns
        ON_TOKENS_RETURNED, offset=213825760460 ns
        ON_TOKENS_CALLED, generate 1 tokens, offset=215211981693 ns
        ON_TOKENS_RETURNED, offset=215212097298 ns
        ON_TOKENS_CALLED, generate 1 tokens, offset=216613518625 ns
        ON_TOKENS_RETURNED, offset=216613522257 ns
[16:45:05.074104055|thread 2410600|cpu 247] [debug] #EVT# HandleDetails::is_anomalous() handle_id=57 time in state STATE_OPENED exceeded threshold: 142136961758 ns
[16:45:05.074106247|thread 2410600|cpu 247] [debug] #EVT#   Handle,    57, Created, 758089767632736, Last, 758306377324988, Prompted,  8191, Generated,    64, Input TPS, 57.63, Output TPS:  0.76, Callbacks,    64, prompt parsing complete, open
[16:45:05.074122246|thread 2410600|cpu 247] [info ] #EVT#   Handle 57 history:
        SESSION_OPEN, prompt 8192 tokens, offset=0 ns
        PROMPT_TOKENS_REUSE, offset=142136960599 ns
        ON_START_CALLED, offset=142136961758 ns
        ON_START_RETURNED, offset=142136997569 ns
        ON_TOKENS_CALLED, generate 1 tokens, offset=142137002421 ns
        ON_TOKENS_RETURNED, offset=142137004673 ns
        ON_TOKENS_CALLED, generate 1 tokens, offset=143223406130 ns
        ON_TOKENS_RETURNED, offset=143223408463 ns
        ON_TOKENS_CALLED, generate 1 tokens, offset=143960676187 ns
        ON_TOKENS_RETURNED, offset=143960677116 ns
        ON_TOKENS_CALLED, generate 1 tokens, offset=144709007091 ns
        ON_TOKENS_RETURNED, offset=144709009788 ns
        ON_TOKENS_CALLED, generate 1 tokens, offset=145466432988 ns
        ON_TOKENS_RETURNED, offset=145466435917 ns
        ON_TOKENS_CALLED, generate 1 tokens, offset=146240163325 ns
        ON_TOKENS_RETURNED, offset=146240164243 ns
        ON_TOKENS_CALLED, generate 1 tokens, offset=147024805537 ns
        ON_TOKENS_RETURNED, offset=147024807658 ns
        ON_TOKENS_CALLED, generate 1 tokens, offset=147826291587 ns
        ON_TOKENS_RETURNED, offset=147826292333 ns
        ON_TOKENS_CALLED, generate 1 tokens, offset=148639655488 ns
        ON_TOKENS_RETURNED, offset=148639658611 ns
        ON_TOKENS_CALLED, generate 1 tokens, offset=149473573619 ns
        ON_TOKENS_RETURNED, offset=149473576270 ns
        ON_TOKENS_CALLED, generate 1 tokens, offset=150319435730 ns
        ON_TOKENS_RETURNED, offset=150319437515 ns
        ON_TOKENS_CALLED, generate 1 tokens, offset=151185230805 ns
        ON_TOKENS_RETURNED, offset=151185232931 ns
        ON_TOKENS_CALLED, generate 1 tokens, offset=152058412107 ns
        ON_TOKENS_RETURNED, offset=152058413051 ns
        ON_TOKENS_CALLED, generate 1 tokens, offset=152963782020 ns
        ON_TOKENS_RETURNED, offset=152963783307 ns
        ON_TOKENS_CALLED, generate 1 tokens, offset=153878530609 ns
        ON_TOKENS_RETURNED, offset=153878531887 ns
        ON_TOKENS_CALLED, generate 1 tokens, offset=154818209916 ns
        ON_TOKENS_RETURNED, offset=154818210920 ns
        ON_TOKENS_CALLED, generate 1 tokens, offset=155764946796 ns
        ON_TOKENS_RETURNED, offset=155764965186 ns
        ON_TOKENS_CALLED, generate 1 tokens, offset=156745399453 ns
        ON_TOKENS_RETURNED, offset=156745401050 ns
        ON_TOKENS_CALLED, generate 1 tokens, offset=157732965462 ns
        ON_TOKENS_RETURNED, offset=157732966838 ns
        ON_TOKENS_CALLED, generate 1 tokens, offset=158756676913 ns
        ON_TOKENS_RETURNED, offset=158756678106 ns
        ON_TOKENS_CALLED, generate 1 tokens, offset=159779487833 ns
        ON_TOKENS_RETURNED, offset=159779489258 ns
        ON_TOKENS_CALLED, generate 1 tokens, offset=160845138435 ns
        ON_TOKENS_RETURNED, offset=160845139841 ns
        ON_TOKENS_CALLED, generate 1 tokens, offset=161919586208 ns
        ON_TOKENS_RETURNED, offset=161919587404 ns
        ON_TOKENS_CALLED, generate 1 tokens, offset=163028042972 ns
        ON_TOKENS_RETURNED, offset=163028045337 ns
        ON_TOKENS_CALLED, generate 1 tokens, offset=164138790145 ns
        ON_TOKENS_RETURNED, offset=164138791484 ns
        ON_TOKENS_CALLED, generate 1 tokens, offset=165292967007 ns
        ON_TOKENS_RETURNED, offset=165292968363 ns
        ON_TOKENS_CALLED, generate 1 tokens, offset=166451039973 ns
        ON_TOKENS_RETURNED, offset=166451042529 ns
        ON_TOKENS_CALLED, generate 1 tokens, offset=167645769990 ns
        ON_TOKENS_RETURNED, offset=167645772344 ns
        ON_TOKENS_CALLED, generate 1 tokens, offset=168835960789 ns
        ON_TOKENS_RETURNED, offset=168835963279 ns
        ON_TOKENS_CALLED, generate 1 tokens, offset=170076263867 ns
        ON_TOKENS_RETURNED, offset=170076264940 ns
        ON_TOKENS_CALLED, generate 1 tokens, offset=171320939222 ns
        ON_TOKENS_RETURNED, offset=171320941105 ns
        ON_TOKENS_CALLED, generate 1 tokens, offset=172601933118 ns
        ON_TOKENS_RETURNED, offset=172601934785 ns
        ON_TOKENS_CALLED, generate 1 tokens, offset=173882715228 ns
        ON_TOKENS_RETURNED, offset=173882718895 ns
        ON_TOKENS_CALLED, generate 1 tokens, offset=175066068697 ns
        ON_TOKENS_RETURNED, offset=175066070561 ns
        ON_TOKENS_CALLED, generate 1 tokens, offset=176256451590 ns
        ON_TOKENS_RETURNED, offset=176256452794 ns
        ON_TOKENS_CALLED, generate 1 tokens, offset=177478983778 ns
        ON_TOKENS_RETURNED, offset=177478986559 ns
        ON_TOKENS_CALLED, generate 1 tokens, offset=178703216735 ns
        ON_TOKENS_RETURNED, offset=178703218118 ns
        ON_TOKENS_CALLED, generate 1 tokens, offset=179959200743 ns
        ON_TOKENS_RETURNED, offset=179959201820 ns
        ON_TOKENS_CALLED, generate 1 tokens, offset=181218431154 ns
        ON_TOKENS_RETURNED, offset=181218431847 ns
        ON_TOKENS_CALLED, generate 1 tokens, offset=182514863784 ns
        ON_TOKENS_RETURNED, offset=182514866201 ns
        ON_TOKENS_CALLED, generate 1 tokens, offset=183822835403 ns
        ON_TOKENS_RETURNED, offset=183822837340 ns
        ON_TOKENS_CALLED, generate 1 tokens, offset=185168459426 ns
        ON_TOKENS_RETURNED, offset=185168461303 ns
        ON_TOKENS_CALLED, generate 1 tokens, offset=186512157119 ns
        ON_TOKENS_RETURNED, offset=186512158531 ns
        ON_TOKENS_CALLED, generate 1 tokens, offset=187899793023 ns
        ON_TOKENS_RETURNED, offset=187899794357 ns
        ON_TOKENS_CALLED, generate 1 tokens, offset=189294347412 ns
        ON_TOKENS_RETURNED, offset=189294350202 ns
        ON_TOKENS_CALLED, generate 1 tokens, offset=190725345718 ns
        ON_TOKENS_RETURNED, offset=190725346986 ns
        ON_TOKENS_CALLED, generate 1 tokens, offset=192153060806 ns
        ON_TOKENS_RETURNED, offset=192153062670 ns
        ON_TOKENS_CALLED, generate 1 tokens, offset=193627805625 ns
        ON_TOKENS_RETURNED, offset=193627806989 ns
        ON_TOKENS_CALLED, generate 1 tokens, offset=195099394431 ns
        ON_TOKENS_RETURNED, offset=195099395517 ns
        ON_TOKENS_CALLED, generate 1 tokens, offset=196472540829 ns
        ON_TOKENS_RETURNED, offset=196472542951 ns
        ON_TOKENS_CALLED, generate 1 tokens, offset=197873479905 ns
        ON_TOKENS_RETURNED, offset=197873481413 ns
        ON_TOKENS_CALLED, generate 1 tokens, offset=199286809157 ns
        ON_TOKENS_RETURNED, offset=199286810638 ns
        ON_TOKENS_CALLED, generate 1 tokens, offset=200724336181 ns
        ON_TOKENS_RETURNED, offset=200724337191 ns
        ON_TOKENS_CALLED, generate 1 tokens, offset=202167264618 ns
        ON_TOKENS_RETURNED, offset=202167265838 ns
        ON_TOKENS_CALLED, generate 1 tokens, offset=203653163088 ns
        ON_TOKENS_RETURNED, offset=203653164539 ns
        ON_TOKENS_CALLED, generate 1 tokens, offset=205147280565 ns
        ON_TOKENS_RETURNED, offset=205147281192 ns
        ON_TOKENS_CALLED, generate 1 tokens, offset=206671796437 ns
        ON_TOKENS_RETURNED, offset=206671798447 ns
        ON_TOKENS_CALLED, generate 1 tokens, offset=208070352661 ns
        ON_TOKENS_RETURNED, offset=208070353765 ns
        ON_TOKENS_CALLED, generate 1 tokens, offset=209521514589 ns
        ON_TOKENS_RETURNED, offset=209521515680 ns
        ON_TOKENS_CALLED, generate 1 tokens, offset=210979665388 ns
        ON_TOKENS_RETURNED, offset=210979667158 ns
        ON_TOKENS_CALLED, generate 1 tokens, offset=212465823055 ns
        ON_TOKENS_RETURNED, offset=212465825800 ns
        ON_TOKENS_CALLED, generate 1 tokens, offset=213821927942 ns
        ON_TOKENS_RETURNED, offset=213821929953 ns
        ON_TOKENS_CALLED, generate 1 tokens, offset=215208163981 ns
        ON_TOKENS_RETURNED, offset=215208284734 ns
        ON_TOKENS_CALLED, generate 1 tokens, offset=216609685826 ns
        ON_TOKENS_RETURNED, offset=216609692252 ns
[16:45:05.074136297|thread 2410600|cpu 247] [debug] #EVT# HandleDetails::is_anomalous() handle_id=58 time in state STATE_OPENED exceeded threshold: 142136937450 ns
[16:45:05.074138064|thread 2410600|cpu 247] [debug] #EVT#   Handle,    58, Created, 758089767663346, Last, 758306377325163, Prompted,  8191, Generated,    64, Input TPS, 57.63, Output TPS:  0.76, Callbacks,    64, prompt parsing complete, open
[16:45:05.074158533|thread 2410600|cpu 247] [info ] #EVT#   Handle 58 history:
        SESSION_OPEN, prompt 8192 tokens, offset=0 ns
        PROMPT_TOKENS_REUSE, offset=142136936463 ns
        ON_START_CALLED, offset=142136937450 ns
        ON_START_RETURNED, offset=142136984865 ns
        ON_TOKENS_CALLED, generate 1 tokens, offset=142136989366 ns
        ON_TOKENS_RETURNED, offset=142136990431 ns
        ON_TOKENS_CALLED, generate 1 tokens, offset=143223373271 ns
        ON_TOKENS_RETURNED, offset=143223376460 ns
        ON_TOKENS_CALLED, generate 1 tokens, offset=143960647484 ns
        ON_TOKENS_RETURNED, offset=143960648441 ns
        ON_TOKENS_CALLED, generate 1 tokens, offset=144708980283 ns
        ON_TOKENS_RETURNED, offset=144708981726 ns
        ON_TOKENS_CALLED, generate 1 tokens, offset=145466404542 ns
        ON_TOKENS_RETURNED, offset=145466407648 ns
        ON_TOKENS_CALLED, generate 1 tokens, offset=146240128543 ns
        ON_TOKENS_RETURNED, offset=146240129635 ns
        ON_TOKENS_CALLED, generate 1 tokens, offset=147024775781 ns
        ON_TOKENS_RETURNED, offset=147024776986 ns
        ON_TOKENS_CALLED, generate 1 tokens, offset=147826264751 ns
        ON_TOKENS_RETURNED, offset=147826265733 ns
        ON_TOKENS_CALLED, generate 1 tokens, offset=148639626942 ns
        ON_TOKENS_RETURNED, offset=148639645495 ns
        ON_TOKENS_CALLED, generate 1 tokens, offset=149473543339 ns
        ON_TOKENS_RETURNED, offset=149473544795 ns
        ON_TOKENS_CALLED, generate 1 tokens, offset=150319406319 ns
        ON_TOKENS_RETURNED, offset=150319407165 ns
        ON_TOKENS_CALLED, generate 1 tokens, offset=151185200265 ns
        ON_TOKENS_RETURNED, offset=151185202708 ns
        ON_TOKENS_CALLED, generate 1 tokens, offset=152058382324 ns
        ON_TOKENS_RETURNED, offset=152058383381 ns
        ON_TOKENS_CALLED, generate 1 tokens, offset=152963756941 ns
        ON_TOKENS_RETURNED, offset=152963757643 ns
        ON_TOKENS_CALLED, generate 1 tokens, offset=153878501832 ns
        ON_TOKENS_RETURNED, offset=153878503050 ns
        ON_TOKENS_CALLED, generate 1 tokens, offset=154818176578 ns
        ON_TOKENS_RETURNED, offset=154818178981 ns
        ON_TOKENS_CALLED, generate 1 tokens, offset=155764916225 ns
        ON_TOKENS_RETURNED, offset=155764934188 ns
        ON_TOKENS_CALLED, generate 1 tokens, offset=156745369780 ns
        ON_TOKENS_RETURNED, offset=156745370942 ns
        ON_TOKENS_CALLED, generate 1 tokens, offset=157732933109 ns
        ON_TOKENS_RETURNED, offset=157732935641 ns
        ON_TOKENS_CALLED, generate 1 tokens, offset=158756646830 ns
        ON_TOKENS_RETURNED, offset=158756648732 ns
        ON_TOKENS_CALLED, generate 1 tokens, offset=159779458704 ns
        ON_TOKENS_RETURNED, offset=159779460407 ns
        ON_TOKENS_CALLED, generate 1 tokens, offset=160845098771 ns
        ON_TOKENS_RETURNED, offset=160845099973 ns
        ON_TOKENS_CALLED, generate 1 tokens, offset=161919557640 ns
        ON_TOKENS_RETURNED, offset=161919560215 ns
        ON_TOKENS_CALLED, generate 1 tokens, offset=163028010657 ns
        ON_TOKENS_RETURNED, offset=163028011624 ns
        ON_TOKENS_CALLED, generate 1 tokens, offset=164138761482 ns
        ON_TOKENS_RETURNED, offset=164138762916 ns
        ON_TOKENS_CALLED, generate 1 tokens, offset=165292938305 ns
        ON_TOKENS_RETURNED, offset=165292939385 ns
        ON_TOKENS_CALLED, generate 1 tokens, offset=166451009301 ns
        ON_TOKENS_RETURNED, offset=166451011334 ns
        ON_TOKENS_CALLED, generate 1 tokens, offset=167645740773 ns
        ON_TOKENS_RETURNED, offset=167645772476 ns
        ON_TOKENS_CALLED, generate 1 tokens, offset=168835931207 ns
        ON_TOKENS_RETURNED, offset=168835933521 ns
        ON_TOKENS_CALLED, generate 1 tokens, offset=170076234771 ns
        ON_TOKENS_RETURNED, offset=170076236087 ns
        ON_TOKENS_CALLED, generate 1 tokens, offset=171320908615 ns
        ON_TOKENS_RETURNED, offset=171320910106 ns
        ON_TOKENS_CALLED, generate 1 tokens, offset=172601900495 ns
        ON_TOKENS_RETURNED, offset=172601902102 ns
        ON_TOKENS_CALLED, generate 1 tokens, offset=173882686455 ns
        ON_TOKENS_RETURNED, offset=173882690222 ns
        ON_TOKENS_CALLED, generate 1 tokens, offset=175066035895 ns
        ON_TOKENS_RETURNED, offset=175066039122 ns
        ON_TOKENS_CALLED, generate 1 tokens, offset=176256430424 ns
        ON_TOKENS_RETURNED, offset=176256431537 ns
        ON_TOKENS_CALLED, generate 1 tokens, offset=177478953572 ns
        ON_TOKENS_RETURNED, offset=177478956483 ns
        ON_TOKENS_CALLED, generate 1 tokens, offset=178703192663 ns
        ON_TOKENS_RETURNED, offset=178703193729 ns
        ON_TOKENS_CALLED, generate 1 tokens, offset=179959169187 ns
        ON_TOKENS_RETURNED, offset=179959170742 ns
        ON_TOKENS_CALLED, generate 1 tokens, offset=181218403968 ns
        ON_TOKENS_RETURNED, offset=181218405137 ns
        ON_TOKENS_CALLED, generate 1 tokens, offset=182514844107 ns
        ON_TOKENS_RETURNED, offset=182514845268 ns
        ON_TOKENS_CALLED, generate 1 tokens, offset=183822805488 ns
        ON_TOKENS_RETURNED, offset=183822807157 ns
        ON_TOKENS_CALLED, generate 1 tokens, offset=185168430091 ns
        ON_TOKENS_RETURNED, offset=185168431484 ns
        ON_TOKENS_CALLED, generate 1 tokens, offset=186512126986 ns
        ON_TOKENS_RETURNED, offset=186512128536 ns
        ON_TOKENS_CALLED, generate 1 tokens, offset=187899762970 ns
        ON_TOKENS_RETURNED, offset=187899764735 ns
        ON_TOKENS_CALLED, generate 1 tokens, offset=189294320175 ns
        ON_TOKENS_RETURNED, offset=189294322574 ns
        ON_TOKENS_CALLED, generate 1 tokens, offset=190725308360 ns
        ON_TOKENS_RETURNED, offset=190725309419 ns
        ON_TOKENS_CALLED, generate 1 tokens, offset=192153030939 ns
        ON_TOKENS_RETURNED, offset=192153032473 ns
        ON_TOKENS_CALLED, generate 1 tokens, offset=193627775552 ns
        ON_TOKENS_RETURNED, offset=193627776575 ns
        ON_TOKENS_CALLED, generate 1 tokens, offset=195099367984 ns
        ON_TOKENS_RETURNED, offset=195099368912 ns
        ON_TOKENS_CALLED, generate 1 tokens, offset=196472516613 ns
        ON_TOKENS_RETURNED, offset=196472518294 ns
        ON_TOKENS_CALLED, generate 1 tokens, offset=197873449376 ns
        ON_TOKENS_RETURNED, offset=197873451127 ns
        ON_TOKENS_CALLED, generate 1 tokens, offset=199286776583 ns
        ON_TOKENS_RETURNED, offset=199286779043 ns
        ON_TOKENS_CALLED, generate 1 tokens, offset=200724304422 ns
        ON_TOKENS_RETURNED, offset=200724306002 ns
        ON_TOKENS_CALLED, generate 1 tokens, offset=202167235744 ns
        ON_TOKENS_RETURNED, offset=202167236870 ns
        ON_TOKENS_CALLED, generate 1 tokens, offset=203653132491 ns
        ON_TOKENS_RETURNED, offset=203653134562 ns
        ON_TOKENS_CALLED, generate 1 tokens, offset=205147259639 ns
        ON_TOKENS_RETURNED, offset=205147260555 ns
        ON_TOKENS_CALLED, generate 1 tokens, offset=206671765291 ns
        ON_TOKENS_RETURNED, offset=206671767327 ns
        ON_TOKENS_CALLED, generate 1 tokens, offset=208070312944 ns
        ON_TOKENS_RETURNED, offset=208070313691 ns
        ON_TOKENS_CALLED, generate 1 tokens, offset=209521485275 ns
        ON_TOKENS_RETURNED, offset=209521487599 ns
        ON_TOKENS_CALLED, generate 1 tokens, offset=210979630166 ns
        ON_TOKENS_RETURNED, offset=210979630945 ns
        ON_TOKENS_CALLED, generate 1 tokens, offset=212465793266 ns
        ON_TOKENS_RETURNED, offset=212465795496 ns
        ON_TOKENS_CALLED, generate 1 tokens, offset=213821897573 ns
        ON_TOKENS_RETURNED, offset=213821899483 ns
        ON_TOKENS_CALLED, generate 1 tokens, offset=215208128102 ns
        ON_TOKENS_RETURNED, offset=215208230814 ns
        ON_TOKENS_CALLED, generate 1 tokens, offset=216609655129 ns
        ON_TOKENS_RETURNED, offset=216609661817 ns
[16:45:06.482548756|thread 2410600|cpu 247] [debug] #EVT# HandleDetails::is_anomalous() handle_id=64 time in state STATE_OPENED exceeded threshold: 143223178739 ns
[16:45:06.482561378|thread 2410600|cpu 247] [debug] #EVT#   Handle,    64, Created, 758089767857501, Last, 758307555808054, Prompted,  8191, Generated,    64, Input TPS, 57.20, Output TPS:  0.75, Callbacks,    64, prompt parsing complete, open
[16:45:06.482578229|thread 2410600|cpu 247] [info ] #EVT#   Handle 64 history:
        SESSION_OPEN, prompt 8192 tokens, offset=0 ns
        PROMPT_TOKENS_REUSE, offset=143223176705 ns
        ON_START_CALLED, offset=143223178739 ns
        ON_START_RETURNED, offset=143223219459 ns
        ON_TOKENS_CALLED, generate 1 tokens, offset=143223223448 ns
        ON_TOKENS_RETURNED, offset=143223224932 ns
        ON_TOKENS_CALLED, generate 1 tokens, offset=143960456546 ns
        ON_TOKENS_RETURNED, offset=143960458039 ns
        ON_TOKENS_CALLED, generate 1 tokens, offset=144708786518 ns
        ON_TOKENS_RETURNED, offset=144708788644 ns
        ON_TOKENS_CALLED, generate 1 tokens, offset=145466212361 ns
        ON_TOKENS_RETURNED, offset=145466214465 ns
        ON_TOKENS_CALLED, generate 1 tokens, offset=146239930871 ns
        ON_TOKENS_RETURNED, offset=146239932789 ns
        ON_TOKENS_CALLED, generate 1 tokens, offset=147024583445 ns
        ON_TOKENS_RETURNED, offset=147024585516 ns
        ON_TOKENS_CALLED, generate 1 tokens, offset=147826064528 ns
        ON_TOKENS_RETURNED, offset=147826065519 ns
        ON_TOKENS_CALLED, generate 1 tokens, offset=148639428204 ns
        ON_TOKENS_RETURNED, offset=148639429774 ns
        ON_TOKENS_CALLED, generate 1 tokens, offset=149473364786 ns
        ON_TOKENS_RETURNED, offset=149473368081 ns
        ON_TOKENS_CALLED, generate 1 tokens, offset=150319212806 ns
        ON_TOKENS_RETURNED, offset=150319214517 ns
        ON_TOKENS_CALLED, generate 1 tokens, offset=151185006800 ns
        ON_TOKENS_RETURNED, offset=151185009201 ns
        ON_TOKENS_CALLED, generate 1 tokens, offset=152058187284 ns
        ON_TOKENS_RETURNED, offset=152058190735 ns
        ON_TOKENS_CALLED, generate 1 tokens, offset=152963567717 ns
        ON_TOKENS_RETURNED, offset=152963568629 ns
        ON_TOKENS_CALLED, generate 1 tokens, offset=153878308701 ns
        ON_TOKENS_RETURNED, offset=153878310561 ns
        ON_TOKENS_CALLED, generate 1 tokens, offset=154817987793 ns
        ON_TOKENS_RETURNED, offset=154817989504 ns
        ON_TOKENS_CALLED, generate 1 tokens, offset=155764725908 ns
        ON_TOKENS_RETURNED, offset=155764726931 ns
        ON_TOKENS_CALLED, generate 1 tokens, offset=156745184155 ns
        ON_TOKENS_RETURNED, offset=156745204000 ns
        ON_TOKENS_CALLED, generate 1 tokens, offset=157732745649 ns
        ON_TOKENS_RETURNED, offset=157732746969 ns
        ON_TOKENS_CALLED, generate 1 tokens, offset=158756454321 ns
        ON_TOKENS_RETURNED, offset=158756455544 ns
        ON_TOKENS_CALLED, generate 1 tokens, offset=159779261723 ns
        ON_TOKENS_RETURNED, offset=159779262802 ns
        ON_TOKENS_CALLED, generate 1 tokens, offset=160844912449 ns
        ON_TOKENS_RETURNED, offset=160844913520 ns
        ON_TOKENS_CALLED, generate 1 tokens, offset=161919364987 ns
        ON_TOKENS_RETURNED, offset=161919365962 ns
        ON_TOKENS_CALLED, generate 1 tokens, offset=163027820365 ns
        ON_TOKENS_RETURNED, offset=163027821725 ns
        ON_TOKENS_CALLED, generate 1 tokens, offset=164138565822 ns
        ON_TOKENS_RETURNED, offset=164138568496 ns
        ON_TOKENS_CALLED, generate 1 tokens, offset=165292744433 ns
        ON_TOKENS_RETURNED, offset=165292745685 ns
        ON_TOKENS_CALLED, generate 1 tokens, offset=166450816366 ns
        ON_TOKENS_RETURNED, offset=166450817519 ns
        ON_TOKENS_CALLED, generate 1 tokens, offset=167645543328 ns
        ON_TOKENS_RETURNED, offset=167645544980 ns
        ON_TOKENS_CALLED, generate 1 tokens, offset=168835737717 ns
        ON_TOKENS_RETURNED, offset=168835739485 ns
        ON_TOKENS_CALLED, generate 1 tokens, offset=170076045734 ns
        ON_TOKENS_RETURNED, offset=170076047026 ns
        ON_TOKENS_CALLED, generate 1 tokens, offset=171320720930 ns
        ON_TOKENS_RETURNED, offset=171320723163 ns
        ON_TOKENS_CALLED, generate 1 tokens, offset=172601707873 ns
        ON_TOKENS_RETURNED, offset=172601710907 ns
        ON_TOKENS_CALLED, generate 1 tokens, offset=173882494826 ns
        ON_TOKENS_RETURNED, offset=173882496890 ns
        ON_TOKENS_CALLED, generate 1 tokens, offset=175065841811 ns
        ON_TOKENS_RETURNED, offset=175065845735 ns
        ON_TOKENS_CALLED, generate 1 tokens, offset=176256237507 ns
        ON_TOKENS_RETURNED, offset=176256238581 ns
        ON_TOKENS_CALLED, generate 1 tokens, offset=177478760087 ns
        ON_TOKENS_RETURNED, offset=177478763334 ns
        ON_TOKENS_CALLED, generate 1 tokens, offset=178702990715 ns
        ON_TOKENS_RETURNED, offset=178702993142 ns
        ON_TOKENS_CALLED, generate 1 tokens, offset=179958983481 ns
        ON_TOKENS_RETURNED, offset=179958985723 ns
        ON_TOKENS_CALLED, generate 1 tokens, offset=181218206168 ns
        ON_TOKENS_RETURNED, offset=181218208371 ns
        ON_TOKENS_CALLED, generate 1 tokens, offset=182514640480 ns
        ON_TOKENS_RETURNED, offset=182514641752 ns
        ON_TOKENS_CALLED, generate 1 tokens, offset=183822617723 ns
        ON_TOKENS_RETURNED, offset=183822619032 ns
        ON_TOKENS_CALLED, generate 1 tokens, offset=185168231954 ns
        ON_TOKENS_RETURNED, offset=185168235442 ns
        ON_TOKENS_CALLED, generate 1 tokens, offset=186511932993 ns
        ON_TOKENS_RETURNED, offset=186511934991 ns
        ON_TOKENS_CALLED, generate 1 tokens, offset=187899570307 ns
        ON_TOKENS_RETURNED, offset=187899571660 ns
        ON_TOKENS_CALLED, generate 1 tokens, offset=189294139141 ns
        ON_TOKENS_RETURNED, offset=189294141395 ns
        ON_TOKENS_CALLED, generate 1 tokens, offset=190725112705 ns
        ON_TOKENS_RETURNED, offset=190725113994 ns
        ON_TOKENS_CALLED, generate 1 tokens, offset=192152847680 ns
        ON_TOKENS_RETURNED, offset=192152848801 ns
        ON_TOKENS_CALLED, generate 1 tokens, offset=193627579575 ns
        ON_TOKENS_RETURNED, offset=193627581609 ns
        ON_TOKENS_CALLED, generate 1 tokens, offset=195099169599 ns
        ON_TOKENS_RETURNED, offset=195099171423 ns
        ON_TOKENS_CALLED, generate 1 tokens, offset=196472316486 ns
        ON_TOKENS_RETURNED, offset=196472317972 ns
        ON_TOKENS_CALLED, generate 1 tokens, offset=197873260660 ns
        ON_TOKENS_RETURNED, offset=197873262356 ns
        ON_TOKENS_CALLED, generate 1 tokens, offset=199286588937 ns
        ON_TOKENS_RETURNED, offset=199286592057 ns
        ON_TOKENS_CALLED, generate 1 tokens, offset=200724113166 ns
        ON_TOKENS_RETURNED, offset=200724114327 ns
        ON_TOKENS_CALLED, generate 1 tokens, offset=202167044692 ns
        ON_TOKENS_RETURNED, offset=202167046215 ns
        ON_TOKENS_CALLED, generate 1 tokens, offset=203652944187 ns
        ON_TOKENS_RETURNED, offset=203652946314 ns
        ON_TOKENS_CALLED, generate 1 tokens, offset=205147053957 ns
        ON_TOKENS_RETURNED, offset=205147057390 ns
        ON_TOKENS_CALLED, generate 1 tokens, offset=206671572140 ns
        ON_TOKENS_RETURNED, offset=206671573744 ns
        ON_TOKENS_CALLED, generate 1 tokens, offset=208070114055 ns
        ON_TOKENS_RETURNED, offset=208070115331 ns
        ON_TOKENS_CALLED, generate 1 tokens, offset=209521294887 ns
        ON_TOKENS_RETURNED, offset=209521295882 ns
        ON_TOKENS_CALLED, generate 1 tokens, offset=210979444404 ns
        ON_TOKENS_RETURNED, offset=210979446227 ns
        ON_TOKENS_CALLED, generate 1 tokens, offset=212465599995 ns
        ON_TOKENS_RETURNED, offset=212465601395 ns
        ON_TOKENS_CALLED, generate 1 tokens, offset=213821708952 ns
        ON_TOKENS_RETURNED, offset=213821711713 ns
        ON_TOKENS_CALLED, generate 1 tokens, offset=215207927802 ns
        ON_TOKENS_RETURNED, offset=215207930033 ns
        ON_TOKENS_CALLED, generate 1 tokens, offset=216609462025 ns
        ON_TOKENS_RETURNED, offset=216609562179 ns
        ON_TOKENS_CALLED, generate 1 tokens, offset=217787947240 ns
        ON_TOKENS_RETURNED, offset=217787950553 ns
[16:45:06.482606198|thread 2410600|cpu 247] [debug] #EVT# HandleDetails::is_anomalous() handle_id=21 time in state STATE_OPENED exceeded threshold: 143223914919 ns
[16:45:06.482608227|thread 2410600|cpu 247] [debug] #EVT#   Handle,    21, Created, 758089767131835, Last, 758307555809080, Prompted,  8189, Generated,    64, Input TPS, 57.20, Output TPS:  0.75, Callbacks,    64, prompt parsing complete, open
[16:45:06.482623944|thread 2410600|cpu 247] [info ] #EVT#   Handle 21 history:
        SESSION_OPEN, prompt 8192 tokens, offset=0 ns
        PROMPT_TOKENS_REUSE, offset=143223914168 ns
        ON_START_CALLED, offset=143223914919 ns
        ON_START_RETURNED, offset=143223959822 ns
        ON_TOKENS_CALLED, generate 1 tokens, offset=143223964113 ns
        ON_TOKENS_RETURNED, offset=143223964636 ns
        ON_TOKENS_CALLED, generate 1 tokens, offset=143961181767 ns
        ON_TOKENS_RETURNED, offset=143961183158 ns
        ON_TOKENS_CALLED, generate 1 tokens, offset=144709517617 ns
        ON_TOKENS_RETURNED, offset=144709519540 ns
        ON_TOKENS_CALLED, generate 1 tokens, offset=145466948705 ns
        ON_TOKENS_RETURNED, offset=145466949379 ns
        ON_TOKENS_CALLED, generate 1 tokens, offset=146240662243 ns
        ON_TOKENS_RETURNED, offset=146240663882 ns
        ON_TOKENS_CALLED, generate 1 tokens, offset=147025314392 ns
        ON_TOKENS_RETURNED, offset=147025315318 ns
        ON_TOKENS_CALLED, generate 1 tokens, offset=147826797868 ns
        ON_TOKENS_RETURNED, offset=147826798392 ns
        ON_TOKENS_CALLED, generate 1 tokens, offset=148640162453 ns
        ON_TOKENS_RETURNED, offset=148640163578 ns
        ON_TOKENS_CALLED, generate 1 tokens, offset=149474082118 ns
        ON_TOKENS_RETURNED, offset=149474085403 ns
        ON_TOKENS_CALLED, generate 1 tokens, offset=150319947957 ns
        ON_TOKENS_RETURNED, offset=150319948986 ns
        ON_TOKENS_CALLED, generate 1 tokens, offset=151185741438 ns
        ON_TOKENS_RETURNED, offset=151185742211 ns
        ON_TOKENS_CALLED, generate 1 tokens, offset=152058919001 ns
        ON_TOKENS_RETURNED, offset=152058919910 ns
        ON_TOKENS_CALLED, generate 1 tokens, offset=152964288141 ns
        ON_TOKENS_RETURNED, offset=152964289417 ns
        ON_TOKENS_CALLED, generate 1 tokens, offset=153879044003 ns
        ON_TOKENS_RETURNED, offset=153879044710 ns
        ON_TOKENS_CALLED, generate 1 tokens, offset=154818716613 ns
        ON_TOKENS_RETURNED, offset=154818718006 ns
        ON_TOKENS_CALLED, generate 1 tokens, offset=155765458147 ns
        ON_TOKENS_RETURNED, offset=155765459031 ns
        ON_TOKENS_CALLED, generate 1 tokens, offset=156745908774 ns
        ON_TOKENS_RETURNED, offset=156745919838 ns
        ON_TOKENS_CALLED, generate 1 tokens, offset=157733474126 ns
        ON_TOKENS_RETURNED, offset=157733476392 ns
        ON_TOKENS_CALLED, generate 1 tokens, offset=158757193154 ns
        ON_TOKENS_RETURNED, offset=158757194300 ns
        ON_TOKENS_CALLED, generate 1 tokens, offset=159779992275 ns
        ON_TOKENS_RETURNED, offset=159779993383 ns
        ON_TOKENS_CALLED, generate 1 tokens, offset=160845637619 ns
        ON_TOKENS_RETURNED, offset=160845639581 ns
        ON_TOKENS_CALLED, generate 1 tokens, offset=161920101346 ns
        ON_TOKENS_RETURNED, offset=161920102181 ns
        ON_TOKENS_CALLED, generate 1 tokens, offset=163028545207 ns
        ON_TOKENS_RETURNED, offset=163028548036 ns
        ON_TOKENS_CALLED, generate 1 tokens, offset=164139298660 ns
        ON_TOKENS_RETURNED, offset=164139299793 ns
        ON_TOKENS_CALLED, generate 1 tokens, offset=165293477143 ns
        ON_TOKENS_RETURNED, offset=165293478214 ns
        ON_TOKENS_CALLED, generate 1 tokens, offset=166451549098 ns
        ON_TOKENS_RETURNED, offset=166451549769 ns
        ON_TOKENS_CALLED, generate 1 tokens, offset=167646281187 ns
        ON_TOKENS_RETURNED, offset=167646282063 ns
        ON_TOKENS_CALLED, generate 1 tokens, offset=168836469692 ns
        ON_TOKENS_RETURNED, offset=168836471677 ns
        ON_TOKENS_CALLED, generate 1 tokens, offset=170076768669 ns
        ON_TOKENS_RETURNED, offset=170076769549 ns
        ON_TOKENS_CALLED, generate 1 tokens, offset=171321447095 ns
        ON_TOKENS_RETURNED, offset=171321449672 ns
        ON_TOKENS_CALLED, generate 1 tokens, offset=172602439939 ns
        ON_TOKENS_RETURNED, offset=172602441189 ns
        ON_TOKENS_CALLED, generate 1 tokens, offset=173883223040 ns
        ON_TOKENS_RETURNED, offset=173883223880 ns
        ON_TOKENS_CALLED, generate 1 tokens, offset=175066571196 ns
        ON_TOKENS_RETURNED, offset=175066573237 ns
        ON_TOKENS_CALLED, generate 1 tokens, offset=176256967207 ns
        ON_TOKENS_RETURNED, offset=176256967983 ns
        ON_TOKENS_CALLED, generate 1 tokens, offset=177479495709 ns
        ON_TOKENS_RETURNED, offset=177479496624 ns
        ON_TOKENS_CALLED, generate 1 tokens, offset=178703726845 ns
        ON_TOKENS_RETURNED, offset=178703727845 ns
        ON_TOKENS_CALLED, generate 1 tokens, offset=179959708315 ns
        ON_TOKENS_RETURNED, offset=179959710618 ns
        ON_TOKENS_CALLED, generate 1 tokens, offset=181218938087 ns
        ON_TOKENS_RETURNED, offset=181218938979 ns
        ON_TOKENS_CALLED, generate 1 tokens, offset=182515374017 ns
        ON_TOKENS_RETURNED, offset=182515375797 ns
        ON_TOKENS_CALLED, generate 1 tokens, offset=183823342375 ns
        ON_TOKENS_RETURNED, offset=183823343907 ns
        ON_TOKENS_CALLED, generate 1 tokens, offset=185168966128 ns
        ON_TOKENS_RETURNED, offset=185168967228 ns
        ON_TOKENS_CALLED, generate 1 tokens, offset=186512666106 ns
        ON_TOKENS_RETURNED, offset=186512667008 ns
        ON_TOKENS_CALLED, generate 1 tokens, offset=187900300990 ns
        ON_TOKENS_RETURNED, offset=187900302401 ns
        ON_TOKENS_CALLED, generate 1 tokens, offset=189294857812 ns
        ON_TOKENS_RETURNED, offset=189294858705 ns
        ON_TOKENS_CALLED, generate 1 tokens, offset=190725854646 ns
        ON_TOKENS_RETURNED, offset=190725855724 ns
        ON_TOKENS_CALLED, generate 1 tokens, offset=192153575884 ns
        ON_TOKENS_RETURNED, offset=192153576819 ns
        ON_TOKENS_CALLED, generate 1 tokens, offset=193628316377 ns
        ON_TOKENS_RETURNED, offset=193628317189 ns
        ON_TOKENS_CALLED, generate 1 tokens, offset=195099901518 ns
        ON_TOKENS_RETURNED, offset=195099902125 ns
        ON_TOKENS_CALLED, generate 1 tokens, offset=196473047521 ns
        ON_TOKENS_RETURNED, offset=196473049224 ns
        ON_TOKENS_CALLED, generate 1 tokens, offset=197873988835 ns
        ON_TOKENS_RETURNED, offset=197873991233 ns
        ON_TOKENS_CALLED, generate 1 tokens, offset=199287316273 ns
        ON_TOKENS_RETURNED, offset=199287318320 ns
        ON_TOKENS_CALLED, generate 1 tokens, offset=200724835733 ns
        ON_TOKENS_RETURNED, offset=200724838576 ns
        ON_TOKENS_CALLED, generate 1 tokens, offset=202167775120 ns
        ON_TOKENS_RETURNED, offset=202167776161 ns
        ON_TOKENS_CALLED, generate 1 tokens, offset=203653671538 ns
        ON_TOKENS_RETURNED, offset=203653673834 ns
        ON_TOKENS_CALLED, generate 1 tokens, offset=205147788772 ns
        ON_TOKENS_RETURNED, offset=205147789801 ns
        ON_TOKENS_CALLED, generate 1 tokens, offset=206672308545 ns
        ON_TOKENS_RETURNED, offset=206672310015 ns
        ON_TOKENS_CALLED, generate 1 tokens, offset=208070848483 ns
        ON_TOKENS_RETURNED, offset=208070850864 ns
        ON_TOKENS_CALLED, generate 1 tokens, offset=209522021404 ns
        ON_TOKENS_RETURNED, offset=209522022030 ns
        ON_TOKENS_CALLED, generate 1 tokens, offset=210980168259 ns
        ON_TOKENS_RETURNED, offset=210980169297 ns
        ON_TOKENS_CALLED, generate 1 tokens, offset=212466330911 ns
        ON_TOKENS_RETURNED, offset=212466332137 ns
        ON_TOKENS_CALLED, generate 1 tokens, offset=213822439331 ns
        ON_TOKENS_RETURNED, offset=213822440980 ns
        ON_TOKENS_CALLED, generate 1 tokens, offset=215208667419 ns
        ON_TOKENS_RETURNED, offset=215208668624 ns
        ON_TOKENS_CALLED, generate 1 tokens, offset=216610195105 ns
        ON_TOKENS_RETURNED, offset=216610292228 ns
        ON_TOKENS_CALLED, generate 1 tokens, offset=217788672510 ns
        ON_TOKENS_RETURNED, offset=217788677245 ns
[16:45:06.482637595|thread 2410600|cpu 247] [debug] #EVT# HandleDetails::is_anomalous() handle_id=56 time in state STATE_OPENED exceeded threshold: 143223436199 ns
[16:45:06.482639304|thread 2410600|cpu 247] [debug] #EVT#   Handle,    56, Created, 758089767599959, Last, 758307555809153, Prompted,  8191, Generated,    64, Input TPS, 57.20, Output TPS:  0.75, Callbacks,    64, prompt parsing complete, open
[16:45:06.482654250|thread 2410600|cpu 247] [info ] #EVT#   Handle 56 history:
        SESSION_OPEN, prompt 8192 tokens, offset=0 ns
        PROMPT_TOKENS_REUSE, offset=143223433904 ns
        ON_START_CALLED, offset=143223436199 ns
        ON_START_RETURNED, offset=143223466360 ns
        ON_TOKENS_CALLED, generate 1 tokens, offset=143223470926 ns
        ON_TOKENS_RETURNED, offset=143223472884 ns
        ON_TOKENS_CALLED, generate 1 tokens, offset=143960708039 ns
        ON_TOKENS_RETURNED, offset=143960710061 ns
        ON_TOKENS_CALLED, generate 1 tokens, offset=144709047106 ns
        ON_TOKENS_RETURNED, offset=144709049109 ns
        ON_TOKENS_CALLED, generate 1 tokens, offset=145466484797 ns
        ON_TOKENS_RETURNED, offset=145466485619 ns
        ON_TOKENS_CALLED, generate 1 tokens, offset=146240190772 ns
        ON_TOKENS_RETURNED, offset=146240194186 ns
        ON_TOKENS_CALLED, generate 1 tokens, offset=147024843938 ns
        ON_TOKENS_RETURNED, offset=147024846205 ns
        ON_TOKENS_CALLED, generate 1 tokens, offset=147826327046 ns
        ON_TOKENS_RETURNED, offset=147826328701 ns
        ON_TOKENS_CALLED, generate 1 tokens, offset=148639690485 ns
        ON_TOKENS_RETURNED, offset=148639692864 ns
        ON_TOKENS_CALLED, generate 1 tokens, offset=149473626682 ns
        ON_TOKENS_RETURNED, offset=149473630978 ns
        ON_TOKENS_CALLED, generate 1 tokens, offset=150319478553 ns
        ON_TOKENS_RETURNED, offset=150319479739 ns
        ON_TOKENS_CALLED, generate 1 tokens, offset=151185272238 ns
        ON_TOKENS_RETURNED, offset=151185273426 ns
        ON_TOKENS_CALLED, generate 1 tokens, offset=152058447282 ns
        ON_TOKENS_RETURNED, offset=152058448821 ns
        ON_TOKENS_CALLED, generate 1 tokens, offset=152963816560 ns
        ON_TOKENS_RETURNED, offset=152963818188 ns
        ON_TOKENS_CALLED, generate 1 tokens, offset=153878568841 ns
        ON_TOKENS_RETURNED, offset=153878570053 ns
        ON_TOKENS_CALLED, generate 1 tokens, offset=154818245701 ns
        ON_TOKENS_RETURNED, offset=154818248153 ns
        ON_TOKENS_CALLED, generate 1 tokens, offset=155764987041 ns
        ON_TOKENS_RETURNED, offset=155764988410 ns
        ON_TOKENS_CALLED, generate 1 tokens, offset=156745437232 ns
        ON_TOKENS_RETURNED, offset=156745457041 ns
        ON_TOKENS_CALLED, generate 1 tokens, offset=157733004194 ns
        ON_TOKENS_RETURNED, offset=157733005817 ns
        ON_TOKENS_CALLED, generate 1 tokens, offset=158756721326 ns
        ON_TOKENS_RETURNED, offset=158756722412 ns
        ON_TOKENS_CALLED, generate 1 tokens, offset=159779530875 ns
        ON_TOKENS_RETURNED, offset=159779531822 ns
        ON_TOKENS_CALLED, generate 1 tokens, offset=160845174912 ns
        ON_TOKENS_RETURNED, offset=160845175913 ns
        ON_TOKENS_CALLED, generate 1 tokens, offset=161919625391 ns
        ON_TOKENS_RETURNED, offset=161919626517 ns
        ON_TOKENS_CALLED, generate 1 tokens, offset=163028080515 ns
        ON_TOKENS_RETURNED, offset=163028081168 ns
        ON_TOKENS_CALLED, generate 1 tokens, offset=164138828396 ns
        ON_TOKENS_RETURNED, offset=164138829462 ns
        ON_TOKENS_CALLED, generate 1 tokens, offset=165293005266 ns
        ON_TOKENS_RETURNED, offset=165293005932 ns
        ON_TOKENS_CALLED, generate 1 tokens, offset=166451077675 ns
        ON_TOKENS_RETURNED, offset=166451078784 ns
        ON_TOKENS_CALLED, generate 1 tokens, offset=167645804734 ns
        ON_TOKENS_RETURNED, offset=167645806884 ns
        ON_TOKENS_CALLED, generate 1 tokens, offset=168835998914 ns
        ON_TOKENS_RETURNED, offset=168836000067 ns
        ON_TOKENS_CALLED, generate 1 tokens, offset=170076306352 ns
        ON_TOKENS_RETURNED, offset=170076307239 ns
        ON_TOKENS_CALLED, generate 1 tokens, offset=171320981851 ns
        ON_TOKENS_RETURNED, offset=171320984346 ns
        ON_TOKENS_CALLED, generate 1 tokens, offset=172601969200 ns
        ON_TOKENS_RETURNED, offset=172601971492 ns
        ON_TOKENS_CALLED, generate 1 tokens, offset=173882756903 ns
        ON_TOKENS_RETURNED, offset=173882758276 ns
        ON_TOKENS_CALLED, generate 1 tokens, offset=175066101903 ns
        ON_TOKENS_RETURNED, offset=175066104025 ns
        ON_TOKENS_CALLED, generate 1 tokens, offset=176256487365 ns
        ON_TOKENS_RETURNED, offset=176256488876 ns
        ON_TOKENS_CALLED, generate 1 tokens, offset=177479030160 ns
        ON_TOKENS_RETURNED, offset=177479031989 ns
        ON_TOKENS_CALLED, generate 1 tokens, offset=178703251463 ns
        ON_TOKENS_RETURNED, offset=178703254078 ns
        ON_TOKENS_CALLED, generate 1 tokens, offset=179959241768 ns
        ON_TOKENS_RETURNED, offset=179959244125 ns
        ON_TOKENS_CALLED, generate 1 tokens, offset=181218468018 ns
        ON_TOKENS_RETURNED, offset=181218470346 ns
        ON_TOKENS_CALLED, generate 1 tokens, offset=182514905454 ns
        ON_TOKENS_RETURNED, offset=182514907435 ns
        ON_TOKENS_CALLED, generate 1 tokens, offset=183822872636 ns
        ON_TOKENS_RETURNED, offset=183822873883 ns
        ON_TOKENS_CALLED, generate 1 tokens, offset=185168496675 ns
        ON_TOKENS_RETURNED, offset=185168498905 ns
        ON_TOKENS_CALLED, generate 1 tokens, offset=186512193222 ns
        ON_TOKENS_RETURNED, offset=186512194168 ns
        ON_TOKENS_CALLED, generate 1 tokens, offset=187899829558 ns
        ON_TOKENS_RETURNED, offset=187899831883 ns
        ON_TOKENS_CALLED, generate 1 tokens, offset=189294394176 ns
        ON_TOKENS_RETURNED, offset=189294397132 ns
        ON_TOKENS_CALLED, generate 1 tokens, offset=190725375965 ns
        ON_TOKENS_RETURNED, offset=190725377016 ns
        ON_TOKENS_CALLED, generate 1 tokens, offset=192153097739 ns
        ON_TOKENS_RETURNED, offset=192153098640 ns
        ON_TOKENS_CALLED, generate 1 tokens, offset=193627846974 ns
        ON_TOKENS_RETURNED, offset=193627848335 ns
        ON_TOKENS_CALLED, generate 1 tokens, offset=195099429357 ns
        ON_TOKENS_RETURNED, offset=195099430251 ns
        ON_TOKENS_CALLED, generate 1 tokens, offset=196472578519 ns
        ON_TOKENS_RETURNED, offset=196472580124 ns
        ON_TOKENS_CALLED, generate 1 tokens, offset=197873515577 ns
        ON_TOKENS_RETURNED, offset=197873517058 ns
        ON_TOKENS_CALLED, generate 1 tokens, offset=199286852020 ns
        ON_TOKENS_RETURNED, offset=199286852949 ns
        ON_TOKENS_CALLED, generate 1 tokens, offset=200724366176 ns
        ON_TOKENS_RETURNED, offset=200724369126 ns
        ON_TOKENS_CALLED, generate 1 tokens, offset=202167306075 ns
        ON_TOKENS_RETURNED, offset=202167307331 ns
        ON_TOKENS_CALLED, generate 1 tokens, offset=203653200733 ns
        ON_TOKENS_RETURNED, offset=203653201827 ns
        ON_TOKENS_CALLED, generate 1 tokens, offset=205147315490 ns
        ON_TOKENS_RETURNED, offset=205147316538 ns
        ON_TOKENS_CALLED, generate 1 tokens, offset=206671831449 ns
        ON_TOKENS_RETURNED, offset=206671833704 ns
        ON_TOKENS_CALLED, generate 1 tokens, offset=208070374869 ns
        ON_TOKENS_RETURNED, offset=208070376056 ns
        ON_TOKENS_CALLED, generate 1 tokens, offset=209521556104 ns
        ON_TOKENS_RETURNED, offset=209521557572 ns
        ON_TOKENS_CALLED, generate 1 tokens, offset=210979696971 ns
        ON_TOKENS_RETURNED, offset=210979700254 ns
        ON_TOKENS_CALLED, generate 1 tokens, offset=212465860863 ns
        ON_TOKENS_RETURNED, offset=212465861920 ns
        ON_TOKENS_CALLED, generate 1 tokens, offset=213821969770 ns
        ON_TOKENS_RETURNED, offset=213821970614 ns
        ON_TOKENS_CALLED, generate 1 tokens, offset=215208191688 ns
        ON_TOKENS_RETURNED, offset=215208193208 ns
        ON_TOKENS_CALLED, generate 1 tokens, offset=216609729663 ns
        ON_TOKENS_RETURNED, offset=216609796213 ns
        ON_TOKENS_CALLED, generate 1 tokens, offset=217788206598 ns
        ON_TOKENS_RETURNED, offset=217788209194 ns
[16:45:11.897853596|thread 2410579|cpu 247] [info ] [Request 33] Parsing the prompt took 233.544401079 s at 35.07684175750773 tokens/s
[16:45:12.896108118|thread 2410599|cpu 247] [info ] KV cache footprint: 41.77 GB in 191 books
[16:45:21.669531513|thread 2410599|cpu 247] [info ] KV cache footprint: 42.86 GB in 196 books
[16:45:27.811511005|thread 2410572|cpu 247] [info ] [Request 23] Generating 61 response tokens with 8193 context took 74.391641 s at 0.820 average tok/s, or 1219.535 ms/tok
[16:45:27.811565736|thread 2410572|cpu 247] [info ] [Request 23] Request with 8192 tokens in and 64 out (sequence limit) saw 173.883204 s TTFT and 249.458196 s TTLT
[16:45:30.400435791|thread 2410579|cpu 247] [info ] [Request 36] Parsing the prompt took 252.046946248 s at 32.501881581773 tokens/s
[16:45:30.400751017|thread 2410599|cpu 247] [info ] KV cache footprint: 43.96 GB in 201 books
[16:45:39.441251278|thread 2410600|cpu 247] [debug] #EVT# HandleDetails::is_anomalous() handle_id=23 time in state STATE_OPENED exceeded threshold: 173883197571 ns
[16:45:39.441323614|thread 2410600|cpu 247] [debug] #EVT#   Handle,    23, Created, 758089767156631, Last, 758340509765363, Prompted,  8189, Generated,    64, Input TPS, 47.11, Output TPS:  0.73, Callbacks,    64, prompt parsing complete, open
[16:45:39.441356958|thread 2410600|cpu 247] [info ] #EVT#   Handle 23 history:
        SESSION_OPEN, prompt 8192 tokens, offset=0 ns
        PROMPT_TOKENS_REUSE, offset=173883196434 ns
        ON_START_CALLED, offset=173883197571 ns
        ON_START_RETURNED, offset=173883238867 ns
        ON_TOKENS_CALLED, generate 1 tokens, offset=173883243168 ns
        ON_TOKENS_RETURNED, offset=173883243712 ns
        ON_TOKENS_CALLED, generate 1 tokens, offset=175066548355 ns
        ON_TOKENS_RETURNED, offset=175066551247 ns
        ON_TOKENS_CALLED, generate 1 tokens, offset=176256932029 ns
        ON_TOKENS_RETURNED, offset=176256935220 ns
        ON_TOKENS_CALLED, generate 1 tokens, offset=177479470962 ns
        ON_TOKENS_RETURNED, offset=177479473104 ns
        ON_TOKENS_CALLED, generate 1 tokens, offset=178703699603 ns
        ON_TOKENS_RETURNED, offset=178703703607 ns
        ON_TOKENS_CALLED, generate 1 tokens, offset=179959691215 ns
        ON_TOKENS_RETURNED, offset=179959692414 ns
        ON_TOKENS_CALLED, generate 1 tokens, offset=181218921699 ns
        ON_TOKENS_RETURNED, offset=181218923194 ns
        ON_TOKENS_CALLED, generate 1 tokens, offset=182515351587 ns
        ON_TOKENS_RETURNED, offset=182515353739 ns
        ON_TOKENS_CALLED, generate 1 tokens, offset=183823319434 ns
        ON_TOKENS_RETURNED, offset=183823322933 ns
        ON_TOKENS_CALLED, generate 1 tokens, offset=185168939807 ns
        ON_TOKENS_RETURNED, offset=185168941654 ns
        ON_TOKENS_CALLED, generate 1 tokens, offset=186512640005 ns
        ON_TOKENS_RETURNED, offset=186512641361 ns
        ON_TOKENS_CALLED, generate 1 tokens, offset=187900276806 ns
        ON_TOKENS_RETURNED, offset=187900279502 ns
        ON_TOKENS_CALLED, generate 1 tokens, offset=189294840522 ns
        ON_TOKENS_RETURNED, offset=189294842460 ns
        ON_TOKENS_CALLED, generate 1 tokens, offset=190725828655 ns
        ON_TOKENS_RETURNED, offset=190725829621 ns
        ON_TOKENS_CALLED, generate 1 tokens, offset=192153545914 ns
        ON_TOKENS_RETURNED, offset=192153548035 ns
        ON_TOKENS_CALLED, generate 1 tokens, offset=193628292666 ns
        ON_TOKENS_RETURNED, offset=193628293753 ns
        ON_TOKENS_CALLED, generate 1 tokens, offset=195099873395 ns
        ON_TOKENS_RETURNED, offset=195099888955 ns
        ON_TOKENS_CALLED, generate 1 tokens, offset=196473023639 ns
        ON_TOKENS_RETURNED, offset=196473025680 ns
        ON_TOKENS_CALLED, generate 1 tokens, offset=197873966654 ns
        ON_TOKENS_RETURNED, offset=197873968931 ns
        ON_TOKENS_CALLED, generate 1 tokens, offset=199287294376 ns
        ON_TOKENS_RETURNED, offset=199287295715 ns
        ON_TOKENS_CALLED, generate 1 tokens, offset=200724817817 ns
        ON_TOKENS_RETURNED, offset=200724818905 ns
        ON_TOKENS_CALLED, generate 1 tokens, offset=202167752687 ns
        ON_TOKENS_RETURNED, offset=202167753976 ns
        ON_TOKENS_CALLED, generate 1 tokens, offset=203653648926 ns
        ON_TOKENS_RETURNED, offset=203653651209 ns
        ON_TOKENS_CALLED, generate 1 tokens, offset=205147761369 ns
        ON_TOKENS_RETURNED, offset=205147763000 ns
        ON_TOKENS_CALLED, generate 1 tokens, offset=206672290447 ns
        ON_TOKENS_RETURNED, offset=206672291297 ns
        ON_TOKENS_CALLED, generate 1 tokens, offset=208070827117 ns
        ON_TOKENS_RETURNED, offset=208070828295 ns
        ON_TOKENS_CALLED, generate 1 tokens, offset=209522000664 ns
        ON_TOKENS_RETURNED, offset=209522001838 ns
        ON_TOKENS_CALLED, generate 1 tokens, offset=210980156798 ns
        ON_TOKENS_RETURNED, offset=210980158193 ns
        ON_TOKENS_CALLED, generate 1 tokens, offset=212466307820 ns
        ON_TOKENS_RETURNED, offset=212466309506 ns
        ON_TOKENS_CALLED, generate 1 tokens, offset=213822415525 ns
        ON_TOKENS_RETURNED, offset=213822417212 ns
        ON_TOKENS_CALLED, generate 1 tokens, offset=215208636338 ns
        ON_TOKENS_RETURNED, offset=215208638602 ns
        ON_TOKENS_CALLED, generate 1 tokens, offset=216610173203 ns
        ON_TOKENS_RETURNED, offset=216610175067 ns
        ON_TOKENS_CALLED, generate 1 tokens, offset=217788648038 ns
        ON_TOKENS_RETURNED, offset=217788650216 ns
        ON_TOKENS_CALLED, generate 1 tokens, offset=218648346400 ns
        ON_TOKENS_RETURNED, offset=218648348200 ns
        ON_TOKENS_CALLED, generate 1 tokens, offset=219527215524 ns
        ON_TOKENS_RETURNED, offset=219527217139 ns
        ON_TOKENS_CALLED, generate 1 tokens, offset=220419737441 ns
        ON_TOKENS_RETURNED, offset=220419739285 ns
        ON_TOKENS_CALLED, generate 1 tokens, offset=221324314847 ns
        ON_TOKENS_RETURNED, offset=221324316081 ns
        ON_TOKENS_CALLED, generate 1 tokens, offset=222245573862 ns
        ON_TOKENS_RETURNED, offset=222245576505 ns
        ON_TOKENS_CALLED, generate 1 tokens, offset=223182045115 ns
        ON_TOKENS_RETURNED, offset=223182047376 ns
        ON_TOKENS_CALLED, generate 1 tokens, offset=224134515754 ns
        ON_TOKENS_RETURNED, offset=224134517491 ns
        ON_TOKENS_CALLED, generate 1 tokens, offset=225107040528 ns
        ON_TOKENS_RETURNED, offset=225107043001 ns
        ON_TOKENS_CALLED, generate 1 tokens, offset=226092380610 ns
        ON_TOKENS_RETURNED, offset=226092382862 ns
        ON_TOKENS_CALLED, generate 1 tokens, offset=227096805258 ns
        ON_TOKENS_RETURNED, offset=227096807497 ns
        ON_TOKENS_CALLED, generate 1 tokens, offset=228115555549 ns
        ON_TOKENS_RETURNED, offset=228115558165 ns
        ON_TOKENS_CALLED, generate 1 tokens, offset=229161413541 ns
        ON_TOKENS_RETURNED, offset=229161414430 ns
        ON_TOKENS_CALLED, generate 1 tokens, offset=230217924060 ns
        ON_TOKENS_RETURNED, offset=230217925761 ns
        ON_TOKENS_CALLED, generate 1 tokens, offset=231304424489 ns
        ON_TOKENS_RETURNED, offset=231304427015 ns
        ON_TOKENS_CALLED, generate 1 tokens, offset=232406472107 ns
        ON_TOKENS_RETURNED, offset=232406474499 ns
        ON_TOKENS_CALLED, generate 1 tokens, offset=233544541032 ns
        ON_TOKENS_RETURNED, offset=233544542239 ns
        ON_TOKENS_CALLED, generate 1 tokens, offset=234542630902 ns
        ON_TOKENS_RETURNED, offset=234542633151 ns
        ON_TOKENS_CALLED, generate 1 tokens, offset=235580521792 ns
        ON_TOKENS_RETURNED, offset=235580523267 ns
        ON_TOKENS_CALLED, generate 1 tokens, offset=236631721467 ns
        ON_TOKENS_RETURNED, offset=236631723776 ns
        ON_TOKENS_CALLED, generate 1 tokens, offset=237702116586 ns
        ON_TOKENS_RETURNED, offset=237702118249 ns
        ON_TOKENS_CALLED, generate 1 tokens, offset=238786551071 ns
        ON_TOKENS_RETURNED, offset=238786552335 ns
        ON_TOKENS_CALLED, generate 1 tokens, offset=239891345506 ns
        ON_TOKENS_RETURNED, offset=239891346993 ns
        ON_TOKENS_CALLED, generate 1 tokens, offset=241017193906 ns
        ON_TOKENS_RETURNED, offset=241017195088 ns
        ON_TOKENS_CALLED, generate 1 tokens, offset=242160946521 ns
        ON_TOKENS_RETURNED, offset=242160949623 ns
        ON_TOKENS_CALLED, generate 1 tokens, offset=243316012908 ns
        ON_TOKENS_RETURNED, offset=243316014132 ns
        ON_TOKENS_CALLED, generate 1 tokens, offset=244505520872 ns
        ON_TOKENS_RETURNED, offset=244505523034 ns
        ON_TOKENS_CALLED, generate 1 tokens, offset=245708279966 ns
        ON_TOKENS_RETURNED, offset=245708281511 ns
        ON_TOKENS_CALLED, generate 1 tokens, offset=246941854906 ns
        ON_TOKENS_RETURNED, offset=246941857035 ns
        ON_TOKENS_CALLED, generate 1 tokens, offset=248179502679 ns
        ON_TOKENS_RETURNED, offset=248179504241 ns
        ON_TOKENS_CALLED, generate 1 tokens, offset=249458187678 ns
        ON_TOKENS_RETURNED, offset=249458260564 ns
        ON_TOKENS_CALLED, generate 1 tokens, offset=250742601329 ns
        ON_TOKENS_RETURNED, offset=250742608732 ns
[16:45:44.386748072|thread 2410599|cpu 247] [info ] KV cache footprint: 45.06 GB in 206 books
[16:45:47.207282253|thread 2410580|cpu 247] [info ] [Request 38] Parsing the prompt took 268.853768842 s at 30.470095454805673 tokens/s
[16:45:48.517993516|thread 2410572|cpu 247] [info ] [Request 4] Generating 61 response tokens with 8193 context took 73.691637 s at 0.828 average tok/s, or 1208.060 ms/tok
[16:45:48.518036902|thread 2410572|cpu 247] [info ] [Request 4] Request with 8192 tokens in and 64 out (sequence limit) saw 195.103224 s TTFT and 270.168013 s TTLT
[16:45:49.837030396|thread 2410599|cpu 247] [info ] KV cache footprint: 46.16 GB in 211 books
[16:45:58.073494870|thread 2410580|cpu 247] [info ] [Request 41] Parsing the prompt took 279.719948569 s at 29.286434671209143 tokens/s
[16:45:59.384814622|thread 2410572|cpu 247] [info ] [Request 5] Generating 61 response tokens with 8193 context took 72.960660 s at 0.836 average tok/s, or 1196.076 ms/tok
[16:45:59.384846506|thread 2410572|cpu 247] [info ] [Request 5] Request with 8192 tokens in and 64 out (sequence limit) saw 206.675611 s TTFT and 281.034828 s TTLT
[16:46:00.004651321|thread 2410600|cpu 247] [debug] #EVT# HandleDetails::is_anomalous() handle_id=4 time in state STATE_OPENED exceeded threshold: 195103218743 ns
[16:46:00.004699244|thread 2410600|cpu 247] [debug] #EVT#   Handle,     4, Created, 758089763821993, Last, 758361250671345, Prompted,  8192, Generated,    64, Input TPS, 41.99, Output TPS:  0.74, Callbacks,    64, prompt parsing complete, open
[16:46:00.004722576|thread 2410600|cpu 247] [info ] #EVT#   Handle 4 history:
        SESSION_OPEN, prompt 8192 tokens, offset=0 ns
        PROMPT_TOKENS_REUSE, offset=195103216772 ns
        ON_START_CALLED, offset=195103218743 ns
        ON_START_RETURNED, offset=195103275397 ns
        ON_TOKENS_CALLED, generate 1 tokens, offset=195103281648 ns
        ON_TOKENS_RETURNED, offset=195103283195 ns
        ON_TOKENS_CALLED, generate 1 tokens, offset=196476370314 ns
        ON_TOKENS_RETURNED, offset=196476373243 ns
        ON_TOKENS_CALLED, generate 1 tokens, offset=197877307423 ns
        ON_TOKENS_RETURNED, offset=197877308700 ns
        ON_TOKENS_CALLED, generate 1 tokens, offset=199290632400 ns
        ON_TOKENS_RETURNED, offset=199290633262 ns
        ON_TOKENS_CALLED, generate 1 tokens, offset=200728150226 ns
        ON_TOKENS_RETURNED, offset=200728151145 ns
        ON_TOKENS_CALLED, generate 1 tokens, offset=202171086468 ns
        ON_TOKENS_RETURNED, offset=202171087507 ns
        ON_TOKENS_CALLED, generate 1 tokens, offset=203656986337 ns
        ON_TOKENS_RETURNED, offset=203656986840 ns
        ON_TOKENS_CALLED, generate 1 tokens, offset=205151105508 ns
        ON_TOKENS_RETURNED, offset=205151105973 ns
        ON_TOKENS_CALLED, generate 1 tokens, offset=206675619483 ns
        ON_TOKENS_RETURNED, offset=206675620375 ns
        ON_TOKENS_CALLED, generate 1 tokens, offset=208074165511 ns
        ON_TOKENS_RETURNED, offset=208074166250 ns
        ON_TOKENS_CALLED, generate 1 tokens, offset=209525335598 ns
        ON_TOKENS_RETURNED, offset=209525338566 ns
        ON_TOKENS_CALLED, generate 1 tokens, offset=210983481191 ns
        ON_TOKENS_RETURNED, offset=210983482045 ns
        ON_TOKENS_CALLED, generate 1 tokens, offset=212469643298 ns
        ON_TOKENS_RETURNED, offset=212469645538 ns
        ON_TOKENS_CALLED, generate 1 tokens, offset=213825750601 ns
        ON_TOKENS_RETURNED, offset=213825751778 ns
        ON_TOKENS_CALLED, generate 1 tokens, offset=215211972969 ns
        ON_TOKENS_RETURNED, offset=215211975607 ns
        ON_TOKENS_CALLED, generate 1 tokens, offset=216613517231 ns
        ON_TOKENS_RETURNED, offset=216613518078 ns
        ON_TOKENS_CALLED, generate 1 tokens, offset=217791984694 ns
        ON_TOKENS_RETURNED, offset=217791990586 ns
        ON_TOKENS_CALLED, generate 1 tokens, offset=218651682121 ns
        ON_TOKENS_RETURNED, offset=218651684153 ns
        ON_TOKENS_CALLED, generate 1 tokens, offset=219530551111 ns
        ON_TOKENS_RETURNED, offset=219530552611 ns
        ON_TOKENS_CALLED, generate 1 tokens, offset=220423072396 ns
        ON_TOKENS_RETURNED, offset=220423074073 ns
        ON_TOKENS_CALLED, generate 1 tokens, offset=221327651692 ns
        ON_TOKENS_RETURNED, offset=221327653061 ns
        ON_TOKENS_CALLED, generate 1 tokens, offset=222248910186 ns
        ON_TOKENS_RETURNED, offset=222248911257 ns
        ON_TOKENS_CALLED, generate 1 tokens, offset=223185381829 ns
        ON_TOKENS_RETURNED, offset=223185382949 ns
        ON_TOKENS_CALLED, generate 1 tokens, offset=224137856696 ns
        ON_TOKENS_RETURNED, offset=224137857705 ns
        ON_TOKENS_CALLED, generate 1 tokens, offset=225110376124 ns
        ON_TOKENS_RETURNED, offset=225110377766 ns
        ON_TOKENS_CALLED, generate 1 tokens, offset=226095716767 ns
        ON_TOKENS_RETURNED, offset=226095718062 ns
        ON_TOKENS_CALLED, generate 1 tokens, offset=227100143163 ns
        ON_TOKENS_RETURNED, offset=227100144822 ns
        ON_TOKENS_CALLED, generate 1 tokens, offset=228118891017 ns
        ON_TOKENS_RETURNED, offset=228118894270 ns
        ON_TOKENS_CALLED, generate 1 tokens, offset=229164750185 ns
        ON_TOKENS_RETURNED, offset=229164751409 ns
        ON_TOKENS_CALLED, generate 1 tokens, offset=230221259012 ns
        ON_TOKENS_RETURNED, offset=230221259726 ns
        ON_TOKENS_CALLED, generate 1 tokens, offset=231307763219 ns
        ON_TOKENS_RETURNED, offset=231307764437 ns
        ON_TOKENS_CALLED, generate 1 tokens, offset=232409810383 ns
        ON_TOKENS_RETURNED, offset=232409811685 ns
        ON_TOKENS_CALLED, generate 1 tokens, offset=233547871258 ns
        ON_TOKENS_RETURNED, offset=233547873422 ns
        ON_TOKENS_CALLED, generate 1 tokens, offset=234545970105 ns
        ON_TOKENS_RETURNED, offset=234545971459 ns
        ON_TOKENS_CALLED, generate 1 tokens, offset=235583850567 ns
        ON_TOKENS_RETURNED, offset=235583852067 ns
        ON_TOKENS_CALLED, generate 1 tokens, offset=236635061781 ns
        ON_TOKENS_RETURNED, offset=236635063244 ns
        ON_TOKENS_CALLED, generate 1 tokens, offset=237705452483 ns
        ON_TOKENS_RETURNED, offset=237705453537 ns
        ON_TOKENS_CALLED, generate 1 tokens, offset=238789875153 ns
        ON_TOKENS_RETURNED, offset=238789876733 ns
        ON_TOKENS_CALLED, generate 1 tokens, offset=239894678126 ns
        ON_TOKENS_RETURNED, offset=239894679106 ns
        ON_TOKENS_CALLED, generate 1 tokens, offset=241020521635 ns
        ON_TOKENS_RETURNED, offset=241020523650 ns
        ON_TOKENS_CALLED, generate 1 tokens, offset=242164284592 ns
        ON_TOKENS_RETURNED, offset=242164285248 ns
        ON_TOKENS_CALLED, generate 1 tokens, offset=243319360865 ns
        ON_TOKENS_RETURNED, offset=243319362330 ns
        ON_TOKENS_CALLED, generate 1 tokens, offset=244508855577 ns
        ON_TOKENS_RETURNED, offset=244508858093 ns
        ON_TOKENS_CALLED, generate 1 tokens, offset=245711617233 ns
        ON_TOKENS_RETURNED, offset=245711618402 ns
        ON_TOKENS_CALLED, generate 1 tokens, offset=246945182124 ns
        ON_TOKENS_RETURNED, offset=246945183587 ns
        ON_TOKENS_CALLED, generate 1 tokens, offset=248182843149 ns
        ON_TOKENS_RETURNED, offset=248182844501 ns
        ON_TOKENS_CALLED, generate 1 tokens, offset=249461523866 ns
        ON_TOKENS_RETURNED, offset=249461525310 ns
        ON_TOKENS_CALLED, generate 1 tokens, offset=250745941207 ns
        ON_TOKENS_RETURNED, offset=250745942340 ns
        ON_TOKENS_CALLED, generate 1 tokens, offset=252050451359 ns
        ON_TOKENS_RETURNED, offset=252050453150 ns
        ON_TOKENS_CALLED, generate 1 tokens, offset=253190170462 ns
        ON_TOKENS_RETURNED, offset=253190171871 ns
        ON_TOKENS_CALLED, generate 1 tokens, offset=254394066100 ns
        ON_TOKENS_RETURNED, offset=254394070355 ns
        ON_TOKENS_CALLED, generate 1 tokens, offset=255607363410 ns
        ON_TOKENS_RETURNED, offset=255607365053 ns
        ON_TOKENS_CALLED, generate 1 tokens, offset=256840389005 ns
        ON_TOKENS_RETURNED, offset=256840390225 ns
        ON_TOKENS_CALLED, generate 1 tokens, offset=258079084970 ns
        ON_TOKENS_RETURNED, offset=258079085966 ns
        ON_TOKENS_CALLED, generate 1 tokens, offset=259360952220 ns
        ON_TOKENS_RETURNED, offset=259360953474 ns
        ON_TOKENS_CALLED, generate 1 tokens, offset=260649738887 ns
        ON_TOKENS_RETURNED, offset=260649739888 ns
        ON_TOKENS_CALLED, generate 1 tokens, offset=261972154555 ns
        ON_TOKENS_RETURNED, offset=261972156458 ns
        ON_TOKENS_CALLED, generate 1 tokens, offset=263295770294 ns
        ON_TOKENS_RETURNED, offset=263295772837 ns
        ON_TOKENS_CALLED, generate 1 tokens, offset=264662987125 ns
        ON_TOKENS_RETURNED, offset=264662990036 ns
        ON_TOKENS_CALLED, generate 1 tokens, offset=266036531670 ns
        ON_TOKENS_RETURNED, offset=266036532943 ns
        ON_TOKENS_CALLED, generate 1 tokens, offset=267448974827 ns
        ON_TOKENS_RETURNED, offset=267448976725 ns
        ON_TOKENS_CALLED, generate 1 tokens, offset=268857294419 ns
        ON_TOKENS_RETURNED, offset=268857297314 ns
        ON_TOKENS_CALLED, generate 1 tokens, offset=270168005489 ns
        ON_TOKENS_RETURNED, offset=270168066916 ns
        ON_TOKENS_CALLED, generate 1 tokens, offset=271486836075 ns
        ON_TOKENS_RETURNED, offset=271486849352 ns
[16:46:02.043482096|thread 2410599|cpu 247] [info ] KV cache footprint: 47.26 GB in 216 books
[16:46:04.754354042|thread 2410572|cpu 247] [info ] [Request 6] Generating 61 response tokens with 8193 context took 72.578620 s at 0.840 average tok/s, or 1189.813 ms/tok
[16:46:04.754389862|thread 2410572|cpu 247] [info ] [Request 6] Request with 8192 tokens in and 64 out (sequence limit) saw 212.469644 s TTFT and 286.404356 s TTLT
[16:46:06.143887018|thread 2410580|cpu 247] [info ] [Request 48] Parsing the prompt took 287.790256125 s at 28.465174986472974 tokens/s
[16:46:08.627138930|thread 2410572|cpu 247] [info ] [Request 14] Generating 61 response tokens with 8193 context took 72.485163 s at 0.842 average tok/s, or 1188.281 ms/tok
[16:46:08.627166916|thread 2410572|cpu 247] [info ] [Request 14] Request with 8192 tokens in and 64 out (sequence limit) saw 216.613422 s TTFT and 290.277048 s TTLT
[16:46:08.627145008|thread 2410580|cpu 247] [info ] [Request 49] Parsing the prompt took 290.273504223 s at 28.221659506706374 tokens/s
[16:46:09.782675453|thread 2410574|cpu 247] [info ] [Request 24] Generating 61 response tokens with 8193 context took 72.781014 s at 0.838 average tok/s, or 1193.131 ms/tok
[16:46:09.782675492|thread 2410573|cpu 247] [info ] [Request 19] Generating 61 response tokens with 8193 context took 72.781000 s at 0.838 average tok/s, or 1193.131 ms/tok
[16:46:09.782723215|thread 2410574|cpu 247] [info ] [Request 24] Request with 8192 tokens in and 64 out (sequence limit) saw 217.788650 s TTFT and 291.429356 s TTLT
[16:46:09.782739797|thread 2410573|cpu 247] [info ] [Request 19] Request with 8192 tokens in and 64 out (sequence limit) saw 217.791824 s TTFT and 291.432526 s TTLT
[16:46:10.935486013|thread 2410580|cpu 247] [info ] [Request 52] Parsing the prompt took 292.581807239 s at 27.999006764314082 tokens/s
[16:46:10.990420690|thread 2410600|cpu 247] [debug] #EVT# HandleDetails::is_anomalous() handle_id=5 time in state STATE_OPENED exceeded threshold: 206675604402 ns
[16:46:10.990445111|thread 2410600|cpu 247] [debug] #EVT#   Handle,     5, Created, 758089763833952, Last, 758372132388791, Prompted,  8192, Generated,    64, Input TPS, 39.64, Output TPS:  0.74, Callbacks,    64, prompt parsing complete, open
[16:46:10.990479478|thread 2410600|cpu 247] [info ] #EVT#   Handle 5 history:
        SESSION_OPEN, prompt 8192 tokens, offset=0 ns
        PROMPT_TOKENS_REUSE, offset=206675603003 ns
        ON_START_CALLED, offset=206675604402 ns
        ON_START_RETURNED, offset=206675651803 ns
        ON_TOKENS_CALLED, generate 1 tokens, offset=206675657025 ns
        ON_TOKENS_RETURNED, offset=206675658659 ns
        ON_TOKENS_CALLED, generate 1 tokens, offset=208074161691 ns
        ON_TOKENS_RETURNED, offset=208074162941 ns
        ON_TOKENS_CALLED, generate 1 tokens, offset=209525323968 ns
        ON_TOKENS_RETURNED, offset=209525326500 ns
        ON_TOKENS_CALLED, generate 1 tokens, offset=210983478355 ns
        ON_TOKENS_RETURNED, offset=210983480585 ns
        ON_TOKENS_CALLED, generate 1 tokens, offset=212469632981 ns
        ON_TOKENS_RETURNED, offset=212469634858 ns
        ON_TOKENS_CALLED, generate 1 tokens, offset=213825739754 ns
        ON_TOKENS_RETURNED, offset=213825741323 ns
        ON_TOKENS_CALLED, generate 1 tokens, offset=215211966612 ns
        ON_TOKENS_RETURNED, offset=215211967705 ns
        ON_TOKENS_CALLED, generate 1 tokens, offset=216613498053 ns
        ON_TOKENS_RETURNED, offset=216613499215 ns
        ON_TOKENS_CALLED, generate 1 tokens, offset=217791974731 ns
        ON_TOKENS_RETURNED, offset=217791979268 ns
        ON_TOKENS_CALLED, generate 1 tokens, offset=218651675667 ns
        ON_TOKENS_RETURNED, offset=218651676493 ns
        ON_TOKENS_CALLED, generate 1 tokens, offset=219530539918 ns
        ON_TOKENS_RETURNED, offset=219530540602 ns
        ON_TOKENS_CALLED, generate 1 tokens, offset=220423063625 ns
        ON_TOKENS_RETURNED, offset=220423064815 ns
        ON_TOKENS_CALLED, generate 1 tokens, offset=221327640315 ns
        ON_TOKENS_RETURNED, offset=221327641650 ns
        ON_TOKENS_CALLED, generate 1 tokens, offset=222248900976 ns
        ON_TOKENS_RETURNED, offset=222248901937 ns
        ON_TOKENS_CALLED, generate 1 tokens, offset=223185369890 ns
        ON_TOKENS_RETURNED, offset=223185371995 ns
        ON_TOKENS_CALLED, generate 1 tokens, offset=224137842420 ns
        ON_TOKENS_RETURNED, offset=224137844300 ns
        ON_TOKENS_CALLED, generate 1 tokens, offset=225110365861 ns
        ON_TOKENS_RETURNED, offset=225110368857 ns
        ON_TOKENS_CALLED, generate 1 tokens, offset=226095705108 ns
        ON_TOKENS_RETURNED, offset=226095707368 ns
        ON_TOKENS_CALLED, generate 1 tokens, offset=227100131394 ns
        ON_TOKENS_RETURNED, offset=227100132709 ns
        ON_TOKENS_CALLED, generate 1 tokens, offset=228118883013 ns
        ON_TOKENS_RETURNED, offset=228118884387 ns
        ON_TOKENS_CALLED, generate 1 tokens, offset=229164736890 ns
        ON_TOKENS_RETURNED, offset=229164737992 ns
        ON_TOKENS_CALLED, generate 1 tokens, offset=230221243777 ns
        ON_TOKENS_RETURNED, offset=230221244833 ns
        ON_TOKENS_CALLED, generate 1 tokens, offset=231307749628 ns
        ON_TOKENS_RETURNED, offset=231307750773 ns
        ON_TOKENS_CALLED, generate 1 tokens, offset=232409806891 ns
        ON_TOKENS_RETURNED, offset=232409807910 ns
        ON_TOKENS_CALLED, generate 1 tokens, offset=233547858473 ns
        ON_TOKENS_RETURNED, offset=233547860266 ns
        ON_TOKENS_CALLED, generate 1 tokens, offset=234545963626 ns
        ON_TOKENS_RETURNED, offset=234545964763 ns
        ON_TOKENS_CALLED, generate 1 tokens, offset=235583843010 ns
        ON_TOKENS_RETURNED, offset=235583843909 ns
        ON_TOKENS_CALLED, generate 1 tokens, offset=236635042829 ns
        ON_TOKENS_RETURNED, offset=236635045274 ns
        ON_TOKENS_CALLED, generate 1 tokens, offset=237705435966 ns
        ON_TOKENS_RETURNED, offset=237705437239 ns
        ON_TOKENS_CALLED, generate 1 tokens, offset=238789863677 ns
        ON_TOKENS_RETURNED, offset=238789864976 ns
        ON_TOKENS_CALLED, generate 1 tokens, offset=239894667546 ns
        ON_TOKENS_RETURNED, offset=239894669504 ns
        ON_TOKENS_CALLED, generate 1 tokens, offset=241020510429 ns
        ON_TOKENS_RETURNED, offset=241020511637 ns
        ON_TOKENS_CALLED, generate 1 tokens, offset=242164273028 ns
        ON_TOKENS_RETURNED, offset=242164276148 ns
        ON_TOKENS_CALLED, generate 1 tokens, offset=243319339712 ns
        ON_TOKENS_RETURNED, offset=243319340881 ns
        ON_TOKENS_CALLED, generate 1 tokens, offset=244508851694 ns
        ON_TOKENS_RETURNED, offset=244508853603 ns
        ON_TOKENS_CALLED, generate 1 tokens, offset=245711601508 ns
        ON_TOKENS_RETURNED, offset=245711602702 ns
        ON_TOKENS_CALLED, generate 1 tokens, offset=246945165496 ns
        ON_TOKENS_RETURNED, offset=246945169721 ns
        ON_TOKENS_CALLED, generate 1 tokens, offset=248182828816 ns
        ON_TOKENS_RETURNED, offset=248182830523 ns
        ON_TOKENS_CALLED, generate 1 tokens, offset=249461511678 ns
        ON_TOKENS_RETURNED, offset=249461514069 ns
        ON_TOKENS_CALLED, generate 1 tokens, offset=250745923943 ns
        ON_TOKENS_RETURNED, offset=250745926600 ns
        ON_TOKENS_CALLED, generate 1 tokens, offset=252050438378 ns
        ON_TOKENS_RETURNED, offset=252050440033 ns
        ON_TOKENS_CALLED, generate 1 tokens, offset=253190158165 ns
        ON_TOKENS_RETURNED, offset=253190159765 ns
        ON_TOKENS_CALLED, generate 1 tokens, offset=254394058667 ns
        ON_TOKENS_RETURNED, offset=254394059832 ns
        ON_TOKENS_CALLED, generate 1 tokens, offset=255607351877 ns
        ON_TOKENS_RETURNED, offset=255607352820 ns
        ON_TOKENS_CALLED, generate 1 tokens, offset=256840376380 ns
        ON_TOKENS_RETURNED, offset=256840377574 ns
        ON_TOKENS_CALLED, generate 1 tokens, offset=258079072115 ns
        ON_TOKENS_RETURNED, offset=258079073620 ns
        ON_TOKENS_CALLED, generate 1 tokens, offset=259360927868 ns
        ON_TOKENS_RETURNED, offset=259360929217 ns
        ON_TOKENS_CALLED, generate 1 tokens, offset=260649720383 ns
        ON_TOKENS_RETURNED, offset=260649721384 ns
        ON_TOKENS_CALLED, generate 1 tokens, offset=261972143373 ns
        ON_TOKENS_RETURNED, offset=261972145720 ns
        ON_TOKENS_CALLED, generate 1 tokens, offset=263295769085 ns
        ON_TOKENS_RETURNED, offset=263295770592 ns
        ON_TOKENS_CALLED, generate 1 tokens, offset=264662985959 ns
        ON_TOKENS_RETURNED, offset=264662988826 ns
        ON_TOKENS_CALLED, generate 1 tokens, offset=266036516285 ns
        ON_TOKENS_RETURNED, offset=266036518072 ns
        ON_TOKENS_CALLED, generate 1 tokens, offset=267448967358 ns
        ON_TOKENS_RETURNED, offset=267448968120 ns
        ON_TOKENS_CALLED, generate 1 tokens, offset=268857283404 ns
        ON_TOKENS_RETURNED, offset=268857285381 ns
        ON_TOKENS_CALLED, generate 1 tokens, offset=270167993784 ns
        ON_TOKENS_RETURNED, offset=270167995757 ns
        ON_TOKENS_CALLED, generate 1 tokens, offset=271486824186 ns
        ON_TOKENS_RETURNED, offset=271486826496 ns
        ON_TOKENS_CALLED, generate 1 tokens, offset=272809210798 ns
        ON_TOKENS_RETURNED, offset=272809213670 ns
        ON_TOKENS_CALLED, generate 1 tokens, offset=274146889507 ns
        ON_TOKENS_RETURNED, offset=274146891588 ns
        ON_TOKENS_CALLED, generate 1 tokens, offset=275513400087 ns
        ON_TOKENS_RETURNED, offset=275513401326 ns
        ON_TOKENS_CALLED, generate 1 tokens, offset=276889481591 ns
        ON_TOKENS_RETURNED, offset=276889482567 ns
        ON_TOKENS_CALLED, generate 1 tokens, offset=278300908481 ns
        ON_TOKENS_RETURNED, offset=278300910126 ns
        ON_TOKENS_CALLED, generate 1 tokens, offset=279723506806 ns
        ON_TOKENS_RETURNED, offset=279723507877 ns
        ON_TOKENS_CALLED, generate 1 tokens, offset=281034821138 ns
        ON_TOKENS_RETURNED, offset=281034863496 ns
        ON_TOKENS_CALLED, generate 1 tokens, offset=282368544378 ns
        ON_TOKENS_RETURNED, offset=282368554839 ns
[16:46:15.006542869|thread 2410599|cpu 247] [info ] KV cache footprint: 48.36 GB in 221 books
[16:46:16.342624810|thread 2410600|cpu 247] [debug] #EVT# HandleDetails::is_anomalous() handle_id=6 time in state STATE_OPENED exceeded threshold: 212469637037 ns
[16:46:16.342667417|thread 2410600|cpu 247] [debug] #EVT#   Handle,     6, Created, 758089763845059, Last, 758377557732702, Prompted,  8192, Generated,    64, Input TPS, 38.56, Output TPS:  0.75, Callbacks,    64, prompt parsing complete, open
[16:46:16.342716417|thread 2410600|cpu 247] [info ] #EVT#   Handle 6 history:
        SESSION_OPEN, prompt 8192 tokens, offset=0 ns
        PROMPT_TOKENS_REUSE, offset=212469625225 ns
        ON_START_CALLED, offset=212469637037 ns
        ON_START_RETURNED, offset=212469692311 ns
        ON_TOKENS_CALLED, generate 1 tokens, offset=212469706112 ns
        ON_TOKENS_RETURNED, offset=212469706995 ns
        ON_TOKENS_CALLED, generate 1 tokens, offset=213825731041 ns
        ON_TOKENS_RETURNED, offset=213825731908 ns
        ON_TOKENS_CALLED, generate 1 tokens, offset=215211964783 ns
        ON_TOKENS_RETURNED, offset=215211965701 ns
        ON_TOKENS_CALLED, generate 1 tokens, offset=216613488674 ns
        ON_TOKENS_RETURNED, offset=216613490125 ns
        ON_TOKENS_CALLED, generate 1 tokens, offset=217791966103 ns
        ON_TOKENS_RETURNED, offset=217791968281 ns
        ON_TOKENS_CALLED, generate 1 tokens, offset=218651658050 ns
        ON_TOKENS_RETURNED, offset=218651659567 ns
        ON_TOKENS_CALLED, generate 1 tokens, offset=219530542619 ns
        ON_TOKENS_RETURNED, offset=219530544312 ns
        ON_TOKENS_CALLED, generate 1 tokens, offset=220423057921 ns
        ON_TOKENS_RETURNED, offset=220423058697 ns
        ON_TOKENS_CALLED, generate 1 tokens, offset=221327633741 ns
        ON_TOKENS_RETURNED, offset=221327638531 ns
        ON_TOKENS_CALLED, generate 1 tokens, offset=222248890506 ns
        ON_TOKENS_RETURNED, offset=222248897297 ns
        ON_TOKENS_CALLED, generate 1 tokens, offset=223185368323 ns
        ON_TOKENS_RETURNED, offset=223185368926 ns
        ON_TOKENS_CALLED, generate 1 tokens, offset=224137827677 ns
        ON_TOKENS_RETURNED, offset=224137828796 ns
        ON_TOKENS_CALLED, generate 1 tokens, offset=225110360908 ns
        ON_TOKENS_RETURNED, offset=225110362133 ns
        ON_TOKENS_CALLED, generate 1 tokens, offset=226095707584 ns
        ON_TOKENS_RETURNED, offset=226095708464 ns
        ON_TOKENS_CALLED, generate 1 tokens, offset=227100122778 ns
        ON_TOKENS_RETURNED, offset=227100123942 ns
        ON_TOKENS_CALLED, generate 1 tokens, offset=228118871872 ns
        ON_TOKENS_RETURNED, offset=228118874183 ns
        ON_TOKENS_CALLED, generate 1 tokens, offset=229164731772 ns
        ON_TOKENS_RETURNED, offset=229164747699 ns
        ON_TOKENS_CALLED, generate 1 tokens, offset=230221237838 ns
        ON_TOKENS_RETURNED, offset=230221239272 ns
        ON_TOKENS_CALLED, generate 1 tokens, offset=231307743030 ns
        ON_TOKENS_RETURNED, offset=231307744102 ns
        ON_TOKENS_CALLED, generate 1 tokens, offset=232409788024 ns
        ON_TOKENS_RETURNED, offset=232409790466 ns
        ON_TOKENS_CALLED, generate 1 tokens, offset=233547855348 ns
        ON_TOKENS_RETURNED, offset=233547857104 ns
        ON_TOKENS_CALLED, generate 1 tokens, offset=234545946241 ns
        ON_TOKENS_RETURNED, offset=234545947641 ns
        ON_TOKENS_CALLED, generate 1 tokens, offset=235583831841 ns
        ON_TOKENS_RETURNED, offset=235583832915 ns
        ON_TOKENS_CALLED, generate 1 tokens, offset=236635046770 ns
        ON_TOKENS_RETURNED, offset=236635047638 ns
        ON_TOKENS_CALLED, generate 1 tokens, offset=237705425414 ns
        ON_TOKENS_RETURNED, offset=237705426285 ns
        ON_TOKENS_CALLED, generate 1 tokens, offset=238789850091 ns
        ON_TOKENS_RETURNED, offset=238789851092 ns
        ON_TOKENS_CALLED, generate 1 tokens, offset=239894659630 ns
        ON_TOKENS_RETURNED, offset=239894660814 ns
        ON_TOKENS_CALLED, generate 1 tokens, offset=241020502812 ns
        ON_TOKENS_RETURNED, offset=241020504044 ns
        ON_TOKENS_CALLED, generate 1 tokens, offset=242164263493 ns
        ON_TOKENS_RETURNED, offset=242164264448 ns
        ON_TOKENS_CALLED, generate 1 tokens, offset=243319333406 ns
        ON_TOKENS_RETURNED, offset=243319334520 ns
        ON_TOKENS_CALLED, generate 1 tokens, offset=244508839305 ns
        ON_TOKENS_RETURNED, offset=244508840347 ns
        ON_TOKENS_CALLED, generate 1 tokens, offset=245711592541 ns
        ON_TOKENS_RETURNED, offset=245711593232 ns
        ON_TOKENS_CALLED, generate 1 tokens, offset=246945169486 ns
        ON_TOKENS_RETURNED, offset=246945171935 ns
        ON_TOKENS_CALLED, generate 1 tokens, offset=248182818101 ns
        ON_TOKENS_RETURNED, offset=248182818856 ns
        ON_TOKENS_CALLED, generate 1 tokens, offset=249461503025 ns
        ON_TOKENS_RETURNED, offset=249461504898 ns
        ON_TOKENS_CALLED, generate 1 tokens, offset=250745913563 ns
        ON_TOKENS_RETURNED, offset=250745914653 ns
        ON_TOKENS_CALLED, generate 1 tokens, offset=252050433337 ns
        ON_TOKENS_RETURNED, offset=252050435506 ns
        ON_TOKENS_CALLED, generate 1 tokens, offset=253190150256 ns
        ON_TOKENS_RETURNED, offset=253190151534 ns
        ON_TOKENS_CALLED, generate 1 tokens, offset=254394051487 ns
        ON_TOKENS_RETURNED, offset=254394052437 ns
        ON_TOKENS_CALLED, generate 1 tokens, offset=255607343371 ns
        ON_TOKENS_RETURNED, offset=255607344687 ns
        ON_TOKENS_CALLED, generate 1 tokens, offset=256840369001 ns
        ON_TOKENS_RETURNED, offset=256840370246 ns
        ON_TOKENS_CALLED, generate 1 tokens, offset=258079062199 ns
        ON_TOKENS_RETURNED, offset=258079063343 ns
        ON_TOKENS_CALLED, generate 1 tokens, offset=259360927844 ns
        ON_TOKENS_RETURNED, offset=259360928920 ns
        ON_TOKENS_CALLED, generate 1 tokens, offset=260649711300 ns
        ON_TOKENS_RETURNED, offset=260649712512 ns
        ON_TOKENS_CALLED, generate 1 tokens, offset=261972135927 ns
        ON_TOKENS_RETURNED, offset=261972136924 ns
        ON_TOKENS_CALLED, generate 1 tokens, offset=263295753183 ns
        ON_TOKENS_RETURNED, offset=263295755839 ns
        ON_TOKENS_CALLED, generate 1 tokens, offset=264662967537 ns
        ON_TOKENS_RETURNED, offset=264662969134 ns
        ON_TOKENS_CALLED, generate 1 tokens, offset=266036511235 ns
        ON_TOKENS_RETURNED, offset=266036512571 ns
        ON_TOKENS_CALLED, generate 1 tokens, offset=267448953203 ns
        ON_TOKENS_RETURNED, offset=267448954468 ns
        ON_TOKENS_CALLED, generate 1 tokens, offset=268857270977 ns
        ON_TOKENS_RETURNED, offset=268857274178 ns
        ON_TOKENS_CALLED, generate 1 tokens, offset=270167982366 ns
        ON_TOKENS_RETURNED, offset=270167984779 ns
        ON_TOKENS_CALLED, generate 1 tokens, offset=271486816653 ns
        ON_TOKENS_RETURNED, offset=271486818766 ns
        ON_TOKENS_CALLED, generate 1 tokens, offset=272809204208 ns
        ON_TOKENS_RETURNED, offset=272809206714 ns
        ON_TOKENS_CALLED, generate 1 tokens, offset=274146879500 ns
        ON_TOKENS_RETURNED, offset=274146881065 ns
        ON_TOKENS_CALLED, generate 1 tokens, offset=275513375686 ns
        ON_TOKENS_RETURNED, offset=275513377369 ns
        ON_TOKENS_CALLED, generate 1 tokens, offset=276889472636 ns
        ON_TOKENS_RETURNED, offset=276889474018 ns
        ON_TOKENS_CALLED, generate 1 tokens, offset=278300900887 ns
        ON_TOKENS_RETURNED, offset=278300902373 ns
        ON_TOKENS_CALLED, generate 1 tokens, offset=279723488955 ns
        ON_TOKENS_RETURNED, offset=279723492358 ns
        ON_TOKENS_CALLED, generate 1 tokens, offset=281034808464 ns
        ON_TOKENS_RETURNED, offset=281034810904 ns
        ON_TOKENS_CALLED, generate 1 tokens, offset=282368554488 ns
        ON_TOKENS_RETURNED, offset=282368555569 ns
        ON_TOKENS_CALLED, generate 1 tokens, offset=283693275251 ns
        ON_TOKENS_RETURNED, offset=283693276762 ns
        ON_TOKENS_CALLED, generate 1 tokens, offset=285043091600 ns
        ON_TOKENS_RETURNED, offset=285043092921 ns
        ON_TOKENS_CALLED, generate 1 tokens, offset=286404348635 ns
        ON_TOKENS_RETURNED, offset=286404395742 ns
        ON_TOKENS_CALLED, generate 1 tokens, offset=287793874499 ns
        ON_TOKENS_RETURNED, offset=287793887643 ns
[16:46:18.596269513|thread 2410600|cpu 247] [info ] #EVT# SYSTEM_STATS: Sessions: Open=45, Closed=0, Busy=0, Total=0, Abandoned=19, Anomalous=19; Tokens: Prompted=0, Generated=0, AvgInputTPS=-nan, AvgOutputTPS=-nan
[16:46:18.596306914|thread 2410600|cpu 247] [info ] #EVT# Harvester stats: pushes=3303, pops=3303, slabs_alloc=289, slabs_freed=1, largest_slab=64, active_queues=13. TokenStreamEvent size: 48
[16:46:18.596310416|thread 2410600|cpu 247] [info ] #EVT# 795 history events in 45 active handles
[16:46:20.004729165|thread 2410600|cpu 247] [debug] #EVT# HandleDetails::is_anomalous() handle_id=14 time in state STATE_OPENED exceeded threshold: 216613415363 ns
[16:46:20.004747329|thread 2410600|cpu 247] [debug] #EVT#   Handle,    14, Created, 758089763937620, Last, 758381196509725, Prompted,  8191, Generated,    64, Input TPS, 37.82, Output TPS:  0.75, Callbacks,    64, prompt parsing complete, open
[16:46:20.004772445|thread 2410600|cpu 247] [info ] #EVT#   Handle 14 history:
        SESSION_OPEN, prompt 8192 tokens, offset=0 ns
        PROMPT_TOKENS_REUSE, offset=216613404169 ns
        ON_START_CALLED, offset=216613415363 ns
        ON_START_RETURNED, offset=216613441020 ns
        ON_TOKENS_CALLED, generate 1 tokens, offset=216613452692 ns
        ON_TOKENS_RETURNED, offset=216613453473 ns
        ON_TOKENS_CALLED, generate 1 tokens, offset=217791879183 ns
        ON_TOKENS_RETURNED, offset=217791881019 ns
        ON_TOKENS_CALLED, generate 1 tokens, offset=218651583936 ns
        ON_TOKENS_RETURNED, offset=218651586713 ns
        ON_TOKENS_CALLED, generate 1 tokens, offset=219530449762 ns
        ON_TOKENS_RETURNED, offset=219530452101 ns
        ON_TOKENS_CALLED, generate 1 tokens, offset=220422959173 ns
        ON_TOKENS_RETURNED, offset=220422962104 ns
        ON_TOKENS_CALLED, generate 1 tokens, offset=221327538982 ns
        ON_TOKENS_RETURNED, offset=221327541077 ns
        ON_TOKENS_CALLED, generate 1 tokens, offset=222248798732 ns
        ON_TOKENS_RETURNED, offset=222248799417 ns
        ON_TOKENS_CALLED, generate 1 tokens, offset=223185269646 ns
        ON_TOKENS_RETURNED, offset=223185270338 ns
        ON_TOKENS_CALLED, generate 1 tokens, offset=224137735659 ns
        ON_TOKENS_RETURNED, offset=224137741330 ns
        ON_TOKENS_CALLED, generate 1 tokens, offset=225110270323 ns
        ON_TOKENS_RETURNED, offset=225110271308 ns
        ON_TOKENS_CALLED, generate 1 tokens, offset=226095609269 ns
        ON_TOKENS_RETURNED, offset=226095611049 ns
        ON_TOKENS_CALLED, generate 1 tokens, offset=227100032103 ns
        ON_TOKENS_RETURNED, offset=227100033357 ns
        ON_TOKENS_CALLED, generate 1 tokens, offset=228118780514 ns
        ON_TOKENS_RETURNED, offset=228118781328 ns
        ON_TOKENS_CALLED, generate 1 tokens, offset=229164642378 ns
        ON_TOKENS_RETURNED, offset=229164643152 ns
        ON_TOKENS_CALLED, generate 1 tokens, offset=230221145479 ns
        ON_TOKENS_RETURNED, offset=230221146361 ns
        ON_TOKENS_CALLED, generate 1 tokens, offset=231307647525 ns
        ON_TOKENS_RETURNED, offset=231307649908 ns
        ON_TOKENS_CALLED, generate 1 tokens, offset=232409697153 ns
        ON_TOKENS_RETURNED, offset=232409698904 ns
        ON_TOKENS_CALLED, generate 1 tokens, offset=233547756807 ns
        ON_TOKENS_RETURNED, offset=233547758659 ns
        ON_TOKENS_CALLED, generate 1 tokens, offset=234545856308 ns
        ON_TOKENS_RETURNED, offset=234545857760 ns
        ON_TOKENS_CALLED, generate 1 tokens, offset=235583740861 ns
        ON_TOKENS_RETURNED, offset=235583741965 ns
        ON_TOKENS_CALLED, generate 1 tokens, offset=236634941098 ns
        ON_TOKENS_RETURNED, offset=236634943361 ns
        ON_TOKENS_CALLED, generate 1 tokens, offset=237705334724 ns
        ON_TOKENS_RETURNED, offset=237705337449 ns
        ON_TOKENS_CALLED, generate 1 tokens, offset=238789760942 ns
        ON_TOKENS_RETURNED, offset=238789762345 ns
        ON_TOKENS_CALLED, generate 1 tokens, offset=239894574358 ns
        ON_TOKENS_RETURNED, offset=239894575533 ns
        ON_TOKENS_CALLED, generate 1 tokens, offset=241020406996 ns
        ON_TOKENS_RETURNED, offset=241020409944 ns
        ON_TOKENS_CALLED, generate 1 tokens, offset=242164174770 ns
        ON_TOKENS_RETURNED, offset=242164176091 ns
        ON_TOKENS_CALLED, generate 1 tokens, offset=243319249474 ns
        ON_TOKENS_RETURNED, offset=243319250733 ns
        ON_TOKENS_CALLED, generate 1 tokens, offset=244508744415 ns
        ON_TOKENS_RETURNED, offset=244508745892 ns
        ON_TOKENS_CALLED, generate 1 tokens, offset=245711496415 ns
        ON_TOKENS_RETURNED, offset=245711498014 ns
        ON_TOKENS_CALLED, generate 1 tokens, offset=246945068912 ns
        ON_TOKENS_RETURNED, offset=246945070956 ns
        ON_TOKENS_CALLED, generate 1 tokens, offset=248182735056 ns
        ON_TOKENS_RETURNED, offset=248182736235 ns
        ON_TOKENS_CALLED, generate 1 tokens, offset=249461413478 ns
        ON_TOKENS_RETURNED, offset=249461415645 ns
        ON_TOKENS_CALLED, generate 1 tokens, offset=250745823962 ns
        ON_TOKENS_RETURNED, offset=250745825838 ns
        ON_TOKENS_CALLED, generate 1 tokens, offset=252050337065 ns
        ON_TOKENS_RETURNED, offset=252050339992 ns
        ON_TOKENS_CALLED, generate 1 tokens, offset=253190059121 ns
        ON_TOKENS_RETURNED, offset=253190060275 ns
        ON_TOKENS_CALLED, generate 1 tokens, offset=254393954381 ns
        ON_TOKENS_RETURNED, offset=254393955578 ns
        ON_TOKENS_CALLED, generate 1 tokens, offset=255607252707 ns
        ON_TOKENS_RETURNED, offset=255607253526 ns
        ON_TOKENS_CALLED, generate 1 tokens, offset=256840282306 ns
        ON_TOKENS_RETURNED, offset=256840283668 ns
        ON_TOKENS_CALLED, generate 1 tokens, offset=258078974561 ns
        ON_TOKENS_RETURNED, offset=258078975408 ns
        ON_TOKENS_CALLED, generate 1 tokens, offset=259360828262 ns
        ON_TOKENS_RETURNED, offset=259360830301 ns
        ON_TOKENS_CALLED, generate 1 tokens, offset=260649620696 ns
        ON_TOKENS_RETURNED, offset=260649621567 ns
        ON_TOKENS_CALLED, generate 1 tokens, offset=261972043384 ns
        ON_TOKENS_RETURNED, offset=261972046068 ns
        ON_TOKENS_CALLED, generate 1 tokens, offset=263295657519 ns
        ON_TOKENS_RETURNED, offset=263295659579 ns
        ON_TOKENS_CALLED, generate 1 tokens, offset=264662875944 ns
        ON_TOKENS_RETURNED, offset=264662877016 ns
        ON_TOKENS_CALLED, generate 1 tokens, offset=266036413196 ns
        ON_TOKENS_RETURNED, offset=266036414882 ns
        ON_TOKENS_CALLED, generate 1 tokens, offset=267448856666 ns
        ON_TOKENS_RETURNED, offset=267448858627 ns
        ON_TOKENS_CALLED, generate 1 tokens, offset=268857181778 ns
        ON_TOKENS_RETURNED, offset=268857182853 ns
        ON_TOKENS_CALLED, generate 1 tokens, offset=270167899204 ns
        ON_TOKENS_RETURNED, offset=270167900409 ns
        ON_TOKENS_CALLED, generate 1 tokens, offset=271486730734 ns
        ON_TOKENS_RETURNED, offset=271486731628 ns
        ON_TOKENS_CALLED, generate 1 tokens, offset=272809115958 ns
        ON_TOKENS_RETURNED, offset=272809117075 ns
        ON_TOKENS_CALLED, generate 1 tokens, offset=274146798178 ns
        ON_TOKENS_RETURNED, offset=274146799635 ns
        ON_TOKENS_CALLED, generate 1 tokens, offset=275513279926 ns
        ON_TOKENS_RETURNED, offset=275513282422 ns
        ON_TOKENS_CALLED, generate 1 tokens, offset=276889385219 ns
        ON_TOKENS_RETURNED, offset=276889388322 ns
        ON_TOKENS_CALLED, generate 1 tokens, offset=278300806908 ns
        ON_TOKENS_RETURNED, offset=278300807726 ns
        ON_TOKENS_CALLED, generate 1 tokens, offset=279723406011 ns
        ON_TOKENS_RETURNED, offset=279723407493 ns
        ON_TOKENS_CALLED, generate 1 tokens, offset=281034715752 ns
        ON_TOKENS_RETURNED, offset=281034718218 ns
        ON_TOKENS_CALLED, generate 1 tokens, offset=282368451463 ns
        ON_TOKENS_RETURNED, offset=282368453012 ns
        ON_TOKENS_CALLED, generate 1 tokens, offset=283693191952 ns
        ON_TOKENS_RETURNED, offset=283693193449 ns
        ON_TOKENS_CALLED, generate 1 tokens, offset=285042989258 ns
        ON_TOKENS_RETURNED, offset=285042990755 ns
        ON_TOKENS_CALLED, generate 1 tokens, offset=286404256211 ns
        ON_TOKENS_RETURNED, offset=286404258129 ns
        ON_TOKENS_CALLED, generate 1 tokens, offset=287793782163 ns
        ON_TOKENS_RETURNED, offset=287793785002 ns
        ON_TOKENS_CALLED, generate 1 tokens, offset=289019058377 ns
        ON_TOKENS_RETURNED, offset=289019059599 ns
        ON_TOKENS_CALLED, generate 1 tokens, offset=290277040894 ns
        ON_TOKENS_RETURNED, offset=290277080021 ns
        ON_TOKENS_CALLED, generate 1 tokens, offset=291432566555 ns
        ON_TOKENS_RETURNED, offset=291432572105 ns
[16:46:20.469019324|thread 2410579|cpu 247] [info ] [Request 7] Parsing the prompt took 302.119011664 s at 27.115142323816045 tokens/s
[16:46:20.469255474|thread 2410599|cpu 247] [info ] KV cache footprint: 49.46 GB in 226 books
[16:46:21.131502107|thread 2410600|cpu 247] [debug] #EVT# HandleDetails::is_anomalous() handle_id=24 time in state STATE_OPENED exceeded threshold: 217788644094 ns
[16:46:21.131520187|thread 2410600|cpu 247] [debug] #EVT#   Handle,    24, Created, 758089767168416, Last, 758382349326921, Prompted,  8191, Generated,    64, Input TPS, 37.61, Output TPS:  0.75, Callbacks,    64, prompt parsing complete, open
[16:46:21.131542044|thread 2410600|cpu 247] [info ] #EVT#   Handle 24 history:
        SESSION_OPEN, prompt 8192 tokens, offset=0 ns
        PROMPT_TOKENS_REUSE, offset=217788643361 ns
        ON_START_CALLED, offset=217788644094 ns
        ON_START_RETURNED, offset=217788670173 ns
        ON_TOKENS_CALLED, generate 1 tokens, offset=217788674176 ns
        ON_TOKENS_RETURNED, offset=217788674648 ns
        ON_TOKENS_CALLED, generate 1 tokens, offset=218648336587 ns
        ON_TOKENS_RETURNED, offset=218648337841 ns
        ON_TOKENS_CALLED, generate 1 tokens, offset=219527216154 ns
        ON_TOKENS_RETURNED, offset=219527216938 ns
        ON_TOKENS_CALLED, generate 1 tokens, offset=220419731771 ns
        ON_TOKENS_RETURNED, offset=220419733266 ns
        ON_TOKENS_CALLED, generate 1 tokens, offset=221324308765 ns
        ON_TOKENS_RETURNED, offset=221324310209 ns
        ON_TOKENS_CALLED, generate 1 tokens, offset=222245575416 ns
        ON_TOKENS_RETURNED, offset=222245576517 ns
        ON_TOKENS_CALLED, generate 1 tokens, offset=223182042450 ns
        ON_TOKENS_RETURNED, offset=223182043563 ns
        ON_TOKENS_CALLED, generate 1 tokens, offset=224134507478 ns
        ON_TOKENS_RETURNED, offset=224134508325 ns
        ON_TOKENS_CALLED, generate 1 tokens, offset=225107042492 ns
        ON_TOKENS_RETURNED, offset=225107044911 ns
        ON_TOKENS_CALLED, generate 1 tokens, offset=226092388752 ns
        ON_TOKENS_RETURNED, offset=226092389687 ns
        ON_TOKENS_CALLED, generate 1 tokens, offset=227096802495 ns
        ON_TOKENS_RETURNED, offset=227096803105 ns
        ON_TOKENS_CALLED, generate 1 tokens, offset=228115553949 ns
        ON_TOKENS_RETURNED, offset=228115555131 ns
        ON_TOKENS_CALLED, generate 1 tokens, offset=229161414369 ns
        ON_TOKENS_RETURNED, offset=229161415277 ns
        ON_TOKENS_CALLED, generate 1 tokens, offset=230217912889 ns
        ON_TOKENS_RETURNED, offset=230217914941 ns
        ON_TOKENS_CALLED, generate 1 tokens, offset=231304423911 ns
        ON_TOKENS_RETURNED, offset=231304424488 ns
        ON_TOKENS_CALLED, generate 1 tokens, offset=232406475395 ns
        ON_TOKENS_RETURNED, offset=232406476336 ns
        ON_TOKENS_CALLED, generate 1 tokens, offset=233544527939 ns
        ON_TOKENS_RETURNED, offset=233544544660 ns
        ON_TOKENS_CALLED, generate 1 tokens, offset=234542627422 ns
        ON_TOKENS_RETURNED, offset=234542628487 ns
        ON_TOKENS_CALLED, generate 1 tokens, offset=235580516337 ns
        ON_TOKENS_RETURNED, offset=235580517338 ns
        ON_TOKENS_CALLED, generate 1 tokens, offset=236631726427 ns
        ON_TOKENS_RETURNED, offset=236631727533 ns
        ON_TOKENS_CALLED, generate 1 tokens, offset=237702107244 ns
        ON_TOKENS_RETURNED, offset=237702109567 ns
        ON_TOKENS_CALLED, generate 1 tokens, offset=238786536120 ns
        ON_TOKENS_RETURNED, offset=238786537292 ns
        ON_TOKENS_CALLED, generate 1 tokens, offset=239891339129 ns
        ON_TOKENS_RETURNED, offset=239891342025 ns
        ON_TOKENS_CALLED, generate 1 tokens, offset=241017179509 ns
        ON_TOKENS_RETURNED, offset=241017181599 ns
        ON_TOKENS_CALLED, generate 1 tokens, offset=242160943719 ns
        ON_TOKENS_RETURNED, offset=242160945748 ns
        ON_TOKENS_CALLED, generate 1 tokens, offset=243316001732 ns
        ON_TOKENS_RETURNED, offset=243316002642 ns
        ON_TOKENS_CALLED, generate 1 tokens, offset=244505524652 ns
        ON_TOKENS_RETURNED, offset=244505525710 ns
        ON_TOKENS_CALLED, generate 1 tokens, offset=245708270298 ns
        ON_TOKENS_RETURNED, offset=245708272616 ns
        ON_TOKENS_CALLED, generate 1 tokens, offset=246941844240 ns
        ON_TOKENS_RETURNED, offset=246941845193 ns
        ON_TOKENS_CALLED, generate 1 tokens, offset=248179499516 ns
        ON_TOKENS_RETURNED, offset=248179501789 ns
        ON_TOKENS_CALLED, generate 1 tokens, offset=249458183091 ns
        ON_TOKENS_RETURNED, offset=249458184265 ns
        ON_TOKENS_CALLED, generate 1 tokens, offset=250742596903 ns
        ON_TOKENS_RETURNED, offset=250742597828 ns
        ON_TOKENS_CALLED, generate 1 tokens, offset=252047114173 ns
        ON_TOKENS_RETURNED, offset=252047116348 ns
        ON_TOKENS_CALLED, generate 1 tokens, offset=253186835669 ns
        ON_TOKENS_RETURNED, offset=253186837039 ns
        ON_TOKENS_CALLED, generate 1 tokens, offset=254390734422 ns
        ON_TOKENS_RETURNED, offset=254390735586 ns
        ON_TOKENS_CALLED, generate 1 tokens, offset=255604025144 ns
        ON_TOKENS_RETURNED, offset=255604026766 ns
        ON_TOKENS_CALLED, generate 1 tokens, offset=256837048102 ns
        ON_TOKENS_RETURNED, offset=256837050173 ns
        ON_TOKENS_CALLED, generate 1 tokens, offset=258075740994 ns
        ON_TOKENS_RETURNED, offset=258075742046 ns
        ON_TOKENS_CALLED, generate 1 tokens, offset=259357601921 ns
        ON_TOKENS_RETURNED, offset=259357603371 ns
        ON_TOKENS_CALLED, generate 1 tokens, offset=260646403054 ns
        ON_TOKENS_RETURNED, offset=260646403969 ns
        ON_TOKENS_CALLED, generate 1 tokens, offset=261968819820 ns
        ON_TOKENS_RETURNED, offset=261968821943 ns
        ON_TOKENS_CALLED, generate 1 tokens, offset=263292437492 ns
        ON_TOKENS_RETURNED, offset=263292438624 ns
        ON_TOKENS_CALLED, generate 1 tokens, offset=264659648019 ns
        ON_TOKENS_RETURNED, offset=264659650651 ns
        ON_TOKENS_CALLED, generate 1 tokens, offset=266033184407 ns
        ON_TOKENS_RETURNED, offset=266033185604 ns
        ON_TOKENS_CALLED, generate 1 tokens, offset=267445629681 ns
        ON_TOKENS_RETURNED, offset=267445630979 ns
        ON_TOKENS_CALLED, generate 1 tokens, offset=268853952621 ns
        ON_TOKENS_RETURNED, offset=268853953969 ns
        ON_TOKENS_CALLED, generate 1 tokens, offset=270164662346 ns
        ON_TOKENS_RETURNED, offset=270164665409 ns
        ON_TOKENS_CALLED, generate 1 tokens, offset=271483503183 ns
        ON_TOKENS_RETURNED, offset=271483503875 ns
        ON_TOKENS_CALLED, generate 1 tokens, offset=272805883243 ns
        ON_TOKENS_RETURNED, offset=272805884092 ns
        ON_TOKENS_CALLED, generate 1 tokens, offset=274143559594 ns
        ON_TOKENS_RETURNED, offset=274143560846 ns
        ON_TOKENS_CALLED, generate 1 tokens, offset=275510060180 ns
        ON_TOKENS_RETURNED, offset=275510061190 ns
        ON_TOKENS_CALLED, generate 1 tokens, offset=276886149756 ns
        ON_TOKENS_RETURNED, offset=276886152456 ns
        ON_TOKENS_CALLED, generate 1 tokens, offset=278297579482 ns
        ON_TOKENS_RETURNED, offset=278297582421 ns
        ON_TOKENS_CALLED, generate 1 tokens, offset=279720165334 ns
        ON_TOKENS_RETURNED, offset=279720168807 ns
        ON_TOKENS_CALLED, generate 1 tokens, offset=281031489245 ns
        ON_TOKENS_RETURNED, offset=281031491644 ns
        ON_TOKENS_CALLED, generate 1 tokens, offset=282365226508 ns
        ON_TOKENS_RETURNED, offset=282365227704 ns
        ON_TOKENS_CALLED, generate 1 tokens, offset=283689957047 ns
        ON_TOKENS_RETURNED, offset=283689959353 ns
        ON_TOKENS_CALLED, generate 1 tokens, offset=285039757744 ns
        ON_TOKENS_RETURNED, offset=285039760389 ns
        ON_TOKENS_CALLED, generate 1 tokens, offset=286401031004 ns
        ON_TOKENS_RETURNED, offset=286401033286 ns
        ON_TOKENS_CALLED, generate 1 tokens, offset=287790556164 ns
        ON_TOKENS_RETURNED, offset=287790557828 ns
        ON_TOKENS_CALLED, generate 1 tokens, offset=289015830761 ns
        ON_TOKENS_RETURNED, offset=289015834934 ns
        ON_TOKENS_CALLED, generate 1 tokens, offset=290273809784 ns
        ON_TOKENS_RETURNED, offset=290273812061 ns
        ON_TOKENS_CALLED, generate 1 tokens, offset=291429349795 ns
        ON_TOKENS_RETURNED, offset=291429423894 ns
        ON_TOKENS_CALLED, generate 1 tokens, offset=292582152024 ns
        ON_TOKENS_RETURNED, offset=292582158505 ns
[16:46:21.131563116|thread 2410600|cpu 247] [debug] #EVT# HandleDetails::is_anomalous() handle_id=19 time in state STATE_OPENED exceeded threshold: 217791816882 ns
[16:46:21.131565130|thread 2410600|cpu 247] [debug] #EVT#   Handle,    19, Created, 758089763994671, Last, 758382349324374, Prompted,  8191, Generated,    64, Input TPS, 37.61, Output TPS:  0.75, Callbacks,    64, prompt parsing complete, open
[16:46:21.131580997|thread 2410600|cpu 247] [info ] #EVT#   Handle 19 history:
        SESSION_OPEN, prompt 8192 tokens, offset=0 ns
        PROMPT_TOKENS_REUSE, offset=217791815525 ns
        ON_START_CALLED, offset=217791816882 ns
        ON_START_RETURNED, offset=217791869518 ns
        ON_TOKENS_CALLED, generate 1 tokens, offset=217791873855 ns
        ON_TOKENS_RETURNED, offset=217791874313 ns
        ON_TOKENS_CALLED, generate 1 tokens, offset=218651518806 ns
        ON_TOKENS_RETURNED, offset=218651520518 ns
        ON_TOKENS_CALLED, generate 1 tokens, offset=219530382613 ns
        ON_TOKENS_RETURNED, offset=219530385456 ns
        ON_TOKENS_CALLED, generate 1 tokens, offset=220422904588 ns
        ON_TOKENS_RETURNED, offset=220422907400 ns
        ON_TOKENS_CALLED, generate 1 tokens, offset=221327480349 ns
        ON_TOKENS_RETURNED, offset=221327482947 ns
        ON_TOKENS_CALLED, generate 1 tokens, offset=222248743000 ns
        ON_TOKENS_RETURNED, offset=222248743998 ns
        ON_TOKENS_CALLED, generate 1 tokens, offset=223185221522 ns
        ON_TOKENS_RETURNED, offset=223185222321 ns
        ON_TOKENS_CALLED, generate 1 tokens, offset=224137685730 ns
        ON_TOKENS_RETURNED, offset=224137686640 ns
        ON_TOKENS_CALLED, generate 1 tokens, offset=225110211714 ns
        ON_TOKENS_RETURNED, offset=225110214720 ns
        ON_TOKENS_CALLED, generate 1 tokens, offset=226095550178 ns
        ON_TOKENS_RETURNED, offset=226095552537 ns
        ON_TOKENS_CALLED, generate 1 tokens, offset=227099972747 ns
        ON_TOKENS_RETURNED, offset=227099973591 ns
        ON_TOKENS_CALLED, generate 1 tokens, offset=228118725092 ns
        ON_TOKENS_RETURNED, offset=228118726086 ns
        ON_TOKENS_CALLED, generate 1 tokens, offset=229164583168 ns
        ON_TOKENS_RETURNED, offset=229164583863 ns
        ON_TOKENS_CALLED, generate 1 tokens, offset=230221084984 ns
        ON_TOKENS_RETURNED, offset=230221086111 ns
        ON_TOKENS_CALLED, generate 1 tokens, offset=231307592068 ns
        ON_TOKENS_RETURNED, offset=231307593018 ns
        ON_TOKENS_CALLED, generate 1 tokens, offset=232409641727 ns
        ON_TOKENS_RETURNED, offset=232409642574 ns
        ON_TOKENS_CALLED, generate 1 tokens, offset=233547701194 ns
        ON_TOKENS_RETURNED, offset=233547705636 ns
        ON_TOKENS_CALLED, generate 1 tokens, offset=234545800334 ns
        ON_TOKENS_RETURNED, offset=234545801570 ns
        ON_TOKENS_CALLED, generate 1 tokens, offset=235583680974 ns
        ON_TOKENS_RETURNED, offset=235583683508 ns
        ON_TOKENS_CALLED, generate 1 tokens, offset=236634892650 ns
        ON_TOKENS_RETURNED, offset=236634895149 ns
        ON_TOKENS_CALLED, generate 1 tokens, offset=237705280562 ns
        ON_TOKENS_RETURNED, offset=237705282489 ns
        ON_TOKENS_CALLED, generate 1 tokens, offset=238789709665 ns
        ON_TOKENS_RETURNED, offset=238789710718 ns
        ON_TOKENS_CALLED, generate 1 tokens, offset=239894512661 ns
        ON_TOKENS_RETURNED, offset=239894515426 ns
        ON_TOKENS_CALLED, generate 1 tokens, offset=241020350820 ns
        ON_TOKENS_RETURNED, offset=241020352054 ns
        ON_TOKENS_CALLED, generate 1 tokens, offset=242164115172 ns
        ON_TOKENS_RETURNED, offset=242164116266 ns
        ON_TOKENS_CALLED, generate 1 tokens, offset=243319173933 ns
        ON_TOKENS_RETURNED, offset=243319175410 ns
        ON_TOKENS_CALLED, generate 1 tokens, offset=244508696377 ns
        ON_TOKENS_RETURNED, offset=244508697226 ns
        ON_TOKENS_CALLED, generate 1 tokens, offset=245711448197 ns
        ON_TOKENS_RETURNED, offset=245711449472 ns
        ON_TOKENS_CALLED, generate 1 tokens, offset=246945021328 ns
        ON_TOKENS_RETURNED, offset=246945022204 ns
        ON_TOKENS_CALLED, generate 1 tokens, offset=248182670450 ns
        ON_TOKENS_RETURNED, offset=248182671351 ns
        ON_TOKENS_CALLED, generate 1 tokens, offset=249461356115 ns
        ON_TOKENS_RETURNED, offset=249461357374 ns
        ON_TOKENS_CALLED, generate 1 tokens, offset=250745769152 ns
        ON_TOKENS_RETURNED, offset=250745770257 ns
        ON_TOKENS_CALLED, generate 1 tokens, offset=252050282838 ns
        ON_TOKENS_RETURNED, offset=252050285144 ns
        ON_TOKENS_CALLED, generate 1 tokens, offset=253190011753 ns
        ON_TOKENS_RETURNED, offset=253190012480 ns
        ON_TOKENS_CALLED, generate 1 tokens, offset=254393904775 ns
        ON_TOKENS_RETURNED, offset=254393905318 ns
        ON_TOKENS_CALLED, generate 1 tokens, offset=255607195974 ns
        ON_TOKENS_RETURNED, offset=255607196738 ns
        ON_TOKENS_CALLED, generate 1 tokens, offset=256840227302 ns
        ON_TOKENS_RETURNED, offset=256840228954 ns
        ON_TOKENS_CALLED, generate 1 tokens, offset=258078913314 ns
        ON_TOKENS_RETURNED, offset=258078915443 ns
        ON_TOKENS_CALLED, generate 1 tokens, offset=259360776694 ns
        ON_TOKENS_RETURNED, offset=259360777487 ns
        ON_TOKENS_CALLED, generate 1 tokens, offset=260649585389 ns
        ON_TOKENS_RETURNED, offset=260649586330 ns
        ON_TOKENS_CALLED, generate 1 tokens, offset=261971989083 ns
        ON_TOKENS_RETURNED, offset=261971989770 ns
        ON_TOKENS_CALLED, generate 1 tokens, offset=263295604510 ns
        ON_TOKENS_RETURNED, offset=263295605656 ns
        ON_TOKENS_CALLED, generate 1 tokens, offset=264662823576 ns
        ON_TOKENS_RETURNED, offset=264662825320 ns
        ON_TOKENS_CALLED, generate 1 tokens, offset=266036363303 ns
        ON_TOKENS_RETURNED, offset=266036364458 ns
        ON_TOKENS_CALLED, generate 1 tokens, offset=267448802142 ns
        ON_TOKENS_RETURNED, offset=267448803828 ns
        ON_TOKENS_CALLED, generate 1 tokens, offset=268857129381 ns
        ON_TOKENS_RETURNED, offset=268857130500 ns
        ON_TOKENS_CALLED, generate 1 tokens, offset=270167836326 ns
        ON_TOKENS_RETURNED, offset=270167838173 ns
        ON_TOKENS_CALLED, generate 1 tokens, offset=271486670488 ns
        ON_TOKENS_RETURNED, offset=271486672814 ns
        ON_TOKENS_CALLED, generate 1 tokens, offset=272809056816 ns
        ON_TOKENS_RETURNED, offset=272809057603 ns
        ON_TOKENS_CALLED, generate 1 tokens, offset=274146731564 ns
        ON_TOKENS_RETURNED, offset=274146732748 ns
        ON_TOKENS_CALLED, generate 1 tokens, offset=275513223584 ns
        ON_TOKENS_RETURNED, offset=275513224906 ns
        ON_TOKENS_CALLED, generate 1 tokens, offset=276889322367 ns
        ON_TOKENS_RETURNED, offset=276889324214 ns
        ON_TOKENS_CALLED, generate 1 tokens, offset=278300756106 ns
        ON_TOKENS_RETURNED, offset=278300757618 ns
        ON_TOKENS_CALLED, generate 1 tokens, offset=279723337779 ns
        ON_TOKENS_RETURNED, offset=279723338947 ns
        ON_TOKENS_CALLED, generate 1 tokens, offset=281034664147 ns
        ON_TOKENS_RETURNED, offset=281034665152 ns
        ON_TOKENS_CALLED, generate 1 tokens, offset=282368389118 ns
        ON_TOKENS_RETURNED, offset=282368391614 ns
        ON_TOKENS_CALLED, generate 1 tokens, offset=283693128248 ns
        ON_TOKENS_RETURNED, offset=283693130441 ns
        ON_TOKENS_CALLED, generate 1 tokens, offset=285042945565 ns
        ON_TOKENS_RETURNED, offset=285042946618 ns
        ON_TOKENS_CALLED, generate 1 tokens, offset=286404204048 ns
        ON_TOKENS_RETURNED, offset=286404205268 ns
        ON_TOKENS_CALLED, generate 1 tokens, offset=287793726765 ns
        ON_TOKENS_RETURNED, offset=287793729188 ns
        ON_TOKENS_CALLED, generate 1 tokens, offset=289018999696 ns
        ON_TOKENS_RETURNED, offset=289019002052 ns
        ON_TOKENS_CALLED, generate 1 tokens, offset=290276981944 ns
        ON_TOKENS_RETURNED, offset=290276985118 ns
        ON_TOKENS_CALLED, generate 1 tokens, offset=291432517169 ns
        ON_TOKENS_RETURNED, offset=291432602368 ns
        ON_TOKENS_CALLED, generate 1 tokens, offset=292585324280 ns
        ON_TOKENS_RETURNED, offset=292585329703 ns
[16:46:26.854255699|thread 2410572|cpu 247] [info ] [Request 33] Generating 61 response tokens with 8193 context took 73.958293 s at 0.825 average tok/s, or 1212.431 ms/tok
[16:46:26.854294360|thread 2410572|cpu 247] [info ] [Request 33] Request with 8192 tokens in and 64 out (sequence limit) saw 233.544401 s TTFT and 308.500802 s TTLT
[16:46:29.105367907|thread 2410599|cpu 247] [info ] KV cache footprint: 50.55 GB in 231 books
[16:46:33.818852055|thread 2410579|cpu 247] [info ] [Request 13] Parsing the prompt took 315.468776964 s at 25.96770456600476 tokens/s
[16:46:38.314098081|thread 2410600|cpu 247] [debug] #EVT# HandleDetails::is_anomalous() handle_id=33 time in state STATE_OPENED exceeded threshold: 233544393561 ns
[16:46:38.314130561|thread 2410600|cpu 247] [debug] #EVT#   Handle,    33, Created, 758089767302100, Last, 758399397419031, Prompted,  8191, Generated,    64, Input TPS, 35.08, Output TPS:  0.74, Callbacks,    64, prompt parsing complete, open
[16:46:38.314168756|thread 2410600|cpu 247] [info ] #EVT#   Handle 33 history:
        SESSION_OPEN, prompt 8192 tokens, offset=0 ns
        PROMPT_TOKENS_REUSE, offset=233544391991 ns
        ON_START_CALLED, offset=233544393561 ns
        ON_START_RETURNED, offset=233544431497 ns
        ON_TOKENS_CALLED, generate 1 tokens, offset=233544435856 ns
        ON_TOKENS_RETURNED, offset=233544436501 ns
        ON_TOKENS_CALLED, generate 1 tokens, offset=234542501892 ns
        ON_TOKENS_RETURNED, offset=234542503534 ns
        ON_TOKENS_CALLED, generate 1 tokens, offset=235580377988 ns
        ON_TOKENS_RETURNED, offset=235580379346 ns
        ON_TOKENS_CALLED, generate 1 tokens, offset=236631581438 ns
        ON_TOKENS_RETURNED, offset=236631583080 ns
        ON_TOKENS_CALLED, generate 1 tokens, offset=237701975972 ns
        ON_TOKENS_RETURNED, offset=237701978854 ns
        ON_TOKENS_CALLED, generate 1 tokens, offset=238786401280 ns
        ON_TOKENS_RETURNED, offset=238786402945 ns
        ON_TOKENS_CALLED, generate 1 tokens, offset=239891208528 ns
        ON_TOKENS_RETURNED, offset=239891211500 ns
        ON_TOKENS_CALLED, generate 1 tokens, offset=241017046443 ns
        ON_TOKENS_RETURNED, offset=241017048914 ns
        ON_TOKENS_CALLED, generate 1 tokens, offset=242160817678 ns
        ON_TOKENS_RETURNED, offset=242160820980 ns
        ON_TOKENS_CALLED, generate 1 tokens, offset=243315893201 ns
        ON_TOKENS_RETURNED, offset=243315895850 ns
        ON_TOKENS_CALLED, generate 1 tokens, offset=244505386699 ns
        ON_TOKENS_RETURNED, offset=244505387601 ns
        ON_TOKENS_CALLED, generate 1 tokens, offset=245708137415 ns
        ON_TOKENS_RETURNED, offset=245708138630 ns
        ON_TOKENS_CALLED, generate 1 tokens, offset=246941708715 ns
        ON_TOKENS_RETURNED, offset=246941711002 ns
        ON_TOKENS_CALLED, generate 1 tokens, offset=248179366907 ns
        ON_TOKENS_RETURNED, offset=248179368740 ns
        ON_TOKENS_CALLED, generate 1 tokens, offset=249458051680 ns
        ON_TOKENS_RETURNED, offset=249458052739 ns
        ON_TOKENS_CALLED, generate 1 tokens, offset=250742468361 ns
        ON_TOKENS_RETURNED, offset=250742469569 ns
        ON_TOKENS_CALLED, generate 1 tokens, offset=252046978237 ns
        ON_TOKENS_RETURNED, offset=252046981305 ns
        ON_TOKENS_CALLED, generate 1 tokens, offset=253186702903 ns
        ON_TOKENS_RETURNED, offset=253186704309 ns
        ON_TOKENS_CALLED, generate 1 tokens, offset=254390594322 ns
        ON_TOKENS_RETURNED, offset=254390595239 ns
        ON_TOKENS_CALLED, generate 1 tokens, offset=255603891859 ns
        ON_TOKENS_RETURNED, offset=255603893391 ns
        ON_TOKENS_CALLED, generate 1 tokens, offset=256836915089 ns
        ON_TOKENS_RETURNED, offset=256836916920 ns
        ON_TOKENS_CALLED, generate 1 tokens, offset=258075611028 ns
        ON_TOKENS_RETURNED, offset=258075612021 ns
        ON_TOKENS_CALLED, generate 1 tokens, offset=259357465674 ns
        ON_TOKENS_RETURNED, offset=259357466925 ns
        ON_TOKENS_CALLED, generate 1 tokens, offset=260646265599 ns
        ON_TOKENS_RETURNED, offset=260646266245 ns
        ON_TOKENS_CALLED, generate 1 tokens, offset=261968688669 ns
        ON_TOKENS_RETURNED, offset=261968690928 ns
        ON_TOKENS_CALLED, generate 1 tokens, offset=263292296707 ns
        ON_TOKENS_RETURNED, offset=263292298103 ns
        ON_TOKENS_CALLED, generate 1 tokens, offset=264659514722 ns
        ON_TOKENS_RETURNED, offset=264659516162 ns
        ON_TOKENS_CALLED, generate 1 tokens, offset=266033052674 ns
        ON_TOKENS_RETURNED, offset=266033054006 ns
        ON_TOKENS_CALLED, generate 1 tokens, offset=267445509273 ns
        ON_TOKENS_RETURNED, offset=267445510570 ns
        ON_TOKENS_CALLED, generate 1 tokens, offset=268853819409 ns
        ON_TOKENS_RETURNED, offset=268853821306 ns
        ON_TOKENS_CALLED, generate 1 tokens, offset=270164534108 ns
        ON_TOKENS_RETURNED, offset=270164536484 ns
        ON_TOKENS_CALLED, generate 1 tokens, offset=271483367825 ns
        ON_TOKENS_RETURNED, offset=271483368922 ns
        ON_TOKENS_CALLED, generate 1 tokens, offset=272805758151 ns
        ON_TOKENS_RETURNED, offset=272805760429 ns
        ON_TOKENS_CALLED, generate 1 tokens, offset=274143426734 ns
        ON_TOKENS_RETURNED, offset=274143428015 ns
        ON_TOKENS_CALLED, generate 1 tokens, offset=275509920273 ns
        ON_TOKENS_RETURNED, offset=275509921683 ns
        ON_TOKENS_CALLED, generate 1 tokens, offset=276886019553 ns
        ON_TOKENS_RETURNED, offset=276886021914 ns
        ON_TOKENS_CALLED, generate 1 tokens, offset=278297449499 ns
        ON_TOKENS_RETURNED, offset=278297450355 ns
        ON_TOKENS_CALLED, generate 1 tokens, offset=279720033874 ns
        ON_TOKENS_RETURNED, offset=279720036431 ns
        ON_TOKENS_CALLED, generate 1 tokens, offset=281031359806 ns
        ON_TOKENS_RETURNED, offset=281031360931 ns
        ON_TOKENS_CALLED, generate 1 tokens, offset=282365083857 ns
        ON_TOKENS_RETURNED, offset=282365084957 ns
        ON_TOKENS_CALLED, generate 1 tokens, offset=283689825182 ns
        ON_TOKENS_RETURNED, offset=283689827373 ns
        ON_TOKENS_CALLED, generate 1 tokens, offset=285039634370 ns
        ON_TOKENS_RETURNED, offset=285039635402 ns
        ON_TOKENS_CALLED, generate 1 tokens, offset=286400929615 ns
        ON_TOKENS_RETURNED, offset=286400930722 ns
        ON_TOKENS_CALLED, generate 1 tokens, offset=287790423006 ns
        ON_TOKENS_RETURNED, offset=287790424532 ns
        ON_TOKENS_CALLED, generate 1 tokens, offset=289015695439 ns
        ON_TOKENS_RETURNED, offset=289015697621 ns
        ON_TOKENS_CALLED, generate 1 tokens, offset=290273683779 ns
        ON_TOKENS_RETURNED, offset=290273684993 ns
        ON_TOKENS_CALLED, generate 1 tokens, offset=291429209377 ns
        ON_TOKENS_RETURNED, offset=291429211246 ns
        ON_TOKENS_CALLED, generate 1 tokens, offset=292582029855 ns
        ON_TOKENS_RETURNED, offset=292582032705 ns
        ON_TOKENS_CALLED, generate 1 tokens, offset=293564594565 ns
        ON_TOKENS_RETURNED, offset=293564596362 ns
        ON_TOKENS_CALLED, generate 1 tokens, offset=294575851092 ns
        ON_TOKENS_RETURNED, offset=294575852305 ns
        ON_TOKENS_CALLED, generate 1 tokens, offset=295604235798 ns
        ON_TOKENS_RETURNED, offset=295604238758 ns
        ON_TOKENS_CALLED, generate 1 tokens, offset=296652545522 ns
        ON_TOKENS_RETURNED, offset=296652546382 ns
        ON_TOKENS_CALLED, generate 1 tokens, offset=297710072876 ns
        ON_TOKENS_RETURNED, offset=297710074331 ns
        ON_TOKENS_CALLED, generate 1 tokens, offset=298789454483 ns
        ON_TOKENS_RETURNED, offset=298789455762 ns
        ON_TOKENS_CALLED, generate 1 tokens, offset=299881976120 ns
        ON_TOKENS_RETURNED, offset=299881978658 ns
        ON_TOKENS_CALLED, generate 1 tokens, offset=300995083643 ns
        ON_TOKENS_RETURNED, offset=300995086065 ns
        ON_TOKENS_CALLED, generate 1 tokens, offset=302115564275 ns
        ON_TOKENS_RETURNED, offset=302115565282 ns
        ON_TOKENS_CALLED, generate 1 tokens, offset=303143120830 ns
        ON_TOKENS_RETURNED, offset=303143123554 ns
        ON_TOKENS_CALLED, generate 1 tokens, offset=304182088097 ns
        ON_TOKENS_RETURNED, offset=304182089343 ns
        ON_TOKENS_CALLED, generate 1 tokens, offset=305240878637 ns
        ON_TOKENS_RETURNED, offset=305240881302 ns
        ON_TOKENS_CALLED, generate 1 tokens, offset=306310974355 ns
        ON_TOKENS_RETURNED, offset=306310976593 ns
        ON_TOKENS_CALLED, generate 1 tokens, offset=307402278073 ns
        ON_TOKENS_RETURNED, offset=307402281462 ns
        ON_TOKENS_CALLED, generate 1 tokens, offset=308500793752 ns
        ON_TOKENS_RETURNED, offset=308500843790 ns
        ON_TOKENS_CALLED, generate 1 tokens, offset=309630110979 ns
        ON_TOKENS_RETURNED, offset=309630116931 ns
[16:46:40.662906801|thread 2410599|cpu 247] [info ] KV cache footprint: 51.65 GB in 236 books
[16:46:45.595549580|thread 2410572|cpu 247] [info ] [Request 36] Generating 61 response tokens with 8193 context took 74.055376 s at 0.824 average tok/s, or 1214.023 ms/tok
[16:46:45.595581294|thread 2410572|cpu 247] [info ] [Request 36] Request with 8192 tokens in and 64 out (sequence limit) saw 252.046946 s TTFT and 327.242057 s TTLT
[16:46:48.176748979|thread 2410579|cpu 247] [info ] [Request 17] Parsing the prompt took 329.826623584 s at 24.83729151692834 tokens/s
[16:46:50.511435367|thread 2410599|cpu 247] [info ] KV cache footprint: 52.75 GB in 241 books
[16:46:57.190968681|thread 2410600|cpu 247] [debug] #EVT# HandleDetails::is_anomalous() handle_id=36 time in state STATE_OPENED exceeded threshold: 252046940251 ns
[16:46:57.191031859|thread 2410600|cpu 247] [debug] #EVT#   Handle,    36, Created, 758089767338287, Last, 758418290850171, Prompted,  8191, Generated,    64, Input TPS, 32.50, Output TPS:  0.74, Callbacks,    64, prompt parsing complete, open
[16:46:57.191071370|thread 2410600|cpu 247] [info ] #EVT#   Handle 36 history:
        SESSION_OPEN, prompt 8192 tokens, offset=0 ns
        PROMPT_TOKENS_REUSE, offset=252046938549 ns
        ON_START_CALLED, offset=252046940251 ns
        ON_START_RETURNED, offset=252046975089 ns
        ON_TOKENS_CALLED, generate 1 tokens, offset=252046979073 ns
        ON_TOKENS_RETURNED, offset=252046979592 ns
        ON_TOKENS_CALLED, generate 1 tokens, offset=253186674814 ns
        ON_TOKENS_RETURNED, offset=253186676565 ns
        ON_TOKENS_CALLED, generate 1 tokens, offset=254390561392 ns
        ON_TOKENS_RETURNED, offset=254390562957 ns
        ON_TOKENS_CALLED, generate 1 tokens, offset=255603856510 ns
        ON_TOKENS_RETURNED, offset=255603858349 ns
        ON_TOKENS_CALLED, generate 1 tokens, offset=256836883816 ns
        ON_TOKENS_RETURNED, offset=256836886138 ns
        ON_TOKENS_CALLED, generate 1 tokens, offset=258075571056 ns
        ON_TOKENS_RETURNED, offset=258075573802 ns
        ON_TOKENS_CALLED, generate 1 tokens, offset=259357436410 ns
        ON_TOKENS_RETURNED, offset=259357437460 ns
        ON_TOKENS_CALLED, generate 1 tokens, offset=260646237935 ns
        ON_TOKENS_RETURNED, offset=260646238683 ns
        ON_TOKENS_CALLED, generate 1 tokens, offset=261968649258 ns
        ON_TOKENS_RETURNED, offset=261968654055 ns
        ON_TOKENS_CALLED, generate 1 tokens, offset=263292261816 ns
        ON_TOKENS_RETURNED, offset=263292262998 ns
        ON_TOKENS_CALLED, generate 1 tokens, offset=264659482355 ns
        ON_TOKENS_RETURNED, offset=264659483235 ns
        ON_TOKENS_CALLED, generate 1 tokens, offset=266033018629 ns
        ON_TOKENS_RETURNED, offset=266033021083 ns
        ON_TOKENS_CALLED, generate 1 tokens, offset=267445469482 ns
        ON_TOKENS_RETURNED, offset=267445470684 ns
        ON_TOKENS_CALLED, generate 1 tokens, offset=268853788708 ns
        ON_TOKENS_RETURNED, offset=268853789784 ns
        ON_TOKENS_CALLED, generate 1 tokens, offset=270164500194 ns
        ON_TOKENS_RETURNED, offset=270164501322 ns
        ON_TOKENS_CALLED, generate 1 tokens, offset=271483334751 ns
        ON_TOKENS_RETURNED, offset=271483335832 ns
        ON_TOKENS_CALLED, generate 1 tokens, offset=272805716628 ns
        ON_TOKENS_RETURNED, offset=272805718843 ns
        ON_TOKENS_CALLED, generate 1 tokens, offset=274143393106 ns
        ON_TOKENS_RETURNED, offset=274143394536 ns
        ON_TOKENS_CALLED, generate 1 tokens, offset=275509884825 ns
        ON_TOKENS_RETURNED, offset=275509886051 ns
        ON_TOKENS_CALLED, generate 1 tokens, offset=276885985918 ns
        ON_TOKENS_RETURNED, offset=276885987439 ns
        ON_TOKENS_CALLED, generate 1 tokens, offset=278297412299 ns
        ON_TOKENS_RETURNED, offset=278297413808 ns
        ON_TOKENS_CALLED, generate 1 tokens, offset=279719999470 ns
        ON_TOKENS_RETURNED, offset=279720001574 ns
        ON_TOKENS_CALLED, generate 1 tokens, offset=281031326345 ns
        ON_TOKENS_RETURNED, offset=281031328585 ns
        ON_TOKENS_CALLED, generate 1 tokens, offset=282365051184 ns
        ON_TOKENS_RETURNED, offset=282365052422 ns
        ON_TOKENS_CALLED, generate 1 tokens, offset=283689793874 ns
        ON_TOKENS_RETURNED, offset=283689795111 ns
        ON_TOKENS_CALLED, generate 1 tokens, offset=285039604896 ns
        ON_TOKENS_RETURNED, offset=285039606002 ns
        ON_TOKENS_CALLED, generate 1 tokens, offset=286400863015 ns
        ON_TOKENS_RETURNED, offset=286400864607 ns
        ON_TOKENS_CALLED, generate 1 tokens, offset=287790388527 ns
        ON_TOKENS_RETURNED, offset=287790391265 ns
        ON_TOKENS_CALLED, generate 1 tokens, offset=289015665799 ns
        ON_TOKENS_RETURNED, offset=289015667011 ns
        ON_TOKENS_CALLED, generate 1 tokens, offset=290273642360 ns
        ON_TOKENS_RETURNED, offset=290273643464 ns
        ON_TOKENS_CALLED, generate 1 tokens, offset=291429171850 ns
        ON_TOKENS_RETURNED, offset=291429174546 ns
        ON_TOKENS_CALLED, generate 1 tokens, offset=292581985249 ns
        ON_TOKENS_RETURNED, offset=292581986658 ns
        ON_TOKENS_CALLED, generate 1 tokens, offset=293564559524 ns
        ON_TOKENS_RETURNED, offset=293564564234 ns
        ON_TOKENS_CALLED, generate 1 tokens, offset=294575815782 ns
        ON_TOKENS_RETURNED, offset=294575817636 ns
        ON_TOKENS_CALLED, generate 1 tokens, offset=295604203676 ns
        ON_TOKENS_RETURNED, offset=295604205356 ns
        ON_TOKENS_CALLED, generate 1 tokens, offset=296652507135 ns
        ON_TOKENS_RETURNED, offset=296652508524 ns
        ON_TOKENS_CALLED, generate 1 tokens, offset=297710046479 ns
        ON_TOKENS_RETURNED, offset=297710048098 ns
        ON_TOKENS_CALLED, generate 1 tokens, offset=298789423173 ns
        ON_TOKENS_RETURNED, offset=298789424478 ns
        ON_TOKENS_CALLED, generate 1 tokens, offset=299881941875 ns
        ON_TOKENS_RETURNED, offset=299881943032 ns
        ON_TOKENS_CALLED, generate 1 tokens, offset=300995048294 ns
        ON_TOKENS_RETURNED, offset=300995050944 ns
        ON_TOKENS_CALLED, generate 1 tokens, offset=302115524558 ns
        ON_TOKENS_RETURNED, offset=302115525776 ns
        ON_TOKENS_CALLED, generate 1 tokens, offset=303143084767 ns
        ON_TOKENS_RETURNED, offset=303143087586 ns
        ON_TOKENS_CALLED, generate 1 tokens, offset=304182054822 ns
        ON_TOKENS_RETURNED, offset=304182055737 ns
        ON_TOKENS_CALLED, generate 1 tokens, offset=305240847069 ns
        ON_TOKENS_RETURNED, offset=305240848162 ns
        ON_TOKENS_CALLED, generate 1 tokens, offset=306310943874 ns
        ON_TOKENS_RETURNED, offset=306310944912 ns
        ON_TOKENS_CALLED, generate 1 tokens, offset=307402242739 ns
        ON_TOKENS_RETURNED, offset=307402244654 ns
        ON_TOKENS_CALLED, generate 1 tokens, offset=308500756279 ns
        ON_TOKENS_RETURNED, offset=308500759472 ns
        ON_TOKENS_CALLED, generate 1 tokens, offset=309630080427 ns
        ON_TOKENS_RETURNED, offset=309630081434 ns
        ON_TOKENS_CALLED, generate 1 tokens, offset=310751316880 ns
        ON_TOKENS_RETURNED, offset=310751318544 ns
        ON_TOKENS_CALLED, generate 1 tokens, offset=311900202716 ns
        ON_TOKENS_RETURNED, offset=311900203716 ns
        ON_TOKENS_CALLED, generate 1 tokens, offset=313061348712 ns
        ON_TOKENS_RETURNED, offset=313061350529 ns
        ON_TOKENS_CALLED, generate 1 tokens, offset=314257087345 ns
        ON_TOKENS_RETURNED, offset=314257089421 ns
        ON_TOKENS_CALLED, generate 1 tokens, offset=315465355922 ns
        ON_TOKENS_RETURNED, offset=315465357257 ns
        ON_TOKENS_CALLED, generate 1 tokens, offset=316560934443 ns
        ON_TOKENS_RETURNED, offset=316560936270 ns
        ON_TOKENS_CALLED, generate 1 tokens, offset=317677649791 ns
        ON_TOKENS_RETURNED, offset=317677652050 ns
        ON_TOKENS_CALLED, generate 1 tokens, offset=318805098043 ns
        ON_TOKENS_RETURNED, offset=318805099465 ns
        ON_TOKENS_CALLED, generate 1 tokens, offset=319960194291 ns
        ON_TOKENS_RETURNED, offset=319960196379 ns
        ON_TOKENS_CALLED, generate 1 tokens, offset=321121261855 ns
        ON_TOKENS_RETURNED, offset=321121264147 ns
        ON_TOKENS_CALLED, generate 1 tokens, offset=322309204439 ns
        ON_TOKENS_RETURNED, offset=322309205936 ns
        ON_TOKENS_CALLED, generate 1 tokens, offset=323513870880 ns
        ON_TOKENS_RETURNED, offset=323513872271 ns
        ON_TOKENS_CALLED, generate 1 tokens, offset=324740483216 ns
        ON_TOKENS_RETURNED, offset=324740485834 ns
        ON_TOKENS_CALLED, generate 1 tokens, offset=325971906243 ns
        ON_TOKENS_RETURNED, offset=325971907701 ns
        ON_TOKENS_CALLED, generate 1 tokens, offset=327242049921 ns
        ON_TOKENS_RETURNED, offset=327242093926 ns
        ON_TOKENS_CALLED, generate 1 tokens, offset=328523505221 ns
        ON_TOKENS_RETURNED, offset=328523511884 ns
[16:46:58.061377885|thread 2410599|cpu 247] [info ] KV cache footprint: 53.85 GB in 246 books
[16:47:02.089601339|thread 2410572|cpu 247] [info ] [Request 38] Generating 61 response tokens with 8193 context took 73.571600 s at 0.829 average tok/s, or 1206.092 ms/tok
[16:47:02.089616931|thread 2410580|cpu 247] [info ] [Request 20] Parsing the prompt took 343.736360305 s at 23.832218368551914 tokens/s
[16:47:02.089643373|thread 2410572|cpu 247] [info ] [Request 38] Request with 8192 tokens in and 64 out (sequence limit) saw 268.853769 s TTFT and 343.736084 s TTLT
[16:47:08.462109370|thread 2410599|cpu 247] [info ] KV cache footprint: 54.95 GB in 251 books
[16:47:12.520141030|thread 2410572|cpu 247] [info ] [Request 41] Generating 61 response tokens with 8193 context took 73.135314 s at 0.834 average tok/s, or 1198.940 ms/tok
[16:47:12.520186758|thread 2410572|cpu 247] [info ] [Request 41] Request with 8192 tokens in and 64 out (sequence limit) saw 279.719949 s TTFT and 354.166591 s TTLT
[16:47:13.531289198|thread 2410600|cpu 247] [debug] #EVT# HandleDetails::is_anomalous() handle_id=38 time in state STATE_OPENED exceeded threshold: 268853762369 ns
[16:47:13.531343561|thread 2410600|cpu 247] [debug] #EVT#   Handle,    38, Created, 758089767362285, Last, 758434765780883, Prompted,  8191, Generated,    64, Input TPS, 30.47, Output TPS:  0.74, Callbacks,    64, prompt parsing complete, open
[16:47:13.531381293|thread 2410600|cpu 247] [info ] #EVT#   Handle 38 history:
        SESSION_OPEN, prompt 8192 tokens, offset=0 ns
        PROMPT_TOKENS_REUSE, offset=268853760553 ns
        ON_START_CALLED, offset=268853762369 ns
        ON_START_RETURNED, offset=268853800502 ns
        ON_TOKENS_CALLED, generate 1 tokens, offset=268853805631 ns
        ON_TOKENS_RETURNED, offset=268853807471 ns
        ON_TOKENS_CALLED, generate 1 tokens, offset=270164476967 ns
        ON_TOKENS_RETURNED, offset=270164478988 ns
        ON_TOKENS_CALLED, generate 1 tokens, offset=271483308641 ns
        ON_TOKENS_RETURNED, offset=271483310313 ns
        ON_TOKENS_CALLED, generate 1 tokens, offset=272805692251 ns
        ON_TOKENS_RETURNED, offset=272805693505 ns
        ON_TOKENS_CALLED, generate 1 tokens, offset=274143370349 ns
        ON_TOKENS_RETURNED, offset=274143373604 ns
        ON_TOKENS_CALLED, generate 1 tokens, offset=275509866528 ns
        ON_TOKENS_RETURNED, offset=275509867599 ns
        ON_TOKENS_CALLED, generate 1 tokens, offset=276885962180 ns
        ON_TOKENS_RETURNED, offset=276885964412 ns
        ON_TOKENS_CALLED, generate 1 tokens, offset=278297397364 ns
        ON_TOKENS_RETURNED, offset=278297398378 ns
        ON_TOKENS_CALLED, generate 1 tokens, offset=279719976628 ns
        ON_TOKENS_RETURNED, offset=279719979889 ns
        ON_TOKENS_CALLED, generate 1 tokens, offset=281031303320 ns
        ON_TOKENS_RETURNED, offset=281031305186 ns
        ON_TOKENS_CALLED, generate 1 tokens, offset=282365030129 ns
        ON_TOKENS_RETURNED, offset=282365030852 ns
        ON_TOKENS_CALLED, generate 1 tokens, offset=283689768184 ns
        ON_TOKENS_RETURNED, offset=283689769224 ns
        ON_TOKENS_CALLED, generate 1 tokens, offset=285039567377 ns
        ON_TOKENS_RETURNED, offset=285039568658 ns
        ON_TOKENS_CALLED, generate 1 tokens, offset=286400842455 ns
        ON_TOKENS_RETURNED, offset=286400843358 ns
        ON_TOKENS_CALLED, generate 1 tokens, offset=287790368666 ns
        ON_TOKENS_RETURNED, offset=287790370051 ns
        ON_TOKENS_CALLED, generate 1 tokens, offset=289015642391 ns
        ON_TOKENS_RETURNED, offset=289015643549 ns
        ON_TOKENS_CALLED, generate 1 tokens, offset=290273628021 ns
        ON_TOKENS_RETURNED, offset=290273674460 ns
        ON_TOKENS_CALLED, generate 1 tokens, offset=291429154147 ns
        ON_TOKENS_RETURNED, offset=291429155565 ns
        ON_TOKENS_CALLED, generate 1 tokens, offset=292581963656 ns
        ON_TOKENS_RETURNED, offset=292581966062 ns
        ON_TOKENS_CALLED, generate 1 tokens, offset=293564535186 ns
        ON_TOKENS_RETURNED, offset=293564536634 ns
        ON_TOKENS_CALLED, generate 1 tokens, offset=294575782694 ns
        ON_TOKENS_RETURNED, offset=294575784973 ns
        ON_TOKENS_CALLED, generate 1 tokens, offset=295604179299 ns
        ON_TOKENS_RETURNED, offset=295604180302 ns
        ON_TOKENS_CALLED, generate 1 tokens, offset=296652482311 ns
        ON_TOKENS_RETURNED, offset=296652485405 ns
        ON_TOKENS_CALLED, generate 1 tokens, offset=297710015031 ns
        ON_TOKENS_RETURNED, offset=297710016144 ns
        ON_TOKENS_CALLED, generate 1 tokens, offset=298789389682 ns
        ON_TOKENS_RETURNED, offset=298789391780 ns
        ON_TOKENS_CALLED, generate 1 tokens, offset=299881919594 ns
        ON_TOKENS_RETURNED, offset=299881922139 ns
        ON_TOKENS_CALLED, generate 1 tokens, offset=300995029011 ns
        ON_TOKENS_RETURNED, offset=300995030333 ns
        ON_TOKENS_CALLED, generate 1 tokens, offset=302115499058 ns
        ON_TOKENS_RETURNED, offset=302115500331 ns
        ON_TOKENS_CALLED, generate 1 tokens, offset=303143062465 ns
        ON_TOKENS_RETURNED, offset=303143063923 ns
        ON_TOKENS_CALLED, generate 1 tokens, offset=304182026395 ns
        ON_TOKENS_RETURNED, offset=304182027984 ns
        ON_TOKENS_CALLED, generate 1 tokens, offset=305240824876 ns
        ON_TOKENS_RETURNED, offset=305240826610 ns
        ON_TOKENS_CALLED, generate 1 tokens, offset=306310922717 ns
        ON_TOKENS_RETURNED, offset=306310924281 ns
        ON_TOKENS_CALLED, generate 1 tokens, offset=307402220798 ns
        ON_TOKENS_RETURNED, offset=307402223805 ns
        ON_TOKENS_CALLED, generate 1 tokens, offset=308500737679 ns
        ON_TOKENS_RETURNED, offset=308500738851 ns
        ON_TOKENS_CALLED, generate 1 tokens, offset=309630052319 ns
        ON_TOKENS_RETURNED, offset=309630053416 ns
        ON_TOKENS_CALLED, generate 1 tokens, offset=310751299067 ns
        ON_TOKENS_RETURNED, offset=310751300307 ns
        ON_TOKENS_CALLED, generate 1 tokens, offset=311900176346 ns
        ON_TOKENS_RETURNED, offset=311900177172 ns
        ON_TOKENS_CALLED, generate 1 tokens, offset=313061325036 ns
        ON_TOKENS_RETURNED, offset=313061328227 ns
        ON_TOKENS_CALLED, generate 1 tokens, offset=314257063284 ns
        ON_TOKENS_RETURNED, offset=314257065770 ns
        ON_TOKENS_CALLED, generate 1 tokens, offset=315465328786 ns
        ON_TOKENS_RETURNED, offset=315465330326 ns
        ON_TOKENS_CALLED, generate 1 tokens, offset=316560912641 ns
        ON_TOKENS_RETURNED, offset=316560913576 ns
        ON_TOKENS_CALLED, generate 1 tokens, offset=317677628810 ns
        ON_TOKENS_RETURNED, offset=317677629829 ns
        ON_TOKENS_CALLED, generate 1 tokens, offset=318805072925 ns
        ON_TOKENS_RETURNED, offset=318805074505 ns
        ON_TOKENS_CALLED, generate 1 tokens, offset=319960174674 ns
        ON_TOKENS_RETURNED, offset=319960175668 ns
        ON_TOKENS_CALLED, generate 1 tokens, offset=321121238980 ns
        ON_TOKENS_RETURNED, offset=321121241466 ns
        ON_TOKENS_CALLED, generate 1 tokens, offset=322309180373 ns
        ON_TOKENS_RETURNED, offset=322309182014 ns
        ON_TOKENS_CALLED, generate 1 tokens, offset=323513846985 ns
        ON_TOKENS_RETURNED, offset=323513849243 ns
        ON_TOKENS_CALLED, generate 1 tokens, offset=324740466543 ns
        ON_TOKENS_RETURNED, offset=324740467897 ns
        ON_TOKENS_CALLED, generate 1 tokens, offset=325971881482 ns
        ON_TOKENS_RETURNED, offset=325971883557 ns
        ON_TOKENS_CALLED, generate 1 tokens, offset=327242026980 ns
        ON_TOKENS_RETURNED, offset=327242027981 ns
        ON_TOKENS_CALLED, generate 1 tokens, offset=328523481394 ns
        ON_TOKENS_RETURNED, offset=328523482717 ns
        ON_TOKENS_CALLED, generate 1 tokens, offset=329823218744 ns
        ON_TOKENS_RETURNED, offset=329823219868 ns
        ON_TOKENS_CALLED, generate 1 tokens, offset=330971268364 ns
        ON_TOKENS_RETURNED, offset=330971270792 ns
        ON_TOKENS_CALLED, generate 1 tokens, offset=332157700352 ns
        ON_TOKENS_RETURNED, offset=332157701962 ns
        ON_TOKENS_CALLED, generate 1 tokens, offset=333363737569 ns
        ON_TOKENS_RETURNED, offset=333363738777 ns
        ON_TOKENS_CALLED, generate 1 tokens, offset=334594411805 ns
        ON_TOKENS_RETURNED, offset=334594413998 ns
        ON_TOKENS_CALLED, generate 1 tokens, offset=335839010239 ns
        ON_TOKENS_RETURNED, offset=335839011544 ns
        ON_TOKENS_CALLED, generate 1 tokens, offset=337109710081 ns
        ON_TOKENS_RETURNED, offset=337109711252 ns
        ON_TOKENS_CALLED, generate 1 tokens, offset=338393879992 ns
        ON_TOKENS_RETURNED, offset=338393882158 ns
        ON_TOKENS_CALLED, generate 1 tokens, offset=339707559308 ns
        ON_TOKENS_RETURNED, offset=339707560187 ns
        ON_TOKENS_CALLED, generate 1 tokens, offset=341024230667 ns
        ON_TOKENS_RETURNED, offset=341024231773 ns
        ON_TOKENS_CALLED, generate 1 tokens, offset=342375509573 ns
        ON_TOKENS_RETURNED, offset=342375510620 ns
        ON_TOKENS_CALLED, generate 1 tokens, offset=343736076817 ns
        ON_TOKENS_RETURNED, offset=343736151122 ns
        ON_TOKENS_CALLED, generate 1 tokens, offset=344998411626 ns
        ON_TOKENS_RETURNED, offset=344998418598 ns
[16:47:13.919158994|thread 2410580|cpu 247] [info ] [Request 28] Parsing the prompt took 355.565786946 s at 23.039337024976827 tokens/s
[16:47:19.080866176|thread 2410580|cpu 247] [info ] [Request 34] Parsing the prompt took 360.727401998 s at 22.709669281086164 tokens/s
[16:47:20.274961085|thread 2410572|cpu 247] [info ] [Request 48] Generating 61 response tokens with 8193 context took 72.905793 s at 0.837 average tok/s, or 1195.177 ms/tok
[16:47:20.274992648|thread 2410572|cpu 247] [info ] [Request 48] Request with 8192 tokens in and 64 out (sequence limit) saw 287.790256 s TTFT and 361.921327 s TTLT
[16:47:20.275184733|thread 2410599|cpu 247] [info ] KV cache footprint: 56.05 GB in 256 books
[16:47:22.712000832|thread 2410572|cpu 247] [info ] [Request 49] Generating 61 response tokens with 8193 context took 72.929324 s at 0.836 average tok/s, or 1195.563 ms/tok
[16:47:22.712026194|thread 2410572|cpu 247] [info ] [Request 49] Request with 8192 tokens in and 64 out (sequence limit) saw 290.273504 s TTFT and 364.358357 s TTLT
[16:47:23.942800022|thread 2410580|cpu 247] [info ] [Request 35] Parsing the prompt took 365.589322719 s at 22.407656599688366 tokens/s
[16:47:24.235392933|thread 2410600|cpu 247] [debug] #EVT# HandleDetails::is_anomalous() handle_id=41 time in state STATE_OPENED exceeded threshold: 279719941942 ns
[16:47:24.235417394|thread 2410600|cpu 247] [debug] #EVT#   Handle,    41, Created, 758089767396880, Last, 758445332988290, Prompted,  8191, Generated,    64, Input TPS, 29.29, Output TPS:  0.74, Callbacks,    64, prompt parsing complete, open
[16:47:24.235447056|thread 2410600|cpu 247] [info ] #EVT#   Handle 41 history:
        SESSION_OPEN, prompt 8192 tokens, offset=0 ns
        PROMPT_TOKENS_REUSE, offset=279719940405 ns
        ON_START_CALLED, offset=279719941942 ns
        ON_START_RETURNED, offset=279719973232 ns
        ON_TOKENS_CALLED, generate 1 tokens, offset=279719978276 ns
        ON_TOKENS_RETURNED, offset=279719978794 ns
        ON_TOKENS_CALLED, generate 1 tokens, offset=281031270832 ns
        ON_TOKENS_RETURNED, offset=281031272382 ns
        ON_TOKENS_CALLED, generate 1 tokens, offset=282365000450 ns
        ON_TOKENS_RETURNED, offset=282365001314 ns
        ON_TOKENS_CALLED, generate 1 tokens, offset=283689734998 ns
        ON_TOKENS_RETURNED, offset=283689736678 ns
        ON_TOKENS_CALLED, generate 1 tokens, offset=285039545639 ns
        ON_TOKENS_RETURNED, offset=285039547198 ns
        ON_TOKENS_CALLED, generate 1 tokens, offset=286400803883 ns
        ON_TOKENS_RETURNED, offset=286400806402 ns
        ON_TOKENS_CALLED, generate 1 tokens, offset=287790333984 ns
        ON_TOKENS_RETURNED, offset=287790335298 ns
        ON_TOKENS_CALLED, generate 1 tokens, offset=289015609393 ns
        ON_TOKENS_RETURNED, offset=289015610516 ns
        ON_TOKENS_CALLED, generate 1 tokens, offset=290273594198 ns
        ON_TOKENS_RETURNED, offset=290273610058 ns
        ON_TOKENS_CALLED, generate 1 tokens, offset=291429117467 ns
        ON_TOKENS_RETURNED, offset=291429119680 ns
        ON_TOKENS_CALLED, generate 1 tokens, offset=292581936562 ns
        ON_TOKENS_RETURNED, offset=292581937396 ns
        ON_TOKENS_CALLED, generate 1 tokens, offset=293564504324 ns
        ON_TOKENS_RETURNED, offset=293564505215 ns
        ON_TOKENS_CALLED, generate 1 tokens, offset=294575760757 ns
        ON_TOKENS_RETURNED, offset=294575763137 ns
        ON_TOKENS_CALLED, generate 1 tokens, offset=295604146698 ns
        ON_TOKENS_RETURNED, offset=295604147983 ns
        ON_TOKENS_CALLED, generate 1 tokens, offset=296652454875 ns
        ON_TOKENS_RETURNED, offset=296652456537 ns
        ON_TOKENS_CALLED, generate 1 tokens, offset=297709986683 ns
        ON_TOKENS_RETURNED, offset=297709987576 ns
        ON_TOKENS_CALLED, generate 1 tokens, offset=298789353490 ns
        ON_TOKENS_RETURNED, offset=298789357433 ns
        ON_TOKENS_CALLED, generate 1 tokens, offset=299881885751 ns
        ON_TOKENS_RETURNED, offset=299881887363 ns
        ON_TOKENS_CALLED, generate 1 tokens, offset=300994995664 ns
        ON_TOKENS_RETURNED, offset=300994996525 ns
        ON_TOKENS_CALLED, generate 1 tokens, offset=302115467129 ns
        ON_TOKENS_RETURNED, offset=302115468255 ns
        ON_TOKENS_CALLED, generate 1 tokens, offset=303143040079 ns
        ON_TOKENS_RETURNED, offset=303143041698 ns
        ON_TOKENS_CALLED, generate 1 tokens, offset=304181993464 ns
        ON_TOKENS_RETURNED, offset=304181994545 ns
        ON_TOKENS_CALLED, generate 1 tokens, offset=305240791866 ns
        ON_TOKENS_RETURNED, offset=305240792558 ns
        ON_TOKENS_CALLED, generate 1 tokens, offset=306310891749 ns
        ON_TOKENS_RETURNED, offset=306310892747 ns
        ON_TOKENS_CALLED, generate 1 tokens, offset=307402192749 ns
        ON_TOKENS_RETURNED, offset=307402194414 ns
        ON_TOKENS_CALLED, generate 1 tokens, offset=308500705569 ns
        ON_TOKENS_RETURNED, offset=308500708319 ns
        ON_TOKENS_CALLED, generate 1 tokens, offset=309630016803 ns
        ON_TOKENS_RETURNED, offset=309630019363 ns
        ON_TOKENS_CALLED, generate 1 tokens, offset=310751258832 ns
        ON_TOKENS_RETURNED, offset=310751260408 ns
        ON_TOKENS_CALLED, generate 1 tokens, offset=311900138668 ns
        ON_TOKENS_RETURNED, offset=311900140063 ns
        ON_TOKENS_CALLED, generate 1 tokens, offset=313061291390 ns
        ON_TOKENS_RETURNED, offset=313061293587 ns
        ON_TOKENS_CALLED, generate 1 tokens, offset=314257035249 ns
        ON_TOKENS_RETURNED, offset=314257037637 ns
        ON_TOKENS_CALLED, generate 1 tokens, offset=315465291466 ns
        ON_TOKENS_RETURNED, offset=315465294665 ns
        ON_TOKENS_CALLED, generate 1 tokens, offset=316560881206 ns
        ON_TOKENS_RETURNED, offset=316560883376 ns
        ON_TOKENS_CALLED, generate 1 tokens, offset=317677593275 ns
        ON_TOKENS_RETURNED, offset=317677595789 ns
        ON_TOKENS_CALLED, generate 1 tokens, offset=318805042639 ns
        ON_TOKENS_RETURNED, offset=318805043902 ns
        ON_TOKENS_CALLED, generate 1 tokens, offset=319960140546 ns
        ON_TOKENS_RETURNED, offset=319960141798 ns
        ON_TOKENS_CALLED, generate 1 tokens, offset=321121206928 ns
        ON_TOKENS_RETURNED, offset=321121207798 ns
        ON_TOKENS_CALLED, generate 1 tokens, offset=322309152593 ns
        ON_TOKENS_RETURNED, offset=322309153586 ns
        ON_TOKENS_CALLED, generate 1 tokens, offset=323513813673 ns
        ON_TOKENS_RETURNED, offset=323513815494 ns
        ON_TOKENS_CALLED, generate 1 tokens, offset=324740425382 ns
        ON_TOKENS_RETURNED, offset=324740426878 ns
        ON_TOKENS_CALLED, generate 1 tokens, offset=325971851290 ns
        ON_TOKENS_RETURNED, offset=325971852492 ns
        ON_TOKENS_CALLED, generate 1 tokens, offset=327241998686 ns
        ON_TOKENS_RETURNED, offset=327241999820 ns
        ON_TOKENS_CALLED, generate 1 tokens, offset=328523444761 ns
        ON_TOKENS_RETURNED, offset=328523447137 ns
        ON_TOKENS_CALLED, generate 1 tokens, offset=329823185851 ns
        ON_TOKENS_RETURNED, offset=329823187345 ns
        ON_TOKENS_CALLED, generate 1 tokens, offset=330971234240 ns
        ON_TOKENS_RETURNED, offset=330971235635 ns
        ON_TOKENS_CALLED, generate 1 tokens, offset=332157662611 ns
        ON_TOKENS_RETURNED, offset=332157663691 ns
        ON_TOKENS_CALLED, generate 1 tokens, offset=333363708394 ns
        ON_TOKENS_RETURNED, offset=333363710113 ns
        ON_TOKENS_CALLED, generate 1 tokens, offset=334594370357 ns
        ON_TOKENS_RETURNED, offset=334594373789 ns
        ON_TOKENS_CALLED, generate 1 tokens, offset=335838972871 ns
        ON_TOKENS_RETURNED, offset=335838974648 ns
        ON_TOKENS_CALLED, generate 1 tokens, offset=337109686313 ns
        ON_TOKENS_RETURNED, offset=337109688569 ns
        ON_TOKENS_CALLED, generate 1 tokens, offset=338393848968 ns
        ON_TOKENS_RETURNED, offset=338393850837 ns
        ON_TOKENS_CALLED, generate 1 tokens, offset=339707529101 ns
        ON_TOKENS_RETURNED, offset=339707530063 ns
        ON_TOKENS_CALLED, generate 1 tokens, offset=341024189878 ns
        ON_TOKENS_RETURNED, offset=341024193069 ns
        ON_TOKENS_CALLED, generate 1 tokens, offset=342375479403 ns
        ON_TOKENS_RETURNED, offset=342375480510 ns
        ON_TOKENS_CALLED, generate 1 tokens, offset=343736042605 ns
        ON_TOKENS_RETURNED, offset=343736043628 ns
        ON_TOKENS_CALLED, generate 1 tokens, offset=344998377329 ns
        ON_TOKENS_RETURNED, offset=344998379225 ns
        ON_TOKENS_CALLED, generate 1 tokens, offset=346243331018 ns
        ON_TOKENS_RETURNED, offset=346243332630 ns
        ON_TOKENS_CALLED, generate 1 tokens, offset=347506862285 ns
        ON_TOKENS_RETURNED, offset=347506863614 ns
        ON_TOKENS_CALLED, generate 1 tokens, offset=348798853345 ns
        ON_TOKENS_RETURNED, offset=348798854897 ns
        ON_TOKENS_CALLED, generate 1 tokens, offset=350108327642 ns
        ON_TOKENS_RETURNED, offset=350108329288 ns
        ON_TOKENS_CALLED, generate 1 tokens, offset=351439232565 ns
        ON_TOKENS_RETURNED, offset=351439234746 ns
        ON_TOKENS_CALLED, generate 1 tokens, offset=352785796511 ns
        ON_TOKENS_RETURNED, offset=352785798485 ns
        ON_TOKENS_CALLED, generate 1 tokens, offset=354166583253 ns
        ON_TOKENS_RETURNED, offset=354166641703 ns
        ON_TOKENS_CALLED, generate 1 tokens, offset=355565585262 ns
        ON_TOKENS_RETURNED, offset=355565591410 ns
[16:47:25.030523883|thread 2410572|cpu 247] [info ] [Request 52] Generating 61 response tokens with 8193 context took 73.112462 s at 0.834 average tok/s, or 1198.565 ms/tok
[16:47:25.030539210|thread 2410572|cpu 247] [info ] [Request 52] Request with 8192 tokens in and 64 out (sequence limit) saw 292.581807 s TTFT and 366.676844 s TTLT
[16:47:30.645884384|thread 2410579|cpu 247] [info ] [Request 45] Parsing the prompt took 372.292287546 s at 22.004216240949674 tokens/s
[16:47:30.646083992|thread 2410599|cpu 247] [info ] KV cache footprint: 57.15 GB in 261 books
[16:47:31.841056566|thread 2410600|cpu 247] [debug] #EVT# HandleDetails::is_anomalous() handle_id=48 time in state STATE_OPENED exceeded threshold: 287790250682 ns
[16:47:31.841081312|thread 2410600|cpu 247] [debug] #EVT#   Handle,    48, Created, 758089767480296, Last, 758452915873355, Prompted,  8191, Generated,    64, Input TPS, 28.47, Output TPS:  0.75, Callbacks,    64, prompt parsing complete, open
[16:47:31.841110400|thread 2410600|cpu 247] [info ] #EVT#   Handle 48 history:
        SESSION_OPEN, prompt 8192 tokens, offset=0 ns
        PROMPT_TOKENS_REUSE, offset=287790249246 ns
        ON_START_CALLED, offset=287790250682 ns
        ON_START_RETURNED, offset=287790273480 ns
        ON_TOKENS_CALLED, generate 1 tokens, offset=287790277678 ns
        ON_TOKENS_RETURNED, offset=287790278534 ns
        ON_TOKENS_CALLED, generate 1 tokens, offset=289015528333 ns
        ON_TOKENS_RETURNED, offset=289015531134 ns
        ON_TOKENS_CALLED, generate 1 tokens, offset=290273506239 ns
        ON_TOKENS_RETURNED, offset=290273508630 ns
        ON_TOKENS_CALLED, generate 1 tokens, offset=291429036949 ns
        ON_TOKENS_RETURNED, offset=291429039118 ns
        ON_TOKENS_CALLED, generate 1 tokens, offset=292581849130 ns
        ON_TOKENS_RETURNED, offset=292581852023 ns
        ON_TOKENS_CALLED, generate 1 tokens, offset=293564429899 ns
        ON_TOKENS_RETURNED, offset=293564431280 ns
        ON_TOKENS_CALLED, generate 1 tokens, offset=294575678704 ns
        ON_TOKENS_RETURNED, offset=294575680222 ns
        ON_TOKENS_CALLED, generate 1 tokens, offset=295604063091 ns
        ON_TOKENS_RETURNED, offset=295604065206 ns
        ON_TOKENS_CALLED, generate 1 tokens, offset=296652369082 ns
        ON_TOKENS_RETURNED, offset=296652374051 ns
        ON_TOKENS_CALLED, generate 1 tokens, offset=297709896371 ns
        ON_TOKENS_RETURNED, offset=297709897766 ns
        ON_TOKENS_CALLED, generate 1 tokens, offset=298789270357 ns
        ON_TOKENS_RETURNED, offset=298789272136 ns
        ON_TOKENS_CALLED, generate 1 tokens, offset=299881804532 ns
        ON_TOKENS_RETURNED, offset=299881806166 ns
        ON_TOKENS_CALLED, generate 1 tokens, offset=300994912219 ns
        ON_TOKENS_RETURNED, offset=300994913728 ns
        ON_TOKENS_CALLED, generate 1 tokens, offset=302115381179 ns
        ON_TOKENS_RETURNED, offset=302115382489 ns
        ON_TOKENS_CALLED, generate 1 tokens, offset=303142950905 ns
        ON_TOKENS_RETURNED, offset=303142952470 ns
        ON_TOKENS_CALLED, generate 1 tokens, offset=304181910771 ns
        ON_TOKENS_RETURNED, offset=304181911993 ns
        ON_TOKENS_CALLED, generate 1 tokens, offset=305240704392 ns
        ON_TOKENS_RETURNED, offset=305240728209 ns
        ON_TOKENS_CALLED, generate 1 tokens, offset=306310802505 ns
        ON_TOKENS_RETURNED, offset=306310803616 ns
        ON_TOKENS_CALLED, generate 1 tokens, offset=307402110320 ns
        ON_TOKENS_RETURNED, offset=307402112131 ns
        ON_TOKENS_CALLED, generate 1 tokens, offset=308500634617 ns
        ON_TOKENS_RETURNED, offset=308500636346 ns
        ON_TOKENS_CALLED, generate 1 tokens, offset=309629936247 ns
        ON_TOKENS_RETURNED, offset=309629938773 ns
        ON_TOKENS_CALLED, generate 1 tokens, offset=310751179819 ns
        ON_TOKENS_RETURNED, offset=310751181246 ns
        ON_TOKENS_CALLED, generate 1 tokens, offset=311900050991 ns
        ON_TOKENS_RETURNED, offset=311900053088 ns
        ON_TOKENS_CALLED, generate 1 tokens, offset=313061217137 ns
        ON_TOKENS_RETURNED, offset=313061218462 ns
        ON_TOKENS_CALLED, generate 1 tokens, offset=314256953017 ns
        ON_TOKENS_RETURNED, offset=314256955254 ns
        ON_TOKENS_CALLED, generate 1 tokens, offset=315465208721 ns
        ON_TOKENS_RETURNED, offset=315465210380 ns
        ON_TOKENS_CALLED, generate 1 tokens, offset=316560794852 ns
        ON_TOKENS_RETURNED, offset=316560796178 ns
        ON_TOKENS_CALLED, generate 1 tokens, offset=317677512191 ns
        ON_TOKENS_RETURNED, offset=317677513559 ns
        ON_TOKENS_CALLED, generate 1 tokens, offset=318804963435 ns
        ON_TOKENS_RETURNED, offset=318804964229 ns
        ON_TOKENS_CALLED, generate 1 tokens, offset=319960053169 ns
        ON_TOKENS_RETURNED, offset=319960054739 ns
        ON_TOKENS_CALLED, generate 1 tokens, offset=321121131579 ns
        ON_TOKENS_RETURNED, offset=321121133729 ns
        ON_TOKENS_CALLED, generate 1 tokens, offset=322309065111 ns
        ON_TOKENS_RETURNED, offset=322309067283 ns
        ON_TOKENS_CALLED, generate 1 tokens, offset=323513731815 ns
        ON_TOKENS_RETURNED, offset=323513734513 ns
        ON_TOKENS_CALLED, generate 1 tokens, offset=324740344566 ns
        ON_TOKENS_RETURNED, offset=324740346168 ns
        ON_TOKENS_CALLED, generate 1 tokens, offset=325971763896 ns
        ON_TOKENS_RETURNED, offset=325971766360 ns
        ON_TOKENS_CALLED, generate 1 tokens, offset=327241909532 ns
        ON_TOKENS_RETURNED, offset=327241911785 ns
        ON_TOKENS_CALLED, generate 1 tokens, offset=328523364763 ns
        ON_TOKENS_RETURNED, offset=328523365827 ns
        ON_TOKENS_CALLED, generate 1 tokens, offset=329823102688 ns
        ON_TOKENS_RETURNED, offset=329823104394 ns
        ON_TOKENS_CALLED, generate 1 tokens, offset=330971158037 ns
        ON_TOKENS_RETURNED, offset=330971159467 ns
        ON_TOKENS_CALLED, generate 1 tokens, offset=332157581958 ns
        ON_TOKENS_RETURNED, offset=332157583303 ns
        ON_TOKENS_CALLED, generate 1 tokens, offset=333363620288 ns
        ON_TOKENS_RETURNED, offset=333363621312 ns
        ON_TOKENS_CALLED, generate 1 tokens, offset=334594291176 ns
        ON_TOKENS_RETURNED, offset=334594293056 ns
        ON_TOKENS_CALLED, generate 1 tokens, offset=335838886893 ns
        ON_TOKENS_RETURNED, offset=335838888425 ns
        ON_TOKENS_CALLED, generate 1 tokens, offset=337109598430 ns
        ON_TOKENS_RETURNED, offset=337109599917 ns
        ON_TOKENS_CALLED, generate 1 tokens, offset=338393765995 ns
        ON_TOKENS_RETURNED, offset=338393768019 ns
        ON_TOKENS_CALLED, generate 1 tokens, offset=339707443195 ns
        ON_TOKENS_RETURNED, offset=339707444135 ns
        ON_TOKENS_CALLED, generate 1 tokens, offset=341024118107 ns
        ON_TOKENS_RETURNED, offset=341024119705 ns
        ON_TOKENS_CALLED, generate 1 tokens, offset=342375384076 ns
        ON_TOKENS_RETURNED, offset=342375385923 ns
        ON_TOKENS_CALLED, generate 1 tokens, offset=343735959904 ns
        ON_TOKENS_RETURNED, offset=343735961299 ns
        ON_TOKENS_CALLED, generate 1 tokens, offset=344998295697 ns
        ON_TOKENS_RETURNED, offset=344998297356 ns
        ON_TOKENS_CALLED, generate 1 tokens, offset=346243246375 ns
        ON_TOKENS_RETURNED, offset=346243248050 ns
        ON_TOKENS_CALLED, generate 1 tokens, offset=347506780864 ns
        ON_TOKENS_RETURNED, offset=347506782280 ns
        ON_TOKENS_CALLED, generate 1 tokens, offset=348798780880 ns
        ON_TOKENS_RETURNED, offset=348798782100 ns
        ON_TOKENS_CALLED, generate 1 tokens, offset=350108243122 ns
        ON_TOKENS_RETURNED, offset=350108244699 ns
        ON_TOKENS_CALLED, generate 1 tokens, offset=351439153726 ns
        ON_TOKENS_RETURNED, offset=351439154980 ns
        ON_TOKENS_CALLED, generate 1 tokens, offset=352785715778 ns
        ON_TOKENS_RETURNED, offset=352785716979 ns
        ON_TOKENS_CALLED, generate 1 tokens, offset=354166497264 ns
        ON_TOKENS_RETURNED, offset=354166499592 ns
        ON_TOKENS_CALLED, generate 1 tokens, offset=355565503812 ns
        ON_TOKENS_RETURNED, offset=355565506284 ns
        ON_TOKENS_CALLED, generate 1 tokens, offset=356824950550 ns
        ON_TOKENS_RETURNED, offset=356824953158 ns
        ON_TOKENS_CALLED, generate 1 tokens, offset=358112418940 ns
        ON_TOKENS_RETURNED, offset=358112420606 ns
        ON_TOKENS_CALLED, generate 1 tokens, offset=359404710874 ns
        ON_TOKENS_RETURNED, offset=359404711998 ns
        ON_TOKENS_CALLED, generate 1 tokens, offset=360727219550 ns
        ON_TOKENS_RETURNED, offset=360727222589 ns
        ON_TOKENS_CALLED, generate 1 tokens, offset=361921319449 ns
        ON_TOKENS_RETURNED, offset=361921371687 ns
        ON_TOKENS_CALLED, generate 1 tokens, offset=363148386445 ns
        ON_TOKENS_RETURNED, offset=363148393059 ns
[16:47:34.094686540|thread 2410600|cpu 247] [debug] #EVT# HandleDetails::is_anomalous() handle_id=49 time in state STATE_OPENED exceeded threshold: 290273497980 ns
[16:47:34.094704782|thread 2410600|cpu 247] [debug] #EVT#   Handle,    49, Created, 758089767492091, Last, 758455356638978, Prompted,  8191, Generated,    64, Input TPS, 28.22, Output TPS:  0.75, Callbacks,    64, prompt parsing complete, open
[16:47:34.094729867|thread 2410600|cpu 247] [info ] #EVT#   Handle 49 history:
        SESSION_OPEN, prompt 8192 tokens, offset=0 ns
        PROMPT_TOKENS_REUSE, offset=290273496718 ns
        ON_START_CALLED, offset=290273497980 ns
        ON_START_RETURNED, offset=290273543275 ns
        ON_TOKENS_CALLED, generate 1 tokens, offset=290273547306 ns
        ON_TOKENS_RETURNED, offset=290273547644 ns
        ON_TOKENS_CALLED, generate 1 tokens, offset=291429026452 ns
        ON_TOKENS_RETURNED, offset=291429028196 ns
        ON_TOKENS_CALLED, generate 1 tokens, offset=292581838746 ns
        ON_TOKENS_RETURNED, offset=292581841324 ns
        ON_TOKENS_CALLED, generate 1 tokens, offset=293564412935 ns
        ON_TOKENS_RETURNED, offset=293564415066 ns
        ON_TOKENS_CALLED, generate 1 tokens, offset=294575664878 ns
        ON_TOKENS_RETURNED, offset=294575668368 ns
        ON_TOKENS_CALLED, generate 1 tokens, offset=295604053186 ns
        ON_TOKENS_RETURNED, offset=295604054296 ns
        ON_TOKENS_CALLED, generate 1 tokens, offset=296652358837 ns
        ON_TOKENS_RETURNED, offset=296652361474 ns
        ON_TOKENS_CALLED, generate 1 tokens, offset=297709895233 ns
        ON_TOKENS_RETURNED, offset=297709896622 ns
        ON_TOKENS_CALLED, generate 1 tokens, offset=298789262127 ns
        ON_TOKENS_RETURNED, offset=298789263691 ns
        ON_TOKENS_CALLED, generate 1 tokens, offset=299881806573 ns
        ON_TOKENS_RETURNED, offset=299881807981 ns
        ON_TOKENS_CALLED, generate 1 tokens, offset=300994902907 ns
        ON_TOKENS_RETURNED, offset=300994904806 ns
        ON_TOKENS_CALLED, generate 1 tokens, offset=302115369595 ns
        ON_TOKENS_RETURNED, offset=302115371870 ns
        ON_TOKENS_CALLED, generate 1 tokens, offset=303142937274 ns
        ON_TOKENS_RETURNED, offset=303142939185 ns
        ON_TOKENS_CALLED, generate 1 tokens, offset=304181902564 ns
        ON_TOKENS_RETURNED, offset=304181904653 ns
        ON_TOKENS_CALLED, generate 1 tokens, offset=305240700168 ns
        ON_TOKENS_RETURNED, offset=305240701633 ns
        ON_TOKENS_CALLED, generate 1 tokens, offset=306310795901 ns
        ON_TOKENS_RETURNED, offset=306310797269 ns
        ON_TOKENS_CALLED, generate 1 tokens, offset=307402101651 ns
        ON_TOKENS_RETURNED, offset=307402103524 ns
        ON_TOKENS_CALLED, generate 1 tokens, offset=308500611134 ns
        ON_TOKENS_RETURNED, offset=308500612258 ns
        ON_TOKENS_CALLED, generate 1 tokens, offset=309629926806 ns
        ON_TOKENS_RETURNED, offset=309629928054 ns
        ON_TOKENS_CALLED, generate 1 tokens, offset=310751165079 ns
        ON_TOKENS_RETURNED, offset=310751166759 ns
        ON_TOKENS_CALLED, generate 1 tokens, offset=311900043865 ns
        ON_TOKENS_RETURNED, offset=311900045391 ns
        ON_TOKENS_CALLED, generate 1 tokens, offset=313061199582 ns
        ON_TOKENS_RETURNED, offset=313061201417 ns
        ON_TOKENS_CALLED, generate 1 tokens, offset=314256942538 ns
        ON_TOKENS_RETURNED, offset=314256943813 ns
        ON_TOKENS_CALLED, generate 1 tokens, offset=315465198493 ns
        ON_TOKENS_RETURNED, offset=315465199816 ns
        ON_TOKENS_CALLED, generate 1 tokens, offset=316560788226 ns
        ON_TOKENS_RETURNED, offset=316560790343 ns
        ON_TOKENS_CALLED, generate 1 tokens, offset=317677503224 ns
        ON_TOKENS_RETURNED, offset=317677504357 ns
        ON_TOKENS_CALLED, generate 1 tokens, offset=318804944003 ns
        ON_TOKENS_RETURNED, offset=318804945472 ns
        ON_TOKENS_CALLED, generate 1 tokens, offset=319960045728 ns
        ON_TOKENS_RETURNED, offset=319960047093 ns
        ON_TOKENS_CALLED, generate 1 tokens, offset=321121122014 ns
        ON_TOKENS_RETURNED, offset=321121123018 ns
        ON_TOKENS_CALLED, generate 1 tokens, offset=322309056462 ns
        ON_TOKENS_RETURNED, offset=322309058069 ns
        ON_TOKENS_CALLED, generate 1 tokens, offset=323513721679 ns
        ON_TOKENS_RETURNED, offset=323513723651 ns
        ON_TOKENS_CALLED, generate 1 tokens, offset=324740342261 ns
        ON_TOKENS_RETURNED, offset=324740345110 ns
        ON_TOKENS_CALLED, generate 1 tokens, offset=325971755152 ns
        ON_TOKENS_RETURNED, offset=325971759419 ns
        ON_TOKENS_CALLED, generate 1 tokens, offset=327241903490 ns
        ON_TOKENS_RETURNED, offset=327241905193 ns
        ON_TOKENS_CALLED, generate 1 tokens, offset=328523360756 ns
        ON_TOKENS_RETURNED, offset=328523363032 ns
        ON_TOKENS_CALLED, generate 1 tokens, offset=329823090393 ns
        ON_TOKENS_RETURNED, offset=329823092931 ns
        ON_TOKENS_CALLED, generate 1 tokens, offset=330971142756 ns
        ON_TOKENS_RETURNED, offset=330971143775 ns
        ON_TOKENS_CALLED, generate 1 tokens, offset=332157575436 ns
        ON_TOKENS_RETURNED, offset=332157576424 ns
        ON_TOKENS_CALLED, generate 1 tokens, offset=333363610699 ns
        ON_TOKENS_RETURNED, offset=333363612174 ns
        ON_TOKENS_CALLED, generate 1 tokens, offset=334594279637 ns
        ON_TOKENS_RETURNED, offset=334594280615 ns
        ON_TOKENS_CALLED, generate 1 tokens, offset=335838874333 ns
        ON_TOKENS_RETURNED, offset=335838876780 ns
        ON_TOKENS_CALLED, generate 1 tokens, offset=337109594125 ns
        ON_TOKENS_RETURNED, offset=337109595373 ns
        ON_TOKENS_CALLED, generate 1 tokens, offset=338393761432 ns
        ON_TOKENS_RETURNED, offset=338393763234 ns
        ON_TOKENS_CALLED, generate 1 tokens, offset=339707429372 ns
        ON_TOKENS_RETURNED, offset=339707431240 ns
        ON_TOKENS_CALLED, generate 1 tokens, offset=341024098123 ns
        ON_TOKENS_RETURNED, offset=341024099755 ns
        ON_TOKENS_CALLED, generate 1 tokens, offset=342375375225 ns
        ON_TOKENS_RETURNED, offset=342375377824 ns
        ON_TOKENS_CALLED, generate 1 tokens, offset=343735952750 ns
        ON_TOKENS_RETURNED, offset=343735954077 ns
        ON_TOKENS_CALLED, generate 1 tokens, offset=344998285325 ns
        ON_TOKENS_RETURNED, offset=344998286876 ns
        ON_TOKENS_CALLED, generate 1 tokens, offset=346243235295 ns
        ON_TOKENS_RETURNED, offset=346243236947 ns
        ON_TOKENS_CALLED, generate 1 tokens, offset=347506771401 ns
        ON_TOKENS_RETURNED, offset=347506772840 ns
        ON_TOKENS_CALLED, generate 1 tokens, offset=348798765654 ns
        ON_TOKENS_RETURNED, offset=348798766960 ns
        ON_TOKENS_CALLED, generate 1 tokens, offset=350108229404 ns
        ON_TOKENS_RETURNED, offset=350108232032 ns
        ON_TOKENS_CALLED, generate 1 tokens, offset=351439143606 ns
        ON_TOKENS_RETURNED, offset=351439144823 ns
        ON_TOKENS_CALLED, generate 1 tokens, offset=352785700593 ns
        ON_TOKENS_RETURNED, offset=352785703128 ns
        ON_TOKENS_CALLED, generate 1 tokens, offset=354166484742 ns
        ON_TOKENS_RETURNED, offset=354166486112 ns
        ON_TOKENS_CALLED, generate 1 tokens, offset=355565493069 ns
        ON_TOKENS_RETURNED, offset=355565494047 ns
        ON_TOKENS_CALLED, generate 1 tokens, offset=356824934399 ns
        ON_TOKENS_RETURNED, offset=356824936023 ns
        ON_TOKENS_CALLED, generate 1 tokens, offset=358112411469 ns
        ON_TOKENS_RETURNED, offset=358112412237 ns
        ON_TOKENS_CALLED, generate 1 tokens, offset=359404699455 ns
        ON_TOKENS_RETURNED, offset=359404701842 ns
        ON_TOKENS_CALLED, generate 1 tokens, offset=360727214218 ns
        ON_TOKENS_RETURNED, offset=360727215534 ns
        ON_TOKENS_CALLED, generate 1 tokens, offset=361921308745 ns
        ON_TOKENS_RETURNED, offset=361921310931 ns
        ON_TOKENS_CALLED, generate 1 tokens, offset=363148375889 ns
        ON_TOKENS_RETURNED, offset=363148378124 ns
        ON_TOKENS_CALLED, generate 1 tokens, offset=364358348138 ns
        ON_TOKENS_RETURNED, offset=364358384931 ns
        ON_TOKENS_CALLED, generate 1 tokens, offset=365589141932 ns
        ON_TOKENS_RETURNED, offset=365589146887 ns
[16:47:34.959339710|thread 2410572|cpu 247] [info ] [Request 7] Generating 61 response tokens with 8193 context took 73.462750 s at 0.830 average tok/s, or 1204.307 ms/tok
[16:47:34.959359071|thread 2410572|cpu 247] [info ] [Request 7] Request with 8192 tokens in and 64 out (sequence limit) saw 302.119012 s TTFT and 376.609332 s TTLT
[16:47:36.348199346|thread 2410600|cpu 247] [debug] #EVT# HandleDetails::is_anomalous() handle_id=52 time in state STATE_OPENED exceeded threshold: 292581801869 ns
[16:47:36.348228213|thread 2410600|cpu 247] [debug] #EVT#   Handle,    52, Created, 758089767528768, Last, 758457556928045, Prompted,  8191, Generated,    64, Input TPS, 28.00, Output TPS:  0.75, Callbacks,    64, prompt parsing complete, open
[16:47:36.348247563|thread 2410600|cpu 247] [info ] #EVT#   Handle 52 history:
        SESSION_OPEN, prompt 8192 tokens, offset=0 ns
        PROMPT_TOKENS_REUSE, offset=292581800000 ns
        ON_START_CALLED, offset=292581801869 ns
        ON_START_RETURNED, offset=292581823565 ns
        ON_TOKENS_CALLED, generate 1 tokens, offset=292581827223 ns
        ON_TOKENS_RETURNED, offset=292581827590 ns
        ON_TOKENS_CALLED, generate 1 tokens, offset=293564376657 ns
        ON_TOKENS_RETURNED, offset=293564378874 ns
        ON_TOKENS_CALLED, generate 1 tokens, offset=294575625081 ns
        ON_TOKENS_RETURNED, offset=294575627279 ns
        ON_TOKENS_CALLED, generate 1 tokens, offset=295604017114 ns
        ON_TOKENS_RETURNED, offset=295604017959 ns
        ON_TOKENS_CALLED, generate 1 tokens, offset=296652324038 ns
        ON_TOKENS_RETURNED, offset=296652326409 ns
        ON_TOKENS_CALLED, generate 1 tokens, offset=297709858105 ns
        ON_TOKENS_RETURNED, offset=297709859365 ns
        ON_TOKENS_CALLED, generate 1 tokens, offset=298789235882 ns
        ON_TOKENS_RETURNED, offset=298789236921 ns
        ON_TOKENS_CALLED, generate 1 tokens, offset=299881758616 ns
        ON_TOKENS_RETURNED, offset=299881760070 ns
        ON_TOKENS_CALLED, generate 1 tokens, offset=300994867256 ns
        ON_TOKENS_RETURNED, offset=300994869567 ns
        ON_TOKENS_CALLED, generate 1 tokens, offset=302115333953 ns
        ON_TOKENS_RETURNED, offset=302115336573 ns
        ON_TOKENS_CALLED, generate 1 tokens, offset=303142901840 ns
        ON_TOKENS_RETURNED, offset=303142903520 ns
        ON_TOKENS_CALLED, generate 1 tokens, offset=304181866736 ns
        ON_TOKENS_RETURNED, offset=304181868333 ns
        ON_TOKENS_CALLED, generate 1 tokens, offset=305240662076 ns
        ON_TOKENS_RETURNED, offset=305240663079 ns
        ON_TOKENS_CALLED, generate 1 tokens, offset=306310763020 ns
        ON_TOKENS_RETURNED, offset=306310764675 ns
        ON_TOKENS_CALLED, generate 1 tokens, offset=307402065537 ns
        ON_TOKENS_RETURNED, offset=307402067241 ns
        ON_TOKENS_CALLED, generate 1 tokens, offset=308500573637 ns
        ON_TOKENS_RETURNED, offset=308500574610 ns
        ON_TOKENS_CALLED, generate 1 tokens, offset=309629891586 ns
        ON_TOKENS_RETURNED, offset=309629895924 ns
        ON_TOKENS_CALLED, generate 1 tokens, offset=310751128917 ns
        ON_TOKENS_RETURNED, offset=310751130550 ns
        ON_TOKENS_CALLED, generate 1 tokens, offset=311900004586 ns
        ON_TOKENS_RETURNED, offset=311900005892 ns
        ON_TOKENS_CALLED, generate 1 tokens, offset=313061174067 ns
        ON_TOKENS_RETURNED, offset=313061175698 ns
        ON_TOKENS_CALLED, generate 1 tokens, offset=314256905224 ns
        ON_TOKENS_RETURNED, offset=314256906913 ns
        ON_TOKENS_CALLED, generate 1 tokens, offset=315465165497 ns
        ON_TOKENS_RETURNED, offset=315465168515 ns
        ON_TOKENS_CALLED, generate 1 tokens, offset=316560750480 ns
        ON_TOKENS_RETURNED, offset=316560753108 ns
        ON_TOKENS_CALLED, generate 1 tokens, offset=317677467693 ns
        ON_TOKENS_RETURNED, offset=317677469439 ns
        ON_TOKENS_CALLED, generate 1 tokens, offset=318804910523 ns
        ON_TOKENS_RETURNED, offset=318804912336 ns
        ON_TOKENS_CALLED, generate 1 tokens, offset=319960016792 ns
        ON_TOKENS_RETURNED, offset=319960018220 ns
        ON_TOKENS_CALLED, generate 1 tokens, offset=321121094007 ns
        ON_TOKENS_RETURNED, offset=321121095034 ns
        ON_TOKENS_CALLED, generate 1 tokens, offset=322309021930 ns
        ON_TOKENS_RETURNED, offset=322309025382 ns
        ON_TOKENS_CALLED, generate 1 tokens, offset=323513689544 ns
        ON_TOKENS_RETURNED, offset=323513691737 ns
        ON_TOKENS_CALLED, generate 1 tokens, offset=324740299130 ns
        ON_TOKENS_RETURNED, offset=324740301888 ns
        ON_TOKENS_CALLED, generate 1 tokens, offset=325971718932 ns
        ON_TOKENS_RETURNED, offset=325971721412 ns
        ON_TOKENS_CALLED, generate 1 tokens, offset=327241867709 ns
        ON_TOKENS_RETURNED, offset=327241868991 ns
        ON_TOKENS_CALLED, generate 1 tokens, offset=328523317966 ns
        ON_TOKENS_RETURNED, offset=328523321715 ns
        ON_TOKENS_CALLED, generate 1 tokens, offset=329823055989 ns
        ON_TOKENS_RETURNED, offset=329823056982 ns
        ON_TOKENS_CALLED, generate 1 tokens, offset=330971112518 ns
        ON_TOKENS_RETURNED, offset=330971114459 ns
        ON_TOKENS_CALLED, generate 1 tokens, offset=332157531855 ns
        ON_TOKENS_RETURNED, offset=332157533709 ns
        ON_TOKENS_CALLED, generate 1 tokens, offset=333363586484 ns
        ON_TOKENS_RETURNED, offset=333363588349 ns
        ON_TOKENS_CALLED, generate 1 tokens, offset=334594244562 ns
        ON_TOKENS_RETURNED, offset=334594245816 ns
        ON_TOKENS_CALLED, generate 1 tokens, offset=335838839930 ns
        ON_TOKENS_RETURNED, offset=335838842598 ns
        ON_TOKENS_CALLED, generate 1 tokens, offset=337109553574 ns
        ON_TOKENS_RETURNED, offset=337109555509 ns
        ON_TOKENS_CALLED, generate 1 tokens, offset=338393720205 ns
        ON_TOKENS_RETURNED, offset=338393721573 ns
        ON_TOKENS_CALLED, generate 1 tokens, offset=339707400799 ns
        ON_TOKENS_RETURNED, offset=339707401573 ns
        ON_TOKENS_CALLED, generate 1 tokens, offset=341024063659 ns
        ON_TOKENS_RETURNED, offset=341024064882 ns
        ON_TOKENS_CALLED, generate 1 tokens, offset=342375340806 ns
        ON_TOKENS_RETURNED, offset=342375341638 ns
        ON_TOKENS_CALLED, generate 1 tokens, offset=343735913061 ns
        ON_TOKENS_RETURNED, offset=343735915790 ns
        ON_TOKENS_CALLED, generate 1 tokens, offset=344998254610 ns
        ON_TOKENS_RETURNED, offset=344998255864 ns
        ON_TOKENS_CALLED, generate 1 tokens, offset=346243200679 ns
        ON_TOKENS_RETURNED, offset=346243202282 ns
        ON_TOKENS_CALLED, generate 1 tokens, offset=347506739182 ns
        ON_TOKENS_RETURNED, offset=347506740084 ns
        ON_TOKENS_CALLED, generate 1 tokens, offset=348798727174 ns
        ON_TOKENS_RETURNED, offset=348798728967 ns
        ON_TOKENS_CALLED, generate 1 tokens, offset=350108196681 ns
        ON_TOKENS_RETURNED, offset=350108198304 ns
        ON_TOKENS_CALLED, generate 1 tokens, offset=351439107528 ns
        ON_TOKENS_RETURNED, offset=351439109246 ns
        ON_TOKENS_CALLED, generate 1 tokens, offset=352785672894 ns
        ON_TOKENS_RETURNED, offset=352785674944 ns
        ON_TOKENS_CALLED, generate 1 tokens, offset=354166448939 ns
        ON_TOKENS_RETURNED, offset=354166451815 ns
        ON_TOKENS_CALLED, generate 1 tokens, offset=355565459272 ns
        ON_TOKENS_RETURNED, offset=355565461476 ns
        ON_TOKENS_CALLED, generate 1 tokens, offset=356824898413 ns
        ON_TOKENS_RETURNED, offset=356824899562 ns
        ON_TOKENS_CALLED, generate 1 tokens, offset=358112368138 ns
        ON_TOKENS_RETURNED, offset=358112370243 ns
        ON_TOKENS_CALLED, generate 1 tokens, offset=359404674202 ns
        ON_TOKENS_RETURNED, offset=359404676134 ns
        ON_TOKENS_CALLED, generate 1 tokens, offset=360727174504 ns
        ON_TOKENS_RETURNED, offset=360727176981 ns
        ON_TOKENS_CALLED, generate 1 tokens, offset=361921276966 ns
        ON_TOKENS_RETURNED, offset=361921278750 ns
        ON_TOKENS_CALLED, generate 1 tokens, offset=363148340324 ns
        ON_TOKENS_RETURNED, offset=363148342072 ns
        ON_TOKENS_CALLED, generate 1 tokens, offset=364358312387 ns
        ON_TOKENS_RETURNED, offset=364358314597 ns
        ON_TOKENS_CALLED, generate 1 tokens, offset=365589111993 ns
        ON_TOKENS_RETURNED, offset=365589114334 ns
        ON_TOKENS_CALLED, generate 1 tokens, offset=366676837449 ns
        ON_TOKENS_RETURNED, offset=366676861043 ns
        ON_TOKENS_CALLED, generate 1 tokens, offset=367789393959 ns
        ON_TOKENS_RETURNED, offset=367789399277 ns
[16:47:38.304605860|thread 2410599|cpu 247] [info ] KV cache footprint: 58.25 GB in 266 books
[16:47:40.634285704|thread 2410579|cpu 247] [info ] [Request 50] Parsing the prompt took 382.280630723 s at 21.429283467767196 tokens/s
[16:47:46.206887814|thread 2410600|cpu 247] [debug] #EVT# HandleDetails::is_anomalous() handle_id=7 time in state STATE_OPENED exceeded threshold: 302119004869 ns
[16:47:46.206933168|thread 2410600|cpu 247] [debug] #EVT#   Handle,     7, Created, 758089763857047, Last, 758467487817081, Prompted,  8192, Generated,    64, Input TPS, 27.12, Output TPS:  0.75, Callbacks,    64, prompt parsing complete, open
[16:47:46.206963570|thread 2410600|cpu 247] [info ] #EVT#   Handle 7 history:
        SESSION_OPEN, prompt 8192 tokens, offset=0 ns
        PROMPT_TOKENS_REUSE, offset=302119003324 ns
        ON_START_CALLED, offset=302119004869 ns
        ON_START_RETURNED, offset=302119033534 ns
        ON_TOKENS_CALLED, generate 1 tokens, offset=302119037403 ns
        ON_TOKENS_RETURNED, offset=302119038742 ns
        ON_TOKENS_CALLED, generate 1 tokens, offset=303146574609 ns
        ON_TOKENS_RETURNED, offset=303146577361 ns
        ON_TOKENS_CALLED, generate 1 tokens, offset=304185539969 ns
        ON_TOKENS_RETURNED, offset=304185541980 ns
        ON_TOKENS_CALLED, generate 1 tokens, offset=305244332285 ns
        ON_TOKENS_RETURNED, offset=305244333642 ns
        ON_TOKENS_CALLED, generate 1 tokens, offset=306314429955 ns
        ON_TOKENS_RETURNED, offset=306314432969 ns
        ON_TOKENS_CALLED, generate 1 tokens, offset=307405733016 ns
        ON_TOKENS_RETURNED, offset=307405733985 ns
        ON_TOKENS_CALLED, generate 1 tokens, offset=308504246439 ns
        ON_TOKENS_RETURNED, offset=308504247498 ns
        ON_TOKENS_CALLED, generate 1 tokens, offset=309633564746 ns
        ON_TOKENS_RETURNED, offset=309633565682 ns
        ON_TOKENS_CALLED, generate 1 tokens, offset=310754802462 ns
        ON_TOKENS_RETURNED, offset=310754805197 ns
        ON_TOKENS_CALLED, generate 1 tokens, offset=311903678583 ns
        ON_TOKENS_RETURNED, offset=311903680131 ns
        ON_TOKENS_CALLED, generate 1 tokens, offset=313064843668 ns
        ON_TOKENS_RETURNED, offset=313064844631 ns
        ON_TOKENS_CALLED, generate 1 tokens, offset=314260579340 ns
        ON_TOKENS_RETURNED, offset=314260580280 ns
        ON_TOKENS_CALLED, generate 1 tokens, offset=315468838593 ns
        ON_TOKENS_RETURNED, offset=315468840742 ns
        ON_TOKENS_CALLED, generate 1 tokens, offset=316564422023 ns
        ON_TOKENS_RETURNED, offset=316564423014 ns
        ON_TOKENS_CALLED, generate 1 tokens, offset=317681139999 ns
        ON_TOKENS_RETURNED, offset=317681141913 ns
        ON_TOKENS_CALLED, generate 1 tokens, offset=318808588352 ns
        ON_TOKENS_RETURNED, offset=318808589135 ns
        ON_TOKENS_CALLED, generate 1 tokens, offset=319963682710 ns
        ON_TOKENS_RETURNED, offset=319963683927 ns
        ON_TOKENS_CALLED, generate 1 tokens, offset=321124761157 ns
        ON_TOKENS_RETURNED, offset=321124761793 ns
        ON_TOKENS_CALLED, generate 1 tokens, offset=322312694293 ns
        ON_TOKENS_RETURNED, offset=322312695391 ns
        ON_TOKENS_CALLED, generate 1 tokens, offset=323517360992 ns
        ON_TOKENS_RETURNED, offset=323517361941 ns
        ON_TOKENS_CALLED, generate 1 tokens, offset=324743972401 ns
        ON_TOKENS_RETURNED, offset=324743973498 ns
        ON_TOKENS_CALLED, generate 1 tokens, offset=325975394074 ns
        ON_TOKENS_RETURNED, offset=325975394725 ns
        ON_TOKENS_CALLED, generate 1 tokens, offset=327245541095 ns
        ON_TOKENS_RETURNED, offset=327245542198 ns
        ON_TOKENS_CALLED, generate 1 tokens, offset=328526997364 ns
        ON_TOKENS_RETURNED, offset=328526998497 ns
        ON_TOKENS_CALLED, generate 1 tokens, offset=329826734656 ns
        ON_TOKENS_RETURNED, offset=329826735441 ns
        ON_TOKENS_CALLED, generate 1 tokens, offset=330974782806 ns
        ON_TOKENS_RETURNED, offset=330974784527 ns
        ON_TOKENS_CALLED, generate 1 tokens, offset=332161204089 ns
        ON_TOKENS_RETURNED, offset=332161204825 ns
        ON_TOKENS_CALLED, generate 1 tokens, offset=333367249601 ns
        ON_TOKENS_RETURNED, offset=333367251049 ns
        ON_TOKENS_CALLED, generate 1 tokens, offset=334597920436 ns
        ON_TOKENS_RETURNED, offset=334597921793 ns
        ON_TOKENS_CALLED, generate 1 tokens, offset=335842512764 ns
        ON_TOKENS_RETURNED, offset=335842515112 ns
        ON_TOKENS_CALLED, generate 1 tokens, offset=337113222832 ns
        ON_TOKENS_RETURNED, offset=337113223932 ns
        ON_TOKENS_CALLED, generate 1 tokens, offset=338397398939 ns
        ON_TOKENS_RETURNED, offset=338397400164 ns
        ON_TOKENS_CALLED, generate 1 tokens, offset=339711064807 ns
        ON_TOKENS_RETURNED, offset=339711067022 ns
        ON_TOKENS_CALLED, generate 1 tokens, offset=341027745431 ns
        ON_TOKENS_RETURNED, offset=341027747022 ns
        ON_TOKENS_CALLED, generate 1 tokens, offset=342379011364 ns
        ON_TOKENS_RETURNED, offset=342379012308 ns
        ON_TOKENS_CALLED, generate 1 tokens, offset=343739591641 ns
        ON_TOKENS_RETURNED, offset=343739593010 ns
        ON_TOKENS_CALLED, generate 1 tokens, offset=345001924508 ns
        ON_TOKENS_RETURNED, offset=345001925352 ns
        ON_TOKENS_CALLED, generate 1 tokens, offset=346246873362 ns
        ON_TOKENS_RETURNED, offset=346246874350 ns
        ON_TOKENS_CALLED, generate 1 tokens, offset=347510408398 ns
        ON_TOKENS_RETURNED, offset=347510409355 ns
        ON_TOKENS_CALLED, generate 1 tokens, offset=348802395282 ns
        ON_TOKENS_RETURNED, offset=348802396568 ns
        ON_TOKENS_CALLED, generate 1 tokens, offset=350111868922 ns
        ON_TOKENS_RETURNED, offset=350111870213 ns
        ON_TOKENS_CALLED, generate 1 tokens, offset=351442782816 ns
        ON_TOKENS_RETURNED, offset=351442784203 ns
        ON_TOKENS_CALLED, generate 1 tokens, offset=352789345063 ns
        ON_TOKENS_RETURNED, offset=352789346464 ns
        ON_TOKENS_CALLED, generate 1 tokens, offset=354170122469 ns
        ON_TOKENS_RETURNED, offset=354170124086 ns
        ON_TOKENS_CALLED, generate 1 tokens, offset=355569132906 ns
        ON_TOKENS_RETURNED, offset=355569134067 ns
        ON_TOKENS_CALLED, generate 1 tokens, offset=356828576612 ns
        ON_TOKENS_RETURNED, offset=356828578014 ns
        ON_TOKENS_CALLED, generate 1 tokens, offset=358116042363 ns
        ON_TOKENS_RETURNED, offset=358116043627 ns
        ON_TOKENS_CALLED, generate 1 tokens, offset=359408337324 ns
        ON_TOKENS_RETURNED, offset=359408338309 ns
        ON_TOKENS_CALLED, generate 1 tokens, offset=360730852463 ns
        ON_TOKENS_RETURNED, offset=360730854630 ns
        ON_TOKENS_CALLED, generate 1 tokens, offset=361924947376 ns
        ON_TOKENS_RETURNED, offset=361924949861 ns
        ON_TOKENS_CALLED, generate 1 tokens, offset=363152014167 ns
        ON_TOKENS_RETURNED, offset=363152016823 ns
        ON_TOKENS_CALLED, generate 1 tokens, offset=364361985398 ns
        ON_TOKENS_RETURNED, offset=364361986676 ns
        ON_TOKENS_CALLED, generate 1 tokens, offset=365592779785 ns
        ON_TOKENS_RETURNED, offset=365592781009 ns
        ON_TOKENS_CALLED, generate 1 tokens, offset=366680509771 ns
        ON_TOKENS_RETURNED, offset=366680512004 ns
        ON_TOKENS_CALLED, generate 1 tokens, offset=367793069520 ns
        ON_TOKENS_RETURNED, offset=367793070347 ns
        ON_TOKENS_CALLED, generate 1 tokens, offset=368893405159 ns
        ON_TOKENS_RETURNED, offset=368893405982 ns
        ON_TOKENS_CALLED, generate 1 tokens, offset=370012035734 ns
        ON_TOKENS_RETURNED, offset=370012037684 ns
        ON_TOKENS_CALLED, generate 1 tokens, offset=371140746993 ns
        ON_TOKENS_RETURNED, offset=371140750147 ns
        ON_TOKENS_CALLED, generate 1 tokens, offset=372295859745 ns
        ON_TOKENS_RETURNED, offset=372295862377 ns
        ON_TOKENS_CALLED, generate 1 tokens, offset=373342816914 ns
        ON_TOKENS_RETURNED, offset=373342817997 ns
        ON_TOKENS_CALLED, generate 1 tokens, offset=374417139473 ns
        ON_TOKENS_RETURNED, offset=374417140824 ns
        ON_TOKENS_CALLED, generate 1 tokens, offset=375502295281 ns
        ON_TOKENS_RETURNED, offset=375502297677 ns
        ON_TOKENS_CALLED, generate 1 tokens, offset=376609324695 ns
        ON_TOKENS_RETURNED, offset=376609352925 ns
        ON_TOKENS_CALLED, generate 1 tokens, offset=377723950664 ns
        ON_TOKENS_RETURNED, offset=377723960034 ns
[16:47:47.197794910|thread 2410599|cpu 247] [info ] KV cache footprint: 59.34 GB in 271 books
[16:47:48.358899069|thread 2410572|cpu 247] [info ] [Request 13] Generating 61 response tokens with 8193 context took 73.444454 s at 0.831 average tok/s, or 1204.007 ms/tok
[16:47:48.358935423|thread 2410572|cpu 247] [info ] [Request 13] Request with 8192 tokens in and 64 out (sequence limit) saw 315.468777 s TTFT and 390.008820 s TTLT
[16:47:53.176322224|thread 2410579|cpu 247] [info ] [Request 59] Parsing the prompt took 394.822485625 s at 20.748564983658788 tokens/s
[16:47:57.741292279|thread 2410599|cpu 247] [info ] KV cache footprint: 60.44 GB in 276 books
[16:48:02.612142094|thread 2410572|cpu 247] [info ] [Request 17] Generating 61 response tokens with 8193 context took 73.287339 s at 0.832 average tok/s, or 1201.432 ms/tok
[16:48:02.612175859|thread 2410572|cpu 247] [info ] [Request 17] Request with 8192 tokens in and 64 out (sequence limit) saw 329.826624 s TTFT and 404.262016 s TTLT
[16:48:06.446293532|thread 2410579|cpu 247] [info ] [Request 62] Parsing the prompt took 408.09235946 s at 20.0738872220982 tokens/s
[16:48:07.632986429|thread 2410599|cpu 247] [info ] KV cache footprint: 61.54 GB in 281 books
[16:48:15.141881839|thread 2410599|cpu 247] [info ] KV cache footprint: 62.64 GB in 286 books
[16:48:16.459661601|thread 2410572|cpu 247] [info ] [Request 20] Generating 61 response tokens with 8193 context took 73.107714 s at 0.834 average tok/s, or 1198.487 ms/tok
[16:48:16.459694365|thread 2410572|cpu 247] [info ] [Request 20] Request with 8192 tokens in and 64 out (sequence limit) saw 343.736360 s TTFT and 418.106401 s TTLT
[16:48:17.792533110|thread 2410580|cpu 247] [info ] [Request 8] Parsing the prompt took 419.442513588 s at 19.530685933392633 tokens/s
[16:48:26.563261351|thread 2410599|cpu 247] [info ] KV cache footprint: 63.77 GB in 292 books
[16:48:27.910678127|thread 2410572|cpu 247] [info ] [Request 28] Generating 61 response tokens with 8193 context took 72.732082 s at 0.839 average tok/s, or 1192.329 ms/tok
[16:48:27.910712280|thread 2410572|cpu 247] [info ] [Request 28] Request with 8192 tokens in and 64 out (sequence limit) saw 355.565787 s TTFT and 429.557304 s TTLT
[16:48:27.910680530|thread 2410580|cpu 247] [info ] [Request 54] Parsing the prompt took 429.556979644 s at 19.070811063969227 tokens/s
[16:48:32.864438513|thread 2410572|cpu 247] [info ] [Request 34] Generating 61 response tokens with 8193 context took 72.589466 s at 0.840 average tok/s, or 1189.991 ms/tok
[16:48:32.864466816|thread 2410572|cpu 247] [info ] [Request 34] Request with 8192 tokens in and 64 out (sequence limit) saw 360.727402 s TTFT and 434.510972 s TTLT
[16:48:34.149410976|thread 2410580|cpu 247] [info ] [Request 9] Parsing the prompt took 435.799382499 s at 18.797640219278644 tokens/s
[16:48:36.497501487|thread 2410599|cpu 247] [info ] KV cache footprint: 64.94 GB in 298 books
[16:48:37.699271342|thread 2410572|cpu 247] [info ] [Request 35] Generating 61 response tokens with 8193 context took 72.668729 s at 0.839 average tok/s, or 1191.291 ms/tok
[16:48:37.699300139|thread 2410572|cpu 247] [info ] [Request 35] Request with 8192 tokens in and 64 out (sequence limit) saw 365.589323 s TTFT and 439.345790 s TTLT
[16:48:41.323879335|thread 2410579|cpu 247] [info ] [Request 10] Parsing the prompt took 442.973837142 s at 18.493191500548974 tokens/s
[16:48:44.735967241|thread 2410572|cpu 247] [info ] [Request 45] Generating 61 response tokens with 8193 context took 73.043131 s at 0.835 average tok/s, or 1197.428 ms/tok
[16:48:44.735995643|thread 2410572|cpu 247] [info ] [Request 45] Request with 8192 tokens in and 64 out (sequence limit) saw 372.292288 s TTFT and 446.382370 s TTLT
[16:48:44.736177702|thread 2410599|cpu 247] [info ] KV cache footprint: 65.96 GB in 303 books
[16:48:49.435721035|thread 2410579|cpu 247] [info ] [Request 11] Parsing the prompt took 451.085669098 s at 18.160630144559654 tokens/s
[16:48:55.031481693|thread 2410572|cpu 247] [info ] [Request 50] Generating 61 response tokens with 8193 context took 73.346396 s at 0.832 average tok/s, or 1202.400 ms/tok
[16:48:55.031510910|thread 2410572|cpu 247] [info ] [Request 50] Request with 8192 tokens in and 64 out (sequence limit) saw 382.280631 s TTFT and 456.677824 s TTLT
[16:48:55.031686454|thread 2410599|cpu 247] [info ] KV cache footprint: 67.06 GB in 308 books
[16:48:59.790076996|thread 2410579|cpu 247] [info ] [Request 16] Parsing the prompt took 461.439964635 s at 17.753122026350468 tokens/s
[16:49:04.312408827|thread 2410599|cpu 247] [info ] KV cache footprint: 68.16 GB in 313 books
[16:49:07.889466340|thread 2410572|cpu 247] [info ] [Request 59] Generating 61 response tokens with 8193 context took 73.603632 s at 0.829 average tok/s, or 1206.617 ms/tok
[16:49:07.889510159|thread 2410572|cpu 247] [info ] [Request 59] Request with 8192 tokens in and 64 out (sequence limit) saw 394.822486 s TTFT and 469.535623 s TTLT
[16:49:11.618063631|thread 2410579|cpu 247] [info ] [Request 18] Parsing the prompt took 473.267929772 s at 17.30943401118802 tokens/s
[16:49:15.076365463|thread 2410599|cpu 247] [info ] KV cache footprint: 69.26 GB in 318 books
[16:49:21.242761813|thread 2410572|cpu 247] [info ] [Request 62] Generating 61 response tokens with 8193 context took 73.610178 s at 0.829 average tok/s, or 1206.724 ms/tok
[16:49:21.242811680|thread 2410572|cpu 247] [info ] [Request 62] Request with 8192 tokens in and 64 out (sequence limit) saw 408.092359 s TTFT and 482.888823 s TTLT
[16:49:23.839158882|thread 2410579|cpu 247] [info ] [Request 22] Parsing the prompt took 485.485859476 s at 16.873817929201646 tokens/s
[16:49:23.839361720|thread 2410599|cpu 247] [info ] KV cache footprint: 70.36 GB in 323 books
[16:49:32.495385990|thread 2410572|cpu 247] [info ] [Request 8] Generating 61 response tokens with 8193 context took 73.513940 s at 0.830 average tok/s, or 1205.147 ms/tok
[16:49:32.495442311|thread 2410572|cpu 247] [info ] [Request 8] Request with 8192 tokens in and 64 out (sequence limit) saw 419.442514 s TTFT and 494.145360 s TTLT
[16:49:33.806485188|thread 2410599|cpu 247] [info ] KV cache footprint: 71.46 GB in 328 books
[16:49:35.110072561|thread 2410579|cpu 247] [info ] [Request 25] Parsing the prompt took 496.756742345 s at 16.49096892239183 tokens/s
[16:49:42.609967730|thread 2410572|cpu 247] [info ] [Request 54] Generating 61 response tokens with 8193 context took 73.481600 s at 0.830 average tok/s, or 1204.616 ms/tok
[16:49:42.610002860|thread 2410572|cpu 247] [info ] [Request 54] Request with 8192 tokens in and 64 out (sequence limit) saw 429.556980 s TTFT and 504.256261 s TTLT
[16:49:42.610548570|thread 2410599|cpu 247] [info ] KV cache footprint: 72.55 GB in 333 books
[16:49:43.929104245|thread 2410580|cpu 247] [info ] [Request 27] Parsing the prompt took 505.575744765 s at 16.203308969673333 tokens/s
[16:49:48.722985582|thread 2410572|cpu 247] [info ] [Request 9] Generating 61 response tokens with 8193 context took 73.398530 s at 0.831 average tok/s, or 1203.255 ms/tok
[16:49:48.723010321|thread 2410572|cpu 247] [info ] [Request 9] Request with 8192 tokens in and 64 out (sequence limit) saw 435.799382 s TTFT and 510.372954 s TTLT
[16:49:51.226050600|thread 2410579|cpu 247] [info ] [Request 60] Parsing the prompt took 512.872180424 s at 15.972790712156655 tokens/s
[16:49:53.492716743|thread 2410599|cpu 247] [info ] KV cache footprint: 73.65 GB in 338 books
[16:49:55.845882159|thread 2410572|cpu 247] [info ] [Request 10] Generating 61 response tokens with 8193 context took 73.397130 s at 0.831 average tok/s, or 1203.232 ms/tok
[16:49:55.845913026|thread 2410572|cpu 247] [info ] [Request 10] Request with 8192 tokens in and 64 out (sequence limit) saw 442.973837 s TTFT and 517.495837 s TTLT
[16:49:59.467275612|thread 2410579|cpu 247] [info ] [Request 31] Parsing the prompt took 521.11385744 s at 15.720173016015432 tokens/s
[16:50:02.845393196|thread 2410599|cpu 247] [info ] KV cache footprint: 74.75 GB in 343 books
[16:50:04.009632022|thread 2410572|cpu 247] [info ] [Request 11] Generating 61 response tokens with 8193 context took 73.490799 s at 0.830 average tok/s, or 1204.767 ms/tok
[16:50:04.009661700|thread 2410572|cpu 247] [info ] [Request 11] Request with 8192 tokens in and 64 out (sequence limit) saw 451.085669 s TTFT and 525.659578 s TTLT
[16:50:07.571038618|thread 2410579|cpu 247] [info ] [Request 37] Parsing the prompt took 529.217538454 s at 15.479456754081205 tokens/s
[16:50:11.998725725|thread 2410599|cpu 247] [info ] KV cache footprint: 75.85 GB in 348 books
[16:50:14.310937296|thread 2410572|cpu 247] [info ] [Request 16] Generating 61 response tokens with 8193 context took 73.418991 s at 0.831 average tok/s, or 1203.590 ms/tok
[16:50:14.310971350|thread 2410572|cpu 247] [info ] [Request 16] Request with 8192 tokens in and 64 out (sequence limit) saw 461.439965 s TTFT and 535.960821 s TTLT
[16:50:19.149430765|thread 2410579|cpu 247] [info ] [Request 40] Parsing the prompt took 540.79589581 s at 15.14804395423542 tokens/s
[16:50:21.405853902|thread 2410599|cpu 247] [info ] KV cache footprint: 76.95 GB in 353 books
[16:50:26.140375046|thread 2410572|cpu 247] [info ] [Request 18] Generating 61 response tokens with 8193 context took 73.391828 s at 0.831 average tok/s, or 1203.145 ms/tok
[16:50:26.140425944|thread 2410572|cpu 247] [info ] [Request 18] Request with 8192 tokens in and 64 out (sequence limit) saw 473.267930 s TTFT and 547.790235 s TTLT
[16:50:29.824453014|thread 2410579|cpu 247] [info ] [Request 51] Parsing the prompt took 551.470784746 s at 14.854821373308331 tokens/s
[16:50:32.146483987|thread 2410599|cpu 247] [info ] KV cache footprint: 78.05 GB in 358 books
[16:50:38.194070904|thread 2410572|cpu 247] [info ] [Request 22] Generating 61 response tokens with 8193 context took 73.194172 s at 0.833 average tok/s, or 1199.904 ms/tok
[16:50:38.194110594|thread 2410572|cpu 247] [info ] [Request 22] Request with 8192 tokens in and 64 out (sequence limit) saw 485.485859 s TTFT and 559.840772 s TTLT
[16:50:40.697148093|thread 2410579|cpu 247] [info ] [Request 12] Parsing the prompt took 562.347085064 s at 14.567515716859596 tokens/s
[16:50:40.697326821|thread 2410599|cpu 247] [info ] KV cache footprint: 79.15 GB in 363 books
[16:50:47.738994191|thread 2410599|cpu 247] [info ] KV cache footprint: 80.24 GB in 368 books
[16:50:48.942912943|thread 2410572|cpu 247] [info ] [Request 25] Generating 61 response tokens with 8193 context took 72.619998 s at 0.840 average tok/s, or 1190.492 ms/tok
[16:50:48.942937285|thread 2410572|cpu 247] [info ] [Request 25] Request with 8192 tokens in and 64 out (sequence limit) saw 496.756742 s TTFT and 570.589580 s TTLT
[16:50:51.473879326|thread 2410579|cpu 247] [info ] [Request 55] Parsing the prompt took 573.120167033 s at 14.29368650977572 tokens/s
[16:50:57.210868020|thread 2410572|cpu 247] [info ] [Request 27] Generating 61 response tokens with 8193 context took 72.128645 s at 0.846 average tok/s, or 1182.437 ms/tok
[16:50:57.210902354|thread 2410572|cpu 247] [info ] [Request 27] Request with 8192 tokens in and 64 out (sequence limit) saw 505.575745 s TTFT and 578.857503 s TTLT
[16:50:59.615311150|thread 2410579|cpu 247] [info ] [Request 30] Parsing the prompt took 581.26190478 s at 14.09347478758403 tokens/s
[16:50:59.615493426|thread 2410599|cpu 247] [info ] KV cache footprint: 81.34 GB in 373 books
[16:51:03.756365719|thread 2410572|cpu 247] [info ] [Request 60] Generating 61 response tokens with 8193 context took 71.414477 s at 0.854 average tok/s, or 1170.729 ms/tok
[16:51:03.756396611|thread 2410572|cpu 247] [info ] [Request 60] Request with 8192 tokens in and 64 out (sequence limit) saw 512.872180 s TTFT and 585.402492 s TTLT
[16:51:05.891568027|thread 2410579|cpu 247] [info ] [Request 39] Parsing the prompt took 587.538044569 s at 13.942926889116434 tokens/s
[16:51:08.545986665|thread 2410599|cpu 247] [info ] KV cache footprint: 82.44 GB in 378 books
[16:51:10.372402819|thread 2410572|cpu 247] [info ] [Request 31] Generating 61 response tokens with 8193 context took 69.798858 s at 0.874 average tok/s, or 1144.244 ms/tok
[16:51:10.372425038|thread 2410572|cpu 247] [info ] [Request 31] Request with 8192 tokens in and 64 out (sequence limit) saw 521.113857 s TTFT and 592.018982 s TTLT
[16:51:12.234725402|thread 2410579|cpu 247] [info ] [Request 43] Parsing the prompt took 593.881155323 s at 13.79400562987141 tokens/s
[16:51:16.070680010|thread 2410572|cpu 247] [info ] [Request 37] Generating 61 response tokens with 8193 context took 67.419582 s at 0.905 average tok/s, or 1105.239 ms/tok
[16:51:16.070713171|thread 2410572|cpu 247] [info ] [Request 37] Request with 8192 tokens in and 64 out (sequence limit) saw 529.217538 s TTFT and 597.717178 s TTLT
[16:51:19.218228874|thread 2410579|cpu 247] [info ] [Request 46] Parsing the prompt took 600.864623038 s at 13.63368666735755 tokens/s
[16:51:20.467709920|thread 2410599|cpu 247] [info ] KV cache footprint: 83.54 GB in 383 books
[16:51:23.023331584|thread 2410572|cpu 247] [info ] [Request 40] Generating 61 response tokens with 8193 context took 62.759816 s at 0.972 average tok/s, or 1028.849 ms/tok
[16:51:23.023374690|thread 2410572|cpu 247] [info ] [Request 40] Request with 8192 tokens in and 64 out (sequence limit) saw 540.795896 s TTFT and 604.669793 s TTLT
[16:51:24.314642351|thread 2410579|cpu 247] [info ] [Request 53] Parsing the prompt took 605.960952062 s at 13.519022920740642 tokens/s
[16:51:27.561340459|thread 2410572|cpu 247] [info ] [Request 51] Generating 61 response tokens with 8193 context took 56.579474 s at 1.078 average tok/s, or 927.532 ms/tok
[16:51:27.561382094|thread 2410572|cpu 247] [info ] [Request 51] Request with 8192 tokens in and 64 out (sequence limit) saw 551.470785 s TTFT and 609.207670 s TTLT
[16:51:28.965758711|thread 2410579|cpu 247] [info ] [Request 63] Parsing the prompt took 610.611793853 s at 13.41605269087246 tokens/s
[16:51:30.698240250|thread 2410572|cpu 247] [info ] [Request 12] Generating 61 response tokens with 8193 context took 48.914320 s at 1.247 average tok/s, or 801.874 ms/tok
[16:51:30.698277310|thread 2410572|cpu 247] [info ] [Request 12] Request with 8192 tokens in and 64 out (sequence limit) saw 562.347085 s TTFT and 612.348176 s TTLT
[16:51:31.259647053|thread 2410579|cpu 247] [info ] [Request 61] Parsing the prompt took 612.905747441 s at 13.3658397464915 tokens/s
[16:51:31.712205969|thread 2410572|cpu 247] [info ] [Request 55] Generating 61 response tokens with 8193 context took 39.126209 s at 1.559 average tok/s, or 641.413 ms/tok
[16:51:31.712227110|thread 2410572|cpu 247] [info ] [Request 55] Request with 8192 tokens in and 64 out (sequence limit) saw 573.120167 s TTFT and 613.358491 s TTLT
[16:51:32.093160415|thread 2410572|cpu 247] [info ] [Request 30] Generating 61 response tokens with 8193 context took 31.462249 s at 1.939 average tok/s, or 515.775 ms/tok
[16:51:32.093174823|thread 2410572|cpu 247] [info ] [Request 30] Request with 8192 tokens in and 64 out (sequence limit) saw 581.261905 s TTFT and 613.739749 s TTLT
[16:51:32.372669196|thread 2410572|cpu 247] [info ] [Request 39] Generating 61 response tokens with 8193 context took 25.609127 s at 2.382 average tok/s, or 419.822 ms/tok
[16:51:32.372678690|thread 2410572|cpu 247] [info ] [Request 39] Request with 8192 tokens in and 64 out (sequence limit) saw 587.538045 s TTFT and 614.019145 s TTLT
[16:51:32.629579858|thread 2410572|cpu 247] [info ] [Request 43] Generating 61 response tokens with 8193 context took 19.642727 s at 3.105 average tok/s, or 322.012 ms/tok
[16:51:32.629590842|thread 2410572|cpu 247] [info ] [Request 43] Request with 8192 tokens in and 64 out (sequence limit) saw 593.881155 s TTFT and 614.276010 s TTLT
[16:51:32.881966417|thread 2410572|cpu 247] [info ] [Request 46] Generating 61 response tokens with 8193 context took 13.040063 s at 4.678 average tok/s, or 213.772 ms/tok
[16:51:32.881977958|thread 2410572|cpu 247] [info ] [Request 46] Request with 8192 tokens in and 64 out (sequence limit) saw 600.864623 s TTFT and 614.528361 s TTLT
[16:51:33.050101827|thread 2410572|cpu 247] [info ] [Request 53] Generating 61 response tokens with 8193 context took 8.280502 s at 7.367 average tok/s, or 135.746 ms/tok
[16:51:33.050115010|thread 2410572|cpu 247] [info ] [Request 53] Request with 8192 tokens in and 64 out (sequence limit) saw 605.960952 s TTFT and 614.696413 s TTLT
[16:51:33.195010890|thread 2410572|cpu 247] [info ] [Request 63] Generating 61 response tokens with 8193 context took 3.939025 s at 15.486 average tok/s, or 64.574 ms/tok
[16:51:33.195021066|thread 2410572|cpu 247] [info ] [Request 63] Request with 8192 tokens in and 64 out (sequence limit) saw 610.611794 s TTFT and 614.841046 s TTLT
[16:51:33.267667722|thread 2410572|cpu 247] [info ] [Request 61] Generating 61 response tokens with 8193 context took 1.941008 s at 31.427 average tok/s, or 31.820 ms/tok
[16:51:33.267676737|thread 2410572|cpu 247] [info ] [Request 61] Request with 8192 tokens in and 64 out (sequence limit) saw 612.905747 s TTFT and 614.913768 s TTLT
[16:51:33.276125970|thread 2395760|cpu 247] [info ] [Load] type=batch total=64, completed=64, failed=0, wall=614.93s, max in-flight=64, estimated response throughput 6.661 tok/s
[16:51:33.276156993|thread 2395760|cpu 247] [info ] [Iteration 1/1] Processed 528256 new and 64 reused tokens in 614.93 s.  Throughput 859.056 new and 859.160 all tok/s.
[16:51:33.280687548|thread 2395760|cpu 247] [info ] KV cache footprint: 82.44 GB in 378 books
[16:51:33.280704763|thread 2395760|cpu 247] [info ] KV cache footprint: 81.34 GB in 373 books
[16:51:33.280714771|thread 2395760|cpu 247] [info ] KV cache footprint: 80.24 GB in 368 books
[16:51:33.280723315|thread 2395760|cpu 247] [info ] KV cache footprint: 79.15 GB in 363 books
[16:51:33.280737062|thread 2395760|cpu 247] [info ] KV cache footprint: 78.05 GB in 358 books
[16:51:33.280745144|thread 2395760|cpu 247] [info ] KV cache footprint: 76.95 GB in 353 books
[16:51:33.280756501|thread 2395760|cpu 247] [info ] KV cache footprint: 75.85 GB in 348 books
[16:51:33.280766470|thread 2395760|cpu 247] [info ] KV cache footprint: 74.75 GB in 343 books
[16:51:33.280784293|thread 2395760|cpu 247] [info ] KV cache footprint: 73.65 GB in 338 books
[16:51:33.280798016|thread 2395760|cpu 247] [info ] KV cache footprint: 72.55 GB in 333 books
[16:51:33.280807738|thread 2395760|cpu 247] [info ] KV cache footprint: 71.46 GB in 328 books
[16:51:33.280817836|thread 2395760|cpu 247] [info ] KV cache footprint: 70.36 GB in 323 books
[16:51:33.319547869|thread 2395760|cpu 247] [info ] KV cache footprint: 69.26 GB in 318 books
[16:51:33.319581395|thread 2395760|cpu 247] [info ] KV cache footprint: 68.16 GB in 313 books
[16:51:33.319594654|thread 2395760|cpu 247] [info ] KV cache footprint: 67.06 GB in 308 books
[16:51:33.354458361|thread 2395760|cpu 247] [info ] KV cache footprint: 65.96 GB in 303 books
[16:51:33.354481015|thread 2395760|cpu 247] [info ] KV cache footprint: 64.86 GB in 298 books
[16:51:33.354493021|thread 2395760|cpu 247] [info ] KV cache footprint: 63.76 GB in 293 books
[16:51:33.354504724|thread 2395760|cpu 247] [info ] KV cache footprint: 62.67 GB in 288 books
[16:51:33.354520328|thread 2395760|cpu 247] [info ] KV cache footprint: 61.57 GB in 283 books
[16:51:33.354529393|thread 2395760|cpu 247] [info ] KV cache footprint: 60.47 GB in 278 books
[16:51:33.354545485|thread 2395760|cpu 247] [info ] KV cache footprint: 59.37 GB in 273 books
[16:51:33.354554624|thread 2395760|cpu 247] [info ] KV cache footprint: 58.27 GB in 268 books
[16:51:33.354565276|thread 2395760|cpu 247] [info ] KV cache footprint: 57.17 GB in 263 books
[16:51:33.354578454|thread 2395760|cpu 247] [info ] KV cache footprint: 56.07 GB in 258 books
[16:51:33.354589869|thread 2395760|cpu 247] [info ] KV cache footprint: 54.98 GB in 253 books
[16:51:33.354603257|thread 2395760|cpu 247] [info ] KV cache footprint: 53.88 GB in 248 books
[16:51:33.354612656|thread 2395760|cpu 247] [info ] KV cache footprint: 52.78 GB in 243 books
[16:51:33.354622774|thread 2395760|cpu 247] [info ] KV cache footprint: 51.68 GB in 238 books
[16:51:33.354632563|thread 2395760|cpu 247] [info ] KV cache footprint: 50.58 GB in 233 books
[16:51:33.354643876|thread 2395760|cpu 247] [info ] KV cache footprint: 49.48 GB in 228 books
[16:51:33.354651919|thread 2395760|cpu 247] [info ] KV cache footprint: 48.38 GB in 223 books
[16:51:33.393860037|thread 2395760|cpu 247] [info ] KV cache footprint: 47.29 GB in 218 books
[16:51:33.393877541|thread 2395760|cpu 247] [info ] KV cache footprint: 46.19 GB in 213 books
[16:51:33.393894778|thread 2395760|cpu 247] [info ] KV cache footprint: 45.09 GB in 208 books
[16:51:33.393910135|thread 2395760|cpu 247] [info ] KV cache footprint: 43.99 GB in 203 books
[16:51:33.393922524|thread 2395760|cpu 247] [info ] KV cache footprint: 42.89 GB in 198 books
[16:51:33.393933771|thread 2395760|cpu 247] [info ] KV cache footprint: 41.79 GB in 193 books
[16:51:33.393946368|thread 2395760|cpu 247] [info ] KV cache footprint: 40.69 GB in 188 books
[16:51:33.393955430|thread 2395760|cpu 247] [info ] KV cache footprint: 39.59 GB in 183 books
[16:51:33.393964200|thread 2395760|cpu 247] [info ] KV cache footprint: 38.50 GB in 178 books
[16:51:33.393971216|thread 2395760|cpu 247] [info ] KV cache footprint: 37.40 GB in 173 books
[16:51:33.393980862|thread 2395760|cpu 247] [info ] KV cache footprint: 36.30 GB in 168 books
[16:51:33.393987724|thread 2395760|cpu 247] [info ] KV cache footprint: 35.20 GB in 163 books
[16:51:33.393993104|thread 2395760|cpu 247] [info ] KV cache footprint: 34.10 GB in 158 books
[16:51:33.432918769|thread 2395760|cpu 247] [info ] KV cache footprint: 33.00 GB in 153 books
[16:51:33.432931803|thread 2395760|cpu 247] [info ] KV cache footprint: 31.90 GB in 148 books
[16:51:33.432951218|thread 2395760|cpu 247] [info ] KV cache footprint: 30.81 GB in 143 books
[16:51:33.432965696|thread 2395760|cpu 247] [info ] KV cache footprint: 29.71 GB in 138 books
[16:51:33.432976235|thread 2395760|cpu 247] [info ] KV cache footprint: 28.61 GB in 133 books
[16:51:33.432989752|thread 2395760|cpu 247] [info ] KV cache footprint: 27.51 GB in 128 books
[16:51:33.433017703|thread 2395760|cpu 247] [info ] KV cache footprint: 26.41 GB in 123 books
[16:51:33.433026202|thread 2395760|cpu 247] [info ] KV cache footprint: 25.31 GB in 118 books
[16:51:33.433038264|thread 2395760|cpu 247] [info ] KV cache footprint: 24.21 GB in 113 books
[16:51:33.433051670|thread 2395760|cpu 247] [info ] KV cache footprint: 23.12 GB in 108 books
[16:51:33.433060865|thread 2395760|cpu 247] [info ] KV cache footprint: 22.02 GB in 103 books
[16:51:33.433071410|thread 2395760|cpu 247] [info ] KV cache footprint: 20.92 GB in 98 books
[16:51:33.433083115|thread 2395760|cpu 247] [info ] KV cache footprint: 19.82 GB in 93 books
[16:51:33.433093395|thread 2395760|cpu 247] [info ] KV cache footprint: 18.72 GB in 88 books
[16:51:33.433113671|thread 2395760|cpu 247] [info ] KV cache footprint: 17.70 GB in 83 books
[16:51:33.433125379|thread 2395760|cpu 247] [info ] KV cache footprint: 16.70 GB in 76 books
[16:51:33.433134625|thread 2395760|cpu 247] [info ] KV cache footprint: 15.60 GB in 71 books
[16:51:33.433144930|thread 2395760|cpu 247] [info ] KV cache footprint: 14.50 GB in 66 books
[16:51:33.471415909|thread 2395760|cpu 247] [info ] KV cache footprint: 13.40 GB in 61 books
[16:51:33.471457500|thread 2395760|cpu 247] [info ] KV cache footprint: 12.30 GB in 56 books
[16:51:33.471472181|thread 2395760|cpu 247] [info ] KV cache footprint: 11.21 GB in 51 books
[16:51:33.471489709|thread 2395760|cpu 247] [info ] KV cache footprint: 10.11 GB in 46 books
[16:51:33.471503743|thread 2395760|cpu 247] [info ] KV cache footprint: 9.01 GB in 41 books
[16:51:33.471513094|thread 2395760|cpu 247] [info ] KV cache footprint: 7.91 GB in 36 books
[16:51:33.505607455|thread 2395760|cpu 247] [info ] KV cache footprint: 6.81 GB in 31 books
[16:51:33.505639850|thread 2395760|cpu 247] [info ] KV cache footprint: 5.71 GB in 26 books
[16:51:33.505654531|thread 2395760|cpu 247] [info ] KV cache footprint: 4.61 GB in 21 books
[16:51:33.505677272|thread 2395760|cpu 247] [info ] KV cache footprint: 3.52 GB in 16 books
[16:51:33.505690240|thread 2395760|cpu 247] [info ] KV cache footprint: 2.42 GB in 11 books
[16:51:33.505705356|thread 2395760|cpu 247] [info ] KV cache footprint: 1.32 GB in 6 books
[16:51:33.505720433|thread 2395760|cpu 247] [info ] KV cache footprint: 0.22 GB in 1 books
[16:51:33.505745164|thread 2395760|cpu 247] [info ] Detected 5717141 memory allocations
[16:51:33.521727226|thread 2395760|cpu 247] [info ] Worker speeds: [0.036874957, 0.038412075, 0.038395632, 0.038931638, 0.037497506, 0.038625244, 0.037989806, 0.036894973, 0.037597124, 0.0375345, 0.038897865, 0.03668191, 0.03614401, 0.03605849, 0.036137428, 0.03633849, 0.03645846, 0.036511485, 0.036609564, 0.036209077, 0.036399677, 0.036336932, 0.03603869, 0.036480196, 0.036737785, 0.036512632, 0.036694016]
fusermount3: /home/jhan/workspace/tron-amx/stats/instance-0 not mounted
