[15:45:06.285453584|thread 3575754|cpu 204] [info ] Seed not supplied, using random seed: 0x40ecda4e47863b8b
[15:45:06.285561996|thread 3575754|cpu 204] [info ] FUSE mount point scoped for instance 0,4: /home/jhan/workspace/tron-amx/stats/instance-0
[15:45:06.287284987|thread 3575754|cpu 204] [info ] heap_v2: registered FUSE stats under /rinzler/stats/dma_heap/
[15:45:06.287296618|thread 3575754|cpu 204] [debug] No PosDevices found; skipping registration of metrics
[15:45:06.289707142|thread 3575754|cpu 204] [info ] Stats/config mounted at /home/jhan/workspace/tron-amx/stats/instance-0
[15:45:07.068320674|thread 3575766|cpu 204] [info ] TSC frequency stable at 2699985336 Hz
[15:45:07.071549241|thread 3575766|cpu 204] [info ] TSC core calibration: min core,offset:89,-5   max core,offset:136,13
[15:45:07.072226058|thread 3575754|cpu 204] [info ] INIT: Intel RTM (TSX) supported
[15:45:07.073875418|thread 3575754|cpu 204] [info ] INIT: CPU vendor=Intel, cores=144, numa=2, model="Intel(R) Xeon(R) 6962P"
[15:45:07.073923567|thread 3575754|cpu 204] [info ] INIT: Found server type: granite_rapids_6962p: 144 cores, Intel Xeon 6962P Granite Rapids server
[15:45:07.073928595|thread 3575754|cpu 204] [info ] INIT: Successfully loaded resource map from /home/jhan/workspace/tron-amx/gen/../config/resource-map.yaml, server type: granite_rapids_6962p
[15:45:07.074036566|thread 3575754|cpu 204] [info ] App CPU list: 151-152,24-29,48-53,153-154,30-35,54-59
[15:45:07.074063151|thread 3575754|cpu 204] [info ] App CPU set: [24, 25, 26, 27, 28, 29, 30, 31, 32, 33, 34, 35, 48, 49, 50, 51, 52, 53, 54, 55, 56, 57, 58, 59, 151, 152, 153, 154]
[15:45:07.074064560|thread 3575754|cpu 204] [info ] App peer CPU set: [8, 9, 10, 11, 168, 169, 170, 171, 172, 173, 174, 175, 176, 177, 178, 179, 192, 193, 194, 195, 196, 197, 198, 199, 200, 201, 202, 203]
[15:45:07.074070008|thread 3575754|cpu 204] [warning] Helper CPU list is empty; helper threads will float on app cpu set.
[15:45:07.074080710|thread 3575754|cpu 204] [info ] Memory allocation policy set to numa 0
[15:45:07.074081920|thread 3575754|cpu 204] [info ] Configured instance 0,4 using resource map (/home/jhan/workspace/tron-amx/gen/../config/resource-map.yaml).
[15:45:07.074147314|thread 3575754|cpu 204] [info ] App CPU list: 151-152,24-29,48-53,153-154,30-35,54-59
[15:45:07.074158064|thread 3575754|cpu 204] [info ] App CPU set: [24, 25, 26, 27, 28, 29, 30, 31, 32, 33, 34, 35, 48, 49, 50, 51, 52, 53, 54, 55, 56, 57, 58, 59, 151, 152, 153, 154]
[15:45:07.074159146|thread 3575754|cpu 204] [info ] App peer CPU set: [8, 9, 10, 11, 168, 169, 170, 171, 172, 173, 174, 175, 176, 177, 178, 179, 192, 193, 194, 195, 196, 197, 198, 199, 200, 201, 202, 203]
[15:45:07.074161924|thread 3575754|cpu 204] [info ] Memory allocation policy set to numa 0
[15:45:07.074169762|thread 3575754|cpu 204] [info ] INIT: Beginning pos_startup()
[15:45:07.074170923|thread 3575754|cpu 204] [info ] INIT: Beginning pos_startup_host()
[15:45:07.074175173|thread 3575754|cpu 204] [info ] Version: 2026.08.19-1407f48d-jhan-amx-p0-dirty hash: 1407f48ddb370b27907a9bf9e39f8d6002aa3ee0
[15:45:07.074177445|thread 3575754|cpu 204] [info ] INIT: System optimization for Intel with 144 cores and 2 numa nodes.
[15:45:07.074178685|thread 3575754|cpu 204] [info ] INIT: Pinning application cores to 151-152,24-29,48-53,153-154,30-35,54-59.
[15:45:07.074208319|thread 3575754|cpu 204] [info ] INIT: Pinning device driver cores to 3,4.
[15:45:07.074232694|thread 3575754|cpu 204] [info ] INIT: NUMA set to 0.
[15:45:07.074367071|thread 3575754|cpu 204] [debug] INIT: Allocating 128 hugepages from /dev/hugepages/amx-co* on numa 0
[15:45:17.373217780|thread 3575754|cpu 204] [info ] pos_heap_setup: using arena allocator (pos_heap_v2)
[15:45:17.373418709|thread 3575754|cpu 204] [info ] heap_v2: pool expanded by 128 hugepages (128 GiB)
[15:45:17.373422303|thread 3575754|cpu 204] [info ] INIT: pos_startup_host() completed
[15:45:17.378473865|thread 3575754|cpu 204] [debug] Allocator initialized for base: 0x00000000000000, capacity: 0x00000040000000, alignment: 512,  padding 0
[15:45:17.387512104|thread 3575754|cpu 204] [debug] Allocator initialized for base: 0x00000000000000, capacity: 0x00000040000000, alignment: 512,  padding 0
[15:45:17.392415269|thread 3575754|cpu 204] [info ] Found 2 Positron devices
[15:45:17.946310105|thread 3575754|cpu 204] [debug] Dev 10:00.0 pre-blind_reset mailbox_update_addr: mailbox_update_addr: Addr: 700d6a7fd010 Bar: 2 Offset: 200010 Flags: RW RAW:100005800 {mailbox_update_addr_fields {address[63:0]:4294989824 (hex:  100005800), }}
[15:45:17.946327903|thread 3575754|cpu 204] [debug] Dev 10:00.0 pre-blind_reset mono_results_counter: mono_results_counter: Addr: 700d6a7fd018 Bar: 2 Offset: 200018 Flags: RW RAW:6cc0 {mono_results_counter_fields {counter[15:0]:27840 (hex:  6cc0), }}
[15:45:17.946341223|thread 3578467|cpu 204] [debug] Dev 13:00.0 pre-blind_reset mailbox_update_addr: mailbox_update_addr: Addr: 700d2a7fd010 Bar: 2 Offset: 200010 Flags: RW RAW:100005000 {mailbox_update_addr_fields {address[63:0]:4294987776 (hex:  100005000), }}
[15:45:17.946364725|thread 3578467|cpu 204] [debug] Dev 13:00.0 pre-blind_reset mono_results_counter: mono_results_counter: Addr: 700d2a7fd018 Bar: 2 Offset: 200018 Flags: RW RAW:7900 {mono_results_counter_fields {counter[15:0]:30976 (hex:  7900), }}
[15:45:17.946409792|thread 3575754|cpu 204] [warning] Dev 10:00.0 blind_reset: mailbox host write survived soft_reset (enable=true, target_iova=0x100005800); force-clearing
[15:45:17.946416502|thread 3575754|cpu 204] [warning] Dev 10:00.0 blind_reset: tracer host write survived soft_reset (enable=true, target_iova=0x100005c00); force-clearing
[15:45:17.946434769|thread 3575754|cpu 204] [warning] Dev 10:00.0 blind_reset: queue[0] host write survived soft_reset (ctrl=0x0, target_iova=0x100000000); force-clearing
[15:45:17.946440955|thread 3575754|cpu 204] [warning] Dev 10:00.0 blind_reset: queue[2049] host write survived soft_reset (ctrl=0x0, target_iova=0x100000400); force-clearing
[15:45:17.946445027|thread 3578467|cpu 204] [warning] Dev 13:00.0 blind_reset: mailbox host write survived soft_reset (enable=true, target_iova=0x100005000); force-clearing
[15:45:17.946447430|thread 3575754|cpu 204] [warning] Dev 10:00.0 blind_reset: queue[2] host write survived soft_reset (ctrl=0x0, target_iova=0x100000800); force-clearing
[15:45:17.946450465|thread 3578467|cpu 204] [warning] Dev 13:00.0 blind_reset: tracer host write survived soft_reset (enable=true, target_iova=0x100005400); force-clearing
[15:45:17.946454797|thread 3575754|cpu 204] [warning] Dev 10:00.0 blind_reset: queue[2051] host write survived soft_reset (ctrl=0x0, target_iova=0x100000c00); force-clearing
[15:45:17.946462408|thread 3575754|cpu 204] [warning] Dev 10:00.0 blind_reset: queue[4] host write survived soft_reset (ctrl=0x0, target_iova=0x100000000); force-clearing
[15:45:17.946467848|thread 3575754|cpu 204] [warning] Dev 10:00.0 blind_reset: queue[2053] host write survived soft_reset (ctrl=0x0, target_iova=0x100000400); force-clearing
[15:45:17.946468530|thread 3578467|cpu 204] [warning] Dev 13:00.0 blind_reset: queue[0] host write survived soft_reset (ctrl=0x0, target_iova=0x100002000); force-clearing
[15:45:17.946474921|thread 3575754|cpu 204] [warning] Dev 10:00.0 blind_reset: queue[6] host write survived soft_reset (ctrl=0x0, target_iova=0x100000800); force-clearing
[15:45:17.946477558|thread 3578467|cpu 204] [warning] Dev 13:00.0 blind_reset: queue[2049] host write survived soft_reset (ctrl=0x0, target_iova=0x100002400); force-clearing
[15:45:17.946482402|thread 3575754|cpu 204] [warning] Dev 10:00.0 blind_reset: queue[2055] host write survived soft_reset (ctrl=0x0, target_iova=0x100000c00); force-clearing
[15:45:17.946485377|thread 3578467|cpu 204] [warning] Dev 13:00.0 blind_reset: queue[2] host write survived soft_reset (ctrl=0x0, target_iova=0x100002800); force-clearing
[15:45:17.946492155|thread 3578467|cpu 204] [warning] Dev 13:00.0 blind_reset: queue[2051] host write survived soft_reset (ctrl=0x0, target_iova=0x100002c00); force-clearing
[15:45:17.946498428|thread 3578467|cpu 204] [warning] Dev 13:00.0 blind_reset: queue[4] host write survived soft_reset (ctrl=0x0, target_iova=0x100002000); force-clearing
[15:45:17.946508176|thread 3578467|cpu 204] [warning] Dev 13:00.0 blind_reset: queue[2053] host write survived soft_reset (ctrl=0x0, target_iova=0x100002400); force-clearing
[15:45:17.946514208|thread 3578467|cpu 204] [warning] Dev 13:00.0 blind_reset: queue[6] host write survived soft_reset (ctrl=0x0, target_iova=0x100002800); force-clearing
[15:45:17.946520406|thread 3578467|cpu 204] [warning] Dev 13:00.0 blind_reset: queue[2055] host write survived soft_reset (ctrl=0x0, target_iova=0x100002c00); force-clearing
[15:45:17.946548686|thread 3575754|cpu 204] [info ] Dev 10:00.0: Bitfile Release Code 01.05.08.00 Release Date 06-16-2026
[15:45:17.946560546|thread 3575754|cpu 204] [debug] Dev 10:00.0 init counters post-store: act_slots_free=&0x700e00002000 val=2048 mm_in_flight=&0x700e00002400 val=0 (num_activ_slots=2048)
[15:45:17.946566361|thread 3578467|cpu 204] [info ] Dev 13:00.0: Bitfile Release Code 01.05.08.00 Release Date 06-16-2026
[15:45:17.946576240|thread 3578467|cpu 204] [debug] Dev 13:00.0 init counters post-store: act_slots_free=&0x700e00004800 val=2048 mm_in_flight=&0x700e00004c00 val=0 (num_activ_slots=2048)
[15:45:18.057733305|thread 3578467|cpu 204] [debug] Device { idx: 1 addr: 13:00.0 pci_devid: 0x0011 iommu_group: 76 vfio_fd: 10 tx_ready: false rx_ready: false }
  offsets { bar2: 0x4000000000 bar4: 0x8000000000 mmsm_reg: 0x0 amem: 0x4030000000 rmem: 0x4020000000 metadata: 0x4000701000 hbm_north: 0x0 hbm_south: 0x1000000000 hbm_kv: 0x800000000 pos_device: 0xffff8ff300000000 pos_host: 0x700d00000000 }
  caps { col_depth: 128 num_cols: 128 num_fetchers: 32 num_activ_slots: 2048 max_activ_size_slots: 255 rmem_width: 32 pchan_size_bytes: 1073741824 attn_supported: true }
[15:45:18.057743565|thread 3578467|cpu 204] [debug] Dev 13:00.0 init counters end-of-init: act_slots_free=&0x700e00004800 val=2048 mm_in_flight=&0x700e00004c00 val=0 | mcnt_mbox=&0x700e00005000 tracer_mbox=&0x700e00005400
[15:45:18.057747054|thread 3575754|cpu 204] [debug] Device { idx: 0 addr: 10:00.0 pci_devid: 0x0011 iommu_group: 73 vfio_fd: 9 tx_ready: false rx_ready: false }
  offsets { bar2: 0x4000000000 bar4: 0x8000000000 mmsm_reg: 0x0 amem: 0x4030000000 rmem: 0x4020000000 metadata: 0x4000701000 hbm_north: 0x0 hbm_south: 0x1000000000 hbm_kv: 0x800000000 pos_device: 0xffff8ff300000000 pos_host: 0x700d00000000 }
  caps { col_depth: 128 num_cols: 128 num_fetchers: 32 num_activ_slots: 2048 max_activ_size_slots: 255 rmem_width: 32 pchan_size_bytes: 1073741824 attn_supported: true }
[15:45:18.057754091|thread 3575754|cpu 204] [debug] Dev 10:00.0 init counters end-of-init: act_slots_free=&0x700e00002000 val=2048 mm_in_flight=&0x700e00002400 val=0 | mcnt_mbox=&0x700e00005800 tracer_mbox=&0x700e00005c00
[15:45:18.057803024|thread 3575754|cpu 204] [info ] INIT: pos_startup() completed
[15:45:18.057861324|thread 3575754|cpu 204] [debug] INIT: First call to get_devices() detected, spawning workers
[15:45:18.057927591|thread 3575754|cpu 204] [debug] INIT: waiting for workers to be ready
[15:45:18.058205018|thread 3579239|cpu 204] [info ] [0;32mTx Worker for device 10:00.0 is ready on core 3[0m
[15:45:18.058225463|thread 3579240|cpu 204] [info ] [0;32mTx Worker for device 13:00.0 is ready on core 4[0m
[15:45:18.058346417|thread 3579241|cpu 204] [info ] [0;32mRx Worker for device 10:00.0 is ready on core 147[0m
[15:45:18.058391643|thread 3579242|cpu 204] [info ] [0;32mRx Worker for device 13:00.0 is ready on core 148[0m
[15:45:18.058414250|thread 3575754|cpu 204] [debug] INIT: All workers ready!
[15:45:18.065576134|thread 3575754|cpu 204] [info ] Creating tokenizer for path: /opt/positron/weights_cache/cached/positron-ai/Qwen--Qwen3-4B-Instruct-2507-ingest-best-gptq-v1
[15:45:18.065633560|thread 3575754|cpu 204] [info ] Loaded tokenizer_config.json with settings:
[15:45:18.065636936|thread 3575754|cpu 204] [info ]   add_bos_token: false
[15:45:18.065639664|thread 3575754|cpu 204] [info ] Found tokenizer.json, trying HuggingFace Rust tokenizer
[15:45:18.284599597|thread 3575754|cpu 204] [info ] BOS token text: '<none>', EOS token text: '<|im_end|>'
[15:45:18.284616709|thread 3575754|cpu 204] [info ] Using BOS token ID 151643 from model config
[15:45:18.284749817|thread 3575754|cpu 204] [info ] Found EOS token '<|im_end|>' with ID 151645 in tokenizer
[15:45:18.284768883|thread 3575754|cpu 204] [info ] Using stop tokens: 151645,151643
[15:45:18.394356203|thread 3575754|cpu 204] [info ] HF tokenizer: vocab cache populated 151669 from lexicon view
[15:45:18.394458772|thread 3575754|cpu 204] [info ] HuggingFace tokenizer loaded successfully at /opt/positron/weights_cache/cached/positron-ai/Qwen--Qwen3-4B-Instruct-2507-ingest-best-gptq-v1
[15:45:18.394482207|thread 3575754|cpu 204] [info ] Successfully created HuggingFace Rust tokenizer
[15:45:18.516044092|thread 3575754|cpu 204] [warning] replicating prompt of length 3035
[15:45:18.516058170|thread 3575754|cpu 204] [warning] replicating prompt of length 6070
[15:45:18.516060925|thread 3575754|cpu 204] [warning] replicating prompt of length 2014
[15:45:18.516062258|thread 3575754|cpu 204] [warning] replicating prompt of length 4028
[15:45:18.516063550|thread 3575754|cpu 204] [warning] replicating prompt of length 6042
[15:45:18.516064891|thread 3575754|cpu 204] [warning] replicating prompt of length 8056
[15:45:18.516066864|thread 3575754|cpu 204] [warning] replicating prompt of length 8159
[15:45:18.516070519|thread 3575754|cpu 204] [warning] replicating prompt of length 2270
[15:45:18.516072257|thread 3575754|cpu 204] [warning] replicating prompt of length 4540
[15:45:18.516075340|thread 3575754|cpu 204] [warning] replicating prompt of length 6810
[15:45:18.516076364|thread 3575754|cpu 204] [warning] replicating prompt of length 1056
[15:45:18.516077405|thread 3575754|cpu 204] [warning] replicating prompt of length 2112
[15:45:18.516078273|thread 3575754|cpu 204] [warning] replicating prompt of length 3168
[15:45:18.516078927|thread 3575754|cpu 204] [warning] replicating prompt of length 4224
[15:45:18.516081286|thread 3575754|cpu 204] [warning] replicating prompt of length 5280
[15:45:18.516082239|thread 3575754|cpu 204] [warning] replicating prompt of length 6336
[15:45:18.516082994|thread 3575754|cpu 204] [warning] replicating prompt of length 7392
[15:45:18.516083782|thread 3575754|cpu 204] [warning] replicating prompt of length 1193
[15:45:18.516084856|thread 3575754|cpu 204] [warning] replicating prompt of length 2386
[15:45:18.516085598|thread 3575754|cpu 204] [warning] replicating prompt of length 3579
[15:45:18.516086267|thread 3575754|cpu 204] [warning] replicating prompt of length 4772
[15:45:18.516088620|thread 3575754|cpu 204] [warning] replicating prompt of length 5965
[15:45:18.516089524|thread 3575754|cpu 204] [warning] replicating prompt of length 7158
[15:45:18.516090314|thread 3575754|cpu 204] [warning] replicating prompt of length 1359
[15:45:18.516091431|thread 3575754|cpu 204] [warning] replicating prompt of length 2718
[15:45:18.516092217|thread 3575754|cpu 204] [warning] replicating prompt of length 4077
[15:45:18.516092897|thread 3575754|cpu 204] [warning] replicating prompt of length 5436
[15:45:18.516095374|thread 3575754|cpu 204] [warning] replicating prompt of length 6795
[15:45:18.516096264|thread 3575754|cpu 204] [warning] replicating prompt of length 8154
[15:45:18.516096925|thread 3575754|cpu 204] [warning] replicating prompt of length 1300
[15:45:18.516097891|thread 3575754|cpu 204] [warning] replicating prompt of length 2600
[15:45:18.516098631|thread 3575754|cpu 204] [warning] replicating prompt of length 3900
[15:45:18.516099367|thread 3575754|cpu 204] [warning] replicating prompt of length 5200
[15:45:18.516102147|thread 3575754|cpu 204] [warning] replicating prompt of length 6500
[15:45:18.516102992|thread 3575754|cpu 204] [warning] replicating prompt of length 7800
[15:45:18.516103675|thread 3575754|cpu 204] [warning] replicating prompt of length 5028
[15:45:18.516106724|thread 3575754|cpu 204] [warning] replicating prompt of length 2126
[15:45:18.516107963|thread 3575754|cpu 204] [warning] replicating prompt of length 4252
[15:45:18.516115888|thread 3575754|cpu 204] [warning] replicating prompt of length 6378
[15:45:18.516117266|thread 3575754|cpu 204] [warning] replicating prompt of length 945
[15:45:18.516118314|thread 3575754|cpu 204] [warning] replicating prompt of length 1890
[15:45:18.516119091|thread 3575754|cpu 204] [warning] replicating prompt of length 2835
[15:45:18.516119774|thread 3575754|cpu 204] [warning] replicating prompt of length 3780
[15:45:18.516120643|thread 3575754|cpu 204] [warning] replicating prompt of length 4725
[15:45:18.516121348|thread 3575754|cpu 204] [warning] replicating prompt of length 5670
[15:45:18.516122008|thread 3575754|cpu 204] [warning] replicating prompt of length 6615
[15:45:18.516122672|thread 3575754|cpu 204] [warning] replicating prompt of length 7560
[15:45:18.516124763|thread 3575754|cpu 204] [warning] replicating prompt of length 1250
[15:45:18.516125773|thread 3575754|cpu 204] [warning] replicating prompt of length 2500
[15:45:18.516126569|thread 3575754|cpu 204] [warning] replicating prompt of length 3750
[15:45:18.516127258|thread 3575754|cpu 204] [warning] replicating prompt of length 5000
[15:45:18.516129520|thread 3575754|cpu 204] [warning] replicating prompt of length 6250
[15:45:18.516130406|thread 3575754|cpu 204] [warning] replicating prompt of length 7500
[15:45:18.516131197|thread 3575754|cpu 204] [warning] replicating prompt of length 2490
[15:45:18.516132414|thread 3575754|cpu 204] [warning] replicating prompt of length 4980
[15:45:18.516135004|thread 3575754|cpu 204] [warning] replicating prompt of length 7470
[15:45:18.516135780|thread 3575754|cpu 204] [warning] replicating prompt of length 1064
[15:45:18.516136684|thread 3575754|cpu 204] [warning] replicating prompt of length 2128
[15:45:18.516137410|thread 3575754|cpu 204] [warning] replicating prompt of length 3192
[15:45:18.516138096|thread 3575754|cpu 204] [warning] replicating prompt of length 4256
[15:45:18.516140368|thread 3575754|cpu 204] [warning] replicating prompt of length 5320
[15:45:18.516141172|thread 3575754|cpu 204] [warning] replicating prompt of length 6384
[15:45:18.516141940|thread 3575754|cpu 204] [warning] replicating prompt of length 7448
[15:45:18.516142672|thread 3575754|cpu 204] [warning] replicating prompt of length 1709
[15:45:18.516144136|thread 3575754|cpu 204] [warning] replicating prompt of length 3418
[15:45:18.516145698|thread 3575754|cpu 204] [warning] replicating prompt of length 5127
[15:45:18.516146605|thread 3575754|cpu 204] [warning] replicating prompt of length 6836
[15:45:18.516148936|thread 3575754|cpu 204] [warning] replicating prompt of length 7873
[15:45:18.516155430|thread 3575754|cpu 204] [warning] replicating prompt of length 3255
[15:45:18.516157432|thread 3575754|cpu 204] [warning] replicating prompt of length 6510
[15:45:18.516160492|thread 3575754|cpu 204] [warning] replicating prompt of length 2073
[15:45:18.516161683|thread 3575754|cpu 204] [warning] replicating prompt of length 4146
[15:45:18.516164262|thread 3575754|cpu 204] [warning] replicating prompt of length 6219
[15:45:18.516165244|thread 3575754|cpu 204] [warning] replicating prompt of length 1749
[15:45:18.516166298|thread 3575754|cpu 204] [warning] replicating prompt of length 3498
[15:45:18.516167141|thread 3575754|cpu 204] [warning] replicating prompt of length 5247
[15:45:18.516167888|thread 3575754|cpu 204] [warning] replicating prompt of length 6996
[15:45:18.516170398|thread 3575754|cpu 204] [warning] replicating prompt of length 1243
[15:45:18.516171395|thread 3575754|cpu 204] [warning] replicating prompt of length 2486
[15:45:18.516172186|thread 3575754|cpu 204] [warning] replicating prompt of length 3729
[15:45:18.516172856|thread 3575754|cpu 204] [warning] replicating prompt of length 4972
[15:45:18.516175006|thread 3575754|cpu 204] [warning] replicating prompt of length 6215
[15:45:18.516175841|thread 3575754|cpu 204] [warning] replicating prompt of length 7458
[15:45:18.516176595|thread 3575754|cpu 204] [warning] replicating prompt of length 1628
[15:45:18.516179262|thread 3575754|cpu 204] [warning] replicating prompt of length 3256
[15:45:18.516180116|thread 3575754|cpu 204] [warning] replicating prompt of length 4884
[15:45:18.516180830|thread 3575754|cpu 204] [warning] replicating prompt of length 6512
[15:45:18.516183940|thread 3575754|cpu 204] [warning] replicating prompt of length 8140
[15:45:18.516184658|thread 3575754|cpu 204] [warning] replicating prompt of length 2390
[15:45:18.516192966|thread 3575754|cpu 204] [warning] replicating prompt of length 4780
[15:45:18.516195675|thread 3575754|cpu 204] [warning] replicating prompt of length 7170
[15:45:18.516196517|thread 3575754|cpu 204] [warning] replicating prompt of length 557
[15:45:18.516197443|thread 3575754|cpu 204] [warning] replicating prompt of length 1114
[15:45:18.516198164|thread 3575754|cpu 204] [warning] replicating prompt of length 1671
[15:45:18.516198817|thread 3575754|cpu 204] [warning] replicating prompt of length 2228
[15:45:18.516199536|thread 3575754|cpu 204] [warning] replicating prompt of length 2785
[15:45:18.516200172|thread 3575754|cpu 204] [warning] replicating prompt of length 3342
[15:45:18.516200835|thread 3575754|cpu 204] [warning] replicating prompt of length 3899
[15:45:18.516201467|thread 3575754|cpu 204] [warning] replicating prompt of length 4456
[15:45:18.516203798|thread 3575754|cpu 204] [warning] replicating prompt of length 5013
[15:45:18.516204622|thread 3575754|cpu 204] [warning] replicating prompt of length 5570
[15:45:18.516205312|thread 3575754|cpu 204] [warning] replicating prompt of length 6127
[15:45:18.516206070|thread 3575754|cpu 204] [warning] replicating prompt of length 6684
[15:45:18.516206753|thread 3575754|cpu 204] [warning] replicating prompt of length 7241
[15:45:18.516207481|thread 3575754|cpu 204] [warning] replicating prompt of length 7798
[15:45:18.516208153|thread 3575754|cpu 204] [warning] replicating prompt of length 2355
[15:45:18.516209316|thread 3575754|cpu 204] [warning] replicating prompt of length 4710
[15:45:18.516211647|thread 3575754|cpu 204] [warning] replicating prompt of length 7065
[15:45:18.516212521|thread 3575754|cpu 204] [warning] replicating prompt of length 410
[15:45:18.516213529|thread 3575754|cpu 204] [warning] replicating prompt of length 820
[15:45:18.516214303|thread 3575754|cpu 204] [warning] replicating prompt of length 1230
[15:45:18.516214965|thread 3575754|cpu 204] [warning] replicating prompt of length 1640
[15:45:18.516215697|thread 3575754|cpu 204] [warning] replicating prompt of length 2050
[15:45:18.516216426|thread 3575754|cpu 204] [warning] replicating prompt of length 2460
[15:45:18.516217102|thread 3575754|cpu 204] [warning] replicating prompt of length 2870
[15:45:18.516217748|thread 3575754|cpu 204] [warning] replicating prompt of length 3280
[15:45:18.516218590|thread 3575754|cpu 204] [warning] replicating prompt of length 3690
[15:45:18.516219239|thread 3575754|cpu 204] [warning] replicating prompt of length 4100
[15:45:18.516219884|thread 3575754|cpu 204] [warning] replicating prompt of length 4510
[15:45:18.516220509|thread 3575754|cpu 204] [warning] replicating prompt of length 4920
[15:45:18.516221150|thread 3575754|cpu 204] [warning] replicating prompt of length 5330
[15:45:18.516221783|thread 3575754|cpu 204] [warning] replicating prompt of length 5740
[15:45:18.516222406|thread 3575754|cpu 204] [warning] replicating prompt of length 6150
[15:45:18.516223042|thread 3575754|cpu 204] [warning] replicating prompt of length 6560
[15:45:18.516225873|thread 3575754|cpu 204] [warning] replicating prompt of length 6970
[15:45:18.516226555|thread 3575754|cpu 204] [warning] replicating prompt of length 7380
[15:45:18.516227236|thread 3575754|cpu 204] [warning] replicating prompt of length 7790
[15:45:18.516227891|thread 3575754|cpu 204] [warning] replicating prompt of length 1722
[15:45:18.516228879|thread 3575754|cpu 204] [warning] replicating prompt of length 3444
[15:45:18.516229696|thread 3575754|cpu 204] [warning] replicating prompt of length 5166
[15:45:18.516230430|thread 3575754|cpu 204] [warning] replicating prompt of length 6888
[15:45:18.516233541|thread 3575754|cpu 204] [warning] replicating prompt of length 2378
[15:45:18.516234878|thread 3575754|cpu 204] [warning] replicating prompt of length 4756
[15:45:18.516237217|thread 3575754|cpu 204] [warning] replicating prompt of length 7134
[15:45:18.516238079|thread 3575754|cpu 204] [warning] replicating prompt of length 1980
[15:45:18.516239269|thread 3575754|cpu 204] [warning] replicating prompt of length 3960
[15:45:18.516240179|thread 3575754|cpu 204] [warning] replicating prompt of length 5940
[15:45:18.516240993|thread 3575754|cpu 204] [warning] replicating prompt of length 7920
[15:45:18.516243445|thread 3575754|cpu 204] [warning] replicating prompt of length 1756
[15:45:18.516244503|thread 3575754|cpu 204] [warning] replicating prompt of length 3512
[15:45:18.516245411|thread 3575754|cpu 204] [warning] replicating prompt of length 5268
[15:45:18.516246156|thread 3575754|cpu 204] [warning] replicating prompt of length 7024
[15:45:18.516248668|thread 3575754|cpu 204] [warning] replicating prompt of length 411
[15:45:18.516249483|thread 3575754|cpu 204] [warning] replicating prompt of length 822
[15:45:18.516250203|thread 3575754|cpu 204] [warning] replicating prompt of length 1233
[15:45:18.516250863|thread 3575754|cpu 204] [warning] replicating prompt of length 1644
[15:45:18.516251606|thread 3575754|cpu 204] [warning] replicating prompt of length 2055
[15:45:18.516252268|thread 3575754|cpu 204] [warning] replicating prompt of length 2466
[15:45:18.516252908|thread 3575754|cpu 204] [warning] replicating prompt of length 2877
[15:45:18.516253589|thread 3575754|cpu 204] [warning] replicating prompt of length 3288
[15:45:18.516254394|thread 3575754|cpu 204] [warning] replicating prompt of length 3699
[15:45:18.516255042|thread 3575754|cpu 204] [warning] replicating prompt of length 4110
[15:45:18.516255693|thread 3575754|cpu 204] [warning] replicating prompt of length 4521
[15:45:18.516256335|thread 3575754|cpu 204] [warning] replicating prompt of length 4932
[15:45:18.516256969|thread 3575754|cpu 204] [warning] replicating prompt of length 5343
[15:45:18.516257594|thread 3575754|cpu 204] [warning] replicating prompt of length 5754
[15:45:18.516258214|thread 3575754|cpu 204] [warning] replicating prompt of length 6165
[15:45:18.516258844|thread 3575754|cpu 204] [warning] replicating prompt of length 6576
[15:45:18.516261536|thread 3575754|cpu 204] [warning] replicating prompt of length 6987
[15:45:18.516262234|thread 3575754|cpu 204] [warning] replicating prompt of length 7398
[15:45:18.516262879|thread 3575754|cpu 204] [warning] replicating prompt of length 7809
[15:45:18.516263525|thread 3575754|cpu 204] [warning] replicating prompt of length 1269
[15:45:18.516264445|thread 3575754|cpu 204] [warning] replicating prompt of length 2538
[15:45:18.516265231|thread 3575754|cpu 204] [warning] replicating prompt of length 3807
[15:45:18.516265905|thread 3575754|cpu 204] [warning] replicating prompt of length 5076
[15:45:18.516268042|thread 3575754|cpu 204] [warning] replicating prompt of length 6345
[15:45:18.516268866|thread 3575754|cpu 204] [warning] replicating prompt of length 7614
[15:45:18.516269574|thread 3575754|cpu 204] [warning] replicating prompt of length 2285
[15:45:18.516270683|thread 3575754|cpu 204] [warning] replicating prompt of length 4570
[15:45:18.516273215|thread 3575754|cpu 204] [warning] replicating prompt of length 6855
[15:45:18.516274094|thread 3575754|cpu 204] [warning] replicating prompt of length 435
[15:45:18.516274848|thread 3575754|cpu 204] [warning] replicating prompt of length 870
[15:45:18.516275570|thread 3575754|cpu 204] [warning] replicating prompt of length 1305
[15:45:18.516276217|thread 3575754|cpu 204] [warning] replicating prompt of length 1740
[15:45:18.516276945|thread 3575754|cpu 204] [warning] replicating prompt of length 2175
[15:45:18.516277570|thread 3575754|cpu 204] [warning] replicating prompt of length 2610
[15:45:18.516278200|thread 3575754|cpu 204] [warning] replicating prompt of length 3045
[15:45:18.516278827|thread 3575754|cpu 204] [warning] replicating prompt of length 3480
[15:45:18.516280974|thread 3575754|cpu 204] [warning] replicating prompt of length 3915
[15:45:18.516281634|thread 3575754|cpu 204] [warning] replicating prompt of length 4350
[15:45:18.516282325|thread 3575754|cpu 204] [warning] replicating prompt of length 4785
[15:45:18.516282948|thread 3575754|cpu 204] [warning] replicating prompt of length 5220
[15:45:18.516285797|thread 3575754|cpu 204] [warning] replicating prompt of length 5655
[15:45:18.516286443|thread 3575754|cpu 204] [warning] replicating prompt of length 6090
[15:45:18.516287064|thread 3575754|cpu 204] [warning] replicating prompt of length 6525
[15:45:18.516287692|thread 3575754|cpu 204] [warning] replicating prompt of length 6960
[15:45:18.516290049|thread 3575754|cpu 204] [warning] replicating prompt of length 7395
[15:45:18.516290734|thread 3575754|cpu 204] [warning] replicating prompt of length 7830
[15:45:18.516291680|thread 3575754|cpu 204] [warning] replicating prompt of length 386
[15:45:18.516292415|thread 3575754|cpu 204] [warning] replicating prompt of length 772
[15:45:18.516293120|thread 3575754|cpu 204] [warning] replicating prompt of length 1158
[15:45:18.516293783|thread 3575754|cpu 204] [warning] replicating prompt of length 1544
[15:45:18.516294563|thread 3575754|cpu 204] [warning] replicating prompt of length 1930
[15:45:18.516295200|thread 3575754|cpu 204] [warning] replicating prompt of length 2316
[15:45:18.516295846|thread 3575754|cpu 204] [warning] replicating prompt of length 2702
[15:45:18.516296474|thread 3575754|cpu 204] [warning] replicating prompt of length 3088
[15:45:18.516297282|thread 3575754|cpu 204] [warning] replicating prompt of length 3474
[15:45:18.516297933|thread 3575754|cpu 204] [warning] replicating prompt of length 3860
[15:45:18.516298552|thread 3575754|cpu 204] [warning] replicating prompt of length 4246
[15:45:18.516299180|thread 3575754|cpu 204] [warning] replicating prompt of length 4632
[15:45:18.516299810|thread 3575754|cpu 204] [warning] replicating prompt of length 5018
[15:45:18.516300434|thread 3575754|cpu 204] [warning] replicating prompt of length 5404
[15:45:18.516301089|thread 3575754|cpu 204] [warning] replicating prompt of length 5790
[15:45:18.516301711|thread 3575754|cpu 204] [warning] replicating prompt of length 6176
[15:45:18.516304465|thread 3575754|cpu 204] [warning] replicating prompt of length 6562
[15:45:18.516305188|thread 3575754|cpu 204] [warning] replicating prompt of length 6948
[15:45:18.516305820|thread 3575754|cpu 204] [warning] replicating prompt of length 7334
[15:45:18.516306459|thread 3575754|cpu 204] [warning] replicating prompt of length 7720
[15:45:18.516307163|thread 3575754|cpu 204] [warning] replicating prompt of length 8106
[15:45:18.516307866|thread 3575754|cpu 204] [warning] replicating prompt of length 1071
[15:45:18.516308808|thread 3575754|cpu 204] [warning] replicating prompt of length 2142
[15:45:18.516309577|thread 3575754|cpu 204] [warning] replicating prompt of length 3213
[15:45:18.516310237|thread 3575754|cpu 204] [warning] replicating prompt of length 4284
[15:45:18.516312637|thread 3575754|cpu 204] [warning] replicating prompt of length 5355
[15:45:18.516313463|thread 3575754|cpu 204] [warning] replicating prompt of length 6426
[15:45:18.516314239|thread 3575754|cpu 204] [warning] replicating prompt of length 7497
[15:45:18.516314963|thread 3575754|cpu 204] [warning] replicating prompt of length 143
[15:45:18.516315832|thread 3575754|cpu 204] [warning] replicating prompt of length 286
[15:45:18.516316620|thread 3575754|cpu 204] [warning] replicating prompt of length 429
[15:45:18.516317303|thread 3575754|cpu 204] [warning] replicating prompt of length 572
[15:45:18.516317980|thread 3575754|cpu 204] [warning] replicating prompt of length 715
[15:45:18.516318616|thread 3575754|cpu 204] [warning] replicating prompt of length 858
[15:45:18.516319237|thread 3575754|cpu 204] [warning] replicating prompt of length 1001
[15:45:18.516319875|thread 3575754|cpu 204] [warning] replicating prompt of length 1144
[15:45:18.516321430|thread 3575754|cpu 204] [warning] replicating prompt of length 1287
[15:45:18.516322072|thread 3575754|cpu 204] [warning] replicating prompt of length 1430
[15:45:18.516322719|thread 3575754|cpu 204] [warning] replicating prompt of length 1573
[15:45:18.516323352|thread 3575754|cpu 204] [warning] replicating prompt of length 1716
[15:45:18.516323982|thread 3575754|cpu 204] [warning] replicating prompt of length 1859
[15:45:18.516324608|thread 3575754|cpu 204] [warning] replicating prompt of length 2002
[15:45:18.516325243|thread 3575754|cpu 204] [warning] replicating prompt of length 2145
[15:45:18.516325892|thread 3575754|cpu 204] [warning] replicating prompt of length 2288
[15:45:18.516326643|thread 3575754|cpu 204] [warning] replicating prompt of length 2431
[15:45:18.516327288|thread 3575754|cpu 204] [warning] replicating prompt of length 2574
[15:45:18.516327905|thread 3575754|cpu 204] [warning] replicating prompt of length 2717
[15:45:18.516328520|thread 3575754|cpu 204] [warning] replicating prompt of length 2860
[15:45:18.516329137|thread 3575754|cpu 204] [warning] replicating prompt of length 3003
[15:45:18.516329756|thread 3575754|cpu 204] [warning] replicating prompt of length 3146
[15:45:18.516330381|thread 3575754|cpu 204] [warning] replicating prompt of length 3289
[15:45:18.516331000|thread 3575754|cpu 204] [warning] replicating prompt of length 3432
[15:45:18.516331622|thread 3575754|cpu 204] [warning] replicating prompt of length 3575
[15:45:18.516332235|thread 3575754|cpu 204] [warning] replicating prompt of length 3718
[15:45:18.516332878|thread 3575754|cpu 204] [warning] replicating prompt of length 3861
[15:45:18.516333536|thread 3575754|cpu 204] [warning] replicating prompt of length 4004
[15:45:18.516334168|thread 3575754|cpu 204] [warning] replicating prompt of length 4147
[15:45:18.516334809|thread 3575754|cpu 204] [warning] replicating prompt of length 4290
[15:45:18.516335429|thread 3575754|cpu 204] [warning] replicating prompt of length 4433
[15:45:18.516336078|thread 3575754|cpu 204] [warning] replicating prompt of length 4576
[15:45:18.516338221|thread 3575754|cpu 204] [warning] replicating prompt of length 4719
[15:45:18.516338899|thread 3575754|cpu 204] [warning] replicating prompt of length 4862
[15:45:18.516339532|thread 3575754|cpu 204] [warning] replicating prompt of length 5005
[15:45:18.516340148|thread 3575754|cpu 204] [warning] replicating prompt of length 5148
[15:45:18.516340783|thread 3575754|cpu 204] [warning] replicating prompt of length 5291
[15:45:18.516341410|thread 3575754|cpu 204] [warning] replicating prompt of length 5434
[15:45:18.516342026|thread 3575754|cpu 204] [warning] replicating prompt of length 5577
[15:45:18.516342704|thread 3575754|cpu 204] [warning] replicating prompt of length 5720
[15:45:18.516343327|thread 3575754|cpu 204] [warning] replicating prompt of length 5863
[15:45:18.516343956|thread 3575754|cpu 204] [warning] replicating prompt of length 6006
[15:45:18.516344590|thread 3575754|cpu 204] [warning] replicating prompt of length 6149
[15:45:18.516345224|thread 3575754|cpu 204] [warning] replicating prompt of length 6292
[15:45:18.516345849|thread 3575754|cpu 204] [warning] replicating prompt of length 6435
[15:45:18.516346484|thread 3575754|cpu 204] [warning] replicating prompt of length 6578
[15:45:18.516347209|thread 3575754|cpu 204] [warning] replicating prompt of length 6721
[15:45:18.516347826|thread 3575754|cpu 204] [warning] replicating prompt of length 6864
[15:45:18.516348459|thread 3575754|cpu 204] [warning] replicating prompt of length 7007
[15:45:18.516349085|thread 3575754|cpu 204] [warning] replicating prompt of length 7150
[15:45:18.516349695|thread 3575754|cpu 204] [warning] replicating prompt of length 7293
[15:45:18.516350315|thread 3575754|cpu 204] [warning] replicating prompt of length 7436
[15:45:18.516350944|thread 3575754|cpu 204] [warning] replicating prompt of length 7579
[15:45:18.516351573|thread 3575754|cpu 204] [warning] replicating prompt of length 7722
[15:45:18.516352216|thread 3575754|cpu 204] [warning] replicating prompt of length 7865
[15:45:18.516353613|thread 3575754|cpu 204] [warning] replicating prompt of length 8008
[15:45:18.516354241|thread 3575754|cpu 204] [warning] replicating prompt of length 8151
[15:45:18.516354924|thread 3575754|cpu 204] [warning] replicating prompt of length 99
[15:45:18.516355844|thread 3575754|cpu 204] [warning] replicating prompt of length 198
[15:45:18.516358653|thread 3575754|cpu 204] [warning] replicating prompt of length 297
[15:45:18.516359349|thread 3575754|cpu 204] [warning] replicating prompt of length 396
[15:45:18.516360054|thread 3575754|cpu 204] [warning] replicating prompt of length 495
[15:45:18.516360695|thread 3575754|cpu 204] [warning] replicating prompt of length 594
[15:45:18.516361339|thread 3575754|cpu 204] [warning] replicating prompt of length 693
[15:45:18.516361984|thread 3575754|cpu 204] [warning] replicating prompt of length 792
[15:45:18.516362686|thread 3575754|cpu 204] [warning] replicating prompt of length 891
[15:45:18.516363315|thread 3575754|cpu 204] [warning] replicating prompt of length 990
[15:45:18.516363936|thread 3575754|cpu 204] [warning] replicating prompt of length 1089
[15:45:18.516364582|thread 3575754|cpu 204] [warning] replicating prompt of length 1188
[15:45:18.516365207|thread 3575754|cpu 204] [warning] replicating prompt of length 1287
[15:45:18.516365850|thread 3575754|cpu 204] [warning] replicating prompt of length 1386
[15:45:18.516366494|thread 3575754|cpu 204] [warning] replicating prompt of length 1485
[15:45:18.516367133|thread 3575754|cpu 204] [warning] replicating prompt of length 1584
[15:45:18.516367857|thread 3575754|cpu 204] [warning] replicating prompt of length 1683
[15:45:18.516368478|thread 3575754|cpu 204] [warning] replicating prompt of length 1782
[15:45:18.516369089|thread 3575754|cpu 204] [warning] replicating prompt of length 1881
[15:45:18.516369699|thread 3575754|cpu 204] [warning] replicating prompt of length 1980
[15:45:18.516370314|thread 3575754|cpu 204] [warning] replicating prompt of length 2079
[15:45:18.516370931|thread 3575754|cpu 204] [warning] replicating prompt of length 2178
[15:45:18.516371555|thread 3575754|cpu 204] [warning] replicating prompt of length 2277
[15:45:18.516372193|thread 3575754|cpu 204] [warning] replicating prompt of length 2376
[15:45:18.516372818|thread 3575754|cpu 204] [warning] replicating prompt of length 2475
[15:45:18.516373431|thread 3575754|cpu 204] [warning] replicating prompt of length 2574
[15:45:18.516374050|thread 3575754|cpu 204] [warning] replicating prompt of length 2673
[15:45:18.516374670|thread 3575754|cpu 204] [warning] replicating prompt of length 2772
[15:45:18.516375311|thread 3575754|cpu 204] [warning] replicating prompt of length 2871
[15:45:18.516375927|thread 3575754|cpu 204] [warning] replicating prompt of length 2970
[15:45:18.516376564|thread 3575754|cpu 204] [warning] replicating prompt of length 3069
[15:45:18.516377190|thread 3575754|cpu 204] [warning] replicating prompt of length 3168
[15:45:18.516378085|thread 3575754|cpu 204] [warning] replicating prompt of length 3267
[15:45:18.516378745|thread 3575754|cpu 204] [warning] replicating prompt of length 3366
[15:45:18.516379364|thread 3575754|cpu 204] [warning] replicating prompt of length 3465
[15:45:18.516379985|thread 3575754|cpu 204] [warning] replicating prompt of length 3564
[15:45:18.516380601|thread 3575754|cpu 204] [warning] replicating prompt of length 3663
[15:45:18.516381219|thread 3575754|cpu 204] [warning] replicating prompt of length 3762
[15:45:18.516381836|thread 3575754|cpu 204] [warning] replicating prompt of length 3861
[15:45:18.516382444|thread 3575754|cpu 204] [warning] replicating prompt of length 3960
[15:45:18.516383062|thread 3575754|cpu 204] [warning] replicating prompt of length 4059
[15:45:18.516383673|thread 3575754|cpu 204] [warning] replicating prompt of length 4158
[15:45:18.516384287|thread 3575754|cpu 204] [warning] replicating prompt of length 4257
[15:45:18.516384918|thread 3575754|cpu 204] [warning] replicating prompt of length 4356
[15:45:18.516386893|thread 3575754|cpu 204] [warning] replicating prompt of length 4455
[15:45:18.516387537|thread 3575754|cpu 204] [warning] replicating prompt of length 4554
[15:45:18.516388160|thread 3575754|cpu 204] [warning] replicating prompt of length 4653
[15:45:18.516388779|thread 3575754|cpu 204] [warning] replicating prompt of length 4752
[15:45:18.516389404|thread 3575754|cpu 204] [warning] replicating prompt of length 4851
[15:45:18.516390014|thread 3575754|cpu 204] [warning] replicating prompt of length 4950
[15:45:18.516390629|thread 3575754|cpu 204] [warning] replicating prompt of length 5049
[15:45:18.516391255|thread 3575754|cpu 204] [warning] replicating prompt of length 5148
[15:45:18.516391881|thread 3575754|cpu 204] [warning] replicating prompt of length 5247
[15:45:18.516392493|thread 3575754|cpu 204] [warning] replicating prompt of length 5346
[15:45:18.516393109|thread 3575754|cpu 204] [warning] replicating prompt of length 5445
[15:45:18.516393753|thread 3575754|cpu 204] [warning] replicating prompt of length 5544
[15:45:18.516394368|thread 3575754|cpu 204] [warning] replicating prompt of length 5643
[15:45:18.516394988|thread 3575754|cpu 204] [warning] replicating prompt of length 5742
[15:45:18.516395610|thread 3575754|cpu 204] [warning] replicating prompt of length 5841
[15:45:18.516396218|thread 3575754|cpu 204] [warning] replicating prompt of length 5940
[15:45:18.516396828|thread 3575754|cpu 204] [warning] replicating prompt of length 6039
[15:45:18.516397441|thread 3575754|cpu 204] [warning] replicating prompt of length 6138
[15:45:18.516398044|thread 3575754|cpu 204] [warning] replicating prompt of length 6237
[15:45:18.516398655|thread 3575754|cpu 204] [warning] replicating prompt of length 6336
[15:45:18.516401162|thread 3575754|cpu 204] [warning] replicating prompt of length 6435
[15:45:18.516401909|thread 3575754|cpu 204] [warning] replicating prompt of length 6534
[15:45:18.516402536|thread 3575754|cpu 204] [warning] replicating prompt of length 6633
[15:45:18.516403164|thread 3575754|cpu 204] [warning] replicating prompt of length 6732
[15:45:18.516403781|thread 3575754|cpu 204] [warning] replicating prompt of length 6831
[15:45:18.516404394|thread 3575754|cpu 204] [warning] replicating prompt of length 6930
[15:45:18.516405013|thread 3575754|cpu 204] [warning] replicating prompt of length 7029
[15:45:18.516405635|thread 3575754|cpu 204] [warning] replicating prompt of length 7128
[15:45:18.516406275|thread 3575754|cpu 204] [warning] replicating prompt of length 7227
[15:45:18.516406967|thread 3575754|cpu 204] [warning] replicating prompt of length 7326
[15:45:18.516407593|thread 3575754|cpu 204] [warning] replicating prompt of length 7425
[15:45:18.516408216|thread 3575754|cpu 204] [warning] replicating prompt of length 7524
[15:45:18.516408846|thread 3575754|cpu 204] [warning] replicating prompt of length 7623
[15:45:18.516409491|thread 3575754|cpu 204] [warning] replicating prompt of length 7722
[15:45:18.516410124|thread 3575754|cpu 204] [warning] replicating prompt of length 7821
[15:45:18.516410746|thread 3575754|cpu 204] [warning] replicating prompt of length 7920
[15:45:18.516411366|thread 3575754|cpu 204] [warning] replicating prompt of length 8019
[15:45:18.516411985|thread 3575754|cpu 204] [warning] replicating prompt of length 8118
[15:45:18.516412645|thread 3575754|cpu 204] [warning] replicating prompt of length 310
[15:45:18.516413479|thread 3575754|cpu 204] [warning] replicating prompt of length 620
[15:45:18.516414198|thread 3575754|cpu 204] [warning] replicating prompt of length 930
[15:45:18.516414852|thread 3575754|cpu 204] [warning] replicating prompt of length 1240
[15:45:18.516415562|thread 3575754|cpu 204] [warning] replicating prompt of length 1550
[15:45:18.516416222|thread 3575754|cpu 204] [warning] replicating prompt of length 1860
[15:45:18.516416871|thread 3575754|cpu 204] [warning] replicating prompt of length 2170
[15:45:18.516417527|thread 3575754|cpu 204] [warning] replicating prompt of length 2480
[15:45:18.516418299|thread 3575754|cpu 204] [warning] replicating prompt of length 2790
[15:45:18.516419780|thread 3575754|cpu 204] [warning] replicating prompt of length 3100
[15:45:18.516420436|thread 3575754|cpu 204] [warning] replicating prompt of length 3410
[15:45:18.516421057|thread 3575754|cpu 204] [warning] replicating prompt of length 3720
[15:45:18.516421671|thread 3575754|cpu 204] [warning] replicating prompt of length 4030
[15:45:18.516422322|thread 3575754|cpu 204] [warning] replicating prompt of length 4340
[15:45:18.516425109|thread 3575754|cpu 204] [warning] replicating prompt of length 4650
[15:45:18.516425804|thread 3575754|cpu 204] [warning] replicating prompt of length 4960
[15:45:18.516427764|thread 3575754|cpu 204] [warning] replicating prompt of length 5270
[15:45:18.516428453|thread 3575754|cpu 204] [warning] replicating prompt of length 5580
[15:45:18.516429070|thread 3575754|cpu 204] [warning] replicating prompt of length 5890
[15:45:18.516429719|thread 3575754|cpu 204] [warning] replicating prompt of length 6200
[15:45:18.516430361|thread 3575754|cpu 204] [warning] replicating prompt of length 6510
[15:45:18.516430974|thread 3575754|cpu 204] [warning] replicating prompt of length 6820
[15:45:18.516431600|thread 3575754|cpu 204] [warning] replicating prompt of length 7130
[15:45:18.516432230|thread 3575754|cpu 204] [warning] replicating prompt of length 7440
[15:45:18.516432857|thread 3575754|cpu 204] [warning] replicating prompt of length 7750
[15:45:18.516433485|thread 3575754|cpu 204] [warning] replicating prompt of length 8060
[15:45:18.516434151|thread 3575754|cpu 204] [warning] replicating prompt of length 167
[15:45:18.516434987|thread 3575754|cpu 204] [warning] replicating prompt of length 334
[15:45:18.516435762|thread 3575754|cpu 204] [warning] replicating prompt of length 501
[15:45:18.516436495|thread 3575754|cpu 204] [warning] replicating prompt of length 668
[15:45:18.516437285|thread 3575754|cpu 204] [warning] replicating prompt of length 835
[15:45:18.516437911|thread 3575754|cpu 204] [warning] replicating prompt of length 1002
[15:45:18.516438561|thread 3575754|cpu 204] [warning] replicating prompt of length 1169
[15:45:18.516439193|thread 3575754|cpu 204] [warning] replicating prompt of length 1336
[15:45:18.516439960|thread 3575754|cpu 204] [warning] replicating prompt of length 1503
[15:45:18.516440586|thread 3575754|cpu 204] [warning] replicating prompt of length 1670
[15:45:18.516441202|thread 3575754|cpu 204] [warning] replicating prompt of length 1837
[15:45:18.516441828|thread 3575754|cpu 204] [warning] replicating prompt of length 2004
[15:45:18.516442473|thread 3575754|cpu 204] [warning] replicating prompt of length 2171
[15:45:18.516443127|thread 3575754|cpu 204] [warning] replicating prompt of length 2338
[15:45:18.516443771|thread 3575754|cpu 204] [warning] replicating prompt of length 2505
[15:45:18.516444398|thread 3575754|cpu 204] [warning] replicating prompt of length 2672
[15:45:18.516445199|thread 3575754|cpu 204] [warning] replicating prompt of length 2839
[15:45:18.516445845|thread 3575754|cpu 204] [warning] replicating prompt of length 3006
[15:45:18.516446470|thread 3575754|cpu 204] [warning] replicating prompt of length 3173
[15:45:18.516447091|thread 3575754|cpu 204] [warning] replicating prompt of length 3340
[15:45:18.516447714|thread 3575754|cpu 204] [warning] replicating prompt of length 3507
[15:45:18.516448334|thread 3575754|cpu 204] [warning] replicating prompt of length 3674
[15:45:18.516448979|thread 3575754|cpu 204] [warning] replicating prompt of length 3841
[15:45:18.516449601|thread 3575754|cpu 204] [warning] replicating prompt of length 4008
[15:45:18.516450208|thread 3575754|cpu 204] [warning] replicating prompt of length 4175
[15:45:18.516450830|thread 3575754|cpu 204] [warning] replicating prompt of length 4342
[15:45:18.516451458|thread 3575754|cpu 204] [warning] replicating prompt of length 4509
[15:45:18.516452098|thread 3575754|cpu 204] [warning] replicating prompt of length 4676
[15:45:18.516452711|thread 3575754|cpu 204] [warning] replicating prompt of length 4843
[15:45:18.516453331|thread 3575754|cpu 204] [warning] replicating prompt of length 5010
[15:45:18.516454666|thread 3575754|cpu 204] [warning] replicating prompt of length 5177
[15:45:18.516455303|thread 3575754|cpu 204] [warning] replicating prompt of length 5344
[15:45:18.516457487|thread 3575754|cpu 204] [warning] replicating prompt of length 5511
[15:45:18.516458239|thread 3575754|cpu 204] [warning] replicating prompt of length 5678
[15:45:18.516458854|thread 3575754|cpu 204] [warning] replicating prompt of length 5845
[15:45:18.516459480|thread 3575754|cpu 204] [warning] replicating prompt of length 6012
[15:45:18.516460088|thread 3575754|cpu 204] [warning] replicating prompt of length 6179
[15:45:18.516460747|thread 3575754|cpu 204] [warning] replicating prompt of length 6346
[15:45:18.516461386|thread 3575754|cpu 204] [warning] replicating prompt of length 6513
[15:45:18.516462014|thread 3575754|cpu 204] [warning] replicating prompt of length 6680
[15:45:18.516462632|thread 3575754|cpu 204] [warning] replicating prompt of length 6847
[15:45:18.516463280|thread 3575754|cpu 204] [warning] replicating prompt of length 7014
[15:45:18.516463901|thread 3575754|cpu 204] [warning] replicating prompt of length 7181
[15:45:18.516464529|thread 3575754|cpu 204] [warning] replicating prompt of length 7348
[15:45:18.516465177|thread 3575754|cpu 204] [warning] replicating prompt of length 7515
[15:45:18.516465810|thread 3575754|cpu 204] [warning] replicating prompt of length 7682
[15:45:18.516466430|thread 3575754|cpu 204] [warning] replicating prompt of length 7849
[15:45:18.516467039|thread 3575754|cpu 204] [warning] replicating prompt of length 8016
[15:45:18.516467653|thread 3575754|cpu 204] [warning] replicating prompt of length 8183
[15:45:18.516468304|thread 3575754|cpu 204] [warning] replicating prompt of length 271
[15:45:18.516469037|thread 3575754|cpu 204] [warning] replicating prompt of length 542
[15:45:18.516469744|thread 3575754|cpu 204] [warning] replicating prompt of length 813
[15:45:18.516470407|thread 3575754|cpu 204] [warning] replicating prompt of length 1084
[15:45:18.516471166|thread 3575754|cpu 204] [warning] replicating prompt of length 1355
[15:45:18.516471826|thread 3575754|cpu 204] [warning] replicating prompt of length 1626
[15:45:18.516472477|thread 3575754|cpu 204] [warning] replicating prompt of length 1897
[15:45:18.516473100|thread 3575754|cpu 204] [warning] replicating prompt of length 2168
[15:45:18.516473959|thread 3575754|cpu 204] [warning] replicating prompt of length 2439
[15:45:18.516474593|thread 3575754|cpu 204] [warning] replicating prompt of length 2710
[15:45:18.516475235|thread 3575754|cpu 204] [warning] replicating prompt of length 2981
[15:45:18.516475854|thread 3575754|cpu 204] [warning] replicating prompt of length 3252
[15:45:18.516476466|thread 3575754|cpu 204] [warning] replicating prompt of length 3523
[15:45:18.516477080|thread 3575754|cpu 204] [warning] replicating prompt of length 3794
[15:45:18.516477719|thread 3575754|cpu 204] [warning] replicating prompt of length 4065
[15:45:18.516478352|thread 3575754|cpu 204] [warning] replicating prompt of length 4336
[15:45:18.516480434|thread 3575754|cpu 204] [warning] replicating prompt of length 4607
[15:45:18.516481095|thread 3575754|cpu 204] [warning] replicating prompt of length 4878
[15:45:18.516481748|thread 3575754|cpu 204] [warning] replicating prompt of length 5149
[15:45:18.516482449|thread 3575754|cpu 204] [warning] replicating prompt of length 5420
[15:45:18.516483069|thread 3575754|cpu 204] [warning] replicating prompt of length 5691
[15:45:18.516483686|thread 3575754|cpu 204] [warning] replicating prompt of length 5962
[15:45:18.516484347|thread 3575754|cpu 204] [warning] replicating prompt of length 6233
[15:45:18.516484994|thread 3575754|cpu 204] [warning] replicating prompt of length 6504
[15:45:18.516485615|thread 3575754|cpu 204] [warning] replicating prompt of length 6775
[15:45:18.516486247|thread 3575754|cpu 204] [warning] replicating prompt of length 7046
[15:45:18.516486903|thread 3575754|cpu 204] [warning] replicating prompt of length 7317
[15:45:18.516489369|thread 3575754|cpu 204] [warning] replicating prompt of length 7588
[15:45:18.516490052|thread 3575754|cpu 204] [warning] replicating prompt of length 7859
[15:45:18.516490683|thread 3575754|cpu 204] [warning] replicating prompt of length 8130
[15:45:18.516491338|thread 3575754|cpu 204] [warning] replicating prompt of length 674
[15:45:18.516492209|thread 3575754|cpu 204] [warning] replicating prompt of length 1348
[15:45:18.516494925|thread 3575754|cpu 204] [warning] replicating prompt of length 2022
[15:45:18.516495593|thread 3575754|cpu 204] [warning] replicating prompt of length 2696
[15:45:18.516496369|thread 3575754|cpu 204] [warning] replicating prompt of length 3370
[15:45:18.516497006|thread 3575754|cpu 204] [warning] replicating prompt of length 4044
[15:45:18.516497649|thread 3575754|cpu 204] [warning] replicating prompt of length 4718
[15:45:18.516498338|thread 3575754|cpu 204] [warning] replicating prompt of length 5392
[15:45:18.516500587|thread 3575754|cpu 204] [warning] replicating prompt of length 6066
[15:45:18.516501358|thread 3575754|cpu 204] [warning] replicating prompt of length 6740
[15:45:18.516502075|thread 3575754|cpu 204] [warning] replicating prompt of length 7414
[15:45:18.516502784|thread 3575754|cpu 204] [warning] replicating prompt of length 8088
[15:45:18.516503435|thread 3575754|cpu 204] [warning] replicating prompt of length 175
[15:45:18.516504163|thread 3575754|cpu 204] [warning] replicating prompt of length 350
[15:45:18.516504835|thread 3575754|cpu 204] [warning] replicating prompt of length 525
[15:45:18.516505486|thread 3575754|cpu 204] [warning] replicating prompt of length 700
[15:45:18.516506167|thread 3575754|cpu 204] [warning] replicating prompt of length 875
[15:45:18.516506812|thread 3575754|cpu 204] [warning] replicating prompt of length 1050
[15:45:18.516507453|thread 3575754|cpu 204] [warning] replicating prompt of length 1225
[15:45:18.516508086|thread 3575754|cpu 204] [warning] replicating prompt of length 1400
[15:45:18.516508793|thread 3575754|cpu 204] [warning] replicating prompt of length 1575
[15:45:18.516509410|thread 3575754|cpu 204] [warning] replicating prompt of length 1750
[15:45:18.516510049|thread 3575754|cpu 204] [warning] replicating prompt of length 1925
[15:45:18.516510670|thread 3575754|cpu 204] [warning] replicating prompt of length 2100
[15:45:18.516511297|thread 3575754|cpu 204] [warning] replicating prompt of length 2275
[15:45:18.516511909|thread 3575754|cpu 204] [warning] replicating prompt of length 2450
[15:45:18.516512522|thread 3575754|cpu 204] [warning] replicating prompt of length 2625
[15:45:18.516513150|thread 3575754|cpu 204] [warning] replicating prompt of length 2800
[15:45:18.516513911|thread 3575754|cpu 204] [warning] replicating prompt of length 2975
[15:45:18.516514530|thread 3575754|cpu 204] [warning] replicating prompt of length 3150
[15:45:18.516515147|thread 3575754|cpu 204] [warning] replicating prompt of length 3325
[15:45:18.516515780|thread 3575754|cpu 204] [warning] replicating prompt of length 3500
[15:45:18.516516395|thread 3575754|cpu 204] [warning] replicating prompt of length 3675
[15:45:18.516517003|thread 3575754|cpu 204] [warning] replicating prompt of length 3850
[15:45:18.516517620|thread 3575754|cpu 204] [warning] replicating prompt of length 4025
[15:45:18.516518238|thread 3575754|cpu 204] [warning] replicating prompt of length 4200
[15:45:18.516518861|thread 3575754|cpu 204] [warning] replicating prompt of length 4375
[15:45:18.516519478|thread 3575754|cpu 204] [warning] replicating prompt of length 4550
[15:45:18.516520087|thread 3575754|cpu 204] [warning] replicating prompt of length 4725
[15:45:18.516520735|thread 3575754|cpu 204] [warning] replicating prompt of length 4900
[15:45:18.516521341|thread 3575754|cpu 204] [warning] replicating prompt of length 5075
[15:45:18.516521965|thread 3575754|cpu 204] [warning] replicating prompt of length 5250
[15:45:18.516522574|thread 3575754|cpu 204] [warning] replicating prompt of length 5425
[15:45:18.516523185|thread 3575754|cpu 204] [warning] replicating prompt of length 5600
[15:45:18.516526038|thread 3575754|cpu 204] [warning] replicating prompt of length 5775
[15:45:18.516526751|thread 3575754|cpu 204] [warning] replicating prompt of length 5950
[15:45:18.516527370|thread 3575754|cpu 204] [warning] replicating prompt of length 6125
[15:45:18.516527987|thread 3575754|cpu 204] [warning] replicating prompt of length 6300
[15:45:18.516528600|thread 3575754|cpu 204] [warning] replicating prompt of length 6475
[15:45:18.516529235|thread 3575754|cpu 204] [warning] replicating prompt of length 6650
[15:45:18.516529862|thread 3575754|cpu 204] [warning] replicating prompt of length 6825
[15:45:18.516530481|thread 3575754|cpu 204] [warning] replicating prompt of length 7000
[15:45:18.516531127|thread 3575754|cpu 204] [warning] replicating prompt of length 7175
[15:45:18.516531761|thread 3575754|cpu 204] [warning] replicating prompt of length 7350
[15:45:18.516532372|thread 3575754|cpu 204] [warning] replicating prompt of length 7525
[15:45:18.516533029|thread 3575754|cpu 204] [warning] replicating prompt of length 7700
[15:45:18.516533646|thread 3575754|cpu 204] [warning] replicating prompt of length 7875
[15:45:18.516534280|thread 3575754|cpu 204] [warning] replicating prompt of length 8050
[15:45:18.516534953|thread 3575754|cpu 204] [warning] replicating prompt of length 274
[15:45:18.516535656|thread 3575754|cpu 204] [warning] replicating prompt of length 548
[15:45:18.516536346|thread 3575754|cpu 204] [warning] replicating prompt of length 822
[15:45:18.516536995|thread 3575754|cpu 204] [warning] replicating prompt of length 1096
[15:45:18.516537691|thread 3575754|cpu 204] [warning] replicating prompt of length 1370
[15:45:18.516538327|thread 3575754|cpu 204] [warning] replicating prompt of length 1644
[15:45:18.516538956|thread 3575754|cpu 204] [warning] replicating prompt of length 1918
[15:45:18.516539577|thread 3575754|cpu 204] [warning] replicating prompt of length 2192
[15:45:18.516540397|thread 3575754|cpu 204] [warning] replicating prompt of length 2466
[15:45:18.516541043|thread 3575754|cpu 204] [warning] replicating prompt of length 2740
[15:45:18.516541674|thread 3575754|cpu 204] [warning] replicating prompt of length 3014
[15:45:18.516542295|thread 3575754|cpu 204] [warning] replicating prompt of length 3288
[15:45:18.516542938|thread 3575754|cpu 204] [warning] replicating prompt of length 3562
[15:45:18.516543552|thread 3575754|cpu 204] [warning] replicating prompt of length 3836
[15:45:18.516544184|thread 3575754|cpu 204] [warning] replicating prompt of length 4110
[15:45:18.516544825|thread 3575754|cpu 204] [warning] replicating prompt of length 4384
[15:45:18.516546916|thread 3575754|cpu 204] [warning] replicating prompt of length 4658
[15:45:18.516547605|thread 3575754|cpu 204] [warning] replicating prompt of length 4932
[15:45:18.516548229|thread 3575754|cpu 204] [warning] replicating prompt of length 5206
[15:45:18.516548873|thread 3575754|cpu 204] [warning] replicating prompt of length 5480
[15:45:18.516549544|thread 3575754|cpu 204] [warning] replicating prompt of length 5754
[15:45:18.516550153|thread 3575754|cpu 204] [warning] replicating prompt of length 6028
[15:45:18.516550769|thread 3575754|cpu 204] [warning] replicating prompt of length 6302
[15:45:18.516551427|thread 3575754|cpu 204] [warning] replicating prompt of length 6576
[15:45:18.516552076|thread 3575754|cpu 204] [warning] replicating prompt of length 6850
[15:45:18.516552710|thread 3575754|cpu 204] [warning] replicating prompt of length 7124
[15:45:18.516553318|thread 3575754|cpu 204] [warning] replicating prompt of length 7398
[15:45:18.516553970|thread 3575754|cpu 204] [warning] replicating prompt of length 7672
[15:45:18.516554593|thread 3575754|cpu 204] [warning] replicating prompt of length 7946
[15:45:18.516555270|thread 3575754|cpu 204] [warning] replicating prompt of length 330
[15:45:18.516556035|thread 3575754|cpu 204] [warning] replicating prompt of length 660
[15:45:18.516556699|thread 3575754|cpu 204] [warning] replicating prompt of length 990
[15:45:18.516558077|thread 3575754|cpu 204] [warning] replicating prompt of length 1320
[15:45:18.516558825|thread 3575754|cpu 204] [warning] replicating prompt of length 1650
[15:45:18.516559456|thread 3575754|cpu 204] [warning] replicating prompt of length 1980
[15:45:18.516560093|thread 3575754|cpu 204] [warning] replicating prompt of length 2310
[15:45:18.516560742|thread 3575754|cpu 204] [warning] replicating prompt of length 2640
[15:45:18.516563929|thread 3575754|cpu 204] [warning] replicating prompt of length 2970
[15:45:18.516564590|thread 3575754|cpu 204] [warning] replicating prompt of length 3300
[15:45:18.516565216|thread 3575754|cpu 204] [warning] replicating prompt of length 3630
[15:45:18.516565870|thread 3575754|cpu 204] [warning] replicating prompt of length 3960
[15:45:18.516566509|thread 3575754|cpu 204] [warning] replicating prompt of length 4290
[15:45:18.516567134|thread 3575754|cpu 204] [warning] replicating prompt of length 4620
[15:45:18.516567768|thread 3575754|cpu 204] [warning] replicating prompt of length 4950
[15:45:18.516568409|thread 3575754|cpu 204] [warning] replicating prompt of length 5280
[15:45:18.516570553|thread 3575754|cpu 204] [warning] replicating prompt of length 5610
[15:45:18.516571509|thread 3575754|cpu 204] [warning] replicating prompt of length 5940
[15:45:18.516572159|thread 3575754|cpu 204] [warning] replicating prompt of length 6270
[15:45:18.516572808|thread 3575754|cpu 204] [warning] replicating prompt of length 6600
[15:45:18.516573459|thread 3575754|cpu 204] [warning] replicating prompt of length 6930
[15:45:18.516574112|thread 3575754|cpu 204] [warning] replicating prompt of length 7260
[15:45:18.516574762|thread 3575754|cpu 204] [warning] replicating prompt of length 7590
[15:45:18.516575384|thread 3575754|cpu 204] [warning] replicating prompt of length 7920
[15:45:18.516576033|thread 3575754|cpu 204] [warning] replicating prompt of length 90
[15:45:18.516576746|thread 3575754|cpu 204] [warning] replicating prompt of length 180
[15:45:18.516577450|thread 3575754|cpu 204] [warning] replicating prompt of length 270
[15:45:18.516578116|thread 3575754|cpu 204] [warning] replicating prompt of length 360
[15:45:18.516578780|thread 3575754|cpu 204] [warning] replicating prompt of length 450
[15:45:18.516579426|thread 3575754|cpu 204] [warning] replicating prompt of length 540
[15:45:18.516580058|thread 3575754|cpu 204] [warning] replicating prompt of length 630
[15:45:18.516580687|thread 3575754|cpu 204] [warning] replicating prompt of length 720
[15:45:18.516581361|thread 3575754|cpu 204] [warning] replicating prompt of length 810
[15:45:18.516581999|thread 3575754|cpu 204] [warning] replicating prompt of length 900
[15:45:18.516582630|thread 3575754|cpu 204] [warning] replicating prompt of length 990
[15:45:18.516583239|thread 3575754|cpu 204] [warning] replicating prompt of length 1080
[15:45:18.516583883|thread 3575754|cpu 204] [warning] replicating prompt of length 1170
[15:45:18.516584506|thread 3575754|cpu 204] [warning] replicating prompt of length 1260
[15:45:18.516585149|thread 3575754|cpu 204] [warning] replicating prompt of length 1350
[15:45:18.516585770|thread 3575754|cpu 204] [warning] replicating prompt of length 1440
[15:45:18.516586484|thread 3575754|cpu 204] [warning] replicating prompt of length 1530
[15:45:18.516587111|thread 3575754|cpu 204] [warning] replicating prompt of length 1620
[15:45:18.516587737|thread 3575754|cpu 204] [warning] replicating prompt of length 1710
[15:45:18.516588357|thread 3575754|cpu 204] [warning] replicating prompt of length 1800
[15:45:18.516588963|thread 3575754|cpu 204] [warning] replicating prompt of length 1890
[15:45:18.516589570|thread 3575754|cpu 204] [warning] replicating prompt of length 1980
[15:45:18.516590185|thread 3575754|cpu 204] [warning] replicating prompt of length 2070
[15:45:18.516590812|thread 3575754|cpu 204] [warning] replicating prompt of length 2160
[15:45:18.516591420|thread 3575754|cpu 204] [warning] replicating prompt of length 2250
[15:45:18.516592034|thread 3575754|cpu 204] [warning] replicating prompt of length 2340
[15:45:18.516593390|thread 3575754|cpu 204] [warning] replicating prompt of length 2430
[15:45:18.516594005|thread 3575754|cpu 204] [warning] replicating prompt of length 2520
[15:45:18.516594619|thread 3575754|cpu 204] [warning] replicating prompt of length 2610
[15:45:18.516595229|thread 3575754|cpu 204] [warning] replicating prompt of length 2700
[15:45:18.516595855|thread 3575754|cpu 204] [warning] replicating prompt of length 2790
[15:45:18.516596492|thread 3575754|cpu 204] [warning] replicating prompt of length 2880
[15:45:18.516597309|thread 3575754|cpu 204] [warning] replicating prompt of length 2970
[15:45:18.516597941|thread 3575754|cpu 204] [warning] replicating prompt of length 3060
[15:45:18.516598555|thread 3575754|cpu 204] [warning] replicating prompt of length 3150
[15:45:18.516599179|thread 3575754|cpu 204] [warning] replicating prompt of length 3240
[15:45:18.516599786|thread 3575754|cpu 204] [warning] replicating prompt of length 3330
[15:45:18.516600398|thread 3575754|cpu 204] [warning] replicating prompt of length 3420
[15:45:18.516601032|thread 3575754|cpu 204] [warning] replicating prompt of length 3510
[15:45:18.516601654|thread 3575754|cpu 204] [warning] replicating prompt of length 3600
[15:45:18.516602276|thread 3575754|cpu 204] [warning] replicating prompt of length 3690
[15:45:18.516602882|thread 3575754|cpu 204] [warning] replicating prompt of length 3780
[15:45:18.516603502|thread 3575754|cpu 204] [warning] replicating prompt of length 3870
[15:45:18.516604105|thread 3575754|cpu 204] [warning] replicating prompt of length 3960
[15:45:18.516604722|thread 3575754|cpu 204] [warning] replicating prompt of length 4050
[15:45:18.516605334|thread 3575754|cpu 204] [warning] replicating prompt of length 4140
[15:45:18.516605949|thread 3575754|cpu 204] [warning] replicating prompt of length 4230
[15:45:18.516606564|thread 3575754|cpu 204] [warning] replicating prompt of length 4320
[15:45:18.516607184|thread 3575754|cpu 204] [warning] replicating prompt of length 4410
[15:45:18.516607809|thread 3575754|cpu 204] [warning] replicating prompt of length 4500
[15:45:18.516608421|thread 3575754|cpu 204] [warning] replicating prompt of length 4590
[15:45:18.516609051|thread 3575754|cpu 204] [warning] replicating prompt of length 4680
[15:45:18.516609651|thread 3575754|cpu 204] [warning] replicating prompt of length 4770
[15:45:18.516610267|thread 3575754|cpu 204] [warning] replicating prompt of length 4860
[15:45:18.516610870|thread 3575754|cpu 204] [warning] replicating prompt of length 4950
[15:45:18.516611488|thread 3575754|cpu 204] [warning] replicating prompt of length 5040
[15:45:18.516612109|thread 3575754|cpu 204] [warning] replicating prompt of length 5130
[15:45:18.516612714|thread 3575754|cpu 204] [warning] replicating prompt of length 5220
[15:45:18.516613317|thread 3575754|cpu 204] [warning] replicating prompt of length 5310
[15:45:18.516613923|thread 3575754|cpu 204] [warning] replicating prompt of length 5400
[15:45:18.516614538|thread 3575754|cpu 204] [warning] replicating prompt of length 5490
[15:45:18.516615145|thread 3575754|cpu 204] [warning] replicating prompt of length 5580
[15:45:18.516615763|thread 3575754|cpu 204] [warning] replicating prompt of length 5670
[15:45:18.516616383|thread 3575754|cpu 204] [warning] replicating prompt of length 5760
[15:45:18.516618242|thread 3575754|cpu 204] [warning] replicating prompt of length 5850
[15:45:18.516618900|thread 3575754|cpu 204] [warning] replicating prompt of length 5940
[15:45:18.516619505|thread 3575754|cpu 204] [warning] replicating prompt of length 6030
[15:45:18.516620115|thread 3575754|cpu 204] [warning] replicating prompt of length 6120
[15:45:18.516620720|thread 3575754|cpu 204] [warning] replicating prompt of length 6210
[15:45:18.516621332|thread 3575754|cpu 204] [warning] replicating prompt of length 6300
[15:45:18.516621952|thread 3575754|cpu 204] [warning] replicating prompt of length 6390
[15:45:18.516622569|thread 3575754|cpu 204] [warning] replicating prompt of length 6480
[15:45:18.516623185|thread 3575754|cpu 204] [warning] replicating prompt of length 6570
[15:45:18.516624503|thread 3575754|cpu 204] [warning] replicating prompt of length 6660
[15:45:18.516625139|thread 3575754|cpu 204] [warning] replicating prompt of length 6750
[15:45:18.516625763|thread 3575754|cpu 204] [warning] replicating prompt of length 6840
[15:45:18.516626416|thread 3575754|cpu 204] [warning] replicating prompt of length 6930
[15:45:18.516628975|thread 3575754|cpu 204] [warning] replicating prompt of length 7020
[15:45:18.516629612|thread 3575754|cpu 204] [warning] replicating prompt of length 7110
[15:45:18.516630237|thread 3575754|cpu 204] [warning] replicating prompt of length 7200
[15:45:18.516630868|thread 3575754|cpu 204] [warning] replicating prompt of length 7290
[15:45:18.516631489|thread 3575754|cpu 204] [warning] replicating prompt of length 7380
[15:45:18.516632109|thread 3575754|cpu 204] [warning] replicating prompt of length 7470
[15:45:18.516632722|thread 3575754|cpu 204] [warning] replicating prompt of length 7560
[15:45:18.516633344|thread 3575754|cpu 204] [warning] replicating prompt of length 7650
[15:45:18.516633966|thread 3575754|cpu 204] [warning] replicating prompt of length 7740
[15:45:18.516634588|thread 3575754|cpu 204] [warning] replicating prompt of length 7830
[15:45:18.516635212|thread 3575754|cpu 204] [warning] replicating prompt of length 7920
[15:45:18.516635829|thread 3575754|cpu 204] [warning] replicating prompt of length 8010
[15:45:18.516636668|thread 3575754|cpu 204] [warning] replicating prompt of length 8100
[15:45:18.516637285|thread 3575754|cpu 204] [warning] replicating prompt of length 8190
[15:45:18.516637944|thread 3575754|cpu 204] [warning] replicating prompt of length 746
[15:45:18.516638794|thread 3575754|cpu 204] [warning] replicating prompt of length 1492
[15:45:18.516639537|thread 3575754|cpu 204] [warning] replicating prompt of length 2238
[15:45:18.516640203|thread 3575754|cpu 204] [warning] replicating prompt of length 2984
[15:45:18.516641085|thread 3575754|cpu 204] [warning] replicating prompt of length 3730
[15:45:18.516641748|thread 3575754|cpu 204] [warning] replicating prompt of length 4476
[15:45:18.516642415|thread 3575754|cpu 204] [warning] replicating prompt of length 5222
[15:45:18.516643054|thread 3575754|cpu 204] [warning] replicating prompt of length 5968
[15:45:18.516645077|thread 3575754|cpu 204] [warning] replicating prompt of length 6714
[15:45:18.516645870|thread 3575754|cpu 204] [warning] replicating prompt of length 7460
[15:45:18.516646595|thread 3575754|cpu 204] [warning] replicating prompt of length 1370
[15:45:18.516647541|thread 3575754|cpu 204] [warning] replicating prompt of length 2740
[15:45:18.516648359|thread 3575754|cpu 204] [warning] replicating prompt of length 4110
[15:45:18.516649036|thread 3575754|cpu 204] [warning] replicating prompt of length 5480
[15:45:18.516651332|thread 3575754|cpu 204] [warning] replicating prompt of length 6850
[15:45:18.516652195|thread 3575754|cpu 204] [warning] replicating prompt of length 3161
[15:45:18.516653528|thread 3575754|cpu 204] [warning] replicating prompt of length 6322
[15:45:18.516656169|thread 3575754|cpu 204] [warning] replicating prompt of length 3619
[15:45:18.516657865|thread 3575754|cpu 204] [warning] replicating prompt of length 7238
[15:45:18.516660312|thread 3575754|cpu 204] [warning] replicating prompt of length 4240
[15:45:18.516663389|thread 3575754|cpu 204] [warning] replicating prompt of length 781
[15:45:18.516664275|thread 3575754|cpu 204] [warning] replicating prompt of length 1562
[15:45:18.516665025|thread 3575754|cpu 204] [warning] replicating prompt of length 2343
[15:45:18.516665669|thread 3575754|cpu 204] [warning] replicating prompt of length 3124
[15:45:18.516666491|thread 3575754|cpu 204] [warning] replicating prompt of length 3905
[15:45:18.516667144|thread 3575754|cpu 204] [warning] replicating prompt of length 4686
[15:45:18.516667783|thread 3575754|cpu 204] [warning] replicating prompt of length 5467
[15:45:18.516668411|thread 3575754|cpu 204] [warning] replicating prompt of length 6248
[15:45:18.516671809|thread 3575754|cpu 204] [warning] replicating prompt of length 7029
[15:45:18.516672707|thread 3575754|cpu 204] [warning] replicating prompt of length 7810
[15:45:18.516673362|thread 3575754|cpu 204] [warning] replicating prompt of length 578
[15:45:18.516674174|thread 3575754|cpu 204] [warning] replicating prompt of length 1156
[15:45:18.516674898|thread 3575754|cpu 204] [warning] replicating prompt of length 1734
[15:45:18.516675524|thread 3575754|cpu 204] [warning] replicating prompt of length 2312
[15:45:18.516676301|thread 3575754|cpu 204] [warning] replicating prompt of length 2890
[15:45:18.516676935|thread 3575754|cpu 204] [warning] replicating prompt of length 3468
[15:45:18.516677555|thread 3575754|cpu 204] [warning] replicating prompt of length 4046
[15:45:18.516678215|thread 3575754|cpu 204] [warning] replicating prompt of length 4624
[15:45:18.516680189|thread 3575754|cpu 204] [warning] replicating prompt of length 5202
[15:45:18.516680950|thread 3575754|cpu 204] [warning] replicating prompt of length 5780
[15:45:18.516681658|thread 3575754|cpu 204] [warning] replicating prompt of length 6358
[15:45:18.516682332|thread 3575754|cpu 204] [warning] replicating prompt of length 6936
[15:45:18.516683025|thread 3575754|cpu 204] [warning] replicating prompt of length 7514
[15:45:18.516683707|thread 3575754|cpu 204] [warning] replicating prompt of length 8092
[15:45:18.516684363|thread 3575754|cpu 204] [warning] replicating prompt of length 438
[15:45:18.516685138|thread 3575754|cpu 204] [warning] replicating prompt of length 876
[15:45:18.516685855|thread 3575754|cpu 204] [warning] replicating prompt of length 1314
[15:45:18.516686517|thread 3575754|cpu 204] [warning] replicating prompt of length 1752
[15:45:18.516687274|thread 3575754|cpu 204] [warning] replicating prompt of length 2190
[15:45:18.516687903|thread 3575754|cpu 204] [warning] replicating prompt of length 2628
[15:45:18.516688530|thread 3575754|cpu 204] [warning] replicating prompt of length 3066
[15:45:18.516689197|thread 3575754|cpu 204] [warning] replicating prompt of length 3504
[15:45:18.516690052|thread 3575754|cpu 204] [warning] replicating prompt of length 3942
[15:45:18.516690701|thread 3575754|cpu 204] [warning] replicating prompt of length 4380
[15:45:18.516691314|thread 3575754|cpu 204] [warning] replicating prompt of length 4818
[15:45:18.516691924|thread 3575754|cpu 204] [warning] replicating prompt of length 5256
[15:45:18.516692538|thread 3575754|cpu 204] [warning] replicating prompt of length 5694
[15:45:18.516693167|thread 3575754|cpu 204] [warning] replicating prompt of length 6132
[15:45:18.516693785|thread 3575754|cpu 204] [warning] replicating prompt of length 6570
[15:45:18.516694384|thread 3575754|cpu 204] [warning] replicating prompt of length 7008
[15:45:18.516696640|thread 3575754|cpu 204] [warning] replicating prompt of length 7446
[15:45:18.516697385|thread 3575754|cpu 204] [warning] replicating prompt of length 7884
[15:45:18.516698024|thread 3575754|cpu 204] [warning] replicating prompt of length 2682
[15:45:18.516699218|thread 3575754|cpu 204] [warning] replicating prompt of length 5364
[15:45:18.516711150|thread 3575754|cpu 204] [warning] replicating prompt of length 8046
[15:45:18.516713194|thread 3575754|cpu 204] [warning] replicating prompt of length 5287
[15:45:18.516716508|thread 3575754|cpu 204] [warning] replicating prompt of length 5125
[15:45:18.516731768|thread 3575754|cpu 204] [info ] Processing 56 prompts
[15:45:18.517087640|thread 3575754|cpu 204] [debug] No model path specified, looking up default
[15:45:18.518198481|thread 3575754|cpu 204] [info ] Model ingested-qwen-3-4b-instruct-2507-tp2 at /opt/positron/weights_cache/cached/positron-ai/Qwen--Qwen3-4B-Instruct-2507-ingest-best-gptq-v1 not in cache 0x5b57a0d65e88, loading
[15:45:18.518248683|thread 3575754|cpu 204] [info ] Initializing devices took 4e-07 s
[15:45:18.518368958|thread 3575754|cpu 204] [info ] Loading all layers from /opt/positron/weights_cache/cached/positron-ai/Qwen--Qwen3-4B-Instruct-2507-ingest-best-gptq-v1
[15:45:18.518376918|thread 3575754|cpu 204] [info ] Using RotatedAmongDevices placement strategy with device_count=2, replicas=1
[15:45:18.518437637|thread 3575754|cpu 204] [info ] Sharded safetensors file found off directory name
[15:45:19.921792720|thread 3575754|cpu 204] [info ] Allocating and loading the model took 1.40353773 s 
[15:45:19.946729840|thread 3575754|cpu 204] [info ] Hw-Attn model params: hw_attn_params { kv_head_size: 128 n_kv_heads: 8 n_heads: 32 gqa: 4 pre_attn_scalar: 0.088388346 hw_layers: 0 }, 36 layers
[15:45:19.953015624|thread 3575754|cpu 204] [info ] HW attention disabled for model 'ingested-qwen-3-4b-instruct-2507-tp2': USE_HW_ATTN=0
[15:45:19.953039640|thread 3575754|cpu 204] [info ] Allocated state tron::model<tron::qwen_3_4b_instruct_2507_impl<tron::make_llm_executor<false, tron::hardware::tp2_min1k_tensor, tron::hardware::btensor, tron::hardware::dtensor> > >::state
[15:45:19.953047291|thread 3575754|cpu 204] [info ] Trying to use 64 GB for persistent KV cache (covering all models)
[15:45:19.953174743|thread 3575754|cpu 204] [info ] Duration between prompts is 0ms ± 0ms
[15:45:19.953185249|thread 3575754|cpu 204] [info ] Enqueueing prompt 1/56 consisting of 8192 tokens
[15:45:19.953401630|thread 3575754|cpu 204] [info ] Enqueueing prompt 2/56 consisting of 8192 tokens
[15:45:19.953413502|thread 3575754|cpu 204] [info ] Enqueueing prompt 3/56 consisting of 8192 tokens
[15:45:19.953425143|thread 3575754|cpu 204] [info ] Enqueueing prompt 4/56 consisting of 8192 tokens
[15:45:19.953437131|thread 3575754|cpu 204] [info ] Enqueueing prompt 5/56 consisting of 8192 tokens
[15:45:19.953447300|thread 3575754|cpu 204] [info ] Enqueueing prompt 6/56 consisting of 8192 tokens
[15:45:19.953458497|thread 3575754|cpu 204] [info ] Enqueueing prompt 7/56 consisting of 8192 tokens
[15:45:19.953471643|thread 3575754|cpu 204] [info ] Enqueueing prompt 8/56 consisting of 8192 tokens
[15:45:19.953483196|thread 3575754|cpu 204] [info ] Enqueueing prompt 9/56 consisting of 8192 tokens
[15:45:19.953495065|thread 3575754|cpu 204] [info ] Enqueueing prompt 10/56 consisting of 8192 tokens
[15:45:19.953506495|thread 3575754|cpu 204] [info ] Enqueueing prompt 11/56 consisting of 8192 tokens
[15:45:19.953517579|thread 3575754|cpu 204] [info ] Enqueueing prompt 12/56 consisting of 8192 tokens
[15:45:19.953528525|thread 3575754|cpu 204] [info ] Enqueueing prompt 13/56 consisting of 8192 tokens
[15:45:19.953540663|thread 3575754|cpu 204] [info ] Enqueueing prompt 14/56 consisting of 8192 tokens
[15:45:19.953551806|thread 3575754|cpu 204] [info ] Enqueueing prompt 15/56 consisting of 8192 tokens
[15:45:19.953564072|thread 3575754|cpu 204] [info ] Enqueueing prompt 16/56 consisting of 8192 tokens
[15:45:19.953574781|thread 3575754|cpu 204] [info ] Enqueueing prompt 17/56 consisting of 8192 tokens
[15:45:19.953585924|thread 3575754|cpu 204] [info ] Enqueueing prompt 18/56 consisting of 8192 tokens
[15:45:19.953609945|thread 3575754|cpu 204] [info ] Enqueueing prompt 19/56 consisting of 8192 tokens
[15:45:19.953625798|thread 3575754|cpu 204] [info ] Enqueueing prompt 20/56 consisting of 8192 tokens
[15:45:19.953636818|thread 3575754|cpu 204] [info ] Enqueueing prompt 21/56 consisting of 8192 tokens
[15:45:19.953648111|thread 3575754|cpu 204] [info ] Enqueueing prompt 22/56 consisting of 8192 tokens
[15:45:19.953659092|thread 3575754|cpu 204] [info ] Enqueueing prompt 23/56 consisting of 8192 tokens
[15:45:19.953671163|thread 3575754|cpu 204] [info ] Enqueueing prompt 24/56 consisting of 8192 tokens
[15:45:19.953681819|thread 3575754|cpu 204] [info ] Enqueueing prompt 25/56 consisting of 8192 tokens
[15:45:19.953694477|thread 3575754|cpu 204] [info ] Enqueueing prompt 26/56 consisting of 8192 tokens
[15:45:19.953705818|thread 3575754|cpu 204] [info ] Enqueueing prompt 27/56 consisting of 8192 tokens
[15:45:19.953716649|thread 3575754|cpu 204] [info ] Enqueueing prompt 28/56 consisting of 8192 tokens
[15:45:19.953727026|thread 3575754|cpu 204] [info ] Enqueueing prompt 29/56 consisting of 8192 tokens
[15:45:19.953737937|thread 3575754|cpu 204] [info ] Enqueueing prompt 30/56 consisting of 8192 tokens
[15:45:19.953753506|thread 3575754|cpu 204] [info ] Enqueueing prompt 31/56 consisting of 8192 tokens
[15:45:19.953765727|thread 3575754|cpu 204] [info ] Enqueueing prompt 32/56 consisting of 8192 tokens
[15:45:19.953788265|thread 3575754|cpu 204] [info ] Enqueueing prompt 33/56 consisting of 8192 tokens
[15:45:19.953800335|thread 3575754|cpu 204] [info ] Enqueueing prompt 34/56 consisting of 8192 tokens
[15:45:19.953811411|thread 3575754|cpu 204] [info ] Enqueueing prompt 35/56 consisting of 8192 tokens
[15:45:19.953822900|thread 3575754|cpu 204] [info ] Enqueueing prompt 36/56 consisting of 8192 tokens
[15:45:19.953834177|thread 3575754|cpu 204] [info ] Enqueueing prompt 37/56 consisting of 8192 tokens
[15:45:19.953847069|thread 3575754|cpu 204] [info ] Enqueueing prompt 38/56 consisting of 8192 tokens
[15:45:19.953862717|thread 3575754|cpu 204] [info ] Enqueueing prompt 39/56 consisting of 8192 tokens
[15:45:19.953874654|thread 3575754|cpu 204] [info ] Enqueueing prompt 40/56 consisting of 8192 tokens
[15:45:19.953885938|thread 3575754|cpu 204] [info ] Enqueueing prompt 41/56 consisting of 8192 tokens
[15:45:19.953897429|thread 3575754|cpu 204] [info ] Enqueueing prompt 42/56 consisting of 8192 tokens
[15:45:19.953908692|thread 3575754|cpu 204] [info ] Enqueueing prompt 43/56 consisting of 8192 tokens
[15:45:19.953921122|thread 3575754|cpu 204] [info ] Enqueueing prompt 44/56 consisting of 8192 tokens
[15:45:19.953943329|thread 3575754|cpu 204] [info ] Enqueueing prompt 45/56 consisting of 8192 tokens
[15:45:19.953978955|thread 3575754|cpu 204] [info ] Enqueueing prompt 46/56 consisting of 8192 tokens
[15:45:19.954010459|thread 3575754|cpu 204] [info ] Enqueueing prompt 47/56 consisting of 8192 tokens
[15:45:19.954050960|thread 3575754|cpu 204] [info ] Enqueueing prompt 48/56 consisting of 8192 tokens
[15:45:19.954083192|thread 3575754|cpu 204] [info ] Enqueueing prompt 49/56 consisting of 8192 tokens
[15:45:19.954542314|thread 3583002|cpu 204] [info ] KV cache footprint: 1.10 GB in 5 books
[15:45:19.954694047|thread 3583002|cpu 204] [info ] KV cache footprint: 2.20 GB in 10 books
[15:45:19.954848680|thread 3583002|cpu 204] [info ] KV cache footprint: 3.30 GB in 15 books
[15:45:19.954999095|thread 3583002|cpu 204] [info ] KV cache footprint: 4.39 GB in 20 books
[15:45:19.955165142|thread 3583002|cpu 204] [info ] KV cache footprint: 5.49 GB in 25 books
[15:45:19.955316735|thread 3583002|cpu 204] [info ] KV cache footprint: 6.59 GB in 30 books
[15:45:19.955483788|thread 3583002|cpu 204] [info ] KV cache footprint: 7.71 GB in 36 books
[15:45:19.955636971|thread 3583002|cpu 204] [info ] KV cache footprint: 8.81 GB in 41 books
[15:45:19.955790389|thread 3583002|cpu 204] [info ] KV cache footprint: 9.91 GB in 46 books
[15:45:19.957274526|thread 3575754|cpu 204] [info ] Enqueueing prompt 50/56 consisting of 8192 tokens
[15:45:19.957323580|thread 3575754|cpu 204] [info ] Enqueueing prompt 51/56 consisting of 8192 tokens
[15:45:19.957360176|thread 3575754|cpu 204] [info ] Enqueueing prompt 52/56 consisting of 8192 tokens
[15:45:19.957396526|thread 3575754|cpu 204] [info ] Enqueueing prompt 53/56 consisting of 8192 tokens
[15:45:19.957435235|thread 3575754|cpu 204] [info ] Enqueueing prompt 54/56 consisting of 8192 tokens
[15:45:19.957468123|thread 3575754|cpu 204] [info ] Enqueueing prompt 55/56 consisting of 8192 tokens
[15:45:19.957503793|thread 3575754|cpu 204] [info ] Enqueueing prompt 56/56 consisting of 8192 tokens
[15:45:20.330969855|thread 3583002|cpu 204] [info ] KV cache footprint: 11.00 GB in 51 books
[15:45:20.331073778|thread 3583002|cpu 204] [info ] KV cache footprint: 12.10 GB in 56 books
[15:45:25.650201127|thread 3583002|cpu 204] [info ] KV cache footprint: 13.20 GB in 61 books
[15:45:34.709394961|thread 3583002|cpu 204] [info ] KV cache footprint: 14.30 GB in 66 books
[15:45:34.709533432|thread 3583002|cpu 204] [info ] KV cache footprint: 15.40 GB in 71 books
[15:45:46.983502421|thread 3583002|cpu 204] [info ] KV cache footprint: 16.50 GB in 76 books
[15:46:02.423024812|thread 3583002|cpu 204] [info ] KV cache footprint: 17.60 GB in 81 books
[15:46:02.423164077|thread 3583002|cpu 204] [info ] KV cache footprint: 18.69 GB in 86 books
[15:46:21.042188552|thread 3583002|cpu 204] [info ] KV cache footprint: 19.79 GB in 91 books
[15:46:21.042313510|thread 3583002|cpu 204] [info ] KV cache footprint: 20.89 GB in 96 books
[15:46:27.951773268|thread 3580165|cpu 204] [info ] [Request 32] Parsing the prompt took 67.997999783 s at 120.47413197657117 tokens/s
[15:46:27.951772916|thread 3580158|cpu 204] [info ] [Request 15] Parsing the prompt took 67.998209465 s at 120.47376047771643 tokens/s
[15:46:27.951772934|thread 3580157|cpu 204] [info ] [Request 2] Parsing the prompt took 67.998359472 s at 120.47349470796067 tokens/s
[15:46:27.951772960|thread 3580155|cpu 204] [info ] [Request 1] Parsing the prompt took 67.998576331 s at 120.47311049754043 tokens/s
[15:46:27.951772925|thread 3580161|cpu 204] [info ] [Request 26] Parsing the prompt took 67.998067465 s at 120.474012062425 tokens/s
[15:46:27.951772829|thread 3580159|cpu 204] [info ] [Request 20] Parsing the prompt took 67.998135585 s at 120.47389137250269 tokens/s
[15:46:27.951772940|thread 3580163|cpu 204] [info ] [Request 29] Parsing the prompt took 67.998034583 s at 120.47407032038038 tokens/s
[15:46:27.951772896|thread 3580162|cpu 204] [info ] [Request 28] Parsing the prompt took 67.998045012 s at 120.47405184302447 tokens/s
[15:46:36.043561700|thread 3583002|cpu 204] [info ] KV cache footprint: 21.99 GB in 101 books
[15:46:46.494092135|thread 3583002|cpu 204] [info ] KV cache footprint: 23.09 GB in 106 books
[15:46:46.494223904|thread 3583002|cpu 204] [info ] KV cache footprint: 24.19 GB in 111 books
[15:47:00.035555127|thread 3583002|cpu 204] [info ] KV cache footprint: 25.29 GB in 116 books
[15:47:16.522533086|thread 3583002|cpu 204] [info ] KV cache footprint: 26.38 GB in 121 books
[15:47:16.522665557|thread 3583002|cpu 204] [info ] KV cache footprint: 27.48 GB in 126 books
[15:47:35.912621566|thread 3583002|cpu 204] [info ] KV cache footprint: 28.58 GB in 131 books
[15:47:39.433251375|thread 3580157|cpu 204] [info ] [Request 2] Generating 61 response tokens with 8193 context took 70.944638 s at 0.860 average tok/s, or 1163.027 ms/tok
[15:47:39.433251484|thread 3580155|cpu 204] [info ] [Request 1] Generating 61 response tokens with 8193 context took 70.944641 s at 0.860 average tok/s, or 1163.027 ms/tok
[15:47:39.433251846|thread 3580162|cpu 204] [info ] [Request 28] Generating 61 response tokens with 8193 context took 70.944628 s at 0.860 average tok/s, or 1163.027 ms/tok
[15:47:39.433319679|thread 3580162|cpu 204] [info ] [Request 28] Request with 8192 tokens in and 64 out (sequence limit) saw 67.998045 s TTFT and 139.479522 s TTLT
[15:47:39.433251458|thread 3580158|cpu 204] [info ] [Request 15] Generating 61 response tokens with 8193 context took 70.944639 s at 0.860 average tok/s, or 1163.027 ms/tok
[15:47:39.433338322|thread 3580158|cpu 204] [info ] [Request 15] Request with 8192 tokens in and 64 out (sequence limit) saw 67.998209 s TTFT and 139.479683 s TTLT
[15:47:39.433251494|thread 3580159|cpu 204] [info ] [Request 20] Generating 61 response tokens with 8193 context took 70.944630 s at 0.860 average tok/s, or 1163.027 ms/tok
[15:47:39.433358925|thread 3580159|cpu 204] [info ] [Request 20] Request with 8192 tokens in and 64 out (sequence limit) saw 67.998136 s TTFT and 139.479612 s TTLT
[15:47:39.433252192|thread 3580165|cpu 204] [info ] [Request 32] Generating 61 response tokens with 8193 context took 70.944635 s at 0.860 average tok/s, or 1163.027 ms/tok
[15:47:39.433374251|thread 3580165|cpu 204] [info ] [Request 32] Request with 8192 tokens in and 64 out (sequence limit) saw 67.998000 s TTFT and 139.479477 s TTLT
[15:47:39.433290627|thread 3580157|cpu 204] [info ] [Request 2] Request with 8192 tokens in and 64 out (sequence limit) saw 67.998359 s TTFT and 139.479833 s TTLT
[15:47:39.433307853|thread 3580155|cpu 204] [info ] [Request 1] Request with 8192 tokens in and 64 out (sequence limit) saw 67.998576 s TTFT and 139.480051 s TTLT
[15:47:39.433251495|thread 3580163|cpu 204] [info ] [Request 29] Generating 61 response tokens with 8193 context took 70.944635 s at 0.860 average tok/s, or 1163.027 ms/tok
[15:47:39.433445158|thread 3580163|cpu 204] [info ] [Request 29] Request with 8192 tokens in and 64 out (sequence limit) saw 67.998035 s TTFT and 139.479514 s TTLT
[15:47:39.433251487|thread 3580161|cpu 204] [info ] [Request 26] Generating 61 response tokens with 8193 context took 70.944634 s at 0.860 average tok/s, or 1163.027 ms/tok
[15:47:39.433468247|thread 3580161|cpu 204] [info ] [Request 26] Request with 8192 tokens in and 64 out (sequence limit) saw 67.998067 s TTFT and 139.479543 s TTLT
[15:47:42.951898022|thread 3580155|cpu 204] [info ] [Request 42] Parsing the prompt took 142.997990563 s at 57.28751829132093 tokens/s
[15:47:42.951898004|thread 3580159|cpu 204] [info ] [Request 3] Parsing the prompt took 142.998476011 s at 57.28732381294636 tokens/s
[15:47:42.951898079|thread 3580157|cpu 204] [info ] [Request 44] Parsing the prompt took 142.997967126 s at 57.28752768059823 tokens/s
[15:47:42.951898157|thread 3580158|cpu 204] [info ] [Request 47] Parsing the prompt took 142.997859097 s at 57.28757095896873 tokens/s
[15:47:42.951901768|thread 3580161|cpu 204] [info ] [Request 21] Parsing the prompt took 142.998257288 s at 57.28741143677875 tokens/s
[15:47:42.951902585|thread 3580162|cpu 204] [info ] [Request 23] Parsing the prompt took 142.998234908 s at 57.2874204025696 tokens/s
[15:47:42.951903914|thread 3580163|cpu 204] [info ] [Request 4] Parsing the prompt took 142.998470197 s at 57.28732614212164 tokens/s
[15:47:46.630432268|thread 3583002|cpu 204] [info ] KV cache footprint: 29.68 GB in 136 books
[15:47:51.393230765|thread 3583003|cpu 204] [debug] #EVT# HandleDetails::is_anomalous() handle_id=32 time in state STATE_OPENED exceeded threshold: 67997982503 ns
[15:47:51.393310064|thread 3583003|cpu 204] [debug] #EVT#   Handle,    32, Created, 754731367636981, Last, 754872629258823, Prompted,  8191, Generated,    64, Input TPS, 120.47, Output TPS:  0.77, Callbacks,    64, prompt parsing complete, open
[15:47:51.393402401|thread 3583003|cpu 204] [info ] #EVT#   Handle 32 history:
        SESSION_OPEN, prompt 8192 tokens, offset=0 ns
        PROMPT_TOKENS_REUSE, offset=67997976695 ns
        ON_START_CALLED, offset=67997982503 ns
        ON_START_RETURNED, offset=67998034366 ns
        ON_TOKENS_CALLED, generate 1 tokens, offset=67998072102 ns
        ON_TOKENS_RETURNED, offset=67998073191 ns
        ON_TOKENS_CALLED, generate 1 tokens, offset=68534824803 ns
        ON_TOKENS_RETURNED, offset=68534826383 ns
        ON_TOKENS_CALLED, generate 1 tokens, offset=69106310826 ns
        ON_TOKENS_RETURNED, offset=69106311943 ns
        ON_TOKENS_CALLED, generate 1 tokens, offset=69716139004 ns
        ON_TOKENS_RETURNED, offset=69716141439 ns
        ON_TOKENS_CALLED, generate 1 tokens, offset=70360526674 ns
        ON_TOKENS_RETURNED, offset=70360528661 ns
        ON_TOKENS_CALLED, generate 1 tokens, offset=71025717558 ns
        ON_TOKENS_RETURNED, offset=71025719488 ns
        ON_TOKENS_CALLED, generate 1 tokens, offset=71711952318 ns
        ON_TOKENS_RETURNED, offset=71711954623 ns
        ON_TOKENS_CALLED, generate 1 tokens, offset=72407810181 ns
        ON_TOKENS_RETURNED, offset=72407811289 ns
        ON_TOKENS_CALLED, generate 1 tokens, offset=73120059591 ns
        ON_TOKENS_RETURNED, offset=73120072110 ns
        ON_TOKENS_CALLED, generate 1 tokens, offset=73841713132 ns
        ON_TOKENS_RETURNED, offset=73841714189 ns
        ON_TOKENS_CALLED, generate 1 tokens, offset=74580712612 ns
        ON_TOKENS_RETURNED, offset=74580714710 ns
        ON_TOKENS_CALLED, generate 1 tokens, offset=75326531466 ns
        ON_TOKENS_RETURNED, offset=75326532525 ns
        ON_TOKENS_CALLED, generate 1 tokens, offset=76089583496 ns
        ON_TOKENS_RETURNED, offset=76089586220 ns
        ON_TOKENS_CALLED, generate 1 tokens, offset=76853081536 ns
        ON_TOKENS_RETURNED, offset=76853082548 ns
        ON_TOKENS_CALLED, generate 1 tokens, offset=77636651963 ns
        ON_TOKENS_RETURNED, offset=77636653297 ns
        ON_TOKENS_CALLED, generate 1 tokens, offset=78427522617 ns
        ON_TOKENS_RETURNED, offset=78427524423 ns
        ON_TOKENS_CALLED, generate 1 tokens, offset=79242987569 ns
        ON_TOKENS_RETURNED, offset=79243001031 ns
        ON_TOKENS_CALLED, generate 1 tokens, offset=80063290244 ns
        ON_TOKENS_RETURNED, offset=80063291734 ns
        ON_TOKENS_CALLED, generate 1 tokens, offset=80925113817 ns
        ON_TOKENS_RETURNED, offset=80925115509 ns
        ON_TOKENS_CALLED, generate 1 tokens, offset=81797376628 ns
        ON_TOKENS_RETURNED, offset=81797379497 ns
        ON_TOKENS_CALLED, generate 1 tokens, offset=82711312109 ns
        ON_TOKENS_RETURNED, offset=82711314636 ns
        ON_TOKENS_CALLED, generate 1 tokens, offset=83621495113 ns
        ON_TOKENS_RETURNED, offset=83621496644 ns
        ON_TOKENS_CALLED, generate 1 tokens, offset=84577232433 ns
        ON_TOKENS_RETURNED, offset=84577234310 ns
        ON_TOKENS_CALLED, generate 1 tokens, offset=85535963862 ns
        ON_TOKENS_RETURNED, offset=85535964678 ns
        ON_TOKENS_CALLED, generate 1 tokens, offset=86540149459 ns
        ON_TOKENS_RETURNED, offset=86540150449 ns
        ON_TOKENS_CALLED, generate 1 tokens, offset=87536520460 ns
        ON_TOKENS_RETURNED, offset=87536521720 ns
        ON_TOKENS_CALLED, generate 1 tokens, offset=88586354088 ns
        ON_TOKENS_RETURNED, offset=88586356412 ns
        ON_TOKENS_CALLED, generate 1 tokens, offset=89633626078 ns
        ON_TOKENS_RETURNED, offset=89633627138 ns
        ON_TOKENS_CALLED, generate 1 tokens, offset=90724457079 ns
        ON_TOKENS_RETURNED, offset=90724458146 ns
        ON_TOKENS_CALLED, generate 1 tokens, offset=91807720465 ns
        ON_TOKENS_RETURNED, offset=91807722420 ns
        ON_TOKENS_CALLED, generate 1 tokens, offset=92938378183 ns
        ON_TOKENS_RETURNED, offset=92938380465 ns
        ON_TOKENS_CALLED, generate 1 tokens, offset=94069610157 ns
        ON_TOKENS_RETURNED, offset=94069611257 ns
        ON_TOKENS_CALLED, generate 1 tokens, offset=95241798679 ns
        ON_TOKENS_RETURNED, offset=95241803153 ns
        ON_TOKENS_CALLED, generate 1 tokens, offset=96401640064 ns
        ON_TOKENS_RETURNED, offset=96401641476 ns
        ON_TOKENS_CALLED, generate 1 tokens, offset=97618098867 ns
        ON_TOKENS_RETURNED, offset=97618101843 ns
        ON_TOKENS_CALLED, generate 1 tokens, offset=98825089778 ns
        ON_TOKENS_RETURNED, offset=98825091829 ns
        ON_TOKENS_CALLED, generate 1 tokens, offset=100081556203 ns
        ON_TOKENS_RETURNED, offset=100081558440 ns
        ON_TOKENS_CALLED, generate 1 tokens, offset=101324088636 ns
        ON_TOKENS_RETURNED, offset=101324090876 ns
        ON_TOKENS_CALLED, generate 1 tokens, offset=102619912667 ns
        ON_TOKENS_RETURNED, offset=102619913852 ns
        ON_TOKENS_CALLED, generate 1 tokens, offset=103911158685 ns
        ON_TOKENS_RETURNED, offset=103911159803 ns
        ON_TOKENS_CALLED, generate 1 tokens, offset=105247873906 ns
        ON_TOKENS_RETURNED, offset=105247875973 ns
        ON_TOKENS_CALLED, generate 1 tokens, offset=106566218612 ns
        ON_TOKENS_RETURNED, offset=106566220053 ns
        ON_TOKENS_CALLED, generate 1 tokens, offset=107947858186 ns
        ON_TOKENS_RETURNED, offset=107947859421 ns
        ON_TOKENS_CALLED, generate 1 tokens, offset=109322604778 ns
        ON_TOKENS_RETURNED, offset=109322606508 ns
        ON_TOKENS_CALLED, generate 1 tokens, offset=110744702542 ns
        ON_TOKENS_RETURNED, offset=110744704700 ns
        ON_TOKENS_CALLED, generate 1 tokens, offset=112151467881 ns
        ON_TOKENS_RETURNED, offset=112151470752 ns
        ON_TOKENS_CALLED, generate 1 tokens, offset=113616536752 ns
        ON_TOKENS_RETURNED, offset=113616538010 ns
        ON_TOKENS_CALLED, generate 1 tokens, offset=115067284158 ns
        ON_TOKENS_RETURNED, offset=115067286094 ns
        ON_TOKENS_CALLED, generate 1 tokens, offset=116568568075 ns
        ON_TOKENS_RETURNED, offset=116568570018 ns
        ON_TOKENS_CALLED, generate 1 tokens, offset=118050371374 ns
        ON_TOKENS_RETURNED, offset=118050372709 ns
        ON_TOKENS_CALLED, generate 1 tokens, offset=119593894483 ns
        ON_TOKENS_RETURNED, offset=119593897406 ns
        ON_TOKENS_CALLED, generate 1 tokens, offset=121126540421 ns
        ON_TOKENS_RETURNED, offset=121126541855 ns
        ON_TOKENS_CALLED, generate 1 tokens, offset=122711259617 ns
        ON_TOKENS_RETURNED, offset=122711261352 ns
        ON_TOKENS_CALLED, generate 1 tokens, offset=124280232047 ns
        ON_TOKENS_RETURNED, offset=124280233408 ns
        ON_TOKENS_CALLED, generate 1 tokens, offset=125904055979 ns
        ON_TOKENS_RETURNED, offset=125904058368 ns
        ON_TOKENS_CALLED, generate 1 tokens, offset=127516106022 ns
        ON_TOKENS_RETURNED, offset=127516107589 ns
        ON_TOKENS_CALLED, generate 1 tokens, offset=129181217083 ns
        ON_TOKENS_RETURNED, offset=129181218923 ns
        ON_TOKENS_CALLED, generate 1 tokens, offset=130814073285 ns
        ON_TOKENS_RETURNED, offset=130814075476 ns
        ON_TOKENS_CALLED, generate 1 tokens, offset=132520801923 ns
        ON_TOKENS_RETURNED, offset=132520803211 ns
        ON_TOKENS_CALLED, generate 1 tokens, offset=134212656442 ns
        ON_TOKENS_RETURNED, offset=134212659011 ns
        ON_TOKENS_CALLED, generate 1 tokens, offset=135958635736 ns
        ON_TOKENS_RETURNED, offset=135958638241 ns
        ON_TOKENS_CALLED, generate 1 tokens, offset=137683343768 ns
        ON_TOKENS_RETURNED, offset=137683345671 ns
        ON_TOKENS_CALLED, generate 1 tokens, offset=139479458544 ns
        ON_TOKENS_RETURNED, offset=139479589541 ns
        ON_TOKENS_CALLED, generate 1 tokens, offset=141261616709 ns
        ON_TOKENS_RETURNED, offset=141261621842 ns
[15:47:51.393445663|thread 3583003|cpu 204] [debug] #EVT# HandleDetails::is_anomalous() handle_id=2 time in state STATE_OPENED exceeded threshold: 67998352038 ns
[15:47:51.393448594|thread 3583003|cpu 204] [debug] #EVT#   Handle,     2, Created, 754731367262369, Last, 754872629248536, Prompted,  8191, Generated,    64, Input TPS, 120.47, Output TPS:  0.77, Callbacks,    64, prompt parsing complete, open
[15:47:51.393465453|thread 3583003|cpu 204] [info ] #EVT#   Handle 2 history:
        SESSION_OPEN, prompt 8192 tokens, offset=0 ns
        PROMPT_TOKENS_REUSE, offset=67998337528 ns
        ON_START_CALLED, offset=67998352038 ns
        ON_START_RETURNED, offset=67998451822 ns
        ON_TOKENS_CALLED, generate 1 tokens, offset=67998461297 ns
        ON_TOKENS_RETURNED, offset=67998462221 ns
        ON_TOKENS_CALLED, generate 1 tokens, offset=68535187454 ns
        ON_TOKENS_RETURNED, offset=68535191859 ns
        ON_TOKENS_CALLED, generate 1 tokens, offset=69106677942 ns
        ON_TOKENS_RETURNED, offset=69106679996 ns
        ON_TOKENS_CALLED, generate 1 tokens, offset=69716505813 ns
        ON_TOKENS_RETURNED, offset=69716507937 ns
        ON_TOKENS_CALLED, generate 1 tokens, offset=70360895070 ns
        ON_TOKENS_RETURNED, offset=70360898382 ns
        ON_TOKENS_CALLED, generate 1 tokens, offset=71026084199 ns
        ON_TOKENS_RETURNED, offset=71026085621 ns
        ON_TOKENS_CALLED, generate 1 tokens, offset=71712324943 ns
        ON_TOKENS_RETURNED, offset=71712326718 ns
        ON_TOKENS_CALLED, generate 1 tokens, offset=72408176423 ns
        ON_TOKENS_RETURNED, offset=72408178094 ns
        ON_TOKENS_CALLED, generate 1 tokens, offset=73120424057 ns
        ON_TOKENS_RETURNED, offset=73120427017 ns
        ON_TOKENS_CALLED, generate 1 tokens, offset=73842076028 ns
        ON_TOKENS_RETURNED, offset=73842079116 ns
        ON_TOKENS_CALLED, generate 1 tokens, offset=74581087563 ns
        ON_TOKENS_RETURNED, offset=74581088851 ns
        ON_TOKENS_CALLED, generate 1 tokens, offset=75326890547 ns
        ON_TOKENS_RETURNED, offset=75326891806 ns
        ON_TOKENS_CALLED, generate 1 tokens, offset=76089953862 ns
        ON_TOKENS_RETURNED, offset=76089955223 ns
        ON_TOKENS_CALLED, generate 1 tokens, offset=76853446348 ns
        ON_TOKENS_RETURNED, offset=76853448156 ns
        ON_TOKENS_CALLED, generate 1 tokens, offset=77637015440 ns
        ON_TOKENS_RETURNED, offset=77637018430 ns
        ON_TOKENS_CALLED, generate 1 tokens, offset=78427891836 ns
        ON_TOKENS_RETURNED, offset=78427892855 ns
        ON_TOKENS_CALLED, generate 1 tokens, offset=79243354838 ns
        ON_TOKENS_RETURNED, offset=79243384387 ns
        ON_TOKENS_CALLED, generate 1 tokens, offset=80063653712 ns
        ON_TOKENS_RETURNED, offset=80063654907 ns
        ON_TOKENS_CALLED, generate 1 tokens, offset=80925471550 ns
        ON_TOKENS_RETURNED, offset=80925473712 ns
        ON_TOKENS_CALLED, generate 1 tokens, offset=81797745205 ns
        ON_TOKENS_RETURNED, offset=81797747300 ns
        ON_TOKENS_CALLED, generate 1 tokens, offset=82711684892 ns
        ON_TOKENS_RETURNED, offset=82711686634 ns
        ON_TOKENS_CALLED, generate 1 tokens, offset=83621862014 ns
        ON_TOKENS_RETURNED, offset=83621863092 ns
        ON_TOKENS_CALLED, generate 1 tokens, offset=84577597688 ns
        ON_TOKENS_RETURNED, offset=84577599041 ns
        ON_TOKENS_CALLED, generate 1 tokens, offset=85536329897 ns
        ON_TOKENS_RETURNED, offset=85536331063 ns
        ON_TOKENS_CALLED, generate 1 tokens, offset=86540522346 ns
        ON_TOKENS_RETURNED, offset=86540523333 ns
        ON_TOKENS_CALLED, generate 1 tokens, offset=87536887568 ns
        ON_TOKENS_RETURNED, offset=87536890006 ns
        ON_TOKENS_CALLED, generate 1 tokens, offset=88586719837 ns
        ON_TOKENS_RETURNED, offset=88586721108 ns
        ON_TOKENS_CALLED, generate 1 tokens, offset=89634001595 ns
        ON_TOKENS_RETURNED, offset=89634002949 ns
        ON_TOKENS_CALLED, generate 1 tokens, offset=90724820735 ns
        ON_TOKENS_RETURNED, offset=90724822311 ns
        ON_TOKENS_CALLED, generate 1 tokens, offset=91808090307 ns
        ON_TOKENS_RETURNED, offset=91808091298 ns
        ON_TOKENS_CALLED, generate 1 tokens, offset=92938743664 ns
        ON_TOKENS_RETURNED, offset=92938745544 ns
        ON_TOKENS_CALLED, generate 1 tokens, offset=94069970126 ns
        ON_TOKENS_RETURNED, offset=94069971417 ns
        ON_TOKENS_CALLED, generate 1 tokens, offset=95242169016 ns
        ON_TOKENS_RETURNED, offset=95242190730 ns
        ON_TOKENS_CALLED, generate 1 tokens, offset=96402009004 ns
        ON_TOKENS_RETURNED, offset=96402010229 ns
        ON_TOKENS_CALLED, generate 1 tokens, offset=97618467788 ns
        ON_TOKENS_RETURNED, offset=97618470055 ns
        ON_TOKENS_CALLED, generate 1 tokens, offset=98825458350 ns
        ON_TOKENS_RETURNED, offset=98825460654 ns
        ON_TOKENS_CALLED, generate 1 tokens, offset=100081926836 ns
        ON_TOKENS_RETURNED, offset=100081928340 ns
        ON_TOKENS_CALLED, generate 1 tokens, offset=101324453208 ns
        ON_TOKENS_RETURNED, offset=101324454960 ns
        ON_TOKENS_CALLED, generate 1 tokens, offset=102620276412 ns
        ON_TOKENS_RETURNED, offset=102620279104 ns
        ON_TOKENS_CALLED, generate 1 tokens, offset=103911523855 ns
        ON_TOKENS_RETURNED, offset=103911525249 ns
        ON_TOKENS_CALLED, generate 1 tokens, offset=105248239410 ns
        ON_TOKENS_RETURNED, offset=105248241018 ns
        ON_TOKENS_CALLED, generate 1 tokens, offset=106566594293 ns
        ON_TOKENS_RETURNED, offset=106566595488 ns
        ON_TOKENS_CALLED, generate 1 tokens, offset=107948215526 ns
        ON_TOKENS_RETURNED, offset=107948218883 ns
        ON_TOKENS_CALLED, generate 1 tokens, offset=109322969758 ns
        ON_TOKENS_RETURNED, offset=109322972791 ns
        ON_TOKENS_CALLED, generate 1 tokens, offset=110745062987 ns
        ON_TOKENS_RETURNED, offset=110745065098 ns
        ON_TOKENS_CALLED, generate 1 tokens, offset=112151839016 ns
        ON_TOKENS_RETURNED, offset=112151839847 ns
        ON_TOKENS_CALLED, generate 1 tokens, offset=113616900112 ns
        ON_TOKENS_RETURNED, offset=113616901417 ns
        ON_TOKENS_CALLED, generate 1 tokens, offset=115067649751 ns
        ON_TOKENS_RETURNED, offset=115067651977 ns
        ON_TOKENS_CALLED, generate 1 tokens, offset=116568931582 ns
        ON_TOKENS_RETURNED, offset=116568932741 ns
        ON_TOKENS_CALLED, generate 1 tokens, offset=118050728351 ns
        ON_TOKENS_RETURNED, offset=118050729937 ns
        ON_TOKENS_CALLED, generate 1 tokens, offset=119594256504 ns
        ON_TOKENS_RETURNED, offset=119594258023 ns
        ON_TOKENS_CALLED, generate 1 tokens, offset=121126899905 ns
        ON_TOKENS_RETURNED, offset=121126903134 ns
        ON_TOKENS_CALLED, generate 1 tokens, offset=122711625959 ns
        ON_TOKENS_RETURNED, offset=122711626977 ns
        ON_TOKENS_CALLED, generate 1 tokens, offset=124280597632 ns
        ON_TOKENS_RETURNED, offset=124280600013 ns
        ON_TOKENS_CALLED, generate 1 tokens, offset=125904423701 ns
        ON_TOKENS_RETURNED, offset=125904425801 ns
        ON_TOKENS_CALLED, generate 1 tokens, offset=127516464993 ns
        ON_TOKENS_RETURNED, offset=127516467140 ns
        ON_TOKENS_CALLED, generate 1 tokens, offset=129181577074 ns
        ON_TOKENS_RETURNED, offset=129181579101 ns
        ON_TOKENS_CALLED, generate 1 tokens, offset=130814437248 ns
        ON_TOKENS_RETURNED, offset=130814439612 ns
        ON_TOKENS_CALLED, generate 1 tokens, offset=132521167601 ns
        ON_TOKENS_RETURNED, offset=132521168625 ns
        ON_TOKENS_CALLED, generate 1 tokens, offset=134213020484 ns
        ON_TOKENS_RETURNED, offset=134213022828 ns
        ON_TOKENS_CALLED, generate 1 tokens, offset=135959003208 ns
        ON_TOKENS_RETURNED, offset=135959005303 ns
        ON_TOKENS_CALLED, generate 1 tokens, offset=137683709091 ns
        ON_TOKENS_RETURNED, offset=137683710958 ns
        ON_TOKENS_CALLED, generate 1 tokens, offset=139479824377 ns
        ON_TOKENS_RETURNED, offset=139479978766 ns
        ON_TOKENS_CALLED, generate 1 tokens, offset=141261979045 ns
        ON_TOKENS_RETURNED, offset=141261986167 ns
[15:47:51.393476993|thread 3583003|cpu 204] [debug] #EVT# HandleDetails::is_anomalous() handle_id=1 time in state STATE_OPENED exceeded threshold: 67998370647 ns
[15:47:51.393478710|thread 3583003|cpu 204] [debug] #EVT#   Handle,     1, Created, 754731367243517, Last, 754872629253019, Prompted,  8192, Generated,    64, Input TPS, 120.47, Output TPS:  0.77, Callbacks,    64, prompt parsing complete, open
[15:47:51.393494082|thread 3583003|cpu 204] [info ] #EVT#   Handle 1 history:
        SESSION_OPEN, prompt 8192 tokens, offset=0 ns
        PROMPT_TOKENS_REUSE, offset=67998355727 ns
        ON_START_CALLED, offset=67998370647 ns
        ON_START_RETURNED, offset=67998485891 ns
        ON_TOKENS_CALLED, generate 1 tokens, offset=67998494449 ns
        ON_TOKENS_RETURNED, offset=67998495328 ns
        ON_TOKENS_CALLED, generate 1 tokens, offset=68535204582 ns
        ON_TOKENS_RETURNED, offset=68535207903 ns
        ON_TOKENS_CALLED, generate 1 tokens, offset=69106693062 ns
        ON_TOKENS_RETURNED, offset=69106696383 ns
        ON_TOKENS_CALLED, generate 1 tokens, offset=69716524225 ns
        ON_TOKENS_RETURNED, offset=69716526517 ns
        ON_TOKENS_CALLED, generate 1 tokens, offset=70360909865 ns
        ON_TOKENS_RETURNED, offset=70360912333 ns
        ON_TOKENS_CALLED, generate 1 tokens, offset=71026098535 ns
        ON_TOKENS_RETURNED, offset=71026101018 ns
        ON_TOKENS_CALLED, generate 1 tokens, offset=71712338380 ns
        ON_TOKENS_RETURNED, offset=71712340993 ns
        ON_TOKENS_CALLED, generate 1 tokens, offset=72408194279 ns
        ON_TOKENS_RETURNED, offset=72408196318 ns
        ON_TOKENS_CALLED, generate 1 tokens, offset=73120441619 ns
        ON_TOKENS_RETURNED, offset=73120444048 ns
        ON_TOKENS_CALLED, generate 1 tokens, offset=73842093923 ns
        ON_TOKENS_RETURNED, offset=73842097088 ns
        ON_TOKENS_CALLED, generate 1 tokens, offset=74581102335 ns
        ON_TOKENS_RETURNED, offset=74581104365 ns
        ON_TOKENS_CALLED, generate 1 tokens, offset=75326908471 ns
        ON_TOKENS_RETURNED, offset=75326909806 ns
        ON_TOKENS_CALLED, generate 1 tokens, offset=76089969692 ns
        ON_TOKENS_RETURNED, offset=76089971795 ns
        ON_TOKENS_CALLED, generate 1 tokens, offset=76853466273 ns
        ON_TOKENS_RETURNED, offset=76853468188 ns
        ON_TOKENS_CALLED, generate 1 tokens, offset=77637033545 ns
        ON_TOKENS_RETURNED, offset=77637037068 ns
        ON_TOKENS_CALLED, generate 1 tokens, offset=78427903866 ns
        ON_TOKENS_RETURNED, offset=78427905265 ns
        ON_TOKENS_CALLED, generate 1 tokens, offset=79243372901 ns
        ON_TOKENS_RETURNED, offset=79243387005 ns
        ON_TOKENS_CALLED, generate 1 tokens, offset=80063671332 ns
        ON_TOKENS_RETURNED, offset=80063672747 ns
        ON_TOKENS_CALLED, generate 1 tokens, offset=80925488309 ns
        ON_TOKENS_RETURNED, offset=80925490150 ns
        ON_TOKENS_CALLED, generate 1 tokens, offset=81797759562 ns
        ON_TOKENS_RETURNED, offset=81797762121 ns
        ON_TOKENS_CALLED, generate 1 tokens, offset=82711697322 ns
        ON_TOKENS_RETURNED, offset=82711700018 ns
        ON_TOKENS_CALLED, generate 1 tokens, offset=83621877805 ns
        ON_TOKENS_RETURNED, offset=83621879991 ns
        ON_TOKENS_CALLED, generate 1 tokens, offset=84577614057 ns
        ON_TOKENS_RETURNED, offset=84577616825 ns
        ON_TOKENS_CALLED, generate 1 tokens, offset=85536346279 ns
        ON_TOKENS_RETURNED, offset=85536348936 ns
        ON_TOKENS_CALLED, generate 1 tokens, offset=86540536316 ns
        ON_TOKENS_RETURNED, offset=86540538785 ns
        ON_TOKENS_CALLED, generate 1 tokens, offset=87536902575 ns
        ON_TOKENS_RETURNED, offset=87536905109 ns
        ON_TOKENS_CALLED, generate 1 tokens, offset=88586735864 ns
        ON_TOKENS_RETURNED, offset=88586738487 ns
        ON_TOKENS_CALLED, generate 1 tokens, offset=89634014898 ns
        ON_TOKENS_RETURNED, offset=89634016946 ns
        ON_TOKENS_CALLED, generate 1 tokens, offset=90724838319 ns
        ON_TOKENS_RETURNED, offset=90724840234 ns
        ON_TOKENS_CALLED, generate 1 tokens, offset=91808103410 ns
        ON_TOKENS_RETURNED, offset=91808105720 ns
        ON_TOKENS_CALLED, generate 1 tokens, offset=92938764294 ns
        ON_TOKENS_RETURNED, offset=92938765824 ns
        ON_TOKENS_CALLED, generate 1 tokens, offset=94069988699 ns
        ON_TOKENS_RETURNED, offset=94069991018 ns
        ON_TOKENS_CALLED, generate 1 tokens, offset=95242188379 ns
        ON_TOKENS_RETURNED, offset=95242199975 ns
        ON_TOKENS_CALLED, generate 1 tokens, offset=96402024655 ns
        ON_TOKENS_RETURNED, offset=96402027869 ns
        ON_TOKENS_CALLED, generate 1 tokens, offset=97618485232 ns
        ON_TOKENS_RETURNED, offset=97618487096 ns
        ON_TOKENS_CALLED, generate 1 tokens, offset=98825473870 ns
        ON_TOKENS_RETURNED, offset=98825475588 ns
        ON_TOKENS_CALLED, generate 1 tokens, offset=100081943367 ns
        ON_TOKENS_RETURNED, offset=100081944610 ns
        ON_TOKENS_CALLED, generate 1 tokens, offset=101324472057 ns
        ON_TOKENS_RETURNED, offset=101324475271 ns
        ON_TOKENS_CALLED, generate 1 tokens, offset=102620295220 ns
        ON_TOKENS_RETURNED, offset=102620298491 ns
        ON_TOKENS_CALLED, generate 1 tokens, offset=103911542518 ns
        ON_TOKENS_RETURNED, offset=103911545049 ns
        ON_TOKENS_CALLED, generate 1 tokens, offset=105248269316 ns
        ON_TOKENS_RETURNED, offset=105248270641 ns
        ON_TOKENS_CALLED, generate 1 tokens, offset=106566610858 ns
        ON_TOKENS_RETURNED, offset=106566612583 ns
        ON_TOKENS_CALLED, generate 1 tokens, offset=107948234893 ns
        ON_TOKENS_RETURNED, offset=107948237610 ns
        ON_TOKENS_CALLED, generate 1 tokens, offset=109322989080 ns
        ON_TOKENS_RETURNED, offset=109322991816 ns
        ON_TOKENS_CALLED, generate 1 tokens, offset=110745080903 ns
        ON_TOKENS_RETURNED, offset=110745084106 ns
        ON_TOKENS_CALLED, generate 1 tokens, offset=112151849108 ns
        ON_TOKENS_RETURNED, offset=112151851325 ns
        ON_TOKENS_CALLED, generate 1 tokens, offset=113616918091 ns
        ON_TOKENS_RETURNED, offset=113616921072 ns
        ON_TOKENS_CALLED, generate 1 tokens, offset=115067671102 ns
        ON_TOKENS_RETURNED, offset=115067673555 ns
        ON_TOKENS_CALLED, generate 1 tokens, offset=116568955141 ns
        ON_TOKENS_RETURNED, offset=116568957233 ns
        ON_TOKENS_CALLED, generate 1 tokens, offset=118050745960 ns
        ON_TOKENS_RETURNED, offset=118050748698 ns
        ON_TOKENS_CALLED, generate 1 tokens, offset=119594275040 ns
        ON_TOKENS_RETURNED, offset=119594277671 ns
        ON_TOKENS_CALLED, generate 1 tokens, offset=121126918354 ns
        ON_TOKENS_RETURNED, offset=121126920822 ns
        ON_TOKENS_CALLED, generate 1 tokens, offset=122711642004 ns
        ON_TOKENS_RETURNED, offset=122711643517 ns
        ON_TOKENS_CALLED, generate 1 tokens, offset=124280616691 ns
        ON_TOKENS_RETURNED, offset=124280618132 ns
        ON_TOKENS_CALLED, generate 1 tokens, offset=125904438829 ns
        ON_TOKENS_RETURNED, offset=125904441969 ns
        ON_TOKENS_CALLED, generate 1 tokens, offset=127516480255 ns
        ON_TOKENS_RETURNED, offset=127516482367 ns
        ON_TOKENS_CALLED, generate 1 tokens, offset=129181594251 ns
        ON_TOKENS_RETURNED, offset=129181597354 ns
        ON_TOKENS_CALLED, generate 1 tokens, offset=130814454379 ns
        ON_TOKENS_RETURNED, offset=130814456597 ns
        ON_TOKENS_CALLED, generate 1 tokens, offset=132521185381 ns
        ON_TOKENS_RETURNED, offset=132521187840 ns
        ON_TOKENS_CALLED, generate 1 tokens, offset=134213038271 ns
        ON_TOKENS_RETURNED, offset=134213040815 ns
        ON_TOKENS_CALLED, generate 1 tokens, offset=135959024512 ns
        ON_TOKENS_RETURNED, offset=135959026558 ns
        ON_TOKENS_CALLED, generate 1 tokens, offset=137683727844 ns
        ON_TOKENS_RETURNED, offset=137683730021 ns
        ON_TOKENS_CALLED, generate 1 tokens, offset=139479843777 ns
        ON_TOKENS_RETURNED, offset=139480026365 ns
        ON_TOKENS_CALLED, generate 1 tokens, offset=141261998417 ns
        ON_TOKENS_RETURNED, offset=141262009502 ns
[15:47:51.393504593|thread 3583003|cpu 204] [debug] #EVT# HandleDetails::is_anomalous() handle_id=15 time in state STATE_OPENED exceeded threshold: 67998202754 ns
[15:47:51.393506314|thread 3583003|cpu 204] [debug] #EVT#   Handle,    15, Created, 754731367412188, Last, 754872629248254, Prompted,  8191, Generated,    64, Input TPS, 120.47, Output TPS:  0.77, Callbacks,    64, prompt parsing complete, open
[15:47:51.393521242|thread 3583003|cpu 204] [info ] #EVT#   Handle 15 history:
        SESSION_OPEN, prompt 8192 tokens, offset=0 ns
        PROMPT_TOKENS_REUSE, offset=67998189871 ns
        ON_START_CALLED, offset=67998202754 ns
        ON_START_RETURNED, offset=67998277851 ns
        ON_TOKENS_CALLED, generate 1 tokens, offset=67998289886 ns
        ON_TOKENS_RETURNED, offset=67998292192 ns
        ON_TOKENS_CALLED, generate 1 tokens, offset=68535037724 ns
        ON_TOKENS_RETURNED, offset=68535040873 ns
        ON_TOKENS_CALLED, generate 1 tokens, offset=69106528727 ns
        ON_TOKENS_RETURNED, offset=69106531272 ns
        ON_TOKENS_CALLED, generate 1 tokens, offset=69716357036 ns
        ON_TOKENS_RETURNED, offset=69716359150 ns
        ON_TOKENS_CALLED, generate 1 tokens, offset=70360743144 ns
        ON_TOKENS_RETURNED, offset=70360745945 ns
        ON_TOKENS_CALLED, generate 1 tokens, offset=71025934329 ns
        ON_TOKENS_RETURNED, offset=71025935615 ns
        ON_TOKENS_CALLED, generate 1 tokens, offset=71712172608 ns
        ON_TOKENS_RETURNED, offset=71712174041 ns
        ON_TOKENS_CALLED, generate 1 tokens, offset=72408026883 ns
        ON_TOKENS_RETURNED, offset=72408028679 ns
        ON_TOKENS_CALLED, generate 1 tokens, offset=73120275117 ns
        ON_TOKENS_RETURNED, offset=73120276745 ns
        ON_TOKENS_CALLED, generate 1 tokens, offset=73841929389 ns
        ON_TOKENS_RETURNED, offset=73841930757 ns
        ON_TOKENS_CALLED, generate 1 tokens, offset=74580933791 ns
        ON_TOKENS_RETURNED, offset=74580935487 ns
        ON_TOKENS_CALLED, generate 1 tokens, offset=75326742089 ns
        ON_TOKENS_RETURNED, offset=75326743164 ns
        ON_TOKENS_CALLED, generate 1 tokens, offset=76089800015 ns
        ON_TOKENS_RETURNED, offset=76089803737 ns
        ON_TOKENS_CALLED, generate 1 tokens, offset=76853298540 ns
        ON_TOKENS_RETURNED, offset=76853300646 ns
        ON_TOKENS_CALLED, generate 1 tokens, offset=77636868244 ns
        ON_TOKENS_RETURNED, offset=77636870990 ns
        ON_TOKENS_CALLED, generate 1 tokens, offset=78427745882 ns
        ON_TOKENS_RETURNED, offset=78427747255 ns
        ON_TOKENS_CALLED, generate 1 tokens, offset=79243206451 ns
        ON_TOKENS_RETURNED, offset=79243218633 ns
        ON_TOKENS_CALLED, generate 1 tokens, offset=80063505587 ns
        ON_TOKENS_RETURNED, offset=80063507550 ns
        ON_TOKENS_CALLED, generate 1 tokens, offset=80925323627 ns
        ON_TOKENS_RETURNED, offset=80925325132 ns
        ON_TOKENS_CALLED, generate 1 tokens, offset=81797591826 ns
        ON_TOKENS_RETURNED, offset=81797593527 ns
        ON_TOKENS_CALLED, generate 1 tokens, offset=82711531794 ns
        ON_TOKENS_RETURNED, offset=82711533665 ns
        ON_TOKENS_CALLED, generate 1 tokens, offset=83621713409 ns
        ON_TOKENS_RETURNED, offset=83621714050 ns
        ON_TOKENS_CALLED, generate 1 tokens, offset=84577448874 ns
        ON_TOKENS_RETURNED, offset=84577450586 ns
        ON_TOKENS_CALLED, generate 1 tokens, offset=85536181428 ns
        ON_TOKENS_RETURNED, offset=85536182082 ns
        ON_TOKENS_CALLED, generate 1 tokens, offset=86540363062 ns
        ON_TOKENS_RETURNED, offset=86540365973 ns
        ON_TOKENS_CALLED, generate 1 tokens, offset=87536743448 ns
        ON_TOKENS_RETURNED, offset=87536744641 ns
        ON_TOKENS_CALLED, generate 1 tokens, offset=88586570642 ns
        ON_TOKENS_RETURNED, offset=88586572008 ns
        ON_TOKENS_CALLED, generate 1 tokens, offset=89633843958 ns
        ON_TOKENS_RETURNED, offset=89633846901 ns
        ON_TOKENS_CALLED, generate 1 tokens, offset=90724669918 ns
        ON_TOKENS_RETURNED, offset=90724670822 ns
        ON_TOKENS_CALLED, generate 1 tokens, offset=91807940966 ns
        ON_TOKENS_RETURNED, offset=91807942223 ns
        ON_TOKENS_CALLED, generate 1 tokens, offset=92938595302 ns
        ON_TOKENS_RETURNED, offset=92938598503 ns
        ON_TOKENS_CALLED, generate 1 tokens, offset=94069821833 ns
        ON_TOKENS_RETURNED, offset=94069823408 ns
        ON_TOKENS_CALLED, generate 1 tokens, offset=95242018477 ns
        ON_TOKENS_RETURNED, offset=95242048983 ns
        ON_TOKENS_CALLED, generate 1 tokens, offset=96401857735 ns
        ON_TOKENS_RETURNED, offset=96401860319 ns
        ON_TOKENS_CALLED, generate 1 tokens, offset=97618318827 ns
        ON_TOKENS_RETURNED, offset=97618320314 ns
        ON_TOKENS_CALLED, generate 1 tokens, offset=98825307348 ns
        ON_TOKENS_RETURNED, offset=98825310099 ns
        ON_TOKENS_CALLED, generate 1 tokens, offset=100081773602 ns
        ON_TOKENS_RETURNED, offset=100081776703 ns
        ON_TOKENS_CALLED, generate 1 tokens, offset=101324305660 ns
        ON_TOKENS_RETURNED, offset=101324306851 ns
        ON_TOKENS_CALLED, generate 1 tokens, offset=102620127935 ns
        ON_TOKENS_RETURNED, offset=102620129473 ns
        ON_TOKENS_CALLED, generate 1 tokens, offset=103911376524 ns
        ON_TOKENS_RETURNED, offset=103911377483 ns
        ON_TOKENS_CALLED, generate 1 tokens, offset=105248096667 ns
        ON_TOKENS_RETURNED, offset=105248098097 ns
        ON_TOKENS_CALLED, generate 1 tokens, offset=106566434186 ns
        ON_TOKENS_RETURNED, offset=106566437303 ns
        ON_TOKENS_CALLED, generate 1 tokens, offset=107948066339 ns
        ON_TOKENS_RETURNED, offset=107948068120 ns
        ON_TOKENS_CALLED, generate 1 tokens, offset=109322823967 ns
        ON_TOKENS_RETURNED, offset=109322825546 ns
        ON_TOKENS_CALLED, generate 1 tokens, offset=110744926241 ns
        ON_TOKENS_RETURNED, offset=110744927815 ns
        ON_TOKENS_CALLED, generate 1 tokens, offset=112151683079 ns
        ON_TOKENS_RETURNED, offset=112151685597 ns
        ON_TOKENS_CALLED, generate 1 tokens, offset=113616752296 ns
        ON_TOKENS_RETURNED, offset=113616753376 ns
        ON_TOKENS_CALLED, generate 1 tokens, offset=115067502306 ns
        ON_TOKENS_RETURNED, offset=115067504340 ns
        ON_TOKENS_CALLED, generate 1 tokens, offset=116568784559 ns
        ON_TOKENS_RETURNED, offset=116568785905 ns
        ON_TOKENS_CALLED, generate 1 tokens, offset=118050581355 ns
        ON_TOKENS_RETURNED, offset=118050583139 ns
        ON_TOKENS_CALLED, generate 1 tokens, offset=119594108396 ns
        ON_TOKENS_RETURNED, offset=119594109442 ns
        ON_TOKENS_CALLED, generate 1 tokens, offset=121126752629 ns
        ON_TOKENS_RETURNED, offset=121126755048 ns
        ON_TOKENS_CALLED, generate 1 tokens, offset=122711474577 ns
        ON_TOKENS_RETURNED, offset=122711476482 ns
        ON_TOKENS_CALLED, generate 1 tokens, offset=124280449148 ns
        ON_TOKENS_RETURNED, offset=124280451554 ns
        ON_TOKENS_CALLED, generate 1 tokens, offset=125904277318 ns
        ON_TOKENS_RETURNED, offset=125904279541 ns
        ON_TOKENS_CALLED, generate 1 tokens, offset=127516313389 ns
        ON_TOKENS_RETURNED, offset=127516314645 ns
        ON_TOKENS_CALLED, generate 1 tokens, offset=129181429591 ns
        ON_TOKENS_RETURNED, offset=129181431672 ns
        ON_TOKENS_CALLED, generate 1 tokens, offset=130814288866 ns
        ON_TOKENS_RETURNED, offset=130814290957 ns
        ON_TOKENS_CALLED, generate 1 tokens, offset=132521017875 ns
        ON_TOKENS_RETURNED, offset=132521020042 ns
        ON_TOKENS_CALLED, generate 1 tokens, offset=134212873290 ns
        ON_TOKENS_RETURNED, offset=134212875730 ns
        ON_TOKENS_CALLED, generate 1 tokens, offset=135958853992 ns
        ON_TOKENS_RETURNED, offset=135958856336 ns
        ON_TOKENS_CALLED, generate 1 tokens, offset=137683559183 ns
        ON_TOKENS_RETURNED, offset=137683560485 ns
        ON_TOKENS_CALLED, generate 1 tokens, offset=139479676392 ns
        ON_TOKENS_RETURNED, offset=139479776915 ns
        ON_TOKENS_CALLED, generate 1 tokens, offset=141261830794 ns
        ON_TOKENS_RETURNED, offset=141261836066 ns
[15:47:51.393531062|thread 3583003|cpu 204] [debug] #EVT# HandleDetails::is_anomalous() handle_id=20 time in state STATE_OPENED exceeded threshold: 67998128212 ns
[15:47:51.393532750|thread 3583003|cpu 204] [debug] #EVT#   Handle,    20, Created, 754731367485764, Last, 754872629248351, Prompted,  8191, Generated,    64, Input TPS, 120.47, Output TPS:  0.77, Callbacks,    64, prompt parsing complete, open
[15:47:51.393547252|thread 3583003|cpu 204] [info ] #EVT#   Handle 20 history:
        SESSION_OPEN, prompt 8192 tokens, offset=0 ns
        PROMPT_TOKENS_REUSE, offset=67998116797 ns
        ON_START_CALLED, offset=67998128212 ns
        ON_START_RETURNED, offset=67998273901 ns
        ON_TOKENS_CALLED, generate 1 tokens, offset=67998282451 ns
        ON_TOKENS_RETURNED, offset=67998283353 ns
        ON_TOKENS_CALLED, generate 1 tokens, offset=68534975324 ns
        ON_TOKENS_RETURNED, offset=68534977063 ns
        ON_TOKENS_CALLED, generate 1 tokens, offset=69106453570 ns
        ON_TOKENS_RETURNED, offset=69106457133 ns
        ON_TOKENS_CALLED, generate 1 tokens, offset=69716286492 ns
        ON_TOKENS_RETURNED, offset=69716287809 ns
        ON_TOKENS_CALLED, generate 1 tokens, offset=70360674045 ns
        ON_TOKENS_RETURNED, offset=70360675830 ns
        ON_TOKENS_CALLED, generate 1 tokens, offset=71025864509 ns
        ON_TOKENS_RETURNED, offset=71025866389 ns
        ON_TOKENS_CALLED, generate 1 tokens, offset=71712101362 ns
        ON_TOKENS_RETURNED, offset=71712102736 ns
        ON_TOKENS_CALLED, generate 1 tokens, offset=72407956430 ns
        ON_TOKENS_RETURNED, offset=72407957786 ns
        ON_TOKENS_CALLED, generate 1 tokens, offset=73120204191 ns
        ON_TOKENS_RETURNED, offset=73120206147 ns
        ON_TOKENS_CALLED, generate 1 tokens, offset=73841857742 ns
        ON_TOKENS_RETURNED, offset=73841860187 ns
        ON_TOKENS_CALLED, generate 1 tokens, offset=74580873228 ns
        ON_TOKENS_RETURNED, offset=74580874321 ns
        ON_TOKENS_CALLED, generate 1 tokens, offset=75326671155 ns
        ON_TOKENS_RETURNED, offset=75326672648 ns
        ON_TOKENS_CALLED, generate 1 tokens, offset=76089729327 ns
        ON_TOKENS_RETURNED, offset=76089730955 ns
        ON_TOKENS_CALLED, generate 1 tokens, offset=76853225626 ns
        ON_TOKENS_RETURNED, offset=76853227847 ns
        ON_TOKENS_CALLED, generate 1 tokens, offset=77636795822 ns
        ON_TOKENS_RETURNED, offset=77636798178 ns
        ON_TOKENS_CALLED, generate 1 tokens, offset=78427667429 ns
        ON_TOKENS_RETURNED, offset=78427669810 ns
        ON_TOKENS_CALLED, generate 1 tokens, offset=79243129396 ns
        ON_TOKENS_RETURNED, offset=79243156520 ns
        ON_TOKENS_CALLED, generate 1 tokens, offset=80063435096 ns
        ON_TOKENS_RETURNED, offset=80063436982 ns
        ON_TOKENS_CALLED, generate 1 tokens, offset=80925251262 ns
        ON_TOKENS_RETURNED, offset=80925252392 ns
        ON_TOKENS_CALLED, generate 1 tokens, offset=81797519332 ns
        ON_TOKENS_RETURNED, offset=81797521222 ns
        ON_TOKENS_CALLED, generate 1 tokens, offset=82711460726 ns
        ON_TOKENS_RETURNED, offset=82711461621 ns
        ON_TOKENS_CALLED, generate 1 tokens, offset=83621641646 ns
        ON_TOKENS_RETURNED, offset=83621643050 ns
        ON_TOKENS_CALLED, generate 1 tokens, offset=84577386274 ns
        ON_TOKENS_RETURNED, offset=84577387421 ns
        ON_TOKENS_CALLED, generate 1 tokens, offset=85536109080 ns
        ON_TOKENS_RETURNED, offset=85536110467 ns
        ON_TOKENS_CALLED, generate 1 tokens, offset=86540292012 ns
        ON_TOKENS_RETURNED, offset=86540293491 ns
        ON_TOKENS_CALLED, generate 1 tokens, offset=87536675371 ns
        ON_TOKENS_RETURNED, offset=87536676662 ns
        ON_TOKENS_CALLED, generate 1 tokens, offset=88586498550 ns
        ON_TOKENS_RETURNED, offset=88586500460 ns
        ON_TOKENS_CALLED, generate 1 tokens, offset=89633771677 ns
        ON_TOKENS_RETURNED, offset=89633773880 ns
        ON_TOKENS_CALLED, generate 1 tokens, offset=90724599010 ns
        ON_TOKENS_RETURNED, offset=90724600708 ns
        ON_TOKENS_CALLED, generate 1 tokens, offset=91807864830 ns
        ON_TOKENS_RETURNED, offset=91807866160 ns
        ON_TOKENS_CALLED, generate 1 tokens, offset=92938525778 ns
        ON_TOKENS_RETURNED, offset=92938527569 ns
        ON_TOKENS_CALLED, generate 1 tokens, offset=94069748865 ns
        ON_TOKENS_RETURNED, offset=94069750067 ns
        ON_TOKENS_CALLED, generate 1 tokens, offset=95241941127 ns
        ON_TOKENS_RETURNED, offset=95241957107 ns
        ON_TOKENS_CALLED, generate 1 tokens, offset=96401786656 ns
        ON_TOKENS_RETURNED, offset=96401788378 ns
        ON_TOKENS_CALLED, generate 1 tokens, offset=97618246218 ns
        ON_TOKENS_RETURNED, offset=97618248729 ns
        ON_TOKENS_CALLED, generate 1 tokens, offset=98825235533 ns
        ON_TOKENS_RETURNED, offset=98825238287 ns
        ON_TOKENS_CALLED, generate 1 tokens, offset=100081700623 ns
        ON_TOKENS_RETURNED, offset=100081703618 ns
        ON_TOKENS_CALLED, generate 1 tokens, offset=101324238345 ns
        ON_TOKENS_RETURNED, offset=101324239594 ns
        ON_TOKENS_CALLED, generate 1 tokens, offset=102620055981 ns
        ON_TOKENS_RETURNED, offset=102620057143 ns
        ON_TOKENS_CALLED, generate 1 tokens, offset=103911304216 ns
        ON_TOKENS_RETURNED, offset=103911305655 ns
        ON_TOKENS_CALLED, generate 1 tokens, offset=105248021311 ns
        ON_TOKENS_RETURNED, offset=105248022623 ns
        ON_TOKENS_CALLED, generate 1 tokens, offset=106566365053 ns
        ON_TOKENS_RETURNED, offset=106566365915 ns
        ON_TOKENS_CALLED, generate 1 tokens, offset=107948002825 ns
        ON_TOKENS_RETURNED, offset=107948003972 ns
        ON_TOKENS_CALLED, generate 1 tokens, offset=109322749659 ns
        ON_TOKENS_RETURNED, offset=109322752523 ns
        ON_TOKENS_CALLED, generate 1 tokens, offset=110744848161 ns
        ON_TOKENS_RETURNED, offset=110744849699 ns
        ON_TOKENS_CALLED, generate 1 tokens, offset=112151612351 ns
        ON_TOKENS_RETURNED, offset=112151615164 ns
        ON_TOKENS_CALLED, generate 1 tokens, offset=113616679529 ns
        ON_TOKENS_RETURNED, offset=113616680593 ns
        ON_TOKENS_CALLED, generate 1 tokens, offset=115067434815 ns
        ON_TOKENS_RETURNED, offset=115067435972 ns
        ON_TOKENS_CALLED, generate 1 tokens, offset=116568717616 ns
        ON_TOKENS_RETURNED, offset=116568719480 ns
        ON_TOKENS_CALLED, generate 1 tokens, offset=118050509071 ns
        ON_TOKENS_RETURNED, offset=118050511780 ns
        ON_TOKENS_CALLED, generate 1 tokens, offset=119594036830 ns
        ON_TOKENS_RETURNED, offset=119594037701 ns
        ON_TOKENS_CALLED, generate 1 tokens, offset=121126680434 ns
        ON_TOKENS_RETURNED, offset=121126681340 ns
        ON_TOKENS_CALLED, generate 1 tokens, offset=122711405758 ns
        ON_TOKENS_RETURNED, offset=122711407127 ns
        ON_TOKENS_CALLED, generate 1 tokens, offset=124280381432 ns
        ON_TOKENS_RETURNED, offset=124280382626 ns
        ON_TOKENS_CALLED, generate 1 tokens, offset=125904200055 ns
        ON_TOKENS_RETURNED, offset=125904202572 ns
        ON_TOKENS_CALLED, generate 1 tokens, offset=127516242393 ns
        ON_TOKENS_RETURNED, offset=127516244550 ns
        ON_TOKENS_CALLED, generate 1 tokens, offset=129181358404 ns
        ON_TOKENS_RETURNED, offset=129181359848 ns
        ON_TOKENS_CALLED, generate 1 tokens, offset=130814215620 ns
        ON_TOKENS_RETURNED, offset=130814217487 ns
        ON_TOKENS_CALLED, generate 1 tokens, offset=132520946186 ns
        ON_TOKENS_RETURNED, offset=132520948384 ns
        ON_TOKENS_CALLED, generate 1 tokens, offset=134212800333 ns
        ON_TOKENS_RETURNED, offset=134212802784 ns
        ON_TOKENS_CALLED, generate 1 tokens, offset=135958781703 ns
        ON_TOKENS_RETURNED, offset=135958782949 ns
        ON_TOKENS_CALLED, generate 1 tokens, offset=137683488079 ns
        ON_TOKENS_RETURNED, offset=137683490523 ns
        ON_TOKENS_CALLED, generate 1 tokens, offset=139479604100 ns
        ON_TOKENS_RETURNED, offset=139479723613 ns
        ON_TOKENS_CALLED, generate 1 tokens, offset=141261756750 ns
        ON_TOKENS_RETURNED, offset=141261762587 ns
[15:47:51.393557884|thread 3583003|cpu 204] [debug] #EVT# HandleDetails::is_anomalous() handle_id=26 time in state STATE_OPENED exceeded threshold: 67998059293 ns
[15:47:51.393559559|thread 3583003|cpu 204] [debug] #EVT#   Handle,    26, Created, 754731367554764, Last, 754872629248881, Prompted,  8191, Generated,    64, Input TPS, 120.47, Output TPS:  0.77, Callbacks,    64, prompt parsing complete, open
[15:47:51.393573852|thread 3583003|cpu 204] [info ] #EVT#   Handle 26 history:
        SESSION_OPEN, prompt 8192 tokens, offset=0 ns
        PROMPT_TOKENS_REUSE, offset=67998050424 ns
        ON_START_CALLED, offset=67998059293 ns
        ON_START_RETURNED, offset=67998189762 ns
        ON_TOKENS_CALLED, generate 1 tokens, offset=67998198683 ns
        ON_TOKENS_RETURNED, offset=67998199537 ns
        ON_TOKENS_CALLED, generate 1 tokens, offset=68534901857 ns
        ON_TOKENS_RETURNED, offset=68534904031 ns
        ON_TOKENS_CALLED, generate 1 tokens, offset=69106389103 ns
        ON_TOKENS_RETURNED, offset=69106390054 ns
        ON_TOKENS_CALLED, generate 1 tokens, offset=69716219780 ns
        ON_TOKENS_RETURNED, offset=69716221352 ns
        ON_TOKENS_CALLED, generate 1 tokens, offset=70360611857 ns
        ON_TOKENS_RETURNED, offset=70360613534 ns
        ON_TOKENS_CALLED, generate 1 tokens, offset=71025797834 ns
        ON_TOKENS_RETURNED, offset=71025799408 ns
        ON_TOKENS_CALLED, generate 1 tokens, offset=71712034924 ns
        ON_TOKENS_RETURNED, offset=71712036752 ns
        ON_TOKENS_CALLED, generate 1 tokens, offset=72407888192 ns
        ON_TOKENS_RETURNED, offset=72407889487 ns
        ON_TOKENS_CALLED, generate 1 tokens, offset=73120137798 ns
        ON_TOKENS_RETURNED, offset=73120139728 ns
        ON_TOKENS_CALLED, generate 1 tokens, offset=73841789786 ns
        ON_TOKENS_RETURNED, offset=73841792698 ns
        ON_TOKENS_CALLED, generate 1 tokens, offset=74580793969 ns
        ON_TOKENS_RETURNED, offset=74580795416 ns
        ON_TOKENS_CALLED, generate 1 tokens, offset=75326603408 ns
        ON_TOKENS_RETURNED, offset=75326604170 ns
        ON_TOKENS_CALLED, generate 1 tokens, offset=76089662911 ns
        ON_TOKENS_RETURNED, offset=76089663941 ns
        ON_TOKENS_CALLED, generate 1 tokens, offset=76853158750 ns
        ON_TOKENS_RETURNED, offset=76853159976 ns
        ON_TOKENS_CALLED, generate 1 tokens, offset=77636730965 ns
        ON_TOKENS_RETURNED, offset=77636732698 ns
        ON_TOKENS_CALLED, generate 1 tokens, offset=78427613189 ns
        ON_TOKENS_RETURNED, offset=78427614032 ns
        ON_TOKENS_CALLED, generate 1 tokens, offset=79243067295 ns
        ON_TOKENS_RETURNED, offset=79243081741 ns
        ON_TOKENS_CALLED, generate 1 tokens, offset=80063366214 ns
        ON_TOKENS_RETURNED, offset=80063367411 ns
        ON_TOKENS_CALLED, generate 1 tokens, offset=80925183721 ns
        ON_TOKENS_RETURNED, offset=80925184639 ns
        ON_TOKENS_CALLED, generate 1 tokens, offset=81797454689 ns
        ON_TOKENS_RETURNED, offset=81797458054 ns
        ON_TOKENS_CALLED, generate 1 tokens, offset=82711393988 ns
        ON_TOKENS_RETURNED, offset=82711395740 ns
        ON_TOKENS_CALLED, generate 1 tokens, offset=83621582931 ns
        ON_TOKENS_RETURNED, offset=83621584705 ns
        ON_TOKENS_CALLED, generate 1 tokens, offset=84577308527 ns
        ON_TOKENS_RETURNED, offset=84577315390 ns
        ON_TOKENS_CALLED, generate 1 tokens, offset=85536041994 ns
        ON_TOKENS_RETURNED, offset=85536043488 ns
        ON_TOKENS_CALLED, generate 1 tokens, offset=86540226944 ns
        ON_TOKENS_RETURNED, offset=86540229094 ns
        ON_TOKENS_CALLED, generate 1 tokens, offset=87536599045 ns
        ON_TOKENS_RETURNED, offset=87536602405 ns
        ON_TOKENS_CALLED, generate 1 tokens, offset=88586431027 ns
        ON_TOKENS_RETURNED, offset=88586432377 ns
        ON_TOKENS_CALLED, generate 1 tokens, offset=89633703943 ns
        ON_TOKENS_RETURNED, offset=89633706090 ns
        ON_TOKENS_CALLED, generate 1 tokens, offset=90724531636 ns
        ON_TOKENS_RETURNED, offset=90724533822 ns
        ON_TOKENS_CALLED, generate 1 tokens, offset=91807803655 ns
        ON_TOKENS_RETURNED, offset=91807806171 ns
        ON_TOKENS_CALLED, generate 1 tokens, offset=92938457779 ns
        ON_TOKENS_RETURNED, offset=92938459296 ns
        ON_TOKENS_CALLED, generate 1 tokens, offset=94069688009 ns
        ON_TOKENS_RETURNED, offset=94069689819 ns
        ON_TOKENS_CALLED, generate 1 tokens, offset=95241881732 ns
        ON_TOKENS_RETURNED, offset=95241913992 ns
        ON_TOKENS_CALLED, generate 1 tokens, offset=96401719563 ns
        ON_TOKENS_RETURNED, offset=96401720733 ns
        ON_TOKENS_CALLED, generate 1 tokens, offset=97618180020 ns
        ON_TOKENS_RETURNED, offset=97618181571 ns
        ON_TOKENS_CALLED, generate 1 tokens, offset=98825169337 ns
        ON_TOKENS_RETURNED, offset=98825171014 ns
        ON_TOKENS_CALLED, generate 1 tokens, offset=100081631556 ns
        ON_TOKENS_RETURNED, offset=100081634257 ns
        ON_TOKENS_CALLED, generate 1 tokens, offset=101324172986 ns
        ON_TOKENS_RETURNED, offset=101324174512 ns
        ON_TOKENS_CALLED, generate 1 tokens, offset=102619988686 ns
        ON_TOKENS_RETURNED, offset=102619989818 ns
        ON_TOKENS_CALLED, generate 1 tokens, offset=103911237812 ns
        ON_TOKENS_RETURNED, offset=103911238924 ns
        ON_TOKENS_CALLED, generate 1 tokens, offset=105247949836 ns
        ON_TOKENS_RETURNED, offset=105247952039 ns
        ON_TOKENS_CALLED, generate 1 tokens, offset=106566305478 ns
        ON_TOKENS_RETURNED, offset=106566306275 ns
        ON_TOKENS_CALLED, generate 1 tokens, offset=107947934004 ns
        ON_TOKENS_RETURNED, offset=107947935460 ns
        ON_TOKENS_CALLED, generate 1 tokens, offset=109322682980 ns
        ON_TOKENS_RETURNED, offset=109322685247 ns
        ON_TOKENS_CALLED, generate 1 tokens, offset=110744777061 ns
        ON_TOKENS_RETURNED, offset=110744778891 ns
        ON_TOKENS_CALLED, generate 1 tokens, offset=112151548511 ns
        ON_TOKENS_RETURNED, offset=112151550348 ns
        ON_TOKENS_CALLED, generate 1 tokens, offset=113616615211 ns
        ON_TOKENS_RETURNED, offset=113616616908 ns
        ON_TOKENS_CALLED, generate 1 tokens, offset=115067364736 ns
        ON_TOKENS_RETURNED, offset=115067366699 ns
        ON_TOKENS_CALLED, generate 1 tokens, offset=116568649454 ns
        ON_TOKENS_RETURNED, offset=116568651684 ns
        ON_TOKENS_CALLED, generate 1 tokens, offset=118050441275 ns
        ON_TOKENS_RETURNED, offset=118050442652 ns
        ON_TOKENS_CALLED, generate 1 tokens, offset=119593970785 ns
        ON_TOKENS_RETURNED, offset=119593972002 ns
        ON_TOKENS_CALLED, generate 1 tokens, offset=121126619312 ns
        ON_TOKENS_RETURNED, offset=121126620009 ns
        ON_TOKENS_CALLED, generate 1 tokens, offset=122711337799 ns
        ON_TOKENS_RETURNED, offset=122711339189 ns
        ON_TOKENS_CALLED, generate 1 tokens, offset=124280311467 ns
        ON_TOKENS_RETURNED, offset=124280313892 ns
        ON_TOKENS_CALLED, generate 1 tokens, offset=125904139524 ns
        ON_TOKENS_RETURNED, offset=125904141347 ns
        ON_TOKENS_CALLED, generate 1 tokens, offset=127516178050 ns
        ON_TOKENS_RETURNED, offset=127516178860 ns
        ON_TOKENS_CALLED, generate 1 tokens, offset=129181289738 ns
        ON_TOKENS_RETURNED, offset=129181292357 ns
        ON_TOKENS_CALLED, generate 1 tokens, offset=130814150919 ns
        ON_TOKENS_RETURNED, offset=130814151910 ns
        ON_TOKENS_CALLED, generate 1 tokens, offset=132520879040 ns
        ON_TOKENS_RETURNED, offset=132520880360 ns
        ON_TOKENS_CALLED, generate 1 tokens, offset=134212737319 ns
        ON_TOKENS_RETURNED, offset=134212738549 ns
        ON_TOKENS_CALLED, generate 1 tokens, offset=135958714871 ns
        ON_TOKENS_RETURNED, offset=135958716224 ns
        ON_TOKENS_CALLED, generate 1 tokens, offset=137683425743 ns
        ON_TOKENS_RETURNED, offset=137683426860 ns
        ON_TOKENS_CALLED, generate 1 tokens, offset=139479535190 ns
        ON_TOKENS_RETURNED, offset=139479764077 ns
        ON_TOKENS_CALLED, generate 1 tokens, offset=141261689566 ns
        ON_TOKENS_RETURNED, offset=141261694117 ns
[15:47:51.393583536|thread 3583003|cpu 204] [debug] #EVT# HandleDetails::is_anomalous() handle_id=28 time in state STATE_OPENED exceeded threshold: 67998039169 ns
[15:47:51.393585181|thread 3583003|cpu 204] [debug] #EVT#   Handle,    28, Created, 754731367575938, Last, 754872629250717, Prompted,  8191, Generated,    64, Input TPS, 120.47, Output TPS:  0.77, Callbacks,    64, prompt parsing complete, open
[15:47:51.393599262|thread 3583003|cpu 204] [info ] #EVT#   Handle 28 history:
        SESSION_OPEN, prompt 8192 tokens, offset=0 ns
        PROMPT_TOKENS_REUSE, offset=67998029794 ns
        ON_START_CALLED, offset=67998039169 ns
        ON_START_RETURNED, offset=67998212546 ns
        ON_TOKENS_CALLED, generate 1 tokens, offset=67998220002 ns
        ON_TOKENS_RETURNED, offset=67998220847 ns
        ON_TOKENS_CALLED, generate 1 tokens, offset=68534888077 ns
        ON_TOKENS_RETURNED, offset=68534889374 ns
        ON_TOKENS_CALLED, generate 1 tokens, offset=69106368213 ns
        ON_TOKENS_RETURNED, offset=69106370455 ns
        ON_TOKENS_CALLED, generate 1 tokens, offset=69716197932 ns
        ON_TOKENS_RETURNED, offset=69716200309 ns
        ON_TOKENS_CALLED, generate 1 tokens, offset=70360588163 ns
        ON_TOKENS_RETURNED, offset=70360589880 ns
        ON_TOKENS_CALLED, generate 1 tokens, offset=71025775833 ns
        ON_TOKENS_RETURNED, offset=71025778512 ns
        ON_TOKENS_CALLED, generate 1 tokens, offset=71712014302 ns
        ON_TOKENS_RETURNED, offset=71712016226 ns
        ON_TOKENS_CALLED, generate 1 tokens, offset=72407867947 ns
        ON_TOKENS_RETURNED, offset=72407868958 ns
        ON_TOKENS_CALLED, generate 1 tokens, offset=73120118270 ns
        ON_TOKENS_RETURNED, offset=73120119422 ns
        ON_TOKENS_CALLED, generate 1 tokens, offset=73841768346 ns
        ON_TOKENS_RETURNED, offset=73841771154 ns
        ON_TOKENS_CALLED, generate 1 tokens, offset=74580787479 ns
        ON_TOKENS_RETURNED, offset=74580788830 ns
        ON_TOKENS_CALLED, generate 1 tokens, offset=75326583268 ns
        ON_TOKENS_RETURNED, offset=75326584073 ns
        ON_TOKENS_CALLED, generate 1 tokens, offset=76089641971 ns
        ON_TOKENS_RETURNED, offset=76089644457 ns
        ON_TOKENS_CALLED, generate 1 tokens, offset=76853138249 ns
        ON_TOKENS_RETURNED, offset=76853139357 ns
        ON_TOKENS_CALLED, generate 1 tokens, offset=77636709457 ns
        ON_TOKENS_RETURNED, offset=77636711932 ns
        ON_TOKENS_CALLED, generate 1 tokens, offset=78427581803 ns
        ON_TOKENS_RETURNED, offset=78427582926 ns
        ON_TOKENS_CALLED, generate 1 tokens, offset=79243046028 ns
        ON_TOKENS_RETURNED, offset=79243071415 ns
        ON_TOKENS_CALLED, generate 1 tokens, offset=80063353292 ns
        ON_TOKENS_RETURNED, offset=80063354617 ns
        ON_TOKENS_CALLED, generate 1 tokens, offset=80925163941 ns
        ON_TOKENS_RETURNED, offset=80925165081 ns
        ON_TOKENS_CALLED, generate 1 tokens, offset=81797435455 ns
        ON_TOKENS_RETURNED, offset=81797437768 ns
        ON_TOKENS_CALLED, generate 1 tokens, offset=82711375791 ns
        ON_TOKENS_RETURNED, offset=82711377833 ns
        ON_TOKENS_CALLED, generate 1 tokens, offset=83621555573 ns
        ON_TOKENS_RETURNED, offset=83621557041 ns
        ON_TOKENS_CALLED, generate 1 tokens, offset=84577289004 ns
        ON_TOKENS_RETURNED, offset=84577290336 ns
        ON_TOKENS_CALLED, generate 1 tokens, offset=85536032261 ns
        ON_TOKENS_RETURNED, offset=85536033372 ns
        ON_TOKENS_CALLED, generate 1 tokens, offset=86540206104 ns
        ON_TOKENS_RETURNED, offset=86540207830 ns
        ON_TOKENS_CALLED, generate 1 tokens, offset=87536579074 ns
        ON_TOKENS_RETURNED, offset=87536581416 ns
        ON_TOKENS_CALLED, generate 1 tokens, offset=88586411730 ns
        ON_TOKENS_RETURNED, offset=88586414824 ns
        ON_TOKENS_CALLED, generate 1 tokens, offset=89633684346 ns
        ON_TOKENS_RETURNED, offset=89633686266 ns
        ON_TOKENS_CALLED, generate 1 tokens, offset=90724510915 ns
        ON_TOKENS_RETURNED, offset=90724512093 ns
        ON_TOKENS_CALLED, generate 1 tokens, offset=91807782141 ns
        ON_TOKENS_RETURNED, offset=91807783947 ns
        ON_TOKENS_CALLED, generate 1 tokens, offset=92938438431 ns
        ON_TOKENS_RETURNED, offset=92938441419 ns
        ON_TOKENS_CALLED, generate 1 tokens, offset=94069665537 ns
        ON_TOKENS_RETURNED, offset=94069666660 ns
        ON_TOKENS_CALLED, generate 1 tokens, offset=95241857413 ns
        ON_TOKENS_RETURNED, offset=95241881142 ns
        ON_TOKENS_CALLED, generate 1 tokens, offset=96401699070 ns
        ON_TOKENS_RETURNED, offset=96401700737 ns
        ON_TOKENS_CALLED, generate 1 tokens, offset=97618160831 ns
        ON_TOKENS_RETURNED, offset=97618162891 ns
        ON_TOKENS_CALLED, generate 1 tokens, offset=98825150716 ns
        ON_TOKENS_RETURNED, offset=98825152891 ns
        ON_TOKENS_CALLED, generate 1 tokens, offset=100081613987 ns
        ON_TOKENS_RETURNED, offset=100081615119 ns
        ON_TOKENS_CALLED, generate 1 tokens, offset=101324147391 ns
        ON_TOKENS_RETURNED, offset=101324150484 ns
        ON_TOKENS_CALLED, generate 1 tokens, offset=102619968236 ns
        ON_TOKENS_RETURNED, offset=102619970233 ns
        ON_TOKENS_CALLED, generate 1 tokens, offset=103911217331 ns
        ON_TOKENS_RETURNED, offset=103911218259 ns
        ON_TOKENS_CALLED, generate 1 tokens, offset=105247931489 ns
        ON_TOKENS_RETURNED, offset=105247934567 ns
        ON_TOKENS_CALLED, generate 1 tokens, offset=106566278658 ns
        ON_TOKENS_RETURNED, offset=106566280350 ns
        ON_TOKENS_CALLED, generate 1 tokens, offset=107947916119 ns
        ON_TOKENS_RETURNED, offset=107947917199 ns
        ON_TOKENS_CALLED, generate 1 tokens, offset=109322663274 ns
        ON_TOKENS_RETURNED, offset=109322665428 ns
        ON_TOKENS_CALLED, generate 1 tokens, offset=110744755348 ns
        ON_TOKENS_RETURNED, offset=110744758165 ns
        ON_TOKENS_CALLED, generate 1 tokens, offset=112151527967 ns
        ON_TOKENS_RETURNED, offset=112151529616 ns
        ON_TOKENS_CALLED, generate 1 tokens, offset=113616595907 ns
        ON_TOKENS_RETURNED, offset=113616598158 ns
        ON_TOKENS_CALLED, generate 1 tokens, offset=115067350131 ns
        ON_TOKENS_RETURNED, offset=115067351271 ns
        ON_TOKENS_CALLED, generate 1 tokens, offset=116568630381 ns
        ON_TOKENS_RETURNED, offset=116568631226 ns
        ON_TOKENS_CALLED, generate 1 tokens, offset=118050422287 ns
        ON_TOKENS_RETURNED, offset=118050426318 ns
        ON_TOKENS_CALLED, generate 1 tokens, offset=119593953889 ns
        ON_TOKENS_RETURNED, offset=119593954660 ns
        ON_TOKENS_CALLED, generate 1 tokens, offset=121126595881 ns
        ON_TOKENS_RETURNED, offset=121126597221 ns
        ON_TOKENS_CALLED, generate 1 tokens, offset=122711318007 ns
        ON_TOKENS_RETURNED, offset=122711318981 ns
        ON_TOKENS_CALLED, generate 1 tokens, offset=124280290378 ns
        ON_TOKENS_RETURNED, offset=124280292537 ns
        ON_TOKENS_CALLED, generate 1 tokens, offset=125904114289 ns
        ON_TOKENS_RETURNED, offset=125904115482 ns
        ON_TOKENS_CALLED, generate 1 tokens, offset=127516159858 ns
        ON_TOKENS_RETURNED, offset=127516160930 ns
        ON_TOKENS_CALLED, generate 1 tokens, offset=129181269779 ns
        ON_TOKENS_RETURNED, offset=129181270592 ns
        ON_TOKENS_CALLED, generate 1 tokens, offset=130814131564 ns
        ON_TOKENS_RETURNED, offset=130814132950 ns
        ON_TOKENS_CALLED, generate 1 tokens, offset=132520859528 ns
        ON_TOKENS_RETURNED, offset=132520860968 ns
        ON_TOKENS_CALLED, generate 1 tokens, offset=134212716440 ns
        ON_TOKENS_RETURNED, offset=134212717673 ns
        ON_TOKENS_CALLED, generate 1 tokens, offset=135958695592 ns
        ON_TOKENS_RETURNED, offset=135958697085 ns
        ON_TOKENS_CALLED, generate 1 tokens, offset=137683400120 ns
        ON_TOKENS_RETURNED, offset=137683400970 ns
        ON_TOKENS_CALLED, generate 1 tokens, offset=139479515679 ns
        ON_TOKENS_RETURNED, offset=139479595657 ns
        ON_TOKENS_CALLED, generate 1 tokens, offset=141261670677 ns
        ON_TOKENS_RETURNED, offset=141261674779 ns
[15:47:51.393608485|thread 3583003|cpu 204] [debug] #EVT# HandleDetails::is_anomalous() handle_id=29 time in state STATE_OPENED exceeded threshold: 67998028648 ns
[15:47:51.393610091|thread 3583003|cpu 204] [debug] #EVT#   Handle,    29, Created, 754731367586552, Last, 754872629252305, Prompted,  8191, Generated,    64, Input TPS, 120.47, Output TPS:  0.77, Callbacks,    64, prompt parsing complete, open
[15:47:51.393624622|thread 3583003|cpu 204] [info ] #EVT#   Handle 29 history:
        SESSION_OPEN, prompt 8192 tokens, offset=0 ns
        PROMPT_TOKENS_REUSE, offset=67998020134 ns
        ON_START_CALLED, offset=67998028648 ns
        ON_START_RETURNED, offset=67998187687 ns
        ON_TOKENS_CALLED, generate 1 tokens, offset=67998194702 ns
        ON_TOKENS_RETURNED, offset=67998195638 ns
        ON_TOKENS_CALLED, generate 1 tokens, offset=68534874093 ns
        ON_TOKENS_RETURNED, offset=68534875321 ns
        ON_TOKENS_CALLED, generate 1 tokens, offset=69106358978 ns
        ON_TOKENS_RETURNED, offset=69106360220 ns
        ON_TOKENS_CALLED, generate 1 tokens, offset=69716188481 ns
        ON_TOKENS_RETURNED, offset=69716190750 ns
        ON_TOKENS_CALLED, generate 1 tokens, offset=70360575865 ns
        ON_TOKENS_RETURNED, offset=70360578897 ns
        ON_TOKENS_CALLED, generate 1 tokens, offset=71025764514 ns
        ON_TOKENS_RETURNED, offset=71025765771 ns
        ON_TOKENS_CALLED, generate 1 tokens, offset=71712005510 ns
        ON_TOKENS_RETURNED, offset=71712006774 ns
        ON_TOKENS_CALLED, generate 1 tokens, offset=72407858639 ns
        ON_TOKENS_RETURNED, offset=72407859665 ns
        ON_TOKENS_CALLED, generate 1 tokens, offset=73120108091 ns
        ON_TOKENS_RETURNED, offset=73120109489 ns
        ON_TOKENS_CALLED, generate 1 tokens, offset=73841760625 ns
        ON_TOKENS_RETURNED, offset=73841761620 ns
        ON_TOKENS_CALLED, generate 1 tokens, offset=74580767828 ns
        ON_TOKENS_RETURNED, offset=74580768962 ns
        ON_TOKENS_CALLED, generate 1 tokens, offset=75326574450 ns
        ON_TOKENS_RETURNED, offset=75326575492 ns
        ON_TOKENS_CALLED, generate 1 tokens, offset=76089633000 ns
        ON_TOKENS_RETURNED, offset=76089634203 ns
        ON_TOKENS_CALLED, generate 1 tokens, offset=76853128911 ns
        ON_TOKENS_RETURNED, offset=76853129948 ns
        ON_TOKENS_CALLED, generate 1 tokens, offset=77636701632 ns
        ON_TOKENS_RETURNED, offset=77636702806 ns
        ON_TOKENS_CALLED, generate 1 tokens, offset=78427576451 ns
        ON_TOKENS_RETURNED, offset=78427577502 ns
        ON_TOKENS_CALLED, generate 1 tokens, offset=79243034865 ns
        ON_TOKENS_RETURNED, offset=79243047133 ns
        ON_TOKENS_CALLED, generate 1 tokens, offset=80063337341 ns
        ON_TOKENS_RETURNED, offset=80063338256 ns
        ON_TOKENS_CALLED, generate 1 tokens, offset=80925155246 ns
        ON_TOKENS_RETURNED, offset=80925156101 ns
        ON_TOKENS_CALLED, generate 1 tokens, offset=81797425936 ns
        ON_TOKENS_RETURNED, offset=81797426909 ns
        ON_TOKENS_CALLED, generate 1 tokens, offset=82711365325 ns
        ON_TOKENS_RETURNED, offset=82711366182 ns
        ON_TOKENS_CALLED, generate 1 tokens, offset=83621543396 ns
        ON_TOKENS_RETURNED, offset=83621545896 ns
        ON_TOKENS_CALLED, generate 1 tokens, offset=84577281419 ns
        ON_TOKENS_RETURNED, offset=84577282659 ns
        ON_TOKENS_CALLED, generate 1 tokens, offset=85536013171 ns
        ON_TOKENS_RETURNED, offset=85536014121 ns
        ON_TOKENS_CALLED, generate 1 tokens, offset=86540196526 ns
        ON_TOKENS_RETURNED, offset=86540197548 ns
        ON_TOKENS_CALLED, generate 1 tokens, offset=87536569794 ns
        ON_TOKENS_RETURNED, offset=87536571383 ns
        ON_TOKENS_CALLED, generate 1 tokens, offset=88586402572 ns
        ON_TOKENS_RETURNED, offset=88586403838 ns
        ON_TOKENS_CALLED, generate 1 tokens, offset=89633674800 ns
        ON_TOKENS_RETURNED, offset=89633677181 ns
        ON_TOKENS_CALLED, generate 1 tokens, offset=90724500890 ns
        ON_TOKENS_RETURNED, offset=90724502239 ns
        ON_TOKENS_CALLED, generate 1 tokens, offset=91807775322 ns
        ON_TOKENS_RETURNED, offset=91807776356 ns
        ON_TOKENS_CALLED, generate 1 tokens, offset=92938428383 ns
        ON_TOKENS_RETURNED, offset=92938430254 ns
        ON_TOKENS_CALLED, generate 1 tokens, offset=94069654512 ns
        ON_TOKENS_RETURNED, offset=94069655638 ns
        ON_TOKENS_CALLED, generate 1 tokens, offset=95241845512 ns
        ON_TOKENS_RETURNED, offset=95241849368 ns
        ON_TOKENS_CALLED, generate 1 tokens, offset=96401689454 ns
        ON_TOKENS_RETURNED, offset=96401690623 ns
        ON_TOKENS_CALLED, generate 1 tokens, offset=97618151351 ns
        ON_TOKENS_RETURNED, offset=97618153064 ns
        ON_TOKENS_CALLED, generate 1 tokens, offset=98825141057 ns
        ON_TOKENS_RETURNED, offset=98825142365 ns
        ON_TOKENS_CALLED, generate 1 tokens, offset=100081607591 ns
        ON_TOKENS_RETURNED, offset=100081608935 ns
        ON_TOKENS_CALLED, generate 1 tokens, offset=101324137016 ns
        ON_TOKENS_RETURNED, offset=101324138547 ns
        ON_TOKENS_CALLED, generate 1 tokens, offset=102619959671 ns
        ON_TOKENS_RETURNED, offset=102619960538 ns
        ON_TOKENS_CALLED, generate 1 tokens, offset=103911207759 ns
        ON_TOKENS_RETURNED, offset=103911208569 ns
        ON_TOKENS_CALLED, generate 1 tokens, offset=105247922061 ns
        ON_TOKENS_RETURNED, offset=105247924739 ns
        ON_TOKENS_CALLED, generate 1 tokens, offset=106566269320 ns
        ON_TOKENS_RETURNED, offset=106566271703 ns
        ON_TOKENS_CALLED, generate 1 tokens, offset=107947905951 ns
        ON_TOKENS_RETURNED, offset=107947907062 ns
        ON_TOKENS_CALLED, generate 1 tokens, offset=109322654849 ns
        ON_TOKENS_RETURNED, offset=109322656602 ns
        ON_TOKENS_CALLED, generate 1 tokens, offset=110744746352 ns
        ON_TOKENS_RETURNED, offset=110744747463 ns
        ON_TOKENS_CALLED, generate 1 tokens, offset=112151518260 ns
        ON_TOKENS_RETURNED, offset=112151519974 ns
        ON_TOKENS_CALLED, generate 1 tokens, offset=113616583971 ns
        ON_TOKENS_RETURNED, offset=113616585201 ns
        ON_TOKENS_CALLED, generate 1 tokens, offset=115067338646 ns
        ON_TOKENS_RETURNED, offset=115067340514 ns
        ON_TOKENS_CALLED, generate 1 tokens, offset=116568619188 ns
        ON_TOKENS_RETURNED, offset=116568620177 ns
        ON_TOKENS_CALLED, generate 1 tokens, offset=118050412756 ns
        ON_TOKENS_RETURNED, offset=118050418323 ns
        ON_TOKENS_CALLED, generate 1 tokens, offset=119593942916 ns
        ON_TOKENS_RETURNED, offset=119593943598 ns
        ON_TOKENS_CALLED, generate 1 tokens, offset=121126585680 ns
        ON_TOKENS_RETURNED, offset=121126587009 ns
        ON_TOKENS_CALLED, generate 1 tokens, offset=122711308039 ns
        ON_TOKENS_RETURNED, offset=122711308885 ns
        ON_TOKENS_CALLED, generate 1 tokens, offset=124280286281 ns
        ON_TOKENS_RETURNED, offset=124280287111 ns
        ON_TOKENS_CALLED, generate 1 tokens, offset=125904103776 ns
        ON_TOKENS_RETURNED, offset=125904106583 ns
        ON_TOKENS_CALLED, generate 1 tokens, offset=127516161502 ns
        ON_TOKENS_RETURNED, offset=127516163041 ns
        ON_TOKENS_CALLED, generate 1 tokens, offset=129181261692 ns
        ON_TOKENS_RETURNED, offset=129181262557 ns
        ON_TOKENS_CALLED, generate 1 tokens, offset=130814123302 ns
        ON_TOKENS_RETURNED, offset=130814124391 ns
        ON_TOKENS_CALLED, generate 1 tokens, offset=132520850624 ns
        ON_TOKENS_RETURNED, offset=132520851457 ns
        ON_TOKENS_CALLED, generate 1 tokens, offset=134212703871 ns
        ON_TOKENS_RETURNED, offset=134212705201 ns
        ON_TOKENS_CALLED, generate 1 tokens, offset=135958684063 ns
        ON_TOKENS_RETURNED, offset=135958685871 ns
        ON_TOKENS_CALLED, generate 1 tokens, offset=137683392826 ns
        ON_TOKENS_RETURNED, offset=137683395578 ns
        ON_TOKENS_CALLED, generate 1 tokens, offset=139479508111 ns
        ON_TOKENS_RETURNED, offset=139479709073 ns
        ON_TOKENS_CALLED, generate 1 tokens, offset=141261662138 ns
        ON_TOKENS_RETURNED, offset=141261665753 ns
[15:47:52.429414295|thread 3583002|cpu 204] [info ] KV cache footprint: 30.78 GB in 141 books
[15:48:03.437186087|thread 3583002|cpu 204] [info ] KV cache footprint: 31.88 GB in 146 books
[15:48:10.535198468|thread 3583002|cpu 204] [info ] KV cache footprint: 32.98 GB in 151 books
[15:48:13.075894828|thread 3580165|cpu 204] [info ] [Request 5] Parsing the prompt took 173.122445907 s at 47.31910964567054 tokens/s
[15:48:19.070961529|thread 3583002|cpu 204] [info ] KV cache footprint: 34.08 GB in 156 books
[15:48:31.200392449|thread 3583002|cpu 204] [info ] KV cache footprint: 35.17 GB in 161 books
[15:48:37.132641953|thread 3580167|cpu 204] [info ] [Request 6] Parsing the prompt took 197.179183191 s at 41.54596782189081 tokens/s
[15:48:42.839113861|thread 3583002|cpu 204] [info ] KV cache footprint: 36.27 GB in 166 books
[15:48:48.892434047|thread 3580168|cpu 204] [info ] [Request 14] Parsing the prompt took 208.938881251 s at 39.20763790325307 tokens/s
[15:48:53.252144693|thread 3583002|cpu 204] [info ] KV cache footprint: 37.37 GB in 171 books
[15:48:54.754230450|thread 3580169|cpu 204] [info ] [Request 19] Parsing the prompt took 214.800604576 s at 38.13769526473346 tokens/s
[15:48:56.126172698|thread 3580158|cpu 204] [info ] [Request 47] Generating 61 response tokens with 8193 context took 72.505761 s at 0.841 average tok/s, or 1188.619 ms/tok
[15:48:56.126173458|thread 3580162|cpu 204] [info ] [Request 23] Generating 61 response tokens with 8193 context took 72.505761 s at 0.841 average tok/s, or 1188.619 ms/tok
[15:48:56.126222033|thread 3580162|cpu 204] [info ] [Request 23] Request with 8192 tokens in and 64 out (sequence limit) saw 142.998235 s TTFT and 216.172504 s TTLT
[15:48:56.126172738|thread 3580155|cpu 204] [info ] [Request 42] Generating 61 response tokens with 8193 context took 72.505753 s at 0.841 average tok/s, or 1188.619 ms/tok
[15:48:56.126245967|thread 3580155|cpu 204] [info ] [Request 42] Request with 8192 tokens in and 64 out (sequence limit) saw 142.997991 s TTFT and 216.172260 s TTLT
[15:48:56.126172603|thread 3580157|cpu 204] [info ] [Request 44] Generating 61 response tokens with 8193 context took 72.505760 s at 0.841 average tok/s, or 1188.619 ms/tok
[15:48:56.126177236|thread 3580159|cpu 204] [info ] [Request 3] Generating 61 response tokens with 8193 context took 72.505758 s at 0.841 average tok/s, or 1188.619 ms/tok
[15:48:56.126290785|thread 3580159|cpu 204] [info ] [Request 3] Request with 8192 tokens in and 64 out (sequence limit) saw 142.998476 s TTFT and 216.172754 s TTLT
[15:48:56.126177653|thread 3580163|cpu 204] [info ] [Request 4] Generating 61 response tokens with 8193 context took 72.505759 s at 0.841 average tok/s, or 1188.619 ms/tok
[15:48:56.126312871|thread 3580163|cpu 204] [info ] [Request 4] Request with 8192 tokens in and 64 out (sequence limit) saw 142.998470 s TTFT and 216.172741 s TTLT
[15:48:56.126204187|thread 3580158|cpu 204] [info ] [Request 47] Request with 8192 tokens in and 64 out (sequence limit) saw 142.997859 s TTFT and 216.172132 s TTLT
[15:48:56.126172941|thread 3580161|cpu 204] [info ] [Request 21] Generating 61 response tokens with 8193 context took 72.505761 s at 0.841 average tok/s, or 1188.619 ms/tok
[15:48:56.126343761|thread 3580161|cpu 204] [info ] [Request 21] Request with 8192 tokens in and 64 out (sequence limit) saw 142.998257 s TTFT and 216.172526 s TTLT
[15:48:56.126276742|thread 3580157|cpu 204] [info ] [Request 44] Request with 8192 tokens in and 64 out (sequence limit) saw 142.997967 s TTFT and 216.172238 s TTLT
[15:48:58.827299946|thread 3580163|cpu 204] [info ] [Request 36] Parsing the prompt took 218.873467457 s at 37.42801763584892 tokens/s
[15:48:58.827300059|thread 3580161|cpu 204] [info ] [Request 24] Parsing the prompt took 218.87361762 s at 37.427991957544364 tokens/s
[15:48:58.827300031|thread 3580162|cpu 204] [info ] [Request 33] Parsing the prompt took 218.873501056 s at 37.42801189032029 tokens/s
[15:49:02.375080342|thread 3583002|cpu 204] [info ] KV cache footprint: 38.47 GB in 176 books
[15:49:07.732007952|thread 3583003|cpu 204] [debug] #EVT# HandleDetails::is_anomalous() handle_id=47 time in state STATE_OPENED exceeded threshold: 142997842192 ns
[15:49:07.732074928|thread 3583003|cpu 204] [debug] #EVT#   Handle,    47, Created, 754731367899620, Last, 754948959560808, Prompted,  8191, Generated,    64, Input TPS, 57.29, Output TPS:  0.75, Callbacks,    64, prompt parsing complete, open
[15:49:07.732125657|thread 3583003|cpu 204] [info ] #EVT#   Handle 47 history:
        SESSION_OPEN, prompt 8192 tokens, offset=0 ns
        PROMPT_TOKENS_REUSE, offset=142997841251 ns
        ON_START_CALLED, offset=142997842192 ns
        ON_START_RETURNED, offset=142997937056 ns
        ON_TOKENS_CALLED, generate 1 tokens, offset=142997940628 ns
        ON_TOKENS_RETURNED, offset=142997942635 ns
        ON_TOKENS_CALLED, generate 1 tokens, offset=143666353518 ns
        ON_TOKENS_RETURNED, offset=143666356216 ns
        ON_TOKENS_CALLED, generate 1 tokens, offset=144398743132 ns
        ON_TOKENS_RETURNED, offset=144398745579 ns
        ON_TOKENS_CALLED, generate 1 tokens, offset=145144845544 ns
        ON_TOKENS_RETURNED, offset=145144846403 ns
        ON_TOKENS_CALLED, generate 1 tokens, offset=145904457700 ns
        ON_TOKENS_RETURNED, offset=145904459961 ns
        ON_TOKENS_CALLED, generate 1 tokens, offset=146676214628 ns
        ON_TOKENS_RETURNED, offset=146676215448 ns
        ON_TOKENS_CALLED, generate 1 tokens, offset=147463351936 ns
        ON_TOKENS_RETURNED, offset=147463353729 ns
        ON_TOKENS_CALLED, generate 1 tokens, offset=148261092331 ns
        ON_TOKENS_RETURNED, offset=148261093661 ns
        ON_TOKENS_CALLED, generate 1 tokens, offset=149075722915 ns
        ON_TOKENS_RETURNED, offset=149075744129 ns
        ON_TOKENS_CALLED, generate 1 tokens, offset=149899509563 ns
        ON_TOKENS_RETURNED, offset=149899511569 ns
        ON_TOKENS_CALLED, generate 1 tokens, offset=150745043690 ns
        ON_TOKENS_RETURNED, offset=150745045946 ns
        ON_TOKENS_CALLED, generate 1 tokens, offset=151601673417 ns
        ON_TOKENS_RETURNED, offset=151601676337 ns
        ON_TOKENS_CALLED, generate 1 tokens, offset=152475130493 ns
        ON_TOKENS_RETURNED, offset=152475131643 ns
        ON_TOKENS_CALLED, generate 1 tokens, offset=153375074319 ns
        ON_TOKENS_RETURNED, offset=153375076963 ns
        ON_TOKENS_CALLED, generate 1 tokens, offset=154292085917 ns
        ON_TOKENS_RETURNED, offset=154292088522 ns
        ON_TOKENS_CALLED, generate 1 tokens, offset=155222853770 ns
        ON_TOKENS_RETURNED, offset=155222855889 ns
        ON_TOKENS_CALLED, generate 1 tokens, offset=156180936964 ns
        ON_TOKENS_RETURNED, offset=156180949803 ns
        ON_TOKENS_CALLED, generate 1 tokens, offset=157149512503 ns
        ON_TOKENS_RETURNED, offset=157149514238 ns
        ON_TOKENS_CALLED, generate 1 tokens, offset=158155585765 ns
        ON_TOKENS_RETURNED, offset=158155586508 ns
        ON_TOKENS_CALLED, generate 1 tokens, offset=159173035077 ns
        ON_TOKENS_RETURNED, offset=159173038740 ns
        ON_TOKENS_CALLED, generate 1 tokens, offset=160225811497 ns
        ON_TOKENS_RETURNED, offset=160225812811 ns
        ON_TOKENS_CALLED, generate 1 tokens, offset=161281301636 ns
        ON_TOKENS_RETURNED, offset=161281304110 ns
        ON_TOKENS_CALLED, generate 1 tokens, offset=162378917138 ns
        ON_TOKENS_RETURNED, offset=162378918343 ns
        ON_TOKENS_CALLED, generate 1 tokens, offset=163482945671 ns
        ON_TOKENS_RETURNED, offset=163482946450 ns
        ON_TOKENS_CALLED, generate 1 tokens, offset=164622838194 ns
        ON_TOKENS_RETURNED, offset=164622840674 ns
        ON_TOKENS_CALLED, generate 1 tokens, offset=165758332835 ns
        ON_TOKENS_RETURNED, offset=165758335333 ns
        ON_TOKENS_CALLED, generate 1 tokens, offset=166946503694 ns
        ON_TOKENS_RETURNED, offset=166946506157 ns
        ON_TOKENS_CALLED, generate 1 tokens, offset=168134011104 ns
        ON_TOKENS_RETURNED, offset=168134012653 ns
        ON_TOKENS_CALLED, generate 1 tokens, offset=169360377242 ns
        ON_TOKENS_RETURNED, offset=169360379065 ns
        ON_TOKENS_CALLED, generate 1 tokens, offset=170580930295 ns
        ON_TOKENS_RETURNED, offset=170580931472 ns
        ON_TOKENS_CALLED, generate 1 tokens, offset=171854532604 ns
        ON_TOKENS_RETURNED, offset=171854534980 ns
        ON_TOKENS_CALLED, generate 1 tokens, offset=173121825997 ns
        ON_TOKENS_RETURNED, offset=173121827076 ns
        ON_TOKENS_CALLED, generate 1 tokens, offset=174275749530 ns
        ON_TOKENS_RETURNED, offset=174275752351 ns
        ON_TOKENS_CALLED, generate 1 tokens, offset=175461456377 ns
        ON_TOKENS_RETURNED, offset=175461459009 ns
        ON_TOKENS_CALLED, generate 1 tokens, offset=176659345985 ns
        ON_TOKENS_RETURNED, offset=176659347483 ns
        ON_TOKENS_CALLED, generate 1 tokens, offset=177884685500 ns
        ON_TOKENS_RETURNED, offset=177884686917 ns
        ON_TOKENS_CALLED, generate 1 tokens, offset=179116648463 ns
        ON_TOKENS_RETURNED, offset=179116650626 ns
        ON_TOKENS_CALLED, generate 1 tokens, offset=180386020848 ns
        ON_TOKENS_RETURNED, offset=180386022357 ns
        ON_TOKENS_CALLED, generate 1 tokens, offset=181662806240 ns
        ON_TOKENS_RETURNED, offset=181662808144 ns
        ON_TOKENS_CALLED, generate 1 tokens, offset=182978237918 ns
        ON_TOKENS_RETURNED, offset=182978240538 ns
        ON_TOKENS_CALLED, generate 1 tokens, offset=184288199290 ns
        ON_TOKENS_RETURNED, offset=184288200966 ns
        ON_TOKENS_CALLED, generate 1 tokens, offset=185644905592 ns
        ON_TOKENS_RETURNED, offset=185644907099 ns
        ON_TOKENS_CALLED, generate 1 tokens, offset=187007830165 ns
        ON_TOKENS_RETURNED, offset=187007831237 ns
        ON_TOKENS_CALLED, generate 1 tokens, offset=188406872112 ns
        ON_TOKENS_RETURNED, offset=188406874519 ns
        ON_TOKENS_CALLED, generate 1 tokens, offset=189803158498 ns
        ON_TOKENS_RETURNED, offset=189803161307 ns
        ON_TOKENS_CALLED, generate 1 tokens, offset=191246117296 ns
        ON_TOKENS_RETURNED, offset=191246119878 ns
        ON_TOKENS_CALLED, generate 1 tokens, offset=192689007148 ns
        ON_TOKENS_RETURNED, offset=192689008328 ns
        ON_TOKENS_CALLED, generate 1 tokens, offset=194171469847 ns
        ON_TOKENS_RETURNED, offset=194171472425 ns
        ON_TOKENS_CALLED, generate 1 tokens, offset=195651099824 ns
        ON_TOKENS_RETURNED, offset=195651108376 ns
        ON_TOKENS_CALLED, generate 1 tokens, offset=197178563044 ns
        ON_TOKENS_RETURNED, offset=197178565172 ns
        ON_TOKENS_CALLED, generate 1 tokens, offset=198556255435 ns
        ON_TOKENS_RETURNED, offset=198556256827 ns
        ON_TOKENS_CALLED, generate 1 tokens, offset=199983127908 ns
        ON_TOKENS_RETURNED, offset=199983129829 ns
        ON_TOKENS_CALLED, generate 1 tokens, offset=201414197965 ns
        ON_TOKENS_RETURNED, offset=201414199709 ns
        ON_TOKENS_CALLED, generate 1 tokens, offset=202884727678 ns
        ON_TOKENS_RETURNED, offset=202884729716 ns
        ON_TOKENS_CALLED, generate 1 tokens, offset=204358984152 ns
        ON_TOKENS_RETURNED, offset=204358985195 ns
        ON_TOKENS_CALLED, generate 1 tokens, offset=205871912261 ns
        ON_TOKENS_RETURNED, offset=205871913852 ns
        ON_TOKENS_CALLED, generate 1 tokens, offset=207383687799 ns
        ON_TOKENS_RETURNED, offset=207383688858 ns
        ON_TOKENS_CALLED, generate 1 tokens, offset=208938353341 ns
        ON_TOKENS_RETURNED, offset=208938355526 ns
        ON_TOKENS_CALLED, generate 1 tokens, offset=210357636250 ns
        ON_TOKENS_RETURNED, offset=210357639006 ns
        ON_TOKENS_CALLED, generate 1 tokens, offset=211822785660 ns
        ON_TOKENS_RETURNED, offset=211822786888 ns
        ON_TOKENS_CALLED, generate 1 tokens, offset=213297858607 ns
        ON_TOKENS_RETURNED, offset=213297861144 ns
        ON_TOKENS_CALLED, generate 1 tokens, offset=214800143054 ns
        ON_TOKENS_RETURNED, offset=214800144637 ns
        ON_TOKENS_CALLED, generate 1 tokens, offset=216172114675 ns
        ON_TOKENS_RETURNED, offset=216172267729 ns
        ON_TOKENS_CALLED, generate 1 tokens, offset=217591655694 ns
        ON_TOKENS_RETURNED, offset=217591661188 ns
[15:49:07.732158014|thread 3583003|cpu 204] [debug] #EVT# HandleDetails::is_anomalous() handle_id=44 time in state STATE_OPENED exceeded threshold: 142997949542 ns
[15:49:07.732161393|thread 3583003|cpu 204] [debug] #EVT#   Handle,    44, Created, 754731367792186, Last, 754948959560293, Prompted,  8191, Generated,    64, Input TPS, 57.29, Output TPS:  0.75, Callbacks,    64, prompt parsing complete, open
[15:49:07.732182138|thread 3583003|cpu 204] [info ] #EVT#   Handle 44 history:
        SESSION_OPEN, prompt 8192 tokens, offset=0 ns
        PROMPT_TOKENS_REUSE, offset=142997948126 ns
        ON_START_CALLED, offset=142997949542 ns
        ON_START_RETURNED, offset=142998025677 ns
        ON_TOKENS_CALLED, generate 1 tokens, offset=142998030173 ns
        ON_TOKENS_RETURNED, offset=142998030780 ns
        ON_TOKENS_CALLED, generate 1 tokens, offset=143666460614 ns
        ON_TOKENS_RETURNED, offset=143666463070 ns
        ON_TOKENS_CALLED, generate 1 tokens, offset=144398849070 ns
        ON_TOKENS_RETURNED, offset=144398851838 ns
        ON_TOKENS_CALLED, generate 1 tokens, offset=145144951725 ns
        ON_TOKENS_RETURNED, offset=145144954212 ns
        ON_TOKENS_CALLED, generate 1 tokens, offset=145904561888 ns
        ON_TOKENS_RETURNED, offset=145904565934 ns
        ON_TOKENS_CALLED, generate 1 tokens, offset=146676316951 ns
        ON_TOKENS_RETURNED, offset=146676318268 ns
        ON_TOKENS_CALLED, generate 1 tokens, offset=147463453388 ns
        ON_TOKENS_RETURNED, offset=147463455234 ns
        ON_TOKENS_CALLED, generate 1 tokens, offset=148261214861 ns
        ON_TOKENS_RETURNED, offset=148261215662 ns
        ON_TOKENS_CALLED, generate 1 tokens, offset=149075829987 ns
        ON_TOKENS_RETURNED, offset=149075846708 ns
        ON_TOKENS_CALLED, generate 1 tokens, offset=149899595672 ns
        ON_TOKENS_RETURNED, offset=149899597384 ns
        ON_TOKENS_CALLED, generate 1 tokens, offset=150745147633 ns
        ON_TOKENS_RETURNED, offset=150745149428 ns
        ON_TOKENS_CALLED, generate 1 tokens, offset=151601778818 ns
        ON_TOKENS_RETURNED, offset=151601781898 ns
        ON_TOKENS_CALLED, generate 1 tokens, offset=152475233906 ns
        ON_TOKENS_RETURNED, offset=152475237520 ns
        ON_TOKENS_CALLED, generate 1 tokens, offset=153375180230 ns
        ON_TOKENS_RETURNED, offset=153375183075 ns
        ON_TOKENS_CALLED, generate 1 tokens, offset=154292191826 ns
        ON_TOKENS_RETURNED, offset=154292194181 ns
        ON_TOKENS_CALLED, generate 1 tokens, offset=155222959588 ns
        ON_TOKENS_RETURNED, offset=155222961676 ns
        ON_TOKENS_CALLED, generate 1 tokens, offset=156181041147 ns
        ON_TOKENS_RETURNED, offset=156181056960 ns
        ON_TOKENS_CALLED, generate 1 tokens, offset=157149622024 ns
        ON_TOKENS_RETURNED, offset=157149625062 ns
        ON_TOKENS_CALLED, generate 1 tokens, offset=158155691456 ns
        ON_TOKENS_RETURNED, offset=158155692644 ns
        ON_TOKENS_CALLED, generate 1 tokens, offset=159173144897 ns
        ON_TOKENS_RETURNED, offset=159173146347 ns
        ON_TOKENS_CALLED, generate 1 tokens, offset=160225911402 ns
        ON_TOKENS_RETURNED, offset=160225914527 ns
        ON_TOKENS_CALLED, generate 1 tokens, offset=161281410153 ns
        ON_TOKENS_RETURNED, offset=161281412021 ns
        ON_TOKENS_CALLED, generate 1 tokens, offset=162379030044 ns
        ON_TOKENS_RETURNED, offset=162379031506 ns
        ON_TOKENS_CALLED, generate 1 tokens, offset=163483051093 ns
        ON_TOKENS_RETURNED, offset=163483052615 ns
        ON_TOKENS_CALLED, generate 1 tokens, offset=164622943611 ns
        ON_TOKENS_RETURNED, offset=164622944607 ns
        ON_TOKENS_CALLED, generate 1 tokens, offset=165758437661 ns
        ON_TOKENS_RETURNED, offset=165758439052 ns
        ON_TOKENS_CALLED, generate 1 tokens, offset=166946610473 ns
        ON_TOKENS_RETURNED, offset=166946613160 ns
        ON_TOKENS_CALLED, generate 1 tokens, offset=168134121567 ns
        ON_TOKENS_RETURNED, offset=168134122528 ns
        ON_TOKENS_CALLED, generate 1 tokens, offset=169360482695 ns
        ON_TOKENS_RETURNED, offset=169360485961 ns
        ON_TOKENS_CALLED, generate 1 tokens, offset=170581036891 ns
        ON_TOKENS_RETURNED, offset=170581038587 ns
        ON_TOKENS_CALLED, generate 1 tokens, offset=171854642045 ns
        ON_TOKENS_RETURNED, offset=171854644858 ns
        ON_TOKENS_CALLED, generate 1 tokens, offset=173121932298 ns
        ON_TOKENS_RETURNED, offset=173121934102 ns
        ON_TOKENS_CALLED, generate 1 tokens, offset=174275859219 ns
        ON_TOKENS_RETURNED, offset=174275861226 ns
        ON_TOKENS_CALLED, generate 1 tokens, offset=175461562859 ns
        ON_TOKENS_RETURNED, offset=175461564681 ns
        ON_TOKENS_CALLED, generate 1 tokens, offset=176659452465 ns
        ON_TOKENS_RETURNED, offset=176659455222 ns
        ON_TOKENS_CALLED, generate 1 tokens, offset=177884793702 ns
        ON_TOKENS_RETURNED, offset=177884795068 ns
        ON_TOKENS_CALLED, generate 1 tokens, offset=179116756738 ns
        ON_TOKENS_RETURNED, offset=179116758353 ns
        ON_TOKENS_CALLED, generate 1 tokens, offset=180386127280 ns
        ON_TOKENS_RETURNED, offset=180386128383 ns
        ON_TOKENS_CALLED, generate 1 tokens, offset=181662907712 ns
        ON_TOKENS_RETURNED, offset=181662908788 ns
        ON_TOKENS_CALLED, generate 1 tokens, offset=182978345020 ns
        ON_TOKENS_RETURNED, offset=182978347581 ns
        ON_TOKENS_CALLED, generate 1 tokens, offset=184288304076 ns
        ON_TOKENS_RETURNED, offset=184288305299 ns
        ON_TOKENS_CALLED, generate 1 tokens, offset=185645011573 ns
        ON_TOKENS_RETURNED, offset=185645014003 ns
        ON_TOKENS_CALLED, generate 1 tokens, offset=187007930955 ns
        ON_TOKENS_RETURNED, offset=187007933872 ns
        ON_TOKENS_CALLED, generate 1 tokens, offset=188406980337 ns
        ON_TOKENS_RETURNED, offset=188406982861 ns
        ON_TOKENS_CALLED, generate 1 tokens, offset=189803268187 ns
        ON_TOKENS_RETURNED, offset=189803269478 ns
        ON_TOKENS_CALLED, generate 1 tokens, offset=191246223589 ns
        ON_TOKENS_RETURNED, offset=191246226163 ns
        ON_TOKENS_CALLED, generate 1 tokens, offset=192689112579 ns
        ON_TOKENS_RETURNED, offset=192689114296 ns
        ON_TOKENS_CALLED, generate 1 tokens, offset=194171574504 ns
        ON_TOKENS_RETURNED, offset=194171577144 ns
        ON_TOKENS_CALLED, generate 1 tokens, offset=195651205420 ns
        ON_TOKENS_RETURNED, offset=195651206981 ns
        ON_TOKENS_CALLED, generate 1 tokens, offset=197178665950 ns
        ON_TOKENS_RETURNED, offset=197178668326 ns
        ON_TOKENS_CALLED, generate 1 tokens, offset=198556361410 ns
        ON_TOKENS_RETURNED, offset=198556362717 ns
        ON_TOKENS_CALLED, generate 1 tokens, offset=199983237683 ns
        ON_TOKENS_RETURNED, offset=199983238628 ns
        ON_TOKENS_CALLED, generate 1 tokens, offset=201414305620 ns
        ON_TOKENS_RETURNED, offset=201414307038 ns
        ON_TOKENS_CALLED, generate 1 tokens, offset=202884836715 ns
        ON_TOKENS_RETURNED, offset=202884838335 ns
        ON_TOKENS_CALLED, generate 1 tokens, offset=204359088737 ns
        ON_TOKENS_RETURNED, offset=204359091229 ns
        ON_TOKENS_CALLED, generate 1 tokens, offset=205872013011 ns
        ON_TOKENS_RETURNED, offset=205872015003 ns
        ON_TOKENS_CALLED, generate 1 tokens, offset=207383794732 ns
        ON_TOKENS_RETURNED, offset=207383796735 ns
        ON_TOKENS_CALLED, generate 1 tokens, offset=208938462255 ns
        ON_TOKENS_RETURNED, offset=208938463255 ns
        ON_TOKENS_CALLED, generate 1 tokens, offset=210357743400 ns
        ON_TOKENS_RETURNED, offset=210357745703 ns
        ON_TOKENS_CALLED, generate 1 tokens, offset=211822889270 ns
        ON_TOKENS_RETURNED, offset=211822890321 ns
        ON_TOKENS_CALLED, generate 1 tokens, offset=213297967429 ns
        ON_TOKENS_RETURNED, offset=213297969176 ns
        ON_TOKENS_CALLED, generate 1 tokens, offset=214800249793 ns
        ON_TOKENS_RETURNED, offset=214800250771 ns
        ON_TOKENS_CALLED, generate 1 tokens, offset=216172220423 ns
        ON_TOKENS_RETURNED, offset=216172412298 ns
        ON_TOKENS_CALLED, generate 1 tokens, offset=217591762317 ns
        ON_TOKENS_RETURNED, offset=217591768107 ns
[15:49:07.732198105|thread 3583003|cpu 204] [debug] #EVT# HandleDetails::is_anomalous() handle_id=42 time in state STATE_OPENED exceeded threshold: 142997983802 ns
[15:49:07.732199992|thread 3583003|cpu 204] [debug] #EVT#   Handle,    42, Created, 754731367757601, Last, 754948959559229, Prompted,  8191, Generated,    64, Input TPS, 57.29, Output TPS:  0.75, Callbacks,    64, prompt parsing complete, open
[15:49:07.732216214|thread 3583003|cpu 204] [info ] #EVT#   Handle 42 history:
        SESSION_OPEN, prompt 8192 tokens, offset=0 ns
        PROMPT_TOKENS_REUSE, offset=142997982421 ns
        ON_START_CALLED, offset=142997983802 ns
        ON_START_RETURNED, offset=142998021179 ns
        ON_TOKENS_CALLED, generate 1 tokens, offset=142998029040 ns
        ON_TOKENS_RETURNED, offset=142998032113 ns
        ON_TOKENS_CALLED, generate 1 tokens, offset=143666501883 ns
        ON_TOKENS_RETURNED, offset=143666502857 ns
        ON_TOKENS_CALLED, generate 1 tokens, offset=144398890075 ns
        ON_TOKENS_RETURNED, offset=144398891415 ns
        ON_TOKENS_CALLED, generate 1 tokens, offset=145144985838 ns
        ON_TOKENS_RETURNED, offset=145144987455 ns
        ON_TOKENS_CALLED, generate 1 tokens, offset=145904598045 ns
        ON_TOKENS_RETURNED, offset=145904601168 ns
        ON_TOKENS_CALLED, generate 1 tokens, offset=146676353064 ns
        ON_TOKENS_RETURNED, offset=146676354991 ns
        ON_TOKENS_CALLED, generate 1 tokens, offset=147463488827 ns
        ON_TOKENS_RETURNED, offset=147463490920 ns
        ON_TOKENS_CALLED, generate 1 tokens, offset=148261236775 ns
        ON_TOKENS_RETURNED, offset=148261237685 ns
        ON_TOKENS_CALLED, generate 1 tokens, offset=149075865212 ns
        ON_TOKENS_RETURNED, offset=149075880971 ns
        ON_TOKENS_CALLED, generate 1 tokens, offset=149899630014 ns
        ON_TOKENS_RETURNED, offset=149899631813 ns
        ON_TOKENS_CALLED, generate 1 tokens, offset=150745181896 ns
        ON_TOKENS_RETURNED, offset=150745183885 ns
        ON_TOKENS_CALLED, generate 1 tokens, offset=151601812987 ns
        ON_TOKENS_RETURNED, offset=151601814625 ns
        ON_TOKENS_CALLED, generate 1 tokens, offset=152475268821 ns
        ON_TOKENS_RETURNED, offset=152475271708 ns
        ON_TOKENS_CALLED, generate 1 tokens, offset=153375214912 ns
        ON_TOKENS_RETURNED, offset=153375216733 ns
        ON_TOKENS_CALLED, generate 1 tokens, offset=154292231636 ns
        ON_TOKENS_RETURNED, offset=154292233263 ns
        ON_TOKENS_CALLED, generate 1 tokens, offset=155222992178 ns
        ON_TOKENS_RETURNED, offset=155222994650 ns
        ON_TOKENS_CALLED, generate 1 tokens, offset=156181075136 ns
        ON_TOKENS_RETURNED, offset=156181090570 ns
        ON_TOKENS_CALLED, generate 1 tokens, offset=157149653264 ns
        ON_TOKENS_RETURNED, offset=157149655603 ns
        ON_TOKENS_CALLED, generate 1 tokens, offset=158155721343 ns
        ON_TOKENS_RETURNED, offset=158155723449 ns
        ON_TOKENS_CALLED, generate 1 tokens, offset=159173176640 ns
        ON_TOKENS_RETURNED, offset=159173179624 ns
        ON_TOKENS_CALLED, generate 1 tokens, offset=160225946817 ns
        ON_TOKENS_RETURNED, offset=160225949200 ns
        ON_TOKENS_CALLED, generate 1 tokens, offset=161281437919 ns
        ON_TOKENS_RETURNED, offset=161281439823 ns
        ON_TOKENS_CALLED, generate 1 tokens, offset=162379053144 ns
        ON_TOKENS_RETURNED, offset=162379054580 ns
        ON_TOKENS_CALLED, generate 1 tokens, offset=163483085272 ns
        ON_TOKENS_RETURNED, offset=163483086970 ns
        ON_TOKENS_CALLED, generate 1 tokens, offset=164622977104 ns
        ON_TOKENS_RETURNED, offset=164622979689 ns
        ON_TOKENS_CALLED, generate 1 tokens, offset=165758472165 ns
        ON_TOKENS_RETURNED, offset=165758473935 ns
        ON_TOKENS_CALLED, generate 1 tokens, offset=166946643716 ns
        ON_TOKENS_RETURNED, offset=166946646465 ns
        ON_TOKENS_CALLED, generate 1 tokens, offset=168134151475 ns
        ON_TOKENS_RETURNED, offset=168134154541 ns
        ON_TOKENS_CALLED, generate 1 tokens, offset=169360515696 ns
        ON_TOKENS_RETURNED, offset=169360518409 ns
        ON_TOKENS_CALLED, generate 1 tokens, offset=170581071355 ns
        ON_TOKENS_RETURNED, offset=170581073083 ns
        ON_TOKENS_CALLED, generate 1 tokens, offset=171854672251 ns
        ON_TOKENS_RETURNED, offset=171854673903 ns
        ON_TOKENS_CALLED, generate 1 tokens, offset=173121966014 ns
        ON_TOKENS_RETURNED, offset=173121967480 ns
        ON_TOKENS_CALLED, generate 1 tokens, offset=174275889157 ns
        ON_TOKENS_RETURNED, offset=174275893072 ns
        ON_TOKENS_CALLED, generate 1 tokens, offset=175461603267 ns
        ON_TOKENS_RETURNED, offset=175461604518 ns
        ON_TOKENS_CALLED, generate 1 tokens, offset=176659487296 ns
        ON_TOKENS_RETURNED, offset=176659490110 ns
        ON_TOKENS_CALLED, generate 1 tokens, offset=177884825613 ns
        ON_TOKENS_RETURNED, offset=177884828192 ns
        ON_TOKENS_CALLED, generate 1 tokens, offset=179116788467 ns
        ON_TOKENS_RETURNED, offset=179116790009 ns
        ON_TOKENS_CALLED, generate 1 tokens, offset=180386160414 ns
        ON_TOKENS_RETURNED, offset=180386163253 ns
        ON_TOKENS_CALLED, generate 1 tokens, offset=181662941147 ns
        ON_TOKENS_RETURNED, offset=181662942799 ns
        ON_TOKENS_CALLED, generate 1 tokens, offset=182978384899 ns
        ON_TOKENS_RETURNED, offset=182978386239 ns
        ON_TOKENS_CALLED, generate 1 tokens, offset=184288332896 ns
        ON_TOKENS_RETURNED, offset=184288334231 ns
        ON_TOKENS_CALLED, generate 1 tokens, offset=185645043503 ns
        ON_TOKENS_RETURNED, offset=185645046877 ns
        ON_TOKENS_CALLED, generate 1 tokens, offset=187007959932 ns
        ON_TOKENS_RETURNED, offset=187007961483 ns
        ON_TOKENS_CALLED, generate 1 tokens, offset=188407014235 ns
        ON_TOKENS_RETURNED, offset=188407016451 ns
        ON_TOKENS_CALLED, generate 1 tokens, offset=189803299354 ns
        ON_TOKENS_RETURNED, offset=189803302797 ns
        ON_TOKENS_CALLED, generate 1 tokens, offset=191246261062 ns
        ON_TOKENS_RETURNED, offset=191246262449 ns
        ON_TOKENS_CALLED, generate 1 tokens, offset=192689138914 ns
        ON_TOKENS_RETURNED, offset=192689140555 ns
        ON_TOKENS_CALLED, generate 1 tokens, offset=194171609401 ns
        ON_TOKENS_RETURNED, offset=194171612136 ns
        ON_TOKENS_CALLED, generate 1 tokens, offset=195651239126 ns
        ON_TOKENS_RETURNED, offset=195651241134 ns
        ON_TOKENS_CALLED, generate 1 tokens, offset=197178700711 ns
        ON_TOKENS_RETURNED, offset=197178703108 ns
        ON_TOKENS_CALLED, generate 1 tokens, offset=198556395377 ns
        ON_TOKENS_RETURNED, offset=198556397016 ns
        ON_TOKENS_CALLED, generate 1 tokens, offset=199983267617 ns
        ON_TOKENS_RETURNED, offset=199983270783 ns
        ON_TOKENS_CALLED, generate 1 tokens, offset=201414329865 ns
        ON_TOKENS_RETURNED, offset=201414331366 ns
        ON_TOKENS_CALLED, generate 1 tokens, offset=202884867137 ns
        ON_TOKENS_RETURNED, offset=202884869921 ns
        ON_TOKENS_CALLED, generate 1 tokens, offset=204359122533 ns
        ON_TOKENS_RETURNED, offset=204359125986 ns
        ON_TOKENS_CALLED, generate 1 tokens, offset=205872046223 ns
        ON_TOKENS_RETURNED, offset=205872048587 ns
        ON_TOKENS_CALLED, generate 1 tokens, offset=207383824553 ns
        ON_TOKENS_RETURNED, offset=207383827681 ns
        ON_TOKENS_CALLED, generate 1 tokens, offset=208938492699 ns
        ON_TOKENS_RETURNED, offset=208938495223 ns
        ON_TOKENS_CALLED, generate 1 tokens, offset=210357777605 ns
        ON_TOKENS_RETURNED, offset=210357780680 ns
        ON_TOKENS_CALLED, generate 1 tokens, offset=211822923237 ns
        ON_TOKENS_RETURNED, offset=211822924658 ns
        ON_TOKENS_CALLED, generate 1 tokens, offset=213297999246 ns
        ON_TOKENS_RETURNED, offset=213298002767 ns
        ON_TOKENS_CALLED, generate 1 tokens, offset=214800284064 ns
        ON_TOKENS_RETURNED, offset=214800286078 ns
        ON_TOKENS_CALLED, generate 1 tokens, offset=216172251684 ns
        ON_TOKENS_RETURNED, offset=216172351153 ns
        ON_TOKENS_CALLED, generate 1 tokens, offset=217591794688 ns
        ON_TOKENS_RETURNED, offset=217591801628 ns
[15:49:07.732227728|thread 3583003|cpu 204] [debug] #EVT# HandleDetails::is_anomalous() handle_id=4 time in state STATE_OPENED exceeded threshold: 142998464499 ns
[15:49:07.732229569|thread 3583003|cpu 204] [debug] #EVT#   Handle,     4, Created, 754731367285701, Last, 754948959564369, Prompted,  8192, Generated,    64, Input TPS, 57.29, Output TPS:  0.75, Callbacks,    64, prompt parsing complete, open
[15:49:07.732245347|thread 3583003|cpu 204] [info ] #EVT#   Handle 4 history:
        SESSION_OPEN, prompt 8192 tokens, offset=0 ns
        PROMPT_TOKENS_REUSE, offset=142998463457 ns
        ON_START_CALLED, offset=142998464499 ns
        ON_START_RETURNED, offset=142998614163 ns
        ON_TOKENS_CALLED, generate 1 tokens, offset=142998620905 ns
        ON_TOKENS_RETURNED, offset=142998622406 ns
        ON_TOKENS_CALLED, generate 1 tokens, offset=143666977480 ns
        ON_TOKENS_RETURNED, offset=143666978785 ns
        ON_TOKENS_CALLED, generate 1 tokens, offset=144399365591 ns
        ON_TOKENS_RETURNED, offset=144399366654 ns
        ON_TOKENS_CALLED, generate 1 tokens, offset=145145465896 ns
        ON_TOKENS_RETURNED, offset=145145466529 ns
        ON_TOKENS_CALLED, generate 1 tokens, offset=145905076537 ns
        ON_TOKENS_RETURNED, offset=145905078368 ns
        ON_TOKENS_CALLED, generate 1 tokens, offset=146676829115 ns
        ON_TOKENS_RETURNED, offset=146676830234 ns
        ON_TOKENS_CALLED, generate 1 tokens, offset=147463966226 ns
        ON_TOKENS_RETURNED, offset=147463967572 ns
        ON_TOKENS_CALLED, generate 1 tokens, offset=148261712212 ns
        ON_TOKENS_RETURNED, offset=148261712775 ns
        ON_TOKENS_CALLED, generate 1 tokens, offset=149076343129 ns
        ON_TOKENS_RETURNED, offset=149076347214 ns
        ON_TOKENS_CALLED, generate 1 tokens, offset=149900148473 ns
        ON_TOKENS_RETURNED, offset=149900149851 ns
        ON_TOKENS_CALLED, generate 1 tokens, offset=150745660159 ns
        ON_TOKENS_RETURNED, offset=150745661600 ns
        ON_TOKENS_CALLED, generate 1 tokens, offset=151602293827 ns
        ON_TOKENS_RETURNED, offset=151602294741 ns
        ON_TOKENS_CALLED, generate 1 tokens, offset=152475747116 ns
        ON_TOKENS_RETURNED, offset=152475748359 ns
        ON_TOKENS_CALLED, generate 1 tokens, offset=153375695913 ns
        ON_TOKENS_RETURNED, offset=153375696635 ns
        ON_TOKENS_CALLED, generate 1 tokens, offset=154292708801 ns
        ON_TOKENS_RETURNED, offset=154292709880 ns
        ON_TOKENS_CALLED, generate 1 tokens, offset=155223472242 ns
        ON_TOKENS_RETURNED, offset=155223473579 ns
        ON_TOKENS_CALLED, generate 1 tokens, offset=156181555898 ns
        ON_TOKENS_RETURNED, offset=156181571675 ns
        ON_TOKENS_CALLED, generate 1 tokens, offset=157150135519 ns
        ON_TOKENS_RETURNED, offset=157150138027 ns
        ON_TOKENS_CALLED, generate 1 tokens, offset=158156202176 ns
        ON_TOKENS_RETURNED, offset=158156203158 ns
        ON_TOKENS_CALLED, generate 1 tokens, offset=159173656774 ns
        ON_TOKENS_RETURNED, offset=159173659043 ns
        ON_TOKENS_CALLED, generate 1 tokens, offset=160226423491 ns
        ON_TOKENS_RETURNED, offset=160226424395 ns
        ON_TOKENS_CALLED, generate 1 tokens, offset=161281917858 ns
        ON_TOKENS_RETURNED, offset=161281918893 ns
        ON_TOKENS_CALLED, generate 1 tokens, offset=162379524773 ns
        ON_TOKENS_RETURNED, offset=162379527733 ns
        ON_TOKENS_CALLED, generate 1 tokens, offset=163483564096 ns
        ON_TOKENS_RETURNED, offset=163483565168 ns
        ON_TOKENS_CALLED, generate 1 tokens, offset=164623458550 ns
        ON_TOKENS_RETURNED, offset=164623459181 ns
        ON_TOKENS_CALLED, generate 1 tokens, offset=165758951895 ns
        ON_TOKENS_RETURNED, offset=165758953003 ns
        ON_TOKENS_CALLED, generate 1 tokens, offset=166947124865 ns
        ON_TOKENS_RETURNED, offset=166947126418 ns
        ON_TOKENS_CALLED, generate 1 tokens, offset=168134631428 ns
        ON_TOKENS_RETURNED, offset=168134632132 ns
        ON_TOKENS_CALLED, generate 1 tokens, offset=169360996064 ns
        ON_TOKENS_RETURNED, offset=169360996759 ns
        ON_TOKENS_CALLED, generate 1 tokens, offset=170581548977 ns
        ON_TOKENS_RETURNED, offset=170581550374 ns
        ON_TOKENS_CALLED, generate 1 tokens, offset=171855153217 ns
        ON_TOKENS_RETURNED, offset=171855154645 ns
        ON_TOKENS_CALLED, generate 1 tokens, offset=173122446266 ns
        ON_TOKENS_RETURNED, offset=173122447202 ns
        ON_TOKENS_CALLED, generate 1 tokens, offset=174276370417 ns
        ON_TOKENS_RETURNED, offset=174276372658 ns
        ON_TOKENS_CALLED, generate 1 tokens, offset=175462080153 ns
        ON_TOKENS_RETURNED, offset=175462081872 ns
        ON_TOKENS_CALLED, generate 1 tokens, offset=176659967706 ns
        ON_TOKENS_RETURNED, offset=176659968945 ns
        ON_TOKENS_CALLED, generate 1 tokens, offset=177885305812 ns
        ON_TOKENS_RETURNED, offset=177885306632 ns
        ON_TOKENS_CALLED, generate 1 tokens, offset=179117270693 ns
        ON_TOKENS_RETURNED, offset=179117271639 ns
        ON_TOKENS_CALLED, generate 1 tokens, offset=180386641818 ns
        ON_TOKENS_RETURNED, offset=180386642918 ns
        ON_TOKENS_CALLED, generate 1 tokens, offset=181663422199 ns
        ON_TOKENS_RETURNED, offset=181663422928 ns
        ON_TOKENS_CALLED, generate 1 tokens, offset=182978861579 ns
        ON_TOKENS_RETURNED, offset=182978863244 ns
        ON_TOKENS_CALLED, generate 1 tokens, offset=184288814446 ns
        ON_TOKENS_RETURNED, offset=184288815771 ns
        ON_TOKENS_CALLED, generate 1 tokens, offset=185645525996 ns
        ON_TOKENS_RETURNED, offset=185645527819 ns
        ON_TOKENS_CALLED, generate 1 tokens, offset=187008449904 ns
        ON_TOKENS_RETURNED, offset=187008451147 ns
        ON_TOKENS_CALLED, generate 1 tokens, offset=188407494314 ns
        ON_TOKENS_RETURNED, offset=188407496670 ns
        ON_TOKENS_CALLED, generate 1 tokens, offset=189803778014 ns
        ON_TOKENS_RETURNED, offset=189803781246 ns
        ON_TOKENS_CALLED, generate 1 tokens, offset=191246738923 ns
        ON_TOKENS_RETURNED, offset=191246739786 ns
        ON_TOKENS_CALLED, generate 1 tokens, offset=192689622600 ns
        ON_TOKENS_RETURNED, offset=192689623978 ns
        ON_TOKENS_CALLED, generate 1 tokens, offset=194172089990 ns
        ON_TOKENS_RETURNED, offset=194172091064 ns
        ON_TOKENS_CALLED, generate 1 tokens, offset=195651723296 ns
        ON_TOKENS_RETURNED, offset=195651724515 ns
        ON_TOKENS_CALLED, generate 1 tokens, offset=197179180760 ns
        ON_TOKENS_RETURNED, offset=197179181577 ns
        ON_TOKENS_CALLED, generate 1 tokens, offset=198556877611 ns
        ON_TOKENS_RETURNED, offset=198556878602 ns
        ON_TOKENS_CALLED, generate 1 tokens, offset=199983755397 ns
        ON_TOKENS_RETURNED, offset=199983757315 ns
        ON_TOKENS_CALLED, generate 1 tokens, offset=201414812161 ns
        ON_TOKENS_RETURNED, offset=201414813898 ns
        ON_TOKENS_CALLED, generate 1 tokens, offset=202885348635 ns
        ON_TOKENS_RETURNED, offset=202885349616 ns
        ON_TOKENS_CALLED, generate 1 tokens, offset=204359604124 ns
        ON_TOKENS_RETURNED, offset=204359606552 ns
        ON_TOKENS_CALLED, generate 1 tokens, offset=205872530384 ns
        ON_TOKENS_RETURNED, offset=205872531738 ns
        ON_TOKENS_CALLED, generate 1 tokens, offset=207384312945 ns
        ON_TOKENS_RETURNED, offset=207384313902 ns
        ON_TOKENS_CALLED, generate 1 tokens, offset=208938973430 ns
        ON_TOKENS_RETURNED, offset=208938975848 ns
        ON_TOKENS_CALLED, generate 1 tokens, offset=210358261260 ns
        ON_TOKENS_RETURNED, offset=210358262314 ns
        ON_TOKENS_CALLED, generate 1 tokens, offset=211823406686 ns
        ON_TOKENS_RETURNED, offset=211823407917 ns
        ON_TOKENS_CALLED, generate 1 tokens, offset=213298482310 ns
        ON_TOKENS_RETURNED, offset=213298484563 ns
        ON_TOKENS_CALLED, generate 1 tokens, offset=214800767404 ns
        ON_TOKENS_RETURNED, offset=214800768068 ns
        ON_TOKENS_CALLED, generate 1 tokens, offset=216172735281 ns
        ON_TOKENS_RETURNED, offset=216172877561 ns
        ON_TOKENS_CALLED, generate 1 tokens, offset=217592275412 ns
        ON_TOKENS_RETURNED, offset=217592278668 ns
[15:49:07.732255681|thread 3583003|cpu 204] [debug] #EVT# HandleDetails::is_anomalous() handle_id=3 time in state STATE_OPENED exceeded threshold: 142998469499 ns
[15:49:07.732257285|thread 3583003|cpu 204] [debug] #EVT#   Handle,     3, Created, 754731367274080, Last, 754948959565535, Prompted,  8192, Generated,    64, Input TPS, 57.29, Output TPS:  0.75, Callbacks,    64, prompt parsing complete, open
[15:49:07.732272565|thread 3583003|cpu 204] [info ] #EVT#   Handle 3 history:
        SESSION_OPEN, prompt 8192 tokens, offset=0 ns
        PROMPT_TOKENS_REUSE, offset=142998468642 ns
        ON_START_CALLED, offset=142998469499 ns
        ON_START_RETURNED, offset=142998523729 ns
        ON_TOKENS_CALLED, generate 1 tokens, offset=142998528076 ns
        ON_TOKENS_RETURNED, offset=142998529760 ns
        ON_TOKENS_CALLED, generate 1 tokens, offset=143666988907 ns
        ON_TOKENS_RETURNED, offset=143666990583 ns
        ON_TOKENS_CALLED, generate 1 tokens, offset=144399377408 ns
        ON_TOKENS_RETURNED, offset=144399378805 ns
        ON_TOKENS_CALLED, generate 1 tokens, offset=145145472914 ns
        ON_TOKENS_RETURNED, offset=145145473773 ns
        ON_TOKENS_CALLED, generate 1 tokens, offset=145905084091 ns
        ON_TOKENS_RETURNED, offset=145905086282 ns
        ON_TOKENS_CALLED, generate 1 tokens, offset=146676835406 ns
        ON_TOKENS_RETURNED, offset=146676838009 ns
        ON_TOKENS_CALLED, generate 1 tokens, offset=147463975515 ns
        ON_TOKENS_RETURNED, offset=147463976944 ns
        ON_TOKENS_CALLED, generate 1 tokens, offset=148261719842 ns
        ON_TOKENS_RETURNED, offset=148261721064 ns
        ON_TOKENS_CALLED, generate 1 tokens, offset=149076350854 ns
        ON_TOKENS_RETURNED, offset=149076354332 ns
        ON_TOKENS_CALLED, generate 1 tokens, offset=149900118101 ns
        ON_TOKENS_RETURNED, offset=149900120138 ns
        ON_TOKENS_CALLED, generate 1 tokens, offset=150745666192 ns
        ON_TOKENS_RETURNED, offset=150745667771 ns
        ON_TOKENS_CALLED, generate 1 tokens, offset=151602302404 ns
        ON_TOKENS_RETURNED, offset=151602304332 ns
        ON_TOKENS_CALLED, generate 1 tokens, offset=152475756852 ns
        ON_TOKENS_RETURNED, offset=152475757904 ns
        ON_TOKENS_CALLED, generate 1 tokens, offset=153375701687 ns
        ON_TOKENS_RETURNED, offset=153375704032 ns
        ON_TOKENS_CALLED, generate 1 tokens, offset=154292717441 ns
        ON_TOKENS_RETURNED, offset=154292718570 ns
        ON_TOKENS_CALLED, generate 1 tokens, offset=155223479409 ns
        ON_TOKENS_RETURNED, offset=155223481786 ns
        ON_TOKENS_CALLED, generate 1 tokens, offset=156181564697 ns
        ON_TOKENS_RETURNED, offset=156181578880 ns
        ON_TOKENS_CALLED, generate 1 tokens, offset=157150140696 ns
        ON_TOKENS_RETURNED, offset=157150142265 ns
        ON_TOKENS_CALLED, generate 1 tokens, offset=158156210786 ns
        ON_TOKENS_RETURNED, offset=158156211943 ns
        ON_TOKENS_CALLED, generate 1 tokens, offset=159173665887 ns
        ON_TOKENS_RETURNED, offset=159173667196 ns
        ON_TOKENS_CALLED, generate 1 tokens, offset=160226430139 ns
        ON_TOKENS_RETURNED, offset=160226433270 ns
        ON_TOKENS_CALLED, generate 1 tokens, offset=161281923901 ns
        ON_TOKENS_RETURNED, offset=161281925165 ns
        ON_TOKENS_CALLED, generate 1 tokens, offset=162379564034 ns
        ON_TOKENS_RETURNED, offset=162379566003 ns
        ON_TOKENS_CALLED, generate 1 tokens, offset=163483572730 ns
        ON_TOKENS_RETURNED, offset=163483573584 ns
        ON_TOKENS_CALLED, generate 1 tokens, offset=164623466392 ns
        ON_TOKENS_RETURNED, offset=164623467665 ns
        ON_TOKENS_CALLED, generate 1 tokens, offset=165758959563 ns
        ON_TOKENS_RETURNED, offset=165758960361 ns
        ON_TOKENS_CALLED, generate 1 tokens, offset=166947132288 ns
        ON_TOKENS_RETURNED, offset=166947133422 ns
        ON_TOKENS_CALLED, generate 1 tokens, offset=168134637944 ns
        ON_TOKENS_RETURNED, offset=168134639078 ns
        ON_TOKENS_CALLED, generate 1 tokens, offset=169361004609 ns
        ON_TOKENS_RETURNED, offset=169361006951 ns
        ON_TOKENS_CALLED, generate 1 tokens, offset=170581560969 ns
        ON_TOKENS_RETURNED, offset=170581562742 ns
        ON_TOKENS_CALLED, generate 1 tokens, offset=171855159792 ns
        ON_TOKENS_RETURNED, offset=171855161986 ns
        ON_TOKENS_CALLED, generate 1 tokens, offset=173122454175 ns
        ON_TOKENS_RETURNED, offset=173122455235 ns
        ON_TOKENS_CALLED, generate 1 tokens, offset=174276377978 ns
        ON_TOKENS_RETURNED, offset=174276381011 ns
        ON_TOKENS_CALLED, generate 1 tokens, offset=175462094151 ns
        ON_TOKENS_RETURNED, offset=175462095437 ns
        ON_TOKENS_CALLED, generate 1 tokens, offset=176659978890 ns
        ON_TOKENS_RETURNED, offset=176659980484 ns
        ON_TOKENS_CALLED, generate 1 tokens, offset=177885313625 ns
        ON_TOKENS_RETURNED, offset=177885315891 ns
        ON_TOKENS_CALLED, generate 1 tokens, offset=179117278655 ns
        ON_TOKENS_RETURNED, offset=179117280129 ns
        ON_TOKENS_CALLED, generate 1 tokens, offset=180386649830 ns
        ON_TOKENS_RETURNED, offset=180386651267 ns
        ON_TOKENS_CALLED, generate 1 tokens, offset=181663425254 ns
        ON_TOKENS_RETURNED, offset=181663426680 ns
        ON_TOKENS_CALLED, generate 1 tokens, offset=182978870912 ns
        ON_TOKENS_RETURNED, offset=182978872738 ns
        ON_TOKENS_CALLED, generate 1 tokens, offset=184288825093 ns
        ON_TOKENS_RETURNED, offset=184288827049 ns
        ON_TOKENS_CALLED, generate 1 tokens, offset=185645534275 ns
        ON_TOKENS_RETURNED, offset=185645538471 ns
        ON_TOKENS_CALLED, generate 1 tokens, offset=187008456577 ns
        ON_TOKENS_RETURNED, offset=187008457872 ns
        ON_TOKENS_CALLED, generate 1 tokens, offset=188407502992 ns
        ON_TOKENS_RETURNED, offset=188407505246 ns
        ON_TOKENS_CALLED, generate 1 tokens, offset=189803787669 ns
        ON_TOKENS_RETURNED, offset=189803788884 ns
        ON_TOKENS_CALLED, generate 1 tokens, offset=191246753867 ns
        ON_TOKENS_RETURNED, offset=191246755004 ns
        ON_TOKENS_CALLED, generate 1 tokens, offset=192689627605 ns
        ON_TOKENS_RETURNED, offset=192689630080 ns
        ON_TOKENS_CALLED, generate 1 tokens, offset=194172097121 ns
        ON_TOKENS_RETURNED, offset=194172099655 ns
        ON_TOKENS_CALLED, generate 1 tokens, offset=195651732258 ns
        ON_TOKENS_RETURNED, offset=195651733477 ns
        ON_TOKENS_CALLED, generate 1 tokens, offset=197179186965 ns
        ON_TOKENS_RETURNED, offset=197179189168 ns
        ON_TOKENS_CALLED, generate 1 tokens, offset=198556887088 ns
        ON_TOKENS_RETURNED, offset=198556888531 ns
        ON_TOKENS_CALLED, generate 1 tokens, offset=199983757679 ns
        ON_TOKENS_RETURNED, offset=199983759417 ns
        ON_TOKENS_CALLED, generate 1 tokens, offset=201414818643 ns
        ON_TOKENS_RETURNED, offset=201414820289 ns
        ON_TOKENS_CALLED, generate 1 tokens, offset=202885355252 ns
        ON_TOKENS_RETURNED, offset=202885356969 ns
        ON_TOKENS_CALLED, generate 1 tokens, offset=204359610540 ns
        ON_TOKENS_RETURNED, offset=204359612876 ns
        ON_TOKENS_CALLED, generate 1 tokens, offset=205872536029 ns
        ON_TOKENS_RETURNED, offset=205872537146 ns
        ON_TOKENS_CALLED, generate 1 tokens, offset=207384314919 ns
        ON_TOKENS_RETURNED, offset=207384316078 ns
        ON_TOKENS_CALLED, generate 1 tokens, offset=208938981607 ns
        ON_TOKENS_RETURNED, offset=208938982799 ns
        ON_TOKENS_CALLED, generate 1 tokens, offset=210358267756 ns
        ON_TOKENS_RETURNED, offset=210358269789 ns
        ON_TOKENS_CALLED, generate 1 tokens, offset=211823413651 ns
        ON_TOKENS_RETURNED, offset=211823415008 ns
        ON_TOKENS_CALLED, generate 1 tokens, offset=213298487932 ns
        ON_TOKENS_RETURNED, offset=213298489322 ns
        ON_TOKENS_CALLED, generate 1 tokens, offset=214800770851 ns
        ON_TOKENS_RETURNED, offset=214800771821 ns
        ON_TOKENS_CALLED, generate 1 tokens, offset=216172745818 ns
        ON_TOKENS_RETURNED, offset=216172867116 ns
        ON_TOKENS_CALLED, generate 1 tokens, offset=217592282072 ns
        ON_TOKENS_RETURNED, offset=217592291455 ns
[15:49:07.732286458|thread 3583003|cpu 204] [debug] #EVT# HandleDetails::is_anomalous() handle_id=21 time in state STATE_OPENED exceeded threshold: 142998251062 ns
[15:49:07.732288182|thread 3583003|cpu 204] [debug] #EVT#   Handle,    21, Created, 754731367496553, Last, 754948959563914, Prompted,  8189, Generated,    64, Input TPS, 57.29, Output TPS:  0.75, Callbacks,    64, prompt parsing complete, open
[15:49:07.732302554|thread 3583003|cpu 204] [info ] #EVT#   Handle 21 history:
        SESSION_OPEN, prompt 8192 tokens, offset=0 ns
        PROMPT_TOKENS_REUSE, offset=142998250216 ns
        ON_START_CALLED, offset=142998251062 ns
        ON_START_RETURNED, offset=142998358322 ns
        ON_TOKENS_CALLED, generate 1 tokens, offset=142998362119 ns
        ON_TOKENS_RETURNED, offset=142998364207 ns
        ON_TOKENS_CALLED, generate 1 tokens, offset=143666758999 ns
        ON_TOKENS_RETURNED, offset=143666760887 ns
        ON_TOKENS_CALLED, generate 1 tokens, offset=144399149256 ns
        ON_TOKENS_RETURNED, offset=144399151961 ns
        ON_TOKENS_CALLED, generate 1 tokens, offset=145145259479 ns
        ON_TOKENS_RETURNED, offset=145145260550 ns
        ON_TOKENS_CALLED, generate 1 tokens, offset=145904863904 ns
        ON_TOKENS_RETURNED, offset=145904867135 ns
        ON_TOKENS_CALLED, generate 1 tokens, offset=146676623744 ns
        ON_TOKENS_RETURNED, offset=146676624598 ns
        ON_TOKENS_CALLED, generate 1 tokens, offset=147463752275 ns
        ON_TOKENS_RETURNED, offset=147463754161 ns
        ON_TOKENS_CALLED, generate 1 tokens, offset=148261514617 ns
        ON_TOKENS_RETURNED, offset=148261515886 ns
        ON_TOKENS_CALLED, generate 1 tokens, offset=149076131109 ns
        ON_TOKENS_RETURNED, offset=149076151692 ns
        ON_TOKENS_CALLED, generate 1 tokens, offset=149899904143 ns
        ON_TOKENS_RETURNED, offset=149899905072 ns
        ON_TOKENS_CALLED, generate 1 tokens, offset=150745449105 ns
        ON_TOKENS_RETURNED, offset=150745450606 ns
        ON_TOKENS_CALLED, generate 1 tokens, offset=151602080675 ns
        ON_TOKENS_RETURNED, offset=151602082575 ns
        ON_TOKENS_CALLED, generate 1 tokens, offset=152475537418 ns
        ON_TOKENS_RETURNED, offset=152475538461 ns
        ON_TOKENS_CALLED, generate 1 tokens, offset=153375481342 ns
        ON_TOKENS_RETURNED, offset=153375483741 ns
        ON_TOKENS_CALLED, generate 1 tokens, offset=154292492534 ns
        ON_TOKENS_RETURNED, offset=154292494876 ns
        ON_TOKENS_CALLED, generate 1 tokens, offset=155223260235 ns
        ON_TOKENS_RETURNED, offset=155223263019 ns
        ON_TOKENS_CALLED, generate 1 tokens, offset=156181344534 ns
        ON_TOKENS_RETURNED, offset=156181356508 ns
        ON_TOKENS_CALLED, generate 1 tokens, offset=157149919935 ns
        ON_TOKENS_RETURNED, offset=157149921736 ns
        ON_TOKENS_CALLED, generate 1 tokens, offset=158155993553 ns
        ON_TOKENS_RETURNED, offset=158155994653 ns
        ON_TOKENS_CALLED, generate 1 tokens, offset=159173447104 ns
        ON_TOKENS_RETURNED, offset=159173448348 ns
        ON_TOKENS_CALLED, generate 1 tokens, offset=160226210705 ns
        ON_TOKENS_RETURNED, offset=160226212865 ns
        ON_TOKENS_CALLED, generate 1 tokens, offset=161281703497 ns
        ON_TOKENS_RETURNED, offset=161281704901 ns
        ON_TOKENS_CALLED, generate 1 tokens, offset=162379315201 ns
        ON_TOKENS_RETURNED, offset=162379317205 ns
        ON_TOKENS_CALLED, generate 1 tokens, offset=163483350658 ns
        ON_TOKENS_RETURNED, offset=163483352535 ns
        ON_TOKENS_CALLED, generate 1 tokens, offset=164623244232 ns
        ON_TOKENS_RETURNED, offset=164623247207 ns
        ON_TOKENS_CALLED, generate 1 tokens, offset=165758738924 ns
        ON_TOKENS_RETURNED, offset=165758740228 ns
        ON_TOKENS_CALLED, generate 1 tokens, offset=166946910116 ns
        ON_TOKENS_RETURNED, offset=166946911709 ns
        ON_TOKENS_CALLED, generate 1 tokens, offset=168134417902 ns
        ON_TOKENS_RETURNED, offset=168134420109 ns
        ON_TOKENS_CALLED, generate 1 tokens, offset=169360787783 ns
        ON_TOKENS_RETURNED, offset=169360788932 ns
        ON_TOKENS_CALLED, generate 1 tokens, offset=170581338311 ns
        ON_TOKENS_RETURNED, offset=170581339843 ns
        ON_TOKENS_CALLED, generate 1 tokens, offset=171854938837 ns
        ON_TOKENS_RETURNED, offset=171854941280 ns
        ON_TOKENS_CALLED, generate 1 tokens, offset=173122232579 ns
        ON_TOKENS_RETURNED, offset=173122234374 ns
        ON_TOKENS_CALLED, generate 1 tokens, offset=174276156382 ns
        ON_TOKENS_RETURNED, offset=174276160247 ns
        ON_TOKENS_CALLED, generate 1 tokens, offset=175461866245 ns
        ON_TOKENS_RETURNED, offset=175461867437 ns
        ON_TOKENS_CALLED, generate 1 tokens, offset=176659759980 ns
        ON_TOKENS_RETURNED, offset=176659760905 ns
        ON_TOKENS_CALLED, generate 1 tokens, offset=177885091321 ns
        ON_TOKENS_RETURNED, offset=177885092714 ns
        ON_TOKENS_CALLED, generate 1 tokens, offset=179117064389 ns
        ON_TOKENS_RETURNED, offset=179117065999 ns
        ON_TOKENS_CALLED, generate 1 tokens, offset=180386428535 ns
        ON_TOKENS_RETURNED, offset=180386430684 ns
        ON_TOKENS_CALLED, generate 1 tokens, offset=181663205328 ns
        ON_TOKENS_RETURNED, offset=181663206503 ns
        ON_TOKENS_CALLED, generate 1 tokens, offset=182978649676 ns
        ON_TOKENS_RETURNED, offset=182978652202 ns
        ON_TOKENS_CALLED, generate 1 tokens, offset=184288607877 ns
        ON_TOKENS_RETURNED, offset=184288609414 ns
        ON_TOKENS_CALLED, generate 1 tokens, offset=185645311743 ns
        ON_TOKENS_RETURNED, offset=185645314115 ns
        ON_TOKENS_CALLED, generate 1 tokens, offset=187008226161 ns
        ON_TOKENS_RETURNED, offset=187008229072 ns
        ON_TOKENS_CALLED, generate 1 tokens, offset=188407283046 ns
        ON_TOKENS_RETURNED, offset=188407284970 ns
        ON_TOKENS_CALLED, generate 1 tokens, offset=189803566573 ns
        ON_TOKENS_RETURNED, offset=189803568541 ns
        ON_TOKENS_CALLED, generate 1 tokens, offset=191246524271 ns
        ON_TOKENS_RETURNED, offset=191246525406 ns
        ON_TOKENS_CALLED, generate 1 tokens, offset=192689405407 ns
        ON_TOKENS_RETURNED, offset=192689408722 ns
        ON_TOKENS_CALLED, generate 1 tokens, offset=194171875838 ns
        ON_TOKENS_RETURNED, offset=194171876869 ns
        ON_TOKENS_CALLED, generate 1 tokens, offset=195651509794 ns
        ON_TOKENS_RETURNED, offset=195651511710 ns
        ON_TOKENS_CALLED, generate 1 tokens, offset=197178968628 ns
        ON_TOKENS_RETURNED, offset=197178969706 ns
        ON_TOKENS_CALLED, generate 1 tokens, offset=198556663553 ns
        ON_TOKENS_RETURNED, offset=198556665719 ns
        ON_TOKENS_CALLED, generate 1 tokens, offset=199983537670 ns
        ON_TOKENS_RETURNED, offset=199983540732 ns
        ON_TOKENS_CALLED, generate 1 tokens, offset=201414598632 ns
        ON_TOKENS_RETURNED, offset=201414601402 ns
        ON_TOKENS_CALLED, generate 1 tokens, offset=202885135178 ns
        ON_TOKENS_RETURNED, offset=202885137432 ns
        ON_TOKENS_CALLED, generate 1 tokens, offset=204359390177 ns
        ON_TOKENS_RETURNED, offset=204359392680 ns
        ON_TOKENS_CALLED, generate 1 tokens, offset=205872317137 ns
        ON_TOKENS_RETURNED, offset=205872318758 ns
        ON_TOKENS_CALLED, generate 1 tokens, offset=207384097392 ns
        ON_TOKENS_RETURNED, offset=207384098734 ns
        ON_TOKENS_CALLED, generate 1 tokens, offset=208938762764 ns
        ON_TOKENS_RETURNED, offset=208938764461 ns
        ON_TOKENS_CALLED, generate 1 tokens, offset=210358044841 ns
        ON_TOKENS_RETURNED, offset=210358046686 ns
        ON_TOKENS_CALLED, generate 1 tokens, offset=211823195112 ns
        ON_TOKENS_RETURNED, offset=211823197786 ns
        ON_TOKENS_CALLED, generate 1 tokens, offset=213298269016 ns
        ON_TOKENS_RETURNED, offset=213298270531 ns
        ON_TOKENS_CALLED, generate 1 tokens, offset=214800551701 ns
        ON_TOKENS_RETURNED, offset=214800553296 ns
        ON_TOKENS_CALLED, generate 1 tokens, offset=216172519289 ns
        ON_TOKENS_RETURNED, offset=216172697870 ns
        ON_TOKENS_CALLED, generate 1 tokens, offset=217592061911 ns
        ON_TOKENS_RETURNED, offset=217592067361 ns
[15:49:07.732313308|thread 3583003|cpu 204] [debug] #EVT# HandleDetails::is_anomalous() handle_id=23 time in state STATE_OPENED exceeded threshold: 142998228328 ns
[15:49:07.732315035|thread 3583003|cpu 204] [debug] #EVT#   Handle,    23, Created, 754731367520173, Last, 754948959564642, Prompted,  8189, Generated,    64, Input TPS, 57.29, Output TPS:  0.75, Callbacks,    64, prompt parsing complete, open
[15:49:07.732329451|thread 3583003|cpu 204] [info ] #EVT#   Handle 23 history:
        SESSION_OPEN, prompt 8192 tokens, offset=0 ns
        PROMPT_TOKENS_REUSE, offset=142998227100 ns
        ON_START_CALLED, offset=142998228328 ns
        ON_START_RETURNED, offset=142998357387 ns
        ON_TOKENS_CALLED, generate 1 tokens, offset=142998363118 ns
        ON_TOKENS_RETURNED, offset=142998366550 ns
        ON_TOKENS_CALLED, generate 1 tokens, offset=143666736929 ns
        ON_TOKENS_RETURNED, offset=143666738530 ns
        ON_TOKENS_CALLED, generate 1 tokens, offset=144399136196 ns
        ON_TOKENS_RETURNED, offset=144399137925 ns
        ON_TOKENS_CALLED, generate 1 tokens, offset=145145229978 ns
        ON_TOKENS_RETURNED, offset=145145230763 ns
        ON_TOKENS_CALLED, generate 1 tokens, offset=145904840842 ns
        ON_TOKENS_RETURNED, offset=145904842836 ns
        ON_TOKENS_CALLED, generate 1 tokens, offset=146676604955 ns
        ON_TOKENS_RETURNED, offset=146676605858 ns
        ON_TOKENS_CALLED, generate 1 tokens, offset=147463730400 ns
        ON_TOKENS_RETURNED, offset=147463732048 ns
        ON_TOKENS_CALLED, generate 1 tokens, offset=148261476469 ns
        ON_TOKENS_RETURNED, offset=148261477428 ns
        ON_TOKENS_CALLED, generate 1 tokens, offset=149076106714 ns
        ON_TOKENS_RETURNED, offset=149076110465 ns
        ON_TOKENS_CALLED, generate 1 tokens, offset=149899904162 ns
        ON_TOKENS_RETURNED, offset=149899906090 ns
        ON_TOKENS_CALLED, generate 1 tokens, offset=150745423454 ns
        ON_TOKENS_RETURNED, offset=150745425288 ns
        ON_TOKENS_CALLED, generate 1 tokens, offset=151602057835 ns
        ON_TOKENS_RETURNED, offset=151602059084 ns
        ON_TOKENS_CALLED, generate 1 tokens, offset=152475512280 ns
        ON_TOKENS_RETURNED, offset=152475513318 ns
        ON_TOKENS_CALLED, generate 1 tokens, offset=153375458477 ns
        ON_TOKENS_RETURNED, offset=153375459731 ns
        ON_TOKENS_CALLED, generate 1 tokens, offset=154292470599 ns
        ON_TOKENS_RETURNED, offset=154292472857 ns
        ON_TOKENS_CALLED, generate 1 tokens, offset=155223236077 ns
        ON_TOKENS_RETURNED, offset=155223238278 ns
        ON_TOKENS_CALLED, generate 1 tokens, offset=156181320280 ns
        ON_TOKENS_RETURNED, offset=156181337349 ns
        ON_TOKENS_CALLED, generate 1 tokens, offset=157149897957 ns
        ON_TOKENS_RETURNED, offset=157149899265 ns
        ON_TOKENS_CALLED, generate 1 tokens, offset=158155967438 ns
        ON_TOKENS_RETURNED, offset=158155969637 ns
        ON_TOKENS_CALLED, generate 1 tokens, offset=159173421619 ns
        ON_TOKENS_RETURNED, offset=159173423644 ns
        ON_TOKENS_CALLED, generate 1 tokens, offset=160226186897 ns
        ON_TOKENS_RETURNED, offset=160226187912 ns
        ON_TOKENS_CALLED, generate 1 tokens, offset=161281685914 ns
        ON_TOKENS_RETURNED, offset=161281687125 ns
        ON_TOKENS_CALLED, generate 1 tokens, offset=162379289850 ns
        ON_TOKENS_RETURNED, offset=162379291758 ns
        ON_TOKENS_CALLED, generate 1 tokens, offset=163483328785 ns
        ON_TOKENS_RETURNED, offset=163483330971 ns
        ON_TOKENS_CALLED, generate 1 tokens, offset=164623222853 ns
        ON_TOKENS_RETURNED, offset=164623223785 ns
        ON_TOKENS_CALLED, generate 1 tokens, offset=165758716744 ns
        ON_TOKENS_RETURNED, offset=165758717831 ns
        ON_TOKENS_CALLED, generate 1 tokens, offset=166946890401 ns
        ON_TOKENS_RETURNED, offset=166946892361 ns
        ON_TOKENS_CALLED, generate 1 tokens, offset=168134397522 ns
        ON_TOKENS_RETURNED, offset=168134398927 ns
        ON_TOKENS_CALLED, generate 1 tokens, offset=169360760254 ns
        ON_TOKENS_RETURNED, offset=169360761419 ns
        ON_TOKENS_CALLED, generate 1 tokens, offset=170581311746 ns
        ON_TOKENS_RETURNED, offset=170581312869 ns
        ON_TOKENS_CALLED, generate 1 tokens, offset=171854916900 ns
        ON_TOKENS_RETURNED, offset=171854920957 ns
        ON_TOKENS_CALLED, generate 1 tokens, offset=173122210567 ns
        ON_TOKENS_RETURNED, offset=173122211496 ns
        ON_TOKENS_CALLED, generate 1 tokens, offset=174276135076 ns
        ON_TOKENS_RETURNED, offset=174276137095 ns
        ON_TOKENS_CALLED, generate 1 tokens, offset=175461840151 ns
        ON_TOKENS_RETURNED, offset=175461843291 ns
        ON_TOKENS_CALLED, generate 1 tokens, offset=176659730885 ns
        ON_TOKENS_RETURNED, offset=176659732556 ns
        ON_TOKENS_CALLED, generate 1 tokens, offset=177885069968 ns
        ON_TOKENS_RETURNED, offset=177885071175 ns
        ON_TOKENS_CALLED, generate 1 tokens, offset=179117033675 ns
        ON_TOKENS_RETURNED, offset=179117034534 ns
        ON_TOKENS_CALLED, generate 1 tokens, offset=180386405818 ns
        ON_TOKENS_RETURNED, offset=180386408118 ns
        ON_TOKENS_CALLED, generate 1 tokens, offset=181663191424 ns
        ON_TOKENS_RETURNED, offset=181663192755 ns
        ON_TOKENS_CALLED, generate 1 tokens, offset=182978629638 ns
        ON_TOKENS_RETURNED, offset=182978631246 ns
        ON_TOKENS_CALLED, generate 1 tokens, offset=184288583578 ns
        ON_TOKENS_RETURNED, offset=184288585590 ns
        ON_TOKENS_CALLED, generate 1 tokens, offset=185645289713 ns
        ON_TOKENS_RETURNED, offset=185645290899 ns
        ON_TOKENS_CALLED, generate 1 tokens, offset=187008208403 ns
        ON_TOKENS_RETURNED, offset=187008210407 ns
        ON_TOKENS_CALLED, generate 1 tokens, offset=188407259350 ns
        ON_TOKENS_RETURNED, offset=188407262021 ns
        ON_TOKENS_CALLED, generate 1 tokens, offset=189803543888 ns
        ON_TOKENS_RETURNED, offset=189803545197 ns
        ON_TOKENS_CALLED, generate 1 tokens, offset=191246503099 ns
        ON_TOKENS_RETURNED, offset=191246504206 ns
        ON_TOKENS_CALLED, generate 1 tokens, offset=192689387641 ns
        ON_TOKENS_RETURNED, offset=192689388916 ns
        ON_TOKENS_CALLED, generate 1 tokens, offset=194171854567 ns
        ON_TOKENS_RETURNED, offset=194171855809 ns
        ON_TOKENS_CALLED, generate 1 tokens, offset=195651486701 ns
        ON_TOKENS_RETURNED, offset=195651488186 ns
        ON_TOKENS_CALLED, generate 1 tokens, offset=197178944345 ns
        ON_TOKENS_RETURNED, offset=197178946645 ns
        ON_TOKENS_CALLED, generate 1 tokens, offset=198556640599 ns
        ON_TOKENS_RETURNED, offset=198556641540 ns
        ON_TOKENS_CALLED, generate 1 tokens, offset=199983511769 ns
        ON_TOKENS_RETURNED, offset=199983513414 ns
        ON_TOKENS_CALLED, generate 1 tokens, offset=201414582500 ns
        ON_TOKENS_RETURNED, offset=201414584071 ns
        ON_TOKENS_CALLED, generate 1 tokens, offset=202885112259 ns
        ON_TOKENS_RETURNED, offset=202885114735 ns
        ON_TOKENS_CALLED, generate 1 tokens, offset=204359367417 ns
        ON_TOKENS_RETURNED, offset=204359370152 ns
        ON_TOKENS_CALLED, generate 1 tokens, offset=205872295037 ns
        ON_TOKENS_RETURNED, offset=205872296210 ns
        ON_TOKENS_CALLED, generate 1 tokens, offset=207384071737 ns
        ON_TOKENS_RETURNED, offset=207384072773 ns
        ON_TOKENS_CALLED, generate 1 tokens, offset=208938738029 ns
        ON_TOKENS_RETURNED, offset=208938740177 ns
        ON_TOKENS_CALLED, generate 1 tokens, offset=210358026449 ns
        ON_TOKENS_RETURNED, offset=210358027526 ns
        ON_TOKENS_CALLED, generate 1 tokens, offset=211823169761 ns
        ON_TOKENS_RETURNED, offset=211823171045 ns
        ON_TOKENS_CALLED, generate 1 tokens, offset=213298245790 ns
        ON_TOKENS_RETURNED, offset=213298247225 ns
        ON_TOKENS_CALLED, generate 1 tokens, offset=214800528972 ns
        ON_TOKENS_RETURNED, offset=214800530521 ns
        ON_TOKENS_CALLED, generate 1 tokens, offset=216172497494 ns
        ON_TOKENS_RETURNED, offset=216172552336 ns
        ON_TOKENS_CALLED, generate 1 tokens, offset=217592040121 ns
        ON_TOKENS_RETURNED, offset=217592044469 ns
[15:49:11.299398713|thread 3583002|cpu 204] [info ] KV cache footprint: 39.57 GB in 181 books
[15:49:13.513695009|thread 3580165|cpu 204] [info ] [Request 38] Parsing the prompt took 233.559831867 s at 35.07452430718015 tokens/s
[15:49:22.001474258|thread 3583002|cpu 204] [info ] KV cache footprint: 40.67 GB in 186 books
[15:49:29.206004070|thread 3580155|cpu 204] [info ] [Request 5] Generating 61 response tokens with 8193 context took 74.976172 s at 0.814 average tok/s, or 1229.118 ms/tok
[15:49:29.206043722|thread 3580155|cpu 204] [info ] [Request 5] Request with 8192 tokens in and 64 out (sequence limit) saw 173.122446 s TTFT and 249.252551 s TTLT
[15:49:30.473415043|thread 3583002|cpu 204] [info ] KV cache footprint: 41.77 GB in 191 books
[15:49:33.069223554|thread 3580165|cpu 204] [info ] [Request 41] Parsing the prompt took 253.115324478 s at 32.36469390738933 tokens/s
[15:49:39.176464453|thread 3583002|cpu 204] [info ] KV cache footprint: 42.86 GB in 196 books
[15:49:40.688822955|thread 3583003|cpu 204] [debug] #EVT# HandleDetails::is_anomalous() handle_id=5 time in state STATE_OPENED exceeded threshold: 173122439809 ns
[15:49:40.688857962|thread 3583003|cpu 204] [debug] #EVT#   Handle,     5, Created, 754731367296257, Last, 754981887026134, Prompted,  8192, Generated,    64, Input TPS, 47.32, Output TPS:  0.73, Callbacks,    64, prompt parsing complete, open
[15:49:40.688897156|thread 3583003|cpu 204] [info ] #EVT#   Handle 5 history:
        SESSION_OPEN, prompt 8192 tokens, offset=0 ns
        PROMPT_TOKENS_REUSE, offset=173122437617 ns
        ON_START_CALLED, offset=173122439809 ns
        ON_START_RETURNED, offset=173122480421 ns
        ON_TOKENS_CALLED, generate 1 tokens, offset=173122485316 ns
        ON_TOKENS_RETURNED, offset=173122487986 ns
        ON_TOKENS_CALLED, generate 1 tokens, offset=174276373216 ns
        ON_TOKENS_RETURNED, offset=174276374891 ns
        ON_TOKENS_CALLED, generate 1 tokens, offset=175462069158 ns
        ON_TOKENS_RETURNED, offset=175462071569 ns
        ON_TOKENS_CALLED, generate 1 tokens, offset=176659958576 ns
        ON_TOKENS_RETURNED, offset=176659960080 ns
        ON_TOKENS_CALLED, generate 1 tokens, offset=177885298686 ns
        ON_TOKENS_RETURNED, offset=177885301368 ns
        ON_TOKENS_CALLED, generate 1 tokens, offset=179117253588 ns
        ON_TOKENS_RETURNED, offset=179117255117 ns
        ON_TOKENS_CALLED, generate 1 tokens, offset=180386633437 ns
        ON_TOKENS_RETURNED, offset=180386634491 ns
        ON_TOKENS_CALLED, generate 1 tokens, offset=181663407592 ns
        ON_TOKENS_RETURNED, offset=181663408658 ns
        ON_TOKENS_CALLED, generate 1 tokens, offset=182978854635 ns
        ON_TOKENS_RETURNED, offset=182978858118 ns
        ON_TOKENS_CALLED, generate 1 tokens, offset=184288816018 ns
        ON_TOKENS_RETURNED, offset=184288816955 ns
        ON_TOKENS_CALLED, generate 1 tokens, offset=185645516942 ns
        ON_TOKENS_RETURNED, offset=185645518583 ns
        ON_TOKENS_CALLED, generate 1 tokens, offset=187008436322 ns
        ON_TOKENS_RETURNED, offset=187008437365 ns
        ON_TOKENS_CALLED, generate 1 tokens, offset=188407479907 ns
        ON_TOKENS_RETURNED, offset=188407482759 ns
        ON_TOKENS_CALLED, generate 1 tokens, offset=189803769256 ns
        ON_TOKENS_RETURNED, offset=189803771313 ns
        ON_TOKENS_CALLED, generate 1 tokens, offset=191246729600 ns
        ON_TOKENS_RETURNED, offset=191246730748 ns
        ON_TOKENS_CALLED, generate 1 tokens, offset=192689615464 ns
        ON_TOKENS_RETURNED, offset=192689616630 ns
        ON_TOKENS_CALLED, generate 1 tokens, offset=194172080605 ns
        ON_TOKENS_RETURNED, offset=194172100827 ns
        ON_TOKENS_CALLED, generate 1 tokens, offset=195651713850 ns
        ON_TOKENS_RETURNED, offset=195651715067 ns
        ON_TOKENS_CALLED, generate 1 tokens, offset=197179176801 ns
        ON_TOKENS_RETURNED, offset=197179177795 ns
        ON_TOKENS_CALLED, generate 1 tokens, offset=198556865538 ns
        ON_TOKENS_RETURNED, offset=198556868173 ns
        ON_TOKENS_CALLED, generate 1 tokens, offset=199983739081 ns
        ON_TOKENS_RETURNED, offset=199983740473 ns
        ON_TOKENS_CALLED, generate 1 tokens, offset=201414804571 ns
        ON_TOKENS_RETURNED, offset=201414806822 ns
        ON_TOKENS_CALLED, generate 1 tokens, offset=202885344678 ns
        ON_TOKENS_RETURNED, offset=202885346142 ns
        ON_TOKENS_CALLED, generate 1 tokens, offset=204359594367 ns
        ON_TOKENS_RETURNED, offset=204359596209 ns
        ON_TOKENS_CALLED, generate 1 tokens, offset=205872520710 ns
        ON_TOKENS_RETURNED, offset=205872523239 ns
        ON_TOKENS_CALLED, generate 1 tokens, offset=207384296097 ns
        ON_TOKENS_RETURNED, offset=207384297659 ns
        ON_TOKENS_CALLED, generate 1 tokens, offset=208938959605 ns
        ON_TOKENS_RETURNED, offset=208938962669 ns
        ON_TOKENS_CALLED, generate 1 tokens, offset=210358248580 ns
        ON_TOKENS_RETURNED, offset=210358251654 ns
        ON_TOKENS_CALLED, generate 1 tokens, offset=211823398316 ns
        ON_TOKENS_RETURNED, offset=211823400374 ns
        ON_TOKENS_CALLED, generate 1 tokens, offset=213298475798 ns
        ON_TOKENS_RETURNED, offset=213298478130 ns
        ON_TOKENS_CALLED, generate 1 tokens, offset=214800759430 ns
        ON_TOKENS_RETURNED, offset=214800760625 ns
        ON_TOKENS_CALLED, generate 1 tokens, offset=216172732989 ns
        ON_TOKENS_RETURNED, offset=216172734119 ns
        ON_TOKENS_CALLED, generate 1 tokens, offset=217592272369 ns
        ON_TOKENS_RETURNED, offset=217592275700 ns
        ON_TOKENS_CALLED, generate 1 tokens, offset=218873846655 ns
        ON_TOKENS_RETURNED, offset=218873848887 ns
        ON_TOKENS_CALLED, generate 1 tokens, offset=219735657551 ns
        ON_TOKENS_RETURNED, offset=219735658607 ns
        ON_TOKENS_CALLED, generate 1 tokens, offset=220617486763 ns
        ON_TOKENS_RETURNED, offset=220617489008 ns
        ON_TOKENS_CALLED, generate 1 tokens, offset=221513071336 ns
        ON_TOKENS_RETURNED, offset=221513073524 ns
        ON_TOKENS_CALLED, generate 1 tokens, offset=222421434807 ns
        ON_TOKENS_RETURNED, offset=222421436459 ns
        ON_TOKENS_CALLED, generate 1 tokens, offset=223340873226 ns
        ON_TOKENS_RETURNED, offset=223340876064 ns
        ON_TOKENS_CALLED, generate 1 tokens, offset=224279625068 ns
        ON_TOKENS_RETURNED, offset=224279627822 ns
        ON_TOKENS_CALLED, generate 1 tokens, offset=225237673448 ns
        ON_TOKENS_RETURNED, offset=225237675323 ns
        ON_TOKENS_CALLED, generate 1 tokens, offset=226212622613 ns
        ON_TOKENS_RETURNED, offset=226212625310 ns
        ON_TOKENS_CALLED, generate 1 tokens, offset=227196253356 ns
        ON_TOKENS_RETURNED, offset=227196255902 ns
        ON_TOKENS_CALLED, generate 1 tokens, offset=228204133530 ns
        ON_TOKENS_RETURNED, offset=228204135286 ns
        ON_TOKENS_CALLED, generate 1 tokens, offset=229226910039 ns
        ON_TOKENS_RETURNED, offset=229226913235 ns
        ON_TOKENS_CALLED, generate 1 tokens, offset=230283641083 ns
        ON_TOKENS_RETURNED, offset=230283643747 ns
        ON_TOKENS_CALLED, generate 1 tokens, offset=231345755908 ns
        ON_TOKENS_RETURNED, offset=231345758981 ns
        ON_TOKENS_CALLED, generate 1 tokens, offset=232447352616 ns
        ON_TOKENS_RETURNED, offset=232447355266 ns
        ON_TOKENS_CALLED, generate 1 tokens, offset=233560229722 ns
        ON_TOKENS_RETURNED, offset=233560231365 ns
        ON_TOKENS_CALLED, generate 1 tokens, offset=234557186910 ns
        ON_TOKENS_RETURNED, offset=234557189831 ns
        ON_TOKENS_CALLED, generate 1 tokens, offset=235576555734 ns
        ON_TOKENS_RETURNED, offset=235576558455 ns
        ON_TOKENS_CALLED, generate 1 tokens, offset=236600108796 ns
        ON_TOKENS_RETURNED, offset=236600110610 ns
        ON_TOKENS_CALLED, generate 1 tokens, offset=237653200106 ns
        ON_TOKENS_RETURNED, offset=237653202615 ns
        ON_TOKENS_CALLED, generate 1 tokens, offset=238721110276 ns
        ON_TOKENS_RETURNED, offset=238721112696 ns
        ON_TOKENS_CALLED, generate 1 tokens, offset=239813473817 ns
        ON_TOKENS_RETURNED, offset=239813476474 ns
        ON_TOKENS_CALLED, generate 1 tokens, offset=240916514408 ns
        ON_TOKENS_RETURNED, offset=240916515722 ns
        ON_TOKENS_CALLED, generate 1 tokens, offset=242047747675 ns
        ON_TOKENS_RETURNED, offset=242047749212 ns
        ON_TOKENS_CALLED, generate 1 tokens, offset=243190326653 ns
        ON_TOKENS_RETURNED, offset=243190329277 ns
        ON_TOKENS_CALLED, generate 1 tokens, offset=244363118235 ns
        ON_TOKENS_RETURNED, offset=244363119854 ns
        ON_TOKENS_CALLED, generate 1 tokens, offset=245541297814 ns
        ON_TOKENS_RETURNED, offset=245541299663 ns
        ON_TOKENS_CALLED, generate 1 tokens, offset=246764642153 ns
        ON_TOKENS_RETURNED, offset=246764643897 ns
        ON_TOKENS_CALLED, generate 1 tokens, offset=247988915824 ns
        ON_TOKENS_RETURNED, offset=247988917051 ns
        ON_TOKENS_CALLED, generate 1 tokens, offset=249252544037 ns
        ON_TOKENS_RETURNED, offset=249252598871 ns
        ON_TOKENS_CALLED, generate 1 tokens, offset=250519719024 ns
        ON_TOKENS_RETURNED, offset=250519729877 ns
[15:49:47.174784453|thread 3583002|cpu 204] [info ] KV cache footprint: 43.96 GB in 201 books
[15:49:48.589017208|thread 3580167|cpu 204] [info ] [Request 48] Parsing the prompt took 268.634943474 s at 30.494915866345092 tokens/s
[15:49:52.491663299|thread 3580155|cpu 204] [info ] [Request 6] Generating 61 response tokens with 8193 context took 73.981323 s at 0.825 average tok/s, or 1212.809 ms/tok
[15:49:52.491691445|thread 3580155|cpu 204] [info ] [Request 6] Request with 8192 tokens in and 64 out (sequence limit) saw 197.179183 s TTFT and 272.538201 s TTLT
[15:50:00.757997967|thread 3580167|cpu 204] [info ] [Request 49] Parsing the prompt took 280.80389319 s at 29.17338469540754 tokens/s
[15:50:03.412462495|thread 3580155|cpu 204] [info ] [Request 14] Generating 61 response tokens with 8193 context took 73.100752 s at 0.834 average tok/s, or 1198.373 ms/tok
[15:50:03.412498878|thread 3580155|cpu 204] [info ] [Request 14] Request with 8192 tokens in and 64 out (sequence limit) saw 208.938881 s TTFT and 283.458907 s TTLT
[15:50:03.412862524|thread 3583002|cpu 204] [info ] KV cache footprint: 45.06 GB in 206 books
[15:50:04.068065925|thread 3583003|cpu 204] [debug] #EVT# HandleDetails::is_anomalous() handle_id=6 time in state STATE_OPENED exceeded threshold: 197179175483 ns
[15:50:04.068114682|thread 3583003|cpu 204] [debug] #EVT#   Handle,     6, Created, 754731367307520, Last, 755005263088051, Prompted,  8192, Generated,    64, Input TPS, 41.55, Output TPS:  0.74, Callbacks,    64, prompt parsing complete, open
[15:50:04.068146194|thread 3583003|cpu 204] [info ] #EVT#   Handle 6 history:
        SESSION_OPEN, prompt 8192 tokens, offset=0 ns
        PROMPT_TOKENS_REUSE, offset=197179164683 ns
        ON_START_CALLED, offset=197179175483 ns
        ON_START_RETURNED, offset=197179228507 ns
        ON_TOKENS_CALLED, generate 1 tokens, offset=197179241655 ns
        ON_TOKENS_RETURNED, offset=197179243145 ns
        ON_TOKENS_CALLED, generate 1 tokens, offset=198556871632 ns
        ON_TOKENS_RETURNED, offset=198556873908 ns
        ON_TOKENS_CALLED, generate 1 tokens, offset=199983729429 ns
        ON_TOKENS_RETURNED, offset=199983731763 ns
        ON_TOKENS_CALLED, generate 1 tokens, offset=201414794078 ns
        ON_TOKENS_RETURNED, offset=201414796314 ns
        ON_TOKENS_CALLED, generate 1 tokens, offset=202885330013 ns
        ON_TOKENS_RETURNED, offset=202885332979 ns
        ON_TOKENS_CALLED, generate 1 tokens, offset=204359585783 ns
        ON_TOKENS_RETURNED, offset=204359586822 ns
        ON_TOKENS_CALLED, generate 1 tokens, offset=205872510742 ns
        ON_TOKENS_RETURNED, offset=205872513381 ns
        ON_TOKENS_CALLED, generate 1 tokens, offset=207384287717 ns
        ON_TOKENS_RETURNED, offset=207384288790 ns
        ON_TOKENS_CALLED, generate 1 tokens, offset=208938959549 ns
        ON_TOKENS_RETURNED, offset=208938961066 ns
        ON_TOKENS_CALLED, generate 1 tokens, offset=210358243652 ns
        ON_TOKENS_RETURNED, offset=210358246057 ns
        ON_TOKENS_CALLED, generate 1 tokens, offset=211823389445 ns
        ON_TOKENS_RETURNED, offset=211823391508 ns
        ON_TOKENS_CALLED, generate 1 tokens, offset=213298462328 ns
        ON_TOKENS_RETURNED, offset=213298465308 ns
        ON_TOKENS_CALLED, generate 1 tokens, offset=214800746657 ns
        ON_TOKENS_RETURNED, offset=214800749208 ns
        ON_TOKENS_CALLED, generate 1 tokens, offset=216172717417 ns
        ON_TOKENS_RETURNED, offset=216172721353 ns
        ON_TOKENS_CALLED, generate 1 tokens, offset=217592258308 ns
        ON_TOKENS_RETURNED, offset=217592261346 ns
        ON_TOKENS_CALLED, generate 1 tokens, offset=218873849175 ns
        ON_TOKENS_RETURNED, offset=218873851061 ns
        ON_TOKENS_CALLED, generate 1 tokens, offset=219735652419 ns
        ON_TOKENS_RETURNED, offset=219735667546 ns
        ON_TOKENS_CALLED, generate 1 tokens, offset=220617474532 ns
        ON_TOKENS_RETURNED, offset=220617478042 ns
        ON_TOKENS_CALLED, generate 1 tokens, offset=221513066399 ns
        ON_TOKENS_RETURNED, offset=221513067143 ns
        ON_TOKENS_CALLED, generate 1 tokens, offset=222421425503 ns
        ON_TOKENS_RETURNED, offset=222421426528 ns
        ON_TOKENS_CALLED, generate 1 tokens, offset=223340862626 ns
        ON_TOKENS_RETURNED, offset=223340863579 ns
        ON_TOKENS_CALLED, generate 1 tokens, offset=224279615446 ns
        ON_TOKENS_RETURNED, offset=224279617036 ns
        ON_TOKENS_CALLED, generate 1 tokens, offset=225237673895 ns
        ON_TOKENS_RETURNED, offset=225237675231 ns
        ON_TOKENS_CALLED, generate 1 tokens, offset=226212613163 ns
        ON_TOKENS_RETURNED, offset=226212615471 ns
        ON_TOKENS_CALLED, generate 1 tokens, offset=227196241281 ns
        ON_TOKENS_RETURNED, offset=227196243840 ns
        ON_TOKENS_CALLED, generate 1 tokens, offset=228204119412 ns
        ON_TOKENS_RETURNED, offset=228204120671 ns
        ON_TOKENS_CALLED, generate 1 tokens, offset=229226900279 ns
        ON_TOKENS_RETURNED, offset=229226901509 ns
        ON_TOKENS_CALLED, generate 1 tokens, offset=230283625768 ns
        ON_TOKENS_RETURNED, offset=230283627438 ns
        ON_TOKENS_CALLED, generate 1 tokens, offset=231345744376 ns
        ON_TOKENS_RETURNED, offset=231345747294 ns
        ON_TOKENS_CALLED, generate 1 tokens, offset=232447344778 ns
        ON_TOKENS_RETURNED, offset=232447348419 ns
        ON_TOKENS_CALLED, generate 1 tokens, offset=233560218585 ns
        ON_TOKENS_RETURNED, offset=233560220867 ns
        ON_TOKENS_CALLED, generate 1 tokens, offset=234557178498 ns
        ON_TOKENS_RETURNED, offset=234557179815 ns
        ON_TOKENS_CALLED, generate 1 tokens, offset=235576545054 ns
        ON_TOKENS_RETURNED, offset=235576552844 ns
        ON_TOKENS_CALLED, generate 1 tokens, offset=236600094633 ns
        ON_TOKENS_RETURNED, offset=236600096363 ns
        ON_TOKENS_CALLED, generate 1 tokens, offset=237653196480 ns
        ON_TOKENS_RETURNED, offset=237653197958 ns
        ON_TOKENS_CALLED, generate 1 tokens, offset=238721098637 ns
        ON_TOKENS_RETURNED, offset=238721100918 ns
        ON_TOKENS_CALLED, generate 1 tokens, offset=239813463933 ns
        ON_TOKENS_RETURNED, offset=239813466293 ns
        ON_TOKENS_CALLED, generate 1 tokens, offset=240916504195 ns
        ON_TOKENS_RETURNED, offset=240916505213 ns
        ON_TOKENS_CALLED, generate 1 tokens, offset=242047741837 ns
        ON_TOKENS_RETURNED, offset=242047743460 ns
        ON_TOKENS_CALLED, generate 1 tokens, offset=243190316229 ns
        ON_TOKENS_RETURNED, offset=243190317426 ns
        ON_TOKENS_CALLED, generate 1 tokens, offset=244363105013 ns
        ON_TOKENS_RETURNED, offset=244363106258 ns
        ON_TOKENS_CALLED, generate 1 tokens, offset=245541282025 ns
        ON_TOKENS_RETURNED, offset=245541283257 ns
        ON_TOKENS_CALLED, generate 1 tokens, offset=246764633490 ns
        ON_TOKENS_RETURNED, offset=246764636392 ns
        ON_TOKENS_CALLED, generate 1 tokens, offset=247988910315 ns
        ON_TOKENS_RETURNED, offset=247988911725 ns
        ON_TOKENS_CALLED, generate 1 tokens, offset=249252533994 ns
        ON_TOKENS_RETURNED, offset=249252535268 ns
        ON_TOKENS_CALLED, generate 1 tokens, offset=250519710839 ns
        ON_TOKENS_RETURNED, offset=250519712080 ns
        ON_TOKENS_CALLED, generate 1 tokens, offset=251819671921 ns
        ON_TOKENS_RETURNED, offset=251819672905 ns
        ON_TOKENS_CALLED, generate 1 tokens, offset=253115747443 ns
        ON_TOKENS_RETURNED, offset=253115748890 ns
        ON_TOKENS_CALLED, generate 1 tokens, offset=254294396766 ns
        ON_TOKENS_RETURNED, offset=254294398880 ns
        ON_TOKENS_CALLED, generate 1 tokens, offset=255499331483 ns
        ON_TOKENS_RETURNED, offset=255499333105 ns
        ON_TOKENS_CALLED, generate 1 tokens, offset=256722440260 ns
        ON_TOKENS_RETURNED, offset=256722441821 ns
        ON_TOKENS_CALLED, generate 1 tokens, offset=257971948658 ns
        ON_TOKENS_RETURNED, offset=257971950330 ns
        ON_TOKENS_CALLED, generate 1 tokens, offset=259222821609 ns
        ON_TOKENS_RETURNED, offset=259222822405 ns
        ON_TOKENS_CALLED, generate 1 tokens, offset=260508113254 ns
        ON_TOKENS_RETURNED, offset=260508114370 ns
        ON_TOKENS_CALLED, generate 1 tokens, offset=261807716992 ns
        ON_TOKENS_RETURNED, offset=261807718681 ns
        ON_TOKENS_CALLED, generate 1 tokens, offset=263132401822 ns
        ON_TOKENS_RETURNED, offset=263132404031 ns
        ON_TOKENS_CALLED, generate 1 tokens, offset=264459085568 ns
        ON_TOKENS_RETURNED, offset=264459087151 ns
        ON_TOKENS_CALLED, generate 1 tokens, offset=265832875685 ns
        ON_TOKENS_RETURNED, offset=265832877285 ns
        ON_TOKENS_CALLED, generate 1 tokens, offset=267220759178 ns
        ON_TOKENS_RETURNED, offset=267220761518 ns
        ON_TOKENS_CALLED, generate 1 tokens, offset=268635538090 ns
        ON_TOKENS_RETURNED, offset=268635540981 ns
        ON_TOKENS_CALLED, generate 1 tokens, offset=269894454988 ns
        ON_TOKENS_RETURNED, offset=269894457083 ns
        ON_TOKENS_CALLED, generate 1 tokens, offset=271213706185 ns
        ON_TOKENS_RETURNED, offset=271213707430 ns
        ON_TOKENS_CALLED, generate 1 tokens, offset=272538192181 ns
        ON_TOKENS_RETURNED, offset=272538234938 ns
        ON_TOKENS_CALLED, generate 1 tokens, offset=273895768577 ns
        ON_TOKENS_RETURNED, offset=273895780531 ns
[15:50:08.863560022|thread 3580155|cpu 204] [info ] [Request 19] Generating 61 response tokens with 8193 context took 72.737373 s at 0.839 average tok/s, or 1192.416 ms/tok
[15:50:08.863571710|thread 3580167|cpu 204] [info ] [Request 52] Parsing the prompt took 288.906188216 s at 28.355225101219613 tokens/s
[15:50:08.863585767|thread 3580155|cpu 204] [info ] [Request 19] Request with 8192 tokens in and 64 out (sequence limit) saw 214.800605 s TTFT and 288.909934 s TTLT
[15:50:08.863784836|thread 3583002|cpu 204] [info ] KV cache footprint: 46.16 GB in 211 books
[15:50:12.691402663|thread 3580155|cpu 204] [info ] [Request 24] Generating 61 response tokens with 8193 context took 73.002283 s at 0.836 average tok/s, or 1196.759 ms/tok
[15:50:12.691402352|thread 3580158|cpu 204] [info ] [Request 36] Generating 61 response tokens with 8193 context took 73.002279 s at 0.836 average tok/s, or 1196.759 ms/tok
[15:50:12.691435730|thread 3580158|cpu 204] [info ] [Request 36] Request with 8192 tokens in and 64 out (sequence limit) saw 218.873467 s TTFT and 292.737566 s TTLT
[15:50:12.691402332|thread 3580157|cpu 204] [info ] [Request 33] Generating 61 response tokens with 8193 context took 73.002275 s at 0.836 average tok/s, or 1196.759 ms/tok
[15:50:12.691459673|thread 3580157|cpu 204] [info ] [Request 33] Request with 8192 tokens in and 64 out (sequence limit) saw 218.873501 s TTFT and 292.737600 s TTLT
[15:50:12.691419542|thread 3580155|cpu 204] [info ] [Request 24] Request with 8192 tokens in and 64 out (sequence limit) saw 218.873618 s TTFT and 292.737724 s TTLT
[15:50:13.992503433|thread 3580167|cpu 204] [info ] [Request 7] Parsing the prompt took 294.039034884 s at 27.860246525539676 tokens/s
[15:50:13.992504291|thread 3580168|cpu 204] [info ] [Request 13] Parsing the prompt took 294.03896794 s at 27.860252868496037 tokens/s
[15:50:15.053480045|thread 3583003|cpu 204] [debug] #EVT# HandleDetails::is_anomalous() handle_id=14 time in state STATE_OPENED exceeded threshold: 208938874431 ns
[15:50:15.053506558|thread 3583003|cpu 204] [debug] #EVT#   Handle,    14, Created, 754731367400567, Last, 755016179019941, Prompted,  8191, Generated,    64, Input TPS, 39.21, Output TPS:  0.74, Callbacks,    64, prompt parsing complete, open
[15:50:15.053534295|thread 3583003|cpu 204] [info ] #EVT#   Handle 14 history:
        SESSION_OPEN, prompt 8192 tokens, offset=0 ns
        PROMPT_TOKENS_REUSE, offset=208938863172 ns
        ON_START_CALLED, offset=208938874431 ns
        ON_START_RETURNED, offset=208938923564 ns
        ON_TOKENS_CALLED, generate 1 tokens, offset=208938934470 ns
        ON_TOKENS_RETURNED, offset=208938935467 ns
        ON_TOKENS_CALLED, generate 1 tokens, offset=210358147725 ns
        ON_TOKENS_RETURNED, offset=210358150308 ns
        ON_TOKENS_CALLED, generate 1 tokens, offset=211823307184 ns
        ON_TOKENS_RETURNED, offset=211823308854 ns
        ON_TOKENS_CALLED, generate 1 tokens, offset=213298370052 ns
        ON_TOKENS_RETURNED, offset=213298372611 ns
        ON_TOKENS_CALLED, generate 1 tokens, offset=214800655295 ns
        ON_TOKENS_RETURNED, offset=214800658023 ns
        ON_TOKENS_CALLED, generate 1 tokens, offset=216172626055 ns
        ON_TOKENS_RETURNED, offset=216172627012 ns
        ON_TOKENS_CALLED, generate 1 tokens, offset=217592166919 ns
        ON_TOKENS_RETURNED, offset=217592167974 ns
        ON_TOKENS_CALLED, generate 1 tokens, offset=218873746168 ns
        ON_TOKENS_RETURNED, offset=218873747338 ns
        ON_TOKENS_CALLED, generate 1 tokens, offset=219735555251 ns
        ON_TOKENS_RETURNED, offset=219735558978 ns
        ON_TOKENS_CALLED, generate 1 tokens, offset=220617383831 ns
        ON_TOKENS_RETURNED, offset=220617386151 ns
        ON_TOKENS_CALLED, generate 1 tokens, offset=221512968962 ns
        ON_TOKENS_RETURNED, offset=221512970262 ns
        ON_TOKENS_CALLED, generate 1 tokens, offset=222421335245 ns
        ON_TOKENS_RETURNED, offset=222421336444 ns
        ON_TOKENS_CALLED, generate 1 tokens, offset=223340771001 ns
        ON_TOKENS_RETURNED, offset=223340772874 ns
        ON_TOKENS_CALLED, generate 1 tokens, offset=224279523211 ns
        ON_TOKENS_RETURNED, offset=224279524630 ns
        ON_TOKENS_CALLED, generate 1 tokens, offset=225237576901 ns
        ON_TOKENS_RETURNED, offset=225237578740 ns
        ON_TOKENS_CALLED, generate 1 tokens, offset=226212522679 ns
        ON_TOKENS_RETURNED, offset=226212523771 ns
        ON_TOKENS_CALLED, generate 1 tokens, offset=227196151423 ns
        ON_TOKENS_RETURNED, offset=227196155144 ns
        ON_TOKENS_CALLED, generate 1 tokens, offset=228204025069 ns
        ON_TOKENS_RETURNED, offset=228204026655 ns
        ON_TOKENS_CALLED, generate 1 tokens, offset=229226808207 ns
        ON_TOKENS_RETURNED, offset=229226809063 ns
        ON_TOKENS_CALLED, generate 1 tokens, offset=230283533690 ns
        ON_TOKENS_RETURNED, offset=230283536108 ns
        ON_TOKENS_CALLED, generate 1 tokens, offset=231345651789 ns
        ON_TOKENS_RETURNED, offset=231345654558 ns
        ON_TOKENS_CALLED, generate 1 tokens, offset=232447257202 ns
        ON_TOKENS_RETURNED, offset=232447258991 ns
        ON_TOKENS_CALLED, generate 1 tokens, offset=233560127149 ns
        ON_TOKENS_RETURNED, offset=233560128212 ns
        ON_TOKENS_CALLED, generate 1 tokens, offset=234557084767 ns
        ON_TOKENS_RETURNED, offset=234557087289 ns
        ON_TOKENS_CALLED, generate 1 tokens, offset=235576456533 ns
        ON_TOKENS_RETURNED, offset=235576457776 ns
        ON_TOKENS_CALLED, generate 1 tokens, offset=236600004636 ns
        ON_TOKENS_RETURNED, offset=236600006131 ns
        ON_TOKENS_CALLED, generate 1 tokens, offset=237653105459 ns
        ON_TOKENS_RETURNED, offset=237653107798 ns
        ON_TOKENS_CALLED, generate 1 tokens, offset=238721008500 ns
        ON_TOKENS_RETURNED, offset=238721009763 ns
        ON_TOKENS_CALLED, generate 1 tokens, offset=239813373972 ns
        ON_TOKENS_RETURNED, offset=239813377256 ns
        ON_TOKENS_CALLED, generate 1 tokens, offset=240916412605 ns
        ON_TOKENS_RETURNED, offset=240916413600 ns
        ON_TOKENS_CALLED, generate 1 tokens, offset=242047643996 ns
        ON_TOKENS_RETURNED, offset=242047645400 ns
        ON_TOKENS_CALLED, generate 1 tokens, offset=243190225383 ns
        ON_TOKENS_RETURNED, offset=243190226745 ns
        ON_TOKENS_CALLED, generate 1 tokens, offset=244363012808 ns
        ON_TOKENS_RETURNED, offset=244363015302 ns
        ON_TOKENS_CALLED, generate 1 tokens, offset=245541194109 ns
        ON_TOKENS_RETURNED, offset=245541195592 ns
        ON_TOKENS_CALLED, generate 1 tokens, offset=246764540920 ns
        ON_TOKENS_RETURNED, offset=246764543530 ns
        ON_TOKENS_CALLED, generate 1 tokens, offset=247988813884 ns
        ON_TOKENS_RETURNED, offset=247988814923 ns
        ON_TOKENS_CALLED, generate 1 tokens, offset=249252442468 ns
        ON_TOKENS_RETURNED, offset=249252443621 ns
        ON_TOKENS_CALLED, generate 1 tokens, offset=250519617335 ns
        ON_TOKENS_RETURNED, offset=250519618787 ns
        ON_TOKENS_CALLED, generate 1 tokens, offset=251819570460 ns
        ON_TOKENS_RETURNED, offset=251819573201 ns
        ON_TOKENS_CALLED, generate 1 tokens, offset=253115659903 ns
        ON_TOKENS_RETURNED, offset=253115660700 ns
        ON_TOKENS_CALLED, generate 1 tokens, offset=254294310439 ns
        ON_TOKENS_RETURNED, offset=254294311876 ns
        ON_TOKENS_CALLED, generate 1 tokens, offset=255499230601 ns
        ON_TOKENS_RETURNED, offset=255499234154 ns
        ON_TOKENS_CALLED, generate 1 tokens, offset=256722349181 ns
        ON_TOKENS_RETURNED, offset=256722350422 ns
        ON_TOKENS_CALLED, generate 1 tokens, offset=257971854519 ns
        ON_TOKENS_RETURNED, offset=257971858515 ns
        ON_TOKENS_CALLED, generate 1 tokens, offset=259222717310 ns
        ON_TOKENS_RETURNED, offset=259222720035 ns
        ON_TOKENS_CALLED, generate 1 tokens, offset=260508024568 ns
        ON_TOKENS_RETURNED, offset=260508025268 ns
        ON_TOKENS_CALLED, generate 1 tokens, offset=261807624273 ns
        ON_TOKENS_RETURNED, offset=261807626372 ns
        ON_TOKENS_CALLED, generate 1 tokens, offset=263132315315 ns
        ON_TOKENS_RETURNED, offset=263132316843 ns
        ON_TOKENS_CALLED, generate 1 tokens, offset=264459006237 ns
        ON_TOKENS_RETURNED, offset=264459007306 ns
        ON_TOKENS_CALLED, generate 1 tokens, offset=265832785367 ns
        ON_TOKENS_RETURNED, offset=265832786368 ns
        ON_TOKENS_CALLED, generate 1 tokens, offset=267220663843 ns
        ON_TOKENS_RETURNED, offset=267220666295 ns
        ON_TOKENS_CALLED, generate 1 tokens, offset=268635445798 ns
        ON_TOKENS_RETURNED, offset=268635446607 ns
        ON_TOKENS_CALLED, generate 1 tokens, offset=269894363114 ns
        ON_TOKENS_RETURNED, offset=269894364368 ns
        ON_TOKENS_CALLED, generate 1 tokens, offset=271213615540 ns
        ON_TOKENS_RETURNED, offset=271213616620 ns
        ON_TOKENS_CALLED, generate 1 tokens, offset=272538111773 ns
        ON_TOKENS_RETURNED, offset=272538112898 ns
        ON_TOKENS_CALLED, generate 1 tokens, offset=273895676677 ns
        ON_TOKENS_RETURNED, offset=273895677630 ns
        ON_TOKENS_CALLED, generate 1 tokens, offset=275224683831 ns
        ON_TOKENS_RETURNED, offset=275224686473 ns
        ON_TOKENS_CALLED, generate 1 tokens, offset=276599390391 ns
        ON_TOKENS_RETURNED, offset=276599391717 ns
        ON_TOKENS_CALLED, generate 1 tokens, offset=277979780266 ns
        ON_TOKENS_RETURNED, offset=277979783633 ns
        ON_TOKENS_CALLED, generate 1 tokens, offset=279393946041 ns
        ON_TOKENS_RETURNED, offset=279393947216 ns
        ON_TOKENS_CALLED, generate 1 tokens, offset=280804429385 ns
        ON_TOKENS_RETURNED, offset=280804431073 ns
        ON_TOKENS_CALLED, generate 1 tokens, offset=282125967119 ns
        ON_TOKENS_RETURNED, offset=282125969355 ns
        ON_TOKENS_CALLED, generate 1 tokens, offset=283458899839 ns
        ON_TOKENS_RETURNED, offset=283458950095 ns
        ON_TOKENS_CALLED, generate 1 tokens, offset=284811610780 ns
        ON_TOKENS_RETURNED, offset=284811619374 ns
[15:50:19.033982278|thread 3583002|cpu 204] [info ] KV cache footprint: 47.26 GB in 216 books
[15:50:20.123867387|thread 3583003|cpu 204] [info ] #EVT# SYSTEM_STATS: Sessions: Open=38, Closed=0, Busy=0, Total=0, Abandoned=18, Anomalous=18; Tokens: Prompted=0, Generated=0, AvgInputTPS=-nan, AvgOutputTPS=-nan
[15:50:20.123905802|thread 3583003|cpu 204] [info ] #EVT# Harvester stats: pushes=3281, pops=3281, slabs_alloc=289, slabs_freed=1, largest_slab=64, active_queues=12. TokenStreamEvent size: 48
[15:50:20.123908924|thread 3583003|cpu 204] [info ] #EVT# 905 history events in 38 active handles
[15:50:20.405574982|thread 3583003|cpu 204] [debug] #EVT# HandleDetails::is_anomalous() handle_id=19 time in state STATE_OPENED exceeded threshold: 214800596516 ns
[15:50:20.405584745|thread 3583003|cpu 204] [debug] #EVT#   Handle,    19, Created, 754731367474566, Last, 755021556198844, Prompted,  8191, Generated,    64, Input TPS, 38.14, Output TPS:  0.75, Callbacks,    64, prompt parsing complete, open
[15:50:20.405608897|thread 3583003|cpu 204] [info ] #EVT#   Handle 19 history:
        SESSION_OPEN, prompt 8192 tokens, offset=0 ns
        PROMPT_TOKENS_REUSE, offset=214800585527 ns
        ON_START_CALLED, offset=214800596516 ns
        ON_START_RETURNED, offset=214800640252 ns
        ON_TOKENS_CALLED, generate 1 tokens, offset=214800654940 ns
        ON_TOKENS_RETURNED, offset=214800656112 ns
        ON_TOKENS_CALLED, generate 1 tokens, offset=216172552840 ns
        ON_TOKENS_RETURNED, offset=216172555272 ns
        ON_TOKENS_CALLED, generate 1 tokens, offset=217592104472 ns
        ON_TOKENS_RETURNED, offset=217592105550 ns
        ON_TOKENS_CALLED, generate 1 tokens, offset=218873674075 ns
        ON_TOKENS_RETURNED, offset=218873674929 ns
        ON_TOKENS_CALLED, generate 1 tokens, offset=219735483136 ns
        ON_TOKENS_RETURNED, offset=219735486172 ns
        ON_TOKENS_CALLED, generate 1 tokens, offset=220617311868 ns
        ON_TOKENS_RETURNED, offset=220617314526 ns
        ON_TOKENS_CALLED, generate 1 tokens, offset=221512903119 ns
        ON_TOKENS_RETURNED, offset=221512904560 ns
        ON_TOKENS_CALLED, generate 1 tokens, offset=222421262112 ns
        ON_TOKENS_RETURNED, offset=222421263560 ns
        ON_TOKENS_CALLED, generate 1 tokens, offset=223340700529 ns
        ON_TOKENS_RETURNED, offset=223340704169 ns
        ON_TOKENS_CALLED, generate 1 tokens, offset=224279450750 ns
        ON_TOKENS_RETURNED, offset=224279452127 ns
        ON_TOKENS_CALLED, generate 1 tokens, offset=225237498252 ns
        ON_TOKENS_RETURNED, offset=225237499503 ns
        ON_TOKENS_CALLED, generate 1 tokens, offset=226212451090 ns
        ON_TOKENS_RETURNED, offset=226212454179 ns
        ON_TOKENS_CALLED, generate 1 tokens, offset=227196078568 ns
        ON_TOKENS_RETURNED, offset=227196080820 ns
        ON_TOKENS_CALLED, generate 1 tokens, offset=228203959384 ns
        ON_TOKENS_RETURNED, offset=228203960452 ns
        ON_TOKENS_CALLED, generate 1 tokens, offset=229226734755 ns
        ON_TOKENS_RETURNED, offset=229226736199 ns
        ON_TOKENS_CALLED, generate 1 tokens, offset=230283464011 ns
        ON_TOKENS_RETURNED, offset=230283465526 ns
        ON_TOKENS_CALLED, generate 1 tokens, offset=231345580763 ns
        ON_TOKENS_RETURNED, offset=231345584926 ns
        ON_TOKENS_CALLED, generate 1 tokens, offset=232447178605 ns
        ON_TOKENS_RETURNED, offset=232447180041 ns
        ON_TOKENS_CALLED, generate 1 tokens, offset=233560055498 ns
        ON_TOKENS_RETURNED, offset=233560057203 ns
        ON_TOKENS_CALLED, generate 1 tokens, offset=234557012871 ns
        ON_TOKENS_RETURNED, offset=234557014963 ns
        ON_TOKENS_CALLED, generate 1 tokens, offset=235576381808 ns
        ON_TOKENS_RETURNED, offset=235576384473 ns
        ON_TOKENS_CALLED, generate 1 tokens, offset=236599932550 ns
        ON_TOKENS_RETURNED, offset=236599933846 ns
        ON_TOKENS_CALLED, generate 1 tokens, offset=237653029927 ns
        ON_TOKENS_RETURNED, offset=237653031824 ns
        ON_TOKENS_CALLED, generate 1 tokens, offset=238720935343 ns
        ON_TOKENS_RETURNED, offset=238720937605 ns
        ON_TOKENS_CALLED, generate 1 tokens, offset=239813299143 ns
        ON_TOKENS_RETURNED, offset=239813301476 ns
        ON_TOKENS_CALLED, generate 1 tokens, offset=240916340324 ns
        ON_TOKENS_RETURNED, offset=240916342114 ns
        ON_TOKENS_CALLED, generate 1 tokens, offset=242047567278 ns
        ON_TOKENS_RETURNED, offset=242047570376 ns
        ON_TOKENS_CALLED, generate 1 tokens, offset=243190153265 ns
        ON_TOKENS_RETURNED, offset=243190154560 ns
        ON_TOKENS_CALLED, generate 1 tokens, offset=244362948496 ns
        ON_TOKENS_RETURNED, offset=244362949960 ns
        ON_TOKENS_CALLED, generate 1 tokens, offset=245541127863 ns
        ON_TOKENS_RETURNED, offset=245541129605 ns
        ON_TOKENS_CALLED, generate 1 tokens, offset=246764467617 ns
        ON_TOKENS_RETURNED, offset=246764469154 ns
        ON_TOKENS_CALLED, generate 1 tokens, offset=247988746021 ns
        ON_TOKENS_RETURNED, offset=247988748121 ns
        ON_TOKENS_CALLED, generate 1 tokens, offset=249252370229 ns
        ON_TOKENS_RETURNED, offset=249252374020 ns
        ON_TOKENS_CALLED, generate 1 tokens, offset=250519545464 ns
        ON_TOKENS_RETURNED, offset=250519546729 ns
        ON_TOKENS_CALLED, generate 1 tokens, offset=251819500449 ns
        ON_TOKENS_RETURNED, offset=251819501764 ns
        ON_TOKENS_CALLED, generate 1 tokens, offset=253115587783 ns
        ON_TOKENS_RETURNED, offset=253115588911 ns
        ON_TOKENS_CALLED, generate 1 tokens, offset=254294235492 ns
        ON_TOKENS_RETURNED, offset=254294236952 ns
        ON_TOKENS_CALLED, generate 1 tokens, offset=255499158369 ns
        ON_TOKENS_RETURNED, offset=255499161211 ns
        ON_TOKENS_CALLED, generate 1 tokens, offset=256722280017 ns
        ON_TOKENS_RETURNED, offset=256722281356 ns
        ON_TOKENS_CALLED, generate 1 tokens, offset=257971785617 ns
        ON_TOKENS_RETURNED, offset=257971787388 ns
        ON_TOKENS_CALLED, generate 1 tokens, offset=259222645285 ns
        ON_TOKENS_RETURNED, offset=259222647148 ns
        ON_TOKENS_CALLED, generate 1 tokens, offset=260507958167 ns
        ON_TOKENS_RETURNED, offset=260507959381 ns
        ON_TOKENS_CALLED, generate 1 tokens, offset=261807557702 ns
        ON_TOKENS_RETURNED, offset=261807559629 ns
        ON_TOKENS_CALLED, generate 1 tokens, offset=263132240705 ns
        ON_TOKENS_RETURNED, offset=263132242133 ns
        ON_TOKENS_CALLED, generate 1 tokens, offset=264458920924 ns
        ON_TOKENS_RETURNED, offset=264458923315 ns
        ON_TOKENS_CALLED, generate 1 tokens, offset=265832714479 ns
        ON_TOKENS_RETURNED, offset=265832715868 ns
        ON_TOKENS_CALLED, generate 1 tokens, offset=267220593815 ns
        ON_TOKENS_RETURNED, offset=267220595512 ns
        ON_TOKENS_CALLED, generate 1 tokens, offset=268635373312 ns
        ON_TOKENS_RETURNED, offset=268635374355 ns
        ON_TOKENS_CALLED, generate 1 tokens, offset=269894325117 ns
        ON_TOKENS_RETURNED, offset=269894326289 ns
        ON_TOKENS_CALLED, generate 1 tokens, offset=271213544578 ns
        ON_TOKENS_RETURNED, offset=271213546209 ns
        ON_TOKENS_CALLED, generate 1 tokens, offset=272538033207 ns
        ON_TOKENS_RETURNED, offset=272538037129 ns
        ON_TOKENS_CALLED, generate 1 tokens, offset=273895603979 ns
        ON_TOKENS_RETURNED, offset=273895605279 ns
        ON_TOKENS_CALLED, generate 1 tokens, offset=275224616105 ns
        ON_TOKENS_RETURNED, offset=275224617685 ns
        ON_TOKENS_CALLED, generate 1 tokens, offset=276599315377 ns
        ON_TOKENS_RETURNED, offset=276599316891 ns
        ON_TOKENS_CALLED, generate 1 tokens, offset=277979710920 ns
        ON_TOKENS_RETURNED, offset=277979713156 ns
        ON_TOKENS_CALLED, generate 1 tokens, offset=279393873615 ns
        ON_TOKENS_RETURNED, offset=279393874744 ns
        ON_TOKENS_CALLED, generate 1 tokens, offset=280804355976 ns
        ON_TOKENS_RETURNED, offset=280804357665 ns
        ON_TOKENS_CALLED, generate 1 tokens, offset=282125901140 ns
        ON_TOKENS_RETURNED, offset=282125902711 ns
        ON_TOKENS_CALLED, generate 1 tokens, offset=283458818263 ns
        ON_TOKENS_RETURNED, offset=283458821490 ns
        ON_TOKENS_CALLED, generate 1 tokens, offset=284811535205 ns
        ON_TOKENS_RETURNED, offset=284811537653 ns
        ON_TOKENS_CALLED, generate 1 tokens, offset=286154246972 ns
        ON_TOKENS_RETURNED, offset=286154248878 ns
        ON_TOKENS_CALLED, generate 1 tokens, offset=287523619783 ns
        ON_TOKENS_RETURNED, offset=287523622411 ns
        ON_TOKENS_CALLED, generate 1 tokens, offset=288909925633 ns
        ON_TOKENS_RETURNED, offset=288909975514 ns
        ON_TOKENS_CALLED, generate 1 tokens, offset=290188719506 ns
        ON_TOKENS_RETURNED, offset=290188724278 ns
[15:50:22.266678052|thread 3580165|cpu 204] [info ] [Request 34] Parsing the prompt took 302.31286465 s at 27.097755199681014 tokens/s
[15:50:24.348934064|thread 3583003|cpu 204] [debug] #EVT# HandleDetails::is_anomalous() handle_id=36 time in state STATE_OPENED exceeded threshold: 218873461039 ns
[15:50:24.348956396|thread 3583003|cpu 204] [debug] #EVT#   Handle,    36, Created, 754731367682724, Last, 755025406345980, Prompted,  8191, Generated,    64, Input TPS, 37.43, Output TPS:  0.75, Callbacks,    64, prompt parsing complete, open
[15:50:24.348983331|thread 3583003|cpu 204] [info ] #EVT#   Handle 36 history:
        SESSION_OPEN, prompt 8192 tokens, offset=0 ns
        PROMPT_TOKENS_REUSE, offset=218873460069 ns
        ON_START_CALLED, offset=218873461039 ns
        ON_START_RETURNED, offset=218873498748 ns
        ON_TOKENS_CALLED, generate 1 tokens, offset=218873503667 ns
        ON_TOKENS_RETURNED, offset=218873505767 ns
        ON_TOKENS_CALLED, generate 1 tokens, offset=219735281098 ns
        ON_TOKENS_RETURNED, offset=219735283624 ns
        ON_TOKENS_CALLED, generate 1 tokens, offset=220617106287 ns
        ON_TOKENS_RETURNED, offset=220617109409 ns
        ON_TOKENS_CALLED, generate 1 tokens, offset=221512694294 ns
        ON_TOKENS_RETURNED, offset=221512695323 ns
        ON_TOKENS_CALLED, generate 1 tokens, offset=222421059569 ns
        ON_TOKENS_RETURNED, offset=222421061027 ns
        ON_TOKENS_CALLED, generate 1 tokens, offset=223340495626 ns
        ON_TOKENS_RETURNED, offset=223340497005 ns
        ON_TOKENS_CALLED, generate 1 tokens, offset=224279247903 ns
        ON_TOKENS_RETURNED, offset=224279248886 ns
        ON_TOKENS_CALLED, generate 1 tokens, offset=225237300303 ns
        ON_TOKENS_RETURNED, offset=225237301571 ns
        ON_TOKENS_CALLED, generate 1 tokens, offset=226212245937 ns
        ON_TOKENS_RETURNED, offset=226212250464 ns
        ON_TOKENS_CALLED, generate 1 tokens, offset=227195874725 ns
        ON_TOKENS_RETURNED, offset=227195876909 ns
        ON_TOKENS_CALLED, generate 1 tokens, offset=228203750484 ns
        ON_TOKENS_RETURNED, offset=228203751801 ns
        ON_TOKENS_CALLED, generate 1 tokens, offset=229226529575 ns
        ON_TOKENS_RETURNED, offset=229226530697 ns
        ON_TOKENS_CALLED, generate 1 tokens, offset=230283259139 ns
        ON_TOKENS_RETURNED, offset=230283260026 ns
        ON_TOKENS_CALLED, generate 1 tokens, offset=231345381125 ns
        ON_TOKENS_RETURNED, offset=231345383794 ns
        ON_TOKENS_CALLED, generate 1 tokens, offset=232446975745 ns
        ON_TOKENS_RETURNED, offset=232446978200 ns
        ON_TOKENS_CALLED, generate 1 tokens, offset=233559851938 ns
        ON_TOKENS_RETURNED, offset=233559852920 ns
        ON_TOKENS_CALLED, generate 1 tokens, offset=234556808999 ns
        ON_TOKENS_RETURNED, offset=234556813216 ns
        ON_TOKENS_CALLED, generate 1 tokens, offset=235576179657 ns
        ON_TOKENS_RETURNED, offset=235576181121 ns
        ON_TOKENS_CALLED, generate 1 tokens, offset=236599726793 ns
        ON_TOKENS_RETURNED, offset=236599728012 ns
        ON_TOKENS_CALLED, generate 1 tokens, offset=237652827798 ns
        ON_TOKENS_RETURNED, offset=237652829207 ns
        ON_TOKENS_CALLED, generate 1 tokens, offset=238720735203 ns
        ON_TOKENS_RETURNED, offset=238720736534 ns
        ON_TOKENS_CALLED, generate 1 tokens, offset=239813096097 ns
        ON_TOKENS_RETURNED, offset=239813097678 ns
        ON_TOKENS_CALLED, generate 1 tokens, offset=240916136488 ns
        ON_TOKENS_RETURNED, offset=240916137763 ns
        ON_TOKENS_CALLED, generate 1 tokens, offset=242047367471 ns
        ON_TOKENS_RETURNED, offset=242047369813 ns
        ON_TOKENS_CALLED, generate 1 tokens, offset=243189958162 ns
        ON_TOKENS_RETURNED, offset=243189959029 ns
        ON_TOKENS_CALLED, generate 1 tokens, offset=244362740736 ns
        ON_TOKENS_RETURNED, offset=244362741941 ns
        ON_TOKENS_CALLED, generate 1 tokens, offset=245540914281 ns
        ON_TOKENS_RETURNED, offset=245540915215 ns
        ON_TOKENS_CALLED, generate 1 tokens, offset=246764274772 ns
        ON_TOKENS_RETURNED, offset=246764275764 ns
        ON_TOKENS_CALLED, generate 1 tokens, offset=247988539847 ns
        ON_TOKENS_RETURNED, offset=247988541065 ns
        ON_TOKENS_CALLED, generate 1 tokens, offset=249252166761 ns
        ON_TOKENS_RETURNED, offset=249252167822 ns
        ON_TOKENS_CALLED, generate 1 tokens, offset=250519343746 ns
        ON_TOKENS_RETURNED, offset=250519345094 ns
        ON_TOKENS_CALLED, generate 1 tokens, offset=251819295644 ns
        ON_TOKENS_RETURNED, offset=251819296903 ns
        ON_TOKENS_CALLED, generate 1 tokens, offset=253115395591 ns
        ON_TOKENS_RETURNED, offset=253115397055 ns
        ON_TOKENS_CALLED, generate 1 tokens, offset=254294038829 ns
        ON_TOKENS_RETURNED, offset=254294040039 ns
        ON_TOKENS_CALLED, generate 1 tokens, offset=255498957364 ns
        ON_TOKENS_RETURNED, offset=255498959025 ns
        ON_TOKENS_CALLED, generate 1 tokens, offset=256722073920 ns
        ON_TOKENS_RETURNED, offset=256722075086 ns
        ON_TOKENS_CALLED, generate 1 tokens, offset=257971577909 ns
        ON_TOKENS_RETURNED, offset=257971580817 ns
        ON_TOKENS_CALLED, generate 1 tokens, offset=259222442735 ns
        ON_TOKENS_RETURNED, offset=259222445230 ns
        ON_TOKENS_CALLED, generate 1 tokens, offset=260507745697 ns
        ON_TOKENS_RETURNED, offset=260507747619 ns
        ON_TOKENS_CALLED, generate 1 tokens, offset=261807345007 ns
        ON_TOKENS_RETURNED, offset=261807346915 ns
        ON_TOKENS_CALLED, generate 1 tokens, offset=263132042062 ns
        ON_TOKENS_RETURNED, offset=263132043771 ns
        ON_TOKENS_CALLED, generate 1 tokens, offset=264458718551 ns
        ON_TOKENS_RETURNED, offset=264458721101 ns
        ON_TOKENS_CALLED, generate 1 tokens, offset=265832518581 ns
        ON_TOKENS_RETURNED, offset=265832519587 ns
        ON_TOKENS_CALLED, generate 1 tokens, offset=267220388962 ns
        ON_TOKENS_RETURNED, offset=267220390980 ns
        ON_TOKENS_CALLED, generate 1 tokens, offset=268635169718 ns
        ON_TOKENS_RETURNED, offset=268635170903 ns
        ON_TOKENS_CALLED, generate 1 tokens, offset=269894095119 ns
        ON_TOKENS_RETURNED, offset=269894096305 ns
        ON_TOKENS_CALLED, generate 1 tokens, offset=271213344101 ns
        ON_TOKENS_RETURNED, offset=271213345100 ns
        ON_TOKENS_CALLED, generate 1 tokens, offset=272537828370 ns
        ON_TOKENS_RETURNED, offset=272537830367 ns
        ON_TOKENS_CALLED, generate 1 tokens, offset=273895399944 ns
        ON_TOKENS_RETURNED, offset=273895401360 ns
        ON_TOKENS_CALLED, generate 1 tokens, offset=275224408451 ns
        ON_TOKENS_RETURNED, offset=275224411163 ns
        ON_TOKENS_CALLED, generate 1 tokens, offset=276599113077 ns
        ON_TOKENS_RETURNED, offset=276599114567 ns
        ON_TOKENS_CALLED, generate 1 tokens, offset=277979507230 ns
        ON_TOKENS_RETURNED, offset=277979509317 ns
        ON_TOKENS_CALLED, generate 1 tokens, offset=279393671762 ns
        ON_TOKENS_RETURNED, offset=279393673059 ns
        ON_TOKENS_CALLED, generate 1 tokens, offset=280804158718 ns
        ON_TOKENS_RETURNED, offset=280804159844 ns
        ON_TOKENS_CALLED, generate 1 tokens, offset=282125702210 ns
        ON_TOKENS_RETURNED, offset=282125704606 ns
        ON_TOKENS_CALLED, generate 1 tokens, offset=283458619949 ns
        ON_TOKENS_RETURNED, offset=283458621574 ns
        ON_TOKENS_CALLED, generate 1 tokens, offset=284811329670 ns
        ON_TOKENS_RETURNED, offset=284811331022 ns
        ON_TOKENS_CALLED, generate 1 tokens, offset=286154042375 ns
        ON_TOKENS_RETURNED, offset=286154044016 ns
        ON_TOKENS_CALLED, generate 1 tokens, offset=287523414860 ns
        ON_TOKENS_RETURNED, offset=287523416609 ns
        ON_TOKENS_CALLED, generate 1 tokens, offset=288909723389 ns
        ON_TOKENS_RETURNED, offset=288909724322 ns
        ON_TOKENS_CALLED, generate 1 tokens, offset=290188516972 ns
        ON_TOKENS_RETURNED, offset=290188517911 ns
        ON_TOKENS_CALLED, generate 1 tokens, offset=291453888179 ns
        ON_TOKENS_RETURNED, offset=291453889510 ns
        ON_TOKENS_CALLED, generate 1 tokens, offset=292737558441 ns
        ON_TOKENS_RETURNED, offset=292737603412 ns
        ON_TOKENS_CALLED, generate 1 tokens, offset=294038657465 ns
        ON_TOKENS_RETURNED, offset=294038663256 ns
[15:50:24.349003358|thread 3583003|cpu 204] [debug] #EVT# HandleDetails::is_anomalous() handle_id=33 time in state STATE_OPENED exceeded threshold: 218873494577 ns
[15:50:24.349006912|thread 3583003|cpu 204] [debug] #EVT#   Handle,    33, Created, 754731367649074, Last, 755025406351034, Prompted,  8191, Generated,    64, Input TPS, 37.43, Output TPS:  0.75, Callbacks,    64, prompt parsing complete, open
[15:50:24.349022463|thread 3583003|cpu 204] [info ] #EVT#   Handle 33 history:
        SESSION_OPEN, prompt 8192 tokens, offset=0 ns
        PROMPT_TOKENS_REUSE, offset=218873493529 ns
        ON_START_CALLED, offset=218873494577 ns
        ON_START_RETURNED, offset=218873573764 ns
        ON_TOKENS_CALLED, generate 1 tokens, offset=218873578400 ns
        ON_TOKENS_RETURNED, offset=218873579275 ns
        ON_TOKENS_CALLED, generate 1 tokens, offset=219735318992 ns
        ON_TOKENS_RETURNED, offset=219735320154 ns
        ON_TOKENS_CALLED, generate 1 tokens, offset=220617140298 ns
        ON_TOKENS_RETURNED, offset=220617143273 ns
        ON_TOKENS_CALLED, generate 1 tokens, offset=221512723375 ns
        ON_TOKENS_RETURNED, offset=221512724249 ns
        ON_TOKENS_CALLED, generate 1 tokens, offset=222421092554 ns
        ON_TOKENS_RETURNED, offset=222421095207 ns
        ON_TOKENS_CALLED, generate 1 tokens, offset=223340528061 ns
        ON_TOKENS_RETURNED, offset=223340530837 ns
        ON_TOKENS_CALLED, generate 1 tokens, offset=224279278386 ns
        ON_TOKENS_RETURNED, offset=224279279911 ns
        ON_TOKENS_CALLED, generate 1 tokens, offset=225237331619 ns
        ON_TOKENS_RETURNED, offset=225237333147 ns
        ON_TOKENS_CALLED, generate 1 tokens, offset=226212277526 ns
        ON_TOKENS_RETURNED, offset=226212283788 ns
        ON_TOKENS_CALLED, generate 1 tokens, offset=227195907753 ns
        ON_TOKENS_RETURNED, offset=227195910033 ns
        ON_TOKENS_CALLED, generate 1 tokens, offset=228203782526 ns
        ON_TOKENS_RETURNED, offset=228203783516 ns
        ON_TOKENS_CALLED, generate 1 tokens, offset=229226562713 ns
        ON_TOKENS_RETURNED, offset=229226563761 ns
        ON_TOKENS_CALLED, generate 1 tokens, offset=230283291524 ns
        ON_TOKENS_RETURNED, offset=230283292689 ns
        ON_TOKENS_CALLED, generate 1 tokens, offset=231345415251 ns
        ON_TOKENS_RETURNED, offset=231345417091 ns
        ON_TOKENS_CALLED, generate 1 tokens, offset=232447008441 ns
        ON_TOKENS_RETURNED, offset=232447011635 ns
        ON_TOKENS_CALLED, generate 1 tokens, offset=233559883987 ns
        ON_TOKENS_RETURNED, offset=233559885065 ns
        ON_TOKENS_CALLED, generate 1 tokens, offset=234556841794 ns
        ON_TOKENS_RETURNED, offset=234556847474 ns
        ON_TOKENS_CALLED, generate 1 tokens, offset=235576210949 ns
        ON_TOKENS_RETURNED, offset=235576212292 ns
        ON_TOKENS_CALLED, generate 1 tokens, offset=236599759811 ns
        ON_TOKENS_RETURNED, offset=236599760755 ns
        ON_TOKENS_CALLED, generate 1 tokens, offset=237652856678 ns
        ON_TOKENS_RETURNED, offset=237652857780 ns
        ON_TOKENS_CALLED, generate 1 tokens, offset=238720764144 ns
        ON_TOKENS_RETURNED, offset=238720766657 ns
        ON_TOKENS_CALLED, generate 1 tokens, offset=239813128381 ns
        ON_TOKENS_RETURNED, offset=239813129462 ns
        ON_TOKENS_CALLED, generate 1 tokens, offset=240916168880 ns
        ON_TOKENS_RETURNED, offset=240916169918 ns
        ON_TOKENS_CALLED, generate 1 tokens, offset=242047401041 ns
        ON_TOKENS_RETURNED, offset=242047403262 ns
        ON_TOKENS_CALLED, generate 1 tokens, offset=243189995712 ns
        ON_TOKENS_RETURNED, offset=243189996669 ns
        ON_TOKENS_CALLED, generate 1 tokens, offset=244362777026 ns
        ON_TOKENS_RETURNED, offset=244362777722 ns
        ON_TOKENS_CALLED, generate 1 tokens, offset=245540952445 ns
        ON_TOKENS_RETURNED, offset=245540954217 ns
        ON_TOKENS_CALLED, generate 1 tokens, offset=246764304486 ns
        ON_TOKENS_RETURNED, offset=246764305650 ns
        ON_TOKENS_CALLED, generate 1 tokens, offset=247988569783 ns
        ON_TOKENS_RETURNED, offset=247988572654 ns
        ON_TOKENS_CALLED, generate 1 tokens, offset=249252199100 ns
        ON_TOKENS_RETURNED, offset=249252200686 ns
        ON_TOKENS_CALLED, generate 1 tokens, offset=250519374117 ns
        ON_TOKENS_RETURNED, offset=250519375097 ns
        ON_TOKENS_CALLED, generate 1 tokens, offset=251819327170 ns
        ON_TOKENS_RETURNED, offset=251819328486 ns
        ON_TOKENS_CALLED, generate 1 tokens, offset=253115420328 ns
        ON_TOKENS_RETURNED, offset=253115422113 ns
        ON_TOKENS_CALLED, generate 1 tokens, offset=254294066478 ns
        ON_TOKENS_RETURNED, offset=254294068116 ns
        ON_TOKENS_CALLED, generate 1 tokens, offset=255498987692 ns
        ON_TOKENS_RETURNED, offset=255498990335 ns
        ON_TOKENS_CALLED, generate 1 tokens, offset=256722106193 ns
        ON_TOKENS_RETURNED, offset=256722107461 ns
        ON_TOKENS_CALLED, generate 1 tokens, offset=257971610909 ns
        ON_TOKENS_RETURNED, offset=257971614370 ns
        ON_TOKENS_CALLED, generate 1 tokens, offset=259222476913 ns
        ON_TOKENS_RETURNED, offset=259222479155 ns
        ON_TOKENS_CALLED, generate 1 tokens, offset=260507782159 ns
        ON_TOKENS_RETURNED, offset=260507785006 ns
        ON_TOKENS_CALLED, generate 1 tokens, offset=261807380232 ns
        ON_TOKENS_RETURNED, offset=261807381474 ns
        ON_TOKENS_CALLED, generate 1 tokens, offset=263132070746 ns
        ON_TOKENS_RETURNED, offset=263132071598 ns
        ON_TOKENS_CALLED, generate 1 tokens, offset=264458752289 ns
        ON_TOKENS_RETURNED, offset=264458754135 ns
        ON_TOKENS_CALLED, generate 1 tokens, offset=265832545894 ns
        ON_TOKENS_RETURNED, offset=265832546628 ns
        ON_TOKENS_CALLED, generate 1 tokens, offset=267220422248 ns
        ON_TOKENS_RETURNED, offset=267220423873 ns
        ON_TOKENS_CALLED, generate 1 tokens, offset=268635208821 ns
        ON_TOKENS_RETURNED, offset=268635210528 ns
        ON_TOKENS_CALLED, generate 1 tokens, offset=269894125808 ns
        ON_TOKENS_RETURNED, offset=269894128806 ns
        ON_TOKENS_CALLED, generate 1 tokens, offset=271213373270 ns
        ON_TOKENS_RETURNED, offset=271213374574 ns
        ON_TOKENS_CALLED, generate 1 tokens, offset=272537860998 ns
        ON_TOKENS_RETURNED, offset=272537862298 ns
        ON_TOKENS_CALLED, generate 1 tokens, offset=273895431274 ns
        ON_TOKENS_RETURNED, offset=273895434602 ns
        ON_TOKENS_CALLED, generate 1 tokens, offset=275224438881 ns
        ON_TOKENS_RETURNED, offset=275224442473 ns
        ON_TOKENS_CALLED, generate 1 tokens, offset=276599144863 ns
        ON_TOKENS_RETURNED, offset=276599145919 ns
        ON_TOKENS_CALLED, generate 1 tokens, offset=277979539085 ns
        ON_TOKENS_RETURNED, offset=277979540756 ns
        ON_TOKENS_CALLED, generate 1 tokens, offset=279393702733 ns
        ON_TOKENS_RETURNED, offset=279393704186 ns
        ON_TOKENS_CALLED, generate 1 tokens, offset=280804189151 ns
        ON_TOKENS_RETURNED, offset=280804190486 ns
        ON_TOKENS_CALLED, generate 1 tokens, offset=282125731243 ns
        ON_TOKENS_RETURNED, offset=282125733681 ns
        ON_TOKENS_CALLED, generate 1 tokens, offset=283458644908 ns
        ON_TOKENS_RETURNED, offset=283458647136 ns
        ON_TOKENS_CALLED, generate 1 tokens, offset=284811362065 ns
        ON_TOKENS_RETURNED, offset=284811363607 ns
        ON_TOKENS_CALLED, generate 1 tokens, offset=286154074796 ns
        ON_TOKENS_RETURNED, offset=286154077755 ns
        ON_TOKENS_CALLED, generate 1 tokens, offset=287523448175 ns
        ON_TOKENS_RETURNED, offset=287523449125 ns
        ON_TOKENS_CALLED, generate 1 tokens, offset=288909754096 ns
        ON_TOKENS_RETURNED, offset=288909756264 ns
        ON_TOKENS_CALLED, generate 1 tokens, offset=290188547644 ns
        ON_TOKENS_RETURNED, offset=290188549630 ns
        ON_TOKENS_CALLED, generate 1 tokens, offset=291453921094 ns
        ON_TOKENS_RETURNED, offset=291453923132 ns
        ON_TOKENS_CALLED, generate 1 tokens, offset=292737591642 ns
        ON_TOKENS_RETURNED, offset=292737661467 ns
        ON_TOKENS_CALLED, generate 1 tokens, offset=294038696862 ns
        ON_TOKENS_RETURNED, offset=294038701960 ns
[15:50:24.349033760|thread 3583003|cpu 204] [debug] #EVT# HandleDetails::is_anomalous() handle_id=24 time in state STATE_OPENED exceeded threshold: 218873610624 ns
[15:50:24.349035591|thread 3583003|cpu 204] [debug] #EVT#   Handle,    24, Created, 754731367530849, Last, 755025406343435, Prompted,  8191, Generated,    64, Input TPS, 37.43, Output TPS:  0.75, Callbacks,    64, prompt parsing complete, open
[15:50:24.349050249|thread 3583003|cpu 204] [info ] #EVT#   Handle 24 history:
        SESSION_OPEN, prompt 8192 tokens, offset=0 ns
        PROMPT_TOKENS_REUSE, offset=218873608836 ns
        ON_START_CALLED, offset=218873610624 ns
        ON_START_RETURNED, offset=218873671398 ns
        ON_TOKENS_CALLED, generate 1 tokens, offset=218873675791 ns
        ON_TOKENS_RETURNED, offset=218873676655 ns
        ON_TOKENS_CALLED, generate 1 tokens, offset=219735435089 ns
        ON_TOKENS_RETURNED, offset=219735437811 ns
        ON_TOKENS_CALLED, generate 1 tokens, offset=220617256975 ns
        ON_TOKENS_RETURNED, offset=220617260444 ns
        ON_TOKENS_CALLED, generate 1 tokens, offset=221512839656 ns
        ON_TOKENS_RETURNED, offset=221512840816 ns
        ON_TOKENS_CALLED, generate 1 tokens, offset=222421207575 ns
        ON_TOKENS_RETURNED, offset=222421210889 ns
        ON_TOKENS_CALLED, generate 1 tokens, offset=223340644715 ns
        ON_TOKENS_RETURNED, offset=223340646181 ns
        ON_TOKENS_CALLED, generate 1 tokens, offset=224279396046 ns
        ON_TOKENS_RETURNED, offset=224279397673 ns
        ON_TOKENS_CALLED, generate 1 tokens, offset=225237443624 ns
        ON_TOKENS_RETURNED, offset=225237446245 ns
        ON_TOKENS_CALLED, generate 1 tokens, offset=226212395492 ns
        ON_TOKENS_RETURNED, offset=226212401784 ns
        ON_TOKENS_CALLED, generate 1 tokens, offset=227196022484 ns
        ON_TOKENS_RETURNED, offset=227196025396 ns
        ON_TOKENS_CALLED, generate 1 tokens, offset=228203901375 ns
        ON_TOKENS_RETURNED, offset=228203902632 ns
        ON_TOKENS_CALLED, generate 1 tokens, offset=229226679059 ns
        ON_TOKENS_RETURNED, offset=229226681183 ns
        ON_TOKENS_CALLED, generate 1 tokens, offset=230283410015 ns
        ON_TOKENS_RETURNED, offset=230283411744 ns
        ON_TOKENS_CALLED, generate 1 tokens, offset=231345528772 ns
        ON_TOKENS_RETURNED, offset=231345530266 ns
        ON_TOKENS_CALLED, generate 1 tokens, offset=232447125369 ns
        ON_TOKENS_RETURNED, offset=232447127589 ns
        ON_TOKENS_CALLED, generate 1 tokens, offset=233560000850 ns
        ON_TOKENS_RETURNED, offset=233560004221 ns
        ON_TOKENS_CALLED, generate 1 tokens, offset=234556958554 ns
        ON_TOKENS_RETURNED, offset=234556962966 ns
        ON_TOKENS_CALLED, generate 1 tokens, offset=235576328783 ns
        ON_TOKENS_RETURNED, offset=235576330342 ns
        ON_TOKENS_CALLED, generate 1 tokens, offset=236599876558 ns
        ON_TOKENS_RETURNED, offset=236599877667 ns
        ON_TOKENS_CALLED, generate 1 tokens, offset=237652971433 ns
        ON_TOKENS_RETURNED, offset=237652973427 ns
        ON_TOKENS_CALLED, generate 1 tokens, offset=238720886507 ns
        ON_TOKENS_RETURNED, offset=238720889107 ns
        ON_TOKENS_CALLED, generate 1 tokens, offset=239813245709 ns
        ON_TOKENS_RETURNED, offset=239813246870 ns
        ON_TOKENS_CALLED, generate 1 tokens, offset=240916285281 ns
        ON_TOKENS_RETURNED, offset=240916286972 ns
        ON_TOKENS_CALLED, generate 1 tokens, offset=242047515028 ns
        ON_TOKENS_RETURNED, offset=242047516321 ns
        ON_TOKENS_CALLED, generate 1 tokens, offset=243190098844 ns
        ON_TOKENS_RETURNED, offset=243190100742 ns
        ON_TOKENS_CALLED, generate 1 tokens, offset=244362885900 ns
        ON_TOKENS_RETURNED, offset=244362888361 ns
        ON_TOKENS_CALLED, generate 1 tokens, offset=245541069629 ns
        ON_TOKENS_RETURNED, offset=245541072832 ns
        ON_TOKENS_CALLED, generate 1 tokens, offset=246764414069 ns
        ON_TOKENS_RETURNED, offset=246764416294 ns
        ON_TOKENS_CALLED, generate 1 tokens, offset=247988688923 ns
        ON_TOKENS_RETURNED, offset=247988691542 ns
        ON_TOKENS_CALLED, generate 1 tokens, offset=249252316891 ns
        ON_TOKENS_RETURNED, offset=249252318543 ns
        ON_TOKENS_CALLED, generate 1 tokens, offset=250519491353 ns
        ON_TOKENS_RETURNED, offset=250519492768 ns
        ON_TOKENS_CALLED, generate 1 tokens, offset=251819449661 ns
        ON_TOKENS_RETURNED, offset=251819450570 ns
        ON_TOKENS_CALLED, generate 1 tokens, offset=253115542952 ns
        ON_TOKENS_RETURNED, offset=253115545737 ns
        ON_TOKENS_CALLED, generate 1 tokens, offset=254294182154 ns
        ON_TOKENS_RETURNED, offset=254294183361 ns
        ON_TOKENS_CALLED, generate 1 tokens, offset=255499105111 ns
        ON_TOKENS_RETURNED, offset=255499107155 ns
        ON_TOKENS_CALLED, generate 1 tokens, offset=256722222076 ns
        ON_TOKENS_RETURNED, offset=256722223245 ns
        ON_TOKENS_CALLED, generate 1 tokens, offset=257971726718 ns
        ON_TOKENS_RETURNED, offset=257971729050 ns
        ON_TOKENS_CALLED, generate 1 tokens, offset=259222595447 ns
        ON_TOKENS_RETURNED, offset=259222596708 ns
        ON_TOKENS_CALLED, generate 1 tokens, offset=260507896248 ns
        ON_TOKENS_RETURNED, offset=260507897282 ns
        ON_TOKENS_CALLED, generate 1 tokens, offset=261807496202 ns
        ON_TOKENS_RETURNED, offset=261807497475 ns
        ON_TOKENS_CALLED, generate 1 tokens, offset=263132186788 ns
        ON_TOKENS_RETURNED, offset=263132187819 ns
        ON_TOKENS_CALLED, generate 1 tokens, offset=264458866075 ns
        ON_TOKENS_RETURNED, offset=264458868068 ns
        ON_TOKENS_CALLED, generate 1 tokens, offset=265832657760 ns
        ON_TOKENS_RETURNED, offset=265832659892 ns
        ON_TOKENS_CALLED, generate 1 tokens, offset=267220537445 ns
        ON_TOKENS_RETURNED, offset=267220539565 ns
        ON_TOKENS_CALLED, generate 1 tokens, offset=268635323597 ns
        ON_TOKENS_RETURNED, offset=268635325057 ns
        ON_TOKENS_CALLED, generate 1 tokens, offset=269894236767 ns
        ON_TOKENS_RETURNED, offset=269894237723 ns
        ON_TOKENS_CALLED, generate 1 tokens, offset=271213490107 ns
        ON_TOKENS_RETURNED, offset=271213491701 ns
        ON_TOKENS_CALLED, generate 1 tokens, offset=272537977056 ns
        ON_TOKENS_RETURNED, offset=272537979995 ns
        ON_TOKENS_CALLED, generate 1 tokens, offset=273895547786 ns
        ON_TOKENS_RETURNED, offset=273895549175 ns
        ON_TOKENS_CALLED, generate 1 tokens, offset=275224562280 ns
        ON_TOKENS_RETURNED, offset=275224563364 ns
        ON_TOKENS_CALLED, generate 1 tokens, offset=276599258155 ns
        ON_TOKENS_RETURNED, offset=276599259718 ns
        ON_TOKENS_CALLED, generate 1 tokens, offset=277979656046 ns
        ON_TOKENS_RETURNED, offset=277979658754 ns
        ON_TOKENS_CALLED, generate 1 tokens, offset=279393821433 ns
        ON_TOKENS_RETURNED, offset=279393822585 ns
        ON_TOKENS_CALLED, generate 1 tokens, offset=280804301832 ns
        ON_TOKENS_RETURNED, offset=280804304008 ns
        ON_TOKENS_CALLED, generate 1 tokens, offset=282125852456 ns
        ON_TOKENS_RETURNED, offset=282125854393 ns
        ON_TOKENS_CALLED, generate 1 tokens, offset=283458764389 ns
        ON_TOKENS_RETURNED, offset=283458766369 ns
        ON_TOKENS_CALLED, generate 1 tokens, offset=284811480387 ns
        ON_TOKENS_RETURNED, offset=284811482431 ns
        ON_TOKENS_CALLED, generate 1 tokens, offset=286154201080 ns
        ON_TOKENS_RETURNED, offset=286154202431 ns
        ON_TOKENS_CALLED, generate 1 tokens, offset=287523563415 ns
        ON_TOKENS_RETURNED, offset=287523565895 ns
        ON_TOKENS_CALLED, generate 1 tokens, offset=288909873016 ns
        ON_TOKENS_RETURNED, offset=288909874935 ns
        ON_TOKENS_CALLED, generate 1 tokens, offset=290188664228 ns
        ON_TOKENS_RETURNED, offset=290188665641 ns
        ON_TOKENS_CALLED, generate 1 tokens, offset=291454034726 ns
        ON_TOKENS_RETURNED, offset=291454036882 ns
        ON_TOKENS_CALLED, generate 1 tokens, offset=292737717836 ns
        ON_TOKENS_RETURNED, offset=292737790245 ns
        ON_TOKENS_CALLED, generate 1 tokens, offset=294038807746 ns
        ON_TOKENS_RETURNED, offset=294038812586 ns
[15:50:28.476239409|thread 3580155|cpu 204] [info ] [Request 38] Generating 61 response tokens with 8193 context took 73.965585 s at 0.825 average tok/s, or 1212.551 ms/tok
[15:50:28.476262793|thread 3580155|cpu 204] [info ] [Request 38] Request with 8192 tokens in and 64 out (sequence limit) saw 233.559832 s TTFT and 308.522373 s TTLT
[15:50:30.671686632|thread 3583002|cpu 204] [info ] KV cache footprint: 48.36 GB in 221 books
[15:50:35.280282673|thread 3580165|cpu 204] [info ] [Request 45] Parsing the prompt took 315.326315645 s at 25.9794365187798 tokens/s
[15:50:39.641628511|thread 3583002|cpu 204] [info ] KV cache footprint: 49.46 GB in 226 books
[15:50:39.841261109|thread 3583003|cpu 204] [debug] #EVT# HandleDetails::is_anomalous() handle_id=38 time in state STATE_OPENED exceeded threshold: 233559824888 ns
[15:50:39.841299690|thread 3583003|cpu 204] [debug] #EVT#   Handle,    38, Created, 754731367711659, Last, 755040988043328, Prompted,  8191, Generated,    64, Input TPS, 35.07, Output TPS:  0.74, Callbacks,    64, prompt parsing complete, open
[15:50:39.841338607|thread 3583003|cpu 204] [info ] #EVT#   Handle 38 history:
        SESSION_OPEN, prompt 8192 tokens, offset=0 ns
        PROMPT_TOKENS_REUSE, offset=233559823497 ns
        ON_START_CALLED, offset=233559824888 ns
        ON_START_RETURNED, offset=233559865829 ns
        ON_TOKENS_CALLED, generate 1 tokens, offset=233559872173 ns
        ON_TOKENS_RETURNED, offset=233559874226 ns
        ON_TOKENS_CALLED, generate 1 tokens, offset=234556782258 ns
        ON_TOKENS_RETURNED, offset=234556785234 ns
        ON_TOKENS_CALLED, generate 1 tokens, offset=235576150009 ns
        ON_TOKENS_RETURNED, offset=235576152497 ns
        ON_TOKENS_CALLED, generate 1 tokens, offset=236599703368 ns
        ON_TOKENS_RETURNED, offset=236599704206 ns
        ON_TOKENS_CALLED, generate 1 tokens, offset=237652801355 ns
        ON_TOKENS_RETURNED, offset=237652803800 ns
        ON_TOKENS_CALLED, generate 1 tokens, offset=238720703817 ns
        ON_TOKENS_RETURNED, offset=238720706178 ns
        ON_TOKENS_CALLED, generate 1 tokens, offset=239813068991 ns
        ON_TOKENS_RETURNED, offset=239813069943 ns
        ON_TOKENS_CALLED, generate 1 tokens, offset=240916109204 ns
        ON_TOKENS_RETURNED, offset=240916110270 ns
        ON_TOKENS_CALLED, generate 1 tokens, offset=242047346633 ns
        ON_TOKENS_RETURNED, offset=242047349510 ns
        ON_TOKENS_CALLED, generate 1 tokens, offset=243189923805 ns
        ON_TOKENS_RETURNED, offset=243189924923 ns
        ON_TOKENS_CALLED, generate 1 tokens, offset=244362716510 ns
        ON_TOKENS_RETURNED, offset=244362717875 ns
        ON_TOKENS_CALLED, generate 1 tokens, offset=245540888057 ns
        ON_TOKENS_RETURNED, offset=245540889470 ns
        ON_TOKENS_CALLED, generate 1 tokens, offset=246764242411 ns
        ON_TOKENS_RETURNED, offset=246764243510 ns
        ON_TOKENS_CALLED, generate 1 tokens, offset=247988512706 ns
        ON_TOKENS_RETURNED, offset=247988514595 ns
        ON_TOKENS_CALLED, generate 1 tokens, offset=249252142538 ns
        ON_TOKENS_RETURNED, offset=249252143509 ns
        ON_TOKENS_CALLED, generate 1 tokens, offset=250519315731 ns
        ON_TOKENS_RETURNED, offset=250519316711 ns
        ON_TOKENS_CALLED, generate 1 tokens, offset=251819267876 ns
        ON_TOKENS_RETURNED, offset=251819271573 ns
        ON_TOKENS_CALLED, generate 1 tokens, offset=253115363146 ns
        ON_TOKENS_RETURNED, offset=253115364202 ns
        ON_TOKENS_CALLED, generate 1 tokens, offset=254293998433 ns
        ON_TOKENS_RETURNED, offset=254293999638 ns
        ON_TOKENS_CALLED, generate 1 tokens, offset=255498928954 ns
        ON_TOKENS_RETURNED, offset=255498930655 ns
        ON_TOKENS_CALLED, generate 1 tokens, offset=256722048091 ns
        ON_TOKENS_RETURNED, offset=256722048906 ns
        ON_TOKENS_CALLED, generate 1 tokens, offset=257971551864 ns
        ON_TOKENS_RETURNED, offset=257971553927 ns
        ON_TOKENS_CALLED, generate 1 tokens, offset=259222416028 ns
        ON_TOKENS_RETURNED, offset=259222417298 ns
        ON_TOKENS_CALLED, generate 1 tokens, offset=260507722336 ns
        ON_TOKENS_RETURNED, offset=260507723738 ns
        ON_TOKENS_CALLED, generate 1 tokens, offset=261807319362 ns
        ON_TOKENS_RETURNED, offset=261807320299 ns
        ON_TOKENS_CALLED, generate 1 tokens, offset=263132013355 ns
        ON_TOKENS_RETURNED, offset=263132014223 ns
        ON_TOKENS_CALLED, generate 1 tokens, offset=264458690646 ns
        ON_TOKENS_RETURNED, offset=264458692626 ns
        ON_TOKENS_CALLED, generate 1 tokens, offset=265832482143 ns
        ON_TOKENS_RETURNED, offset=265832484747 ns
        ON_TOKENS_CALLED, generate 1 tokens, offset=267220361585 ns
        ON_TOKENS_RETURNED, offset=267220362399 ns
        ON_TOKENS_CALLED, generate 1 tokens, offset=268635147333 ns
        ON_TOKENS_RETURNED, offset=268635148304 ns
        ON_TOKENS_CALLED, generate 1 tokens, offset=269894066978 ns
        ON_TOKENS_RETURNED, offset=269894069440 ns
        ON_TOKENS_CALLED, generate 1 tokens, offset=271213314116 ns
        ON_TOKENS_RETURNED, offset=271213315267 ns
        ON_TOKENS_CALLED, generate 1 tokens, offset=272537803583 ns
        ON_TOKENS_RETURNED, offset=272537806926 ns
        ON_TOKENS_CALLED, generate 1 tokens, offset=273895371683 ns
        ON_TOKENS_RETURNED, offset=273895372333 ns
        ON_TOKENS_CALLED, generate 1 tokens, offset=275224383528 ns
        ON_TOKENS_RETURNED, offset=275224384686 ns
        ON_TOKENS_CALLED, generate 1 tokens, offset=276599079992 ns
        ON_TOKENS_RETURNED, offset=276599080922 ns
        ON_TOKENS_CALLED, generate 1 tokens, offset=277979482957 ns
        ON_TOKENS_RETURNED, offset=277979483711 ns
        ON_TOKENS_CALLED, generate 1 tokens, offset=279393643621 ns
        ON_TOKENS_RETURNED, offset=279393644618 ns
        ON_TOKENS_CALLED, generate 1 tokens, offset=280804125580 ns
        ON_TOKENS_RETURNED, offset=280804128283 ns
        ON_TOKENS_CALLED, generate 1 tokens, offset=282125671547 ns
        ON_TOKENS_RETURNED, offset=282125673225 ns
        ON_TOKENS_CALLED, generate 1 tokens, offset=283458586546 ns
        ON_TOKENS_RETURNED, offset=283458588577 ns
        ON_TOKENS_CALLED, generate 1 tokens, offset=284811304430 ns
        ON_TOKENS_RETURNED, offset=284811305141 ns
        ON_TOKENS_CALLED, generate 1 tokens, offset=286154012025 ns
        ON_TOKENS_RETURNED, offset=286154014409 ns
        ON_TOKENS_CALLED, generate 1 tokens, offset=287523389784 ns
        ON_TOKENS_RETURNED, offset=287523390609 ns
        ON_TOKENS_CALLED, generate 1 tokens, offset=288909695400 ns
        ON_TOKENS_RETURNED, offset=288909696974 ns
        ON_TOKENS_CALLED, generate 1 tokens, offset=290188491536 ns
        ON_TOKENS_RETURNED, offset=290188493407 ns
        ON_TOKENS_CALLED, generate 1 tokens, offset=291453861358 ns
        ON_TOKENS_RETURNED, offset=291453862738 ns
        ON_TOKENS_CALLED, generate 1 tokens, offset=292737530567 ns
        ON_TOKENS_RETURNED, offset=292737531571 ns
        ON_TOKENS_CALLED, generate 1 tokens, offset=294038630153 ns
        ON_TOKENS_RETURNED, offset=294038631370 ns
        ON_TOKENS_CALLED, generate 1 tokens, offset=295002601073 ns
        ON_TOKENS_RETURNED, offset=295002602432 ns
        ON_TOKENS_CALLED, generate 1 tokens, offset=295998913249 ns
        ON_TOKENS_RETURNED, offset=295998915148 ns
        ON_TOKENS_CALLED, generate 1 tokens, offset=297010674870 ns
        ON_TOKENS_RETURNED, offset=297010676597 ns
        ON_TOKENS_CALLED, generate 1 tokens, offset=298039682446 ns
        ON_TOKENS_RETURNED, offset=298039685290 ns
        ON_TOKENS_CALLED, generate 1 tokens, offset=299079935894 ns
        ON_TOKENS_RETURNED, offset=299079937427 ns
        ON_TOKENS_CALLED, generate 1 tokens, offset=300139657088 ns
        ON_TOKENS_RETURNED, offset=300139658460 ns
        ON_TOKENS_CALLED, generate 1 tokens, offset=301216590745 ns
        ON_TOKENS_RETURNED, offset=301216592018 ns
        ON_TOKENS_CALLED, generate 1 tokens, offset=302312794647 ns
        ON_TOKENS_RETURNED, offset=302312796379 ns
        ON_TOKENS_CALLED, generate 1 tokens, offset=303297700716 ns
        ON_TOKENS_RETURNED, offset=303297701856 ns
        ON_TOKENS_CALLED, generate 1 tokens, offset=304310696855 ns
        ON_TOKENS_RETURNED, offset=304310698473 ns
        ON_TOKENS_CALLED, generate 1 tokens, offset=305337613498 ns
        ON_TOKENS_RETURNED, offset=305337615514 ns
        ON_TOKENS_CALLED, generate 1 tokens, offset=306382681736 ns
        ON_TOKENS_RETURNED, offset=306382682929 ns
        ON_TOKENS_CALLED, generate 1 tokens, offset=307444081130 ns
        ON_TOKENS_RETURNED, offset=307444082457 ns
        ON_TOKENS_CALLED, generate 1 tokens, offset=308522365388 ns
        ON_TOKENS_RETURNED, offset=308522402126 ns
        ON_TOKENS_CALLED, generate 1 tokens, offset=309620325041 ns
        ON_TOKENS_RETURNED, offset=309620331669 ns
[15:50:48.014690409|thread 3580155|cpu 204] [info ] [Request 41] Generating 61 response tokens with 8193 context took 73.766812 s at 0.827 average tok/s, or 1209.292 ms/tok
[15:50:48.014724626|thread 3580155|cpu 204] [info ] [Request 41] Request with 8192 tokens in and 64 out (sequence limit) saw 253.115324 s TTFT and 328.060790 s TTLT
[15:50:48.014878739|thread 3583002|cpu 204] [info ] KV cache footprint: 50.55 GB in 231 books
[15:50:50.579255516|thread 3580165|cpu 204] [info ] [Request 8] Parsing the prompt took 330.625773556 s at 24.777257719179214 tokens/s
[15:50:59.147491109|thread 3583002|cpu 204] [info ] KV cache footprint: 51.69 GB in 237 books
[15:50:59.558746513|thread 3583003|cpu 204] [debug] #EVT# HandleDetails::is_anomalous() handle_id=41 time in state STATE_OPENED exceeded threshold: 253115317087 ns
[15:50:59.558787533|thread 3583003|cpu 204] [debug] #EVT#   Handle,    41, Created, 754731367746256, Last, 755060713081108, Prompted,  8191, Generated,    64, Input TPS, 32.36, Output TPS:  0.74, Callbacks,    64, prompt parsing complete, open
[15:50:59.558829381|thread 3583003|cpu 204] [info ] #EVT#   Handle 41 history:
        SESSION_OPEN, prompt 8192 tokens, offset=0 ns
        PROMPT_TOKENS_REUSE, offset=253115314395 ns
        ON_START_CALLED, offset=253115317087 ns
        ON_START_RETURNED, offset=253115370411 ns
        ON_TOKENS_CALLED, generate 1 tokens, offset=253115375471 ns
        ON_TOKENS_RETURNED, offset=253115377214 ns
        ON_TOKENS_CALLED, generate 1 tokens, offset=254293970423 ns
        ON_TOKENS_RETURNED, offset=254293973330 ns
        ON_TOKENS_CALLED, generate 1 tokens, offset=255498898339 ns
        ON_TOKENS_RETURNED, offset=255498901199 ns
        ON_TOKENS_CALLED, generate 1 tokens, offset=256722014376 ns
        ON_TOKENS_RETURNED, offset=256722016401 ns
        ON_TOKENS_CALLED, generate 1 tokens, offset=257971519082 ns
        ON_TOKENS_RETURNED, offset=257971522414 ns
        ON_TOKENS_CALLED, generate 1 tokens, offset=259222384593 ns
        ON_TOKENS_RETURNED, offset=259222385679 ns
        ON_TOKENS_CALLED, generate 1 tokens, offset=260507689562 ns
        ON_TOKENS_RETURNED, offset=260507691135 ns
        ON_TOKENS_CALLED, generate 1 tokens, offset=261807285485 ns
        ON_TOKENS_RETURNED, offset=261807287460 ns
        ON_TOKENS_CALLED, generate 1 tokens, offset=263131977120 ns
        ON_TOKENS_RETURNED, offset=263131980980 ns
        ON_TOKENS_CALLED, generate 1 tokens, offset=264458658268 ns
        ON_TOKENS_RETURNED, offset=264458659804 ns
        ON_TOKENS_CALLED, generate 1 tokens, offset=265832449942 ns
        ON_TOKENS_RETURNED, offset=265832451955 ns
        ON_TOKENS_CALLED, generate 1 tokens, offset=267220333308 ns
        ON_TOKENS_RETURNED, offset=267220334453 ns
        ON_TOKENS_CALLED, generate 1 tokens, offset=268635110439 ns
        ON_TOKENS_RETURNED, offset=268635112923 ns
        ON_TOKENS_CALLED, generate 1 tokens, offset=269894032193 ns
        ON_TOKENS_RETURNED, offset=269894033724 ns
        ON_TOKENS_CALLED, generate 1 tokens, offset=271213287820 ns
        ON_TOKENS_RETURNED, offset=271213288996 ns
        ON_TOKENS_CALLED, generate 1 tokens, offset=272537768660 ns
        ON_TOKENS_RETURNED, offset=272537770454 ns
        ON_TOKENS_CALLED, generate 1 tokens, offset=273895341618 ns
        ON_TOKENS_RETURNED, offset=273895345187 ns
        ON_TOKENS_CALLED, generate 1 tokens, offset=275224349142 ns
        ON_TOKENS_RETURNED, offset=275224350190 ns
        ON_TOKENS_CALLED, generate 1 tokens, offset=276599053305 ns
        ON_TOKENS_RETURNED, offset=276599054511 ns
        ON_TOKENS_CALLED, generate 1 tokens, offset=277979446127 ns
        ON_TOKENS_RETURNED, offset=277979448267 ns
        ON_TOKENS_CALLED, generate 1 tokens, offset=279393610059 ns
        ON_TOKENS_RETURNED, offset=279393611886 ns
        ON_TOKENS_CALLED, generate 1 tokens, offset=280804093967 ns
        ON_TOKENS_RETURNED, offset=280804094925 ns
        ON_TOKENS_CALLED, generate 1 tokens, offset=282125637418 ns
        ON_TOKENS_RETURNED, offset=282125640123 ns
        ON_TOKENS_CALLED, generate 1 tokens, offset=283458554970 ns
        ON_TOKENS_RETURNED, offset=283458557027 ns
        ON_TOKENS_CALLED, generate 1 tokens, offset=284811275621 ns
        ON_TOKENS_RETURNED, offset=284811276858 ns
        ON_TOKENS_CALLED, generate 1 tokens, offset=286153982808 ns
        ON_TOKENS_RETURNED, offset=286153983954 ns
        ON_TOKENS_CALLED, generate 1 tokens, offset=287523357034 ns
        ON_TOKENS_RETURNED, offset=287523358802 ns
        ON_TOKENS_CALLED, generate 1 tokens, offset=288909661504 ns
        ON_TOKENS_RETURNED, offset=288909662590 ns
        ON_TOKENS_CALLED, generate 1 tokens, offset=290188454726 ns
        ON_TOKENS_RETURNED, offset=290188456368 ns
        ON_TOKENS_CALLED, generate 1 tokens, offset=291453830267 ns
        ON_TOKENS_RETURNED, offset=291453832029 ns
        ON_TOKENS_CALLED, generate 1 tokens, offset=292737499807 ns
        ON_TOKENS_RETURNED, offset=292737501468 ns
        ON_TOKENS_CALLED, generate 1 tokens, offset=294038597034 ns
        ON_TOKENS_RETURNED, offset=294038598614 ns
        ON_TOKENS_CALLED, generate 1 tokens, offset=295002570557 ns
        ON_TOKENS_RETURNED, offset=295002573439 ns
        ON_TOKENS_CALLED, generate 1 tokens, offset=295998880460 ns
        ON_TOKENS_RETURNED, offset=295998882295 ns
        ON_TOKENS_CALLED, generate 1 tokens, offset=297010638686 ns
        ON_TOKENS_RETURNED, offset=297010642304 ns
        ON_TOKENS_CALLED, generate 1 tokens, offset=298039648557 ns
        ON_TOKENS_RETURNED, offset=298039650476 ns
        ON_TOKENS_CALLED, generate 1 tokens, offset=299079901797 ns
        ON_TOKENS_RETURNED, offset=299079903313 ns
        ON_TOKENS_CALLED, generate 1 tokens, offset=300139632096 ns
        ON_TOKENS_RETURNED, offset=300139633263 ns
        ON_TOKENS_CALLED, generate 1 tokens, offset=301216548149 ns
        ON_TOKENS_RETURNED, offset=301216549521 ns
        ON_TOKENS_CALLED, generate 1 tokens, offset=302312767788 ns
        ON_TOKENS_RETURNED, offset=302312770488 ns
        ON_TOKENS_CALLED, generate 1 tokens, offset=303297662339 ns
        ON_TOKENS_RETURNED, offset=303297665681 ns
        ON_TOKENS_CALLED, generate 1 tokens, offset=304310662522 ns
        ON_TOKENS_RETURNED, offset=304310664502 ns
        ON_TOKENS_CALLED, generate 1 tokens, offset=305337579673 ns
        ON_TOKENS_RETURNED, offset=305337581183 ns
        ON_TOKENS_CALLED, generate 1 tokens, offset=306382645148 ns
        ON_TOKENS_RETURNED, offset=306382646336 ns
        ON_TOKENS_CALLED, generate 1 tokens, offset=307444050584 ns
        ON_TOKENS_RETURNED, offset=307444052978 ns
        ON_TOKENS_CALLED, generate 1 tokens, offset=308522331894 ns
        ON_TOKENS_RETURNED, offset=308522333770 ns
        ON_TOKENS_CALLED, generate 1 tokens, offset=309620302382 ns
        ON_TOKENS_RETURNED, offset=309620303498 ns
        ON_TOKENS_CALLED, generate 1 tokens, offset=310717596438 ns
        ON_TOKENS_RETURNED, offset=310717598634 ns
        ON_TOKENS_CALLED, generate 1 tokens, offset=311829450684 ns
        ON_TOKENS_RETURNED, offset=311829452496 ns
        ON_TOKENS_CALLED, generate 1 tokens, offset=312976959780 ns
        ON_TOKENS_RETURNED, offset=312976962688 ns
        ON_TOKENS_CALLED, generate 1 tokens, offset=314138287997 ns
        ON_TOKENS_RETURNED, offset=314138289954 ns
        ON_TOKENS_CALLED, generate 1 tokens, offset=315326370832 ns
        ON_TOKENS_RETURNED, offset=315326372036 ns
        ON_TOKENS_CALLED, generate 1 tokens, offset=316381437244 ns
        ON_TOKENS_RETURNED, offset=316381438302 ns
        ON_TOKENS_CALLED, generate 1 tokens, offset=317470017421 ns
        ON_TOKENS_RETURNED, offset=317470020432 ns
        ON_TOKENS_CALLED, generate 1 tokens, offset=318568921369 ns
        ON_TOKENS_RETURNED, offset=318568922450 ns
        ON_TOKENS_CALLED, generate 1 tokens, offset=319687523343 ns
        ON_TOKENS_RETURNED, offset=319687526054 ns
        ON_TOKENS_CALLED, generate 1 tokens, offset=320825613241 ns
        ON_TOKENS_RETURNED, offset=320825616331 ns
        ON_TOKENS_CALLED, generate 1 tokens, offset=321986379730 ns
        ON_TOKENS_RETURNED, offset=321986381537 ns
        ON_TOKENS_CALLED, generate 1 tokens, offset=323157062215 ns
        ON_TOKENS_RETURNED, offset=323157063525 ns
        ON_TOKENS_CALLED, generate 1 tokens, offset=324355339253 ns
        ON_TOKENS_RETURNED, offset=324355341089 ns
        ON_TOKENS_CALLED, generate 1 tokens, offset=325563324172 ns
        ON_TOKENS_RETURNED, offset=325563325625 ns
        ON_TOKENS_CALLED, generate 1 tokens, offset=326803890734 ns
        ON_TOKENS_RETURNED, offset=326803891679 ns
        ON_TOKENS_CALLED, generate 1 tokens, offset=328060783347 ns
        ON_TOKENS_RETURNED, offset=328060830285 ns
        ON_TOKENS_CALLED, generate 1 tokens, offset=329345327580 ns
        ON_TOKENS_RETURNED, offset=329345334852 ns
[15:51:03.119909308|thread 3580155|cpu 204] [info ] [Request 48] Generating 61 response tokens with 8193 context took 73.271969 s at 0.833 average tok/s, or 1201.180 ms/tok
[15:51:03.119942100|thread 3580155|cpu 204] [info ] [Request 48] Request with 8192 tokens in and 64 out (sequence limit) saw 268.634943 s TTFT and 343.165833 s TTLT
[15:51:04.493112432|thread 3580167|cpu 204] [info ] [Request 54] Parsing the prompt took 344.535655971 s at 23.77692949344416 tokens/s
[15:51:06.984895807|thread 3583002|cpu 204] [info ] KV cache footprint: 52.79 GB in 242 books
[15:51:14.769505431|thread 3583003|cpu 204] [debug] #EVT# HandleDetails::is_anomalous() handle_id=48 time in state STATE_OPENED exceeded threshold: 268634927064 ns
[15:51:14.769568028|thread 3583003|cpu 204] [debug] #EVT#   Handle,    48, Created, 754731367931964, Last, 755075906936730, Prompted,  8191, Generated,    64, Input TPS, 30.49, Output TPS:  0.74, Callbacks,    64, prompt parsing complete, open
[15:51:14.769615807|thread 3583003|cpu 204] [info ] #EVT#   Handle 48 history:
        SESSION_OPEN, prompt 8192 tokens, offset=0 ns
        PROMPT_TOKENS_REUSE, offset=268634925621 ns
        ON_START_CALLED, offset=268634927064 ns
        ON_START_RETURNED, offset=268634980408 ns
        ON_TOKENS_CALLED, generate 1 tokens, offset=268634985889 ns
        ON_TOKENS_RETURNED, offset=268634987761 ns
        ON_TOKENS_CALLED, generate 1 tokens, offset=269893846665 ns
        ON_TOKENS_RETURNED, offset=269893849622 ns
        ON_TOKENS_CALLED, generate 1 tokens, offset=271213097820 ns
        ON_TOKENS_RETURNED, offset=271213101180 ns
        ON_TOKENS_CALLED, generate 1 tokens, offset=272537581217 ns
        ON_TOKENS_RETURNED, offset=272537584066 ns
        ON_TOKENS_CALLED, generate 1 tokens, offset=273895154024 ns
        ON_TOKENS_RETURNED, offset=273895157367 ns
        ON_TOKENS_CALLED, generate 1 tokens, offset=275224164723 ns
        ON_TOKENS_RETURNED, offset=275224166752 ns
        ON_TOKENS_CALLED, generate 1 tokens, offset=276598865514 ns
        ON_TOKENS_RETURNED, offset=276598866759 ns
        ON_TOKENS_CALLED, generate 1 tokens, offset=277979263951 ns
        ON_TOKENS_RETURNED, offset=277979265799 ns
        ON_TOKENS_CALLED, generate 1 tokens, offset=279393426082 ns
        ON_TOKENS_RETURNED, offset=279393427538 ns
        ON_TOKENS_CALLED, generate 1 tokens, offset=280803927806 ns
        ON_TOKENS_RETURNED, offset=280803929480 ns
        ON_TOKENS_CALLED, generate 1 tokens, offset=282125446038 ns
        ON_TOKENS_RETURNED, offset=282125448599 ns
        ON_TOKENS_CALLED, generate 1 tokens, offset=283458369936 ns
        ON_TOKENS_RETURNED, offset=283458372436 ns
        ON_TOKENS_CALLED, generate 1 tokens, offset=284811086639 ns
        ON_TOKENS_RETURNED, offset=284811089257 ns
        ON_TOKENS_CALLED, generate 1 tokens, offset=286153796368 ns
        ON_TOKENS_RETURNED, offset=286153797815 ns
        ON_TOKENS_CALLED, generate 1 tokens, offset=287523171883 ns
        ON_TOKENS_RETURNED, offset=287523173924 ns
        ON_TOKENS_CALLED, generate 1 tokens, offset=288909477075 ns
        ON_TOKENS_RETURNED, offset=288909480159 ns
        ON_TOKENS_CALLED, generate 1 tokens, offset=290188269939 ns
        ON_TOKENS_RETURNED, offset=290188274291 ns
        ON_TOKENS_CALLED, generate 1 tokens, offset=291453645678 ns
        ON_TOKENS_RETURNED, offset=291453647299 ns
        ON_TOKENS_CALLED, generate 1 tokens, offset=292737313960 ns
        ON_TOKENS_RETURNED, offset=292737317007 ns
        ON_TOKENS_CALLED, generate 1 tokens, offset=294038414308 ns
        ON_TOKENS_RETURNED, offset=294038415337 ns
        ON_TOKENS_CALLED, generate 1 tokens, offset=295002380861 ns
        ON_TOKENS_RETURNED, offset=295002382464 ns
        ON_TOKENS_CALLED, generate 1 tokens, offset=295998694665 ns
        ON_TOKENS_RETURNED, offset=295998695926 ns
        ON_TOKENS_CALLED, generate 1 tokens, offset=297010456867 ns
        ON_TOKENS_RETURNED, offset=297010458568 ns
        ON_TOKENS_CALLED, generate 1 tokens, offset=298039466847 ns
        ON_TOKENS_RETURNED, offset=298039468951 ns
        ON_TOKENS_CALLED, generate 1 tokens, offset=299079718241 ns
        ON_TOKENS_RETURNED, offset=299079719529 ns
        ON_TOKENS_CALLED, generate 1 tokens, offset=300139439253 ns
        ON_TOKENS_RETURNED, offset=300139440625 ns
        ON_TOKENS_CALLED, generate 1 tokens, offset=301216363946 ns
        ON_TOKENS_RETURNED, offset=301216365143 ns
        ON_TOKENS_CALLED, generate 1 tokens, offset=302312587148 ns
        ON_TOKENS_RETURNED, offset=302312588824 ns
        ON_TOKENS_CALLED, generate 1 tokens, offset=303297477590 ns
        ON_TOKENS_RETURNED, offset=303297480501 ns
        ON_TOKENS_CALLED, generate 1 tokens, offset=304310487298 ns
        ON_TOKENS_RETURNED, offset=304310488915 ns
        ON_TOKENS_CALLED, generate 1 tokens, offset=305337394104 ns
        ON_TOKENS_RETURNED, offset=305337395741 ns
        ON_TOKENS_CALLED, generate 1 tokens, offset=306382457867 ns
        ON_TOKENS_RETURNED, offset=306382459675 ns
        ON_TOKENS_CALLED, generate 1 tokens, offset=307443869845 ns
        ON_TOKENS_RETURNED, offset=307443872044 ns
        ON_TOKENS_CALLED, generate 1 tokens, offset=308522148442 ns
        ON_TOKENS_RETURNED, offset=308522149678 ns
        ON_TOKENS_CALLED, generate 1 tokens, offset=309620120347 ns
        ON_TOKENS_RETURNED, offset=309620121545 ns
        ON_TOKENS_CALLED, generate 1 tokens, offset=310717403729 ns
        ON_TOKENS_RETURNED, offset=310717405814 ns
        ON_TOKENS_CALLED, generate 1 tokens, offset=311829263221 ns
        ON_TOKENS_RETURNED, offset=311829265064 ns
        ON_TOKENS_CALLED, generate 1 tokens, offset=312976770199 ns
        ON_TOKENS_RETURNED, offset=312976772182 ns
        ON_TOKENS_CALLED, generate 1 tokens, offset=314138102382 ns
        ON_TOKENS_RETURNED, offset=314138103933 ns
        ON_TOKENS_CALLED, generate 1 tokens, offset=315326185793 ns
        ON_TOKENS_RETURNED, offset=315326188632 ns
        ON_TOKENS_CALLED, generate 1 tokens, offset=316381248180 ns
        ON_TOKENS_RETURNED, offset=316381251264 ns
        ON_TOKENS_CALLED, generate 1 tokens, offset=317469832706 ns
        ON_TOKENS_RETURNED, offset=317469835896 ns
        ON_TOKENS_CALLED, generate 1 tokens, offset=318568730866 ns
        ON_TOKENS_RETURNED, offset=318568733033 ns
        ON_TOKENS_CALLED, generate 1 tokens, offset=319687336959 ns
        ON_TOKENS_RETURNED, offset=319687338043 ns
        ON_TOKENS_CALLED, generate 1 tokens, offset=320825434465 ns
        ON_TOKENS_RETURNED, offset=320825437063 ns
        ON_TOKENS_CALLED, generate 1 tokens, offset=321986198080 ns
        ON_TOKENS_RETURNED, offset=321986200319 ns
        ON_TOKENS_CALLED, generate 1 tokens, offset=323156879701 ns
        ON_TOKENS_RETURNED, offset=323156883430 ns
        ON_TOKENS_CALLED, generate 1 tokens, offset=324355162423 ns
        ON_TOKENS_RETURNED, offset=324355163742 ns
        ON_TOKENS_CALLED, generate 1 tokens, offset=325563139228 ns
        ON_TOKENS_RETURNED, offset=325563140838 ns
        ON_TOKENS_CALLED, generate 1 tokens, offset=326803702930 ns
        ON_TOKENS_RETURNED, offset=326803705465 ns
        ON_TOKENS_CALLED, generate 1 tokens, offset=328060604399 ns
        ON_TOKENS_RETURNED, offset=328060605981 ns
        ON_TOKENS_CALLED, generate 1 tokens, offset=329345143746 ns
        ON_TOKENS_RETURNED, offset=329345146319 ns
        ON_TOKENS_CALLED, generate 1 tokens, offset=330625158659 ns
        ON_TOKENS_RETURNED, offset=330625161948 ns
        ON_TOKENS_CALLED, generate 1 tokens, offset=331786796366 ns
        ON_TOKENS_RETURNED, offset=331786798818 ns
        ON_TOKENS_CALLED, generate 1 tokens, offset=332961794552 ns
        ON_TOKENS_RETURNED, offset=332961795886 ns
        ON_TOKENS_CALLED, generate 1 tokens, offset=334166236504 ns
        ON_TOKENS_RETURNED, offset=334166239375 ns
        ON_TOKENS_CALLED, generate 1 tokens, offset=335384335904 ns
        ON_TOKENS_RETURNED, offset=335384337851 ns
        ON_TOKENS_CALLED, generate 1 tokens, offset=336636094902 ns
        ON_TOKENS_RETURNED, offset=336636096411 ns
        ON_TOKENS_CALLED, generate 1 tokens, offset=337902401531 ns
        ON_TOKENS_RETURNED, offset=337902403347 ns
        ON_TOKENS_CALLED, generate 1 tokens, offset=339193210540 ns
        ON_TOKENS_RETURNED, offset=339193212533 ns
        ON_TOKENS_CALLED, generate 1 tokens, offset=340493535147 ns
        ON_TOKENS_RETURNED, offset=340493537110 ns
        ON_TOKENS_CALLED, generate 1 tokens, offset=341831579282 ns
        ON_TOKENS_RETURNED, offset=341831582742 ns
        ON_TOKENS_CALLED, generate 1 tokens, offset=343165815563 ns
        ON_TOKENS_RETURNED, offset=343165861567 ns
        ON_TOKENS_CALLED, generate 1 tokens, offset=344538997103 ns
        ON_TOKENS_RETURNED, offset=344539004766 ns
[15:51:14.939546610|thread 3580155|cpu 204] [info ] [Request 49] Generating 61 response tokens with 8193 context took 72.859989 s at 0.837 average tok/s, or 1194.426 ms/tok
[15:51:14.939553714|thread 3580167|cpu 204] [info ] [Request 9] Parsing the prompt took 354.986061754 s at 23.076962401067266 tokens/s
[15:51:14.939571498|thread 3580155|cpu 204] [info ] [Request 49] Request with 8192 tokens in and 64 out (sequence limit) saw 280.803893 s TTFT and 354.985440 s TTLT
[15:51:18.768431010|thread 3583002|cpu 204] [info ] KV cache footprint: 53.96 GB in 248 books
[15:51:22.755323355|thread 3580155|cpu 204] [info ] [Request 52] Generating 61 response tokens with 8193 context took 72.612959 s at 0.840 average tok/s, or 1190.376 ms/tok
[15:51:22.755349474|thread 3580155|cpu 204] [info ] [Request 52] Request with 8192 tokens in and 64 out (sequence limit) saw 288.906188 s TTFT and 362.797937 s TTLT
[15:51:24.111465190|thread 3580167|cpu 204] [info ] [Request 10] Parsing the prompt took 364.157960368 s at 22.495732323746463 tokens/s
[15:51:25.342551487|thread 3583002|cpu 204] [info ] KV cache footprint: 54.98 GB in 253 books
[15:51:26.317968651|thread 3583003|cpu 204] [debug] #EVT# HandleDetails::is_anomalous() handle_id=49 time in state STATE_OPENED exceeded threshold: 280800722940 ns
[15:51:26.318003015|thread 3583003|cpu 204] [debug] #EVT#   Handle,    49, Created, 754731371118823, Last, 755087624217612, Prompted,  8191, Generated,    64, Input TPS, 29.17, Output TPS:  0.75, Callbacks,    64, prompt parsing complete, open
[15:51:26.318029186|thread 3583003|cpu 204] [info ] #EVT#   Handle 49 history:
        SESSION_OPEN, prompt 8192 tokens, offset=0 ns
        PROMPT_TOKENS_REUSE, offset=280800721497 ns
        ON_START_CALLED, offset=280800722940 ns
        ON_START_RETURNED, offset=280800754920 ns
        ON_TOKENS_CALLED, generate 1 tokens, offset=280800759397 ns
        ON_TOKENS_RETURNED, offset=280800759777 ns
        ON_TOKENS_CALLED, generate 1 tokens, offset=282122280165 ns
        ON_TOKENS_RETURNED, offset=282122283677 ns
        ON_TOKENS_CALLED, generate 1 tokens, offset=283455192011 ns
        ON_TOKENS_RETURNED, offset=283455193060 ns
        ON_TOKENS_CALLED, generate 1 tokens, offset=284807902736 ns
        ON_TOKENS_RETURNED, offset=284807904191 ns
        ON_TOKENS_CALLED, generate 1 tokens, offset=286150610004 ns
        ON_TOKENS_RETURNED, offset=286150611686 ns
        ON_TOKENS_CALLED, generate 1 tokens, offset=287519986975 ns
        ON_TOKENS_RETURNED, offset=287519987986 ns
        ON_TOKENS_CALLED, generate 1 tokens, offset=288906293094 ns
        ON_TOKENS_RETURNED, offset=288906295668 ns
        ON_TOKENS_CALLED, generate 1 tokens, offset=290185085652 ns
        ON_TOKENS_RETURNED, offset=290185087569 ns
        ON_TOKENS_CALLED, generate 1 tokens, offset=291450459581 ns
        ON_TOKENS_RETURNED, offset=291450462381 ns
        ON_TOKENS_CALLED, generate 1 tokens, offset=292734129382 ns
        ON_TOKENS_RETURNED, offset=292734130345 ns
        ON_TOKENS_CALLED, generate 1 tokens, offset=294035234877 ns
        ON_TOKENS_RETURNED, offset=294035236205 ns
        ON_TOKENS_CALLED, generate 1 tokens, offset=294999197490 ns
        ON_TOKENS_RETURNED, offset=294999199490 ns
        ON_TOKENS_CALLED, generate 1 tokens, offset=295995505966 ns
        ON_TOKENS_RETURNED, offset=295995509501 ns
        ON_TOKENS_CALLED, generate 1 tokens, offset=297007271087 ns
        ON_TOKENS_RETURNED, offset=297007272508 ns
        ON_TOKENS_CALLED, generate 1 tokens, offset=298036281207 ns
        ON_TOKENS_RETURNED, offset=298036282268 ns
        ON_TOKENS_CALLED, generate 1 tokens, offset=299076539391 ns
        ON_TOKENS_RETURNED, offset=299076540503 ns
        ON_TOKENS_CALLED, generate 1 tokens, offset=300136254723 ns
        ON_TOKENS_RETURNED, offset=300136258928 ns
        ON_TOKENS_CALLED, generate 1 tokens, offset=301213182143 ns
        ON_TOKENS_RETURNED, offset=301213183182 ns
        ON_TOKENS_CALLED, generate 1 tokens, offset=302309391882 ns
        ON_TOKENS_RETURNED, offset=302309394787 ns
        ON_TOKENS_CALLED, generate 1 tokens, offset=303294294783 ns
        ON_TOKENS_RETURNED, offset=303294296173 ns
        ON_TOKENS_CALLED, generate 1 tokens, offset=304307294688 ns
        ON_TOKENS_RETURNED, offset=304307296686 ns
        ON_TOKENS_CALLED, generate 1 tokens, offset=305334209568 ns
        ON_TOKENS_RETURNED, offset=305334210583 ns
        ON_TOKENS_CALLED, generate 1 tokens, offset=306379275740 ns
        ON_TOKENS_RETURNED, offset=306379277055 ns
        ON_TOKENS_CALLED, generate 1 tokens, offset=307440679390 ns
        ON_TOKENS_RETURNED, offset=307440681582 ns
        ON_TOKENS_CALLED, generate 1 tokens, offset=308518963899 ns
        ON_TOKENS_RETURNED, offset=308518965005 ns
        ON_TOKENS_CALLED, generate 1 tokens, offset=309616921049 ns
        ON_TOKENS_RETURNED, offset=309616923192 ns
        ON_TOKENS_CALLED, generate 1 tokens, offset=310714225178 ns
        ON_TOKENS_RETURNED, offset=310714227155 ns
        ON_TOKENS_CALLED, generate 1 tokens, offset=311826077321 ns
        ON_TOKENS_RETURNED, offset=311826079839 ns
        ON_TOKENS_CALLED, generate 1 tokens, offset=312973583244 ns
        ON_TOKENS_RETURNED, offset=312973585227 ns
        ON_TOKENS_CALLED, generate 1 tokens, offset=314134924547 ns
        ON_TOKENS_RETURNED, offset=314134925912 ns
        ON_TOKENS_CALLED, generate 1 tokens, offset=315322999822 ns
        ON_TOKENS_RETURNED, offset=315323001461 ns
        ON_TOKENS_CALLED, generate 1 tokens, offset=316378069992 ns
        ON_TOKENS_RETURNED, offset=316378072278 ns
        ON_TOKENS_CALLED, generate 1 tokens, offset=317466648412 ns
        ON_TOKENS_RETURNED, offset=317466651234 ns
        ON_TOKENS_CALLED, generate 1 tokens, offset=318565543370 ns
        ON_TOKENS_RETURNED, offset=318565545659 ns
        ON_TOKENS_CALLED, generate 1 tokens, offset=319684149531 ns
        ON_TOKENS_RETURNED, offset=319684152700 ns
        ON_TOKENS_CALLED, generate 1 tokens, offset=320822254820 ns
        ON_TOKENS_RETURNED, offset=320822255675 ns
        ON_TOKENS_CALLED, generate 1 tokens, offset=321983011662 ns
        ON_TOKENS_RETURNED, offset=321983014235 ns
        ON_TOKENS_CALLED, generate 1 tokens, offset=323153693940 ns
        ON_TOKENS_RETURNED, offset=323153695551 ns
        ON_TOKENS_CALLED, generate 1 tokens, offset=324351979158 ns
        ON_TOKENS_RETURNED, offset=324351980277 ns
        ON_TOKENS_CALLED, generate 1 tokens, offset=325559954416 ns
        ON_TOKENS_RETURNED, offset=325559955995 ns
        ON_TOKENS_CALLED, generate 1 tokens, offset=326800515975 ns
        ON_TOKENS_RETURNED, offset=326800517600 ns
        ON_TOKENS_CALLED, generate 1 tokens, offset=328057412561 ns
        ON_TOKENS_RETURNED, offset=328057413810 ns
        ON_TOKENS_CALLED, generate 1 tokens, offset=329341963001 ns
        ON_TOKENS_RETURNED, offset=329341965021 ns
        ON_TOKENS_CALLED, generate 1 tokens, offset=330621973801 ns
        ON_TOKENS_RETURNED, offset=330621975688 ns
        ON_TOKENS_CALLED, generate 1 tokens, offset=331783615835 ns
        ON_TOKENS_RETURNED, offset=331783617861 ns
        ON_TOKENS_CALLED, generate 1 tokens, offset=332958616520 ns
        ON_TOKENS_RETURNED, offset=332958617688 ns
        ON_TOKENS_CALLED, generate 1 tokens, offset=334163051977 ns
        ON_TOKENS_RETURNED, offset=334163054446 ns
        ON_TOKENS_CALLED, generate 1 tokens, offset=335381143088 ns
        ON_TOKENS_RETURNED, offset=335381148745 ns
        ON_TOKENS_CALLED, generate 1 tokens, offset=336632909984 ns
        ON_TOKENS_RETURNED, offset=336632911497 ns
        ON_TOKENS_CALLED, generate 1 tokens, offset=337899211974 ns
        ON_TOKENS_RETURNED, offset=337899214904 ns
        ON_TOKENS_CALLED, generate 1 tokens, offset=339190023427 ns
        ON_TOKENS_RETURNED, offset=339190025203 ns
        ON_TOKENS_CALLED, generate 1 tokens, offset=340490348389 ns
        ON_TOKENS_RETURNED, offset=340490349996 ns
        ON_TOKENS_CALLED, generate 1 tokens, offset=341828399557 ns
        ON_TOKENS_RETURNED, offset=341828400666 ns
        ON_TOKENS_CALLED, generate 1 tokens, offset=343162634049 ns
        ON_TOKENS_RETURNED, offset=343162635455 ns
        ON_TOKENS_CALLED, generate 1 tokens, offset=344535810670 ns
        ON_TOKENS_RETURNED, offset=344535811657 ns
        ON_TOKENS_CALLED, generate 1 tokens, offset=345766429209 ns
        ON_TOKENS_RETURNED, offset=345766432154 ns
        ON_TOKENS_CALLED, generate 1 tokens, offset=347027352538 ns
        ON_TOKENS_RETURNED, offset=347027354245 ns
        ON_TOKENS_CALLED, generate 1 tokens, offset=348298450580 ns
        ON_TOKENS_RETURNED, offset=348298452626 ns
        ON_TOKENS_CALLED, generate 1 tokens, offset=349596938929 ns
        ON_TOKENS_RETURNED, offset=349596942025 ns
        ON_TOKENS_CALLED, generate 1 tokens, offset=350913525848 ns
        ON_TOKENS_RETURNED, offset=350913527466 ns
        ON_TOKENS_CALLED, generate 1 tokens, offset=352254964212 ns
        ON_TOKENS_RETURNED, offset=352254966037 ns
        ON_TOKENS_CALLED, generate 1 tokens, offset=353598221109 ns
        ON_TOKENS_RETURNED, offset=353598224117 ns
        ON_TOKENS_CALLED, generate 1 tokens, offset=354982268664 ns
        ON_TOKENS_RETURNED, offset=354982314439 ns
        ON_TOKENS_CALLED, generate 1 tokens, offset=356253093756 ns
        ON_TOKENS_RETURNED, offset=356253098789 ns
[15:51:27.854127093|thread 3580167|cpu 204] [info ] [Request 11] Parsing the prompt took 367.900611668 s at 22.266883338026645 tokens/s
[15:51:27.854127705|thread 3580157|cpu 204] [info ] [Request 13] Generating 61 response tokens with 8193 context took 72.897646 s at 0.837 average tok/s, or 1195.043 ms/tok
[15:51:27.854171804|thread 3580157|cpu 204] [info ] [Request 13] Request with 8192 tokens in and 64 out (sequence limit) saw 294.038968 s TTFT and 367.900584 s TTLT
[15:51:27.854127901|thread 3580155|cpu 204] [info ] [Request 7] Generating 61 response tokens with 8193 context took 72.897650 s at 0.837 average tok/s, or 1195.043 ms/tok
[15:51:27.854209892|thread 3580155|cpu 204] [info ] [Request 7] Request with 8192 tokens in and 64 out (sequence limit) saw 294.039035 s TTFT and 367.900658 s TTLT
[15:51:34.489833989|thread 3583003|cpu 204] [debug] #EVT# HandleDetails::is_anomalous() handle_id=52 time in state STATE_OPENED exceeded threshold: 288906171428 ns
[15:51:34.489889348|thread 3583003|cpu 204] [debug] #EVT#   Handle,    52, Created, 754731371245043, Last, 755095525305272, Prompted,  8191, Generated,    64, Input TPS, 28.36, Output TPS:  0.75, Callbacks,    64, prompt parsing complete, open
[15:51:34.489921118|thread 3583003|cpu 204] [info ] #EVT#   Handle 52 history:
        SESSION_OPEN, prompt 8192 tokens, offset=0 ns
        PROMPT_TOKENS_REUSE, offset=288906170558 ns
        ON_START_CALLED, offset=288906171428 ns
        ON_START_RETURNED, offset=288906200603 ns
        ON_TOKENS_CALLED, generate 1 tokens, offset=288906206594 ns
        ON_TOKENS_RETURNED, offset=288906208281 ns
        ON_TOKENS_CALLED, generate 1 tokens, offset=290184960996 ns
        ON_TOKENS_RETURNED, offset=290184962270 ns
        ON_TOKENS_CALLED, generate 1 tokens, offset=291450331365 ns
        ON_TOKENS_RETURNED, offset=291450334769 ns
        ON_TOKENS_CALLED, generate 1 tokens, offset=292734006449 ns
        ON_TOKENS_RETURNED, offset=292734007711 ns
        ON_TOKENS_CALLED, generate 1 tokens, offset=294035105079 ns
        ON_TOKENS_RETURNED, offset=294035108259 ns
        ON_TOKENS_CALLED, generate 1 tokens, offset=294999073402 ns
        ON_TOKENS_RETURNED, offset=294999075756 ns
        ON_TOKENS_CALLED, generate 1 tokens, offset=295995383877 ns
        ON_TOKENS_RETURNED, offset=295995386129 ns
        ON_TOKENS_CALLED, generate 1 tokens, offset=297007144047 ns
        ON_TOKENS_RETURNED, offset=297007146102 ns
        ON_TOKENS_CALLED, generate 1 tokens, offset=298036158225 ns
        ON_TOKENS_RETURNED, offset=298036161978 ns
        ON_TOKENS_CALLED, generate 1 tokens, offset=299076428861 ns
        ON_TOKENS_RETURNED, offset=299076429839 ns
        ON_TOKENS_CALLED, generate 1 tokens, offset=300136147596 ns
        ON_TOKENS_RETURNED, offset=300136148716 ns
        ON_TOKENS_CALLED, generate 1 tokens, offset=301213053702 ns
        ON_TOKENS_RETURNED, offset=301213054730 ns
        ON_TOKENS_CALLED, generate 1 tokens, offset=302309270290 ns
        ON_TOKENS_RETURNED, offset=302309271968 ns
        ON_TOKENS_CALLED, generate 1 tokens, offset=303294170270 ns
        ON_TOKENS_RETURNED, offset=303294172746 ns
        ON_TOKENS_CALLED, generate 1 tokens, offset=304307168830 ns
        ON_TOKENS_RETURNED, offset=304307172041 ns
        ON_TOKENS_CALLED, generate 1 tokens, offset=305334084913 ns
        ON_TOKENS_RETURNED, offset=305334085874 ns
        ON_TOKENS_CALLED, generate 1 tokens, offset=306379150265 ns
        ON_TOKENS_RETURNED, offset=306379153058 ns
        ON_TOKENS_CALLED, generate 1 tokens, offset=307440554864 ns
        ON_TOKENS_RETURNED, offset=307440555967 ns
        ON_TOKENS_CALLED, generate 1 tokens, offset=308518839853 ns
        ON_TOKENS_RETURNED, offset=308518840834 ns
        ON_TOKENS_CALLED, generate 1 tokens, offset=309616796825 ns
        ON_TOKENS_RETURNED, offset=309616799107 ns
        ON_TOKENS_CALLED, generate 1 tokens, offset=310714100329 ns
        ON_TOKENS_RETURNED, offset=310714101963 ns
        ON_TOKENS_CALLED, generate 1 tokens, offset=311825953893 ns
        ON_TOKENS_RETURNED, offset=311825954988 ns
        ON_TOKENS_CALLED, generate 1 tokens, offset=312973458255 ns
        ON_TOKENS_RETURNED, offset=312973459491 ns
        ON_TOKENS_CALLED, generate 1 tokens, offset=314134794231 ns
        ON_TOKENS_RETURNED, offset=314134795654 ns
        ON_TOKENS_CALLED, generate 1 tokens, offset=315322875860 ns
        ON_TOKENS_RETURNED, offset=315322878234 ns
        ON_TOKENS_CALLED, generate 1 tokens, offset=316377938454 ns
        ON_TOKENS_RETURNED, offset=316377940893 ns
        ON_TOKENS_CALLED, generate 1 tokens, offset=317466523004 ns
        ON_TOKENS_RETURNED, offset=317466524350 ns
        ON_TOKENS_CALLED, generate 1 tokens, offset=318565421441 ns
        ON_TOKENS_RETURNED, offset=318565422146 ns
        ON_TOKENS_CALLED, generate 1 tokens, offset=319684027559 ns
        ON_TOKENS_RETURNED, offset=319684028475 ns
        ON_TOKENS_CALLED, generate 1 tokens, offset=320822124441 ns
        ON_TOKENS_RETURNED, offset=320822126787 ns
        ON_TOKENS_CALLED, generate 1 tokens, offset=321982890082 ns
        ON_TOKENS_RETURNED, offset=321982892283 ns
        ON_TOKENS_CALLED, generate 1 tokens, offset=323153569526 ns
        ON_TOKENS_RETURNED, offset=323153571618 ns
        ON_TOKENS_CALLED, generate 1 tokens, offset=324351846114 ns
        ON_TOKENS_RETURNED, offset=324351850247 ns
        ON_TOKENS_CALLED, generate 1 tokens, offset=325559829587 ns
        ON_TOKENS_RETURNED, offset=325559830862 ns
        ON_TOKENS_CALLED, generate 1 tokens, offset=326800397682 ns
        ON_TOKENS_RETURNED, offset=326800399116 ns
        ON_TOKENS_CALLED, generate 1 tokens, offset=328057294086 ns
        ON_TOKENS_RETURNED, offset=328057295152 ns
        ON_TOKENS_CALLED, generate 1 tokens, offset=329341843214 ns
        ON_TOKENS_RETURNED, offset=329341844951 ns
        ON_TOKENS_CALLED, generate 1 tokens, offset=330621848953 ns
        ON_TOKENS_RETURNED, offset=330621850484 ns
        ON_TOKENS_CALLED, generate 1 tokens, offset=331783487325 ns
        ON_TOKENS_RETURNED, offset=331783489987 ns
        ON_TOKENS_CALLED, generate 1 tokens, offset=332958490755 ns
        ON_TOKENS_RETURNED, offset=332958492789 ns
        ON_TOKENS_CALLED, generate 1 tokens, offset=334162927002 ns
        ON_TOKENS_RETURNED, offset=334162929014 ns
        ON_TOKENS_CALLED, generate 1 tokens, offset=335381009682 ns
        ON_TOKENS_RETURNED, offset=335381012035 ns
        ON_TOKENS_CALLED, generate 1 tokens, offset=336632789845 ns
        ON_TOKENS_RETURNED, offset=336632791045 ns
        ON_TOKENS_CALLED, generate 1 tokens, offset=337899085166 ns
        ON_TOKENS_RETURNED, offset=337899086347 ns
        ON_TOKENS_CALLED, generate 1 tokens, offset=339189898612 ns
        ON_TOKENS_RETURNED, offset=339189900110 ns
        ON_TOKENS_CALLED, generate 1 tokens, offset=340490223448 ns
        ON_TOKENS_RETURNED, offset=340490225100 ns
        ON_TOKENS_CALLED, generate 1 tokens, offset=341828271550 ns
        ON_TOKENS_RETURNED, offset=341828272984 ns
        ON_TOKENS_CALLED, generate 1 tokens, offset=343162503640 ns
        ON_TOKENS_RETURNED, offset=343162505629 ns
        ON_TOKENS_CALLED, generate 1 tokens, offset=344535690637 ns
        ON_TOKENS_RETURNED, offset=344535693205 ns
        ON_TOKENS_CALLED, generate 1 tokens, offset=345766304777 ns
        ON_TOKENS_RETURNED, offset=345766306229 ns
        ON_TOKENS_CALLED, generate 1 tokens, offset=347027226814 ns
        ON_TOKENS_RETURNED, offset=347027229109 ns
        ON_TOKENS_CALLED, generate 1 tokens, offset=348298331522 ns
        ON_TOKENS_RETURNED, offset=348298332925 ns
        ON_TOKENS_CALLED, generate 1 tokens, offset=349596807357 ns
        ON_TOKENS_RETURNED, offset=349596808924 ns
        ON_TOKENS_CALLED, generate 1 tokens, offset=350913408571 ns
        ON_TOKENS_RETURNED, offset=350913411336 ns
        ON_TOKENS_CALLED, generate 1 tokens, offset=352254839319 ns
        ON_TOKENS_RETURNED, offset=352254841141 ns
        ON_TOKENS_CALLED, generate 1 tokens, offset=353598091737 ns
        ON_TOKENS_RETURNED, offset=353598093085 ns
        ON_TOKENS_CALLED, generate 1 tokens, offset=354982145226 ns
        ON_TOKENS_RETURNED, offset=354982146717 ns
        ON_TOKENS_CALLED, generate 1 tokens, offset=356252968503 ns
        ON_TOKENS_RETURNED, offset=356252969686 ns
        ON_TOKENS_CALLED, generate 1 tokens, offset=357529488259 ns
        ON_TOKENS_RETURNED, offset=357529489805 ns
        ON_TOKENS_CALLED, generate 1 tokens, offset=358810816589 ns
        ON_TOKENS_RETURNED, offset=358810818025 ns
        ON_TOKENS_CALLED, generate 1 tokens, offset=360123569020 ns
        ON_TOKENS_RETURNED, offset=360123570402 ns
        ON_TOKENS_CALLED, generate 1 tokens, offset=361445819457 ns
        ON_TOKENS_RETURNED, offset=361445821493 ns
        ON_TOKENS_CALLED, generate 1 tokens, offset=362797917248 ns
        ON_TOKENS_RETURNED, offset=362797955659 ns
        ON_TOKENS_CALLED, generate 1 tokens, offset=364154054342 ns
        ON_TOKENS_RETURNED, offset=364154060229 ns
[15:51:34.762832839|thread 3580165|cpu 204] [info ] [Request 16] Parsing the prompt took 374.809257485 s at 21.85645054492243 tokens/s
[15:51:35.845293626|thread 3583002|cpu 204] [info ] KV cache footprint: 56.07 GB in 258 books
[15:51:36.951254152|thread 3580155|cpu 204] [info ] [Request 34] Generating 61 response tokens with 8193 context took 73.699675 s at 0.828 average tok/s, or 1208.191 ms/tok
[15:51:36.951274009|thread 3580155|cpu 204] [info ] [Request 34] Request with 8192 tokens in and 64 out (sequence limit) saw 302.312865 s TTFT and 376.997442 s TTLT
[15:51:39.278409393|thread 3583003|cpu 204] [debug] #EVT# HandleDetails::is_anomalous() handle_id=13 time in state STATE_OPENED exceeded threshold: 294038960726 ns
[15:51:39.278432834|thread 3583003|cpu 204] [debug] #EVT#   Handle,    13, Created, 754731367389699, Last, 755100420055084, Prompted,  8191, Generated,    64, Input TPS, 27.86, Output TPS:  0.75, Callbacks,    64, prompt parsing complete, open
[15:51:39.278470081|thread 3583003|cpu 204] [info ] #EVT#   Handle 13 history:
        SESSION_OPEN, prompt 8192 tokens, offset=0 ns
        PROMPT_TOKENS_REUSE, offset=294038959723 ns
        ON_START_CALLED, offset=294038960726 ns
        ON_START_RETURNED, offset=294039011890 ns
        ON_TOKENS_CALLED, generate 1 tokens, offset=294039016499 ns
        ON_TOKENS_RETURNED, offset=294039017308 ns
        ON_TOKENS_CALLED, generate 1 tokens, offset=295002930667 ns
        ON_TOKENS_RETURNED, offset=295002933159 ns
        ON_TOKENS_CALLED, generate 1 tokens, offset=295999241204 ns
        ON_TOKENS_RETURNED, offset=295999244196 ns
        ON_TOKENS_CALLED, generate 1 tokens, offset=297011003315 ns
        ON_TOKENS_RETURNED, offset=297011004433 ns
        ON_TOKENS_CALLED, generate 1 tokens, offset=298040012765 ns
        ON_TOKENS_RETURNED, offset=298040015874 ns
        ON_TOKENS_CALLED, generate 1 tokens, offset=299080274251 ns
        ON_TOKENS_RETURNED, offset=299080275249 ns
        ON_TOKENS_CALLED, generate 1 tokens, offset=300139990287 ns
        ON_TOKENS_RETURNED, offset=300139991670 ns
        ON_TOKENS_CALLED, generate 1 tokens, offset=301216913795 ns
        ON_TOKENS_RETURNED, offset=301216914746 ns
        ON_TOKENS_CALLED, generate 1 tokens, offset=302313127593 ns
        ON_TOKENS_RETURNED, offset=302313146406 ns
        ON_TOKENS_CALLED, generate 1 tokens, offset=303298027789 ns
        ON_TOKENS_RETURNED, offset=303298030376 ns
        ON_TOKENS_CALLED, generate 1 tokens, offset=304311025407 ns
        ON_TOKENS_RETURNED, offset=304311026322 ns
        ON_TOKENS_CALLED, generate 1 tokens, offset=305337942927 ns
        ON_TOKENS_RETURNED, offset=305337943810 ns
        ON_TOKENS_CALLED, generate 1 tokens, offset=306383010865 ns
        ON_TOKENS_RETURNED, offset=306383012145 ns
        ON_TOKENS_CALLED, generate 1 tokens, offset=307444412615 ns
        ON_TOKENS_RETURNED, offset=307444414870 ns
        ON_TOKENS_CALLED, generate 1 tokens, offset=308522696018 ns
        ON_TOKENS_RETURNED, offset=308522698913 ns
        ON_TOKENS_CALLED, generate 1 tokens, offset=309620666309 ns
        ON_TOKENS_RETURNED, offset=309620667469 ns
        ON_TOKENS_CALLED, generate 1 tokens, offset=310717947474 ns
        ON_TOKENS_RETURNED, offset=310717967316 ns
        ON_TOKENS_CALLED, generate 1 tokens, offset=311829811530 ns
        ON_TOKENS_RETURNED, offset=311829812638 ns
        ON_TOKENS_CALLED, generate 1 tokens, offset=312977315191 ns
        ON_TOKENS_RETURNED, offset=312977316034 ns
        ON_TOKENS_CALLED, generate 1 tokens, offset=314138657451 ns
        ON_TOKENS_RETURNED, offset=314138658803 ns
        ON_TOKENS_CALLED, generate 1 tokens, offset=315326735049 ns
        ON_TOKENS_RETURNED, offset=315326736225 ns
        ON_TOKENS_CALLED, generate 1 tokens, offset=316381796154 ns
        ON_TOKENS_RETURNED, offset=316381797922 ns
        ON_TOKENS_CALLED, generate 1 tokens, offset=317470381756 ns
        ON_TOKENS_RETURNED, offset=317470383918 ns
        ON_TOKENS_CALLED, generate 1 tokens, offset=318569284012 ns
        ON_TOKENS_RETURNED, offset=318569284815 ns
        ON_TOKENS_CALLED, generate 1 tokens, offset=319687893983 ns
        ON_TOKENS_RETURNED, offset=319687894854 ns
        ON_TOKENS_CALLED, generate 1 tokens, offset=320825979414 ns
        ON_TOKENS_RETURNED, offset=320825981942 ns
        ON_TOKENS_CALLED, generate 1 tokens, offset=321986752918 ns
        ON_TOKENS_RETURNED, offset=321986754060 ns
        ON_TOKENS_CALLED, generate 1 tokens, offset=323157428727 ns
        ON_TOKENS_RETURNED, offset=323157430722 ns
        ON_TOKENS_CALLED, generate 1 tokens, offset=324355705349 ns
        ON_TOKENS_RETURNED, offset=324355707751 ns
        ON_TOKENS_CALLED, generate 1 tokens, offset=325563688136 ns
        ON_TOKENS_RETURNED, offset=325563689741 ns
        ON_TOKENS_CALLED, generate 1 tokens, offset=326804251641 ns
        ON_TOKENS_RETURNED, offset=326804254566 ns
        ON_TOKENS_CALLED, generate 1 tokens, offset=328061142471 ns
        ON_TOKENS_RETURNED, offset=328061143812 ns
        ON_TOKENS_CALLED, generate 1 tokens, offset=329345698079 ns
        ON_TOKENS_RETURNED, offset=329345700886 ns
        ON_TOKENS_CALLED, generate 1 tokens, offset=330625710571 ns
        ON_TOKENS_RETURNED, offset=330625711407 ns
        ON_TOKENS_CALLED, generate 1 tokens, offset=331787347083 ns
        ON_TOKENS_RETURNED, offset=331787348515 ns
        ON_TOKENS_CALLED, generate 1 tokens, offset=332962342913 ns
        ON_TOKENS_RETURNED, offset=332962344079 ns
        ON_TOKENS_CALLED, generate 1 tokens, offset=334166784701 ns
        ON_TOKENS_RETURNED, offset=334166787471 ns
        ON_TOKENS_CALLED, generate 1 tokens, offset=335384873450 ns
        ON_TOKENS_RETURNED, offset=335384875513 ns
        ON_TOKENS_CALLED, generate 1 tokens, offset=336636642125 ns
        ON_TOKENS_RETURNED, offset=336636644757 ns
        ON_TOKENS_CALLED, generate 1 tokens, offset=337902940153 ns
        ON_TOKENS_RETURNED, offset=337902941782 ns
        ON_TOKENS_CALLED, generate 1 tokens, offset=339193764971 ns
        ON_TOKENS_RETURNED, offset=339193766926 ns
        ON_TOKENS_CALLED, generate 1 tokens, offset=340494083076 ns
        ON_TOKENS_RETURNED, offset=340494086029 ns
        ON_TOKENS_CALLED, generate 1 tokens, offset=341832124303 ns
        ON_TOKENS_RETURNED, offset=341832126420 ns
        ON_TOKENS_CALLED, generate 1 tokens, offset=343166374811 ns
        ON_TOKENS_RETURNED, offset=343166376006 ns
        ON_TOKENS_CALLED, generate 1 tokens, offset=344539547628 ns
        ON_TOKENS_RETURNED, offset=344539550192 ns
        ON_TOKENS_CALLED, generate 1 tokens, offset=345770161992 ns
        ON_TOKENS_RETURNED, offset=345770164052 ns
        ON_TOKENS_CALLED, generate 1 tokens, offset=347031087025 ns
        ON_TOKENS_RETURNED, offset=347031088921 ns
        ON_TOKENS_CALLED, generate 1 tokens, offset=348302187568 ns
        ON_TOKENS_RETURNED, offset=348302190290 ns
        ON_TOKENS_CALLED, generate 1 tokens, offset=349600663981 ns
        ON_TOKENS_RETURNED, offset=349600665453 ns
        ON_TOKENS_CALLED, generate 1 tokens, offset=350917258877 ns
        ON_TOKENS_RETURNED, offset=350917259983 ns
        ON_TOKENS_CALLED, generate 1 tokens, offset=352258702321 ns
        ON_TOKENS_RETURNED, offset=352258703570 ns
        ON_TOKENS_CALLED, generate 1 tokens, offset=353601950604 ns
        ON_TOKENS_RETURNED, offset=353601953456 ns
        ON_TOKENS_CALLED, generate 1 tokens, offset=354986001630 ns
        ON_TOKENS_RETURNED, offset=354986004021 ns
        ON_TOKENS_CALLED, generate 1 tokens, offset=356256828083 ns
        ON_TOKENS_RETURNED, offset=356256830612 ns
        ON_TOKENS_CALLED, generate 1 tokens, offset=357533340881 ns
        ON_TOKENS_RETURNED, offset=357533344138 ns
        ON_TOKENS_CALLED, generate 1 tokens, offset=358814674205 ns
        ON_TOKENS_RETURNED, offset=358814675490 ns
        ON_TOKENS_CALLED, generate 1 tokens, offset=360127417709 ns
        ON_TOKENS_RETURNED, offset=360127420236 ns
        ON_TOKENS_CALLED, generate 1 tokens, offset=361449679657 ns
        ON_TOKENS_RETURNED, offset=361449681199 ns
        ON_TOKENS_CALLED, generate 1 tokens, offset=362801774729 ns
        ON_TOKENS_RETURNED, offset=362801775902 ns
        ON_TOKENS_CALLED, generate 1 tokens, offset=364157911852 ns
        ON_TOKENS_RETURNED, offset=364157914198 ns
        ON_TOKENS_CALLED, generate 1 tokens, offset=365388698488 ns
        ON_TOKENS_RETURNED, offset=365388700008 ns
        ON_TOKENS_CALLED, generate 1 tokens, offset=366629547021 ns
        ON_TOKENS_RETURNED, offset=366629548158 ns
        ON_TOKENS_CALLED, generate 1 tokens, offset=367900576130 ns
        ON_TOKENS_RETURNED, offset=367900644676 ns
        ON_TOKENS_CALLED, generate 1 tokens, offset=369052659823 ns
        ON_TOKENS_RETURNED, offset=369052665385 ns
[15:51:39.278495697|thread 3583003|cpu 204] [debug] #EVT# HandleDetails::is_anomalous() handle_id=7 time in state STATE_OPENED exceeded threshold: 294039027947 ns
[15:51:39.278498094|thread 3583003|cpu 204] [debug] #EVT#   Handle,     7, Created, 754731367320678, Last, 755100420053916, Prompted,  8192, Generated,    64, Input TPS, 27.86, Output TPS:  0.75, Callbacks,    64, prompt parsing complete, open
[15:51:39.278514521|thread 3583003|cpu 204] [info ] #EVT#   Handle 7 history:
        SESSION_OPEN, prompt 8192 tokens, offset=0 ns
        PROMPT_TOKENS_REUSE, offset=294039027056 ns
        ON_START_CALLED, offset=294039027947 ns
        ON_START_RETURNED, offset=294039053054 ns
        ON_TOKENS_CALLED, generate 1 tokens, offset=294039058019 ns
        ON_TOKENS_RETURNED, offset=294039058622 ns
        ON_TOKENS_CALLED, generate 1 tokens, offset=295003000800 ns
        ON_TOKENS_RETURNED, offset=295003002859 ns
        ON_TOKENS_CALLED, generate 1 tokens, offset=295999308059 ns
        ON_TOKENS_RETURNED, offset=295999310612 ns
        ON_TOKENS_CALLED, generate 1 tokens, offset=297011071217 ns
        ON_TOKENS_RETURNED, offset=297011072462 ns
        ON_TOKENS_CALLED, generate 1 tokens, offset=298040080797 ns
        ON_TOKENS_RETURNED, offset=298040083164 ns
        ON_TOKENS_CALLED, generate 1 tokens, offset=299080348467 ns
        ON_TOKENS_RETURNED, offset=299080350072 ns
        ON_TOKENS_CALLED, generate 1 tokens, offset=300140053878 ns
        ON_TOKENS_RETURNED, offset=300140055031 ns
        ON_TOKENS_CALLED, generate 1 tokens, offset=301216986815 ns
        ON_TOKENS_RETURNED, offset=301216987932 ns
        ON_TOKENS_CALLED, generate 1 tokens, offset=302313193457 ns
        ON_TOKENS_RETURNED, offset=302313214887 ns
        ON_TOKENS_CALLED, generate 1 tokens, offset=303298095616 ns
        ON_TOKENS_RETURNED, offset=303298098229 ns
        ON_TOKENS_CALLED, generate 1 tokens, offset=304311092251 ns
        ON_TOKENS_RETURNED, offset=304311093750 ns
        ON_TOKENS_CALLED, generate 1 tokens, offset=305338009604 ns
        ON_TOKENS_RETURNED, offset=305338010830 ns
        ON_TOKENS_CALLED, generate 1 tokens, offset=306383077666 ns
        ON_TOKENS_RETURNED, offset=306383078989 ns
        ON_TOKENS_CALLED, generate 1 tokens, offset=307444489569 ns
        ON_TOKENS_RETURNED, offset=307444491215 ns
        ON_TOKENS_CALLED, generate 1 tokens, offset=308522764649 ns
        ON_TOKENS_RETURNED, offset=308522766825 ns
        ON_TOKENS_CALLED, generate 1 tokens, offset=309620725803 ns
        ON_TOKENS_RETURNED, offset=309620727375 ns
        ON_TOKENS_CALLED, generate 1 tokens, offset=310718028835 ns
        ON_TOKENS_RETURNED, offset=310718030901 ns
        ON_TOKENS_CALLED, generate 1 tokens, offset=311829880071 ns
        ON_TOKENS_RETURNED, offset=311829881145 ns
        ON_TOKENS_CALLED, generate 1 tokens, offset=312977388132 ns
        ON_TOKENS_RETURNED, offset=312977389075 ns
        ON_TOKENS_CALLED, generate 1 tokens, offset=314138726336 ns
        ON_TOKENS_RETURNED, offset=314138728581 ns
        ON_TOKENS_CALLED, generate 1 tokens, offset=315326803019 ns
        ON_TOKENS_RETURNED, offset=315326805034 ns
        ON_TOKENS_CALLED, generate 1 tokens, offset=316381864563 ns
        ON_TOKENS_RETURNED, offset=316381867026 ns
        ON_TOKENS_CALLED, generate 1 tokens, offset=317470449056 ns
        ON_TOKENS_RETURNED, offset=317470450172 ns
        ON_TOKENS_CALLED, generate 1 tokens, offset=318569349977 ns
        ON_TOKENS_RETURNED, offset=318569351040 ns
        ON_TOKENS_CALLED, generate 1 tokens, offset=319687955076 ns
        ON_TOKENS_RETURNED, offset=319687956078 ns
        ON_TOKENS_CALLED, generate 1 tokens, offset=320826048388 ns
        ON_TOKENS_RETURNED, offset=320826049548 ns
        ON_TOKENS_CALLED, generate 1 tokens, offset=321986818247 ns
        ON_TOKENS_RETURNED, offset=321986820573 ns
        ON_TOKENS_CALLED, generate 1 tokens, offset=323157496766 ns
        ON_TOKENS_RETURNED, offset=323157498181 ns
        ON_TOKENS_CALLED, generate 1 tokens, offset=324355771585 ns
        ON_TOKENS_RETURNED, offset=324355773306 ns
        ON_TOKENS_CALLED, generate 1 tokens, offset=325563756232 ns
        ON_TOKENS_RETURNED, offset=325563757500 ns
        ON_TOKENS_CALLED, generate 1 tokens, offset=326804321388 ns
        ON_TOKENS_RETURNED, offset=326804322775 ns
        ON_TOKENS_CALLED, generate 1 tokens, offset=328061213359 ns
        ON_TOKENS_RETURNED, offset=328061214799 ns
        ON_TOKENS_CALLED, generate 1 tokens, offset=329345761421 ns
        ON_TOKENS_RETURNED, offset=329345764821 ns
        ON_TOKENS_CALLED, generate 1 tokens, offset=330625781147 ns
        ON_TOKENS_RETURNED, offset=330625783314 ns
        ON_TOKENS_CALLED, generate 1 tokens, offset=331787414262 ns
        ON_TOKENS_RETURNED, offset=331787415386 ns
        ON_TOKENS_CALLED, generate 1 tokens, offset=332962411072 ns
        ON_TOKENS_RETURNED, offset=332962412150 ns
        ON_TOKENS_CALLED, generate 1 tokens, offset=334166855027 ns
        ON_TOKENS_RETURNED, offset=334166856922 ns
        ON_TOKENS_CALLED, generate 1 tokens, offset=335384943418 ns
        ON_TOKENS_RETURNED, offset=335384944644 ns
        ON_TOKENS_CALLED, generate 1 tokens, offset=336636711517 ns
        ON_TOKENS_RETURNED, offset=336636712932 ns
        ON_TOKENS_CALLED, generate 1 tokens, offset=337903016712 ns
        ON_TOKENS_RETURNED, offset=337903017602 ns
        ON_TOKENS_CALLED, generate 1 tokens, offset=339193830050 ns
        ON_TOKENS_RETURNED, offset=339193831181 ns
        ON_TOKENS_CALLED, generate 1 tokens, offset=340494149470 ns
        ON_TOKENS_RETURNED, offset=340494152004 ns
        ON_TOKENS_CALLED, generate 1 tokens, offset=341832191583 ns
        ON_TOKENS_RETURNED, offset=341832192888 ns
        ON_TOKENS_CALLED, generate 1 tokens, offset=343166431239 ns
        ON_TOKENS_RETURNED, offset=343166432320 ns
        ON_TOKENS_CALLED, generate 1 tokens, offset=344539614074 ns
        ON_TOKENS_RETURNED, offset=344539616178 ns
        ON_TOKENS_CALLED, generate 1 tokens, offset=345770231130 ns
        ON_TOKENS_RETURNED, offset=345770232676 ns
        ON_TOKENS_CALLED, generate 1 tokens, offset=347031155537 ns
        ON_TOKENS_RETURNED, offset=347031157399 ns
        ON_TOKENS_CALLED, generate 1 tokens, offset=348302259800 ns
        ON_TOKENS_RETURNED, offset=348302261220 ns
        ON_TOKENS_CALLED, generate 1 tokens, offset=349600740604 ns
        ON_TOKENS_RETURNED, offset=349600742813 ns
        ON_TOKENS_CALLED, generate 1 tokens, offset=350917332365 ns
        ON_TOKENS_RETURNED, offset=350917334831 ns
        ON_TOKENS_CALLED, generate 1 tokens, offset=352258769733 ns
        ON_TOKENS_RETURNED, offset=352258770841 ns
        ON_TOKENS_CALLED, generate 1 tokens, offset=353602015489 ns
        ON_TOKENS_RETURNED, offset=353602017300 ns
        ON_TOKENS_CALLED, generate 1 tokens, offset=354986077694 ns
        ON_TOKENS_RETURNED, offset=354986079220 ns
        ON_TOKENS_CALLED, generate 1 tokens, offset=356256904084 ns
        ON_TOKENS_RETURNED, offset=356256905487 ns
        ON_TOKENS_CALLED, generate 1 tokens, offset=357533416453 ns
        ON_TOKENS_RETURNED, offset=357533417890 ns
        ON_TOKENS_CALLED, generate 1 tokens, offset=358814742251 ns
        ON_TOKENS_RETURNED, offset=358814743588 ns
        ON_TOKENS_CALLED, generate 1 tokens, offset=360127480290 ns
        ON_TOKENS_RETURNED, offset=360127482681 ns
        ON_TOKENS_CALLED, generate 1 tokens, offset=361449743733 ns
        ON_TOKENS_RETURNED, offset=361449745444 ns
        ON_TOKENS_CALLED, generate 1 tokens, offset=362801842174 ns
        ON_TOKENS_RETURNED, offset=362801843492 ns
        ON_TOKENS_CALLED, generate 1 tokens, offset=364157978531 ns
        ON_TOKENS_RETURNED, offset=364157980811 ns
        ON_TOKENS_CALLED, generate 1 tokens, offset=365388767837 ns
        ON_TOKENS_RETURNED, offset=365388769303 ns
        ON_TOKENS_CALLED, generate 1 tokens, offset=366629611695 ns
        ON_TOKENS_RETURNED, offset=366629612947 ns
        ON_TOKENS_CALLED, generate 1 tokens, offset=367900650001 ns
        ON_TOKENS_RETURNED, offset=367900739903 ns
        ON_TOKENS_CALLED, generate 1 tokens, offset=369052722668 ns
        ON_TOKENS_RETURNED, offset=369052733238 ns
[15:51:43.788894979|thread 3580165|cpu 204] [info ] [Request 18] Parsing the prompt took 383.835286578 s at 21.34248800581623 tokens/s
[15:51:45.969100202|thread 3583002|cpu 204] [info ] KV cache footprint: 57.17 GB in 263 books
[15:51:48.292228927|thread 3583003|cpu 204] [debug] #EVT# HandleDetails::is_anomalous() handle_id=34 time in state STATE_OPENED exceeded threshold: 302312857144 ns
[15:51:48.292264326|thread 3583003|cpu 204] [debug] #EVT#   Handle,    34, Created, 754731367660321, Last, 755109481247026, Prompted,  8191, Generated,    64, Input TPS, 27.10, Output TPS:  0.74, Callbacks,    64, prompt parsing complete, open
[15:51:48.292294052|thread 3583003|cpu 204] [info ] #EVT#   Handle 34 history:
        SESSION_OPEN, prompt 8192 tokens, offset=0 ns
        PROMPT_TOKENS_REUSE, offset=302312854561 ns
        ON_START_CALLED, offset=302312857144 ns
        ON_START_RETURNED, offset=302312904128 ns
        ON_TOKENS_CALLED, generate 1 tokens, offset=302312908460 ns
        ON_TOKENS_RETURNED, offset=302312909591 ns
        ON_TOKENS_CALLED, generate 1 tokens, offset=303297759844 ns
        ON_TOKENS_RETURNED, offset=303297762272 ns
        ON_TOKENS_CALLED, generate 1 tokens, offset=304310795456 ns
        ON_TOKENS_RETURNED, offset=304310796704 ns
        ON_TOKENS_CALLED, generate 1 tokens, offset=305337675007 ns
        ON_TOKENS_RETURNED, offset=305337676009 ns
        ON_TOKENS_CALLED, generate 1 tokens, offset=306382743143 ns
        ON_TOKENS_RETURNED, offset=306382744215 ns
        ON_TOKENS_CALLED, generate 1 tokens, offset=307444148593 ns
        ON_TOKENS_RETURNED, offset=307444149832 ns
        ON_TOKENS_CALLED, generate 1 tokens, offset=308522427655 ns
        ON_TOKENS_RETURNED, offset=308522428963 ns
        ON_TOKENS_CALLED, generate 1 tokens, offset=309620386789 ns
        ON_TOKENS_RETURNED, offset=309620387895 ns
        ON_TOKENS_CALLED, generate 1 tokens, offset=310717678672 ns
        ON_TOKENS_RETURNED, offset=310717680650 ns
        ON_TOKENS_CALLED, generate 1 tokens, offset=311829541888 ns
        ON_TOKENS_RETURNED, offset=311829542591 ns
        ON_TOKENS_CALLED, generate 1 tokens, offset=312977047978 ns
        ON_TOKENS_RETURNED, offset=312977049095 ns
        ON_TOKENS_CALLED, generate 1 tokens, offset=314138382162 ns
        ON_TOKENS_RETURNED, offset=314138383285 ns
        ON_TOKENS_CALLED, generate 1 tokens, offset=315326466147 ns
        ON_TOKENS_RETURNED, offset=315326466891 ns
        ON_TOKENS_CALLED, generate 1 tokens, offset=316381528103 ns
        ON_TOKENS_RETURNED, offset=316381530676 ns
        ON_TOKENS_CALLED, generate 1 tokens, offset=317470112213 ns
        ON_TOKENS_RETURNED, offset=317470113328 ns
        ON_TOKENS_CALLED, generate 1 tokens, offset=318569009757 ns
        ON_TOKENS_RETURNED, offset=318569010705 ns
        ON_TOKENS_CALLED, generate 1 tokens, offset=319687617636 ns
        ON_TOKENS_RETURNED, offset=319687621587 ns
        ON_TOKENS_CALLED, generate 1 tokens, offset=320825712030 ns
        ON_TOKENS_RETURNED, offset=320825713057 ns
        ON_TOKENS_CALLED, generate 1 tokens, offset=321986480669 ns
        ON_TOKENS_RETURNED, offset=321986481824 ns
        ON_TOKENS_CALLED, generate 1 tokens, offset=323157160537 ns
        ON_TOKENS_RETURNED, offset=323157161312 ns
        ON_TOKENS_CALLED, generate 1 tokens, offset=324355436105 ns
        ON_TOKENS_RETURNED, offset=324355437273 ns
        ON_TOKENS_CALLED, generate 1 tokens, offset=325563419838 ns
        ON_TOKENS_RETURNED, offset=325563420781 ns
        ON_TOKENS_CALLED, generate 1 tokens, offset=326803982193 ns
        ON_TOKENS_RETURNED, offset=326803983313 ns
        ON_TOKENS_CALLED, generate 1 tokens, offset=328060874835 ns
        ON_TOKENS_RETURNED, offset=328060875789 ns
        ON_TOKENS_CALLED, generate 1 tokens, offset=329345426647 ns
        ON_TOKENS_RETURNED, offset=329345429460 ns
        ON_TOKENS_CALLED, generate 1 tokens, offset=330625444114 ns
        ON_TOKENS_RETURNED, offset=330625445766 ns
        ON_TOKENS_CALLED, generate 1 tokens, offset=331787076631 ns
        ON_TOKENS_RETURNED, offset=331787078687 ns
        ON_TOKENS_CALLED, generate 1 tokens, offset=332962076569 ns
        ON_TOKENS_RETURNED, offset=332962077909 ns
        ON_TOKENS_CALLED, generate 1 tokens, offset=334166516891 ns
        ON_TOKENS_RETURNED, offset=334166518149 ns
        ON_TOKENS_CALLED, generate 1 tokens, offset=335384607966 ns
        ON_TOKENS_RETURNED, offset=335384610236 ns
        ON_TOKENS_CALLED, generate 1 tokens, offset=336636378608 ns
        ON_TOKENS_RETURNED, offset=336636379937 ns
        ON_TOKENS_CALLED, generate 1 tokens, offset=337902672953 ns
        ON_TOKENS_RETURNED, offset=337902674026 ns
        ON_TOKENS_CALLED, generate 1 tokens, offset=339193493828 ns
        ON_TOKENS_RETURNED, offset=339193495595 ns
        ON_TOKENS_CALLED, generate 1 tokens, offset=340493815520 ns
        ON_TOKENS_RETURNED, offset=340493816885 ns
        ON_TOKENS_CALLED, generate 1 tokens, offset=341831858585 ns
        ON_TOKENS_RETURNED, offset=341831859782 ns
        ON_TOKENS_CALLED, generate 1 tokens, offset=343166094315 ns
        ON_TOKENS_RETURNED, offset=343166095313 ns
        ON_TOKENS_CALLED, generate 1 tokens, offset=344539282159 ns
        ON_TOKENS_RETURNED, offset=344539284367 ns
        ON_TOKENS_CALLED, generate 1 tokens, offset=345769894079 ns
        ON_TOKENS_RETURNED, offset=345769896805 ns
        ON_TOKENS_CALLED, generate 1 tokens, offset=347030816496 ns
        ON_TOKENS_RETURNED, offset=347030819030 ns
        ON_TOKENS_CALLED, generate 1 tokens, offset=348301922100 ns
        ON_TOKENS_RETURNED, offset=348301923823 ns
        ON_TOKENS_CALLED, generate 1 tokens, offset=349600398987 ns
        ON_TOKENS_RETURNED, offset=349600400346 ns
        ON_TOKENS_CALLED, generate 1 tokens, offset=350916990473 ns
        ON_TOKENS_RETURNED, offset=350916992288 ns
        ON_TOKENS_CALLED, generate 1 tokens, offset=352258428277 ns
        ON_TOKENS_RETURNED, offset=352258429589 ns
        ON_TOKENS_CALLED, generate 1 tokens, offset=353601682493 ns
        ON_TOKENS_RETURNED, offset=353601684289 ns
        ON_TOKENS_CALLED, generate 1 tokens, offset=354985743468 ns
        ON_TOKENS_RETURNED, offset=354985744710 ns
        ON_TOKENS_CALLED, generate 1 tokens, offset=356256559043 ns
        ON_TOKENS_RETURNED, offset=356256561582 ns
        ON_TOKENS_CALLED, generate 1 tokens, offset=357533079816 ns
        ON_TOKENS_RETURNED, offset=357533081912 ns
        ON_TOKENS_CALLED, generate 1 tokens, offset=358814407125 ns
        ON_TOKENS_RETURNED, offset=358814408470 ns
        ON_TOKENS_CALLED, generate 1 tokens, offset=360127155984 ns
        ON_TOKENS_RETURNED, offset=360127157070 ns
        ON_TOKENS_CALLED, generate 1 tokens, offset=361449407914 ns
        ON_TOKENS_RETURNED, offset=361449410100 ns
        ON_TOKENS_CALLED, generate 1 tokens, offset=362801508076 ns
        ON_TOKENS_RETURNED, offset=362801509303 ns
        ON_TOKENS_CALLED, generate 1 tokens, offset=364157644219 ns
        ON_TOKENS_RETURNED, offset=364157645479 ns
        ON_TOKENS_CALLED, generate 1 tokens, offset=365388426548 ns
        ON_TOKENS_RETURNED, offset=365388430028 ns
        ON_TOKENS_CALLED, generate 1 tokens, offset=366629274883 ns
        ON_TOKENS_RETURNED, offset=366629276155 ns
        ON_TOKENS_CALLED, generate 1 tokens, offset=367900304642 ns
        ON_TOKENS_RETURNED, offset=367900306503 ns
        ON_TOKENS_CALLED, generate 1 tokens, offset=369052391421 ns
        ON_TOKENS_RETURNED, offset=369052393029 ns
        ON_TOKENS_CALLED, generate 1 tokens, offset=370168664711 ns
        ON_TOKENS_RETURNED, offset=370168667223 ns
        ON_TOKENS_CALLED, generate 1 tokens, offset=371298346143 ns
        ON_TOKENS_RETURNED, offset=371298348242 ns
        ON_TOKENS_CALLED, generate 1 tokens, offset=372451824083 ns
        ON_TOKENS_RETURNED, offset=372451826442 ns
        ON_TOKENS_CALLED, generate 1 tokens, offset=373614629330 ns
        ON_TOKENS_RETURNED, offset=373614631665 ns
        ON_TOKENS_CALLED, generate 1 tokens, offset=374809012995 ns
        ON_TOKENS_RETURNED, offset=374809015122 ns
        ON_TOKENS_CALLED, generate 1 tokens, offset=375891241973 ns
        ON_TOKENS_RETURNED, offset=375891243442 ns
        ON_TOKENS_CALLED, generate 1 tokens, offset=376997435656 ns
        ON_TOKENS_RETURNED, offset=376997464342 ns
        ON_TOKENS_CALLED, generate 1 tokens, offset=378113581390 ns
        ON_TOKENS_RETURNED, offset=378113586705 ns
[15:51:50.528708507|thread 3580155|cpu 204] [info ] [Request 45] Generating 61 response tokens with 8193 context took 74.193359 s at 0.822 average tok/s, or 1216.285 ms/tok
[15:51:50.528731509|thread 3580155|cpu 204] [info ] [Request 45] Request with 8192 tokens in and 64 out (sequence limit) saw 315.326316 s TTFT and 390.574739 s TTLT
[15:51:55.325582698|thread 3580165|cpu 204] [info ] [Request 22] Parsing the prompt took 395.37192424 s at 20.719731214468492 tokens/s
[15:51:56.443026959|thread 3583002|cpu 204] [info ] KV cache footprint: 58.27 GB in 268 books
[15:52:03.521978780|thread 3583002|cpu 204] [info ] KV cache footprint: 59.37 GB in 273 books
[15:52:06.036425411|thread 3580155|cpu 204] [info ] [Request 8] Generating 61 response tokens with 8193 context took 74.295524 s at 0.821 average tok/s, or 1217.959 ms/tok
[15:52:06.036457861|thread 3580155|cpu 204] [info ] [Request 8] Request with 8192 tokens in and 64 out (sequence limit) saw 330.625774 s TTFT and 406.082939 s TTLT
[15:52:08.602994098|thread 3580165|cpu 204] [info ] [Request 25] Parsing the prompt took 408.649301754 s at 20.04652880804736 tokens/s
[15:52:14.672904298|thread 3583002|cpu 204] [info ] KV cache footprint: 60.47 GB in 278 books
[15:52:19.862631697|thread 3580155|cpu 204] [info ] [Request 54] Generating 61 response tokens with 8193 context took 74.138907 s at 0.823 average tok/s, or 1215.392 ms/tok
[15:52:19.862666225|thread 3580155|cpu 204] [info ] [Request 54] Request with 8192 tokens in and 64 out (sequence limit) saw 344.535656 s TTFT and 419.905172 s TTLT
[15:52:19.862640986|thread 3580167|cpu 204] [info ] [Request 27] Parsing the prompt took 419.908925292 s at 19.508992323283852 tokens/s
[15:52:26.013382241|thread 3583002|cpu 204] [info ] KV cache footprint: 61.57 GB in 283 books
[15:52:29.948128417|thread 3580155|cpu 204] [info ] [Request 9] Generating 61 response tokens with 8193 context took 73.737733 s at 0.827 average tok/s, or 1208.815 ms/tok
[15:52:29.948169891|thread 3580155|cpu 204] [info ] [Request 9] Request with 8192 tokens in and 64 out (sequence limit) saw 354.986062 s TTFT and 429.994630 s TTLT
[15:52:31.287682873|thread 3580167|cpu 204] [info ] [Request 35] Parsing the prompt took 431.333859818 s at 18.99224884282581 tokens/s
[15:52:34.941860731|thread 3583002|cpu 204] [info ] KV cache footprint: 62.67 GB in 288 books
[15:52:38.764230958|thread 3580155|cpu 204] [info ] [Request 10] Generating 61 response tokens with 8193 context took 73.421970 s at 0.831 average tok/s, or 1203.639 ms/tok
[15:52:38.764269446|thread 3580155|cpu 204] [info ] [Request 10] Request with 8192 tokens in and 64 out (sequence limit) saw 364.157960 s TTFT and 438.810721 s TTLT
[15:52:38.764230854|thread 3580167|cpu 204] [info ] [Request 31] Parsing the prompt took 438.810468096 s at 18.66865217583599 tokens/s
[15:52:42.342019678|thread 3580155|cpu 204] [info ] [Request 11] Generating 61 response tokens with 8193 context took 73.335805 s at 0.832 average tok/s, or 1202.226 ms/tok
[15:52:42.342040778|thread 3580155|cpu 204] [info ] [Request 11] Request with 8192 tokens in and 64 out (sequence limit) saw 367.900612 s TTFT and 442.388499 s TTLT
[15:52:44.784805132|thread 3583002|cpu 204] [info ] KV cache footprint: 63.76 GB in 293 books
[15:52:46.036435446|thread 3580165|cpu 204] [info ] [Request 37] Parsing the prompt took 446.082591101 s at 18.36431226733348 tokens/s
[15:52:49.420626790|thread 3580155|cpu 204] [info ] [Request 16] Generating 61 response tokens with 8193 context took 73.575557 s at 0.829 average tok/s, or 1206.157 ms/tok
[15:52:49.420653493|thread 3580155|cpu 204] [info ] [Request 16] Request with 8192 tokens in and 64 out (sequence limit) saw 374.809257 s TTFT and 449.467050 s TTLT
[15:52:52.949016639|thread 3583002|cpu 204] [info ] KV cache footprint: 64.86 GB in 298 books
[15:52:54.152204433|thread 3580165|cpu 204] [info ] [Request 40] Parsing the prompt took 454.198319983 s at 18.036174154731825 tokens/s
[15:52:58.648868211|thread 3580155|cpu 204] [info ] [Request 18] Generating 61 response tokens with 8193 context took 73.781430 s at 0.827 average tok/s, or 1209.532 ms/tok
[15:52:58.648903853|thread 3580155|cpu 204] [info ] [Request 18] Request with 8192 tokens in and 64 out (sequence limit) saw 383.835287 s TTFT and 458.695255 s TTLT
[15:53:03.389025348|thread 3580165|cpu 204] [info ] [Request 51] Parsing the prompt took 463.431679918 s at 17.676823477949327 tokens/s
[15:53:03.389238101|thread 3583002|cpu 204] [info ] KV cache footprint: 65.96 GB in 303 books
[15:53:10.224207892|thread 3580155|cpu 204] [info ] [Request 22] Generating 61 response tokens with 8193 context took 73.781365 s at 0.827 average tok/s, or 1209.531 ms/tok
[15:53:10.224236070|thread 3580155|cpu 204] [info ] [Request 22] Request with 8192 tokens in and 64 out (sequence limit) saw 395.371924 s TTFT and 470.270543 s TTLT
[15:53:12.630408810|thread 3583002|cpu 204] [info ] KV cache footprint: 67.06 GB in 308 books
[15:53:13.810902865|thread 3580165|cpu 204] [info ] [Request 12] Parsing the prompt took 473.857376357 s at 17.28790224387732 tokens/s
[15:53:20.689345962|thread 3583002|cpu 204] [info ] KV cache footprint: 68.16 GB in 313 books
[15:53:23.105889799|thread 3580155|cpu 204] [info ] [Request 25] Generating 61 response tokens with 8193 context took 73.318688 s at 0.832 average tok/s, or 1201.946 ms/tok
[15:53:23.105926295|thread 3580155|cpu 204] [info ] [Request 25] Request with 8192 tokens in and 64 out (sequence limit) saw 408.649302 s TTFT and 483.152194 s TTLT
[15:53:25.639448596|thread 3580165|cpu 204] [info ] [Request 55] Parsing the prompt took 485.681958127 s at 16.8670049667727 tokens/s
[15:53:31.392337432|thread 3583002|cpu 204] [info ] KV cache footprint: 69.26 GB in 318 books
[15:53:33.829693605|thread 3580155|cpu 204] [info ] [Request 27] Generating 61 response tokens with 8193 context took 72.769264 s at 0.838 average tok/s, or 1192.939 ms/tok
[15:53:33.829720828|thread 3580155|cpu 204] [info ] [Request 27] Request with 8192 tokens in and 64 out (sequence limit) saw 419.908925 s TTFT and 493.875975 s TTLT
[15:53:36.334941492|thread 3580165|cpu 204] [info ] [Request 17] Parsing the prompt took 496.38135673 s at 16.503440125080946 tokens/s
[15:53:40.862722480|thread 3583002|cpu 204] [info ] KV cache footprint: 70.36 GB in 323 books
[15:53:44.443344908|thread 3580155|cpu 204] [info ] [Request 35] Generating 61 response tokens with 8193 context took 71.957004 s at 0.848 average tok/s, or 1179.623 ms/tok
[15:53:44.443370670|thread 3580155|cpu 204] [info ] [Request 35] Request with 8192 tokens in and 64 out (sequence limit) saw 431.333860 s TTFT and 504.489520 s TTLT
[15:53:45.674147094|thread 3580167|cpu 204] [info ] [Request 30] Parsing the prompt took 505.720393751 s at 16.198674408280773 tokens/s
[15:53:50.931004169|thread 3580155|cpu 204] [info ] [Request 31] Generating 61 response tokens with 8193 context took 70.966492 s at 0.860 average tok/s, or 1163.385 ms/tok
[15:53:50.931033865|thread 3580155|cpu 204] [info ] [Request 31] Request with 8192 tokens in and 64 out (sequence limit) saw 438.810468 s TTFT and 510.977236 s TTLT
[15:53:50.931182197|thread 3583002|cpu 204] [info ] KV cache footprint: 71.46 GB in 328 books
[15:53:53.127188737|thread 3580165|cpu 204] [info ] [Request 39] Parsing the prompt took 513.173315751 s at 15.963417715926 tokens/s
[15:53:56.796173075|thread 3580155|cpu 204] [info ] [Request 37] Generating 61 response tokens with 8193 context took 69.663818 s at 0.876 average tok/s, or 1142.030 ms/tok
[15:53:56.796204443|thread 3580155|cpu 204] [info ] [Request 37] Request with 8192 tokens in and 64 out (sequence limit) saw 446.082591 s TTFT and 516.842325 s TTLT
[15:53:59.649781968|thread 3580165|cpu 204] [info ] [Request 43] Parsing the prompt took 519.695862933 s at 15.763065639520256 tokens/s
[15:54:02.007506986|thread 3583002|cpu 204] [info ] KV cache footprint: 72.55 GB in 333 books
[15:54:02.808510868|thread 3580155|cpu 204] [info ] [Request 40] Generating 61 response tokens with 8193 context took 67.558040 s at 0.903 average tok/s, or 1107.509 ms/tok
[15:54:02.808527373|thread 3580155|cpu 204] [info ] [Request 40] Request with 8192 tokens in and 64 out (sequence limit) saw 454.198320 s TTFT and 522.854624 s TTLT
[15:54:05.215214449|thread 3580165|cpu 204] [info ] [Request 46] Parsing the prompt took 525.261214844 s at 15.596049676793637 tokens/s
[15:54:08.400419544|thread 3580155|cpu 204] [info ] [Request 51] Generating 61 response tokens with 8193 context took 63.917906 s at 0.954 average tok/s, or 1047.835 ms/tok
[15:54:08.400441098|thread 3580155|cpu 204] [info ] [Request 51] Request with 8192 tokens in and 64 out (sequence limit) saw 463.431680 s TTFT and 528.443070 s TTLT
[15:54:10.340833485|thread 3580165|cpu 204] [info ] [Request 50] Parsing the prompt took 530.383529543 s at 15.445426834914274 tokens/s
[15:54:12.677778886|thread 3583002|cpu 204] [info ] KV cache footprint: 73.65 GB in 338 books
[15:54:13.153597634|thread 3580155|cpu 204] [info ] [Request 12] Generating 61 response tokens with 8193 context took 58.226760 s at 1.048 average tok/s, or 954.537 ms/tok
[15:54:13.153614705|thread 3580155|cpu 204] [info ] [Request 12] Request with 8192 tokens in and 64 out (sequence limit) saw 473.857376 s TTFT and 533.200069 s TTLT
[15:54:14.562136438|thread 3580165|cpu 204] [info ] [Request 53] Parsing the prompt took 534.604713365 s at 15.32347133349521 tokens/s
[15:54:16.578832070|thread 3580155|cpu 204] [info ] [Request 55] Generating 61 response tokens with 8193 context took 49.844548 s at 1.224 average tok/s, or 817.124 ms/tok
[15:54:16.578853333|thread 3580155|cpu 204] [info ] [Request 55] Request with 8192 tokens in and 64 out (sequence limit) saw 485.681958 s TTFT and 536.621338 s TTLT
[15:54:17.139271369|thread 3580165|cpu 204] [info ] [Request 56] Parsing the prompt took 537.181744302 s at 15.24995978901791 tokens/s
[15:54:17.593496850|thread 3580155|cpu 204] [info ] [Request 17] Generating 61 response tokens with 8193 context took 40.150058 s at 1.519 average tok/s, or 658.198 ms/tok
[15:54:17.593513743|thread 3580155|cpu 204] [info ] [Request 17] Request with 8192 tokens in and 64 out (sequence limit) saw 496.381357 s TTFT and 537.639911 s TTLT
[15:54:18.027963708|thread 3580155|cpu 204] [info ] [Request 30] Generating 61 response tokens with 8193 context took 31.329416 s at 1.947 average tok/s, or 513.597 ms/tok
[15:54:18.027976845|thread 3580155|cpu 204] [info ] [Request 30] Request with 8192 tokens in and 64 out (sequence limit) saw 505.720394 s TTFT and 538.074210 s TTLT
[15:54:18.349759945|thread 3580155|cpu 204] [info ] [Request 39] Generating 61 response tokens with 8193 context took 24.320639 s at 2.508 average tok/s, or 398.699 ms/tok
[15:54:18.349785986|thread 3580155|cpu 204] [info ] [Request 39] Request with 8192 tokens in and 64 out (sequence limit) saw 513.173316 s TTFT and 538.395887 s TTLT
[15:54:18.604737126|thread 3580155|cpu 204] [info ] [Request 43] Generating 61 response tokens with 8193 context took 18.174590 s at 3.356 average tok/s, or 297.944 ms/tok
[15:54:18.604749653|thread 3580155|cpu 204] [info ] [Request 43] Request with 8192 tokens in and 64 out (sequence limit) saw 519.695863 s TTFT and 538.650818 s TTLT
[15:54:18.803281317|thread 3580155|cpu 204] [info ] [Request 46] Generating 61 response tokens with 8193 context took 12.960436 s at 4.707 average tok/s, or 212.466 ms/tok
[15:54:18.803291447|thread 3580155|cpu 204] [info ] [Request 46] Request with 8192 tokens in and 64 out (sequence limit) saw 525.261215 s TTFT and 538.849283 s TTLT
[15:54:18.971955586|thread 3580155|cpu 204] [info ] [Request 50] Generating 61 response tokens with 8193 context took 8.171472 s at 7.465 average tok/s, or 133.959 ms/tok
[15:54:18.971965358|thread 3580155|cpu 204] [info ] [Request 50] Request with 8192 tokens in and 64 out (sequence limit) saw 530.383530 s TTFT and 539.014653 s TTLT
[15:54:19.107816948|thread 3580155|cpu 204] [info ] [Request 53] Generating 61 response tokens with 8193 context took 4.255414 s at 14.335 average tok/s, or 69.761 ms/tok
[15:54:19.107837049|thread 3580155|cpu 204] [info ] [Request 53] Request with 8192 tokens in and 64 out (sequence limit) saw 534.604713 s TTFT and 539.150394 s TTLT
[15:54:19.188887880|thread 3580155|cpu 204] [info ] [Request 56] Generating 61 response tokens with 8193 context took 1.982184 s at 30.774 average tok/s, or 32.495 ms/tok
[15:54:19.188899726|thread 3580155|cpu 204] [info ] [Request 56] Request with 8192 tokens in and 64 out (sequence limit) saw 537.181744 s TTFT and 539.231361 s TTLT
[15:54:19.197273720|thread 3575754|cpu 204] [info ] [Load] type=batch total=56, completed=56, failed=0, wall=539.24s, max in-flight=56, estimated response throughput 6.646 tok/s
[15:54:19.197300023|thread 3575754|cpu 204] [info ] [Iteration 1/1] Processed 462224 new and 56 reused tokens in 539.24 s.  Throughput 857.170 new and 857.274 all tok/s.
[15:54:19.202509806|thread 3575754|cpu 204] [info ] KV cache footprint: 72.55 GB in 333 books
[15:54:19.202524488|thread 3575754|cpu 204] [info ] KV cache footprint: 71.46 GB in 328 books
[15:54:19.202536350|thread 3575754|cpu 204] [info ] KV cache footprint: 70.36 GB in 323 books
[15:54:19.202548578|thread 3575754|cpu 204] [info ] KV cache footprint: 69.26 GB in 318 books
[15:54:19.202559220|thread 3575754|cpu 204] [info ] KV cache footprint: 68.16 GB in 313 books
[15:54:19.202569632|thread 3575754|cpu 204] [info ] KV cache footprint: 67.06 GB in 308 books
[15:54:19.202577389|thread 3575754|cpu 204] [info ] KV cache footprint: 65.96 GB in 303 books
[15:54:19.202586262|thread 3575754|cpu 204] [info ] KV cache footprint: 64.86 GB in 298 books
[15:54:19.202597065|thread 3575754|cpu 204] [info ] KV cache footprint: 63.76 GB in 293 books
[15:54:19.202608635|thread 3575754|cpu 204] [info ] KV cache footprint: 62.67 GB in 288 books
[15:54:19.202617100|thread 3575754|cpu 204] [info ] KV cache footprint: 61.57 GB in 283 books
[15:54:19.242828215|thread 3575754|cpu 204] [info ] KV cache footprint: 60.47 GB in 278 books
[15:54:19.242840239|thread 3575754|cpu 204] [info ] KV cache footprint: 59.37 GB in 273 books
[15:54:19.242853345|thread 3575754|cpu 204] [info ] KV cache footprint: 58.27 GB in 268 books
[15:54:19.242865828|thread 3575754|cpu 204] [info ] KV cache footprint: 57.17 GB in 263 books
[15:54:19.242875550|thread 3575754|cpu 204] [info ] KV cache footprint: 56.07 GB in 258 books
[15:54:19.242886662|thread 3575754|cpu 204] [info ] KV cache footprint: 54.98 GB in 253 books
[15:54:19.242897422|thread 3575754|cpu 204] [info ] KV cache footprint: 53.88 GB in 248 books
[15:54:19.242903940|thread 3575754|cpu 204] [info ] KV cache footprint: 52.78 GB in 243 books
[15:54:19.242916450|thread 3575754|cpu 204] [info ] KV cache footprint: 51.68 GB in 238 books
[15:54:19.242935343|thread 3575754|cpu 204] [info ] KV cache footprint: 50.58 GB in 233 books
[15:54:19.242945902|thread 3575754|cpu 204] [info ] KV cache footprint: 49.48 GB in 228 books
[15:54:19.242956398|thread 3575754|cpu 204] [info ] KV cache footprint: 48.38 GB in 223 books
[15:54:19.242962948|thread 3575754|cpu 204] [info ] KV cache footprint: 47.29 GB in 218 books
[15:54:19.242971964|thread 3575754|cpu 204] [info ] KV cache footprint: 46.19 GB in 213 books
[15:54:19.242978419|thread 3575754|cpu 204] [info ] KV cache footprint: 45.09 GB in 208 books
[15:54:19.242987312|thread 3575754|cpu 204] [info ] KV cache footprint: 43.99 GB in 203 books
[15:54:19.242997753|thread 3575754|cpu 204] [info ] KV cache footprint: 42.89 GB in 198 books
[15:54:19.243006746|thread 3575754|cpu 204] [info ] KV cache footprint: 41.79 GB in 193 books
[15:54:19.243013056|thread 3575754|cpu 204] [info ] KV cache footprint: 40.69 GB in 188 books
[15:54:19.283161287|thread 3575754|cpu 204] [info ] KV cache footprint: 39.59 GB in 183 books
[15:54:19.283187095|thread 3575754|cpu 204] [info ] KV cache footprint: 38.50 GB in 178 books
[15:54:19.283201631|thread 3575754|cpu 204] [info ] KV cache footprint: 37.40 GB in 173 books
[15:54:19.283216418|thread 3575754|cpu 204] [info ] KV cache footprint: 36.30 GB in 168 books
[15:54:19.283229469|thread 3575754|cpu 204] [info ] KV cache footprint: 35.20 GB in 163 books
[15:54:19.323387802|thread 3575754|cpu 204] [info ] KV cache footprint: 34.10 GB in 158 books
[15:54:19.323405830|thread 3575754|cpu 204] [info ] KV cache footprint: 33.00 GB in 153 books
[15:54:19.323495786|thread 3575754|cpu 204] [info ] KV cache footprint: 31.90 GB in 148 books
[15:54:19.323507859|thread 3575754|cpu 204] [info ] KV cache footprint: 30.81 GB in 143 books
[15:54:19.323522883|thread 3575754|cpu 204] [info ] KV cache footprint: 29.71 GB in 138 books
[15:54:19.323534321|thread 3575754|cpu 204] [info ] KV cache footprint: 28.61 GB in 133 books
[15:54:19.323544049|thread 3575754|cpu 204] [info ] KV cache footprint: 27.51 GB in 128 books
[15:54:19.323552585|thread 3575754|cpu 204] [info ] KV cache footprint: 26.41 GB in 123 books
[15:54:19.323562873|thread 3575754|cpu 204] [info ] KV cache footprint: 25.31 GB in 118 books
[15:54:19.323572557|thread 3575754|cpu 204] [info ] KV cache footprint: 24.21 GB in 113 books
[15:54:19.323580765|thread 3575754|cpu 204] [info ] KV cache footprint: 23.12 GB in 108 books
[15:54:19.323591403|thread 3575754|cpu 204] [info ] KV cache footprint: 22.02 GB in 103 books
[15:54:19.323598386|thread 3575754|cpu 204] [info ] KV cache footprint: 20.92 GB in 98 books
[15:54:19.323608982|thread 3575754|cpu 204] [info ] KV cache footprint: 19.82 GB in 93 books
[15:54:19.323618380|thread 3575754|cpu 204] [info ] KV cache footprint: 18.68 GB in 85 books
[15:54:19.323627307|thread 3575754|cpu 204] [info ] KV cache footprint: 17.58 GB in 80 books
[15:54:19.323635736|thread 3575754|cpu 204] [info ] KV cache footprint: 16.48 GB in 75 books
[15:54:19.323645014|thread 3575754|cpu 204] [info ] KV cache footprint: 15.38 GB in 70 books
[15:54:19.364345161|thread 3575754|cpu 204] [info ] KV cache footprint: 14.28 GB in 65 books
[15:54:19.364357567|thread 3575754|cpu 204] [info ] KV cache footprint: 13.18 GB in 60 books
[15:54:19.364374253|thread 3575754|cpu 204] [info ] KV cache footprint: 12.08 GB in 55 books
[15:54:19.364390059|thread 3575754|cpu 204] [info ] KV cache footprint: 10.99 GB in 50 books
[15:54:19.364404618|thread 3575754|cpu 204] [info ] KV cache footprint: 9.89 GB in 45 books
[15:54:19.364417500|thread 3575754|cpu 204] [info ] KV cache footprint: 8.79 GB in 40 books
[15:54:19.364426718|thread 3575754|cpu 204] [info ] KV cache footprint: 7.69 GB in 35 books
[15:54:19.400598959|thread 3575754|cpu 204] [info ] KV cache footprint: 6.59 GB in 30 books
[15:54:19.400611257|thread 3575754|cpu 204] [info ] KV cache footprint: 5.49 GB in 25 books
[15:54:19.400630540|thread 3575754|cpu 204] [info ] KV cache footprint: 4.39 GB in 20 books
[15:54:19.400660439|thread 3575754|cpu 204] [info ] KV cache footprint: 3.30 GB in 15 books
[15:54:19.400672649|thread 3575754|cpu 204] [info ] KV cache footprint: 2.20 GB in 10 books
[15:54:19.400682365|thread 3575754|cpu 204] [info ] KV cache footprint: 1.10 GB in 5 books
[15:54:19.400698818|thread 3575754|cpu 204] [info ] KV cache footprint: 0.00 GB in 0 books
[15:54:19.400725258|thread 3575754|cpu 204] [info ] Detected 5158818 memory allocations
[15:54:19.416233563|thread 3575754|cpu 204] [info ] Worker speeds: [0.036764473, 0.038399898, 0.038492072, 0.038811993, 0.03741669, 0.038703214, 0.03796585, 0.037713926, 0.037699543, 0.037577894, 0.039095107, 0.03672498, 0.035411254, 0.036088403, 0.03614365, 0.036565896, 0.036430497, 0.036319595, 0.036682382, 0.035995185, 0.036218595, 0.036466822, 0.035967115, 0.036473013, 0.03648971, 0.036548503, 0.03683375]
fusermount3: /home/jhan/workspace/tron-amx/stats/instance-0 not mounted
