[15:54:20.664353540|thread 4071557|cpu 202] [info ] Seed not supplied, using random seed: 0x73bd158e1e92aac5
[15:54:20.664443713|thread 4071557|cpu 202] [info ] FUSE mount point scoped for instance 0,4: /home/jhan/workspace/tron-amx/stats/instance-0
[15:54:20.665864009|thread 4071557|cpu 202] [info ] heap_v2: registered FUSE stats under /rinzler/stats/dma_heap/
[15:54:20.665871401|thread 4071557|cpu 202] [debug] No PosDevices found; skipping registration of metrics
[15:54:20.668176050|thread 4071557|cpu 202] [info ] Stats/config mounted at /home/jhan/workspace/tron-amx/stats/instance-0
[15:54:21.354771806|thread 4071566|cpu 202] [info ] TSC frequency stable at 2699988854 Hz
[15:54:21.358066327|thread 4071566|cpu 202] [info ] TSC core calibration: min core,offset:5,-11   max core,offset:96,9
[15:54:21.358227978|thread 4071557|cpu 202] [info ] INIT: Intel RTM (TSX) supported
[15:54:21.359665344|thread 4071557|cpu 202] [info ] INIT: CPU vendor=Intel, cores=144, numa=2, model="Intel(R) Xeon(R) 6962P"
[15:54:21.359710099|thread 4071557|cpu 202] [info ] INIT: Found server type: granite_rapids_6962p: 144 cores, Intel Xeon 6962P Granite Rapids server
[15:54:21.359714979|thread 4071557|cpu 202] [info ] INIT: Successfully loaded resource map from /home/jhan/workspace/tron-amx/gen/../config/resource-map.yaml, server type: granite_rapids_6962p
[15:54:21.359818235|thread 4071557|cpu 202] [info ] App CPU list: 151-152,24-29,48-53,153-154,30-35,54-59
[15:54:21.359847618|thread 4071557|cpu 202] [info ] App CPU set: [24, 25, 26, 27, 28, 29, 30, 31, 32, 33, 34, 35, 48, 49, 50, 51, 52, 53, 54, 55, 56, 57, 58, 59, 151, 152, 153, 154]
[15:54:21.359849127|thread 4071557|cpu 202] [info ] App peer CPU set: [8, 9, 10, 11, 168, 169, 170, 171, 172, 173, 174, 175, 176, 177, 178, 179, 192, 193, 194, 195, 196, 197, 198, 199, 200, 201, 202, 203]
[15:54:21.359854831|thread 4071557|cpu 202] [warning] Helper CPU list is empty; helper threads will float on app cpu set.
[15:54:21.359864101|thread 4071557|cpu 202] [info ] Memory allocation policy set to numa 0
[15:54:21.359865446|thread 4071557|cpu 202] [info ] Configured instance 0,4 using resource map (/home/jhan/workspace/tron-amx/gen/../config/resource-map.yaml).
[15:54:21.359931811|thread 4071557|cpu 202] [info ] App CPU list: 151-152,24-29,48-53,153-154,30-35,54-59
[15:54:21.359937969|thread 4071557|cpu 202] [info ] App CPU set: [24, 25, 26, 27, 28, 29, 30, 31, 32, 33, 34, 35, 48, 49, 50, 51, 52, 53, 54, 55, 56, 57, 58, 59, 151, 152, 153, 154]
[15:54:21.359939008|thread 4071557|cpu 202] [info ] App peer CPU set: [8, 9, 10, 11, 168, 169, 170, 171, 172, 173, 174, 175, 176, 177, 178, 179, 192, 193, 194, 195, 196, 197, 198, 199, 200, 201, 202, 203]
[15:54:21.359941665|thread 4071557|cpu 202] [info ] Memory allocation policy set to numa 0
[15:54:21.359949327|thread 4071557|cpu 202] [info ] INIT: Beginning pos_startup()
[15:54:21.359950696|thread 4071557|cpu 202] [info ] INIT: Beginning pos_startup_host()
[15:54:21.359954192|thread 4071557|cpu 202] [info ] Version: 2026.08.19-1407f48d-jhan-amx-p0-dirty hash: 1407f48ddb370b27907a9bf9e39f8d6002aa3ee0
[15:54:21.359956566|thread 4071557|cpu 202] [info ] INIT: System optimization for Intel with 144 cores and 2 numa nodes.
[15:54:21.359957872|thread 4071557|cpu 202] [info ] INIT: Pinning application cores to 151-152,24-29,48-53,153-154,30-35,54-59.
[15:54:21.359979610|thread 4071557|cpu 202] [info ] INIT: Pinning device driver cores to 3,4.
[15:54:21.359995509|thread 4071557|cpu 202] [info ] INIT: NUMA set to 0.
[15:54:21.360094668|thread 4071557|cpu 202] [debug] INIT: Allocating 128 hugepages from /dev/hugepages/amx-co* on numa 0
[15:54:30.916113733|thread 4071557|cpu 202] [info ] pos_heap_setup: using arena allocator (pos_heap_v2)
[15:54:30.916305283|thread 4071557|cpu 202] [info ] heap_v2: pool expanded by 128 hugepages (128 GiB)
[15:54:30.916308174|thread 4071557|cpu 202] [info ] INIT: pos_startup_host() completed
[15:54:30.921167295|thread 4071557|cpu 202] [debug] Allocator initialized for base: 0x00000000000000, capacity: 0x00000040000000, alignment: 512,  padding 0
[15:54:30.929912283|thread 4071557|cpu 202] [debug] Allocator initialized for base: 0x00000000000000, capacity: 0x00000040000000, alignment: 512,  padding 0
[15:54:30.934787784|thread 4071557|cpu 202] [info ] Found 2 Positron devices
[15:54:31.482329041|thread 4071557|cpu 202] [debug] Dev 10:00.0 pre-blind_reset mailbox_update_addr: mailbox_update_addr: Addr: 7fd68d9fc010 Bar: 2 Offset: 200010 Flags: RW RAW:100005800 {mailbox_update_addr_fields {address[63:0]:4294989824 (hex:  100005800), }}
[15:54:31.482335411|thread 4073398|cpu 202] [debug] Dev 13:00.0 pre-blind_reset mailbox_update_addr: mailbox_update_addr: Addr: 7fd64d9fc010 Bar: 2 Offset: 200010 Flags: RW RAW:100005000 {mailbox_update_addr_fields {address[63:0]:4294987776 (hex:  100005000), }}
[15:54:31.482383724|thread 4073398|cpu 202] [debug] Dev 13:00.0 pre-blind_reset mono_results_counter: mono_results_counter: Addr: 7fd64d9fc018 Bar: 2 Offset: 200018 Flags: RW RAW:7600 {mono_results_counter_fields {counter[15:0]:30208 (hex:  7600), }}
[15:54:31.482352144|thread 4071557|cpu 202] [debug] Dev 10:00.0 pre-blind_reset mono_results_counter: mono_results_counter: Addr: 7fd68d9fc018 Bar: 2 Offset: 200018 Flags: RW RAW:a80 {mono_results_counter_fields {counter[15:0]:2688 (hex:  a80), }}
[15:54:31.482464164|thread 4073398|cpu 202] [warning] Dev 13:00.0 blind_reset: mailbox host write survived soft_reset (enable=true, target_iova=0x100005000); force-clearing
[15:54:31.482468100|thread 4071557|cpu 202] [warning] Dev 10:00.0 blind_reset: mailbox host write survived soft_reset (enable=true, target_iova=0x100005800); force-clearing
[15:54:31.482468890|thread 4073398|cpu 202] [warning] Dev 13:00.0 blind_reset: tracer host write survived soft_reset (enable=true, target_iova=0x100005400); force-clearing
[15:54:31.482474744|thread 4071557|cpu 202] [warning] Dev 10:00.0 blind_reset: tracer host write survived soft_reset (enable=true, target_iova=0x100005c00); force-clearing
[15:54:31.482489595|thread 4073398|cpu 202] [warning] Dev 13:00.0 blind_reset: queue[0] host write survived soft_reset (ctrl=0x0, target_iova=0x100002800); force-clearing
[15:54:31.482493501|thread 4071557|cpu 202] [warning] Dev 10:00.0 blind_reset: queue[0] host write survived soft_reset (ctrl=0x0, target_iova=0x100000000); force-clearing
[15:54:31.482497049|thread 4073398|cpu 202] [warning] Dev 13:00.0 blind_reset: queue[2049] host write survived soft_reset (ctrl=0x0, target_iova=0x100002c00); force-clearing
[15:54:31.482501763|thread 4071557|cpu 202] [warning] Dev 10:00.0 blind_reset: queue[2049] host write survived soft_reset (ctrl=0x0, target_iova=0x100000400); force-clearing
[15:54:31.482504654|thread 4073398|cpu 202] [warning] Dev 13:00.0 blind_reset: queue[2] host write survived soft_reset (ctrl=0x0, target_iova=0x100003000); force-clearing
[15:54:31.482509286|thread 4071557|cpu 202] [warning] Dev 10:00.0 blind_reset: queue[2] host write survived soft_reset (ctrl=0x0, target_iova=0x100000800); force-clearing
[15:54:31.482511786|thread 4073398|cpu 202] [warning] Dev 13:00.0 blind_reset: queue[2051] host write survived soft_reset (ctrl=0x0, target_iova=0x100003400); force-clearing
[15:54:31.482516451|thread 4071557|cpu 202] [warning] Dev 10:00.0 blind_reset: queue[2051] host write survived soft_reset (ctrl=0x0, target_iova=0x100000c00); force-clearing
[15:54:31.482519328|thread 4073398|cpu 202] [warning] Dev 13:00.0 blind_reset: queue[4] host write survived soft_reset (ctrl=0x0, target_iova=0x100002800); force-clearing
[15:54:31.482523774|thread 4071557|cpu 202] [warning] Dev 10:00.0 blind_reset: queue[4] host write survived soft_reset (ctrl=0x0, target_iova=0x100000000); force-clearing
[15:54:31.482526235|thread 4073398|cpu 202] [warning] Dev 13:00.0 blind_reset: queue[2053] host write survived soft_reset (ctrl=0x0, target_iova=0x100002c00); force-clearing
[15:54:31.482530936|thread 4071557|cpu 202] [warning] Dev 10:00.0 blind_reset: queue[2053] host write survived soft_reset (ctrl=0x0, target_iova=0x100000400); force-clearing
[15:54:31.482533430|thread 4073398|cpu 202] [warning] Dev 13:00.0 blind_reset: queue[6] host write survived soft_reset (ctrl=0x0, target_iova=0x100003000); force-clearing
[15:54:31.482538252|thread 4071557|cpu 202] [warning] Dev 10:00.0 blind_reset: queue[6] host write survived soft_reset (ctrl=0x0, target_iova=0x100000800); force-clearing
[15:54:31.482546167|thread 4073398|cpu 202] [warning] Dev 13:00.0 blind_reset: queue[2055] host write survived soft_reset (ctrl=0x0, target_iova=0x100003400); force-clearing
[15:54:31.482550736|thread 4071557|cpu 202] [warning] Dev 10:00.0 blind_reset: queue[2055] host write survived soft_reset (ctrl=0x0, target_iova=0x100000c00); force-clearing
[15:54:31.482580626|thread 4071557|cpu 202] [info ] Dev 10:00.0: Bitfile Release Code 01.05.08.00 Release Date 06-16-2026
[15:54:31.482585819|thread 4073398|cpu 202] [info ] Dev 13:00.0: Bitfile Release Code 01.05.08.00 Release Date 06-16-2026
[15:54:31.482589839|thread 4071557|cpu 202] [debug] Dev 10:00.0 init counters post-store: act_slots_free=&0x7fd700004000 val=2048 mm_in_flight=&0x7fd700004400 val=0 (num_activ_slots=2048)
[15:54:31.482595185|thread 4073398|cpu 202] [debug] Dev 13:00.0 init counters post-store: act_slots_free=&0x7fd700004800 val=2048 mm_in_flight=&0x7fd700004c00 val=0 (num_activ_slots=2048)
[15:54:31.593741327|thread 4073398|cpu 202] [debug] Device { idx: 1 addr: 13:00.0 pci_devid: 0x0011 iommu_group: 76 vfio_fd: 10 tx_ready: false rx_ready: false }
  offsets { bar2: 0x4000000000 bar4: 0x8000000000 mmsm_reg: 0x0 amem: 0x4030000000 rmem: 0x4020000000 metadata: 0x4000701000 hbm_north: 0x0 hbm_south: 0x1000000000 hbm_kv: 0x800000000 pos_device: 0xffff802a00000000 pos_host: 0x7fd600000000 }
  caps { col_depth: 128 num_cols: 128 num_fetchers: 32 num_activ_slots: 2048 max_activ_size_slots: 255 rmem_width: 32 pchan_size_bytes: 1073741824 attn_supported: true }
[15:54:31.593750366|thread 4073398|cpu 202] [debug] Dev 13:00.0 init counters end-of-init: act_slots_free=&0x7fd700004800 val=2048 mm_in_flight=&0x7fd700004c00 val=0 | mcnt_mbox=&0x7fd700005000 tracer_mbox=&0x7fd700005400
[15:54:31.593744369|thread 4071557|cpu 202] [debug] Device { idx: 0 addr: 10:00.0 pci_devid: 0x0011 iommu_group: 73 vfio_fd: 9 tx_ready: false rx_ready: false }
  offsets { bar2: 0x4000000000 bar4: 0x8000000000 mmsm_reg: 0x0 amem: 0x4030000000 rmem: 0x4020000000 metadata: 0x4000701000 hbm_north: 0x0 hbm_south: 0x1000000000 hbm_kv: 0x800000000 pos_device: 0xffff802a00000000 pos_host: 0x7fd600000000 }
  caps { col_depth: 128 num_cols: 128 num_fetchers: 32 num_activ_slots: 2048 max_activ_size_slots: 255 rmem_width: 32 pchan_size_bytes: 1073741824 attn_supported: true }
[15:54:31.593758747|thread 4071557|cpu 202] [debug] Dev 10:00.0 init counters end-of-init: act_slots_free=&0x7fd700004000 val=2048 mm_in_flight=&0x7fd700004400 val=0 | mcnt_mbox=&0x7fd700005800 tracer_mbox=&0x7fd700005c00
[15:54:31.593797235|thread 4071557|cpu 202] [info ] INIT: pos_startup() completed
[15:54:31.593888583|thread 4071557|cpu 202] [debug] INIT: First call to get_devices() detected, spawning workers
[15:54:31.594033000|thread 4071557|cpu 202] [debug] INIT: waiting for workers to be ready
[15:54:31.594524496|thread 4074177|cpu 202] [info ] [0;32mTx Worker for device 10:00.0 is ready on core 3[0m
[15:54:31.594587249|thread 4074179|cpu 202] [info ] [0;32mTx Worker for device 13:00.0 is ready on core 4[0m
[15:54:31.594680776|thread 4074180|cpu 202] [info ] [0;32mRx Worker for device 10:00.0 is ready on core 147[0m
[15:54:31.594719060|thread 4074181|cpu 202] [info ] [0;32mRx Worker for device 13:00.0 is ready on core 148[0m
[15:54:31.594741820|thread 4071557|cpu 202] [debug] INIT: All workers ready!
[15:54:31.601536057|thread 4071557|cpu 202] [info ] Creating tokenizer for path: /opt/positron/weights_cache/cached/positron-ai/Qwen--Qwen3-4B-Instruct-2507-ingest-best-gptq-v1
[15:54:31.601592408|thread 4071557|cpu 202] [info ] Loaded tokenizer_config.json with settings:
[15:54:31.601594668|thread 4071557|cpu 202] [info ]   add_bos_token: false
[15:54:31.601596854|thread 4071557|cpu 202] [info ] Found tokenizer.json, trying HuggingFace Rust tokenizer
[15:54:31.819443906|thread 4071557|cpu 202] [info ] BOS token text: '<none>', EOS token text: '<|im_end|>'
[15:54:31.819457534|thread 4071557|cpu 202] [info ] Using BOS token ID 151643 from model config
[15:54:31.819558890|thread 4071557|cpu 202] [info ] Found EOS token '<|im_end|>' with ID 151645 in tokenizer
[15:54:31.819575230|thread 4071557|cpu 202] [info ] Using stop tokens: 151645,151643
[15:54:31.929435023|thread 4071557|cpu 202] [info ] HF tokenizer: vocab cache populated 151669 from lexicon view
[15:54:31.929509842|thread 4071557|cpu 202] [info ] HuggingFace tokenizer loaded successfully at /opt/positron/weights_cache/cached/positron-ai/Qwen--Qwen3-4B-Instruct-2507-ingest-best-gptq-v1
[15:54:31.929533338|thread 4071557|cpu 202] [info ] Successfully created HuggingFace Rust tokenizer
[15:54:32.044891690|thread 4071557|cpu 202] [warning] replicating prompt of length 3035
[15:54:32.044905639|thread 4071557|cpu 202] [warning] replicating prompt of length 6070
[15:54:32.044908361|thread 4071557|cpu 202] [warning] replicating prompt of length 2014
[15:54:32.044910193|thread 4071557|cpu 202] [warning] replicating prompt of length 4028
[15:54:32.044911427|thread 4071557|cpu 202] [warning] replicating prompt of length 6042
[15:54:32.044912617|thread 4071557|cpu 202] [warning] replicating prompt of length 8056
[15:54:32.044915300|thread 4071557|cpu 202] [warning] replicating prompt of length 8159
[15:54:32.044922120|thread 4071557|cpu 202] [warning] replicating prompt of length 2270
[15:54:32.044924071|thread 4071557|cpu 202] [warning] replicating prompt of length 4540
[15:54:32.044927217|thread 4071557|cpu 202] [warning] replicating prompt of length 6810
[15:54:32.044928254|thread 4071557|cpu 202] [warning] replicating prompt of length 1056
[15:54:32.044929299|thread 4071557|cpu 202] [warning] replicating prompt of length 2112
[15:54:32.044930036|thread 4071557|cpu 202] [warning] replicating prompt of length 3168
[15:54:32.044930735|thread 4071557|cpu 202] [warning] replicating prompt of length 4224
[15:54:32.044933091|thread 4071557|cpu 202] [warning] replicating prompt of length 5280
[15:54:32.044933912|thread 4071557|cpu 202] [warning] replicating prompt of length 6336
[15:54:32.044934685|thread 4071557|cpu 202] [warning] replicating prompt of length 7392
[15:54:32.044935506|thread 4071557|cpu 202] [warning] replicating prompt of length 1193
[15:54:32.044936507|thread 4071557|cpu 202] [warning] replicating prompt of length 2386
[15:54:32.044937291|thread 4071557|cpu 202] [warning] replicating prompt of length 3579
[15:54:32.044938069|thread 4071557|cpu 202] [warning] replicating prompt of length 4772
[15:54:32.044940286|thread 4071557|cpu 202] [warning] replicating prompt of length 5965
[15:54:32.044941134|thread 4071557|cpu 202] [warning] replicating prompt of length 7158
[15:54:32.044941908|thread 4071557|cpu 202] [warning] replicating prompt of length 1359
[15:54:32.044942944|thread 4071557|cpu 202] [warning] replicating prompt of length 2718
[15:54:32.044943758|thread 4071557|cpu 202] [warning] replicating prompt of length 4077
[15:54:32.044944458|thread 4071557|cpu 202] [warning] replicating prompt of length 5436
[15:54:32.044946712|thread 4071557|cpu 202] [warning] replicating prompt of length 6795
[15:54:32.044947582|thread 4071557|cpu 202] [warning] replicating prompt of length 8154
[15:54:32.044948255|thread 4071557|cpu 202] [warning] replicating prompt of length 1300
[15:54:32.044949287|thread 4071557|cpu 202] [warning] replicating prompt of length 2600
[15:54:32.044950072|thread 4071557|cpu 202] [warning] replicating prompt of length 3900
[15:54:32.044950784|thread 4071557|cpu 202] [warning] replicating prompt of length 5200
[15:54:32.044952958|thread 4071557|cpu 202] [warning] replicating prompt of length 6500
[15:54:32.044953805|thread 4071557|cpu 202] [warning] replicating prompt of length 7800
[15:54:32.044954502|thread 4071557|cpu 202] [warning] replicating prompt of length 5028
[15:54:32.044956542|thread 4071557|cpu 202] [warning] replicating prompt of length 2126
[15:54:32.044957891|thread 4071557|cpu 202] [warning] replicating prompt of length 4252
[15:54:32.044965847|thread 4071557|cpu 202] [warning] replicating prompt of length 6378
[15:54:32.044967398|thread 4071557|cpu 202] [warning] replicating prompt of length 945
[15:54:32.044968391|thread 4071557|cpu 202] [warning] replicating prompt of length 1890
[15:54:32.044969218|thread 4071557|cpu 202] [warning] replicating prompt of length 2835
[15:54:32.044969907|thread 4071557|cpu 202] [warning] replicating prompt of length 3780
[15:54:32.044970786|thread 4071557|cpu 202] [warning] replicating prompt of length 4725
[15:54:32.044971486|thread 4071557|cpu 202] [warning] replicating prompt of length 5670
[15:54:32.044972162|thread 4071557|cpu 202] [warning] replicating prompt of length 6615
[15:54:32.044972830|thread 4071557|cpu 202] [warning] replicating prompt of length 7560
[15:54:32.044975941|thread 4071557|cpu 202] [warning] replicating prompt of length 1250
[15:54:32.044977105|thread 4071557|cpu 202] [warning] replicating prompt of length 2500
[15:54:32.044977893|thread 4071557|cpu 202] [warning] replicating prompt of length 3750
[15:54:32.044978573|thread 4071557|cpu 202] [warning] replicating prompt of length 5000
[15:54:32.044981025|thread 4071557|cpu 202] [warning] replicating prompt of length 6250
[15:54:32.044982047|thread 4071557|cpu 202] [warning] replicating prompt of length 7500
[15:54:32.044982907|thread 4071557|cpu 202] [warning] replicating prompt of length 2490
[15:54:32.044984078|thread 4071557|cpu 202] [warning] replicating prompt of length 4980
[15:54:32.044986428|thread 4071557|cpu 202] [warning] replicating prompt of length 7470
[15:54:32.044987236|thread 4071557|cpu 202] [warning] replicating prompt of length 1064
[15:54:32.044988144|thread 4071557|cpu 202] [warning] replicating prompt of length 2128
[15:54:32.044988875|thread 4071557|cpu 202] [warning] replicating prompt of length 3192
[15:54:32.044989542|thread 4071557|cpu 202] [warning] replicating prompt of length 4256
[15:54:32.044991753|thread 4071557|cpu 202] [warning] replicating prompt of length 5320
[15:54:32.044992590|thread 4071557|cpu 202] [warning] replicating prompt of length 6384
[15:54:32.044993385|thread 4071557|cpu 202] [warning] replicating prompt of length 7448
[15:54:32.044994145|thread 4071557|cpu 202] [warning] replicating prompt of length 1709
[15:54:32.044995624|thread 4071557|cpu 202] [warning] replicating prompt of length 3418
[15:54:32.044997079|thread 4071557|cpu 202] [warning] replicating prompt of length 5127
[15:54:32.044997987|thread 4071557|cpu 202] [warning] replicating prompt of length 6836
[15:54:32.045000311|thread 4071557|cpu 202] [warning] replicating prompt of length 7873
[15:54:32.045002661|thread 4071557|cpu 202] [warning] replicating prompt of length 3255
[15:54:32.045004087|thread 4071557|cpu 202] [warning] replicating prompt of length 6510
[15:54:32.045006555|thread 4071557|cpu 202] [warning] replicating prompt of length 2073
[15:54:32.045007694|thread 4071557|cpu 202] [warning] replicating prompt of length 4146
[15:54:32.045010108|thread 4071557|cpu 202] [warning] replicating prompt of length 6219
[15:54:32.045011058|thread 4071557|cpu 202] [warning] replicating prompt of length 1749
[15:54:32.045012101|thread 4071557|cpu 202] [warning] replicating prompt of length 3498
[15:54:32.045012956|thread 4071557|cpu 202] [warning] replicating prompt of length 5247
[15:54:32.045013719|thread 4071557|cpu 202] [warning] replicating prompt of length 6996
[15:54:32.045016176|thread 4071557|cpu 202] [warning] replicating prompt of length 1243
[15:54:32.045017208|thread 4071557|cpu 202] [warning] replicating prompt of length 2486
[15:54:32.045022640|thread 4071557|cpu 202] [warning] replicating prompt of length 3729
[15:54:32.045023648|thread 4071557|cpu 202] [warning] replicating prompt of length 4972
[15:54:32.045025859|thread 4071557|cpu 202] [warning] replicating prompt of length 6215
[15:54:32.045026719|thread 4071557|cpu 202] [warning] replicating prompt of length 7458
[15:54:32.045027463|thread 4071557|cpu 202] [warning] replicating prompt of length 1628
[15:54:32.045029586|thread 4071557|cpu 202] [warning] replicating prompt of length 3256
[15:54:32.045030457|thread 4071557|cpu 202] [warning] replicating prompt of length 4884
[15:54:32.045031216|thread 4071557|cpu 202] [warning] replicating prompt of length 6512
[15:54:32.045034010|thread 4071557|cpu 202] [warning] replicating prompt of length 8140
[15:54:32.045034725|thread 4071557|cpu 202] [warning] replicating prompt of length 2390
[15:54:32.045035904|thread 4071557|cpu 202] [warning] replicating prompt of length 4780
[15:54:32.045038167|thread 4071557|cpu 202] [warning] replicating prompt of length 7170
[15:54:32.045039014|thread 4071557|cpu 202] [warning] replicating prompt of length 557
[15:54:32.045039904|thread 4071557|cpu 202] [warning] replicating prompt of length 1114
[15:54:32.045040638|thread 4071557|cpu 202] [warning] replicating prompt of length 1671
[15:54:32.045041318|thread 4071557|cpu 202] [warning] replicating prompt of length 2228
[15:54:32.045042037|thread 4071557|cpu 202] [warning] replicating prompt of length 2785
[15:54:32.045042708|thread 4071557|cpu 202] [warning] replicating prompt of length 3342
[15:54:32.045043366|thread 4071557|cpu 202] [warning] replicating prompt of length 3899
[15:54:32.045044022|thread 4071557|cpu 202] [warning] replicating prompt of length 4456
[15:54:32.045046405|thread 4071557|cpu 202] [warning] replicating prompt of length 5013
[15:54:32.045047228|thread 4071557|cpu 202] [warning] replicating prompt of length 5570
[15:54:32.045047935|thread 4071557|cpu 202] [warning] replicating prompt of length 6127
[15:54:32.045048620|thread 4071557|cpu 202] [warning] replicating prompt of length 6684
[15:54:32.045049375|thread 4071557|cpu 202] [warning] replicating prompt of length 7241
[15:54:32.045050064|thread 4071557|cpu 202] [warning] replicating prompt of length 7798
[15:54:32.045050821|thread 4071557|cpu 202] [warning] replicating prompt of length 2355
[15:54:32.045052002|thread 4071557|cpu 202] [warning] replicating prompt of length 4710
[15:54:32.045054448|thread 4071557|cpu 202] [warning] replicating prompt of length 7065
[15:54:32.045055275|thread 4071557|cpu 202] [warning] replicating prompt of length 410
[15:54:32.045056403|thread 4071557|cpu 202] [warning] replicating prompt of length 820
[15:54:32.045057201|thread 4071557|cpu 202] [warning] replicating prompt of length 1230
[15:54:32.045057894|thread 4071557|cpu 202] [warning] replicating prompt of length 1640
[15:54:32.045058653|thread 4071557|cpu 202] [warning] replicating prompt of length 2050
[15:54:32.045059374|thread 4071557|cpu 202] [warning] replicating prompt of length 2460
[15:54:32.045060026|thread 4071557|cpu 202] [warning] replicating prompt of length 2870
[15:54:32.045060666|thread 4071557|cpu 202] [warning] replicating prompt of length 3280
[15:54:32.045061551|thread 4071557|cpu 202] [warning] replicating prompt of length 3690
[15:54:32.045062192|thread 4071557|cpu 202] [warning] replicating prompt of length 4100
[15:54:32.045062831|thread 4071557|cpu 202] [warning] replicating prompt of length 4510
[15:54:32.045063454|thread 4071557|cpu 202] [warning] replicating prompt of length 4920
[15:54:32.045064103|thread 4071557|cpu 202] [warning] replicating prompt of length 5330
[15:54:32.045064752|thread 4071557|cpu 202] [warning] replicating prompt of length 5740
[15:54:32.045065378|thread 4071557|cpu 202] [warning] replicating prompt of length 6150
[15:54:32.045066031|thread 4071557|cpu 202] [warning] replicating prompt of length 6560
[15:54:32.045068814|thread 4071557|cpu 202] [warning] replicating prompt of length 6970
[15:54:32.045069557|thread 4071557|cpu 202] [warning] replicating prompt of length 7380
[15:54:32.045070217|thread 4071557|cpu 202] [warning] replicating prompt of length 7790
[15:54:32.045070889|thread 4071557|cpu 202] [warning] replicating prompt of length 1722
[15:54:32.045071906|thread 4071557|cpu 202] [warning] replicating prompt of length 3444
[15:54:32.045072747|thread 4071557|cpu 202] [warning] replicating prompt of length 5166
[15:54:32.045073501|thread 4071557|cpu 202] [warning] replicating prompt of length 6888
[15:54:32.045076346|thread 4071557|cpu 202] [warning] replicating prompt of length 2378
[15:54:32.045077671|thread 4071557|cpu 202] [warning] replicating prompt of length 4756
[15:54:32.045080178|thread 4071557|cpu 202] [warning] replicating prompt of length 7134
[15:54:32.045081059|thread 4071557|cpu 202] [warning] replicating prompt of length 1980
[15:54:32.045082240|thread 4071557|cpu 202] [warning] replicating prompt of length 3960
[15:54:32.045083123|thread 4071557|cpu 202] [warning] replicating prompt of length 5940
[15:54:32.045083934|thread 4071557|cpu 202] [warning] replicating prompt of length 7920
[15:54:32.045086297|thread 4071557|cpu 202] [warning] replicating prompt of length 1756
[15:54:32.045087413|thread 4071557|cpu 202] [warning] replicating prompt of length 3512
[15:54:32.045088357|thread 4071557|cpu 202] [warning] replicating prompt of length 5268
[15:54:32.045089103|thread 4071557|cpu 202] [warning] replicating prompt of length 7024
[15:54:32.045091406|thread 4071557|cpu 202] [warning] replicating prompt of length 411
[15:54:32.045092238|thread 4071557|cpu 202] [warning] replicating prompt of length 822
[15:54:32.045092949|thread 4071557|cpu 202] [warning] replicating prompt of length 1233
[15:54:32.045093603|thread 4071557|cpu 202] [warning] replicating prompt of length 1644
[15:54:32.045094330|thread 4071557|cpu 202] [warning] replicating prompt of length 2055
[15:54:32.045094989|thread 4071557|cpu 202] [warning] replicating prompt of length 2466
[15:54:32.045095627|thread 4071557|cpu 202] [warning] replicating prompt of length 2877
[15:54:32.045096269|thread 4071557|cpu 202] [warning] replicating prompt of length 3288
[15:54:32.045097085|thread 4071557|cpu 202] [warning] replicating prompt of length 3699
[15:54:32.045097726|thread 4071557|cpu 202] [warning] replicating prompt of length 4110
[15:54:32.045098357|thread 4071557|cpu 202] [warning] replicating prompt of length 4521
[15:54:32.045098984|thread 4071557|cpu 202] [warning] replicating prompt of length 4932
[15:54:32.045099624|thread 4071557|cpu 202] [warning] replicating prompt of length 5343
[15:54:32.045100261|thread 4071557|cpu 202] [warning] replicating prompt of length 5754
[15:54:32.045100900|thread 4071557|cpu 202] [warning] replicating prompt of length 6165
[15:54:32.045101538|thread 4071557|cpu 202] [warning] replicating prompt of length 6576
[15:54:32.045104045|thread 4071557|cpu 202] [warning] replicating prompt of length 6987
[15:54:32.045104752|thread 4071557|cpu 202] [warning] replicating prompt of length 7398
[15:54:32.045105419|thread 4071557|cpu 202] [warning] replicating prompt of length 7809
[15:54:32.045106072|thread 4071557|cpu 202] [warning] replicating prompt of length 1269
[15:54:32.045106997|thread 4071557|cpu 202] [warning] replicating prompt of length 2538
[15:54:32.045107787|thread 4071557|cpu 202] [warning] replicating prompt of length 3807
[15:54:32.045108482|thread 4071557|cpu 202] [warning] replicating prompt of length 5076
[15:54:32.045110575|thread 4071557|cpu 202] [warning] replicating prompt of length 6345
[15:54:32.045111447|thread 4071557|cpu 202] [warning] replicating prompt of length 7614
[15:54:32.045112131|thread 4071557|cpu 202] [warning] replicating prompt of length 2285
[15:54:32.045113249|thread 4071557|cpu 202] [warning] replicating prompt of length 4570
[15:54:32.045115992|thread 4071557|cpu 202] [warning] replicating prompt of length 6855
[15:54:32.045116909|thread 4071557|cpu 202] [warning] replicating prompt of length 435
[15:54:32.045117726|thread 4071557|cpu 202] [warning] replicating prompt of length 870
[15:54:32.045118445|thread 4071557|cpu 202] [warning] replicating prompt of length 1305
[15:54:32.045121532|thread 4071557|cpu 202] [warning] replicating prompt of length 1740
[15:54:32.045122704|thread 4071557|cpu 202] [warning] replicating prompt of length 2175
[15:54:32.045123387|thread 4071557|cpu 202] [warning] replicating prompt of length 2610
[15:54:32.045124020|thread 4071557|cpu 202] [warning] replicating prompt of length 3045
[15:54:32.045124672|thread 4071557|cpu 202] [warning] replicating prompt of length 3480
[15:54:32.045126381|thread 4071557|cpu 202] [warning] replicating prompt of length 3915
[15:54:32.045127048|thread 4071557|cpu 202] [warning] replicating prompt of length 4350
[15:54:32.045127672|thread 4071557|cpu 202] [warning] replicating prompt of length 4785
[15:54:32.045128305|thread 4071557|cpu 202] [warning] replicating prompt of length 5220
[15:54:32.045128984|thread 4071557|cpu 202] [warning] replicating prompt of length 5655
[15:54:32.045129617|thread 4071557|cpu 202] [warning] replicating prompt of length 6090
[15:54:32.045130263|thread 4071557|cpu 202] [warning] replicating prompt of length 6525
[15:54:32.045130906|thread 4071557|cpu 202] [warning] replicating prompt of length 6960
[15:54:32.045133343|thread 4071557|cpu 202] [warning] replicating prompt of length 7395
[15:54:32.045134174|thread 4071557|cpu 202] [warning] replicating prompt of length 7830
[15:54:32.045135138|thread 4071557|cpu 202] [warning] replicating prompt of length 386
[15:54:32.045135909|thread 4071557|cpu 202] [warning] replicating prompt of length 772
[15:54:32.045136621|thread 4071557|cpu 202] [warning] replicating prompt of length 1158
[15:54:32.045137281|thread 4071557|cpu 202] [warning] replicating prompt of length 1544
[15:54:32.045138089|thread 4071557|cpu 202] [warning] replicating prompt of length 1930
[15:54:32.045138730|thread 4071557|cpu 202] [warning] replicating prompt of length 2316
[15:54:32.045139375|thread 4071557|cpu 202] [warning] replicating prompt of length 2702
[15:54:32.045140007|thread 4071557|cpu 202] [warning] replicating prompt of length 3088
[15:54:32.045140838|thread 4071557|cpu 202] [warning] replicating prompt of length 3474
[15:54:32.045141492|thread 4071557|cpu 202] [warning] replicating prompt of length 3860
[15:54:32.045142123|thread 4071557|cpu 202] [warning] replicating prompt of length 4246
[15:54:32.045142753|thread 4071557|cpu 202] [warning] replicating prompt of length 4632
[15:54:32.045143384|thread 4071557|cpu 202] [warning] replicating prompt of length 5018
[15:54:32.045144034|thread 4071557|cpu 202] [warning] replicating prompt of length 5404
[15:54:32.045144657|thread 4071557|cpu 202] [warning] replicating prompt of length 5790
[15:54:32.045145283|thread 4071557|cpu 202] [warning] replicating prompt of length 6176
[15:54:32.045148058|thread 4071557|cpu 202] [warning] replicating prompt of length 6562
[15:54:32.045148769|thread 4071557|cpu 202] [warning] replicating prompt of length 6948
[15:54:32.045149516|thread 4071557|cpu 202] [warning] replicating prompt of length 7334
[15:54:32.045150168|thread 4071557|cpu 202] [warning] replicating prompt of length 7720
[15:54:32.045154464|thread 4071557|cpu 202] [warning] replicating prompt of length 8106
[15:54:32.045155290|thread 4071557|cpu 202] [warning] replicating prompt of length 1071
[15:54:32.045156210|thread 4071557|cpu 202] [warning] replicating prompt of length 2142
[15:54:32.045157002|thread 4071557|cpu 202] [warning] replicating prompt of length 3213
[15:54:32.045157671|thread 4071557|cpu 202] [warning] replicating prompt of length 4284
[15:54:32.045159952|thread 4071557|cpu 202] [warning] replicating prompt of length 5355
[15:54:32.045160778|thread 4071557|cpu 202] [warning] replicating prompt of length 6426
[15:54:32.045161536|thread 4071557|cpu 202] [warning] replicating prompt of length 7497
[15:54:32.045162281|thread 4071557|cpu 202] [warning] replicating prompt of length 143
[15:54:32.045163220|thread 4071557|cpu 202] [warning] replicating prompt of length 286
[15:54:32.045164073|thread 4071557|cpu 202] [warning] replicating prompt of length 429
[15:54:32.045164747|thread 4071557|cpu 202] [warning] replicating prompt of length 572
[15:54:32.045165455|thread 4071557|cpu 202] [warning] replicating prompt of length 715
[15:54:32.045166092|thread 4071557|cpu 202] [warning] replicating prompt of length 858
[15:54:32.045166743|thread 4071557|cpu 202] [warning] replicating prompt of length 1001
[15:54:32.045167392|thread 4071557|cpu 202] [warning] replicating prompt of length 1144
[15:54:32.045170997|thread 4071557|cpu 202] [warning] replicating prompt of length 1287
[15:54:32.045171732|thread 4071557|cpu 202] [warning] replicating prompt of length 1430
[15:54:32.045172383|thread 4071557|cpu 202] [warning] replicating prompt of length 1573
[15:54:32.045173023|thread 4071557|cpu 202] [warning] replicating prompt of length 1716
[15:54:32.045173656|thread 4071557|cpu 202] [warning] replicating prompt of length 1859
[15:54:32.045174296|thread 4071557|cpu 202] [warning] replicating prompt of length 2002
[15:54:32.045174932|thread 4071557|cpu 202] [warning] replicating prompt of length 2145
[15:54:32.045175566|thread 4071557|cpu 202] [warning] replicating prompt of length 2288
[15:54:32.045176337|thread 4071557|cpu 202] [warning] replicating prompt of length 2431
[15:54:32.045176979|thread 4071557|cpu 202] [warning] replicating prompt of length 2574
[15:54:32.045177613|thread 4071557|cpu 202] [warning] replicating prompt of length 2717
[15:54:32.045178236|thread 4071557|cpu 202] [warning] replicating prompt of length 2860
[15:54:32.045178862|thread 4071557|cpu 202] [warning] replicating prompt of length 3003
[15:54:32.045179496|thread 4071557|cpu 202] [warning] replicating prompt of length 3146
[15:54:32.045180122|thread 4071557|cpu 202] [warning] replicating prompt of length 3289
[15:54:32.045180754|thread 4071557|cpu 202] [warning] replicating prompt of length 3432
[15:54:32.045181410|thread 4071557|cpu 202] [warning] replicating prompt of length 3575
[15:54:32.045182033|thread 4071557|cpu 202] [warning] replicating prompt of length 3718
[15:54:32.045182671|thread 4071557|cpu 202] [warning] replicating prompt of length 3861
[15:54:32.045183320|thread 4071557|cpu 202] [warning] replicating prompt of length 4004
[15:54:32.045183945|thread 4071557|cpu 202] [warning] replicating prompt of length 4147
[15:54:32.045184595|thread 4071557|cpu 202] [warning] replicating prompt of length 4290
[15:54:32.045185235|thread 4071557|cpu 202] [warning] replicating prompt of length 4433
[15:54:32.045185876|thread 4071557|cpu 202] [warning] replicating prompt of length 4576
[15:54:32.045188252|thread 4071557|cpu 202] [warning] replicating prompt of length 4719
[15:54:32.045188942|thread 4071557|cpu 202] [warning] replicating prompt of length 4862
[15:54:32.045189613|thread 4071557|cpu 202] [warning] replicating prompt of length 5005
[15:54:32.045190243|thread 4071557|cpu 202] [warning] replicating prompt of length 5148
[15:54:32.045190883|thread 4071557|cpu 202] [warning] replicating prompt of length 5291
[15:54:32.045191516|thread 4071557|cpu 202] [warning] replicating prompt of length 5434
[15:54:32.045192145|thread 4071557|cpu 202] [warning] replicating prompt of length 5577
[15:54:32.045192825|thread 4071557|cpu 202] [warning] replicating prompt of length 5720
[15:54:32.045193477|thread 4071557|cpu 202] [warning] replicating prompt of length 5863
[15:54:32.045194112|thread 4071557|cpu 202] [warning] replicating prompt of length 6006
[15:54:32.045194755|thread 4071557|cpu 202] [warning] replicating prompt of length 6149
[15:54:32.045195396|thread 4071557|cpu 202] [warning] replicating prompt of length 6292
[15:54:32.045196025|thread 4071557|cpu 202] [warning] replicating prompt of length 6435
[15:54:32.045196653|thread 4071557|cpu 202] [warning] replicating prompt of length 6578
[15:54:32.045197316|thread 4071557|cpu 202] [warning] replicating prompt of length 6721
[15:54:32.045197978|thread 4071557|cpu 202] [warning] replicating prompt of length 6864
[15:54:32.045198648|thread 4071557|cpu 202] [warning] replicating prompt of length 7007
[15:54:32.045199277|thread 4071557|cpu 202] [warning] replicating prompt of length 7150
[15:54:32.045202102|thread 4071557|cpu 202] [warning] replicating prompt of length 7293
[15:54:32.045202837|thread 4071557|cpu 202] [warning] replicating prompt of length 7436
[15:54:32.045203463|thread 4071557|cpu 202] [warning] replicating prompt of length 7579
[15:54:32.045204107|thread 4071557|cpu 202] [warning] replicating prompt of length 7722
[15:54:32.045204769|thread 4071557|cpu 202] [warning] replicating prompt of length 7865
[15:54:32.045206121|thread 4071557|cpu 202] [warning] replicating prompt of length 8008
[15:54:32.045206754|thread 4071557|cpu 202] [warning] replicating prompt of length 8151
[15:54:32.045207451|thread 4071557|cpu 202] [warning] replicating prompt of length 99
[15:54:32.045208325|thread 4071557|cpu 202] [warning] replicating prompt of length 198
[15:54:32.045209046|thread 4071557|cpu 202] [warning] replicating prompt of length 297
[15:54:32.045209733|thread 4071557|cpu 202] [warning] replicating prompt of length 396
[15:54:32.045210414|thread 4071557|cpu 202] [warning] replicating prompt of length 495
[15:54:32.045211057|thread 4071557|cpu 202] [warning] replicating prompt of length 594
[15:54:32.045211685|thread 4071557|cpu 202] [warning] replicating prompt of length 693
[15:54:32.045212318|thread 4071557|cpu 202] [warning] replicating prompt of length 792
[15:54:32.045213014|thread 4071557|cpu 202] [warning] replicating prompt of length 891
[15:54:32.045213654|thread 4071557|cpu 202] [warning] replicating prompt of length 990
[15:54:32.045214281|thread 4071557|cpu 202] [warning] replicating prompt of length 1089
[15:54:32.045214953|thread 4071557|cpu 202] [warning] replicating prompt of length 1188
[15:54:32.045215616|thread 4071557|cpu 202] [warning] replicating prompt of length 1287
[15:54:32.045216257|thread 4071557|cpu 202] [warning] replicating prompt of length 1386
[15:54:32.045216891|thread 4071557|cpu 202] [warning] replicating prompt of length 1485
[15:54:32.045217511|thread 4071557|cpu 202] [warning] replicating prompt of length 1584
[15:54:32.045218238|thread 4071557|cpu 202] [warning] replicating prompt of length 1683
[15:54:32.045218881|thread 4071557|cpu 202] [warning] replicating prompt of length 1782
[15:54:32.045219506|thread 4071557|cpu 202] [warning] replicating prompt of length 1881
[15:54:32.045220128|thread 4071557|cpu 202] [warning] replicating prompt of length 1980
[15:54:32.045220752|thread 4071557|cpu 202] [warning] replicating prompt of length 2079
[15:54:32.045221385|thread 4071557|cpu 202] [warning] replicating prompt of length 2178
[15:54:32.045222028|thread 4071557|cpu 202] [warning] replicating prompt of length 2277
[15:54:32.045222662|thread 4071557|cpu 202] [warning] replicating prompt of length 2376
[15:54:32.045223285|thread 4071557|cpu 202] [warning] replicating prompt of length 2475
[15:54:32.045223906|thread 4071557|cpu 202] [warning] replicating prompt of length 2574
[15:54:32.045224535|thread 4071557|cpu 202] [warning] replicating prompt of length 2673
[15:54:32.045225180|thread 4071557|cpu 202] [warning] replicating prompt of length 2772
[15:54:32.045225808|thread 4071557|cpu 202] [warning] replicating prompt of length 2871
[15:54:32.045226466|thread 4071557|cpu 202] [warning] replicating prompt of length 2970
[15:54:32.045227097|thread 4071557|cpu 202] [warning] replicating prompt of length 3069
[15:54:32.045227723|thread 4071557|cpu 202] [warning] replicating prompt of length 3168
[15:54:32.045228595|thread 4071557|cpu 202] [warning] replicating prompt of length 3267
[15:54:32.045229238|thread 4071557|cpu 202] [warning] replicating prompt of length 3366
[15:54:32.045229868|thread 4071557|cpu 202] [warning] replicating prompt of length 3465
[15:54:32.045230521|thread 4071557|cpu 202] [warning] replicating prompt of length 3564
[15:54:32.045231152|thread 4071557|cpu 202] [warning] replicating prompt of length 3663
[15:54:32.045231779|thread 4071557|cpu 202] [warning] replicating prompt of length 3762
[15:54:32.045232410|thread 4071557|cpu 202] [warning] replicating prompt of length 3861
[15:54:32.045233037|thread 4071557|cpu 202] [warning] replicating prompt of length 3960
[15:54:32.045233705|thread 4071557|cpu 202] [warning] replicating prompt of length 4059
[15:54:32.045234325|thread 4071557|cpu 202] [warning] replicating prompt of length 4158
[15:54:32.045234959|thread 4071557|cpu 202] [warning] replicating prompt of length 4257
[15:54:32.045235579|thread 4071557|cpu 202] [warning] replicating prompt of length 4356
[15:54:32.045236876|thread 4071557|cpu 202] [warning] replicating prompt of length 4455
[15:54:32.045237505|thread 4071557|cpu 202] [warning] replicating prompt of length 4554
[15:54:32.045238128|thread 4071557|cpu 202] [warning] replicating prompt of length 4653
[15:54:32.045238771|thread 4071557|cpu 202] [warning] replicating prompt of length 4752
[15:54:32.045239397|thread 4071557|cpu 202] [warning] replicating prompt of length 4851
[15:54:32.045240039|thread 4071557|cpu 202] [warning] replicating prompt of length 4950
[15:54:32.045240664|thread 4071557|cpu 202] [warning] replicating prompt of length 5049
[15:54:32.045241317|thread 4071557|cpu 202] [warning] replicating prompt of length 5148
[15:54:32.045241946|thread 4071557|cpu 202] [warning] replicating prompt of length 5247
[15:54:32.045242567|thread 4071557|cpu 202] [warning] replicating prompt of length 5346
[15:54:32.045243204|thread 4071557|cpu 202] [warning] replicating prompt of length 5445
[15:54:32.045243828|thread 4071557|cpu 202] [warning] replicating prompt of length 5544
[15:54:32.045244463|thread 4071557|cpu 202] [warning] replicating prompt of length 5643
[15:54:32.045245083|thread 4071557|cpu 202] [warning] replicating prompt of length 5742
[15:54:32.045245706|thread 4071557|cpu 202] [warning] replicating prompt of length 5841
[15:54:32.045246328|thread 4071557|cpu 202] [warning] replicating prompt of length 5940
[15:54:32.045246949|thread 4071557|cpu 202] [warning] replicating prompt of length 6039
[15:54:32.045247573|thread 4071557|cpu 202] [warning] replicating prompt of length 6138
[15:54:32.045248207|thread 4071557|cpu 202] [warning] replicating prompt of length 6237
[15:54:32.045248836|thread 4071557|cpu 202] [warning] replicating prompt of length 6336
[15:54:32.045251342|thread 4071557|cpu 202] [warning] replicating prompt of length 6435
[15:54:32.045252042|thread 4071557|cpu 202] [warning] replicating prompt of length 6534
[15:54:32.045252660|thread 4071557|cpu 202] [warning] replicating prompt of length 6633
[15:54:32.045253279|thread 4071557|cpu 202] [warning] replicating prompt of length 6732
[15:54:32.045253895|thread 4071557|cpu 202] [warning] replicating prompt of length 6831
[15:54:32.045254515|thread 4071557|cpu 202] [warning] replicating prompt of length 6930
[15:54:32.045255143|thread 4071557|cpu 202] [warning] replicating prompt of length 7029
[15:54:32.045255772|thread 4071557|cpu 202] [warning] replicating prompt of length 7128
[15:54:32.045256446|thread 4071557|cpu 202] [warning] replicating prompt of length 7227
[15:54:32.045257357|thread 4071557|cpu 202] [warning] replicating prompt of length 7326
[15:54:32.045258022|thread 4071557|cpu 202] [warning] replicating prompt of length 7425
[15:54:32.045258651|thread 4071557|cpu 202] [warning] replicating prompt of length 7524
[15:54:32.045259268|thread 4071557|cpu 202] [warning] replicating prompt of length 7623
[15:54:32.045259884|thread 4071557|cpu 202] [warning] replicating prompt of length 7722
[15:54:32.045260506|thread 4071557|cpu 202] [warning] replicating prompt of length 7821
[15:54:32.045261144|thread 4071557|cpu 202] [warning] replicating prompt of length 7920
[15:54:32.045261772|thread 4071557|cpu 202] [warning] replicating prompt of length 8019
[15:54:32.045262396|thread 4071557|cpu 202] [warning] replicating prompt of length 8118
[15:54:32.045263059|thread 4071557|cpu 202] [warning] replicating prompt of length 310
[15:54:32.045263863|thread 4071557|cpu 202] [warning] replicating prompt of length 620
[15:54:32.045264629|thread 4071557|cpu 202] [warning] replicating prompt of length 930
[15:54:32.045265303|thread 4071557|cpu 202] [warning] replicating prompt of length 1240
[15:54:32.045268049|thread 4071557|cpu 202] [warning] replicating prompt of length 1550
[15:54:32.045268713|thread 4071557|cpu 202] [warning] replicating prompt of length 1860
[15:54:32.045269368|thread 4071557|cpu 202] [warning] replicating prompt of length 2170
[15:54:32.045270015|thread 4071557|cpu 202] [warning] replicating prompt of length 2480
[15:54:32.045270780|thread 4071557|cpu 202] [warning] replicating prompt of length 2790
[15:54:32.045272146|thread 4071557|cpu 202] [warning] replicating prompt of length 3100
[15:54:32.045272807|thread 4071557|cpu 202] [warning] replicating prompt of length 3410
[15:54:32.045273442|thread 4071557|cpu 202] [warning] replicating prompt of length 3720
[15:54:32.045274075|thread 4071557|cpu 202] [warning] replicating prompt of length 4030
[15:54:32.045275005|thread 4071557|cpu 202] [warning] replicating prompt of length 4340
[15:54:32.045275628|thread 4071557|cpu 202] [warning] replicating prompt of length 4650
[15:54:32.045276255|thread 4071557|cpu 202] [warning] replicating prompt of length 4960
[15:54:32.045278238|thread 4071557|cpu 202] [warning] replicating prompt of length 5270
[15:54:32.045278905|thread 4071557|cpu 202] [warning] replicating prompt of length 5580
[15:54:32.045279586|thread 4071557|cpu 202] [warning] replicating prompt of length 5890
[15:54:32.045280249|thread 4071557|cpu 202] [warning] replicating prompt of length 6200
[15:54:32.045280895|thread 4071557|cpu 202] [warning] replicating prompt of length 6510
[15:54:32.045281576|thread 4071557|cpu 202] [warning] replicating prompt of length 6820
[15:54:32.045282235|thread 4071557|cpu 202] [warning] replicating prompt of length 7130
[15:54:32.045282863|thread 4071557|cpu 202] [warning] replicating prompt of length 7440
[15:54:32.045283493|thread 4071557|cpu 202] [warning] replicating prompt of length 7750
[15:54:32.045284169|thread 4071557|cpu 202] [warning] replicating prompt of length 8060
[15:54:32.045284817|thread 4071557|cpu 202] [warning] replicating prompt of length 167
[15:54:32.045285638|thread 4071557|cpu 202] [warning] replicating prompt of length 334
[15:54:32.045286508|thread 4071557|cpu 202] [warning] replicating prompt of length 501
[15:54:32.045287265|thread 4071557|cpu 202] [warning] replicating prompt of length 668
[15:54:32.045288131|thread 4071557|cpu 202] [warning] replicating prompt of length 835
[15:54:32.045288796|thread 4071557|cpu 202] [warning] replicating prompt of length 1002
[15:54:32.045289482|thread 4071557|cpu 202] [warning] replicating prompt of length 1169
[15:54:32.045290134|thread 4071557|cpu 202] [warning] replicating prompt of length 1336
[15:54:32.045290949|thread 4071557|cpu 202] [warning] replicating prompt of length 1503
[15:54:32.045291585|thread 4071557|cpu 202] [warning] replicating prompt of length 1670
[15:54:32.045292218|thread 4071557|cpu 202] [warning] replicating prompt of length 1837
[15:54:32.045292845|thread 4071557|cpu 202] [warning] replicating prompt of length 2004
[15:54:32.045293504|thread 4071557|cpu 202] [warning] replicating prompt of length 2171
[15:54:32.045294129|thread 4071557|cpu 202] [warning] replicating prompt of length 2338
[15:54:32.045294748|thread 4071557|cpu 202] [warning] replicating prompt of length 2505
[15:54:32.045295382|thread 4071557|cpu 202] [warning] replicating prompt of length 2672
[15:54:32.045296231|thread 4071557|cpu 202] [warning] replicating prompt of length 2839
[15:54:32.045296854|thread 4071557|cpu 202] [warning] replicating prompt of length 3006
[15:54:32.045297518|thread 4071557|cpu 202] [warning] replicating prompt of length 3173
[15:54:32.045298165|thread 4071557|cpu 202] [warning] replicating prompt of length 3340
[15:54:32.045298815|thread 4071557|cpu 202] [warning] replicating prompt of length 3507
[15:54:32.045299445|thread 4071557|cpu 202] [warning] replicating prompt of length 3674
[15:54:32.045300090|thread 4071557|cpu 202] [warning] replicating prompt of length 3841
[15:54:32.045300711|thread 4071557|cpu 202] [warning] replicating prompt of length 4008
[15:54:32.045301349|thread 4071557|cpu 202] [warning] replicating prompt of length 4175
[15:54:32.045301981|thread 4071557|cpu 202] [warning] replicating prompt of length 4342
[15:54:32.045302618|thread 4071557|cpu 202] [warning] replicating prompt of length 4509
[15:54:32.045303245|thread 4071557|cpu 202] [warning] replicating prompt of length 4676
[15:54:32.045303898|thread 4071557|cpu 202] [warning] replicating prompt of length 4843
[15:54:32.045304576|thread 4071557|cpu 202] [warning] replicating prompt of length 5010
[15:54:32.045307344|thread 4071557|cpu 202] [warning] replicating prompt of length 5177
[15:54:32.045308017|thread 4071557|cpu 202] [warning] replicating prompt of length 5344
[15:54:32.045310206|thread 4071557|cpu 202] [warning] replicating prompt of length 5511
[15:54:32.045310878|thread 4071557|cpu 202] [warning] replicating prompt of length 5678
[15:54:32.045311505|thread 4071557|cpu 202] [warning] replicating prompt of length 5845
[15:54:32.045312125|thread 4071557|cpu 202] [warning] replicating prompt of length 6012
[15:54:32.045312785|thread 4071557|cpu 202] [warning] replicating prompt of length 6179
[15:54:32.045313434|thread 4071557|cpu 202] [warning] replicating prompt of length 6346
[15:54:32.045314059|thread 4071557|cpu 202] [warning] replicating prompt of length 6513
[15:54:32.045314684|thread 4071557|cpu 202] [warning] replicating prompt of length 6680
[15:54:32.045315314|thread 4071557|cpu 202] [warning] replicating prompt of length 6847
[15:54:32.045315956|thread 4071557|cpu 202] [warning] replicating prompt of length 7014
[15:54:32.045316587|thread 4071557|cpu 202] [warning] replicating prompt of length 7181
[15:54:32.045317281|thread 4071557|cpu 202] [warning] replicating prompt of length 7348
[15:54:32.045317907|thread 4071557|cpu 202] [warning] replicating prompt of length 7515
[15:54:32.045318533|thread 4071557|cpu 202] [warning] replicating prompt of length 7682
[15:54:32.045319199|thread 4071557|cpu 202] [warning] replicating prompt of length 7849
[15:54:32.045319821|thread 4071557|cpu 202] [warning] replicating prompt of length 8016
[15:54:32.045320443|thread 4071557|cpu 202] [warning] replicating prompt of length 8183
[15:54:32.045321105|thread 4071557|cpu 202] [warning] replicating prompt of length 271
[15:54:32.045321848|thread 4071557|cpu 202] [warning] replicating prompt of length 542
[15:54:32.045322551|thread 4071557|cpu 202] [warning] replicating prompt of length 813
[15:54:32.045323221|thread 4071557|cpu 202] [warning] replicating prompt of length 1084
[15:54:32.045323942|thread 4071557|cpu 202] [warning] replicating prompt of length 1355
[15:54:32.045324587|thread 4071557|cpu 202] [warning] replicating prompt of length 1626
[15:54:32.045325219|thread 4071557|cpu 202] [warning] replicating prompt of length 1897
[15:54:32.045325868|thread 4071557|cpu 202] [warning] replicating prompt of length 2168
[15:54:32.045326703|thread 4071557|cpu 202] [warning] replicating prompt of length 2439
[15:54:32.045327340|thread 4071557|cpu 202] [warning] replicating prompt of length 2710
[15:54:32.045327998|thread 4071557|cpu 202] [warning] replicating prompt of length 2981
[15:54:32.045328644|thread 4071557|cpu 202] [warning] replicating prompt of length 3252
[15:54:32.045329273|thread 4071557|cpu 202] [warning] replicating prompt of length 3523
[15:54:32.045329911|thread 4071557|cpu 202] [warning] replicating prompt of length 3794
[15:54:32.045330546|thread 4071557|cpu 202] [warning] replicating prompt of length 4065
[15:54:32.045331182|thread 4071557|cpu 202] [warning] replicating prompt of length 4336
[15:54:32.045333316|thread 4071557|cpu 202] [warning] replicating prompt of length 4607
[15:54:32.045334012|thread 4071557|cpu 202] [warning] replicating prompt of length 4878
[15:54:32.045334647|thread 4071557|cpu 202] [warning] replicating prompt of length 5149
[15:54:32.045335354|thread 4071557|cpu 202] [warning] replicating prompt of length 5420
[15:54:32.045336010|thread 4071557|cpu 202] [warning] replicating prompt of length 5691
[15:54:32.045336656|thread 4071557|cpu 202] [warning] replicating prompt of length 5962
[15:54:32.045339362|thread 4071557|cpu 202] [warning] replicating prompt of length 6233
[15:54:32.045340033|thread 4071557|cpu 202] [warning] replicating prompt of length 6504
[15:54:32.045340733|thread 4071557|cpu 202] [warning] replicating prompt of length 6775
[15:54:32.045341356|thread 4071557|cpu 202] [warning] replicating prompt of length 7046
[15:54:32.045341981|thread 4071557|cpu 202] [warning] replicating prompt of length 7317
[15:54:32.045343357|thread 4071557|cpu 202] [warning] replicating prompt of length 7588
[15:54:32.045343992|thread 4071557|cpu 202] [warning] replicating prompt of length 7859
[15:54:32.045344622|thread 4071557|cpu 202] [warning] replicating prompt of length 8130
[15:54:32.045345268|thread 4071557|cpu 202] [warning] replicating prompt of length 674
[15:54:32.045346128|thread 4071557|cpu 202] [warning] replicating prompt of length 1348
[15:54:32.045346861|thread 4071557|cpu 202] [warning] replicating prompt of length 2022
[15:54:32.045347517|thread 4071557|cpu 202] [warning] replicating prompt of length 2696
[15:54:32.045348316|thread 4071557|cpu 202] [warning] replicating prompt of length 3370
[15:54:32.045348967|thread 4071557|cpu 202] [warning] replicating prompt of length 4044
[15:54:32.045349624|thread 4071557|cpu 202] [warning] replicating prompt of length 4718
[15:54:32.045350289|thread 4071557|cpu 202] [warning] replicating prompt of length 5392
[15:54:32.045352445|thread 4071557|cpu 202] [warning] replicating prompt of length 6066
[15:54:32.045353227|thread 4071557|cpu 202] [warning] replicating prompt of length 6740
[15:54:32.045353963|thread 4071557|cpu 202] [warning] replicating prompt of length 7414
[15:54:32.045354748|thread 4071557|cpu 202] [warning] replicating prompt of length 8088
[15:54:32.045355404|thread 4071557|cpu 202] [warning] replicating prompt of length 175
[15:54:32.045356128|thread 4071557|cpu 202] [warning] replicating prompt of length 350
[15:54:32.045356797|thread 4071557|cpu 202] [warning] replicating prompt of length 525
[15:54:32.045357451|thread 4071557|cpu 202] [warning] replicating prompt of length 700
[15:54:32.045358155|thread 4071557|cpu 202] [warning] replicating prompt of length 875
[15:54:32.045358803|thread 4071557|cpu 202] [warning] replicating prompt of length 1050
[15:54:32.045359470|thread 4071557|cpu 202] [warning] replicating prompt of length 1225
[15:54:32.045360111|thread 4071557|cpu 202] [warning] replicating prompt of length 1400
[15:54:32.045360839|thread 4071557|cpu 202] [warning] replicating prompt of length 1575
[15:54:32.045361476|thread 4071557|cpu 202] [warning] replicating prompt of length 1750
[15:54:32.045362125|thread 4071557|cpu 202] [warning] replicating prompt of length 1925
[15:54:32.045362758|thread 4071557|cpu 202] [warning] replicating prompt of length 2100
[15:54:32.045363387|thread 4071557|cpu 202] [warning] replicating prompt of length 2275
[15:54:32.045364008|thread 4071557|cpu 202] [warning] replicating prompt of length 2450
[15:54:32.045364630|thread 4071557|cpu 202] [warning] replicating prompt of length 2625
[15:54:32.045365276|thread 4071557|cpu 202] [warning] replicating prompt of length 2800
[15:54:32.045366079|thread 4071557|cpu 202] [warning] replicating prompt of length 2975
[15:54:32.045366712|thread 4071557|cpu 202] [warning] replicating prompt of length 3150
[15:54:32.045367341|thread 4071557|cpu 202] [warning] replicating prompt of length 3325
[15:54:32.045367969|thread 4071557|cpu 202] [warning] replicating prompt of length 3500
[15:54:32.045368610|thread 4071557|cpu 202] [warning] replicating prompt of length 3675
[15:54:32.045369238|thread 4071557|cpu 202] [warning] replicating prompt of length 3850
[15:54:32.045369867|thread 4071557|cpu 202] [warning] replicating prompt of length 4025
[15:54:32.045370508|thread 4071557|cpu 202] [warning] replicating prompt of length 4200
[15:54:32.045371136|thread 4071557|cpu 202] [warning] replicating prompt of length 4375
[15:54:32.045371766|thread 4071557|cpu 202] [warning] replicating prompt of length 4550
[15:54:32.045372391|thread 4071557|cpu 202] [warning] replicating prompt of length 4725
[15:54:32.045373011|thread 4071557|cpu 202] [warning] replicating prompt of length 4900
[15:54:32.045373648|thread 4071557|cpu 202] [warning] replicating prompt of length 5075
[15:54:32.045374272|thread 4071557|cpu 202] [warning] replicating prompt of length 5250
[15:54:32.045374921|thread 4071557|cpu 202] [warning] replicating prompt of length 5425
[15:54:32.045375548|thread 4071557|cpu 202] [warning] replicating prompt of length 5600
[15:54:32.045378182|thread 4071557|cpu 202] [warning] replicating prompt of length 5775
[15:54:32.045378880|thread 4071557|cpu 202] [warning] replicating prompt of length 5950
[15:54:32.045379506|thread 4071557|cpu 202] [warning] replicating prompt of length 6125
[15:54:32.045380162|thread 4071557|cpu 202] [warning] replicating prompt of length 6300
[15:54:32.045380784|thread 4071557|cpu 202] [warning] replicating prompt of length 6475
[15:54:32.045381417|thread 4071557|cpu 202] [warning] replicating prompt of length 6650
[15:54:32.045382036|thread 4071557|cpu 202] [warning] replicating prompt of length 6825
[15:54:32.045382681|thread 4071557|cpu 202] [warning] replicating prompt of length 7000
[15:54:32.045383350|thread 4071557|cpu 202] [warning] replicating prompt of length 7175
[15:54:32.045384019|thread 4071557|cpu 202] [warning] replicating prompt of length 7350
[15:54:32.045384655|thread 4071557|cpu 202] [warning] replicating prompt of length 7525
[15:54:32.045385296|thread 4071557|cpu 202] [warning] replicating prompt of length 7700
[15:54:32.045385934|thread 4071557|cpu 202] [warning] replicating prompt of length 7875
[15:54:32.045386557|thread 4071557|cpu 202] [warning] replicating prompt of length 8050
[15:54:32.045387196|thread 4071557|cpu 202] [warning] replicating prompt of length 274
[15:54:32.045387942|thread 4071557|cpu 202] [warning] replicating prompt of length 548
[15:54:32.045388641|thread 4071557|cpu 202] [warning] replicating prompt of length 822
[15:54:32.045389305|thread 4071557|cpu 202] [warning] replicating prompt of length 1096
[15:54:32.045390027|thread 4071557|cpu 202] [warning] replicating prompt of length 1370
[15:54:32.045390658|thread 4071557|cpu 202] [warning] replicating prompt of length 1644
[15:54:32.045391311|thread 4071557|cpu 202] [warning] replicating prompt of length 1918
[15:54:32.045391951|thread 4071557|cpu 202] [warning] replicating prompt of length 2192
[15:54:32.045392799|thread 4071557|cpu 202] [warning] replicating prompt of length 2466
[15:54:32.045393456|thread 4071557|cpu 202] [warning] replicating prompt of length 2740
[15:54:32.045394097|thread 4071557|cpu 202] [warning] replicating prompt of length 3014
[15:54:32.045394722|thread 4071557|cpu 202] [warning] replicating prompt of length 3288
[15:54:32.045395345|thread 4071557|cpu 202] [warning] replicating prompt of length 3562
[15:54:32.045395977|thread 4071557|cpu 202] [warning] replicating prompt of length 3836
[15:54:32.045396598|thread 4071557|cpu 202] [warning] replicating prompt of length 4110
[15:54:32.045397810|thread 4071557|cpu 202] [warning] replicating prompt of length 4384
[15:54:32.045400043|thread 4071557|cpu 202] [warning] replicating prompt of length 4658
[15:54:32.045400788|thread 4071557|cpu 202] [warning] replicating prompt of length 4932
[15:54:32.045401448|thread 4071557|cpu 202] [warning] replicating prompt of length 5206
[15:54:32.045402079|thread 4071557|cpu 202] [warning] replicating prompt of length 5480
[15:54:32.045402707|thread 4071557|cpu 202] [warning] replicating prompt of length 5754
[15:54:32.045403341|thread 4071557|cpu 202] [warning] replicating prompt of length 6028
[15:54:32.045404034|thread 4071557|cpu 202] [warning] replicating prompt of length 6302
[15:54:32.045404658|thread 4071557|cpu 202] [warning] replicating prompt of length 6576
[15:54:32.045405285|thread 4071557|cpu 202] [warning] replicating prompt of length 6850
[15:54:32.045405910|thread 4071557|cpu 202] [warning] replicating prompt of length 7124
[15:54:32.045406593|thread 4071557|cpu 202] [warning] replicating prompt of length 7398
[15:54:32.045409327|thread 4071557|cpu 202] [warning] replicating prompt of length 7672
[15:54:32.045409971|thread 4071557|cpu 202] [warning] replicating prompt of length 7946
[15:54:32.045410645|thread 4071557|cpu 202] [warning] replicating prompt of length 330
[15:54:32.045411402|thread 4071557|cpu 202] [warning] replicating prompt of length 660
[15:54:32.045412103|thread 4071557|cpu 202] [warning] replicating prompt of length 990
[15:54:32.045414443|thread 4071557|cpu 202] [warning] replicating prompt of length 1320
[15:54:32.045415245|thread 4071557|cpu 202] [warning] replicating prompt of length 1650
[15:54:32.045415871|thread 4071557|cpu 202] [warning] replicating prompt of length 1980
[15:54:32.045416509|thread 4071557|cpu 202] [warning] replicating prompt of length 2310
[15:54:32.045417161|thread 4071557|cpu 202] [warning] replicating prompt of length 2640
[15:54:32.045417967|thread 4071557|cpu 202] [warning] replicating prompt of length 2970
[15:54:32.045418617|thread 4071557|cpu 202] [warning] replicating prompt of length 3300
[15:54:32.045419257|thread 4071557|cpu 202] [warning] replicating prompt of length 3630
[15:54:32.045419903|thread 4071557|cpu 202] [warning] replicating prompt of length 3960
[15:54:32.045420539|thread 4071557|cpu 202] [warning] replicating prompt of length 4290
[15:54:32.045421166|thread 4071557|cpu 202] [warning] replicating prompt of length 4620
[15:54:32.045421806|thread 4071557|cpu 202] [warning] replicating prompt of length 4950
[15:54:32.045422465|thread 4071557|cpu 202] [warning] replicating prompt of length 5280
[15:54:32.045424499|thread 4071557|cpu 202] [warning] replicating prompt of length 5610
[15:54:32.045425188|thread 4071557|cpu 202] [warning] replicating prompt of length 5940
[15:54:32.045425883|thread 4071557|cpu 202] [warning] replicating prompt of length 6270
[15:54:32.045426540|thread 4071557|cpu 202] [warning] replicating prompt of length 6600
[15:54:32.045427210|thread 4071557|cpu 202] [warning] replicating prompt of length 6930
[15:54:32.045427875|thread 4071557|cpu 202] [warning] replicating prompt of length 7260
[15:54:32.045428534|thread 4071557|cpu 202] [warning] replicating prompt of length 7590
[15:54:32.045429164|thread 4071557|cpu 202] [warning] replicating prompt of length 7920
[15:54:32.045429833|thread 4071557|cpu 202] [warning] replicating prompt of length 90
[15:54:32.045430643|thread 4071557|cpu 202] [warning] replicating prompt of length 180
[15:54:32.045431317|thread 4071557|cpu 202] [warning] replicating prompt of length 270
[15:54:32.045431977|thread 4071557|cpu 202] [warning] replicating prompt of length 360
[15:54:32.045432655|thread 4071557|cpu 202] [warning] replicating prompt of length 450
[15:54:32.045433301|thread 4071557|cpu 202] [warning] replicating prompt of length 540
[15:54:32.045433942|thread 4071557|cpu 202] [warning] replicating prompt of length 630
[15:54:32.045434580|thread 4071557|cpu 202] [warning] replicating prompt of length 720
[15:54:32.045435260|thread 4071557|cpu 202] [warning] replicating prompt of length 810
[15:54:32.045435928|thread 4071557|cpu 202] [warning] replicating prompt of length 900
[15:54:32.045436560|thread 4071557|cpu 202] [warning] replicating prompt of length 990
[15:54:32.045437188|thread 4071557|cpu 202] [warning] replicating prompt of length 1080
[15:54:32.045437826|thread 4071557|cpu 202] [warning] replicating prompt of length 1170
[15:54:32.045438481|thread 4071557|cpu 202] [warning] replicating prompt of length 1260
[15:54:32.045439116|thread 4071557|cpu 202] [warning] replicating prompt of length 1350
[15:54:32.045439746|thread 4071557|cpu 202] [warning] replicating prompt of length 1440
[15:54:32.045440459|thread 4071557|cpu 202] [warning] replicating prompt of length 1530
[15:54:32.045441074|thread 4071557|cpu 202] [warning] replicating prompt of length 1620
[15:54:32.045441717|thread 4071557|cpu 202] [warning] replicating prompt of length 1710
[15:54:32.045442352|thread 4071557|cpu 202] [warning] replicating prompt of length 1800
[15:54:32.045442983|thread 4071557|cpu 202] [warning] replicating prompt of length 1890
[15:54:32.045443621|thread 4071557|cpu 202] [warning] replicating prompt of length 1980
[15:54:32.045444270|thread 4071557|cpu 202] [warning] replicating prompt of length 2070
[15:54:32.045444889|thread 4071557|cpu 202] [warning] replicating prompt of length 2160
[15:54:32.045445511|thread 4071557|cpu 202] [warning] replicating prompt of length 2250
[15:54:32.045446135|thread 4071557|cpu 202] [warning] replicating prompt of length 2340
[15:54:32.045447541|thread 4071557|cpu 202] [warning] replicating prompt of length 2430
[15:54:32.045448176|thread 4071557|cpu 202] [warning] replicating prompt of length 2520
[15:54:32.045448803|thread 4071557|cpu 202] [warning] replicating prompt of length 2610
[15:54:32.045449427|thread 4071557|cpu 202] [warning] replicating prompt of length 2700
[15:54:32.045450052|thread 4071557|cpu 202] [warning] replicating prompt of length 2790
[15:54:32.045450675|thread 4071557|cpu 202] [warning] replicating prompt of length 2880
[15:54:32.045451506|thread 4071557|cpu 202] [warning] replicating prompt of length 2970
[15:54:32.045452135|thread 4071557|cpu 202] [warning] replicating prompt of length 3060
[15:54:32.045452763|thread 4071557|cpu 202] [warning] replicating prompt of length 3150
[15:54:32.045453392|thread 4071557|cpu 202] [warning] replicating prompt of length 3240
[15:54:32.045454027|thread 4071557|cpu 202] [warning] replicating prompt of length 3330
[15:54:32.045454655|thread 4071557|cpu 202] [warning] replicating prompt of length 3420
[15:54:32.045455278|thread 4071557|cpu 202] [warning] replicating prompt of length 3510
[15:54:32.045455907|thread 4071557|cpu 202] [warning] replicating prompt of length 3600
[15:54:32.045456524|thread 4071557|cpu 202] [warning] replicating prompt of length 3690
[15:54:32.045457155|thread 4071557|cpu 202] [warning] replicating prompt of length 3780
[15:54:32.045457783|thread 4071557|cpu 202] [warning] replicating prompt of length 3870
[15:54:32.045458411|thread 4071557|cpu 202] [warning] replicating prompt of length 3960
[15:54:32.045459038|thread 4071557|cpu 202] [warning] replicating prompt of length 4050
[15:54:32.045459678|thread 4071557|cpu 202] [warning] replicating prompt of length 4140
[15:54:32.045460312|thread 4071557|cpu 202] [warning] replicating prompt of length 4230
[15:54:32.045460931|thread 4071557|cpu 202] [warning] replicating prompt of length 4320
[15:54:32.045461554|thread 4071557|cpu 202] [warning] replicating prompt of length 4410
[15:54:32.045462175|thread 4071557|cpu 202] [warning] replicating prompt of length 4500
[15:54:32.045462796|thread 4071557|cpu 202] [warning] replicating prompt of length 4590
[15:54:32.045463441|thread 4071557|cpu 202] [warning] replicating prompt of length 4680
[15:54:32.045464070|thread 4071557|cpu 202] [warning] replicating prompt of length 4770
[15:54:32.045464698|thread 4071557|cpu 202] [warning] replicating prompt of length 4860
[15:54:32.045465319|thread 4071557|cpu 202] [warning] replicating prompt of length 4950
[15:54:32.045465941|thread 4071557|cpu 202] [warning] replicating prompt of length 5040
[15:54:32.045466566|thread 4071557|cpu 202] [warning] replicating prompt of length 5130
[15:54:32.045467201|thread 4071557|cpu 202] [warning] replicating prompt of length 5220
[15:54:32.045467840|thread 4071557|cpu 202] [warning] replicating prompt of length 5310
[15:54:32.045468461|thread 4071557|cpu 202] [warning] replicating prompt of length 5400
[15:54:32.045469102|thread 4071557|cpu 202] [warning] replicating prompt of length 5490
[15:54:32.045469738|thread 4071557|cpu 202] [warning] replicating prompt of length 5580
[15:54:32.045470381|thread 4071557|cpu 202] [warning] replicating prompt of length 5670
[15:54:32.045471050|thread 4071557|cpu 202] [warning] replicating prompt of length 5760
[15:54:32.045472923|thread 4071557|cpu 202] [warning] replicating prompt of length 5850
[15:54:32.045473592|thread 4071557|cpu 202] [warning] replicating prompt of length 5940
[15:54:32.045474272|thread 4071557|cpu 202] [warning] replicating prompt of length 6030
[15:54:32.045474900|thread 4071557|cpu 202] [warning] replicating prompt of length 6120
[15:54:32.045477529|thread 4071557|cpu 202] [warning] replicating prompt of length 6210
[15:54:32.045478169|thread 4071557|cpu 202] [warning] replicating prompt of length 6300
[15:54:32.045478828|thread 4071557|cpu 202] [warning] replicating prompt of length 6390
[15:54:32.045479451|thread 4071557|cpu 202] [warning] replicating prompt of length 6480
[15:54:32.045480072|thread 4071557|cpu 202] [warning] replicating prompt of length 6570
[15:54:32.045481390|thread 4071557|cpu 202] [warning] replicating prompt of length 6660
[15:54:32.045482033|thread 4071557|cpu 202] [warning] replicating prompt of length 6750
[15:54:32.045482650|thread 4071557|cpu 202] [warning] replicating prompt of length 6840
[15:54:32.045483272|thread 4071557|cpu 202] [warning] replicating prompt of length 6930
[15:54:32.045483924|thread 4071557|cpu 202] [warning] replicating prompt of length 7020
[15:54:32.045484546|thread 4071557|cpu 202] [warning] replicating prompt of length 7110
[15:54:32.045485176|thread 4071557|cpu 202] [warning] replicating prompt of length 7200
[15:54:32.045485811|thread 4071557|cpu 202] [warning] replicating prompt of length 7290
[15:54:32.045486448|thread 4071557|cpu 202] [warning] replicating prompt of length 7380
[15:54:32.045487067|thread 4071557|cpu 202] [warning] replicating prompt of length 7470
[15:54:32.045487701|thread 4071557|cpu 202] [warning] replicating prompt of length 7560
[15:54:32.045488318|thread 4071557|cpu 202] [warning] replicating prompt of length 7650
[15:54:32.045488935|thread 4071557|cpu 202] [warning] replicating prompt of length 7740
[15:54:32.045489555|thread 4071557|cpu 202] [warning] replicating prompt of length 7830
[15:54:32.045490173|thread 4071557|cpu 202] [warning] replicating prompt of length 7920
[15:54:32.045490791|thread 4071557|cpu 202] [warning] replicating prompt of length 8010
[15:54:32.045491461|thread 4071557|cpu 202] [warning] replicating prompt of length 8100
[15:54:32.045492069|thread 4071557|cpu 202] [warning] replicating prompt of length 8190
[15:54:32.045492734|thread 4071557|cpu 202] [warning] replicating prompt of length 746
[15:54:32.045493652|thread 4071557|cpu 202] [warning] replicating prompt of length 1492
[15:54:32.045494382|thread 4071557|cpu 202] [warning] replicating prompt of length 2238
[15:54:32.045495035|thread 4071557|cpu 202] [warning] replicating prompt of length 2984
[15:54:32.045495918|thread 4071557|cpu 202] [warning] replicating prompt of length 3730
[15:54:32.045496584|thread 4071557|cpu 202] [warning] replicating prompt of length 4476
[15:54:32.045497227|thread 4071557|cpu 202] [warning] replicating prompt of length 5222
[15:54:32.045497936|thread 4071557|cpu 202] [warning] replicating prompt of length 5968
[15:54:32.045500067|thread 4071557|cpu 202] [warning] replicating prompt of length 6714
[15:54:32.045500847|thread 4071557|cpu 202] [warning] replicating prompt of length 7460
[15:54:32.045501613|thread 4071557|cpu 202] [warning] replicating prompt of length 1370
[15:54:32.045502598|thread 4071557|cpu 202] [warning] replicating prompt of length 2740
[15:54:32.045503396|thread 4071557|cpu 202] [warning] replicating prompt of length 4110
[15:54:32.045504087|thread 4071557|cpu 202] [warning] replicating prompt of length 5480
[15:54:32.045506261|thread 4071557|cpu 202] [warning] replicating prompt of length 6850
[15:54:32.045507109|thread 4071557|cpu 202] [warning] replicating prompt of length 3161
[15:54:32.045508464|thread 4071557|cpu 202] [warning] replicating prompt of length 6322
[15:54:32.045511066|thread 4071557|cpu 202] [warning] replicating prompt of length 3619
[15:54:32.045512616|thread 4071557|cpu 202] [warning] replicating prompt of length 7238
[15:54:32.045515183|thread 4071557|cpu 202] [warning] replicating prompt of length 4240
[15:54:32.045518349|thread 4071557|cpu 202] [warning] replicating prompt of length 781
[15:54:32.045519259|thread 4071557|cpu 202] [warning] replicating prompt of length 1562
[15:54:32.045520014|thread 4071557|cpu 202] [warning] replicating prompt of length 2343
[15:54:32.045520675|thread 4071557|cpu 202] [warning] replicating prompt of length 3124
[15:54:32.045521521|thread 4071557|cpu 202] [warning] replicating prompt of length 3905
[15:54:32.045522190|thread 4071557|cpu 202] [warning] replicating prompt of length 4686
[15:54:32.045522860|thread 4071557|cpu 202] [warning] replicating prompt of length 5467
[15:54:32.045523529|thread 4071557|cpu 202] [warning] replicating prompt of length 6248
[15:54:32.045526655|thread 4071557|cpu 202] [warning] replicating prompt of length 7029
[15:54:32.045527499|thread 4071557|cpu 202] [warning] replicating prompt of length 7810
[15:54:32.045528241|thread 4071557|cpu 202] [warning] replicating prompt of length 578
[15:54:32.045529037|thread 4071557|cpu 202] [warning] replicating prompt of length 1156
[15:54:32.045529792|thread 4071557|cpu 202] [warning] replicating prompt of length 1734
[15:54:32.045530457|thread 4071557|cpu 202] [warning] replicating prompt of length 2312
[15:54:32.045531241|thread 4071557|cpu 202] [warning] replicating prompt of length 2890
[15:54:32.045531892|thread 4071557|cpu 202] [warning] replicating prompt of length 3468
[15:54:32.045532544|thread 4071557|cpu 202] [warning] replicating prompt of length 4046
[15:54:32.045533243|thread 4071557|cpu 202] [warning] replicating prompt of length 4624
[15:54:32.045534896|thread 4071557|cpu 202] [warning] replicating prompt of length 5202
[15:54:32.045535613|thread 4071557|cpu 202] [warning] replicating prompt of length 5780
[15:54:32.045536327|thread 4071557|cpu 202] [warning] replicating prompt of length 6358
[15:54:32.045537036|thread 4071557|cpu 202] [warning] replicating prompt of length 6936
[15:54:32.045537753|thread 4071557|cpu 202] [warning] replicating prompt of length 7514
[15:54:32.045538456|thread 4071557|cpu 202] [warning] replicating prompt of length 8092
[15:54:32.045539105|thread 4071557|cpu 202] [warning] replicating prompt of length 438
[15:54:32.045539890|thread 4071557|cpu 202] [warning] replicating prompt of length 876
[15:54:32.045540627|thread 4071557|cpu 202] [warning] replicating prompt of length 1314
[15:54:32.045541282|thread 4071557|cpu 202] [warning] replicating prompt of length 1752
[15:54:32.045542050|thread 4071557|cpu 202] [warning] replicating prompt of length 2190
[15:54:32.045542705|thread 4071557|cpu 202] [warning] replicating prompt of length 2628
[15:54:32.045543355|thread 4071557|cpu 202] [warning] replicating prompt of length 3066
[15:54:32.045544075|thread 4071557|cpu 202] [warning] replicating prompt of length 3504
[15:54:32.045544961|thread 4071557|cpu 202] [warning] replicating prompt of length 3942
[15:54:32.045545600|thread 4071557|cpu 202] [warning] replicating prompt of length 4380
[15:54:32.045546255|thread 4071557|cpu 202] [warning] replicating prompt of length 4818
[15:54:32.045546884|thread 4071557|cpu 202] [warning] replicating prompt of length 5256
[15:54:32.045547529|thread 4071557|cpu 202] [warning] replicating prompt of length 5694
[15:54:32.045548168|thread 4071557|cpu 202] [warning] replicating prompt of length 6132
[15:54:32.045548812|thread 4071557|cpu 202] [warning] replicating prompt of length 6570
[15:54:32.045549445|thread 4071557|cpu 202] [warning] replicating prompt of length 7008
[15:54:32.045551574|thread 4071557|cpu 202] [warning] replicating prompt of length 7446
[15:54:32.045552380|thread 4071557|cpu 202] [warning] replicating prompt of length 7884
[15:54:32.045553068|thread 4071557|cpu 202] [warning] replicating prompt of length 2682
[15:54:32.045554276|thread 4071557|cpu 202] [warning] replicating prompt of length 5364
[15:54:32.045557368|thread 4071557|cpu 202] [warning] replicating prompt of length 8046
[15:54:32.045558083|thread 4071557|cpu 202] [warning] replicating prompt of length 5287
[15:54:32.045561068|thread 4071557|cpu 202] [warning] replicating prompt of length 5125
[15:54:32.045573027|thread 4071557|cpu 202] [info ] Processing 56 prompts
[15:54:32.045946253|thread 4071557|cpu 202] [debug] No model path specified, looking up default
[15:54:32.046982176|thread 4071557|cpu 202] [info ] Model ingested-qwen-3-4b-instruct-2507-tp2 at /opt/positron/weights_cache/cached/positron-ai/Qwen--Qwen3-4B-Instruct-2507-ingest-best-gptq-v1 not in cache 0x5998a03b63c8, loading
[15:54:32.047030966|thread 4071557|cpu 202] [info ] Initializing devices took 2.07e-07 s
[15:54:32.047145235|thread 4071557|cpu 202] [info ] Loading all layers from /opt/positron/weights_cache/cached/positron-ai/Qwen--Qwen3-4B-Instruct-2507-ingest-best-gptq-v1
[15:54:32.047149991|thread 4071557|cpu 202] [info ] Using RotatedAmongDevices placement strategy with device_count=2, replicas=1
[15:54:32.047197417|thread 4071557|cpu 202] [info ] Sharded safetensors file found off directory name
[15:54:33.424264988|thread 4071557|cpu 202] [info ] Allocating and loading the model took 1.377229764 s 
[15:54:33.448809624|thread 4071557|cpu 202] [info ] Hw-Attn model params: hw_attn_params { kv_head_size: 128 n_kv_heads: 8 n_heads: 32 gqa: 4 pre_attn_scalar: 0.088388346 hw_layers: 0 }, 36 layers
[15:54:33.454986275|thread 4071557|cpu 202] [info ] HW attention disabled for model 'ingested-qwen-3-4b-instruct-2507-tp2': USE_HW_ATTN=0
[15:54:33.455009369|thread 4071557|cpu 202] [info ] Allocated state tron::model<tron::qwen_3_4b_instruct_2507_impl<tron::make_llm_executor<false, tron::hardware::tp2_min1k_tensor, tron::hardware::btensor, tron::hardware::dtensor> > >::state
[15:54:33.455014940|thread 4071557|cpu 202] [info ] Trying to use 64 GB for persistent KV cache (covering all models)
[15:54:33.455181908|thread 4071557|cpu 202] [info ] Duration between prompts is 0ms ± 0ms
[15:54:33.455189873|thread 4071557|cpu 202] [info ] Enqueueing prompt 1/56 consisting of 8192 tokens
[15:54:33.455449173|thread 4071557|cpu 202] [info ] Enqueueing prompt 2/56 consisting of 8192 tokens
[15:54:33.455461161|thread 4071557|cpu 202] [info ] Enqueueing prompt 3/56 consisting of 8192 tokens
[15:54:33.455472712|thread 4071557|cpu 202] [info ] Enqueueing prompt 4/56 consisting of 8192 tokens
[15:54:33.455483300|thread 4071557|cpu 202] [info ] Enqueueing prompt 5/56 consisting of 8192 tokens
[15:54:33.455493888|thread 4071557|cpu 202] [info ] Enqueueing prompt 6/56 consisting of 8192 tokens
[15:54:33.455505590|thread 4071557|cpu 202] [info ] Enqueueing prompt 7/56 consisting of 8192 tokens
[15:54:33.455518098|thread 4071557|cpu 202] [info ] Enqueueing prompt 8/56 consisting of 8192 tokens
[15:54:33.455530375|thread 4071557|cpu 202] [info ] Enqueueing prompt 9/56 consisting of 8192 tokens
[15:54:33.455542307|thread 4071557|cpu 202] [info ] Enqueueing prompt 10/56 consisting of 8192 tokens
[15:54:33.455553967|thread 4071557|cpu 202] [info ] Enqueueing prompt 11/56 consisting of 8192 tokens
[15:54:33.455565142|thread 4071557|cpu 202] [info ] Enqueueing prompt 12/56 consisting of 8192 tokens
[15:54:33.455576253|thread 4071557|cpu 202] [info ] Enqueueing prompt 13/56 consisting of 8192 tokens
[15:54:33.455588508|thread 4071557|cpu 202] [info ] Enqueueing prompt 14/56 consisting of 8192 tokens
[15:54:33.455600202|thread 4071557|cpu 202] [info ] Enqueueing prompt 15/56 consisting of 8192 tokens
[15:54:33.455611224|thread 4071557|cpu 202] [info ] Enqueueing prompt 16/56 consisting of 8192 tokens
[15:54:33.455622149|thread 4071557|cpu 202] [info ] Enqueueing prompt 17/56 consisting of 8192 tokens
[15:54:33.455633341|thread 4071557|cpu 202] [info ] Enqueueing prompt 18/56 consisting of 8192 tokens
[15:54:33.455643775|thread 4071557|cpu 202] [info ] Enqueueing prompt 19/56 consisting of 8192 tokens
[15:54:33.455655689|thread 4071557|cpu 202] [info ] Enqueueing prompt 20/56 consisting of 8192 tokens
[15:54:33.455666204|thread 4071557|cpu 202] [info ] Enqueueing prompt 21/56 consisting of 8192 tokens
[15:54:33.455678156|thread 4071557|cpu 202] [info ] Enqueueing prompt 22/56 consisting of 8192 tokens
[15:54:33.455689161|thread 4071557|cpu 202] [info ] Enqueueing prompt 23/56 consisting of 8192 tokens
[15:54:33.455700205|thread 4071557|cpu 202] [info ] Enqueueing prompt 24/56 consisting of 8192 tokens
[15:54:33.455711571|thread 4071557|cpu 202] [info ] Enqueueing prompt 25/56 consisting of 8192 tokens
[15:54:33.455722853|thread 4071557|cpu 202] [info ] Enqueueing prompt 26/56 consisting of 8192 tokens
[15:54:33.455734682|thread 4071557|cpu 202] [info ] Enqueueing prompt 27/56 consisting of 8192 tokens
[15:54:33.455746516|thread 4071557|cpu 202] [info ] Enqueueing prompt 28/56 consisting of 8192 tokens
[15:54:33.455757270|thread 4071557|cpu 202] [info ] Enqueueing prompt 29/56 consisting of 8192 tokens
[15:54:33.455768348|thread 4071557|cpu 202] [info ] Enqueueing prompt 30/56 consisting of 8192 tokens
[15:54:33.455790348|thread 4071557|cpu 202] [info ] Enqueueing prompt 31/56 consisting of 8192 tokens
[15:54:33.455802723|thread 4071557|cpu 202] [info ] Enqueueing prompt 32/56 consisting of 8192 tokens
[15:54:33.455815971|thread 4071557|cpu 202] [info ] Enqueueing prompt 33/56 consisting of 8192 tokens
[15:54:33.455827352|thread 4071557|cpu 202] [info ] Enqueueing prompt 34/56 consisting of 8192 tokens
[15:54:33.455838092|thread 4071557|cpu 202] [info ] Enqueueing prompt 35/56 consisting of 8192 tokens
[15:54:33.455848973|thread 4071557|cpu 202] [info ] Enqueueing prompt 36/56 consisting of 8192 tokens
[15:54:33.455859847|thread 4071557|cpu 202] [info ] Enqueueing prompt 37/56 consisting of 8192 tokens
[15:54:33.455871941|thread 4071557|cpu 202] [info ] Enqueueing prompt 38/56 consisting of 8192 tokens
[15:54:33.455882538|thread 4071557|cpu 202] [info ] Enqueueing prompt 39/56 consisting of 8192 tokens
[15:54:33.455895488|thread 4071557|cpu 202] [info ] Enqueueing prompt 40/56 consisting of 8192 tokens
[15:54:33.455906494|thread 4071557|cpu 202] [info ] Enqueueing prompt 41/56 consisting of 8192 tokens
[15:54:33.455947555|thread 4071557|cpu 202] [info ] Enqueueing prompt 42/56 consisting of 8192 tokens
[15:54:33.455979523|thread 4071557|cpu 202] [info ] Enqueueing prompt 43/56 consisting of 8192 tokens
[15:54:33.456012549|thread 4071557|cpu 202] [info ] Enqueueing prompt 44/56 consisting of 8192 tokens
[15:54:33.456045000|thread 4071557|cpu 202] [info ] Enqueueing prompt 45/56 consisting of 8192 tokens
[15:54:33.456077913|thread 4071557|cpu 202] [info ] Enqueueing prompt 46/56 consisting of 8192 tokens
[15:54:33.456109696|thread 4071557|cpu 202] [info ] Enqueueing prompt 47/56 consisting of 8192 tokens
[15:54:33.456139720|thread 4071557|cpu 202] [info ] Enqueueing prompt 48/56 consisting of 8192 tokens
[15:54:33.456213149|thread 4071557|cpu 202] [info ] Enqueueing prompt 49/56 consisting of 8192 tokens
[15:54:33.456249134|thread 4071557|cpu 202] [info ] Enqueueing prompt 50/56 consisting of 8192 tokens
[15:54:33.456279952|thread 4071557|cpu 202] [info ] Enqueueing prompt 51/56 consisting of 8192 tokens
[15:54:33.456310930|thread 4071557|cpu 202] [info ] Enqueueing prompt 52/56 consisting of 8192 tokens
[15:54:33.456343400|thread 4071557|cpu 202] [info ] Enqueueing prompt 53/56 consisting of 8192 tokens
[15:54:33.456373452|thread 4071557|cpu 202] [info ] Enqueueing prompt 54/56 consisting of 8192 tokens
[15:54:33.456403460|thread 4071557|cpu 202] [info ] Enqueueing prompt 55/56 consisting of 8192 tokens
[15:54:33.456434892|thread 4071557|cpu 202] [info ] Enqueueing prompt 56/56 consisting of 8192 tokens
[15:54:33.456783775|thread 4077917|cpu 202] [info ] KV cache footprint: 1.10 GB in 5 books
[15:54:33.456944162|thread 4077917|cpu 202] [info ] KV cache footprint: 2.20 GB in 10 books
[15:54:33.457104107|thread 4077917|cpu 202] [info ] KV cache footprint: 3.30 GB in 15 books
[15:54:33.457358381|thread 4077917|cpu 202] [info ] KV cache footprint: 4.39 GB in 20 books
[15:54:33.457542368|thread 4077917|cpu 202] [info ] KV cache footprint: 5.49 GB in 25 books
[15:54:33.457708856|thread 4077917|cpu 202] [info ] KV cache footprint: 6.59 GB in 30 books
[15:54:33.457904723|thread 4077917|cpu 202] [info ] KV cache footprint: 7.71 GB in 36 books
[15:54:33.458068898|thread 4077917|cpu 202] [info ] KV cache footprint: 8.81 GB in 41 books
[15:54:33.458244993|thread 4077917|cpu 202] [info ] KV cache footprint: 9.91 GB in 46 books
[15:54:33.458420656|thread 4077917|cpu 202] [info ] KV cache footprint: 11.00 GB in 51 books
[15:54:33.458575211|thread 4077917|cpu 202] [info ] KV cache footprint: 12.10 GB in 56 books
[15:54:39.209222549|thread 4077917|cpu 202] [info ] KV cache footprint: 13.20 GB in 61 books
[15:54:47.965458889|thread 4077917|cpu 202] [info ] KV cache footprint: 14.30 GB in 66 books
[15:54:47.965595176|thread 4077917|cpu 202] [info ] KV cache footprint: 15.40 GB in 71 books
[15:54:59.752265106|thread 4077917|cpu 202] [info ] KV cache footprint: 16.50 GB in 76 books
[15:55:14.541303660|thread 4077917|cpu 202] [info ] KV cache footprint: 17.60 GB in 81 books
[15:55:14.541465800|thread 4077917|cpu 202] [info ] KV cache footprint: 18.69 GB in 86 books
[15:55:32.377758354|thread 4077917|cpu 202] [info ] KV cache footprint: 19.79 GB in 91 books
[15:55:32.377917097|thread 4077917|cpu 202] [info ] KV cache footprint: 20.89 GB in 96 books
[15:55:39.003060630|thread 4075094|cpu 202] [info ] [Request 26] Parsing the prompt took 65.547329359 s at 124.97839469755901 tokens/s
[15:55:39.003060467|thread 4075090|cpu 202] [info ] [Request 1] Parsing the prompt took 65.547862125 s at 124.97737888655817 tokens/s
[15:55:39.003060066|thread 4075093|cpu 202] [info ] [Request 20] Parsing the prompt took 65.547395984 s at 124.9782676645103 tokens/s
[15:55:39.003060595|thread 4075096|cpu 202] [info ] [Request 29] Parsing the prompt took 65.547295642 s at 124.97845898543684 tokens/s
[15:55:39.003060584|thread 4075092|cpu 202] [info ] [Request 15] Parsing the prompt took 65.547452206 s at 124.97816046693163 tokens/s
[15:55:39.003060356|thread 4075091|cpu 202] [info ] [Request 2] Parsing the prompt took 65.547602044 s at 124.97787477413702 tokens/s
[15:55:39.003060557|thread 4075095|cpu 202] [info ] [Request 28] Parsing the prompt took 65.547305832 s at 124.9784395562554 tokens/s
[15:55:39.003064159|thread 4075097|cpu 202] [info ] [Request 32] Parsing the prompt took 65.547253172 s at 124.97853996266925 tokens/s
[15:55:46.975182730|thread 4077917|cpu 202] [info ] KV cache footprint: 21.99 GB in 101 books
[15:55:57.134650379|thread 4077917|cpu 202] [info ] KV cache footprint: 23.09 GB in 106 books
[15:55:57.134794300|thread 4077917|cpu 202] [info ] KV cache footprint: 24.19 GB in 111 books
[15:56:10.187346713|thread 4077917|cpu 202] [info ] KV cache footprint: 25.29 GB in 116 books
[15:56:26.044541108|thread 4077917|cpu 202] [info ] KV cache footprint: 26.38 GB in 121 books
[15:56:26.044688767|thread 4077917|cpu 202] [info ] KV cache footprint: 27.48 GB in 126 books
[15:56:44.641650601|thread 4077917|cpu 202] [info ] KV cache footprint: 28.58 GB in 131 books
[15:56:48.007474395|thread 4075090|cpu 202] [info ] [Request 1] Generating 61 response tokens with 8193 context took 68.478660 s at 0.891 average tok/s, or 1122.601 ms/tok
[15:56:48.007476039|thread 4075094|cpu 202] [info ] [Request 26] Generating 61 response tokens with 8193 context took 68.478659 s at 0.891 average tok/s, or 1122.601 ms/tok
[15:56:48.007533929|thread 4075094|cpu 202] [info ] [Request 26] Request with 8192 tokens in and 64 out (sequence limit) saw 65.547329 s TTFT and 134.551743 s TTLT
[15:56:48.007476071|thread 4075091|cpu 202] [info ] [Request 2] Generating 61 response tokens with 8193 context took 68.478665 s at 0.891 average tok/s, or 1122.601 ms/tok
[15:56:48.007560085|thread 4075091|cpu 202] [info ] [Request 2] Request with 8192 tokens in and 64 out (sequence limit) saw 65.547602 s TTFT and 134.552015 s TTLT
[15:56:48.007476369|thread 4075093|cpu 202] [info ] [Request 20] Generating 61 response tokens with 8193 context took 68.478662 s at 0.891 average tok/s, or 1122.601 ms/tok
[15:56:48.007575571|thread 4075093|cpu 202] [info ] [Request 20] Request with 8192 tokens in and 64 out (sequence limit) saw 65.547396 s TTFT and 134.551812 s TTLT
[15:56:48.007478819|thread 4075095|cpu 202] [info ] [Request 28] Generating 61 response tokens with 8193 context took 68.478662 s at 0.891 average tok/s, or 1122.601 ms/tok
[15:56:48.007597923|thread 4075095|cpu 202] [info ] [Request 28] Request with 8192 tokens in and 64 out (sequence limit) saw 65.547306 s TTFT and 134.551724 s TTLT
[15:56:48.007479034|thread 4075097|cpu 202] [info ] [Request 32] Generating 61 response tokens with 8193 context took 68.478659 s at 0.891 average tok/s, or 1122.601 ms/tok
[15:56:48.007611777|thread 4075097|cpu 202] [info ] [Request 32] Request with 8192 tokens in and 64 out (sequence limit) saw 65.547253 s TTFT and 134.551667 s TTLT
[15:56:48.007479580|thread 4075096|cpu 202] [info ] [Request 29] Generating 61 response tokens with 8193 context took 68.478660 s at 0.891 average tok/s, or 1122.601 ms/tok
[15:56:48.007644553|thread 4075096|cpu 202] [info ] [Request 29] Request with 8192 tokens in and 64 out (sequence limit) saw 65.547296 s TTFT and 134.551712 s TTLT
[15:56:48.007516995|thread 4075090|cpu 202] [info ] [Request 1] Request with 8192 tokens in and 64 out (sequence limit) saw 65.547862 s TTFT and 134.552271 s TTLT
[15:56:48.007476064|thread 4075092|cpu 202] [info ] [Request 15] Generating 61 response tokens with 8193 context took 68.478662 s at 0.891 average tok/s, or 1122.601 ms/tok
[15:56:48.007663577|thread 4075092|cpu 202] [info ] [Request 15] Request with 8192 tokens in and 64 out (sequence limit) saw 65.547452 s TTFT and 134.551865 s TTLT
[15:56:51.360570618|thread 4075090|cpu 202] [info ] [Request 42] Parsing the prompt took 137.904603091 s at 59.403383327199684 tokens/s
[15:56:51.360571881|thread 4075092|cpu 202] [info ] [Request 47] Parsing the prompt took 137.904443816 s at 59.4034519361119 tokens/s
[15:56:51.360572125|thread 4075091|cpu 202] [info ] [Request 44] Parsing the prompt took 137.904540325 s at 59.403410364110506 tokens/s
[15:56:51.360573267|thread 4075093|cpu 202] [info ] [Request 3] Parsing the prompt took 137.905104826 s at 59.40316720208545 tokens/s
[15:56:51.360575611|thread 4075094|cpu 202] [info ] [Request 21] Parsing the prompt took 137.904902088 s at 59.40325453240606 tokens/s
[15:56:51.360576974|thread 4075095|cpu 202] [info ] [Request 23] Parsing the prompt took 137.9048801 s at 59.40326400385304 tokens/s
[15:56:51.360578654|thread 4075096|cpu 202] [info ] [Request 4] Parsing the prompt took 137.905098905 s at 59.40316975257965 tokens/s
[15:56:54.972651357|thread 4077917|cpu 202] [info ] KV cache footprint: 29.68 GB in 136 books
[15:56:59.934637669|thread 4077918|cpu 202] [debug] #EVT# HandleDetails::is_anomalous() handle_id=32 time in state STATE_OPENED exceeded threshold: 65547245398 ns
[15:56:59.934697546|thread 4077918|cpu 202] [debug] #EVT#   Handle,    32, Created, 755284869664651, Last, 755421118251917, Prompted,  8191, Generated,    64, Input TPS, 124.98, Output TPS:  0.79, Callbacks,    64, prompt parsing complete, open
[15:56:59.934768555|thread 4077918|cpu 202] [info ] #EVT#   Handle 32 history:
        SESSION_OPEN, prompt 8192 tokens, offset=0 ns
        PROMPT_TOKENS_REUSE, offset=65547239839 ns
        ON_START_CALLED, offset=65547245398 ns
        ON_START_RETURNED, offset=65547429491 ns
        ON_TOKENS_CALLED, generate 1 tokens, offset=65547449962 ns
        ON_TOKENS_RETURNED, offset=65547451005 ns
        ON_TOKENS_CALLED, generate 1 tokens, offset=66073000297 ns
        ON_TOKENS_RETURNED, offset=66073001770 ns
        ON_TOKENS_CALLED, generate 1 tokens, offset=66636330615 ns
        ON_TOKENS_RETURNED, offset=66636333132 ns
        ON_TOKENS_CALLED, generate 1 tokens, offset=67239113647 ns
        ON_TOKENS_RETURNED, offset=67239114849 ns
        ON_TOKENS_CALLED, generate 1 tokens, offset=67878234689 ns
        ON_TOKENS_RETURNED, offset=67878237390 ns
        ON_TOKENS_CALLED, generate 1 tokens, offset=68536406155 ns
        ON_TOKENS_RETURNED, offset=68536407663 ns
        ON_TOKENS_CALLED, generate 1 tokens, offset=69215305207 ns
        ON_TOKENS_RETURNED, offset=69215307265 ns
        ON_TOKENS_CALLED, generate 1 tokens, offset=69900587105 ns
        ON_TOKENS_RETURNED, offset=69900588377 ns
        ON_TOKENS_CALLED, generate 1 tokens, offset=70602544647 ns
        ON_TOKENS_RETURNED, offset=70602556226 ns
        ON_TOKENS_CALLED, generate 1 tokens, offset=71315504399 ns
        ON_TOKENS_RETURNED, offset=71315505542 ns
        ON_TOKENS_CALLED, generate 1 tokens, offset=72039617835 ns
        ON_TOKENS_RETURNED, offset=72039619176 ns
        ON_TOKENS_CALLED, generate 1 tokens, offset=72770368083 ns
        ON_TOKENS_RETURNED, offset=72770369429 ns
        ON_TOKENS_CALLED, generate 1 tokens, offset=73519151804 ns
        ON_TOKENS_RETURNED, offset=73519152733 ns
        ON_TOKENS_CALLED, generate 1 tokens, offset=74267333318 ns
        ON_TOKENS_RETURNED, offset=74267334562 ns
        ON_TOKENS_CALLED, generate 1 tokens, offset=75030996033 ns
        ON_TOKENS_RETURNED, offset=75030997207 ns
        ON_TOKENS_CALLED, generate 1 tokens, offset=75805111290 ns
        ON_TOKENS_RETURNED, offset=75805112576 ns
        ON_TOKENS_CALLED, generate 1 tokens, offset=76598137692 ns
        ON_TOKENS_RETURNED, offset=76598148155 ns
        ON_TOKENS_CALLED, generate 1 tokens, offset=77397600829 ns
        ON_TOKENS_RETURNED, offset=77397602059 ns
        ON_TOKENS_CALLED, generate 1 tokens, offset=78236114555 ns
        ON_TOKENS_RETURNED, offset=78236115430 ns
        ON_TOKENS_CALLED, generate 1 tokens, offset=79082673306 ns
        ON_TOKENS_RETURNED, offset=79082675652 ns
        ON_TOKENS_CALLED, generate 1 tokens, offset=79969748111 ns
        ON_TOKENS_RETURNED, offset=79969749235 ns
        ON_TOKENS_CALLED, generate 1 tokens, offset=80855230342 ns
        ON_TOKENS_RETURNED, offset=80855231660 ns
        ON_TOKENS_CALLED, generate 1 tokens, offset=81780445446 ns
        ON_TOKENS_RETURNED, offset=81780447681 ns
        ON_TOKENS_CALLED, generate 1 tokens, offset=82709615378 ns
        ON_TOKENS_RETURNED, offset=82709617339 ns
        ON_TOKENS_CALLED, generate 1 tokens, offset=83678681906 ns
        ON_TOKENS_RETURNED, offset=83678682998 ns
        ON_TOKENS_CALLED, generate 1 tokens, offset=84640774047 ns
        ON_TOKENS_RETURNED, offset=84640775282 ns
        ON_TOKENS_CALLED, generate 1 tokens, offset=85649749425 ns
        ON_TOKENS_RETURNED, offset=85649751105 ns
        ON_TOKENS_CALLED, generate 1 tokens, offset=86658931829 ns
        ON_TOKENS_RETURNED, offset=86658933032 ns
        ON_TOKENS_CALLED, generate 1 tokens, offset=87708985911 ns
        ON_TOKENS_RETURNED, offset=87708987636 ns
        ON_TOKENS_CALLED, generate 1 tokens, offset=88751628117 ns
        ON_TOKENS_RETURNED, offset=88751629349 ns
        ON_TOKENS_CALLED, generate 1 tokens, offset=89842644251 ns
        ON_TOKENS_RETURNED, offset=89842646733 ns
        ON_TOKENS_CALLED, generate 1 tokens, offset=90931431427 ns
        ON_TOKENS_RETURNED, offset=90931432604 ns
        ON_TOKENS_CALLED, generate 1 tokens, offset=92062265725 ns
        ON_TOKENS_RETURNED, offset=92062270373 ns
        ON_TOKENS_CALLED, generate 1 tokens, offset=93179360700 ns
        ON_TOKENS_RETURNED, offset=93179361672 ns
        ON_TOKENS_CALLED, generate 1 tokens, offset=94352393835 ns
        ON_TOKENS_RETURNED, offset=94352395558 ns
        ON_TOKENS_CALLED, generate 1 tokens, offset=95519284392 ns
        ON_TOKENS_RETURNED, offset=95519286807 ns
        ON_TOKENS_CALLED, generate 1 tokens, offset=96731286821 ns
        ON_TOKENS_RETURNED, offset=96731287822 ns
        ON_TOKENS_CALLED, generate 1 tokens, offset=97929673558 ns
        ON_TOKENS_RETURNED, offset=97929674963 ns
        ON_TOKENS_CALLED, generate 1 tokens, offset=99182462352 ns
        ON_TOKENS_RETURNED, offset=99182464384 ns
        ON_TOKENS_CALLED, generate 1 tokens, offset=100433322687 ns
        ON_TOKENS_RETURNED, offset=100433324040 ns
        ON_TOKENS_CALLED, generate 1 tokens, offset=101722033874 ns
        ON_TOKENS_RETURNED, offset=101722035761 ns
        ON_TOKENS_CALLED, generate 1 tokens, offset=102992303712 ns
        ON_TOKENS_RETURNED, offset=102992304942 ns
        ON_TOKENS_CALLED, generate 1 tokens, offset=104319439652 ns
        ON_TOKENS_RETURNED, offset=104319440641 ns
        ON_TOKENS_CALLED, generate 1 tokens, offset=105637729216 ns
        ON_TOKENS_RETURNED, offset=105637730454 ns
        ON_TOKENS_CALLED, generate 1 tokens, offset=107001982578 ns
        ON_TOKENS_RETURNED, offset=107001984407 ns
        ON_TOKENS_CALLED, generate 1 tokens, offset=108349413819 ns
        ON_TOKENS_RETURNED, offset=108349414901 ns
        ON_TOKENS_CALLED, generate 1 tokens, offset=109753201766 ns
        ON_TOKENS_RETURNED, offset=109753202870 ns
        ON_TOKENS_CALLED, generate 1 tokens, offset=111147346614 ns
        ON_TOKENS_RETURNED, offset=111147348931 ns
        ON_TOKENS_CALLED, generate 1 tokens, offset=112588563697 ns
        ON_TOKENS_RETURNED, offset=112588566228 ns
        ON_TOKENS_CALLED, generate 1 tokens, offset=114007998948 ns
        ON_TOKENS_RETURNED, offset=114007999873 ns
        ON_TOKENS_CALLED, generate 1 tokens, offset=115489507167 ns
        ON_TOKENS_RETURNED, offset=115489508649 ns
        ON_TOKENS_CALLED, generate 1 tokens, offset=116963078652 ns
        ON_TOKENS_RETURNED, offset=116963080272 ns
        ON_TOKENS_CALLED, generate 1 tokens, offset=118483835187 ns
        ON_TOKENS_RETURNED, offset=118483836152 ns
        ON_TOKENS_CALLED, generate 1 tokens, offset=119985105731 ns
        ON_TOKENS_RETURNED, offset=119985106852 ns
        ON_TOKENS_CALLED, generate 1 tokens, offset=121543922047 ns
        ON_TOKENS_RETURNED, offset=121543924567 ns
        ON_TOKENS_CALLED, generate 1 tokens, offset=123086533453 ns
        ON_TOKENS_RETURNED, offset=123086535264 ns
        ON_TOKENS_CALLED, generate 1 tokens, offset=124681027568 ns
        ON_TOKENS_RETURNED, offset=124681028646 ns
        ON_TOKENS_CALLED, generate 1 tokens, offset=126251000415 ns
        ON_TOKENS_RETURNED, offset=126251001333 ns
        ON_TOKENS_CALLED, generate 1 tokens, offset=127884826357 ns
        ON_TOKENS_RETURNED, offset=127884827412 ns
        ON_TOKENS_CALLED, generate 1 tokens, offset=129508764668 ns
        ON_TOKENS_RETURNED, offset=129508765924 ns
        ON_TOKENS_CALLED, generate 1 tokens, offset=131185612560 ns
        ON_TOKENS_RETURNED, offset=131185615102 ns
        ON_TOKENS_CALLED, generate 1 tokens, offset=132838044938 ns
        ON_TOKENS_RETURNED, offset=132838047362 ns
        ON_TOKENS_CALLED, generate 1 tokens, offset=134551657727 ns
        ON_TOKENS_RETURNED, offset=134551797796 ns
        ON_TOKENS_CALLED, generate 1 tokens, offset=136248582869 ns
        ON_TOKENS_RETURNED, offset=136248587266 ns
[15:56:59.934810679|thread 4077918|cpu 202] [debug] #EVT# HandleDetails::is_anomalous() handle_id=2 time in state STATE_OPENED exceeded threshold: 65547595733 ns
[15:56:59.934813744|thread 4077918|cpu 202] [debug] #EVT#   Handle,     2, Created, 755284869309949, Last, 755421118240410, Prompted,  8191, Generated,    64, Input TPS, 124.98, Output TPS:  0.79, Callbacks,    64, prompt parsing complete, open
[15:56:59.934830070|thread 4077918|cpu 202] [info ] #EVT#   Handle 2 history:
        SESSION_OPEN, prompt 8192 tokens, offset=0 ns
        PROMPT_TOKENS_REUSE, offset=65547582329 ns
        ON_START_CALLED, offset=65547595733 ns
        ON_START_RETURNED, offset=65547738966 ns
        ON_TOKENS_CALLED, generate 1 tokens, offset=65547747444 ns
        ON_TOKENS_RETURNED, offset=65547748795 ns
        ON_TOKENS_CALLED, generate 1 tokens, offset=66073344883 ns
        ON_TOKENS_RETURNED, offset=66073346995 ns
        ON_TOKENS_CALLED, generate 1 tokens, offset=66636675866 ns
        ON_TOKENS_RETURNED, offset=66636678109 ns
        ON_TOKENS_CALLED, generate 1 tokens, offset=67239461232 ns
        ON_TOKENS_RETURNED, offset=67239462602 ns
        ON_TOKENS_CALLED, generate 1 tokens, offset=67878575215 ns
        ON_TOKENS_RETURNED, offset=67878576766 ns
        ON_TOKENS_CALLED, generate 1 tokens, offset=68536765090 ns
        ON_TOKENS_RETURNED, offset=68536766756 ns
        ON_TOKENS_CALLED, generate 1 tokens, offset=69215656882 ns
        ON_TOKENS_RETURNED, offset=69215659281 ns
        ON_TOKENS_CALLED, generate 1 tokens, offset=69900929849 ns
        ON_TOKENS_RETURNED, offset=69900931874 ns
        ON_TOKENS_CALLED, generate 1 tokens, offset=70602889044 ns
        ON_TOKENS_RETURNED, offset=70602891837 ns
        ON_TOKENS_CALLED, generate 1 tokens, offset=71315847756 ns
        ON_TOKENS_RETURNED, offset=71315850501 ns
        ON_TOKENS_CALLED, generate 1 tokens, offset=72039963180 ns
        ON_TOKENS_RETURNED, offset=72039966265 ns
        ON_TOKENS_CALLED, generate 1 tokens, offset=72770714540 ns
        ON_TOKENS_RETURNED, offset=72770715730 ns
        ON_TOKENS_CALLED, generate 1 tokens, offset=73519500812 ns
        ON_TOKENS_RETURNED, offset=73519502478 ns
        ON_TOKENS_CALLED, generate 1 tokens, offset=74267676782 ns
        ON_TOKENS_RETURNED, offset=74267678506 ns
        ON_TOKENS_CALLED, generate 1 tokens, offset=75031338518 ns
        ON_TOKENS_RETURNED, offset=75031341040 ns
        ON_TOKENS_CALLED, generate 1 tokens, offset=75805456283 ns
        ON_TOKENS_RETURNED, offset=75805459241 ns
        ON_TOKENS_CALLED, generate 1 tokens, offset=76598495084 ns
        ON_TOKENS_RETURNED, offset=76598511344 ns
        ON_TOKENS_CALLED, generate 1 tokens, offset=77397941171 ns
        ON_TOKENS_RETURNED, offset=77397942981 ns
        ON_TOKENS_CALLED, generate 1 tokens, offset=78236458809 ns
        ON_TOKENS_RETURNED, offset=78236460340 ns
        ON_TOKENS_CALLED, generate 1 tokens, offset=79083016186 ns
        ON_TOKENS_RETURNED, offset=79083017712 ns
        ON_TOKENS_CALLED, generate 1 tokens, offset=79970094051 ns
        ON_TOKENS_RETURNED, offset=79970095606 ns
        ON_TOKENS_CALLED, generate 1 tokens, offset=80855574174 ns
        ON_TOKENS_RETURNED, offset=80855576904 ns
        ON_TOKENS_CALLED, generate 1 tokens, offset=81780799592 ns
        ON_TOKENS_RETURNED, offset=81780800725 ns
        ON_TOKENS_CALLED, generate 1 tokens, offset=82709970790 ns
        ON_TOKENS_RETURNED, offset=82709972254 ns
        ON_TOKENS_CALLED, generate 1 tokens, offset=83679022277 ns
        ON_TOKENS_RETURNED, offset=83679024794 ns
        ON_TOKENS_CALLED, generate 1 tokens, offset=84641119816 ns
        ON_TOKENS_RETURNED, offset=84641121754 ns
        ON_TOKENS_CALLED, generate 1 tokens, offset=85650094011 ns
        ON_TOKENS_RETURNED, offset=85650095784 ns
        ON_TOKENS_CALLED, generate 1 tokens, offset=86659278263 ns
        ON_TOKENS_RETURNED, offset=86659280559 ns
        ON_TOKENS_CALLED, generate 1 tokens, offset=87709331290 ns
        ON_TOKENS_RETURNED, offset=87709333970 ns
        ON_TOKENS_CALLED, generate 1 tokens, offset=88751968478 ns
        ON_TOKENS_RETURNED, offset=88751969961 ns
        ON_TOKENS_CALLED, generate 1 tokens, offset=89842987403 ns
        ON_TOKENS_RETURNED, offset=89842989922 ns
        ON_TOKENS_CALLED, generate 1 tokens, offset=90931777975 ns
        ON_TOKENS_RETURNED, offset=90931780264 ns
        ON_TOKENS_CALLED, generate 1 tokens, offset=92062609851 ns
        ON_TOKENS_RETURNED, offset=92062640922 ns
        ON_TOKENS_CALLED, generate 1 tokens, offset=93179705125 ns
        ON_TOKENS_RETURNED, offset=93179706587 ns
        ON_TOKENS_CALLED, generate 1 tokens, offset=94352740223 ns
        ON_TOKENS_RETURNED, offset=94352742852 ns
        ON_TOKENS_CALLED, generate 1 tokens, offset=95519621924 ns
        ON_TOKENS_RETURNED, offset=95519622925 ns
        ON_TOKENS_CALLED, generate 1 tokens, offset=96731630614 ns
        ON_TOKENS_RETURNED, offset=96731632031 ns
        ON_TOKENS_CALLED, generate 1 tokens, offset=97930013246 ns
        ON_TOKENS_RETURNED, offset=97930015727 ns
        ON_TOKENS_CALLED, generate 1 tokens, offset=99182808530 ns
        ON_TOKENS_RETURNED, offset=99182810214 ns
        ON_TOKENS_CALLED, generate 1 tokens, offset=100433669053 ns
        ON_TOKENS_RETURNED, offset=100433670098 ns
        ON_TOKENS_CALLED, generate 1 tokens, offset=101722377148 ns
        ON_TOKENS_RETURNED, offset=101722379649 ns
        ON_TOKENS_CALLED, generate 1 tokens, offset=102992648757 ns
        ON_TOKENS_RETURNED, offset=102992650564 ns
        ON_TOKENS_CALLED, generate 1 tokens, offset=104319778109 ns
        ON_TOKENS_RETURNED, offset=104319779615 ns
        ON_TOKENS_CALLED, generate 1 tokens, offset=105638070397 ns
        ON_TOKENS_RETURNED, offset=105638071660 ns
        ON_TOKENS_CALLED, generate 1 tokens, offset=107002327922 ns
        ON_TOKENS_RETURNED, offset=107002329139 ns
        ON_TOKENS_CALLED, generate 1 tokens, offset=108349759240 ns
        ON_TOKENS_RETURNED, offset=108349762554 ns
        ON_TOKENS_CALLED, generate 1 tokens, offset=109753545314 ns
        ON_TOKENS_RETURNED, offset=109753547662 ns
        ON_TOKENS_CALLED, generate 1 tokens, offset=111147688545 ns
        ON_TOKENS_RETURNED, offset=111147689653 ns
        ON_TOKENS_CALLED, generate 1 tokens, offset=112588912642 ns
        ON_TOKENS_RETURNED, offset=112588914682 ns
        ON_TOKENS_CALLED, generate 1 tokens, offset=114008345328 ns
        ON_TOKENS_RETURNED, offset=114008347670 ns
        ON_TOKENS_CALLED, generate 1 tokens, offset=115489849039 ns
        ON_TOKENS_RETURNED, offset=115489850205 ns
        ON_TOKENS_CALLED, generate 1 tokens, offset=116963423757 ns
        ON_TOKENS_RETURNED, offset=116963426032 ns
        ON_TOKENS_CALLED, generate 1 tokens, offset=118484188548 ns
        ON_TOKENS_RETURNED, offset=118484189631 ns
        ON_TOKENS_CALLED, generate 1 tokens, offset=119985444006 ns
        ON_TOKENS_RETURNED, offset=119985445704 ns
        ON_TOKENS_CALLED, generate 1 tokens, offset=121544266120 ns
        ON_TOKENS_RETURNED, offset=121544267718 ns
        ON_TOKENS_CALLED, generate 1 tokens, offset=123086882274 ns
        ON_TOKENS_RETURNED, offset=123086883212 ns
        ON_TOKENS_CALLED, generate 1 tokens, offset=124681371112 ns
        ON_TOKENS_RETURNED, offset=124681373144 ns
        ON_TOKENS_CALLED, generate 1 tokens, offset=126251346522 ns
        ON_TOKENS_RETURNED, offset=126251348515 ns
        ON_TOKENS_CALLED, generate 1 tokens, offset=127885170706 ns
        ON_TOKENS_RETURNED, offset=127885171952 ns
        ON_TOKENS_CALLED, generate 1 tokens, offset=129509114409 ns
        ON_TOKENS_RETURNED, offset=129509116559 ns
        ON_TOKENS_CALLED, generate 1 tokens, offset=131185955166 ns
        ON_TOKENS_RETURNED, offset=131185957726 ns
        ON_TOKENS_CALLED, generate 1 tokens, offset=132838389411 ns
        ON_TOKENS_RETURNED, offset=132838391528 ns
        ON_TOKENS_CALLED, generate 1 tokens, offset=134552009306 ns
        ON_TOKENS_RETURNED, offset=134552101753 ns
        ON_TOKENS_CALLED, generate 1 tokens, offset=136248925255 ns
        ON_TOKENS_RETURNED, offset=136248930461 ns
[15:56:59.934841393|thread 4077918|cpu 202] [debug] #EVT# HandleDetails::is_anomalous() handle_id=1 time in state STATE_OPENED exceeded threshold: 65547617361 ns
[15:56:59.934843311|thread 4077918|cpu 202] [debug] #EVT#   Handle,     1, Created, 755284869288040, Last, 755421118243606, Prompted,  8192, Generated,    64, Input TPS, 124.98, Output TPS:  0.79, Callbacks,    64, prompt parsing complete, open
[15:56:59.934857697|thread 4077918|cpu 202] [info ] #EVT#   Handle 1 history:
        SESSION_OPEN, prompt 8192 tokens, offset=0 ns
        PROMPT_TOKENS_REUSE, offset=65547603453 ns
        ON_START_CALLED, offset=65547617361 ns
        ON_START_RETURNED, offset=65547683125 ns
        ON_TOKENS_CALLED, generate 1 tokens, offset=65547691833 ns
        ON_TOKENS_RETURNED, offset=65547693117 ns
        ON_TOKENS_CALLED, generate 1 tokens, offset=66073366706 ns
        ON_TOKENS_RETURNED, offset=66073370021 ns
        ON_TOKENS_CALLED, generate 1 tokens, offset=66636693954 ns
        ON_TOKENS_RETURNED, offset=66636695060 ns
        ON_TOKENS_CALLED, generate 1 tokens, offset=67239479462 ns
        ON_TOKENS_RETURNED, offset=67239481959 ns
        ON_TOKENS_CALLED, generate 1 tokens, offset=67878595215 ns
        ON_TOKENS_RETURNED, offset=67878597440 ns
        ON_TOKENS_CALLED, generate 1 tokens, offset=68536772196 ns
        ON_TOKENS_RETURNED, offset=68536774919 ns
        ON_TOKENS_CALLED, generate 1 tokens, offset=69215673262 ns
        ON_TOKENS_RETURNED, offset=69215675097 ns
        ON_TOKENS_CALLED, generate 1 tokens, offset=69900950335 ns
        ON_TOKENS_RETURNED, offset=69900952281 ns
        ON_TOKENS_CALLED, generate 1 tokens, offset=70602909128 ns
        ON_TOKENS_RETURNED, offset=70602912411 ns
        ON_TOKENS_CALLED, generate 1 tokens, offset=71315868273 ns
        ON_TOKENS_RETURNED, offset=71315870259 ns
        ON_TOKENS_CALLED, generate 1 tokens, offset=72039978782 ns
        ON_TOKENS_RETURNED, offset=72039980609 ns
        ON_TOKENS_CALLED, generate 1 tokens, offset=72770735332 ns
        ON_TOKENS_RETURNED, offset=72770736897 ns
        ON_TOKENS_CALLED, generate 1 tokens, offset=73519514665 ns
        ON_TOKENS_RETURNED, offset=73519515902 ns
        ON_TOKENS_CALLED, generate 1 tokens, offset=74267699717 ns
        ON_TOKENS_RETURNED, offset=74267701366 ns
        ON_TOKENS_CALLED, generate 1 tokens, offset=75031357485 ns
        ON_TOKENS_RETURNED, offset=75031360212 ns
        ON_TOKENS_CALLED, generate 1 tokens, offset=75805477289 ns
        ON_TOKENS_RETURNED, offset=75805480424 ns
        ON_TOKENS_CALLED, generate 1 tokens, offset=76598500466 ns
        ON_TOKENS_RETURNED, offset=76598515000 ns
        ON_TOKENS_CALLED, generate 1 tokens, offset=77397968670 ns
        ON_TOKENS_RETURNED, offset=77397970750 ns
        ON_TOKENS_CALLED, generate 1 tokens, offset=78236479909 ns
        ON_TOKENS_RETURNED, offset=78236481977 ns
        ON_TOKENS_CALLED, generate 1 tokens, offset=79083036777 ns
        ON_TOKENS_RETURNED, offset=79083039142 ns
        ON_TOKENS_CALLED, generate 1 tokens, offset=79970113631 ns
        ON_TOKENS_RETURNED, offset=79970115716 ns
        ON_TOKENS_CALLED, generate 1 tokens, offset=80855595671 ns
        ON_TOKENS_RETURNED, offset=80855598233 ns
        ON_TOKENS_CALLED, generate 1 tokens, offset=81780810854 ns
        ON_TOKENS_RETURNED, offset=81780813614 ns
        ON_TOKENS_CALLED, generate 1 tokens, offset=82709992088 ns
        ON_TOKENS_RETURNED, offset=82709994237 ns
        ON_TOKENS_CALLED, generate 1 tokens, offset=83679041625 ns
        ON_TOKENS_RETURNED, offset=83679044608 ns
        ON_TOKENS_CALLED, generate 1 tokens, offset=84641138881 ns
        ON_TOKENS_RETURNED, offset=84641140461 ns
        ON_TOKENS_CALLED, generate 1 tokens, offset=85650114445 ns
        ON_TOKENS_RETURNED, offset=85650117321 ns
        ON_TOKENS_CALLED, generate 1 tokens, offset=86659297918 ns
        ON_TOKENS_RETURNED, offset=86659301083 ns
        ON_TOKENS_CALLED, generate 1 tokens, offset=87709349764 ns
        ON_TOKENS_RETURNED, offset=87709352153 ns
        ON_TOKENS_CALLED, generate 1 tokens, offset=88751988624 ns
        ON_TOKENS_RETURNED, offset=88751990558 ns
        ON_TOKENS_CALLED, generate 1 tokens, offset=89843008501 ns
        ON_TOKENS_RETURNED, offset=89843011632 ns
        ON_TOKENS_CALLED, generate 1 tokens, offset=90931794159 ns
        ON_TOKENS_RETURNED, offset=90931795807 ns
        ON_TOKENS_CALLED, generate 1 tokens, offset=92062629361 ns
        ON_TOKENS_RETURNED, offset=92062639868 ns
        ON_TOKENS_CALLED, generate 1 tokens, offset=93179725917 ns
        ON_TOKENS_RETURNED, offset=93179728957 ns
        ON_TOKENS_CALLED, generate 1 tokens, offset=94352763956 ns
        ON_TOKENS_RETURNED, offset=94352765800 ns
        ON_TOKENS_CALLED, generate 1 tokens, offset=95519642510 ns
        ON_TOKENS_RETURNED, offset=95519645708 ns
        ON_TOKENS_CALLED, generate 1 tokens, offset=96731656701 ns
        ON_TOKENS_RETURNED, offset=96731659645 ns
        ON_TOKENS_CALLED, generate 1 tokens, offset=97930031052 ns
        ON_TOKENS_RETURNED, offset=97930032789 ns
        ON_TOKENS_CALLED, generate 1 tokens, offset=99182826675 ns
        ON_TOKENS_RETURNED, offset=99182828557 ns
        ON_TOKENS_CALLED, generate 1 tokens, offset=100433688856 ns
        ON_TOKENS_RETURNED, offset=100433690667 ns
        ON_TOKENS_CALLED, generate 1 tokens, offset=101722397225 ns
        ON_TOKENS_RETURNED, offset=101722400294 ns
        ON_TOKENS_CALLED, generate 1 tokens, offset=102992673575 ns
        ON_TOKENS_RETURNED, offset=102992675051 ns
        ON_TOKENS_CALLED, generate 1 tokens, offset=104319801680 ns
        ON_TOKENS_RETURNED, offset=104319803249 ns
        ON_TOKENS_CALLED, generate 1 tokens, offset=105638090003 ns
        ON_TOKENS_RETURNED, offset=105638092873 ns
        ON_TOKENS_CALLED, generate 1 tokens, offset=107002345695 ns
        ON_TOKENS_RETURNED, offset=107002347709 ns
        ON_TOKENS_CALLED, generate 1 tokens, offset=108349779506 ns
        ON_TOKENS_RETURNED, offset=108349782759 ns
        ON_TOKENS_CALLED, generate 1 tokens, offset=109753564151 ns
        ON_TOKENS_RETURNED, offset=109753567145 ns
        ON_TOKENS_CALLED, generate 1 tokens, offset=111147708748 ns
        ON_TOKENS_RETURNED, offset=111147711021 ns
        ON_TOKENS_CALLED, generate 1 tokens, offset=112588932820 ns
        ON_TOKENS_RETURNED, offset=112588935340 ns
        ON_TOKENS_CALLED, generate 1 tokens, offset=114008361714 ns
        ON_TOKENS_RETURNED, offset=114008364711 ns
        ON_TOKENS_CALLED, generate 1 tokens, offset=115489868603 ns
        ON_TOKENS_RETURNED, offset=115489871436 ns
        ON_TOKENS_CALLED, generate 1 tokens, offset=116963443864 ns
        ON_TOKENS_RETURNED, offset=116963445323 ns
        ON_TOKENS_CALLED, generate 1 tokens, offset=118484199968 ns
        ON_TOKENS_RETURNED, offset=118484203114 ns
        ON_TOKENS_CALLED, generate 1 tokens, offset=119985465381 ns
        ON_TOKENS_RETURNED, offset=119985468024 ns
        ON_TOKENS_CALLED, generate 1 tokens, offset=121544287529 ns
        ON_TOKENS_RETURNED, offset=121544290398 ns
        ON_TOKENS_CALLED, generate 1 tokens, offset=123086902562 ns
        ON_TOKENS_RETURNED, offset=123086903947 ns
        ON_TOKENS_CALLED, generate 1 tokens, offset=124681389824 ns
        ON_TOKENS_RETURNED, offset=124681393146 ns
        ON_TOKENS_CALLED, generate 1 tokens, offset=126251363883 ns
        ON_TOKENS_RETURNED, offset=126251365604 ns
        ON_TOKENS_CALLED, generate 1 tokens, offset=127885190179 ns
        ON_TOKENS_RETURNED, offset=127885191613 ns
        ON_TOKENS_CALLED, generate 1 tokens, offset=129509129318 ns
        ON_TOKENS_RETURNED, offset=129509130928 ns
        ON_TOKENS_CALLED, generate 1 tokens, offset=131185974505 ns
        ON_TOKENS_RETURNED, offset=131185975941 ns
        ON_TOKENS_CALLED, generate 1 tokens, offset=132838414677 ns
        ON_TOKENS_RETURNED, offset=132838416905 ns
        ON_TOKENS_CALLED, generate 1 tokens, offset=134552024948 ns
        ON_TOKENS_RETURNED, offset=134552210889 ns
        ON_TOKENS_CALLED, generate 1 tokens, offset=136248944277 ns
        ON_TOKENS_RETURNED, offset=136248955566 ns
[15:56:59.934868359|thread 4077918|cpu 202] [debug] #EVT# HandleDetails::is_anomalous() handle_id=15 time in state STATE_OPENED exceeded threshold: 65547445799 ns
[15:56:59.934870188|thread 4077918|cpu 202] [debug] #EVT#   Handle,    15, Created, 755284869459670, Last, 755421118240812, Prompted,  8191, Generated,    64, Input TPS, 124.98, Output TPS:  0.79, Callbacks,    64, prompt parsing complete, open
[15:56:59.934883508|thread 4077918|cpu 202] [info ] #EVT#   Handle 15 history:
        SESSION_OPEN, prompt 8192 tokens, offset=0 ns
        PROMPT_TOKENS_REUSE, offset=65547433909 ns
        ON_START_CALLED, offset=65547445799 ns
        ON_START_RETURNED, offset=65547560305 ns
        ON_TOKENS_CALLED, generate 1 tokens, offset=65547569622 ns
        ON_TOKENS_RETURNED, offset=65547570439 ns
        ON_TOKENS_CALLED, generate 1 tokens, offset=66073197875 ns
        ON_TOKENS_RETURNED, offset=66073199471 ns
        ON_TOKENS_CALLED, generate 1 tokens, offset=66636526636 ns
        ON_TOKENS_RETURNED, offset=66636528984 ns
        ON_TOKENS_CALLED, generate 1 tokens, offset=67239310613 ns
        ON_TOKENS_RETURNED, offset=67239312268 ns
        ON_TOKENS_CALLED, generate 1 tokens, offset=67878426791 ns
        ON_TOKENS_RETURNED, offset=67878428759 ns
        ON_TOKENS_CALLED, generate 1 tokens, offset=68536603868 ns
        ON_TOKENS_RETURNED, offset=68536606180 ns
        ON_TOKENS_CALLED, generate 1 tokens, offset=69215506096 ns
        ON_TOKENS_RETURNED, offset=69215507526 ns
        ON_TOKENS_CALLED, generate 1 tokens, offset=69900781688 ns
        ON_TOKENS_RETURNED, offset=69900782623 ns
        ON_TOKENS_CALLED, generate 1 tokens, offset=70602740081 ns
        ON_TOKENS_RETURNED, offset=70602741324 ns
        ON_TOKENS_CALLED, generate 1 tokens, offset=71315699988 ns
        ON_TOKENS_RETURNED, offset=71315702261 ns
        ON_TOKENS_CALLED, generate 1 tokens, offset=72039814228 ns
        ON_TOKENS_RETURNED, offset=72039815340 ns
        ON_TOKENS_CALLED, generate 1 tokens, offset=72770575628 ns
        ON_TOKENS_RETURNED, offset=72770577040 ns
        ON_TOKENS_CALLED, generate 1 tokens, offset=73519347493 ns
        ON_TOKENS_RETURNED, offset=73519350148 ns
        ON_TOKENS_CALLED, generate 1 tokens, offset=74267529532 ns
        ON_TOKENS_RETURNED, offset=74267531172 ns
        ON_TOKENS_CALLED, generate 1 tokens, offset=75031189494 ns
        ON_TOKENS_RETURNED, offset=75031192871 ns
        ON_TOKENS_CALLED, generate 1 tokens, offset=75805307628 ns
        ON_TOKENS_RETURNED, offset=75805309130 ns
        ON_TOKENS_CALLED, generate 1 tokens, offset=76598337546 ns
        ON_TOKENS_RETURNED, offset=76598368416 ns
        ON_TOKENS_CALLED, generate 1 tokens, offset=77397796339 ns
        ON_TOKENS_RETURNED, offset=77397797353 ns
        ON_TOKENS_CALLED, generate 1 tokens, offset=78236318456 ns
        ON_TOKENS_RETURNED, offset=78236319799 ns
        ON_TOKENS_CALLED, generate 1 tokens, offset=79082869373 ns
        ON_TOKENS_RETURNED, offset=79082870493 ns
        ON_TOKENS_CALLED, generate 1 tokens, offset=79969945683 ns
        ON_TOKENS_RETURNED, offset=79969946914 ns
        ON_TOKENS_CALLED, generate 1 tokens, offset=80855427368 ns
        ON_TOKENS_RETURNED, offset=80855429443 ns
        ON_TOKENS_CALLED, generate 1 tokens, offset=81780647147 ns
        ON_TOKENS_RETURNED, offset=81780648726 ns
        ON_TOKENS_CALLED, generate 1 tokens, offset=82709821459 ns
        ON_TOKENS_RETURNED, offset=82709822382 ns
        ON_TOKENS_CALLED, generate 1 tokens, offset=83678872755 ns
        ON_TOKENS_RETURNED, offset=83678875718 ns
        ON_TOKENS_CALLED, generate 1 tokens, offset=84640972496 ns
        ON_TOKENS_RETURNED, offset=84640973710 ns
        ON_TOKENS_CALLED, generate 1 tokens, offset=85649946372 ns
        ON_TOKENS_RETURNED, offset=85649948280 ns
        ON_TOKENS_CALLED, generate 1 tokens, offset=86659130192 ns
        ON_TOKENS_RETURNED, offset=86659132404 ns
        ON_TOKENS_CALLED, generate 1 tokens, offset=87709177778 ns
        ON_TOKENS_RETURNED, offset=87709179206 ns
        ON_TOKENS_CALLED, generate 1 tokens, offset=88751819956 ns
        ON_TOKENS_RETURNED, offset=88751820819 ns
        ON_TOKENS_CALLED, generate 1 tokens, offset=89842839030 ns
        ON_TOKENS_RETURNED, offset=89842840449 ns
        ON_TOKENS_CALLED, generate 1 tokens, offset=90931632399 ns
        ON_TOKENS_RETURNED, offset=90931634620 ns
        ON_TOKENS_CALLED, generate 1 tokens, offset=92062463160 ns
        ON_TOKENS_RETURNED, offset=92062480050 ns
        ON_TOKENS_CALLED, generate 1 tokens, offset=93179559719 ns
        ON_TOKENS_RETURNED, offset=93179560813 ns
        ON_TOKENS_CALLED, generate 1 tokens, offset=94352593209 ns
        ON_TOKENS_RETURNED, offset=94352594445 ns
        ON_TOKENS_CALLED, generate 1 tokens, offset=95519481037 ns
        ON_TOKENS_RETURNED, offset=95519482005 ns
        ON_TOKENS_CALLED, generate 1 tokens, offset=96731481559 ns
        ON_TOKENS_RETURNED, offset=96731484388 ns
        ON_TOKENS_CALLED, generate 1 tokens, offset=97929866671 ns
        ON_TOKENS_RETURNED, offset=97929867566 ns
        ON_TOKENS_CALLED, generate 1 tokens, offset=99182657959 ns
        ON_TOKENS_RETURNED, offset=99182659259 ns
        ON_TOKENS_CALLED, generate 1 tokens, offset=100433520099 ns
        ON_TOKENS_RETURNED, offset=100433521240 ns
        ON_TOKENS_CALLED, generate 1 tokens, offset=101722231179 ns
        ON_TOKENS_RETURNED, offset=101722232228 ns
        ON_TOKENS_CALLED, generate 1 tokens, offset=102992506123 ns
        ON_TOKENS_RETURNED, offset=102992507453 ns
        ON_TOKENS_CALLED, generate 1 tokens, offset=104319626729 ns
        ON_TOKENS_RETURNED, offset=104319629408 ns
        ON_TOKENS_CALLED, generate 1 tokens, offset=105637922198 ns
        ON_TOKENS_RETURNED, offset=105637923262 ns
        ON_TOKENS_CALLED, generate 1 tokens, offset=107002177484 ns
        ON_TOKENS_RETURNED, offset=107002178801 ns
        ON_TOKENS_CALLED, generate 1 tokens, offset=108349612084 ns
        ON_TOKENS_RETURNED, offset=108349614225 ns
        ON_TOKENS_CALLED, generate 1 tokens, offset=109753396916 ns
        ON_TOKENS_RETURNED, offset=109753397682 ns
        ON_TOKENS_CALLED, generate 1 tokens, offset=111147540150 ns
        ON_TOKENS_RETURNED, offset=111147543898 ns
        ON_TOKENS_CALLED, generate 1 tokens, offset=112588760199 ns
        ON_TOKENS_RETURNED, offset=112588762609 ns
        ON_TOKENS_CALLED, generate 1 tokens, offset=114008196378 ns
        ON_TOKENS_RETURNED, offset=114008198656 ns
        ON_TOKENS_CALLED, generate 1 tokens, offset=115489700844 ns
        ON_TOKENS_RETURNED, offset=115489702555 ns
        ON_TOKENS_CALLED, generate 1 tokens, offset=116963275393 ns
        ON_TOKENS_RETURNED, offset=116963276680 ns
        ON_TOKENS_CALLED, generate 1 tokens, offset=118484035758 ns
        ON_TOKENS_RETURNED, offset=118484037173 ns
        ON_TOKENS_CALLED, generate 1 tokens, offset=119985300514 ns
        ON_TOKENS_RETURNED, offset=119985302672 ns
        ON_TOKENS_CALLED, generate 1 tokens, offset=121544118503 ns
        ON_TOKENS_RETURNED, offset=121544121201 ns
        ON_TOKENS_CALLED, generate 1 tokens, offset=123086741471 ns
        ON_TOKENS_RETURNED, offset=123086744102 ns
        ON_TOKENS_CALLED, generate 1 tokens, offset=124681220918 ns
        ON_TOKENS_RETURNED, offset=124681223131 ns
        ON_TOKENS_CALLED, generate 1 tokens, offset=126251196141 ns
        ON_TOKENS_RETURNED, offset=126251198353 ns
        ON_TOKENS_CALLED, generate 1 tokens, offset=127885021593 ns
        ON_TOKENS_RETURNED, offset=127885022880 ns
        ON_TOKENS_CALLED, generate 1 tokens, offset=129508960528 ns
        ON_TOKENS_RETURNED, offset=129508962942 ns
        ON_TOKENS_CALLED, generate 1 tokens, offset=131185812700 ns
        ON_TOKENS_RETURNED, offset=131185815037 ns
        ON_TOKENS_CALLED, generate 1 tokens, offset=132838242335 ns
        ON_TOKENS_RETURNED, offset=132838243846 ns
        ON_TOKENS_CALLED, generate 1 tokens, offset=134551859228 ns
        ON_TOKENS_RETURNED, offset=134552054360 ns
        ON_TOKENS_CALLED, generate 1 tokens, offset=136248776410 ns
        ON_TOKENS_RETURNED, offset=136248781142 ns
[15:56:59.934893304|thread 4077918|cpu 202] [debug] #EVT# HandleDetails::is_anomalous() handle_id=20 time in state STATE_OPENED exceeded threshold: 65547389318 ns
[15:56:59.934894889|thread 4077918|cpu 202] [debug] #EVT#   Handle,    20, Created, 755284869515151, Last, 755421118241900, Prompted,  8191, Generated,    64, Input TPS, 124.98, Output TPS:  0.79, Callbacks,    64, prompt parsing complete, open
[15:56:59.934908165|thread 4077918|cpu 202] [info ] #EVT#   Handle 20 history:
        SESSION_OPEN, prompt 8192 tokens, offset=0 ns
        PROMPT_TOKENS_REUSE, offset=65547380113 ns
        ON_START_CALLED, offset=65547389318 ns
        ON_START_RETURNED, offset=65547471184 ns
        ON_TOKENS_CALLED, generate 1 tokens, offset=65547480052 ns
        ON_TOKENS_RETURNED, offset=65547481018 ns
        ON_TOKENS_CALLED, generate 1 tokens, offset=66073144437 ns
        ON_TOKENS_RETURNED, offset=66073146313 ns
        ON_TOKENS_CALLED, generate 1 tokens, offset=66636478285 ns
        ON_TOKENS_RETURNED, offset=66636480581 ns
        ON_TOKENS_CALLED, generate 1 tokens, offset=67239259383 ns
        ON_TOKENS_RETURNED, offset=67239260592 ns
        ON_TOKENS_CALLED, generate 1 tokens, offset=67878371913 ns
        ON_TOKENS_RETURNED, offset=67878373921 ns
        ON_TOKENS_CALLED, generate 1 tokens, offset=68536553576 ns
        ON_TOKENS_RETURNED, offset=68536554726 ns
        ON_TOKENS_CALLED, generate 1 tokens, offset=69215451964 ns
        ON_TOKENS_RETURNED, offset=69215454632 ns
        ON_TOKENS_CALLED, generate 1 tokens, offset=69900731019 ns
        ON_TOKENS_RETURNED, offset=69900731801 ns
        ON_TOKENS_CALLED, generate 1 tokens, offset=70602687088 ns
        ON_TOKENS_RETURNED, offset=70602688331 ns
        ON_TOKENS_CALLED, generate 1 tokens, offset=71315645746 ns
        ON_TOKENS_RETURNED, offset=71315648449 ns
        ON_TOKENS_CALLED, generate 1 tokens, offset=72039760679 ns
        ON_TOKENS_RETURNED, offset=72039761984 ns
        ON_TOKENS_CALLED, generate 1 tokens, offset=72770516082 ns
        ON_TOKENS_RETURNED, offset=72770517042 ns
        ON_TOKENS_CALLED, generate 1 tokens, offset=73519295459 ns
        ON_TOKENS_RETURNED, offset=73519296770 ns
        ON_TOKENS_CALLED, generate 1 tokens, offset=74267475131 ns
        ON_TOKENS_RETURNED, offset=74267475974 ns
        ON_TOKENS_CALLED, generate 1 tokens, offset=75031136841 ns
        ON_TOKENS_RETURNED, offset=75031137836 ns
        ON_TOKENS_CALLED, generate 1 tokens, offset=75805254705 ns
        ON_TOKENS_RETURNED, offset=75805257061 ns
        ON_TOKENS_CALLED, generate 1 tokens, offset=76598286192 ns
        ON_TOKENS_RETURNED, offset=76598313892 ns
        ON_TOKENS_CALLED, generate 1 tokens, offset=77397738935 ns
        ON_TOKENS_RETURNED, offset=77397740685 ns
        ON_TOKENS_CALLED, generate 1 tokens, offset=78236268141 ns
        ON_TOKENS_RETURNED, offset=78236269390 ns
        ON_TOKENS_CALLED, generate 1 tokens, offset=79082814468 ns
        ON_TOKENS_RETURNED, offset=79082815766 ns
        ON_TOKENS_CALLED, generate 1 tokens, offset=79969892477 ns
        ON_TOKENS_RETURNED, offset=79969894124 ns
        ON_TOKENS_CALLED, generate 1 tokens, offset=80855372805 ns
        ON_TOKENS_RETURNED, offset=80855374957 ns
        ON_TOKENS_CALLED, generate 1 tokens, offset=81780593094 ns
        ON_TOKENS_RETURNED, offset=81780594306 ns
        ON_TOKENS_CALLED, generate 1 tokens, offset=82709761398 ns
        ON_TOKENS_RETURNED, offset=82709762637 ns
        ON_TOKENS_CALLED, generate 1 tokens, offset=83678820443 ns
        ON_TOKENS_RETURNED, offset=83678822808 ns
        ON_TOKENS_CALLED, generate 1 tokens, offset=84640916427 ns
        ON_TOKENS_RETURNED, offset=84640919320 ns
        ON_TOKENS_CALLED, generate 1 tokens, offset=85649893556 ns
        ON_TOKENS_RETURNED, offset=85649894731 ns
        ON_TOKENS_CALLED, generate 1 tokens, offset=86659078075 ns
        ON_TOKENS_RETURNED, offset=86659080331 ns
        ON_TOKENS_CALLED, generate 1 tokens, offset=87709123237 ns
        ON_TOKENS_RETURNED, offset=87709124757 ns
        ON_TOKENS_CALLED, generate 1 tokens, offset=88751772596 ns
        ON_TOKENS_RETURNED, offset=88751773909 ns
        ON_TOKENS_CALLED, generate 1 tokens, offset=89842786549 ns
        ON_TOKENS_RETURNED, offset=89842788827 ns
        ON_TOKENS_CALLED, generate 1 tokens, offset=90931575525 ns
        ON_TOKENS_RETURNED, offset=90931576660 ns
        ON_TOKENS_CALLED, generate 1 tokens, offset=92062411086 ns
        ON_TOKENS_RETURNED, offset=92062419089 ns
        ON_TOKENS_CALLED, generate 1 tokens, offset=93179507809 ns
        ON_TOKENS_RETURNED, offset=93179509095 ns
        ON_TOKENS_CALLED, generate 1 tokens, offset=94352539368 ns
        ON_TOKENS_RETURNED, offset=94352540056 ns
        ON_TOKENS_CALLED, generate 1 tokens, offset=95519429521 ns
        ON_TOKENS_RETURNED, offset=95519430732 ns
        ON_TOKENS_CALLED, generate 1 tokens, offset=96731427744 ns
        ON_TOKENS_RETURNED, offset=96731429186 ns
        ON_TOKENS_CALLED, generate 1 tokens, offset=97929812919 ns
        ON_TOKENS_RETURNED, offset=97929814088 ns
        ON_TOKENS_CALLED, generate 1 tokens, offset=99182603117 ns
        ON_TOKENS_RETURNED, offset=99182604540 ns
        ON_TOKENS_CALLED, generate 1 tokens, offset=100433465673 ns
        ON_TOKENS_RETURNED, offset=100433466883 ns
        ON_TOKENS_CALLED, generate 1 tokens, offset=101722176138 ns
        ON_TOKENS_RETURNED, offset=101722177012 ns
        ON_TOKENS_CALLED, generate 1 tokens, offset=102992451104 ns
        ON_TOKENS_RETURNED, offset=102992452344 ns
        ON_TOKENS_CALLED, generate 1 tokens, offset=104319575973 ns
        ON_TOKENS_RETURNED, offset=104319576922 ns
        ON_TOKENS_CALLED, generate 1 tokens, offset=105637868208 ns
        ON_TOKENS_RETURNED, offset=105637869491 ns
        ON_TOKENS_CALLED, generate 1 tokens, offset=107002125118 ns
        ON_TOKENS_RETURNED, offset=107002126115 ns
        ON_TOKENS_CALLED, generate 1 tokens, offset=108349557640 ns
        ON_TOKENS_RETURNED, offset=108349559954 ns
        ON_TOKENS_CALLED, generate 1 tokens, offset=109753343114 ns
        ON_TOKENS_RETURNED, offset=109753344337 ns
        ON_TOKENS_CALLED, generate 1 tokens, offset=111147490174 ns
        ON_TOKENS_RETURNED, offset=111147491126 ns
        ON_TOKENS_CALLED, generate 1 tokens, offset=112588709100 ns
        ON_TOKENS_RETURNED, offset=112588711635 ns
        ON_TOKENS_CALLED, generate 1 tokens, offset=114008139922 ns
        ON_TOKENS_RETURNED, offset=114008142397 ns
        ON_TOKENS_CALLED, generate 1 tokens, offset=115489646066 ns
        ON_TOKENS_RETURNED, offset=115489647886 ns
        ON_TOKENS_CALLED, generate 1 tokens, offset=116963221749 ns
        ON_TOKENS_RETURNED, offset=116963223200 ns
        ON_TOKENS_CALLED, generate 1 tokens, offset=118483976746 ns
        ON_TOKENS_RETURNED, offset=118483978952 ns
        ON_TOKENS_CALLED, generate 1 tokens, offset=119985244445 ns
        ON_TOKENS_RETURNED, offset=119985245653 ns
        ON_TOKENS_CALLED, generate 1 tokens, offset=121544068871 ns
        ON_TOKENS_RETURNED, offset=121544070165 ns
        ON_TOKENS_CALLED, generate 1 tokens, offset=123086678873 ns
        ON_TOKENS_RETURNED, offset=123086679715 ns
        ON_TOKENS_CALLED, generate 1 tokens, offset=124681167337 ns
        ON_TOKENS_RETURNED, offset=124681168350 ns
        ON_TOKENS_CALLED, generate 1 tokens, offset=126251142114 ns
        ON_TOKENS_RETURNED, offset=126251144308 ns
        ON_TOKENS_CALLED, generate 1 tokens, offset=127884968385 ns
        ON_TOKENS_RETURNED, offset=127884969781 ns
        ON_TOKENS_CALLED, generate 1 tokens, offset=129508909486 ns
        ON_TOKENS_RETURNED, offset=129508910835 ns
        ON_TOKENS_CALLED, generate 1 tokens, offset=131185753573 ns
        ON_TOKENS_RETURNED, offset=131185754543 ns
        ON_TOKENS_CALLED, generate 1 tokens, offset=132838186489 ns
        ON_TOKENS_RETURNED, offset=132838188292 ns
        ON_TOKENS_CALLED, generate 1 tokens, offset=134551806150 ns
        ON_TOKENS_RETURNED, offset=134551910904 ns
        ON_TOKENS_CALLED, generate 1 tokens, offset=136248722098 ns
        ON_TOKENS_RETURNED, offset=136248726749 ns
[15:56:59.934919050|thread 4077918|cpu 202] [debug] #EVT# HandleDetails::is_anomalous() handle_id=26 time in state STATE_OPENED exceeded threshold: 65547321702 ns
[15:56:59.934920721|thread 4077918|cpu 202] [debug] #EVT#   Handle,    26, Created, 755284869583624, Last, 755421118244600, Prompted,  8191, Generated,    64, Input TPS, 124.98, Output TPS:  0.79, Callbacks,    64, prompt parsing complete, open
[15:56:59.934934479|thread 4077918|cpu 202] [info ] #EVT#   Handle 26 history:
        SESSION_OPEN, prompt 8192 tokens, offset=0 ns
        PROMPT_TOKENS_REUSE, offset=65547313502 ns
        ON_START_CALLED, offset=65547321702 ns
        ON_START_RETURNED, offset=65547370503 ns
        ON_TOKENS_CALLED, generate 1 tokens, offset=65547395482 ns
        ON_TOKENS_RETURNED, offset=65547396943 ns
        ON_TOKENS_CALLED, generate 1 tokens, offset=66073077140 ns
        ON_TOKENS_RETURNED, offset=66073080252 ns
        ON_TOKENS_CALLED, generate 1 tokens, offset=66636405105 ns
        ON_TOKENS_RETURNED, offset=66636406812 ns
        ON_TOKENS_CALLED, generate 1 tokens, offset=67239189674 ns
        ON_TOKENS_RETURNED, offset=67239191722 ns
        ON_TOKENS_CALLED, generate 1 tokens, offset=67878320239 ns
        ON_TOKENS_RETURNED, offset=67878321574 ns
        ON_TOKENS_CALLED, generate 1 tokens, offset=68536483504 ns
        ON_TOKENS_RETURNED, offset=68536485175 ns
        ON_TOKENS_CALLED, generate 1 tokens, offset=69215387331 ns
        ON_TOKENS_RETURNED, offset=69215388597 ns
        ON_TOKENS_CALLED, generate 1 tokens, offset=69900663125 ns
        ON_TOKENS_RETURNED, offset=69900664218 ns
        ON_TOKENS_CALLED, generate 1 tokens, offset=70602620347 ns
        ON_TOKENS_RETURNED, offset=70602621771 ns
        ON_TOKENS_CALLED, generate 1 tokens, offset=71315579776 ns
        ON_TOKENS_RETURNED, offset=71315581431 ns
        ON_TOKENS_CALLED, generate 1 tokens, offset=72039699032 ns
        ON_TOKENS_RETURNED, offset=72039700281 ns
        ON_TOKENS_CALLED, generate 1 tokens, offset=72770449692 ns
        ON_TOKENS_RETURNED, offset=72770450534 ns
        ON_TOKENS_CALLED, generate 1 tokens, offset=73519226379 ns
        ON_TOKENS_RETURNED, offset=73519229373 ns
        ON_TOKENS_CALLED, generate 1 tokens, offset=74267408172 ns
        ON_TOKENS_RETURNED, offset=74267409517 ns
        ON_TOKENS_CALLED, generate 1 tokens, offset=75031070861 ns
        ON_TOKENS_RETURNED, offset=75031073226 ns
        ON_TOKENS_CALLED, generate 1 tokens, offset=75805188404 ns
        ON_TOKENS_RETURNED, offset=75805189167 ns
        ON_TOKENS_CALLED, generate 1 tokens, offset=76598212120 ns
        ON_TOKENS_RETURNED, offset=76598216952 ns
        ON_TOKENS_CALLED, generate 1 tokens, offset=77397676600 ns
        ON_TOKENS_RETURNED, offset=77397678822 ns
        ON_TOKENS_CALLED, generate 1 tokens, offset=78236192060 ns
        ON_TOKENS_RETURNED, offset=78236193469 ns
        ON_TOKENS_CALLED, generate 1 tokens, offset=79082753422 ns
        ON_TOKENS_RETURNED, offset=79082755786 ns
        ON_TOKENS_CALLED, generate 1 tokens, offset=79969828307 ns
        ON_TOKENS_RETURNED, offset=79969829589 ns
        ON_TOKENS_CALLED, generate 1 tokens, offset=80855306605 ns
        ON_TOKENS_RETURNED, offset=80855308019 ns
        ON_TOKENS_CALLED, generate 1 tokens, offset=81780521900 ns
        ON_TOKENS_RETURNED, offset=81780523923 ns
        ON_TOKENS_CALLED, generate 1 tokens, offset=82709702602 ns
        ON_TOKENS_RETURNED, offset=82709703985 ns
        ON_TOKENS_CALLED, generate 1 tokens, offset=83678754503 ns
        ON_TOKENS_RETURNED, offset=83678757785 ns
        ON_TOKENS_CALLED, generate 1 tokens, offset=84640850771 ns
        ON_TOKENS_RETURNED, offset=84640852196 ns
        ON_TOKENS_CALLED, generate 1 tokens, offset=85649825656 ns
        ON_TOKENS_RETURNED, offset=85649827006 ns
        ON_TOKENS_CALLED, generate 1 tokens, offset=86659009416 ns
        ON_TOKENS_RETURNED, offset=86659011937 ns
        ON_TOKENS_CALLED, generate 1 tokens, offset=87709056842 ns
        ON_TOKENS_RETURNED, offset=87709058132 ns
        ON_TOKENS_CALLED, generate 1 tokens, offset=88751700171 ns
        ON_TOKENS_RETURNED, offset=88751701529 ns
        ON_TOKENS_CALLED, generate 1 tokens, offset=89842725979 ns
        ON_TOKENS_RETURNED, offset=89842727306 ns
        ON_TOKENS_CALLED, generate 1 tokens, offset=90931511494 ns
        ON_TOKENS_RETURNED, offset=90931513356 ns
        ON_TOKENS_CALLED, generate 1 tokens, offset=92062341820 ns
        ON_TOKENS_RETURNED, offset=92062356813 ns
        ON_TOKENS_CALLED, generate 1 tokens, offset=93179437191 ns
        ON_TOKENS_RETURNED, offset=93179439124 ns
        ON_TOKENS_CALLED, generate 1 tokens, offset=94352473415 ns
        ON_TOKENS_RETURNED, offset=94352474495 ns
        ON_TOKENS_CALLED, generate 1 tokens, offset=95519364907 ns
        ON_TOKENS_RETURNED, offset=95519368044 ns
        ON_TOKENS_CALLED, generate 1 tokens, offset=96731361716 ns
        ON_TOKENS_RETURNED, offset=96731363929 ns
        ON_TOKENS_CALLED, generate 1 tokens, offset=97929747107 ns
        ON_TOKENS_RETURNED, offset=97929748396 ns
        ON_TOKENS_CALLED, generate 1 tokens, offset=99182537272 ns
        ON_TOKENS_RETURNED, offset=99182538466 ns
        ON_TOKENS_CALLED, generate 1 tokens, offset=100433398715 ns
        ON_TOKENS_RETURNED, offset=100433400565 ns
        ON_TOKENS_CALLED, generate 1 tokens, offset=101722108614 ns
        ON_TOKENS_RETURNED, offset=101722111431 ns
        ON_TOKENS_CALLED, generate 1 tokens, offset=102992385387 ns
        ON_TOKENS_RETURNED, offset=102992387390 ns
        ON_TOKENS_CALLED, generate 1 tokens, offset=104319507572 ns
        ON_TOKENS_RETURNED, offset=104319510029 ns
        ON_TOKENS_CALLED, generate 1 tokens, offset=105637806083 ns
        ON_TOKENS_RETURNED, offset=105637807266 ns
        ON_TOKENS_CALLED, generate 1 tokens, offset=107002057317 ns
        ON_TOKENS_RETURNED, offset=107002059352 ns
        ON_TOKENS_CALLED, generate 1 tokens, offset=108349491644 ns
        ON_TOKENS_RETURNED, offset=108349492730 ns
        ON_TOKENS_CALLED, generate 1 tokens, offset=109753277164 ns
        ON_TOKENS_RETURNED, offset=109753279481 ns
        ON_TOKENS_CALLED, generate 1 tokens, offset=111147428590 ns
        ON_TOKENS_RETURNED, offset=111147429830 ns
        ON_TOKENS_CALLED, generate 1 tokens, offset=112588644178 ns
        ON_TOKENS_RETURNED, offset=112588645269 ns
        ON_TOKENS_CALLED, generate 1 tokens, offset=114008073540 ns
        ON_TOKENS_RETURNED, offset=114008076682 ns
        ON_TOKENS_CALLED, generate 1 tokens, offset=115489580240 ns
        ON_TOKENS_RETURNED, offset=115489581441 ns
        ON_TOKENS_CALLED, generate 1 tokens, offset=116963155640 ns
        ON_TOKENS_RETURNED, offset=116963156909 ns
        ON_TOKENS_CALLED, generate 1 tokens, offset=118483914657 ns
        ON_TOKENS_RETURNED, offset=118483915617 ns
        ON_TOKENS_CALLED, generate 1 tokens, offset=119985187709 ns
        ON_TOKENS_RETURNED, offset=119985188777 ns
        ON_TOKENS_CALLED, generate 1 tokens, offset=121543998513 ns
        ON_TOKENS_RETURNED, offset=121544000051 ns
        ON_TOKENS_CALLED, generate 1 tokens, offset=123086612599 ns
        ON_TOKENS_RETURNED, offset=123086613526 ns
        ON_TOKENS_CALLED, generate 1 tokens, offset=124681100423 ns
        ON_TOKENS_RETURNED, offset=124681101850 ns
        ON_TOKENS_CALLED, generate 1 tokens, offset=126251076303 ns
        ON_TOKENS_RETURNED, offset=126251079214 ns
        ON_TOKENS_CALLED, generate 1 tokens, offset=127884905310 ns
        ON_TOKENS_RETURNED, offset=127884906167 ns
        ON_TOKENS_CALLED, generate 1 tokens, offset=129508842133 ns
        ON_TOKENS_RETURNED, offset=129508843542 ns
        ON_TOKENS_CALLED, generate 1 tokens, offset=131185685619 ns
        ON_TOKENS_RETURNED, offset=131185686881 ns
        ON_TOKENS_CALLED, generate 1 tokens, offset=132838127983 ns
        ON_TOKENS_RETURNED, offset=132838128989 ns
        ON_TOKENS_CALLED, generate 1 tokens, offset=134551735509 ns
        ON_TOKENS_RETURNED, offset=134551801001 ns
        ON_TOKENS_CALLED, generate 1 tokens, offset=136248655712 ns
        ON_TOKENS_RETURNED, offset=136248660976 ns
[15:56:59.934944795|thread 4077918|cpu 202] [debug] #EVT# HandleDetails::is_anomalous() handle_id=28 time in state STATE_OPENED exceeded threshold: 65547299046 ns
[15:56:59.934946418|thread 4077918|cpu 202] [debug] #EVT#   Handle,    28, Created, 755284869606201, Last, 755421118245277, Prompted,  8191, Generated,    64, Input TPS, 124.98, Output TPS:  0.79, Callbacks,    64, prompt parsing complete, open
[15:56:59.934959572|thread 4077918|cpu 202] [info ] #EVT#   Handle 28 history:
        SESSION_OPEN, prompt 8192 tokens, offset=0 ns
        PROMPT_TOKENS_REUSE, offset=65547291635 ns
        ON_START_CALLED, offset=65547299046 ns
        ON_START_RETURNED, offset=65547465448 ns
        ON_TOKENS_CALLED, generate 1 tokens, offset=65547472224 ns
        ON_TOKENS_RETURNED, offset=65547473152 ns
        ON_TOKENS_CALLED, generate 1 tokens, offset=66073055913 ns
        ON_TOKENS_RETURNED, offset=66073057067 ns
        ON_TOKENS_CALLED, generate 1 tokens, offset=66636384520 ns
        ON_TOKENS_RETURNED, offset=66636385463 ns
        ON_TOKENS_CALLED, generate 1 tokens, offset=67239169388 ns
        ON_TOKENS_RETURNED, offset=67239170653 ns
        ON_TOKENS_CALLED, generate 1 tokens, offset=67878291224 ns
        ON_TOKENS_RETURNED, offset=67878292912 ns
        ON_TOKENS_CALLED, generate 1 tokens, offset=68536463229 ns
        ON_TOKENS_RETURNED, offset=68536464434 ns
        ON_TOKENS_CALLED, generate 1 tokens, offset=69215365435 ns
        ON_TOKENS_RETURNED, offset=69215368118 ns
        ON_TOKENS_CALLED, generate 1 tokens, offset=69900643160 ns
        ON_TOKENS_RETURNED, offset=69900644426 ns
        ON_TOKENS_CALLED, generate 1 tokens, offset=70602599648 ns
        ON_TOKENS_RETURNED, offset=70602601222 ns
        ON_TOKENS_CALLED, generate 1 tokens, offset=71315558215 ns
        ON_TOKENS_RETURNED, offset=71315559358 ns
        ON_TOKENS_CALLED, generate 1 tokens, offset=72039675329 ns
        ON_TOKENS_RETURNED, offset=72039676569 ns
        ON_TOKENS_CALLED, generate 1 tokens, offset=72770430864 ns
        ON_TOKENS_RETURNED, offset=72770431899 ns
        ON_TOKENS_CALLED, generate 1 tokens, offset=73519206368 ns
        ON_TOKENS_RETURNED, offset=73519208010 ns
        ON_TOKENS_CALLED, generate 1 tokens, offset=74267389066 ns
        ON_TOKENS_RETURNED, offset=74267390169 ns
        ON_TOKENS_CALLED, generate 1 tokens, offset=75031049284 ns
        ON_TOKENS_RETURNED, offset=75031050822 ns
        ON_TOKENS_CALLED, generate 1 tokens, offset=75805166863 ns
        ON_TOKENS_RETURNED, offset=75805167929 ns
        ON_TOKENS_CALLED, generate 1 tokens, offset=76598191860 ns
        ON_TOKENS_RETURNED, offset=76598223165 ns
        ON_TOKENS_CALLED, generate 1 tokens, offset=77397651911 ns
        ON_TOKENS_RETURNED, offset=77397655425 ns
        ON_TOKENS_CALLED, generate 1 tokens, offset=78236169882 ns
        ON_TOKENS_RETURNED, offset=78236170814 ns
        ON_TOKENS_CALLED, generate 1 tokens, offset=79082732770 ns
        ON_TOKENS_RETURNED, offset=79082733849 ns
        ON_TOKENS_CALLED, generate 1 tokens, offset=79969812481 ns
        ON_TOKENS_RETURNED, offset=79969813467 ns
        ON_TOKENS_CALLED, generate 1 tokens, offset=80855286567 ns
        ON_TOKENS_RETURNED, offset=80855288707 ns
        ON_TOKENS_CALLED, generate 1 tokens, offset=81780501745 ns
        ON_TOKENS_RETURNED, offset=81780503600 ns
        ON_TOKENS_CALLED, generate 1 tokens, offset=82709676827 ns
        ON_TOKENS_RETURNED, offset=82709678604 ns
        ON_TOKENS_CALLED, generate 1 tokens, offset=83678733684 ns
        ON_TOKENS_RETURNED, offset=83678735761 ns
        ON_TOKENS_CALLED, generate 1 tokens, offset=84640829266 ns
        ON_TOKENS_RETURNED, offset=84640830228 ns
        ON_TOKENS_CALLED, generate 1 tokens, offset=85649805847 ns
        ON_TOKENS_RETURNED, offset=85649808502 ns
        ON_TOKENS_CALLED, generate 1 tokens, offset=86658988913 ns
        ON_TOKENS_RETURNED, offset=86658990980 ns
        ON_TOKENS_CALLED, generate 1 tokens, offset=87709036631 ns
        ON_TOKENS_RETURNED, offset=87709037510 ns
        ON_TOKENS_CALLED, generate 1 tokens, offset=88751686420 ns
        ON_TOKENS_RETURNED, offset=88751688053 ns
        ON_TOKENS_CALLED, generate 1 tokens, offset=89842705664 ns
        ON_TOKENS_RETURNED, offset=89842706931 ns
        ON_TOKENS_CALLED, generate 1 tokens, offset=90931485557 ns
        ON_TOKENS_RETURNED, offset=90931486877 ns
        ON_TOKENS_CALLED, generate 1 tokens, offset=92062320954 ns
        ON_TOKENS_RETURNED, offset=92062340002 ns
        ON_TOKENS_CALLED, generate 1 tokens, offset=93179418028 ns
        ON_TOKENS_RETURNED, offset=93179420868 ns
        ON_TOKENS_CALLED, generate 1 tokens, offset=94352453721 ns
        ON_TOKENS_RETURNED, offset=94352454837 ns
        ON_TOKENS_CALLED, generate 1 tokens, offset=95519336466 ns
        ON_TOKENS_RETURNED, offset=95519337743 ns
        ON_TOKENS_CALLED, generate 1 tokens, offset=96731341122 ns
        ON_TOKENS_RETURNED, offset=96731342650 ns
        ON_TOKENS_CALLED, generate 1 tokens, offset=97929722533 ns
        ON_TOKENS_RETURNED, offset=97929723678 ns
        ON_TOKENS_CALLED, generate 1 tokens, offset=99182516467 ns
        ON_TOKENS_RETURNED, offset=99182517601 ns
        ON_TOKENS_CALLED, generate 1 tokens, offset=100433378024 ns
        ON_TOKENS_RETURNED, offset=100433379598 ns
        ON_TOKENS_CALLED, generate 1 tokens, offset=101722087338 ns
        ON_TOKENS_RETURNED, offset=101722088283 ns
        ON_TOKENS_CALLED, generate 1 tokens, offset=102992363800 ns
        ON_TOKENS_RETURNED, offset=102992365748 ns
        ON_TOKENS_CALLED, generate 1 tokens, offset=104319486025 ns
        ON_TOKENS_RETURNED, offset=104319487219 ns
        ON_TOKENS_CALLED, generate 1 tokens, offset=105637781307 ns
        ON_TOKENS_RETURNED, offset=105637782515 ns
        ON_TOKENS_CALLED, generate 1 tokens, offset=107002035017 ns
        ON_TOKENS_RETURNED, offset=107002036172 ns
        ON_TOKENS_CALLED, generate 1 tokens, offset=108349469983 ns
        ON_TOKENS_RETURNED, offset=108349471007 ns
        ON_TOKENS_CALLED, generate 1 tokens, offset=109753255824 ns
        ON_TOKENS_RETURNED, offset=109753257108 ns
        ON_TOKENS_CALLED, generate 1 tokens, offset=111147409329 ns
        ON_TOKENS_RETURNED, offset=111147410136 ns
        ON_TOKENS_CALLED, generate 1 tokens, offset=112588623190 ns
        ON_TOKENS_RETURNED, offset=112588624765 ns
        ON_TOKENS_CALLED, generate 1 tokens, offset=114008052750 ns
        ON_TOKENS_RETURNED, offset=114008055897 ns
        ON_TOKENS_CALLED, generate 1 tokens, offset=115489557224 ns
        ON_TOKENS_RETURNED, offset=115489558532 ns
        ON_TOKENS_CALLED, generate 1 tokens, offset=116963134459 ns
        ON_TOKENS_RETURNED, offset=116963135302 ns
        ON_TOKENS_CALLED, generate 1 tokens, offset=118483890050 ns
        ON_TOKENS_RETURNED, offset=118483892219 ns
        ON_TOKENS_CALLED, generate 1 tokens, offset=119985154172 ns
        ON_TOKENS_RETURNED, offset=119985155549 ns
        ON_TOKENS_CALLED, generate 1 tokens, offset=121543981873 ns
        ON_TOKENS_RETURNED, offset=121543983740 ns
        ON_TOKENS_CALLED, generate 1 tokens, offset=123086594343 ns
        ON_TOKENS_RETURNED, offset=123086595303 ns
        ON_TOKENS_CALLED, generate 1 tokens, offset=124681085640 ns
        ON_TOKENS_RETURNED, offset=124681086715 ns
        ON_TOKENS_CALLED, generate 1 tokens, offset=126251056353 ns
        ON_TOKENS_RETURNED, offset=126251057410 ns
        ON_TOKENS_CALLED, generate 1 tokens, offset=127884880177 ns
        ON_TOKENS_RETURNED, offset=127884881892 ns
        ON_TOKENS_CALLED, generate 1 tokens, offset=129508827703 ns
        ON_TOKENS_RETURNED, offset=129508828972 ns
        ON_TOKENS_CALLED, generate 1 tokens, offset=131185666341 ns
        ON_TOKENS_RETURNED, offset=131185668866 ns
        ON_TOKENS_CALLED, generate 1 tokens, offset=132838102303 ns
        ON_TOKENS_RETURNED, offset=132838104162 ns
        ON_TOKENS_CALLED, generate 1 tokens, offset=134551715877 ns
        ON_TOKENS_RETURNED, offset=134551842358 ns
        ON_TOKENS_CALLED, generate 1 tokens, offset=136248634405 ns
        ON_TOKENS_RETURNED, offset=136248639076 ns
[15:56:59.934968711|thread 4077918|cpu 202] [debug] #EVT# HandleDetails::is_anomalous() handle_id=29 time in state STATE_OPENED exceeded threshold: 65547289623 ns
[15:56:59.934970281|thread 4077918|cpu 202] [debug] #EVT#   Handle,    29, Created, 755284869617419, Last, 755421118245509, Prompted,  8191, Generated,    64, Input TPS, 124.98, Output TPS:  0.79, Callbacks,    64, prompt parsing complete, open
[15:56:59.934983547|thread 4077918|cpu 202] [info ] #EVT#   Handle 29 history:
        SESSION_OPEN, prompt 8192 tokens, offset=0 ns
        PROMPT_TOKENS_REUSE, offset=65547282541 ns
        ON_START_CALLED, offset=65547289623 ns
        ON_START_RETURNED, offset=65547386079 ns
        ON_TOKENS_CALLED, generate 1 tokens, offset=65547393417 ns
        ON_TOKENS_RETURNED, offset=65547395687 ns
        ON_TOKENS_CALLED, generate 1 tokens, offset=66073046325 ns
        ON_TOKENS_RETURNED, offset=66073047672 ns
        ON_TOKENS_CALLED, generate 1 tokens, offset=66636376652 ns
        ON_TOKENS_RETURNED, offset=66636378525 ns
        ON_TOKENS_CALLED, generate 1 tokens, offset=67239158839 ns
        ON_TOKENS_RETURNED, offset=67239159922 ns
        ON_TOKENS_CALLED, generate 1 tokens, offset=67878280136 ns
        ON_TOKENS_RETURNED, offset=67878281144 ns
        ON_TOKENS_CALLED, generate 1 tokens, offset=68536452914 ns
        ON_TOKENS_RETURNED, offset=68536455342 ns
        ON_TOKENS_CALLED, generate 1 tokens, offset=69215355097 ns
        ON_TOKENS_RETURNED, offset=69215357519 ns
        ON_TOKENS_CALLED, generate 1 tokens, offset=69900632517 ns
        ON_TOKENS_RETURNED, offset=69900634659 ns
        ON_TOKENS_CALLED, generate 1 tokens, offset=70602589592 ns
        ON_TOKENS_RETURNED, offset=70602590720 ns
        ON_TOKENS_CALLED, generate 1 tokens, offset=71315548703 ns
        ON_TOKENS_RETURNED, offset=71315549926 ns
        ON_TOKENS_CALLED, generate 1 tokens, offset=72039663614 ns
        ON_TOKENS_RETURNED, offset=72039664513 ns
        ON_TOKENS_CALLED, generate 1 tokens, offset=72770417253 ns
        ON_TOKENS_RETURNED, offset=72770418221 ns
        ON_TOKENS_CALLED, generate 1 tokens, offset=73519195992 ns
        ON_TOKENS_RETURNED, offset=73519197260 ns
        ON_TOKENS_CALLED, generate 1 tokens, offset=74267378327 ns
        ON_TOKENS_RETURNED, offset=74267379404 ns
        ON_TOKENS_CALLED, generate 1 tokens, offset=75031039672 ns
        ON_TOKENS_RETURNED, offset=75031041835 ns
        ON_TOKENS_CALLED, generate 1 tokens, offset=75805157725 ns
        ON_TOKENS_RETURNED, offset=75805158659 ns
        ON_TOKENS_CALLED, generate 1 tokens, offset=76598181602 ns
        ON_TOKENS_RETURNED, offset=76598194806 ns
        ON_TOKENS_CALLED, generate 1 tokens, offset=77397641599 ns
        ON_TOKENS_RETURNED, offset=77397642440 ns
        ON_TOKENS_CALLED, generate 1 tokens, offset=78236159381 ns
        ON_TOKENS_RETURNED, offset=78236160174 ns
        ON_TOKENS_CALLED, generate 1 tokens, offset=79082722959 ns
        ON_TOKENS_RETURNED, offset=79082723849 ns
        ON_TOKENS_CALLED, generate 1 tokens, offset=79969794043 ns
        ON_TOKENS_RETURNED, offset=79969794981 ns
        ON_TOKENS_CALLED, generate 1 tokens, offset=80855275794 ns
        ON_TOKENS_RETURNED, offset=80855278112 ns
        ON_TOKENS_CALLED, generate 1 tokens, offset=81780492744 ns
        ON_TOKENS_RETURNED, offset=81780493618 ns
        ON_TOKENS_CALLED, generate 1 tokens, offset=82709664705 ns
        ON_TOKENS_RETURNED, offset=82709666437 ns
        ON_TOKENS_CALLED, generate 1 tokens, offset=83678722707 ns
        ON_TOKENS_RETURNED, offset=83678725542 ns
        ON_TOKENS_CALLED, generate 1 tokens, offset=84640819926 ns
        ON_TOKENS_RETURNED, offset=84640821110 ns
        ON_TOKENS_CALLED, generate 1 tokens, offset=85649794170 ns
        ON_TOKENS_RETURNED, offset=85649796896 ns
        ON_TOKENS_CALLED, generate 1 tokens, offset=86658978646 ns
        ON_TOKENS_RETURNED, offset=86658980688 ns
        ON_TOKENS_CALLED, generate 1 tokens, offset=87709027613 ns
        ON_TOKENS_RETURNED, offset=87709028698 ns
        ON_TOKENS_CALLED, generate 1 tokens, offset=88751674086 ns
        ON_TOKENS_RETURNED, offset=88751675281 ns
        ON_TOKENS_CALLED, generate 1 tokens, offset=89842692030 ns
        ON_TOKENS_RETURNED, offset=89842693588 ns
        ON_TOKENS_CALLED, generate 1 tokens, offset=90931476347 ns
        ON_TOKENS_RETURNED, offset=90931478380 ns
        ON_TOKENS_CALLED, generate 1 tokens, offset=92062310583 ns
        ON_TOKENS_RETURNED, offset=92062335767 ns
        ON_TOKENS_CALLED, generate 1 tokens, offset=93179406901 ns
        ON_TOKENS_RETURNED, offset=93179408476 ns
        ON_TOKENS_CALLED, generate 1 tokens, offset=94352443700 ns
        ON_TOKENS_RETURNED, offset=94352444648 ns
        ON_TOKENS_CALLED, generate 1 tokens, offset=95519328608 ns
        ON_TOKENS_RETURNED, offset=95519329452 ns
        ON_TOKENS_CALLED, generate 1 tokens, offset=96731330998 ns
        ON_TOKENS_RETURNED, offset=96731331903 ns
        ON_TOKENS_CALLED, generate 1 tokens, offset=97929713738 ns
        ON_TOKENS_RETURNED, offset=97929714951 ns
        ON_TOKENS_CALLED, generate 1 tokens, offset=99182506849 ns
        ON_TOKENS_RETURNED, offset=99182508000 ns
        ON_TOKENS_CALLED, generate 1 tokens, offset=100433368201 ns
        ON_TOKENS_RETURNED, offset=100433368995 ns
        ON_TOKENS_CALLED, generate 1 tokens, offset=101722077281 ns
        ON_TOKENS_RETURNED, offset=101722078099 ns
        ON_TOKENS_CALLED, generate 1 tokens, offset=102992354064 ns
        ON_TOKENS_RETURNED, offset=102992355097 ns
        ON_TOKENS_CALLED, generate 1 tokens, offset=104319476452 ns
        ON_TOKENS_RETURNED, offset=104319477280 ns
        ON_TOKENS_CALLED, generate 1 tokens, offset=105637770768 ns
        ON_TOKENS_RETURNED, offset=105637772530 ns
        ON_TOKENS_CALLED, generate 1 tokens, offset=107002025639 ns
        ON_TOKENS_RETURNED, offset=107002026501 ns
        ON_TOKENS_CALLED, generate 1 tokens, offset=108349459885 ns
        ON_TOKENS_RETURNED, offset=108349461246 ns
        ON_TOKENS_CALLED, generate 1 tokens, offset=109753245969 ns
        ON_TOKENS_RETURNED, offset=109753246891 ns
        ON_TOKENS_CALLED, generate 1 tokens, offset=111147392166 ns
        ON_TOKENS_RETURNED, offset=111147393167 ns
        ON_TOKENS_CALLED, generate 1 tokens, offset=112588608252 ns
        ON_TOKENS_RETURNED, offset=112588609555 ns
        ON_TOKENS_CALLED, generate 1 tokens, offset=114008043058 ns
        ON_TOKENS_RETURNED, offset=114008044320 ns
        ON_TOKENS_CALLED, generate 1 tokens, offset=115489547958 ns
        ON_TOKENS_RETURNED, offset=115489548906 ns
        ON_TOKENS_CALLED, generate 1 tokens, offset=116963124967 ns
        ON_TOKENS_RETURNED, offset=116963126022 ns
        ON_TOKENS_CALLED, generate 1 tokens, offset=118483880378 ns
        ON_TOKENS_RETURNED, offset=118483881647 ns
        ON_TOKENS_CALLED, generate 1 tokens, offset=119985156390 ns
        ON_TOKENS_RETURNED, offset=119985157293 ns
        ON_TOKENS_CALLED, generate 1 tokens, offset=121543971500 ns
        ON_TOKENS_RETURNED, offset=121543973480 ns
        ON_TOKENS_CALLED, generate 1 tokens, offset=123086581689 ns
        ON_TOKENS_RETURNED, offset=123086582605 ns
        ON_TOKENS_CALLED, generate 1 tokens, offset=124681079990 ns
        ON_TOKENS_RETURNED, offset=124681080755 ns
        ON_TOKENS_CALLED, generate 1 tokens, offset=126251045347 ns
        ON_TOKENS_RETURNED, offset=126251047481 ns
        ON_TOKENS_CALLED, generate 1 tokens, offset=127884870149 ns
        ON_TOKENS_RETURNED, offset=127884871426 ns
        ON_TOKENS_CALLED, generate 1 tokens, offset=129508820632 ns
        ON_TOKENS_RETURNED, offset=129508821601 ns
        ON_TOKENS_CALLED, generate 1 tokens, offset=131185660196 ns
        ON_TOKENS_RETURNED, offset=131185661294 ns
        ON_TOKENS_CALLED, generate 1 tokens, offset=132838092035 ns
        ON_TOKENS_RETURNED, offset=132838094118 ns
        ON_TOKENS_CALLED, generate 1 tokens, offset=134551705558 ns
        ON_TOKENS_RETURNED, offset=134551877736 ns
        ON_TOKENS_CALLED, generate 1 tokens, offset=136248623473 ns
        ON_TOKENS_RETURNED, offset=136248628090 ns
[15:57:00.639621817|thread 4077917|cpu 202] [info ] KV cache footprint: 30.78 GB in 141 books
[15:57:11.301501589|thread 4077917|cpu 202] [info ] KV cache footprint: 31.88 GB in 146 books
[15:57:18.135426761|thread 4077917|cpu 202] [info ] KV cache footprint: 32.98 GB in 151 books
[15:57:20.579925532|thread 4075097|cpu 202] [info ] [Request 5] Parsing the prompt took 167.124433517 s at 49.01736884072493 tokens/s
[15:57:26.373643124|thread 4077917|cpu 202] [info ] KV cache footprint: 34.08 GB in 156 books
[15:57:38.035003918|thread 4077917|cpu 202] [info ] KV cache footprint: 35.17 GB in 161 books
[15:57:43.736930444|thread 4075098|cpu 202] [info ] [Request 6] Parsing the prompt took 190.281426671 s at 43.052021121137145 tokens/s
[15:57:49.239512944|thread 4077917|cpu 202] [info ] KV cache footprint: 36.27 GB in 166 books
[15:57:55.060094563|thread 4075099|cpu 202] [info ] [Request 14] Parsing the prompt took 201.60449575 s at 40.63401448228864 tokens/s
[15:57:59.276174571|thread 4077917|cpu 202] [info ] KV cache footprint: 37.37 GB in 171 books
[15:58:00.727144930|thread 4075101|cpu 202] [info ] [Request 19] Parsing the prompt took 207.271491786 s at 39.52304260181584 tokens/s
[15:58:02.054515289|thread 4075091|cpu 202] [info ] [Request 44] Generating 61 response tokens with 8193 context took 70.037896 s at 0.871 average tok/s, or 1148.162 ms/tok
[15:58:02.054516038|thread 4075093|cpu 202] [info ] [Request 3] Generating 61 response tokens with 8193 context took 70.037901 s at 0.871 average tok/s, or 1148.162 ms/tok
[15:58:02.054515326|thread 4075090|cpu 202] [info ] [Request 42] Generating 61 response tokens with 8193 context took 70.037897 s at 0.871 average tok/s, or 1148.162 ms/tok
[15:58:02.054581002|thread 4075090|cpu 202] [info ] [Request 42] Request with 8192 tokens in and 64 out (sequence limit) saw 137.904603 s TTFT and 208.598544 s TTLT
[15:58:02.054516727|thread 4075094|cpu 202] [info ] [Request 21] Generating 61 response tokens with 8193 context took 70.037896 s at 0.871 average tok/s, or 1148.162 ms/tok
[15:58:02.054515075|thread 4075092|cpu 202] [info ] [Request 47] Generating 61 response tokens with 8193 context took 70.037896 s at 0.871 average tok/s, or 1148.162 ms/tok
[15:58:02.054619714|thread 4075092|cpu 202] [info ] [Request 47] Request with 8192 tokens in and 64 out (sequence limit) saw 137.904444 s TTFT and 208.598383 s TTLT
[15:58:02.054520986|thread 4075096|cpu 202] [info ] [Request 4] Generating 61 response tokens with 8193 context took 70.037893 s at 0.871 average tok/s, or 1148.162 ms/tok
[15:58:02.054634748|thread 4075096|cpu 202] [info ] [Request 4] Request with 8192 tokens in and 64 out (sequence limit) saw 137.905099 s TTFT and 208.599039 s TTLT
[15:58:02.054551719|thread 4075091|cpu 202] [info ] [Request 44] Request with 8192 tokens in and 64 out (sequence limit) saw 137.904540 s TTFT and 208.598480 s TTLT
[15:58:02.054567036|thread 4075093|cpu 202] [info ] [Request 3] Request with 8192 tokens in and 64 out (sequence limit) saw 137.905105 s TTFT and 208.599045 s TTLT
[15:58:02.054595725|thread 4075094|cpu 202] [info ] [Request 21] Request with 8192 tokens in and 64 out (sequence limit) saw 137.904902 s TTFT and 208.598841 s TTLT
[15:58:02.054519962|thread 4075095|cpu 202] [info ] [Request 23] Generating 61 response tokens with 8193 context took 70.037897 s at 0.871 average tok/s, or 1148.162 ms/tok
[15:58:02.054680112|thread 4075095|cpu 202] [info ] [Request 23] Request with 8192 tokens in and 64 out (sequence limit) saw 137.904880 s TTFT and 208.598821 s TTLT
[15:58:04.661442812|thread 4075096|cpu 202] [info ] [Request 36] Parsing the prompt took 211.205586025 s at 38.78685291510391 tokens/s
[15:58:04.661442815|thread 4075095|cpu 202] [info ] [Request 33] Parsing the prompt took 211.205617935 s at 38.78684705499238 tokens/s
[15:58:04.661442773|thread 4075094|cpu 202] [info ] [Request 24] Parsing the prompt took 211.205732685 s at 38.78682598174478 tokens/s
[15:58:08.112307927|thread 4077917|cpu 202] [info ] KV cache footprint: 38.47 GB in 176 books
[15:58:13.736125139|thread 4077918|cpu 202] [debug] #EVT# HandleDetails::is_anomalous() handle_id=47 time in state STATE_OPENED exceeded threshold: 137904429830 ns
[15:58:13.736193175|thread 4077918|cpu 202] [debug] #EVT#   Handle,    47, Created, 755284869988575, Last, 755494838750240, Prompted,  8191, Generated,    64, Input TPS, 59.40, Output TPS:  0.78, Callbacks,    64, prompt parsing complete, open
[15:58:13.736237904|thread 4077918|cpu 202] [info ] #EVT#   Handle 47 history:
        SESSION_OPEN, prompt 8192 tokens, offset=0 ns
        PROMPT_TOKENS_REUSE, offset=137904428888 ns
        ON_START_CALLED, offset=137904429830 ns
        ON_START_RETURNED, offset=137904472714 ns
        ON_TOKENS_CALLED, generate 1 tokens, offset=137904477813 ns
        ON_TOKENS_RETURNED, offset=137904479690 ns
        ON_TOKENS_CALLED, generate 1 tokens, offset=138560473248 ns
        ON_TOKENS_RETURNED, offset=138560475169 ns
        ON_TOKENS_CALLED, generate 1 tokens, offset=139283258819 ns
        ON_TOKENS_RETURNED, offset=139283261370 ns
        ON_TOKENS_CALLED, generate 1 tokens, offset=140017706881 ns
        ON_TOKENS_RETURNED, offset=140017707833 ns
        ON_TOKENS_CALLED, generate 1 tokens, offset=140760737583 ns
        ON_TOKENS_RETURNED, offset=140760739426 ns
        ON_TOKENS_CALLED, generate 1 tokens, offset=141516150767 ns
        ON_TOKENS_RETURNED, offset=141516152078 ns
        ON_TOKENS_CALLED, generate 1 tokens, offset=142289691823 ns
        ON_TOKENS_RETURNED, offset=142289694487 ns
        ON_TOKENS_CALLED, generate 1 tokens, offset=143070757790 ns
        ON_TOKENS_RETURNED, offset=143070760760 ns
        ON_TOKENS_CALLED, generate 1 tokens, offset=143866518280 ns
        ON_TOKENS_RETURNED, offset=143866522981 ns
        ON_TOKENS_CALLED, generate 1 tokens, offset=144671562048 ns
        ON_TOKENS_RETURNED, offset=144671563261 ns
        ON_TOKENS_CALLED, generate 1 tokens, offset=145494446953 ns
        ON_TOKENS_RETURNED, offset=145494449801 ns
        ON_TOKENS_CALLED, generate 1 tokens, offset=146330155542 ns
        ON_TOKENS_RETURNED, offset=146330156834 ns
        ON_TOKENS_CALLED, generate 1 tokens, offset=147183239346 ns
        ON_TOKENS_RETURNED, offset=147183240808 ns
        ON_TOKENS_CALLED, generate 1 tokens, offset=148056145148 ns
        ON_TOKENS_RETURNED, offset=148056146696 ns
        ON_TOKENS_CALLED, generate 1 tokens, offset=148951185722 ns
        ON_TOKENS_RETURNED, offset=148951186671 ns
        ON_TOKENS_CALLED, generate 1 tokens, offset=149857657647 ns
        ON_TOKENS_RETURNED, offset=149857659077 ns
        ON_TOKENS_CALLED, generate 1 tokens, offset=150787627011 ns
        ON_TOKENS_RETURNED, offset=150787643784 ns
        ON_TOKENS_CALLED, generate 1 tokens, offset=151722302533 ns
        ON_TOKENS_RETURNED, offset=151722304194 ns
        ON_TOKENS_CALLED, generate 1 tokens, offset=152697545908 ns
        ON_TOKENS_RETURNED, offset=152697547975 ns
        ON_TOKENS_CALLED, generate 1 tokens, offset=153682331431 ns
        ON_TOKENS_RETURNED, offset=153682332631 ns
        ON_TOKENS_CALLED, generate 1 tokens, offset=154700027334 ns
        ON_TOKENS_RETURNED, offset=154700028209 ns
        ON_TOKENS_CALLED, generate 1 tokens, offset=155719134945 ns
        ON_TOKENS_RETURNED, offset=155719136291 ns
        ON_TOKENS_CALLED, generate 1 tokens, offset=156775398874 ns
        ON_TOKENS_RETURNED, offset=156775400511 ns
        ON_TOKENS_CALLED, generate 1 tokens, offset=157845057316 ns
        ON_TOKENS_RETURNED, offset=157845058505 ns
        ON_TOKENS_CALLED, generate 1 tokens, offset=158944304008 ns
        ON_TOKENS_RETURNED, offset=158944305016 ns
        ON_TOKENS_CALLED, generate 1 tokens, offset=160037453287 ns
        ON_TOKENS_RETURNED, offset=160037454546 ns
        ON_TOKENS_CALLED, generate 1 tokens, offset=161177483159 ns
        ON_TOKENS_RETURNED, offset=161177485639 ns
        ON_TOKENS_CALLED, generate 1 tokens, offset=162321033413 ns
        ON_TOKENS_RETURNED, offset=162321034730 ns
        ON_TOKENS_CALLED, generate 1 tokens, offset=163501786637 ns
        ON_TOKENS_RETURNED, offset=163501787390 ns
        ON_TOKENS_CALLED, generate 1 tokens, offset=164679067672 ns
        ON_TOKENS_RETURNED, offset=164679070253 ns
        ON_TOKENS_CALLED, generate 1 tokens, offset=165900055710 ns
        ON_TOKENS_RETURNED, offset=165900057052 ns
        ON_TOKENS_CALLED, generate 1 tokens, offset=167123776765 ns
        ON_TOKENS_RETURNED, offset=167123778259 ns
        ON_TOKENS_CALLED, generate 1 tokens, offset=168243837723 ns
        ON_TOKENS_RETURNED, offset=168243840801 ns
        ON_TOKENS_CALLED, generate 1 tokens, offset=169390514107 ns
        ON_TOKENS_RETURNED, offset=169390516316 ns
        ON_TOKENS_CALLED, generate 1 tokens, offset=170546912003 ns
        ON_TOKENS_RETURNED, offset=170546914550 ns
        ON_TOKENS_CALLED, generate 1 tokens, offset=171730586621 ns
        ON_TOKENS_RETURNED, offset=171730589304 ns
        ON_TOKENS_CALLED, generate 1 tokens, offset=172917238411 ns
        ON_TOKENS_RETURNED, offset=172917240140 ns
        ON_TOKENS_CALLED, generate 1 tokens, offset=174140257466 ns
        ON_TOKENS_RETURNED, offset=174140259403 ns
        ON_TOKENS_CALLED, generate 1 tokens, offset=175371136852 ns
        ON_TOKENS_RETURNED, offset=175371138062 ns
        ON_TOKENS_CALLED, generate 1 tokens, offset=176635846639 ns
        ON_TOKENS_RETURNED, offset=176635847964 ns
        ON_TOKENS_CALLED, generate 1 tokens, offset=177893706703 ns
        ON_TOKENS_RETURNED, offset=177893707818 ns
        ON_TOKENS_CALLED, generate 1 tokens, offset=179198865132 ns
        ON_TOKENS_RETURNED, offset=179198866950 ns
        ON_TOKENS_CALLED, generate 1 tokens, offset=180509201527 ns
        ON_TOKENS_RETURNED, offset=180509202573 ns
        ON_TOKENS_CALLED, generate 1 tokens, offset=181854556450 ns
        ON_TOKENS_RETURNED, offset=181854557926 ns
        ON_TOKENS_CALLED, generate 1 tokens, offset=183194544250 ns
        ON_TOKENS_RETURNED, offset=183194546181 ns
        ON_TOKENS_CALLED, generate 1 tokens, offset=184578519803 ns
        ON_TOKENS_RETURNED, offset=184578521471 ns
        ON_TOKENS_CALLED, generate 1 tokens, offset=185967784129 ns
        ON_TOKENS_RETURNED, offset=185967785987 ns
        ON_TOKENS_CALLED, generate 1 tokens, offset=187395264976 ns
        ON_TOKENS_RETURNED, offset=187395267805 ns
        ON_TOKENS_CALLED, generate 1 tokens, offset=188813564945 ns
        ON_TOKENS_RETURNED, offset=188813566154 ns
        ON_TOKENS_CALLED, generate 1 tokens, offset=190280766602 ns
        ON_TOKENS_RETURNED, offset=190280767674 ns
        ON_TOKENS_CALLED, generate 1 tokens, offset=191613289494 ns
        ON_TOKENS_RETURNED, offset=191613290713 ns
        ON_TOKENS_CALLED, generate 1 tokens, offset=192988826593 ns
        ON_TOKENS_RETURNED, offset=192988829267 ns
        ON_TOKENS_CALLED, generate 1 tokens, offset=194367546671 ns
        ON_TOKENS_RETURNED, offset=194367549104 ns
        ON_TOKENS_CALLED, generate 1 tokens, offset=195783125018 ns
        ON_TOKENS_RETURNED, offset=195783128171 ns
        ON_TOKENS_CALLED, generate 1 tokens, offset=197204547668 ns
        ON_TOKENS_RETURNED, offset=197204550388 ns
        ON_TOKENS_CALLED, generate 1 tokens, offset=198658597611 ns
        ON_TOKENS_RETURNED, offset=198658598838 ns
        ON_TOKENS_CALLED, generate 1 tokens, offset=200111457950 ns
        ON_TOKENS_RETURNED, offset=200111459313 ns
        ON_TOKENS_CALLED, generate 1 tokens, offset=201603931412 ns
        ON_TOKENS_RETURNED, offset=201603933806 ns
        ON_TOKENS_CALLED, generate 1 tokens, offset=202974323288 ns
        ON_TOKENS_RETURNED, offset=202974325301 ns
        ON_TOKENS_CALLED, generate 1 tokens, offset=204393402098 ns
        ON_TOKENS_RETURNED, offset=204393403102 ns
        ON_TOKENS_CALLED, generate 1 tokens, offset=205819757677 ns
        ON_TOKENS_RETURNED, offset=205819760695 ns
        ON_TOKENS_CALLED, generate 1 tokens, offset=207270974440 ns
        ON_TOKENS_RETURNED, offset=207270975341 ns
        ON_TOKENS_CALLED, generate 1 tokens, offset=208598368094 ns
        ON_TOKENS_RETURNED, offset=208598483027 ns
        ON_TOKENS_CALLED, generate 1 tokens, offset=209968756483 ns
        ON_TOKENS_RETURNED, offset=209968761665 ns
[15:58:13.736265917|thread 4077918|cpu 202] [debug] #EVT# HandleDetails::is_anomalous() handle_id=44 time in state STATE_OPENED exceeded threshold: 137904523809 ns
[15:58:13.736268890|thread 4077918|cpu 202] [debug] #EVT#   Handle,    44, Created, 755284869893999, Last, 755494838754576, Prompted,  8191, Generated,    64, Input TPS, 59.40, Output TPS:  0.78, Callbacks,    64, prompt parsing complete, open
[15:58:13.736285424|thread 4077918|cpu 202] [info ] #EVT#   Handle 44 history:
        SESSION_OPEN, prompt 8192 tokens, offset=0 ns
        PROMPT_TOKENS_REUSE, offset=137904522428 ns
        ON_START_CALLED, offset=137904523809 ns
        ON_START_RETURNED, offset=137904584784 ns
        ON_TOKENS_CALLED, generate 1 tokens, offset=137904589345 ns
        ON_TOKENS_RETURNED, offset=137904592013 ns
        ON_TOKENS_CALLED, generate 1 tokens, offset=138560568603 ns
        ON_TOKENS_RETURNED, offset=138560570754 ns
        ON_TOKENS_CALLED, generate 1 tokens, offset=139283344538 ns
        ON_TOKENS_RETURNED, offset=139283347353 ns
        ON_TOKENS_CALLED, generate 1 tokens, offset=140017799685 ns
        ON_TOKENS_RETURNED, offset=140017801366 ns
        ON_TOKENS_CALLED, generate 1 tokens, offset=140760826387 ns
        ON_TOKENS_RETURNED, offset=140760830280 ns
        ON_TOKENS_CALLED, generate 1 tokens, offset=141516243743 ns
        ON_TOKENS_RETURNED, offset=141516244972 ns
        ON_TOKENS_CALLED, generate 1 tokens, offset=142289784321 ns
        ON_TOKENS_RETURNED, offset=142289785827 ns
        ON_TOKENS_CALLED, generate 1 tokens, offset=143070851114 ns
        ON_TOKENS_RETURNED, offset=143070853827 ns
        ON_TOKENS_CALLED, generate 1 tokens, offset=143866608183 ns
        ON_TOKENS_RETURNED, offset=143866613039 ns
        ON_TOKENS_CALLED, generate 1 tokens, offset=144671655820 ns
        ON_TOKENS_RETURNED, offset=144671658421 ns
        ON_TOKENS_CALLED, generate 1 tokens, offset=145494539894 ns
        ON_TOKENS_RETURNED, offset=145494542136 ns
        ON_TOKENS_CALLED, generate 1 tokens, offset=146330245225 ns
        ON_TOKENS_RETURNED, offset=146330247087 ns
        ON_TOKENS_CALLED, generate 1 tokens, offset=147183333301 ns
        ON_TOKENS_RETURNED, offset=147183335722 ns
        ON_TOKENS_CALLED, generate 1 tokens, offset=148056238564 ns
        ON_TOKENS_RETURNED, offset=148056240238 ns
        ON_TOKENS_CALLED, generate 1 tokens, offset=148951273341 ns
        ON_TOKENS_RETURNED, offset=148951275143 ns
        ON_TOKENS_CALLED, generate 1 tokens, offset=149857751368 ns
        ON_TOKENS_RETURNED, offset=149857753113 ns
        ON_TOKENS_CALLED, generate 1 tokens, offset=150787719845 ns
        ON_TOKENS_RETURNED, offset=150787733324 ns
        ON_TOKENS_CALLED, generate 1 tokens, offset=151722395423 ns
        ON_TOKENS_RETURNED, offset=151722398231 ns
        ON_TOKENS_CALLED, generate 1 tokens, offset=152697643190 ns
        ON_TOKENS_RETURNED, offset=152697644246 ns
        ON_TOKENS_CALLED, generate 1 tokens, offset=153682424237 ns
        ON_TOKENS_RETURNED, offset=153682425359 ns
        ON_TOKENS_CALLED, generate 1 tokens, offset=154700121753 ns
        ON_TOKENS_RETURNED, offset=154700124222 ns
        ON_TOKENS_CALLED, generate 1 tokens, offset=155719229078 ns
        ON_TOKENS_RETURNED, offset=155719230321 ns
        ON_TOKENS_CALLED, generate 1 tokens, offset=156775491838 ns
        ON_TOKENS_RETURNED, offset=156775494855 ns
        ON_TOKENS_CALLED, generate 1 tokens, offset=157845154031 ns
        ON_TOKENS_RETURNED, offset=157845155436 ns
        ON_TOKENS_CALLED, generate 1 tokens, offset=158944393029 ns
        ON_TOKENS_RETURNED, offset=158944395744 ns
        ON_TOKENS_CALLED, generate 1 tokens, offset=160037547197 ns
        ON_TOKENS_RETURNED, offset=160037549013 ns
        ON_TOKENS_CALLED, generate 1 tokens, offset=161177580747 ns
        ON_TOKENS_RETURNED, offset=161177582138 ns
        ON_TOKENS_CALLED, generate 1 tokens, offset=162321123620 ns
        ON_TOKENS_RETURNED, offset=162321125122 ns
        ON_TOKENS_CALLED, generate 1 tokens, offset=163501879420 ns
        ON_TOKENS_RETURNED, offset=163501881547 ns
        ON_TOKENS_CALLED, generate 1 tokens, offset=164679157027 ns
        ON_TOKENS_RETURNED, offset=164679158906 ns
        ON_TOKENS_CALLED, generate 1 tokens, offset=165900142264 ns
        ON_TOKENS_RETURNED, offset=165900144794 ns
        ON_TOKENS_CALLED, generate 1 tokens, offset=167123868434 ns
        ON_TOKENS_RETURNED, offset=167123869936 ns
        ON_TOKENS_CALLED, generate 1 tokens, offset=168243936739 ns
        ON_TOKENS_RETURNED, offset=168243938840 ns
        ON_TOKENS_CALLED, generate 1 tokens, offset=169390602436 ns
        ON_TOKENS_RETURNED, offset=169390603602 ns
        ON_TOKENS_CALLED, generate 1 tokens, offset=170547004311 ns
        ON_TOKENS_RETURNED, offset=170547006259 ns
        ON_TOKENS_CALLED, generate 1 tokens, offset=171730678637 ns
        ON_TOKENS_RETURNED, offset=171730680869 ns
        ON_TOKENS_CALLED, generate 1 tokens, offset=172917333467 ns
        ON_TOKENS_RETURNED, offset=172917336846 ns
        ON_TOKENS_CALLED, generate 1 tokens, offset=174140352575 ns
        ON_TOKENS_RETURNED, offset=174140354554 ns
        ON_TOKENS_CALLED, generate 1 tokens, offset=175371226020 ns
        ON_TOKENS_RETURNED, offset=175371227431 ns
        ON_TOKENS_CALLED, generate 1 tokens, offset=176635932227 ns
        ON_TOKENS_RETURNED, offset=176635933604 ns
        ON_TOKENS_CALLED, generate 1 tokens, offset=177893801478 ns
        ON_TOKENS_RETURNED, offset=177893803069 ns
        ON_TOKENS_CALLED, generate 1 tokens, offset=179198955075 ns
        ON_TOKENS_RETURNED, offset=179198956488 ns
        ON_TOKENS_CALLED, generate 1 tokens, offset=180509295054 ns
        ON_TOKENS_RETURNED, offset=180509296994 ns
        ON_TOKENS_CALLED, generate 1 tokens, offset=181854649719 ns
        ON_TOKENS_RETURNED, offset=181854651963 ns
        ON_TOKENS_CALLED, generate 1 tokens, offset=183194644292 ns
        ON_TOKENS_RETURNED, offset=183194645599 ns
        ON_TOKENS_CALLED, generate 1 tokens, offset=184578611726 ns
        ON_TOKENS_RETURNED, offset=184578613459 ns
        ON_TOKENS_CALLED, generate 1 tokens, offset=185967875533 ns
        ON_TOKENS_RETURNED, offset=185967877154 ns
        ON_TOKENS_CALLED, generate 1 tokens, offset=187395357966 ns
        ON_TOKENS_RETURNED, offset=187395361227 ns
        ON_TOKENS_CALLED, generate 1 tokens, offset=188813651848 ns
        ON_TOKENS_RETURNED, offset=188813653878 ns
        ON_TOKENS_CALLED, generate 1 tokens, offset=190280859666 ns
        ON_TOKENS_RETURNED, offset=190280862141 ns
        ON_TOKENS_CALLED, generate 1 tokens, offset=191613383360 ns
        ON_TOKENS_RETURNED, offset=191613384900 ns
        ON_TOKENS_CALLED, generate 1 tokens, offset=192988920937 ns
        ON_TOKENS_RETURNED, offset=192988923178 ns
        ON_TOKENS_CALLED, generate 1 tokens, offset=194367636143 ns
        ON_TOKENS_RETURNED, offset=194367637920 ns
        ON_TOKENS_CALLED, generate 1 tokens, offset=195783219175 ns
        ON_TOKENS_RETURNED, offset=195783221549 ns
        ON_TOKENS_CALLED, generate 1 tokens, offset=197204638420 ns
        ON_TOKENS_RETURNED, offset=197204639926 ns
        ON_TOKENS_CALLED, generate 1 tokens, offset=198658690224 ns
        ON_TOKENS_RETURNED, offset=198658691097 ns
        ON_TOKENS_CALLED, generate 1 tokens, offset=200111550218 ns
        ON_TOKENS_RETURNED, offset=200111551528 ns
        ON_TOKENS_CALLED, generate 1 tokens, offset=201604024769 ns
        ON_TOKENS_RETURNED, offset=201604027869 ns
        ON_TOKENS_CALLED, generate 1 tokens, offset=202974418219 ns
        ON_TOKENS_RETURNED, offset=202974419739 ns
        ON_TOKENS_CALLED, generate 1 tokens, offset=204393496524 ns
        ON_TOKENS_RETURNED, offset=204393498418 ns
        ON_TOKENS_CALLED, generate 1 tokens, offset=205819855688 ns
        ON_TOKENS_RETURNED, offset=205819857653 ns
        ON_TOKENS_CALLED, generate 1 tokens, offset=207271066946 ns
        ON_TOKENS_RETURNED, offset=207271069466 ns
        ON_TOKENS_CALLED, generate 1 tokens, offset=208598461627 ns
        ON_TOKENS_RETURNED, offset=208598595466 ns
        ON_TOKENS_CALLED, generate 1 tokens, offset=209968855378 ns
        ON_TOKENS_RETURNED, offset=209968860577 ns
[15:58:13.736302268|thread 4077918|cpu 202] [debug] #EVT# HandleDetails::is_anomalous() handle_id=42 time in state STATE_OPENED exceeded threshold: 137904587467 ns
[15:58:13.736304254|thread 4077918|cpu 202] [debug] #EVT#   Handle,    42, Created, 755284869828110, Last, 755494838748249, Prompted,  8191, Generated,    64, Input TPS, 59.40, Output TPS:  0.78, Callbacks,    64, prompt parsing complete, open
[15:58:13.736321388|thread 4077918|cpu 202] [info ] #EVT#   Handle 42 history:
        SESSION_OPEN, prompt 8192 tokens, offset=0 ns
        PROMPT_TOKENS_REUSE, offset=137904586118 ns
        ON_START_CALLED, offset=137904587467 ns
        ON_START_RETURNED, offset=137904609610 ns
        ON_TOKENS_CALLED, generate 1 tokens, offset=137904614524 ns
        ON_TOKENS_RETURNED, offset=137904616379 ns
        ON_TOKENS_CALLED, generate 1 tokens, offset=138560632624 ns
        ON_TOKENS_RETURNED, offset=138560634369 ns
        ON_TOKENS_CALLED, generate 1 tokens, offset=139283407741 ns
        ON_TOKENS_RETURNED, offset=139283409610 ns
        ON_TOKENS_CALLED, generate 1 tokens, offset=140017863924 ns
        ON_TOKENS_RETURNED, offset=140017865119 ns
        ON_TOKENS_CALLED, generate 1 tokens, offset=140760890758 ns
        ON_TOKENS_RETURNED, offset=140760894317 ns
        ON_TOKENS_CALLED, generate 1 tokens, offset=141516307953 ns
        ON_TOKENS_RETURNED, offset=141516308818 ns
        ON_TOKENS_CALLED, generate 1 tokens, offset=142289852208 ns
        ON_TOKENS_RETURNED, offset=142289853995 ns
        ON_TOKENS_CALLED, generate 1 tokens, offset=143070916569 ns
        ON_TOKENS_RETURNED, offset=143070918975 ns
        ON_TOKENS_CALLED, generate 1 tokens, offset=143866675289 ns
        ON_TOKENS_RETURNED, offset=143866678386 ns
        ON_TOKENS_CALLED, generate 1 tokens, offset=144671720979 ns
        ON_TOKENS_RETURNED, offset=144671722161 ns
        ON_TOKENS_CALLED, generate 1 tokens, offset=145494610539 ns
        ON_TOKENS_RETURNED, offset=145494613739 ns
        ON_TOKENS_CALLED, generate 1 tokens, offset=146330313453 ns
        ON_TOKENS_RETURNED, offset=146330314624 ns
        ON_TOKENS_CALLED, generate 1 tokens, offset=147183395944 ns
        ON_TOKENS_RETURNED, offset=147183396902 ns
        ON_TOKENS_CALLED, generate 1 tokens, offset=148056303649 ns
        ON_TOKENS_RETURNED, offset=148056306705 ns
        ON_TOKENS_CALLED, generate 1 tokens, offset=148951337581 ns
        ON_TOKENS_RETURNED, offset=148951339873 ns
        ON_TOKENS_CALLED, generate 1 tokens, offset=149857815266 ns
        ON_TOKENS_RETURNED, offset=149857818500 ns
        ON_TOKENS_CALLED, generate 1 tokens, offset=150787790310 ns
        ON_TOKENS_RETURNED, offset=150787805220 ns
        ON_TOKENS_CALLED, generate 1 tokens, offset=151722459102 ns
        ON_TOKENS_RETURNED, offset=151722460538 ns
        ON_TOKENS_CALLED, generate 1 tokens, offset=152697697652 ns
        ON_TOKENS_RETURNED, offset=152697698501 ns
        ON_TOKENS_CALLED, generate 1 tokens, offset=153682488774 ns
        ON_TOKENS_RETURNED, offset=153682490359 ns
        ON_TOKENS_CALLED, generate 1 tokens, offset=154700185912 ns
        ON_TOKENS_RETURNED, offset=154700187203 ns
        ON_TOKENS_CALLED, generate 1 tokens, offset=155719291004 ns
        ON_TOKENS_RETURNED, offset=155719291999 ns
        ON_TOKENS_CALLED, generate 1 tokens, offset=156775556840 ns
        ON_TOKENS_RETURNED, offset=156775559570 ns
        ON_TOKENS_CALLED, generate 1 tokens, offset=157845214218 ns
        ON_TOKENS_RETURNED, offset=157845215481 ns
        ON_TOKENS_CALLED, generate 1 tokens, offset=158944457444 ns
        ON_TOKENS_RETURNED, offset=158944458788 ns
        ON_TOKENS_CALLED, generate 1 tokens, offset=160037611325 ns
        ON_TOKENS_RETURNED, offset=160037613398 ns
        ON_TOKENS_CALLED, generate 1 tokens, offset=161177637028 ns
        ON_TOKENS_RETURNED, offset=161177638349 ns
        ON_TOKENS_CALLED, generate 1 tokens, offset=162321186504 ns
        ON_TOKENS_RETURNED, offset=162321188037 ns
        ON_TOKENS_CALLED, generate 1 tokens, offset=163501944771 ns
        ON_TOKENS_RETURNED, offset=163501947324 ns
        ON_TOKENS_CALLED, generate 1 tokens, offset=164679220626 ns
        ON_TOKENS_RETURNED, offset=164679223339 ns
        ON_TOKENS_CALLED, generate 1 tokens, offset=165900212364 ns
        ON_TOKENS_RETURNED, offset=165900213989 ns
        ON_TOKENS_CALLED, generate 1 tokens, offset=167123932727 ns
        ON_TOKENS_RETURNED, offset=167123935223 ns
        ON_TOKENS_CALLED, generate 1 tokens, offset=168243996280 ns
        ON_TOKENS_RETURNED, offset=168243999195 ns
        ON_TOKENS_CALLED, generate 1 tokens, offset=169390666752 ns
        ON_TOKENS_RETURNED, offset=169390669991 ns
        ON_TOKENS_CALLED, generate 1 tokens, offset=170547069369 ns
        ON_TOKENS_RETURNED, offset=170547072059 ns
        ON_TOKENS_CALLED, generate 1 tokens, offset=171730750346 ns
        ON_TOKENS_RETURNED, offset=171730751360 ns
        ON_TOKENS_CALLED, generate 1 tokens, offset=172917395881 ns
        ON_TOKENS_RETURNED, offset=172917397498 ns
        ON_TOKENS_CALLED, generate 1 tokens, offset=174140414180 ns
        ON_TOKENS_RETURNED, offset=174140416261 ns
        ON_TOKENS_CALLED, generate 1 tokens, offset=175371283630 ns
        ON_TOKENS_RETURNED, offset=175371284746 ns
        ON_TOKENS_CALLED, generate 1 tokens, offset=176635997711 ns
        ON_TOKENS_RETURNED, offset=176635998765 ns
        ON_TOKENS_CALLED, generate 1 tokens, offset=177893864116 ns
        ON_TOKENS_RETURNED, offset=177893866835 ns
        ON_TOKENS_CALLED, generate 1 tokens, offset=179199025141 ns
        ON_TOKENS_RETURNED, offset=179199028058 ns
        ON_TOKENS_CALLED, generate 1 tokens, offset=180509356236 ns
        ON_TOKENS_RETURNED, offset=180509358576 ns
        ON_TOKENS_CALLED, generate 1 tokens, offset=181854715358 ns
        ON_TOKENS_RETURNED, offset=181854718021 ns
        ON_TOKENS_CALLED, generate 1 tokens, offset=183194715044 ns
        ON_TOKENS_RETURNED, offset=183194716589 ns
        ON_TOKENS_CALLED, generate 1 tokens, offset=184578676363 ns
        ON_TOKENS_RETURNED, offset=184578679150 ns
        ON_TOKENS_CALLED, generate 1 tokens, offset=185967941879 ns
        ON_TOKENS_RETURNED, offset=185967943404 ns
        ON_TOKENS_CALLED, generate 1 tokens, offset=187395422885 ns
        ON_TOKENS_RETURNED, offset=187395425213 ns
        ON_TOKENS_CALLED, generate 1 tokens, offset=188813712450 ns
        ON_TOKENS_RETURNED, offset=188813715291 ns
        ON_TOKENS_CALLED, generate 1 tokens, offset=190280924028 ns
        ON_TOKENS_RETURNED, offset=190280926823 ns
        ON_TOKENS_CALLED, generate 1 tokens, offset=191613445726 ns
        ON_TOKENS_RETURNED, offset=191613447975 ns
        ON_TOKENS_CALLED, generate 1 tokens, offset=192988984205 ns
        ON_TOKENS_RETURNED, offset=192988985845 ns
        ON_TOKENS_CALLED, generate 1 tokens, offset=194367699838 ns
        ON_TOKENS_RETURNED, offset=194367700606 ns
        ON_TOKENS_CALLED, generate 1 tokens, offset=195783283003 ns
        ON_TOKENS_RETURNED, offset=195783284302 ns
        ON_TOKENS_CALLED, generate 1 tokens, offset=197204701342 ns
        ON_TOKENS_RETURNED, offset=197204704493 ns
        ON_TOKENS_CALLED, generate 1 tokens, offset=198658755280 ns
        ON_TOKENS_RETURNED, offset=198658756249 ns
        ON_TOKENS_CALLED, generate 1 tokens, offset=200111613741 ns
        ON_TOKENS_RETURNED, offset=200111617035 ns
        ON_TOKENS_CALLED, generate 1 tokens, offset=201604089235 ns
        ON_TOKENS_RETURNED, offset=201604090562 ns
        ON_TOKENS_CALLED, generate 1 tokens, offset=202974474777 ns
        ON_TOKENS_RETURNED, offset=202974476609 ns
        ON_TOKENS_CALLED, generate 1 tokens, offset=204393558244 ns
        ON_TOKENS_RETURNED, offset=204393561118 ns
        ON_TOKENS_CALLED, generate 1 tokens, offset=205819923310 ns
        ON_TOKENS_RETURNED, offset=205819924756 ns
        ON_TOKENS_CALLED, generate 1 tokens, offset=207271131561 ns
        ON_TOKENS_RETURNED, offset=207271132718 ns
        ON_TOKENS_CALLED, generate 1 tokens, offset=208598526711 ns
        ON_TOKENS_RETURNED, offset=208598603168 ns
        ON_TOKENS_CALLED, generate 1 tokens, offset=209968913068 ns
        ON_TOKENS_RETURNED, offset=209968920139 ns
[15:58:13.736334397|thread 4077918|cpu 202] [debug] #EVT# HandleDetails::is_anomalous() handle_id=4 time in state STATE_OPENED exceeded threshold: 137905093663 ns
[15:58:13.736336643|thread 4077918|cpu 202] [debug] #EVT#   Handle,     4, Created, 755284869332142, Last, 755494838758167, Prompted,  8192, Generated,    64, Input TPS, 59.40, Output TPS:  0.78, Callbacks,    64, prompt parsing complete, open
[15:58:13.736355329|thread 4077918|cpu 202] [info ] #EVT#   Handle 4 history:
        SESSION_OPEN, prompt 8192 tokens, offset=0 ns
        PROMPT_TOKENS_REUSE, offset=137905093004 ns
        ON_START_CALLED, offset=137905093663 ns
        ON_START_RETURNED, offset=137905220703 ns
        ON_TOKENS_CALLED, generate 1 tokens, offset=137905224380 ns
        ON_TOKENS_RETURNED, offset=137905225024 ns
        ON_TOKENS_CALLED, generate 1 tokens, offset=138561139965 ns
        ON_TOKENS_RETURNED, offset=138561141110 ns
        ON_TOKENS_CALLED, generate 1 tokens, offset=139283914726 ns
        ON_TOKENS_RETURNED, offset=139283916778 ns
        ON_TOKENS_CALLED, generate 1 tokens, offset=140018368855 ns
        ON_TOKENS_RETURNED, offset=140018369469 ns
        ON_TOKENS_CALLED, generate 1 tokens, offset=140761397096 ns
        ON_TOKENS_RETURNED, offset=140761398481 ns
        ON_TOKENS_CALLED, generate 1 tokens, offset=141516814057 ns
        ON_TOKENS_RETURNED, offset=141516814923 ns
        ON_TOKENS_CALLED, generate 1 tokens, offset=142290356298 ns
        ON_TOKENS_RETURNED, offset=142290358175 ns
        ON_TOKENS_CALLED, generate 1 tokens, offset=143071421546 ns
        ON_TOKENS_RETURNED, offset=143071422553 ns
        ON_TOKENS_CALLED, generate 1 tokens, offset=143867179558 ns
        ON_TOKENS_RETURNED, offset=143867193750 ns
        ON_TOKENS_CALLED, generate 1 tokens, offset=144672229166 ns
        ON_TOKENS_RETURNED, offset=144672230239 ns
        ON_TOKENS_CALLED, generate 1 tokens, offset=145495110243 ns
        ON_TOKENS_RETURNED, offset=145495111281 ns
        ON_TOKENS_CALLED, generate 1 tokens, offset=146330813432 ns
        ON_TOKENS_RETURNED, offset=146330814604 ns
        ON_TOKENS_CALLED, generate 1 tokens, offset=147183904059 ns
        ON_TOKENS_RETURNED, offset=147183904838 ns
        ON_TOKENS_CALLED, generate 1 tokens, offset=148056810976 ns
        ON_TOKENS_RETURNED, offset=148056811784 ns
        ON_TOKENS_CALLED, generate 1 tokens, offset=148951844419 ns
        ON_TOKENS_RETURNED, offset=148951846635 ns
        ON_TOKENS_CALLED, generate 1 tokens, offset=149858320273 ns
        ON_TOKENS_RETURNED, offset=149858321236 ns
        ON_TOKENS_CALLED, generate 1 tokens, offset=150788290609 ns
        ON_TOKENS_RETURNED, offset=150788300302 ns
        ON_TOKENS_CALLED, generate 1 tokens, offset=151722965113 ns
        ON_TOKENS_RETURNED, offset=151722966257 ns
        ON_TOKENS_CALLED, generate 1 tokens, offset=152698205936 ns
        ON_TOKENS_RETURNED, offset=152698207130 ns
        ON_TOKENS_CALLED, generate 1 tokens, offset=153682994543 ns
        ON_TOKENS_RETURNED, offset=153682995648 ns
        ON_TOKENS_CALLED, generate 1 tokens, offset=154700691164 ns
        ON_TOKENS_RETURNED, offset=154700691995 ns
        ON_TOKENS_CALLED, generate 1 tokens, offset=155719801662 ns
        ON_TOKENS_RETURNED, offset=155719802425 ns
        ON_TOKENS_CALLED, generate 1 tokens, offset=156776062997 ns
        ON_TOKENS_RETURNED, offset=156776064181 ns
        ON_TOKENS_CALLED, generate 1 tokens, offset=157845720166 ns
        ON_TOKENS_RETURNED, offset=157845722774 ns
        ON_TOKENS_CALLED, generate 1 tokens, offset=158944962665 ns
        ON_TOKENS_RETURNED, offset=158944965228 ns
        ON_TOKENS_CALLED, generate 1 tokens, offset=160038117520 ns
        ON_TOKENS_RETURNED, offset=160038120530 ns
        ON_TOKENS_CALLED, generate 1 tokens, offset=161178147718 ns
        ON_TOKENS_RETURNED, offset=161178148760 ns
        ON_TOKENS_CALLED, generate 1 tokens, offset=162321694580 ns
        ON_TOKENS_RETURNED, offset=162321695335 ns
        ON_TOKENS_CALLED, generate 1 tokens, offset=163502448775 ns
        ON_TOKENS_RETURNED, offset=163502449666 ns
        ON_TOKENS_CALLED, generate 1 tokens, offset=164679728299 ns
        ON_TOKENS_RETURNED, offset=164679729193 ns
        ON_TOKENS_CALLED, generate 1 tokens, offset=165900712530 ns
        ON_TOKENS_RETURNED, offset=165900715153 ns
        ON_TOKENS_CALLED, generate 1 tokens, offset=167124437363 ns
        ON_TOKENS_RETURNED, offset=167124438242 ns
        ON_TOKENS_CALLED, generate 1 tokens, offset=168244502607 ns
        ON_TOKENS_RETURNED, offset=168244504539 ns
        ON_TOKENS_CALLED, generate 1 tokens, offset=169391172863 ns
        ON_TOKENS_RETURNED, offset=169391174141 ns
        ON_TOKENS_CALLED, generate 1 tokens, offset=170547579653 ns
        ON_TOKENS_RETURNED, offset=170547580829 ns
        ON_TOKENS_CALLED, generate 1 tokens, offset=171731249242 ns
        ON_TOKENS_RETURNED, offset=171731249882 ns
        ON_TOKENS_CALLED, generate 1 tokens, offset=172917901746 ns
        ON_TOKENS_RETURNED, offset=172917902763 ns
        ON_TOKENS_CALLED, generate 1 tokens, offset=174140919624 ns
        ON_TOKENS_RETURNED, offset=174140921294 ns
        ON_TOKENS_CALLED, generate 1 tokens, offset=175371789084 ns
        ON_TOKENS_RETURNED, offset=175371790108 ns
        ON_TOKENS_CALLED, generate 1 tokens, offset=176636502312 ns
        ON_TOKENS_RETURNED, offset=176636503466 ns
        ON_TOKENS_CALLED, generate 1 tokens, offset=177894376497 ns
        ON_TOKENS_RETURNED, offset=177894377295 ns
        ON_TOKENS_CALLED, generate 1 tokens, offset=179199526002 ns
        ON_TOKENS_RETURNED, offset=179199526618 ns
        ON_TOKENS_CALLED, generate 1 tokens, offset=180509862137 ns
        ON_TOKENS_RETURNED, offset=180509863243 ns
        ON_TOKENS_CALLED, generate 1 tokens, offset=181855218001 ns
        ON_TOKENS_RETURNED, offset=181855219161 ns
        ON_TOKENS_CALLED, generate 1 tokens, offset=183195209221 ns
        ON_TOKENS_RETURNED, offset=183195212264 ns
        ON_TOKENS_CALLED, generate 1 tokens, offset=184579182392 ns
        ON_TOKENS_RETURNED, offset=184579183437 ns
        ON_TOKENS_CALLED, generate 1 tokens, offset=185968449331 ns
        ON_TOKENS_RETURNED, offset=185968450317 ns
        ON_TOKENS_CALLED, generate 1 tokens, offset=187395928702 ns
        ON_TOKENS_RETURNED, offset=187395931161 ns
        ON_TOKENS_CALLED, generate 1 tokens, offset=188814217692 ns
        ON_TOKENS_RETURNED, offset=188814218287 ns
        ON_TOKENS_CALLED, generate 1 tokens, offset=190281430768 ns
        ON_TOKENS_RETURNED, offset=190281431569 ns
        ON_TOKENS_CALLED, generate 1 tokens, offset=191613953535 ns
        ON_TOKENS_RETURNED, offset=191613954432 ns
        ON_TOKENS_CALLED, generate 1 tokens, offset=192989490610 ns
        ON_TOKENS_RETURNED, offset=192989491837 ns
        ON_TOKENS_CALLED, generate 1 tokens, offset=194368206520 ns
        ON_TOKENS_RETURNED, offset=194368207720 ns
        ON_TOKENS_CALLED, generate 1 tokens, offset=195783788491 ns
        ON_TOKENS_RETURNED, offset=195783789858 ns
        ON_TOKENS_CALLED, generate 1 tokens, offset=197205209866 ns
        ON_TOKENS_RETURNED, offset=197205210877 ns
        ON_TOKENS_CALLED, generate 1 tokens, offset=198659260403 ns
        ON_TOKENS_RETURNED, offset=198659261560 ns
        ON_TOKENS_CALLED, generate 1 tokens, offset=200112120910 ns
        ON_TOKENS_RETURNED, offset=200112121932 ns
        ON_TOKENS_CALLED, generate 1 tokens, offset=201604594380 ns
        ON_TOKENS_RETURNED, offset=201604595752 ns
        ON_TOKENS_CALLED, generate 1 tokens, offset=202974983414 ns
        ON_TOKENS_RETURNED, offset=202974985959 ns
        ON_TOKENS_CALLED, generate 1 tokens, offset=204394070596 ns
        ON_TOKENS_RETURNED, offset=204394071400 ns
        ON_TOKENS_CALLED, generate 1 tokens, offset=205820422850 ns
        ON_TOKENS_RETURNED, offset=205820424585 ns
        ON_TOKENS_CALLED, generate 1 tokens, offset=207271638640 ns
        ON_TOKENS_RETURNED, offset=207271639385 ns
        ON_TOKENS_CALLED, generate 1 tokens, offset=208599032171 ns
        ON_TOKENS_RETURNED, offset=208599153052 ns
        ON_TOKENS_CALLED, generate 1 tokens, offset=209969421475 ns
        ON_TOKENS_RETURNED, offset=209969426025 ns
[15:58:13.736366289|thread 4077918|cpu 202] [debug] #EVT# HandleDetails::is_anomalous() handle_id=3 time in state STATE_OPENED exceeded threshold: 137905098701 ns
[15:58:13.736368176|thread 4077918|cpu 202] [debug] #EVT#   Handle,     3, Created, 755284869321514, Last, 755494838755062, Prompted,  8192, Generated,    64, Input TPS, 59.40, Output TPS:  0.78, Callbacks,    64, prompt parsing complete, open
[15:58:13.736381704|thread 4077918|cpu 202] [info ] #EVT#   Handle 3 history:
        SESSION_OPEN, prompt 8192 tokens, offset=0 ns
        PROMPT_TOKENS_REUSE, offset=137905097763 ns
        ON_START_CALLED, offset=137905098701 ns
        ON_START_RETURNED, offset=137905175699 ns
        ON_TOKENS_CALLED, generate 1 tokens, offset=137905179488 ns
        ON_TOKENS_RETURNED, offset=137905180051 ns
        ON_TOKENS_CALLED, generate 1 tokens, offset=138561137985 ns
        ON_TOKENS_RETURNED, offset=138561140726 ns
        ON_TOKENS_CALLED, generate 1 tokens, offset=139283921250 ns
        ON_TOKENS_RETURNED, offset=139283924171 ns
        ON_TOKENS_CALLED, generate 1 tokens, offset=140018375203 ns
        ON_TOKENS_RETURNED, offset=140018376014 ns
        ON_TOKENS_CALLED, generate 1 tokens, offset=140761403738 ns
        ON_TOKENS_RETURNED, offset=140761405479 ns
        ON_TOKENS_CALLED, generate 1 tokens, offset=141516820952 ns
        ON_TOKENS_RETURNED, offset=141516821732 ns
        ON_TOKENS_CALLED, generate 1 tokens, offset=142290362224 ns
        ON_TOKENS_RETURNED, offset=142290364007 ns
        ON_TOKENS_CALLED, generate 1 tokens, offset=143071427373 ns
        ON_TOKENS_RETURNED, offset=143071428542 ns
        ON_TOKENS_CALLED, generate 1 tokens, offset=143867185821 ns
        ON_TOKENS_RETURNED, offset=143867208919 ns
        ON_TOKENS_CALLED, generate 1 tokens, offset=144672234386 ns
        ON_TOKENS_RETURNED, offset=144672235330 ns
        ON_TOKENS_CALLED, generate 1 tokens, offset=145495118015 ns
        ON_TOKENS_RETURNED, offset=145495119935 ns
        ON_TOKENS_CALLED, generate 1 tokens, offset=146330819971 ns
        ON_TOKENS_RETURNED, offset=146330822457 ns
        ON_TOKENS_CALLED, generate 1 tokens, offset=147183906489 ns
        ON_TOKENS_RETURNED, offset=147183907726 ns
        ON_TOKENS_CALLED, generate 1 tokens, offset=148056816852 ns
        ON_TOKENS_RETURNED, offset=148056817987 ns
        ON_TOKENS_CALLED, generate 1 tokens, offset=148951850023 ns
        ON_TOKENS_RETURNED, offset=148951850982 ns
        ON_TOKENS_CALLED, generate 1 tokens, offset=149858326262 ns
        ON_TOKENS_RETURNED, offset=149858326936 ns
        ON_TOKENS_CALLED, generate 1 tokens, offset=150788295481 ns
        ON_TOKENS_RETURNED, offset=150788309147 ns
        ON_TOKENS_CALLED, generate 1 tokens, offset=151722971170 ns
        ON_TOKENS_RETURNED, offset=151722971977 ns
        ON_TOKENS_CALLED, generate 1 tokens, offset=152698225088 ns
        ON_TOKENS_RETURNED, offset=152698225722 ns
        ON_TOKENS_CALLED, generate 1 tokens, offset=153683005472 ns
        ON_TOKENS_RETURNED, offset=153683006561 ns
        ON_TOKENS_CALLED, generate 1 tokens, offset=154700696958 ns
        ON_TOKENS_RETURNED, offset=154700697837 ns
        ON_TOKENS_CALLED, generate 1 tokens, offset=155719808480 ns
        ON_TOKENS_RETURNED, offset=155719809335 ns
        ON_TOKENS_CALLED, generate 1 tokens, offset=156776070425 ns
        ON_TOKENS_RETURNED, offset=156776072718 ns
        ON_TOKENS_CALLED, generate 1 tokens, offset=157845726022 ns
        ON_TOKENS_RETURNED, offset=157845728139 ns
        ON_TOKENS_CALLED, generate 1 tokens, offset=158944972603 ns
        ON_TOKENS_RETURNED, offset=158944974040 ns
        ON_TOKENS_CALLED, generate 1 tokens, offset=160038122231 ns
        ON_TOKENS_RETURNED, offset=160038123458 ns
        ON_TOKENS_CALLED, generate 1 tokens, offset=161178152394 ns
        ON_TOKENS_RETURNED, offset=161178154050 ns
        ON_TOKENS_CALLED, generate 1 tokens, offset=162321699478 ns
        ON_TOKENS_RETURNED, offset=162321700212 ns
        ON_TOKENS_CALLED, generate 1 tokens, offset=163502455727 ns
        ON_TOKENS_RETURNED, offset=163502456548 ns
        ON_TOKENS_CALLED, generate 1 tokens, offset=164679735264 ns
        ON_TOKENS_RETURNED, offset=164679737701 ns
        ON_TOKENS_CALLED, generate 1 tokens, offset=165900717767 ns
        ON_TOKENS_RETURNED, offset=165900719011 ns
        ON_TOKENS_CALLED, generate 1 tokens, offset=167124443186 ns
        ON_TOKENS_RETURNED, offset=167124444748 ns
        ON_TOKENS_CALLED, generate 1 tokens, offset=168244506667 ns
        ON_TOKENS_RETURNED, offset=168244509564 ns
        ON_TOKENS_CALLED, generate 1 tokens, offset=169391177246 ns
        ON_TOKENS_RETURNED, offset=169391177865 ns
        ON_TOKENS_CALLED, generate 1 tokens, offset=170547584478 ns
        ON_TOKENS_RETURNED, offset=170547585218 ns
        ON_TOKENS_CALLED, generate 1 tokens, offset=171731255266 ns
        ON_TOKENS_RETURNED, offset=171731256233 ns
        ON_TOKENS_CALLED, generate 1 tokens, offset=172917907515 ns
        ON_TOKENS_RETURNED, offset=172917908846 ns
        ON_TOKENS_CALLED, generate 1 tokens, offset=174140927111 ns
        ON_TOKENS_RETURNED, offset=174140929314 ns
        ON_TOKENS_CALLED, generate 1 tokens, offset=175371808008 ns
        ON_TOKENS_RETURNED, offset=175371808819 ns
        ON_TOKENS_CALLED, generate 1 tokens, offset=176636506740 ns
        ON_TOKENS_RETURNED, offset=176636507491 ns
        ON_TOKENS_CALLED, generate 1 tokens, offset=177894379126 ns
        ON_TOKENS_RETURNED, offset=177894379973 ns
        ON_TOKENS_CALLED, generate 1 tokens, offset=179199531567 ns
        ON_TOKENS_RETURNED, offset=179199532678 ns
        ON_TOKENS_CALLED, generate 1 tokens, offset=180509869140 ns
        ON_TOKENS_RETURNED, offset=180509870208 ns
        ON_TOKENS_CALLED, generate 1 tokens, offset=181855225680 ns
        ON_TOKENS_RETURNED, offset=181855226289 ns
        ON_TOKENS_CALLED, generate 1 tokens, offset=183195214354 ns
        ON_TOKENS_RETURNED, offset=183195216926 ns
        ON_TOKENS_CALLED, generate 1 tokens, offset=184579189171 ns
        ON_TOKENS_RETURNED, offset=184579190014 ns
        ON_TOKENS_CALLED, generate 1 tokens, offset=185968452896 ns
        ON_TOKENS_RETURNED, offset=185968453939 ns
        ON_TOKENS_CALLED, generate 1 tokens, offset=187395935431 ns
        ON_TOKENS_RETURNED, offset=187395937283 ns
        ON_TOKENS_CALLED, generate 1 tokens, offset=188814230542 ns
        ON_TOKENS_RETURNED, offset=188814231326 ns
        ON_TOKENS_CALLED, generate 1 tokens, offset=190281435383 ns
        ON_TOKENS_RETURNED, offset=190281437300 ns
        ON_TOKENS_CALLED, generate 1 tokens, offset=191613959517 ns
        ON_TOKENS_RETURNED, offset=191613961138 ns
        ON_TOKENS_CALLED, generate 1 tokens, offset=192989496236 ns
        ON_TOKENS_RETURNED, offset=192989498765 ns
        ON_TOKENS_CALLED, generate 1 tokens, offset=194368211373 ns
        ON_TOKENS_RETURNED, offset=194368213807 ns
        ON_TOKENS_CALLED, generate 1 tokens, offset=195783794938 ns
        ON_TOKENS_RETURNED, offset=195783795915 ns
        ON_TOKENS_CALLED, generate 1 tokens, offset=197205214084 ns
        ON_TOKENS_RETURNED, offset=197205218375 ns
        ON_TOKENS_CALLED, generate 1 tokens, offset=198659267002 ns
        ON_TOKENS_RETURNED, offset=198659268931 ns
        ON_TOKENS_CALLED, generate 1 tokens, offset=200112126051 ns
        ON_TOKENS_RETURNED, offset=200112127144 ns
        ON_TOKENS_CALLED, generate 1 tokens, offset=201604600675 ns
        ON_TOKENS_RETURNED, offset=201604601769 ns
        ON_TOKENS_CALLED, generate 1 tokens, offset=202974988707 ns
        ON_TOKENS_RETURNED, offset=202974990700 ns
        ON_TOKENS_CALLED, generate 1 tokens, offset=204394074796 ns
        ON_TOKENS_RETURNED, offset=204394075480 ns
        ON_TOKENS_CALLED, generate 1 tokens, offset=205820427369 ns
        ON_TOKENS_RETURNED, offset=205820429980 ns
        ON_TOKENS_CALLED, generate 1 tokens, offset=207271642796 ns
        ON_TOKENS_RETURNED, offset=207271643861 ns
        ON_TOKENS_CALLED, generate 1 tokens, offset=208599037469 ns
        ON_TOKENS_RETURNED, offset=208599180935 ns
        ON_TOKENS_CALLED, generate 1 tokens, offset=209969424743 ns
        ON_TOKENS_RETURNED, offset=209969433548 ns
[15:58:13.736391258|thread 4077918|cpu 202] [debug] #EVT# HandleDetails::is_anomalous() handle_id=21 time in state STATE_OPENED exceeded threshold: 137904896540 ns
[15:58:13.736392860|thread 4077918|cpu 202] [debug] #EVT#   Handle,    21, Created, 755284869525958, Last, 755494838753658, Prompted,  8189, Generated,    64, Input TPS, 59.40, Output TPS:  0.78, Callbacks,    64, prompt parsing complete, open
[15:58:13.736408495|thread 4077918|cpu 202] [info ] #EVT#   Handle 21 history:
        SESSION_OPEN, prompt 8192 tokens, offset=0 ns
        PROMPT_TOKENS_REUSE, offset=137904895823 ns
        ON_START_CALLED, offset=137904896540 ns
        ON_START_RETURNED, offset=137904990379 ns
        ON_TOKENS_CALLED, generate 1 tokens, offset=137904994628 ns
        ON_TOKENS_RETURNED, offset=137904997127 ns
        ON_TOKENS_CALLED, generate 1 tokens, offset=138560939982 ns
        ON_TOKENS_RETURNED, offset=138560941383 ns
        ON_TOKENS_CALLED, generate 1 tokens, offset=139283718784 ns
        ON_TOKENS_RETURNED, offset=139283721506 ns
        ON_TOKENS_CALLED, generate 1 tokens, offset=140018172315 ns
        ON_TOKENS_RETURNED, offset=140018173406 ns
        ON_TOKENS_CALLED, generate 1 tokens, offset=140761200832 ns
        ON_TOKENS_RETURNED, offset=140761203093 ns
        ON_TOKENS_CALLED, generate 1 tokens, offset=141516617995 ns
        ON_TOKENS_RETURNED, offset=141516619015 ns
        ON_TOKENS_CALLED, generate 1 tokens, offset=142290159718 ns
        ON_TOKENS_RETURNED, offset=142290161622 ns
        ON_TOKENS_CALLED, generate 1 tokens, offset=143071224486 ns
        ON_TOKENS_RETURNED, offset=143071225782 ns
        ON_TOKENS_CALLED, generate 1 tokens, offset=143866982977 ns
        ON_TOKENS_RETURNED, offset=143866986865 ns
        ON_TOKENS_CALLED, generate 1 tokens, offset=144672028505 ns
        ON_TOKENS_RETURNED, offset=144672030177 ns
        ON_TOKENS_CALLED, generate 1 tokens, offset=145494918210 ns
        ON_TOKENS_RETURNED, offset=145494919217 ns
        ON_TOKENS_CALLED, generate 1 tokens, offset=146330616998 ns
        ON_TOKENS_RETURNED, offset=146330617661 ns
        ON_TOKENS_CALLED, generate 1 tokens, offset=147183703558 ns
        ON_TOKENS_RETURNED, offset=147183704925 ns
        ON_TOKENS_CALLED, generate 1 tokens, offset=148056614198 ns
        ON_TOKENS_RETURNED, offset=148056615893 ns
        ON_TOKENS_CALLED, generate 1 tokens, offset=148951651707 ns
        ON_TOKENS_RETURNED, offset=148951652902 ns
        ON_TOKENS_CALLED, generate 1 tokens, offset=149858123225 ns
        ON_TOKENS_RETURNED, offset=149858124759 ns
        ON_TOKENS_CALLED, generate 1 tokens, offset=150788093821 ns
        ON_TOKENS_RETURNED, offset=150788110034 ns
        ON_TOKENS_CALLED, generate 1 tokens, offset=151722768693 ns
        ON_TOKENS_RETURNED, offset=151722770015 ns
        ON_TOKENS_CALLED, generate 1 tokens, offset=152698011954 ns
        ON_TOKENS_RETURNED, offset=152698012984 ns
        ON_TOKENS_CALLED, generate 1 tokens, offset=153682798966 ns
        ON_TOKENS_RETURNED, offset=153682801279 ns
        ON_TOKENS_CALLED, generate 1 tokens, offset=154700500032 ns
        ON_TOKENS_RETURNED, offset=154700500863 ns
        ON_TOKENS_CALLED, generate 1 tokens, offset=155719601325 ns
        ON_TOKENS_RETURNED, offset=155719602555 ns
        ON_TOKENS_CALLED, generate 1 tokens, offset=156775866581 ns
        ON_TOKENS_RETURNED, offset=156775868931 ns
        ON_TOKENS_CALLED, generate 1 tokens, offset=157845523794 ns
        ON_TOKENS_RETURNED, offset=157845525488 ns
        ON_TOKENS_CALLED, generate 1 tokens, offset=158944768670 ns
        ON_TOKENS_RETURNED, offset=158944770223 ns
        ON_TOKENS_CALLED, generate 1 tokens, offset=160037936170 ns
        ON_TOKENS_RETURNED, offset=160037937007 ns
        ON_TOKENS_CALLED, generate 1 tokens, offset=161177948176 ns
        ON_TOKENS_RETURNED, offset=161177950683 ns
        ON_TOKENS_CALLED, generate 1 tokens, offset=162321497748 ns
        ON_TOKENS_RETURNED, offset=162321498694 ns
        ON_TOKENS_CALLED, generate 1 tokens, offset=163502252237 ns
        ON_TOKENS_RETURNED, offset=163502253549 ns
        ON_TOKENS_CALLED, generate 1 tokens, offset=164679530938 ns
        ON_TOKENS_RETURNED, offset=164679531944 ns
        ON_TOKENS_CALLED, generate 1 tokens, offset=165900515100 ns
        ON_TOKENS_RETURNED, offset=165900516819 ns
        ON_TOKENS_CALLED, generate 1 tokens, offset=167124241114 ns
        ON_TOKENS_RETURNED, offset=167124241995 ns
        ON_TOKENS_CALLED, generate 1 tokens, offset=168244305032 ns
        ON_TOKENS_RETURNED, offset=168244308233 ns
        ON_TOKENS_CALLED, generate 1 tokens, offset=169390976267 ns
        ON_TOKENS_RETURNED, offset=169390977454 ns
        ON_TOKENS_CALLED, generate 1 tokens, offset=170547377347 ns
        ON_TOKENS_RETURNED, offset=170547378590 ns
        ON_TOKENS_CALLED, generate 1 tokens, offset=171731053260 ns
        ON_TOKENS_RETURNED, offset=171731054589 ns
        ON_TOKENS_CALLED, generate 1 tokens, offset=172917708552 ns
        ON_TOKENS_RETURNED, offset=172917709655 ns
        ON_TOKENS_CALLED, generate 1 tokens, offset=174140723009 ns
        ON_TOKENS_RETURNED, offset=174140725014 ns
        ON_TOKENS_CALLED, generate 1 tokens, offset=175371607698 ns
        ON_TOKENS_RETURNED, offset=175371608965 ns
        ON_TOKENS_CALLED, generate 1 tokens, offset=176636310058 ns
        ON_TOKENS_RETURNED, offset=176636311246 ns
        ON_TOKENS_CALLED, generate 1 tokens, offset=177894172425 ns
        ON_TOKENS_RETURNED, offset=177894174021 ns
        ON_TOKENS_CALLED, generate 1 tokens, offset=179199330519 ns
        ON_TOKENS_RETURNED, offset=179199332480 ns
        ON_TOKENS_CALLED, generate 1 tokens, offset=180509666677 ns
        ON_TOKENS_RETURNED, offset=180509667880 ns
        ON_TOKENS_CALLED, generate 1 tokens, offset=181855021992 ns
        ON_TOKENS_RETURNED, offset=181855024850 ns
        ON_TOKENS_CALLED, generate 1 tokens, offset=183195012561 ns
        ON_TOKENS_RETURNED, offset=183195014140 ns
        ON_TOKENS_CALLED, generate 1 tokens, offset=184578993701 ns
        ON_TOKENS_RETURNED, offset=184578995085 ns
        ON_TOKENS_CALLED, generate 1 tokens, offset=185968249952 ns
        ON_TOKENS_RETURNED, offset=185968251412 ns
        ON_TOKENS_CALLED, generate 1 tokens, offset=187395732476 ns
        ON_TOKENS_RETURNED, offset=187395734658 ns
        ON_TOKENS_CALLED, generate 1 tokens, offset=188814024643 ns
        ON_TOKENS_RETURNED, offset=188814025546 ns
        ON_TOKENS_CALLED, generate 1 tokens, offset=190281232660 ns
        ON_TOKENS_RETURNED, offset=190281233757 ns
        ON_TOKENS_CALLED, generate 1 tokens, offset=191613757765 ns
        ON_TOKENS_RETURNED, offset=191613758883 ns
        ON_TOKENS_CALLED, generate 1 tokens, offset=192989302049 ns
        ON_TOKENS_RETURNED, offset=192989303685 ns
        ON_TOKENS_CALLED, generate 1 tokens, offset=194368010825 ns
        ON_TOKENS_RETURNED, offset=194368012202 ns
        ON_TOKENS_CALLED, generate 1 tokens, offset=195783592148 ns
        ON_TOKENS_RETURNED, offset=195783594196 ns
        ON_TOKENS_CALLED, generate 1 tokens, offset=197205013511 ns
        ON_TOKENS_RETURNED, offset=197205014527 ns
        ON_TOKENS_CALLED, generate 1 tokens, offset=198659063630 ns
        ON_TOKENS_RETURNED, offset=198659065354 ns
        ON_TOKENS_CALLED, generate 1 tokens, offset=200111924052 ns
        ON_TOKENS_RETURNED, offset=200111925696 ns
        ON_TOKENS_CALLED, generate 1 tokens, offset=201604402094 ns
        ON_TOKENS_RETURNED, offset=201604403026 ns
        ON_TOKENS_CALLED, generate 1 tokens, offset=202974784658 ns
        ON_TOKENS_RETURNED, offset=202974787156 ns
        ON_TOKENS_CALLED, generate 1 tokens, offset=204393868389 ns
        ON_TOKENS_RETURNED, offset=204393870760 ns
        ON_TOKENS_CALLED, generate 1 tokens, offset=205820224111 ns
        ON_TOKENS_RETURNED, offset=205820226637 ns
        ON_TOKENS_CALLED, generate 1 tokens, offset=207271440395 ns
        ON_TOKENS_RETURNED, offset=207271441192 ns
        ON_TOKENS_CALLED, generate 1 tokens, offset=208598833992 ns
        ON_TOKENS_RETURNED, offset=208598989547 ns
        ON_TOKENS_CALLED, generate 1 tokens, offset=209969223106 ns
        ON_TOKENS_RETURNED, offset=209969227700 ns
[15:58:13.736419847|thread 4077918|cpu 202] [debug] #EVT# HandleDetails::is_anomalous() handle_id=23 time in state STATE_OPENED exceeded threshold: 137904874643 ns
[15:58:13.736421955|thread 4077918|cpu 202] [debug] #EVT#   Handle,    23, Created, 755284869549237, Last, 755494838755740, Prompted,  8189, Generated,    64, Input TPS, 59.40, Output TPS:  0.78, Callbacks,    64, prompt parsing complete, open
[15:58:13.736435462|thread 4077918|cpu 202] [info ] #EVT#   Handle 23 history:
        SESSION_OPEN, prompt 8192 tokens, offset=0 ns
        PROMPT_TOKENS_REUSE, offset=137904873566 ns
        ON_START_CALLED, offset=137904874643 ns
        ON_START_RETURNED, offset=137904986320 ns
        ON_TOKENS_CALLED, generate 1 tokens, offset=137904990443 ns
        ON_TOKENS_RETURNED, offset=137904991022 ns
        ON_TOKENS_CALLED, generate 1 tokens, offset=138560917748 ns
        ON_TOKENS_RETURNED, offset=138560920767 ns
        ON_TOKENS_CALLED, generate 1 tokens, offset=139283695942 ns
        ON_TOKENS_RETURNED, offset=139283698801 ns
        ON_TOKENS_CALLED, generate 1 tokens, offset=140018158077 ns
        ON_TOKENS_RETURNED, offset=140018159301 ns
        ON_TOKENS_CALLED, generate 1 tokens, offset=140761180798 ns
        ON_TOKENS_RETURNED, offset=140761182723 ns
        ON_TOKENS_CALLED, generate 1 tokens, offset=141516595665 ns
        ON_TOKENS_RETURNED, offset=141516596694 ns
        ON_TOKENS_CALLED, generate 1 tokens, offset=142290138522 ns
        ON_TOKENS_RETURNED, offset=142290139918 ns
        ON_TOKENS_CALLED, generate 1 tokens, offset=143071202464 ns
        ON_TOKENS_RETURNED, offset=143071204654 ns
        ON_TOKENS_CALLED, generate 1 tokens, offset=143866964380 ns
        ON_TOKENS_RETURNED, offset=143866980551 ns
        ON_TOKENS_CALLED, generate 1 tokens, offset=144672012592 ns
        ON_TOKENS_RETURNED, offset=144672013709 ns
        ON_TOKENS_CALLED, generate 1 tokens, offset=145494894328 ns
        ON_TOKENS_RETURNED, offset=145494896178 ns
        ON_TOKENS_CALLED, generate 1 tokens, offset=146330595177 ns
        ON_TOKENS_RETURNED, offset=146330596415 ns
        ON_TOKENS_CALLED, generate 1 tokens, offset=147183682440 ns
        ON_TOKENS_RETURNED, offset=147183683784 ns
        ON_TOKENS_CALLED, generate 1 tokens, offset=148056591281 ns
        ON_TOKENS_RETURNED, offset=148056592655 ns
        ON_TOKENS_CALLED, generate 1 tokens, offset=148951629163 ns
        ON_TOKENS_RETURNED, offset=148951630275 ns
        ON_TOKENS_CALLED, generate 1 tokens, offset=149858100911 ns
        ON_TOKENS_RETURNED, offset=149858102052 ns
        ON_TOKENS_CALLED, generate 1 tokens, offset=150788072955 ns
        ON_TOKENS_RETURNED, offset=150788086330 ns
        ON_TOKENS_CALLED, generate 1 tokens, offset=151722746847 ns
        ON_TOKENS_RETURNED, offset=151722748307 ns
        ON_TOKENS_CALLED, generate 1 tokens, offset=152697992983 ns
        ON_TOKENS_RETURNED, offset=152697994274 ns
        ON_TOKENS_CALLED, generate 1 tokens, offset=153682775419 ns
        ON_TOKENS_RETURNED, offset=153682778364 ns
        ON_TOKENS_CALLED, generate 1 tokens, offset=154700471467 ns
        ON_TOKENS_RETURNED, offset=154700472607 ns
        ON_TOKENS_CALLED, generate 1 tokens, offset=155719579128 ns
        ON_TOKENS_RETURNED, offset=155719580403 ns
        ON_TOKENS_CALLED, generate 1 tokens, offset=156775839935 ns
        ON_TOKENS_RETURNED, offset=156775841086 ns
        ON_TOKENS_CALLED, generate 1 tokens, offset=157845502773 ns
        ON_TOKENS_RETURNED, offset=157845505251 ns
        ON_TOKENS_CALLED, generate 1 tokens, offset=158944746325 ns
        ON_TOKENS_RETURNED, offset=158944748559 ns
        ON_TOKENS_CALLED, generate 1 tokens, offset=160037917513 ns
        ON_TOKENS_RETURNED, offset=160037918499 ns
        ON_TOKENS_CALLED, generate 1 tokens, offset=161177926968 ns
        ON_TOKENS_RETURNED, offset=161177928834 ns
        ON_TOKENS_CALLED, generate 1 tokens, offset=162321474403 ns
        ON_TOKENS_RETURNED, offset=162321475736 ns
        ON_TOKENS_CALLED, generate 1 tokens, offset=163502236479 ns
        ON_TOKENS_RETURNED, offset=163502237668 ns
        ON_TOKENS_CALLED, generate 1 tokens, offset=164679509752 ns
        ON_TOKENS_RETURNED, offset=164679511050 ns
        ON_TOKENS_CALLED, generate 1 tokens, offset=165900493273 ns
        ON_TOKENS_RETURNED, offset=165900494294 ns
        ON_TOKENS_CALLED, generate 1 tokens, offset=167124218836 ns
        ON_TOKENS_RETURNED, offset=167124220065 ns
        ON_TOKENS_CALLED, generate 1 tokens, offset=168244283509 ns
        ON_TOKENS_RETURNED, offset=168244285841 ns
        ON_TOKENS_CALLED, generate 1 tokens, offset=169390956014 ns
        ON_TOKENS_RETURNED, offset=169390956800 ns
        ON_TOKENS_CALLED, generate 1 tokens, offset=170547361363 ns
        ON_TOKENS_RETURNED, offset=170547362948 ns
        ON_TOKENS_CALLED, generate 1 tokens, offset=171731032402 ns
        ON_TOKENS_RETURNED, offset=171731033816 ns
        ON_TOKENS_CALLED, generate 1 tokens, offset=172917685893 ns
        ON_TOKENS_RETURNED, offset=172917687149 ns
        ON_TOKENS_CALLED, generate 1 tokens, offset=174140701887 ns
        ON_TOKENS_RETURNED, offset=174140702996 ns
        ON_TOKENS_CALLED, generate 1 tokens, offset=175371570433 ns
        ON_TOKENS_RETURNED, offset=175371572093 ns
        ON_TOKENS_CALLED, generate 1 tokens, offset=176636285085 ns
        ON_TOKENS_RETURNED, offset=176636286991 ns
        ON_TOKENS_CALLED, generate 1 tokens, offset=177894156067 ns
        ON_TOKENS_RETURNED, offset=177894157281 ns
        ON_TOKENS_CALLED, generate 1 tokens, offset=179199308060 ns
        ON_TOKENS_RETURNED, offset=179199309444 ns
        ON_TOKENS_CALLED, generate 1 tokens, offset=180509644322 ns
        ON_TOKENS_RETURNED, offset=180509645419 ns
        ON_TOKENS_CALLED, generate 1 tokens, offset=181854999246 ns
        ON_TOKENS_RETURNED, offset=181855001349 ns
        ON_TOKENS_CALLED, generate 1 tokens, offset=183194989777 ns
        ON_TOKENS_RETURNED, offset=183194992805 ns
        ON_TOKENS_CALLED, generate 1 tokens, offset=184578963992 ns
        ON_TOKENS_RETURNED, offset=184578965193 ns
        ON_TOKENS_CALLED, generate 1 tokens, offset=185968227947 ns
        ON_TOKENS_RETURNED, offset=185968229487 ns
        ON_TOKENS_CALLED, generate 1 tokens, offset=187395712212 ns
        ON_TOKENS_RETURNED, offset=187395714665 ns
        ON_TOKENS_CALLED, generate 1 tokens, offset=188814001761 ns
        ON_TOKENS_RETURNED, offset=188814003982 ns
        ON_TOKENS_CALLED, generate 1 tokens, offset=190281211434 ns
        ON_TOKENS_RETURNED, offset=190281212686 ns
        ON_TOKENS_CALLED, generate 1 tokens, offset=191613733701 ns
        ON_TOKENS_RETURNED, offset=191613735014 ns
        ON_TOKENS_CALLED, generate 1 tokens, offset=192989272139 ns
        ON_TOKENS_RETURNED, offset=192989274838 ns
        ON_TOKENS_CALLED, generate 1 tokens, offset=194367986519 ns
        ON_TOKENS_RETURNED, offset=194367989191 ns
        ON_TOKENS_CALLED, generate 1 tokens, offset=195783569440 ns
        ON_TOKENS_RETURNED, offset=195783571135 ns
        ON_TOKENS_CALLED, generate 1 tokens, offset=197204990851 ns
        ON_TOKENS_RETURNED, offset=197204991881 ns
        ON_TOKENS_CALLED, generate 1 tokens, offset=198659042493 ns
        ON_TOKENS_RETURNED, offset=198659044913 ns
        ON_TOKENS_CALLED, generate 1 tokens, offset=200111903951 ns
        ON_TOKENS_RETURNED, offset=200111905853 ns
        ON_TOKENS_CALLED, generate 1 tokens, offset=201604376559 ns
        ON_TOKENS_RETURNED, offset=201604378571 ns
        ON_TOKENS_CALLED, generate 1 tokens, offset=202974765049 ns
        ON_TOKENS_RETURNED, offset=202974767298 ns
        ON_TOKENS_CALLED, generate 1 tokens, offset=204393850691 ns
        ON_TOKENS_RETURNED, offset=204393852935 ns
        ON_TOKENS_CALLED, generate 1 tokens, offset=205820203283 ns
        ON_TOKENS_RETURNED, offset=205820205475 ns
        ON_TOKENS_CALLED, generate 1 tokens, offset=207271419119 ns
        ON_TOKENS_RETURNED, offset=207271420189 ns
        ON_TOKENS_CALLED, generate 1 tokens, offset=208598813387 ns
        ON_TOKENS_RETURNED, offset=208598981581 ns
        ON_TOKENS_CALLED, generate 1 tokens, offset=209969201580 ns
        ON_TOKENS_RETURNED, offset=209969206503 ns
[15:58:16.775285979|thread 4077917|cpu 202] [info ] KV cache footprint: 39.57 GB in 181 books
[15:58:18.900484264|thread 4075097|cpu 202] [info ] [Request 38] Parsing the prompt took 225.44460261 s at 36.33708638468255 tokens/s
[15:58:27.140630262|thread 4077917|cpu 202] [info ] KV cache footprint: 40.67 GB in 186 books
[15:58:34.079367093|thread 4075090|cpu 202] [info ] [Request 5] Generating 61 response tokens with 8193 context took 72.379367 s at 0.843 average tok/s, or 1186.547 ms/tok
[15:58:34.079411372|thread 4075090|cpu 202] [info ] [Request 5] Request with 8192 tokens in and 64 out (sequence limit) saw 167.124434 s TTFT and 240.623872 s TTLT
[15:58:35.297865033|thread 4077917|cpu 202] [info ] KV cache footprint: 41.77 GB in 191 books
[15:58:37.799157411|thread 4075097|cpu 202] [info ] [Request 41] Parsing the prompt took 244.343223854 s at 33.526610113382496 tokens/s
[15:58:43.686040585|thread 4077917|cpu 202] [info ] KV cache footprint: 42.86 GB in 196 books
[15:58:45.566651922|thread 4077918|cpu 202] [debug] #EVT# HandleDetails::is_anomalous() handle_id=5 time in state STATE_OPENED exceeded threshold: 167124427148 ns
[15:58:45.566693898|thread 4077918|cpu 202] [debug] #EVT#   Handle,     5, Created, 755284869342818, Last, 755526711493048, Prompted,  8192, Generated,    64, Input TPS, 49.02, Output TPS:  0.75, Callbacks,    64, prompt parsing complete, open
[15:58:45.566728756|thread 4077918|cpu 202] [info ] #EVT#   Handle 5 history:
        SESSION_OPEN, prompt 8192 tokens, offset=0 ns
        PROMPT_TOKENS_REUSE, offset=167124425623 ns
        ON_START_CALLED, offset=167124427148 ns
        ON_START_RETURNED, offset=167124466911 ns
        ON_TOKENS_CALLED, generate 1 tokens, offset=167124472488 ns
        ON_TOKENS_RETURNED, offset=167124474862 ns
        ON_TOKENS_CALLED, generate 1 tokens, offset=168244498878 ns
        ON_TOKENS_RETURNED, offset=168244500189 ns
        ON_TOKENS_CALLED, generate 1 tokens, offset=169391164404 ns
        ON_TOKENS_RETURNED, offset=169391167282 ns
        ON_TOKENS_CALLED, generate 1 tokens, offset=170547566938 ns
        ON_TOKENS_RETURNED, offset=170547568171 ns
        ON_TOKENS_CALLED, generate 1 tokens, offset=171731242215 ns
        ON_TOKENS_RETURNED, offset=171731244209 ns
        ON_TOKENS_CALLED, generate 1 tokens, offset=172917886866 ns
        ON_TOKENS_RETURNED, offset=172917887932 ns
        ON_TOKENS_CALLED, generate 1 tokens, offset=174140912575 ns
        ON_TOKENS_RETURNED, offset=174140915232 ns
        ON_TOKENS_CALLED, generate 1 tokens, offset=175371779613 ns
        ON_TOKENS_RETURNED, offset=175371780540 ns
        ON_TOKENS_CALLED, generate 1 tokens, offset=176636500084 ns
        ON_TOKENS_RETURNED, offset=176636517768 ns
        ON_TOKENS_CALLED, generate 1 tokens, offset=177894361889 ns
        ON_TOKENS_RETURNED, offset=177894363086 ns
        ON_TOKENS_CALLED, generate 1 tokens, offset=179199523006 ns
        ON_TOKENS_RETURNED, offset=179199524497 ns
        ON_TOKENS_CALLED, generate 1 tokens, offset=180509852342 ns
        ON_TOKENS_RETURNED, offset=180509853270 ns
        ON_TOKENS_CALLED, generate 1 tokens, offset=181855208798 ns
        ON_TOKENS_RETURNED, offset=181855210523 ns
        ON_TOKENS_CALLED, generate 1 tokens, offset=183195198699 ns
        ON_TOKENS_RETURNED, offset=183195201347 ns
        ON_TOKENS_CALLED, generate 1 tokens, offset=184579178036 ns
        ON_TOKENS_RETURNED, offset=184579179153 ns
        ON_TOKENS_CALLED, generate 1 tokens, offset=185968441700 ns
        ON_TOKENS_RETURNED, offset=185968442762 ns
        ON_TOKENS_CALLED, generate 1 tokens, offset=187395919427 ns
        ON_TOKENS_RETURNED, offset=187395937361 ns
        ON_TOKENS_CALLED, generate 1 tokens, offset=188814208459 ns
        ON_TOKENS_RETURNED, offset=188814210524 ns
        ON_TOKENS_CALLED, generate 1 tokens, offset=190281421192 ns
        ON_TOKENS_RETURNED, offset=190281422433 ns
        ON_TOKENS_CALLED, generate 1 tokens, offset=191613940086 ns
        ON_TOKENS_RETURNED, offset=191613941529 ns
        ON_TOKENS_CALLED, generate 1 tokens, offset=192989486022 ns
        ON_TOKENS_RETURNED, offset=192989487337 ns
        ON_TOKENS_CALLED, generate 1 tokens, offset=194368197730 ns
        ON_TOKENS_RETURNED, offset=194368199153 ns
        ON_TOKENS_CALLED, generate 1 tokens, offset=195783788410 ns
        ON_TOKENS_RETURNED, offset=195783789526 ns
        ON_TOKENS_CALLED, generate 1 tokens, offset=197205202441 ns
        ON_TOKENS_RETURNED, offset=197205203369 ns
        ON_TOKENS_CALLED, generate 1 tokens, offset=198659252364 ns
        ON_TOKENS_RETURNED, offset=198659253457 ns
        ON_TOKENS_CALLED, generate 1 tokens, offset=200112113399 ns
        ON_TOKENS_RETURNED, offset=200112114460 ns
        ON_TOKENS_CALLED, generate 1 tokens, offset=201604581572 ns
        ON_TOKENS_RETURNED, offset=201604582584 ns
        ON_TOKENS_CALLED, generate 1 tokens, offset=202974973468 ns
        ON_TOKENS_RETURNED, offset=202974974865 ns
        ON_TOKENS_CALLED, generate 1 tokens, offset=204394060998 ns
        ON_TOKENS_RETURNED, offset=204394062830 ns
        ON_TOKENS_CALLED, generate 1 tokens, offset=205820419533 ns
        ON_TOKENS_RETURNED, offset=205820421587 ns
        ON_TOKENS_CALLED, generate 1 tokens, offset=207271637042 ns
        ON_TOKENS_RETURNED, offset=207271639005 ns
        ON_TOKENS_CALLED, generate 1 tokens, offset=208599023165 ns
        ON_TOKENS_RETURNED, offset=208599025167 ns
        ON_TOKENS_CALLED, generate 1 tokens, offset=209969413430 ns
        ON_TOKENS_RETURNED, offset=209969416523 ns
        ON_TOKENS_CALLED, generate 1 tokens, offset=211205942455 ns
        ON_TOKENS_RETURNED, offset=211205945031 ns
        ON_TOKENS_CALLED, generate 1 tokens, offset=212047928928 ns
        ON_TOKENS_RETURNED, offset=212047930619 ns
        ON_TOKENS_CALLED, generate 1 tokens, offset=212905025079 ns
        ON_TOKENS_RETURNED, offset=212905026568 ns
        ON_TOKENS_CALLED, generate 1 tokens, offset=213773612626 ns
        ON_TOKENS_RETURNED, offset=213773613680 ns
        ON_TOKENS_CALLED, generate 1 tokens, offset=214656596656 ns
        ON_TOKENS_RETURNED, offset=214656598371 ns
        ON_TOKENS_CALLED, generate 1 tokens, offset=215551803446 ns
        ON_TOKENS_RETURNED, offset=215551804955 ns
        ON_TOKENS_CALLED, generate 1 tokens, offset=216465177966 ns
        ON_TOKENS_RETURNED, offset=216465179892 ns
        ON_TOKENS_CALLED, generate 1 tokens, offset=217391953698 ns
        ON_TOKENS_RETURNED, offset=217391957151 ns
        ON_TOKENS_CALLED, generate 1 tokens, offset=218343235420 ns
        ON_TOKENS_RETURNED, offset=218343236672 ns
        ON_TOKENS_CALLED, generate 1 tokens, offset=219299842689 ns
        ON_TOKENS_RETURNED, offset=219299844206 ns
        ON_TOKENS_CALLED, generate 1 tokens, offset=220280773217 ns
        ON_TOKENS_RETURNED, offset=220280775077 ns
        ON_TOKENS_CALLED, generate 1 tokens, offset=221272817655 ns
        ON_TOKENS_RETURNED, offset=221272819368 ns
        ON_TOKENS_CALLED, generate 1 tokens, offset=222290717427 ns
        ON_TOKENS_RETURNED, offset=222290718283 ns
        ON_TOKENS_CALLED, generate 1 tokens, offset=223319566304 ns
        ON_TOKENS_RETURNED, offset=223319569178 ns
        ON_TOKENS_CALLED, generate 1 tokens, offset=224376179127 ns
        ON_TOKENS_RETURNED, offset=224376180918 ns
        ON_TOKENS_CALLED, generate 1 tokens, offset=225444974886 ns
        ON_TOKENS_RETURNED, offset=225444977090 ns
        ON_TOKENS_CALLED, generate 1 tokens, offset=226415130689 ns
        ON_TOKENS_RETURNED, offset=226415131933 ns
        ON_TOKENS_CALLED, generate 1 tokens, offset=227404648487 ns
        ON_TOKENS_RETURNED, offset=227404649887 ns
        ON_TOKENS_CALLED, generate 1 tokens, offset=228402759141 ns
        ON_TOKENS_RETURNED, offset=228402761995 ns
        ON_TOKENS_CALLED, generate 1 tokens, offset=229423756129 ns
        ON_TOKENS_RETURNED, offset=229423757766 ns
        ON_TOKENS_CALLED, generate 1 tokens, offset=230458654076 ns
        ON_TOKENS_RETURNED, offset=230458655900 ns
        ON_TOKENS_CALLED, generate 1 tokens, offset=231518260787 ns
        ON_TOKENS_RETURNED, offset=231518262661 ns
        ON_TOKENS_CALLED, generate 1 tokens, offset=232590103474 ns
        ON_TOKENS_RETURNED, offset=232590105286 ns
        ON_TOKENS_CALLED, generate 1 tokens, offset=233684952264 ns
        ON_TOKENS_RETURNED, offset=233684953716 ns
        ON_TOKENS_CALLED, generate 1 tokens, offset=234785976346 ns
        ON_TOKENS_RETURNED, offset=234785979270 ns
        ON_TOKENS_CALLED, generate 1 tokens, offset=235919980793 ns
        ON_TOKENS_RETURNED, offset=235919983646 ns
        ON_TOKENS_CALLED, generate 1 tokens, offset=237053998544 ns
        ON_TOKENS_RETURNED, offset=237054001269 ns
        ON_TOKENS_CALLED, generate 1 tokens, offset=238228724503 ns
        ON_TOKENS_RETURNED, offset=238228726861 ns
        ON_TOKENS_CALLED, generate 1 tokens, offset=239408799831 ns
        ON_TOKENS_RETURNED, offset=239408802871 ns
        ON_TOKENS_CALLED, generate 1 tokens, offset=240623863572 ns
        ON_TOKENS_RETURNED, offset=240623920587 ns
        ON_TOKENS_CALLED, generate 1 tokens, offset=241842138849 ns
        ON_TOKENS_RETURNED, offset=241842150230 ns
[15:58:51.391252149|thread 4077917|cpu 202] [info ] KV cache footprint: 43.96 GB in 201 books
[15:58:52.752295978|thread 4075098|cpu 202] [info ] [Request 48] Parsing the prompt took 259.296093487 s at 31.593225682016346 tokens/s
[15:58:56.526489906|thread 4075090|cpu 202] [info ] [Request 6] Generating 61 response tokens with 8193 context took 71.457040 s at 0.854 average tok/s, or 1171.427 ms/tok
[15:58:56.526530615|thread 4075090|cpu 202] [info ] [Request 6] Request with 8192 tokens in and 64 out (sequence limit) saw 190.281427 s TTFT and 263.070983 s TTLT
[15:59:04.492178770|thread 4075098|cpu 202] [info ] [Request 49] Parsing the prompt took 271.035943021 s at 30.2247735436524 tokens/s
[15:59:07.057848246|thread 4075090|cpu 202] [info ] [Request 14] Generating 61 response tokens with 8193 context took 70.627369 s at 0.864 average tok/s, or 1157.826 ms/tok
[15:59:07.057877179|thread 4075090|cpu 202] [info ] [Request 14] Request with 8192 tokens in and 64 out (sequence limit) saw 201.604496 s TTFT and 273.602247 s TTLT
[15:59:07.058125553|thread 4077917|cpu 202] [info ] KV cache footprint: 45.06 GB in 206 books
[15:59:08.103044307|thread 4077918|cpu 202] [debug] #EVT# HandleDetails::is_anomalous() handle_id=6 time in state STATE_OPENED exceeded threshold: 190281420516 ns
[15:59:08.103088088|thread 4077918|cpu 202] [debug] #EVT#   Handle,     6, Created, 755284869353939, Last, 755549246931490, Prompted,  8192, Generated,    64, Input TPS, 43.05, Output TPS:  0.76, Callbacks,    64, prompt parsing complete, open
[15:59:08.103113923|thread 4077918|cpu 202] [info ] #EVT#   Handle 6 history:
        SESSION_OPEN, prompt 8192 tokens, offset=0 ns
        PROMPT_TOKENS_REUSE, offset=190281413150 ns
        ON_START_CALLED, offset=190281420516 ns
        ON_START_RETURNED, offset=190281467754 ns
        ON_TOKENS_CALLED, generate 1 tokens, offset=190281482071 ns
        ON_TOKENS_RETURNED, offset=190281483052 ns
        ON_TOKENS_CALLED, generate 1 tokens, offset=191613937341 ns
        ON_TOKENS_RETURNED, offset=191613939248 ns
        ON_TOKENS_CALLED, generate 1 tokens, offset=192989475459 ns
        ON_TOKENS_RETURNED, offset=192989476585 ns
        ON_TOKENS_CALLED, generate 1 tokens, offset=194368188843 ns
        ON_TOKENS_RETURNED, offset=194368189794 ns
        ON_TOKENS_CALLED, generate 1 tokens, offset=195783771009 ns
        ON_TOKENS_RETURNED, offset=195783772662 ns
        ON_TOKENS_CALLED, generate 1 tokens, offset=197205189470 ns
        ON_TOKENS_RETURNED, offset=197205190608 ns
        ON_TOKENS_CALLED, generate 1 tokens, offset=198659243530 ns
        ON_TOKENS_RETURNED, offset=198659244206 ns
        ON_TOKENS_CALLED, generate 1 tokens, offset=200112102176 ns
        ON_TOKENS_RETURNED, offset=200112103186 ns
        ON_TOKENS_CALLED, generate 1 tokens, offset=201604581464 ns
        ON_TOKENS_RETURNED, offset=201604583467 ns
        ON_TOKENS_CALLED, generate 1 tokens, offset=202974969299 ns
        ON_TOKENS_RETURNED, offset=202974970519 ns
        ON_TOKENS_CALLED, generate 1 tokens, offset=204394046535 ns
        ON_TOKENS_RETURNED, offset=204394048412 ns
        ON_TOKENS_CALLED, generate 1 tokens, offset=205820408483 ns
        ON_TOKENS_RETURNED, offset=205820409292 ns
        ON_TOKENS_CALLED, generate 1 tokens, offset=207271618771 ns
        ON_TOKENS_RETURNED, offset=207271619544 ns
        ON_TOKENS_CALLED, generate 1 tokens, offset=208599013291 ns
        ON_TOKENS_RETURNED, offset=208599014145 ns
        ON_TOKENS_CALLED, generate 1 tokens, offset=209969402975 ns
        ON_TOKENS_RETURNED, offset=209969405763 ns
        ON_TOKENS_CALLED, generate 1 tokens, offset=211205933751 ns
        ON_TOKENS_RETURNED, offset=211205935765 ns
        ON_TOKENS_CALLED, generate 1 tokens, offset=212047919568 ns
        ON_TOKENS_RETURNED, offset=212047924894 ns
        ON_TOKENS_CALLED, generate 1 tokens, offset=212905006010 ns
        ON_TOKENS_RETURNED, offset=212905007181 ns
        ON_TOKENS_CALLED, generate 1 tokens, offset=213773603287 ns
        ON_TOKENS_RETURNED, offset=213773604616 ns
        ON_TOKENS_CALLED, generate 1 tokens, offset=214656584944 ns
        ON_TOKENS_RETURNED, offset=214656586874 ns
        ON_TOKENS_CALLED, generate 1 tokens, offset=215551785968 ns
        ON_TOKENS_RETURNED, offset=215551789283 ns
        ON_TOKENS_CALLED, generate 1 tokens, offset=216465161145 ns
        ON_TOKENS_RETURNED, offset=216465162191 ns
        ON_TOKENS_CALLED, generate 1 tokens, offset=217391943338 ns
        ON_TOKENS_RETURNED, offset=217391944905 ns
        ON_TOKENS_CALLED, generate 1 tokens, offset=218343248152 ns
        ON_TOKENS_RETURNED, offset=218343249497 ns
        ON_TOKENS_CALLED, generate 1 tokens, offset=219299833925 ns
        ON_TOKENS_RETURNED, offset=219299835265 ns
        ON_TOKENS_CALLED, generate 1 tokens, offset=220280758741 ns
        ON_TOKENS_RETURNED, offset=220280759602 ns
        ON_TOKENS_CALLED, generate 1 tokens, offset=221272806746 ns
        ON_TOKENS_RETURNED, offset=221272807934 ns
        ON_TOKENS_CALLED, generate 1 tokens, offset=222290706842 ns
        ON_TOKENS_RETURNED, offset=222290707994 ns
        ON_TOKENS_CALLED, generate 1 tokens, offset=223319556228 ns
        ON_TOKENS_RETURNED, offset=223319558284 ns
        ON_TOKENS_CALLED, generate 1 tokens, offset=224376167921 ns
        ON_TOKENS_RETURNED, offset=224376169259 ns
        ON_TOKENS_CALLED, generate 1 tokens, offset=225444965149 ns
        ON_TOKENS_RETURNED, offset=225444968201 ns
        ON_TOKENS_CALLED, generate 1 tokens, offset=226415123849 ns
        ON_TOKENS_RETURNED, offset=226415125294 ns
        ON_TOKENS_CALLED, generate 1 tokens, offset=227404633489 ns
        ON_TOKENS_RETURNED, offset=227404636724 ns
        ON_TOKENS_CALLED, generate 1 tokens, offset=228402754205 ns
        ON_TOKENS_RETURNED, offset=228402756801 ns
        ON_TOKENS_CALLED, generate 1 tokens, offset=229423739237 ns
        ON_TOKENS_RETURNED, offset=229423740217 ns
        ON_TOKENS_CALLED, generate 1 tokens, offset=230458642486 ns
        ON_TOKENS_RETURNED, offset=230458644257 ns
        ON_TOKENS_CALLED, generate 1 tokens, offset=231518240379 ns
        ON_TOKENS_RETURNED, offset=231518241434 ns
        ON_TOKENS_CALLED, generate 1 tokens, offset=232590092420 ns
        ON_TOKENS_RETURNED, offset=232590094455 ns
        ON_TOKENS_CALLED, generate 1 tokens, offset=233684941506 ns
        ON_TOKENS_RETURNED, offset=233684943230 ns
        ON_TOKENS_CALLED, generate 1 tokens, offset=234785971299 ns
        ON_TOKENS_RETURNED, offset=234785972466 ns
        ON_TOKENS_CALLED, generate 1 tokens, offset=235919970897 ns
        ON_TOKENS_RETURNED, offset=235919974410 ns
        ON_TOKENS_CALLED, generate 1 tokens, offset=237053989501 ns
        ON_TOKENS_RETURNED, offset=237053992008 ns
        ON_TOKENS_CALLED, generate 1 tokens, offset=238228708095 ns
        ON_TOKENS_RETURNED, offset=238228710905 ns
        ON_TOKENS_CALLED, generate 1 tokens, offset=239408788805 ns
        ON_TOKENS_RETURNED, offset=239408792044 ns
        ON_TOKENS_CALLED, generate 1 tokens, offset=240623857416 ns
        ON_TOKENS_RETURNED, offset=240623859200 ns
        ON_TOKENS_CALLED, generate 1 tokens, offset=241842133046 ns
        ON_TOKENS_RETURNED, offset=241842134448 ns
        ON_TOKENS_CALLED, generate 1 tokens, offset=243090106620 ns
        ON_TOKENS_RETURNED, offset=243090123643 ns
        ON_TOKENS_CALLED, generate 1 tokens, offset=244343635972 ns
        ON_TOKENS_RETURNED, offset=244343637507 ns
        ON_TOKENS_CALLED, generate 1 tokens, offset=245480360505 ns
        ON_TOKENS_RETURNED, offset=245480362059 ns
        ON_TOKENS_CALLED, generate 1 tokens, offset=246646170899 ns
        ON_TOKENS_RETURNED, offset=246646172162 ns
        ON_TOKENS_CALLED, generate 1 tokens, offset=247826201277 ns
        ON_TOKENS_RETURNED, offset=247826202090 ns
        ON_TOKENS_CALLED, generate 1 tokens, offset=249026088190 ns
        ON_TOKENS_RETURNED, offset=249026090515 ns
        ON_TOKENS_CALLED, generate 1 tokens, offset=250230313147 ns
        ON_TOKENS_RETURNED, offset=250230313734 ns
        ON_TOKENS_CALLED, generate 1 tokens, offset=251470076089 ns
        ON_TOKENS_RETURNED, offset=251470076659 ns
        ON_TOKENS_CALLED, generate 1 tokens, offset=252725066221 ns
        ON_TOKENS_RETURNED, offset=252725067815 ns
        ON_TOKENS_CALLED, generate 1 tokens, offset=254000208080 ns
        ON_TOKENS_RETURNED, offset=254000209162 ns
        ON_TOKENS_CALLED, generate 1 tokens, offset=255280989602 ns
        ON_TOKENS_RETURNED, offset=255280991926 ns
        ON_TOKENS_CALLED, generate 1 tokens, offset=256601040470 ns
        ON_TOKENS_RETURNED, offset=256601041154 ns
        ON_TOKENS_CALLED, generate 1 tokens, offset=257935256524 ns
        ON_TOKENS_RETURNED, offset=257935258028 ns
        ON_TOKENS_CALLED, generate 1 tokens, offset=259296774186 ns
        ON_TOKENS_RETURNED, offset=259296776330 ns
        ON_TOKENS_CALLED, generate 1 tokens, offset=260517378835 ns
        ON_TOKENS_RETURNED, offset=260517380180 ns
        ON_TOKENS_CALLED, generate 1 tokens, offset=261790187790 ns
        ON_TOKENS_RETURNED, offset=261790188782 ns
        ON_TOKENS_CALLED, generate 1 tokens, offset=263070976347 ns
        ON_TOKENS_RETURNED, offset=263071027643 ns
        ON_TOKENS_CALLED, generate 1 tokens, offset=264377565535 ns
        ON_TOKENS_RETURNED, offset=264377577551 ns
[15:59:12.315524838|thread 4075090|cpu 202] [info ] [Request 19] Generating 61 response tokens with 8193 context took 70.260995 s at 0.868 average tok/s, or 1151.820 ms/tok
[15:59:12.315535151|thread 4075098|cpu 202] [info ] [Request 52] Parsing the prompt took 278.859202842 s at 29.37683216659534 tokens/s
[15:59:12.315547213|thread 4075090|cpu 202] [info ] [Request 19] Request with 8192 tokens in and 64 out (sequence limit) saw 207.271492 s TTFT and 278.859871 s TTLT
[15:59:12.315766580|thread 4077917|cpu 202] [info ] KV cache footprint: 46.16 GB in 211 books
[15:59:16.020969003|thread 4075090|cpu 202] [info ] [Request 24] Generating 61 response tokens with 8193 context took 70.517537 s at 0.865 average tok/s, or 1156.025 ms/tok
[15:59:16.020989580|thread 4075090|cpu 202] [info ] [Request 24] Request with 8192 tokens in and 64 out (sequence limit) saw 211.205733 s TTFT and 282.565259 s TTLT
[15:59:16.020972631|thread 4075091|cpu 202] [info ] [Request 33] Generating 61 response tokens with 8193 context took 70.517528 s at 0.865 average tok/s, or 1156.025 ms/tok
[15:59:16.021016929|thread 4075091|cpu 202] [info ] [Request 33] Request with 8192 tokens in and 64 out (sequence limit) saw 211.205618 s TTFT and 282.565145 s TTLT
[15:59:16.021209627|thread 4075092|cpu 202] [info ] [Request 36] Generating 61 response tokens with 8193 context took 70.517772 s at 0.865 average tok/s, or 1156.029 ms/tok
[15:59:16.021223420|thread 4075092|cpu 202] [info ] [Request 36] Request with 8192 tokens in and 64 out (sequence limit) saw 211.205586 s TTFT and 282.565350 s TTLT
[15:59:17.281407261|thread 4075098|cpu 202] [info ] [Request 7] Parsing the prompt took 283.825893238 s at 28.86276479761014 tokens/s
[15:59:17.281410261|thread 4075099|cpu 202] [info ] [Request 13] Parsing the prompt took 283.825825512 s at 28.86277168479035 tokens/s
[15:59:18.525498333|thread 4077918|cpu 202] [debug] #EVT# HandleDetails::is_anomalous() handle_id=14 time in state STATE_OPENED exceeded threshold: 201604489796 ns
[15:59:18.525528088|thread 4077918|cpu 202] [debug] #EVT#   Handle,    14, Created, 755284869448981, Last, 755559780863349, Prompted,  8191, Generated,    64, Input TPS, 40.63, Output TPS:  0.77, Callbacks,    64, prompt parsing complete, open
[15:59:18.525555351|thread 4077918|cpu 202] [info ] #EVT#   Handle 14 history:
        SESSION_OPEN, prompt 8192 tokens, offset=0 ns
        PROMPT_TOKENS_REUSE, offset=201604482104 ns
        ON_START_CALLED, offset=201604489796 ns
        ON_START_RETURNED, offset=201604532842 ns
        ON_TOKENS_CALLED, generate 1 tokens, offset=201604542459 ns
        ON_TOKENS_RETURNED, offset=201604543596 ns
        ON_TOKENS_CALLED, generate 1 tokens, offset=202974871794 ns
        ON_TOKENS_RETURNED, offset=202974874831 ns
        ON_TOKENS_CALLED, generate 1 tokens, offset=204393964687 ns
        ON_TOKENS_RETURNED, offset=204393965964 ns
        ON_TOKENS_CALLED, generate 1 tokens, offset=205820311002 ns
        ON_TOKENS_RETURNED, offset=205820313539 ns
        ON_TOKENS_CALLED, generate 1 tokens, offset=207271530519 ns
        ON_TOKENS_RETURNED, offset=207271532641 ns
        ON_TOKENS_CALLED, generate 1 tokens, offset=208598920205 ns
        ON_TOKENS_RETURNED, offset=208598921412 ns
        ON_TOKENS_CALLED, generate 1 tokens, offset=209969309991 ns
        ON_TOKENS_RETURNED, offset=209969311317 ns
        ON_TOKENS_CALLED, generate 1 tokens, offset=211205843790 ns
        ON_TOKENS_RETURNED, offset=211205845023 ns
        ON_TOKENS_CALLED, generate 1 tokens, offset=212047824235 ns
        ON_TOKENS_RETURNED, offset=212047829377 ns
        ON_TOKENS_CALLED, generate 1 tokens, offset=212904912524 ns
        ON_TOKENS_RETURNED, offset=212904913669 ns
        ON_TOKENS_CALLED, generate 1 tokens, offset=213773511997 ns
        ON_TOKENS_RETURNED, offset=213773514115 ns
        ON_TOKENS_CALLED, generate 1 tokens, offset=214656488948 ns
        ON_TOKENS_RETURNED, offset=214656490412 ns
        ON_TOKENS_CALLED, generate 1 tokens, offset=215551692598 ns
        ON_TOKENS_RETURNED, offset=215551694488 ns
        ON_TOKENS_CALLED, generate 1 tokens, offset=216465072786 ns
        ON_TOKENS_RETURNED, offset=216465075798 ns
        ON_TOKENS_CALLED, generate 1 tokens, offset=217391852658 ns
        ON_TOKENS_RETURNED, offset=217391854110 ns
        ON_TOKENS_CALLED, generate 1 tokens, offset=218343126864 ns
        ON_TOKENS_RETURNED, offset=218343129020 ns
        ON_TOKENS_CALLED, generate 1 tokens, offset=219299740535 ns
        ON_TOKENS_RETURNED, offset=219299748094 ns
        ON_TOKENS_CALLED, generate 1 tokens, offset=220280663974 ns
        ON_TOKENS_RETURNED, offset=220280665698 ns
        ON_TOKENS_CALLED, generate 1 tokens, offset=221272714591 ns
        ON_TOKENS_RETURNED, offset=221272717799 ns
        ON_TOKENS_CALLED, generate 1 tokens, offset=222290610600 ns
        ON_TOKENS_RETURNED, offset=222290611508 ns
        ON_TOKENS_CALLED, generate 1 tokens, offset=223319464037 ns
        ON_TOKENS_RETURNED, offset=223319465381 ns
        ON_TOKENS_CALLED, generate 1 tokens, offset=224376075308 ns
        ON_TOKENS_RETURNED, offset=224376076532 ns
        ON_TOKENS_CALLED, generate 1 tokens, offset=225444870979 ns
        ON_TOKENS_RETURNED, offset=225444873375 ns
        ON_TOKENS_CALLED, generate 1 tokens, offset=226415027250 ns
        ON_TOKENS_RETURNED, offset=226415028600 ns
        ON_TOKENS_CALLED, generate 1 tokens, offset=227404542690 ns
        ON_TOKENS_RETURNED, offset=227404543869 ns
        ON_TOKENS_CALLED, generate 1 tokens, offset=228402655607 ns
        ON_TOKENS_RETURNED, offset=228402658044 ns
        ON_TOKENS_CALLED, generate 1 tokens, offset=229423649274 ns
        ON_TOKENS_RETURNED, offset=229423650266 ns
        ON_TOKENS_CALLED, generate 1 tokens, offset=230458558036 ns
        ON_TOKENS_RETURNED, offset=230458559200 ns
        ON_TOKENS_CALLED, generate 1 tokens, offset=231518148564 ns
        ON_TOKENS_RETURNED, offset=231518150706 ns
        ON_TOKENS_CALLED, generate 1 tokens, offset=232590000455 ns
        ON_TOKENS_RETURNED, offset=232590001786 ns
        ON_TOKENS_CALLED, generate 1 tokens, offset=233684850982 ns
        ON_TOKENS_RETURNED, offset=233684852195 ns
        ON_TOKENS_CALLED, generate 1 tokens, offset=234785871348 ns
        ON_TOKENS_RETURNED, offset=234785872553 ns
        ON_TOKENS_CALLED, generate 1 tokens, offset=235919882939 ns
        ON_TOKENS_RETURNED, offset=235919885631 ns
        ON_TOKENS_CALLED, generate 1 tokens, offset=237053896267 ns
        ON_TOKENS_RETURNED, offset=237053898498 ns
        ON_TOKENS_CALLED, generate 1 tokens, offset=238228615346 ns
        ON_TOKENS_RETURNED, offset=238228617842 ns
        ON_TOKENS_CALLED, generate 1 tokens, offset=239408696276 ns
        ON_TOKENS_RETURNED, offset=239408697130 ns
        ON_TOKENS_CALLED, generate 1 tokens, offset=240623765898 ns
        ON_TOKENS_RETURNED, offset=240623766929 ns
        ON_TOKENS_CALLED, generate 1 tokens, offset=241842033509 ns
        ON_TOKENS_RETURNED, offset=241842034660 ns
        ON_TOKENS_CALLED, generate 1 tokens, offset=243088683363 ns
        ON_TOKENS_RETURNED, offset=243088684168 ns
        ON_TOKENS_CALLED, generate 1 tokens, offset=244343541898 ns
        ON_TOKENS_RETURNED, offset=244343544825 ns
        ON_TOKENS_CALLED, generate 1 tokens, offset=245480258100 ns
        ON_TOKENS_RETURNED, offset=245480259003 ns
        ON_TOKENS_CALLED, generate 1 tokens, offset=246646075912 ns
        ON_TOKENS_RETURNED, offset=246646077393 ns
        ON_TOKENS_CALLED, generate 1 tokens, offset=247826107812 ns
        ON_TOKENS_RETURNED, offset=247826108992 ns
        ON_TOKENS_CALLED, generate 1 tokens, offset=249025998023 ns
        ON_TOKENS_RETURNED, offset=249026000213 ns
        ON_TOKENS_CALLED, generate 1 tokens, offset=250230214125 ns
        ON_TOKENS_RETURNED, offset=250230215065 ns
        ON_TOKENS_CALLED, generate 1 tokens, offset=251469981756 ns
        ON_TOKENS_RETURNED, offset=251469983108 ns
        ON_TOKENS_CALLED, generate 1 tokens, offset=252724978479 ns
        ON_TOKENS_RETURNED, offset=252724979975 ns
        ON_TOKENS_CALLED, generate 1 tokens, offset=254000118158 ns
        ON_TOKENS_RETURNED, offset=254000120283 ns
        ON_TOKENS_CALLED, generate 1 tokens, offset=255280910110 ns
        ON_TOKENS_RETURNED, offset=255280911585 ns
        ON_TOKENS_CALLED, generate 1 tokens, offset=256600946424 ns
        ON_TOKENS_RETURNED, offset=256600947894 ns
        ON_TOKENS_CALLED, generate 1 tokens, offset=257935170053 ns
        ON_TOKENS_RETURNED, offset=257935171004 ns
        ON_TOKENS_CALLED, generate 1 tokens, offset=259296680131 ns
        ON_TOKENS_RETURNED, offset=259296681861 ns
        ON_TOKENS_CALLED, generate 1 tokens, offset=260517285725 ns
        ON_TOKENS_RETURNED, offset=260517288371 ns
        ON_TOKENS_CALLED, generate 1 tokens, offset=261790107771 ns
        ON_TOKENS_RETURNED, offset=261790108782 ns
        ON_TOKENS_CALLED, generate 1 tokens, offset=263070890670 ns
        ON_TOKENS_RETURNED, offset=263070892703 ns
        ON_TOKENS_CALLED, generate 1 tokens, offset=264377477647 ns
        ON_TOKENS_RETURNED, offset=264377480029 ns
        ON_TOKENS_CALLED, generate 1 tokens, offset=265661692350 ns
        ON_TOKENS_RETURNED, offset=265661694754 ns
        ON_TOKENS_CALLED, generate 1 tokens, offset=266982829145 ns
        ON_TOKENS_RETURNED, offset=266982830198 ns
        ON_TOKENS_CALLED, generate 1 tokens, offset=268310016210 ns
        ON_TOKENS_RETURNED, offset=268310017658 ns
        ON_TOKENS_CALLED, generate 1 tokens, offset=269673227186 ns
        ON_TOKENS_RETURNED, offset=269673229443 ns
        ON_TOKENS_CALLED, generate 1 tokens, offset=271036565060 ns
        ON_TOKENS_RETURNED, offset=271036566446 ns
        ON_TOKENS_CALLED, generate 1 tokens, offset=272315025398 ns
        ON_TOKENS_RETURNED, offset=272315026518 ns
        ON_TOKENS_CALLED, generate 1 tokens, offset=273602240999 ns
        ON_TOKENS_RETURNED, offset=273602279796 ns
        ON_TOKENS_CALLED, generate 1 tokens, offset=274911407083 ns
        ON_TOKENS_RETURNED, offset=274911414368 ns
[15:59:22.173744320|thread 4077917|cpu 202] [info ] KV cache footprint: 47.26 GB in 216 books
[15:59:23.877228704|thread 4077918|cpu 202] [debug] #EVT# HandleDetails::is_anomalous() handle_id=19 time in state STATE_OPENED exceeded threshold: 207271484235 ns
[15:59:23.877255974|thread 4077918|cpu 202] [debug] #EVT#   Handle,    19, Created, 755284869504641, Last, 755564966026092, Prompted,  8191, Generated,    64, Input TPS, 39.52, Output TPS:  0.77, Callbacks,    64, prompt parsing complete, open
[15:59:23.877282692|thread 4077918|cpu 202] [info ] #EVT#   Handle 19 history:
        SESSION_OPEN, prompt 8192 tokens, offset=0 ns
        PROMPT_TOKENS_REUSE, offset=207271474693 ns
        ON_START_CALLED, offset=207271484235 ns
        ON_START_RETURNED, offset=207271528906 ns
        ON_TOKENS_CALLED, generate 1 tokens, offset=207271542754 ns
        ON_TOKENS_RETURNED, offset=207271543842 ns
        ON_TOKENS_CALLED, generate 1 tokens, offset=208598868385 ns
        ON_TOKENS_RETURNED, offset=208598871183 ns
        ON_TOKENS_CALLED, generate 1 tokens, offset=209969265696 ns
        ON_TOKENS_RETURNED, offset=209969266936 ns
        ON_TOKENS_CALLED, generate 1 tokens, offset=211205784934 ns
        ON_TOKENS_RETURNED, offset=211205785669 ns
        ON_TOKENS_CALLED, generate 1 tokens, offset=212047778852 ns
        ON_TOKENS_RETURNED, offset=212047780380 ns
        ON_TOKENS_CALLED, generate 1 tokens, offset=212904859988 ns
        ON_TOKENS_RETURNED, offset=212904860750 ns
        ON_TOKENS_CALLED, generate 1 tokens, offset=213773455628 ns
        ON_TOKENS_RETURNED, offset=213773456947 ns
        ON_TOKENS_CALLED, generate 1 tokens, offset=214656436540 ns
        ON_TOKENS_RETURNED, offset=214656438485 ns
        ON_TOKENS_CALLED, generate 1 tokens, offset=215551639190 ns
        ON_TOKENS_RETURNED, offset=215551646043 ns
        ON_TOKENS_CALLED, generate 1 tokens, offset=216465017823 ns
        ON_TOKENS_RETURNED, offset=216465019426 ns
        ON_TOKENS_CALLED, generate 1 tokens, offset=217391800956 ns
        ON_TOKENS_RETURNED, offset=217391802080 ns
        ON_TOKENS_CALLED, generate 1 tokens, offset=218343071295 ns
        ON_TOKENS_RETURNED, offset=218343072426 ns
        ON_TOKENS_CALLED, generate 1 tokens, offset=219299686744 ns
        ON_TOKENS_RETURNED, offset=219299689361 ns
        ON_TOKENS_CALLED, generate 1 tokens, offset=220280611339 ns
        ON_TOKENS_RETURNED, offset=220280613873 ns
        ON_TOKENS_CALLED, generate 1 tokens, offset=221272659514 ns
        ON_TOKENS_RETURNED, offset=221272661026 ns
        ON_TOKENS_CALLED, generate 1 tokens, offset=222290557841 ns
        ON_TOKENS_RETURNED, offset=222290558680 ns
        ON_TOKENS_CALLED, generate 1 tokens, offset=223319409527 ns
        ON_TOKENS_RETURNED, offset=223319411762 ns
        ON_TOKENS_CALLED, generate 1 tokens, offset=224376021836 ns
        ON_TOKENS_RETURNED, offset=224376022970 ns
        ON_TOKENS_CALLED, generate 1 tokens, offset=225444818382 ns
        ON_TOKENS_RETURNED, offset=225444819422 ns
        ON_TOKENS_CALLED, generate 1 tokens, offset=226414968189 ns
        ON_TOKENS_RETURNED, offset=226414969442 ns
        ON_TOKENS_CALLED, generate 1 tokens, offset=227404487177 ns
        ON_TOKENS_RETURNED, offset=227404489883 ns
        ON_TOKENS_CALLED, generate 1 tokens, offset=228402602138 ns
        ON_TOKENS_RETURNED, offset=228402602870 ns
        ON_TOKENS_CALLED, generate 1 tokens, offset=229423589854 ns
        ON_TOKENS_RETURNED, offset=229423591106 ns
        ON_TOKENS_CALLED, generate 1 tokens, offset=230458494414 ns
        ON_TOKENS_RETURNED, offset=230458501933 ns
        ON_TOKENS_CALLED, generate 1 tokens, offset=231518092628 ns
        ON_TOKENS_RETURNED, offset=231518095363 ns
        ON_TOKENS_CALLED, generate 1 tokens, offset=232589948040 ns
        ON_TOKENS_RETURNED, offset=232589949228 ns
        ON_TOKENS_CALLED, generate 1 tokens, offset=233684790369 ns
        ON_TOKENS_RETURNED, offset=233684792115 ns
        ON_TOKENS_CALLED, generate 1 tokens, offset=234785816308 ns
        ON_TOKENS_RETURNED, offset=234785817894 ns
        ON_TOKENS_CALLED, generate 1 tokens, offset=235919823510 ns
        ON_TOKENS_RETURNED, offset=235919825352 ns
        ON_TOKENS_CALLED, generate 1 tokens, offset=237053839372 ns
        ON_TOKENS_RETURNED, offset=237053841755 ns
        ON_TOKENS_CALLED, generate 1 tokens, offset=238228560896 ns
        ON_TOKENS_RETURNED, offset=238228562298 ns
        ON_TOKENS_CALLED, generate 1 tokens, offset=239408642002 ns
        ON_TOKENS_RETURNED, offset=239408643045 ns
        ON_TOKENS_CALLED, generate 1 tokens, offset=240623706590 ns
        ON_TOKENS_RETURNED, offset=240623709941 ns
        ON_TOKENS_CALLED, generate 1 tokens, offset=241841982276 ns
        ON_TOKENS_RETURNED, offset=241841983233 ns
        ON_TOKENS_CALLED, generate 1 tokens, offset=243088633940 ns
        ON_TOKENS_RETURNED, offset=243088634733 ns
        ON_TOKENS_CALLED, generate 1 tokens, offset=244343488642 ns
        ON_TOKENS_RETURNED, offset=244343489922 ns
        ON_TOKENS_CALLED, generate 1 tokens, offset=245480209956 ns
        ON_TOKENS_RETURNED, offset=245480211436 ns
        ON_TOKENS_CALLED, generate 1 tokens, offset=246646024739 ns
        ON_TOKENS_RETURNED, offset=246646025547 ns
        ON_TOKENS_CALLED, generate 1 tokens, offset=247826054478 ns
        ON_TOKENS_RETURNED, offset=247826055586 ns
        ON_TOKENS_CALLED, generate 1 tokens, offset=249025942184 ns
        ON_TOKENS_RETURNED, offset=249025944314 ns
        ON_TOKENS_CALLED, generate 1 tokens, offset=250230163456 ns
        ON_TOKENS_RETURNED, offset=250230164882 ns
        ON_TOKENS_CALLED, generate 1 tokens, offset=251469937108 ns
        ON_TOKENS_RETURNED, offset=251469938558 ns
        ON_TOKENS_CALLED, generate 1 tokens, offset=252724923566 ns
        ON_TOKENS_RETURNED, offset=252724924985 ns
        ON_TOKENS_CALLED, generate 1 tokens, offset=254000065609 ns
        ON_TOKENS_RETURNED, offset=254000066623 ns
        ON_TOKENS_CALLED, generate 1 tokens, offset=255280842869 ns
        ON_TOKENS_RETURNED, offset=255280844159 ns
        ON_TOKENS_CALLED, generate 1 tokens, offset=256600892374 ns
        ON_TOKENS_RETURNED, offset=256600893420 ns
        ON_TOKENS_CALLED, generate 1 tokens, offset=257935108003 ns
        ON_TOKENS_RETURNED, offset=257935110318 ns
        ON_TOKENS_CALLED, generate 1 tokens, offset=259296628045 ns
        ON_TOKENS_RETURNED, offset=259296629270 ns
        ON_TOKENS_CALLED, generate 1 tokens, offset=260517232660 ns
        ON_TOKENS_RETURNED, offset=260517234037 ns
        ON_TOKENS_CALLED, generate 1 tokens, offset=261790047462 ns
        ON_TOKENS_RETURNED, offset=261790048350 ns
        ON_TOKENS_CALLED, generate 1 tokens, offset=263070834220 ns
        ON_TOKENS_RETURNED, offset=263070836601 ns
        ON_TOKENS_CALLED, generate 1 tokens, offset=264377417983 ns
        ON_TOKENS_RETURNED, offset=264377419327 ns
        ON_TOKENS_CALLED, generate 1 tokens, offset=265661645418 ns
        ON_TOKENS_RETURNED, offset=265661647127 ns
        ON_TOKENS_CALLED, generate 1 tokens, offset=266982775547 ns
        ON_TOKENS_RETURNED, offset=266982776752 ns
        ON_TOKENS_CALLED, generate 1 tokens, offset=268309962172 ns
        ON_TOKENS_RETURNED, offset=268309963378 ns
        ON_TOKENS_CALLED, generate 1 tokens, offset=269673165373 ns
        ON_TOKENS_RETURNED, offset=269673167121 ns
        ON_TOKENS_CALLED, generate 1 tokens, offset=271036507773 ns
        ON_TOKENS_RETURNED, offset=271036510185 ns
        ON_TOKENS_CALLED, generate 1 tokens, offset=272314978610 ns
        ON_TOKENS_RETURNED, offset=272314980112 ns
        ON_TOKENS_CALLED, generate 1 tokens, offset=273602178321 ns
        ON_TOKENS_RETURNED, offset=273602181092 ns
        ON_TOKENS_CALLED, generate 1 tokens, offset=274911353748 ns
        ON_TOKENS_RETURNED, offset=274911356462 ns
        ON_TOKENS_CALLED, generate 1 tokens, offset=276206199897 ns
        ON_TOKENS_RETURNED, offset=276206202497 ns
        ON_TOKENS_CALLED, generate 1 tokens, offset=277525737870 ns
        ON_TOKENS_RETURNED, offset=277525739572 ns
        ON_TOKENS_CALLED, generate 1 tokens, offset=278859862292 ns
        ON_TOKENS_RETURNED, offset=278859928443 ns
        ON_TOKENS_CALLED, generate 1 tokens, offset=280096515983 ns
        ON_TOKENS_RETURNED, offset=280096521451 ns
[15:59:25.305219033|thread 4075097|cpu 202] [info ] [Request 34] Parsing the prompt took 291.849382132 s at 28.069273061866053 tokens/s
[15:59:27.539064308|thread 4077918|cpu 202] [debug] #EVT# HandleDetails::is_anomalous() handle_id=36 time in state STATE_OPENED exceeded threshold: 211205580779 ns
[15:59:27.539104362|thread 4077918|cpu 202] [debug] #EVT#   Handle,    36, Created, 755284869708477, Last, 755568695249969, Prompted,  8191, Generated,    64, Input TPS, 38.79, Output TPS:  0.77, Callbacks,    64, prompt parsing complete, open
[15:59:27.539132003|thread 4077918|cpu 202] [info ] #EVT#   Handle 36 history:
        SESSION_OPEN, prompt 8192 tokens, offset=0 ns
        PROMPT_TOKENS_REUSE, offset=211205579541 ns
        ON_START_CALLED, offset=211205580779 ns
        ON_START_RETURNED, offset=211205611136 ns
        ON_TOKENS_CALLED, generate 1 tokens, offset=211205615603 ns
        ON_TOKENS_RETURNED, offset=211205616620 ns
        ON_TOKENS_CALLED, generate 1 tokens, offset=212047573216 ns
        ON_TOKENS_RETURNED, offset=212047575922 ns
        ON_TOKENS_CALLED, generate 1 tokens, offset=212904666586 ns
        ON_TOKENS_RETURNED, offset=212904667935 ns
        ON_TOKENS_CALLED, generate 1 tokens, offset=213773257425 ns
        ON_TOKENS_RETURNED, offset=213773258165 ns
        ON_TOKENS_CALLED, generate 1 tokens, offset=214656236990 ns
        ON_TOKENS_RETURNED, offset=214656239890 ns
        ON_TOKENS_CALLED, generate 1 tokens, offset=215551437860 ns
        ON_TOKENS_RETURNED, offset=215551438900 ns
        ON_TOKENS_CALLED, generate 1 tokens, offset=216464819262 ns
        ON_TOKENS_RETURNED, offset=216464820220 ns
        ON_TOKENS_CALLED, generate 1 tokens, offset=217391596205 ns
        ON_TOKENS_RETURNED, offset=217391597212 ns
        ON_TOKENS_CALLED, generate 1 tokens, offset=218342908586 ns
        ON_TOKENS_RETURNED, offset=218342914771 ns
        ON_TOKENS_CALLED, generate 1 tokens, offset=219299486310 ns
        ON_TOKENS_RETURNED, offset=219299487159 ns
        ON_TOKENS_CALLED, generate 1 tokens, offset=220280413558 ns
        ON_TOKENS_RETURNED, offset=220280415678 ns
        ON_TOKENS_CALLED, generate 1 tokens, offset=221272460328 ns
        ON_TOKENS_RETURNED, offset=221272461390 ns
        ON_TOKENS_CALLED, generate 1 tokens, offset=222290357542 ns
        ON_TOKENS_RETURNED, offset=222290358367 ns
        ON_TOKENS_CALLED, generate 1 tokens, offset=223319214455 ns
        ON_TOKENS_RETURNED, offset=223319215553 ns
        ON_TOKENS_CALLED, generate 1 tokens, offset=224375826497 ns
        ON_TOKENS_RETURNED, offset=224375827334 ns
        ON_TOKENS_CALLED, generate 1 tokens, offset=225444618517 ns
        ON_TOKENS_RETURNED, offset=225444619798 ns
        ON_TOKENS_CALLED, generate 1 tokens, offset=226414767075 ns
        ON_TOKENS_RETURNED, offset=226414770946 ns
        ON_TOKENS_CALLED, generate 1 tokens, offset=227404287945 ns
        ON_TOKENS_RETURNED, offset=227404289029 ns
        ON_TOKENS_CALLED, generate 1 tokens, offset=228402402582 ns
        ON_TOKENS_RETURNED, offset=228402403492 ns
        ON_TOKENS_CALLED, generate 1 tokens, offset=229423392771 ns
        ON_TOKENS_RETURNED, offset=229423393704 ns
        ON_TOKENS_CALLED, generate 1 tokens, offset=230458305494 ns
        ON_TOKENS_RETURNED, offset=230458306771 ns
        ON_TOKENS_CALLED, generate 1 tokens, offset=231517895751 ns
        ON_TOKENS_RETURNED, offset=231517897526 ns
        ON_TOKENS_CALLED, generate 1 tokens, offset=232589747155 ns
        ON_TOKENS_RETURNED, offset=232589748253 ns
        ON_TOKENS_CALLED, generate 1 tokens, offset=233684590376 ns
        ON_TOKENS_RETURNED, offset=233684591387 ns
        ON_TOKENS_CALLED, generate 1 tokens, offset=234785618172 ns
        ON_TOKENS_RETURNED, offset=234785618924 ns
        ON_TOKENS_CALLED, generate 1 tokens, offset=235919627709 ns
        ON_TOKENS_RETURNED, offset=235919629589 ns
        ON_TOKENS_CALLED, generate 1 tokens, offset=237053641643 ns
        ON_TOKENS_RETURNED, offset=237053643403 ns
        ON_TOKENS_CALLED, generate 1 tokens, offset=238228367342 ns
        ON_TOKENS_RETURNED, offset=238228368509 ns
        ON_TOKENS_CALLED, generate 1 tokens, offset=239408441852 ns
        ON_TOKENS_RETURNED, offset=239408442794 ns
        ON_TOKENS_CALLED, generate 1 tokens, offset=240623506876 ns
        ON_TOKENS_RETURNED, offset=240623507887 ns
        ON_TOKENS_CALLED, generate 1 tokens, offset=241841780186 ns
        ON_TOKENS_RETURNED, offset=241841781556 ns
        ON_TOKENS_CALLED, generate 1 tokens, offset=243089486271 ns
        ON_TOKENS_RETURNED, offset=243089487410 ns
        ON_TOKENS_CALLED, generate 1 tokens, offset=244343299973 ns
        ON_TOKENS_RETURNED, offset=244343301824 ns
        ON_TOKENS_CALLED, generate 1 tokens, offset=245480013879 ns
        ON_TOKENS_RETURNED, offset=245480015139 ns
        ON_TOKENS_CALLED, generate 1 tokens, offset=246645825934 ns
        ON_TOKENS_RETURNED, offset=246645826822 ns
        ON_TOKENS_CALLED, generate 1 tokens, offset=247825855159 ns
        ON_TOKENS_RETURNED, offset=247825856274 ns
        ON_TOKENS_CALLED, generate 1 tokens, offset=249025742910 ns
        ON_TOKENS_RETURNED, offset=249025745198 ns
        ON_TOKENS_CALLED, generate 1 tokens, offset=250229961407 ns
        ON_TOKENS_RETURNED, offset=250229962379 ns
        ON_TOKENS_CALLED, generate 1 tokens, offset=251469729601 ns
        ON_TOKENS_RETURNED, offset=251469732223 ns
        ON_TOKENS_CALLED, generate 1 tokens, offset=252724720536 ns
        ON_TOKENS_RETURNED, offset=252724722475 ns
        ON_TOKENS_CALLED, generate 1 tokens, offset=253999869422 ns
        ON_TOKENS_RETURNED, offset=253999872368 ns
        ON_TOKENS_CALLED, generate 1 tokens, offset=255280654474 ns
        ON_TOKENS_RETURNED, offset=255280655812 ns
        ON_TOKENS_CALLED, generate 1 tokens, offset=256600694224 ns
        ON_TOKENS_RETURNED, offset=256600696291 ns
        ON_TOKENS_CALLED, generate 1 tokens, offset=257934909953 ns
        ON_TOKENS_RETURNED, offset=257934910979 ns
        ON_TOKENS_CALLED, generate 1 tokens, offset=259296427242 ns
        ON_TOKENS_RETURNED, offset=259296428953 ns
        ON_TOKENS_CALLED, generate 1 tokens, offset=260517033070 ns
        ON_TOKENS_RETURNED, offset=260517034609 ns
        ON_TOKENS_CALLED, generate 1 tokens, offset=261789840601 ns
        ON_TOKENS_RETURNED, offset=261789841709 ns
        ON_TOKENS_CALLED, generate 1 tokens, offset=263070637522 ns
        ON_TOKENS_RETURNED, offset=263070639446 ns
        ON_TOKENS_CALLED, generate 1 tokens, offset=264377220456 ns
        ON_TOKENS_RETURNED, offset=264377222157 ns
        ON_TOKENS_CALLED, generate 1 tokens, offset=265661440163 ns
        ON_TOKENS_RETURNED, offset=265661441255 ns
        ON_TOKENS_CALLED, generate 1 tokens, offset=266982586366 ns
        ON_TOKENS_RETURNED, offset=266982587687 ns
        ON_TOKENS_CALLED, generate 1 tokens, offset=268309760959 ns
        ON_TOKENS_RETURNED, offset=268309762353 ns
        ON_TOKENS_CALLED, generate 1 tokens, offset=269672965456 ns
        ON_TOKENS_RETURNED, offset=269672966334 ns
        ON_TOKENS_CALLED, generate 1 tokens, offset=271036307964 ns
        ON_TOKENS_RETURNED, offset=271036310777 ns
        ON_TOKENS_CALLED, generate 1 tokens, offset=272314778660 ns
        ON_TOKENS_RETURNED, offset=272314779833 ns
        ON_TOKENS_CALLED, generate 1 tokens, offset=273601981943 ns
        ON_TOKENS_RETURNED, offset=273601984821 ns
        ON_TOKENS_CALLED, generate 1 tokens, offset=274911194849 ns
        ON_TOKENS_RETURNED, offset=274911196195 ns
        ON_TOKENS_CALLED, generate 1 tokens, offset=276206001607 ns
        ON_TOKENS_RETURNED, offset=276206002713 ns
        ON_TOKENS_CALLED, generate 1 tokens, offset=277525521252 ns
        ON_TOKENS_RETURNED, offset=277525523415 ns
        ON_TOKENS_CALLED, generate 1 tokens, offset=278859664084 ns
        ON_TOKENS_RETURNED, offset=278859666250 ns
        ON_TOKENS_CALLED, generate 1 tokens, offset=280096319849 ns
        ON_TOKENS_RETURNED, offset=280096321326 ns
        ON_TOKENS_CALLED, generate 1 tokens, offset=281321939697 ns
        ON_TOKENS_RETURNED, offset=281321941004 ns
        ON_TOKENS_CALLED, generate 1 tokens, offset=282565344581 ns
        ON_TOKENS_RETURNED, offset=282565365357 ns
        ON_TOKENS_CALLED, generate 1 tokens, offset=283825535975 ns
        ON_TOKENS_RETURNED, offset=283825541492 ns
[15:59:27.539176098|thread 4077918|cpu 202] [debug] #EVT# HandleDetails::is_anomalous() handle_id=33 time in state STATE_OPENED exceeded threshold: 211205611327 ns
[15:59:27.539179344|thread 4077918|cpu 202] [debug] #EVT#   Handle,    33, Created, 755284869675849, Last, 755568695248826, Prompted,  8191, Generated,    64, Input TPS, 38.79, Output TPS:  0.77, Callbacks,    64, prompt parsing complete, open
[15:59:27.539197970|thread 4077918|cpu 202] [info ] #EVT#   Handle 33 history:
        SESSION_OPEN, prompt 8192 tokens, offset=0 ns
        PROMPT_TOKENS_REUSE, offset=211205610279 ns
        ON_START_CALLED, offset=211205611327 ns
        ON_START_RETURNED, offset=211205664449 ns
        ON_TOKENS_CALLED, generate 1 tokens, offset=211205668905 ns
        ON_TOKENS_RETURNED, offset=211205669865 ns
        ON_TOKENS_CALLED, generate 1 tokens, offset=212047610525 ns
        ON_TOKENS_RETURNED, offset=212047611928 ns
        ON_TOKENS_CALLED, generate 1 tokens, offset=212904701430 ns
        ON_TOKENS_RETURNED, offset=212904703437 ns
        ON_TOKENS_CALLED, generate 1 tokens, offset=213773289766 ns
        ON_TOKENS_RETURNED, offset=213773291203 ns
        ON_TOKENS_CALLED, generate 1 tokens, offset=214656269157 ns
        ON_TOKENS_RETURNED, offset=214656272389 ns
        ON_TOKENS_CALLED, generate 1 tokens, offset=215551471994 ns
        ON_TOKENS_RETURNED, offset=215551474334 ns
        ON_TOKENS_CALLED, generate 1 tokens, offset=216464848136 ns
        ON_TOKENS_RETURNED, offset=216464850530 ns
        ON_TOKENS_CALLED, generate 1 tokens, offset=217391627762 ns
        ON_TOKENS_RETURNED, offset=217391629220 ns
        ON_TOKENS_CALLED, generate 1 tokens, offset=218342901058 ns
        ON_TOKENS_RETURNED, offset=218342905190 ns
        ON_TOKENS_CALLED, generate 1 tokens, offset=219299523767 ns
        ON_TOKENS_RETURNED, offset=219299525013 ns
        ON_TOKENS_CALLED, generate 1 tokens, offset=220280443585 ns
        ON_TOKENS_RETURNED, offset=220280444723 ns
        ON_TOKENS_CALLED, generate 1 tokens, offset=221272495639 ns
        ON_TOKENS_RETURNED, offset=221272496816 ns
        ON_TOKENS_CALLED, generate 1 tokens, offset=222290388849 ns
        ON_TOKENS_RETURNED, offset=222290390278 ns
        ON_TOKENS_CALLED, generate 1 tokens, offset=223319245487 ns
        ON_TOKENS_RETURNED, offset=223319246291 ns
        ON_TOKENS_CALLED, generate 1 tokens, offset=224375854279 ns
        ON_TOKENS_RETURNED, offset=224375855438 ns
        ON_TOKENS_CALLED, generate 1 tokens, offset=225444649250 ns
        ON_TOKENS_RETURNED, offset=225444651873 ns
        ON_TOKENS_CALLED, generate 1 tokens, offset=226414801399 ns
        ON_TOKENS_RETURNED, offset=226414820000 ns
        ON_TOKENS_CALLED, generate 1 tokens, offset=227404318756 ns
        ON_TOKENS_RETURNED, offset=227404321253 ns
        ON_TOKENS_CALLED, generate 1 tokens, offset=228402433456 ns
        ON_TOKENS_RETURNED, offset=228402434812 ns
        ON_TOKENS_CALLED, generate 1 tokens, offset=229423420680 ns
        ON_TOKENS_RETURNED, offset=229423422119 ns
        ON_TOKENS_CALLED, generate 1 tokens, offset=230458343182 ns
        ON_TOKENS_RETURNED, offset=230458344154 ns
        ON_TOKENS_CALLED, generate 1 tokens, offset=231517926671 ns
        ON_TOKENS_RETURNED, offset=231517928167 ns
        ON_TOKENS_CALLED, generate 1 tokens, offset=232589777899 ns
        ON_TOKENS_RETURNED, offset=232589779020 ns
        ON_TOKENS_CALLED, generate 1 tokens, offset=233684621841 ns
        ON_TOKENS_RETURNED, offset=233684623093 ns
        ON_TOKENS_CALLED, generate 1 tokens, offset=234785653800 ns
        ON_TOKENS_RETURNED, offset=234785654598 ns
        ON_TOKENS_CALLED, generate 1 tokens, offset=235919655751 ns
        ON_TOKENS_RETURNED, offset=235919658054 ns
        ON_TOKENS_CALLED, generate 1 tokens, offset=237053672982 ns
        ON_TOKENS_RETURNED, offset=237053674962 ns
        ON_TOKENS_CALLED, generate 1 tokens, offset=238228400153 ns
        ON_TOKENS_RETURNED, offset=238228401376 ns
        ON_TOKENS_CALLED, generate 1 tokens, offset=239408473547 ns
        ON_TOKENS_RETURNED, offset=239408474314 ns
        ON_TOKENS_CALLED, generate 1 tokens, offset=240623537686 ns
        ON_TOKENS_RETURNED, offset=240623538632 ns
        ON_TOKENS_CALLED, generate 1 tokens, offset=241841811757 ns
        ON_TOKENS_RETURNED, offset=241841814010 ns
        ON_TOKENS_CALLED, generate 1 tokens, offset=243088467581 ns
        ON_TOKENS_RETURNED, offset=243088469036 ns
        ON_TOKENS_CALLED, generate 1 tokens, offset=244343319715 ns
        ON_TOKENS_RETURNED, offset=244343321966 ns
        ON_TOKENS_CALLED, generate 1 tokens, offset=245480037286 ns
        ON_TOKENS_RETURNED, offset=245480038450 ns
        ON_TOKENS_CALLED, generate 1 tokens, offset=246645855388 ns
        ON_TOKENS_RETURNED, offset=246645856258 ns
        ON_TOKENS_CALLED, generate 1 tokens, offset=247825885863 ns
        ON_TOKENS_RETURNED, offset=247825886971 ns
        ON_TOKENS_CALLED, generate 1 tokens, offset=249025773259 ns
        ON_TOKENS_RETURNED, offset=249025774739 ns
        ON_TOKENS_CALLED, generate 1 tokens, offset=250229998250 ns
        ON_TOKENS_RETURNED, offset=250229999159 ns
        ON_TOKENS_CALLED, generate 1 tokens, offset=251469759098 ns
        ON_TOKENS_RETURNED, offset=251469760490 ns
        ON_TOKENS_CALLED, generate 1 tokens, offset=252724751857 ns
        ON_TOKENS_RETURNED, offset=252724754100 ns
        ON_TOKENS_CALLED, generate 1 tokens, offset=253999896331 ns
        ON_TOKENS_RETURNED, offset=253999897564 ns
        ON_TOKENS_CALLED, generate 1 tokens, offset=255280680904 ns
        ON_TOKENS_RETURNED, offset=255280682614 ns
        ON_TOKENS_CALLED, generate 1 tokens, offset=256600724756 ns
        ON_TOKENS_RETURNED, offset=256600726062 ns
        ON_TOKENS_CALLED, generate 1 tokens, offset=257934946077 ns
        ON_TOKENS_RETURNED, offset=257934947445 ns
        ON_TOKENS_CALLED, generate 1 tokens, offset=259296458139 ns
        ON_TOKENS_RETURNED, offset=259296459421 ns
        ON_TOKENS_CALLED, generate 1 tokens, offset=260517063530 ns
        ON_TOKENS_RETURNED, offset=260517065847 ns
        ON_TOKENS_CALLED, generate 1 tokens, offset=261789872228 ns
        ON_TOKENS_RETURNED, offset=261789873570 ns
        ON_TOKENS_CALLED, generate 1 tokens, offset=263070665903 ns
        ON_TOKENS_RETURNED, offset=263070667246 ns
        ON_TOKENS_CALLED, generate 1 tokens, offset=264377249615 ns
        ON_TOKENS_RETURNED, offset=264377251183 ns
        ON_TOKENS_CALLED, generate 1 tokens, offset=265661469941 ns
        ON_TOKENS_RETURNED, offset=265661471323 ns
        ON_TOKENS_CALLED, generate 1 tokens, offset=266982607796 ns
        ON_TOKENS_RETURNED, offset=266982608798 ns
        ON_TOKENS_CALLED, generate 1 tokens, offset=268309792350 ns
        ON_TOKENS_RETURNED, offset=268309794107 ns
        ON_TOKENS_CALLED, generate 1 tokens, offset=269672996607 ns
        ON_TOKENS_RETURNED, offset=269672998299 ns
        ON_TOKENS_CALLED, generate 1 tokens, offset=271036340347 ns
        ON_TOKENS_RETURNED, offset=271036342087 ns
        ON_TOKENS_CALLED, generate 1 tokens, offset=272314808645 ns
        ON_TOKENS_RETURNED, offset=272314810066 ns
        ON_TOKENS_CALLED, generate 1 tokens, offset=273602009768 ns
        ON_TOKENS_RETURNED, offset=273602012166 ns
        ON_TOKENS_CALLED, generate 1 tokens, offset=274911185934 ns
        ON_TOKENS_RETURNED, offset=274911188186 ns
        ON_TOKENS_CALLED, generate 1 tokens, offset=276206026862 ns
        ON_TOKENS_RETURNED, offset=276206029565 ns
        ON_TOKENS_CALLED, generate 1 tokens, offset=277525551373 ns
        ON_TOKENS_RETURNED, offset=277525554345 ns
        ON_TOKENS_CALLED, generate 1 tokens, offset=278859699411 ns
        ON_TOKENS_RETURNED, offset=278859700485 ns
        ON_TOKENS_CALLED, generate 1 tokens, offset=280096349756 ns
        ON_TOKENS_RETURNED, offset=280096351131 ns
        ON_TOKENS_CALLED, generate 1 tokens, offset=281321971400 ns
        ON_TOKENS_RETURNED, offset=281321972547 ns
        ON_TOKENS_CALLED, generate 1 tokens, offset=282565138085 ns
        ON_TOKENS_RETURNED, offset=282565191983 ns
        ON_TOKENS_CALLED, generate 1 tokens, offset=283825567083 ns
        ON_TOKENS_RETURNED, offset=283825572977 ns
[15:59:27.539218561|thread 4077918|cpu 202] [debug] #EVT# HandleDetails::is_anomalous() handle_id=24 time in state STATE_OPENED exceeded threshold: 211205727027 ns
[15:59:27.539221092|thread 4077918|cpu 202] [debug] #EVT#   Handle,    24, Created, 755284869560594, Last, 755568695247279, Prompted,  8191, Generated,    64, Input TPS, 38.79, Output TPS:  0.77, Callbacks,    64, prompt parsing complete, open
[15:59:27.539238211|thread 4077918|cpu 202] [info ] #EVT#   Handle 24 history:
        SESSION_OPEN, prompt 8192 tokens, offset=0 ns
        PROMPT_TOKENS_REUSE, offset=211205724576 ns
        ON_START_CALLED, offset=211205727027 ns
        ON_START_RETURNED, offset=211205796631 ns
        ON_TOKENS_CALLED, generate 1 tokens, offset=211205800910 ns
        ON_TOKENS_RETURNED, offset=211205801903 ns
        ON_TOKENS_CALLED, generate 1 tokens, offset=212047715465 ns
        ON_TOKENS_RETURNED, offset=212047717328 ns
        ON_TOKENS_CALLED, generate 1 tokens, offset=212904819917 ns
        ON_TOKENS_RETURNED, offset=212904821139 ns
        ON_TOKENS_CALLED, generate 1 tokens, offset=213773402188 ns
        ON_TOKENS_RETURNED, offset=213773403207 ns
        ON_TOKENS_CALLED, generate 1 tokens, offset=214656381937 ns
        ON_TOKENS_RETURNED, offset=214656384998 ns
        ON_TOKENS_CALLED, generate 1 tokens, offset=215551585436 ns
        ON_TOKENS_RETURNED, offset=215551586592 ns
        ON_TOKENS_CALLED, generate 1 tokens, offset=216464960351 ns
        ON_TOKENS_RETURNED, offset=216464961724 ns
        ON_TOKENS_CALLED, generate 1 tokens, offset=217391742569 ns
        ON_TOKENS_RETURNED, offset=217391743495 ns
        ON_TOKENS_CALLED, generate 1 tokens, offset=218343014564 ns
        ON_TOKENS_RETURNED, offset=218343018264 ns
        ON_TOKENS_CALLED, generate 1 tokens, offset=219299632005 ns
        ON_TOKENS_RETURNED, offset=219299633135 ns
        ON_TOKENS_CALLED, generate 1 tokens, offset=220280557399 ns
        ON_TOKENS_RETURNED, offset=220280558308 ns
        ON_TOKENS_CALLED, generate 1 tokens, offset=221272605922 ns
        ON_TOKENS_RETURNED, offset=221272607084 ns
        ON_TOKENS_CALLED, generate 1 tokens, offset=222290508063 ns
        ON_TOKENS_RETURNED, offset=222290509321 ns
        ON_TOKENS_CALLED, generate 1 tokens, offset=223319358897 ns
        ON_TOKENS_RETURNED, offset=223319359840 ns
        ON_TOKENS_CALLED, generate 1 tokens, offset=224375967539 ns
        ON_TOKENS_RETURNED, offset=224375968739 ns
        ON_TOKENS_CALLED, generate 1 tokens, offset=225444763311 ns
        ON_TOKENS_RETURNED, offset=225444764669 ns
        ON_TOKENS_CALLED, generate 1 tokens, offset=226414911239 ns
        ON_TOKENS_RETURNED, offset=226414930699 ns
        ON_TOKENS_CALLED, generate 1 tokens, offset=227404433115 ns
        ON_TOKENS_RETURNED, offset=227404435329 ns
        ON_TOKENS_CALLED, generate 1 tokens, offset=228402554135 ns
        ON_TOKENS_RETURNED, offset=228402554884 ns
        ON_TOKENS_CALLED, generate 1 tokens, offset=229423530440 ns
        ON_TOKENS_RETURNED, offset=229423531733 ns
        ON_TOKENS_CALLED, generate 1 tokens, offset=230458453719 ns
        ON_TOKENS_RETURNED, offset=230458454541 ns
        ON_TOKENS_CALLED, generate 1 tokens, offset=231518038919 ns
        ON_TOKENS_RETURNED, offset=231518041204 ns
        ON_TOKENS_CALLED, generate 1 tokens, offset=232589891330 ns
        ON_TOKENS_RETURNED, offset=232589893786 ns
        ON_TOKENS_CALLED, generate 1 tokens, offset=233684735337 ns
        ON_TOKENS_RETURNED, offset=233684736980 ns
        ON_TOKENS_CALLED, generate 1 tokens, offset=234785763787 ns
        ON_TOKENS_RETURNED, offset=234785764523 ns
        ON_TOKENS_CALLED, generate 1 tokens, offset=235919769230 ns
        ON_TOKENS_RETURNED, offset=235919771753 ns
        ON_TOKENS_CALLED, generate 1 tokens, offset=237053781032 ns
        ON_TOKENS_RETURNED, offset=237053784061 ns
        ON_TOKENS_CALLED, generate 1 tokens, offset=238228507236 ns
        ON_TOKENS_RETURNED, offset=238228508593 ns
        ON_TOKENS_CALLED, generate 1 tokens, offset=239408587178 ns
        ON_TOKENS_RETURNED, offset=239408588161 ns
        ON_TOKENS_CALLED, generate 1 tokens, offset=240623660110 ns
        ON_TOKENS_RETURNED, offset=240623661468 ns
        ON_TOKENS_CALLED, generate 1 tokens, offset=241841924760 ns
        ON_TOKENS_RETURNED, offset=241841926062 ns
        ON_TOKENS_CALLED, generate 1 tokens, offset=243089919761 ns
        ON_TOKENS_RETURNED, offset=243089929380 ns
        ON_TOKENS_CALLED, generate 1 tokens, offset=244343437650 ns
        ON_TOKENS_RETURNED, offset=244343439100 ns
        ON_TOKENS_CALLED, generate 1 tokens, offset=245480152858 ns
        ON_TOKENS_RETURNED, offset=245480154088 ns
        ON_TOKENS_CALLED, generate 1 tokens, offset=246645972698 ns
        ON_TOKENS_RETURNED, offset=246645974120 ns
        ON_TOKENS_CALLED, generate 1 tokens, offset=247826000456 ns
        ON_TOKENS_RETURNED, offset=247826002558 ns
        ON_TOKENS_CALLED, generate 1 tokens, offset=249025886447 ns
        ON_TOKENS_RETURNED, offset=249025887940 ns
        ON_TOKENS_CALLED, generate 1 tokens, offset=250230106845 ns
        ON_TOKENS_RETURNED, offset=250230109143 ns
        ON_TOKENS_CALLED, generate 1 tokens, offset=251469871788 ns
        ON_TOKENS_RETURNED, offset=251469872986 ns
        ON_TOKENS_CALLED, generate 1 tokens, offset=252724872399 ns
        ON_TOKENS_RETURNED, offset=252724873709 ns
        ON_TOKENS_CALLED, generate 1 tokens, offset=254000013062 ns
        ON_TOKENS_RETURNED, offset=254000014531 ns
        ON_TOKENS_CALLED, generate 1 tokens, offset=255280789132 ns
        ON_TOKENS_RETURNED, offset=255280791828 ns
        ON_TOKENS_CALLED, generate 1 tokens, offset=256600838371 ns
        ON_TOKENS_RETURNED, offset=256600839718 ns
        ON_TOKENS_CALLED, generate 1 tokens, offset=257935055122 ns
        ON_TOKENS_RETURNED, offset=257935057273 ns
        ON_TOKENS_CALLED, generate 1 tokens, offset=259296572570 ns
        ON_TOKENS_RETURNED, offset=259296573880 ns
        ON_TOKENS_CALLED, generate 1 tokens, offset=260517177758 ns
        ON_TOKENS_RETURNED, offset=260517180630 ns
        ON_TOKENS_CALLED, generate 1 tokens, offset=261789985495 ns
        ON_TOKENS_RETURNED, offset=261789986633 ns
        ON_TOKENS_CALLED, generate 1 tokens, offset=263070780290 ns
        ON_TOKENS_RETURNED, offset=263070782220 ns
        ON_TOKENS_CALLED, generate 1 tokens, offset=264377362822 ns
        ON_TOKENS_RETURNED, offset=264377364092 ns
        ON_TOKENS_CALLED, generate 1 tokens, offset=265661582791 ns
        ON_TOKENS_RETURNED, offset=265661584224 ns
        ON_TOKENS_CALLED, generate 1 tokens, offset=266982721164 ns
        ON_TOKENS_RETURNED, offset=266982722601 ns
        ON_TOKENS_CALLED, generate 1 tokens, offset=268309907522 ns
        ON_TOKENS_RETURNED, offset=268309908393 ns
        ON_TOKENS_CALLED, generate 1 tokens, offset=269673111975 ns
        ON_TOKENS_RETURNED, offset=269673114588 ns
        ON_TOKENS_CALLED, generate 1 tokens, offset=271036455400 ns
        ON_TOKENS_RETURNED, offset=271036457072 ns
        ON_TOKENS_CALLED, generate 1 tokens, offset=272314922838 ns
        ON_TOKENS_RETURNED, offset=272314925469 ns
        ON_TOKENS_CALLED, generate 1 tokens, offset=273602126388 ns
        ON_TOKENS_RETURNED, offset=273602127840 ns
        ON_TOKENS_CALLED, generate 1 tokens, offset=274911304098 ns
        ON_TOKENS_RETURNED, offset=274911305634 ns
        ON_TOKENS_CALLED, generate 1 tokens, offset=276206141614 ns
        ON_TOKENS_RETURNED, offset=276206144482 ns
        ON_TOKENS_CALLED, generate 1 tokens, offset=277525664587 ns
        ON_TOKENS_RETURNED, offset=277525667417 ns
        ON_TOKENS_CALLED, generate 1 tokens, offset=278859819637 ns
        ON_TOKENS_RETURNED, offset=278859821349 ns
        ON_TOKENS_CALLED, generate 1 tokens, offset=280096462783 ns
        ON_TOKENS_RETURNED, offset=280096464018 ns
        ON_TOKENS_CALLED, generate 1 tokens, offset=281322078214 ns
        ON_TOKENS_RETURNED, offset=281322080056 ns
        ON_TOKENS_CALLED, generate 1 tokens, offset=282565251946 ns
        ON_TOKENS_RETURNED, offset=282565282035 ns
        ON_TOKENS_CALLED, generate 1 tokens, offset=283825681504 ns
        ON_TOKENS_RETURNED, offset=283825686685 ns
[15:59:31.339282649|thread 4075090|cpu 202] [info ] [Request 38] Generating 61 response tokens with 8193 context took 71.468648 s at 0.854 average tok/s, or 1171.617 ms/tok
[15:59:31.339303583|thread 4075090|cpu 202] [info ] [Request 38] Request with 8192 tokens in and 64 out (sequence limit) saw 225.444603 s TTFT and 297.883401 s TTLT
[15:59:33.455319606|thread 4077917|cpu 202] [info ] KV cache footprint: 48.36 GB in 221 books
[15:59:33.739533015|thread 4077918|cpu 202] [info ] #EVT# SYSTEM_STATS: Sessions: Open=34, Closed=0, Busy=0, Total=0, Abandoned=22, Anomalous=22; Tokens: Prompted=0, Generated=0, AvgInputTPS=-nan, AvgOutputTPS=-nan
[15:59:33.739570395|thread 4077918|cpu 202] [info ] #EVT# Harvester stats: pushes=3440, pops=3440, slabs_alloc=289, slabs_freed=1, largest_slab=64, active_queues=12. TokenStreamEvent size: 48
[15:59:33.739573659|thread 4077918|cpu 202] [info ] #EVT# 536 history events in 34 active handles
[15:59:37.880056803|thread 4075097|cpu 202] [info ] [Request 45] Parsing the prompt took 304.423991591 s at 26.909837024297754 tokens/s
[15:59:42.115277505|thread 4077917|cpu 202] [info ] KV cache footprint: 49.46 GB in 226 books
[15:59:42.752956332|thread 4077918|cpu 202] [debug] #EVT# HandleDetails::is_anomalous() handle_id=38 time in state STATE_OPENED exceeded threshold: 225444596545 ns
[15:59:42.752988872|thread 4077918|cpu 202] [debug] #EVT#   Handle,    38, Created, 755284869731487, Last, 755583812034752, Prompted,  8191, Generated,    64, Input TPS, 36.34, Output TPS:  0.76, Callbacks,    64, prompt parsing complete, open
[15:59:42.753023615|thread 4077918|cpu 202] [info ] #EVT#   Handle 38 history:
        SESSION_OPEN, prompt 8192 tokens, offset=0 ns
        PROMPT_TOKENS_REUSE, offset=225444594828 ns
        ON_START_CALLED, offset=225444596545 ns
        ON_START_RETURNED, offset=225444638738 ns
        ON_TOKENS_CALLED, generate 1 tokens, offset=225444643584 ns
        ON_TOKENS_RETURNED, offset=225444645612 ns
        ON_TOKENS_CALLED, generate 1 tokens, offset=226414746701 ns
        ON_TOKENS_RETURNED, offset=226414749307 ns
        ON_TOKENS_CALLED, generate 1 tokens, offset=227404267866 ns
        ON_TOKENS_RETURNED, offset=227404275484 ns
        ON_TOKENS_CALLED, generate 1 tokens, offset=228402386961 ns
        ON_TOKENS_RETURNED, offset=228402388123 ns
        ON_TOKENS_CALLED, generate 1 tokens, offset=229423365436 ns
        ON_TOKENS_RETURNED, offset=229423368423 ns
        ON_TOKENS_CALLED, generate 1 tokens, offset=230458291796 ns
        ON_TOKENS_RETURNED, offset=230458292945 ns
        ON_TOKENS_CALLED, generate 1 tokens, offset=231517873048 ns
        ON_TOKENS_RETURNED, offset=231517875272 ns
        ON_TOKENS_CALLED, generate 1 tokens, offset=232589724659 ns
        ON_TOKENS_RETURNED, offset=232589725875 ns
        ON_TOKENS_CALLED, generate 1 tokens, offset=233684570526 ns
        ON_TOKENS_RETURNED, offset=233684576201 ns
        ON_TOKENS_CALLED, generate 1 tokens, offset=234785595769 ns
        ON_TOKENS_RETURNED, offset=234785597083 ns
        ON_TOKENS_CALLED, generate 1 tokens, offset=235919607173 ns
        ON_TOKENS_RETURNED, offset=235919608091 ns
        ON_TOKENS_CALLED, generate 1 tokens, offset=237053615799 ns
        ON_TOKENS_RETURNED, offset=237053617131 ns
        ON_TOKENS_CALLED, generate 1 tokens, offset=238228343062 ns
        ON_TOKENS_RETURNED, offset=238228345019 ns
        ON_TOKENS_CALLED, generate 1 tokens, offset=239408421676 ns
        ON_TOKENS_RETURNED, offset=239408422638 ns
        ON_TOKENS_CALLED, generate 1 tokens, offset=240623485735 ns
        ON_TOKENS_RETURNED, offset=240623486905 ns
        ON_TOKENS_CALLED, generate 1 tokens, offset=241841759883 ns
        ON_TOKENS_RETURNED, offset=241841760995 ns
        ON_TOKENS_CALLED, generate 1 tokens, offset=243089054173 ns
        ON_TOKENS_RETURNED, offset=243089086827 ns
        ON_TOKENS_CALLED, generate 1 tokens, offset=244343275552 ns
        ON_TOKENS_RETURNED, offset=244343276463 ns
        ON_TOKENS_CALLED, generate 1 tokens, offset=245479979877 ns
        ON_TOKENS_RETURNED, offset=245479981077 ns
        ON_TOKENS_CALLED, generate 1 tokens, offset=246645802677 ns
        ON_TOKENS_RETURNED, offset=246645804197 ns
        ON_TOKENS_CALLED, generate 1 tokens, offset=247825835758 ns
        ON_TOKENS_RETURNED, offset=247825836995 ns
        ON_TOKENS_CALLED, generate 1 tokens, offset=249025720211 ns
        ON_TOKENS_RETURNED, offset=249025721336 ns
        ON_TOKENS_CALLED, generate 1 tokens, offset=250229940264 ns
        ON_TOKENS_RETURNED, offset=250229941219 ns
        ON_TOKENS_CALLED, generate 1 tokens, offset=251469709332 ns
        ON_TOKENS_RETURNED, offset=251469711449 ns
        ON_TOKENS_CALLED, generate 1 tokens, offset=252724698865 ns
        ON_TOKENS_RETURNED, offset=252724699705 ns
        ON_TOKENS_CALLED, generate 1 tokens, offset=253999845106 ns
        ON_TOKENS_RETURNED, offset=253999846226 ns
        ON_TOKENS_CALLED, generate 1 tokens, offset=255280623950 ns
        ON_TOKENS_RETURNED, offset=255280625922 ns
        ON_TOKENS_CALLED, generate 1 tokens, offset=256600672774 ns
        ON_TOKENS_RETURNED, offset=256600674034 ns
        ON_TOKENS_CALLED, generate 1 tokens, offset=257934889871 ns
        ON_TOKENS_RETURNED, offset=257934890783 ns
        ON_TOKENS_CALLED, generate 1 tokens, offset=259296405344 ns
        ON_TOKENS_RETURNED, offset=259296406706 ns
        ON_TOKENS_CALLED, generate 1 tokens, offset=260517012600 ns
        ON_TOKENS_RETURNED, offset=260517013568 ns
        ON_TOKENS_CALLED, generate 1 tokens, offset=261789821633 ns
        ON_TOKENS_RETURNED, offset=261789822406 ns
        ON_TOKENS_CALLED, generate 1 tokens, offset=263070612511 ns
        ON_TOKENS_RETURNED, offset=263070614356 ns
        ON_TOKENS_CALLED, generate 1 tokens, offset=264377197144 ns
        ON_TOKENS_RETURNED, offset=264377198555 ns
        ON_TOKENS_CALLED, generate 1 tokens, offset=265661420593 ns
        ON_TOKENS_RETURNED, offset=265661421443 ns
        ON_TOKENS_CALLED, generate 1 tokens, offset=266982557094 ns
        ON_TOKENS_RETURNED, offset=266982558446 ns
        ON_TOKENS_CALLED, generate 1 tokens, offset=268309744835 ns
        ON_TOKENS_RETURNED, offset=268309746151 ns
        ON_TOKENS_CALLED, generate 1 tokens, offset=269672945195 ns
        ON_TOKENS_RETURNED, offset=269672946396 ns
        ON_TOKENS_CALLED, generate 1 tokens, offset=271036287383 ns
        ON_TOKENS_RETURNED, offset=271036289707 ns
        ON_TOKENS_CALLED, generate 1 tokens, offset=272314757779 ns
        ON_TOKENS_RETURNED, offset=272314759127 ns
        ON_TOKENS_CALLED, generate 1 tokens, offset=273601960119 ns
        ON_TOKENS_RETURNED, offset=273601962978 ns
        ON_TOKENS_CALLED, generate 1 tokens, offset=274911136363 ns
        ON_TOKENS_RETURNED, offset=274911137880 ns
        ON_TOKENS_CALLED, generate 1 tokens, offset=276205975722 ns
        ON_TOKENS_RETURNED, offset=276205978183 ns
        ON_TOKENS_CALLED, generate 1 tokens, offset=277525501746 ns
        ON_TOKENS_RETURNED, offset=277525502582 ns
        ON_TOKENS_CALLED, generate 1 tokens, offset=278859645955 ns
        ON_TOKENS_RETURNED, offset=278859647447 ns
        ON_TOKENS_CALLED, generate 1 tokens, offset=280096297079 ns
        ON_TOKENS_RETURNED, offset=280096298507 ns
        ON_TOKENS_CALLED, generate 1 tokens, offset=281321918253 ns
        ON_TOKENS_RETURNED, offset=281321919318 ns
        ON_TOKENS_CALLED, generate 1 tokens, offset=282565086732 ns
        ON_TOKENS_RETURNED, offset=282565088147 ns
        ON_TOKENS_CALLED, generate 1 tokens, offset=283825519688 ns
        ON_TOKENS_RETURNED, offset=283825522178 ns
        ON_TOKENS_CALLED, generate 1 tokens, offset=284763189341 ns
        ON_TOKENS_RETURNED, offset=284763190421 ns
        ON_TOKENS_CALLED, generate 1 tokens, offset=285729443510 ns
        ON_TOKENS_RETURNED, offset=285729445089 ns
        ON_TOKENS_CALLED, generate 1 tokens, offset=286709902676 ns
        ON_TOKENS_RETURNED, offset=286709903824 ns
        ON_TOKENS_CALLED, generate 1 tokens, offset=287707043391 ns
        ON_TOKENS_RETURNED, offset=287707046338 ns
        ON_TOKENS_CALLED, generate 1 tokens, offset=288717617331 ns
        ON_TOKENS_RETURNED, offset=288717620571 ns
        ON_TOKENS_CALLED, generate 1 tokens, offset=289745325343 ns
        ON_TOKENS_RETURNED, offset=289745326825 ns
        ON_TOKENS_CALLED, generate 1 tokens, offset=290787182384 ns
        ON_TOKENS_RETURNED, offset=290787184146 ns
        ON_TOKENS_CALLED, generate 1 tokens, offset=291849318875 ns
        ON_TOKENS_RETURNED, offset=291849321681 ns
        ON_TOKENS_CALLED, generate 1 tokens, offset=292806418307 ns
        ON_TOKENS_RETURNED, offset=292806419871 ns
        ON_TOKENS_CALLED, generate 1 tokens, offset=293794177158 ns
        ON_TOKENS_RETURNED, offset=293794179881 ns
        ON_TOKENS_CALLED, generate 1 tokens, offset=294795390064 ns
        ON_TOKENS_RETURNED, offset=294795392064 ns
        ON_TOKENS_CALLED, generate 1 tokens, offset=295810707305 ns
        ON_TOKENS_RETURNED, offset=295810707947 ns
        ON_TOKENS_CALLED, generate 1 tokens, offset=296837186831 ns
        ON_TOKENS_RETURNED, offset=296837189190 ns
        ON_TOKENS_CALLED, generate 1 tokens, offset=297883394227 ns
        ON_TOKENS_RETURNED, offset=297883422755 ns
        ON_TOKENS_CALLED, generate 1 tokens, offset=298942297993 ns
        ON_TOKENS_RETURNED, offset=298942303265 ns
[15:59:50.201939130|thread 4075090|cpu 202] [info ] [Request 41] Generating 61 response tokens with 8193 context took 71.266063 s at 0.856 average tok/s, or 1168.296 ms/tok
[15:59:50.201969214|thread 4075090|cpu 202] [info ] [Request 41] Request with 8192 tokens in and 64 out (sequence limit) saw 244.343224 s TTFT and 316.746003 s TTLT
[15:59:50.202342229|thread 4077917|cpu 202] [info ] KV cache footprint: 50.55 GB in 231 books
[15:59:52.668876707|thread 4075097|cpu 202] [info ] [Request 8] Parsing the prompt took 319.213348966 s at 25.663087168928342 tokens/s
[16:00:00.924515483|thread 4077917|cpu 202] [info ] KV cache footprint: 51.69 GB in 237 books
[16:00:01.625829099|thread 4077918|cpu 202] [debug] #EVT# HandleDetails::is_anomalous() handle_id=41 time in state STATE_OPENED exceeded threshold: 244343206441 ns
[16:00:01.625877935|thread 4077918|cpu 202] [debug] #EVT#   Handle,    41, Created, 755284869796357, Last, 755602852210804, Prompted,  8191, Generated,    64, Input TPS, 33.53, Output TPS:  0.76, Callbacks,    64, prompt parsing complete, open
[16:00:01.625921275|thread 4077918|cpu 202] [info ] #EVT#   Handle 41 history:
        SESSION_OPEN, prompt 8192 tokens, offset=0 ns
        PROMPT_TOKENS_REUSE, offset=244343202502 ns
        ON_START_CALLED, offset=244343206441 ns
        ON_START_RETURNED, offset=244343236829 ns
        ON_TOKENS_CALLED, generate 1 tokens, offset=244343246783 ns
        ON_TOKENS_RETURNED, offset=244343247763 ns
        ON_TOKENS_CALLED, generate 1 tokens, offset=245479923126 ns
        ON_TOKENS_RETURNED, offset=245479924596 ns
        ON_TOKENS_CALLED, generate 1 tokens, offset=246645739193 ns
        ON_TOKENS_RETURNED, offset=246645740157 ns
        ON_TOKENS_CALLED, generate 1 tokens, offset=247825771598 ns
        ON_TOKENS_RETURNED, offset=247825772687 ns
        ON_TOKENS_CALLED, generate 1 tokens, offset=249025657905 ns
        ON_TOKENS_RETURNED, offset=249025660907 ns
        ON_TOKENS_CALLED, generate 1 tokens, offset=250229875897 ns
        ON_TOKENS_RETURNED, offset=250229877030 ns
        ON_TOKENS_CALLED, generate 1 tokens, offset=251469645109 ns
        ON_TOKENS_RETURNED, offset=251469647453 ns
        ON_TOKENS_CALLED, generate 1 tokens, offset=252724639316 ns
        ON_TOKENS_RETURNED, offset=252724640273 ns
        ON_TOKENS_CALLED, generate 1 tokens, offset=253999784610 ns
        ON_TOKENS_RETURNED, offset=253999789937 ns
        ON_TOKENS_CALLED, generate 1 tokens, offset=255280559559 ns
        ON_TOKENS_RETURNED, offset=255280561942 ns
        ON_TOKENS_CALLED, generate 1 tokens, offset=256600610392 ns
        ON_TOKENS_RETURNED, offset=256600611624 ns
        ON_TOKENS_CALLED, generate 1 tokens, offset=257934825136 ns
        ON_TOKENS_RETURNED, offset=257934827202 ns
        ON_TOKENS_CALLED, generate 1 tokens, offset=259296342191 ns
        ON_TOKENS_RETURNED, offset=259296343333 ns
        ON_TOKENS_CALLED, generate 1 tokens, offset=260516947905 ns
        ON_TOKENS_RETURNED, offset=260516949146 ns
        ON_TOKENS_CALLED, generate 1 tokens, offset=261789762281 ns
        ON_TOKENS_RETURNED, offset=261789763621 ns
        ON_TOKENS_CALLED, generate 1 tokens, offset=263070551662 ns
        ON_TOKENS_RETURNED, offset=263070552855 ns
        ON_TOKENS_CALLED, generate 1 tokens, offset=264377135961 ns
        ON_TOKENS_RETURNED, offset=264377140176 ns
        ON_TOKENS_CALLED, generate 1 tokens, offset=265661355479 ns
        ON_TOKENS_RETURNED, offset=265661356953 ns
        ON_TOKENS_CALLED, generate 1 tokens, offset=266982491639 ns
        ON_TOKENS_RETURNED, offset=266982494247 ns
        ON_TOKENS_CALLED, generate 1 tokens, offset=268309681800 ns
        ON_TOKENS_RETURNED, offset=268309682711 ns
        ON_TOKENS_CALLED, generate 1 tokens, offset=269672882453 ns
        ON_TOKENS_RETURNED, offset=269672883011 ns
        ON_TOKENS_CALLED, generate 1 tokens, offset=271036224424 ns
        ON_TOKENS_RETURNED, offset=271036225473 ns
        ON_TOKENS_CALLED, generate 1 tokens, offset=272314694057 ns
        ON_TOKENS_RETURNED, offset=272314695357 ns
        ON_TOKENS_CALLED, generate 1 tokens, offset=273601896125 ns
        ON_TOKENS_RETURNED, offset=273601898375 ns
        ON_TOKENS_CALLED, generate 1 tokens, offset=274911073436 ns
        ON_TOKENS_RETURNED, offset=274911074415 ns
        ON_TOKENS_CALLED, generate 1 tokens, offset=276205917310 ns
        ON_TOKENS_RETURNED, offset=276205918652 ns
        ON_TOKENS_CALLED, generate 1 tokens, offset=277525436039 ns
        ON_TOKENS_RETURNED, offset=277525437078 ns
        ON_TOKENS_CALLED, generate 1 tokens, offset=278859579534 ns
        ON_TOKENS_RETURNED, offset=278859581360 ns
        ON_TOKENS_CALLED, generate 1 tokens, offset=280096234495 ns
        ON_TOKENS_RETURNED, offset=280096235644 ns
        ON_TOKENS_CALLED, generate 1 tokens, offset=281321854810 ns
        ON_TOKENS_RETURNED, offset=281321856584 ns
        ON_TOKENS_CALLED, generate 1 tokens, offset=282565027865 ns
        ON_TOKENS_RETURNED, offset=282565029316 ns
        ON_TOKENS_CALLED, generate 1 tokens, offset=283825452788 ns
        ON_TOKENS_RETURNED, offset=283825454576 ns
        ON_TOKENS_CALLED, generate 1 tokens, offset=284763117637 ns
        ON_TOKENS_RETURNED, offset=284763119610 ns
        ON_TOKENS_CALLED, generate 1 tokens, offset=285729379425 ns
        ON_TOKENS_RETURNED, offset=285729381082 ns
        ON_TOKENS_CALLED, generate 1 tokens, offset=286709839214 ns
        ON_TOKENS_RETURNED, offset=286709840692 ns
        ON_TOKENS_CALLED, generate 1 tokens, offset=287706981779 ns
        ON_TOKENS_RETURNED, offset=287706984838 ns
        ON_TOKENS_CALLED, generate 1 tokens, offset=288717554753 ns
        ON_TOKENS_RETURNED, offset=288717557931 ns
        ON_TOKENS_CALLED, generate 1 tokens, offset=289745262129 ns
        ON_TOKENS_RETURNED, offset=289745265444 ns
        ON_TOKENS_CALLED, generate 1 tokens, offset=290787112442 ns
        ON_TOKENS_RETURNED, offset=290787115865 ns
        ON_TOKENS_CALLED, generate 1 tokens, offset=291849265417 ns
        ON_TOKENS_RETURNED, offset=291849267384 ns
        ON_TOKENS_CALLED, generate 1 tokens, offset=292806353767 ns
        ON_TOKENS_RETURNED, offset=292806355433 ns
        ON_TOKENS_CALLED, generate 1 tokens, offset=293794116771 ns
        ON_TOKENS_RETURNED, offset=293794119167 ns
        ON_TOKENS_CALLED, generate 1 tokens, offset=294795344954 ns
        ON_TOKENS_RETURNED, offset=294795346135 ns
        ON_TOKENS_CALLED, generate 1 tokens, offset=295810645137 ns
        ON_TOKENS_RETURNED, offset=295810646366 ns
        ON_TOKENS_CALLED, generate 1 tokens, offset=296837122669 ns
        ON_TOKENS_RETURNED, offset=296837126077 ns
        ON_TOKENS_CALLED, generate 1 tokens, offset=297883330267 ns
        ON_TOKENS_RETURNED, offset=297883331720 ns
        ON_TOKENS_CALLED, generate 1 tokens, offset=298942245494 ns
        ON_TOKENS_RETURNED, offset=298942246847 ns
        ON_TOKENS_CALLED, generate 1 tokens, offset=299998835091 ns
        ON_TOKENS_RETURNED, offset=299998836905 ns
        ON_TOKENS_CALLED, generate 1 tokens, offset=301075337345 ns
        ON_TOKENS_RETURNED, offset=301075339169 ns
        ON_TOKENS_CALLED, generate 1 tokens, offset=302174919343 ns
        ON_TOKENS_RETURNED, offset=302174921391 ns
        ON_TOKENS_CALLED, generate 1 tokens, offset=303285977256 ns
        ON_TOKENS_RETURNED, offset=303285979152 ns
        ON_TOKENS_CALLED, generate 1 tokens, offset=304424102211 ns
        ON_TOKENS_RETURNED, offset=304424104444 ns
        ON_TOKENS_CALLED, generate 1 tokens, offset=305451597014 ns
        ON_TOKENS_RETURNED, offset=305451599081 ns
        ON_TOKENS_CALLED, generate 1 tokens, offset=306505439613 ns
        ON_TOKENS_RETURNED, offset=306505441308 ns
        ON_TOKENS_CALLED, generate 1 tokens, offset=307571753183 ns
        ON_TOKENS_RETURNED, offset=307571755061 ns
        ON_TOKENS_CALLED, generate 1 tokens, offset=308659111766 ns
        ON_TOKENS_RETURNED, offset=308659113681 ns
        ON_TOKENS_CALLED, generate 1 tokens, offset=309760028918 ns
        ON_TOKENS_RETURNED, offset=309760031987 ns
        ON_TOKENS_CALLED, generate 1 tokens, offset=310881567709 ns
        ON_TOKENS_RETURNED, offset=310881570084 ns
        ON_TOKENS_CALLED, generate 1 tokens, offset=312016457566 ns
        ON_TOKENS_RETURNED, offset=312016459160 ns
        ON_TOKENS_CALLED, generate 1 tokens, offset=313174507025 ns
        ON_TOKENS_RETURNED, offset=313174508974 ns
        ON_TOKENS_CALLED, generate 1 tokens, offset=314344039970 ns
        ON_TOKENS_RETURNED, offset=314344041566 ns
        ON_TOKENS_CALLED, generate 1 tokens, offset=315539311640 ns
        ON_TOKENS_RETURNED, offset=315539314648 ns
        ON_TOKENS_CALLED, generate 1 tokens, offset=316745985066 ns
        ON_TOKENS_RETURNED, offset=316746024710 ns
        ON_TOKENS_CALLED, generate 1 tokens, offset=317982409287 ns
        ON_TOKENS_RETURNED, offset=317982414447 ns
[16:00:04.760470959|thread 4075090|cpu 202] [info ] [Request 48] Generating 61 response tokens with 8193 context took 70.787564 s at 0.862 average tok/s, or 1160.452 ms/tok
[16:00:04.760509450|thread 4075090|cpu 202] [info ] [Request 48] Request with 8192 tokens in and 64 out (sequence limit) saw 259.296093 s TTFT and 331.304266 s TTLT
[16:00:06.090089267|thread 4075098|cpu 202] [info ] [Request 54] Parsing the prompt took 332.633695975 s at 24.6276913587723 tokens/s
[16:00:08.513850979|thread 4077917|cpu 202] [info ] KV cache footprint: 52.79 GB in 242 books
[16:00:16.179613089|thread 4075090|cpu 202] [info ] [Request 49] Generating 61 response tokens with 8193 context took 70.408948 s at 0.866 average tok/s, or 1154.245 ms/tok
[16:00:16.179640836|thread 4075090|cpu 202] [info ] [Request 49] Request with 8192 tokens in and 64 out (sequence limit) saw 271.035943 s TTFT and 342.723377 s TTLT
[16:00:16.179622583|thread 4075098|cpu 202] [info ] [Request 9] Parsing the prompt took 342.724082491 s at 23.90260976251975 tokens/s
[16:00:16.273478861|thread 4077918|cpu 202] [debug] #EVT# HandleDetails::is_anomalous() handle_id=48 time in state STATE_OPENED exceeded threshold: 259296078334 ns
[16:00:16.273503739|thread 4077918|cpu 202] [debug] #EVT#   Handle,    48, Created, 755284870061804, Last, 755617503924009, Prompted,  8191, Generated,    64, Input TPS, 31.59, Output TPS:  0.77, Callbacks,    64, prompt parsing complete, open
[16:00:16.273529361|thread 4077918|cpu 202] [info ] #EVT#   Handle 48 history:
        SESSION_OPEN, prompt 8192 tokens, offset=0 ns
        PROMPT_TOKENS_REUSE, offset=259296076099 ns
        ON_START_CALLED, offset=259296078334 ns
        ON_START_RETURNED, offset=259296130966 ns
        ON_TOKENS_CALLED, generate 1 tokens, offset=259296138351 ns
        ON_TOKENS_RETURNED, offset=259296141384 ns
        ON_TOKENS_CALLED, generate 1 tokens, offset=260516687071 ns
        ON_TOKENS_RETURNED, offset=260516689804 ns
        ON_TOKENS_CALLED, generate 1 tokens, offset=261789495326 ns
        ON_TOKENS_RETURNED, offset=261789498945 ns
        ON_TOKENS_CALLED, generate 1 tokens, offset=263070285811 ns
        ON_TOKENS_RETURNED, offset=263070288426 ns
        ON_TOKENS_CALLED, generate 1 tokens, offset=264376872684 ns
        ON_TOKENS_RETURNED, offset=264376876342 ns
        ON_TOKENS_CALLED, generate 1 tokens, offset=265661090788 ns
        ON_TOKENS_RETURNED, offset=265661092775 ns
        ON_TOKENS_CALLED, generate 1 tokens, offset=266982227998 ns
        ON_TOKENS_RETURNED, offset=266982229649 ns
        ON_TOKENS_CALLED, generate 1 tokens, offset=268309413472 ns
        ON_TOKENS_RETURNED, offset=268309414407 ns
        ON_TOKENS_CALLED, generate 1 tokens, offset=269672625200 ns
        ON_TOKENS_RETURNED, offset=269672626806 ns
        ON_TOKENS_CALLED, generate 1 tokens, offset=271035962781 ns
        ON_TOKENS_RETURNED, offset=271035963645 ns
        ON_TOKENS_CALLED, generate 1 tokens, offset=272314429895 ns
        ON_TOKENS_RETURNED, offset=272314431472 ns
        ON_TOKENS_CALLED, generate 1 tokens, offset=273601631728 ns
        ON_TOKENS_RETURNED, offset=273601634139 ns
        ON_TOKENS_CALLED, generate 1 tokens, offset=274910808834 ns
        ON_TOKENS_RETURNED, offset=274910811089 ns
        ON_TOKENS_CALLED, generate 1 tokens, offset=276205650543 ns
        ON_TOKENS_RETURNED, offset=276205651682 ns
        ON_TOKENS_CALLED, generate 1 tokens, offset=277525174620 ns
        ON_TOKENS_RETURNED, offset=277525175850 ns
        ON_TOKENS_CALLED, generate 1 tokens, offset=278859314436 ns
        ON_TOKENS_RETURNED, offset=278859317004 ns
        ON_TOKENS_CALLED, generate 1 tokens, offset=280095969660 ns
        ON_TOKENS_RETURNED, offset=280095973934 ns
        ON_TOKENS_CALLED, generate 1 tokens, offset=281321591455 ns
        ON_TOKENS_RETURNED, offset=281321592607 ns
        ON_TOKENS_CALLED, generate 1 tokens, offset=282564759810 ns
        ON_TOKENS_RETURNED, offset=282564761143 ns
        ON_TOKENS_CALLED, generate 1 tokens, offset=283825190033 ns
        ON_TOKENS_RETURNED, offset=283825192068 ns
        ON_TOKENS_CALLED, generate 1 tokens, offset=284762848510 ns
        ON_TOKENS_RETURNED, offset=284762850427 ns
        ON_TOKENS_CALLED, generate 1 tokens, offset=285729115716 ns
        ON_TOKENS_RETURNED, offset=285729116552 ns
        ON_TOKENS_CALLED, generate 1 tokens, offset=286709576285 ns
        ON_TOKENS_RETURNED, offset=286709577783 ns
        ON_TOKENS_CALLED, generate 1 tokens, offset=287706717061 ns
        ON_TOKENS_RETURNED, offset=287706718848 ns
        ON_TOKENS_CALLED, generate 1 tokens, offset=288717290844 ns
        ON_TOKENS_RETURNED, offset=288717291985 ns
        ON_TOKENS_CALLED, generate 1 tokens, offset=289745000360 ns
        ON_TOKENS_RETURNED, offset=289745002510 ns
        ON_TOKENS_CALLED, generate 1 tokens, offset=290786848488 ns
        ON_TOKENS_RETURNED, offset=290786850163 ns
        ON_TOKENS_CALLED, generate 1 tokens, offset=291848999030 ns
        ON_TOKENS_RETURNED, offset=291849001193 ns
        ON_TOKENS_CALLED, generate 1 tokens, offset=292806089003 ns
        ON_TOKENS_RETURNED, offset=292806091015 ns
        ON_TOKENS_CALLED, generate 1 tokens, offset=293793850437 ns
        ON_TOKENS_RETURNED, offset=293793851689 ns
        ON_TOKENS_CALLED, generate 1 tokens, offset=294795071945 ns
        ON_TOKENS_RETURNED, offset=294795073681 ns
        ON_TOKENS_CALLED, generate 1 tokens, offset=295810381208 ns
        ON_TOKENS_RETURNED, offset=295810381965 ns
        ON_TOKENS_CALLED, generate 1 tokens, offset=296836859978 ns
        ON_TOKENS_RETURNED, offset=296836863434 ns
        ON_TOKENS_CALLED, generate 1 tokens, offset=297883066999 ns
        ON_TOKENS_RETURNED, offset=297883068073 ns
        ON_TOKENS_CALLED, generate 1 tokens, offset=298941975959 ns
        ON_TOKENS_RETURNED, offset=298941977104 ns
        ON_TOKENS_CALLED, generate 1 tokens, offset=299998566825 ns
        ON_TOKENS_RETURNED, offset=299998568362 ns
        ON_TOKENS_CALLED, generate 1 tokens, offset=301075078113 ns
        ON_TOKENS_RETURNED, offset=301075080962 ns
        ON_TOKENS_CALLED, generate 1 tokens, offset=302174657029 ns
        ON_TOKENS_RETURNED, offset=302174658992 ns
        ON_TOKENS_CALLED, generate 1 tokens, offset=303285713288 ns
        ON_TOKENS_RETURNED, offset=303285714248 ns
        ON_TOKENS_CALLED, generate 1 tokens, offset=304423829172 ns
        ON_TOKENS_RETURNED, offset=304423831065 ns
        ON_TOKENS_CALLED, generate 1 tokens, offset=305451333482 ns
        ON_TOKENS_RETURNED, offset=305451334640 ns
        ON_TOKENS_CALLED, generate 1 tokens, offset=306505175901 ns
        ON_TOKENS_RETURNED, offset=306505177439 ns
        ON_TOKENS_CALLED, generate 1 tokens, offset=307571489695 ns
        ON_TOKENS_RETURNED, offset=307571491246 ns
        ON_TOKENS_CALLED, generate 1 tokens, offset=308658849793 ns
        ON_TOKENS_RETURNED, offset=308658852247 ns
        ON_TOKENS_CALLED, generate 1 tokens, offset=309759767992 ns
        ON_TOKENS_RETURNED, offset=309759769196 ns
        ON_TOKENS_CALLED, generate 1 tokens, offset=310881299282 ns
        ON_TOKENS_RETURNED, offset=310881302440 ns
        ON_TOKENS_CALLED, generate 1 tokens, offset=312016193404 ns
        ON_TOKENS_RETURNED, offset=312016194527 ns
        ON_TOKENS_CALLED, generate 1 tokens, offset=313174251792 ns
        ON_TOKENS_RETURNED, offset=313174253192 ns
        ON_TOKENS_CALLED, generate 1 tokens, offset=314343776749 ns
        ON_TOKENS_RETURNED, offset=314343778049 ns
        ON_TOKENS_CALLED, generate 1 tokens, offset=315539042529 ns
        ON_TOKENS_RETURNED, offset=315539043564 ns
        ON_TOKENS_CALLED, generate 1 tokens, offset=316745720651 ns
        ON_TOKENS_RETURNED, offset=316745721886 ns
        ON_TOKENS_CALLED, generate 1 tokens, offset=317982140957 ns
        ON_TOKENS_RETURNED, offset=317982142417 ns
        ON_TOKENS_CALLED, generate 1 tokens, offset=319212645904 ns
        ON_TOKENS_RETURNED, offset=319212647353 ns
        ON_TOKENS_CALLED, generate 1 tokens, offset=320339918952 ns
        ON_TOKENS_RETURNED, offset=320339921844 ns
        ON_TOKENS_CALLED, generate 1 tokens, offset=321474508094 ns
        ON_TOKENS_RETURNED, offset=321474509415 ns
        ON_TOKENS_CALLED, generate 1 tokens, offset=322634783681 ns
        ON_TOKENS_RETURNED, offset=322634785150 ns
        ON_TOKENS_CALLED, generate 1 tokens, offset=323810108594 ns
        ON_TOKENS_RETURNED, offset=323810111215 ns
        ON_TOKENS_CALLED, generate 1 tokens, offset=325011903870 ns
        ON_TOKENS_RETURNED, offset=325011905149 ns
        ON_TOKENS_CALLED, generate 1 tokens, offset=326224522416 ns
        ON_TOKENS_RETURNED, offset=326224524974 ns
        ON_TOKENS_CALLED, generate 1 tokens, offset=327468112793 ns
        ON_TOKENS_RETURNED, offset=327468115232 ns
        ON_TOKENS_CALLED, generate 1 tokens, offset=328725597677 ns
        ON_TOKENS_RETURNED, offset=328725601176 ns
        ON_TOKENS_CALLED, generate 1 tokens, offset=330015495861 ns
        ON_TOKENS_RETURNED, offset=330015497372 ns
        ON_TOKENS_CALLED, generate 1 tokens, offset=331304250519 ns
        ON_TOKENS_RETURNED, offset=331304299536 ns
        ON_TOKENS_CALLED, generate 1 tokens, offset=332633855509 ns
        ON_TOKENS_RETURNED, offset=332633862205 ns
[16:00:19.885541229|thread 4077917|cpu 202] [info ] KV cache footprint: 53.96 GB in 248 books
[16:00:23.750911333|thread 4075090|cpu 202] [info ] [Request 52] Generating 61 response tokens with 8193 context took 70.198719 s at 0.869 average tok/s, or 1150.799 ms/tok
[16:00:23.750939232|thread 4075090|cpu 202] [info ] [Request 52] Request with 8192 tokens in and 64 out (sequence limit) saw 278.859203 s TTFT and 350.294577 s TTLT
[16:00:25.062569349|thread 4075098|cpu 202] [info ] [Request 10] Parsing the prompt took 351.60701873 s at 23.29873854506488 tokens/s
[16:00:26.258425587|thread 4077917|cpu 202] [info ] KV cache footprint: 54.98 GB in 253 books
[16:00:27.540970214|thread 4077918|cpu 202] [debug] #EVT# HandleDetails::is_anomalous() handle_id=49 time in state STATE_OPENED exceeded threshold: 271035925070 ns
[16:00:27.541001737|thread 4077918|cpu 202] [debug] #EVT#   Handle,    49, Created, 755284870097378, Last, 755628823033211, Prompted,  8191, Generated,    64, Input TPS, 30.22, Output TPS:  0.77, Callbacks,    64, prompt parsing complete, open
[16:00:27.541031882|thread 4077918|cpu 202] [info ] #EVT#   Handle 49 history:
        SESSION_OPEN, prompt 8192 tokens, offset=0 ns
        PROMPT_TOKENS_REUSE, offset=271035923623 ns
        ON_START_CALLED, offset=271035925070 ns
        ON_START_RETURNED, offset=271035967792 ns
        ON_TOKENS_CALLED, generate 1 tokens, offset=271035972492 ns
        ON_TOKENS_RETURNED, offset=271035974616 ns
        ON_TOKENS_CALLED, generate 1 tokens, offset=272314410993 ns
        ON_TOKENS_RETURNED, offset=272314414000 ns
        ON_TOKENS_CALLED, generate 1 tokens, offset=273601602520 ns
        ON_TOKENS_RETURNED, offset=273601603555 ns
        ON_TOKENS_CALLED, generate 1 tokens, offset=274910773766 ns
        ON_TOKENS_RETURNED, offset=274910775039 ns
        ON_TOKENS_CALLED, generate 1 tokens, offset=276205614017 ns
        ON_TOKENS_RETURNED, offset=276205617054 ns
        ON_TOKENS_CALLED, generate 1 tokens, offset=277525140059 ns
        ON_TOKENS_RETURNED, offset=277525142368 ns
        ON_TOKENS_CALLED, generate 1 tokens, offset=278859299584 ns
        ON_TOKENS_RETURNED, offset=278859302194 ns
        ON_TOKENS_CALLED, generate 1 tokens, offset=280095936117 ns
        ON_TOKENS_RETURNED, offset=280095939016 ns
        ON_TOKENS_CALLED, generate 1 tokens, offset=281321566033 ns
        ON_TOKENS_RETURNED, offset=281321567583 ns
        ON_TOKENS_CALLED, generate 1 tokens, offset=282564725888 ns
        ON_TOKENS_RETURNED, offset=282564727134 ns
        ON_TOKENS_CALLED, generate 1 tokens, offset=283825160420 ns
        ON_TOKENS_RETURNED, offset=283825161469 ns
        ON_TOKENS_CALLED, generate 1 tokens, offset=284762810605 ns
        ON_TOKENS_RETURNED, offset=284762812057 ns
        ON_TOKENS_CALLED, generate 1 tokens, offset=285729083956 ns
        ON_TOKENS_RETURNED, offset=285729085455 ns
        ON_TOKENS_CALLED, generate 1 tokens, offset=286709542551 ns
        ON_TOKENS_RETURNED, offset=286709543691 ns
        ON_TOKENS_CALLED, generate 1 tokens, offset=287706683062 ns
        ON_TOKENS_RETURNED, offset=287706685597 ns
        ON_TOKENS_CALLED, generate 1 tokens, offset=288717260684 ns
        ON_TOKENS_RETURNED, offset=288717261948 ns
        ON_TOKENS_CALLED, generate 1 tokens, offset=289744975903 ns
        ON_TOKENS_RETURNED, offset=289744979450 ns
        ON_TOKENS_CALLED, generate 1 tokens, offset=290786815862 ns
        ON_TOKENS_RETURNED, offset=290786817327 ns
        ON_TOKENS_CALLED, generate 1 tokens, offset=291848959453 ns
        ON_TOKENS_RETURNED, offset=291848961425 ns
        ON_TOKENS_CALLED, generate 1 tokens, offset=292806063356 ns
        ON_TOKENS_RETURNED, offset=292806064673 ns
        ON_TOKENS_CALLED, generate 1 tokens, offset=293793816288 ns
        ON_TOKENS_RETURNED, offset=293793817035 ns
        ON_TOKENS_CALLED, generate 1 tokens, offset=294795036216 ns
        ON_TOKENS_RETURNED, offset=294795037766 ns
        ON_TOKENS_CALLED, generate 1 tokens, offset=295810351089 ns
        ON_TOKENS_RETURNED, offset=295810351765 ns
        ON_TOKENS_CALLED, generate 1 tokens, offset=296836825468 ns
        ON_TOKENS_RETURNED, offset=296836827134 ns
        ON_TOKENS_CALLED, generate 1 tokens, offset=297883033884 ns
        ON_TOKENS_RETURNED, offset=297883035830 ns
        ON_TOKENS_CALLED, generate 1 tokens, offset=298941945398 ns
        ON_TOKENS_RETURNED, offset=298941946127 ns
        ON_TOKENS_CALLED, generate 1 tokens, offset=299998530844 ns
        ON_TOKENS_RETURNED, offset=299998534373 ns
        ON_TOKENS_CALLED, generate 1 tokens, offset=301075039793 ns
        ON_TOKENS_RETURNED, offset=301075041426 ns
        ON_TOKENS_CALLED, generate 1 tokens, offset=302174630189 ns
        ON_TOKENS_RETURNED, offset=302174632175 ns
        ON_TOKENS_CALLED, generate 1 tokens, offset=303285680394 ns
        ON_TOKENS_RETURNED, offset=303285681584 ns
        ON_TOKENS_CALLED, generate 1 tokens, offset=304423795205 ns
        ON_TOKENS_RETURNED, offset=304423797838 ns
        ON_TOKENS_CALLED, generate 1 tokens, offset=305451300235 ns
        ON_TOKENS_RETURNED, offset=305451301308 ns
        ON_TOKENS_CALLED, generate 1 tokens, offset=306505151351 ns
        ON_TOKENS_RETURNED, offset=306505153537 ns
        ON_TOKENS_CALLED, generate 1 tokens, offset=307571451791 ns
        ON_TOKENS_RETURNED, offset=307571454368 ns
        ON_TOKENS_CALLED, generate 1 tokens, offset=308658822404 ns
        ON_TOKENS_RETURNED, offset=308658824377 ns
        ON_TOKENS_CALLED, generate 1 tokens, offset=309759731825 ns
        ON_TOKENS_RETURNED, offset=309759734542 ns
        ON_TOKENS_CALLED, generate 1 tokens, offset=310881266774 ns
        ON_TOKENS_RETURNED, offset=310881268377 ns
        ON_TOKENS_CALLED, generate 1 tokens, offset=312016159571 ns
        ON_TOKENS_RETURNED, offset=312016161721 ns
        ON_TOKENS_CALLED, generate 1 tokens, offset=313174226456 ns
        ON_TOKENS_RETURNED, offset=313174227631 ns
        ON_TOKENS_CALLED, generate 1 tokens, offset=314343743614 ns
        ON_TOKENS_RETURNED, offset=314343744888 ns
        ON_TOKENS_CALLED, generate 1 tokens, offset=315539016718 ns
        ON_TOKENS_RETURNED, offset=315539018629 ns
        ON_TOKENS_CALLED, generate 1 tokens, offset=316745686557 ns
        ON_TOKENS_RETURNED, offset=316745687557 ns
        ON_TOKENS_CALLED, generate 1 tokens, offset=317982107443 ns
        ON_TOKENS_RETURNED, offset=317982109450 ns
        ON_TOKENS_CALLED, generate 1 tokens, offset=319212613410 ns
        ON_TOKENS_RETURNED, offset=319212614598 ns
        ON_TOKENS_CALLED, generate 1 tokens, offset=320339896994 ns
        ON_TOKENS_RETURNED, offset=320339898068 ns
        ON_TOKENS_CALLED, generate 1 tokens, offset=321474481896 ns
        ON_TOKENS_RETURNED, offset=321474483473 ns
        ON_TOKENS_CALLED, generate 1 tokens, offset=322634749270 ns
        ON_TOKENS_RETURNED, offset=322634752288 ns
        ON_TOKENS_CALLED, generate 1 tokens, offset=323810079321 ns
        ON_TOKENS_RETURNED, offset=323810080482 ns
        ON_TOKENS_CALLED, generate 1 tokens, offset=325011864242 ns
        ON_TOKENS_RETURNED, offset=325011865354 ns
        ON_TOKENS_CALLED, generate 1 tokens, offset=326224487830 ns
        ON_TOKENS_RETURNED, offset=326224489470 ns
        ON_TOKENS_CALLED, generate 1 tokens, offset=327468078812 ns
        ON_TOKENS_RETURNED, offset=327468080056 ns
        ON_TOKENS_CALLED, generate 1 tokens, offset=328725563103 ns
        ON_TOKENS_RETURNED, offset=328725565343 ns
        ON_TOKENS_CALLED, generate 1 tokens, offset=330015462862 ns
        ON_TOKENS_RETURNED, offset=330015464304 ns
        ON_TOKENS_CALLED, generate 1 tokens, offset=331304216388 ns
        ON_TOKENS_RETURNED, offset=331304217660 ns
        ON_TOKENS_CALLED, generate 1 tokens, offset=332633822174 ns
        ON_TOKENS_RETURNED, offset=332633823324 ns
        ON_TOKENS_CALLED, generate 1 tokens, offset=333833396801 ns
        ON_TOKENS_RETURNED, offset=333833399003 ns
        ON_TOKENS_CALLED, generate 1 tokens, offset=335057345411 ns
        ON_TOKENS_RETURNED, offset=335057348286 ns
        ON_TOKENS_CALLED, generate 1 tokens, offset=336288615555 ns
        ON_TOKENS_RETURNED, offset=336288617720 ns
        ON_TOKENS_CALLED, generate 1 tokens, offset=337541013799 ns
        ON_TOKENS_RETURNED, offset=337541016525 ns
        ON_TOKENS_CALLED, generate 1 tokens, offset=338811066135 ns
        ON_TOKENS_RETURNED, offset=338811067282 ns
        ON_TOKENS_CALLED, generate 1 tokens, offset=340099750543 ns
        ON_TOKENS_RETURNED, offset=340099752354 ns
        ON_TOKENS_CALLED, generate 1 tokens, offset=341395353612 ns
        ON_TOKENS_RETURNED, offset=341395355374 ns
        ON_TOKENS_CALLED, generate 1 tokens, offset=342723357391 ns
        ON_TOKENS_RETURNED, offset=342723394705 ns
        ON_TOKENS_CALLED, generate 1 tokens, offset=343952930739 ns
        ON_TOKENS_RETURNED, offset=343952935833 ns
[16:00:28.691955975|thread 4075090|cpu 202] [info ] [Request 7] Generating 61 response tokens with 8193 context took 70.472888 s at 0.866 average tok/s, or 1155.293 ms/tok
[16:00:28.691978635|thread 4075090|cpu 202] [info ] [Request 7] Request with 8192 tokens in and 64 out (sequence limit) saw 283.825893 s TTFT and 355.236439 s TTLT
[16:00:28.691962804|thread 4075098|cpu 202] [info ] [Request 11] Parsing the prompt took 355.236401102 s at 23.0606997891745 tokens/s
[16:00:28.691957619|thread 4075091|cpu 202] [info ] [Request 13] Generating 61 response tokens with 8193 context took 70.472889 s at 0.866 average tok/s, or 1155.293 ms/tok
[16:00:28.692029134|thread 4075091|cpu 202] [info ] [Request 13] Request with 8192 tokens in and 64 out (sequence limit) saw 283.825826 s TTFT and 355.236371 s TTLT
[16:00:35.379507477|thread 4075097|cpu 202] [info ] [Request 16] Parsing the prompt took 361.923886318 s at 22.634593376360353 tokens/s
[16:00:35.427884752|thread 4077918|cpu 202] [debug] #EVT# HandleDetails::is_anomalous() handle_id=52 time in state STATE_OPENED exceeded threshold: 278859187836 ns
[16:00:35.427903507|thread 4077918|cpu 202] [debug] #EVT#   Handle,    52, Created, 755284870192240, Last, 755636476412499, Prompted,  8191, Generated,    64, Input TPS, 29.38, Output TPS:  0.77, Callbacks,    64, prompt parsing complete, open
[16:00:35.427929750|thread 4077918|cpu 202] [info ] #EVT#   Handle 52 history:
        SESSION_OPEN, prompt 8192 tokens, offset=0 ns
        PROMPT_TOKENS_REUSE, offset=278859186106 ns
        ON_START_CALLED, offset=278859187836 ns
        ON_START_RETURNED, offset=278859222687 ns
        ON_TOKENS_CALLED, generate 1 tokens, offset=278859226834 ns
        ON_TOKENS_RETURNED, offset=278859229284 ns
        ON_TOKENS_CALLED, generate 1 tokens, offset=280095844065 ns
        ON_TOKENS_RETURNED, offset=280095846396 ns
        ON_TOKENS_CALLED, generate 1 tokens, offset=281321463722 ns
        ON_TOKENS_RETURNED, offset=281321465228 ns
        ON_TOKENS_CALLED, generate 1 tokens, offset=282564639619 ns
        ON_TOKENS_RETURNED, offset=282564641663 ns
        ON_TOKENS_CALLED, generate 1 tokens, offset=283825065017 ns
        ON_TOKENS_RETURNED, offset=283825068655 ns
        ON_TOKENS_CALLED, generate 1 tokens, offset=284762722597 ns
        ON_TOKENS_RETURNED, offset=284762723970 ns
        ON_TOKENS_CALLED, generate 1 tokens, offset=285728988293 ns
        ON_TOKENS_RETURNED, offset=285728989884 ns
        ON_TOKENS_CALLED, generate 1 tokens, offset=286709448641 ns
        ON_TOKENS_RETURNED, offset=286709449685 ns
        ON_TOKENS_CALLED, generate 1 tokens, offset=287706589475 ns
        ON_TOKENS_RETURNED, offset=287706608462 ns
        ON_TOKENS_CALLED, generate 1 tokens, offset=288717170817 ns
        ON_TOKENS_RETURNED, offset=288717171894 ns
        ON_TOKENS_CALLED, generate 1 tokens, offset=289744874677 ns
        ON_TOKENS_RETURNED, offset=289744876619 ns
        ON_TOKENS_CALLED, generate 1 tokens, offset=290786722550 ns
        ON_TOKENS_RETURNED, offset=290786723610 ns
        ON_TOKENS_CALLED, generate 1 tokens, offset=291848864863 ns
        ON_TOKENS_RETURNED, offset=291848867061 ns
        ON_TOKENS_CALLED, generate 1 tokens, offset=292805968383 ns
        ON_TOKENS_RETURNED, offset=292805969585 ns
        ON_TOKENS_CALLED, generate 1 tokens, offset=293793723407 ns
        ON_TOKENS_RETURNED, offset=293793724542 ns
        ON_TOKENS_CALLED, generate 1 tokens, offset=294794939357 ns
        ON_TOKENS_RETURNED, offset=294794940835 ns
        ON_TOKENS_CALLED, generate 1 tokens, offset=295810253665 ns
        ON_TOKENS_RETURNED, offset=295810269119 ns
        ON_TOKENS_CALLED, generate 1 tokens, offset=296836732809 ns
        ON_TOKENS_RETURNED, offset=296836734267 ns
        ON_TOKENS_CALLED, generate 1 tokens, offset=297882940410 ns
        ON_TOKENS_RETURNED, offset=297882941198 ns
        ON_TOKENS_CALLED, generate 1 tokens, offset=298941848107 ns
        ON_TOKENS_RETURNED, offset=298941849240 ns
        ON_TOKENS_CALLED, generate 1 tokens, offset=299998438699 ns
        ON_TOKENS_RETURNED, offset=299998439996 ns
        ON_TOKENS_CALLED, generate 1 tokens, offset=301074947926 ns
        ON_TOKENS_RETURNED, offset=301074950044 ns
        ON_TOKENS_CALLED, generate 1 tokens, offset=302174529116 ns
        ON_TOKENS_RETURNED, offset=302174531182 ns
        ON_TOKENS_CALLED, generate 1 tokens, offset=303285587194 ns
        ON_TOKENS_RETURNED, offset=303285587818 ns
        ON_TOKENS_CALLED, generate 1 tokens, offset=304423703300 ns
        ON_TOKENS_RETURNED, offset=304423705539 ns
        ON_TOKENS_CALLED, generate 1 tokens, offset=305451209194 ns
        ON_TOKENS_RETURNED, offset=305451210613 ns
        ON_TOKENS_CALLED, generate 1 tokens, offset=306505052228 ns
        ON_TOKENS_RETURNED, offset=306505053277 ns
        ON_TOKENS_CALLED, generate 1 tokens, offset=307571357992 ns
        ON_TOKENS_RETURNED, offset=307571359591 ns
        ON_TOKENS_CALLED, generate 1 tokens, offset=308658722032 ns
        ON_TOKENS_RETURNED, offset=308658723319 ns
        ON_TOKENS_CALLED, generate 1 tokens, offset=309759641888 ns
        ON_TOKENS_RETURNED, offset=309759643185 ns
        ON_TOKENS_CALLED, generate 1 tokens, offset=310881178869 ns
        ON_TOKENS_RETURNED, offset=310881180179 ns
        ON_TOKENS_CALLED, generate 1 tokens, offset=312016066008 ns
        ON_TOKENS_RETURNED, offset=312016067521 ns
        ON_TOKENS_CALLED, generate 1 tokens, offset=313174116548 ns
        ON_TOKENS_RETURNED, offset=313174118736 ns
        ON_TOKENS_CALLED, generate 1 tokens, offset=314343651913 ns
        ON_TOKENS_RETURNED, offset=314343653134 ns
        ON_TOKENS_CALLED, generate 1 tokens, offset=315538916571 ns
        ON_TOKENS_RETURNED, offset=315538917920 ns
        ON_TOKENS_CALLED, generate 1 tokens, offset=316745609023 ns
        ON_TOKENS_RETURNED, offset=316745610017 ns
        ON_TOKENS_CALLED, generate 1 tokens, offset=317982013722 ns
        ON_TOKENS_RETURNED, offset=317982015638 ns
        ON_TOKENS_CALLED, generate 1 tokens, offset=319212519431 ns
        ON_TOKENS_RETURNED, offset=319212520594 ns
        ON_TOKENS_CALLED, generate 1 tokens, offset=320339796755 ns
        ON_TOKENS_RETURNED, offset=320339798225 ns
        ON_TOKENS_CALLED, generate 1 tokens, offset=321474389279 ns
        ON_TOKENS_RETURNED, offset=321474390207 ns
        ON_TOKENS_CALLED, generate 1 tokens, offset=322634655717 ns
        ON_TOKENS_RETURNED, offset=322634656577 ns
        ON_TOKENS_CALLED, generate 1 tokens, offset=323809982853 ns
        ON_TOKENS_RETURNED, offset=323809985922 ns
        ON_TOKENS_CALLED, generate 1 tokens, offset=325011771772 ns
        ON_TOKENS_RETURNED, offset=325011773345 ns
        ON_TOKENS_CALLED, generate 1 tokens, offset=326224395059 ns
        ON_TOKENS_RETURNED, offset=326224397832 ns
        ON_TOKENS_CALLED, generate 1 tokens, offset=327467985505 ns
        ON_TOKENS_RETURNED, offset=327467986342 ns
        ON_TOKENS_CALLED, generate 1 tokens, offset=328725471402 ns
        ON_TOKENS_RETURNED, offset=328725473030 ns
        ON_TOKENS_CALLED, generate 1 tokens, offset=330015377209 ns
        ON_TOKENS_RETURNED, offset=330015378019 ns
        ON_TOKENS_CALLED, generate 1 tokens, offset=331304129005 ns
        ON_TOKENS_RETURNED, offset=331304131211 ns
        ON_TOKENS_CALLED, generate 1 tokens, offset=332633729200 ns
        ON_TOKENS_RETURNED, offset=332633730343 ns
        ON_TOKENS_CALLED, generate 1 tokens, offset=333833302692 ns
        ON_TOKENS_RETURNED, offset=333833304253 ns
        ON_TOKENS_CALLED, generate 1 tokens, offset=335057251818 ns
        ON_TOKENS_RETURNED, offset=335057253663 ns
        ON_TOKENS_CALLED, generate 1 tokens, offset=336288523964 ns
        ON_TOKENS_RETURNED, offset=336288525051 ns
        ON_TOKENS_CALLED, generate 1 tokens, offset=337540927916 ns
        ON_TOKENS_RETURNED, offset=337540928641 ns
        ON_TOKENS_CALLED, generate 1 tokens, offset=338810982300 ns
        ON_TOKENS_RETURNED, offset=338810984438 ns
        ON_TOKENS_CALLED, generate 1 tokens, offset=340099659239 ns
        ON_TOKENS_RETURNED, offset=340099661791 ns
        ON_TOKENS_CALLED, generate 1 tokens, offset=341395260012 ns
        ON_TOKENS_RETURNED, offset=341395260741 ns
        ON_TOKENS_CALLED, generate 1 tokens, offset=342723268282 ns
        ON_TOKENS_RETURNED, offset=342723269557 ns
        ON_TOKENS_CALLED, generate 1 tokens, offset=343952839211 ns
        ON_TOKENS_RETURNED, offset=343952842489 ns
        ON_TOKENS_CALLED, generate 1 tokens, offset=345189279412 ns
        ON_TOKENS_RETURNED, offset=345189280806 ns
        ON_TOKENS_CALLED, generate 1 tokens, offset=346428954360 ns
        ON_TOKENS_RETURNED, offset=346428955506 ns
        ON_TOKENS_CALLED, generate 1 tokens, offset=347704110868 ns
        ON_TOKENS_RETURNED, offset=347704113578 ns
        ON_TOKENS_CALLED, generate 1 tokens, offset=348985197350 ns
        ON_TOKENS_RETURNED, offset=348985198528 ns
        ON_TOKENS_CALLED, generate 1 tokens, offset=350294561064 ns
        ON_TOKENS_RETURNED, offset=350294598407 ns
        ON_TOKENS_CALLED, generate 1 tokens, offset=351606213195 ns
        ON_TOKENS_RETURNED, offset=351606220259 ns
[16:00:36.431703696|thread 4077917|cpu 202] [info ] KV cache footprint: 56.07 GB in 258 books
[16:00:37.505488404|thread 4075090|cpu 202] [info ] [Request 34] Generating 61 response tokens with 8193 context took 71.243164 s at 0.856 average tok/s, or 1167.921 ms/tok
[16:00:37.505510219|thread 4075090|cpu 202] [info ] [Request 34] Request with 8192 tokens in and 64 out (sequence limit) saw 291.849382 s TTFT and 364.049651 s TTLT
[16:00:39.934624324|thread 4077918|cpu 202] [debug] #EVT# HandleDetails::is_anomalous() handle_id=13 time in state STATE_OPENED exceeded threshold: 283825818103 ns
[16:00:39.934647440|thread 4077918|cpu 202] [debug] #EVT#   Handle,    13, Created, 755284869437514, Last, 755641221898137, Prompted,  8191, Generated,    64, Input TPS, 28.86, Output TPS:  0.77, Callbacks,    64, prompt parsing complete, open
[16:00:39.934672943|thread 4077918|cpu 202] [info ] #EVT#   Handle 13 history:
        SESSION_OPEN, prompt 8192 tokens, offset=0 ns
        PROMPT_TOKENS_REUSE, offset=283825817067 ns
        ON_START_CALLED, offset=283825818103 ns
        ON_START_RETURNED, offset=283825859678 ns
        ON_TOKENS_CALLED, generate 1 tokens, offset=283825864680 ns
        ON_TOKENS_RETURNED, offset=283825866461 ns
        ON_TOKENS_CALLED, generate 1 tokens, offset=284763474716 ns
        ON_TOKENS_RETURNED, offset=284763478164 ns
        ON_TOKENS_CALLED, generate 1 tokens, offset=285729745673 ns
        ON_TOKENS_RETURNED, offset=285729747992 ns
        ON_TOKENS_CALLED, generate 1 tokens, offset=286710207527 ns
        ON_TOKENS_RETURNED, offset=286710208136 ns
        ON_TOKENS_CALLED, generate 1 tokens, offset=287707348152 ns
        ON_TOKENS_RETURNED, offset=287707349453 ns
        ON_TOKENS_CALLED, generate 1 tokens, offset=288717926869 ns
        ON_TOKENS_RETURNED, offset=288717929186 ns
        ON_TOKENS_CALLED, generate 1 tokens, offset=289745644533 ns
        ON_TOKENS_RETURNED, offset=289745645642 ns
        ON_TOKENS_CALLED, generate 1 tokens, offset=290787479163 ns
        ON_TOKENS_RETURNED, offset=290787480005 ns
        ON_TOKENS_CALLED, generate 1 tokens, offset=291849624926 ns
        ON_TOKENS_RETURNED, offset=291849628763 ns
        ON_TOKENS_CALLED, generate 1 tokens, offset=292806729331 ns
        ON_TOKENS_RETURNED, offset=292806730682 ns
        ON_TOKENS_CALLED, generate 1 tokens, offset=293794482087 ns
        ON_TOKENS_RETURNED, offset=293794482982 ns
        ON_TOKENS_CALLED, generate 1 tokens, offset=294795696278 ns
        ON_TOKENS_RETURNED, offset=294795697880 ns
        ON_TOKENS_CALLED, generate 1 tokens, offset=295811025699 ns
        ON_TOKENS_RETURNED, offset=295811026413 ns
        ON_TOKENS_CALLED, generate 1 tokens, offset=296837490872 ns
        ON_TOKENS_RETURNED, offset=296837492001 ns
        ON_TOKENS_CALLED, generate 1 tokens, offset=297883697271 ns
        ON_TOKENS_RETURNED, offset=297883698400 ns
        ON_TOKENS_CALLED, generate 1 tokens, offset=298942608309 ns
        ON_TOKENS_RETURNED, offset=298942610285 ns
        ON_TOKENS_CALLED, generate 1 tokens, offset=299999195587 ns
        ON_TOKENS_RETURNED, offset=299999200068 ns
        ON_TOKENS_CALLED, generate 1 tokens, offset=301075705746 ns
        ON_TOKENS_RETURNED, offset=301075708175 ns
        ON_TOKENS_CALLED, generate 1 tokens, offset=302175287122 ns
        ON_TOKENS_RETURNED, offset=302175288580 ns
        ON_TOKENS_CALLED, generate 1 tokens, offset=303286351876 ns
        ON_TOKENS_RETURNED, offset=303286352679 ns
        ON_TOKENS_CALLED, generate 1 tokens, offset=304424461700 ns
        ON_TOKENS_RETURNED, offset=304424462717 ns
        ON_TOKENS_CALLED, generate 1 tokens, offset=305451965097 ns
        ON_TOKENS_RETURNED, offset=305451967677 ns
        ON_TOKENS_CALLED, generate 1 tokens, offset=306505807591 ns
        ON_TOKENS_RETURNED, offset=306505808839 ns
        ON_TOKENS_CALLED, generate 1 tokens, offset=307572118390 ns
        ON_TOKENS_RETURNED, offset=307572119386 ns
        ON_TOKENS_CALLED, generate 1 tokens, offset=308659484426 ns
        ON_TOKENS_RETURNED, offset=308659485518 ns
        ON_TOKENS_CALLED, generate 1 tokens, offset=309760402850 ns
        ON_TOKENS_RETURNED, offset=309760405313 ns
        ON_TOKENS_CALLED, generate 1 tokens, offset=310881942387 ns
        ON_TOKENS_RETURNED, offset=310881944373 ns
        ON_TOKENS_CALLED, generate 1 tokens, offset=312016829781 ns
        ON_TOKENS_RETURNED, offset=312016830705 ns
        ON_TOKENS_CALLED, generate 1 tokens, offset=313174879434 ns
        ON_TOKENS_RETURNED, offset=313174880754 ns
        ON_TOKENS_CALLED, generate 1 tokens, offset=314344408581 ns
        ON_TOKENS_RETURNED, offset=314344409866 ns
        ON_TOKENS_CALLED, generate 1 tokens, offset=315539678897 ns
        ON_TOKENS_RETURNED, offset=315539680186 ns
        ON_TOKENS_CALLED, generate 1 tokens, offset=316746358582 ns
        ON_TOKENS_RETURNED, offset=316746359607 ns
        ON_TOKENS_CALLED, generate 1 tokens, offset=317982772527 ns
        ON_TOKENS_RETURNED, offset=317982774734 ns
        ON_TOKENS_CALLED, generate 1 tokens, offset=319213282162 ns
        ON_TOKENS_RETURNED, offset=319213284084 ns
        ON_TOKENS_CALLED, generate 1 tokens, offset=320340555203 ns
        ON_TOKENS_RETURNED, offset=320340556227 ns
        ON_TOKENS_CALLED, generate 1 tokens, offset=321475142852 ns
        ON_TOKENS_RETURNED, offset=321475144206 ns
        ON_TOKENS_CALLED, generate 1 tokens, offset=322635415107 ns
        ON_TOKENS_RETURNED, offset=322635415969 ns
        ON_TOKENS_CALLED, generate 1 tokens, offset=323810739918 ns
        ON_TOKENS_RETURNED, offset=323810740942 ns
        ON_TOKENS_CALLED, generate 1 tokens, offset=325012529185 ns
        ON_TOKENS_RETURNED, offset=325012530070 ns
        ON_TOKENS_CALLED, generate 1 tokens, offset=326225153130 ns
        ON_TOKENS_RETURNED, offset=326225154932 ns
        ON_TOKENS_CALLED, generate 1 tokens, offset=327468747038 ns
        ON_TOKENS_RETURNED, offset=327468748012 ns
        ON_TOKENS_CALLED, generate 1 tokens, offset=328726229246 ns
        ON_TOKENS_RETURNED, offset=328726231814 ns
        ON_TOKENS_CALLED, generate 1 tokens, offset=330016127583 ns
        ON_TOKENS_RETURNED, offset=330016128886 ns
        ON_TOKENS_CALLED, generate 1 tokens, offset=331304886931 ns
        ON_TOKENS_RETURNED, offset=331304889855 ns
        ON_TOKENS_CALLED, generate 1 tokens, offset=332634487754 ns
        ON_TOKENS_RETURNED, offset=332634489326 ns
        ON_TOKENS_CALLED, generate 1 tokens, offset=333834059187 ns
        ON_TOKENS_RETURNED, offset=333834060673 ns
        ON_TOKENS_CALLED, generate 1 tokens, offset=335058010475 ns
        ON_TOKENS_RETURNED, offset=335058013357 ns
        ON_TOKENS_CALLED, generate 1 tokens, offset=336289282986 ns
        ON_TOKENS_RETURNED, offset=336289284279 ns
        ON_TOKENS_CALLED, generate 1 tokens, offset=337541678763 ns
        ON_TOKENS_RETURNED, offset=337541680669 ns
        ON_TOKENS_CALLED, generate 1 tokens, offset=338811731144 ns
        ON_TOKENS_RETURNED, offset=338811731978 ns
        ON_TOKENS_CALLED, generate 1 tokens, offset=340100419696 ns
        ON_TOKENS_RETURNED, offset=340100420818 ns
        ON_TOKENS_CALLED, generate 1 tokens, offset=341396015708 ns
        ON_TOKENS_RETURNED, offset=341396017075 ns
        ON_TOKENS_CALLED, generate 1 tokens, offset=342724026444 ns
        ON_TOKENS_RETURNED, offset=342724027688 ns
        ON_TOKENS_CALLED, generate 1 tokens, offset=343953596110 ns
        ON_TOKENS_RETURNED, offset=343953598016 ns
        ON_TOKENS_CALLED, generate 1 tokens, offset=345190039617 ns
        ON_TOKENS_RETURNED, offset=345190041559 ns
        ON_TOKENS_CALLED, generate 1 tokens, offset=346429719828 ns
        ON_TOKENS_RETURNED, offset=346429721443 ns
        ON_TOKENS_CALLED, generate 1 tokens, offset=347704877124 ns
        ON_TOKENS_RETURNED, offset=347704878431 ns
        ON_TOKENS_CALLED, generate 1 tokens, offset=348985943320 ns
        ON_TOKENS_RETURNED, offset=348985945602 ns
        ON_TOKENS_CALLED, generate 1 tokens, offset=350295318831 ns
        ON_TOKENS_RETURNED, offset=350295321277 ns
        ON_TOKENS_CALLED, generate 1 tokens, offset=351606982575 ns
        ON_TOKENS_RETURNED, offset=351606983687 ns
        ON_TOKENS_CALLED, generate 1 tokens, offset=352802670833 ns
        ON_TOKENS_RETURNED, offset=352802671918 ns
        ON_TOKENS_CALLED, generate 1 tokens, offset=354006801903 ns
        ON_TOKENS_RETURNED, offset=354006803537 ns
        ON_TOKENS_CALLED, generate 1 tokens, offset=355236363209 ns
        ON_TOKENS_RETURNED, offset=355236442396 ns
        ON_TOKENS_CALLED, generate 1 tokens, offset=356352453585 ns
        ON_TOKENS_RETURNED, offset=356352460623 ns
[16:00:39.934690555|thread 4077918|cpu 202] [debug] #EVT# HandleDetails::is_anomalous() handle_id=7 time in state STATE_OPENED exceeded threshold: 283825886233 ns
[16:00:39.934692680|thread 4077918|cpu 202] [debug] #EVT#   Handle,     7, Created, 755284869367016, Last, 755641221900415, Prompted,  8192, Generated,    64, Input TPS, 28.86, Output TPS:  0.77, Callbacks,    64, prompt parsing complete, open
[16:00:39.934707906|thread 4077918|cpu 202] [info ] #EVT#   Handle 7 history:
        SESSION_OPEN, prompt 8192 tokens, offset=0 ns
        PROMPT_TOKENS_REUSE, offset=283825885228 ns
        ON_START_CALLED, offset=283825886233 ns
        ON_START_RETURNED, offset=283825912886 ns
        ON_TOKENS_CALLED, generate 1 tokens, offset=283825917284 ns
        ON_TOKENS_RETURNED, offset=283825917747 ns
        ON_TOKENS_CALLED, generate 1 tokens, offset=284763544184 ns
        ON_TOKENS_RETURNED, offset=284763546234 ns
        ON_TOKENS_CALLED, generate 1 tokens, offset=285729816022 ns
        ON_TOKENS_RETURNED, offset=285729818908 ns
        ON_TOKENS_CALLED, generate 1 tokens, offset=286710275261 ns
        ON_TOKENS_RETURNED, offset=286710276094 ns
        ON_TOKENS_CALLED, generate 1 tokens, offset=287707416455 ns
        ON_TOKENS_RETURNED, offset=287707419573 ns
        ON_TOKENS_CALLED, generate 1 tokens, offset=288717999081 ns
        ON_TOKENS_RETURNED, offset=288718000135 ns
        ON_TOKENS_CALLED, generate 1 tokens, offset=289745710660 ns
        ON_TOKENS_RETURNED, offset=289745711739 ns
        ON_TOKENS_CALLED, generate 1 tokens, offset=290787548978 ns
        ON_TOKENS_RETURNED, offset=290787550201 ns
        ON_TOKENS_CALLED, generate 1 tokens, offset=291849695008 ns
        ON_TOKENS_RETURNED, offset=291849699175 ns
        ON_TOKENS_CALLED, generate 1 tokens, offset=292806795858 ns
        ON_TOKENS_RETURNED, offset=292806796999 ns
        ON_TOKENS_CALLED, generate 1 tokens, offset=293794551528 ns
        ON_TOKENS_RETURNED, offset=293794553387 ns
        ON_TOKENS_CALLED, generate 1 tokens, offset=294795768900 ns
        ON_TOKENS_RETURNED, offset=294795769803 ns
        ON_TOKENS_CALLED, generate 1 tokens, offset=295811100913 ns
        ON_TOKENS_RETURNED, offset=295811101891 ns
        ON_TOKENS_CALLED, generate 1 tokens, offset=296837566370 ns
        ON_TOKENS_RETURNED, offset=296837567711 ns
        ON_TOKENS_CALLED, generate 1 tokens, offset=297883766873 ns
        ON_TOKENS_RETURNED, offset=297883768066 ns
        ON_TOKENS_CALLED, generate 1 tokens, offset=298942675080 ns
        ON_TOKENS_RETURNED, offset=298942676744 ns
        ON_TOKENS_CALLED, generate 1 tokens, offset=299999264993 ns
        ON_TOKENS_RETURNED, offset=299999268285 ns
        ON_TOKENS_CALLED, generate 1 tokens, offset=301075775555 ns
        ON_TOKENS_RETURNED, offset=301075778193 ns
        ON_TOKENS_CALLED, generate 1 tokens, offset=302175368724 ns
        ON_TOKENS_RETURNED, offset=302175369649 ns
        ON_TOKENS_CALLED, generate 1 tokens, offset=303286420916 ns
        ON_TOKENS_RETURNED, offset=303286421997 ns
        ON_TOKENS_CALLED, generate 1 tokens, offset=304424531615 ns
        ON_TOKENS_RETURNED, offset=304424532874 ns
        ON_TOKENS_CALLED, generate 1 tokens, offset=305452034893 ns
        ON_TOKENS_RETURNED, offset=305452037286 ns
        ON_TOKENS_CALLED, generate 1 tokens, offset=306505875568 ns
        ON_TOKENS_RETURNED, offset=306505877116 ns
        ON_TOKENS_CALLED, generate 1 tokens, offset=307572186125 ns
        ON_TOKENS_RETURNED, offset=307572187625 ns
        ON_TOKENS_CALLED, generate 1 tokens, offset=308659555937 ns
        ON_TOKENS_RETURNED, offset=308659557145 ns
        ON_TOKENS_CALLED, generate 1 tokens, offset=309760464468 ns
        ON_TOKENS_RETURNED, offset=309760466507 ns
        ON_TOKENS_CALLED, generate 1 tokens, offset=310882005863 ns
        ON_TOKENS_RETURNED, offset=310882007155 ns
        ON_TOKENS_CALLED, generate 1 tokens, offset=312016893245 ns
        ON_TOKENS_RETURNED, offset=312016894992 ns
        ON_TOKENS_CALLED, generate 1 tokens, offset=313174942932 ns
        ON_TOKENS_RETURNED, offset=313174944090 ns
        ON_TOKENS_CALLED, generate 1 tokens, offset=314344476831 ns
        ON_TOKENS_RETURNED, offset=314344478106 ns
        ON_TOKENS_CALLED, generate 1 tokens, offset=315539743916 ns
        ON_TOKENS_RETURNED, offset=315539745246 ns
        ON_TOKENS_CALLED, generate 1 tokens, offset=316746421159 ns
        ON_TOKENS_RETURNED, offset=316746422207 ns
        ON_TOKENS_CALLED, generate 1 tokens, offset=317982841508 ns
        ON_TOKENS_RETURNED, offset=317982843979 ns
        ON_TOKENS_CALLED, generate 1 tokens, offset=319213351255 ns
        ON_TOKENS_RETURNED, offset=319213353732 ns
        ON_TOKENS_CALLED, generate 1 tokens, offset=320340631869 ns
        ON_TOKENS_RETURNED, offset=320340632795 ns
        ON_TOKENS_CALLED, generate 1 tokens, offset=321475208816 ns
        ON_TOKENS_RETURNED, offset=321475210456 ns
        ON_TOKENS_CALLED, generate 1 tokens, offset=322635483627 ns
        ON_TOKENS_RETURNED, offset=322635484470 ns
        ON_TOKENS_CALLED, generate 1 tokens, offset=323810809374 ns
        ON_TOKENS_RETURNED, offset=323810811484 ns
        ON_TOKENS_CALLED, generate 1 tokens, offset=325012598082 ns
        ON_TOKENS_RETURNED, offset=325012600014 ns
        ON_TOKENS_CALLED, generate 1 tokens, offset=326225224069 ns
        ON_TOKENS_RETURNED, offset=326225225551 ns
        ON_TOKENS_CALLED, generate 1 tokens, offset=327468815500 ns
        ON_TOKENS_RETURNED, offset=327468817319 ns
        ON_TOKENS_CALLED, generate 1 tokens, offset=328726301058 ns
        ON_TOKENS_RETURNED, offset=328726303910 ns
        ON_TOKENS_CALLED, generate 1 tokens, offset=330016196369 ns
        ON_TOKENS_RETURNED, offset=330016198105 ns
        ON_TOKENS_CALLED, generate 1 tokens, offset=331304950598 ns
        ON_TOKENS_RETURNED, offset=331304953001 ns
        ON_TOKENS_CALLED, generate 1 tokens, offset=332634560885 ns
        ON_TOKENS_RETURNED, offset=332634562125 ns
        ON_TOKENS_CALLED, generate 1 tokens, offset=333834130393 ns
        ON_TOKENS_RETURNED, offset=333834131639 ns
        ON_TOKENS_CALLED, generate 1 tokens, offset=335058086170 ns
        ON_TOKENS_RETURNED, offset=335058087084 ns
        ON_TOKENS_CALLED, generate 1 tokens, offset=336289355057 ns
        ON_TOKENS_RETURNED, offset=336289356288 ns
        ON_TOKENS_CALLED, generate 1 tokens, offset=337541748478 ns
        ON_TOKENS_RETURNED, offset=337541750904 ns
        ON_TOKENS_CALLED, generate 1 tokens, offset=338811804637 ns
        ON_TOKENS_RETURNED, offset=338811805671 ns
        ON_TOKENS_CALLED, generate 1 tokens, offset=340100484914 ns
        ON_TOKENS_RETURNED, offset=340100486474 ns
        ON_TOKENS_CALLED, generate 1 tokens, offset=341396086412 ns
        ON_TOKENS_RETURNED, offset=341396087423 ns
        ON_TOKENS_CALLED, generate 1 tokens, offset=342724092719 ns
        ON_TOKENS_RETURNED, offset=342724093707 ns
        ON_TOKENS_CALLED, generate 1 tokens, offset=343953665930 ns
        ON_TOKENS_RETURNED, offset=343953667326 ns
        ON_TOKENS_CALLED, generate 1 tokens, offset=345190113615 ns
        ON_TOKENS_RETURNED, offset=345190114558 ns
        ON_TOKENS_CALLED, generate 1 tokens, offset=346429780523 ns
        ON_TOKENS_RETURNED, offset=346429782966 ns
        ON_TOKENS_CALLED, generate 1 tokens, offset=347704944395 ns
        ON_TOKENS_RETURNED, offset=347704945584 ns
        ON_TOKENS_CALLED, generate 1 tokens, offset=348986010832 ns
        ON_TOKENS_RETURNED, offset=348986014701 ns
        ON_TOKENS_CALLED, generate 1 tokens, offset=350295387690 ns
        ON_TOKENS_RETURNED, offset=350295389582 ns
        ON_TOKENS_CALLED, generate 1 tokens, offset=351607041724 ns
        ON_TOKENS_RETURNED, offset=351607042937 ns
        ON_TOKENS_CALLED, generate 1 tokens, offset=352802733906 ns
        ON_TOKENS_RETURNED, offset=352802735200 ns
        ON_TOKENS_CALLED, generate 1 tokens, offset=354006862549 ns
        ON_TOKENS_RETURNED, offset=354006863849 ns
        ON_TOKENS_CALLED, generate 1 tokens, offset=355236430619 ns
        ON_TOKENS_RETURNED, offset=355236463982 ns
        ON_TOKENS_CALLED, generate 1 tokens, offset=356352522483 ns
        ON_TOKENS_RETURNED, offset=356352533399 ns
[16:00:44.134455470|thread 4075097|cpu 202] [info ] [Request 18] Parsing the prompt took 370.678813562 s at 22.09999519875392 tokens/s
[16:00:46.246510597|thread 4077917|cpu 202] [info ] KV cache footprint: 57.17 GB in 263 books
[16:00:48.948692396|thread 4077918|cpu 202] [debug] #EVT# HandleDetails::is_anomalous() handle_id=34 time in state STATE_OPENED exceeded threshold: 291849375551 ns
[16:00:48.948724886|thread 4077918|cpu 202] [debug] #EVT#   Handle,    34, Created, 755284869686863, Last, 755650001698828, Prompted,  8191, Generated,    64, Input TPS, 28.07, Output TPS:  0.77, Callbacks,    64, prompt parsing complete, open
[16:00:48.948754020|thread 4077918|cpu 202] [info ] #EVT#   Handle 34 history:
        SESSION_OPEN, prompt 8192 tokens, offset=0 ns
        PROMPT_TOKENS_REUSE, offset=291849373986 ns
        ON_START_CALLED, offset=291849375551 ns
        ON_START_RETURNED, offset=291849416909 ns
        ON_TOKENS_CALLED, generate 1 tokens, offset=291849422677 ns
        ON_TOKENS_RETURNED, offset=291849424500 ns
        ON_TOKENS_CALLED, generate 1 tokens, offset=292806481179 ns
        ON_TOKENS_RETURNED, offset=292806484459 ns
        ON_TOKENS_CALLED, generate 1 tokens, offset=293794234778 ns
        ON_TOKENS_RETURNED, offset=293794238042 ns
        ON_TOKENS_CALLED, generate 1 tokens, offset=294795449885 ns
        ON_TOKENS_RETURNED, offset=294795451267 ns
        ON_TOKENS_CALLED, generate 1 tokens, offset=295810768418 ns
        ON_TOKENS_RETURNED, offset=295810770297 ns
        ON_TOKENS_CALLED, generate 1 tokens, offset=296837248354 ns
        ON_TOKENS_RETURNED, offset=296837251290 ns
        ON_TOKENS_CALLED, generate 1 tokens, offset=297883450967 ns
        ON_TOKENS_RETURNED, offset=297883453047 ns
        ON_TOKENS_CALLED, generate 1 tokens, offset=298942352735 ns
        ON_TOKENS_RETURNED, offset=298942355344 ns
        ON_TOKENS_CALLED, generate 1 tokens, offset=299998949199 ns
        ON_TOKENS_RETURNED, offset=299998951084 ns
        ON_TOKENS_CALLED, generate 1 tokens, offset=301075458541 ns
        ON_TOKENS_RETURNED, offset=301075459561 ns
        ON_TOKENS_CALLED, generate 1 tokens, offset=302175040951 ns
        ON_TOKENS_RETURNED, offset=302175042124 ns
        ON_TOKENS_CALLED, generate 1 tokens, offset=303286103021 ns
        ON_TOKENS_RETURNED, offset=303286103922 ns
        ON_TOKENS_CALLED, generate 1 tokens, offset=304424213682 ns
        ON_TOKENS_RETURNED, offset=304424215642 ns
        ON_TOKENS_CALLED, generate 1 tokens, offset=305451717023 ns
        ON_TOKENS_RETURNED, offset=305451718204 ns
        ON_TOKENS_CALLED, generate 1 tokens, offset=306505561943 ns
        ON_TOKENS_RETURNED, offset=306505564550 ns
        ON_TOKENS_CALLED, generate 1 tokens, offset=307571870309 ns
        ON_TOKENS_RETURNED, offset=307571871195 ns
        ON_TOKENS_CALLED, generate 1 tokens, offset=308659234498 ns
        ON_TOKENS_RETURNED, offset=308659241041 ns
        ON_TOKENS_CALLED, generate 1 tokens, offset=309760154971 ns
        ON_TOKENS_RETURNED, offset=309760156082 ns
        ON_TOKENS_CALLED, generate 1 tokens, offset=310881688091 ns
        ON_TOKENS_RETURNED, offset=310881688771 ns
        ON_TOKENS_CALLED, generate 1 tokens, offset=312016580705 ns
        ON_TOKENS_RETURNED, offset=312016581923 ns
        ON_TOKENS_CALLED, generate 1 tokens, offset=313174640777 ns
        ON_TOKENS_RETURNED, offset=313174641976 ns
        ON_TOKENS_CALLED, generate 1 tokens, offset=314344159573 ns
        ON_TOKENS_RETURNED, offset=314344160670 ns
        ON_TOKENS_CALLED, generate 1 tokens, offset=315539427810 ns
        ON_TOKENS_RETURNED, offset=315539430174 ns
        ON_TOKENS_CALLED, generate 1 tokens, offset=316746116735 ns
        ON_TOKENS_RETURNED, offset=316746117193 ns
        ON_TOKENS_CALLED, generate 1 tokens, offset=317982524058 ns
        ON_TOKENS_RETURNED, offset=317982525679 ns
        ON_TOKENS_CALLED, generate 1 tokens, offset=319213035045 ns
        ON_TOKENS_RETURNED, offset=319213036354 ns
        ON_TOKENS_CALLED, generate 1 tokens, offset=320340304743 ns
        ON_TOKENS_RETURNED, offset=320340307041 ns
        ON_TOKENS_CALLED, generate 1 tokens, offset=321474893347 ns
        ON_TOKENS_RETURNED, offset=321474894929 ns
        ON_TOKENS_CALLED, generate 1 tokens, offset=322635167252 ns
        ON_TOKENS_RETURNED, offset=322635168334 ns
        ON_TOKENS_CALLED, generate 1 tokens, offset=323810494527 ns
        ON_TOKENS_RETURNED, offset=323810496561 ns
        ON_TOKENS_CALLED, generate 1 tokens, offset=325012281083 ns
        ON_TOKENS_RETURNED, offset=325012283517 ns
        ON_TOKENS_CALLED, generate 1 tokens, offset=326224905347 ns
        ON_TOKENS_RETURNED, offset=326224906712 ns
        ON_TOKENS_CALLED, generate 1 tokens, offset=327468500162 ns
        ON_TOKENS_RETURNED, offset=327468503083 ns
        ON_TOKENS_CALLED, generate 1 tokens, offset=328725981638 ns
        ON_TOKENS_RETURNED, offset=328725982997 ns
        ON_TOKENS_CALLED, generate 1 tokens, offset=330015879237 ns
        ON_TOKENS_RETURNED, offset=330015880291 ns
        ON_TOKENS_CALLED, generate 1 tokens, offset=331304636771 ns
        ON_TOKENS_RETURNED, offset=331304638143 ns
        ON_TOKENS_CALLED, generate 1 tokens, offset=332634244302 ns
        ON_TOKENS_RETURNED, offset=332634245508 ns
        ON_TOKENS_CALLED, generate 1 tokens, offset=333833817037 ns
        ON_TOKENS_RETURNED, offset=333833818362 ns
        ON_TOKENS_CALLED, generate 1 tokens, offset=335057764387 ns
        ON_TOKENS_RETURNED, offset=335057767044 ns
        ON_TOKENS_CALLED, generate 1 tokens, offset=336289040860 ns
        ON_TOKENS_RETURNED, offset=336289041884 ns
        ON_TOKENS_CALLED, generate 1 tokens, offset=337541431847 ns
        ON_TOKENS_RETURNED, offset=337541433459 ns
        ON_TOKENS_CALLED, generate 1 tokens, offset=338811487861 ns
        ON_TOKENS_RETURNED, offset=338811489081 ns
        ON_TOKENS_CALLED, generate 1 tokens, offset=340100168107 ns
        ON_TOKENS_RETURNED, offset=340100169803 ns
        ON_TOKENS_CALLED, generate 1 tokens, offset=341395762524 ns
        ON_TOKENS_RETURNED, offset=341395765671 ns
        ON_TOKENS_CALLED, generate 1 tokens, offset=342723777469 ns
        ON_TOKENS_RETURNED, offset=342723778505 ns
        ON_TOKENS_CALLED, generate 1 tokens, offset=343953348294 ns
        ON_TOKENS_RETURNED, offset=343953349566 ns
        ON_TOKENS_CALLED, generate 1 tokens, offset=345189796794 ns
        ON_TOKENS_RETURNED, offset=345189797571 ns
        ON_TOKENS_CALLED, generate 1 tokens, offset=346429473762 ns
        ON_TOKENS_RETURNED, offset=346429476813 ns
        ON_TOKENS_CALLED, generate 1 tokens, offset=347704627302 ns
        ON_TOKENS_RETURNED, offset=347704628719 ns
        ON_TOKENS_CALLED, generate 1 tokens, offset=348985696463 ns
        ON_TOKENS_RETURNED, offset=348985697660 ns
        ON_TOKENS_CALLED, generate 1 tokens, offset=350295072096 ns
        ON_TOKENS_RETURNED, offset=350295074186 ns
        ON_TOKENS_CALLED, generate 1 tokens, offset=351606727629 ns
        ON_TOKENS_RETURNED, offset=351606728619 ns
        ON_TOKENS_CALLED, generate 1 tokens, offset=352802416810 ns
        ON_TOKENS_RETURNED, offset=352802417666 ns
        ON_TOKENS_CALLED, generate 1 tokens, offset=354006548714 ns
        ON_TOKENS_RETURNED, offset=354006549573 ns
        ON_TOKENS_CALLED, generate 1 tokens, offset=355236113507 ns
        ON_TOKENS_RETURNED, offset=355236114851 ns
        ON_TOKENS_CALLED, generate 1 tokens, offset=356352213245 ns
        ON_TOKENS_RETURNED, offset=356352214522 ns
        ON_TOKENS_CALLED, generate 1 tokens, offset=357438972510 ns
        ON_TOKENS_RETURNED, offset=357438975002 ns
        ON_TOKENS_CALLED, generate 1 tokens, offset=358535177814 ns
        ON_TOKENS_RETURNED, offset=358535178785 ns
        ON_TOKENS_CALLED, generate 1 tokens, offset=359651206397 ns
        ON_TOKENS_RETURNED, offset=359651209216 ns
        ON_TOKENS_CALLED, generate 1 tokens, offset=360773154879 ns
        ON_TOKENS_RETURNED, offset=360773156169 ns
        ON_TOKENS_CALLED, generate 1 tokens, offset=361923656103 ns
        ON_TOKENS_RETURNED, offset=361923658791 ns
        ON_TOKENS_CALLED, generate 1 tokens, offset=362975565330 ns
        ON_TOKENS_RETURNED, offset=362975566451 ns
        ON_TOKENS_CALLED, generate 1 tokens, offset=364049644941 ns
        ON_TOKENS_RETURNED, offset=364049673934 ns
        ON_TOKENS_CALLED, generate 1 tokens, offset=365132005092 ns
        ON_TOKENS_RETURNED, offset=365132011965 ns
[16:00:50.669967200|thread 4075090|cpu 202] [info ] [Request 45] Generating 61 response tokens with 8193 context took 71.762403 s at 0.850 average tok/s, or 1176.433 ms/tok
[16:00:50.669991146|thread 4075090|cpu 202] [info ] [Request 45] Request with 8192 tokens in and 64 out (sequence limit) saw 304.423992 s TTFT and 377.213900 s TTLT
[16:00:55.304965391|thread 4075097|cpu 202] [info ] [Request 22] Parsing the prompt took 381.8492785 s at 21.45349084377018 tokens/s
[16:00:56.389369343|thread 4077917|cpu 202] [info ] KV cache footprint: 58.27 GB in 268 books
[16:01:03.262460407|thread 4077917|cpu 202] [info ] KV cache footprint: 59.37 GB in 273 books
[16:01:05.687856739|thread 4075090|cpu 202] [info ] [Request 8] Generating 61 response tokens with 8193 context took 71.891705 s at 0.848 average tok/s, or 1178.553 ms/tok
[16:01:05.687878079|thread 4075090|cpu 202] [info ] [Request 8] Request with 8192 tokens in and 64 out (sequence limit) saw 319.213349 s TTFT and 392.232328 s TTLT
[16:01:08.156624786|thread 4075097|cpu 202] [info ] [Request 25] Parsing the prompt took 394.700904188 s at 20.754956254415035 tokens/s
[16:01:14.022901396|thread 4077917|cpu 202] [info ] KV cache footprint: 60.47 GB in 278 books
[16:01:19.021108045|thread 4075098|cpu 202] [info ] [Request 27] Parsing the prompt took 405.565364492 s at 20.19896351420707 tokens/s
[16:01:19.021109666|thread 4075090|cpu 202] [info ] [Request 54] Generating 61 response tokens with 8193 context took 71.731443 s at 0.850 average tok/s, or 1175.925 ms/tok
[16:01:19.021147027|thread 4075090|cpu 202] [info ] [Request 54] Request with 8192 tokens in and 64 out (sequence limit) saw 332.633696 s TTFT and 405.564716 s TTLT
[16:01:24.955036368|thread 4077917|cpu 202] [info ] KV cache footprint: 61.57 GB in 283 books
[16:01:28.734006280|thread 4075090|cpu 202] [info ] [Request 9] Generating 61 response tokens with 8193 context took 71.324793 s at 0.855 average tok/s, or 1169.259 ms/tok
[16:01:28.734035038|thread 4075090|cpu 202] [info ] [Request 9] Request with 8192 tokens in and 64 out (sequence limit) saw 342.724082 s TTFT and 415.278464 s TTLT
[16:01:30.021154782|thread 4075098|cpu 202] [info ] [Request 35] Parsing the prompt took 416.565305715 s at 19.66558397353593 tokens/s
[16:01:33.555477253|thread 4077917|cpu 202] [info ] KV cache footprint: 62.67 GB in 288 books
[16:01:37.250818038|thread 4075098|cpu 202] [info ] [Request 31] Parsing the prompt took 423.795018438 s at 19.330099797287886 tokens/s
[16:01:37.250825298|thread 4075090|cpu 202] [info ] [Request 10] Generating 61 response tokens with 8193 context took 70.992547 s at 0.859 average tok/s, or 1163.812 ms/tok
[16:01:37.250873393|thread 4075090|cpu 202] [info ] [Request 10] Request with 8192 tokens in and 64 out (sequence limit) saw 351.607019 s TTFT and 423.795271 s TTLT
[16:01:40.716887513|thread 4075090|cpu 202] [info ] [Request 11] Generating 61 response tokens with 8193 context took 70.908823 s at 0.860 average tok/s, or 1162.440 ms/tok
[16:01:40.716926087|thread 4075090|cpu 202] [info ] [Request 11] Request with 8192 tokens in and 64 out (sequence limit) saw 355.236401 s TTFT and 427.261320 s TTLT
[16:01:43.075541452|thread 4077917|cpu 202] [info ] KV cache footprint: 63.76 GB in 293 books
[16:01:44.279331332|thread 4075097|cpu 202] [info ] [Request 37] Parsing the prompt took 430.823462586 s at 19.014748989824877 tokens/s
[16:01:47.557112858|thread 4075090|cpu 202] [info ] [Request 16] Generating 61 response tokens with 8193 context took 71.125700 s at 0.858 average tok/s, or 1165.995 ms/tok
[16:01:47.557158497|thread 4075090|cpu 202] [info ] [Request 16] Request with 8192 tokens in and 64 out (sequence limit) saw 361.923886 s TTFT and 434.101489 s TTLT
[16:01:50.957146058|thread 4077917|cpu 202] [info ] KV cache footprint: 64.86 GB in 298 books
[16:01:52.117435803|thread 4075097|cpu 202] [info ] [Request 40] Parsing the prompt took 438.661531747 s at 18.674990641132336 tokens/s
[16:01:56.470697706|thread 4075090|cpu 202] [info ] [Request 18] Generating 61 response tokens with 8193 context took 71.292223 s at 0.856 average tok/s, or 1168.725 ms/tok
[16:01:56.470735285|thread 4075090|cpu 202] [info ] [Request 18] Request with 8192 tokens in and 64 out (sequence limit) saw 370.678814 s TTFT and 443.015052 s TTLT
[16:02:01.035191493|thread 4075097|cpu 202] [info ] [Request 51] Parsing the prompt took 447.578892964 s at 18.30291849946308 tokens/s
[16:02:01.035387237|thread 4077917|cpu 202] [info ] KV cache footprint: 65.96 GB in 303 books
[16:02:07.669637732|thread 4075090|cpu 202] [info ] [Request 22] Generating 61 response tokens with 8193 context took 71.280526 s at 0.856 average tok/s, or 1168.533 ms/tok
[16:02:07.669666990|thread 4075090|cpu 202] [info ] [Request 22] Request with 8192 tokens in and 64 out (sequence limit) saw 381.849279 s TTFT and 454.213949 s TTLT
[16:02:09.991288074|thread 4077917|cpu 202] [info ] KV cache footprint: 67.06 GB in 308 books
[16:02:11.129227854|thread 4075097|cpu 202] [info ] [Request 12] Parsing the prompt took 457.673654199 s at 17.899216887057378 tokens/s
[16:02:17.804538268|thread 4077917|cpu 202] [info ] KV cache footprint: 68.16 GB in 313 books
[16:02:20.130453858|thread 4075090|cpu 202] [info ] [Request 25] Generating 61 response tokens with 8193 context took 70.827180 s at 0.861 average tok/s, or 1161.101 ms/tok
[16:02:20.130480510|thread 4075090|cpu 202] [info ] [Request 25] Request with 8192 tokens in and 64 out (sequence limit) saw 394.700904 s TTFT and 466.674731 s TTLT
[16:02:22.568890125|thread 4075097|cpu 202] [info ] [Request 55] Parsing the prompt took 469.112467795 s at 17.46276332945358 tokens/s
[16:02:28.121970309|thread 4077917|cpu 202] [info ] KV cache footprint: 69.26 GB in 318 books
[16:02:30.472052109|thread 4075090|cpu 202] [info ] [Request 27] Generating 61 response tokens with 8193 context took 70.289863 s at 0.868 average tok/s, or 1152.293 ms/tok
[16:02:30.472079245|thread 4075090|cpu 202] [info ] [Request 27] Request with 8192 tokens in and 64 out (sequence limit) saw 405.565364 s TTFT and 477.016306 s TTLT
[16:02:32.889359358|thread 4075097|cpu 202] [info ] [Request 17] Parsing the prompt took 479.433728079 s at 17.086824560349122 tokens/s
[16:02:37.253760819|thread 4077917|cpu 202] [info ] KV cache footprint: 70.36 GB in 323 books
[16:02:40.692462008|thread 4075090|cpu 202] [info ] [Request 35] Generating 61 response tokens with 8193 context took 69.510999 s at 0.878 average tok/s, or 1139.525 ms/tok
[16:02:40.692485759|thread 4075090|cpu 202] [info ] [Request 35] Request with 8192 tokens in and 64 out (sequence limit) saw 416.565306 s TTFT and 487.236613 s TTLT
[16:02:41.874764070|thread 4075098|cpu 202] [info ] [Request 30] Parsing the prompt took 488.4189764 s at 16.772485091347075 tokens/s
[16:02:46.922391304|thread 4075090|cpu 202] [info ] [Request 31] Generating 61 response tokens with 8193 context took 68.504863 s at 0.890 average tok/s, or 1123.031 ms/tok
[16:02:46.922419270|thread 4075090|cpu 202] [info ] [Request 31] Request with 8192 tokens in and 64 out (sequence limit) saw 423.795018 s TTFT and 493.466590 s TTLT
[16:02:46.922664963|thread 4077917|cpu 202] [info ] KV cache footprint: 71.46 GB in 328 books
[16:02:49.024898874|thread 4075097|cpu 202] [info ] [Request 39] Parsing the prompt took 495.569006595 s at 16.530493011026515 tokens/s
[16:02:52.538121567|thread 4075090|cpu 202] [info ] [Request 37] Generating 61 response tokens with 8193 context took 67.194758 s at 0.908 average tok/s, or 1101.553 ms/tok
[16:02:52.538145799|thread 4075090|cpu 202] [info ] [Request 37] Request with 8192 tokens in and 64 out (sequence limit) saw 430.823463 s TTFT and 499.082251 s TTLT
[16:02:55.268970161|thread 4075097|cpu 202] [info ] [Request 43] Parsing the prompt took 501.812970811 s at 16.3248072020948 tokens/s
[16:02:57.521652704|thread 4077917|cpu 202] [info ] KV cache footprint: 72.55 GB in 333 books
[16:02:58.286174292|thread 4075090|cpu 202] [info ] [Request 40] Generating 61 response tokens with 8193 context took 65.108466 s at 0.937 average tok/s, or 1067.352 ms/tok
[16:02:58.286192694|thread 4075090|cpu 202] [info ] [Request 40] Request with 8192 tokens in and 64 out (sequence limit) saw 438.661532 s TTFT and 504.830269 s TTLT
[16:03:00.586029240|thread 4075097|cpu 202] [info ] [Request 46] Parsing the prompt took 507.129932906 s at 16.153651102898795 tokens/s
[16:03:03.632925598|thread 4075090|cpu 202] [info ] [Request 51] Generating 61 response tokens with 8193 context took 61.537739 s at 0.991 average tok/s, or 1008.815 ms/tok
[16:03:03.632950513|thread 4075090|cpu 202] [info ] [Request 51] Request with 8192 tokens in and 64 out (sequence limit) saw 447.578893 s TTFT and 510.176625 s TTLT
[16:03:05.484875302|thread 4075097|cpu 202] [info ] [Request 50] Parsing the prompt took 512.028607418 s at 15.999106068134928 tokens/s
[16:03:07.695758077|thread 4077917|cpu 202] [info ] KV cache footprint: 73.65 GB in 338 books
[16:03:08.147737054|thread 4075090|cpu 202] [info ] [Request 12] Generating 61 response tokens with 8193 context took 55.933051 s at 1.091 average tok/s, or 916.935 ms/tok
[16:03:08.147756870|thread 4075090|cpu 202] [info ] [Request 12] Request with 8192 tokens in and 64 out (sequence limit) saw 457.673654 s TTFT and 514.692162 s TTLT
[16:03:09.484664282|thread 4075097|cpu 202] [info ] [Request 53] Parsing the prompt took 516.0283016 s at 15.875098273873435 tokens/s
[16:03:11.390057383|thread 4075090|cpu 202] [info ] [Request 55] Generating 61 response tokens with 8193 context took 47.766256 s at 1.277 average tok/s, or 783.053 ms/tok
[16:03:11.390076618|thread 4075090|cpu 202] [info ] [Request 55] Request with 8192 tokens in and 64 out (sequence limit) saw 469.112468 s TTFT and 517.933633 s TTLT
[16:03:11.921753293|thread 4075097|cpu 202] [info ] [Request 56] Parsing the prompt took 518.465301023 s at 15.800478805112144 tokens/s
[16:03:12.329999763|thread 4075090|cpu 202] [info ] [Request 17] Generating 61 response tokens with 8193 context took 38.373288 s at 1.590 average tok/s, or 629.070 ms/tok
[16:03:12.330016223|thread 4075090|cpu 202] [info ] [Request 17] Request with 8192 tokens in and 64 out (sequence limit) saw 479.433728 s TTFT and 518.874369 s TTLT
[16:03:12.726844362|thread 4075090|cpu 202] [info ] [Request 30] Generating 61 response tokens with 8193 context took 29.868471 s at 2.042 average tok/s, or 489.647 ms/tok
[16:03:12.726855660|thread 4075090|cpu 202] [info ] [Request 30] Request with 8192 tokens in and 64 out (sequence limit) saw 488.418976 s TTFT and 519.271057 s TTLT
[16:03:13.023090631|thread 4075090|cpu 202] [info ] [Request 39] Generating 61 response tokens with 8193 context took 23.137442 s at 2.636 average tok/s, or 379.302 ms/tok
[16:03:13.023114497|thread 4075090|cpu 202] [info ] [Request 39] Request with 8192 tokens in and 64 out (sequence limit) saw 495.569007 s TTFT and 519.567198 s TTLT
[16:03:13.259077714|thread 4075090|cpu 202] [info ] [Request 43] Generating 61 response tokens with 8193 context took 17.246553 s at 3.537 average tok/s, or 282.730 ms/tok
[16:03:13.259087035|thread 4075090|cpu 202] [info ] [Request 43] Request with 8192 tokens in and 64 out (sequence limit) saw 501.812971 s TTFT and 519.803078 s TTLT
[16:03:13.443948713|thread 4075090|cpu 202] [info ] [Request 46] Generating 61 response tokens with 8193 context took 12.258649 s at 4.976 average tok/s, or 200.961 ms/tok
[16:03:13.443956359|thread 4075090|cpu 202] [info ] [Request 46] Request with 8192 tokens in and 64 out (sequence limit) saw 507.129933 s TTFT and 519.987853 s TTLT
[16:03:13.601213984|thread 4075090|cpu 202] [info ] [Request 50] Generating 61 response tokens with 8193 context took 7.681306 s at 7.941 average tok/s, or 125.923 ms/tok
[16:03:13.601222801|thread 4075090|cpu 202] [info ] [Request 50] Request with 8192 tokens in and 64 out (sequence limit) saw 512.028607 s TTFT and 520.144947 s TTLT
[16:03:13.725489280|thread 4075090|cpu 202] [info ] [Request 53] Generating 61 response tokens with 8193 context took 3.969261 s at 15.368 average tok/s, or 65.070 ms/tok
[16:03:13.725497044|thread 4075090|cpu 202] [info ] [Request 53] Request with 8192 tokens in and 64 out (sequence limit) saw 516.028302 s TTFT and 520.269128 s TTLT
[16:03:13.803215710|thread 4075090|cpu 202] [info ] [Request 56] Generating 61 response tokens with 8193 context took 1.820689 s at 33.504 average tok/s, or 29.847 ms/tok
[16:03:13.803225076|thread 4075090|cpu 202] [info ] [Request 56] Request with 8192 tokens in and 64 out (sequence limit) saw 518.465301 s TTFT and 520.346763 s TTLT
[16:03:13.811464947|thread 4071557|cpu 202] [info ] [Load] type=batch total=56, completed=56, failed=0, wall=520.36s, max in-flight=56, estimated response throughput 6.888 tok/s
[16:03:13.811489270|thread 4071557|cpu 202] [info ] [Iteration 1/1] Processed 462224 new and 56 reused tokens in 520.36 s.  Throughput 888.284 new and 888.391 all tok/s.
[16:03:13.835968018|thread 4071557|cpu 202] [info ] KV cache footprint: 72.55 GB in 333 books
[16:03:13.858241631|thread 4071557|cpu 202] [info ] KV cache footprint: 71.46 GB in 328 books
[16:03:13.881377068|thread 4071557|cpu 202] [info ] KV cache footprint: 70.36 GB in 323 books
[16:03:13.904297092|thread 4071557|cpu 202] [info ] KV cache footprint: 69.26 GB in 318 books
[16:03:13.926695130|thread 4071557|cpu 202] [info ] KV cache footprint: 68.16 GB in 313 books
[16:03:13.949124305|thread 4071557|cpu 202] [info ] KV cache footprint: 67.06 GB in 308 books
[16:03:13.974748046|thread 4071557|cpu 202] [info ] KV cache footprint: 65.96 GB in 303 books
[16:03:13.997060480|thread 4071557|cpu 202] [info ] KV cache footprint: 64.86 GB in 298 books
[16:03:14.018829586|thread 4071557|cpu 202] [info ] KV cache footprint: 63.76 GB in 293 books
[16:03:14.040667057|thread 4071557|cpu 202] [info ] KV cache footprint: 62.67 GB in 288 books
[16:03:14.061939779|thread 4071557|cpu 202] [info ] KV cache footprint: 61.57 GB in 283 books
[16:03:14.147420660|thread 4071557|cpu 202] [info ] KV cache footprint: 60.47 GB in 278 books
[16:03:14.169421351|thread 4071557|cpu 202] [info ] KV cache footprint: 59.37 GB in 273 books
[16:03:14.191008459|thread 4071557|cpu 202] [info ] KV cache footprint: 58.27 GB in 268 books
[16:03:14.212037907|thread 4071557|cpu 202] [info ] KV cache footprint: 57.17 GB in 263 books
[16:03:14.295536825|thread 4071557|cpu 202] [info ] KV cache footprint: 56.07 GB in 258 books
[16:03:14.317178445|thread 4071557|cpu 202] [info ] KV cache footprint: 54.98 GB in 253 books
[16:03:14.341335370|thread 4071557|cpu 202] [info ] KV cache footprint: 53.88 GB in 248 books
[16:03:14.362910183|thread 4071557|cpu 202] [info ] KV cache footprint: 52.78 GB in 243 books
[16:03:14.384600204|thread 4071557|cpu 202] [info ] KV cache footprint: 51.68 GB in 238 books
[16:03:14.405791146|thread 4071557|cpu 202] [info ] KV cache footprint: 50.58 GB in 233 books
[16:03:14.426823196|thread 4071557|cpu 202] [info ] KV cache footprint: 49.48 GB in 228 books
[16:03:14.447343211|thread 4071557|cpu 202] [info ] KV cache footprint: 48.38 GB in 223 books
[16:03:14.468320995|thread 4071557|cpu 202] [info ] KV cache footprint: 47.29 GB in 218 books
[16:03:14.491962430|thread 4071557|cpu 202] [info ] KV cache footprint: 46.19 GB in 213 books
[16:03:14.512288153|thread 4071557|cpu 202] [info ] KV cache footprint: 45.09 GB in 208 books
[16:03:14.533129312|thread 4071557|cpu 202] [info ] KV cache footprint: 43.99 GB in 203 books
[16:03:14.553143177|thread 4071557|cpu 202] [info ] KV cache footprint: 42.89 GB in 198 books
[16:03:14.573637168|thread 4071557|cpu 202] [info ] KV cache footprint: 41.79 GB in 193 books
[16:03:14.593868638|thread 4071557|cpu 202] [info ] KV cache footprint: 40.69 GB in 188 books
[16:03:14.676984627|thread 4071557|cpu 202] [info ] KV cache footprint: 39.59 GB in 183 books
[16:03:14.698166886|thread 4071557|cpu 202] [info ] KV cache footprint: 38.50 GB in 178 books
[16:03:14.718439434|thread 4071557|cpu 202] [info ] KV cache footprint: 37.40 GB in 173 books
[16:03:14.738292103|thread 4071557|cpu 202] [info ] KV cache footprint: 36.30 GB in 168 books
[16:03:14.758186827|thread 4071557|cpu 202] [info ] KV cache footprint: 35.20 GB in 163 books
[16:03:14.842903289|thread 4071557|cpu 202] [info ] KV cache footprint: 34.10 GB in 158 books
[16:03:14.863421775|thread 4071557|cpu 202] [info ] KV cache footprint: 33.00 GB in 153 books
[16:03:14.882779120|thread 4071557|cpu 202] [info ] KV cache footprint: 31.90 GB in 148 books
[16:03:14.901775076|thread 4071557|cpu 202] [info ] KV cache footprint: 30.81 GB in 143 books
[16:03:14.919898646|thread 4071557|cpu 202] [info ] KV cache footprint: 29.71 GB in 138 books
[16:03:14.936403162|thread 4071557|cpu 202] [info ] KV cache footprint: 28.61 GB in 133 books
[16:03:14.953612747|thread 4071557|cpu 202] [info ] KV cache footprint: 27.51 GB in 128 books
[16:03:14.971776337|thread 4071557|cpu 202] [info ] KV cache footprint: 26.41 GB in 123 books
[16:03:14.990115306|thread 4071557|cpu 202] [info ] KV cache footprint: 25.31 GB in 118 books
[16:03:15.006158612|thread 4071557|cpu 202] [info ] KV cache footprint: 24.21 GB in 113 books
[16:03:15.023971777|thread 4071557|cpu 202] [info ] KV cache footprint: 23.12 GB in 108 books
[16:03:15.039483337|thread 4071557|cpu 202] [info ] KV cache footprint: 22.02 GB in 103 books
[16:03:15.056017851|thread 4071557|cpu 202] [info ] KV cache footprint: 20.92 GB in 98 books
[16:03:15.072943018|thread 4071557|cpu 202] [info ] KV cache footprint: 19.82 GB in 93 books
[16:03:15.092404801|thread 4071557|cpu 202] [info ] KV cache footprint: 18.68 GB in 85 books
[16:03:15.107629428|thread 4071557|cpu 202] [info ] KV cache footprint: 17.58 GB in 80 books
[16:03:15.123767905|thread 4071557|cpu 202] [info ] KV cache footprint: 16.48 GB in 75 books
[16:03:15.139767188|thread 4071557|cpu 202] [info ] KV cache footprint: 15.38 GB in 70 books
[16:03:15.220492283|thread 4071557|cpu 202] [info ] KV cache footprint: 14.28 GB in 65 books
[16:03:15.238436493|thread 4071557|cpu 202] [info ] KV cache footprint: 13.18 GB in 60 books
[16:03:15.256614730|thread 4071557|cpu 202] [info ] KV cache footprint: 12.08 GB in 55 books
[16:03:15.273483071|thread 4071557|cpu 202] [info ] KV cache footprint: 10.99 GB in 50 books
[16:03:15.288558252|thread 4071557|cpu 202] [info ] KV cache footprint: 9.89 GB in 45 books
[16:03:15.305581651|thread 4071557|cpu 202] [info ] KV cache footprint: 8.79 GB in 40 books
[16:03:15.324460988|thread 4071557|cpu 202] [info ] KV cache footprint: 7.69 GB in 35 books
[16:03:15.404044059|thread 4071557|cpu 202] [info ] KV cache footprint: 6.59 GB in 30 books
[16:03:15.422223878|thread 4071557|cpu 202] [info ] KV cache footprint: 5.49 GB in 25 books
[16:03:15.438259532|thread 4071557|cpu 202] [info ] KV cache footprint: 4.39 GB in 20 books
[16:03:15.453668512|thread 4071557|cpu 202] [info ] KV cache footprint: 3.30 GB in 15 books
[16:03:15.468293476|thread 4071557|cpu 202] [info ] KV cache footprint: 2.20 GB in 10 books
[16:03:15.484890433|thread 4071557|cpu 202] [info ] KV cache footprint: 1.10 GB in 5 books
[16:03:15.499231084|thread 4071557|cpu 202] [info ] KV cache footprint: 0.00 GB in 0 books
[16:03:15.502482833|thread 4071557|cpu 202] [info ] Detected 5159380 memory allocations
[16:03:15.530126491|thread 4071557|cpu 202] [info ] Worker speeds: [0.037100624, 0.03722811, 0.03818415, 0.038617525, 0.03708948, 0.038693763, 0.037268534, 0.037363414, 0.037388686, 0.037034094, 0.038664732, 0.0371037, 0.036617856, 0.036089916, 0.035973117, 0.03670257, 0.036534805, 0.03634939, 0.03689288, 0.036139134, 0.03646494, 0.03649291, 0.036301896, 0.03670414, 0.036906496, 0.03681608, 0.037277035]
fusermount3: /home/jhan/workspace/tron-amx/stats/instance-0 not mounted
