[15:13:49.375117968|thread 1900593|cpu 260] [info ] Seed not supplied, using random seed: 0xbfce24e249551d05
[15:13:49.375207390|thread 1900593|cpu 260] [info ] FUSE mount point scoped for instance 0,4: /home/jhan/workspace/tron-amx/stats/instance-0
[15:13:49.376987072|thread 1900593|cpu 260] [info ] heap_v2: registered FUSE stats under /rinzler/stats/dma_heap/
[15:13:49.376994093|thread 1900593|cpu 260] [debug] No PosDevices found; skipping registration of metrics
[15:13:49.379599906|thread 1900593|cpu 260] [info ] Stats/config mounted at /home/jhan/workspace/tron-amx/stats/instance-0
[15:13:50.059144649|thread 1901469|cpu 260] [info ] TSC frequency stable at 2699988893 Hz
[15:13:50.063747785|thread 1901469|cpu 260] [info ] TSC core calibration: min core,offset:26,-32   max core,offset:128,6
[15:13:50.064555926|thread 1900593|cpu 260] [info ] INIT: Intel RTM (TSX) supported
[15:13:50.066284122|thread 1900593|cpu 260] [info ] INIT: CPU vendor=Intel, cores=144, numa=2, model="Intel(R) Xeon(R) 6962P"
[15:13:50.066326261|thread 1900593|cpu 260] [info ] INIT: Found server type: granite_rapids_6962p: 144 cores, Intel Xeon 6962P Granite Rapids server
[15:13:50.066331197|thread 1900593|cpu 260] [info ] INIT: Successfully loaded resource map from /home/jhan/workspace/tron-amx/gen/../config/resource-map.yaml, server type: granite_rapids_6962p
[15:13:50.066430732|thread 1900593|cpu 260] [info ] App CPU list: 151-152,24-29,48-53,153-154,30-35,54-59
[15:13:50.066449747|thread 1900593|cpu 260] [info ] App CPU set: [24, 25, 26, 27, 28, 29, 30, 31, 32, 33, 34, 35, 48, 49, 50, 51, 52, 53, 54, 55, 56, 57, 58, 59, 151, 152, 153, 154]
[15:13:50.066451144|thread 1900593|cpu 260] [info ] App peer CPU set: [8, 9, 10, 11, 168, 169, 170, 171, 172, 173, 174, 175, 176, 177, 178, 179, 192, 193, 194, 195, 196, 197, 198, 199, 200, 201, 202, 203]
[15:13:50.066455910|thread 1900593|cpu 260] [warning] Helper CPU list is empty; helper threads will float on app cpu set.
[15:13:50.066474425|thread 1900593|cpu 260] [info ] Memory allocation policy set to numa 0
[15:13:50.066475701|thread 1900593|cpu 260] [info ] Configured instance 0,4 using resource map (/home/jhan/workspace/tron-amx/gen/../config/resource-map.yaml).
[15:13:50.066541941|thread 1900593|cpu 260] [info ] App CPU list: 151-152,24-29,48-53,153-154,30-35,54-59
[15:13:50.066548107|thread 1900593|cpu 260] [info ] App CPU set: [24, 25, 26, 27, 28, 29, 30, 31, 32, 33, 34, 35, 48, 49, 50, 51, 52, 53, 54, 55, 56, 57, 58, 59, 151, 152, 153, 154]
[15:13:50.066549251|thread 1900593|cpu 260] [info ] App peer CPU set: [8, 9, 10, 11, 168, 169, 170, 171, 172, 173, 174, 175, 176, 177, 178, 179, 192, 193, 194, 195, 196, 197, 198, 199, 200, 201, 202, 203]
[15:13:50.066551646|thread 1900593|cpu 260] [info ] Memory allocation policy set to numa 0
[15:13:50.066554722|thread 1900593|cpu 260] [info ] INIT: Beginning pos_startup()
[15:13:50.066555877|thread 1900593|cpu 260] [info ] INIT: Beginning pos_startup_host()
[15:13:50.066558859|thread 1900593|cpu 260] [info ] Version: 2026.08.19-1407f48d-jhan-amx-p0-dirty hash: 1407f48ddb370b27907a9bf9e39f8d6002aa3ee0
[15:13:50.066560783|thread 1900593|cpu 260] [info ] INIT: System optimization for Intel with 144 cores and 2 numa nodes.
[15:13:50.066561803|thread 1900593|cpu 260] [info ] INIT: Pinning application cores to 151-152,24-29,48-53,153-154,30-35,54-59.
[15:13:50.066596157|thread 1900593|cpu 260] [info ] INIT: Pinning device driver cores to 3,4.
[15:13:50.066614432|thread 1900593|cpu 260] [info ] INIT: NUMA set to 0.
[15:13:50.066746439|thread 1900593|cpu 260] [debug] INIT: Allocating 128 hugepages from /dev/hugepages/amx-cap* on numa 0
[15:14:12.672894045|thread 1900593|cpu 260] [info ] pos_heap_setup: using arena allocator (pos_heap_v2)
[15:14:12.673097389|thread 1900593|cpu 260] [info ] heap_v2: pool expanded by 128 hugepages (128 GiB)
[15:14:12.673100864|thread 1900593|cpu 260] [info ] INIT: pos_startup_host() completed
[15:14:12.677943205|thread 1900593|cpu 260] [debug] Allocator initialized for base: 0x00000000000000, capacity: 0x00000040000000, alignment: 512,  padding 0
[15:14:12.686583597|thread 1900593|cpu 260] [debug] Allocator initialized for base: 0x00000000000000, capacity: 0x00000040000000, alignment: 512,  padding 0
[15:14:12.691294741|thread 1900593|cpu 260] [info ] Found 2 Positron devices
[15:14:13.234311812|thread 1923182|cpu 260] [debug] Dev 13:00.0 pre-blind_reset mailbox_update_addr: mailbox_update_addr: Addr: 75756c9fd010 Bar: 2 Offset: 200010 Flags: RW RAW:100016000 {mailbox_update_addr_fields {address[63:0]:4295057408 (hex:  100016000), }}
[15:14:13.234314591|thread 1900593|cpu 260] [debug] Dev 10:00.0 pre-blind_reset mailbox_update_addr: mailbox_update_addr: Addr: 75752c9fd010 Bar: 2 Offset: 200010 Flags: RW RAW:100014000 {mailbox_update_addr_fields {address[63:0]:4295049216 (hex:  100014000), }}
[15:14:13.234365992|thread 1900593|cpu 260] [debug] Dev 10:00.0 pre-blind_reset mono_results_counter: mono_results_counter: Addr: 75752c9fd018 Bar: 2 Offset: 200018 Flags: RW RAW:f780 {mono_results_counter_fields {counter[15:0]:63360 (hex:  f780), }}
[15:14:13.234338832|thread 1923182|cpu 260] [debug] Dev 13:00.0 pre-blind_reset mono_results_counter: mono_results_counter: Addr: 75756c9fd018 Bar: 2 Offset: 200018 Flags: RW RAW:8c40 {mono_results_counter_fields {counter[15:0]:35904 (hex:  8c40), }}
[15:14:13.234447899|thread 1900593|cpu 260] [warning] Dev 10:00.0 blind_reset: mailbox host write survived soft_reset (enable=true, target_iova=0x100014000); force-clearing
[15:14:13.234453444|thread 1900593|cpu 260] [warning] Dev 10:00.0 blind_reset: tracer host write survived soft_reset (enable=true, target_iova=0x100014400); force-clearing
[15:14:13.234455880|thread 1923182|cpu 260] [warning] Dev 13:00.0 blind_reset: mailbox host write survived soft_reset (enable=true, target_iova=0x100016000); force-clearing
[15:14:13.234461363|thread 1923182|cpu 260] [warning] Dev 13:00.0 blind_reset: tracer host write survived soft_reset (enable=true, target_iova=0x100016400); force-clearing
[15:14:13.234469535|thread 1900593|cpu 260] [warning] Dev 10:00.0 blind_reset: queue[0] host write survived soft_reset (ctrl=0x0, target_iova=0x100005000); force-clearing
[15:14:13.234477120|thread 1900593|cpu 260] [warning] Dev 10:00.0 blind_reset: queue[2049] host write survived soft_reset (ctrl=0x0, target_iova=0x100009800); force-clearing
[15:14:13.234479023|thread 1923182|cpu 260] [warning] Dev 13:00.0 blind_reset: queue[0] host write survived soft_reset (ctrl=0x0, target_iova=0x100006c00); force-clearing
[15:14:13.234483485|thread 1900593|cpu 260] [warning] Dev 10:00.0 blind_reset: queue[2] host write survived soft_reset (ctrl=0x0, target_iova=0x10000a400); force-clearing
[15:14:13.234486434|thread 1923182|cpu 260] [warning] Dev 13:00.0 blind_reset: queue[2049] host write survived soft_reset (ctrl=0x0, target_iova=0x100007000); force-clearing
[15:14:13.234491035|thread 1900593|cpu 260] [warning] Dev 10:00.0 blind_reset: queue[2051] host write survived soft_reset (ctrl=0x0, target_iova=0x10000b800); force-clearing
[15:14:13.234493898|thread 1923182|cpu 260] [warning] Dev 13:00.0 blind_reset: queue[2] host write survived soft_reset (ctrl=0x0, target_iova=0x100007800); force-clearing
[15:14:13.234498360|thread 1900593|cpu 260] [warning] Dev 10:00.0 blind_reset: queue[4] host write survived soft_reset (ctrl=0x0, target_iova=0x100005000); force-clearing
[15:14:13.234501027|thread 1923182|cpu 260] [warning] Dev 13:00.0 blind_reset: queue[2051] host write survived soft_reset (ctrl=0x0, target_iova=0x100008800); force-clearing
[15:14:13.234505443|thread 1900593|cpu 260] [warning] Dev 10:00.0 blind_reset: queue[2053] host write survived soft_reset (ctrl=0x0, target_iova=0x100009800); force-clearing
[15:14:13.234508383|thread 1923182|cpu 260] [warning] Dev 13:00.0 blind_reset: queue[4] host write survived soft_reset (ctrl=0x0, target_iova=0x100006c00); force-clearing
[15:14:13.234512701|thread 1900593|cpu 260] [warning] Dev 10:00.0 blind_reset: queue[6] host write survived soft_reset (ctrl=0x0, target_iova=0x10000a400); force-clearing
[15:14:13.234515458|thread 1923182|cpu 260] [warning] Dev 13:00.0 blind_reset: queue[2053] host write survived soft_reset (ctrl=0x0, target_iova=0x100007000); force-clearing
[15:14:13.234520253|thread 1900593|cpu 260] [warning] Dev 10:00.0 blind_reset: queue[2055] host write survived soft_reset (ctrl=0x0, target_iova=0x10000b800); force-clearing
[15:14:13.234526040|thread 1923182|cpu 260] [warning] Dev 13:00.0 blind_reset: queue[6] host write survived soft_reset (ctrl=0x0, target_iova=0x100007800); force-clearing
[15:14:13.234533216|thread 1923182|cpu 260] [warning] Dev 13:00.0 blind_reset: queue[2055] host write survived soft_reset (ctrl=0x0, target_iova=0x100008800); force-clearing
[15:14:13.234568695|thread 1900593|cpu 260] [info ] Dev 10:00.0: Bitfile Release Code 01.05.08.00 Release Date 06-16-2026
[15:14:13.234569700|thread 1923182|cpu 260] [info ] Dev 13:00.0: Bitfile Release Code 01.05.08.00 Release Date 06-16-2026
[15:14:13.234579591|thread 1900593|cpu 260] [debug] Dev 10:00.0 init counters post-store: act_slots_free=&0x757600004000 val=2048 mm_in_flight=&0x757600004400 val=0 (num_activ_slots=2048)
[15:14:13.234583564|thread 1923182|cpu 260] [debug] Dev 13:00.0 init counters post-store: act_slots_free=&0x757600004800 val=2048 mm_in_flight=&0x757600004c00 val=0 (num_activ_slots=2048)
[15:14:13.345752821|thread 1900593|cpu 260] [debug] Device { idx: 0 addr: 10:00.0 pci_devid: 0x0011 iommu_group: 73 vfio_fd: 9 tx_ready: false rx_ready: false }
  offsets { bar2: 0x4000000000 bar4: 0x8000000000 mmsm_reg: 0x0 amem: 0x4030000000 rmem: 0x4020000000 metadata: 0x4000701000 hbm_north: 0x0 hbm_south: 0x1000000000 hbm_kv: 0x800000000 pos_device: 0xffff8a8b00000000 pos_host: 0x757500000000 }
  caps { col_depth: 128 num_cols: 128 num_fetchers: 32 num_activ_slots: 2048 max_activ_size_slots: 255 rmem_width: 32 pchan_size_bytes: 1073741824 attn_supported: true }
[15:14:13.345761756|thread 1900593|cpu 260] [debug] Dev 10:00.0 init counters end-of-init: act_slots_free=&0x757600004000 val=2048 mm_in_flight=&0x757600004400 val=0 | mcnt_mbox=&0x757600005000 tracer_mbox=&0x757600005400
[15:14:13.345805954|thread 1923182|cpu 260] [debug] Device { idx: 1 addr: 13:00.0 pci_devid: 0x0011 iommu_group: 76 vfio_fd: 10 tx_ready: false rx_ready: false }
  offsets { bar2: 0x4000000000 bar4: 0x8000000000 mmsm_reg: 0x0 amem: 0x4030000000 rmem: 0x4020000000 metadata: 0x4000701000 hbm_north: 0x0 hbm_south: 0x1000000000 hbm_kv: 0x800000000 pos_device: 0xffff8a8b00000000 pos_host: 0x757500000000 }
  caps { col_depth: 128 num_cols: 128 num_fetchers: 32 num_activ_slots: 2048 max_activ_size_slots: 255 rmem_width: 32 pchan_size_bytes: 1073741824 attn_supported: true }
[15:14:13.345815000|thread 1923182|cpu 260] [debug] Dev 13:00.0 init counters end-of-init: act_slots_free=&0x757600004800 val=2048 mm_in_flight=&0x757600004c00 val=0 | mcnt_mbox=&0x757600005800 tracer_mbox=&0x757600005c00
[15:14:13.345864568|thread 1900593|cpu 260] [info ] INIT: pos_startup() completed
[15:14:13.345913698|thread 1900593|cpu 260] [debug] INIT: First call to get_devices() detected, spawning workers
[15:14:13.345962691|thread 1900593|cpu 260] [debug] INIT: waiting for workers to be ready
[15:14:13.346201207|thread 1923210|cpu 260] [info ] [0;32mTx Worker for device 10:00.0 is ready on core 3[0m
[15:14:13.346267764|thread 1923211|cpu 260] [info ] [0;32mTx Worker for device 13:00.0 is ready on core 4[0m
[15:14:13.346367052|thread 1923212|cpu 260] [info ] [0;32mRx Worker for device 10:00.0 is ready on core 147[0m
[15:14:13.346431348|thread 1923213|cpu 260] [info ] [0;32mRx Worker for device 13:00.0 is ready on core 148[0m
[15:14:13.346455495|thread 1900593|cpu 260] [debug] INIT: All workers ready!
[15:14:13.353650183|thread 1900593|cpu 260] [info ] Creating tokenizer for path: /opt/positron/weights_cache/cached/positron-ai/Qwen--Qwen3-4B-Instruct-2507-ingest-best-gptq-v1
[15:14:13.353708918|thread 1900593|cpu 260] [info ] Loaded tokenizer_config.json with settings:
[15:14:13.353712325|thread 1900593|cpu 260] [info ]   add_bos_token: false
[15:14:13.353714848|thread 1900593|cpu 260] [info ] Found tokenizer.json, trying HuggingFace Rust tokenizer
[15:14:13.568832137|thread 1900593|cpu 260] [info ] BOS token text: '<none>', EOS token text: '<|im_end|>'
[15:14:13.568849462|thread 1900593|cpu 260] [info ] Using BOS token ID 151643 from model config
[15:14:13.568986718|thread 1900593|cpu 260] [info ] Found EOS token '<|im_end|>' with ID 151645 in tokenizer
[15:14:13.569005084|thread 1900593|cpu 260] [info ] Using stop tokens: 151645,151643
[15:14:13.676905459|thread 1900593|cpu 260] [info ] HF tokenizer: vocab cache populated 151669 from lexicon view
[15:14:13.677013459|thread 1900593|cpu 260] [info ] HuggingFace tokenizer loaded successfully at /opt/positron/weights_cache/cached/positron-ai/Qwen--Qwen3-4B-Instruct-2507-ingest-best-gptq-v1
[15:14:13.677038547|thread 1900593|cpu 260] [info ] Successfully created HuggingFace Rust tokenizer
[15:14:13.759971440|thread 1900593|cpu 260] [warning] replicating prompt of length 3035
[15:14:13.759983739|thread 1900593|cpu 260] [warning] replicating prompt of length 6070
[15:14:13.759986363|thread 1900593|cpu 260] [warning] replicating prompt of length 2014
[15:14:13.759987929|thread 1900593|cpu 260] [warning] replicating prompt of length 4028
[15:14:13.759989521|thread 1900593|cpu 260] [warning] replicating prompt of length 6042
[15:14:13.759990619|thread 1900593|cpu 260] [warning] replicating prompt of length 8056
[15:14:13.759993151|thread 1900593|cpu 260] [warning] replicating prompt of length 8159
[15:14:13.759995880|thread 1900593|cpu 260] [warning] replicating prompt of length 2270
[15:14:13.759997145|thread 1900593|cpu 260] [warning] replicating prompt of length 4540
[15:14:13.759999671|thread 1900593|cpu 260] [warning] replicating prompt of length 6810
[15:14:13.760000653|thread 1900593|cpu 260] [warning] replicating prompt of length 1056
[15:14:13.760001631|thread 1900593|cpu 260] [warning] replicating prompt of length 2112
[15:14:13.760002389|thread 1900593|cpu 260] [warning] replicating prompt of length 3168
[15:14:13.760003065|thread 1900593|cpu 260] [warning] replicating prompt of length 4224
[15:14:13.760005652|thread 1900593|cpu 260] [warning] replicating prompt of length 5280
[15:14:13.760006754|thread 1900593|cpu 260] [warning] replicating prompt of length 6336
[15:14:13.760007678|thread 1900593|cpu 260] [warning] replicating prompt of length 7392
[15:14:13.760008483|thread 1900593|cpu 260] [warning] replicating prompt of length 1193
[15:14:13.760009434|thread 1900593|cpu 260] [warning] replicating prompt of length 2386
[15:14:13.760010168|thread 1900593|cpu 260] [warning] replicating prompt of length 3579
[15:14:13.760010903|thread 1900593|cpu 260] [warning] replicating prompt of length 4772
[15:14:13.760012295|thread 1900593|cpu 260] [warning] replicating prompt of length 5965
[15:14:13.760013032|thread 1900593|cpu 260] [warning] replicating prompt of length 7158
[15:14:13.760013740|thread 1900593|cpu 260] [warning] replicating prompt of length 1359
[15:14:13.760014775|thread 1900593|cpu 260] [warning] replicating prompt of length 2718
[15:14:13.760015551|thread 1900593|cpu 260] [warning] replicating prompt of length 4077
[15:14:13.760016238|thread 1900593|cpu 260] [warning] replicating prompt of length 5436
[15:14:13.760018689|thread 1900593|cpu 260] [warning] replicating prompt of length 6795
[15:14:13.760019606|thread 1900593|cpu 260] [warning] replicating prompt of length 8154
[15:14:13.760020251|thread 1900593|cpu 260] [warning] replicating prompt of length 1300
[15:14:13.760021206|thread 1900593|cpu 260] [warning] replicating prompt of length 2600
[15:14:13.760021975|thread 1900593|cpu 260] [warning] replicating prompt of length 3900
[15:14:13.760022653|thread 1900593|cpu 260] [warning] replicating prompt of length 5200
[15:14:13.760024990|thread 1900593|cpu 260] [warning] replicating prompt of length 6500
[15:14:13.760025815|thread 1900593|cpu 260] [warning] replicating prompt of length 7800
[15:14:13.760026486|thread 1900593|cpu 260] [warning] replicating prompt of length 5028
[15:14:13.760029496|thread 1900593|cpu 260] [warning] replicating prompt of length 2126
[15:14:13.760030763|thread 1900593|cpu 260] [warning] replicating prompt of length 4252
[15:14:13.760037468|thread 1900593|cpu 260] [warning] replicating prompt of length 6378
[15:14:13.760039159|thread 1900593|cpu 260] [warning] replicating prompt of length 945
[15:14:13.760040280|thread 1900593|cpu 260] [warning] replicating prompt of length 1890
[15:14:13.760041452|thread 1900593|cpu 260] [warning] replicating prompt of length 2835
[15:14:13.760042409|thread 1900593|cpu 260] [warning] replicating prompt of length 3780
[15:14:13.760043294|thread 1900593|cpu 260] [warning] replicating prompt of length 4725
[15:14:13.760044255|thread 1900593|cpu 260] [warning] replicating prompt of length 5670
[15:14:13.760044920|thread 1900593|cpu 260] [warning] replicating prompt of length 6615
[15:14:13.760045577|thread 1900593|cpu 260] [warning] replicating prompt of length 7560
[15:14:13.760048755|thread 1900593|cpu 260] [warning] replicating prompt of length 1250
[15:14:13.760049771|thread 1900593|cpu 260] [warning] replicating prompt of length 2500
[15:14:13.760050555|thread 1900593|cpu 260] [warning] replicating prompt of length 3750
[15:14:13.760051229|thread 1900593|cpu 260] [warning] replicating prompt of length 5000
[15:14:13.760053386|thread 1900593|cpu 260] [warning] replicating prompt of length 6250
[15:14:13.760054249|thread 1900593|cpu 260] [warning] replicating prompt of length 7500
[15:14:13.760054975|thread 1900593|cpu 260] [warning] replicating prompt of length 2490
[15:14:13.760056109|thread 1900593|cpu 260] [warning] replicating prompt of length 4980
[15:14:13.760058561|thread 1900593|cpu 260] [warning] replicating prompt of length 7470
[15:14:13.760059366|thread 1900593|cpu 260] [warning] replicating prompt of length 1064
[15:14:13.760060293|thread 1900593|cpu 260] [warning] replicating prompt of length 2128
[15:14:13.760061268|thread 1900593|cpu 260] [warning] replicating prompt of length 3192
[15:14:13.760061928|thread 1900593|cpu 260] [warning] replicating prompt of length 4256
[15:14:13.760064080|thread 1900593|cpu 260] [warning] replicating prompt of length 5320
[15:14:13.760064908|thread 1900593|cpu 260] [warning] replicating prompt of length 6384
[15:14:13.760065664|thread 1900593|cpu 260] [warning] replicating prompt of length 7448
[15:14:13.760066392|thread 1900593|cpu 260] [warning] replicating prompt of length 1709
[15:14:13.760067893|thread 1900593|cpu 260] [warning] replicating prompt of length 3418
[15:14:13.760069463|thread 1900593|cpu 260] [warning] replicating prompt of length 5127
[15:14:13.760070331|thread 1900593|cpu 260] [warning] replicating prompt of length 6836
[15:14:13.760072908|thread 1900593|cpu 260] [warning] replicating prompt of length 7873
[15:14:13.760076178|thread 1900593|cpu 260] [warning] replicating prompt of length 3255
[15:14:13.760077638|thread 1900593|cpu 260] [warning] replicating prompt of length 6510
[15:14:13.760080601|thread 1900593|cpu 260] [warning] replicating prompt of length 2073
[15:14:13.760081678|thread 1900593|cpu 260] [warning] replicating prompt of length 4146
[15:14:13.760084069|thread 1900593|cpu 260] [warning] replicating prompt of length 6219
[15:14:13.760085054|thread 1900593|cpu 260] [warning] replicating prompt of length 1749
[15:14:13.760086084|thread 1900593|cpu 260] [warning] replicating prompt of length 3498
[15:14:13.760086920|thread 1900593|cpu 260] [warning] replicating prompt of length 5247
[15:14:13.760087655|thread 1900593|cpu 260] [warning] replicating prompt of length 6996
[15:14:13.760090005|thread 1900593|cpu 260] [warning] replicating prompt of length 1243
[15:14:13.760091006|thread 1900593|cpu 260] [warning] replicating prompt of length 2486
[15:14:13.760091791|thread 1900593|cpu 260] [warning] replicating prompt of length 3729
[15:14:13.760092461|thread 1900593|cpu 260] [warning] replicating prompt of length 4972
[15:14:13.760094470|thread 1900593|cpu 260] [warning] replicating prompt of length 6215
[15:14:13.760095333|thread 1900593|cpu 260] [warning] replicating prompt of length 7458
[15:14:13.760096092|thread 1900593|cpu 260] [warning] replicating prompt of length 1628
[15:14:13.760106055|thread 1900593|cpu 260] [warning] replicating prompt of length 3256
[15:14:13.760107050|thread 1900593|cpu 260] [warning] replicating prompt of length 4884
[15:14:13.760107787|thread 1900593|cpu 260] [warning] replicating prompt of length 6512
[15:14:13.760110683|thread 1900593|cpu 260] [warning] replicating prompt of length 8140
[15:14:13.760111438|thread 1900593|cpu 260] [warning] replicating prompt of length 2390
[15:14:13.760112600|thread 1900593|cpu 260] [warning] replicating prompt of length 4780
[15:14:13.760114971|thread 1900593|cpu 260] [warning] replicating prompt of length 7170
[15:14:13.760115821|thread 1900593|cpu 260] [warning] replicating prompt of length 557
[15:14:13.760116732|thread 1900593|cpu 260] [warning] replicating prompt of length 1114
[15:14:13.760117432|thread 1900593|cpu 260] [warning] replicating prompt of length 1671
[15:14:13.760118081|thread 1900593|cpu 260] [warning] replicating prompt of length 2228
[15:14:13.760118826|thread 1900593|cpu 260] [warning] replicating prompt of length 2785
[15:14:13.760119473|thread 1900593|cpu 260] [warning] replicating prompt of length 3342
[15:14:13.760120104|thread 1900593|cpu 260] [warning] replicating prompt of length 3899
[15:14:13.760120721|thread 1900593|cpu 260] [warning] replicating prompt of length 4456
[15:14:13.760122963|thread 1900593|cpu 260] [warning] replicating prompt of length 5013
[15:14:13.760123694|thread 1900593|cpu 260] [warning] replicating prompt of length 5570
[15:14:13.760124383|thread 1900593|cpu 260] [warning] replicating prompt of length 6127
[15:14:13.760125037|thread 1900593|cpu 260] [warning] replicating prompt of length 6684
[15:14:13.760125728|thread 1900593|cpu 260] [warning] replicating prompt of length 7241
[15:14:13.760126407|thread 1900593|cpu 260] [warning] replicating prompt of length 7798
[15:14:13.760127127|thread 1900593|cpu 260] [warning] replicating prompt of length 2355
[15:14:13.760128286|thread 1900593|cpu 260] [warning] replicating prompt of length 4710
[15:14:13.760130399|thread 1900593|cpu 260] [warning] replicating prompt of length 7065
[15:14:13.760131217|thread 1900593|cpu 260] [warning] replicating prompt of length 410
[15:14:13.760132223|thread 1900593|cpu 260] [warning] replicating prompt of length 820
[15:14:13.760133002|thread 1900593|cpu 260] [warning] replicating prompt of length 1230
[15:14:13.760133656|thread 1900593|cpu 260] [warning] replicating prompt of length 1640
[15:14:13.760134432|thread 1900593|cpu 260] [warning] replicating prompt of length 2050
[15:14:13.760135089|thread 1900593|cpu 260] [warning] replicating prompt of length 2460
[15:14:13.760135729|thread 1900593|cpu 260] [warning] replicating prompt of length 2870
[15:14:13.760136359|thread 1900593|cpu 260] [warning] replicating prompt of length 3280
[15:14:13.760137202|thread 1900593|cpu 260] [warning] replicating prompt of length 3690
[15:14:13.760137836|thread 1900593|cpu 260] [warning] replicating prompt of length 4100
[15:14:13.760138463|thread 1900593|cpu 260] [warning] replicating prompt of length 4510
[15:14:13.760139100|thread 1900593|cpu 260] [warning] replicating prompt of length 4920
[15:14:13.760139722|thread 1900593|cpu 260] [warning] replicating prompt of length 5330
[15:14:13.760140362|thread 1900593|cpu 260] [warning] replicating prompt of length 5740
[15:14:13.760140968|thread 1900593|cpu 260] [warning] replicating prompt of length 6150
[15:14:13.760141595|thread 1900593|cpu 260] [warning] replicating prompt of length 6560
[15:14:13.760144199|thread 1900593|cpu 260] [warning] replicating prompt of length 6970
[15:14:13.760144913|thread 1900593|cpu 260] [warning] replicating prompt of length 7380
[15:14:13.760145550|thread 1900593|cpu 260] [warning] replicating prompt of length 7790
[15:14:13.760146225|thread 1900593|cpu 260] [warning] replicating prompt of length 1722
[15:14:13.760147245|thread 1900593|cpu 260] [warning] replicating prompt of length 3444
[15:14:13.760148084|thread 1900593|cpu 260] [warning] replicating prompt of length 5166
[15:14:13.760148811|thread 1900593|cpu 260] [warning] replicating prompt of length 6888
[15:14:13.760155945|thread 1900593|cpu 260] [warning] replicating prompt of length 2378
[15:14:13.760157838|thread 1900593|cpu 260] [warning] replicating prompt of length 4756
[15:14:13.760160229|thread 1900593|cpu 260] [warning] replicating prompt of length 7134
[15:14:13.760161049|thread 1900593|cpu 260] [warning] replicating prompt of length 1980
[15:14:13.760162271|thread 1900593|cpu 260] [warning] replicating prompt of length 3960
[15:14:13.760163153|thread 1900593|cpu 260] [warning] replicating prompt of length 5940
[15:14:13.760164004|thread 1900593|cpu 260] [warning] replicating prompt of length 7920
[15:14:13.760166585|thread 1900593|cpu 260] [warning] replicating prompt of length 1756
[15:14:13.760167743|thread 1900593|cpu 260] [warning] replicating prompt of length 3512
[15:14:13.760168614|thread 1900593|cpu 260] [warning] replicating prompt of length 5268
[15:14:13.760169371|thread 1900593|cpu 260] [warning] replicating prompt of length 7024
[15:14:13.760171967|thread 1900593|cpu 260] [warning] replicating prompt of length 411
[15:14:13.760172760|thread 1900593|cpu 260] [warning] replicating prompt of length 822
[15:14:13.760173471|thread 1900593|cpu 260] [warning] replicating prompt of length 1233
[15:14:13.760174109|thread 1900593|cpu 260] [warning] replicating prompt of length 1644
[15:14:13.760174826|thread 1900593|cpu 260] [warning] replicating prompt of length 2055
[15:14:13.760175488|thread 1900593|cpu 260] [warning] replicating prompt of length 2466
[15:14:13.760176122|thread 1900593|cpu 260] [warning] replicating prompt of length 2877
[15:14:13.760176747|thread 1900593|cpu 260] [warning] replicating prompt of length 3288
[15:14:13.760177554|thread 1900593|cpu 260] [warning] replicating prompt of length 3699
[15:14:13.760178208|thread 1900593|cpu 260] [warning] replicating prompt of length 4110
[15:14:13.760178851|thread 1900593|cpu 260] [warning] replicating prompt of length 4521
[15:14:13.760179506|thread 1900593|cpu 260] [warning] replicating prompt of length 4932
[15:14:13.760180137|thread 1900593|cpu 260] [warning] replicating prompt of length 5343
[15:14:13.760180779|thread 1900593|cpu 260] [warning] replicating prompt of length 5754
[15:14:13.760181431|thread 1900593|cpu 260] [warning] replicating prompt of length 6165
[15:14:13.760182071|thread 1900593|cpu 260] [warning] replicating prompt of length 6576
[15:14:13.760184643|thread 1900593|cpu 260] [warning] replicating prompt of length 6987
[15:14:13.760185336|thread 1900593|cpu 260] [warning] replicating prompt of length 7398
[15:14:13.760186023|thread 1900593|cpu 260] [warning] replicating prompt of length 7809
[15:14:13.760186667|thread 1900593|cpu 260] [warning] replicating prompt of length 1269
[15:14:13.760187588|thread 1900593|cpu 260] [warning] replicating prompt of length 2538
[15:14:13.760188379|thread 1900593|cpu 260] [warning] replicating prompt of length 3807
[15:14:13.760189085|thread 1900593|cpu 260] [warning] replicating prompt of length 5076
[15:14:13.760191212|thread 1900593|cpu 260] [warning] replicating prompt of length 6345
[15:14:13.760192119|thread 1900593|cpu 260] [warning] replicating prompt of length 7614
[15:14:13.760192823|thread 1900593|cpu 260] [warning] replicating prompt of length 2285
[15:14:13.760193743|thread 1900593|cpu 260] [warning] replicating prompt of length 4570
[15:14:13.760196360|thread 1900593|cpu 260] [warning] replicating prompt of length 6855
[15:14:13.760207440|thread 1900593|cpu 260] [info ] Processing 32 prompts
[15:14:13.760364471|thread 1900593|cpu 260] [debug] No model path specified, looking up default
[15:14:13.761416444|thread 1900593|cpu 260] [info ] Model ingested-qwen-3-4b-instruct-2507-tp2 at /opt/positron/weights_cache/cached/positron-ai/Qwen--Qwen3-4B-Instruct-2507-ingest-best-gptq-v1 not in cache 0x5ace92147e88, loading
[15:14:13.761469539|thread 1900593|cpu 260] [info ] Initializing devices took 6.13e-07 s
[15:14:13.761593794|thread 1900593|cpu 260] [info ] Loading all layers from /opt/positron/weights_cache/cached/positron-ai/Qwen--Qwen3-4B-Instruct-2507-ingest-best-gptq-v1
[15:14:13.761615513|thread 1900593|cpu 260] [info ] Using RotatedAmongDevices placement strategy with device_count=2, replicas=1
[15:14:13.761689854|thread 1900593|cpu 260] [info ] Sharded safetensors file found off directory name
[15:14:15.107651546|thread 1900593|cpu 260] [info ] Allocating and loading the model took 1.346174507 s 
[15:14:15.131785325|thread 1900593|cpu 260] [info ] Hw-Attn model params: hw_attn_params { kv_head_size: 128 n_kv_heads: 8 n_heads: 32 gqa: 4 pre_attn_scalar: 0.088388346 hw_layers: 0 }, 36 layers
[15:14:15.137692322|thread 1900593|cpu 260] [info ] HW attention disabled for model 'ingested-qwen-3-4b-instruct-2507-tp2': USE_HW_ATTN=0
[15:14:15.137716536|thread 1900593|cpu 260] [info ] Allocated state tron::model<tron::qwen_3_4b_instruct_2507_impl<tron::make_llm_executor<false, tron::hardware::tp2_min1k_tensor, tron::hardware::btensor, tron::hardware::dtensor> > >::state
[15:14:15.137725368|thread 1900593|cpu 260] [info ] Trying to use 64 GB for persistent KV cache (covering all models)
[15:14:15.137848950|thread 1900593|cpu 260] [info ] Duration between prompts is 0ms ± 0ms
[15:14:15.137858952|thread 1900593|cpu 260] [info ] Enqueueing prompt 1/32 consisting of 8192 tokens
[15:14:15.138078944|thread 1900593|cpu 260] [info ] Enqueueing prompt 2/32 consisting of 8192 tokens
[15:14:15.138091964|thread 1900593|cpu 260] [info ] Enqueueing prompt 3/32 consisting of 8192 tokens
[15:14:15.138106553|thread 1900593|cpu 260] [info ] Enqueueing prompt 4/32 consisting of 8192 tokens
[15:14:15.138118034|thread 1900593|cpu 260] [info ] Enqueueing prompt 5/32 consisting of 8192 tokens
[15:14:15.138129494|thread 1900593|cpu 260] [info ] Enqueueing prompt 6/32 consisting of 8192 tokens
[15:14:15.138140550|thread 1900593|cpu 260] [info ] Enqueueing prompt 7/32 consisting of 8192 tokens
[15:14:15.138157817|thread 1900593|cpu 260] [info ] Enqueueing prompt 8/32 consisting of 8192 tokens
[15:14:15.138168734|thread 1900593|cpu 260] [info ] Enqueueing prompt 9/32 consisting of 8192 tokens
[15:14:15.138179284|thread 1900593|cpu 260] [info ] Enqueueing prompt 10/32 consisting of 8192 tokens
[15:14:15.138189763|thread 1900593|cpu 260] [info ] Enqueueing prompt 11/32 consisting of 8192 tokens
[15:14:15.138201576|thread 1900593|cpu 260] [info ] Enqueueing prompt 12/32 consisting of 8192 tokens
[15:14:15.138213472|thread 1900593|cpu 260] [info ] Enqueueing prompt 13/32 consisting of 8192 tokens
[15:14:15.138226892|thread 1900593|cpu 260] [info ] Enqueueing prompt 14/32 consisting of 8192 tokens
[15:14:15.138237799|thread 1900593|cpu 260] [info ] Enqueueing prompt 15/32 consisting of 8192 tokens
[15:14:15.138249123|thread 1900593|cpu 260] [info ] Enqueueing prompt 16/32 consisting of 8192 tokens
[15:14:15.138260242|thread 1900593|cpu 260] [info ] Enqueueing prompt 17/32 consisting of 8192 tokens
[15:14:15.138270687|thread 1900593|cpu 260] [info ] Enqueueing prompt 18/32 consisting of 8192 tokens
[15:14:15.138281752|thread 1900593|cpu 260] [info ] Enqueueing prompt 19/32 consisting of 8192 tokens
[15:14:15.138295072|thread 1900593|cpu 260] [info ] Enqueueing prompt 20/32 consisting of 8192 tokens
[15:14:15.138305103|thread 1900593|cpu 260] [info ] Enqueueing prompt 21/32 consisting of 8192 tokens
[15:14:15.138315467|thread 1900593|cpu 260] [info ] Enqueueing prompt 22/32 consisting of 8192 tokens
[15:14:15.138326969|thread 1900593|cpu 260] [info ] Enqueueing prompt 23/32 consisting of 8192 tokens
[15:14:15.138337964|thread 1900593|cpu 260] [info ] Enqueueing prompt 24/32 consisting of 8192 tokens
[15:14:15.138349008|thread 1900593|cpu 260] [info ] Enqueueing prompt 25/32 consisting of 8192 tokens
[15:14:15.138362097|thread 1900593|cpu 260] [info ] Enqueueing prompt 26/32 consisting of 8192 tokens
[15:14:15.138373677|thread 1900593|cpu 260] [info ] Enqueueing prompt 27/32 consisting of 8192 tokens
[15:14:15.138384516|thread 1900593|cpu 260] [info ] Enqueueing prompt 28/32 consisting of 8192 tokens
[15:14:15.138396066|thread 1900593|cpu 260] [info ] Enqueueing prompt 29/32 consisting of 8192 tokens
[15:14:15.138417664|thread 1900593|cpu 260] [info ] Enqueueing prompt 30/32 consisting of 8192 tokens
[15:14:15.138430390|thread 1900593|cpu 260] [info ] Enqueueing prompt 31/32 consisting of 8192 tokens
[15:14:15.138442281|thread 1900593|cpu 260] [info ] Enqueueing prompt 32/32 consisting of 8192 tokens
[15:14:15.138781563|thread 1923241|cpu 260] [info ] KV cache footprint: 1.10 GB in 5 books
[15:14:15.138935062|thread 1923241|cpu 260] [info ] KV cache footprint: 2.20 GB in 10 books
[15:14:15.139082906|thread 1923241|cpu 260] [info ] KV cache footprint: 3.30 GB in 15 books
[15:14:15.139270340|thread 1923241|cpu 260] [info ] KV cache footprint: 4.39 GB in 20 books
[15:14:15.139427954|thread 1923241|cpu 260] [info ] KV cache footprint: 5.49 GB in 25 books
[15:14:15.139574426|thread 1923241|cpu 260] [info ] KV cache footprint: 6.59 GB in 30 books
[15:14:20.815025838|thread 1923241|cpu 260] [info ] KV cache footprint: 7.69 GB in 35 books
[15:14:20.815163082|thread 1923241|cpu 260] [info ] KV cache footprint: 8.79 GB in 40 books
[15:14:29.855932784|thread 1923241|cpu 260] [info ] KV cache footprint: 9.89 GB in 45 books
[15:14:42.088017823|thread 1923241|cpu 260] [info ] KV cache footprint: 10.99 GB in 50 books
[15:14:42.088145583|thread 1923241|cpu 260] [info ] KV cache footprint: 12.08 GB in 55 books
[15:14:57.492270311|thread 1923241|cpu 260] [info ] KV cache footprint: 13.18 GB in 60 books
[15:15:16.099294461|thread 1923241|cpu 260] [info ] KV cache footprint: 14.28 GB in 65 books
[15:15:16.099432731|thread 1923241|cpu 260] [info ] KV cache footprint: 15.38 GB in 70 books
[15:15:23.026153679|thread 1923217|cpu 260] [info ] [Request 15] Parsing the prompt took 67.887902347 s at 120.66951130891746 tokens/s
[15:15:23.026153583|thread 1923216|cpu 260] [info ] [Request 14] Parsing the prompt took 67.887912904 s at 120.66949254404493 tokens/s
[15:15:23.026215126|thread 1923221|cpu 260] [info ] [Request 27] Parsing the prompt took 67.887833708 s at 120.66963331361453 tokens/s
[15:15:23.026154043|thread 1923219|cpu 260] [info ] [Request 24] Parsing the prompt took 67.887805707 s at 120.66968308500377 tokens/s
[15:15:23.026153131|thread 1923214|cpu 260] [info ] [Request 1] Parsing the prompt took 67.88828103 s at 120.66883821052907 tokens/s
[15:15:23.026155211|thread 1923218|cpu 260] [info ] [Request 20] Parsing the prompt took 67.887844976 s at 120.66961328491236 tokens/s
[15:15:23.026153674|thread 1923220|cpu 260] [info ] [Request 26] Parsing the prompt took 67.887778594 s at 120.66973127802444 tokens/s
[15:15:23.026153658|thread 1923215|cpu 260] [info ] [Request 2] Parsing the prompt took 67.888059923 s at 120.6692312210944 tokens/s
[15:15:31.080931001|thread 1923241|cpu 260] [info ] KV cache footprint: 16.48 GB in 75 books
[15:15:40.603887171|thread 1923241|cpu 260] [info ] KV cache footprint: 17.58 GB in 80 books
[15:15:41.613960710|thread 1923241|cpu 260] [info ] KV cache footprint: 18.68 GB in 85 books
[15:15:55.212834065|thread 1923241|cpu 260] [info ] KV cache footprint: 19.78 GB in 90 books
[15:16:10.223774437|thread 1923241|cpu 260] [info ] KV cache footprint: 20.87 GB in 95 books
[15:16:11.730118522|thread 1923241|cpu 260] [info ] KV cache footprint: 21.97 GB in 100 books
[15:16:31.141300984|thread 1923241|cpu 260] [info ] KV cache footprint: 23.07 GB in 105 books
[15:16:31.141436057|thread 1923241|cpu 260] [info ] KV cache footprint: 24.17 GB in 110 books
[15:16:34.650086447|thread 1923220|cpu 260] [info ] [Request 26] Generating 61 response tokens with 8193 context took 71.078480 s at 0.858 average tok/s, or 1165.221 ms/tok
[15:16:34.650086486|thread 1923215|cpu 260] [info ] [Request 2] Generating 61 response tokens with 8193 context took 71.078474 s at 0.858 average tok/s, or 1165.221 ms/tok
[15:16:34.650086472|thread 1923214|cpu 260] [info ] [Request 1] Generating 61 response tokens with 8193 context took 71.078478 s at 0.858 average tok/s, or 1165.221 ms/tok
[15:16:34.650171453|thread 1923214|cpu 260] [info ] [Request 1] Request with 8192 tokens in and 64 out (sequence limit) saw 67.888281 s TTFT and 139.512212 s TTLT
[15:16:34.650086493|thread 1923216|cpu 260] [info ] [Request 14] Generating 61 response tokens with 8193 context took 71.078468 s at 0.858 average tok/s, or 1165.221 ms/tok
[15:16:34.650219296|thread 1923216|cpu 260] [info ] [Request 14] Request with 8192 tokens in and 64 out (sequence limit) saw 67.887913 s TTFT and 139.511845 s TTLT
[15:16:34.650089063|thread 1923221|cpu 260] [info ] [Request 27] Generating 61 response tokens with 8193 context took 71.078480 s at 0.858 average tok/s, or 1165.221 ms/tok
[15:16:34.650253281|thread 1923221|cpu 260] [info ] [Request 27] Request with 8192 tokens in and 64 out (sequence limit) saw 67.887834 s TTFT and 139.511706 s TTLT
[15:16:34.650091522|thread 1923218|cpu 260] [info ] [Request 20] Generating 61 response tokens with 8193 context took 71.078486 s at 0.858 average tok/s, or 1165.221 ms/tok
[15:16:34.650276991|thread 1923218|cpu 260] [info ] [Request 20] Request with 8192 tokens in and 64 out (sequence limit) saw 67.887845 s TTFT and 139.511787 s TTLT
[15:16:34.650135028|thread 1923220|cpu 260] [info ] [Request 26] Request with 8192 tokens in and 64 out (sequence limit) saw 67.887779 s TTFT and 139.511714 s TTLT
[15:16:34.650150324|thread 1923215|cpu 260] [info ] [Request 2] Request with 8192 tokens in and 64 out (sequence limit) saw 67.888060 s TTFT and 139.511990 s TTLT
[15:16:34.650086727|thread 1923217|cpu 260] [info ] [Request 15] Generating 61 response tokens with 8193 context took 71.078476 s at 0.858 average tok/s, or 1165.221 ms/tok
[15:16:34.650329030|thread 1923217|cpu 260] [info ] [Request 15] Request with 8192 tokens in and 64 out (sequence limit) saw 67.887902 s TTFT and 139.511836 s TTLT
[15:16:34.650086490|thread 1923219|cpu 260] [info ] [Request 24] Generating 61 response tokens with 8193 context took 71.078480 s at 0.858 average tok/s, or 1165.221 ms/tok
[15:16:34.650350056|thread 1923219|cpu 260] [info ] [Request 24] Request with 8192 tokens in and 64 out (sequence limit) saw 67.887806 s TTFT and 139.511738 s TTLT
[15:16:38.163569398|thread 1923216|cpu 260] [info ] [Request 32] Parsing the prompt took 143.025118651 s at 57.27665236195015 tokens/s
[15:16:38.163569427|thread 1923215|cpu 260] [info ] [Request 29] Parsing the prompt took 143.025153318 s at 57.276638479009556 tokens/s
[15:16:38.163569417|thread 1923214|cpu 260] [info ] [Request 28] Parsing the prompt took 143.025175028 s at 57.276629784905026 tokens/s
[15:16:38.163570392|thread 1923217|cpu 260] [info ] [Request 3] Parsing the prompt took 143.025470117 s at 57.27651161222297 tokens/s
[15:16:38.163573688|thread 1923219|cpu 260] [info ] [Request 8] Parsing the prompt took 143.025408229 s at 57.276536396132315 tokens/s
[15:16:38.163573731|thread 1923218|cpu 260] [info ] [Request 4] Parsing the prompt took 143.025458952 s at 57.276516083400736 tokens/s
[15:16:38.163574931|thread 1923220|cpu 260] [info ] [Request 10] Parsing the prompt took 143.025388227 s at 57.276544406215656 tokens/s
[15:16:46.606861615|thread 1923242|cpu 260] [debug] #EVT# HandleDetails::is_anomalous() handle_id=2 time in state STATE_OPENED exceeded threshold: 67888051504 ns
[15:16:46.606935094|thread 1923242|cpu 260] [debug] #EVT#   Handle,     2, Created, 752866551940908, Last, 753007839450928, Prompted,  8191, Generated,    64, Input TPS, 120.67, Output TPS:  0.77, Callbacks,    64, prompt parsing complete, open
[15:16:46.607005581|thread 1923242|cpu 260] [info ] #EVT#   Handle 2 history:
        SESSION_OPEN, prompt 8192 tokens, offset=0 ns
        PROMPT_TOKENS_REUSE, offset=67888033594 ns
        ON_START_CALLED, offset=67888051504 ns
        ON_START_RETURNED, offset=67888228388 ns
        ON_TOKENS_CALLED, generate 1 tokens, offset=67888235638 ns
        ON_TOKENS_RETURNED, offset=67888236628 ns
        ON_TOKENS_CALLED, generate 1 tokens, offset=68433508582 ns
        ON_TOKENS_RETURNED, offset=68433510188 ns
        ON_TOKENS_CALLED, generate 1 tokens, offset=69008340988 ns
        ON_TOKENS_RETURNED, offset=69008342652 ns
        ON_TOKENS_CALLED, generate 1 tokens, offset=69615583023 ns
        ON_TOKENS_RETURNED, offset=69615583794 ns
        ON_TOKENS_CALLED, generate 1 tokens, offset=70255044471 ns
        ON_TOKENS_RETURNED, offset=70255047555 ns
        ON_TOKENS_CALLED, generate 1 tokens, offset=70910387731 ns
        ON_TOKENS_RETURNED, offset=70910388840 ns
        ON_TOKENS_CALLED, generate 1 tokens, offset=71593479668 ns
        ON_TOKENS_RETURNED, offset=71593480884 ns
        ON_TOKENS_CALLED, generate 1 tokens, offset=72282948363 ns
        ON_TOKENS_RETURNED, offset=72282950546 ns
        ON_TOKENS_CALLED, generate 1 tokens, offset=72990985765 ns
        ON_TOKENS_RETURNED, offset=72990987982 ns
        ON_TOKENS_CALLED, generate 1 tokens, offset=73705618983 ns
        ON_TOKENS_RETURNED, offset=73705620155 ns
        ON_TOKENS_CALLED, generate 1 tokens, offset=74438860628 ns
        ON_TOKENS_RETURNED, offset=74438863154 ns
        ON_TOKENS_CALLED, generate 1 tokens, offset=75181274082 ns
        ON_TOKENS_RETURNED, offset=75181275684 ns
        ON_TOKENS_CALLED, generate 1 tokens, offset=75942612238 ns
        ON_TOKENS_RETURNED, offset=75942613561 ns
        ON_TOKENS_CALLED, generate 1 tokens, offset=76716869333 ns
        ON_TOKENS_RETURNED, offset=76716872519 ns
        ON_TOKENS_CALLED, generate 1 tokens, offset=77508736626 ns
        ON_TOKENS_RETURNED, offset=77508737946 ns
        ON_TOKENS_CALLED, generate 1 tokens, offset=78312431271 ns
        ON_TOKENS_RETURNED, offset=78312432427 ns
        ON_TOKENS_CALLED, generate 1 tokens, offset=79136658312 ns
        ON_TOKENS_RETURNED, offset=79136678031 ns
        ON_TOKENS_CALLED, generate 1 tokens, offset=79964526295 ns
        ON_TOKENS_RETURNED, offset=79964527855 ns
        ON_TOKENS_CALLED, generate 1 tokens, offset=80833280961 ns
        ON_TOKENS_RETURNED, offset=80833282177 ns
        ON_TOKENS_CALLED, generate 1 tokens, offset=81710514040 ns
        ON_TOKENS_RETURNED, offset=81710514835 ns
        ON_TOKENS_CALLED, generate 1 tokens, offset=82623957119 ns
        ON_TOKENS_RETURNED, offset=82623958869 ns
        ON_TOKENS_CALLED, generate 1 tokens, offset=83542168691 ns
        ON_TOKENS_RETURNED, offset=83542170635 ns
        ON_TOKENS_CALLED, generate 1 tokens, offset=84502382502 ns
        ON_TOKENS_RETURNED, offset=84502385357 ns
        ON_TOKENS_CALLED, generate 1 tokens, offset=85464939041 ns
        ON_TOKENS_RETURNED, offset=85464940133 ns
        ON_TOKENS_CALLED, generate 1 tokens, offset=86475636122 ns
        ON_TOKENS_RETURNED, offset=86475638848 ns
        ON_TOKENS_CALLED, generate 1 tokens, offset=87479162255 ns
        ON_TOKENS_RETURNED, offset=87479163819 ns
        ON_TOKENS_CALLED, generate 1 tokens, offset=88528293980 ns
        ON_TOKENS_RETURNED, offset=88528295243 ns
        ON_TOKENS_CALLED, generate 1 tokens, offset=89577344818 ns
        ON_TOKENS_RETURNED, offset=89577346715 ns
        ON_TOKENS_CALLED, generate 1 tokens, offset=90669334622 ns
        ON_TOKENS_RETURNED, offset=90669336948 ns
        ON_TOKENS_CALLED, generate 1 tokens, offset=91751720291 ns
        ON_TOKENS_RETURNED, offset=91751721768 ns
        ON_TOKENS_CALLED, generate 1 tokens, offset=92887331808 ns
        ON_TOKENS_RETURNED, offset=92887334396 ns
        ON_TOKENS_CALLED, generate 1 tokens, offset=94018455395 ns
        ON_TOKENS_RETURNED, offset=94018457443 ns
        ON_TOKENS_CALLED, generate 1 tokens, offset=95196581312 ns
        ON_TOKENS_RETURNED, offset=95196598615 ns
        ON_TOKENS_CALLED, generate 1 tokens, offset=96358674410 ns
        ON_TOKENS_RETURNED, offset=96358675205 ns
        ON_TOKENS_CALLED, generate 1 tokens, offset=97590721733 ns
        ON_TOKENS_RETURNED, offset=97590723135 ns
        ON_TOKENS_CALLED, generate 1 tokens, offset=98810640002 ns
        ON_TOKENS_RETURNED, offset=98810640819 ns
        ON_TOKENS_CALLED, generate 1 tokens, offset=100074579411 ns
        ON_TOKENS_RETURNED, offset=100074581683 ns
        ON_TOKENS_CALLED, generate 1 tokens, offset=101326977276 ns
        ON_TOKENS_RETURNED, offset=101326979365 ns
        ON_TOKENS_CALLED, generate 1 tokens, offset=102636173267 ns
        ON_TOKENS_RETURNED, offset=102636174822 ns
        ON_TOKENS_CALLED, generate 1 tokens, offset=103937151092 ns
        ON_TOKENS_RETURNED, offset=103937152559 ns
        ON_TOKENS_CALLED, generate 1 tokens, offset=105278951685 ns
        ON_TOKENS_RETURNED, offset=105278953995 ns
        ON_TOKENS_CALLED, generate 1 tokens, offset=106598272691 ns
        ON_TOKENS_RETURNED, offset=106598275254 ns
        ON_TOKENS_CALLED, generate 1 tokens, offset=107982199600 ns
        ON_TOKENS_RETURNED, offset=107982201149 ns
        ON_TOKENS_CALLED, generate 1 tokens, offset=109356143135 ns
        ON_TOKENS_RETURNED, offset=109356144197 ns
        ON_TOKENS_CALLED, generate 1 tokens, offset=110778206054 ns
        ON_TOKENS_RETURNED, offset=110778208124 ns
        ON_TOKENS_CALLED, generate 1 tokens, offset=112177947185 ns
        ON_TOKENS_RETURNED, offset=112177948213 ns
        ON_TOKENS_CALLED, generate 1 tokens, offset=113636890218 ns
        ON_TOKENS_RETURNED, offset=113636891645 ns
        ON_TOKENS_CALLED, generate 1 tokens, offset=115085499762 ns
        ON_TOKENS_RETURNED, offset=115085502332 ns
        ON_TOKENS_CALLED, generate 1 tokens, offset=116591810279 ns
        ON_TOKENS_RETURNED, offset=116591812367 ns
        ON_TOKENS_CALLED, generate 1 tokens, offset=118070481895 ns
        ON_TOKENS_RETURNED, offset=118070483522 ns
        ON_TOKENS_CALLED, generate 1 tokens, offset=119615335822 ns
        ON_TOKENS_RETURNED, offset=119615338663 ns
        ON_TOKENS_CALLED, generate 1 tokens, offset=121150956507 ns
        ON_TOKENS_RETURNED, offset=121150957334 ns
        ON_TOKENS_CALLED, generate 1 tokens, offset=122734103227 ns
        ON_TOKENS_RETURNED, offset=122734104374 ns
        ON_TOKENS_CALLED, generate 1 tokens, offset=124292156918 ns
        ON_TOKENS_RETURNED, offset=124292158960 ns
        ON_TOKENS_CALLED, generate 1 tokens, offset=125916789634 ns
        ON_TOKENS_RETURNED, offset=125916790962 ns
        ON_TOKENS_CALLED, generate 1 tokens, offset=127533470671 ns
        ON_TOKENS_RETURNED, offset=127533472854 ns
        ON_TOKENS_CALLED, generate 1 tokens, offset=129198466916 ns
        ON_TOKENS_RETURNED, offset=129198468481 ns
        ON_TOKENS_CALLED, generate 1 tokens, offset=130836619537 ns
        ON_TOKENS_RETURNED, offset=130836620830 ns
        ON_TOKENS_CALLED, generate 1 tokens, offset=132554576657 ns
        ON_TOKENS_RETURNED, offset=132554578662 ns
        ON_TOKENS_CALLED, generate 1 tokens, offset=134252627953 ns
        ON_TOKENS_RETURNED, offset=134252629619 ns
        ON_TOKENS_CALLED, generate 1 tokens, offset=136003051898 ns
        ON_TOKENS_RETURNED, offset=136003052892 ns
        ON_TOKENS_CALLED, generate 1 tokens, offset=137722272954 ns
        ON_TOKENS_RETURNED, offset=137722274480 ns
        ON_TOKENS_CALLED, generate 1 tokens, offset=139511981240 ns
        ON_TOKENS_RETURNED, offset=139512212677 ns
        ON_TOKENS_CALLED, generate 1 tokens, offset=141287501886 ns
        ON_TOKENS_RETURNED, offset=141287510020 ns
[15:16:46.607066062|thread 1923242|cpu 260] [debug] #EVT# HandleDetails::is_anomalous() handle_id=1 time in state STATE_OPENED exceeded threshold: 67888079349 ns
[15:16:46.607068783|thread 1923242|cpu 260] [debug] #EVT#   Handle,     1, Created, 752866551912847, Last, 753007839455385, Prompted,  8192, Generated,    64, Input TPS, 120.67, Output TPS:  0.77, Callbacks,    64, prompt parsing complete, open
[15:16:46.607084765|thread 1923242|cpu 260] [info ] #EVT#   Handle 1 history:
        SESSION_OPEN, prompt 8192 tokens, offset=0 ns
        PROMPT_TOKENS_REUSE, offset=67888061765 ns
        ON_START_CALLED, offset=67888079349 ns
        ON_START_RETURNED, offset=67888204974 ns
        ON_TOKENS_CALLED, generate 1 tokens, offset=67888212443 ns
        ON_TOKENS_RETURNED, offset=67888213423 ns
        ON_TOKENS_CALLED, generate 1 tokens, offset=68433532363 ns
        ON_TOKENS_RETURNED, offset=68433536433 ns
        ON_TOKENS_CALLED, generate 1 tokens, offset=69008369994 ns
        ON_TOKENS_RETURNED, offset=69008371310 ns
        ON_TOKENS_CALLED, generate 1 tokens, offset=69615607638 ns
        ON_TOKENS_RETURNED, offset=69615610500 ns
        ON_TOKENS_CALLED, generate 1 tokens, offset=70255070720 ns
        ON_TOKENS_RETURNED, offset=70255074300 ns
        ON_TOKENS_CALLED, generate 1 tokens, offset=70910414011 ns
        ON_TOKENS_RETURNED, offset=70910415862 ns
        ON_TOKENS_CALLED, generate 1 tokens, offset=71593501933 ns
        ON_TOKENS_RETURNED, offset=71593503992 ns
        ON_TOKENS_CALLED, generate 1 tokens, offset=72282973959 ns
        ON_TOKENS_RETURNED, offset=72282975186 ns
        ON_TOKENS_CALLED, generate 1 tokens, offset=72991012484 ns
        ON_TOKENS_RETURNED, offset=72991015239 ns
        ON_TOKENS_CALLED, generate 1 tokens, offset=73705643520 ns
        ON_TOKENS_RETURNED, offset=73705646133 ns
        ON_TOKENS_CALLED, generate 1 tokens, offset=74438870207 ns
        ON_TOKENS_RETURNED, offset=74438872836 ns
        ON_TOKENS_CALLED, generate 1 tokens, offset=75181306939 ns
        ON_TOKENS_RETURNED, offset=75181308038 ns
        ON_TOKENS_CALLED, generate 1 tokens, offset=75942629391 ns
        ON_TOKENS_RETURNED, offset=75942631917 ns
        ON_TOKENS_CALLED, generate 1 tokens, offset=76716899006 ns
        ON_TOKENS_RETURNED, offset=76716900801 ns
        ON_TOKENS_CALLED, generate 1 tokens, offset=77508757485 ns
        ON_TOKENS_RETURNED, offset=77508759826 ns
        ON_TOKENS_CALLED, generate 1 tokens, offset=78312458276 ns
        ON_TOKENS_RETURNED, offset=78312459834 ns
        ON_TOKENS_CALLED, generate 1 tokens, offset=79136694188 ns
        ON_TOKENS_RETURNED, offset=79136698105 ns
        ON_TOKENS_CALLED, generate 1 tokens, offset=79964555339 ns
        ON_TOKENS_RETURNED, offset=79964556512 ns
        ON_TOKENS_CALLED, generate 1 tokens, offset=80833302203 ns
        ON_TOKENS_RETURNED, offset=80833304332 ns
        ON_TOKENS_CALLED, generate 1 tokens, offset=81710540667 ns
        ON_TOKENS_RETURNED, offset=81710542357 ns
        ON_TOKENS_CALLED, generate 1 tokens, offset=82623982927 ns
        ON_TOKENS_RETURNED, offset=82623986258 ns
        ON_TOKENS_CALLED, generate 1 tokens, offset=83542200673 ns
        ON_TOKENS_RETURNED, offset=83542202507 ns
        ON_TOKENS_CALLED, generate 1 tokens, offset=84502409714 ns
        ON_TOKENS_RETURNED, offset=84502413211 ns
        ON_TOKENS_CALLED, generate 1 tokens, offset=85464961074 ns
        ON_TOKENS_RETURNED, offset=85464962420 ns
        ON_TOKENS_CALLED, generate 1 tokens, offset=86475657370 ns
        ON_TOKENS_RETURNED, offset=86475659819 ns
        ON_TOKENS_CALLED, generate 1 tokens, offset=87479184723 ns
        ON_TOKENS_RETURNED, offset=87479187352 ns
        ON_TOKENS_CALLED, generate 1 tokens, offset=88528320475 ns
        ON_TOKENS_RETURNED, offset=88528322529 ns
        ON_TOKENS_CALLED, generate 1 tokens, offset=89577372110 ns
        ON_TOKENS_RETURNED, offset=89577373451 ns
        ON_TOKENS_CALLED, generate 1 tokens, offset=90669365340 ns
        ON_TOKENS_RETURNED, offset=90669366787 ns
        ON_TOKENS_CALLED, generate 1 tokens, offset=91751747660 ns
        ON_TOKENS_RETURNED, offset=91751749502 ns
        ON_TOKENS_CALLED, generate 1 tokens, offset=92887358820 ns
        ON_TOKENS_RETURNED, offset=92887361495 ns
        ON_TOKENS_CALLED, generate 1 tokens, offset=94018481552 ns
        ON_TOKENS_RETURNED, offset=94018485094 ns
        ON_TOKENS_CALLED, generate 1 tokens, offset=95196607941 ns
        ON_TOKENS_RETURNED, offset=95196639636 ns
        ON_TOKENS_CALLED, generate 1 tokens, offset=96358698481 ns
        ON_TOKENS_RETURNED, offset=96358699453 ns
        ON_TOKENS_CALLED, generate 1 tokens, offset=97590744349 ns
        ON_TOKENS_RETURNED, offset=97590747871 ns
        ON_TOKENS_CALLED, generate 1 tokens, offset=98810663430 ns
        ON_TOKENS_RETURNED, offset=98810665032 ns
        ON_TOKENS_CALLED, generate 1 tokens, offset=100074605973 ns
        ON_TOKENS_RETURNED, offset=100074608599 ns
        ON_TOKENS_CALLED, generate 1 tokens, offset=101327003933 ns
        ON_TOKENS_RETURNED, offset=101327005695 ns
        ON_TOKENS_CALLED, generate 1 tokens, offset=102636196878 ns
        ON_TOKENS_RETURNED, offset=102636198883 ns
        ON_TOKENS_CALLED, generate 1 tokens, offset=103937172821 ns
        ON_TOKENS_RETURNED, offset=103937175759 ns
        ON_TOKENS_CALLED, generate 1 tokens, offset=105278979490 ns
        ON_TOKENS_RETURNED, offset=105278982165 ns
        ON_TOKENS_CALLED, generate 1 tokens, offset=106598299074 ns
        ON_TOKENS_RETURNED, offset=106598302229 ns
        ON_TOKENS_CALLED, generate 1 tokens, offset=107982230745 ns
        ON_TOKENS_RETURNED, offset=107982232445 ns
        ON_TOKENS_CALLED, generate 1 tokens, offset=109356167995 ns
        ON_TOKENS_RETURNED, offset=109356170541 ns
        ON_TOKENS_CALLED, generate 1 tokens, offset=110778231577 ns
        ON_TOKENS_RETURNED, offset=110778234173 ns
        ON_TOKENS_CALLED, generate 1 tokens, offset=112177974159 ns
        ON_TOKENS_RETURNED, offset=112177975536 ns
        ON_TOKENS_CALLED, generate 1 tokens, offset=113636915334 ns
        ON_TOKENS_RETURNED, offset=113636918011 ns
        ON_TOKENS_CALLED, generate 1 tokens, offset=115085526769 ns
        ON_TOKENS_RETURNED, offset=115085529545 ns
        ON_TOKENS_CALLED, generate 1 tokens, offset=116591823109 ns
        ON_TOKENS_RETURNED, offset=116591824992 ns
        ON_TOKENS_CALLED, generate 1 tokens, offset=118070509158 ns
        ON_TOKENS_RETURNED, offset=118070511709 ns
        ON_TOKENS_CALLED, generate 1 tokens, offset=119615365569 ns
        ON_TOKENS_RETURNED, offset=119615367629 ns
        ON_TOKENS_CALLED, generate 1 tokens, offset=121150971774 ns
        ON_TOKENS_RETURNED, offset=121150973794 ns
        ON_TOKENS_CALLED, generate 1 tokens, offset=122734128364 ns
        ON_TOKENS_RETURNED, offset=122734129711 ns
        ON_TOKENS_CALLED, generate 1 tokens, offset=124292182447 ns
        ON_TOKENS_RETURNED, offset=124292184463 ns
        ON_TOKENS_CALLED, generate 1 tokens, offset=125916825004 ns
        ON_TOKENS_RETURNED, offset=125916825869 ns
        ON_TOKENS_CALLED, generate 1 tokens, offset=127533495704 ns
        ON_TOKENS_RETURNED, offset=127533499134 ns
        ON_TOKENS_CALLED, generate 1 tokens, offset=129198497696 ns
        ON_TOKENS_RETURNED, offset=129198499742 ns
        ON_TOKENS_CALLED, generate 1 tokens, offset=130836644953 ns
        ON_TOKENS_RETURNED, offset=130836647679 ns
        ON_TOKENS_CALLED, generate 1 tokens, offset=132554600565 ns
        ON_TOKENS_RETURNED, offset=132554602467 ns
        ON_TOKENS_CALLED, generate 1 tokens, offset=134252655600 ns
        ON_TOKENS_RETURNED, offset=134252657413 ns
        ON_TOKENS_CALLED, generate 1 tokens, offset=136003078443 ns
        ON_TOKENS_RETURNED, offset=136003080121 ns
        ON_TOKENS_CALLED, generate 1 tokens, offset=137722298403 ns
        ON_TOKENS_RETURNED, offset=137722300677 ns
        ON_TOKENS_CALLED, generate 1 tokens, offset=139512010689 ns
        ON_TOKENS_RETURNED, offset=139512129002 ns
        ON_TOKENS_CALLED, generate 1 tokens, offset=141287529572 ns
        ON_TOKENS_RETURNED, offset=141287542538 ns
[15:16:46.607096924|thread 1923242|cpu 260] [debug] #EVT# HandleDetails::is_anomalous() handle_id=14 time in state STATE_OPENED exceeded threshold: 67887905506 ns
[15:16:46.607098804|thread 1923242|cpu 260] [debug] #EVT#   Handle,    14, Created, 752866552086931, Last, 753007839451684, Prompted,  8191, Generated,    64, Input TPS, 120.67, Output TPS:  0.77, Callbacks,    64, prompt parsing complete, open
[15:16:46.607114439|thread 1923242|cpu 260] [info ] #EVT#   Handle 14 history:
        SESSION_OPEN, prompt 8192 tokens, offset=0 ns
        PROMPT_TOKENS_REUSE, offset=67887888039 ns
        ON_START_CALLED, offset=67887905506 ns
        ON_START_RETURNED, offset=67887978266 ns
        ON_TOKENS_CALLED, generate 1 tokens, offset=67887988708 ns
        ON_TOKENS_RETURNED, offset=67887989890 ns
        ON_TOKENS_CALLED, generate 1 tokens, offset=68433370156 ns
        ON_TOKENS_RETURNED, offset=68433371958 ns
        ON_TOKENS_CALLED, generate 1 tokens, offset=69008202290 ns
        ON_TOKENS_RETURNED, offset=69008203367 ns
        ON_TOKENS_CALLED, generate 1 tokens, offset=69615439894 ns
        ON_TOKENS_RETURNED, offset=69615442168 ns
        ON_TOKENS_CALLED, generate 1 tokens, offset=70254906112 ns
        ON_TOKENS_RETURNED, offset=70254907750 ns
        ON_TOKENS_CALLED, generate 1 tokens, offset=70910246961 ns
        ON_TOKENS_RETURNED, offset=70910248615 ns
        ON_TOKENS_CALLED, generate 1 tokens, offset=71593433957 ns
        ON_TOKENS_RETURNED, offset=71593434927 ns
        ON_TOKENS_CALLED, generate 1 tokens, offset=72282803744 ns
        ON_TOKENS_RETURNED, offset=72282805941 ns
        ON_TOKENS_CALLED, generate 1 tokens, offset=72990839993 ns
        ON_TOKENS_RETURNED, offset=72990841788 ns
        ON_TOKENS_CALLED, generate 1 tokens, offset=73705472498 ns
        ON_TOKENS_RETURNED, offset=73705473951 ns
        ON_TOKENS_CALLED, generate 1 tokens, offset=74438709165 ns
        ON_TOKENS_RETURNED, offset=74438709977 ns
        ON_TOKENS_CALLED, generate 1 tokens, offset=75181139010 ns
        ON_TOKENS_RETURNED, offset=75181139853 ns
        ON_TOKENS_CALLED, generate 1 tokens, offset=75942462153 ns
        ON_TOKENS_RETURNED, offset=75942463563 ns
        ON_TOKENS_CALLED, generate 1 tokens, offset=76716727063 ns
        ON_TOKENS_RETURNED, offset=76716728304 ns
        ON_TOKENS_CALLED, generate 1 tokens, offset=77508580158 ns
        ON_TOKENS_RETURNED, offset=77508582628 ns
        ON_TOKENS_CALLED, generate 1 tokens, offset=78312284737 ns
        ON_TOKENS_RETURNED, offset=78312286604 ns
        ON_TOKENS_CALLED, generate 1 tokens, offset=79136527792 ns
        ON_TOKENS_RETURNED, offset=79136552858 ns
        ON_TOKENS_CALLED, generate 1 tokens, offset=79964382213 ns
        ON_TOKENS_RETURNED, offset=79964383205 ns
        ON_TOKENS_CALLED, generate 1 tokens, offset=80833141702 ns
        ON_TOKENS_RETURNED, offset=80833143114 ns
        ON_TOKENS_CALLED, generate 1 tokens, offset=81710368454 ns
        ON_TOKENS_RETURNED, offset=81710369313 ns
        ON_TOKENS_CALLED, generate 1 tokens, offset=82623812747 ns
        ON_TOKENS_RETURNED, offset=82623814804 ns
        ON_TOKENS_CALLED, generate 1 tokens, offset=83542035927 ns
        ON_TOKENS_RETURNED, offset=83542039376 ns
        ON_TOKENS_CALLED, generate 1 tokens, offset=84502238474 ns
        ON_TOKENS_RETURNED, offset=84502240682 ns
        ON_TOKENS_CALLED, generate 1 tokens, offset=85464790367 ns
        ON_TOKENS_RETURNED, offset=85464792908 ns
        ON_TOKENS_CALLED, generate 1 tokens, offset=86475487017 ns
        ON_TOKENS_RETURNED, offset=86475489365 ns
        ON_TOKENS_CALLED, generate 1 tokens, offset=87479014257 ns
        ON_TOKENS_RETURNED, offset=87479016174 ns
        ON_TOKENS_CALLED, generate 1 tokens, offset=88528149587 ns
        ON_TOKENS_RETURNED, offset=88528151981 ns
        ON_TOKENS_CALLED, generate 1 tokens, offset=89577202606 ns
        ON_TOKENS_RETURNED, offset=89577203396 ns
        ON_TOKENS_CALLED, generate 1 tokens, offset=90669189336 ns
        ON_TOKENS_RETURNED, offset=90669190881 ns
        ON_TOKENS_CALLED, generate 1 tokens, offset=91751579417 ns
        ON_TOKENS_RETURNED, offset=91751580340 ns
        ON_TOKENS_CALLED, generate 1 tokens, offset=92887189151 ns
        ON_TOKENS_RETURNED, offset=92887190435 ns
        ON_TOKENS_CALLED, generate 1 tokens, offset=94018308780 ns
        ON_TOKENS_RETURNED, offset=94018310947 ns
        ON_TOKENS_CALLED, generate 1 tokens, offset=95196436801 ns
        ON_TOKENS_RETURNED, offset=95196465483 ns
        ON_TOKENS_CALLED, generate 1 tokens, offset=96358523495 ns
        ON_TOKENS_RETURNED, offset=96358525817 ns
        ON_TOKENS_CALLED, generate 1 tokens, offset=97590571649 ns
        ON_TOKENS_RETURNED, offset=97590574351 ns
        ON_TOKENS_CALLED, generate 1 tokens, offset=98810482339 ns
        ON_TOKENS_RETURNED, offset=98810484504 ns
        ON_TOKENS_CALLED, generate 1 tokens, offset=100074436715 ns
        ON_TOKENS_RETURNED, offset=100074438771 ns
        ON_TOKENS_CALLED, generate 1 tokens, offset=101326830866 ns
        ON_TOKENS_RETURNED, offset=101326832557 ns
        ON_TOKENS_CALLED, generate 1 tokens, offset=102636025571 ns
        ON_TOKENS_RETURNED, offset=102636027957 ns
        ON_TOKENS_CALLED, generate 1 tokens, offset=103937010470 ns
        ON_TOKENS_RETURNED, offset=103937011866 ns
        ON_TOKENS_CALLED, generate 1 tokens, offset=105278810354 ns
        ON_TOKENS_RETURNED, offset=105278812512 ns
        ON_TOKENS_CALLED, generate 1 tokens, offset=106598128768 ns
        ON_TOKENS_RETURNED, offset=106598131888 ns
        ON_TOKENS_CALLED, generate 1 tokens, offset=107982061816 ns
        ON_TOKENS_RETURNED, offset=107982062821 ns
        ON_TOKENS_CALLED, generate 1 tokens, offset=109355995870 ns
        ON_TOKENS_RETURNED, offset=109355997634 ns
        ON_TOKENS_CALLED, generate 1 tokens, offset=110778059412 ns
        ON_TOKENS_RETURNED, offset=110778060731 ns
        ON_TOKENS_CALLED, generate 1 tokens, offset=112177803904 ns
        ON_TOKENS_RETURNED, offset=112177805247 ns
        ON_TOKENS_CALLED, generate 1 tokens, offset=113636746372 ns
        ON_TOKENS_RETURNED, offset=113636747415 ns
        ON_TOKENS_CALLED, generate 1 tokens, offset=115085355740 ns
        ON_TOKENS_RETURNED, offset=115085357309 ns
        ON_TOKENS_CALLED, generate 1 tokens, offset=116591651046 ns
        ON_TOKENS_RETURNED, offset=116591652923 ns
        ON_TOKENS_CALLED, generate 1 tokens, offset=118070342947 ns
        ON_TOKENS_RETURNED, offset=118070345252 ns
        ON_TOKENS_CALLED, generate 1 tokens, offset=119615194966 ns
        ON_TOKENS_RETURNED, offset=119615196545 ns
        ON_TOKENS_CALLED, generate 1 tokens, offset=121150803160 ns
        ON_TOKENS_RETURNED, offset=121150805293 ns
        ON_TOKENS_CALLED, generate 1 tokens, offset=122733961750 ns
        ON_TOKENS_RETURNED, offset=122733963243 ns
        ON_TOKENS_CALLED, generate 1 tokens, offset=124292012071 ns
        ON_TOKENS_RETURNED, offset=124292013367 ns
        ON_TOKENS_CALLED, generate 1 tokens, offset=125916642237 ns
        ON_TOKENS_RETURNED, offset=125916644548 ns
        ON_TOKENS_CALLED, generate 1 tokens, offset=127533326921 ns
        ON_TOKENS_RETURNED, offset=127533328048 ns
        ON_TOKENS_CALLED, generate 1 tokens, offset=129198319242 ns
        ON_TOKENS_RETURNED, offset=129198321506 ns
        ON_TOKENS_CALLED, generate 1 tokens, offset=130836477749 ns
        ON_TOKENS_RETURNED, offset=130836479122 ns
        ON_TOKENS_CALLED, generate 1 tokens, offset=132554436168 ns
        ON_TOKENS_RETURNED, offset=132554438265 ns
        ON_TOKENS_CALLED, generate 1 tokens, offset=134252484568 ns
        ON_TOKENS_RETURNED, offset=134252485563 ns
        ON_TOKENS_CALLED, generate 1 tokens, offset=136002911204 ns
        ON_TOKENS_RETURNED, offset=136002912606 ns
        ON_TOKENS_CALLED, generate 1 tokens, offset=137722127627 ns
        ON_TOKENS_RETURNED, offset=137722129061 ns
        ON_TOKENS_CALLED, generate 1 tokens, offset=139511838334 ns
        ON_TOKENS_RETURNED, offset=139511989499 ns
        ON_TOKENS_CALLED, generate 1 tokens, offset=141287359134 ns
        ON_TOKENS_RETURNED, offset=141287364753 ns
[15:16:46.607127170|thread 1923242|cpu 260] [debug] #EVT# HandleDetails::is_anomalous() handle_id=15 time in state STATE_OPENED exceeded threshold: 67887894713 ns
[15:16:46.607128848|thread 1923242|cpu 260] [debug] #EVT#   Handle,    15, Created, 752866552097871, Last, 753007839451223, Prompted,  8191, Generated,    64, Input TPS, 120.67, Output TPS:  0.77, Callbacks,    64, prompt parsing complete, open
[15:16:46.607143224|thread 1923242|cpu 260] [info ] #EVT#   Handle 15 history:
        SESSION_OPEN, prompt 8192 tokens, offset=0 ns
        PROMPT_TOKENS_REUSE, offset=67887878367 ns
        ON_START_CALLED, offset=67887894713 ns
        ON_START_RETURNED, offset=67887951657 ns
        ON_TOKENS_CALLED, generate 1 tokens, offset=67887969717 ns
        ON_TOKENS_RETURNED, offset=67887971942 ns
        ON_TOKENS_CALLED, generate 1 tokens, offset=68433353742 ns
        ON_TOKENS_RETURNED, offset=68433355393 ns
        ON_TOKENS_CALLED, generate 1 tokens, offset=69008185640 ns
        ON_TOKENS_RETURNED, offset=69008186982 ns
        ON_TOKENS_CALLED, generate 1 tokens, offset=69615429393 ns
        ON_TOKENS_RETURNED, offset=69615430899 ns
        ON_TOKENS_CALLED, generate 1 tokens, offset=70254892470 ns
        ON_TOKENS_RETURNED, offset=70254894304 ns
        ON_TOKENS_CALLED, generate 1 tokens, offset=70910227075 ns
        ON_TOKENS_RETURNED, offset=70910229001 ns
        ON_TOKENS_CALLED, generate 1 tokens, offset=71593329254 ns
        ON_TOKENS_RETURNED, offset=71593330193 ns
        ON_TOKENS_CALLED, generate 1 tokens, offset=72282796840 ns
        ON_TOKENS_RETURNED, offset=72282798611 ns
        ON_TOKENS_CALLED, generate 1 tokens, offset=72990834015 ns
        ON_TOKENS_RETURNED, offset=72990835615 ns
        ON_TOKENS_CALLED, generate 1 tokens, offset=73705463991 ns
        ON_TOKENS_RETURNED, offset=73705465705 ns
        ON_TOKENS_CALLED, generate 1 tokens, offset=74438693505 ns
        ON_TOKENS_RETURNED, offset=74438694512 ns
        ON_TOKENS_CALLED, generate 1 tokens, offset=75181118422 ns
        ON_TOKENS_RETURNED, offset=75181119589 ns
        ON_TOKENS_CALLED, generate 1 tokens, offset=75942446418 ns
        ON_TOKENS_RETURNED, offset=75942448057 ns
        ON_TOKENS_CALLED, generate 1 tokens, offset=76716716082 ns
        ON_TOKENS_RETURNED, offset=76716717305 ns
        ON_TOKENS_CALLED, generate 1 tokens, offset=77508583586 ns
        ON_TOKENS_RETURNED, offset=77508586043 ns
        ON_TOKENS_CALLED, generate 1 tokens, offset=78312276190 ns
        ON_TOKENS_RETURNED, offset=78312277210 ns
        ON_TOKENS_CALLED, generate 1 tokens, offset=79136513885 ns
        ON_TOKENS_RETURNED, offset=79136524190 ns
        ON_TOKENS_CALLED, generate 1 tokens, offset=79964373215 ns
        ON_TOKENS_RETURNED, offset=79964374185 ns
        ON_TOKENS_CALLED, generate 1 tokens, offset=80833120121 ns
        ON_TOKENS_RETURNED, offset=80833121838 ns
        ON_TOKENS_CALLED, generate 1 tokens, offset=81710359080 ns
        ON_TOKENS_RETURNED, offset=81710362040 ns
        ON_TOKENS_CALLED, generate 1 tokens, offset=82623802741 ns
        ON_TOKENS_RETURNED, offset=82623804847 ns
        ON_TOKENS_CALLED, generate 1 tokens, offset=83542026450 ns
        ON_TOKENS_RETURNED, offset=83542028032 ns
        ON_TOKENS_CALLED, generate 1 tokens, offset=84502228686 ns
        ON_TOKENS_RETURNED, offset=84502230281 ns
        ON_TOKENS_CALLED, generate 1 tokens, offset=85464780549 ns
        ON_TOKENS_RETURNED, offset=85464783043 ns
        ON_TOKENS_CALLED, generate 1 tokens, offset=86475475951 ns
        ON_TOKENS_RETURNED, offset=86475477405 ns
        ON_TOKENS_CALLED, generate 1 tokens, offset=87479004032 ns
        ON_TOKENS_RETURNED, offset=87479005118 ns
        ON_TOKENS_CALLED, generate 1 tokens, offset=88528141691 ns
        ON_TOKENS_RETURNED, offset=88528142840 ns
        ON_TOKENS_CALLED, generate 1 tokens, offset=89577191486 ns
        ON_TOKENS_RETURNED, offset=89577193372 ns
        ON_TOKENS_CALLED, generate 1 tokens, offset=90669181957 ns
        ON_TOKENS_RETURNED, offset=90669182870 ns
        ON_TOKENS_CALLED, generate 1 tokens, offset=91751569615 ns
        ON_TOKENS_RETURNED, offset=91751570390 ns
        ON_TOKENS_CALLED, generate 1 tokens, offset=92887180342 ns
        ON_TOKENS_RETURNED, offset=92887182356 ns
        ON_TOKENS_CALLED, generate 1 tokens, offset=94018300246 ns
        ON_TOKENS_RETURNED, offset=94018302262 ns
        ON_TOKENS_CALLED, generate 1 tokens, offset=95196427901 ns
        ON_TOKENS_RETURNED, offset=95196455208 ns
        ON_TOKENS_CALLED, generate 1 tokens, offset=96358516604 ns
        ON_TOKENS_RETURNED, offset=96358517632 ns
        ON_TOKENS_CALLED, generate 1 tokens, offset=97590566042 ns
        ON_TOKENS_RETURNED, offset=97590567447 ns
        ON_TOKENS_CALLED, generate 1 tokens, offset=98810475290 ns
        ON_TOKENS_RETURNED, offset=98810477517 ns
        ON_TOKENS_CALLED, generate 1 tokens, offset=100074425488 ns
        ON_TOKENS_RETURNED, offset=100074428093 ns
        ON_TOKENS_CALLED, generate 1 tokens, offset=101326821226 ns
        ON_TOKENS_RETURNED, offset=101326822759 ns
        ON_TOKENS_CALLED, generate 1 tokens, offset=102636017556 ns
        ON_TOKENS_RETURNED, offset=102636018716 ns
        ON_TOKENS_CALLED, generate 1 tokens, offset=103936993635 ns
        ON_TOKENS_RETURNED, offset=103936995353 ns
        ON_TOKENS_CALLED, generate 1 tokens, offset=105278798987 ns
        ON_TOKENS_RETURNED, offset=105278801000 ns
        ON_TOKENS_CALLED, generate 1 tokens, offset=106598123958 ns
        ON_TOKENS_RETURNED, offset=106598125329 ns
        ON_TOKENS_CALLED, generate 1 tokens, offset=107982046529 ns
        ON_TOKENS_RETURNED, offset=107982047848 ns
        ON_TOKENS_CALLED, generate 1 tokens, offset=109355987931 ns
        ON_TOKENS_RETURNED, offset=109355990269 ns
        ON_TOKENS_CALLED, generate 1 tokens, offset=110778050473 ns
        ON_TOKENS_RETURNED, offset=110778051774 ns
        ON_TOKENS_CALLED, generate 1 tokens, offset=112177793287 ns
        ON_TOKENS_RETURNED, offset=112177794864 ns
        ON_TOKENS_CALLED, generate 1 tokens, offset=113636736485 ns
        ON_TOKENS_RETURNED, offset=113636737607 ns
        ON_TOKENS_CALLED, generate 1 tokens, offset=115085346052 ns
        ON_TOKENS_RETURNED, offset=115085347109 ns
        ON_TOKENS_CALLED, generate 1 tokens, offset=116591643098 ns
        ON_TOKENS_RETURNED, offset=116591644462 ns
        ON_TOKENS_CALLED, generate 1 tokens, offset=118070336396 ns
        ON_TOKENS_RETURNED, offset=118070337850 ns
        ON_TOKENS_CALLED, generate 1 tokens, offset=119615183548 ns
        ON_TOKENS_RETURNED, offset=119615185446 ns
        ON_TOKENS_CALLED, generate 1 tokens, offset=121150797432 ns
        ON_TOKENS_RETURNED, offset=121150798619 ns
        ON_TOKENS_CALLED, generate 1 tokens, offset=122733949084 ns
        ON_TOKENS_RETURNED, offset=122733951126 ns
        ON_TOKENS_CALLED, generate 1 tokens, offset=124292002881 ns
        ON_TOKENS_RETURNED, offset=124292004376 ns
        ON_TOKENS_CALLED, generate 1 tokens, offset=125916633625 ns
        ON_TOKENS_RETURNED, offset=125916635161 ns
        ON_TOKENS_CALLED, generate 1 tokens, offset=127533314180 ns
        ON_TOKENS_RETURNED, offset=127533315742 ns
        ON_TOKENS_CALLED, generate 1 tokens, offset=129198309723 ns
        ON_TOKENS_RETURNED, offset=129198311053 ns
        ON_TOKENS_CALLED, generate 1 tokens, offset=130836466814 ns
        ON_TOKENS_RETURNED, offset=130836467972 ns
        ON_TOKENS_CALLED, generate 1 tokens, offset=132554424366 ns
        ON_TOKENS_RETURNED, offset=132554426258 ns
        ON_TOKENS_CALLED, generate 1 tokens, offset=134252474039 ns
        ON_TOKENS_RETURNED, offset=134252476481 ns
        ON_TOKENS_CALLED, generate 1 tokens, offset=136002899164 ns
        ON_TOKENS_RETURNED, offset=136002900619 ns
        ON_TOKENS_CALLED, generate 1 tokens, offset=137722115430 ns
        ON_TOKENS_RETURNED, offset=137722117197 ns
        ON_TOKENS_CALLED, generate 1 tokens, offset=139511828416 ns
        ON_TOKENS_RETURNED, offset=139512081858 ns
        ON_TOKENS_CALLED, generate 1 tokens, offset=141287348106 ns
        ON_TOKENS_RETURNED, offset=141287353352 ns
[15:16:46.607161022|thread 1923242|cpu 260] [debug] #EVT# HandleDetails::is_anomalous() handle_id=20 time in state STATE_OPENED exceeded threshold: 67887838076 ns
[15:16:46.607163234|thread 1923242|cpu 260] [debug] #EVT#   Handle,    20, Created, 752866552154240, Last, 753007839451585, Prompted,  8191, Generated,    64, Input TPS, 120.67, Output TPS:  0.77, Callbacks,    64, prompt parsing complete, open
[15:16:46.607180576|thread 1923242|cpu 260] [info ] #EVT#   Handle 20 history:
        SESSION_OPEN, prompt 8192 tokens, offset=0 ns
        PROMPT_TOKENS_REUSE, offset=67887822454 ns
        ON_START_CALLED, offset=67887838076 ns
        ON_START_RETURNED, offset=67887978724 ns
        ON_TOKENS_CALLED, generate 1 tokens, offset=67887986696 ns
        ON_TOKENS_RETURNED, offset=67887987536 ns
        ON_TOKENS_CALLED, generate 1 tokens, offset=68433295012 ns
        ON_TOKENS_RETURNED, offset=68433297893 ns
        ON_TOKENS_CALLED, generate 1 tokens, offset=69008132718 ns
        ON_TOKENS_RETURNED, offset=69008135266 ns
        ON_TOKENS_CALLED, generate 1 tokens, offset=69615379809 ns
        ON_TOKENS_RETURNED, offset=69615381037 ns
        ON_TOKENS_CALLED, generate 1 tokens, offset=70254831497 ns
        ON_TOKENS_RETURNED, offset=70254833302 ns
        ON_TOKENS_CALLED, generate 1 tokens, offset=70910180658 ns
        ON_TOKENS_RETURNED, offset=70910182336 ns
        ON_TOKENS_CALLED, generate 1 tokens, offset=71593269535 ns
        ON_TOKENS_RETURNED, offset=71593271131 ns
        ON_TOKENS_CALLED, generate 1 tokens, offset=72282744643 ns
        ON_TOKENS_RETURNED, offset=72282746195 ns
        ON_TOKENS_CALLED, generate 1 tokens, offset=72990781973 ns
        ON_TOKENS_RETURNED, offset=72990784755 ns
        ON_TOKENS_CALLED, generate 1 tokens, offset=73705413060 ns
        ON_TOKENS_RETURNED, offset=73705414969 ns
        ON_TOKENS_CALLED, generate 1 tokens, offset=74438683029 ns
        ON_TOKENS_RETURNED, offset=74438684261 ns
        ON_TOKENS_CALLED, generate 1 tokens, offset=75181066911 ns
        ON_TOKENS_RETURNED, offset=75181068752 ns
        ON_TOKENS_CALLED, generate 1 tokens, offset=75942395681 ns
        ON_TOKENS_RETURNED, offset=75942397709 ns
        ON_TOKENS_CALLED, generate 1 tokens, offset=76716662573 ns
        ON_TOKENS_RETURNED, offset=76716664017 ns
        ON_TOKENS_CALLED, generate 1 tokens, offset=77508518241 ns
        ON_TOKENS_RETURNED, offset=77508520485 ns
        ON_TOKENS_CALLED, generate 1 tokens, offset=78312220734 ns
        ON_TOKENS_RETURNED, offset=78312223716 ns
        ON_TOKENS_CALLED, generate 1 tokens, offset=79136456519 ns
        ON_TOKENS_RETURNED, offset=79136488456 ns
        ON_TOKENS_CALLED, generate 1 tokens, offset=79964319930 ns
        ON_TOKENS_RETURNED, offset=79964321197 ns
        ON_TOKENS_CALLED, generate 1 tokens, offset=80833067359 ns
        ON_TOKENS_RETURNED, offset=80833069057 ns
        ON_TOKENS_CALLED, generate 1 tokens, offset=81710306027 ns
        ON_TOKENS_RETURNED, offset=81710307306 ns
        ON_TOKENS_CALLED, generate 1 tokens, offset=82623748917 ns
        ON_TOKENS_RETURNED, offset=82623751045 ns
        ON_TOKENS_CALLED, generate 1 tokens, offset=83541955782 ns
        ON_TOKENS_RETURNED, offset=83541956972 ns
        ON_TOKENS_CALLED, generate 1 tokens, offset=84502181122 ns
        ON_TOKENS_RETURNED, offset=84502182092 ns
        ON_TOKENS_CALLED, generate 1 tokens, offset=85464727878 ns
        ON_TOKENS_RETURNED, offset=85464729154 ns
        ON_TOKENS_CALLED, generate 1 tokens, offset=86475422666 ns
        ON_TOKENS_RETURNED, offset=86475424757 ns
        ON_TOKENS_CALLED, generate 1 tokens, offset=87478950310 ns
        ON_TOKENS_RETURNED, offset=87478953177 ns
        ON_TOKENS_CALLED, generate 1 tokens, offset=88528085836 ns
        ON_TOKENS_RETURNED, offset=88528087589 ns
        ON_TOKENS_CALLED, generate 1 tokens, offset=89577141821 ns
        ON_TOKENS_RETURNED, offset=89577143324 ns
        ON_TOKENS_CALLED, generate 1 tokens, offset=90669131945 ns
        ON_TOKENS_RETURNED, offset=90669132912 ns
        ON_TOKENS_CALLED, generate 1 tokens, offset=91751514945 ns
        ON_TOKENS_RETURNED, offset=91751517143 ns
        ON_TOKENS_CALLED, generate 1 tokens, offset=92887123765 ns
        ON_TOKENS_RETURNED, offset=92887126119 ns
        ON_TOKENS_CALLED, generate 1 tokens, offset=94018246108 ns
        ON_TOKENS_RETURNED, offset=94018247141 ns
        ON_TOKENS_CALLED, generate 1 tokens, offset=95196376122 ns
        ON_TOKENS_RETURNED, offset=95196395557 ns
        ON_TOKENS_CALLED, generate 1 tokens, offset=96358465777 ns
        ON_TOKENS_RETURNED, offset=96358467796 ns
        ON_TOKENS_CALLED, generate 1 tokens, offset=97590508997 ns
        ON_TOKENS_RETURNED, offset=97590511137 ns
        ON_TOKENS_CALLED, generate 1 tokens, offset=98810417922 ns
        ON_TOKENS_RETURNED, offset=98810419409 ns
        ON_TOKENS_CALLED, generate 1 tokens, offset=100074370991 ns
        ON_TOKENS_RETURNED, offset=100074373541 ns
        ON_TOKENS_CALLED, generate 1 tokens, offset=101326765159 ns
        ON_TOKENS_RETURNED, offset=101326766615 ns
        ON_TOKENS_CALLED, generate 1 tokens, offset=102635961438 ns
        ON_TOKENS_RETURNED, offset=102635963913 ns
        ON_TOKENS_CALLED, generate 1 tokens, offset=103936938506 ns
        ON_TOKENS_RETURNED, offset=103936940620 ns
        ON_TOKENS_CALLED, generate 1 tokens, offset=105278745271 ns
        ON_TOKENS_RETURNED, offset=105278747888 ns
        ON_TOKENS_CALLED, generate 1 tokens, offset=106598072832 ns
        ON_TOKENS_RETURNED, offset=106598074300 ns
        ON_TOKENS_CALLED, generate 1 tokens, offset=107981988944 ns
        ON_TOKENS_RETURNED, offset=107981991910 ns
        ON_TOKENS_CALLED, generate 1 tokens, offset=109355932793 ns
        ON_TOKENS_RETURNED, offset=109355935305 ns
        ON_TOKENS_CALLED, generate 1 tokens, offset=110777994957 ns
        ON_TOKENS_RETURNED, offset=110777996038 ns
        ON_TOKENS_CALLED, generate 1 tokens, offset=112177739399 ns
        ON_TOKENS_RETURNED, offset=112177741701 ns
        ON_TOKENS_CALLED, generate 1 tokens, offset=113636681749 ns
        ON_TOKENS_RETURNED, offset=113636682669 ns
        ON_TOKENS_CALLED, generate 1 tokens, offset=115085298223 ns
        ON_TOKENS_RETURNED, offset=115085301500 ns
        ON_TOKENS_CALLED, generate 1 tokens, offset=116591587783 ns
        ON_TOKENS_RETURNED, offset=116591588845 ns
        ON_TOKENS_CALLED, generate 1 tokens, offset=118070272356 ns
        ON_TOKENS_RETURNED, offset=118070274320 ns
        ON_TOKENS_CALLED, generate 1 tokens, offset=119615127082 ns
        ON_TOKENS_RETURNED, offset=119615128674 ns
        ON_TOKENS_CALLED, generate 1 tokens, offset=121150731880 ns
        ON_TOKENS_RETURNED, offset=121150733174 ns
        ON_TOKENS_CALLED, generate 1 tokens, offset=122733888102 ns
        ON_TOKENS_RETURNED, offset=122733888819 ns
        ON_TOKENS_CALLED, generate 1 tokens, offset=124291952265 ns
        ON_TOKENS_RETURNED, offset=124291953145 ns
        ON_TOKENS_CALLED, generate 1 tokens, offset=125916586667 ns
        ON_TOKENS_RETURNED, offset=125916588856 ns
        ON_TOKENS_CALLED, generate 1 tokens, offset=127533265436 ns
        ON_TOKENS_RETURNED, offset=127533266587 ns
        ON_TOKENS_CALLED, generate 1 tokens, offset=129198254067 ns
        ON_TOKENS_RETURNED, offset=129198255633 ns
        ON_TOKENS_CALLED, generate 1 tokens, offset=130836411290 ns
        ON_TOKENS_RETURNED, offset=130836412417 ns
        ON_TOKENS_CALLED, generate 1 tokens, offset=132554366707 ns
        ON_TOKENS_RETURNED, offset=132554368983 ns
        ON_TOKENS_CALLED, generate 1 tokens, offset=134252421205 ns
        ON_TOKENS_RETURNED, offset=134252422710 ns
        ON_TOKENS_CALLED, generate 1 tokens, offset=136002838852 ns
        ON_TOKENS_RETURNED, offset=136002840145 ns
        ON_TOKENS_CALLED, generate 1 tokens, offset=137722062544 ns
        ON_TOKENS_RETURNED, offset=137722064837 ns
        ON_TOKENS_CALLED, generate 1 tokens, offset=139511781858 ns
        ON_TOKENS_RETURNED, offset=139511973495 ns
        ON_TOKENS_CALLED, generate 1 tokens, offset=141287293536 ns
        ON_TOKENS_RETURNED, offset=141287297345 ns
[15:16:46.607192795|thread 1923242|cpu 260] [debug] #EVT# HandleDetails::is_anomalous() handle_id=24 time in state STATE_OPENED exceeded threshold: 67887799562 ns
[15:16:46.607194843|thread 1923242|cpu 260] [debug] #EVT#   Handle,    24, Created, 752866552197666, Last, 753007839454706, Prompted,  8191, Generated,    64, Input TPS, 120.67, Output TPS:  0.77, Callbacks,    64, prompt parsing complete, open
[15:16:46.607212321|thread 1923242|cpu 260] [info ] #EVT#   Handle 24 history:
        SESSION_OPEN, prompt 8192 tokens, offset=0 ns
        PROMPT_TOKENS_REUSE, offset=67887780831 ns
        ON_START_CALLED, offset=67887799562 ns
        ON_START_RETURNED, offset=67887897445 ns
        ON_TOKENS_CALLED, generate 1 tokens, offset=67887905700 ns
        ON_TOKENS_RETURNED, offset=67887906475 ns
        ON_TOKENS_CALLED, generate 1 tokens, offset=68433252247 ns
        ON_TOKENS_RETURNED, offset=68433254221 ns
        ON_TOKENS_CALLED, generate 1 tokens, offset=69008090244 ns
        ON_TOKENS_RETURNED, offset=69008092465 ns
        ON_TOKENS_CALLED, generate 1 tokens, offset=69615347119 ns
        ON_TOKENS_RETURNED, offset=69615348236 ns
        ON_TOKENS_CALLED, generate 1 tokens, offset=70254794322 ns
        ON_TOKENS_RETURNED, offset=70254795860 ns
        ON_TOKENS_CALLED, generate 1 tokens, offset=70910133067 ns
        ON_TOKENS_RETURNED, offset=70910133836 ns
        ON_TOKENS_CALLED, generate 1 tokens, offset=71593224145 ns
        ON_TOKENS_RETURNED, offset=71593225899 ns
        ON_TOKENS_CALLED, generate 1 tokens, offset=72282697577 ns
        ON_TOKENS_RETURNED, offset=72282698372 ns
        ON_TOKENS_CALLED, generate 1 tokens, offset=72990735018 ns
        ON_TOKENS_RETURNED, offset=72990736601 ns
        ON_TOKENS_CALLED, generate 1 tokens, offset=73705371473 ns
        ON_TOKENS_RETURNED, offset=73705372162 ns
        ON_TOKENS_CALLED, generate 1 tokens, offset=74438622363 ns
        ON_TOKENS_RETURNED, offset=74438623652 ns
        ON_TOKENS_CALLED, generate 1 tokens, offset=75181023642 ns
        ON_TOKENS_RETURNED, offset=75181025813 ns
        ON_TOKENS_CALLED, generate 1 tokens, offset=75942349979 ns
        ON_TOKENS_RETURNED, offset=75942351823 ns
        ON_TOKENS_CALLED, generate 1 tokens, offset=76716618775 ns
        ON_TOKENS_RETURNED, offset=76716619741 ns
        ON_TOKENS_CALLED, generate 1 tokens, offset=77508474900 ns
        ON_TOKENS_RETURNED, offset=77508478109 ns
        ON_TOKENS_CALLED, generate 1 tokens, offset=78312178801 ns
        ON_TOKENS_RETURNED, offset=78312180559 ns
        ON_TOKENS_CALLED, generate 1 tokens, offset=79136418199 ns
        ON_TOKENS_RETURNED, offset=79136433651 ns
        ON_TOKENS_CALLED, generate 1 tokens, offset=79964276849 ns
        ON_TOKENS_RETURNED, offset=79964277681 ns
        ON_TOKENS_CALLED, generate 1 tokens, offset=80833027288 ns
        ON_TOKENS_RETURNED, offset=80833029244 ns
        ON_TOKENS_CALLED, generate 1 tokens, offset=81710264482 ns
        ON_TOKENS_RETURNED, offset=81710265573 ns
        ON_TOKENS_CALLED, generate 1 tokens, offset=82623704394 ns
        ON_TOKENS_RETURNED, offset=82623706107 ns
        ON_TOKENS_CALLED, generate 1 tokens, offset=83541910061 ns
        ON_TOKENS_RETURNED, offset=83541911472 ns
        ON_TOKENS_CALLED, generate 1 tokens, offset=84502131442 ns
        ON_TOKENS_RETURNED, offset=84502132486 ns
        ON_TOKENS_CALLED, generate 1 tokens, offset=85464684161 ns
        ON_TOKENS_RETURNED, offset=85464685391 ns
        ON_TOKENS_CALLED, generate 1 tokens, offset=86475379580 ns
        ON_TOKENS_RETURNED, offset=86475382930 ns
        ON_TOKENS_CALLED, generate 1 tokens, offset=87478907760 ns
        ON_TOKENS_RETURNED, offset=87478908625 ns
        ON_TOKENS_CALLED, generate 1 tokens, offset=88528045519 ns
        ON_TOKENS_RETURNED, offset=88528046470 ns
        ON_TOKENS_CALLED, generate 1 tokens, offset=89577096545 ns
        ON_TOKENS_RETURNED, offset=89577097834 ns
        ON_TOKENS_CALLED, generate 1 tokens, offset=90669094320 ns
        ON_TOKENS_RETURNED, offset=90669095719 ns
        ON_TOKENS_CALLED, generate 1 tokens, offset=91751465500 ns
        ON_TOKENS_RETURNED, offset=91751466618 ns
        ON_TOKENS_CALLED, generate 1 tokens, offset=92887080492 ns
        ON_TOKENS_RETURNED, offset=92887081838 ns
        ON_TOKENS_CALLED, generate 1 tokens, offset=94018204723 ns
        ON_TOKENS_RETURNED, offset=94018206746 ns
        ON_TOKENS_CALLED, generate 1 tokens, offset=95196330740 ns
        ON_TOKENS_RETURNED, offset=95196334621 ns
        ON_TOKENS_CALLED, generate 1 tokens, offset=96358418650 ns
        ON_TOKENS_RETURNED, offset=96358419512 ns
        ON_TOKENS_CALLED, generate 1 tokens, offset=97590465188 ns
        ON_TOKENS_RETURNED, offset=97590466693 ns
        ON_TOKENS_CALLED, generate 1 tokens, offset=98810376623 ns
        ON_TOKENS_RETURNED, offset=98810378210 ns
        ON_TOKENS_CALLED, generate 1 tokens, offset=100074329385 ns
        ON_TOKENS_RETURNED, offset=100074330422 ns
        ON_TOKENS_CALLED, generate 1 tokens, offset=101326724038 ns
        ON_TOKENS_RETURNED, offset=101326726494 ns
        ON_TOKENS_CALLED, generate 1 tokens, offset=102635921555 ns
        ON_TOKENS_RETURNED, offset=102635923172 ns
        ON_TOKENS_CALLED, generate 1 tokens, offset=103936897261 ns
        ON_TOKENS_RETURNED, offset=103936898627 ns
        ON_TOKENS_CALLED, generate 1 tokens, offset=105278702367 ns
        ON_TOKENS_RETURNED, offset=105278703598 ns
        ON_TOKENS_CALLED, generate 1 tokens, offset=106598023781 ns
        ON_TOKENS_RETURNED, offset=106598026883 ns
        ON_TOKENS_CALLED, generate 1 tokens, offset=107981949250 ns
        ON_TOKENS_RETURNED, offset=107981950705 ns
        ON_TOKENS_CALLED, generate 1 tokens, offset=109355890132 ns
        ON_TOKENS_RETURNED, offset=109355892412 ns
        ON_TOKENS_CALLED, generate 1 tokens, offset=110777953084 ns
        ON_TOKENS_RETURNED, offset=110777953945 ns
        ON_TOKENS_CALLED, generate 1 tokens, offset=112177696641 ns
        ON_TOKENS_RETURNED, offset=112177699246 ns
        ON_TOKENS_CALLED, generate 1 tokens, offset=113636638896 ns
        ON_TOKENS_RETURNED, offset=113636640183 ns
        ON_TOKENS_CALLED, generate 1 tokens, offset=115085257161 ns
        ON_TOKENS_RETURNED, offset=115085258599 ns
        ON_TOKENS_CALLED, generate 1 tokens, offset=116591547331 ns
        ON_TOKENS_RETURNED, offset=116591549410 ns
        ON_TOKENS_CALLED, generate 1 tokens, offset=118070230395 ns
        ON_TOKENS_RETURNED, offset=118070231991 ns
        ON_TOKENS_CALLED, generate 1 tokens, offset=119615087501 ns
        ON_TOKENS_RETURNED, offset=119615088993 ns
        ON_TOKENS_CALLED, generate 1 tokens, offset=121150690170 ns
        ON_TOKENS_RETURNED, offset=121150691413 ns
        ON_TOKENS_CALLED, generate 1 tokens, offset=122733853569 ns
        ON_TOKENS_RETURNED, offset=122733854747 ns
        ON_TOKENS_CALLED, generate 1 tokens, offset=124291905504 ns
        ON_TOKENS_RETURNED, offset=124291906494 ns
        ON_TOKENS_CALLED, generate 1 tokens, offset=125916535699 ns
        ON_TOKENS_RETURNED, offset=125916537062 ns
        ON_TOKENS_CALLED, generate 1 tokens, offset=127533218042 ns
        ON_TOKENS_RETURNED, offset=127533220682 ns
        ON_TOKENS_CALLED, generate 1 tokens, offset=129198214603 ns
        ON_TOKENS_RETURNED, offset=129198216777 ns
        ON_TOKENS_CALLED, generate 1 tokens, offset=130836369468 ns
        ON_TOKENS_RETURNED, offset=130836370435 ns
        ON_TOKENS_CALLED, generate 1 tokens, offset=132554326482 ns
        ON_TOKENS_RETURNED, offset=132554328496 ns
        ON_TOKENS_CALLED, generate 1 tokens, offset=134252377892 ns
        ON_TOKENS_RETURNED, offset=134252379204 ns
        ON_TOKENS_CALLED, generate 1 tokens, offset=136002799637 ns
        ON_TOKENS_RETURNED, offset=136002802135 ns
        ON_TOKENS_CALLED, generate 1 tokens, offset=137722020636 ns
        ON_TOKENS_RETURNED, offset=137722022402 ns
        ON_TOKENS_CALLED, generate 1 tokens, offset=139511730849 ns
        ON_TOKENS_RETURNED, offset=139512003099 ns
        ON_TOKENS_CALLED, generate 1 tokens, offset=141287251910 ns
        ON_TOKENS_RETURNED, offset=141287257040 ns
[15:16:46.607226109|thread 1923242|cpu 260] [debug] #EVT# HandleDetails::is_anomalous() handle_id=26 time in state STATE_OPENED exceeded threshold: 67887771795 ns
[15:16:46.607228312|thread 1923242|cpu 260] [debug] #EVT#   Handle,    26, Created, 752866552222811, Last, 753007839455882, Prompted,  8191, Generated,    64, Input TPS, 120.67, Output TPS:  0.77, Callbacks,    64, prompt parsing complete, open
[15:16:46.607245285|thread 1923242|cpu 260] [info ] #EVT#   Handle 26 history:
        SESSION_OPEN, prompt 8192 tokens, offset=0 ns
        PROMPT_TOKENS_REUSE, offset=67887758183 ns
        ON_START_CALLED, offset=67887771795 ns
        ON_START_RETURNED, offset=67887925013 ns
        ON_TOKENS_CALLED, generate 1 tokens, offset=67887934236 ns
        ON_TOKENS_RETURNED, offset=67887935171 ns
        ON_TOKENS_CALLED, generate 1 tokens, offset=68433228326 ns
        ON_TOKENS_RETURNED, offset=68433230052 ns
        ON_TOKENS_CALLED, generate 1 tokens, offset=69008065575 ns
        ON_TOKENS_RETURNED, offset=69008067153 ns
        ON_TOKENS_CALLED, generate 1 tokens, offset=69615317455 ns
        ON_TOKENS_RETURNED, offset=69615318480 ns
        ON_TOKENS_CALLED, generate 1 tokens, offset=70254767191 ns
        ON_TOKENS_RETURNED, offset=70254769182 ns
        ON_TOKENS_CALLED, generate 1 tokens, offset=70910108070 ns
        ON_TOKENS_RETURNED, offset=70910109125 ns
        ON_TOKENS_CALLED, generate 1 tokens, offset=71593200609 ns
        ON_TOKENS_RETURNED, offset=71593202481 ns
        ON_TOKENS_CALLED, generate 1 tokens, offset=72282682304 ns
        ON_TOKENS_RETURNED, offset=72282683232 ns
        ON_TOKENS_CALLED, generate 1 tokens, offset=72990710991 ns
        ON_TOKENS_RETURNED, offset=72990711941 ns
        ON_TOKENS_CALLED, generate 1 tokens, offset=73705342982 ns
        ON_TOKENS_RETURNED, offset=73705344324 ns
        ON_TOKENS_CALLED, generate 1 tokens, offset=74438601621 ns
        ON_TOKENS_RETURNED, offset=74438602669 ns
        ON_TOKENS_CALLED, generate 1 tokens, offset=75180999436 ns
        ON_TOKENS_RETURNED, offset=75181000391 ns
        ON_TOKENS_CALLED, generate 1 tokens, offset=75942328533 ns
        ON_TOKENS_RETURNED, offset=75942330742 ns
        ON_TOKENS_CALLED, generate 1 tokens, offset=76716593282 ns
        ON_TOKENS_RETURNED, offset=76716594287 ns
        ON_TOKENS_CALLED, generate 1 tokens, offset=77508451468 ns
        ON_TOKENS_RETURNED, offset=77508454348 ns
        ON_TOKENS_CALLED, generate 1 tokens, offset=78312155354 ns
        ON_TOKENS_RETURNED, offset=78312156459 ns
        ON_TOKENS_CALLED, generate 1 tokens, offset=79136395967 ns
        ON_TOKENS_RETURNED, offset=79136407107 ns
        ON_TOKENS_CALLED, generate 1 tokens, offset=79964252484 ns
        ON_TOKENS_RETURNED, offset=79964253615 ns
        ON_TOKENS_CALLED, generate 1 tokens, offset=80833001659 ns
        ON_TOKENS_RETURNED, offset=80833003860 ns
        ON_TOKENS_CALLED, generate 1 tokens, offset=81710239829 ns
        ON_TOKENS_RETURNED, offset=81710240636 ns
        ON_TOKENS_CALLED, generate 1 tokens, offset=82623682157 ns
        ON_TOKENS_RETURNED, offset=82623683184 ns
        ON_TOKENS_CALLED, generate 1 tokens, offset=83541894288 ns
        ON_TOKENS_RETURNED, offset=83541895794 ns
        ON_TOKENS_CALLED, generate 1 tokens, offset=84502114933 ns
        ON_TOKENS_RETURNED, offset=84502115742 ns
        ON_TOKENS_CALLED, generate 1 tokens, offset=85464661102 ns
        ON_TOKENS_RETURNED, offset=85464663999 ns
        ON_TOKENS_CALLED, generate 1 tokens, offset=86475355902 ns
        ON_TOKENS_RETURNED, offset=86475357094 ns
        ON_TOKENS_CALLED, generate 1 tokens, offset=87478883302 ns
        ON_TOKENS_RETURNED, offset=87478884475 ns
        ON_TOKENS_CALLED, generate 1 tokens, offset=88528026410 ns
        ON_TOKENS_RETURNED, offset=88528027419 ns
        ON_TOKENS_CALLED, generate 1 tokens, offset=89577071635 ns
        ON_TOKENS_RETURNED, offset=89577073831 ns
        ON_TOKENS_CALLED, generate 1 tokens, offset=90669077417 ns
        ON_TOKENS_RETURNED, offset=90669079685 ns
        ON_TOKENS_CALLED, generate 1 tokens, offset=91751449912 ns
        ON_TOKENS_RETURNED, offset=91751450952 ns
        ON_TOKENS_CALLED, generate 1 tokens, offset=92887057063 ns
        ON_TOKENS_RETURNED, offset=92887060319 ns
        ON_TOKENS_CALLED, generate 1 tokens, offset=94018180142 ns
        ON_TOKENS_RETURNED, offset=94018181258 ns
        ON_TOKENS_CALLED, generate 1 tokens, offset=95196307201 ns
        ON_TOKENS_RETURNED, offset=95196317016 ns
        ON_TOKENS_CALLED, generate 1 tokens, offset=96358399838 ns
        ON_TOKENS_RETURNED, offset=96358400929 ns
        ON_TOKENS_CALLED, generate 1 tokens, offset=97590441099 ns
        ON_TOKENS_RETURNED, offset=97590443418 ns
        ON_TOKENS_CALLED, generate 1 tokens, offset=98810348867 ns
        ON_TOKENS_RETURNED, offset=98810349612 ns
        ON_TOKENS_CALLED, generate 1 tokens, offset=100074305437 ns
        ON_TOKENS_RETURNED, offset=100074306795 ns
        ON_TOKENS_CALLED, generate 1 tokens, offset=101326702881 ns
        ON_TOKENS_RETURNED, offset=101326703765 ns
        ON_TOKENS_CALLED, generate 1 tokens, offset=102635896260 ns
        ON_TOKENS_RETURNED, offset=102635898429 ns
        ON_TOKENS_CALLED, generate 1 tokens, offset=103936872779 ns
        ON_TOKENS_RETURNED, offset=103936873642 ns
        ON_TOKENS_CALLED, generate 1 tokens, offset=105278679082 ns
        ON_TOKENS_RETURNED, offset=105278679917 ns
        ON_TOKENS_CALLED, generate 1 tokens, offset=106597999365 ns
        ON_TOKENS_RETURNED, offset=106598000930 ns
        ON_TOKENS_CALLED, generate 1 tokens, offset=107981929623 ns
        ON_TOKENS_RETURNED, offset=107981930393 ns
        ON_TOKENS_CALLED, generate 1 tokens, offset=109355866428 ns
        ON_TOKENS_RETURNED, offset=109355867417 ns
        ON_TOKENS_CALLED, generate 1 tokens, offset=110777930012 ns
        ON_TOKENS_RETURNED, offset=110777931029 ns
        ON_TOKENS_CALLED, generate 1 tokens, offset=112177673733 ns
        ON_TOKENS_RETURNED, offset=112177674619 ns
        ON_TOKENS_CALLED, generate 1 tokens, offset=113636619023 ns
        ON_TOKENS_RETURNED, offset=113636620117 ns
        ON_TOKENS_CALLED, generate 1 tokens, offset=115085231167 ns
        ON_TOKENS_RETURNED, offset=115085233044 ns
        ON_TOKENS_CALLED, generate 1 tokens, offset=116591527535 ns
        ON_TOKENS_RETURNED, offset=116591529891 ns
        ON_TOKENS_CALLED, generate 1 tokens, offset=118070207476 ns
        ON_TOKENS_RETURNED, offset=118070210292 ns
        ON_TOKENS_CALLED, generate 1 tokens, offset=119615061774 ns
        ON_TOKENS_RETURNED, offset=119615062889 ns
        ON_TOKENS_CALLED, generate 1 tokens, offset=121150666972 ns
        ON_TOKENS_RETURNED, offset=121150667987 ns
        ON_TOKENS_CALLED, generate 1 tokens, offset=122733824383 ns
        ON_TOKENS_RETURNED, offset=122733825163 ns
        ON_TOKENS_CALLED, generate 1 tokens, offset=124291881505 ns
        ON_TOKENS_RETURNED, offset=124291882649 ns
        ON_TOKENS_CALLED, generate 1 tokens, offset=125916510332 ns
        ON_TOKENS_RETURNED, offset=125916511249 ns
        ON_TOKENS_CALLED, generate 1 tokens, offset=127533194618 ns
        ON_TOKENS_RETURNED, offset=127533195766 ns
        ON_TOKENS_CALLED, generate 1 tokens, offset=129198188588 ns
        ON_TOKENS_RETURNED, offset=129198191798 ns
        ON_TOKENS_CALLED, generate 1 tokens, offset=130836343694 ns
        ON_TOKENS_RETURNED, offset=130836344789 ns
        ON_TOKENS_CALLED, generate 1 tokens, offset=132554306576 ns
        ON_TOKENS_RETURNED, offset=132554308333 ns
        ON_TOKENS_CALLED, generate 1 tokens, offset=134252354379 ns
        ON_TOKENS_RETURNED, offset=134252355519 ns
        ON_TOKENS_CALLED, generate 1 tokens, offset=136002780402 ns
        ON_TOKENS_RETURNED, offset=136002781478 ns
        ON_TOKENS_CALLED, generate 1 tokens, offset=137721996392 ns
        ON_TOKENS_RETURNED, offset=137721997400 ns
        ON_TOKENS_CALLED, generate 1 tokens, offset=139511707747 ns
        ON_TOKENS_RETURNED, offset=139511917121 ns
        ON_TOKENS_CALLED, generate 1 tokens, offset=141287228042 ns
        ON_TOKENS_RETURNED, offset=141287233071 ns
[15:16:46.607258657|thread 1923242|cpu 260] [debug] #EVT# HandleDetails::is_anomalous() handle_id=27 time in state STATE_OPENED exceeded threshold: 67887827557 ns
[15:16:46.607260844|thread 1923242|cpu 260] [debug] #EVT#   Handle,    27, Created, 752866552233453, Last, 753007839461590, Prompted,  8191, Generated,    64, Input TPS, 120.67, Output TPS:  0.77, Callbacks,    64, prompt parsing complete, open
[15:16:46.607278710|thread 1923242|cpu 260] [info ] #EVT#   Handle 27 history:
        SESSION_OPEN, prompt 8192 tokens, offset=0 ns
        PROMPT_TOKENS_REUSE, offset=67887822547 ns
        ON_START_CALLED, offset=67887827557 ns
        ON_START_RETURNED, offset=67887846539 ns
        ON_TOKENS_CALLED, generate 1 tokens, offset=67887866904 ns
        ON_TOKENS_RETURNED, offset=67887867803 ns
        ON_TOKENS_CALLED, generate 1 tokens, offset=68433219348 ns
        ON_TOKENS_RETURNED, offset=68433222307 ns
        ON_TOKENS_CALLED, generate 1 tokens, offset=69008057186 ns
        ON_TOKENS_RETURNED, offset=69008059363 ns
        ON_TOKENS_CALLED, generate 1 tokens, offset=69615298502 ns
        ON_TOKENS_RETURNED, offset=69615299513 ns
        ON_TOKENS_CALLED, generate 1 tokens, offset=70254757351 ns
        ON_TOKENS_RETURNED, offset=70254759835 ns
        ON_TOKENS_CALLED, generate 1 tokens, offset=70910107565 ns
        ON_TOKENS_RETURNED, offset=70910109267 ns
        ON_TOKENS_CALLED, generate 1 tokens, offset=71593187070 ns
        ON_TOKENS_RETURNED, offset=71593188496 ns
        ON_TOKENS_CALLED, generate 1 tokens, offset=72282663456 ns
        ON_TOKENS_RETURNED, offset=72282664409 ns
        ON_TOKENS_CALLED, generate 1 tokens, offset=72990702389 ns
        ON_TOKENS_RETURNED, offset=72990720015 ns
        ON_TOKENS_CALLED, generate 1 tokens, offset=73705335005 ns
        ON_TOKENS_RETURNED, offset=73705335947 ns
        ON_TOKENS_CALLED, generate 1 tokens, offset=74438572070 ns
        ON_TOKENS_RETURNED, offset=74438573116 ns
        ON_TOKENS_CALLED, generate 1 tokens, offset=75180994586 ns
        ON_TOKENS_RETURNED, offset=75180995437 ns
        ON_TOKENS_CALLED, generate 1 tokens, offset=75942318069 ns
        ON_TOKENS_RETURNED, offset=75942319804 ns
        ON_TOKENS_CALLED, generate 1 tokens, offset=76716586294 ns
        ON_TOKENS_RETURNED, offset=76716587237 ns
        ON_TOKENS_CALLED, generate 1 tokens, offset=77508441806 ns
        ON_TOKENS_RETURNED, offset=77508442706 ns
        ON_TOKENS_CALLED, generate 1 tokens, offset=78312145172 ns
        ON_TOKENS_RETURNED, offset=78312146078 ns
        ON_TOKENS_CALLED, generate 1 tokens, offset=79136374653 ns
        ON_TOKENS_RETURNED, offset=79136387119 ns
        ON_TOKENS_CALLED, generate 1 tokens, offset=79964244029 ns
        ON_TOKENS_RETURNED, offset=79964244989 ns
        ON_TOKENS_CALLED, generate 1 tokens, offset=80833001458 ns
        ON_TOKENS_RETURNED, offset=80833002549 ns
        ON_TOKENS_CALLED, generate 1 tokens, offset=81710230814 ns
        ON_TOKENS_RETURNED, offset=81710232322 ns
        ON_TOKENS_CALLED, generate 1 tokens, offset=82623673517 ns
        ON_TOKENS_RETURNED, offset=82623674537 ns
        ON_TOKENS_CALLED, generate 1 tokens, offset=83541882046 ns
        ON_TOKENS_RETURNED, offset=83541882960 ns
        ON_TOKENS_CALLED, generate 1 tokens, offset=84502098776 ns
        ON_TOKENS_RETURNED, offset=84502099708 ns
        ON_TOKENS_CALLED, generate 1 tokens, offset=85464653053 ns
        ON_TOKENS_RETURNED, offset=85464653908 ns
        ON_TOKENS_CALLED, generate 1 tokens, offset=86475347056 ns
        ON_TOKENS_RETURNED, offset=86475348016 ns
        ON_TOKENS_CALLED, generate 1 tokens, offset=87478873899 ns
        ON_TOKENS_RETURNED, offset=87478874839 ns
        ON_TOKENS_CALLED, generate 1 tokens, offset=88528009793 ns
        ON_TOKENS_RETURNED, offset=88528011325 ns
        ON_TOKENS_CALLED, generate 1 tokens, offset=89577056020 ns
        ON_TOKENS_RETURNED, offset=89577058569 ns
        ON_TOKENS_CALLED, generate 1 tokens, offset=90669058705 ns
        ON_TOKENS_RETURNED, offset=90669060714 ns
        ON_TOKENS_CALLED, generate 1 tokens, offset=91751434361 ns
        ON_TOKENS_RETURNED, offset=91751435318 ns
        ON_TOKENS_CALLED, generate 1 tokens, offset=92887047978 ns
        ON_TOKENS_RETURNED, offset=92887049015 ns
        ON_TOKENS_CALLED, generate 1 tokens, offset=94018174895 ns
        ON_TOKENS_RETURNED, offset=94018175954 ns
        ON_TOKENS_CALLED, generate 1 tokens, offset=95196298592 ns
        ON_TOKENS_RETURNED, offset=95196303140 ns
        ON_TOKENS_CALLED, generate 1 tokens, offset=96358384835 ns
        ON_TOKENS_RETURNED, offset=96358385804 ns
        ON_TOKENS_CALLED, generate 1 tokens, offset=97590431221 ns
        ON_TOKENS_RETURNED, offset=97590432306 ns
        ON_TOKENS_CALLED, generate 1 tokens, offset=98810344314 ns
        ON_TOKENS_RETURNED, offset=98810345103 ns
        ON_TOKENS_CALLED, generate 1 tokens, offset=100074297024 ns
        ON_TOKENS_RETURNED, offset=100074299270 ns
        ON_TOKENS_CALLED, generate 1 tokens, offset=101326690639 ns
        ON_TOKENS_RETURNED, offset=101326691554 ns
        ON_TOKENS_CALLED, generate 1 tokens, offset=102635888484 ns
        ON_TOKENS_RETURNED, offset=102635890554 ns
        ON_TOKENS_CALLED, generate 1 tokens, offset=103936864012 ns
        ON_TOKENS_RETURNED, offset=103936865148 ns
        ON_TOKENS_CALLED, generate 1 tokens, offset=105278671565 ns
        ON_TOKENS_RETURNED, offset=105278673501 ns
        ON_TOKENS_CALLED, generate 1 tokens, offset=106597985511 ns
        ON_TOKENS_RETURNED, offset=106597986337 ns
        ON_TOKENS_CALLED, generate 1 tokens, offset=107981921016 ns
        ON_TOKENS_RETURNED, offset=107981921984 ns
        ON_TOKENS_CALLED, generate 1 tokens, offset=109355857617 ns
        ON_TOKENS_RETURNED, offset=109355859188 ns
        ON_TOKENS_CALLED, generate 1 tokens, offset=110777925250 ns
        ON_TOKENS_RETURNED, offset=110777926341 ns
        ON_TOKENS_CALLED, generate 1 tokens, offset=112177664159 ns
        ON_TOKENS_RETURNED, offset=112177665251 ns
        ON_TOKENS_CALLED, generate 1 tokens, offset=113636609627 ns
        ON_TOKENS_RETURNED, offset=113636610573 ns
        ON_TOKENS_CALLED, generate 1 tokens, offset=115085219870 ns
        ON_TOKENS_RETURNED, offset=115085222459 ns
        ON_TOKENS_CALLED, generate 1 tokens, offset=116591510068 ns
        ON_TOKENS_RETURNED, offset=116591512324 ns
        ON_TOKENS_CALLED, generate 1 tokens, offset=118070202140 ns
        ON_TOKENS_RETURNED, offset=118070203049 ns
        ON_TOKENS_CALLED, generate 1 tokens, offset=119615054077 ns
        ON_TOKENS_RETURNED, offset=119615055626 ns
        ON_TOKENS_CALLED, generate 1 tokens, offset=121150657107 ns
        ON_TOKENS_RETURNED, offset=121150658080 ns
        ON_TOKENS_CALLED, generate 1 tokens, offset=122733820026 ns
        ON_TOKENS_RETURNED, offset=122733821038 ns
        ON_TOKENS_CALLED, generate 1 tokens, offset=124291872408 ns
        ON_TOKENS_RETURNED, offset=124291873499 ns
        ON_TOKENS_CALLED, generate 1 tokens, offset=125916501539 ns
        ON_TOKENS_RETURNED, offset=125916502446 ns
        ON_TOKENS_CALLED, generate 1 tokens, offset=127533183482 ns
        ON_TOKENS_RETURNED, offset=127533184579 ns
        ON_TOKENS_CALLED, generate 1 tokens, offset=129198183090 ns
        ON_TOKENS_RETURNED, offset=129198184069 ns
        ON_TOKENS_CALLED, generate 1 tokens, offset=130836337067 ns
        ON_TOKENS_RETURNED, offset=130836338124 ns
        ON_TOKENS_CALLED, generate 1 tokens, offset=132554291845 ns
        ON_TOKENS_RETURNED, offset=132554293736 ns
        ON_TOKENS_CALLED, generate 1 tokens, offset=134252345175 ns
        ON_TOKENS_RETURNED, offset=134252346070 ns
        ON_TOKENS_CALLED, generate 1 tokens, offset=136002768320 ns
        ON_TOKENS_RETURNED, offset=136002769214 ns
        ON_TOKENS_CALLED, generate 1 tokens, offset=137721987325 ns
        ON_TOKENS_RETURNED, offset=137721988980 ns
        ON_TOKENS_CALLED, generate 1 tokens, offset=139511699336 ns
        ON_TOKENS_RETURNED, offset=139511870779 ns
        ON_TOKENS_CALLED, generate 1 tokens, offset=141287223517 ns
        ON_TOKENS_RETURNED, offset=141287228137 ns
[15:16:47.652818275|thread 1923241|cpu 260] [info ] KV cache footprint: 25.27 GB in 115 books
[15:16:56.482433488|thread 1923241|cpu 260] [info ] KV cache footprint: 26.37 GB in 120 books
[15:16:59.826457514|thread 1923241|cpu 260] [info ] KV cache footprint: 27.47 GB in 125 books
[15:17:08.311380385|thread 1923221|cpu 260] [info ] [Request 11] Parsing the prompt took 173.173177604 s at 47.30524734455632 tokens/s
[15:17:14.259867609|thread 1923241|cpu 260] [info ] KV cache footprint: 28.56 GB in 130 books
[15:17:20.755962969|thread 1923241|cpu 260] [info ] KV cache footprint: 29.66 GB in 135 books
[15:17:30.708874215|thread 1923241|cpu 260] [info ] KV cache footprint: 30.76 GB in 140 books
[15:17:32.224902682|thread 1923222|cpu 260] [info ] [Request 12] Parsing the prompt took 197.086688107 s at 41.56546582969874 tokens/s
[15:17:43.945538635|thread 1923223|cpu 260] [info ] [Request 16] Parsing the prompt took 208.807276581 s at 39.232349246326095 tokens/s
[15:17:43.945818253|thread 1923241|cpu 260] [info ] KV cache footprint: 31.86 GB in 145 books
[15:17:49.772224928|thread 1923224|cpu 260] [info ] [Request 18] Parsing the prompt took 214.633942184 s at 38.167309031566006 tokens/s
[15:17:51.138709703|thread 1923216|cpu 260] [info ] [Request 32] Generating 61 response tokens with 8193 context took 72.309330 s at 0.844 average tok/s, or 1185.399 ms/tok
[15:17:51.138709735|thread 1923215|cpu 260] [info ] [Request 29] Generating 61 response tokens with 8193 context took 72.309337 s at 0.844 average tok/s, or 1185.399 ms/tok
[15:17:51.138711681|thread 1923220|cpu 260] [info ] [Request 10] Generating 61 response tokens with 8193 context took 72.309340 s at 0.844 average tok/s, or 1185.399 ms/tok
[15:17:51.138710069|thread 1923218|cpu 260] [info ] [Request 4] Generating 61 response tokens with 8193 context took 72.309332 s at 0.844 average tok/s, or 1185.399 ms/tok
[15:17:51.138709727|thread 1923214|cpu 260] [info ] [Request 28] Generating 61 response tokens with 8193 context took 72.309336 s at 0.844 average tok/s, or 1185.399 ms/tok
[15:17:51.138815855|thread 1923214|cpu 260] [info ] [Request 28] Request with 8192 tokens in and 64 out (sequence limit) saw 143.025175 s TTFT and 216.000311 s TTLT
[15:17:51.138709627|thread 1923217|cpu 260] [info ] [Request 3] Generating 61 response tokens with 8193 context took 72.309335 s at 0.844 average tok/s, or 1185.399 ms/tok
[15:17:51.138710480|thread 1923219|cpu 260] [info ] [Request 8] Generating 61 response tokens with 8193 context took 72.309338 s at 0.844 average tok/s, or 1185.399 ms/tok
[15:17:51.138755180|thread 1923216|cpu 260] [info ] [Request 32] Request with 8192 tokens in and 64 out (sequence limit) saw 143.025119 s TTFT and 216.000254 s TTLT
[15:17:51.138774056|thread 1923215|cpu 260] [info ] [Request 29] Request with 8192 tokens in and 64 out (sequence limit) saw 143.025153 s TTFT and 216.000289 s TTLT
[15:17:51.138787001|thread 1923220|cpu 260] [info ] [Request 10] Request with 8192 tokens in and 64 out (sequence limit) saw 143.025388 s TTFT and 216.000524 s TTLT
[15:17:51.138801406|thread 1923218|cpu 260] [info ] [Request 4] Request with 8192 tokens in and 64 out (sequence limit) saw 143.025459 s TTFT and 216.000594 s TTLT
[15:17:51.138831963|thread 1923217|cpu 260] [info ] [Request 3] Request with 8192 tokens in and 64 out (sequence limit) saw 143.025470 s TTFT and 216.000605 s TTLT
[15:17:51.138847643|thread 1923219|cpu 260] [info ] [Request 8] Request with 8192 tokens in and 64 out (sequence limit) saw 143.025408 s TTFT and 216.000543 s TTLT
[15:17:53.813562677|thread 1923218|cpu 260] [info ] [Request 22] Parsing the prompt took 218.675235402 s at 37.46194663945507 tokens/s
[15:17:53.813562792|thread 1923219|cpu 260] [info ] [Request 25] Parsing the prompt took 218.675203688 s at 37.461952072481566 tokens/s
[15:17:53.813562763|thread 1923220|cpu 260] [info ] [Request 31] Parsing the prompt took 218.675124116 s at 37.461965704221626 tokens/s
[15:17:54.669644781|thread 1923241|cpu 260] [info ] KV cache footprint: 32.96 GB in 150 books
[15:18:02.673838879|thread 1923242|cpu 260] [debug] #EVT# HandleDetails::is_anomalous() handle_id=32 time in state STATE_OPENED exceeded threshold: 143025109873 ns
[15:18:02.673913736|thread 1923242|cpu 260] [debug] #EVT#   Handle,    32, Created, 752866552304834, Last, 753083954905781, Prompted,  8191, Generated,    64, Input TPS, 57.28, Output TPS:  0.76, Callbacks,    64, prompt parsing complete, open
[15:18:02.673964157|thread 1923242|cpu 260] [info ] #EVT#   Handle 32 history:
        SESSION_OPEN, prompt 8192 tokens, offset=0 ns
        PROMPT_TOKENS_REUSE, offset=143025108906 ns
        ON_START_CALLED, offset=143025109873 ns
        ON_START_RETURNED, offset=143025149734 ns
        ON_TOKENS_CALLED, generate 1 tokens, offset=143025157364 ns
        ON_TOKENS_RETURNED, offset=143025160673 ns
        ON_TOKENS_CALLED, generate 1 tokens, offset=143690914865 ns
        ON_TOKENS_RETURNED, offset=143690916202 ns
        ON_TOKENS_CALLED, generate 1 tokens, offset=144422691732 ns
        ON_TOKENS_RETURNED, offset=144422693644 ns
        ON_TOKENS_CALLED, generate 1 tokens, offset=145164727076 ns
        ON_TOKENS_RETURNED, offset=145164728041 ns
        ON_TOKENS_CALLED, generate 1 tokens, offset=145920192361 ns
        ON_TOKENS_RETURNED, offset=145920194333 ns
        ON_TOKENS_CALLED, generate 1 tokens, offset=146694425253 ns
        ON_TOKENS_RETURNED, offset=146694426582 ns
        ON_TOKENS_CALLED, generate 1 tokens, offset=147484009933 ns
        ON_TOKENS_RETURNED, offset=147484011716 ns
        ON_TOKENS_CALLED, generate 1 tokens, offset=148283668841 ns
        ON_TOKENS_RETURNED, offset=148283670078 ns
        ON_TOKENS_CALLED, generate 1 tokens, offset=149098869271 ns
        ON_TOKENS_RETURNED, offset=149098892148 ns
        ON_TOKENS_CALLED, generate 1 tokens, offset=149925566245 ns
        ON_TOKENS_RETURNED, offset=149925567368 ns
        ON_TOKENS_CALLED, generate 1 tokens, offset=150770991705 ns
        ON_TOKENS_RETURNED, offset=150770994461 ns
        ON_TOKENS_CALLED, generate 1 tokens, offset=151633183708 ns
        ON_TOKENS_RETURNED, offset=151633184965 ns
        ON_TOKENS_CALLED, generate 1 tokens, offset=152514180318 ns
        ON_TOKENS_RETURNED, offset=152514182081 ns
        ON_TOKENS_CALLED, generate 1 tokens, offset=153415492703 ns
        ON_TOKENS_RETURNED, offset=153415494046 ns
        ON_TOKENS_CALLED, generate 1 tokens, offset=154335419007 ns
        ON_TOKENS_RETURNED, offset=154335420317 ns
        ON_TOKENS_CALLED, generate 1 tokens, offset=155273241809 ns
        ON_TOKENS_RETURNED, offset=155273244050 ns
        ON_TOKENS_CALLED, generate 1 tokens, offset=156235727097 ns
        ON_TOKENS_RETURNED, offset=156235743154 ns
        ON_TOKENS_CALLED, generate 1 tokens, offset=157208239765 ns
        ON_TOKENS_RETURNED, offset=157208240854 ns
        ON_TOKENS_CALLED, generate 1 tokens, offset=158215131328 ns
        ON_TOKENS_RETURNED, offset=158215133580 ns
        ON_TOKENS_CALLED, generate 1 tokens, offset=159232048630 ns
        ON_TOKENS_RETURNED, offset=159232050164 ns
        ON_TOKENS_CALLED, generate 1 tokens, offset=160283313653 ns
        ON_TOKENS_RETURNED, offset=160283315822 ns
        ON_TOKENS_CALLED, generate 1 tokens, offset=161343590324 ns
        ON_TOKENS_RETURNED, offset=161343593047 ns
        ON_TOKENS_CALLED, generate 1 tokens, offset=162444828257 ns
        ON_TOKENS_RETURNED, offset=162444830116 ns
        ON_TOKENS_CALLED, generate 1 tokens, offset=163548099181 ns
        ON_TOKENS_RETURNED, offset=163548100771 ns
        ON_TOKENS_CALLED, generate 1 tokens, offset=164687765495 ns
        ON_TOKENS_RETURNED, offset=164687767118 ns
        ON_TOKENS_CALLED, generate 1 tokens, offset=165822143497 ns
        ON_TOKENS_RETURNED, offset=165822144997 ns
        ON_TOKENS_CALLED, generate 1 tokens, offset=167004103658 ns
        ON_TOKENS_RETURNED, offset=167004105293 ns
        ON_TOKENS_CALLED, generate 1 tokens, offset=168192312086 ns
        ON_TOKENS_RETURNED, offset=168192313870 ns
        ON_TOKENS_CALLED, generate 1 tokens, offset=169416840514 ns
        ON_TOKENS_RETURNED, offset=169416841955 ns
        ON_TOKENS_CALLED, generate 1 tokens, offset=170637885977 ns
        ON_TOKENS_RETURNED, offset=170637888327 ns
        ON_TOKENS_CALLED, generate 1 tokens, offset=171904351159 ns
        ON_TOKENS_RETURNED, offset=171904352334 ns
        ON_TOKENS_CALLED, generate 1 tokens, offset=173172907014 ns
        ON_TOKENS_RETURNED, offset=173172909222 ns
        ON_TOKENS_CALLED, generate 1 tokens, offset=174318672250 ns
        ON_TOKENS_RETURNED, offset=174318675282 ns
        ON_TOKENS_CALLED, generate 1 tokens, offset=175492586891 ns
        ON_TOKENS_RETURNED, offset=175492588936 ns
        ON_TOKENS_CALLED, generate 1 tokens, offset=176683867137 ns
        ON_TOKENS_RETURNED, offset=176683869937 ns
        ON_TOKENS_CALLED, generate 1 tokens, offset=177901347082 ns
        ON_TOKENS_RETURNED, offset=177901348394 ns
        ON_TOKENS_CALLED, generate 1 tokens, offset=179121244852 ns
        ON_TOKENS_RETURNED, offset=179121246417 ns
        ON_TOKENS_CALLED, generate 1 tokens, offset=180380142500 ns
        ON_TOKENS_RETURNED, offset=180380145623 ns
        ON_TOKENS_CALLED, generate 1 tokens, offset=181654903087 ns
        ON_TOKENS_RETURNED, offset=181654905455 ns
        ON_TOKENS_CALLED, generate 1 tokens, offset=182958721048 ns
        ON_TOKENS_RETURNED, offset=182958723565 ns
        ON_TOKENS_CALLED, generate 1 tokens, offset=184271486874 ns
        ON_TOKENS_RETURNED, offset=184271488302 ns
        ON_TOKENS_CALLED, generate 1 tokens, offset=185617297775 ns
        ON_TOKENS_RETURNED, offset=185617299946 ns
        ON_TOKENS_CALLED, generate 1 tokens, offset=186974004361 ns
        ON_TOKENS_RETURNED, offset=186974006785 ns
        ON_TOKENS_CALLED, generate 1 tokens, offset=188365317196 ns
        ON_TOKENS_RETURNED, offset=188365318243 ns
        ON_TOKENS_CALLED, generate 1 tokens, offset=189754003573 ns
        ON_TOKENS_RETURNED, offset=189754005133 ns
        ON_TOKENS_CALLED, generate 1 tokens, offset=191189907491 ns
        ON_TOKENS_RETURNED, offset=191189908858 ns
        ON_TOKENS_CALLED, generate 1 tokens, offset=192632016985 ns
        ON_TOKENS_RETURNED, offset=192632020006 ns
        ON_TOKENS_CALLED, generate 1 tokens, offset=194107740046 ns
        ON_TOKENS_RETURNED, offset=194107741112 ns
        ON_TOKENS_CALLED, generate 1 tokens, offset=195570175109 ns
        ON_TOKENS_RETURNED, offset=195570177595 ns
        ON_TOKENS_CALLED, generate 1 tokens, offset=197086416280 ns
        ON_TOKENS_RETURNED, offset=197086418254 ns
        ON_TOKENS_CALLED, generate 1 tokens, offset=198457439534 ns
        ON_TOKENS_RETURNED, offset=198457440756 ns
        ON_TOKENS_CALLED, generate 1 tokens, offset=199886006384 ns
        ON_TOKENS_RETURNED, offset=199886007518 ns
        ON_TOKENS_CALLED, generate 1 tokens, offset=201315101925 ns
        ON_TOKENS_RETURNED, offset=201315103376 ns
        ON_TOKENS_CALLED, generate 1 tokens, offset=202778550511 ns
        ON_TOKENS_RETURNED, offset=202778552487 ns
        ON_TOKENS_CALLED, generate 1 tokens, offset=204247824808 ns
        ON_TOKENS_RETURNED, offset=204247828454 ns
        ON_TOKENS_CALLED, generate 1 tokens, offset=205753873179 ns
        ON_TOKENS_RETURNED, offset=205753875709 ns
        ON_TOKENS_CALLED, generate 1 tokens, offset=207258677593 ns
        ON_TOKENS_RETURNED, offset=207258679324 ns
        ON_TOKENS_CALLED, generate 1 tokens, offset=208807065975 ns
        ON_TOKENS_RETURNED, offset=208807066975 ns
        ON_TOKENS_CALLED, generate 1 tokens, offset=210218532154 ns
        ON_TOKENS_RETURNED, offset=210218533486 ns
        ON_TOKENS_CALLED, generate 1 tokens, offset=211676059600 ns
        ON_TOKENS_RETURNED, offset=211676061652 ns
        ON_TOKENS_CALLED, generate 1 tokens, offset=213145258767 ns
        ON_TOKENS_RETURNED, offset=213145260034 ns
        ON_TOKENS_CALLED, generate 1 tokens, offset=214633739882 ns
        ON_TOKENS_RETURNED, offset=214633740983 ns
        ON_TOKENS_CALLED, generate 1 tokens, offset=216000243046 ns
        ON_TOKENS_RETURNED, offset=216000396398 ns
        ON_TOKENS_CALLED, generate 1 tokens, offset=217402594501 ns
        ON_TOKENS_RETURNED, offset=217402600947 ns
[15:18:02.673992359|thread 1923242|cpu 260] [debug] #EVT# HandleDetails::is_anomalous() handle_id=10 time in state STATE_OPENED exceeded threshold: 143025382632 ns
[15:18:02.673994855|thread 1923242|cpu 260] [debug] #EVT#   Handle,    10, Created, 752866552038602, Last, 753083954913281, Prompted,  8191, Generated,    64, Input TPS, 57.28, Output TPS:  0.76, Callbacks,    64, prompt parsing complete, open
[15:18:02.674011679|thread 1923242|cpu 260] [info ] #EVT#   Handle 10 history:
        SESSION_OPEN, prompt 8192 tokens, offset=0 ns
        PROMPT_TOKENS_REUSE, offset=143025381571 ns
        ON_START_CALLED, offset=143025382632 ns
        ON_START_RETURNED, offset=143025526821 ns
        ON_TOKENS_CALLED, generate 1 tokens, offset=143025530750 ns
        ON_TOKENS_RETURNED, offset=143025534214 ns
        ON_TOKENS_CALLED, generate 1 tokens, offset=143691178364 ns
        ON_TOKENS_RETURNED, offset=143691179827 ns
        ON_TOKENS_CALLED, generate 1 tokens, offset=144422965692 ns
        ON_TOKENS_RETURNED, offset=144422967219 ns
        ON_TOKENS_CALLED, generate 1 tokens, offset=145164996547 ns
        ON_TOKENS_RETURNED, offset=145164998075 ns
        ON_TOKENS_CALLED, generate 1 tokens, offset=145920464336 ns
        ON_TOKENS_RETURNED, offset=145920467326 ns
        ON_TOKENS_CALLED, generate 1 tokens, offset=146694696000 ns
        ON_TOKENS_RETURNED, offset=146694698501 ns
        ON_TOKENS_CALLED, generate 1 tokens, offset=147484282497 ns
        ON_TOKENS_RETURNED, offset=147484285416 ns
        ON_TOKENS_CALLED, generate 1 tokens, offset=148283934718 ns
        ON_TOKENS_RETURNED, offset=148283935999 ns
        ON_TOKENS_CALLED, generate 1 tokens, offset=149099141777 ns
        ON_TOKENS_RETURNED, offset=149099162524 ns
        ON_TOKENS_CALLED, generate 1 tokens, offset=149925830878 ns
        ON_TOKENS_RETURNED, offset=149925831583 ns
        ON_TOKENS_CALLED, generate 1 tokens, offset=150771264937 ns
        ON_TOKENS_RETURNED, offset=150771266998 ns
        ON_TOKENS_CALLED, generate 1 tokens, offset=151633459137 ns
        ON_TOKENS_RETURNED, offset=151633461287 ns
        ON_TOKENS_CALLED, generate 1 tokens, offset=152514454422 ns
        ON_TOKENS_RETURNED, offset=152514455322 ns
        ON_TOKENS_CALLED, generate 1 tokens, offset=153415756701 ns
        ON_TOKENS_RETURNED, offset=153415757690 ns
        ON_TOKENS_CALLED, generate 1 tokens, offset=154335682113 ns
        ON_TOKENS_RETURNED, offset=154335684261 ns
        ON_TOKENS_CALLED, generate 1 tokens, offset=155273512880 ns
        ON_TOKENS_RETURNED, offset=155273513830 ns
        ON_TOKENS_CALLED, generate 1 tokens, offset=156235998360 ns
        ON_TOKENS_RETURNED, offset=156236010674 ns
        ON_TOKENS_CALLED, generate 1 tokens, offset=157208512781 ns
        ON_TOKENS_RETURNED, offset=157208513704 ns
        ON_TOKENS_CALLED, generate 1 tokens, offset=158215406791 ns
        ON_TOKENS_RETURNED, offset=158215407592 ns
        ON_TOKENS_CALLED, generate 1 tokens, offset=159232321522 ns
        ON_TOKENS_RETURNED, offset=159232322113 ns
        ON_TOKENS_CALLED, generate 1 tokens, offset=160283585592 ns
        ON_TOKENS_RETURNED, offset=160283586291 ns
        ON_TOKENS_CALLED, generate 1 tokens, offset=161343859816 ns
        ON_TOKENS_RETURNED, offset=161343860632 ns
        ON_TOKENS_CALLED, generate 1 tokens, offset=162445099391 ns
        ON_TOKENS_RETURNED, offset=162445100893 ns
        ON_TOKENS_CALLED, generate 1 tokens, offset=163548372052 ns
        ON_TOKENS_RETURNED, offset=163548372802 ns
        ON_TOKENS_CALLED, generate 1 tokens, offset=164688037483 ns
        ON_TOKENS_RETURNED, offset=164688039434 ns
        ON_TOKENS_CALLED, generate 1 tokens, offset=165822411633 ns
        ON_TOKENS_RETURNED, offset=165822412550 ns
        ON_TOKENS_CALLED, generate 1 tokens, offset=167004374696 ns
        ON_TOKENS_RETURNED, offset=167004376406 ns
        ON_TOKENS_CALLED, generate 1 tokens, offset=168192586780 ns
        ON_TOKENS_RETURNED, offset=168192587929 ns
        ON_TOKENS_CALLED, generate 1 tokens, offset=169417107809 ns
        ON_TOKENS_RETURNED, offset=169417108634 ns
        ON_TOKENS_CALLED, generate 1 tokens, offset=170638164190 ns
        ON_TOKENS_RETURNED, offset=170638165963 ns
        ON_TOKENS_CALLED, generate 1 tokens, offset=171904622228 ns
        ON_TOKENS_RETURNED, offset=171904624717 ns
        ON_TOKENS_CALLED, generate 1 tokens, offset=173173178872 ns
        ON_TOKENS_RETURNED, offset=173173180283 ns
        ON_TOKENS_CALLED, generate 1 tokens, offset=174318946810 ns
        ON_TOKENS_RETURNED, offset=174318949394 ns
        ON_TOKENS_CALLED, generate 1 tokens, offset=175492859865 ns
        ON_TOKENS_RETURNED, offset=175492860547 ns
        ON_TOKENS_CALLED, generate 1 tokens, offset=176684148554 ns
        ON_TOKENS_RETURNED, offset=176684149368 ns
        ON_TOKENS_CALLED, generate 1 tokens, offset=177901620605 ns
        ON_TOKENS_RETURNED, offset=177901621591 ns
        ON_TOKENS_CALLED, generate 1 tokens, offset=179121514592 ns
        ON_TOKENS_RETURNED, offset=179121515786 ns
        ON_TOKENS_CALLED, generate 1 tokens, offset=180380415691 ns
        ON_TOKENS_RETURNED, offset=180380418857 ns
        ON_TOKENS_CALLED, generate 1 tokens, offset=181655175014 ns
        ON_TOKENS_RETURNED, offset=181655175848 ns
        ON_TOKENS_CALLED, generate 1 tokens, offset=182958994978 ns
        ON_TOKENS_RETURNED, offset=182958995662 ns
        ON_TOKENS_CALLED, generate 1 tokens, offset=184271758673 ns
        ON_TOKENS_RETURNED, offset=184271761278 ns
        ON_TOKENS_CALLED, generate 1 tokens, offset=185617574575 ns
        ON_TOKENS_RETURNED, offset=185617575438 ns
        ON_TOKENS_CALLED, generate 1 tokens, offset=186974277917 ns
        ON_TOKENS_RETURNED, offset=186974278933 ns
        ON_TOKENS_CALLED, generate 1 tokens, offset=188365587863 ns
        ON_TOKENS_RETURNED, offset=188365589588 ns
        ON_TOKENS_CALLED, generate 1 tokens, offset=189754277946 ns
        ON_TOKENS_RETURNED, offset=189754279924 ns
        ON_TOKENS_CALLED, generate 1 tokens, offset=191190161024 ns
        ON_TOKENS_RETURNED, offset=191190161728 ns
        ON_TOKENS_CALLED, generate 1 tokens, offset=192632268143 ns
        ON_TOKENS_RETURNED, offset=192632271732 ns
        ON_TOKENS_CALLED, generate 1 tokens, offset=194108008954 ns
        ON_TOKENS_RETURNED, offset=194108010370 ns
        ON_TOKENS_CALLED, generate 1 tokens, offset=195570438323 ns
        ON_TOKENS_RETURNED, offset=195570439432 ns
        ON_TOKENS_CALLED, generate 1 tokens, offset=197086689700 ns
        ON_TOKENS_RETURNED, offset=197086690659 ns
        ON_TOKENS_CALLED, generate 1 tokens, offset=198457711792 ns
        ON_TOKENS_RETURNED, offset=198457712535 ns
        ON_TOKENS_CALLED, generate 1 tokens, offset=199886278771 ns
        ON_TOKENS_RETURNED, offset=199886279758 ns
        ON_TOKENS_CALLED, generate 1 tokens, offset=201315380833 ns
        ON_TOKENS_RETURNED, offset=201315381368 ns
        ON_TOKENS_CALLED, generate 1 tokens, offset=202778822759 ns
        ON_TOKENS_RETURNED, offset=202778823313 ns
        ON_TOKENS_CALLED, generate 1 tokens, offset=204248102402 ns
        ON_TOKENS_RETURNED, offset=204248103404 ns
        ON_TOKENS_CALLED, generate 1 tokens, offset=205754147780 ns
        ON_TOKENS_RETURNED, offset=205754148480 ns
        ON_TOKENS_CALLED, generate 1 tokens, offset=207258950425 ns
        ON_TOKENS_RETURNED, offset=207258952025 ns
        ON_TOKENS_CALLED, generate 1 tokens, offset=208807328290 ns
        ON_TOKENS_RETURNED, offset=208807329347 ns
        ON_TOKENS_CALLED, generate 1 tokens, offset=210218790850 ns
        ON_TOKENS_RETURNED, offset=210218791926 ns
        ON_TOKENS_CALLED, generate 1 tokens, offset=211676331453 ns
        ON_TOKENS_RETURNED, offset=211676333575 ns
        ON_TOKENS_CALLED, generate 1 tokens, offset=213145526870 ns
        ON_TOKENS_RETURNED, offset=213145529030 ns
        ON_TOKENS_CALLED, generate 1 tokens, offset=214634011399 ns
        ON_TOKENS_RETURNED, offset=214634012452 ns
        ON_TOKENS_CALLED, generate 1 tokens, offset=216000517022 ns
        ON_TOKENS_RETURNED, offset=216000688940 ns
        ON_TOKENS_CALLED, generate 1 tokens, offset=217402869974 ns
        ON_TOKENS_RETURNED, offset=217402874679 ns
[15:18:02.674030580|thread 1923242|cpu 260] [debug] #EVT# HandleDetails::is_anomalous() handle_id=8 time in state STATE_OPENED exceeded threshold: 143025402133 ns
[15:18:02.674032470|thread 1923242|cpu 260] [debug] #EVT#   Handle,     8, Created, 752866552017609, Last, 753083954911445, Prompted,  8191, Generated,    64, Input TPS, 57.28, Output TPS:  0.76, Callbacks,    64, prompt parsing complete, open
[15:18:02.674047646|thread 1923242|cpu 260] [info ] #EVT#   Handle 8 history:
        SESSION_OPEN, prompt 8192 tokens, offset=0 ns
        PROMPT_TOKENS_REUSE, offset=143025401157 ns
        ON_START_CALLED, offset=143025402133 ns
        ON_START_RETURNED, offset=143025512170 ns
        ON_TOKENS_CALLED, generate 1 tokens, offset=143025516164 ns
        ON_TOKENS_RETURNED, offset=143025519366 ns
        ON_TOKENS_CALLED, generate 1 tokens, offset=143691200059 ns
        ON_TOKENS_RETURNED, offset=143691201484 ns
        ON_TOKENS_CALLED, generate 1 tokens, offset=144422980657 ns
        ON_TOKENS_RETURNED, offset=144422987211 ns
        ON_TOKENS_CALLED, generate 1 tokens, offset=145165026539 ns
        ON_TOKENS_RETURNED, offset=145165027984 ns
        ON_TOKENS_CALLED, generate 1 tokens, offset=145920483199 ns
        ON_TOKENS_RETURNED, offset=145920485829 ns
        ON_TOKENS_CALLED, generate 1 tokens, offset=146694714762 ns
        ON_TOKENS_RETURNED, offset=146694716128 ns
        ON_TOKENS_CALLED, generate 1 tokens, offset=147484303001 ns
        ON_TOKENS_RETURNED, offset=147484305786 ns
        ON_TOKENS_CALLED, generate 1 tokens, offset=148283962613 ns
        ON_TOKENS_RETURNED, offset=148283964018 ns
        ON_TOKENS_CALLED, generate 1 tokens, offset=149099158441 ns
        ON_TOKENS_RETURNED, offset=149099164283 ns
        ON_TOKENS_CALLED, generate 1 tokens, offset=149925855975 ns
        ON_TOKENS_RETURNED, offset=149925856874 ns
        ON_TOKENS_CALLED, generate 1 tokens, offset=150771285207 ns
        ON_TOKENS_RETURNED, offset=150771287636 ns
        ON_TOKENS_CALLED, generate 1 tokens, offset=151633473541 ns
        ON_TOKENS_RETURNED, offset=151633474359 ns
        ON_TOKENS_CALLED, generate 1 tokens, offset=152514473976 ns
        ON_TOKENS_RETURNED, offset=152514475454 ns
        ON_TOKENS_CALLED, generate 1 tokens, offset=153415786433 ns
        ON_TOKENS_RETURNED, offset=153415787431 ns
        ON_TOKENS_CALLED, generate 1 tokens, offset=154335704368 ns
        ON_TOKENS_RETURNED, offset=154335705451 ns
        ON_TOKENS_CALLED, generate 1 tokens, offset=155273533691 ns
        ON_TOKENS_RETURNED, offset=155273535357 ns
        ON_TOKENS_CALLED, generate 1 tokens, offset=156236021157 ns
        ON_TOKENS_RETURNED, offset=156236037832 ns
        ON_TOKENS_CALLED, generate 1 tokens, offset=157208535145 ns
        ON_TOKENS_RETURNED, offset=157208536170 ns
        ON_TOKENS_CALLED, generate 1 tokens, offset=158215421027 ns
        ON_TOKENS_RETURNED, offset=158215422862 ns
        ON_TOKENS_CALLED, generate 1 tokens, offset=159232340476 ns
        ON_TOKENS_RETURNED, offset=159232341560 ns
        ON_TOKENS_CALLED, generate 1 tokens, offset=160283603410 ns
        ON_TOKENS_RETURNED, offset=160283604366 ns
        ON_TOKENS_CALLED, generate 1 tokens, offset=161343883054 ns
        ON_TOKENS_RETURNED, offset=161343884325 ns
        ON_TOKENS_CALLED, generate 1 tokens, offset=162445119595 ns
        ON_TOKENS_RETURNED, offset=162445122043 ns
        ON_TOKENS_CALLED, generate 1 tokens, offset=163548391223 ns
        ON_TOKENS_RETURNED, offset=163548393620 ns
        ON_TOKENS_CALLED, generate 1 tokens, offset=164688057493 ns
        ON_TOKENS_RETURNED, offset=164688059389 ns
        ON_TOKENS_CALLED, generate 1 tokens, offset=165822431191 ns
        ON_TOKENS_RETURNED, offset=165822432155 ns
        ON_TOKENS_CALLED, generate 1 tokens, offset=167004398187 ns
        ON_TOKENS_RETURNED, offset=167004399122 ns
        ON_TOKENS_CALLED, generate 1 tokens, offset=168192605803 ns
        ON_TOKENS_RETURNED, offset=168192608503 ns
        ON_TOKENS_CALLED, generate 1 tokens, offset=169417126868 ns
        ON_TOKENS_RETURNED, offset=169417127983 ns
        ON_TOKENS_CALLED, generate 1 tokens, offset=170638178973 ns
        ON_TOKENS_RETURNED, offset=170638180070 ns
        ON_TOKENS_CALLED, generate 1 tokens, offset=171904643018 ns
        ON_TOKENS_RETURNED, offset=171904644548 ns
        ON_TOKENS_CALLED, generate 1 tokens, offset=173173200493 ns
        ON_TOKENS_RETURNED, offset=173173201870 ns
        ON_TOKENS_CALLED, generate 1 tokens, offset=174318964420 ns
        ON_TOKENS_RETURNED, offset=174318966251 ns
        ON_TOKENS_CALLED, generate 1 tokens, offset=175492875313 ns
        ON_TOKENS_RETURNED, offset=175492876810 ns
        ON_TOKENS_CALLED, generate 1 tokens, offset=176684158194 ns
        ON_TOKENS_RETURNED, offset=176684159637 ns
        ON_TOKENS_CALLED, generate 1 tokens, offset=177901638880 ns
        ON_TOKENS_RETURNED, offset=177901641395 ns
        ON_TOKENS_CALLED, generate 1 tokens, offset=179121533398 ns
        ON_TOKENS_RETURNED, offset=179121534227 ns
        ON_TOKENS_CALLED, generate 1 tokens, offset=180380435818 ns
        ON_TOKENS_RETURNED, offset=180380437288 ns
        ON_TOKENS_CALLED, generate 1 tokens, offset=181655194357 ns
        ON_TOKENS_RETURNED, offset=181655195292 ns
        ON_TOKENS_CALLED, generate 1 tokens, offset=182959008797 ns
        ON_TOKENS_RETURNED, offset=182959010653 ns
        ON_TOKENS_CALLED, generate 1 tokens, offset=184271777320 ns
        ON_TOKENS_RETURNED, offset=184271779375 ns
        ON_TOKENS_CALLED, generate 1 tokens, offset=185617590726 ns
        ON_TOKENS_RETURNED, offset=185617593154 ns
        ON_TOKENS_CALLED, generate 1 tokens, offset=186974297126 ns
        ON_TOKENS_RETURNED, offset=186974299553 ns
        ON_TOKENS_CALLED, generate 1 tokens, offset=188365605018 ns
        ON_TOKENS_RETURNED, offset=188365606181 ns
        ON_TOKENS_CALLED, generate 1 tokens, offset=189754296666 ns
        ON_TOKENS_RETURNED, offset=189754297808 ns
        ON_TOKENS_CALLED, generate 1 tokens, offset=191190177897 ns
        ON_TOKENS_RETURNED, offset=191190179132 ns
        ON_TOKENS_CALLED, generate 1 tokens, offset=192632305889 ns
        ON_TOKENS_RETURNED, offset=192632307463 ns
        ON_TOKENS_CALLED, generate 1 tokens, offset=194108029738 ns
        ON_TOKENS_RETURNED, offset=194108031003 ns
        ON_TOKENS_CALLED, generate 1 tokens, offset=195570458981 ns
        ON_TOKENS_RETURNED, offset=195570460608 ns
        ON_TOKENS_CALLED, generate 1 tokens, offset=197086708520 ns
        ON_TOKENS_RETURNED, offset=197086709809 ns
        ON_TOKENS_CALLED, generate 1 tokens, offset=198457731007 ns
        ON_TOKENS_RETURNED, offset=198457732090 ns
        ON_TOKENS_CALLED, generate 1 tokens, offset=199886298405 ns
        ON_TOKENS_RETURNED, offset=199886300047 ns
        ON_TOKENS_CALLED, generate 1 tokens, offset=201315401622 ns
        ON_TOKENS_RETURNED, offset=201315403978 ns
        ON_TOKENS_CALLED, generate 1 tokens, offset=202778849698 ns
        ON_TOKENS_RETURNED, offset=202778850861 ns
        ON_TOKENS_CALLED, generate 1 tokens, offset=204248119518 ns
        ON_TOKENS_RETURNED, offset=204248120826 ns
        ON_TOKENS_CALLED, generate 1 tokens, offset=205754166628 ns
        ON_TOKENS_RETURNED, offset=205754167503 ns
        ON_TOKENS_CALLED, generate 1 tokens, offset=207258967398 ns
        ON_TOKENS_RETURNED, offset=207258968807 ns
        ON_TOKENS_CALLED, generate 1 tokens, offset=208807346890 ns
        ON_TOKENS_RETURNED, offset=208807348504 ns
        ON_TOKENS_CALLED, generate 1 tokens, offset=210218803260 ns
        ON_TOKENS_RETURNED, offset=210218805739 ns
        ON_TOKENS_CALLED, generate 1 tokens, offset=211676353284 ns
        ON_TOKENS_RETURNED, offset=211676354918 ns
        ON_TOKENS_CALLED, generate 1 tokens, offset=213145545676 ns
        ON_TOKENS_RETURNED, offset=213145548360 ns
        ON_TOKENS_CALLED, generate 1 tokens, offset=214634027850 ns
        ON_TOKENS_RETURNED, offset=214634030034 ns
        ON_TOKENS_CALLED, generate 1 tokens, offset=216000535530 ns
        ON_TOKENS_RETURNED, offset=216000741779 ns
        ON_TOKENS_CALLED, generate 1 tokens, offset=217402889014 ns
        ON_TOKENS_RETURNED, offset=217402893836 ns
[15:18:02.674059044|thread 1923242|cpu 260] [debug] #EVT# HandleDetails::is_anomalous() handle_id=4 time in state STATE_OPENED exceeded threshold: 143025453039 ns
[15:18:02.674060746|thread 1923242|cpu 260] [debug] #EVT#   Handle,     4, Created, 752866551966612, Last, 753083954914047, Prompted,  8191, Generated,    64, Input TPS, 57.28, Output TPS:  0.76, Callbacks,    64, prompt parsing complete, open
[15:18:02.674075897|thread 1923242|cpu 260] [info ] #EVT#   Handle 4 history:
        SESSION_OPEN, prompt 8192 tokens, offset=0 ns
        PROMPT_TOKENS_REUSE, offset=143025451992 ns
        ON_START_CALLED, offset=143025453039 ns
        ON_START_RETURNED, offset=143025581573 ns
        ON_TOKENS_CALLED, generate 1 tokens, offset=143025585281 ns
        ON_TOKENS_RETURNED, offset=143025586137 ns
        ON_TOKENS_CALLED, generate 1 tokens, offset=143691256388 ns
        ON_TOKENS_RETURNED, offset=143691257578 ns
        ON_TOKENS_CALLED, generate 1 tokens, offset=144423021382 ns
        ON_TOKENS_RETURNED, offset=144423022712 ns
        ON_TOKENS_CALLED, generate 1 tokens, offset=145165070542 ns
        ON_TOKENS_RETURNED, offset=145165071414 ns
        ON_TOKENS_CALLED, generate 1 tokens, offset=145920534907 ns
        ON_TOKENS_RETURNED, offset=145920537816 ns
        ON_TOKENS_CALLED, generate 1 tokens, offset=146694764053 ns
        ON_TOKENS_RETURNED, offset=146694765413 ns
        ON_TOKENS_CALLED, generate 1 tokens, offset=147484350972 ns
        ON_TOKENS_RETURNED, offset=147484353274 ns
        ON_TOKENS_CALLED, generate 1 tokens, offset=148284006641 ns
        ON_TOKENS_RETURNED, offset=148284008750 ns
        ON_TOKENS_CALLED, generate 1 tokens, offset=149099207558 ns
        ON_TOKENS_RETURNED, offset=149099226381 ns
        ON_TOKENS_CALLED, generate 1 tokens, offset=149925902370 ns
        ON_TOKENS_RETURNED, offset=149925903283 ns
        ON_TOKENS_CALLED, generate 1 tokens, offset=150771332978 ns
        ON_TOKENS_RETURNED, offset=150771334922 ns
        ON_TOKENS_CALLED, generate 1 tokens, offset=151633532604 ns
        ON_TOKENS_RETURNED, offset=151633533622 ns
        ON_TOKENS_CALLED, generate 1 tokens, offset=152514524740 ns
        ON_TOKENS_RETURNED, offset=152514525652 ns
        ON_TOKENS_CALLED, generate 1 tokens, offset=153415824060 ns
        ON_TOKENS_RETURNED, offset=153415826668 ns
        ON_TOKENS_CALLED, generate 1 tokens, offset=154335756053 ns
        ON_TOKENS_RETURNED, offset=154335757194 ns
        ON_TOKENS_CALLED, generate 1 tokens, offset=155273585953 ns
        ON_TOKENS_RETURNED, offset=155273586978 ns
        ON_TOKENS_CALLED, generate 1 tokens, offset=156236069121 ns
        ON_TOKENS_RETURNED, offset=156236072495 ns
        ON_TOKENS_CALLED, generate 1 tokens, offset=157208581413 ns
        ON_TOKENS_RETURNED, offset=157208582430 ns
        ON_TOKENS_CALLED, generate 1 tokens, offset=158215475889 ns
        ON_TOKENS_RETURNED, offset=158215477046 ns
        ON_TOKENS_CALLED, generate 1 tokens, offset=159232390347 ns
        ON_TOKENS_RETURNED, offset=159232391269 ns
        ON_TOKENS_CALLED, generate 1 tokens, offset=160283661054 ns
        ON_TOKENS_RETURNED, offset=160283661885 ns
        ON_TOKENS_CALLED, generate 1 tokens, offset=161343926118 ns
        ON_TOKENS_RETURNED, offset=161343927728 ns
        ON_TOKENS_CALLED, generate 1 tokens, offset=162445167461 ns
        ON_TOKENS_RETURNED, offset=162445170432 ns
        ON_TOKENS_CALLED, generate 1 tokens, offset=163548440625 ns
        ON_TOKENS_RETURNED, offset=163548443585 ns
        ON_TOKENS_CALLED, generate 1 tokens, offset=164688107138 ns
        ON_TOKENS_RETURNED, offset=164688108001 ns
        ON_TOKENS_CALLED, generate 1 tokens, offset=165822480948 ns
        ON_TOKENS_RETURNED, offset=165822483336 ns
        ON_TOKENS_CALLED, generate 1 tokens, offset=167004443995 ns
        ON_TOKENS_RETURNED, offset=167004446523 ns
        ON_TOKENS_CALLED, generate 1 tokens, offset=168192651612 ns
        ON_TOKENS_RETURNED, offset=168192653210 ns
        ON_TOKENS_CALLED, generate 1 tokens, offset=169417176722 ns
        ON_TOKENS_RETURNED, offset=169417179076 ns
        ON_TOKENS_CALLED, generate 1 tokens, offset=170638233862 ns
        ON_TOKENS_RETURNED, offset=170638235164 ns
        ON_TOKENS_CALLED, generate 1 tokens, offset=171904693421 ns
        ON_TOKENS_RETURNED, offset=171904696770 ns
        ON_TOKENS_CALLED, generate 1 tokens, offset=173173250344 ns
        ON_TOKENS_RETURNED, offset=173173252430 ns
        ON_TOKENS_CALLED, generate 1 tokens, offset=174319014499 ns
        ON_TOKENS_RETURNED, offset=174319017445 ns
        ON_TOKENS_CALLED, generate 1 tokens, offset=175492923218 ns
        ON_TOKENS_RETURNED, offset=175492924767 ns
        ON_TOKENS_CALLED, generate 1 tokens, offset=176684209446 ns
        ON_TOKENS_RETURNED, offset=176684211366 ns
        ON_TOKENS_CALLED, generate 1 tokens, offset=177901689308 ns
        ON_TOKENS_RETURNED, offset=177901690747 ns
        ON_TOKENS_CALLED, generate 1 tokens, offset=179121582744 ns
        ON_TOKENS_RETURNED, offset=179121584456 ns
        ON_TOKENS_CALLED, generate 1 tokens, offset=180380488125 ns
        ON_TOKENS_RETURNED, offset=180380491320 ns
        ON_TOKENS_CALLED, generate 1 tokens, offset=181655244282 ns
        ON_TOKENS_RETURNED, offset=181655246561 ns
        ON_TOKENS_CALLED, generate 1 tokens, offset=182959073602 ns
        ON_TOKENS_RETURNED, offset=182959074873 ns
        ON_TOKENS_CALLED, generate 1 tokens, offset=184271829208 ns
        ON_TOKENS_RETURNED, offset=184271830626 ns
        ON_TOKENS_CALLED, generate 1 tokens, offset=185617642476 ns
        ON_TOKENS_RETURNED, offset=185617644233 ns
        ON_TOKENS_CALLED, generate 1 tokens, offset=186974346242 ns
        ON_TOKENS_RETURNED, offset=186974346910 ns
        ON_TOKENS_CALLED, generate 1 tokens, offset=188365656982 ns
        ON_TOKENS_RETURNED, offset=188365658355 ns
        ON_TOKENS_CALLED, generate 1 tokens, offset=189754347554 ns
        ON_TOKENS_RETURNED, offset=189754349380 ns
        ON_TOKENS_CALLED, generate 1 tokens, offset=191190231461 ns
        ON_TOKENS_RETURNED, offset=191190232539 ns
        ON_TOKENS_CALLED, generate 1 tokens, offset=192632349608 ns
        ON_TOKENS_RETURNED, offset=192632351152 ns
        ON_TOKENS_CALLED, generate 1 tokens, offset=194108085294 ns
        ON_TOKENS_RETURNED, offset=194108086231 ns
        ON_TOKENS_CALLED, generate 1 tokens, offset=195570506943 ns
        ON_TOKENS_RETURNED, offset=195570509062 ns
        ON_TOKENS_CALLED, generate 1 tokens, offset=197086758155 ns
        ON_TOKENS_RETURNED, offset=197086760270 ns
        ON_TOKENS_CALLED, generate 1 tokens, offset=198457782753 ns
        ON_TOKENS_RETURNED, offset=198457783861 ns
        ON_TOKENS_CALLED, generate 1 tokens, offset=199886353482 ns
        ON_TOKENS_RETURNED, offset=199886355825 ns
        ON_TOKENS_CALLED, generate 1 tokens, offset=201315443044 ns
        ON_TOKENS_RETURNED, offset=201315445992 ns
        ON_TOKENS_CALLED, generate 1 tokens, offset=202778904759 ns
        ON_TOKENS_RETURNED, offset=202778905746 ns
        ON_TOKENS_CALLED, generate 1 tokens, offset=204248167226 ns
        ON_TOKENS_RETURNED, offset=204248169395 ns
        ON_TOKENS_CALLED, generate 1 tokens, offset=205754217245 ns
        ON_TOKENS_RETURNED, offset=205754217927 ns
        ON_TOKENS_CALLED, generate 1 tokens, offset=207259017087 ns
        ON_TOKENS_RETURNED, offset=207259018021 ns
        ON_TOKENS_CALLED, generate 1 tokens, offset=208807402143 ns
        ON_TOKENS_RETURNED, offset=208807403241 ns
        ON_TOKENS_CALLED, generate 1 tokens, offset=210218852505 ns
        ON_TOKENS_RETURNED, offset=210218855176 ns
        ON_TOKENS_CALLED, generate 1 tokens, offset=211676406429 ns
        ON_TOKENS_RETURNED, offset=211676407912 ns
        ON_TOKENS_CALLED, generate 1 tokens, offset=213145594880 ns
        ON_TOKENS_RETURNED, offset=213145596598 ns
        ON_TOKENS_CALLED, generate 1 tokens, offset=214634076084 ns
        ON_TOKENS_RETURNED, offset=214634078299 ns
        ON_TOKENS_CALLED, generate 1 tokens, offset=216000586133 ns
        ON_TOKENS_RETURNED, offset=216000771564 ns
        ON_TOKENS_CALLED, generate 1 tokens, offset=217402942444 ns
        ON_TOKENS_RETURNED, offset=217402947435 ns
[15:18:02.674085489|thread 1923242|cpu 260] [debug] #EVT# HandleDetails::is_anomalous() handle_id=3 time in state STATE_OPENED exceeded threshold: 143025462046 ns
[15:18:02.674087076|thread 1923242|cpu 260] [debug] #EVT#   Handle,     3, Created, 752866551954577, Last, 753083954911080, Prompted,  8192, Generated,    64, Input TPS, 57.28, Output TPS:  0.76, Callbacks,    64, prompt parsing complete, open
[15:18:02.674103303|thread 1923242|cpu 260] [info ] #EVT#   Handle 3 history:
        SESSION_OPEN, prompt 8192 tokens, offset=0 ns
        PROMPT_TOKENS_REUSE, offset=143025461300 ns
        ON_START_CALLED, offset=143025462046 ns
        ON_START_RETURNED, offset=143025555681 ns
        ON_TOKENS_CALLED, generate 1 tokens, offset=143025559529 ns
        ON_TOKENS_RETURNED, offset=143025560277 ns
        ON_TOKENS_CALLED, generate 1 tokens, offset=143691261767 ns
        ON_TOKENS_RETURNED, offset=143691262999 ns
        ON_TOKENS_CALLED, generate 1 tokens, offset=144423041381 ns
        ON_TOKENS_RETURNED, offset=144423042493 ns
        ON_TOKENS_CALLED, generate 1 tokens, offset=145165077394 ns
        ON_TOKENS_RETURNED, offset=145165078501 ns
        ON_TOKENS_CALLED, generate 1 tokens, offset=145920544528 ns
        ON_TOKENS_RETURNED, offset=145920547649 ns
        ON_TOKENS_CALLED, generate 1 tokens, offset=146694772251 ns
        ON_TOKENS_RETURNED, offset=146694773992 ns
        ON_TOKENS_CALLED, generate 1 tokens, offset=147484365877 ns
        ON_TOKENS_RETURNED, offset=147484367345 ns
        ON_TOKENS_CALLED, generate 1 tokens, offset=148284017159 ns
        ON_TOKENS_RETURNED, offset=148284018321 ns
        ON_TOKENS_CALLED, generate 1 tokens, offset=149099217731 ns
        ON_TOKENS_RETURNED, offset=149099232956 ns
        ON_TOKENS_CALLED, generate 1 tokens, offset=149925912067 ns
        ON_TOKENS_RETURNED, offset=149925914121 ns
        ON_TOKENS_CALLED, generate 1 tokens, offset=150771344448 ns
        ON_TOKENS_RETURNED, offset=150771345873 ns
        ON_TOKENS_CALLED, generate 1 tokens, offset=151633540602 ns
        ON_TOKENS_RETURNED, offset=151633541699 ns
        ON_TOKENS_CALLED, generate 1 tokens, offset=152514533243 ns
        ON_TOKENS_RETURNED, offset=152514534233 ns
        ON_TOKENS_CALLED, generate 1 tokens, offset=153415834827 ns
        ON_TOKENS_RETURNED, offset=153415837245 ns
        ON_TOKENS_CALLED, generate 1 tokens, offset=154335763655 ns
        ON_TOKENS_RETURNED, offset=154335765020 ns
        ON_TOKENS_CALLED, generate 1 tokens, offset=155273592066 ns
        ON_TOKENS_RETURNED, offset=155273593952 ns
        ON_TOKENS_CALLED, generate 1 tokens, offset=156236080823 ns
        ON_TOKENS_RETURNED, offset=156236094226 ns
        ON_TOKENS_CALLED, generate 1 tokens, offset=157208592217 ns
        ON_TOKENS_RETURNED, offset=157208593197 ns
        ON_TOKENS_CALLED, generate 1 tokens, offset=158215482899 ns
        ON_TOKENS_RETURNED, offset=158215484003 ns
        ON_TOKENS_CALLED, generate 1 tokens, offset=159232400356 ns
        ON_TOKENS_RETURNED, offset=159232401691 ns
        ON_TOKENS_CALLED, generate 1 tokens, offset=160283665310 ns
        ON_TOKENS_RETURNED, offset=160283666650 ns
        ON_TOKENS_CALLED, generate 1 tokens, offset=161343943360 ns
        ON_TOKENS_RETURNED, offset=161343944186 ns
        ON_TOKENS_CALLED, generate 1 tokens, offset=162445180655 ns
        ON_TOKENS_RETURNED, offset=162445182827 ns
        ON_TOKENS_CALLED, generate 1 tokens, offset=163548450805 ns
        ON_TOKENS_RETURNED, offset=163548451936 ns
        ON_TOKENS_CALLED, generate 1 tokens, offset=164688116992 ns
        ON_TOKENS_RETURNED, offset=164688119206 ns
        ON_TOKENS_CALLED, generate 1 tokens, offset=165822491344 ns
        ON_TOKENS_RETURNED, offset=165822493430 ns
        ON_TOKENS_CALLED, generate 1 tokens, offset=167004453207 ns
        ON_TOKENS_RETURNED, offset=167004456221 ns
        ON_TOKENS_CALLED, generate 1 tokens, offset=168192665050 ns
        ON_TOKENS_RETURNED, offset=168192666857 ns
        ON_TOKENS_CALLED, generate 1 tokens, offset=169417188283 ns
        ON_TOKENS_RETURNED, offset=169417189536 ns
        ON_TOKENS_CALLED, generate 1 tokens, offset=170638240009 ns
        ON_TOKENS_RETURNED, offset=170638241037 ns
        ON_TOKENS_CALLED, generate 1 tokens, offset=171904701189 ns
        ON_TOKENS_RETURNED, offset=171904703366 ns
        ON_TOKENS_CALLED, generate 1 tokens, offset=173173260163 ns
        ON_TOKENS_RETURNED, offset=173173262009 ns
        ON_TOKENS_CALLED, generate 1 tokens, offset=174319023763 ns
        ON_TOKENS_RETURNED, offset=174319027619 ns
        ON_TOKENS_CALLED, generate 1 tokens, offset=175492934298 ns
        ON_TOKENS_RETURNED, offset=175492935915 ns
        ON_TOKENS_CALLED, generate 1 tokens, offset=176684221138 ns
        ON_TOKENS_RETURNED, offset=176684222679 ns
        ON_TOKENS_CALLED, generate 1 tokens, offset=177901698752 ns
        ON_TOKENS_RETURNED, offset=177901701732 ns
        ON_TOKENS_CALLED, generate 1 tokens, offset=179121598921 ns
        ON_TOKENS_RETURNED, offset=179121600319 ns
        ON_TOKENS_CALLED, generate 1 tokens, offset=180380497907 ns
        ON_TOKENS_RETURNED, offset=180380499446 ns
        ON_TOKENS_CALLED, generate 1 tokens, offset=181655254678 ns
        ON_TOKENS_RETURNED, offset=181655255891 ns
        ON_TOKENS_CALLED, generate 1 tokens, offset=182959066427 ns
        ON_TOKENS_RETURNED, offset=182959067658 ns
        ON_TOKENS_CALLED, generate 1 tokens, offset=184271843015 ns
        ON_TOKENS_RETURNED, offset=184271844238 ns
        ON_TOKENS_CALLED, generate 1 tokens, offset=185617651964 ns
        ON_TOKENS_RETURNED, offset=185617653991 ns
        ON_TOKENS_CALLED, generate 1 tokens, offset=186974358412 ns
        ON_TOKENS_RETURNED, offset=186974360069 ns
        ON_TOKENS_CALLED, generate 1 tokens, offset=188365667089 ns
        ON_TOKENS_RETURNED, offset=188365668355 ns
        ON_TOKENS_CALLED, generate 1 tokens, offset=189754356869 ns
        ON_TOKENS_RETURNED, offset=189754358721 ns
        ON_TOKENS_CALLED, generate 1 tokens, offset=191190237935 ns
        ON_TOKENS_RETURNED, offset=191190239032 ns
        ON_TOKENS_CALLED, generate 1 tokens, offset=192632358600 ns
        ON_TOKENS_RETURNED, offset=192632360067 ns
        ON_TOKENS_CALLED, generate 1 tokens, offset=194108088432 ns
        ON_TOKENS_RETURNED, offset=194108089222 ns
        ON_TOKENS_CALLED, generate 1 tokens, offset=195570516339 ns
        ON_TOKENS_RETURNED, offset=195570519161 ns
        ON_TOKENS_CALLED, generate 1 tokens, offset=197086769067 ns
        ON_TOKENS_RETURNED, offset=197086769971 ns
        ON_TOKENS_CALLED, generate 1 tokens, offset=198457797545 ns
        ON_TOKENS_RETURNED, offset=198457798458 ns
        ON_TOKENS_CALLED, generate 1 tokens, offset=199886358361 ns
        ON_TOKENS_RETURNED, offset=199886359245 ns
        ON_TOKENS_CALLED, generate 1 tokens, offset=201315457287 ns
        ON_TOKENS_RETURNED, offset=201315459561 ns
        ON_TOKENS_CALLED, generate 1 tokens, offset=202778903320 ns
        ON_TOKENS_RETURNED, offset=202778905519 ns
        ON_TOKENS_CALLED, generate 1 tokens, offset=204248177989 ns
        ON_TOKENS_RETURNED, offset=204248180179 ns
        ON_TOKENS_CALLED, generate 1 tokens, offset=205754227213 ns
        ON_TOKENS_RETURNED, offset=205754228916 ns
        ON_TOKENS_CALLED, generate 1 tokens, offset=207259027431 ns
        ON_TOKENS_RETURNED, offset=207259028789 ns
        ON_TOKENS_CALLED, generate 1 tokens, offset=208807404891 ns
        ON_TOKENS_RETURNED, offset=208807406080 ns
        ON_TOKENS_CALLED, generate 1 tokens, offset=210218863246 ns
        ON_TOKENS_RETURNED, offset=210218865347 ns
        ON_TOKENS_CALLED, generate 1 tokens, offset=211676409367 ns
        ON_TOKENS_RETURNED, offset=211676411775 ns
        ON_TOKENS_CALLED, generate 1 tokens, offset=213145605723 ns
        ON_TOKENS_RETURNED, offset=213145608176 ns
        ON_TOKENS_CALLED, generate 1 tokens, offset=214634085662 ns
        ON_TOKENS_RETURNED, offset=214634087676 ns
        ON_TOKENS_CALLED, generate 1 tokens, offset=216000595613 ns
        ON_TOKENS_RETURNED, offset=216000800508 ns
        ON_TOKENS_CALLED, generate 1 tokens, offset=217402946561 ns
        ON_TOKENS_RETURNED, offset=217402956503 ns
[15:18:02.674111976|thread 1923242|cpu 260] [debug] #EVT# HandleDetails::is_anomalous() handle_id=28 time in state STATE_OPENED exceeded threshold: 143025167628 ns
[15:18:02.674113689|thread 1923242|cpu 260] [debug] #EVT#   Handle,    28, Created, 752866552244910, Last, 753083954905901, Prompted,  8191, Generated,    64, Input TPS, 57.28, Output TPS:  0.76, Callbacks,    64, prompt parsing complete, open
[15:18:02.674129782|thread 1923242|cpu 260] [info ] #EVT#   Handle 28 history:
        SESSION_OPEN, prompt 8192 tokens, offset=0 ns
        PROMPT_TOKENS_REUSE, offset=143025166035 ns
        ON_START_CALLED, offset=143025167628 ns
        ON_START_RETURNED, offset=143025246019 ns
        ON_TOKENS_CALLED, generate 1 tokens, offset=143025250122 ns
        ON_TOKENS_RETURNED, offset=143025253264 ns
        ON_TOKENS_CALLED, generate 1 tokens, offset=143690968838 ns
        ON_TOKENS_RETURNED, offset=143690970456 ns
        ON_TOKENS_CALLED, generate 1 tokens, offset=144422740633 ns
        ON_TOKENS_RETURNED, offset=144422742167 ns
        ON_TOKENS_CALLED, generate 1 tokens, offset=145164785240 ns
        ON_TOKENS_RETURNED, offset=145164786440 ns
        ON_TOKENS_CALLED, generate 1 tokens, offset=145920248329 ns
        ON_TOKENS_RETURNED, offset=145920251315 ns
        ON_TOKENS_CALLED, generate 1 tokens, offset=146694480577 ns
        ON_TOKENS_RETURNED, offset=146694482560 ns
        ON_TOKENS_CALLED, generate 1 tokens, offset=147484067131 ns
        ON_TOKENS_RETURNED, offset=147484070720 ns
        ON_TOKENS_CALLED, generate 1 tokens, offset=148283722303 ns
        ON_TOKENS_RETURNED, offset=148283723842 ns
        ON_TOKENS_CALLED, generate 1 tokens, offset=149098922969 ns
        ON_TOKENS_RETURNED, offset=149098937216 ns
        ON_TOKENS_CALLED, generate 1 tokens, offset=149925622723 ns
        ON_TOKENS_RETURNED, offset=149925623852 ns
        ON_TOKENS_CALLED, generate 1 tokens, offset=150771051703 ns
        ON_TOKENS_RETURNED, offset=150771053278 ns
        ON_TOKENS_CALLED, generate 1 tokens, offset=151633241156 ns
        ON_TOKENS_RETURNED, offset=151633242631 ns
        ON_TOKENS_CALLED, generate 1 tokens, offset=152514242173 ns
        ON_TOKENS_RETURNED, offset=152514243063 ns
        ON_TOKENS_CALLED, generate 1 tokens, offset=153415544830 ns
        ON_TOKENS_RETURNED, offset=153415546125 ns
        ON_TOKENS_CALLED, generate 1 tokens, offset=154335463741 ns
        ON_TOKENS_RETURNED, offset=154335465263 ns
        ON_TOKENS_CALLED, generate 1 tokens, offset=155273303587 ns
        ON_TOKENS_RETURNED, offset=155273304666 ns
        ON_TOKENS_CALLED, generate 1 tokens, offset=156235783154 ns
        ON_TOKENS_RETURNED, offset=156235803004 ns
        ON_TOKENS_CALLED, generate 1 tokens, offset=157208296877 ns
        ON_TOKENS_RETURNED, offset=157208298288 ns
        ON_TOKENS_CALLED, generate 1 tokens, offset=158215185726 ns
        ON_TOKENS_RETURNED, offset=158215188172 ns
        ON_TOKENS_CALLED, generate 1 tokens, offset=159232105935 ns
        ON_TOKENS_RETURNED, offset=159232107264 ns
        ON_TOKENS_CALLED, generate 1 tokens, offset=160283373112 ns
        ON_TOKENS_RETURNED, offset=160283375049 ns
        ON_TOKENS_CALLED, generate 1 tokens, offset=161343646240 ns
        ON_TOKENS_RETURNED, offset=161343647445 ns
        ON_TOKENS_CALLED, generate 1 tokens, offset=162444885940 ns
        ON_TOKENS_RETURNED, offset=162444888774 ns
        ON_TOKENS_CALLED, generate 1 tokens, offset=163548159183 ns
        ON_TOKENS_RETURNED, offset=163548161141 ns
        ON_TOKENS_CALLED, generate 1 tokens, offset=164687826760 ns
        ON_TOKENS_RETURNED, offset=164687828420 ns
        ON_TOKENS_CALLED, generate 1 tokens, offset=165822198644 ns
        ON_TOKENS_RETURNED, offset=165822199910 ns
        ON_TOKENS_CALLED, generate 1 tokens, offset=167004163205 ns
        ON_TOKENS_RETURNED, offset=167004164758 ns
        ON_TOKENS_CALLED, generate 1 tokens, offset=168192366446 ns
        ON_TOKENS_RETURNED, offset=168192368313 ns
        ON_TOKENS_CALLED, generate 1 tokens, offset=169416896808 ns
        ON_TOKENS_RETURNED, offset=169416898239 ns
        ON_TOKENS_CALLED, generate 1 tokens, offset=170637944408 ns
        ON_TOKENS_RETURNED, offset=170637945963 ns
        ON_TOKENS_CALLED, generate 1 tokens, offset=171904414198 ns
        ON_TOKENS_RETURNED, offset=171904415887 ns
        ON_TOKENS_CALLED, generate 1 tokens, offset=173172966808 ns
        ON_TOKENS_RETURNED, offset=173172968415 ns
        ON_TOKENS_CALLED, generate 1 tokens, offset=174318729754 ns
        ON_TOKENS_RETURNED, offset=174318733355 ns
        ON_TOKENS_CALLED, generate 1 tokens, offset=175492636365 ns
        ON_TOKENS_RETURNED, offset=175492638686 ns
        ON_TOKENS_CALLED, generate 1 tokens, offset=176683925928 ns
        ON_TOKENS_RETURNED, offset=176683927186 ns
        ON_TOKENS_CALLED, generate 1 tokens, offset=177901404874 ns
        ON_TOKENS_RETURNED, offset=177901407226 ns
        ON_TOKENS_CALLED, generate 1 tokens, offset=179121298076 ns
        ON_TOKENS_RETURNED, offset=179121300538 ns
        ON_TOKENS_CALLED, generate 1 tokens, offset=180380201695 ns
        ON_TOKENS_RETURNED, offset=180380204616 ns
        ON_TOKENS_CALLED, generate 1 tokens, offset=181654960187 ns
        ON_TOKENS_RETURNED, offset=181654962865 ns
        ON_TOKENS_CALLED, generate 1 tokens, offset=182958772835 ns
        ON_TOKENS_RETURNED, offset=182958774923 ns
        ON_TOKENS_CALLED, generate 1 tokens, offset=184271547686 ns
        ON_TOKENS_RETURNED, offset=184271550511 ns
        ON_TOKENS_CALLED, generate 1 tokens, offset=185617356391 ns
        ON_TOKENS_RETURNED, offset=185617358695 ns
        ON_TOKENS_CALLED, generate 1 tokens, offset=186974061423 ns
        ON_TOKENS_RETURNED, offset=186974063856 ns
        ON_TOKENS_CALLED, generate 1 tokens, offset=188365373449 ns
        ON_TOKENS_RETURNED, offset=188365375870 ns
        ON_TOKENS_CALLED, generate 1 tokens, offset=189754061292 ns
        ON_TOKENS_RETURNED, offset=189754063977 ns
        ON_TOKENS_CALLED, generate 1 tokens, offset=191189944516 ns
        ON_TOKENS_RETURNED, offset=191189946343 ns
        ON_TOKENS_CALLED, generate 1 tokens, offset=192632061747 ns
        ON_TOKENS_RETURNED, offset=192632065436 ns
        ON_TOKENS_CALLED, generate 1 tokens, offset=194107801439 ns
        ON_TOKENS_RETURNED, offset=194107803564 ns
        ON_TOKENS_CALLED, generate 1 tokens, offset=195570226211 ns
        ON_TOKENS_RETURNED, offset=195570227985 ns
        ON_TOKENS_CALLED, generate 1 tokens, offset=197086475812 ns
        ON_TOKENS_RETURNED, offset=197086478060 ns
        ON_TOKENS_CALLED, generate 1 tokens, offset=198457497092 ns
        ON_TOKENS_RETURNED, offset=198457499115 ns
        ON_TOKENS_CALLED, generate 1 tokens, offset=199886063230 ns
        ON_TOKENS_RETURNED, offset=199886065397 ns
        ON_TOKENS_CALLED, generate 1 tokens, offset=201315157652 ns
        ON_TOKENS_RETURNED, offset=201315159709 ns
        ON_TOKENS_CALLED, generate 1 tokens, offset=202778608256 ns
        ON_TOKENS_RETURNED, offset=202778610243 ns
        ON_TOKENS_CALLED, generate 1 tokens, offset=204247887434 ns
        ON_TOKENS_RETURNED, offset=204247889352 ns
        ON_TOKENS_CALLED, generate 1 tokens, offset=205753933749 ns
        ON_TOKENS_RETURNED, offset=205753935185 ns
        ON_TOKENS_CALLED, generate 1 tokens, offset=207258734137 ns
        ON_TOKENS_RETURNED, offset=207258736269 ns
        ON_TOKENS_CALLED, generate 1 tokens, offset=208807114976 ns
        ON_TOKENS_RETURNED, offset=208807116280 ns
        ON_TOKENS_CALLED, generate 1 tokens, offset=210218567948 ns
        ON_TOKENS_RETURNED, offset=210218570093 ns
        ON_TOKENS_CALLED, generate 1 tokens, offset=211676131302 ns
        ON_TOKENS_RETURNED, offset=211676132534 ns
        ON_TOKENS_CALLED, generate 1 tokens, offset=213145312891 ns
        ON_TOKENS_RETURNED, offset=213145314752 ns
        ON_TOKENS_CALLED, generate 1 tokens, offset=214633793736 ns
        ON_TOKENS_RETURNED, offset=214633796588 ns
        ON_TOKENS_CALLED, generate 1 tokens, offset=216000302068 ns
        ON_TOKENS_RETURNED, offset=216000421738 ns
        ON_TOKENS_CALLED, generate 1 tokens, offset=217402654380 ns
        ON_TOKENS_RETURNED, offset=217402660991 ns
[15:18:02.674138683|thread 1923242|cpu 260] [debug] #EVT# HandleDetails::is_anomalous() handle_id=29 time in state STATE_OPENED exceeded threshold: 143025146483 ns
[15:18:02.674141851|thread 1923242|cpu 260] [debug] #EVT#   Handle,    29, Created, 752866552266385, Last, 753083954905832, Prompted,  8191, Generated,    64, Input TPS, 57.28, Output TPS:  0.76, Callbacks,    64, prompt parsing complete, open
[15:18:02.674164809|thread 1923242|cpu 260] [info ] #EVT#   Handle 29 history:
        SESSION_OPEN, prompt 8192 tokens, offset=0 ns
        PROMPT_TOKENS_REUSE, offset=143025145632 ns
        ON_START_CALLED, offset=143025146483 ns
        ON_START_RETURNED, offset=143025205765 ns
        ON_TOKENS_CALLED, generate 1 tokens, offset=143025211108 ns
        ON_TOKENS_RETURNED, offset=143025212230 ns
        ON_TOKENS_CALLED, generate 1 tokens, offset=143690945390 ns
        ON_TOKENS_RETURNED, offset=143690947629 ns
        ON_TOKENS_CALLED, generate 1 tokens, offset=144422718591 ns
        ON_TOKENS_RETURNED, offset=144422722186 ns
        ON_TOKENS_CALLED, generate 1 tokens, offset=145164765082 ns
        ON_TOKENS_RETURNED, offset=145164765842 ns
        ON_TOKENS_CALLED, generate 1 tokens, offset=145920228507 ns
        ON_TOKENS_RETURNED, offset=145920231596 ns
        ON_TOKENS_CALLED, generate 1 tokens, offset=146694463755 ns
        ON_TOKENS_RETURNED, offset=146694465986 ns
        ON_TOKENS_CALLED, generate 1 tokens, offset=147484047953 ns
        ON_TOKENS_RETURNED, offset=147484051477 ns
        ON_TOKENS_CALLED, generate 1 tokens, offset=148283702700 ns
        ON_TOKENS_RETURNED, offset=148283703747 ns
        ON_TOKENS_CALLED, generate 1 tokens, offset=149098908859 ns
        ON_TOKENS_RETURNED, offset=149098922972 ns
        ON_TOKENS_CALLED, generate 1 tokens, offset=149925597322 ns
        ON_TOKENS_RETURNED, offset=149925598875 ns
        ON_TOKENS_CALLED, generate 1 tokens, offset=150771032447 ns
        ON_TOKENS_RETURNED, offset=150771033737 ns
        ON_TOKENS_CALLED, generate 1 tokens, offset=151633218363 ns
        ON_TOKENS_RETURNED, offset=151633220291 ns
        ON_TOKENS_CALLED, generate 1 tokens, offset=152514217998 ns
        ON_TOKENS_RETURNED, offset=152514219586 ns
        ON_TOKENS_CALLED, generate 1 tokens, offset=153415523832 ns
        ON_TOKENS_RETURNED, offset=153415524994 ns
        ON_TOKENS_CALLED, generate 1 tokens, offset=154335443909 ns
        ON_TOKENS_RETURNED, offset=154335445679 ns
        ON_TOKENS_CALLED, generate 1 tokens, offset=155273282331 ns
        ON_TOKENS_RETURNED, offset=155273283664 ns
        ON_TOKENS_CALLED, generate 1 tokens, offset=156235765818 ns
        ON_TOKENS_RETURNED, offset=156235781396 ns
        ON_TOKENS_CALLED, generate 1 tokens, offset=157208275951 ns
        ON_TOKENS_RETURNED, offset=157208277026 ns
        ON_TOKENS_CALLED, generate 1 tokens, offset=158215170328 ns
        ON_TOKENS_RETURNED, offset=158215171635 ns
        ON_TOKENS_CALLED, generate 1 tokens, offset=159232085946 ns
        ON_TOKENS_RETURNED, offset=159232086519 ns
        ON_TOKENS_CALLED, generate 1 tokens, offset=160283352031 ns
        ON_TOKENS_RETURNED, offset=160283353148 ns
        ON_TOKENS_CALLED, generate 1 tokens, offset=161343630821 ns
        ON_TOKENS_RETURNED, offset=161343632606 ns
        ON_TOKENS_CALLED, generate 1 tokens, offset=162444867293 ns
        ON_TOKENS_RETURNED, offset=162444869976 ns
        ON_TOKENS_CALLED, generate 1 tokens, offset=163548141784 ns
        ON_TOKENS_RETURNED, offset=163548142937 ns
        ON_TOKENS_CALLED, generate 1 tokens, offset=164687804213 ns
        ON_TOKENS_RETURNED, offset=164687805816 ns
        ON_TOKENS_CALLED, generate 1 tokens, offset=165822178157 ns
        ON_TOKENS_RETURNED, offset=165822179318 ns
        ON_TOKENS_CALLED, generate 1 tokens, offset=167004139277 ns
        ON_TOKENS_RETURNED, offset=167004141326 ns
        ON_TOKENS_CALLED, generate 1 tokens, offset=168192350039 ns
        ON_TOKENS_RETURNED, offset=168192350793 ns
        ON_TOKENS_CALLED, generate 1 tokens, offset=169416871607 ns
        ON_TOKENS_RETURNED, offset=169416873481 ns
        ON_TOKENS_CALLED, generate 1 tokens, offset=170637921694 ns
        ON_TOKENS_RETURNED, offset=170637922683 ns
        ON_TOKENS_CALLED, generate 1 tokens, offset=171904387797 ns
        ON_TOKENS_RETURNED, offset=171904390171 ns
        ON_TOKENS_CALLED, generate 1 tokens, offset=173172944539 ns
        ON_TOKENS_RETURNED, offset=173172946361 ns
        ON_TOKENS_CALLED, generate 1 tokens, offset=174318709120 ns
        ON_TOKENS_RETURNED, offset=174318712128 ns
        ON_TOKENS_CALLED, generate 1 tokens, offset=175492621327 ns
        ON_TOKENS_RETURNED, offset=175492623162 ns
        ON_TOKENS_CALLED, generate 1 tokens, offset=176683907730 ns
        ON_TOKENS_RETURNED, offset=176683910608 ns
        ON_TOKENS_CALLED, generate 1 tokens, offset=177901386666 ns
        ON_TOKENS_RETURNED, offset=177901387954 ns
        ON_TOKENS_CALLED, generate 1 tokens, offset=179121281181 ns
        ON_TOKENS_RETURNED, offset=179121282515 ns
        ON_TOKENS_CALLED, generate 1 tokens, offset=180380180372 ns
        ON_TOKENS_RETURNED, offset=180380184165 ns
        ON_TOKENS_CALLED, generate 1 tokens, offset=181654939418 ns
        ON_TOKENS_RETURNED, offset=181654940962 ns
        ON_TOKENS_CALLED, generate 1 tokens, offset=182958770653 ns
        ON_TOKENS_RETURNED, offset=182958771689 ns
        ON_TOKENS_CALLED, generate 1 tokens, offset=184271523438 ns
        ON_TOKENS_RETURNED, offset=184271526661 ns
        ON_TOKENS_CALLED, generate 1 tokens, offset=185617336966 ns
        ON_TOKENS_RETURNED, offset=185617338118 ns
        ON_TOKENS_CALLED, generate 1 tokens, offset=186974042001 ns
        ON_TOKENS_RETURNED, offset=186974044469 ns
        ON_TOKENS_CALLED, generate 1 tokens, offset=188365352545 ns
        ON_TOKENS_RETURNED, offset=188365354496 ns
        ON_TOKENS_CALLED, generate 1 tokens, offset=189754044507 ns
        ON_TOKENS_RETURNED, offset=189754047496 ns
        ON_TOKENS_CALLED, generate 1 tokens, offset=191189943390 ns
        ON_TOKENS_RETURNED, offset=191189944296 ns
        ON_TOKENS_CALLED, generate 1 tokens, offset=192632040772 ns
        ON_TOKENS_RETURNED, offset=192632043844 ns
        ON_TOKENS_CALLED, generate 1 tokens, offset=194107774502 ns
        ON_TOKENS_RETURNED, offset=194107776690 ns
        ON_TOKENS_CALLED, generate 1 tokens, offset=195570205324 ns
        ON_TOKENS_RETURNED, offset=195570207112 ns
        ON_TOKENS_CALLED, generate 1 tokens, offset=197086456504 ns
        ON_TOKENS_RETURNED, offset=197086457756 ns
        ON_TOKENS_CALLED, generate 1 tokens, offset=198457479994 ns
        ON_TOKENS_RETURNED, offset=198457481641 ns
        ON_TOKENS_CALLED, generate 1 tokens, offset=199886044332 ns
        ON_TOKENS_RETURNED, offset=199886046999 ns
        ON_TOKENS_CALLED, generate 1 tokens, offset=201315143417 ns
        ON_TOKENS_RETURNED, offset=201315146057 ns
        ON_TOKENS_CALLED, generate 1 tokens, offset=202778587618 ns
        ON_TOKENS_RETURNED, offset=202778590477 ns
        ON_TOKENS_CALLED, generate 1 tokens, offset=204247864909 ns
        ON_TOKENS_RETURNED, offset=204247867024 ns
        ON_TOKENS_CALLED, generate 1 tokens, offset=205753913500 ns
        ON_TOKENS_RETURNED, offset=205753914699 ns
        ON_TOKENS_CALLED, generate 1 tokens, offset=207258712804 ns
        ON_TOKENS_RETURNED, offset=207258715383 ns
        ON_TOKENS_CALLED, generate 1 tokens, offset=208807095828 ns
        ON_TOKENS_RETURNED, offset=208807098416 ns
        ON_TOKENS_CALLED, generate 1 tokens, offset=210218557130 ns
        ON_TOKENS_RETURNED, offset=210218559092 ns
        ON_TOKENS_CALLED, generate 1 tokens, offset=211676097743 ns
        ON_TOKENS_RETURNED, offset=211676099835 ns
        ON_TOKENS_CALLED, generate 1 tokens, offset=213145292620 ns
        ON_TOKENS_RETURNED, offset=213145294487 ns
        ON_TOKENS_CALLED, generate 1 tokens, offset=214633771051 ns
        ON_TOKENS_RETURNED, offset=214633773708 ns
        ON_TOKENS_CALLED, generate 1 tokens, offset=216000280323 ns
        ON_TOKENS_RETURNED, offset=216000447877 ns
        ON_TOKENS_CALLED, generate 1 tokens, offset=217402632512 ns
        ON_TOKENS_RETURNED, offset=217402639447 ns
[15:18:04.026074879|thread 1923241|cpu 260] [info ] KV cache footprint: 34.06 GB in 155 books
[15:18:08.269498325|thread 1923221|cpu 260] [info ] [Request 5] Parsing the prompt took 233.131366934 s at 35.13898669122106 tokens/s
[15:18:12.295555802|thread 1923241|cpu 260] [info ] KV cache footprint: 35.16 GB in 160 books
[15:18:22.401372053|thread 1923241|cpu 260] [info ] KV cache footprint: 36.25 GB in 165 books
[15:18:23.580493763|thread 1923214|cpu 260] [info ] [Request 11] Generating 61 response tokens with 8193 context took 74.123324 s at 0.823 average tok/s, or 1215.136 ms/tok
[15:18:23.580535344|thread 1923214|cpu 260] [info ] [Request 11] Request with 8192 tokens in and 64 out (sequence limit) saw 173.173178 s TTFT and 248.442288 s TTLT
[15:18:27.402613596|thread 1923221|cpu 260] [info ] [Request 6] Parsing the prompt took 252.264472751 s at 32.47385535769038 tokens/s
[15:18:29.597528834|thread 1923241|cpu 260] [info ] KV cache footprint: 37.35 GB in 170 books
[15:18:35.069212482|thread 1923242|cpu 260] [debug] #EVT# HandleDetails::is_anomalous() handle_id=11 time in state STATE_OPENED exceeded threshold: 173173170143 ns
[15:18:35.069273290|thread 1923242|cpu 260] [debug] #EVT#   Handle,    11, Created, 752866552050346, Last, 753116259314492, Prompted,  8191, Generated,    64, Input TPS, 47.31, Output TPS:  0.74, Callbacks,    64, prompt parsing complete, open
[15:18:35.069305983|thread 1923242|cpu 260] [info ] #EVT#   Handle 11 history:
        SESSION_OPEN, prompt 8192 tokens, offset=0 ns
        PROMPT_TOKENS_REUSE, offset=173173168493 ns
        ON_START_CALLED, offset=173173170143 ns
        ON_START_RETURNED, offset=173173236222 ns
        ON_TOKENS_CALLED, generate 1 tokens, offset=173173243588 ns
        ON_TOKENS_RETURNED, offset=173173244860 ns
        ON_TOKENS_CALLED, generate 1 tokens, offset=174318956935 ns
        ON_TOKENS_RETURNED, offset=174318959127 ns
        ON_TOKENS_CALLED, generate 1 tokens, offset=175492844215 ns
        ON_TOKENS_RETURNED, offset=175492846088 ns
        ON_TOKENS_CALLED, generate 1 tokens, offset=176684134151 ns
        ON_TOKENS_RETURNED, offset=176684135368 ns
        ON_TOKENS_CALLED, generate 1 tokens, offset=177901621401 ns
        ON_TOKENS_RETURNED, offset=177901623596 ns
        ON_TOKENS_CALLED, generate 1 tokens, offset=179121506656 ns
        ON_TOKENS_RETURNED, offset=179121507881 ns
        ON_TOKENS_CALLED, generate 1 tokens, offset=180380406870 ns
        ON_TOKENS_RETURNED, offset=180380408600 ns
        ON_TOKENS_CALLED, generate 1 tokens, offset=181655165781 ns
        ON_TOKENS_RETURNED, offset=181655166629 ns
        ON_TOKENS_CALLED, generate 1 tokens, offset=182958983500 ns
        ON_TOKENS_RETURNED, offset=182958988095 ns
        ON_TOKENS_CALLED, generate 1 tokens, offset=184271747262 ns
        ON_TOKENS_RETURNED, offset=184271748726 ns
        ON_TOKENS_CALLED, generate 1 tokens, offset=185617562272 ns
        ON_TOKENS_RETURNED, offset=185617563195 ns
        ON_TOKENS_CALLED, generate 1 tokens, offset=186974270531 ns
        ON_TOKENS_RETURNED, offset=186974271924 ns
        ON_TOKENS_CALLED, generate 1 tokens, offset=188365574278 ns
        ON_TOKENS_RETURNED, offset=188365576096 ns
        ON_TOKENS_CALLED, generate 1 tokens, offset=189754266842 ns
        ON_TOKENS_RETURNED, offset=189754267870 ns
        ON_TOKENS_CALLED, generate 1 tokens, offset=191190148568 ns
        ON_TOKENS_RETURNED, offset=191190149770 ns
        ON_TOKENS_CALLED, generate 1 tokens, offset=192632262044 ns
        ON_TOKENS_RETURNED, offset=192632262755 ns
        ON_TOKENS_CALLED, generate 1 tokens, offset=194107995115 ns
        ON_TOKENS_RETURNED, offset=194108010757 ns
        ON_TOKENS_CALLED, generate 1 tokens, offset=195570430648 ns
        ON_TOKENS_RETURNED, offset=195570431373 ns
        ON_TOKENS_CALLED, generate 1 tokens, offset=197086677396 ns
        ON_TOKENS_RETURNED, offset=197086678285 ns
        ON_TOKENS_CALLED, generate 1 tokens, offset=198457696448 ns
        ON_TOKENS_RETURNED, offset=198457699406 ns
        ON_TOKENS_CALLED, generate 1 tokens, offset=199886268959 ns
        ON_TOKENS_RETURNED, offset=199886269867 ns
        ON_TOKENS_CALLED, generate 1 tokens, offset=201315363306 ns
        ON_TOKENS_RETURNED, offset=201315364292 ns
        ON_TOKENS_CALLED, generate 1 tokens, offset=202778820479 ns
        ON_TOKENS_RETURNED, offset=202778823134 ns
        ON_TOKENS_CALLED, generate 1 tokens, offset=204248098061 ns
        ON_TOKENS_RETURNED, offset=204248099357 ns
        ON_TOKENS_CALLED, generate 1 tokens, offset=205754141357 ns
        ON_TOKENS_RETURNED, offset=205754142662 ns
        ON_TOKENS_CALLED, generate 1 tokens, offset=207258936478 ns
        ON_TOKENS_RETURNED, offset=207258938864 ns
        ON_TOKENS_CALLED, generate 1 tokens, offset=208807316319 ns
        ON_TOKENS_RETURNED, offset=208807319009 ns
        ON_TOKENS_CALLED, generate 1 tokens, offset=210218790845 ns
        ON_TOKENS_RETURNED, offset=210218792382 ns
        ON_TOKENS_CALLED, generate 1 tokens, offset=211676323026 ns
        ON_TOKENS_RETURNED, offset=211676325094 ns
        ON_TOKENS_CALLED, generate 1 tokens, offset=213145520892 ns
        ON_TOKENS_RETURNED, offset=213145522464 ns
        ON_TOKENS_CALLED, generate 1 tokens, offset=214633997575 ns
        ON_TOKENS_RETURNED, offset=214633999919 ns
        ON_TOKENS_CALLED, generate 1 tokens, offset=216000506398 ns
        ON_TOKENS_RETURNED, offset=216000508980 ns
        ON_TOKENS_CALLED, generate 1 tokens, offset=217402859599 ns
        ON_TOKENS_RETURNED, offset=217402863333 ns
        ON_TOKENS_CALLED, generate 1 tokens, offset=218675354575 ns
        ON_TOKENS_RETURNED, offset=218675356440 ns
        ON_TOKENS_CALLED, generate 1 tokens, offset=219531277877 ns
        ON_TOKENS_RETURNED, offset=219531279062 ns
        ON_TOKENS_CALLED, generate 1 tokens, offset=220401128033 ns
        ON_TOKENS_RETURNED, offset=220401129127 ns
        ON_TOKENS_CALLED, generate 1 tokens, offset=221283733168 ns
        ON_TOKENS_RETURNED, offset=221283734677 ns
        ON_TOKENS_CALLED, generate 1 tokens, offset=222186286188 ns
        ON_TOKENS_RETURNED, offset=222186288363 ns
        ON_TOKENS_CALLED, generate 1 tokens, offset=223101060995 ns
        ON_TOKENS_RETURNED, offset=223101062718 ns
        ON_TOKENS_CALLED, generate 1 tokens, offset=224032315563 ns
        ON_TOKENS_RETURNED, offset=224032317686 ns
        ON_TOKENS_CALLED, generate 1 tokens, offset=224974382501 ns
        ON_TOKENS_RETURNED, offset=224974384716 ns
        ON_TOKENS_CALLED, generate 1 tokens, offset=225940339311 ns
        ON_TOKENS_RETURNED, offset=225940341987 ns
        ON_TOKENS_CALLED, generate 1 tokens, offset=226919045507 ns
        ON_TOKENS_RETURNED, offset=226919047238 ns
        ON_TOKENS_CALLED, generate 1 tokens, offset=227919565594 ns
        ON_TOKENS_RETURNED, offset=227919566765 ns
        ON_TOKENS_CALLED, generate 1 tokens, offset=228887676792 ns
        ON_TOKENS_RETURNED, offset=228887677878 ns
        ON_TOKENS_CALLED, generate 1 tokens, offset=229925336459 ns
        ON_TOKENS_RETURNED, offset=229925338748 ns
        ON_TOKENS_CALLED, generate 1 tokens, offset=230971893453 ns
        ON_TOKENS_RETURNED, offset=230971895848 ns
        ON_TOKENS_CALLED, generate 1 tokens, offset=232046730013 ns
        ON_TOKENS_RETURNED, offset=232046731283 ns
        ON_TOKENS_CALLED, generate 1 tokens, offset=233131284073 ns
        ON_TOKENS_RETURNED, offset=233131285576 ns
        ON_TOKENS_CALLED, generate 1 tokens, offset=234128104167 ns
        ON_TOKENS_RETURNED, offset=234128105728 ns
        ON_TOKENS_CALLED, generate 1 tokens, offset=235093253485 ns
        ON_TOKENS_RETURNED, offset=235093254939 ns
        ON_TOKENS_CALLED, generate 1 tokens, offset=236118416518 ns
        ON_TOKENS_RETURNED, offset=236118418285 ns
        ON_TOKENS_CALLED, generate 1 tokens, offset=237157184324 ns
        ON_TOKENS_RETURNED, offset=237157185432 ns
        ON_TOKENS_CALLED, generate 1 tokens, offset=238217862278 ns
        ON_TOKENS_RETURNED, offset=238217863583 ns
        ON_TOKENS_CALLED, generate 1 tokens, offset=239238386726 ns
        ON_TOKENS_RETURNED, offset=239238388658 ns
        ON_TOKENS_CALLED, generate 1 tokens, offset=240331934408 ns
        ON_TOKENS_RETURNED, offset=240331935569 ns
        ON_TOKENS_CALLED, generate 1 tokens, offset=241445852080 ns
        ON_TOKENS_RETURNED, offset=241445855361 ns
        ON_TOKENS_CALLED, generate 1 tokens, offset=242581891877 ns
        ON_TOKENS_RETURNED, offset=242581893669 ns
        ON_TOKENS_CALLED, generate 1 tokens, offset=243676159118 ns
        ON_TOKENS_RETURNED, offset=243676160990 ns
        ON_TOKENS_CALLED, generate 1 tokens, offset=244853498232 ns
        ON_TOKENS_RETURNED, offset=244853499534 ns
        ON_TOKENS_CALLED, generate 1 tokens, offset=246041055920 ns
        ON_TOKENS_RETURNED, offset=246041057794 ns
        ON_TOKENS_CALLED, generate 1 tokens, offset=247262916689 ns
        ON_TOKENS_RETURNED, offset=247262918136 ns
        ON_TOKENS_CALLED, generate 1 tokens, offset=248442279020 ns
        ON_TOKENS_RETURNED, offset=248442336161 ns
        ON_TOKENS_CALLED, generate 1 tokens, offset=249707257984 ns
        ON_TOKENS_RETURNED, offset=249707264146 ns
[15:18:40.803861289|thread 1923241|cpu 260] [info ] KV cache footprint: 38.45 GB in 175 books
[15:18:42.204046262|thread 1923222|cpu 260] [info ] [Request 7] Parsing the prompt took 267.065893726 s at 30.674077792968564 tokens/s
[15:18:45.778515525|thread 1923214|cpu 260] [info ] [Request 12] Generating 61 response tokens with 8193 context took 72.182595 s at 0.845 average tok/s, or 1183.321 ms/tok
[15:18:45.778566456|thread 1923214|cpu 260] [info ] [Request 12] Request with 8192 tokens in and 64 out (sequence limit) saw 197.086688 s TTFT and 270.640297 s TTLT
[15:18:48.271702811|thread 1923241|cpu 260] [info ] KV cache footprint: 39.55 GB in 180 books
[15:18:53.456194724|thread 1923222|cpu 260] [info ] [Request 19] Parsing the prompt took 278.31790293 s at 29.433967106529895 tokens/s
[15:18:55.724873677|thread 1923214|cpu 260] [info ] [Request 16] Generating 61 response tokens with 8193 context took 70.367884 s at 0.867 average tok/s, or 1153.572 ms/tok
[15:18:55.724904560|thread 1923214|cpu 260] [info ] [Request 16] Request with 8192 tokens in and 64 out (sequence limit) saw 208.807277 s TTFT and 280.586609 s TTLT
[15:18:57.321938529|thread 1923242|cpu 260] [debug] #EVT# HandleDetails::is_anomalous() handle_id=12 time in state STATE_OPENED exceeded threshold: 197086681472 ns
[15:18:57.321996707|thread 1923242|cpu 260] [debug] #EVT#   Handle,    12, Created, 752866552062305, Last, 753138440703598, Prompted,  8191, Generated,    64, Input TPS, 41.57, Output TPS:  0.75, Callbacks,    64, prompt parsing complete, open
[15:18:57.322024917|thread 1923242|cpu 260] [info ] #EVT#   Handle 12 history:
        SESSION_OPEN, prompt 8192 tokens, offset=0 ns
        PROMPT_TOKENS_REUSE, offset=197086670040 ns
        ON_START_CALLED, offset=197086681472 ns
        ON_START_RETURNED, offset=197086741299 ns
        ON_TOKENS_CALLED, generate 1 tokens, offset=197086766176 ns
        ON_TOKENS_RETURNED, offset=197086767334 ns
        ON_TOKENS_CALLED, generate 1 tokens, offset=198457695914 ns
        ON_TOKENS_RETURNED, offset=198457698491 ns
        ON_TOKENS_CALLED, generate 1 tokens, offset=199886264821 ns
        ON_TOKENS_RETURNED, offset=199886266019 ns
        ON_TOKENS_CALLED, generate 1 tokens, offset=201315352416 ns
        ON_TOKENS_RETURNED, offset=201315353961 ns
        ON_TOKENS_CALLED, generate 1 tokens, offset=202778802970 ns
        ON_TOKENS_RETURNED, offset=202778806338 ns
        ON_TOKENS_CALLED, generate 1 tokens, offset=204248078755 ns
        ON_TOKENS_RETURNED, offset=204248080010 ns
        ON_TOKENS_CALLED, generate 1 tokens, offset=205754127182 ns
        ON_TOKENS_RETURNED, offset=205754128673 ns
        ON_TOKENS_CALLED, generate 1 tokens, offset=207258926515 ns
        ON_TOKENS_RETURNED, offset=207258928620 ns
        ON_TOKENS_CALLED, generate 1 tokens, offset=208807313958 ns
        ON_TOKENS_RETURNED, offset=208807316573 ns
        ON_TOKENS_CALLED, generate 1 tokens, offset=210218769216 ns
        ON_TOKENS_RETURNED, offset=210218771189 ns
        ON_TOKENS_CALLED, generate 1 tokens, offset=211676313343 ns
        ON_TOKENS_RETURNED, offset=211676314854 ns
        ON_TOKENS_CALLED, generate 1 tokens, offset=213145505848 ns
        ON_TOKENS_RETURNED, offset=213145508089 ns
        ON_TOKENS_CALLED, generate 1 tokens, offset=214633988081 ns
        ON_TOKENS_RETURNED, offset=214633990327 ns
        ON_TOKENS_CALLED, generate 1 tokens, offset=216000496478 ns
        ON_TOKENS_RETURNED, offset=216000497869 ns
        ON_TOKENS_CALLED, generate 1 tokens, offset=217402849275 ns
        ON_TOKENS_RETURNED, offset=217402850951 ns
        ON_TOKENS_CALLED, generate 1 tokens, offset=218675351263 ns
        ON_TOKENS_RETURNED, offset=218675352835 ns
        ON_TOKENS_CALLED, generate 1 tokens, offset=219531256643 ns
        ON_TOKENS_RETURNED, offset=219531262898 ns
        ON_TOKENS_CALLED, generate 1 tokens, offset=220401117110 ns
        ON_TOKENS_RETURNED, offset=220401118293 ns
        ON_TOKENS_CALLED, generate 1 tokens, offset=221283722715 ns
        ON_TOKENS_RETURNED, offset=221283724511 ns
        ON_TOKENS_CALLED, generate 1 tokens, offset=222186275218 ns
        ON_TOKENS_RETURNED, offset=222186277767 ns
        ON_TOKENS_CALLED, generate 1 tokens, offset=223101050575 ns
        ON_TOKENS_RETURNED, offset=223101052553 ns
        ON_TOKENS_CALLED, generate 1 tokens, offset=224032305383 ns
        ON_TOKENS_RETURNED, offset=224032306504 ns
        ON_TOKENS_CALLED, generate 1 tokens, offset=224974373790 ns
        ON_TOKENS_RETURNED, offset=224974375421 ns
        ON_TOKENS_CALLED, generate 1 tokens, offset=225940331358 ns
        ON_TOKENS_RETURNED, offset=225940332763 ns
        ON_TOKENS_CALLED, generate 1 tokens, offset=226919036459 ns
        ON_TOKENS_RETURNED, offset=226919037926 ns
        ON_TOKENS_CALLED, generate 1 tokens, offset=227919553556 ns
        ON_TOKENS_RETURNED, offset=227919555253 ns
        ON_TOKENS_CALLED, generate 1 tokens, offset=228887666821 ns
        ON_TOKENS_RETURNED, offset=228887667920 ns
        ON_TOKENS_CALLED, generate 1 tokens, offset=229925324733 ns
        ON_TOKENS_RETURNED, offset=229925327557 ns
        ON_TOKENS_CALLED, generate 1 tokens, offset=230971885410 ns
        ON_TOKENS_RETURNED, offset=230971886806 ns
        ON_TOKENS_CALLED, generate 1 tokens, offset=232046714904 ns
        ON_TOKENS_RETURNED, offset=232046716410 ns
        ON_TOKENS_CALLED, generate 1 tokens, offset=233131268496 ns
        ON_TOKENS_RETURNED, offset=233131270358 ns
        ON_TOKENS_CALLED, generate 1 tokens, offset=234128089450 ns
        ON_TOKENS_RETURNED, offset=234128090907 ns
        ON_TOKENS_CALLED, generate 1 tokens, offset=235093237189 ns
        ON_TOKENS_RETURNED, offset=235093241261 ns
        ON_TOKENS_CALLED, generate 1 tokens, offset=236118406606 ns
        ON_TOKENS_RETURNED, offset=236118408343 ns
        ON_TOKENS_CALLED, generate 1 tokens, offset=237157176831 ns
        ON_TOKENS_RETURNED, offset=237157178449 ns
        ON_TOKENS_CALLED, generate 1 tokens, offset=238217847223 ns
        ON_TOKENS_RETURNED, offset=238217848512 ns
        ON_TOKENS_CALLED, generate 1 tokens, offset=239238378540 ns
        ON_TOKENS_RETURNED, offset=239238380004 ns
        ON_TOKENS_CALLED, generate 1 tokens, offset=240331920416 ns
        ON_TOKENS_RETURNED, offset=240331921467 ns
        ON_TOKENS_CALLED, generate 1 tokens, offset=241445841143 ns
        ON_TOKENS_RETURNED, offset=241445843274 ns
        ON_TOKENS_CALLED, generate 1 tokens, offset=242581880586 ns
        ON_TOKENS_RETURNED, offset=242581882561 ns
        ON_TOKENS_CALLED, generate 1 tokens, offset=243676156302 ns
        ON_TOKENS_RETURNED, offset=243676157643 ns
        ON_TOKENS_CALLED, generate 1 tokens, offset=244853482120 ns
        ON_TOKENS_RETURNED, offset=244853483291 ns
        ON_TOKENS_CALLED, generate 1 tokens, offset=246041044337 ns
        ON_TOKENS_RETURNED, offset=246041045660 ns
        ON_TOKENS_CALLED, generate 1 tokens, offset=247262909282 ns
        ON_TOKENS_RETURNED, offset=247262910373 ns
        ON_TOKENS_CALLED, generate 1 tokens, offset=248442266799 ns
        ON_TOKENS_RETURNED, offset=248442268663 ns
        ON_TOKENS_CALLED, generate 1 tokens, offset=249707245604 ns
        ON_TOKENS_RETURNED, offset=249707247949 ns
        ON_TOKENS_CALLED, generate 1 tokens, offset=250966843346 ns
        ON_TOKENS_RETURNED, offset=250966845857 ns
        ON_TOKENS_CALLED, generate 1 tokens, offset=252264380509 ns
        ON_TOKENS_RETURNED, offset=252264383342 ns
        ON_TOKENS_CALLED, generate 1 tokens, offset=253278439206 ns
        ON_TOKENS_RETURNED, offset=253278441077 ns
        ON_TOKENS_CALLED, generate 1 tokens, offset=254459104048 ns
        ON_TOKENS_RETURNED, offset=254459106620 ns
        ON_TOKENS_CALLED, generate 1 tokens, offset=255590428722 ns
        ON_TOKENS_RETURNED, offset=255590429966 ns
        ON_TOKENS_CALLED, generate 1 tokens, offset=256811902816 ns
        ON_TOKENS_RETURNED, offset=256811905254 ns
        ON_TOKENS_CALLED, generate 1 tokens, offset=257983520394 ns
        ON_TOKENS_RETURNED, offset=257983522040 ns
        ON_TOKENS_CALLED, generate 1 tokens, offset=259249595154 ns
        ON_TOKENS_RETURNED, offset=259249596902 ns
        ON_TOKENS_CALLED, generate 1 tokens, offset=260460488860 ns
        ON_TOKENS_RETURNED, offset=260460490934 ns
        ON_TOKENS_CALLED, generate 1 tokens, offset=261765261435 ns
        ON_TOKENS_RETURNED, offset=261765263448 ns
        ON_TOKENS_CALLED, generate 1 tokens, offset=263018629639 ns
        ON_TOKENS_RETURNED, offset=263018631029 ns
        ON_TOKENS_CALLED, generate 1 tokens, offset=264370638398 ns
        ON_TOKENS_RETURNED, offset=264370640198 ns
        ON_TOKENS_CALLED, generate 1 tokens, offset=265665418182 ns
        ON_TOKENS_RETURNED, offset=265665419137 ns
        ON_TOKENS_CALLED, generate 1 tokens, offset=267065802892 ns
        ON_TOKENS_RETURNED, offset=267065804980 ns
        ON_TOKENS_CALLED, generate 1 tokens, offset=268181186211 ns
        ON_TOKENS_RETURNED, offset=268181187895 ns
        ON_TOKENS_CALLED, generate 1 tokens, offset=269405574625 ns
        ON_TOKENS_RETURNED, offset=269405578083 ns
        ON_TOKENS_CALLED, generate 1 tokens, offset=270640288728 ns
        ON_TOKENS_RETURNED, offset=270640356112 ns
        ON_TOKENS_CALLED, generate 1 tokens, offset=271888633131 ns
        ON_TOKENS_RETURNED, offset=271888641293 ns
[15:18:59.217300430|thread 1923241|cpu 260] [info ] KV cache footprint: 40.65 GB in 185 books
[15:19:00.413230064|thread 1923214|cpu 260] [info ] [Request 18] Generating 61 response tokens with 8193 context took 69.274509 s at 0.881 average tok/s, or 1135.648 ms/tok
[15:19:00.413235767|thread 1923222|cpu 260] [info ] [Request 21] Parsing the prompt took 285.274921301 s at 28.716159004234502 tokens/s
[15:19:00.413262416|thread 1923214|cpu 260] [info ] [Request 18] Request with 8192 tokens in and 64 out (sequence limit) saw 214.633942 s TTFT and 285.274947 s TTLT
[15:19:03.388155784|thread 1923214|cpu 260] [info ] [Request 22] Generating 61 response tokens with 8193 context took 68.718667 s at 0.888 average tok/s, or 1126.536 ms/tok
[15:19:03.388184787|thread 1923214|cpu 260] [info ] [Request 22] Request with 8192 tokens in and 64 out (sequence limit) saw 218.675235 s TTFT and 288.249822 s TTLT
[15:19:03.388157794|thread 1923215|cpu 260] [info ] [Request 25] Generating 61 response tokens with 8193 context took 68.718670 s at 0.888 average tok/s, or 1126.536 ms/tok
[15:19:03.388207362|thread 1923215|cpu 260] [info ] [Request 25] Request with 8192 tokens in and 64 out (sequence limit) saw 218.675204 s TTFT and 288.249791 s TTLT
[15:19:03.388157952|thread 1923222|cpu 260] [info ] [Request 9] Parsing the prompt took 288.249981575 s at 28.41977631789897 tokens/s
[15:19:03.388158637|thread 1923216|cpu 260] [info ] [Request 31] Generating 61 response tokens with 8193 context took 68.718671 s at 0.888 average tok/s, or 1126.536 ms/tok
[15:19:03.388237486|thread 1923216|cpu 260] [info ] [Request 31] Request with 8192 tokens in and 64 out (sequence limit) saw 218.675124 s TTFT and 288.249714 s TTLT
[15:19:04.208730832|thread 1923223|cpu 260] [info ] [Request 13] Parsing the prompt took 289.070507209 s at 28.339106881205026 tokens/s
[15:19:07.181188931|thread 1923242|cpu 260] [debug] #EVT# HandleDetails::is_anomalous() handle_id=16 time in state STATE_OPENED exceeded threshold: 208807269698 ns
[15:19:07.181221121|thread 1923242|cpu 260] [debug] #EVT#   Handle,    16, Created, 752866552109360, Last, 753148296173899, Prompted,  8191, Generated,    64, Input TPS, 39.23, Output TPS:  0.77, Callbacks,    64, prompt parsing complete, open
[15:19:07.181250230|thread 1923242|cpu 260] [info ] #EVT#   Handle 16 history:
        SESSION_OPEN, prompt 8192 tokens, offset=0 ns
        PROMPT_TOKENS_REUSE, offset=208807257766 ns
        ON_START_CALLED, offset=208807269698 ns
        ON_START_RETURNED, offset=208807326073 ns
        ON_TOKENS_CALLED, generate 1 tokens, offset=208807336259 ns
        ON_TOKENS_RETURNED, offset=208807337127 ns
        ON_TOKENS_CALLED, generate 1 tokens, offset=210218718979 ns
        ON_TOKENS_RETURNED, offset=210218721929 ns
        ON_TOKENS_CALLED, generate 1 tokens, offset=211676274495 ns
        ON_TOKENS_RETURNED, offset=211676275745 ns
        ON_TOKENS_CALLED, generate 1 tokens, offset=213145459833 ns
        ON_TOKENS_RETURNED, offset=213145461253 ns
        ON_TOKENS_CALLED, generate 1 tokens, offset=214633942510 ns
        ON_TOKENS_RETURNED, offset=214633945613 ns
        ON_TOKENS_CALLED, generate 1 tokens, offset=216000450910 ns
        ON_TOKENS_RETURNED, offset=216000452101 ns
        ON_TOKENS_CALLED, generate 1 tokens, offset=217402804619 ns
        ON_TOKENS_RETURNED, offset=217402806304 ns
        ON_TOKENS_CALLED, generate 1 tokens, offset=218675302198 ns
        ON_TOKENS_RETURNED, offset=218675303298 ns
        ON_TOKENS_CALLED, generate 1 tokens, offset=219531211615 ns
        ON_TOKENS_RETURNED, offset=219531217677 ns
        ON_TOKENS_CALLED, generate 1 tokens, offset=220401071133 ns
        ON_TOKENS_RETURNED, offset=220401072153 ns
        ON_TOKENS_CALLED, generate 1 tokens, offset=221283672135 ns
        ON_TOKENS_RETURNED, offset=221283674749 ns
        ON_TOKENS_CALLED, generate 1 tokens, offset=222186228805 ns
        ON_TOKENS_RETURNED, offset=222186230206 ns
        ON_TOKENS_CALLED, generate 1 tokens, offset=223101003951 ns
        ON_TOKENS_RETURNED, offset=223101006164 ns
        ON_TOKENS_CALLED, generate 1 tokens, offset=224032257618 ns
        ON_TOKENS_RETURNED, offset=224032259072 ns
        ON_TOKENS_CALLED, generate 1 tokens, offset=224974332542 ns
        ON_TOKENS_RETURNED, offset=224974334317 ns
        ON_TOKENS_CALLED, generate 1 tokens, offset=225940285660 ns
        ON_TOKENS_RETURNED, offset=225940287367 ns
        ON_TOKENS_CALLED, generate 1 tokens, offset=226918992189 ns
        ON_TOKENS_RETURNED, offset=226919012908 ns
        ON_TOKENS_CALLED, generate 1 tokens, offset=227919508267 ns
        ON_TOKENS_RETURNED, offset=227919510669 ns
        ON_TOKENS_CALLED, generate 1 tokens, offset=228887611813 ns
        ON_TOKENS_RETURNED, offset=228887612853 ns
        ON_TOKENS_CALLED, generate 1 tokens, offset=229925279284 ns
        ON_TOKENS_RETURNED, offset=229925282034 ns
        ON_TOKENS_CALLED, generate 1 tokens, offset=230971838777 ns
        ON_TOKENS_RETURNED, offset=230971840260 ns
        ON_TOKENS_CALLED, generate 1 tokens, offset=232046673880 ns
        ON_TOKENS_RETURNED, offset=232046675055 ns
        ON_TOKENS_CALLED, generate 1 tokens, offset=233131229241 ns
        ON_TOKENS_RETURNED, offset=233131230281 ns
        ON_TOKENS_CALLED, generate 1 tokens, offset=234128044455 ns
        ON_TOKENS_RETURNED, offset=234128046132 ns
        ON_TOKENS_CALLED, generate 1 tokens, offset=235093197409 ns
        ON_TOKENS_RETURNED, offset=235093198933 ns
        ON_TOKENS_CALLED, generate 1 tokens, offset=236118358681 ns
        ON_TOKENS_RETURNED, offset=236118360989 ns
        ON_TOKENS_CALLED, generate 1 tokens, offset=237157128032 ns
        ON_TOKENS_RETURNED, offset=237157129230 ns
        ON_TOKENS_CALLED, generate 1 tokens, offset=238217799955 ns
        ON_TOKENS_RETURNED, offset=238217801647 ns
        ON_TOKENS_CALLED, generate 1 tokens, offset=239238332173 ns
        ON_TOKENS_RETURNED, offset=239238333750 ns
        ON_TOKENS_CALLED, generate 1 tokens, offset=240331876064 ns
        ON_TOKENS_RETURNED, offset=240331876799 ns
        ON_TOKENS_CALLED, generate 1 tokens, offset=241445804537 ns
        ON_TOKENS_RETURNED, offset=241445805849 ns
        ON_TOKENS_CALLED, generate 1 tokens, offset=242581834060 ns
        ON_TOKENS_RETURNED, offset=242581835252 ns
        ON_TOKENS_CALLED, generate 1 tokens, offset=243676109106 ns
        ON_TOKENS_RETURNED, offset=243676112397 ns
        ON_TOKENS_CALLED, generate 1 tokens, offset=244853441827 ns
        ON_TOKENS_RETURNED, offset=244853443171 ns
        ON_TOKENS_CALLED, generate 1 tokens, offset=246041004743 ns
        ON_TOKENS_RETURNED, offset=246041006815 ns
        ON_TOKENS_CALLED, generate 1 tokens, offset=247262861801 ns
        ON_TOKENS_RETURNED, offset=247262864354 ns
        ON_TOKENS_CALLED, generate 1 tokens, offset=248442221342 ns
        ON_TOKENS_RETURNED, offset=248442222336 ns
        ON_TOKENS_CALLED, generate 1 tokens, offset=249707199871 ns
        ON_TOKENS_RETURNED, offset=249707201941 ns
        ON_TOKENS_CALLED, generate 1 tokens, offset=250966796579 ns
        ON_TOKENS_RETURNED, offset=250966799235 ns
        ON_TOKENS_CALLED, generate 1 tokens, offset=252264345390 ns
        ON_TOKENS_RETURNED, offset=252264348095 ns
        ON_TOKENS_CALLED, generate 1 tokens, offset=253278403666 ns
        ON_TOKENS_RETURNED, offset=253278405085 ns
        ON_TOKENS_CALLED, generate 1 tokens, offset=254459050478 ns
        ON_TOKENS_RETURNED, offset=254459052727 ns
        ON_TOKENS_CALLED, generate 1 tokens, offset=255590379896 ns
        ON_TOKENS_RETURNED, offset=255590383206 ns
        ON_TOKENS_CALLED, generate 1 tokens, offset=256811860217 ns
        ON_TOKENS_RETURNED, offset=256811861917 ns
        ON_TOKENS_CALLED, generate 1 tokens, offset=257983465257 ns
        ON_TOKENS_RETURNED, offset=257983466886 ns
        ON_TOKENS_CALLED, generate 1 tokens, offset=259249548177 ns
        ON_TOKENS_RETURNED, offset=259249551006 ns
        ON_TOKENS_CALLED, generate 1 tokens, offset=260460443229 ns
        ON_TOKENS_RETURNED, offset=260460444925 ns
        ON_TOKENS_CALLED, generate 1 tokens, offset=261765218489 ns
        ON_TOKENS_RETURNED, offset=261765219923 ns
        ON_TOKENS_CALLED, generate 1 tokens, offset=263018583122 ns
        ON_TOKENS_RETURNED, offset=263018585646 ns
        ON_TOKENS_CALLED, generate 1 tokens, offset=264370591098 ns
        ON_TOKENS_RETURNED, offset=264370594253 ns
        ON_TOKENS_CALLED, generate 1 tokens, offset=265665369279 ns
        ON_TOKENS_RETURNED, offset=265665370534 ns
        ON_TOKENS_CALLED, generate 1 tokens, offset=267065762112 ns
        ON_TOKENS_RETURNED, offset=267065764428 ns
        ON_TOKENS_CALLED, generate 1 tokens, offset=268181132053 ns
        ON_TOKENS_RETURNED, offset=268181135204 ns
        ON_TOKENS_CALLED, generate 1 tokens, offset=269405530363 ns
        ON_TOKENS_RETURNED, offset=269405531706 ns
        ON_TOKENS_CALLED, generate 1 tokens, offset=270640245880 ns
        ON_TOKENS_RETURNED, offset=270640247154 ns
        ON_TOKENS_CALLED, generate 1 tokens, offset=271888591160 ns
        ON_TOKENS_RETURNED, offset=271888593277 ns
        ON_TOKENS_CALLED, generate 1 tokens, offset=273133244103 ns
        ON_TOKENS_RETURNED, offset=273133245660 ns
        ON_TOKENS_CALLED, generate 1 tokens, offset=274399886122 ns
        ON_TOKENS_RETURNED, offset=274399887672 ns
        ON_TOKENS_CALLED, generate 1 tokens, offset=275684416539 ns
        ON_TOKENS_RETURNED, offset=275684418272 ns
        ON_TOKENS_CALLED, generate 1 tokens, offset=276990877954 ns
        ON_TOKENS_RETURNED, offset=276990879447 ns
        ON_TOKENS_CALLED, generate 1 tokens, offset=278317928929 ns
        ON_TOKENS_RETURNED, offset=278317931628 ns
        ON_TOKENS_CALLED, generate 1 tokens, offset=279445554092 ns
        ON_TOKENS_RETURNED, offset=279445555696 ns
        ON_TOKENS_CALLED, generate 1 tokens, offset=280586602725 ns
        ON_TOKENS_RETURNED, offset=280586646149 ns
        ON_TOKENS_CALLED, generate 1 tokens, offset=281744057415 ns
        ON_TOKENS_RETURNED, offset=281744064539 ns
[15:19:08.939239258|thread 1923221|cpu 260] [info ] [Request 17] Parsing the prompt took 293.800969354 s at 27.8828215509714 tokens/s
[15:19:11.570358640|thread 1923214|cpu 260] [info ] [Request 5] Generating 61 response tokens with 8193 context took 62.304037 s at 0.979 average tok/s, or 1021.378 ms/tok
[15:19:11.570396896|thread 1923214|cpu 260] [info ] [Request 5] Request with 8192 tokens in and 64 out (sequence limit) saw 233.131367 s TTFT and 296.432226 s TTLT
[15:19:11.688097572|thread 1923242|cpu 260] [debug] #EVT# HandleDetails::is_anomalous() handle_id=18 time in state STATE_OPENED exceeded threshold: 214633934898 ns
[15:19:11.688119993|thread 1923242|cpu 260] [debug] #EVT#   Handle,    18, Created, 752866552130837, Last, 753152824315717, Prompted,  8191, Generated,    64, Input TPS, 38.17, Output TPS:  0.78, Callbacks,    64, prompt parsing complete, open
[15:19:11.688164008|thread 1923242|cpu 260] [info ] #EVT#   Handle 18 history:
        SESSION_OPEN, prompt 8192 tokens, offset=0 ns
        PROMPT_TOKENS_REUSE, offset=214633924609 ns
        ON_START_CALLED, offset=214633934898 ns
        ON_START_RETURNED, offset=214633991488 ns
        ON_TOKENS_CALLED, generate 1 tokens, offset=214634005481 ns
        ON_TOKENS_RETURNED, offset=214634006319 ns
        ON_TOKENS_CALLED, generate 1 tokens, offset=216000431557 ns
        ON_TOKENS_RETURNED, offset=216000434107 ns
        ON_TOKENS_CALLED, generate 1 tokens, offset=217402793779 ns
        ON_TOKENS_RETURNED, offset=217402795117 ns
        ON_TOKENS_CALLED, generate 1 tokens, offset=218675275674 ns
        ON_TOKENS_RETURNED, offset=218675276868 ns
        ON_TOKENS_CALLED, generate 1 tokens, offset=219531190306 ns
        ON_TOKENS_RETURNED, offset=219531193373 ns
        ON_TOKENS_CALLED, generate 1 tokens, offset=220401050856 ns
        ON_TOKENS_RETURNED, offset=220401051563 ns
        ON_TOKENS_CALLED, generate 1 tokens, offset=221283651730 ns
        ON_TOKENS_RETURNED, offset=221283653843 ns
        ON_TOKENS_CALLED, generate 1 tokens, offset=222186208133 ns
        ON_TOKENS_RETURNED, offset=222186209199 ns
        ON_TOKENS_CALLED, generate 1 tokens, offset=223100984804 ns
        ON_TOKENS_RETURNED, offset=223100989064 ns
        ON_TOKENS_CALLED, generate 1 tokens, offset=224032237285 ns
        ON_TOKENS_RETURNED, offset=224032239350 ns
        ON_TOKENS_CALLED, generate 1 tokens, offset=224974306279 ns
        ON_TOKENS_RETURNED, offset=224974308356 ns
        ON_TOKENS_CALLED, generate 1 tokens, offset=225940261126 ns
        ON_TOKENS_RETURNED, offset=225940262629 ns
        ON_TOKENS_CALLED, generate 1 tokens, offset=226918969782 ns
        ON_TOKENS_RETURNED, offset=226918970830 ns
        ON_TOKENS_CALLED, generate 1 tokens, offset=227919489074 ns
        ON_TOKENS_RETURNED, offset=227919490696 ns
        ON_TOKENS_CALLED, generate 1 tokens, offset=228887588912 ns
        ON_TOKENS_RETURNED, offset=228887590551 ns
        ON_TOKENS_CALLED, generate 1 tokens, offset=229925259759 ns
        ON_TOKENS_RETURNED, offset=229925261478 ns
        ON_TOKENS_CALLED, generate 1 tokens, offset=230971817711 ns
        ON_TOKENS_RETURNED, offset=230971838665 ns
        ON_TOKENS_CALLED, generate 1 tokens, offset=232046648747 ns
        ON_TOKENS_RETURNED, offset=232046649820 ns
        ON_TOKENS_CALLED, generate 1 tokens, offset=233131205155 ns
        ON_TOKENS_RETURNED, offset=233131206358 ns
        ON_TOKENS_CALLED, generate 1 tokens, offset=234128029727 ns
        ON_TOKENS_RETURNED, offset=234128030921 ns
        ON_TOKENS_CALLED, generate 1 tokens, offset=235093171150 ns
        ON_TOKENS_RETURNED, offset=235093173153 ns
        ON_TOKENS_CALLED, generate 1 tokens, offset=236118340474 ns
        ON_TOKENS_RETURNED, offset=236118342588 ns
        ON_TOKENS_CALLED, generate 1 tokens, offset=237157104431 ns
        ON_TOKENS_RETURNED, offset=237157106112 ns
        ON_TOKENS_CALLED, generate 1 tokens, offset=238217782494 ns
        ON_TOKENS_RETURNED, offset=238217783709 ns
        ON_TOKENS_CALLED, generate 1 tokens, offset=239238310533 ns
        ON_TOKENS_RETURNED, offset=239238313014 ns
        ON_TOKENS_CALLED, generate 1 tokens, offset=240331855891 ns
        ON_TOKENS_RETURNED, offset=240331856737 ns
        ON_TOKENS_CALLED, generate 1 tokens, offset=241445773388 ns
        ON_TOKENS_RETURNED, offset=241445775065 ns
        ON_TOKENS_CALLED, generate 1 tokens, offset=242581814153 ns
        ON_TOKENS_RETURNED, offset=242581814932 ns
        ON_TOKENS_CALLED, generate 1 tokens, offset=243676081685 ns
        ON_TOKENS_RETURNED, offset=243676084653 ns
        ON_TOKENS_CALLED, generate 1 tokens, offset=244853410784 ns
        ON_TOKENS_RETURNED, offset=244853412550 ns
        ON_TOKENS_CALLED, generate 1 tokens, offset=246040978253 ns
        ON_TOKENS_RETURNED, offset=246040980062 ns
        ON_TOKENS_CALLED, generate 1 tokens, offset=247262843037 ns
        ON_TOKENS_RETURNED, offset=247262844011 ns
        ON_TOKENS_CALLED, generate 1 tokens, offset=248442201889 ns
        ON_TOKENS_RETURNED, offset=248442206202 ns
        ON_TOKENS_CALLED, generate 1 tokens, offset=249707180696 ns
        ON_TOKENS_RETURNED, offset=249707183486 ns
        ON_TOKENS_CALLED, generate 1 tokens, offset=250966781030 ns
        ON_TOKENS_RETURNED, offset=250966783191 ns
        ON_TOKENS_CALLED, generate 1 tokens, offset=252264315107 ns
        ON_TOKENS_RETURNED, offset=252264316452 ns
        ON_TOKENS_CALLED, generate 1 tokens, offset=253278383169 ns
        ON_TOKENS_RETURNED, offset=253278384469 ns
        ON_TOKENS_CALLED, generate 1 tokens, offset=254459038106 ns
        ON_TOKENS_RETURNED, offset=254459040052 ns
        ON_TOKENS_CALLED, generate 1 tokens, offset=255590362167 ns
        ON_TOKENS_RETURNED, offset=255590363064 ns
        ON_TOKENS_CALLED, generate 1 tokens, offset=256811841310 ns
        ON_TOKENS_RETURNED, offset=256811842693 ns
        ON_TOKENS_CALLED, generate 1 tokens, offset=257983451665 ns
        ON_TOKENS_RETURNED, offset=257983453568 ns
        ON_TOKENS_CALLED, generate 1 tokens, offset=259249528432 ns
        ON_TOKENS_RETURNED, offset=259249529410 ns
        ON_TOKENS_CALLED, generate 1 tokens, offset=260460423002 ns
        ON_TOKENS_RETURNED, offset=260460423976 ns
        ON_TOKENS_CALLED, generate 1 tokens, offset=261765204893 ns
        ON_TOKENS_RETURNED, offset=261765207702 ns
        ON_TOKENS_CALLED, generate 1 tokens, offset=263018564709 ns
        ON_TOKENS_RETURNED, offset=263018566729 ns
        ON_TOKENS_CALLED, generate 1 tokens, offset=264370569173 ns
        ON_TOKENS_RETURNED, offset=264370571416 ns
        ON_TOKENS_CALLED, generate 1 tokens, offset=265665353558 ns
        ON_TOKENS_RETURNED, offset=265665354714 ns
        ON_TOKENS_CALLED, generate 1 tokens, offset=267065739239 ns
        ON_TOKENS_RETURNED, offset=267065741154 ns
        ON_TOKENS_CALLED, generate 1 tokens, offset=268181110196 ns
        ON_TOKENS_RETURNED, offset=268181112088 ns
        ON_TOKENS_CALLED, generate 1 tokens, offset=269405506759 ns
        ON_TOKENS_RETURNED, offset=269405508522 ns
        ON_TOKENS_CALLED, generate 1 tokens, offset=270640229904 ns
        ON_TOKENS_RETURNED, offset=270640230788 ns
        ON_TOKENS_CALLED, generate 1 tokens, offset=271888566411 ns
        ON_TOKENS_RETURNED, offset=271888569466 ns
        ON_TOKENS_CALLED, generate 1 tokens, offset=273133222679 ns
        ON_TOKENS_RETURNED, offset=273133224431 ns
        ON_TOKENS_CALLED, generate 1 tokens, offset=274399871468 ns
        ON_TOKENS_RETURNED, offset=274399872711 ns
        ON_TOKENS_CALLED, generate 1 tokens, offset=275684386738 ns
        ON_TOKENS_RETURNED, offset=275684388947 ns
        ON_TOKENS_CALLED, generate 1 tokens, offset=276990867301 ns
        ON_TOKENS_RETURNED, offset=276990868805 ns
        ON_TOKENS_CALLED, generate 1 tokens, offset=278317901381 ns
        ON_TOKENS_RETURNED, offset=278317902599 ns
        ON_TOKENS_CALLED, generate 1 tokens, offset=279445537120 ns
        ON_TOKENS_RETURNED, offset=279445538989 ns
        ON_TOKENS_CALLED, generate 1 tokens, offset=280586572242 ns
        ON_TOKENS_RETURNED, offset=280586573753 ns
        ON_TOKENS_CALLED, generate 1 tokens, offset=281744036890 ns
        ON_TOKENS_RETURNED, offset=281744038534 ns
        ON_TOKENS_CALLED, generate 1 tokens, offset=282902718601 ns
        ON_TOKENS_RETURNED, offset=282902719956 ns
        ON_TOKENS_CALLED, generate 1 tokens, offset=284078701096 ns
        ON_TOKENS_RETURNED, offset=284078702910 ns
        ON_TOKENS_CALLED, generate 1 tokens, offset=285274938586 ns
        ON_TOKENS_RETURNED, offset=285274995113 ns
        ON_TOKENS_CALLED, generate 1 tokens, offset=286272179158 ns
        ON_TOKENS_RETURNED, offset=286272184880 ns
[15:19:12.894605456|thread 1923241|cpu 260] [info ] KV cache footprint: 41.75 GB in 190 books
[15:19:14.505188256|thread 1923242|cpu 260] [debug] #EVT# HandleDetails::is_anomalous() handle_id=31 time in state STATE_OPENED exceeded threshold: 218675117505 ns
[15:19:14.505238480|thread 1923242|cpu 260] [debug] #EVT#   Handle,    31, Created, 752866552290768, Last, 753155622564493, Prompted,  8191, Generated,    64, Input TPS, 37.46, Output TPS:  0.79, Callbacks,    64, prompt parsing complete, open
[15:19:14.505272269|thread 1923242|cpu 260] [info ] #EVT#   Handle 31 history:
        SESSION_OPEN, prompt 8192 tokens, offset=0 ns
        PROMPT_TOKENS_REUSE, offset=218675116521 ns
        ON_START_CALLED, offset=218675117505 ns
        ON_START_RETURNED, offset=218675192736 ns
        ON_TOKENS_CALLED, generate 1 tokens, offset=218675196215 ns
        ON_TOKENS_RETURNED, offset=218675196803 ns
        ON_TOKENS_CALLED, generate 1 tokens, offset=219531036074 ns
        ON_TOKENS_RETURNED, offset=219531038675 ns
        ON_TOKENS_CALLED, generate 1 tokens, offset=220400895904 ns
        ON_TOKENS_RETURNED, offset=220400896824 ns
        ON_TOKENS_CALLED, generate 1 tokens, offset=221283498707 ns
        ON_TOKENS_RETURNED, offset=221283500037 ns
        ON_TOKENS_CALLED, generate 1 tokens, offset=222186054187 ns
        ON_TOKENS_RETURNED, offset=222186056612 ns
        ON_TOKENS_CALLED, generate 1 tokens, offset=223100827329 ns
        ON_TOKENS_RETURNED, offset=223100828515 ns
        ON_TOKENS_CALLED, generate 1 tokens, offset=224032083836 ns
        ON_TOKENS_RETURNED, offset=224032084569 ns
        ON_TOKENS_CALLED, generate 1 tokens, offset=224974152116 ns
        ON_TOKENS_RETURNED, offset=224974153354 ns
        ON_TOKENS_CALLED, generate 1 tokens, offset=225940105878 ns
        ON_TOKENS_RETURNED, offset=225940109011 ns
        ON_TOKENS_CALLED, generate 1 tokens, offset=226918814484 ns
        ON_TOKENS_RETURNED, offset=226918815267 ns
        ON_TOKENS_CALLED, generate 1 tokens, offset=227919332963 ns
        ON_TOKENS_RETURNED, offset=227919333859 ns
        ON_TOKENS_CALLED, generate 1 tokens, offset=228887431565 ns
        ON_TOKENS_RETURNED, offset=228887432534 ns
        ON_TOKENS_CALLED, generate 1 tokens, offset=229925103988 ns
        ON_TOKENS_RETURNED, offset=229925105096 ns
        ON_TOKENS_CALLED, generate 1 tokens, offset=230971665246 ns
        ON_TOKENS_RETURNED, offset=230971666715 ns
        ON_TOKENS_CALLED, generate 1 tokens, offset=232046494262 ns
        ON_TOKENS_RETURNED, offset=232046495048 ns
        ON_TOKENS_CALLED, generate 1 tokens, offset=233131047308 ns
        ON_TOKENS_RETURNED, offset=233131048180 ns
        ON_TOKENS_CALLED, generate 1 tokens, offset=234127866594 ns
        ON_TOKENS_RETURNED, offset=234127888431 ns
        ON_TOKENS_CALLED, generate 1 tokens, offset=235093011535 ns
        ON_TOKENS_RETURNED, offset=235093012983 ns
        ON_TOKENS_CALLED, generate 1 tokens, offset=236118185659 ns
        ON_TOKENS_RETURNED, offset=236118187902 ns
        ON_TOKENS_CALLED, generate 1 tokens, offset=237156947870 ns
        ON_TOKENS_RETURNED, offset=237156949814 ns
        ON_TOKENS_CALLED, generate 1 tokens, offset=238217629037 ns
        ON_TOKENS_RETURNED, offset=238217630252 ns
        ON_TOKENS_CALLED, generate 1 tokens, offset=239238155001 ns
        ON_TOKENS_RETURNED, offset=239238157265 ns
        ON_TOKENS_CALLED, generate 1 tokens, offset=240331713426 ns
        ON_TOKENS_RETURNED, offset=240331714352 ns
        ON_TOKENS_CALLED, generate 1 tokens, offset=241445618969 ns
        ON_TOKENS_RETURNED, offset=241445619939 ns
        ON_TOKENS_CALLED, generate 1 tokens, offset=242581658658 ns
        ON_TOKENS_RETURNED, offset=242581659581 ns
        ON_TOKENS_CALLED, generate 1 tokens, offset=243675928325 ns
        ON_TOKENS_RETURNED, offset=243675929506 ns
        ON_TOKENS_CALLED, generate 1 tokens, offset=244853256104 ns
        ON_TOKENS_RETURNED, offset=244853257248 ns
        ON_TOKENS_CALLED, generate 1 tokens, offset=246040825161 ns
        ON_TOKENS_RETURNED, offset=246040826929 ns
        ON_TOKENS_CALLED, generate 1 tokens, offset=247262690088 ns
        ON_TOKENS_RETURNED, offset=247262691779 ns
        ON_TOKENS_CALLED, generate 1 tokens, offset=248442046132 ns
        ON_TOKENS_RETURNED, offset=248442047032 ns
        ON_TOKENS_CALLED, generate 1 tokens, offset=249707024719 ns
        ON_TOKENS_RETURNED, offset=249707027085 ns
        ON_TOKENS_CALLED, generate 1 tokens, offset=250966622196 ns
        ON_TOKENS_RETURNED, offset=250966624189 ns
        ON_TOKENS_CALLED, generate 1 tokens, offset=252264177293 ns
        ON_TOKENS_RETURNED, offset=252264178355 ns
        ON_TOKENS_CALLED, generate 1 tokens, offset=253278225833 ns
        ON_TOKENS_RETURNED, offset=253278227816 ns
        ON_TOKENS_CALLED, generate 1 tokens, offset=254458875160 ns
        ON_TOKENS_RETURNED, offset=254458875948 ns
        ON_TOKENS_CALLED, generate 1 tokens, offset=255590203195 ns
        ON_TOKENS_RETURNED, offset=255590205667 ns
        ON_TOKENS_CALLED, generate 1 tokens, offset=256811684266 ns
        ON_TOKENS_RETURNED, offset=256811685132 ns
        ON_TOKENS_CALLED, generate 1 tokens, offset=257983291796 ns
        ON_TOKENS_RETURNED, offset=257983293058 ns
        ON_TOKENS_CALLED, generate 1 tokens, offset=259249377929 ns
        ON_TOKENS_RETURNED, offset=259249378935 ns
        ON_TOKENS_CALLED, generate 1 tokens, offset=260460266634 ns
        ON_TOKENS_RETURNED, offset=260460268019 ns
        ON_TOKENS_CALLED, generate 1 tokens, offset=261765043051 ns
        ON_TOKENS_RETURNED, offset=261765046150 ns
        ON_TOKENS_CALLED, generate 1 tokens, offset=263018408925 ns
        ON_TOKENS_RETURNED, offset=263018410230 ns
        ON_TOKENS_CALLED, generate 1 tokens, offset=264370414923 ns
        ON_TOKENS_RETURNED, offset=264370416282 ns
        ON_TOKENS_CALLED, generate 1 tokens, offset=265665195674 ns
        ON_TOKENS_RETURNED, offset=265665197337 ns
        ON_TOKENS_CALLED, generate 1 tokens, offset=267065589238 ns
        ON_TOKENS_RETURNED, offset=267065590402 ns
        ON_TOKENS_CALLED, generate 1 tokens, offset=268180955087 ns
        ON_TOKENS_RETURNED, offset=268180957347 ns
        ON_TOKENS_CALLED, generate 1 tokens, offset=269405355575 ns
        ON_TOKENS_RETURNED, offset=269405356689 ns
        ON_TOKENS_CALLED, generate 1 tokens, offset=270640072673 ns
        ON_TOKENS_RETURNED, offset=270640073344 ns
        ON_TOKENS_CALLED, generate 1 tokens, offset=271888413080 ns
        ON_TOKENS_RETURNED, offset=271888414550 ns
        ON_TOKENS_CALLED, generate 1 tokens, offset=273133075438 ns
        ON_TOKENS_RETURNED, offset=273133076428 ns
        ON_TOKENS_CALLED, generate 1 tokens, offset=274399727943 ns
        ON_TOKENS_RETURNED, offset=274399729308 ns
        ON_TOKENS_CALLED, generate 1 tokens, offset=275684234476 ns
        ON_TOKENS_RETURNED, offset=275684235533 ns
        ON_TOKENS_CALLED, generate 1 tokens, offset=276990700819 ns
        ON_TOKENS_RETURNED, offset=276990702865 ns
        ON_TOKENS_CALLED, generate 1 tokens, offset=278317745919 ns
        ON_TOKENS_RETURNED, offset=278317747338 ns
        ON_TOKENS_CALLED, generate 1 tokens, offset=279445382574 ns
        ON_TOKENS_RETURNED, offset=279445383828 ns
        ON_TOKENS_CALLED, generate 1 tokens, offset=280586417462 ns
        ON_TOKENS_RETURNED, offset=280586419980 ns
        ON_TOKENS_CALLED, generate 1 tokens, offset=281743880318 ns
        ON_TOKENS_RETURNED, offset=281743882008 ns
        ON_TOKENS_CALLED, generate 1 tokens, offset=282902558439 ns
        ON_TOKENS_RETURNED, offset=282902559751 ns
        ON_TOKENS_CALLED, generate 1 tokens, offset=284078545638 ns
        ON_TOKENS_RETURNED, offset=284078547003 ns
        ON_TOKENS_CALLED, generate 1 tokens, offset=285274782396 ns
        ON_TOKENS_RETURNED, offset=285274783464 ns
        ON_TOKENS_CALLED, generate 1 tokens, offset=286272035573 ns
        ON_TOKENS_RETURNED, offset=286272037296 ns
        ON_TOKENS_CALLED, generate 1 tokens, offset=287255029636 ns
        ON_TOKENS_RETURNED, offset=287255031402 ns
        ON_TOKENS_CALLED, generate 1 tokens, offset=288249707101 ns
        ON_TOKENS_RETURNED, offset=288249797289 ns
        ON_TOKENS_CALLED, generate 1 tokens, offset=289070269525 ns
        ON_TOKENS_RETURNED, offset=289070273725 ns
[15:19:14.505298001|thread 1923242|cpu 260] [debug] #EVT# HandleDetails::is_anomalous() handle_id=22 time in state STATE_OPENED exceeded threshold: 218675229090 ns
[15:19:14.505300257|thread 1923242|cpu 260] [debug] #EVT#   Handle,    22, Created, 752866552175826, Last, 753155622563957, Prompted,  8191, Generated,    64, Input TPS, 37.46, Output TPS:  0.79, Callbacks,    64, prompt parsing complete, open
[15:19:14.505316372|thread 1923242|cpu 260] [info ] #EVT#   Handle 22 history:
        SESSION_OPEN, prompt 8192 tokens, offset=0 ns
        PROMPT_TOKENS_REUSE, offset=218675227846 ns
        ON_START_CALLED, offset=218675229090 ns
        ON_START_RETURNED, offset=218675275227 ns
        ON_TOKENS_CALLED, generate 1 tokens, offset=218675279256 ns
        ON_TOKENS_RETURNED, offset=218675280158 ns
        ON_TOKENS_CALLED, generate 1 tokens, offset=219531148082 ns
        ON_TOKENS_RETURNED, offset=219531151571 ns
        ON_TOKENS_CALLED, generate 1 tokens, offset=220401006969 ns
        ON_TOKENS_RETURNED, offset=220401008225 ns
        ON_TOKENS_CALLED, generate 1 tokens, offset=221283610244 ns
        ON_TOKENS_RETURNED, offset=221283611440 ns
        ON_TOKENS_CALLED, generate 1 tokens, offset=222186165970 ns
        ON_TOKENS_RETURNED, offset=222186169541 ns
        ON_TOKENS_CALLED, generate 1 tokens, offset=223100940929 ns
        ON_TOKENS_RETURNED, offset=223100942968 ns
        ON_TOKENS_CALLED, generate 1 tokens, offset=224032187123 ns
        ON_TOKENS_RETURNED, offset=224032189183 ns
        ON_TOKENS_CALLED, generate 1 tokens, offset=224974257006 ns
        ON_TOKENS_RETURNED, offset=224974258993 ns
        ON_TOKENS_CALLED, generate 1 tokens, offset=225940220304 ns
        ON_TOKENS_RETURNED, offset=225940224583 ns
        ON_TOKENS_CALLED, generate 1 tokens, offset=226918925324 ns
        ON_TOKENS_RETURNED, offset=226918926501 ns
        ON_TOKENS_CALLED, generate 1 tokens, offset=227919444883 ns
        ON_TOKENS_RETURNED, offset=227919446984 ns
        ON_TOKENS_CALLED, generate 1 tokens, offset=228887546259 ns
        ON_TOKENS_RETURNED, offset=228887547327 ns
        ON_TOKENS_CALLED, generate 1 tokens, offset=229925220689 ns
        ON_TOKENS_RETURNED, offset=229925221892 ns
        ON_TOKENS_CALLED, generate 1 tokens, offset=230971774469 ns
        ON_TOKENS_RETURNED, offset=230971775531 ns
        ON_TOKENS_CALLED, generate 1 tokens, offset=232046606603 ns
        ON_TOKENS_RETURNED, offset=232046608720 ns
        ON_TOKENS_CALLED, generate 1 tokens, offset=233131166170 ns
        ON_TOKENS_RETURNED, offset=233131167488 ns
        ON_TOKENS_CALLED, generate 1 tokens, offset=234127979108 ns
        ON_TOKENS_RETURNED, offset=234127982938 ns
        ON_TOKENS_CALLED, generate 1 tokens, offset=235093122704 ns
        ON_TOKENS_RETURNED, offset=235093125698 ns
        ON_TOKENS_CALLED, generate 1 tokens, offset=236118303051 ns
        ON_TOKENS_RETURNED, offset=236118304059 ns
        ON_TOKENS_CALLED, generate 1 tokens, offset=237157054860 ns
        ON_TOKENS_RETURNED, offset=237157057113 ns
        ON_TOKENS_CALLED, generate 1 tokens, offset=238217743633 ns
        ON_TOKENS_RETURNED, offset=238217746300 ns
        ON_TOKENS_CALLED, generate 1 tokens, offset=239238267227 ns
        ON_TOKENS_RETURNED, offset=239238268264 ns
        ON_TOKENS_CALLED, generate 1 tokens, offset=240331818136 ns
        ON_TOKENS_RETURNED, offset=240331819370 ns
        ON_TOKENS_CALLED, generate 1 tokens, offset=241445734947 ns
        ON_TOKENS_RETURNED, offset=241445736613 ns
        ON_TOKENS_CALLED, generate 1 tokens, offset=242581778557 ns
        ON_TOKENS_RETURNED, offset=242581779654 ns
        ON_TOKENS_CALLED, generate 1 tokens, offset=243676039018 ns
        ON_TOKENS_RETURNED, offset=243676040523 ns
        ON_TOKENS_CALLED, generate 1 tokens, offset=244853376035 ns
        ON_TOKENS_RETURNED, offset=244853377046 ns
        ON_TOKENS_CALLED, generate 1 tokens, offset=246040935619 ns
        ON_TOKENS_RETURNED, offset=246040938415 ns
        ON_TOKENS_CALLED, generate 1 tokens, offset=247262800408 ns
        ON_TOKENS_RETURNED, offset=247262801787 ns
        ON_TOKENS_CALLED, generate 1 tokens, offset=248442158660 ns
        ON_TOKENS_RETURNED, offset=248442160356 ns
        ON_TOKENS_CALLED, generate 1 tokens, offset=249707139337 ns
        ON_TOKENS_RETURNED, offset=249707140713 ns
        ON_TOKENS_CALLED, generate 1 tokens, offset=250966733681 ns
        ON_TOKENS_RETURNED, offset=250966735321 ns
        ON_TOKENS_CALLED, generate 1 tokens, offset=252264278656 ns
        ON_TOKENS_RETURNED, offset=252264281505 ns
        ON_TOKENS_CALLED, generate 1 tokens, offset=253278338915 ns
        ON_TOKENS_RETURNED, offset=253278340005 ns
        ON_TOKENS_CALLED, generate 1 tokens, offset=254458984998 ns
        ON_TOKENS_RETURNED, offset=254458987078 ns
        ON_TOKENS_CALLED, generate 1 tokens, offset=255590317642 ns
        ON_TOKENS_RETURNED, offset=255590319602 ns
        ON_TOKENS_CALLED, generate 1 tokens, offset=256811794965 ns
        ON_TOKENS_RETURNED, offset=256811797948 ns
        ON_TOKENS_CALLED, generate 1 tokens, offset=257983402763 ns
        ON_TOKENS_RETURNED, offset=257983404695 ns
        ON_TOKENS_CALLED, generate 1 tokens, offset=259249500197 ns
        ON_TOKENS_RETURNED, offset=259249501720 ns
        ON_TOKENS_CALLED, generate 1 tokens, offset=260460379159 ns
        ON_TOKENS_RETURNED, offset=260460380226 ns
        ON_TOKENS_CALLED, generate 1 tokens, offset=261765157478 ns
        ON_TOKENS_RETURNED, offset=261765158634 ns
        ON_TOKENS_CALLED, generate 1 tokens, offset=263018520176 ns
        ON_TOKENS_RETURNED, offset=263018521370 ns
        ON_TOKENS_CALLED, generate 1 tokens, offset=264370524945 ns
        ON_TOKENS_RETURNED, offset=264370527457 ns
        ON_TOKENS_CALLED, generate 1 tokens, offset=265665307296 ns
        ON_TOKENS_RETURNED, offset=265665308211 ns
        ON_TOKENS_CALLED, generate 1 tokens, offset=267065711752 ns
        ON_TOKENS_RETURNED, offset=267065713307 ns
        ON_TOKENS_CALLED, generate 1 tokens, offset=268181066424 ns
        ON_TOKENS_RETURNED, offset=268181067695 ns
        ON_TOKENS_CALLED, generate 1 tokens, offset=269405470009 ns
        ON_TOKENS_RETURNED, offset=269405471153 ns
        ON_TOKENS_CALLED, generate 1 tokens, offset=270640183175 ns
        ON_TOKENS_RETURNED, offset=270640184625 ns
        ON_TOKENS_CALLED, generate 1 tokens, offset=271888524357 ns
        ON_TOKENS_RETURNED, offset=271888527062 ns
        ON_TOKENS_CALLED, generate 1 tokens, offset=273133185406 ns
        ON_TOKENS_RETURNED, offset=273133186757 ns
        ON_TOKENS_CALLED, generate 1 tokens, offset=274399837212 ns
        ON_TOKENS_RETURNED, offset=274399838385 ns
        ON_TOKENS_CALLED, generate 1 tokens, offset=275684345019 ns
        ON_TOKENS_RETURNED, offset=275684347002 ns
        ON_TOKENS_CALLED, generate 1 tokens, offset=276990818100 ns
        ON_TOKENS_RETURNED, offset=276990819760 ns
        ON_TOKENS_CALLED, generate 1 tokens, offset=278317857977 ns
        ON_TOKENS_RETURNED, offset=278317859134 ns
        ON_TOKENS_CALLED, generate 1 tokens, offset=279445493815 ns
        ON_TOKENS_RETURNED, offset=279445495433 ns
        ON_TOKENS_CALLED, generate 1 tokens, offset=280586529519 ns
        ON_TOKENS_RETURNED, offset=280586531143 ns
        ON_TOKENS_CALLED, generate 1 tokens, offset=281743993196 ns
        ON_TOKENS_RETURNED, offset=281743994491 ns
        ON_TOKENS_CALLED, generate 1 tokens, offset=282902669328 ns
        ON_TOKENS_RETURNED, offset=282902671959 ns
        ON_TOKENS_CALLED, generate 1 tokens, offset=284078656156 ns
        ON_TOKENS_RETURNED, offset=284078657563 ns
        ON_TOKENS_CALLED, generate 1 tokens, offset=285274895156 ns
        ON_TOKENS_RETURNED, offset=285274896791 ns
        ON_TOKENS_CALLED, generate 1 tokens, offset=286272135476 ns
        ON_TOKENS_RETURNED, offset=286272136980 ns
        ON_TOKENS_CALLED, generate 1 tokens, offset=287255136574 ns
        ON_TOKENS_RETURNED, offset=287255139121 ns
        ON_TOKENS_CALLED, generate 1 tokens, offset=288249814431 ns
        ON_TOKENS_RETURNED, offset=288249859932 ns
        ON_TOKENS_CALLED, generate 1 tokens, offset=289070383280 ns
        ON_TOKENS_RETURNED, offset=289070388131 ns
[15:19:14.505333522|thread 1923242|cpu 260] [debug] #EVT# HandleDetails::is_anomalous() handle_id=25 time in state STATE_OPENED exceeded threshold: 218675196293 ns
[15:19:14.505335240|thread 1923242|cpu 260] [debug] #EVT#   Handle,    25, Created, 752866552210405, Last, 753155622564418, Prompted,  8191, Generated,    64, Input TPS, 37.46, Output TPS:  0.79, Callbacks,    64, prompt parsing complete, open
[15:19:14.505351156|thread 1923242|cpu 260] [info ] #EVT#   Handle 25 history:
        SESSION_OPEN, prompt 8192 tokens, offset=0 ns
        PROMPT_TOKENS_REUSE, offset=218675195084 ns
        ON_START_CALLED, offset=218675196293 ns
        ON_START_RETURNED, offset=218675258946 ns
        ON_TOKENS_CALLED, generate 1 tokens, offset=218675262799 ns
        ON_TOKENS_RETURNED, offset=218675263683 ns
        ON_TOKENS_CALLED, generate 1 tokens, offset=219531114176 ns
        ON_TOKENS_RETURNED, offset=219531115554 ns
        ON_TOKENS_CALLED, generate 1 tokens, offset=220400975453 ns
        ON_TOKENS_RETURNED, offset=220400976831 ns
        ON_TOKENS_CALLED, generate 1 tokens, offset=221283577824 ns
        ON_TOKENS_RETURNED, offset=221283579295 ns
        ON_TOKENS_CALLED, generate 1 tokens, offset=222186131911 ns
        ON_TOKENS_RETURNED, offset=222186135632 ns
        ON_TOKENS_CALLED, generate 1 tokens, offset=223100908105 ns
        ON_TOKENS_RETURNED, offset=223100909240 ns
        ON_TOKENS_CALLED, generate 1 tokens, offset=224032158949 ns
        ON_TOKENS_RETURNED, offset=224032160175 ns
        ON_TOKENS_CALLED, generate 1 tokens, offset=224974230197 ns
        ON_TOKENS_RETURNED, offset=224974231152 ns
        ON_TOKENS_CALLED, generate 1 tokens, offset=225940185185 ns
        ON_TOKENS_RETURNED, offset=225940190335 ns
        ON_TOKENS_CALLED, generate 1 tokens, offset=226918892754 ns
        ON_TOKENS_RETURNED, offset=226918893616 ns
        ON_TOKENS_CALLED, generate 1 tokens, offset=227919411996 ns
        ON_TOKENS_RETURNED, offset=227919412841 ns
        ON_TOKENS_CALLED, generate 1 tokens, offset=228887510105 ns
        ON_TOKENS_RETURNED, offset=228887513282 ns
        ON_TOKENS_CALLED, generate 1 tokens, offset=229925182509 ns
        ON_TOKENS_RETURNED, offset=229925183319 ns
        ON_TOKENS_CALLED, generate 1 tokens, offset=230971743770 ns
        ON_TOKENS_RETURNED, offset=230971745039 ns
        ON_TOKENS_CALLED, generate 1 tokens, offset=232046573184 ns
        ON_TOKENS_RETURNED, offset=232046575174 ns
        ON_TOKENS_CALLED, generate 1 tokens, offset=233131125846 ns
        ON_TOKENS_RETURNED, offset=233131127900 ns
        ON_TOKENS_CALLED, generate 1 tokens, offset=234127946045 ns
        ON_TOKENS_RETURNED, offset=234127970483 ns
        ON_TOKENS_CALLED, generate 1 tokens, offset=235093090696 ns
        ON_TOKENS_RETURNED, offset=235093092395 ns
        ON_TOKENS_CALLED, generate 1 tokens, offset=236118262500 ns
        ON_TOKENS_RETURNED, offset=236118263219 ns
        ON_TOKENS_CALLED, generate 1 tokens, offset=237157024851 ns
        ON_TOKENS_RETURNED, offset=237157026919 ns
        ON_TOKENS_CALLED, generate 1 tokens, offset=238217705180 ns
        ON_TOKENS_RETURNED, offset=238217706243 ns
        ON_TOKENS_CALLED, generate 1 tokens, offset=239238235169 ns
        ON_TOKENS_RETURNED, offset=239238236424 ns
        ON_TOKENS_CALLED, generate 1 tokens, offset=240331779761 ns
        ON_TOKENS_RETURNED, offset=240331780490 ns
        ON_TOKENS_CALLED, generate 1 tokens, offset=241445697422 ns
        ON_TOKENS_RETURNED, offset=241445699217 ns
        ON_TOKENS_CALLED, generate 1 tokens, offset=242581737869 ns
        ON_TOKENS_RETURNED, offset=242581738899 ns
        ON_TOKENS_CALLED, generate 1 tokens, offset=243676004092 ns
        ON_TOKENS_RETURNED, offset=243676005132 ns
        ON_TOKENS_CALLED, generate 1 tokens, offset=244853334097 ns
        ON_TOKENS_RETURNED, offset=244853335397 ns
        ON_TOKENS_CALLED, generate 1 tokens, offset=246040903460 ns
        ON_TOKENS_RETURNED, offset=246040904810 ns
        ON_TOKENS_CALLED, generate 1 tokens, offset=247262764983 ns
        ON_TOKENS_RETURNED, offset=247262767400 ns
        ON_TOKENS_CALLED, generate 1 tokens, offset=248442125899 ns
        ON_TOKENS_RETURNED, offset=248442126985 ns
        ON_TOKENS_CALLED, generate 1 tokens, offset=249707104760 ns
        ON_TOKENS_RETURNED, offset=249707106527 ns
        ON_TOKENS_CALLED, generate 1 tokens, offset=250966701477 ns
        ON_TOKENS_RETURNED, offset=250966703629 ns
        ON_TOKENS_CALLED, generate 1 tokens, offset=252264239303 ns
        ON_TOKENS_RETURNED, offset=252264241600 ns
        ON_TOKENS_CALLED, generate 1 tokens, offset=253278308007 ns
        ON_TOKENS_RETURNED, offset=253278309709 ns
        ON_TOKENS_CALLED, generate 1 tokens, offset=254458952604 ns
        ON_TOKENS_RETURNED, offset=254458954412 ns
        ON_TOKENS_CALLED, generate 1 tokens, offset=255590286228 ns
        ON_TOKENS_RETURNED, offset=255590288647 ns
        ON_TOKENS_CALLED, generate 1 tokens, offset=256811763184 ns
        ON_TOKENS_RETURNED, offset=256811765110 ns
        ON_TOKENS_CALLED, generate 1 tokens, offset=257983376374 ns
        ON_TOKENS_RETURNED, offset=257983377998 ns
        ON_TOKENS_CALLED, generate 1 tokens, offset=259249454550 ns
        ON_TOKENS_RETURNED, offset=259249455967 ns
        ON_TOKENS_CALLED, generate 1 tokens, offset=260460348232 ns
        ON_TOKENS_RETURNED, offset=260460349372 ns
        ON_TOKENS_CALLED, generate 1 tokens, offset=261765125991 ns
        ON_TOKENS_RETURNED, offset=261765128752 ns
        ON_TOKENS_CALLED, generate 1 tokens, offset=263018488198 ns
        ON_TOKENS_RETURNED, offset=263018490096 ns
        ON_TOKENS_CALLED, generate 1 tokens, offset=264370496190 ns
        ON_TOKENS_RETURNED, offset=264370498151 ns
        ON_TOKENS_CALLED, generate 1 tokens, offset=265665278199 ns
        ON_TOKENS_RETURNED, offset=265665280605 ns
        ON_TOKENS_CALLED, generate 1 tokens, offset=267065662670 ns
        ON_TOKENS_RETURNED, offset=267065664714 ns
        ON_TOKENS_CALLED, generate 1 tokens, offset=268181037307 ns
        ON_TOKENS_RETURNED, offset=268181040312 ns
        ON_TOKENS_CALLED, generate 1 tokens, offset=269405434439 ns
        ON_TOKENS_RETURNED, offset=269405435765 ns
        ON_TOKENS_CALLED, generate 1 tokens, offset=270640152008 ns
        ON_TOKENS_RETURNED, offset=270640153095 ns
        ON_TOKENS_CALLED, generate 1 tokens, offset=271888491649 ns
        ON_TOKENS_RETURNED, offset=271888492850 ns
        ON_TOKENS_CALLED, generate 1 tokens, offset=273133146229 ns
        ON_TOKENS_RETURNED, offset=273133147285 ns
        ON_TOKENS_CALLED, generate 1 tokens, offset=274399795993 ns
        ON_TOKENS_RETURNED, offset=274399797831 ns
        ON_TOKENS_CALLED, generate 1 tokens, offset=275684308517 ns
        ON_TOKENS_RETURNED, offset=275684309709 ns
        ON_TOKENS_CALLED, generate 1 tokens, offset=276990778030 ns
        ON_TOKENS_RETURNED, offset=276990779635 ns
        ON_TOKENS_CALLED, generate 1 tokens, offset=278317824009 ns
        ON_TOKENS_RETURNED, offset=278317825062 ns
        ON_TOKENS_CALLED, generate 1 tokens, offset=279445461514 ns
        ON_TOKENS_RETURNED, offset=279445463204 ns
        ON_TOKENS_CALLED, generate 1 tokens, offset=280586496685 ns
        ON_TOKENS_RETURNED, offset=280586497534 ns
        ON_TOKENS_CALLED, generate 1 tokens, offset=281743960206 ns
        ON_TOKENS_RETURNED, offset=281743961087 ns
        ON_TOKENS_CALLED, generate 1 tokens, offset=282902636600 ns
        ON_TOKENS_RETURNED, offset=282902637775 ns
        ON_TOKENS_CALLED, generate 1 tokens, offset=284078626657 ns
        ON_TOKENS_RETURNED, offset=284078629399 ns
        ON_TOKENS_CALLED, generate 1 tokens, offset=285274861089 ns
        ON_TOKENS_RETURNED, offset=285274861896 ns
        ON_TOKENS_CALLED, generate 1 tokens, offset=286272112299 ns
        ON_TOKENS_RETURNED, offset=286272113560 ns
        ON_TOKENS_CALLED, generate 1 tokens, offset=287255109607 ns
        ON_TOKENS_RETURNED, offset=287255111409 ns
        ON_TOKENS_CALLED, generate 1 tokens, offset=288249782571 ns
        ON_TOKENS_RETURNED, offset=288249847269 ns
        ON_TOKENS_CALLED, generate 1 tokens, offset=289070348631 ns
        ON_TOKENS_RETURNED, offset=289070354013 ns
[15:19:14.680265618|thread 1923221|cpu 260] [info ] [Request 23] Parsing the prompt took 299.541927983 s at 27.34842516091745 tokens/s
[15:19:15.350506973|thread 1923242|cpu 260] [info ] #EVT# SYSTEM_STATS: Sessions: Open=10, Closed=0, Busy=0, Total=0, Abandoned=22, Anomalous=22; Tokens: Prompted=0, Generated=0, AvgInputTPS=-nan, AvgOutputTPS=-nan
[15:19:15.350528088|thread 1923242|cpu 260] [info ] #EVT# Harvester stats: pushes=3525, pops=3525, slabs_alloc=289, slabs_freed=1, largest_slab=64, active_queues=12. TokenStreamEvent size: 48
[15:19:15.350530151|thread 1923242|cpu 260] [info ] #EVT# 621 history events in 10 active handles
[15:19:17.459567153|thread 1923214|cpu 260] [info ] [Request 6] Generating 61 response tokens with 8193 context took 49.042886 s at 1.244 average tok/s, or 803.982 ms/tok
[15:19:17.459595259|thread 1923214|cpu 260] [info ] [Request 6] Request with 8192 tokens in and 64 out (sequence limit) saw 252.264473 s TTFT and 302.321423 s TTLT
[15:19:18.266837856|thread 1923221|cpu 260] [info ] [Request 30] Parsing the prompt took 303.128410187 s at 27.02485060686444 tokens/s
[15:19:18.849309435|thread 1923214|cpu 260] [info ] [Request 7] Generating 61 response tokens with 8193 context took 35.529897 s at 1.717 average tok/s, or 582.457 ms/tok
[15:19:18.849339438|thread 1923214|cpu 260] [info ] [Request 7] Request with 8192 tokens in and 64 out (sequence limit) saw 267.065894 s TTFT and 303.711156 s TTLT
[15:19:19.331315528|thread 1923214|cpu 260] [info ] [Request 19] Generating 61 response tokens with 8193 context took 24.747465 s at 2.465 average tok/s, or 405.696 ms/tok
[15:19:19.331351040|thread 1923214|cpu 260] [info ] [Request 19] Request with 8192 tokens in and 64 out (sequence limit) saw 278.317903 s TTFT and 304.193019 s TTLT
[15:19:19.606002685|thread 1923214|cpu 260] [info ] [Request 21] Generating 61 response tokens with 8193 context took 18.195513 s at 3.352 average tok/s, or 298.287 ms/tok
[15:19:19.606015149|thread 1923214|cpu 260] [info ] [Request 21] Request with 8192 tokens in and 64 out (sequence limit) saw 285.274921 s TTFT and 304.467687 s TTLT
[15:19:19.721872765|thread 1923214|cpu 260] [info ] [Request 9] Generating 61 response tokens with 8193 context took 15.513112 s at 3.932 average tok/s, or 254.313 ms/tok
[15:19:19.721881257|thread 1923214|cpu 260] [info ] [Request 9] Request with 8192 tokens in and 64 out (sequence limit) saw 288.249982 s TTFT and 304.583696 s TTLT
[15:19:19.756244198|thread 1923215|cpu 260] [info ] [Request 13] Generating 61 response tokens with 8193 context took 14.975039 s at 4.073 average tok/s, or 245.492 ms/tok
[15:19:19.756269892|thread 1923215|cpu 260] [info ] [Request 13] Request with 8192 tokens in and 64 out (sequence limit) saw 289.070507 s TTFT and 304.618016 s TTLT
[15:19:19.929209983|thread 1923214|cpu 260] [info ] [Request 17] Generating 61 response tokens with 8193 context took 10.557919 s at 5.778 average tok/s, or 173.081 ms/tok
[15:19:19.929238640|thread 1923214|cpu 260] [info ] [Request 17] Request with 8192 tokens in and 64 out (sequence limit) saw 293.800969 s TTFT and 304.790940 s TTLT
[15:19:20.116211719|thread 1923214|cpu 260] [info ] [Request 23] Generating 61 response tokens with 8193 context took 5.157219 s at 11.828 average tok/s, or 84.545 ms/tok
[15:19:20.116227870|thread 1923214|cpu 260] [info ] [Request 23] Request with 8192 tokens in and 64 out (sequence limit) saw 299.541928 s TTFT and 304.977876 s TTLT
[15:19:20.229932078|thread 1923214|cpu 260] [info ] [Request 30] Generating 61 response tokens with 8193 context took 1.894820 s at 32.193 average tok/s, or 31.063 ms/tok
[15:19:20.229942345|thread 1923214|cpu 260] [info ] [Request 30] Request with 8192 tokens in and 64 out (sequence limit) saw 303.128410 s TTFT and 305.091505 s TTLT
[15:19:20.238243931|thread 1900593|cpu 260] [info ] [Load] type=batch total=32, completed=32, failed=0, wall=305.10s, max in-flight=32, estimated response throughput 6.713 tok/s
[15:19:20.238271070|thread 1900593|cpu 260] [info ] [Iteration 1/1] Processed 264137 new and 23 reused tokens in 305.10 s.  Throughput 865.738 new and 865.813 all tok/s.
[15:19:20.243108710|thread 1900593|cpu 260] [info ] KV cache footprint: 40.65 GB in 185 books
[15:19:20.243124339|thread 1900593|cpu 260] [info ] KV cache footprint: 39.55 GB in 180 books
[15:19:20.243133800|thread 1900593|cpu 260] [info ] KV cache footprint: 38.45 GB in 175 books
[15:19:20.243147720|thread 1900593|cpu 260] [info ] KV cache footprint: 37.35 GB in 170 books
[15:19:20.243161206|thread 1900593|cpu 260] [info ] KV cache footprint: 36.25 GB in 165 books
[15:19:20.243171116|thread 1900593|cpu 260] [info ] KV cache footprint: 35.16 GB in 160 books
[15:19:20.243180339|thread 1900593|cpu 260] [info ] KV cache footprint: 34.06 GB in 155 books
[15:19:20.243190209|thread 1900593|cpu 260] [info ] KV cache footprint: 32.96 GB in 150 books
[15:19:20.243198923|thread 1900593|cpu 260] [info ] KV cache footprint: 31.86 GB in 145 books
[15:19:20.243210546|thread 1900593|cpu 260] [info ] KV cache footprint: 30.76 GB in 140 books
[15:19:20.243220878|thread 1900593|cpu 260] [info ] KV cache footprint: 29.66 GB in 135 books
[15:19:20.281333091|thread 1900593|cpu 260] [info ] KV cache footprint: 28.56 GB in 130 books
[15:19:20.281348486|thread 1900593|cpu 260] [info ] KV cache footprint: 27.47 GB in 125 books
[15:19:20.281360548|thread 1900593|cpu 260] [info ] KV cache footprint: 26.37 GB in 120 books
[15:19:20.281371292|thread 1900593|cpu 260] [info ] KV cache footprint: 25.27 GB in 115 books
[15:19:20.281379274|thread 1900593|cpu 260] [info ] KV cache footprint: 24.17 GB in 110 books
[15:19:20.281395717|thread 1900593|cpu 260] [info ] KV cache footprint: 23.07 GB in 105 books
[15:19:20.281402860|thread 1900593|cpu 260] [info ] KV cache footprint: 21.97 GB in 100 books
[15:19:20.281411247|thread 1900593|cpu 260] [info ] KV cache footprint: 20.87 GB in 95 books
[15:19:20.281421680|thread 1900593|cpu 260] [info ] KV cache footprint: 19.78 GB in 90 books
[15:19:20.281428974|thread 1900593|cpu 260] [info ] KV cache footprint: 18.68 GB in 85 books
[15:19:20.281439388|thread 1900593|cpu 260] [info ] KV cache footprint: 17.58 GB in 80 books
[15:19:20.281447879|thread 1900593|cpu 260] [info ] KV cache footprint: 16.48 GB in 75 books
[15:19:20.281454677|thread 1900593|cpu 260] [info ] KV cache footprint: 15.38 GB in 70 books
[15:19:20.320021868|thread 1900593|cpu 260] [info ] KV cache footprint: 14.28 GB in 65 books
[15:19:20.320035920|thread 1900593|cpu 260] [info ] KV cache footprint: 13.18 GB in 60 books
[15:19:20.320053125|thread 1900593|cpu 260] [info ] KV cache footprint: 12.08 GB in 55 books
[15:19:20.320062580|thread 1900593|cpu 260] [info ] KV cache footprint: 10.99 GB in 50 books
[15:19:20.320078361|thread 1900593|cpu 260] [info ] KV cache footprint: 9.89 GB in 45 books
[15:19:20.320090128|thread 1900593|cpu 260] [info ] KV cache footprint: 8.79 GB in 40 books
[15:19:20.359036601|thread 1900593|cpu 260] [info ] KV cache footprint: 7.69 GB in 35 books
[15:19:20.359066736|thread 1900593|cpu 260] [info ] KV cache footprint: 6.59 GB in 30 books
[15:19:20.359078062|thread 1900593|cpu 260] [info ] KV cache footprint: 5.49 GB in 25 books
[15:19:20.359089461|thread 1900593|cpu 260] [info ] KV cache footprint: 4.39 GB in 20 books
[15:19:20.359105184|thread 1900593|cpu 260] [info ] KV cache footprint: 3.30 GB in 15 books
[15:19:20.359113705|thread 1900593|cpu 260] [info ] KV cache footprint: 2.20 GB in 10 books
[15:19:20.359127410|thread 1900593|cpu 260] [info ] KV cache footprint: 1.10 GB in 5 books
[15:19:20.359133901|thread 1900593|cpu 260] [info ] KV cache footprint: 0.00 GB in 0 books
[15:19:20.359156847|thread 1900593|cpu 260] [info ] Detected 3506787 memory allocations
[15:19:20.373870771|thread 1900593|cpu 260] [info ] Worker speeds: [0.036771987, 0.03829674, 0.03884581, 0.03868765, 0.03732325, 0.03836517, 0.037967704, 0.037594356, 0.03781413, 0.0373959, 0.03897773, 0.03722628, 0.036085382, 0.035880964, 0.036025174, 0.036886837, 0.036452714, 0.036052737, 0.036913656, 0.035472237, 0.03557102, 0.03651308, 0.035938393, 0.036381483, 0.03675435, 0.036901157, 0.036904115]
fusermount3: /home/jhan/workspace/tron-amx/stats/instance-0 not mounted
