[15:32:25.263309920|thread 2897436|cpu 263] [info ] Seed not supplied, using random seed: 0x6d103e4d57ad954c
[15:32:25.263398260|thread 2897436|cpu 263] [info ] FUSE mount point scoped for instance 0,4: /home/jhan/workspace/tron-amx/stats/instance-0
[15:32:25.264906108|thread 2897436|cpu 263] [info ] heap_v2: registered FUSE stats under /rinzler/stats/dma_heap/
[15:32:25.264909773|thread 2897436|cpu 263] [debug] No PosDevices found; skipping registration of metrics
[15:32:25.267737416|thread 2897436|cpu 263] [info ] Stats/config mounted at /home/jhan/workspace/tron-amx/stats/instance-0
[15:32:25.949870744|thread 2898304|cpu 263] [info ] TSC frequency stable at 2699984228 Hz
[15:32:25.954414382|thread 2898304|cpu 263] [info ] TSC core calibration: min core,offset:50,-31   max core,offset:132,10
[15:32:25.954836828|thread 2897436|cpu 263] [info ] INIT: Intel RTM (TSX) supported
[15:32:25.956319961|thread 2897436|cpu 263] [info ] INIT: CPU vendor=Intel, cores=144, numa=2, model="Intel(R) Xeon(R) 6962P"
[15:32:25.956367036|thread 2897436|cpu 263] [info ] INIT: Found server type: granite_rapids_6962p: 144 cores, Intel Xeon 6962P Granite Rapids server
[15:32:25.956372818|thread 2897436|cpu 263] [info ] INIT: Successfully loaded resource map from /home/jhan/workspace/tron-amx/gen/../config/resource-map.yaml, server type: granite_rapids_6962p
[15:32:25.956482760|thread 2897436|cpu 263] [info ] App CPU list: 151-152,24-29,48-53,153-154,30-35,54-59
[15:32:25.956501339|thread 2897436|cpu 263] [info ] App CPU set: [24, 25, 26, 27, 28, 29, 30, 31, 32, 33, 34, 35, 48, 49, 50, 51, 52, 53, 54, 55, 56, 57, 58, 59, 151, 152, 153, 154]
[15:32:25.956502843|thread 2897436|cpu 263] [info ] App peer CPU set: [8, 9, 10, 11, 168, 169, 170, 171, 172, 173, 174, 175, 176, 177, 178, 179, 192, 193, 194, 195, 196, 197, 198, 199, 200, 201, 202, 203]
[15:32:25.956508214|thread 2897436|cpu 263] [warning] Helper CPU list is empty; helper threads will float on app cpu set.
[15:32:25.956518357|thread 2897436|cpu 263] [info ] Memory allocation policy set to numa 0
[15:32:25.956519786|thread 2897436|cpu 263] [info ] Configured instance 0,4 using resource map (/home/jhan/workspace/tron-amx/gen/../config/resource-map.yaml).
[15:32:25.956587038|thread 2897436|cpu 263] [info ] App CPU list: 151-152,24-29,48-53,153-154,30-35,54-59
[15:32:25.956593348|thread 2897436|cpu 263] [info ] App CPU set: [24, 25, 26, 27, 28, 29, 30, 31, 32, 33, 34, 35, 48, 49, 50, 51, 52, 53, 54, 55, 56, 57, 58, 59, 151, 152, 153, 154]
[15:32:25.956594572|thread 2897436|cpu 263] [info ] App peer CPU set: [8, 9, 10, 11, 168, 169, 170, 171, 172, 173, 174, 175, 176, 177, 178, 179, 192, 193, 194, 195, 196, 197, 198, 199, 200, 201, 202, 203]
[15:32:25.956597304|thread 2897436|cpu 263] [info ] Memory allocation policy set to numa 0
[15:32:25.956602505|thread 2897436|cpu 263] [info ] INIT: Beginning pos_startup()
[15:32:25.956603790|thread 2897436|cpu 263] [info ] INIT: Beginning pos_startup_host()
[15:32:25.956614239|thread 2897436|cpu 263] [info ] Version: 2026.08.19-1407f48d-jhan-amx-p0-dirty hash: 1407f48ddb370b27907a9bf9e39f8d6002aa3ee0
[15:32:25.956617045|thread 2897436|cpu 263] [info ] INIT: System optimization for Intel with 144 cores and 2 numa nodes.
[15:32:25.956618407|thread 2897436|cpu 263] [info ] INIT: Pinning application cores to 151-152,24-29,48-53,153-154,30-35,54-59.
[15:32:25.956650240|thread 2897436|cpu 263] [info ] INIT: Pinning device driver cores to 3,4.
[15:32:25.956667008|thread 2897436|cpu 263] [info ] INIT: NUMA set to 0.
[15:32:25.956794800|thread 2897436|cpu 263] [debug] INIT: Allocating 128 hugepages from /dev/hugepages/amx-cap* on numa 0
[15:32:35.490261746|thread 2897436|cpu 263] [info ] pos_heap_setup: using arena allocator (pos_heap_v2)
[15:32:35.490464040|thread 2897436|cpu 263] [info ] heap_v2: pool expanded by 128 hugepages (128 GiB)
[15:32:35.490467608|thread 2897436|cpu 263] [info ] INIT: pos_startup_host() completed
[15:32:35.495408834|thread 2897436|cpu 263] [debug] Allocator initialized for base: 0x00000000000000, capacity: 0x00000040000000, alignment: 512,  padding 0
[15:32:35.504000321|thread 2897436|cpu 263] [debug] Allocator initialized for base: 0x00000000000000, capacity: 0x00000040000000, alignment: 512,  padding 0
[15:32:35.508789260|thread 2897436|cpu 263] [info ] Found 2 Positron devices
[15:32:36.050320398|thread 2897436|cpu 263] [debug] Dev 10:00.0 pre-blind_reset mailbox_update_addr: mailbox_update_addr: Addr: 7344dd9fc010 Bar: 2 Offset: 200010 Flags: RW RAW:100005800 {mailbox_update_addr_fields {address[63:0]:4294989824 (hex:  100005800), }}
[15:32:36.050334642|thread 2898737|cpu 263] [debug] Dev 13:00.0 pre-blind_reset mailbox_update_addr: mailbox_update_addr: Addr: 73451d9fc010 Bar: 2 Offset: 200010 Flags: RW RAW:100005000 {mailbox_update_addr_fields {address[63:0]:4294987776 (hex:  100005000), }}
[15:32:36.050342108|thread 2897436|cpu 263] [debug] Dev 10:00.0 pre-blind_reset mono_results_counter: mono_results_counter: Addr: 7344dd9fc018 Bar: 2 Offset: 200018 Flags: RW RAW:90c0 {mono_results_counter_fields {counter[15:0]:37056 (hex:  90c0), }}
[15:32:36.050357128|thread 2898737|cpu 263] [debug] Dev 13:00.0 pre-blind_reset mono_results_counter: mono_results_counter: Addr: 73451d9fc018 Bar: 2 Offset: 200018 Flags: RW RAW:de80 {mono_results_counter_fields {counter[15:0]:56960 (hex:  de80), }}
[15:32:36.050437864|thread 2897436|cpu 263] [warning] Dev 10:00.0 blind_reset: mailbox host write survived soft_reset (enable=true, target_iova=0x100005800); force-clearing
[15:32:36.050439034|thread 2898737|cpu 263] [warning] Dev 13:00.0 blind_reset: mailbox host write survived soft_reset (enable=true, target_iova=0x100005000); force-clearing
[15:32:36.050444961|thread 2897436|cpu 263] [warning] Dev 10:00.0 blind_reset: tracer host write survived soft_reset (enable=true, target_iova=0x100005c00); force-clearing
[15:32:36.050451845|thread 2898737|cpu 263] [warning] Dev 13:00.0 blind_reset: tracer host write survived soft_reset (enable=true, target_iova=0x100005400); force-clearing
[15:32:36.050483733|thread 2897436|cpu 263] [warning] Dev 10:00.0 blind_reset: queue[0] host write survived soft_reset (ctrl=0x0, target_iova=0x100000000); force-clearing
[15:32:36.050485171|thread 2898737|cpu 263] [warning] Dev 13:00.0 blind_reset: queue[0] host write survived soft_reset (ctrl=0x0, target_iova=0x100002000); force-clearing
[15:32:36.050491331|thread 2897436|cpu 263] [warning] Dev 10:00.0 blind_reset: queue[2049] host write survived soft_reset (ctrl=0x0, target_iova=0x100000400); force-clearing
[15:32:36.050492412|thread 2898737|cpu 263] [warning] Dev 13:00.0 blind_reset: queue[2049] host write survived soft_reset (ctrl=0x0, target_iova=0x100002400); force-clearing
[15:32:36.050500147|thread 2897436|cpu 263] [warning] Dev 10:00.0 blind_reset: queue[2] host write survived soft_reset (ctrl=0x0, target_iova=0x100000800); force-clearing
[15:32:36.050503706|thread 2898737|cpu 263] [warning] Dev 13:00.0 blind_reset: queue[2] host write survived soft_reset (ctrl=0x0, target_iova=0x100002800); force-clearing
[15:32:36.050511025|thread 2898737|cpu 263] [warning] Dev 13:00.0 blind_reset: queue[2051] host write survived soft_reset (ctrl=0x0, target_iova=0x100002c00); force-clearing
[15:32:36.050511037|thread 2897436|cpu 263] [warning] Dev 10:00.0 blind_reset: queue[2051] host write survived soft_reset (ctrl=0x0, target_iova=0x100000c00); force-clearing
[15:32:36.050519104|thread 2898737|cpu 263] [warning] Dev 13:00.0 blind_reset: queue[4] host write survived soft_reset (ctrl=0x0, target_iova=0x100002000); force-clearing
[15:32:36.050523217|thread 2897436|cpu 263] [warning] Dev 10:00.0 blind_reset: queue[4] host write survived soft_reset (ctrl=0x0, target_iova=0x100000000); force-clearing
[15:32:36.050526235|thread 2898737|cpu 263] [warning] Dev 13:00.0 blind_reset: queue[2053] host write survived soft_reset (ctrl=0x0, target_iova=0x100002400); force-clearing
[15:32:36.050530512|thread 2897436|cpu 263] [warning] Dev 10:00.0 blind_reset: queue[2053] host write survived soft_reset (ctrl=0x0, target_iova=0x100000400); force-clearing
[15:32:36.050533090|thread 2898737|cpu 263] [warning] Dev 13:00.0 blind_reset: queue[6] host write survived soft_reset (ctrl=0x0, target_iova=0x100002800); force-clearing
[15:32:36.050537746|thread 2897436|cpu 263] [warning] Dev 10:00.0 blind_reset: queue[6] host write survived soft_reset (ctrl=0x0, target_iova=0x100000800); force-clearing
[15:32:36.050545029|thread 2898737|cpu 263] [warning] Dev 13:00.0 blind_reset: queue[2055] host write survived soft_reset (ctrl=0x0, target_iova=0x100002c00); force-clearing
[15:32:36.050550242|thread 2897436|cpu 263] [warning] Dev 10:00.0 blind_reset: queue[2055] host write survived soft_reset (ctrl=0x0, target_iova=0x100000c00); force-clearing
[15:32:36.050582061|thread 2897436|cpu 263] [info ] Dev 10:00.0: Bitfile Release Code 01.05.08.00 Release Date 06-16-2026
[15:32:36.050590321|thread 2898737|cpu 263] [info ] Dev 13:00.0: Bitfile Release Code 01.05.08.00 Release Date 06-16-2026
[15:32:36.050591507|thread 2897436|cpu 263] [debug] Dev 10:00.0 init counters post-store: act_slots_free=&0x734580004000 val=2048 mm_in_flight=&0x734580004400 val=0 (num_activ_slots=2048)
[15:32:36.050601370|thread 2898737|cpu 263] [debug] Dev 13:00.0 init counters post-store: act_slots_free=&0x734580004800 val=2048 mm_in_flight=&0x734580004c00 val=0 (num_activ_slots=2048)
[15:32:36.161755419|thread 2898737|cpu 263] [debug] Device { idx: 1 addr: 13:00.0 pci_devid: 0x0011 iommu_group: 76 vfio_fd: 10 tx_ready: false rx_ready: false }
  offsets { bar2: 0x4000000000 bar4: 0x8000000000 mmsm_reg: 0x0 amem: 0x4030000000 rmem: 0x4020000000 metadata: 0x4000701000 hbm_north: 0x0 hbm_south: 0x1000000000 hbm_kv: 0x800000000 pos_device: 0xffff8cbb80000000 pos_host: 0x734480000000 }
  caps { col_depth: 128 num_cols: 128 num_fetchers: 32 num_activ_slots: 2048 max_activ_size_slots: 255 rmem_width: 32 pchan_size_bytes: 1073741824 attn_supported: true }
[15:32:36.161761349|thread 2897436|cpu 263] [debug] Device { idx: 0 addr: 10:00.0 pci_devid: 0x0011 iommu_group: 73 vfio_fd: 9 tx_ready: false rx_ready: false }
  offsets { bar2: 0x4000000000 bar4: 0x8000000000 mmsm_reg: 0x0 amem: 0x4030000000 rmem: 0x4020000000 metadata: 0x4000701000 hbm_north: 0x0 hbm_south: 0x1000000000 hbm_kv: 0x800000000 pos_device: 0xffff8cbb80000000 pos_host: 0x734480000000 }
  caps { col_depth: 128 num_cols: 128 num_fetchers: 32 num_activ_slots: 2048 max_activ_size_slots: 255 rmem_width: 32 pchan_size_bytes: 1073741824 attn_supported: true }
[15:32:36.161771395|thread 2897436|cpu 263] [debug] Dev 10:00.0 init counters end-of-init: act_slots_free=&0x734580004000 val=2048 mm_in_flight=&0x734580004400 val=0 | mcnt_mbox=&0x734580005800 tracer_mbox=&0x734580005c00
[15:32:36.161764020|thread 2898737|cpu 263] [debug] Dev 13:00.0 init counters end-of-init: act_slots_free=&0x734580004800 val=2048 mm_in_flight=&0x734580004c00 val=0 | mcnt_mbox=&0x734580005000 tracer_mbox=&0x734580005400
[15:32:36.161821662|thread 2897436|cpu 263] [info ] INIT: pos_startup() completed
[15:32:36.161908512|thread 2897436|cpu 263] [debug] INIT: First call to get_devices() detected, spawning workers
[15:32:36.162036666|thread 2897436|cpu 263] [debug] INIT: waiting for workers to be ready
[15:32:36.162370560|thread 2898765|cpu 263] [info ] [0;32mTx Worker for device 10:00.0 is ready on core 3[0m
[15:32:36.162444021|thread 2898766|cpu 263] [info ] [0;32mTx Worker for device 13:00.0 is ready on core 4[0m
[15:32:36.162523893|thread 2898767|cpu 263] [info ] [0;32mRx Worker for device 10:00.0 is ready on core 147[0m
[15:32:36.162604196|thread 2898768|cpu 263] [info ] [0;32mRx Worker for device 13:00.0 is ready on core 148[0m
[15:32:36.162625999|thread 2897436|cpu 263] [debug] INIT: All workers ready!
[15:32:36.169076077|thread 2897436|cpu 263] [info ] Creating tokenizer for path: /opt/positron/weights_cache/cached/positron-ai/Qwen--Qwen3-4B-Instruct-2507-ingest-best-gptq-v1
[15:32:36.169132059|thread 2897436|cpu 263] [info ] Loaded tokenizer_config.json with settings:
[15:32:36.169134743|thread 2897436|cpu 263] [info ]   add_bos_token: false
[15:32:36.169137164|thread 2897436|cpu 263] [info ] Found tokenizer.json, trying HuggingFace Rust tokenizer
[15:32:36.386541643|thread 2897436|cpu 263] [info ] BOS token text: '<none>', EOS token text: '<|im_end|>'
[15:32:36.386556982|thread 2897436|cpu 263] [info ] Using BOS token ID 151643 from model config
[15:32:36.386660790|thread 2897436|cpu 263] [info ] Found EOS token '<|im_end|>' with ID 151645 in tokenizer
[15:32:36.386677212|thread 2897436|cpu 263] [info ] Using stop tokens: 151645,151643
[15:32:36.494147088|thread 2897436|cpu 263] [info ] HF tokenizer: vocab cache populated 151669 from lexicon view
[15:32:36.494237113|thread 2897436|cpu 263] [info ] HuggingFace tokenizer loaded successfully at /opt/positron/weights_cache/cached/positron-ai/Qwen--Qwen3-4B-Instruct-2507-ingest-best-gptq-v1
[15:32:36.494260985|thread 2897436|cpu 263] [info ] Successfully created HuggingFace Rust tokenizer
[15:32:36.588335908|thread 2897436|cpu 263] [warning] replicating prompt of length 3035
[15:32:36.588347874|thread 2897436|cpu 263] [warning] replicating prompt of length 6070
[15:32:36.588350722|thread 2897436|cpu 263] [warning] replicating prompt of length 2014
[15:32:36.588352293|thread 2897436|cpu 263] [warning] replicating prompt of length 4028
[15:32:36.588353522|thread 2897436|cpu 263] [warning] replicating prompt of length 6042
[15:32:36.588354777|thread 2897436|cpu 263] [warning] replicating prompt of length 8056
[15:32:36.588356564|thread 2897436|cpu 263] [warning] replicating prompt of length 8159
[15:32:36.588359935|thread 2897436|cpu 263] [warning] replicating prompt of length 2270
[15:32:36.588361795|thread 2897436|cpu 263] [warning] replicating prompt of length 4540
[15:32:36.588364709|thread 2897436|cpu 263] [warning] replicating prompt of length 6810
[15:32:36.588365603|thread 2897436|cpu 263] [warning] replicating prompt of length 1056
[15:32:36.588366653|thread 2897436|cpu 263] [warning] replicating prompt of length 2112
[15:32:36.588367401|thread 2897436|cpu 263] [warning] replicating prompt of length 3168
[15:32:36.588368069|thread 2897436|cpu 263] [warning] replicating prompt of length 4224
[15:32:36.588370377|thread 2897436|cpu 263] [warning] replicating prompt of length 5280
[15:32:36.588371518|thread 2897436|cpu 263] [warning] replicating prompt of length 6336
[15:32:36.588372297|thread 2897436|cpu 263] [warning] replicating prompt of length 7392
[15:32:36.588373075|thread 2897436|cpu 263] [warning] replicating prompt of length 1193
[15:32:36.588374055|thread 2897436|cpu 263] [warning] replicating prompt of length 2386
[15:32:36.588374838|thread 2897436|cpu 263] [warning] replicating prompt of length 3579
[15:32:36.588375524|thread 2897436|cpu 263] [warning] replicating prompt of length 4772
[15:32:36.588377996|thread 2897436|cpu 263] [warning] replicating prompt of length 5965
[15:32:36.588378877|thread 2897436|cpu 263] [warning] replicating prompt of length 7158
[15:32:36.588379718|thread 2897436|cpu 263] [warning] replicating prompt of length 1359
[15:32:36.588380747|thread 2897436|cpu 263] [warning] replicating prompt of length 2718
[15:32:36.588381545|thread 2897436|cpu 263] [warning] replicating prompt of length 4077
[15:32:36.588382248|thread 2897436|cpu 263] [warning] replicating prompt of length 5436
[15:32:36.588384561|thread 2897436|cpu 263] [warning] replicating prompt of length 6795
[15:32:36.588385408|thread 2897436|cpu 263] [warning] replicating prompt of length 8154
[15:32:36.588386084|thread 2897436|cpu 263] [warning] replicating prompt of length 1300
[15:32:36.588387075|thread 2897436|cpu 263] [warning] replicating prompt of length 2600
[15:32:36.588387873|thread 2897436|cpu 263] [warning] replicating prompt of length 3900
[15:32:36.588388587|thread 2897436|cpu 263] [warning] replicating prompt of length 5200
[15:32:36.588391043|thread 2897436|cpu 263] [warning] replicating prompt of length 6500
[15:32:36.588391986|thread 2897436|cpu 263] [warning] replicating prompt of length 7800
[15:32:36.588392668|thread 2897436|cpu 263] [warning] replicating prompt of length 5028
[15:32:36.588395585|thread 2897436|cpu 263] [warning] replicating prompt of length 2126
[15:32:36.588396727|thread 2897436|cpu 263] [warning] replicating prompt of length 4252
[15:32:36.588405970|thread 2897436|cpu 263] [warning] replicating prompt of length 6378
[15:32:36.588407416|thread 2897436|cpu 263] [warning] replicating prompt of length 945
[15:32:36.588408496|thread 2897436|cpu 263] [warning] replicating prompt of length 1890
[15:32:36.588409268|thread 2897436|cpu 263] [warning] replicating prompt of length 2835
[15:32:36.588409972|thread 2897436|cpu 263] [warning] replicating prompt of length 3780
[15:32:36.588410978|thread 2897436|cpu 263] [warning] replicating prompt of length 4725
[15:32:36.588411671|thread 2897436|cpu 263] [warning] replicating prompt of length 5670
[15:32:36.588412354|thread 2897436|cpu 263] [warning] replicating prompt of length 6615
[15:32:36.588413025|thread 2897436|cpu 263] [warning] replicating prompt of length 7560
[15:32:36.588415956|thread 2897436|cpu 263] [warning] replicating prompt of length 1250
[15:32:36.588416959|thread 2897436|cpu 263] [warning] replicating prompt of length 2500
[15:32:36.588417730|thread 2897436|cpu 263] [warning] replicating prompt of length 3750
[15:32:36.588418428|thread 2897436|cpu 263] [warning] replicating prompt of length 5000
[15:32:36.588420668|thread 2897436|cpu 263] [warning] replicating prompt of length 6250
[15:32:36.588421759|thread 2897436|cpu 263] [warning] replicating prompt of length 7500
[15:32:36.588422798|thread 2897436|cpu 263] [warning] replicating prompt of length 2490
[15:32:36.588424051|thread 2897436|cpu 263] [warning] replicating prompt of length 4980
[15:32:36.588426574|thread 2897436|cpu 263] [warning] replicating prompt of length 7470
[15:32:36.588427676|thread 2897436|cpu 263] [warning] replicating prompt of length 1064
[15:32:36.588428623|thread 2897436|cpu 263] [warning] replicating prompt of length 2128
[15:32:36.588429358|thread 2897436|cpu 263] [warning] replicating prompt of length 3192
[15:32:36.588430031|thread 2897436|cpu 263] [warning] replicating prompt of length 4256
[15:32:36.588432202|thread 2897436|cpu 263] [warning] replicating prompt of length 5320
[15:32:36.588433045|thread 2897436|cpu 263] [warning] replicating prompt of length 6384
[15:32:36.588433827|thread 2897436|cpu 263] [warning] replicating prompt of length 7448
[15:32:36.588434554|thread 2897436|cpu 263] [warning] replicating prompt of length 1709
[15:32:36.588436159|thread 2897436|cpu 263] [warning] replicating prompt of length 3418
[15:32:36.588437314|thread 2897436|cpu 263] [warning] replicating prompt of length 5127
[15:32:36.588438137|thread 2897436|cpu 263] [warning] replicating prompt of length 6836
[15:32:36.588440415|thread 2897436|cpu 263] [warning] replicating prompt of length 7873
[15:32:36.588443611|thread 2897436|cpu 263] [warning] replicating prompt of length 3255
[15:32:36.588445016|thread 2897436|cpu 263] [warning] replicating prompt of length 6510
[15:32:36.588448062|thread 2897436|cpu 263] [warning] replicating prompt of length 2073
[15:32:36.588449178|thread 2897436|cpu 263] [warning] replicating prompt of length 4146
[15:32:36.588451631|thread 2897436|cpu 263] [warning] replicating prompt of length 6219
[15:32:36.588452608|thread 2897436|cpu 263] [warning] replicating prompt of length 1749
[15:32:36.588453671|thread 2897436|cpu 263] [warning] replicating prompt of length 3498
[15:32:36.588454547|thread 2897436|cpu 263] [warning] replicating prompt of length 5247
[15:32:36.588455368|thread 2897436|cpu 263] [warning] replicating prompt of length 6996
[15:32:36.588456923|thread 2897436|cpu 263] [warning] replicating prompt of length 1243
[15:32:36.588457921|thread 2897436|cpu 263] [warning] replicating prompt of length 2486
[15:32:36.588464340|thread 2897436|cpu 263] [warning] replicating prompt of length 3729
[15:32:36.588465411|thread 2897436|cpu 263] [warning] replicating prompt of length 4972
[15:32:36.588467607|thread 2897436|cpu 263] [warning] replicating prompt of length 6215
[15:32:36.588468443|thread 2897436|cpu 263] [warning] replicating prompt of length 7458
[15:32:36.588469219|thread 2897436|cpu 263] [warning] replicating prompt of length 1628
[15:32:36.588473323|thread 2897436|cpu 263] [warning] replicating prompt of length 3256
[15:32:36.588474233|thread 2897436|cpu 263] [warning] replicating prompt of length 4884
[15:32:36.588474983|thread 2897436|cpu 263] [warning] replicating prompt of length 6512
[15:32:36.588477340|thread 2897436|cpu 263] [warning] replicating prompt of length 8140
[15:32:36.588478065|thread 2897436|cpu 263] [warning] replicating prompt of length 2390
[15:32:36.588479203|thread 2897436|cpu 263] [warning] replicating prompt of length 4780
[15:32:36.588481447|thread 2897436|cpu 263] [warning] replicating prompt of length 7170
[15:32:36.588482301|thread 2897436|cpu 263] [warning] replicating prompt of length 557
[15:32:36.588483229|thread 2897436|cpu 263] [warning] replicating prompt of length 1114
[15:32:36.588483941|thread 2897436|cpu 263] [warning] replicating prompt of length 1671
[15:32:36.588484604|thread 2897436|cpu 263] [warning] replicating prompt of length 2228
[15:32:36.588485332|thread 2897436|cpu 263] [warning] replicating prompt of length 2785
[15:32:36.588485983|thread 2897436|cpu 263] [warning] replicating prompt of length 3342
[15:32:36.588486630|thread 2897436|cpu 263] [warning] replicating prompt of length 3899
[15:32:36.588487293|thread 2897436|cpu 263] [warning] replicating prompt of length 4456
[15:32:36.588489666|thread 2897436|cpu 263] [warning] replicating prompt of length 5013
[15:32:36.588490403|thread 2897436|cpu 263] [warning] replicating prompt of length 5570
[15:32:36.588491154|thread 2897436|cpu 263] [warning] replicating prompt of length 6127
[15:32:36.588491821|thread 2897436|cpu 263] [warning] replicating prompt of length 6684
[15:32:36.588492571|thread 2897436|cpu 263] [warning] replicating prompt of length 7241
[15:32:36.588493249|thread 2897436|cpu 263] [warning] replicating prompt of length 7798
[15:32:36.588493934|thread 2897436|cpu 263] [warning] replicating prompt of length 2355
[15:32:36.588495154|thread 2897436|cpu 263] [warning] replicating prompt of length 4710
[15:32:36.588497349|thread 2897436|cpu 263] [warning] replicating prompt of length 7065
[15:32:36.588498163|thread 2897436|cpu 263] [warning] replicating prompt of length 410
[15:32:36.588499338|thread 2897436|cpu 263] [warning] replicating prompt of length 820
[15:32:36.588500110|thread 2897436|cpu 263] [warning] replicating prompt of length 1230
[15:32:36.588500759|thread 2897436|cpu 263] [warning] replicating prompt of length 1640
[15:32:36.588501524|thread 2897436|cpu 263] [warning] replicating prompt of length 2050
[15:32:36.588502164|thread 2897436|cpu 263] [warning] replicating prompt of length 2460
[15:32:36.588502810|thread 2897436|cpu 263] [warning] replicating prompt of length 2870
[15:32:36.588503478|thread 2897436|cpu 263] [warning] replicating prompt of length 3280
[15:32:36.588504348|thread 2897436|cpu 263] [warning] replicating prompt of length 3690
[15:32:36.588504991|thread 2897436|cpu 263] [warning] replicating prompt of length 4100
[15:32:36.588505627|thread 2897436|cpu 263] [warning] replicating prompt of length 4510
[15:32:36.588506263|thread 2897436|cpu 263] [warning] replicating prompt of length 4920
[15:32:36.588506898|thread 2897436|cpu 263] [warning] replicating prompt of length 5330
[15:32:36.588507531|thread 2897436|cpu 263] [warning] replicating prompt of length 5740
[15:32:36.588508158|thread 2897436|cpu 263] [warning] replicating prompt of length 6150
[15:32:36.588509086|thread 2897436|cpu 263] [warning] replicating prompt of length 6560
[15:32:36.588511641|thread 2897436|cpu 263] [warning] replicating prompt of length 6970
[15:32:36.588512423|thread 2897436|cpu 263] [warning] replicating prompt of length 7380
[15:32:36.588513076|thread 2897436|cpu 263] [warning] replicating prompt of length 7790
[15:32:36.588513730|thread 2897436|cpu 263] [warning] replicating prompt of length 1722
[15:32:36.588514755|thread 2897436|cpu 263] [warning] replicating prompt of length 3444
[15:32:36.588515595|thread 2897436|cpu 263] [warning] replicating prompt of length 5166
[15:32:36.588516343|thread 2897436|cpu 263] [warning] replicating prompt of length 6888
[15:32:36.588519517|thread 2897436|cpu 263] [warning] replicating prompt of length 2378
[15:32:36.588520746|thread 2897436|cpu 263] [warning] replicating prompt of length 4756
[15:32:36.588522909|thread 2897436|cpu 263] [warning] replicating prompt of length 7134
[15:32:36.588523777|thread 2897436|cpu 263] [warning] replicating prompt of length 1980
[15:32:36.588524962|thread 2897436|cpu 263] [warning] replicating prompt of length 3960
[15:32:36.588525855|thread 2897436|cpu 263] [warning] replicating prompt of length 5940
[15:32:36.588526689|thread 2897436|cpu 263] [warning] replicating prompt of length 7920
[15:32:36.588529233|thread 2897436|cpu 263] [warning] replicating prompt of length 1756
[15:32:36.588530347|thread 2897436|cpu 263] [warning] replicating prompt of length 3512
[15:32:36.588531221|thread 2897436|cpu 263] [warning] replicating prompt of length 5268
[15:32:36.588531980|thread 2897436|cpu 263] [warning] replicating prompt of length 7024
[15:32:36.588533649|thread 2897436|cpu 263] [warning] replicating prompt of length 411
[15:32:36.588534436|thread 2897436|cpu 263] [warning] replicating prompt of length 822
[15:32:36.588535144|thread 2897436|cpu 263] [warning] replicating prompt of length 1233
[15:32:36.588535813|thread 2897436|cpu 263] [warning] replicating prompt of length 1644
[15:32:36.588536575|thread 2897436|cpu 263] [warning] replicating prompt of length 2055
[15:32:36.588537236|thread 2897436|cpu 263] [warning] replicating prompt of length 2466
[15:32:36.588537895|thread 2897436|cpu 263] [warning] replicating prompt of length 2877
[15:32:36.588538560|thread 2897436|cpu 263] [warning] replicating prompt of length 3288
[15:32:36.588539352|thread 2897436|cpu 263] [warning] replicating prompt of length 3699
[15:32:36.588540001|thread 2897436|cpu 263] [warning] replicating prompt of length 4110
[15:32:36.588540647|thread 2897436|cpu 263] [warning] replicating prompt of length 4521
[15:32:36.588541280|thread 2897436|cpu 263] [warning] replicating prompt of length 4932
[15:32:36.588541924|thread 2897436|cpu 263] [warning] replicating prompt of length 5343
[15:32:36.588542556|thread 2897436|cpu 263] [warning] replicating prompt of length 5754
[15:32:36.588543181|thread 2897436|cpu 263] [warning] replicating prompt of length 6165
[15:32:36.588543822|thread 2897436|cpu 263] [warning] replicating prompt of length 6576
[15:32:36.588546248|thread 2897436|cpu 263] [warning] replicating prompt of length 6987
[15:32:36.588547011|thread 2897436|cpu 263] [warning] replicating prompt of length 7398
[15:32:36.588547658|thread 2897436|cpu 263] [warning] replicating prompt of length 7809
[15:32:36.588548334|thread 2897436|cpu 263] [warning] replicating prompt of length 1269
[15:32:36.588549287|thread 2897436|cpu 263] [warning] replicating prompt of length 2538
[15:32:36.588550071|thread 2897436|cpu 263] [warning] replicating prompt of length 3807
[15:32:36.588550819|thread 2897436|cpu 263] [warning] replicating prompt of length 5076
[15:32:36.588552877|thread 2897436|cpu 263] [warning] replicating prompt of length 6345
[15:32:36.588553785|thread 2897436|cpu 263] [warning] replicating prompt of length 7614
[15:32:36.588554480|thread 2897436|cpu 263] [warning] replicating prompt of length 2285
[15:32:36.588555668|thread 2897436|cpu 263] [warning] replicating prompt of length 4570
[15:32:36.588558331|thread 2897436|cpu 263] [warning] replicating prompt of length 6855
[15:32:36.588559228|thread 2897436|cpu 263] [warning] replicating prompt of length 435
[15:32:36.588560016|thread 2897436|cpu 263] [warning] replicating prompt of length 870
[15:32:36.588560753|thread 2897436|cpu 263] [warning] replicating prompt of length 1305
[15:32:36.588563720|thread 2897436|cpu 263] [warning] replicating prompt of length 1740
[15:32:36.588564539|thread 2897436|cpu 263] [warning] replicating prompt of length 2175
[15:32:36.588565196|thread 2897436|cpu 263] [warning] replicating prompt of length 2610
[15:32:36.588565828|thread 2897436|cpu 263] [warning] replicating prompt of length 3045
[15:32:36.588566462|thread 2897436|cpu 263] [warning] replicating prompt of length 3480
[15:32:36.588568020|thread 2897436|cpu 263] [warning] replicating prompt of length 3915
[15:32:36.588568691|thread 2897436|cpu 263] [warning] replicating prompt of length 4350
[15:32:36.588569324|thread 2897436|cpu 263] [warning] replicating prompt of length 4785
[15:32:36.588569956|thread 2897436|cpu 263] [warning] replicating prompt of length 5220
[15:32:36.588570596|thread 2897436|cpu 263] [warning] replicating prompt of length 5655
[15:32:36.588571236|thread 2897436|cpu 263] [warning] replicating prompt of length 6090
[15:32:36.588571871|thread 2897436|cpu 263] [warning] replicating prompt of length 6525
[15:32:36.588572500|thread 2897436|cpu 263] [warning] replicating prompt of length 6960
[15:32:36.588574695|thread 2897436|cpu 263] [warning] replicating prompt of length 7395
[15:32:36.588575428|thread 2897436|cpu 263] [warning] replicating prompt of length 7830
[15:32:36.588576306|thread 2897436|cpu 263] [warning] replicating prompt of length 386
[15:32:36.588577050|thread 2897436|cpu 263] [warning] replicating prompt of length 772
[15:32:36.588577774|thread 2897436|cpu 263] [warning] replicating prompt of length 1158
[15:32:36.588578417|thread 2897436|cpu 263] [warning] replicating prompt of length 1544
[15:32:36.588579229|thread 2897436|cpu 263] [warning] replicating prompt of length 1930
[15:32:36.588579864|thread 2897436|cpu 263] [warning] replicating prompt of length 2316
[15:32:36.588580497|thread 2897436|cpu 263] [warning] replicating prompt of length 2702
[15:32:36.588581125|thread 2897436|cpu 263] [warning] replicating prompt of length 3088
[15:32:36.588581945|thread 2897436|cpu 263] [warning] replicating prompt of length 3474
[15:32:36.588582608|thread 2897436|cpu 263] [warning] replicating prompt of length 3860
[15:32:36.588583245|thread 2897436|cpu 263] [warning] replicating prompt of length 4246
[15:32:36.588583863|thread 2897436|cpu 263] [warning] replicating prompt of length 4632
[15:32:36.588584489|thread 2897436|cpu 263] [warning] replicating prompt of length 5018
[15:32:36.588585123|thread 2897436|cpu 263] [warning] replicating prompt of length 5404
[15:32:36.588585749|thread 2897436|cpu 263] [warning] replicating prompt of length 5790
[15:32:36.588586417|thread 2897436|cpu 263] [warning] replicating prompt of length 6176
[15:32:36.588588808|thread 2897436|cpu 263] [warning] replicating prompt of length 6562
[15:32:36.588589589|thread 2897436|cpu 263] [warning] replicating prompt of length 6948
[15:32:36.588590274|thread 2897436|cpu 263] [warning] replicating prompt of length 7334
[15:32:36.588590909|thread 2897436|cpu 263] [warning] replicating prompt of length 7720
[15:32:36.588591552|thread 2897436|cpu 263] [warning] replicating prompt of length 8106
[15:32:36.588592252|thread 2897436|cpu 263] [warning] replicating prompt of length 1071
[15:32:36.588593200|thread 2897436|cpu 263] [warning] replicating prompt of length 2142
[15:32:36.588593986|thread 2897436|cpu 263] [warning] replicating prompt of length 3213
[15:32:36.588594649|thread 2897436|cpu 263] [warning] replicating prompt of length 4284
[15:32:36.588597004|thread 2897436|cpu 263] [warning] replicating prompt of length 5355
[15:32:36.588597868|thread 2897436|cpu 263] [warning] replicating prompt of length 6426
[15:32:36.588598630|thread 2897436|cpu 263] [warning] replicating prompt of length 7497
[15:32:36.588599354|thread 2897436|cpu 263] [warning] replicating prompt of length 143
[15:32:36.588600326|thread 2897436|cpu 263] [warning] replicating prompt of length 286
[15:32:36.588601036|thread 2897436|cpu 263] [warning] replicating prompt of length 429
[15:32:36.588601683|thread 2897436|cpu 263] [warning] replicating prompt of length 572
[15:32:36.588602389|thread 2897436|cpu 263] [warning] replicating prompt of length 715
[15:32:36.588603039|thread 2897436|cpu 263] [warning] replicating prompt of length 858
[15:32:36.588603706|thread 2897436|cpu 263] [warning] replicating prompt of length 1001
[15:32:36.588604369|thread 2897436|cpu 263] [warning] replicating prompt of length 1144
[15:32:36.588605792|thread 2897436|cpu 263] [warning] replicating prompt of length 1287
[15:32:36.588606439|thread 2897436|cpu 263] [warning] replicating prompt of length 1430
[15:32:36.588607063|thread 2897436|cpu 263] [warning] replicating prompt of length 1573
[15:32:36.588607691|thread 2897436|cpu 263] [warning] replicating prompt of length 1716
[15:32:36.588608317|thread 2897436|cpu 263] [warning] replicating prompt of length 1859
[15:32:36.588608934|thread 2897436|cpu 263] [warning] replicating prompt of length 2002
[15:32:36.588609560|thread 2897436|cpu 263] [warning] replicating prompt of length 2145
[15:32:36.588610186|thread 2897436|cpu 263] [warning] replicating prompt of length 2288
[15:32:36.588610941|thread 2897436|cpu 263] [warning] replicating prompt of length 2431
[15:32:36.588611569|thread 2897436|cpu 263] [warning] replicating prompt of length 2574
[15:32:36.588612197|thread 2897436|cpu 263] [warning] replicating prompt of length 2717
[15:32:36.588612831|thread 2897436|cpu 263] [warning] replicating prompt of length 2860
[15:32:36.588613454|thread 2897436|cpu 263] [warning] replicating prompt of length 3003
[15:32:36.588614073|thread 2897436|cpu 263] [warning] replicating prompt of length 3146
[15:32:36.588614693|thread 2897436|cpu 263] [warning] replicating prompt of length 3289
[15:32:36.588615319|thread 2897436|cpu 263] [warning] replicating prompt of length 3432
[15:32:36.588615958|thread 2897436|cpu 263] [warning] replicating prompt of length 3575
[15:32:36.588616592|thread 2897436|cpu 263] [warning] replicating prompt of length 3718
[15:32:36.588617216|thread 2897436|cpu 263] [warning] replicating prompt of length 3861
[15:32:36.588617846|thread 2897436|cpu 263] [warning] replicating prompt of length 4004
[15:32:36.588618473|thread 2897436|cpu 263] [warning] replicating prompt of length 4147
[15:32:36.588619121|thread 2897436|cpu 263] [warning] replicating prompt of length 4290
[15:32:36.588619763|thread 2897436|cpu 263] [warning] replicating prompt of length 4433
[15:32:36.588620398|thread 2897436|cpu 263] [warning] replicating prompt of length 4576
[15:32:36.588622591|thread 2897436|cpu 263] [warning] replicating prompt of length 4719
[15:32:36.588623351|thread 2897436|cpu 263] [warning] replicating prompt of length 4862
[15:32:36.588623985|thread 2897436|cpu 263] [warning] replicating prompt of length 5005
[15:32:36.588624614|thread 2897436|cpu 263] [warning] replicating prompt of length 5148
[15:32:36.588625256|thread 2897436|cpu 263] [warning] replicating prompt of length 5291
[15:32:36.588625886|thread 2897436|cpu 263] [warning] replicating prompt of length 5434
[15:32:36.588626513|thread 2897436|cpu 263] [warning] replicating prompt of length 5577
[15:32:36.588627143|thread 2897436|cpu 263] [warning] replicating prompt of length 5720
[15:32:36.588627786|thread 2897436|cpu 263] [warning] replicating prompt of length 5863
[15:32:36.588628408|thread 2897436|cpu 263] [warning] replicating prompt of length 6006
[15:32:36.588629036|thread 2897436|cpu 263] [warning] replicating prompt of length 6149
[15:32:36.588629668|thread 2897436|cpu 263] [warning] replicating prompt of length 6292
[15:32:36.588630309|thread 2897436|cpu 263] [warning] replicating prompt of length 6435
[15:32:36.588630934|thread 2897436|cpu 263] [warning] replicating prompt of length 6578
[15:32:36.588631559|thread 2897436|cpu 263] [warning] replicating prompt of length 6721
[15:32:36.588632216|thread 2897436|cpu 263] [warning] replicating prompt of length 6864
[15:32:36.588632882|thread 2897436|cpu 263] [warning] replicating prompt of length 7007
[15:32:36.588633498|thread 2897436|cpu 263] [warning] replicating prompt of length 7150
[15:32:36.588636458|thread 2897436|cpu 263] [warning] replicating prompt of length 7293
[15:32:36.588637106|thread 2897436|cpu 263] [warning] replicating prompt of length 7436
[15:32:36.588637732|thread 2897436|cpu 263] [warning] replicating prompt of length 7579
[15:32:36.588638358|thread 2897436|cpu 263] [warning] replicating prompt of length 7722
[15:32:36.588639055|thread 2897436|cpu 263] [warning] replicating prompt of length 7865
[15:32:36.588640433|thread 2897436|cpu 263] [warning] replicating prompt of length 8008
[15:32:36.588641066|thread 2897436|cpu 263] [warning] replicating prompt of length 8151
[15:32:36.588641758|thread 2897436|cpu 263] [warning] replicating prompt of length 99
[15:32:36.588642626|thread 2897436|cpu 263] [warning] replicating prompt of length 198
[15:32:36.588643393|thread 2897436|cpu 263] [warning] replicating prompt of length 297
[15:32:36.588644067|thread 2897436|cpu 263] [warning] replicating prompt of length 396
[15:32:36.588644754|thread 2897436|cpu 263] [warning] replicating prompt of length 495
[15:32:36.588645397|thread 2897436|cpu 263] [warning] replicating prompt of length 594
[15:32:36.588646049|thread 2897436|cpu 263] [warning] replicating prompt of length 693
[15:32:36.588646673|thread 2897436|cpu 263] [warning] replicating prompt of length 792
[15:32:36.588647382|thread 2897436|cpu 263] [warning] replicating prompt of length 891
[15:32:36.588648008|thread 2897436|cpu 263] [warning] replicating prompt of length 990
[15:32:36.588648651|thread 2897436|cpu 263] [warning] replicating prompt of length 1089
[15:32:36.588649345|thread 2897436|cpu 263] [warning] replicating prompt of length 1188
[15:32:36.588649985|thread 2897436|cpu 263] [warning] replicating prompt of length 1287
[15:32:36.588650630|thread 2897436|cpu 263] [warning] replicating prompt of length 1386
[15:32:36.588651258|thread 2897436|cpu 263] [warning] replicating prompt of length 1485
[15:32:36.588651887|thread 2897436|cpu 263] [warning] replicating prompt of length 1584
[15:32:36.588652625|thread 2897436|cpu 263] [warning] replicating prompt of length 1683
[15:32:36.588653255|thread 2897436|cpu 263] [warning] replicating prompt of length 1782
[15:32:36.588653890|thread 2897436|cpu 263] [warning] replicating prompt of length 1881
[15:32:36.588654515|thread 2897436|cpu 263] [warning] replicating prompt of length 1980
[15:32:36.588655138|thread 2897436|cpu 263] [warning] replicating prompt of length 2079
[15:32:36.588655772|thread 2897436|cpu 263] [warning] replicating prompt of length 2178
[15:32:36.588656394|thread 2897436|cpu 263] [warning] replicating prompt of length 2277
[15:32:36.588657017|thread 2897436|cpu 263] [warning] replicating prompt of length 2376
[15:32:36.588657644|thread 2897436|cpu 263] [warning] replicating prompt of length 2475
[15:32:36.588658267|thread 2897436|cpu 263] [warning] replicating prompt of length 2574
[15:32:36.588658895|thread 2897436|cpu 263] [warning] replicating prompt of length 2673
[15:32:36.588659545|thread 2897436|cpu 263] [warning] replicating prompt of length 2772
[15:32:36.588660175|thread 2897436|cpu 263] [warning] replicating prompt of length 2871
[15:32:36.588660799|thread 2897436|cpu 263] [warning] replicating prompt of length 2970
[15:32:36.588661416|thread 2897436|cpu 263] [warning] replicating prompt of length 3069
[15:32:36.588662064|thread 2897436|cpu 263] [warning] replicating prompt of length 3168
[15:32:36.588663006|thread 2897436|cpu 263] [warning] replicating prompt of length 3267
[15:32:36.588663638|thread 2897436|cpu 263] [warning] replicating prompt of length 3366
[15:32:36.588664255|thread 2897436|cpu 263] [warning] replicating prompt of length 3465
[15:32:36.588664878|thread 2897436|cpu 263] [warning] replicating prompt of length 3564
[15:32:36.588665506|thread 2897436|cpu 263] [warning] replicating prompt of length 3663
[15:32:36.588666128|thread 2897436|cpu 263] [warning] replicating prompt of length 3762
[15:32:36.588666783|thread 2897436|cpu 263] [warning] replicating prompt of length 3861
[15:32:36.588667407|thread 2897436|cpu 263] [warning] replicating prompt of length 3960
[15:32:36.588668033|thread 2897436|cpu 263] [warning] replicating prompt of length 4059
[15:32:36.588668651|thread 2897436|cpu 263] [warning] replicating prompt of length 4158
[15:32:36.588669274|thread 2897436|cpu 263] [warning] replicating prompt of length 4257
[15:32:36.588669895|thread 2897436|cpu 263] [warning] replicating prompt of length 4356
[15:32:36.588671231|thread 2897436|cpu 263] [warning] replicating prompt of length 4455
[15:32:36.588671866|thread 2897436|cpu 263] [warning] replicating prompt of length 4554
[15:32:36.588672482|thread 2897436|cpu 263] [warning] replicating prompt of length 4653
[15:32:36.588673098|thread 2897436|cpu 263] [warning] replicating prompt of length 4752
[15:32:36.588673714|thread 2897436|cpu 263] [warning] replicating prompt of length 4851
[15:32:36.588674338|thread 2897436|cpu 263] [warning] replicating prompt of length 4950
[15:32:36.588674972|thread 2897436|cpu 263] [warning] replicating prompt of length 5049
[15:32:36.588675613|thread 2897436|cpu 263] [warning] replicating prompt of length 5148
[15:32:36.588676236|thread 2897436|cpu 263] [warning] replicating prompt of length 5247
[15:32:36.588676886|thread 2897436|cpu 263] [warning] replicating prompt of length 5346
[15:32:36.588677510|thread 2897436|cpu 263] [warning] replicating prompt of length 5445
[15:32:36.588678147|thread 2897436|cpu 263] [warning] replicating prompt of length 5544
[15:32:36.588678772|thread 2897436|cpu 263] [warning] replicating prompt of length 5643
[15:32:36.588679409|thread 2897436|cpu 263] [warning] replicating prompt of length 5742
[15:32:36.588680029|thread 2897436|cpu 263] [warning] replicating prompt of length 5841
[15:32:36.588680668|thread 2897436|cpu 263] [warning] replicating prompt of length 5940
[15:32:36.588681328|thread 2897436|cpu 263] [warning] replicating prompt of length 6039
[15:32:36.588681949|thread 2897436|cpu 263] [warning] replicating prompt of length 6138
[15:32:36.588682567|thread 2897436|cpu 263] [warning] replicating prompt of length 6237
[15:32:36.588683193|thread 2897436|cpu 263] [warning] replicating prompt of length 6336
[15:32:36.588685624|thread 2897436|cpu 263] [warning] replicating prompt of length 6435
[15:32:36.588686328|thread 2897436|cpu 263] [warning] replicating prompt of length 6534
[15:32:36.588686954|thread 2897436|cpu 263] [warning] replicating prompt of length 6633
[15:32:36.588687590|thread 2897436|cpu 263] [warning] replicating prompt of length 6732
[15:32:36.588688242|thread 2897436|cpu 263] [warning] replicating prompt of length 6831
[15:32:36.588688865|thread 2897436|cpu 263] [warning] replicating prompt of length 6930
[15:32:36.588689522|thread 2897436|cpu 263] [warning] replicating prompt of length 7029
[15:32:36.588690150|thread 2897436|cpu 263] [warning] replicating prompt of length 7128
[15:32:36.588690772|thread 2897436|cpu 263] [warning] replicating prompt of length 7227
[15:32:36.588691396|thread 2897436|cpu 263] [warning] replicating prompt of length 7326
[15:32:36.588692037|thread 2897436|cpu 263] [warning] replicating prompt of length 7425
[15:32:36.588692668|thread 2897436|cpu 263] [warning] replicating prompt of length 7524
[15:32:36.588693296|thread 2897436|cpu 263] [warning] replicating prompt of length 7623
[15:32:36.588693920|thread 2897436|cpu 263] [warning] replicating prompt of length 7722
[15:32:36.588694550|thread 2897436|cpu 263] [warning] replicating prompt of length 7821
[15:32:36.588695181|thread 2897436|cpu 263] [warning] replicating prompt of length 7920
[15:32:36.588695854|thread 2897436|cpu 263] [warning] replicating prompt of length 8019
[15:32:36.588696497|thread 2897436|cpu 263] [warning] replicating prompt of length 8118
[15:32:36.588697155|thread 2897436|cpu 263] [warning] replicating prompt of length 310
[15:32:36.588697988|thread 2897436|cpu 263] [warning] replicating prompt of length 620
[15:32:36.588698728|thread 2897436|cpu 263] [warning] replicating prompt of length 930
[15:32:36.588699402|thread 2897436|cpu 263] [warning] replicating prompt of length 1240
[15:32:36.588702204|thread 2897436|cpu 263] [warning] replicating prompt of length 1550
[15:32:36.588702922|thread 2897436|cpu 263] [warning] replicating prompt of length 1860
[15:32:36.588703565|thread 2897436|cpu 263] [warning] replicating prompt of length 2170
[15:32:36.588704201|thread 2897436|cpu 263] [warning] replicating prompt of length 2480
[15:32:36.588704963|thread 2897436|cpu 263] [warning] replicating prompt of length 2790
[15:32:36.588706422|thread 2897436|cpu 263] [warning] replicating prompt of length 3100
[15:32:36.588707078|thread 2897436|cpu 263] [warning] replicating prompt of length 3410
[15:32:36.588707701|thread 2897436|cpu 263] [warning] replicating prompt of length 3720
[15:32:36.588708339|thread 2897436|cpu 263] [warning] replicating prompt of length 4030
[15:32:36.588708965|thread 2897436|cpu 263] [warning] replicating prompt of length 4340
[15:32:36.588709604|thread 2897436|cpu 263] [warning] replicating prompt of length 4650
[15:32:36.588710236|thread 2897436|cpu 263] [warning] replicating prompt of length 4960
[15:32:36.588712357|thread 2897436|cpu 263] [warning] replicating prompt of length 5270
[15:32:36.588713143|thread 2897436|cpu 263] [warning] replicating prompt of length 5580
[15:32:36.588713808|thread 2897436|cpu 263] [warning] replicating prompt of length 5890
[15:32:36.588714451|thread 2897436|cpu 263] [warning] replicating prompt of length 6200
[15:32:36.588715099|thread 2897436|cpu 263] [warning] replicating prompt of length 6510
[15:32:36.588715781|thread 2897436|cpu 263] [warning] replicating prompt of length 6820
[15:32:36.588716463|thread 2897436|cpu 263] [warning] replicating prompt of length 7130
[15:32:36.588717094|thread 2897436|cpu 263] [warning] replicating prompt of length 7440
[15:32:36.588717759|thread 2897436|cpu 263] [warning] replicating prompt of length 7750
[15:32:36.588718420|thread 2897436|cpu 263] [warning] replicating prompt of length 8060
[15:32:36.588719079|thread 2897436|cpu 263] [warning] replicating prompt of length 167
[15:32:36.588719953|thread 2897436|cpu 263] [warning] replicating prompt of length 334
[15:32:36.588720725|thread 2897436|cpu 263] [warning] replicating prompt of length 501
[15:32:36.588721417|thread 2897436|cpu 263] [warning] replicating prompt of length 668
[15:32:36.588722225|thread 2897436|cpu 263] [warning] replicating prompt of length 835
[15:32:36.588722890|thread 2897436|cpu 263] [warning] replicating prompt of length 1002
[15:32:36.588723541|thread 2897436|cpu 263] [warning] replicating prompt of length 1169
[15:32:36.588724174|thread 2897436|cpu 263] [warning] replicating prompt of length 1336
[15:32:36.588724922|thread 2897436|cpu 263] [warning] replicating prompt of length 1503
[15:32:36.588725570|thread 2897436|cpu 263] [warning] replicating prompt of length 1670
[15:32:36.588726225|thread 2897436|cpu 263] [warning] replicating prompt of length 1837
[15:32:36.588726855|thread 2897436|cpu 263] [warning] replicating prompt of length 2004
[15:32:36.588727491|thread 2897436|cpu 263] [warning] replicating prompt of length 2171
[15:32:36.588728108|thread 2897436|cpu 263] [warning] replicating prompt of length 2338
[15:32:36.588728737|thread 2897436|cpu 263] [warning] replicating prompt of length 2505
[15:32:36.588729395|thread 2897436|cpu 263] [warning] replicating prompt of length 2672
[15:32:36.588730291|thread 2897436|cpu 263] [warning] replicating prompt of length 2839
[15:32:36.588730931|thread 2897436|cpu 263] [warning] replicating prompt of length 3006
[15:32:36.588731563|thread 2897436|cpu 263] [warning] replicating prompt of length 3173
[15:32:36.588732188|thread 2897436|cpu 263] [warning] replicating prompt of length 3340
[15:32:36.588732820|thread 2897436|cpu 263] [warning] replicating prompt of length 3507
[15:32:36.588733470|thread 2897436|cpu 263] [warning] replicating prompt of length 3674
[15:32:36.588734130|thread 2897436|cpu 263] [warning] replicating prompt of length 3841
[15:32:36.588734771|thread 2897436|cpu 263] [warning] replicating prompt of length 4008
[15:32:36.588735396|thread 2897436|cpu 263] [warning] replicating prompt of length 4175
[15:32:36.588736021|thread 2897436|cpu 263] [warning] replicating prompt of length 4342
[15:32:36.588736647|thread 2897436|cpu 263] [warning] replicating prompt of length 4509
[15:32:36.588737286|thread 2897436|cpu 263] [warning] replicating prompt of length 4676
[15:32:36.588737908|thread 2897436|cpu 263] [warning] replicating prompt of length 4843
[15:32:36.588738560|thread 2897436|cpu 263] [warning] replicating prompt of length 5010
[15:32:36.588740034|thread 2897436|cpu 263] [warning] replicating prompt of length 5177
[15:32:36.588740684|thread 2897436|cpu 263] [warning] replicating prompt of length 5344
[15:32:36.588742756|thread 2897436|cpu 263] [warning] replicating prompt of length 5511
[15:32:36.588743418|thread 2897436|cpu 263] [warning] replicating prompt of length 5678
[15:32:36.588744041|thread 2897436|cpu 263] [warning] replicating prompt of length 5845
[15:32:36.588744666|thread 2897436|cpu 263] [warning] replicating prompt of length 6012
[15:32:36.588745291|thread 2897436|cpu 263] [warning] replicating prompt of length 6179
[15:32:36.588745927|thread 2897436|cpu 263] [warning] replicating prompt of length 6346
[15:32:36.588746606|thread 2897436|cpu 263] [warning] replicating prompt of length 6513
[15:32:36.588747240|thread 2897436|cpu 263] [warning] replicating prompt of length 6680
[15:32:36.588747859|thread 2897436|cpu 263] [warning] replicating prompt of length 6847
[15:32:36.588748483|thread 2897436|cpu 263] [warning] replicating prompt of length 7014
[15:32:36.588749111|thread 2897436|cpu 263] [warning] replicating prompt of length 7181
[15:32:36.588749763|thread 2897436|cpu 263] [warning] replicating prompt of length 7348
[15:32:36.588750388|thread 2897436|cpu 263] [warning] replicating prompt of length 7515
[15:32:36.588751060|thread 2897436|cpu 263] [warning] replicating prompt of length 7682
[15:32:36.588751683|thread 2897436|cpu 263] [warning] replicating prompt of length 7849
[15:32:36.588752305|thread 2897436|cpu 263] [warning] replicating prompt of length 8016
[15:32:36.588752928|thread 2897436|cpu 263] [warning] replicating prompt of length 8183
[15:32:36.588753587|thread 2897436|cpu 263] [warning] replicating prompt of length 271
[15:32:36.588754312|thread 2897436|cpu 263] [warning] replicating prompt of length 542
[15:32:36.588755016|thread 2897436|cpu 263] [warning] replicating prompt of length 813
[15:32:36.588755694|thread 2897436|cpu 263] [warning] replicating prompt of length 1084
[15:32:36.588756429|thread 2897436|cpu 263] [warning] replicating prompt of length 1355
[15:32:36.588757069|thread 2897436|cpu 263] [warning] replicating prompt of length 1626
[15:32:36.588757717|thread 2897436|cpu 263] [warning] replicating prompt of length 1897
[15:32:36.588758352|thread 2897436|cpu 263] [warning] replicating prompt of length 2168
[15:32:36.588759163|thread 2897436|cpu 263] [warning] replicating prompt of length 2439
[15:32:36.588759813|thread 2897436|cpu 263] [warning] replicating prompt of length 2710
[15:32:36.588760440|thread 2897436|cpu 263] [warning] replicating prompt of length 2981
[15:32:36.588761063|thread 2897436|cpu 263] [warning] replicating prompt of length 3252
[15:32:36.588761686|thread 2897436|cpu 263] [warning] replicating prompt of length 3523
[15:32:36.588762312|thread 2897436|cpu 263] [warning] replicating prompt of length 3794
[15:32:36.588762948|thread 2897436|cpu 263] [warning] replicating prompt of length 4065
[15:32:36.588763597|thread 2897436|cpu 263] [warning] replicating prompt of length 4336
[15:32:36.588765855|thread 2897436|cpu 263] [warning] replicating prompt of length 4607
[15:32:36.588766519|thread 2897436|cpu 263] [warning] replicating prompt of length 4878
[15:32:36.588767143|thread 2897436|cpu 263] [warning] replicating prompt of length 5149
[15:32:36.588767828|thread 2897436|cpu 263] [warning] replicating prompt of length 5420
[15:32:36.588768475|thread 2897436|cpu 263] [warning] replicating prompt of length 5691
[15:32:36.588769096|thread 2897436|cpu 263] [warning] replicating prompt of length 5962
[15:32:36.588775104|thread 2897436|cpu 263] [warning] replicating prompt of length 6233
[15:32:36.588775999|thread 2897436|cpu 263] [warning] replicating prompt of length 6504
[15:32:36.588776633|thread 2897436|cpu 263] [warning] replicating prompt of length 6775
[15:32:36.588777268|thread 2897436|cpu 263] [warning] replicating prompt of length 7046
[15:32:36.588777909|thread 2897436|cpu 263] [warning] replicating prompt of length 7317
[15:32:36.588779324|thread 2897436|cpu 263] [warning] replicating prompt of length 7588
[15:32:36.588779961|thread 2897436|cpu 263] [warning] replicating prompt of length 7859
[15:32:36.588780598|thread 2897436|cpu 263] [warning] replicating prompt of length 8130
[15:32:36.588781260|thread 2897436|cpu 263] [warning] replicating prompt of length 674
[15:32:36.588782164|thread 2897436|cpu 263] [warning] replicating prompt of length 1348
[15:32:36.588782898|thread 2897436|cpu 263] [warning] replicating prompt of length 2022
[15:32:36.588783555|thread 2897436|cpu 263] [warning] replicating prompt of length 2696
[15:32:36.588784400|thread 2897436|cpu 263] [warning] replicating prompt of length 3370
[15:32:36.588785098|thread 2897436|cpu 263] [warning] replicating prompt of length 4044
[15:32:36.588785741|thread 2897436|cpu 263] [warning] replicating prompt of length 4718
[15:32:36.588786387|thread 2897436|cpu 263] [warning] replicating prompt of length 5392
[15:32:36.588788649|thread 2897436|cpu 263] [warning] replicating prompt of length 6066
[15:32:36.588789458|thread 2897436|cpu 263] [warning] replicating prompt of length 6740
[15:32:36.588790190|thread 2897436|cpu 263] [warning] replicating prompt of length 7414
[15:32:36.588790941|thread 2897436|cpu 263] [warning] replicating prompt of length 8088
[15:32:36.588791615|thread 2897436|cpu 263] [warning] replicating prompt of length 175
[15:32:36.588792351|thread 2897436|cpu 263] [warning] replicating prompt of length 350
[15:32:36.588793023|thread 2897436|cpu 263] [warning] replicating prompt of length 525
[15:32:36.588793684|thread 2897436|cpu 263] [warning] replicating prompt of length 700
[15:32:36.588794380|thread 2897436|cpu 263] [warning] replicating prompt of length 875
[15:32:36.588795010|thread 2897436|cpu 263] [warning] replicating prompt of length 1050
[15:32:36.588795672|thread 2897436|cpu 263] [warning] replicating prompt of length 1225
[15:32:36.588796337|thread 2897436|cpu 263] [warning] replicating prompt of length 1400
[15:32:36.588797069|thread 2897436|cpu 263] [warning] replicating prompt of length 1575
[15:32:36.588797698|thread 2897436|cpu 263] [warning] replicating prompt of length 1750
[15:32:36.588798325|thread 2897436|cpu 263] [warning] replicating prompt of length 1925
[15:32:36.588798973|thread 2897436|cpu 263] [warning] replicating prompt of length 2100
[15:32:36.588799601|thread 2897436|cpu 263] [warning] replicating prompt of length 2275
[15:32:36.588800238|thread 2897436|cpu 263] [warning] replicating prompt of length 2450
[15:32:36.588800864|thread 2897436|cpu 263] [warning] replicating prompt of length 2625
[15:32:36.588801485|thread 2897436|cpu 263] [warning] replicating prompt of length 2800
[15:32:36.588802339|thread 2897436|cpu 263] [warning] replicating prompt of length 2975
[15:32:36.588802990|thread 2897436|cpu 263] [warning] replicating prompt of length 3150
[15:32:36.588803615|thread 2897436|cpu 263] [warning] replicating prompt of length 3325
[15:32:36.588804233|thread 2897436|cpu 263] [warning] replicating prompt of length 3500
[15:32:36.588804853|thread 2897436|cpu 263] [warning] replicating prompt of length 3675
[15:32:36.588805473|thread 2897436|cpu 263] [warning] replicating prompt of length 3850
[15:32:36.588806092|thread 2897436|cpu 263] [warning] replicating prompt of length 4025
[15:32:36.588806723|thread 2897436|cpu 263] [warning] replicating prompt of length 4200
[15:32:36.588807343|thread 2897436|cpu 263] [warning] replicating prompt of length 4375
[15:32:36.588807965|thread 2897436|cpu 263] [warning] replicating prompt of length 4550
[15:32:36.588808596|thread 2897436|cpu 263] [warning] replicating prompt of length 4725
[15:32:36.588809215|thread 2897436|cpu 263] [warning] replicating prompt of length 4900
[15:32:36.588809832|thread 2897436|cpu 263] [warning] replicating prompt of length 5075
[15:32:36.588810461|thread 2897436|cpu 263] [warning] replicating prompt of length 5250
[15:32:36.588811078|thread 2897436|cpu 263] [warning] replicating prompt of length 5425
[15:32:36.588811701|thread 2897436|cpu 263] [warning] replicating prompt of length 5600
[15:32:36.588814560|thread 2897436|cpu 263] [warning] replicating prompt of length 5775
[15:32:36.588815313|thread 2897436|cpu 263] [warning] replicating prompt of length 5950
[15:32:36.588815933|thread 2897436|cpu 263] [warning] replicating prompt of length 6125
[15:32:36.588816557|thread 2897436|cpu 263] [warning] replicating prompt of length 6300
[15:32:36.588817172|thread 2897436|cpu 263] [warning] replicating prompt of length 6475
[15:32:36.588817806|thread 2897436|cpu 263] [warning] replicating prompt of length 6650
[15:32:36.588818464|thread 2897436|cpu 263] [warning] replicating prompt of length 6825
[15:32:36.588819115|thread 2897436|cpu 263] [warning] replicating prompt of length 7000
[15:32:36.588819729|thread 2897436|cpu 263] [warning] replicating prompt of length 7175
[15:32:36.588820359|thread 2897436|cpu 263] [warning] replicating prompt of length 7350
[15:32:36.588820985|thread 2897436|cpu 263] [warning] replicating prompt of length 7525
[15:32:36.588821680|thread 2897436|cpu 263] [warning] replicating prompt of length 7700
[15:32:36.588822349|thread 2897436|cpu 263] [warning] replicating prompt of length 7875
[15:32:36.588822968|thread 2897436|cpu 263] [warning] replicating prompt of length 8050
[15:32:36.588823607|thread 2897436|cpu 263] [warning] replicating prompt of length 274
[15:32:36.588824352|thread 2897436|cpu 263] [warning] replicating prompt of length 548
[15:32:36.588825064|thread 2897436|cpu 263] [warning] replicating prompt of length 822
[15:32:36.588825710|thread 2897436|cpu 263] [warning] replicating prompt of length 1096
[15:32:36.588826412|thread 2897436|cpu 263] [warning] replicating prompt of length 1370
[15:32:36.588827047|thread 2897436|cpu 263] [warning] replicating prompt of length 1644
[15:32:36.588827690|thread 2897436|cpu 263] [warning] replicating prompt of length 1918
[15:32:36.588828322|thread 2897436|cpu 263] [warning] replicating prompt of length 2192
[15:32:36.588829136|thread 2897436|cpu 263] [warning] replicating prompt of length 2466
[15:32:36.588829772|thread 2897436|cpu 263] [warning] replicating prompt of length 2740
[15:32:36.588830394|thread 2897436|cpu 263] [warning] replicating prompt of length 3014
[15:32:36.588831029|thread 2897436|cpu 263] [warning] replicating prompt of length 3288
[15:32:36.588831652|thread 2897436|cpu 263] [warning] replicating prompt of length 3562
[15:32:36.588832276|thread 2897436|cpu 263] [warning] replicating prompt of length 3836
[15:32:36.588832902|thread 2897436|cpu 263] [warning] replicating prompt of length 4110
[15:32:36.588833547|thread 2897436|cpu 263] [warning] replicating prompt of length 4384
[15:32:36.588835813|thread 2897436|cpu 263] [warning] replicating prompt of length 4658
[15:32:36.588836499|thread 2897436|cpu 263] [warning] replicating prompt of length 4932
[15:32:36.588837130|thread 2897436|cpu 263] [warning] replicating prompt of length 5206
[15:32:36.588837755|thread 2897436|cpu 263] [warning] replicating prompt of length 5480
[15:32:36.588838424|thread 2897436|cpu 263] [warning] replicating prompt of length 5754
[15:32:36.588839056|thread 2897436|cpu 263] [warning] replicating prompt of length 6028
[15:32:36.588839672|thread 2897436|cpu 263] [warning] replicating prompt of length 6302
[15:32:36.588840333|thread 2897436|cpu 263] [warning] replicating prompt of length 6576
[15:32:36.588841068|thread 2897436|cpu 263] [warning] replicating prompt of length 6850
[15:32:36.588841715|thread 2897436|cpu 263] [warning] replicating prompt of length 7124
[15:32:36.588842345|thread 2897436|cpu 263] [warning] replicating prompt of length 7398
[15:32:36.588845117|thread 2897436|cpu 263] [warning] replicating prompt of length 7672
[15:32:36.588845795|thread 2897436|cpu 263] [warning] replicating prompt of length 7946
[15:32:36.588846456|thread 2897436|cpu 263] [warning] replicating prompt of length 330
[15:32:36.588847225|thread 2897436|cpu 263] [warning] replicating prompt of length 660
[15:32:36.588847919|thread 2897436|cpu 263] [warning] replicating prompt of length 990
[15:32:36.588850252|thread 2897436|cpu 263] [warning] replicating prompt of length 1320
[15:32:36.588850978|thread 2897436|cpu 263] [warning] replicating prompt of length 1650
[15:32:36.588851625|thread 2897436|cpu 263] [warning] replicating prompt of length 1980
[15:32:36.588852239|thread 2897436|cpu 263] [warning] replicating prompt of length 2310
[15:32:36.588852865|thread 2897436|cpu 263] [warning] replicating prompt of length 2640
[15:32:36.588853648|thread 2897436|cpu 263] [warning] replicating prompt of length 2970
[15:32:36.588854307|thread 2897436|cpu 263] [warning] replicating prompt of length 3300
[15:32:36.588854936|thread 2897436|cpu 263] [warning] replicating prompt of length 3630
[15:32:36.588855568|thread 2897436|cpu 263] [warning] replicating prompt of length 3960
[15:32:36.588856209|thread 2897436|cpu 263] [warning] replicating prompt of length 4290
[15:32:36.588856835|thread 2897436|cpu 263] [warning] replicating prompt of length 4620
[15:32:36.588857467|thread 2897436|cpu 263] [warning] replicating prompt of length 4950
[15:32:36.588858091|thread 2897436|cpu 263] [warning] replicating prompt of length 5280
[15:32:36.588860066|thread 2897436|cpu 263] [warning] replicating prompt of length 5610
[15:32:36.588860743|thread 2897436|cpu 263] [warning] replicating prompt of length 5940
[15:32:36.588861399|thread 2897436|cpu 263] [warning] replicating prompt of length 6270
[15:32:36.588862060|thread 2897436|cpu 263] [warning] replicating prompt of length 6600
[15:32:36.588862712|thread 2897436|cpu 263] [warning] replicating prompt of length 6930
[15:32:36.588863353|thread 2897436|cpu 263] [warning] replicating prompt of length 7260
[15:32:36.588864006|thread 2897436|cpu 263] [warning] replicating prompt of length 7590
[15:32:36.588864631|thread 2897436|cpu 263] [warning] replicating prompt of length 7920
[15:32:36.588865279|thread 2897436|cpu 263] [warning] replicating prompt of length 90
[15:32:36.588866064|thread 2897436|cpu 263] [warning] replicating prompt of length 180
[15:32:36.588866748|thread 2897436|cpu 263] [warning] replicating prompt of length 270
[15:32:36.588867405|thread 2897436|cpu 263] [warning] replicating prompt of length 360
[15:32:36.588868074|thread 2897436|cpu 263] [warning] replicating prompt of length 450
[15:32:36.588868722|thread 2897436|cpu 263] [warning] replicating prompt of length 540
[15:32:36.588869360|thread 2897436|cpu 263] [warning] replicating prompt of length 630
[15:32:36.588870003|thread 2897436|cpu 263] [warning] replicating prompt of length 720
[15:32:36.588870683|thread 2897436|cpu 263] [warning] replicating prompt of length 810
[15:32:36.588871320|thread 2897436|cpu 263] [warning] replicating prompt of length 900
[15:32:36.588871949|thread 2897436|cpu 263] [warning] replicating prompt of length 990
[15:32:36.588872570|thread 2897436|cpu 263] [warning] replicating prompt of length 1080
[15:32:36.588873206|thread 2897436|cpu 263] [warning] replicating prompt of length 1170
[15:32:36.588873846|thread 2897436|cpu 263] [warning] replicating prompt of length 1260
[15:32:36.588874499|thread 2897436|cpu 263] [warning] replicating prompt of length 1350
[15:32:36.588875133|thread 2897436|cpu 263] [warning] replicating prompt of length 1440
[15:32:36.588875846|thread 2897436|cpu 263] [warning] replicating prompt of length 1530
[15:32:36.588876469|thread 2897436|cpu 263] [warning] replicating prompt of length 1620
[15:32:36.588877095|thread 2897436|cpu 263] [warning] replicating prompt of length 1710
[15:32:36.588877717|thread 2897436|cpu 263] [warning] replicating prompt of length 1800
[15:32:36.588878330|thread 2897436|cpu 263] [warning] replicating prompt of length 1890
[15:32:36.588878945|thread 2897436|cpu 263] [warning] replicating prompt of length 1980
[15:32:36.588879571|thread 2897436|cpu 263] [warning] replicating prompt of length 2070
[15:32:36.588880200|thread 2897436|cpu 263] [warning] replicating prompt of length 2160
[15:32:36.588880839|thread 2897436|cpu 263] [warning] replicating prompt of length 2250
[15:32:36.588881461|thread 2897436|cpu 263] [warning] replicating prompt of length 2340
[15:32:36.588882794|thread 2897436|cpu 263] [warning] replicating prompt of length 2430
[15:32:36.588883421|thread 2897436|cpu 263] [warning] replicating prompt of length 2520
[15:32:36.588884043|thread 2897436|cpu 263] [warning] replicating prompt of length 2610
[15:32:36.588884662|thread 2897436|cpu 263] [warning] replicating prompt of length 2700
[15:32:36.588885277|thread 2897436|cpu 263] [warning] replicating prompt of length 2790
[15:32:36.588885926|thread 2897436|cpu 263] [warning] replicating prompt of length 2880
[15:32:36.588886771|thread 2897436|cpu 263] [warning] replicating prompt of length 2970
[15:32:36.588887394|thread 2897436|cpu 263] [warning] replicating prompt of length 3060
[15:32:36.588888021|thread 2897436|cpu 263] [warning] replicating prompt of length 3150
[15:32:36.588888646|thread 2897436|cpu 263] [warning] replicating prompt of length 3240
[15:32:36.588889277|thread 2897436|cpu 263] [warning] replicating prompt of length 3330
[15:32:36.588889900|thread 2897436|cpu 263] [warning] replicating prompt of length 3420
[15:32:36.588890514|thread 2897436|cpu 263] [warning] replicating prompt of length 3510
[15:32:36.588891129|thread 2897436|cpu 263] [warning] replicating prompt of length 3600
[15:32:36.588891743|thread 2897436|cpu 263] [warning] replicating prompt of length 3690
[15:32:36.588892358|thread 2897436|cpu 263] [warning] replicating prompt of length 3780
[15:32:36.588892988|thread 2897436|cpu 263] [warning] replicating prompt of length 3870
[15:32:36.588893610|thread 2897436|cpu 263] [warning] replicating prompt of length 3960
[15:32:36.588894231|thread 2897436|cpu 263] [warning] replicating prompt of length 4050
[15:32:36.588894855|thread 2897436|cpu 263] [warning] replicating prompt of length 4140
[15:32:36.588895479|thread 2897436|cpu 263] [warning] replicating prompt of length 4230
[15:32:36.588896108|thread 2897436|cpu 263] [warning] replicating prompt of length 4320
[15:32:36.588896725|thread 2897436|cpu 263] [warning] replicating prompt of length 4410
[15:32:36.588897350|thread 2897436|cpu 263] [warning] replicating prompt of length 4500
[15:32:36.588897967|thread 2897436|cpu 263] [warning] replicating prompt of length 4590
[15:32:36.588898589|thread 2897436|cpu 263] [warning] replicating prompt of length 4680
[15:32:36.588899211|thread 2897436|cpu 263] [warning] replicating prompt of length 4770
[15:32:36.588899827|thread 2897436|cpu 263] [warning] replicating prompt of length 4860
[15:32:36.588900446|thread 2897436|cpu 263] [warning] replicating prompt of length 4950
[15:32:36.588901062|thread 2897436|cpu 263] [warning] replicating prompt of length 5040
[15:32:36.588901699|thread 2897436|cpu 263] [warning] replicating prompt of length 5130
[15:32:36.588902312|thread 2897436|cpu 263] [warning] replicating prompt of length 5220
[15:32:36.588902928|thread 2897436|cpu 263] [warning] replicating prompt of length 5310
[15:32:36.588903544|thread 2897436|cpu 263] [warning] replicating prompt of length 5400
[15:32:36.588904159|thread 2897436|cpu 263] [warning] replicating prompt of length 5490
[15:32:36.588904775|thread 2897436|cpu 263] [warning] replicating prompt of length 5580
[15:32:36.588905403|thread 2897436|cpu 263] [warning] replicating prompt of length 5670
[15:32:36.588906040|thread 2897436|cpu 263] [warning] replicating prompt of length 5760
[15:32:36.588907927|thread 2897436|cpu 263] [warning] replicating prompt of length 5850
[15:32:36.588908585|thread 2897436|cpu 263] [warning] replicating prompt of length 5940
[15:32:36.588909209|thread 2897436|cpu 263] [warning] replicating prompt of length 6030
[15:32:36.588909822|thread 2897436|cpu 263] [warning] replicating prompt of length 6120
[15:32:36.588912633|thread 2897436|cpu 263] [warning] replicating prompt of length 6210
[15:32:36.588913308|thread 2897436|cpu 263] [warning] replicating prompt of length 6300
[15:32:36.588913929|thread 2897436|cpu 263] [warning] replicating prompt of length 6390
[15:32:36.588914543|thread 2897436|cpu 263] [warning] replicating prompt of length 6480
[15:32:36.588915180|thread 2897436|cpu 263] [warning] replicating prompt of length 6570
[15:32:36.588916455|thread 2897436|cpu 263] [warning] replicating prompt of length 6660
[15:32:36.588917092|thread 2897436|cpu 263] [warning] replicating prompt of length 6750
[15:32:36.588917724|thread 2897436|cpu 263] [warning] replicating prompt of length 6840
[15:32:36.588918342|thread 2897436|cpu 263] [warning] replicating prompt of length 6930
[15:32:36.588918963|thread 2897436|cpu 263] [warning] replicating prompt of length 7020
[15:32:36.588919581|thread 2897436|cpu 263] [warning] replicating prompt of length 7110
[15:32:36.588920199|thread 2897436|cpu 263] [warning] replicating prompt of length 7200
[15:32:36.588920830|thread 2897436|cpu 263] [warning] replicating prompt of length 7290
[15:32:36.588921449|thread 2897436|cpu 263] [warning] replicating prompt of length 7380
[15:32:36.588922058|thread 2897436|cpu 263] [warning] replicating prompt of length 7470
[15:32:36.588922672|thread 2897436|cpu 263] [warning] replicating prompt of length 7560
[15:32:36.588923300|thread 2897436|cpu 263] [warning] replicating prompt of length 7650
[15:32:36.588923925|thread 2897436|cpu 263] [warning] replicating prompt of length 7740
[15:32:36.588924535|thread 2897436|cpu 263] [warning] replicating prompt of length 7830
[15:32:36.588925155|thread 2897436|cpu 263] [warning] replicating prompt of length 7920
[15:32:36.588925776|thread 2897436|cpu 263] [warning] replicating prompt of length 8010
[15:32:36.588926399|thread 2897436|cpu 263] [warning] replicating prompt of length 8100
[15:32:36.588927017|thread 2897436|cpu 263] [warning] replicating prompt of length 8190
[15:32:36.588927709|thread 2897436|cpu 263] [warning] replicating prompt of length 746
[15:32:36.588928849|thread 2897436|cpu 263] [warning] replicating prompt of length 1492
[15:32:36.588929577|thread 2897436|cpu 263] [warning] replicating prompt of length 2238
[15:32:36.588930261|thread 2897436|cpu 263] [warning] replicating prompt of length 2984
[15:32:36.588931164|thread 2897436|cpu 263] [warning] replicating prompt of length 3730
[15:32:36.588931824|thread 2897436|cpu 263] [warning] replicating prompt of length 4476
[15:32:36.588932481|thread 2897436|cpu 263] [warning] replicating prompt of length 5222
[15:32:36.588933126|thread 2897436|cpu 263] [warning] replicating prompt of length 5968
[15:32:36.588935213|thread 2897436|cpu 263] [warning] replicating prompt of length 6714
[15:32:36.588935978|thread 2897436|cpu 263] [warning] replicating prompt of length 7460
[15:32:36.588936707|thread 2897436|cpu 263] [warning] replicating prompt of length 1370
[15:32:36.588937713|thread 2897436|cpu 263] [warning] replicating prompt of length 2740
[15:32:36.588938544|thread 2897436|cpu 263] [warning] replicating prompt of length 4110
[15:32:36.588939238|thread 2897436|cpu 263] [warning] replicating prompt of length 5480
[15:32:36.588941484|thread 2897436|cpu 263] [warning] replicating prompt of length 6850
[15:32:36.588942333|thread 2897436|cpu 263] [warning] replicating prompt of length 3161
[15:32:36.588943550|thread 2897436|cpu 263] [warning] replicating prompt of length 6322
[15:32:36.588954743|thread 2897436|cpu 263] [info ] Processing 48 prompts
[15:32:36.589223538|thread 2897436|cpu 263] [debug] No model path specified, looking up default
[15:32:36.590264962|thread 2897436|cpu 263] [info ] Model ingested-qwen-3-4b-instruct-2507-tp2 at /opt/positron/weights_cache/cached/positron-ai/Qwen--Qwen3-4B-Instruct-2507-ingest-best-gptq-v1 not in cache 0x64d3ae6413c8, loading
[15:32:36.590311735|thread 2897436|cpu 263] [info ] Initializing devices took 3.71e-07 s
[15:32:36.590427817|thread 2897436|cpu 263] [info ] Loading all layers from /opt/positron/weights_cache/cached/positron-ai/Qwen--Qwen3-4B-Instruct-2507-ingest-best-gptq-v1
[15:32:36.590436073|thread 2897436|cpu 263] [info ] Using RotatedAmongDevices placement strategy with device_count=2, replicas=1
[15:32:36.590495863|thread 2897436|cpu 263] [info ] Sharded safetensors file found off directory name
[15:32:37.965042542|thread 2897436|cpu 263] [info ] Allocating and loading the model took 1.374726018 s 
[15:32:37.989150094|thread 2897436|cpu 263] [info ] Hw-Attn model params: hw_attn_params { kv_head_size: 128 n_kv_heads: 8 n_heads: 32 gqa: 4 pre_attn_scalar: 0.088388346 hw_layers: 0 }, 36 layers
[15:32:37.995355216|thread 2897436|cpu 263] [info ] HW attention disabled for model 'ingested-qwen-3-4b-instruct-2507-tp2': USE_HW_ATTN=0
[15:32:37.995377239|thread 2897436|cpu 263] [info ] Allocated state tron::model<tron::qwen_3_4b_instruct_2507_impl<tron::make_llm_executor<false, tron::hardware::tp2_min1k_tensor, tron::hardware::btensor, tron::hardware::dtensor> > >::state
[15:32:37.995383208|thread 2897436|cpu 263] [info ] Trying to use 64 GB for persistent KV cache (covering all models)
[15:32:37.995546880|thread 2897436|cpu 263] [info ] Duration between prompts is 0ms ± 0ms
[15:32:37.995554577|thread 2897436|cpu 263] [info ] Enqueueing prompt 1/48 consisting of 8192 tokens
[15:32:37.995810678|thread 2897436|cpu 263] [info ] Enqueueing prompt 2/48 consisting of 8192 tokens
[15:32:37.995823049|thread 2897436|cpu 263] [info ] Enqueueing prompt 3/48 consisting of 8192 tokens
[15:32:37.995834194|thread 2897436|cpu 263] [info ] Enqueueing prompt 4/48 consisting of 8192 tokens
[15:32:37.995845626|thread 2897436|cpu 263] [info ] Enqueueing prompt 5/48 consisting of 8192 tokens
[15:32:37.995857737|thread 2897436|cpu 263] [info ] Enqueueing prompt 6/48 consisting of 8192 tokens
[15:32:37.995869764|thread 2897436|cpu 263] [info ] Enqueueing prompt 7/48 consisting of 8192 tokens
[15:32:37.995882382|thread 2897436|cpu 263] [info ] Enqueueing prompt 8/48 consisting of 8192 tokens
[15:32:37.995893352|thread 2897436|cpu 263] [info ] Enqueueing prompt 9/48 consisting of 8192 tokens
[15:32:37.995905368|thread 2897436|cpu 263] [info ] Enqueueing prompt 10/48 consisting of 8192 tokens
[15:32:37.995916194|thread 2897436|cpu 263] [info ] Enqueueing prompt 11/48 consisting of 8192 tokens
[15:32:37.995927125|thread 2897436|cpu 263] [info ] Enqueueing prompt 12/48 consisting of 8192 tokens
[15:32:37.995938245|thread 2897436|cpu 263] [info ] Enqueueing prompt 13/48 consisting of 8192 tokens
[15:32:37.995950889|thread 2897436|cpu 263] [info ] Enqueueing prompt 14/48 consisting of 8192 tokens
[15:32:37.995962505|thread 2897436|cpu 263] [info ] Enqueueing prompt 15/48 consisting of 8192 tokens
[15:32:37.995973693|thread 2897436|cpu 263] [info ] Enqueueing prompt 16/48 consisting of 8192 tokens
[15:32:37.995984996|thread 2897436|cpu 263] [info ] Enqueueing prompt 17/48 consisting of 8192 tokens
[15:32:37.995996092|thread 2897436|cpu 263] [info ] Enqueueing prompt 18/48 consisting of 8192 tokens
[15:32:37.996007225|thread 2897436|cpu 263] [info ] Enqueueing prompt 19/48 consisting of 8192 tokens
[15:32:37.996019841|thread 2897436|cpu 263] [info ] Enqueueing prompt 20/48 consisting of 8192 tokens
[15:32:37.996030344|thread 2897436|cpu 263] [info ] Enqueueing prompt 21/48 consisting of 8192 tokens
[15:32:37.996041676|thread 2897436|cpu 263] [info ] Enqueueing prompt 22/48 consisting of 8192 tokens
[15:32:37.996051988|thread 2897436|cpu 263] [info ] Enqueueing prompt 23/48 consisting of 8192 tokens
[15:32:37.996067258|thread 2897436|cpu 263] [info ] Enqueueing prompt 24/48 consisting of 8192 tokens
[15:32:37.996078559|thread 2897436|cpu 263] [info ] Enqueueing prompt 25/48 consisting of 8192 tokens
[15:32:37.996091711|thread 2897436|cpu 263] [info ] Enqueueing prompt 26/48 consisting of 8192 tokens
[15:32:37.996104194|thread 2897436|cpu 263] [info ] Enqueueing prompt 27/48 consisting of 8192 tokens
[15:32:37.996117550|thread 2897436|cpu 263] [info ] Enqueueing prompt 28/48 consisting of 8192 tokens
[15:32:37.996129558|thread 2897436|cpu 263] [info ] Enqueueing prompt 29/48 consisting of 8192 tokens
[15:32:37.996140635|thread 2897436|cpu 263] [info ] Enqueueing prompt 30/48 consisting of 8192 tokens
[15:32:37.996160004|thread 2897436|cpu 263] [info ] Enqueueing prompt 31/48 consisting of 8192 tokens
[15:32:37.996176076|thread 2897436|cpu 263] [info ] Enqueueing prompt 32/48 consisting of 8192 tokens
[15:32:37.996197496|thread 2897436|cpu 263] [info ] Enqueueing prompt 33/48 consisting of 8192 tokens
[15:32:37.996209599|thread 2897436|cpu 263] [info ] Enqueueing prompt 34/48 consisting of 8192 tokens
[15:32:37.996220848|thread 2897436|cpu 263] [info ] Enqueueing prompt 35/48 consisting of 8192 tokens
[15:32:37.996231549|thread 2897436|cpu 263] [info ] Enqueueing prompt 36/48 consisting of 8192 tokens
[15:32:37.996243626|thread 2897436|cpu 263] [info ] Enqueueing prompt 37/48 consisting of 8192 tokens
[15:32:37.996259312|thread 2897436|cpu 263] [info ] Enqueueing prompt 38/48 consisting of 8192 tokens
[15:32:37.996271865|thread 2897436|cpu 263] [info ] Enqueueing prompt 39/48 consisting of 8192 tokens
[15:32:37.996283737|thread 2897436|cpu 263] [info ] Enqueueing prompt 40/48 consisting of 8192 tokens
[15:32:37.996294915|thread 2897436|cpu 263] [info ] Enqueueing prompt 41/48 consisting of 8192 tokens
[15:32:37.996305833|thread 2897436|cpu 263] [info ] Enqueueing prompt 42/48 consisting of 8192 tokens
[15:32:37.996316116|thread 2897436|cpu 263] [info ] Enqueueing prompt 43/48 consisting of 8192 tokens
[15:32:37.996335031|thread 2897436|cpu 263] [info ] Enqueueing prompt 44/48 consisting of 8192 tokens
[15:32:37.996369672|thread 2897436|cpu 263] [info ] Enqueueing prompt 45/48 consisting of 8192 tokens
[15:32:37.996401621|thread 2897436|cpu 263] [info ] Enqueueing prompt 46/48 consisting of 8192 tokens
[15:32:37.996432163|thread 2897436|cpu 263] [info ] Enqueueing prompt 47/48 consisting of 8192 tokens
[15:32:37.996463070|thread 2897436|cpu 263] [info ] Enqueueing prompt 48/48 consisting of 8192 tokens
[15:32:37.996816431|thread 2901769|cpu 263] [info ] KV cache footprint: 1.10 GB in 5 books
[15:32:37.997042572|thread 2901769|cpu 263] [info ] KV cache footprint: 2.20 GB in 10 books
[15:32:37.997208770|thread 2901769|cpu 263] [info ] KV cache footprint: 3.30 GB in 15 books
[15:32:37.997384112|thread 2901769|cpu 263] [info ] KV cache footprint: 4.39 GB in 20 books
[15:32:37.997554979|thread 2901769|cpu 263] [info ] KV cache footprint: 5.49 GB in 25 books
[15:32:37.997713910|thread 2901769|cpu 263] [info ] KV cache footprint: 6.59 GB in 30 books
[15:32:37.997905430|thread 2901769|cpu 263] [info ] KV cache footprint: 7.71 GB in 36 books
[15:32:37.998063329|thread 2901769|cpu 263] [info ] KV cache footprint: 8.81 GB in 41 books
[15:32:37.998224402|thread 2901769|cpu 263] [info ] KV cache footprint: 9.91 GB in 46 books
[15:32:43.733510049|thread 2901769|cpu 263] [info ] KV cache footprint: 11.00 GB in 51 books
[15:32:43.733644917|thread 2901769|cpu 263] [info ] KV cache footprint: 12.10 GB in 56 books
[15:32:52.468764763|thread 2901769|cpu 263] [info ] KV cache footprint: 13.20 GB in 61 books
[15:33:04.204163757|thread 2901769|cpu 263] [info ] KV cache footprint: 14.30 GB in 66 books
[15:33:04.204304345|thread 2901769|cpu 263] [info ] KV cache footprint: 15.40 GB in 71 books
[15:33:18.946621950|thread 2901769|cpu 263] [info ] KV cache footprint: 16.50 GB in 76 books
[15:33:36.655964824|thread 2901769|cpu 263] [info ] KV cache footprint: 17.60 GB in 81 books
[15:33:36.656126496|thread 2901769|cpu 263] [info ] KV cache footprint: 18.69 GB in 86 books
[15:33:43.222455036|thread 2899268|cpu 263] [info ] [Request 26] Parsing the prompt took 65.226353996 s at 125.59340662368425 tokens/s
[15:33:43.222454900|thread 2899264|cpu 263] [info ] [Request 1] Parsing the prompt took 65.226890988 s at 125.5923726535902 tokens/s
[15:33:43.222455049|thread 2899271|cpu 263] [info ] [Request 32] Parsing the prompt took 65.226265064 s at 125.59357786256825 tokens/s
[15:33:43.222455026|thread 2899270|cpu 263] [info ] [Request 29] Parsing the prompt took 65.226316188 s at 125.59347942306638 tokens/s
[15:33:43.222455348|thread 2899266|cpu 263] [info ] [Request 15] Parsing the prompt took 65.22648508 s at 125.59315422182488 tokens/s
[15:33:43.222455028|thread 2899267|cpu 263] [info ] [Request 20] Parsing the prompt took 65.226426025 s at 125.59326793192945 tokens/s
[15:33:43.222455020|thread 2899269|cpu 263] [info ] [Request 28] Parsing the prompt took 65.226327967 s at 125.59345674256849 tokens/s
[15:33:43.222454996|thread 2899265|cpu 263] [info ] [Request 2] Parsing the prompt took 65.226634088 s at 125.5928673085879 tokens/s
[15:33:51.152223862|thread 2901769|cpu 263] [info ] KV cache footprint: 19.79 GB in 91 books
[15:34:00.297123212|thread 2901769|cpu 263] [info ] KV cache footprint: 20.89 GB in 96 books
[15:34:01.259561928|thread 2901769|cpu 263] [info ] KV cache footprint: 21.99 GB in 101 books
[15:34:14.258471557|thread 2901769|cpu 263] [info ] KV cache footprint: 23.09 GB in 106 books
[15:34:28.590635421|thread 2901769|cpu 263] [info ] KV cache footprint: 24.19 GB in 111 books
[15:34:30.026067475|thread 2901769|cpu 263] [info ] KV cache footprint: 25.29 GB in 116 books
[15:34:48.515384522|thread 2901769|cpu 263] [info ] KV cache footprint: 26.38 GB in 121 books
[15:34:48.515541007|thread 2901769|cpu 263] [info ] KV cache footprint: 27.48 GB in 126 books
[15:34:51.865837638|thread 2899266|cpu 263] [info ] [Request 15] Generating 61 response tokens with 8193 context took 68.111055 s at 0.896 average tok/s, or 1116.575 ms/tok
[15:34:51.865837653|thread 2899265|cpu 263] [info ] [Request 2] Generating 61 response tokens with 8193 context took 68.111054 s at 0.896 average tok/s, or 1116.575 ms/tok
[15:34:51.865837671|thread 2899264|cpu 263] [info ] [Request 1] Generating 61 response tokens with 8193 context took 68.111056 s at 0.896 average tok/s, or 1116.575 ms/tok
[15:34:51.865838220|thread 2899268|cpu 263] [info ] [Request 26] Generating 61 response tokens with 8193 context took 68.111054 s at 0.896 average tok/s, or 1116.575 ms/tok
[15:34:51.865931101|thread 2899268|cpu 263] [info ] [Request 26] Request with 8192 tokens in and 64 out (sequence limit) saw 65.226354 s TTFT and 133.869737 s TTLT
[15:34:51.865837545|thread 2899267|cpu 263] [info ] [Request 20] Generating 61 response tokens with 8193 context took 68.111051 s at 0.896 average tok/s, or 1116.575 ms/tok
[15:34:51.865945930|thread 2899267|cpu 263] [info ] [Request 20] Request with 8192 tokens in and 64 out (sequence limit) saw 65.226426 s TTFT and 133.869806 s TTLT
[15:34:51.865842864|thread 2899270|cpu 263] [info ] [Request 29] Generating 61 response tokens with 8193 context took 68.111055 s at 0.896 average tok/s, or 1116.575 ms/tok
[15:34:51.865965672|thread 2899270|cpu 263] [info ] [Request 29] Request with 8192 tokens in and 64 out (sequence limit) saw 65.226316 s TTFT and 133.869704 s TTLT
[15:34:51.865903599|thread 2899265|cpu 263] [info ] [Request 2] Request with 8192 tokens in and 64 out (sequence limit) saw 65.226634 s TTFT and 133.870014 s TTLT
[15:34:51.865917160|thread 2899264|cpu 263] [info ] [Request 1] Request with 8192 tokens in and 64 out (sequence limit) saw 65.226891 s TTFT and 133.870271 s TTLT
[15:34:51.865839637|thread 2899269|cpu 263] [info ] [Request 28] Generating 61 response tokens with 8193 context took 68.111053 s at 0.896 average tok/s, or 1116.575 ms/tok
[15:34:51.866020401|thread 2899269|cpu 263] [info ] [Request 28] Request with 8192 tokens in and 64 out (sequence limit) saw 65.226328 s TTFT and 133.869712 s TTLT
[15:34:51.865838086|thread 2899271|cpu 263] [info ] [Request 32] Generating 61 response tokens with 8193 context took 68.111049 s at 0.896 average tok/s, or 1116.575 ms/tok
[15:34:51.866042161|thread 2899271|cpu 263] [info ] [Request 32] Request with 8192 tokens in and 64 out (sequence limit) saw 65.226265 s TTFT and 133.869647 s TTLT
[15:34:51.865884637|thread 2899266|cpu 263] [info ] [Request 15] Request with 8192 tokens in and 64 out (sequence limit) saw 65.226485 s TTFT and 133.869864 s TTLT
[15:34:55.206167496|thread 2899264|cpu 263] [info ] [Request 42] Parsing the prompt took 137.209852724 s at 59.70416728365965 tokens/s
[15:34:55.206167522|thread 2899265|cpu 263] [info ] [Request 44] Parsing the prompt took 137.209810449 s at 59.70418567879965 tokens/s
[15:34:55.206168988|thread 2899267|cpu 263] [info ] [Request 3] Parsing the prompt took 137.210339147 s at 59.70395562701378 tokens/s
[15:34:55.206169575|thread 2899266|cpu 263] [info ] [Request 47] Parsing the prompt took 137.209719699 s at 59.70422516692674 tokens/s
[15:34:55.206171488|thread 2899269|cpu 263] [info ] [Request 23] Parsing the prompt took 137.210112322 s at 59.704054324912256 tokens/s
[15:34:55.206172625|thread 2899268|cpu 263] [info ] [Request 21] Parsing the prompt took 137.210134843 s at 59.70404452538098 tokens/s
[15:34:55.206175981|thread 2899270|cpu 263] [info ] [Request 4] Parsing the prompt took 137.21033415 s at 59.703957801344664 tokens/s
[15:35:03.928941563|thread 2901770|cpu 263] [debug] #EVT# HandleDetails::is_anomalous() handle_id=32 time in state STATE_OPENED exceeded threshold: 65226254373 ns
[15:35:03.929005199|thread 2901770|cpu 263] [debug] #EVT#   Handle,    32, Created, 753969410046267, Last, 754104973004203, Prompted,  8191, Generated,    64, Input TPS, 125.59, Output TPS:  0.79, Callbacks,    64, prompt parsing complete, open
[15:35:03.929072267|thread 2901770|cpu 263] [info ] #EVT#   Handle 32 history:
        SESSION_OPEN, prompt 8192 tokens, offset=0 ns
        PROMPT_TOKENS_REUSE, offset=65226248915 ns
        ON_START_CALLED, offset=65226254373 ns
        ON_START_RETURNED, offset=65226340299 ns
        ON_TOKENS_CALLED, generate 1 tokens, offset=65226361006 ns
        ON_TOKENS_RETURNED, offset=65226362147 ns
        ON_TOKENS_CALLED, generate 1 tokens, offset=65758587460 ns
        ON_TOKENS_RETURNED, offset=65758589657 ns
        ON_TOKENS_CALLED, generate 1 tokens, offset=66320882729 ns
        ON_TOKENS_RETURNED, offset=66320884094 ns
        ON_TOKENS_CALLED, generate 1 tokens, offset=66920336110 ns
        ON_TOKENS_RETURNED, offset=66920337288 ns
        ON_TOKENS_CALLED, generate 1 tokens, offset=67553507112 ns
        ON_TOKENS_RETURNED, offset=67553509498 ns
        ON_TOKENS_CALLED, generate 1 tokens, offset=68207803007 ns
        ON_TOKENS_RETURNED, offset=68207804300 ns
        ON_TOKENS_CALLED, generate 1 tokens, offset=68879373664 ns
        ON_TOKENS_RETURNED, offset=68879375091 ns
        ON_TOKENS_CALLED, generate 1 tokens, offset=69560619156 ns
        ON_TOKENS_RETURNED, offset=69560620350 ns
        ON_TOKENS_CALLED, generate 1 tokens, offset=70258174013 ns
        ON_TOKENS_RETURNED, offset=70258187108 ns
        ON_TOKENS_CALLED, generate 1 tokens, offset=70963002114 ns
        ON_TOKENS_RETURNED, offset=70963002940 ns
        ON_TOKENS_CALLED, generate 1 tokens, offset=71682663631 ns
        ON_TOKENS_RETURNED, offset=71682665372 ns
        ON_TOKENS_CALLED, generate 1 tokens, offset=72411325299 ns
        ON_TOKENS_RETURNED, offset=72411326325 ns
        ON_TOKENS_CALLED, generate 1 tokens, offset=73155862823 ns
        ON_TOKENS_RETURNED, offset=73155865704 ns
        ON_TOKENS_CALLED, generate 1 tokens, offset=73899389448 ns
        ON_TOKENS_RETURNED, offset=73899390486 ns
        ON_TOKENS_CALLED, generate 1 tokens, offset=74659726868 ns
        ON_TOKENS_RETURNED, offset=74659728208 ns
        ON_TOKENS_CALLED, generate 1 tokens, offset=75431352833 ns
        ON_TOKENS_RETURNED, offset=75431353779 ns
        ON_TOKENS_CALLED, generate 1 tokens, offset=76223682299 ns
        ON_TOKENS_RETURNED, offset=76223693542 ns
        ON_TOKENS_CALLED, generate 1 tokens, offset=77020110497 ns
        ON_TOKENS_RETURNED, offset=77020111888 ns
        ON_TOKENS_CALLED, generate 1 tokens, offset=77856112516 ns
        ON_TOKENS_RETURNED, offset=77856113875 ns
        ON_TOKENS_CALLED, generate 1 tokens, offset=78698657452 ns
        ON_TOKENS_RETURNED, offset=78698660280 ns
        ON_TOKENS_CALLED, generate 1 tokens, offset=79576868361 ns
        ON_TOKENS_RETURNED, offset=79576870813 ns
        ON_TOKENS_CALLED, generate 1 tokens, offset=80458574094 ns
        ON_TOKENS_RETURNED, offset=80458575406 ns
        ON_TOKENS_CALLED, generate 1 tokens, offset=81378317072 ns
        ON_TOKENS_RETURNED, offset=81378318618 ns
        ON_TOKENS_CALLED, generate 1 tokens, offset=82300799490 ns
        ON_TOKENS_RETURNED, offset=82300800927 ns
        ON_TOKENS_CALLED, generate 1 tokens, offset=83263163804 ns
        ON_TOKENS_RETURNED, offset=83263164882 ns
        ON_TOKENS_CALLED, generate 1 tokens, offset=84219785610 ns
        ON_TOKENS_RETURNED, offset=84219787137 ns
        ON_TOKENS_CALLED, generate 1 tokens, offset=85224738993 ns
        ON_TOKENS_RETURNED, offset=85224741669 ns
        ON_TOKENS_CALLED, generate 1 tokens, offset=86232616193 ns
        ON_TOKENS_RETURNED, offset=86232618304 ns
        ON_TOKENS_CALLED, generate 1 tokens, offset=87277719866 ns
        ON_TOKENS_RETURNED, offset=87277721435 ns
        ON_TOKENS_CALLED, generate 1 tokens, offset=88315220216 ns
        ON_TOKENS_RETURNED, offset=88315221447 ns
        ON_TOKENS_CALLED, generate 1 tokens, offset=89400374853 ns
        ON_TOKENS_RETURNED, offset=89400376105 ns
        ON_TOKENS_CALLED, generate 1 tokens, offset=90484127036 ns
        ON_TOKENS_RETURNED, offset=90484128761 ns
        ON_TOKENS_CALLED, generate 1 tokens, offset=91608451085 ns
        ON_TOKENS_RETURNED, offset=91608456542 ns
        ON_TOKENS_CALLED, generate 1 tokens, offset=92725302954 ns
        ON_TOKENS_RETURNED, offset=92725304861 ns
        ON_TOKENS_CALLED, generate 1 tokens, offset=93890132498 ns
        ON_TOKENS_RETURNED, offset=93890133584 ns
        ON_TOKENS_CALLED, generate 1 tokens, offset=95055496206 ns
        ON_TOKENS_RETURNED, offset=95055497580 ns
        ON_TOKENS_CALLED, generate 1 tokens, offset=96262100511 ns
        ON_TOKENS_RETURNED, offset=96262103233 ns
        ON_TOKENS_CALLED, generate 1 tokens, offset=97453212361 ns
        ON_TOKENS_RETURNED, offset=97453213738 ns
        ON_TOKENS_CALLED, generate 1 tokens, offset=98697177139 ns
        ON_TOKENS_RETURNED, offset=98697178590 ns
        ON_TOKENS_CALLED, generate 1 tokens, offset=99936700280 ns
        ON_TOKENS_RETURNED, offset=99936701446 ns
        ON_TOKENS_CALLED, generate 1 tokens, offset=101217676346 ns
        ON_TOKENS_RETURNED, offset=101217678228 ns
        ON_TOKENS_CALLED, generate 1 tokens, offset=102482193781 ns
        ON_TOKENS_RETURNED, offset=102482196441 ns
        ON_TOKENS_CALLED, generate 1 tokens, offset=103799675808 ns
        ON_TOKENS_RETURNED, offset=103799677162 ns
        ON_TOKENS_CALLED, generate 1 tokens, offset=105114362683 ns
        ON_TOKENS_RETURNED, offset=105114366103 ns
        ON_TOKENS_CALLED, generate 1 tokens, offset=106470437295 ns
        ON_TOKENS_RETURNED, offset=106470438639 ns
        ON_TOKENS_CALLED, generate 1 tokens, offset=107808380084 ns
        ON_TOKENS_RETURNED, offset=107808381160 ns
        ON_TOKENS_CALLED, generate 1 tokens, offset=109203394782 ns
        ON_TOKENS_RETURNED, offset=109203396190 ns
        ON_TOKENS_CALLED, generate 1 tokens, offset=110594040069 ns
        ON_TOKENS_RETURNED, offset=110594042725 ns
        ON_TOKENS_CALLED, generate 1 tokens, offset=112029573880 ns
        ON_TOKENS_RETURNED, offset=112029575596 ns
        ON_TOKENS_CALLED, generate 1 tokens, offset=113447010515 ns
        ON_TOKENS_RETURNED, offset=113447011946 ns
        ON_TOKENS_CALLED, generate 1 tokens, offset=114919526793 ns
        ON_TOKENS_RETURNED, offset=114919529070 ns
        ON_TOKENS_CALLED, generate 1 tokens, offset=116384234256 ns
        ON_TOKENS_RETURNED, offset=116384235307 ns
        ON_TOKENS_CALLED, generate 1 tokens, offset=117895145950 ns
        ON_TOKENS_RETURNED, offset=117895146899 ns
        ON_TOKENS_CALLED, generate 1 tokens, offset=119387165514 ns
        ON_TOKENS_RETURNED, offset=119387166587 ns
        ON_TOKENS_CALLED, generate 1 tokens, offset=120932105406 ns
        ON_TOKENS_RETURNED, offset=120932106657 ns
        ON_TOKENS_CALLED, generate 1 tokens, offset=122469480319 ns
        ON_TOKENS_RETURNED, offset=122469481257 ns
        ON_TOKENS_CALLED, generate 1 tokens, offset=124054958021 ns
        ON_TOKENS_RETURNED, offset=124054959082 ns
        ON_TOKENS_CALLED, generate 1 tokens, offset=125620729080 ns
        ON_TOKENS_RETURNED, offset=125620730233 ns
        ON_TOKENS_CALLED, generate 1 tokens, offset=127241746143 ns
        ON_TOKENS_RETURNED, offset=127241748265 ns
        ON_TOKENS_CALLED, generate 1 tokens, offset=128854933740 ns
        ON_TOKENS_RETURNED, offset=128854934831 ns
        ON_TOKENS_CALLED, generate 1 tokens, offset=130519021510 ns
        ON_TOKENS_RETURNED, offset=130519022771 ns
        ON_TOKENS_CALLED, generate 1 tokens, offset=132162008997 ns
        ON_TOKENS_RETURNED, offset=132162011299 ns
        ON_TOKENS_CALLED, generate 1 tokens, offset=133869634750 ns
        ON_TOKENS_RETURNED, offset=133869847134 ns
        ON_TOKENS_CALLED, generate 1 tokens, offset=135562950169 ns
        ON_TOKENS_RETURNED, offset=135562957936 ns
[15:35:03.929127096|thread 2901770|cpu 263] [debug] #EVT# HandleDetails::is_anomalous() handle_id=2 time in state STATE_OPENED exceeded threshold: 65226627380 ns
[15:35:03.929130461|thread 2901770|cpu 263] [debug] #EVT#   Handle,     2, Created, 753969409671916, Last, 754104972989579, Prompted,  8191, Generated,    64, Input TPS, 125.59, Output TPS:  0.79, Callbacks,    64, prompt parsing complete, open
[15:35:03.929145936|thread 2901770|cpu 263] [info ] #EVT#   Handle 2 history:
        SESSION_OPEN, prompt 8192 tokens, offset=0 ns
        PROMPT_TOKENS_REUSE, offset=65226610623 ns
        ON_START_CALLED, offset=65226627380 ns
        ON_START_RETURNED, offset=65226793678 ns
        ON_TOKENS_CALLED, generate 1 tokens, offset=65226802585 ns
        ON_TOKENS_RETURNED, offset=65226803558 ns
        ON_TOKENS_CALLED, generate 1 tokens, offset=65758952755 ns
        ON_TOKENS_RETURNED, offset=65758955335 ns
        ON_TOKENS_CALLED, generate 1 tokens, offset=66321246839 ns
        ON_TOKENS_RETURNED, offset=66321248336 ns
        ON_TOKENS_CALLED, generate 1 tokens, offset=66920702332 ns
        ON_TOKENS_RETURNED, offset=66920703689 ns
        ON_TOKENS_CALLED, generate 1 tokens, offset=67553876797 ns
        ON_TOKENS_RETURNED, offset=67553879550 ns
        ON_TOKENS_CALLED, generate 1 tokens, offset=68208166445 ns
        ON_TOKENS_RETURNED, offset=68208167548 ns
        ON_TOKENS_CALLED, generate 1 tokens, offset=68879743933 ns
        ON_TOKENS_RETURNED, offset=68879745213 ns
        ON_TOKENS_CALLED, generate 1 tokens, offset=69560983300 ns
        ON_TOKENS_RETURNED, offset=69560984489 ns
        ON_TOKENS_CALLED, generate 1 tokens, offset=70258539086 ns
        ON_TOKENS_RETURNED, offset=70258540404 ns
        ON_TOKENS_CALLED, generate 1 tokens, offset=70963368022 ns
        ON_TOKENS_RETURNED, offset=70963369391 ns
        ON_TOKENS_CALLED, generate 1 tokens, offset=71683034503 ns
        ON_TOKENS_RETURNED, offset=71683035524 ns
        ON_TOKENS_CALLED, generate 1 tokens, offset=72411687805 ns
        ON_TOKENS_RETURNED, offset=72411689185 ns
        ON_TOKENS_CALLED, generate 1 tokens, offset=73156226708 ns
        ON_TOKENS_RETURNED, offset=73156228834 ns
        ON_TOKENS_CALLED, generate 1 tokens, offset=73899754378 ns
        ON_TOKENS_RETURNED, offset=73899756717 ns
        ON_TOKENS_CALLED, generate 1 tokens, offset=74660091474 ns
        ON_TOKENS_RETURNED, offset=74660093467 ns
        ON_TOKENS_CALLED, generate 1 tokens, offset=75431716630 ns
        ON_TOKENS_RETURNED, offset=75431718424 ns
        ON_TOKENS_CALLED, generate 1 tokens, offset=76224045776 ns
        ON_TOKENS_RETURNED, offset=76224067627 ns
        ON_TOKENS_CALLED, generate 1 tokens, offset=77020473638 ns
        ON_TOKENS_RETURNED, offset=77020476401 ns
        ON_TOKENS_CALLED, generate 1 tokens, offset=77856471325 ns
        ON_TOKENS_RETURNED, offset=77856472598 ns
        ON_TOKENS_CALLED, generate 1 tokens, offset=78699025925 ns
        ON_TOKENS_RETURNED, offset=78699027075 ns
        ON_TOKENS_CALLED, generate 1 tokens, offset=79577241710 ns
        ON_TOKENS_RETURNED, offset=79577243007 ns
        ON_TOKENS_CALLED, generate 1 tokens, offset=80458940892 ns
        ON_TOKENS_RETURNED, offset=80458942620 ns
        ON_TOKENS_CALLED, generate 1 tokens, offset=81378677720 ns
        ON_TOKENS_RETURNED, offset=81378680083 ns
        ON_TOKENS_CALLED, generate 1 tokens, offset=82301175878 ns
        ON_TOKENS_RETURNED, offset=82301176615 ns
        ON_TOKENS_CALLED, generate 1 tokens, offset=83263529665 ns
        ON_TOKENS_RETURNED, offset=83263531169 ns
        ON_TOKENS_CALLED, generate 1 tokens, offset=84220150925 ns
        ON_TOKENS_RETURNED, offset=84220153950 ns
        ON_TOKENS_CALLED, generate 1 tokens, offset=85225103196 ns
        ON_TOKENS_RETURNED, offset=85225104836 ns
        ON_TOKENS_CALLED, generate 1 tokens, offset=86232987593 ns
        ON_TOKENS_RETURNED, offset=86232989210 ns
        ON_TOKENS_CALLED, generate 1 tokens, offset=87278082491 ns
        ON_TOKENS_RETURNED, offset=87278083962 ns
        ON_TOKENS_CALLED, generate 1 tokens, offset=88315591161 ns
        ON_TOKENS_RETURNED, offset=88315592461 ns
        ON_TOKENS_CALLED, generate 1 tokens, offset=89400740801 ns
        ON_TOKENS_RETURNED, offset=89400742281 ns
        ON_TOKENS_CALLED, generate 1 tokens, offset=90484488325 ns
        ON_TOKENS_RETURNED, offset=90484491095 ns
        ON_TOKENS_CALLED, generate 1 tokens, offset=91608815323 ns
        ON_TOKENS_RETURNED, offset=91608835215 ns
        ON_TOKENS_CALLED, generate 1 tokens, offset=92725683254 ns
        ON_TOKENS_RETURNED, offset=92725684342 ns
        ON_TOKENS_CALLED, generate 1 tokens, offset=93890503209 ns
        ON_TOKENS_RETURNED, offset=93890504864 ns
        ON_TOKENS_CALLED, generate 1 tokens, offset=95055862379 ns
        ON_TOKENS_RETURNED, offset=95055864878 ns
        ON_TOKENS_CALLED, generate 1 tokens, offset=96262464712 ns
        ON_TOKENS_RETURNED, offset=96262467449 ns
        ON_TOKENS_CALLED, generate 1 tokens, offset=97453577239 ns
        ON_TOKENS_RETURNED, offset=97453579501 ns
        ON_TOKENS_CALLED, generate 1 tokens, offset=98697541838 ns
        ON_TOKENS_RETURNED, offset=98697544318 ns
        ON_TOKENS_CALLED, generate 1 tokens, offset=99937066150 ns
        ON_TOKENS_RETURNED, offset=99937067595 ns
        ON_TOKENS_CALLED, generate 1 tokens, offset=101218041119 ns
        ON_TOKENS_RETURNED, offset=101218042342 ns
        ON_TOKENS_CALLED, generate 1 tokens, offset=102482569236 ns
        ON_TOKENS_RETURNED, offset=102482570858 ns
        ON_TOKENS_CALLED, generate 1 tokens, offset=103800039447 ns
        ON_TOKENS_RETURNED, offset=103800041419 ns
        ON_TOKENS_CALLED, generate 1 tokens, offset=105114728746 ns
        ON_TOKENS_RETURNED, offset=105114730027 ns
        ON_TOKENS_CALLED, generate 1 tokens, offset=106470803675 ns
        ON_TOKENS_RETURNED, offset=106470804649 ns
        ON_TOKENS_CALLED, generate 1 tokens, offset=107808744511 ns
        ON_TOKENS_RETURNED, offset=107808745515 ns
        ON_TOKENS_CALLED, generate 1 tokens, offset=109203762095 ns
        ON_TOKENS_RETURNED, offset=109203764264 ns
        ON_TOKENS_CALLED, generate 1 tokens, offset=110594407606 ns
        ON_TOKENS_RETURNED, offset=110594409193 ns
        ON_TOKENS_CALLED, generate 1 tokens, offset=112029940865 ns
        ON_TOKENS_RETURNED, offset=112029942223 ns
        ON_TOKENS_CALLED, generate 1 tokens, offset=113447369617 ns
        ON_TOKENS_RETURNED, offset=113447371576 ns
        ON_TOKENS_CALLED, generate 1 tokens, offset=114919889948 ns
        ON_TOKENS_RETURNED, offset=114919892444 ns
        ON_TOKENS_CALLED, generate 1 tokens, offset=116384599988 ns
        ON_TOKENS_RETURNED, offset=116384601856 ns
        ON_TOKENS_CALLED, generate 1 tokens, offset=117895519473 ns
        ON_TOKENS_RETURNED, offset=117895520676 ns
        ON_TOKENS_CALLED, generate 1 tokens, offset=119387521592 ns
        ON_TOKENS_RETURNED, offset=119387523427 ns
        ON_TOKENS_CALLED, generate 1 tokens, offset=120932473761 ns
        ON_TOKENS_RETURNED, offset=120932475303 ns
        ON_TOKENS_CALLED, generate 1 tokens, offset=122469843127 ns
        ON_TOKENS_RETURNED, offset=122469844198 ns
        ON_TOKENS_CALLED, generate 1 tokens, offset=124055314227 ns
        ON_TOKENS_RETURNED, offset=124055317724 ns
        ON_TOKENS_CALLED, generate 1 tokens, offset=125621090645 ns
        ON_TOKENS_RETURNED, offset=125621092884 ns
        ON_TOKENS_CALLED, generate 1 tokens, offset=127242115354 ns
        ON_TOKENS_RETURNED, offset=127242118036 ns
        ON_TOKENS_CALLED, generate 1 tokens, offset=128855297867 ns
        ON_TOKENS_RETURNED, offset=128855300053 ns
        ON_TOKENS_CALLED, generate 1 tokens, offset=130519389412 ns
        ON_TOKENS_RETURNED, offset=130519391165 ns
        ON_TOKENS_CALLED, generate 1 tokens, offset=132162373247 ns
        ON_TOKENS_RETURNED, offset=132162374483 ns
        ON_TOKENS_CALLED, generate 1 tokens, offset=133870005988 ns
        ON_TOKENS_RETURNED, offset=133870160074 ns
        ON_TOKENS_CALLED, generate 1 tokens, offset=135563309906 ns
        ON_TOKENS_RETURNED, offset=135563317663 ns
[15:35:03.929161341|thread 2901770|cpu 263] [debug] #EVT# HandleDetails::is_anomalous() handle_id=1 time in state STATE_OPENED exceeded threshold: 65226649810 ns
[15:35:03.929163902|thread 2901770|cpu 263] [debug] #EVT#   Handle,     1, Created, 753969409649285, Last, 754104972994545, Prompted,  8192, Generated,    64, Input TPS, 125.59, Output TPS:  0.79, Callbacks,    64, prompt parsing complete, open
[15:35:03.929181363|thread 2901770|cpu 263] [info ] #EVT#   Handle 1 history:
        SESSION_OPEN, prompt 8192 tokens, offset=0 ns
        PROMPT_TOKENS_REUSE, offset=65226633211 ns
        ON_START_CALLED, offset=65226649810 ns
        ON_START_RETURNED, offset=65226722265 ns
        ON_TOKENS_CALLED, generate 1 tokens, offset=65226734111 ns
        ON_TOKENS_RETURNED, offset=65226735722 ns
        ON_TOKENS_CALLED, generate 1 tokens, offset=65758974388 ns
        ON_TOKENS_RETURNED, offset=65758976560 ns
        ON_TOKENS_CALLED, generate 1 tokens, offset=66321267763 ns
        ON_TOKENS_RETURNED, offset=66321270166 ns
        ON_TOKENS_CALLED, generate 1 tokens, offset=66920729837 ns
        ON_TOKENS_RETURNED, offset=66920730777 ns
        ON_TOKENS_CALLED, generate 1 tokens, offset=67553898170 ns
        ON_TOKENS_RETURNED, offset=67553900795 ns
        ON_TOKENS_CALLED, generate 1 tokens, offset=68208188269 ns
        ON_TOKENS_RETURNED, offset=68208190424 ns
        ON_TOKENS_CALLED, generate 1 tokens, offset=68879761351 ns
        ON_TOKENS_RETURNED, offset=68879763522 ns
        ON_TOKENS_CALLED, generate 1 tokens, offset=69561004496 ns
        ON_TOKENS_RETURNED, offset=69561005598 ns
        ON_TOKENS_CALLED, generate 1 tokens, offset=70258559727 ns
        ON_TOKENS_RETURNED, offset=70258562329 ns
        ON_TOKENS_CALLED, generate 1 tokens, offset=70963392493 ns
        ON_TOKENS_RETURNED, offset=70963393570 ns
        ON_TOKENS_CALLED, generate 1 tokens, offset=71683060946 ns
        ON_TOKENS_RETURNED, offset=71683062164 ns
        ON_TOKENS_CALLED, generate 1 tokens, offset=72411708830 ns
        ON_TOKENS_RETURNED, offset=72411711087 ns
        ON_TOKENS_CALLED, generate 1 tokens, offset=73156247104 ns
        ON_TOKENS_RETURNED, offset=73156248278 ns
        ON_TOKENS_CALLED, generate 1 tokens, offset=73899773389 ns
        ON_TOKENS_RETURNED, offset=73899774493 ns
        ON_TOKENS_CALLED, generate 1 tokens, offset=74660112549 ns
        ON_TOKENS_RETURNED, offset=74660115321 ns
        ON_TOKENS_CALLED, generate 1 tokens, offset=75431738772 ns
        ON_TOKENS_RETURNED, offset=75431741248 ns
        ON_TOKENS_CALLED, generate 1 tokens, offset=76224073546 ns
        ON_TOKENS_RETURNED, offset=76224102872 ns
        ON_TOKENS_CALLED, generate 1 tokens, offset=77020499723 ns
        ON_TOKENS_RETURNED, offset=77020501691 ns
        ON_TOKENS_CALLED, generate 1 tokens, offset=77856491498 ns
        ON_TOKENS_RETURNED, offset=77856492575 ns
        ON_TOKENS_CALLED, generate 1 tokens, offset=78699043335 ns
        ON_TOKENS_RETURNED, offset=78699046379 ns
        ON_TOKENS_CALLED, generate 1 tokens, offset=79577263256 ns
        ON_TOKENS_RETURNED, offset=79577264822 ns
        ON_TOKENS_CALLED, generate 1 tokens, offset=80458961899 ns
        ON_TOKENS_RETURNED, offset=80458962730 ns
        ON_TOKENS_CALLED, generate 1 tokens, offset=81378700600 ns
        ON_TOKENS_RETURNED, offset=81378702979 ns
        ON_TOKENS_CALLED, generate 1 tokens, offset=82301186494 ns
        ON_TOKENS_RETURNED, offset=82301187518 ns
        ON_TOKENS_CALLED, generate 1 tokens, offset=83263550232 ns
        ON_TOKENS_RETURNED, offset=83263553329 ns
        ON_TOKENS_CALLED, generate 1 tokens, offset=84220177153 ns
        ON_TOKENS_RETURNED, offset=84220179132 ns
        ON_TOKENS_CALLED, generate 1 tokens, offset=85225125303 ns
        ON_TOKENS_RETURNED, offset=85225127520 ns
        ON_TOKENS_CALLED, generate 1 tokens, offset=86233006646 ns
        ON_TOKENS_RETURNED, offset=86233008973 ns
        ON_TOKENS_CALLED, generate 1 tokens, offset=87278101635 ns
        ON_TOKENS_RETURNED, offset=87278103218 ns
        ON_TOKENS_CALLED, generate 1 tokens, offset=88315613402 ns
        ON_TOKENS_RETURNED, offset=88315614806 ns
        ON_TOKENS_CALLED, generate 1 tokens, offset=89400761210 ns
        ON_TOKENS_RETURNED, offset=89400763858 ns
        ON_TOKENS_CALLED, generate 1 tokens, offset=90484510100 ns
        ON_TOKENS_RETURNED, offset=90484513147 ns
        ON_TOKENS_CALLED, generate 1 tokens, offset=91608837709 ns
        ON_TOKENS_RETURNED, offset=91608863293 ns
        ON_TOKENS_CALLED, generate 1 tokens, offset=92725689251 ns
        ON_TOKENS_RETURNED, offset=92725691734 ns
        ON_TOKENS_CALLED, generate 1 tokens, offset=93890521507 ns
        ON_TOKENS_RETURNED, offset=93890523253 ns
        ON_TOKENS_CALLED, generate 1 tokens, offset=95055881939 ns
        ON_TOKENS_RETURNED, offset=95055883019 ns
        ON_TOKENS_CALLED, generate 1 tokens, offset=96262485840 ns
        ON_TOKENS_RETURNED, offset=96262486805 ns
        ON_TOKENS_CALLED, generate 1 tokens, offset=97453599490 ns
        ON_TOKENS_RETURNED, offset=97453601152 ns
        ON_TOKENS_CALLED, generate 1 tokens, offset=98697562597 ns
        ON_TOKENS_RETURNED, offset=98697563723 ns
        ON_TOKENS_CALLED, generate 1 tokens, offset=99937088272 ns
        ON_TOKENS_RETURNED, offset=99937089146 ns
        ON_TOKENS_CALLED, generate 1 tokens, offset=101218064215 ns
        ON_TOKENS_RETURNED, offset=101218066293 ns
        ON_TOKENS_CALLED, generate 1 tokens, offset=102482590608 ns
        ON_TOKENS_RETURNED, offset=102482592526 ns
        ON_TOKENS_CALLED, generate 1 tokens, offset=103800057579 ns
        ON_TOKENS_RETURNED, offset=103800058360 ns
        ON_TOKENS_CALLED, generate 1 tokens, offset=105114751467 ns
        ON_TOKENS_RETURNED, offset=105114753332 ns
        ON_TOKENS_CALLED, generate 1 tokens, offset=106470818845 ns
        ON_TOKENS_RETURNED, offset=106470820616 ns
        ON_TOKENS_CALLED, generate 1 tokens, offset=107808765120 ns
        ON_TOKENS_RETURNED, offset=107808766477 ns
        ON_TOKENS_CALLED, generate 1 tokens, offset=109203780456 ns
        ON_TOKENS_RETURNED, offset=109203781492 ns
        ON_TOKENS_CALLED, generate 1 tokens, offset=110594429376 ns
        ON_TOKENS_RETURNED, offset=110594430111 ns
        ON_TOKENS_CALLED, generate 1 tokens, offset=112029962770 ns
        ON_TOKENS_RETURNED, offset=112029965341 ns
        ON_TOKENS_CALLED, generate 1 tokens, offset=113447391088 ns
        ON_TOKENS_RETURNED, offset=113447393686 ns
        ON_TOKENS_CALLED, generate 1 tokens, offset=114919910815 ns
        ON_TOKENS_RETURNED, offset=114919913350 ns
        ON_TOKENS_CALLED, generate 1 tokens, offset=116384621120 ns
        ON_TOKENS_RETURNED, offset=116384623769 ns
        ON_TOKENS_CALLED, generate 1 tokens, offset=117895537733 ns
        ON_TOKENS_RETURNED, offset=117895539105 ns
        ON_TOKENS_CALLED, generate 1 tokens, offset=119387543679 ns
        ON_TOKENS_RETURNED, offset=119387544952 ns
        ON_TOKENS_CALLED, generate 1 tokens, offset=120932488145 ns
        ON_TOKENS_RETURNED, offset=120932489470 ns
        ON_TOKENS_CALLED, generate 1 tokens, offset=122469867872 ns
        ON_TOKENS_RETURNED, offset=122469870141 ns
        ON_TOKENS_CALLED, generate 1 tokens, offset=124055339649 ns
        ON_TOKENS_RETURNED, offset=124055342606 ns
        ON_TOKENS_CALLED, generate 1 tokens, offset=125621111900 ns
        ON_TOKENS_RETURNED, offset=125621114183 ns
        ON_TOKENS_CALLED, generate 1 tokens, offset=127242132228 ns
        ON_TOKENS_RETURNED, offset=127242134279 ns
        ON_TOKENS_CALLED, generate 1 tokens, offset=128855319673 ns
        ON_TOKENS_RETURNED, offset=128855321168 ns
        ON_TOKENS_CALLED, generate 1 tokens, offset=130519416335 ns
        ON_TOKENS_RETURNED, offset=130519417302 ns
        ON_TOKENS_CALLED, generate 1 tokens, offset=132162395781 ns
        ON_TOKENS_RETURNED, offset=132162397667 ns
        ON_TOKENS_CALLED, generate 1 tokens, offset=133870028485 ns
        ON_TOKENS_RETURNED, offset=133870196735 ns
        ON_TOKENS_CALLED, generate 1 tokens, offset=135563335901 ns
        ON_TOKENS_RETURNED, offset=135563345260 ns
[15:35:03.929193982|thread 2901770|cpu 263] [debug] #EVT# HandleDetails::is_anomalous() handle_id=15 time in state STATE_OPENED exceeded threshold: 65226479215 ns
[15:35:03.929195828|thread 2901770|cpu 263] [debug] #EVT#   Handle,    15, Created, 753969409822228, Last, 754104972989708, Prompted,  8191, Generated,    64, Input TPS, 125.59, Output TPS:  0.79, Callbacks,    64, prompt parsing complete, open
[15:35:03.929209834|thread 2901770|cpu 263] [info ] #EVT#   Handle 15 history:
        SESSION_OPEN, prompt 8192 tokens, offset=0 ns
        PROMPT_TOKENS_REUSE, offset=65226462120 ns
        ON_START_CALLED, offset=65226479215 ns
        ON_START_RETURNED, offset=65226594055 ns
        ON_TOKENS_CALLED, generate 1 tokens, offset=65226603348 ns
        ON_TOKENS_RETURNED, offset=65226604264 ns
        ON_TOKENS_CALLED, generate 1 tokens, offset=65758803443 ns
        ON_TOKENS_RETURNED, offset=65758804870 ns
        ON_TOKENS_CALLED, generate 1 tokens, offset=66321098293 ns
        ON_TOKENS_RETURNED, offset=66321099253 ns
        ON_TOKENS_CALLED, generate 1 tokens, offset=66920551554 ns
        ON_TOKENS_RETURNED, offset=66920553139 ns
        ON_TOKENS_CALLED, generate 1 tokens, offset=67553728404 ns
        ON_TOKENS_RETURNED, offset=67553729753 ns
        ON_TOKENS_CALLED, generate 1 tokens, offset=68208018292 ns
        ON_TOKENS_RETURNED, offset=68208019389 ns
        ON_TOKENS_CALLED, generate 1 tokens, offset=68879591388 ns
        ON_TOKENS_RETURNED, offset=68879593876 ns
        ON_TOKENS_CALLED, generate 1 tokens, offset=69560834348 ns
        ON_TOKENS_RETURNED, offset=69560834922 ns
        ON_TOKENS_CALLED, generate 1 tokens, offset=70258390215 ns
        ON_TOKENS_RETURNED, offset=70258391418 ns
        ON_TOKENS_CALLED, generate 1 tokens, offset=70963217861 ns
        ON_TOKENS_RETURNED, offset=70963219622 ns
        ON_TOKENS_CALLED, generate 1 tokens, offset=71682879777 ns
        ON_TOKENS_RETURNED, offset=71682881635 ns
        ON_TOKENS_CALLED, generate 1 tokens, offset=72411538939 ns
        ON_TOKENS_RETURNED, offset=72411540035 ns
        ON_TOKENS_CALLED, generate 1 tokens, offset=73156077414 ns
        ON_TOKENS_RETURNED, offset=73156079810 ns
        ON_TOKENS_CALLED, generate 1 tokens, offset=73899603421 ns
        ON_TOKENS_RETURNED, offset=73899606006 ns
        ON_TOKENS_CALLED, generate 1 tokens, offset=74659941587 ns
        ON_TOKENS_RETURNED, offset=74659944717 ns
        ON_TOKENS_CALLED, generate 1 tokens, offset=75431567919 ns
        ON_TOKENS_RETURNED, offset=75431570267 ns
        ON_TOKENS_CALLED, generate 1 tokens, offset=76223903874 ns
        ON_TOKENS_RETURNED, offset=76223917657 ns
        ON_TOKENS_CALLED, generate 1 tokens, offset=77020325590 ns
        ON_TOKENS_RETURNED, offset=77020327011 ns
        ON_TOKENS_CALLED, generate 1 tokens, offset=77856321458 ns
        ON_TOKENS_RETURNED, offset=77856322520 ns
        ON_TOKENS_CALLED, generate 1 tokens, offset=78698874549 ns
        ON_TOKENS_RETURNED, offset=78698876350 ns
        ON_TOKENS_CALLED, generate 1 tokens, offset=79577088867 ns
        ON_TOKENS_RETURNED, offset=79577091518 ns
        ON_TOKENS_CALLED, generate 1 tokens, offset=80458790775 ns
        ON_TOKENS_RETURNED, offset=80458792651 ns
        ON_TOKENS_CALLED, generate 1 tokens, offset=81378533263 ns
        ON_TOKENS_RETURNED, offset=81378534737 ns
        ON_TOKENS_CALLED, generate 1 tokens, offset=82301017187 ns
        ON_TOKENS_RETURNED, offset=82301018174 ns
        ON_TOKENS_CALLED, generate 1 tokens, offset=83263380409 ns
        ON_TOKENS_RETURNED, offset=83263383045 ns
        ON_TOKENS_CALLED, generate 1 tokens, offset=84220002320 ns
        ON_TOKENS_RETURNED, offset=84220004593 ns
        ON_TOKENS_CALLED, generate 1 tokens, offset=85224953628 ns
        ON_TOKENS_RETURNED, offset=85224954919 ns
        ON_TOKENS_CALLED, generate 1 tokens, offset=86232837214 ns
        ON_TOKENS_RETURNED, offset=86232839566 ns
        ON_TOKENS_CALLED, generate 1 tokens, offset=87277932489 ns
        ON_TOKENS_RETURNED, offset=87277933887 ns
        ON_TOKENS_CALLED, generate 1 tokens, offset=88315437962 ns
        ON_TOKENS_RETURNED, offset=88315439284 ns
        ON_TOKENS_CALLED, generate 1 tokens, offset=89400591301 ns
        ON_TOKENS_RETURNED, offset=89400592513 ns
        ON_TOKENS_CALLED, generate 1 tokens, offset=90484341563 ns
        ON_TOKENS_RETURNED, offset=90484343792 ns
        ON_TOKENS_CALLED, generate 1 tokens, offset=91608665767 ns
        ON_TOKENS_RETURNED, offset=91608672089 ns
        ON_TOKENS_CALLED, generate 1 tokens, offset=92725530128 ns
        ON_TOKENS_RETURNED, offset=92725531556 ns
        ON_TOKENS_CALLED, generate 1 tokens, offset=93890355319 ns
        ON_TOKENS_RETURNED, offset=93890356330 ns
        ON_TOKENS_CALLED, generate 1 tokens, offset=95055710265 ns
        ON_TOKENS_RETURNED, offset=95055711552 ns
        ON_TOKENS_CALLED, generate 1 tokens, offset=96262315690 ns
        ON_TOKENS_RETURNED, offset=96262316778 ns
        ON_TOKENS_CALLED, generate 1 tokens, offset=97453428989 ns
        ON_TOKENS_RETURNED, offset=97453430029 ns
        ON_TOKENS_CALLED, generate 1 tokens, offset=98697393025 ns
        ON_TOKENS_RETURNED, offset=98697395621 ns
        ON_TOKENS_CALLED, generate 1 tokens, offset=99936918969 ns
        ON_TOKENS_RETURNED, offset=99936920291 ns
        ON_TOKENS_CALLED, generate 1 tokens, offset=101217891835 ns
        ON_TOKENS_RETURNED, offset=101217892895 ns
        ON_TOKENS_CALLED, generate 1 tokens, offset=102482415803 ns
        ON_TOKENS_RETURNED, offset=102482418602 ns
        ON_TOKENS_CALLED, generate 1 tokens, offset=103799892885 ns
        ON_TOKENS_RETURNED, offset=103799894047 ns
        ON_TOKENS_CALLED, generate 1 tokens, offset=105114581092 ns
        ON_TOKENS_RETURNED, offset=105114582036 ns
        ON_TOKENS_CALLED, generate 1 tokens, offset=106470656337 ns
        ON_TOKENS_RETURNED, offset=106470657479 ns
        ON_TOKENS_CALLED, generate 1 tokens, offset=107808596794 ns
        ON_TOKENS_RETURNED, offset=107808598359 ns
        ON_TOKENS_CALLED, generate 1 tokens, offset=109203610983 ns
        ON_TOKENS_RETURNED, offset=109203613072 ns
        ON_TOKENS_CALLED, generate 1 tokens, offset=110594256181 ns
        ON_TOKENS_RETURNED, offset=110594258822 ns
        ON_TOKENS_CALLED, generate 1 tokens, offset=112029796512 ns
        ON_TOKENS_RETURNED, offset=112029797579 ns
        ON_TOKENS_CALLED, generate 1 tokens, offset=113447221198 ns
        ON_TOKENS_RETURNED, offset=113447222512 ns
        ON_TOKENS_CALLED, generate 1 tokens, offset=114919740820 ns
        ON_TOKENS_RETURNED, offset=114919742357 ns
        ON_TOKENS_CALLED, generate 1 tokens, offset=116384466018 ns
        ON_TOKENS_RETURNED, offset=116384466868 ns
        ON_TOKENS_CALLED, generate 1 tokens, offset=117895359834 ns
        ON_TOKENS_RETURNED, offset=117895361640 ns
        ON_TOKENS_CALLED, generate 1 tokens, offset=119387372930 ns
        ON_TOKENS_RETURNED, offset=119387374005 ns
        ON_TOKENS_CALLED, generate 1 tokens, offset=120932322650 ns
        ON_TOKENS_RETURNED, offset=120932324009 ns
        ON_TOKENS_CALLED, generate 1 tokens, offset=122469697478 ns
        ON_TOKENS_RETURNED, offset=122469698110 ns
        ON_TOKENS_CALLED, generate 1 tokens, offset=124055169323 ns
        ON_TOKENS_RETURNED, offset=124055170747 ns
        ON_TOKENS_CALLED, generate 1 tokens, offset=125620941435 ns
        ON_TOKENS_RETURNED, offset=125620943111 ns
        ON_TOKENS_CALLED, generate 1 tokens, offset=127241961990 ns
        ON_TOKENS_RETURNED, offset=127241964300 ns
        ON_TOKENS_CALLED, generate 1 tokens, offset=128855151183 ns
        ON_TOKENS_RETURNED, offset=128855153114 ns
        ON_TOKENS_CALLED, generate 1 tokens, offset=130519254292 ns
        ON_TOKENS_RETURNED, offset=130519255481 ns
        ON_TOKENS_CALLED, generate 1 tokens, offset=132162223775 ns
        ON_TOKENS_RETURNED, offset=132162224981 ns
        ON_TOKENS_CALLED, generate 1 tokens, offset=133869856393 ns
        ON_TOKENS_RETURNED, offset=133870081744 ns
        ON_TOKENS_CALLED, generate 1 tokens, offset=135563159797 ns
        ON_TOKENS_RETURNED, offset=135563167480 ns
[15:35:03.929219845|thread 2901770|cpu 263] [debug] #EVT# HandleDetails::is_anomalous() handle_id=20 time in state STATE_OPENED exceeded threshold: 65226419563 ns
[15:35:03.929221422|thread 2901770|cpu 263] [debug] #EVT#   Handle,    20, Created, 753969409879343, Last, 754104972989642, Prompted,  8191, Generated,    64, Input TPS, 125.59, Output TPS:  0.79, Callbacks,    64, prompt parsing complete, open
[15:35:03.929234966|thread 2901770|cpu 263] [info ] #EVT#   Handle 20 history:
        SESSION_OPEN, prompt 8192 tokens, offset=0 ns
        PROMPT_TOKENS_REUSE, offset=65226405664 ns
        ON_START_CALLED, offset=65226419563 ns
        ON_START_RETURNED, offset=65226552052 ns
        ON_TOKENS_CALLED, generate 1 tokens, offset=65226559722 ns
        ON_TOKENS_RETURNED, offset=65226560652 ns
        ON_TOKENS_CALLED, generate 1 tokens, offset=65758748726 ns
        ON_TOKENS_RETURNED, offset=65758751288 ns
        ON_TOKENS_CALLED, generate 1 tokens, offset=66321042497 ns
        ON_TOKENS_RETURNED, offset=66321043365 ns
        ON_TOKENS_CALLED, generate 1 tokens, offset=66920506255 ns
        ON_TOKENS_RETURNED, offset=66920507481 ns
        ON_TOKENS_CALLED, generate 1 tokens, offset=67553665977 ns
        ON_TOKENS_RETURNED, offset=67553668969 ns
        ON_TOKENS_CALLED, generate 1 tokens, offset=68207964288 ns
        ON_TOKENS_RETURNED, offset=68207965343 ns
        ON_TOKENS_CALLED, generate 1 tokens, offset=68879535441 ns
        ON_TOKENS_RETURNED, offset=68879538037 ns
        ON_TOKENS_CALLED, generate 1 tokens, offset=69560782100 ns
        ON_TOKENS_RETURNED, offset=69560783383 ns
        ON_TOKENS_CALLED, generate 1 tokens, offset=70258335256 ns
        ON_TOKENS_RETURNED, offset=70258338180 ns
        ON_TOKENS_CALLED, generate 1 tokens, offset=70963163024 ns
        ON_TOKENS_RETURNED, offset=70963163923 ns
        ON_TOKENS_CALLED, generate 1 tokens, offset=71682824404 ns
        ON_TOKENS_RETURNED, offset=71682825784 ns
        ON_TOKENS_CALLED, generate 1 tokens, offset=72411484059 ns
        ON_TOKENS_RETURNED, offset=72411486179 ns
        ON_TOKENS_CALLED, generate 1 tokens, offset=73156022217 ns
        ON_TOKENS_RETURNED, offset=73156023489 ns
        ON_TOKENS_CALLED, generate 1 tokens, offset=73899548066 ns
        ON_TOKENS_RETURNED, offset=73899550253 ns
        ON_TOKENS_CALLED, generate 1 tokens, offset=74659887177 ns
        ON_TOKENS_RETURNED, offset=74659890031 ns
        ON_TOKENS_CALLED, generate 1 tokens, offset=75431512255 ns
        ON_TOKENS_RETURNED, offset=75431514044 ns
        ON_TOKENS_CALLED, generate 1 tokens, offset=76223848956 ns
        ON_TOKENS_RETURNED, offset=76223860787 ns
        ON_TOKENS_CALLED, generate 1 tokens, offset=77020270702 ns
        ON_TOKENS_RETURNED, offset=77020271809 ns
        ON_TOKENS_CALLED, generate 1 tokens, offset=77856266597 ns
        ON_TOKENS_RETURNED, offset=77856267954 ns
        ON_TOKENS_CALLED, generate 1 tokens, offset=78698830946 ns
        ON_TOKENS_RETURNED, offset=78698832476 ns
        ON_TOKENS_CALLED, generate 1 tokens, offset=79577032789 ns
        ON_TOKENS_RETURNED, offset=79577035350 ns
        ON_TOKENS_CALLED, generate 1 tokens, offset=80458737083 ns
        ON_TOKENS_RETURNED, offset=80458738605 ns
        ON_TOKENS_CALLED, generate 1 tokens, offset=81378480730 ns
        ON_TOKENS_RETURNED, offset=81378482033 ns
        ON_TOKENS_CALLED, generate 1 tokens, offset=82300958771 ns
        ON_TOKENS_RETURNED, offset=82300960915 ns
        ON_TOKENS_CALLED, generate 1 tokens, offset=83263325522 ns
        ON_TOKENS_RETURNED, offset=83263327583 ns
        ON_TOKENS_CALLED, generate 1 tokens, offset=84219947281 ns
        ON_TOKENS_RETURNED, offset=84219949006 ns
        ON_TOKENS_CALLED, generate 1 tokens, offset=85224898406 ns
        ON_TOKENS_RETURNED, offset=85224899834 ns
        ON_TOKENS_CALLED, generate 1 tokens, offset=86232780933 ns
        ON_TOKENS_RETURNED, offset=86232782313 ns
        ON_TOKENS_CALLED, generate 1 tokens, offset=87277880086 ns
        ON_TOKENS_RETURNED, offset=87277881039 ns
        ON_TOKENS_CALLED, generate 1 tokens, offset=88315381171 ns
        ON_TOKENS_RETURNED, offset=88315383412 ns
        ON_TOKENS_CALLED, generate 1 tokens, offset=89400536153 ns
        ON_TOKENS_RETURNED, offset=89400538661 ns
        ON_TOKENS_CALLED, generate 1 tokens, offset=90484295504 ns
        ON_TOKENS_RETURNED, offset=90484297087 ns
        ON_TOKENS_CALLED, generate 1 tokens, offset=91608612986 ns
        ON_TOKENS_RETURNED, offset=91608638746 ns
        ON_TOKENS_CALLED, generate 1 tokens, offset=92725467231 ns
        ON_TOKENS_RETURNED, offset=92725468318 ns
        ON_TOKENS_CALLED, generate 1 tokens, offset=93890296494 ns
        ON_TOKENS_RETURNED, offset=93890297277 ns
        ON_TOKENS_CALLED, generate 1 tokens, offset=95055650781 ns
        ON_TOKENS_RETURNED, offset=95055652130 ns
        ON_TOKENS_CALLED, generate 1 tokens, offset=96262261456 ns
        ON_TOKENS_RETURNED, offset=96262264234 ns
        ON_TOKENS_CALLED, generate 1 tokens, offset=97453373237 ns
        ON_TOKENS_RETURNED, offset=97453375047 ns
        ON_TOKENS_CALLED, generate 1 tokens, offset=98697337719 ns
        ON_TOKENS_RETURNED, offset=98697339459 ns
        ON_TOKENS_CALLED, generate 1 tokens, offset=99936861533 ns
        ON_TOKENS_RETURNED, offset=99936862716 ns
        ON_TOKENS_CALLED, generate 1 tokens, offset=101217836828 ns
        ON_TOKENS_RETURNED, offset=101217838059 ns
        ON_TOKENS_CALLED, generate 1 tokens, offset=102482354370 ns
        ON_TOKENS_RETURNED, offset=102482357118 ns
        ON_TOKENS_CALLED, generate 1 tokens, offset=103799834360 ns
        ON_TOKENS_RETURNED, offset=103799835333 ns
        ON_TOKENS_CALLED, generate 1 tokens, offset=105114526574 ns
        ON_TOKENS_RETURNED, offset=105114528051 ns
        ON_TOKENS_CALLED, generate 1 tokens, offset=106470603116 ns
        ON_TOKENS_RETURNED, offset=106470604456 ns
        ON_TOKENS_CALLED, generate 1 tokens, offset=107808540222 ns
        ON_TOKENS_RETURNED, offset=107808541414 ns
        ON_TOKENS_CALLED, generate 1 tokens, offset=109203554703 ns
        ON_TOKENS_RETURNED, offset=109203556354 ns
        ON_TOKENS_CALLED, generate 1 tokens, offset=110594203110 ns
        ON_TOKENS_RETURNED, offset=110594204134 ns
        ON_TOKENS_CALLED, generate 1 tokens, offset=112029737888 ns
        ON_TOKENS_RETURNED, offset=112029739025 ns
        ON_TOKENS_CALLED, generate 1 tokens, offset=113447164907 ns
        ON_TOKENS_RETURNED, offset=113447167004 ns
        ON_TOKENS_CALLED, generate 1 tokens, offset=114919685663 ns
        ON_TOKENS_RETURNED, offset=114919686736 ns
        ON_TOKENS_CALLED, generate 1 tokens, offset=116384395545 ns
        ON_TOKENS_RETURNED, offset=116384396822 ns
        ON_TOKENS_CALLED, generate 1 tokens, offset=117895304763 ns
        ON_TOKENS_RETURNED, offset=117895306758 ns
        ON_TOKENS_CALLED, generate 1 tokens, offset=119387325584 ns
        ON_TOKENS_RETURNED, offset=119387326996 ns
        ON_TOKENS_CALLED, generate 1 tokens, offset=120932263703 ns
        ON_TOKENS_RETURNED, offset=120932264437 ns
        ON_TOKENS_CALLED, generate 1 tokens, offset=122469641480 ns
        ON_TOKENS_RETURNED, offset=122469642142 ns
        ON_TOKENS_CALLED, generate 1 tokens, offset=124055114759 ns
        ON_TOKENS_RETURNED, offset=124055116345 ns
        ON_TOKENS_CALLED, generate 1 tokens, offset=125620884946 ns
        ON_TOKENS_RETURNED, offset=125620887251 ns
        ON_TOKENS_CALLED, generate 1 tokens, offset=127241906772 ns
        ON_TOKENS_RETURNED, offset=127241908845 ns
        ON_TOKENS_CALLED, generate 1 tokens, offset=128855099150 ns
        ON_TOKENS_RETURNED, offset=128855100341 ns
        ON_TOKENS_CALLED, generate 1 tokens, offset=130519180917 ns
        ON_TOKENS_RETURNED, offset=130519183269 ns
        ON_TOKENS_CALLED, generate 1 tokens, offset=132162168660 ns
        ON_TOKENS_RETURNED, offset=132162169998 ns
        ON_TOKENS_CALLED, generate 1 tokens, offset=133869799857 ns
        ON_TOKENS_RETURNED, offset=133869919021 ns
        ON_TOKENS_CALLED, generate 1 tokens, offset=135563104885 ns
        ON_TOKENS_RETURNED, offset=135563110299 ns
[15:35:03.929244539|thread 2901770|cpu 263] [debug] #EVT# HandleDetails::is_anomalous() handle_id=26 time in state STATE_OPENED exceeded threshold: 65226347091 ns
[15:35:03.929246179|thread 2901770|cpu 263] [debug] #EVT#   Handle,    26, Created, 753969409952693, Last, 754104972991546, Prompted,  8191, Generated,    64, Input TPS, 125.59, Output TPS:  0.79, Callbacks,    64, prompt parsing complete, open
[15:35:03.929259747|thread 2901770|cpu 263] [info ] #EVT#   Handle 26 history:
        SESSION_OPEN, prompt 8192 tokens, offset=0 ns
        PROMPT_TOKENS_REUSE, offset=65226334535 ns
        ON_START_CALLED, offset=65226347091 ns
        ON_START_RETURNED, offset=65226402157 ns
        ON_TOKENS_CALLED, generate 1 tokens, offset=65226435619 ns
        ON_TOKENS_RETURNED, offset=65226437060 ns
        ON_TOKENS_CALLED, generate 1 tokens, offset=65758676435 ns
        ON_TOKENS_RETURNED, offset=65758678272 ns
        ON_TOKENS_CALLED, generate 1 tokens, offset=66320972666 ns
        ON_TOKENS_RETURNED, offset=66320975827 ns
        ON_TOKENS_CALLED, generate 1 tokens, offset=66920428400 ns
        ON_TOKENS_RETURNED, offset=66920431067 ns
        ON_TOKENS_CALLED, generate 1 tokens, offset=67553603685 ns
        ON_TOKENS_RETURNED, offset=67553605178 ns
        ON_TOKENS_CALLED, generate 1 tokens, offset=68207892504 ns
        ON_TOKENS_RETURNED, offset=68207893766 ns
        ON_TOKENS_CALLED, generate 1 tokens, offset=68879464199 ns
        ON_TOKENS_RETURNED, offset=68879465182 ns
        ON_TOKENS_CALLED, generate 1 tokens, offset=69560709148 ns
        ON_TOKENS_RETURNED, offset=69560710177 ns
        ON_TOKENS_CALLED, generate 1 tokens, offset=70258262511 ns
        ON_TOKENS_RETURNED, offset=70258264000 ns
        ON_TOKENS_CALLED, generate 1 tokens, offset=70963090360 ns
        ON_TOKENS_RETURNED, offset=70963092216 ns
        ON_TOKENS_CALLED, generate 1 tokens, offset=71682761952 ns
        ON_TOKENS_RETURNED, offset=71682763158 ns
        ON_TOKENS_CALLED, generate 1 tokens, offset=72411411986 ns
        ON_TOKENS_RETURNED, offset=72411413960 ns
        ON_TOKENS_CALLED, generate 1 tokens, offset=73155951199 ns
        ON_TOKENS_RETURNED, offset=73155952947 ns
        ON_TOKENS_CALLED, generate 1 tokens, offset=73899476661 ns
        ON_TOKENS_RETURNED, offset=73899478821 ns
        ON_TOKENS_CALLED, generate 1 tokens, offset=74659820323 ns
        ON_TOKENS_RETURNED, offset=74659822021 ns
        ON_TOKENS_CALLED, generate 1 tokens, offset=75431441952 ns
        ON_TOKENS_RETURNED, offset=75431444555 ns
        ON_TOKENS_CALLED, generate 1 tokens, offset=76223769599 ns
        ON_TOKENS_RETURNED, offset=76223785496 ns
        ON_TOKENS_CALLED, generate 1 tokens, offset=77020198829 ns
        ON_TOKENS_RETURNED, offset=77020199822 ns
        ON_TOKENS_CALLED, generate 1 tokens, offset=77856194533 ns
        ON_TOKENS_RETURNED, offset=77856195506 ns
        ON_TOKENS_CALLED, generate 1 tokens, offset=78698748084 ns
        ON_TOKENS_RETURNED, offset=78698749410 ns
        ON_TOKENS_CALLED, generate 1 tokens, offset=79576965060 ns
        ON_TOKENS_RETURNED, offset=79576967234 ns
        ON_TOKENS_CALLED, generate 1 tokens, offset=80458664519 ns
        ON_TOKENS_RETURNED, offset=80458665725 ns
        ON_TOKENS_CALLED, generate 1 tokens, offset=81378400861 ns
        ON_TOKENS_RETURNED, offset=81378402032 ns
        ON_TOKENS_CALLED, generate 1 tokens, offset=82300891308 ns
        ON_TOKENS_RETURNED, offset=82300892606 ns
        ON_TOKENS_CALLED, generate 1 tokens, offset=83263254991 ns
        ON_TOKENS_RETURNED, offset=83263256108 ns
        ON_TOKENS_CALLED, generate 1 tokens, offset=84219875955 ns
        ON_TOKENS_RETURNED, offset=84219876965 ns
        ON_TOKENS_CALLED, generate 1 tokens, offset=85224827164 ns
        ON_TOKENS_RETURNED, offset=85224828163 ns
        ON_TOKENS_CALLED, generate 1 tokens, offset=86232711137 ns
        ON_TOKENS_RETURNED, offset=86232712255 ns
        ON_TOKENS_CALLED, generate 1 tokens, offset=87277807962 ns
        ON_TOKENS_RETURNED, offset=87277808779 ns
        ON_TOKENS_CALLED, generate 1 tokens, offset=88315316775 ns
        ON_TOKENS_RETURNED, offset=88315318257 ns
        ON_TOKENS_CALLED, generate 1 tokens, offset=89400464317 ns
        ON_TOKENS_RETURNED, offset=89400465610 ns
        ON_TOKENS_CALLED, generate 1 tokens, offset=90484217262 ns
        ON_TOKENS_RETURNED, offset=90484219166 ns
        ON_TOKENS_CALLED, generate 1 tokens, offset=91608540633 ns
        ON_TOKENS_RETURNED, offset=91608573168 ns
        ON_TOKENS_CALLED, generate 1 tokens, offset=92725398106 ns
        ON_TOKENS_RETURNED, offset=92725399980 ns
        ON_TOKENS_CALLED, generate 1 tokens, offset=93890231273 ns
        ON_TOKENS_RETURNED, offset=93890233692 ns
        ON_TOKENS_CALLED, generate 1 tokens, offset=95055585665 ns
        ON_TOKENS_RETURNED, offset=95055586999 ns
        ON_TOKENS_CALLED, generate 1 tokens, offset=96262188961 ns
        ON_TOKENS_RETURNED, offset=96262190687 ns
        ON_TOKENS_CALLED, generate 1 tokens, offset=97453300390 ns
        ON_TOKENS_RETURNED, offset=97453302096 ns
        ON_TOKENS_CALLED, generate 1 tokens, offset=98697268235 ns
        ON_TOKENS_RETURNED, offset=98697269531 ns
        ON_TOKENS_CALLED, generate 1 tokens, offset=99936789644 ns
        ON_TOKENS_RETURNED, offset=99936790515 ns
        ON_TOKENS_CALLED, generate 1 tokens, offset=101217764768 ns
        ON_TOKENS_RETURNED, offset=101217766000 ns
        ON_TOKENS_CALLED, generate 1 tokens, offset=102482286367 ns
        ON_TOKENS_RETURNED, offset=102482289875 ns
        ON_TOKENS_CALLED, generate 1 tokens, offset=103799759674 ns
        ON_TOKENS_RETURNED, offset=103799762354 ns
        ON_TOKENS_CALLED, generate 1 tokens, offset=105114452627 ns
        ON_TOKENS_RETURNED, offset=105114455084 ns
        ON_TOKENS_CALLED, generate 1 tokens, offset=106470522578 ns
        ON_TOKENS_RETURNED, offset=106470523422 ns
        ON_TOKENS_CALLED, generate 1 tokens, offset=107808468828 ns
        ON_TOKENS_RETURNED, offset=107808470578 ns
        ON_TOKENS_CALLED, generate 1 tokens, offset=109203484270 ns
        ON_TOKENS_RETURNED, offset=109203485498 ns
        ON_TOKENS_CALLED, generate 1 tokens, offset=110594131536 ns
        ON_TOKENS_RETURNED, offset=110594133159 ns
        ON_TOKENS_CALLED, generate 1 tokens, offset=112029672167 ns
        ON_TOKENS_RETURNED, offset=112029672666 ns
        ON_TOKENS_CALLED, generate 1 tokens, offset=113447093861 ns
        ON_TOKENS_RETURNED, offset=113447095342 ns
        ON_TOKENS_CALLED, generate 1 tokens, offset=114919614620 ns
        ON_TOKENS_RETURNED, offset=114919615547 ns
        ON_TOKENS_CALLED, generate 1 tokens, offset=116384325250 ns
        ON_TOKENS_RETURNED, offset=116384327322 ns
        ON_TOKENS_CALLED, generate 1 tokens, offset=117895232994 ns
        ON_TOKENS_RETURNED, offset=117895234611 ns
        ON_TOKENS_CALLED, generate 1 tokens, offset=119387246400 ns
        ON_TOKENS_RETURNED, offset=119387247207 ns
        ON_TOKENS_CALLED, generate 1 tokens, offset=120932196342 ns
        ON_TOKENS_RETURNED, offset=120932197144 ns
        ON_TOKENS_CALLED, generate 1 tokens, offset=122469571107 ns
        ON_TOKENS_RETURNED, offset=122469572081 ns
        ON_TOKENS_CALLED, generate 1 tokens, offset=124055040706 ns
        ON_TOKENS_RETURNED, offset=124055044228 ns
        ON_TOKENS_CALLED, generate 1 tokens, offset=125620813735 ns
        ON_TOKENS_RETURNED, offset=125620815035 ns
        ON_TOKENS_CALLED, generate 1 tokens, offset=127241837851 ns
        ON_TOKENS_RETURNED, offset=127241839150 ns
        ON_TOKENS_CALLED, generate 1 tokens, offset=128855021386 ns
        ON_TOKENS_RETURNED, offset=128855023682 ns
        ON_TOKENS_CALLED, generate 1 tokens, offset=130519110324 ns
        ON_TOKENS_RETURNED, offset=130519111672 ns
        ON_TOKENS_CALLED, generate 1 tokens, offset=132162098230 ns
        ON_TOKENS_RETURNED, offset=132162099872 ns
        ON_TOKENS_CALLED, generate 1 tokens, offset=133869729049 ns
        ON_TOKENS_RETURNED, offset=133869830575 ns
        ON_TOKENS_CALLED, generate 1 tokens, offset=135563033693 ns
        ON_TOKENS_RETURNED, offset=135563038853 ns
[15:35:03.929270918|thread 2901770|cpu 263] [debug] #EVT# HandleDetails::is_anomalous() handle_id=28 time in state STATE_OPENED exceeded threshold: 65226320461 ns
[15:35:03.929272535|thread 2901770|cpu 263] [debug] #EVT#   Handle,    28, Created, 753969409978432, Last, 754104972991801, Prompted,  8191, Generated,    64, Input TPS, 125.59, Output TPS:  0.79, Callbacks,    64, prompt parsing complete, open
[15:35:03.929285852|thread 2901770|cpu 263] [info ] #EVT#   Handle 28 history:
        SESSION_OPEN, prompt 8192 tokens, offset=0 ns
        PROMPT_TOKENS_REUSE, offset=65226312381 ns
        ON_START_CALLED, offset=65226320461 ns
        ON_START_RETURNED, offset=65226472810 ns
        ON_TOKENS_CALLED, generate 1 tokens, offset=65226481517 ns
        ON_TOKENS_RETURNED, offset=65226482554 ns
        ON_TOKENS_CALLED, generate 1 tokens, offset=65758652604 ns
        ON_TOKENS_RETURNED, offset=65758654248 ns
        ON_TOKENS_CALLED, generate 1 tokens, offset=66320948094 ns
        ON_TOKENS_RETURNED, offset=66320950461 ns
        ON_TOKENS_CALLED, generate 1 tokens, offset=66920400047 ns
        ON_TOKENS_RETURNED, offset=66920403053 ns
        ON_TOKENS_CALLED, generate 1 tokens, offset=67553576238 ns
        ON_TOKENS_RETURNED, offset=67553577711 ns
        ON_TOKENS_CALLED, generate 1 tokens, offset=68207868437 ns
        ON_TOKENS_RETURNED, offset=68207869420 ns
        ON_TOKENS_CALLED, generate 1 tokens, offset=68879441091 ns
        ON_TOKENS_RETURNED, offset=68879442276 ns
        ON_TOKENS_CALLED, generate 1 tokens, offset=69560684016 ns
        ON_TOKENS_RETURNED, offset=69560685023 ns
        ON_TOKENS_CALLED, generate 1 tokens, offset=70258238597 ns
        ON_TOKENS_RETURNED, offset=70258240026 ns
        ON_TOKENS_CALLED, generate 1 tokens, offset=70963065302 ns
        ON_TOKENS_RETURNED, offset=70963066770 ns
        ON_TOKENS_CALLED, generate 1 tokens, offset=71682730283 ns
        ON_TOKENS_RETURNED, offset=71682731958 ns
        ON_TOKENS_CALLED, generate 1 tokens, offset=72411387666 ns
        ON_TOKENS_RETURNED, offset=72411388714 ns
        ON_TOKENS_CALLED, generate 1 tokens, offset=73155926150 ns
        ON_TOKENS_RETURNED, offset=73155927336 ns
        ON_TOKENS_CALLED, generate 1 tokens, offset=73899452287 ns
        ON_TOKENS_RETURNED, offset=73899453337 ns
        ON_TOKENS_CALLED, generate 1 tokens, offset=74659797795 ns
        ON_TOKENS_RETURNED, offset=74659799129 ns
        ON_TOKENS_CALLED, generate 1 tokens, offset=75431417679 ns
        ON_TOKENS_RETURNED, offset=75431418939 ns
        ON_TOKENS_CALLED, generate 1 tokens, offset=76223746429 ns
        ON_TOKENS_RETURNED, offset=76223759361 ns
        ON_TOKENS_CALLED, generate 1 tokens, offset=77020175454 ns
        ON_TOKENS_RETURNED, offset=77020176989 ns
        ON_TOKENS_CALLED, generate 1 tokens, offset=77856170548 ns
        ON_TOKENS_RETURNED, offset=77856171444 ns
        ON_TOKENS_CALLED, generate 1 tokens, offset=78698721158 ns
        ON_TOKENS_RETURNED, offset=78698722764 ns
        ON_TOKENS_CALLED, generate 1 tokens, offset=79576937415 ns
        ON_TOKENS_RETURNED, offset=79576939256 ns
        ON_TOKENS_CALLED, generate 1 tokens, offset=80458639188 ns
        ON_TOKENS_RETURNED, offset=80458640439 ns
        ON_TOKENS_CALLED, generate 1 tokens, offset=81378379911 ns
        ON_TOKENS_RETURNED, offset=81378381112 ns
        ON_TOKENS_CALLED, generate 1 tokens, offset=82300863725 ns
        ON_TOKENS_RETURNED, offset=82300864933 ns
        ON_TOKENS_CALLED, generate 1 tokens, offset=83263228362 ns
        ON_TOKENS_RETURNED, offset=83263229767 ns
        ON_TOKENS_CALLED, generate 1 tokens, offset=84219850850 ns
        ON_TOKENS_RETURNED, offset=84219852151 ns
        ON_TOKENS_CALLED, generate 1 tokens, offset=85224803435 ns
        ON_TOKENS_RETURNED, offset=85224804591 ns
        ON_TOKENS_CALLED, generate 1 tokens, offset=86232685369 ns
        ON_TOKENS_RETURNED, offset=86232686987 ns
        ON_TOKENS_CALLED, generate 1 tokens, offset=87277787436 ns
        ON_TOKENS_RETURNED, offset=87277788833 ns
        ON_TOKENS_CALLED, generate 1 tokens, offset=88315291566 ns
        ON_TOKENS_RETURNED, offset=88315292755 ns
        ON_TOKENS_CALLED, generate 1 tokens, offset=89400440208 ns
        ON_TOKENS_RETURNED, offset=89400441208 ns
        ON_TOKENS_CALLED, generate 1 tokens, offset=90484186751 ns
        ON_TOKENS_RETURNED, offset=90484187880 ns
        ON_TOKENS_CALLED, generate 1 tokens, offset=91608515374 ns
        ON_TOKENS_RETURNED, offset=91608543213 ns
        ON_TOKENS_CALLED, generate 1 tokens, offset=92725367671 ns
        ON_TOKENS_RETURNED, offset=92725368491 ns
        ON_TOKENS_CALLED, generate 1 tokens, offset=93890202701 ns
        ON_TOKENS_RETURNED, offset=93890203697 ns
        ON_TOKENS_CALLED, generate 1 tokens, offset=95055560740 ns
        ON_TOKENS_RETURNED, offset=95055562962 ns
        ON_TOKENS_CALLED, generate 1 tokens, offset=96262164866 ns
        ON_TOKENS_RETURNED, offset=96262167139 ns
        ON_TOKENS_CALLED, generate 1 tokens, offset=97453277376 ns
        ON_TOKENS_RETURNED, offset=97453279898 ns
        ON_TOKENS_CALLED, generate 1 tokens, offset=98697249509 ns
        ON_TOKENS_RETURNED, offset=98697250980 ns
        ON_TOKENS_CALLED, generate 1 tokens, offset=99936766035 ns
        ON_TOKENS_RETURNED, offset=99936767882 ns
        ON_TOKENS_CALLED, generate 1 tokens, offset=101217740021 ns
        ON_TOKENS_RETURNED, offset=101217741058 ns
        ON_TOKENS_CALLED, generate 1 tokens, offset=102482263147 ns
        ON_TOKENS_RETURNED, offset=102482264877 ns
        ON_TOKENS_CALLED, generate 1 tokens, offset=103799737232 ns
        ON_TOKENS_RETURNED, offset=103799738523 ns
        ON_TOKENS_CALLED, generate 1 tokens, offset=105114427693 ns
        ON_TOKENS_RETURNED, offset=105114430129 ns
        ON_TOKENS_CALLED, generate 1 tokens, offset=106470497983 ns
        ON_TOKENS_RETURNED, offset=106470499243 ns
        ON_TOKENS_CALLED, generate 1 tokens, offset=107808443729 ns
        ON_TOKENS_RETURNED, offset=107808444996 ns
        ON_TOKENS_CALLED, generate 1 tokens, offset=109203460268 ns
        ON_TOKENS_RETURNED, offset=109203461282 ns
        ON_TOKENS_CALLED, generate 1 tokens, offset=110594105110 ns
        ON_TOKENS_RETURNED, offset=110594106148 ns
        ON_TOKENS_CALLED, generate 1 tokens, offset=112029637890 ns
        ON_TOKENS_RETURNED, offset=112029639758 ns
        ON_TOKENS_CALLED, generate 1 tokens, offset=113447069796 ns
        ON_TOKENS_RETURNED, offset=113447070946 ns
        ON_TOKENS_CALLED, generate 1 tokens, offset=114919589334 ns
        ON_TOKENS_RETURNED, offset=114919590492 ns
        ON_TOKENS_CALLED, generate 1 tokens, offset=116384300224 ns
        ON_TOKENS_RETURNED, offset=116384302000 ns
        ON_TOKENS_CALLED, generate 1 tokens, offset=117895207998 ns
        ON_TOKENS_RETURNED, offset=117895211276 ns
        ON_TOKENS_CALLED, generate 1 tokens, offset=119387221568 ns
        ON_TOKENS_RETURNED, offset=119387223073 ns
        ON_TOKENS_CALLED, generate 1 tokens, offset=120932169475 ns
        ON_TOKENS_RETURNED, offset=120932170914 ns
        ON_TOKENS_CALLED, generate 1 tokens, offset=122469545171 ns
        ON_TOKENS_RETURNED, offset=122469546516 ns
        ON_TOKENS_CALLED, generate 1 tokens, offset=124055012880 ns
        ON_TOKENS_RETURNED, offset=124055015610 ns
        ON_TOKENS_CALLED, generate 1 tokens, offset=125620791111 ns
        ON_TOKENS_RETURNED, offset=125620792340 ns
        ON_TOKENS_CALLED, generate 1 tokens, offset=127241811103 ns
        ON_TOKENS_RETURNED, offset=127241813551 ns
        ON_TOKENS_CALLED, generate 1 tokens, offset=128854999440 ns
        ON_TOKENS_RETURNED, offset=128855002015 ns
        ON_TOKENS_CALLED, generate 1 tokens, offset=130519094005 ns
        ON_TOKENS_RETURNED, offset=130519094737 ns
        ON_TOKENS_CALLED, generate 1 tokens, offset=132162076821 ns
        ON_TOKENS_RETURNED, offset=132162078498 ns
        ON_TOKENS_CALLED, generate 1 tokens, offset=133869704917 ns
        ON_TOKENS_RETURNED, offset=133869892788 ns
        ON_TOKENS_CALLED, generate 1 tokens, offset=135563008753 ns
        ON_TOKENS_RETURNED, offset=135563013369 ns
[15:35:03.929299487|thread 2901770|cpu 263] [debug] #EVT# HandleDetails::is_anomalous() handle_id=29 time in state STATE_OPENED exceeded threshold: 65226309553 ns
[15:35:03.929301125|thread 2901770|cpu 263] [debug] #EVT#   Handle,    29, Created, 753969409989618, Last, 754104972996838, Prompted,  8191, Generated,    64, Input TPS, 125.59, Output TPS:  0.79, Callbacks,    64, prompt parsing complete, open
[15:35:03.929314130|thread 2901770|cpu 263] [info ] #EVT#   Handle 29 history:
        SESSION_OPEN, prompt 8192 tokens, offset=0 ns
        PROMPT_TOKENS_REUSE, offset=65226301285 ns
        ON_START_CALLED, offset=65226309553 ns
        ON_START_RETURNED, offset=65226412893 ns
        ON_TOKENS_CALLED, generate 1 tokens, offset=65226422222 ns
        ON_TOKENS_RETURNED, offset=65226423423 ns
        ON_TOKENS_CALLED, generate 1 tokens, offset=65758642746 ns
        ON_TOKENS_RETURNED, offset=65758645628 ns
        ON_TOKENS_CALLED, generate 1 tokens, offset=66320939088 ns
        ON_TOKENS_RETURNED, offset=66320940376 ns
        ON_TOKENS_CALLED, generate 1 tokens, offset=66920390837 ns
        ON_TOKENS_RETURNED, offset=66920393416 ns
        ON_TOKENS_CALLED, generate 1 tokens, offset=67553567287 ns
        ON_TOKENS_RETURNED, offset=67553568846 ns
        ON_TOKENS_CALLED, generate 1 tokens, offset=68207858089 ns
        ON_TOKENS_RETURNED, offset=68207859159 ns
        ON_TOKENS_CALLED, generate 1 tokens, offset=68879432027 ns
        ON_TOKENS_RETURNED, offset=68879433045 ns
        ON_TOKENS_CALLED, generate 1 tokens, offset=69560673767 ns
        ON_TOKENS_RETURNED, offset=69560674521 ns
        ON_TOKENS_CALLED, generate 1 tokens, offset=70258228511 ns
        ON_TOKENS_RETURNED, offset=70258229939 ns
        ON_TOKENS_CALLED, generate 1 tokens, offset=70963055864 ns
        ON_TOKENS_RETURNED, offset=70963056802 ns
        ON_TOKENS_CALLED, generate 1 tokens, offset=71682719309 ns
        ON_TOKENS_RETURNED, offset=71682721382 ns
        ON_TOKENS_CALLED, generate 1 tokens, offset=72411377062 ns
        ON_TOKENS_RETURNED, offset=72411378311 ns
        ON_TOKENS_CALLED, generate 1 tokens, offset=73155916415 ns
        ON_TOKENS_RETURNED, offset=73155917265 ns
        ON_TOKENS_CALLED, generate 1 tokens, offset=73899443104 ns
        ON_TOKENS_RETURNED, offset=73899444480 ns
        ON_TOKENS_CALLED, generate 1 tokens, offset=74659780883 ns
        ON_TOKENS_RETURNED, offset=74659781930 ns
        ON_TOKENS_CALLED, generate 1 tokens, offset=75431407282 ns
        ON_TOKENS_RETURNED, offset=75431409918 ns
        ON_TOKENS_CALLED, generate 1 tokens, offset=76223736642 ns
        ON_TOKENS_RETURNED, offset=76223766012 ns
        ON_TOKENS_CALLED, generate 1 tokens, offset=77020165600 ns
        ON_TOKENS_RETURNED, offset=77020167217 ns
        ON_TOKENS_CALLED, generate 1 tokens, offset=77856161287 ns
        ON_TOKENS_RETURNED, offset=77856162358 ns
        ON_TOKENS_CALLED, generate 1 tokens, offset=78698713558 ns
        ON_TOKENS_RETURNED, offset=78698714717 ns
        ON_TOKENS_CALLED, generate 1 tokens, offset=79576928530 ns
        ON_TOKENS_RETURNED, offset=79576929473 ns
        ON_TOKENS_CALLED, generate 1 tokens, offset=80458629687 ns
        ON_TOKENS_RETURNED, offset=80458630812 ns
        ON_TOKENS_CALLED, generate 1 tokens, offset=81378380873 ns
        ON_TOKENS_RETURNED, offset=81378382221 ns
        ON_TOKENS_CALLED, generate 1 tokens, offset=82300853898 ns
        ON_TOKENS_RETURNED, offset=82300855697 ns
        ON_TOKENS_CALLED, generate 1 tokens, offset=83263218764 ns
        ON_TOKENS_RETURNED, offset=83263219758 ns
        ON_TOKENS_CALLED, generate 1 tokens, offset=84219841307 ns
        ON_TOKENS_RETURNED, offset=84219842345 ns
        ON_TOKENS_CALLED, generate 1 tokens, offset=85224794197 ns
        ON_TOKENS_RETURNED, offset=85224795380 ns
        ON_TOKENS_CALLED, generate 1 tokens, offset=86232675263 ns
        ON_TOKENS_RETURNED, offset=86232676489 ns
        ON_TOKENS_CALLED, generate 1 tokens, offset=87277770971 ns
        ON_TOKENS_RETURNED, offset=87277771987 ns
        ON_TOKENS_CALLED, generate 1 tokens, offset=88315281247 ns
        ON_TOKENS_RETURNED, offset=88315282218 ns
        ON_TOKENS_CALLED, generate 1 tokens, offset=89400429393 ns
        ON_TOKENS_RETURNED, offset=89400430683 ns
        ON_TOKENS_CALLED, generate 1 tokens, offset=90484177572 ns
        ON_TOKENS_RETURNED, offset=90484178734 ns
        ON_TOKENS_CALLED, generate 1 tokens, offset=91608506495 ns
        ON_TOKENS_RETURNED, offset=91608516947 ns
        ON_TOKENS_CALLED, generate 1 tokens, offset=92725359729 ns
        ON_TOKENS_RETURNED, offset=92725361248 ns
        ON_TOKENS_CALLED, generate 1 tokens, offset=93890194866 ns
        ON_TOKENS_RETURNED, offset=93890196998 ns
        ON_TOKENS_CALLED, generate 1 tokens, offset=95055550449 ns
        ON_TOKENS_RETURNED, offset=95055551841 ns
        ON_TOKENS_CALLED, generate 1 tokens, offset=96262154874 ns
        ON_TOKENS_RETURNED, offset=96262156429 ns
        ON_TOKENS_CALLED, generate 1 tokens, offset=97453267130 ns
        ON_TOKENS_RETURNED, offset=97453268431 ns
        ON_TOKENS_CALLED, generate 1 tokens, offset=98697242241 ns
        ON_TOKENS_RETURNED, offset=98697243683 ns
        ON_TOKENS_CALLED, generate 1 tokens, offset=99936755519 ns
        ON_TOKENS_RETURNED, offset=99936756643 ns
        ON_TOKENS_CALLED, generate 1 tokens, offset=101217731805 ns
        ON_TOKENS_RETURNED, offset=101217733369 ns
        ON_TOKENS_CALLED, generate 1 tokens, offset=102482253986 ns
        ON_TOKENS_RETURNED, offset=102482255666 ns
        ON_TOKENS_CALLED, generate 1 tokens, offset=103799726902 ns
        ON_TOKENS_RETURNED, offset=103799728059 ns
        ON_TOKENS_CALLED, generate 1 tokens, offset=105114421460 ns
        ON_TOKENS_RETURNED, offset=105114422560 ns
        ON_TOKENS_CALLED, generate 1 tokens, offset=106470487436 ns
        ON_TOKENS_RETURNED, offset=106470488560 ns
        ON_TOKENS_CALLED, generate 1 tokens, offset=107808434490 ns
        ON_TOKENS_RETURNED, offset=107808435881 ns
        ON_TOKENS_CALLED, generate 1 tokens, offset=109203450095 ns
        ON_TOKENS_RETURNED, offset=109203452587 ns
        ON_TOKENS_CALLED, generate 1 tokens, offset=110594097419 ns
        ON_TOKENS_RETURNED, offset=110594099922 ns
        ON_TOKENS_CALLED, generate 1 tokens, offset=112029628891 ns
        ON_TOKENS_RETURNED, offset=112029631568 ns
        ON_TOKENS_CALLED, generate 1 tokens, offset=113447059306 ns
        ON_TOKENS_RETURNED, offset=113447060569 ns
        ON_TOKENS_CALLED, generate 1 tokens, offset=114919580429 ns
        ON_TOKENS_RETURNED, offset=114919581601 ns
        ON_TOKENS_CALLED, generate 1 tokens, offset=116384294857 ns
        ON_TOKENS_RETURNED, offset=116384295747 ns
        ON_TOKENS_CALLED, generate 1 tokens, offset=117895199652 ns
        ON_TOKENS_RETURNED, offset=117895202043 ns
        ON_TOKENS_CALLED, generate 1 tokens, offset=119387216026 ns
        ON_TOKENS_RETURNED, offset=119387217159 ns
        ON_TOKENS_CALLED, generate 1 tokens, offset=120932161406 ns
        ON_TOKENS_RETURNED, offset=120932162928 ns
        ON_TOKENS_CALLED, generate 1 tokens, offset=122469534498 ns
        ON_TOKENS_RETURNED, offset=122469535516 ns
        ON_TOKENS_CALLED, generate 1 tokens, offset=124055003917 ns
        ON_TOKENS_RETURNED, offset=124055005593 ns
        ON_TOKENS_CALLED, generate 1 tokens, offset=125620779657 ns
        ON_TOKENS_RETURNED, offset=125620781511 ns
        ON_TOKENS_CALLED, generate 1 tokens, offset=127241801332 ns
        ON_TOKENS_RETURNED, offset=127241804076 ns
        ON_TOKENS_CALLED, generate 1 tokens, offset=128854988671 ns
        ON_TOKENS_RETURNED, offset=128854990528 ns
        ON_TOKENS_CALLED, generate 1 tokens, offset=130519081548 ns
        ON_TOKENS_RETURNED, offset=130519082932 ns
        ON_TOKENS_CALLED, generate 1 tokens, offset=132162064162 ns
        ON_TOKENS_RETURNED, offset=132162065744 ns
        ON_TOKENS_CALLED, generate 1 tokens, offset=133869697883 ns
        ON_TOKENS_RETURNED, offset=133869828621 ns
        ON_TOKENS_CALLED, generate 1 tokens, offset=135563002007 ns
        ON_TOKENS_RETURNED, offset=135563007220 ns
[15:35:04.409177694|thread 2901769|cpu 263] [info ] KV cache footprint: 28.58 GB in 131 books
[15:35:12.884512916|thread 2901769|cpu 263] [info ] KV cache footprint: 29.68 GB in 136 books
[15:35:16.091101181|thread 2901769|cpu 263] [info ] KV cache footprint: 30.78 GB in 141 books
[15:35:24.220159234|thread 2899271|cpu 263] [info ] [Request 5] Parsing the prompt took 166.224303934 s at 49.28280525844563 tokens/s
[15:35:29.974577304|thread 2901769|cpu 263] [info ] KV cache footprint: 31.88 GB in 146 books
[15:35:36.214769027|thread 2901769|cpu 263] [info ] KV cache footprint: 32.98 GB in 151 books
[15:35:45.759990604|thread 2901769|cpu 263] [info ] KV cache footprint: 34.08 GB in 156 books
[15:35:47.216731838|thread 2899273|cpu 263] [info ] [Request 6] Parsing the prompt took 189.220863757 s at 43.29332314284474 tokens/s
[15:35:58.440763713|thread 2899274|cpu 263] [info ] [Request 14] Parsing the prompt took 200.444802498 s at 40.869106596474296 tokens/s
[15:35:58.440978670|thread 2901769|cpu 263] [info ] KV cache footprint: 35.17 GB in 161 books
[15:36:04.039549626|thread 2899275|cpu 263] [info ] [Request 19] Parsing the prompt took 206.043532617 s at 39.758588371844404 tokens/s
[15:36:05.352305179|thread 2899264|cpu 263] [info ] [Request 42] Generating 61 response tokens with 8193 context took 69.497165 s at 0.878 average tok/s, or 1139.298 ms/tok
[15:36:05.352307365|thread 2899266|cpu 263] [info ] [Request 47] Generating 61 response tokens with 8193 context took 69.497168 s at 0.878 average tok/s, or 1139.298 ms/tok
[15:36:05.352363417|thread 2899266|cpu 263] [info ] [Request 47] Request with 8192 tokens in and 64 out (sequence limit) saw 137.209720 s TTFT and 207.355854 s TTLT
[15:36:05.352307615|thread 2899265|cpu 263] [info ] [Request 44] Generating 61 response tokens with 8193 context took 69.497169 s at 0.878 average tok/s, or 1139.298 ms/tok
[15:36:05.352386790|thread 2899265|cpu 263] [info ] [Request 44] Request with 8192 tokens in and 64 out (sequence limit) saw 137.209810 s TTFT and 207.355949 s TTLT
[15:36:05.352307332|thread 2899267|cpu 263] [info ] [Request 3] Generating 61 response tokens with 8193 context took 69.497169 s at 0.878 average tok/s, or 1139.298 ms/tok
[15:36:05.352410392|thread 2899267|cpu 263] [info ] [Request 3] Request with 8192 tokens in and 64 out (sequence limit) saw 137.210339 s TTFT and 207.356476 s TTLT
[15:36:05.352308609|thread 2899268|cpu 263] [info ] [Request 21] Generating 61 response tokens with 8193 context took 69.497169 s at 0.878 average tok/s, or 1139.298 ms/tok
[15:36:05.352433386|thread 2899268|cpu 263] [info ] [Request 21] Request with 8192 tokens in and 64 out (sequence limit) saw 137.210135 s TTFT and 207.356269 s TTLT
[15:36:05.352310074|thread 2899269|cpu 263] [info ] [Request 23] Generating 61 response tokens with 8193 context took 69.497170 s at 0.878 average tok/s, or 1139.298 ms/tok
[15:36:05.352314703|thread 2899270|cpu 263] [info ] [Request 4] Generating 61 response tokens with 8193 context took 69.497172 s at 0.878 average tok/s, or 1139.298 ms/tok
[15:36:05.352462246|thread 2899270|cpu 263] [info ] [Request 4] Request with 8192 tokens in and 64 out (sequence limit) saw 137.210334 s TTFT and 207.356472 s TTLT
[15:36:05.352448076|thread 2899269|cpu 263] [info ] [Request 23] Request with 8192 tokens in and 64 out (sequence limit) saw 137.210112 s TTFT and 207.356250 s TTLT
[15:36:05.352346110|thread 2899264|cpu 263] [info ] [Request 42] Request with 8192 tokens in and 64 out (sequence limit) saw 137.209853 s TTFT and 207.355988 s TTLT
[15:36:07.926128690|thread 2899269|cpu 263] [info ] [Request 36] Parsing the prompt took 209.929888035 s at 39.02255213242533 tokens/s
[15:36:07.926127788|thread 2899268|cpu 263] [info ] [Request 33] Parsing the prompt took 209.929920768 s at 39.02254604789391 tokens/s
[15:36:07.926129957|thread 2899270|cpu 263] [info ] [Request 41] Parsing the prompt took 209.929827698 s at 39.0225633480956 tokens/s
[15:36:08.758820444|thread 2901769|cpu 263] [info ] KV cache footprint: 36.27 GB in 166 books
[15:36:16.893090133|thread 2901770|cpu 263] [debug] #EVT# HandleDetails::is_anomalous() handle_id=47 time in state STATE_OPENED exceeded threshold: 137209703660 ns
[15:36:16.893155900|thread 2901770|cpu 263] [debug] #EVT#   Handle,    47, Created, 753969410311927, Last, 754178118663200, Prompted,  8191, Generated,    64, Input TPS, 59.70, Output TPS:  0.78, Callbacks,    64, prompt parsing complete, open
[15:36:16.893210864|thread 2901770|cpu 263] [info ] #EVT#   Handle 47 history:
        SESSION_OPEN, prompt 8192 tokens, offset=0 ns
        PROMPT_TOKENS_REUSE, offset=137209702499 ns
        ON_START_CALLED, offset=137209703660 ns
        ON_START_RETURNED, offset=137209798688 ns
        ON_TOKENS_CALLED, generate 1 tokens, offset=137209803759 ns
        ON_TOKENS_RETURNED, offset=137209805959 ns
        ON_TOKENS_CALLED, generate 1 tokens, offset=137858669470 ns
        ON_TOKENS_RETURNED, offset=137858672017 ns
        ON_TOKENS_CALLED, generate 1 tokens, offset=138573905920 ns
        ON_TOKENS_RETURNED, offset=138573908988 ns
        ON_TOKENS_CALLED, generate 1 tokens, offset=139306664005 ns
        ON_TOKENS_RETURNED, offset=139306665304 ns
        ON_TOKENS_CALLED, generate 1 tokens, offset=140043735884 ns
        ON_TOKENS_RETURNED, offset=140043740256 ns
        ON_TOKENS_CALLED, generate 1 tokens, offset=140790821165 ns
        ON_TOKENS_RETURNED, offset=140790822855 ns
        ON_TOKENS_CALLED, generate 1 tokens, offset=141553342888 ns
        ON_TOKENS_RETURNED, offset=141553345615 ns
        ON_TOKENS_CALLED, generate 1 tokens, offset=142335112152 ns
        ON_TOKENS_RETURNED, offset=142335113119 ns
        ON_TOKENS_CALLED, generate 1 tokens, offset=143121681379 ns
        ON_TOKENS_RETURNED, offset=143121702738 ns
        ON_TOKENS_CALLED, generate 1 tokens, offset=143922573913 ns
        ON_TOKENS_RETURNED, offset=143922575973 ns
        ON_TOKENS_CALLED, generate 1 tokens, offset=144736327437 ns
        ON_TOKENS_RETURNED, offset=144736328369 ns
        ON_TOKENS_CALLED, generate 1 tokens, offset=145569523043 ns
        ON_TOKENS_RETURNED, offset=145569524817 ns
        ON_TOKENS_CALLED, generate 1 tokens, offset=146412558124 ns
        ON_TOKENS_RETURNED, offset=146412559360 ns
        ON_TOKENS_CALLED, generate 1 tokens, offset=147277979589 ns
        ON_TOKENS_RETURNED, offset=147277980998 ns
        ON_TOKENS_CALLED, generate 1 tokens, offset=148159436972 ns
        ON_TOKENS_RETURNED, offset=148159438886 ns
        ON_TOKENS_CALLED, generate 1 tokens, offset=149062699927 ns
        ON_TOKENS_RETURNED, offset=149062700965 ns
        ON_TOKENS_CALLED, generate 1 tokens, offset=149985719095 ns
        ON_TOKENS_RETURNED, offset=149985730367 ns
        ON_TOKENS_CALLED, generate 1 tokens, offset=150915251420 ns
        ON_TOKENS_RETURNED, offset=150915253603 ns
        ON_TOKENS_CALLED, generate 1 tokens, offset=151883447800 ns
        ON_TOKENS_RETURNED, offset=151883448971 ns
        ON_TOKENS_CALLED, generate 1 tokens, offset=152864498257 ns
        ON_TOKENS_RETURNED, offset=152864500369 ns
        ON_TOKENS_CALLED, generate 1 tokens, offset=153875399142 ns
        ON_TOKENS_RETURNED, offset=153875400920 ns
        ON_TOKENS_CALLED, generate 1 tokens, offset=154887862417 ns
        ON_TOKENS_RETURNED, offset=154887864705 ns
        ON_TOKENS_CALLED, generate 1 tokens, offset=155940412138 ns
        ON_TOKENS_RETURNED, offset=155940413145 ns
        ON_TOKENS_CALLED, generate 1 tokens, offset=157001471918 ns
        ON_TOKENS_RETURNED, offset=157001474191 ns
        ON_TOKENS_CALLED, generate 1 tokens, offset=158094345056 ns
        ON_TOKENS_RETURNED, offset=158094346298 ns
        ON_TOKENS_CALLED, generate 1 tokens, offset=159181832510 ns
        ON_TOKENS_RETURNED, offset=159181833371 ns
        ON_TOKENS_CALLED, generate 1 tokens, offset=160312523003 ns
        ON_TOKENS_RETURNED, offset=160312524059 ns
        ON_TOKENS_CALLED, generate 1 tokens, offset=161454067217 ns
        ON_TOKENS_RETURNED, offset=161454068281 ns
        ON_TOKENS_CALLED, generate 1 tokens, offset=162625568439 ns
        ON_TOKENS_RETURNED, offset=162625571006 ns
        ON_TOKENS_CALLED, generate 1 tokens, offset=163795189079 ns
        ON_TOKENS_RETURNED, offset=163795191068 ns
        ON_TOKENS_CALLED, generate 1 tokens, offset=165006826386 ns
        ON_TOKENS_RETURNED, offset=165006828782 ns
        ON_TOKENS_CALLED, generate 1 tokens, offset=166223686006 ns
        ON_TOKENS_RETURNED, offset=166223687460 ns
        ON_TOKENS_CALLED, generate 1 tokens, offset=167332049025 ns
        ON_TOKENS_RETURNED, offset=167332051214 ns
        ON_TOKENS_CALLED, generate 1 tokens, offset=168471242235 ns
        ON_TOKENS_RETURNED, offset=168471243652 ns
        ON_TOKENS_CALLED, generate 1 tokens, offset=169618224495 ns
        ON_TOKENS_RETURNED, offset=169618227533 ns
        ON_TOKENS_CALLED, generate 1 tokens, offset=170794728315 ns
        ON_TOKENS_RETURNED, offset=170794730629 ns
        ON_TOKENS_CALLED, generate 1 tokens, offset=171977772708 ns
        ON_TOKENS_RETURNED, offset=171977774476 ns
        ON_TOKENS_CALLED, generate 1 tokens, offset=173192590420 ns
        ON_TOKENS_RETURNED, offset=173192593320 ns
        ON_TOKENS_CALLED, generate 1 tokens, offset=174414104336 ns
        ON_TOKENS_RETURNED, offset=174414107171 ns
        ON_TOKENS_CALLED, generate 1 tokens, offset=175670063461 ns
        ON_TOKENS_RETURNED, offset=175670065035 ns
        ON_TOKENS_CALLED, generate 1 tokens, offset=176922118231 ns
        ON_TOKENS_RETURNED, offset=176922119920 ns
        ON_TOKENS_CALLED, generate 1 tokens, offset=178218137908 ns
        ON_TOKENS_RETURNED, offset=178218140453 ns
        ON_TOKENS_CALLED, generate 1 tokens, offset=179516346354 ns
        ON_TOKENS_RETURNED, offset=179516347716 ns
        ON_TOKENS_CALLED, generate 1 tokens, offset=180849859867 ns
        ON_TOKENS_RETURNED, offset=180849862502 ns
        ON_TOKENS_CALLED, generate 1 tokens, offset=182186242346 ns
        ON_TOKENS_RETURNED, offset=182186243806 ns
        ON_TOKENS_CALLED, generate 1 tokens, offset=183561892900 ns
        ON_TOKENS_RETURNED, offset=183561895274 ns
        ON_TOKENS_CALLED, generate 1 tokens, offset=184941765368 ns
        ON_TOKENS_RETURNED, offset=184941766439 ns
        ON_TOKENS_CALLED, generate 1 tokens, offset=186357820094 ns
        ON_TOKENS_RETURNED, offset=186357822301 ns
        ON_TOKENS_CALLED, generate 1 tokens, offset=187763282416 ns
        ON_TOKENS_RETURNED, offset=187763283677 ns
        ON_TOKENS_CALLED, generate 1 tokens, offset=189220246324 ns
        ON_TOKENS_RETURNED, offset=189220247711 ns
        ON_TOKENS_CALLED, generate 1 tokens, offset=190546967121 ns
        ON_TOKENS_RETURNED, offset=190546969378 ns
        ON_TOKENS_CALLED, generate 1 tokens, offset=191910397683 ns
        ON_TOKENS_RETURNED, offset=191910398791 ns
        ON_TOKENS_CALLED, generate 1 tokens, offset=193275670554 ns
        ON_TOKENS_RETURNED, offset=193275671391 ns
        ON_TOKENS_CALLED, generate 1 tokens, offset=194674446572 ns
        ON_TOKENS_RETURNED, offset=194674448610 ns
        ON_TOKENS_CALLED, generate 1 tokens, offset=196086172858 ns
        ON_TOKENS_RETURNED, offset=196086173865 ns
        ON_TOKENS_CALLED, generate 1 tokens, offset=197525251658 ns
        ON_TOKENS_RETURNED, offset=197525252798 ns
        ON_TOKENS_CALLED, generate 1 tokens, offset=198965916577 ns
        ON_TOKENS_RETURNED, offset=198965917608 ns
        ON_TOKENS_CALLED, generate 1 tokens, offset=200444276699 ns
        ON_TOKENS_RETURNED, offset=200444279000 ns
        ON_TOKENS_CALLED, generate 1 tokens, offset=201796944623 ns
        ON_TOKENS_RETURNED, offset=201796945848 ns
        ON_TOKENS_CALLED, generate 1 tokens, offset=203198230629 ns
        ON_TOKENS_RETURNED, offset=203198231812 ns
        ON_TOKENS_CALLED, generate 1 tokens, offset=204605985837 ns
        ON_TOKENS_RETURNED, offset=204605988020 ns
        ON_TOKENS_CALLED, generate 1 tokens, offset=206043059279 ns
        ON_TOKENS_RETURNED, offset=206043060282 ns
        ON_TOKENS_CALLED, generate 1 tokens, offset=207355836559 ns
        ON_TOKENS_RETURNED, offset=207355902184 ns
        ON_TOKENS_CALLED, generate 1 tokens, offset=208708345873 ns
        ON_TOKENS_RETURNED, offset=208708351273 ns
[15:36:16.893245478|thread 2901770|cpu 263] [debug] #EVT# HandleDetails::is_anomalous() handle_id=44 time in state STATE_OPENED exceeded threshold: 137209794382 ns
[15:36:16.893248419|thread 2901770|cpu 263] [debug] #EVT#   Handle,    44, Created, 753969410218449, Last, 754178118663289, Prompted,  8191, Generated,    64, Input TPS, 59.70, Output TPS:  0.78, Callbacks,    64, prompt parsing complete, open
[15:36:16.893264082|thread 2901770|cpu 263] [info ] #EVT#   Handle 44 history:
        SESSION_OPEN, prompt 8192 tokens, offset=0 ns
        PROMPT_TOKENS_REUSE, offset=137209793127 ns
        ON_START_CALLED, offset=137209794382 ns
        ON_START_RETURNED, offset=137209844438 ns
        ON_TOKENS_CALLED, generate 1 tokens, offset=137209851471 ns
        ON_TOKENS_RETURNED, offset=137209854061 ns
        ON_TOKENS_CALLED, generate 1 tokens, offset=137858763381 ns
        ON_TOKENS_RETURNED, offset=137858765831 ns
        ON_TOKENS_CALLED, generate 1 tokens, offset=138573992466 ns
        ON_TOKENS_RETURNED, offset=138573996110 ns
        ON_TOKENS_CALLED, generate 1 tokens, offset=139306756293 ns
        ON_TOKENS_RETURNED, offset=139306758510 ns
        ON_TOKENS_CALLED, generate 1 tokens, offset=140043826201 ns
        ON_TOKENS_RETURNED, offset=140043830162 ns
        ON_TOKENS_CALLED, generate 1 tokens, offset=140790915867 ns
        ON_TOKENS_RETURNED, offset=140790917329 ns
        ON_TOKENS_CALLED, generate 1 tokens, offset=141553434866 ns
        ON_TOKENS_RETURNED, offset=141553437186 ns
        ON_TOKENS_CALLED, generate 1 tokens, offset=142335194508 ns
        ON_TOKENS_RETURNED, offset=142335196546 ns
        ON_TOKENS_CALLED, generate 1 tokens, offset=143121786248 ns
        ON_TOKENS_RETURNED, offset=143121795884 ns
        ON_TOKENS_CALLED, generate 1 tokens, offset=143922664698 ns
        ON_TOKENS_RETURNED, offset=143922667828 ns
        ON_TOKENS_CALLED, generate 1 tokens, offset=144736418821 ns
        ON_TOKENS_RETURNED, offset=144736420665 ns
        ON_TOKENS_CALLED, generate 1 tokens, offset=145569633758 ns
        ON_TOKENS_RETURNED, offset=145569636208 ns
        ON_TOKENS_CALLED, generate 1 tokens, offset=146412646143 ns
        ON_TOKENS_RETURNED, offset=146412647605 ns
        ON_TOKENS_CALLED, generate 1 tokens, offset=147278072731 ns
        ON_TOKENS_RETURNED, offset=147278074410 ns
        ON_TOKENS_CALLED, generate 1 tokens, offset=148159522514 ns
        ON_TOKENS_RETURNED, offset=148159525909 ns
        ON_TOKENS_CALLED, generate 1 tokens, offset=149062802738 ns
        ON_TOKENS_RETURNED, offset=149062804110 ns
        ON_TOKENS_CALLED, generate 1 tokens, offset=149985806079 ns
        ON_TOKENS_RETURNED, offset=149985820961 ns
        ON_TOKENS_CALLED, generate 1 tokens, offset=150915343528 ns
        ON_TOKENS_RETURNED, offset=150915345512 ns
        ON_TOKENS_CALLED, generate 1 tokens, offset=151883540022 ns
        ON_TOKENS_RETURNED, offset=151883541526 ns
        ON_TOKENS_CALLED, generate 1 tokens, offset=152864589673 ns
        ON_TOKENS_RETURNED, offset=152864592340 ns
        ON_TOKENS_CALLED, generate 1 tokens, offset=153875490574 ns
        ON_TOKENS_RETURNED, offset=153875492863 ns
        ON_TOKENS_CALLED, generate 1 tokens, offset=154887954912 ns
        ON_TOKENS_RETURNED, offset=154887957916 ns
        ON_TOKENS_CALLED, generate 1 tokens, offset=155940500125 ns
        ON_TOKENS_RETURNED, offset=155940501710 ns
        ON_TOKENS_CALLED, generate 1 tokens, offset=157001570036 ns
        ON_TOKENS_RETURNED, offset=157001571516 ns
        ON_TOKENS_CALLED, generate 1 tokens, offset=158094436504 ns
        ON_TOKENS_RETURNED, offset=158094439212 ns
        ON_TOKENS_CALLED, generate 1 tokens, offset=159181923997 ns
        ON_TOKENS_RETURNED, offset=159181925153 ns
        ON_TOKENS_CALLED, generate 1 tokens, offset=160312615303 ns
        ON_TOKENS_RETURNED, offset=160312617357 ns
        ON_TOKENS_CALLED, generate 1 tokens, offset=161454146005 ns
        ON_TOKENS_RETURNED, offset=161454147214 ns
        ON_TOKENS_CALLED, generate 1 tokens, offset=162625659724 ns
        ON_TOKENS_RETURNED, offset=162625660750 ns
        ON_TOKENS_CALLED, generate 1 tokens, offset=163795285457 ns
        ON_TOKENS_RETURNED, offset=163795286610 ns
        ON_TOKENS_CALLED, generate 1 tokens, offset=165006916600 ns
        ON_TOKENS_RETURNED, offset=165006918435 ns
        ON_TOKENS_CALLED, generate 1 tokens, offset=166223774746 ns
        ON_TOKENS_RETURNED, offset=166223776760 ns
        ON_TOKENS_CALLED, generate 1 tokens, offset=167332131582 ns
        ON_TOKENS_RETURNED, offset=167332135281 ns
        ON_TOKENS_CALLED, generate 1 tokens, offset=168471329387 ns
        ON_TOKENS_RETURNED, offset=168471330833 ns
        ON_TOKENS_CALLED, generate 1 tokens, offset=169618317594 ns
        ON_TOKENS_RETURNED, offset=169618319329 ns
        ON_TOKENS_CALLED, generate 1 tokens, offset=170794819921 ns
        ON_TOKENS_RETURNED, offset=170794822418 ns
        ON_TOKENS_CALLED, generate 1 tokens, offset=171977863415 ns
        ON_TOKENS_RETURNED, offset=171977864756 ns
        ON_TOKENS_CALLED, generate 1 tokens, offset=173192683156 ns
        ON_TOKENS_RETURNED, offset=173192684373 ns
        ON_TOKENS_CALLED, generate 1 tokens, offset=174414196227 ns
        ON_TOKENS_RETURNED, offset=174414198817 ns
        ON_TOKENS_CALLED, generate 1 tokens, offset=175670153575 ns
        ON_TOKENS_RETURNED, offset=175670156047 ns
        ON_TOKENS_CALLED, generate 1 tokens, offset=176922210821 ns
        ON_TOKENS_RETURNED, offset=176922212106 ns
        ON_TOKENS_CALLED, generate 1 tokens, offset=178218228472 ns
        ON_TOKENS_RETURNED, offset=178218230597 ns
        ON_TOKENS_CALLED, generate 1 tokens, offset=179516437395 ns
        ON_TOKENS_RETURNED, offset=179516439524 ns
        ON_TOKENS_CALLED, generate 1 tokens, offset=180849952290 ns
        ON_TOKENS_RETURNED, offset=180849953582 ns
        ON_TOKENS_CALLED, generate 1 tokens, offset=182186335211 ns
        ON_TOKENS_RETURNED, offset=182186336984 ns
        ON_TOKENS_CALLED, generate 1 tokens, offset=183561984064 ns
        ON_TOKENS_RETURNED, offset=183561986794 ns
        ON_TOKENS_CALLED, generate 1 tokens, offset=184941857658 ns
        ON_TOKENS_RETURNED, offset=184941860281 ns
        ON_TOKENS_CALLED, generate 1 tokens, offset=186357908041 ns
        ON_TOKENS_RETURNED, offset=186357910173 ns
        ON_TOKENS_CALLED, generate 1 tokens, offset=187763371809 ns
        ON_TOKENS_RETURNED, offset=187763373473 ns
        ON_TOKENS_CALLED, generate 1 tokens, offset=189220338229 ns
        ON_TOKENS_RETURNED, offset=189220339816 ns
        ON_TOKENS_CALLED, generate 1 tokens, offset=190547059482 ns
        ON_TOKENS_RETURNED, offset=190547062314 ns
        ON_TOKENS_CALLED, generate 1 tokens, offset=191910489081 ns
        ON_TOKENS_RETURNED, offset=191910492534 ns
        ON_TOKENS_CALLED, generate 1 tokens, offset=193275760352 ns
        ON_TOKENS_RETURNED, offset=193275761661 ns
        ON_TOKENS_CALLED, generate 1 tokens, offset=194674538200 ns
        ON_TOKENS_RETURNED, offset=194674540969 ns
        ON_TOKENS_CALLED, generate 1 tokens, offset=196086265792 ns
        ON_TOKENS_RETURNED, offset=196086266977 ns
        ON_TOKENS_CALLED, generate 1 tokens, offset=197525343134 ns
        ON_TOKENS_RETURNED, offset=197525344244 ns
        ON_TOKENS_CALLED, generate 1 tokens, offset=198966008647 ns
        ON_TOKENS_RETURNED, offset=198966010687 ns
        ON_TOKENS_CALLED, generate 1 tokens, offset=200444364618 ns
        ON_TOKENS_RETURNED, offset=200444367698 ns
        ON_TOKENS_CALLED, generate 1 tokens, offset=201797033573 ns
        ON_TOKENS_RETURNED, offset=201797035233 ns
        ON_TOKENS_CALLED, generate 1 tokens, offset=203198322117 ns
        ON_TOKENS_RETURNED, offset=203198323880 ns
        ON_TOKENS_CALLED, generate 1 tokens, offset=204606075911 ns
        ON_TOKENS_RETURNED, offset=204606078559 ns
        ON_TOKENS_CALLED, generate 1 tokens, offset=206043150575 ns
        ON_TOKENS_RETURNED, offset=206043152643 ns
        ON_TOKENS_CALLED, generate 1 tokens, offset=207355931834 ns
        ON_TOKENS_RETURNED, offset=207356018640 ns
        ON_TOKENS_CALLED, generate 1 tokens, offset=208708438911 ns
        ON_TOKENS_RETURNED, offset=208708444840 ns
[15:36:16.893275725|thread 2901770|cpu 263] [debug] #EVT# HandleDetails::is_anomalous() handle_id=42 time in state STATE_OPENED exceeded threshold: 137209846704 ns
[15:36:16.893277536|thread 2901770|cpu 263] [debug] #EVT#   Handle,    42, Created, 753969410165082, Last, 754178118661857, Prompted,  8191, Generated,    64, Input TPS, 59.70, Output TPS:  0.78, Callbacks,    64, prompt parsing complete, open
[15:36:16.893291925|thread 2901770|cpu 263] [info ] #EVT#   Handle 42 history:
        SESSION_OPEN, prompt 8192 tokens, offset=0 ns
        PROMPT_TOKENS_REUSE, offset=137209845039 ns
        ON_START_CALLED, offset=137209846704 ns
        ON_START_RETURNED, offset=137209874634 ns
        ON_TOKENS_CALLED, generate 1 tokens, offset=137209881062 ns
        ON_TOKENS_RETURNED, offset=137209884151 ns
        ON_TOKENS_CALLED, generate 1 tokens, offset=137858817283 ns
        ON_TOKENS_RETURNED, offset=137858819137 ns
        ON_TOKENS_CALLED, generate 1 tokens, offset=138574050542 ns
        ON_TOKENS_RETURNED, offset=138574051404 ns
        ON_TOKENS_CALLED, generate 1 tokens, offset=139306807454 ns
        ON_TOKENS_RETURNED, offset=139306809853 ns
        ON_TOKENS_CALLED, generate 1 tokens, offset=140043879013 ns
        ON_TOKENS_RETURNED, offset=140043881888 ns
        ON_TOKENS_CALLED, generate 1 tokens, offset=140790964635 ns
        ON_TOKENS_RETURNED, offset=140790967404 ns
        ON_TOKENS_CALLED, generate 1 tokens, offset=141553486908 ns
        ON_TOKENS_RETURNED, offset=141553489421 ns
        ON_TOKENS_CALLED, generate 1 tokens, offset=142335253633 ns
        ON_TOKENS_RETURNED, offset=142335254697 ns
        ON_TOKENS_CALLED, generate 1 tokens, offset=143121829676 ns
        ON_TOKENS_RETURNED, offset=143121831888 ns
        ON_TOKENS_CALLED, generate 1 tokens, offset=143922717352 ns
        ON_TOKENS_RETURNED, offset=143922720070 ns
        ON_TOKENS_CALLED, generate 1 tokens, offset=144736471323 ns
        ON_TOKENS_RETURNED, offset=144736473717 ns
        ON_TOKENS_CALLED, generate 1 tokens, offset=145569664307 ns
        ON_TOKENS_RETURNED, offset=145569665290 ns
        ON_TOKENS_CALLED, generate 1 tokens, offset=146412698807 ns
        ON_TOKENS_RETURNED, offset=146412701124 ns
        ON_TOKENS_CALLED, generate 1 tokens, offset=147278126095 ns
        ON_TOKENS_RETURNED, offset=147278127710 ns
        ON_TOKENS_CALLED, generate 1 tokens, offset=148159590320 ns
        ON_TOKENS_RETURNED, offset=148159591271 ns
        ON_TOKENS_CALLED, generate 1 tokens, offset=149062851314 ns
        ON_TOKENS_RETURNED, offset=149062853103 ns
        ON_TOKENS_CALLED, generate 1 tokens, offset=149985855421 ns
        ON_TOKENS_RETURNED, offset=149985870947 ns
        ON_TOKENS_CALLED, generate 1 tokens, offset=150915395401 ns
        ON_TOKENS_RETURNED, offset=150915397977 ns
        ON_TOKENS_CALLED, generate 1 tokens, offset=151883589433 ns
        ON_TOKENS_RETURNED, offset=151883591510 ns
        ON_TOKENS_CALLED, generate 1 tokens, offset=152864641106 ns
        ON_TOKENS_RETURNED, offset=152864642264 ns
        ON_TOKENS_CALLED, generate 1 tokens, offset=153875543715 ns
        ON_TOKENS_RETURNED, offset=153875545131 ns
        ON_TOKENS_CALLED, generate 1 tokens, offset=154887999440 ns
        ON_TOKENS_RETURNED, offset=154888000720 ns
        ON_TOKENS_CALLED, generate 1 tokens, offset=155940548910 ns
        ON_TOKENS_RETURNED, offset=155940549684 ns
        ON_TOKENS_CALLED, generate 1 tokens, offset=157001620120 ns
        ON_TOKENS_RETURNED, offset=157001621581 ns
        ON_TOKENS_CALLED, generate 1 tokens, offset=158094488978 ns
        ON_TOKENS_RETURNED, offset=158094490272 ns
        ON_TOKENS_CALLED, generate 1 tokens, offset=159181975578 ns
        ON_TOKENS_RETURNED, offset=159181977749 ns
        ON_TOKENS_CALLED, generate 1 tokens, offset=160312666355 ns
        ON_TOKENS_RETURNED, offset=160312668799 ns
        ON_TOKENS_CALLED, generate 1 tokens, offset=161454193155 ns
        ON_TOKENS_RETURNED, offset=161454195278 ns
        ON_TOKENS_CALLED, generate 1 tokens, offset=162625711619 ns
        ON_TOKENS_RETURNED, offset=162625712818 ns
        ON_TOKENS_CALLED, generate 1 tokens, offset=163795334311 ns
        ON_TOKENS_RETURNED, offset=163795335626 ns
        ON_TOKENS_CALLED, generate 1 tokens, offset=165006968876 ns
        ON_TOKENS_RETURNED, offset=165006972083 ns
        ON_TOKENS_CALLED, generate 1 tokens, offset=166223857047 ns
        ON_TOKENS_RETURNED, offset=166223858237 ns
        ON_TOKENS_CALLED, generate 1 tokens, offset=167332183905 ns
        ON_TOKENS_RETURNED, offset=167332186836 ns
        ON_TOKENS_CALLED, generate 1 tokens, offset=168471379431 ns
        ON_TOKENS_RETURNED, offset=168471380718 ns
        ON_TOKENS_CALLED, generate 1 tokens, offset=169618365995 ns
        ON_TOKENS_RETURNED, offset=169618368132 ns
        ON_TOKENS_CALLED, generate 1 tokens, offset=170794871366 ns
        ON_TOKENS_RETURNED, offset=170794873615 ns
        ON_TOKENS_CALLED, generate 1 tokens, offset=171977913418 ns
        ON_TOKENS_RETURNED, offset=171977914531 ns
        ON_TOKENS_CALLED, generate 1 tokens, offset=173192735725 ns
        ON_TOKENS_RETURNED, offset=173192737362 ns
        ON_TOKENS_CALLED, generate 1 tokens, offset=174414247453 ns
        ON_TOKENS_RETURNED, offset=174414248798 ns
        ON_TOKENS_CALLED, generate 1 tokens, offset=175670209042 ns
        ON_TOKENS_RETURNED, offset=175670210695 ns
        ON_TOKENS_CALLED, generate 1 tokens, offset=176922257093 ns
        ON_TOKENS_RETURNED, offset=176922260128 ns
        ON_TOKENS_CALLED, generate 1 tokens, offset=178218280763 ns
        ON_TOKENS_RETURNED, offset=178218283235 ns
        ON_TOKENS_CALLED, generate 1 tokens, offset=179516487701 ns
        ON_TOKENS_RETURNED, offset=179516489995 ns
        ON_TOKENS_CALLED, generate 1 tokens, offset=180850003201 ns
        ON_TOKENS_RETURNED, offset=180850004776 ns
        ON_TOKENS_CALLED, generate 1 tokens, offset=182186387634 ns
        ON_TOKENS_RETURNED, offset=182186388817 ns
        ON_TOKENS_CALLED, generate 1 tokens, offset=183562040873 ns
        ON_TOKENS_RETURNED, offset=183562041879 ns
        ON_TOKENS_CALLED, generate 1 tokens, offset=184941900539 ns
        ON_TOKENS_RETURNED, offset=184941902061 ns
        ON_TOKENS_CALLED, generate 1 tokens, offset=186357959135 ns
        ON_TOKENS_RETURNED, offset=186357962048 ns
        ON_TOKENS_CALLED, generate 1 tokens, offset=187763420894 ns
        ON_TOKENS_RETURNED, offset=187763423461 ns
        ON_TOKENS_CALLED, generate 1 tokens, offset=189220391236 ns
        ON_TOKENS_RETURNED, offset=189220392336 ns
        ON_TOKENS_CALLED, generate 1 tokens, offset=190547111763 ns
        ON_TOKENS_RETURNED, offset=190547114185 ns
        ON_TOKENS_CALLED, generate 1 tokens, offset=191910541457 ns
        ON_TOKENS_RETURNED, offset=191910543503 ns
        ON_TOKENS_CALLED, generate 1 tokens, offset=193275791537 ns
        ON_TOKENS_RETURNED, offset=193275792869 ns
        ON_TOKENS_CALLED, generate 1 tokens, offset=194674590580 ns
        ON_TOKENS_RETURNED, offset=194674593112 ns
        ON_TOKENS_CALLED, generate 1 tokens, offset=196086317349 ns
        ON_TOKENS_RETURNED, offset=196086320485 ns
        ON_TOKENS_CALLED, generate 1 tokens, offset=197525395351 ns
        ON_TOKENS_RETURNED, offset=197525397432 ns
        ON_TOKENS_CALLED, generate 1 tokens, offset=198966060513 ns
        ON_TOKENS_RETURNED, offset=198966062865 ns
        ON_TOKENS_CALLED, generate 1 tokens, offset=200444416322 ns
        ON_TOKENS_RETURNED, offset=200444417443 ns
        ON_TOKENS_CALLED, generate 1 tokens, offset=201797085650 ns
        ON_TOKENS_RETURNED, offset=201797089148 ns
        ON_TOKENS_CALLED, generate 1 tokens, offset=203198375294 ns
        ON_TOKENS_RETURNED, offset=203198377178 ns
        ON_TOKENS_CALLED, generate 1 tokens, offset=204606129214 ns
        ON_TOKENS_RETURNED, offset=204606131648 ns
        ON_TOKENS_CALLED, generate 1 tokens, offset=206043202451 ns
        ON_TOKENS_RETURNED, offset=206043204749 ns
        ON_TOKENS_CALLED, generate 1 tokens, offset=207355980272 ns
        ON_TOKENS_RETURNED, offset=207356188953 ns
        ON_TOKENS_CALLED, generate 1 tokens, offset=208708490080 ns
        ON_TOKENS_RETURNED, offset=208708496775 ns
[15:36:16.893302666|thread 2901770|cpu 263] [debug] #EVT# HandleDetails::is_anomalous() handle_id=4 time in state STATE_OPENED exceeded threshold: 137210327707 ns
[15:36:16.893304430|thread 2901770|cpu 263] [debug] #EVT#   Handle,     4, Created, 753969409693932, Last, 754178118668273, Prompted,  8192, Generated,    64, Input TPS, 59.70, Output TPS:  0.78, Callbacks,    64, prompt parsing complete, open
[15:36:16.893318300|thread 2901770|cpu 263] [info ] #EVT#   Handle 4 history:
        SESSION_OPEN, prompt 8192 tokens, offset=0 ns
        PROMPT_TOKENS_REUSE, offset=137210327231 ns
        ON_START_CALLED, offset=137210327707 ns
        ON_START_RETURNED, offset=137210477162 ns
        ON_TOKENS_CALLED, generate 1 tokens, offset=137210482860 ns
        ON_TOKENS_RETURNED, offset=137210485002 ns
        ON_TOKENS_CALLED, generate 1 tokens, offset=137859293625 ns
        ON_TOKENS_RETURNED, offset=137859295057 ns
        ON_TOKENS_CALLED, generate 1 tokens, offset=138574524128 ns
        ON_TOKENS_RETURNED, offset=138574527104 ns
        ON_TOKENS_CALLED, generate 1 tokens, offset=139307286934 ns
        ON_TOKENS_RETURNED, offset=139307288087 ns
        ON_TOKENS_CALLED, generate 1 tokens, offset=140044358966 ns
        ON_TOKENS_RETURNED, offset=140044362475 ns
        ON_TOKENS_CALLED, generate 1 tokens, offset=140791445329 ns
        ON_TOKENS_RETURNED, offset=140791446371 ns
        ON_TOKENS_CALLED, generate 1 tokens, offset=141553969537 ns
        ON_TOKENS_RETURNED, offset=141553971085 ns
        ON_TOKENS_CALLED, generate 1 tokens, offset=142335726651 ns
        ON_TOKENS_RETURNED, offset=142335727658 ns
        ON_TOKENS_CALLED, generate 1 tokens, offset=143122312328 ns
        ON_TOKENS_RETURNED, offset=143122331308 ns
        ON_TOKENS_CALLED, generate 1 tokens, offset=143923199468 ns
        ON_TOKENS_RETURNED, offset=143923202013 ns
        ON_TOKENS_CALLED, generate 1 tokens, offset=144736952926 ns
        ON_TOKENS_RETURNED, offset=144736955019 ns
        ON_TOKENS_CALLED, generate 1 tokens, offset=145570208095 ns
        ON_TOKENS_RETURNED, offset=145570209107 ns
        ON_TOKENS_CALLED, generate 1 tokens, offset=146413178789 ns
        ON_TOKENS_RETURNED, offset=146413179878 ns
        ON_TOKENS_CALLED, generate 1 tokens, offset=147278603809 ns
        ON_TOKENS_RETURNED, offset=147278604862 ns
        ON_TOKENS_CALLED, generate 1 tokens, offset=148160057506 ns
        ON_TOKENS_RETURNED, offset=148160059688 ns
        ON_TOKENS_CALLED, generate 1 tokens, offset=149063328072 ns
        ON_TOKENS_RETURNED, offset=149063330340 ns
        ON_TOKENS_CALLED, generate 1 tokens, offset=149986335882 ns
        ON_TOKENS_RETURNED, offset=149986350282 ns
        ON_TOKENS_CALLED, generate 1 tokens, offset=150915874635 ns
        ON_TOKENS_RETURNED, offset=150915875653 ns
        ON_TOKENS_CALLED, generate 1 tokens, offset=151884070357 ns
        ON_TOKENS_RETURNED, offset=151884072690 ns
        ON_TOKENS_CALLED, generate 1 tokens, offset=152865123645 ns
        ON_TOKENS_RETURNED, offset=152865125733 ns
        ON_TOKENS_CALLED, generate 1 tokens, offset=153876020192 ns
        ON_TOKENS_RETURNED, offset=153876021440 ns
        ON_TOKENS_CALLED, generate 1 tokens, offset=154888486915 ns
        ON_TOKENS_RETURNED, offset=154888488353 ns
        ON_TOKENS_CALLED, generate 1 tokens, offset=155941029401 ns
        ON_TOKENS_RETURNED, offset=155941030135 ns
        ON_TOKENS_CALLED, generate 1 tokens, offset=157002095820 ns
        ON_TOKENS_RETURNED, offset=157002096658 ns
        ON_TOKENS_CALLED, generate 1 tokens, offset=158094969380 ns
        ON_TOKENS_RETURNED, offset=158094970193 ns
        ON_TOKENS_CALLED, generate 1 tokens, offset=159182456114 ns
        ON_TOKENS_RETURNED, offset=159182456930 ns
        ON_TOKENS_CALLED, generate 1 tokens, offset=160313146912 ns
        ON_TOKENS_RETURNED, offset=160313147926 ns
        ON_TOKENS_CALLED, generate 1 tokens, offset=161454680770 ns
        ON_TOKENS_RETURNED, offset=161454681617 ns
        ON_TOKENS_CALLED, generate 1 tokens, offset=162626192407 ns
        ON_TOKENS_RETURNED, offset=162626193225 ns
        ON_TOKENS_CALLED, generate 1 tokens, offset=163795811185 ns
        ON_TOKENS_RETURNED, offset=163795812504 ns
        ON_TOKENS_CALLED, generate 1 tokens, offset=165007450307 ns
        ON_TOKENS_RETURNED, offset=165007451687 ns
        ON_TOKENS_CALLED, generate 1 tokens, offset=166224310668 ns
        ON_TOKENS_RETURNED, offset=166224311484 ns
        ON_TOKENS_CALLED, generate 1 tokens, offset=167332664937 ns
        ON_TOKENS_RETURNED, offset=167332667545 ns
        ON_TOKENS_CALLED, generate 1 tokens, offset=168471860417 ns
        ON_TOKENS_RETURNED, offset=168471860933 ns
        ON_TOKENS_CALLED, generate 1 tokens, offset=169618845967 ns
        ON_TOKENS_RETURNED, offset=169618846754 ns
        ON_TOKENS_CALLED, generate 1 tokens, offset=170795351761 ns
        ON_TOKENS_RETURNED, offset=170795352795 ns
        ON_TOKENS_CALLED, generate 1 tokens, offset=171978396224 ns
        ON_TOKENS_RETURNED, offset=171978396973 ns
        ON_TOKENS_CALLED, generate 1 tokens, offset=173193215522 ns
        ON_TOKENS_RETURNED, offset=173193217235 ns
        ON_TOKENS_CALLED, generate 1 tokens, offset=174414727983 ns
        ON_TOKENS_RETURNED, offset=174414728851 ns
        ON_TOKENS_CALLED, generate 1 tokens, offset=175670684824 ns
        ON_TOKENS_RETURNED, offset=175670685872 ns
        ON_TOKENS_CALLED, generate 1 tokens, offset=176922739690 ns
        ON_TOKENS_RETURNED, offset=176922740497 ns
        ON_TOKENS_CALLED, generate 1 tokens, offset=178218762609 ns
        ON_TOKENS_RETURNED, offset=178218763584 ns
        ON_TOKENS_CALLED, generate 1 tokens, offset=179516969471 ns
        ON_TOKENS_RETURNED, offset=179516969984 ns
        ON_TOKENS_CALLED, generate 1 tokens, offset=180850487539 ns
        ON_TOKENS_RETURNED, offset=180850488379 ns
        ON_TOKENS_CALLED, generate 1 tokens, offset=182186864856 ns
        ON_TOKENS_RETURNED, offset=182186867020 ns
        ON_TOKENS_CALLED, generate 1 tokens, offset=183562515935 ns
        ON_TOKENS_RETURNED, offset=183562517096 ns
        ON_TOKENS_CALLED, generate 1 tokens, offset=184942385216 ns
        ON_TOKENS_RETURNED, offset=184942387693 ns
        ON_TOKENS_CALLED, generate 1 tokens, offset=186358444300 ns
        ON_TOKENS_RETURNED, offset=186358445099 ns
        ON_TOKENS_CALLED, generate 1 tokens, offset=187763903186 ns
        ON_TOKENS_RETURNED, offset=187763905045 ns
        ON_TOKENS_CALLED, generate 1 tokens, offset=189220871590 ns
        ON_TOKENS_RETURNED, offset=189220872950 ns
        ON_TOKENS_CALLED, generate 1 tokens, offset=190547596038 ns
        ON_TOKENS_RETURNED, offset=190547598345 ns
        ON_TOKENS_CALLED, generate 1 tokens, offset=191911021074 ns
        ON_TOKENS_RETURNED, offset=191911022360 ns
        ON_TOKENS_CALLED, generate 1 tokens, offset=193276297769 ns
        ON_TOKENS_RETURNED, offset=193276298821 ns
        ON_TOKENS_CALLED, generate 1 tokens, offset=194675080379 ns
        ON_TOKENS_RETURNED, offset=194675081300 ns
        ON_TOKENS_CALLED, generate 1 tokens, offset=196086797997 ns
        ON_TOKENS_RETURNED, offset=196086798801 ns
        ON_TOKENS_CALLED, generate 1 tokens, offset=197525874407 ns
        ON_TOKENS_RETURNED, offset=197525875421 ns
        ON_TOKENS_CALLED, generate 1 tokens, offset=198966541080 ns
        ON_TOKENS_RETURNED, offset=198966542464 ns
        ON_TOKENS_CALLED, generate 1 tokens, offset=200444897228 ns
        ON_TOKENS_RETURNED, offset=200444897983 ns
        ON_TOKENS_CALLED, generate 1 tokens, offset=201797564942 ns
        ON_TOKENS_RETURNED, offset=201797567502 ns
        ON_TOKENS_CALLED, generate 1 tokens, offset=203198855547 ns
        ON_TOKENS_RETURNED, offset=203198856597 ns
        ON_TOKENS_CALLED, generate 1 tokens, offset=204606609443 ns
        ON_TOKENS_RETURNED, offset=204606610948 ns
        ON_TOKENS_CALLED, generate 1 tokens, offset=206043687713 ns
        ON_TOKENS_RETURNED, offset=206043689756 ns
        ON_TOKENS_CALLED, generate 1 tokens, offset=207356465088 ns
        ON_TOKENS_RETURNED, offset=207356620561 ns
        ON_TOKENS_CALLED, generate 1 tokens, offset=208708969701 ns
        ON_TOKENS_RETURNED, offset=208708974341 ns
[15:36:16.893329069|thread 2901770|cpu 263] [debug] #EVT# HandleDetails::is_anomalous() handle_id=3 time in state STATE_OPENED exceeded threshold: 137210332585 ns
[15:36:16.893330684|thread 2901770|cpu 263] [debug] #EVT#   Handle,     3, Created, 753969409683201, Last, 754178118667781, Prompted,  8192, Generated,    64, Input TPS, 59.70, Output TPS:  0.78, Callbacks,    64, prompt parsing complete, open
[15:36:16.893343965|thread 2901770|cpu 263] [info ] #EVT#   Handle 3 history:
        SESSION_OPEN, prompt 8192 tokens, offset=0 ns
        PROMPT_TOKENS_REUSE, offset=137210331218 ns
        ON_START_CALLED, offset=137210332585 ns
        ON_START_RETURNED, offset=137210397922 ns
        ON_TOKENS_CALLED, generate 1 tokens, offset=137210402129 ns
        ON_TOKENS_RETURNED, offset=137210404345 ns
        ON_TOKENS_CALLED, generate 1 tokens, offset=137859300422 ns
        ON_TOKENS_RETURNED, offset=137859301842 ns
        ON_TOKENS_CALLED, generate 1 tokens, offset=138574527603 ns
        ON_TOKENS_RETURNED, offset=138574530547 ns
        ON_TOKENS_CALLED, generate 1 tokens, offset=139307293242 ns
        ON_TOKENS_RETURNED, offset=139307294139 ns
        ON_TOKENS_CALLED, generate 1 tokens, offset=140044365813 ns
        ON_TOKENS_RETURNED, offset=140044369043 ns
        ON_TOKENS_CALLED, generate 1 tokens, offset=140791453247 ns
        ON_TOKENS_RETURNED, offset=140791454282 ns
        ON_TOKENS_CALLED, generate 1 tokens, offset=141553973643 ns
        ON_TOKENS_RETURNED, offset=141553974770 ns
        ON_TOKENS_CALLED, generate 1 tokens, offset=142335733150 ns
        ON_TOKENS_RETURNED, offset=142335735644 ns
        ON_TOKENS_CALLED, generate 1 tokens, offset=143122309982 ns
        ON_TOKENS_RETURNED, offset=143122312951 ns
        ON_TOKENS_CALLED, generate 1 tokens, offset=143923202960 ns
        ON_TOKENS_RETURNED, offset=143923204850 ns
        ON_TOKENS_CALLED, generate 1 tokens, offset=144736958379 ns
        ON_TOKENS_RETURNED, offset=144736960628 ns
        ON_TOKENS_CALLED, generate 1 tokens, offset=145570179872 ns
        ON_TOKENS_RETURNED, offset=145570181131 ns
        ON_TOKENS_CALLED, generate 1 tokens, offset=146413197074 ns
        ON_TOKENS_RETURNED, offset=146413198301 ns
        ON_TOKENS_CALLED, generate 1 tokens, offset=147278610664 ns
        ON_TOKENS_RETURNED, offset=147278611879 ns
        ON_TOKENS_CALLED, generate 1 tokens, offset=148160068581 ns
        ON_TOKENS_RETURNED, offset=148160069429 ns
        ON_TOKENS_CALLED, generate 1 tokens, offset=149063335476 ns
        ON_TOKENS_RETURNED, offset=149063337050 ns
        ON_TOKENS_CALLED, generate 1 tokens, offset=149986352130 ns
        ON_TOKENS_RETURNED, offset=149986365339 ns
        ON_TOKENS_CALLED, generate 1 tokens, offset=150915880351 ns
        ON_TOKENS_RETURNED, offset=150915881708 ns
        ON_TOKENS_CALLED, generate 1 tokens, offset=151884076222 ns
        ON_TOKENS_RETURNED, offset=151884077114 ns
        ON_TOKENS_CALLED, generate 1 tokens, offset=152865128309 ns
        ON_TOKENS_RETURNED, offset=152865129214 ns
        ON_TOKENS_CALLED, generate 1 tokens, offset=153876032134 ns
        ON_TOKENS_RETURNED, offset=153876033289 ns
        ON_TOKENS_CALLED, generate 1 tokens, offset=154888486796 ns
        ON_TOKENS_RETURNED, offset=154888488999 ns
        ON_TOKENS_CALLED, generate 1 tokens, offset=155941036253 ns
        ON_TOKENS_RETURNED, offset=155941037394 ns
        ON_TOKENS_CALLED, generate 1 tokens, offset=157002102195 ns
        ON_TOKENS_RETURNED, offset=157002104084 ns
        ON_TOKENS_CALLED, generate 1 tokens, offset=158094975982 ns
        ON_TOKENS_RETURNED, offset=158094977180 ns
        ON_TOKENS_CALLED, generate 1 tokens, offset=159182462645 ns
        ON_TOKENS_RETURNED, offset=159182464083 ns
        ON_TOKENS_CALLED, generate 1 tokens, offset=160313158083 ns
        ON_TOKENS_RETURNED, offset=160313159202 ns
        ON_TOKENS_CALLED, generate 1 tokens, offset=161454680401 ns
        ON_TOKENS_RETURNED, offset=161454681761 ns
        ON_TOKENS_CALLED, generate 1 tokens, offset=162626198798 ns
        ON_TOKENS_RETURNED, offset=162626199752 ns
        ON_TOKENS_CALLED, generate 1 tokens, offset=163795816023 ns
        ON_TOKENS_RETURNED, offset=163795817097 ns
        ON_TOKENS_CALLED, generate 1 tokens, offset=165007459427 ns
        ON_TOKENS_RETURNED, offset=165007460534 ns
        ON_TOKENS_CALLED, generate 1 tokens, offset=166224316547 ns
        ON_TOKENS_RETURNED, offset=166224321107 ns
        ON_TOKENS_CALLED, generate 1 tokens, offset=167332677682 ns
        ON_TOKENS_RETURNED, offset=167332679571 ns
        ON_TOKENS_CALLED, generate 1 tokens, offset=168471867186 ns
        ON_TOKENS_RETURNED, offset=168471868884 ns
        ON_TOKENS_CALLED, generate 1 tokens, offset=169618854265 ns
        ON_TOKENS_RETURNED, offset=169618855387 ns
        ON_TOKENS_CALLED, generate 1 tokens, offset=170795358799 ns
        ON_TOKENS_RETURNED, offset=170795359939 ns
        ON_TOKENS_CALLED, generate 1 tokens, offset=171978401956 ns
        ON_TOKENS_RETURNED, offset=171978405071 ns
        ON_TOKENS_CALLED, generate 1 tokens, offset=173193220125 ns
        ON_TOKENS_RETURNED, offset=173193223506 ns
        ON_TOKENS_CALLED, generate 1 tokens, offset=174414734620 ns
        ON_TOKENS_RETURNED, offset=174414736572 ns
        ON_TOKENS_CALLED, generate 1 tokens, offset=175670692488 ns
        ON_TOKENS_RETURNED, offset=175670694358 ns
        ON_TOKENS_CALLED, generate 1 tokens, offset=176922743907 ns
        ON_TOKENS_RETURNED, offset=176922746355 ns
        ON_TOKENS_CALLED, generate 1 tokens, offset=178218769658 ns
        ON_TOKENS_RETURNED, offset=178218770947 ns
        ON_TOKENS_CALLED, generate 1 tokens, offset=179516973802 ns
        ON_TOKENS_RETURNED, offset=179516975576 ns
        ON_TOKENS_CALLED, generate 1 tokens, offset=180850488463 ns
        ON_TOKENS_RETURNED, offset=180850490945 ns
        ON_TOKENS_CALLED, generate 1 tokens, offset=182186872751 ns
        ON_TOKENS_RETURNED, offset=182186874326 ns
        ON_TOKENS_CALLED, generate 1 tokens, offset=183562530083 ns
        ON_TOKENS_RETURNED, offset=183562531454 ns
        ON_TOKENS_CALLED, generate 1 tokens, offset=184942388675 ns
        ON_TOKENS_RETURNED, offset=184942390142 ns
        ON_TOKENS_CALLED, generate 1 tokens, offset=186358448801 ns
        ON_TOKENS_RETURNED, offset=186358450763 ns
        ON_TOKENS_CALLED, generate 1 tokens, offset=187763908507 ns
        ON_TOKENS_RETURNED, offset=187763911025 ns
        ON_TOKENS_CALLED, generate 1 tokens, offset=189220874999 ns
        ON_TOKENS_RETURNED, offset=189220875819 ns
        ON_TOKENS_CALLED, generate 1 tokens, offset=190547597623 ns
        ON_TOKENS_RETURNED, offset=190547599818 ns
        ON_TOKENS_CALLED, generate 1 tokens, offset=191911034250 ns
        ON_TOKENS_RETURNED, offset=191911035838 ns
        ON_TOKENS_CALLED, generate 1 tokens, offset=193276279530 ns
        ON_TOKENS_RETURNED, offset=193276281955 ns
        ON_TOKENS_CALLED, generate 1 tokens, offset=194675078978 ns
        ON_TOKENS_RETURNED, offset=194675081617 ns
        ON_TOKENS_CALLED, generate 1 tokens, offset=196086803331 ns
        ON_TOKENS_RETURNED, offset=196086804190 ns
        ON_TOKENS_CALLED, generate 1 tokens, offset=197525880271 ns
        ON_TOKENS_RETURNED, offset=197525881741 ns
        ON_TOKENS_CALLED, generate 1 tokens, offset=198966546903 ns
        ON_TOKENS_RETURNED, offset=198966549262 ns
        ON_TOKENS_CALLED, generate 1 tokens, offset=200444904707 ns
        ON_TOKENS_RETURNED, offset=200444906866 ns
        ON_TOKENS_CALLED, generate 1 tokens, offset=201797570926 ns
        ON_TOKENS_RETURNED, offset=201797572924 ns
        ON_TOKENS_CALLED, generate 1 tokens, offset=203198863406 ns
        ON_TOKENS_RETURNED, offset=203198864752 ns
        ON_TOKENS_CALLED, generate 1 tokens, offset=204606615452 ns
        ON_TOKENS_RETURNED, offset=204606617735 ns
        ON_TOKENS_CALLED, generate 1 tokens, offset=206043689361 ns
        ON_TOKENS_RETURNED, offset=206043690808 ns
        ON_TOKENS_CALLED, generate 1 tokens, offset=207356466772 ns
        ON_TOKENS_RETURNED, offset=207356577708 ns
        ON_TOKENS_CALLED, generate 1 tokens, offset=208708976042 ns
        ON_TOKENS_RETURNED, offset=208708984580 ns
[15:36:16.893353067|thread 2901770|cpu 263] [debug] #EVT# HandleDetails::is_anomalous() handle_id=21 time in state STATE_OPENED exceeded threshold: 137210128612 ns
[15:36:16.893354761|thread 2901770|cpu 263] [debug] #EVT#   Handle,    21, Created, 753969409890146, Last, 754178118665859, Prompted,  8189, Generated,    64, Input TPS, 59.70, Output TPS:  0.78, Callbacks,    64, prompt parsing complete, open
[15:36:16.893368719|thread 2901770|cpu 263] [info ] #EVT#   Handle 21 history:
        SESSION_OPEN, prompt 8192 tokens, offset=0 ns
        PROMPT_TOKENS_REUSE, offset=137210127407 ns
        ON_START_CALLED, offset=137210128612 ns
        ON_START_RETURNED, offset=137210259469 ns
        ON_TOKENS_CALLED, generate 1 tokens, offset=137210263967 ns
        ON_TOKENS_RETURNED, offset=137210266569 ns
        ON_TOKENS_CALLED, generate 1 tokens, offset=137859094332 ns
        ON_TOKENS_RETURNED, offset=137859095416 ns
        ON_TOKENS_CALLED, generate 1 tokens, offset=138574322421 ns
        ON_TOKENS_RETURNED, offset=138574326265 ns
        ON_TOKENS_CALLED, generate 1 tokens, offset=139307095835 ns
        ON_TOKENS_RETURNED, offset=139307096988 ns
        ON_TOKENS_CALLED, generate 1 tokens, offset=140044159567 ns
        ON_TOKENS_RETURNED, offset=140044161302 ns
        ON_TOKENS_CALLED, generate 1 tokens, offset=140791245907 ns
        ON_TOKENS_RETURNED, offset=140791247830 ns
        ON_TOKENS_CALLED, generate 1 tokens, offset=141553771893 ns
        ON_TOKENS_RETURNED, offset=141553773313 ns
        ON_TOKENS_CALLED, generate 1 tokens, offset=142335527042 ns
        ON_TOKENS_RETURNED, offset=142335528657 ns
        ON_TOKENS_CALLED, generate 1 tokens, offset=143122106189 ns
        ON_TOKENS_RETURNED, offset=143122113433 ns
        ON_TOKENS_CALLED, generate 1 tokens, offset=143923001834 ns
        ON_TOKENS_RETURNED, offset=143923003122 ns
        ON_TOKENS_CALLED, generate 1 tokens, offset=144736754433 ns
        ON_TOKENS_RETURNED, offset=144736755525 ns
        ON_TOKENS_CALLED, generate 1 tokens, offset=145569985862 ns
        ON_TOKENS_RETURNED, offset=145569987803 ns
        ON_TOKENS_CALLED, generate 1 tokens, offset=146412979538 ns
        ON_TOKENS_RETURNED, offset=146412980268 ns
        ON_TOKENS_CALLED, generate 1 tokens, offset=147278405126 ns
        ON_TOKENS_RETURNED, offset=147278406589 ns
        ON_TOKENS_CALLED, generate 1 tokens, offset=148159860599 ns
        ON_TOKENS_RETURNED, offset=148159861230 ns
        ON_TOKENS_CALLED, generate 1 tokens, offset=149063130040 ns
        ON_TOKENS_RETURNED, offset=149063131122 ns
        ON_TOKENS_CALLED, generate 1 tokens, offset=149986136171 ns
        ON_TOKENS_RETURNED, offset=149986155990 ns
        ON_TOKENS_CALLED, generate 1 tokens, offset=150915675605 ns
        ON_TOKENS_RETURNED, offset=150915677880 ns
        ON_TOKENS_CALLED, generate 1 tokens, offset=151883871089 ns
        ON_TOKENS_RETURNED, offset=151883872296 ns
        ON_TOKENS_CALLED, generate 1 tokens, offset=152864923153 ns
        ON_TOKENS_RETURNED, offset=152864924601 ns
        ON_TOKENS_CALLED, generate 1 tokens, offset=153875820342 ns
        ON_TOKENS_RETURNED, offset=153875821746 ns
        ON_TOKENS_CALLED, generate 1 tokens, offset=154888281340 ns
        ON_TOKENS_RETURNED, offset=154888283774 ns
        ON_TOKENS_CALLED, generate 1 tokens, offset=155940830664 ns
        ON_TOKENS_RETURNED, offset=155940832183 ns
        ON_TOKENS_CALLED, generate 1 tokens, offset=157001896801 ns
        ON_TOKENS_RETURNED, offset=157001897781 ns
        ON_TOKENS_CALLED, generate 1 tokens, offset=158094770484 ns
        ON_TOKENS_RETURNED, offset=158094771569 ns
        ON_TOKENS_CALLED, generate 1 tokens, offset=159182257354 ns
        ON_TOKENS_RETURNED, offset=159182258397 ns
        ON_TOKENS_CALLED, generate 1 tokens, offset=160312948659 ns
        ON_TOKENS_RETURNED, offset=160312949842 ns
        ON_TOKENS_CALLED, generate 1 tokens, offset=161454476955 ns
        ON_TOKENS_RETURNED, offset=161454478556 ns
        ON_TOKENS_CALLED, generate 1 tokens, offset=162625998970 ns
        ON_TOKENS_RETURNED, offset=162625999865 ns
        ON_TOKENS_CALLED, generate 1 tokens, offset=163795611315 ns
        ON_TOKENS_RETURNED, offset=163795612520 ns
        ON_TOKENS_CALLED, generate 1 tokens, offset=165007250707 ns
        ON_TOKENS_RETURNED, offset=165007253412 ns
        ON_TOKENS_CALLED, generate 1 tokens, offset=166224118447 ns
        ON_TOKENS_RETURNED, offset=166224119178 ns
        ON_TOKENS_CALLED, generate 1 tokens, offset=167332464514 ns
        ON_TOKENS_RETURNED, offset=167332468647 ns
        ON_TOKENS_CALLED, generate 1 tokens, offset=168471660650 ns
        ON_TOKENS_RETURNED, offset=168471662137 ns
        ON_TOKENS_CALLED, generate 1 tokens, offset=169618653609 ns
        ON_TOKENS_RETURNED, offset=169618655574 ns
        ON_TOKENS_CALLED, generate 1 tokens, offset=170795153077 ns
        ON_TOKENS_RETURNED, offset=170795154328 ns
        ON_TOKENS_CALLED, generate 1 tokens, offset=171978196437 ns
        ON_TOKENS_RETURNED, offset=171978198889 ns
        ON_TOKENS_CALLED, generate 1 tokens, offset=173193017319 ns
        ON_TOKENS_RETURNED, offset=173193019551 ns
        ON_TOKENS_CALLED, generate 1 tokens, offset=174414529685 ns
        ON_TOKENS_RETURNED, offset=174414531123 ns
        ON_TOKENS_CALLED, generate 1 tokens, offset=175670486600 ns
        ON_TOKENS_RETURNED, offset=175670487787 ns
        ON_TOKENS_CALLED, generate 1 tokens, offset=176922541953 ns
        ON_TOKENS_RETURNED, offset=176922543016 ns
        ON_TOKENS_CALLED, generate 1 tokens, offset=178218564913 ns
        ON_TOKENS_RETURNED, offset=178218566322 ns
        ON_TOKENS_CALLED, generate 1 tokens, offset=179516769620 ns
        ON_TOKENS_RETURNED, offset=179516770440 ns
        ON_TOKENS_CALLED, generate 1 tokens, offset=180850287019 ns
        ON_TOKENS_RETURNED, offset=180850288109 ns
        ON_TOKENS_CALLED, generate 1 tokens, offset=182186665898 ns
        ON_TOKENS_RETURNED, offset=182186667221 ns
        ON_TOKENS_CALLED, generate 1 tokens, offset=183562317442 ns
        ON_TOKENS_RETURNED, offset=183562318761 ns
        ON_TOKENS_CALLED, generate 1 tokens, offset=184942186994 ns
        ON_TOKENS_RETURNED, offset=184942188113 ns
        ON_TOKENS_CALLED, generate 1 tokens, offset=186358242772 ns
        ON_TOKENS_RETURNED, offset=186358245941 ns
        ON_TOKENS_CALLED, generate 1 tokens, offset=187763704013 ns
        ON_TOKENS_RETURNED, offset=187763706034 ns
        ON_TOKENS_CALLED, generate 1 tokens, offset=189220669743 ns
        ON_TOKENS_RETURNED, offset=189220670375 ns
        ON_TOKENS_CALLED, generate 1 tokens, offset=190547395870 ns
        ON_TOKENS_RETURNED, offset=190547397949 ns
        ON_TOKENS_CALLED, generate 1 tokens, offset=191910822067 ns
        ON_TOKENS_RETURNED, offset=191910824234 ns
        ON_TOKENS_CALLED, generate 1 tokens, offset=193276121541 ns
        ON_TOKENS_RETURNED, offset=193276122806 ns
        ON_TOKENS_CALLED, generate 1 tokens, offset=194674872475 ns
        ON_TOKENS_RETURNED, offset=194674873756 ns
        ON_TOKENS_CALLED, generate 1 tokens, offset=196086599419 ns
        ON_TOKENS_RETURNED, offset=196086602283 ns
        ON_TOKENS_CALLED, generate 1 tokens, offset=197525675466 ns
        ON_TOKENS_RETURNED, offset=197525676838 ns
        ON_TOKENS_CALLED, generate 1 tokens, offset=198966342078 ns
        ON_TOKENS_RETURNED, offset=198966343181 ns
        ON_TOKENS_CALLED, generate 1 tokens, offset=200444705131 ns
        ON_TOKENS_RETURNED, offset=200444706531 ns
        ON_TOKENS_CALLED, generate 1 tokens, offset=201797364812 ns
        ON_TOKENS_RETURNED, offset=201797366069 ns
        ON_TOKENS_CALLED, generate 1 tokens, offset=203198655619 ns
        ON_TOKENS_RETURNED, offset=203198656880 ns
        ON_TOKENS_CALLED, generate 1 tokens, offset=204606410075 ns
        ON_TOKENS_RETURNED, offset=204606412400 ns
        ON_TOKENS_CALLED, generate 1 tokens, offset=206043484264 ns
        ON_TOKENS_RETURNED, offset=206043487525 ns
        ON_TOKENS_CALLED, generate 1 tokens, offset=207356262255 ns
        ON_TOKENS_RETURNED, offset=207356393716 ns
        ON_TOKENS_CALLED, generate 1 tokens, offset=208708770769 ns
        ON_TOKENS_RETURNED, offset=208708775713 ns
[15:36:16.893377351|thread 2901770|cpu 263] [debug] #EVT# HandleDetails::is_anomalous() handle_id=23 time in state STATE_OPENED exceeded threshold: 137210101912 ns
[15:36:16.893379066|thread 2901770|cpu 263] [debug] #EVT#   Handle,    23, Created, 753969409916062, Last, 754178118667057, Prompted,  8189, Generated,    64, Input TPS, 59.70, Output TPS:  0.78, Callbacks,    64, prompt parsing complete, open
[15:36:16.893392526|thread 2901770|cpu 263] [info ] #EVT#   Handle 23 history:
        SESSION_OPEN, prompt 8192 tokens, offset=0 ns
        PROMPT_TOKENS_REUSE, offset=137210101113 ns
        ON_START_CALLED, offset=137210101912 ns
        ON_START_RETURNED, offset=137210213602 ns
        ON_TOKENS_CALLED, generate 1 tokens, offset=137210218024 ns
        ON_TOKENS_RETURNED, offset=137210218894 ns
        ON_TOKENS_CALLED, generate 1 tokens, offset=137859068793 ns
        ON_TOKENS_RETURNED, offset=137859071066 ns
        ON_TOKENS_CALLED, generate 1 tokens, offset=138574299903 ns
        ON_TOKENS_RETURNED, offset=138574301885 ns
        ON_TOKENS_CALLED, generate 1 tokens, offset=139307062360 ns
        ON_TOKENS_RETURNED, offset=139307063268 ns
        ON_TOKENS_CALLED, generate 1 tokens, offset=140044135127 ns
        ON_TOKENS_RETURNED, offset=140044137905 ns
        ON_TOKENS_CALLED, generate 1 tokens, offset=140791221110 ns
        ON_TOKENS_RETURNED, offset=140791222408 ns
        ON_TOKENS_CALLED, generate 1 tokens, offset=141553748850 ns
        ON_TOKENS_RETURNED, offset=141553749784 ns
        ON_TOKENS_CALLED, generate 1 tokens, offset=142335502520 ns
        ON_TOKENS_RETURNED, offset=142335503592 ns
        ON_TOKENS_CALLED, generate 1 tokens, offset=143122082270 ns
        ON_TOKENS_RETURNED, offset=143122101185 ns
        ON_TOKENS_CALLED, generate 1 tokens, offset=143922977451 ns
        ON_TOKENS_RETURNED, offset=143922979723 ns
        ON_TOKENS_CALLED, generate 1 tokens, offset=144736727999 ns
        ON_TOKENS_RETURNED, offset=144736729065 ns
        ON_TOKENS_CALLED, generate 1 tokens, offset=145569972070 ns
        ON_TOKENS_RETURNED, offset=145569973127 ns
        ON_TOKENS_CALLED, generate 1 tokens, offset=146412954663 ns
        ON_TOKENS_RETURNED, offset=146412955531 ns
        ON_TOKENS_CALLED, generate 1 tokens, offset=147278380454 ns
        ON_TOKENS_RETURNED, offset=147278381587 ns
        ON_TOKENS_CALLED, generate 1 tokens, offset=148159831622 ns
        ON_TOKENS_RETURNED, offset=148159832502 ns
        ON_TOKENS_CALLED, generate 1 tokens, offset=149063102502 ns
        ON_TOKENS_RETURNED, offset=149063103538 ns
        ON_TOKENS_CALLED, generate 1 tokens, offset=149986111816 ns
        ON_TOKENS_RETURNED, offset=149986122448 ns
        ON_TOKENS_CALLED, generate 1 tokens, offset=150915651243 ns
        ON_TOKENS_RETURNED, offset=150915652595 ns
        ON_TOKENS_CALLED, generate 1 tokens, offset=151883846815 ns
        ON_TOKENS_RETURNED, offset=151883847772 ns
        ON_TOKENS_CALLED, generate 1 tokens, offset=152864898368 ns
        ON_TOKENS_RETURNED, offset=152864899461 ns
        ON_TOKENS_CALLED, generate 1 tokens, offset=153875797053 ns
        ON_TOKENS_RETURNED, offset=153875799706 ns
        ON_TOKENS_CALLED, generate 1 tokens, offset=154888260660 ns
        ON_TOKENS_RETURNED, offset=154888261890 ns
        ON_TOKENS_CALLED, generate 1 tokens, offset=155940806152 ns
        ON_TOKENS_RETURNED, offset=155940808033 ns
        ON_TOKENS_CALLED, generate 1 tokens, offset=157001872297 ns
        ON_TOKENS_RETURNED, offset=157001873959 ns
        ON_TOKENS_CALLED, generate 1 tokens, offset=158094745485 ns
        ON_TOKENS_RETURNED, offset=158094746452 ns
        ON_TOKENS_CALLED, generate 1 tokens, offset=159182232353 ns
        ON_TOKENS_RETURNED, offset=159182233370 ns
        ON_TOKENS_CALLED, generate 1 tokens, offset=160312923782 ns
        ON_TOKENS_RETURNED, offset=160312924897 ns
        ON_TOKENS_CALLED, generate 1 tokens, offset=161454470812 ns
        ON_TOKENS_RETURNED, offset=161454472769 ns
        ON_TOKENS_CALLED, generate 1 tokens, offset=162625968288 ns
        ON_TOKENS_RETURNED, offset=162625969540 ns
        ON_TOKENS_CALLED, generate 1 tokens, offset=163795588282 ns
        ON_TOKENS_RETURNED, offset=163795595168 ns
        ON_TOKENS_CALLED, generate 1 tokens, offset=165007227866 ns
        ON_TOKENS_RETURNED, offset=165007230892 ns
        ON_TOKENS_CALLED, generate 1 tokens, offset=166224083132 ns
        ON_TOKENS_RETURNED, offset=166224087599 ns
        ON_TOKENS_CALLED, generate 1 tokens, offset=167332441569 ns
        ON_TOKENS_RETURNED, offset=167332445092 ns
        ON_TOKENS_CALLED, generate 1 tokens, offset=168471636993 ns
        ON_TOKENS_RETURNED, offset=168471638053 ns
        ON_TOKENS_CALLED, generate 1 tokens, offset=169618624294 ns
        ON_TOKENS_RETURNED, offset=169618625352 ns
        ON_TOKENS_CALLED, generate 1 tokens, offset=170795128522 ns
        ON_TOKENS_RETURNED, offset=170795129876 ns
        ON_TOKENS_CALLED, generate 1 tokens, offset=171978172734 ns
        ON_TOKENS_RETURNED, offset=171978173594 ns
        ON_TOKENS_CALLED, generate 1 tokens, offset=173192990050 ns
        ON_TOKENS_RETURNED, offset=173192991956 ns
        ON_TOKENS_CALLED, generate 1 tokens, offset=174414503848 ns
        ON_TOKENS_RETURNED, offset=174414505325 ns
        ON_TOKENS_CALLED, generate 1 tokens, offset=175670462355 ns
        ON_TOKENS_RETURNED, offset=175670463689 ns
        ON_TOKENS_CALLED, generate 1 tokens, offset=176922519183 ns
        ON_TOKENS_RETURNED, offset=176922520194 ns
        ON_TOKENS_CALLED, generate 1 tokens, offset=178218538256 ns
        ON_TOKENS_RETURNED, offset=178218540313 ns
        ON_TOKENS_CALLED, generate 1 tokens, offset=179516746864 ns
        ON_TOKENS_RETURNED, offset=179516748864 ns
        ON_TOKENS_CALLED, generate 1 tokens, offset=180850259411 ns
        ON_TOKENS_RETURNED, offset=180850260191 ns
        ON_TOKENS_CALLED, generate 1 tokens, offset=182186640893 ns
        ON_TOKENS_RETURNED, offset=182186642782 ns
        ON_TOKENS_CALLED, generate 1 tokens, offset=183562292618 ns
        ON_TOKENS_RETURNED, offset=183562294834 ns
        ON_TOKENS_CALLED, generate 1 tokens, offset=184942164798 ns
        ON_TOKENS_RETURNED, offset=184942165958 ns
        ON_TOKENS_CALLED, generate 1 tokens, offset=186358220517 ns
        ON_TOKENS_RETURNED, offset=186358222455 ns
        ON_TOKENS_CALLED, generate 1 tokens, offset=187763680361 ns
        ON_TOKENS_RETURNED, offset=187763682741 ns
        ON_TOKENS_CALLED, generate 1 tokens, offset=189220646757 ns
        ON_TOKENS_RETURNED, offset=189220648900 ns
        ON_TOKENS_CALLED, generate 1 tokens, offset=190547371918 ns
        ON_TOKENS_RETURNED, offset=190547372868 ns
        ON_TOKENS_CALLED, generate 1 tokens, offset=191910796593 ns
        ON_TOKENS_RETURNED, offset=191910798884 ns
        ON_TOKENS_CALLED, generate 1 tokens, offset=193276056312 ns
        ON_TOKENS_RETURNED, offset=193276057731 ns
        ON_TOKENS_CALLED, generate 1 tokens, offset=194674851522 ns
        ON_TOKENS_RETURNED, offset=194674852356 ns
        ON_TOKENS_CALLED, generate 1 tokens, offset=196086574301 ns
        ON_TOKENS_RETURNED, offset=196086574899 ns
        ON_TOKENS_CALLED, generate 1 tokens, offset=197525650123 ns
        ON_TOKENS_RETURNED, offset=197525651772 ns
        ON_TOKENS_CALLED, generate 1 tokens, offset=198966317599 ns
        ON_TOKENS_RETURNED, offset=198966319125 ns
        ON_TOKENS_CALLED, generate 1 tokens, offset=200444683603 ns
        ON_TOKENS_RETURNED, offset=200444684806 ns
        ON_TOKENS_CALLED, generate 1 tokens, offset=201797341204 ns
        ON_TOKENS_RETURNED, offset=201797342889 ns
        ON_TOKENS_CALLED, generate 1 tokens, offset=203198631224 ns
        ON_TOKENS_RETURNED, offset=203198632336 ns
        ON_TOKENS_CALLED, generate 1 tokens, offset=204606387193 ns
        ON_TOKENS_RETURNED, offset=204606388188 ns
        ON_TOKENS_CALLED, generate 1 tokens, offset=206043461275 ns
        ON_TOKENS_RETURNED, offset=206043463107 ns
        ON_TOKENS_CALLED, generate 1 tokens, offset=207356237418 ns
        ON_TOKENS_RETURNED, offset=207356425446 ns
        ON_TOKENS_CALLED, generate 1 tokens, offset=208708746449 ns
        ON_TOKENS_RETURNED, offset=208708750995 ns
[15:36:17.857152534|thread 2901769|cpu 263] [info ] KV cache footprint: 37.37 GB in 171 books
[15:36:21.963577570|thread 2899271|cpu 263] [info ] [Request 7] Parsing the prompt took 223.967698484 s at 36.576703048923044 tokens/s
[15:36:25.894600300|thread 2901769|cpu 263] [info ] KV cache footprint: 38.47 GB in 176 books
[15:36:35.781504474|thread 2901769|cpu 263] [info ] KV cache footprint: 39.57 GB in 181 books
[15:36:36.984016607|thread 2899264|cpu 263] [info ] [Request 5] Generating 61 response tokens with 8193 context took 71.655488 s at 0.851 average tok/s, or 1174.680 ms/tok
[15:36:36.984044772|thread 2899264|cpu 263] [info ] [Request 5] Request with 8192 tokens in and 64 out (sequence limit) saw 166.224304 s TTFT and 238.988159 s TTLT
[15:36:40.660384092|thread 2899271|cpu 263] [info ] [Request 12] Parsing the prompt took 242.664448889 s at 33.75855028417121 tokens/s
[15:36:44.109751427|thread 2901769|cpu 263] [info ] KV cache footprint: 40.67 GB in 186 books
[15:36:48.441770923|thread 2901770|cpu 263] [debug] #EVT# HandleDetails::is_anomalous() handle_id=5 time in state STATE_OPENED exceeded threshold: 166224297516 ns
[15:36:48.441815077|thread 2901770|cpu 263] [debug] #EVT#   Handle,     5, Created, 753969409706542, Last, 754209601438845, Prompted,  8192, Generated,    64, Input TPS, 49.28, Output TPS:  0.76, Callbacks,    64, prompt parsing complete, open
[15:36:48.441844702|thread 2901770|cpu 263] [info ] #EVT#   Handle 5 history:
        SESSION_OPEN, prompt 8192 tokens, offset=0 ns
        PROMPT_TOKENS_REUSE, offset=166224296290 ns
        ON_START_CALLED, offset=166224297516 ns
        ON_START_RETURNED, offset=166224340471 ns
        ON_TOKENS_CALLED, generate 1 tokens, offset=166224345895 ns
        ON_TOKENS_RETURNED, offset=166224347869 ns
        ON_TOKENS_CALLED, generate 1 tokens, offset=167332664607 ns
        ON_TOKENS_RETURNED, offset=167332666242 ns
        ON_TOKENS_CALLED, generate 1 tokens, offset=168471852700 ns
        ON_TOKENS_RETURNED, offset=168471854200 ns
        ON_TOKENS_CALLED, generate 1 tokens, offset=169618836294 ns
        ON_TOKENS_RETURNED, offset=169618838250 ns
        ON_TOKENS_CALLED, generate 1 tokens, offset=170795350848 ns
        ON_TOKENS_RETURNED, offset=170795352767 ns
        ON_TOKENS_CALLED, generate 1 tokens, offset=171978378826 ns
        ON_TOKENS_RETURNED, offset=171978382095 ns
        ON_TOKENS_CALLED, generate 1 tokens, offset=173193202274 ns
        ON_TOKENS_RETURNED, offset=173193204308 ns
        ON_TOKENS_CALLED, generate 1 tokens, offset=174414717048 ns
        ON_TOKENS_RETURNED, offset=174414717897 ns
        ON_TOKENS_CALLED, generate 1 tokens, offset=175670685065 ns
        ON_TOKENS_RETURNED, offset=175670689469 ns
        ON_TOKENS_CALLED, generate 1 tokens, offset=176922728301 ns
        ON_TOKENS_RETURNED, offset=176922730905 ns
        ON_TOKENS_CALLED, generate 1 tokens, offset=178218751722 ns
        ON_TOKENS_RETURNED, offset=178218753434 ns
        ON_TOKENS_CALLED, generate 1 tokens, offset=179516960372 ns
        ON_TOKENS_RETURNED, offset=179516961319 ns
        ON_TOKENS_CALLED, generate 1 tokens, offset=180850471360 ns
        ON_TOKENS_RETURNED, offset=180850472537 ns
        ON_TOKENS_CALLED, generate 1 tokens, offset=182186852686 ns
        ON_TOKENS_RETURNED, offset=182186853899 ns
        ON_TOKENS_CALLED, generate 1 tokens, offset=183562505997 ns
        ON_TOKENS_RETURNED, offset=183562508381 ns
        ON_TOKENS_CALLED, generate 1 tokens, offset=184942375550 ns
        ON_TOKENS_RETURNED, offset=184942376960 ns
        ON_TOKENS_CALLED, generate 1 tokens, offset=186358432915 ns
        ON_TOKENS_RETURNED, offset=186358437843 ns
        ON_TOKENS_CALLED, generate 1 tokens, offset=187763896727 ns
        ON_TOKENS_RETURNED, offset=187763897692 ns
        ON_TOKENS_CALLED, generate 1 tokens, offset=189220860798 ns
        ON_TOKENS_RETURNED, offset=189220861725 ns
        ON_TOKENS_CALLED, generate 1 tokens, offset=190547576118 ns
        ON_TOKENS_RETURNED, offset=190547577621 ns
        ON_TOKENS_CALLED, generate 1 tokens, offset=191911010587 ns
        ON_TOKENS_RETURNED, offset=191911011381 ns
        ON_TOKENS_CALLED, generate 1 tokens, offset=193276318106 ns
        ON_TOKENS_RETURNED, offset=193276318940 ns
        ON_TOKENS_CALLED, generate 1 tokens, offset=194675066281 ns
        ON_TOKENS_RETURNED, offset=194675067917 ns
        ON_TOKENS_CALLED, generate 1 tokens, offset=196086787638 ns
        ON_TOKENS_RETURNED, offset=196086788849 ns
        ON_TOKENS_CALLED, generate 1 tokens, offset=197525869004 ns
        ON_TOKENS_RETURNED, offset=197525869887 ns
        ON_TOKENS_CALLED, generate 1 tokens, offset=198966529966 ns
        ON_TOKENS_RETURNED, offset=198966532960 ns
        ON_TOKENS_CALLED, generate 1 tokens, offset=200444881865 ns
        ON_TOKENS_RETURNED, offset=200444883965 ns
        ON_TOKENS_CALLED, generate 1 tokens, offset=201797552545 ns
        ON_TOKENS_RETURNED, offset=201797553412 ns
        ON_TOKENS_CALLED, generate 1 tokens, offset=203198845302 ns
        ON_TOKENS_RETURNED, offset=203198846240 ns
        ON_TOKENS_CALLED, generate 1 tokens, offset=204606601182 ns
        ON_TOKENS_RETURNED, offset=204606601918 ns
        ON_TOKENS_CALLED, generate 1 tokens, offset=206043673907 ns
        ON_TOKENS_RETURNED, offset=206043676153 ns
        ON_TOKENS_CALLED, generate 1 tokens, offset=207356458916 ns
        ON_TOKENS_RETURNED, offset=207356459820 ns
        ON_TOKENS_CALLED, generate 1 tokens, offset=208708961449 ns
        ON_TOKENS_RETURNED, offset=208708965177 ns
        ON_TOKENS_CALLED, generate 1 tokens, offset=209930268990 ns
        ON_TOKENS_RETURNED, offset=209930270318 ns
        ON_TOKENS_CALLED, generate 1 tokens, offset=210762768363 ns
        ON_TOKENS_RETURNED, offset=210762770156 ns
        ON_TOKENS_CALLED, generate 1 tokens, offset=211607691624 ns
        ON_TOKENS_RETURNED, offset=211607692540 ns
        ON_TOKENS_CALLED, generate 1 tokens, offset=212467246375 ns
        ON_TOKENS_RETURNED, offset=212467247658 ns
        ON_TOKENS_CALLED, generate 1 tokens, offset=213340092936 ns
        ON_TOKENS_RETURNED, offset=213340094511 ns
        ON_TOKENS_CALLED, generate 1 tokens, offset=214224105779 ns
        ON_TOKENS_RETURNED, offset=214224107865 ns
        ON_TOKENS_CALLED, generate 1 tokens, offset=215125837565 ns
        ON_TOKENS_RETURNED, offset=215125838832 ns
        ON_TOKENS_CALLED, generate 1 tokens, offset=216040260634 ns
        ON_TOKENS_RETURNED, offset=216040261773 ns
        ON_TOKENS_CALLED, generate 1 tokens, offset=216972220554 ns
        ON_TOKENS_RETURNED, offset=216972221308 ns
        ON_TOKENS_CALLED, generate 1 tokens, offset=217918779417 ns
        ON_TOKENS_RETURNED, offset=217918781452 ns
        ON_TOKENS_CALLED, generate 1 tokens, offset=218883056205 ns
        ON_TOKENS_RETURNED, offset=218883058670 ns
        ON_TOKENS_CALLED, generate 1 tokens, offset=219861079259 ns
        ON_TOKENS_RETURNED, offset=219861081247 ns
        ON_TOKENS_CALLED, generate 1 tokens, offset=220863385076 ns
        ON_TOKENS_RETURNED, offset=220863386348 ns
        ON_TOKENS_CALLED, generate 1 tokens, offset=221873524845 ns
        ON_TOKENS_RETURNED, offset=221873526104 ns
        ON_TOKENS_CALLED, generate 1 tokens, offset=222913764080 ns
        ON_TOKENS_RETURNED, offset=222913765746 ns
        ON_TOKENS_CALLED, generate 1 tokens, offset=223967709328 ns
        ON_TOKENS_RETURNED, offset=223967710466 ns
        ON_TOKENS_CALLED, generate 1 tokens, offset=224927483957 ns
        ON_TOKENS_RETURNED, offset=224927485679 ns
        ON_TOKENS_CALLED, generate 1 tokens, offset=225904866588 ns
        ON_TOKENS_RETURNED, offset=225904869701 ns
        ON_TOKENS_CALLED, generate 1 tokens, offset=226890130091 ns
        ON_TOKENS_RETURNED, offset=226890132910 ns
        ON_TOKENS_CALLED, generate 1 tokens, offset=227898525671 ns
        ON_TOKENS_RETURNED, offset=227898528531 ns
        ON_TOKENS_CALLED, generate 1 tokens, offset=228926362339 ns
        ON_TOKENS_RETURNED, offset=228926364663 ns
        ON_TOKENS_CALLED, generate 1 tokens, offset=229974659890 ns
        ON_TOKENS_RETURNED, offset=229974662169 ns
        ON_TOKENS_CALLED, generate 1 tokens, offset=231030658334 ns
        ON_TOKENS_RETURNED, offset=231030659902 ns
        ON_TOKENS_CALLED, generate 1 tokens, offset=232113677239 ns
        ON_TOKENS_RETURNED, offset=232113679321 ns
        ON_TOKENS_CALLED, generate 1 tokens, offset=233207355288 ns
        ON_TOKENS_RETURNED, offset=233207356894 ns
        ON_TOKENS_CALLED, generate 1 tokens, offset=234329732574 ns
        ON_TOKENS_RETURNED, offset=234329735266 ns
        ON_TOKENS_CALLED, generate 1 tokens, offset=235455027755 ns
        ON_TOKENS_RETURNED, offset=235455029253 ns
        ON_TOKENS_CALLED, generate 1 tokens, offset=236615467578 ns
        ON_TOKENS_RETURNED, offset=236615468875 ns
        ON_TOKENS_CALLED, generate 1 tokens, offset=237785492944 ns
        ON_TOKENS_RETURNED, offset=237785494361 ns
        ON_TOKENS_CALLED, generate 1 tokens, offset=238988150403 ns
        ON_TOKENS_RETURNED, offset=238988189084 ns
        ON_TOKENS_CALLED, generate 1 tokens, offset=240191721018 ns
        ON_TOKENS_RETURNED, offset=240191732303 ns
[15:36:54.115446609|thread 2901769|cpu 263] [info ] KV cache footprint: 41.80 GB in 192 books
[15:36:55.465951965|thread 2899273|cpu 263] [info ] [Request 8] Parsing the prompt took 257.470060651 s at 31.81729160775798 tokens/s
[15:36:59.205289248|thread 2899264|cpu 263] [info ] [Request 6] Generating 61 response tokens with 8193 context took 70.661837 s at 0.863 average tok/s, or 1158.391 ms/tok
[15:36:59.205318714|thread 2899264|cpu 263] [info ] [Request 6] Request with 8192 tokens in and 64 out (sequence limit) saw 189.220864 s TTFT and 261.209419 s TTLT
[15:37:01.776961399|thread 2901769|cpu 263] [info ] KV cache footprint: 42.90 GB in 197 books
[15:37:07.139296944|thread 2899273|cpu 263] [info ] [Request 45] Parsing the prompt took 269.142908095 s at 30.437361541432296 tokens/s
[15:37:09.694817240|thread 2899264|cpu 263] [info ] [Request 14] Generating 61 response tokens with 8193 context took 69.901397 s at 0.873 average tok/s, or 1145.925 ms/tok
[15:37:09.694838273|thread 2899264|cpu 263] [info ] [Request 14] Request with 8192 tokens in and 64 out (sequence limit) saw 200.444802 s TTFT and 271.698856 s TTLT
[15:37:10.694539611|thread 2901770|cpu 263] [debug] #EVT# HandleDetails::is_anomalous() handle_id=6 time in state STATE_OPENED exceeded threshold: 189220856324 ns
[15:37:10.694582384|thread 2901770|cpu 263] [debug] #EVT#   Handle,     6, Created, 753969409718742, Last, 754231909588885, Prompted,  8192, Generated,    64, Input TPS, 43.29, Output TPS:  0.77, Callbacks,    64, prompt parsing complete, open
[15:37:10.694621833|thread 2901770|cpu 263] [info ] #EVT#   Handle 6 history:
        SESSION_OPEN, prompt 8192 tokens, offset=0 ns
        PROMPT_TOKENS_REUSE, offset=189220848289 ns
        ON_START_CALLED, offset=189220856324 ns
        ON_START_RETURNED, offset=189220904435 ns
        ON_TOKENS_CALLED, generate 1 tokens, offset=189220919554 ns
        ON_TOKENS_RETURNED, offset=189220920670 ns
        ON_TOKENS_CALLED, generate 1 tokens, offset=190547575790 ns
        ON_TOKENS_RETURNED, offset=190547578511 ns
        ON_TOKENS_CALLED, generate 1 tokens, offset=191911000029 ns
        ON_TOKENS_RETURNED, offset=191911001187 ns
        ON_TOKENS_CALLED, generate 1 tokens, offset=193276318740 ns
        ON_TOKENS_RETURNED, offset=193276319778 ns
        ON_TOKENS_CALLED, generate 1 tokens, offset=194675052153 ns
        ON_TOKENS_RETURNED, offset=194675054400 ns
        ON_TOKENS_CALLED, generate 1 tokens, offset=196086777553 ns
        ON_TOKENS_RETURNED, offset=196086778345 ns
        ON_TOKENS_CALLED, generate 1 tokens, offset=197525853574 ns
        ON_TOKENS_RETURNED, offset=197525855333 ns
        ON_TOKENS_CALLED, generate 1 tokens, offset=198966519728 ns
        ON_TOKENS_RETURNED, offset=198966520881 ns
        ON_TOKENS_CALLED, generate 1 tokens, offset=200444884569 ns
        ON_TOKENS_RETURNED, offset=200444886612 ns
        ON_TOKENS_CALLED, generate 1 tokens, offset=201797551607 ns
        ON_TOKENS_RETURNED, offset=201797552587 ns
        ON_TOKENS_CALLED, generate 1 tokens, offset=203198835190 ns
        ON_TOKENS_RETURNED, offset=203198836657 ns
        ON_TOKENS_CALLED, generate 1 tokens, offset=204606587117 ns
        ON_TOKENS_RETURNED, offset=204606590402 ns
        ON_TOKENS_CALLED, generate 1 tokens, offset=206043692259 ns
        ON_TOKENS_RETURNED, offset=206043693020 ns
        ON_TOKENS_CALLED, generate 1 tokens, offset=207356439247 ns
        ON_TOKENS_RETURNED, offset=207356440468 ns
        ON_TOKENS_CALLED, generate 1 tokens, offset=208708950888 ns
        ON_TOKENS_RETURNED, offset=208708952899 ns
        ON_TOKENS_CALLED, generate 1 tokens, offset=209930252548 ns
        ON_TOKENS_RETURNED, offset=209930254928 ns
        ON_TOKENS_CALLED, generate 1 tokens, offset=210762759375 ns
        ON_TOKENS_RETURNED, offset=210762774718 ns
        ON_TOKENS_CALLED, generate 1 tokens, offset=211607679806 ns
        ON_TOKENS_RETURNED, offset=211607682787 ns
        ON_TOKENS_CALLED, generate 1 tokens, offset=212467236739 ns
        ON_TOKENS_RETURNED, offset=212467238295 ns
        ON_TOKENS_CALLED, generate 1 tokens, offset=213340081907 ns
        ON_TOKENS_RETURNED, offset=213340084740 ns
        ON_TOKENS_CALLED, generate 1 tokens, offset=214224098772 ns
        ON_TOKENS_RETURNED, offset=214224100372 ns
        ON_TOKENS_CALLED, generate 1 tokens, offset=215125825078 ns
        ON_TOKENS_RETURNED, offset=215125826710 ns
        ON_TOKENS_CALLED, generate 1 tokens, offset=216040255102 ns
        ON_TOKENS_RETURNED, offset=216040256296 ns
        ON_TOKENS_CALLED, generate 1 tokens, offset=216972207185 ns
        ON_TOKENS_RETURNED, offset=216972209717 ns
        ON_TOKENS_CALLED, generate 1 tokens, offset=217918774001 ns
        ON_TOKENS_RETURNED, offset=217918775993 ns
        ON_TOKENS_CALLED, generate 1 tokens, offset=218883045460 ns
        ON_TOKENS_RETURNED, offset=218883047660 ns
        ON_TOKENS_CALLED, generate 1 tokens, offset=219861064767 ns
        ON_TOKENS_RETURNED, offset=219861066075 ns
        ON_TOKENS_CALLED, generate 1 tokens, offset=220863372150 ns
        ON_TOKENS_RETURNED, offset=220863374876 ns
        ON_TOKENS_CALLED, generate 1 tokens, offset=221873513123 ns
        ON_TOKENS_RETURNED, offset=221873515495 ns
        ON_TOKENS_CALLED, generate 1 tokens, offset=222913753314 ns
        ON_TOKENS_RETURNED, offset=222913754411 ns
        ON_TOKENS_CALLED, generate 1 tokens, offset=223967695613 ns
        ON_TOKENS_RETURNED, offset=223967697293 ns
        ON_TOKENS_CALLED, generate 1 tokens, offset=224927471823 ns
        ON_TOKENS_RETURNED, offset=224927473678 ns
        ON_TOKENS_CALLED, generate 1 tokens, offset=225904855773 ns
        ON_TOKENS_RETURNED, offset=225904859753 ns
        ON_TOKENS_CALLED, generate 1 tokens, offset=226890119283 ns
        ON_TOKENS_RETURNED, offset=226890120830 ns
        ON_TOKENS_CALLED, generate 1 tokens, offset=227898520008 ns
        ON_TOKENS_RETURNED, offset=227898521138 ns
        ON_TOKENS_CALLED, generate 1 tokens, offset=228926355616 ns
        ON_TOKENS_RETURNED, offset=228926358598 ns
        ON_TOKENS_CALLED, generate 1 tokens, offset=229974655802 ns
        ON_TOKENS_RETURNED, offset=229974657198 ns
        ON_TOKENS_CALLED, generate 1 tokens, offset=231030644303 ns
        ON_TOKENS_RETURNED, offset=231030645566 ns
        ON_TOKENS_CALLED, generate 1 tokens, offset=232113666576 ns
        ON_TOKENS_RETURNED, offset=232113667332 ns
        ON_TOKENS_CALLED, generate 1 tokens, offset=233207347969 ns
        ON_TOKENS_RETURNED, offset=233207348987 ns
        ON_TOKENS_CALLED, generate 1 tokens, offset=234329718079 ns
        ON_TOKENS_RETURNED, offset=234329720655 ns
        ON_TOKENS_CALLED, generate 1 tokens, offset=235455013417 ns
        ON_TOKENS_RETURNED, offset=235455015277 ns
        ON_TOKENS_CALLED, generate 1 tokens, offset=236615457791 ns
        ON_TOKENS_RETURNED, offset=236615458865 ns
        ON_TOKENS_CALLED, generate 1 tokens, offset=237785481399 ns
        ON_TOKENS_RETURNED, offset=237785484427 ns
        ON_TOKENS_CALLED, generate 1 tokens, offset=238988139730 ns
        ON_TOKENS_RETURNED, offset=238988141630 ns
        ON_TOKENS_CALLED, generate 1 tokens, offset=240191710993 ns
        ON_TOKENS_RETURNED, offset=240191713474 ns
        ON_TOKENS_CALLED, generate 1 tokens, offset=241426324782 ns
        ON_TOKENS_RETURNED, offset=241426326515 ns
        ON_TOKENS_CALLED, generate 1 tokens, offset=242664502104 ns
        ON_TOKENS_RETURNED, offset=242664504254 ns
        ON_TOKENS_CALLED, generate 1 tokens, offset=243793979513 ns
        ON_TOKENS_RETURNED, offset=243793981805 ns
        ON_TOKENS_CALLED, generate 1 tokens, offset=244946035740 ns
        ON_TOKENS_RETURNED, offset=244946038417 ns
        ON_TOKENS_CALLED, generate 1 tokens, offset=246113651877 ns
        ON_TOKENS_RETURNED, offset=246113653411 ns
        ON_TOKENS_CALLED, generate 1 tokens, offset=247303806640 ns
        ON_TOKENS_RETURNED, offset=247303807725 ns
        ON_TOKENS_CALLED, generate 1 tokens, offset=248500190237 ns
        ON_TOKENS_RETURNED, offset=248500191506 ns
        ON_TOKENS_CALLED, generate 1 tokens, offset=249727780854 ns
        ON_TOKENS_RETURNED, offset=249727783023 ns
        ON_TOKENS_CALLED, generate 1 tokens, offset=250965138164 ns
        ON_TOKENS_RETURNED, offset=250965139032 ns
        ON_TOKENS_CALLED, generate 1 tokens, offset=252232937803 ns
        ON_TOKENS_RETURNED, offset=252232939233 ns
        ON_TOKENS_CALLED, generate 1 tokens, offset=253502729271 ns
        ON_TOKENS_RETURNED, offset=253502730758 ns
        ON_TOKENS_CALLED, generate 1 tokens, offset=254806495690 ns
        ON_TOKENS_RETURNED, offset=254806497214 ns
        ON_TOKENS_CALLED, generate 1 tokens, offset=256119374498 ns
        ON_TOKENS_RETURNED, offset=256119375839 ns
        ON_TOKENS_CALLED, generate 1 tokens, offset=257470065545 ns
        ON_TOKENS_RETURNED, offset=257470067461 ns
        ON_TOKENS_CALLED, generate 1 tokens, offset=258686964697 ns
        ON_TOKENS_RETURNED, offset=258686966867 ns
        ON_TOKENS_CALLED, generate 1 tokens, offset=259943977448 ns
        ON_TOKENS_RETURNED, offset=259943979852 ns
        ON_TOKENS_CALLED, generate 1 tokens, offset=261209410613 ns
        ON_TOKENS_RETURNED, offset=261209450775 ns
        ON_TOKENS_CALLED, generate 1 tokens, offset=262499859323 ns
        ON_TOKENS_RETURNED, offset=262499870143 ns
[15:37:11.003543302|thread 2901769|cpu 263] [info ] KV cache footprint: 44.07 GB in 203 books
[15:37:14.949203396|thread 2899264|cpu 263] [info ] [Request 19] Generating 61 response tokens with 8193 context took 69.596877 s at 0.876 average tok/s, or 1140.932 ms/tok
[15:37:14.949251893|thread 2899264|cpu 263] [info ] [Request 19] Request with 8192 tokens in and 64 out (sequence limit) saw 206.043533 s TTFT and 276.953184 s TTLT
[15:37:14.949206762|thread 2899273|cpu 263] [info ] [Request 9] Parsing the prompt took 276.953304896 s at 29.57899348078267 tokens/s
[15:37:18.697279465|thread 2899264|cpu 263] [info ] [Request 33] Generating 61 response tokens with 8193 context took 69.938637 s at 0.872 average tok/s, or 1146.535 ms/tok
[15:37:18.697280647|thread 2899265|cpu 263] [info ] [Request 36] Generating 61 response tokens with 8193 context took 69.938635 s at 0.872 average tok/s, or 1146.535 ms/tok
[15:37:18.697284176|thread 2899266|cpu 263] [info ] [Request 41] Generating 61 response tokens with 8193 context took 69.938639 s at 0.872 average tok/s, or 1146.535 ms/tok
[15:37:18.697301869|thread 2899264|cpu 263] [info ] [Request 33] Request with 8192 tokens in and 64 out (sequence limit) saw 209.929921 s TTFT and 280.701071 s TTLT
[15:37:18.697324023|thread 2899265|cpu 263] [info ] [Request 36] Request with 8192 tokens in and 64 out (sequence limit) saw 209.929888 s TTFT and 280.701038 s TTLT
[15:37:18.697337809|thread 2899266|cpu 263] [info ] [Request 41] Request with 8192 tokens in and 64 out (sequence limit) saw 209.929828 s TTFT and 280.700980 s TTLT
[15:37:19.964914069|thread 2899273|cpu 263] [info ] [Request 10] Parsing the prompt took 281.969000743 s at 29.05283906533605 tokens/s
[15:37:19.964917953|thread 2899274|cpu 263] [info ] [Request 11] Parsing the prompt took 281.968994029 s at 29.052839757116942 tokens/s
[15:37:21.116668304|thread 2901770|cpu 263] [debug] #EVT# HandleDetails::is_anomalous() handle_id=14 time in state STATE_OPENED exceeded threshold: 200444795474 ns
[15:37:21.116701986|thread 2901770|cpu 263] [debug] #EVT#   Handle,    14, Created, 753969409811301, Last, 754242417152032, Prompted,  8191, Generated,    64, Input TPS, 40.87, Output TPS:  0.77, Callbacks,    64, prompt parsing complete, open
[15:37:21.116730759|thread 2901770|cpu 263] [info ] #EVT#   Handle 14 history:
        SESSION_OPEN, prompt 8192 tokens, offset=0 ns
        PROMPT_TOKENS_REUSE, offset=200444785451 ns
        ON_START_CALLED, offset=200444795474 ns
        ON_START_RETURNED, offset=200444842702 ns
        ON_TOKENS_CALLED, generate 1 tokens, offset=200444865787 ns
        ON_TOKENS_RETURNED, offset=200444866684 ns
        ON_TOKENS_CALLED, generate 1 tokens, offset=201797452599 ns
        ON_TOKENS_RETURNED, offset=201797454505 ns
        ON_TOKENS_CALLED, generate 1 tokens, offset=203198754175 ns
        ON_TOKENS_RETURNED, offset=203198755285 ns
        ON_TOKENS_CALLED, generate 1 tokens, offset=204606495710 ns
        ON_TOKENS_RETURNED, offset=204606496921 ns
        ON_TOKENS_CALLED, generate 1 tokens, offset=206043619149 ns
        ON_TOKENS_RETURNED, offset=206043620938 ns
        ON_TOKENS_CALLED, generate 1 tokens, offset=207356348410 ns
        ON_TOKENS_RETURNED, offset=207356349432 ns
        ON_TOKENS_CALLED, generate 1 tokens, offset=208708859981 ns
        ON_TOKENS_RETURNED, offset=208708861101 ns
        ON_TOKENS_CALLED, generate 1 tokens, offset=209930167952 ns
        ON_TOKENS_RETURNED, offset=209930169225 ns
        ON_TOKENS_CALLED, generate 1 tokens, offset=210762665202 ns
        ON_TOKENS_RETURNED, offset=210762669381 ns
        ON_TOKENS_CALLED, generate 1 tokens, offset=211607588333 ns
        ON_TOKENS_RETURNED, offset=211607589679 ns
        ON_TOKENS_CALLED, generate 1 tokens, offset=212467144468 ns
        ON_TOKENS_RETURNED, offset=212467146308 ns
        ON_TOKENS_CALLED, generate 1 tokens, offset=213339990338 ns
        ON_TOKENS_RETURNED, offset=213339992675 ns
        ON_TOKENS_CALLED, generate 1 tokens, offset=214224005004 ns
        ON_TOKENS_RETURNED, offset=214224006929 ns
        ON_TOKENS_CALLED, generate 1 tokens, offset=215125733878 ns
        ON_TOKENS_RETURNED, offset=215125735143 ns
        ON_TOKENS_CALLED, generate 1 tokens, offset=216040158006 ns
        ON_TOKENS_RETURNED, offset=216040160489 ns
        ON_TOKENS_CALLED, generate 1 tokens, offset=216972114378 ns
        ON_TOKENS_RETURNED, offset=216972115717 ns
        ON_TOKENS_CALLED, generate 1 tokens, offset=217918680673 ns
        ON_TOKENS_RETURNED, offset=217918684923 ns
        ON_TOKENS_CALLED, generate 1 tokens, offset=218882953198 ns
        ON_TOKENS_RETURNED, offset=218882955774 ns
        ON_TOKENS_CALLED, generate 1 tokens, offset=219860972739 ns
        ON_TOKENS_RETURNED, offset=219860974337 ns
        ON_TOKENS_CALLED, generate 1 tokens, offset=220863281650 ns
        ON_TOKENS_RETURNED, offset=220863282491 ns
        ON_TOKENS_CALLED, generate 1 tokens, offset=221873424420 ns
        ON_TOKENS_RETURNED, offset=221873426200 ns
        ON_TOKENS_CALLED, generate 1 tokens, offset=222913665730 ns
        ON_TOKENS_RETURNED, offset=222913666505 ns
        ON_TOKENS_CALLED, generate 1 tokens, offset=223967603916 ns
        ON_TOKENS_RETURNED, offset=223967605059 ns
        ON_TOKENS_CALLED, generate 1 tokens, offset=224927379501 ns
        ON_TOKENS_RETURNED, offset=224927381185 ns
        ON_TOKENS_CALLED, generate 1 tokens, offset=225904764558 ns
        ON_TOKENS_RETURNED, offset=225904765944 ns
        ON_TOKENS_CALLED, generate 1 tokens, offset=226890028437 ns
        ON_TOKENS_RETURNED, offset=226890030080 ns
        ON_TOKENS_CALLED, generate 1 tokens, offset=227898419043 ns
        ON_TOKENS_RETURNED, offset=227898420713 ns
        ON_TOKENS_CALLED, generate 1 tokens, offset=228926258349 ns
        ON_TOKENS_RETURNED, offset=228926260898 ns
        ON_TOKENS_CALLED, generate 1 tokens, offset=229974561167 ns
        ON_TOKENS_RETURNED, offset=229974562873 ns
        ON_TOKENS_CALLED, generate 1 tokens, offset=231030555164 ns
        ON_TOKENS_RETURNED, offset=231030556611 ns
        ON_TOKENS_CALLED, generate 1 tokens, offset=232113576581 ns
        ON_TOKENS_RETURNED, offset=232113577597 ns
        ON_TOKENS_CALLED, generate 1 tokens, offset=233207254965 ns
        ON_TOKENS_RETURNED, offset=233207255886 ns
        ON_TOKENS_CALLED, generate 1 tokens, offset=234329635760 ns
        ON_TOKENS_RETURNED, offset=234329637478 ns
        ON_TOKENS_CALLED, generate 1 tokens, offset=235454923022 ns
        ON_TOKENS_RETURNED, offset=235454925453 ns
        ON_TOKENS_CALLED, generate 1 tokens, offset=236615367033 ns
        ON_TOKENS_RETURNED, offset=236615368165 ns
        ON_TOKENS_CALLED, generate 1 tokens, offset=237785390202 ns
        ON_TOKENS_RETURNED, offset=237785392518 ns
        ON_TOKENS_CALLED, generate 1 tokens, offset=238988056651 ns
        ON_TOKENS_RETURNED, offset=238988057686 ns
        ON_TOKENS_CALLED, generate 1 tokens, offset=240191619239 ns
        ON_TOKENS_RETURNED, offset=240191620779 ns
        ON_TOKENS_CALLED, generate 1 tokens, offset=241426236023 ns
        ON_TOKENS_RETURNED, offset=241426237482 ns
        ON_TOKENS_CALLED, generate 1 tokens, offset=242664415746 ns
        ON_TOKENS_RETURNED, offset=242664417198 ns
        ON_TOKENS_CALLED, generate 1 tokens, offset=243793899678 ns
        ON_TOKENS_RETURNED, offset=243793902712 ns
        ON_TOKENS_CALLED, generate 1 tokens, offset=244945946206 ns
        ON_TOKENS_RETURNED, offset=244945947950 ns
        ON_TOKENS_CALLED, generate 1 tokens, offset=246113562216 ns
        ON_TOKENS_RETURNED, offset=246113564226 ns
        ON_TOKENS_CALLED, generate 1 tokens, offset=247303714917 ns
        ON_TOKENS_RETURNED, offset=247303717376 ns
        ON_TOKENS_CALLED, generate 1 tokens, offset=248500087545 ns
        ON_TOKENS_RETURNED, offset=248500089227 ns
        ON_TOKENS_CALLED, generate 1 tokens, offset=249727696784 ns
        ON_TOKENS_RETURNED, offset=249727698623 ns
        ON_TOKENS_CALLED, generate 1 tokens, offset=250965036289 ns
        ON_TOKENS_RETURNED, offset=250965037881 ns
        ON_TOKENS_CALLED, generate 1 tokens, offset=252232850247 ns
        ON_TOKENS_RETURNED, offset=252232852826 ns
        ON_TOKENS_CALLED, generate 1 tokens, offset=253502637559 ns
        ON_TOKENS_RETURNED, offset=253502638823 ns
        ON_TOKENS_CALLED, generate 1 tokens, offset=254806405288 ns
        ON_TOKENS_RETURNED, offset=254806406184 ns
        ON_TOKENS_CALLED, generate 1 tokens, offset=256119282974 ns
        ON_TOKENS_RETURNED, offset=256119284578 ns
        ON_TOKENS_CALLED, generate 1 tokens, offset=257469979330 ns
        ON_TOKENS_RETURNED, offset=257469981650 ns
        ON_TOKENS_CALLED, generate 1 tokens, offset=258686878223 ns
        ON_TOKENS_RETURNED, offset=258686880442 ns
        ON_TOKENS_CALLED, generate 1 tokens, offset=259943887996 ns
        ON_TOKENS_RETURNED, offset=259943889393 ns
        ON_TOKENS_CALLED, generate 1 tokens, offset=261209327758 ns
        ON_TOKENS_RETURNED, offset=261209329710 ns
        ON_TOKENS_CALLED, generate 1 tokens, offset=262499769447 ns
        ON_TOKENS_RETURNED, offset=262499772054 ns
        ON_TOKENS_CALLED, generate 1 tokens, offset=263780774524 ns
        ON_TOKENS_RETURNED, offset=263780776805 ns
        ON_TOKENS_CALLED, generate 1 tokens, offset=265096482485 ns
        ON_TOKENS_RETURNED, offset=265096484411 ns
        ON_TOKENS_CALLED, generate 1 tokens, offset=266421535414 ns
        ON_TOKENS_RETURNED, offset=266421536817 ns
        ON_TOKENS_CALLED, generate 1 tokens, offset=267777508581 ns
        ON_TOKENS_RETURNED, offset=267777511110 ns
        ON_TOKENS_CALLED, generate 1 tokens, offset=269143321276 ns
        ON_TOKENS_RETURNED, offset=269143322431 ns
        ON_TOKENS_CALLED, generate 1 tokens, offset=270415275663 ns
        ON_TOKENS_RETURNED, offset=270415277879 ns
        ON_TOKENS_CALLED, generate 1 tokens, offset=271698849664 ns
        ON_TOKENS_RETURNED, offset=271698877798 ns
        ON_TOKENS_CALLED, generate 1 tokens, offset=273007335143 ns
        ON_TOKENS_RETURNED, offset=273007340731 ns
[15:37:23.923251106|thread 2901769|cpu 263] [info ] KV cache footprint: 45.09 GB in 208 books
[15:37:26.468761908|thread 2901770|cpu 263] [debug] #EVT# HandleDetails::is_anomalous() handle_id=19 time in state STATE_OPENED exceeded threshold: 206043524032 ns
[15:37:26.468787828|thread 2901770|cpu 263] [debug] #EVT#   Handle,    19, Created, 753969409868633, Last, 754247620024070, Prompted,  8191, Generated,    64, Input TPS, 39.76, Output TPS:  0.78, Callbacks,    64, prompt parsing complete, open
[15:37:26.468815163|thread 2901770|cpu 263] [info ] #EVT#   Handle 19 history:
        SESSION_OPEN, prompt 8192 tokens, offset=0 ns
        PROMPT_TOKENS_REUSE, offset=206043515996 ns
        ON_START_CALLED, offset=206043524032 ns
        ON_START_RETURNED, offset=206043579163 ns
        ON_TOKENS_CALLED, generate 1 tokens, offset=206043592420 ns
        ON_TOKENS_RETURNED, offset=206043593503 ns
        ON_TOKENS_CALLED, generate 1 tokens, offset=207356299299 ns
        ON_TOKENS_RETURNED, offset=207356300516 ns
        ON_TOKENS_CALLED, generate 1 tokens, offset=208708814239 ns
        ON_TOKENS_RETURNED, offset=208708815468 ns
        ON_TOKENS_CALLED, generate 1 tokens, offset=209930105107 ns
        ON_TOKENS_RETURNED, offset=209930106634 ns
        ON_TOKENS_CALLED, generate 1 tokens, offset=210762608922 ns
        ON_TOKENS_RETURNED, offset=210762611250 ns
        ON_TOKENS_CALLED, generate 1 tokens, offset=211607535431 ns
        ON_TOKENS_RETURNED, offset=211607537113 ns
        ON_TOKENS_CALLED, generate 1 tokens, offset=212467090199 ns
        ON_TOKENS_RETURNED, offset=212467092703 ns
        ON_TOKENS_CALLED, generate 1 tokens, offset=213339936245 ns
        ON_TOKENS_RETURNED, offset=213339938088 ns
        ON_TOKENS_CALLED, generate 1 tokens, offset=214223951991 ns
        ON_TOKENS_RETURNED, offset=214223957098 ns
        ON_TOKENS_CALLED, generate 1 tokens, offset=215125668906 ns
        ON_TOKENS_RETURNED, offset=215125670784 ns
        ON_TOKENS_CALLED, generate 1 tokens, offset=216040101705 ns
        ON_TOKENS_RETURNED, offset=216040102686 ns
        ON_TOKENS_CALLED, generate 1 tokens, offset=216972058319 ns
        ON_TOKENS_RETURNED, offset=216972060770 ns
        ON_TOKENS_CALLED, generate 1 tokens, offset=217918624821 ns
        ON_TOKENS_RETURNED, offset=217918626358 ns
        ON_TOKENS_CALLED, generate 1 tokens, offset=218882901173 ns
        ON_TOKENS_RETURNED, offset=218882902590 ns
        ON_TOKENS_CALLED, generate 1 tokens, offset=219860916735 ns
        ON_TOKENS_RETURNED, offset=219860918042 ns
        ON_TOKENS_CALLED, generate 1 tokens, offset=220863229902 ns
        ON_TOKENS_RETURNED, offset=220863231389 ns
        ON_TOKENS_CALLED, generate 1 tokens, offset=221873367114 ns
        ON_TOKENS_RETURNED, offset=221873387514 ns
        ON_TOKENS_CALLED, generate 1 tokens, offset=222913606836 ns
        ON_TOKENS_RETURNED, offset=222913607969 ns
        ON_TOKENS_CALLED, generate 1 tokens, offset=223967549830 ns
        ON_TOKENS_RETURNED, offset=223967551762 ns
        ON_TOKENS_CALLED, generate 1 tokens, offset=224927322849 ns
        ON_TOKENS_RETURNED, offset=224927324435 ns
        ON_TOKENS_CALLED, generate 1 tokens, offset=225904709742 ns
        ON_TOKENS_RETURNED, offset=225904712559 ns
        ON_TOKENS_CALLED, generate 1 tokens, offset=226889977870 ns
        ON_TOKENS_RETURNED, offset=226889978971 ns
        ON_TOKENS_CALLED, generate 1 tokens, offset=227898370917 ns
        ON_TOKENS_RETURNED, offset=227898372880 ns
        ON_TOKENS_CALLED, generate 1 tokens, offset=228926204438 ns
        ON_TOKENS_RETURNED, offset=228926205450 ns
        ON_TOKENS_CALLED, generate 1 tokens, offset=229974503154 ns
        ON_TOKENS_RETURNED, offset=229974505319 ns
        ON_TOKENS_CALLED, generate 1 tokens, offset=231030495568 ns
        ON_TOKENS_RETURNED, offset=231030496522 ns
        ON_TOKENS_CALLED, generate 1 tokens, offset=232113519948 ns
        ON_TOKENS_RETURNED, offset=232113521641 ns
        ON_TOKENS_CALLED, generate 1 tokens, offset=233207202476 ns
        ON_TOKENS_RETURNED, offset=233207203649 ns
        ON_TOKENS_CALLED, generate 1 tokens, offset=234329571169 ns
        ON_TOKENS_RETURNED, offset=234329572530 ns
        ON_TOKENS_CALLED, generate 1 tokens, offset=235454870398 ns
        ON_TOKENS_RETURNED, offset=235454871966 ns
        ON_TOKENS_CALLED, generate 1 tokens, offset=236615310531 ns
        ON_TOKENS_RETURNED, offset=236615312833 ns
        ON_TOKENS_CALLED, generate 1 tokens, offset=237785335199 ns
        ON_TOKENS_RETURNED, offset=237785336601 ns
        ON_TOKENS_CALLED, generate 1 tokens, offset=238987992621 ns
        ON_TOKENS_RETURNED, offset=238987996676 ns
        ON_TOKENS_CALLED, generate 1 tokens, offset=240191563643 ns
        ON_TOKENS_RETURNED, offset=240191564923 ns
        ON_TOKENS_CALLED, generate 1 tokens, offset=241426196912 ns
        ON_TOKENS_RETURNED, offset=241426197445 ns
        ON_TOKENS_CALLED, generate 1 tokens, offset=242664363707 ns
        ON_TOKENS_RETURNED, offset=242664364919 ns
        ON_TOKENS_CALLED, generate 1 tokens, offset=243793840314 ns
        ON_TOKENS_RETURNED, offset=243793842302 ns
        ON_TOKENS_CALLED, generate 1 tokens, offset=244945890833 ns
        ON_TOKENS_RETURNED, offset=244945892692 ns
        ON_TOKENS_CALLED, generate 1 tokens, offset=246113505390 ns
        ON_TOKENS_RETURNED, offset=246113507359 ns
        ON_TOKENS_CALLED, generate 1 tokens, offset=247303659598 ns
        ON_TOKENS_RETURNED, offset=247303660957 ns
        ON_TOKENS_CALLED, generate 1 tokens, offset=248500031643 ns
        ON_TOKENS_RETURNED, offset=248500033070 ns
        ON_TOKENS_CALLED, generate 1 tokens, offset=249727636475 ns
        ON_TOKENS_RETURNED, offset=249727638023 ns
        ON_TOKENS_CALLED, generate 1 tokens, offset=250964992388 ns
        ON_TOKENS_RETURNED, offset=250964993971 ns
        ON_TOKENS_CALLED, generate 1 tokens, offset=252232794038 ns
        ON_TOKENS_RETURNED, offset=252232795198 ns
        ON_TOKENS_CALLED, generate 1 tokens, offset=253502583477 ns
        ON_TOKENS_RETURNED, offset=253502584927 ns
        ON_TOKENS_CALLED, generate 1 tokens, offset=254806350046 ns
        ON_TOKENS_RETURNED, offset=254806351551 ns
        ON_TOKENS_CALLED, generate 1 tokens, offset=256119227440 ns
        ON_TOKENS_RETURNED, offset=256119228786 ns
        ON_TOKENS_CALLED, generate 1 tokens, offset=257469919600 ns
        ON_TOKENS_RETURNED, offset=257469922214 ns
        ON_TOKENS_CALLED, generate 1 tokens, offset=258686819384 ns
        ON_TOKENS_RETURNED, offset=258686821015 ns
        ON_TOKENS_CALLED, generate 1 tokens, offset=259943830248 ns
        ON_TOKENS_RETURNED, offset=259943832211 ns
        ON_TOKENS_CALLED, generate 1 tokens, offset=261209270582 ns
        ON_TOKENS_RETURNED, offset=261209271748 ns
        ON_TOKENS_CALLED, generate 1 tokens, offset=262499713217 ns
        ON_TOKENS_RETURNED, offset=262499715091 ns
        ON_TOKENS_CALLED, generate 1 tokens, offset=263780720667 ns
        ON_TOKENS_RETURNED, offset=263780722150 ns
        ON_TOKENS_CALLED, generate 1 tokens, offset=265096434755 ns
        ON_TOKENS_RETURNED, offset=265096436152 ns
        ON_TOKENS_CALLED, generate 1 tokens, offset=266421482189 ns
        ON_TOKENS_RETURNED, offset=266421483458 ns
        ON_TOKENS_CALLED, generate 1 tokens, offset=267777453173 ns
        ON_TOKENS_RETURNED, offset=267777454390 ns
        ON_TOKENS_CALLED, generate 1 tokens, offset=269143265353 ns
        ON_TOKENS_RETURNED, offset=269143266772 ns
        ON_TOKENS_CALLED, generate 1 tokens, offset=270415251555 ns
        ON_TOKENS_RETURNED, offset=270415252409 ns
        ON_TOKENS_CALLED, generate 1 tokens, offset=271698785342 ns
        ON_TOKENS_RETURNED, offset=271698788397 ns
        ON_TOKENS_CALLED, generate 1 tokens, offset=273007298051 ns
        ON_TOKENS_RETURNED, offset=273007299284 ns
        ON_TOKENS_CALLED, generate 1 tokens, offset=274307586035 ns
        ON_TOKENS_RETURNED, offset=274307587225 ns
        ON_TOKENS_CALLED, generate 1 tokens, offset=275628285238 ns
        ON_TOKENS_RETURNED, offset=275628287221 ns
        ON_TOKENS_CALLED, generate 1 tokens, offset=276953173609 ns
        ON_TOKENS_RETURNED, offset=276953234356 ns
        ON_TOKENS_CALLED, generate 1 tokens, offset=278210148114 ns
        ON_TOKENS_RETURNED, offset=278210155437 ns
[15:37:28.123059415|thread 2899271|cpu 263] [info ] [Request 16] Parsing the prompt took 290.127075957 s at 28.235903088252762 tokens/s
[15:37:30.095158903|thread 2901769|cpu 263] [info ] KV cache footprint: 46.19 GB in 213 books
[15:37:30.130527257|thread 2901770|cpu 263] [debug] #EVT# HandleDetails::is_anomalous() handle_id=41 time in state STATE_OPENED exceeded threshold: 209929821608 ns
[15:37:30.130538809|thread 2901770|cpu 263] [debug] #EVT#   Handle,    41, Created, 753969410154776, Last, 754251378756468, Prompted,  8191, Generated,    64, Input TPS, 39.02, Output TPS:  0.78, Callbacks,    64, prompt parsing complete, open
[15:37:30.130563522|thread 2901770|cpu 263] [info ] #EVT#   Handle 41 history:
        SESSION_OPEN, prompt 8192 tokens, offset=0 ns
        PROMPT_TOKENS_REUSE, offset=209929820348 ns
        ON_START_CALLED, offset=209929821608 ns
        ON_START_RETURNED, offset=209929901237 ns
        ON_TOKENS_CALLED, generate 1 tokens, offset=209929905034 ns
        ON_TOKENS_RETURNED, offset=209929905774 ns
        ON_TOKENS_CALLED, generate 1 tokens, offset=210762335121 ns
        ON_TOKENS_RETURNED, offset=210762336649 ns
        ON_TOKENS_CALLED, generate 1 tokens, offset=211607252249 ns
        ON_TOKENS_RETURNED, offset=211607254932 ns
        ON_TOKENS_CALLED, generate 1 tokens, offset=212466807991 ns
        ON_TOKENS_RETURNED, offset=212466808858 ns
        ON_TOKENS_CALLED, generate 1 tokens, offset=213339658830 ns
        ON_TOKENS_RETURNED, offset=213339660398 ns
        ON_TOKENS_CALLED, generate 1 tokens, offset=214223667645 ns
        ON_TOKENS_RETURNED, offset=214223668756 ns
        ON_TOKENS_CALLED, generate 1 tokens, offset=215125395142 ns
        ON_TOKENS_RETURNED, offset=215125396450 ns
        ON_TOKENS_CALLED, generate 1 tokens, offset=216039819523 ns
        ON_TOKENS_RETURNED, offset=216039820516 ns
        ON_TOKENS_CALLED, generate 1 tokens, offset=216971776254 ns
        ON_TOKENS_RETURNED, offset=216971778246 ns
        ON_TOKENS_CALLED, generate 1 tokens, offset=217918341975 ns
        ON_TOKENS_RETURNED, offset=217918342854 ns
        ON_TOKENS_CALLED, generate 1 tokens, offset=218882616061 ns
        ON_TOKENS_RETURNED, offset=218882617218 ns
        ON_TOKENS_CALLED, generate 1 tokens, offset=219860635939 ns
        ON_TOKENS_RETURNED, offset=219860636925 ns
        ON_TOKENS_CALLED, generate 1 tokens, offset=220862943556 ns
        ON_TOKENS_RETURNED, offset=220862944808 ns
        ON_TOKENS_CALLED, generate 1 tokens, offset=221873090766 ns
        ON_TOKENS_RETURNED, offset=221873092030 ns
        ON_TOKENS_CALLED, generate 1 tokens, offset=222913319906 ns
        ON_TOKENS_RETURNED, offset=222913321594 ns
        ON_TOKENS_CALLED, generate 1 tokens, offset=223967266729 ns
        ON_TOKENS_RETURNED, offset=223967267831 ns
        ON_TOKENS_CALLED, generate 1 tokens, offset=224927043098 ns
        ON_TOKENS_RETURNED, offset=224927057617 ns
        ON_TOKENS_CALLED, generate 1 tokens, offset=225904427821 ns
        ON_TOKENS_RETURNED, offset=225904428426 ns
        ON_TOKENS_CALLED, generate 1 tokens, offset=226889691125 ns
        ON_TOKENS_RETURNED, offset=226889692228 ns
        ON_TOKENS_CALLED, generate 1 tokens, offset=227898082757 ns
        ON_TOKENS_RETURNED, offset=227898085293 ns
        ON_TOKENS_CALLED, generate 1 tokens, offset=228925931119 ns
        ON_TOKENS_RETURNED, offset=228925932146 ns
        ON_TOKENS_CALLED, generate 1 tokens, offset=229974221099 ns
        ON_TOKENS_RETURNED, offset=229974224067 ns
        ON_TOKENS_CALLED, generate 1 tokens, offset=231030219270 ns
        ON_TOKENS_RETURNED, offset=231030220019 ns
        ON_TOKENS_CALLED, generate 1 tokens, offset=232113237002 ns
        ON_TOKENS_RETURNED, offset=232113238213 ns
        ON_TOKENS_CALLED, generate 1 tokens, offset=233206914618 ns
        ON_TOKENS_RETURNED, offset=233206915561 ns
        ON_TOKENS_CALLED, generate 1 tokens, offset=234329289476 ns
        ON_TOKENS_RETURNED, offset=234329290675 ns
        ON_TOKENS_CALLED, generate 1 tokens, offset=235454586134 ns
        ON_TOKENS_RETURNED, offset=235454587167 ns
        ON_TOKENS_CALLED, generate 1 tokens, offset=236615033529 ns
        ON_TOKENS_RETURNED, offset=236615035393 ns
        ON_TOKENS_CALLED, generate 1 tokens, offset=237785053443 ns
        ON_TOKENS_RETURNED, offset=237785055665 ns
        ON_TOKENS_CALLED, generate 1 tokens, offset=238987713570 ns
        ON_TOKENS_RETURNED, offset=238987715425 ns
        ON_TOKENS_CALLED, generate 1 tokens, offset=240191282884 ns
        ON_TOKENS_RETURNED, offset=240191283955 ns
        ON_TOKENS_CALLED, generate 1 tokens, offset=241425903862 ns
        ON_TOKENS_RETURNED, offset=241425905287 ns
        ON_TOKENS_CALLED, generate 1 tokens, offset=242664079898 ns
        ON_TOKENS_RETURNED, offset=242664082457 ns
        ON_TOKENS_CALLED, generate 1 tokens, offset=243793561252 ns
        ON_TOKENS_RETURNED, offset=243793563174 ns
        ON_TOKENS_CALLED, generate 1 tokens, offset=244945607294 ns
        ON_TOKENS_RETURNED, offset=244945608209 ns
        ON_TOKENS_CALLED, generate 1 tokens, offset=246113224929 ns
        ON_TOKENS_RETURNED, offset=246113225723 ns
        ON_TOKENS_CALLED, generate 1 tokens, offset=247303377586 ns
        ON_TOKENS_RETURNED, offset=247303378476 ns
        ON_TOKENS_CALLED, generate 1 tokens, offset=248499753791 ns
        ON_TOKENS_RETURNED, offset=248499754906 ns
        ON_TOKENS_CALLED, generate 1 tokens, offset=249727357445 ns
        ON_TOKENS_RETURNED, offset=249727358497 ns
        ON_TOKENS_CALLED, generate 1 tokens, offset=250964698916 ns
        ON_TOKENS_RETURNED, offset=250964701519 ns
        ON_TOKENS_CALLED, generate 1 tokens, offset=252232519073 ns
        ON_TOKENS_RETURNED, offset=252232519934 ns
        ON_TOKENS_CALLED, generate 1 tokens, offset=253502301785 ns
        ON_TOKENS_RETURNED, offset=253502304255 ns
        ON_TOKENS_CALLED, generate 1 tokens, offset=254806069661 ns
        ON_TOKENS_RETURNED, offset=254806070740 ns
        ON_TOKENS_CALLED, generate 1 tokens, offset=256118951710 ns
        ON_TOKENS_RETURNED, offset=256118953911 ns
        ON_TOKENS_CALLED, generate 1 tokens, offset=257469638977 ns
        ON_TOKENS_RETURNED, offset=257469639838 ns
        ON_TOKENS_CALLED, generate 1 tokens, offset=258686541163 ns
        ON_TOKENS_RETURNED, offset=258686543899 ns
        ON_TOKENS_CALLED, generate 1 tokens, offset=259943548744 ns
        ON_TOKENS_RETURNED, offset=259943550387 ns
        ON_TOKENS_CALLED, generate 1 tokens, offset=261208988129 ns
        ON_TOKENS_RETURNED, offset=261208989654 ns
        ON_TOKENS_CALLED, generate 1 tokens, offset=262499432456 ns
        ON_TOKENS_RETURNED, offset=262499434567 ns
        ON_TOKENS_CALLED, generate 1 tokens, offset=263780438223 ns
        ON_TOKENS_RETURNED, offset=263780439079 ns
        ON_TOKENS_CALLED, generate 1 tokens, offset=265096143426 ns
        ON_TOKENS_RETURNED, offset=265096144937 ns
        ON_TOKENS_CALLED, generate 1 tokens, offset=266421198583 ns
        ON_TOKENS_RETURNED, offset=266421200995 ns
        ON_TOKENS_CALLED, generate 1 tokens, offset=267777171245 ns
        ON_TOKENS_RETURNED, offset=267777173260 ns
        ON_TOKENS_CALLED, generate 1 tokens, offset=269142983066 ns
        ON_TOKENS_RETURNED, offset=269142986032 ns
        ON_TOKENS_CALLED, generate 1 tokens, offset=270414941121 ns
        ON_TOKENS_RETURNED, offset=270414943643 ns
        ON_TOKENS_CALLED, generate 1 tokens, offset=271698504721 ns
        ON_TOKENS_RETURNED, offset=271698505721 ns
        ON_TOKENS_CALLED, generate 1 tokens, offset=273006998209 ns
        ON_TOKENS_RETURNED, offset=273007000671 ns
        ON_TOKENS_CALLED, generate 1 tokens, offset=274307303689 ns
        ON_TOKENS_RETURNED, offset=274307306339 ns
        ON_TOKENS_CALLED, generate 1 tokens, offset=275628001125 ns
        ON_TOKENS_RETURNED, offset=275628002322 ns
        ON_TOKENS_CALLED, generate 1 tokens, offset=276952892585 ns
        ON_TOKENS_RETURNED, offset=276952894693 ns
        ON_TOKENS_CALLED, generate 1 tokens, offset=278209870000 ns
        ON_TOKENS_RETURNED, offset=278209871089 ns
        ON_TOKENS_CALLED, generate 1 tokens, offset=279441466465 ns
        ON_TOKENS_RETURNED, offset=279441467614 ns
        ON_TOKENS_CALLED, generate 1 tokens, offset=280700973120 ns
        ON_TOKENS_RETURNED, offset=280701044551 ns
        ON_TOKENS_CALLED, generate 1 tokens, offset=281968596558 ns
        ON_TOKENS_RETURNED, offset=281968601692 ns
[15:37:30.130590740|thread 2901770|cpu 263] [debug] #EVT# HandleDetails::is_anomalous() handle_id=36 time in state STATE_OPENED exceeded threshold: 209929882104 ns
[15:37:30.130593030|thread 2901770|cpu 263] [debug] #EVT#   Handle,    36, Created, 753969410091877, Last, 754251378756327, Prompted,  8191, Generated,    64, Input TPS, 39.02, Output TPS:  0.78, Callbacks,    64, prompt parsing complete, open
[15:37:30.130608423|thread 2901770|cpu 263] [info ] #EVT#   Handle 36 history:
        SESSION_OPEN, prompt 8192 tokens, offset=0 ns
        PROMPT_TOKENS_REUSE, offset=209929880784 ns
        ON_START_CALLED, offset=209929882104 ns
        ON_START_RETURNED, offset=209929925277 ns
        ON_TOKENS_CALLED, generate 1 tokens, offset=209929929688 ns
        ON_TOKENS_RETURNED, offset=209929930625 ns
        ON_TOKENS_CALLED, generate 1 tokens, offset=210762397370 ns
        ON_TOKENS_RETURNED, offset=210762399290 ns
        ON_TOKENS_CALLED, generate 1 tokens, offset=211607313107 ns
        ON_TOKENS_RETURNED, offset=211607314868 ns
        ON_TOKENS_CALLED, generate 1 tokens, offset=212466869851 ns
        ON_TOKENS_RETURNED, offset=212466870778 ns
        ON_TOKENS_CALLED, generate 1 tokens, offset=213339718115 ns
        ON_TOKENS_RETURNED, offset=213339719302 ns
        ON_TOKENS_CALLED, generate 1 tokens, offset=214223729025 ns
        ON_TOKENS_RETURNED, offset=214223730312 ns
        ON_TOKENS_CALLED, generate 1 tokens, offset=215125454795 ns
        ON_TOKENS_RETURNED, offset=215125455724 ns
        ON_TOKENS_CALLED, generate 1 tokens, offset=216039885702 ns
        ON_TOKENS_RETURNED, offset=216039886529 ns
        ON_TOKENS_CALLED, generate 1 tokens, offset=216971837381 ns
        ON_TOKENS_RETURNED, offset=216971839608 ns
        ON_TOKENS_CALLED, generate 1 tokens, offset=217918403526 ns
        ON_TOKENS_RETURNED, offset=217918404936 ns
        ON_TOKENS_CALLED, generate 1 tokens, offset=218882678580 ns
        ON_TOKENS_RETURNED, offset=218882679983 ns
        ON_TOKENS_CALLED, generate 1 tokens, offset=219860697153 ns
        ON_TOKENS_RETURNED, offset=219860699208 ns
        ON_TOKENS_CALLED, generate 1 tokens, offset=220863004585 ns
        ON_TOKENS_RETURNED, offset=220863005352 ns
        ON_TOKENS_CALLED, generate 1 tokens, offset=221873152266 ns
        ON_TOKENS_RETURNED, offset=221873153090 ns
        ON_TOKENS_CALLED, generate 1 tokens, offset=222913381684 ns
        ON_TOKENS_RETURNED, offset=222913382909 ns
        ON_TOKENS_CALLED, generate 1 tokens, offset=223967329015 ns
        ON_TOKENS_RETURNED, offset=223967329876 ns
        ON_TOKENS_CALLED, generate 1 tokens, offset=224927103246 ns
        ON_TOKENS_RETURNED, offset=224927107444 ns
        ON_TOKENS_CALLED, generate 1 tokens, offset=225904489586 ns
        ON_TOKENS_RETURNED, offset=225904490443 ns
        ON_TOKENS_CALLED, generate 1 tokens, offset=226889756980 ns
        ON_TOKENS_RETURNED, offset=226889757863 ns
        ON_TOKENS_CALLED, generate 1 tokens, offset=227898144476 ns
        ON_TOKENS_RETURNED, offset=227898147256 ns
        ON_TOKENS_CALLED, generate 1 tokens, offset=228925987739 ns
        ON_TOKENS_RETURNED, offset=228925988733 ns
        ON_TOKENS_CALLED, generate 1 tokens, offset=229974283938 ns
        ON_TOKENS_RETURNED, offset=229974286178 ns
        ON_TOKENS_CALLED, generate 1 tokens, offset=231030278637 ns
        ON_TOKENS_RETURNED, offset=231030279788 ns
        ON_TOKENS_CALLED, generate 1 tokens, offset=232113299198 ns
        ON_TOKENS_RETURNED, offset=232113300660 ns
        ON_TOKENS_CALLED, generate 1 tokens, offset=233206977089 ns
        ON_TOKENS_RETURNED, offset=233206979043 ns
        ON_TOKENS_CALLED, generate 1 tokens, offset=234329353083 ns
        ON_TOKENS_RETURNED, offset=234329353787 ns
        ON_TOKENS_CALLED, generate 1 tokens, offset=235454648553 ns
        ON_TOKENS_RETURNED, offset=235454649719 ns
        ON_TOKENS_CALLED, generate 1 tokens, offset=236615095571 ns
        ON_TOKENS_RETURNED, offset=236615097698 ns
        ON_TOKENS_CALLED, generate 1 tokens, offset=237785115194 ns
        ON_TOKENS_RETURNED, offset=237785116407 ns
        ON_TOKENS_CALLED, generate 1 tokens, offset=238987774309 ns
        ON_TOKENS_RETURNED, offset=238987775101 ns
        ON_TOKENS_CALLED, generate 1 tokens, offset=240191345089 ns
        ON_TOKENS_RETURNED, offset=240191346326 ns
        ON_TOKENS_CALLED, generate 1 tokens, offset=241425962034 ns
        ON_TOKENS_RETURNED, offset=241425963367 ns
        ON_TOKENS_CALLED, generate 1 tokens, offset=242664151487 ns
        ON_TOKENS_RETURNED, offset=242664154759 ns
        ON_TOKENS_CALLED, generate 1 tokens, offset=243793620635 ns
        ON_TOKENS_RETURNED, offset=243793622442 ns
        ON_TOKENS_CALLED, generate 1 tokens, offset=244945668449 ns
        ON_TOKENS_RETURNED, offset=244945669668 ns
        ON_TOKENS_CALLED, generate 1 tokens, offset=246113285323 ns
        ON_TOKENS_RETURNED, offset=246113287266 ns
        ON_TOKENS_CALLED, generate 1 tokens, offset=247303447040 ns
        ON_TOKENS_RETURNED, offset=247303447900 ns
        ON_TOKENS_CALLED, generate 1 tokens, offset=248499810901 ns
        ON_TOKENS_RETURNED, offset=248499811974 ns
        ON_TOKENS_CALLED, generate 1 tokens, offset=249727420007 ns
        ON_TOKENS_RETURNED, offset=249727421166 ns
        ON_TOKENS_CALLED, generate 1 tokens, offset=250964760037 ns
        ON_TOKENS_RETURNED, offset=250964762623 ns
        ON_TOKENS_CALLED, generate 1 tokens, offset=252232574625 ns
        ON_TOKENS_RETURNED, offset=252232575373 ns
        ON_TOKENS_CALLED, generate 1 tokens, offset=253502365280 ns
        ON_TOKENS_RETURNED, offset=253502366503 ns
        ON_TOKENS_CALLED, generate 1 tokens, offset=254806129515 ns
        ON_TOKENS_RETURNED, offset=254806130492 ns
        ON_TOKENS_CALLED, generate 1 tokens, offset=256119012459 ns
        ON_TOKENS_RETURNED, offset=256119013997 ns
        ON_TOKENS_CALLED, generate 1 tokens, offset=257469705362 ns
        ON_TOKENS_RETURNED, offset=257469706684 ns
        ON_TOKENS_CALLED, generate 1 tokens, offset=258686598374 ns
        ON_TOKENS_RETURNED, offset=258686600007 ns
        ON_TOKENS_CALLED, generate 1 tokens, offset=259943612727 ns
        ON_TOKENS_RETURNED, offset=259943614587 ns
        ON_TOKENS_CALLED, generate 1 tokens, offset=261209048912 ns
        ON_TOKENS_RETURNED, offset=261209050703 ns
        ON_TOKENS_CALLED, generate 1 tokens, offset=262499492546 ns
        ON_TOKENS_RETURNED, offset=262499493556 ns
        ON_TOKENS_CALLED, generate 1 tokens, offset=263780498863 ns
        ON_TOKENS_RETURNED, offset=263780500114 ns
        ON_TOKENS_CALLED, generate 1 tokens, offset=265096206234 ns
        ON_TOKENS_RETURNED, offset=265096207134 ns
        ON_TOKENS_CALLED, generate 1 tokens, offset=266421259913 ns
        ON_TOKENS_RETURNED, offset=266421262727 ns
        ON_TOKENS_CALLED, generate 1 tokens, offset=267777233108 ns
        ON_TOKENS_RETURNED, offset=267777234064 ns
        ON_TOKENS_CALLED, generate 1 tokens, offset=269143044365 ns
        ON_TOKENS_RETURNED, offset=269143045462 ns
        ON_TOKENS_CALLED, generate 1 tokens, offset=270415037820 ns
        ON_TOKENS_RETURNED, offset=270415039900 ns
        ON_TOKENS_CALLED, generate 1 tokens, offset=271698569476 ns
        ON_TOKENS_RETURNED, offset=271698571300 ns
        ON_TOKENS_CALLED, generate 1 tokens, offset=273007077584 ns
        ON_TOKENS_RETURNED, offset=273007078501 ns
        ON_TOKENS_CALLED, generate 1 tokens, offset=274307364213 ns
        ON_TOKENS_RETURNED, offset=274307365532 ns
        ON_TOKENS_CALLED, generate 1 tokens, offset=275628062118 ns
        ON_TOKENS_RETURNED, offset=275628064116 ns
        ON_TOKENS_CALLED, generate 1 tokens, offset=276952953290 ns
        ON_TOKENS_RETURNED, offset=276952955546 ns
        ON_TOKENS_CALLED, generate 1 tokens, offset=278209931027 ns
        ON_TOKENS_RETURNED, offset=278209933552 ns
        ON_TOKENS_CALLED, generate 1 tokens, offset=279441538734 ns
        ON_TOKENS_RETURNED, offset=279441540397 ns
        ON_TOKENS_CALLED, generate 1 tokens, offset=280701029781 ns
        ON_TOKENS_RETURNED, offset=280701102481 ns
        ON_TOKENS_CALLED, generate 1 tokens, offset=281968658879 ns
        ON_TOKENS_RETURNED, offset=281968664450 ns
[15:37:30.130623600|thread 2901770|cpu 263] [debug] #EVT# HandleDetails::is_anomalous() handle_id=33 time in state STATE_OPENED exceeded threshold: 209929914980 ns
[15:37:30.130625369|thread 2901770|cpu 263] [debug] #EVT#   Handle,    33, Created, 753969410057748, Last, 754251378753502, Prompted,  8191, Generated,    64, Input TPS, 39.02, Output TPS:  0.78, Callbacks,    64, prompt parsing complete, open
[15:37:30.130640007|thread 2901770|cpu 263] [info ] #EVT#   Handle 33 history:
        SESSION_OPEN, prompt 8192 tokens, offset=0 ns
        PROMPT_TOKENS_REUSE, offset=209929913329 ns
        ON_START_CALLED, offset=209929914980 ns
        ON_START_RETURNED, offset=209929979935 ns
        ON_TOKENS_CALLED, generate 1 tokens, offset=209929983948 ns
        ON_TOKENS_RETURNED, offset=209929984907 ns
        ON_TOKENS_CALLED, generate 1 tokens, offset=210762428266 ns
        ON_TOKENS_RETURNED, offset=210762429616 ns
        ON_TOKENS_CALLED, generate 1 tokens, offset=211607345795 ns
        ON_TOKENS_RETURNED, offset=211607347923 ns
        ON_TOKENS_CALLED, generate 1 tokens, offset=212466901949 ns
        ON_TOKENS_RETURNED, offset=212466903835 ns
        ON_TOKENS_CALLED, generate 1 tokens, offset=213339748234 ns
        ON_TOKENS_RETURNED, offset=213339750318 ns
        ON_TOKENS_CALLED, generate 1 tokens, offset=214223762292 ns
        ON_TOKENS_RETURNED, offset=214223763536 ns
        ON_TOKENS_CALLED, generate 1 tokens, offset=215125488451 ns
        ON_TOKENS_RETURNED, offset=215125489586 ns
        ON_TOKENS_CALLED, generate 1 tokens, offset=216039919299 ns
        ON_TOKENS_RETURNED, offset=216039920155 ns
        ON_TOKENS_CALLED, generate 1 tokens, offset=216971871459 ns
        ON_TOKENS_RETURNED, offset=216971888764 ns
        ON_TOKENS_CALLED, generate 1 tokens, offset=217918437352 ns
        ON_TOKENS_RETURNED, offset=217918438834 ns
        ON_TOKENS_CALLED, generate 1 tokens, offset=218882710493 ns
        ON_TOKENS_RETURNED, offset=218882711599 ns
        ON_TOKENS_CALLED, generate 1 tokens, offset=219860730563 ns
        ON_TOKENS_RETURNED, offset=219860733166 ns
        ON_TOKENS_CALLED, generate 1 tokens, offset=220863035426 ns
        ON_TOKENS_RETURNED, offset=220863037602 ns
        ON_TOKENS_CALLED, generate 1 tokens, offset=221873183806 ns
        ON_TOKENS_RETURNED, offset=221873184840 ns
        ON_TOKENS_CALLED, generate 1 tokens, offset=222913412929 ns
        ON_TOKENS_RETURNED, offset=222913414629 ns
        ON_TOKENS_CALLED, generate 1 tokens, offset=223967361073 ns
        ON_TOKENS_RETURNED, offset=223967362209 ns
        ON_TOKENS_CALLED, generate 1 tokens, offset=224927135674 ns
        ON_TOKENS_RETURNED, offset=224927149913 ns
        ON_TOKENS_CALLED, generate 1 tokens, offset=225904521706 ns
        ON_TOKENS_RETURNED, offset=225904523342 ns
        ON_TOKENS_CALLED, generate 1 tokens, offset=226889784992 ns
        ON_TOKENS_RETURNED, offset=226889786169 ns
        ON_TOKENS_CALLED, generate 1 tokens, offset=227898175192 ns
        ON_TOKENS_RETURNED, offset=227898177959 ns
        ON_TOKENS_CALLED, generate 1 tokens, offset=228926021810 ns
        ON_TOKENS_RETURNED, offset=228926023073 ns
        ON_TOKENS_CALLED, generate 1 tokens, offset=229974315698 ns
        ON_TOKENS_RETURNED, offset=229974318268 ns
        ON_TOKENS_CALLED, generate 1 tokens, offset=231030312141 ns
        ON_TOKENS_RETURNED, offset=231030313552 ns
        ON_TOKENS_CALLED, generate 1 tokens, offset=232113331705 ns
        ON_TOKENS_RETURNED, offset=232113332900 ns
        ON_TOKENS_CALLED, generate 1 tokens, offset=233207010122 ns
        ON_TOKENS_RETURNED, offset=233207011486 ns
        ON_TOKENS_CALLED, generate 1 tokens, offset=234329383785 ns
        ON_TOKENS_RETURNED, offset=234329385578 ns
        ON_TOKENS_CALLED, generate 1 tokens, offset=235454677430 ns
        ON_TOKENS_RETURNED, offset=235454679590 ns
        ON_TOKENS_CALLED, generate 1 tokens, offset=236615123111 ns
        ON_TOKENS_RETURNED, offset=236615124041 ns
        ON_TOKENS_CALLED, generate 1 tokens, offset=237785146719 ns
        ON_TOKENS_RETURNED, offset=237785148049 ns
        ON_TOKENS_CALLED, generate 1 tokens, offset=238987808673 ns
        ON_TOKENS_RETURNED, offset=238987809797 ns
        ON_TOKENS_CALLED, generate 1 tokens, offset=240191376468 ns
        ON_TOKENS_RETURNED, offset=240191378653 ns
        ON_TOKENS_CALLED, generate 1 tokens, offset=241425993467 ns
        ON_TOKENS_RETURNED, offset=241425995021 ns
        ON_TOKENS_CALLED, generate 1 tokens, offset=242664167870 ns
        ON_TOKENS_RETURNED, offset=242664170078 ns
        ON_TOKENS_CALLED, generate 1 tokens, offset=243793655721 ns
        ON_TOKENS_RETURNED, offset=243793657921 ns
        ON_TOKENS_CALLED, generate 1 tokens, offset=244945702387 ns
        ON_TOKENS_RETURNED, offset=244945703932 ns
        ON_TOKENS_CALLED, generate 1 tokens, offset=246113317665 ns
        ON_TOKENS_RETURNED, offset=246113318881 ns
        ON_TOKENS_CALLED, generate 1 tokens, offset=247303471529 ns
        ON_TOKENS_RETURNED, offset=247303472525 ns
        ON_TOKENS_CALLED, generate 1 tokens, offset=248499851432 ns
        ON_TOKENS_RETURNED, offset=248499853463 ns
        ON_TOKENS_CALLED, generate 1 tokens, offset=249727448435 ns
        ON_TOKENS_RETURNED, offset=249727450053 ns
        ON_TOKENS_CALLED, generate 1 tokens, offset=250964792816 ns
        ON_TOKENS_RETURNED, offset=250964795629 ns
        ON_TOKENS_CALLED, generate 1 tokens, offset=252232613600 ns
        ON_TOKENS_RETURNED, offset=252232615254 ns
        ON_TOKENS_CALLED, generate 1 tokens, offset=253502395333 ns
        ON_TOKENS_RETURNED, offset=253502396235 ns
        ON_TOKENS_CALLED, generate 1 tokens, offset=254806165887 ns
        ON_TOKENS_RETURNED, offset=254806167104 ns
        ON_TOKENS_CALLED, generate 1 tokens, offset=256119044893 ns
        ON_TOKENS_RETURNED, offset=256119046085 ns
        ON_TOKENS_CALLED, generate 1 tokens, offset=257469732819 ns
        ON_TOKENS_RETURNED, offset=257469736068 ns
        ON_TOKENS_CALLED, generate 1 tokens, offset=258686634459 ns
        ON_TOKENS_RETURNED, offset=258686635419 ns
        ON_TOKENS_CALLED, generate 1 tokens, offset=259943642917 ns
        ON_TOKENS_RETURNED, offset=259943643922 ns
        ON_TOKENS_CALLED, generate 1 tokens, offset=261209085228 ns
        ON_TOKENS_RETURNED, offset=261209085868 ns
        ON_TOKENS_CALLED, generate 1 tokens, offset=262499524411 ns
        ON_TOKENS_RETURNED, offset=262499526754 ns
        ON_TOKENS_CALLED, generate 1 tokens, offset=263780531576 ns
        ON_TOKENS_RETURNED, offset=263780534358 ns
        ON_TOKENS_CALLED, generate 1 tokens, offset=265096244134 ns
        ON_TOKENS_RETURNED, offset=265096245716 ns
        ON_TOKENS_CALLED, generate 1 tokens, offset=266421292301 ns
        ON_TOKENS_RETURNED, offset=266421295070 ns
        ON_TOKENS_CALLED, generate 1 tokens, offset=267777265721 ns
        ON_TOKENS_RETURNED, offset=267777267960 ns
        ON_TOKENS_CALLED, generate 1 tokens, offset=269143076934 ns
        ON_TOKENS_RETURNED, offset=269143078694 ns
        ON_TOKENS_CALLED, generate 1 tokens, offset=270415038632 ns
        ON_TOKENS_RETURNED, offset=270415039971 ns
        ON_TOKENS_CALLED, generate 1 tokens, offset=271698596374 ns
        ON_TOKENS_RETURNED, offset=271698599266 ns
        ON_TOKENS_CALLED, generate 1 tokens, offset=273007105020 ns
        ON_TOKENS_RETURNED, offset=273007106570 ns
        ON_TOKENS_CALLED, generate 1 tokens, offset=274307398957 ns
        ON_TOKENS_RETURNED, offset=274307401554 ns
        ON_TOKENS_CALLED, generate 1 tokens, offset=275628098489 ns
        ON_TOKENS_RETURNED, offset=275628100248 ns
        ON_TOKENS_CALLED, generate 1 tokens, offset=276952985593 ns
        ON_TOKENS_RETURNED, offset=276952988070 ns
        ON_TOKENS_CALLED, generate 1 tokens, offset=278209961049 ns
        ON_TOKENS_RETURNED, offset=278209962155 ns
        ON_TOKENS_CALLED, generate 1 tokens, offset=279441555538 ns
        ON_TOKENS_RETURNED, offset=279441557413 ns
        ON_TOKENS_CALLED, generate 1 tokens, offset=280701062350 ns
        ON_TOKENS_RETURNED, offset=280701132505 ns
        ON_TOKENS_CALLED, generate 1 tokens, offset=281968690629 ns
        ON_TOKENS_RETURNED, offset=281968695754 ns
[15:37:34.222692682|thread 2899264|cpu 263] [info ] [Request 7] Generating 61 response tokens with 8193 context took 71.299337 s at 0.856 average tok/s, or 1168.842 ms/tok
[15:37:34.222714205|thread 2899264|cpu 263] [info ] [Request 7] Request with 8192 tokens in and 64 out (sequence limit) saw 223.967698 s TTFT and 296.226812 s TTLT
[15:37:37.437975810|thread 2901769|cpu 263] [info ] KV cache footprint: 47.29 GB in 218 books
[15:37:38.017592426|thread 2901770|cpu 263] [info ] #EVT# SYSTEM_STATS: Sessions: Open=26, Closed=0, Busy=0, Total=0, Abandoned=22, Anomalous=22; Tokens: Prompted=0, Generated=0, AvgInputTPS=-nan, AvgOutputTPS=-nan
[15:37:38.017628762|thread 2901770|cpu 263] [info ] #EVT# Harvester stats: pushes=3446, pops=3446, slabs_alloc=289, slabs_freed=1, largest_slab=64, active_queues=12. TokenStreamEvent size: 48
[15:37:38.017631296|thread 2901770|cpu 263] [info ] #EVT# 542 history events in 26 active handles
[15:37:40.830135695|thread 2899271|cpu 263] [info ] [Request 18] Parsing the prompt took 302.834130471 s at 27.051112063422067 tokens/s
[15:37:45.623153382|thread 2901770|cpu 263] [debug] #EVT# HandleDetails::is_anomalous() handle_id=7 time in state STATE_OPENED exceeded threshold: 223967691109 ns
[15:37:45.623205806|thread 2901770|cpu 263] [debug] #EVT#   Handle,     7, Created, 753969409731391, Last, 754266704820718, Prompted,  8192, Generated,    64, Input TPS, 36.58, Output TPS:  0.77, Callbacks,    64, prompt parsing complete, open
[15:37:45.623240997|thread 2901770|cpu 263] [info ] #EVT#   Handle 7 history:
        SESSION_OPEN, prompt 8192 tokens, offset=0 ns
        PROMPT_TOKENS_REUSE, offset=223967689425 ns
        ON_START_CALLED, offset=223967691109 ns
        ON_START_RETURNED, offset=223967725233 ns
        ON_TOKENS_CALLED, generate 1 tokens, offset=223967730267 ns
        ON_TOKENS_RETURNED, offset=223967731089 ns
        ON_TOKENS_CALLED, generate 1 tokens, offset=224927467214 ns
        ON_TOKENS_RETURNED, offset=224927468874 ns
        ON_TOKENS_CALLED, generate 1 tokens, offset=225904854270 ns
        ON_TOKENS_RETURNED, offset=225904855160 ns
        ON_TOKENS_CALLED, generate 1 tokens, offset=226890122545 ns
        ON_TOKENS_RETURNED, offset=226890123408 ns
        ON_TOKENS_CALLED, generate 1 tokens, offset=227898510119 ns
        ON_TOKENS_RETURNED, offset=227898511901 ns
        ON_TOKENS_CALLED, generate 1 tokens, offset=228926346180 ns
        ON_TOKENS_RETURNED, offset=228926347278 ns
        ON_TOKENS_CALLED, generate 1 tokens, offset=229974647159 ns
        ON_TOKENS_RETURNED, offset=229974648757 ns
        ON_TOKENS_CALLED, generate 1 tokens, offset=231030640799 ns
        ON_TOKENS_RETURNED, offset=231030642572 ns
        ON_TOKENS_CALLED, generate 1 tokens, offset=232113663062 ns
        ON_TOKENS_RETURNED, offset=232113679951 ns
        ON_TOKENS_CALLED, generate 1 tokens, offset=233207340877 ns
        ON_TOKENS_RETURNED, offset=233207341755 ns
        ON_TOKENS_CALLED, generate 1 tokens, offset=234329722701 ns
        ON_TOKENS_RETURNED, offset=234329724890 ns
        ON_TOKENS_CALLED, generate 1 tokens, offset=235455005726 ns
        ON_TOKENS_RETURNED, offset=235455006907 ns
        ON_TOKENS_CALLED, generate 1 tokens, offset=236615456504 ns
        ON_TOKENS_RETURNED, offset=236615458553 ns
        ON_TOKENS_CALLED, generate 1 tokens, offset=237785476214 ns
        ON_TOKENS_RETURNED, offset=237785477564 ns
        ON_TOKENS_CALLED, generate 1 tokens, offset=238988137759 ns
        ON_TOKENS_RETURNED, offset=238988139783 ns
        ON_TOKENS_CALLED, generate 1 tokens, offset=240191707890 ns
        ON_TOKENS_RETURNED, offset=240191708850 ns
        ON_TOKENS_CALLED, generate 1 tokens, offset=241426330825 ns
        ON_TOKENS_RETURNED, offset=241426333717 ns
        ON_TOKENS_CALLED, generate 1 tokens, offset=242664505245 ns
        ON_TOKENS_RETURNED, offset=242664506522 ns
        ON_TOKENS_CALLED, generate 1 tokens, offset=243793979528 ns
        ON_TOKENS_RETURNED, offset=243793980685 ns
        ON_TOKENS_CALLED, generate 1 tokens, offset=244946031081 ns
        ON_TOKENS_RETURNED, offset=244946032066 ns
        ON_TOKENS_CALLED, generate 1 tokens, offset=246113651803 ns
        ON_TOKENS_RETURNED, offset=246113653789 ns
        ON_TOKENS_CALLED, generate 1 tokens, offset=247303802664 ns
        ON_TOKENS_RETURNED, offset=247303803845 ns
        ON_TOKENS_CALLED, generate 1 tokens, offset=248500181109 ns
        ON_TOKENS_RETURNED, offset=248500181961 ns
        ON_TOKENS_CALLED, generate 1 tokens, offset=249727776953 ns
        ON_TOKENS_RETURNED, offset=249727779407 ns
        ON_TOKENS_CALLED, generate 1 tokens, offset=250965123027 ns
        ON_TOKENS_RETURNED, offset=250965124189 ns
        ON_TOKENS_CALLED, generate 1 tokens, offset=252232939774 ns
        ON_TOKENS_RETURNED, offset=252232941190 ns
        ON_TOKENS_CALLED, generate 1 tokens, offset=253502726184 ns
        ON_TOKENS_RETURNED, offset=253502727985 ns
        ON_TOKENS_CALLED, generate 1 tokens, offset=254806493933 ns
        ON_TOKENS_RETURNED, offset=254806494659 ns
        ON_TOKENS_CALLED, generate 1 tokens, offset=256119372112 ns
        ON_TOKENS_RETURNED, offset=256119373009 ns
        ON_TOKENS_CALLED, generate 1 tokens, offset=257470067743 ns
        ON_TOKENS_RETURNED, offset=257470068610 ns
        ON_TOKENS_CALLED, generate 1 tokens, offset=258686967860 ns
        ON_TOKENS_RETURNED, offset=258686969389 ns
        ON_TOKENS_CALLED, generate 1 tokens, offset=259943973726 ns
        ON_TOKENS_RETURNED, offset=259943976455 ns
        ON_TOKENS_CALLED, generate 1 tokens, offset=261209413156 ns
        ON_TOKENS_RETURNED, offset=261209414905 ns
        ON_TOKENS_CALLED, generate 1 tokens, offset=262499856635 ns
        ON_TOKENS_RETURNED, offset=262499857891 ns
        ON_TOKENS_CALLED, generate 1 tokens, offset=263780862340 ns
        ON_TOKENS_RETURNED, offset=263780863232 ns
        ON_TOKENS_CALLED, generate 1 tokens, offset=265096574156 ns
        ON_TOKENS_RETURNED, offset=265096574924 ns
        ON_TOKENS_CALLED, generate 1 tokens, offset=266421623299 ns
        ON_TOKENS_RETURNED, offset=266421624412 ns
        ON_TOKENS_CALLED, generate 1 tokens, offset=267777595871 ns
        ON_TOKENS_RETURNED, offset=267777597024 ns
        ON_TOKENS_CALLED, generate 1 tokens, offset=269143408142 ns
        ON_TOKENS_RETURNED, offset=269143409230 ns
        ON_TOKENS_CALLED, generate 1 tokens, offset=270415375495 ns
        ON_TOKENS_RETURNED, offset=270415376551 ns
        ON_TOKENS_CALLED, generate 1 tokens, offset=271698934889 ns
        ON_TOKENS_RETURNED, offset=271698936644 ns
        ON_TOKENS_CALLED, generate 1 tokens, offset=273007422999 ns
        ON_TOKENS_RETURNED, offset=273007425141 ns
        ON_TOKENS_CALLED, generate 1 tokens, offset=274307735610 ns
        ON_TOKENS_RETURNED, offset=274307736693 ns
        ON_TOKENS_CALLED, generate 1 tokens, offset=275628427431 ns
        ON_TOKENS_RETURNED, offset=275628428717 ns
        ON_TOKENS_CALLED, generate 1 tokens, offset=276953317294 ns
        ON_TOKENS_RETURNED, offset=276953319981 ns
        ON_TOKENS_CALLED, generate 1 tokens, offset=278210294138 ns
        ON_TOKENS_RETURNED, offset=278210295145 ns
        ON_TOKENS_CALLED, generate 1 tokens, offset=279441893558 ns
        ON_TOKENS_RETURNED, offset=279441894904 ns
        ON_TOKENS_CALLED, generate 1 tokens, offset=280701400847 ns
        ON_TOKENS_RETURNED, offset=280701402222 ns
        ON_TOKENS_CALLED, generate 1 tokens, offset=281969021982 ns
        ON_TOKENS_RETURNED, offset=281969022797 ns
        ON_TOKENS_CALLED, generate 1 tokens, offset=282928764457 ns
        ON_TOKENS_RETURNED, offset=282928766560 ns
        ON_TOKENS_CALLED, generate 1 tokens, offset=283913980639 ns
        ON_TOKENS_RETURNED, offset=283913982832 ns
        ON_TOKENS_CALLED, generate 1 tokens, offset=284912555570 ns
        ON_TOKENS_RETURNED, offset=284912557960 ns
        ON_TOKENS_CALLED, generate 1 tokens, offset=285927163691 ns
        ON_TOKENS_RETURNED, offset=285927164968 ns
        ON_TOKENS_CALLED, generate 1 tokens, offset=286951591813 ns
        ON_TOKENS_RETURNED, offset=286951593204 ns
        ON_TOKENS_CALLED, generate 1 tokens, offset=287994555543 ns
        ON_TOKENS_RETURNED, offset=287994556777 ns
        ON_TOKENS_CALLED, generate 1 tokens, offset=289053046252 ns
        ON_TOKENS_RETURNED, offset=289053047597 ns
        ON_TOKENS_CALLED, generate 1 tokens, offset=290127160712 ns
        ON_TOKENS_RETURNED, offset=290127161870 ns
        ON_TOKENS_CALLED, generate 1 tokens, offset=291099237899 ns
        ON_TOKENS_RETURNED, offset=291099239144 ns
        ON_TOKENS_CALLED, generate 1 tokens, offset=292099059954 ns
        ON_TOKENS_RETURNED, offset=292099062634 ns
        ON_TOKENS_CALLED, generate 1 tokens, offset=293108900945 ns
        ON_TOKENS_RETURNED, offset=293108903113 ns
        ON_TOKENS_CALLED, generate 1 tokens, offset=294136297069 ns
        ON_TOKENS_RETURNED, offset=294136299314 ns
        ON_TOKENS_CALLED, generate 1 tokens, offset=295171167911 ns
        ON_TOKENS_RETURNED, offset=295171170295 ns
        ON_TOKENS_CALLED, generate 1 tokens, offset=296226802548 ns
        ON_TOKENS_RETURNED, offset=296226833482 ns
        ON_TOKENS_CALLED, generate 1 tokens, offset=297295079125 ns
        ON_TOKENS_RETURNED, offset=297295089327 ns
[15:37:49.632820108|thread 2901769|cpu 263] [info ] KV cache footprint: 48.38 GB in 223 books
[15:37:53.231137382|thread 2899264|cpu 263] [info ] [Request 12] Generating 61 response tokens with 8193 context took 71.441264 s at 0.854 average tok/s, or 1171.168 ms/tok
[15:37:53.231178899|thread 2899264|cpu 263] [info ] [Request 12] Request with 8192 tokens in and 64 out (sequence limit) saw 242.664449 s TTFT and 315.235197 s TTLT
[15:37:55.714780774|thread 2899271|cpu 263] [info ] [Request 22] Parsing the prompt took 317.718730323 s at 25.7838119637197 tokens/s
[15:37:56.856102982|thread 2901769|cpu 263] [info ] KV cache footprint: 49.48 GB in 228 books
[15:38:04.779620946|thread 2901770|cpu 263] [debug] #EVT# HandleDetails::is_anomalous() handle_id=12 time in state STATE_OPENED exceeded threshold: 242664442814 ns
[15:38:04.779676747|thread 2901770|cpu 263] [debug] #EVT#   Handle,    12, Created, 753969409787044, Last, 754285893152063, Prompted,  8189, Generated,    64, Input TPS, 33.76, Output TPS:  0.76, Callbacks,    64, prompt parsing complete, open
[15:38:04.779709021|thread 2901770|cpu 263] [info ] #EVT#   Handle 12 history:
        SESSION_OPEN, prompt 8192 tokens, offset=0 ns
        PROMPT_TOKENS_REUSE, offset=242664441837 ns
        ON_START_CALLED, offset=242664442814 ns
        ON_START_RETURNED, offset=242664468614 ns
        ON_TOKENS_CALLED, generate 1 tokens, offset=242664472586 ns
        ON_TOKENS_RETURNED, offset=242664473087 ns
        ON_TOKENS_CALLED, generate 1 tokens, offset=243793925343 ns
        ON_TOKENS_RETURNED, offset=243793928136 ns
        ON_TOKENS_CALLED, generate 1 tokens, offset=244945979030 ns
        ON_TOKENS_RETURNED, offset=244945981368 ns
        ON_TOKENS_CALLED, generate 1 tokens, offset=246113595371 ns
        ON_TOKENS_RETURNED, offset=246113597555 ns
        ON_TOKENS_CALLED, generate 1 tokens, offset=247303749897 ns
        ON_TOKENS_RETURNED, offset=247303752032 ns
        ON_TOKENS_CALLED, generate 1 tokens, offset=248500122833 ns
        ON_TOKENS_RETURNED, offset=248500124863 ns
        ON_TOKENS_CALLED, generate 1 tokens, offset=249727723527 ns
        ON_TOKENS_RETURNED, offset=249727725074 ns
        ON_TOKENS_CALLED, generate 1 tokens, offset=250965075432 ns
        ON_TOKENS_RETURNED, offset=250965077137 ns
        ON_TOKENS_CALLED, generate 1 tokens, offset=252232887241 ns
        ON_TOKENS_RETURNED, offset=252232890380 ns
        ON_TOKENS_CALLED, generate 1 tokens, offset=253502672514 ns
        ON_TOKENS_RETURNED, offset=253502673493 ns
        ON_TOKENS_CALLED, generate 1 tokens, offset=254806440092 ns
        ON_TOKENS_RETURNED, offset=254806441792 ns
        ON_TOKENS_CALLED, generate 1 tokens, offset=256119320093 ns
        ON_TOKENS_RETURNED, offset=256119322233 ns
        ON_TOKENS_CALLED, generate 1 tokens, offset=257470010256 ns
        ON_TOKENS_RETURNED, offset=257470012776 ns
        ON_TOKENS_CALLED, generate 1 tokens, offset=258686908323 ns
        ON_TOKENS_RETURNED, offset=258686910865 ns
        ON_TOKENS_CALLED, generate 1 tokens, offset=259943925156 ns
        ON_TOKENS_RETURNED, offset=259943926799 ns
        ON_TOKENS_CALLED, generate 1 tokens, offset=261209358349 ns
        ON_TOKENS_RETURNED, offset=261209359549 ns
        ON_TOKENS_CALLED, generate 1 tokens, offset=262499806247 ns
        ON_TOKENS_RETURNED, offset=262499810588 ns
        ON_TOKENS_CALLED, generate 1 tokens, offset=263780811125 ns
        ON_TOKENS_RETURNED, offset=263780812117 ns
        ON_TOKENS_CALLED, generate 1 tokens, offset=265096506512 ns
        ON_TOKENS_RETURNED, offset=265096509636 ns
        ON_TOKENS_CALLED, generate 1 tokens, offset=266421575256 ns
        ON_TOKENS_RETURNED, offset=266421576736 ns
        ON_TOKENS_CALLED, generate 1 tokens, offset=267777541708 ns
        ON_TOKENS_RETURNED, offset=267777543065 ns
        ON_TOKENS_CALLED, generate 1 tokens, offset=269143354965 ns
        ON_TOKENS_RETURNED, offset=269143357826 ns
        ON_TOKENS_CALLED, generate 1 tokens, offset=270415323429 ns
        ON_TOKENS_RETURNED, offset=270415324329 ns
        ON_TOKENS_CALLED, generate 1 tokens, offset=271698877834 ns
        ON_TOKENS_RETURNED, offset=271698879106 ns
        ON_TOKENS_CALLED, generate 1 tokens, offset=273007375234 ns
        ON_TOKENS_RETURNED, offset=273007376590 ns
        ON_TOKENS_CALLED, generate 1 tokens, offset=274307685152 ns
        ON_TOKENS_RETURNED, offset=274307686129 ns
        ON_TOKENS_CALLED, generate 1 tokens, offset=275628374666 ns
        ON_TOKENS_RETURNED, offset=275628376007 ns
        ON_TOKENS_CALLED, generate 1 tokens, offset=276953269909 ns
        ON_TOKENS_RETURNED, offset=276953270789 ns
        ON_TOKENS_CALLED, generate 1 tokens, offset=278210241207 ns
        ON_TOKENS_RETURNED, offset=278210242982 ns
        ON_TOKENS_CALLED, generate 1 tokens, offset=279441838651 ns
        ON_TOKENS_RETURNED, offset=279441839808 ns
        ON_TOKENS_CALLED, generate 1 tokens, offset=280701340760 ns
        ON_TOKENS_RETURNED, offset=280701343394 ns
        ON_TOKENS_CALLED, generate 1 tokens, offset=281968975209 ns
        ON_TOKENS_RETURNED, offset=281968977191 ns
        ON_TOKENS_CALLED, generate 1 tokens, offset=282928726537 ns
        ON_TOKENS_RETURNED, offset=282928728268 ns
        ON_TOKENS_CALLED, generate 1 tokens, offset=283913926307 ns
        ON_TOKENS_RETURNED, offset=283913927348 ns
        ON_TOKENS_CALLED, generate 1 tokens, offset=284912502051 ns
        ON_TOKENS_RETURNED, offset=284912503625 ns
        ON_TOKENS_CALLED, generate 1 tokens, offset=285927107439 ns
        ON_TOKENS_RETURNED, offset=285927110339 ns
        ON_TOKENS_CALLED, generate 1 tokens, offset=286951535940 ns
        ON_TOKENS_RETURNED, offset=286951538764 ns
        ON_TOKENS_CALLED, generate 1 tokens, offset=287994499966 ns
        ON_TOKENS_RETURNED, offset=287994502430 ns
        ON_TOKENS_CALLED, generate 1 tokens, offset=289052983192 ns
        ON_TOKENS_RETURNED, offset=289052985392 ns
        ON_TOKENS_CALLED, generate 1 tokens, offset=290127115696 ns
        ON_TOKENS_RETURNED, offset=290127116979 ns
        ON_TOKENS_CALLED, generate 1 tokens, offset=291099181159 ns
        ON_TOKENS_RETURNED, offset=291099183056 ns
        ON_TOKENS_CALLED, generate 1 tokens, offset=292099006303 ns
        ON_TOKENS_RETURNED, offset=292099008399 ns
        ON_TOKENS_CALLED, generate 1 tokens, offset=293108846511 ns
        ON_TOKENS_RETURNED, offset=293108848705 ns
        ON_TOKENS_CALLED, generate 1 tokens, offset=294136247864 ns
        ON_TOKENS_RETURNED, offset=294136248849 ns
        ON_TOKENS_CALLED, generate 1 tokens, offset=295171114917 ns
        ON_TOKENS_RETURNED, offset=295171116231 ns
        ON_TOKENS_CALLED, generate 1 tokens, offset=296226749237 ns
        ON_TOKENS_RETURNED, offset=296226751357 ns
        ON_TOKENS_CALLED, generate 1 tokens, offset=297295029276 ns
        ON_TOKENS_RETURNED, offset=297295030265 ns
        ON_TOKENS_CALLED, generate 1 tokens, offset=298362671698 ns
        ON_TOKENS_RETURNED, offset=298362673207 ns
        ON_TOKENS_CALLED, generate 1 tokens, offset=299441806211 ns
        ON_TOKENS_RETURNED, offset=299441807528 ns
        ON_TOKENS_CALLED, generate 1 tokens, offset=300553851163 ns
        ON_TOKENS_RETURNED, offset=300553852389 ns
        ON_TOKENS_CALLED, generate 1 tokens, offset=301680949104 ns
        ON_TOKENS_RETURNED, offset=301680951927 ns
        ON_TOKENS_CALLED, generate 1 tokens, offset=302834178233 ns
        ON_TOKENS_RETURNED, offset=302834179539 ns
        ON_TOKENS_CALLED, generate 1 tokens, offset=303862358820 ns
        ON_TOKENS_RETURNED, offset=303862360324 ns
        ON_TOKENS_CALLED, generate 1 tokens, offset=304928322760 ns
        ON_TOKENS_RETURNED, offset=304928325235 ns
        ON_TOKENS_CALLED, generate 1 tokens, offset=306003298829 ns
        ON_TOKENS_RETURNED, offset=306003300014 ns
        ON_TOKENS_CALLED, generate 1 tokens, offset=307096714342 ns
        ON_TOKENS_RETURNED, offset=307096715214 ns
        ON_TOKENS_CALLED, generate 1 tokens, offset=308204560204 ns
        ON_TOKENS_RETURNED, offset=308204563371 ns
        ON_TOKENS_CALLED, generate 1 tokens, offset=309333355603 ns
        ON_TOKENS_RETURNED, offset=309333356782 ns
        ON_TOKENS_CALLED, generate 1 tokens, offset=310472731312 ns
        ON_TOKENS_RETURNED, offset=310472732583 ns
        ON_TOKENS_CALLED, generate 1 tokens, offset=311636703164 ns
        ON_TOKENS_RETURNED, offset=311636705362 ns
        ON_TOKENS_CALLED, generate 1 tokens, offset=312809626731 ns
        ON_TOKENS_RETURNED, offset=312809628316 ns
        ON_TOKENS_CALLED, generate 1 tokens, offset=314015841214 ns
        ON_TOKENS_RETURNED, offset=314015842604 ns
        ON_TOKENS_CALLED, generate 1 tokens, offset=315235189156 ns
        ON_TOKENS_RETURNED, offset=315235256917 ns
        ON_TOKENS_CALLED, generate 1 tokens, offset=316483358317 ns
        ON_TOKENS_RETURNED, offset=316483365019 ns
[15:38:07.875272277|thread 2899264|cpu 263] [info ] [Request 8] Generating 61 response tokens with 8193 context took 71.192415 s at 0.857 average tok/s, or 1167.089 ms/tok
[15:38:07.875298882|thread 2899264|cpu 263] [info ] [Request 8] Request with 8192 tokens in and 64 out (sequence limit) saw 257.470061 s TTFT and 329.879377 s TTLT
[15:38:09.201494850|thread 2899273|cpu 263] [info ] [Request 25] Parsing the prompt took 331.205407197 s at 24.733895709400127 tokens/s
[15:38:10.377590392|thread 2901769|cpu 263] [info ] KV cache footprint: 50.58 GB in 233 books
[15:38:14.076620411|thread 2901769|cpu 263] [info ] KV cache footprint: 51.68 GB in 238 books
[15:38:19.256937010|thread 2899273|cpu 263] [info ] [Request 27] Parsing the prompt took 341.260823664 s at 24.00509941939809 tokens/s
[15:38:19.256945201|thread 2899264|cpu 263] [info ] [Request 45] Generating 61 response tokens with 8193 context took 70.845669 s at 0.861 average tok/s, or 1161.404 ms/tok
[15:38:19.256978205|thread 2899264|cpu 263] [info ] [Request 45] Request with 8192 tokens in and 64 out (sequence limit) saw 269.142908 s TTFT and 341.260552 s TTLT
[15:38:19.427114868|thread 2901770|cpu 263] [debug] #EVT# HandleDetails::is_anomalous() handle_id=8 time in state STATE_OPENED exceeded threshold: 257470054766 ns
[15:38:19.427133903|thread 2901770|cpu 263] [debug] #EVT#   Handle,     8, Created, 753969409742408, Last, 754300615329185, Prompted,  8192, Generated,    64, Input TPS, 31.82, Output TPS:  0.76, Callbacks,    64, prompt parsing complete, open
[15:38:19.427165255|thread 2901770|cpu 263] [info ] #EVT#   Handle 8 history:
        SESSION_OPEN, prompt 8192 tokens, offset=0 ns
        PROMPT_TOKENS_REUSE, offset=257470053232 ns
        ON_START_CALLED, offset=257470054766 ns
        ON_START_RETURNED, offset=257470090398 ns
        ON_TOKENS_CALLED, generate 1 tokens, offset=257470095353 ns
        ON_TOKENS_RETURNED, offset=257470097464 ns
        ON_TOKENS_CALLED, generate 1 tokens, offset=258686955952 ns
        ON_TOKENS_RETURNED, offset=258686958900 ns
        ON_TOKENS_CALLED, generate 1 tokens, offset=259943966363 ns
        ON_TOKENS_RETURNED, offset=259943970024 ns
        ON_TOKENS_CALLED, generate 1 tokens, offset=261209402081 ns
        ON_TOKENS_RETURNED, offset=261209403201 ns
        ON_TOKENS_CALLED, generate 1 tokens, offset=262499848418 ns
        ON_TOKENS_RETURNED, offset=262499851890 ns
        ON_TOKENS_CALLED, generate 1 tokens, offset=263780855226 ns
        ON_TOKENS_RETURNED, offset=263780857467 ns
        ON_TOKENS_CALLED, generate 1 tokens, offset=265096552919 ns
        ON_TOKENS_RETURNED, offset=265096554841 ns
        ON_TOKENS_CALLED, generate 1 tokens, offset=266421615568 ns
        ON_TOKENS_RETURNED, offset=266421618442 ns
        ON_TOKENS_CALLED, generate 1 tokens, offset=267777588650 ns
        ON_TOKENS_RETURNED, offset=267777591167 ns
        ON_TOKENS_CALLED, generate 1 tokens, offset=269143409257 ns
        ON_TOKENS_RETURNED, offset=269143410719 ns
        ON_TOKENS_CALLED, generate 1 tokens, offset=270415359845 ns
        ON_TOKENS_RETURNED, offset=270415360735 ns
        ON_TOKENS_CALLED, generate 1 tokens, offset=271698921293 ns
        ON_TOKENS_RETURNED, offset=271698923301 ns
        ON_TOKENS_CALLED, generate 1 tokens, offset=273007421661 ns
        ON_TOKENS_RETURNED, offset=273007422666 ns
        ON_TOKENS_CALLED, generate 1 tokens, offset=274307720164 ns
        ON_TOKENS_RETURNED, offset=274307721531 ns
        ON_TOKENS_CALLED, generate 1 tokens, offset=275628420047 ns
        ON_TOKENS_RETURNED, offset=275628421356 ns
        ON_TOKENS_CALLED, generate 1 tokens, offset=276953310260 ns
        ON_TOKENS_RETURNED, offset=276953311253 ns
        ON_TOKENS_CALLED, generate 1 tokens, offset=278210284857 ns
        ON_TOKENS_RETURNED, offset=278210288145 ns
        ON_TOKENS_CALLED, generate 1 tokens, offset=279441888655 ns
        ON_TOKENS_RETURNED, offset=279441890877 ns
        ON_TOKENS_CALLED, generate 1 tokens, offset=280701386893 ns
        ON_TOKENS_RETURNED, offset=280701387900 ns
        ON_TOKENS_CALLED, generate 1 tokens, offset=281969028505 ns
        ON_TOKENS_RETURNED, offset=281969029528 ns
        ON_TOKENS_CALLED, generate 1 tokens, offset=282928765185 ns
        ON_TOKENS_RETURNED, offset=282928766789 ns
        ON_TOKENS_CALLED, generate 1 tokens, offset=283913972459 ns
        ON_TOKENS_RETURNED, offset=283913973799 ns
        ON_TOKENS_CALLED, generate 1 tokens, offset=284912548383 ns
        ON_TOKENS_RETURNED, offset=284912550277 ns
        ON_TOKENS_CALLED, generate 1 tokens, offset=285927154565 ns
        ON_TOKENS_RETURNED, offset=285927155591 ns
        ON_TOKENS_CALLED, generate 1 tokens, offset=286951587632 ns
        ON_TOKENS_RETURNED, offset=286951588567 ns
        ON_TOKENS_CALLED, generate 1 tokens, offset=287994538059 ns
        ON_TOKENS_RETURNED, offset=287994540846 ns
        ON_TOKENS_CALLED, generate 1 tokens, offset=289053027935 ns
        ON_TOKENS_RETURNED, offset=289053030375 ns
        ON_TOKENS_CALLED, generate 1 tokens, offset=290127163118 ns
        ON_TOKENS_RETURNED, offset=290127163990 ns
        ON_TOKENS_CALLED, generate 1 tokens, offset=291099229285 ns
        ON_TOKENS_RETURNED, offset=291099231382 ns
        ON_TOKENS_CALLED, generate 1 tokens, offset=292099053157 ns
        ON_TOKENS_RETURNED, offset=292099054283 ns
        ON_TOKENS_CALLED, generate 1 tokens, offset=293108890479 ns
        ON_TOKENS_RETURNED, offset=293108893273 ns
        ON_TOKENS_CALLED, generate 1 tokens, offset=294136293259 ns
        ON_TOKENS_RETURNED, offset=294136294286 ns
        ON_TOKENS_CALLED, generate 1 tokens, offset=295171161758 ns
        ON_TOKENS_RETURNED, offset=295171165306 ns
        ON_TOKENS_CALLED, generate 1 tokens, offset=296226795654 ns
        ON_TOKENS_RETURNED, offset=296226797666 ns
        ON_TOKENS_CALLED, generate 1 tokens, offset=297295077581 ns
        ON_TOKENS_RETURNED, offset=297295078225 ns
        ON_TOKENS_CALLED, generate 1 tokens, offset=298362707050 ns
        ON_TOKENS_RETURNED, offset=298362708728 ns
        ON_TOKENS_CALLED, generate 1 tokens, offset=299441849066 ns
        ON_TOKENS_RETURNED, offset=299441851311 ns
        ON_TOKENS_CALLED, generate 1 tokens, offset=300553894665 ns
        ON_TOKENS_RETURNED, offset=300553896656 ns
        ON_TOKENS_CALLED, generate 1 tokens, offset=301680995350 ns
        ON_TOKENS_RETURNED, offset=301680997617 ns
        ON_TOKENS_CALLED, generate 1 tokens, offset=302834226153 ns
        ON_TOKENS_RETURNED, offset=302834227289 ns
        ON_TOKENS_CALLED, generate 1 tokens, offset=303862407658 ns
        ON_TOKENS_RETURNED, offset=303862409215 ns
        ON_TOKENS_CALLED, generate 1 tokens, offset=304928371279 ns
        ON_TOKENS_RETURNED, offset=304928373022 ns
        ON_TOKENS_CALLED, generate 1 tokens, offset=306003337414 ns
        ON_TOKENS_RETURNED, offset=306003338833 ns
        ON_TOKENS_CALLED, generate 1 tokens, offset=307096755965 ns
        ON_TOKENS_RETURNED, offset=307096759181 ns
        ON_TOKENS_CALLED, generate 1 tokens, offset=308204607309 ns
        ON_TOKENS_RETURNED, offset=308204609618 ns
        ON_TOKENS_CALLED, generate 1 tokens, offset=309333402563 ns
        ON_TOKENS_RETURNED, offset=309333403486 ns
        ON_TOKENS_CALLED, generate 1 tokens, offset=310472769329 ns
        ON_TOKENS_RETURNED, offset=310472770777 ns
        ON_TOKENS_CALLED, generate 1 tokens, offset=311636755377 ns
        ON_TOKENS_RETURNED, offset=311636756420 ns
        ON_TOKENS_CALLED, generate 1 tokens, offset=312809673259 ns
        ON_TOKENS_RETURNED, offset=312809674176 ns
        ON_TOKENS_CALLED, generate 1 tokens, offset=314015884111 ns
        ON_TOKENS_RETURNED, offset=314015886469 ns
        ON_TOKENS_CALLED, generate 1 tokens, offset=315235238853 ns
        ON_TOKENS_RETURNED, offset=315235240219 ns
        ON_TOKENS_CALLED, generate 1 tokens, offset=316483403629 ns
        ON_TOKENS_RETURNED, offset=316483405813 ns
        ON_TOKENS_CALLED, generate 1 tokens, offset=317718869370 ns
        ON_TOKENS_RETURNED, offset=317718872836 ns
        ON_TOKENS_CALLED, generate 1 tokens, offset=318859980459 ns
        ON_TOKENS_RETURNED, offset=318859982713 ns
        ON_TOKENS_CALLED, generate 1 tokens, offset=320015391434 ns
        ON_TOKENS_RETURNED, offset=320015392571 ns
        ON_TOKENS_CALLED, generate 1 tokens, offset=321192477622 ns
        ON_TOKENS_RETURNED, offset=321192478771 ns
        ON_TOKENS_CALLED, generate 1 tokens, offset=322378665295 ns
        ON_TOKENS_RETURNED, offset=322378666545 ns
        ON_TOKENS_CALLED, generate 1 tokens, offset=323589941213 ns
        ON_TOKENS_RETURNED, offset=323589942398 ns
        ON_TOKENS_CALLED, generate 1 tokens, offset=324807807975 ns
        ON_TOKENS_RETURNED, offset=324807808912 ns
        ON_TOKENS_CALLED, generate 1 tokens, offset=326052307084 ns
        ON_TOKENS_RETURNED, offset=326052309749 ns
        ON_TOKENS_CALLED, generate 1 tokens, offset=327308447124 ns
        ON_TOKENS_RETURNED, offset=327308449589 ns
        ON_TOKENS_CALLED, generate 1 tokens, offset=328591109208 ns
        ON_TOKENS_RETURNED, offset=328591110638 ns
        ON_TOKENS_CALLED, generate 1 tokens, offset=329879369930 ns
        ON_TOKENS_RETURNED, offset=329879406905 ns
        ON_TOKENS_CALLED, generate 1 tokens, offset=331205576208 ns
        ON_TOKENS_RETURNED, offset=331205586777 ns
[15:38:26.695330345|thread 2899264|cpu 263] [info ] [Request 9] Generating 61 response tokens with 8193 context took 70.489142 s at 0.865 average tok/s, or 1155.560 ms/tok
[15:38:26.695368330|thread 2899264|cpu 263] [info ] [Request 9] Request with 8192 tokens in and 64 out (sequence limit) saw 276.953305 s TTFT and 348.699426 s TTLT
[15:38:26.695335687|thread 2899273|cpu 263] [info ] [Request 35] Parsing the prompt took 348.699107016 s at 23.493034066256186 tokens/s
[15:38:26.695555214|thread 2901769|cpu 263] [info ] KV cache footprint: 52.78 GB in 243 books
[15:38:30.695767226|thread 2901770|cpu 263] [debug] #EVT# HandleDetails::is_anomalous() handle_id=45 time in state STATE_OPENED exceeded threshold: 269142892955 ns
[15:38:30.695798977|thread 2901770|cpu 263] [debug] #EVT#   Handle,    45, Created, 753969410250062, Last, 754311890650505, Prompted,  8189, Generated,    64, Input TPS, 30.44, Output TPS:  0.77, Callbacks,    64, prompt parsing complete, open
[15:38:30.695831346|thread 2901770|cpu 263] [info ] #EVT#   Handle 45 history:
        SESSION_OPEN, prompt 8192 tokens, offset=0 ns
        PROMPT_TOKENS_REUSE, offset=269142891888 ns
        ON_START_CALLED, offset=269142892955 ns
        ON_START_RETURNED, offset=269142915575 ns
        ON_TOKENS_CALLED, generate 1 tokens, offset=269142919411 ns
        ON_TOKENS_RETURNED, offset=269142920472 ns
        ON_TOKENS_CALLED, generate 1 tokens, offset=270414867049 ns
        ON_TOKENS_RETURNED, offset=270414869386 ns
        ON_TOKENS_CALLED, generate 1 tokens, offset=271698419106 ns
        ON_TOKENS_RETURNED, offset=271698420335 ns
        ON_TOKENS_CALLED, generate 1 tokens, offset=273006914197 ns
        ON_TOKENS_RETURNED, offset=273006915449 ns
        ON_TOKENS_CALLED, generate 1 tokens, offset=274307214345 ns
        ON_TOKENS_RETURNED, offset=274307218085 ns
        ON_TOKENS_CALLED, generate 1 tokens, offset=275627914664 ns
        ON_TOKENS_RETURNED, offset=275627916728 ns
        ON_TOKENS_CALLED, generate 1 tokens, offset=276952809133 ns
        ON_TOKENS_RETURNED, offset=276952810896 ns
        ON_TOKENS_CALLED, generate 1 tokens, offset=278209780555 ns
        ON_TOKENS_RETURNED, offset=278209783479 ns
        ON_TOKENS_CALLED, generate 1 tokens, offset=279441379673 ns
        ON_TOKENS_RETURNED, offset=279441381766 ns
        ON_TOKENS_CALLED, generate 1 tokens, offset=280700887107 ns
        ON_TOKENS_RETURNED, offset=280700889293 ns
        ON_TOKENS_CALLED, generate 1 tokens, offset=281968510412 ns
        ON_TOKENS_RETURNED, offset=281968511713 ns
        ON_TOKENS_CALLED, generate 1 tokens, offset=282928250616 ns
        ON_TOKENS_RETURNED, offset=282928252739 ns
        ON_TOKENS_CALLED, generate 1 tokens, offset=283913467202 ns
        ON_TOKENS_RETURNED, offset=283913468320 ns
        ON_TOKENS_CALLED, generate 1 tokens, offset=284912043245 ns
        ON_TOKENS_RETURNED, offset=284912045084 ns
        ON_TOKENS_CALLED, generate 1 tokens, offset=285926652935 ns
        ON_TOKENS_RETURNED, offset=285926654121 ns
        ON_TOKENS_CALLED, generate 1 tokens, offset=286951080408 ns
        ON_TOKENS_RETURNED, offset=286951082919 ns
        ON_TOKENS_CALLED, generate 1 tokens, offset=287994031523 ns
        ON_TOKENS_RETURNED, offset=287994039870 ns
        ON_TOKENS_CALLED, generate 1 tokens, offset=289052527076 ns
        ON_TOKENS_RETURNED, offset=289052528398 ns
        ON_TOKENS_CALLED, generate 1 tokens, offset=290126646562 ns
        ON_TOKENS_RETURNED, offset=290126647414 ns
        ON_TOKENS_CALLED, generate 1 tokens, offset=291098721567 ns
        ON_TOKENS_RETURNED, offset=291098722677 ns
        ON_TOKENS_CALLED, generate 1 tokens, offset=292098546485 ns
        ON_TOKENS_RETURNED, offset=292098548598 ns
        ON_TOKENS_CALLED, generate 1 tokens, offset=293108384825 ns
        ON_TOKENS_RETURNED, offset=293108386825 ns
        ON_TOKENS_CALLED, generate 1 tokens, offset=294135780449 ns
        ON_TOKENS_RETURNED, offset=294135782294 ns
        ON_TOKENS_CALLED, generate 1 tokens, offset=295170654463 ns
        ON_TOKENS_RETURNED, offset=295170657100 ns
        ON_TOKENS_CALLED, generate 1 tokens, offset=296226289346 ns
        ON_TOKENS_RETURNED, offset=296226290342 ns
        ON_TOKENS_CALLED, generate 1 tokens, offset=297294565467 ns
        ON_TOKENS_RETURNED, offset=297294567096 ns
        ON_TOKENS_CALLED, generate 1 tokens, offset=298362201847 ns
        ON_TOKENS_RETURNED, offset=298362204350 ns
        ON_TOKENS_CALLED, generate 1 tokens, offset=299441343907 ns
        ON_TOKENS_RETURNED, offset=299441345404 ns
        ON_TOKENS_CALLED, generate 1 tokens, offset=300553389618 ns
        ON_TOKENS_RETURNED, offset=300553391340 ns
        ON_TOKENS_CALLED, generate 1 tokens, offset=301680489270 ns
        ON_TOKENS_RETURNED, offset=301680491215 ns
        ON_TOKENS_CALLED, generate 1 tokens, offset=302833718824 ns
        ON_TOKENS_RETURNED, offset=302833720927 ns
        ON_TOKENS_CALLED, generate 1 tokens, offset=303861898908 ns
        ON_TOKENS_RETURNED, offset=303861901216 ns
        ON_TOKENS_CALLED, generate 1 tokens, offset=304927861652 ns
        ON_TOKENS_RETURNED, offset=304927864616 ns
        ON_TOKENS_CALLED, generate 1 tokens, offset=306002833141 ns
        ON_TOKENS_RETURNED, offset=306002835297 ns
        ON_TOKENS_CALLED, generate 1 tokens, offset=307096257774 ns
        ON_TOKENS_RETURNED, offset=307096259086 ns
        ON_TOKENS_CALLED, generate 1 tokens, offset=308204103686 ns
        ON_TOKENS_RETURNED, offset=308204105217 ns
        ON_TOKENS_CALLED, generate 1 tokens, offset=309332896995 ns
        ON_TOKENS_RETURNED, offset=309332898430 ns
        ON_TOKENS_CALLED, generate 1 tokens, offset=310472271522 ns
        ON_TOKENS_RETURNED, offset=310472272492 ns
        ON_TOKENS_CALLED, generate 1 tokens, offset=311636248486 ns
        ON_TOKENS_RETURNED, offset=311636249894 ns
        ON_TOKENS_CALLED, generate 1 tokens, offset=312809167468 ns
        ON_TOKENS_RETURNED, offset=312809169468 ns
        ON_TOKENS_CALLED, generate 1 tokens, offset=314015380294 ns
        ON_TOKENS_RETURNED, offset=314015381414 ns
        ON_TOKENS_CALLED, generate 1 tokens, offset=315234729569 ns
        ON_TOKENS_RETURNED, offset=315234731546 ns
        ON_TOKENS_CALLED, generate 1 tokens, offset=316482897725 ns
        ON_TOKENS_RETURNED, offset=316482899476 ns
        ON_TOKENS_CALLED, generate 1 tokens, offset=317718365008 ns
        ON_TOKENS_RETURNED, offset=317718367269 ns
        ON_TOKENS_CALLED, generate 1 tokens, offset=318859479429 ns
        ON_TOKENS_RETURNED, offset=318859481658 ns
        ON_TOKENS_CALLED, generate 1 tokens, offset=320014893807 ns
        ON_TOKENS_RETURNED, offset=320014896418 ns
        ON_TOKENS_CALLED, generate 1 tokens, offset=321191971985 ns
        ON_TOKENS_RETURNED, offset=321191973045 ns
        ON_TOKENS_CALLED, generate 1 tokens, offset=322378164773 ns
        ON_TOKENS_RETURNED, offset=322378167682 ns
        ON_TOKENS_CALLED, generate 1 tokens, offset=323589437390 ns
        ON_TOKENS_RETURNED, offset=323589438658 ns
        ON_TOKENS_CALLED, generate 1 tokens, offset=324807297579 ns
        ON_TOKENS_RETURNED, offset=324807299135 ns
        ON_TOKENS_CALLED, generate 1 tokens, offset=326051800886 ns
        ON_TOKENS_RETURNED, offset=326051802576 ns
        ON_TOKENS_CALLED, generate 1 tokens, offset=327307943412 ns
        ON_TOKENS_RETURNED, offset=327307945925 ns
        ON_TOKENS_CALLED, generate 1 tokens, offset=328590611744 ns
        ON_TOKENS_RETURNED, offset=328590613264 ns
        ON_TOKENS_CALLED, generate 1 tokens, offset=329878869116 ns
        ON_TOKENS_RETURNED, offset=329878870200 ns
        ON_TOKENS_CALLED, generate 1 tokens, offset=331205070442 ns
        ON_TOKENS_RETURNED, offset=331205072955 ns
        ON_TOKENS_CALLED, generate 1 tokens, offset=332380976889 ns
        ON_TOKENS_RETURNED, offset=332380978860 ns
        ON_TOKENS_CALLED, generate 1 tokens, offset=333599238494 ns
        ON_TOKENS_RETURNED, offset=333599240968 ns
        ON_TOKENS_CALLED, generate 1 tokens, offset=334829379095 ns
        ON_TOKENS_RETURNED, offset=334829380832 ns
        ON_TOKENS_CALLED, generate 1 tokens, offset=336079981022 ns
        ON_TOKENS_RETURNED, offset=336079983383 ns
        ON_TOKENS_CALLED, generate 1 tokens, offset=337344407640 ns
        ON_TOKENS_RETURNED, offset=337344409066 ns
        ON_TOKENS_CALLED, generate 1 tokens, offset=338632811798 ns
        ON_TOKENS_RETURNED, offset=338632812558 ns
        ON_TOKENS_CALLED, generate 1 tokens, offset=339927771784 ns
        ON_TOKENS_RETURNED, offset=339927773071 ns
        ON_TOKENS_CALLED, generate 1 tokens, offset=341260535207 ns
        ON_TOKENS_RETURNED, offset=341260579323 ns
        ON_TOKENS_CALLED, generate 1 tokens, offset=342480392855 ns
        ON_TOKENS_RETURNED, offset=342480400443 ns
[15:38:31.424526578|thread 2899264|cpu 263] [info ] [Request 10] Generating 61 response tokens with 8193 context took 70.499861 s at 0.865 average tok/s, or 1155.735 ms/tok
[15:38:31.424531747|thread 2899265|cpu 263] [info ] [Request 11] Generating 61 response tokens with 8193 context took 70.499867 s at 0.865 average tok/s, or 1155.736 ms/tok
[15:38:31.424568252|thread 2899265|cpu 263] [info ] [Request 11] Request with 8192 tokens in and 64 out (sequence limit) saw 281.968994 s TTFT and 353.428605 s TTLT
[15:38:31.424533114|thread 2899273|cpu 263] [info ] [Request 31] Parsing the prompt took 353.42836406 s at 23.17867164336952 tokens/s
[15:38:31.424549385|thread 2899264|cpu 263] [info ] [Request 10] Request with 8192 tokens in and 64 out (sequence limit) saw 281.969001 s TTFT and 353.428611 s TTLT
[15:38:36.836633912|thread 2901769|cpu 263] [info ] KV cache footprint: 53.88 GB in 248 books
[15:38:37.965833965|thread 2899271|cpu 263] [info ] [Request 37] Parsing the prompt took 359.969580919 s at 22.757478504394392 tokens/s
[15:38:38.019560225|thread 2901770|cpu 263] [debug] #EVT# HandleDetails::is_anomalous() handle_id=9 time in state STATE_OPENED exceeded threshold: 276953299016 ns
[15:38:38.019576137|thread 2901770|cpu 263] [debug] #EVT#   Handle,     9, Created, 753969409753672, Last, 754319276154233, Prompted,  8192, Generated,    64, Input TPS, 29.58, Output TPS:  0.77, Callbacks,    64, prompt parsing complete, open
[15:38:38.019606305|thread 2901770|cpu 263] [info ] #EVT#   Handle 9 history:
        SESSION_OPEN, prompt 8192 tokens, offset=0 ns
        PROMPT_TOKENS_REUSE, offset=276953297588 ns
        ON_START_CALLED, offset=276953299016 ns
        ON_START_RETURNED, offset=276953365477 ns
        ON_TOKENS_CALLED, generate 1 tokens, offset=276953370242 ns
        ON_TOKENS_RETURNED, offset=276953372017 ns
        ON_TOKENS_CALLED, generate 1 tokens, offset=278210276702 ns
        ON_TOKENS_RETURNED, offset=278210279417 ns
        ON_TOKENS_CALLED, generate 1 tokens, offset=279441870591 ns
        ON_TOKENS_RETURNED, offset=279441873117 ns
        ON_TOKENS_CALLED, generate 1 tokens, offset=280701383802 ns
        ON_TOKENS_RETURNED, offset=280701386102 ns
        ON_TOKENS_CALLED, generate 1 tokens, offset=281969013675 ns
        ON_TOKENS_RETURNED, offset=281969015532 ns
        ON_TOKENS_CALLED, generate 1 tokens, offset=282928748757 ns
        ON_TOKENS_RETURNED, offset=282928750605 ns
        ON_TOKENS_CALLED, generate 1 tokens, offset=283913964318 ns
        ON_TOKENS_RETURNED, offset=283913966868 ns
        ON_TOKENS_CALLED, generate 1 tokens, offset=284912539961 ns
        ON_TOKENS_RETURNED, offset=284912541232 ns
        ON_TOKENS_CALLED, generate 1 tokens, offset=285927147291 ns
        ON_TOKENS_RETURNED, offset=285927154050 ns
        ON_TOKENS_CALLED, generate 1 tokens, offset=286951586515 ns
        ON_TOKENS_RETURNED, offset=286951587375 ns
        ON_TOKENS_CALLED, generate 1 tokens, offset=287994528637 ns
        ON_TOKENS_RETURNED, offset=287994529772 ns
        ON_TOKENS_CALLED, generate 1 tokens, offset=289053022913 ns
        ON_TOKENS_RETURNED, offset=289053024407 ns
        ON_TOKENS_CALLED, generate 1 tokens, offset=290127145353 ns
        ON_TOKENS_RETURNED, offset=290127146438 ns
        ON_TOKENS_CALLED, generate 1 tokens, offset=291099218179 ns
        ON_TOKENS_RETURNED, offset=291099220462 ns
        ON_TOKENS_CALLED, generate 1 tokens, offset=292099050401 ns
        ON_TOKENS_RETURNED, offset=292099052947 ns
        ON_TOKENS_CALLED, generate 1 tokens, offset=293108883782 ns
        ON_TOKENS_RETURNED, offset=293108885358 ns
        ON_TOKENS_CALLED, generate 1 tokens, offset=294136281118 ns
        ON_TOKENS_RETURNED, offset=294136294440 ns
        ON_TOKENS_CALLED, generate 1 tokens, offset=295171157370 ns
        ON_TOKENS_RETURNED, offset=295171158430 ns
        ON_TOKENS_CALLED, generate 1 tokens, offset=296226787362 ns
        ON_TOKENS_RETURNED, offset=296226788382 ns
        ON_TOKENS_CALLED, generate 1 tokens, offset=297295064054 ns
        ON_TOKENS_RETURNED, offset=297295066108 ns
        ON_TOKENS_CALLED, generate 1 tokens, offset=298362697735 ns
        ON_TOKENS_RETURNED, offset=298362700034 ns
        ON_TOKENS_CALLED, generate 1 tokens, offset=299441841540 ns
        ON_TOKENS_RETURNED, offset=299441843467 ns
        ON_TOKENS_CALLED, generate 1 tokens, offset=300553888713 ns
        ON_TOKENS_RETURNED, offset=300553889401 ns
        ON_TOKENS_CALLED, generate 1 tokens, offset=301680992617 ns
        ON_TOKENS_RETURNED, offset=301680993804 ns
        ON_TOKENS_CALLED, generate 1 tokens, offset=302834220340 ns
        ON_TOKENS_RETURNED, offset=302834221688 ns
        ON_TOKENS_CALLED, generate 1 tokens, offset=303862403730 ns
        ON_TOKENS_RETURNED, offset=303862404361 ns
        ON_TOKENS_CALLED, generate 1 tokens, offset=304928363495 ns
        ON_TOKENS_RETURNED, offset=304928364392 ns
        ON_TOKENS_CALLED, generate 1 tokens, offset=306003330683 ns
        ON_TOKENS_RETURNED, offset=306003331371 ns
        ON_TOKENS_CALLED, generate 1 tokens, offset=307096752416 ns
        ON_TOKENS_RETURNED, offset=307096753478 ns
        ON_TOKENS_CALLED, generate 1 tokens, offset=308204599023 ns
        ON_TOKENS_RETURNED, offset=308204600211 ns
        ON_TOKENS_CALLED, generate 1 tokens, offset=309333404853 ns
        ON_TOKENS_RETURNED, offset=309333405922 ns
        ON_TOKENS_CALLED, generate 1 tokens, offset=310472757705 ns
        ON_TOKENS_RETURNED, offset=310472759906 ns
        ON_TOKENS_CALLED, generate 1 tokens, offset=311636739890 ns
        ON_TOKENS_RETURNED, offset=311636743081 ns
        ON_TOKENS_CALLED, generate 1 tokens, offset=312809664388 ns
        ON_TOKENS_RETURNED, offset=312809666027 ns
        ON_TOKENS_CALLED, generate 1 tokens, offset=314015873104 ns
        ON_TOKENS_RETURNED, offset=314015874697 ns
        ON_TOKENS_CALLED, generate 1 tokens, offset=315235228525 ns
        ON_TOKENS_RETURNED, offset=315235230350 ns
        ON_TOKENS_CALLED, generate 1 tokens, offset=316483396501 ns
        ON_TOKENS_RETURNED, offset=316483398742 ns
        ON_TOKENS_CALLED, generate 1 tokens, offset=317718863337 ns
        ON_TOKENS_RETURNED, offset=317718864359 ns
        ON_TOKENS_CALLED, generate 1 tokens, offset=318859974557 ns
        ON_TOKENS_RETURNED, offset=318859975584 ns
        ON_TOKENS_CALLED, generate 1 tokens, offset=320015389542 ns
        ON_TOKENS_RETURNED, offset=320015391293 ns
        ON_TOKENS_CALLED, generate 1 tokens, offset=321192474359 ns
        ON_TOKENS_RETURNED, offset=321192475542 ns
        ON_TOKENS_CALLED, generate 1 tokens, offset=322378656857 ns
        ON_TOKENS_RETURNED, offset=322378659223 ns
        ON_TOKENS_CALLED, generate 1 tokens, offset=323589934730 ns
        ON_TOKENS_RETURNED, offset=323589936484 ns
        ON_TOKENS_CALLED, generate 1 tokens, offset=324807803052 ns
        ON_TOKENS_RETURNED, offset=324807804080 ns
        ON_TOKENS_CALLED, generate 1 tokens, offset=326052298546 ns
        ON_TOKENS_RETURNED, offset=326052299595 ns
        ON_TOKENS_CALLED, generate 1 tokens, offset=327308440529 ns
        ON_TOKENS_RETURNED, offset=327308442043 ns
        ON_TOKENS_CALLED, generate 1 tokens, offset=328591106184 ns
        ON_TOKENS_RETURNED, offset=328591108778 ns
        ON_TOKENS_CALLED, generate 1 tokens, offset=329879363335 ns
        ON_TOKENS_RETURNED, offset=329879364584 ns
        ON_TOKENS_CALLED, generate 1 tokens, offset=331205568839 ns
        ON_TOKENS_RETURNED, offset=331205570098 ns
        ON_TOKENS_CALLED, generate 1 tokens, offset=332381475823 ns
        ON_TOKENS_RETURNED, offset=332381476899 ns
        ON_TOKENS_CALLED, generate 1 tokens, offset=333599736281 ns
        ON_TOKENS_RETURNED, offset=333599738343 ns
        ON_TOKENS_CALLED, generate 1 tokens, offset=334829875633 ns
        ON_TOKENS_RETURNED, offset=334829877597 ns
        ON_TOKENS_CALLED, generate 1 tokens, offset=336080472752 ns
        ON_TOKENS_RETURNED, offset=336080474238 ns
        ON_TOKENS_CALLED, generate 1 tokens, offset=337344904068 ns
        ON_TOKENS_RETURNED, offset=337344904993 ns
        ON_TOKENS_CALLED, generate 1 tokens, offset=338633308731 ns
        ON_TOKENS_RETURNED, offset=338633310424 ns
        ON_TOKENS_CALLED, generate 1 tokens, offset=339928259271 ns
        ON_TOKENS_RETURNED, offset=339928260096 ns
        ON_TOKENS_CALLED, generate 1 tokens, offset=341261027103 ns
        ON_TOKENS_RETURNED, offset=341261028178 ns
        ON_TOKENS_CALLED, generate 1 tokens, offset=342480889298 ns
        ON_TOKENS_RETURNED, offset=342480891302 ns
        ON_TOKENS_CALLED, generate 1 tokens, offset=343690041801 ns
        ON_TOKENS_RETURNED, offset=343690042596 ns
        ON_TOKENS_CALLED, generate 1 tokens, offset=344911264614 ns
        ON_TOKENS_RETURNED, offset=344911265539 ns
        ON_TOKENS_CALLED, generate 1 tokens, offset=346153509381 ns
        ON_TOKENS_RETURNED, offset=346153510597 ns
        ON_TOKENS_CALLED, generate 1 tokens, offset=347417380727 ns
        ON_TOKENS_RETURNED, offset=347417381963 ns
        ON_TOKENS_CALLED, generate 1 tokens, offset=348699418683 ns
        ON_TOKENS_RETURNED, offset=348699466099 ns
        ON_TOKENS_CALLED, generate 1 tokens, offset=349866389446 ns
        ON_TOKENS_RETURNED, offset=349866400561 ns
[15:38:40.044477759|thread 2899264|cpu 263] [info ] [Request 16] Generating 61 response tokens with 8193 context took 70.949342 s at 0.860 average tok/s, or 1163.104 ms/tok
[15:38:40.044502272|thread 2899264|cpu 263] [info ] [Request 16] Request with 8192 tokens in and 64 out (sequence limit) saw 290.127076 s TTFT and 362.048492 s TTLT
[15:38:42.808698379|thread 2901770|cpu 263] [debug] #EVT# HandleDetails::is_anomalous() handle_id=11 time in state STATE_OPENED exceeded threshold: 281968988180 ns
[15:38:42.808725660|thread 2901770|cpu 263] [debug] #EVT#   Handle,    11, Created, 753969409775707, Last, 754323928467246, Prompted,  8191, Generated,    64, Input TPS, 29.05, Output TPS:  0.77, Callbacks,    64, prompt parsing complete, open
[15:38:42.808761301|thread 2901770|cpu 263] [info ] #EVT#   Handle 11 history:
        SESSION_OPEN, prompt 8192 tokens, offset=0 ns
        PROMPT_TOKENS_REUSE, offset=281968986924 ns
        ON_START_CALLED, offset=281968988180 ns
        ON_START_RETURNED, offset=281969041365 ns
        ON_TOKENS_CALLED, generate 1 tokens, offset=281969047158 ns
        ON_TOKENS_RETURNED, offset=281969048885 ns
        ON_TOKENS_CALLED, generate 1 tokens, offset=282928732761 ns
        ON_TOKENS_RETURNED, offset=282928734563 ns
        ON_TOKENS_CALLED, generate 1 tokens, offset=283913946122 ns
        ON_TOKENS_RETURNED, offset=283913947504 ns
        ON_TOKENS_CALLED, generate 1 tokens, offset=284912521559 ns
        ON_TOKENS_RETURNED, offset=284912522236 ns
        ON_TOKENS_CALLED, generate 1 tokens, offset=285927128249 ns
        ON_TOKENS_RETURNED, offset=285927131946 ns
        ON_TOKENS_CALLED, generate 1 tokens, offset=286951562442 ns
        ON_TOKENS_RETURNED, offset=286951563227 ns
        ON_TOKENS_CALLED, generate 1 tokens, offset=287994513191 ns
        ON_TOKENS_RETURNED, offset=287994514769 ns
        ON_TOKENS_CALLED, generate 1 tokens, offset=289053005158 ns
        ON_TOKENS_RETURNED, offset=289053006086 ns
        ON_TOKENS_CALLED, generate 1 tokens, offset=290127128546 ns
        ON_TOKENS_RETURNED, offset=290127132617 ns
        ON_TOKENS_CALLED, generate 1 tokens, offset=291099201394 ns
        ON_TOKENS_RETURNED, offset=291099202822 ns
        ON_TOKENS_CALLED, generate 1 tokens, offset=292099024191 ns
        ON_TOKENS_RETURNED, offset=292099025069 ns
        ON_TOKENS_CALLED, generate 1 tokens, offset=293108863888 ns
        ON_TOKENS_RETURNED, offset=293108864701 ns
        ON_TOKENS_CALLED, generate 1 tokens, offset=294136262612 ns
        ON_TOKENS_RETURNED, offset=294136264445 ns
        ON_TOKENS_CALLED, generate 1 tokens, offset=295171138812 ns
        ON_TOKENS_RETURNED, offset=295171139759 ns
        ON_TOKENS_CALLED, generate 1 tokens, offset=296226770192 ns
        ON_TOKENS_RETURNED, offset=296226772677 ns
        ON_TOKENS_CALLED, generate 1 tokens, offset=297295053653 ns
        ON_TOKENS_RETURNED, offset=297295054753 ns
        ON_TOKENS_CALLED, generate 1 tokens, offset=298362682620 ns
        ON_TOKENS_RETURNED, offset=298362703880 ns
        ON_TOKENS_CALLED, generate 1 tokens, offset=299441824856 ns
        ON_TOKENS_RETURNED, offset=299441826192 ns
        ON_TOKENS_CALLED, generate 1 tokens, offset=300553866841 ns
        ON_TOKENS_RETURNED, offset=300553868022 ns
        ON_TOKENS_CALLED, generate 1 tokens, offset=301680977582 ns
        ON_TOKENS_RETURNED, offset=301680980011 ns
        ON_TOKENS_CALLED, generate 1 tokens, offset=302834198429 ns
        ON_TOKENS_RETURNED, offset=302834201125 ns
        ON_TOKENS_CALLED, generate 1 tokens, offset=303862377362 ns
        ON_TOKENS_RETURNED, offset=303862379110 ns
        ON_TOKENS_CALLED, generate 1 tokens, offset=304928342305 ns
        ON_TOKENS_RETURNED, offset=304928344487 ns
        ON_TOKENS_CALLED, generate 1 tokens, offset=306003314270 ns
        ON_TOKENS_RETURNED, offset=306003315134 ns
        ON_TOKENS_CALLED, generate 1 tokens, offset=307096736489 ns
        ON_TOKENS_RETURNED, offset=307096737448 ns
        ON_TOKENS_CALLED, generate 1 tokens, offset=308204586722 ns
        ON_TOKENS_RETURNED, offset=308204588855 ns
        ON_TOKENS_CALLED, generate 1 tokens, offset=309333382037 ns
        ON_TOKENS_RETURNED, offset=309333383198 ns
        ON_TOKENS_CALLED, generate 1 tokens, offset=310472739233 ns
        ON_TOKENS_RETURNED, offset=310472740905 ns
        ON_TOKENS_CALLED, generate 1 tokens, offset=311636726421 ns
        ON_TOKENS_RETURNED, offset=311636727874 ns
        ON_TOKENS_CALLED, generate 1 tokens, offset=312809646653 ns
        ON_TOKENS_RETURNED, offset=312809647665 ns
        ON_TOKENS_CALLED, generate 1 tokens, offset=314015856088 ns
        ON_TOKENS_RETURNED, offset=314015857642 ns
        ON_TOKENS_CALLED, generate 1 tokens, offset=315235215262 ns
        ON_TOKENS_RETURNED, offset=315235216446 ns
        ON_TOKENS_CALLED, generate 1 tokens, offset=316483376631 ns
        ON_TOKENS_RETURNED, offset=316483378971 ns
        ON_TOKENS_CALLED, generate 1 tokens, offset=317718851170 ns
        ON_TOKENS_RETURNED, offset=317718852441 ns
        ON_TOKENS_CALLED, generate 1 tokens, offset=318859963078 ns
        ON_TOKENS_RETURNED, offset=318859964474 ns
        ON_TOKENS_CALLED, generate 1 tokens, offset=320015364026 ns
        ON_TOKENS_RETURNED, offset=320015365843 ns
        ON_TOKENS_CALLED, generate 1 tokens, offset=321192450404 ns
        ON_TOKENS_RETURNED, offset=321192451423 ns
        ON_TOKENS_CALLED, generate 1 tokens, offset=322378637852 ns
        ON_TOKENS_RETURNED, offset=322378640174 ns
        ON_TOKENS_CALLED, generate 1 tokens, offset=323589915737 ns
        ON_TOKENS_RETURNED, offset=323589916477 ns
        ON_TOKENS_CALLED, generate 1 tokens, offset=324807774301 ns
        ON_TOKENS_RETURNED, offset=324807776008 ns
        ON_TOKENS_CALLED, generate 1 tokens, offset=326052284773 ns
        ON_TOKENS_RETURNED, offset=326052285837 ns
        ON_TOKENS_CALLED, generate 1 tokens, offset=327308421397 ns
        ON_TOKENS_RETURNED, offset=327308423212 ns
        ON_TOKENS_CALLED, generate 1 tokens, offset=328591084933 ns
        ON_TOKENS_RETURNED, offset=328591087110 ns
        ON_TOKENS_CALLED, generate 1 tokens, offset=329879341114 ns
        ON_TOKENS_RETURNED, offset=329879342439 ns
        ON_TOKENS_CALLED, generate 1 tokens, offset=331205550229 ns
        ON_TOKENS_RETURNED, offset=331205553132 ns
        ON_TOKENS_CALLED, generate 1 tokens, offset=332381451650 ns
        ON_TOKENS_RETURNED, offset=332381453033 ns
        ON_TOKENS_CALLED, generate 1 tokens, offset=333599721475 ns
        ON_TOKENS_RETURNED, offset=333599722748 ns
        ON_TOKENS_CALLED, generate 1 tokens, offset=334829857788 ns
        ON_TOKENS_RETURNED, offset=334829859004 ns
        ON_TOKENS_CALLED, generate 1 tokens, offset=336080453073 ns
        ON_TOKENS_RETURNED, offset=336080454153 ns
        ON_TOKENS_CALLED, generate 1 tokens, offset=337344878070 ns
        ON_TOKENS_RETURNED, offset=337344879282 ns
        ON_TOKENS_CALLED, generate 1 tokens, offset=338633287391 ns
        ON_TOKENS_RETURNED, offset=338633289095 ns
        ON_TOKENS_CALLED, generate 1 tokens, offset=339928232146 ns
        ON_TOKENS_RETURNED, offset=339928235011 ns
        ON_TOKENS_CALLED, generate 1 tokens, offset=341261001285 ns
        ON_TOKENS_RETURNED, offset=341261002507 ns
        ON_TOKENS_CALLED, generate 1 tokens, offset=342480870563 ns
        ON_TOKENS_RETURNED, offset=342480872529 ns
        ON_TOKENS_CALLED, generate 1 tokens, offset=343690021687 ns
        ON_TOKENS_RETURNED, offset=343690023730 ns
        ON_TOKENS_CALLED, generate 1 tokens, offset=344911251947 ns
        ON_TOKENS_RETURNED, offset=344911253501 ns
        ON_TOKENS_CALLED, generate 1 tokens, offset=346153493646 ns
        ON_TOKENS_RETURNED, offset=346153494790 ns
        ON_TOKENS_CALLED, generate 1 tokens, offset=347417360651 ns
        ON_TOKENS_RETURNED, offset=347417361779 ns
        ON_TOKENS_CALLED, generate 1 tokens, offset=348699400753 ns
        ON_TOKENS_RETURNED, offset=348699401864 ns
        ON_TOKENS_CALLED, generate 1 tokens, offset=349866371165 ns
        ON_TOKENS_RETURNED, offset=349866372739 ns
        ON_TOKENS_CALLED, generate 1 tokens, offset=351041311271 ns
        ON_TOKENS_RETURNED, offset=351041312558 ns
        ON_TOKENS_CALLED, generate 1 tokens, offset=352220839866 ns
        ON_TOKENS_RETURNED, offset=352220841700 ns
        ON_TOKENS_CALLED, generate 1 tokens, offset=353428599006 ns
        ON_TOKENS_RETURNED, offset=353428643521 ns
        ON_TOKENS_CALLED, generate 1 tokens, offset=354518686225 ns
        ON_TOKENS_RETURNED, offset=354518691539 ns
[15:38:42.808783207|thread 2901770|cpu 263] [debug] #EVT# HandleDetails::is_anomalous() handle_id=10 time in state STATE_OPENED exceeded threshold: 281968995823 ns
[15:38:42.808785679|thread 2901770|cpu 263] [debug] #EVT#   Handle,    10, Created, 753969409765012, Last, 754323928467012, Prompted,  8192, Generated,    64, Input TPS, 29.05, Output TPS:  0.77, Callbacks,    64, prompt parsing complete, open
[15:38:42.808801805|thread 2901770|cpu 263] [info ] #EVT#   Handle 10 history:
        SESSION_OPEN, prompt 8192 tokens, offset=0 ns
        PROMPT_TOKENS_REUSE, offset=281968994292 ns
        ON_START_CALLED, offset=281968995823 ns
        ON_START_RETURNED, offset=281969021771 ns
        ON_TOKENS_CALLED, generate 1 tokens, offset=281969025490 ns
        ON_TOKENS_RETURNED, offset=281969026295 ns
        ON_TOKENS_CALLED, generate 1 tokens, offset=282928743164 ns
        ON_TOKENS_RETURNED, offset=282928746092 ns
        ON_TOKENS_CALLED, generate 1 tokens, offset=283913955773 ns
        ON_TOKENS_RETURNED, offset=283913958672 ns
        ON_TOKENS_CALLED, generate 1 tokens, offset=284912530890 ns
        ON_TOKENS_RETURNED, offset=284912531726 ns
        ON_TOKENS_CALLED, generate 1 tokens, offset=285927136185 ns
        ON_TOKENS_RETURNED, offset=285927140704 ns
        ON_TOKENS_CALLED, generate 1 tokens, offset=286951573385 ns
        ON_TOKENS_RETURNED, offset=286951574880 ns
        ON_TOKENS_CALLED, generate 1 tokens, offset=287994531557 ns
        ON_TOKENS_RETURNED, offset=287994532470 ns
        ON_TOKENS_CALLED, generate 1 tokens, offset=289053011624 ns
        ON_TOKENS_RETURNED, offset=289053013387 ns
        ON_TOKENS_CALLED, generate 1 tokens, offset=290127139019 ns
        ON_TOKENS_RETURNED, offset=290127143461 ns
        ON_TOKENS_CALLED, generate 1 tokens, offset=291099209054 ns
        ON_TOKENS_RETURNED, offset=291099209890 ns
        ON_TOKENS_CALLED, generate 1 tokens, offset=292099034946 ns
        ON_TOKENS_RETURNED, offset=292099037040 ns
        ON_TOKENS_CALLED, generate 1 tokens, offset=293108874304 ns
        ON_TOKENS_RETURNED, offset=293108875697 ns
        ON_TOKENS_CALLED, generate 1 tokens, offset=294136280780 ns
        ON_TOKENS_RETURNED, offset=294136281781 ns
        ON_TOKENS_CALLED, generate 1 tokens, offset=295171143868 ns
        ON_TOKENS_RETURNED, offset=295171144747 ns
        ON_TOKENS_CALLED, generate 1 tokens, offset=296226781669 ns
        ON_TOKENS_RETURNED, offset=296226783776 ns
        ON_TOKENS_CALLED, generate 1 tokens, offset=297295058892 ns
        ON_TOKENS_RETURNED, offset=297295060271 ns
        ON_TOKENS_CALLED, generate 1 tokens, offset=298362696551 ns
        ON_TOKENS_RETURNED, offset=298362700212 ns
        ON_TOKENS_CALLED, generate 1 tokens, offset=299441830843 ns
        ON_TOKENS_RETURNED, offset=299441831997 ns
        ON_TOKENS_CALLED, generate 1 tokens, offset=300553872735 ns
        ON_TOKENS_RETURNED, offset=300553874958 ns
        ON_TOKENS_CALLED, generate 1 tokens, offset=301680988469 ns
        ON_TOKENS_RETURNED, offset=301680990365 ns
        ON_TOKENS_CALLED, generate 1 tokens, offset=302834207743 ns
        ON_TOKENS_RETURNED, offset=302834208896 ns
        ON_TOKENS_CALLED, generate 1 tokens, offset=303862389057 ns
        ON_TOKENS_RETURNED, offset=303862390219 ns
        ON_TOKENS_CALLED, generate 1 tokens, offset=304928350580 ns
        ON_TOKENS_RETURNED, offset=304928351552 ns
        ON_TOKENS_CALLED, generate 1 tokens, offset=306003320267 ns
        ON_TOKENS_RETURNED, offset=306003321202 ns
        ON_TOKENS_CALLED, generate 1 tokens, offset=307096738264 ns
        ON_TOKENS_RETURNED, offset=307096739424 ns
        ON_TOKENS_CALLED, generate 1 tokens, offset=308204596831 ns
        ON_TOKENS_RETURNED, offset=308204597711 ns
        ON_TOKENS_CALLED, generate 1 tokens, offset=309333390762 ns
        ON_TOKENS_RETURNED, offset=309333391754 ns
        ON_TOKENS_CALLED, generate 1 tokens, offset=310472748708 ns
        ON_TOKENS_RETURNED, offset=310472751245 ns
        ON_TOKENS_CALLED, generate 1 tokens, offset=311636731145 ns
        ON_TOKENS_RETURNED, offset=311636732186 ns
        ON_TOKENS_CALLED, generate 1 tokens, offset=312809655082 ns
        ON_TOKENS_RETURNED, offset=312809655811 ns
        ON_TOKENS_CALLED, generate 1 tokens, offset=314015864264 ns
        ON_TOKENS_RETURNED, offset=314015866523 ns
        ON_TOKENS_CALLED, generate 1 tokens, offset=315235223841 ns
        ON_TOKENS_RETURNED, offset=315235226167 ns
        ON_TOKENS_CALLED, generate 1 tokens, offset=316483385349 ns
        ON_TOKENS_RETURNED, offset=316483389604 ns
        ON_TOKENS_CALLED, generate 1 tokens, offset=317718855739 ns
        ON_TOKENS_RETURNED, offset=317718856822 ns
        ON_TOKENS_CALLED, generate 1 tokens, offset=318859965588 ns
        ON_TOKENS_RETURNED, offset=318859966649 ns
        ON_TOKENS_CALLED, generate 1 tokens, offset=320015375864 ns
        ON_TOKENS_RETURNED, offset=320015376874 ns
        ON_TOKENS_CALLED, generate 1 tokens, offset=321192459255 ns
        ON_TOKENS_RETURNED, offset=321192460959 ns
        ON_TOKENS_CALLED, generate 1 tokens, offset=322378651410 ns
        ON_TOKENS_RETURNED, offset=322378654114 ns
        ON_TOKENS_CALLED, generate 1 tokens, offset=323589925001 ns
        ON_TOKENS_RETURNED, offset=323589926355 ns
        ON_TOKENS_CALLED, generate 1 tokens, offset=324807786135 ns
        ON_TOKENS_RETURNED, offset=324807787564 ns
        ON_TOKENS_CALLED, generate 1 tokens, offset=326052294323 ns
        ON_TOKENS_RETURNED, offset=326052295533 ns
        ON_TOKENS_CALLED, generate 1 tokens, offset=327308433781 ns
        ON_TOKENS_RETURNED, offset=327308435129 ns
        ON_TOKENS_CALLED, generate 1 tokens, offset=328591093060 ns
        ON_TOKENS_RETURNED, offset=328591095447 ns
        ON_TOKENS_CALLED, generate 1 tokens, offset=329879355074 ns
        ON_TOKENS_RETURNED, offset=329879356072 ns
        ON_TOKENS_CALLED, generate 1 tokens, offset=331205559163 ns
        ON_TOKENS_RETURNED, offset=331205561719 ns
        ON_TOKENS_CALLED, generate 1 tokens, offset=332381464691 ns
        ON_TOKENS_RETURNED, offset=332381466048 ns
        ON_TOKENS_CALLED, generate 1 tokens, offset=333599723506 ns
        ON_TOKENS_RETURNED, offset=333599726277 ns
        ON_TOKENS_CALLED, generate 1 tokens, offset=334829863259 ns
        ON_TOKENS_RETURNED, offset=334829864767 ns
        ON_TOKENS_CALLED, generate 1 tokens, offset=336080472099 ns
        ON_TOKENS_RETURNED, offset=336080473360 ns
        ON_TOKENS_CALLED, generate 1 tokens, offset=337344892300 ns
        ON_TOKENS_RETURNED, offset=337344893929 ns
        ON_TOKENS_CALLED, generate 1 tokens, offset=338633296179 ns
        ON_TOKENS_RETURNED, offset=338633298296 ns
        ON_TOKENS_CALLED, generate 1 tokens, offset=339928252089 ns
        ON_TOKENS_RETURNED, offset=339928253799 ns
        ON_TOKENS_CALLED, generate 1 tokens, offset=341261008586 ns
        ON_TOKENS_RETURNED, offset=341261009969 ns
        ON_TOKENS_CALLED, generate 1 tokens, offset=342480879558 ns
        ON_TOKENS_RETURNED, offset=342480882671 ns
        ON_TOKENS_CALLED, generate 1 tokens, offset=343690033340 ns
        ON_TOKENS_RETURNED, offset=343690034732 ns
        ON_TOKENS_CALLED, generate 1 tokens, offset=344911256239 ns
        ON_TOKENS_RETURNED, offset=344911257323 ns
        ON_TOKENS_CALLED, generate 1 tokens, offset=346153513816 ns
        ON_TOKENS_RETURNED, offset=346153515436 ns
        ON_TOKENS_CALLED, generate 1 tokens, offset=347417369316 ns
        ON_TOKENS_RETURNED, offset=347417371007 ns
        ON_TOKENS_CALLED, generate 1 tokens, offset=348699412400 ns
        ON_TOKENS_RETURNED, offset=348699414121 ns
        ON_TOKENS_CALLED, generate 1 tokens, offset=349866378169 ns
        ON_TOKENS_RETURNED, offset=349866380229 ns
        ON_TOKENS_CALLED, generate 1 tokens, offset=351041319877 ns
        ON_TOKENS_RETURNED, offset=351041321880 ns
        ON_TOKENS_CALLED, generate 1 tokens, offset=352220848541 ns
        ON_TOKENS_RETURNED, offset=352220849926 ns
        ON_TOKENS_CALLED, generate 1 tokens, offset=353428603351 ns
        ON_TOKENS_RETURNED, offset=353428669939 ns
        ON_TOKENS_CALLED, generate 1 tokens, offset=354518691736 ns
        ON_TOKENS_RETURNED, offset=354518702000 ns
[15:38:45.391096031|thread 2901769|cpu 263] [info ] KV cache footprint: 54.98 GB in 253 books
[15:38:46.518705984|thread 2899271|cpu 263] [info ] [Request 38] Parsing the prompt took 368.522437271 s at 22.229311356626724 tokens/s
[15:38:51.259183969|thread 2901770|cpu 263] [debug] #EVT# HandleDetails::is_anomalous() handle_id=16 time in state STATE_OPENED exceeded threshold: 290127070007 ns
[15:38:51.259222287|thread 2901770|cpu 263] [debug] #EVT#   Handle,    16, Created, 753969409833757, Last, 754332507158842, Prompted,  8191, Generated,    64, Input TPS, 28.24, Output TPS:  0.77, Callbacks,    64, prompt parsing complete, open
[15:38:51.259254046|thread 2901770|cpu 263] [info ] #EVT#   Handle 16 history:
        SESSION_OPEN, prompt 8192 tokens, offset=0 ns
        PROMPT_TOKENS_REUSE, offset=290127068539 ns
        ON_START_CALLED, offset=290127070007 ns
        ON_START_RETURNED, offset=290127098910 ns
        ON_TOKENS_CALLED, generate 1 tokens, offset=290127103866 ns
        ON_TOKENS_RETURNED, offset=290127105660 ns
        ON_TOKENS_CALLED, generate 1 tokens, offset=291099143893 ns
        ON_TOKENS_RETURNED, offset=291099146426 ns
        ON_TOKENS_CALLED, generate 1 tokens, offset=292098970249 ns
        ON_TOKENS_RETURNED, offset=292098972608 ns
        ON_TOKENS_CALLED, generate 1 tokens, offset=293108808100 ns
        ON_TOKENS_RETURNED, offset=293108808750 ns
        ON_TOKENS_CALLED, generate 1 tokens, offset=294136205882 ns
        ON_TOKENS_RETURNED, offset=294136206964 ns
        ON_TOKENS_CALLED, generate 1 tokens, offset=295171084315 ns
        ON_TOKENS_RETURNED, offset=295171085347 ns
        ON_TOKENS_CALLED, generate 1 tokens, offset=296226713127 ns
        ON_TOKENS_RETURNED, offset=296226714477 ns
        ON_TOKENS_CALLED, generate 1 tokens, offset=297294990313 ns
        ON_TOKENS_RETURNED, offset=297294992079 ns
        ON_TOKENS_CALLED, generate 1 tokens, offset=298362622949 ns
        ON_TOKENS_RETURNED, offset=298362625411 ns
        ON_TOKENS_CALLED, generate 1 tokens, offset=299441766651 ns
        ON_TOKENS_RETURNED, offset=299441768734 ns
        ON_TOKENS_CALLED, generate 1 tokens, offset=300553806527 ns
        ON_TOKENS_RETURNED, offset=300553807822 ns
        ON_TOKENS_CALLED, generate 1 tokens, offset=301680918332 ns
        ON_TOKENS_RETURNED, offset=301680919154 ns
        ON_TOKENS_CALLED, generate 1 tokens, offset=302834142028 ns
        ON_TOKENS_RETURNED, offset=302834142790 ns
        ON_TOKENS_CALLED, generate 1 tokens, offset=303862320712 ns
        ON_TOKENS_RETURNED, offset=303862321787 ns
        ON_TOKENS_CALLED, generate 1 tokens, offset=304928287741 ns
        ON_TOKENS_RETURNED, offset=304928289107 ns
        ON_TOKENS_CALLED, generate 1 tokens, offset=306003260097 ns
        ON_TOKENS_RETURNED, offset=306003260812 ns
        ON_TOKENS_CALLED, generate 1 tokens, offset=307096672088 ns
        ON_TOKENS_RETURNED, offset=307096675215 ns
        ON_TOKENS_CALLED, generate 1 tokens, offset=308204523148 ns
        ON_TOKENS_RETURNED, offset=308204524371 ns
        ON_TOKENS_CALLED, generate 1 tokens, offset=309333326088 ns
        ON_TOKENS_RETURNED, offset=309333327001 ns
        ON_TOKENS_CALLED, generate 1 tokens, offset=310472691596 ns
        ON_TOKENS_RETURNED, offset=310472692806 ns
        ON_TOKENS_CALLED, generate 1 tokens, offset=311636674353 ns
        ON_TOKENS_RETURNED, offset=311636675497 ns
        ON_TOKENS_CALLED, generate 1 tokens, offset=312809590285 ns
        ON_TOKENS_RETURNED, offset=312809591422 ns
        ON_TOKENS_CALLED, generate 1 tokens, offset=314015798572 ns
        ON_TOKENS_RETURNED, offset=314015799713 ns
        ON_TOKENS_CALLED, generate 1 tokens, offset=315235152074 ns
        ON_TOKENS_RETURNED, offset=315235153211 ns
        ON_TOKENS_CALLED, generate 1 tokens, offset=316483325206 ns
        ON_TOKENS_RETURNED, offset=316483326037 ns
        ON_TOKENS_CALLED, generate 1 tokens, offset=317718792475 ns
        ON_TOKENS_RETURNED, offset=317718793542 ns
        ON_TOKENS_CALLED, generate 1 tokens, offset=318859896216 ns
        ON_TOKENS_RETURNED, offset=318859897500 ns
        ON_TOKENS_CALLED, generate 1 tokens, offset=320015309134 ns
        ON_TOKENS_RETURNED, offset=320015310158 ns
        ON_TOKENS_CALLED, generate 1 tokens, offset=321192395601 ns
        ON_TOKENS_RETURNED, offset=321192396647 ns
        ON_TOKENS_CALLED, generate 1 tokens, offset=322378586048 ns
        ON_TOKENS_RETURNED, offset=322378587216 ns
        ON_TOKENS_CALLED, generate 1 tokens, offset=323589858824 ns
        ON_TOKENS_RETURNED, offset=323589860442 ns
        ON_TOKENS_CALLED, generate 1 tokens, offset=324807720041 ns
        ON_TOKENS_RETURNED, offset=324807722152 ns
        ON_TOKENS_CALLED, generate 1 tokens, offset=326052227509 ns
        ON_TOKENS_RETURNED, offset=326052230297 ns
        ON_TOKENS_CALLED, generate 1 tokens, offset=327308364753 ns
        ON_TOKENS_RETURNED, offset=327308366323 ns
        ON_TOKENS_CALLED, generate 1 tokens, offset=328591028452 ns
        ON_TOKENS_RETURNED, offset=328591029443 ns
        ON_TOKENS_CALLED, generate 1 tokens, offset=329879284097 ns
        ON_TOKENS_RETURNED, offset=329879285359 ns
        ON_TOKENS_CALLED, generate 1 tokens, offset=331205494443 ns
        ON_TOKENS_RETURNED, offset=331205496745 ns
        ON_TOKENS_CALLED, generate 1 tokens, offset=332381396179 ns
        ON_TOKENS_RETURNED, offset=332381397134 ns
        ON_TOKENS_CALLED, generate 1 tokens, offset=333599659814 ns
        ON_TOKENS_RETURNED, offset=333599662063 ns
        ON_TOKENS_CALLED, generate 1 tokens, offset=334829801099 ns
        ON_TOKENS_RETURNED, offset=334829802171 ns
        ON_TOKENS_CALLED, generate 1 tokens, offset=336080401248 ns
        ON_TOKENS_RETURNED, offset=336080402751 ns
        ON_TOKENS_CALLED, generate 1 tokens, offset=337344824853 ns
        ON_TOKENS_RETURNED, offset=337344825957 ns
        ON_TOKENS_CALLED, generate 1 tokens, offset=338633237217 ns
        ON_TOKENS_RETURNED, offset=338633239725 ns
        ON_TOKENS_CALLED, generate 1 tokens, offset=339928178338 ns
        ON_TOKENS_RETURNED, offset=339928180444 ns
        ON_TOKENS_CALLED, generate 1 tokens, offset=341260944691 ns
        ON_TOKENS_RETURNED, offset=341260946121 ns
        ON_TOKENS_CALLED, generate 1 tokens, offset=342480815176 ns
        ON_TOKENS_RETURNED, offset=342480816036 ns
        ON_TOKENS_CALLED, generate 1 tokens, offset=343689969688 ns
        ON_TOKENS_RETURNED, offset=343689970927 ns
        ON_TOKENS_CALLED, generate 1 tokens, offset=344911197996 ns
        ON_TOKENS_RETURNED, offset=344911199196 ns
        ON_TOKENS_CALLED, generate 1 tokens, offset=346153437939 ns
        ON_TOKENS_RETURNED, offset=346153439042 ns
        ON_TOKENS_CALLED, generate 1 tokens, offset=347417303196 ns
        ON_TOKENS_RETURNED, offset=347417305276 ns
        ON_TOKENS_CALLED, generate 1 tokens, offset=348699342831 ns
        ON_TOKENS_RETURNED, offset=348699344575 ns
        ON_TOKENS_CALLED, generate 1 tokens, offset=349866312245 ns
        ON_TOKENS_RETURNED, offset=349866314947 ns
        ON_TOKENS_CALLED, generate 1 tokens, offset=351041253523 ns
        ON_TOKENS_RETURNED, offset=351041255207 ns
        ON_TOKENS_CALLED, generate 1 tokens, offset=352220783841 ns
        ON_TOKENS_RETURNED, offset=352220784539 ns
        ON_TOKENS_CALLED, generate 1 tokens, offset=353428537493 ns
        ON_TOKENS_RETURNED, offset=353428539836 ns
        ON_TOKENS_CALLED, generate 1 tokens, offset=354518632341 ns
        ON_TOKENS_RETURNED, offset=354518635010 ns
        ON_TOKENS_CALLED, generate 1 tokens, offset=355569385418 ns
        ON_TOKENS_RETURNED, offset=355569388119 ns
        ON_TOKENS_CALLED, generate 1 tokens, offset=356646750452 ns
        ON_TOKENS_RETURNED, offset=356646753282 ns
        ON_TOKENS_CALLED, generate 1 tokens, offset=357738113058 ns
        ON_TOKENS_RETURNED, offset=357738115322 ns
        ON_TOKENS_CALLED, generate 1 tokens, offset=358840457602 ns
        ON_TOKENS_RETURNED, offset=358840458698 ns
        ON_TOKENS_CALLED, generate 1 tokens, offset=359969845173 ns
        ON_TOKENS_RETURNED, offset=359969846460 ns
        ON_TOKENS_CALLED, generate 1 tokens, offset=360999050836 ns
        ON_TOKENS_RETURNED, offset=360999052274 ns
        ON_TOKENS_CALLED, generate 1 tokens, offset=362048484852 ns
        ON_TOKENS_RETURNED, offset=362048519610 ns
        ON_TOKENS_CALLED, generate 1 tokens, offset=363097318495 ns
        ON_TOKENS_RETURNED, offset=363097325085 ns
[15:38:51.788925801|thread 2901769|cpu 263] [info ] KV cache footprint: 56.07 GB in 258 books
[15:38:52.898541154|thread 2899264|cpu 263] [info ] [Request 18] Generating 61 response tokens with 8193 context took 71.040226 s at 0.859 average tok/s, or 1164.594 ms/tok
[15:38:52.898563281|thread 2899264|cpu 263] [info ] [Request 18] Request with 8192 tokens in and 64 out (sequence limit) saw 302.834130 s TTFT and 374.902534 s TTLT
[15:38:57.419924909|thread 2899271|cpu 263] [info ] [Request 40] Parsing the prompt took 379.423632065 s at 21.590642510629408 tokens/s
[15:39:02.773405118|thread 2901769|cpu 263] [info ] KV cache footprint: 57.17 GB in 263 books
[15:39:04.216288733|thread 2901770|cpu 263] [debug] #EVT# HandleDetails::is_anomalous() handle_id=18 time in state STATE_OPENED exceeded threshold: 302834124688 ns
[15:39:04.216311304|thread 2901770|cpu 263] [debug] #EVT#   Handle,    18, Created, 753969409856122, Last, 754345430645151, Prompted,  8191, Generated,    64, Input TPS, 27.05, Output TPS:  0.77, Callbacks,    64, prompt parsing complete, open
[15:39:04.216337203|thread 2901770|cpu 263] [info ] #EVT#   Handle 18 history:
        SESSION_OPEN, prompt 8192 tokens, offset=0 ns
        PROMPT_TOKENS_REUSE, offset=302834123712 ns
        ON_START_CALLED, offset=302834124688 ns
        ON_START_RETURNED, offset=302834157969 ns
        ON_TOKENS_CALLED, generate 1 tokens, offset=302834161963 ns
        ON_TOKENS_RETURNED, offset=302834163266 ns
        ON_TOKENS_CALLED, generate 1 tokens, offset=303862300113 ns
        ON_TOKENS_RETURNED, offset=303862302884 ns
        ON_TOKENS_CALLED, generate 1 tokens, offset=304928264713 ns
        ON_TOKENS_RETURNED, offset=304928268339 ns
        ON_TOKENS_CALLED, generate 1 tokens, offset=306003232251 ns
        ON_TOKENS_RETURNED, offset=306003233290 ns
        ON_TOKENS_CALLED, generate 1 tokens, offset=307096656033 ns
        ON_TOKENS_RETURNED, offset=307096659208 ns
        ON_TOKENS_CALLED, generate 1 tokens, offset=308204502613 ns
        ON_TOKENS_RETURNED, offset=308204505267 ns
        ON_TOKENS_CALLED, generate 1 tokens, offset=309333298252 ns
        ON_TOKENS_RETURNED, offset=309333299312 ns
        ON_TOKENS_CALLED, generate 1 tokens, offset=310472664205 ns
        ON_TOKENS_RETURNED, offset=310472665180 ns
        ON_TOKENS_CALLED, generate 1 tokens, offset=311636647869 ns
        ON_TOKENS_RETURNED, offset=311636652689 ns
        ON_TOKENS_CALLED, generate 1 tokens, offset=312809568820 ns
        ON_TOKENS_RETURNED, offset=312809570281 ns
        ON_TOKENS_CALLED, generate 1 tokens, offset=314015778346 ns
        ON_TOKENS_RETURNED, offset=314015780299 ns
        ON_TOKENS_CALLED, generate 1 tokens, offset=315235135596 ns
        ON_TOKENS_RETURNED, offset=315235136759 ns
        ON_TOKENS_CALLED, generate 1 tokens, offset=316483299818 ns
        ON_TOKENS_RETURNED, offset=316483302970 ns
        ON_TOKENS_CALLED, generate 1 tokens, offset=317718771462 ns
        ON_TOKENS_RETURNED, offset=317718773304 ns
        ON_TOKENS_CALLED, generate 1 tokens, offset=318859876578 ns
        ON_TOKENS_RETURNED, offset=318859877716 ns
        ON_TOKENS_CALLED, generate 1 tokens, offset=320015287729 ns
        ON_TOKENS_RETURNED, offset=320015289764 ns
        ON_TOKENS_CALLED, generate 1 tokens, offset=321192374696 ns
        ON_TOKENS_RETURNED, offset=321192376641 ns
        ON_TOKENS_CALLED, generate 1 tokens, offset=322378561043 ns
        ON_TOKENS_RETURNED, offset=322378562428 ns
        ON_TOKENS_CALLED, generate 1 tokens, offset=323589837080 ns
        ON_TOKENS_RETURNED, offset=323589838732 ns
        ON_TOKENS_CALLED, generate 1 tokens, offset=324807699946 ns
        ON_TOKENS_RETURNED, offset=324807700504 ns
        ON_TOKENS_CALLED, generate 1 tokens, offset=326052208414 ns
        ON_TOKENS_RETURNED, offset=326052209438 ns
        ON_TOKENS_CALLED, generate 1 tokens, offset=327308344524 ns
        ON_TOKENS_RETURNED, offset=327308346237 ns
        ON_TOKENS_CALLED, generate 1 tokens, offset=328591007140 ns
        ON_TOKENS_RETURNED, offset=328591009234 ns
        ON_TOKENS_CALLED, generate 1 tokens, offset=329879262324 ns
        ON_TOKENS_RETURNED, offset=329879263241 ns
        ON_TOKENS_CALLED, generate 1 tokens, offset=331205472373 ns
        ON_TOKENS_RETURNED, offset=331205473841 ns
        ON_TOKENS_CALLED, generate 1 tokens, offset=332381375121 ns
        ON_TOKENS_RETURNED, offset=332381376903 ns
        ON_TOKENS_CALLED, generate 1 tokens, offset=333599646260 ns
        ON_TOKENS_RETURNED, offset=333599647299 ns
        ON_TOKENS_CALLED, generate 1 tokens, offset=334829781419 ns
        ON_TOKENS_RETURNED, offset=334829782414 ns
        ON_TOKENS_CALLED, generate 1 tokens, offset=336080375987 ns
        ON_TOKENS_RETURNED, offset=336080378042 ns
        ON_TOKENS_CALLED, generate 1 tokens, offset=337344805192 ns
        ON_TOKENS_RETURNED, offset=337344806038 ns
        ON_TOKENS_CALLED, generate 1 tokens, offset=338633215839 ns
        ON_TOKENS_RETURNED, offset=338633216855 ns
        ON_TOKENS_CALLED, generate 1 tokens, offset=339928172234 ns
        ON_TOKENS_RETURNED, offset=339928172980 ns
        ON_TOKENS_CALLED, generate 1 tokens, offset=341260920605 ns
        ON_TOKENS_RETURNED, offset=341260924059 ns
        ON_TOKENS_CALLED, generate 1 tokens, offset=342480793178 ns
        ON_TOKENS_RETURNED, offset=342480794744 ns
        ON_TOKENS_CALLED, generate 1 tokens, offset=343689954209 ns
        ON_TOKENS_RETURNED, offset=343689956222 ns
        ON_TOKENS_CALLED, generate 1 tokens, offset=344911169759 ns
        ON_TOKENS_RETURNED, offset=344911171425 ns
        ON_TOKENS_CALLED, generate 1 tokens, offset=346153417916 ns
        ON_TOKENS_RETURNED, offset=346153418599 ns
        ON_TOKENS_CALLED, generate 1 tokens, offset=347417282810 ns
        ON_TOKENS_RETURNED, offset=347417283899 ns
        ON_TOKENS_CALLED, generate 1 tokens, offset=348699323575 ns
        ON_TOKENS_RETURNED, offset=348699325213 ns
        ON_TOKENS_CALLED, generate 1 tokens, offset=349866293392 ns
        ON_TOKENS_RETURNED, offset=349866295004 ns
        ON_TOKENS_CALLED, generate 1 tokens, offset=351041228833 ns
        ON_TOKENS_RETURNED, offset=351041231798 ns
        ON_TOKENS_CALLED, generate 1 tokens, offset=352220765885 ns
        ON_TOKENS_RETURNED, offset=352220767382 ns
        ON_TOKENS_CALLED, generate 1 tokens, offset=353428522116 ns
        ON_TOKENS_RETURNED, offset=353428523830 ns
        ON_TOKENS_CALLED, generate 1 tokens, offset=354518605046 ns
        ON_TOKENS_RETURNED, offset=354518607163 ns
        ON_TOKENS_CALLED, generate 1 tokens, offset=355569364287 ns
        ON_TOKENS_RETURNED, offset=355569365249 ns
        ON_TOKENS_CALLED, generate 1 tokens, offset=356646730745 ns
        ON_TOKENS_RETURNED, offset=356646732806 ns
        ON_TOKENS_CALLED, generate 1 tokens, offset=357738107436 ns
        ON_TOKENS_RETURNED, offset=357738108202 ns
        ON_TOKENS_CALLED, generate 1 tokens, offset=358840437096 ns
        ON_TOKENS_RETURNED, offset=358840438041 ns
        ON_TOKENS_CALLED, generate 1 tokens, offset=359969815405 ns
        ON_TOKENS_RETURNED, offset=359969817785 ns
        ON_TOKENS_CALLED, generate 1 tokens, offset=360999031256 ns
        ON_TOKENS_RETURNED, offset=360999032314 ns
        ON_TOKENS_CALLED, generate 1 tokens, offset=362048455816 ns
        ON_TOKENS_RETURNED, offset=362048458216 ns
        ON_TOKENS_CALLED, generate 1 tokens, offset=363097296763 ns
        ON_TOKENS_RETURNED, offset=363097297770 ns
        ON_TOKENS_CALLED, generate 1 tokens, offset=364151110305 ns
        ON_TOKENS_RETURNED, offset=364151111681 ns
        ON_TOKENS_CALLED, generate 1 tokens, offset=365213317110 ns
        ON_TOKENS_RETURNED, offset=365213319241 ns
        ON_TOKENS_CALLED, generate 1 tokens, offset=366302537310 ns
        ON_TOKENS_RETURNED, offset=366302538547 ns
        ON_TOKENS_CALLED, generate 1 tokens, offset=367394782899 ns
        ON_TOKENS_RETURNED, offset=367394783956 ns
        ON_TOKENS_CALLED, generate 1 tokens, offset=368522686045 ns
        ON_TOKENS_RETURNED, offset=368522688223 ns
        ON_TOKENS_CALLED, generate 1 tokens, offset=369534188468 ns
        ON_TOKENS_RETURNED, offset=369534189625 ns
        ON_TOKENS_CALLED, generate 1 tokens, offset=370579446693 ns
        ON_TOKENS_RETURNED, offset=370579450180 ns
        ON_TOKENS_CALLED, generate 1 tokens, offset=371633654570 ns
        ON_TOKENS_RETURNED, offset=371633656899 ns
        ON_TOKENS_CALLED, generate 1 tokens, offset=372711802131 ns
        ON_TOKENS_RETURNED, offset=372711805220 ns
        ON_TOKENS_CALLED, generate 1 tokens, offset=373792657821 ns
        ON_TOKENS_RETURNED, offset=373792659244 ns
        ON_TOKENS_CALLED, generate 1 tokens, offset=374902524816 ns
        ON_TOKENS_RETURNED, offset=374902557904 ns
        ON_TOKENS_CALLED, generate 1 tokens, offset=376020784009 ns
        ON_TOKENS_RETURNED, offset=376020789029 ns
[15:39:07.380818308|thread 2899264|cpu 263] [info ] [Request 22] Generating 61 response tokens with 8193 context took 70.524925 s at 0.865 average tok/s, or 1156.146 ms/tok
[15:39:07.380838044|thread 2899264|cpu 263] [info ] [Request 22] Request with 8192 tokens in and 64 out (sequence limit) saw 317.718730 s TTFT and 389.384766 s TTLT
[15:39:09.770990854|thread 2899271|cpu 263] [info ] [Request 13] Parsing the prompt took 391.775043562 s at 20.909958749589375 tokens/s
[15:39:11.962817419|thread 2901769|cpu 263] [info ] KV cache footprint: 58.27 GB in 268 books
[15:39:18.931766826|thread 2901769|cpu 263] [info ] KV cache footprint: 59.37 GB in 273 books
[15:39:20.191718648|thread 2899264|cpu 263] [info ] [Request 25] Generating 61 response tokens with 8193 context took 69.814321 s at 0.874 average tok/s, or 1144.497 ms/tok
[15:39:20.191744698|thread 2899264|cpu 263] [info ] [Request 25] Request with 8192 tokens in and 64 out (sequence limit) saw 331.205407 s TTFT and 402.195629 s TTLT
[15:39:21.398989966|thread 2899273|cpu 263] [info ] [Request 17] Parsing the prompt took 403.402995745 s at 20.307236402325444 tokens/s
[15:39:29.381086956|thread 2899264|cpu 263] [info ] [Request 27] Generating 61 response tokens with 8193 context took 68.904268 s at 0.885 average tok/s, or 1129.578 ms/tok
[15:39:29.381118255|thread 2899264|cpu 263] [info ] [Request 27] Request with 8192 tokens in and 64 out (sequence limit) saw 341.260824 s TTFT and 411.384971 s TTLT
[15:39:29.381271711|thread 2901769|cpu 263] [info ] KV cache footprint: 60.47 GB in 278 books
[15:39:30.589503055|thread 2899273|cpu 263] [info ] [Request 24] Parsing the prompt took 412.593427333 s at 19.85489699376214 tokens/s
[15:39:35.751546762|thread 2899264|cpu 263] [info ] [Request 35] Generating 61 response tokens with 8193 context took 67.889233 s at 0.899 average tok/s, or 1112.938 ms/tok
[15:39:35.751576729|thread 2899264|cpu 263] [info ] [Request 35] Request with 8192 tokens in and 64 out (sequence limit) saw 348.699107 s TTFT and 417.755315 s TTLT
[15:39:36.827990482|thread 2899273|cpu 263] [info ] [Request 48] Parsing the prompt took 418.831507544 s at 19.55917798075255 tokens/s
[15:39:38.596416183|thread 2901769|cpu 263] [info ] KV cache footprint: 61.57 GB in 283 books
[15:39:39.496813119|thread 2899264|cpu 263] [info ] [Request 31] Generating 61 response tokens with 8193 context took 66.982182 s at 0.911 average tok/s, or 1098.069 ms/tok
[15:39:39.496835602|thread 2899264|cpu 263] [info ] [Request 31] Request with 8192 tokens in and 64 out (sequence limit) saw 353.428364 s TTFT and 421.500641 s TTLT
[15:39:42.220557513|thread 2899271|cpu 263] [info ] [Request 30] Parsing the prompt took 424.224407854 s at 19.310534350063463 tokens/s
[15:39:44.449862598|thread 2899264|cpu 263] [info ] [Request 37] Generating 61 response tokens with 8193 context took 65.454808 s at 0.932 average tok/s, or 1073.030 ms/tok
[15:39:44.449882570|thread 2899264|cpu 263] [info ] [Request 37] Request with 8192 tokens in and 64 out (sequence limit) saw 359.969581 s TTFT and 426.453608 s TTLT
[15:39:46.710600963|thread 2899271|cpu 263] [info ] [Request 39] Parsing the prompt took 428.714320586 s at 19.108295679982277 tokens/s
[15:39:49.659088541|thread 2899264|cpu 263] [info ] [Request 38] Generating 61 response tokens with 8193 context took 62.128874 s at 0.982 average tok/s, or 1018.506 ms/tok
[15:39:49.659107831|thread 2899264|cpu 263] [info ] [Request 38] Request with 8192 tokens in and 64 out (sequence limit) saw 368.522437 s TTFT and 431.662818 s TTLT
[15:39:49.659228954|thread 2901769|cpu 263] [info ] KV cache footprint: 62.67 GB in 288 books
[15:39:52.054453030|thread 2899271|cpu 263] [info ] [Request 43] Parsing the prompt took 434.058128507 s at 18.873048243970135 tokens/s
[15:39:54.680417654|thread 2899264|cpu 263] [info ] [Request 40] Generating 61 response tokens with 8193 context took 56.224338 s at 1.085 average tok/s, or 921.710 ms/tok
[15:39:54.680457015|thread 2899264|cpu 263] [info ] [Request 40] Request with 8192 tokens in and 64 out (sequence limit) saw 379.423632 s TTFT and 436.684123 s TTLT
[15:39:55.992212888|thread 2899271|cpu 263] [info ] [Request 34] Parsing the prompt took 437.995995096 s at 18.70336736344924 tokens/s
[15:39:58.142676450|thread 2899264|cpu 263] [info ] [Request 13] Generating 61 response tokens with 8193 context took 47.251329 s at 1.291 average tok/s, or 774.612 ms/tok
[15:39:58.142698249|thread 2899264|cpu 263] [info ] [Request 13] Request with 8192 tokens in and 64 out (sequence limit) saw 391.775044 s TTFT and 440.146726 s TTLT
[15:39:58.670933864|thread 2899271|cpu 263] [info ] [Request 46] Parsing the prompt took 440.674513481 s at 18.589684107867527 tokens/s
[15:39:59.135514053|thread 2899264|cpu 263] [info ] [Request 17] Generating 61 response tokens with 8193 context took 36.645043 s at 1.665 average tok/s, or 600.738 ms/tok
[15:39:59.135533965|thread 2899264|cpu 263] [info ] [Request 17] Request with 8192 tokens in and 64 out (sequence limit) saw 403.402996 s TTFT and 441.139517 s TTLT
[15:39:59.529868996|thread 2899264|cpu 263] [info ] [Request 24] Generating 61 response tokens with 8193 context took 27.935644 s at 2.184 average tok/s, or 457.961 ms/tok
[15:39:59.529882176|thread 2899264|cpu 263] [info ] [Request 24] Request with 8192 tokens in and 64 out (sequence limit) saw 412.593427 s TTFT and 441.533793 s TTLT
[15:39:59.784795550|thread 2899264|cpu 263] [info ] [Request 48] Generating 61 response tokens with 8193 context took 22.077237 s at 2.763 average tok/s, or 361.922 ms/tok
[15:39:59.784805679|thread 2899264|cpu 263] [info ] [Request 48] Request with 8192 tokens in and 64 out (sequence limit) saw 418.831508 s TTFT and 441.788313 s TTLT
[15:39:59.988821381|thread 2899264|cpu 263] [info ] [Request 30] Generating 61 response tokens with 8193 context took 17.032033 s at 3.581 average tok/s, or 279.214 ms/tok
[15:39:59.988831192|thread 2899264|cpu 263] [info ] [Request 30] Request with 8192 tokens in and 64 out (sequence limit) saw 424.224408 s TTFT and 441.992672 s TTLT
[15:40:00.148747185|thread 2899264|cpu 263] [info ] [Request 39] Generating 61 response tokens with 8193 context took 12.857821 s at 4.744 average tok/s, or 210.784 ms/tok
[15:40:00.148756490|thread 2899264|cpu 263] [info ] [Request 39] Request with 8192 tokens in and 64 out (sequence limit) saw 428.714321 s TTFT and 442.152467 s TTLT
[15:40:00.324786927|thread 2899264|cpu 263] [info ] [Request 43] Generating 61 response tokens with 8193 context took 7.840152 s at 7.780 average tok/s, or 128.527 ms/tok
[15:40:00.324796011|thread 2899264|cpu 263] [info ] [Request 43] Request with 8192 tokens in and 64 out (sequence limit) saw 434.058129 s TTFT and 442.328463 s TTLT
[15:40:00.448201364|thread 2899264|cpu 263] [info ] [Request 34] Generating 61 response tokens with 8193 context took 4.187631 s at 14.567 average tok/s, or 68.650 ms/tok
[15:40:00.448211139|thread 2899264|cpu 263] [info ] [Request 34] Request with 8192 tokens in and 64 out (sequence limit) saw 437.995995 s TTFT and 442.451984 s TTLT
[15:40:00.533700389|thread 2899264|cpu 263] [info ] [Request 46] Generating 61 response tokens with 8193 context took 1.801853 s at 33.854 average tok/s, or 29.539 ms/tok
[15:40:00.533722743|thread 2899264|cpu 263] [info ] [Request 46] Request with 8192 tokens in and 64 out (sequence limit) saw 440.674513 s TTFT and 442.537280 s TTLT
[15:40:00.541693352|thread 2897436|cpu 263] [info ] [Load] type=batch total=48, completed=48, failed=0, wall=442.55s, max in-flight=48, estimated response throughput 6.942 tok/s
[15:40:00.541718762|thread 2897436|cpu 263] [info ] [Iteration 1/1] Processed 396192 new and 48 reused tokens in 442.55 s.  Throughput 895.256 new and 895.364 all tok/s.
[15:40:00.574096732|thread 2897436|cpu 263] [info ] KV cache footprint: 61.57 GB in 283 books
[15:40:00.596496773|thread 2897436|cpu 263] [info ] KV cache footprint: 60.47 GB in 278 books
[15:40:00.622487741|thread 2897436|cpu 263] [info ] KV cache footprint: 59.37 GB in 273 books
[15:40:00.644166581|thread 2897436|cpu 263] [info ] KV cache footprint: 58.27 GB in 268 books
[15:40:00.666737680|thread 2897436|cpu 263] [info ] KV cache footprint: 57.17 GB in 263 books
[15:40:00.689366542|thread 2897436|cpu 263] [info ] KV cache footprint: 56.07 GB in 258 books
[15:40:00.711525198|thread 2897436|cpu 263] [info ] KV cache footprint: 54.98 GB in 253 books
[15:40:00.733786306|thread 2897436|cpu 263] [info ] KV cache footprint: 53.88 GB in 248 books
[15:40:00.758701283|thread 2897436|cpu 263] [info ] KV cache footprint: 52.78 GB in 243 books
[15:40:00.779235913|thread 2897436|cpu 263] [info ] KV cache footprint: 51.68 GB in 238 books
[15:40:00.800432106|thread 2897436|cpu 263] [info ] KV cache footprint: 50.58 GB in 233 books
[15:40:00.881922244|thread 2897436|cpu 263] [info ] KV cache footprint: 49.48 GB in 228 books
[15:40:00.902160713|thread 2897436|cpu 263] [info ] KV cache footprint: 48.38 GB in 223 books
[15:40:00.922386909|thread 2897436|cpu 263] [info ] KV cache footprint: 47.29 GB in 218 books
[15:40:01.006389473|thread 2897436|cpu 263] [info ] KV cache footprint: 46.19 GB in 213 books
[15:40:01.028393665|thread 2897436|cpu 263] [info ] KV cache footprint: 45.09 GB in 208 books
[15:40:01.049681694|thread 2897436|cpu 263] [info ] KV cache footprint: 43.99 GB in 203 books
[15:40:01.070611147|thread 2897436|cpu 263] [info ] KV cache footprint: 42.89 GB in 198 books
[15:40:01.090969713|thread 2897436|cpu 263] [info ] KV cache footprint: 41.79 GB in 193 books
[15:40:01.112368346|thread 2897436|cpu 263] [info ] KV cache footprint: 40.69 GB in 188 books
[15:40:01.135782428|thread 2897436|cpu 263] [info ] KV cache footprint: 39.59 GB in 183 books
[15:40:01.156374522|thread 2897436|cpu 263] [info ] KV cache footprint: 38.50 GB in 178 books
[15:40:01.177487535|thread 2897436|cpu 263] [info ] KV cache footprint: 37.40 GB in 173 books
[15:40:01.197854907|thread 2897436|cpu 263] [info ] KV cache footprint: 36.30 GB in 168 books
[15:40:01.278451037|thread 2897436|cpu 263] [info ] KV cache footprint: 35.20 GB in 163 books
[15:40:01.302272701|thread 2897436|cpu 263] [info ] KV cache footprint: 34.10 GB in 158 books
[15:40:01.323371688|thread 2897436|cpu 263] [info ] KV cache footprint: 33.00 GB in 153 books
[15:40:01.344730191|thread 2897436|cpu 263] [info ] KV cache footprint: 31.90 GB in 148 books
[15:40:01.365391818|thread 2897436|cpu 263] [info ] KV cache footprint: 30.81 GB in 143 books
[15:40:01.386113199|thread 2897436|cpu 263] [info ] KV cache footprint: 29.71 GB in 138 books
[15:40:01.407132380|thread 2897436|cpu 263] [info ] KV cache footprint: 28.61 GB in 133 books
[15:40:01.429997042|thread 2897436|cpu 263] [info ] KV cache footprint: 27.51 GB in 128 books
[15:40:01.449502606|thread 2897436|cpu 263] [info ] KV cache footprint: 26.41 GB in 123 books
[15:40:01.469309592|thread 2897436|cpu 263] [info ] KV cache footprint: 25.31 GB in 118 books
[15:40:01.488470095|thread 2897436|cpu 263] [info ] KV cache footprint: 24.21 GB in 113 books
[15:40:01.507842587|thread 2897436|cpu 263] [info ] KV cache footprint: 23.12 GB in 108 books
[15:40:01.526894899|thread 2897436|cpu 263] [info ] KV cache footprint: 22.02 GB in 103 books
[15:40:01.544797817|thread 2897436|cpu 263] [info ] KV cache footprint: 20.92 GB in 98 books
[15:40:01.565757478|thread 2897436|cpu 263] [info ] KV cache footprint: 19.82 GB in 93 books
[15:40:01.581783472|thread 2897436|cpu 263] [info ] KV cache footprint: 18.72 GB in 88 books
[15:40:01.595794669|thread 2897436|cpu 263] [info ] KV cache footprint: 17.70 GB in 83 books
[15:40:01.608582785|thread 2897436|cpu 263] [info ] KV cache footprint: 16.70 GB in 76 books
[15:40:01.624622463|thread 2897436|cpu 263] [info ] KV cache footprint: 15.60 GB in 71 books
[15:40:01.641648348|thread 2897436|cpu 263] [info ] KV cache footprint: 14.50 GB in 66 books
[15:40:01.714995913|thread 2897436|cpu 263] [info ] KV cache footprint: 13.40 GB in 61 books
[15:40:01.732773972|thread 2897436|cpu 263] [info ] KV cache footprint: 12.30 GB in 56 books
[15:40:01.750127869|thread 2897436|cpu 263] [info ] KV cache footprint: 11.21 GB in 51 books
[15:40:01.768157469|thread 2897436|cpu 263] [info ] KV cache footprint: 10.11 GB in 46 books
[15:40:01.789193726|thread 2897436|cpu 263] [info ] KV cache footprint: 9.01 GB in 41 books
[15:40:01.807165173|thread 2897436|cpu 263] [info ] KV cache footprint: 7.91 GB in 36 books
[15:40:01.824585522|thread 2897436|cpu 263] [info ] KV cache footprint: 6.81 GB in 31 books
[15:40:01.841447616|thread 2897436|cpu 263] [info ] KV cache footprint: 5.71 GB in 26 books
[15:40:01.857543357|thread 2897436|cpu 263] [info ] KV cache footprint: 4.61 GB in 21 books
[15:40:01.934814277|thread 2897436|cpu 263] [info ] KV cache footprint: 3.52 GB in 16 books
[15:40:01.953032599|thread 2897436|cpu 263] [info ] KV cache footprint: 2.42 GB in 11 books
[15:40:01.969121868|thread 2897436|cpu 263] [info ] KV cache footprint: 1.32 GB in 6 books
[15:40:01.985916818|thread 2897436|cpu 263] [info ] KV cache footprint: 0.22 GB in 1 books
[15:40:01.992831548|thread 2897436|cpu 263] [info ] Detected 4609848 memory allocations
[15:40:02.018339386|thread 2897436|cpu 263] [info ] Worker speeds: [0.03705057, 0.03839621, 0.038160864, 0.03866283, 0.037030574, 0.038372856, 0.037483558, 0.03758059, 0.03722003, 0.036981486, 0.039012693, 0.03670346, 0.036156863, 0.036261395, 0.035851892, 0.036461025, 0.03662936, 0.036372952, 0.03671662, 0.036227655, 0.03638839, 0.036184497, 0.03632137, 0.0367567, 0.03705919, 0.036845356, 0.037111044]
fusermount3: /home/jhan/workspace/tron-amx/stats/instance-0 not mounted
