[15:19:21.605338947|thread 2204284|cpu 260] [info ] Seed not supplied, using random seed: 0x6e743ead16401142
[15:19:21.605420865|thread 2204284|cpu 260] [info ] FUSE mount point scoped for instance 0,4: /home/jhan/workspace/tron-amx/stats/instance-0
[15:19:21.606842204|thread 2204284|cpu 260] [info ] heap_v2: registered FUSE stats under /rinzler/stats/dma_heap/
[15:19:21.606849722|thread 2204284|cpu 260] [debug] No PosDevices found; skipping registration of metrics
[15:19:21.609355568|thread 2204284|cpu 260] [info ] Stats/config mounted at /home/jhan/workspace/tron-amx/stats/instance-0
[15:19:22.377469856|thread 2204294|cpu 260] [info ] TSC frequency stable at 2699987898 Hz
[15:19:22.380712523|thread 2204294|cpu 260] [info ] TSC core calibration: min core,offset:10,-82   max core,offset:119,11
[15:19:22.381163269|thread 2204284|cpu 260] [info ] INIT: Intel RTM (TSX) supported
[15:19:22.383026391|thread 2204284|cpu 260] [info ] INIT: CPU vendor=Intel, cores=144, numa=2, model="Intel(R) Xeon(R) 6962P"
[15:19:22.383087667|thread 2204284|cpu 260] [info ] INIT: Found server type: granite_rapids_6962p: 144 cores, Intel Xeon 6962P Granite Rapids server
[15:19:22.383093783|thread 2204284|cpu 260] [info ] INIT: Successfully loaded resource map from /home/jhan/workspace/tron-amx/gen/../config/resource-map.yaml, server type: granite_rapids_6962p
[15:19:22.383239564|thread 2204284|cpu 260] [info ] App CPU list: 151-152,24-29,48-53,153-154,30-35,54-59
[15:19:22.383272732|thread 2204284|cpu 260] [info ] App CPU set: [24, 25, 26, 27, 28, 29, 30, 31, 32, 33, 34, 35, 48, 49, 50, 51, 52, 53, 54, 55, 56, 57, 58, 59, 151, 152, 153, 154]
[15:19:22.383274674|thread 2204284|cpu 260] [info ] App peer CPU set: [8, 9, 10, 11, 168, 169, 170, 171, 172, 173, 174, 175, 176, 177, 178, 179, 192, 193, 194, 195, 196, 197, 198, 199, 200, 201, 202, 203]
[15:19:22.383281566|thread 2204284|cpu 260] [warning] Helper CPU list is empty; helper threads will float on app cpu set.
[15:19:22.383293897|thread 2204284|cpu 260] [info ] Memory allocation policy set to numa 0
[15:19:22.383295661|thread 2204284|cpu 260] [info ] Configured instance 0,4 using resource map (/home/jhan/workspace/tron-amx/gen/../config/resource-map.yaml).
[15:19:22.383395821|thread 2204284|cpu 260] [info ] App CPU list: 151-152,24-29,48-53,153-154,30-35,54-59
[15:19:22.383404930|thread 2204284|cpu 260] [info ] App CPU set: [24, 25, 26, 27, 28, 29, 30, 31, 32, 33, 34, 35, 48, 49, 50, 51, 52, 53, 54, 55, 56, 57, 58, 59, 151, 152, 153, 154]
[15:19:22.383406457|thread 2204284|cpu 260] [info ] App peer CPU set: [8, 9, 10, 11, 168, 169, 170, 171, 172, 173, 174, 175, 176, 177, 178, 179, 192, 193, 194, 195, 196, 197, 198, 199, 200, 201, 202, 203]
[15:19:22.383410005|thread 2204284|cpu 260] [info ] Memory allocation policy set to numa 0
[15:19:22.383419966|thread 2204284|cpu 260] [info ] INIT: Beginning pos_startup()
[15:19:22.383421503|thread 2204284|cpu 260] [info ] INIT: Beginning pos_startup_host()
[15:19:22.383430483|thread 2204284|cpu 260] [info ] Version: 2026.08.19-1407f48d-jhan-amx-p0-dirty hash: 1407f48ddb370b27907a9bf9e39f8d6002aa3ee0
[15:19:22.383433354|thread 2204284|cpu 260] [info ] INIT: System optimization for Intel with 144 cores and 2 numa nodes.
[15:19:22.383434851|thread 2204284|cpu 260] [info ] INIT: Pinning application cores to 151-152,24-29,48-53,153-154,30-35,54-59.
[15:19:22.383466511|thread 2204284|cpu 260] [info ] INIT: Pinning device driver cores to 3,4.
[15:19:22.383490403|thread 2204284|cpu 260] [info ] INIT: NUMA set to 0.
[15:19:22.383647187|thread 2204284|cpu 260] [debug] INIT: Allocating 128 hugepages from /dev/hugepages/amx-cap* on numa 0
[15:19:32.681064789|thread 2204284|cpu 260] [info ] pos_heap_setup: using arena allocator (pos_heap_v2)
[15:19:32.681282643|thread 2204284|cpu 260] [info ] heap_v2: pool expanded by 128 hugepages (128 GiB)
[15:19:32.681286055|thread 2204284|cpu 260] [info ] INIT: pos_startup_host() completed
[15:19:32.686471173|thread 2204284|cpu 260] [debug] Allocator initialized for base: 0x00000000000000, capacity: 0x00000040000000, alignment: 512,  padding 0
[15:19:32.695582931|thread 2204284|cpu 260] [debug] Allocator initialized for base: 0x00000000000000, capacity: 0x00000040000000, alignment: 512,  padding 0
[15:19:32.700491684|thread 2204284|cpu 260] [info ] Found 2 Positron devices
[15:19:33.250355085|thread 2210733|cpu 260] [debug] Dev 13:00.0 pre-blind_reset mailbox_update_addr: mailbox_update_addr: Addr: 79f6c37fd010 Bar: 2 Offset: 200010 Flags: RW RAW:100005800 {mailbox_update_addr_fields {address[63:0]:4294989824 (hex:  100005800), }}
[15:19:33.250371375|thread 2204284|cpu 260] [debug] Dev 10:00.0 pre-blind_reset mailbox_update_addr: mailbox_update_addr: Addr: 79f7037fd010 Bar: 2 Offset: 200010 Flags: RW RAW:100005000 {mailbox_update_addr_fields {address[63:0]:4294987776 (hex:  100005000), }}
[15:19:33.250379727|thread 2210733|cpu 260] [debug] Dev 13:00.0 pre-blind_reset mono_results_counter: mono_results_counter: Addr: 79f6c37fd018 Bar: 2 Offset: 200018 Flags: RW RAW:de80 {mono_results_counter_fields {counter[15:0]:56960 (hex:  de80), }}
[15:19:33.250390713|thread 2204284|cpu 260] [debug] Dev 10:00.0 pre-blind_reset mono_results_counter: mono_results_counter: Addr: 79f7037fd018 Bar: 2 Offset: 200018 Flags: RW RAW:90c0 {mono_results_counter_fields {counter[15:0]:37056 (hex:  90c0), }}
[15:19:33.250471183|thread 2210733|cpu 260] [warning] Dev 13:00.0 blind_reset: mailbox host write survived soft_reset (enable=true, target_iova=0x100005800); force-clearing
[15:19:33.250478223|thread 2210733|cpu 260] [warning] Dev 13:00.0 blind_reset: tracer host write survived soft_reset (enable=true, target_iova=0x100005c00); force-clearing
[15:19:33.250471603|thread 2204284|cpu 260] [warning] Dev 10:00.0 blind_reset: mailbox host write survived soft_reset (enable=true, target_iova=0x100005000); force-clearing
[15:19:33.250486241|thread 2204284|cpu 260] [warning] Dev 10:00.0 blind_reset: tracer host write survived soft_reset (enable=true, target_iova=0x100005400); force-clearing
[15:19:33.250493994|thread 2210733|cpu 260] [warning] Dev 13:00.0 blind_reset: queue[0] host write survived soft_reset (ctrl=0x0, target_iova=0x100000400); force-clearing
[15:19:33.250503564|thread 2210733|cpu 260] [warning] Dev 13:00.0 blind_reset: queue[2049] host write survived soft_reset (ctrl=0x0, target_iova=0x100002400); force-clearing
[15:19:33.250509790|thread 2210733|cpu 260] [warning] Dev 13:00.0 blind_reset: queue[2] host write survived soft_reset (ctrl=0x0, target_iova=0x100002800); force-clearing
[15:19:33.250515365|thread 2210733|cpu 260] [warning] Dev 13:00.0 blind_reset: queue[2051] host write survived soft_reset (ctrl=0x0, target_iova=0x100002c00); force-clearing
[15:19:33.250515846|thread 2204284|cpu 260] [warning] Dev 10:00.0 blind_reset: queue[0] host write survived soft_reset (ctrl=0x0, target_iova=0x100000000); force-clearing
[15:19:33.250521754|thread 2210733|cpu 260] [warning] Dev 13:00.0 blind_reset: queue[4] host write survived soft_reset (ctrl=0x0, target_iova=0x100000400); force-clearing
[15:19:33.250523204|thread 2204284|cpu 260] [warning] Dev 10:00.0 blind_reset: queue[2049] host write survived soft_reset (ctrl=0x0, target_iova=0x100000800); force-clearing
[15:19:33.250528950|thread 2210733|cpu 260] [warning] Dev 13:00.0 blind_reset: queue[2053] host write survived soft_reset (ctrl=0x0, target_iova=0x100002400); force-clearing
[15:19:33.250530434|thread 2204284|cpu 260] [warning] Dev 10:00.0 blind_reset: queue[2] host write survived soft_reset (ctrl=0x0, target_iova=0x100000c00); force-clearing
[15:19:33.250535918|thread 2210733|cpu 260] [warning] Dev 13:00.0 blind_reset: queue[6] host write survived soft_reset (ctrl=0x0, target_iova=0x100002800); force-clearing
[15:19:33.250537327|thread 2204284|cpu 260] [warning] Dev 10:00.0 blind_reset: queue[2051] host write survived soft_reset (ctrl=0x0, target_iova=0x100001000); force-clearing
[15:19:33.250543263|thread 2210733|cpu 260] [warning] Dev 13:00.0 blind_reset: queue[2055] host write survived soft_reset (ctrl=0x0, target_iova=0x100002c00); force-clearing
[15:19:33.250544649|thread 2204284|cpu 260] [warning] Dev 10:00.0 blind_reset: queue[4] host write survived soft_reset (ctrl=0x0, target_iova=0x100000000); force-clearing
[15:19:33.250555314|thread 2204284|cpu 260] [warning] Dev 10:00.0 blind_reset: queue[2053] host write survived soft_reset (ctrl=0x0, target_iova=0x100000800); force-clearing
[15:19:33.250561676|thread 2204284|cpu 260] [warning] Dev 10:00.0 blind_reset: queue[6] host write survived soft_reset (ctrl=0x0, target_iova=0x100000c00); force-clearing
[15:19:33.250568021|thread 2204284|cpu 260] [warning] Dev 10:00.0 blind_reset: queue[2055] host write survived soft_reset (ctrl=0x0, target_iova=0x100001000); force-clearing
[15:19:33.250599669|thread 2204284|cpu 260] [info ] Dev 10:00.0: Bitfile Release Code 01.05.08.00 Release Date 06-16-2026
[15:19:33.250605063|thread 2210733|cpu 260] [info ] Dev 13:00.0: Bitfile Release Code 01.05.08.00 Release Date 06-16-2026
[15:19:33.250609051|thread 2204284|cpu 260] [debug] Dev 10:00.0 init counters post-store: act_slots_free=&0x79f780004000 val=2048 mm_in_flight=&0x79f780004400 val=0 (num_activ_slots=2048)
[15:19:33.250614878|thread 2210733|cpu 260] [debug] Dev 13:00.0 init counters post-store: act_slots_free=&0x79f780004800 val=2048 mm_in_flight=&0x79f780004c00 val=0 (num_activ_slots=2048)
[15:19:33.361792590|thread 2204284|cpu 260] [debug] Device { idx: 0 addr: 10:00.0 pci_devid: 0x0011 iommu_group: 73 vfio_fd: 9 tx_ready: false rx_ready: false }
  offsets { bar2: 0x4000000000 bar4: 0x8000000000 mmsm_reg: 0x0 amem: 0x4030000000 rmem: 0x4020000000 metadata: 0x4000701000 hbm_north: 0x0 hbm_south: 0x1000000000 hbm_kv: 0x800000000 pos_device: 0xffff860980000000 pos_host: 0x79f680000000 }
  caps { col_depth: 128 num_cols: 128 num_fetchers: 32 num_activ_slots: 2048 max_activ_size_slots: 255 rmem_width: 32 pchan_size_bytes: 1073741824 attn_supported: true }
[15:19:33.361798009|thread 2210733|cpu 260] [debug] Device { idx: 1 addr: 13:00.0 pci_devid: 0x0011 iommu_group: 76 vfio_fd: 10 tx_ready: false rx_ready: false }
  offsets { bar2: 0x4000000000 bar4: 0x8000000000 mmsm_reg: 0x0 amem: 0x4030000000 rmem: 0x4020000000 metadata: 0x4000701000 hbm_north: 0x0 hbm_south: 0x1000000000 hbm_kv: 0x800000000 pos_device: 0xffff860980000000 pos_host: 0x79f680000000 }
  caps { col_depth: 128 num_cols: 128 num_fetchers: 32 num_activ_slots: 2048 max_activ_size_slots: 255 rmem_width: 32 pchan_size_bytes: 1073741824 attn_supported: true }
[15:19:33.361808699|thread 2210733|cpu 260] [debug] Dev 13:00.0 init counters end-of-init: act_slots_free=&0x79f780004800 val=2048 mm_in_flight=&0x79f780004c00 val=0 | mcnt_mbox=&0x79f780005000 tracer_mbox=&0x79f780005800
[15:19:33.361799997|thread 2204284|cpu 260] [debug] Dev 10:00.0 init counters end-of-init: act_slots_free=&0x79f780004000 val=2048 mm_in_flight=&0x79f780004400 val=0 | mcnt_mbox=&0x79f780005400 tracer_mbox=&0x79f780005c00
[15:19:33.361870962|thread 2204284|cpu 260] [info ] INIT: pos_startup() completed
[15:19:33.361932841|thread 2204284|cpu 260] [debug] INIT: First call to get_devices() detected, spawning workers
[15:19:33.361996418|thread 2204284|cpu 260] [debug] INIT: waiting for workers to be ready
[15:19:33.362270614|thread 2211429|cpu 260] [info ] [0;32mTx Worker for device 10:00.0 is ready on core 3[0m
[15:19:33.362307708|thread 2211430|cpu 260] [info ] [0;32mTx Worker for device 13:00.0 is ready on core 4[0m
[15:19:33.362413054|thread 2211431|cpu 260] [info ] [0;32mRx Worker for device 10:00.0 is ready on core 147[0m
[15:19:33.362459626|thread 2211432|cpu 260] [info ] [0;32mRx Worker for device 13:00.0 is ready on core 148[0m
[15:19:33.362482821|thread 2204284|cpu 260] [debug] INIT: All workers ready!
[15:19:33.368980364|thread 2204284|cpu 260] [info ] Creating tokenizer for path: /opt/positron/weights_cache/cached/positron-ai/Qwen--Qwen3-4B-Instruct-2507-ingest-best-gptq-v1
[15:19:33.369037908|thread 2204284|cpu 260] [info ] Loaded tokenizer_config.json with settings:
[15:19:33.369041233|thread 2204284|cpu 260] [info ]   add_bos_token: false
[15:19:33.369044645|thread 2204284|cpu 260] [info ] Found tokenizer.json, trying HuggingFace Rust tokenizer
[15:19:33.592226829|thread 2204284|cpu 260] [info ] BOS token text: '<none>', EOS token text: '<|im_end|>'
[15:19:33.592253796|thread 2204284|cpu 260] [info ] Using BOS token ID 151643 from model config
[15:19:33.592396212|thread 2204284|cpu 260] [info ] Found EOS token '<|im_end|>' with ID 151645 in tokenizer
[15:19:33.592414322|thread 2204284|cpu 260] [info ] Using stop tokens: 151645,151643
[15:19:33.701630461|thread 2204284|cpu 260] [info ] HF tokenizer: vocab cache populated 151669 from lexicon view
[15:19:33.701724393|thread 2204284|cpu 260] [info ] HuggingFace tokenizer loaded successfully at /opt/positron/weights_cache/cached/positron-ai/Qwen--Qwen3-4B-Instruct-2507-ingest-best-gptq-v1
[15:19:33.701743210|thread 2204284|cpu 260] [info ] Successfully created HuggingFace Rust tokenizer
[15:19:33.801775085|thread 2204284|cpu 260] [warning] replicating prompt of length 3035
[15:19:33.801786849|thread 2204284|cpu 260] [warning] replicating prompt of length 6070
[15:19:33.801789536|thread 2204284|cpu 260] [warning] replicating prompt of length 2014
[15:19:33.801791168|thread 2204284|cpu 260] [warning] replicating prompt of length 4028
[15:19:33.801792557|thread 2204284|cpu 260] [warning] replicating prompt of length 6042
[15:19:33.801794188|thread 2204284|cpu 260] [warning] replicating prompt of length 8056
[15:19:33.801796196|thread 2204284|cpu 260] [warning] replicating prompt of length 8159
[15:19:33.801798853|thread 2204284|cpu 260] [warning] replicating prompt of length 2270
[15:19:33.801800593|thread 2204284|cpu 260] [warning] replicating prompt of length 4540
[15:19:33.801803378|thread 2204284|cpu 260] [warning] replicating prompt of length 6810
[15:19:33.801804272|thread 2204284|cpu 260] [warning] replicating prompt of length 1056
[15:19:33.801805686|thread 2204284|cpu 260] [warning] replicating prompt of length 2112
[15:19:33.801806416|thread 2204284|cpu 260] [warning] replicating prompt of length 3168
[15:19:33.801807348|thread 2204284|cpu 260] [warning] replicating prompt of length 4224
[15:19:33.801809782|thread 2204284|cpu 260] [warning] replicating prompt of length 5280
[15:19:33.801810596|thread 2204284|cpu 260] [warning] replicating prompt of length 6336
[15:19:33.801811383|thread 2204284|cpu 260] [warning] replicating prompt of length 7392
[15:19:33.801812139|thread 2204284|cpu 260] [warning] replicating prompt of length 1193
[15:19:33.801813108|thread 2204284|cpu 260] [warning] replicating prompt of length 2386
[15:19:33.801813861|thread 2204284|cpu 260] [warning] replicating prompt of length 3579
[15:19:33.801814571|thread 2204284|cpu 260] [warning] replicating prompt of length 4772
[15:19:33.801816073|thread 2204284|cpu 260] [warning] replicating prompt of length 5965
[15:19:33.801816874|thread 2204284|cpu 260] [warning] replicating prompt of length 7158
[15:19:33.801817566|thread 2204284|cpu 260] [warning] replicating prompt of length 1359
[15:19:33.801818720|thread 2204284|cpu 260] [warning] replicating prompt of length 2718
[15:19:33.801819531|thread 2204284|cpu 260] [warning] replicating prompt of length 4077
[15:19:33.801820206|thread 2204284|cpu 260] [warning] replicating prompt of length 5436
[15:19:33.801821542|thread 2204284|cpu 260] [warning] replicating prompt of length 6795
[15:19:33.801822374|thread 2204284|cpu 260] [warning] replicating prompt of length 8154
[15:19:33.801823091|thread 2204284|cpu 260] [warning] replicating prompt of length 1300
[15:19:33.801824042|thread 2204284|cpu 260] [warning] replicating prompt of length 2600
[15:19:33.801824794|thread 2204284|cpu 260] [warning] replicating prompt of length 3900
[15:19:33.801825494|thread 2204284|cpu 260] [warning] replicating prompt of length 5200
[15:19:33.801826792|thread 2204284|cpu 260] [warning] replicating prompt of length 6500
[15:19:33.801827545|thread 2204284|cpu 260] [warning] replicating prompt of length 7800
[15:19:33.801828231|thread 2204284|cpu 260] [warning] replicating prompt of length 5028
[15:19:33.801830751|thread 2204284|cpu 260] [warning] replicating prompt of length 2126
[15:19:33.801831840|thread 2204284|cpu 260] [warning] replicating prompt of length 4252
[15:19:33.801838554|thread 2204284|cpu 260] [warning] replicating prompt of length 6378
[15:19:33.801839871|thread 2204284|cpu 260] [warning] replicating prompt of length 945
[15:19:33.801840866|thread 2204284|cpu 260] [warning] replicating prompt of length 1890
[15:19:33.801841651|thread 2204284|cpu 260] [warning] replicating prompt of length 2835
[15:19:33.801842361|thread 2204284|cpu 260] [warning] replicating prompt of length 3780
[15:19:33.801843551|thread 2204284|cpu 260] [warning] replicating prompt of length 4725
[15:19:33.801844632|thread 2204284|cpu 260] [warning] replicating prompt of length 5670
[15:19:33.801845552|thread 2204284|cpu 260] [warning] replicating prompt of length 6615
[15:19:33.801846463|thread 2204284|cpu 260] [warning] replicating prompt of length 7560
[15:19:33.801848812|thread 2204284|cpu 260] [warning] replicating prompt of length 1250
[15:19:33.801849969|thread 2204284|cpu 260] [warning] replicating prompt of length 2500
[15:19:33.801850764|thread 2204284|cpu 260] [warning] replicating prompt of length 3750
[15:19:33.801851431|thread 2204284|cpu 260] [warning] replicating prompt of length 5000
[15:19:33.801852977|thread 2204284|cpu 260] [warning] replicating prompt of length 6250
[15:19:33.801853729|thread 2204284|cpu 260] [warning] replicating prompt of length 7500
[15:19:33.801854393|thread 2204284|cpu 260] [warning] replicating prompt of length 2490
[15:19:33.801855596|thread 2204284|cpu 260] [warning] replicating prompt of length 4980
[15:19:33.801857860|thread 2204284|cpu 260] [warning] replicating prompt of length 7470
[15:19:33.801858692|thread 2204284|cpu 260] [warning] replicating prompt of length 1064
[15:19:33.801859583|thread 2204284|cpu 260] [warning] replicating prompt of length 2128
[15:19:33.801860574|thread 2204284|cpu 260] [warning] replicating prompt of length 3192
[15:19:33.801861242|thread 2204284|cpu 260] [warning] replicating prompt of length 4256
[15:19:33.801863468|thread 2204284|cpu 260] [warning] replicating prompt of length 5320
[15:19:33.801864303|thread 2204284|cpu 260] [warning] replicating prompt of length 6384
[15:19:33.801865077|thread 2204284|cpu 260] [warning] replicating prompt of length 7448
[15:19:33.801865758|thread 2204284|cpu 260] [warning] replicating prompt of length 1709
[15:19:33.801867220|thread 2204284|cpu 260] [warning] replicating prompt of length 3418
[15:19:33.801868172|thread 2204284|cpu 260] [warning] replicating prompt of length 5127
[15:19:33.801868965|thread 2204284|cpu 260] [warning] replicating prompt of length 6836
[15:19:33.801871086|thread 2204284|cpu 260] [warning] replicating prompt of length 7873
[15:19:33.801874595|thread 2204284|cpu 260] [warning] replicating prompt of length 3255
[15:19:33.801875903|thread 2204284|cpu 260] [warning] replicating prompt of length 6510
[15:19:33.801878846|thread 2204284|cpu 260] [warning] replicating prompt of length 2073
[15:19:33.801879979|thread 2204284|cpu 260] [warning] replicating prompt of length 4146
[15:19:33.801882212|thread 2204284|cpu 260] [warning] replicating prompt of length 6219
[15:19:33.801883155|thread 2204284|cpu 260] [warning] replicating prompt of length 1749
[15:19:33.801884222|thread 2204284|cpu 260] [warning] replicating prompt of length 3498
[15:19:33.801885045|thread 2204284|cpu 260] [warning] replicating prompt of length 5247
[15:19:33.801885797|thread 2204284|cpu 260] [warning] replicating prompt of length 6996
[15:19:33.801888629|thread 2204284|cpu 260] [warning] replicating prompt of length 1243
[15:19:33.801889617|thread 2204284|cpu 260] [warning] replicating prompt of length 2486
[15:19:33.801890441|thread 2204284|cpu 260] [warning] replicating prompt of length 3729
[15:19:33.801891139|thread 2204284|cpu 260] [warning] replicating prompt of length 4972
[15:19:33.801893246|thread 2204284|cpu 260] [warning] replicating prompt of length 6215
[15:19:33.801894069|thread 2204284|cpu 260] [warning] replicating prompt of length 7458
[15:19:33.801894805|thread 2204284|cpu 260] [warning] replicating prompt of length 1628
[15:19:33.801897385|thread 2204284|cpu 260] [warning] replicating prompt of length 3256
[15:19:33.801898250|thread 2204284|cpu 260] [warning] replicating prompt of length 4884
[15:19:33.801898981|thread 2204284|cpu 260] [warning] replicating prompt of length 6512
[15:19:33.801901258|thread 2204284|cpu 260] [warning] replicating prompt of length 8140
[15:19:33.801901957|thread 2204284|cpu 260] [warning] replicating prompt of length 2390
[15:19:33.801911326|thread 2204284|cpu 260] [warning] replicating prompt of length 4780
[15:19:33.801913915|thread 2204284|cpu 260] [warning] replicating prompt of length 7170
[15:19:33.801914841|thread 2204284|cpu 260] [warning] replicating prompt of length 557
[15:19:33.801915717|thread 2204284|cpu 260] [warning] replicating prompt of length 1114
[15:19:33.801916414|thread 2204284|cpu 260] [warning] replicating prompt of length 1671
[15:19:33.801917054|thread 2204284|cpu 260] [warning] replicating prompt of length 2228
[15:19:33.801917795|thread 2204284|cpu 260] [warning] replicating prompt of length 2785
[15:19:33.801918443|thread 2204284|cpu 260] [warning] replicating prompt of length 3342
[15:19:33.801919079|thread 2204284|cpu 260] [warning] replicating prompt of length 3899
[15:19:33.801919715|thread 2204284|cpu 260] [warning] replicating prompt of length 4456
[15:19:33.801922017|thread 2204284|cpu 260] [warning] replicating prompt of length 5013
[15:19:33.801922805|thread 2204284|cpu 260] [warning] replicating prompt of length 5570
[15:19:33.801923484|thread 2204284|cpu 260] [warning] replicating prompt of length 6127
[15:19:33.801924227|thread 2204284|cpu 260] [warning] replicating prompt of length 6684
[15:19:33.801924949|thread 2204284|cpu 260] [warning] replicating prompt of length 7241
[15:19:33.801925647|thread 2204284|cpu 260] [warning] replicating prompt of length 7798
[15:19:33.801926373|thread 2204284|cpu 260] [warning] replicating prompt of length 2355
[15:19:33.801927519|thread 2204284|cpu 260] [warning] replicating prompt of length 4710
[15:19:33.801929762|thread 2204284|cpu 260] [warning] replicating prompt of length 7065
[15:19:33.801930634|thread 2204284|cpu 260] [warning] replicating prompt of length 410
[15:19:33.801931747|thread 2204284|cpu 260] [warning] replicating prompt of length 820
[15:19:33.801932477|thread 2204284|cpu 260] [warning] replicating prompt of length 1230
[15:19:33.801933133|thread 2204284|cpu 260] [warning] replicating prompt of length 1640
[15:19:33.801933861|thread 2204284|cpu 260] [warning] replicating prompt of length 2050
[15:19:33.801934512|thread 2204284|cpu 260] [warning] replicating prompt of length 2460
[15:19:33.801935130|thread 2204284|cpu 260] [warning] replicating prompt of length 2870
[15:19:33.801935753|thread 2204284|cpu 260] [warning] replicating prompt of length 3280
[15:19:33.801936598|thread 2204284|cpu 260] [warning] replicating prompt of length 3690
[15:19:33.801937234|thread 2204284|cpu 260] [warning] replicating prompt of length 4100
[15:19:33.801937871|thread 2204284|cpu 260] [warning] replicating prompt of length 4510
[15:19:33.801938486|thread 2204284|cpu 260] [warning] replicating prompt of length 4920
[15:19:33.801939160|thread 2204284|cpu 260] [warning] replicating prompt of length 5330
[15:19:33.801939778|thread 2204284|cpu 260] [warning] replicating prompt of length 5740
[15:19:33.801940388|thread 2204284|cpu 260] [warning] replicating prompt of length 6150
[15:19:33.801941005|thread 2204284|cpu 260] [warning] replicating prompt of length 6560
[15:19:33.801943166|thread 2204284|cpu 260] [warning] replicating prompt of length 6970
[15:19:33.801943895|thread 2204284|cpu 260] [warning] replicating prompt of length 7380
[15:19:33.801944527|thread 2204284|cpu 260] [warning] replicating prompt of length 7790
[15:19:33.801945173|thread 2204284|cpu 260] [warning] replicating prompt of length 1722
[15:19:33.801946196|thread 2204284|cpu 260] [warning] replicating prompt of length 3444
[15:19:33.801947033|thread 2204284|cpu 260] [warning] replicating prompt of length 5166
[15:19:33.801947776|thread 2204284|cpu 260] [warning] replicating prompt of length 6888
[15:19:33.801951054|thread 2204284|cpu 260] [warning] replicating prompt of length 2378
[15:19:33.801952338|thread 2204284|cpu 260] [warning] replicating prompt of length 4756
[15:19:33.801954513|thread 2204284|cpu 260] [warning] replicating prompt of length 7134
[15:19:33.801955351|thread 2204284|cpu 260] [warning] replicating prompt of length 1980
[15:19:33.801956505|thread 2204284|cpu 260] [warning] replicating prompt of length 3960
[15:19:33.801957459|thread 2204284|cpu 260] [warning] replicating prompt of length 5940
[15:19:33.801958290|thread 2204284|cpu 260] [warning] replicating prompt of length 7920
[15:19:33.801960879|thread 2204284|cpu 260] [warning] replicating prompt of length 1756
[15:19:33.801961915|thread 2204284|cpu 260] [warning] replicating prompt of length 3512
[15:19:33.801962837|thread 2204284|cpu 260] [warning] replicating prompt of length 5268
[15:19:33.801963591|thread 2204284|cpu 260] [warning] replicating prompt of length 7024
[15:19:33.801965773|thread 2204284|cpu 260] [warning] replicating prompt of length 411
[15:19:33.801966542|thread 2204284|cpu 260] [warning] replicating prompt of length 822
[15:19:33.801967296|thread 2204284|cpu 260] [warning] replicating prompt of length 1233
[15:19:33.801967931|thread 2204284|cpu 260] [warning] replicating prompt of length 1644
[15:19:33.801968666|thread 2204284|cpu 260] [warning] replicating prompt of length 2055
[15:19:33.801969313|thread 2204284|cpu 260] [warning] replicating prompt of length 2466
[15:19:33.801969953|thread 2204284|cpu 260] [warning] replicating prompt of length 2877
[15:19:33.801970590|thread 2204284|cpu 260] [warning] replicating prompt of length 3288
[15:19:33.801971391|thread 2204284|cpu 260] [warning] replicating prompt of length 3699
[15:19:33.801972041|thread 2204284|cpu 260] [warning] replicating prompt of length 4110
[15:19:33.801972670|thread 2204284|cpu 260] [warning] replicating prompt of length 4521
[15:19:33.801973318|thread 2204284|cpu 260] [warning] replicating prompt of length 4932
[15:19:33.801973922|thread 2204284|cpu 260] [warning] replicating prompt of length 5343
[15:19:33.801974553|thread 2204284|cpu 260] [warning] replicating prompt of length 5754
[15:19:33.801975161|thread 2204284|cpu 260] [warning] replicating prompt of length 6165
[15:19:33.801975775|thread 2204284|cpu 260] [warning] replicating prompt of length 6576
[15:19:33.801978400|thread 2204284|cpu 260] [warning] replicating prompt of length 6987
[15:19:33.801979096|thread 2204284|cpu 260] [warning] replicating prompt of length 7398
[15:19:33.801979729|thread 2204284|cpu 260] [warning] replicating prompt of length 7809
[15:19:33.801980416|thread 2204284|cpu 260] [warning] replicating prompt of length 1269
[15:19:33.801981318|thread 2204284|cpu 260] [warning] replicating prompt of length 2538
[15:19:33.801982104|thread 2204284|cpu 260] [warning] replicating prompt of length 3807
[15:19:33.801982777|thread 2204284|cpu 260] [warning] replicating prompt of length 5076
[15:19:33.801984896|thread 2204284|cpu 260] [warning] replicating prompt of length 6345
[15:19:33.801985731|thread 2204284|cpu 260] [warning] replicating prompt of length 7614
[15:19:33.801986416|thread 2204284|cpu 260] [warning] replicating prompt of length 2285
[15:19:33.801987534|thread 2204284|cpu 260] [warning] replicating prompt of length 4570
[15:19:33.801990028|thread 2204284|cpu 260] [warning] replicating prompt of length 6855
[15:19:33.801990890|thread 2204284|cpu 260] [warning] replicating prompt of length 435
[15:19:33.801991696|thread 2204284|cpu 260] [warning] replicating prompt of length 870
[15:19:33.801992411|thread 2204284|cpu 260] [warning] replicating prompt of length 1305
[15:19:33.801993055|thread 2204284|cpu 260] [warning] replicating prompt of length 1740
[15:19:33.801993782|thread 2204284|cpu 260] [warning] replicating prompt of length 2175
[15:19:33.801994419|thread 2204284|cpu 260] [warning] replicating prompt of length 2610
[15:19:33.801995027|thread 2204284|cpu 260] [warning] replicating prompt of length 3045
[15:19:33.801995644|thread 2204284|cpu 260] [warning] replicating prompt of length 3480
[15:19:33.801997345|thread 2204284|cpu 260] [warning] replicating prompt of length 3915
[15:19:33.801998020|thread 2204284|cpu 260] [warning] replicating prompt of length 4350
[15:19:33.801998657|thread 2204284|cpu 260] [warning] replicating prompt of length 4785
[15:19:33.801999276|thread 2204284|cpu 260] [warning] replicating prompt of length 5220
[15:19:33.802004158|thread 2204284|cpu 260] [warning] replicating prompt of length 5655
[15:19:33.802004951|thread 2204284|cpu 260] [warning] replicating prompt of length 6090
[15:19:33.802005558|thread 2204284|cpu 260] [warning] replicating prompt of length 6525
[15:19:33.802006181|thread 2204284|cpu 260] [warning] replicating prompt of length 6960
[15:19:33.802008302|thread 2204284|cpu 260] [warning] replicating prompt of length 7395
[15:19:33.802009066|thread 2204284|cpu 260] [warning] replicating prompt of length 7830
[15:19:33.802009916|thread 2204284|cpu 260] [warning] replicating prompt of length 386
[15:19:33.802010657|thread 2204284|cpu 260] [warning] replicating prompt of length 772
[15:19:33.802011367|thread 2204284|cpu 260] [warning] replicating prompt of length 1158
[15:19:33.802012038|thread 2204284|cpu 260] [warning] replicating prompt of length 1544
[15:19:33.802012817|thread 2204284|cpu 260] [warning] replicating prompt of length 1930
[15:19:33.802013447|thread 2204284|cpu 260] [warning] replicating prompt of length 2316
[15:19:33.802014079|thread 2204284|cpu 260] [warning] replicating prompt of length 2702
[15:19:33.802014714|thread 2204284|cpu 260] [warning] replicating prompt of length 3088
[15:19:33.802015515|thread 2204284|cpu 260] [warning] replicating prompt of length 3474
[15:19:33.802016181|thread 2204284|cpu 260] [warning] replicating prompt of length 3860
[15:19:33.802016804|thread 2204284|cpu 260] [warning] replicating prompt of length 4246
[15:19:33.802017434|thread 2204284|cpu 260] [warning] replicating prompt of length 4632
[15:19:33.802018065|thread 2204284|cpu 260] [warning] replicating prompt of length 5018
[15:19:33.802018691|thread 2204284|cpu 260] [warning] replicating prompt of length 5404
[15:19:33.802019300|thread 2204284|cpu 260] [warning] replicating prompt of length 5790
[15:19:33.802019903|thread 2204284|cpu 260] [warning] replicating prompt of length 6176
[15:19:33.802022495|thread 2204284|cpu 260] [warning] replicating prompt of length 6562
[15:19:33.802023287|thread 2204284|cpu 260] [warning] replicating prompt of length 6948
[15:19:33.802023928|thread 2204284|cpu 260] [warning] replicating prompt of length 7334
[15:19:33.802024594|thread 2204284|cpu 260] [warning] replicating prompt of length 7720
[15:19:33.802025211|thread 2204284|cpu 260] [warning] replicating prompt of length 8106
[15:19:33.802025864|thread 2204284|cpu 260] [warning] replicating prompt of length 1071
[15:19:33.802026770|thread 2204284|cpu 260] [warning] replicating prompt of length 2142
[15:19:33.802027536|thread 2204284|cpu 260] [warning] replicating prompt of length 3213
[15:19:33.802028198|thread 2204284|cpu 260] [warning] replicating prompt of length 4284
[15:19:33.802030857|thread 2204284|cpu 260] [warning] replicating prompt of length 5355
[15:19:33.802031671|thread 2204284|cpu 260] [warning] replicating prompt of length 6426
[15:19:33.802032424|thread 2204284|cpu 260] [warning] replicating prompt of length 7497
[15:19:33.802033178|thread 2204284|cpu 260] [warning] replicating prompt of length 143
[15:19:33.802034056|thread 2204284|cpu 260] [warning] replicating prompt of length 286
[15:19:33.802034823|thread 2204284|cpu 260] [warning] replicating prompt of length 429
[15:19:33.802035490|thread 2204284|cpu 260] [warning] replicating prompt of length 572
[15:19:33.802036176|thread 2204284|cpu 260] [warning] replicating prompt of length 715
[15:19:33.802036786|thread 2204284|cpu 260] [warning] replicating prompt of length 858
[15:19:33.802037404|thread 2204284|cpu 260] [warning] replicating prompt of length 1001
[15:19:33.802038035|thread 2204284|cpu 260] [warning] replicating prompt of length 1144
[15:19:33.802040125|thread 2204284|cpu 260] [warning] replicating prompt of length 1287
[15:19:33.802040766|thread 2204284|cpu 260] [warning] replicating prompt of length 1430
[15:19:33.802041400|thread 2204284|cpu 260] [warning] replicating prompt of length 1573
[15:19:33.802042037|thread 2204284|cpu 260] [warning] replicating prompt of length 1716
[15:19:33.802042654|thread 2204284|cpu 260] [warning] replicating prompt of length 1859
[15:19:33.802043275|thread 2204284|cpu 260] [warning] replicating prompt of length 2002
[15:19:33.802043890|thread 2204284|cpu 260] [warning] replicating prompt of length 2145
[15:19:33.802044539|thread 2204284|cpu 260] [warning] replicating prompt of length 2288
[15:19:33.802045278|thread 2204284|cpu 260] [warning] replicating prompt of length 2431
[15:19:33.802045926|thread 2204284|cpu 260] [warning] replicating prompt of length 2574
[15:19:33.802046546|thread 2204284|cpu 260] [warning] replicating prompt of length 2717
[15:19:33.802047174|thread 2204284|cpu 260] [warning] replicating prompt of length 2860
[15:19:33.802047794|thread 2204284|cpu 260] [warning] replicating prompt of length 3003
[15:19:33.802048412|thread 2204284|cpu 260] [warning] replicating prompt of length 3146
[15:19:33.802049029|thread 2204284|cpu 260] [warning] replicating prompt of length 3289
[15:19:33.802049637|thread 2204284|cpu 260] [warning] replicating prompt of length 3432
[15:19:33.802050257|thread 2204284|cpu 260] [warning] replicating prompt of length 3575
[15:19:33.802050862|thread 2204284|cpu 260] [warning] replicating prompt of length 3718
[15:19:33.802051486|thread 2204284|cpu 260] [warning] replicating prompt of length 3861
[15:19:33.802052097|thread 2204284|cpu 260] [warning] replicating prompt of length 4004
[15:19:33.802052712|thread 2204284|cpu 260] [warning] replicating prompt of length 4147
[15:19:33.802053339|thread 2204284|cpu 260] [warning] replicating prompt of length 4290
[15:19:33.802053952|thread 2204284|cpu 260] [warning] replicating prompt of length 4433
[15:19:33.802054576|thread 2204284|cpu 260] [warning] replicating prompt of length 4576
[15:19:33.802056764|thread 2204284|cpu 260] [warning] replicating prompt of length 4719
[15:19:33.802057512|thread 2204284|cpu 260] [warning] replicating prompt of length 4862
[15:19:33.802058132|thread 2204284|cpu 260] [warning] replicating prompt of length 5005
[15:19:33.802058781|thread 2204284|cpu 260] [warning] replicating prompt of length 5148
[15:19:33.802059404|thread 2204284|cpu 260] [warning] replicating prompt of length 5291
[15:19:33.802060020|thread 2204284|cpu 260] [warning] replicating prompt of length 5434
[15:19:33.802060633|thread 2204284|cpu 260] [warning] replicating prompt of length 5577
[15:19:33.802061255|thread 2204284|cpu 260] [warning] replicating prompt of length 5720
[15:19:33.802061878|thread 2204284|cpu 260] [warning] replicating prompt of length 5863
[15:19:33.802062488|thread 2204284|cpu 260] [warning] replicating prompt of length 6006
[15:19:33.802063106|thread 2204284|cpu 260] [warning] replicating prompt of length 6149
[15:19:33.802063725|thread 2204284|cpu 260] [warning] replicating prompt of length 6292
[15:19:33.802064330|thread 2204284|cpu 260] [warning] replicating prompt of length 6435
[15:19:33.802064963|thread 2204284|cpu 260] [warning] replicating prompt of length 6578
[15:19:33.802065577|thread 2204284|cpu 260] [warning] replicating prompt of length 6721
[15:19:33.802066215|thread 2204284|cpu 260] [warning] replicating prompt of length 6864
[15:19:33.802066826|thread 2204284|cpu 260] [warning] replicating prompt of length 7007
[15:19:33.802067445|thread 2204284|cpu 260] [warning] replicating prompt of length 7150
[15:19:33.802068051|thread 2204284|cpu 260] [warning] replicating prompt of length 7293
[15:19:33.802068678|thread 2204284|cpu 260] [warning] replicating prompt of length 7436
[15:19:33.802069290|thread 2204284|cpu 260] [warning] replicating prompt of length 7579
[15:19:33.802069904|thread 2204284|cpu 260] [warning] replicating prompt of length 7722
[15:19:33.802070563|thread 2204284|cpu 260] [warning] replicating prompt of length 7865
[15:19:33.802072046|thread 2204284|cpu 260] [warning] replicating prompt of length 8008
[15:19:33.802072666|thread 2204284|cpu 260] [warning] replicating prompt of length 8151
[15:19:33.802073327|thread 2204284|cpu 260] [warning] replicating prompt of length 99
[15:19:33.802074163|thread 2204284|cpu 260] [warning] replicating prompt of length 198
[15:19:33.802077050|thread 2204284|cpu 260] [warning] replicating prompt of length 297
[15:19:33.802077875|thread 2204284|cpu 260] [warning] replicating prompt of length 396
[15:19:33.802078564|thread 2204284|cpu 260] [warning] replicating prompt of length 495
[15:19:33.802079213|thread 2204284|cpu 260] [warning] replicating prompt of length 594
[15:19:33.802079838|thread 2204284|cpu 260] [warning] replicating prompt of length 693
[15:19:33.802080445|thread 2204284|cpu 260] [warning] replicating prompt of length 792
[15:19:33.802081124|thread 2204284|cpu 260] [warning] replicating prompt of length 891
[15:19:33.802081747|thread 2204284|cpu 260] [warning] replicating prompt of length 990
[15:19:33.802082378|thread 2204284|cpu 260] [warning] replicating prompt of length 1089
[15:19:33.802083018|thread 2204284|cpu 260] [warning] replicating prompt of length 1188
[15:19:33.802083678|thread 2204284|cpu 260] [warning] replicating prompt of length 1287
[15:19:33.802084307|thread 2204284|cpu 260] [warning] replicating prompt of length 1386
[15:19:33.802084936|thread 2204284|cpu 260] [warning] replicating prompt of length 1485
[15:19:33.802085581|thread 2204284|cpu 260] [warning] replicating prompt of length 1584
[15:19:33.802086292|thread 2204284|cpu 260] [warning] replicating prompt of length 1683
[15:19:33.802086913|thread 2204284|cpu 260] [warning] replicating prompt of length 1782
[15:19:33.802087532|thread 2204284|cpu 260] [warning] replicating prompt of length 1881
[15:19:33.802088149|thread 2204284|cpu 260] [warning] replicating prompt of length 1980
[15:19:33.802088783|thread 2204284|cpu 260] [warning] replicating prompt of length 2079
[15:19:33.802089404|thread 2204284|cpu 260] [warning] replicating prompt of length 2178
[15:19:33.802090024|thread 2204284|cpu 260] [warning] replicating prompt of length 2277
[15:19:33.802090646|thread 2204284|cpu 260] [warning] replicating prompt of length 2376
[15:19:33.802091258|thread 2204284|cpu 260] [warning] replicating prompt of length 2475
[15:19:33.802091895|thread 2204284|cpu 260] [warning] replicating prompt of length 2574
[15:19:33.802092523|thread 2204284|cpu 260] [warning] replicating prompt of length 2673
[15:19:33.802093138|thread 2204284|cpu 260] [warning] replicating prompt of length 2772
[15:19:33.802093749|thread 2204284|cpu 260] [warning] replicating prompt of length 2871
[15:19:33.802094365|thread 2204284|cpu 260] [warning] replicating prompt of length 2970
[15:19:33.802094997|thread 2204284|cpu 260] [warning] replicating prompt of length 3069
[15:19:33.802095618|thread 2204284|cpu 260] [warning] replicating prompt of length 3168
[15:19:33.802096493|thread 2204284|cpu 260] [warning] replicating prompt of length 3267
[15:19:33.802097110|thread 2204284|cpu 260] [warning] replicating prompt of length 3366
[15:19:33.802097715|thread 2204284|cpu 260] [warning] replicating prompt of length 3465
[15:19:33.802098329|thread 2204284|cpu 260] [warning] replicating prompt of length 3564
[15:19:33.802098952|thread 2204284|cpu 260] [warning] replicating prompt of length 3663
[15:19:33.802099555|thread 2204284|cpu 260] [warning] replicating prompt of length 3762
[15:19:33.802100181|thread 2204284|cpu 260] [warning] replicating prompt of length 3861
[15:19:33.802100816|thread 2204284|cpu 260] [warning] replicating prompt of length 3960
[15:19:33.802101427|thread 2204284|cpu 260] [warning] replicating prompt of length 4059
[15:19:33.802102041|thread 2204284|cpu 260] [warning] replicating prompt of length 4158
[15:19:33.802102652|thread 2204284|cpu 260] [warning] replicating prompt of length 4257
[15:19:33.802103272|thread 2204284|cpu 260] [warning] replicating prompt of length 4356
[15:19:33.802104611|thread 2204284|cpu 260] [warning] replicating prompt of length 4455
[15:19:33.802105232|thread 2204284|cpu 260] [warning] replicating prompt of length 4554
[15:19:33.802105844|thread 2204284|cpu 260] [warning] replicating prompt of length 4653
[15:19:33.802106458|thread 2204284|cpu 260] [warning] replicating prompt of length 4752
[15:19:33.802107090|thread 2204284|cpu 260] [warning] replicating prompt of length 4851
[15:19:33.802107704|thread 2204284|cpu 260] [warning] replicating prompt of length 4950
[15:19:33.802108318|thread 2204284|cpu 260] [warning] replicating prompt of length 5049
[15:19:33.802108929|thread 2204284|cpu 260] [warning] replicating prompt of length 5148
[15:19:33.802109546|thread 2204284|cpu 260] [warning] replicating prompt of length 5247
[15:19:33.802110179|thread 2204284|cpu 260] [warning] replicating prompt of length 5346
[15:19:33.802110800|thread 2204284|cpu 260] [warning] replicating prompt of length 5445
[15:19:33.802111430|thread 2204284|cpu 260] [warning] replicating prompt of length 5544
[15:19:33.802112040|thread 2204284|cpu 260] [warning] replicating prompt of length 5643
[15:19:33.802112644|thread 2204284|cpu 260] [warning] replicating prompt of length 5742
[15:19:33.802113250|thread 2204284|cpu 260] [warning] replicating prompt of length 5841
[15:19:33.802113867|thread 2204284|cpu 260] [warning] replicating prompt of length 5940
[15:19:33.802114478|thread 2204284|cpu 260] [warning] replicating prompt of length 6039
[15:19:33.802115091|thread 2204284|cpu 260] [warning] replicating prompt of length 6138
[15:19:33.802115721|thread 2204284|cpu 260] [warning] replicating prompt of length 6237
[15:19:33.802116356|thread 2204284|cpu 260] [warning] replicating prompt of length 6336
[15:19:33.802118937|thread 2204284|cpu 260] [warning] replicating prompt of length 6435
[15:19:33.802119624|thread 2204284|cpu 260] [warning] replicating prompt of length 6534
[15:19:33.802120224|thread 2204284|cpu 260] [warning] replicating prompt of length 6633
[15:19:33.802120850|thread 2204284|cpu 260] [warning] replicating prompt of length 6732
[15:19:33.802121479|thread 2204284|cpu 260] [warning] replicating prompt of length 6831
[15:19:33.802122096|thread 2204284|cpu 260] [warning] replicating prompt of length 6930
[15:19:33.802122761|thread 2204284|cpu 260] [warning] replicating prompt of length 7029
[15:19:33.802123400|thread 2204284|cpu 260] [warning] replicating prompt of length 7128
[15:19:33.802124038|thread 2204284|cpu 260] [warning] replicating prompt of length 7227
[15:19:33.802124664|thread 2204284|cpu 260] [warning] replicating prompt of length 7326
[15:19:33.802125282|thread 2204284|cpu 260] [warning] replicating prompt of length 7425
[15:19:33.802125905|thread 2204284|cpu 260] [warning] replicating prompt of length 7524
[15:19:33.802126522|thread 2204284|cpu 260] [warning] replicating prompt of length 7623
[15:19:33.802127143|thread 2204284|cpu 260] [warning] replicating prompt of length 7722
[15:19:33.802127767|thread 2204284|cpu 260] [warning] replicating prompt of length 7821
[15:19:33.802128378|thread 2204284|cpu 260] [warning] replicating prompt of length 7920
[15:19:33.802129030|thread 2204284|cpu 260] [warning] replicating prompt of length 8019
[15:19:33.802129667|thread 2204284|cpu 260] [warning] replicating prompt of length 8118
[15:19:33.802130313|thread 2204284|cpu 260] [warning] replicating prompt of length 310
[15:19:33.802131072|thread 2204284|cpu 260] [warning] replicating prompt of length 620
[15:19:33.802131784|thread 2204284|cpu 260] [warning] replicating prompt of length 930
[15:19:33.802132444|thread 2204284|cpu 260] [warning] replicating prompt of length 1240
[15:19:33.802133208|thread 2204284|cpu 260] [warning] replicating prompt of length 1550
[15:19:33.802133840|thread 2204284|cpu 260] [warning] replicating prompt of length 1860
[15:19:33.802134461|thread 2204284|cpu 260] [warning] replicating prompt of length 2170
[15:19:33.802135089|thread 2204284|cpu 260] [warning] replicating prompt of length 2480
[15:19:33.802135916|thread 2204284|cpu 260] [warning] replicating prompt of length 2790
[15:19:33.802137250|thread 2204284|cpu 260] [warning] replicating prompt of length 3100
[15:19:33.802137903|thread 2204284|cpu 260] [warning] replicating prompt of length 3410
[15:19:33.802138523|thread 2204284|cpu 260] [warning] replicating prompt of length 3720
[15:19:33.802139145|thread 2204284|cpu 260] [warning] replicating prompt of length 4030
[15:19:33.802139764|thread 2204284|cpu 260] [warning] replicating prompt of length 4340
[15:19:33.802142676|thread 2204284|cpu 260] [warning] replicating prompt of length 4650
[15:19:33.802143320|thread 2204284|cpu 260] [warning] replicating prompt of length 4960
[15:19:33.802145268|thread 2204284|cpu 260] [warning] replicating prompt of length 5270
[15:19:33.802146028|thread 2204284|cpu 260] [warning] replicating prompt of length 5580
[15:19:33.802146650|thread 2204284|cpu 260] [warning] replicating prompt of length 5890
[15:19:33.802147296|thread 2204284|cpu 260] [warning] replicating prompt of length 6200
[15:19:33.802147946|thread 2204284|cpu 260] [warning] replicating prompt of length 6510
[15:19:33.802148592|thread 2204284|cpu 260] [warning] replicating prompt of length 6820
[15:19:33.802149218|thread 2204284|cpu 260] [warning] replicating prompt of length 7130
[15:19:33.802149858|thread 2204284|cpu 260] [warning] replicating prompt of length 7440
[15:19:33.802150595|thread 2204284|cpu 260] [warning] replicating prompt of length 7750
[15:19:33.802155111|thread 2204284|cpu 260] [warning] replicating prompt of length 8060
[15:19:33.802155779|thread 2204284|cpu 260] [warning] replicating prompt of length 167
[15:19:33.802156669|thread 2204284|cpu 260] [warning] replicating prompt of length 334
[15:19:33.802157720|thread 2204284|cpu 260] [warning] replicating prompt of length 501
[15:19:33.802158427|thread 2204284|cpu 260] [warning] replicating prompt of length 668
[15:19:33.802159235|thread 2204284|cpu 260] [warning] replicating prompt of length 835
[15:19:33.802159859|thread 2204284|cpu 260] [warning] replicating prompt of length 1002
[15:19:33.802160502|thread 2204284|cpu 260] [warning] replicating prompt of length 1169
[15:19:33.802161130|thread 2204284|cpu 260] [warning] replicating prompt of length 1336
[15:19:33.802161963|thread 2204284|cpu 260] [warning] replicating prompt of length 1503
[15:19:33.802162592|thread 2204284|cpu 260] [warning] replicating prompt of length 1670
[15:19:33.802163219|thread 2204284|cpu 260] [warning] replicating prompt of length 1837
[15:19:33.802163842|thread 2204284|cpu 260] [warning] replicating prompt of length 2004
[15:19:33.802164446|thread 2204284|cpu 260] [warning] replicating prompt of length 2171
[15:19:33.802165056|thread 2204284|cpu 260] [warning] replicating prompt of length 2338
[15:19:33.802165679|thread 2204284|cpu 260] [warning] replicating prompt of length 2505
[15:19:33.802166299|thread 2204284|cpu 260] [warning] replicating prompt of length 2672
[15:19:33.802167220|thread 2204284|cpu 260] [warning] replicating prompt of length 2839
[15:19:33.802167845|thread 2204284|cpu 260] [warning] replicating prompt of length 3006
[15:19:33.802168465|thread 2204284|cpu 260] [warning] replicating prompt of length 3173
[15:19:33.802169088|thread 2204284|cpu 260] [warning] replicating prompt of length 3340
[15:19:33.802169720|thread 2204284|cpu 260] [warning] replicating prompt of length 3507
[15:19:33.802170327|thread 2204284|cpu 260] [warning] replicating prompt of length 3674
[15:19:33.802170958|thread 2204284|cpu 260] [warning] replicating prompt of length 3841
[15:19:33.802171578|thread 2204284|cpu 260] [warning] replicating prompt of length 4008
[15:19:33.802172202|thread 2204284|cpu 260] [warning] replicating prompt of length 4175
[15:19:33.802172859|thread 2204284|cpu 260] [warning] replicating prompt of length 4342
[15:19:33.802173488|thread 2204284|cpu 260] [warning] replicating prompt of length 4509
[15:19:33.802174101|thread 2204284|cpu 260] [warning] replicating prompt of length 4676
[15:19:33.802174749|thread 2204284|cpu 260] [warning] replicating prompt of length 4843
[15:19:33.802175379|thread 2204284|cpu 260] [warning] replicating prompt of length 5010
[15:19:33.802177158|thread 2204284|cpu 260] [warning] replicating prompt of length 5177
[15:19:33.802178099|thread 2204284|cpu 260] [warning] replicating prompt of length 5344
[15:19:33.802180445|thread 2204284|cpu 260] [warning] replicating prompt of length 5511
[15:19:33.802181134|thread 2204284|cpu 260] [warning] replicating prompt of length 5678
[15:19:33.802181757|thread 2204284|cpu 260] [warning] replicating prompt of length 5845
[15:19:33.802182382|thread 2204284|cpu 260] [warning] replicating prompt of length 6012
[15:19:33.802183008|thread 2204284|cpu 260] [warning] replicating prompt of length 6179
[15:19:33.802183644|thread 2204284|cpu 260] [warning] replicating prompt of length 6346
[15:19:33.802184271|thread 2204284|cpu 260] [warning] replicating prompt of length 6513
[15:19:33.802184909|thread 2204284|cpu 260] [warning] replicating prompt of length 6680
[15:19:33.802185536|thread 2204284|cpu 260] [warning] replicating prompt of length 6847
[15:19:33.802186143|thread 2204284|cpu 260] [warning] replicating prompt of length 7014
[15:19:33.802186787|thread 2204284|cpu 260] [warning] replicating prompt of length 7181
[15:19:33.802187434|thread 2204284|cpu 260] [warning] replicating prompt of length 7348
[15:19:33.802188044|thread 2204284|cpu 260] [warning] replicating prompt of length 7515
[15:19:33.802188686|thread 2204284|cpu 260] [warning] replicating prompt of length 7682
[15:19:33.802189304|thread 2204284|cpu 260] [warning] replicating prompt of length 7849
[15:19:33.802189922|thread 2204284|cpu 260] [warning] replicating prompt of length 8016
[15:19:33.802190625|thread 2204284|cpu 260] [warning] replicating prompt of length 8183
[15:19:33.802191260|thread 2204284|cpu 260] [warning] replicating prompt of length 271
[15:19:33.802191992|thread 2204284|cpu 260] [warning] replicating prompt of length 542
[15:19:33.802192678|thread 2204284|cpu 260] [warning] replicating prompt of length 813
[15:19:33.802193338|thread 2204284|cpu 260] [warning] replicating prompt of length 1084
[15:19:33.802194034|thread 2204284|cpu 260] [warning] replicating prompt of length 1355
[15:19:33.802194668|thread 2204284|cpu 260] [warning] replicating prompt of length 1626
[15:19:33.802195288|thread 2204284|cpu 260] [warning] replicating prompt of length 1897
[15:19:33.802195918|thread 2204284|cpu 260] [warning] replicating prompt of length 2168
[15:19:33.802196754|thread 2204284|cpu 260] [warning] replicating prompt of length 2439
[15:19:33.802197385|thread 2204284|cpu 260] [warning] replicating prompt of length 2710
[15:19:33.802197991|thread 2204284|cpu 260] [warning] replicating prompt of length 2981
[15:19:33.802198604|thread 2204284|cpu 260] [warning] replicating prompt of length 3252
[15:19:33.802199235|thread 2204284|cpu 260] [warning] replicating prompt of length 3523
[15:19:33.802199860|thread 2204284|cpu 260] [warning] replicating prompt of length 3794
[15:19:33.802200485|thread 2204284|cpu 260] [warning] replicating prompt of length 4065
[15:19:33.802201104|thread 2204284|cpu 260] [warning] replicating prompt of length 4336
[15:19:33.802203291|thread 2204284|cpu 260] [warning] replicating prompt of length 4607
[15:19:33.802203968|thread 2204284|cpu 260] [warning] replicating prompt of length 4878
[15:19:33.802204617|thread 2204284|cpu 260] [warning] replicating prompt of length 5149
[15:19:33.802205245|thread 2204284|cpu 260] [warning] replicating prompt of length 5420
[15:19:33.802205901|thread 2204284|cpu 260] [warning] replicating prompt of length 5691
[15:19:33.802206540|thread 2204284|cpu 260] [warning] replicating prompt of length 5962
[15:19:33.802207144|thread 2204284|cpu 260] [warning] replicating prompt of length 6233
[15:19:33.802207780|thread 2204284|cpu 260] [warning] replicating prompt of length 6504
[15:19:33.802208440|thread 2204284|cpu 260] [warning] replicating prompt of length 6775
[15:19:33.802209081|thread 2204284|cpu 260] [warning] replicating prompt of length 7046
[15:19:33.802209717|thread 2204284|cpu 260] [warning] replicating prompt of length 7317
[15:19:33.802211219|thread 2204284|cpu 260] [warning] replicating prompt of length 7588
[15:19:33.802211923|thread 2204284|cpu 260] [warning] replicating prompt of length 7859
[15:19:33.802212560|thread 2204284|cpu 260] [warning] replicating prompt of length 8130
[15:19:33.802213222|thread 2204284|cpu 260] [warning] replicating prompt of length 674
[15:19:33.802214088|thread 2204284|cpu 260] [warning] replicating prompt of length 1348
[15:19:33.802217185|thread 2204284|cpu 260] [warning] replicating prompt of length 2022
[15:19:33.802217859|thread 2204284|cpu 260] [warning] replicating prompt of length 2696
[15:19:33.802218642|thread 2204284|cpu 260] [warning] replicating prompt of length 3370
[15:19:33.802219306|thread 2204284|cpu 260] [warning] replicating prompt of length 4044
[15:19:33.802219938|thread 2204284|cpu 260] [warning] replicating prompt of length 4718
[15:19:33.802220595|thread 2204284|cpu 260] [warning] replicating prompt of length 5392
[15:19:33.802222694|thread 2204284|cpu 260] [warning] replicating prompt of length 6066
[15:19:33.802223519|thread 2204284|cpu 260] [warning] replicating prompt of length 6740
[15:19:33.802224222|thread 2204284|cpu 260] [warning] replicating prompt of length 7414
[15:19:33.802224902|thread 2204284|cpu 260] [warning] replicating prompt of length 8088
[15:19:33.802225567|thread 2204284|cpu 260] [warning] replicating prompt of length 175
[15:19:33.802226283|thread 2204284|cpu 260] [warning] replicating prompt of length 350
[15:19:33.802226954|thread 2204284|cpu 260] [warning] replicating prompt of length 525
[15:19:33.802227611|thread 2204284|cpu 260] [warning] replicating prompt of length 700
[15:19:33.802228315|thread 2204284|cpu 260] [warning] replicating prompt of length 875
[15:19:33.802228946|thread 2204284|cpu 260] [warning] replicating prompt of length 1050
[15:19:33.802229590|thread 2204284|cpu 260] [warning] replicating prompt of length 1225
[15:19:33.802230243|thread 2204284|cpu 260] [warning] replicating prompt of length 1400
[15:19:33.802230969|thread 2204284|cpu 260] [warning] replicating prompt of length 1575
[15:19:33.802231609|thread 2204284|cpu 260] [warning] replicating prompt of length 1750
[15:19:33.802232234|thread 2204284|cpu 260] [warning] replicating prompt of length 1925
[15:19:33.802232877|thread 2204284|cpu 260] [warning] replicating prompt of length 2100
[15:19:33.802233494|thread 2204284|cpu 260] [warning] replicating prompt of length 2275
[15:19:33.802234103|thread 2204284|cpu 260] [warning] replicating prompt of length 2450
[15:19:33.802234748|thread 2204284|cpu 260] [warning] replicating prompt of length 2625
[15:19:33.802235369|thread 2204284|cpu 260] [warning] replicating prompt of length 2800
[15:19:33.802236158|thread 2204284|cpu 260] [warning] replicating prompt of length 2975
[15:19:33.802236799|thread 2204284|cpu 260] [warning] replicating prompt of length 3150
[15:19:33.802237446|thread 2204284|cpu 260] [warning] replicating prompt of length 3325
[15:19:33.802238059|thread 2204284|cpu 260] [warning] replicating prompt of length 3500
[15:19:33.802238683|thread 2204284|cpu 260] [warning] replicating prompt of length 3675
[15:19:33.802239300|thread 2204284|cpu 260] [warning] replicating prompt of length 3850
[15:19:33.802239920|thread 2204284|cpu 260] [warning] replicating prompt of length 4025
[15:19:33.802240548|thread 2204284|cpu 260] [warning] replicating prompt of length 4200
[15:19:33.802241169|thread 2204284|cpu 260] [warning] replicating prompt of length 4375
[15:19:33.802241789|thread 2204284|cpu 260] [warning] replicating prompt of length 4550
[15:19:33.802242407|thread 2204284|cpu 260] [warning] replicating prompt of length 4725
[15:19:33.802243021|thread 2204284|cpu 260] [warning] replicating prompt of length 4900
[15:19:33.802243660|thread 2204284|cpu 260] [warning] replicating prompt of length 5075
[15:19:33.802244280|thread 2204284|cpu 260] [warning] replicating prompt of length 5250
[15:19:33.802244904|thread 2204284|cpu 260] [warning] replicating prompt of length 5425
[15:19:33.802245552|thread 2204284|cpu 260] [warning] replicating prompt of length 5600
[15:19:33.802248228|thread 2204284|cpu 260] [warning] replicating prompt of length 5775
[15:19:33.802248943|thread 2204284|cpu 260] [warning] replicating prompt of length 5950
[15:19:33.802249599|thread 2204284|cpu 260] [warning] replicating prompt of length 6125
[15:19:33.802250206|thread 2204284|cpu 260] [warning] replicating prompt of length 6300
[15:19:33.802250817|thread 2204284|cpu 260] [warning] replicating prompt of length 6475
[15:19:33.802251445|thread 2204284|cpu 260] [warning] replicating prompt of length 6650
[15:19:33.802252061|thread 2204284|cpu 260] [warning] replicating prompt of length 6825
[15:19:33.802252706|thread 2204284|cpu 260] [warning] replicating prompt of length 7000
[15:19:33.802253337|thread 2204284|cpu 260] [warning] replicating prompt of length 7175
[15:19:33.802253975|thread 2204284|cpu 260] [warning] replicating prompt of length 7350
[15:19:33.802254614|thread 2204284|cpu 260] [warning] replicating prompt of length 7525
[15:19:33.802255254|thread 2204284|cpu 260] [warning] replicating prompt of length 7700
[15:19:33.802255875|thread 2204284|cpu 260] [warning] replicating prompt of length 7875
[15:19:33.802256526|thread 2204284|cpu 260] [warning] replicating prompt of length 8050
[15:19:33.802257165|thread 2204284|cpu 260] [warning] replicating prompt of length 274
[15:19:33.802257888|thread 2204284|cpu 260] [warning] replicating prompt of length 548
[15:19:33.802258594|thread 2204284|cpu 260] [warning] replicating prompt of length 822
[15:19:33.802259238|thread 2204284|cpu 260] [warning] replicating prompt of length 1096
[15:19:33.802259938|thread 2204284|cpu 260] [warning] replicating prompt of length 1370
[15:19:33.802260549|thread 2204284|cpu 260] [warning] replicating prompt of length 1644
[15:19:33.802261175|thread 2204284|cpu 260] [warning] replicating prompt of length 1918
[15:19:33.802261791|thread 2204284|cpu 260] [warning] replicating prompt of length 2192
[15:19:33.802262624|thread 2204284|cpu 260] [warning] replicating prompt of length 2466
[15:19:33.802263246|thread 2204284|cpu 260] [warning] replicating prompt of length 2740
[15:19:33.802263878|thread 2204284|cpu 260] [warning] replicating prompt of length 3014
[15:19:33.802264502|thread 2204284|cpu 260] [warning] replicating prompt of length 3288
[15:19:33.802265130|thread 2204284|cpu 260] [warning] replicating prompt of length 3562
[15:19:33.802265769|thread 2204284|cpu 260] [warning] replicating prompt of length 3836
[15:19:33.802266386|thread 2204284|cpu 260] [warning] replicating prompt of length 4110
[15:19:33.802267015|thread 2204284|cpu 260] [warning] replicating prompt of length 4384
[15:19:33.802269214|thread 2204284|cpu 260] [warning] replicating prompt of length 4658
[15:19:33.802269881|thread 2204284|cpu 260] [warning] replicating prompt of length 4932
[15:19:33.802270497|thread 2204284|cpu 260] [warning] replicating prompt of length 5206
[15:19:33.802271115|thread 2204284|cpu 260] [warning] replicating prompt of length 5480
[15:19:33.802271806|thread 2204284|cpu 260] [warning] replicating prompt of length 5754
[15:19:33.802272409|thread 2204284|cpu 260] [warning] replicating prompt of length 6028
[15:19:33.802273052|thread 2204284|cpu 260] [warning] replicating prompt of length 6302
[15:19:33.802273678|thread 2204284|cpu 260] [warning] replicating prompt of length 6576
[15:19:33.802274336|thread 2204284|cpu 260] [warning] replicating prompt of length 6850
[15:19:33.802274941|thread 2204284|cpu 260] [warning] replicating prompt of length 7124
[15:19:33.802275555|thread 2204284|cpu 260] [warning] replicating prompt of length 7398
[15:19:33.802276226|thread 2204284|cpu 260] [warning] replicating prompt of length 7672
[15:19:33.802276850|thread 2204284|cpu 260] [warning] replicating prompt of length 7946
[15:19:33.802277485|thread 2204284|cpu 260] [warning] replicating prompt of length 330
[15:19:33.802278279|thread 2204284|cpu 260] [warning] replicating prompt of length 660
[15:19:33.802278966|thread 2204284|cpu 260] [warning] replicating prompt of length 990
[15:19:33.802281443|thread 2204284|cpu 260] [warning] replicating prompt of length 1320
[15:19:33.802282245|thread 2204284|cpu 260] [warning] replicating prompt of length 1650
[15:19:33.802282858|thread 2204284|cpu 260] [warning] replicating prompt of length 1980
[15:19:33.802283481|thread 2204284|cpu 260] [warning] replicating prompt of length 2310
[15:19:33.802284105|thread 2204284|cpu 260] [warning] replicating prompt of length 2640
[15:19:33.802286894|thread 2204284|cpu 260] [warning] replicating prompt of length 2970
[15:19:33.802287595|thread 2204284|cpu 260] [warning] replicating prompt of length 3300
[15:19:33.802288212|thread 2204284|cpu 260] [warning] replicating prompt of length 3630
[15:19:33.802288834|thread 2204284|cpu 260] [warning] replicating prompt of length 3960
[15:19:33.802289461|thread 2204284|cpu 260] [warning] replicating prompt of length 4290
[15:19:33.802290111|thread 2204284|cpu 260] [warning] replicating prompt of length 4620
[15:19:33.802290748|thread 2204284|cpu 260] [warning] replicating prompt of length 4950
[15:19:33.802291372|thread 2204284|cpu 260] [warning] replicating prompt of length 5280
[15:19:33.802293378|thread 2204284|cpu 260] [warning] replicating prompt of length 5610
[15:19:33.802294121|thread 2204284|cpu 260] [warning] replicating prompt of length 5940
[15:19:33.802294741|thread 2204284|cpu 260] [warning] replicating prompt of length 6270
[15:19:33.802295355|thread 2204284|cpu 260] [warning] replicating prompt of length 6600
[15:19:33.802296014|thread 2204284|cpu 260] [warning] replicating prompt of length 6930
[15:19:33.802296633|thread 2204284|cpu 260] [warning] replicating prompt of length 7260
[15:19:33.802297269|thread 2204284|cpu 260] [warning] replicating prompt of length 7590
[15:19:33.802297918|thread 2204284|cpu 260] [warning] replicating prompt of length 7920
[15:19:33.802298573|thread 2204284|cpu 260] [warning] replicating prompt of length 90
[15:19:33.802299331|thread 2204284|cpu 260] [warning] replicating prompt of length 180
[15:19:33.802299992|thread 2204284|cpu 260] [warning] replicating prompt of length 270
[15:19:33.802300622|thread 2204284|cpu 260] [warning] replicating prompt of length 360
[15:19:33.802301281|thread 2204284|cpu 260] [warning] replicating prompt of length 450
[15:19:33.802301932|thread 2204284|cpu 260] [warning] replicating prompt of length 540
[15:19:33.802302576|thread 2204284|cpu 260] [warning] replicating prompt of length 630
[15:19:33.802303209|thread 2204284|cpu 260] [warning] replicating prompt of length 720
[15:19:33.802303897|thread 2204284|cpu 260] [warning] replicating prompt of length 810
[15:19:33.802304530|thread 2204284|cpu 260] [warning] replicating prompt of length 900
[15:19:33.802305162|thread 2204284|cpu 260] [warning] replicating prompt of length 990
[15:19:33.802305787|thread 2204284|cpu 260] [warning] replicating prompt of length 1080
[15:19:33.802306435|thread 2204284|cpu 260] [warning] replicating prompt of length 1170
[15:19:33.802307075|thread 2204284|cpu 260] [warning] replicating prompt of length 1260
[15:19:33.802307701|thread 2204284|cpu 260] [warning] replicating prompt of length 1350
[15:19:33.802308341|thread 2204284|cpu 260] [warning] replicating prompt of length 1440
[15:19:33.802309044|thread 2204284|cpu 260] [warning] replicating prompt of length 1530
[15:19:33.802309660|thread 2204284|cpu 260] [warning] replicating prompt of length 1620
[15:19:33.802310267|thread 2204284|cpu 260] [warning] replicating prompt of length 1710
[15:19:33.802310878|thread 2204284|cpu 260] [warning] replicating prompt of length 1800
[15:19:33.802311488|thread 2204284|cpu 260] [warning] replicating prompt of length 1890
[15:19:33.802312091|thread 2204284|cpu 260] [warning] replicating prompt of length 1980
[15:19:33.802312716|thread 2204284|cpu 260] [warning] replicating prompt of length 2070
[15:19:33.802313342|thread 2204284|cpu 260] [warning] replicating prompt of length 2160
[15:19:33.802313981|thread 2204284|cpu 260] [warning] replicating prompt of length 2250
[15:19:33.802314591|thread 2204284|cpu 260] [warning] replicating prompt of length 2340
[15:19:33.802315943|thread 2204284|cpu 260] [warning] replicating prompt of length 2430
[15:19:33.802316564|thread 2204284|cpu 260] [warning] replicating prompt of length 2520
[15:19:33.802317189|thread 2204284|cpu 260] [warning] replicating prompt of length 2610
[15:19:33.802317794|thread 2204284|cpu 260] [warning] replicating prompt of length 2700
[15:19:33.802318402|thread 2204284|cpu 260] [warning] replicating prompt of length 2790
[15:19:33.802319010|thread 2204284|cpu 260] [warning] replicating prompt of length 2880
[15:19:33.802319813|thread 2204284|cpu 260] [warning] replicating prompt of length 2970
[15:19:33.802320445|thread 2204284|cpu 260] [warning] replicating prompt of length 3060
[15:19:33.802321067|thread 2204284|cpu 260] [warning] replicating prompt of length 3150
[15:19:33.802321664|thread 2204284|cpu 260] [warning] replicating prompt of length 3240
[15:19:33.802322287|thread 2204284|cpu 260] [warning] replicating prompt of length 3330
[15:19:33.802322903|thread 2204284|cpu 260] [warning] replicating prompt of length 3420
[15:19:33.802323501|thread 2204284|cpu 260] [warning] replicating prompt of length 3510
[15:19:33.802324117|thread 2204284|cpu 260] [warning] replicating prompt of length 3600
[15:19:33.802324726|thread 2204284|cpu 260] [warning] replicating prompt of length 3690
[15:19:33.802325330|thread 2204284|cpu 260] [warning] replicating prompt of length 3780
[15:19:33.802325932|thread 2204284|cpu 260] [warning] replicating prompt of length 3870
[15:19:33.802326537|thread 2204284|cpu 260] [warning] replicating prompt of length 3960
[15:19:33.802327148|thread 2204284|cpu 260] [warning] replicating prompt of length 4050
[15:19:33.802327759|thread 2204284|cpu 260] [warning] replicating prompt of length 4140
[15:19:33.802328384|thread 2204284|cpu 260] [warning] replicating prompt of length 4230
[15:19:33.802329006|thread 2204284|cpu 260] [warning] replicating prompt of length 4320
[15:19:33.802329633|thread 2204284|cpu 260] [warning] replicating prompt of length 4410
[15:19:33.802330244|thread 2204284|cpu 260] [warning] replicating prompt of length 4500
[15:19:33.802330857|thread 2204284|cpu 260] [warning] replicating prompt of length 4590
[15:19:33.802331465|thread 2204284|cpu 260] [warning] replicating prompt of length 4680
[15:19:33.802332076|thread 2204284|cpu 260] [warning] replicating prompt of length 4770
[15:19:33.802332701|thread 2204284|cpu 260] [warning] replicating prompt of length 4860
[15:19:33.802333319|thread 2204284|cpu 260] [warning] replicating prompt of length 4950
[15:19:33.802333940|thread 2204284|cpu 260] [warning] replicating prompt of length 5040
[15:19:33.802334560|thread 2204284|cpu 260] [warning] replicating prompt of length 5130
[15:19:33.802335176|thread 2204284|cpu 260] [warning] replicating prompt of length 5220
[15:19:33.802335796|thread 2204284|cpu 260] [warning] replicating prompt of length 5310
[15:19:33.802336417|thread 2204284|cpu 260] [warning] replicating prompt of length 5400
[15:19:33.802337024|thread 2204284|cpu 260] [warning] replicating prompt of length 5490
[15:19:33.802337644|thread 2204284|cpu 260] [warning] replicating prompt of length 5580
[15:19:33.802338261|thread 2204284|cpu 260] [warning] replicating prompt of length 5670
[15:19:33.802338860|thread 2204284|cpu 260] [warning] replicating prompt of length 5760
[15:19:33.802340841|thread 2204284|cpu 260] [warning] replicating prompt of length 5850
[15:19:33.802341512|thread 2204284|cpu 260] [warning] replicating prompt of length 5940
[15:19:33.802342141|thread 2204284|cpu 260] [warning] replicating prompt of length 6030
[15:19:33.802342765|thread 2204284|cpu 260] [warning] replicating prompt of length 6120
[15:19:33.802343372|thread 2204284|cpu 260] [warning] replicating prompt of length 6210
[15:19:33.802343983|thread 2204284|cpu 260] [warning] replicating prompt of length 6300
[15:19:33.802344625|thread 2204284|cpu 260] [warning] replicating prompt of length 6390
[15:19:33.802345242|thread 2204284|cpu 260] [warning] replicating prompt of length 6480
[15:19:33.802345856|thread 2204284|cpu 260] [warning] replicating prompt of length 6570
[15:19:33.802347209|thread 2204284|cpu 260] [warning] replicating prompt of length 6660
[15:19:33.802347865|thread 2204284|cpu 260] [warning] replicating prompt of length 6750
[15:19:33.802348479|thread 2204284|cpu 260] [warning] replicating prompt of length 6840
[15:19:33.802349095|thread 2204284|cpu 260] [warning] replicating prompt of length 6930
[15:19:33.802351715|thread 2204284|cpu 260] [warning] replicating prompt of length 7020
[15:19:33.802352347|thread 2204284|cpu 260] [warning] replicating prompt of length 7110
[15:19:33.802352981|thread 2204284|cpu 260] [warning] replicating prompt of length 7200
[15:19:33.802353596|thread 2204284|cpu 260] [warning] replicating prompt of length 7290
[15:19:33.802354205|thread 2204284|cpu 260] [warning] replicating prompt of length 7380
[15:19:33.802354808|thread 2204284|cpu 260] [warning] replicating prompt of length 7470
[15:19:33.802355413|thread 2204284|cpu 260] [warning] replicating prompt of length 7560
[15:19:33.802356037|thread 2204284|cpu 260] [warning] replicating prompt of length 7650
[15:19:33.802356688|thread 2204284|cpu 260] [warning] replicating prompt of length 7740
[15:19:33.802357299|thread 2204284|cpu 260] [warning] replicating prompt of length 7830
[15:19:33.802357907|thread 2204284|cpu 260] [warning] replicating prompt of length 7920
[15:19:33.802358516|thread 2204284|cpu 260] [warning] replicating prompt of length 8010
[15:19:33.802359137|thread 2204284|cpu 260] [warning] replicating prompt of length 8100
[15:19:33.802359761|thread 2204284|cpu 260] [warning] replicating prompt of length 8190
[15:19:33.802360387|thread 2204284|cpu 260] [warning] replicating prompt of length 746
[15:19:33.802361236|thread 2204284|cpu 260] [warning] replicating prompt of length 1492
[15:19:33.802361971|thread 2204284|cpu 260] [warning] replicating prompt of length 2238
[15:19:33.802362614|thread 2204284|cpu 260] [warning] replicating prompt of length 2984
[15:19:33.802363485|thread 2204284|cpu 260] [warning] replicating prompt of length 3730
[15:19:33.802364168|thread 2204284|cpu 260] [warning] replicating prompt of length 4476
[15:19:33.802364816|thread 2204284|cpu 260] [warning] replicating prompt of length 5222
[15:19:33.802365453|thread 2204284|cpu 260] [warning] replicating prompt of length 5968
[15:19:33.802367456|thread 2204284|cpu 260] [warning] replicating prompt of length 6714
[15:19:33.802368199|thread 2204284|cpu 260] [warning] replicating prompt of length 7460
[15:19:33.802368951|thread 2204284|cpu 260] [warning] replicating prompt of length 1370
[15:19:33.802369874|thread 2204284|cpu 260] [warning] replicating prompt of length 2740
[15:19:33.802370644|thread 2204284|cpu 260] [warning] replicating prompt of length 4110
[15:19:33.802371308|thread 2204284|cpu 260] [warning] replicating prompt of length 5480
[15:19:33.802373344|thread 2204284|cpu 260] [warning] replicating prompt of length 6850
[15:19:33.802374196|thread 2204284|cpu 260] [warning] replicating prompt of length 3161
[15:19:33.802375413|thread 2204284|cpu 260] [warning] replicating prompt of length 6322
[15:19:33.802389254|thread 2204284|cpu 260] [info ] Processing 48 prompts
[15:19:33.802656550|thread 2204284|cpu 260] [debug] No model path specified, looking up default
[15:19:33.803778797|thread 2204284|cpu 260] [info ] Model ingested-qwen-3-4b-instruct-2507-tp2 at /opt/positron/weights_cache/cached/positron-ai/Qwen--Qwen3-4B-Instruct-2507-ingest-best-gptq-v1 not in cache 0x64d8a1e83e88, loading
[15:19:33.803830744|thread 2204284|cpu 260] [info ] Initializing devices took 4.21e-07 s
[15:19:33.803951408|thread 2204284|cpu 260] [info ] Loading all layers from /opt/positron/weights_cache/cached/positron-ai/Qwen--Qwen3-4B-Instruct-2507-ingest-best-gptq-v1
[15:19:33.803956199|thread 2204284|cpu 260] [info ] Using RotatedAmongDevices placement strategy with device_count=2, replicas=1
[15:19:33.804019595|thread 2204284|cpu 260] [info ] Sharded safetensors file found off directory name
[15:19:35.151710988|thread 2204284|cpu 260] [info ] Allocating and loading the model took 1.347872171 s 
[15:19:35.176177391|thread 2204284|cpu 260] [info ] Hw-Attn model params: hw_attn_params { kv_head_size: 128 n_kv_heads: 8 n_heads: 32 gqa: 4 pre_attn_scalar: 0.088388346 hw_layers: 0 }, 36 layers
[15:19:35.182270111|thread 2204284|cpu 260] [info ] HW attention disabled for model 'ingested-qwen-3-4b-instruct-2507-tp2': USE_HW_ATTN=0
[15:19:35.182294072|thread 2204284|cpu 260] [info ] Allocated state tron::model<tron::qwen_3_4b_instruct_2507_impl<tron::make_llm_executor<false, tron::hardware::tp2_min1k_tensor, tron::hardware::btensor, tron::hardware::dtensor> > >::state
[15:19:35.182302395|thread 2204284|cpu 260] [info ] Trying to use 64 GB for persistent KV cache (covering all models)
[15:19:35.182427743|thread 2204284|cpu 260] [info ] Duration between prompts is 0ms ± 0ms
[15:19:35.182439629|thread 2204284|cpu 260] [info ] Enqueueing prompt 1/48 consisting of 8192 tokens
[15:19:35.182663935|thread 2204284|cpu 260] [info ] Enqueueing prompt 2/48 consisting of 8192 tokens
[15:19:35.182676144|thread 2204284|cpu 260] [info ] Enqueueing prompt 3/48 consisting of 8192 tokens
[15:19:35.182689310|thread 2204284|cpu 260] [info ] Enqueueing prompt 4/48 consisting of 8192 tokens
[15:19:35.182700796|thread 2204284|cpu 260] [info ] Enqueueing prompt 5/48 consisting of 8192 tokens
[15:19:35.182712254|thread 2204284|cpu 260] [info ] Enqueueing prompt 6/48 consisting of 8192 tokens
[15:19:35.182723696|thread 2204284|cpu 260] [info ] Enqueueing prompt 7/48 consisting of 8192 tokens
[15:19:35.182736369|thread 2204284|cpu 260] [info ] Enqueueing prompt 8/48 consisting of 8192 tokens
[15:19:35.182747397|thread 2204284|cpu 260] [info ] Enqueueing prompt 9/48 consisting of 8192 tokens
[15:19:35.182758706|thread 2204284|cpu 260] [info ] Enqueueing prompt 10/48 consisting of 8192 tokens
[15:19:35.182769874|thread 2204284|cpu 260] [info ] Enqueueing prompt 11/48 consisting of 8192 tokens
[15:19:35.182780380|thread 2204284|cpu 260] [info ] Enqueueing prompt 12/48 consisting of 8192 tokens
[15:19:35.182791227|thread 2204284|cpu 260] [info ] Enqueueing prompt 13/48 consisting of 8192 tokens
[15:19:35.182804440|thread 2204284|cpu 260] [info ] Enqueueing prompt 14/48 consisting of 8192 tokens
[15:19:35.182815358|thread 2204284|cpu 260] [info ] Enqueueing prompt 15/48 consisting of 8192 tokens
[15:19:35.182827612|thread 2204284|cpu 260] [info ] Enqueueing prompt 16/48 consisting of 8192 tokens
[15:19:35.182838564|thread 2204284|cpu 260] [info ] Enqueueing prompt 17/48 consisting of 8192 tokens
[15:19:35.182849380|thread 2204284|cpu 260] [info ] Enqueueing prompt 18/48 consisting of 8192 tokens
[15:19:35.182860267|thread 2204284|cpu 260] [info ] Enqueueing prompt 19/48 consisting of 8192 tokens
[15:19:35.182872144|thread 2204284|cpu 260] [info ] Enqueueing prompt 20/48 consisting of 8192 tokens
[15:19:35.182883101|thread 2204284|cpu 260] [info ] Enqueueing prompt 21/48 consisting of 8192 tokens
[15:19:35.182894464|thread 2204284|cpu 260] [info ] Enqueueing prompt 22/48 consisting of 8192 tokens
[15:19:35.182905342|thread 2204284|cpu 260] [info ] Enqueueing prompt 23/48 consisting of 8192 tokens
[15:19:35.182915763|thread 2204284|cpu 260] [info ] Enqueueing prompt 24/48 consisting of 8192 tokens
[15:19:35.182926540|thread 2204284|cpu 260] [info ] Enqueueing prompt 25/48 consisting of 8192 tokens
[15:19:35.182939402|thread 2204284|cpu 260] [info ] Enqueueing prompt 26/48 consisting of 8192 tokens
[15:19:35.182951800|thread 2204284|cpu 260] [info ] Enqueueing prompt 27/48 consisting of 8192 tokens
[15:19:35.182963001|thread 2204284|cpu 260] [info ] Enqueueing prompt 28/48 consisting of 8192 tokens
[15:19:35.182974376|thread 2204284|cpu 260] [info ] Enqueueing prompt 29/48 consisting of 8192 tokens
[15:19:35.182985015|thread 2204284|cpu 260] [info ] Enqueueing prompt 30/48 consisting of 8192 tokens
[15:19:35.182996333|thread 2204284|cpu 260] [info ] Enqueueing prompt 31/48 consisting of 8192 tokens
[15:19:35.183009598|thread 2204284|cpu 260] [info ] Enqueueing prompt 32/48 consisting of 8192 tokens
[15:19:35.183031022|thread 2204284|cpu 260] [info ] Enqueueing prompt 33/48 consisting of 8192 tokens
[15:19:35.183043426|thread 2204284|cpu 260] [info ] Enqueueing prompt 34/48 consisting of 8192 tokens
[15:19:35.183055201|thread 2204284|cpu 260] [info ] Enqueueing prompt 35/48 consisting of 8192 tokens
[15:19:35.183066539|thread 2204284|cpu 260] [info ] Enqueueing prompt 36/48 consisting of 8192 tokens
[15:19:35.183086230|thread 2204284|cpu 260] [info ] Enqueueing prompt 37/48 consisting of 8192 tokens
[15:19:35.183098900|thread 2204284|cpu 260] [info ] Enqueueing prompt 38/48 consisting of 8192 tokens
[15:19:35.183109599|thread 2204284|cpu 260] [info ] Enqueueing prompt 39/48 consisting of 8192 tokens
[15:19:35.183120829|thread 2204284|cpu 260] [info ] Enqueueing prompt 40/48 consisting of 8192 tokens
[15:19:35.183135356|thread 2204284|cpu 260] [info ] Enqueueing prompt 41/48 consisting of 8192 tokens
[15:19:35.183146505|thread 2204284|cpu 260] [info ] Enqueueing prompt 42/48 consisting of 8192 tokens
[15:19:35.183447718|thread 2214510|cpu 260] [info ] KV cache footprint: 1.10 GB in 5 books
[15:19:35.183597087|thread 2214510|cpu 260] [info ] KV cache footprint: 2.20 GB in 10 books
[15:19:35.183750623|thread 2214510|cpu 260] [info ] KV cache footprint: 3.30 GB in 15 books
[15:19:35.183903610|thread 2214510|cpu 260] [info ] KV cache footprint: 4.39 GB in 20 books
[15:19:35.184188715|thread 2214510|cpu 260] [info ] KV cache footprint: 5.49 GB in 25 books
[15:19:35.184347838|thread 2214510|cpu 260] [info ] KV cache footprint: 6.59 GB in 30 books
[15:19:35.184511088|thread 2214510|cpu 260] [info ] KV cache footprint: 7.71 GB in 36 books
[15:19:35.184655389|thread 2214510|cpu 260] [info ] KV cache footprint: 8.81 GB in 41 books
[15:19:35.186280621|thread 2204284|cpu 260] [info ] Enqueueing prompt 43/48 consisting of 8192 tokens
[15:19:35.186305161|thread 2204284|cpu 260] [info ] Enqueueing prompt 44/48 consisting of 8192 tokens
[15:19:35.186318297|thread 2204284|cpu 260] [info ] Enqueueing prompt 45/48 consisting of 8192 tokens
[15:19:35.186330203|thread 2204284|cpu 260] [info ] Enqueueing prompt 46/48 consisting of 8192 tokens
[15:19:35.186363830|thread 2204284|cpu 260] [info ] Enqueueing prompt 47/48 consisting of 8192 tokens
[15:19:35.186397209|thread 2204284|cpu 260] [info ] Enqueueing prompt 48/48 consisting of 8192 tokens
[15:19:35.558202504|thread 2214510|cpu 260] [info ] KV cache footprint: 9.91 GB in 46 books
[15:19:40.859342043|thread 2214510|cpu 260] [info ] KV cache footprint: 11.00 GB in 51 books
[15:19:40.859478302|thread 2214510|cpu 260] [info ] KV cache footprint: 12.10 GB in 56 books
[15:19:49.897278390|thread 2214510|cpu 260] [info ] KV cache footprint: 13.20 GB in 61 books
[15:20:02.122265839|thread 2214510|cpu 260] [info ] KV cache footprint: 14.30 GB in 66 books
[15:20:02.122399965|thread 2214510|cpu 260] [info ] KV cache footprint: 15.40 GB in 71 books
[15:20:17.496722799|thread 2214510|cpu 260] [info ] KV cache footprint: 16.50 GB in 76 books
[15:20:36.066009146|thread 2214510|cpu 260] [info ] KV cache footprint: 17.60 GB in 81 books
[15:20:36.066149626|thread 2214510|cpu 260] [info ] KV cache footprint: 18.69 GB in 86 books
[15:20:42.950073959|thread 2212245|cpu 260] [info ] [Request 29] Parsing the prompt took 67.767088044 s at 120.88463937953296 tokens/s
[15:20:42.950074061|thread 2212240|cpu 260] [info ] [Request 15] Parsing the prompt took 67.767246868 s at 120.88435606594341 tokens/s
[15:20:42.950074035|thread 2212237|cpu 260] [info ] [Request 1] Parsing the prompt took 67.767622167 s at 120.88368660497522 tokens/s
[15:20:42.950074061|thread 2212243|cpu 260] [info ] [Request 26] Parsing the prompt took 67.767125106 s at 120.88457326743958 tokens/s
[15:20:42.950074079|thread 2212246|cpu 260] [info ] [Request 32] Parsing the prompt took 67.767044953 s at 120.88471624639354 tokens/s
[15:20:42.950074087|thread 2212244|cpu 260] [info ] [Request 28] Parsing the prompt took 67.767099232 s at 120.88461942209992 tokens/s
[15:20:42.950074066|thread 2212238|cpu 260] [info ] [Request 2] Parsing the prompt took 67.767397387 s at 120.88408756821305 tokens/s
[15:20:42.950074089|thread 2212242|cpu 260] [info ] [Request 20] Parsing the prompt took 67.767189755 s at 120.88445794516036 tokens/s
[15:20:51.039821525|thread 2214510|cpu 260] [info ] KV cache footprint: 19.79 GB in 91 books
[15:21:00.461543311|thread 2214510|cpu 260] [info ] KV cache footprint: 20.89 GB in 96 books
[15:21:01.457331387|thread 2214510|cpu 260] [info ] KV cache footprint: 21.99 GB in 101 books
[15:21:14.954671668|thread 2214510|cpu 260] [info ] KV cache footprint: 23.09 GB in 106 books
[15:21:29.849418332|thread 2214510|cpu 260] [info ] KV cache footprint: 24.19 GB in 111 books
[15:21:31.344289474|thread 2214510|cpu 260] [info ] KV cache footprint: 25.29 GB in 116 books
[15:21:50.634576933|thread 2214510|cpu 260] [info ] KV cache footprint: 26.38 GB in 121 books
[15:21:50.634706791|thread 2214510|cpu 260] [info ] KV cache footprint: 27.48 GB in 126 books
[15:21:54.117628737|thread 2212240|cpu 260] [info ] [Request 15] Generating 61 response tokens with 8193 context took 70.629531 s at 0.864 average tok/s, or 1157.861 ms/tok
[15:21:54.117628700|thread 2212242|cpu 260] [info ] [Request 20] Generating 61 response tokens with 8193 context took 70.629535 s at 0.864 average tok/s, or 1157.861 ms/tok
[15:21:54.117691872|thread 2212242|cpu 260] [info ] [Request 20] Request with 8192 tokens in and 64 out (sequence limit) saw 67.767190 s TTFT and 138.934743 s TTLT
[15:21:54.117628749|thread 2212238|cpu 260] [info ] [Request 2] Generating 61 response tokens with 8193 context took 70.629534 s at 0.864 average tok/s, or 1157.861 ms/tok
[15:21:54.117628721|thread 2212244|cpu 260] [info ] [Request 28] Generating 61 response tokens with 8193 context took 70.629532 s at 0.864 average tok/s, or 1157.861 ms/tok
[15:21:54.117628740|thread 2212246|cpu 260] [info ] [Request 32] Generating 61 response tokens with 8193 context took 70.629531 s at 0.864 average tok/s, or 1157.861 ms/tok
[15:21:54.117742147|thread 2212246|cpu 260] [info ] [Request 32] Request with 8192 tokens in and 64 out (sequence limit) saw 67.767045 s TTFT and 138.934601 s TTLT
[15:21:54.117628733|thread 2212245|cpu 260] [info ] [Request 29] Generating 61 response tokens with 8193 context took 70.629528 s at 0.864 average tok/s, or 1157.861 ms/tok
[15:21:54.117632325|thread 2212243|cpu 260] [info ] [Request 26] Generating 61 response tokens with 8193 context took 70.629536 s at 0.864 average tok/s, or 1157.861 ms/tok
[15:21:54.117775023|thread 2212243|cpu 260] [info ] [Request 26] Request with 8192 tokens in and 64 out (sequence limit) saw 67.767125 s TTFT and 138.934683 s TTLT
[15:21:54.117628601|thread 2212237|cpu 260] [info ] [Request 1] Generating 61 response tokens with 8193 context took 70.629537 s at 0.864 average tok/s, or 1157.861 ms/tok
[15:21:54.117674512|thread 2212240|cpu 260] [info ] [Request 15] Request with 8192 tokens in and 64 out (sequence limit) saw 67.767247 s TTFT and 138.934797 s TTLT
[15:21:54.117715275|thread 2212238|cpu 260] [info ] [Request 2] Request with 8192 tokens in and 64 out (sequence limit) saw 67.767397 s TTFT and 138.934948 s TTLT
[15:21:54.117729990|thread 2212244|cpu 260] [info ] [Request 28] Request with 8192 tokens in and 64 out (sequence limit) saw 67.767099 s TTFT and 138.934655 s TTLT
[15:21:54.117762003|thread 2212245|cpu 260] [info ] [Request 29] Request with 8192 tokens in and 64 out (sequence limit) saw 67.767088 s TTFT and 138.934644 s TTLT
[15:21:54.117791571|thread 2212237|cpu 260] [info ] [Request 1] Request with 8192 tokens in and 64 out (sequence limit) saw 67.767622 s TTFT and 138.935175 s TTLT
[15:21:57.600187894|thread 2212238|cpu 260] [info ] [Request 44] Parsing the prompt took 142.413870181 s at 57.52248702734102 tokens/s
[15:21:57.600187887|thread 2212244|cpu 260] [info ] [Request 23] Parsing the prompt took 142.417274228 s at 57.521112129173225 tokens/s
[15:21:57.600187810|thread 2212240|cpu 260] [info ] [Request 47] Parsing the prompt took 142.41380031 s at 57.52251524899989 tokens/s
[15:21:57.600187836|thread 2212242|cpu 260] [info ] [Request 3] Parsing the prompt took 142.417500617 s at 57.52102069274864 tokens/s
[15:21:57.600188252|thread 2212243|cpu 260] [info ] [Request 21] Parsing the prompt took 142.417297144 s at 57.52110287359941 tokens/s
[15:21:57.600187778|thread 2212237|cpu 260] [info ] [Request 42] Parsing the prompt took 142.413922951 s at 57.522465712980896 tokens/s
[15:21:57.600190404|thread 2212245|cpu 260] [info ] [Request 4] Parsing the prompt took 142.417493197 s at 57.52102368961346 tokens/s
[15:22:06.171086434|thread 2214511|cpu 260] [debug] #EVT# HandleDetails::is_anomalous() handle_id=32 time in state STATE_OPENED exceeded threshold: 67767033987 ns
[15:22:06.171172606|thread 2214511|cpu 260] [debug] #EVT#   Handle,    32, Created, 753186596879686, Last, 753327292611585, Prompted,  8191, Generated,    64, Input TPS, 120.88, Output TPS:  0.77, Callbacks,    64, prompt parsing complete, open
[15:22:06.171258563|thread 2214511|cpu 260] [info ] #EVT#   Handle 32 history:
        SESSION_OPEN, prompt 8192 tokens, offset=0 ns
        PROMPT_TOKENS_REUSE, offset=67767027715 ns
        ON_START_CALLED, offset=67767033987 ns
        ON_START_RETURNED, offset=67767154186 ns
        ON_TOKENS_CALLED, generate 1 tokens, offset=67767174368 ns
        ON_TOKENS_RETURNED, offset=67767175285 ns
        ON_TOKENS_CALLED, generate 1 tokens, offset=68305060866 ns
        ON_TOKENS_RETURNED, offset=68305063868 ns
        ON_TOKENS_CALLED, generate 1 tokens, offset=68874918078 ns
        ON_TOKENS_RETURNED, offset=68874920104 ns
        ON_TOKENS_CALLED, generate 1 tokens, offset=69485072343 ns
        ON_TOKENS_RETURNED, offset=69485074569 ns
        ON_TOKENS_CALLED, generate 1 tokens, offset=70130247900 ns
        ON_TOKENS_RETURNED, offset=70130250059 ns
        ON_TOKENS_CALLED, generate 1 tokens, offset=70795545624 ns
        ON_TOKENS_RETURNED, offset=70795547225 ns
        ON_TOKENS_CALLED, generate 1 tokens, offset=71481401212 ns
        ON_TOKENS_RETURNED, offset=71481403555 ns
        ON_TOKENS_CALLED, generate 1 tokens, offset=72175638354 ns
        ON_TOKENS_RETURNED, offset=72175640064 ns
        ON_TOKENS_CALLED, generate 1 tokens, offset=72885531637 ns
        ON_TOKENS_RETURNED, offset=72885536385 ns
        ON_TOKENS_CALLED, generate 1 tokens, offset=73607063076 ns
        ON_TOKENS_RETURNED, offset=73607064674 ns
        ON_TOKENS_CALLED, generate 1 tokens, offset=74346301118 ns
        ON_TOKENS_RETURNED, offset=74346304165 ns
        ON_TOKENS_CALLED, generate 1 tokens, offset=75092198483 ns
        ON_TOKENS_RETURNED, offset=75092200022 ns
        ON_TOKENS_CALLED, generate 1 tokens, offset=75856630035 ns
        ON_TOKENS_RETURNED, offset=75856633161 ns
        ON_TOKENS_CALLED, generate 1 tokens, offset=76619797169 ns
        ON_TOKENS_RETURNED, offset=76619798904 ns
        ON_TOKENS_CALLED, generate 1 tokens, offset=77400507485 ns
        ON_TOKENS_RETURNED, offset=77400509723 ns
        ON_TOKENS_CALLED, generate 1 tokens, offset=78190188006 ns
        ON_TOKENS_RETURNED, offset=78190189139 ns
        ON_TOKENS_CALLED, generate 1 tokens, offset=79005868987 ns
        ON_TOKENS_RETURNED, offset=79005881307 ns
        ON_TOKENS_CALLED, generate 1 tokens, offset=79824064713 ns
        ON_TOKENS_RETURNED, offset=79824067269 ns
        ON_TOKENS_CALLED, generate 1 tokens, offset=80687119348 ns
        ON_TOKENS_RETURNED, offset=80687123675 ns
        ON_TOKENS_CALLED, generate 1 tokens, offset=81557216738 ns
        ON_TOKENS_RETURNED, offset=81557218398 ns
        ON_TOKENS_CALLED, generate 1 tokens, offset=82462731119 ns
        ON_TOKENS_RETURNED, offset=82462732520 ns
        ON_TOKENS_CALLED, generate 1 tokens, offset=83369964277 ns
        ON_TOKENS_RETURNED, offset=83369965524 ns
        ON_TOKENS_CALLED, generate 1 tokens, offset=84323530915 ns
        ON_TOKENS_RETURNED, offset=84323533440 ns
        ON_TOKENS_CALLED, generate 1 tokens, offset=85278347759 ns
        ON_TOKENS_RETURNED, offset=85278349779 ns
        ON_TOKENS_CALLED, generate 1 tokens, offset=86274116182 ns
        ON_TOKENS_RETURNED, offset=86274117780 ns
        ON_TOKENS_CALLED, generate 1 tokens, offset=87264646302 ns
        ON_TOKENS_RETURNED, offset=87264647530 ns
        ON_TOKENS_CALLED, generate 1 tokens, offset=88306653557 ns
        ON_TOKENS_RETURNED, offset=88306654966 ns
        ON_TOKENS_CALLED, generate 1 tokens, offset=89347099091 ns
        ON_TOKENS_RETURNED, offset=89347101180 ns
        ON_TOKENS_CALLED, generate 1 tokens, offset=90430445969 ns
        ON_TOKENS_RETURNED, offset=90430447406 ns
        ON_TOKENS_CALLED, generate 1 tokens, offset=91506226898 ns
        ON_TOKENS_RETURNED, offset=91506229194 ns
        ON_TOKENS_CALLED, generate 1 tokens, offset=92634167737 ns
        ON_TOKENS_RETURNED, offset=92634169014 ns
        ON_TOKENS_CALLED, generate 1 tokens, offset=93761515838 ns
        ON_TOKENS_RETURNED, offset=93761516862 ns
        ON_TOKENS_CALLED, generate 1 tokens, offset=94932177695 ns
        ON_TOKENS_RETURNED, offset=94932182129 ns
        ON_TOKENS_CALLED, generate 1 tokens, offset=96089627030 ns
        ON_TOKENS_RETURNED, offset=96089628204 ns
        ON_TOKENS_CALLED, generate 1 tokens, offset=97305698922 ns
        ON_TOKENS_RETURNED, offset=97305700267 ns
        ON_TOKENS_CALLED, generate 1 tokens, offset=98515131198 ns
        ON_TOKENS_RETURNED, offset=98515133458 ns
        ON_TOKENS_CALLED, generate 1 tokens, offset=99771473084 ns
        ON_TOKENS_RETURNED, offset=99771475803 ns
        ON_TOKENS_CALLED, generate 1 tokens, offset=101007535726 ns
        ON_TOKENS_RETURNED, offset=101007537073 ns
        ON_TOKENS_CALLED, generate 1 tokens, offset=102299718691 ns
        ON_TOKENS_RETURNED, offset=102299720799 ns
        ON_TOKENS_CALLED, generate 1 tokens, offset=103581331770 ns
        ON_TOKENS_RETURNED, offset=103581332880 ns
        ON_TOKENS_CALLED, generate 1 tokens, offset=104910929620 ns
        ON_TOKENS_RETURNED, offset=104910930979 ns
        ON_TOKENS_CALLED, generate 1 tokens, offset=106221449959 ns
        ON_TOKENS_RETURNED, offset=106221451379 ns
        ON_TOKENS_CALLED, generate 1 tokens, offset=107594497051 ns
        ON_TOKENS_RETURNED, offset=107594498502 ns
        ON_TOKENS_CALLED, generate 1 tokens, offset=108958276653 ns
        ON_TOKENS_RETURNED, offset=108958278244 ns
        ON_TOKENS_CALLED, generate 1 tokens, offset=110368136240 ns
        ON_TOKENS_RETURNED, offset=110368137489 ns
        ON_TOKENS_CALLED, generate 1 tokens, offset=111764663770 ns
        ON_TOKENS_RETURNED, offset=111764664911 ns
        ON_TOKENS_CALLED, generate 1 tokens, offset=113219296047 ns
        ON_TOKENS_RETURNED, offset=113219297500 ns
        ON_TOKENS_CALLED, generate 1 tokens, offset=114666214035 ns
        ON_TOKENS_RETURNED, offset=114666216576 ns
        ON_TOKENS_CALLED, generate 1 tokens, offset=116161032615 ns
        ON_TOKENS_RETURNED, offset=116161034492 ns
        ON_TOKENS_CALLED, generate 1 tokens, offset=117634382071 ns
        ON_TOKENS_RETURNED, offset=117634383477 ns
        ON_TOKENS_CALLED, generate 1 tokens, offset=119169185178 ns
        ON_TOKENS_RETURNED, offset=119169187143 ns
        ON_TOKENS_CALLED, generate 1 tokens, offset=120694376486 ns
        ON_TOKENS_RETURNED, offset=120694377720 ns
        ON_TOKENS_CALLED, generate 1 tokens, offset=122270428918 ns
        ON_TOKENS_RETURNED, offset=122270430401 ns
        ON_TOKENS_CALLED, generate 1 tokens, offset=123823030087 ns
        ON_TOKENS_RETURNED, offset=123823032080 ns
        ON_TOKENS_CALLED, generate 1 tokens, offset=125435555198 ns
        ON_TOKENS_RETURNED, offset=125435556517 ns
        ON_TOKENS_CALLED, generate 1 tokens, offset=127039882478 ns
        ON_TOKENS_RETURNED, offset=127039883755 ns
        ON_TOKENS_CALLED, generate 1 tokens, offset=128697017420 ns
        ON_TOKENS_RETURNED, offset=128697018814 ns
        ON_TOKENS_CALLED, generate 1 tokens, offset=130332355222 ns
        ON_TOKENS_RETURNED, offset=130332356843 ns
        ON_TOKENS_CALLED, generate 1 tokens, offset=132030736462 ns
        ON_TOKENS_RETURNED, offset=132030737901 ns
        ON_TOKENS_CALLED, generate 1 tokens, offset=133714528339 ns
        ON_TOKENS_RETURNED, offset=133714529941 ns
        ON_TOKENS_CALLED, generate 1 tokens, offset=135451398200 ns
        ON_TOKENS_RETURNED, offset=135451400569 ns
        ON_TOKENS_CALLED, generate 1 tokens, offset=137156775570 ns
        ON_TOKENS_RETURNED, offset=137156777184 ns
        ON_TOKENS_CALLED, generate 1 tokens, offset=138934590654 ns
        ON_TOKENS_RETURNED, offset=138934713861 ns
        ON_TOKENS_CALLED, generate 1 tokens, offset=140695726854 ns
        ON_TOKENS_RETURNED, offset=140695731899 ns
[15:22:06.171318954|thread 2214511|cpu 260] [debug] #EVT# HandleDetails::is_anomalous() handle_id=2 time in state STATE_OPENED exceeded threshold: 67767389233 ns
[15:22:06.171322349|thread 2214511|cpu 260] [debug] #EVT#   Handle,     2, Created, 753186596524970, Last, 753327292601368, Prompted,  8191, Generated,    64, Input TPS, 120.88, Output TPS:  0.77, Callbacks,    64, prompt parsing complete, open
[15:22:06.171339613|thread 2214511|cpu 260] [info ] #EVT#   Handle 2 history:
        SESSION_OPEN, prompt 8192 tokens, offset=0 ns
        PROMPT_TOKENS_REUSE, offset=67767371834 ns
        ON_START_CALLED, offset=67767389233 ns
        ON_START_RETURNED, offset=67767564016 ns
        ON_TOKENS_CALLED, generate 1 tokens, offset=67767572103 ns
        ON_TOKENS_RETURNED, offset=67767573037 ns
        ON_TOKENS_CALLED, generate 1 tokens, offset=68305406799 ns
        ON_TOKENS_RETURNED, offset=68305409949 ns
        ON_TOKENS_CALLED, generate 1 tokens, offset=68875267343 ns
        ON_TOKENS_RETURNED, offset=68875268330 ns
        ON_TOKENS_CALLED, generate 1 tokens, offset=69485417437 ns
        ON_TOKENS_RETURNED, offset=69485420820 ns
        ON_TOKENS_CALLED, generate 1 tokens, offset=70130594627 ns
        ON_TOKENS_RETURNED, offset=70130597664 ns
        ON_TOKENS_CALLED, generate 1 tokens, offset=70795890541 ns
        ON_TOKENS_RETURNED, offset=70795891881 ns
        ON_TOKENS_CALLED, generate 1 tokens, offset=71481755623 ns
        ON_TOKENS_RETURNED, offset=71481756595 ns
        ON_TOKENS_CALLED, generate 1 tokens, offset=72175981722 ns
        ON_TOKENS_RETURNED, offset=72175984673 ns
        ON_TOKENS_CALLED, generate 1 tokens, offset=72885874958 ns
        ON_TOKENS_RETURNED, offset=72885878191 ns
        ON_TOKENS_CALLED, generate 1 tokens, offset=73607413573 ns
        ON_TOKENS_RETURNED, offset=73607415742 ns
        ON_TOKENS_CALLED, generate 1 tokens, offset=74346644810 ns
        ON_TOKENS_RETURNED, offset=74346646375 ns
        ON_TOKENS_CALLED, generate 1 tokens, offset=75092540287 ns
        ON_TOKENS_RETURNED, offset=75092541881 ns
        ON_TOKENS_CALLED, generate 1 tokens, offset=75856973463 ns
        ON_TOKENS_RETURNED, offset=75856975887 ns
        ON_TOKENS_CALLED, generate 1 tokens, offset=76620143193 ns
        ON_TOKENS_RETURNED, offset=76620145388 ns
        ON_TOKENS_CALLED, generate 1 tokens, offset=77400852951 ns
        ON_TOKENS_RETURNED, offset=77400856082 ns
        ON_TOKENS_CALLED, generate 1 tokens, offset=78190533109 ns
        ON_TOKENS_RETURNED, offset=78190534661 ns
        ON_TOKENS_CALLED, generate 1 tokens, offset=79006212720 ns
        ON_TOKENS_RETURNED, offset=79006226632 ns
        ON_TOKENS_CALLED, generate 1 tokens, offset=79824423859 ns
        ON_TOKENS_RETURNED, offset=79824424732 ns
        ON_TOKENS_CALLED, generate 1 tokens, offset=80687466273 ns
        ON_TOKENS_RETURNED, offset=80687467384 ns
        ON_TOKENS_CALLED, generate 1 tokens, offset=81557559200 ns
        ON_TOKENS_RETURNED, offset=81557560776 ns
        ON_TOKENS_CALLED, generate 1 tokens, offset=82463077404 ns
        ON_TOKENS_RETURNED, offset=82463078578 ns
        ON_TOKENS_CALLED, generate 1 tokens, offset=83370317758 ns
        ON_TOKENS_RETURNED, offset=83370318632 ns
        ON_TOKENS_CALLED, generate 1 tokens, offset=84323877372 ns
        ON_TOKENS_RETURNED, offset=84323878662 ns
        ON_TOKENS_CALLED, generate 1 tokens, offset=85278707068 ns
        ON_TOKENS_RETURNED, offset=85278707961 ns
        ON_TOKENS_CALLED, generate 1 tokens, offset=86274454720 ns
        ON_TOKENS_RETURNED, offset=86274457806 ns
        ON_TOKENS_CALLED, generate 1 tokens, offset=87264991501 ns
        ON_TOKENS_RETURNED, offset=87264993810 ns
        ON_TOKENS_CALLED, generate 1 tokens, offset=88306996429 ns
        ON_TOKENS_RETURNED, offset=88306997644 ns
        ON_TOKENS_CALLED, generate 1 tokens, offset=89347451464 ns
        ON_TOKENS_RETURNED, offset=89347452981 ns
        ON_TOKENS_CALLED, generate 1 tokens, offset=90430785835 ns
        ON_TOKENS_RETURNED, offset=90430789960 ns
        ON_TOKENS_CALLED, generate 1 tokens, offset=91506568464 ns
        ON_TOKENS_RETURNED, offset=91506570147 ns
        ON_TOKENS_CALLED, generate 1 tokens, offset=92634512718 ns
        ON_TOKENS_RETURNED, offset=92634514480 ns
        ON_TOKENS_CALLED, generate 1 tokens, offset=93761865365 ns
        ON_TOKENS_RETURNED, offset=93761866804 ns
        ON_TOKENS_CALLED, generate 1 tokens, offset=94932522441 ns
        ON_TOKENS_RETURNED, offset=94932532626 ns
        ON_TOKENS_CALLED, generate 1 tokens, offset=96089975139 ns
        ON_TOKENS_RETURNED, offset=96089976565 ns
        ON_TOKENS_CALLED, generate 1 tokens, offset=97306050990 ns
        ON_TOKENS_RETURNED, offset=97306052856 ns
        ON_TOKENS_CALLED, generate 1 tokens, offset=98515467029 ns
        ON_TOKENS_RETURNED, offset=98515468166 ns
        ON_TOKENS_CALLED, generate 1 tokens, offset=99771818721 ns
        ON_TOKENS_RETURNED, offset=99771819852 ns
        ON_TOKENS_CALLED, generate 1 tokens, offset=101007876750 ns
        ON_TOKENS_RETURNED, offset=101007878934 ns
        ON_TOKENS_CALLED, generate 1 tokens, offset=102300062307 ns
        ON_TOKENS_RETURNED, offset=102300064782 ns
        ON_TOKENS_CALLED, generate 1 tokens, offset=103581678038 ns
        ON_TOKENS_RETURNED, offset=103581679225 ns
        ON_TOKENS_CALLED, generate 1 tokens, offset=104911273010 ns
        ON_TOKENS_RETURNED, offset=104911274030 ns
        ON_TOKENS_CALLED, generate 1 tokens, offset=106221801945 ns
        ON_TOKENS_RETURNED, offset=106221803327 ns
        ON_TOKENS_CALLED, generate 1 tokens, offset=107594844484 ns
        ON_TOKENS_RETURNED, offset=107594845406 ns
        ON_TOKENS_CALLED, generate 1 tokens, offset=108958623010 ns
        ON_TOKENS_RETURNED, offset=108958625228 ns
        ON_TOKENS_CALLED, generate 1 tokens, offset=110368472813 ns
        ON_TOKENS_RETURNED, offset=110368473793 ns
        ON_TOKENS_CALLED, generate 1 tokens, offset=111765009818 ns
        ON_TOKENS_RETURNED, offset=111765012898 ns
        ON_TOKENS_CALLED, generate 1 tokens, offset=113219641600 ns
        ON_TOKENS_RETURNED, offset=113219643150 ns
        ON_TOKENS_CALLED, generate 1 tokens, offset=114666561440 ns
        ON_TOKENS_RETURNED, offset=114666563902 ns
        ON_TOKENS_CALLED, generate 1 tokens, offset=116161381359 ns
        ON_TOKENS_RETURNED, offset=116161382994 ns
        ON_TOKENS_CALLED, generate 1 tokens, offset=117634726445 ns
        ON_TOKENS_RETURNED, offset=117634728038 ns
        ON_TOKENS_CALLED, generate 1 tokens, offset=119169531833 ns
        ON_TOKENS_RETURNED, offset=119169533287 ns
        ON_TOKENS_CALLED, generate 1 tokens, offset=120694723040 ns
        ON_TOKENS_RETURNED, offset=120694724036 ns
        ON_TOKENS_CALLED, generate 1 tokens, offset=122270774899 ns
        ON_TOKENS_RETURNED, offset=122270776081 ns
        ON_TOKENS_CALLED, generate 1 tokens, offset=123823380296 ns
        ON_TOKENS_RETURNED, offset=123823381210 ns
        ON_TOKENS_CALLED, generate 1 tokens, offset=125435904535 ns
        ON_TOKENS_RETURNED, offset=125435907314 ns
        ON_TOKENS_CALLED, generate 1 tokens, offset=127040229585 ns
        ON_TOKENS_RETURNED, offset=127040231181 ns
        ON_TOKENS_CALLED, generate 1 tokens, offset=128697359173 ns
        ON_TOKENS_RETURNED, offset=128697360552 ns
        ON_TOKENS_CALLED, generate 1 tokens, offset=130332697952 ns
        ON_TOKENS_RETURNED, offset=130332699847 ns
        ON_TOKENS_CALLED, generate 1 tokens, offset=132031089677 ns
        ON_TOKENS_RETURNED, offset=132031090912 ns
        ON_TOKENS_CALLED, generate 1 tokens, offset=133714873361 ns
        ON_TOKENS_RETURNED, offset=133714876655 ns
        ON_TOKENS_CALLED, generate 1 tokens, offset=135451741341 ns
        ON_TOKENS_RETURNED, offset=135451742795 ns
        ON_TOKENS_CALLED, generate 1 tokens, offset=137157123448 ns
        ON_TOKENS_RETURNED, offset=137157124894 ns
        ON_TOKENS_CALLED, generate 1 tokens, offset=138934940754 ns
        ON_TOKENS_RETURNED, offset=138935132043 ns
        ON_TOKENS_CALLED, generate 1 tokens, offset=140696070011 ns
        ON_TOKENS_RETURNED, offset=140696076398 ns
[15:22:06.171351246|thread 2214511|cpu 260] [debug] #EVT# HandleDetails::is_anomalous() handle_id=1 time in state STATE_OPENED exceeded threshold: 67767411322 ns
[15:22:06.171353138|thread 2214511|cpu 260] [debug] #EVT#   Handle,     1, Created, 753186596505600, Last, 753327292606341, Prompted,  8192, Generated,    64, Input TPS, 120.88, Output TPS:  0.77, Callbacks,    64, prompt parsing complete, open
[15:22:06.171368462|thread 2214511|cpu 260] [info ] #EVT#   Handle 1 history:
        SESSION_OPEN, prompt 8192 tokens, offset=0 ns
        PROMPT_TOKENS_REUSE, offset=67767391121 ns
        ON_START_CALLED, offset=67767411322 ns
        ON_START_RETURNED, offset=67767493712 ns
        ON_TOKENS_CALLED, generate 1 tokens, offset=67767505685 ns
        ON_TOKENS_RETURNED, offset=67767506638 ns
        ON_TOKENS_CALLED, generate 1 tokens, offset=68305427300 ns
        ON_TOKENS_RETURNED, offset=68305430551 ns
        ON_TOKENS_CALLED, generate 1 tokens, offset=68875284137 ns
        ON_TOKENS_RETURNED, offset=68875285871 ns
        ON_TOKENS_CALLED, generate 1 tokens, offset=69485436308 ns
        ON_TOKENS_RETURNED, offset=69485439250 ns
        ON_TOKENS_CALLED, generate 1 tokens, offset=70130612566 ns
        ON_TOKENS_RETURNED, offset=70130614339 ns
        ON_TOKENS_CALLED, generate 1 tokens, offset=70795908953 ns
        ON_TOKENS_RETURNED, offset=70795910780 ns
        ON_TOKENS_CALLED, generate 1 tokens, offset=71481772660 ns
        ON_TOKENS_RETURNED, offset=71481774231 ns
        ON_TOKENS_CALLED, generate 1 tokens, offset=72176000666 ns
        ON_TOKENS_RETURNED, offset=72176002255 ns
        ON_TOKENS_CALLED, generate 1 tokens, offset=72885894058 ns
        ON_TOKENS_RETURNED, offset=72885896769 ns
        ON_TOKENS_CALLED, generate 1 tokens, offset=73607430419 ns
        ON_TOKENS_RETURNED, offset=73607431964 ns
        ON_TOKENS_CALLED, generate 1 tokens, offset=74346671113 ns
        ON_TOKENS_RETURNED, offset=74346672464 ns
        ON_TOKENS_CALLED, generate 1 tokens, offset=75092560197 ns
        ON_TOKENS_RETURNED, offset=75092561811 ns
        ON_TOKENS_CALLED, generate 1 tokens, offset=75856992726 ns
        ON_TOKENS_RETURNED, offset=75856995186 ns
        ON_TOKENS_CALLED, generate 1 tokens, offset=76620161576 ns
        ON_TOKENS_RETURNED, offset=76620163965 ns
        ON_TOKENS_CALLED, generate 1 tokens, offset=77400872205 ns
        ON_TOKENS_RETURNED, offset=77400875638 ns
        ON_TOKENS_CALLED, generate 1 tokens, offset=78190553672 ns
        ON_TOKENS_RETURNED, offset=78190555023 ns
        ON_TOKENS_CALLED, generate 1 tokens, offset=79006233292 ns
        ON_TOKENS_RETURNED, offset=79006245758 ns
        ON_TOKENS_CALLED, generate 1 tokens, offset=79824428257 ns
        ON_TOKENS_RETURNED, offset=79824430699 ns
        ON_TOKENS_CALLED, generate 1 tokens, offset=80687483564 ns
        ON_TOKENS_RETURNED, offset=80687484936 ns
        ON_TOKENS_CALLED, generate 1 tokens, offset=81557586194 ns
        ON_TOKENS_RETURNED, offset=81557587522 ns
        ON_TOKENS_CALLED, generate 1 tokens, offset=82463104087 ns
        ON_TOKENS_RETURNED, offset=82463105137 ns
        ON_TOKENS_CALLED, generate 1 tokens, offset=83370328362 ns
        ON_TOKENS_RETURNED, offset=83370331600 ns
        ON_TOKENS_CALLED, generate 1 tokens, offset=84323899407 ns
        ON_TOKENS_RETURNED, offset=84323900551 ns
        ON_TOKENS_CALLED, generate 1 tokens, offset=85278721021 ns
        ON_TOKENS_RETURNED, offset=85278722390 ns
        ON_TOKENS_CALLED, generate 1 tokens, offset=86274476576 ns
        ON_TOKENS_RETURNED, offset=86274477561 ns
        ON_TOKENS_CALLED, generate 1 tokens, offset=87265012169 ns
        ON_TOKENS_RETURNED, offset=87265013960 ns
        ON_TOKENS_CALLED, generate 1 tokens, offset=88307025602 ns
        ON_TOKENS_RETURNED, offset=88307026791 ns
        ON_TOKENS_CALLED, generate 1 tokens, offset=89347472736 ns
        ON_TOKENS_RETURNED, offset=89347474348 ns
        ON_TOKENS_CALLED, generate 1 tokens, offset=90430805673 ns
        ON_TOKENS_RETURNED, offset=90430806960 ns
        ON_TOKENS_CALLED, generate 1 tokens, offset=91506591905 ns
        ON_TOKENS_RETURNED, offset=91506594001 ns
        ON_TOKENS_CALLED, generate 1 tokens, offset=92634539190 ns
        ON_TOKENS_RETURNED, offset=92634540281 ns
        ON_TOKENS_CALLED, generate 1 tokens, offset=93761877808 ns
        ON_TOKENS_RETURNED, offset=93761880103 ns
        ON_TOKENS_CALLED, generate 1 tokens, offset=94932542645 ns
        ON_TOKENS_RETURNED, offset=94932578646 ns
        ON_TOKENS_CALLED, generate 1 tokens, offset=96089992639 ns
        ON_TOKENS_RETURNED, offset=96089995342 ns
        ON_TOKENS_CALLED, generate 1 tokens, offset=97306065680 ns
        ON_TOKENS_RETURNED, offset=97306068279 ns
        ON_TOKENS_CALLED, generate 1 tokens, offset=98515485068 ns
        ON_TOKENS_RETURNED, offset=98515487056 ns
        ON_TOKENS_CALLED, generate 1 tokens, offset=99771836461 ns
        ON_TOKENS_RETURNED, offset=99771837949 ns
        ON_TOKENS_CALLED, generate 1 tokens, offset=101007894690 ns
        ON_TOKENS_RETURNED, offset=101007896054 ns
        ON_TOKENS_CALLED, generate 1 tokens, offset=102300082494 ns
        ON_TOKENS_RETURNED, offset=102300083823 ns
        ON_TOKENS_CALLED, generate 1 tokens, offset=103581696939 ns
        ON_TOKENS_RETURNED, offset=103581698508 ns
        ON_TOKENS_CALLED, generate 1 tokens, offset=104911292028 ns
        ON_TOKENS_RETURNED, offset=104911292947 ns
        ON_TOKENS_CALLED, generate 1 tokens, offset=106221820134 ns
        ON_TOKENS_RETURNED, offset=106221821029 ns
        ON_TOKENS_CALLED, generate 1 tokens, offset=107594858261 ns
        ON_TOKENS_RETURNED, offset=107594860646 ns
        ON_TOKENS_CALLED, generate 1 tokens, offset=108958642099 ns
        ON_TOKENS_RETURNED, offset=108958643596 ns
        ON_TOKENS_CALLED, generate 1 tokens, offset=110368491390 ns
        ON_TOKENS_RETURNED, offset=110368493461 ns
        ON_TOKENS_CALLED, generate 1 tokens, offset=111765027403 ns
        ON_TOKENS_RETURNED, offset=111765029899 ns
        ON_TOKENS_CALLED, generate 1 tokens, offset=113219657799 ns
        ON_TOKENS_RETURNED, offset=113219660381 ns
        ON_TOKENS_CALLED, generate 1 tokens, offset=114666579117 ns
        ON_TOKENS_RETURNED, offset=114666581079 ns
        ON_TOKENS_CALLED, generate 1 tokens, offset=116161399919 ns
        ON_TOKENS_RETURNED, offset=116161401719 ns
        ON_TOKENS_CALLED, generate 1 tokens, offset=117634742978 ns
        ON_TOKENS_RETURNED, offset=117634744560 ns
        ON_TOKENS_CALLED, generate 1 tokens, offset=119169548845 ns
        ON_TOKENS_RETURNED, offset=119169550840 ns
        ON_TOKENS_CALLED, generate 1 tokens, offset=120694739670 ns
        ON_TOKENS_RETURNED, offset=120694741567 ns
        ON_TOKENS_CALLED, generate 1 tokens, offset=122270792745 ns
        ON_TOKENS_RETURNED, offset=122270795189 ns
        ON_TOKENS_CALLED, generate 1 tokens, offset=123823404525 ns
        ON_TOKENS_RETURNED, offset=123823405477 ns
        ON_TOKENS_CALLED, generate 1 tokens, offset=125435922645 ns
        ON_TOKENS_RETURNED, offset=125435925084 ns
        ON_TOKENS_CALLED, generate 1 tokens, offset=127040245052 ns
        ON_TOKENS_RETURNED, offset=127040246708 ns
        ON_TOKENS_CALLED, generate 1 tokens, offset=128697376676 ns
        ON_TOKENS_RETURNED, offset=128697378092 ns
        ON_TOKENS_CALLED, generate 1 tokens, offset=130332716230 ns
        ON_TOKENS_RETURNED, offset=130332718238 ns
        ON_TOKENS_CALLED, generate 1 tokens, offset=132031102037 ns
        ON_TOKENS_RETURNED, offset=132031103724 ns
        ON_TOKENS_CALLED, generate 1 tokens, offset=133714891146 ns
        ON_TOKENS_RETURNED, offset=133714893315 ns
        ON_TOKENS_CALLED, generate 1 tokens, offset=135451759357 ns
        ON_TOKENS_RETURNED, offset=135451761772 ns
        ON_TOKENS_CALLED, generate 1 tokens, offset=137157141253 ns
        ON_TOKENS_RETURNED, offset=137157142680 ns
        ON_TOKENS_CALLED, generate 1 tokens, offset=138934963285 ns
        ON_TOKENS_RETURNED, offset=138935181707 ns
        ON_TOKENS_CALLED, generate 1 tokens, offset=140696087623 ns
        ON_TOKENS_RETURNED, offset=140696100741 ns
[15:22:06.171381794|thread 2214511|cpu 260] [debug] #EVT# HandleDetails::is_anomalous() handle_id=15 time in state STATE_OPENED exceeded threshold: 67767238885 ns
[15:22:06.171383585|thread 2214511|cpu 260] [debug] #EVT#   Handle,    15, Created, 753186596675190, Last, 753327292601157, Prompted,  8191, Generated,    64, Input TPS, 120.88, Output TPS:  0.77, Callbacks,    64, prompt parsing complete, open
[15:22:06.171402727|thread 2214511|cpu 260] [info ] #EVT#   Handle 15 history:
        SESSION_OPEN, prompt 8192 tokens, offset=0 ns
        PROMPT_TOKENS_REUSE, offset=67767222442 ns
        ON_START_CALLED, offset=67767238885 ns
        ON_START_RETURNED, offset=67767311503 ns
        ON_TOKENS_CALLED, generate 1 tokens, offset=67767320183 ns
        ON_TOKENS_RETURNED, offset=67767321957 ns
        ON_TOKENS_CALLED, generate 1 tokens, offset=68305260101 ns
        ON_TOKENS_RETURNED, offset=68305262238 ns
        ON_TOKENS_CALLED, generate 1 tokens, offset=68875115971 ns
        ON_TOKENS_RETURNED, offset=68875118746 ns
        ON_TOKENS_CALLED, generate 1 tokens, offset=69485270226 ns
        ON_TOKENS_RETURNED, offset=69485272201 ns
        ON_TOKENS_CALLED, generate 1 tokens, offset=70130448391 ns
        ON_TOKENS_RETURNED, offset=70130450087 ns
        ON_TOKENS_CALLED, generate 1 tokens, offset=70795741058 ns
        ON_TOKENS_RETURNED, offset=70795743137 ns
        ON_TOKENS_CALLED, generate 1 tokens, offset=71481611384 ns
        ON_TOKENS_RETURNED, offset=71481612857 ns
        ON_TOKENS_CALLED, generate 1 tokens, offset=72175832875 ns
        ON_TOKENS_RETURNED, offset=72175834058 ns
        ON_TOKENS_CALLED, generate 1 tokens, offset=72885735031 ns
        ON_TOKENS_RETURNED, offset=72885736696 ns
        ON_TOKENS_CALLED, generate 1 tokens, offset=73607258076 ns
        ON_TOKENS_RETURNED, offset=73607260901 ns
        ON_TOKENS_CALLED, generate 1 tokens, offset=74346502366 ns
        ON_TOKENS_RETURNED, offset=74346504190 ns
        ON_TOKENS_CALLED, generate 1 tokens, offset=75092391452 ns
        ON_TOKENS_RETURNED, offset=75092392934 ns
        ON_TOKENS_CALLED, generate 1 tokens, offset=75856824386 ns
        ON_TOKENS_RETURNED, offset=75856826740 ns
        ON_TOKENS_CALLED, generate 1 tokens, offset=76619993103 ns
        ON_TOKENS_RETURNED, offset=76619995293 ns
        ON_TOKENS_CALLED, generate 1 tokens, offset=77400704759 ns
        ON_TOKENS_RETURNED, offset=77400706567 ns
        ON_TOKENS_CALLED, generate 1 tokens, offset=78190385197 ns
        ON_TOKENS_RETURNED, offset=78190387016 ns
        ON_TOKENS_CALLED, generate 1 tokens, offset=79006062758 ns
        ON_TOKENS_RETURNED, offset=79006090626 ns
        ON_TOKENS_CALLED, generate 1 tokens, offset=79824269739 ns
        ON_TOKENS_RETURNED, offset=79824271111 ns
        ON_TOKENS_CALLED, generate 1 tokens, offset=80687313411 ns
        ON_TOKENS_RETURNED, offset=80687315682 ns
        ON_TOKENS_CALLED, generate 1 tokens, offset=81557411587 ns
        ON_TOKENS_RETURNED, offset=81557413112 ns
        ON_TOKENS_CALLED, generate 1 tokens, offset=82462937908 ns
        ON_TOKENS_RETURNED, offset=82462939135 ns
        ON_TOKENS_CALLED, generate 1 tokens, offset=83370162939 ns
        ON_TOKENS_RETURNED, offset=83370164438 ns
        ON_TOKENS_CALLED, generate 1 tokens, offset=84323727482 ns
        ON_TOKENS_RETURNED, offset=84323728845 ns
        ON_TOKENS_CALLED, generate 1 tokens, offset=85278549119 ns
        ON_TOKENS_RETURNED, offset=85278550994 ns
        ON_TOKENS_CALLED, generate 1 tokens, offset=86274308408 ns
        ON_TOKENS_RETURNED, offset=86274309413 ns
        ON_TOKENS_CALLED, generate 1 tokens, offset=87264844677 ns
        ON_TOKENS_RETURNED, offset=87264846881 ns
        ON_TOKENS_CALLED, generate 1 tokens, offset=88306848580 ns
        ON_TOKENS_RETURNED, offset=88306849470 ns
        ON_TOKENS_CALLED, generate 1 tokens, offset=89347306690 ns
        ON_TOKENS_RETURNED, offset=89347307582 ns
        ON_TOKENS_CALLED, generate 1 tokens, offset=90430637080 ns
        ON_TOKENS_RETURNED, offset=90430639660 ns
        ON_TOKENS_CALLED, generate 1 tokens, offset=91506425944 ns
        ON_TOKENS_RETURNED, offset=91506427166 ns
        ON_TOKENS_CALLED, generate 1 tokens, offset=92634364348 ns
        ON_TOKENS_RETURNED, offset=92634365893 ns
        ON_TOKENS_CALLED, generate 1 tokens, offset=93761711083 ns
        ON_TOKENS_RETURNED, offset=93761712692 ns
        ON_TOKENS_CALLED, generate 1 tokens, offset=94932376050 ns
        ON_TOKENS_RETURNED, offset=94932390594 ns
        ON_TOKENS_CALLED, generate 1 tokens, offset=96089826114 ns
        ON_TOKENS_RETURNED, offset=96089828306 ns
        ON_TOKENS_CALLED, generate 1 tokens, offset=97305898445 ns
        ON_TOKENS_RETURNED, offset=97305899634 ns
        ON_TOKENS_CALLED, generate 1 tokens, offset=98515322481 ns
        ON_TOKENS_RETURNED, offset=98515323703 ns
        ON_TOKENS_CALLED, generate 1 tokens, offset=99771669193 ns
        ON_TOKENS_RETURNED, offset=99771671273 ns
        ON_TOKENS_CALLED, generate 1 tokens, offset=101007725596 ns
        ON_TOKENS_RETURNED, offset=101007728144 ns
        ON_TOKENS_CALLED, generate 1 tokens, offset=102299917669 ns
        ON_TOKENS_RETURNED, offset=102299920316 ns
        ON_TOKENS_CALLED, generate 1 tokens, offset=103581528163 ns
        ON_TOKENS_RETURNED, offset=103581530581 ns
        ON_TOKENS_CALLED, generate 1 tokens, offset=104911124510 ns
        ON_TOKENS_RETURNED, offset=104911125859 ns
        ON_TOKENS_CALLED, generate 1 tokens, offset=106221649756 ns
        ON_TOKENS_RETURNED, offset=106221651929 ns
        ON_TOKENS_CALLED, generate 1 tokens, offset=107594687174 ns
        ON_TOKENS_RETURNED, offset=107594689801 ns
        ON_TOKENS_CALLED, generate 1 tokens, offset=108958476942 ns
        ON_TOKENS_RETURNED, offset=108958478568 ns
        ON_TOKENS_CALLED, generate 1 tokens, offset=110368321636 ns
        ON_TOKENS_RETURNED, offset=110368324621 ns
        ON_TOKENS_CALLED, generate 1 tokens, offset=111764860224 ns
        ON_TOKENS_RETURNED, offset=111764862458 ns
        ON_TOKENS_CALLED, generate 1 tokens, offset=113219493536 ns
        ON_TOKENS_RETURNED, offset=113219495186 ns
        ON_TOKENS_CALLED, generate 1 tokens, offset=114666412153 ns
        ON_TOKENS_RETURNED, offset=114666413610 ns
        ON_TOKENS_CALLED, generate 1 tokens, offset=116161229932 ns
        ON_TOKENS_RETURNED, offset=116161231962 ns
        ON_TOKENS_CALLED, generate 1 tokens, offset=117634583115 ns
        ON_TOKENS_RETURNED, offset=117634584643 ns
        ON_TOKENS_CALLED, generate 1 tokens, offset=119169383375 ns
        ON_TOKENS_RETURNED, offset=119169385542 ns
        ON_TOKENS_CALLED, generate 1 tokens, offset=120694571461 ns
        ON_TOKENS_RETURNED, offset=120694572456 ns
        ON_TOKENS_CALLED, generate 1 tokens, offset=122270625356 ns
        ON_TOKENS_RETURNED, offset=122270627667 ns
        ON_TOKENS_CALLED, generate 1 tokens, offset=123823226845 ns
        ON_TOKENS_RETURNED, offset=123823228779 ns
        ON_TOKENS_CALLED, generate 1 tokens, offset=125435757014 ns
        ON_TOKENS_RETURNED, offset=125435758027 ns
        ON_TOKENS_CALLED, generate 1 tokens, offset=127040076790 ns
        ON_TOKENS_RETURNED, offset=127040078147 ns
        ON_TOKENS_CALLED, generate 1 tokens, offset=128697210659 ns
        ON_TOKENS_RETURNED, offset=128697212453 ns
        ON_TOKENS_CALLED, generate 1 tokens, offset=130332550519 ns
        ON_TOKENS_RETURNED, offset=130332552224 ns
        ON_TOKENS_CALLED, generate 1 tokens, offset=132030934674 ns
        ON_TOKENS_RETURNED, offset=132030935861 ns
        ON_TOKENS_CALLED, generate 1 tokens, offset=133714724655 ns
        ON_TOKENS_RETURNED, offset=133714727350 ns
        ON_TOKENS_CALLED, generate 1 tokens, offset=135451604853 ns
        ON_TOKENS_RETURNED, offset=135451605772 ns
        ON_TOKENS_CALLED, generate 1 tokens, offset=137156975045 ns
        ON_TOKENS_RETURNED, offset=137156977084 ns
        ON_TOKENS_CALLED, generate 1 tokens, offset=138934789802 ns
        ON_TOKENS_RETURNED, offset=138934969323 ns
        ON_TOKENS_CALLED, generate 1 tokens, offset=140695920798 ns
        ON_TOKENS_RETURNED, offset=140695925967 ns
[15:22:06.171412932|thread 2214511|cpu 260] [debug] #EVT# HandleDetails::is_anomalous() handle_id=20 time in state STATE_OPENED exceeded threshold: 67767182619 ns
[15:22:06.171414712|thread 2214511|cpu 260] [debug] #EVT#   Handle,    20, Created, 753186596731813, Last, 753327292600928, Prompted,  8191, Generated,    64, Input TPS, 120.88, Output TPS:  0.77, Callbacks,    64, prompt parsing complete, open
[15:22:06.171428946|thread 2214511|cpu 260] [info ] #EVT#   Handle 20 history:
        SESSION_OPEN, prompt 8192 tokens, offset=0 ns
        PROMPT_TOKENS_REUSE, offset=67767166491 ns
        ON_START_CALLED, offset=67767182619 ns
        ON_START_RETURNED, offset=67767380059 ns
        ON_TOKENS_CALLED, generate 1 tokens, offset=67767387839 ns
        ON_TOKENS_RETURNED, offset=67767388795 ns
        ON_TOKENS_CALLED, generate 1 tokens, offset=68305202715 ns
        ON_TOKENS_RETURNED, offset=68305205443 ns
        ON_TOKENS_CALLED, generate 1 tokens, offset=68875060859 ns
        ON_TOKENS_RETURNED, offset=68875062274 ns
        ON_TOKENS_CALLED, generate 1 tokens, offset=69485216821 ns
        ON_TOKENS_RETURNED, offset=69485217940 ns
        ON_TOKENS_CALLED, generate 1 tokens, offset=70130384941 ns
        ON_TOKENS_RETURNED, offset=70130387907 ns
        ON_TOKENS_CALLED, generate 1 tokens, offset=70795689006 ns
        ON_TOKENS_RETURNED, offset=70795690940 ns
        ON_TOKENS_CALLED, generate 1 tokens, offset=71481546499 ns
        ON_TOKENS_RETURNED, offset=71481547869 ns
        ON_TOKENS_CALLED, generate 1 tokens, offset=72175779777 ns
        ON_TOKENS_RETURNED, offset=72175781288 ns
        ON_TOKENS_CALLED, generate 1 tokens, offset=72885674753 ns
        ON_TOKENS_RETURNED, offset=72885676898 ns
        ON_TOKENS_CALLED, generate 1 tokens, offset=73607204841 ns
        ON_TOKENS_RETURNED, offset=73607206491 ns
        ON_TOKENS_CALLED, generate 1 tokens, offset=74346452635 ns
        ON_TOKENS_RETURNED, offset=74346453586 ns
        ON_TOKENS_CALLED, generate 1 tokens, offset=75092336829 ns
        ON_TOKENS_RETURNED, offset=75092339162 ns
        ON_TOKENS_CALLED, generate 1 tokens, offset=75856769187 ns
        ON_TOKENS_RETURNED, offset=75856771835 ns
        ON_TOKENS_CALLED, generate 1 tokens, offset=76619938268 ns
        ON_TOKENS_RETURNED, offset=76619940343 ns
        ON_TOKENS_CALLED, generate 1 tokens, offset=77400650323 ns
        ON_TOKENS_RETURNED, offset=77400651579 ns
        ON_TOKENS_CALLED, generate 1 tokens, offset=78190328888 ns
        ON_TOKENS_RETURNED, offset=78190331523 ns
        ON_TOKENS_CALLED, generate 1 tokens, offset=79006011866 ns
        ON_TOKENS_RETURNED, offset=79006036693 ns
        ON_TOKENS_CALLED, generate 1 tokens, offset=79824210065 ns
        ON_TOKENS_RETURNED, offset=79824211042 ns
        ON_TOKENS_CALLED, generate 1 tokens, offset=80687259508 ns
        ON_TOKENS_RETURNED, offset=80687261134 ns
        ON_TOKENS_CALLED, generate 1 tokens, offset=81557352228 ns
        ON_TOKENS_RETURNED, offset=81557353807 ns
        ON_TOKENS_CALLED, generate 1 tokens, offset=82462880749 ns
        ON_TOKENS_RETURNED, offset=82462881959 ns
        ON_TOKENS_CALLED, generate 1 tokens, offset=83370105284 ns
        ON_TOKENS_RETURNED, offset=83370107515 ns
        ON_TOKENS_CALLED, generate 1 tokens, offset=84323680102 ns
        ON_TOKENS_RETURNED, offset=84323682218 ns
        ON_TOKENS_CALLED, generate 1 tokens, offset=85278492391 ns
        ON_TOKENS_RETURNED, offset=85278494924 ns
        ON_TOKENS_CALLED, generate 1 tokens, offset=86274251503 ns
        ON_TOKENS_RETURNED, offset=86274252719 ns
        ON_TOKENS_CALLED, generate 1 tokens, offset=87264792909 ns
        ON_TOKENS_RETURNED, offset=87264794289 ns
        ON_TOKENS_CALLED, generate 1 tokens, offset=88306792100 ns
        ON_TOKENS_RETURNED, offset=88306792985 ns
        ON_TOKENS_CALLED, generate 1 tokens, offset=89347256637 ns
        ON_TOKENS_RETURNED, offset=89347257993 ns
        ON_TOKENS_CALLED, generate 1 tokens, offset=90430582498 ns
        ON_TOKENS_RETURNED, offset=90430584456 ns
        ON_TOKENS_CALLED, generate 1 tokens, offset=91506367215 ns
        ON_TOKENS_RETURNED, offset=91506368212 ns
        ON_TOKENS_CALLED, generate 1 tokens, offset=92634307041 ns
        ON_TOKENS_RETURNED, offset=92634308934 ns
        ON_TOKENS_CALLED, generate 1 tokens, offset=93761651215 ns
        ON_TOKENS_RETURNED, offset=93761653257 ns
        ON_TOKENS_CALLED, generate 1 tokens, offset=94932318657 ns
        ON_TOKENS_RETURNED, offset=94932337738 ns
        ON_TOKENS_CALLED, generate 1 tokens, offset=96089769978 ns
        ON_TOKENS_RETURNED, offset=96089772070 ns
        ON_TOKENS_CALLED, generate 1 tokens, offset=97305843460 ns
        ON_TOKENS_RETURNED, offset=97305844482 ns
        ON_TOKENS_CALLED, generate 1 tokens, offset=98515261596 ns
        ON_TOKENS_RETURNED, offset=98515263450 ns
        ON_TOKENS_CALLED, generate 1 tokens, offset=99771614042 ns
        ON_TOKENS_RETURNED, offset=99771615126 ns
        ON_TOKENS_CALLED, generate 1 tokens, offset=101007671652 ns
        ON_TOKENS_RETURNED, offset=101007672570 ns
        ON_TOKENS_CALLED, generate 1 tokens, offset=102299869310 ns
        ON_TOKENS_RETURNED, offset=102299870247 ns
        ON_TOKENS_CALLED, generate 1 tokens, offset=103581474268 ns
        ON_TOKENS_RETURNED, offset=103581475263 ns
        ON_TOKENS_CALLED, generate 1 tokens, offset=104911070210 ns
        ON_TOKENS_RETURNED, offset=104911071412 ns
        ON_TOKENS_CALLED, generate 1 tokens, offset=106221597401 ns
        ON_TOKENS_RETURNED, offset=106221599034 ns
        ON_TOKENS_CALLED, generate 1 tokens, offset=107594632566 ns
        ON_TOKENS_RETURNED, offset=107594633720 ns
        ON_TOKENS_CALLED, generate 1 tokens, offset=108958418099 ns
        ON_TOKENS_RETURNED, offset=108958421420 ns
        ON_TOKENS_CALLED, generate 1 tokens, offset=110368272458 ns
        ON_TOKENS_RETURNED, offset=110368273573 ns
        ON_TOKENS_CALLED, generate 1 tokens, offset=111764804553 ns
        ON_TOKENS_RETURNED, offset=111764806981 ns
        ON_TOKENS_CALLED, generate 1 tokens, offset=113219436507 ns
        ON_TOKENS_RETURNED, offset=113219438907 ns
        ON_TOKENS_CALLED, generate 1 tokens, offset=114666362411 ns
        ON_TOKENS_RETURNED, offset=114666363703 ns
        ON_TOKENS_CALLED, generate 1 tokens, offset=116161179811 ns
        ON_TOKENS_RETURNED, offset=116161181127 ns
        ON_TOKENS_CALLED, generate 1 tokens, offset=117634518861 ns
        ON_TOKENS_RETURNED, offset=117634521839 ns
        ON_TOKENS_CALLED, generate 1 tokens, offset=119169325967 ns
        ON_TOKENS_RETURNED, offset=119169327037 ns
        ON_TOKENS_CALLED, generate 1 tokens, offset=120694516952 ns
        ON_TOKENS_RETURNED, offset=120694518041 ns
        ON_TOKENS_CALLED, generate 1 tokens, offset=122270570222 ns
        ON_TOKENS_RETURNED, offset=122270571238 ns
        ON_TOKENS_CALLED, generate 1 tokens, offset=123823170610 ns
        ON_TOKENS_RETURNED, offset=123823172727 ns
        ON_TOKENS_CALLED, generate 1 tokens, offset=125435697233 ns
        ON_TOKENS_RETURNED, offset=125435699152 ns
        ON_TOKENS_CALLED, generate 1 tokens, offset=127040028121 ns
        ON_TOKENS_RETURNED, offset=127040029156 ns
        ON_TOKENS_CALLED, generate 1 tokens, offset=128697151922 ns
        ON_TOKENS_RETURNED, offset=128697154784 ns
        ON_TOKENS_CALLED, generate 1 tokens, offset=130332494485 ns
        ON_TOKENS_RETURNED, offset=130332496135 ns
        ON_TOKENS_CALLED, generate 1 tokens, offset=132030879139 ns
        ON_TOKENS_RETURNED, offset=132030880235 ns
        ON_TOKENS_CALLED, generate 1 tokens, offset=133714669708 ns
        ON_TOKENS_RETURNED, offset=133714672090 ns
        ON_TOKENS_CALLED, generate 1 tokens, offset=135451536625 ns
        ON_TOKENS_RETURNED, offset=135451538497 ns
        ON_TOKENS_CALLED, generate 1 tokens, offset=137156917401 ns
        ON_TOKENS_RETURNED, offset=137156919534 ns
        ON_TOKENS_CALLED, generate 1 tokens, offset=138934736728 ns
        ON_TOKENS_RETURNED, offset=138934810950 ns
        ON_TOKENS_CALLED, generate 1 tokens, offset=140695863935 ns
        ON_TOKENS_RETURNED, offset=140695869115 ns
[15:22:06.171438158|thread 2214511|cpu 260] [debug] #EVT# HandleDetails::is_anomalous() handle_id=26 time in state STATE_OPENED exceeded threshold: 67767117778 ns
[15:22:06.171439832|thread 2214511|cpu 260] [debug] #EVT#   Handle,    26, Created, 753186596800539, Last, 753327292604704, Prompted,  8191, Generated,    64, Input TPS, 120.88, Output TPS:  0.77, Callbacks,    64, prompt parsing complete, open
[15:22:06.171454809|thread 2214511|cpu 260] [info ] #EVT#   Handle 26 history:
        SESSION_OPEN, prompt 8192 tokens, offset=0 ns
        PROMPT_TOKENS_REUSE, offset=67767101021 ns
        ON_START_CALLED, offset=67767117778 ns
        ON_START_RETURNED, offset=67767217627 ns
        ON_TOKENS_CALLED, generate 1 tokens, offset=67767226707 ns
        ON_TOKENS_RETURNED, offset=67767227873 ns
        ON_TOKENS_CALLED, generate 1 tokens, offset=68305140900 ns
        ON_TOKENS_RETURNED, offset=68305143091 ns
        ON_TOKENS_CALLED, generate 1 tokens, offset=68875002215 ns
        ON_TOKENS_RETURNED, offset=68875003232 ns
        ON_TOKENS_CALLED, generate 1 tokens, offset=69485148045 ns
        ON_TOKENS_RETURNED, offset=69485149503 ns
        ON_TOKENS_CALLED, generate 1 tokens, offset=70130319500 ns
        ON_TOKENS_RETURNED, offset=70130321179 ns
        ON_TOKENS_CALLED, generate 1 tokens, offset=70795619541 ns
        ON_TOKENS_RETURNED, offset=70795620418 ns
        ON_TOKENS_CALLED, generate 1 tokens, offset=71481482740 ns
        ON_TOKENS_RETURNED, offset=71481483954 ns
        ON_TOKENS_CALLED, generate 1 tokens, offset=72175713537 ns
        ON_TOKENS_RETURNED, offset=72175715694 ns
        ON_TOKENS_CALLED, generate 1 tokens, offset=72885604575 ns
        ON_TOKENS_RETURNED, offset=72885607606 ns
        ON_TOKENS_CALLED, generate 1 tokens, offset=73607137784 ns
        ON_TOKENS_RETURNED, offset=73607139637 ns
        ON_TOKENS_CALLED, generate 1 tokens, offset=74346375369 ns
        ON_TOKENS_RETURNED, offset=74346377124 ns
        ON_TOKENS_CALLED, generate 1 tokens, offset=75092269670 ns
        ON_TOKENS_RETURNED, offset=75092271951 ns
        ON_TOKENS_CALLED, generate 1 tokens, offset=75856703008 ns
        ON_TOKENS_RETURNED, offset=75856705746 ns
        ON_TOKENS_CALLED, generate 1 tokens, offset=76619874063 ns
        ON_TOKENS_RETURNED, offset=76619875696 ns
        ON_TOKENS_CALLED, generate 1 tokens, offset=77400588078 ns
        ON_TOKENS_RETURNED, offset=77400589153 ns
        ON_TOKENS_CALLED, generate 1 tokens, offset=78190262192 ns
        ON_TOKENS_RETURNED, offset=78190264918 ns
        ON_TOKENS_CALLED, generate 1 tokens, offset=79005946454 ns
        ON_TOKENS_RETURNED, offset=79005960093 ns
        ON_TOKENS_CALLED, generate 1 tokens, offset=79824139414 ns
        ON_TOKENS_RETURNED, offset=79824141707 ns
        ON_TOKENS_CALLED, generate 1 tokens, offset=80687193790 ns
        ON_TOKENS_RETURNED, offset=80687195243 ns
        ON_TOKENS_CALLED, generate 1 tokens, offset=81557283640 ns
        ON_TOKENS_RETURNED, offset=81557285704 ns
        ON_TOKENS_CALLED, generate 1 tokens, offset=82462806624 ns
        ON_TOKENS_RETURNED, offset=82462808200 ns
        ON_TOKENS_CALLED, generate 1 tokens, offset=83370039664 ns
        ON_TOKENS_RETURNED, offset=83370042478 ns
        ON_TOKENS_CALLED, generate 1 tokens, offset=84323610797 ns
        ON_TOKENS_RETURNED, offset=84323613356 ns
        ON_TOKENS_CALLED, generate 1 tokens, offset=85278435145 ns
        ON_TOKENS_RETURNED, offset=85278436033 ns
        ON_TOKENS_CALLED, generate 1 tokens, offset=86274184922 ns
        ON_TOKENS_RETURNED, offset=86274186038 ns
        ON_TOKENS_CALLED, generate 1 tokens, offset=87264721300 ns
        ON_TOKENS_RETURNED, offset=87264722150 ns
        ON_TOKENS_CALLED, generate 1 tokens, offset=88306725076 ns
        ON_TOKENS_RETURNED, offset=88306727833 ns
        ON_TOKENS_CALLED, generate 1 tokens, offset=89347179613 ns
        ON_TOKENS_RETURNED, offset=89347181537 ns
        ON_TOKENS_CALLED, generate 1 tokens, offset=90430520911 ns
        ON_TOKENS_RETURNED, offset=90430521985 ns
        ON_TOKENS_CALLED, generate 1 tokens, offset=91506301608 ns
        ON_TOKENS_RETURNED, offset=91506302588 ns
        ON_TOKENS_CALLED, generate 1 tokens, offset=92634240639 ns
        ON_TOKENS_RETURNED, offset=92634241652 ns
        ON_TOKENS_CALLED, generate 1 tokens, offset=93761589969 ns
        ON_TOKENS_RETURNED, offset=93761591004 ns
        ON_TOKENS_CALLED, generate 1 tokens, offset=94932253289 ns
        ON_TOKENS_RETURNED, offset=94932273345 ns
        ON_TOKENS_CALLED, generate 1 tokens, offset=96089704515 ns
        ON_TOKENS_RETURNED, offset=96089706887 ns
        ON_TOKENS_CALLED, generate 1 tokens, offset=97305779504 ns
        ON_TOKENS_RETURNED, offset=97305780473 ns
        ON_TOKENS_CALLED, generate 1 tokens, offset=98515195750 ns
        ON_TOKENS_RETURNED, offset=98515198053 ns
        ON_TOKENS_CALLED, generate 1 tokens, offset=99771547245 ns
        ON_TOKENS_RETURNED, offset=99771548589 ns
        ON_TOKENS_CALLED, generate 1 tokens, offset=101007603745 ns
        ON_TOKENS_RETURNED, offset=101007605840 ns
        ON_TOKENS_CALLED, generate 1 tokens, offset=102299794706 ns
        ON_TOKENS_RETURNED, offset=102299795649 ns
        ON_TOKENS_CALLED, generate 1 tokens, offset=103581406469 ns
        ON_TOKENS_RETURNED, offset=103581408867 ns
        ON_TOKENS_CALLED, generate 1 tokens, offset=104911003743 ns
        ON_TOKENS_RETURNED, offset=104911004564 ns
        ON_TOKENS_CALLED, generate 1 tokens, offset=106221527676 ns
        ON_TOKENS_RETURNED, offset=106221528919 ns
        ON_TOKENS_CALLED, generate 1 tokens, offset=107594566688 ns
        ON_TOKENS_RETURNED, offset=107594568039 ns
        ON_TOKENS_CALLED, generate 1 tokens, offset=108958353698 ns
        ON_TOKENS_RETURNED, offset=108958355084 ns
        ON_TOKENS_CALLED, generate 1 tokens, offset=110368204618 ns
        ON_TOKENS_RETURNED, offset=110368205821 ns
        ON_TOKENS_CALLED, generate 1 tokens, offset=111764738661 ns
        ON_TOKENS_RETURNED, offset=111764740704 ns
        ON_TOKENS_CALLED, generate 1 tokens, offset=113219371251 ns
        ON_TOKENS_RETURNED, offset=113219373744 ns
        ON_TOKENS_CALLED, generate 1 tokens, offset=114666296154 ns
        ON_TOKENS_RETURNED, offset=114666298493 ns
        ON_TOKENS_CALLED, generate 1 tokens, offset=116161112609 ns
        ON_TOKENS_RETURNED, offset=116161113782 ns
        ON_TOKENS_CALLED, generate 1 tokens, offset=117634452130 ns
        ON_TOKENS_RETURNED, offset=117634452985 ns
        ON_TOKENS_CALLED, generate 1 tokens, offset=119169261824 ns
        ON_TOKENS_RETURNED, offset=119169262587 ns
        ON_TOKENS_CALLED, generate 1 tokens, offset=120694449033 ns
        ON_TOKENS_RETURNED, offset=120694451540 ns
        ON_TOKENS_CALLED, generate 1 tokens, offset=122270505474 ns
        ON_TOKENS_RETURNED, offset=122270507736 ns
        ON_TOKENS_CALLED, generate 1 tokens, offset=123823110067 ns
        ON_TOKENS_RETURNED, offset=123823111513 ns
        ON_TOKENS_CALLED, generate 1 tokens, offset=125435633775 ns
        ON_TOKENS_RETURNED, offset=125435635579 ns
        ON_TOKENS_CALLED, generate 1 tokens, offset=127039958518 ns
        ON_TOKENS_RETURNED, offset=127039959431 ns
        ON_TOKENS_CALLED, generate 1 tokens, offset=128697087041 ns
        ON_TOKENS_RETURNED, offset=128697089003 ns
        ON_TOKENS_CALLED, generate 1 tokens, offset=130332429050 ns
        ON_TOKENS_RETURNED, offset=130332435326 ns
        ON_TOKENS_CALLED, generate 1 tokens, offset=132030815357 ns
        ON_TOKENS_RETURNED, offset=132030815987 ns
        ON_TOKENS_CALLED, generate 1 tokens, offset=133714611564 ns
        ON_TOKENS_RETURNED, offset=133714613118 ns
        ON_TOKENS_CALLED, generate 1 tokens, offset=135451472067 ns
        ON_TOKENS_RETURNED, offset=135451473044 ns
        ON_TOKENS_CALLED, generate 1 tokens, offset=137156852030 ns
        ON_TOKENS_RETURNED, offset=137156853978 ns
        ON_TOKENS_CALLED, generate 1 tokens, offset=138934675445 ns
        ON_TOKENS_RETURNED, offset=138934825155 ns
        ON_TOKENS_CALLED, generate 1 tokens, offset=140695798918 ns
        ON_TOKENS_RETURNED, offset=140695804165 ns
[15:22:06.171464397|thread 2214511|cpu 260] [debug] #EVT# HandleDetails::is_anomalous() handle_id=28 time in state STATE_OPENED exceeded threshold: 67767091085 ns
[15:22:06.171466088|thread 2214511|cpu 260] [debug] #EVT#   Handle,    28, Created, 753186596823220, Last, 753327292603618, Prompted,  8191, Generated,    64, Input TPS, 120.88, Output TPS:  0.77, Callbacks,    64, prompt parsing complete, open
[15:22:06.171480354|thread 2214511|cpu 260] [info ] #EVT#   Handle 28 history:
        SESSION_OPEN, prompt 8192 tokens, offset=0 ns
        PROMPT_TOKENS_REUSE, offset=67767080065 ns
        ON_START_CALLED, offset=67767091085 ns
        ON_START_RETURNED, offset=67767236269 ns
        ON_TOKENS_CALLED, generate 1 tokens, offset=67767245405 ns
        ON_TOKENS_RETURNED, offset=67767246386 ns
        ON_TOKENS_CALLED, generate 1 tokens, offset=68305116891 ns
        ON_TOKENS_RETURNED, offset=68305118644 ns
        ON_TOKENS_CALLED, generate 1 tokens, offset=68874972291 ns
        ON_TOKENS_RETURNED, offset=68874974560 ns
        ON_TOKENS_CALLED, generate 1 tokens, offset=69485125889 ns
        ON_TOKENS_RETURNED, offset=69485128729 ns
        ON_TOKENS_CALLED, generate 1 tokens, offset=70130310861 ns
        ON_TOKENS_RETURNED, offset=70130312054 ns
        ON_TOKENS_CALLED, generate 1 tokens, offset=70795599511 ns
        ON_TOKENS_RETURNED, offset=70795600661 ns
        ON_TOKENS_CALLED, generate 1 tokens, offset=71481461420 ns
        ON_TOKENS_RETURNED, offset=71481462551 ns
        ON_TOKENS_CALLED, generate 1 tokens, offset=72175691013 ns
        ON_TOKENS_RETURNED, offset=72175692100 ns
        ON_TOKENS_CALLED, generate 1 tokens, offset=72885587864 ns
        ON_TOKENS_RETURNED, offset=72885590149 ns
        ON_TOKENS_CALLED, generate 1 tokens, offset=73607115487 ns
        ON_TOKENS_RETURNED, offset=73607117927 ns
        ON_TOKENS_CALLED, generate 1 tokens, offset=74346358190 ns
        ON_TOKENS_RETURNED, offset=74346360321 ns
        ON_TOKENS_CALLED, generate 1 tokens, offset=75092247484 ns
        ON_TOKENS_RETURNED, offset=75092249046 ns
        ON_TOKENS_CALLED, generate 1 tokens, offset=75856681421 ns
        ON_TOKENS_RETURNED, offset=75856683344 ns
        ON_TOKENS_CALLED, generate 1 tokens, offset=76619849739 ns
        ON_TOKENS_RETURNED, offset=76619851741 ns
        ON_TOKENS_CALLED, generate 1 tokens, offset=77400562313 ns
        ON_TOKENS_RETURNED, offset=77400564265 ns
        ON_TOKENS_CALLED, generate 1 tokens, offset=78190243315 ns
        ON_TOKENS_RETURNED, offset=78190244555 ns
        ON_TOKENS_CALLED, generate 1 tokens, offset=79005927252 ns
        ON_TOKENS_RETURNED, offset=79005941364 ns
        ON_TOKENS_CALLED, generate 1 tokens, offset=79824120952 ns
        ON_TOKENS_RETURNED, offset=79824122336 ns
        ON_TOKENS_CALLED, generate 1 tokens, offset=80687172917 ns
        ON_TOKENS_RETURNED, offset=80687174215 ns
        ON_TOKENS_CALLED, generate 1 tokens, offset=81557263179 ns
        ON_TOKENS_RETURNED, offset=81557265374 ns
        ON_TOKENS_CALLED, generate 1 tokens, offset=82462786021 ns
        ON_TOKENS_RETURNED, offset=82462787013 ns
        ON_TOKENS_CALLED, generate 1 tokens, offset=83370018687 ns
        ON_TOKENS_RETURNED, offset=83370020101 ns
        ON_TOKENS_CALLED, generate 1 tokens, offset=84323583066 ns
        ON_TOKENS_RETURNED, offset=84323583961 ns
        ON_TOKENS_CALLED, generate 1 tokens, offset=85278406373 ns
        ON_TOKENS_RETURNED, offset=85278407262 ns
        ON_TOKENS_CALLED, generate 1 tokens, offset=86274163442 ns
        ON_TOKENS_RETURNED, offset=86274164584 ns
        ON_TOKENS_CALLED, generate 1 tokens, offset=87264700386 ns
        ON_TOKENS_RETURNED, offset=87264701783 ns
        ON_TOKENS_CALLED, generate 1 tokens, offset=88306703293 ns
        ON_TOKENS_RETURNED, offset=88306704455 ns
        ON_TOKENS_CALLED, generate 1 tokens, offset=89347161483 ns
        ON_TOKENS_RETURNED, offset=89347162992 ns
        ON_TOKENS_CALLED, generate 1 tokens, offset=90430494072 ns
        ON_TOKENS_RETURNED, offset=90430496069 ns
        ON_TOKENS_CALLED, generate 1 tokens, offset=91506276645 ns
        ON_TOKENS_RETURNED, offset=91506278760 ns
        ON_TOKENS_CALLED, generate 1 tokens, offset=92634219451 ns
        ON_TOKENS_RETURNED, offset=92634220954 ns
        ON_TOKENS_CALLED, generate 1 tokens, offset=93761564379 ns
        ON_TOKENS_RETURNED, offset=93761565753 ns
        ON_TOKENS_CALLED, generate 1 tokens, offset=94932232335 ns
        ON_TOKENS_RETURNED, offset=94932261788 ns
        ON_TOKENS_CALLED, generate 1 tokens, offset=96089681268 ns
        ON_TOKENS_RETURNED, offset=96089682525 ns
        ON_TOKENS_CALLED, generate 1 tokens, offset=97305754871 ns
        ON_TOKENS_RETURNED, offset=97305756377 ns
        ON_TOKENS_CALLED, generate 1 tokens, offset=98515183899 ns
        ON_TOKENS_RETURNED, offset=98515185032 ns
        ON_TOKENS_CALLED, generate 1 tokens, offset=99771526816 ns
        ON_TOKENS_RETURNED, offset=99771528820 ns
        ON_TOKENS_CALLED, generate 1 tokens, offset=101007582742 ns
        ON_TOKENS_RETURNED, offset=101007584518 ns
        ON_TOKENS_CALLED, generate 1 tokens, offset=102299775114 ns
        ON_TOKENS_RETURNED, offset=102299776150 ns
        ON_TOKENS_CALLED, generate 1 tokens, offset=103581385826 ns
        ON_TOKENS_RETURNED, offset=103581387586 ns
        ON_TOKENS_CALLED, generate 1 tokens, offset=104910982496 ns
        ON_TOKENS_RETURNED, offset=104910983313 ns
        ON_TOKENS_CALLED, generate 1 tokens, offset=106221508701 ns
        ON_TOKENS_RETURNED, offset=106221509797 ns
        ON_TOKENS_CALLED, generate 1 tokens, offset=107594543469 ns
        ON_TOKENS_RETURNED, offset=107594544475 ns
        ON_TOKENS_CALLED, generate 1 tokens, offset=108958332483 ns
        ON_TOKENS_RETURNED, offset=108958333481 ns
        ON_TOKENS_CALLED, generate 1 tokens, offset=110368182912 ns
        ON_TOKENS_RETURNED, offset=110368183985 ns
        ON_TOKENS_CALLED, generate 1 tokens, offset=111764720489 ns
        ON_TOKENS_RETURNED, offset=111764722064 ns
        ON_TOKENS_CALLED, generate 1 tokens, offset=113219349366 ns
        ON_TOKENS_RETURNED, offset=113219351833 ns
        ON_TOKENS_CALLED, generate 1 tokens, offset=114666266557 ns
        ON_TOKENS_RETURNED, offset=114666268112 ns
        ON_TOKENS_CALLED, generate 1 tokens, offset=116161085276 ns
        ON_TOKENS_RETURNED, offset=116161086544 ns
        ON_TOKENS_CALLED, generate 1 tokens, offset=117634430802 ns
        ON_TOKENS_RETURNED, offset=117634431918 ns
        ON_TOKENS_CALLED, generate 1 tokens, offset=119169238649 ns
        ON_TOKENS_RETURNED, offset=119169239836 ns
        ON_TOKENS_CALLED, generate 1 tokens, offset=120694426984 ns
        ON_TOKENS_RETURNED, offset=120694428159 ns
        ON_TOKENS_CALLED, generate 1 tokens, offset=122270482706 ns
        ON_TOKENS_RETURNED, offset=122270484297 ns
        ON_TOKENS_CALLED, generate 1 tokens, offset=123823083259 ns
        ON_TOKENS_RETURNED, offset=123823084145 ns
        ON_TOKENS_CALLED, generate 1 tokens, offset=125435611113 ns
        ON_TOKENS_RETURNED, offset=125435612495 ns
        ON_TOKENS_CALLED, generate 1 tokens, offset=127039938473 ns
        ON_TOKENS_RETURNED, offset=127039939472 ns
        ON_TOKENS_CALLED, generate 1 tokens, offset=128697064670 ns
        ON_TOKENS_RETURNED, offset=128697065652 ns
        ON_TOKENS_CALLED, generate 1 tokens, offset=130332405928 ns
        ON_TOKENS_RETURNED, offset=130332407979 ns
        ON_TOKENS_CALLED, generate 1 tokens, offset=132030796773 ns
        ON_TOKENS_RETURNED, offset=132030797543 ns
        ON_TOKENS_CALLED, generate 1 tokens, offset=133714581763 ns
        ON_TOKENS_RETURNED, offset=133714582744 ns
        ON_TOKENS_CALLED, generate 1 tokens, offset=135451457837 ns
        ON_TOKENS_RETURNED, offset=135451458650 ns
        ON_TOKENS_CALLED, generate 1 tokens, offset=137156829744 ns
        ON_TOKENS_RETURNED, offset=137156830634 ns
        ON_TOKENS_CALLED, generate 1 tokens, offset=138934648817 ns
        ON_TOKENS_RETURNED, offset=138934838474 ns
        ON_TOKENS_CALLED, generate 1 tokens, offset=140695776921 ns
        ON_TOKENS_RETURNED, offset=140695780398 ns
[15:22:06.171503593|thread 2214511|cpu 260] [debug] #EVT# HandleDetails::is_anomalous() handle_id=29 time in state STATE_OPENED exceeded threshold: 67767079923 ns
[15:22:06.171505233|thread 2214511|cpu 260] [debug] #EVT#   Handle,    29, Created, 753186596834006, Last, 753327292606034, Prompted,  8191, Generated,    64, Input TPS, 120.88, Output TPS:  0.77, Callbacks,    64, prompt parsing complete, open
[15:22:06.171519254|thread 2214511|cpu 260] [info ] #EVT#   Handle 29 history:
        SESSION_OPEN, prompt 8192 tokens, offset=0 ns
        PROMPT_TOKENS_REUSE, offset=67767068990 ns
        ON_START_CALLED, offset=67767079923 ns
        ON_START_RETURNED, offset=67767134784 ns
        ON_TOKENS_CALLED, generate 1 tokens, offset=67767160711 ns
        ON_TOKENS_RETURNED, offset=67767163027 ns
        ON_TOKENS_CALLED, generate 1 tokens, offset=68305110632 ns
        ON_TOKENS_RETURNED, offset=68305111825 ns
        ON_TOKENS_CALLED, generate 1 tokens, offset=68874961704 ns
        ON_TOKENS_RETURNED, offset=68874962900 ns
        ON_TOKENS_CALLED, generate 1 tokens, offset=69485116258 ns
        ON_TOKENS_RETURNED, offset=69485118440 ns
        ON_TOKENS_CALLED, generate 1 tokens, offset=70130293752 ns
        ON_TOKENS_RETURNED, offset=70130295008 ns
        ON_TOKENS_CALLED, generate 1 tokens, offset=70795588950 ns
        ON_TOKENS_RETURNED, offset=70795589998 ns
        ON_TOKENS_CALLED, generate 1 tokens, offset=71481451015 ns
        ON_TOKENS_RETURNED, offset=71481451956 ns
        ON_TOKENS_CALLED, generate 1 tokens, offset=72175682824 ns
        ON_TOKENS_RETURNED, offset=72175683949 ns
        ON_TOKENS_CALLED, generate 1 tokens, offset=72885583304 ns
        ON_TOKENS_RETURNED, offset=72885584668 ns
        ON_TOKENS_CALLED, generate 1 tokens, offset=73607107214 ns
        ON_TOKENS_RETURNED, offset=73607107946 ns
        ON_TOKENS_CALLED, generate 1 tokens, offset=74346349608 ns
        ON_TOKENS_RETURNED, offset=74346351176 ns
        ON_TOKENS_CALLED, generate 1 tokens, offset=75092238203 ns
        ON_TOKENS_RETURNED, offset=75092239619 ns
        ON_TOKENS_CALLED, generate 1 tokens, offset=75856672619 ns
        ON_TOKENS_RETURNED, offset=75856673762 ns
        ON_TOKENS_CALLED, generate 1 tokens, offset=76619839206 ns
        ON_TOKENS_RETURNED, offset=76619840409 ns
        ON_TOKENS_CALLED, generate 1 tokens, offset=77400551806 ns
        ON_TOKENS_RETURNED, offset=77400554453 ns
        ON_TOKENS_CALLED, generate 1 tokens, offset=78190231975 ns
        ON_TOKENS_RETURNED, offset=78190234405 ns
        ON_TOKENS_CALLED, generate 1 tokens, offset=79005911565 ns
        ON_TOKENS_RETURNED, offset=79005926693 ns
        ON_TOKENS_CALLED, generate 1 tokens, offset=79824111923 ns
        ON_TOKENS_RETURNED, offset=79824112721 ns
        ON_TOKENS_CALLED, generate 1 tokens, offset=80687161923 ns
        ON_TOKENS_RETURNED, offset=80687163346 ns
        ON_TOKENS_CALLED, generate 1 tokens, offset=81557253045 ns
        ON_TOKENS_RETURNED, offset=81557255200 ns
        ON_TOKENS_CALLED, generate 1 tokens, offset=82462774497 ns
        ON_TOKENS_RETURNED, offset=82462775470 ns
        ON_TOKENS_CALLED, generate 1 tokens, offset=83370011441 ns
        ON_TOKENS_RETURNED, offset=83370012106 ns
        ON_TOKENS_CALLED, generate 1 tokens, offset=84323574000 ns
        ON_TOKENS_RETURNED, offset=84323574672 ns
        ON_TOKENS_CALLED, generate 1 tokens, offset=85278402493 ns
        ON_TOKENS_RETURNED, offset=85278403512 ns
        ON_TOKENS_CALLED, generate 1 tokens, offset=86274154575 ns
        ON_TOKENS_RETURNED, offset=86274156011 ns
        ON_TOKENS_CALLED, generate 1 tokens, offset=87264690185 ns
        ON_TOKENS_RETURNED, offset=87264691468 ns
        ON_TOKENS_CALLED, generate 1 tokens, offset=88306694292 ns
        ON_TOKENS_RETURNED, offset=88306695710 ns
        ON_TOKENS_CALLED, generate 1 tokens, offset=89347150892 ns
        ON_TOKENS_RETURNED, offset=89347151808 ns
        ON_TOKENS_CALLED, generate 1 tokens, offset=90430484323 ns
        ON_TOKENS_RETURNED, offset=90430485387 ns
        ON_TOKENS_CALLED, generate 1 tokens, offset=91506270858 ns
        ON_TOKENS_RETURNED, offset=91506271998 ns
        ON_TOKENS_CALLED, generate 1 tokens, offset=92634208108 ns
        ON_TOKENS_RETURNED, offset=92634209169 ns
        ON_TOKENS_CALLED, generate 1 tokens, offset=93761554063 ns
        ON_TOKENS_RETURNED, offset=93761555230 ns
        ON_TOKENS_CALLED, generate 1 tokens, offset=94932221169 ns
        ON_TOKENS_RETURNED, offset=94932246681 ns
        ON_TOKENS_CALLED, generate 1 tokens, offset=96089672066 ns
        ON_TOKENS_RETURNED, offset=96089674047 ns
        ON_TOKENS_CALLED, generate 1 tokens, offset=97305746421 ns
        ON_TOKENS_RETURNED, offset=97305747181 ns
        ON_TOKENS_CALLED, generate 1 tokens, offset=98515176165 ns
        ON_TOKENS_RETURNED, offset=98515177233 ns
        ON_TOKENS_CALLED, generate 1 tokens, offset=99771516406 ns
        ON_TOKENS_RETURNED, offset=99771517458 ns
        ON_TOKENS_CALLED, generate 1 tokens, offset=101007572885 ns
        ON_TOKENS_RETURNED, offset=101007573937 ns
        ON_TOKENS_CALLED, generate 1 tokens, offset=102299770750 ns
        ON_TOKENS_RETURNED, offset=102299771969 ns
        ON_TOKENS_CALLED, generate 1 tokens, offset=103581375682 ns
        ON_TOKENS_RETURNED, offset=103581377057 ns
        ON_TOKENS_CALLED, generate 1 tokens, offset=104910972815 ns
        ON_TOKENS_RETURNED, offset=104910973677 ns
        ON_TOKENS_CALLED, generate 1 tokens, offset=106221498001 ns
        ON_TOKENS_RETURNED, offset=106221499486 ns
        ON_TOKENS_CALLED, generate 1 tokens, offset=107594534742 ns
        ON_TOKENS_RETURNED, offset=107594535792 ns
        ON_TOKENS_CALLED, generate 1 tokens, offset=108958322097 ns
        ON_TOKENS_RETURNED, offset=108958323397 ns
        ON_TOKENS_CALLED, generate 1 tokens, offset=110368173965 ns
        ON_TOKENS_RETURNED, offset=110368174965 ns
        ON_TOKENS_CALLED, generate 1 tokens, offset=111764708567 ns
        ON_TOKENS_RETURNED, offset=111764710986 ns
        ON_TOKENS_CALLED, generate 1 tokens, offset=113219339529 ns
        ON_TOKENS_RETURNED, offset=113219340762 ns
        ON_TOKENS_CALLED, generate 1 tokens, offset=114666257974 ns
        ON_TOKENS_RETURNED, offset=114666259083 ns
        ON_TOKENS_CALLED, generate 1 tokens, offset=116161075972 ns
        ON_TOKENS_RETURNED, offset=116161078027 ns
        ON_TOKENS_CALLED, generate 1 tokens, offset=117634420271 ns
        ON_TOKENS_RETURNED, offset=117634421306 ns
        ON_TOKENS_CALLED, generate 1 tokens, offset=119169228826 ns
        ON_TOKENS_RETURNED, offset=119169229579 ns
        ON_TOKENS_CALLED, generate 1 tokens, offset=120694424791 ns
        ON_TOKENS_RETURNED, offset=120694425713 ns
        ON_TOKENS_CALLED, generate 1 tokens, offset=122270472838 ns
        ON_TOKENS_RETURNED, offset=122270474498 ns
        ON_TOKENS_CALLED, generate 1 tokens, offset=123823072761 ns
        ON_TOKENS_RETURNED, offset=123823073540 ns
        ON_TOKENS_CALLED, generate 1 tokens, offset=125435602998 ns
        ON_TOKENS_RETURNED, offset=125435604132 ns
        ON_TOKENS_CALLED, generate 1 tokens, offset=127039926445 ns
        ON_TOKENS_RETURNED, offset=127039927498 ns
        ON_TOKENS_CALLED, generate 1 tokens, offset=128697054536 ns
        ON_TOKENS_RETURNED, offset=128697055769 ns
        ON_TOKENS_CALLED, generate 1 tokens, offset=130332395502 ns
        ON_TOKENS_RETURNED, offset=130332396748 ns
        ON_TOKENS_CALLED, generate 1 tokens, offset=132030789709 ns
        ON_TOKENS_RETURNED, offset=132030790549 ns
        ON_TOKENS_CALLED, generate 1 tokens, offset=133714572546 ns
        ON_TOKENS_RETURNED, offset=133714574817 ns
        ON_TOKENS_CALLED, generate 1 tokens, offset=135451444537 ns
        ON_TOKENS_RETURNED, offset=135451445521 ns
        ON_TOKENS_CALLED, generate 1 tokens, offset=137156820227 ns
        ON_TOKENS_RETURNED, offset=137156821438 ns
        ON_TOKENS_CALLED, generate 1 tokens, offset=138934638382 ns
        ON_TOKENS_RETURNED, offset=138934840857 ns
        ON_TOKENS_CALLED, generate 1 tokens, offset=140695767659 ns
        ON_TOKENS_RETURNED, offset=140695772028 ns
[15:22:07.050620106|thread 2214510|cpu 260] [info ] KV cache footprint: 28.58 GB in 131 books
[15:22:15.812880280|thread 2214510|cpu 260] [info ] KV cache footprint: 29.68 GB in 136 books
[15:22:19.129239829|thread 2214510|cpu 260] [info ] KV cache footprint: 30.78 GB in 141 books
[15:22:27.584782783|thread 2212246|cpu 260] [info ] [Request 5] Parsing the prompt took 172.402070001 s at 47.51683085912184 tokens/s
[15:22:33.535033262|thread 2214510|cpu 260] [info ] KV cache footprint: 31.88 GB in 146 books
[15:22:40.008798499|thread 2214510|cpu 260] [info ] KV cache footprint: 32.98 GB in 151 books
[15:22:49.941596511|thread 2214510|cpu 260] [info ] KV cache footprint: 34.08 GB in 156 books
[15:22:51.455419846|thread 2212247|cpu 260] [info ] [Request 6] Parsing the prompt took 196.272695751 s at 41.73784829649828 tokens/s
[15:23:03.136930851|thread 2212248|cpu 260] [info ] [Request 14] Parsing the prompt took 207.954113596 s at 39.393305851669254 tokens/s
[15:23:03.137202982|thread 2214510|cpu 260] [info ] KV cache footprint: 35.17 GB in 161 books
[15:23:08.943686612|thread 2212249|cpu 260] [info ] [Request 19] Parsing the prompt took 213.760814207 s at 38.323207321184206 tokens/s
[15:23:10.300494583|thread 2212237|cpu 260] [info ] [Request 42] Generating 61 response tokens with 8193 context took 72.040817 s at 0.847 average tok/s, or 1180.997 ms/tok
[15:23:10.300494606|thread 2212244|cpu 260] [info ] [Request 23] Generating 61 response tokens with 8193 context took 72.040807 s at 0.847 average tok/s, or 1180.997 ms/tok
[15:23:10.300552236|thread 2212244|cpu 260] [info ] [Request 23] Request with 8192 tokens in and 64 out (sequence limit) saw 142.417274 s TTFT and 215.117578 s TTLT
[15:23:10.300494470|thread 2212243|cpu 260] [info ] [Request 21] Generating 61 response tokens with 8193 context took 72.040813 s at 0.847 average tok/s, or 1180.997 ms/tok
[15:23:10.300575148|thread 2212243|cpu 260] [info ] [Request 21] Request with 8192 tokens in and 64 out (sequence limit) saw 142.417297 s TTFT and 215.117599 s TTLT
[15:23:10.300494589|thread 2212242|cpu 260] [info ] [Request 3] Generating 61 response tokens with 8193 context took 72.040816 s at 0.847 average tok/s, or 1180.997 ms/tok
[15:23:10.300590060|thread 2212242|cpu 260] [info ] [Request 3] Request with 8192 tokens in and 64 out (sequence limit) saw 142.417501 s TTFT and 215.117803 s TTLT
[15:23:10.300496354|thread 2212245|cpu 260] [info ] [Request 4] Generating 61 response tokens with 8193 context took 72.040819 s at 0.847 average tok/s, or 1180.997 ms/tok
[15:23:10.300494564|thread 2212240|cpu 260] [info ] [Request 47] Generating 61 response tokens with 8193 context took 72.040823 s at 0.847 average tok/s, or 1180.997 ms/tok
[15:23:10.300624446|thread 2212240|cpu 260] [info ] [Request 47] Request with 8192 tokens in and 64 out (sequence limit) saw 142.413800 s TTFT and 215.114109 s TTLT
[15:23:10.300535122|thread 2212237|cpu 260] [info ] [Request 42] Request with 8192 tokens in and 64 out (sequence limit) saw 142.413923 s TTFT and 215.114225 s TTLT
[15:23:10.300494607|thread 2212238|cpu 260] [info ] [Request 44] Generating 61 response tokens with 8193 context took 72.040815 s at 0.847 average tok/s, or 1180.997 ms/tok
[15:23:10.300611249|thread 2212245|cpu 260] [info ] [Request 4] Request with 8192 tokens in and 64 out (sequence limit) saw 142.417493 s TTFT and 215.117798 s TTLT
[15:23:10.300641907|thread 2212238|cpu 260] [info ] [Request 44] Request with 8192 tokens in and 64 out (sequence limit) saw 142.413870 s TTFT and 215.114173 s TTLT
[15:23:12.978060741|thread 2212245|cpu 260] [info ] [Request 41] Parsing the prompt took 217.794913164 s at 37.61336700197129 tokens/s
[15:23:12.978060632|thread 2212244|cpu 260] [info ] [Request 36] Parsing the prompt took 217.794974862 s at 37.61335634667716 tokens/s
[15:23:12.978062169|thread 2212243|cpu 260] [info ] [Request 33] Parsing the prompt took 217.7950225 s at 37.61334811956045 tokens/s
[15:23:13.834526826|thread 2214510|cpu 260] [info ] KV cache footprint: 36.27 GB in 166 books
[15:23:21.944343329|thread 2214511|cpu 260] [debug] #EVT# HandleDetails::is_anomalous() handle_id=47 time in state STATE_OPENED exceeded threshold: 142413784287 ns
[15:23:21.944418335|thread 2214511|cpu 260] [debug] #EVT#   Handle,    47, Created, 753186600246003, Last, 753403117976997, Prompted,  8191, Generated,    64, Input TPS, 57.52, Output TPS:  0.76, Callbacks,    64, prompt parsing complete, open
[15:23:21.944468849|thread 2214511|cpu 260] [info ] #EVT#   Handle 47 history:
        SESSION_OPEN, prompt 8192 tokens, offset=0 ns
        PROMPT_TOKENS_REUSE, offset=142413782948 ns
        ON_START_CALLED, offset=142413784287 ns
        ON_START_RETURNED, offset=142413860627 ns
        ON_TOKENS_CALLED, generate 1 tokens, offset=142413864618 ns
        ON_TOKENS_RETURNED, offset=142413866374 ns
        ON_TOKENS_CALLED, generate 1 tokens, offset=143073270490 ns
        ON_TOKENS_RETURNED, offset=143073271957 ns
        ON_TOKENS_CALLED, generate 1 tokens, offset=143803220757 ns
        ON_TOKENS_RETURNED, offset=143803223508 ns
        ON_TOKENS_CALLED, generate 1 tokens, offset=144548452889 ns
        ON_TOKENS_RETURNED, offset=144548453957 ns
        ON_TOKENS_CALLED, generate 1 tokens, offset=145302029588 ns
        ON_TOKENS_RETURNED, offset=145302032822 ns
        ON_TOKENS_CALLED, generate 1 tokens, offset=146070461969 ns
        ON_TOKENS_RETURNED, offset=146070463963 ns
        ON_TOKENS_CALLED, generate 1 tokens, offset=146853351599 ns
        ON_TOKENS_RETURNED, offset=146853354281 ns
        ON_TOKENS_CALLED, generate 1 tokens, offset=147653585520 ns
        ON_TOKENS_RETURNED, offset=147653587662 ns
        ON_TOKENS_CALLED, generate 1 tokens, offset=148463719079 ns
        ON_TOKENS_RETURNED, offset=148463723298 ns
        ON_TOKENS_CALLED, generate 1 tokens, offset=149293993752 ns
        ON_TOKENS_RETURNED, offset=149293995014 ns
        ON_TOKENS_CALLED, generate 1 tokens, offset=150136497605 ns
        ON_TOKENS_RETURNED, offset=150136499479 ns
        ON_TOKENS_CALLED, generate 1 tokens, offset=150992900281 ns
        ON_TOKENS_RETURNED, offset=150992901487 ns
        ON_TOKENS_CALLED, generate 1 tokens, offset=151864069054 ns
        ON_TOKENS_RETURNED, offset=151864071999 ns
        ON_TOKENS_CALLED, generate 1 tokens, offset=152757287846 ns
        ON_TOKENS_RETURNED, offset=152757290692 ns
        ON_TOKENS_CALLED, generate 1 tokens, offset=153671828414 ns
        ON_TOKENS_RETURNED, offset=153671829536 ns
        ON_TOKENS_CALLED, generate 1 tokens, offset=154606090373 ns
        ON_TOKENS_RETURNED, offset=154606091522 ns
        ON_TOKENS_CALLED, generate 1 tokens, offset=155560058271 ns
        ON_TOKENS_RETURNED, offset=155560073998 ns
        ON_TOKENS_CALLED, generate 1 tokens, offset=156521059417 ns
        ON_TOKENS_RETURNED, offset=156521061817 ns
        ON_TOKENS_CALLED, generate 1 tokens, offset=157519491176 ns
        ON_TOKENS_RETURNED, offset=157519492120 ns
        ON_TOKENS_CALLED, generate 1 tokens, offset=158534532844 ns
        ON_TOKENS_RETURNED, offset=158534534255 ns
        ON_TOKENS_CALLED, generate 1 tokens, offset=159578768111 ns
        ON_TOKENS_RETURNED, offset=159578770226 ns
        ON_TOKENS_CALLED, generate 1 tokens, offset=160626218171 ns
        ON_TOKENS_RETURNED, offset=160626220525 ns
        ON_TOKENS_CALLED, generate 1 tokens, offset=161714802857 ns
        ON_TOKENS_RETURNED, offset=161714804271 ns
        ON_TOKENS_CALLED, generate 1 tokens, offset=162810677684 ns
        ON_TOKENS_RETURNED, offset=162810678753 ns
        ON_TOKENS_CALLED, generate 1 tokens, offset=163942639267 ns
        ON_TOKENS_RETURNED, offset=163942640785 ns
        ON_TOKENS_CALLED, generate 1 tokens, offset=165075076223 ns
        ON_TOKENS_RETURNED, offset=165075077788 ns
        ON_TOKENS_CALLED, generate 1 tokens, offset=166252184003 ns
        ON_TOKENS_RETURNED, offset=166252185428 ns
        ON_TOKENS_CALLED, generate 1 tokens, offset=167436033910 ns
        ON_TOKENS_RETURNED, offset=167436037156 ns
        ON_TOKENS_CALLED, generate 1 tokens, offset=168657677218 ns
        ON_TOKENS_RETURNED, offset=168657678773 ns
        ON_TOKENS_CALLED, generate 1 tokens, offset=169872585025 ns
        ON_TOKENS_RETURNED, offset=169872586569 ns
        ON_TOKENS_CALLED, generate 1 tokens, offset=171134389307 ns
        ON_TOKENS_RETURNED, offset=171134392070 ns
        ON_TOKENS_CALLED, generate 1 tokens, offset=172398370378 ns
        ON_TOKENS_RETURNED, offset=172398372581 ns
        ON_TOKENS_CALLED, generate 1 tokens, offset=173547777663 ns
        ON_TOKENS_RETURNED, offset=173547780520 ns
        ON_TOKENS_CALLED, generate 1 tokens, offset=174725586720 ns
        ON_TOKENS_RETURNED, offset=174725587921 ns
        ON_TOKENS_CALLED, generate 1 tokens, offset=175906889755 ns
        ON_TOKENS_RETURNED, offset=175906891463 ns
        ON_TOKENS_CALLED, generate 1 tokens, offset=177121214335 ns
        ON_TOKENS_RETURNED, offset=177121216408 ns
        ON_TOKENS_CALLED, generate 1 tokens, offset=178348478216 ns
        ON_TOKENS_RETURNED, offset=178348479622 ns
        ON_TOKENS_CALLED, generate 1 tokens, offset=179607809876 ns
        ON_TOKENS_RETURNED, offset=179607812240 ns
        ON_TOKENS_CALLED, generate 1 tokens, offset=180872764224 ns
        ON_TOKENS_RETURNED, offset=180872766646 ns
        ON_TOKENS_CALLED, generate 1 tokens, offset=182175976829 ns
        ON_TOKENS_RETURNED, offset=182175979018 ns
        ON_TOKENS_CALLED, generate 1 tokens, offset=183476434918 ns
        ON_TOKENS_RETURNED, offset=183476437394 ns
        ON_TOKENS_CALLED, generate 1 tokens, offset=184822158542 ns
        ON_TOKENS_RETURNED, offset=184822159717 ns
        ON_TOKENS_CALLED, generate 1 tokens, offset=186173799852 ns
        ON_TOKENS_RETURNED, offset=186173801569 ns
        ON_TOKENS_CALLED, generate 1 tokens, offset=187565180484 ns
        ON_TOKENS_RETURNED, offset=187565182584 ns
        ON_TOKENS_CALLED, generate 1 tokens, offset=188950702051 ns
        ON_TOKENS_RETURNED, offset=188950703927 ns
        ON_TOKENS_CALLED, generate 1 tokens, offset=190384005764 ns
        ON_TOKENS_RETURNED, offset=190384007421 ns
        ON_TOKENS_CALLED, generate 1 tokens, offset=191817893022 ns
        ON_TOKENS_RETURNED, offset=191817894514 ns
        ON_TOKENS_CALLED, generate 1 tokens, offset=193295800151 ns
        ON_TOKENS_RETURNED, offset=193295801238 ns
        ON_TOKENS_CALLED, generate 1 tokens, offset=194754965932 ns
        ON_TOKENS_RETURNED, offset=194754967663 ns
        ON_TOKENS_CALLED, generate 1 tokens, offset=196268988159 ns
        ON_TOKENS_RETURNED, offset=196268990850 ns
        ON_TOKENS_CALLED, generate 1 tokens, offset=197639407566 ns
        ON_TOKENS_RETURNED, offset=197639408974 ns
        ON_TOKENS_CALLED, generate 1 tokens, offset=199052552699 ns
        ON_TOKENS_RETURNED, offset=199052554570 ns
        ON_TOKENS_CALLED, generate 1 tokens, offset=200469502824 ns
        ON_TOKENS_RETURNED, offset=200469504232 ns
        ON_TOKENS_CALLED, generate 1 tokens, offset=201928499690 ns
        ON_TOKENS_RETURNED, offset=201928501021 ns
        ON_TOKENS_CALLED, generate 1 tokens, offset=203397070686 ns
        ON_TOKENS_RETURNED, offset=203397072492 ns
        ON_TOKENS_CALLED, generate 1 tokens, offset=204897831287 ns
        ON_TOKENS_RETURNED, offset=204897833021 ns
        ON_TOKENS_CALLED, generate 1 tokens, offset=206404773008 ns
        ON_TOKENS_RETURNED, offset=206404775507 ns
        ON_TOKENS_CALLED, generate 1 tokens, offset=207950505625 ns
        ON_TOKENS_RETURNED, offset=207950507631 ns
        ON_TOKENS_CALLED, generate 1 tokens, offset=209356893211 ns
        ON_TOKENS_RETURNED, offset=209356895768 ns
        ON_TOKENS_CALLED, generate 1 tokens, offset=210813562489 ns
        ON_TOKENS_RETURNED, offset=210813565180 ns
        ON_TOKENS_CALLED, generate 1 tokens, offset=212270390644 ns
        ON_TOKENS_RETURNED, offset=212270393255 ns
        ON_TOKENS_CALLED, generate 1 tokens, offset=213757256989 ns
        ON_TOKENS_RETURNED, offset=213757258556 ns
        ON_TOKENS_CALLED, generate 1 tokens, offset=215114090755 ns
        ON_TOKENS_RETURNED, offset=215114230062 ns
        ON_TOKENS_CALLED, generate 1 tokens, offset=216517725565 ns
        ON_TOKENS_RETURNED, offset=216517730994 ns
[15:23:21.944501414|thread 2214511|cpu 260] [debug] #EVT# HandleDetails::is_anomalous() handle_id=44 time in state STATE_OPENED exceeded threshold: 142413862575 ns
[15:23:21.944504425|thread 2214511|cpu 260] [debug] #EVT#   Handle,    44, Created, 753186600166832, Last, 753403117977214, Prompted,  8191, Generated,    64, Input TPS, 57.52, Output TPS:  0.76, Callbacks,    64, prompt parsing complete, open
[15:23:21.944520431|thread 2214511|cpu 260] [info ] #EVT#   Handle 44 history:
        SESSION_OPEN, prompt 8192 tokens, offset=0 ns
        PROMPT_TOKENS_REUSE, offset=142413861458 ns
        ON_START_CALLED, offset=142413862575 ns
        ON_START_RETURNED, offset=142413901501 ns
        ON_TOKENS_CALLED, generate 1 tokens, offset=142413908844 ns
        ON_TOKENS_RETURNED, offset=142413911591 ns
        ON_TOKENS_CALLED, generate 1 tokens, offset=143073350698 ns
        ON_TOKENS_RETURNED, offset=143073353820 ns
        ON_TOKENS_CALLED, generate 1 tokens, offset=143803298579 ns
        ON_TOKENS_RETURNED, offset=143803301822 ns
        ON_TOKENS_CALLED, generate 1 tokens, offset=144548536373 ns
        ON_TOKENS_RETURNED, offset=144548538149 ns
        ON_TOKENS_CALLED, generate 1 tokens, offset=145302108106 ns
        ON_TOKENS_RETURNED, offset=145302111143 ns
        ON_TOKENS_CALLED, generate 1 tokens, offset=146070541868 ns
        ON_TOKENS_RETURNED, offset=146070543508 ns
        ON_TOKENS_CALLED, generate 1 tokens, offset=146853428115 ns
        ON_TOKENS_RETURNED, offset=146853430392 ns
        ON_TOKENS_CALLED, generate 1 tokens, offset=147653663503 ns
        ON_TOKENS_RETURNED, offset=147653666040 ns
        ON_TOKENS_CALLED, generate 1 tokens, offset=148463797771 ns
        ON_TOKENS_RETURNED, offset=148463802239 ns
        ON_TOKENS_CALLED, generate 1 tokens, offset=149294063274 ns
        ON_TOKENS_RETURNED, offset=149294064804 ns
        ON_TOKENS_CALLED, generate 1 tokens, offset=150136574635 ns
        ON_TOKENS_RETURNED, offset=150136576624 ns
        ON_TOKENS_CALLED, generate 1 tokens, offset=150992976256 ns
        ON_TOKENS_RETURNED, offset=150992978408 ns
        ON_TOKENS_CALLED, generate 1 tokens, offset=151864147374 ns
        ON_TOKENS_RETURNED, offset=151864149992 ns
        ON_TOKENS_CALLED, generate 1 tokens, offset=152757364918 ns
        ON_TOKENS_RETURNED, offset=152757366075 ns
        ON_TOKENS_CALLED, generate 1 tokens, offset=153671904205 ns
        ON_TOKENS_RETURNED, offset=153671906141 ns
        ON_TOKENS_CALLED, generate 1 tokens, offset=154606167231 ns
        ON_TOKENS_RETURNED, offset=154606168334 ns
        ON_TOKENS_CALLED, generate 1 tokens, offset=155560135578 ns
        ON_TOKENS_RETURNED, offset=155560153880 ns
        ON_TOKENS_CALLED, generate 1 tokens, offset=156521137745 ns
        ON_TOKENS_RETURNED, offset=156521139802 ns
        ON_TOKENS_CALLED, generate 1 tokens, offset=157519569396 ns
        ON_TOKENS_RETURNED, offset=157519571604 ns
        ON_TOKENS_CALLED, generate 1 tokens, offset=158534605503 ns
        ON_TOKENS_RETURNED, offset=158534607051 ns
        ON_TOKENS_CALLED, generate 1 tokens, offset=159578845733 ns
        ON_TOKENS_RETURNED, offset=159578848932 ns
        ON_TOKENS_CALLED, generate 1 tokens, offset=160626296466 ns
        ON_TOKENS_RETURNED, offset=160626298642 ns
        ON_TOKENS_CALLED, generate 1 tokens, offset=161714882283 ns
        ON_TOKENS_RETURNED, offset=161714884073 ns
        ON_TOKENS_CALLED, generate 1 tokens, offset=162810755262 ns
        ON_TOKENS_RETURNED, offset=162810757713 ns
        ON_TOKENS_CALLED, generate 1 tokens, offset=163942717458 ns
        ON_TOKENS_RETURNED, offset=163942718446 ns
        ON_TOKENS_CALLED, generate 1 tokens, offset=165075148499 ns
        ON_TOKENS_RETURNED, offset=165075149989 ns
        ON_TOKENS_CALLED, generate 1 tokens, offset=166252262905 ns
        ON_TOKENS_RETURNED, offset=166252265275 ns
        ON_TOKENS_CALLED, generate 1 tokens, offset=167436119084 ns
        ON_TOKENS_RETURNED, offset=167436120366 ns
        ON_TOKENS_CALLED, generate 1 tokens, offset=168657747796 ns
        ON_TOKENS_RETURNED, offset=168657750477 ns
        ON_TOKENS_CALLED, generate 1 tokens, offset=169872663542 ns
        ON_TOKENS_RETURNED, offset=169872665021 ns
        ON_TOKENS_CALLED, generate 1 tokens, offset=171134467801 ns
        ON_TOKENS_RETURNED, offset=171134470078 ns
        ON_TOKENS_CALLED, generate 1 tokens, offset=172398450974 ns
        ON_TOKENS_RETURNED, offset=172398453125 ns
        ON_TOKENS_CALLED, generate 1 tokens, offset=173547856237 ns
        ON_TOKENS_RETURNED, offset=173547860109 ns
        ON_TOKENS_CALLED, generate 1 tokens, offset=174725663800 ns
        ON_TOKENS_RETURNED, offset=174725665652 ns
        ON_TOKENS_CALLED, generate 1 tokens, offset=175906965580 ns
        ON_TOKENS_RETURNED, offset=175906967472 ns
        ON_TOKENS_CALLED, generate 1 tokens, offset=177121291142 ns
        ON_TOKENS_RETURNED, offset=177121294020 ns
        ON_TOKENS_CALLED, generate 1 tokens, offset=178348555703 ns
        ON_TOKENS_RETURNED, offset=178348557741 ns
        ON_TOKENS_CALLED, generate 1 tokens, offset=179607888972 ns
        ON_TOKENS_RETURNED, offset=179607891699 ns
        ON_TOKENS_CALLED, generate 1 tokens, offset=180872841043 ns
        ON_TOKENS_RETURNED, offset=180872843877 ns
        ON_TOKENS_CALLED, generate 1 tokens, offset=182176054940 ns
        ON_TOKENS_RETURNED, offset=182176056548 ns
        ON_TOKENS_CALLED, generate 1 tokens, offset=183476521606 ns
        ON_TOKENS_RETURNED, offset=183476522913 ns
        ON_TOKENS_CALLED, generate 1 tokens, offset=184822236974 ns
        ON_TOKENS_RETURNED, offset=184822238154 ns
        ON_TOKENS_CALLED, generate 1 tokens, offset=186173873271 ns
        ON_TOKENS_RETURNED, offset=186173875762 ns
        ON_TOKENS_CALLED, generate 1 tokens, offset=187565286435 ns
        ON_TOKENS_RETURNED, offset=187565289157 ns
        ON_TOKENS_CALLED, generate 1 tokens, offset=188950780371 ns
        ON_TOKENS_RETURNED, offset=188950781676 ns
        ON_TOKENS_CALLED, generate 1 tokens, offset=190384088325 ns
        ON_TOKENS_RETURNED, offset=190384089796 ns
        ON_TOKENS_CALLED, generate 1 tokens, offset=191817974133 ns
        ON_TOKENS_RETURNED, offset=191817976484 ns
        ON_TOKENS_CALLED, generate 1 tokens, offset=193295873152 ns
        ON_TOKENS_RETURNED, offset=193295874855 ns
        ON_TOKENS_CALLED, generate 1 tokens, offset=194755043052 ns
        ON_TOKENS_RETURNED, offset=194755047057 ns
        ON_TOKENS_CALLED, generate 1 tokens, offset=196269066697 ns
        ON_TOKENS_RETURNED, offset=196269069043 ns
        ON_TOKENS_CALLED, generate 1 tokens, offset=197639483334 ns
        ON_TOKENS_RETURNED, offset=197639485345 ns
        ON_TOKENS_CALLED, generate 1 tokens, offset=199052629539 ns
        ON_TOKENS_RETURNED, offset=199052631327 ns
        ON_TOKENS_CALLED, generate 1 tokens, offset=200469578384 ns
        ON_TOKENS_RETURNED, offset=200469579393 ns
        ON_TOKENS_CALLED, generate 1 tokens, offset=201928574363 ns
        ON_TOKENS_RETURNED, offset=201928576673 ns
        ON_TOKENS_CALLED, generate 1 tokens, offset=203397149824 ns
        ON_TOKENS_RETURNED, offset=203397152176 ns
        ON_TOKENS_CALLED, generate 1 tokens, offset=204897914176 ns
        ON_TOKENS_RETURNED, offset=204897915359 ns
        ON_TOKENS_CALLED, generate 1 tokens, offset=206404849919 ns
        ON_TOKENS_RETURNED, offset=206404853048 ns
        ON_TOKENS_CALLED, generate 1 tokens, offset=207950581573 ns
        ON_TOKENS_RETURNED, offset=207950583094 ns
        ON_TOKENS_CALLED, generate 1 tokens, offset=209356971713 ns
        ON_TOKENS_RETURNED, offset=209356973855 ns
        ON_TOKENS_CALLED, generate 1 tokens, offset=210813634989 ns
        ON_TOKENS_RETURNED, offset=210813637701 ns
        ON_TOKENS_CALLED, generate 1 tokens, offset=212270470166 ns
        ON_TOKENS_RETURNED, offset=212270471742 ns
        ON_TOKENS_CALLED, generate 1 tokens, offset=213757335630 ns
        ON_TOKENS_RETURNED, offset=213757337828 ns
        ON_TOKENS_CALLED, generate 1 tokens, offset=215114164816 ns
        ON_TOKENS_RETURNED, offset=215114353601 ns
        ON_TOKENS_CALLED, generate 1 tokens, offset=216517805013 ns
        ON_TOKENS_RETURNED, offset=216517810382 ns
[15:23:21.944531723|thread 2214511|cpu 260] [debug] #EVT# HandleDetails::is_anomalous() handle_id=42 time in state STATE_OPENED exceeded threshold: 142413902835 ns
[15:23:21.944533629|thread 2214511|cpu 260] [debug] #EVT#   Handle,    42, Created, 753186600126309, Last, 753403117975839, Prompted,  8191, Generated,    64, Input TPS, 57.52, Output TPS:  0.76, Callbacks,    64, prompt parsing complete, open
[15:23:21.944548480|thread 2214511|cpu 260] [info ] #EVT#   Handle 42 history:
        SESSION_OPEN, prompt 8192 tokens, offset=0 ns
        PROMPT_TOKENS_REUSE, offset=142413901052 ns
        ON_START_CALLED, offset=142413902835 ns
        ON_START_RETURNED, offset=142414050638 ns
        ON_TOKENS_CALLED, generate 1 tokens, offset=142414054561 ns
        ON_TOKENS_RETURNED, offset=142414055371 ns
        ON_TOKENS_CALLED, generate 1 tokens, offset=143073389016 ns
        ON_TOKENS_RETURNED, offset=143073390884 ns
        ON_TOKENS_CALLED, generate 1 tokens, offset=143803337812 ns
        ON_TOKENS_RETURNED, offset=143803340218 ns
        ON_TOKENS_CALLED, generate 1 tokens, offset=144548568742 ns
        ON_TOKENS_RETURNED, offset=144548570952 ns
        ON_TOKENS_CALLED, generate 1 tokens, offset=145302147586 ns
        ON_TOKENS_RETURNED, offset=145302150029 ns
        ON_TOKENS_CALLED, generate 1 tokens, offset=146070581593 ns
        ON_TOKENS_RETURNED, offset=146070583727 ns
        ON_TOKENS_CALLED, generate 1 tokens, offset=146853467074 ns
        ON_TOKENS_RETURNED, offset=146853468786 ns
        ON_TOKENS_CALLED, generate 1 tokens, offset=147653704063 ns
        ON_TOKENS_RETURNED, offset=147653706412 ns
        ON_TOKENS_CALLED, generate 1 tokens, offset=148463838213 ns
        ON_TOKENS_RETURNED, offset=148463841270 ns
        ON_TOKENS_CALLED, generate 1 tokens, offset=149294101056 ns
        ON_TOKENS_RETURNED, offset=149294103139 ns
        ON_TOKENS_CALLED, generate 1 tokens, offset=150136614727 ns
        ON_TOKENS_RETURNED, offset=150136616337 ns
        ON_TOKENS_CALLED, generate 1 tokens, offset=150993017563 ns
        ON_TOKENS_RETURNED, offset=150993018539 ns
        ON_TOKENS_CALLED, generate 1 tokens, offset=151864191604 ns
        ON_TOKENS_RETURNED, offset=151864192656 ns
        ON_TOKENS_CALLED, generate 1 tokens, offset=152757404967 ns
        ON_TOKENS_RETURNED, offset=152757406329 ns
        ON_TOKENS_CALLED, generate 1 tokens, offset=153671944472 ns
        ON_TOKENS_RETURNED, offset=153671947203 ns
        ON_TOKENS_CALLED, generate 1 tokens, offset=154606205856 ns
        ON_TOKENS_RETURNED, offset=154606207228 ns
        ON_TOKENS_CALLED, generate 1 tokens, offset=155560177276 ns
        ON_TOKENS_RETURNED, offset=155560194086 ns
        ON_TOKENS_CALLED, generate 1 tokens, offset=156521173730 ns
        ON_TOKENS_RETURNED, offset=156521175369 ns
        ON_TOKENS_CALLED, generate 1 tokens, offset=157519604957 ns
        ON_TOKENS_RETURNED, offset=157519606388 ns
        ON_TOKENS_CALLED, generate 1 tokens, offset=158534646183 ns
        ON_TOKENS_RETURNED, offset=158534647301 ns
        ON_TOKENS_CALLED, generate 1 tokens, offset=159578885730 ns
        ON_TOKENS_RETURNED, offset=159578888135 ns
        ON_TOKENS_CALLED, generate 1 tokens, offset=160626334154 ns
        ON_TOKENS_RETURNED, offset=160626336400 ns
        ON_TOKENS_CALLED, generate 1 tokens, offset=161714921238 ns
        ON_TOKENS_RETURNED, offset=161714923758 ns
        ON_TOKENS_CALLED, generate 1 tokens, offset=162810795699 ns
        ON_TOKENS_RETURNED, offset=162810798083 ns
        ON_TOKENS_CALLED, generate 1 tokens, offset=163942756487 ns
        ON_TOKENS_RETURNED, offset=163942758406 ns
        ON_TOKENS_CALLED, generate 1 tokens, offset=165075191104 ns
        ON_TOKENS_RETURNED, offset=165075192346 ns
        ON_TOKENS_CALLED, generate 1 tokens, offset=166252300454 ns
        ON_TOKENS_RETURNED, offset=166252301832 ns
        ON_TOKENS_CALLED, generate 1 tokens, offset=167436152411 ns
        ON_TOKENS_RETURNED, offset=167436155269 ns
        ON_TOKENS_CALLED, generate 1 tokens, offset=168657791881 ns
        ON_TOKENS_RETURNED, offset=168657794071 ns
        ON_TOKENS_CALLED, generate 1 tokens, offset=169872702348 ns
        ON_TOKENS_RETURNED, offset=169872704885 ns
        ON_TOKENS_CALLED, generate 1 tokens, offset=171134506702 ns
        ON_TOKENS_RETURNED, offset=171134509362 ns
        ON_TOKENS_CALLED, generate 1 tokens, offset=172398488148 ns
        ON_TOKENS_RETURNED, offset=172398490672 ns
        ON_TOKENS_CALLED, generate 1 tokens, offset=173547895733 ns
        ON_TOKENS_RETURNED, offset=173547898037 ns
        ON_TOKENS_CALLED, generate 1 tokens, offset=174725703784 ns
        ON_TOKENS_RETURNED, offset=174725706015 ns
        ON_TOKENS_CALLED, generate 1 tokens, offset=175907013115 ns
        ON_TOKENS_RETURNED, offset=175907014653 ns
        ON_TOKENS_CALLED, generate 1 tokens, offset=177121331312 ns
        ON_TOKENS_RETURNED, offset=177121334275 ns
        ON_TOKENS_CALLED, generate 1 tokens, offset=178348597211 ns
        ON_TOKENS_RETURNED, offset=178348598325 ns
        ON_TOKENS_CALLED, generate 1 tokens, offset=179607931028 ns
        ON_TOKENS_RETURNED, offset=179607932378 ns
        ON_TOKENS_CALLED, generate 1 tokens, offset=180872879700 ns
        ON_TOKENS_RETURNED, offset=180872882628 ns
        ON_TOKENS_CALLED, generate 1 tokens, offset=182176096329 ns
        ON_TOKENS_RETURNED, offset=182176097543 ns
        ON_TOKENS_CALLED, generate 1 tokens, offset=183476555223 ns
        ON_TOKENS_RETURNED, offset=183476556410 ns
        ON_TOKENS_CALLED, generate 1 tokens, offset=184822276202 ns
        ON_TOKENS_RETURNED, offset=184822278079 ns
        ON_TOKENS_CALLED, generate 1 tokens, offset=186173912350 ns
        ON_TOKENS_RETURNED, offset=186173913764 ns
        ON_TOKENS_CALLED, generate 1 tokens, offset=187565295361 ns
        ON_TOKENS_RETURNED, offset=187565296680 ns
        ON_TOKENS_CALLED, generate 1 tokens, offset=188950820348 ns
        ON_TOKENS_RETURNED, offset=188950822807 ns
        ON_TOKENS_CALLED, generate 1 tokens, offset=190384135792 ns
        ON_TOKENS_RETURNED, offset=190384137428 ns
        ON_TOKENS_CALLED, generate 1 tokens, offset=191818015832 ns
        ON_TOKENS_RETURNED, offset=191818017842 ns
        ON_TOKENS_CALLED, generate 1 tokens, offset=193295912179 ns
        ON_TOKENS_RETURNED, offset=193295914187 ns
        ON_TOKENS_CALLED, generate 1 tokens, offset=194755083166 ns
        ON_TOKENS_RETURNED, offset=194755087136 ns
        ON_TOKENS_CALLED, generate 1 tokens, offset=196269106774 ns
        ON_TOKENS_RETURNED, offset=196269109986 ns
        ON_TOKENS_CALLED, generate 1 tokens, offset=197639526890 ns
        ON_TOKENS_RETURNED, offset=197639528358 ns
        ON_TOKENS_CALLED, generate 1 tokens, offset=199052672179 ns
        ON_TOKENS_RETURNED, offset=199052673345 ns
        ON_TOKENS_CALLED, generate 1 tokens, offset=200469615537 ns
        ON_TOKENS_RETURNED, offset=200469617267 ns
        ON_TOKENS_CALLED, generate 1 tokens, offset=201928610332 ns
        ON_TOKENS_RETURNED, offset=201928612339 ns
        ON_TOKENS_CALLED, generate 1 tokens, offset=203397197825 ns
        ON_TOKENS_RETURNED, offset=203397199877 ns
        ON_TOKENS_CALLED, generate 1 tokens, offset=204897950069 ns
        ON_TOKENS_RETURNED, offset=204897951183 ns
        ON_TOKENS_CALLED, generate 1 tokens, offset=206404892329 ns
        ON_TOKENS_RETURNED, offset=206404894499 ns
        ON_TOKENS_CALLED, generate 1 tokens, offset=207950622295 ns
        ON_TOKENS_RETURNED, offset=207950624162 ns
        ON_TOKENS_CALLED, generate 1 tokens, offset=209357011335 ns
        ON_TOKENS_RETURNED, offset=209357012794 ns
        ON_TOKENS_CALLED, generate 1 tokens, offset=210813673992 ns
        ON_TOKENS_RETURNED, offset=210813676727 ns
        ON_TOKENS_CALLED, generate 1 tokens, offset=212270513748 ns
        ON_TOKENS_RETURNED, offset=212270514744 ns
        ON_TOKENS_CALLED, generate 1 tokens, offset=213757372616 ns
        ON_TOKENS_RETURNED, offset=213757374936 ns
        ON_TOKENS_CALLED, generate 1 tokens, offset=215114202874 ns
        ON_TOKENS_RETURNED, offset=215114353142 ns
        ON_TOKENS_CALLED, generate 1 tokens, offset=216517842938 ns
        ON_TOKENS_RETURNED, offset=216517849530 ns
[15:23:21.944563100|thread 2214511|cpu 260] [debug] #EVT# HandleDetails::is_anomalous() handle_id=4 time in state STATE_OPENED exceeded threshold: 142417487228 ns
[15:23:21.944564885|thread 2214511|cpu 260] [debug] #EVT#   Handle,     4, Created, 753186596549501, Last, 753403117981610, Prompted,  8192, Generated,    64, Input TPS, 57.52, Output TPS:  0.76, Callbacks,    64, prompt parsing complete, open
[15:23:21.944579995|thread 2214511|cpu 260] [info ] #EVT#   Handle 4 history:
        SESSION_OPEN, prompt 8192 tokens, offset=0 ns
        PROMPT_TOKENS_REUSE, offset=142417486382 ns
        ON_START_CALLED, offset=142417487228 ns
        ON_START_RETURNED, offset=142417643028 ns
        ON_TOKENS_CALLED, generate 1 tokens, offset=142417647614 ns
        ON_TOKENS_RETURNED, offset=142417648184 ns
        ON_TOKENS_CALLED, generate 1 tokens, offset=143076974035 ns
        ON_TOKENS_RETURNED, offset=143076974877 ns
        ON_TOKENS_CALLED, generate 1 tokens, offset=143806922551 ns
        ON_TOKENS_RETURNED, offset=143806923969 ns
        ON_TOKENS_CALLED, generate 1 tokens, offset=144552154343 ns
        ON_TOKENS_RETURNED, offset=144552155205 ns
        ON_TOKENS_CALLED, generate 1 tokens, offset=145305733855 ns
        ON_TOKENS_RETURNED, offset=145305735782 ns
        ON_TOKENS_CALLED, generate 1 tokens, offset=146074164354 ns
        ON_TOKENS_RETURNED, offset=146074165736 ns
        ON_TOKENS_CALLED, generate 1 tokens, offset=146857052781 ns
        ON_TOKENS_RETURNED, offset=146857054324 ns
        ON_TOKENS_CALLED, generate 1 tokens, offset=147657288361 ns
        ON_TOKENS_RETURNED, offset=147657289701 ns
        ON_TOKENS_CALLED, generate 1 tokens, offset=148467422296 ns
        ON_TOKENS_RETURNED, offset=148467436984 ns
        ON_TOKENS_CALLED, generate 1 tokens, offset=149297681706 ns
        ON_TOKENS_RETURNED, offset=149297682935 ns
        ON_TOKENS_CALLED, generate 1 tokens, offset=150140200577 ns
        ON_TOKENS_RETURNED, offset=150140201488 ns
        ON_TOKENS_CALLED, generate 1 tokens, offset=150996599911 ns
        ON_TOKENS_RETURNED, offset=150996601513 ns
        ON_TOKENS_CALLED, generate 1 tokens, offset=151867771573 ns
        ON_TOKENS_RETURNED, offset=151867773674 ns
        ON_TOKENS_CALLED, generate 1 tokens, offset=152760990043 ns
        ON_TOKENS_RETURNED, offset=152760991371 ns
        ON_TOKENS_CALLED, generate 1 tokens, offset=153675530776 ns
        ON_TOKENS_RETURNED, offset=153675531724 ns
        ON_TOKENS_CALLED, generate 1 tokens, offset=154609790952 ns
        ON_TOKENS_RETURNED, offset=154609792044 ns
        ON_TOKENS_CALLED, generate 1 tokens, offset=155563761030 ns
        ON_TOKENS_RETURNED, offset=155563772840 ns
        ON_TOKENS_CALLED, generate 1 tokens, offset=156524759133 ns
        ON_TOKENS_RETURNED, offset=156524761218 ns
        ON_TOKENS_CALLED, generate 1 tokens, offset=157523191757 ns
        ON_TOKENS_RETURNED, offset=157523192588 ns
        ON_TOKENS_CALLED, generate 1 tokens, offset=158538231229 ns
        ON_TOKENS_RETURNED, offset=158538232275 ns
        ON_TOKENS_CALLED, generate 1 tokens, offset=159582470706 ns
        ON_TOKENS_RETURNED, offset=159582471673 ns
        ON_TOKENS_CALLED, generate 1 tokens, offset=160629924139 ns
        ON_TOKENS_RETURNED, offset=160629926467 ns
        ON_TOKENS_CALLED, generate 1 tokens, offset=161718508888 ns
        ON_TOKENS_RETURNED, offset=161718509746 ns
        ON_TOKENS_CALLED, generate 1 tokens, offset=162814381247 ns
        ON_TOKENS_RETURNED, offset=162814382653 ns
        ON_TOKENS_CALLED, generate 1 tokens, offset=163946341952 ns
        ON_TOKENS_RETURNED, offset=163946343027 ns
        ON_TOKENS_CALLED, generate 1 tokens, offset=165078774870 ns
        ON_TOKENS_RETURNED, offset=165078776832 ns
        ON_TOKENS_CALLED, generate 1 tokens, offset=166255885080 ns
        ON_TOKENS_RETURNED, offset=166255885902 ns
        ON_TOKENS_CALLED, generate 1 tokens, offset=167439740414 ns
        ON_TOKENS_RETURNED, offset=167439741652 ns
        ON_TOKENS_CALLED, generate 1 tokens, offset=168661373720 ns
        ON_TOKENS_RETURNED, offset=168661374686 ns
        ON_TOKENS_CALLED, generate 1 tokens, offset=169876285341 ns
        ON_TOKENS_RETURNED, offset=169876286120 ns
        ON_TOKENS_CALLED, generate 1 tokens, offset=171138091889 ns
        ON_TOKENS_RETURNED, offset=171138092911 ns
        ON_TOKENS_CALLED, generate 1 tokens, offset=172402083047 ns
        ON_TOKENS_RETURNED, offset=172402084062 ns
        ON_TOKENS_CALLED, generate 1 tokens, offset=173551477956 ns
        ON_TOKENS_RETURNED, offset=173551480357 ns
        ON_TOKENS_CALLED, generate 1 tokens, offset=174729293266 ns
        ON_TOKENS_RETURNED, offset=174729294463 ns
        ON_TOKENS_CALLED, generate 1 tokens, offset=175910588461 ns
        ON_TOKENS_RETURNED, offset=175910589756 ns
        ON_TOKENS_CALLED, generate 1 tokens, offset=177124917732 ns
        ON_TOKENS_RETURNED, offset=177124920070 ns
        ON_TOKENS_CALLED, generate 1 tokens, offset=178352178821 ns
        ON_TOKENS_RETURNED, offset=178352180083 ns
        ON_TOKENS_CALLED, generate 1 tokens, offset=179611513758 ns
        ON_TOKENS_RETURNED, offset=179611515160 ns
        ON_TOKENS_CALLED, generate 1 tokens, offset=180876469949 ns
        ON_TOKENS_RETURNED, offset=180876470720 ns
        ON_TOKENS_CALLED, generate 1 tokens, offset=182179683717 ns
        ON_TOKENS_RETURNED, offset=182179684735 ns
        ON_TOKENS_CALLED, generate 1 tokens, offset=183480135616 ns
        ON_TOKENS_RETURNED, offset=183480137282 ns
        ON_TOKENS_CALLED, generate 1 tokens, offset=184825861052 ns
        ON_TOKENS_RETURNED, offset=184825863381 ns
        ON_TOKENS_CALLED, generate 1 tokens, offset=186177495640 ns
        ON_TOKENS_RETURNED, offset=186177496660 ns
        ON_TOKENS_CALLED, generate 1 tokens, offset=187568880654 ns
        ON_TOKENS_RETURNED, offset=187568883174 ns
        ON_TOKENS_CALLED, generate 1 tokens, offset=188954404798 ns
        ON_TOKENS_RETURNED, offset=188954406396 ns
        ON_TOKENS_CALLED, generate 1 tokens, offset=190387708340 ns
        ON_TOKENS_RETURNED, offset=190387710735 ns
        ON_TOKENS_CALLED, generate 1 tokens, offset=191821594863 ns
        ON_TOKENS_RETURNED, offset=191821595789 ns
        ON_TOKENS_CALLED, generate 1 tokens, offset=193299497664 ns
        ON_TOKENS_RETURNED, offset=193299498832 ns
        ON_TOKENS_CALLED, generate 1 tokens, offset=194758670509 ns
        ON_TOKENS_RETURNED, offset=194758671909 ns
        ON_TOKENS_CALLED, generate 1 tokens, offset=196272693832 ns
        ON_TOKENS_RETURNED, offset=196272695942 ns
        ON_TOKENS_CALLED, generate 1 tokens, offset=197643108661 ns
        ON_TOKENS_RETURNED, offset=197643109594 ns
        ON_TOKENS_CALLED, generate 1 tokens, offset=199056255389 ns
        ON_TOKENS_RETURNED, offset=199056257058 ns
        ON_TOKENS_CALLED, generate 1 tokens, offset=200473200971 ns
        ON_TOKENS_RETURNED, offset=200473202044 ns
        ON_TOKENS_CALLED, generate 1 tokens, offset=201932198111 ns
        ON_TOKENS_RETURNED, offset=201932198900 ns
        ON_TOKENS_CALLED, generate 1 tokens, offset=203400772744 ns
        ON_TOKENS_RETURNED, offset=203400773745 ns
        ON_TOKENS_CALLED, generate 1 tokens, offset=204901531750 ns
        ON_TOKENS_RETURNED, offset=204901532538 ns
        ON_TOKENS_CALLED, generate 1 tokens, offset=206408476713 ns
        ON_TOKENS_RETURNED, offset=206408477862 ns
        ON_TOKENS_CALLED, generate 1 tokens, offset=207954208985 ns
        ON_TOKENS_RETURNED, offset=207954210079 ns
        ON_TOKENS_CALLED, generate 1 tokens, offset=209360595887 ns
        ON_TOKENS_RETURNED, offset=209360597987 ns
        ON_TOKENS_CALLED, generate 1 tokens, offset=210817263824 ns
        ON_TOKENS_RETURNED, offset=210817265139 ns
        ON_TOKENS_CALLED, generate 1 tokens, offset=212274092891 ns
        ON_TOKENS_RETURNED, offset=212274093936 ns
        ON_TOKENS_CALLED, generate 1 tokens, offset=213760959028 ns
        ON_TOKENS_RETURNED, offset=213760960100 ns
        ON_TOKENS_CALLED, generate 1 tokens, offset=215117791131 ns
        ON_TOKENS_RETURNED, offset=215117954721 ns
        ON_TOKENS_CALLED, generate 1 tokens, offset=216521428188 ns
        ON_TOKENS_RETURNED, offset=216521432109 ns
[15:23:21.944589955|thread 2214511|cpu 260] [debug] #EVT# HandleDetails::is_anomalous() handle_id=3 time in state STATE_OPENED exceeded threshold: 142417493068 ns
[15:23:21.944591662|thread 2214511|cpu 260] [debug] #EVT#   Handle,     3, Created, 753186596537981, Last, 753403117983081, Prompted,  8192, Generated,    64, Input TPS, 57.52, Output TPS:  0.76, Callbacks,    64, prompt parsing complete, open
[15:23:21.944605977|thread 2214511|cpu 260] [info ] #EVT#   Handle 3 history:
        SESSION_OPEN, prompt 8192 tokens, offset=0 ns
        PROMPT_TOKENS_REUSE, offset=142417491762 ns
        ON_START_CALLED, offset=142417493068 ns
        ON_START_RETURNED, offset=142417596669 ns
        ON_TOKENS_CALLED, generate 1 tokens, offset=142417600683 ns
        ON_TOKENS_RETURNED, offset=142417603443 ns
        ON_TOKENS_CALLED, generate 1 tokens, offset=143076980879 ns
        ON_TOKENS_RETURNED, offset=143076982222 ns
        ON_TOKENS_CALLED, generate 1 tokens, offset=143806936150 ns
        ON_TOKENS_RETURNED, offset=143806937190 ns
        ON_TOKENS_CALLED, generate 1 tokens, offset=144552161623 ns
        ON_TOKENS_RETURNED, offset=144552162831 ns
        ON_TOKENS_CALLED, generate 1 tokens, offset=145305739671 ns
        ON_TOKENS_RETURNED, offset=145305741563 ns
        ON_TOKENS_CALLED, generate 1 tokens, offset=146074177450 ns
        ON_TOKENS_RETURNED, offset=146074178305 ns
        ON_TOKENS_CALLED, generate 1 tokens, offset=146857058424 ns
        ON_TOKENS_RETURNED, offset=146857060103 ns
        ON_TOKENS_CALLED, generate 1 tokens, offset=147657295925 ns
        ON_TOKENS_RETURNED, offset=147657298023 ns
        ON_TOKENS_CALLED, generate 1 tokens, offset=148467429071 ns
        ON_TOKENS_RETURNED, offset=148467447708 ns
        ON_TOKENS_CALLED, generate 1 tokens, offset=149297690497 ns
        ON_TOKENS_RETURNED, offset=149297692192 ns
        ON_TOKENS_CALLED, generate 1 tokens, offset=150140207953 ns
        ON_TOKENS_RETURNED, offset=150140208983 ns
        ON_TOKENS_CALLED, generate 1 tokens, offset=150996608689 ns
        ON_TOKENS_RETURNED, offset=150996610162 ns
        ON_TOKENS_CALLED, generate 1 tokens, offset=151867780648 ns
        ON_TOKENS_RETURNED, offset=151867782080 ns
        ON_TOKENS_CALLED, generate 1 tokens, offset=152760996439 ns
        ON_TOKENS_RETURNED, offset=152760998032 ns
        ON_TOKENS_CALLED, generate 1 tokens, offset=153675542079 ns
        ON_TOKENS_RETURNED, offset=153675542971 ns
        ON_TOKENS_CALLED, generate 1 tokens, offset=154609799717 ns
        ON_TOKENS_RETURNED, offset=154609800913 ns
        ON_TOKENS_CALLED, generate 1 tokens, offset=155563768926 ns
        ON_TOKENS_RETURNED, offset=155563772438 ns
        ON_TOKENS_CALLED, generate 1 tokens, offset=156524767278 ns
        ON_TOKENS_RETURNED, offset=156524769353 ns
        ON_TOKENS_CALLED, generate 1 tokens, offset=157523198220 ns
        ON_TOKENS_RETURNED, offset=157523200478 ns
        ON_TOKENS_CALLED, generate 1 tokens, offset=158538237521 ns
        ON_TOKENS_RETURNED, offset=158538238684 ns
        ON_TOKENS_CALLED, generate 1 tokens, offset=159582478063 ns
        ON_TOKENS_RETURNED, offset=159582478963 ns
        ON_TOKENS_CALLED, generate 1 tokens, offset=160629927271 ns
        ON_TOKENS_RETURNED, offset=160629928170 ns
        ON_TOKENS_CALLED, generate 1 tokens, offset=161718522285 ns
        ON_TOKENS_RETURNED, offset=161718523427 ns
        ON_TOKENS_CALLED, generate 1 tokens, offset=162814391860 ns
        ON_TOKENS_RETURNED, offset=162814392984 ns
        ON_TOKENS_CALLED, generate 1 tokens, offset=163946347587 ns
        ON_TOKENS_RETURNED, offset=163946348557 ns
        ON_TOKENS_CALLED, generate 1 tokens, offset=165078781505 ns
        ON_TOKENS_RETURNED, offset=165078783997 ns
        ON_TOKENS_CALLED, generate 1 tokens, offset=166255892212 ns
        ON_TOKENS_RETURNED, offset=166255894937 ns
        ON_TOKENS_CALLED, generate 1 tokens, offset=167439742974 ns
        ON_TOKENS_RETURNED, offset=167439745304 ns
        ON_TOKENS_CALLED, generate 1 tokens, offset=168661381144 ns
        ON_TOKENS_RETURNED, offset=168661382152 ns
        ON_TOKENS_CALLED, generate 1 tokens, offset=169876291611 ns
        ON_TOKENS_RETURNED, offset=169876292972 ns
        ON_TOKENS_CALLED, generate 1 tokens, offset=171138099518 ns
        ON_TOKENS_RETURNED, offset=171138100370 ns
        ON_TOKENS_CALLED, generate 1 tokens, offset=172402081499 ns
        ON_TOKENS_RETURNED, offset=172402082944 ns
        ON_TOKENS_CALLED, generate 1 tokens, offset=173551487822 ns
        ON_TOKENS_RETURNED, offset=173551490549 ns
        ON_TOKENS_CALLED, generate 1 tokens, offset=174729300313 ns
        ON_TOKENS_RETURNED, offset=174729301599 ns
        ON_TOKENS_CALLED, generate 1 tokens, offset=175910599378 ns
        ON_TOKENS_RETURNED, offset=175910601018 ns
        ON_TOKENS_CALLED, generate 1 tokens, offset=177124926058 ns
        ON_TOKENS_RETURNED, offset=177124927165 ns
        ON_TOKENS_CALLED, generate 1 tokens, offset=178352188442 ns
        ON_TOKENS_RETURNED, offset=178352190488 ns
        ON_TOKENS_CALLED, generate 1 tokens, offset=179611517362 ns
        ON_TOKENS_RETURNED, offset=179611519814 ns
        ON_TOKENS_CALLED, generate 1 tokens, offset=180876473594 ns
        ON_TOKENS_RETURNED, offset=180876475047 ns
        ON_TOKENS_CALLED, generate 1 tokens, offset=182179691093 ns
        ON_TOKENS_RETURNED, offset=182179692451 ns
        ON_TOKENS_CALLED, generate 1 tokens, offset=183480143283 ns
        ON_TOKENS_RETURNED, offset=183480144807 ns
        ON_TOKENS_CALLED, generate 1 tokens, offset=184825868630 ns
        ON_TOKENS_RETURNED, offset=184825870983 ns
        ON_TOKENS_CALLED, generate 1 tokens, offset=186177502787 ns
        ON_TOKENS_RETURNED, offset=186177504752 ns
        ON_TOKENS_CALLED, generate 1 tokens, offset=187568889573 ns
        ON_TOKENS_RETURNED, offset=187568890960 ns
        ON_TOKENS_CALLED, generate 1 tokens, offset=188954412229 ns
        ON_TOKENS_RETURNED, offset=188954413586 ns
        ON_TOKENS_CALLED, generate 1 tokens, offset=190387719768 ns
        ON_TOKENS_RETURNED, offset=190387721125 ns
        ON_TOKENS_CALLED, generate 1 tokens, offset=191821607812 ns
        ON_TOKENS_RETURNED, offset=191821609057 ns
        ON_TOKENS_CALLED, generate 1 tokens, offset=193299502780 ns
        ON_TOKENS_RETURNED, offset=193299504100 ns
        ON_TOKENS_CALLED, generate 1 tokens, offset=194758675398 ns
        ON_TOKENS_RETURNED, offset=194758676788 ns
        ON_TOKENS_CALLED, generate 1 tokens, offset=196272699118 ns
        ON_TOKENS_RETURNED, offset=196272701716 ns
        ON_TOKENS_CALLED, generate 1 tokens, offset=197643116072 ns
        ON_TOKENS_RETURNED, offset=197643118436 ns
        ON_TOKENS_CALLED, generate 1 tokens, offset=199056261821 ns
        ON_TOKENS_RETURNED, offset=199056263632 ns
        ON_TOKENS_CALLED, generate 1 tokens, offset=200473203285 ns
        ON_TOKENS_RETURNED, offset=200473206189 ns
        ON_TOKENS_CALLED, generate 1 tokens, offset=201932205192 ns
        ON_TOKENS_RETURNED, offset=201932206145 ns
        ON_TOKENS_CALLED, generate 1 tokens, offset=203400782594 ns
        ON_TOKENS_RETURNED, offset=203400784351 ns
        ON_TOKENS_CALLED, generate 1 tokens, offset=204901545910 ns
        ON_TOKENS_RETURNED, offset=204901546951 ns
        ON_TOKENS_CALLED, generate 1 tokens, offset=206408483806 ns
        ON_TOKENS_RETURNED, offset=206408486563 ns
        ON_TOKENS_CALLED, generate 1 tokens, offset=207954211515 ns
        ON_TOKENS_RETURNED, offset=207954213445 ns
        ON_TOKENS_CALLED, generate 1 tokens, offset=209360602848 ns
        ON_TOKENS_RETURNED, offset=209360604569 ns
        ON_TOKENS_CALLED, generate 1 tokens, offset=210817266662 ns
        ON_TOKENS_RETURNED, offset=210817267528 ns
        ON_TOKENS_CALLED, generate 1 tokens, offset=212274100393 ns
        ON_TOKENS_RETURNED, offset=212274102138 ns
        ON_TOKENS_CALLED, generate 1 tokens, offset=213760965142 ns
        ON_TOKENS_RETURNED, offset=213760966308 ns
        ON_TOKENS_CALLED, generate 1 tokens, offset=215117793887 ns
        ON_TOKENS_RETURNED, offset=215117902518 ns
        ON_TOKENS_CALLED, generate 1 tokens, offset=216521436347 ns
        ON_TOKENS_RETURNED, offset=216521445100 ns
[15:23:21.944615819|thread 2214511|cpu 260] [debug] #EVT# HandleDetails::is_anomalous() handle_id=21 time in state STATE_OPENED exceeded threshold: 142417291037 ns
[15:23:21.944617549|thread 2214511|cpu 260] [debug] #EVT#   Handle,    21, Created, 753186596742840, Last, 753403117978464, Prompted,  8189, Generated,    64, Input TPS, 57.52, Output TPS:  0.76, Callbacks,    64, prompt parsing complete, open
[15:23:21.944632336|thread 2214511|cpu 260] [info ] #EVT#   Handle 21 history:
        SESSION_OPEN, prompt 8192 tokens, offset=0 ns
        PROMPT_TOKENS_REUSE, offset=142417289542 ns
        ON_START_CALLED, offset=142417291037 ns
        ON_START_RETURNED, offset=142417417256 ns
        ON_TOKENS_CALLED, generate 1 tokens, offset=142417424462 ns
        ON_TOKENS_RETURNED, offset=142417425676 ns
        ON_TOKENS_CALLED, generate 1 tokens, offset=143076780657 ns
        ON_TOKENS_RETURNED, offset=143076782439 ns
        ON_TOKENS_CALLED, generate 1 tokens, offset=143806727698 ns
        ON_TOKENS_RETURNED, offset=143806729941 ns
        ON_TOKENS_CALLED, generate 1 tokens, offset=144551959527 ns
        ON_TOKENS_RETURNED, offset=144551961081 ns
        ON_TOKENS_CALLED, generate 1 tokens, offset=145305537149 ns
        ON_TOKENS_RETURNED, offset=145305539741 ns
        ON_TOKENS_CALLED, generate 1 tokens, offset=146073973315 ns
        ON_TOKENS_RETURNED, offset=146073974460 ns
        ON_TOKENS_CALLED, generate 1 tokens, offset=146856856869 ns
        ON_TOKENS_RETURNED, offset=146856859162 ns
        ON_TOKENS_CALLED, generate 1 tokens, offset=147657092903 ns
        ON_TOKENS_RETURNED, offset=147657094269 ns
        ON_TOKENS_CALLED, generate 1 tokens, offset=148467228710 ns
        ON_TOKENS_RETURNED, offset=148467234134 ns
        ON_TOKENS_CALLED, generate 1 tokens, offset=149297486349 ns
        ON_TOKENS_RETURNED, offset=149297487556 ns
        ON_TOKENS_CALLED, generate 1 tokens, offset=150140004228 ns
        ON_TOKENS_RETURNED, offset=150140005715 ns
        ON_TOKENS_CALLED, generate 1 tokens, offset=150996405088 ns
        ON_TOKENS_RETURNED, offset=150996406502 ns
        ON_TOKENS_CALLED, generate 1 tokens, offset=151867576452 ns
        ON_TOKENS_RETURNED, offset=151867578468 ns
        ON_TOKENS_CALLED, generate 1 tokens, offset=152760794447 ns
        ON_TOKENS_RETURNED, offset=152760796333 ns
        ON_TOKENS_CALLED, generate 1 tokens, offset=153675339731 ns
        ON_TOKENS_RETURNED, offset=153675340704 ns
        ON_TOKENS_CALLED, generate 1 tokens, offset=154609594401 ns
        ON_TOKENS_RETURNED, offset=154609596885 ns
        ON_TOKENS_CALLED, generate 1 tokens, offset=155563565617 ns
        ON_TOKENS_RETURNED, offset=155563582816 ns
        ON_TOKENS_CALLED, generate 1 tokens, offset=156524563109 ns
        ON_TOKENS_RETURNED, offset=156524564898 ns
        ON_TOKENS_CALLED, generate 1 tokens, offset=157522998065 ns
        ON_TOKENS_RETURNED, offset=157522999423 ns
        ON_TOKENS_CALLED, generate 1 tokens, offset=158538035422 ns
        ON_TOKENS_RETURNED, offset=158538036525 ns
        ON_TOKENS_CALLED, generate 1 tokens, offset=159582279689 ns
        ON_TOKENS_RETURNED, offset=159582281026 ns
        ON_TOKENS_CALLED, generate 1 tokens, offset=160629725128 ns
        ON_TOKENS_RETURNED, offset=160629726560 ns
        ON_TOKENS_CALLED, generate 1 tokens, offset=161718316720 ns
        ON_TOKENS_RETURNED, offset=161718318434 ns
        ON_TOKENS_CALLED, generate 1 tokens, offset=162814190232 ns
        ON_TOKENS_RETURNED, offset=162814190942 ns
        ON_TOKENS_CALLED, generate 1 tokens, offset=163946144391 ns
        ON_TOKENS_RETURNED, offset=163946145504 ns
        ON_TOKENS_CALLED, generate 1 tokens, offset=165078577914 ns
        ON_TOKENS_RETURNED, offset=165078580388 ns
        ON_TOKENS_CALLED, generate 1 tokens, offset=166255688217 ns
        ON_TOKENS_RETURNED, offset=166255690580 ns
        ON_TOKENS_CALLED, generate 1 tokens, offset=167439541224 ns
        ON_TOKENS_RETURNED, offset=167439542630 ns
        ON_TOKENS_CALLED, generate 1 tokens, offset=168661176670 ns
        ON_TOKENS_RETURNED, offset=168661179083 ns
        ON_TOKENS_CALLED, generate 1 tokens, offset=169876088924 ns
        ON_TOKENS_RETURNED, offset=169876090314 ns
        ON_TOKENS_CALLED, generate 1 tokens, offset=171137895231 ns
        ON_TOKENS_RETURNED, offset=171137897160 ns
        ON_TOKENS_CALLED, generate 1 tokens, offset=172401886034 ns
        ON_TOKENS_RETURNED, offset=172401887040 ns
        ON_TOKENS_CALLED, generate 1 tokens, offset=173551289817 ns
        ON_TOKENS_RETURNED, offset=173551292173 ns
        ON_TOKENS_CALLED, generate 1 tokens, offset=174729092537 ns
        ON_TOKENS_RETURNED, offset=174729094164 ns
        ON_TOKENS_CALLED, generate 1 tokens, offset=175910391247 ns
        ON_TOKENS_RETURNED, offset=175910392254 ns
        ON_TOKENS_CALLED, generate 1 tokens, offset=177124722450 ns
        ON_TOKENS_RETURNED, offset=177124725029 ns
        ON_TOKENS_CALLED, generate 1 tokens, offset=178351983387 ns
        ON_TOKENS_RETURNED, offset=178351986211 ns
        ON_TOKENS_CALLED, generate 1 tokens, offset=179611317018 ns
        ON_TOKENS_RETURNED, offset=179611317945 ns
        ON_TOKENS_CALLED, generate 1 tokens, offset=180876271865 ns
        ON_TOKENS_RETURNED, offset=180876273491 ns
        ON_TOKENS_CALLED, generate 1 tokens, offset=182179487744 ns
        ON_TOKENS_RETURNED, offset=182179488680 ns
        ON_TOKENS_CALLED, generate 1 tokens, offset=183479940268 ns
        ON_TOKENS_RETURNED, offset=183479941686 ns
        ON_TOKENS_CALLED, generate 1 tokens, offset=184825664578 ns
        ON_TOKENS_RETURNED, offset=184825667396 ns
        ON_TOKENS_CALLED, generate 1 tokens, offset=186177299075 ns
        ON_TOKENS_RETURNED, offset=186177300893 ns
        ON_TOKENS_CALLED, generate 1 tokens, offset=187568687412 ns
        ON_TOKENS_RETURNED, offset=187568688551 ns
        ON_TOKENS_CALLED, generate 1 tokens, offset=188954208583 ns
        ON_TOKENS_RETURNED, offset=188954209948 ns
        ON_TOKENS_CALLED, generate 1 tokens, offset=190387511852 ns
        ON_TOKENS_RETURNED, offset=190387513228 ns
        ON_TOKENS_CALLED, generate 1 tokens, offset=191821409172 ns
        ON_TOKENS_RETURNED, offset=191821409995 ns
        ON_TOKENS_CALLED, generate 1 tokens, offset=193299301103 ns
        ON_TOKENS_RETURNED, offset=193299302038 ns
        ON_TOKENS_CALLED, generate 1 tokens, offset=194758473197 ns
        ON_TOKENS_RETURNED, offset=194758474789 ns
        ON_TOKENS_CALLED, generate 1 tokens, offset=196272497311 ns
        ON_TOKENS_RETURNED, offset=196272499282 ns
        ON_TOKENS_CALLED, generate 1 tokens, offset=197642912269 ns
        ON_TOKENS_RETURNED, offset=197642914206 ns
        ON_TOKENS_CALLED, generate 1 tokens, offset=199056059299 ns
        ON_TOKENS_RETURNED, offset=199056060550 ns
        ON_TOKENS_CALLED, generate 1 tokens, offset=200472998295 ns
        ON_TOKENS_RETURNED, offset=200473000442 ns
        ON_TOKENS_CALLED, generate 1 tokens, offset=201932001964 ns
        ON_TOKENS_RETURNED, offset=201932002973 ns
        ON_TOKENS_CALLED, generate 1 tokens, offset=203400575941 ns
        ON_TOKENS_RETURNED, offset=203400578106 ns
        ON_TOKENS_CALLED, generate 1 tokens, offset=204901335223 ns
        ON_TOKENS_RETURNED, offset=204901336493 ns
        ON_TOKENS_CALLED, generate 1 tokens, offset=206408280176 ns
        ON_TOKENS_RETURNED, offset=206408283016 ns
        ON_TOKENS_CALLED, generate 1 tokens, offset=207954008946 ns
        ON_TOKENS_RETURNED, offset=207954010581 ns
        ON_TOKENS_CALLED, generate 1 tokens, offset=209360411816 ns
        ON_TOKENS_RETURNED, offset=209360413068 ns
        ON_TOKENS_CALLED, generate 1 tokens, offset=210817063763 ns
        ON_TOKENS_RETURNED, offset=210817065390 ns
        ON_TOKENS_CALLED, generate 1 tokens, offset=212273900030 ns
        ON_TOKENS_RETURNED, offset=212273901057 ns
        ON_TOKENS_CALLED, generate 1 tokens, offset=213760763078 ns
        ON_TOKENS_RETURNED, offset=213760765221 ns
        ON_TOKENS_CALLED, generate 1 tokens, offset=215117591520 ns
        ON_TOKENS_RETURNED, offset=215117683830 ns
        ON_TOKENS_CALLED, generate 1 tokens, offset=216521231568 ns
        ON_TOKENS_RETURNED, offset=216521235624 ns
[15:23:21.944642722|thread 2214511|cpu 260] [debug] #EVT# HandleDetails::is_anomalous() handle_id=23 time in state STATE_OPENED exceeded threshold: 142417268764 ns
[15:23:21.944644415|thread 2214511|cpu 260] [debug] #EVT#   Handle,    23, Created, 753186596764666, Last, 753403117978568, Prompted,  8189, Generated,    64, Input TPS, 57.52, Output TPS:  0.76, Callbacks,    64, prompt parsing complete, open
[15:23:21.944658718|thread 2214511|cpu 260] [info ] #EVT#   Handle 23 history:
        SESSION_OPEN, prompt 8192 tokens, offset=0 ns
        PROMPT_TOKENS_REUSE, offset=142417267696 ns
        ON_START_CALLED, offset=142417268764 ns
        ON_START_RETURNED, offset=142417323941 ns
        ON_TOKENS_CALLED, generate 1 tokens, offset=142417328385 ns
        ON_TOKENS_RETURNED, offset=142417330203 ns
        ON_TOKENS_CALLED, generate 1 tokens, offset=143076765750 ns
        ON_TOKENS_RETURNED, offset=143076767147 ns
        ON_TOKENS_CALLED, generate 1 tokens, offset=143806706658 ns
        ON_TOKENS_RETURNED, offset=143806709697 ns
        ON_TOKENS_CALLED, generate 1 tokens, offset=144551937208 ns
        ON_TOKENS_RETURNED, offset=144551939610 ns
        ON_TOKENS_CALLED, generate 1 tokens, offset=145305517827 ns
        ON_TOKENS_RETURNED, offset=145305520289 ns
        ON_TOKENS_CALLED, generate 1 tokens, offset=146073956178 ns
        ON_TOKENS_RETURNED, offset=146073957263 ns
        ON_TOKENS_CALLED, generate 1 tokens, offset=146856836059 ns
        ON_TOKENS_RETURNED, offset=146856837982 ns
        ON_TOKENS_CALLED, generate 1 tokens, offset=147657072137 ns
        ON_TOKENS_RETURNED, offset=147657074867 ns
        ON_TOKENS_CALLED, generate 1 tokens, offset=148467207297 ns
        ON_TOKENS_RETURNED, offset=148467225979 ns
        ON_TOKENS_CALLED, generate 1 tokens, offset=149297471000 ns
        ON_TOKENS_RETURNED, offset=149297472203 ns
        ON_TOKENS_CALLED, generate 1 tokens, offset=150139983523 ns
        ON_TOKENS_RETURNED, offset=150139985066 ns
        ON_TOKENS_CALLED, generate 1 tokens, offset=150996383553 ns
        ON_TOKENS_RETURNED, offset=150996384998 ns
        ON_TOKENS_CALLED, generate 1 tokens, offset=151867555870 ns
        ON_TOKENS_RETURNED, offset=151867558232 ns
        ON_TOKENS_CALLED, generate 1 tokens, offset=152760773601 ns
        ON_TOKENS_RETURNED, offset=152760776043 ns
        ON_TOKENS_CALLED, generate 1 tokens, offset=153675313927 ns
        ON_TOKENS_RETURNED, offset=153675316226 ns
        ON_TOKENS_CALLED, generate 1 tokens, offset=154609575042 ns
        ON_TOKENS_RETURNED, offset=154609576024 ns
        ON_TOKENS_CALLED, generate 1 tokens, offset=155563545910 ns
        ON_TOKENS_RETURNED, offset=155563548703 ns
        ON_TOKENS_CALLED, generate 1 tokens, offset=156524542460 ns
        ON_TOKENS_RETURNED, offset=156524544758 ns
        ON_TOKENS_CALLED, generate 1 tokens, offset=157522976220 ns
        ON_TOKENS_RETURNED, offset=157522977769 ns
        ON_TOKENS_CALLED, generate 1 tokens, offset=158538014075 ns
        ON_TOKENS_RETURNED, offset=158538016411 ns
        ON_TOKENS_CALLED, generate 1 tokens, offset=159582254419 ns
        ON_TOKENS_RETURNED, offset=159582255408 ns
        ON_TOKENS_CALLED, generate 1 tokens, offset=160629710743 ns
        ON_TOKENS_RETURNED, offset=160629711655 ns
        ON_TOKENS_CALLED, generate 1 tokens, offset=161718292759 ns
        ON_TOKENS_RETURNED, offset=161718294839 ns
        ON_TOKENS_CALLED, generate 1 tokens, offset=162814165333 ns
        ON_TOKENS_RETURNED, offset=162814166689 ns
        ON_TOKENS_CALLED, generate 1 tokens, offset=163946127270 ns
        ON_TOKENS_RETURNED, offset=163946128097 ns
        ON_TOKENS_CALLED, generate 1 tokens, offset=165078558338 ns
        ON_TOKENS_RETURNED, offset=165078559206 ns
        ON_TOKENS_CALLED, generate 1 tokens, offset=166255667954 ns
        ON_TOKENS_RETURNED, offset=166255669607 ns
        ON_TOKENS_CALLED, generate 1 tokens, offset=167439524286 ns
        ON_TOKENS_RETURNED, offset=167439525859 ns
        ON_TOKENS_CALLED, generate 1 tokens, offset=168661159074 ns
        ON_TOKENS_RETURNED, offset=168661160319 ns
        ON_TOKENS_CALLED, generate 1 tokens, offset=169876068200 ns
        ON_TOKENS_RETURNED, offset=169876070519 ns
        ON_TOKENS_CALLED, generate 1 tokens, offset=171137874884 ns
        ON_TOKENS_RETURNED, offset=171137876320 ns
        ON_TOKENS_CALLED, generate 1 tokens, offset=172401857303 ns
        ON_TOKENS_RETURNED, offset=172401859337 ns
        ON_TOKENS_CALLED, generate 1 tokens, offset=173551261062 ns
        ON_TOKENS_RETURNED, offset=173551263262 ns
        ON_TOKENS_CALLED, generate 1 tokens, offset=174729072327 ns
        ON_TOKENS_RETURNED, offset=174729073424 ns
        ON_TOKENS_CALLED, generate 1 tokens, offset=175910368456 ns
        ON_TOKENS_RETURNED, offset=175910369713 ns
        ON_TOKENS_CALLED, generate 1 tokens, offset=177124701307 ns
        ON_TOKENS_RETURNED, offset=177124702816 ns
        ON_TOKENS_CALLED, generate 1 tokens, offset=178351961286 ns
        ON_TOKENS_RETURNED, offset=178351963504 ns
        ON_TOKENS_CALLED, generate 1 tokens, offset=179611295730 ns
        ON_TOKENS_RETURNED, offset=179611296677 ns
        ON_TOKENS_CALLED, generate 1 tokens, offset=180876248545 ns
        ON_TOKENS_RETURNED, offset=180876250714 ns
        ON_TOKENS_CALLED, generate 1 tokens, offset=182179463838 ns
        ON_TOKENS_RETURNED, offset=182179464881 ns
        ON_TOKENS_CALLED, generate 1 tokens, offset=183479917767 ns
        ON_TOKENS_RETURNED, offset=183479920082 ns
        ON_TOKENS_CALLED, generate 1 tokens, offset=184825646508 ns
        ON_TOKENS_RETURNED, offset=184825647983 ns
        ON_TOKENS_CALLED, generate 1 tokens, offset=186177280830 ns
        ON_TOKENS_RETURNED, offset=186177282252 ns
        ON_TOKENS_CALLED, generate 1 tokens, offset=187568664530 ns
        ON_TOKENS_RETURNED, offset=187568665516 ns
        ON_TOKENS_CALLED, generate 1 tokens, offset=188954188390 ns
        ON_TOKENS_RETURNED, offset=188954189398 ns
        ON_TOKENS_CALLED, generate 1 tokens, offset=190387492772 ns
        ON_TOKENS_RETURNED, offset=190387494157 ns
        ON_TOKENS_CALLED, generate 1 tokens, offset=191821383463 ns
        ON_TOKENS_RETURNED, offset=191821384327 ns
        ON_TOKENS_CALLED, generate 1 tokens, offset=193299281416 ns
        ON_TOKENS_RETURNED, offset=193299282146 ns
        ON_TOKENS_CALLED, generate 1 tokens, offset=194758453003 ns
        ON_TOKENS_RETURNED, offset=194758454427 ns
        ON_TOKENS_CALLED, generate 1 tokens, offset=196272476412 ns
        ON_TOKENS_RETURNED, offset=196272478217 ns
        ON_TOKENS_CALLED, generate 1 tokens, offset=197642890831 ns
        ON_TOKENS_RETURNED, offset=197642892924 ns
        ON_TOKENS_CALLED, generate 1 tokens, offset=199056038146 ns
        ON_TOKENS_RETURNED, offset=199056039486 ns
        ON_TOKENS_CALLED, generate 1 tokens, offset=200472978624 ns
        ON_TOKENS_RETURNED, offset=200472980905 ns
        ON_TOKENS_CALLED, generate 1 tokens, offset=201931982217 ns
        ON_TOKENS_RETURNED, offset=201931983209 ns
        ON_TOKENS_CALLED, generate 1 tokens, offset=203400554726 ns
        ON_TOKENS_RETURNED, offset=203400556034 ns
        ON_TOKENS_CALLED, generate 1 tokens, offset=204901315663 ns
        ON_TOKENS_RETURNED, offset=204901316915 ns
        ON_TOKENS_CALLED, generate 1 tokens, offset=206408260732 ns
        ON_TOKENS_RETURNED, offset=206408263288 ns
        ON_TOKENS_CALLED, generate 1 tokens, offset=207953989261 ns
        ON_TOKENS_RETURNED, offset=207953990861 ns
        ON_TOKENS_CALLED, generate 1 tokens, offset=209360383609 ns
        ON_TOKENS_RETURNED, offset=209360385244 ns
        ON_TOKENS_CALLED, generate 1 tokens, offset=210817046194 ns
        ON_TOKENS_RETURNED, offset=210817047581 ns
        ON_TOKENS_CALLED, generate 1 tokens, offset=212273887512 ns
        ON_TOKENS_RETURNED, offset=212273889084 ns
        ON_TOKENS_CALLED, generate 1 tokens, offset=213760742613 ns
        ON_TOKENS_RETURNED, offset=213760745011 ns
        ON_TOKENS_CALLED, generate 1 tokens, offset=215117570680 ns
        ON_TOKENS_RETURNED, offset=215117638107 ns
        ON_TOKENS_CALLED, generate 1 tokens, offset=216521210663 ns
        ON_TOKENS_RETURNED, offset=216521213902 ns
[15:23:23.229974209|thread 2214510|cpu 260] [info ] KV cache footprint: 37.37 GB in 171 books
[15:23:27.482576209|thread 2212246|cpu 260] [info ] [Request 7] Parsing the prompt took 232.299839859 s at 35.26476817621713 tokens/s
[15:23:31.534365995|thread 2214510|cpu 260] [info ] KV cache footprint: 38.47 GB in 176 books
[15:23:41.791420274|thread 2214510|cpu 260] [info ] KV cache footprint: 39.57 GB in 181 books
[15:23:43.043990239|thread 2212237|cpu 260] [info ] [Request 5] Generating 61 response tokens with 8193 context took 74.309782 s at 0.821 average tok/s, or 1218.193 ms/tok
[15:23:43.044029701|thread 2212237|cpu 260] [info ] [Request 5] Request with 8192 tokens in and 64 out (sequence limit) saw 172.402070 s TTFT and 247.861272 s TTLT
[15:23:46.870781851|thread 2212246|cpu 260] [info ] [Request 12] Parsing the prompt took 251.687989827 s at 32.54823563742889 tokens/s
[15:23:50.441418318|thread 2214510|cpu 260] [info ] KV cache footprint: 40.67 GB in 186 books
[15:23:54.619538291|thread 2214511|cpu 260] [debug] #EVT# HandleDetails::is_anomalous() handle_id=5 time in state STATE_OPENED exceeded threshold: 172402063060 ns
[15:23:54.619593354|thread 2214511|cpu 260] [debug] #EVT#   Handle,     5, Created, 753186596561053, Last, 753435714560697, Prompted,  8192, Generated,    64, Input TPS, 47.52, Output TPS:  0.74, Callbacks,    64, prompt parsing complete, open
[15:23:54.619628849|thread 2214511|cpu 260] [info ] #EVT#   Handle 5 history:
        SESSION_OPEN, prompt 8192 tokens, offset=0 ns
        PROMPT_TOKENS_REUSE, offset=172402061199 ns
        ON_START_CALLED, offset=172402063060 ns
        ON_START_RETURNED, offset=172402107748 ns
        ON_TOKENS_CALLED, generate 1 tokens, offset=172402112826 ns
        ON_TOKENS_RETURNED, offset=172402115066 ns
        ON_TOKENS_CALLED, generate 1 tokens, offset=173551484277 ns
        ON_TOKENS_RETURNED, offset=173551487526 ns
        ON_TOKENS_CALLED, generate 1 tokens, offset=174729281475 ns
        ON_TOKENS_RETURNED, offset=174729283905 ns
        ON_TOKENS_CALLED, generate 1 tokens, offset=175910575057 ns
        ON_TOKENS_RETURNED, offset=175910575970 ns
        ON_TOKENS_CALLED, generate 1 tokens, offset=177124918178 ns
        ON_TOKENS_RETURNED, offset=177124921014 ns
        ON_TOKENS_CALLED, generate 1 tokens, offset=178352166707 ns
        ON_TOKENS_RETURNED, offset=178352168441 ns
        ON_TOKENS_CALLED, generate 1 tokens, offset=179611502822 ns
        ON_TOKENS_RETURNED, offset=179611504949 ns
        ON_TOKENS_CALLED, generate 1 tokens, offset=180876456362 ns
        ON_TOKENS_RETURNED, offset=180876457629 ns
        ON_TOKENS_CALLED, generate 1 tokens, offset=182179675531 ns
        ON_TOKENS_RETURNED, offset=182179679730 ns
        ON_TOKENS_CALLED, generate 1 tokens, offset=183480124309 ns
        ON_TOKENS_RETURNED, offset=183480126313 ns
        ON_TOKENS_CALLED, generate 1 tokens, offset=184825850395 ns
        ON_TOKENS_RETURNED, offset=184825852263 ns
        ON_TOKENS_CALLED, generate 1 tokens, offset=186177490120 ns
        ON_TOKENS_RETURNED, offset=186177491382 ns
        ON_TOKENS_CALLED, generate 1 tokens, offset=187568870101 ns
        ON_TOKENS_RETURNED, offset=187568871149 ns
        ON_TOKENS_CALLED, generate 1 tokens, offset=188954394244 ns
        ON_TOKENS_RETURNED, offset=188954395641 ns
        ON_TOKENS_CALLED, generate 1 tokens, offset=190387698812 ns
        ON_TOKENS_RETURNED, offset=190387701181 ns
        ON_TOKENS_CALLED, generate 1 tokens, offset=191821588165 ns
        ON_TOKENS_RETURNED, offset=191821589487 ns
        ON_TOKENS_CALLED, generate 1 tokens, offset=193299486330 ns
        ON_TOKENS_RETURNED, offset=193299507928 ns
        ON_TOKENS_CALLED, generate 1 tokens, offset=194758659472 ns
        ON_TOKENS_RETURNED, offset=194758661442 ns
        ON_TOKENS_CALLED, generate 1 tokens, offset=196272683549 ns
        ON_TOKENS_RETURNED, offset=196272685526 ns
        ON_TOKENS_CALLED, generate 1 tokens, offset=197643094985 ns
        ON_TOKENS_RETURNED, offset=197643096960 ns
        ON_TOKENS_CALLED, generate 1 tokens, offset=199056245209 ns
        ON_TOKENS_RETURNED, offset=199056246502 ns
        ON_TOKENS_CALLED, generate 1 tokens, offset=200473185339 ns
        ON_TOKENS_RETURNED, offset=200473186486 ns
        ON_TOKENS_CALLED, generate 1 tokens, offset=201932193059 ns
        ON_TOKENS_RETURNED, offset=201932194443 ns
        ON_TOKENS_CALLED, generate 1 tokens, offset=203400761046 ns
        ON_TOKENS_RETURNED, offset=203400763864 ns
        ON_TOKENS_CALLED, generate 1 tokens, offset=204901528887 ns
        ON_TOKENS_RETURNED, offset=204901530112 ns
        ON_TOKENS_CALLED, generate 1 tokens, offset=206408465794 ns
        ON_TOKENS_RETURNED, offset=206408468349 ns
        ON_TOKENS_CALLED, generate 1 tokens, offset=207954193025 ns
        ON_TOKENS_RETURNED, offset=207954194146 ns
        ON_TOKENS_CALLED, generate 1 tokens, offset=209360590025 ns
        ON_TOKENS_RETURNED, offset=209360591498 ns
        ON_TOKENS_CALLED, generate 1 tokens, offset=210817251656 ns
        ON_TOKENS_RETURNED, offset=210817254244 ns
        ON_TOKENS_CALLED, generate 1 tokens, offset=212274088360 ns
        ON_TOKENS_RETURNED, offset=212274090687 ns
        ON_TOKENS_CALLED, generate 1 tokens, offset=213760948382 ns
        ON_TOKENS_RETURNED, offset=213760951258 ns
        ON_TOKENS_CALLED, generate 1 tokens, offset=215117784973 ns
        ON_TOKENS_RETURNED, offset=215117786325 ns
        ON_TOKENS_CALLED, generate 1 tokens, offset=216521418069 ns
        ON_TOKENS_RETURNED, offset=216521421200 ns
        ON_TOKENS_CALLED, generate 1 tokens, offset=217795334868 ns
        ON_TOKENS_RETURNED, offset=217795337022 ns
        ON_TOKENS_CALLED, generate 1 tokens, offset=218651616386 ns
        ON_TOKENS_RETURNED, offset=218651617935 ns
        ON_TOKENS_CALLED, generate 1 tokens, offset=219524178784 ns
        ON_TOKENS_RETURNED, offset=219524180310 ns
        ON_TOKENS_CALLED, generate 1 tokens, offset=220408257601 ns
        ON_TOKENS_RETURNED, offset=220408259669 ns
        ON_TOKENS_CALLED, generate 1 tokens, offset=221308575781 ns
        ON_TOKENS_RETURNED, offset=221308578548 ns
        ON_TOKENS_CALLED, generate 1 tokens, offset=222223227708 ns
        ON_TOKENS_RETURNED, offset=222223228903 ns
        ON_TOKENS_CALLED, generate 1 tokens, offset=223156285177 ns
        ON_TOKENS_RETURNED, offset=223156287282 ns
        ON_TOKENS_CALLED, generate 1 tokens, offset=224101230607 ns
        ON_TOKENS_RETURNED, offset=224101231775 ns
        ON_TOKENS_CALLED, generate 1 tokens, offset=225064802726 ns
        ON_TOKENS_RETURNED, offset=225064805292 ns
        ON_TOKENS_CALLED, generate 1 tokens, offset=226040509409 ns
        ON_TOKENS_RETURNED, offset=226040511312 ns
        ON_TOKENS_CALLED, generate 1 tokens, offset=227037088072 ns
        ON_TOKENS_RETURNED, offset=227037089107 ns
        ON_TOKENS_CALLED, generate 1 tokens, offset=228047071027 ns
        ON_TOKENS_RETURNED, offset=228047073578 ns
        ON_TOKENS_CALLED, generate 1 tokens, offset=229084553698 ns
        ON_TOKENS_RETURNED, offset=229084554471 ns
        ON_TOKENS_CALLED, generate 1 tokens, offset=230130236984 ns
        ON_TOKENS_RETURNED, offset=230130238558 ns
        ON_TOKENS_CALLED, generate 1 tokens, offset=231206093785 ns
        ON_TOKENS_RETURNED, offset=231206095857 ns
        ON_TOKENS_CALLED, generate 1 tokens, offset=232299845732 ns
        ON_TOKENS_RETURNED, offset=232299847272 ns
        ON_TOKENS_CALLED, generate 1 tokens, offset=233286833878 ns
        ON_TOKENS_RETURNED, offset=233286835910 ns
        ON_TOKENS_CALLED, generate 1 tokens, offset=234296181610 ns
        ON_TOKENS_RETURNED, offset=234296184468 ns
        ON_TOKENS_CALLED, generate 1 tokens, offset=235310301029 ns
        ON_TOKENS_RETURNED, offset=235310303694 ns
        ON_TOKENS_CALLED, generate 1 tokens, offset=236351489437 ns
        ON_TOKENS_RETURNED, offset=236351491714 ns
        ON_TOKENS_CALLED, generate 1 tokens, offset=237411254066 ns
        ON_TOKENS_RETURNED, offset=237411256928 ns
        ON_TOKENS_CALLED, generate 1 tokens, offset=238492508047 ns
        ON_TOKENS_RETURNED, offset=238492510899 ns
        ON_TOKENS_CALLED, generate 1 tokens, offset=239581575901 ns
        ON_TOKENS_RETURNED, offset=239581577504 ns
        ON_TOKENS_CALLED, generate 1 tokens, offset=240705413442 ns
        ON_TOKENS_RETURNED, offset=240705414597 ns
        ON_TOKENS_CALLED, generate 1 tokens, offset=241839114323 ns
        ON_TOKENS_RETURNED, offset=241839116736 ns
        ON_TOKENS_CALLED, generate 1 tokens, offset=243005479741 ns
        ON_TOKENS_RETURNED, offset=243005482095 ns
        ON_TOKENS_CALLED, generate 1 tokens, offset=244176915605 ns
        ON_TOKENS_RETURNED, offset=244176917629 ns
        ON_TOKENS_CALLED, generate 1 tokens, offset=245388260280 ns
        ON_TOKENS_RETURNED, offset=245388261982 ns
        ON_TOKENS_CALLED, generate 1 tokens, offset=246608532185 ns
        ON_TOKENS_RETURNED, offset=246608534618 ns
        ON_TOKENS_CALLED, generate 1 tokens, offset=247861263695 ns
        ON_TOKENS_RETURNED, offset=247861319542 ns
        ON_TOKENS_CALLED, generate 1 tokens, offset=249117987439 ns
        ON_TOKENS_RETURNED, offset=249117999644 ns
[15:24:00.828001592|thread 2214510|cpu 260] [info ] KV cache footprint: 41.80 GB in 192 books
[15:24:02.233581440|thread 2212247|cpu 260] [info ] [Request 8] Parsing the prompt took 267.050833178 s at 30.67580768242616 tokens/s
[15:24:06.116732842|thread 2212237|cpu 260] [info ] [Request 6] Generating 61 response tokens with 8193 context took 73.290901 s at 0.832 average tok/s, or 1201.490 ms/tok
[15:24:06.116777174|thread 2212237|cpu 260] [info ] [Request 6] Request with 8192 tokens in and 64 out (sequence limit) saw 196.272696 s TTFT and 270.934003 s TTLT
[15:24:08.781076982|thread 2214510|cpu 260] [info ] KV cache footprint: 42.90 GB in 197 books
[15:24:14.360337720|thread 2212247|cpu 260] [info ] [Request 45] Parsing the prompt took 279.174007227 s at 29.343706032556888 tokens/s
[15:24:17.013376334|thread 2212237|cpu 260] [info ] [Request 14] Generating 61 response tokens with 8193 context took 72.470063 s at 0.842 average tok/s, or 1188.034 ms/tok
[15:24:17.013412862|thread 2212237|cpu 260] [info ] [Request 14] Request with 8192 tokens in and 64 out (sequence limit) saw 207.954114 s TTFT and 281.830557 s TTLT
[15:24:17.717898318|thread 2214511|cpu 260] [debug] #EVT# HandleDetails::is_anomalous() handle_id=6 time in state STATE_OPENED exceeded threshold: 196272688735 ns
[15:24:17.717945459|thread 2214511|cpu 260] [debug] #EVT#   Handle,     6, Created, 753186596571718, Last, 753458865303332, Prompted,  8192, Generated,    64, Input TPS, 41.74, Output TPS:  0.74, Callbacks,    64, prompt parsing complete, open
[15:24:17.717981044|thread 2214511|cpu 260] [info ] #EVT#   Handle 6 history:
        SESSION_OPEN, prompt 8192 tokens, offset=0 ns
        PROMPT_TOKENS_REUSE, offset=196272677132 ns
        ON_START_CALLED, offset=196272688735 ns
        ON_START_RETURNED, offset=196272736649 ns
        ON_TOKENS_CALLED, generate 1 tokens, offset=196272764701 ns
        ON_TOKENS_RETURNED, offset=196272766074 ns
        ON_TOKENS_CALLED, generate 1 tokens, offset=197643095872 ns
        ON_TOKENS_RETURNED, offset=197643098782 ns
        ON_TOKENS_CALLED, generate 1 tokens, offset=199056237339 ns
        ON_TOKENS_RETURNED, offset=199056239505 ns
        ON_TOKENS_CALLED, generate 1 tokens, offset=200473175989 ns
        ON_TOKENS_RETURNED, offset=200473177400 ns
        ON_TOKENS_CALLED, generate 1 tokens, offset=201932178394 ns
        ON_TOKENS_RETURNED, offset=201932181371 ns
        ON_TOKENS_CALLED, generate 1 tokens, offset=203400752936 ns
        ON_TOKENS_RETURNED, offset=203400753877 ns
        ON_TOKENS_CALLED, generate 1 tokens, offset=204901514351 ns
        ON_TOKENS_RETURNED, offset=204901515702 ns
        ON_TOKENS_CALLED, generate 1 tokens, offset=206408457569 ns
        ON_TOKENS_RETURNED, offset=206408458329 ns
        ON_TOKENS_CALLED, generate 1 tokens, offset=207954193008 ns
        ON_TOKENS_RETURNED, offset=207954194431 ns
        ON_TOKENS_CALLED, generate 1 tokens, offset=209360581487 ns
        ON_TOKENS_RETURNED, offset=209360584001 ns
        ON_TOKENS_CALLED, generate 1 tokens, offset=210817243294 ns
        ON_TOKENS_RETURNED, offset=210817244513 ns
        ON_TOKENS_CALLED, generate 1 tokens, offset=212274077828 ns
        ON_TOKENS_RETURNED, offset=212274080369 ns
        ON_TOKENS_CALLED, generate 1 tokens, offset=213760943317 ns
        ON_TOKENS_RETURNED, offset=213760944591 ns
        ON_TOKENS_CALLED, generate 1 tokens, offset=215117768365 ns
        ON_TOKENS_RETURNED, offset=215117770457 ns
        ON_TOKENS_CALLED, generate 1 tokens, offset=216521409815 ns
        ON_TOKENS_RETURNED, offset=216521412055 ns
        ON_TOKENS_CALLED, generate 1 tokens, offset=217795325407 ns
        ON_TOKENS_RETURNED, offset=217795328029 ns
        ON_TOKENS_CALLED, generate 1 tokens, offset=218651616804 ns
        ON_TOKENS_RETURNED, offset=218651619855 ns
        ON_TOKENS_CALLED, generate 1 tokens, offset=219524165594 ns
        ON_TOKENS_RETURNED, offset=219524167208 ns
        ON_TOKENS_CALLED, generate 1 tokens, offset=220408255849 ns
        ON_TOKENS_RETURNED, offset=220408258061 ns
        ON_TOKENS_CALLED, generate 1 tokens, offset=221308570533 ns
        ON_TOKENS_RETURNED, offset=221308571825 ns
        ON_TOKENS_CALLED, generate 1 tokens, offset=222223219232 ns
        ON_TOKENS_RETURNED, offset=222223219955 ns
        ON_TOKENS_CALLED, generate 1 tokens, offset=223156275795 ns
        ON_TOKENS_RETURNED, offset=223156277013 ns
        ON_TOKENS_CALLED, generate 1 tokens, offset=224101220809 ns
        ON_TOKENS_RETURNED, offset=224101222235 ns
        ON_TOKENS_CALLED, generate 1 tokens, offset=225064792547 ns
        ON_TOKENS_RETURNED, offset=225064793534 ns
        ON_TOKENS_CALLED, generate 1 tokens, offset=226040497282 ns
        ON_TOKENS_RETURNED, offset=226040499136 ns
        ON_TOKENS_CALLED, generate 1 tokens, offset=227037075664 ns
        ON_TOKENS_RETURNED, offset=227037077144 ns
        ON_TOKENS_CALLED, generate 1 tokens, offset=228047060340 ns
        ON_TOKENS_RETURNED, offset=228047061614 ns
        ON_TOKENS_CALLED, generate 1 tokens, offset=229084543103 ns
        ON_TOKENS_RETURNED, offset=229084544975 ns
        ON_TOKENS_CALLED, generate 1 tokens, offset=230130224828 ns
        ON_TOKENS_RETURNED, offset=230130225888 ns
        ON_TOKENS_CALLED, generate 1 tokens, offset=231206086581 ns
        ON_TOKENS_RETURNED, offset=231206088419 ns
        ON_TOKENS_CALLED, generate 1 tokens, offset=232299842481 ns
        ON_TOKENS_RETURNED, offset=232299845160 ns
        ON_TOKENS_CALLED, generate 1 tokens, offset=233286823301 ns
        ON_TOKENS_RETURNED, offset=233286825743 ns
        ON_TOKENS_CALLED, generate 1 tokens, offset=234296170793 ns
        ON_TOKENS_RETURNED, offset=234296173934 ns
        ON_TOKENS_CALLED, generate 1 tokens, offset=235310289408 ns
        ON_TOKENS_RETURNED, offset=235310290648 ns
        ON_TOKENS_CALLED, generate 1 tokens, offset=236351475742 ns
        ON_TOKENS_RETURNED, offset=236351477682 ns
        ON_TOKENS_CALLED, generate 1 tokens, offset=237411243003 ns
        ON_TOKENS_RETURNED, offset=237411245321 ns
        ON_TOKENS_CALLED, generate 1 tokens, offset=238492500017 ns
        ON_TOKENS_RETURNED, offset=238492501271 ns
        ON_TOKENS_CALLED, generate 1 tokens, offset=239581564645 ns
        ON_TOKENS_RETURNED, offset=239581567137 ns
        ON_TOKENS_CALLED, generate 1 tokens, offset=240705398189 ns
        ON_TOKENS_RETURNED, offset=240705398939 ns
        ON_TOKENS_CALLED, generate 1 tokens, offset=241839104631 ns
        ON_TOKENS_RETURNED, offset=241839106144 ns
        ON_TOKENS_CALLED, generate 1 tokens, offset=243005472755 ns
        ON_TOKENS_RETURNED, offset=243005473572 ns
        ON_TOKENS_CALLED, generate 1 tokens, offset=244176910668 ns
        ON_TOKENS_RETURNED, offset=244176911683 ns
        ON_TOKENS_CALLED, generate 1 tokens, offset=245388249145 ns
        ON_TOKENS_RETURNED, offset=245388252056 ns
        ON_TOKENS_CALLED, generate 1 tokens, offset=246608525250 ns
        ON_TOKENS_RETURNED, offset=246608527274 ns
        ON_TOKENS_CALLED, generate 1 tokens, offset=247861253562 ns
        ON_TOKENS_RETURNED, offset=247861255305 ns
        ON_TOKENS_CALLED, generate 1 tokens, offset=249117976504 ns
        ON_TOKENS_RETURNED, offset=249117978156 ns
        ON_TOKENS_CALLED, generate 1 tokens, offset=250403044207 ns
        ON_TOKENS_RETURNED, offset=250403046119 ns
        ON_TOKENS_CALLED, generate 1 tokens, offset=251688052214 ns
        ON_TOKENS_RETURNED, offset=251688054955 ns
        ON_TOKENS_CALLED, generate 1 tokens, offset=252856893773 ns
        ON_TOKENS_RETURNED, offset=252856895922 ns
        ON_TOKENS_CALLED, generate 1 tokens, offset=254054867538 ns
        ON_TOKENS_RETURNED, offset=254054868414 ns
        ON_TOKENS_CALLED, generate 1 tokens, offset=255258389778 ns
        ON_TOKENS_RETURNED, offset=255258391356 ns
        ON_TOKENS_CALLED, generate 1 tokens, offset=256491049694 ns
        ON_TOKENS_RETURNED, offset=256491050763 ns
        ON_TOKENS_CALLED, generate 1 tokens, offset=257730973671 ns
        ON_TOKENS_RETURNED, offset=257730975247 ns
        ON_TOKENS_CALLED, generate 1 tokens, offset=259001261108 ns
        ON_TOKENS_RETURNED, offset=259001262065 ns
        ON_TOKENS_CALLED, generate 1 tokens, offset=260280418523 ns
        ON_TOKENS_RETURNED, offset=260280419657 ns
        ON_TOKENS_CALLED, generate 1 tokens, offset=261593482156 ns
        ON_TOKENS_RETURNED, offset=261593485634 ns
        ON_TOKENS_CALLED, generate 1 tokens, offset=262917095213 ns
        ON_TOKENS_RETURNED, offset=262917097939 ns
        ON_TOKENS_CALLED, generate 1 tokens, offset=264278020253 ns
        ON_TOKENS_RETURNED, offset=264278021899 ns
        ON_TOKENS_CALLED, generate 1 tokens, offset=265645076815 ns
        ON_TOKENS_RETURNED, offset=265645078973 ns
        ON_TOKENS_CALLED, generate 1 tokens, offset=267050841902 ns
        ON_TOKENS_RETURNED, offset=267050843499 ns
        ON_TOKENS_CALLED, generate 1 tokens, offset=268309917018 ns
        ON_TOKENS_RETURNED, offset=268309918111 ns
        ON_TOKENS_CALLED, generate 1 tokens, offset=269615530930 ns
        ON_TOKENS_RETURNED, offset=269615532795 ns
        ON_TOKENS_CALLED, generate 1 tokens, offset=270933994815 ns
        ON_TOKENS_RETURNED, offset=270934056704 ns
        ON_TOKENS_CALLED, generate 1 tokens, offset=272268718812 ns
        ON_TOKENS_RETURNED, offset=272268731614 ns
[15:24:18.373419901|thread 2214510|cpu 260] [info ] KV cache footprint: 44.07 GB in 203 books
[15:24:22.462169477|thread 2212237|cpu 260] [info ] [Request 19] Generating 61 response tokens with 8193 context took 72.161665 s at 0.845 average tok/s, or 1182.978 ms/tok
[15:24:22.462172455|thread 2212247|cpu 260] [info ] [Request 9] Parsing the prompt took 287.279414394 s at 28.51579190691602 tokens/s
[15:24:22.462204479|thread 2212237|cpu 260] [info ] [Request 19] Request with 8192 tokens in and 64 out (sequence limit) saw 213.760814 s TTFT and 287.279298 s TTLT
[15:24:26.333120228|thread 2212237|cpu 260] [info ] [Request 33] Generating 61 response tokens with 8193 context took 72.498783 s at 0.841 average tok/s, or 1188.505 ms/tok
[15:24:26.333120211|thread 2212240|cpu 260] [info ] [Request 41] Generating 61 response tokens with 8193 context took 72.498773 s at 0.841 average tok/s, or 1188.504 ms/tok
[15:24:26.333171500|thread 2212240|cpu 260] [info ] [Request 41] Request with 8192 tokens in and 64 out (sequence limit) saw 217.794913 s TTFT and 291.149971 s TTLT
[15:24:26.333120376|thread 2212238|cpu 260] [info ] [Request 36] Generating 61 response tokens with 8193 context took 72.498776 s at 0.841 average tok/s, or 1188.505 ms/tok
[15:24:26.333157283|thread 2212237|cpu 260] [info ] [Request 33] Request with 8192 tokens in and 64 out (sequence limit) saw 217.795022 s TTFT and 291.150075 s TTLT
[15:24:26.333195654|thread 2212238|cpu 260] [info ] [Request 36] Request with 8192 tokens in and 64 out (sequence limit) saw 217.794975 s TTFT and 291.150033 s TTLT
[15:24:27.641473840|thread 2212247|cpu 260] [info ] [Request 10] Parsing the prompt took 292.458704731 s at 28.010792181873686 tokens/s
[15:24:27.641474928|thread 2212248|cpu 260] [info ] [Request 11] Parsing the prompt took 292.45869648 s at 28.010792972129025 tokens/s
[15:24:28.704815116|thread 2214511|cpu 260] [debug] #EVT# HandleDetails::is_anomalous() handle_id=14 time in state STATE_OPENED exceeded threshold: 207954106472 ns
[15:24:28.704862148|thread 2214511|cpu 260] [debug] #EVT#   Handle,    14, Created, 753186596664252, Last, 753469787090781, Prompted,  8191, Generated,    64, Input TPS, 39.39, Output TPS:  0.75, Callbacks,    64, prompt parsing complete, open
[15:24:28.704897396|thread 2214511|cpu 260] [info ] #EVT#   Handle 14 history:
        SESSION_OPEN, prompt 8192 tokens, offset=0 ns
        PROMPT_TOKENS_REUSE, offset=207954096529 ns
        ON_START_CALLED, offset=207954106472 ns
        ON_START_RETURNED, offset=207954162516 ns
        ON_TOKENS_CALLED, generate 1 tokens, offset=207954174314 ns
        ON_TOKENS_RETURNED, offset=207954175192 ns
        ON_TOKENS_CALLED, generate 1 tokens, offset=209360487995 ns
        ON_TOKENS_RETURNED, offset=209360491191 ns
        ON_TOKENS_CALLED, generate 1 tokens, offset=210817159861 ns
        ON_TOKENS_RETURNED, offset=210817161149 ns
        ON_TOKENS_CALLED, generate 1 tokens, offset=212273987042 ns
        ON_TOKENS_RETURNED, offset=212273988255 ns
        ON_TOKENS_CALLED, generate 1 tokens, offset=213760852797 ns
        ON_TOKENS_RETURNED, offset=213760854911 ns
        ON_TOKENS_CALLED, generate 1 tokens, offset=215117681334 ns
        ON_TOKENS_RETURNED, offset=215117682697 ns
        ON_TOKENS_CALLED, generate 1 tokens, offset=216521318357 ns
        ON_TOKENS_RETURNED, offset=216521319881 ns
        ON_TOKENS_CALLED, generate 1 tokens, offset=217795234131 ns
        ON_TOKENS_RETURNED, offset=217795235185 ns
        ON_TOKENS_CALLED, generate 1 tokens, offset=218651528036 ns
        ON_TOKENS_RETURNED, offset=218651531673 ns
        ON_TOKENS_CALLED, generate 1 tokens, offset=219524078267 ns
        ON_TOKENS_RETURNED, offset=219524079731 ns
        ON_TOKENS_CALLED, generate 1 tokens, offset=220408150825 ns
        ON_TOKENS_RETURNED, offset=220408152489 ns
        ON_TOKENS_CALLED, generate 1 tokens, offset=221308476259 ns
        ON_TOKENS_RETURNED, offset=221308477829 ns
        ON_TOKENS_CALLED, generate 1 tokens, offset=222223127012 ns
        ON_TOKENS_RETURNED, offset=222223128222 ns
        ON_TOKENS_CALLED, generate 1 tokens, offset=223156182535 ns
        ON_TOKENS_RETURNED, offset=223156184627 ns
        ON_TOKENS_CALLED, generate 1 tokens, offset=224101124066 ns
        ON_TOKENS_RETURNED, offset=224101125485 ns
        ON_TOKENS_CALLED, generate 1 tokens, offset=225064702443 ns
        ON_TOKENS_RETURNED, offset=225064704674 ns
        ON_TOKENS_CALLED, generate 1 tokens, offset=226040404816 ns
        ON_TOKENS_RETURNED, offset=226040409588 ns
        ON_TOKENS_CALLED, generate 1 tokens, offset=227036989699 ns
        ON_TOKENS_RETURNED, offset=227036990507 ns
        ON_TOKENS_CALLED, generate 1 tokens, offset=228046973501 ns
        ON_TOKENS_RETURNED, offset=228046974783 ns
        ON_TOKENS_CALLED, generate 1 tokens, offset=229084451080 ns
        ON_TOKENS_RETURNED, offset=229084452249 ns
        ON_TOKENS_CALLED, generate 1 tokens, offset=230130135286 ns
        ON_TOKENS_RETURNED, offset=230130136108 ns
        ON_TOKENS_CALLED, generate 1 tokens, offset=231205997966 ns
        ON_TOKENS_RETURNED, offset=231205999013 ns
        ON_TOKENS_CALLED, generate 1 tokens, offset=232299745040 ns
        ON_TOKENS_RETURNED, offset=232299747956 ns
        ON_TOKENS_CALLED, generate 1 tokens, offset=233286733738 ns
        ON_TOKENS_RETURNED, offset=233286734679 ns
        ON_TOKENS_CALLED, generate 1 tokens, offset=234296081912 ns
        ON_TOKENS_RETURNED, offset=234296083504 ns
        ON_TOKENS_CALLED, generate 1 tokens, offset=235310198878 ns
        ON_TOKENS_RETURNED, offset=235310201001 ns
        ON_TOKENS_CALLED, generate 1 tokens, offset=236351387346 ns
        ON_TOKENS_RETURNED, offset=236351389478 ns
        ON_TOKENS_CALLED, generate 1 tokens, offset=237411156520 ns
        ON_TOKENS_RETURNED, offset=237411157395 ns
        ON_TOKENS_CALLED, generate 1 tokens, offset=238492406595 ns
        ON_TOKENS_RETURNED, offset=238492408140 ns
        ON_TOKENS_CALLED, generate 1 tokens, offset=239581473529 ns
        ON_TOKENS_RETURNED, offset=239581475050 ns
        ON_TOKENS_CALLED, generate 1 tokens, offset=240705300444 ns
        ON_TOKENS_RETURNED, offset=240705302756 ns
        ON_TOKENS_CALLED, generate 1 tokens, offset=241839013050 ns
        ON_TOKENS_RETURNED, offset=241839015290 ns
        ON_TOKENS_CALLED, generate 1 tokens, offset=243005376505 ns
        ON_TOKENS_RETURNED, offset=243005380727 ns
        ON_TOKENS_CALLED, generate 1 tokens, offset=244176816303 ns
        ON_TOKENS_RETURNED, offset=244176817645 ns
        ON_TOKENS_CALLED, generate 1 tokens, offset=245388157118 ns
        ON_TOKENS_RETURNED, offset=245388159269 ns
        ON_TOKENS_CALLED, generate 1 tokens, offset=246608429443 ns
        ON_TOKENS_RETURNED, offset=246608432010 ns
        ON_TOKENS_CALLED, generate 1 tokens, offset=247861160603 ns
        ON_TOKENS_RETURNED, offset=247861162094 ns
        ON_TOKENS_CALLED, generate 1 tokens, offset=249117885347 ns
        ON_TOKENS_RETURNED, offset=249117886170 ns
        ON_TOKENS_CALLED, generate 1 tokens, offset=250402949909 ns
        ON_TOKENS_RETURNED, offset=250402953096 ns
        ON_TOKENS_CALLED, generate 1 tokens, offset=251687962238 ns
        ON_TOKENS_RETURNED, offset=251687964174 ns
        ON_TOKENS_CALLED, generate 1 tokens, offset=252856801231 ns
        ON_TOKENS_RETURNED, offset=252856803989 ns
        ON_TOKENS_CALLED, generate 1 tokens, offset=254054770905 ns
        ON_TOKENS_RETURNED, offset=254054773357 ns
        ON_TOKENS_CALLED, generate 1 tokens, offset=255258297511 ns
        ON_TOKENS_RETURNED, offset=255258298907 ns
        ON_TOKENS_CALLED, generate 1 tokens, offset=256490955594 ns
        ON_TOKENS_RETURNED, offset=256490957288 ns
        ON_TOKENS_CALLED, generate 1 tokens, offset=257730874770 ns
        ON_TOKENS_RETURNED, offset=257730875875 ns
        ON_TOKENS_CALLED, generate 1 tokens, offset=259001168788 ns
        ON_TOKENS_RETURNED, offset=259001169684 ns
        ON_TOKENS_CALLED, generate 1 tokens, offset=260280315071 ns
        ON_TOKENS_RETURNED, offset=260280316685 ns
        ON_TOKENS_CALLED, generate 1 tokens, offset=261593396915 ns
        ON_TOKENS_RETURNED, offset=261593399207 ns
        ON_TOKENS_CALLED, generate 1 tokens, offset=262917006557 ns
        ON_TOKENS_RETURNED, offset=262917008148 ns
        ON_TOKENS_CALLED, generate 1 tokens, offset=264277930734 ns
        ON_TOKENS_RETURNED, offset=264277932641 ns
        ON_TOKENS_CALLED, generate 1 tokens, offset=265644986593 ns
        ON_TOKENS_RETURNED, offset=265644988951 ns
        ON_TOKENS_CALLED, generate 1 tokens, offset=267050755860 ns
        ON_TOKENS_RETURNED, offset=267050758162 ns
        ON_TOKENS_CALLED, generate 1 tokens, offset=268309821530 ns
        ON_TOKENS_RETURNED, offset=268309824740 ns
        ON_TOKENS_CALLED, generate 1 tokens, offset=269615444391 ns
        ON_TOKENS_RETURNED, offset=269615446483 ns
        ON_TOKENS_CALLED, generate 1 tokens, offset=270933905103 ns
        ON_TOKENS_RETURNED, offset=270933908594 ns
        ON_TOKENS_CALLED, generate 1 tokens, offset=272268628319 ns
        ON_TOKENS_RETURNED, offset=272268632297 ns
        ON_TOKENS_CALLED, generate 1 tokens, offset=273598058316 ns
        ON_TOKENS_RETURNED, offset=273598059479 ns
        ON_TOKENS_CALLED, generate 1 tokens, offset=274963972750 ns
        ON_TOKENS_RETURNED, offset=274963974952 ns
        ON_TOKENS_CALLED, generate 1 tokens, offset=276337626579 ns
        ON_TOKENS_RETURNED, offset=276337627945 ns
        ON_TOKENS_CALLED, generate 1 tokens, offset=277748735048 ns
        ON_TOKENS_RETURNED, offset=277748738005 ns
        ON_TOKENS_CALLED, generate 1 tokens, offset=279177505114 ns
        ON_TOKENS_RETURNED, offset=279177507493 ns
        ON_TOKENS_CALLED, generate 1 tokens, offset=280497989956 ns
        ON_TOKENS_RETURNED, offset=280497991938 ns
        ON_TOKENS_CALLED, generate 1 tokens, offset=281830550105 ns
        ON_TOKENS_RETURNED, offset=281830600272 ns
        ON_TOKENS_CALLED, generate 1 tokens, offset=283190419861 ns
        ON_TOKENS_RETURNED, offset=283190426529 ns
[15:24:31.703693812|thread 2214510|cpu 260] [info ] KV cache footprint: 45.09 GB in 208 books
[15:24:34.057005908|thread 2214511|cpu 260] [debug] #EVT# HandleDetails::is_anomalous() handle_id=19 time in state STATE_OPENED exceeded threshold: 213760806589 ns
[15:24:34.057058448|thread 2214511|cpu 260] [debug] #EVT#   Handle,    19, Created, 753186596720783, Last, 753475173084523, Prompted,  8191, Generated,    64, Input TPS, 38.32, Output TPS:  0.75, Callbacks,    64, prompt parsing complete, open
[15:24:34.057096761|thread 2214511|cpu 260] [info ] #EVT#   Handle 19 history:
        SESSION_OPEN, prompt 8192 tokens, offset=0 ns
        PROMPT_TOKENS_REUSE, offset=213760795611 ns
        ON_START_CALLED, offset=213760806589 ns
        ON_START_RETURNED, offset=213760866625 ns
        ON_TOKENS_CALLED, generate 1 tokens, offset=213760881652 ns
        ON_TOKENS_RETURNED, offset=213760882701 ns
        ON_TOKENS_CALLED, generate 1 tokens, offset=215117624996 ns
        ON_TOKENS_RETURNED, offset=215117627577 ns
        ON_TOKENS_CALLED, generate 1 tokens, offset=216521276835 ns
        ON_TOKENS_RETURNED, offset=216521278032 ns
        ON_TOKENS_CALLED, generate 1 tokens, offset=217795189358 ns
        ON_TOKENS_RETURNED, offset=217795190995 ns
        ON_TOKENS_CALLED, generate 1 tokens, offset=218651456017 ns
        ON_TOKENS_RETURNED, offset=218651459508 ns
        ON_TOKENS_CALLED, generate 1 tokens, offset=219524024957 ns
        ON_TOKENS_RETURNED, offset=219524026266 ns
        ON_TOKENS_CALLED, generate 1 tokens, offset=220408095627 ns
        ON_TOKENS_RETURNED, offset=220408097798 ns
        ON_TOKENS_CALLED, generate 1 tokens, offset=221308427097 ns
        ON_TOKENS_RETURNED, offset=221308428068 ns
        ON_TOKENS_CALLED, generate 1 tokens, offset=222223071454 ns
        ON_TOKENS_RETURNED, offset=222223076464 ns
        ON_TOKENS_CALLED, generate 1 tokens, offset=223156124058 ns
        ON_TOKENS_RETURNED, offset=223156126420 ns
        ON_TOKENS_CALLED, generate 1 tokens, offset=224101068682 ns
        ON_TOKENS_RETURNED, offset=224101070215 ns
        ON_TOKENS_CALLED, generate 1 tokens, offset=225064647895 ns
        ON_TOKENS_RETURNED, offset=225064650378 ns
        ON_TOKENS_CALLED, generate 1 tokens, offset=226040350714 ns
        ON_TOKENS_RETURNED, offset=226040353386 ns
        ON_TOKENS_CALLED, generate 1 tokens, offset=227036930259 ns
        ON_TOKENS_RETURNED, offset=227036932336 ns
        ON_TOKENS_CALLED, generate 1 tokens, offset=228046916052 ns
        ON_TOKENS_RETURNED, offset=228046917323 ns
        ON_TOKENS_CALLED, generate 1 tokens, offset=229084401121 ns
        ON_TOKENS_RETURNED, offset=229084401859 ns
        ON_TOKENS_CALLED, generate 1 tokens, offset=230130078683 ns
        ON_TOKENS_RETURNED, offset=230130081639 ns
        ON_TOKENS_CALLED, generate 1 tokens, offset=231205937862 ns
        ON_TOKENS_RETURNED, offset=231205939657 ns
        ON_TOKENS_CALLED, generate 1 tokens, offset=232299688950 ns
        ON_TOKENS_RETURNED, offset=232299692024 ns
        ON_TOKENS_CALLED, generate 1 tokens, offset=233286677992 ns
        ON_TOKENS_RETURNED, offset=233286678963 ns
        ON_TOKENS_CALLED, generate 1 tokens, offset=234296025579 ns
        ON_TOKENS_RETURNED, offset=234296027450 ns
        ON_TOKENS_CALLED, generate 1 tokens, offset=235310147780 ns
        ON_TOKENS_RETURNED, offset=235310150222 ns
        ON_TOKENS_CALLED, generate 1 tokens, offset=236351328351 ns
        ON_TOKENS_RETURNED, offset=236351329549 ns
        ON_TOKENS_CALLED, generate 1 tokens, offset=237411096621 ns
        ON_TOKENS_RETURNED, offset=237411098159 ns
        ON_TOKENS_CALLED, generate 1 tokens, offset=238492351910 ns
        ON_TOKENS_RETURNED, offset=238492353770 ns
        ON_TOKENS_CALLED, generate 1 tokens, offset=239581417635 ns
        ON_TOKENS_RETURNED, offset=239581418816 ns
        ON_TOKENS_CALLED, generate 1 tokens, offset=240705244923 ns
        ON_TOKENS_RETURNED, offset=240705246302 ns
        ON_TOKENS_CALLED, generate 1 tokens, offset=241838966873 ns
        ON_TOKENS_RETURNED, offset=241838968259 ns
        ON_TOKENS_CALLED, generate 1 tokens, offset=243005322289 ns
        ON_TOKENS_RETURNED, offset=243005323147 ns
        ON_TOKENS_CALLED, generate 1 tokens, offset=244176757807 ns
        ON_TOKENS_RETURNED, offset=244176759096 ns
        ON_TOKENS_CALLED, generate 1 tokens, offset=245388104294 ns
        ON_TOKENS_RETURNED, offset=245388105365 ns
        ON_TOKENS_CALLED, generate 1 tokens, offset=246608376436 ns
        ON_TOKENS_RETURNED, offset=246608377412 ns
        ON_TOKENS_CALLED, generate 1 tokens, offset=247861106706 ns
        ON_TOKENS_RETURNED, offset=247861109315 ns
        ON_TOKENS_CALLED, generate 1 tokens, offset=249117830522 ns
        ON_TOKENS_RETURNED, offset=249117831919 ns
        ON_TOKENS_CALLED, generate 1 tokens, offset=250402894239 ns
        ON_TOKENS_RETURNED, offset=250402895778 ns
        ON_TOKENS_CALLED, generate 1 tokens, offset=251687900379 ns
        ON_TOKENS_RETURNED, offset=251687903218 ns
        ON_TOKENS_CALLED, generate 1 tokens, offset=252856760626 ns
        ON_TOKENS_RETURNED, offset=252856761795 ns
        ON_TOKENS_CALLED, generate 1 tokens, offset=254054715629 ns
        ON_TOKENS_RETURNED, offset=254054717397 ns
        ON_TOKENS_CALLED, generate 1 tokens, offset=255258239803 ns
        ON_TOKENS_RETURNED, offset=255258241567 ns
        ON_TOKENS_CALLED, generate 1 tokens, offset=256490900389 ns
        ON_TOKENS_RETURNED, offset=256490901338 ns
        ON_TOKENS_CALLED, generate 1 tokens, offset=257730817416 ns
        ON_TOKENS_RETURNED, offset=257730819073 ns
        ON_TOKENS_CALLED, generate 1 tokens, offset=259001111522 ns
        ON_TOKENS_RETURNED, offset=259001112596 ns
        ON_TOKENS_CALLED, generate 1 tokens, offset=260280264176 ns
        ON_TOKENS_RETURNED, offset=260280265628 ns
        ON_TOKENS_CALLED, generate 1 tokens, offset=261593338461 ns
        ON_TOKENS_RETURNED, offset=261593339868 ns
        ON_TOKENS_CALLED, generate 1 tokens, offset=262916951981 ns
        ON_TOKENS_RETURNED, offset=262916953070 ns
        ON_TOKENS_CALLED, generate 1 tokens, offset=264277872977 ns
        ON_TOKENS_RETURNED, offset=264277874875 ns
        ON_TOKENS_CALLED, generate 1 tokens, offset=265644930411 ns
        ON_TOKENS_RETURNED, offset=265644931745 ns
        ON_TOKENS_CALLED, generate 1 tokens, offset=267050695069 ns
        ON_TOKENS_RETURNED, offset=267050696737 ns
        ON_TOKENS_CALLED, generate 1 tokens, offset=268309767924 ns
        ON_TOKENS_RETURNED, offset=268309769344 ns
        ON_TOKENS_CALLED, generate 1 tokens, offset=269615384288 ns
        ON_TOKENS_RETURNED, offset=269615385679 ns
        ON_TOKENS_CALLED, generate 1 tokens, offset=270933849249 ns
        ON_TOKENS_RETURNED, offset=270933850901 ns
        ON_TOKENS_CALLED, generate 1 tokens, offset=272268571739 ns
        ON_TOKENS_RETURNED, offset=272268572868 ns
        ON_TOKENS_CALLED, generate 1 tokens, offset=273597995482 ns
        ON_TOKENS_RETURNED, offset=273597998591 ns
        ON_TOKENS_CALLED, generate 1 tokens, offset=274963921727 ns
        ON_TOKENS_RETURNED, offset=274963922578 ns
        ON_TOKENS_CALLED, generate 1 tokens, offset=276337563996 ns
        ON_TOKENS_RETURNED, offset=276337566887 ns
        ON_TOKENS_CALLED, generate 1 tokens, offset=277748682115 ns
        ON_TOKENS_RETURNED, offset=277748683860 ns
        ON_TOKENS_CALLED, generate 1 tokens, offset=279177450352 ns
        ON_TOKENS_RETURNED, offset=279177451658 ns
        ON_TOKENS_CALLED, generate 1 tokens, offset=280497938928 ns
        ON_TOKENS_RETURNED, offset=280497940878 ns
        ON_TOKENS_CALLED, generate 1 tokens, offset=281830488542 ns
        ON_TOKENS_RETURNED, offset=281830491692 ns
        ON_TOKENS_CALLED, generate 1 tokens, offset=283190363397 ns
        ON_TOKENS_RETURNED, offset=283190366591 ns
        ON_TOKENS_CALLED, generate 1 tokens, offset=284538356062 ns
        ON_TOKENS_RETURNED, offset=284538357680 ns
        ON_TOKENS_CALLED, generate 1 tokens, offset=285905696194 ns
        ON_TOKENS_RETURNED, offset=285905697888 ns
        ON_TOKENS_CALLED, generate 1 tokens, offset=287279290103 ns
        ON_TOKENS_RETURNED, offset=287279345847 ns
        ON_TOKENS_CALLED, generate 1 tokens, offset=288576356217 ns
        ON_TOKENS_RETURNED, offset=288576363740 ns
[15:24:35.183924550|thread 2214511|cpu 260] [info ] #EVT# SYSTEM_STATS: Sessions: Open=29, Closed=0, Busy=0, Total=0, Abandoned=19, Anomalous=19; Tokens: Prompted=0, Generated=0, AvgInputTPS=-nan, AvgOutputTPS=-nan
[15:24:35.183971965|thread 2214511|cpu 260] [info ] #EVT# Harvester stats: pushes=3287, pops=3287, slabs_alloc=289, slabs_freed=1, largest_slab=64, active_queues=12. TokenStreamEvent size: 48
[15:24:35.183975643|thread 2214511|cpu 260] [info ] #EVT# 779 history events in 29 active handles
[15:24:36.040694486|thread 2212246|cpu 260] [info ] [Request 16] Parsing the prompt took 300.857855065 s at 27.228805437804265 tokens/s
[15:24:38.000894486|thread 2214511|cpu 260] [debug] #EVT# HandleDetails::is_anomalous() handle_id=41 time in state STATE_OPENED exceeded threshold: 217794907811 ns
[15:24:38.000931793|thread 2214511|cpu 260] [debug] #EVT#   Handle,    41, Created, 753186596995462, Last, 753479055318080, Prompted,  8191, Generated,    64, Input TPS, 37.61, Output TPS:  0.75, Callbacks,    64, prompt parsing complete, open
[15:24:38.000966625|thread 2214511|cpu 260] [info ] #EVT#   Handle 41 history:
        SESSION_OPEN, prompt 8192 tokens, offset=0 ns
        PROMPT_TOKENS_REUSE, offset=217794907137 ns
        ON_START_CALLED, offset=217794907811 ns
        ON_START_RETURNED, offset=217794940512 ns
        ON_TOKENS_CALLED, generate 1 tokens, offset=217794944244 ns
        ON_TOKENS_RETURNED, offset=217794945916 ns
        ON_TOKENS_CALLED, generate 1 tokens, offset=218651192778 ns
        ON_TOKENS_RETURNED, offset=218651194114 ns
        ON_TOKENS_CALLED, generate 1 tokens, offset=219523746553 ns
        ON_TOKENS_RETURNED, offset=219523747557 ns
        ON_TOKENS_CALLED, generate 1 tokens, offset=220407825537 ns
        ON_TOKENS_RETURNED, offset=220407826825 ns
        ON_TOKENS_CALLED, generate 1 tokens, offset=221308152343 ns
        ON_TOKENS_RETURNED, offset=221308154464 ns
        ON_TOKENS_CALLED, generate 1 tokens, offset=222222799612 ns
        ON_TOKENS_RETURNED, offset=222222800593 ns
        ON_TOKENS_CALLED, generate 1 tokens, offset=223155854948 ns
        ON_TOKENS_RETURNED, offset=223155855682 ns
        ON_TOKENS_CALLED, generate 1 tokens, offset=224100800600 ns
        ON_TOKENS_RETURNED, offset=224100801476 ns
        ON_TOKENS_CALLED, generate 1 tokens, offset=225064377218 ns
        ON_TOKENS_RETURNED, offset=225064380850 ns
        ON_TOKENS_CALLED, generate 1 tokens, offset=226040080717 ns
        ON_TOKENS_RETURNED, offset=226040081853 ns
        ON_TOKENS_CALLED, generate 1 tokens, offset=227036659798 ns
        ON_TOKENS_RETURNED, offset=227036660828 ns
        ON_TOKENS_CALLED, generate 1 tokens, offset=228046644319 ns
        ON_TOKENS_RETURNED, offset=228046645179 ns
        ON_TOKENS_CALLED, generate 1 tokens, offset=229084124790 ns
        ON_TOKENS_RETURNED, offset=229084125892 ns
        ON_TOKENS_CALLED, generate 1 tokens, offset=230129811229 ns
        ON_TOKENS_RETURNED, offset=230129812439 ns
        ON_TOKENS_CALLED, generate 1 tokens, offset=231205666370 ns
        ON_TOKENS_RETURNED, offset=231205667086 ns
        ON_TOKENS_CALLED, generate 1 tokens, offset=232299420385 ns
        ON_TOKENS_RETURNED, offset=232299421150 ns
        ON_TOKENS_CALLED, generate 1 tokens, offset=233286408595 ns
        ON_TOKENS_RETURNED, offset=233286426640 ns
        ON_TOKENS_CALLED, generate 1 tokens, offset=234295757420 ns
        ON_TOKENS_RETURNED, offset=234295758756 ns
        ON_TOKENS_CALLED, generate 1 tokens, offset=235309874341 ns
        ON_TOKENS_RETURNED, offset=235309875162 ns
        ON_TOKENS_CALLED, generate 1 tokens, offset=236351053215 ns
        ON_TOKENS_RETURNED, offset=236351054964 ns
        ON_TOKENS_CALLED, generate 1 tokens, offset=237410828307 ns
        ON_TOKENS_RETURNED, offset=237410829697 ns
        ON_TOKENS_CALLED, generate 1 tokens, offset=238492082324 ns
        ON_TOKENS_RETURNED, offset=238492083274 ns
        ON_TOKENS_CALLED, generate 1 tokens, offset=239581146861 ns
        ON_TOKENS_RETURNED, offset=239581147743 ns
        ON_TOKENS_CALLED, generate 1 tokens, offset=240704975583 ns
        ON_TOKENS_RETURNED, offset=240704976360 ns
        ON_TOKENS_CALLED, generate 1 tokens, offset=241838688368 ns
        ON_TOKENS_RETURNED, offset=241838689330 ns
        ON_TOKENS_CALLED, generate 1 tokens, offset=243005050930 ns
        ON_TOKENS_RETURNED, offset=243005052237 ns
        ON_TOKENS_CALLED, generate 1 tokens, offset=244176486195 ns
        ON_TOKENS_RETURNED, offset=244176486999 ns
        ON_TOKENS_CALLED, generate 1 tokens, offset=245387839528 ns
        ON_TOKENS_RETURNED, offset=245387840404 ns
        ON_TOKENS_CALLED, generate 1 tokens, offset=246608107768 ns
        ON_TOKENS_RETURNED, offset=246608108968 ns
        ON_TOKENS_CALLED, generate 1 tokens, offset=247860835276 ns
        ON_TOKENS_RETURNED, offset=247860836502 ns
        ON_TOKENS_CALLED, generate 1 tokens, offset=249117560794 ns
        ON_TOKENS_RETURNED, offset=249117561636 ns
        ON_TOKENS_CALLED, generate 1 tokens, offset=250402659933 ns
        ON_TOKENS_RETURNED, offset=250402660882 ns
        ON_TOKENS_CALLED, generate 1 tokens, offset=251687626397 ns
        ON_TOKENS_RETURNED, offset=251687629025 ns
        ON_TOKENS_CALLED, generate 1 tokens, offset=252856472858 ns
        ON_TOKENS_RETURNED, offset=252856473869 ns
        ON_TOKENS_CALLED, generate 1 tokens, offset=254054446163 ns
        ON_TOKENS_RETURNED, offset=254054447445 ns
        ON_TOKENS_CALLED, generate 1 tokens, offset=255257972665 ns
        ON_TOKENS_RETURNED, offset=255257973631 ns
        ON_TOKENS_CALLED, generate 1 tokens, offset=256490634917 ns
        ON_TOKENS_RETURNED, offset=256490635839 ns
        ON_TOKENS_CALLED, generate 1 tokens, offset=257730553623 ns
        ON_TOKENS_RETURNED, offset=257730554469 ns
        ON_TOKENS_CALLED, generate 1 tokens, offset=259000844252 ns
        ON_TOKENS_RETURNED, offset=259000846162 ns
        ON_TOKENS_CALLED, generate 1 tokens, offset=260279991433 ns
        ON_TOKENS_RETURNED, offset=260279992450 ns
        ON_TOKENS_CALLED, generate 1 tokens, offset=261593071726 ns
        ON_TOKENS_RETURNED, offset=261593073474 ns
        ON_TOKENS_CALLED, generate 1 tokens, offset=262916674088 ns
        ON_TOKENS_RETURNED, offset=262916676387 ns
        ON_TOKENS_CALLED, generate 1 tokens, offset=264277603168 ns
        ON_TOKENS_RETURNED, offset=264277603981 ns
        ON_TOKENS_CALLED, generate 1 tokens, offset=265644661017 ns
        ON_TOKENS_RETURNED, offset=265644662346 ns
        ON_TOKENS_CALLED, generate 1 tokens, offset=267050426873 ns
        ON_TOKENS_RETURNED, offset=267050428245 ns
        ON_TOKENS_CALLED, generate 1 tokens, offset=268309493942 ns
        ON_TOKENS_RETURNED, offset=268309495000 ns
        ON_TOKENS_CALLED, generate 1 tokens, offset=269615115836 ns
        ON_TOKENS_RETURNED, offset=269615117178 ns
        ON_TOKENS_CALLED, generate 1 tokens, offset=270933579891 ns
        ON_TOKENS_RETURNED, offset=270933581253 ns
        ON_TOKENS_CALLED, generate 1 tokens, offset=272268304967 ns
        ON_TOKENS_RETURNED, offset=272268306511 ns
        ON_TOKENS_CALLED, generate 1 tokens, offset=273597723993 ns
        ON_TOKENS_RETURNED, offset=273597725242 ns
        ON_TOKENS_CALLED, generate 1 tokens, offset=274963655169 ns
        ON_TOKENS_RETURNED, offset=274963656400 ns
        ON_TOKENS_CALLED, generate 1 tokens, offset=276337291068 ns
        ON_TOKENS_RETURNED, offset=276337293554 ns
        ON_TOKENS_CALLED, generate 1 tokens, offset=277748408842 ns
        ON_TOKENS_RETURNED, offset=277748410136 ns
        ON_TOKENS_CALLED, generate 1 tokens, offset=279177180313 ns
        ON_TOKENS_RETURNED, offset=279177181225 ns
        ON_TOKENS_CALLED, generate 1 tokens, offset=280497664091 ns
        ON_TOKENS_RETURNED, offset=280497666735 ns
        ON_TOKENS_CALLED, generate 1 tokens, offset=281830217639 ns
        ON_TOKENS_RETURNED, offset=281830219248 ns
        ON_TOKENS_CALLED, generate 1 tokens, offset=283190099399 ns
        ON_TOKENS_RETURNED, offset=283190101544 ns
        ON_TOKENS_CALLED, generate 1 tokens, offset=284538080796 ns
        ON_TOKENS_RETURNED, offset=284538082421 ns
        ON_TOKENS_CALLED, generate 1 tokens, offset=285905423763 ns
        ON_TOKENS_RETURNED, offset=285905426357 ns
        ON_TOKENS_CALLED, generate 1 tokens, offset=287279013574 ns
        ON_TOKENS_RETURNED, offset=287279014525 ns
        ON_TOKENS_CALLED, generate 1 tokens, offset=288576086860 ns
        ON_TOKENS_RETURNED, offset=288576088377 ns
        ON_TOKENS_CALLED, generate 1 tokens, offset=289850192871 ns
        ON_TOKENS_RETURNED, offset=289850193941 ns
        ON_TOKENS_CALLED, generate 1 tokens, offset=291149963086 ns
        ON_TOKENS_RETURNED, offset=291150026903 ns
        ON_TOKENS_CALLED, generate 1 tokens, offset=292458316272 ns
        ON_TOKENS_RETURNED, offset=292458322618 ns
[15:24:38.001020692|thread 2214511|cpu 260] [debug] #EVT# HandleDetails::is_anomalous() handle_id=36 time in state STATE_OPENED exceeded threshold: 217794968365 ns
[15:24:38.001023377|thread 2214511|cpu 260] [debug] #EVT#   Handle,    36, Created, 753186596934110, Last, 753479055318079, Prompted,  8191, Generated,    64, Input TPS, 37.61, Output TPS:  0.75, Callbacks,    64, prompt parsing complete, open
[15:24:38.001040625|thread 2214511|cpu 260] [info ] #EVT#   Handle 36 history:
        SESSION_OPEN, prompt 8192 tokens, offset=0 ns
        PROMPT_TOKENS_REUSE, offset=217794967126 ns
        ON_START_CALLED, offset=217794968365 ns
        ON_START_RETURNED, offset=217795023654 ns
        ON_TOKENS_CALLED, generate 1 tokens, offset=217795034877 ns
        ON_TOKENS_RETURNED, offset=217795036187 ns
        ON_TOKENS_CALLED, generate 1 tokens, offset=218651250774 ns
        ON_TOKENS_RETURNED, offset=218651252294 ns
        ON_TOKENS_CALLED, generate 1 tokens, offset=219523806638 ns
        ON_TOKENS_RETURNED, offset=219523807670 ns
        ON_TOKENS_CALLED, generate 1 tokens, offset=220407886404 ns
        ON_TOKENS_RETURNED, offset=220407888872 ns
        ON_TOKENS_CALLED, generate 1 tokens, offset=221308213614 ns
        ON_TOKENS_RETURNED, offset=221308215742 ns
        ON_TOKENS_CALLED, generate 1 tokens, offset=222222862241 ns
        ON_TOKENS_RETURNED, offset=222222863227 ns
        ON_TOKENS_CALLED, generate 1 tokens, offset=223155914384 ns
        ON_TOKENS_RETURNED, offset=223155915707 ns
        ON_TOKENS_CALLED, generate 1 tokens, offset=224100857664 ns
        ON_TOKENS_RETURNED, offset=224100860613 ns
        ON_TOKENS_CALLED, generate 1 tokens, offset=225064437375 ns
        ON_TOKENS_RETURNED, offset=225064442776 ns
        ON_TOKENS_CALLED, generate 1 tokens, offset=226040138488 ns
        ON_TOKENS_RETURNED, offset=226040140043 ns
        ON_TOKENS_CALLED, generate 1 tokens, offset=227036719767 ns
        ON_TOKENS_RETURNED, offset=227036721782 ns
        ON_TOKENS_CALLED, generate 1 tokens, offset=228046704215 ns
        ON_TOKENS_RETURNED, offset=228046705597 ns
        ON_TOKENS_CALLED, generate 1 tokens, offset=229084184702 ns
        ON_TOKENS_RETURNED, offset=229084186050 ns
        ON_TOKENS_CALLED, generate 1 tokens, offset=230129870386 ns
        ON_TOKENS_RETURNED, offset=230129873507 ns
        ON_TOKENS_CALLED, generate 1 tokens, offset=231205726401 ns
        ON_TOKENS_RETURNED, offset=231205727514 ns
        ON_TOKENS_CALLED, generate 1 tokens, offset=232299479202 ns
        ON_TOKENS_RETURNED, offset=232299480925 ns
        ON_TOKENS_CALLED, generate 1 tokens, offset=233286467916 ns
        ON_TOKENS_RETURNED, offset=233286491070 ns
        ON_TOKENS_CALLED, generate 1 tokens, offset=234295818645 ns
        ON_TOKENS_RETURNED, offset=234295820219 ns
        ON_TOKENS_CALLED, generate 1 tokens, offset=235309933452 ns
        ON_TOKENS_RETURNED, offset=235309934734 ns
        ON_TOKENS_CALLED, generate 1 tokens, offset=236351116513 ns
        ON_TOKENS_RETURNED, offset=236351117778 ns
        ON_TOKENS_CALLED, generate 1 tokens, offset=237410893807 ns
        ON_TOKENS_RETURNED, offset=237410894576 ns
        ON_TOKENS_CALLED, generate 1 tokens, offset=238492141342 ns
        ON_TOKENS_RETURNED, offset=238492142766 ns
        ON_TOKENS_CALLED, generate 1 tokens, offset=239581208050 ns
        ON_TOKENS_RETURNED, offset=239581209434 ns
        ON_TOKENS_CALLED, generate 1 tokens, offset=240705034847 ns
        ON_TOKENS_RETURNED, offset=240705037533 ns
        ON_TOKENS_CALLED, generate 1 tokens, offset=241838748573 ns
        ON_TOKENS_RETURNED, offset=241838750105 ns
        ON_TOKENS_CALLED, generate 1 tokens, offset=243005115265 ns
        ON_TOKENS_RETURNED, offset=243005116737 ns
        ON_TOKENS_CALLED, generate 1 tokens, offset=244176543409 ns
        ON_TOKENS_RETURNED, offset=244176544733 ns
        ON_TOKENS_CALLED, generate 1 tokens, offset=245387899131 ns
        ON_TOKENS_RETURNED, offset=245387901137 ns
        ON_TOKENS_CALLED, generate 1 tokens, offset=246608167645 ns
        ON_TOKENS_RETURNED, offset=246608168722 ns
        ON_TOKENS_CALLED, generate 1 tokens, offset=247860896075 ns
        ON_TOKENS_RETURNED, offset=247860897449 ns
        ON_TOKENS_CALLED, generate 1 tokens, offset=249117620322 ns
        ON_TOKENS_RETURNED, offset=249117621611 ns
        ON_TOKENS_CALLED, generate 1 tokens, offset=250402692903 ns
        ON_TOKENS_RETURNED, offset=250402693969 ns
        ON_TOKENS_CALLED, generate 1 tokens, offset=251687693637 ns
        ON_TOKENS_RETURNED, offset=251687696291 ns
        ON_TOKENS_CALLED, generate 1 tokens, offset=252856537423 ns
        ON_TOKENS_RETURNED, offset=252856538838 ns
        ON_TOKENS_CALLED, generate 1 tokens, offset=254054506670 ns
        ON_TOKENS_RETURNED, offset=254054509101 ns
        ON_TOKENS_CALLED, generate 1 tokens, offset=255258030918 ns
        ON_TOKENS_RETURNED, offset=255258032827 ns
        ON_TOKENS_CALLED, generate 1 tokens, offset=256490689816 ns
        ON_TOKENS_RETURNED, offset=256490691156 ns
        ON_TOKENS_CALLED, generate 1 tokens, offset=257730610333 ns
        ON_TOKENS_RETURNED, offset=257730613092 ns
        ON_TOKENS_CALLED, generate 1 tokens, offset=259000900761 ns
        ON_TOKENS_RETURNED, offset=259000902487 ns
        ON_TOKENS_CALLED, generate 1 tokens, offset=260280050132 ns
        ON_TOKENS_RETURNED, offset=260280052870 ns
        ON_TOKENS_CALLED, generate 1 tokens, offset=261593126945 ns
        ON_TOKENS_RETURNED, offset=261593128294 ns
        ON_TOKENS_CALLED, generate 1 tokens, offset=262916732800 ns
        ON_TOKENS_RETURNED, offset=262916735759 ns
        ON_TOKENS_CALLED, generate 1 tokens, offset=264277663014 ns
        ON_TOKENS_RETURNED, offset=264277664003 ns
        ON_TOKENS_CALLED, generate 1 tokens, offset=265644721500 ns
        ON_TOKENS_RETURNED, offset=265644723470 ns
        ON_TOKENS_CALLED, generate 1 tokens, offset=267050486393 ns
        ON_TOKENS_RETURNED, offset=267050487677 ns
        ON_TOKENS_CALLED, generate 1 tokens, offset=268309553724 ns
        ON_TOKENS_RETURNED, offset=268309556947 ns
        ON_TOKENS_CALLED, generate 1 tokens, offset=269615174741 ns
        ON_TOKENS_RETURNED, offset=269615176389 ns
        ON_TOKENS_CALLED, generate 1 tokens, offset=270933637370 ns
        ON_TOKENS_RETURNED, offset=270933639038 ns
        ON_TOKENS_CALLED, generate 1 tokens, offset=272268362158 ns
        ON_TOKENS_RETURNED, offset=272268363809 ns
        ON_TOKENS_CALLED, generate 1 tokens, offset=273597791682 ns
        ON_TOKENS_RETURNED, offset=273597792996 ns
        ON_TOKENS_CALLED, generate 1 tokens, offset=274963706347 ns
        ON_TOKENS_RETURNED, offset=274963707530 ns
        ON_TOKENS_CALLED, generate 1 tokens, offset=276337350441 ns
        ON_TOKENS_RETURNED, offset=276337352860 ns
        ON_TOKENS_CALLED, generate 1 tokens, offset=277748467798 ns
        ON_TOKENS_RETURNED, offset=277748468907 ns
        ON_TOKENS_CALLED, generate 1 tokens, offset=279177239002 ns
        ON_TOKENS_RETURNED, offset=279177240911 ns
        ON_TOKENS_CALLED, generate 1 tokens, offset=280497726786 ns
        ON_TOKENS_RETURNED, offset=280497727690 ns
        ON_TOKENS_CALLED, generate 1 tokens, offset=281830287769 ns
        ON_TOKENS_RETURNED, offset=281830289430 ns
        ON_TOKENS_CALLED, generate 1 tokens, offset=283190152978 ns
        ON_TOKENS_RETURNED, offset=283190155652 ns
        ON_TOKENS_CALLED, generate 1 tokens, offset=284538145732 ns
        ON_TOKENS_RETURNED, offset=284538148012 ns
        ON_TOKENS_CALLED, generate 1 tokens, offset=285905483175 ns
        ON_TOKENS_RETURNED, offset=285905484359 ns
        ON_TOKENS_CALLED, generate 1 tokens, offset=287279081440 ns
        ON_TOKENS_RETURNED, offset=287279082576 ns
        ON_TOKENS_CALLED, generate 1 tokens, offset=288576146234 ns
        ON_TOKENS_RETURNED, offset=288576147330 ns
        ON_TOKENS_CALLED, generate 1 tokens, offset=289850250098 ns
        ON_TOKENS_RETURNED, offset=289850251517 ns
        ON_TOKENS_CALLED, generate 1 tokens, offset=291150025741 ns
        ON_TOKENS_RETURNED, offset=291150120704 ns
        ON_TOKENS_CALLED, generate 1 tokens, offset=292458376440 ns
        ON_TOKENS_RETURNED, offset=292458383969 ns
[15:24:38.001060080|thread 2214511|cpu 260] [debug] #EVT# HandleDetails::is_anomalous() handle_id=33 time in state STATE_OPENED exceeded threshold: 217795016878 ns
[15:24:38.001061862|thread 2214511|cpu 260] [debug] #EVT#   Handle,    33, Created, 753186596891664, Last, 753479055318268, Prompted,  8191, Generated,    64, Input TPS, 37.61, Output TPS:  0.75, Callbacks,    64, prompt parsing complete, open
[15:24:38.001077676|thread 2214511|cpu 260] [info ] #EVT#   Handle 33 history:
        SESSION_OPEN, prompt 8192 tokens, offset=0 ns
        PROMPT_TOKENS_REUSE, offset=217795016163 ns
        ON_START_CALLED, offset=217795016878 ns
        ON_START_RETURNED, offset=217795081371 ns
        ON_TOKENS_CALLED, generate 1 tokens, offset=217795085070 ns
        ON_TOKENS_RETURNED, offset=217795085991 ns
        ON_TOKENS_CALLED, generate 1 tokens, offset=218651285345 ns
        ON_TOKENS_RETURNED, offset=218651288554 ns
        ON_TOKENS_CALLED, generate 1 tokens, offset=219523848603 ns
        ON_TOKENS_RETURNED, offset=219523851433 ns
        ON_TOKENS_CALLED, generate 1 tokens, offset=220407926458 ns
        ON_TOKENS_RETURNED, offset=220407927659 ns
        ON_TOKENS_CALLED, generate 1 tokens, offset=221308259148 ns
        ON_TOKENS_RETURNED, offset=221308260959 ns
        ON_TOKENS_CALLED, generate 1 tokens, offset=222222902046 ns
        ON_TOKENS_RETURNED, offset=222222902997 ns
        ON_TOKENS_CALLED, generate 1 tokens, offset=223155953986 ns
        ON_TOKENS_RETURNED, offset=223155957137 ns
        ON_TOKENS_CALLED, generate 1 tokens, offset=224100900197 ns
        ON_TOKENS_RETURNED, offset=224100901877 ns
        ON_TOKENS_CALLED, generate 1 tokens, offset=225064479743 ns
        ON_TOKENS_RETURNED, offset=225064483048 ns
        ON_TOKENS_CALLED, generate 1 tokens, offset=226040181631 ns
        ON_TOKENS_RETURNED, offset=226040183383 ns
        ON_TOKENS_CALLED, generate 1 tokens, offset=227036762735 ns
        ON_TOKENS_RETURNED, offset=227036763849 ns
        ON_TOKENS_CALLED, generate 1 tokens, offset=228046745600 ns
        ON_TOKENS_RETURNED, offset=228046747827 ns
        ON_TOKENS_CALLED, generate 1 tokens, offset=229084225521 ns
        ON_TOKENS_RETURNED, offset=229084226620 ns
        ON_TOKENS_CALLED, generate 1 tokens, offset=230129909420 ns
        ON_TOKENS_RETURNED, offset=230129910618 ns
        ON_TOKENS_CALLED, generate 1 tokens, offset=231205767051 ns
        ON_TOKENS_RETURNED, offset=231205768690 ns
        ON_TOKENS_CALLED, generate 1 tokens, offset=232299520142 ns
        ON_TOKENS_RETURNED, offset=232299521234 ns
        ON_TOKENS_CALLED, generate 1 tokens, offset=233286508953 ns
        ON_TOKENS_RETURNED, offset=233286513808 ns
        ON_TOKENS_CALLED, generate 1 tokens, offset=234295856935 ns
        ON_TOKENS_RETURNED, offset=234295859292 ns
        ON_TOKENS_CALLED, generate 1 tokens, offset=235309973832 ns
        ON_TOKENS_RETURNED, offset=235309976580 ns
        ON_TOKENS_CALLED, generate 1 tokens, offset=236351149253 ns
        ON_TOKENS_RETURNED, offset=236351152358 ns
        ON_TOKENS_CALLED, generate 1 tokens, offset=237410933779 ns
        ON_TOKENS_RETURNED, offset=237410935352 ns
        ON_TOKENS_CALLED, generate 1 tokens, offset=238492183109 ns
        ON_TOKENS_RETURNED, offset=238492184657 ns
        ON_TOKENS_CALLED, generate 1 tokens, offset=239581248153 ns
        ON_TOKENS_RETURNED, offset=239581248854 ns
        ON_TOKENS_CALLED, generate 1 tokens, offset=240705075969 ns
        ON_TOKENS_RETURNED, offset=240705077240 ns
        ON_TOKENS_CALLED, generate 1 tokens, offset=241838788471 ns
        ON_TOKENS_RETURNED, offset=241838790155 ns
        ON_TOKENS_CALLED, generate 1 tokens, offset=243005156662 ns
        ON_TOKENS_RETURNED, offset=243005158123 ns
        ON_TOKENS_CALLED, generate 1 tokens, offset=244176587340 ns
        ON_TOKENS_RETURNED, offset=244176588818 ns
        ON_TOKENS_CALLED, generate 1 tokens, offset=245387933987 ns
        ON_TOKENS_RETURNED, offset=245387935968 ns
        ON_TOKENS_CALLED, generate 1 tokens, offset=246608206257 ns
        ON_TOKENS_RETURNED, offset=246608208171 ns
        ON_TOKENS_CALLED, generate 1 tokens, offset=247860936305 ns
        ON_TOKENS_RETURNED, offset=247860937514 ns
        ON_TOKENS_CALLED, generate 1 tokens, offset=249117661553 ns
        ON_TOKENS_RETURNED, offset=249117662744 ns
        ON_TOKENS_CALLED, generate 1 tokens, offset=250402725778 ns
        ON_TOKENS_RETURNED, offset=250402727645 ns
        ON_TOKENS_CALLED, generate 1 tokens, offset=251687728175 ns
        ON_TOKENS_RETURNED, offset=251687731157 ns
        ON_TOKENS_CALLED, generate 1 tokens, offset=252856583145 ns
        ON_TOKENS_RETURNED, offset=252856584460 ns
        ON_TOKENS_CALLED, generate 1 tokens, offset=254054546091 ns
        ON_TOKENS_RETURNED, offset=254054547440 ns
        ON_TOKENS_CALLED, generate 1 tokens, offset=255258072519 ns
        ON_TOKENS_RETURNED, offset=255258073570 ns
        ON_TOKENS_CALLED, generate 1 tokens, offset=256490730704 ns
        ON_TOKENS_RETURNED, offset=256490733148 ns
        ON_TOKENS_CALLED, generate 1 tokens, offset=257730648900 ns
        ON_TOKENS_RETURNED, offset=257730649855 ns
        ON_TOKENS_CALLED, generate 1 tokens, offset=259000946125 ns
        ON_TOKENS_RETURNED, offset=259000947410 ns
        ON_TOKENS_CALLED, generate 1 tokens, offset=260280090591 ns
        ON_TOKENS_RETURNED, offset=260280091321 ns
        ON_TOKENS_CALLED, generate 1 tokens, offset=261593174838 ns
        ON_TOKENS_RETURNED, offset=261593175722 ns
        ON_TOKENS_CALLED, generate 1 tokens, offset=262916784939 ns
        ON_TOKENS_RETURNED, offset=262916786425 ns
        ON_TOKENS_CALLED, generate 1 tokens, offset=264277703275 ns
        ON_TOKENS_RETURNED, offset=264277706186 ns
        ON_TOKENS_CALLED, generate 1 tokens, offset=265644767113 ns
        ON_TOKENS_RETURNED, offset=265644769070 ns
        ON_TOKENS_CALLED, generate 1 tokens, offset=267050525277 ns
        ON_TOKENS_RETURNED, offset=267050526357 ns
        ON_TOKENS_CALLED, generate 1 tokens, offset=268309601484 ns
        ON_TOKENS_RETURNED, offset=268309602445 ns
        ON_TOKENS_CALLED, generate 1 tokens, offset=269615217280 ns
        ON_TOKENS_RETURNED, offset=269615218912 ns
        ON_TOKENS_CALLED, generate 1 tokens, offset=270933683054 ns
        ON_TOKENS_RETURNED, offset=270933684323 ns
        ON_TOKENS_CALLED, generate 1 tokens, offset=272268402492 ns
        ON_TOKENS_RETURNED, offset=272268404339 ns
        ON_TOKENS_CALLED, generate 1 tokens, offset=273597836028 ns
        ON_TOKENS_RETURNED, offset=273597837345 ns
        ON_TOKENS_CALLED, generate 1 tokens, offset=274963745987 ns
        ON_TOKENS_RETURNED, offset=274963747893 ns
        ON_TOKENS_CALLED, generate 1 tokens, offset=276337398392 ns
        ON_TOKENS_RETURNED, offset=276337399423 ns
        ON_TOKENS_CALLED, generate 1 tokens, offset=277748507723 ns
        ON_TOKENS_RETURNED, offset=277748509919 ns
        ON_TOKENS_CALLED, generate 1 tokens, offset=279177280475 ns
        ON_TOKENS_RETURNED, offset=279177282462 ns
        ON_TOKENS_CALLED, generate 1 tokens, offset=280497768224 ns
        ON_TOKENS_RETURNED, offset=280497770211 ns
        ON_TOKENS_CALLED, generate 1 tokens, offset=281830318257 ns
        ON_TOKENS_RETURNED, offset=281830320407 ns
        ON_TOKENS_CALLED, generate 1 tokens, offset=283190193624 ns
        ON_TOKENS_RETURNED, offset=283190196130 ns
        ON_TOKENS_CALLED, generate 1 tokens, offset=284538182312 ns
        ON_TOKENS_RETURNED, offset=284538185318 ns
        ON_TOKENS_CALLED, generate 1 tokens, offset=285905527480 ns
        ON_TOKENS_RETURNED, offset=285905529221 ns
        ON_TOKENS_CALLED, generate 1 tokens, offset=287279117006 ns
        ON_TOKENS_RETURNED, offset=287279118975 ns
        ON_TOKENS_CALLED, generate 1 tokens, offset=288576186689 ns
        ON_TOKENS_RETURNED, offset=288576189422 ns
        ON_TOKENS_CALLED, generate 1 tokens, offset=289850274672 ns
        ON_TOKENS_RETURNED, offset=289850277517 ns
        ON_TOKENS_CALLED, generate 1 tokens, offset=291150067891 ns
        ON_TOKENS_RETURNED, offset=291150156684 ns
        ON_TOKENS_CALLED, generate 1 tokens, offset=292458423789 ns
        ON_TOKENS_RETURNED, offset=292458426604 ns
[15:24:38.075771362|thread 2214510|cpu 260] [info ] KV cache footprint: 46.19 GB in 213 books
[15:24:42.330035148|thread 2212237|cpu 260] [info ] [Request 7] Generating 61 response tokens with 8193 context took 73.860468 s at 0.826 average tok/s, or 1210.827 ms/tok
[15:24:42.330071099|thread 2212237|cpu 260] [info ] [Request 7] Request with 8192 tokens in and 64 out (sequence limit) saw 232.299840 s TTFT and 307.147297 s TTLT
[15:24:45.657524373|thread 2214510|cpu 260] [info ] KV cache footprint: 47.29 GB in 218 books
[15:24:49.164890449|thread 2212246|cpu 260] [info ] [Request 18] Parsing the prompt took 313.982031029 s at 26.090665039501484 tokens/s
[15:24:53.775203922|thread 2214511|cpu 260] [debug] #EVT# HandleDetails::is_anomalous() handle_id=7 time in state STATE_OPENED exceeded threshold: 232299831406 ns
[15:24:53.775280926|thread 2214511|cpu 260] [debug] #EVT#   Handle,     7, Created, 753186596585250, Last, 753494845643730, Prompted,  8192, Generated,    64, Input TPS, 35.26, Output TPS:  0.74, Callbacks,    64, prompt parsing complete, open
[15:24:53.775320371|thread 2214511|cpu 260] [info ] #EVT#   Handle 7 history:
        SESSION_OPEN, prompt 8192 tokens, offset=0 ns
        PROMPT_TOKENS_REUSE, offset=232299828830 ns
        ON_START_CALLED, offset=232299831406 ns
        ON_START_RETURNED, offset=232299873814 ns
        ON_TOKENS_CALLED, generate 1 tokens, offset=232299878835 ns
        ON_TOKENS_RETURNED, offset=232299880889 ns
        ON_TOKENS_CALLED, generate 1 tokens, offset=233286820294 ns
        ON_TOKENS_RETURNED, offset=233286823692 ns
        ON_TOKENS_CALLED, generate 1 tokens, offset=234296168161 ns
        ON_TOKENS_RETURNED, offset=234296170506 ns
        ON_TOKENS_CALLED, generate 1 tokens, offset=235310291436 ns
        ON_TOKENS_RETURNED, offset=235310292650 ns
        ON_TOKENS_CALLED, generate 1 tokens, offset=236351468846 ns
        ON_TOKENS_RETURNED, offset=236351472214 ns
        ON_TOKENS_CALLED, generate 1 tokens, offset=237411238012 ns
        ON_TOKENS_RETURNED, offset=237411240680 ns
        ON_TOKENS_CALLED, generate 1 tokens, offset=238492492721 ns
        ON_TOKENS_RETURNED, offset=238492494563 ns
        ON_TOKENS_CALLED, generate 1 tokens, offset=239581558581 ns
        ON_TOKENS_RETURNED, offset=239581560127 ns
        ON_TOKENS_CALLED, generate 1 tokens, offset=240705387660 ns
        ON_TOKENS_RETURNED, offset=240705392826 ns
        ON_TOKENS_CALLED, generate 1 tokens, offset=241839099405 ns
        ON_TOKENS_RETURNED, offset=241839100946 ns
        ON_TOKENS_CALLED, generate 1 tokens, offset=243005467502 ns
        ON_TOKENS_RETURNED, offset=243005469059 ns
        ON_TOKENS_CALLED, generate 1 tokens, offset=244176897298 ns
        ON_TOKENS_RETURNED, offset=244176899311 ns
        ON_TOKENS_CALLED, generate 1 tokens, offset=245388247549 ns
        ON_TOKENS_RETURNED, offset=245388253760 ns
        ON_TOKENS_CALLED, generate 1 tokens, offset=246608517321 ns
        ON_TOKENS_RETURNED, offset=246608519144 ns
        ON_TOKENS_CALLED, generate 1 tokens, offset=247861247060 ns
        ON_TOKENS_RETURNED, offset=247861248174 ns
        ON_TOKENS_CALLED, generate 1 tokens, offset=249117973003 ns
        ON_TOKENS_RETURNED, offset=249117974551 ns
        ON_TOKENS_CALLED, generate 1 tokens, offset=250403036119 ns
        ON_TOKENS_RETURNED, offset=250403040114 ns
        ON_TOKENS_CALLED, generate 1 tokens, offset=251688043441 ns
        ON_TOKENS_RETURNED, offset=251688045533 ns
        ON_TOKENS_CALLED, generate 1 tokens, offset=252856883760 ns
        ON_TOKENS_RETURNED, offset=252856884847 ns
        ON_TOKENS_CALLED, generate 1 tokens, offset=254054856438 ns
        ON_TOKENS_RETURNED, offset=254054857539 ns
        ON_TOKENS_CALLED, generate 1 tokens, offset=255258384284 ns
        ON_TOKENS_RETURNED, offset=255258385570 ns
        ON_TOKENS_CALLED, generate 1 tokens, offset=256491041316 ns
        ON_TOKENS_RETURNED, offset=256491042413 ns
        ON_TOKENS_CALLED, generate 1 tokens, offset=257730960598 ns
        ON_TOKENS_RETURNED, offset=257730961506 ns
        ON_TOKENS_CALLED, generate 1 tokens, offset=259001255956 ns
        ON_TOKENS_RETURNED, offset=259001257096 ns
        ON_TOKENS_CALLED, generate 1 tokens, offset=260280403206 ns
        ON_TOKENS_RETURNED, offset=260280404124 ns
        ON_TOKENS_CALLED, generate 1 tokens, offset=261593479554 ns
        ON_TOKENS_RETURNED, offset=261593480580 ns
        ON_TOKENS_CALLED, generate 1 tokens, offset=262917086121 ns
        ON_TOKENS_RETURNED, offset=262917087857 ns
        ON_TOKENS_CALLED, generate 1 tokens, offset=264278014647 ns
        ON_TOKENS_RETURNED, offset=264278015987 ns
        ON_TOKENS_CALLED, generate 1 tokens, offset=265645075902 ns
        ON_TOKENS_RETURNED, offset=265645077010 ns
        ON_TOKENS_CALLED, generate 1 tokens, offset=267050839473 ns
        ON_TOKENS_RETURNED, offset=267050840723 ns
        ON_TOKENS_CALLED, generate 1 tokens, offset=268309904644 ns
        ON_TOKENS_RETURNED, offset=268309906341 ns
        ON_TOKENS_CALLED, generate 1 tokens, offset=269615526513 ns
        ON_TOKENS_RETURNED, offset=269615528156 ns
        ON_TOKENS_CALLED, generate 1 tokens, offset=270933992144 ns
        ON_TOKENS_RETURNED, offset=270933994311 ns
        ON_TOKENS_CALLED, generate 1 tokens, offset=272268713166 ns
        ON_TOKENS_RETURNED, offset=272268714706 ns
        ON_TOKENS_CALLED, generate 1 tokens, offset=273598136778 ns
        ON_TOKENS_RETURNED, offset=273598138116 ns
        ON_TOKENS_CALLED, generate 1 tokens, offset=274964075502 ns
        ON_TOKENS_RETURNED, offset=274964076674 ns
        ON_TOKENS_CALLED, generate 1 tokens, offset=276337705021 ns
        ON_TOKENS_RETURNED, offset=276337706480 ns
        ON_TOKENS_CALLED, generate 1 tokens, offset=277748821532 ns
        ON_TOKENS_RETURNED, offset=277748822828 ns
        ON_TOKENS_CALLED, generate 1 tokens, offset=279177592861 ns
        ON_TOKENS_RETURNED, offset=279177595396 ns
        ON_TOKENS_CALLED, generate 1 tokens, offset=280498078665 ns
        ON_TOKENS_RETURNED, offset=280498081210 ns
        ON_TOKENS_CALLED, generate 1 tokens, offset=281830634666 ns
        ON_TOKENS_RETURNED, offset=281830636406 ns
        ON_TOKENS_CALLED, generate 1 tokens, offset=283190513269 ns
        ON_TOKENS_RETURNED, offset=283190514904 ns
        ON_TOKENS_CALLED, generate 1 tokens, offset=284538494102 ns
        ON_TOKENS_RETURNED, offset=284538496947 ns
        ON_TOKENS_CALLED, generate 1 tokens, offset=285905836922 ns
        ON_TOKENS_RETURNED, offset=285905837943 ns
        ON_TOKENS_CALLED, generate 1 tokens, offset=287279425216 ns
        ON_TOKENS_RETURNED, offset=287279428336 ns
        ON_TOKENS_CALLED, generate 1 tokens, offset=288576499192 ns
        ON_TOKENS_RETURNED, offset=288576501274 ns
        ON_TOKENS_CALLED, generate 1 tokens, offset=289850595709 ns
        ON_TOKENS_RETURNED, offset=289850597451 ns
        ON_TOKENS_CALLED, generate 1 tokens, offset=291150377865 ns
        ON_TOKENS_RETURNED, offset=291150380117 ns
        ON_TOKENS_CALLED, generate 1 tokens, offset=292458723750 ns
        ON_TOKENS_RETURNED, offset=292458725737 ns
        ON_TOKENS_CALLED, generate 1 tokens, offset=293443312456 ns
        ON_TOKENS_RETURNED, offset=293443315045 ns
        ON_TOKENS_CALLED, generate 1 tokens, offset=294452612615 ns
        ON_TOKENS_RETURNED, offset=294452614640 ns
        ON_TOKENS_CALLED, generate 1 tokens, offset=295476175528 ns
        ON_TOKENS_RETURNED, offset=295476178483 ns
        ON_TOKENS_CALLED, generate 1 tokens, offset=296520758197 ns
        ON_TOKENS_RETURNED, offset=296520759748 ns
        ON_TOKENS_CALLED, generate 1 tokens, offset=297576018012 ns
        ON_TOKENS_RETURNED, offset=297576019968 ns
        ON_TOKENS_CALLED, generate 1 tokens, offset=298653687236 ns
        ON_TOKENS_RETURNED, offset=298653690043 ns
        ON_TOKENS_CALLED, generate 1 tokens, offset=299745632826 ns
        ON_TOKENS_RETURNED, offset=299745634527 ns
        ON_TOKENS_CALLED, generate 1 tokens, offset=300857943243 ns
        ON_TOKENS_RETURNED, offset=300857945409 ns
        ON_TOKENS_CALLED, generate 1 tokens, offset=301863042949 ns
        ON_TOKENS_RETURNED, offset=301863044923 ns
        ON_TOKENS_CALLED, generate 1 tokens, offset=302892811886 ns
        ON_TOKENS_RETURNED, offset=302892813121 ns
        ON_TOKENS_CALLED, generate 1 tokens, offset=303935394503 ns
        ON_TOKENS_RETURNED, offset=303935395651 ns
        ON_TOKENS_CALLED, generate 1 tokens, offset=304990171896 ns
        ON_TOKENS_RETURNED, offset=304990173450 ns
        ON_TOKENS_CALLED, generate 1 tokens, offset=306057839967 ns
        ON_TOKENS_RETURNED, offset=306057841786 ns
        ON_TOKENS_CALLED, generate 1 tokens, offset=307147287495 ns
        ON_TOKENS_RETURNED, offset=307147337389 ns
        ON_TOKENS_CALLED, generate 1 tokens, offset=308249046883 ns
        ON_TOKENS_RETURNED, offset=308249058480 ns
[15:24:58.262060614|thread 2214510|cpu 260] [info ] KV cache footprint: 48.38 GB in 223 books
[15:25:01.987477057|thread 2212237|cpu 260] [info ] [Request 12] Generating 61 response tokens with 8193 context took 73.947828 s at 0.825 average tok/s, or 1212.259 ms/tok
[15:25:01.987518164|thread 2212237|cpu 260] [info ] [Request 12] Request with 8192 tokens in and 64 out (sequence limit) saw 251.687990 s TTFT and 326.804681 s TTLT
[15:25:04.555909710|thread 2212246|cpu 260] [info ] [Request 22] Parsing the prompt took 329.373003309 s at 24.8714980210892 tokens/s
[15:25:05.733563344|thread 2214510|cpu 260] [info ] KV cache footprint: 49.48 GB in 228 books
[15:25:13.492955143|thread 2214511|cpu 260] [debug] #EVT# HandleDetails::is_anomalous() handle_id=12 time in state STATE_OPENED exceeded threshold: 251687983687 ns
[15:25:13.493024382|thread 2214511|cpu 260] [debug] #EVT#   Handle,    12, Created, 753186596640020, Last, 753514691830725, Prompted,  8189, Generated,    64, Input TPS, 32.55, Output TPS:  0.74, Callbacks,    64, prompt parsing complete, open
[15:25:13.493061146|thread 2214511|cpu 260] [info ] #EVT#   Handle 12 history:
        SESSION_OPEN, prompt 8192 tokens, offset=0 ns
        PROMPT_TOKENS_REUSE, offset=251687981172 ns
        ON_START_CALLED, offset=251687983687 ns
        ON_START_RETURNED, offset=251688023092 ns
        ON_TOKENS_CALLED, generate 1 tokens, offset=251688027370 ns
        ON_TOKENS_RETURNED, offset=251688028009 ns
        ON_TOKENS_CALLED, generate 1 tokens, offset=252856846549 ns
        ON_TOKENS_RETURNED, offset=252856849750 ns
        ON_TOKENS_CALLED, generate 1 tokens, offset=254054802221 ns
        ON_TOKENS_RETURNED, offset=254054804546 ns
        ON_TOKENS_CALLED, generate 1 tokens, offset=255258330074 ns
        ON_TOKENS_RETURNED, offset=255258332060 ns
        ON_TOKENS_CALLED, generate 1 tokens, offset=256490988113 ns
        ON_TOKENS_RETURNED, offset=256490991191 ns
        ON_TOKENS_CALLED, generate 1 tokens, offset=257730906625 ns
        ON_TOKENS_RETURNED, offset=257730907700 ns
        ON_TOKENS_CALLED, generate 1 tokens, offset=259001199851 ns
        ON_TOKENS_RETURNED, offset=259001202783 ns
        ON_TOKENS_CALLED, generate 1 tokens, offset=260280349116 ns
        ON_TOKENS_RETURNED, offset=260280351739 ns
        ON_TOKENS_CALLED, generate 1 tokens, offset=261593427759 ns
        ON_TOKENS_RETURNED, offset=261593431697 ns
        ON_TOKENS_CALLED, generate 1 tokens, offset=262917031043 ns
        ON_TOKENS_RETURNED, offset=262917033749 ns
        ON_TOKENS_CALLED, generate 1 tokens, offset=264277961430 ns
        ON_TOKENS_RETURNED, offset=264277962821 ns
        ON_TOKENS_CALLED, generate 1 tokens, offset=265645022118 ns
        ON_TOKENS_RETURNED, offset=265645023372 ns
        ON_TOKENS_CALLED, generate 1 tokens, offset=267050782763 ns
        ON_TOKENS_RETURNED, offset=267050785053 ns
        ON_TOKENS_CALLED, generate 1 tokens, offset=268309858969 ns
        ON_TOKENS_RETURNED, offset=268309860281 ns
        ON_TOKENS_CALLED, generate 1 tokens, offset=269615473677 ns
        ON_TOKENS_RETURNED, offset=269615476495 ns
        ON_TOKENS_CALLED, generate 1 tokens, offset=270933932945 ns
        ON_TOKENS_RETURNED, offset=270933934190 ns
        ON_TOKENS_CALLED, generate 1 tokens, offset=272268660431 ns
        ON_TOKENS_RETURNED, offset=272268677596 ns
        ON_TOKENS_CALLED, generate 1 tokens, offset=273598084961 ns
        ON_TOKENS_RETURNED, offset=273598086640 ns
        ON_TOKENS_CALLED, generate 1 tokens, offset=274964004229 ns
        ON_TOKENS_RETURNED, offset=274964005011 ns
        ON_TOKENS_CALLED, generate 1 tokens, offset=276337658009 ns
        ON_TOKENS_RETURNED, offset=276337658886 ns
        ON_TOKENS_CALLED, generate 1 tokens, offset=277748767751 ns
        ON_TOKENS_RETURNED, offset=277748769111 ns
        ON_TOKENS_CALLED, generate 1 tokens, offset=279177540417 ns
        ON_TOKENS_RETURNED, offset=279177542004 ns
        ON_TOKENS_CALLED, generate 1 tokens, offset=280498024221 ns
        ON_TOKENS_RETURNED, offset=280498025526 ns
        ON_TOKENS_CALLED, generate 1 tokens, offset=281830578123 ns
        ON_TOKENS_RETURNED, offset=281830579345 ns
        ON_TOKENS_CALLED, generate 1 tokens, offset=283190458837 ns
        ON_TOKENS_RETURNED, offset=283190461106 ns
        ON_TOKENS_CALLED, generate 1 tokens, offset=284538437938 ns
        ON_TOKENS_RETURNED, offset=284538438979 ns
        ON_TOKENS_CALLED, generate 1 tokens, offset=285905782719 ns
        ON_TOKENS_RETURNED, offset=285905783994 ns
        ON_TOKENS_CALLED, generate 1 tokens, offset=287279373660 ns
        ON_TOKENS_RETURNED, offset=287279374815 ns
        ON_TOKENS_CALLED, generate 1 tokens, offset=288576447183 ns
        ON_TOKENS_RETURNED, offset=288576448245 ns
        ON_TOKENS_CALLED, generate 1 tokens, offset=289850538885 ns
        ON_TOKENS_RETURNED, offset=289850540610 ns
        ON_TOKENS_CALLED, generate 1 tokens, offset=291150327887 ns
        ON_TOKENS_RETURNED, offset=291150329153 ns
        ON_TOKENS_CALLED, generate 1 tokens, offset=292458672532 ns
        ON_TOKENS_RETURNED, offset=292458674019 ns
        ON_TOKENS_CALLED, generate 1 tokens, offset=293443266613 ns
        ON_TOKENS_RETURNED, offset=293443268675 ns
        ON_TOKENS_CALLED, generate 1 tokens, offset=294452555089 ns
        ON_TOKENS_RETURNED, offset=294452556504 ns
        ON_TOKENS_CALLED, generate 1 tokens, offset=295476122054 ns
        ON_TOKENS_RETURNED, offset=295476123334 ns
        ON_TOKENS_CALLED, generate 1 tokens, offset=296520713012 ns
        ON_TOKENS_RETURNED, offset=296520714018 ns
        ON_TOKENS_CALLED, generate 1 tokens, offset=297575962551 ns
        ON_TOKENS_RETURNED, offset=297575965684 ns
        ON_TOKENS_CALLED, generate 1 tokens, offset=298653641966 ns
        ON_TOKENS_RETURNED, offset=298653643258 ns
        ON_TOKENS_CALLED, generate 1 tokens, offset=299745581197 ns
        ON_TOKENS_RETURNED, offset=299745582521 ns
        ON_TOKENS_CALLED, generate 1 tokens, offset=300857907834 ns
        ON_TOKENS_RETURNED, offset=300857908883 ns
        ON_TOKENS_CALLED, generate 1 tokens, offset=301862992493 ns
        ON_TOKENS_RETURNED, offset=301862993839 ns
        ON_TOKENS_CALLED, generate 1 tokens, offset=302892755891 ns
        ON_TOKENS_RETURNED, offset=302892758117 ns
        ON_TOKENS_CALLED, generate 1 tokens, offset=303935338814 ns
        ON_TOKENS_RETURNED, offset=303935340422 ns
        ON_TOKENS_CALLED, generate 1 tokens, offset=304990119924 ns
        ON_TOKENS_RETURNED, offset=304990121233 ns
        ON_TOKENS_CALLED, generate 1 tokens, offset=306057777203 ns
        ON_TOKENS_RETURNED, offset=306057780038 ns
        ON_TOKENS_CALLED, generate 1 tokens, offset=307147234318 ns
        ON_TOKENS_RETURNED, offset=307147236079 ns
        ON_TOKENS_CALLED, generate 1 tokens, offset=308249003651 ns
        ON_TOKENS_RETURNED, offset=308249004986 ns
        ON_TOKENS_CALLED, generate 1 tokens, offset=309354934807 ns
        ON_TOKENS_RETURNED, offset=309354936055 ns
        ON_TOKENS_CALLED, generate 1 tokens, offset=310474521754 ns
        ON_TOKENS_RETURNED, offset=310474525026 ns
        ON_TOKENS_CALLED, generate 1 tokens, offset=311626412248 ns
        ON_TOKENS_RETURNED, offset=311626413768 ns
        ON_TOKENS_CALLED, generate 1 tokens, offset=312788672394 ns
        ON_TOKENS_RETURNED, offset=312788673441 ns
        ON_TOKENS_CALLED, generate 1 tokens, offset=313982084282 ns
        ON_TOKENS_RETURNED, offset=313982086030 ns
        ON_TOKENS_CALLED, generate 1 tokens, offset=315035522941 ns
        ON_TOKENS_RETURNED, offset=315035525027 ns
        ON_TOKENS_CALLED, generate 1 tokens, offset=316130919319 ns
        ON_TOKENS_RETURNED, offset=316130922076 ns
        ON_TOKENS_CALLED, generate 1 tokens, offset=317239811679 ns
        ON_TOKENS_RETURNED, offset=317239813934 ns
        ON_TOKENS_CALLED, generate 1 tokens, offset=318374745044 ns
        ON_TOKENS_RETURNED, offset=318374746523 ns
        ON_TOKENS_CALLED, generate 1 tokens, offset=319520661647 ns
        ON_TOKENS_RETURNED, offset=319520663231 ns
        ON_TOKENS_CALLED, generate 1 tokens, offset=320692769357 ns
        ON_TOKENS_RETURNED, offset=320692771617 ns
        ON_TOKENS_CALLED, generate 1 tokens, offset=321872249603 ns
        ON_TOKENS_RETURNED, offset=321872250769 ns
        ON_TOKENS_CALLED, generate 1 tokens, offset=323079105066 ns
        ON_TOKENS_RETURNED, offset=323079106585 ns
        ON_TOKENS_CALLED, generate 1 tokens, offset=324293495583 ns
        ON_TOKENS_RETURNED, offset=324293496838 ns
        ON_TOKENS_CALLED, generate 1 tokens, offset=325543971325 ns
        ON_TOKENS_RETURNED, offset=325543972359 ns
        ON_TOKENS_CALLED, generate 1 tokens, offset=326804673911 ns
        ON_TOKENS_RETURNED, offset=326804740466 ns
        ON_TOKENS_CALLED, generate 1 tokens, offset=328095184016 ns
        ON_TOKENS_RETURNED, offset=328095190705 ns
[15:25:17.168920861|thread 2212237|cpu 260] [info ] [Request 8] Generating 61 response tokens with 8193 context took 73.676259 s at 0.828 average tok/s, or 1207.808 ms/tok
[15:25:17.168953192|thread 2212237|cpu 260] [info ] [Request 8] Request with 8192 tokens in and 64 out (sequence limit) saw 267.050833 s TTFT and 341.986170 s TTLT
[15:25:18.551798289|thread 2212247|cpu 260] [info ] [Request 25] Parsing the prompt took 343.368860912 s at 23.857725415874214 tokens/s
[15:25:19.768824124|thread 2214510|cpu 260] [info ] KV cache footprint: 50.58 GB in 233 books
[15:25:23.594372751|thread 2214510|cpu 260] [info ] KV cache footprint: 51.68 GB in 238 books
[15:25:28.703961017|thread 2214511|cpu 260] [debug] #EVT# HandleDetails::is_anomalous() handle_id=8 time in state STATE_OPENED exceeded threshold: 267050826829 ns
[15:25:28.704031512|thread 2214511|cpu 260] [debug] #EVT#   Handle,     8, Created, 753186596596315, Last, 753529965648137, Prompted,  8192, Generated,    64, Input TPS, 30.68, Output TPS:  0.74, Callbacks,    64, prompt parsing complete, open
[15:25:28.704071017|thread 2214511|cpu 260] [info ] #EVT#   Handle 8 history:
        SESSION_OPEN, prompt 8192 tokens, offset=0 ns
        PROMPT_TOKENS_REUSE, offset=267050825215 ns
        ON_START_CALLED, offset=267050826829 ns
        ON_START_RETURNED, offset=267050867697 ns
        ON_TOKENS_CALLED, generate 1 tokens, offset=267050871907 ns
        ON_TOKENS_RETURNED, offset=267050873854 ns
        ON_TOKENS_CALLED, generate 1 tokens, offset=268309903426 ns
        ON_TOKENS_RETURNED, offset=268309906445 ns
        ON_TOKENS_CALLED, generate 1 tokens, offset=269615519203 ns
        ON_TOKENS_RETURNED, offset=269615522626 ns
        ON_TOKENS_CALLED, generate 1 tokens, offset=270933978308 ns
        ON_TOKENS_RETURNED, offset=270933980362 ns
        ON_TOKENS_CALLED, generate 1 tokens, offset=272268706261 ns
        ON_TOKENS_RETURNED, offset=272268709489 ns
        ON_TOKENS_CALLED, generate 1 tokens, offset=273598130274 ns
        ON_TOKENS_RETURNED, offset=273598131736 ns
        ON_TOKENS_CALLED, generate 1 tokens, offset=274964051799 ns
        ON_TOKENS_RETURNED, offset=274964053141 ns
        ON_TOKENS_CALLED, generate 1 tokens, offset=276337695126 ns
        ON_TOKENS_RETURNED, offset=276337696382 ns
        ON_TOKENS_CALLED, generate 1 tokens, offset=277748812703 ns
        ON_TOKENS_RETURNED, offset=277748814433 ns
        ON_TOKENS_CALLED, generate 1 tokens, offset=279177589255 ns
        ON_TOKENS_RETURNED, offset=279177590827 ns
        ON_TOKENS_CALLED, generate 1 tokens, offset=280498065119 ns
        ON_TOKENS_RETURNED, offset=280498067490 ns
        ON_TOKENS_CALLED, generate 1 tokens, offset=281830624116 ns
        ON_TOKENS_RETURNED, offset=281830625218 ns
        ON_TOKENS_CALLED, generate 1 tokens, offset=283190496902 ns
        ON_TOKENS_RETURNED, offset=283190498230 ns
        ON_TOKENS_CALLED, generate 1 tokens, offset=284538487340 ns
        ON_TOKENS_RETURNED, offset=284538488287 ns
        ON_TOKENS_CALLED, generate 1 tokens, offset=285905827904 ns
        ON_TOKENS_RETURNED, offset=285905828644 ns
        ON_TOKENS_CALLED, generate 1 tokens, offset=287279419155 ns
        ON_TOKENS_RETURNED, offset=287279419954 ns
        ON_TOKENS_CALLED, generate 1 tokens, offset=288576489771 ns
        ON_TOKENS_RETURNED, offset=288576493577 ns
        ON_TOKENS_CALLED, generate 1 tokens, offset=289850583962 ns
        ON_TOKENS_RETURNED, offset=289850586316 ns
        ON_TOKENS_CALLED, generate 1 tokens, offset=291150371833 ns
        ON_TOKENS_RETURNED, offset=291150373977 ns
        ON_TOKENS_CALLED, generate 1 tokens, offset=292458718512 ns
        ON_TOKENS_RETURNED, offset=292458720735 ns
        ON_TOKENS_CALLED, generate 1 tokens, offset=293443309283 ns
        ON_TOKENS_RETURNED, offset=293443310535 ns
        ON_TOKENS_CALLED, generate 1 tokens, offset=294452601851 ns
        ON_TOKENS_RETURNED, offset=294452603352 ns
        ON_TOKENS_CALLED, generate 1 tokens, offset=295476165677 ns
        ON_TOKENS_RETURNED, offset=295476166876 ns
        ON_TOKENS_CALLED, generate 1 tokens, offset=296520754297 ns
        ON_TOKENS_RETURNED, offset=296520756137 ns
        ON_TOKENS_CALLED, generate 1 tokens, offset=297576008325 ns
        ON_TOKENS_RETURNED, offset=297576009407 ns
        ON_TOKENS_CALLED, generate 1 tokens, offset=298653677834 ns
        ON_TOKENS_RETURNED, offset=298653680317 ns
        ON_TOKENS_CALLED, generate 1 tokens, offset=299745620436 ns
        ON_TOKENS_RETURNED, offset=299745621976 ns
        ON_TOKENS_CALLED, generate 1 tokens, offset=300857945374 ns
        ON_TOKENS_RETURNED, offset=300857946346 ns
        ON_TOKENS_CALLED, generate 1 tokens, offset=301863034332 ns
        ON_TOKENS_RETURNED, offset=301863035000 ns
        ON_TOKENS_CALLED, generate 1 tokens, offset=302892806077 ns
        ON_TOKENS_RETURNED, offset=302892807814 ns
        ON_TOKENS_CALLED, generate 1 tokens, offset=303935381279 ns
        ON_TOKENS_RETURNED, offset=303935382608 ns
        ON_TOKENS_CALLED, generate 1 tokens, offset=304990162061 ns
        ON_TOKENS_RETURNED, offset=304990164440 ns
        ON_TOKENS_CALLED, generate 1 tokens, offset=306057821616 ns
        ON_TOKENS_RETURNED, offset=306057826000 ns
        ON_TOKENS_CALLED, generate 1 tokens, offset=307147278815 ns
        ON_TOKENS_RETURNED, offset=307147279880 ns
        ON_TOKENS_CALLED, generate 1 tokens, offset=308249052356 ns
        ON_TOKENS_RETURNED, offset=308249053327 ns
        ON_TOKENS_CALLED, generate 1 tokens, offset=309354970092 ns
        ON_TOKENS_RETURNED, offset=309354971208 ns
        ON_TOKENS_CALLED, generate 1 tokens, offset=310474566237 ns
        ON_TOKENS_RETURNED, offset=310474568431 ns
        ON_TOKENS_CALLED, generate 1 tokens, offset=311626459483 ns
        ON_TOKENS_RETURNED, offset=311626460722 ns
        ON_TOKENS_CALLED, generate 1 tokens, offset=312788705655 ns
        ON_TOKENS_RETURNED, offset=312788707569 ns
        ON_TOKENS_CALLED, generate 1 tokens, offset=313982130239 ns
        ON_TOKENS_RETURNED, offset=313982132306 ns
        ON_TOKENS_CALLED, generate 1 tokens, offset=315035572150 ns
        ON_TOKENS_RETURNED, offset=315035573458 ns
        ON_TOKENS_CALLED, generate 1 tokens, offset=316130965679 ns
        ON_TOKENS_RETURNED, offset=316130967294 ns
        ON_TOKENS_CALLED, generate 1 tokens, offset=317239846120 ns
        ON_TOKENS_RETURNED, offset=317239848518 ns
        ON_TOKENS_CALLED, generate 1 tokens, offset=318374797694 ns
        ON_TOKENS_RETURNED, offset=318374799140 ns
        ON_TOKENS_CALLED, generate 1 tokens, offset=319520705421 ns
        ON_TOKENS_RETURNED, offset=319520707007 ns
        ON_TOKENS_CALLED, generate 1 tokens, offset=320692812972 ns
        ON_TOKENS_RETURNED, offset=320692814206 ns
        ON_TOKENS_CALLED, generate 1 tokens, offset=321872296532 ns
        ON_TOKENS_RETURNED, offset=321872298518 ns
        ON_TOKENS_CALLED, generate 1 tokens, offset=323079159750 ns
        ON_TOKENS_RETURNED, offset=323079161455 ns
        ON_TOKENS_CALLED, generate 1 tokens, offset=324293543040 ns
        ON_TOKENS_RETURNED, offset=324293545506 ns
        ON_TOKENS_CALLED, generate 1 tokens, offset=325544011322 ns
        ON_TOKENS_RETURNED, offset=325544013131 ns
        ON_TOKENS_CALLED, generate 1 tokens, offset=326804715973 ns
        ON_TOKENS_RETURNED, offset=326804719017 ns
        ON_TOKENS_CALLED, generate 1 tokens, offset=328095226438 ns
        ON_TOKENS_RETURNED, offset=328095228964 ns
        ON_TOKENS_CALLED, generate 1 tokens, offset=329373149913 ns
        ON_TOKENS_RETURNED, offset=329373151842 ns
        ON_TOKENS_CALLED, generate 1 tokens, offset=330550591496 ns
        ON_TOKENS_RETURNED, offset=330550593778 ns
        ON_TOKENS_CALLED, generate 1 tokens, offset=331743013875 ns
        ON_TOKENS_RETURNED, offset=331743015132 ns
        ON_TOKENS_CALLED, generate 1 tokens, offset=332956746686 ns
        ON_TOKENS_RETURNED, offset=332956749266 ns
        ON_TOKENS_CALLED, generate 1 tokens, offset=334188765853 ns
        ON_TOKENS_RETURNED, offset=334188768843 ns
        ON_TOKENS_CALLED, generate 1 tokens, offset=335439854679 ns
        ON_TOKENS_RETURNED, offset=335439857099 ns
        ON_TOKENS_CALLED, generate 1 tokens, offset=336702616876 ns
        ON_TOKENS_RETURNED, offset=336702618380 ns
        ON_TOKENS_CALLED, generate 1 tokens, offset=337996864782 ns
        ON_TOKENS_RETURNED, offset=337996867891 ns
        ON_TOKENS_CALLED, generate 1 tokens, offset=339302365226 ns
        ON_TOKENS_RETURNED, offset=339302367591 ns
        ON_TOKENS_CALLED, generate 1 tokens, offset=340642659403 ns
        ON_TOKENS_RETURNED, offset=340642661737 ns
        ON_TOKENS_CALLED, generate 1 tokens, offset=341986161254 ns
        ON_TOKENS_RETURNED, offset=341986208077 ns
        ON_TOKENS_CALLED, generate 1 tokens, offset=343369037903 ns
        ON_TOKENS_RETURNED, offset=343369051822 ns
[15:25:28.950440856|thread 2212237|cpu 260] [info ] [Request 45] Generating 61 response tokens with 8193 context took 73.269605 s at 0.833 average tok/s, or 1201.141 ms/tok
[15:25:28.950475292|thread 2212237|cpu 260] [info ] [Request 45] Request with 8192 tokens in and 64 out (sequence limit) saw 279.174007 s TTFT and 353.764106 s TTLT
[15:25:28.950442429|thread 2212247|cpu 260] [info ] [Request 27] Parsing the prompt took 353.767481221 s at 23.156452853512626 tokens/s
[15:25:36.655189860|thread 2212237|cpu 260] [info ] [Request 9] Generating 61 response tokens with 8193 context took 72.895940 s at 0.837 average tok/s, or 1195.015 ms/tok
[15:25:36.655225832|thread 2212237|cpu 260] [info ] [Request 9] Request with 8192 tokens in and 64 out (sequence limit) saw 287.279414 s TTFT and 361.472429 s TTLT
[15:25:36.655191108|thread 2212247|cpu 260] [info ] [Request 35] Parsing the prompt took 361.472125824 s at 22.662881629740568 tokens/s
[15:25:36.655394472|thread 2214510|cpu 260] [info ] KV cache footprint: 52.78 GB in 243 books
[15:25:40.534814039|thread 2214511|cpu 260] [debug] #EVT# HandleDetails::is_anomalous() handle_id=45 time in state STATE_OPENED exceeded threshold: 279174001553 ns
[15:25:40.534874499|thread 2214511|cpu 260] [debug] #EVT#   Handle,    45, Created, 753186600178717, Last, 753541625215670, Prompted,  8189, Generated,    64, Input TPS, 29.34, Output TPS:  0.74, Callbacks,    64, prompt parsing complete, open
[15:25:40.534902822|thread 2214511|cpu 260] [info ] #EVT#   Handle 45 history:
        SESSION_OPEN, prompt 8192 tokens, offset=0 ns
        PROMPT_TOKENS_REUSE, offset=279174000459 ns
        ON_START_CALLED, offset=279174001553 ns
        ON_START_RETURNED, offset=279174039300 ns
        ON_TOKENS_CALLED, generate 1 tokens, offset=279174043500 ns
        ON_TOKENS_RETURNED, offset=279174045096 ns
        ON_TOKENS_CALLED, generate 1 tokens, offset=280494494283 ns
        ON_TOKENS_RETURNED, offset=280494497427 ns
        ON_TOKENS_CALLED, generate 1 tokens, offset=281827042069 ns
        ON_TOKENS_RETURNED, offset=281827043866 ns
        ON_TOKENS_CALLED, generate 1 tokens, offset=283186919699 ns
        ON_TOKENS_RETURNED, offset=283186920714 ns
        ON_TOKENS_CALLED, generate 1 tokens, offset=284534902835 ns
        ON_TOKENS_RETURNED, offset=284534906004 ns
        ON_TOKENS_CALLED, generate 1 tokens, offset=285902246429 ns
        ON_TOKENS_RETURNED, offset=285902247595 ns
        ON_TOKENS_CALLED, generate 1 tokens, offset=287275837749 ns
        ON_TOKENS_RETURNED, offset=287275839167 ns
        ON_TOKENS_CALLED, generate 1 tokens, offset=288572915477 ns
        ON_TOKENS_RETURNED, offset=288572916758 ns
        ON_TOKENS_CALLED, generate 1 tokens, offset=289847003347 ns
        ON_TOKENS_RETURNED, offset=289847005606 ns
        ON_TOKENS_CALLED, generate 1 tokens, offset=291146786747 ns
        ON_TOKENS_RETURNED, offset=291146787658 ns
        ON_TOKENS_CALLED, generate 1 tokens, offset=292455142298 ns
        ON_TOKENS_RETURNED, offset=292455143267 ns
        ON_TOKENS_CALLED, generate 1 tokens, offset=293439723751 ns
        ON_TOKENS_RETURNED, offset=293439724847 ns
        ON_TOKENS_CALLED, generate 1 tokens, offset=294449020477 ns
        ON_TOKENS_RETURNED, offset=294449021864 ns
        ON_TOKENS_CALLED, generate 1 tokens, offset=295472585083 ns
        ON_TOKENS_RETURNED, offset=295472586998 ns
        ON_TOKENS_CALLED, generate 1 tokens, offset=296517171830 ns
        ON_TOKENS_RETURNED, offset=296517173558 ns
        ON_TOKENS_CALLED, generate 1 tokens, offset=297572431647 ns
        ON_TOKENS_RETURNED, offset=297572432510 ns
        ON_TOKENS_CALLED, generate 1 tokens, offset=298650096401 ns
        ON_TOKENS_RETURNED, offset=298650102859 ns
        ON_TOKENS_CALLED, generate 1 tokens, offset=299742038159 ns
        ON_TOKENS_RETURNED, offset=299742040366 ns
        ON_TOKENS_CALLED, generate 1 tokens, offset=300854354516 ns
        ON_TOKENS_RETURNED, offset=300854356083 ns
        ON_TOKENS_CALLED, generate 1 tokens, offset=301859458331 ns
        ON_TOKENS_RETURNED, offset=301859459233 ns
        ON_TOKENS_CALLED, generate 1 tokens, offset=302889220026 ns
        ON_TOKENS_RETURNED, offset=302889221965 ns
        ON_TOKENS_CALLED, generate 1 tokens, offset=303931806073 ns
        ON_TOKENS_RETURNED, offset=303931809710 ns
        ON_TOKENS_CALLED, generate 1 tokens, offset=304986592716 ns
        ON_TOKENS_RETURNED, offset=304986594336 ns
        ON_TOKENS_CALLED, generate 1 tokens, offset=306054243717 ns
        ON_TOKENS_RETURNED, offset=306054246111 ns
        ON_TOKENS_CALLED, generate 1 tokens, offset=307143700063 ns
        ON_TOKENS_RETURNED, offset=307143702986 ns
        ON_TOKENS_CALLED, generate 1 tokens, offset=308245457829 ns
        ON_TOKENS_RETURNED, offset=308245460485 ns
        ON_TOKENS_CALLED, generate 1 tokens, offset=309351387988 ns
        ON_TOKENS_RETURNED, offset=309351389668 ns
        ON_TOKENS_CALLED, generate 1 tokens, offset=310470985421 ns
        ON_TOKENS_RETURNED, offset=310470986699 ns
        ON_TOKENS_CALLED, generate 1 tokens, offset=311622874958 ns
        ON_TOKENS_RETURNED, offset=311622876101 ns
        ON_TOKENS_CALLED, generate 1 tokens, offset=312785130142 ns
        ON_TOKENS_RETURNED, offset=312785131131 ns
        ON_TOKENS_CALLED, generate 1 tokens, offset=313978550868 ns
        ON_TOKENS_RETURNED, offset=313978551741 ns
        ON_TOKENS_CALLED, generate 1 tokens, offset=315032000164 ns
        ON_TOKENS_RETURNED, offset=315032003020 ns
        ON_TOKENS_CALLED, generate 1 tokens, offset=316127384929 ns
        ON_TOKENS_RETURNED, offset=316127388728 ns
        ON_TOKENS_CALLED, generate 1 tokens, offset=317236269500 ns
        ON_TOKENS_RETURNED, offset=317236271114 ns
        ON_TOKENS_CALLED, generate 1 tokens, offset=318371212741 ns
        ON_TOKENS_RETURNED, offset=318371213906 ns
        ON_TOKENS_CALLED, generate 1 tokens, offset=319517128318 ns
        ON_TOKENS_RETURNED, offset=319517129799 ns
        ON_TOKENS_CALLED, generate 1 tokens, offset=320689234048 ns
        ON_TOKENS_RETURNED, offset=320689234861 ns
        ON_TOKENS_CALLED, generate 1 tokens, offset=321868713462 ns
        ON_TOKENS_RETURNED, offset=321868715801 ns
        ON_TOKENS_CALLED, generate 1 tokens, offset=323075577278 ns
        ON_TOKENS_RETURNED, offset=323075578827 ns
        ON_TOKENS_CALLED, generate 1 tokens, offset=324289961327 ns
        ON_TOKENS_RETURNED, offset=324289962675 ns
        ON_TOKENS_CALLED, generate 1 tokens, offset=325540431241 ns
        ON_TOKENS_RETURNED, offset=325540433211 ns
        ON_TOKENS_CALLED, generate 1 tokens, offset=326801134989 ns
        ON_TOKENS_RETURNED, offset=326801137796 ns
        ON_TOKENS_CALLED, generate 1 tokens, offset=328091651485 ns
        ON_TOKENS_RETURNED, offset=328091652806 ns
        ON_TOKENS_CALLED, generate 1 tokens, offset=329369568701 ns
        ON_TOKENS_RETURNED, offset=329369569936 ns
        ON_TOKENS_CALLED, generate 1 tokens, offset=330547009272 ns
        ON_TOKENS_RETURNED, offset=330547011926 ns
        ON_TOKENS_CALLED, generate 1 tokens, offset=331739438417 ns
        ON_TOKENS_RETURNED, offset=331739439495 ns
        ON_TOKENS_CALLED, generate 1 tokens, offset=332953164535 ns
        ON_TOKENS_RETURNED, offset=332953167327 ns
        ON_TOKENS_CALLED, generate 1 tokens, offset=334185188856 ns
        ON_TOKENS_RETURNED, offset=334185191224 ns
        ON_TOKENS_CALLED, generate 1 tokens, offset=335436267695 ns
        ON_TOKENS_RETURNED, offset=335436270434 ns
        ON_TOKENS_CALLED, generate 1 tokens, offset=336699026543 ns
        ON_TOKENS_RETURNED, offset=336699030615 ns
        ON_TOKENS_CALLED, generate 1 tokens, offset=337993283095 ns
        ON_TOKENS_RETURNED, offset=337993286010 ns
        ON_TOKENS_CALLED, generate 1 tokens, offset=339298783534 ns
        ON_TOKENS_RETURNED, offset=339298785467 ns
        ON_TOKENS_CALLED, generate 1 tokens, offset=340639101946 ns
        ON_TOKENS_RETURNED, offset=340639103424 ns
        ON_TOKENS_CALLED, generate 1 tokens, offset=341982585135 ns
        ON_TOKENS_RETURNED, offset=341982586636 ns
        ON_TOKENS_CALLED, generate 1 tokens, offset=343365451255 ns
        ON_TOKENS_RETURNED, offset=343365453687 ns
        ON_TOKENS_CALLED, generate 1 tokens, offset=344582341995 ns
        ON_TOKENS_RETURNED, offset=344582343847 ns
        ON_TOKENS_CALLED, generate 1 tokens, offset=345843530047 ns
        ON_TOKENS_RETURNED, offset=345843531921 ns
        ON_TOKENS_CALLED, generate 1 tokens, offset=347118711116 ns
        ON_TOKENS_RETURNED, offset=347118713816 ns
        ON_TOKENS_CALLED, generate 1 tokens, offset=348407830826 ns
        ON_TOKENS_RETURNED, offset=348407833183 ns
        ON_TOKENS_CALLED, generate 1 tokens, offset=349708348984 ns
        ON_TOKENS_RETURNED, offset=349708351682 ns
        ON_TOKENS_CALLED, generate 1 tokens, offset=351041128506 ns
        ON_TOKENS_RETURNED, offset=351041129909 ns
        ON_TOKENS_CALLED, generate 1 tokens, offset=352385427303 ns
        ON_TOKENS_RETURNED, offset=352385429241 ns
        ON_TOKENS_CALLED, generate 1 tokens, offset=353764098106 ns
        ON_TOKENS_RETURNED, offset=353764147696 ns
        ON_TOKENS_CALLED, generate 1 tokens, offset=355025029247 ns
        ON_TOKENS_RETURNED, offset=355025036953 ns
[15:25:41.534790368|thread 2212247|cpu 260] [info ] [Request 31] Parsing the prompt took 366.351783177 s at 22.36102122653542 tokens/s
[15:25:41.534793283|thread 2212238|cpu 260] [info ] [Request 11] Generating 61 response tokens with 8193 context took 72.908727 s at 0.837 average tok/s, or 1195.225 ms/tok
[15:25:41.534799091|thread 2212237|cpu 260] [info ] [Request 10] Generating 61 response tokens with 8193 context took 72.908737 s at 0.837 average tok/s, or 1195.225 ms/tok
[15:25:41.534831034|thread 2212238|cpu 260] [info ] [Request 11] Request with 8192 tokens in and 64 out (sequence limit) saw 292.458696 s TTFT and 366.352010 s TTLT
[15:25:41.534842482|thread 2212237|cpu 260] [info ] [Request 10] Request with 8192 tokens in and 64 out (sequence limit) saw 292.458705 s TTFT and 366.352030 s TTLT
[15:25:47.128300301|thread 2214510|cpu 260] [info ] KV cache footprint: 53.88 GB in 248 books
[15:25:48.140247930|thread 2214511|cpu 260] [debug] #EVT# HandleDetails::is_anomalous() handle_id=9 time in state STATE_OPENED exceeded threshold: 287279408409 ns
[15:25:48.140319297|thread 2214511|cpu 260] [debug] #EVT#   Handle,     9, Created, 753186596607582, Last, 753549270808309, Prompted,  8192, Generated,    64, Input TPS, 28.52, Output TPS:  0.75, Callbacks,    64, prompt parsing complete, open
[15:25:48.140360882|thread 2214511|cpu 260] [info ] #EVT#   Handle 9 history:
        SESSION_OPEN, prompt 8192 tokens, offset=0 ns
        PROMPT_TOKENS_REUSE, offset=287279406765 ns
        ON_START_CALLED, offset=287279408409 ns
        ON_START_RETURNED, offset=287279453368 ns
        ON_TOKENS_CALLED, generate 1 tokens, offset=287279458749 ns
        ON_TOKENS_RETURNED, offset=287279461855 ns
        ON_TOKENS_CALLED, generate 1 tokens, offset=288576482864 ns
        ON_TOKENS_RETURNED, offset=288576484734 ns
        ON_TOKENS_CALLED, generate 1 tokens, offset=289850573861 ns
        ON_TOKENS_RETURNED, offset=289850575878 ns
        ON_TOKENS_CALLED, generate 1 tokens, offset=291150365073 ns
        ON_TOKENS_RETURNED, offset=291150366033 ns
        ON_TOKENS_CALLED, generate 1 tokens, offset=292458710632 ns
        ON_TOKENS_RETURNED, offset=292458713771 ns
        ON_TOKENS_CALLED, generate 1 tokens, offset=293443295553 ns
        ON_TOKENS_RETURNED, offset=293443296564 ns
        ON_TOKENS_CALLED, generate 1 tokens, offset=294452593083 ns
        ON_TOKENS_RETURNED, offset=294452595187 ns
        ON_TOKENS_CALLED, generate 1 tokens, offset=295476159674 ns
        ON_TOKENS_RETURNED, offset=295476161065 ns
        ON_TOKENS_CALLED, generate 1 tokens, offset=296520743209 ns
        ON_TOKENS_RETURNED, offset=296520749257 ns
        ON_TOKENS_CALLED, generate 1 tokens, offset=297576004456 ns
        ON_TOKENS_RETURNED, offset=297576005772 ns
        ON_TOKENS_CALLED, generate 1 tokens, offset=298653670519 ns
        ON_TOKENS_RETURNED, offset=298653672713 ns
        ON_TOKENS_CALLED, generate 1 tokens, offset=299745609408 ns
        ON_TOKENS_RETURNED, offset=299745611929 ns
        ON_TOKENS_CALLED, generate 1 tokens, offset=300857929047 ns
        ON_TOKENS_RETURNED, offset=300857929765 ns
        ON_TOKENS_CALLED, generate 1 tokens, offset=301863030145 ns
        ON_TOKENS_RETURNED, offset=301863031704 ns
        ON_TOKENS_CALLED, generate 1 tokens, offset=302892794399 ns
        ON_TOKENS_RETURNED, offset=302892795922 ns
        ON_TOKENS_CALLED, generate 1 tokens, offset=303935373649 ns
        ON_TOKENS_RETURNED, offset=303935374890 ns
        ON_TOKENS_CALLED, generate 1 tokens, offset=304990168046 ns
        ON_TOKENS_RETURNED, offset=304990171337 ns
        ON_TOKENS_CALLED, generate 1 tokens, offset=306057814946 ns
        ON_TOKENS_RETURNED, offset=306057816294 ns
        ON_TOKENS_CALLED, generate 1 tokens, offset=307147270253 ns
        ON_TOKENS_RETURNED, offset=307147271335 ns
        ON_TOKENS_CALLED, generate 1 tokens, offset=308249031078 ns
        ON_TOKENS_RETURNED, offset=308249032355 ns
        ON_TOKENS_CALLED, generate 1 tokens, offset=309354961432 ns
        ON_TOKENS_RETURNED, offset=309354963635 ns
        ON_TOKENS_CALLED, generate 1 tokens, offset=310474565499 ns
        ON_TOKENS_RETURNED, offset=310474566394 ns
        ON_TOKENS_CALLED, generate 1 tokens, offset=311626449153 ns
        ON_TOKENS_RETURNED, offset=311626451121 ns
        ON_TOKENS_CALLED, generate 1 tokens, offset=312788708383 ns
        ON_TOKENS_RETURNED, offset=312788709468 ns
        ON_TOKENS_CALLED, generate 1 tokens, offset=313982120451 ns
        ON_TOKENS_RETURNED, offset=313982121896 ns
        ON_TOKENS_CALLED, generate 1 tokens, offset=315035586440 ns
        ON_TOKENS_RETURNED, offset=315035587995 ns
        ON_TOKENS_CALLED, generate 1 tokens, offset=316130955781 ns
        ON_TOKENS_RETURNED, offset=316130958738 ns
        ON_TOKENS_CALLED, generate 1 tokens, offset=317239841577 ns
        ON_TOKENS_RETURNED, offset=317239843380 ns
        ON_TOKENS_CALLED, generate 1 tokens, offset=318374780891 ns
        ON_TOKENS_RETURNED, offset=318374783074 ns
        ON_TOKENS_CALLED, generate 1 tokens, offset=319520696018 ns
        ON_TOKENS_RETURNED, offset=319520699237 ns
        ON_TOKENS_CALLED, generate 1 tokens, offset=320692809570 ns
        ON_TOKENS_RETURNED, offset=320692810548 ns
        ON_TOKENS_CALLED, generate 1 tokens, offset=321872285858 ns
        ON_TOKENS_RETURNED, offset=321872287510 ns
        ON_TOKENS_CALLED, generate 1 tokens, offset=323079140943 ns
        ON_TOKENS_RETURNED, offset=323079144634 ns
        ON_TOKENS_CALLED, generate 1 tokens, offset=324293533159 ns
        ON_TOKENS_RETURNED, offset=324293534538 ns
        ON_TOKENS_CALLED, generate 1 tokens, offset=325544002116 ns
        ON_TOKENS_RETURNED, offset=325544003687 ns
        ON_TOKENS_CALLED, generate 1 tokens, offset=326804706267 ns
        ON_TOKENS_RETURNED, offset=326804708522 ns
        ON_TOKENS_CALLED, generate 1 tokens, offset=328095217911 ns
        ON_TOKENS_RETURNED, offset=328095219684 ns
        ON_TOKENS_CALLED, generate 1 tokens, offset=329373139720 ns
        ON_TOKENS_RETURNED, offset=329373142275 ns
        ON_TOKENS_CALLED, generate 1 tokens, offset=330550581689 ns
        ON_TOKENS_RETURNED, offset=330550583834 ns
        ON_TOKENS_CALLED, generate 1 tokens, offset=331743019200 ns
        ON_TOKENS_RETURNED, offset=331743019870 ns
        ON_TOKENS_CALLED, generate 1 tokens, offset=332956738243 ns
        ON_TOKENS_RETURNED, offset=332956739949 ns
        ON_TOKENS_CALLED, generate 1 tokens, offset=334188756619 ns
        ON_TOKENS_RETURNED, offset=334188758241 ns
        ON_TOKENS_CALLED, generate 1 tokens, offset=335439846069 ns
        ON_TOKENS_RETURNED, offset=335439847724 ns
        ON_TOKENS_CALLED, generate 1 tokens, offset=336702595419 ns
        ON_TOKENS_RETURNED, offset=336702596775 ns
        ON_TOKENS_CALLED, generate 1 tokens, offset=337996856065 ns
        ON_TOKENS_RETURNED, offset=337996858656 ns
        ON_TOKENS_CALLED, generate 1 tokens, offset=339302357108 ns
        ON_TOKENS_RETURNED, offset=339302358243 ns
        ON_TOKENS_CALLED, generate 1 tokens, offset=340642677931 ns
        ON_TOKENS_RETURNED, offset=340642679086 ns
        ON_TOKENS_CALLED, generate 1 tokens, offset=341986151164 ns
        ON_TOKENS_RETURNED, offset=341986152169 ns
        ON_TOKENS_CALLED, generate 1 tokens, offset=343369034011 ns
        ON_TOKENS_RETURNED, offset=343369035467 ns
        ON_TOKENS_CALLED, generate 1 tokens, offset=344585911027 ns
        ON_TOKENS_RETURNED, offset=344585914164 ns
        ON_TOKENS_CALLED, generate 1 tokens, offset=345847101760 ns
        ON_TOKENS_RETURNED, offset=345847103515 ns
        ON_TOKENS_CALLED, generate 1 tokens, offset=347122283106 ns
        ON_TOKENS_RETURNED, offset=347122284647 ns
        ON_TOKENS_CALLED, generate 1 tokens, offset=348411403251 ns
        ON_TOKENS_RETURNED, offset=348411405547 ns
        ON_TOKENS_CALLED, generate 1 tokens, offset=349711924862 ns
        ON_TOKENS_RETURNED, offset=349711927301 ns
        ON_TOKENS_CALLED, generate 1 tokens, offset=351044689491 ns
        ON_TOKENS_RETURNED, offset=351044691656 ns
        ON_TOKENS_CALLED, generate 1 tokens, offset=352388991012 ns
        ON_TOKENS_RETURNED, offset=352388993309 ns
        ON_TOKENS_CALLED, generate 1 tokens, offset=353767670747 ns
        ON_TOKENS_RETURNED, offset=353767672409 ns
        ON_TOKENS_CALLED, generate 1 tokens, offset=355028600354 ns
        ON_TOKENS_RETURNED, offset=355028603426 ns
        ON_TOKENS_CALLED, generate 1 tokens, offset=356280674223 ns
        ON_TOKENS_RETURNED, offset=356280677264 ns
        ON_TOKENS_CALLED, generate 1 tokens, offset=357544366548 ns
        ON_TOKENS_RETURNED, offset=357544367893 ns
        ON_TOKENS_CALLED, generate 1 tokens, offset=358834883341 ns
        ON_TOKENS_RETURNED, offset=358834884498 ns
        ON_TOKENS_CALLED, generate 1 tokens, offset=360142079211 ns
        ON_TOKENS_RETURNED, offset=360142081365 ns
        ON_TOKENS_CALLED, generate 1 tokens, offset=361472420746 ns
        ON_TOKENS_RETURNED, offset=361472470527 ns
        ON_TOKENS_CALLED, generate 1 tokens, offset=362674189784 ns
        ON_TOKENS_RETURNED, offset=362674200727 ns
[15:25:48.300633997|thread 2212246|cpu 260] [info ] [Request 37] Parsing the prompt took 373.117535683 s at 21.955548095600385 tokens/s
[15:25:50.454893037|thread 2212237|cpu 260] [info ] [Request 16] Generating 61 response tokens with 8193 context took 73.409090 s at 0.831 average tok/s, or 1203.428 ms/tok
[15:25:50.454928283|thread 2212237|cpu 260] [info ] [Request 16] Request with 8192 tokens in and 64 out (sequence limit) saw 300.857855 s TTFT and 375.272050 s TTLT
[15:25:52.931641818|thread 2214511|cpu 260] [debug] #EVT# HandleDetails::is_anomalous() handle_id=11 time in state STATE_OPENED exceeded threshold: 292458690633 ns
[15:25:52.931694203|thread 2214511|cpu 260] [debug] #EVT#   Handle,    11, Created, 753186596629351, Last, 753554072473693, Prompted,  8191, Generated,    64, Input TPS, 28.01, Output TPS:  0.75, Callbacks,    64, prompt parsing complete, open
[15:25:52.931739034|thread 2214511|cpu 260] [info ] #EVT#   Handle 11 history:
        SESSION_OPEN, prompt 8192 tokens, offset=0 ns
        PROMPT_TOKENS_REUSE, offset=292458689262 ns
        ON_START_CALLED, offset=292458690633 ns
        ON_START_RETURNED, offset=292458744855 ns
        ON_TOKENS_CALLED, generate 1 tokens, offset=292458749973 ns
        ON_TOKENS_RETURNED, offset=292458752075 ns
        ON_TOKENS_CALLED, generate 1 tokens, offset=293443277118 ns
        ON_TOKENS_RETURNED, offset=293443278660 ns
        ON_TOKENS_CALLED, generate 1 tokens, offset=294452573530 ns
        ON_TOKENS_RETURNED, offset=294452575398 ns
        ON_TOKENS_CALLED, generate 1 tokens, offset=295476138223 ns
        ON_TOKENS_RETURNED, offset=295476139120 ns
        ON_TOKENS_CALLED, generate 1 tokens, offset=296520724923 ns
        ON_TOKENS_RETURNED, offset=296520726715 ns
        ON_TOKENS_CALLED, generate 1 tokens, offset=297575984038 ns
        ON_TOKENS_RETURNED, offset=297575985686 ns
        ON_TOKENS_CALLED, generate 1 tokens, offset=298653651354 ns
        ON_TOKENS_RETURNED, offset=298653652034 ns
        ON_TOKENS_CALLED, generate 1 tokens, offset=299745592680 ns
        ON_TOKENS_RETURNED, offset=299745593771 ns
        ON_TOKENS_CALLED, generate 1 tokens, offset=300857912008 ns
        ON_TOKENS_RETURNED, offset=300857927813 ns
        ON_TOKENS_CALLED, generate 1 tokens, offset=301863008822 ns
        ON_TOKENS_RETURNED, offset=301863011085 ns
        ON_TOKENS_CALLED, generate 1 tokens, offset=302892776561 ns
        ON_TOKENS_RETURNED, offset=302892777552 ns
        ON_TOKENS_CALLED, generate 1 tokens, offset=303935354599 ns
        ON_TOKENS_RETURNED, offset=303935355652 ns
        ON_TOKENS_CALLED, generate 1 tokens, offset=304990140877 ns
        ON_TOKENS_RETURNED, offset=304990141700 ns
        ON_TOKENS_CALLED, generate 1 tokens, offset=306057798091 ns
        ON_TOKENS_RETURNED, offset=306057798721 ns
        ON_TOKENS_CALLED, generate 1 tokens, offset=307147251277 ns
        ON_TOKENS_RETURNED, offset=307147252631 ns
        ON_TOKENS_CALLED, generate 1 tokens, offset=308249011591 ns
        ON_TOKENS_RETURNED, offset=308249012397 ns
        ON_TOKENS_CALLED, generate 1 tokens, offset=309354951716 ns
        ON_TOKENS_RETURNED, offset=309354973758 ns
        ON_TOKENS_CALLED, generate 1 tokens, offset=310474542206 ns
        ON_TOKENS_RETURNED, offset=310474542993 ns
        ON_TOKENS_CALLED, generate 1 tokens, offset=311626428522 ns
        ON_TOKENS_RETURNED, offset=311626430060 ns
        ON_TOKENS_CALLED, generate 1 tokens, offset=312788690172 ns
        ON_TOKENS_RETURNED, offset=312788691246 ns
        ON_TOKENS_CALLED, generate 1 tokens, offset=313982104216 ns
        ON_TOKENS_RETURNED, offset=313982106311 ns
        ON_TOKENS_CALLED, generate 1 tokens, offset=315035534947 ns
        ON_TOKENS_RETURNED, offset=315035536708 ns
        ON_TOKENS_CALLED, generate 1 tokens, offset=316130938266 ns
        ON_TOKENS_RETURNED, offset=316130940393 ns
        ON_TOKENS_CALLED, generate 1 tokens, offset=317239829193 ns
        ON_TOKENS_RETURNED, offset=317239830089 ns
        ON_TOKENS_CALLED, generate 1 tokens, offset=318374769081 ns
        ON_TOKENS_RETURNED, offset=318374769957 ns
        ON_TOKENS_CALLED, generate 1 tokens, offset=319520676837 ns
        ON_TOKENS_RETURNED, offset=319520679104 ns
        ON_TOKENS_CALLED, generate 1 tokens, offset=320692794702 ns
        ON_TOKENS_RETURNED, offset=320692795535 ns
        ON_TOKENS_CALLED, generate 1 tokens, offset=321872266403 ns
        ON_TOKENS_RETURNED, offset=321872267838 ns
        ON_TOKENS_CALLED, generate 1 tokens, offset=323079122201 ns
        ON_TOKENS_RETURNED, offset=323079123569 ns
        ON_TOKENS_CALLED, generate 1 tokens, offset=324293513841 ns
        ON_TOKENS_RETURNED, offset=324293515175 ns
        ON_TOKENS_CALLED, generate 1 tokens, offset=325543988147 ns
        ON_TOKENS_RETURNED, offset=325543989824 ns
        ON_TOKENS_CALLED, generate 1 tokens, offset=326804687726 ns
        ON_TOKENS_RETURNED, offset=326804690231 ns
        ON_TOKENS_CALLED, generate 1 tokens, offset=328095196450 ns
        ON_TOKENS_RETURNED, offset=328095200638 ns
        ON_TOKENS_CALLED, generate 1 tokens, offset=329373125648 ns
        ON_TOKENS_RETURNED, offset=329373126919 ns
        ON_TOKENS_CALLED, generate 1 tokens, offset=330550568241 ns
        ON_TOKENS_RETURNED, offset=330550569629 ns
        ON_TOKENS_CALLED, generate 1 tokens, offset=331742991216 ns
        ON_TOKENS_RETURNED, offset=331742992435 ns
        ON_TOKENS_CALLED, generate 1 tokens, offset=332956718977 ns
        ON_TOKENS_RETURNED, offset=332956721318 ns
        ON_TOKENS_CALLED, generate 1 tokens, offset=334188745455 ns
        ON_TOKENS_RETURNED, offset=334188746715 ns
        ON_TOKENS_CALLED, generate 1 tokens, offset=335439820420 ns
        ON_TOKENS_RETURNED, offset=335439823195 ns
        ON_TOKENS_CALLED, generate 1 tokens, offset=336702576351 ns
        ON_TOKENS_RETURNED, offset=336702577517 ns
        ON_TOKENS_CALLED, generate 1 tokens, offset=337996842485 ns
        ON_TOKENS_RETURNED, offset=337996844964 ns
        ON_TOKENS_CALLED, generate 1 tokens, offset=339302339485 ns
        ON_TOKENS_RETURNED, offset=339302340414 ns
        ON_TOKENS_CALLED, generate 1 tokens, offset=340642629597 ns
        ON_TOKENS_RETURNED, offset=340642630835 ns
        ON_TOKENS_CALLED, generate 1 tokens, offset=341986138762 ns
        ON_TOKENS_RETURNED, offset=341986139749 ns
        ON_TOKENS_CALLED, generate 1 tokens, offset=343369005438 ns
        ON_TOKENS_RETURNED, offset=343369008346 ns
        ON_TOKENS_CALLED, generate 1 tokens, offset=344585893851 ns
        ON_TOKENS_RETURNED, offset=344585895391 ns
        ON_TOKENS_CALLED, generate 1 tokens, offset=345847080916 ns
        ON_TOKENS_RETURNED, offset=345847081907 ns
        ON_TOKENS_CALLED, generate 1 tokens, offset=347122267898 ns
        ON_TOKENS_RETURNED, offset=347122270147 ns
        ON_TOKENS_CALLED, generate 1 tokens, offset=348411385184 ns
        ON_TOKENS_RETURNED, offset=348411387056 ns
        ON_TOKENS_CALLED, generate 1 tokens, offset=349711912624 ns
        ON_TOKENS_RETURNED, offset=349711913737 ns
        ON_TOKENS_CALLED, generate 1 tokens, offset=351044671087 ns
        ON_TOKENS_RETURNED, offset=351044672378 ns
        ON_TOKENS_CALLED, generate 1 tokens, offset=352388969203 ns
        ON_TOKENS_RETURNED, offset=352388970407 ns
        ON_TOKENS_CALLED, generate 1 tokens, offset=353767653496 ns
        ON_TOKENS_RETURNED, offset=353767654785 ns
        ON_TOKENS_CALLED, generate 1 tokens, offset=355028581758 ns
        ON_TOKENS_RETURNED, offset=355028582461 ns
        ON_TOKENS_CALLED, generate 1 tokens, offset=356280654581 ns
        ON_TOKENS_RETURNED, offset=356280656653 ns
        ON_TOKENS_CALLED, generate 1 tokens, offset=357544344946 ns
        ON_TOKENS_RETURNED, offset=357544346269 ns
        ON_TOKENS_CALLED, generate 1 tokens, offset=358834869306 ns
        ON_TOKENS_RETURNED, offset=358834871549 ns
        ON_TOKENS_CALLED, generate 1 tokens, offset=360142058341 ns
        ON_TOKENS_RETURNED, offset=360142059689 ns
        ON_TOKENS_CALLED, generate 1 tokens, offset=361472401997 ns
        ON_TOKENS_RETURNED, offset=361472403512 ns
        ON_TOKENS_CALLED, generate 1 tokens, offset=362674170651 ns
        ON_TOKENS_RETURNED, offset=362674172555 ns
        ON_TOKENS_CALLED, generate 1 tokens, offset=363884271217 ns
        ON_TOKENS_RETURNED, offset=363884271968 ns
        ON_TOKENS_CALLED, generate 1 tokens, offset=365102316836 ns
        ON_TOKENS_RETURNED, offset=365102318419 ns
        ON_TOKENS_CALLED, generate 1 tokens, offset=366352002714 ns
        ON_TOKENS_RETURNED, offset=366352065508 ns
        ON_TOKENS_CALLED, generate 1 tokens, offset=367475838142 ns
        ON_TOKENS_RETURNED, offset=367475844342 ns
[15:25:52.931756514|thread 2214511|cpu 260] [debug] #EVT# HandleDetails::is_anomalous() handle_id=10 time in state STATE_OPENED exceeded threshold: 292458699130 ns
[15:25:52.931760430|thread 2214511|cpu 260] [debug] #EVT#   Handle,    10, Created, 753186596618568, Last, 753554072472987, Prompted,  8192, Generated,    64, Input TPS, 28.01, Output TPS:  0.75, Callbacks,    64, prompt parsing complete, open
[15:25:52.931776557|thread 2214511|cpu 260] [info ] #EVT#   Handle 10 history:
        SESSION_OPEN, prompt 8192 tokens, offset=0 ns
        PROMPT_TOKENS_REUSE, offset=292458697443 ns
        ON_START_CALLED, offset=292458699130 ns
        ON_START_RETURNED, offset=292458727641 ns
        ON_TOKENS_CALLED, generate 1 tokens, offset=292458731596 ns
        ON_TOKENS_RETURNED, offset=292458732599 ns
        ON_TOKENS_CALLED, generate 1 tokens, offset=293443286288 ns
        ON_TOKENS_RETURNED, offset=293443289295 ns
        ON_TOKENS_CALLED, generate 1 tokens, offset=294452585317 ns
        ON_TOKENS_RETURNED, offset=294452586816 ns
        ON_TOKENS_CALLED, generate 1 tokens, offset=295476150608 ns
        ON_TOKENS_RETURNED, offset=295476151728 ns
        ON_TOKENS_CALLED, generate 1 tokens, offset=296520732278 ns
        ON_TOKENS_RETURNED, offset=296520735636 ns
        ON_TOKENS_CALLED, generate 1 tokens, offset=297575993736 ns
        ON_TOKENS_RETURNED, offset=297575996417 ns
        ON_TOKENS_CALLED, generate 1 tokens, offset=298653661015 ns
        ON_TOKENS_RETURNED, offset=298653662233 ns
        ON_TOKENS_CALLED, generate 1 tokens, offset=299745602755 ns
        ON_TOKENS_RETURNED, offset=299745604205 ns
        ON_TOKENS_CALLED, generate 1 tokens, offset=300857925348 ns
        ON_TOKENS_RETURNED, offset=300857929872 ns
        ON_TOKENS_CALLED, generate 1 tokens, offset=301863020007 ns
        ON_TOKENS_RETURNED, offset=301863021012 ns
        ON_TOKENS_CALLED, generate 1 tokens, offset=302892782199 ns
        ON_TOKENS_RETURNED, offset=302892783001 ns
        ON_TOKENS_CALLED, generate 1 tokens, offset=303935370223 ns
        ON_TOKENS_RETURNED, offset=303935371352 ns
        ON_TOKENS_CALLED, generate 1 tokens, offset=304990152129 ns
        ON_TOKENS_RETURNED, offset=304990153597 ns
        ON_TOKENS_CALLED, generate 1 tokens, offset=306057804315 ns
        ON_TOKENS_RETURNED, offset=306057805551 ns
        ON_TOKENS_CALLED, generate 1 tokens, offset=307147261061 ns
        ON_TOKENS_RETURNED, offset=307147262184 ns
        ON_TOKENS_CALLED, generate 1 tokens, offset=308249025667 ns
        ON_TOKENS_RETURNED, offset=308249026964 ns
        ON_TOKENS_CALLED, generate 1 tokens, offset=309354952826 ns
        ON_TOKENS_RETURNED, offset=309354955247 ns
        ON_TOKENS_CALLED, generate 1 tokens, offset=310474547831 ns
        ON_TOKENS_RETURNED, offset=310474549060 ns
        ON_TOKENS_CALLED, generate 1 tokens, offset=311626442304 ns
        ON_TOKENS_RETURNED, offset=311626443364 ns
        ON_TOKENS_CALLED, generate 1 tokens, offset=312788695537 ns
        ON_TOKENS_RETURNED, offset=312788697280 ns
        ON_TOKENS_CALLED, generate 1 tokens, offset=313982112834 ns
        ON_TOKENS_RETURNED, offset=313982114647 ns
        ON_TOKENS_CALLED, generate 1 tokens, offset=315035544329 ns
        ON_TOKENS_RETURNED, offset=315035546003 ns
        ON_TOKENS_CALLED, generate 1 tokens, offset=316130946562 ns
        ON_TOKENS_RETURNED, offset=316130949498 ns
        ON_TOKENS_CALLED, generate 1 tokens, offset=317239830340 ns
        ON_TOKENS_RETURNED, offset=317239831580 ns
        ON_TOKENS_CALLED, generate 1 tokens, offset=318374778454 ns
        ON_TOKENS_RETURNED, offset=318374780138 ns
        ON_TOKENS_CALLED, generate 1 tokens, offset=319520685300 ns
        ON_TOKENS_RETURNED, offset=319520686530 ns
        ON_TOKENS_CALLED, generate 1 tokens, offset=320692800930 ns
        ON_TOKENS_RETURNED, offset=320692802070 ns
        ON_TOKENS_CALLED, generate 1 tokens, offset=321872281122 ns
        ON_TOKENS_RETURNED, offset=321872283358 ns
        ON_TOKENS_CALLED, generate 1 tokens, offset=323079132073 ns
        ON_TOKENS_RETURNED, offset=323079133140 ns
        ON_TOKENS_CALLED, generate 1 tokens, offset=324293523622 ns
        ON_TOKENS_RETURNED, offset=324293524828 ns
        ON_TOKENS_CALLED, generate 1 tokens, offset=325543994556 ns
        ON_TOKENS_RETURNED, offset=325543995741 ns
        ON_TOKENS_CALLED, generate 1 tokens, offset=326804698401 ns
        ON_TOKENS_RETURNED, offset=326804701081 ns
        ON_TOKENS_CALLED, generate 1 tokens, offset=328095208031 ns
        ON_TOKENS_RETURNED, offset=328095211041 ns
        ON_TOKENS_CALLED, generate 1 tokens, offset=329373135699 ns
        ON_TOKENS_RETURNED, offset=329373136642 ns
        ON_TOKENS_CALLED, generate 1 tokens, offset=330550571726 ns
        ON_TOKENS_RETURNED, offset=330550574033 ns
        ON_TOKENS_CALLED, generate 1 tokens, offset=331742995914 ns
        ON_TOKENS_RETURNED, offset=331742996752 ns
        ON_TOKENS_CALLED, generate 1 tokens, offset=332956732460 ns
        ON_TOKENS_RETURNED, offset=332956734874 ns
        ON_TOKENS_CALLED, generate 1 tokens, offset=334188745927 ns
        ON_TOKENS_RETURNED, offset=334188747892 ns
        ON_TOKENS_CALLED, generate 1 tokens, offset=335439831084 ns
        ON_TOKENS_RETURNED, offset=335439833025 ns
        ON_TOKENS_CALLED, generate 1 tokens, offset=336702586261 ns
        ON_TOKENS_RETURNED, offset=336702587624 ns
        ON_TOKENS_CALLED, generate 1 tokens, offset=337996856748 ns
        ON_TOKENS_RETURNED, offset=337996858477 ns
        ON_TOKENS_CALLED, generate 1 tokens, offset=339302349100 ns
        ON_TOKENS_RETURNED, offset=339302351095 ns
        ON_TOKENS_CALLED, generate 1 tokens, offset=340642654809 ns
        ON_TOKENS_RETURNED, offset=340642656177 ns
        ON_TOKENS_CALLED, generate 1 tokens, offset=341986142219 ns
        ON_TOKENS_RETURNED, offset=341986144845 ns
        ON_TOKENS_CALLED, generate 1 tokens, offset=343369013481 ns
        ON_TOKENS_RETURNED, offset=343369015930 ns
        ON_TOKENS_CALLED, generate 1 tokens, offset=344585903900 ns
        ON_TOKENS_RETURNED, offset=344585905028 ns
        ON_TOKENS_CALLED, generate 1 tokens, offset=345847088669 ns
        ON_TOKENS_RETURNED, offset=345847090546 ns
        ON_TOKENS_CALLED, generate 1 tokens, offset=347122273437 ns
        ON_TOKENS_RETURNED, offset=347122275144 ns
        ON_TOKENS_CALLED, generate 1 tokens, offset=348411395368 ns
        ON_TOKENS_RETURNED, offset=348411396935 ns
        ON_TOKENS_CALLED, generate 1 tokens, offset=349711917480 ns
        ON_TOKENS_RETURNED, offset=349711919761 ns
        ON_TOKENS_CALLED, generate 1 tokens, offset=351044689611 ns
        ON_TOKENS_RETURNED, offset=351044691165 ns
        ON_TOKENS_CALLED, generate 1 tokens, offset=352388978880 ns
        ON_TOKENS_RETURNED, offset=352388981920 ns
        ON_TOKENS_CALLED, generate 1 tokens, offset=353767661660 ns
        ON_TOKENS_RETURNED, offset=353767663151 ns
        ON_TOKENS_CALLED, generate 1 tokens, offset=355028591465 ns
        ON_TOKENS_RETURNED, offset=355028593130 ns
        ON_TOKENS_CALLED, generate 1 tokens, offset=356280666758 ns
        ON_TOKENS_RETURNED, offset=356280667998 ns
        ON_TOKENS_CALLED, generate 1 tokens, offset=357544362657 ns
        ON_TOKENS_RETURNED, offset=357544364420 ns
        ON_TOKENS_CALLED, generate 1 tokens, offset=358834889761 ns
        ON_TOKENS_RETURNED, offset=358834890650 ns
        ON_TOKENS_CALLED, generate 1 tokens, offset=360142067923 ns
        ON_TOKENS_RETURNED, offset=360142069911 ns
        ON_TOKENS_CALLED, generate 1 tokens, offset=361472410906 ns
        ON_TOKENS_RETURNED, offset=361472413064 ns
        ON_TOKENS_CALLED, generate 1 tokens, offset=362674178414 ns
        ON_TOKENS_RETURNED, offset=362674181069 ns
        ON_TOKENS_CALLED, generate 1 tokens, offset=363884280278 ns
        ON_TOKENS_RETURNED, offset=363884281905 ns
        ON_TOKENS_CALLED, generate 1 tokens, offset=365102328429 ns
        ON_TOKENS_RETURNED, offset=365102330180 ns
        ON_TOKENS_CALLED, generate 1 tokens, offset=366352023355 ns
        ON_TOKENS_RETURNED, offset=366352079753 ns
        ON_TOKENS_CALLED, generate 1 tokens, offset=367475842692 ns
        ON_TOKENS_RETURNED, offset=367475854419 ns
[15:25:56.012668876|thread 2214510|cpu 260] [info ] KV cache footprint: 54.98 GB in 253 books
[15:25:57.183301935|thread 2212246|cpu 260] [info ] [Request 38] Parsing the prompt took 382.000191532 s at 21.445015425636928 tokens/s
[15:26:01.663940743|thread 2214511|cpu 260] [debug] #EVT# HandleDetails::is_anomalous() handle_id=16 time in state STATE_OPENED exceeded threshold: 300857848534 ns
[15:26:01.663986101|thread 2214511|cpu 260] [debug] #EVT#   Handle,    16, Created, 753186596687211, Last, 753562957233591, Prompted,  8191, Generated,    64, Input TPS, 27.23, Output TPS:  0.75, Callbacks,    64, prompt parsing complete, open
[15:26:01.664024944|thread 2214511|cpu 260] [info ] #EVT#   Handle 16 history:
        SESSION_OPEN, prompt 8192 tokens, offset=0 ns
        PROMPT_TOKENS_REUSE, offset=300857846613 ns
        ON_START_CALLED, offset=300857848534 ns
        ON_START_RETURNED, offset=300857884382 ns
        ON_TOKENS_CALLED, generate 1 tokens, offset=300857888603 ns
        ON_TOKENS_RETURNED, offset=300857889424 ns
        ON_TOKENS_CALLED, generate 1 tokens, offset=301862953178 ns
        ON_TOKENS_RETURNED, offset=301862956700 ns
        ON_TOKENS_CALLED, generate 1 tokens, offset=302892723865 ns
        ON_TOKENS_RETURNED, offset=302892725284 ns
        ON_TOKENS_CALLED, generate 1 tokens, offset=303935299576 ns
        ON_TOKENS_RETURNED, offset=303935301779 ns
        ON_TOKENS_CALLED, generate 1 tokens, offset=304990080215 ns
        ON_TOKENS_RETURNED, offset=304990082797 ns
        ON_TOKENS_CALLED, generate 1 tokens, offset=306057742464 ns
        ON_TOKENS_RETURNED, offset=306057743933 ns
        ON_TOKENS_CALLED, generate 1 tokens, offset=307147196776 ns
        ON_TOKENS_RETURNED, offset=307147198902 ns
        ON_TOKENS_CALLED, generate 1 tokens, offset=308248954900 ns
        ON_TOKENS_RETURNED, offset=308248956606 ns
        ON_TOKENS_CALLED, generate 1 tokens, offset=309354886216 ns
        ON_TOKENS_RETURNED, offset=309354888740 ns
        ON_TOKENS_CALLED, generate 1 tokens, offset=310474480903 ns
        ON_TOKENS_RETURNED, offset=310474481740 ns
        ON_TOKENS_CALLED, generate 1 tokens, offset=311626372301 ns
        ON_TOKENS_RETURNED, offset=311626373153 ns
        ON_TOKENS_CALLED, generate 1 tokens, offset=312788628157 ns
        ON_TOKENS_RETURNED, offset=312788629307 ns
        ON_TOKENS_CALLED, generate 1 tokens, offset=313982046542 ns
        ON_TOKENS_RETURNED, offset=313982047451 ns
        ON_TOKENS_CALLED, generate 1 tokens, offset=315035482691 ns
        ON_TOKENS_RETURNED, offset=315035483398 ns
        ON_TOKENS_CALLED, generate 1 tokens, offset=316130881786 ns
        ON_TOKENS_RETURNED, offset=316130882812 ns
        ON_TOKENS_CALLED, generate 1 tokens, offset=317239765870 ns
        ON_TOKENS_RETURNED, offset=317239766981 ns
        ON_TOKENS_CALLED, generate 1 tokens, offset=318374707615 ns
        ON_TOKENS_RETURNED, offset=318374710416 ns
        ON_TOKENS_CALLED, generate 1 tokens, offset=319520623298 ns
        ON_TOKENS_RETURNED, offset=319520625295 ns
        ON_TOKENS_CALLED, generate 1 tokens, offset=320692735091 ns
        ON_TOKENS_RETURNED, offset=320692737255 ns
        ON_TOKENS_CALLED, generate 1 tokens, offset=321872210420 ns
        ON_TOKENS_RETURNED, offset=321872211323 ns
        ON_TOKENS_CALLED, generate 1 tokens, offset=323079066780 ns
        ON_TOKENS_RETURNED, offset=323079069154 ns
        ON_TOKENS_CALLED, generate 1 tokens, offset=324293457421 ns
        ON_TOKENS_RETURNED, offset=324293458490 ns
        ON_TOKENS_CALLED, generate 1 tokens, offset=325543928448 ns
        ON_TOKENS_RETURNED, offset=325543929475 ns
        ON_TOKENS_CALLED, generate 1 tokens, offset=326804636957 ns
        ON_TOKENS_RETURNED, offset=326804637807 ns
        ON_TOKENS_CALLED, generate 1 tokens, offset=328095140185 ns
        ON_TOKENS_RETURNED, offset=328095140925 ns
        ON_TOKENS_CALLED, generate 1 tokens, offset=329373070217 ns
        ON_TOKENS_RETURNED, offset=329373071268 ns
        ON_TOKENS_CALLED, generate 1 tokens, offset=330550506345 ns
        ON_TOKENS_RETURNED, offset=330550508428 ns
        ON_TOKENS_CALLED, generate 1 tokens, offset=331742934084 ns
        ON_TOKENS_RETURNED, offset=331742935077 ns
        ON_TOKENS_CALLED, generate 1 tokens, offset=332956668988 ns
        ON_TOKENS_RETURNED, offset=332956670103 ns
        ON_TOKENS_CALLED, generate 1 tokens, offset=334188680653 ns
        ON_TOKENS_RETURNED, offset=334188683208 ns
        ON_TOKENS_CALLED, generate 1 tokens, offset=335439766343 ns
        ON_TOKENS_RETURNED, offset=335439768191 ns
        ON_TOKENS_CALLED, generate 1 tokens, offset=336702520805 ns
        ON_TOKENS_RETURNED, offset=336702522419 ns
        ON_TOKENS_CALLED, generate 1 tokens, offset=337996786915 ns
        ON_TOKENS_RETURNED, offset=337996789761 ns
        ON_TOKENS_CALLED, generate 1 tokens, offset=339302282256 ns
        ON_TOKENS_RETURNED, offset=339302283883 ns
        ON_TOKENS_CALLED, generate 1 tokens, offset=340642580828 ns
        ON_TOKENS_RETURNED, offset=340642581914 ns
        ON_TOKENS_CALLED, generate 1 tokens, offset=341986077191 ns
        ON_TOKENS_RETURNED, offset=341986078326 ns
        ON_TOKENS_CALLED, generate 1 tokens, offset=343368956065 ns
        ON_TOKENS_RETURNED, offset=343368957486 ns
        ON_TOKENS_CALLED, generate 1 tokens, offset=344585837161 ns
        ON_TOKENS_RETURNED, offset=344585838686 ns
        ON_TOKENS_CALLED, generate 1 tokens, offset=345847023978 ns
        ON_TOKENS_RETURNED, offset=345847025137 ns
        ON_TOKENS_CALLED, generate 1 tokens, offset=347122210395 ns
        ON_TOKENS_RETURNED, offset=347122213318 ns
        ON_TOKENS_CALLED, generate 1 tokens, offset=348411328514 ns
        ON_TOKENS_RETURNED, offset=348411330666 ns
        ON_TOKENS_CALLED, generate 1 tokens, offset=349711850870 ns
        ON_TOKENS_RETURNED, offset=349711851975 ns
        ON_TOKENS_CALLED, generate 1 tokens, offset=351044630305 ns
        ON_TOKENS_RETURNED, offset=351044631576 ns
        ON_TOKENS_CALLED, generate 1 tokens, offset=352388911915 ns
        ON_TOKENS_RETURNED, offset=352388914703 ns
        ON_TOKENS_CALLED, generate 1 tokens, offset=353767597620 ns
        ON_TOKENS_RETURNED, offset=353767599567 ns
        ON_TOKENS_CALLED, generate 1 tokens, offset=355028526211 ns
        ON_TOKENS_RETURNED, offset=355028527390 ns
        ON_TOKENS_CALLED, generate 1 tokens, offset=356280601274 ns
        ON_TOKENS_RETURNED, offset=356280602294 ns
        ON_TOKENS_CALLED, generate 1 tokens, offset=357544296427 ns
        ON_TOKENS_RETURNED, offset=357544297981 ns
        ON_TOKENS_CALLED, generate 1 tokens, offset=358834807643 ns
        ON_TOKENS_RETURNED, offset=358834808722 ns
        ON_TOKENS_CALLED, generate 1 tokens, offset=360142003136 ns
        ON_TOKENS_RETURNED, offset=360142004236 ns
        ON_TOKENS_CALLED, generate 1 tokens, offset=361472344808 ns
        ON_TOKENS_RETURNED, offset=361472346563 ns
        ON_TOKENS_CALLED, generate 1 tokens, offset=362674114926 ns
        ON_TOKENS_RETURNED, offset=362674116528 ns
        ON_TOKENS_CALLED, generate 1 tokens, offset=363884214853 ns
        ON_TOKENS_RETURNED, offset=363884216359 ns
        ON_TOKENS_CALLED, generate 1 tokens, offset=365102258467 ns
        ON_TOKENS_RETURNED, offset=365102260667 ns
        ON_TOKENS_CALLED, generate 1 tokens, offset=366351948263 ns
        ON_TOKENS_RETURNED, offset=366351949478 ns
        ON_TOKENS_CALLED, generate 1 tokens, offset=367475778025 ns
        ON_TOKENS_RETURNED, offset=367475780086 ns
        ON_TOKENS_CALLED, generate 1 tokens, offset=368558664992 ns
        ON_TOKENS_RETURNED, offset=368558667662 ns
        ON_TOKENS_CALLED, generate 1 tokens, offset=369669628168 ns
        ON_TOKENS_RETURNED, offset=369669630073 ns
        ON_TOKENS_CALLED, generate 1 tokens, offset=370798406402 ns
        ON_TOKENS_RETURNED, offset=370798409500 ns
        ON_TOKENS_CALLED, generate 1 tokens, offset=371945283791 ns
        ON_TOKENS_RETURNED, offset=371945284986 ns
        ON_TOKENS_CALLED, generate 1 tokens, offset=373117779339 ns
        ON_TOKENS_RETURNED, offset=373117782134 ns
        ON_TOKENS_CALLED, generate 1 tokens, offset=374183494116 ns
        ON_TOKENS_RETURNED, offset=374183495453 ns
        ON_TOKENS_CALLED, generate 1 tokens, offset=375272043583 ns
        ON_TOKENS_RETURNED, offset=375272092106 ns
        ON_TOKENS_CALLED, generate 1 tokens, offset=376360538696 ns
        ON_TOKENS_RETURNED, offset=376360546380 ns
[15:26:02.613674140|thread 2214510|cpu 260] [info ] KV cache footprint: 56.07 GB in 258 books
[15:26:03.758494609|thread 2212237|cpu 260] [info ] [Request 18] Generating 61 response tokens with 8193 context took 73.540151 s at 0.829 average tok/s, or 1205.576 ms/tok
[15:26:03.758537916|thread 2212237|cpu 260] [info ] [Request 18] Request with 8192 tokens in and 64 out (sequence limit) saw 313.982031 s TTFT and 388.575630 s TTLT
[15:26:08.441052257|thread 2212246|cpu 260] [info ] [Request 40] Parsing the prompt took 393.257920577 s at 20.831112538001644 tokens/s
[15:26:13.990296792|thread 2214510|cpu 260] [info ] KV cache footprint: 57.17 GB in 263 books
[15:26:18.779410062|thread 2212237|cpu 260] [info ] [Request 22] Generating 61 response tokens with 8193 context took 73.046045 s at 0.835 average tok/s, or 1197.476 ms/tok
[15:26:18.779445454|thread 2212237|cpu 260] [info ] [Request 22] Request with 8192 tokens in and 64 out (sequence limit) saw 329.373003 s TTFT and 403.596501 s TTLT
[15:26:21.252482291|thread 2212246|cpu 260] [info ] [Request 13] Parsing the prompt took 406.069681135 s at 20.173877490933698 tokens/s
[15:26:23.518080544|thread 2214510|cpu 260] [info ] KV cache footprint: 58.27 GB in 268 books
[15:26:30.761810762|thread 2214510|cpu 260] [info ] KV cache footprint: 59.37 GB in 273 books
[15:26:32.073848909|thread 2212237|cpu 260] [info ] [Request 25] Generating 61 response tokens with 8193 context took 72.305156 s at 0.844 average tok/s, or 1185.330 ms/tok
[15:26:32.073883465|thread 2212237|cpu 260] [info ] [Request 25] Request with 8192 tokens in and 64 out (sequence limit) saw 343.368861 s TTFT and 416.890910 s TTLT
[15:26:33.332432743|thread 2212247|cpu 260] [info ] [Request 17] Parsing the prompt took 418.149581779 s at 19.59107543560722 tokens/s
[15:26:41.616580866|thread 2212237|cpu 260] [info ] [Request 27] Generating 61 response tokens with 8193 context took 71.405194 s at 0.854 average tok/s, or 1170.577 ms/tok
[15:26:41.616611082|thread 2212237|cpu 260] [info ] [Request 27] Request with 8192 tokens in and 64 out (sequence limit) saw 353.767481 s TTFT and 426.433615 s TTLT
[15:26:41.616771422|thread 2214510|cpu 260] [info ] KV cache footprint: 60.47 GB in 278 books
[15:26:42.875612268|thread 2212247|cpu 260] [info ] [Request 24] Parsing the prompt took 427.692683766 s at 19.15393999230069 tokens/s
[15:26:48.253238187|thread 2212237|cpu 260] [info ] [Request 35] Generating 61 response tokens with 8193 context took 70.396267 s at 0.867 average tok/s, or 1154.037 ms/tok
[15:26:48.253280524|thread 2212237|cpu 260] [info ] [Request 35] Request with 8192 tokens in and 64 out (sequence limit) saw 361.472126 s TTFT and 433.070168 s TTLT
[15:26:49.374515599|thread 2212247|cpu 260] [info ] [Request 48] Parsing the prompt took 434.188093471 s at 18.867398998694917 tokens/s
[15:26:51.224929754|thread 2214510|cpu 260] [info ] KV cache footprint: 61.57 GB in 283 books
[15:26:52.162426775|thread 2212237|cpu 260] [info ] [Request 31] Generating 61 response tokens with 8193 context took 69.503787 s at 0.878 average tok/s, or 1139.406 ms/tok
[15:26:52.162453851|thread 2212237|cpu 260] [info ] [Request 31] Request with 8192 tokens in and 64 out (sequence limit) saw 366.351783 s TTFT and 436.979415 s TTLT
[15:26:55.007900516|thread 2212246|cpu 260] [info ] [Request 30] Parsing the prompt took 439.824903006 s at 18.62559383066185 tokens/s
[15:26:57.337094143|thread 2212237|cpu 260] [info ] [Request 37] Generating 61 response tokens with 8193 context took 67.970737 s at 0.897 average tok/s, or 1114.274 ms/tok
[15:26:57.337120549|thread 2212237|cpu 260] [info ] [Request 37] Request with 8192 tokens in and 64 out (sequence limit) saw 373.117536 s TTFT and 442.153994 s TTLT
[15:26:59.693588925|thread 2212246|cpu 260] [info ] [Request 39] Parsing the prompt took 444.510467452 s at 18.42926230052075 tokens/s
[15:27:02.785111087|thread 2212237|cpu 260] [info ] [Request 38] Generating 61 response tokens with 8193 context took 64.559652 s at 0.945 average tok/s, or 1058.355 ms/tok
[15:27:02.785136063|thread 2212237|cpu 260] [info ] [Request 38] Request with 8192 tokens in and 64 out (sequence limit) saw 382.000192 s TTFT and 447.602000 s TTLT
[15:27:02.785256393|thread 2214510|cpu 260] [info ] KV cache footprint: 62.67 GB in 288 books
[15:27:05.298011287|thread 2212246|cpu 260] [info ] [Request 43] Parsing the prompt took 450.111710326 s at 18.199926400641353 tokens/s
[15:27:08.064380112|thread 2212237|cpu 260] [info ] [Request 40] Generating 61 response tokens with 8193 context took 58.551730 s at 1.042 average tok/s, or 959.864 ms/tok
[15:27:08.064409540|thread 2212237|cpu 260] [info ] [Request 40] Request with 8192 tokens in and 64 out (sequence limit) saw 393.257921 s TTFT and 452.881248 s TTLT
[15:27:09.452741994|thread 2212246|cpu 260] [info ] [Request 34] Parsing the prompt took 454.269686871 s at 18.03334062729636 tokens/s
[15:27:11.731901032|thread 2212237|cpu 260] [info ] [Request 13] Generating 61 response tokens with 8193 context took 49.321578 s at 1.237 average tok/s, or 808.550 ms/tok
[15:27:11.731935216|thread 2212237|cpu 260] [info ] [Request 13] Request with 8192 tokens in and 64 out (sequence limit) saw 406.069681 s TTFT and 456.549097 s TTLT
[15:27:12.285807087|thread 2212246|cpu 260] [info ] [Request 46] Parsing the prompt took 457.099460744 s at 17.921701300339 tokens/s
[15:27:12.800489304|thread 2212237|cpu 260] [info ] [Request 17] Generating 61 response tokens with 8193 context took 38.332131 s at 1.591 average tok/s, or 628.396 ms/tok
[15:27:12.800509923|thread 2212237|cpu 260] [info ] [Request 17] Request with 8192 tokens in and 64 out (sequence limit) saw 418.149582 s TTFT and 457.617639 s TTLT
[15:27:13.231660630|thread 2212237|cpu 260] [info ] [Request 24] Generating 61 response tokens with 8193 context took 29.308728 s at 2.081 average tok/s, or 480.471 ms/tok
[15:27:13.231676665|thread 2212237|cpu 260] [info ] [Request 24] Request with 8192 tokens in and 64 out (sequence limit) saw 427.692684 s TTFT and 458.048735 s TTLT
[15:27:13.508930661|thread 2212237|cpu 260] [info ] [Request 48] Generating 61 response tokens with 8193 context took 23.211670 s at 2.628 average tok/s, or 380.519 ms/tok
[15:27:13.508942802|thread 2212237|cpu 260] [info ] [Request 48] Request with 8192 tokens in and 64 out (sequence limit) saw 434.188093 s TTFT and 458.322512 s TTLT
[15:27:13.729121694|thread 2212237|cpu 260] [info ] [Request 30] Generating 61 response tokens with 8193 context took 17.951968 s at 3.398 average tok/s, or 294.295 ms/tok
[15:27:13.729132691|thread 2212237|cpu 260] [info ] [Request 30] Request with 8192 tokens in and 64 out (sequence limit) saw 439.824903 s TTFT and 458.546127 s TTLT
[15:27:13.900813782|thread 2212237|cpu 260] [info ] [Request 39] Generating 61 response tokens with 8193 context took 13.600012 s at 4.485 average tok/s, or 222.951 ms/tok
[15:27:13.900823116|thread 2212237|cpu 260] [info ] [Request 39] Request with 8192 tokens in and 64 out (sequence limit) saw 444.510467 s TTFT and 458.717695 s TTLT
[15:27:14.088969195|thread 2212237|cpu 260] [info ] [Request 43] Generating 61 response tokens with 8193 context took 8.337055 s at 7.317 average tok/s, or 136.673 ms/tok
[15:27:14.088981156|thread 2212237|cpu 260] [info ] [Request 43] Request with 8192 tokens in and 64 out (sequence limit) saw 450.111710 s TTFT and 458.902671 s TTLT
[15:27:14.219575168|thread 2212237|cpu 260] [info ] [Request 34] Generating 61 response tokens with 8193 context took 4.480514 s at 13.615 average tok/s, or 73.451 ms/tok
[15:27:14.219584924|thread 2212237|cpu 260] [info ] [Request 34] Request with 8192 tokens in and 64 out (sequence limit) saw 454.269687 s TTFT and 459.036523 s TTLT
[15:27:14.308609056|thread 2212237|cpu 260] [info ] [Request 46] Generating 61 response tokens with 8193 context took 1.955546 s at 31.193 average tok/s, or 32.058 ms/tok
[15:27:14.308629442|thread 2212237|cpu 260] [info ] [Request 46] Request with 8192 tokens in and 64 out (sequence limit) saw 457.099461 s TTFT and 459.122261 s TTLT
[15:27:14.316991485|thread 2204284|cpu 260] [info ] [Load] type=batch total=48, completed=48, failed=0, wall=459.13s, max in-flight=48, estimated response throughput 6.691 tok/s
[15:27:14.317020025|thread 2204284|cpu 260] [info ] [Iteration 1/1] Processed 396192 new and 48 reused tokens in 459.13 s.  Throughput 862.910 new and 863.015 all tok/s.
[15:27:14.322758766|thread 2204284|cpu 260] [info ] KV cache footprint: 61.57 GB in 283 books
[15:27:14.322772555|thread 2204284|cpu 260] [info ] KV cache footprint: 60.47 GB in 278 books
[15:27:14.322783904|thread 2204284|cpu 260] [info ] KV cache footprint: 59.37 GB in 273 books
[15:27:14.322795158|thread 2204284|cpu 260] [info ] KV cache footprint: 58.27 GB in 268 books
[15:27:14.322809032|thread 2204284|cpu 260] [info ] KV cache footprint: 57.17 GB in 263 books
[15:27:14.322817512|thread 2204284|cpu 260] [info ] KV cache footprint: 56.07 GB in 258 books
[15:27:14.322830312|thread 2204284|cpu 260] [info ] KV cache footprint: 54.98 GB in 253 books
[15:27:14.322840516|thread 2204284|cpu 260] [info ] KV cache footprint: 53.88 GB in 248 books
[15:27:14.322848358|thread 2204284|cpu 260] [info ] KV cache footprint: 52.78 GB in 243 books
[15:27:14.322858779|thread 2204284|cpu 260] [info ] KV cache footprint: 51.68 GB in 238 books
[15:27:14.322868683|thread 2204284|cpu 260] [info ] KV cache footprint: 50.58 GB in 233 books
[15:27:14.361129256|thread 2204284|cpu 260] [info ] KV cache footprint: 49.48 GB in 228 books
[15:27:14.361146747|thread 2204284|cpu 260] [info ] KV cache footprint: 48.38 GB in 223 books
[15:27:14.395334772|thread 2204284|cpu 260] [info ] KV cache footprint: 47.29 GB in 218 books
[15:27:14.395356510|thread 2204284|cpu 260] [info ] KV cache footprint: 46.19 GB in 213 books
[15:27:14.395369632|thread 2204284|cpu 260] [info ] KV cache footprint: 45.09 GB in 208 books
[15:27:14.395419014|thread 2204284|cpu 260] [info ] KV cache footprint: 43.99 GB in 203 books
[15:27:14.395433002|thread 2204284|cpu 260] [info ] KV cache footprint: 42.89 GB in 198 books
[15:27:14.395447132|thread 2204284|cpu 260] [info ] KV cache footprint: 41.79 GB in 193 books
[15:27:14.395463562|thread 2204284|cpu 260] [info ] KV cache footprint: 40.69 GB in 188 books
[15:27:14.395473311|thread 2204284|cpu 260] [info ] KV cache footprint: 39.59 GB in 183 books
[15:27:14.395481783|thread 2204284|cpu 260] [info ] KV cache footprint: 38.50 GB in 178 books
[15:27:14.395496329|thread 2204284|cpu 260] [info ] KV cache footprint: 37.40 GB in 173 books
[15:27:14.395505332|thread 2204284|cpu 260] [info ] KV cache footprint: 36.30 GB in 168 books
[15:27:14.434016266|thread 2204284|cpu 260] [info ] KV cache footprint: 35.20 GB in 163 books
[15:27:14.434039126|thread 2204284|cpu 260] [info ] KV cache footprint: 34.10 GB in 158 books
[15:27:14.434061578|thread 2204284|cpu 260] [info ] KV cache footprint: 33.00 GB in 153 books
[15:27:14.434070182|thread 2204284|cpu 260] [info ] KV cache footprint: 31.90 GB in 148 books
[15:27:14.434084012|thread 2204284|cpu 260] [info ] KV cache footprint: 30.81 GB in 143 books
[15:27:14.434093367|thread 2204284|cpu 260] [info ] KV cache footprint: 29.71 GB in 138 books
[15:27:14.434102498|thread 2204284|cpu 260] [info ] KV cache footprint: 28.61 GB in 133 books
[15:27:14.434115653|thread 2204284|cpu 260] [info ] KV cache footprint: 27.51 GB in 128 books
[15:27:14.434124113|thread 2204284|cpu 260] [info ] KV cache footprint: 26.41 GB in 123 books
[15:27:14.434139277|thread 2204284|cpu 260] [info ] KV cache footprint: 25.31 GB in 118 books
[15:27:14.434150242|thread 2204284|cpu 260] [info ] KV cache footprint: 24.21 GB in 113 books
[15:27:14.434165009|thread 2204284|cpu 260] [info ] KV cache footprint: 23.12 GB in 108 books
[15:27:14.434176144|thread 2204284|cpu 260] [info ] KV cache footprint: 22.02 GB in 103 books
[15:27:14.434184944|thread 2204284|cpu 260] [info ] KV cache footprint: 20.92 GB in 98 books
[15:27:14.434204410|thread 2204284|cpu 260] [info ] KV cache footprint: 19.82 GB in 93 books
[15:27:14.434217680|thread 2204284|cpu 260] [info ] KV cache footprint: 18.72 GB in 88 books
[15:27:14.434224951|thread 2204284|cpu 260] [info ] KV cache footprint: 17.70 GB in 83 books
[15:27:14.434236328|thread 2204284|cpu 260] [info ] KV cache footprint: 16.70 GB in 76 books
[15:27:14.434243593|thread 2204284|cpu 260] [info ] KV cache footprint: 15.60 GB in 71 books
[15:27:14.434255171|thread 2204284|cpu 260] [info ] KV cache footprint: 14.50 GB in 66 books
[15:27:14.472907216|thread 2204284|cpu 260] [info ] KV cache footprint: 13.40 GB in 61 books
[15:27:14.472944273|thread 2204284|cpu 260] [info ] KV cache footprint: 12.30 GB in 56 books
[15:27:14.472959067|thread 2204284|cpu 260] [info ] KV cache footprint: 11.21 GB in 51 books
[15:27:14.472970001|thread 2204284|cpu 260] [info ] KV cache footprint: 10.11 GB in 46 books
[15:27:14.472983319|thread 2204284|cpu 260] [info ] KV cache footprint: 9.01 GB in 41 books
[15:27:14.472992982|thread 2204284|cpu 260] [info ] KV cache footprint: 7.91 GB in 36 books
[15:27:14.473003838|thread 2204284|cpu 260] [info ] KV cache footprint: 6.81 GB in 31 books
[15:27:14.473011215|thread 2204284|cpu 260] [info ] KV cache footprint: 5.71 GB in 26 books
[15:27:14.473020187|thread 2204284|cpu 260] [info ] KV cache footprint: 4.61 GB in 21 books
[15:27:14.506786712|thread 2204284|cpu 260] [info ] KV cache footprint: 3.52 GB in 16 books
[15:27:14.506809418|thread 2204284|cpu 260] [info ] KV cache footprint: 2.42 GB in 11 books
[15:27:14.506822999|thread 2204284|cpu 260] [info ] KV cache footprint: 1.32 GB in 6 books
[15:27:14.506853671|thread 2204284|cpu 260] [info ] KV cache footprint: 0.22 GB in 1 books
[15:27:14.506878610|thread 2204284|cpu 260] [info ] Detected 4609256 memory allocations
[15:27:14.532972634|thread 2204284|cpu 260] [info ] Worker speeds: [0.036835514, 0.03824918, 0.03845686, 0.03880638, 0.037304357, 0.038621884, 0.038033698, 0.037622835, 0.037533097, 0.03762897, 0.038809523, 0.03678023, 0.03617656, 0.035999212, 0.036257137, 0.0364908, 0.03658893, 0.036184113, 0.03676238, 0.03615807, 0.03616714, 0.036260318, 0.035853736, 0.036275018, 0.03668218, 0.036695477, 0.036766376]
fusermount3: /home/jhan/workspace/tron-amx/stats/instance-0 not mounted
