[15:27:15.734375408|thread 2617483|cpu 260] [info ] Seed not supplied, using random seed: 0xb216d702050ba5a9
[15:27:15.734471245|thread 2617483|cpu 260] [info ] FUSE mount point scoped for instance 0,4: /home/jhan/workspace/tron-amx/stats/instance-0
[15:27:15.735924848|thread 2617483|cpu 260] [info ] heap_v2: registered FUSE stats under /rinzler/stats/dma_heap/
[15:27:15.735928607|thread 2617483|cpu 260] [debug] No PosDevices found; skipping registration of metrics
[15:27:15.738644623|thread 2617483|cpu 260] [info ] Stats/config mounted at /home/jhan/workspace/tron-amx/stats/instance-0
[15:27:16.416456630|thread 2618472|cpu 260] [info ] TSC frequency stable at 2699988443 Hz
[15:27:16.420556495|thread 2618472|cpu 260] [info ] TSC core calibration: min core,offset:6,-1   max core,offset:125,10
[15:27:16.421573673|thread 2617483|cpu 260] [info ] INIT: Intel RTM (TSX) supported
[15:27:16.423084199|thread 2617483|cpu 260] [info ] INIT: CPU vendor=Intel, cores=144, numa=2, model="Intel(R) Xeon(R) 6962P"
[15:27:16.423130074|thread 2617483|cpu 260] [info ] INIT: Found server type: granite_rapids_6962p: 144 cores, Intel Xeon 6962P Granite Rapids server
[15:27:16.423135807|thread 2617483|cpu 260] [info ] INIT: Successfully loaded resource map from /home/jhan/workspace/tron-amx/gen/../config/resource-map.yaml, server type: granite_rapids_6962p
[15:27:16.423242463|thread 2617483|cpu 260] [info ] App CPU list: 151-152,24-29,48-53,153-154,30-35,54-59
[15:27:16.423265120|thread 2617483|cpu 260] [info ] App CPU set: [24, 25, 26, 27, 28, 29, 30, 31, 32, 33, 34, 35, 48, 49, 50, 51, 52, 53, 54, 55, 56, 57, 58, 59, 151, 152, 153, 154]
[15:27:16.423266470|thread 2617483|cpu 260] [info ] App peer CPU set: [8, 9, 10, 11, 168, 169, 170, 171, 172, 173, 174, 175, 176, 177, 178, 179, 192, 193, 194, 195, 196, 197, 198, 199, 200, 201, 202, 203]
[15:27:16.423271883|thread 2617483|cpu 260] [warning] Helper CPU list is empty; helper threads will float on app cpu set.
[15:27:16.423281620|thread 2617483|cpu 260] [info ] Memory allocation policy set to numa 0
[15:27:16.423286570|thread 2617483|cpu 260] [info ] Configured instance 0,4 using resource map (/home/jhan/workspace/tron-amx/gen/../config/resource-map.yaml).
[15:27:16.423354976|thread 2617483|cpu 260] [info ] App CPU list: 151-152,24-29,48-53,153-154,30-35,54-59
[15:27:16.423361364|thread 2617483|cpu 260] [info ] App CPU set: [24, 25, 26, 27, 28, 29, 30, 31, 32, 33, 34, 35, 48, 49, 50, 51, 52, 53, 54, 55, 56, 57, 58, 59, 151, 152, 153, 154]
[15:27:16.423362504|thread 2617483|cpu 260] [info ] App peer CPU set: [8, 9, 10, 11, 168, 169, 170, 171, 172, 173, 174, 175, 176, 177, 178, 179, 192, 193, 194, 195, 196, 197, 198, 199, 200, 201, 202, 203]
[15:27:16.423364856|thread 2617483|cpu 260] [info ] Memory allocation policy set to numa 0
[15:27:16.423369361|thread 2617483|cpu 260] [info ] INIT: Beginning pos_startup()
[15:27:16.423370680|thread 2617483|cpu 260] [info ] INIT: Beginning pos_startup_host()
[15:27:16.423382539|thread 2617483|cpu 260] [info ] Version: 2026.08.19-1407f48d-jhan-amx-p0-dirty hash: 1407f48ddb370b27907a9bf9e39f8d6002aa3ee0
[15:27:16.423384725|thread 2617483|cpu 260] [info ] INIT: System optimization for Intel with 144 cores and 2 numa nodes.
[15:27:16.423385859|thread 2617483|cpu 260] [info ] INIT: Pinning application cores to 151-152,24-29,48-53,153-154,30-35,54-59.
[15:27:16.423419412|thread 2617483|cpu 260] [info ] INIT: Pinning device driver cores to 3,4.
[15:27:16.423443323|thread 2617483|cpu 260] [info ] INIT: NUMA set to 0.
[15:27:16.423570491|thread 2617483|cpu 260] [debug] INIT: Allocating 128 hugepages from /dev/hugepages/amx-cap* on numa 0
[15:27:25.973801012|thread 2617483|cpu 260] [info ] pos_heap_setup: using arena allocator (pos_heap_v2)
[15:27:25.974008891|thread 2617483|cpu 260] [info ] heap_v2: pool expanded by 128 hugepages (128 GiB)
[15:27:25.974012192|thread 2617483|cpu 260] [info ] INIT: pos_startup_host() completed
[15:27:25.978806736|thread 2617483|cpu 260] [debug] Allocator initialized for base: 0x00000000000000, capacity: 0x00000040000000, alignment: 512,  padding 0
[15:27:25.987466135|thread 2617483|cpu 260] [debug] Allocator initialized for base: 0x00000000000000, capacity: 0x00000040000000, alignment: 512,  padding 0
[15:27:25.992137208|thread 2617483|cpu 260] [info ] Found 2 Positron devices
[15:27:26.538344350|thread 2617483|cpu 260] [debug] Dev 10:00.0 pre-blind_reset mailbox_update_addr: mailbox_update_addr: Addr: 7aade99fc010 Bar: 2 Offset: 200010 Flags: RW RAW:100005400 {mailbox_update_addr_fields {address[63:0]:4294988800 (hex:  100005400), }}
[15:27:26.538364933|thread 2617483|cpu 260] [debug] Dev 10:00.0 pre-blind_reset mono_results_counter: mono_results_counter: Addr: 7aade99fc018 Bar: 2 Offset: 200018 Flags: RW RAW:6cc0 {mono_results_counter_fields {counter[15:0]:27840 (hex:  6cc0), }}
[15:27:26.538430531|thread 2633989|cpu 260] [debug] Dev 13:00.0 pre-blind_reset mailbox_update_addr: mailbox_update_addr: Addr: 7aae299fc010 Bar: 2 Offset: 200010 Flags: RW RAW:100005000 {mailbox_update_addr_fields {address[63:0]:4294987776 (hex:  100005000), }}
[15:27:26.538445377|thread 2617483|cpu 260] [warning] Dev 10:00.0 blind_reset: mailbox host write survived soft_reset (enable=true, target_iova=0x100005400); force-clearing
[15:27:26.538458144|thread 2633989|cpu 260] [debug] Dev 13:00.0 pre-blind_reset mono_results_counter: mono_results_counter: Addr: 7aae299fc018 Bar: 2 Offset: 200018 Flags: RW RAW:7900 {mono_results_counter_fields {counter[15:0]:30976 (hex:  7900), }}
[15:27:26.538458173|thread 2617483|cpu 260] [warning] Dev 10:00.0 blind_reset: tracer host write survived soft_reset (enable=true, target_iova=0x100005c00); force-clearing
[15:27:26.538496889|thread 2617483|cpu 260] [warning] Dev 10:00.0 blind_reset: queue[0] host write survived soft_reset (ctrl=0x0, target_iova=0x100000000); force-clearing
[15:27:26.538503489|thread 2617483|cpu 260] [warning] Dev 10:00.0 blind_reset: queue[2049] host write survived soft_reset (ctrl=0x0, target_iova=0x100000400); force-clearing
[15:27:26.538510132|thread 2617483|cpu 260] [warning] Dev 10:00.0 blind_reset: queue[2] host write survived soft_reset (ctrl=0x0, target_iova=0x100000800); force-clearing
[15:27:26.538516393|thread 2617483|cpu 260] [warning] Dev 10:00.0 blind_reset: queue[2051] host write survived soft_reset (ctrl=0x0, target_iova=0x100000c00); force-clearing
[15:27:26.538522348|thread 2617483|cpu 260] [warning] Dev 10:00.0 blind_reset: queue[4] host write survived soft_reset (ctrl=0x0, target_iova=0x100000000); force-clearing
[15:27:26.538528138|thread 2617483|cpu 260] [warning] Dev 10:00.0 blind_reset: queue[2053] host write survived soft_reset (ctrl=0x0, target_iova=0x100000400); force-clearing
[15:27:26.538534086|thread 2617483|cpu 260] [warning] Dev 10:00.0 blind_reset: queue[6] host write survived soft_reset (ctrl=0x0, target_iova=0x100000800); force-clearing
[15:27:26.538539879|thread 2633989|cpu 260] [warning] Dev 13:00.0 blind_reset: mailbox host write survived soft_reset (enable=true, target_iova=0x100005000); force-clearing
[15:27:26.538540252|thread 2617483|cpu 260] [warning] Dev 10:00.0 blind_reset: queue[2055] host write survived soft_reset (ctrl=0x0, target_iova=0x100000c00); force-clearing
[15:27:26.538546362|thread 2633989|cpu 260] [warning] Dev 13:00.0 blind_reset: tracer host write survived soft_reset (enable=true, target_iova=0x100005800); force-clearing
[15:27:26.538564772|thread 2633989|cpu 260] [warning] Dev 13:00.0 blind_reset: queue[0] host write survived soft_reset (ctrl=0x0, target_iova=0x100002000); force-clearing
[15:27:26.538571061|thread 2633989|cpu 260] [warning] Dev 13:00.0 blind_reset: queue[2049] host write survived soft_reset (ctrl=0x0, target_iova=0x100002400); force-clearing
[15:27:26.538577549|thread 2633989|cpu 260] [warning] Dev 13:00.0 blind_reset: queue[2] host write survived soft_reset (ctrl=0x0, target_iova=0x100002800); force-clearing
[15:27:26.538583514|thread 2633989|cpu 260] [warning] Dev 13:00.0 blind_reset: queue[2051] host write survived soft_reset (ctrl=0x0, target_iova=0x100002c00); force-clearing
[15:27:26.538589789|thread 2633989|cpu 260] [warning] Dev 13:00.0 blind_reset: queue[4] host write survived soft_reset (ctrl=0x0, target_iova=0x100002000); force-clearing
[15:27:26.538599835|thread 2633989|cpu 260] [warning] Dev 13:00.0 blind_reset: queue[2053] host write survived soft_reset (ctrl=0x0, target_iova=0x100002400); force-clearing
[15:27:26.538606214|thread 2633989|cpu 260] [warning] Dev 13:00.0 blind_reset: queue[6] host write survived soft_reset (ctrl=0x0, target_iova=0x100002800); force-clearing
[15:27:26.538612453|thread 2633989|cpu 260] [warning] Dev 13:00.0 blind_reset: queue[2055] host write survived soft_reset (ctrl=0x0, target_iova=0x100002c00); force-clearing
[15:27:26.538641975|thread 2617483|cpu 260] [info ] Dev 10:00.0: Bitfile Release Code 01.05.08.00 Release Date 06-16-2026
[15:27:26.538649725|thread 2633989|cpu 260] [info ] Dev 13:00.0: Bitfile Release Code 01.05.08.00 Release Date 06-16-2026
[15:27:26.538652795|thread 2617483|cpu 260] [debug] Dev 10:00.0 init counters post-store: act_slots_free=&0x7aaec0004000 val=2048 mm_in_flight=&0x7aaec0004400 val=0 (num_activ_slots=2048)
[15:27:26.538660097|thread 2633989|cpu 260] [debug] Dev 13:00.0 init counters post-store: act_slots_free=&0x7aaec0004800 val=2048 mm_in_flight=&0x7aaec0004c00 val=0 (num_activ_slots=2048)
[15:27:26.649833039|thread 2617483|cpu 260] [debug] Device { idx: 0 addr: 10:00.0 pci_devid: 0x0011 iommu_group: 73 vfio_fd: 9 tx_ready: false rx_ready: false }
  offsets { bar2: 0x4000000000 bar4: 0x8000000000 mmsm_reg: 0x0 amem: 0x4030000000 rmem: 0x4020000000 metadata: 0x4000701000 hbm_north: 0x0 hbm_south: 0x1000000000 hbm_kv: 0x800000000 pos_device: 0xffff855240000000 pos_host: 0x7aadc0000000 }
  caps { col_depth: 128 num_cols: 128 num_fetchers: 32 num_activ_slots: 2048 max_activ_size_slots: 255 rmem_width: 32 pchan_size_bytes: 1073741824 attn_supported: true }
[15:27:26.649842515|thread 2617483|cpu 260] [debug] Dev 10:00.0 init counters end-of-init: act_slots_free=&0x7aaec0004000 val=2048 mm_in_flight=&0x7aaec0004400 val=0 | mcnt_mbox=&0x7aaec0005800 tracer_mbox=&0x7aaec0005c00
[15:27:26.649837014|thread 2633989|cpu 260] [debug] Device { idx: 1 addr: 13:00.0 pci_devid: 0x0011 iommu_group: 76 vfio_fd: 10 tx_ready: false rx_ready: false }
  offsets { bar2: 0x4000000000 bar4: 0x8000000000 mmsm_reg: 0x0 amem: 0x4030000000 rmem: 0x4020000000 metadata: 0x4000701000 hbm_north: 0x0 hbm_south: 0x1000000000 hbm_kv: 0x800000000 pos_device: 0xffff855240000000 pos_host: 0x7aadc0000000 }
  caps { col_depth: 128 num_cols: 128 num_fetchers: 32 num_activ_slots: 2048 max_activ_size_slots: 255 rmem_width: 32 pchan_size_bytes: 1073741824 attn_supported: true }
[15:27:26.649868347|thread 2633989|cpu 260] [debug] Dev 13:00.0 init counters end-of-init: act_slots_free=&0x7aaec0004800 val=2048 mm_in_flight=&0x7aaec0004c00 val=0 | mcnt_mbox=&0x7aaec0005000 tracer_mbox=&0x7aaec0005400
[15:27:26.649917613|thread 2617483|cpu 260] [info ] INIT: pos_startup() completed
[15:27:26.650006836|thread 2617483|cpu 260] [debug] INIT: First call to get_devices() detected, spawning workers
[15:27:26.650133128|thread 2617483|cpu 260] [debug] INIT: waiting for workers to be ready
[15:27:26.650592641|thread 2634019|cpu 260] [info ] [0;32mTx Worker for device 10:00.0 is ready on core 3[0m
[15:27:26.650649540|thread 2634020|cpu 260] [info ] [0;32mTx Worker for device 13:00.0 is ready on core 4[0m
[15:27:26.650744312|thread 2634021|cpu 260] [info ] [0;32mRx Worker for device 10:00.0 is ready on core 147[0m
[15:27:26.650774702|thread 2634022|cpu 260] [info ] [0;32mRx Worker for device 13:00.0 is ready on core 148[0m
[15:27:26.650797531|thread 2617483|cpu 260] [debug] INIT: All workers ready!
[15:27:26.657646971|thread 2617483|cpu 260] [info ] Creating tokenizer for path: /opt/positron/weights_cache/cached/positron-ai/Qwen--Qwen3-4B-Instruct-2507-ingest-best-gptq-v1
[15:27:26.657704436|thread 2617483|cpu 260] [info ] Loaded tokenizer_config.json with settings:
[15:27:26.657706867|thread 2617483|cpu 260] [info ]   add_bos_token: false
[15:27:26.657709060|thread 2617483|cpu 260] [info ] Found tokenizer.json, trying HuggingFace Rust tokenizer
[15:27:26.875584406|thread 2617483|cpu 260] [info ] BOS token text: '<none>', EOS token text: '<|im_end|>'
[15:27:26.875598745|thread 2617483|cpu 260] [info ] Using BOS token ID 151643 from model config
[15:27:26.875701929|thread 2617483|cpu 260] [info ] Found EOS token '<|im_end|>' with ID 151645 in tokenizer
[15:27:26.875718124|thread 2617483|cpu 260] [info ] Using stop tokens: 151645,151643
[15:27:26.986452471|thread 2617483|cpu 260] [info ] HF tokenizer: vocab cache populated 151669 from lexicon view
[15:27:26.986532047|thread 2617483|cpu 260] [info ] HuggingFace tokenizer loaded successfully at /opt/positron/weights_cache/cached/positron-ai/Qwen--Qwen3-4B-Instruct-2507-ingest-best-gptq-v1
[15:27:26.986554232|thread 2617483|cpu 260] [info ] Successfully created HuggingFace Rust tokenizer
[15:27:27.066017545|thread 2617483|cpu 260] [warning] replicating prompt of length 3035
[15:27:27.066031375|thread 2617483|cpu 260] [warning] replicating prompt of length 6070
[15:27:27.066034262|thread 2617483|cpu 260] [warning] replicating prompt of length 2014
[15:27:27.066035998|thread 2617483|cpu 260] [warning] replicating prompt of length 4028
[15:27:27.066037343|thread 2617483|cpu 260] [warning] replicating prompt of length 6042
[15:27:27.066038446|thread 2617483|cpu 260] [warning] replicating prompt of length 8056
[15:27:27.066040263|thread 2617483|cpu 260] [warning] replicating prompt of length 8159
[15:27:27.066043726|thread 2617483|cpu 260] [warning] replicating prompt of length 2270
[15:27:27.066045053|thread 2617483|cpu 260] [warning] replicating prompt of length 4540
[15:27:27.066046941|thread 2617483|cpu 260] [warning] replicating prompt of length 6810
[15:27:27.066047902|thread 2617483|cpu 260] [warning] replicating prompt of length 1056
[15:27:27.066048890|thread 2617483|cpu 260] [warning] replicating prompt of length 2112
[15:27:27.066049629|thread 2617483|cpu 260] [warning] replicating prompt of length 3168
[15:27:27.066050286|thread 2617483|cpu 260] [warning] replicating prompt of length 4224
[15:27:27.066053189|thread 2617483|cpu 260] [warning] replicating prompt of length 5280
[15:27:27.066054298|thread 2617483|cpu 260] [warning] replicating prompt of length 6336
[15:27:27.066055092|thread 2617483|cpu 260] [warning] replicating prompt of length 7392
[15:27:27.066055903|thread 2617483|cpu 260] [warning] replicating prompt of length 1193
[15:27:27.066056883|thread 2617483|cpu 260] [warning] replicating prompt of length 2386
[15:27:27.066057637|thread 2617483|cpu 260] [warning] replicating prompt of length 3579
[15:27:27.066058320|thread 2617483|cpu 260] [warning] replicating prompt of length 4772
[15:27:27.066060628|thread 2617483|cpu 260] [warning] replicating prompt of length 5965
[15:27:27.066061468|thread 2617483|cpu 260] [warning] replicating prompt of length 7158
[15:27:27.066062279|thread 2617483|cpu 260] [warning] replicating prompt of length 1359
[15:27:27.066063291|thread 2617483|cpu 260] [warning] replicating prompt of length 2718
[15:27:27.066064102|thread 2617483|cpu 260] [warning] replicating prompt of length 4077
[15:27:27.066064803|thread 2617483|cpu 260] [warning] replicating prompt of length 5436
[15:27:27.066067046|thread 2617483|cpu 260] [warning] replicating prompt of length 6795
[15:27:27.066067914|thread 2617483|cpu 260] [warning] replicating prompt of length 8154
[15:27:27.066068590|thread 2617483|cpu 260] [warning] replicating prompt of length 1300
[15:27:27.066069559|thread 2617483|cpu 260] [warning] replicating prompt of length 2600
[15:27:27.066070366|thread 2617483|cpu 260] [warning] replicating prompt of length 3900
[15:27:27.066071063|thread 2617483|cpu 260] [warning] replicating prompt of length 5200
[15:27:27.066073260|thread 2617483|cpu 260] [warning] replicating prompt of length 6500
[15:27:27.066074108|thread 2617483|cpu 260] [warning] replicating prompt of length 7800
[15:27:27.066074869|thread 2617483|cpu 260] [warning] replicating prompt of length 5028
[15:27:27.066077895|thread 2617483|cpu 260] [warning] replicating prompt of length 2126
[15:27:27.066079129|thread 2617483|cpu 260] [warning] replicating prompt of length 4252
[15:27:27.066088385|thread 2617483|cpu 260] [warning] replicating prompt of length 6378
[15:27:27.066089734|thread 2617483|cpu 260] [warning] replicating prompt of length 945
[15:27:27.066090615|thread 2617483|cpu 260] [warning] replicating prompt of length 1890
[15:27:27.066091437|thread 2617483|cpu 260] [warning] replicating prompt of length 2835
[15:27:27.066092151|thread 2617483|cpu 260] [warning] replicating prompt of length 3780
[15:27:27.066093039|thread 2617483|cpu 260] [warning] replicating prompt of length 4725
[15:27:27.066093750|thread 2617483|cpu 260] [warning] replicating prompt of length 5670
[15:27:27.066094441|thread 2617483|cpu 260] [warning] replicating prompt of length 6615
[15:27:27.066095097|thread 2617483|cpu 260] [warning] replicating prompt of length 7560
[15:27:27.066098239|thread 2617483|cpu 260] [warning] replicating prompt of length 1250
[15:27:27.066099246|thread 2617483|cpu 260] [warning] replicating prompt of length 2500
[15:27:27.066100036|thread 2617483|cpu 260] [warning] replicating prompt of length 3750
[15:27:27.066100725|thread 2617483|cpu 260] [warning] replicating prompt of length 5000
[15:27:27.066102974|thread 2617483|cpu 260] [warning] replicating prompt of length 6250
[15:27:27.066104081|thread 2617483|cpu 260] [warning] replicating prompt of length 7500
[15:27:27.066104930|thread 2617483|cpu 260] [warning] replicating prompt of length 2490
[15:27:27.066106084|thread 2617483|cpu 260] [warning] replicating prompt of length 4980
[15:27:27.066108373|thread 2617483|cpu 260] [warning] replicating prompt of length 7470
[15:27:27.066109179|thread 2617483|cpu 260] [warning] replicating prompt of length 1064
[15:27:27.066110044|thread 2617483|cpu 260] [warning] replicating prompt of length 2128
[15:27:27.066110777|thread 2617483|cpu 260] [warning] replicating prompt of length 3192
[15:27:27.066111449|thread 2617483|cpu 260] [warning] replicating prompt of length 4256
[15:27:27.066113786|thread 2617483|cpu 260] [warning] replicating prompt of length 5320
[15:27:27.066114602|thread 2617483|cpu 260] [warning] replicating prompt of length 6384
[15:27:27.066115387|thread 2617483|cpu 260] [warning] replicating prompt of length 7448
[15:27:27.066116110|thread 2617483|cpu 260] [warning] replicating prompt of length 1709
[15:27:27.066117592|thread 2617483|cpu 260] [warning] replicating prompt of length 3418
[15:27:27.066119077|thread 2617483|cpu 260] [warning] replicating prompt of length 5127
[15:27:27.066119976|thread 2617483|cpu 260] [warning] replicating prompt of length 6836
[15:27:27.066122345|thread 2617483|cpu 260] [warning] replicating prompt of length 7873
[15:27:27.066125607|thread 2617483|cpu 260] [warning] replicating prompt of length 3255
[15:27:27.066127068|thread 2617483|cpu 260] [warning] replicating prompt of length 6510
[15:27:27.066130150|thread 2617483|cpu 260] [warning] replicating prompt of length 2073
[15:27:27.066131282|thread 2617483|cpu 260] [warning] replicating prompt of length 4146
[15:27:27.066133657|thread 2617483|cpu 260] [warning] replicating prompt of length 6219
[15:27:27.066134593|thread 2617483|cpu 260] [warning] replicating prompt of length 1749
[15:27:27.066135656|thread 2617483|cpu 260] [warning] replicating prompt of length 3498
[15:27:27.066136497|thread 2617483|cpu 260] [warning] replicating prompt of length 5247
[15:27:27.066137252|thread 2617483|cpu 260] [warning] replicating prompt of length 6996
[15:27:27.066139678|thread 2617483|cpu 260] [warning] replicating prompt of length 1243
[15:27:27.066140734|thread 2617483|cpu 260] [warning] replicating prompt of length 2486
[15:27:27.066146944|thread 2617483|cpu 260] [warning] replicating prompt of length 3729
[15:27:27.066147978|thread 2617483|cpu 260] [warning] replicating prompt of length 4972
[15:27:27.066150176|thread 2617483|cpu 260] [warning] replicating prompt of length 6215
[15:27:27.066154279|thread 2617483|cpu 260] [warning] replicating prompt of length 7458
[15:27:27.066155310|thread 2617483|cpu 260] [warning] replicating prompt of length 1628
[15:27:27.066157416|thread 2617483|cpu 260] [warning] replicating prompt of length 3256
[15:27:27.066158273|thread 2617483|cpu 260] [warning] replicating prompt of length 4884
[15:27:27.066159022|thread 2617483|cpu 260] [warning] replicating prompt of length 6512
[15:27:27.066166611|thread 2617483|cpu 260] [warning] replicating prompt of length 8140
[15:27:27.066167608|thread 2617483|cpu 260] [warning] replicating prompt of length 2390
[15:27:27.066168739|thread 2617483|cpu 260] [warning] replicating prompt of length 4780
[15:27:27.066170928|thread 2617483|cpu 260] [warning] replicating prompt of length 7170
[15:27:27.066171833|thread 2617483|cpu 260] [warning] replicating prompt of length 557
[15:27:27.066172754|thread 2617483|cpu 260] [warning] replicating prompt of length 1114
[15:27:27.066173479|thread 2617483|cpu 260] [warning] replicating prompt of length 1671
[15:27:27.066174136|thread 2617483|cpu 260] [warning] replicating prompt of length 2228
[15:27:27.066174890|thread 2617483|cpu 260] [warning] replicating prompt of length 2785
[15:27:27.066175569|thread 2617483|cpu 260] [warning] replicating prompt of length 3342
[15:27:27.066176234|thread 2617483|cpu 260] [warning] replicating prompt of length 3899
[15:27:27.066176905|thread 2617483|cpu 260] [warning] replicating prompt of length 4456
[15:27:27.066179210|thread 2617483|cpu 260] [warning] replicating prompt of length 5013
[15:27:27.066180024|thread 2617483|cpu 260] [warning] replicating prompt of length 5570
[15:27:27.066180708|thread 2617483|cpu 260] [warning] replicating prompt of length 6127
[15:27:27.066181445|thread 2617483|cpu 260] [warning] replicating prompt of length 6684
[15:27:27.066182139|thread 2617483|cpu 260] [warning] replicating prompt of length 7241
[15:27:27.066182859|thread 2617483|cpu 260] [warning] replicating prompt of length 7798
[15:27:27.066183527|thread 2617483|cpu 260] [warning] replicating prompt of length 2355
[15:27:27.066184690|thread 2617483|cpu 260] [warning] replicating prompt of length 4710
[15:27:27.066187002|thread 2617483|cpu 260] [warning] replicating prompt of length 7065
[15:27:27.066187873|thread 2617483|cpu 260] [warning] replicating prompt of length 410
[15:27:27.066189109|thread 2617483|cpu 260] [warning] replicating prompt of length 820
[15:27:27.066189859|thread 2617483|cpu 260] [warning] replicating prompt of length 1230
[15:27:27.066190531|thread 2617483|cpu 260] [warning] replicating prompt of length 1640
[15:27:27.066191344|thread 2617483|cpu 260] [warning] replicating prompt of length 2050
[15:27:27.066192014|thread 2617483|cpu 260] [warning] replicating prompt of length 2460
[15:27:27.066192671|thread 2617483|cpu 260] [warning] replicating prompt of length 2870
[15:27:27.066193296|thread 2617483|cpu 260] [warning] replicating prompt of length 3280
[15:27:27.066194170|thread 2617483|cpu 260] [warning] replicating prompt of length 3690
[15:27:27.066194846|thread 2617483|cpu 260] [warning] replicating prompt of length 4100
[15:27:27.066195487|thread 2617483|cpu 260] [warning] replicating prompt of length 4510
[15:27:27.066196114|thread 2617483|cpu 260] [warning] replicating prompt of length 4920
[15:27:27.066196740|thread 2617483|cpu 260] [warning] replicating prompt of length 5330
[15:27:27.066197385|thread 2617483|cpu 260] [warning] replicating prompt of length 5740
[15:27:27.066198014|thread 2617483|cpu 260] [warning] replicating prompt of length 6150
[15:27:27.066198651|thread 2617483|cpu 260] [warning] replicating prompt of length 6560
[15:27:27.066201134|thread 2617483|cpu 260] [warning] replicating prompt of length 6970
[15:27:27.066201891|thread 2617483|cpu 260] [warning] replicating prompt of length 7380
[15:27:27.066202550|thread 2617483|cpu 260] [warning] replicating prompt of length 7790
[15:27:27.066203210|thread 2617483|cpu 260] [warning] replicating prompt of length 1722
[15:27:27.066204214|thread 2617483|cpu 260] [warning] replicating prompt of length 3444
[15:27:27.066205048|thread 2617483|cpu 260] [warning] replicating prompt of length 5166
[15:27:27.066205819|thread 2617483|cpu 260] [warning] replicating prompt of length 6888
[15:27:27.066209009|thread 2617483|cpu 260] [warning] replicating prompt of length 2378
[15:27:27.066210264|thread 2617483|cpu 260] [warning] replicating prompt of length 4756
[15:27:27.066212434|thread 2617483|cpu 260] [warning] replicating prompt of length 7134
[15:27:27.066213263|thread 2617483|cpu 260] [warning] replicating prompt of length 1980
[15:27:27.066214461|thread 2617483|cpu 260] [warning] replicating prompt of length 3960
[15:27:27.066215368|thread 2617483|cpu 260] [warning] replicating prompt of length 5940
[15:27:27.066216164|thread 2617483|cpu 260] [warning] replicating prompt of length 7920
[15:27:27.066218878|thread 2617483|cpu 260] [warning] replicating prompt of length 1756
[15:27:27.066219948|thread 2617483|cpu 260] [warning] replicating prompt of length 3512
[15:27:27.066220872|thread 2617483|cpu 260] [warning] replicating prompt of length 5268
[15:27:27.066221659|thread 2617483|cpu 260] [warning] replicating prompt of length 7024
[15:27:27.066224120|thread 2617483|cpu 260] [warning] replicating prompt of length 411
[15:27:27.066224942|thread 2617483|cpu 260] [warning] replicating prompt of length 822
[15:27:27.066225654|thread 2617483|cpu 260] [warning] replicating prompt of length 1233
[15:27:27.066226334|thread 2617483|cpu 260] [warning] replicating prompt of length 1644
[15:27:27.066227060|thread 2617483|cpu 260] [warning] replicating prompt of length 2055
[15:27:27.066227696|thread 2617483|cpu 260] [warning] replicating prompt of length 2466
[15:27:27.066228348|thread 2617483|cpu 260] [warning] replicating prompt of length 2877
[15:27:27.066229000|thread 2617483|cpu 260] [warning] replicating prompt of length 3288
[15:27:27.066229811|thread 2617483|cpu 260] [warning] replicating prompt of length 3699
[15:27:27.066230461|thread 2617483|cpu 260] [warning] replicating prompt of length 4110
[15:27:27.066231107|thread 2617483|cpu 260] [warning] replicating prompt of length 4521
[15:27:27.066231742|thread 2617483|cpu 260] [warning] replicating prompt of length 4932
[15:27:27.066232369|thread 2617483|cpu 260] [warning] replicating prompt of length 5343
[15:27:27.066232998|thread 2617483|cpu 260] [warning] replicating prompt of length 5754
[15:27:27.066233633|thread 2617483|cpu 260] [warning] replicating prompt of length 6165
[15:27:27.066234273|thread 2617483|cpu 260] [warning] replicating prompt of length 6576
[15:27:27.066236882|thread 2617483|cpu 260] [warning] replicating prompt of length 6987
[15:27:27.066237641|thread 2617483|cpu 260] [warning] replicating prompt of length 7398
[15:27:27.066238297|thread 2617483|cpu 260] [warning] replicating prompt of length 7809
[15:27:27.066238951|thread 2617483|cpu 260] [warning] replicating prompt of length 1269
[15:27:27.066239923|thread 2617483|cpu 260] [warning] replicating prompt of length 2538
[15:27:27.066240736|thread 2617483|cpu 260] [warning] replicating prompt of length 3807
[15:27:27.066241483|thread 2617483|cpu 260] [warning] replicating prompt of length 5076
[15:27:27.066243553|thread 2617483|cpu 260] [warning] replicating prompt of length 6345
[15:27:27.066244421|thread 2617483|cpu 260] [warning] replicating prompt of length 7614
[15:27:27.066245100|thread 2617483|cpu 260] [warning] replicating prompt of length 2285
[15:27:27.066246048|thread 2617483|cpu 260] [warning] replicating prompt of length 4570
[15:27:27.066248409|thread 2617483|cpu 260] [warning] replicating prompt of length 6855
[15:27:27.066257893|thread 2617483|cpu 260] [info ] Processing 32 prompts
[15:27:27.066413238|thread 2617483|cpu 260] [debug] No model path specified, looking up default
[15:27:27.067484233|thread 2617483|cpu 260] [info ] Model ingested-qwen-3-4b-instruct-2507-tp2 at /opt/positron/weights_cache/cached/positron-ai/Qwen--Qwen3-4B-Instruct-2507-ingest-best-gptq-v1 not in cache 0x609ca509f3c8, loading
[15:27:27.067536568|thread 2617483|cpu 260] [info ] Initializing devices took 2.72e-07 s
[15:27:27.067652788|thread 2617483|cpu 260] [info ] Loading all layers from /opt/positron/weights_cache/cached/positron-ai/Qwen--Qwen3-4B-Instruct-2507-ingest-best-gptq-v1
[15:27:27.067663024|thread 2617483|cpu 260] [info ] Using RotatedAmongDevices placement strategy with device_count=2, replicas=1
[15:27:27.067719020|thread 2617483|cpu 260] [info ] Sharded safetensors file found off directory name
[15:27:28.418508328|thread 2617483|cpu 260] [info ] Allocating and loading the model took 1.350966919 s 
[15:27:28.442433736|thread 2617483|cpu 260] [info ] Hw-Attn model params: hw_attn_params { kv_head_size: 128 n_kv_heads: 8 n_heads: 32 gqa: 4 pre_attn_scalar: 0.088388346 hw_layers: 0 }, 36 layers
[15:27:28.448314876|thread 2617483|cpu 260] [info ] HW attention disabled for model 'ingested-qwen-3-4b-instruct-2507-tp2': USE_HW_ATTN=0
[15:27:28.448337345|thread 2617483|cpu 260] [info ] Allocated state tron::model<tron::qwen_3_4b_instruct_2507_impl<tron::make_llm_executor<false, tron::hardware::tp2_min1k_tensor, tron::hardware::btensor, tron::hardware::dtensor> > >::state
[15:27:28.448343892|thread 2617483|cpu 260] [info ] Trying to use 64 GB for persistent KV cache (covering all models)
[15:27:28.448522645|thread 2617483|cpu 260] [info ] Duration between prompts is 0ms ± 0ms
[15:27:28.448530172|thread 2617483|cpu 260] [info ] Enqueueing prompt 1/32 consisting of 8192 tokens
[15:27:28.448776503|thread 2617483|cpu 260] [info ] Enqueueing prompt 2/32 consisting of 8192 tokens
[15:27:28.448789190|thread 2617483|cpu 260] [info ] Enqueueing prompt 3/32 consisting of 8192 tokens
[15:27:28.448801721|thread 2617483|cpu 260] [info ] Enqueueing prompt 4/32 consisting of 8192 tokens
[15:27:28.448812972|thread 2617483|cpu 260] [info ] Enqueueing prompt 5/32 consisting of 8192 tokens
[15:27:28.448824442|thread 2617483|cpu 260] [info ] Enqueueing prompt 6/32 consisting of 8192 tokens
[15:27:28.448836999|thread 2617483|cpu 260] [info ] Enqueueing prompt 7/32 consisting of 8192 tokens
[15:27:28.448848740|thread 2617483|cpu 260] [info ] Enqueueing prompt 8/32 consisting of 8192 tokens
[15:27:28.448860230|thread 2617483|cpu 260] [info ] Enqueueing prompt 9/32 consisting of 8192 tokens
[15:27:28.448871400|thread 2617483|cpu 260] [info ] Enqueueing prompt 10/32 consisting of 8192 tokens
[15:27:28.448882201|thread 2617483|cpu 260] [info ] Enqueueing prompt 11/32 consisting of 8192 tokens
[15:27:28.448893922|thread 2617483|cpu 260] [info ] Enqueueing prompt 12/32 consisting of 8192 tokens
[15:27:28.448905274|thread 2617483|cpu 260] [info ] Enqueueing prompt 13/32 consisting of 8192 tokens
[15:27:28.448918522|thread 2617483|cpu 260] [info ] Enqueueing prompt 14/32 consisting of 8192 tokens
[15:27:28.448930064|thread 2617483|cpu 260] [info ] Enqueueing prompt 15/32 consisting of 8192 tokens
[15:27:28.448942563|thread 2617483|cpu 260] [info ] Enqueueing prompt 16/32 consisting of 8192 tokens
[15:27:28.448953733|thread 2617483|cpu 260] [info ] Enqueueing prompt 17/32 consisting of 8192 tokens
[15:27:28.448966142|thread 2617483|cpu 260] [info ] Enqueueing prompt 18/32 consisting of 8192 tokens
[15:27:28.448976957|thread 2617483|cpu 260] [info ] Enqueueing prompt 19/32 consisting of 8192 tokens
[15:27:28.448989099|thread 2617483|cpu 260] [info ] Enqueueing prompt 20/32 consisting of 8192 tokens
[15:27:28.449000372|thread 2617483|cpu 260] [info ] Enqueueing prompt 21/32 consisting of 8192 tokens
[15:27:28.449010781|thread 2617483|cpu 260] [info ] Enqueueing prompt 22/32 consisting of 8192 tokens
[15:27:28.449021022|thread 2617483|cpu 260] [info ] Enqueueing prompt 23/32 consisting of 8192 tokens
[15:27:28.449031729|thread 2617483|cpu 260] [info ] Enqueueing prompt 24/32 consisting of 8192 tokens
[15:27:28.449043847|thread 2617483|cpu 260] [info ] Enqueueing prompt 25/32 consisting of 8192 tokens
[15:27:28.449057364|thread 2617483|cpu 260] [info ] Enqueueing prompt 26/32 consisting of 8192 tokens
[15:27:28.449068759|thread 2617483|cpu 260] [info ] Enqueueing prompt 27/32 consisting of 8192 tokens
[15:27:28.449079499|thread 2617483|cpu 260] [info ] Enqueueing prompt 28/32 consisting of 8192 tokens
[15:27:28.449089825|thread 2617483|cpu 260] [info ] Enqueueing prompt 29/32 consisting of 8192 tokens
[15:27:28.449116567|thread 2617483|cpu 260] [info ] Enqueueing prompt 30/32 consisting of 8192 tokens
[15:27:28.449128502|thread 2617483|cpu 260] [info ] Enqueueing prompt 31/32 consisting of 8192 tokens
[15:27:28.449141808|thread 2617483|cpu 260] [info ] Enqueueing prompt 32/32 consisting of 8192 tokens
[15:27:28.449486930|thread 2634051|cpu 260] [info ] KV cache footprint: 1.10 GB in 5 books
[15:27:28.449687617|thread 2634051|cpu 260] [info ] KV cache footprint: 2.20 GB in 10 books
[15:27:28.449839276|thread 2634051|cpu 260] [info ] KV cache footprint: 3.30 GB in 15 books
[15:27:28.450027028|thread 2634051|cpu 260] [info ] KV cache footprint: 4.39 GB in 20 books
[15:27:28.450206221|thread 2634051|cpu 260] [info ] KV cache footprint: 5.49 GB in 25 books
[15:27:28.450373694|thread 2634051|cpu 260] [info ] KV cache footprint: 6.59 GB in 30 books
[15:27:34.191481450|thread 2634051|cpu 260] [info ] KV cache footprint: 7.69 GB in 35 books
[15:27:34.191616182|thread 2634051|cpu 260] [info ] KV cache footprint: 8.79 GB in 40 books
[15:27:42.969529840|thread 2634051|cpu 260] [info ] KV cache footprint: 9.89 GB in 45 books
[15:27:54.771978826|thread 2634051|cpu 260] [info ] KV cache footprint: 10.99 GB in 50 books
[15:27:54.772102168|thread 2634051|cpu 260] [info ] KV cache footprint: 12.08 GB in 55 books
[15:28:09.570207713|thread 2634051|cpu 260] [info ] KV cache footprint: 13.18 GB in 60 books
[15:28:27.375133039|thread 2634051|cpu 260] [info ] KV cache footprint: 14.28 GB in 65 books
[15:28:27.375274296|thread 2634051|cpu 260] [info ] KV cache footprint: 15.38 GB in 70 books
[15:28:33.976632016|thread 2634030|cpu 260] [info ] [Request 26] Parsing the prompt took 65.527565214 s at 125.0160901484216 tokens/s
[15:28:33.976632059|thread 2634028|cpu 260] [info ] [Request 20] Parsing the prompt took 65.527633267 s at 125.01596031434157 tokens/s
[15:28:33.976633654|thread 2634024|cpu 260] [info ] [Request 1] Parsing the prompt took 65.528095218 s at 125.01507899392944 tokens/s
[15:28:33.976632056|thread 2634025|cpu 260] [info ] [Request 2] Parsing the prompt took 65.527844643 s at 125.0155570449563 tokens/s
[15:28:33.976632066|thread 2634026|cpu 260] [info ] [Request 14] Parsing the prompt took 65.527703378 s at 125.01582655421353 tokens/s
[15:28:33.976632028|thread 2634029|cpu 260] [info ] [Request 24] Parsing the prompt took 65.527590483 s at 125.0160419392389 tokens/s
[15:28:33.976633701|thread 2634031|cpu 260] [info ] [Request 27] Parsing the prompt took 65.527557327 s at 125.01610519555511 tokens/s
[15:28:33.976632044|thread 2634027|cpu 260] [info ] [Request 15] Parsing the prompt took 65.527692102 s at 125.01584806692692 tokens/s
[15:28:41.899111043|thread 2634051|cpu 260] [info ] KV cache footprint: 16.48 GB in 75 books
[15:28:51.140713737|thread 2634051|cpu 260] [info ] KV cache footprint: 17.58 GB in 80 books
[15:28:52.116547677|thread 2634051|cpu 260] [info ] KV cache footprint: 18.68 GB in 85 books
[15:29:05.255682324|thread 2634051|cpu 260] [info ] KV cache footprint: 19.78 GB in 90 books
[15:29:19.757238514|thread 2634051|cpu 260] [info ] KV cache footprint: 20.87 GB in 95 books
[15:29:21.205795599|thread 2634051|cpu 260] [info ] KV cache footprint: 21.97 GB in 100 books
[15:29:39.882178306|thread 2634051|cpu 260] [info ] KV cache footprint: 23.07 GB in 105 books
[15:29:39.882325178|thread 2634051|cpu 260] [info ] KV cache footprint: 24.17 GB in 110 books
[15:29:43.251921303|thread 2634024|cpu 260] [info ] [Request 1] Generating 61 response tokens with 8193 context took 68.736346 s at 0.887 average tok/s, or 1126.825 ms/tok
[15:29:43.251969290|thread 2634024|cpu 260] [info ] [Request 1] Request with 8192 tokens in and 64 out (sequence limit) saw 65.528095 s TTFT and 134.803378 s TTLT
[15:29:43.251925400|thread 2634026|cpu 260] [info ] [Request 14] Generating 61 response tokens with 8193 context took 68.736335 s at 0.887 average tok/s, or 1126.825 ms/tok
[15:29:43.251993061|thread 2634026|cpu 260] [info ] [Request 14] Request with 8192 tokens in and 64 out (sequence limit) saw 65.527703 s TTFT and 134.802997 s TTLT
[15:29:43.251925681|thread 2634027|cpu 260] [info ] [Request 15] Generating 61 response tokens with 8193 context took 68.736319 s at 0.887 average tok/s, or 1126.825 ms/tok
[15:29:43.252030644|thread 2634027|cpu 260] [info ] [Request 15] Request with 8192 tokens in and 64 out (sequence limit) saw 65.527692 s TTFT and 134.802985 s TTLT
[15:29:43.251925419|thread 2634028|cpu 260] [info ] [Request 20] Generating 61 response tokens with 8193 context took 68.736307 s at 0.887 average tok/s, or 1126.825 ms/tok
[15:29:43.252055261|thread 2634028|cpu 260] [info ] [Request 20] Request with 8192 tokens in and 64 out (sequence limit) saw 65.527633 s TTFT and 134.802925 s TTLT
[15:29:43.251929298|thread 2634031|cpu 260] [info ] [Request 27] Generating 61 response tokens with 8193 context took 68.736282 s at 0.887 average tok/s, or 1126.824 ms/tok
[15:29:43.251929518|thread 2634030|cpu 260] [info ] [Request 26] Generating 61 response tokens with 8193 context took 68.736293 s at 0.887 average tok/s, or 1126.824 ms/tok
[15:29:43.252090484|thread 2634030|cpu 260] [info ] [Request 26] Request with 8192 tokens in and 64 out (sequence limit) saw 65.527565 s TTFT and 134.802862 s TTLT
[15:29:43.251932544|thread 2634029|cpu 260] [info ] [Request 24] Generating 61 response tokens with 8193 context took 68.736301 s at 0.887 average tok/s, or 1126.825 ms/tok
[15:29:43.252111942|thread 2634029|cpu 260] [info ] [Request 24] Request with 8192 tokens in and 64 out (sequence limit) saw 65.527590 s TTFT and 134.802890 s TTLT
[15:29:43.251925683|thread 2634025|cpu 260] [info ] [Request 2] Generating 61 response tokens with 8193 context took 68.736339 s at 0.887 average tok/s, or 1126.825 ms/tok
[15:29:43.252134015|thread 2634025|cpu 260] [info ] [Request 2] Request with 8192 tokens in and 64 out (sequence limit) saw 65.527845 s TTFT and 134.803137 s TTLT
[15:29:43.252076589|thread 2634031|cpu 260] [info ] [Request 27] Request with 8192 tokens in and 64 out (sequence limit) saw 65.527557 s TTFT and 134.802851 s TTLT
[15:29:46.628261844|thread 2634024|cpu 260] [info ] [Request 28] Parsing the prompt took 138.179174406 s at 59.28534480840181 tokens/s
[15:29:46.628265624|thread 2634026|cpu 260] [info ] [Request 32] Parsing the prompt took 138.179115475 s at 59.285370092574766 tokens/s
[15:29:46.628265640|thread 2634025|cpu 260] [info ] [Request 29] Parsing the prompt took 138.179157032 s at 59.28535226266338 tokens/s
[15:29:46.628268357|thread 2634027|cpu 260] [info ] [Request 3] Parsing the prompt took 138.179471444 s at 59.28521736544616 tokens/s
[15:29:46.628269036|thread 2634028|cpu 260] [info ] [Request 4] Parsing the prompt took 138.179459864 s at 59.285222333788184 tokens/s
[15:29:46.628269491|thread 2634029|cpu 260] [info ] [Request 8] Parsing the prompt took 138.179412933 s at 59.285242469311335 tokens/s
[15:29:46.628271407|thread 2634030|cpu 260] [info ] [Request 10] Parsing the prompt took 138.179392264 s at 59.285251337252184 tokens/s
[15:29:55.205583243|thread 2634052|cpu 260] [debug] #EVT# HandleDetails::is_anomalous() handle_id=2 time in state STATE_OPENED exceeded threshold: 65527836827 ns
[15:29:55.205643009|thread 2634052|cpu 260] [debug] #EVT#   Handle,     2, Created, 753659862638136, Last, 753796370702755, Prompted,  8191, Generated,    64, Input TPS, 125.02, Output TPS:  0.79, Callbacks,    64, prompt parsing complete, open
[15:29:55.205706640|thread 2634052|cpu 260] [info ] #EVT#   Handle 2 history:
        SESSION_OPEN, prompt 8192 tokens, offset=0 ns
        PROMPT_TOKENS_REUSE, offset=65527821400 ns
        ON_START_CALLED, offset=65527836827 ns
        ON_START_RETURNED, offset=65527965231 ns
        ON_TOKENS_CALLED, generate 1 tokens, offset=65527973089 ns
        ON_TOKENS_RETURNED, offset=65527974175 ns
        ON_TOKENS_CALLED, generate 1 tokens, offset=66066791110 ns
        ON_TOKENS_RETURNED, offset=66066792626 ns
        ON_TOKENS_CALLED, generate 1 tokens, offset=66636434121 ns
        ON_TOKENS_RETURNED, offset=66636436694 ns
        ON_TOKENS_CALLED, generate 1 tokens, offset=67236182778 ns
        ON_TOKENS_RETURNED, offset=67236185209 ns
        ON_TOKENS_CALLED, generate 1 tokens, offset=67865528952 ns
        ON_TOKENS_RETURNED, offset=67865530824 ns
        ON_TOKENS_CALLED, generate 1 tokens, offset=68513750432 ns
        ON_TOKENS_RETURNED, offset=68513752451 ns
        ON_TOKENS_CALLED, generate 1 tokens, offset=69183908744 ns
        ON_TOKENS_RETURNED, offset=69183910363 ns
        ON_TOKENS_CALLED, generate 1 tokens, offset=69863371464 ns
        ON_TOKENS_RETURNED, offset=69863372556 ns
        ON_TOKENS_CALLED, generate 1 tokens, offset=70559160362 ns
        ON_TOKENS_RETURNED, offset=70559162214 ns
        ON_TOKENS_CALLED, generate 1 tokens, offset=71260777018 ns
        ON_TOKENS_RETURNED, offset=71260779932 ns
        ON_TOKENS_CALLED, generate 1 tokens, offset=71980442817 ns
        ON_TOKENS_RETURNED, offset=71980445472 ns
        ON_TOKENS_CALLED, generate 1 tokens, offset=72706337299 ns
        ON_TOKENS_RETURNED, offset=72706341079 ns
        ON_TOKENS_CALLED, generate 1 tokens, offset=73450147793 ns
        ON_TOKENS_RETURNED, offset=73450149590 ns
        ON_TOKENS_CALLED, generate 1 tokens, offset=74203083337 ns
        ON_TOKENS_RETURNED, offset=74203084610 ns
        ON_TOKENS_CALLED, generate 1 tokens, offset=74974281319 ns
        ON_TOKENS_RETURNED, offset=74974282855 ns
        ON_TOKENS_CALLED, generate 1 tokens, offset=75755015893 ns
        ON_TOKENS_RETURNED, offset=75755018593 ns
        ON_TOKENS_CALLED, generate 1 tokens, offset=76555552332 ns
        ON_TOKENS_RETURNED, offset=76555585287 ns
        ON_TOKENS_CALLED, generate 1 tokens, offset=77361958271 ns
        ON_TOKENS_RETURNED, offset=77361961525 ns
        ON_TOKENS_CALLED, generate 1 tokens, offset=78202968532 ns
        ON_TOKENS_RETURNED, offset=78202970555 ns
        ON_TOKENS_CALLED, generate 1 tokens, offset=79053711852 ns
        ON_TOKENS_RETURNED, offset=79053714385 ns
        ON_TOKENS_CALLED, generate 1 tokens, offset=79940187398 ns
        ON_TOKENS_RETURNED, offset=79940189621 ns
        ON_TOKENS_CALLED, generate 1 tokens, offset=80826631909 ns
        ON_TOKENS_RETURNED, offset=80826633463 ns
        ON_TOKENS_CALLED, generate 1 tokens, offset=81755619465 ns
        ON_TOKENS_RETURNED, offset=81755620681 ns
        ON_TOKENS_CALLED, generate 1 tokens, offset=82691777603 ns
        ON_TOKENS_RETURNED, offset=82691778675 ns
        ON_TOKENS_CALLED, generate 1 tokens, offset=83667490949 ns
        ON_TOKENS_RETURNED, offset=83667492429 ns
        ON_TOKENS_CALLED, generate 1 tokens, offset=84635770248 ns
        ON_TOKENS_RETURNED, offset=84635772662 ns
        ON_TOKENS_CALLED, generate 1 tokens, offset=85653751471 ns
        ON_TOKENS_RETURNED, offset=85653754395 ns
        ON_TOKENS_CALLED, generate 1 tokens, offset=86672539152 ns
        ON_TOKENS_RETURNED, offset=86672540517 ns
        ON_TOKENS_CALLED, generate 1 tokens, offset=87731798507 ns
        ON_TOKENS_RETURNED, offset=87731799977 ns
        ON_TOKENS_CALLED, generate 1 tokens, offset=88783141885 ns
        ON_TOKENS_RETURNED, offset=88783145031 ns
        ON_TOKENS_CALLED, generate 1 tokens, offset=89880737112 ns
        ON_TOKENS_RETURNED, offset=89880738978 ns
        ON_TOKENS_CALLED, generate 1 tokens, offset=90977565411 ns
        ON_TOKENS_RETURNED, offset=90977567740 ns
        ON_TOKENS_CALLED, generate 1 tokens, offset=92119164236 ns
        ON_TOKENS_RETURNED, offset=92119184786 ns
        ON_TOKENS_CALLED, generate 1 tokens, offset=93240852685 ns
        ON_TOKENS_RETURNED, offset=93240854463 ns
        ON_TOKENS_CALLED, generate 1 tokens, offset=94418787725 ns
        ON_TOKENS_RETURNED, offset=94418789077 ns
        ON_TOKENS_CALLED, generate 1 tokens, offset=95590317224 ns
        ON_TOKENS_RETURNED, offset=95590319862 ns
        ON_TOKENS_CALLED, generate 1 tokens, offset=96806703261 ns
        ON_TOKENS_RETURNED, offset=96806706396 ns
        ON_TOKENS_CALLED, generate 1 tokens, offset=98009415133 ns
        ON_TOKENS_RETURNED, offset=98009416970 ns
        ON_TOKENS_CALLED, generate 1 tokens, offset=99265347735 ns
        ON_TOKENS_RETURNED, offset=99265349246 ns
        ON_TOKENS_CALLED, generate 1 tokens, offset=100517014536 ns
        ON_TOKENS_RETURNED, offset=100517016219 ns
        ON_TOKENS_CALLED, generate 1 tokens, offset=101812714335 ns
        ON_TOKENS_RETURNED, offset=101812715918 ns
        ON_TOKENS_CALLED, generate 1 tokens, offset=103088825594 ns
        ON_TOKENS_RETURNED, offset=103088828360 ns
        ON_TOKENS_CALLED, generate 1 tokens, offset=104426976587 ns
        ON_TOKENS_RETURNED, offset=104426979000 ns
        ON_TOKENS_CALLED, generate 1 tokens, offset=105756671100 ns
        ON_TOKENS_RETURNED, offset=105756673849 ns
        ON_TOKENS_CALLED, generate 1 tokens, offset=107133305482 ns
        ON_TOKENS_RETURNED, offset=107133307642 ns
        ON_TOKENS_CALLED, generate 1 tokens, offset=108486723454 ns
        ON_TOKENS_RETURNED, offset=108486726607 ns
        ON_TOKENS_CALLED, generate 1 tokens, offset=109902448017 ns
        ON_TOKENS_RETURNED, offset=109902450138 ns
        ON_TOKENS_CALLED, generate 1 tokens, offset=111308265350 ns
        ON_TOKENS_RETURNED, offset=111308267316 ns
        ON_TOKENS_CALLED, generate 1 tokens, offset=112756790910 ns
        ON_TOKENS_RETURNED, offset=112756792572 ns
        ON_TOKENS_CALLED, generate 1 tokens, offset=114178400337 ns
        ON_TOKENS_RETURNED, offset=114178402349 ns
        ON_TOKENS_CALLED, generate 1 tokens, offset=115666344453 ns
        ON_TOKENS_RETURNED, offset=115666347662 ns
        ON_TOKENS_CALLED, generate 1 tokens, offset=117142032589 ns
        ON_TOKENS_RETURNED, offset=117142035463 ns
        ON_TOKENS_CALLED, generate 1 tokens, offset=118669804086 ns
        ON_TOKENS_RETURNED, offset=118669806056 ns
        ON_TOKENS_CALLED, generate 1 tokens, offset=120172740098 ns
        ON_TOKENS_RETURNED, offset=120172743346 ns
        ON_TOKENS_CALLED, generate 1 tokens, offset=121741191249 ns
        ON_TOKENS_RETURNED, offset=121741193023 ns
        ON_TOKENS_CALLED, generate 1 tokens, offset=123295750359 ns
        ON_TOKENS_RETURNED, offset=123295753609 ns
        ON_TOKENS_CALLED, generate 1 tokens, offset=124902007254 ns
        ON_TOKENS_RETURNED, offset=124902009808 ns
        ON_TOKENS_CALLED, generate 1 tokens, offset=126478370839 ns
        ON_TOKENS_RETURNED, offset=126478373653 ns
        ON_TOKENS_CALLED, generate 1 tokens, offset=128121741955 ns
        ON_TOKENS_RETURNED, offset=128121743352 ns
        ON_TOKENS_CALLED, generate 1 tokens, offset=129753995490 ns
        ON_TOKENS_RETURNED, offset=129753998082 ns
        ON_TOKENS_CALLED, generate 1 tokens, offset=131433215957 ns
        ON_TOKENS_RETURNED, offset=131433217290 ns
        ON_TOKENS_CALLED, generate 1 tokens, offset=133085052303 ns
        ON_TOKENS_RETURNED, offset=133085054851 ns
        ON_TOKENS_CALLED, generate 1 tokens, offset=134803129203 ns
        ON_TOKENS_RETURNED, offset=134803346791 ns
        ON_TOKENS_CALLED, generate 1 tokens, offset=136508057437 ns
        ON_TOKENS_RETURNED, offset=136508064619 ns
[15:29:55.205760007|thread 2634052|cpu 260] [debug] #EVT# HandleDetails::is_anomalous() handle_id=1 time in state STATE_OPENED exceeded threshold: 65527858227 ns
[15:29:55.205763387|thread 2634052|cpu 260] [debug] #EVT#   Handle,     1, Created, 753659862621239, Last, 753796370706724, Prompted,  8192, Generated,    64, Input TPS, 125.02, Output TPS:  0.79, Callbacks,    64, prompt parsing complete, open
[15:29:55.205779168|thread 2634052|cpu 260] [info ] #EVT#   Handle 1 history:
        SESSION_OPEN, prompt 8192 tokens, offset=0 ns
        PROMPT_TOKENS_REUSE, offset=65527838214 ns
        ON_START_CALLED, offset=65527858227 ns
        ON_START_RETURNED, offset=65527959494 ns
        ON_TOKENS_CALLED, generate 1 tokens, offset=65527967992 ns
        ON_TOKENS_RETURNED, offset=65527969107 ns
        ON_TOKENS_CALLED, generate 1 tokens, offset=66066794587 ns
        ON_TOKENS_RETURNED, offset=66066797764 ns
        ON_TOKENS_CALLED, generate 1 tokens, offset=66636448285 ns
        ON_TOKENS_RETURNED, offset=66636450740 ns
        ON_TOKENS_CALLED, generate 1 tokens, offset=67236197336 ns
        ON_TOKENS_RETURNED, offset=67236200622 ns
        ON_TOKENS_CALLED, generate 1 tokens, offset=67865534160 ns
        ON_TOKENS_RETURNED, offset=67865535736 ns
        ON_TOKENS_CALLED, generate 1 tokens, offset=68513765612 ns
        ON_TOKENS_RETURNED, offset=68513768091 ns
        ON_TOKENS_CALLED, generate 1 tokens, offset=69183933041 ns
        ON_TOKENS_RETURNED, offset=69183933847 ns
        ON_TOKENS_CALLED, generate 1 tokens, offset=69863384982 ns
        ON_TOKENS_RETURNED, offset=69863386651 ns
        ON_TOKENS_CALLED, generate 1 tokens, offset=70559177142 ns
        ON_TOKENS_RETURNED, offset=70559179385 ns
        ON_TOKENS_CALLED, generate 1 tokens, offset=71260790367 ns
        ON_TOKENS_RETURNED, offset=71260793518 ns
        ON_TOKENS_CALLED, generate 1 tokens, offset=71980462837 ns
        ON_TOKENS_RETURNED, offset=71980464294 ns
        ON_TOKENS_CALLED, generate 1 tokens, offset=72706359144 ns
        ON_TOKENS_RETURNED, offset=72706361202 ns
        ON_TOKENS_CALLED, generate 1 tokens, offset=73450158610 ns
        ON_TOKENS_RETURNED, offset=73450161046 ns
        ON_TOKENS_CALLED, generate 1 tokens, offset=74203086842 ns
        ON_TOKENS_RETURNED, offset=74203088982 ns
        ON_TOKENS_CALLED, generate 1 tokens, offset=74974295542 ns
        ON_TOKENS_RETURNED, offset=74974297668 ns
        ON_TOKENS_CALLED, generate 1 tokens, offset=75755032208 ns
        ON_TOKENS_RETURNED, offset=75755034961 ns
        ON_TOKENS_CALLED, generate 1 tokens, offset=76555571711 ns
        ON_TOKENS_RETURNED, offset=76555588321 ns
        ON_TOKENS_CALLED, generate 1 tokens, offset=77361969949 ns
        ON_TOKENS_RETURNED, offset=77361972373 ns
        ON_TOKENS_CALLED, generate 1 tokens, offset=78202982288 ns
        ON_TOKENS_RETURNED, offset=78202984891 ns
        ON_TOKENS_CALLED, generate 1 tokens, offset=79053726577 ns
        ON_TOKENS_RETURNED, offset=79053727936 ns
        ON_TOKENS_CALLED, generate 1 tokens, offset=79940203605 ns
        ON_TOKENS_RETURNED, offset=79940205998 ns
        ON_TOKENS_CALLED, generate 1 tokens, offset=80826647895 ns
        ON_TOKENS_RETURNED, offset=80826649131 ns
        ON_TOKENS_CALLED, generate 1 tokens, offset=81755634205 ns
        ON_TOKENS_RETURNED, offset=81755635513 ns
        ON_TOKENS_CALLED, generate 1 tokens, offset=82691785874 ns
        ON_TOKENS_RETURNED, offset=82691787478 ns
        ON_TOKENS_CALLED, generate 1 tokens, offset=83667506494 ns
        ON_TOKENS_RETURNED, offset=83667508255 ns
        ON_TOKENS_CALLED, generate 1 tokens, offset=84635785334 ns
        ON_TOKENS_RETURNED, offset=84635786785 ns
        ON_TOKENS_CALLED, generate 1 tokens, offset=85653768605 ns
        ON_TOKENS_RETURNED, offset=85653771359 ns
        ON_TOKENS_CALLED, generate 1 tokens, offset=86672546182 ns
        ON_TOKENS_RETURNED, offset=86672547644 ns
        ON_TOKENS_CALLED, generate 1 tokens, offset=87731814177 ns
        ON_TOKENS_RETURNED, offset=87731815928 ns
        ON_TOKENS_CALLED, generate 1 tokens, offset=88783155014 ns
        ON_TOKENS_RETURNED, offset=88783156777 ns
        ON_TOKENS_CALLED, generate 1 tokens, offset=89880752071 ns
        ON_TOKENS_RETURNED, offset=89880754914 ns
        ON_TOKENS_CALLED, generate 1 tokens, offset=90977581477 ns
        ON_TOKENS_RETURNED, offset=90977585026 ns
        ON_TOKENS_CALLED, generate 1 tokens, offset=92119179208 ns
        ON_TOKENS_RETURNED, offset=92119191521 ns
        ON_TOKENS_CALLED, generate 1 tokens, offset=93240861708 ns
        ON_TOKENS_RETURNED, offset=93240864327 ns
        ON_TOKENS_CALLED, generate 1 tokens, offset=94418803640 ns
        ON_TOKENS_RETURNED, offset=94418805347 ns
        ON_TOKENS_CALLED, generate 1 tokens, offset=95590336607 ns
        ON_TOKENS_RETURNED, offset=95590339288 ns
        ON_TOKENS_CALLED, generate 1 tokens, offset=96806718831 ns
        ON_TOKENS_RETURNED, offset=96806725830 ns
        ON_TOKENS_CALLED, generate 1 tokens, offset=98009429957 ns
        ON_TOKENS_RETURNED, offset=98009432484 ns
        ON_TOKENS_CALLED, generate 1 tokens, offset=99265363174 ns
        ON_TOKENS_RETURNED, offset=99265364977 ns
        ON_TOKENS_CALLED, generate 1 tokens, offset=100517027406 ns
        ON_TOKENS_RETURNED, offset=100517030135 ns
        ON_TOKENS_CALLED, generate 1 tokens, offset=101812729737 ns
        ON_TOKENS_RETURNED, offset=101812732344 ns
        ON_TOKENS_CALLED, generate 1 tokens, offset=103088839769 ns
        ON_TOKENS_RETURNED, offset=103088841930 ns
        ON_TOKENS_CALLED, generate 1 tokens, offset=104426979278 ns
        ON_TOKENS_RETURNED, offset=104426982068 ns
        ON_TOKENS_CALLED, generate 1 tokens, offset=105756687811 ns
        ON_TOKENS_RETURNED, offset=105756690634 ns
        ON_TOKENS_CALLED, generate 1 tokens, offset=107133318141 ns
        ON_TOKENS_RETURNED, offset=107133320435 ns
        ON_TOKENS_CALLED, generate 1 tokens, offset=108486739872 ns
        ON_TOKENS_RETURNED, offset=108486742522 ns
        ON_TOKENS_CALLED, generate 1 tokens, offset=109902462563 ns
        ON_TOKENS_RETURNED, offset=109902463792 ns
        ON_TOKENS_CALLED, generate 1 tokens, offset=111308285353 ns
        ON_TOKENS_RETURNED, offset=111308286776 ns
        ON_TOKENS_CALLED, generate 1 tokens, offset=112756802274 ns
        ON_TOKENS_RETURNED, offset=112756805005 ns
        ON_TOKENS_CALLED, generate 1 tokens, offset=114178415215 ns
        ON_TOKENS_RETURNED, offset=114178416836 ns
        ON_TOKENS_CALLED, generate 1 tokens, offset=115666359561 ns
        ON_TOKENS_RETURNED, offset=115666362134 ns
        ON_TOKENS_CALLED, generate 1 tokens, offset=117142045923 ns
        ON_TOKENS_RETURNED, offset=117142047741 ns
        ON_TOKENS_CALLED, generate 1 tokens, offset=118669815650 ns
        ON_TOKENS_RETURNED, offset=118669818263 ns
        ON_TOKENS_CALLED, generate 1 tokens, offset=120172751061 ns
        ON_TOKENS_RETURNED, offset=120172754004 ns
        ON_TOKENS_CALLED, generate 1 tokens, offset=121741201615 ns
        ON_TOKENS_RETURNED, offset=121741204060 ns
        ON_TOKENS_CALLED, generate 1 tokens, offset=123295771350 ns
        ON_TOKENS_RETURNED, offset=123295772811 ns
        ON_TOKENS_CALLED, generate 1 tokens, offset=124902022751 ns
        ON_TOKENS_RETURNED, offset=124902026150 ns
        ON_TOKENS_CALLED, generate 1 tokens, offset=126478385318 ns
        ON_TOKENS_RETURNED, offset=126478386909 ns
        ON_TOKENS_CALLED, generate 1 tokens, offset=128121755171 ns
        ON_TOKENS_RETURNED, offset=128121757679 ns
        ON_TOKENS_CALLED, generate 1 tokens, offset=129754014354 ns
        ON_TOKENS_RETURNED, offset=129754016100 ns
        ON_TOKENS_CALLED, generate 1 tokens, offset=131433226092 ns
        ON_TOKENS_RETURNED, offset=131433228319 ns
        ON_TOKENS_CALLED, generate 1 tokens, offset=133085068264 ns
        ON_TOKENS_RETURNED, offset=133085070712 ns
        ON_TOKENS_CALLED, generate 1 tokens, offset=134803138769 ns
        ON_TOKENS_RETURNED, offset=134803199622 ns
        ON_TOKENS_CALLED, generate 1 tokens, offset=136508073092 ns
        ON_TOKENS_RETURNED, offset=136508085485 ns
[15:29:55.205789506|thread 2634052|cpu 260] [debug] #EVT# HandleDetails::is_anomalous() handle_id=14 time in state STATE_OPENED exceeded threshold: 65527696300 ns
[15:29:55.205791484|thread 2634052|cpu 260] [debug] #EVT#   Handle,    14, Created, 753659862778931, Last, 753796370702790, Prompted,  8191, Generated,    64, Input TPS, 125.02, Output TPS:  0.79, Callbacks,    64, prompt parsing complete, open
[15:29:55.205805059|thread 2634052|cpu 260] [info ] #EVT#   Handle 14 history:
        SESSION_OPEN, prompt 8192 tokens, offset=0 ns
        PROMPT_TOKENS_REUSE, offset=65527685677 ns
        ON_START_CALLED, offset=65527696300 ns
        ON_START_RETURNED, offset=65527842094 ns
        ON_TOKENS_CALLED, generate 1 tokens, offset=65527851520 ns
        ON_TOKENS_RETURNED, offset=65527852358 ns
        ON_TOKENS_CALLED, generate 1 tokens, offset=66066655026 ns
        ON_TOKENS_RETURNED, offset=66066656904 ns
        ON_TOKENS_CALLED, generate 1 tokens, offset=66636294104 ns
        ON_TOKENS_RETURNED, offset=66636296895 ns
        ON_TOKENS_CALLED, generate 1 tokens, offset=67236045135 ns
        ON_TOKENS_RETURNED, offset=67236046790 ns
        ON_TOKENS_CALLED, generate 1 tokens, offset=67865382647 ns
        ON_TOKENS_RETURNED, offset=67865384023 ns
        ON_TOKENS_CALLED, generate 1 tokens, offset=68513613389 ns
        ON_TOKENS_RETURNED, offset=68513616221 ns
        ON_TOKENS_CALLED, generate 1 tokens, offset=69183768876 ns
        ON_TOKENS_RETURNED, offset=69183770124 ns
        ON_TOKENS_CALLED, generate 1 tokens, offset=69863229680 ns
        ON_TOKENS_RETURNED, offset=69863230804 ns
        ON_TOKENS_CALLED, generate 1 tokens, offset=70559022488 ns
        ON_TOKENS_RETURNED, offset=70559025693 ns
        ON_TOKENS_CALLED, generate 1 tokens, offset=71260636895 ns
        ON_TOKENS_RETURNED, offset=71260639715 ns
        ON_TOKENS_CALLED, generate 1 tokens, offset=71980313637 ns
        ON_TOKENS_RETURNED, offset=71980315908 ns
        ON_TOKENS_CALLED, generate 1 tokens, offset=72706197761 ns
        ON_TOKENS_RETURNED, offset=72706200915 ns
        ON_TOKENS_CALLED, generate 1 tokens, offset=73450004262 ns
        ON_TOKENS_RETURNED, offset=73450006822 ns
        ON_TOKENS_CALLED, generate 1 tokens, offset=74202936178 ns
        ON_TOKENS_RETURNED, offset=74202937475 ns
        ON_TOKENS_CALLED, generate 1 tokens, offset=74974145137 ns
        ON_TOKENS_RETURNED, offset=74974146894 ns
        ON_TOKENS_CALLED, generate 1 tokens, offset=75754876610 ns
        ON_TOKENS_RETURNED, offset=75754877694 ns
        ON_TOKENS_CALLED, generate 1 tokens, offset=76555414559 ns
        ON_TOKENS_RETURNED, offset=76555430892 ns
        ON_TOKENS_CALLED, generate 1 tokens, offset=77361815514 ns
        ON_TOKENS_RETURNED, offset=77361818103 ns
        ON_TOKENS_CALLED, generate 1 tokens, offset=78202828588 ns
        ON_TOKENS_RETURNED, offset=78202830942 ns
        ON_TOKENS_CALLED, generate 1 tokens, offset=79053571347 ns
        ON_TOKENS_RETURNED, offset=79053572607 ns
        ON_TOKENS_CALLED, generate 1 tokens, offset=79940048156 ns
        ON_TOKENS_RETURNED, offset=79940049119 ns
        ON_TOKENS_CALLED, generate 1 tokens, offset=80826495305 ns
        ON_TOKENS_RETURNED, offset=80826496431 ns
        ON_TOKENS_CALLED, generate 1 tokens, offset=81755483072 ns
        ON_TOKENS_RETURNED, offset=81755484489 ns
        ON_TOKENS_CALLED, generate 1 tokens, offset=82691630817 ns
        ON_TOKENS_RETURNED, offset=82691632251 ns
        ON_TOKENS_CALLED, generate 1 tokens, offset=83667353703 ns
        ON_TOKENS_RETURNED, offset=83667356258 ns
        ON_TOKENS_CALLED, generate 1 tokens, offset=84635630309 ns
        ON_TOKENS_RETURNED, offset=84635632087 ns
        ON_TOKENS_CALLED, generate 1 tokens, offset=85653613844 ns
        ON_TOKENS_RETURNED, offset=85653614721 ns
        ON_TOKENS_CALLED, generate 1 tokens, offset=86672402342 ns
        ON_TOKENS_RETURNED, offset=86672403564 ns
        ON_TOKENS_CALLED, generate 1 tokens, offset=87731661062 ns
        ON_TOKENS_RETURNED, offset=87731662469 ns
        ON_TOKENS_CALLED, generate 1 tokens, offset=88783001249 ns
        ON_TOKENS_RETURNED, offset=88783002439 ns
        ON_TOKENS_CALLED, generate 1 tokens, offset=89880597310 ns
        ON_TOKENS_RETURNED, offset=89880598334 ns
        ON_TOKENS_CALLED, generate 1 tokens, offset=90977425314 ns
        ON_TOKENS_RETURNED, offset=90977428170 ns
        ON_TOKENS_CALLED, generate 1 tokens, offset=92119027705 ns
        ON_TOKENS_RETURNED, offset=92119057157 ns
        ON_TOKENS_CALLED, generate 1 tokens, offset=93240711028 ns
        ON_TOKENS_RETURNED, offset=93240712435 ns
        ON_TOKENS_CALLED, generate 1 tokens, offset=94418648015 ns
        ON_TOKENS_RETURNED, offset=94418649473 ns
        ON_TOKENS_CALLED, generate 1 tokens, offset=95590182299 ns
        ON_TOKENS_RETURNED, offset=95590183446 ns
        ON_TOKENS_CALLED, generate 1 tokens, offset=96806564598 ns
        ON_TOKENS_RETURNED, offset=96806567137 ns
        ON_TOKENS_CALLED, generate 1 tokens, offset=98009286806 ns
        ON_TOKENS_RETURNED, offset=98009287841 ns
        ON_TOKENS_CALLED, generate 1 tokens, offset=99265208482 ns
        ON_TOKENS_RETURNED, offset=99265211079 ns
        ON_TOKENS_CALLED, generate 1 tokens, offset=100516875601 ns
        ON_TOKENS_RETURNED, offset=100516876632 ns
        ON_TOKENS_CALLED, generate 1 tokens, offset=101812575340 ns
        ON_TOKENS_RETURNED, offset=101812577651 ns
        ON_TOKENS_CALLED, generate 1 tokens, offset=103088678459 ns
        ON_TOKENS_RETURNED, offset=103088681162 ns
        ON_TOKENS_CALLED, generate 1 tokens, offset=104426827882 ns
        ON_TOKENS_RETURNED, offset=104426830389 ns
        ON_TOKENS_CALLED, generate 1 tokens, offset=105756531484 ns
        ON_TOKENS_RETURNED, offset=105756533713 ns
        ON_TOKENS_CALLED, generate 1 tokens, offset=107133163979 ns
        ON_TOKENS_RETURNED, offset=107133165129 ns
        ON_TOKENS_CALLED, generate 1 tokens, offset=108486588306 ns
        ON_TOKENS_RETURNED, offset=108486590252 ns
        ON_TOKENS_CALLED, generate 1 tokens, offset=109902309428 ns
        ON_TOKENS_RETURNED, offset=109902311289 ns
        ON_TOKENS_CALLED, generate 1 tokens, offset=111308126442 ns
        ON_TOKENS_RETURNED, offset=111308128036 ns
        ON_TOKENS_CALLED, generate 1 tokens, offset=112756649516 ns
        ON_TOKENS_RETURNED, offset=112756650507 ns
        ON_TOKENS_CALLED, generate 1 tokens, offset=114178260661 ns
        ON_TOKENS_RETURNED, offset=114178263453 ns
        ON_TOKENS_CALLED, generate 1 tokens, offset=115666205415 ns
        ON_TOKENS_RETURNED, offset=115666207007 ns
        ON_TOKENS_CALLED, generate 1 tokens, offset=117141893282 ns
        ON_TOKENS_RETURNED, offset=117141895672 ns
        ON_TOKENS_CALLED, generate 1 tokens, offset=118669664357 ns
        ON_TOKENS_RETURNED, offset=118669665481 ns
        ON_TOKENS_CALLED, generate 1 tokens, offset=120172602476 ns
        ON_TOKENS_RETURNED, offset=120172603737 ns
        ON_TOKENS_CALLED, generate 1 tokens, offset=121741046933 ns
        ON_TOKENS_RETURNED, offset=121741049418 ns
        ON_TOKENS_CALLED, generate 1 tokens, offset=123295612716 ns
        ON_TOKENS_RETURNED, offset=123295613792 ns
        ON_TOKENS_CALLED, generate 1 tokens, offset=124901869777 ns
        ON_TOKENS_RETURNED, offset=124901872593 ns
        ON_TOKENS_CALLED, generate 1 tokens, offset=126478233700 ns
        ON_TOKENS_RETURNED, offset=126478235846 ns
        ON_TOKENS_CALLED, generate 1 tokens, offset=128121605584 ns
        ON_TOKENS_RETURNED, offset=128121606882 ns
        ON_TOKENS_CALLED, generate 1 tokens, offset=129753863451 ns
        ON_TOKENS_RETURNED, offset=129753864911 ns
        ON_TOKENS_CALLED, generate 1 tokens, offset=131433071892 ns
        ON_TOKENS_RETURNED, offset=131433073213 ns
        ON_TOKENS_CALLED, generate 1 tokens, offset=133084914286 ns
        ON_TOKENS_RETURNED, offset=133084915621 ns
        ON_TOKENS_CALLED, generate 1 tokens, offset=134802990154 ns
        ON_TOKENS_RETURNED, offset=134803076462 ns
        ON_TOKENS_CALLED, generate 1 tokens, offset=136507918810 ns
        ON_TOKENS_RETURNED, offset=136507923859 ns
[15:29:55.205814579|thread 2634052|cpu 260] [debug] #EVT# HandleDetails::is_anomalous() handle_id=15 time in state STATE_OPENED exceeded threshold: 65527684464 ns
[15:29:55.205816226|thread 2634052|cpu 260] [debug] #EVT#   Handle,    15, Created, 753659862790971, Last, 753796370703061, Prompted,  8191, Generated,    64, Input TPS, 125.02, Output TPS:  0.79, Callbacks,    64, prompt parsing complete, open
[15:29:55.205829365|thread 2634052|cpu 260] [info ] #EVT#   Handle 15 history:
        SESSION_OPEN, prompt 8192 tokens, offset=0 ns
        PROMPT_TOKENS_REUSE, offset=65527673078 ns
        ON_START_CALLED, offset=65527684464 ns
        ON_START_RETURNED, offset=65527891014 ns
        ON_TOKENS_CALLED, generate 1 tokens, offset=65527898999 ns
        ON_TOKENS_RETURNED, offset=65527900114 ns
        ON_TOKENS_CALLED, generate 1 tokens, offset=66066659096 ns
        ON_TOKENS_RETURNED, offset=66066661112 ns
        ON_TOKENS_CALLED, generate 1 tokens, offset=66636285303 ns
        ON_TOKENS_RETURNED, offset=66636287770 ns
        ON_TOKENS_CALLED, generate 1 tokens, offset=67236033465 ns
        ON_TOKENS_RETURNED, offset=67236034400 ns
        ON_TOKENS_CALLED, generate 1 tokens, offset=67865367997 ns
        ON_TOKENS_RETURNED, offset=67865369750 ns
        ON_TOKENS_CALLED, generate 1 tokens, offset=68513602355 ns
        ON_TOKENS_RETURNED, offset=68513603936 ns
        ON_TOKENS_CALLED, generate 1 tokens, offset=69183768507 ns
        ON_TOKENS_RETURNED, offset=69183769778 ns
        ON_TOKENS_CALLED, generate 1 tokens, offset=69863222168 ns
        ON_TOKENS_RETURNED, offset=69863224434 ns
        ON_TOKENS_CALLED, generate 1 tokens, offset=70559013529 ns
        ON_TOKENS_RETURNED, offset=70559015973 ns
        ON_TOKENS_CALLED, generate 1 tokens, offset=71260629010 ns
        ON_TOKENS_RETURNED, offset=71260630674 ns
        ON_TOKENS_CALLED, generate 1 tokens, offset=71980296518 ns
        ON_TOKENS_RETURNED, offset=71980298275 ns
        ON_TOKENS_CALLED, generate 1 tokens, offset=72706188151 ns
        ON_TOKENS_RETURNED, offset=72706190247 ns
        ON_TOKENS_CALLED, generate 1 tokens, offset=73449993882 ns
        ON_TOKENS_RETURNED, offset=73449996082 ns
        ON_TOKENS_CALLED, generate 1 tokens, offset=74202923223 ns
        ON_TOKENS_RETURNED, offset=74202924996 ns
        ON_TOKENS_CALLED, generate 1 tokens, offset=74974136920 ns
        ON_TOKENS_RETURNED, offset=74974138456 ns
        ON_TOKENS_CALLED, generate 1 tokens, offset=75754866986 ns
        ON_TOKENS_RETURNED, offset=75754868077 ns
        ON_TOKENS_CALLED, generate 1 tokens, offset=76555406959 ns
        ON_TOKENS_RETURNED, offset=76555437204 ns
        ON_TOKENS_CALLED, generate 1 tokens, offset=77361804473 ns
        ON_TOKENS_RETURNED, offset=77361806941 ns
        ON_TOKENS_CALLED, generate 1 tokens, offset=78202817561 ns
        ON_TOKENS_RETURNED, offset=78202819978 ns
        ON_TOKENS_CALLED, generate 1 tokens, offset=79053563128 ns
        ON_TOKENS_RETURNED, offset=79053564238 ns
        ON_TOKENS_CALLED, generate 1 tokens, offset=79940037157 ns
        ON_TOKENS_RETURNED, offset=79940038417 ns
        ON_TOKENS_CALLED, generate 1 tokens, offset=80826484506 ns
        ON_TOKENS_RETURNED, offset=80826486704 ns
        ON_TOKENS_CALLED, generate 1 tokens, offset=81755471722 ns
        ON_TOKENS_RETURNED, offset=81755472948 ns
        ON_TOKENS_CALLED, generate 1 tokens, offset=82691619925 ns
        ON_TOKENS_RETURNED, offset=82691621106 ns
        ON_TOKENS_CALLED, generate 1 tokens, offset=83667343583 ns
        ON_TOKENS_RETURNED, offset=83667345228 ns
        ON_TOKENS_CALLED, generate 1 tokens, offset=84635621369 ns
        ON_TOKENS_RETURNED, offset=84635623454 ns
        ON_TOKENS_CALLED, generate 1 tokens, offset=85653603217 ns
        ON_TOKENS_RETURNED, offset=85653604360 ns
        ON_TOKENS_CALLED, generate 1 tokens, offset=86672379031 ns
        ON_TOKENS_RETURNED, offset=86672380738 ns
        ON_TOKENS_CALLED, generate 1 tokens, offset=87731650019 ns
        ON_TOKENS_RETURNED, offset=87731651518 ns
        ON_TOKENS_CALLED, generate 1 tokens, offset=88782990524 ns
        ON_TOKENS_RETURNED, offset=88782992564 ns
        ON_TOKENS_CALLED, generate 1 tokens, offset=89880586647 ns
        ON_TOKENS_RETURNED, offset=89880587558 ns
        ON_TOKENS_CALLED, generate 1 tokens, offset=90977415843 ns
        ON_TOKENS_RETURNED, offset=90977417604 ns
        ON_TOKENS_CALLED, generate 1 tokens, offset=92119017292 ns
        ON_TOKENS_RETURNED, offset=92119037447 ns
        ON_TOKENS_CALLED, generate 1 tokens, offset=93240697654 ns
        ON_TOKENS_RETURNED, offset=93240700314 ns
        ON_TOKENS_CALLED, generate 1 tokens, offset=94418639218 ns
        ON_TOKENS_RETURNED, offset=94418640213 ns
        ON_TOKENS_CALLED, generate 1 tokens, offset=95590171935 ns
        ON_TOKENS_RETURNED, offset=95590172982 ns
        ON_TOKENS_CALLED, generate 1 tokens, offset=96806554462 ns
        ON_TOKENS_RETURNED, offset=96806556593 ns
        ON_TOKENS_CALLED, generate 1 tokens, offset=98009263374 ns
        ON_TOKENS_RETURNED, offset=98009265114 ns
        ON_TOKENS_CALLED, generate 1 tokens, offset=99265197238 ns
        ON_TOKENS_RETURNED, offset=99265200107 ns
        ON_TOKENS_CALLED, generate 1 tokens, offset=100516863196 ns
        ON_TOKENS_RETURNED, offset=100516865565 ns
        ON_TOKENS_CALLED, generate 1 tokens, offset=101812565077 ns
        ON_TOKENS_RETURNED, offset=101812567739 ns
        ON_TOKENS_CALLED, generate 1 tokens, offset=103088680073 ns
        ON_TOKENS_RETURNED, offset=103088681660 ns
        ON_TOKENS_CALLED, generate 1 tokens, offset=104426818918 ns
        ON_TOKENS_RETURNED, offset=104426820439 ns
        ON_TOKENS_CALLED, generate 1 tokens, offset=105756522428 ns
        ON_TOKENS_RETURNED, offset=105756525035 ns
        ON_TOKENS_CALLED, generate 1 tokens, offset=107133155528 ns
        ON_TOKENS_RETURNED, offset=107133157950 ns
        ON_TOKENS_CALLED, generate 1 tokens, offset=108486576519 ns
        ON_TOKENS_RETURNED, offset=108486578162 ns
        ON_TOKENS_CALLED, generate 1 tokens, offset=109902299945 ns
        ON_TOKENS_RETURNED, offset=109902302012 ns
        ON_TOKENS_CALLED, generate 1 tokens, offset=111308117851 ns
        ON_TOKENS_RETURNED, offset=111308118975 ns
        ON_TOKENS_CALLED, generate 1 tokens, offset=112756635196 ns
        ON_TOKENS_RETURNED, offset=112756637037 ns
        ON_TOKENS_CALLED, generate 1 tokens, offset=114178253319 ns
        ON_TOKENS_RETURNED, offset=114178254775 ns
        ON_TOKENS_CALLED, generate 1 tokens, offset=115666196487 ns
        ON_TOKENS_RETURNED, offset=115666198308 ns
        ON_TOKENS_CALLED, generate 1 tokens, offset=117141885756 ns
        ON_TOKENS_RETURNED, offset=117141887639 ns
        ON_TOKENS_CALLED, generate 1 tokens, offset=118669654937 ns
        ON_TOKENS_RETURNED, offset=118669656254 ns
        ON_TOKENS_CALLED, generate 1 tokens, offset=120172590586 ns
        ON_TOKENS_RETURNED, offset=120172592279 ns
        ON_TOKENS_CALLED, generate 1 tokens, offset=121741035741 ns
        ON_TOKENS_RETURNED, offset=121741038387 ns
        ON_TOKENS_CALLED, generate 1 tokens, offset=123295610168 ns
        ON_TOKENS_RETURNED, offset=123295611289 ns
        ON_TOKENS_CALLED, generate 1 tokens, offset=124901860331 ns
        ON_TOKENS_RETURNED, offset=124901862040 ns
        ON_TOKENS_CALLED, generate 1 tokens, offset=126478224017 ns
        ON_TOKENS_RETURNED, offset=126478225660 ns
        ON_TOKENS_CALLED, generate 1 tokens, offset=128121592537 ns
        ON_TOKENS_RETURNED, offset=128121594381 ns
        ON_TOKENS_CALLED, generate 1 tokens, offset=129753848937 ns
        ON_TOKENS_RETURNED, offset=129753851075 ns
        ON_TOKENS_CALLED, generate 1 tokens, offset=131433071750 ns
        ON_TOKENS_RETURNED, offset=131433073486 ns
        ON_TOKENS_CALLED, generate 1 tokens, offset=133084903310 ns
        ON_TOKENS_RETURNED, offset=133084904240 ns
        ON_TOKENS_CALLED, generate 1 tokens, offset=134802978025 ns
        ON_TOKENS_RETURNED, offset=134803090462 ns
        ON_TOKENS_CALLED, generate 1 tokens, offset=136507907258 ns
        ON_TOKENS_RETURNED, offset=136507912090 ns
[15:29:55.205840559|thread 2634052|cpu 260] [debug] #EVT# HandleDetails::is_anomalous() handle_id=20 time in state STATE_OPENED exceeded threshold: 65527626140 ns
[15:29:55.205842181|thread 2634052|cpu 260] [debug] #EVT#   Handle,    20, Created, 753659862849464, Last, 753796370704047, Prompted,  8191, Generated,    64, Input TPS, 125.02, Output TPS:  0.79, Callbacks,    64, prompt parsing complete, open
[15:29:55.205856017|thread 2634052|cpu 260] [info ] #EVT#   Handle 20 history:
        SESSION_OPEN, prompt 8192 tokens, offset=0 ns
        PROMPT_TOKENS_REUSE, offset=65527616524 ns
        ON_START_CALLED, offset=65527626140 ns
        ON_START_RETURNED, offset=65527708650 ns
        ON_TOKENS_CALLED, generate 1 tokens, offset=65527718391 ns
        ON_TOKENS_RETURNED, offset=65527719644 ns
        ON_TOKENS_CALLED, generate 1 tokens, offset=66066611883 ns
        ON_TOKENS_RETURNED, offset=66066613256 ns
        ON_TOKENS_CALLED, generate 1 tokens, offset=66636228912 ns
        ON_TOKENS_RETURNED, offset=66636231502 ns
        ON_TOKENS_CALLED, generate 1 tokens, offset=67235977065 ns
        ON_TOKENS_RETURNED, offset=67235979322 ns
        ON_TOKENS_CALLED, generate 1 tokens, offset=67865304786 ns
        ON_TOKENS_RETURNED, offset=67865307798 ns
        ON_TOKENS_CALLED, generate 1 tokens, offset=68513543079 ns
        ON_TOKENS_RETURNED, offset=68513544904 ns
        ON_TOKENS_CALLED, generate 1 tokens, offset=69183700252 ns
        ON_TOKENS_RETURNED, offset=69183701518 ns
        ON_TOKENS_CALLED, generate 1 tokens, offset=69863164386 ns
        ON_TOKENS_RETURNED, offset=69863167048 ns
        ON_TOKENS_CALLED, generate 1 tokens, offset=70558958928 ns
        ON_TOKENS_RETURNED, offset=70558960514 ns
        ON_TOKENS_CALLED, generate 1 tokens, offset=71260575139 ns
        ON_TOKENS_RETURNED, offset=71260576593 ns
        ON_TOKENS_CALLED, generate 1 tokens, offset=71980243775 ns
        ON_TOKENS_RETURNED, offset=71980245295 ns
        ON_TOKENS_CALLED, generate 1 tokens, offset=72706132898 ns
        ON_TOKENS_RETURNED, offset=72706133888 ns
        ON_TOKENS_CALLED, generate 1 tokens, offset=73449937808 ns
        ON_TOKENS_RETURNED, offset=73449940144 ns
        ON_TOKENS_CALLED, generate 1 tokens, offset=74202863634 ns
        ON_TOKENS_RETURNED, offset=74202866216 ns
        ON_TOKENS_CALLED, generate 1 tokens, offset=74974072867 ns
        ON_TOKENS_RETURNED, offset=74974074777 ns
        ON_TOKENS_CALLED, generate 1 tokens, offset=75754812299 ns
        ON_TOKENS_RETURNED, offset=75754813666 ns
        ON_TOKENS_CALLED, generate 1 tokens, offset=76555350024 ns
        ON_TOKENS_RETURNED, offset=76555366631 ns
        ON_TOKENS_CALLED, generate 1 tokens, offset=77361748355 ns
        ON_TOKENS_RETURNED, offset=77361749450 ns
        ON_TOKENS_CALLED, generate 1 tokens, offset=78202760521 ns
        ON_TOKENS_RETURNED, offset=78202762682 ns
        ON_TOKENS_CALLED, generate 1 tokens, offset=79053510518 ns
        ON_TOKENS_RETURNED, offset=79053511942 ns
        ON_TOKENS_CALLED, generate 1 tokens, offset=79939980454 ns
        ON_TOKENS_RETURNED, offset=79939981377 ns
        ON_TOKENS_CALLED, generate 1 tokens, offset=80826427629 ns
        ON_TOKENS_RETURNED, offset=80826428929 ns
        ON_TOKENS_CALLED, generate 1 tokens, offset=81755418211 ns
        ON_TOKENS_RETURNED, offset=81755419584 ns
        ON_TOKENS_CALLED, generate 1 tokens, offset=82691574044 ns
        ON_TOKENS_RETURNED, offset=82691574990 ns
        ON_TOKENS_CALLED, generate 1 tokens, offset=83667289701 ns
        ON_TOKENS_RETURNED, offset=83667290575 ns
        ON_TOKENS_CALLED, generate 1 tokens, offset=84635563035 ns
        ON_TOKENS_RETURNED, offset=84635565490 ns
        ON_TOKENS_CALLED, generate 1 tokens, offset=85653546109 ns
        ON_TOKENS_RETURNED, offset=85653547060 ns
        ON_TOKENS_CALLED, generate 1 tokens, offset=86672328933 ns
        ON_TOKENS_RETURNED, offset=86672330095 ns
        ON_TOKENS_CALLED, generate 1 tokens, offset=87731588215 ns
        ON_TOKENS_RETURNED, offset=87731589355 ns
        ON_TOKENS_CALLED, generate 1 tokens, offset=88782934321 ns
        ON_TOKENS_RETURNED, offset=88782936585 ns
        ON_TOKENS_CALLED, generate 1 tokens, offset=89880529382 ns
        ON_TOKENS_RETURNED, offset=89880531375 ns
        ON_TOKENS_CALLED, generate 1 tokens, offset=90977359509 ns
        ON_TOKENS_RETURNED, offset=90977360933 ns
        ON_TOKENS_CALLED, generate 1 tokens, offset=92118958348 ns
        ON_TOKENS_RETURNED, offset=92118973332 ns
        ON_TOKENS_CALLED, generate 1 tokens, offset=93240641815 ns
        ON_TOKENS_RETURNED, offset=93240643747 ns
        ON_TOKENS_CALLED, generate 1 tokens, offset=94418579393 ns
        ON_TOKENS_RETURNED, offset=94418581026 ns
        ON_TOKENS_CALLED, generate 1 tokens, offset=95590110863 ns
        ON_TOKENS_RETURNED, offset=95590112314 ns
        ON_TOKENS_CALLED, generate 1 tokens, offset=96806497685 ns
        ON_TOKENS_RETURNED, offset=96806498584 ns
        ON_TOKENS_CALLED, generate 1 tokens, offset=98009217017 ns
        ON_TOKENS_RETURNED, offset=98009218603 ns
        ON_TOKENS_CALLED, generate 1 tokens, offset=99265142238 ns
        ON_TOKENS_RETURNED, offset=99265143544 ns
        ON_TOKENS_CALLED, generate 1 tokens, offset=100516808511 ns
        ON_TOKENS_RETURNED, offset=100516809556 ns
        ON_TOKENS_CALLED, generate 1 tokens, offset=101812507663 ns
        ON_TOKENS_RETURNED, offset=101812509912 ns
        ON_TOKENS_CALLED, generate 1 tokens, offset=103088618215 ns
        ON_TOKENS_RETURNED, offset=103088619761 ns
        ON_TOKENS_CALLED, generate 1 tokens, offset=104426761313 ns
        ON_TOKENS_RETURNED, offset=104426762169 ns
        ON_TOKENS_CALLED, generate 1 tokens, offset=105756467082 ns
        ON_TOKENS_RETURNED, offset=105756468139 ns
        ON_TOKENS_CALLED, generate 1 tokens, offset=107133096942 ns
        ON_TOKENS_RETURNED, offset=107133099582 ns
        ON_TOKENS_CALLED, generate 1 tokens, offset=108486518574 ns
        ON_TOKENS_RETURNED, offset=108486520245 ns
        ON_TOKENS_CALLED, generate 1 tokens, offset=109902241636 ns
        ON_TOKENS_RETURNED, offset=109902243922 ns
        ON_TOKENS_CALLED, generate 1 tokens, offset=111308064755 ns
        ON_TOKENS_RETURNED, offset=111308066487 ns
        ON_TOKENS_CALLED, generate 1 tokens, offset=112756581991 ns
        ON_TOKENS_RETURNED, offset=112756582859 ns
        ON_TOKENS_CALLED, generate 1 tokens, offset=114178194500 ns
        ON_TOKENS_RETURNED, offset=114178197113 ns
        ON_TOKENS_CALLED, generate 1 tokens, offset=115666138994 ns
        ON_TOKENS_RETURNED, offset=115666141429 ns
        ON_TOKENS_CALLED, generate 1 tokens, offset=117141827184 ns
        ON_TOKENS_RETURNED, offset=117141828470 ns
        ON_TOKENS_CALLED, generate 1 tokens, offset=118669598800 ns
        ON_TOKENS_RETURNED, offset=118669600406 ns
        ON_TOKENS_CALLED, generate 1 tokens, offset=120172531516 ns
        ON_TOKENS_RETURNED, offset=120172533704 ns
        ON_TOKENS_CALLED, generate 1 tokens, offset=121740978181 ns
        ON_TOKENS_RETURNED, offset=121740980657 ns
        ON_TOKENS_CALLED, generate 1 tokens, offset=123295546588 ns
        ON_TOKENS_RETURNED, offset=123295547747 ns
        ON_TOKENS_CALLED, generate 1 tokens, offset=124901802769 ns
        ON_TOKENS_RETURNED, offset=124901804029 ns
        ON_TOKENS_CALLED, generate 1 tokens, offset=126478166819 ns
        ON_TOKENS_RETURNED, offset=126478168254 ns
        ON_TOKENS_CALLED, generate 1 tokens, offset=128121534643 ns
        ON_TOKENS_RETURNED, offset=128121536654 ns
        ON_TOKENS_CALLED, generate 1 tokens, offset=129753789463 ns
        ON_TOKENS_RETURNED, offset=129753791776 ns
        ON_TOKENS_CALLED, generate 1 tokens, offset=131433011744 ns
        ON_TOKENS_RETURNED, offset=131433014356 ns
        ON_TOKENS_CALLED, generate 1 tokens, offset=133084846237 ns
        ON_TOKENS_RETURNED, offset=133084847802 ns
        ON_TOKENS_CALLED, generate 1 tokens, offset=134802918287 ns
        ON_TOKENS_RETURNED, offset=134803056595 ns
        ON_TOKENS_CALLED, generate 1 tokens, offset=136507849366 ns
        ON_TOKENS_RETURNED, offset=136507854583 ns
[15:29:55.205864610|thread 2634052|cpu 260] [debug] #EVT# HandleDetails::is_anomalous() handle_id=24 time in state STATE_OPENED exceeded threshold: 65527582731 ns
[15:29:55.205866256|thread 2634052|cpu 260] [debug] #EVT#   Handle,    24, Created, 753659862892543, Last, 753796370704127, Prompted,  8191, Generated,    64, Input TPS, 125.02, Output TPS:  0.79, Callbacks,    64, prompt parsing complete, open
[15:29:55.205879249|thread 2634052|cpu 260] [info ] #EVT#   Handle 24 history:
        SESSION_OPEN, prompt 8192 tokens, offset=0 ns
        PROMPT_TOKENS_REUSE, offset=65527573057 ns
        ON_START_CALLED, offset=65527582731 ns
        ON_START_RETURNED, offset=65527750302 ns
        ON_TOKENS_CALLED, generate 1 tokens, offset=65527759122 ns
        ON_TOKENS_RETURNED, offset=65527760022 ns
        ON_TOKENS_CALLED, generate 1 tokens, offset=66066582559 ns
        ON_TOKENS_RETURNED, offset=66066584246 ns
        ON_TOKENS_CALLED, generate 1 tokens, offset=66636186609 ns
        ON_TOKENS_RETURNED, offset=66636187459 ns
        ON_TOKENS_CALLED, generate 1 tokens, offset=67235933545 ns
        ON_TOKENS_RETURNED, offset=67235934684 ns
        ON_TOKENS_CALLED, generate 1 tokens, offset=67865269417 ns
        ON_TOKENS_RETURNED, offset=67865272297 ns
        ON_TOKENS_CALLED, generate 1 tokens, offset=68513502268 ns
        ON_TOKENS_RETURNED, offset=68513503601 ns
        ON_TOKENS_CALLED, generate 1 tokens, offset=69183659062 ns
        ON_TOKENS_RETURNED, offset=69183660208 ns
        ON_TOKENS_CALLED, generate 1 tokens, offset=69863122946 ns
        ON_TOKENS_RETURNED, offset=69863125287 ns
        ON_TOKENS_CALLED, generate 1 tokens, offset=70558913752 ns
        ON_TOKENS_RETURNED, offset=70558915486 ns
        ON_TOKENS_CALLED, generate 1 tokens, offset=71260529303 ns
        ON_TOKENS_RETURNED, offset=71260531189 ns
        ON_TOKENS_CALLED, generate 1 tokens, offset=71980201138 ns
        ON_TOKENS_RETURNED, offset=71980202551 ns
        ON_TOKENS_CALLED, generate 1 tokens, offset=72706090523 ns
        ON_TOKENS_RETURNED, offset=72706092873 ns
        ON_TOKENS_CALLED, generate 1 tokens, offset=73449895999 ns
        ON_TOKENS_RETURNED, offset=73449898237 ns
        ON_TOKENS_CALLED, generate 1 tokens, offset=74202822848 ns
        ON_TOKENS_RETURNED, offset=74202825309 ns
        ON_TOKENS_CALLED, generate 1 tokens, offset=74974031450 ns
        ON_TOKENS_RETURNED, offset=74974033358 ns
        ON_TOKENS_CALLED, generate 1 tokens, offset=75754771722 ns
        ON_TOKENS_RETURNED, offset=75754773207 ns
        ON_TOKENS_CALLED, generate 1 tokens, offset=76555312639 ns
        ON_TOKENS_RETURNED, offset=76555340346 ns
        ON_TOKENS_CALLED, generate 1 tokens, offset=77361706870 ns
        ON_TOKENS_RETURNED, offset=77361707994 ns
        ON_TOKENS_CALLED, generate 1 tokens, offset=78202720008 ns
        ON_TOKENS_RETURNED, offset=78202721802 ns
        ON_TOKENS_CALLED, generate 1 tokens, offset=79053465770 ns
        ON_TOKENS_RETURNED, offset=79053467010 ns
        ON_TOKENS_CALLED, generate 1 tokens, offset=79939940698 ns
        ON_TOKENS_RETURNED, offset=79939942858 ns
        ON_TOKENS_CALLED, generate 1 tokens, offset=80826385721 ns
        ON_TOKENS_RETURNED, offset=80826387997 ns
        ON_TOKENS_CALLED, generate 1 tokens, offset=81755371287 ns
        ON_TOKENS_RETURNED, offset=81755373315 ns
        ON_TOKENS_CALLED, generate 1 tokens, offset=82691522651 ns
        ON_TOKENS_RETURNED, offset=82691523895 ns
        ON_TOKENS_CALLED, generate 1 tokens, offset=83667248923 ns
        ON_TOKENS_RETURNED, offset=83667250413 ns
        ON_TOKENS_CALLED, generate 1 tokens, offset=84635522482 ns
        ON_TOKENS_RETURNED, offset=84635525015 ns
        ON_TOKENS_CALLED, generate 1 tokens, offset=85653504410 ns
        ON_TOKENS_RETURNED, offset=85653505487 ns
        ON_TOKENS_CALLED, generate 1 tokens, offset=86672285104 ns
        ON_TOKENS_RETURNED, offset=86672286511 ns
        ON_TOKENS_CALLED, generate 1 tokens, offset=87731545770 ns
        ON_TOKENS_RETURNED, offset=87731547318 ns
        ON_TOKENS_CALLED, generate 1 tokens, offset=88782901578 ns
        ON_TOKENS_RETURNED, offset=88782902742 ns
        ON_TOKENS_CALLED, generate 1 tokens, offset=89880490359 ns
        ON_TOKENS_RETURNED, offset=89880491888 ns
        ON_TOKENS_CALLED, generate 1 tokens, offset=90977319268 ns
        ON_TOKENS_RETURNED, offset=90977322092 ns
        ON_TOKENS_CALLED, generate 1 tokens, offset=92118917973 ns
        ON_TOKENS_RETURNED, offset=92118932409 ns
        ON_TOKENS_CALLED, generate 1 tokens, offset=93240604239 ns
        ON_TOKENS_RETURNED, offset=93240605728 ns
        ON_TOKENS_CALLED, generate 1 tokens, offset=94418543925 ns
        ON_TOKENS_RETURNED, offset=94418545039 ns
        ON_TOKENS_CALLED, generate 1 tokens, offset=95590078844 ns
        ON_TOKENS_RETURNED, offset=95590080372 ns
        ON_TOKENS_CALLED, generate 1 tokens, offset=96806477391 ns
        ON_TOKENS_RETURNED, offset=96806478677 ns
        ON_TOKENS_CALLED, generate 1 tokens, offset=98009178139 ns
        ON_TOKENS_RETURNED, offset=98009180008 ns
        ON_TOKENS_CALLED, generate 1 tokens, offset=99265100585 ns
        ON_TOKENS_RETURNED, offset=99265102573 ns
        ON_TOKENS_CALLED, generate 1 tokens, offset=100516766395 ns
        ON_TOKENS_RETURNED, offset=100516768366 ns
        ON_TOKENS_CALLED, generate 1 tokens, offset=101812475190 ns
        ON_TOKENS_RETURNED, offset=101812476460 ns
        ON_TOKENS_CALLED, generate 1 tokens, offset=103088576600 ns
        ON_TOKENS_RETURNED, offset=103088577769 ns
        ON_TOKENS_CALLED, generate 1 tokens, offset=104426719591 ns
        ON_TOKENS_RETURNED, offset=104426720443 ns
        ON_TOKENS_CALLED, generate 1 tokens, offset=105756424209 ns
        ON_TOKENS_RETURNED, offset=105756426010 ns
        ON_TOKENS_CALLED, generate 1 tokens, offset=107133054996 ns
        ON_TOKENS_RETURNED, offset=107133057159 ns
        ON_TOKENS_CALLED, generate 1 tokens, offset=108486478612 ns
        ON_TOKENS_RETURNED, offset=108486480012 ns
        ON_TOKENS_CALLED, generate 1 tokens, offset=109902200457 ns
        ON_TOKENS_RETURNED, offset=109902202277 ns
        ON_TOKENS_CALLED, generate 1 tokens, offset=111308018234 ns
        ON_TOKENS_RETURNED, offset=111308019545 ns
        ON_TOKENS_CALLED, generate 1 tokens, offset=112756541482 ns
        ON_TOKENS_RETURNED, offset=112756543347 ns
        ON_TOKENS_CALLED, generate 1 tokens, offset=114178152690 ns
        ON_TOKENS_RETURNED, offset=114178154739 ns
        ON_TOKENS_CALLED, generate 1 tokens, offset=115666098046 ns
        ON_TOKENS_RETURNED, offset=115666100236 ns
        ON_TOKENS_CALLED, generate 1 tokens, offset=117141784445 ns
        ON_TOKENS_RETURNED, offset=117141785662 ns
        ON_TOKENS_CALLED, generate 1 tokens, offset=118669553576 ns
        ON_TOKENS_RETURNED, offset=118669555501 ns
        ON_TOKENS_CALLED, generate 1 tokens, offset=120172492859 ns
        ON_TOKENS_RETURNED, offset=120172495140 ns
        ON_TOKENS_CALLED, generate 1 tokens, offset=121740939621 ns
        ON_TOKENS_RETURNED, offset=121740940739 ns
        ON_TOKENS_CALLED, generate 1 tokens, offset=123295504160 ns
        ON_TOKENS_RETURNED, offset=123295505449 ns
        ON_TOKENS_CALLED, generate 1 tokens, offset=124901769310 ns
        ON_TOKENS_RETURNED, offset=124901770719 ns
        ON_TOKENS_CALLED, generate 1 tokens, offset=126478123120 ns
        ON_TOKENS_RETURNED, offset=126478125466 ns
        ON_TOKENS_CALLED, generate 1 tokens, offset=128121500037 ns
        ON_TOKENS_RETURNED, offset=128121501425 ns
        ON_TOKENS_CALLED, generate 1 tokens, offset=129753748956 ns
        ON_TOKENS_RETURNED, offset=129753751207 ns
        ON_TOKENS_CALLED, generate 1 tokens, offset=131432969214 ns
        ON_TOKENS_RETURNED, offset=131432970951 ns
        ON_TOKENS_CALLED, generate 1 tokens, offset=133084805390 ns
        ON_TOKENS_RETURNED, offset=133084806887 ns
        ON_TOKENS_CALLED, generate 1 tokens, offset=134802883451 ns
        ON_TOKENS_RETURNED, offset=134803070316 ns
        ON_TOKENS_CALLED, generate 1 tokens, offset=136507808009 ns
        ON_TOKENS_RETURNED, offset=136507811584 ns
[15:29:55.205888369|thread 2634052|cpu 260] [debug] #EVT# HandleDetails::is_anomalous() handle_id=26 time in state STATE_OPENED exceeded threshold: 65527557477 ns
[15:29:55.205889938|thread 2634052|cpu 260] [debug] #EVT#   Handle,    26, Created, 753659862917881, Last, 753796370708671, Prompted,  8191, Generated,    64, Input TPS, 125.02, Output TPS:  0.79, Callbacks,    64, prompt parsing complete, open
[15:29:55.205903006|thread 2634052|cpu 260] [info ] #EVT#   Handle 26 history:
        SESSION_OPEN, prompt 8192 tokens, offset=0 ns
        PROMPT_TOKENS_REUSE, offset=65527549700 ns
        ON_START_CALLED, offset=65527557477 ns
        ON_START_RETURNED, offset=65527615126 ns
        ON_TOKENS_CALLED, generate 1 tokens, offset=65527626210 ns
        ON_TOKENS_RETURNED, offset=65527627911 ns
        ON_TOKENS_CALLED, generate 1 tokens, offset=66066562090 ns
        ON_TOKENS_RETURNED, offset=66066563550 ns
        ON_TOKENS_CALLED, generate 1 tokens, offset=66636161086 ns
        ON_TOKENS_RETURNED, offset=66636162947 ns
        ON_TOKENS_CALLED, generate 1 tokens, offset=67235910484 ns
        ON_TOKENS_RETURNED, offset=67235912144 ns
        ON_TOKENS_CALLED, generate 1 tokens, offset=67865245358 ns
        ON_TOKENS_RETURNED, offset=67865247439 ns
        ON_TOKENS_CALLED, generate 1 tokens, offset=68513479564 ns
        ON_TOKENS_RETURNED, offset=68513480759 ns
        ON_TOKENS_CALLED, generate 1 tokens, offset=69183634771 ns
        ON_TOKENS_RETURNED, offset=69183635656 ns
        ON_TOKENS_CALLED, generate 1 tokens, offset=69863099418 ns
        ON_TOKENS_RETURNED, offset=69863100203 ns
        ON_TOKENS_CALLED, generate 1 tokens, offset=70558891110 ns
        ON_TOKENS_RETURNED, offset=70558893254 ns
        ON_TOKENS_CALLED, generate 1 tokens, offset=71260504652 ns
        ON_TOKENS_RETURNED, offset=71260506209 ns
        ON_TOKENS_CALLED, generate 1 tokens, offset=71980175111 ns
        ON_TOKENS_RETURNED, offset=71980176457 ns
        ON_TOKENS_CALLED, generate 1 tokens, offset=72706065743 ns
        ON_TOKENS_RETURNED, offset=72706067807 ns
        ON_TOKENS_CALLED, generate 1 tokens, offset=73449872084 ns
        ON_TOKENS_RETURNED, offset=73449873041 ns
        ON_TOKENS_CALLED, generate 1 tokens, offset=74202799143 ns
        ON_TOKENS_RETURNED, offset=74202801184 ns
        ON_TOKENS_CALLED, generate 1 tokens, offset=74974010551 ns
        ON_TOKENS_RETURNED, offset=74974012059 ns
        ON_TOKENS_CALLED, generate 1 tokens, offset=75754749231 ns
        ON_TOKENS_RETURNED, offset=75754749963 ns
        ON_TOKENS_CALLED, generate 1 tokens, offset=76555294774 ns
        ON_TOKENS_RETURNED, offset=76555307444 ns
        ON_TOKENS_CALLED, generate 1 tokens, offset=77361683182 ns
        ON_TOKENS_RETURNED, offset=77361683882 ns
        ON_TOKENS_CALLED, generate 1 tokens, offset=78202695600 ns
        ON_TOKENS_RETURNED, offset=78202696583 ns
        ON_TOKENS_CALLED, generate 1 tokens, offset=79053443233 ns
        ON_TOKENS_RETURNED, offset=79053444349 ns
        ON_TOKENS_CALLED, generate 1 tokens, offset=79939915276 ns
        ON_TOKENS_RETURNED, offset=79939917251 ns
        ON_TOKENS_CALLED, generate 1 tokens, offset=80826362746 ns
        ON_TOKENS_RETURNED, offset=80826363997 ns
        ON_TOKENS_CALLED, generate 1 tokens, offset=81755346153 ns
        ON_TOKENS_RETURNED, offset=81755347475 ns
        ON_TOKENS_CALLED, generate 1 tokens, offset=82691510889 ns
        ON_TOKENS_RETURNED, offset=82691511665 ns
        ON_TOKENS_CALLED, generate 1 tokens, offset=83667229038 ns
        ON_TOKENS_RETURNED, offset=83667230479 ns
        ON_TOKENS_CALLED, generate 1 tokens, offset=84635498039 ns
        ON_TOKENS_RETURNED, offset=84635499326 ns
        ON_TOKENS_CALLED, generate 1 tokens, offset=85653479726 ns
        ON_TOKENS_RETURNED, offset=85653481219 ns
        ON_TOKENS_CALLED, generate 1 tokens, offset=86672258942 ns
        ON_TOKENS_RETURNED, offset=86672260125 ns
        ON_TOKENS_CALLED, generate 1 tokens, offset=87731521447 ns
        ON_TOKENS_RETURNED, offset=87731522270 ns
        ON_TOKENS_CALLED, generate 1 tokens, offset=88782872736 ns
        ON_TOKENS_RETURNED, offset=88782873834 ns
        ON_TOKENS_CALLED, generate 1 tokens, offset=89880464352 ns
        ON_TOKENS_RETURNED, offset=89880467189 ns
        ON_TOKENS_CALLED, generate 1 tokens, offset=90977292706 ns
        ON_TOKENS_RETURNED, offset=90977295746 ns
        ON_TOKENS_CALLED, generate 1 tokens, offset=92118893510 ns
        ON_TOKENS_RETURNED, offset=92118917997 ns
        ON_TOKENS_CALLED, generate 1 tokens, offset=93240576289 ns
        ON_TOKENS_RETURNED, offset=93240578643 ns
        ON_TOKENS_CALLED, generate 1 tokens, offset=94418521854 ns
        ON_TOKENS_RETURNED, offset=94418523014 ns
        ON_TOKENS_CALLED, generate 1 tokens, offset=95590051214 ns
        ON_TOKENS_RETURNED, offset=95590052334 ns
        ON_TOKENS_CALLED, generate 1 tokens, offset=96806455105 ns
        ON_TOKENS_RETURNED, offset=96806456096 ns
        ON_TOKENS_CALLED, generate 1 tokens, offset=98009150713 ns
        ON_TOKENS_RETURNED, offset=98009152169 ns
        ON_TOKENS_CALLED, generate 1 tokens, offset=99265075822 ns
        ON_TOKENS_RETURNED, offset=99265077080 ns
        ON_TOKENS_CALLED, generate 1 tokens, offset=100516741053 ns
        ON_TOKENS_RETURNED, offset=100516742074 ns
        ON_TOKENS_CALLED, generate 1 tokens, offset=101812446991 ns
        ON_TOKENS_RETURNED, offset=101812447886 ns
        ON_TOKENS_CALLED, generate 1 tokens, offset=103088550322 ns
        ON_TOKENS_RETURNED, offset=103088552114 ns
        ON_TOKENS_CALLED, generate 1 tokens, offset=104426693836 ns
        ON_TOKENS_RETURNED, offset=104426696087 ns
        ON_TOKENS_CALLED, generate 1 tokens, offset=105756403214 ns
        ON_TOKENS_RETURNED, offset=105756404047 ns
        ON_TOKENS_CALLED, generate 1 tokens, offset=107133031062 ns
        ON_TOKENS_RETURNED, offset=107133032462 ns
        ON_TOKENS_CALLED, generate 1 tokens, offset=108486453803 ns
        ON_TOKENS_RETURNED, offset=108486455835 ns
        ON_TOKENS_CALLED, generate 1 tokens, offset=109902176672 ns
        ON_TOKENS_RETURNED, offset=109902177476 ns
        ON_TOKENS_CALLED, generate 1 tokens, offset=111307994473 ns
        ON_TOKENS_RETURNED, offset=111307995462 ns
        ON_TOKENS_CALLED, generate 1 tokens, offset=112756512067 ns
        ON_TOKENS_RETURNED, offset=112756514598 ns
        ON_TOKENS_CALLED, generate 1 tokens, offset=114178128245 ns
        ON_TOKENS_RETURNED, offset=114178130488 ns
        ON_TOKENS_CALLED, generate 1 tokens, offset=115666073378 ns
        ON_TOKENS_RETURNED, offset=115666074169 ns
        ON_TOKENS_CALLED, generate 1 tokens, offset=117141760406 ns
        ON_TOKENS_RETURNED, offset=117141761956 ns
        ON_TOKENS_CALLED, generate 1 tokens, offset=118669531658 ns
        ON_TOKENS_RETURNED, offset=118669532409 ns
        ON_TOKENS_CALLED, generate 1 tokens, offset=120172468322 ns
        ON_TOKENS_RETURNED, offset=120172469547 ns
        ON_TOKENS_CALLED, generate 1 tokens, offset=121740914923 ns
        ON_TOKENS_RETURNED, offset=121740916032 ns
        ON_TOKENS_CALLED, generate 1 tokens, offset=123295482067 ns
        ON_TOKENS_RETURNED, offset=123295482967 ns
        ON_TOKENS_CALLED, generate 1 tokens, offset=124901749798 ns
        ON_TOKENS_RETURNED, offset=124901751223 ns
        ON_TOKENS_CALLED, generate 1 tokens, offset=126478098813 ns
        ON_TOKENS_RETURNED, offset=126478101350 ns
        ON_TOKENS_CALLED, generate 1 tokens, offset=128121481232 ns
        ON_TOKENS_RETURNED, offset=128121482171 ns
        ON_TOKENS_CALLED, generate 1 tokens, offset=129753725271 ns
        ON_TOKENS_RETURNED, offset=129753726207 ns
        ON_TOKENS_CALLED, generate 1 tokens, offset=131432945298 ns
        ON_TOKENS_RETURNED, offset=131432947405 ns
        ON_TOKENS_CALLED, generate 1 tokens, offset=133084780345 ns
        ON_TOKENS_RETURNED, offset=133084781630 ns
        ON_TOKENS_CALLED, generate 1 tokens, offset=134802855239 ns
        ON_TOKENS_RETURNED, offset=134803023759 ns
        ON_TOKENS_CALLED, generate 1 tokens, offset=136507785862 ns
        ON_TOKENS_RETURNED, offset=136507790790 ns
[15:29:55.205913345|thread 2634052|cpu 260] [debug] #EVT# HandleDetails::is_anomalous() handle_id=27 time in state STATE_OPENED exceeded threshold: 65527550772 ns
[15:29:55.205914981|thread 2634052|cpu 260] [debug] #EVT#   Handle,    27, Created, 753659862928560, Last, 753796370712978, Prompted,  8191, Generated,    64, Input TPS, 125.02, Output TPS:  0.79, Callbacks,    64, prompt parsing complete, open
[15:29:55.205928326|thread 2634052|cpu 260] [info ] #EVT#   Handle 27 history:
        SESSION_OPEN, prompt 8192 tokens, offset=0 ns
        PROMPT_TOKENS_REUSE, offset=65527545589 ns
        ON_START_CALLED, offset=65527550772 ns
        ON_START_RETURNED, offset=65527737906 ns
        ON_TOKENS_CALLED, generate 1 tokens, offset=65527761029 ns
        ON_TOKENS_RETURNED, offset=65527762184 ns
        ON_TOKENS_CALLED, generate 1 tokens, offset=66066562827 ns
        ON_TOKENS_RETURNED, offset=66066564607 ns
        ON_TOKENS_CALLED, generate 1 tokens, offset=66636153054 ns
        ON_TOKENS_RETURNED, offset=66636155182 ns
        ON_TOKENS_CALLED, generate 1 tokens, offset=67235900909 ns
        ON_TOKENS_RETURNED, offset=67235903508 ns
        ON_TOKENS_CALLED, generate 1 tokens, offset=67865239408 ns
        ON_TOKENS_RETURNED, offset=67865241120 ns
        ON_TOKENS_CALLED, generate 1 tokens, offset=68513468006 ns
        ON_TOKENS_RETURNED, offset=68513469484 ns
        ON_TOKENS_CALLED, generate 1 tokens, offset=69183621288 ns
        ON_TOKENS_RETURNED, offset=69183623730 ns
        ON_TOKENS_CALLED, generate 1 tokens, offset=69863091001 ns
        ON_TOKENS_RETURNED, offset=69863092193 ns
        ON_TOKENS_CALLED, generate 1 tokens, offset=70558882296 ns
        ON_TOKENS_RETURNED, offset=70558896682 ns
        ON_TOKENS_CALLED, generate 1 tokens, offset=71260499047 ns
        ON_TOKENS_RETURNED, offset=71260500618 ns
        ON_TOKENS_CALLED, generate 1 tokens, offset=71980162101 ns
        ON_TOKENS_RETURNED, offset=71980164351 ns
        ON_TOKENS_CALLED, generate 1 tokens, offset=72706060849 ns
        ON_TOKENS_RETURNED, offset=72706061945 ns
        ON_TOKENS_CALLED, generate 1 tokens, offset=73449863689 ns
        ON_TOKENS_RETURNED, offset=73449864713 ns
        ON_TOKENS_CALLED, generate 1 tokens, offset=74202792822 ns
        ON_TOKENS_RETURNED, offset=74202794003 ns
        ON_TOKENS_CALLED, generate 1 tokens, offset=74973998278 ns
        ON_TOKENS_RETURNED, offset=74974000947 ns
        ON_TOKENS_CALLED, generate 1 tokens, offset=75754734325 ns
        ON_TOKENS_RETURNED, offset=75754735971 ns
        ON_TOKENS_CALLED, generate 1 tokens, offset=76555272864 ns
        ON_TOKENS_RETURNED, offset=76555287277 ns
        ON_TOKENS_CALLED, generate 1 tokens, offset=77361674342 ns
        ON_TOKENS_RETURNED, offset=77361677781 ns
        ON_TOKENS_CALLED, generate 1 tokens, offset=78202692395 ns
        ON_TOKENS_RETURNED, offset=78202693502 ns
        ON_TOKENS_CALLED, generate 1 tokens, offset=79053432142 ns
        ON_TOKENS_RETURNED, offset=79053434083 ns
        ON_TOKENS_CALLED, generate 1 tokens, offset=79939903176 ns
        ON_TOKENS_RETURNED, offset=79939905172 ns
        ON_TOKENS_CALLED, generate 1 tokens, offset=80826351794 ns
        ON_TOKENS_RETURNED, offset=80826354270 ns
        ON_TOKENS_CALLED, generate 1 tokens, offset=81755338516 ns
        ON_TOKENS_RETURNED, offset=81755340432 ns
        ON_TOKENS_CALLED, generate 1 tokens, offset=82691489629 ns
        ON_TOKENS_RETURNED, offset=82691491234 ns
        ON_TOKENS_CALLED, generate 1 tokens, offset=83667216911 ns
        ON_TOKENS_RETURNED, offset=83667219406 ns
        ON_TOKENS_CALLED, generate 1 tokens, offset=84635488879 ns
        ON_TOKENS_RETURNED, offset=84635490025 ns
        ON_TOKENS_CALLED, generate 1 tokens, offset=85653471064 ns
        ON_TOKENS_RETURNED, offset=85653472047 ns
        ON_TOKENS_CALLED, generate 1 tokens, offset=86672254244 ns
        ON_TOKENS_RETURNED, offset=86672255354 ns
        ON_TOKENS_CALLED, generate 1 tokens, offset=87731515630 ns
        ON_TOKENS_RETURNED, offset=87731516611 ns
        ON_TOKENS_CALLED, generate 1 tokens, offset=88782859057 ns
        ON_TOKENS_RETURNED, offset=88782860501 ns
        ON_TOKENS_CALLED, generate 1 tokens, offset=89880455231 ns
        ON_TOKENS_RETURNED, offset=89880457313 ns
        ON_TOKENS_CALLED, generate 1 tokens, offset=90977292151 ns
        ON_TOKENS_RETURNED, offset=90977293349 ns
        ON_TOKENS_CALLED, generate 1 tokens, offset=92118885173 ns
        ON_TOKENS_RETURNED, offset=92118889456 ns
        ON_TOKENS_CALLED, generate 1 tokens, offset=93240568047 ns
        ON_TOKENS_RETURNED, offset=93240570270 ns
        ON_TOKENS_CALLED, generate 1 tokens, offset=94418506843 ns
        ON_TOKENS_RETURNED, offset=94418507953 ns
        ON_TOKENS_CALLED, generate 1 tokens, offset=95590038727 ns
        ON_TOKENS_RETURNED, offset=95590040177 ns
        ON_TOKENS_CALLED, generate 1 tokens, offset=96806423877 ns
        ON_TOKENS_RETURNED, offset=96806425272 ns
        ON_TOKENS_CALLED, generate 1 tokens, offset=98009137530 ns
        ON_TOKENS_RETURNED, offset=98009138984 ns
        ON_TOKENS_CALLED, generate 1 tokens, offset=99265074822 ns
        ON_TOKENS_RETURNED, offset=99265076214 ns
        ON_TOKENS_CALLED, generate 1 tokens, offset=100516732175 ns
        ON_TOKENS_RETURNED, offset=100516734380 ns
        ON_TOKENS_CALLED, generate 1 tokens, offset=101812433963 ns
        ON_TOKENS_RETURNED, offset=101812435033 ns
        ON_TOKENS_CALLED, generate 1 tokens, offset=103088535839 ns
        ON_TOKENS_RETURNED, offset=103088538504 ns
        ON_TOKENS_CALLED, generate 1 tokens, offset=104426689296 ns
        ON_TOKENS_RETURNED, offset=104426690570 ns
        ON_TOKENS_CALLED, generate 1 tokens, offset=105756390892 ns
        ON_TOKENS_RETURNED, offset=105756392438 ns
        ON_TOKENS_CALLED, generate 1 tokens, offset=107133023985 ns
        ON_TOKENS_RETURNED, offset=107133026203 ns
        ON_TOKENS_CALLED, generate 1 tokens, offset=108486444474 ns
        ON_TOKENS_RETURNED, offset=108486445716 ns
        ON_TOKENS_CALLED, generate 1 tokens, offset=109902168524 ns
        ON_TOKENS_RETURNED, offset=109902170971 ns
        ON_TOKENS_CALLED, generate 1 tokens, offset=111307986351 ns
        ON_TOKENS_RETURNED, offset=111307988002 ns
        ON_TOKENS_CALLED, generate 1 tokens, offset=112756505129 ns
        ON_TOKENS_RETURNED, offset=112756506661 ns
        ON_TOKENS_CALLED, generate 1 tokens, offset=114178124909 ns
        ON_TOKENS_RETURNED, offset=114178125950 ns
        ON_TOKENS_CALLED, generate 1 tokens, offset=115666065941 ns
        ON_TOKENS_RETURNED, offset=115666066911 ns
        ON_TOKENS_CALLED, generate 1 tokens, offset=117141754397 ns
        ON_TOKENS_RETURNED, offset=117141755638 ns
        ON_TOKENS_CALLED, generate 1 tokens, offset=118669521210 ns
        ON_TOKENS_RETURNED, offset=118669522620 ns
        ON_TOKENS_CALLED, generate 1 tokens, offset=120172456248 ns
        ON_TOKENS_RETURNED, offset=120172459386 ns
        ON_TOKENS_CALLED, generate 1 tokens, offset=121740905885 ns
        ON_TOKENS_RETURNED, offset=121740907071 ns
        ON_TOKENS_CALLED, generate 1 tokens, offset=123295468045 ns
        ON_TOKENS_RETURNED, offset=123295470168 ns
        ON_TOKENS_CALLED, generate 1 tokens, offset=124901732062 ns
        ON_TOKENS_RETURNED, offset=124901735164 ns
        ON_TOKENS_CALLED, generate 1 tokens, offset=126478090433 ns
        ON_TOKENS_RETURNED, offset=126478091818 ns
        ON_TOKENS_CALLED, generate 1 tokens, offset=128121463335 ns
        ON_TOKENS_RETURNED, offset=128121465827 ns
        ON_TOKENS_CALLED, generate 1 tokens, offset=129753715720 ns
        ON_TOKENS_RETURNED, offset=129753716882 ns
        ON_TOKENS_CALLED, generate 1 tokens, offset=131432932797 ns
        ON_TOKENS_RETURNED, offset=131432935618 ns
        ON_TOKENS_CALLED, generate 1 tokens, offset=133084769156 ns
        ON_TOKENS_RETURNED, offset=133084771298 ns
        ON_TOKENS_CALLED, generate 1 tokens, offset=134802844443 ns
        ON_TOKENS_RETURNED, offset=134803066126 ns
        ON_TOKENS_CALLED, generate 1 tokens, offset=136507779351 ns
        ON_TOKENS_RETURNED, offset=136507784418 ns
[15:29:55.906241031|thread 2634051|cpu 260] [info ] KV cache footprint: 25.27 GB in 115 books
[15:30:04.466024257|thread 2634051|cpu 260] [info ] KV cache footprint: 26.37 GB in 120 books
[15:30:07.700183365|thread 2634051|cpu 260] [info ] KV cache footprint: 27.47 GB in 125 books
[15:30:15.915664872|thread 2634031|cpu 260] [info ] [Request 11] Parsing the prompt took 167.466772846 s at 48.917166437148964 tokens/s
[15:30:21.666145132|thread 2634051|cpu 260] [info ] KV cache footprint: 28.56 GB in 130 books
[15:30:27.927324545|thread 2634051|cpu 260] [info ] KV cache footprint: 29.66 GB in 135 books
[15:30:37.530253617|thread 2634051|cpu 260] [info ] KV cache footprint: 30.76 GB in 140 books
[15:30:38.990951121|thread 2634032|cpu 260] [info ] [Request 12] Parsing the prompt took 190.542046839 s at 42.993135299537826 tokens/s
[15:30:50.309966059|thread 2634033|cpu 260] [info ] [Request 16] Parsing the prompt took 201.861013376 s at 40.58237825617682 tokens/s
[15:30:50.310267998|thread 2634051|cpu 260] [info ] KV cache footprint: 31.86 GB in 145 books
[15:30:55.926174566|thread 2634034|cpu 260] [info ] [Request 18] Parsing the prompt took 207.47719884 s at 39.48385676017063 tokens/s
[15:30:57.250877168|thread 2634024|cpu 260] [info ] [Request 28] Generating 61 response tokens with 8193 context took 69.972082 s at 0.872 average tok/s, or 1147.083 ms/tok
[15:30:57.250878009|thread 2634025|cpu 260] [info ] [Request 29] Generating 61 response tokens with 8193 context took 69.972087 s at 0.872 average tok/s, or 1147.083 ms/tok
[15:30:57.250878037|thread 2634026|cpu 260] [info ] [Request 32] Generating 61 response tokens with 8193 context took 69.972082 s at 0.872 average tok/s, or 1147.083 ms/tok
[15:30:57.250943527|thread 2634026|cpu 260] [info ] [Request 32] Request with 8192 tokens in and 64 out (sequence limit) saw 138.179115 s TTFT and 208.801726 s TTLT
[15:30:57.250879788|thread 2634027|cpu 260] [info ] [Request 3] Generating 61 response tokens with 8193 context took 69.972083 s at 0.872 average tok/s, or 1147.083 ms/tok
[15:30:57.250882852|thread 2634029|cpu 260] [info ] [Request 8] Generating 61 response tokens with 8193 context took 69.972086 s at 0.872 average tok/s, or 1147.083 ms/tok
[15:30:57.250976343|thread 2634029|cpu 260] [info ] [Request 8] Request with 8192 tokens in and 64 out (sequence limit) saw 138.179413 s TTFT and 208.802025 s TTLT
[15:30:57.250884701|thread 2634028|cpu 260] [info ] [Request 4] Generating 61 response tokens with 8193 context took 69.972090 s at 0.872 average tok/s, or 1147.083 ms/tok
[15:30:57.250992584|thread 2634028|cpu 260] [info ] [Request 4] Request with 8192 tokens in and 64 out (sequence limit) saw 138.179460 s TTFT and 208.802074 s TTLT
[15:30:57.250928849|thread 2634025|cpu 260] [info ] [Request 29] Request with 8192 tokens in and 64 out (sequence limit) saw 138.179157 s TTFT and 208.801767 s TTLT
[15:30:57.250964400|thread 2634027|cpu 260] [info ] [Request 3] Request with 8192 tokens in and 64 out (sequence limit) saw 138.179471 s TTFT and 208.802081 s TTLT
[15:30:57.250885145|thread 2634030|cpu 260] [info ] [Request 10] Generating 61 response tokens with 8193 context took 69.972086 s at 0.872 average tok/s, or 1147.083 ms/tok
[15:30:57.250911677|thread 2634024|cpu 260] [info ] [Request 28] Request with 8192 tokens in and 64 out (sequence limit) saw 138.179174 s TTFT and 208.801786 s TTLT
[15:30:57.251046821|thread 2634030|cpu 260] [info ] [Request 10] Request with 8192 tokens in and 64 out (sequence limit) saw 138.179392 s TTFT and 208.802005 s TTLT
[15:30:59.829598121|thread 2634029|cpu 260] [info ] [Request 25] Parsing the prompt took 211.380545618 s at 38.754749052471055 tokens/s
[15:30:59.829598095|thread 2634030|cpu 260] [info ] [Request 31] Parsing the prompt took 211.380460493 s at 38.75476465939142 tokens/s
[15:30:59.829598018|thread 2634028|cpu 260] [info ] [Request 22] Parsing the prompt took 211.380578479 s at 38.754743027698964 tokens/s
[15:31:00.668124025|thread 2634051|cpu 260] [info ] KV cache footprint: 32.96 GB in 150 books
[15:31:08.724294862|thread 2634052|cpu 260] [debug] #EVT# HandleDetails::is_anomalous() handle_id=32 time in state STATE_OPENED exceeded threshold: 138176001742 ns
[15:31:08.724357427|thread 2634052|cpu 260] [debug] #EVT#   Handle,    32, Created, 753659866109619, Last, 753870019994338, Prompted,  8191, Generated,    64, Input TPS, 59.29, Output TPS:  0.78, Callbacks,    64, prompt parsing complete, open
[15:31:08.724402996|thread 2634052|cpu 260] [info ] #EVT#   Handle 32 history:
        SESSION_OPEN, prompt 8192 tokens, offset=0 ns
        PROMPT_TOKENS_REUSE, offset=138176000696 ns
        ON_START_CALLED, offset=138176001742 ns
        ON_START_RETURNED, offset=138176055203 ns
        ON_TOKENS_CALLED, generate 1 tokens, offset=138176061887 ns
        ON_TOKENS_RETURNED, offset=138176064726 ns
        ON_TOKENS_CALLED, generate 1 tokens, offset=138826530346 ns
        ON_TOKENS_RETURNED, offset=138826533081 ns
        ON_TOKENS_CALLED, generate 1 tokens, offset=139544913574 ns
        ON_TOKENS_RETURNED, offset=139544915411 ns
        ON_TOKENS_CALLED, generate 1 tokens, offset=140275004948 ns
        ON_TOKENS_RETURNED, offset=140275008171 ns
        ON_TOKENS_CALLED, generate 1 tokens, offset=141018345044 ns
        ON_TOKENS_RETURNED, offset=141018348105 ns
        ON_TOKENS_CALLED, generate 1 tokens, offset=141773524880 ns
        ON_TOKENS_RETURNED, offset=141773527630 ns
        ON_TOKENS_CALLED, generate 1 tokens, offset=142542582077 ns
        ON_TOKENS_RETURNED, offset=142542583137 ns
        ON_TOKENS_CALLED, generate 1 tokens, offset=143321530723 ns
        ON_TOKENS_RETURNED, offset=143321533272 ns
        ON_TOKENS_CALLED, generate 1 tokens, offset=144119666194 ns
        ON_TOKENS_RETURNED, offset=144119669968 ns
        ON_TOKENS_CALLED, generate 1 tokens, offset=144933788552 ns
        ON_TOKENS_RETURNED, offset=144933790439 ns
        ON_TOKENS_CALLED, generate 1 tokens, offset=145760188658 ns
        ON_TOKENS_RETURNED, offset=145760190227 ns
        ON_TOKENS_CALLED, generate 1 tokens, offset=146597089065 ns
        ON_TOKENS_RETURNED, offset=146597090376 ns
        ON_TOKENS_CALLED, generate 1 tokens, offset=147453822708 ns
        ON_TOKENS_RETURNED, offset=147453823753 ns
        ON_TOKENS_CALLED, generate 1 tokens, offset=148334070875 ns
        ON_TOKENS_RETURNED, offset=148334072880 ns
        ON_TOKENS_CALLED, generate 1 tokens, offset=149231009890 ns
        ON_TOKENS_RETURNED, offset=149231010896 ns
        ON_TOKENS_CALLED, generate 1 tokens, offset=150139831293 ns
        ON_TOKENS_RETURNED, offset=150139832727 ns
        ON_TOKENS_CALLED, generate 1 tokens, offset=151072577465 ns
        ON_TOKENS_RETURNED, offset=151072595434 ns
        ON_TOKENS_CALLED, generate 1 tokens, offset=152009871853 ns
        ON_TOKENS_RETURNED, offset=152009874680 ns
        ON_TOKENS_CALLED, generate 1 tokens, offset=152986229718 ns
        ON_TOKENS_RETURNED, offset=152986231455 ns
        ON_TOKENS_CALLED, generate 1 tokens, offset=153971651998 ns
        ON_TOKENS_RETURNED, offset=153971653092 ns
        ON_TOKENS_CALLED, generate 1 tokens, offset=154990608657 ns
        ON_TOKENS_RETURNED, offset=154990609910 ns
        ON_TOKENS_CALLED, generate 1 tokens, offset=156013592883 ns
        ON_TOKENS_RETURNED, offset=156013595123 ns
        ON_TOKENS_CALLED, generate 1 tokens, offset=157072894229 ns
        ON_TOKENS_RETURNED, offset=157072895166 ns
        ON_TOKENS_CALLED, generate 1 tokens, offset=158144761951 ns
        ON_TOKENS_RETURNED, offset=158144763787 ns
        ON_TOKENS_CALLED, generate 1 tokens, offset=159247602562 ns
        ON_TOKENS_RETURNED, offset=159247604630 ns
        ON_TOKENS_CALLED, generate 1 tokens, offset=160349511543 ns
        ON_TOKENS_RETURNED, offset=160349513869 ns
        ON_TOKENS_CALLED, generate 1 tokens, offset=161494443844 ns
        ON_TOKENS_RETURNED, offset=161494444696 ns
        ON_TOKENS_CALLED, generate 1 tokens, offset=162643330766 ns
        ON_TOKENS_RETURNED, offset=162643333283 ns
        ON_TOKENS_CALLED, generate 1 tokens, offset=163829281747 ns
        ON_TOKENS_RETURNED, offset=163829282970 ns
        ON_TOKENS_CALLED, generate 1 tokens, offset=165012817807 ns
        ON_TOKENS_RETURNED, offset=165012818756 ns
        ON_TOKENS_CALLED, generate 1 tokens, offset=166236014507 ns
        ON_TOKENS_RETURNED, offset=166236015274 ns
        ON_TOKENS_CALLED, generate 1 tokens, offset=167463392963 ns
        ON_TOKENS_RETURNED, offset=167463394057 ns
        ON_TOKENS_CALLED, generate 1 tokens, offset=168571967799 ns
        ON_TOKENS_RETURNED, offset=168571970777 ns
        ON_TOKENS_CALLED, generate 1 tokens, offset=169708350229 ns
        ON_TOKENS_RETURNED, offset=169708352818 ns
        ON_TOKENS_CALLED, generate 1 tokens, offset=170857654873 ns
        ON_TOKENS_RETURNED, offset=170857657019 ns
        ON_TOKENS_CALLED, generate 1 tokens, offset=172033697966 ns
        ON_TOKENS_RETURNED, offset=172033699935 ns
        ON_TOKENS_CALLED, generate 1 tokens, offset=173213715685 ns
        ON_TOKENS_RETURNED, offset=173213716985 ns
        ON_TOKENS_CALLED, generate 1 tokens, offset=174430111894 ns
        ON_TOKENS_RETURNED, offset=174430115184 ns
        ON_TOKENS_CALLED, generate 1 tokens, offset=175655369324 ns
        ON_TOKENS_RETURNED, offset=175655370434 ns
        ON_TOKENS_CALLED, generate 1 tokens, offset=176913416813 ns
        ON_TOKENS_RETURNED, offset=176913417991 ns
        ON_TOKENS_CALLED, generate 1 tokens, offset=178169619576 ns
        ON_TOKENS_RETURNED, offset=178169620586 ns
        ON_TOKENS_CALLED, generate 1 tokens, offset=179474872603 ns
        ON_TOKENS_RETURNED, offset=179474874959 ns
        ON_TOKENS_CALLED, generate 1 tokens, offset=180784484131 ns
        ON_TOKENS_RETURNED, offset=180784486597 ns
        ON_TOKENS_CALLED, generate 1 tokens, offset=182127846915 ns
        ON_TOKENS_RETURNED, offset=182127848205 ns
        ON_TOKENS_CALLED, generate 1 tokens, offset=183467882295 ns
        ON_TOKENS_RETURNED, offset=183467884956 ns
        ON_TOKENS_CALLED, generate 1 tokens, offset=184850529109 ns
        ON_TOKENS_RETURNED, offset=184850530187 ns
        ON_TOKENS_CALLED, generate 1 tokens, offset=186241757691 ns
        ON_TOKENS_RETURNED, offset=186241759093 ns
        ON_TOKENS_CALLED, generate 1 tokens, offset=187665484363 ns
        ON_TOKENS_RETURNED, offset=187665487135 ns
        ON_TOKENS_CALLED, generate 1 tokens, offset=189077714764 ns
        ON_TOKENS_RETURNED, offset=189077716991 ns
        ON_TOKENS_CALLED, generate 1 tokens, offset=190538667274 ns
        ON_TOKENS_RETURNED, offset=190538668147 ns
        ON_TOKENS_CALLED, generate 1 tokens, offset=191868676930 ns
        ON_TOKENS_RETURNED, offset=191868677693 ns
        ON_TOKENS_CALLED, generate 1 tokens, offset=193242668290 ns
        ON_TOKENS_RETURNED, offset=193242669489 ns
        ON_TOKENS_CALLED, generate 1 tokens, offset=194622662635 ns
        ON_TOKENS_RETURNED, offset=194622663653 ns
        ON_TOKENS_CALLED, generate 1 tokens, offset=196034035528 ns
        ON_TOKENS_RETURNED, offset=196034037734 ns
        ON_TOKENS_CALLED, generate 1 tokens, offset=197454303146 ns
        ON_TOKENS_RETURNED, offset=197454303960 ns
        ON_TOKENS_CALLED, generate 1 tokens, offset=198912717855 ns
        ON_TOKENS_RETURNED, offset=198912719159 ns
        ON_TOKENS_CALLED, generate 1 tokens, offset=200366056557 ns
        ON_TOKENS_RETURNED, offset=200366057470 ns
        ON_TOKENS_CALLED, generate 1 tokens, offset=201857688003 ns
        ON_TOKENS_RETURNED, offset=201857688896 ns
        ON_TOKENS_CALLED, generate 1 tokens, offset=203220413516 ns
        ON_TOKENS_RETURNED, offset=203220414447 ns
        ON_TOKENS_CALLED, generate 1 tokens, offset=204624655979 ns
        ON_TOKENS_RETURNED, offset=204624657371 ns
        ON_TOKENS_CALLED, generate 1 tokens, offset=206034605574 ns
        ON_TOKENS_RETURNED, offset=206034607350 ns
        ON_TOKENS_CALLED, generate 1 tokens, offset=207473878015 ns
        ON_TOKENS_RETURNED, offset=207473880273 ns
        ON_TOKENS_CALLED, generate 1 tokens, offset=208798610221 ns
        ON_TOKENS_RETURNED, offset=208798684719 ns
        ON_TOKENS_CALLED, generate 1 tokens, offset=210153880839 ns
        ON_TOKENS_RETURNED, offset=210153884719 ns
[15:31:08.724437280|thread 2634052|cpu 260] [debug] #EVT# HandleDetails::is_anomalous() handle_id=10 time in state STATE_OPENED exceeded threshold: 138179385994 ns
[15:31:08.724439808|thread 2634052|cpu 260] [debug] #EVT#   Handle,    10, Created, 753659862731166, Last, 753870020000015, Prompted,  8191, Generated,    64, Input TPS, 59.29, Output TPS:  0.78, Callbacks,    64, prompt parsing complete, open
[15:31:08.724455054|thread 2634052|cpu 260] [info ] #EVT#   Handle 10 history:
        SESSION_OPEN, prompt 8192 tokens, offset=0 ns
        PROMPT_TOKENS_REUSE, offset=138179385150 ns
        ON_START_CALLED, offset=138179385994 ns
        ON_START_RETURNED, offset=138179525622 ns
        ON_TOKENS_CALLED, generate 1 tokens, offset=138179530383 ns
        ON_TOKENS_RETURNED, offset=138179533488 ns
        ON_TOKENS_CALLED, generate 1 tokens, offset=138829912802 ns
        ON_TOKENS_RETURNED, offset=138829914260 ns
        ON_TOKENS_CALLED, generate 1 tokens, offset=139548307960 ns
        ON_TOKENS_RETURNED, offset=139548309399 ns
        ON_TOKENS_CALLED, generate 1 tokens, offset=140278389294 ns
        ON_TOKENS_RETURNED, offset=140278390673 ns
        ON_TOKENS_CALLED, generate 1 tokens, offset=141021723130 ns
        ON_TOKENS_RETURNED, offset=141021726175 ns
        ON_TOKENS_CALLED, generate 1 tokens, offset=141776910387 ns
        ON_TOKENS_RETURNED, offset=141776912081 ns
        ON_TOKENS_CALLED, generate 1 tokens, offset=142545965402 ns
        ON_TOKENS_RETURNED, offset=142545967891 ns
        ON_TOKENS_CALLED, generate 1 tokens, offset=143324916228 ns
        ON_TOKENS_RETURNED, offset=143324918772 ns
        ON_TOKENS_CALLED, generate 1 tokens, offset=144123047345 ns
        ON_TOKENS_RETURNED, offset=144123051101 ns
        ON_TOKENS_CALLED, generate 1 tokens, offset=144937172077 ns
        ON_TOKENS_RETURNED, offset=144937174098 ns
        ON_TOKENS_CALLED, generate 1 tokens, offset=145763572407 ns
        ON_TOKENS_RETURNED, offset=145763573752 ns
        ON_TOKENS_CALLED, generate 1 tokens, offset=146600466434 ns
        ON_TOKENS_RETURNED, offset=146600467868 ns
        ON_TOKENS_CALLED, generate 1 tokens, offset=147457203301 ns
        ON_TOKENS_RETURNED, offset=147457204552 ns
        ON_TOKENS_CALLED, generate 1 tokens, offset=148337455459 ns
        ON_TOKENS_RETURNED, offset=148337456489 ns
        ON_TOKENS_CALLED, generate 1 tokens, offset=149234386688 ns
        ON_TOKENS_RETURNED, offset=149234388990 ns
        ON_TOKENS_CALLED, generate 1 tokens, offset=150143207923 ns
        ON_TOKENS_RETURNED, offset=150143209217 ns
        ON_TOKENS_CALLED, generate 1 tokens, offset=151075963192 ns
        ON_TOKENS_RETURNED, offset=151075983507 ns
        ON_TOKENS_CALLED, generate 1 tokens, offset=152013258952 ns
        ON_TOKENS_RETURNED, offset=152013261096 ns
        ON_TOKENS_CALLED, generate 1 tokens, offset=152989612982 ns
        ON_TOKENS_RETURNED, offset=152989614481 ns
        ON_TOKENS_CALLED, generate 1 tokens, offset=153975035411 ns
        ON_TOKENS_RETURNED, offset=153975036464 ns
        ON_TOKENS_CALLED, generate 1 tokens, offset=154993989978 ns
        ON_TOKENS_RETURNED, offset=154993991130 ns
        ON_TOKENS_CALLED, generate 1 tokens, offset=156016985047 ns
        ON_TOKENS_RETURNED, offset=156016986346 ns
        ON_TOKENS_CALLED, generate 1 tokens, offset=157076277176 ns
        ON_TOKENS_RETURNED, offset=157076278672 ns
        ON_TOKENS_CALLED, generate 1 tokens, offset=158148145311 ns
        ON_TOKENS_RETURNED, offset=158148147389 ns
        ON_TOKENS_CALLED, generate 1 tokens, offset=159250987770 ns
        ON_TOKENS_RETURNED, offset=159250988732 ns
        ON_TOKENS_CALLED, generate 1 tokens, offset=160352898996 ns
        ON_TOKENS_RETURNED, offset=160352900014 ns
        ON_TOKENS_CALLED, generate 1 tokens, offset=161497830807 ns
        ON_TOKENS_RETURNED, offset=161497833218 ns
        ON_TOKENS_CALLED, generate 1 tokens, offset=162646719408 ns
        ON_TOKENS_RETURNED, offset=162646720335 ns
        ON_TOKENS_CALLED, generate 1 tokens, offset=163832664014 ns
        ON_TOKENS_RETURNED, offset=163832664933 ns
        ON_TOKENS_CALLED, generate 1 tokens, offset=165016200273 ns
        ON_TOKENS_RETURNED, offset=165016201148 ns
        ON_TOKENS_CALLED, generate 1 tokens, offset=166239399612 ns
        ON_TOKENS_RETURNED, offset=166239402203 ns
        ON_TOKENS_CALLED, generate 1 tokens, offset=167466776182 ns
        ON_TOKENS_RETURNED, offset=167466777792 ns
        ON_TOKENS_CALLED, generate 1 tokens, offset=168575354639 ns
        ON_TOKENS_RETURNED, offset=168575356653 ns
        ON_TOKENS_CALLED, generate 1 tokens, offset=169711740835 ns
        ON_TOKENS_RETURNED, offset=169711742669 ns
        ON_TOKENS_CALLED, generate 1 tokens, offset=170861040027 ns
        ON_TOKENS_RETURNED, offset=170861042015 ns
        ON_TOKENS_CALLED, generate 1 tokens, offset=172037085824 ns
        ON_TOKENS_RETURNED, offset=172037087093 ns
        ON_TOKENS_CALLED, generate 1 tokens, offset=173217101143 ns
        ON_TOKENS_RETURNED, offset=173217102225 ns
        ON_TOKENS_CALLED, generate 1 tokens, offset=174433496650 ns
        ON_TOKENS_RETURNED, offset=174433499155 ns
        ON_TOKENS_CALLED, generate 1 tokens, offset=175658755594 ns
        ON_TOKENS_RETURNED, offset=175658756531 ns
        ON_TOKENS_CALLED, generate 1 tokens, offset=176916791542 ns
        ON_TOKENS_RETURNED, offset=176916792677 ns
        ON_TOKENS_CALLED, generate 1 tokens, offset=178173005013 ns
        ON_TOKENS_RETURNED, offset=178173007978 ns
        ON_TOKENS_CALLED, generate 1 tokens, offset=179478259575 ns
        ON_TOKENS_RETURNED, offset=179478262070 ns
        ON_TOKENS_CALLED, generate 1 tokens, offset=180787871313 ns
        ON_TOKENS_RETURNED, offset=180787873125 ns
        ON_TOKENS_CALLED, generate 1 tokens, offset=182131237563 ns
        ON_TOKENS_RETURNED, offset=182131238529 ns
        ON_TOKENS_CALLED, generate 1 tokens, offset=183471273222 ns
        ON_TOKENS_RETURNED, offset=183471274469 ns
        ON_TOKENS_CALLED, generate 1 tokens, offset=184853907159 ns
        ON_TOKENS_RETURNED, offset=184853908320 ns
        ON_TOKENS_CALLED, generate 1 tokens, offset=186245140464 ns
        ON_TOKENS_RETURNED, offset=186245141639 ns
        ON_TOKENS_CALLED, generate 1 tokens, offset=187668869438 ns
        ON_TOKENS_RETURNED, offset=187668870869 ns
        ON_TOKENS_CALLED, generate 1 tokens, offset=189081100835 ns
        ON_TOKENS_RETURNED, offset=189081103050 ns
        ON_TOKENS_CALLED, generate 1 tokens, offset=190542049237 ns
        ON_TOKENS_RETURNED, offset=190542050570 ns
        ON_TOKENS_CALLED, generate 1 tokens, offset=191872057809 ns
        ON_TOKENS_RETURNED, offset=191872058725 ns
        ON_TOKENS_CALLED, generate 1 tokens, offset=193246047645 ns
        ON_TOKENS_RETURNED, offset=193246049164 ns
        ON_TOKENS_CALLED, generate 1 tokens, offset=194626047856 ns
        ON_TOKENS_RETURNED, offset=194626048837 ns
        ON_TOKENS_CALLED, generate 1 tokens, offset=196037420436 ns
        ON_TOKENS_RETURNED, offset=196037422598 ns
        ON_TOKENS_CALLED, generate 1 tokens, offset=197457689132 ns
        ON_TOKENS_RETURNED, offset=197457690515 ns
        ON_TOKENS_CALLED, generate 1 tokens, offset=198916101598 ns
        ON_TOKENS_RETURNED, offset=198916103149 ns
        ON_TOKENS_CALLED, generate 1 tokens, offset=200369443199 ns
        ON_TOKENS_RETURNED, offset=200369444269 ns
        ON_TOKENS_CALLED, generate 1 tokens, offset=201861070296 ns
        ON_TOKENS_RETURNED, offset=201861071595 ns
        ON_TOKENS_CALLED, generate 1 tokens, offset=203223805151 ns
        ON_TOKENS_RETURNED, offset=203223807209 ns
        ON_TOKENS_CALLED, generate 1 tokens, offset=204628035587 ns
        ON_TOKENS_RETURNED, offset=204628037342 ns
        ON_TOKENS_CALLED, generate 1 tokens, offset=206037994043 ns
        ON_TOKENS_RETURNED, offset=206037994967 ns
        ON_TOKENS_CALLED, generate 1 tokens, offset=207477263647 ns
        ON_TOKENS_RETURNED, offset=207477265897 ns
        ON_TOKENS_CALLED, generate 1 tokens, offset=208801997926 ns
        ON_TOKENS_RETURNED, offset=208802172040 ns
        ON_TOKENS_CALLED, generate 1 tokens, offset=210157264861 ns
        ON_TOKENS_RETURNED, offset=210157268849 ns
[15:31:08.724466597|thread 2634052|cpu 260] [debug] #EVT# HandleDetails::is_anomalous() handle_id=8 time in state STATE_OPENED exceeded threshold: 138179406994 ns
[15:31:08.724468433|thread 2634052|cpu 260] [debug] #EVT#   Handle,     8, Created, 753659862709027, Last, 753870019998771, Prompted,  8191, Generated,    64, Input TPS, 59.29, Output TPS:  0.78, Callbacks,    64, prompt parsing complete, open
[15:31:08.724482858|thread 2634052|cpu 260] [info ] #EVT#   Handle 8 history:
        SESSION_OPEN, prompt 8192 tokens, offset=0 ns
        PROMPT_TOKENS_REUSE, offset=138179405763 ns
        ON_START_CALLED, offset=138179406994 ns
        ON_START_RETURNED, offset=138179528293 ns
        ON_TOKENS_CALLED, generate 1 tokens, offset=138179532685 ns
        ON_TOKENS_RETURNED, offset=138179535131 ns
        ON_TOKENS_CALLED, generate 1 tokens, offset=138829932678 ns
        ON_TOKENS_RETURNED, offset=138829935103 ns
        ON_TOKENS_CALLED, generate 1 tokens, offset=139548317885 ns
        ON_TOKENS_RETURNED, offset=139548320876 ns
        ON_TOKENS_CALLED, generate 1 tokens, offset=140278410593 ns
        ON_TOKENS_RETURNED, offset=140278411740 ns
        ON_TOKENS_CALLED, generate 1 tokens, offset=141021744511 ns
        ON_TOKENS_RETURNED, offset=141021746702 ns
        ON_TOKENS_CALLED, generate 1 tokens, offset=141776932055 ns
        ON_TOKENS_RETURNED, offset=141776938879 ns
        ON_TOKENS_CALLED, generate 1 tokens, offset=142545987880 ns
        ON_TOKENS_RETURNED, offset=142545989194 ns
        ON_TOKENS_CALLED, generate 1 tokens, offset=143324935519 ns
        ON_TOKENS_RETURNED, offset=143324938171 ns
        ON_TOKENS_CALLED, generate 1 tokens, offset=144123066367 ns
        ON_TOKENS_RETURNED, offset=144123069991 ns
        ON_TOKENS_CALLED, generate 1 tokens, offset=144937196526 ns
        ON_TOKENS_RETURNED, offset=144937197382 ns
        ON_TOKENS_CALLED, generate 1 tokens, offset=145763593276 ns
        ON_TOKENS_RETURNED, offset=145763594438 ns
        ON_TOKENS_CALLED, generate 1 tokens, offset=146600488086 ns
        ON_TOKENS_RETURNED, offset=146600492359 ns
        ON_TOKENS_CALLED, generate 1 tokens, offset=147457224246 ns
        ON_TOKENS_RETURNED, offset=147457225793 ns
        ON_TOKENS_CALLED, generate 1 tokens, offset=148337475986 ns
        ON_TOKENS_RETURNED, offset=148337477154 ns
        ON_TOKENS_CALLED, generate 1 tokens, offset=149234405641 ns
        ON_TOKENS_RETURNED, offset=149234406882 ns
        ON_TOKENS_CALLED, generate 1 tokens, offset=150143231802 ns
        ON_TOKENS_RETURNED, offset=150143233317 ns
        ON_TOKENS_CALLED, generate 1 tokens, offset=151075981912 ns
        ON_TOKENS_RETURNED, offset=151075999116 ns
        ON_TOKENS_CALLED, generate 1 tokens, offset=152013277881 ns
        ON_TOKENS_RETURNED, offset=152013278892 ns
        ON_TOKENS_CALLED, generate 1 tokens, offset=152989636159 ns
        ON_TOKENS_RETURNED, offset=152989637119 ns
        ON_TOKENS_CALLED, generate 1 tokens, offset=153975054960 ns
        ON_TOKENS_RETURNED, offset=153975056840 ns
        ON_TOKENS_CALLED, generate 1 tokens, offset=154994008973 ns
        ON_TOKENS_RETURNED, offset=154994009989 ns
        ON_TOKENS_CALLED, generate 1 tokens, offset=156016999761 ns
        ON_TOKENS_RETURNED, offset=156017000989 ns
        ON_TOKENS_CALLED, generate 1 tokens, offset=157076286422 ns
        ON_TOKENS_RETURNED, offset=157076288736 ns
        ON_TOKENS_CALLED, generate 1 tokens, offset=158148164744 ns
        ON_TOKENS_RETURNED, offset=158148165881 ns
        ON_TOKENS_CALLED, generate 1 tokens, offset=159251008179 ns
        ON_TOKENS_RETURNED, offset=159251009847 ns
        ON_TOKENS_CALLED, generate 1 tokens, offset=160352917495 ns
        ON_TOKENS_RETURNED, offset=160352919106 ns
        ON_TOKENS_CALLED, generate 1 tokens, offset=161497853444 ns
        ON_TOKENS_RETURNED, offset=161497854770 ns
        ON_TOKENS_CALLED, generate 1 tokens, offset=162646735134 ns
        ON_TOKENS_RETURNED, offset=162646736555 ns
        ON_TOKENS_CALLED, generate 1 tokens, offset=163832684982 ns
        ON_TOKENS_RETURNED, offset=163832686378 ns
        ON_TOKENS_CALLED, generate 1 tokens, offset=165016221862 ns
        ON_TOKENS_RETURNED, offset=165016222916 ns
        ON_TOKENS_CALLED, generate 1 tokens, offset=166239420989 ns
        ON_TOKENS_RETURNED, offset=166239423081 ns
        ON_TOKENS_CALLED, generate 1 tokens, offset=167466796488 ns
        ON_TOKENS_RETURNED, offset=167466797863 ns
        ON_TOKENS_CALLED, generate 1 tokens, offset=168575374176 ns
        ON_TOKENS_RETURNED, offset=168575377215 ns
        ON_TOKENS_CALLED, generate 1 tokens, offset=169711767292 ns
        ON_TOKENS_RETURNED, offset=169711768370 ns
        ON_TOKENS_CALLED, generate 1 tokens, offset=170861060029 ns
        ON_TOKENS_RETURNED, offset=170861062135 ns
        ON_TOKENS_CALLED, generate 1 tokens, offset=172037104090 ns
        ON_TOKENS_RETURNED, offset=172037106335 ns
        ON_TOKENS_CALLED, generate 1 tokens, offset=173217121766 ns
        ON_TOKENS_RETURNED, offset=173217123059 ns
        ON_TOKENS_CALLED, generate 1 tokens, offset=174433517984 ns
        ON_TOKENS_RETURNED, offset=174433520006 ns
        ON_TOKENS_CALLED, generate 1 tokens, offset=175658776275 ns
        ON_TOKENS_RETURNED, offset=175658778423 ns
        ON_TOKENS_CALLED, generate 1 tokens, offset=176916808095 ns
        ON_TOKENS_RETURNED, offset=176916808936 ns
        ON_TOKENS_CALLED, generate 1 tokens, offset=178173030045 ns
        ON_TOKENS_RETURNED, offset=178173031311 ns
        ON_TOKENS_CALLED, generate 1 tokens, offset=179478280326 ns
        ON_TOKENS_RETURNED, offset=179478282520 ns
        ON_TOKENS_CALLED, generate 1 tokens, offset=180787890784 ns
        ON_TOKENS_RETURNED, offset=180787893287 ns
        ON_TOKENS_CALLED, generate 1 tokens, offset=182131253748 ns
        ON_TOKENS_RETURNED, offset=182131254853 ns
        ON_TOKENS_CALLED, generate 1 tokens, offset=183471289653 ns
        ON_TOKENS_RETURNED, offset=183471297645 ns
        ON_TOKENS_CALLED, generate 1 tokens, offset=184853928110 ns
        ON_TOKENS_RETURNED, offset=184853929610 ns
        ON_TOKENS_CALLED, generate 1 tokens, offset=186245164043 ns
        ON_TOKENS_RETURNED, offset=186245165003 ns
        ON_TOKENS_CALLED, generate 1 tokens, offset=187668889629 ns
        ON_TOKENS_RETURNED, offset=187668891197 ns
        ON_TOKENS_CALLED, generate 1 tokens, offset=189081122703 ns
        ON_TOKENS_RETURNED, offset=189081123860 ns
        ON_TOKENS_CALLED, generate 1 tokens, offset=190542071867 ns
        ON_TOKENS_RETURNED, offset=190542072924 ns
        ON_TOKENS_CALLED, generate 1 tokens, offset=191872079344 ns
        ON_TOKENS_RETURNED, offset=191872080402 ns
        ON_TOKENS_CALLED, generate 1 tokens, offset=193246068965 ns
        ON_TOKENS_RETURNED, offset=193246070844 ns
        ON_TOKENS_CALLED, generate 1 tokens, offset=194626064104 ns
        ON_TOKENS_RETURNED, offset=194626066605 ns
        ON_TOKENS_CALLED, generate 1 tokens, offset=196037439921 ns
        ON_TOKENS_RETURNED, offset=196037441645 ns
        ON_TOKENS_CALLED, generate 1 tokens, offset=197457708390 ns
        ON_TOKENS_RETURNED, offset=197457711355 ns
        ON_TOKENS_CALLED, generate 1 tokens, offset=198916123127 ns
        ON_TOKENS_RETURNED, offset=198916124326 ns
        ON_TOKENS_CALLED, generate 1 tokens, offset=200369462741 ns
        ON_TOKENS_RETURNED, offset=200369463861 ns
        ON_TOKENS_CALLED, generate 1 tokens, offset=201861089794 ns
        ON_TOKENS_RETURNED, offset=201861091241 ns
        ON_TOKENS_CALLED, generate 1 tokens, offset=203223830283 ns
        ON_TOKENS_RETURNED, offset=203223831468 ns
        ON_TOKENS_CALLED, generate 1 tokens, offset=204628059741 ns
        ON_TOKENS_RETURNED, offset=204628060884 ns
        ON_TOKENS_CALLED, generate 1 tokens, offset=206038019178 ns
        ON_TOKENS_RETURNED, offset=206038020402 ns
        ON_TOKENS_CALLED, generate 1 tokens, offset=207477284911 ns
        ON_TOKENS_RETURNED, offset=207477285878 ns
        ON_TOKENS_CALLED, generate 1 tokens, offset=208802016946 ns
        ON_TOKENS_RETURNED, offset=208802119597 ns
        ON_TOKENS_CALLED, generate 1 tokens, offset=210157285114 ns
        ON_TOKENS_RETURNED, offset=210157289744 ns
[15:31:08.724494824|thread 2634052|cpu 260] [debug] #EVT# HandleDetails::is_anomalous() handle_id=4 time in state STATE_OPENED exceeded threshold: 138179453626 ns
[15:31:08.724496503|thread 2634052|cpu 260] [debug] #EVT#   Handle,     4, Created, 753659862661754, Last, 753870019997909, Prompted,  8191, Generated,    64, Input TPS, 59.29, Output TPS:  0.78, Callbacks,    64, prompt parsing complete, open
[15:31:08.724510545|thread 2634052|cpu 260] [info ] #EVT#   Handle 4 history:
        SESSION_OPEN, prompt 8192 tokens, offset=0 ns
        PROMPT_TOKENS_REUSE, offset=138179452302 ns
        ON_START_CALLED, offset=138179453626 ns
        ON_START_RETURNED, offset=138179557435 ns
        ON_TOKENS_CALLED, generate 1 tokens, offset=138179562528 ns
        ON_TOKENS_RETURNED, offset=138179564944 ns
        ON_TOKENS_CALLED, generate 1 tokens, offset=138829978645 ns
        ON_TOKENS_RETURNED, offset=138829979584 ns
        ON_TOKENS_CALLED, generate 1 tokens, offset=139548374713 ns
        ON_TOKENS_RETURNED, offset=139548375972 ns
        ON_TOKENS_CALLED, generate 1 tokens, offset=140278455623 ns
        ON_TOKENS_RETURNED, offset=140278456669 ns
        ON_TOKENS_CALLED, generate 1 tokens, offset=141021800749 ns
        ON_TOKENS_RETURNED, offset=141021803023 ns
        ON_TOKENS_CALLED, generate 1 tokens, offset=141776979140 ns
        ON_TOKENS_RETURNED, offset=141776980142 ns
        ON_TOKENS_CALLED, generate 1 tokens, offset=142546032136 ns
        ON_TOKENS_RETURNED, offset=142546034047 ns
        ON_TOKENS_CALLED, generate 1 tokens, offset=143324982410 ns
        ON_TOKENS_RETURNED, offset=143324984711 ns
        ON_TOKENS_CALLED, generate 1 tokens, offset=144123112154 ns
        ON_TOKENS_RETURNED, offset=144123115556 ns
        ON_TOKENS_CALLED, generate 1 tokens, offset=144937238758 ns
        ON_TOKENS_RETURNED, offset=144937240920 ns
        ON_TOKENS_CALLED, generate 1 tokens, offset=145763640461 ns
        ON_TOKENS_RETURNED, offset=145763641445 ns
        ON_TOKENS_CALLED, generate 1 tokens, offset=146600530878 ns
        ON_TOKENS_RETURNED, offset=146600533053 ns
        ON_TOKENS_CALLED, generate 1 tokens, offset=147457269090 ns
        ON_TOKENS_RETURNED, offset=147457271369 ns
        ON_TOKENS_CALLED, generate 1 tokens, offset=148337521612 ns
        ON_TOKENS_RETURNED, offset=148337523178 ns
        ON_TOKENS_CALLED, generate 1 tokens, offset=149234452141 ns
        ON_TOKENS_RETURNED, offset=149234454454 ns
        ON_TOKENS_CALLED, generate 1 tokens, offset=150143282177 ns
        ON_TOKENS_RETURNED, offset=150143282973 ns
        ON_TOKENS_CALLED, generate 1 tokens, offset=151076027137 ns
        ON_TOKENS_RETURNED, offset=151076047463 ns
        ON_TOKENS_CALLED, generate 1 tokens, offset=152013323834 ns
        ON_TOKENS_RETURNED, offset=152013325074 ns
        ON_TOKENS_CALLED, generate 1 tokens, offset=152989678902 ns
        ON_TOKENS_RETURNED, offset=152989680219 ns
        ON_TOKENS_CALLED, generate 1 tokens, offset=153975101414 ns
        ON_TOKENS_RETURNED, offset=153975102916 ns
        ON_TOKENS_CALLED, generate 1 tokens, offset=154994054626 ns
        ON_TOKENS_RETURNED, offset=154994056743 ns
        ON_TOKENS_CALLED, generate 1 tokens, offset=156017049382 ns
        ON_TOKENS_RETURNED, offset=156017049972 ns
        ON_TOKENS_CALLED, generate 1 tokens, offset=157076337063 ns
        ON_TOKENS_RETURNED, offset=157076341949 ns
        ON_TOKENS_CALLED, generate 1 tokens, offset=158148210813 ns
        ON_TOKENS_RETURNED, offset=158148212627 ns
        ON_TOKENS_CALLED, generate 1 tokens, offset=159251053969 ns
        ON_TOKENS_RETURNED, offset=159251054875 ns
        ON_TOKENS_CALLED, generate 1 tokens, offset=160352966014 ns
        ON_TOKENS_RETURNED, offset=160352966915 ns
        ON_TOKENS_CALLED, generate 1 tokens, offset=161497898040 ns
        ON_TOKENS_RETURNED, offset=161497899153 ns
        ON_TOKENS_CALLED, generate 1 tokens, offset=162646786814 ns
        ON_TOKENS_RETURNED, offset=162646787879 ns
        ON_TOKENS_CALLED, generate 1 tokens, offset=163832731188 ns
        ON_TOKENS_RETURNED, offset=163832732565 ns
        ON_TOKENS_CALLED, generate 1 tokens, offset=165016266878 ns
        ON_TOKENS_RETURNED, offset=165016268445 ns
        ON_TOKENS_CALLED, generate 1 tokens, offset=166239467398 ns
        ON_TOKENS_RETURNED, offset=166239469769 ns
        ON_TOKENS_CALLED, generate 1 tokens, offset=167466845775 ns
        ON_TOKENS_RETURNED, offset=167466847108 ns
        ON_TOKENS_CALLED, generate 1 tokens, offset=168575420284 ns
        ON_TOKENS_RETURNED, offset=168575423493 ns
        ON_TOKENS_CALLED, generate 1 tokens, offset=169711819681 ns
        ON_TOKENS_RETURNED, offset=169711820961 ns
        ON_TOKENS_CALLED, generate 1 tokens, offset=170861107177 ns
        ON_TOKENS_RETURNED, offset=170861108555 ns
        ON_TOKENS_CALLED, generate 1 tokens, offset=172037148912 ns
        ON_TOKENS_RETURNED, offset=172037151717 ns
        ON_TOKENS_CALLED, generate 1 tokens, offset=173217167875 ns
        ON_TOKENS_RETURNED, offset=173217169202 ns
        ON_TOKENS_CALLED, generate 1 tokens, offset=174433564568 ns
        ON_TOKENS_RETURNED, offset=174433565722 ns
        ON_TOKENS_CALLED, generate 1 tokens, offset=175658822825 ns
        ON_TOKENS_RETURNED, offset=175658823760 ns
        ON_TOKENS_CALLED, generate 1 tokens, offset=176916857744 ns
        ON_TOKENS_RETURNED, offset=176916858461 ns
        ON_TOKENS_CALLED, generate 1 tokens, offset=178173076869 ns
        ON_TOKENS_RETURNED, offset=178173078224 ns
        ON_TOKENS_CALLED, generate 1 tokens, offset=179478328345 ns
        ON_TOKENS_RETURNED, offset=179478330626 ns
        ON_TOKENS_CALLED, generate 1 tokens, offset=180787938627 ns
        ON_TOKENS_RETURNED, offset=180787940253 ns
        ON_TOKENS_CALLED, generate 1 tokens, offset=182131304140 ns
        ON_TOKENS_RETURNED, offset=182131304871 ns
        ON_TOKENS_CALLED, generate 1 tokens, offset=183471337309 ns
        ON_TOKENS_RETURNED, offset=183471343800 ns
        ON_TOKENS_CALLED, generate 1 tokens, offset=184853970297 ns
        ON_TOKENS_RETURNED, offset=184853971717 ns
        ON_TOKENS_CALLED, generate 1 tokens, offset=186245209289 ns
        ON_TOKENS_RETURNED, offset=186245210509 ns
        ON_TOKENS_CALLED, generate 1 tokens, offset=187668936744 ns
        ON_TOKENS_RETURNED, offset=187668938309 ns
        ON_TOKENS_CALLED, generate 1 tokens, offset=189081167331 ns
        ON_TOKENS_RETURNED, offset=189081169301 ns
        ON_TOKENS_CALLED, generate 1 tokens, offset=190542117397 ns
        ON_TOKENS_RETURNED, offset=190542118106 ns
        ON_TOKENS_CALLED, generate 1 tokens, offset=191872130727 ns
        ON_TOKENS_RETURNED, offset=191872131459 ns
        ON_TOKENS_CALLED, generate 1 tokens, offset=193246111519 ns
        ON_TOKENS_RETURNED, offset=193246115251 ns
        ON_TOKENS_CALLED, generate 1 tokens, offset=194626119512 ns
        ON_TOKENS_RETURNED, offset=194626121279 ns
        ON_TOKENS_CALLED, generate 1 tokens, offset=196037486304 ns
        ON_TOKENS_RETURNED, offset=196037489145 ns
        ON_TOKENS_CALLED, generate 1 tokens, offset=197457753737 ns
        ON_TOKENS_RETURNED, offset=197457755590 ns
        ON_TOKENS_CALLED, generate 1 tokens, offset=198916169191 ns
        ON_TOKENS_RETURNED, offset=198916170011 ns
        ON_TOKENS_CALLED, generate 1 tokens, offset=200369514468 ns
        ON_TOKENS_RETURNED, offset=200369515454 ns
        ON_TOKENS_CALLED, generate 1 tokens, offset=201861139300 ns
        ON_TOKENS_RETURNED, offset=201861140414 ns
        ON_TOKENS_CALLED, generate 1 tokens, offset=203223874482 ns
        ON_TOKENS_RETURNED, offset=203223875671 ns
        ON_TOKENS_CALLED, generate 1 tokens, offset=204628101579 ns
        ON_TOKENS_RETURNED, offset=204628103766 ns
        ON_TOKENS_CALLED, generate 1 tokens, offset=206038060292 ns
        ON_TOKENS_RETURNED, offset=206038061316 ns
        ON_TOKENS_CALLED, generate 1 tokens, offset=207477331322 ns
        ON_TOKENS_RETURNED, offset=207477332564 ns
        ON_TOKENS_CALLED, generate 1 tokens, offset=208802066874 ns
        ON_TOKENS_RETURNED, offset=208802183173 ns
        ON_TOKENS_CALLED, generate 1 tokens, offset=210157331344 ns
        ON_TOKENS_RETURNED, offset=210157336155 ns
[15:31:08.724520104|thread 2634052|cpu 260] [debug] #EVT# HandleDetails::is_anomalous() handle_id=3 time in state STATE_OPENED exceeded threshold: 138179464829 ns
[15:31:08.724521839|thread 2634052|cpu 260] [debug] #EVT#   Handle,     3, Created, 753659862649693, Last, 753870020004770, Prompted,  8192, Generated,    64, Input TPS, 59.29, Output TPS:  0.78, Callbacks,    64, prompt parsing complete, open
[15:31:08.724535389|thread 2634052|cpu 260] [info ] #EVT#   Handle 3 history:
        SESSION_OPEN, prompt 8192 tokens, offset=0 ns
        PROMPT_TOKENS_REUSE, offset=138179463949 ns
        ON_START_CALLED, offset=138179464829 ns
        ON_START_RETURNED, offset=138179550548 ns
        ON_TOKENS_CALLED, generate 1 tokens, offset=138179554478 ns
        ON_TOKENS_RETURNED, offset=138179555188 ns
        ON_TOKENS_CALLED, generate 1 tokens, offset=138829991939 ns
        ON_TOKENS_RETURNED, offset=138829993282 ns
        ON_TOKENS_CALLED, generate 1 tokens, offset=139548381843 ns
        ON_TOKENS_RETURNED, offset=139548384144 ns
        ON_TOKENS_CALLED, generate 1 tokens, offset=140278464974 ns
        ON_TOKENS_RETURNED, offset=140278466419 ns
        ON_TOKENS_CALLED, generate 1 tokens, offset=141021816763 ns
        ON_TOKENS_RETURNED, offset=141021819606 ns
        ON_TOKENS_CALLED, generate 1 tokens, offset=141776989108 ns
        ON_TOKENS_RETURNED, offset=141776990931 ns
        ON_TOKENS_CALLED, generate 1 tokens, offset=142546045042 ns
        ON_TOKENS_RETURNED, offset=142546046797 ns
        ON_TOKENS_CALLED, generate 1 tokens, offset=143325000032 ns
        ON_TOKENS_RETURNED, offset=143325001055 ns
        ON_TOKENS_CALLED, generate 1 tokens, offset=144123122297 ns
        ON_TOKENS_RETURNED, offset=144123124604 ns
        ON_TOKENS_CALLED, generate 1 tokens, offset=144937251267 ns
        ON_TOKENS_RETURNED, offset=144937252435 ns
        ON_TOKENS_CALLED, generate 1 tokens, offset=145763649675 ns
        ON_TOKENS_RETURNED, offset=145763651955 ns
        ON_TOKENS_CALLED, generate 1 tokens, offset=146600540439 ns
        ON_TOKENS_RETURNED, offset=146600541713 ns
        ON_TOKENS_CALLED, generate 1 tokens, offset=147457280166 ns
        ON_TOKENS_RETURNED, offset=147457281358 ns
        ON_TOKENS_CALLED, generate 1 tokens, offset=148337532565 ns
        ON_TOKENS_RETURNED, offset=148337534770 ns
        ON_TOKENS_CALLED, generate 1 tokens, offset=149234462535 ns
        ON_TOKENS_RETURNED, offset=149234463775 ns
        ON_TOKENS_CALLED, generate 1 tokens, offset=150143285395 ns
        ON_TOKENS_RETURNED, offset=150143287519 ns
        ON_TOKENS_CALLED, generate 1 tokens, offset=151076040852 ns
        ON_TOKENS_RETURNED, offset=151076056526 ns
        ON_TOKENS_CALLED, generate 1 tokens, offset=152013334535 ns
        ON_TOKENS_RETURNED, offset=152013337593 ns
        ON_TOKENS_CALLED, generate 1 tokens, offset=152989694199 ns
        ON_TOKENS_RETURNED, offset=152989695241 ns
        ON_TOKENS_CALLED, generate 1 tokens, offset=153975111015 ns
        ON_TOKENS_RETURNED, offset=153975112598 ns
        ON_TOKENS_CALLED, generate 1 tokens, offset=154994063221 ns
        ON_TOKENS_RETURNED, offset=154994064396 ns
        ON_TOKENS_CALLED, generate 1 tokens, offset=156017060524 ns
        ON_TOKENS_RETURNED, offset=156017061724 ns
        ON_TOKENS_CALLED, generate 1 tokens, offset=157076346386 ns
        ON_TOKENS_RETURNED, offset=157076347883 ns
        ON_TOKENS_CALLED, generate 1 tokens, offset=158148221884 ns
        ON_TOKENS_RETURNED, offset=158148223136 ns
        ON_TOKENS_CALLED, generate 1 tokens, offset=159251065612 ns
        ON_TOKENS_RETURNED, offset=159251066692 ns
        ON_TOKENS_CALLED, generate 1 tokens, offset=160352973964 ns
        ON_TOKENS_RETURNED, offset=160352975726 ns
        ON_TOKENS_CALLED, generate 1 tokens, offset=161497906612 ns
        ON_TOKENS_RETURNED, offset=161497907731 ns
        ON_TOKENS_CALLED, generate 1 tokens, offset=162646796308 ns
        ON_TOKENS_RETURNED, offset=162646798278 ns
        ON_TOKENS_CALLED, generate 1 tokens, offset=163832741478 ns
        ON_TOKENS_RETURNED, offset=163832742462 ns
        ON_TOKENS_CALLED, generate 1 tokens, offset=165016277151 ns
        ON_TOKENS_RETURNED, offset=165016278236 ns
        ON_TOKENS_CALLED, generate 1 tokens, offset=166239476246 ns
        ON_TOKENS_RETURNED, offset=166239477353 ns
        ON_TOKENS_CALLED, generate 1 tokens, offset=167466854555 ns
        ON_TOKENS_RETURNED, offset=167466856084 ns
        ON_TOKENS_CALLED, generate 1 tokens, offset=168575431821 ns
        ON_TOKENS_RETURNED, offset=168575434291 ns
        ON_TOKENS_CALLED, generate 1 tokens, offset=169711821234 ns
        ON_TOKENS_RETURNED, offset=169711822666 ns
        ON_TOKENS_CALLED, generate 1 tokens, offset=170861116639 ns
        ON_TOKENS_RETURNED, offset=170861117700 ns
        ON_TOKENS_CALLED, generate 1 tokens, offset=172037164443 ns
        ON_TOKENS_RETURNED, offset=172037166560 ns
        ON_TOKENS_CALLED, generate 1 tokens, offset=173217177331 ns
        ON_TOKENS_RETURNED, offset=173217177952 ns
        ON_TOKENS_CALLED, generate 1 tokens, offset=174433574492 ns
        ON_TOKENS_RETURNED, offset=174433575974 ns
        ON_TOKENS_CALLED, generate 1 tokens, offset=175658831118 ns
        ON_TOKENS_RETURNED, offset=175658832276 ns
        ON_TOKENS_CALLED, generate 1 tokens, offset=176916863989 ns
        ON_TOKENS_RETURNED, offset=176916865456 ns
        ON_TOKENS_CALLED, generate 1 tokens, offset=178173085140 ns
        ON_TOKENS_RETURNED, offset=178173086328 ns
        ON_TOKENS_CALLED, generate 1 tokens, offset=179478335816 ns
        ON_TOKENS_RETURNED, offset=179478337497 ns
        ON_TOKENS_CALLED, generate 1 tokens, offset=180787947112 ns
        ON_TOKENS_RETURNED, offset=180787948423 ns
        ON_TOKENS_CALLED, generate 1 tokens, offset=182131307342 ns
        ON_TOKENS_RETURNED, offset=182131308754 ns
        ON_TOKENS_CALLED, generate 1 tokens, offset=183471345154 ns
        ON_TOKENS_RETURNED, offset=183471346106 ns
        ON_TOKENS_CALLED, generate 1 tokens, offset=184853982676 ns
        ON_TOKENS_RETURNED, offset=184853983538 ns
        ON_TOKENS_CALLED, generate 1 tokens, offset=186245220661 ns
        ON_TOKENS_RETURNED, offset=186245221610 ns
        ON_TOKENS_CALLED, generate 1 tokens, offset=187668947211 ns
        ON_TOKENS_RETURNED, offset=187668948317 ns
        ON_TOKENS_CALLED, generate 1 tokens, offset=189081178082 ns
        ON_TOKENS_RETURNED, offset=189081180267 ns
        ON_TOKENS_CALLED, generate 1 tokens, offset=190542128644 ns
        ON_TOKENS_RETURNED, offset=190542129725 ns
        ON_TOKENS_CALLED, generate 1 tokens, offset=191872141611 ns
        ON_TOKENS_RETURNED, offset=191872142993 ns
        ON_TOKENS_CALLED, generate 1 tokens, offset=193246122958 ns
        ON_TOKENS_RETURNED, offset=193246123830 ns
        ON_TOKENS_CALLED, generate 1 tokens, offset=194626125342 ns
        ON_TOKENS_RETURNED, offset=194626126974 ns
        ON_TOKENS_CALLED, generate 1 tokens, offset=196037496073 ns
        ON_TOKENS_RETURNED, offset=196037498788 ns
        ON_TOKENS_CALLED, generate 1 tokens, offset=197457765245 ns
        ON_TOKENS_RETURNED, offset=197457766524 ns
        ON_TOKENS_CALLED, generate 1 tokens, offset=198916178602 ns
        ON_TOKENS_RETURNED, offset=198916179830 ns
        ON_TOKENS_CALLED, generate 1 tokens, offset=200369518440 ns
        ON_TOKENS_RETURNED, offset=200369519495 ns
        ON_TOKENS_CALLED, generate 1 tokens, offset=201861145202 ns
        ON_TOKENS_RETURNED, offset=201861147550 ns
        ON_TOKENS_CALLED, generate 1 tokens, offset=203223882650 ns
        ON_TOKENS_RETURNED, offset=203223883616 ns
        ON_TOKENS_CALLED, generate 1 tokens, offset=204628112187 ns
        ON_TOKENS_RETURNED, offset=204628113835 ns
        ON_TOKENS_CALLED, generate 1 tokens, offset=206038071493 ns
        ON_TOKENS_RETURNED, offset=206038073129 ns
        ON_TOKENS_CALLED, generate 1 tokens, offset=207477339447 ns
        ON_TOKENS_RETURNED, offset=207477340354 ns
        ON_TOKENS_CALLED, generate 1 tokens, offset=208802073035 ns
        ON_TOKENS_RETURNED, offset=208802221095 ns
        ON_TOKENS_CALLED, generate 1 tokens, offset=210157341578 ns
        ON_TOKENS_RETURNED, offset=210157355077 ns
[15:31:08.724544116|thread 2634052|cpu 260] [debug] #EVT# HandleDetails::is_anomalous() handle_id=28 time in state STATE_OPENED exceeded threshold: 138179168328 ns
[15:31:08.724545770|thread 2634052|cpu 260] [debug] #EVT#   Handle,    28, Created, 753659862938793, Last, 753870019992864, Prompted,  8191, Generated,    64, Input TPS, 59.29, Output TPS:  0.78, Callbacks,    64, prompt parsing complete, open
[15:31:08.724560262|thread 2634052|cpu 260] [info ] #EVT#   Handle 28 history:
        SESSION_OPEN, prompt 8192 tokens, offset=0 ns
        PROMPT_TOKENS_REUSE, offset=138179167108 ns
        ON_START_CALLED, offset=138179168328 ns
        ON_START_RETURNED, offset=138179195862 ns
        ON_TOKENS_CALLED, generate 1 tokens, offset=138179200708 ns
        ON_TOKENS_RETURNED, offset=138179203646 ns
        ON_TOKENS_CALLED, generate 1 tokens, offset=138829697343 ns
        ON_TOKENS_RETURNED, offset=138829699538 ns
        ON_TOKENS_CALLED, generate 1 tokens, offset=139548092335 ns
        ON_TOKENS_RETURNED, offset=139548094557 ns
        ON_TOKENS_CALLED, generate 1 tokens, offset=140278169758 ns
        ON_TOKENS_RETURNED, offset=140278171207 ns
        ON_TOKENS_CALLED, generate 1 tokens, offset=141021505535 ns
        ON_TOKENS_RETURNED, offset=141021509126 ns
        ON_TOKENS_CALLED, generate 1 tokens, offset=141776694846 ns
        ON_TOKENS_RETURNED, offset=141776695819 ns
        ON_TOKENS_CALLED, generate 1 tokens, offset=142545747770 ns
        ON_TOKENS_RETURNED, offset=142545749494 ns
        ON_TOKENS_CALLED, generate 1 tokens, offset=143324704508 ns
        ON_TOKENS_RETURNED, offset=143324705839 ns
        ON_TOKENS_CALLED, generate 1 tokens, offset=144122831291 ns
        ON_TOKENS_RETURNED, offset=144122834137 ns
        ON_TOKENS_CALLED, generate 1 tokens, offset=144936954146 ns
        ON_TOKENS_RETURNED, offset=144936955866 ns
        ON_TOKENS_CALLED, generate 1 tokens, offset=145763361766 ns
        ON_TOKENS_RETURNED, offset=145763363087 ns
        ON_TOKENS_CALLED, generate 1 tokens, offset=146600244926 ns
        ON_TOKENS_RETURNED, offset=146600246247 ns
        ON_TOKENS_CALLED, generate 1 tokens, offset=147456987700 ns
        ON_TOKENS_RETURNED, offset=147456990015 ns
        ON_TOKENS_CALLED, generate 1 tokens, offset=148337239395 ns
        ON_TOKENS_RETURNED, offset=148337241396 ns
        ON_TOKENS_CALLED, generate 1 tokens, offset=149234171973 ns
        ON_TOKENS_RETURNED, offset=149234174459 ns
        ON_TOKENS_CALLED, generate 1 tokens, offset=150142992844 ns
        ON_TOKENS_RETURNED, offset=150142995383 ns
        ON_TOKENS_CALLED, generate 1 tokens, offset=151075743656 ns
        ON_TOKENS_RETURNED, offset=151075766042 ns
        ON_TOKENS_CALLED, generate 1 tokens, offset=152013039375 ns
        ON_TOKENS_RETURNED, offset=152013041251 ns
        ON_TOKENS_CALLED, generate 1 tokens, offset=152989394816 ns
        ON_TOKENS_RETURNED, offset=152989396369 ns
        ON_TOKENS_CALLED, generate 1 tokens, offset=153974830046 ns
        ON_TOKENS_RETURNED, offset=153974831083 ns
        ON_TOKENS_CALLED, generate 1 tokens, offset=154993768882 ns
        ON_TOKENS_RETURNED, offset=154993771359 ns
        ON_TOKENS_CALLED, generate 1 tokens, offset=156016759505 ns
        ON_TOKENS_RETURNED, offset=156016761947 ns
        ON_TOKENS_CALLED, generate 1 tokens, offset=157076053505 ns
        ON_TOKENS_RETURNED, offset=157076056152 ns
        ON_TOKENS_CALLED, generate 1 tokens, offset=158147927641 ns
        ON_TOKENS_RETURNED, offset=158147929776 ns
        ON_TOKENS_CALLED, generate 1 tokens, offset=159250771206 ns
        ON_TOKENS_RETURNED, offset=159250774087 ns
        ON_TOKENS_CALLED, generate 1 tokens, offset=160352678292 ns
        ON_TOKENS_RETURNED, offset=160352681071 ns
        ON_TOKENS_CALLED, generate 1 tokens, offset=161497611721 ns
        ON_TOKENS_RETURNED, offset=161497613694 ns
        ON_TOKENS_CALLED, generate 1 tokens, offset=162646503795 ns
        ON_TOKENS_RETURNED, offset=162646506238 ns
        ON_TOKENS_CALLED, generate 1 tokens, offset=163832447031 ns
        ON_TOKENS_RETURNED, offset=163832448539 ns
        ON_TOKENS_CALLED, generate 1 tokens, offset=165015982823 ns
        ON_TOKENS_RETURNED, offset=165015984003 ns
        ON_TOKENS_CALLED, generate 1 tokens, offset=166239182541 ns
        ON_TOKENS_RETURNED, offset=166239183914 ns
        ON_TOKENS_CALLED, generate 1 tokens, offset=167466559766 ns
        ON_TOKENS_RETURNED, offset=167466560772 ns
        ON_TOKENS_CALLED, generate 1 tokens, offset=168575134107 ns
        ON_TOKENS_RETURNED, offset=168575137777 ns
        ON_TOKENS_CALLED, generate 1 tokens, offset=169711523871 ns
        ON_TOKENS_RETURNED, offset=169711525852 ns
        ON_TOKENS_CALLED, generate 1 tokens, offset=170860819753 ns
        ON_TOKENS_RETURNED, offset=170860822622 ns
        ON_TOKENS_CALLED, generate 1 tokens, offset=172036868441 ns
        ON_TOKENS_RETURNED, offset=172036871175 ns
        ON_TOKENS_CALLED, generate 1 tokens, offset=173216884416 ns
        ON_TOKENS_RETURNED, offset=173216886853 ns
        ON_TOKENS_CALLED, generate 1 tokens, offset=174433278987 ns
        ON_TOKENS_RETURNED, offset=174433281310 ns
        ON_TOKENS_CALLED, generate 1 tokens, offset=175658537451 ns
        ON_TOKENS_RETURNED, offset=175658540364 ns
        ON_TOKENS_CALLED, generate 1 tokens, offset=176916592064 ns
        ON_TOKENS_RETURNED, offset=176916593102 ns
        ON_TOKENS_CALLED, generate 1 tokens, offset=178172786858 ns
        ON_TOKENS_RETURNED, offset=178172788387 ns
        ON_TOKENS_CALLED, generate 1 tokens, offset=179478040345 ns
        ON_TOKENS_RETURNED, offset=179478043503 ns
        ON_TOKENS_CALLED, generate 1 tokens, offset=180787651735 ns
        ON_TOKENS_RETURNED, offset=180787654777 ns
        ON_TOKENS_CALLED, generate 1 tokens, offset=182131012478 ns
        ON_TOKENS_RETURNED, offset=182131014927 ns
        ON_TOKENS_CALLED, generate 1 tokens, offset=183471049736 ns
        ON_TOKENS_RETURNED, offset=183471051367 ns
        ON_TOKENS_CALLED, generate 1 tokens, offset=184853690422 ns
        ON_TOKENS_RETURNED, offset=184853692490 ns
        ON_TOKENS_CALLED, generate 1 tokens, offset=186244923645 ns
        ON_TOKENS_RETURNED, offset=186244926317 ns
        ON_TOKENS_CALLED, generate 1 tokens, offset=187668650100 ns
        ON_TOKENS_RETURNED, offset=187668652815 ns
        ON_TOKENS_CALLED, generate 1 tokens, offset=189080881700 ns
        ON_TOKENS_RETURNED, offset=189080884702 ns
        ON_TOKENS_CALLED, generate 1 tokens, offset=190541831618 ns
        ON_TOKENS_RETURNED, offset=190541833932 ns
        ON_TOKENS_CALLED, generate 1 tokens, offset=191871838066 ns
        ON_TOKENS_RETURNED, offset=191871840753 ns
        ON_TOKENS_CALLED, generate 1 tokens, offset=193245827954 ns
        ON_TOKENS_RETURNED, offset=193245830580 ns
        ON_TOKENS_CALLED, generate 1 tokens, offset=194625825991 ns
        ON_TOKENS_RETURNED, offset=194625828434 ns
        ON_TOKENS_CALLED, generate 1 tokens, offset=196037203148 ns
        ON_TOKENS_RETURNED, offset=196037205937 ns
        ON_TOKENS_CALLED, generate 1 tokens, offset=197457471695 ns
        ON_TOKENS_RETURNED, offset=197457473617 ns
        ON_TOKENS_CALLED, generate 1 tokens, offset=198915884481 ns
        ON_TOKENS_RETURNED, offset=198915885759 ns
        ON_TOKENS_CALLED, generate 1 tokens, offset=200369224432 ns
        ON_TOKENS_RETURNED, offset=200369225866 ns
        ON_TOKENS_CALLED, generate 1 tokens, offset=201860850982 ns
        ON_TOKENS_RETURNED, offset=201860853942 ns
        ON_TOKENS_CALLED, generate 1 tokens, offset=203223582987 ns
        ON_TOKENS_RETURNED, offset=203223584550 ns
        ON_TOKENS_CALLED, generate 1 tokens, offset=204627817174 ns
        ON_TOKENS_RETURNED, offset=204627819964 ns
        ON_TOKENS_CALLED, generate 1 tokens, offset=206037774192 ns
        ON_TOKENS_RETURNED, offset=206037777056 ns
        ON_TOKENS_CALLED, generate 1 tokens, offset=207477044827 ns
        ON_TOKENS_RETURNED, offset=207477047621 ns
        ON_TOKENS_CALLED, generate 1 tokens, offset=208801776682 ns
        ON_TOKENS_RETURNED, offset=208801960767 ns
        ON_TOKENS_CALLED, generate 1 tokens, offset=210157048262 ns
        ON_TOKENS_RETURNED, offset=210157054071 ns
[15:31:08.724567798|thread 2634052|cpu 260] [debug] #EVT# HandleDetails::is_anomalous() handle_id=29 time in state STATE_OPENED exceeded threshold: 138179145731 ns
[15:31:08.724569439|thread 2634052|cpu 260] [debug] #EVT#   Handle,    29, Created, 753659862965343, Last, 753870019993164, Prompted,  8191, Generated,    64, Input TPS, 59.29, Output TPS:  0.78, Callbacks,    64, prompt parsing complete, open
[15:31:08.724584215|thread 2634052|cpu 260] [info ] #EVT#   Handle 29 history:
        SESSION_OPEN, prompt 8192 tokens, offset=0 ns
        PROMPT_TOKENS_REUSE, offset=138179144430 ns
        ON_START_CALLED, offset=138179145731 ns
        ON_START_RETURNED, offset=138179216636 ns
        ON_TOKENS_CALLED, generate 1 tokens, offset=138179221676 ns
        ON_TOKENS_RETURNED, offset=138179224629 ns
        ON_TOKENS_CALLED, generate 1 tokens, offset=138829669533 ns
        ON_TOKENS_RETURNED, offset=138829672057 ns
        ON_TOKENS_CALLED, generate 1 tokens, offset=139548055806 ns
        ON_TOKENS_RETURNED, offset=139548059135 ns
        ON_TOKENS_CALLED, generate 1 tokens, offset=140278147492 ns
        ON_TOKENS_RETURNED, offset=140278148858 ns
        ON_TOKENS_CALLED, generate 1 tokens, offset=141021480686 ns
        ON_TOKENS_RETURNED, offset=141021483565 ns
        ON_TOKENS_CALLED, generate 1 tokens, offset=141776666240 ns
        ON_TOKENS_RETURNED, offset=141776668646 ns
        ON_TOKENS_CALLED, generate 1 tokens, offset=142545724235 ns
        ON_TOKENS_RETURNED, offset=142545726515 ns
        ON_TOKENS_CALLED, generate 1 tokens, offset=143324675778 ns
        ON_TOKENS_RETURNED, offset=143324677779 ns
        ON_TOKENS_CALLED, generate 1 tokens, offset=144122802007 ns
        ON_TOKENS_RETURNED, offset=144122823061 ns
        ON_TOKENS_CALLED, generate 1 tokens, offset=144936934423 ns
        ON_TOKENS_RETURNED, offset=144936935319 ns
        ON_TOKENS_CALLED, generate 1 tokens, offset=145763333865 ns
        ON_TOKENS_RETURNED, offset=145763335137 ns
        ON_TOKENS_CALLED, generate 1 tokens, offset=146600225769 ns
        ON_TOKENS_RETURNED, offset=146600227379 ns
        ON_TOKENS_CALLED, generate 1 tokens, offset=147456960288 ns
        ON_TOKENS_RETURNED, offset=147456961446 ns
        ON_TOKENS_CALLED, generate 1 tokens, offset=148337213488 ns
        ON_TOKENS_RETURNED, offset=148337215712 ns
        ON_TOKENS_CALLED, generate 1 tokens, offset=149234141741 ns
        ON_TOKENS_RETURNED, offset=149234144581 ns
        ON_TOKENS_CALLED, generate 1 tokens, offset=150142972882 ns
        ON_TOKENS_RETURNED, offset=150142974175 ns
        ON_TOKENS_CALLED, generate 1 tokens, offset=151075720911 ns
        ON_TOKENS_RETURNED, offset=151075735590 ns
        ON_TOKENS_CALLED, generate 1 tokens, offset=152013015476 ns
        ON_TOKENS_RETURNED, offset=152013018008 ns
        ON_TOKENS_CALLED, generate 1 tokens, offset=152989371617 ns
        ON_TOKENS_RETURNED, offset=152989373321 ns
        ON_TOKENS_CALLED, generate 1 tokens, offset=153974799332 ns
        ON_TOKENS_RETURNED, offset=153974800646 ns
        ON_TOKENS_CALLED, generate 1 tokens, offset=154993743210 ns
        ON_TOKENS_RETURNED, offset=154993745450 ns
        ON_TOKENS_CALLED, generate 1 tokens, offset=156016742866 ns
        ON_TOKENS_RETURNED, offset=156016744538 ns
        ON_TOKENS_CALLED, generate 1 tokens, offset=157076028537 ns
        ON_TOKENS_RETURNED, offset=157076030446 ns
        ON_TOKENS_CALLED, generate 1 tokens, offset=158147903135 ns
        ON_TOKENS_RETURNED, offset=158147904712 ns
        ON_TOKENS_CALLED, generate 1 tokens, offset=159250745550 ns
        ON_TOKENS_RETURNED, offset=159250747724 ns
        ON_TOKENS_CALLED, generate 1 tokens, offset=160352654125 ns
        ON_TOKENS_RETURNED, offset=160352655546 ns
        ON_TOKENS_CALLED, generate 1 tokens, offset=161497585887 ns
        ON_TOKENS_RETURNED, offset=161497587617 ns
        ON_TOKENS_CALLED, generate 1 tokens, offset=162646472771 ns
        ON_TOKENS_RETURNED, offset=162646475366 ns
        ON_TOKENS_CALLED, generate 1 tokens, offset=163832423306 ns
        ON_TOKENS_RETURNED, offset=163832425462 ns
        ON_TOKENS_CALLED, generate 1 tokens, offset=165015958753 ns
        ON_TOKENS_RETURNED, offset=165015960512 ns
        ON_TOKENS_CALLED, generate 1 tokens, offset=166239157902 ns
        ON_TOKENS_RETURNED, offset=166239160540 ns
        ON_TOKENS_CALLED, generate 1 tokens, offset=167466534797 ns
        ON_TOKENS_RETURNED, offset=167466536802 ns
        ON_TOKENS_CALLED, generate 1 tokens, offset=168575109451 ns
        ON_TOKENS_RETURNED, offset=168575113658 ns
        ON_TOKENS_CALLED, generate 1 tokens, offset=169711495322 ns
        ON_TOKENS_RETURNED, offset=169711498041 ns
        ON_TOKENS_CALLED, generate 1 tokens, offset=170860803308 ns
        ON_TOKENS_RETURNED, offset=170860804637 ns
        ON_TOKENS_CALLED, generate 1 tokens, offset=172036839242 ns
        ON_TOKENS_RETURNED, offset=172036841184 ns
        ON_TOKENS_CALLED, generate 1 tokens, offset=173216859118 ns
        ON_TOKENS_RETURNED, offset=173216860581 ns
        ON_TOKENS_CALLED, generate 1 tokens, offset=174433256800 ns
        ON_TOKENS_RETURNED, offset=174433259802 ns
        ON_TOKENS_CALLED, generate 1 tokens, offset=175658512083 ns
        ON_TOKENS_RETURNED, offset=175658514786 ns
        ON_TOKENS_CALLED, generate 1 tokens, offset=176916545051 ns
        ON_TOKENS_RETURNED, offset=176916546959 ns
        ON_TOKENS_CALLED, generate 1 tokens, offset=178172777149 ns
        ON_TOKENS_RETURNED, offset=178172778219 ns
        ON_TOKENS_CALLED, generate 1 tokens, offset=179478016152 ns
        ON_TOKENS_RETURNED, offset=179478019022 ns
        ON_TOKENS_CALLED, generate 1 tokens, offset=180787634769 ns
        ON_TOKENS_RETURNED, offset=180787636065 ns
        ON_TOKENS_CALLED, generate 1 tokens, offset=182130990542 ns
        ON_TOKENS_RETURNED, offset=182130993025 ns
        ON_TOKENS_CALLED, generate 1 tokens, offset=183471026106 ns
        ON_TOKENS_RETURNED, offset=183471028945 ns
        ON_TOKENS_CALLED, generate 1 tokens, offset=184853662178 ns
        ON_TOKENS_RETURNED, offset=184853664492 ns
        ON_TOKENS_CALLED, generate 1 tokens, offset=186244900883 ns
        ON_TOKENS_RETURNED, offset=186244902099 ns
        ON_TOKENS_CALLED, generate 1 tokens, offset=187668626478 ns
        ON_TOKENS_RETURNED, offset=187668628824 ns
        ON_TOKENS_CALLED, generate 1 tokens, offset=189080857849 ns
        ON_TOKENS_RETURNED, offset=189080860159 ns
        ON_TOKENS_CALLED, generate 1 tokens, offset=190541810639 ns
        ON_TOKENS_RETURNED, offset=190541811885 ns
        ON_TOKENS_CALLED, generate 1 tokens, offset=191871813389 ns
        ON_TOKENS_RETURNED, offset=191871815150 ns
        ON_TOKENS_CALLED, generate 1 tokens, offset=193245806339 ns
        ON_TOKENS_RETURNED, offset=193245810313 ns
        ON_TOKENS_CALLED, generate 1 tokens, offset=194625805166 ns
        ON_TOKENS_RETURNED, offset=194625808169 ns
        ON_TOKENS_CALLED, generate 1 tokens, offset=196037179888 ns
        ON_TOKENS_RETURNED, offset=196037181629 ns
        ON_TOKENS_CALLED, generate 1 tokens, offset=197457445837 ns
        ON_TOKENS_RETURNED, offset=197457447311 ns
        ON_TOKENS_CALLED, generate 1 tokens, offset=198915860216 ns
        ON_TOKENS_RETURNED, offset=198915861568 ns
        ON_TOKENS_CALLED, generate 1 tokens, offset=200369199412 ns
        ON_TOKENS_RETURNED, offset=200369200739 ns
        ON_TOKENS_CALLED, generate 1 tokens, offset=201860828732 ns
        ON_TOKENS_RETURNED, offset=201860830028 ns
        ON_TOKENS_CALLED, generate 1 tokens, offset=203223555193 ns
        ON_TOKENS_RETURNED, offset=203223558199 ns
        ON_TOKENS_CALLED, generate 1 tokens, offset=204627802972 ns
        ON_TOKENS_RETURNED, offset=204627804031 ns
        ON_TOKENS_CALLED, generate 1 tokens, offset=206037749618 ns
        ON_TOKENS_RETURNED, offset=206037750970 ns
        ON_TOKENS_CALLED, generate 1 tokens, offset=207477020336 ns
        ON_TOKENS_RETURNED, offset=207477021709 ns
        ON_TOKENS_CALLED, generate 1 tokens, offset=208801753334 ns
        ON_TOKENS_RETURNED, offset=208801892826 ns
        ON_TOKENS_CALLED, generate 1 tokens, offset=210157023235 ns
        ON_TOKENS_RETURNED, offset=210157027821 ns
[15:31:09.774699699|thread 2634051|cpu 260] [info ] KV cache footprint: 34.06 GB in 155 books
[15:31:13.884208536|thread 2634031|cpu 260] [info ] [Request 5] Parsing the prompt took 225.435386382 s at 36.3385719139881 tokens/s
[15:31:17.801804158|thread 2634051|cpu 260] [info ] KV cache footprint: 35.16 GB in 160 books
[15:31:27.591165651|thread 2634051|cpu 260] [info ] KV cache footprint: 36.25 GB in 165 books
[15:31:28.730503903|thread 2634024|cpu 260] [info ] [Request 11] Generating 61 response tokens with 8193 context took 71.706247 s at 0.851 average tok/s, or 1175.512 ms/tok
[15:31:28.730536727|thread 2634024|cpu 260] [info ] [Request 11] Request with 8192 tokens in and 64 out (sequence limit) saw 167.466773 s TTFT and 240.281609 s TTLT
[15:31:32.418684951|thread 2634031|cpu 260] [info ] [Request 6] Parsing the prompt took 243.969850639 s at 33.577919478754076 tokens/s
[15:31:34.539101096|thread 2634051|cpu 260] [info ] KV cache footprint: 37.35 GB in 170 books
[15:31:40.277129504|thread 2634052|cpu 260] [debug] #EVT# HandleDetails::is_anomalous() handle_id=11 time in state STATE_OPENED exceeded threshold: 167466765615 ns
[15:31:40.277196335|thread 2634052|cpu 260] [debug] #EVT#   Handle,    11, Created, 753659862742954, Last, 753901367692600, Prompted,  8191, Generated,    64, Input TPS, 48.92, Output TPS:  0.76, Callbacks,    64, prompt parsing complete, open
[15:31:40.277238462|thread 2634052|cpu 260] [info ] #EVT#   Handle 11 history:
        SESSION_OPEN, prompt 8192 tokens, offset=0 ns
        PROMPT_TOKENS_REUSE, offset=167466764492 ns
        ON_START_CALLED, offset=167466765615 ns
        ON_START_RETURNED, offset=167466808855 ns
        ON_TOKENS_CALLED, generate 1 tokens, offset=167466814499 ns
        ON_TOKENS_RETURNED, offset=167466816542 ns
        ON_TOKENS_CALLED, generate 1 tokens, offset=168575355150 ns
        ON_TOKENS_RETURNED, offset=168575357758 ns
        ON_TOKENS_CALLED, generate 1 tokens, offset=169711727161 ns
        ON_TOKENS_RETURNED, offset=169711729929 ns
        ON_TOKENS_CALLED, generate 1 tokens, offset=170861028909 ns
        ON_TOKENS_RETURNED, offset=170861030089 ns
        ON_TOKENS_CALLED, generate 1 tokens, offset=172037074401 ns
        ON_TOKENS_RETURNED, offset=172037077294 ns
        ON_TOKENS_CALLED, generate 1 tokens, offset=173217090910 ns
        ON_TOKENS_RETURNED, offset=173217092307 ns
        ON_TOKENS_CALLED, generate 1 tokens, offset=174433486820 ns
        ON_TOKENS_RETURNED, offset=174433488912 ns
        ON_TOKENS_CALLED, generate 1 tokens, offset=175658744892 ns
        ON_TOKENS_RETURNED, offset=175658746069 ns
        ON_TOKENS_CALLED, generate 1 tokens, offset=176916784323 ns
        ON_TOKENS_RETURNED, offset=176916788401 ns
        ON_TOKENS_CALLED, generate 1 tokens, offset=178172994607 ns
        ON_TOKENS_RETURNED, offset=178172997493 ns
        ON_TOKENS_CALLED, generate 1 tokens, offset=179478249242 ns
        ON_TOKENS_RETURNED, offset=179478251789 ns
        ON_TOKENS_CALLED, generate 1 tokens, offset=180787865327 ns
        ON_TOKENS_RETURNED, offset=180787866418 ns
        ON_TOKENS_CALLED, generate 1 tokens, offset=182131217115 ns
        ON_TOKENS_RETURNED, offset=182131218308 ns
        ON_TOKENS_CALLED, generate 1 tokens, offset=183471264306 ns
        ON_TOKENS_RETURNED, offset=183471265328 ns
        ON_TOKENS_CALLED, generate 1 tokens, offset=184853897766 ns
        ON_TOKENS_RETURNED, offset=184853898791 ns
        ON_TOKENS_CALLED, generate 1 tokens, offset=186245134444 ns
        ON_TOKENS_RETURNED, offset=186245135615 ns
        ON_TOKENS_CALLED, generate 1 tokens, offset=187668857191 ns
        ON_TOKENS_RETURNED, offset=187668877094 ns
        ON_TOKENS_CALLED, generate 1 tokens, offset=189081091006 ns
        ON_TOKENS_RETURNED, offset=189081092043 ns
        ON_TOKENS_CALLED, generate 1 tokens, offset=190542043529 ns
        ON_TOKENS_RETURNED, offset=190542045013 ns
        ON_TOKENS_CALLED, generate 1 tokens, offset=191872052587 ns
        ON_TOKENS_RETURNED, offset=191872053864 ns
        ON_TOKENS_CALLED, generate 1 tokens, offset=193246037476 ns
        ON_TOKENS_RETURNED, offset=193246038685 ns
        ON_TOKENS_CALLED, generate 1 tokens, offset=194626033877 ns
        ON_TOKENS_RETURNED, offset=194626036299 ns
        ON_TOKENS_CALLED, generate 1 tokens, offset=196037418065 ns
        ON_TOKENS_RETURNED, offset=196037419711 ns
        ON_TOKENS_CALLED, generate 1 tokens, offset=197457677679 ns
        ON_TOKENS_RETURNED, offset=197457679875 ns
        ON_TOKENS_CALLED, generate 1 tokens, offset=198916092027 ns
        ON_TOKENS_RETURNED, offset=198916093851 ns
        ON_TOKENS_CALLED, generate 1 tokens, offset=200369431186 ns
        ON_TOKENS_RETURNED, offset=200369432682 ns
        ON_TOKENS_CALLED, generate 1 tokens, offset=201861053168 ns
        ON_TOKENS_RETURNED, offset=201861055968 ns
        ON_TOKENS_CALLED, generate 1 tokens, offset=203223788021 ns
        ON_TOKENS_RETURNED, offset=203223789158 ns
        ON_TOKENS_CALLED, generate 1 tokens, offset=204628028121 ns
        ON_TOKENS_RETURNED, offset=204628029324 ns
        ON_TOKENS_CALLED, generate 1 tokens, offset=206037988465 ns
        ON_TOKENS_RETURNED, offset=206037989511 ns
        ON_TOKENS_CALLED, generate 1 tokens, offset=207477254762 ns
        ON_TOKENS_RETURNED, offset=207477256828 ns
        ON_TOKENS_CALLED, generate 1 tokens, offset=208801989222 ns
        ON_TOKENS_RETURNED, offset=208801990402 ns
        ON_TOKENS_CALLED, generate 1 tokens, offset=210157256021 ns
        ON_TOKENS_RETURNED, offset=210157262186 ns
        ON_TOKENS_CALLED, generate 1 tokens, offset=211380699655 ns
        ON_TOKENS_RETURNED, offset=211380702432 ns
        ON_TOKENS_CALLED, generate 1 tokens, offset=212218777629 ns
        ON_TOKENS_RETURNED, offset=212218778914 ns
        ON_TOKENS_CALLED, generate 1 tokens, offset=213072016772 ns
        ON_TOKENS_RETURNED, offset=213072019450 ns
        ON_TOKENS_CALLED, generate 1 tokens, offset=213933854877 ns
        ON_TOKENS_RETURNED, offset=213933856460 ns
        ON_TOKENS_CALLED, generate 1 tokens, offset=214813829204 ns
        ON_TOKENS_RETURNED, offset=214813830647 ns
        ON_TOKENS_CALLED, generate 1 tokens, offset=215704527876 ns
        ON_TOKENS_RETURNED, offset=215704529877 ns
        ON_TOKENS_CALLED, generate 1 tokens, offset=216610829900 ns
        ON_TOKENS_RETURNED, offset=216610832689 ns
        ON_TOKENS_CALLED, generate 1 tokens, offset=217524542704 ns
        ON_TOKENS_RETURNED, offset=217524545366 ns
        ON_TOKENS_CALLED, generate 1 tokens, offset=218465373474 ns
        ON_TOKENS_RETURNED, offset=218465376090 ns
        ON_TOKENS_CALLED, generate 1 tokens, offset=219418019222 ns
        ON_TOKENS_RETURNED, offset=219418020952 ns
        ON_TOKENS_CALLED, generate 1 tokens, offset=220390541936 ns
        ON_TOKENS_RETURNED, offset=220390543745 ns
        ON_TOKENS_CALLED, generate 1 tokens, offset=221325599057 ns
        ON_TOKENS_RETURNED, offset=221325601789 ns
        ON_TOKENS_CALLED, generate 1 tokens, offset=222329243397 ns
        ON_TOKENS_RETURNED, offset=222329244656 ns
        ON_TOKENS_CALLED, generate 1 tokens, offset=223346246032 ns
        ON_TOKENS_RETURNED, offset=223346247427 ns
        ON_TOKENS_CALLED, generate 1 tokens, offset=224385205949 ns
        ON_TOKENS_RETURNED, offset=224385207783 ns
        ON_TOKENS_CALLED, generate 1 tokens, offset=225435299042 ns
        ON_TOKENS_RETURNED, offset=225435300836 ns
        ON_TOKENS_CALLED, generate 1 tokens, offset=226405534122 ns
        ON_TOKENS_RETURNED, offset=226405536660 ns
        ON_TOKENS_CALLED, generate 1 tokens, offset=227342126303 ns
        ON_TOKENS_RETURNED, offset=227342128065 ns
        ON_TOKENS_CALLED, generate 1 tokens, offset=228341295174 ns
        ON_TOKENS_RETURNED, offset=228341297124 ns
        ON_TOKENS_CALLED, generate 1 tokens, offset=229352700418 ns
        ON_TOKENS_RETURNED, offset=229352701649 ns
        ON_TOKENS_CALLED, generate 1 tokens, offset=230381739557 ns
        ON_TOKENS_RETURNED, offset=230381741452 ns
        ON_TOKENS_CALLED, generate 1 tokens, offset=231369215921 ns
        ON_TOKENS_RETURNED, offset=231369217467 ns
        ON_TOKENS_CALLED, generate 1 tokens, offset=232434084805 ns
        ON_TOKENS_RETURNED, offset=232434087574 ns
        ON_TOKENS_CALLED, generate 1 tokens, offset=233509941679 ns
        ON_TOKENS_RETURNED, offset=233509944847 ns
        ON_TOKENS_CALLED, generate 1 tokens, offset=234609267795 ns
        ON_TOKENS_RETURNED, offset=234609271168 ns
        ON_TOKENS_CALLED, generate 1 tokens, offset=235668434710 ns
        ON_TOKENS_RETURNED, offset=235668436056 ns
        ON_TOKENS_CALLED, generate 1 tokens, offset=236810156585 ns
        ON_TOKENS_RETURNED, offset=236810158380 ns
        ON_TOKENS_CALLED, generate 1 tokens, offset=237959285742 ns
        ON_TOKENS_RETURNED, offset=237959287661 ns
        ON_TOKENS_CALLED, generate 1 tokens, offset=239142093753 ns
        ON_TOKENS_RETURNED, offset=239142096813 ns
        ON_TOKENS_CALLED, generate 1 tokens, offset=240281599114 ns
        ON_TOKENS_RETURNED, offset=240281644889 ns
        ON_TOKENS_CALLED, generate 1 tokens, offset=241504941174 ns
        ON_TOKENS_RETURNED, offset=241504949646 ns
[15:31:45.362593282|thread 2634051|cpu 260] [info ] KV cache footprint: 38.45 GB in 175 books
[15:31:46.707903570|thread 2634032|cpu 260] [info ] [Request 7] Parsing the prompt took 258.259056397 s at 31.720088016611992 tokens/s
[15:31:50.146944117|thread 2634024|cpu 260] [info ] [Request 12] Generating 61 response tokens with 8193 context took 69.825988 s at 0.874 average tok/s, or 1144.688 ms/tok
[15:31:50.146983071|thread 2634024|cpu 260] [info ] [Request 12] Request with 8192 tokens in and 64 out (sequence limit) saw 190.542047 s TTFT and 261.698037 s TTLT
[15:31:52.553079702|thread 2634051|cpu 260] [info ] KV cache footprint: 39.55 GB in 180 books
[15:31:57.546440575|thread 2634032|cpu 260] [info ] [Request 19] Parsing the prompt took 269.097455232 s at 30.442502672265476 tokens/s
[15:31:59.732130481|thread 2634024|cpu 260] [info ] [Request 16] Generating 61 response tokens with 8193 context took 68.059437 s at 0.896 average tok/s, or 1115.728 ms/tok
[15:31:59.732171898|thread 2634024|cpu 260] [info ] [Request 16] Request with 8192 tokens in and 64 out (sequence limit) saw 201.861013 s TTFT and 271.283176 s TTLT
[15:32:01.685126517|thread 2634052|cpu 260] [debug] #EVT# HandleDetails::is_anomalous() handle_id=12 time in state STATE_OPENED exceeded threshold: 190542040066 ns
[15:32:01.685196260|thread 2634052|cpu 260] [debug] #EVT#   Handle,    12, Created, 753659862754240, Last, 753922763580611, Prompted,  8191, Generated,    64, Input TPS, 42.99, Output TPS:  0.77, Callbacks,    64, prompt parsing complete, open
[15:32:01.685237488|thread 2634052|cpu 260] [info ] #EVT#   Handle 12 history:
        SESSION_OPEN, prompt 8192 tokens, offset=0 ns
        PROMPT_TOKENS_REUSE, offset=190542030457 ns
        ON_START_CALLED, offset=190542040066 ns
        ON_START_RETURNED, offset=190542081907 ns
        ON_TOKENS_CALLED, generate 1 tokens, offset=190542094699 ns
        ON_TOKENS_RETURNED, offset=190542095896 ns
        ON_TOKENS_CALLED, generate 1 tokens, offset=191872043142 ns
        ON_TOKENS_RETURNED, offset=191872045716 ns
        ON_TOKENS_CALLED, generate 1 tokens, offset=193246028908 ns
        ON_TOKENS_RETURNED, offset=193246031226 ns
        ON_TOKENS_CALLED, generate 1 tokens, offset=194626023805 ns
        ON_TOKENS_RETURNED, offset=194626026495 ns
        ON_TOKENS_CALLED, generate 1 tokens, offset=196037400165 ns
        ON_TOKENS_RETURNED, offset=196037403234 ns
        ON_TOKENS_CALLED, generate 1 tokens, offset=197457668954 ns
        ON_TOKENS_RETURNED, offset=197457670949 ns
        ON_TOKENS_CALLED, generate 1 tokens, offset=198916084268 ns
        ON_TOKENS_RETURNED, offset=198916085231 ns
        ON_TOKENS_CALLED, generate 1 tokens, offset=200369423184 ns
        ON_TOKENS_RETURNED, offset=200369424460 ns
        ON_TOKENS_CALLED, generate 1 tokens, offset=201861054162 ns
        ON_TOKENS_RETURNED, offset=201861056904 ns
        ON_TOKENS_CALLED, generate 1 tokens, offset=203223780162 ns
        ON_TOKENS_RETURNED, offset=203223782613 ns
        ON_TOKENS_CALLED, generate 1 tokens, offset=204628018686 ns
        ON_TOKENS_RETURNED, offset=204628020574 ns
        ON_TOKENS_CALLED, generate 1 tokens, offset=206037975692 ns
        ON_TOKENS_RETURNED, offset=206037976977 ns
        ON_TOKENS_CALLED, generate 1 tokens, offset=207477251085 ns
        ON_TOKENS_RETURNED, offset=207477252546 ns
        ON_TOKENS_CALLED, generate 1 tokens, offset=208801980288 ns
        ON_TOKENS_RETURNED, offset=208801982354 ns
        ON_TOKENS_CALLED, generate 1 tokens, offset=210157253778 ns
        ON_TOKENS_RETURNED, offset=210157255707 ns
        ON_TOKENS_CALLED, generate 1 tokens, offset=211380682247 ns
        ON_TOKENS_RETURNED, offset=211380685183 ns
        ON_TOKENS_CALLED, generate 1 tokens, offset=212218775110 ns
        ON_TOKENS_RETURNED, offset=212218779156 ns
        ON_TOKENS_CALLED, generate 1 tokens, offset=213072009010 ns
        ON_TOKENS_RETURNED, offset=213072010845 ns
        ON_TOKENS_CALLED, generate 1 tokens, offset=213933845434 ns
        ON_TOKENS_RETURNED, offset=213933846880 ns
        ON_TOKENS_CALLED, generate 1 tokens, offset=214813819923 ns
        ON_TOKENS_RETURNED, offset=214813821833 ns
        ON_TOKENS_CALLED, generate 1 tokens, offset=215704518413 ns
        ON_TOKENS_RETURNED, offset=215704519757 ns
        ON_TOKENS_CALLED, generate 1 tokens, offset=216610817622 ns
        ON_TOKENS_RETURNED, offset=216610820209 ns
        ON_TOKENS_CALLED, generate 1 tokens, offset=217524540838 ns
        ON_TOKENS_RETURNED, offset=217524541853 ns
        ON_TOKENS_CALLED, generate 1 tokens, offset=218465368428 ns
        ON_TOKENS_RETURNED, offset=218465369665 ns
        ON_TOKENS_CALLED, generate 1 tokens, offset=219418009823 ns
        ON_TOKENS_RETURNED, offset=219418010926 ns
        ON_TOKENS_CALLED, generate 1 tokens, offset=220390531545 ns
        ON_TOKENS_RETURNED, offset=220390532589 ns
        ON_TOKENS_CALLED, generate 1 tokens, offset=221325588369 ns
        ON_TOKENS_RETURNED, offset=221325589483 ns
        ON_TOKENS_CALLED, generate 1 tokens, offset=222329232488 ns
        ON_TOKENS_RETURNED, offset=222329233500 ns
        ON_TOKENS_CALLED, generate 1 tokens, offset=223346236597 ns
        ON_TOKENS_RETURNED, offset=223346237758 ns
        ON_TOKENS_CALLED, generate 1 tokens, offset=224385196304 ns
        ON_TOKENS_RETURNED, offset=224385198111 ns
        ON_TOKENS_CALLED, generate 1 tokens, offset=225435290563 ns
        ON_TOKENS_RETURNED, offset=225435292912 ns
        ON_TOKENS_CALLED, generate 1 tokens, offset=226405528468 ns
        ON_TOKENS_RETURNED, offset=226405530222 ns
        ON_TOKENS_CALLED, generate 1 tokens, offset=227342118115 ns
        ON_TOKENS_RETURNED, offset=227342121342 ns
        ON_TOKENS_CALLED, generate 1 tokens, offset=228341285597 ns
        ON_TOKENS_RETURNED, offset=228341287279 ns
        ON_TOKENS_CALLED, generate 1 tokens, offset=229352696335 ns
        ON_TOKENS_RETURNED, offset=229352697570 ns
        ON_TOKENS_CALLED, generate 1 tokens, offset=230381730929 ns
        ON_TOKENS_RETURNED, offset=230381732386 ns
        ON_TOKENS_CALLED, generate 1 tokens, offset=231369206037 ns
        ON_TOKENS_RETURNED, offset=231369207125 ns
        ON_TOKENS_CALLED, generate 1 tokens, offset=232434073225 ns
        ON_TOKENS_RETURNED, offset=232434075125 ns
        ON_TOKENS_CALLED, generate 1 tokens, offset=233509933352 ns
        ON_TOKENS_RETURNED, offset=233509935632 ns
        ON_TOKENS_CALLED, generate 1 tokens, offset=234609257459 ns
        ON_TOKENS_RETURNED, offset=234609260250 ns
        ON_TOKENS_CALLED, generate 1 tokens, offset=235668418813 ns
        ON_TOKENS_RETURNED, offset=235668421395 ns
        ON_TOKENS_CALLED, generate 1 tokens, offset=236810139540 ns
        ON_TOKENS_RETURNED, offset=236810141904 ns
        ON_TOKENS_CALLED, generate 1 tokens, offset=237959276193 ns
        ON_TOKENS_RETURNED, offset=237959279021 ns
        ON_TOKENS_CALLED, generate 1 tokens, offset=239142086724 ns
        ON_TOKENS_RETURNED, offset=239142088891 ns
        ON_TOKENS_CALLED, generate 1 tokens, offset=240281591532 ns
        ON_TOKENS_RETURNED, offset=240281593128 ns
        ON_TOKENS_CALLED, generate 1 tokens, offset=241504931871 ns
        ON_TOKENS_RETURNED, offset=241504934304 ns
        ON_TOKENS_CALLED, generate 1 tokens, offset=242718918404 ns
        ON_TOKENS_RETURNED, offset=242718919435 ns
        ON_TOKENS_CALLED, generate 1 tokens, offset=243969767483 ns
        ON_TOKENS_RETURNED, offset=243969770203 ns
        ON_TOKENS_CALLED, generate 1 tokens, offset=244948925294 ns
        ON_TOKENS_RETURNED, offset=244948926696 ns
        ON_TOKENS_CALLED, generate 1 tokens, offset=246089967716 ns
        ON_TOKENS_RETURNED, offset=246089970334 ns
        ON_TOKENS_CALLED, generate 1 tokens, offset=247182641952 ns
        ON_TOKENS_RETURNED, offset=247182644028 ns
        ON_TOKENS_CALLED, generate 1 tokens, offset=248362812961 ns
        ON_TOKENS_RETURNED, offset=248362814708 ns
        ON_TOKENS_CALLED, generate 1 tokens, offset=249495283716 ns
        ON_TOKENS_RETURNED, offset=249495285500 ns
        ON_TOKENS_CALLED, generate 1 tokens, offset=250716027328 ns
        ON_TOKENS_RETURNED, offset=250716030491 ns
        ON_TOKENS_CALLED, generate 1 tokens, offset=251887132493 ns
        ON_TOKENS_RETURNED, offset=251887133482 ns
        ON_TOKENS_CALLED, generate 1 tokens, offset=253150199154 ns
        ON_TOKENS_RETURNED, offset=253150200436 ns
        ON_TOKENS_CALLED, generate 1 tokens, offset=254361695728 ns
        ON_TOKENS_RETURNED, offset=254361697562 ns
        ON_TOKENS_CALLED, generate 1 tokens, offset=255664184935 ns
        ON_TOKENS_RETURNED, offset=255664186160 ns
        ON_TOKENS_CALLED, generate 1 tokens, offset=256913432596 ns
        ON_TOKENS_RETURNED, offset=256913433810 ns
        ON_TOKENS_CALLED, generate 1 tokens, offset=258258968756 ns
        ON_TOKENS_RETURNED, offset=258258971139 ns
        ON_TOKENS_CALLED, generate 1 tokens, offset=259333032491 ns
        ON_TOKENS_RETURNED, offset=259333034073 ns
        ON_TOKENS_CALLED, generate 1 tokens, offset=260508778356 ns
        ON_TOKENS_RETURNED, offset=260508779486 ns
        ON_TOKENS_CALLED, generate 1 tokens, offset=261698029305 ns
        ON_TOKENS_RETURNED, offset=261698079848 ns
        ON_TOKENS_CALLED, generate 1 tokens, offset=262900818730 ns
        ON_TOKENS_RETURNED, offset=262900826371 ns
[15:32:03.090332156|thread 2634051|cpu 260] [info ] KV cache footprint: 40.65 GB in 185 books
[15:32:04.232754274|thread 2634024|cpu 260] [info ] [Request 18] Generating 61 response tokens with 8193 context took 66.981861 s at 0.911 average tok/s, or 1098.063 ms/tok
[15:32:04.232764120|thread 2634032|cpu 260] [info ] [Request 21] Parsing the prompt took 275.783755483 s at 29.704432683690012 tokens/s
[15:32:04.232782683|thread 2634024|cpu 260] [info ] [Request 18] Request with 8192 tokens in and 64 out (sequence limit) saw 207.477199 s TTFT and 275.783777 s TTLT
[15:32:07.084245945|thread 2634025|cpu 260] [info ] [Request 25] Generating 61 response tokens with 8193 context took 66.416553 s at 0.918 average tok/s, or 1088.796 ms/tok
[15:32:07.084250094|thread 2634026|cpu 260] [info ] [Request 31] Generating 61 response tokens with 8193 context took 66.416562 s at 0.918 average tok/s, or 1088.796 ms/tok
[15:32:07.084250062|thread 2634024|cpu 260] [info ] [Request 22] Generating 61 response tokens with 8193 context took 66.416564 s at 0.918 average tok/s, or 1088.796 ms/tok
[15:32:07.084316996|thread 2634024|cpu 260] [info ] [Request 22] Request with 8192 tokens in and 64 out (sequence limit) saw 211.380578 s TTFT and 278.635231 s TTLT
[15:32:07.084251933|thread 2634032|cpu 260] [info ] [Request 9] Parsing the prompt took 278.635383425 s at 29.400429691676372 tokens/s
[15:32:07.084294031|thread 2634025|cpu 260] [info ] [Request 25] Request with 8192 tokens in and 64 out (sequence limit) saw 211.380546 s TTFT and 278.635190 s TTLT
[15:32:07.084309062|thread 2634026|cpu 260] [info ] [Request 31] Request with 8192 tokens in and 64 out (sequence limit) saw 211.380460 s TTFT and 278.635109 s TTLT
[15:32:07.863298517|thread 2634033|cpu 260] [info ] [Request 13] Parsing the prompt took 279.414384473 s at 29.318461951952937 tokens/s
[15:32:10.980707543|thread 2634052|cpu 260] [debug] #EVT# HandleDetails::is_anomalous() handle_id=16 time in state STATE_OPENED exceeded threshold: 201861006314 ns
[15:32:10.980733413|thread 2634052|cpu 260] [debug] #EVT#   Handle,    16, Created, 753659862802755, Last, 753932264771088, Prompted,  8191, Generated,    64, Input TPS, 40.58, Output TPS:  0.79, Callbacks,    64, prompt parsing complete, open
[15:32:10.980761475|thread 2634052|cpu 260] [info ] #EVT#   Handle 16 history:
        SESSION_OPEN, prompt 8192 tokens, offset=0 ns
        PROMPT_TOKENS_REUSE, offset=201860998373 ns
        ON_START_CALLED, offset=201861006314 ns
        ON_START_RETURNED, offset=201861064187 ns
        ON_TOKENS_CALLED, generate 1 tokens, offset=201861074830 ns
        ON_TOKENS_RETURNED, offset=201861075740 ns
        ON_TOKENS_CALLED, generate 1 tokens, offset=203223732026 ns
        ON_TOKENS_RETURNED, offset=203223734876 ns
        ON_TOKENS_CALLED, generate 1 tokens, offset=204627977122 ns
        ON_TOKENS_RETURNED, offset=204627978418 ns
        ON_TOKENS_CALLED, generate 1 tokens, offset=206037925530 ns
        ON_TOKENS_RETURNED, offset=206037926556 ns
        ON_TOKENS_CALLED, generate 1 tokens, offset=207477206549 ns
        ON_TOKENS_RETURNED, offset=207477209537 ns
        ON_TOKENS_CALLED, generate 1 tokens, offset=208801931852 ns
        ON_TOKENS_RETURNED, offset=208801933428 ns
        ON_TOKENS_CALLED, generate 1 tokens, offset=210157202981 ns
        ON_TOKENS_RETURNED, offset=210157205147 ns
        ON_TOKENS_CALLED, generate 1 tokens, offset=211380637248 ns
        ON_TOKENS_RETURNED, offset=211380638837 ns
        ON_TOKENS_CALLED, generate 1 tokens, offset=212218719975 ns
        ON_TOKENS_RETURNED, offset=212218724395 ns
        ON_TOKENS_CALLED, generate 1 tokens, offset=213071960407 ns
        ON_TOKENS_RETURNED, offset=213071961863 ns
        ON_TOKENS_CALLED, generate 1 tokens, offset=213933798098 ns
        ON_TOKENS_RETURNED, offset=213933799277 ns
        ON_TOKENS_CALLED, generate 1 tokens, offset=214813773405 ns
        ON_TOKENS_RETURNED, offset=214813775335 ns
        ON_TOKENS_CALLED, generate 1 tokens, offset=215704474416 ns
        ON_TOKENS_RETURNED, offset=215704475694 ns
        ON_TOKENS_CALLED, generate 1 tokens, offset=216610778499 ns
        ON_TOKENS_RETURNED, offset=216610779593 ns
        ON_TOKENS_CALLED, generate 1 tokens, offset=217524487032 ns
        ON_TOKENS_RETURNED, offset=217524488796 ns
        ON_TOKENS_CALLED, generate 1 tokens, offset=218465317795 ns
        ON_TOKENS_RETURNED, offset=218465318761 ns
        ON_TOKENS_CALLED, generate 1 tokens, offset=219417962287 ns
        ON_TOKENS_RETURNED, offset=219417977933 ns
        ON_TOKENS_CALLED, generate 1 tokens, offset=220390485296 ns
        ON_TOKENS_RETURNED, offset=220390486863 ns
        ON_TOKENS_CALLED, generate 1 tokens, offset=221325541771 ns
        ON_TOKENS_RETURNED, offset=221325544595 ns
        ON_TOKENS_CALLED, generate 1 tokens, offset=222329191123 ns
        ON_TOKENS_RETURNED, offset=222329192277 ns
        ON_TOKENS_CALLED, generate 1 tokens, offset=223346195159 ns
        ON_TOKENS_RETURNED, offset=223346196218 ns
        ON_TOKENS_CALLED, generate 1 tokens, offset=224385148195 ns
        ON_TOKENS_RETURNED, offset=224385150176 ns
        ON_TOKENS_CALLED, generate 1 tokens, offset=225435243361 ns
        ON_TOKENS_RETURNED, offset=225435246464 ns
        ON_TOKENS_CALLED, generate 1 tokens, offset=226405478305 ns
        ON_TOKENS_RETURNED, offset=226405480192 ns
        ON_TOKENS_CALLED, generate 1 tokens, offset=227342068766 ns
        ON_TOKENS_RETURNED, offset=227342071086 ns
        ON_TOKENS_CALLED, generate 1 tokens, offset=228341246216 ns
        ON_TOKENS_RETURNED, offset=228341247482 ns
        ON_TOKENS_CALLED, generate 1 tokens, offset=229352645422 ns
        ON_TOKENS_RETURNED, offset=229352646870 ns
        ON_TOKENS_CALLED, generate 1 tokens, offset=230381678904 ns
        ON_TOKENS_RETURNED, offset=230381680929 ns
        ON_TOKENS_CALLED, generate 1 tokens, offset=231369158877 ns
        ON_TOKENS_RETURNED, offset=231369160416 ns
        ON_TOKENS_CALLED, generate 1 tokens, offset=232434025187 ns
        ON_TOKENS_RETURNED, offset=232434028256 ns
        ON_TOKENS_CALLED, generate 1 tokens, offset=233509887038 ns
        ON_TOKENS_RETURNED, offset=233509888498 ns
        ON_TOKENS_CALLED, generate 1 tokens, offset=234609211027 ns
        ON_TOKENS_RETURNED, offset=234609213233 ns
        ON_TOKENS_CALLED, generate 1 tokens, offset=235668372222 ns
        ON_TOKENS_RETURNED, offset=235668374250 ns
        ON_TOKENS_CALLED, generate 1 tokens, offset=236810091944 ns
        ON_TOKENS_RETURNED, offset=236810093612 ns
        ON_TOKENS_CALLED, generate 1 tokens, offset=237959232416 ns
        ON_TOKENS_RETURNED, offset=237959233616 ns
        ON_TOKENS_CALLED, generate 1 tokens, offset=239142038045 ns
        ON_TOKENS_RETURNED, offset=239142039836 ns
        ON_TOKENS_CALLED, generate 1 tokens, offset=240281543335 ns
        ON_TOKENS_RETURNED, offset=240281545509 ns
        ON_TOKENS_CALLED, generate 1 tokens, offset=241504885176 ns
        ON_TOKENS_RETURNED, offset=241504887739 ns
        ON_TOKENS_CALLED, generate 1 tokens, offset=242718860085 ns
        ON_TOKENS_RETURNED, offset=242718861717 ns
        ON_TOKENS_CALLED, generate 1 tokens, offset=243969728626 ns
        ON_TOKENS_RETURNED, offset=243969730119 ns
        ON_TOKENS_CALLED, generate 1 tokens, offset=244948885234 ns
        ON_TOKENS_RETURNED, offset=244948886944 ns
        ON_TOKENS_CALLED, generate 1 tokens, offset=246089918785 ns
        ON_TOKENS_RETURNED, offset=246089921567 ns
        ON_TOKENS_CALLED, generate 1 tokens, offset=247182598547 ns
        ON_TOKENS_RETURNED, offset=247182599887 ns
        ON_TOKENS_CALLED, generate 1 tokens, offset=248362761324 ns
        ON_TOKENS_RETURNED, offset=248362763708 ns
        ON_TOKENS_CALLED, generate 1 tokens, offset=249495222490 ns
        ON_TOKENS_RETURNED, offset=249495223702 ns
        ON_TOKENS_CALLED, generate 1 tokens, offset=250715976464 ns
        ON_TOKENS_RETURNED, offset=250715979340 ns
        ON_TOKENS_CALLED, generate 1 tokens, offset=251887082557 ns
        ON_TOKENS_RETURNED, offset=251887084709 ns
        ON_TOKENS_CALLED, generate 1 tokens, offset=253150157419 ns
        ON_TOKENS_RETURNED, offset=253150158630 ns
        ON_TOKENS_CALLED, generate 1 tokens, offset=254361657250 ns
        ON_TOKENS_RETURNED, offset=254361660715 ns
        ON_TOKENS_CALLED, generate 1 tokens, offset=255664139879 ns
        ON_TOKENS_RETURNED, offset=255664141834 ns
        ON_TOKENS_CALLED, generate 1 tokens, offset=256913384472 ns
        ON_TOKENS_RETURNED, offset=256913386192 ns
        ON_TOKENS_CALLED, generate 1 tokens, offset=258258922072 ns
        ON_TOKENS_RETURNED, offset=258258924644 ns
        ON_TOKENS_CALLED, generate 1 tokens, offset=259332982707 ns
        ON_TOKENS_RETURNED, offset=259332984249 ns
        ON_TOKENS_CALLED, generate 1 tokens, offset=260508735993 ns
        ON_TOKENS_RETURNED, offset=260508737765 ns
        ON_TOKENS_CALLED, generate 1 tokens, offset=261697990202 ns
        ON_TOKENS_RETURNED, offset=261697991482 ns
        ON_TOKENS_CALLED, generate 1 tokens, offset=262900770951 ns
        ON_TOKENS_RETURNED, offset=262900772348 ns
        ON_TOKENS_CALLED, generate 1 tokens, offset=264103975768 ns
        ON_TOKENS_RETURNED, offset=264103978421 ns
        ON_TOKENS_CALLED, generate 1 tokens, offset=265325102655 ns
        ON_TOKENS_RETURNED, offset=265325104100 ns
        ON_TOKENS_CALLED, generate 1 tokens, offset=266561181774 ns
        ON_TOKENS_RETURNED, offset=266561183408 ns
        ON_TOKENS_CALLED, generate 1 tokens, offset=267817063762 ns
        ON_TOKENS_RETURNED, offset=267817067497 ns
        ON_TOKENS_CALLED, generate 1 tokens, offset=269097472747 ns
        ON_TOKENS_RETURNED, offset=269097475140 ns
        ON_TOKENS_CALLED, generate 1 tokens, offset=270183491383 ns
        ON_TOKENS_RETURNED, offset=270183492754 ns
        ON_TOKENS_CALLED, generate 1 tokens, offset=271283167696 ns
        ON_TOKENS_RETURNED, offset=271283220272 ns
        ON_TOKENS_CALLED, generate 1 tokens, offset=272401960739 ns
        ON_TOKENS_RETURNED, offset=272401968333 ns
[15:32:12.372658418|thread 2634031|cpu 260] [info ] [Request 17] Parsing the prompt took 283.923694529 s at 28.85282263458032 tokens/s
[15:32:14.866105389|thread 2634024|cpu 260] [info ] [Request 5] Generating 61 response tokens with 8193 context took 60.011657 s at 1.016 average tok/s, or 983.798 ms/tok
[15:32:14.866129809|thread 2634024|cpu 260] [info ] [Request 5] Request with 8192 tokens in and 64 out (sequence limit) saw 225.435386 s TTFT and 286.417282 s TTLT
[15:32:15.487605915|thread 2634052|cpu 260] [debug] #EVT# HandleDetails::is_anomalous() handle_id=18 time in state STATE_OPENED exceeded threshold: 207477191892 ns
[15:32:15.487623610|thread 2634052|cpu 260] [debug] #EVT#   Handle,    18, Created, 753659862825883, Last, 753936603399854, Prompted,  8191, Generated,    64, Input TPS, 39.48, Output TPS:  0.80, Callbacks,    64, prompt parsing complete, open
[15:32:15.487650921|thread 2634052|cpu 260] [info ] #EVT#   Handle 18 history:
        SESSION_OPEN, prompt 8192 tokens, offset=0 ns
        PROMPT_TOKENS_REUSE, offset=207477183131 ns
        ON_START_CALLED, offset=207477191892 ns
        ON_START_RETURNED, offset=207477244036 ns
        ON_TOKENS_CALLED, generate 1 tokens, offset=207477257835 ns
        ON_TOKENS_RETURNED, offset=207477258957 ns
        ON_TOKENS_CALLED, generate 1 tokens, offset=208801908810 ns
        ON_TOKENS_RETURNED, offset=208801911406 ns
        ON_TOKENS_CALLED, generate 1 tokens, offset=210157191028 ns
        ON_TOKENS_RETURNED, offset=210157193220 ns
        ON_TOKENS_CALLED, generate 1 tokens, offset=211380614977 ns
        ON_TOKENS_RETURNED, offset=211380617303 ns
        ON_TOKENS_CALLED, generate 1 tokens, offset=212218703153 ns
        ON_TOKENS_RETURNED, offset=212218705025 ns
        ON_TOKENS_CALLED, generate 1 tokens, offset=213071937929 ns
        ON_TOKENS_RETURNED, offset=213071940431 ns
        ON_TOKENS_CALLED, generate 1 tokens, offset=213933780269 ns
        ON_TOKENS_RETURNED, offset=213933781667 ns
        ON_TOKENS_CALLED, generate 1 tokens, offset=214813749252 ns
        ON_TOKENS_RETURNED, offset=214813750513 ns
        ON_TOKENS_CALLED, generate 1 tokens, offset=215704450944 ns
        ON_TOKENS_RETURNED, offset=215704455561 ns
        ON_TOKENS_CALLED, generate 1 tokens, offset=216610754705 ns
        ON_TOKENS_RETURNED, offset=216610756035 ns
        ON_TOKENS_CALLED, generate 1 tokens, offset=217524466379 ns
        ON_TOKENS_RETURNED, offset=217524467402 ns
        ON_TOKENS_CALLED, generate 1 tokens, offset=218465296203 ns
        ON_TOKENS_RETURNED, offset=218465297481 ns
        ON_TOKENS_CALLED, generate 1 tokens, offset=219417941290 ns
        ON_TOKENS_RETURNED, offset=219417942668 ns
        ON_TOKENS_CALLED, generate 1 tokens, offset=220390461877 ns
        ON_TOKENS_RETURNED, offset=220390463103 ns
        ON_TOKENS_CALLED, generate 1 tokens, offset=221325521629 ns
        ON_TOKENS_RETURNED, offset=221325523657 ns
        ON_TOKENS_CALLED, generate 1 tokens, offset=222329162240 ns
        ON_TOKENS_RETURNED, offset=222329163400 ns
        ON_TOKENS_CALLED, generate 1 tokens, offset=223346167497 ns
        ON_TOKENS_RETURNED, offset=223346170388 ns
        ON_TOKENS_CALLED, generate 1 tokens, offset=224385130636 ns
        ON_TOKENS_RETURNED, offset=224385131679 ns
        ON_TOKENS_CALLED, generate 1 tokens, offset=225435222212 ns
        ON_TOKENS_RETURNED, offset=225435223538 ns
        ON_TOKENS_CALLED, generate 1 tokens, offset=226405457789 ns
        ON_TOKENS_RETURNED, offset=226405458733 ns
        ON_TOKENS_CALLED, generate 1 tokens, offset=227342047408 ns
        ON_TOKENS_RETURNED, offset=227342049979 ns
        ON_TOKENS_CALLED, generate 1 tokens, offset=228341216535 ns
        ON_TOKENS_RETURNED, offset=228341217857 ns
        ON_TOKENS_CALLED, generate 1 tokens, offset=229352625277 ns
        ON_TOKENS_RETURNED, offset=229352627073 ns
        ON_TOKENS_CALLED, generate 1 tokens, offset=230381657133 ns
        ON_TOKENS_RETURNED, offset=230381658445 ns
        ON_TOKENS_CALLED, generate 1 tokens, offset=231369138304 ns
        ON_TOKENS_RETURNED, offset=231369139436 ns
        ON_TOKENS_CALLED, generate 1 tokens, offset=232434004115 ns
        ON_TOKENS_RETURNED, offset=232434005248 ns
        ON_TOKENS_CALLED, generate 1 tokens, offset=233509864626 ns
        ON_TOKENS_RETURNED, offset=233509866060 ns
        ON_TOKENS_CALLED, generate 1 tokens, offset=234609191233 ns
        ON_TOKENS_RETURNED, offset=234609193190 ns
        ON_TOKENS_CALLED, generate 1 tokens, offset=235668360526 ns
        ON_TOKENS_RETURNED, offset=235668361699 ns
        ON_TOKENS_CALLED, generate 1 tokens, offset=236810070575 ns
        ON_TOKENS_RETURNED, offset=236810071934 ns
        ON_TOKENS_CALLED, generate 1 tokens, offset=237959207639 ns
        ON_TOKENS_RETURNED, offset=237959208875 ns
        ON_TOKENS_CALLED, generate 1 tokens, offset=239142018428 ns
        ON_TOKENS_RETURNED, offset=239142019846 ns
        ON_TOKENS_CALLED, generate 1 tokens, offset=240281523383 ns
        ON_TOKENS_RETURNED, offset=240281525093 ns
        ON_TOKENS_CALLED, generate 1 tokens, offset=241504863695 ns
        ON_TOKENS_RETURNED, offset=241504866635 ns
        ON_TOKENS_CALLED, generate 1 tokens, offset=242718845343 ns
        ON_TOKENS_RETURNED, offset=242718846428 ns
        ON_TOKENS_CALLED, generate 1 tokens, offset=243969696818 ns
        ON_TOKENS_RETURNED, offset=243969699316 ns
        ON_TOKENS_CALLED, generate 1 tokens, offset=244948861288 ns
        ON_TOKENS_RETURNED, offset=244948862860 ns
        ON_TOKENS_CALLED, generate 1 tokens, offset=246089897946 ns
        ON_TOKENS_RETURNED, offset=246089900815 ns
        ON_TOKENS_CALLED, generate 1 tokens, offset=247182573043 ns
        ON_TOKENS_RETURNED, offset=247182573852 ns
        ON_TOKENS_CALLED, generate 1 tokens, offset=248362740405 ns
        ON_TOKENS_RETURNED, offset=248362741750 ns
        ON_TOKENS_CALLED, generate 1 tokens, offset=249495205815 ns
        ON_TOKENS_RETURNED, offset=249495206576 ns
        ON_TOKENS_CALLED, generate 1 tokens, offset=250715955955 ns
        ON_TOKENS_RETURNED, offset=250715958430 ns
        ON_TOKENS_CALLED, generate 1 tokens, offset=251887060767 ns
        ON_TOKENS_RETURNED, offset=251887061910 ns
        ON_TOKENS_CALLED, generate 1 tokens, offset=253150135056 ns
        ON_TOKENS_RETURNED, offset=253150135972 ns
        ON_TOKENS_CALLED, generate 1 tokens, offset=254361629690 ns
        ON_TOKENS_RETURNED, offset=254361630888 ns
        ON_TOKENS_CALLED, generate 1 tokens, offset=255664119360 ns
        ON_TOKENS_RETURNED, offset=255664121260 ns
        ON_TOKENS_CALLED, generate 1 tokens, offset=256913362878 ns
        ON_TOKENS_RETURNED, offset=256913364329 ns
        ON_TOKENS_CALLED, generate 1 tokens, offset=258258899673 ns
        ON_TOKENS_RETURNED, offset=258258900524 ns
        ON_TOKENS_CALLED, generate 1 tokens, offset=259332961822 ns
        ON_TOKENS_RETURNED, offset=259332963368 ns
        ON_TOKENS_CALLED, generate 1 tokens, offset=260508711993 ns
        ON_TOKENS_RETURNED, offset=260508714231 ns
        ON_TOKENS_CALLED, generate 1 tokens, offset=261697967180 ns
        ON_TOKENS_RETURNED, offset=261697968498 ns
        ON_TOKENS_CALLED, generate 1 tokens, offset=262900750800 ns
        ON_TOKENS_RETURNED, offset=262900751683 ns
        ON_TOKENS_CALLED, generate 1 tokens, offset=264103954197 ns
        ON_TOKENS_RETURNED, offset=264103956834 ns
        ON_TOKENS_CALLED, generate 1 tokens, offset=265325068327 ns
        ON_TOKENS_RETURNED, offset=265325069597 ns
        ON_TOKENS_CALLED, generate 1 tokens, offset=266561166724 ns
        ON_TOKENS_RETURNED, offset=266561167992 ns
        ON_TOKENS_CALLED, generate 1 tokens, offset=267817041226 ns
        ON_TOKENS_RETURNED, offset=267817044746 ns
        ON_TOKENS_CALLED, generate 1 tokens, offset=269097450427 ns
        ON_TOKENS_RETURNED, offset=269097451813 ns
        ON_TOKENS_CALLED, generate 1 tokens, offset=270183473750 ns
        ON_TOKENS_RETURNED, offset=270183474860 ns
        ON_TOKENS_CALLED, generate 1 tokens, offset=271283132820 ns
        ON_TOKENS_RETURNED, offset=271283134947 ns
        ON_TOKENS_CALLED, generate 1 tokens, offset=272401933293 ns
        ON_TOKENS_RETURNED, offset=272401934664 ns
        ON_TOKENS_CALLED, generate 1 tokens, offset=273511981634 ns
        ON_TOKENS_RETURNED, offset=273511982976 ns
        ON_TOKENS_CALLED, generate 1 tokens, offset=274641143602 ns
        ON_TOKENS_RETURNED, offset=274641144799 ns
        ON_TOKENS_CALLED, generate 1 tokens, offset=275783769136 ns
        ON_TOKENS_RETURNED, offset=275783825134 ns
        ON_TOKENS_CALLED, generate 1 tokens, offset=276740568140 ns
        ON_TOKENS_RETURNED, offset=276740573971 ns
[15:32:16.116054279|thread 2634051|cpu 260] [info ] KV cache footprint: 41.75 GB in 190 books
[15:32:17.816111786|thread 2634031|cpu 260] [info ] [Request 23] Parsing the prompt took 289.367082298 s at 28.310061859640278 tokens/s
[15:32:18.022937836|thread 2634052|cpu 260] [debug] #EVT# HandleDetails::is_anomalous() handle_id=31 time in state STATE_OPENED exceeded threshold: 211380453602 ns
[15:32:18.022955018|thread 2634052|cpu 260] [debug] #EVT#   Handle,    31, Created, 753659862990212, Last, 753939277135660, Prompted,  8191, Generated,    64, Input TPS, 38.75, Output TPS:  0.82, Callbacks,    64, prompt parsing complete, open
[15:32:18.022977423|thread 2634052|cpu 260] [info ] #EVT#   Handle 31 history:
        SESSION_OPEN, prompt 8192 tokens, offset=0 ns
        PROMPT_TOKENS_REUSE, offset=211380452118 ns
        ON_START_CALLED, offset=211380453602 ns
        ON_START_RETURNED, offset=211380498735 ns
        ON_TOKENS_CALLED, generate 1 tokens, offset=211380502137 ns
        ON_TOKENS_RETURNED, offset=211380502689 ns
        ON_TOKENS_CALLED, generate 1 tokens, offset=212218539494 ns
        ON_TOKENS_RETURNED, offset=212218542061 ns
        ON_TOKENS_CALLED, generate 1 tokens, offset=213071778743 ns
        ON_TOKENS_RETURNED, offset=213071781913 ns
        ON_TOKENS_CALLED, generate 1 tokens, offset=213933618988 ns
        ON_TOKENS_RETURNED, offset=213933619695 ns
        ON_TOKENS_CALLED, generate 1 tokens, offset=214813591081 ns
        ON_TOKENS_RETURNED, offset=214813592891 ns
        ON_TOKENS_CALLED, generate 1 tokens, offset=215704290832 ns
        ON_TOKENS_RETURNED, offset=215704292183 ns
        ON_TOKENS_CALLED, generate 1 tokens, offset=216610594351 ns
        ON_TOKENS_RETURNED, offset=216610595613 ns
        ON_TOKENS_CALLED, generate 1 tokens, offset=217524306122 ns
        ON_TOKENS_RETURNED, offset=217524306955 ns
        ON_TOKENS_CALLED, generate 1 tokens, offset=218465136664 ns
        ON_TOKENS_RETURNED, offset=218465140674 ns
        ON_TOKENS_CALLED, generate 1 tokens, offset=219417786154 ns
        ON_TOKENS_RETURNED, offset=219417787881 ns
        ON_TOKENS_CALLED, generate 1 tokens, offset=220390301599 ns
        ON_TOKENS_RETURNED, offset=220390302688 ns
        ON_TOKENS_CALLED, generate 1 tokens, offset=221325360515 ns
        ON_TOKENS_RETURNED, offset=221325361227 ns
        ON_TOKENS_CALLED, generate 1 tokens, offset=222329002798 ns
        ON_TOKENS_RETURNED, offset=222329004635 ns
        ON_TOKENS_CALLED, generate 1 tokens, offset=223346017142 ns
        ON_TOKENS_RETURNED, offset=223346017956 ns
        ON_TOKENS_CALLED, generate 1 tokens, offset=224384967092 ns
        ON_TOKENS_RETURNED, offset=224384968433 ns
        ON_TOKENS_CALLED, generate 1 tokens, offset=225435062788 ns
        ON_TOKENS_RETURNED, offset=225435065106 ns
        ON_TOKENS_CALLED, generate 1 tokens, offset=226405298925 ns
        ON_TOKENS_RETURNED, offset=226405314000 ns
        ON_TOKENS_CALLED, generate 1 tokens, offset=227341889638 ns
        ON_TOKENS_RETURNED, offset=227341890751 ns
        ON_TOKENS_CALLED, generate 1 tokens, offset=228341059189 ns
        ON_TOKENS_RETURNED, offset=228341060494 ns
        ON_TOKENS_CALLED, generate 1 tokens, offset=229352464039 ns
        ON_TOKENS_RETURNED, offset=229352465787 ns
        ON_TOKENS_CALLED, generate 1 tokens, offset=230381501601 ns
        ON_TOKENS_RETURNED, offset=230381502657 ns
        ON_TOKENS_CALLED, generate 1 tokens, offset=231368979197 ns
        ON_TOKENS_RETURNED, offset=231368980883 ns
        ON_TOKENS_CALLED, generate 1 tokens, offset=232433845365 ns
        ON_TOKENS_RETURNED, offset=232433846355 ns
        ON_TOKENS_CALLED, generate 1 tokens, offset=233509704877 ns
        ON_TOKENS_RETURNED, offset=233509706145 ns
        ON_TOKENS_CALLED, generate 1 tokens, offset=234609030558 ns
        ON_TOKENS_RETURNED, offset=234609032824 ns
        ON_TOKENS_CALLED, generate 1 tokens, offset=235668197530 ns
        ON_TOKENS_RETURNED, offset=235668198918 ns
        ON_TOKENS_CALLED, generate 1 tokens, offset=236809906516 ns
        ON_TOKENS_RETURNED, offset=236809907770 ns
        ON_TOKENS_CALLED, generate 1 tokens, offset=237959049240 ns
        ON_TOKENS_RETURNED, offset=237959050340 ns
        ON_TOKENS_CALLED, generate 1 tokens, offset=239141858480 ns
        ON_TOKENS_RETURNED, offset=239141861146 ns
        ON_TOKENS_CALLED, generate 1 tokens, offset=240281361800 ns
        ON_TOKENS_RETURNED, offset=240281362764 ns
        ON_TOKENS_CALLED, generate 1 tokens, offset=241504705829 ns
        ON_TOKENS_RETURNED, offset=241504706832 ns
        ON_TOKENS_CALLED, generate 1 tokens, offset=242718682968 ns
        ON_TOKENS_RETURNED, offset=242718683855 ns
        ON_TOKENS_CALLED, generate 1 tokens, offset=243969539663 ns
        ON_TOKENS_RETURNED, offset=243969542372 ns
        ON_TOKENS_CALLED, generate 1 tokens, offset=244948698102 ns
        ON_TOKENS_RETURNED, offset=244948699829 ns
        ON_TOKENS_CALLED, generate 1 tokens, offset=246089741222 ns
        ON_TOKENS_RETURNED, offset=246089742284 ns
        ON_TOKENS_CALLED, generate 1 tokens, offset=247182417970 ns
        ON_TOKENS_RETURNED, offset=247182419410 ns
        ON_TOKENS_CALLED, generate 1 tokens, offset=248362580836 ns
        ON_TOKENS_RETURNED, offset=248362582051 ns
        ON_TOKENS_CALLED, generate 1 tokens, offset=249495051920 ns
        ON_TOKENS_RETURNED, offset=249495053252 ns
        ON_TOKENS_CALLED, generate 1 tokens, offset=250715798288 ns
        ON_TOKENS_RETURNED, offset=250715799609 ns
        ON_TOKENS_CALLED, generate 1 tokens, offset=251886902367 ns
        ON_TOKENS_RETURNED, offset=251886904982 ns
        ON_TOKENS_CALLED, generate 1 tokens, offset=253149976847 ns
        ON_TOKENS_RETURNED, offset=253149979026 ns
        ON_TOKENS_CALLED, generate 1 tokens, offset=254361466645 ns
        ON_TOKENS_RETURNED, offset=254361468786 ns
        ON_TOKENS_CALLED, generate 1 tokens, offset=255663957674 ns
        ON_TOKENS_RETURNED, offset=255663959007 ns
        ON_TOKENS_CALLED, generate 1 tokens, offset=256913203488 ns
        ON_TOKENS_RETURNED, offset=256913204882 ns
        ON_TOKENS_CALLED, generate 1 tokens, offset=258258740903 ns
        ON_TOKENS_RETURNED, offset=258258743630 ns
        ON_TOKENS_CALLED, generate 1 tokens, offset=259332804264 ns
        ON_TOKENS_RETURNED, offset=259332805479 ns
        ON_TOKENS_CALLED, generate 1 tokens, offset=260508560921 ns
        ON_TOKENS_RETURNED, offset=260508562053 ns
        ON_TOKENS_CALLED, generate 1 tokens, offset=261697810380 ns
        ON_TOKENS_RETURNED, offset=261697811436 ns
        ON_TOKENS_CALLED, generate 1 tokens, offset=262900591359 ns
        ON_TOKENS_RETURNED, offset=262900593577 ns
        ON_TOKENS_CALLED, generate 1 tokens, offset=264103797036 ns
        ON_TOKENS_RETURNED, offset=264103798504 ns
        ON_TOKENS_CALLED, generate 1 tokens, offset=265324920554 ns
        ON_TOKENS_RETURNED, offset=265324921409 ns
        ON_TOKENS_CALLED, generate 1 tokens, offset=266561007437 ns
        ON_TOKENS_RETURNED, offset=266561008453 ns
        ON_TOKENS_CALLED, generate 1 tokens, offset=267816885380 ns
        ON_TOKENS_RETURNED, offset=267816886513 ns
        ON_TOKENS_CALLED, generate 1 tokens, offset=269097291551 ns
        ON_TOKENS_RETURNED, offset=269097292898 ns
        ON_TOKENS_CALLED, generate 1 tokens, offset=270183327270 ns
        ON_TOKENS_RETURNED, offset=270183328662 ns
        ON_TOKENS_CALLED, generate 1 tokens, offset=271282974047 ns
        ON_TOKENS_RETURNED, offset=271282975150 ns
        ON_TOKENS_CALLED, generate 1 tokens, offset=272401775955 ns
        ON_TOKENS_RETURNED, offset=272401777287 ns
        ON_TOKENS_CALLED, generate 1 tokens, offset=273511814414 ns
        ON_TOKENS_RETURNED, offset=273511815512 ns
        ON_TOKENS_CALLED, generate 1 tokens, offset=274640981002 ns
        ON_TOKENS_RETURNED, offset=274640982232 ns
        ON_TOKENS_CALLED, generate 1 tokens, offset=275783608996 ns
        ON_TOKENS_RETURNED, offset=275783610212 ns
        ON_TOKENS_CALLED, generate 1 tokens, offset=276740412883 ns
        ON_TOKENS_RETURNED, offset=276740414308 ns
        ON_TOKENS_CALLED, generate 1 tokens, offset=277684604705 ns
        ON_TOKENS_RETURNED, offset=277684605720 ns
        ON_TOKENS_CALLED, generate 1 tokens, offset=278635101820 ns
        ON_TOKENS_RETURNED, offset=278635206868 ns
        ON_TOKENS_CALLED, generate 1 tokens, offset=279414139443 ns
        ON_TOKENS_RETURNED, offset=279414145448 ns
[15:32:18.023011521|thread 2634052|cpu 260] [debug] #EVT# HandleDetails::is_anomalous() handle_id=22 time in state STATE_OPENED exceeded threshold: 211380571962 ns
[15:32:18.023014181|thread 2634052|cpu 260] [debug] #EVT#   Handle,    22, Created, 753659862870145, Last, 753939277135048, Prompted,  8191, Generated,    64, Input TPS, 38.75, Output TPS:  0.82, Callbacks,    64, prompt parsing complete, open
[15:32:18.023029249|thread 2634052|cpu 260] [info ] #EVT#   Handle 22 history:
        SESSION_OPEN, prompt 8192 tokens, offset=0 ns
        PROMPT_TOKENS_REUSE, offset=211380569936 ns
        ON_START_CALLED, offset=211380571962 ns
        ON_START_RETURNED, offset=211380634761 ns
        ON_TOKENS_CALLED, generate 1 tokens, offset=211380638455 ns
        ON_TOKENS_RETURNED, offset=211380648197 ns
        ON_TOKENS_CALLED, generate 1 tokens, offset=212218662337 ns
        ON_TOKENS_RETURNED, offset=212218664025 ns
        ON_TOKENS_CALLED, generate 1 tokens, offset=213071896765 ns
        ON_TOKENS_RETURNED, offset=213071898912 ns
        ON_TOKENS_CALLED, generate 1 tokens, offset=213933734416 ns
        ON_TOKENS_RETURNED, offset=213933735319 ns
        ON_TOKENS_CALLED, generate 1 tokens, offset=214813707067 ns
        ON_TOKENS_RETURNED, offset=214813709211 ns
        ON_TOKENS_CALLED, generate 1 tokens, offset=215704410310 ns
        ON_TOKENS_RETURNED, offset=215704411891 ns
        ON_TOKENS_CALLED, generate 1 tokens, offset=216610706999 ns
        ON_TOKENS_RETURNED, offset=216610708348 ns
        ON_TOKENS_CALLED, generate 1 tokens, offset=217524423869 ns
        ON_TOKENS_RETURNED, offset=217524425371 ns
        ON_TOKENS_CALLED, generate 1 tokens, offset=218465252984 ns
        ON_TOKENS_RETURNED, offset=218465257689 ns
        ON_TOKENS_CALLED, generate 1 tokens, offset=219417901665 ns
        ON_TOKENS_RETURNED, offset=219417902884 ns
        ON_TOKENS_CALLED, generate 1 tokens, offset=220390418182 ns
        ON_TOKENS_RETURNED, offset=220390419567 ns
        ON_TOKENS_CALLED, generate 1 tokens, offset=221325478124 ns
        ON_TOKENS_RETURNED, offset=221325480680 ns
        ON_TOKENS_CALLED, generate 1 tokens, offset=222329121772 ns
        ON_TOKENS_RETURNED, offset=222329124198 ns
        ON_TOKENS_CALLED, generate 1 tokens, offset=223346135243 ns
        ON_TOKENS_RETURNED, offset=223346136515 ns
        ON_TOKENS_CALLED, generate 1 tokens, offset=224385090044 ns
        ON_TOKENS_RETURNED, offset=224385091076 ns
        ON_TOKENS_CALLED, generate 1 tokens, offset=225435180033 ns
        ON_TOKENS_RETURNED, offset=225435182748 ns
        ON_TOKENS_CALLED, generate 1 tokens, offset=226405415185 ns
        ON_TOKENS_RETURNED, offset=226405419897 ns
        ON_TOKENS_CALLED, generate 1 tokens, offset=227342006094 ns
        ON_TOKENS_RETURNED, offset=227342008371 ns
        ON_TOKENS_CALLED, generate 1 tokens, offset=228341174175 ns
        ON_TOKENS_RETURNED, offset=228341175812 ns
        ON_TOKENS_CALLED, generate 1 tokens, offset=229352583447 ns
        ON_TOKENS_RETURNED, offset=229352586276 ns
        ON_TOKENS_CALLED, generate 1 tokens, offset=230381621945 ns
        ON_TOKENS_RETURNED, offset=230381623175 ns
        ON_TOKENS_CALLED, generate 1 tokens, offset=231369095693 ns
        ON_TOKENS_RETURNED, offset=231369097502 ns
        ON_TOKENS_CALLED, generate 1 tokens, offset=232433962253 ns
        ON_TOKENS_RETURNED, offset=232433964251 ns
        ON_TOKENS_CALLED, generate 1 tokens, offset=233509820979 ns
        ON_TOKENS_RETURNED, offset=233509822101 ns
        ON_TOKENS_CALLED, generate 1 tokens, offset=234609148017 ns
        ON_TOKENS_RETURNED, offset=234609150562 ns
        ON_TOKENS_CALLED, generate 1 tokens, offset=235668314020 ns
        ON_TOKENS_RETURNED, offset=235668314957 ns
        ON_TOKENS_CALLED, generate 1 tokens, offset=236810033887 ns
        ON_TOKENS_RETURNED, offset=236810034679 ns
        ON_TOKENS_CALLED, generate 1 tokens, offset=237959172456 ns
        ON_TOKENS_RETURNED, offset=237959173418 ns
        ON_TOKENS_CALLED, generate 1 tokens, offset=239141974889 ns
        ON_TOKENS_RETURNED, offset=239141976587 ns
        ON_TOKENS_CALLED, generate 1 tokens, offset=240281480090 ns
        ON_TOKENS_RETURNED, offset=240281481145 ns
        ON_TOKENS_CALLED, generate 1 tokens, offset=241504824394 ns
        ON_TOKENS_RETURNED, offset=241504825672 ns
        ON_TOKENS_CALLED, generate 1 tokens, offset=242718796850 ns
        ON_TOKENS_RETURNED, offset=242718798753 ns
        ON_TOKENS_CALLED, generate 1 tokens, offset=243969664215 ns
        ON_TOKENS_RETURNED, offset=243969666801 ns
        ON_TOKENS_CALLED, generate 1 tokens, offset=244948820766 ns
        ON_TOKENS_RETURNED, offset=244948821707 ns
        ON_TOKENS_CALLED, generate 1 tokens, offset=246089854893 ns
        ON_TOKENS_RETURNED, offset=246089857081 ns
        ON_TOKENS_CALLED, generate 1 tokens, offset=247182530004 ns
        ON_TOKENS_RETURNED, offset=247182531005 ns
        ON_TOKENS_CALLED, generate 1 tokens, offset=248362699216 ns
        ON_TOKENS_RETURNED, offset=248362701590 ns
        ON_TOKENS_CALLED, generate 1 tokens, offset=249495157421 ns
        ON_TOKENS_RETURNED, offset=249495159525 ns
        ON_TOKENS_CALLED, generate 1 tokens, offset=250715913519 ns
        ON_TOKENS_RETURNED, offset=250715915982 ns
        ON_TOKENS_CALLED, generate 1 tokens, offset=251887018615 ns
        ON_TOKENS_RETURNED, offset=251887020861 ns
        ON_TOKENS_CALLED, generate 1 tokens, offset=253150092443 ns
        ON_TOKENS_RETURNED, offset=253150093245 ns
        ON_TOKENS_CALLED, generate 1 tokens, offset=254361596264 ns
        ON_TOKENS_RETURNED, offset=254361597066 ns
        ON_TOKENS_CALLED, generate 1 tokens, offset=255664074729 ns
        ON_TOKENS_RETURNED, offset=255664075782 ns
        ON_TOKENS_CALLED, generate 1 tokens, offset=256913326359 ns
        ON_TOKENS_RETURNED, offset=256913327471 ns
        ON_TOKENS_CALLED, generate 1 tokens, offset=258258862213 ns
        ON_TOKENS_RETURNED, offset=258258863341 ns
        ON_TOKENS_CALLED, generate 1 tokens, offset=259332919874 ns
        ON_TOKENS_RETURNED, offset=259332921010 ns
        ON_TOKENS_CALLED, generate 1 tokens, offset=260508671206 ns
        ON_TOKENS_RETURNED, offset=260508672199 ns
        ON_TOKENS_CALLED, generate 1 tokens, offset=261697924635 ns
        ON_TOKENS_RETURNED, offset=261697925837 ns
        ON_TOKENS_CALLED, generate 1 tokens, offset=262900709236 ns
        ON_TOKENS_RETURNED, offset=262900710729 ns
        ON_TOKENS_CALLED, generate 1 tokens, offset=264103915226 ns
        ON_TOKENS_RETURNED, offset=264103916589 ns
        ON_TOKENS_CALLED, generate 1 tokens, offset=265325034282 ns
        ON_TOKENS_RETURNED, offset=265325035982 ns
        ON_TOKENS_CALLED, generate 1 tokens, offset=266561115376 ns
        ON_TOKENS_RETURNED, offset=266561116720 ns
        ON_TOKENS_CALLED, generate 1 tokens, offset=267816999804 ns
        ON_TOKENS_RETURNED, offset=267817001252 ns
        ON_TOKENS_CALLED, generate 1 tokens, offset=269097408110 ns
        ON_TOKENS_RETURNED, offset=269097410549 ns
        ON_TOKENS_CALLED, generate 1 tokens, offset=270183430304 ns
        ON_TOKENS_RETURNED, offset=270183431084 ns
        ON_TOKENS_CALLED, generate 1 tokens, offset=271283090221 ns
        ON_TOKENS_RETURNED, offset=271283091383 ns
        ON_TOKENS_CALLED, generate 1 tokens, offset=272401894628 ns
        ON_TOKENS_RETURNED, offset=272401895828 ns
        ON_TOKENS_CALLED, generate 1 tokens, offset=273511933431 ns
        ON_TOKENS_RETURNED, offset=273511934737 ns
        ON_TOKENS_CALLED, generate 1 tokens, offset=274641098899 ns
        ON_TOKENS_RETURNED, offset=274641099637 ns
        ON_TOKENS_CALLED, generate 1 tokens, offset=275783726821 ns
        ON_TOKENS_RETURNED, offset=275783728074 ns
        ON_TOKENS_CALLED, generate 1 tokens, offset=276740525389 ns
        ON_TOKENS_RETURNED, offset=276740526695 ns
        ON_TOKENS_CALLED, generate 1 tokens, offset=277684715860 ns
        ON_TOKENS_RETURNED, offset=277684717051 ns
        ON_TOKENS_CALLED, generate 1 tokens, offset=278635225408 ns
        ON_TOKENS_RETURNED, offset=278635297588 ns
        ON_TOKENS_CALLED, generate 1 tokens, offset=279414260751 ns
        ON_TOKENS_RETURNED, offset=279414264903 ns
[15:32:18.023040769|thread 2634052|cpu 260] [debug] #EVT# HandleDetails::is_anomalous() handle_id=25 time in state STATE_OPENED exceeded threshold: 211380537616 ns
[15:32:18.023042567|thread 2634052|cpu 260] [debug] #EVT#   Handle,    25, Created, 753659862905682, Last, 753939277135506, Prompted,  8191, Generated,    64, Input TPS, 38.75, Output TPS:  0.82, Callbacks,    64, prompt parsing complete, open
[15:32:18.023056444|thread 2634052|cpu 260] [info ] #EVT#   Handle 25 history:
        SESSION_OPEN, prompt 8192 tokens, offset=0 ns
        PROMPT_TOKENS_REUSE, offset=211380535998 ns
        ON_START_CALLED, offset=211380537616 ns
        ON_START_RETURNED, offset=211380564494 ns
        ON_TOKENS_CALLED, generate 1 tokens, offset=211380568653 ns
        ON_TOKENS_RETURNED, offset=211380569526 ns
        ON_TOKENS_CALLED, generate 1 tokens, offset=212218628708 ns
        ON_TOKENS_RETURNED, offset=212218631350 ns
        ON_TOKENS_CALLED, generate 1 tokens, offset=213071861325 ns
        ON_TOKENS_RETURNED, offset=213071864071 ns
        ON_TOKENS_CALLED, generate 1 tokens, offset=213933701023 ns
        ON_TOKENS_RETURNED, offset=213933702038 ns
        ON_TOKENS_CALLED, generate 1 tokens, offset=214813673490 ns
        ON_TOKENS_RETURNED, offset=214813675919 ns
        ON_TOKENS_CALLED, generate 1 tokens, offset=215704373563 ns
        ON_TOKENS_RETURNED, offset=215704374646 ns
        ON_TOKENS_CALLED, generate 1 tokens, offset=216610673148 ns
        ON_TOKENS_RETURNED, offset=216610674055 ns
        ON_TOKENS_CALLED, generate 1 tokens, offset=217524390334 ns
        ON_TOKENS_RETURNED, offset=217524391690 ns
        ON_TOKENS_CALLED, generate 1 tokens, offset=218465220666 ns
        ON_TOKENS_RETURNED, offset=218465224865 ns
        ON_TOKENS_CALLED, generate 1 tokens, offset=219417870352 ns
        ON_TOKENS_RETURNED, offset=219417871261 ns
        ON_TOKENS_CALLED, generate 1 tokens, offset=220390385280 ns
        ON_TOKENS_RETURNED, offset=220390386677 ns
        ON_TOKENS_CALLED, generate 1 tokens, offset=221325444275 ns
        ON_TOKENS_RETURNED, offset=221325445684 ns
        ON_TOKENS_CALLED, generate 1 tokens, offset=222329086201 ns
        ON_TOKENS_RETURNED, offset=222329088323 ns
        ON_TOKENS_CALLED, generate 1 tokens, offset=223346099317 ns
        ON_TOKENS_RETURNED, offset=223346100377 ns
        ON_TOKENS_CALLED, generate 1 tokens, offset=224385051375 ns
        ON_TOKENS_RETURNED, offset=224385052552 ns
        ON_TOKENS_CALLED, generate 1 tokens, offset=225435146176 ns
        ON_TOKENS_RETURNED, offset=225435148423 ns
        ON_TOKENS_CALLED, generate 1 tokens, offset=226405380074 ns
        ON_TOKENS_RETURNED, offset=226405400266 ns
        ON_TOKENS_CALLED, generate 1 tokens, offset=227341972191 ns
        ON_TOKENS_RETURNED, offset=227341973517 ns
        ON_TOKENS_CALLED, generate 1 tokens, offset=228341142446 ns
        ON_TOKENS_RETURNED, offset=228341144269 ns
        ON_TOKENS_CALLED, generate 1 tokens, offset=229352545796 ns
        ON_TOKENS_RETURNED, offset=229352547813 ns
        ON_TOKENS_CALLED, generate 1 tokens, offset=230381584399 ns
        ON_TOKENS_RETURNED, offset=230381585695 ns
        ON_TOKENS_CALLED, generate 1 tokens, offset=231369061623 ns
        ON_TOKENS_RETURNED, offset=231369064001 ns
        ON_TOKENS_CALLED, generate 1 tokens, offset=232433928158 ns
        ON_TOKENS_RETURNED, offset=232433929566 ns
        ON_TOKENS_CALLED, generate 1 tokens, offset=233509787345 ns
        ON_TOKENS_RETURNED, offset=233509788465 ns
        ON_TOKENS_CALLED, generate 1 tokens, offset=234609114400 ns
        ON_TOKENS_RETURNED, offset=234609115466 ns
        ON_TOKENS_CALLED, generate 1 tokens, offset=235668275556 ns
        ON_TOKENS_RETURNED, offset=235668276536 ns
        ON_TOKENS_CALLED, generate 1 tokens, offset=236809994984 ns
        ON_TOKENS_RETURNED, offset=236809996186 ns
        ON_TOKENS_CALLED, generate 1 tokens, offset=237959133592 ns
        ON_TOKENS_RETURNED, offset=237959135020 ns
        ON_TOKENS_CALLED, generate 1 tokens, offset=239141940133 ns
        ON_TOKENS_RETURNED, offset=239141941916 ns
        ON_TOKENS_CALLED, generate 1 tokens, offset=240281449649 ns
        ON_TOKENS_RETURNED, offset=240281450433 ns
        ON_TOKENS_CALLED, generate 1 tokens, offset=241504788115 ns
        ON_TOKENS_RETURNED, offset=241504789453 ns
        ON_TOKENS_CALLED, generate 1 tokens, offset=242718763064 ns
        ON_TOKENS_RETURNED, offset=242718764472 ns
        ON_TOKENS_CALLED, generate 1 tokens, offset=243969626691 ns
        ON_TOKENS_RETURNED, offset=243969628765 ns
        ON_TOKENS_CALLED, generate 1 tokens, offset=244948785808 ns
        ON_TOKENS_RETURNED, offset=244948786907 ns
        ON_TOKENS_CALLED, generate 1 tokens, offset=246089827521 ns
        ON_TOKENS_RETURNED, offset=246089829218 ns
        ON_TOKENS_CALLED, generate 1 tokens, offset=247182510410 ns
        ON_TOKENS_RETURNED, offset=247182511498 ns
        ON_TOKENS_CALLED, generate 1 tokens, offset=248362662857 ns
        ON_TOKENS_RETURNED, offset=248362666135 ns
        ON_TOKENS_CALLED, generate 1 tokens, offset=249495130465 ns
        ON_TOKENS_RETURNED, offset=249495131676 ns
        ON_TOKENS_CALLED, generate 1 tokens, offset=250715881816 ns
        ON_TOKENS_RETURNED, offset=250715883217 ns
        ON_TOKENS_CALLED, generate 1 tokens, offset=251886985201 ns
        ON_TOKENS_RETURNED, offset=251886987717 ns
        ON_TOKENS_CALLED, generate 1 tokens, offset=253150062368 ns
        ON_TOKENS_RETURNED, offset=253150064167 ns
        ON_TOKENS_CALLED, generate 1 tokens, offset=254361566735 ns
        ON_TOKENS_RETURNED, offset=254361569487 ns
        ON_TOKENS_CALLED, generate 1 tokens, offset=255664040804 ns
        ON_TOKENS_RETURNED, offset=255664042285 ns
        ON_TOKENS_CALLED, generate 1 tokens, offset=256913287542 ns
        ON_TOKENS_RETURNED, offset=256913289212 ns
        ON_TOKENS_CALLED, generate 1 tokens, offset=258258829595 ns
        ON_TOKENS_RETURNED, offset=258258831831 ns
        ON_TOKENS_CALLED, generate 1 tokens, offset=259332887425 ns
        ON_TOKENS_RETURNED, offset=259332888943 ns
        ON_TOKENS_CALLED, generate 1 tokens, offset=260508641223 ns
        ON_TOKENS_RETURNED, offset=260508642478 ns
        ON_TOKENS_CALLED, generate 1 tokens, offset=261697887998 ns
        ON_TOKENS_RETURNED, offset=261697889338 ns
        ON_TOKENS_CALLED, generate 1 tokens, offset=262900674454 ns
        ON_TOKENS_RETURNED, offset=262900676078 ns
        ON_TOKENS_CALLED, generate 1 tokens, offset=264103876428 ns
        ON_TOKENS_RETURNED, offset=264103878828 ns
        ON_TOKENS_CALLED, generate 1 tokens, offset=265324995478 ns
        ON_TOKENS_RETURNED, offset=265324996752 ns
        ON_TOKENS_CALLED, generate 1 tokens, offset=266561080290 ns
        ON_TOKENS_RETURNED, offset=266561081554 ns
        ON_TOKENS_CALLED, generate 1 tokens, offset=267816967336 ns
        ON_TOKENS_RETURNED, offset=267816968801 ns
        ON_TOKENS_CALLED, generate 1 tokens, offset=269097374739 ns
        ON_TOKENS_RETURNED, offset=269097376821 ns
        ON_TOKENS_CALLED, generate 1 tokens, offset=270183396465 ns
        ON_TOKENS_RETURNED, offset=270183397781 ns
        ON_TOKENS_CALLED, generate 1 tokens, offset=271283055309 ns
        ON_TOKENS_RETURNED, offset=271283056592 ns
        ON_TOKENS_CALLED, generate 1 tokens, offset=272401862729 ns
        ON_TOKENS_RETURNED, offset=272401863735 ns
        ON_TOKENS_CALLED, generate 1 tokens, offset=273511895802 ns
        ON_TOKENS_RETURNED, offset=273511897151 ns
        ON_TOKENS_CALLED, generate 1 tokens, offset=274641064755 ns
        ON_TOKENS_RETURNED, offset=274641065941 ns
        ON_TOKENS_CALLED, generate 1 tokens, offset=275783697622 ns
        ON_TOKENS_RETURNED, offset=275783699282 ns
        ON_TOKENS_CALLED, generate 1 tokens, offset=276740494971 ns
        ON_TOKENS_RETURNED, offset=276740496826 ns
        ON_TOKENS_CALLED, generate 1 tokens, offset=277684689859 ns
        ON_TOKENS_RETURNED, offset=277684691312 ns
        ON_TOKENS_CALLED, generate 1 tokens, offset=278635179837 ns
        ON_TOKENS_RETURNED, offset=278635279446 ns
        ON_TOKENS_CALLED, generate 1 tokens, offset=279414225703 ns
        ON_TOKENS_RETURNED, offset=279414229824 ns
[15:32:20.457047455|thread 2634024|cpu 260] [info ] [Request 6] Generating 61 response tokens with 8193 context took 47.059187 s at 1.296 average tok/s, or 771.462 ms/tok
[15:32:20.457069551|thread 2634024|cpu 260] [info ] [Request 6] Request with 8192 tokens in and 64 out (sequence limit) saw 243.969851 s TTFT and 292.008211 s TTLT
[15:32:21.232003825|thread 2634031|cpu 260] [info ] [Request 30] Parsing the prompt took 292.782878399 s at 27.979778205595984 tokens/s
[15:32:21.756092835|thread 2634024|cpu 260] [info ] [Request 7] Generating 61 response tokens with 8193 context took 33.974135 s at 1.795 average tok/s, or 556.953 ms/tok
[15:32:21.756111704|thread 2634024|cpu 260] [info ] [Request 7] Request with 8192 tokens in and 64 out (sequence limit) saw 258.259056 s TTFT and 293.307245 s TTLT
[15:32:22.198177574|thread 2634024|cpu 260] [info ] [Request 19] Generating 61 response tokens with 8193 context took 23.565708 s at 2.589 average tok/s, or 386.323 ms/tok
[15:32:22.198198000|thread 2634024|cpu 260] [info ] [Request 19] Request with 8192 tokens in and 64 out (sequence limit) saw 269.097455 s TTFT and 293.749193 s TTLT
[15:32:22.451451300|thread 2634024|cpu 260] [info ] [Request 21] Generating 61 response tokens with 8193 context took 17.261884 s at 3.534 average tok/s, or 282.982 ms/tok
[15:32:22.451461220|thread 2634024|cpu 260] [info ] [Request 21] Request with 8192 tokens in and 64 out (sequence limit) saw 275.783755 s TTFT and 294.002443 s TTLT
[15:32:22.558116967|thread 2634024|cpu 260] [info ] [Request 9] Generating 61 response tokens with 8193 context took 14.694805 s at 4.151 average tok/s, or 240.898 ms/tok
[15:32:22.558127455|thread 2634024|cpu 260] [info ] [Request 9] Request with 8192 tokens in and 64 out (sequence limit) saw 278.635383 s TTFT and 294.109249 s TTLT
[15:32:22.590211537|thread 2634025|cpu 260] [info ] [Request 13] Generating 61 response tokens with 8193 context took 14.180338 s at 4.302 average tok/s, or 232.465 ms/tok
[15:32:22.590231993|thread 2634025|cpu 260] [info ] [Request 13] Request with 8192 tokens in and 64 out (sequence limit) saw 279.414384 s TTFT and 294.141295 s TTLT
[15:32:22.750001328|thread 2634024|cpu 260] [info ] [Request 17] Generating 61 response tokens with 8193 context took 9.966598 s at 6.120 average tok/s, or 163.387 ms/tok
[15:32:22.750013994|thread 2634024|cpu 260] [info ] [Request 17] Request with 8192 tokens in and 64 out (sequence limit) saw 283.923695 s TTFT and 294.301037 s TTLT
[15:32:22.925802349|thread 2634024|cpu 260] [info ] [Request 23] Generating 61 response tokens with 8193 context took 4.847463 s at 12.584 average tok/s, or 79.467 ms/tok
[15:32:22.925814260|thread 2634024|cpu 260] [info ] [Request 23] Request with 8192 tokens in and 64 out (sequence limit) saw 289.367082 s TTFT and 294.476773 s TTLT
[15:32:23.034755060|thread 2634024|cpu 260] [info ] [Request 30] Generating 61 response tokens with 8193 context took 1.741412 s at 35.029 average tok/s, or 28.548 ms/tok
[15:32:23.034769975|thread 2634024|cpu 260] [info ] [Request 30] Request with 8192 tokens in and 64 out (sequence limit) saw 292.782878 s TTFT and 294.585629 s TTLT
[15:32:23.042711168|thread 2617483|cpu 260] [info ] [Load] type=batch total=32, completed=32, failed=0, wall=294.59s, max in-flight=32, estimated response throughput 6.952 tok/s
[15:32:23.042734242|thread 2617483|cpu 260] [info ] [Iteration 1/1] Processed 264137 new and 23 reused tokens in 294.59 s.  Throughput 896.613 new and 896.691 all tok/s.
[15:32:23.069320625|thread 2617483|cpu 260] [info ] KV cache footprint: 40.65 GB in 185 books
[15:32:23.094191526|thread 2634052|cpu 260] [debug] #EVT# HandleDetails::is_anomalous() handle_id=5 time in state STATE_OPENED exceeded threshold: 225435380041 ns
[15:32:23.094204425|thread 2634052|cpu 260] [debug] #EVT#   Handle,     5, Created, 753659862673518, Last, 753954456527997, Prompted,  8192, Generated,    64, Input TPS, 36.34, Output TPS:  0.00, Callbacks,    64, prompt parsing complete, closed
[15:32:23.094234817|thread 2634052|cpu 260] [info ] #EVT#   Handle 5 history:
        SESSION_OPEN, prompt 8192 tokens, offset=0 ns
        PROMPT_TOKENS_REUSE, offset=225435378856 ns
        ON_START_CALLED, offset=225435380041 ns
        ON_START_RETURNED, offset=225435421219 ns
        ON_TOKENS_CALLED, generate 1 tokens, offset=225435425447 ns
        ON_TOKENS_RETURNED, offset=225435427716 ns
        ON_TOKENS_CALLED, generate 1 tokens, offset=226405618101 ns
        ON_TOKENS_RETURNED, offset=226405619744 ns
        ON_TOKENS_CALLED, generate 1 tokens, offset=227342207601 ns
        ON_TOKENS_RETURNED, offset=227342208695 ns
        ON_TOKENS_CALLED, generate 1 tokens, offset=228341381758 ns
        ON_TOKENS_RETURNED, offset=228341382812 ns
        ON_TOKENS_CALLED, generate 1 tokens, offset=229352782801 ns
        ON_TOKENS_RETURNED, offset=229352785309 ns
        ON_TOKENS_CALLED, generate 1 tokens, offset=230381815380 ns
        ON_TOKENS_RETURNED, offset=230381817664 ns
        ON_TOKENS_CALLED, generate 1 tokens, offset=231369297205 ns
        ON_TOKENS_RETURNED, offset=231369298589 ns
        ON_TOKENS_CALLED, generate 1 tokens, offset=232434162475 ns
        ON_TOKENS_RETURNED, offset=232434164440 ns
        ON_TOKENS_CALLED, generate 1 tokens, offset=233510022110 ns
        ON_TOKENS_RETURNED, offset=233510025688 ns
        ON_TOKENS_CALLED, generate 1 tokens, offset=234609348989 ns
        ON_TOKENS_RETURNED, offset=234609350316 ns
        ON_TOKENS_CALLED, generate 1 tokens, offset=235668516621 ns
        ON_TOKENS_RETURNED, offset=235668517744 ns
        ON_TOKENS_CALLED, generate 1 tokens, offset=236810225078 ns
        ON_TOKENS_RETURNED, offset=236810227520 ns
        ON_TOKENS_CALLED, generate 1 tokens, offset=237959367677 ns
        ON_TOKENS_RETURNED, offset=237959368587 ns
        ON_TOKENS_CALLED, generate 1 tokens, offset=239142175816 ns
        ON_TOKENS_RETURNED, offset=239142178295 ns
        ON_TOKENS_CALLED, generate 1 tokens, offset=240281680934 ns
        ON_TOKENS_RETURNED, offset=240281682065 ns
        ON_TOKENS_CALLED, generate 1 tokens, offset=241505024811 ns
        ON_TOKENS_RETURNED, offset=241505026496 ns
        ON_TOKENS_CALLED, generate 1 tokens, offset=242719002222 ns
        ON_TOKENS_RETURNED, offset=242719003524 ns
        ON_TOKENS_CALLED, generate 1 tokens, offset=243969858942 ns
        ON_TOKENS_RETURNED, offset=243969860495 ns
        ON_TOKENS_CALLED, generate 1 tokens, offset=244949025163 ns
        ON_TOKENS_RETURNED, offset=244949026302 ns
        ON_TOKENS_CALLED, generate 1 tokens, offset=246090060035 ns
        ON_TOKENS_RETURNED, offset=246090060697 ns
        ON_TOKENS_CALLED, generate 1 tokens, offset=247182739365 ns
        ON_TOKENS_RETURNED, offset=247182740486 ns
        ON_TOKENS_CALLED, generate 1 tokens, offset=248362898661 ns
        ON_TOKENS_RETURNED, offset=248362899480 ns
        ON_TOKENS_CALLED, generate 1 tokens, offset=249495363991 ns
        ON_TOKENS_RETURNED, offset=249495365206 ns
        ON_TOKENS_CALLED, generate 1 tokens, offset=250716116832 ns
        ON_TOKENS_RETURNED, offset=250716117963 ns
        ON_TOKENS_CALLED, generate 1 tokens, offset=251887220651 ns
        ON_TOKENS_RETURNED, offset=251887221888 ns
        ON_TOKENS_CALLED, generate 1 tokens, offset=253150295272 ns
        ON_TOKENS_RETURNED, offset=253150296084 ns
        ON_TOKENS_CALLED, generate 1 tokens, offset=254361786412 ns
        ON_TOKENS_RETURNED, offset=254361788125 ns
        ON_TOKENS_CALLED, generate 1 tokens, offset=255664276266 ns
        ON_TOKENS_RETURNED, offset=255664276916 ns
        ON_TOKENS_CALLED, generate 1 tokens, offset=256913522576 ns
        ON_TOKENS_RETURNED, offset=256913523576 ns
        ON_TOKENS_CALLED, generate 1 tokens, offset=258259064928 ns
        ON_TOKENS_RETURNED, offset=258259065993 ns
        ON_TOKENS_CALLED, generate 1 tokens, offset=259333122860 ns
        ON_TOKENS_RETURNED, offset=259333123705 ns
        ON_TOKENS_CALLED, generate 1 tokens, offset=260508871036 ns
        ON_TOKENS_RETURNED, offset=260508872227 ns
        ON_TOKENS_CALLED, generate 1 tokens, offset=261698126396 ns
        ON_TOKENS_RETURNED, offset=261698127593 ns
        ON_TOKENS_CALLED, generate 1 tokens, offset=262900910127 ns
        ON_TOKENS_RETURNED, offset=262900910949 ns
        ON_TOKENS_CALLED, generate 1 tokens, offset=264104112178 ns
        ON_TOKENS_RETURNED, offset=264104114308 ns
        ON_TOKENS_CALLED, generate 1 tokens, offset=265325227807 ns
        ON_TOKENS_RETURNED, offset=265325229887 ns
        ON_TOKENS_CALLED, generate 1 tokens, offset=266561321805 ns
        ON_TOKENS_RETURNED, offset=266561322650 ns
        ON_TOKENS_CALLED, generate 1 tokens, offset=267817201751 ns
        ON_TOKENS_RETURNED, offset=267817202780 ns
        ON_TOKENS_CALLED, generate 1 tokens, offset=269097610109 ns
        ON_TOKENS_RETURNED, offset=269097611201 ns
        ON_TOKENS_CALLED, generate 1 tokens, offset=270183635780 ns
        ON_TOKENS_RETURNED, offset=270183638066 ns
        ON_TOKENS_CALLED, generate 1 tokens, offset=271283291967 ns
        ON_TOKENS_RETURNED, offset=271283293429 ns
        ON_TOKENS_CALLED, generate 1 tokens, offset=272402094068 ns
        ON_TOKENS_RETURNED, offset=272402095061 ns
        ON_TOKENS_CALLED, generate 1 tokens, offset=273512135029 ns
        ON_TOKENS_RETURNED, offset=273512136944 ns
        ON_TOKENS_CALLED, generate 1 tokens, offset=274641299269 ns
        ON_TOKENS_RETURNED, offset=274641301040 ns
        ON_TOKENS_CALLED, generate 1 tokens, offset=275783928412 ns
        ON_TOKENS_RETURNED, offset=275783929512 ns
        ON_TOKENS_CALLED, generate 1 tokens, offset=276740729919 ns
        ON_TOKENS_RETURNED, offset=276740731180 ns
        ON_TOKENS_CALLED, generate 1 tokens, offset=277684925703 ns
        ON_TOKENS_RETURNED, offset=277684927495 ns
        ON_TOKENS_CALLED, generate 1 tokens, offset=278635415421 ns
        ON_TOKENS_RETURNED, offset=278635416877 ns
        ON_TOKENS_CALLED, generate 1 tokens, offset=279414459260 ns
        ON_TOKENS_RETURNED, offset=279414460202 ns
        ON_TOKENS_CALLED, generate 1 tokens, offset=279961033403 ns
        ON_TOKENS_RETURNED, offset=279961034725 ns
        ON_TOKENS_CALLED, generate 1 tokens, offset=280510606926 ns
        ON_TOKENS_RETURNED, offset=280510608128 ns
        ON_TOKENS_CALLED, generate 1 tokens, offset=281067419078 ns
        ON_TOKENS_RETURNED, offset=281067420361 ns
        ON_TOKENS_CALLED, generate 1 tokens, offset=281627691059 ns
        ON_TOKENS_RETURNED, offset=281627692284 ns
        ON_TOKENS_CALLED, generate 1 tokens, offset=282192548780 ns
        ON_TOKENS_RETURNED, offset=282192550638 ns
        ON_TOKENS_CALLED, generate 1 tokens, offset=282762449047 ns
        ON_TOKENS_RETURNED, offset=282762450420 ns
        ON_TOKENS_CALLED, generate 1 tokens, offset=283341532447 ns
        ON_TOKENS_RETURNED, offset=283341533782 ns
        ON_TOKENS_CALLED, generate 1 tokens, offset=283923817759 ns
        ON_TOKENS_RETURNED, offset=283923819141 ns
        ON_TOKENS_CALLED, generate 1 tokens, offset=284334561482 ns
        ON_TOKENS_RETURNED, offset=284334562930 ns
        ON_TOKENS_CALLED, generate 1 tokens, offset=284746461840 ns
        ON_TOKENS_RETURNED, offset=284746463298 ns
        ON_TOKENS_CALLED, generate 1 tokens, offset=285160301986 ns
        ON_TOKENS_RETURNED, offset=285160303570 ns
        ON_TOKENS_CALLED, generate 1 tokens, offset=285576430807 ns
        ON_TOKENS_RETURNED, offset=285576432099 ns
        ON_TOKENS_CALLED, generate 1 tokens, offset=285995472897 ns
        ON_TOKENS_RETURNED, offset=285995474110 ns
        ON_TOKENS_CALLED, generate 1 tokens, offset=286417274275 ns
        ON_TOKENS_RETURNED, offset=286417307238 ns
        ON_TOKENS_CALLED, generate 1 tokens, offset=286842398571 ns
        ON_TOKENS_RETURNED, offset=286842410325 ns
        SESSION_CLOSED, offset=294593854479 ns
[15:32:23.094263508|thread 2634052|cpu 260] [debug] #EVT# HandleDetails::is_anomalous() handle_id=6 time in state STATE_OPENED exceeded threshold: 243969844393 ns
[15:32:23.094265830|thread 2634052|cpu 260] [debug] #EVT#   Handle,     6, Created, 753659862686063, Last, 753954456528511, Prompted,  8192, Generated,    64, Input TPS, 33.58, Output TPS:  0.00, Callbacks,    64, prompt parsing complete, closed
[15:32:23.094279932|thread 2634052|cpu 260] [info ] #EVT#   Handle 6 history:
        SESSION_OPEN, prompt 8192 tokens, offset=0 ns
        PROMPT_TOKENS_REUSE, offset=243969843730 ns
        ON_START_CALLED, offset=243969844393 ns
        ON_START_RETURNED, offset=243969878386 ns
        ON_TOKENS_CALLED, generate 1 tokens, offset=243969882851 ns
        ON_TOKENS_RETURNED, offset=243969884650 ns
        ON_TOKENS_CALLED, generate 1 tokens, offset=244949017873 ns
        ON_TOKENS_RETURNED, offset=244949020352 ns
        ON_TOKENS_CALLED, generate 1 tokens, offset=246090046160 ns
        ON_TOKENS_RETURNED, offset=246090048943 ns
        ON_TOKENS_CALLED, generate 1 tokens, offset=247182726153 ns
        ON_TOKENS_RETURNED, offset=247182727769 ns
        ON_TOKENS_CALLED, generate 1 tokens, offset=248362888562 ns
        ON_TOKENS_RETURNED, offset=248362891387 ns
        ON_TOKENS_CALLED, generate 1 tokens, offset=249495351093 ns
        ON_TOKENS_RETURNED, offset=249495352337 ns
        ON_TOKENS_CALLED, generate 1 tokens, offset=250716105237 ns
        ON_TOKENS_RETURNED, offset=250716107151 ns
        ON_TOKENS_CALLED, generate 1 tokens, offset=251887210204 ns
        ON_TOKENS_RETURNED, offset=251887211481 ns
        ON_TOKENS_CALLED, generate 1 tokens, offset=253150284731 ns
        ON_TOKENS_RETURNED, offset=253150288876 ns
        ON_TOKENS_CALLED, generate 1 tokens, offset=254361774445 ns
        ON_TOKENS_RETURNED, offset=254361776984 ns
        ON_TOKENS_CALLED, generate 1 tokens, offset=255664267026 ns
        ON_TOKENS_RETURNED, offset=255664269066 ns
        ON_TOKENS_CALLED, generate 1 tokens, offset=256913511316 ns
        ON_TOKENS_RETURNED, offset=256913513071 ns
        ON_TOKENS_CALLED, generate 1 tokens, offset=258259050968 ns
        ON_TOKENS_RETURNED, offset=258259053642 ns
        ON_TOKENS_CALLED, generate 1 tokens, offset=259333111715 ns
        ON_TOKENS_RETURNED, offset=259333113429 ns
        ON_TOKENS_CALLED, generate 1 tokens, offset=260508860101 ns
        ON_TOKENS_RETURNED, offset=260508862847 ns
        ON_TOKENS_CALLED, generate 1 tokens, offset=261698110486 ns
        ON_TOKENS_RETURNED, offset=261698113086 ns
        ON_TOKENS_CALLED, generate 1 tokens, offset=262900905218 ns
        ON_TOKENS_RETURNED, offset=262900908183 ns
        ON_TOKENS_CALLED, generate 1 tokens, offset=264104101646 ns
        ON_TOKENS_RETURNED, offset=264104102914 ns
        ON_TOKENS_CALLED, generate 1 tokens, offset=265325217166 ns
        ON_TOKENS_RETURNED, offset=265325218243 ns
        ON_TOKENS_CALLED, generate 1 tokens, offset=266561312259 ns
        ON_TOKENS_RETURNED, offset=266561313301 ns
        ON_TOKENS_CALLED, generate 1 tokens, offset=267817191679 ns
        ON_TOKENS_RETURNED, offset=267817192565 ns
        ON_TOKENS_CALLED, generate 1 tokens, offset=269097599667 ns
        ON_TOKENS_RETURNED, offset=269097600960 ns
        ON_TOKENS_CALLED, generate 1 tokens, offset=270183622810 ns
        ON_TOKENS_RETURNED, offset=270183624721 ns
        ON_TOKENS_CALLED, generate 1 tokens, offset=271283283101 ns
        ON_TOKENS_RETURNED, offset=271283283921 ns
        ON_TOKENS_CALLED, generate 1 tokens, offset=272402084165 ns
        ON_TOKENS_RETURNED, offset=272402085337 ns
        ON_TOKENS_CALLED, generate 1 tokens, offset=273512126920 ns
        ON_TOKENS_RETURNED, offset=273512128435 ns
        ON_TOKENS_CALLED, generate 1 tokens, offset=274641288684 ns
        ON_TOKENS_RETURNED, offset=274641289578 ns
        ON_TOKENS_CALLED, generate 1 tokens, offset=275783917918 ns
        ON_TOKENS_RETURNED, offset=275783919147 ns
        ON_TOKENS_CALLED, generate 1 tokens, offset=276740732255 ns
        ON_TOKENS_RETURNED, offset=276740733422 ns
        ON_TOKENS_CALLED, generate 1 tokens, offset=277684914865 ns
        ON_TOKENS_RETURNED, offset=277684916819 ns
        ON_TOKENS_CALLED, generate 1 tokens, offset=278635408878 ns
        ON_TOKENS_RETURNED, offset=278635410567 ns
        ON_TOKENS_CALLED, generate 1 tokens, offset=279414457220 ns
        ON_TOKENS_RETURNED, offset=279414458410 ns
        ON_TOKENS_CALLED, generate 1 tokens, offset=279961026776 ns
        ON_TOKENS_RETURNED, offset=279961028551 ns
        ON_TOKENS_CALLED, generate 1 tokens, offset=280510595873 ns
        ON_TOKENS_RETURNED, offset=280510596662 ns
        ON_TOKENS_CALLED, generate 1 tokens, offset=281067409252 ns
        ON_TOKENS_RETURNED, offset=281067410386 ns
        ON_TOKENS_CALLED, generate 1 tokens, offset=281627680439 ns
        ON_TOKENS_RETURNED, offset=281627681155 ns
        ON_TOKENS_CALLED, generate 1 tokens, offset=282192551862 ns
        ON_TOKENS_RETURNED, offset=282192553268 ns
        ON_TOKENS_CALLED, generate 1 tokens, offset=282762449300 ns
        ON_TOKENS_RETURNED, offset=282762451102 ns
        ON_TOKENS_CALLED, generate 1 tokens, offset=283341521811 ns
        ON_TOKENS_RETURNED, offset=283341524465 ns
        ON_TOKENS_CALLED, generate 1 tokens, offset=283923815369 ns
        ON_TOKENS_RETURNED, offset=283923816665 ns
        ON_TOKENS_CALLED, generate 1 tokens, offset=284334551263 ns
        ON_TOKENS_RETURNED, offset=284334552212 ns
        ON_TOKENS_CALLED, generate 1 tokens, offset=284746450832 ns
        ON_TOKENS_RETURNED, offset=284746451661 ns
        ON_TOKENS_CALLED, generate 1 tokens, offset=285160295617 ns
        ON_TOKENS_RETURNED, offset=285160296410 ns
        ON_TOKENS_CALLED, generate 1 tokens, offset=285576420624 ns
        ON_TOKENS_RETURNED, offset=285576421687 ns
        ON_TOKENS_CALLED, generate 1 tokens, offset=285995461761 ns
        ON_TOKENS_RETURNED, offset=285995462705 ns
        ON_TOKENS_CALLED, generate 1 tokens, offset=286417263006 ns
        ON_TOKENS_RETURNED, offset=286417264266 ns
        ON_TOKENS_CALLED, generate 1 tokens, offset=286842394598 ns
        ON_TOKENS_RETURNED, offset=286842395832 ns
        ON_TOKENS_CALLED, generate 1 tokens, offset=287253209669 ns
        ON_TOKENS_RETURNED, offset=287253210687 ns
        ON_TOKENS_CALLED, generate 1 tokens, offset=287667102562 ns
        ON_TOKENS_RETURNED, offset=287667103336 ns
        ON_TOKENS_CALLED, generate 1 tokens, offset=288086583199 ns
        ON_TOKENS_RETURNED, offset=288086584098 ns
        ON_TOKENS_CALLED, generate 1 tokens, offset=288510777563 ns
        ON_TOKENS_RETURNED, offset=288510779111 ns
        ON_TOKENS_CALLED, generate 1 tokens, offset=288937943977 ns
        ON_TOKENS_RETURNED, offset=288937945026 ns
        ON_TOKENS_CALLED, generate 1 tokens, offset=289367258354 ns
        ON_TOKENS_RETURNED, offset=289367259311 ns
        ON_TOKENS_CALLED, generate 1 tokens, offset=289629484131 ns
        ON_TOKENS_RETURNED, offset=289629485714 ns
        ON_TOKENS_CALLED, generate 1 tokens, offset=289893235154 ns
        ON_TOKENS_RETURNED, offset=289893235722 ns
        ON_TOKENS_CALLED, generate 1 tokens, offset=290155734635 ns
        ON_TOKENS_RETURNED, offset=290155735448 ns
        ON_TOKENS_CALLED, generate 1 tokens, offset=290419232021 ns
        ON_TOKENS_RETURNED, offset=290419233824 ns
        ON_TOKENS_CALLED, generate 1 tokens, offset=290682041911 ns
        ON_TOKENS_RETURNED, offset=290682043068 ns
        ON_TOKENS_CALLED, generate 1 tokens, offset=290945229146 ns
        ON_TOKENS_RETURNED, offset=290945230087 ns
        ON_TOKENS_CALLED, generate 1 tokens, offset=291209061013 ns
        ON_TOKENS_RETURNED, offset=291209062103 ns
        ON_TOKENS_CALLED, generate 1 tokens, offset=291474188937 ns
        ON_TOKENS_RETURNED, offset=291474189437 ns
        ON_TOKENS_CALLED, generate 1 tokens, offset=291740447714 ns
        ON_TOKENS_RETURNED, offset=291740448917 ns
        ON_TOKENS_CALLED, generate 1 tokens, offset=292008204343 ns
        ON_TOKENS_RETURNED, offset=292008233891 ns
        ON_TOKENS_CALLED, generate 1 tokens, offset=292275012399 ns
        ON_TOKENS_RETURNED, offset=292275023293 ns
        SESSION_CLOSED, offset=294593842448 ns
[15:32:23.094289361|thread 2634052|cpu 260] [debug] #EVT# HandleDetails::is_anomalous() handle_id=7 time in state STATE_OPENED exceeded threshold: 258259049154 ns
[15:32:23.094291254|thread 2634052|cpu 260] [debug] #EVT#   Handle,     7, Created, 753659862697594, Last, 753954456529126, Prompted,  8191, Generated,    64, Input TPS, 31.72, Output TPS:  0.00, Callbacks,    64, prompt parsing complete, closed
[15:32:23.094304647|thread 2634052|cpu 260] [info ] #EVT#   Handle 7 history:
        SESSION_OPEN, prompt 8192 tokens, offset=0 ns
        PROMPT_TOKENS_REUSE, offset=258259047787 ns
        ON_START_CALLED, offset=258259049154 ns
        ON_START_RETURNED, offset=258259095834 ns
        ON_TOKENS_CALLED, generate 1 tokens, offset=258259103281 ns
        ON_TOKENS_RETURNED, offset=258259105254 ns
        ON_TOKENS_CALLED, generate 1 tokens, offset=259333103680 ns
        ON_TOKENS_RETURNED, offset=259333106417 ns
        ON_TOKENS_CALLED, generate 1 tokens, offset=260508850318 ns
        ON_TOKENS_RETURNED, offset=260508853086 ns
        ON_TOKENS_CALLED, generate 1 tokens, offset=261698099515 ns
        ON_TOKENS_RETURNED, offset=261698102532 ns
        ON_TOKENS_CALLED, generate 1 tokens, offset=262900890832 ns
        ON_TOKENS_RETURNED, offset=262900894340 ns
        ON_TOKENS_CALLED, generate 1 tokens, offset=264104091598 ns
        ON_TOKENS_RETURNED, offset=264104093444 ns
        ON_TOKENS_CALLED, generate 1 tokens, offset=265325208619 ns
        ON_TOKENS_RETURNED, offset=265325209407 ns
        ON_TOKENS_CALLED, generate 1 tokens, offset=266561294547 ns
        ON_TOKENS_RETURNED, offset=266561295758 ns
        ON_TOKENS_CALLED, generate 1 tokens, offset=267817181344 ns
        ON_TOKENS_RETURNED, offset=267817183804 ns
        ON_TOKENS_CALLED, generate 1 tokens, offset=269097589223 ns
        ON_TOKENS_RETURNED, offset=269097590351 ns
        ON_TOKENS_CALLED, generate 1 tokens, offset=270183612558 ns
        ON_TOKENS_RETURNED, offset=270183613731 ns
        ON_TOKENS_CALLED, generate 1 tokens, offset=271283276691 ns
        ON_TOKENS_RETURNED, offset=271283278955 ns
        ON_TOKENS_CALLED, generate 1 tokens, offset=272402073383 ns
        ON_TOKENS_RETURNED, offset=272402074850 ns
        ON_TOKENS_CALLED, generate 1 tokens, offset=273512116083 ns
        ON_TOKENS_RETURNED, offset=273512117430 ns
        ON_TOKENS_CALLED, generate 1 tokens, offset=274641278751 ns
        ON_TOKENS_RETURNED, offset=274641279606 ns
        ON_TOKENS_CALLED, generate 1 tokens, offset=275783907766 ns
        ON_TOKENS_RETURNED, offset=275783909116 ns
        ON_TOKENS_CALLED, generate 1 tokens, offset=276740710023 ns
        ON_TOKENS_RETURNED, offset=276740714505 ns
        ON_TOKENS_CALLED, generate 1 tokens, offset=277684904130 ns
        ON_TOKENS_RETURNED, offset=277684905395 ns
        ON_TOKENS_CALLED, generate 1 tokens, offset=278635396916 ns
        ON_TOKENS_RETURNED, offset=278635398602 ns
        ON_TOKENS_CALLED, generate 1 tokens, offset=279414438804 ns
        ON_TOKENS_RETURNED, offset=279414439989 ns
        ON_TOKENS_CALLED, generate 1 tokens, offset=279961020753 ns
        ON_TOKENS_RETURNED, offset=279961021488 ns
        ON_TOKENS_CALLED, generate 1 tokens, offset=280510586683 ns
        ON_TOKENS_RETURNED, offset=280510588002 ns
        ON_TOKENS_CALLED, generate 1 tokens, offset=281067399362 ns
        ON_TOKENS_RETURNED, offset=281067400775 ns
        ON_TOKENS_CALLED, generate 1 tokens, offset=281627671779 ns
        ON_TOKENS_RETURNED, offset=281627672414 ns
        ON_TOKENS_CALLED, generate 1 tokens, offset=282192525322 ns
        ON_TOKENS_RETURNED, offset=282192526827 ns
        ON_TOKENS_CALLED, generate 1 tokens, offset=282762432414 ns
        ON_TOKENS_RETURNED, offset=282762433078 ns
        ON_TOKENS_CALLED, generate 1 tokens, offset=283341509803 ns
        ON_TOKENS_RETURNED, offset=283341511009 ns
        ON_TOKENS_CALLED, generate 1 tokens, offset=283923804945 ns
        ON_TOKENS_RETURNED, offset=283923806423 ns
        ON_TOKENS_CALLED, generate 1 tokens, offset=284334542360 ns
        ON_TOKENS_RETURNED, offset=284334543480 ns
        ON_TOKENS_CALLED, generate 1 tokens, offset=284746441268 ns
        ON_TOKENS_RETURNED, offset=284746441740 ns
        ON_TOKENS_CALLED, generate 1 tokens, offset=285160281906 ns
        ON_TOKENS_RETURNED, offset=285160283004 ns
        ON_TOKENS_CALLED, generate 1 tokens, offset=285576417974 ns
        ON_TOKENS_RETURNED, offset=285576419123 ns
        ON_TOKENS_CALLED, generate 1 tokens, offset=285995452891 ns
        ON_TOKENS_RETURNED, offset=285995454833 ns
        ON_TOKENS_CALLED, generate 1 tokens, offset=286417253279 ns
        ON_TOKENS_RETURNED, offset=286417254120 ns
        ON_TOKENS_CALLED, generate 1 tokens, offset=286842385058 ns
        ON_TOKENS_RETURNED, offset=286842387434 ns
        ON_TOKENS_CALLED, generate 1 tokens, offset=287253203431 ns
        ON_TOKENS_RETURNED, offset=287253204117 ns
        ON_TOKENS_CALLED, generate 1 tokens, offset=287667092431 ns
        ON_TOKENS_RETURNED, offset=287667093294 ns
        ON_TOKENS_CALLED, generate 1 tokens, offset=288086566133 ns
        ON_TOKENS_RETURNED, offset=288086567357 ns
        ON_TOKENS_CALLED, generate 1 tokens, offset=288510776893 ns
        ON_TOKENS_RETURNED, offset=288510777787 ns
        ON_TOKENS_CALLED, generate 1 tokens, offset=288937934810 ns
        ON_TOKENS_RETURNED, offset=288937935711 ns
        ON_TOKENS_CALLED, generate 1 tokens, offset=289367250220 ns
        ON_TOKENS_RETURNED, offset=289367251399 ns
        ON_TOKENS_CALLED, generate 1 tokens, offset=289629481124 ns
        ON_TOKENS_RETURNED, offset=289629481840 ns
        ON_TOKENS_CALLED, generate 1 tokens, offset=289893133212 ns
        ON_TOKENS_RETURNED, offset=289893134037 ns
        ON_TOKENS_CALLED, generate 1 tokens, offset=290155717109 ns
        ON_TOKENS_RETURNED, offset=290155718332 ns
        ON_TOKENS_CALLED, generate 1 tokens, offset=290419221933 ns
        ON_TOKENS_RETURNED, offset=290419223387 ns
        ON_TOKENS_CALLED, generate 1 tokens, offset=290682035860 ns
        ON_TOKENS_RETURNED, offset=290682036877 ns
        ON_TOKENS_CALLED, generate 1 tokens, offset=290945220816 ns
        ON_TOKENS_RETURNED, offset=290945221704 ns
        ON_TOKENS_CALLED, generate 1 tokens, offset=291209052506 ns
        ON_TOKENS_RETURNED, offset=291209053701 ns
        ON_TOKENS_CALLED, generate 1 tokens, offset=291474184124 ns
        ON_TOKENS_RETURNED, offset=291474185349 ns
        ON_TOKENS_CALLED, generate 1 tokens, offset=291740444718 ns
        ON_TOKENS_RETURNED, offset=291740445188 ns
        ON_TOKENS_CALLED, generate 1 tokens, offset=292008194197 ns
        ON_TOKENS_RETURNED, offset=292008194838 ns
        ON_TOKENS_CALLED, generate 1 tokens, offset=292275003384 ns
        ON_TOKENS_RETURNED, offset=292275004510 ns
        ON_TOKENS_CALLED, generate 1 tokens, offset=292528220215 ns
        ON_TOKENS_RETURNED, offset=292528221222 ns
        ON_TOKENS_CALLED, generate 1 tokens, offset=292783143065 ns
        ON_TOKENS_RETURNED, offset=292783143777 ns
        ON_TOKENS_CALLED, generate 1 tokens, offset=292844465994 ns
        ON_TOKENS_RETURNED, offset=292844466715 ns
        ON_TOKENS_CALLED, generate 1 tokens, offset=292904492727 ns
        ON_TOKENS_RETURNED, offset=292904493000 ns
        ON_TOKENS_CALLED, generate 1 tokens, offset=292963968527 ns
        ON_TOKENS_RETURNED, offset=292963969353 ns
        ON_TOKENS_CALLED, generate 1 tokens, offset=293022313366 ns
        ON_TOKENS_RETURNED, offset=293022313662 ns
        ON_TOKENS_CALLED, generate 1 tokens, offset=293080227776 ns
        ON_TOKENS_RETURNED, offset=293080228733 ns
        ON_TOKENS_CALLED, generate 1 tokens, offset=293137445255 ns
        ON_TOKENS_RETURNED, offset=293137445976 ns
        ON_TOKENS_CALLED, generate 1 tokens, offset=293194248449 ns
        ON_TOKENS_RETURNED, offset=293194249335 ns
        ON_TOKENS_CALLED, generate 1 tokens, offset=293250936736 ns
        ON_TOKENS_RETURNED, offset=293250937476 ns
        ON_TOKENS_CALLED, generate 1 tokens, offset=293307238684 ns
        ON_TOKENS_RETURNED, offset=293307264888 ns
        ON_TOKENS_CALLED, generate 1 tokens, offset=293363124716 ns
        ON_TOKENS_RETURNED, offset=293363134624 ns
        SESSION_CLOSED, offset=294593831532 ns
[15:32:23.094317081|thread 2634052|cpu 260] [debug] #EVT# HandleDetails::is_anomalous() handle_id=9 time in state STATE_OPENED exceeded threshold: 278635376901 ns
[15:32:23.094318769|thread 2634052|cpu 260] [debug] #EVT#   Handle,     9, Created, 753659862720433, Last, 753954456530180, Prompted,  8192, Generated,    64, Input TPS, 29.40, Output TPS:  0.00, Callbacks,    64, prompt parsing complete, closed
[15:32:23.094332382|thread 2634052|cpu 260] [info ] #EVT#   Handle 9 history:
        SESSION_OPEN, prompt 8192 tokens, offset=0 ns
        PROMPT_TOKENS_REUSE, offset=278635375081 ns
        ON_START_CALLED, offset=278635376901 ns
        ON_START_RETURNED, offset=278635460216 ns
        ON_TOKENS_CALLED, generate 1 tokens, offset=278635465701 ns
        ON_TOKENS_RETURNED, offset=278635467856 ns
        ON_TOKENS_CALLED, generate 1 tokens, offset=279414436298 ns
        ON_TOKENS_RETURNED, offset=279414438855 ns
        ON_TOKENS_CALLED, generate 1 tokens, offset=279960998535 ns
        ON_TOKENS_RETURNED, offset=279960999411 ns
        ON_TOKENS_CALLED, generate 1 tokens, offset=280510569512 ns
        ON_TOKENS_RETURNED, offset=280510570611 ns
        ON_TOKENS_CALLED, generate 1 tokens, offset=281067381534 ns
        ON_TOKENS_RETURNED, offset=281067383200 ns
        ON_TOKENS_CALLED, generate 1 tokens, offset=281627652705 ns
        ON_TOKENS_RETURNED, offset=281627653256 ns
        ON_TOKENS_CALLED, generate 1 tokens, offset=282192544991 ns
        ON_TOKENS_RETURNED, offset=282192545943 ns
        ON_TOKENS_CALLED, generate 1 tokens, offset=282762415574 ns
        ON_TOKENS_RETURNED, offset=282762416052 ns
        ON_TOKENS_CALLED, generate 1 tokens, offset=283341489516 ns
        ON_TOKENS_RETURNED, offset=283341491832 ns
        ON_TOKENS_CALLED, generate 1 tokens, offset=283923796635 ns
        ON_TOKENS_RETURNED, offset=283923797865 ns
        ON_TOKENS_CALLED, generate 1 tokens, offset=284334522687 ns
        ON_TOKENS_RETURNED, offset=284334523892 ns
        ON_TOKENS_CALLED, generate 1 tokens, offset=284746423080 ns
        ON_TOKENS_RETURNED, offset=284746423791 ns
        ON_TOKENS_CALLED, generate 1 tokens, offset=285160268979 ns
        ON_TOKENS_RETURNED, offset=285160269950 ns
        ON_TOKENS_CALLED, generate 1 tokens, offset=285576393445 ns
        ON_TOKENS_RETURNED, offset=285576394673 ns
        ON_TOKENS_CALLED, generate 1 tokens, offset=285995450065 ns
        ON_TOKENS_RETURNED, offset=285995450935 ns
        ON_TOKENS_CALLED, generate 1 tokens, offset=286417237322 ns
        ON_TOKENS_RETURNED, offset=286417238359 ns
        ON_TOKENS_CALLED, generate 1 tokens, offset=286842366768 ns
        ON_TOKENS_RETURNED, offset=286842368656 ns
        ON_TOKENS_CALLED, generate 1 tokens, offset=287253172849 ns
        ON_TOKENS_RETURNED, offset=287253175142 ns
        ON_TOKENS_CALLED, generate 1 tokens, offset=287667078120 ns
        ON_TOKENS_RETURNED, offset=287667078916 ns
        ON_TOKENS_CALLED, generate 1 tokens, offset=288086550173 ns
        ON_TOKENS_RETURNED, offset=288086551036 ns
        ON_TOKENS_CALLED, generate 1 tokens, offset=288510750008 ns
        ON_TOKENS_RETURNED, offset=288510751156 ns
        ON_TOKENS_CALLED, generate 1 tokens, offset=288937922812 ns
        ON_TOKENS_RETURNED, offset=288937924128 ns
        ON_TOKENS_CALLED, generate 1 tokens, offset=289367236335 ns
        ON_TOKENS_RETURNED, offset=289367237375 ns
        ON_TOKENS_CALLED, generate 1 tokens, offset=289629460225 ns
        ON_TOKENS_RETURNED, offset=289629461414 ns
        ON_TOKENS_CALLED, generate 1 tokens, offset=289893118065 ns
        ON_TOKENS_RETURNED, offset=289893119164 ns
        ON_TOKENS_CALLED, generate 1 tokens, offset=290155702616 ns
        ON_TOKENS_RETURNED, offset=290155703785 ns
        ON_TOKENS_CALLED, generate 1 tokens, offset=290419206494 ns
        ON_TOKENS_RETURNED, offset=290419207169 ns
        ON_TOKENS_CALLED, generate 1 tokens, offset=290682016665 ns
        ON_TOKENS_RETURNED, offset=290682017608 ns
        ON_TOKENS_CALLED, generate 1 tokens, offset=290945202131 ns
        ON_TOKENS_RETURNED, offset=290945203099 ns
        ON_TOKENS_CALLED, generate 1 tokens, offset=291209048181 ns
        ON_TOKENS_RETURNED, offset=291209050136 ns
        ON_TOKENS_CALLED, generate 1 tokens, offset=291474167903 ns
        ON_TOKENS_RETURNED, offset=291474169125 ns
        ON_TOKENS_CALLED, generate 1 tokens, offset=291740428646 ns
        ON_TOKENS_RETURNED, offset=291740429361 ns
        ON_TOKENS_CALLED, generate 1 tokens, offset=292008175840 ns
        ON_TOKENS_RETURNED, offset=292008178645 ns
        ON_TOKENS_CALLED, generate 1 tokens, offset=292274986251 ns
        ON_TOKENS_RETURNED, offset=292274987213 ns
        ON_TOKENS_CALLED, generate 1 tokens, offset=292528203662 ns
        ON_TOKENS_RETURNED, offset=292528204750 ns
        ON_TOKENS_CALLED, generate 1 tokens, offset=292783125729 ns
        ON_TOKENS_RETURNED, offset=292783126543 ns
        ON_TOKENS_CALLED, generate 1 tokens, offset=292844452505 ns
        ON_TOKENS_RETURNED, offset=292844453199 ns
        ON_TOKENS_CALLED, generate 1 tokens, offset=292904476606 ns
        ON_TOKENS_RETURNED, offset=292904477454 ns
        ON_TOKENS_CALLED, generate 1 tokens, offset=292963953619 ns
        ON_TOKENS_RETURNED, offset=292963954129 ns
        ON_TOKENS_CALLED, generate 1 tokens, offset=293022295657 ns
        ON_TOKENS_RETURNED, offset=293022296446 ns
        ON_TOKENS_CALLED, generate 1 tokens, offset=293080208818 ns
        ON_TOKENS_RETURNED, offset=293080209418 ns
        ON_TOKENS_CALLED, generate 1 tokens, offset=293137424325 ns
        ON_TOKENS_RETURNED, offset=293137425028 ns
        ON_TOKENS_CALLED, generate 1 tokens, offset=293194235312 ns
        ON_TOKENS_RETURNED, offset=293194236795 ns
        ON_TOKENS_CALLED, generate 1 tokens, offset=293250933548 ns
        ON_TOKENS_RETURNED, offset=293250934289 ns
        ON_TOKENS_CALLED, generate 1 tokens, offset=293307225552 ns
        ON_TOKENS_RETURNED, offset=293307226692 ns
        ON_TOKENS_CALLED, generate 1 tokens, offset=293363106798 ns
        ON_TOKENS_RETURNED, offset=293363107614 ns
        ON_TOKENS_CALLED, generate 1 tokens, offset=293411961107 ns
        ON_TOKENS_RETURNED, offset=293411962104 ns
        ON_TOKENS_CALLED, generate 1 tokens, offset=293460601034 ns
        ON_TOKENS_RETURNED, offset=293460601835 ns
        ON_TOKENS_CALLED, generate 1 tokens, offset=293509044116 ns
        ON_TOKENS_RETURNED, offset=293509044560 ns
        ON_TOKENS_CALLED, generate 1 tokens, offset=293557422479 ns
        ON_TOKENS_RETURNED, offset=293557423902 ns
        ON_TOKENS_CALLED, generate 1 tokens, offset=293605575913 ns
        ON_TOKENS_RETURNED, offset=293605576473 ns
        ON_TOKENS_CALLED, generate 1 tokens, offset=293653600712 ns
        ON_TOKENS_RETURNED, offset=293653601481 ns
        ON_TOKENS_CALLED, generate 1 tokens, offset=293701457514 ns
        ON_TOKENS_RETURNED, offset=293701458038 ns
        ON_TOKENS_CALLED, generate 1 tokens, offset=293749311611 ns
        ON_TOKENS_RETURNED, offset=293749312211 ns
        ON_TOKENS_CALLED, generate 1 tokens, offset=293797138354 ns
        ON_TOKENS_RETURNED, offset=293797138914 ns
        ON_TOKENS_CALLED, generate 1 tokens, offset=293844198049 ns
        ON_TOKENS_RETURNED, offset=293844199458 ns
        ON_TOKENS_CALLED, generate 1 tokens, offset=293883990814 ns
        ON_TOKENS_RETURNED, offset=293883991203 ns
        ON_TOKENS_CALLED, generate 1 tokens, offset=293923627557 ns
        ON_TOKENS_RETURNED, offset=293923628521 ns
        ON_TOKENS_CALLED, generate 1 tokens, offset=293962842001 ns
        ON_TOKENS_RETURNED, offset=293962842830 ns
        ON_TOKENS_CALLED, generate 1 tokens, offset=294002589990 ns
        ON_TOKENS_RETURNED, offset=294002590388 ns
        ON_TOKENS_CALLED, generate 1 tokens, offset=294042293005 ns
        ON_TOKENS_RETURNED, offset=294042293687 ns
        ON_TOKENS_CALLED, generate 1 tokens, offset=294077034285 ns
        ON_TOKENS_RETURNED, offset=294077035267 ns
        ON_TOKENS_CALLED, generate 1 tokens, offset=294109243019 ns
        ON_TOKENS_RETURNED, offset=294109257684 ns
        ON_TOKENS_CALLED, generate 1 tokens, offset=294141333464 ns
        ON_TOKENS_RETURNED, offset=294141340047 ns
        SESSION_CLOSED, offset=294593809747 ns
[15:32:23.094348680|thread 2634052|cpu 260] [debug] #EVT# HandleDetails::is_anomalous() handle_id=13 time in state STATE_OPENED exceeded threshold: 279414377063 ns
[15:32:23.094350660|thread 2634052|cpu 260] [debug] #EVT#   Handle,    13, Created, 753659862766626, Last, 753954456532454, Prompted,  8192, Generated,    64, Input TPS, 29.32, Output TPS:  0.00, Callbacks,    64, prompt parsing complete, closed
[15:32:23.094364046|thread 2634052|cpu 260] [info ] #EVT#   Handle 13 history:
        SESSION_OPEN, prompt 8192 tokens, offset=0 ns
        PROMPT_TOKENS_REUSE, offset=279414375543 ns
        ON_START_CALLED, offset=279414377063 ns
        ON_START_RETURNED, offset=279414412511 ns
        ON_TOKENS_CALLED, generate 1 tokens, offset=279414419548 ns
        ON_TOKENS_RETURNED, offset=279414420311 ns
        ON_TOKENS_CALLED, generate 1 tokens, offset=279960949778 ns
        ON_TOKENS_RETURNED, offset=279960951964 ns
        ON_TOKENS_CALLED, generate 1 tokens, offset=280510524718 ns
        ON_TOKENS_RETURNED, offset=280510525724 ns
        ON_TOKENS_CALLED, generate 1 tokens, offset=281067336896 ns
        ON_TOKENS_RETURNED, offset=281067337710 ns
        ON_TOKENS_CALLED, generate 1 tokens, offset=281627608238 ns
        ON_TOKENS_RETURNED, offset=281627609714 ns
        ON_TOKENS_CALLED, generate 1 tokens, offset=282192455276 ns
        ON_TOKENS_RETURNED, offset=282192457011 ns
        ON_TOKENS_CALLED, generate 1 tokens, offset=282762373826 ns
        ON_TOKENS_RETURNED, offset=282762374806 ns
        ON_TOKENS_CALLED, generate 1 tokens, offset=283341442619 ns
        ON_TOKENS_RETURNED, offset=283341443259 ns
        ON_TOKENS_CALLED, generate 1 tokens, offset=283923736814 ns
        ON_TOKENS_RETURNED, offset=283923739346 ns
        ON_TOKENS_CALLED, generate 1 tokens, offset=284334483741 ns
        ON_TOKENS_RETURNED, offset=284334484507 ns
        ON_TOKENS_CALLED, generate 1 tokens, offset=284746379154 ns
        ON_TOKENS_RETURNED, offset=284746379637 ns
        ON_TOKENS_CALLED, generate 1 tokens, offset=285160231529 ns
        ON_TOKENS_RETURNED, offset=285160232545 ns
        ON_TOKENS_CALLED, generate 1 tokens, offset=285576349744 ns
        ON_TOKENS_RETURNED, offset=285576350629 ns
        ON_TOKENS_CALLED, generate 1 tokens, offset=285995396625 ns
        ON_TOKENS_RETURNED, offset=285995397668 ns
        ON_TOKENS_CALLED, generate 1 tokens, offset=286417191405 ns
        ON_TOKENS_RETURNED, offset=286417192594 ns
        ON_TOKENS_CALLED, generate 1 tokens, offset=286842316638 ns
        ON_TOKENS_RETURNED, offset=286842318557 ns
        ON_TOKENS_CALLED, generate 1 tokens, offset=287253126116 ns
        ON_TOKENS_RETURNED, offset=287253127549 ns
        ON_TOKENS_CALLED, generate 1 tokens, offset=287667039859 ns
        ON_TOKENS_RETURNED, offset=287667041479 ns
        ON_TOKENS_CALLED, generate 1 tokens, offset=288086505180 ns
        ON_TOKENS_RETURNED, offset=288086506218 ns
        ON_TOKENS_CALLED, generate 1 tokens, offset=288510706544 ns
        ON_TOKENS_RETURNED, offset=288510707664 ns
        ON_TOKENS_CALLED, generate 1 tokens, offset=288937877334 ns
        ON_TOKENS_RETURNED, offset=288937878026 ns
        ON_TOKENS_CALLED, generate 1 tokens, offset=289367188852 ns
        ON_TOKENS_RETURNED, offset=289367189617 ns
        ON_TOKENS_CALLED, generate 1 tokens, offset=289629420455 ns
        ON_TOKENS_RETURNED, offset=289629421510 ns
        ON_TOKENS_CALLED, generate 1 tokens, offset=289893072110 ns
        ON_TOKENS_RETURNED, offset=289893073089 ns
        ON_TOKENS_CALLED, generate 1 tokens, offset=290155657732 ns
        ON_TOKENS_RETURNED, offset=290155658508 ns
        ON_TOKENS_CALLED, generate 1 tokens, offset=290419161221 ns
        ON_TOKENS_RETURNED, offset=290419161997 ns
        ON_TOKENS_CALLED, generate 1 tokens, offset=290681972345 ns
        ON_TOKENS_RETURNED, offset=290681972925 ns
        ON_TOKENS_CALLED, generate 1 tokens, offset=290945164562 ns
        ON_TOKENS_RETURNED, offset=290945165089 ns
        ON_TOKENS_CALLED, generate 1 tokens, offset=291208994702 ns
        ON_TOKENS_RETURNED, offset=291208995609 ns
        ON_TOKENS_CALLED, generate 1 tokens, offset=291474125270 ns
        ON_TOKENS_RETURNED, offset=291474127215 ns
        ON_TOKENS_CALLED, generate 1 tokens, offset=291740378560 ns
        ON_TOKENS_RETURNED, offset=291740379963 ns
        ON_TOKENS_CALLED, generate 1 tokens, offset=292008131302 ns
        ON_TOKENS_RETURNED, offset=292008131823 ns
        ON_TOKENS_CALLED, generate 1 tokens, offset=292274944415 ns
        ON_TOKENS_RETURNED, offset=292274946420 ns
        ON_TOKENS_CALLED, generate 1 tokens, offset=292528167722 ns
        ON_TOKENS_RETURNED, offset=292528168728 ns
        ON_TOKENS_CALLED, generate 1 tokens, offset=292783080206 ns
        ON_TOKENS_RETURNED, offset=292783081211 ns
        ON_TOKENS_CALLED, generate 1 tokens, offset=292844426555 ns
        ON_TOKENS_RETURNED, offset=292844427673 ns
        ON_TOKENS_CALLED, generate 1 tokens, offset=292904433609 ns
        ON_TOKENS_RETURNED, offset=292904434242 ns
        ON_TOKENS_CALLED, generate 1 tokens, offset=292963918887 ns
        ON_TOKENS_RETURNED, offset=292963922367 ns
        ON_TOKENS_CALLED, generate 1 tokens, offset=293022252133 ns
        ON_TOKENS_RETURNED, offset=293022253079 ns
        ON_TOKENS_CALLED, generate 1 tokens, offset=293080164665 ns
        ON_TOKENS_RETURNED, offset=293080165008 ns
        ON_TOKENS_CALLED, generate 1 tokens, offset=293137387845 ns
        ON_TOKENS_RETURNED, offset=293137388283 ns
        ON_TOKENS_CALLED, generate 1 tokens, offset=293194190874 ns
        ON_TOKENS_RETURNED, offset=293194191317 ns
        ON_TOKENS_CALLED, generate 1 tokens, offset=293250883727 ns
        ON_TOKENS_RETURNED, offset=293250884495 ns
        ON_TOKENS_CALLED, generate 1 tokens, offset=293307179284 ns
        ON_TOKENS_RETURNED, offset=293307181558 ns
        ON_TOKENS_CALLED, generate 1 tokens, offset=293363063055 ns
        ON_TOKENS_RETURNED, offset=293363063719 ns
        ON_TOKENS_CALLED, generate 1 tokens, offset=293411914675 ns
        ON_TOKENS_RETURNED, offset=293411915449 ns
        ON_TOKENS_CALLED, generate 1 tokens, offset=293460556454 ns
        ON_TOKENS_RETURNED, offset=293460556851 ns
        ON_TOKENS_CALLED, generate 1 tokens, offset=293508992760 ns
        ON_TOKENS_RETURNED, offset=293508993498 ns
        ON_TOKENS_CALLED, generate 1 tokens, offset=293557378961 ns
        ON_TOKENS_RETURNED, offset=293557379373 ns
        ON_TOKENS_CALLED, generate 1 tokens, offset=293605534080 ns
        ON_TOKENS_RETURNED, offset=293605535048 ns
        ON_TOKENS_CALLED, generate 1 tokens, offset=293653554916 ns
        ON_TOKENS_RETURNED, offset=293653555456 ns
        ON_TOKENS_CALLED, generate 1 tokens, offset=293701408538 ns
        ON_TOKENS_RETURNED, offset=293701408908 ns
        ON_TOKENS_CALLED, generate 1 tokens, offset=293749261859 ns
        ON_TOKENS_RETURNED, offset=293749262459 ns
        ON_TOKENS_CALLED, generate 1 tokens, offset=293797094427 ns
        ON_TOKENS_RETURNED, offset=293797094984 ns
        ON_TOKENS_CALLED, generate 1 tokens, offset=293844159573 ns
        ON_TOKENS_RETURNED, offset=293844160462 ns
        ON_TOKENS_CALLED, generate 1 tokens, offset=293883946350 ns
        ON_TOKENS_RETURNED, offset=293883946954 ns
        ON_TOKENS_CALLED, generate 1 tokens, offset=293923583079 ns
        ON_TOKENS_RETURNED, offset=293923583694 ns
        ON_TOKENS_CALLED, generate 1 tokens, offset=293962796880 ns
        ON_TOKENS_RETURNED, offset=293962797371 ns
        ON_TOKENS_CALLED, generate 1 tokens, offset=294002534416 ns
        ON_TOKENS_RETURNED, offset=294002534951 ns
        ON_TOKENS_CALLED, generate 1 tokens, offset=294042253531 ns
        ON_TOKENS_RETURNED, offset=294042254060 ns
        ON_TOKENS_CALLED, generate 1 tokens, offset=294076992203 ns
        ON_TOKENS_RETURNED, offset=294076993457 ns
        ON_TOKENS_CALLED, generate 1 tokens, offset=294109215313 ns
        ON_TOKENS_RETURNED, offset=294109215792 ns
        ON_TOKENS_CALLED, generate 1 tokens, offset=294141288363 ns
        ON_TOKENS_RETURNED, offset=294141316653 ns
        ON_TOKENS_CALLED, generate 1 tokens, offset=294168356735 ns
        ON_TOKENS_RETURNED, offset=294168362774 ns
        SESSION_CLOSED, offset=294593765828 ns
[15:32:23.094376638|thread 2634052|cpu 260] [debug] #EVT# HandleDetails::is_anomalous() handle_id=17 time in state STATE_OPENED exceeded threshold: 283923688957 ns
[15:32:23.094378386|thread 2634052|cpu 260] [debug] #EVT#   Handle,    17, Created, 753659862815144, Last, 753954456534535, Prompted,  8192, Generated,    64, Input TPS, 28.85, Output TPS:  0.00, Callbacks,    64, prompt parsing complete, closed
[15:32:23.094391891|thread 2634052|cpu 260] [info ] #EVT#   Handle 17 history:
        SESSION_OPEN, prompt 8192 tokens, offset=0 ns
        PROMPT_TOKENS_REUSE, offset=283923687072 ns
        ON_START_CALLED, offset=283923688957 ns
        ON_START_RETURNED, offset=283923720196 ns
        ON_TOKENS_CALLED, generate 1 tokens, offset=283923724680 ns
        ON_TOKENS_RETURNED, offset=283923727073 ns
        ON_TOKENS_CALLED, generate 1 tokens, offset=284334432663 ns
        ON_TOKENS_RETURNED, offset=284334435316 ns
        ON_TOKENS_CALLED, generate 1 tokens, offset=284746334197 ns
        ON_TOKENS_RETURNED, offset=284746335449 ns
        ON_TOKENS_CALLED, generate 1 tokens, offset=285160172807 ns
        ON_TOKENS_RETURNED, offset=285160175158 ns
        ON_TOKENS_CALLED, generate 1 tokens, offset=285576307712 ns
        ON_TOKENS_RETURNED, offset=285576309313 ns
        ON_TOKENS_CALLED, generate 1 tokens, offset=285995350711 ns
        ON_TOKENS_RETURNED, offset=285995351877 ns
        ON_TOKENS_CALLED, generate 1 tokens, offset=286417151090 ns
        ON_TOKENS_RETURNED, offset=286417152418 ns
        ON_TOKENS_CALLED, generate 1 tokens, offset=286842271779 ns
        ON_TOKENS_RETURNED, offset=286842273606 ns
        ON_TOKENS_CALLED, generate 1 tokens, offset=287253080774 ns
        ON_TOKENS_RETURNED, offset=287253082304 ns
        ON_TOKENS_CALLED, generate 1 tokens, offset=287666985652 ns
        ON_TOKENS_RETURNED, offset=287666986216 ns
        ON_TOKENS_CALLED, generate 1 tokens, offset=288086462315 ns
        ON_TOKENS_RETURNED, offset=288086462801 ns
        ON_TOKENS_CALLED, generate 1 tokens, offset=288510662929 ns
        ON_TOKENS_RETURNED, offset=288510664219 ns
        ON_TOKENS_CALLED, generate 1 tokens, offset=288937826610 ns
        ON_TOKENS_RETURNED, offset=288937827405 ns
        ON_TOKENS_CALLED, generate 1 tokens, offset=289367145877 ns
        ON_TOKENS_RETURNED, offset=289367146426 ns
        ON_TOKENS_CALLED, generate 1 tokens, offset=289629367648 ns
        ON_TOKENS_RETURNED, offset=289629369222 ns
        ON_TOKENS_CALLED, generate 1 tokens, offset=289893028935 ns
        ON_TOKENS_RETURNED, offset=289893029582 ns
        ON_TOKENS_CALLED, generate 1 tokens, offset=290155610400 ns
        ON_TOKENS_RETURNED, offset=290155613089 ns
        ON_TOKENS_CALLED, generate 1 tokens, offset=290419113873 ns
        ON_TOKENS_RETURNED, offset=290419114833 ns
        ON_TOKENS_CALLED, generate 1 tokens, offset=290681925037 ns
        ON_TOKENS_RETURNED, offset=290681925736 ns
        ON_TOKENS_CALLED, generate 1 tokens, offset=290945111192 ns
        ON_TOKENS_RETURNED, offset=290945111994 ns
        ON_TOKENS_CALLED, generate 1 tokens, offset=291208948180 ns
        ON_TOKENS_RETURNED, offset=291208949046 ns
        ON_TOKENS_CALLED, generate 1 tokens, offset=291474077666 ns
        ON_TOKENS_RETURNED, offset=291474078870 ns
        ON_TOKENS_CALLED, generate 1 tokens, offset=291740332194 ns
        ON_TOKENS_RETURNED, offset=291740333402 ns
        ON_TOKENS_CALLED, generate 1 tokens, offset=292008085326 ns
        ON_TOKENS_RETURNED, offset=292008086072 ns
        ON_TOKENS_CALLED, generate 1 tokens, offset=292274896423 ns
        ON_TOKENS_RETURNED, offset=292274897348 ns
        ON_TOKENS_CALLED, generate 1 tokens, offset=292528123775 ns
        ON_TOKENS_RETURNED, offset=292528124493 ns
        ON_TOKENS_CALLED, generate 1 tokens, offset=292783033431 ns
        ON_TOKENS_RETURNED, offset=292783033812 ns
        ON_TOKENS_CALLED, generate 1 tokens, offset=292844363127 ns
        ON_TOKENS_RETURNED, offset=292844364524 ns
        ON_TOKENS_CALLED, generate 1 tokens, offset=292904388508 ns
        ON_TOKENS_RETURNED, offset=292904388770 ns
        ON_TOKENS_CALLED, generate 1 tokens, offset=292963881982 ns
        ON_TOKENS_RETURNED, offset=292963882815 ns
        ON_TOKENS_CALLED, generate 1 tokens, offset=293022205656 ns
        ON_TOKENS_RETURNED, offset=293022206325 ns
        ON_TOKENS_CALLED, generate 1 tokens, offset=293080117398 ns
        ON_TOKENS_RETURNED, offset=293080117626 ns
        ON_TOKENS_CALLED, generate 1 tokens, offset=293137330884 ns
        ON_TOKENS_RETURNED, offset=293137332138 ns
        ON_TOKENS_CALLED, generate 1 tokens, offset=293194144783 ns
        ON_TOKENS_RETURNED, offset=293194145128 ns
        ON_TOKENS_CALLED, generate 1 tokens, offset=293250834582 ns
        ON_TOKENS_RETURNED, offset=293250835610 ns
        ON_TOKENS_CALLED, generate 1 tokens, offset=293307131741 ns
        ON_TOKENS_RETURNED, offset=293307132595 ns
        ON_TOKENS_CALLED, generate 1 tokens, offset=293363016577 ns
        ON_TOKENS_RETURNED, offset=293363016797 ns
        ON_TOKENS_CALLED, generate 1 tokens, offset=293411867878 ns
        ON_TOKENS_RETURNED, offset=293411868677 ns
        ON_TOKENS_CALLED, generate 1 tokens, offset=293460513913 ns
        ON_TOKENS_RETURNED, offset=293460514352 ns
        ON_TOKENS_CALLED, generate 1 tokens, offset=293508951309 ns
        ON_TOKENS_RETURNED, offset=293508951619 ns
        ON_TOKENS_CALLED, generate 1 tokens, offset=293557331966 ns
        ON_TOKENS_RETURNED, offset=293557332722 ns
        ON_TOKENS_CALLED, generate 1 tokens, offset=293605487973 ns
        ON_TOKENS_RETURNED, offset=293605489366 ns
        ON_TOKENS_CALLED, generate 1 tokens, offset=293653519426 ns
        ON_TOKENS_RETURNED, offset=293653519945 ns
        ON_TOKENS_CALLED, generate 1 tokens, offset=293701361592 ns
        ON_TOKENS_RETURNED, offset=293701362315 ns
        ON_TOKENS_CALLED, generate 1 tokens, offset=293749214981 ns
        ON_TOKENS_RETURNED, offset=293749215756 ns
        ON_TOKENS_CALLED, generate 1 tokens, offset=293797050642 ns
        ON_TOKENS_RETURNED, offset=293797051760 ns
        ON_TOKENS_CALLED, generate 1 tokens, offset=293844109921 ns
        ON_TOKENS_RETURNED, offset=293844111243 ns
        ON_TOKENS_CALLED, generate 1 tokens, offset=293883899575 ns
        ON_TOKENS_RETURNED, offset=293883900478 ns
        ON_TOKENS_CALLED, generate 1 tokens, offset=293923537167 ns
        ON_TOKENS_RETURNED, offset=293923537642 ns
        ON_TOKENS_CALLED, generate 1 tokens, offset=293962754442 ns
        ON_TOKENS_RETURNED, offset=293962754762 ns
        ON_TOKENS_CALLED, generate 1 tokens, offset=294002487450 ns
        ON_TOKENS_RETURNED, offset=294002487804 ns
        ON_TOKENS_CALLED, generate 1 tokens, offset=294042203673 ns
        ON_TOKENS_RETURNED, offset=294042204725 ns
        ON_TOKENS_CALLED, generate 1 tokens, offset=294076944083 ns
        ON_TOKENS_RETURNED, offset=294076945317 ns
        ON_TOKENS_CALLED, generate 1 tokens, offset=294109156803 ns
        ON_TOKENS_RETURNED, offset=294109157291 ns
        ON_TOKENS_CALLED, generate 1 tokens, offset=294141242644 ns
        ON_TOKENS_RETURNED, offset=294141243505 ns
        ON_TOKENS_CALLED, generate 1 tokens, offset=294168312977 ns
        ON_TOKENS_RETURNED, offset=294168314108 ns
        ON_TOKENS_CALLED, generate 1 tokens, offset=294188092581 ns
        ON_TOKENS_RETURNED, offset=294188093361 ns
        ON_TOKENS_CALLED, generate 1 tokens, offset=294207027290 ns
        ON_TOKENS_RETURNED, offset=294207027906 ns
        ON_TOKENS_CALLED, generate 1 tokens, offset=294226051830 ns
        ON_TOKENS_RETURNED, offset=294226052230 ns
        ON_TOKENS_CALLED, generate 1 tokens, offset=294244870491 ns
        ON_TOKENS_RETURNED, offset=294244870976 ns
        ON_TOKENS_CALLED, generate 1 tokens, offset=294263753031 ns
        ON_TOKENS_RETURNED, offset=294263753391 ns
        ON_TOKENS_CALLED, generate 1 tokens, offset=294282505891 ns
        ON_TOKENS_RETURNED, offset=294282506371 ns
        ON_TOKENS_CALLED, generate 1 tokens, offset=294301031305 ns
        ON_TOKENS_RETURNED, offset=294301049366 ns
        ON_TOKENS_CALLED, generate 1 tokens, offset=294319972278 ns
        ON_TOKENS_RETURNED, offset=294319978353 ns
        SESSION_CLOSED, offset=294593719391 ns
[15:32:23.094403324|thread 2634052|cpu 260] [debug] #EVT# HandleDetails::is_anomalous() handle_id=19 time in state STATE_OPENED exceeded threshold: 269097448968 ns
[15:32:23.094405070|thread 2634052|cpu 260] [debug] #EVT#   Handle,    19, Created, 753659862837659, Last, 753954456535528, Prompted,  8191, Generated,    64, Input TPS, 30.44, Output TPS:  0.00, Callbacks,    64, prompt parsing complete, closed
[15:32:23.094418446|thread 2634052|cpu 260] [info ] #EVT#   Handle 19 history:
        SESSION_OPEN, prompt 8192 tokens, offset=0 ns
        PROMPT_TOKENS_REUSE, offset=269097447443 ns
        ON_START_CALLED, offset=269097448968 ns
        ON_START_RETURNED, offset=269097475569 ns
        ON_TOKENS_CALLED, generate 1 tokens, offset=269097479886 ns
        ON_TOKENS_RETURNED, offset=269097480389 ns
        ON_TOKENS_CALLED, generate 1 tokens, offset=270183477534 ns
        ON_TOKENS_RETURNED, offset=270183481019 ns
        ON_TOKENS_CALLED, generate 1 tokens, offset=271283142184 ns
        ON_TOKENS_RETURNED, offset=271283143302 ns
        ON_TOKENS_CALLED, generate 1 tokens, offset=272401943634 ns
        ON_TOKENS_RETURNED, offset=272401945933 ns
        ON_TOKENS_CALLED, generate 1 tokens, offset=273511975123 ns
        ON_TOKENS_RETURNED, offset=273511978206 ns
        ON_TOKENS_CALLED, generate 1 tokens, offset=274641141842 ns
        ON_TOKENS_RETURNED, offset=274641143807 ns
        ON_TOKENS_CALLED, generate 1 tokens, offset=275783769629 ns
        ON_TOKENS_RETURNED, offset=275783770790 ns
        ON_TOKENS_CALLED, generate 1 tokens, offset=276740575811 ns
        ON_TOKENS_RETURNED, offset=276740576600 ns
        ON_TOKENS_CALLED, generate 1 tokens, offset=277684762403 ns
        ON_TOKENS_RETURNED, offset=277684763982 ns
        ON_TOKENS_CALLED, generate 1 tokens, offset=278635260678 ns
        ON_TOKENS_RETURNED, offset=278635261220 ns
        ON_TOKENS_CALLED, generate 1 tokens, offset=279414301191 ns
        ON_TOKENS_RETURNED, offset=279414301985 ns
        ON_TOKENS_CALLED, generate 1 tokens, offset=279960878402 ns
        ON_TOKENS_RETURNED, offset=279960879884 ns
        ON_TOKENS_CALLED, generate 1 tokens, offset=280510449032 ns
        ON_TOKENS_RETURNED, offset=280510450096 ns
        ON_TOKENS_CALLED, generate 1 tokens, offset=281067262240 ns
        ON_TOKENS_RETURNED, offset=281067263123 ns
        ON_TOKENS_CALLED, generate 1 tokens, offset=281627532504 ns
        ON_TOKENS_RETURNED, offset=281627533448 ns
        ON_TOKENS_CALLED, generate 1 tokens, offset=282192415905 ns
        ON_TOKENS_RETURNED, offset=282192417067 ns
        ON_TOKENS_CALLED, generate 1 tokens, offset=282762291793 ns
        ON_TOKENS_RETURNED, offset=282762296220 ns
        ON_TOKENS_CALLED, generate 1 tokens, offset=283341372497 ns
        ON_TOKENS_RETURNED, offset=283341373763 ns
        ON_TOKENS_CALLED, generate 1 tokens, offset=283923658882 ns
        ON_TOKENS_RETURNED, offset=283923660322 ns
        ON_TOKENS_CALLED, generate 1 tokens, offset=284334403516 ns
        ON_TOKENS_RETURNED, offset=284334404831 ns
        ON_TOKENS_CALLED, generate 1 tokens, offset=284746302727 ns
        ON_TOKENS_RETURNED, offset=284746303801 ns
        ON_TOKENS_CALLED, generate 1 tokens, offset=285160149969 ns
        ON_TOKENS_RETURNED, offset=285160150922 ns
        ON_TOKENS_CALLED, generate 1 tokens, offset=285576273563 ns
        ON_TOKENS_RETURNED, offset=285576274512 ns
        ON_TOKENS_CALLED, generate 1 tokens, offset=285995326465 ns
        ON_TOKENS_RETURNED, offset=285995327900 ns
        ON_TOKENS_CALLED, generate 1 tokens, offset=286417119046 ns
        ON_TOKENS_RETURNED, offset=286417120006 ns
        ON_TOKENS_CALLED, generate 1 tokens, offset=286842243923 ns
        ON_TOKENS_RETURNED, offset=286842246336 ns
        ON_TOKENS_CALLED, generate 1 tokens, offset=287253049162 ns
        ON_TOKENS_RETURNED, offset=287253050811 ns
        ON_TOKENS_CALLED, generate 1 tokens, offset=287666957217 ns
        ON_TOKENS_RETURNED, offset=287666958214 ns
        ON_TOKENS_CALLED, generate 1 tokens, offset=288086428999 ns
        ON_TOKENS_RETURNED, offset=288086429957 ns
        ON_TOKENS_CALLED, generate 1 tokens, offset=288510634667 ns
        ON_TOKENS_RETURNED, offset=288510635804 ns
        ON_TOKENS_CALLED, generate 1 tokens, offset=288937797507 ns
        ON_TOKENS_RETURNED, offset=288937798225 ns
        ON_TOKENS_CALLED, generate 1 tokens, offset=289367112561 ns
        ON_TOKENS_RETURNED, offset=289367113455 ns
        ON_TOKENS_CALLED, generate 1 tokens, offset=289629338402 ns
        ON_TOKENS_RETURNED, offset=289629340697 ns
        ON_TOKENS_CALLED, generate 1 tokens, offset=289893000749 ns
        ON_TOKENS_RETURNED, offset=289893001658 ns
        ON_TOKENS_CALLED, generate 1 tokens, offset=290155583535 ns
        ON_TOKENS_RETURNED, offset=290155584553 ns
        ON_TOKENS_CALLED, generate 1 tokens, offset=290419084570 ns
        ON_TOKENS_RETURNED, offset=290419085173 ns
        ON_TOKENS_CALLED, generate 1 tokens, offset=290681899109 ns
        ON_TOKENS_RETURNED, offset=290681900198 ns
        ON_TOKENS_CALLED, generate 1 tokens, offset=290945080154 ns
        ON_TOKENS_RETURNED, offset=290945081330 ns
        ON_TOKENS_CALLED, generate 1 tokens, offset=291208913934 ns
        ON_TOKENS_RETURNED, offset=291208914772 ns
        ON_TOKENS_CALLED, generate 1 tokens, offset=291474040778 ns
        ON_TOKENS_RETURNED, offset=291474041346 ns
        ON_TOKENS_CALLED, generate 1 tokens, offset=291740314444 ns
        ON_TOKENS_RETURNED, offset=291740315382 ns
        ON_TOKENS_CALLED, generate 1 tokens, offset=292008055211 ns
        ON_TOKENS_RETURNED, offset=292008055916 ns
        ON_TOKENS_CALLED, generate 1 tokens, offset=292274865226 ns
        ON_TOKENS_RETURNED, offset=292274866293 ns
        ON_TOKENS_CALLED, generate 1 tokens, offset=292528088604 ns
        ON_TOKENS_RETURNED, offset=292528089532 ns
        ON_TOKENS_CALLED, generate 1 tokens, offset=292783004361 ns
        ON_TOKENS_RETURNED, offset=292783004959 ns
        ON_TOKENS_CALLED, generate 1 tokens, offset=292844327368 ns
        ON_TOKENS_RETURNED, offset=292844329010 ns
        ON_TOKENS_CALLED, generate 1 tokens, offset=292904360975 ns
        ON_TOKENS_RETURNED, offset=292904361306 ns
        ON_TOKENS_CALLED, generate 1 tokens, offset=292963834173 ns
        ON_TOKENS_RETURNED, offset=292963835013 ns
        ON_TOKENS_CALLED, generate 1 tokens, offset=293022174340 ns
        ON_TOKENS_RETURNED, offset=293022174918 ns
        ON_TOKENS_CALLED, generate 1 tokens, offset=293080088026 ns
        ON_TOKENS_RETURNED, offset=293080088808 ns
        ON_TOKENS_CALLED, generate 1 tokens, offset=293137304384 ns
        ON_TOKENS_RETURNED, offset=293137305736 ns
        ON_TOKENS_CALLED, generate 1 tokens, offset=293194108904 ns
        ON_TOKENS_RETURNED, offset=293194109571 ns
        ON_TOKENS_CALLED, generate 1 tokens, offset=293250802221 ns
        ON_TOKENS_RETURNED, offset=293250802986 ns
        ON_TOKENS_CALLED, generate 1 tokens, offset=293307105203 ns
        ON_TOKENS_RETURNED, offset=293307105676 ns
        ON_TOKENS_CALLED, generate 1 tokens, offset=293362991539 ns
        ON_TOKENS_RETURNED, offset=293362992345 ns
        ON_TOKENS_CALLED, generate 1 tokens, offset=293411838449 ns
        ON_TOKENS_RETURNED, offset=293411839258 ns
        ON_TOKENS_CALLED, generate 1 tokens, offset=293460482650 ns
        ON_TOKENS_RETURNED, offset=293460483513 ns
        ON_TOKENS_CALLED, generate 1 tokens, offset=293508915878 ns
        ON_TOKENS_RETURNED, offset=293508916669 ns
        ON_TOKENS_CALLED, generate 1 tokens, offset=293557304673 ns
        ON_TOKENS_RETURNED, offset=293557306133 ns
        ON_TOKENS_CALLED, generate 1 tokens, offset=293605456736 ns
        ON_TOKENS_RETURNED, offset=293605456988 ns
        ON_TOKENS_CALLED, generate 1 tokens, offset=293653477829 ns
        ON_TOKENS_RETURNED, offset=293653478342 ns
        ON_TOKENS_CALLED, generate 1 tokens, offset=293701346852 ns
        ON_TOKENS_RETURNED, offset=293701347169 ns
        ON_TOKENS_CALLED, generate 1 tokens, offset=293749185558 ns
        ON_TOKENS_RETURNED, offset=293749211339 ns
        ON_TOKENS_CALLED, generate 1 tokens, offset=293797018361 ns
        ON_TOKENS_RETURNED, offset=293797021792 ns
        SESSION_CLOSED, offset=294593697869 ns
[15:32:23.094428905|thread 2634052|cpu 260] [debug] #EVT# HandleDetails::is_anomalous() handle_id=21 time in state STATE_OPENED exceeded threshold: 275783749344 ns
[15:32:23.094430546|thread 2634052|cpu 260] [debug] #EVT#   Handle,    21, Created, 753659862859835, Last, 753954456536338, Prompted,  8191, Generated,    64, Input TPS, 29.70, Output TPS:  0.00, Callbacks,    64, prompt parsing complete, closed
[15:32:23.094443941|thread 2634052|cpu 260] [info ] #EVT#   Handle 21 history:
        SESSION_OPEN, prompt 8192 tokens, offset=0 ns
        PROMPT_TOKENS_REUSE, offset=275783747592 ns
        ON_START_CALLED, offset=275783749344 ns
        ON_START_RETURNED, offset=275783788301 ns
        ON_TOKENS_CALLED, generate 1 tokens, offset=275783796970 ns
        ON_TOKENS_RETURNED, offset=275783798546 ns
        ON_TOKENS_CALLED, generate 1 tokens, offset=276740552098 ns
        ON_TOKENS_RETURNED, offset=276740555202 ns
        ON_TOKENS_CALLED, generate 1 tokens, offset=277684743608 ns
        ON_TOKENS_RETURNED, offset=277684746645 ns
        ON_TOKENS_CALLED, generate 1 tokens, offset=278635241204 ns
        ON_TOKENS_RETURNED, offset=278635242412 ns
        ON_TOKENS_CALLED, generate 1 tokens, offset=279414283704 ns
        ON_TOKENS_RETURNED, offset=279414285830 ns
        ON_TOKENS_CALLED, generate 1 tokens, offset=279960863672 ns
        ON_TOKENS_RETURNED, offset=279960865123 ns
        ON_TOKENS_CALLED, generate 1 tokens, offset=280510428916 ns
        ON_TOKENS_RETURNED, offset=280510430462 ns
        ON_TOKENS_CALLED, generate 1 tokens, offset=281067241143 ns
        ON_TOKENS_RETURNED, offset=281067242304 ns
        ON_TOKENS_CALLED, generate 1 tokens, offset=281627511583 ns
        ON_TOKENS_RETURNED, offset=281627514954 ns
        ON_TOKENS_CALLED, generate 1 tokens, offset=282192399040 ns
        ON_TOKENS_RETURNED, offset=282192400445 ns
        ON_TOKENS_CALLED, generate 1 tokens, offset=282762274853 ns
        ON_TOKENS_RETURNED, offset=282762276001 ns
        ON_TOKENS_CALLED, generate 1 tokens, offset=283341354181 ns
        ON_TOKENS_RETURNED, offset=283341355004 ns
        ON_TOKENS_CALLED, generate 1 tokens, offset=283923640695 ns
        ON_TOKENS_RETURNED, offset=283923641951 ns
        ON_TOKENS_CALLED, generate 1 tokens, offset=284334382246 ns
        ON_TOKENS_RETURNED, offset=284334384409 ns
        ON_TOKENS_CALLED, generate 1 tokens, offset=284746282152 ns
        ON_TOKENS_RETURNED, offset=284746283471 ns
        ON_TOKENS_CALLED, generate 1 tokens, offset=285160124110 ns
        ON_TOKENS_RETURNED, offset=285160125471 ns
        ON_TOKENS_CALLED, generate 1 tokens, offset=285576253013 ns
        ON_TOKENS_RETURNED, offset=285576256215 ns
        ON_TOKENS_CALLED, generate 1 tokens, offset=285995305479 ns
        ON_TOKENS_RETURNED, offset=285995306934 ns
        ON_TOKENS_CALLED, generate 1 tokens, offset=286417101759 ns
        ON_TOKENS_RETURNED, offset=286417103006 ns
        ON_TOKENS_CALLED, generate 1 tokens, offset=286842222661 ns
        ON_TOKENS_RETURNED, offset=286842224789 ns
        ON_TOKENS_CALLED, generate 1 tokens, offset=287253028069 ns
        ON_TOKENS_RETURNED, offset=287253029044 ns
        ON_TOKENS_CALLED, generate 1 tokens, offset=287666936608 ns
        ON_TOKENS_RETURNED, offset=287666937787 ns
        ON_TOKENS_CALLED, generate 1 tokens, offset=288086408811 ns
        ON_TOKENS_RETURNED, offset=288086410520 ns
        ON_TOKENS_CALLED, generate 1 tokens, offset=288510608760 ns
        ON_TOKENS_RETURNED, offset=288510610056 ns
        ON_TOKENS_CALLED, generate 1 tokens, offset=288937782563 ns
        ON_TOKENS_RETURNED, offset=288937784193 ns
        ON_TOKENS_CALLED, generate 1 tokens, offset=289367098656 ns
        ON_TOKENS_RETURNED, offset=289367099486 ns
        ON_TOKENS_CALLED, generate 1 tokens, offset=289629316758 ns
        ON_TOKENS_RETURNED, offset=289629318234 ns
        ON_TOKENS_CALLED, generate 1 tokens, offset=289892974788 ns
        ON_TOKENS_RETURNED, offset=289892975923 ns
        ON_TOKENS_CALLED, generate 1 tokens, offset=290155560434 ns
        ON_TOKENS_RETURNED, offset=290155561499 ns
        ON_TOKENS_CALLED, generate 1 tokens, offset=290419065643 ns
        ON_TOKENS_RETURNED, offset=290419066830 ns
        ON_TOKENS_CALLED, generate 1 tokens, offset=290681877935 ns
        ON_TOKENS_RETURNED, offset=290681878834 ns
        ON_TOKENS_CALLED, generate 1 tokens, offset=290945076281 ns
        ON_TOKENS_RETURNED, offset=290945077493 ns
        ON_TOKENS_CALLED, generate 1 tokens, offset=291208901165 ns
        ON_TOKENS_RETURNED, offset=291208902827 ns
        ON_TOKENS_CALLED, generate 1 tokens, offset=291474034499 ns
        ON_TOKENS_RETURNED, offset=291474035562 ns
        ON_TOKENS_CALLED, generate 1 tokens, offset=291740287657 ns
        ON_TOKENS_RETURNED, offset=291740288863 ns
        ON_TOKENS_CALLED, generate 1 tokens, offset=292008035009 ns
        ON_TOKENS_RETURNED, offset=292008035934 ns
        ON_TOKENS_CALLED, generate 1 tokens, offset=292274844848 ns
        ON_TOKENS_RETURNED, offset=292274846277 ns
        ON_TOKENS_CALLED, generate 1 tokens, offset=292528064013 ns
        ON_TOKENS_RETURNED, offset=292528065724 ns
        ON_TOKENS_CALLED, generate 1 tokens, offset=292782984759 ns
        ON_TOKENS_RETURNED, offset=292782985975 ns
        ON_TOKENS_CALLED, generate 1 tokens, offset=292844306623 ns
        ON_TOKENS_RETURNED, offset=292844307115 ns
        ON_TOKENS_CALLED, generate 1 tokens, offset=292904335473 ns
        ON_TOKENS_RETURNED, offset=292904335728 ns
        ON_TOKENS_CALLED, generate 1 tokens, offset=292963824886 ns
        ON_TOKENS_RETURNED, offset=292963826661 ns
        ON_TOKENS_CALLED, generate 1 tokens, offset=293022154644 ns
        ON_TOKENS_RETURNED, offset=293022155375 ns
        ON_TOKENS_CALLED, generate 1 tokens, offset=293080067255 ns
        ON_TOKENS_RETURNED, offset=293080067790 ns
        ON_TOKENS_CALLED, generate 1 tokens, offset=293137289796 ns
        ON_TOKENS_RETURNED, offset=293137290393 ns
        ON_TOKENS_CALLED, generate 1 tokens, offset=293194095663 ns
        ON_TOKENS_RETURNED, offset=293194096682 ns
        ON_TOKENS_CALLED, generate 1 tokens, offset=293250788934 ns
        ON_TOKENS_RETURNED, offset=293250789269 ns
        ON_TOKENS_CALLED, generate 1 tokens, offset=293307086309 ns
        ON_TOKENS_RETURNED, offset=293307087538 ns
        ON_TOKENS_CALLED, generate 1 tokens, offset=293362966395 ns
        ON_TOKENS_RETURNED, offset=293362967077 ns
        ON_TOKENS_CALLED, generate 1 tokens, offset=293411817678 ns
        ON_TOKENS_RETURNED, offset=293411818549 ns
        ON_TOKENS_CALLED, generate 1 tokens, offset=293460459602 ns
        ON_TOKENS_RETURNED, offset=293460460613 ns
        ON_TOKENS_CALLED, generate 1 tokens, offset=293508899159 ns
        ON_TOKENS_RETURNED, offset=293508899839 ns
        ON_TOKENS_CALLED, generate 1 tokens, offset=293557282997 ns
        ON_TOKENS_RETURNED, offset=293557285005 ns
        ON_TOKENS_CALLED, generate 1 tokens, offset=293605435555 ns
        ON_TOKENS_RETURNED, offset=293605436414 ns
        ON_TOKENS_CALLED, generate 1 tokens, offset=293653457373 ns
        ON_TOKENS_RETURNED, offset=293653458183 ns
        ON_TOKENS_CALLED, generate 1 tokens, offset=293701317395 ns
        ON_TOKENS_RETURNED, offset=293701318475 ns
        ON_TOKENS_CALLED, generate 1 tokens, offset=293749166459 ns
        ON_TOKENS_RETURNED, offset=293749167032 ns
        ON_TOKENS_CALLED, generate 1 tokens, offset=293796999345 ns
        ON_TOKENS_RETURNED, offset=293797000188 ns
        ON_TOKENS_CALLED, generate 1 tokens, offset=293844058004 ns
        ON_TOKENS_RETURNED, offset=293844060299 ns
        ON_TOKENS_CALLED, generate 1 tokens, offset=293883848887 ns
        ON_TOKENS_RETURNED, offset=293883849829 ns
        ON_TOKENS_CALLED, generate 1 tokens, offset=293923488046 ns
        ON_TOKENS_RETURNED, offset=293923488637 ns
        ON_TOKENS_CALLED, generate 1 tokens, offset=293962702298 ns
        ON_TOKENS_RETURNED, offset=293962702805 ns
        ON_TOKENS_CALLED, generate 1 tokens, offset=294002438207 ns
        ON_TOKENS_RETURNED, offset=294002452045 ns
        ON_TOKENS_CALLED, generate 1 tokens, offset=294042153490 ns
        ON_TOKENS_RETURNED, offset=294042155970 ns
        SESSION_CLOSED, offset=294593676503 ns
[15:32:23.094454382|thread 2634052|cpu 260] [debug] #EVT# HandleDetails::is_anomalous() handle_id=23 time in state STATE_OPENED exceeded threshold: 289367076789 ns
[15:32:23.094456012|thread 2634052|cpu 260] [debug] #EVT#   Handle,    23, Created, 753659862880727, Last, 753954456546155, Prompted,  8192, Generated,    64, Input TPS, 28.31, Output TPS:  0.00, Callbacks,    64, prompt parsing complete, closed
[15:32:23.094469260|thread 2634052|cpu 260] [info ] #EVT#   Handle 23 history:
        SESSION_OPEN, prompt 8192 tokens, offset=0 ns
        PROMPT_TOKENS_REUSE, offset=289367075094 ns
        ON_START_CALLED, offset=289367076789 ns
        ON_START_RETURNED, offset=289367103234 ns
        ON_TOKENS_CALLED, generate 1 tokens, offset=289367107086 ns
        ON_TOKENS_RETURNED, offset=289367107761 ns
        ON_TOKENS_CALLED, generate 1 tokens, offset=289629304073 ns
        ON_TOKENS_RETURNED, offset=289629306950 ns
        ON_TOKENS_CALLED, generate 1 tokens, offset=289892961211 ns
        ON_TOKENS_RETURNED, offset=289892962566 ns
        ON_TOKENS_CALLED, generate 1 tokens, offset=290155551536 ns
        ON_TOKENS_RETURNED, offset=290155552948 ns
        ON_TOKENS_CALLED, generate 1 tokens, offset=290419049840 ns
        ON_TOKENS_RETURNED, offset=290419052650 ns
        ON_TOKENS_CALLED, generate 1 tokens, offset=290681866352 ns
        ON_TOKENS_RETURNED, offset=290681867436 ns
        ON_TOKENS_CALLED, generate 1 tokens, offset=290945047477 ns
        ON_TOKENS_RETURNED, offset=290945050290 ns
        ON_TOKENS_CALLED, generate 1 tokens, offset=291208894762 ns
        ON_TOKENS_RETURNED, offset=291208896207 ns
        ON_TOKENS_CALLED, generate 1 tokens, offset=291474011391 ns
        ON_TOKENS_RETURNED, offset=291474014591 ns
        ON_TOKENS_CALLED, generate 1 tokens, offset=291740262392 ns
        ON_TOKENS_RETURNED, offset=291740263717 ns
        ON_TOKENS_CALLED, generate 1 tokens, offset=292008025154 ns
        ON_TOKENS_RETURNED, offset=292008026257 ns
        ON_TOKENS_CALLED, generate 1 tokens, offset=292274832185 ns
        ON_TOKENS_RETURNED, offset=292274834518 ns
        ON_TOKENS_CALLED, generate 1 tokens, offset=292528046854 ns
        ON_TOKENS_RETURNED, offset=292528047499 ns
        ON_TOKENS_CALLED, generate 1 tokens, offset=292782968845 ns
        ON_TOKENS_RETURNED, offset=292782969766 ns
        ON_TOKENS_CALLED, generate 1 tokens, offset=292844300343 ns
        ON_TOKENS_RETURNED, offset=292844300910 ns
        ON_TOKENS_CALLED, generate 1 tokens, offset=292904321915 ns
        ON_TOKENS_RETURNED, offset=292904322347 ns
        ON_TOKENS_CALLED, generate 1 tokens, offset=292963788787 ns
        ON_TOKENS_RETURNED, offset=292963790523 ns
        ON_TOKENS_CALLED, generate 1 tokens, offset=293022141356 ns
        ON_TOKENS_RETURNED, offset=293022141932 ns
        ON_TOKENS_CALLED, generate 1 tokens, offset=293080053653 ns
        ON_TOKENS_RETURNED, offset=293080054123 ns
        ON_TOKENS_CALLED, generate 1 tokens, offset=293137266694 ns
        ON_TOKENS_RETURNED, offset=293137267023 ns
        ON_TOKENS_CALLED, generate 1 tokens, offset=293194077714 ns
        ON_TOKENS_RETURNED, offset=293194078146 ns
        ON_TOKENS_CALLED, generate 1 tokens, offset=293250774342 ns
        ON_TOKENS_RETURNED, offset=293250774627 ns
        ON_TOKENS_CALLED, generate 1 tokens, offset=293307070284 ns
        ON_TOKENS_RETURNED, offset=293307070913 ns
        ON_TOKENS_CALLED, generate 1 tokens, offset=293362963318 ns
        ON_TOKENS_RETURNED, offset=293362963539 ns
        ON_TOKENS_CALLED, generate 1 tokens, offset=293411803533 ns
        ON_TOKENS_RETURNED, offset=293411804173 ns
        ON_TOKENS_CALLED, generate 1 tokens, offset=293460454142 ns
        ON_TOKENS_RETURNED, offset=293460454403 ns
        ON_TOKENS_CALLED, generate 1 tokens, offset=293508888657 ns
        ON_TOKENS_RETURNED, offset=293508889015 ns
        ON_TOKENS_CALLED, generate 1 tokens, offset=293557267314 ns
        ON_TOKENS_RETURNED, offset=293557267682 ns
        ON_TOKENS_CALLED, generate 1 tokens, offset=293605422234 ns
        ON_TOKENS_RETURNED, offset=293605423697 ns
        ON_TOKENS_CALLED, generate 1 tokens, offset=293653444530 ns
        ON_TOKENS_RETURNED, offset=293653444961 ns
        ON_TOKENS_CALLED, generate 1 tokens, offset=293701303155 ns
        ON_TOKENS_RETURNED, offset=293701303861 ns
        ON_TOKENS_CALLED, generate 1 tokens, offset=293749150362 ns
        ON_TOKENS_RETURNED, offset=293749151010 ns
        ON_TOKENS_CALLED, generate 1 tokens, offset=293796986096 ns
        ON_TOKENS_RETURNED, offset=293796987196 ns
        ON_TOKENS_CALLED, generate 1 tokens, offset=293844044534 ns
        ON_TOKENS_RETURNED, offset=293844045582 ns
        ON_TOKENS_CALLED, generate 1 tokens, offset=293883835355 ns
        ON_TOKENS_RETURNED, offset=293883835635 ns
        ON_TOKENS_CALLED, generate 1 tokens, offset=293923472945 ns
        ON_TOKENS_RETURNED, offset=293923473464 ns
        ON_TOKENS_CALLED, generate 1 tokens, offset=293962692659 ns
        ON_TOKENS_RETURNED, offset=293962693179 ns
        ON_TOKENS_CALLED, generate 1 tokens, offset=294002432997 ns
        ON_TOKENS_RETURNED, offset=294002433275 ns
        ON_TOKENS_CALLED, generate 1 tokens, offset=294042144486 ns
        ON_TOKENS_RETURNED, offset=294042144847 ns
        ON_TOKENS_CALLED, generate 1 tokens, offset=294076879529 ns
        ON_TOKENS_RETURNED, offset=294076880435 ns
        ON_TOKENS_CALLED, generate 1 tokens, offset=294109097182 ns
        ON_TOKENS_RETURNED, offset=294109098893 ns
        ON_TOKENS_CALLED, generate 1 tokens, offset=294141181451 ns
        ON_TOKENS_RETURNED, offset=294141182246 ns
        ON_TOKENS_CALLED, generate 1 tokens, offset=294168247354 ns
        ON_TOKENS_RETURNED, offset=294168248288 ns
        ON_TOKENS_CALLED, generate 1 tokens, offset=294188024672 ns
        ON_TOKENS_RETURNED, offset=294188025839 ns
        ON_TOKENS_CALLED, generate 1 tokens, offset=294206964228 ns
        ON_TOKENS_RETURNED, offset=294206964752 ns
        ON_TOKENS_CALLED, generate 1 tokens, offset=294225985290 ns
        ON_TOKENS_RETURNED, offset=294225985727 ns
        ON_TOKENS_CALLED, generate 1 tokens, offset=294244806361 ns
        ON_TOKENS_RETURNED, offset=294244806788 ns
        ON_TOKENS_CALLED, generate 1 tokens, offset=294263693776 ns
        ON_TOKENS_RETURNED, offset=294263694058 ns
        ON_TOKENS_CALLED, generate 1 tokens, offset=294282441280 ns
        ON_TOKENS_RETURNED, offset=294282441793 ns
        ON_TOKENS_CALLED, generate 1 tokens, offset=294300967076 ns
        ON_TOKENS_RETURNED, offset=294300967816 ns
        ON_TOKENS_CALLED, generate 1 tokens, offset=294319909221 ns
        ON_TOKENS_RETURNED, offset=294319909655 ns
        ON_TOKENS_CALLED, generate 1 tokens, offset=294333172284 ns
        ON_TOKENS_RETURNED, offset=294333173276 ns
        ON_TOKENS_CALLED, generate 1 tokens, offset=294346195374 ns
        ON_TOKENS_RETURNED, offset=294346195807 ns
        ON_TOKENS_CALLED, generate 1 tokens, offset=294359221231 ns
        ON_TOKENS_RETURNED, offset=294359221872 ns
        ON_TOKENS_CALLED, generate 1 tokens, offset=294372207328 ns
        ON_TOKENS_RETURNED, offset=294372208269 ns
        ON_TOKENS_CALLED, generate 1 tokens, offset=294385194317 ns
        ON_TOKENS_RETURNED, offset=294385194886 ns
        ON_TOKENS_CALLED, generate 1 tokens, offset=294398274888 ns
        ON_TOKENS_RETURNED, offset=294398275433 ns
        ON_TOKENS_CALLED, generate 1 tokens, offset=294411376030 ns
        ON_TOKENS_RETURNED, offset=294411376594 ns
        ON_TOKENS_CALLED, generate 1 tokens, offset=294424481019 ns
        ON_TOKENS_RETURNED, offset=294424481303 ns
        ON_TOKENS_CALLED, generate 1 tokens, offset=294437497278 ns
        ON_TOKENS_RETURNED, offset=294437497571 ns
        ON_TOKENS_CALLED, generate 1 tokens, offset=294450516388 ns
        ON_TOKENS_RETURNED, offset=294450516746 ns
        ON_TOKENS_CALLED, generate 1 tokens, offset=294463587215 ns
        ON_TOKENS_RETURNED, offset=294463587535 ns
        ON_TOKENS_CALLED, generate 1 tokens, offset=294476767686 ns
        ON_TOKENS_RETURNED, offset=294476796901 ns
        ON_TOKENS_CALLED, generate 1 tokens, offset=294489774026 ns
        ON_TOKENS_RETURNED, offset=294489780982 ns
        SESSION_CLOSED, offset=294593665428 ns
[15:32:23.094485284|thread 2634052|cpu 260] [debug] #EVT# HandleDetails::is_anomalous() handle_id=30 time in state STATE_OPENED exceeded threshold: 292782873551 ns
[15:32:23.094487042|thread 2634052|cpu 260] [debug] #EVT#   Handle,    30, Created, 753659862977126, Last, 753954456549495, Prompted,  8192, Generated,    64, Input TPS, 27.98, Output TPS:  0.00, Callbacks,    64, prompt parsing complete, closed
[15:32:23.094500106|thread 2634052|cpu 260] [info ] #EVT#   Handle 30 history:
        SESSION_OPEN, prompt 8192 tokens, offset=0 ns
        PROMPT_TOKENS_REUSE, offset=292782872044 ns
        ON_START_CALLED, offset=292782873551 ns
        ON_START_RETURNED, offset=292782894043 ns
        ON_TOKENS_CALLED, generate 1 tokens, offset=292782898129 ns
        ON_TOKENS_RETURNED, offset=292782899009 ns
        ON_TOKENS_CALLED, generate 1 tokens, offset=292844211835 ns
        ON_TOKENS_RETURNED, offset=292844213334 ns
        ON_TOKENS_CALLED, generate 1 tokens, offset=292904228590 ns
        ON_TOKENS_RETURNED, offset=292904229722 ns
        ON_TOKENS_CALLED, generate 1 tokens, offset=292963690153 ns
        ON_TOKENS_RETURNED, offset=292963691233 ns
        ON_TOKENS_CALLED, generate 1 tokens, offset=293022047481 ns
        ON_TOKENS_RETURNED, offset=293022049538 ns
        ON_TOKENS_CALLED, generate 1 tokens, offset=293079965179 ns
        ON_TOKENS_RETURNED, offset=293079966198 ns
        ON_TOKENS_CALLED, generate 1 tokens, offset=293137173813 ns
        ON_TOKENS_RETURNED, offset=293137175657 ns
        ON_TOKENS_CALLED, generate 1 tokens, offset=293193982118 ns
        ON_TOKENS_RETURNED, offset=293193983385 ns
        ON_TOKENS_CALLED, generate 1 tokens, offset=293250673887 ns
        ON_TOKENS_RETURNED, offset=293250675334 ns
        ON_TOKENS_CALLED, generate 1 tokens, offset=293306972869 ns
        ON_TOKENS_RETURNED, offset=293306974758 ns
        ON_TOKENS_CALLED, generate 1 tokens, offset=293362861927 ns
        ON_TOKENS_RETURNED, offset=293362862981 ns
        ON_TOKENS_CALLED, generate 1 tokens, offset=293411709298 ns
        ON_TOKENS_RETURNED, offset=293411710273 ns
        ON_TOKENS_CALLED, generate 1 tokens, offset=293460350957 ns
        ON_TOKENS_RETURNED, offset=293460351158 ns
        ON_TOKENS_CALLED, generate 1 tokens, offset=293508786358 ns
        ON_TOKENS_RETURNED, offset=293508786806 ns
        ON_TOKENS_CALLED, generate 1 tokens, offset=293557173728 ns
        ON_TOKENS_RETURNED, offset=293557174022 ns
        ON_TOKENS_CALLED, generate 1 tokens, offset=293605326531 ns
        ON_TOKENS_RETURNED, offset=293605328260 ns
        ON_TOKENS_CALLED, generate 1 tokens, offset=293653349602 ns
        ON_TOKENS_RETURNED, offset=293653350571 ns
        ON_TOKENS_CALLED, generate 1 tokens, offset=293701213000 ns
        ON_TOKENS_RETURNED, offset=293701213328 ns
        ON_TOKENS_CALLED, generate 1 tokens, offset=293749055838 ns
        ON_TOKENS_RETURNED, offset=293749056198 ns
        ON_TOKENS_CALLED, generate 1 tokens, offset=293796889054 ns
        ON_TOKENS_RETURNED, offset=293796889959 ns
        ON_TOKENS_CALLED, generate 1 tokens, offset=293843945863 ns
        ON_TOKENS_RETURNED, offset=293843947120 ns
        ON_TOKENS_CALLED, generate 1 tokens, offset=293883739924 ns
        ON_TOKENS_RETURNED, offset=293883740473 ns
        ON_TOKENS_CALLED, generate 1 tokens, offset=293923379939 ns
        ON_TOKENS_RETURNED, offset=293923380579 ns
        ON_TOKENS_CALLED, generate 1 tokens, offset=293962598580 ns
        ON_TOKENS_RETURNED, offset=293962598879 ns
        ON_TOKENS_CALLED, generate 1 tokens, offset=294002329541 ns
        ON_TOKENS_RETURNED, offset=294002329861 ns
        ON_TOKENS_CALLED, generate 1 tokens, offset=294042053255 ns
        ON_TOKENS_RETURNED, offset=294042053538 ns
        ON_TOKENS_CALLED, generate 1 tokens, offset=294076784985 ns
        ON_TOKENS_RETURNED, offset=294076785861 ns
        ON_TOKENS_CALLED, generate 1 tokens, offset=294108994007 ns
        ON_TOKENS_RETURNED, offset=294108994487 ns
        ON_TOKENS_CALLED, generate 1 tokens, offset=294141085148 ns
        ON_TOKENS_RETURNED, offset=294141085991 ns
        ON_TOKENS_CALLED, generate 1 tokens, offset=294168151555 ns
        ON_TOKENS_RETURNED, offset=294168152351 ns
        ON_TOKENS_CALLED, generate 1 tokens, offset=294187927857 ns
        ON_TOKENS_RETURNED, offset=294187929033 ns
        ON_TOKENS_CALLED, generate 1 tokens, offset=294206870106 ns
        ON_TOKENS_RETURNED, offset=294206870506 ns
        ON_TOKENS_CALLED, generate 1 tokens, offset=294225885575 ns
        ON_TOKENS_RETURNED, offset=294225886834 ns
        ON_TOKENS_CALLED, generate 1 tokens, offset=294244716069 ns
        ON_TOKENS_RETURNED, offset=294244716455 ns
        ON_TOKENS_CALLED, generate 1 tokens, offset=294263595371 ns
        ON_TOKENS_RETURNED, offset=294263595769 ns
        ON_TOKENS_CALLED, generate 1 tokens, offset=294282348353 ns
        ON_TOKENS_RETURNED, offset=294282348726 ns
        ON_TOKENS_CALLED, generate 1 tokens, offset=294300872200 ns
        ON_TOKENS_RETURNED, offset=294300872557 ns
        ON_TOKENS_CALLED, generate 1 tokens, offset=294319815338 ns
        ON_TOKENS_RETURNED, offset=294319815736 ns
        ON_TOKENS_CALLED, generate 1 tokens, offset=294333080518 ns
        ON_TOKENS_RETURNED, offset=294333081504 ns
        ON_TOKENS_CALLED, generate 1 tokens, offset=294346097835 ns
        ON_TOKENS_RETURNED, offset=294346098185 ns
        ON_TOKENS_CALLED, generate 1 tokens, offset=294359122300 ns
        ON_TOKENS_RETURNED, offset=294359122686 ns
        ON_TOKENS_CALLED, generate 1 tokens, offset=294372116969 ns
        ON_TOKENS_RETURNED, offset=294372117497 ns
        ON_TOKENS_CALLED, generate 1 tokens, offset=294385099558 ns
        ON_TOKENS_RETURNED, offset=294385099958 ns
        ON_TOKENS_CALLED, generate 1 tokens, offset=294398179719 ns
        ON_TOKENS_RETURNED, offset=294398180274 ns
        ON_TOKENS_CALLED, generate 1 tokens, offset=294411280442 ns
        ON_TOKENS_RETURNED, offset=294411280864 ns
        ON_TOKENS_CALLED, generate 1 tokens, offset=294424389056 ns
        ON_TOKENS_RETURNED, offset=294424389453 ns
        ON_TOKENS_CALLED, generate 1 tokens, offset=294437402013 ns
        ON_TOKENS_RETURNED, offset=294437402279 ns
        ON_TOKENS_CALLED, generate 1 tokens, offset=294450422027 ns
        ON_TOKENS_RETURNED, offset=294450422726 ns
        ON_TOKENS_CALLED, generate 1 tokens, offset=294463492456 ns
        ON_TOKENS_RETURNED, offset=294463492714 ns
        ON_TOKENS_CALLED, generate 1 tokens, offset=294476673213 ns
        ON_TOKENS_RETURNED, offset=294476673605 ns
        ON_TOKENS_CALLED, generate 1 tokens, offset=294489680022 ns
        ON_TOKENS_RETURNED, offset=294489680754 ns
        ON_TOKENS_CALLED, generate 1 tokens, offset=294497851463 ns
        ON_TOKENS_RETURNED, offset=294497852647 ns
        ON_TOKENS_CALLED, generate 1 tokens, offset=294506034205 ns
        ON_TOKENS_RETURNED, offset=294506034595 ns
        ON_TOKENS_CALLED, generate 1 tokens, offset=294514087530 ns
        ON_TOKENS_RETURNED, offset=294514087827 ns
        ON_TOKENS_CALLED, generate 1 tokens, offset=294522093797 ns
        ON_TOKENS_RETURNED, offset=294522094034 ns
        ON_TOKENS_CALLED, generate 1 tokens, offset=294530031518 ns
        ON_TOKENS_RETURNED, offset=294530031772 ns
        ON_TOKENS_CALLED, generate 1 tokens, offset=294538006104 ns
        ON_TOKENS_RETURNED, offset=294538029998 ns
        ON_TOKENS_CALLED, generate 1 tokens, offset=294545993504 ns
        ON_TOKENS_RETURNED, offset=294545993969 ns
        ON_TOKENS_CALLED, generate 1 tokens, offset=294553964051 ns
        ON_TOKENS_RETURNED, offset=294553964331 ns
        ON_TOKENS_CALLED, generate 1 tokens, offset=294561879093 ns
        ON_TOKENS_RETURNED, offset=294561879573 ns
        ON_TOKENS_CALLED, generate 1 tokens, offset=294569797013 ns
        ON_TOKENS_RETURNED, offset=294569797554 ns
        ON_TOKENS_CALLED, generate 1 tokens, offset=294577731100 ns
        ON_TOKENS_RETURNED, offset=294577731377 ns
        ON_TOKENS_CALLED, generate 1 tokens, offset=294585623931 ns
        ON_TOKENS_RETURNED, offset=294585644458 ns
        ON_TOKENS_CALLED, generate 1 tokens, offset=294593515389 ns
        ON_TOKENS_RETURNED, offset=294593520977 ns
        SESSION_CLOSED, offset=294593572369 ns
[15:32:23.094521394|thread 2617483|cpu 260] [info ] KV cache footprint: 39.55 GB in 180 books
[15:32:23.117017296|thread 2617483|cpu 260] [info ] KV cache footprint: 38.45 GB in 175 books
[15:32:23.139433426|thread 2617483|cpu 260] [info ] KV cache footprint: 37.35 GB in 170 books
[15:32:23.161824870|thread 2617483|cpu 260] [info ] KV cache footprint: 36.25 GB in 165 books
[15:32:23.184018539|thread 2617483|cpu 260] [info ] KV cache footprint: 35.16 GB in 160 books
[15:32:23.206285305|thread 2617483|cpu 260] [info ] KV cache footprint: 34.06 GB in 155 books
[15:32:23.231199107|thread 2617483|cpu 260] [info ] KV cache footprint: 32.96 GB in 150 books
[15:32:23.252900964|thread 2617483|cpu 260] [info ] KV cache footprint: 31.86 GB in 145 books
[15:32:23.273808052|thread 2617483|cpu 260] [info ] KV cache footprint: 30.76 GB in 140 books
[15:32:23.294716667|thread 2617483|cpu 260] [info ] KV cache footprint: 29.66 GB in 135 books
[15:32:23.374858306|thread 2617483|cpu 260] [info ] KV cache footprint: 28.56 GB in 130 books
[15:32:23.399726851|thread 2617483|cpu 260] [info ] KV cache footprint: 27.47 GB in 125 books
[15:32:23.420845263|thread 2617483|cpu 260] [info ] KV cache footprint: 26.37 GB in 120 books
[15:32:23.441301998|thread 2617483|cpu 260] [info ] KV cache footprint: 25.27 GB in 115 books
[15:32:23.461858914|thread 2617483|cpu 260] [info ] KV cache footprint: 24.17 GB in 110 books
[15:32:23.483218428|thread 2617483|cpu 260] [info ] KV cache footprint: 23.07 GB in 105 books
[15:32:23.503922251|thread 2617483|cpu 260] [info ] KV cache footprint: 21.97 GB in 100 books
[15:32:23.524924849|thread 2617483|cpu 260] [info ] KV cache footprint: 20.87 GB in 95 books
[15:32:23.549109257|thread 2617483|cpu 260] [info ] KV cache footprint: 19.78 GB in 90 books
[15:32:23.570075639|thread 2617483|cpu 260] [info ] KV cache footprint: 18.68 GB in 85 books
[15:32:23.591150623|thread 2617483|cpu 260] [info ] KV cache footprint: 17.58 GB in 80 books
[15:32:23.611712212|thread 2617483|cpu 260] [info ] KV cache footprint: 16.48 GB in 75 books
[15:32:23.631766456|thread 2617483|cpu 260] [info ] KV cache footprint: 15.38 GB in 70 books
[15:32:23.716474547|thread 2617483|cpu 260] [info ] KV cache footprint: 14.28 GB in 65 books
[15:32:23.738427330|thread 2617483|cpu 260] [info ] KV cache footprint: 13.18 GB in 60 books
[15:32:23.759637511|thread 2617483|cpu 260] [info ] KV cache footprint: 12.08 GB in 55 books
[15:32:23.780348405|thread 2617483|cpu 260] [info ] KV cache footprint: 10.99 GB in 50 books
[15:32:23.801271415|thread 2617483|cpu 260] [info ] KV cache footprint: 9.89 GB in 45 books
[15:32:23.821429653|thread 2617483|cpu 260] [info ] KV cache footprint: 8.79 GB in 40 books
[15:32:23.905467685|thread 2617483|cpu 260] [info ] KV cache footprint: 7.69 GB in 35 books
[15:32:23.926628475|thread 2617483|cpu 260] [info ] KV cache footprint: 6.59 GB in 30 books
[15:32:23.947157830|thread 2617483|cpu 260] [info ] KV cache footprint: 5.49 GB in 25 books
[15:32:23.966998000|thread 2617483|cpu 260] [info ] KV cache footprint: 4.39 GB in 20 books
[15:32:23.987086659|thread 2617483|cpu 260] [info ] KV cache footprint: 3.30 GB in 15 books
[15:32:24.005770413|thread 2617483|cpu 260] [info ] KV cache footprint: 2.20 GB in 10 books
[15:32:24.027404208|thread 2617483|cpu 260] [info ] KV cache footprint: 1.10 GB in 5 books
[15:32:24.044810757|thread 2617483|cpu 260] [info ] KV cache footprint: 0.00 GB in 0 books
[15:32:24.049447694|thread 2617483|cpu 260] [info ] Detected 3507938 memory allocations
[15:32:24.072823150|thread 2617483|cpu 260] [info ] Worker speeds: [0.03693957, 0.038845588, 0.038176693, 0.038818736, 0.03718118, 0.038504563, 0.03725927, 0.037243143, 0.03739144, 0.036996264, 0.03910145, 0.036924675, 0.035969764, 0.035689812, 0.036191635, 0.036266815, 0.036670912, 0.03634729, 0.036833655, 0.036135867, 0.03641984, 0.036545545, 0.036105517, 0.036780298, 0.03674089, 0.03770419, 0.036215357]
fusermount3: /home/jhan/workspace/tron-amx/stats/instance-0 not mounted
