window,start_ts,span_us,work_cov_us,wait_cov_us,idle_us,biggest_gap_us,gap_at_off_us,gap_before,gap_after,last_dataready_off_us,fill_end_off_us,listener_start_off_us,wcls_last_dr_off_us,dispatch_first_dr_off_us
0,137717438590913,1620.2,670.2,883.8,66.2,18.1,512.2,Launch hardware matmul job@24/?-work_queue,rx collecting results@147/0-RX-10,1617.1,1494.8,928.9,909.8,1604.2
1,137717444163673,1061.2,498.6,470.9,91.6,63.8,491.5,kernel_add_rmsnorm_71@25/0-worker,prepare streams@25/0-worker,1058.4,966.1,556.9,564.1,1044.5
2,137717449111946,1110.6,500.1,527.3,83.3,56.0,447.1,kernel_add_rmsnorm_71@25/0-worker,prepare streams@25/0-worker,1108.0,1016.7,505.2,509.9,1094.6
3,137717454208002,1124.2,822.4,219.6,82.1,56.9,509.8,kernel_add_rmsnorm_71@25/0-worker,prepare streams@25/0-worker,1121.8,1031.8,568.2,583.9,1108.8
4,137717459308433,948.7,570.7,295.7,82.3,55.5,526.6,kernel_add_rmsnorm_71@25/0-worker,prepare streams@25/0-worker,945.4,847.9,585.0,595.8,924.7
5,137717464257255,1015.8,509.6,416.0,90.3,64.2,461.0,kernel_add_rmsnorm_71@25/0-worker,prepare streams@25/0-worker,1013.4,913.7,526.9,530.9,989.2
6,137717469268367,858.6,122.8,699.6,36.2,12.9,811.0,assemble attention plan@24/?-work_queue,Prepare hardware matmul job@24/?-work_queue,855.6,756.0,96.1,100.4,841.6
7,137717474089742,1090.4,485.8,528.6,76.0,50.4,429.6,kernel_add_rmsnorm_71@25/0-worker,prepare streams@25/0-worker,1088.5,988.9,481.4,487.8,1075.8
8,137717479183630,1133.1,812.0,231.6,89.5,59.6,713.6,kernel_add_rmsnorm_71@25/0-worker,prepare streams@25/0-worker,1130.3,1036.9,775.1,831.6,1117.1
9,137717484348145,414.6,117.6,271.3,25.8,11.4,378.8,assemble attention plan@24/?-work_queue,Prepare hardware matmul job@24/?-work_queue,412.4,326.6,86.8,90.1,399.7
10,137717488699172,1366.1,519.6,724.0,122.4,50.3,1038.4,notify_listener@25/0-worker,work_queue::do_work get_work@24/?-work_queue,1363.8,1038.4,347.0,354.1,1349.8
11,137717494117781,1127.2,505.9,501.7,119.6,56.1,526.2,kernel_add_rmsnorm_71@25/0-worker,prepare streams@25/0-worker,1124.6,1034.3,595.4,607.1,1110.9
12,137717499228298,1869.1,677.0,932.2,259.9,76.8,1459.5,notify_listener@25/0-worker,work_queue::do_work get_work@24/?-work_queue,1867.2,1459.5,739.1,814.8,1812.1
13,137717505100717,1105.9,511.0,509.3,85.6,59.0,542.0,kernel_add_rmsnorm_71@25/0-worker,prepare streams@25/0-worker,1103.4,1003.8,602.5,609.4,1090.2
14,137717510188324,2129.7,753.3,839.1,537.3,381.4,1313.8,notify_listener@25/0-worker,work_queue::do_work get_work@24/?-work_queue,2126.9,1313.8,512.7,516.6,2113.4
15,137717516345771,1731.3,625.1,993.2,113.0,49.2,1446.2,notify_listener@25/0-worker,work_queue::do_work get_work@24/?-work_queue,1729.2,1446.2,670.2,684.5,1715.6
16,137717522032920,1160.0,493.1,588.9,78.0,51.4,441.9,kernel_add_rmsnorm_71@25/0-worker,prepare streams@25/0-worker,1157.2,1066.5,507.7,522.1,1143.8
17,137717527185913,2004.5,974.1,770.4,259.9,91.4,1888.9,assemble attention plan@24/?-work_queue,Prepare hardware matmul job@24/?-work_queue,2002.1,1562.4,823.9,840.5,1990.2
18,137717533231862,994.3,480.7,428.7,84.9,57.0,431.6,rx collecting results@150/0-RX-3b,prepare streams@25/0-worker,992.3,901.0,489.8,497.1,979.0
19,137717538250307,979.2,527.8,361.8,89.6,65.0,491.3,kernel_add_rmsnorm_71@25/0-worker,prepare streams@25/0-worker,977.2,888.1,558.1,561.9,962.7
20,137717543250135,448.9,129.2,294.5,25.2,11.5,404.4,assemble attention plan@24/?-work_queue,Prepare hardware matmul job@24/?-work_queue,446.3,350.5,101.8,105.5,425.3
21,137717547688295,1471.3,509.7,752.1,209.6,88.1,1347.7,assemble attention plan@24/?-work_queue,Prepare hardware matmul job@24/?-work_queue,1469.0,1068.5,368.2,374.9,1455.3
22,137717553214510,1007.9,451.3,458.2,98.4,60.8,412.5,kernel_add_rmsnorm_71@25/0-worker,prepare streams@25/0-worker,1006.4,907.2,475.1,491.5,993.3
23,137717558209643,1050.4,497.8,466.6,86.0,55.0,459.8,kernel_add_rmsnorm_71@25/0-worker,prepare streams@25/0-worker,1047.8,944.4,516.8,525.9,1034.0
24,137717563299033,924.6,544.3,290.4,89.9,62.1,440.7,kernel_add_rmsnorm_71@25/0-worker,prepare streams@25/0-worker,922.2,833.2,504.5,584.8,908.4
25,137717568216977,994.0,488.8,418.5,86.7,59.2,459.9,kernel_add_rmsnorm_71@25/0-worker,prepare streams@25/0-worker,992.5,900.3,520.9,526.9,978.5
26,137717573271545,433.7,123.0,283.3,27.5,14.3,394.0,assemble attention plan@24/?-work_queue,Prepare hardware matmul job@24/?-work_queue,431.3,340.1,115.4,120.5,418.1
27,137717577676665,1381.5,547.9,728.4,105.3,62.9,1045.3,notify_listener@25/0-worker,work_queue::do_work get_work@24/?-work_queue,1379.3,1045.3,367.2,376.8,1365.8
28,137717583097230,1096.1,542.0,475.6,78.5,53.5,488.5,kernel_add_rmsnorm_71@25/0-worker,prepare streams@25/0-worker,1093.2,994.0,543.3,547.2,1069.7
29,137717588184540,1024.1,487.2,451.9,85.0,58.7,451.9,kernel_add_rmsnorm_71@25/0-worker,prepare streams@25/0-worker,1022.1,924.9,512.4,521.0,1002.6
30,137717593279804,1007.2,546.0,370.5,90.7,55.0,492.0,kernel_add_rmsnorm_71@25/0-worker,prepare streams@25/0-worker,1004.9,907.5,560.1,570.0,982.6
31,137717598262497,1023.7,519.4,421.9,82.4,53.8,471.6,kernel_add_rmsnorm_71@25/0-worker,prepare streams@25/0-worker,1022.1,917.6,527.0,532.3,1008.1
32,137717603246056,1018.0,474.3,457.0,86.7,62.7,423.3,rx collecting results@149/0-RX-38,prepare streams@25/0-worker,1015.6,918.9,487.8,500.1,1000.9
33,137717608236818,1025.7,501.3,440.1,84.3,56.1,587.1,kernel_add_rmsnorm_71@25/0-worker,prepare streams@25/0-worker,1023.1,918.9,644.7,663.6,1008.7
34,137717613246227,1880.4,677.8,771.7,430.9,260.2,431.1,kernel_add_rmsnorm_71@25/0-worker,prepare streams@25/0-worker,1877.6,1441.8,693.1,697.7,1864.4
35,137717619083742,1129.2,602.1,447.1,79.9,55.0,607.9,kernel_add_rmsnorm_71@25/0-worker,prepare streams@25/0-worker,1126.5,1034.3,664.5,672.7,1112.0
36,137717624237395,1071.2,646.8,342.7,81.7,57.5,594.2,kernel_add_rmsnorm_71@25/0-worker,prepare streams@25/0-worker,1069.4,975.8,653.1,657.1,1055.8
37,137717629285175,1002.3,561.6,345.9,94.8,66.0,521.9,kernel_add_rmsnorm_71@25/0-worker,prepare streams@25/0-worker,1000.3,908.7,589.7,594.4,987.0
38,137717634299675,950.3,566.7,303.8,79.8,53.1,511.7,kernel_add_rmsnorm_71@25/0-worker,prepare streams@25/0-worker,947.7,853.2,577.4,583.5,926.1
39,137717639201341,1050.8,548.2,407.6,95.0,63.0,454.0,rx collecting results@148/0-RX-13,prepare streams@25/0-worker,1048.3,945.3,519.1,535.4,1024.2
40,137717644201149,1340.6,699.2,402.1,239.3,84.0,1223.3,assemble attention plan@24/?-work_queue,Prepare hardware matmul job@24/?-work_queue,1338.1,879.2,510.7,516.4,1325.0
41,137717649513561,697.2,116.8,543.9,36.5,11.7,660.0,assemble attention plan@24/?-work_queue,Prepare hardware matmul job@24/?-work_queue,695.0,595.5,81.8,86.6,681.2
42,137717654196078,1011.4,466.9,454.9,89.7,60.0,422.0,kernel_add_rmsnorm_71@25/0-worker,prepare streams@25/0-worker,1009.6,919.1,483.5,495.1,996.7
43,137717659193406,1695.1,707.6,716.5,271.0,97.7,1570.9,assemble attention plan@24/?-work_queue,Prepare hardware matmul job@24/?-work_queue,1692.7,1200.3,516.9,540.4,1678.6
44,137717664878376,1194.0,322.6,770.3,101.1,50.5,925.5,notify_listener@25/0-worker,work_queue::do_work get_work@24/?-work_queue,1192.4,925.5,219.7,223.6,1177.8
45,137717670079401,1215.6,727.6,406.1,81.9,50.5,692.5,kernel_add_rmsnorm_71@25/0-worker,prepare streams@25/0-worker,1213.5,1115.7,744.4,748.8,1193.9
46,137717675246308,828.5,486.0,254.0,88.5,61.5,436.8,kernel_add_rmsnorm_71@25/0-worker,prepare streams@25/0-worker,826.0,725.8,499.5,502.4,803.9
47,137717680086733,1764.3,672.8,775.8,315.7,173.0,1564.9,assemble attention plan@24/?-work_queue,Prepare hardware matmul job@24/?-work_queue,1762.5,1233.0,499.7,520.0,1747.2
48,137717685851868,1230.5,269.3,860.7,100.5,49.5,1005.9,notify_listener@25/0-worker,work_queue::do_work get_work@24/?-work_queue,1228.6,1005.9,199.5,274.9,1215.1
49,137717691063108,1766.0,719.7,798.2,248.1,95.3,1645.6,assemble attention plan@24/?-work_queue,Prepare hardware matmul job@24/?-work_queue,1764.1,1320.9,563.0,600.5,1750.6
50,137717696830605,1232.7,384.3,740.2,108.2,52.6,920.2,notify_listener@25/0-worker,work_queue::do_work get_work@24/?-work_queue,1230.4,920.2,217.9,224.0,1216.9
51,137717702053910,1096.3,525.7,481.5,89.0,55.3,635.8,kernel_add_rmsnorm_71@25/0-worker,prepare streams@25/0-worker,1094.0,999.7,692.4,701.2,1080.0
52,137717707200527,1858.9,1017.8,714.0,127.0,53.2,1511.9,notify_listener@25/0-worker,work_queue::do_work get_work@24/?-work_queue,1857.0,1511.9,813.6,830.3,1843.1
53,137717713004094,1238.1,741.0,368.5,128.6,60.6,752.4,kernel_add_rmsnorm_71@25/0-worker,prepare streams@25/0-worker,1235.7,1134.0,814.6,821.1,1214.7
54,137717718305011,922.0,476.1,362.4,83.5,57.0,422.8,kernel_add_rmsnorm_71@25/0-worker,prepare streams@25/0-worker,920.3,821.9,481.2,493.2,905.4
55,137717723210170,442.9,124.2,292.5,26.2,13.1,404.8,assemble attention plan@24/?-work_queue,Prepare hardware matmul job@24/?-work_queue,440.5,342.4,97.5,104.8,427.3
56,137717727670419,1408.0,456.4,833.8,117.8,77.3,1151.9,notify_listener@25/0-worker,work_queue::do_work get_work@24/?-work_queue,1406.5,1151.9,366.0,370.3,1392.6
57,137717733123078,1076.4,490.7,500.7,85.0,55.8,513.7,kernel_add_rmsnorm_71@25/0-worker,prepare streams@25/0-worker,1074.9,982.2,570.7,586.3,1060.2
58,137717738169568,1065.7,475.8,498.1,91.8,58.6,437.3,kernel_add_rmsnorm_71@25/0-worker,prepare streams@25/0-worker,1064.2,966.4,497.3,501.2,1050.3
59,137717743259188,1217.1,323.1,696.6,197.4,95.3,1095.0,assemble attention plan@24/?-work_queue,Prepare hardware matmul job@24/?-work_queue,1214.9,751.6,86.3,91.3,1200.2
60,137717748481200,1581.3,610.1,752.0,219.2,78.1,1178.4,notify_listener@25/0-worker,work_queue::do_work get_work@24/?-work_queue,1579.6,1178.4,509.8,516.2,1565.9
61,137717754080352,1121.8,553.9,485.4,82.5,55.1,524.5,kernel_add_rmsnorm_71@25/0-worker,prepare streams@25/0-worker,1119.0,1029.1,581.1,588.3,1104.7
62,137717759253123,1581.9,764.0,568.5,249.4,90.5,1458.6,assemble attention plan@24/?-work_queue,Prepare hardware matmul job@24/?-work_queue,1580.4,1125.5,609.3,612.4,1557.8
63,137717764842470,445.2,117.8,298.8,28.6,13.0,392.9,assemble attention plan@24/?-work_queue,Prepare hardware matmul job@24/?-work_queue,440.7,340.2,77.3,87.0,424.1
64,137717769273316,959.6,483.2,393.3,83.2,54.1,444.2,kernel_add_rmsnorm_71@25/0-worker,prepare streams@25/0-worker,957.2,860.3,500.7,510.4,944.6
65,137717774233755,1685.5,719.8,743.1,222.7,81.9,1577.0,assemble attention plan@24/?-work_queue,Prepare hardware matmul job@24/?-work_queue,1682.8,1196.7,494.9,501.4,1668.2
66,137717779944892,522.3,149.0,340.7,32.6,12.8,484.7,assemble attention plan@24/?-work_queue,Prepare hardware matmul job@24/?-work_queue,519.5,426.9,123.3,138.7,506.9
67,137717784450377,817.9,475.4,260.4,82.2,57.5,419.6,kernel_add_rmsnorm_71@25/0-worker,prepare streams@25/0-worker,816.3,725.3,479.0,490.5,801.4
68,137717789264372,975.7,577.4,316.8,81.5,52.0,542.7,kernel_add_rmsnorm_71@25/0-worker,prepare streams@25/0-worker,973.4,882.1,595.8,599.9,960.0
69,137717794274903,969.6,551.0,341.6,76.9,44.2,514.2,rx collecting results@148/0-RX-13,prepare streams@25/0-worker,967.4,877.5,564.3,573.7,953.2
70,137717799281722,1012.6,563.2,356.3,93.0,60.8,523.0,rx collecting results@147/0-RX-10,prepare streams@25/0-worker,1010.9,914.0,586.0,605.4,988.4
71,137717804365085,1870.1,661.1,482.4,726.5,561.4,951.3,notify_listener@25/0-worker,work_queue::do_work get_work@24/?-work_queue,1867.9,951.3,579.7,583.6,1844.6
72,137717810229106,1095.0,532.3,469.7,93.0,56.7,503.2,kernel_add_rmsnorm_71@25/0-worker,prepare streams@25/0-worker,1092.2,990.5,562.2,583.0,1077.0
73,137717815360889,892.2,483.3,330.0,78.9,51.8,452.2,kernel_add_rmsnorm_71@25/0-worker,prepare streams@25/0-worker,889.8,793.3,505.2,515.0,875.6
74,137717820237042,1760.5,687.9,729.6,343.0,188.8,1545.5,assemble attention plan@24/?-work_queue,Prepare hardware matmul job@24/?-work_queue,1758.3,1209.3,503.2,576.7,1743.6
75,137717826113555,1148.0,662.3,396.5,89.1,63.4,648.8,kernel_add_rmsnorm_71@25/0-worker,prepare streams@25/0-worker,1146.1,1054.8,713.7,724.8,1132.0
76,137717831254981,1807.3,881.2,759.2,166.8,84.2,1479.6,notify_listener@25/0-worker,work_queue::do_work get_work@24/?-work_queue,1805.7,1479.6,757.6,770.0,1792.7
77,137717837107406,1089.1,552.8,453.0,83.4,56.2,516.8,kernel_add_rmsnorm_71@25/0-worker,prepare streams@25/0-worker,1087.4,998.2,574.2,577.5,1073.6
78,137717842175972,1097.7,575.9,433.3,88.6,56.5,539.7,kernel_add_rmsnorm_71@25/0-worker,prepare streams@25/0-worker,1095.5,998.0,598.8,603.1,1074.9
79,137717847290067,1661.8,668.4,778.5,214.9,82.4,1545.7,assemble attention plan@24/?-work_queue,Prepare hardware matmul job@24/?-work_queue,1659.6,1248.7,504.4,510.4,1645.1
80,137717852974189,451.7,150.5,273.1,28.1,11.5,414.2,assemble attention plan@24/?-work_queue,Prepare hardware matmul job@24/?-work_queue,449.3,348.8,118.5,122.6,435.5
81,137717857448800,1611.6,626.2,827.7,157.7,62.5,428.6,kernel_add_rmsnorm_71@25/0-worker,prepare streams@25/0-worker,1609.2,1279.0,492.8,510.6,1594.7
82,137717863104251,852.0,496.4,269.7,85.9,56.5,456.6,kernel_add_rmsnorm_71@25/0-worker,prepare streams@25/0-worker,850.2,759.8,515.3,522.0,836.8
83,137717867917479,1647.9,671.7,737.8,238.3,97.1,1525.5,assemble attention plan@24/?-work_queue,Prepare hardware matmul job@24/?-work_queue,1645.9,1211.9,510.3,526.8,1632.4
84,137717873575415,1545.0,505.8,765.9,273.3,253.6,1203.1,notify_listener@25/0-worker,work_queue::do_work get_work@24/?-work_queue,1542.7,1203.1,471.2,475.0,1529.6
85,137717879125502,1107.8,679.8,333.2,94.8,65.3,641.3,kernel_add_rmsnorm_71@25/0-worker,prepare streams@25/0-worker,1105.7,1016.5,707.9,714.1,1092.5
86,137717884243917,1801.4,868.8,748.0,184.6,82.2,1398.1,notify_listener@25/0-worker,work_queue::do_work get_work@24/?-work_queue,1799.6,1398.1,683.9,689.8,1786.7
87,137717890124697,1094.6,586.3,427.6,80.6,53.4,553.9,kernel_add_rmsnorm_71@25/0-worker,prepare streams@25/0-worker,1092.5,996.7,608.7,612.2,1071.8
88,137717895212639,1735.5,757.2,716.2,262.0,92.3,1607.6,assemble attention plan@24/?-work_queue,Prepare hardware matmul job@24/?-work_queue,1733.0,1275.8,565.0,678.9,1717.5
89,137717901087444,1908.4,670.7,924.9,312.8,183.3,1698.9,assemble attention plan@24/?-work_queue,Prepare hardware matmul job@24/?-work_queue,1906.1,1397.0,608.2,616.1,1891.7
90,137717907021639,1148.2,485.4,572.6,90.2,56.7,427.9,kernel_add_rmsnorm_71@25/0-worker,prepare streams@25/0-worker,1145.5,1038.5,485.9,498.0,1132.2
91,137717912182649,1854.6,669.4,956.7,228.5,91.9,1737.0,assemble attention plan@24/?-work_queue,Prepare hardware matmul job@24/?-work_queue,1852.3,1427.4,503.4,518.1,1838.2
92,137717918058295,1120.7,485.6,553.2,82.0,50.1,451.8,kernel_add_rmsnorm_71@25/0-worker,prepare streams@25/0-worker,1118.9,1025.2,503.4,506.7,1104.9
93,137717923162756,1422.7,774.8,405.4,242.6,85.9,1312.3,assemble attention plan@24/?-work_queue,Prepare hardware matmul job@24/?-work_queue,1420.5,974.5,645.4,649.4,1407.7
94,137717928646493,1423.7,542.3,749.9,131.6,88.3,1087.3,notify_listener@25/0-worker,work_queue::do_work get_work@24/?-work_queue,1421.8,1087.3,395.5,402.3,1400.7
95,137717934081693,1095.9,468.6,546.7,80.6,54.2,474.2,kernel_add_rmsnorm_71@25/0-worker,prepare streams@25/0-worker,1093.6,996.8,529.5,538.9,1071.6
96,137717939186807,1647.6,670.8,735.2,241.6,84.1,1527.3,assemble attention plan@24/?-work_queue,Prepare hardware matmul job@24/?-work_queue,1644.8,1211.5,503.7,509.7,1620.9
97,137717944839159,1241.2,305.3,824.3,111.5,63.5,990.2,notify_listener@25/0-worker,work_queue::do_work get_work@24/?-work_queue,1239.4,990.2,203.3,212.2,1225.3
98,137717950120461,1734.4,737.5,761.3,235.6,80.8,1627.7,assemble attention plan@24/?-work_queue,Prepare hardware matmul job@24/?-work_queue,1731.1,1238.1,525.0,531.7,1717.8
99,137717955894098,1166.4,318.2,754.8,93.4,51.3,870.5,notify_listener@25/0-worker,work_queue::do_work get_work@24/?-work_queue,1163.9,870.5,153.5,156.8,1150.7
100,137717961123598,1140.2,507.8,549.1,83.3,53.6,576.0,kernel_add_rmsnorm_71@25/0-worker,prepare streams@25/0-worker,1138.3,1031.0,634.6,642.7,1124.0
101,137717966262879,952.4,479.0,377.1,96.3,69.6,419.2,kernel_add_rmsnorm_71@25/0-worker,prepare streams@25/0-worker,952.7,857.7,501.2,509.9,935.6
102,137717971202521,1021.2,563.8,366.9,90.5,58.8,525.7,kernel_add_rmsnorm_71@25/0-worker,prepare streams@25/0-worker,1018.7,926.5,586.3,590.6,1005.4
103,137717976227127,1037.0,525.7,427.2,84.1,54.0,524.8,kernel_add_rmsnorm_71@25/0-worker,prepare streams@25/0-worker,1035.5,947.1,580.7,589.0,1022.1
104,137717981284758,969.7,501.7,344.4,123.7,57.7,526.2,kernel_add_rmsnorm_71@25/0-worker,prepare streams@25/0-worker,967.8,863.6,586.1,641.3,945.8
105,137717986230965,991.0,490.8,413.9,86.3,60.8,440.0,kernel_add_rmsnorm_71@25/0-worker,prepare streams@25/0-worker,989.0,889.6,502.6,509.0,974.4
106,137717991174656,1034.2,493.7,448.1,92.5,57.5,448.9,kernel_add_rmsnorm_71@25/0-worker,prepare streams@25/0-worker,1032.2,925.3,507.8,516.6,1018.0
107,137717996214874,496.1,123.0,346.6,26.4,11.7,459.3,assemble attention plan@24/?-work_queue,Prepare hardware matmul job@24/?-work_queue,494.0,393.9,86.2,90.5,480.5
108,137718000682833,541.2,126.7,381.4,33.1,13.3,502.2,assemble attention plan@24/?-work_queue,Prepare hardware matmul job@24/?-work_queue,539.4,446.5,113.1,123.5,525.3
109,137718005195506,902.0,126.1,732.9,42.9,22.5,796.8,notify_listener@25/0-worker,work_queue::do_work get_work@24/?-work_queue,899.7,796.8,93.7,98.0,886.6
110,137718010098293,1084.2,445.8,558.2,80.3,52.2,449.3,kernel_add_rmsnorm_71@25/0-worker,prepare streams@25/0-worker,1082.4,991.9,502.7,517.7,1068.8
111,137718015192205,1899.4,910.8,794.7,194.0,91.8,1695.9,notify_listener@25/0-worker,work_queue::do_work get_work@24/?-work_queue,1897.9,1695.9,937.2,950.8,1884.7
112,137718021036638,1196.9,482.9,517.3,196.8,106.5,45.3,kernel_add_rmsnorm_70@25/0-worker,Prepare hardware matmul job@24/?-work_queue,1194.8,1095.2,629.5,692.9,1171.6
113,137718026275951,953.4,483.0,389.7,80.7,51.0,454.1,rx collecting results@147/0-RX-10,prepare streams@25/0-worker,951.5,850.5,506.4,518.6,938.0
114,137718031269259,857.5,501.1,273.0,83.4,55.0,451.1,kernel_add_rmsnorm_71@25/0-worker,prepare streams@25/0-worker,855.4,751.6,507.8,515.4,841.6
115,137718036104382,1720.3,751.2,726.9,242.3,86.5,1608.1,assemble attention plan@24/?-work_queue,Prepare hardware matmul job@24/?-work_queue,1718.0,1264.6,549.9,616.3,1703.8
116,137718041919337,1146.0,268.3,785.7,92.1,49.0,887.7,notify_listener@25/0-worker,work_queue::do_work get_work@24/?-work_queue,1144.1,887.7,139.7,146.3,1130.4
117,137718047099389,480.5,116.2,337.7,26.6,11.2,442.0,assemble attention plan@24/?-work_queue,Prepare hardware matmul job@24/?-work_queue,477.7,386.6,84.3,89.4,462.4
118,137718051635795,719.0,439.0,248.3,31.8,12.8,682.0,assemble attention plan@24/?-work_queue,Prepare hardware matmul job@24/?-work_queue,717.3,627.8,409.6,417.1,704.3
119,137718056349725,486.5,118.9,338.4,29.2,12.9,450.2,assemble attention plan@24/?-work_queue,Prepare hardware matmul job@24/?-work_queue,485.0,394.5,83.2,91.1,472.0
120,137718060847251,608.4,227.9,344.4,36.0,12.9,563.8,assemble attention plan@24/?-work_queue,Prepare hardware matmul job@24/?-work_queue,606.2,503.7,197.5,204.1,586.3
121,137718065433419,869.3,490.4,300.8,78.1,51.9,456.1,kernel_add_rmsnorm_71@25/0-worker,prepare streams@25/0-worker,867.6,768.9,509.3,518.9,845.4
122,137718070357175,1695.4,682.4,712.9,300.1,123.0,1547.9,assemble attention plan@24/?-work_queue,Prepare hardware matmul job@24/?-work_queue,1693.7,1182.9,496.4,501.1,1680.3
123,137718076080394,1133.3,474.3,563.5,95.5,61.0,431.5,kernel_add_rmsnorm_71@25/0-worker,prepare streams@25/0-worker,1131.5,1028.0,493.8,496.8,1117.1
124,137718081195443,1032.2,494.4,462.6,75.2,44.2,509.5,rx collecting results@148/0-RX-13,prepare streams@25/0-worker,1030.3,929.3,555.7,563.6,1017.4
125,137718086219623,1775.5,797.6,724.6,253.4,93.8,1656.1,assemble attention plan@24/?-work_queue,Prepare hardware matmul job@24/?-work_queue,1773.7,1310.0,611.9,728.0,1759.3
126,137718092088291,1085.0,475.8,525.1,84.1,55.9,449.0,kernel_add_rmsnorm_71@25/0-worker,prepare streams@25/0-worker,1082.2,989.4,506.0,514.5,1068.7
127,137718097157256,1216.8,779.0,341.4,96.5,62.3,753.9,kernel_add_rmsnorm_71@25/0-worker,prepare streams@25/0-worker,1214.7,1124.6,818.3,823.6,1201.0
128,137718102481460,1710.1,715.1,755.9,239.2,87.3,1597.5,assemble attention plan@24/?-work_queue,Prepare hardware matmul job@24/?-work_queue,1707.4,1261.3,532.3,538.7,1694.5
129,137718108197926,553.3,167.1,357.0,29.2,13.4,514.4,assemble attention plan@24/?-work_queue,Prepare hardware matmul job@24/?-work_queue,550.7,460.4,135.2,138.6,537.3
130,137718112759039,527.2,150.3,340.3,36.6,12.5,484.1,assemble attention plan@24/?-work_queue,Prepare hardware matmul job@24/?-work_queue,525.0,424.6,121.0,125.7,506.0
131,137718117228191,1654.9,667.3,761.2,226.3,79.8,1538.6,assemble attention plan@24/?-work_queue,Prepare hardware matmul job@24/?-work_queue,1652.3,1230.1,509.3,513.1,1627.5
132,137718122935626,1144.1,302.4,719.1,122.6,79.7,813.7,notify_listener@25/0-worker,work_queue::do_work get_work@24/?-work_queue,1141.6,813.7,129.0,132.2,1127.3
133,137718128104954,1095.8,507.4,493.3,95.1,64.4,445.8,kernel_add_rmsnorm_71@25/0-worker,prepare streams@25/0-worker,1094.4,986.4,511.9,520.1,1080.2
134,137718133285627,973.1,490.6,381.7,100.8,59.7,508.4,kernel_add_rmsnorm_71@25/0-worker,prepare streams@25/0-worker,970.7,866.6,569.7,582.1,956.8
135,137718138258494,1026.4,516.6,427.8,82.0,55.8,488.1,kernel_add_rmsnorm_71@25/0-worker,prepare streams@25/0-worker,1024.6,933.9,546.3,556.2,1010.5
136,137718143364899,954.3,497.9,373.9,82.5,52.1,454.3,kernel_add_rmsnorm_71@25/0-worker,prepare streams@25/0-worker,952.1,860.9,507.8,526.2,938.3
137,137718148333842,501.1,125.7,350.2,25.3,11.5,465.0,assemble attention plan@24/?-work_queue,Prepare hardware matmul job@24/?-work_queue,498.7,410.1,99.5,103.2,485.8
138,137718152854114,666.1,269.3,365.2,31.6,14.7,587.1,assemble attention plan@24/?-work_queue,Prepare hardware matmul job@24/?-work_queue,624.4,532.5,230.5,235.1,611.3
139,137718157503701,1570.0,629.8,742.4,197.8,82.6,1215.0,notify_listener@25/0-worker,work_queue::do_work get_work@24/?-work_queue,1568.1,1215.0,503.2,508.3,1545.8
140,137718163148289,1060.4,484.0,498.3,78.2,51.0,430.8,kernel_add_rmsnorm_71@25/0-worker,prepare streams@25/0-worker,1058.0,956.4,483.3,496.3,1035.1
141,137718168227094,997.6,495.4,412.8,89.4,61.1,446.8,kernel_add_rmsnorm_71@25/0-worker,prepare streams@25/0-worker,995.5,892.4,509.7,513.0,981.3
142,137718173263002,1713.8,770.5,711.6,231.8,75.2,1612.7,assemble attention plan@24/?-work_queue,Prepare hardware matmul job@24/?-work_queue,1711.6,1198.7,513.1,520.1,1697.0
143,137718179073928,1110.5,471.6,553.0,86.0,55.3,432.6,kernel_add_rmsnorm_71@25/0-worker,prepare streams@25/0-worker,1108.5,1004.9,489.1,494.0,1093.9
144,137718184191858,1694.5,784.4,675.7,234.4,85.0,1584.7,assemble attention plan@24/?-work_queue,Prepare hardware matmul job@24/?-work_queue,1692.3,1273.4,561.3,651.2,1679.3
145,137718189922627,1146.5,223.6,753.5,169.4,116.4,844.0,notify_listener@25/0-worker,work_queue::do_work get_work@24/?-work_queue,1144.2,844.0,143.7,154.9,1130.7
146,137718195085475,1869.4,863.5,756.3,249.5,96.5,1747.8,assemble attention plan@24/?-work_queue,Prepare hardware matmul job@24/?-work_queue,1867.9,1392.1,700.9,704.2,1853.8
147,137718201027408,1149.2,459.2,564.1,125.9,58.1,486.0,kernel_add_rmsnorm_71@25/0-worker,prepare streams@25/0-worker,1146.9,1052.7,545.6,562.5,1133.3
148,137718206138858,1118.8,621.3,413.0,84.6,58.6,570.9,kernel_add_rmsnorm_71@25/0-worker,prepare streams@25/0-worker,1116.5,1021.5,631.7,638.6,1095.7
149,137718211298526,1779.3,618.0,793.4,367.9,205.0,444.6,rx collecting results@150/0-RX-3b,kernel_add_rmsnorm_71@25/0-worker,1777.0,1469.0,711.2,717.6,1755.2
150,137718217096844,1802.7,703.0,860.7,239.1,89.2,1687.5,assemble attention plan@24/?-work_queue,Prepare hardware matmul job@24/?-work_queue,1800.9,1348.5,536.7,549.7,1786.2
151,137718222942631,1136.6,208.0,761.0,167.7,74.3,876.1,notify_listener@25/0-worker,work_queue::do_work get_work@24/?-work_queue,1133.9,876.1,153.6,158.7,1120.0
152,137718228114861,1119.3,494.6,529.3,95.5,59.7,473.5,kernel_add_rmsnorm_71@25/0-worker,prepare streams@25/0-worker,1116.6,1015.1,534.7,539.3,1102.4
153,137718233263159,995.2,497.2,415.9,82.0,52.6,470.3,kernel_add_rmsnorm_71@25/0-worker,prepare streams@25/0-worker,993.4,898.7,524.0,538.4,979.0
154,137718238282208,849.7,135.2,684.7,29.8,15.9,808.9,assemble attention plan@24/?-work_queue,Prepare hardware matmul job@24/?-work_queue,847.4,753.1,117.6,124.1,834.2
155,137718243181288,1068.1,500.1,482.1,85.9,56.4,457.8,rx collecting results@149/0-RX-38,prepare streams@25/0-worker,1066.0,970.3,516.1,522.4,1051.0
156,137718248276166,1006.7,581.5,345.3,80.0,52.5,576.4,kernel_add_rmsnorm_71@25/0-worker,prepare streams@25/0-worker,1004.5,913.4,642.6,656.7,990.1
157,137718253285134,559.0,140.3,388.3,30.4,12.6,512.9,assemble attention plan@24/?-work_queue,Prepare hardware matmul job@24/?-work_queue,557.3,456.0,126.1,129.5,534.7
158,137718257843468,1240.9,294.0,813.1,133.8,93.2,980.6,notify_listener@25/0-worker,work_queue::do_work get_work@24/?-work_queue,1238.4,980.6,198.4,251.3,1224.6
159,137718263147405,1758.8,782.4,740.0,236.4,89.6,1644.6,assemble attention plan@24/?-work_queue,Prepare hardware matmul job@24/?-work_queue,1756.9,1225.3,518.4,525.9,1744.1
160,137718268950472,1645.5,753.0,638.7,253.9,103.9,1515.4,assemble attention plan@24/?-work_queue,Prepare hardware matmul job@24/?-work_queue,1643.3,1163.2,475.6,568.7,1629.0
161,137718274659544,1659.5,673.7,753.7,232.1,79.9,1554.9,assemble attention plan@24/?-work_queue,Prepare hardware matmul job@24/?-work_queue,1657.2,1236.2,515.3,525.4,1644.3
162,137718280357346,968.6,572.7,304.6,91.3,58.9,571.8,kernel_add_rmsnorm_71@25/0-worker,prepare streams@25/0-worker,965.2,871.5,633.2,636.4,950.8
163,137718285373065,979.8,539.3,358.2,82.2,54.3,498.2,kernel_add_rmsnorm_71@25/0-worker,prepare streams@25/0-worker,977.4,884.1,554.7,558.0,961.6
164,137718290387310,1030.8,557.0,387.6,86.1,51.2,556.4,kernel_add_rmsnorm_71@25/0-worker,prepare streams@25/0-worker,1028.6,922.5,609.7,625.9,1003.7
165,137718295424435,426.0,122.7,277.0,26.4,11.7,379.4,assemble attention plan@24/?-work_queue,Prepare hardware matmul job@24/?-work_queue,423.5,323.9,97.4,102.1,400.7
166,137718299865860,531.0,232.7,272.1,26.3,12.8,481.5,assemble attention plan@24/?-work_queue,Prepare hardware matmul job@24/?-work_queue,527.1,426.3,189.7,195.8,512.5
167,137718304366415,2155.0,752.5,1118.5,284.1,97.2,2031.8,assemble attention plan@24/?-work_queue,Prepare hardware matmul job@24/?-work_queue,2152.6,1654.5,591.2,601.1,2138.3
168,137718310481569,717.8,120.3,568.8,28.7,11.5,681.4,assemble attention plan@24/?-work_queue,Prepare hardware matmul job@24/?-work_queue,715.3,616.4,89.7,96.9,701.7
169,137718315125746,1110.8,550.5,478.5,81.8,51.8,504.1,kernel_add_rmsnorm_71@25/0-worker,prepare streams@25/0-worker,1108.7,1012.3,557.3,623.3,1094.3
170,137718320231700,989.1,489.9,404.4,94.8,59.6,469.9,kernel_add_rmsnorm_71@25/0-worker,prepare streams@25/0-worker,987.2,894.0,531.1,536.9,973.0
171,137718325252912,919.2,145.8,493.4,280.0,258.0,570.9,notify_listener@25/0-worker,work_queue::do_work get_work@24/?-work_queue,916.5,570.9,111.1,114.3,902.3
172,137718330184222,492.6,136.0,327.3,29.3,12.9,454.2,assemble attention plan@24/?-work_queue,Prepare hardware matmul job@24/?-work_queue,490.6,399.0,96.6,103.0,476.8
173,137718334710041,1396.2,560.6,750.3,85.3,56.5,520.0,kernel_add_rmsnorm_71@25/0-worker,prepare streams@25/0-worker,1394.1,1299.9,579.3,601.6,1379.7
174,137718340149080,1067.8,476.6,454.0,137.2,63.3,520.1,kernel_add_rmsnorm_71@25/0-worker,prepare streams@25/0-worker,1065.6,975.7,586.1,589.3,1051.5
175,137718345208549,1046.1,582.1,372.1,91.8,63.1,523.1,kernel_add_rmsnorm_71@25/0-worker,prepare streams@25/0-worker,1043.8,927.9,588.3,599.0,1010.2
176,137718350263834,1664.9,670.8,744.8,249.3,87.4,1542.9,assemble attention plan@24/?-work_queue,Prepare hardware matmul job@24/?-work_queue,1662.8,1188.0,469.1,476.1,1639.9
177,137718356007025,1708.4,655.6,791.3,261.5,87.6,1585.4,assemble attention plan@24/?-work_queue,Prepare hardware matmul job@24/?-work_queue,1705.9,1244.9,494.5,498.8,1691.2
178,137718361756272,1289.0,427.4,755.1,106.5,64.9,801.4,notify_listener@25/0-worker,work_queue::do_work get_work@24/?-work_queue,1286.6,801.4,92.3,114.3,1273.5
179,137718367065286,1122.4,489.4,568.9,64.1,34.1,484.4,rx collecting results@147/0-RX-10,prepare streams@25/0-worker,1120.9,1016.5,520.4,546.3,1106.3
180,137718372214199,491.3,140.1,325.0,26.2,11.5,454.1,assemble attention plan@24/?-work_queue,Prepare hardware matmul job@24/?-work_queue,489.0,398.5,89.7,117.8,475.2
181,137718376716736,1354.3,563.9,680.7,109.7,55.5,1028.3,notify_listener@25/0-worker,work_queue::do_work get_work@24/?-work_queue,1352.5,1028.3,335.2,348.5,1338.0
182,137718382102148,1071.0,484.4,506.6,80.1,54.4,436.7,kernel_add_rmsnorm_71@25/0-worker,prepare streams@25/0-worker,1068.9,977.0,492.2,495.5,1054.1
183,137718387183115,1061.5,564.1,414.1,83.2,54.1,604.3,kernel_add_rmsnorm_71@25/0-worker,prepare streams@25/0-worker,1059.1,964.9,660.4,671.1,1046.0
184,137718392312719,959.4,588.6,280.7,90.1,61.4,537.1,kernel_add_rmsnorm_71@25/0-worker,prepare streams@25/0-worker,956.8,857.6,610.1,626.1,934.2
185,137718397229896,1642.1,658.6,741.0,242.5,82.2,1185.9,notify_listener@25/0-worker,work_queue::do_work get_work@24/?-work_queue,1640.4,1185.9,517.0,531.2,1617.7
186,137718402935500,525.5,159.9,334.3,31.3,18.5,472.6,assemble attention plan@24/?-work_queue,Prepare hardware matmul job@24/?-work_queue,523.0,419.0,123.1,127.3,500.6
187,137718407492326,1617.4,448.4,1084.5,84.5,50.3,677.0,kernel_add_rmsnorm_71@25/0-worker,prepare streams@25/0-worker,1615.2,1505.8,728.8,735.0,1602.2
188,137718413107222,1092.5,487.8,521.8,82.8,55.6,479.4,kernel_add_rmsnorm_71@25/0-worker,prepare streams@25/0-worker,1089.9,989.3,536.2,540.7,1076.6
189,137718418212381,862.6,506.4,266.7,89.5,58.0,456.8,kernel_add_rmsnorm_71@25/0-worker,prepare streams@25/0-worker,861.1,750.3,517.1,524.5,847.2
190,137718423137589,1075.8,558.0,439.3,78.5,51.6,424.3,kernel_add_rmsnorm_71@25/0-worker,prepare streams@25/0-worker,1074.3,983.6,491.4,574.8,1060.2
191,137718428229611,1008.4,494.3,435.3,78.8,49.6,452.6,kernel_add_rmsnorm_71@25/0-worker,prepare streams@25/0-worker,1006.7,910.9,503.9,510.8,992.7
192,137718433297922,1742.2,660.9,921.3,160.0,57.4,1395.4,notify_listener@25/0-worker,work_queue::do_work get_work@24/?-work_queue,1740.1,1395.4,605.8,619.0,1726.1
193,137718439043481,1167.6,558.5,538.5,70.5,44.7,532.5,kernel_add_rmsnorm_71@25/0-worker,prepare streams@25/0-worker,1164.9,1075.0,578.5,582.7,1152.2
194,137718444274092,1021.2,578.4,356.1,86.6,59.1,529.6,kernel_add_rmsnorm_71@25/0-worker,prepare streams@25/0-worker,1019.2,923.1,591.0,598.4,998.5
195,137718449287469,1000.0,491.4,424.3,84.3,56.4,473.3,kernel_add_rmsnorm_71@25/0-worker,prepare streams@25/0-worker,997.7,896.2,531.6,541.3,976.0
196,137718454333660,1692.3,701.1,765.3,225.9,82.1,1570.0,assemble attention plan@24/?-work_queue,Prepare hardware matmul job@24/?-work_queue,1689.8,1236.4,503.0,506.6,1675.1
197,137718460068000,831.0,491.9,263.5,75.6,46.8,438.8,rx collecting results@148/0-RX-13,prepare streams@25/0-worker,828.6,727.0,491.6,501.0,815.6
198,137718464921297,1150.8,313.5,743.3,94.0,58.4,830.9,notify_listener@25/0-worker,work_queue::do_work get_work@24/?-work_queue,1148.5,830.9,141.4,144.7,1134.5
199,137718470091062,1110.0,491.7,545.2,73.0,44.5,507.4,rx collecting results@148/0-RX-13,prepare streams@25/0-worker,1108.3,999.4,553.3,563.4,1092.5
200,137718475254358,1657.6,695.4,727.0,235.2,91.8,1541.3,assemble attention plan@24/?-work_queue,Prepare hardware matmul job@24/?-work_queue,1656.1,1215.9,525.2,533.9,1642.2
201,137718480995357,1366.1,315.9,851.7,198.4,92.1,1247.0,assemble attention plan@24/?-work_queue,Prepare hardware matmul job@24/?-work_queue,1363.3,908.5,104.4,115.5,1348.5
202,137718486424176,1645.9,798.0,731.0,117.0,61.1,1309.7,notify_listener@25/0-worker,work_queue::do_work get_work@24/?-work_queue,1643.4,1309.7,614.2,625.8,1630.0
203,137718492131944,1121.5,559.5,476.8,85.2,55.3,517.0,kernel_add_rmsnorm_71@25/0-worker,prepare streams@25/0-worker,1118.3,1022.2,573.5,579.1,1105.0
204,137718497303627,1766.8,791.7,780.2,194.8,76.4,1349.7,notify_listener@25/0-worker,work_queue::do_work get_work@24/?-work_queue,1764.0,1349.7,599.4,611.7,1744.0
205,137718503111616,1140.1,515.4,536.3,88.4,60.2,482.6,kernel_add_rmsnorm_71@25/0-worker,prepare streams@25/0-worker,1137.9,1032.5,544.2,550.4,1114.4
206,137718508306279,1028.3,491.8,447.9,88.6,53.0,500.4,kernel_add_rmsnorm_71@25/0-worker,prepare streams@25/0-worker,1025.4,926.8,554.9,562.1,1012.7
207,137718513303403,942.7,516.9,343.8,81.9,50.7,471.9,kernel_add_rmsnorm_71@25/0-worker,prepare streams@25/0-worker,942.8,835.7,524.2,530.9,926.6
208,137718518262334,995.8,574.1,336.7,85.0,56.5,443.7,kernel_add_rmsnorm_71@25/0-worker,prepare streams@25/0-worker,993.1,900.8,512.3,598.0,980.3
209,137718523249139,1023.8,500.6,407.2,116.1,55.7,445.6,kernel_add_rmsnorm_71@25/0-worker,prepare streams@25/0-worker,1021.0,899.4,513.0,524.8,1006.9
210,137718528280737,1751.5,721.8,791.4,238.4,87.6,1638.0,assemble attention plan@24/?-work_queue,Prepare hardware matmul job@24/?-work_queue,1749.2,1293.6,528.0,541.6,1735.1
211,137718534061539,1214.2,741.2,391.1,81.9,53.1,709.2,kernel_add_rmsnorm_71@25/0-worker,prepare streams@25/0-worker,1212.0,1118.6,764.1,769.8,1198.6
212,137718539278876,1020.0,584.8,354.1,81.1,52.5,539.2,kernel_add_rmsnorm_71@25/0-worker,prepare streams@25/0-worker,1018.0,917.7,593.4,603.0,995.8
213,137718544333873,933.7,569.7,267.1,97.0,65.6,467.0,kernel_add_rmsnorm_71@25/0-worker,prepare streams@25/0-worker,931.5,828.1,534.5,542.2,917.2
214,137718549254877,980.0,497.8,394.7,87.5,60.9,463.8,kernel_add_rmsnorm_71@25/0-worker,prepare streams@25/0-worker,977.7,878.4,526.5,539.5,964.7
215,137718554246150,1036.6,523.7,428.3,84.5,57.1,491.7,kernel_add_rmsnorm_71@25/0-worker,prepare streams@25/0-worker,1034.2,930.4,561.7,569.9,1020.8
216,137718559305212,986.6,508.4,395.8,82.4,54.3,452.1,kernel_add_rmsnorm_71@25/0-worker,prepare streams@25/0-worker,984.6,892.9,518.7,530.5,970.3
217,137718564382315,867.2,483.6,303.1,80.4,53.0,428.9,kernel_add_rmsnorm_71@25/0-worker,prepare streams@25/0-worker,864.8,770.3,484.2,489.0,850.5
218,137718569243725,1835.2,542.4,1188.0,104.9,54.6,1605.7,notify_listener@25/0-worker,work_queue::do_work get_work@24/?-work_queue,1832.8,1605.7,779.6,793.2,1819.0
219,137718575087515,1107.9,546.6,468.3,93.0,60.3,501.2,kernel_add_rmsnorm_71@25/0-worker,prepare streams@25/0-worker,1105.7,1006.3,563.1,586.2,1091.7
220,137718580255816,963.6,519.3,293.0,151.3,62.2,35.4,kernel_add_rmsnorm_70@25/0-worker,Prepare hardware matmul job@24/?-work_queue,961.4,847.9,615.7,624.6,927.4
221,137718585263764,1007.1,495.9,435.1,76.1,49.2,456.3,rx collecting results@150/0-RX-3b,prepare streams@25/0-worker,1004.7,902.9,507.1,511.7,991.1
222,137718590340378,902.5,484.2,337.4,81.0,54.4,434.1,kernel_add_rmsnorm_71@25/0-worker,prepare streams@25/0-worker,901.0,802.5,489.9,496.7,887.2
223,137718595279823,945.0,487.4,367.3,90.3,57.6,431.4,kernel_add_rmsnorm_71@25/0-worker,prepare streams@25/0-worker,943.5,840.5,490.8,507.8,929.4
224,137718600285171,946.2,482.0,378.8,85.4,57.6,444.5,rx collecting results@148/0-RX-13,prepare streams@25/0-worker,944.6,846.0,503.2,511.5,931.3
225,137718605231079,1778.4,796.5,722.4,259.5,92.6,1288.0,notify_listener@25/0-worker,work_queue::do_work get_work@24/?-work_queue,1767.2,1288.0,501.4,607.5,1752.7
226,137718611046930,2122.1,1011.7,858.1,252.4,93.1,2003.8,assemble attention plan@24/?-work_queue,Prepare hardware matmul job@24/?-work_queue,2120.2,1710.1,922.4,936.5,2106.6
227,137718617162227,1729.5,687.3,770.5,271.7,91.8,1612.3,assemble attention plan@24/?-work_queue,Prepare hardware matmul job@24/?-work_queue,1727.7,1253.8,508.1,516.4,1713.6
228,137718622934934,1134.4,278.6,764.3,91.5,49.7,867.8,notify_listener@25/0-worker,work_queue::do_work get_work@24/?-work_queue,1131.8,867.8,135.4,142.9,1117.6
229,137718628102397,1887.5,703.6,932.5,251.3,85.2,1770.5,assemble attention plan@24/?-work_queue,Prepare hardware matmul job@24/?-work_queue,1878.3,1405.7,641.6,646.3,1865.4
230,137718634035175,1174.8,482.4,614.3,78.0,52.5,430.5,kernel_add_rmsnorm_71@25/0-worker,prepare streams@25/0-worker,1173.2,1072.5,485.2,495.0,1150.3
231,137718639216587,1018.0,493.9,438.4,85.7,58.4,434.3,kernel_add_rmsnorm_71@25/0-worker,prepare streams@25/0-worker,1016.1,913.1,504.9,517.3,993.6
232,137718644301622,833.9,488.2,258.0,87.7,53.0,439.0,kernel_add_rmsnorm_71@25/0-worker,prepare streams@25/0-worker,831.6,733.1,497.7,502.1,817.9
233,137718649192125,1052.1,525.4,436.2,90.4,59.6,465.7,kernel_add_rmsnorm_71@25/0-worker,prepare streams@25/0-worker,1050.7,943.7,538.8,589.3,1035.5
234,137718654308830,922.1,547.2,290.5,84.4,54.9,438.0,kernel_add_rmsnorm_71@25/0-worker,prepare streams@25/0-worker,919.1,824.2,494.5,564.0,906.0
235,137718659374822,865.6,518.0,260.9,86.6,58.2,468.9,kernel_add_rmsnorm_71@25/0-worker,prepare streams@25/0-worker,863.8,768.7,528.3,533.5,850.3
236,137718664299994,1491.7,727.4,501.1,263.3,96.9,1369.6,assemble attention plan@24/?-work_queue,Prepare hardware matmul job@24/?-work_queue,1489.8,999.8,535.8,543.6,1476.4
237,137718669832421,574.1,256.1,287.7,30.3,13.5,535.2,assemble attention plan@24/?-work_queue,Prepare hardware matmul job@24/?-work_queue,572.1,473.8,211.4,216.7,558.1
238,137718674463045,1691.5,737.0,761.2,193.3,84.8,1580.0,assemble attention plan@24/?-work_queue,Prepare hardware matmul job@24/?-work_queue,1688.5,1252.6,560.0,564.7,1673.9
239,137718680196396,1071.2,538.3,451.7,81.3,50.7,503.9,kernel_add_rmsnorm_71@25/0-worker,prepare streams@25/0-worker,1069.3,958.9,556.7,568.5,1040.5
240,137718685282772,976.5,495.6,401.4,79.5,56.1,479.3,rx collecting results@150/0-RX-3b,prepare streams@25/0-worker,974.1,873.3,541.2,547.0,950.3
241,137718690359505,914.7,505.7,322.7,86.4,48.8,510.1,kernel_add_rmsnorm_71@25/0-worker,prepare streams@25/0-worker,912.6,807.9,560.4,564.2,898.4
242,137718695296893,943.7,506.5,352.1,85.2,48.4,460.4,kernel_add_rmsnorm_71@25/0-worker,prepare streams@25/0-worker,941.4,838.4,510.3,562.3,927.9
243,137718700272713,1749.3,697.5,801.3,250.5,88.7,1630.7,assemble attention plan@24/?-work_queue,Prepare hardware matmul job@24/?-work_queue,1746.9,1281.8,518.9,528.4,1733.1
244,137718706107902,1877.8,664.4,983.5,229.9,85.4,1768.0,assemble attention plan@24/?-work_queue,Prepare hardware matmul job@24/?-work_queue,1876.3,1457.2,504.2,513.7,1863.7
245,137718712075532,1101.3,507.5,510.5,83.3,55.7,457.7,kernel_add_rmsnorm_71@25/0-worker,prepare streams@25/0-worker,1099.8,1004.6,514.5,521.4,1086.3
246,137718717223839,991.5,525.4,384.6,81.5,52.8,482.6,kernel_add_rmsnorm_71@25/0-worker,prepare streams@25/0-worker,989.3,898.7,537.8,543.9,976.5
247,137718722242448,1053.8,570.4,404.5,78.9,46.3,522.6,rx collecting results@147/0-RX-10,prepare streams@25/0-worker,1044.8,950.5,570.7,584.2,1030.3
248,137718727312348,839.5,130.7,685.7,23.1,10.3,795.2,assemble attention plan@24/?-work_queue,Prepare hardware matmul job@24/?-work_queue,838.0,738.6,95.6,99.1,815.1
249,137718732200097,1019.5,500.8,435.0,83.7,53.7,435.8,kernel_add_rmsnorm_71@25/0-worker,prepare streams@25/0-worker,1017.4,911.2,500.2,524.0,992.0
250,137718737264236,1001.8,497.5,418.3,86.0,54.4,447.9,kernel_add_rmsnorm_71@25/0-worker,prepare streams@25/0-worker,999.4,894.3,504.0,516.1,986.3
251,137718742312868,972.3,518.9,376.0,77.4,51.3,451.6,kernel_add_rmsnorm_71@25/0-worker,prepare streams@25/0-worker,969.7,864.3,515.1,530.5,955.5
252,137718747333560,921.6,566.4,270.4,84.8,55.0,464.6,kernel_add_rmsnorm_71@25/0-worker,prepare streams@25/0-worker,919.4,825.8,521.4,613.5,906.9
253,137718752279181,994.3,473.0,441.5,79.8,50.3,420.0,kernel_add_rmsnorm_71@25/0-worker,prepare streams@25/0-worker,992.3,896.9,478.3,488.9,979.2
254,137718757361824,904.0,489.4,326.7,87.8,62.2,443.6,kernel_add_rmsnorm_71@25/0-worker,prepare streams@25/0-worker,900.9,809.0,507.1,511.6,885.2
255,137718762316079,510.5,140.1,342.4,28.0,11.2,474.2,assemble attention plan@24/?-work_queue,Prepare hardware matmul job@24/?-work_queue,507.9,419.1,115.5,119.2,494.4
256,137718766897292,1178.1,273.4,768.7,135.9,89.8,836.3,notify_listener@25/0-worker,work_queue::do_work get_work@24/?-work_queue,1175.6,836.3,126.6,131.0,1152.9
257,137718772101116,1080.1,486.7,514.2,79.3,52.9,435.5,rx collecting results@150/0-RX-3b,prepare streams@25/0-worker,1078.6,978.2,489.8,497.8,1056.5
258,137718777226880,1051.4,508.0,443.8,99.5,60.7,497.1,kernel_add_rmsnorm_71@25/0-worker,prepare streams@25/0-worker,1049.0,947.3,568.9,581.3,1034.6
259,137718782309666,953.8,508.6,359.2,86.1,59.7,501.2,kernel_add_rmsnorm_71@25/0-worker,prepare streams@25/0-worker,951.8,847.5,563.4,570.3,937.7
260,137718787250935,1003.4,498.7,420.3,84.4,54.7,435.7,kernel_add_rmsnorm_71@25/0-worker,prepare streams@25/0-worker,1000.8,897.4,503.4,516.8,988.3
261,137718792280534,983.4,519.9,381.9,81.6,52.8,548.3,kernel_add_rmsnorm_71@25/0-worker,prepare streams@25/0-worker,981.4,889.7,615.6,629.6,967.3
262,137718797263574,993.6,488.6,418.1,86.9,59.9,437.4,kernel_add_rmsnorm_71@25/0-worker,prepare streams@25/0-worker,992.0,899.3,500.0,506.7,977.9
263,137718802263068,1807.0,579.2,996.6,231.2,61.2,1536.3,notify_listener@25/0-worker,work_queue::do_work get_work@24/?-work_queue,1804.8,1536.3,615.9,621.3,1789.9
264,137718808130143,1933.4,950.2,783.1,200.1,92.0,1537.0,notify_listener@25/0-worker,work_queue::do_work get_work@24/?-work_queue,1931.2,1537.0,789.8,793.3,1918.1
265,137718814150392,1121.3,577.0,461.7,82.7,53.6,525.4,kernel_add_rmsnorm_71@25/0-worker,prepare streams@25/0-worker,1119.0,1020.3,593.1,605.4,1097.3
266,137718819366628,1821.0,701.0,811.0,309.0,145.8,1641.2,assemble attention plan@24/?-work_queue,Prepare hardware matmul job@24/?-work_queue,1819.5,1292.0,541.7,545.5,1805.3
267,137718825222235,486.3,115.8,341.5,29.0,14.2,447.5,assemble attention plan@24/?-work_queue,Prepare hardware matmul job@24/?-work_queue,484.9,381.7,82.3,85.7,470.5
268,137718829696016,1783.2,792.2,746.3,244.7,79.5,1216.4,notify_listener@25/0-worker,work_queue::do_work get_work@24/?-work_queue,1780.7,1216.4,501.2,511.8,1766.1
269,137718835593010,1487.8,558.5,828.8,100.4,51.6,1220.3,notify_listener@25/0-worker,work_queue::do_work get_work@24/?-work_queue,1485.0,1220.3,439.7,451.1,1470.6
270,137718841149415,1056.8,588.4,378.5,89.9,62.2,471.2,kernel_add_rmsnorm_71@25/0-worker,prepare streams@25/0-worker,1054.1,956.4,535.0,617.7,1038.9
271,137718846265813,1842.7,474.2,473.0,895.6,821.5,934.0,notify_listener@25/0-worker,work_queue::do_work get_work@24/?-work_queue,1840.0,934.0,491.8,495.4,1825.8
272,137718852197902,1015.3,507.0,421.2,87.1,59.1,443.1,kernel_add_rmsnorm_71@25/0-worker,prepare streams@25/0-worker,1012.8,916.7,516.7,525.3,998.8
273,137718857254327,1777.8,743.6,779.4,254.8,90.0,1663.3,assemble attention plan@24/?-work_queue,Prepare hardware matmul job@24/?-work_queue,1775.6,1333.9,656.7,661.5,1762.8
274,137718863122413,1086.6,540.6,467.5,78.4,50.8,503.0,rx collecting results@149/0-RX-38,prepare streams@25/0-worker,1085.1,988.4,555.2,558.3,1069.4
275,137718868329001,983.7,545.2,354.0,84.5,54.4,511.5,kernel_add_rmsnorm_71@25/0-worker,prepare streams@25/0-worker,982.3,890.7,567.2,570.9,968.2
276,137718873418532,1653.8,696.6,774.0,183.3,77.9,1306.6,notify_listener@25/0-worker,work_queue::do_work get_work@24/?-work_queue,1651.4,1306.6,569.1,587.6,1629.6
277,137718879112941,1112.6,506.0,529.4,77.2,52.6,455.3,kernel_add_rmsnorm_71@25/0-worker,prepare streams@25/0-worker,1111.0,1010.9,509.2,513.1,1088.7
278,137718884340694,1054.0,479.4,490.6,84.0,56.4,581.8,kernel_add_rmsnorm_71@25/0-worker,prepare streams@25/0-worker,1051.5,949.5,640.1,644.5,1038.4
279,137718889471317,1791.4,753.4,784.0,254.0,101.3,1665.9,assemble attention plan@24/?-work_queue,Prepare hardware matmul job@24/?-work_queue,1789.2,1284.4,543.2,548.4,1776.8
280,137718895287956,987.3,498.8,403.9,84.6,56.8,449.4,kernel_add_rmsnorm_71@25/0-worker,prepare streams@25/0-worker,984.3,881.0,508.1,511.9,970.3
281,137718900342219,1719.3,767.3,785.5,166.5,64.0,1359.6,notify_listener@25/0-worker,work_queue::do_work get_work@24/?-work_queue,1716.7,1359.6,647.6,666.7,1703.8
282,137718906140912,1113.4,522.3,501.8,89.2,56.9,472.5,kernel_add_rmsnorm_71@25/0-worker,prepare streams@25/0-worker,1113.5,1008.3,531.7,539.9,1093.8
283,137718911310594,1732.2,785.4,738.6,208.2,74.9,1631.0,assemble attention plan@24/?-work_queue,Prepare hardware matmul job@24/?-work_queue,1730.7,1287.7,588.8,594.1,1715.7
284,137718917144980,1133.4,607.2,434.6,91.6,54.6,601.7,kernel_add_rmsnorm_71@25/0-worker,prepare streams@25/0-worker,1131.4,1026.8,668.3,675.4,1109.7
285,137718922365127,926.3,479.5,370.7,76.0,47.9,437.0,kernel_add_rmsnorm_71@25/0-worker,prepare streams@25/0-worker,923.7,821.3,487.0,494.6,899.0
286,137718927354539,906.0,500.3,325.0,80.7,54.6,451.1,rx collecting results@150/0-RX-3b,prepare streams@25/0-worker,904.1,800.8,507.0,520.6,890.6
287,137718932327702,991.6,536.8,371.3,83.5,55.6,483.6,kernel_add_rmsnorm_71@25/0-worker,prepare streams@25/0-worker,989.1,882.9,553.9,571.0,975.5
288,137718937400562,947.7,556.2,311.3,80.2,53.7,480.2,kernel_add_rmsnorm_71@25/0-worker,prepare streams@25/0-worker,945.9,852.5,536.2,610.1,932.4
289,137718942378132,1296.7,340.5,774.3,181.8,90.1,1180.6,assemble attention plan@24/?-work_queue,Prepare hardware matmul job@24/?-work_queue,1294.3,826.9,87.2,96.5,1280.2
290,137718947758765,1724.4,725.8,747.6,251.0,91.0,1607.9,assemble attention plan@24/?-work_queue,Prepare hardware matmul job@24/?-work_queue,1722.0,1210.2,476.5,485.7,1709.0
291,137718953548079,803.3,517.2,257.7,28.3,13.1,764.5,assemble attention plan@24/?-work_queue,Prepare hardware matmul job@24/?-work_queue,800.4,708.0,488.3,493.4,787.2
292,137718958428612,1651.6,713.1,793.7,144.7,92.7,1329.8,notify_listener@25/0-worker,work_queue::do_work get_work@24/?-work_queue,1649.5,1329.8,589.6,636.2,1628.9
293,137718964100136,1814.3,766.5,800.9,246.9,91.4,1698.9,assemble attention plan@24/?-work_queue,Prepare hardware matmul job@24/?-work_queue,1812.8,1291.4,578.6,588.5,1799.9
294,137718970033871,1794.6,695.0,792.8,306.8,100.0,1530.2,construct_minibatches@24/?-work_queue,estimate_attention_work@24/?-work_queue,1792.2,1281.4,545.3,548.9,1778.9
295,137718975895499,1205.4,383.8,737.8,83.8,58.7,336.2,kernel_add_rmsnorm_71@25/0-worker,prepare streams@25/0-worker,1202.5,1111.0,396.5,400.8,1188.6
296,137718981132894,452.2,139.4,289.1,23.7,11.6,413.5,assemble attention plan@24/?-work_queue,Prepare hardware matmul job@24/?-work_queue,449.4,360.0,110.4,114.7,435.5
297,137718985677332,686.7,400.4,260.3,25.9,10.7,649.0,assemble attention plan@24/?-work_queue,Prepare hardware matmul job@24/?-work_queue,684.3,591.6,354.5,358.0,669.5
298,137718990410464,989.4,555.3,347.4,86.8,52.2,522.2,kernel_add_rmsnorm_71@25/0-worker,prepare streams@25/0-worker,987.8,888.0,575.9,581.2,973.1
299,137718995476347,1594.3,741.9,735.6,116.8,60.9,1242.5,notify_listener@25/0-worker,work_queue::do_work get_work@24/?-work_queue,1591.9,1242.5,539.3,553.5,1572.3
300,137719001150029,1078.7,471.4,525.2,82.1,55.6,426.4,kernel_add_rmsnorm_71@25/0-worker,prepare streams@25/0-worker,1076.9,979.0,492.1,518.0,1062.3
301,137719006285826,963.6,504.9,375.8,82.8,53.5,493.5,kernel_add_rmsnorm_71@25/0-worker,prepare streams@25/0-worker,961.1,858.4,548.3,574.5,948.4
302,137719011298039,1163.1,783.2,344.5,35.3,12.7,1126.3,assemble attention plan@24/?-work_queue,Prepare hardware matmul job@24/?-work_queue,1161.1,1058.9,743.7,752.0,1148.1
303,137719016487226,1590.9,626.9,789.0,175.1,63.8,512.4,kernel_add_rmsnorm_71@25/0-worker,prepare streams@25/0-worker,1588.1,1331.4,577.8,582.1,1575.4
304,137719022139373,1047.5,477.5,483.3,86.6,60.9,446.7,kernel_add_rmsnorm_71@25/0-worker,prepare streams@25/0-worker,1044.8,952.2,508.9,513.4,1030.9
305,137719027327582,943.6,602.2,265.8,75.5,51.7,547.9,kernel_add_rmsnorm_71@25/0-worker,prepare streams@25/0-worker,942.0,848.0,601.0,607.6,927.0
306,137719032358937,972.3,581.8,320.7,69.8,43.8,545.6,rx collecting results@149/0-RX-38,prepare streams@25/0-worker,970.2,871.2,600.7,605.7,948.5
307,137719037384698,975.9,526.5,365.1,84.2,58.2,465.5,kernel_add_rmsnorm_71@25/0-worker,prepare streams@25/0-worker,974.2,858.7,526.0,532.8,935.9
308,137719042401900,759.7,137.9,594.1,27.7,14.3,710.8,assemble attention plan@24/?-work_queue,Prepare hardware matmul job@24/?-work_queue,757.2,654.6,109.6,119.9,743.0
309,137719047224398,1024.3,616.6,265.1,142.5,71.5,926.4,assemble attention plan@24/?-work_queue,Prepare hardware matmul job@24/?-work_queue,1022.3,737.1,497.1,502.2,1007.9
310,137719052342479,1032.7,502.9,442.8,87.0,60.4,545.6,rx collecting results@148/0-RX-13,prepare streams@25/0-worker,1030.2,927.6,607.8,613.6,1016.8
311,137719057415619,753.4,129.3,598.2,25.9,12.6,714.6,assemble attention plan@24/?-work_queue,Prepare hardware matmul job@24/?-work_queue,751.1,656.8,107.8,116.8,737.0
312,137719062202071,498.9,123.9,351.3,23.7,12.0,460.1,assemble attention plan@24/?-work_queue,Prepare hardware matmul job@24/?-work_queue,496.3,406.4,105.2,110.4,481.7
313,137719066762678,615.0,320.2,269.6,25.2,12.5,575.0,assemble attention plan@24/?-work_queue,Prepare hardware matmul job@24/?-work_queue,612.2,518.6,277.6,286.7,597.2
314,137719071424098,1641.5,719.9,744.0,177.6,92.6,1262.3,notify_listener@25/0-worker,work_queue::do_work get_work@24/?-work_queue,1638.2,1262.3,593.5,601.5,1625.0
315,137719077130814,1560.4,690.4,631.8,238.2,87.1,1446.7,assemble attention plan@24/?-work_queue,Prepare hardware matmul job@24/?-work_queue,1557.8,1096.0,635.2,639.3,1543.4
316,137719082811750,1262.4,406.6,747.1,108.7,58.1,941.5,notify_listener@25/0-worker,work_queue::do_work get_work@24/?-work_queue,1258.4,941.5,247.0,255.9,1235.6
317,137719088135239,1097.3,504.6,511.1,81.6,55.1,469.3,rx collecting results@150/0-RX-3b,prepare streams@25/0-worker,1095.3,992.3,526.3,531.7,1072.0
318,137719093348989,952.3,506.6,362.3,83.4,60.4,458.4,kernel_add_rmsnorm_71@25/0-worker,prepare streams@25/0-worker,949.8,846.8,520.4,524.7,934.9
319,137719098357514,918.1,487.5,350.3,80.4,54.3,475.0,kernel_add_rmsnorm_71@25/0-worker,prepare streams@25/0-worker,918.7,812.8,531.2,539.1,902.7
320,137719103408064,874.7,489.4,305.8,79.5,54.2,471.2,kernel_add_rmsnorm_71@25/0-worker,prepare streams@25/0-worker,872.4,777.8,527.7,531.6,858.5
321,137719108349354,808.7,129.0,650.8,28.9,11.6,772.1,assemble attention plan@24/?-work_queue,Prepare hardware matmul job@24/?-work_queue,806.1,715.6,101.1,104.6,793.0
322,137719113211264,986.6,433.8,473.0,79.9,50.6,419.5,rx collecting results@148/0-RX-13,prepare streams@25/0-worker,984.1,891.3,472.5,487.2,970.3
323,137719118308739,921.8,571.5,276.2,74.0,49.3,534.0,kernel_add_rmsnorm_71@25/0-worker,prepare streams@25/0-worker,918.9,825.5,589.5,599.0,905.0
324,137719123263809,1027.9,501.8,410.3,115.9,55.4,529.0,kernel_add_rmsnorm_71@25/0-worker,prepare streams@25/0-worker,1018.8,925.4,586.2,589.4,1005.4
325,137719128409619,857.6,501.0,285.6,71.0,45.9,447.7,rx collecting results@149/0-RX-38,prepare streams@25/0-worker,855.5,756.3,498.8,507.7,834.4
326,137719133334809,889.0,476.3,344.7,67.9,43.9,435.3,rx collecting results@150/0-RX-3b,prepare streams@25/0-worker,886.6,788.0,480.6,485.2,872.6
327,137719138349352,902.7,491.8,326.5,84.4,55.7,441.1,kernel_add_rmsnorm_71@25/0-worker,prepare streams@25/0-worker,900.2,798.3,498.3,505.2,887.4
328,137719143308491,986.9,493.9,406.3,86.7,59.8,440.2,kernel_add_rmsnorm_71@25/0-worker,prepare streams@25/0-worker,984.9,881.7,501.3,505.4,971.2
329,137719148430529,944.7,526.8,341.6,76.3,52.3,490.2,kernel_add_rmsnorm_71@25/0-worker,prepare streams@25/0-worker,942.0,850.2,544.8,555.7,928.2
330,137719153376237,1712.8,759.3,775.2,178.3,61.0,673.8,kernel_add_rmsnorm_71@25/0-worker,prepare streams@25/0-worker,1710.1,1474.3,735.9,740.6,1695.6
331,137719159210427,1012.3,552.4,372.9,87.1,59.2,503.8,kernel_add_rmsnorm_71@25/0-worker,prepare streams@25/0-worker,1010.0,918.1,564.7,579.4,996.4
332,137719164268391,835.1,124.7,681.3,29.1,12.0,797.9,assemble attention plan@24/?-work_queue,Prepare hardware matmul job@24/?-work_queue,832.3,741.7,96.4,99.8,819.1
333,137719169156424,459.0,144.7,290.0,24.3,11.1,413.9,assemble attention plan@24/?-work_queue,Prepare hardware matmul job@24/?-work_queue,456.8,356.7,117.1,121.8,434.6
334,137719173669258,705.8,376.1,290.7,39.0,11.9,660.3,assemble attention plan@24/?-work_queue,Prepare hardware matmul job@24/?-work_queue,703.8,601.9,372.7,378.3,689.6
335,137719178456867,917.4,475.5,365.2,76.8,49.8,452.0,kernel_add_rmsnorm_71@25/0-worker,prepare streams@25/0-worker,914.6,810.7,503.5,515.7,901.6
336,137719183408471,982.1,486.9,401.0,94.3,53.6,508.2,kernel_add_rmsnorm_71@25/0-worker,prepare streams@25/0-worker,979.8,874.1,563.5,577.6,967.3
337,137719188455544,848.6,504.4,268.4,75.8,50.7,447.7,kernel_add_rmsnorm_71@25/0-worker,prepare streams@25/0-worker,845.7,743.6,510.8,521.8,832.2
338,137719193396008,924.1,490.7,351.8,81.6,53.5,430.6,kernel_add_rmsnorm_71@25/0-worker,prepare streams@25/0-worker,921.7,815.8,496.8,506.6,907.6
339,137719198356001,878.9,474.9,328.5,75.5,50.4,423.3,kernel_add_rmsnorm_71@25/0-worker,prepare streams@25/0-worker,877.2,785.9,475.1,489.3,864.5
340,137719203311755,923.1,492.0,359.0,72.2,44.0,445.4,rx collecting results@148/0-RX-13,prepare streams@25/0-worker,921.1,826.7,490.9,494.5,920.9
341,137719208290186,1011.8,554.4,372.7,84.6,56.9,519.7,kernel_add_rmsnorm_71@25/0-worker,prepare streams@25/0-worker,1009.5,918.3,578.1,590.2,996.9
342,137719213370573,913.2,485.3,284.1,143.9,58.9,492.6,kernel_add_rmsnorm_71@25/0-worker,prepare streams@25/0-worker,911.1,812.5,557.1,573.2,890.9
343,137719218316692,925.7,488.9,359.6,77.1,46.6,439.9,rx collecting results@149/0-RX-38,prepare streams@25/0-worker,923.6,819.7,488.0,493.1,898.8
344,137719223214875,1063.9,588.4,394.8,80.6,49.0,500.3,kernel_add_rmsnorm_71@25/0-worker,prepare streams@25/0-worker,1062.3,956.5,562.7,573.5,1048.8
345,137719228369641,890.2,475.5,328.4,86.2,60.9,433.8,kernel_add_rmsnorm_71@25/0-worker,prepare streams@25/0-worker,887.5,785.7,496.5,503.6,874.1
346,137719233332725,955.8,483.7,389.7,82.5,50.8,429.5,kernel_add_rmsnorm_71@25/0-worker,prepare streams@25/0-worker,952.6,844.2,481.5,485.4,939.1
347,137719238399333,1669.7,799.5,753.6,116.7,65.0,1363.3,notify_listener@25/0-worker,work_queue::do_work get_work@24/?-work_queue,1668.1,1363.3,650.0,659.7,1654.7
348,137719244131361,1080.2,501.1,496.9,82.2,57.4,454.0,kernel_add_rmsnorm_71@25/0-worker,prepare streams@25/0-worker,1077.3,983.6,513.3,519.8,1062.8
349,137719249293446,1876.1,934.2,712.8,229.1,92.0,1757.0,assemble attention plan@24/?-work_queue,Prepare hardware matmul job@24/?-work_queue,1873.5,1401.8,725.2,735.9,1858.8
350,137719255290582,963.0,558.3,329.3,75.3,51.9,513.0,kernel_add_rmsnorm_71@25/0-worker,prepare streams@25/0-worker,960.4,864.3,566.0,579.0,939.7
351,137719260283143,1093.0,497.6,488.8,106.6,76.7,587.5,kernel_add_rmsnorm_71@25/0-worker,prepare streams@25/0-worker,1090.7,984.8,675.8,687.5,1066.0
352,137719265403082,877.8,504.7,289.7,83.4,54.4,466.6,kernel_add_rmsnorm_71@25/0-worker,prepare streams@25/0-worker,875.8,771.2,522.8,532.9,862.5
353,137719270334687,1003.1,513.0,411.6,78.5,51.1,527.7,rx collecting results@147/0-RX-10,prepare streams@25/0-worker,1001.6,896.9,591.2,609.8,986.3
354,137719275459192,973.3,510.3,377.1,85.9,59.5,467.0,kernel_add_rmsnorm_71@25/0-worker,prepare streams@25/0-worker,971.5,873.4,547.4,551.5,958.8
355,137719280483494,864.0,515.0,262.4,86.5,61.7,448.5,kernel_add_rmsnorm_71@25/0-worker,prepare streams@25/0-worker,862.3,771.6,525.2,540.2,848.2
356,137719285402656,1670.6,734.8,793.4,142.4,56.7,1398.5,notify_listener@25/0-worker,work_queue::do_work get_work@24/?-work_queue,1668.4,1398.5,719.8,735.9,1654.3
357,137719291130326,1080.0,573.0,416.1,90.9,55.4,542.1,kernel_add_rmsnorm_71@25/0-worker,prepare streams@25/0-worker,1078.0,983.8,599.0,603.8,1064.7
358,137719296242399,1044.2,530.5,430.2,83.6,51.9,563.4,kernel_add_rmsnorm_71@25/0-worker,prepare streams@25/0-worker,1041.8,949.7,616.5,627.1,1027.3
359,137719301327471,982.0,552.7,354.0,75.3,48.4,506.7,kernel_add_rmsnorm_71@25/0-worker,prepare streams@25/0-worker,980.4,879.7,556.5,561.7,958.7
360,137719306395415,780.8,140.9,615.3,24.6,12.7,732.1,assemble attention plan@24/?-work_queue,Prepare hardware matmul job@24/?-work_queue,778.7,676.3,121.7,131.0,763.7
361,137719311159005,1053.8,476.4,486.6,90.9,54.8,438.6,kernel_add_rmsnorm_71@25/0-worker,prepare streams@25/0-worker,1052.4,950.9,494.7,499.2,1039.3
362,137719316296538,1006.8,489.1,413.1,104.5,74.6,442.1,kernel_add_rmsnorm_71@25/0-worker,prepare streams@25/0-worker,1007.3,900.8,518.2,527.0,990.5
363,137719321424842,871.1,573.9,213.9,83.3,57.3,435.7,kernel_add_rmsnorm_71@25/0-worker,prepare streams@25/0-worker,869.1,775.9,494.5,591.2,855.8
364,137719326428425,921.6,498.2,344.9,78.5,53.1,449.0,kernel_add_rmsnorm_71@25/0-worker,prepare streams@25/0-worker,919.1,827.2,516.1,534.0,904.4
365,137719331437457,1825.1,675.3,920.4,229.4,93.5,1706.1,assemble attention plan@24/?-work_queue,Prepare hardware matmul job@24/?-work_queue,1823.0,1317.1,619.0,629.5,1809.5
366,137719337397427,1755.2,768.6,792.4,194.1,82.2,1648.2,assemble attention plan@24/?-work_queue,Prepare hardware matmul job@24/?-work_queue,1753.5,1323.3,618.1,622.6,1740.0
367,137719343260856,989.8,552.5,357.2,80.2,54.2,541.0,kernel_add_rmsnorm_71@25/0-worker,prepare streams@25/0-worker,987.1,887.3,596.7,600.1,967.8
368,137719348262090,966.8,476.8,407.8,82.2,54.2,430.1,kernel_add_rmsnorm_71@25/0-worker,prepare streams@25/0-worker,964.9,864.5,494.6,507.9,943.1
369,137719353291272,968.2,523.9,360.7,83.7,52.1,529.6,kernel_add_rmsnorm_71@25/0-worker,prepare streams@25/0-worker,965.9,863.7,596.5,619.0,952.0
370,137719358292403,992.1,496.4,400.4,95.4,56.6,450.4,kernel_add_rmsnorm_71@25/0-worker,prepare streams@25/0-worker,989.6,885.0,508.4,512.8,975.1
371,137719363338828,947.6,479.4,272.0,196.2,114.2,730.3,notify_listener@25/0-worker,work_queue::do_work get_work@24/?-work_queue,945.3,730.3,496.4,499.9,931.1
372,137719368336928,1700.7,670.0,804.0,226.7,92.3,1582.7,assemble attention plan@24/?-work_queue,Prepare hardware matmul job@24/?-work_queue,1698.4,1281.8,561.2,566.2,1684.9
373,137719374124761,1054.9,478.2,500.9,75.8,48.6,434.6,kernel_add_rmsnorm_71@25/0-worker,prepare streams@25/0-worker,1052.7,958.6,484.7,498.4,1038.1
374,137719379243801,1745.9,768.3,750.4,227.3,80.5,1640.7,assemble attention plan@24/?-work_queue,Prepare hardware matmul job@24/?-work_queue,1744.2,1326.0,642.3,655.4,1731.1
375,137719385084479,1104.9,549.8,474.0,81.0,53.2,505.6,kernel_add_rmsnorm_71@25/0-worker,prepare streams@25/0-worker,1103.1,1008.1,560.7,569.6,1089.2
376,137719390279049,1020.9,619.3,312.6,89.0,63.2,594.8,kernel_add_rmsnorm_71@25/0-worker,prepare streams@25/0-worker,1018.4,917.8,660.2,676.7,998.7
377,137719395382931,951.7,508.7,360.8,82.1,56.3,444.7,kernel_add_rmsnorm_71@25/0-worker,prepare streams@25/0-worker,949.9,847.3,515.2,526.2,926.5
378,137719400397890,945.8,472.1,388.9,84.8,54.2,434.6,kernel_add_rmsnorm_71@25/0-worker,prepare streams@25/0-worker,944.0,837.7,490.1,494.5,930.1
379,137719405386910,1692.4,605.7,969.3,117.4,54.9,1382.2,notify_listener@25/0-worker,work_queue::do_work get_work@24/?-work_queue,1690.9,1382.2,639.2,650.4,1677.7
380,137719411126329,1059.0,463.4,516.5,79.2,53.4,409.3,kernel_add_rmsnorm_71@25/0-worker,prepare streams@25/0-worker,1056.8,953.0,464.5,468.7,1043.3
381,137719416228196,936.4,592.6,264.9,78.9,50.6,553.7,rx collecting results@150/0-RX-3b,prepare streams@25/0-worker,933.9,839.8,605.6,610.2,920.6
382,137719421229327,991.8,474.4,432.9,84.5,58.9,435.3,kernel_add_rmsnorm_71@25/0-worker,prepare streams@25/0-worker,989.7,896.2,497.0,505.1,975.4
383,137719426305517,1054.4,742.5,287.5,24.4,11.9,1017.9,assemble attention plan@24/?-work_queue,Prepare hardware matmul job@24/?-work_queue,1052.4,960.5,738.6,746.5,1039.1
384,137719431439394,914.9,578.2,309.3,27.4,11.0,871.3,assemble attention plan@24/?-work_queue,Prepare hardware matmul job@24/?-work_queue,912.8,812.8,579.1,583.5,891.8
385,137719436433637,992.4,529.6,383.2,79.7,52.2,481.4,kernel_add_rmsnorm_71@25/0-worker,prepare streams@25/0-worker,990.0,877.7,549.0,558.9,957.1
386,137719441481940,1651.7,682.5,751.4,217.9,88.8,1528.9,assemble attention plan@24/?-work_queue,Prepare hardware matmul job@24/?-work_queue,1649.5,1190.9,490.9,497.3,1635.4
387,137719447212266,1716.9,685.3,770.8,260.8,102.8,1588.1,assemble attention plan@24/?-work_queue,Prepare hardware matmul job@24/?-work_queue,1715.0,1243.6,499.0,506.3,1700.1
388,137719452990102,504.6,133.7,344.2,26.7,11.0,468.1,assemble attention plan@24/?-work_queue,Prepare hardware matmul job@24/?-work_queue,502.5,396.9,91.8,96.9,488.5
389,137719457557779,1521.8,667.4,753.7,100.8,48.1,1161.0,notify_listener@25/0-worker,work_queue::do_work get_work@24/?-work_queue,1519.7,1161.0,460.0,465.2,1506.0
390,137719463193863,1112.7,539.4,483.3,90.1,59.6,552.1,kernel_add_rmsnorm_71@25/0-worker,prepare streams@25/0-worker,1110.6,1014.7,623.6,635.4,1096.4
391,137719468378400,1686.0,837.8,704.3,143.9,59.2,1317.1,notify_listener@25/0-worker,work_queue::do_work get_work@24/?-work_queue,1683.9,1317.1,636.1,651.6,1670.0
392,137719474142292,983.3,549.6,351.8,81.9,56.0,525.2,kernel_add_rmsnorm_71@25/0-worker,prepare streams@25/0-worker,981.5,886.9,583.3,587.1,967.6
393,137719479165612,1737.1,747.6,740.1,249.4,94.0,1611.5,assemble attention plan@24/?-work_queue,Prepare hardware matmul job@24/?-work_queue,1735.3,1276.5,569.4,573.1,1714.4
394,137719485022206,1757.3,667.4,754.0,336.0,181.6,1541.2,assemble attention plan@24/?-work_queue,Prepare hardware matmul job@24/?-work_queue,1754.8,1226.5,510.6,514.3,1741.3
395,137719490907843,1189.5,272.5,752.2,164.8,57.2,958.7,notify_listener@25/0-worker,work_queue::do_work get_work@24/?-work_queue,1187.6,958.7,249.2,253.1,1173.0
396,137719496240432,998.5,643.2,275.7,79.5,52.6,524.6,kernel_add_rmsnorm_71@25/0-worker,prepare streams@25/0-worker,995.2,905.8,578.4,676.3,983.2
397,137719501354100,925.7,476.9,365.1,83.7,58.3,445.2,kernel_add_rmsnorm_71@25/0-worker,prepare streams@25/0-worker,923.2,829.1,505.1,519.8,909.5
398,137719506327995,1738.8,594.2,785.9,358.7,198.3,492.2,kernel_add_rmsnorm_71@25/0-worker,prepare streams@25/0-worker,1736.9,1401.0,691.9,705.4,1722.4
399,137719512114358,1242.2,787.6,376.6,78.1,50.1,763.1,kernel_add_rmsnorm_71@25/0-worker,prepare streams@25/0-worker,1238.8,1147.4,814.9,825.9,1226.2
400,137719517435382,893.3,541.0,269.7,82.7,54.9,497.1,kernel_add_rmsnorm_71@25/0-worker,prepare streams@25/0-worker,889.9,790.1,553.2,557.9,869.9
401,137719522417790,888.6,525.1,284.3,79.1,52.2,485.1,kernel_add_rmsnorm_71@25/0-worker,prepare streams@25/0-worker,886.3,782.7,538.8,550.4,862.7
402,137719527355774,1662.4,659.8,752.2,250.4,94.5,1527.9,assemble attention plan@24/?-work_queue,Prepare hardware matmul job@24/?-work_queue,1660.2,1200.5,493.7,500.6,1641.5
403,137719533136020,1073.9,478.9,505.1,89.9,63.8,429.7,kernel_add_rmsnorm_71@25/0-worker,prepare streams@25/0-worker,1071.9,969.2,495.1,503.6,1058.8
404,137719538296690,987.2,489.4,421.7,76.1,52.3,447.9,kernel_add_rmsnorm_71@25/0-worker,prepare streams@25/0-worker,985.8,878.9,502.2,513.0,971.4
405,137719543360185,885.5,478.9,329.9,76.6,52.5,437.8,kernel_add_rmsnorm_71@25/0-worker,prepare streams@25/0-worker,883.7,792.5,491.8,501.7,871.3
406,137719548290975,972.4,589.9,301.0,81.4,57.8,579.0,kernel_add_rmsnorm_71@25/0-worker,prepare streams@25/0-worker,970.3,876.8,639.7,645.4,955.9
407,137719553288195,1682.3,728.3,725.6,228.5,76.9,1579.4,assemble attention plan@24/?-work_queue,Prepare hardware matmul job@24/?-work_queue,1679.8,1259.9,561.5,579.5,1665.7
408,137719559076961,1828.5,808.1,796.9,223.5,82.8,1721.3,assemble attention plan@24/?-work_queue,Prepare hardware matmul job@24/?-work_queue,1827.0,1384.6,708.4,714.9,1813.2
409,137719564998988,1181.8,470.9,597.7,113.1,53.3,456.3,kernel_add_rmsnorm_71@25/0-worker,prepare streams@25/0-worker,1179.4,1075.2,516.1,526.2,1156.5
410,137719570284924,1011.9,493.0,436.1,82.8,56.2,459.3,kernel_add_rmsnorm_71@25/0-worker,prepare streams@25/0-worker,1010.2,901.8,516.9,521.8,995.8
411,137719575389770,869.5,475.0,304.4,90.1,65.4,414.6,kernel_add_rmsnorm_71@25/0-worker,prepare streams@25/0-worker,867.9,764.7,481.3,496.1,854.5
412,137719580353142,1699.7,684.1,769.7,245.9,89.1,1440.6,compute_forward_args@24/?-work_queue,partition_listeners@24/?-work_queue,1698.2,1257.6,540.2,550.2,1684.6
413,137719586167970,1038.9,583.6,372.3,83.0,55.2,455.7,kernel_add_rmsnorm_71@25/0-worker,prepare streams@25/0-worker,1036.9,943.4,512.1,609.0,1023.7
414,137719591248996,974.7,499.0,391.2,84.6,53.9,457.3,kernel_add_rmsnorm_71@25/0-worker,prepare streams@25/0-worker,972.2,876.6,524.6,537.0,957.9
415,137719596323733,917.5,517.0,312.4,88.0,63.7,473.8,kernel_add_rmsnorm_71@25/0-worker,prepare streams@25/0-worker,915.4,822.8,539.1,553.9,901.0
416,137719601277868,955.9,534.0,334.0,87.9,54.1,498.7,kernel_add_rmsnorm_71@25/0-worker,prepare streams@25/0-worker,954.2,862.0,555.4,575.3,941.1
417,137719606357603,969.5,576.1,253.6,139.8,56.4,53.0,rx collecting results@147/0-RX-10,Prepare hardware matmul job@24/?-work_queue,966.9,873.7,570.0,577.1,953.0
418,137719611413652,972.6,667.6,282.2,22.8,11.0,929.2,assemble attention plan@24/?-work_queue,Prepare hardware matmul job@24/?-work_queue,970.2,872.3,634.3,643.6,949.9
419,137719616387043,1683.1,713.6,754.5,214.9,73.3,1572.6,assemble attention plan@24/?-work_queue,Prepare hardware matmul job@24/?-work_queue,1680.5,1271.7,565.9,571.6,1666.3
420,137719622204025,855.4,510.4,264.2,80.8,55.0,448.8,kernel_add_rmsnorm_71@25/0-worker,prepare streams@25/0-worker,854.0,744.9,505.6,508.9,840.5
421,137719627090505,934.8,518.7,324.7,91.4,57.8,509.6,kernel_add_rmsnorm_71@25/0-worker,prepare streams@25/0-worker,932.7,819.3,569.4,572.7,919.0
422,137719632092065,993.8,600.7,315.9,77.2,51.2,595.2,kernel_add_rmsnorm_71@25/0-worker,prepare streams@25/0-worker,991.3,891.7,648.1,668.5,978.2
423,137719637129518,1054.1,478.7,482.7,92.7,65.3,430.3,kernel_add_rmsnorm_71@25/0-worker,prepare streams@25/0-worker,1051.9,958.3,497.6,511.3,1038.7
424,137719642226983,996.6,539.7,382.0,74.8,47.2,504.3,rx collecting results@149/0-RX-38,prepare streams@25/0-worker,994.4,900.8,552.7,558.3,981.4
425,137719647309683,1023.6,478.6,415.4,129.6,56.1,520.6,kernel_add_rmsnorm_71@25/0-worker,prepare streams@25/0-worker,1021.3,929.3,578.6,590.4,1008.2
426,137719652406052,950.9,589.3,301.3,60.3,20.8,590.7,kernel_add_rmsnorm_71@25/0-worker,prepare streams@25/0-worker,942.6,843.4,613.1,617.8,929.4
427,137719657467732,899.3,494.2,325.9,79.3,53.0,434.2,kernel_add_rmsnorm_71@25/0-worker,prepare streams@25/0-worker,896.7,792.6,488.3,493.3,875.7
428,137719662451234,919.2,510.4,325.1,83.6,48.0,447.3,kernel_add_rmsnorm_71@25/0-worker,prepare streams@25/0-worker,916.4,814.0,507.6,530.4,903.7
429,137719667436528,908.6,489.4,338.5,80.7,55.4,426.1,kernel_add_rmsnorm_71@25/0-worker,prepare streams@25/0-worker,906.6,804.6,493.5,500.2,894.2
430,137719672487708,831.6,479.7,272.7,79.1,55.8,432.7,kernel_add_rmsnorm_71@25/0-worker,prepare streams@25/0-worker,829.2,726.9,489.8,504.6,816.0
431,137719677386268,783.3,127.6,616.9,38.8,12.6,744.9,assemble attention plan@24/?-work_queue,Prepare hardware matmul job@24/?-work_queue,780.8,686.4,120.6,130.9,767.5
432,137719682221778,1007.3,459.3,467.1,80.9,55.3,425.1,kernel_add_rmsnorm_71@25/0-worker,prepare streams@25/0-worker,1005.5,913.9,481.8,484.9,991.1
433,137719687319132,1295.0,691.4,375.8,227.8,83.0,1187.8,assemble attention plan@24/?-work_queue,Prepare hardware matmul job@24/?-work_queue,1293.4,832.9,485.0,490.9,1280.1
434,137719692747454,1321.2,417.4,802.1,101.7,46.6,1054.0,notify_listener@25/0-worker,work_queue::do_work get_work@24/?-work_queue,1319.3,1054.0,296.7,300.1,1306.0
435,137719698120984,507.1,141.4,339.2,26.6,11.5,462.9,assemble attention plan@24/?-work_queue,Prepare hardware matmul job@24/?-work_queue,498.6,405.5,98.5,103.6,483.8
436,137719702695159,692.6,398.9,268.2,25.5,12.6,644.9,assemble attention plan@24/?-work_queue,Prepare hardware matmul job@24/?-work_queue,690.7,585.9,345.7,356.0,667.5
437,137719707449640,1737.3,751.3,810.2,175.8,79.3,1616.2,assemble attention plan@24/?-work_queue,Prepare hardware matmul job@24/?-work_queue,1735.1,1320.9,587.8,592.8,1721.3
438,137719713323046,930.6,522.2,327.9,80.5,54.5,480.9,kernel_add_rmsnorm_71@25/0-worker,prepare streams@25/0-worker,928.4,825.0,536.8,541.8,914.9
439,137719718303134,941.7,590.3,267.5,83.9,56.1,468.4,kernel_add_rmsnorm_71@25/0-worker,prepare streams@25/0-worker,938.9,841.4,526.1,612.2,925.8
440,137719723364020,990.0,621.2,337.2,31.6,12.9,950.5,assemble attention plan@24/?-work_queue,Prepare hardware matmul job@24/?-work_queue,987.2,891.3,653.2,659.3,973.4
441,137719728476411,1589.1,744.4,726.3,118.4,67.9,1248.0,notify_listener@25/0-worker,work_queue::do_work get_work@24/?-work_queue,1587.7,1248.0,555.6,563.0,1573.8
442,137719734211148,998.3,486.4,431.5,80.4,52.7,445.5,kernel_add_rmsnorm_71@25/0-worker,prepare streams@25/0-worker,995.6,898.9,499.5,513.2,982.6
443,137719739279779,1007.9,566.2,354.8,86.8,60.2,511.0,kernel_add_rmsnorm_71@25/0-worker,prepare streams@25/0-worker,1004.8,912.8,584.2,596.7,990.7
444,137719744418222,1651.4,762.4,729.5,159.4,68.7,1299.9,notify_listener@25/0-worker,work_queue::do_work get_work@24/?-work_queue,1648.5,1299.9,604.3,616.7,1626.9
445,137719750177602,1432.6,729.2,463.1,240.3,94.3,1304.5,assemble attention plan@24/?-work_queue,Prepare hardware matmul job@24/?-work_queue,1430.4,962.2,561.0,565.1,1408.7
446,137719755698791,1371.8,521.2,753.6,97.1,44.7,1053.5,notify_listener@25/0-worker,work_queue::do_work get_work@24/?-work_queue,1369.4,1053.5,335.3,351.6,1356.2
447,137719761137766,1078.4,514.4,486.3,77.7,49.8,472.1,kernel_add_rmsnorm_71@25/0-worker,prepare streams@25/0-worker,1076.4,964.5,523.6,529.8,1061.9
448,137719766267184,948.2,478.7,391.9,77.6,54.0,432.2,kernel_add_rmsnorm_71@25/0-worker,prepare streams@25/0-worker,946.0,851.8,488.8,492.1,932.5
449,137719771302740,466.6,117.6,325.8,23.2,10.8,429.9,assemble attention plan@24/?-work_queue,Prepare hardware matmul job@24/?-work_queue,463.8,372.7,78.0,83.0,450.3
450,137719775815828,547.9,264.3,253.5,30.1,11.3,511.4,assemble attention plan@24/?-work_queue,Prepare hardware matmul job@24/?-work_queue,545.8,447.4,223.5,227.5,531.8
451,137719780398472,502.1,124.9,350.5,26.8,13.9,462.8,assemble attention plan@24/?-work_queue,Prepare hardware matmul job@24/?-work_queue,499.4,405.3,97.9,101.2,486.5
452,137719784924080,1843.7,820.4,780.9,242.4,93.4,1716.0,assemble attention plan@24/?-work_queue,Prepare hardware matmul job@24/?-work_queue,1833.5,1361.2,626.8,635.1,1819.3
453,137719790882930,500.6,216.4,257.2,27.0,13.2,452.9,assemble attention plan@24/?-work_queue,Prepare hardware matmul job@24/?-work_queue,498.2,395.3,167.3,171.5,475.8
454,137719795409104,939.1,536.4,311.4,91.3,60.9,461.7,kernel_add_rmsnorm_71@25/0-worker,prepare streams@25/0-worker,937.1,831.8,524.1,532.7,914.1
455,137719800467583,1623.1,609.4,879.7,134.0,59.6,1365.5,notify_listener@25/0-worker,work_queue::do_work get_work@24/?-work_queue,1620.0,1365.5,546.2,550.2,1605.1
456,137719806162674,1165.4,560.4,270.7,334.3,307.1,432.9,kernel_add_rmsnorm_71@25/0-worker,prepare streams@25/0-worker,1163.0,1064.8,741.5,826.5,1148.1
457,137719811371784,1758.0,727.4,756.1,274.4,122.5,1610.7,assemble attention plan@24/?-work_queue,Prepare hardware matmul job@24/?-work_queue,1755.4,1248.5,531.6,540.5,1742.4
458,137719817235856,1922.6,793.6,757.3,371.7,215.0,1681.3,assemble attention plan@24/?-work_queue,Prepare hardware matmul job@24/?-work_queue,1919.9,1323.8,628.8,639.7,1906.5
459,137719823226953,1844.8,906.0,790.8,147.9,61.9,1547.6,notify_listener@25/0-worker,work_queue::do_work get_work@24/?-work_queue,1842.8,1547.6,791.8,796.0,1829.3
460,137719829156602,955.5,138.6,783.1,33.8,12.4,910.7,assemble attention plan@24/?-work_queue,Prepare hardware matmul job@24/?-work_queue,953.9,850.6,110.4,115.1,932.2
461,137719834163434,1044.5,522.8,440.8,80.8,54.0,454.6,rx collecting results@149/0-RX-38,prepare streams@25/0-worker,1042.0,937.3,523.4,530.1,1027.6
462,137719839300948,932.6,493.1,360.2,79.3,53.7,444.5,kernel_add_rmsnorm_71@25/0-worker,prepare streams@25/0-worker,930.4,828.4,499.5,509.5,916.9
463,137719844252994,1040.7,573.1,387.8,79.8,51.7,531.4,kernel_add_rmsnorm_71@25/0-worker,prepare streams@25/0-worker,1038.4,930.4,584.1,587.8,1024.1
464,137719849406831,815.5,500.6,233.7,81.2,56.1,424.3,kernel_add_rmsnorm_71@25/0-worker,prepare streams@25/0-worker,814.0,719.0,483.7,507.1,800.8
465,137719854290921,926.2,451.9,401.4,72.9,50.4,433.1,kernel_add_rmsnorm_71@25/0-worker,prepare streams@25/0-worker,924.6,834.4,484.9,490.0,911.5
466,137719859378261,994.0,687.8,279.0,27.1,13.1,955.6,assemble attention plan@24/?-work_queue,Prepare hardware matmul job@24/?-work_queue,991.6,894.7,657.6,662.2,978.1
467,137719864424121,551.6,141.0,379.8,30.9,12.3,501.4,assemble attention plan@24/?-work_queue,Prepare hardware matmul job@24/?-work_queue,550.1,437.9,105.6,112.7,523.9
468,137719868985205,455.0,138.2,287.8,29.0,13.0,407.8,assemble attention plan@24/?-work_queue,Prepare hardware matmul job@24/?-work_queue,452.2,343.0,103.4,108.6,438.8
469,137719873509588,1565.7,653.8,763.5,148.3,66.0,1216.1,notify_listener@25/0-worker,work_queue::do_work get_work@24/?-work_queue,1563.0,1216.1,504.0,508.7,1550.0
470,137719879204581,1019.8,477.0,449.6,93.1,61.7,490.8,kernel_add_rmsnorm_71@25/0-worker,prepare streams@25/0-worker,1017.8,916.5,554.0,563.1,1003.1
471,137719884227781,1012.3,481.7,353.3,177.4,99.4,822.2,notify_listener@25/0-worker,work_queue::do_work get_work@24/?-work_queue,1010.3,822.2,495.6,498.9,996.1
472,137719889408288,1775.1,802.8,736.5,235.8,95.7,1653.3,assemble attention plan@24/?-work_queue,Prepare hardware matmul job@24/?-work_queue,1773.2,1296.2,608.6,616.7,1758.7
473,137719895308626,944.8,565.8,300.1,78.8,52.1,541.1,kernel_add_rmsnorm_71@25/0-worker,prepare streams@25/0-worker,942.5,850.1,595.8,651.7,928.2
474,137719900299492,1020.2,523.8,404.9,91.5,54.6,501.6,kernel_add_rmsnorm_71@25/0-worker,prepare streams@25/0-worker,1017.7,913.4,558.2,566.0,997.8
475,137719905405687,932.2,512.4,338.7,81.0,57.9,447.1,kernel_add_rmsnorm_71@25/0-worker,prepare streams@25/0-worker,929.4,824.4,517.3,528.8,904.7
476,137719910355783,951.7,490.5,365.3,95.9,62.0,441.0,kernel_add_rmsnorm_71@25/0-worker,prepare streams@25/0-worker,951.5,842.6,504.4,513.6,935.7
477,137719915345022,927.4,520.3,324.2,82.8,53.5,474.7,kernel_add_rmsnorm_71@25/0-worker,prepare streams@25/0-worker,925.4,816.8,540.9,553.2,911.5
478,137719920337556,1618.9,687.0,696.2,235.7,94.8,1499.0,assemble attention plan@24/?-work_queue,Prepare hardware matmul job@24/?-work_queue,1616.8,1162.3,549.5,558.9,1603.2
479,137719926032403,1129.3,484.6,562.7,82.0,59.5,438.2,kernel_add_rmsnorm_71@25/0-worker,prepare streams@25/0-worker,1127.1,1034.8,499.5,502.7,1114.7
480,137719931280018,981.4,498.3,405.5,77.6,51.3,453.8,rx collecting results@148/0-RX-13,prepare streams@25/0-worker,978.4,882.9,507.4,510.7,964.5
481,137719936341958,980.7,558.9,343.4,78.4,51.9,509.3,kernel_add_rmsnorm_71@25/0-worker,prepare streams@25/0-worker,979.0,884.5,562.8,613.7,966.2
482,137719941440703,921.3,602.4,283.5,35.4,11.8,873.8,assemble attention plan@24/?-work_queue,Prepare hardware matmul job@24/?-work_queue,919.9,815.1,574.4,579.3,895.4
483,137719946424074,1748.4,709.3,816.3,222.9,81.0,1633.7,assemble attention plan@24/?-work_queue,Prepare hardware matmul job@24/?-work_queue,1746.3,1280.4,498.9,503.8,1731.8
484,137719952278608,1009.6,522.3,407.5,79.7,55.1,496.0,kernel_add_rmsnorm_71@25/0-worker,prepare streams@25/0-worker,1007.7,901.8,552.4,558.6,994.3
485,137719957433095,735.4,130.7,575.4,29.3,11.3,698.6,assemble attention plan@24/?-work_queue,Prepare hardware matmul job@24/?-work_queue,732.4,629.6,85.3,89.9,719.2
486,137719962285471,1083.2,667.2,332.8,83.1,58.9,616.9,kernel_add_rmsnorm_71@25/0-worker,prepare streams@25/0-worker,1080.3,983.7,677.5,687.0,1066.7
487,137719967435325,1637.2,717.0,771.7,148.5,60.3,1335.7,notify_listener@25/0-worker,work_queue::do_work get_work@24/?-work_queue,1635.1,1335.7,591.7,789.7,1621.1
488,137719973123028,1122.7,565.5,470.0,87.2,61.5,525.6,kernel_add_rmsnorm_71@25/0-worker,prepare streams@25/0-worker,1121.0,1026.8,588.8,599.4,1108.0
489,137719978304544,1008.3,584.8,344.1,79.4,50.3,539.2,kernel_add_rmsnorm_71@25/0-worker,prepare streams@25/0-worker,1005.9,903.1,591.8,605.2,984.7
490,137719983450762,912.7,486.8,333.4,92.5,54.1,437.3,kernel_add_rmsnorm_71@25/0-worker,prepare streams@25/0-worker,910.7,801.2,492.9,503.1,896.1
491,137719988421190,877.6,502.9,298.9,75.9,51.0,467.1,kernel_add_rmsnorm_71@25/0-worker,prepare streams@25/0-worker,875.0,767.3,519.8,523.4,860.7
492,137719993424393,874.5,494.7,289.5,90.3,55.2,449.5,kernel_add_rmsnorm_71@25/0-worker,prepare streams@25/0-worker,871.9,764.3,506.4,519.8,858.6
493,137719998365393,880.4,530.1,265.0,85.3,58.2,438.1,kernel_add_rmsnorm_71@25/0-worker,prepare streams@25/0-worker,877.4,782.3,497.8,504.2,863.6
494,137720003344987,2353.4,1101.5,1022.2,229.7,110.7,2206.7,assemble attention plan@24/?-work_queue,Prepare hardware matmul job@24/?-work_queue,2350.4,1749.8,823.6,846.1,2327.7
495,137720009757360,1325.4,390.2,823.2,111.9,65.4,1047.9,notify_listener@25/0-worker,work_queue::do_work get_work@24/?-work_queue,1323.7,1047.9,285.6,298.2,1309.7
496,137720015138265,1788.0,689.4,752.9,345.7,191.6,1570.6,assemble attention plan@24/?-work_queue,Prepare hardware matmul job@24/?-work_queue,1785.7,1203.7,482.0,486.6,1772.0
497,137720021079254,1113.3,496.9,525.2,91.2,60.1,485.2,kernel_add_rmsnorm_71@25/0-worker,prepare streams@25/0-worker,1111.3,1007.1,546.6,553.9,1097.6
498,137720026253593,1633.0,675.0,725.4,232.6,88.9,1517.6,assemble attention plan@24/?-work_queue,Prepare hardware matmul job@24/?-work_queue,1630.3,1187.8,492.3,502.9,1615.8
499,137720032046498,1159.2,644.3,428.4,86.5,60.9,590.1,kernel_add_rmsnorm_71@25/0-worker,prepare streams@25/0-worker,1156.9,1059.8,652.9,656.5,1142.7
500,137720037328802,1060.5,595.6,377.1,87.7,56.2,604.7,kernel_add_rmsnorm_71@25/0-worker,prepare streams@25/0-worker,1057.5,963.1,662.8,681.5,1044.9
501,137720042470449,1602.9,703.1,795.7,104.1,52.1,1269.5,notify_listener@25/0-worker,work_queue::do_work get_work@24/?-work_queue,1600.1,1269.5,560.2,564.8,1578.6
502,137720048156274,1090.7,521.6,487.0,82.0,55.5,481.7,kernel_add_rmsnorm_71@25/0-worker,prepare streams@25/0-worker,1088.5,983.1,538.6,550.2,1066.0
503,137720053392068,923.7,494.5,347.0,82.2,57.5,430.5,kernel_add_rmsnorm_71@25/0-worker,prepare streams@25/0-worker,922.1,815.9,490.3,500.6,907.8
504,137720058412999,856.5,489.9,284.7,81.9,57.7,426.1,kernel_add_rmsnorm_71@25/0-worker,prepare streams@25/0-worker,854.1,749.9,485.3,489.6,840.1
505,137720063428788,1638.8,698.2,769.7,170.9,59.7,1250.6,notify_listener@25/0-worker,work_queue::do_work get_work@24/?-work_queue,1636.1,1250.6,532.8,544.8,1622.9
506,137720069123615,932.0,493.8,357.0,81.2,50.9,435.2,kernel_add_rmsnorm_71@25/0-worker,prepare streams@25/0-worker,930.4,818.0,491.4,495.9,916.6
507,137720074165908,1043.9,502.8,459.3,81.8,57.0,461.2,kernel_add_rmsnorm_71@25/0-worker,prepare streams@25/0-worker,1042.4,947.1,519.8,529.0,1028.7
508,137720079318558,927.6,501.6,337.6,88.4,55.8,498.4,kernel_add_rmsnorm_71@25/0-worker,prepare streams@25/0-worker,925.6,829.1,555.9,564.5,912.1
509,137720084394439,1024.5,623.3,324.6,76.6,52.2,507.7,kernel_add_rmsnorm_71@25/0-worker,prepare streams@25/0-worker,1023.2,924.5,620.4,627.9,1007.4
510,137720089485690,1771.8,690.5,792.3,289.0,90.4,1655.0,assemble attention plan@24/?-work_queue,Prepare hardware matmul job@24/?-work_queue,1769.4,1312.7,577.3,581.6,1755.0
511,137720095357050,905.6,515.0,310.4,80.2,52.3,478.3,kernel_add_rmsnorm_71@25/0-worker,prepare streams@25/0-worker,903.5,804.0,532.5,543.6,886.0
512,137720100396483,927.5,488.9,364.0,74.6,48.7,438.2,kernel_add_rmsnorm_71@25/0-worker,prepare streams@25/0-worker,925.3,824.2,488.2,494.8,910.9
513,137720105454252,1753.6,755.2,748.9,249.6,80.6,1647.6,assemble attention plan@24/?-work_queue,Prepare hardware matmul job@24/?-work_queue,1751.7,1281.0,565.0,571.2,1738.6
514,137720111330699,961.9,530.2,352.9,78.8,53.1,472.6,kernel_add_rmsnorm_71@25/0-worker,prepare streams@25/0-worker,960.2,863.8,528.2,556.2,946.6
515,137720116444384,843.6,499.8,266.9,76.9,51.2,443.8,kernel_add_rmsnorm_71@25/0-worker,prepare streams@25/0-worker,841.2,746.4,496.9,518.9,826.6
516,137720121381330,1564.5,649.5,682.1,232.9,97.0,1440.9,assemble attention plan@24/?-work_queue,Prepare hardware matmul job@24/?-work_queue,1562.9,1148.6,486.5,495.0,1548.2
517,137720127053043,1132.8,499.0,556.3,77.4,52.1,463.2,kernel_add_rmsnorm_71@25/0-worker,prepare streams@25/0-worker,1130.3,1036.5,524.9,578.3,1116.8
518,137720132325334,1705.0,701.0,770.9,233.1,83.8,1583.6,assemble attention plan@24/?-work_queue,Prepare hardware matmul job@24/?-work_queue,1702.4,1269.1,534.1,550.1,1682.7
519,137720138181761,1061.4,495.7,484.2,81.6,52.5,450.5,rx collecting results@149/0-RX-38,prepare streams@25/0-worker,1060.0,958.2,504.7,509.5,1044.2
520,137720143343512,1700.9,700.0,802.2,198.7,59.2,487.3,kernel_add_rmsnorm_71@25/0-worker,prepare streams@25/0-worker,1698.3,1290.8,548.3,554.8,1684.1
521,137720149190412,1018.1,487.7,445.4,85.0,60.2,447.8,kernel_add_rmsnorm_71@25/0-worker,prepare streams@25/0-worker,1015.5,913.8,509.9,519.4,1001.1
522,137720154342617,908.0,506.3,316.1,85.6,57.8,469.7,kernel_add_rmsnorm_71@25/0-worker,prepare streams@25/0-worker,906.4,806.5,528.7,538.5,892.0
523,137720159391068,503.5,132.7,344.7,26.1,12.1,466.2,assemble attention plan@24/?-work_queue,Prepare hardware matmul job@24/?-work_queue,501.3,405.9,102.3,106.9,487.7
524,137720164041126,1185.5,613.7,490.7,81.1,55.4,554.3,kernel_add_rmsnorm_71@25/0-worker,prepare streams@25/0-worker,1184.0,1087.2,619.3,630.4,1169.5
525,137720169425268,897.0,501.7,319.3,76.1,49.4,460.6,kernel_add_rmsnorm_71@25/0-worker,prepare streams@25/0-worker,894.3,794.5,511.7,526.6,875.8
526,137720174467520,945.9,510.3,345.2,90.5,65.6,450.2,kernel_add_rmsnorm_71@25/0-worker,prepare streams@25/0-worker,943.4,842.4,527.7,546.4,923.9
527,137720179491849,1659.1,700.6,729.6,228.8,80.5,1546.7,assemble attention plan@24/?-work_queue,Prepare hardware matmul job@24/?-work_queue,1657.1,1206.7,520.8,525.4,1641.6
528,137720185277438,1008.3,503.3,425.7,79.3,52.3,448.8,kernel_add_rmsnorm_71@25/0-worker,prepare streams@25/0-worker,1005.5,902.1,510.3,524.4,991.9
529,137720190424083,1640.6,699.0,783.2,158.4,59.3,1318.1,notify_listener@25/0-worker,work_queue::do_work get_work@24/?-work_queue,1638.4,1318.1,587.2,604.2,1624.5
530,137720196175703,1663.9,698.6,742.7,222.6,84.2,1554.0,assemble attention plan@24/?-work_queue,Prepare hardware matmul job@24/?-work_queue,1661.6,1209.2,500.6,509.9,1647.9
531,137720201991388,885.5,544.7,260.4,80.3,56.1,506.1,kernel_add_rmsnorm_71@25/0-worker,prepare streams@25/0-worker,883.3,788.7,564.5,570.9,870.0
532,137720206983107,502.7,139.8,337.9,25.0,12.7,461.8,assemble attention plan@24/?-work_queue,Prepare hardware matmul job@24/?-work_queue,501.2,401.3,98.8,107.9,484.3
533,137720211578261,847.3,476.0,342.7,28.6,10.3,803.4,assemble attention plan@24/?-work_queue,Prepare hardware matmul job@24/?-work_queue,844.8,745.0,438.9,445.0,824.2
534,137720216493869,1674.8,688.2,770.8,215.8,92.6,1552.1,assemble attention plan@24/?-work_queue,Prepare hardware matmul job@24/?-work_queue,1672.3,1248.2,521.7,526.6,1658.7
535,137720222265736,992.5,482.3,426.5,83.7,53.2,441.9,kernel_add_rmsnorm_71@25/0-worker,prepare streams@25/0-worker,989.9,889.4,496.6,499.9,974.6
536,137720227384157,941.1,517.4,341.4,82.2,51.8,465.0,kernel_add_rmsnorm_71@25/0-worker,prepare streams@25/0-worker,939.6,836.9,518.6,526.9,926.1
537,137720232518923,1541.1,673.9,701.4,165.8,60.8,430.1,kernel_add_rmsnorm_71@25/0-worker,prepare streams@25/0-worker,1539.7,1182.1,492.3,518.8,1526.0
538,137720238156531,1041.6,484.3,475.1,82.2,54.5,447.5,kernel_add_rmsnorm_71@25/0-worker,prepare streams@25/0-worker,1039.2,941.6,503.0,514.4,1025.2
539,137720243285071,957.0,534.8,340.7,81.5,58.5,501.4,kernel_add_rmsnorm_71@25/0-worker,prepare streams@25/0-worker,954.8,858.5,561.3,565.9,940.9
540,137720248366885,939.2,486.4,377.9,75.0,47.6,459.1,kernel_add_rmsnorm_71@25/0-worker,prepare streams@25/0-worker,937.0,835.3,508.2,512.4,918.9
541,137720253400731,933.5,499.1,367.0,67.4,46.4,466.9,kernel_add_rmsnorm_71@25/0-worker,prepare streams@25/0-worker,931.2,835.1,515.3,523.0,913.1
542,137720258466421,1579.8,676.2,722.4,181.2,56.5,1183.4,notify_listener@25/0-worker,work_queue::do_work get_work@24/?-work_queue,1578.0,1183.4,495.9,500.0,1564.9
543,137720264228804,1795.9,819.9,759.8,216.1,75.0,1691.6,assemble attention plan@24/?-work_queue,Prepare hardware matmul job@24/?-work_queue,1793.9,1263.1,537.5,549.9,1779.5
544,137720270177565,1056.8,536.6,435.1,85.2,58.0,504.3,kernel_add_rmsnorm_71@25/0-worker,prepare streams@25/0-worker,1055.0,961.4,563.9,575.7,1040.7
545,137720275357041,1684.3,715.5,777.6,191.2,57.0,1229.0,notify_listener@25/0-worker,work_queue::do_work get_work@24/?-work_queue,1682.1,1229.0,530.6,534.0,1667.6
546,137720281192349,1055.4,503.7,474.5,77.3,51.2,459.6,rx collecting results@147/0-RX-10,prepare streams@25/0-worker,1053.4,959.6,524.6,536.8,1038.2
547,137720286348249,947.1,514.4,356.7,76.0,50.7,472.2,kernel_add_rmsnorm_71@25/0-worker,prepare streams@25/0-worker,945.1,850.6,524.8,535.7,930.3
548,137720291458110,935.0,508.0,340.4,86.6,59.2,457.8,kernel_add_rmsnorm_71@25/0-worker,prepare streams@25/0-worker,933.2,824.4,518.8,531.4,913.3
549,137720296497953,450.3,133.9,284.9,31.5,11.0,406.3,assemble attention plan@24/?-work_queue,Prepare hardware matmul job@24/?-work_queue,447.2,333.4,93.4,97.2,430.8
550,137720301071337,1126.6,538.7,508.5,79.3,53.5,511.6,kernel_add_rmsnorm_71@25/0-worker,prepare streams@25/0-worker,1124.2,1021.1,567.4,571.1,1109.8
551,137720306298376,849.9,492.1,269.1,88.6,60.7,441.1,kernel_add_rmsnorm_71@25/0-worker,prepare streams@25/0-worker,848.2,746.6,503.5,506.9,834.4
552,137720311217686,1019.0,512.2,414.1,92.8,55.5,490.6,kernel_add_rmsnorm_71@25/0-worker,prepare streams@25/0-worker,1017.4,905.5,547.7,563.5,1002.9
553,137720316370412,966.0,523.8,360.2,82.1,55.8,460.0,kernel_add_rmsnorm_71@25/0-worker,prepare streams@25/0-worker,963.9,841.0,517.6,531.5,950.7
554,137720321448406,838.9,490.7,253.5,94.7,58.1,436.7,kernel_add_rmsnorm_71@25/0-worker,prepare streams@25/0-worker,836.2,728.0,496.2,504.2,822.4
555,137720326407491,906.3,484.5,338.0,83.7,59.4,430.0,kernel_add_rmsnorm_71@25/0-worker,prepare streams@25/0-worker,904.4,809.9,491.9,495.3,891.4
556,137720331418592,851.1,474.8,289.5,86.8,56.8,426.4,kernel_add_rmsnorm_71@25/0-worker,prepare streams@25/0-worker,849.1,747.6,484.7,489.4,835.6
557,137720336402103,854.3,476.5,297.0,80.8,54.5,451.0,kernel_add_rmsnorm_71@25/0-worker,prepare streams@25/0-worker,852.0,752.9,506.8,511.1,837.6
558,137720341370942,1003.8,543.9,377.6,82.3,55.6,532.3,kernel_add_rmsnorm_71@25/0-worker,prepare streams@25/0-worker,1001.6,899.0,590.2,597.8,983.2
559,137720346479044,1581.9,674.5,746.1,161.2,57.7,1231.0,notify_listener@25/0-worker,work_queue::do_work get_work@24/?-work_queue,1580.2,1231.0,530.2,537.0,1565.9
560,137720352177111,1050.0,533.4,430.3,86.3,54.0,486.9,kernel_add_rmsnorm_71@25/0-worker,prepare streams@25/0-worker,1047.0,940.2,542.7,549.2,1032.5
561,137720357349430,1692.7,674.9,821.1,196.7,68.9,1291.9,notify_listener@25/0-worker,work_queue::do_work get_work@24/?-work_queue,1690.6,1291.9,521.4,528.1,1677.7
562,137720363171039,1701.8,713.6,751.6,236.6,81.6,1593.8,assemble attention plan@24/?-work_queue,Prepare hardware matmul job@24/?-work_queue,1700.2,1259.7,545.6,550.2,1685.0
563,137720368994145,499.4,128.8,345.6,25.0,12.7,461.9,assemble attention plan@24/?-work_queue,Prepare hardware matmul job@24/?-work_queue,499.1,403.4,101.1,104.8,483.7
564,137720373666325,705.4,395.4,281.9,28.0,11.9,668.1,assemble attention plan@24/?-work_queue,Prepare hardware matmul job@24/?-work_queue,703.5,606.2,362.2,367.2,690.7
565,137720378506609,1552.7,694.0,717.5,141.2,52.6,1185.2,notify_listener@25/0-worker,work_queue::do_work get_work@24/?-work_queue,1550.2,1185.2,506.0,511.6,1531.7
566,137720384150534,959.0,131.8,758.1,69.0,50.7,810.5,notify_listener@25/0-worker,work_queue::do_work get_work@24/?-work_queue,956.9,810.5,92.5,101.3,938.3
567,137720389175367,1145.5,643.1,423.5,78.9,52.5,621.1,kernel_add_rmsnorm_71@25/0-worker,prepare streams@25/0-worker,1143.5,1041.3,675.4,682.6,1123.5
568,137720394453522,860.2,513.5,252.9,93.8,63.4,464.6,kernel_add_rmsnorm_71@25/0-worker,prepare streams@25/0-worker,857.7,749.9,530.4,553.9,843.2
569,137720399465648,498.1,121.0,348.9,28.2,13.1,459.4,assemble attention plan@24/?-work_queue,Prepare hardware matmul job@24/?-work_queue,495.6,393.5,85.1,88.8,481.7
570,137720404103886,1093.4,486.4,521.8,85.3,50.7,446.5,kernel_add_rmsnorm_71@25/0-worker,prepare streams@25/0-worker,1091.3,981.0,499.1,503.4,1077.3
571,137720409271796,2246.9,672.9,460.0,1114.0,914.2,937.0,notify_listener@25/0-worker,work_queue::do_work get_work@24/?-work_queue,2244.2,937.0,510.6,518.7,2230.0
572,137720415695122,1374.0,506.8,768.1,99.1,53.5,1073.1,notify_listener@25/0-worker,work_queue::do_work get_work@24/?-work_queue,1371.9,1073.1,337.1,347.5,1357.0
573,137720421191970,1092.7,636.0,376.1,80.7,55.5,590.4,kernel_add_rmsnorm_71@25/0-worker,prepare streams@25/0-worker,1090.8,994.8,647.9,651.9,1077.2
574,137720426455574,859.2,505.1,274.2,79.9,51.0,474.2,kernel_add_rmsnorm_71@25/0-worker,prepare streams@25/0-worker,857.0,763.2,527.4,540.6,843.8
575,137720431428658,899.9,510.0,303.2,86.7,55.1,490.5,kernel_add_rmsnorm_71@25/0-worker,prepare streams@25/0-worker,898.1,795.6,547.5,561.3,879.5
576,137720436496077,838.8,466.5,291.4,80.9,54.8,430.8,kernel_add_rmsnorm_71@25/0-worker,prepare streams@25/0-worker,836.6,731.5,487.2,498.6,815.8
577,137720441436084,918.7,501.6,329.8,87.3,57.2,451.9,kernel_add_rmsnorm_71@25/0-worker,prepare streams@25/0-worker,916.4,815.0,510.9,515.4,903.7
578,137720446470544,414.5,121.7,267.5,25.2,12.5,375.4,assemble attention plan@24/?-work_queue,Prepare hardware matmul job@24/?-work_queue,411.9,311.8,84.3,91.5,397.3
579,137720450977112,1230.4,307.8,772.5,150.2,83.0,1120.5,assemble attention plan@24/?-work_queue,Prepare hardware matmul job@24/?-work_queue,1228.3,841.5,110.0,120.0,1213.9
580,137720456344633,928.7,479.0,375.8,74.0,49.9,435.0,kernel_add_rmsnorm_71@25/0-worker,prepare streams@25/0-worker,926.7,831.0,487.0,495.6,912.5
581,137720461385370,921.6,488.7,344.2,88.7,62.6,442.4,kernel_add_rmsnorm_71@25/0-worker,prepare streams@25/0-worker,919.0,824.7,506.9,511.4,905.1
582,137720466435603,956.3,525.2,352.6,78.4,54.4,483.9,kernel_add_rmsnorm_71@25/0-worker,prepare streams@25/0-worker,953.9,856.7,540.5,546.7,939.0
583,137720471543513,1503.7,675.8,702.1,125.9,47.5,1141.0,notify_listener@25/0-worker,work_queue::do_work get_work@24/?-work_queue,1501.5,1141.0,466.7,470.3,1487.8
584,137720477199116,1034.6,536.9,421.0,76.8,52.3,468.5,kernel_add_rmsnorm_71@25/0-worker,prepare streams@25/0-worker,1033.0,935.2,533.2,543.1,1016.2
585,137720482409633,1651.3,705.5,751.0,194.8,79.0,1203.6,notify_listener@25/0-worker,work_queue::do_work get_work@24/?-work_queue,1648.9,1203.6,492.9,501.6,1630.1
586,137720488170202,1109.8,609.8,408.1,91.9,61.8,444.5,kernel_add_rmsnorm_71@25/0-worker,prepare streams@25/0-worker,1107.5,1000.1,615.7,639.9,1093.9
587,137720493365034,953.4,527.1,349.1,77.2,49.6,472.4,kernel_add_rmsnorm_71@25/0-worker,prepare streams@25/0-worker,951.6,843.6,523.8,531.4,938.7
588,137720498467512,849.6,494.3,275.6,79.7,52.0,449.2,kernel_add_rmsnorm_71@25/0-worker,prepare streams@25/0-worker,846.7,744.7,503.4,511.0,833.2
589,137720503476303,819.7,487.8,251.1,80.9,55.3,438.9,kernel_add_rmsnorm_71@25/0-worker,prepare streams@25/0-worker,816.8,721.2,495.8,515.3,803.8
590,137720508417890,1649.7,750.8,728.3,170.5,61.5,1285.5,notify_listener@25/0-worker,work_queue::do_work get_work@24/?-work_queue,1647.4,1285.5,599.4,606.6,1633.3
591,137720514175946,921.6,210.3,645.4,65.9,45.9,782.7,notify_listener@25/0-worker,work_queue::do_work get_work@24/?-work_queue,918.4,782.7,97.3,101.1,904.9
592,137720519209697,995.6,490.3,427.5,77.8,53.0,441.9,kernel_add_rmsnorm_71@25/0-worker,prepare streams@25/0-worker,993.2,896.1,496.8,506.6,979.4
593,137720524365527,1639.7,728.4,669.0,242.3,111.3,1498.2,assemble attention plan@24/?-work_queue,Prepare hardware matmul job@24/?-work_queue,1633.9,1207.5,530.7,541.2,1619.1
594,137720530143259,1079.7,534.9,460.0,84.9,52.6,480.2,kernel_add_rmsnorm_71@25/0-worker,prepare streams@25/0-worker,1077.3,963.9,534.4,545.5,1047.7
595,137720535317347,1701.0,690.0,757.7,253.2,100.3,1560.9,assemble attention plan@24/?-work_queue,Prepare hardware matmul job@24/?-work_queue,1699.5,1236.0,508.5,520.0,1670.7
596,137720541199768,1059.3,559.6,413.1,86.6,57.3,585.0,kernel_add_rmsnorm_71@25/0-worker,prepare streams@25/0-worker,1057.5,954.0,644.2,658.9,1044.6
597,137720546369113,794.0,133.7,633.6,26.6,12.2,756.0,assemble attention plan@24/?-work_queue,Prepare hardware matmul job@24/?-work_queue,791.6,692.4,93.2,99.2,777.7
598,137720551304580,1735.4,694.8,822.4,218.2,53.8,1316.8,notify_listener@25/0-worker,work_queue::do_work get_work@24/?-work_queue,1733.2,1316.8,537.0,540.7,1718.6
599,137720557150164,1095.5,504.0,505.9,85.6,58.1,478.3,kernel_add_rmsnorm_71@25/0-worker,prepare streams@25/0-worker,1093.3,993.7,538.2,548.6,1079.0
600,137720562336162,915.0,493.9,331.7,89.4,65.6,444.1,kernel_add_rmsnorm_71@25/0-worker,prepare streams@25/0-worker,912.4,816.0,511.7,522.2,898.6
601,137720567373856,924.1,484.1,356.5,83.5,57.9,436.5,kernel_add_rmsnorm_71@25/0-worker,prepare streams@25/0-worker,922.1,826.6,496.5,503.9,909.0
602,137720572438886,868.0,503.0,275.1,89.9,58.5,470.1,rx collecting results@148/0-RX-13,prepare streams@25/0-worker,865.6,754.3,530.4,535.3,841.6
603,137720577379728,929.2,512.2,333.4,83.5,58.3,452.3,kernel_add_rmsnorm_71@25/0-worker,prepare streams@25/0-worker,926.8,824.7,512.6,521.4,908.3
604,137720582403482,931.2,481.6,367.9,81.6,54.7,442.3,kernel_add_rmsnorm_71@25/0-worker,prepare streams@25/0-worker,929.0,824.3,498.8,508.4,914.3
605,137720587433853,979.0,553.0,339.6,86.4,60.4,469.9,kernel_add_rmsnorm_71@25/0-worker,prepare streams@25/0-worker,977.2,876.0,575.2,583.0,963.1
606,137720592550545,1726.6,749.0,767.8,209.8,121.1,1578.2,assemble attention plan@24/?-work_queue,Prepare hardware matmul job@24/?-work_queue,1724.4,1192.3,470.6,482.4,1709.3
607,137720598484194,914.1,500.4,339.2,74.5,49.0,452.9,kernel_add_rmsnorm_71@25/0-worker,prepare streams@25/0-worker,911.7,814.3,503.8,515.1,896.4
608,137720603564469,804.6,469.2,309.9,25.5,10.5,767.7,assemble attention plan@24/?-work_queue,Prepare hardware matmul job@24/?-work_queue,802.8,706.9,467.0,472.4,788.1
609,137720608511069,832.8,490.0,264.7,78.1,49.5,429.4,kernel_add_rmsnorm_71@25/0-worker,prepare streams@25/0-worker,830.7,738.2,486.5,497.2,817.5
610,137720613492972,1585.2,618.9,797.2,169.0,89.8,1271.4,notify_listener@25/0-worker,work_queue::do_work get_work@24/?-work_queue,1582.1,1271.4,517.7,527.1,1558.0
611,137720619186036,849.8,497.7,260.5,91.7,60.8,455.3,kernel_add_rmsnorm_71@25/0-worker,prepare streams@25/0-worker,848.2,745.7,517.8,523.5,829.4
612,137720624160328,1069.8,532.6,464.8,72.4,42.4,483.6,kernel_add_rmsnorm_71@25/0-worker,prepare streams@25/0-worker,1067.3,957.9,527.9,531.4,1053.1
613,137720629415273,940.4,500.4,358.3,81.7,53.2,448.7,rx collecting results@148/0-RX-13,prepare streams@25/0-worker,937.8,832.2,503.8,513.3,924.0
614,137720634485827,1590.3,696.6,772.7,121.0,80.6,1235.3,notify_listener@25/0-worker,work_queue::do_work get_work@24/?-work_queue,1588.0,1235.3,530.2,535.8,1574.2
615,137720640230660,1284.5,364.0,740.1,180.3,93.2,1166.4,assemble attention plan@24/?-work_queue,Prepare hardware matmul job@24/?-work_queue,1282.8,804.8,109.0,115.7,1268.8
616,137720645652240,722.7,424.6,268.1,29.9,12.0,684.7,assemble attention plan@24/?-work_queue,Prepare hardware matmul job@24/?-work_queue,720.7,622.8,382.2,387.8,706.6
617,137720650584095,813.9,486.4,301.6,25.8,10.4,778.7,assemble attention plan@24/?-work_queue,Prepare hardware matmul job@24/?-work_queue,812.2,715.5,449.0,457.8,798.4
618,137720655491626,1587.4,638.9,795.2,153.2,82.3,1270.3,notify_listener@25/0-worker,work_queue::do_work get_work@24/?-work_queue,1585.7,1270.3,523.3,531.8,1566.0
619,137720661192032,1028.8,521.0,414.5,93.2,69.0,472.4,kernel_add_rmsnorm_71@25/0-worker,prepare streams@25/0-worker,1025.9,924.5,543.3,550.1,1010.7
620,137720666363879,939.4,494.8,362.4,82.2,52.3,442.7,kernel_add_rmsnorm_71@25/0-worker,prepare streams@25/0-worker,937.6,832.9,496.8,503.6,924.0
621,137720671440860,839.8,482.6,283.3,73.8,48.5,432.5,kernel_add_rmsnorm_71@25/0-worker,prepare streams@25/0-worker,837.7,734.2,482.9,486.7,823.8
622,137720676448706,412.0,118.9,268.2,24.9,11.0,375.5,assemble attention plan@24/?-work_queue,Prepare hardware matmul job@24/?-work_queue,410.1,315.3,87.1,94.7,396.0
623,137720680983239,1087.0,235.3,748.8,102.9,52.2,820.1,notify_listener@25/0-worker,work_queue::do_work get_work@24/?-work_queue,1084.3,820.1,107.4,113.0,1070.6
624,137720686196389,1004.4,483.3,445.2,75.9,49.8,434.2,kernel_add_rmsnorm_71@25/0-worker,prepare streams@25/0-worker,1002.3,905.1,486.1,490.2,988.7
625,137720691365928,1674.3,757.1,735.0,182.2,60.6,524.6,kernel_add_rmsnorm_71@25/0-worker,prepare streams@25/0-worker,1671.7,1290.3,588.0,611.8,1657.4
626,137720697230340,1049.8,559.4,416.3,74.1,46.3,530.7,kernel_add_rmsnorm_71@25/0-worker,prepare streams@25/0-worker,1047.4,947.0,578.2,582.8,1030.3
627,137720702386926,882.8,506.1,298.5,78.1,53.1,460.6,rx collecting results@147/0-RX-10,prepare streams@25/0-worker,880.9,780.3,515.6,523.4,862.7
628,137720707464979,1669.6,670.0,750.4,249.2,128.3,1516.2,assemble attention plan@24/?-work_queue,Prepare hardware matmul job@24/?-work_queue,1667.8,1223.1,506.9,522.5,1653.7
629,137720713289207,984.5,496.3,402.8,85.4,57.7,442.1,kernel_add_rmsnorm_71@25/0-worker,prepare streams@25/0-worker,982.1,879.3,501.8,505.4,968.2
630,137720718410961,502.9,137.9,338.5,26.5,12.8,464.8,assemble attention plan@24/?-work_queue,Prepare hardware matmul job@24/?-work_queue,501.1,401.4,96.9,102.9,487.1
631,137720723078294,1089.6,463.3,548.1,78.2,52.0,413.8,rx collecting results@147/0-RX-10,prepare streams@25/0-worker,1086.9,989.3,467.8,474.9,1073.5
632,137720728343707,955.4,499.4,371.9,84.0,58.2,447.4,kernel_add_rmsnorm_71@25/0-worker,prepare streams@25/0-worker,952.9,853.6,507.3,522.8,938.7
633,137720733445868,1595.5,705.4,727.9,162.2,57.8,1228.0,notify_listener@25/0-worker,work_queue::do_work get_work@24/?-work_queue,1593.8,1228.0,529.9,533.6,1579.4
634,137720739192865,1063.3,523.6,447.8,91.9,53.1,482.1,kernel_add_rmsnorm_71@25/0-worker,prepare streams@25/0-worker,1061.8,951.9,536.9,546.4,1041.5
635,137720744414295,950.5,529.2,337.9,83.4,55.0,462.4,kernel_add_rmsnorm_71@25/0-worker,prepare streams@25/0-worker,948.5,831.1,519.4,533.8,914.6
636,137720749521382,1688.4,750.8,703.4,234.2,94.5,1555.2,assemble attention plan@24/?-work_queue,Prepare hardware matmul job@24/?-work_queue,1685.7,1158.9,492.3,506.2,1669.3
637,137720755386858,926.3,504.5,342.9,79.0,50.0,460.2,kernel_add_rmsnorm_71@25/0-worker,prepare streams@25/0-worker,923.8,821.0,512.2,516.7,910.3
638,137720760457845,867.2,511.3,269.4,86.5,58.7,460.1,kernel_add_rmsnorm_71@25/0-worker,prepare streams@25/0-worker,865.2,761.4,521.1,537.8,851.6
639,137720765512998,830.0,483.2,271.5,75.3,49.3,431.7,kernel_add_rmsnorm_71@25/0-worker,prepare streams@25/0-worker,827.4,730.7,483.2,500.3,813.5
640,137720770570121,1492.0,651.5,719.4,121.1,54.3,1134.4,notify_listener@25/0-worker,work_queue::do_work get_work@24/?-work_queue,1490.2,1134.4,450.1,457.3,1475.1
641,137720776236344,1032.0,524.8,423.8,83.4,58.4,493.2,kernel_add_rmsnorm_71@25/0-worker,prepare streams@25/0-worker,1030.2,932.7,554.0,560.3,1015.6
642,137720781447536,906.3,527.7,299.6,79.0,51.9,487.0,kernel_add_rmsnorm_71@25/0-worker,prepare streams@25/0-worker,904.1,804.0,551.1,563.7,886.0
643,137720786527976,1681.0,671.5,794.4,215.0,85.7,1550.3,assemble attention plan@24/?-work_queue,Prepare hardware matmul job@24/?-work_queue,1678.8,1234.8,485.6,494.9,1652.8
644,137720792319927,932.1,505.6,335.7,90.7,63.1,453.7,kernel_add_rmsnorm_71@25/0-worker,prepare streams@25/0-worker,930.1,825.1,518.5,529.2,915.9
645,137720797387602,889.5,509.9,297.2,82.4,52.7,475.7,kernel_add_rmsnorm_71@25/0-worker,prepare streams@25/0-worker,887.4,785.2,530.5,533.8,873.9
646,137720802443773,1705.6,723.9,757.1,224.6,85.4,1593.3,assemble attention plan@24/?-work_queue,Prepare hardware matmul job@24/?-work_queue,1703.4,1226.2,514.0,526.4,1688.3
647,137720808357541,933.6,477.4,379.0,77.3,48.3,427.7,kernel_add_rmsnorm_71@25/0-worker,prepare streams@25/0-worker,932.1,834.1,478.2,487.3,918.3
648,137720813432963,838.7,496.0,257.6,85.1,56.4,449.4,kernel_add_rmsnorm_71@25/0-worker,prepare streams@25/0-worker,836.7,738.1,507.9,514.4,822.6
649,137720818450873,827.2,481.4,263.0,82.8,59.4,435.2,kernel_add_rmsnorm_71@25/0-worker,prepare streams@25/0-worker,825.0,731.1,496.8,508.5,811.9
650,137720823429969,919.6,513.8,329.1,76.7,48.0,467.1,kernel_add_rmsnorm_71@25/0-worker,prepare streams@25/0-worker,918.0,817.4,516.8,520.8,904.0
651,137720828505600,443.0,131.5,286.8,24.7,11.7,401.5,assemble attention plan@24/?-work_queue,Prepare hardware matmul job@24/?-work_queue,440.6,339.0,96.3,100.1,422.8
652,137720833034068,1237.7,315.0,733.0,189.7,100.3,1108.2,assemble attention plan@24/?-work_queue,Prepare hardware matmul job@24/?-work_queue,1236.1,776.0,90.5,94.6,1223.0
653,137720838410962,898.2,543.1,275.1,80.0,53.7,488.0,kernel_add_rmsnorm_71@25/0-worker,prepare streams@25/0-worker,895.8,792.6,543.4,547.2,881.3
654,137720843430065,939.7,507.8,343.4,88.5,58.6,468.3,kernel_add_rmsnorm_71@25/0-worker,prepare streams@25/0-worker,937.6,835.2,529.0,533.2,923.4
655,137720848517549,819.4,465.7,271.8,82.0,52.8,422.4,kernel_add_rmsnorm_71@25/0-worker,prepare streams@25/0-worker,817.0,718.5,477.4,490.5,803.7
656,137720853451851,1612.0,668.2,786.1,157.6,55.3,504.6,kernel_add_rmsnorm_71@25/0-worker,prepare streams@25/0-worker,1610.2,1257.3,562.1,574.1,1596.4
657,137720859229182,1035.7,523.4,427.2,85.1,55.3,461.4,kernel_add_rmsnorm_71@25/0-worker,prepare streams@25/0-worker,1034.0,932.9,519.4,533.1,1019.1
658,137720864429915,734.8,145.2,564.0,25.6,12.9,696.3,assemble attention plan@24/?-work_queue,Prepare hardware matmul job@24/?-work_queue,732.3,633.8,101.4,114.2,718.8
659,137720869363612,937.4,518.8,346.7,71.9,47.2,474.3,kernel_add_rmsnorm_71@25/0-worker,prepare streams@25/0-worker,935.5,835.7,523.0,526.8,917.5
660,137720874459517,857.3,489.4,277.8,90.1,66.0,434.0,kernel_add_rmsnorm_71@25/0-worker,prepare streams@25/0-worker,855.3,742.4,501.9,509.2,823.8
661,137720879498487,1568.9,693.5,717.3,158.2,51.9,458.8,rx collecting results@147/0-RX-10,prepare streams@25/0-worker,1565.9,1193.1,512.3,517.6,1552.6
662,137720885219585,1025.6,511.8,431.5,82.3,52.9,464.1,kernel_add_rmsnorm_71@25/0-worker,prepare streams@25/0-worker,1023.3,918.9,518.1,521.8,1009.8
663,137720890359133,1690.7,741.1,736.7,212.9,65.9,1227.1,notify_listener@25/0-worker,work_queue::do_work get_work@24/?-work_queue,1688.3,1227.1,509.0,513.3,1671.1
664,137720896219013,1009.4,507.5,419.3,82.6,54.3,490.0,kernel_add_rmsnorm_71@25/0-worker,prepare streams@25/0-worker,1006.3,908.7,546.8,554.5,991.7
665,137720901374304,952.8,595.8,271.3,85.7,56.7,547.1,kernel_add_rmsnorm_71@25/0-worker,prepare streams@25/0-worker,950.6,851.3,605.6,615.2,936.4
666,137720906444750,883.5,494.5,302.4,86.6,58.0,455.0,kernel_add_rmsnorm_71@25/0-worker,prepare streams@25/0-worker,881.1,778.9,526.3,542.4,867.5
667,137720911487846,1667.7,717.9,711.2,238.5,109.0,1529.2,assemble attention plan@24/?-work_queue,Prepare hardware matmul job@24/?-work_queue,1665.9,1202.1,525.3,537.5,1647.9
668,137720917357237,1702.9,759.0,806.7,137.2,50.0,513.3,kernel_add_rmsnorm_71@25/0-worker,prepare streams@25/0-worker,1701.2,1330.6,565.8,572.0,1686.7
669,137720923191940,1024.5,510.5,429.8,84.3,58.5,457.1,kernel_add_rmsnorm_71@25/0-worker,prepare streams@25/0-worker,1021.9,917.5,517.8,537.6,1007.7
670,137720928427960,848.5,491.5,269.7,87.3,55.3,438.6,kernel_add_rmsnorm_71@25/0-worker,prepare streams@25/0-worker,846.7,740.8,495.4,499.1,832.6
671,137720933461248,2453.7,780.4,582.9,1090.5,931.8,1089.3,notify_listener@25/0-worker,work_queue::do_work get_work@24/?-work_queue,2450.9,1089.3,552.4,557.9,2437.2
672,137720940135593,1068.0,547.6,443.0,77.3,53.6,508.1,rx collecting results@148/0-RX-13,prepare streams@25/0-worker,1064.8,971.4,563.9,567.6,1052.2
673,137720945359242,1000.7,547.9,377.0,75.8,53.0,541.1,kernel_add_rmsnorm_71@25/0-worker,prepare streams@25/0-worker,997.9,902.8,595.6,607.7,983.6
674,137720950546239,849.8,518.6,303.9,27.4,12.5,812.7,assemble attention plan@24/?-work_queue,Prepare hardware matmul job@24/?-work_queue,848.1,748.7,487.2,491.3,834.4
675,137720955572784,1707.4,701.5,777.1,228.8,95.6,1579.2,assemble attention plan@24/?-work_queue,Prepare hardware matmul job@24/?-work_queue,1705.0,1252.7,511.4,517.3,1685.4
676,137720961450594,945.0,516.0,343.3,85.7,57.9,464.0,kernel_add_rmsnorm_71@25/0-worker,prepare streams@25/0-worker,942.2,838.8,523.9,534.6,923.6
677,137720966523634,1717.0,749.5,766.6,200.9,90.7,1600.2,assemble attention plan@24/?-work_queue,Prepare hardware matmul job@24/?-work_queue,1714.9,1203.3,490.3,495.2,1700.8
678,137720972470325,937.4,498.5,357.1,81.9,56.0,466.8,kernel_add_rmsnorm_71@25/0-worker,prepare streams@25/0-worker,936.0,832.0,524.8,528.8,922.1
679,137720977609552,1448.4,649.4,693.2,105.7,53.2,1084.3,notify_listener@25/0-worker,work_queue::do_work get_work@24/?-work_queue,1445.8,1084.3,426.2,435.7,1432.0
680,137720983258444,995.0,583.5,327.8,83.7,57.8,565.1,kernel_add_rmsnorm_71@25/0-worker,prepare streams@25/0-worker,993.3,893.5,625.1,632.7,978.9
681,137720988470133,863.6,499.9,277.9,85.8,58.7,460.5,rx collecting results@149/0-RX-38,prepare streams@25/0-worker,861.6,766.2,522.0,541.9,847.4
682,137720993535495,1909.1,801.2,747.5,360.4,238.5,1634.5,assemble attention plan@24/?-work_queue,Prepare hardware matmul job@24/?-work_queue,1907.3,1282.3,564.8,571.5,1882.5
683,137720999593141,1476.7,634.5,732.9,109.4,48.9,1122.0,notify_listener@25/0-worker,work_queue::do_work get_work@24/?-work_queue,1474.3,1122.0,429.2,437.0,1455.6
684,137721005301872,950.1,511.7,362.6,75.8,51.3,466.5,kernel_add_rmsnorm_71@25/0-worker,prepare streams@25/0-worker,948.0,841.6,520.1,526.7,932.9
685,137721010484925,1810.1,699.8,734.7,375.6,140.7,1530.7,gather_token_data@24/?-work_queue,assemble attention plan@24/?-work_queue,1808.2,1236.3,526.9,530.4,1794.7
686,137721016469224,1576.9,714.9,715.5,146.5,55.9,1176.4,notify_listener@25/0-worker,work_queue::do_work get_work@24/?-work_queue,1574.6,1176.4,485.4,504.6,1560.3
687,137721022186678,1061.1,504.8,478.1,78.2,52.4,452.6,kernel_add_rmsnorm_71@25/0-worker,prepare streams@25/0-worker,1058.8,959.3,507.0,517.6,1044.5
688,137721027412037,855.1,486.4,286.7,82.0,55.4,447.6,kernel_add_rmsnorm_71@25/0-worker,prepare streams@25/0-worker,852.7,753.6,505.0,510.6,837.9
689,137721032487335,1588.8,607.8,853.3,127.7,45.6,1330.1,notify_listener@25/0-worker,work_queue::do_work get_work@24/?-work_queue,1583.4,1330.1,528.1,537.1,1569.1
690,137721038278845,997.0,503.0,414.4,79.6,55.2,459.7,kernel_add_rmsnorm_71@25/0-worker,prepare streams@25/0-worker,995.1,892.0,517.0,528.7,975.1
691,137721043487485,1560.8,680.7,705.0,175.1,53.0,429.9,kernel_add_rmsnorm_71@25/0-worker,prepare streams@25/0-worker,1557.9,1156.2,485.0,493.2,1544.4
692,137721049261977,981.0,506.9,393.9,80.3,55.5,473.4,kernel_add_rmsnorm_71@25/0-worker,prepare streams@25/0-worker,979.2,874.4,531.6,539.3,964.8
693,137721054407087,1738.6,714.1,776.1,248.5,97.2,1615.6,assemble attention plan@24/?-work_queue,Prepare hardware matmul job@24/?-work_queue,1735.7,1264.9,524.3,532.4,1722.0
694,137721060365396,1663.5,700.8,711.8,250.9,103.0,1522.9,assemble attention plan@24/?-work_queue,Prepare hardware matmul job@24/?-work_queue,1661.5,1181.6,499.9,507.8,1645.5
695,137721066223035,1033.0,532.1,418.4,82.5,58.7,485.1,kernel_add_rmsnorm_71@25/0-worker,prepare streams@25/0-worker,1030.5,932.4,546.1,551.2,1016.9
696,137721071417705,1626.6,664.1,752.6,209.9,61.4,428.1,kernel_add_rmsnorm_71@25/0-worker,prepare streams@25/0-worker,1623.7,1209.3,491.4,500.1,1605.3
697,137721077224580,884.0,141.0,719.6,23.4,11.0,842.4,assemble attention plan@24/?-work_queue,Prepare hardware matmul job@24/?-work_queue,881.8,781.6,108.4,114.2,866.5
698,137721082242551,1012.9,549.5,389.6,73.8,46.5,534.9,kernel_add_rmsnorm_71@25/0-worker,prepare streams@25/0-worker,1010.0,901.9,583.8,618.9,996.6
699,137721087423530,873.8,579.0,218.8,75.9,51.5,429.0,kernel_add_rmsnorm_71@25/0-worker,prepare streams@25/0-worker,871.5,772.7,482.5,590.4,857.1
700,137721092470990,838.0,488.4,268.5,81.1,53.5,439.5,kernel_add_rmsnorm_71@25/0-worker,prepare streams@25/0-worker,836.3,737.5,495.2,508.4,822.5
701,137721097547710,843.1,486.9,316.7,39.5,14.1,803.0,assemble attention plan@24/?-work_queue,Prepare hardware matmul job@24/?-work_queue,841.3,741.5,495.5,499.2,826.9
702,137721102563499,1616.0,686.1,728.0,202.0,96.2,1494.3,assemble attention plan@24/?-work_queue,Prepare hardware matmul job@24/?-work_queue,1612.6,1145.6,450.0,460.1,1600.0
703,137721108364727,1680.7,741.8,723.0,215.9,73.8,1577.8,assemble attention plan@24/?-work_queue,Prepare hardware matmul job@24/?-work_queue,1678.7,1250.8,565.7,573.0,1661.0
704,137721114203269,1049.7,503.2,467.2,79.2,57.2,457.5,rx collecting results@148/0-RX-13,prepare streams@25/0-worker,1048.2,945.3,516.5,523.6,1028.4
705,137721119438247,916.2,500.4,335.4,80.4,56.0,450.4,kernel_add_rmsnorm_71@25/0-worker,prepare streams@25/0-worker,914.2,812.0,508.3,515.5,899.9
706,137721124551400,1526.3,610.2,782.5,133.6,45.2,453.2,kernel_add_rmsnorm_71@25/0-worker,prepare streams@25/0-worker,1524.8,1252.7,500.6,509.5,1510.9
707,137721130242726,2058.0,1019.9,780.6,257.4,106.8,1924.4,assemble attention plan@24/?-work_queue,Prepare hardware matmul job@24/?-work_queue,2055.3,1499.9,774.5,780.4,2041.6
708,137721136532823,1539.6,656.2,725.8,157.7,61.1,1192.4,notify_listener@25/0-worker,work_queue::do_work get_work@24/?-work_queue,1537.3,1192.4,519.6,535.0,1523.5
709,137721142269877,1028.1,556.6,387.3,84.2,57.1,512.3,kernel_add_rmsnorm_71@25/0-worker,prepare streams@25/0-worker,1025.8,920.5,571.7,580.6,1008.2
710,137721147520769,1552.1,678.4,743.5,130.3,49.4,1213.4,notify_listener@25/0-worker,work_queue::do_work get_work@24/?-work_queue,1549.8,1213.4,493.9,507.2,1534.3
711,137721153239841,1046.4,531.1,425.6,89.7,59.3,497.1,kernel_add_rmsnorm_71@25/0-worker,prepare streams@25/0-worker,1044.0,938.5,558.1,565.5,1030.1
712,137721158484435,1580.4,676.6,751.1,152.7,60.4,463.6,kernel_add_rmsnorm_71@25/0-worker,prepare streams@25/0-worker,1578.1,1234.0,526.4,531.1,1563.8
713,137721164276051,923.8,491.8,347.8,84.2,58.7,452.7,kernel_add_rmsnorm_71@25/0-worker,prepare streams@25/0-worker,920.8,824.5,513.9,518.1,907.3
714,137721169315878,925.8,511.5,322.2,92.1,62.7,451.9,kernel_add_rmsnorm_71@25/0-worker,prepare streams@25/0-worker,923.5,819.2,516.6,527.0,909.5
715,137721174440908,924.7,635.3,259.7,29.7,12.8,886.3,assemble attention plan@24/?-work_queue,Prepare hardware matmul job@24/?-work_queue,922.3,822.9,590.5,596.7,908.5
716,137721179542650,525.5,148.9,351.6,25.0,11.3,483.3,assemble attention plan@24/?-work_queue,Prepare hardware matmul job@24/?-work_queue,523.3,417.1,105.8,109.5,504.5
717,137721184245528,1024.1,513.2,438.9,72.1,47.1,487.5,rx collecting results@150/0-RX-3b,prepare streams@25/0-worker,1022.1,917.9,537.0,546.9,1006.2
718,137721189448183,862.2,506.6,270.3,85.3,56.8,464.9,kernel_add_rmsnorm_71@25/0-worker,prepare streams@25/0-worker,860.8,757.5,523.8,545.6,846.6
719,137721194487047,1556.7,703.9,696.1,156.7,67.6,424.2,kernel_add_rmsnorm_71@25/0-worker,prepare streams@25/0-worker,1554.2,1188.4,493.3,525.3,1539.2
720,137721200245788,1064.4,525.2,343.2,196.0,171.9,459.5,kernel_add_rmsnorm_71@25/0-worker,prepare streams@25/0-worker,1060.8,962.0,633.7,639.0,1047.2
721,137721205457610,865.3,497.7,279.6,88.1,61.8,454.5,kernel_add_rmsnorm_71@25/0-worker,prepare streams@25/0-worker,863.4,764.9,519.0,527.6,848.9
722,137721210509990,1564.0,702.9,712.5,148.5,50.1,1180.3,notify_listener@25/0-worker,work_queue::do_work get_work@24/?-work_queue,1561.4,1180.3,501.5,511.2,1542.5
723,137721216268904,1723.7,716.4,791.0,216.3,83.7,1606.6,assemble attention plan@24/?-work_queue,Prepare hardware matmul job@24/?-work_queue,1721.0,1270.0,518.3,527.8,1704.5
724,137721222176063,1086.7,560.0,440.8,85.9,56.8,528.1,kernel_add_rmsnorm_71@25/0-worker,prepare streams@25/0-worker,1084.6,981.0,587.4,613.5,1070.5
725,137721227428665,882.1,529.5,268.1,84.5,60.6,483.4,kernel_add_rmsnorm_71@25/0-worker,prepare streams@25/0-worker,880.1,779.0,545.5,554.9,866.3
726,137721232531138,1529.1,670.4,727.3,131.3,50.8,1179.1,notify_listener@25/0-worker,work_queue::do_work get_work@24/?-work_queue,1526.4,1179.1,479.7,483.2,1512.7
727,137721238328013,1710.0,712.1,744.6,253.3,87.7,1597.6,assemble attention plan@24/?-work_queue,Prepare hardware matmul job@24/?-work_queue,1707.7,1238.9,529.7,537.0,1694.5
728,137721244267454,1236.8,726.3,251.7,258.8,103.9,1107.1,assemble attention plan@24/?-work_queue,Prepare hardware matmul job@24/?-work_queue,1235.3,736.6,508.7,513.3,1220.0
729,137721249675167,594.7,141.8,428.1,24.8,12.3,551.4,assemble attention plan@24/?-work_queue,Prepare hardware matmul job@24/?-work_queue,591.6,489.5,108.2,112.3,573.8
730,137721254412434,861.8,498.0,286.2,77.6,50.2,448.3,kernel_add_rmsnorm_71@25/0-worker,prepare streams@25/0-worker,859.9,754.4,500.0,507.4,842.0
731,137721259515456,1557.5,659.2,743.0,155.3,77.8,1210.8,notify_listener@25/0-worker,work_queue::do_work get_work@24/?-work_queue,1555.4,1210.8,501.2,506.6,1541.3
732,137721265273107,998.8,517.4,397.7,83.8,56.4,457.6,kernel_add_rmsnorm_71@25/0-worker,prepare streams@25/0-worker,996.8,891.4,516.0,523.4,982.0
733,137721270506730,878.5,556.3,283.8,38.4,13.3,836.9,assemble attention plan@24/?-work_queue,Prepare hardware matmul job@24/?-work_queue,876.6,770.3,526.6,540.2,860.2
734,137721275522305,896.7,522.0,341.5,33.2,11.6,858.6,assemble attention plan@24/?-work_queue,Prepare hardware matmul job@24/?-work_queue,894.4,796.6,494.1,497.8,880.2
735,137721280633550,1440.6,575.5,733.5,131.6,92.9,1103.2,notify_listener@25/0-worker,work_queue::do_work get_work@24/?-work_queue,1438.7,1103.2,403.7,412.9,1423.3
736,137721286256992,1033.4,533.9,415.2,84.4,54.8,497.0,kernel_add_rmsnorm_71@25/0-worker,prepare streams@25/0-worker,1028.1,930.2,554.0,560.3,1013.5
737,137721291463114,915.0,505.1,327.8,82.0,52.0,448.3,kernel_add_rmsnorm_71@25/0-worker,prepare streams@25/0-worker,912.9,804.8,502.0,507.1,894.7
738,137721296554236,1520.7,597.7,765.0,157.9,67.2,1260.9,notify_listener@25/0-worker,work_queue::do_work get_work@24/?-work_queue,1519.0,1260.9,572.8,584.7,1505.1
739,137721302294495,982.2,519.2,375.4,87.6,56.3,490.5,kernel_add_rmsnorm_71@25/0-worker,prepare streams@25/0-worker,980.4,876.3,548.7,553.2,967.7
740,137721307432326,930.3,505.7,348.9,75.7,49.0,454.8,kernel_add_rmsnorm_71@25/0-worker,prepare streams@25/0-worker,928.4,826.0,510.0,525.8,914.1
741,137721312553279,804.5,501.1,275.2,28.2,12.0,767.3,assemble attention plan@24/?-work_queue,Prepare hardware matmul job@24/?-work_queue,801.7,697.8,462.4,466.2,788.8
742,137721317548668,811.9,501.3,278.1,32.5,12.2,772.8,assemble attention plan@24/?-work_queue,Prepare hardware matmul job@24/?-work_queue,809.4,708.7,471.5,479.1,794.6
743,137721322612659,1478.4,599.0,729.7,149.7,100.8,1119.2,notify_listener@25/0-worker,work_queue::do_work get_work@24/?-work_queue,1476.3,1119.2,425.6,437.0,1442.8
744,137721328230988,1050.5,544.7,410.9,94.9,67.0,491.1,kernel_add_rmsnorm_71@25/0-worker,prepare streams@25/0-worker,1048.4,937.9,573.3,589.5,1032.8
745,137721333468743,919.2,482.9,344.1,92.2,59.1,427.5,kernel_add_rmsnorm_71@25/0-worker,prepare streams@25/0-worker,916.7,810.0,499.2,512.3,901.6
746,137721338590031,868.0,495.2,340.4,32.5,17.2,824.4,assemble attention plan@24/?-work_queue,Prepare hardware matmul job@24/?-work_queue,865.5,753.0,446.6,451.1,851.4
747,137721343623667,520.2,123.8,356.7,39.6,19.9,403.8,notify_listener@25/0-worker,work_queue::do_work get_work@24/?-work_queue,517.4,403.8,93.0,96.9,501.6
748,137721348285873,951.0,511.3,354.2,85.6,57.4,445.0,kernel_add_rmsnorm_71@25/0-worker,prepare streams@25/0-worker,949.1,846.0,504.3,519.1,935.7
749,137721353436557,959.2,519.4,337.3,102.6,73.4,464.1,kernel_add_rmsnorm_71@25/0-worker,prepare streams@25/0-worker,956.5,853.7,539.2,544.9,943.1
750,137721358539362,1528.6,642.8,761.9,123.9,63.3,1205.8,notify_listener@25/0-worker,work_queue::do_work get_work@24/?-work_queue,1526.7,1205.8,475.0,484.2,1512.5
751,137721364271901,1066.3,538.4,418.6,109.3,56.4,492.3,kernel_add_rmsnorm_71@25/0-worker,prepare streams@25/0-worker,1064.4,914.9,550.9,567.8,1006.5
752,137721369531742,1555.9,634.6,748.1,173.2,65.1,1249.8,notify_listener@25/0-worker,work_queue::do_work get_work@24/?-work_queue,1553.7,1249.8,531.7,538.6,1532.6
753,137721375306820,1773.2,629.5,954.2,189.5,75.4,1430.2,notify_listener@25/0-worker,work_queue::do_work get_work@24/?-work_queue,1769.7,1430.2,504.6,511.2,1755.0
754,137721381248478,1813.5,813.6,787.5,212.4,83.1,1251.4,notify_listener@25/0-worker,work_queue::do_work get_work@24/?-work_queue,1811.7,1251.4,502.5,508.7,1797.0
755,137721387216175,1026.6,592.2,346.1,88.4,59.6,517.1,kernel_add_rmsnorm_71@25/0-worker,prepare streams@25/0-worker,1023.6,923.9,578.4,623.4,1010.3
756,137721392388187,1785.3,791.2,765.9,228.2,89.2,1670.8,assemble attention plan@24/?-work_queue,Prepare hardware matmul job@24/?-work_queue,1783.0,1351.6,630.3,638.8,1770.0
757,137721398426252,882.9,510.5,291.0,81.3,53.4,466.4,rx collecting results@148/0-RX-13,prepare streams@25/0-worker,880.5,780.9,522.0,526.9,866.0
758,137721403494584,1888.5,729.8,922.4,236.3,95.9,1761.8,assemble attention plan@24/?-work_queue,Prepare hardware matmul job@24/?-work_queue,1885.0,1408.0,519.2,533.3,1867.2
759,137721409558180,819.9,518.7,269.3,31.9,11.0,765.5,assemble attention plan@24/?-work_queue,Prepare hardware matmul job@24/?-work_queue,817.3,702.0,460.2,464.2,786.3
760,137721414497181,857.1,506.4,260.6,90.1,61.9,458.0,kernel_add_rmsnorm_71@25/0-worker,prepare streams@25/0-worker,855.5,750.3,523.0,532.4,840.8
761,137721419601145,1476.7,607.6,746.0,123.1,52.9,1139.7,notify_listener@25/0-worker,work_queue::do_work get_work@24/?-work_queue,1474.2,1139.7,436.2,443.6,1460.3
762,137721425246551,458.4,143.8,282.8,31.8,16.7,413.9,assemble attention plan@24/?-work_queue,Prepare hardware matmul job@24/?-work_queue,455.6,347.9,104.9,113.5,440.5
763,137721429864258,501.3,221.4,251.0,28.9,13.2,462.3,assemble attention plan@24/?-work_queue,Prepare hardware matmul job@24/?-work_queue,499.4,398.7,176.6,182.2,485.8
764,137721434450091,1621.6,695.3,752.1,174.2,58.9,524.5,kernel_add_rmsnorm_71@25/0-worker,prepare streams@25/0-worker,1618.4,1282.7,585.2,607.8,1604.1
765,137721440327956,1005.4,547.1,365.7,92.6,63.8,531.0,kernel_add_rmsnorm_71@25/0-worker,prepare streams@25/0-worker,1003.6,902.5,596.7,600.2,987.0
766,137721445506127,929.2,568.2,325.6,35.4,12.3,885.3,assemble attention plan@24/?-work_queue,Prepare hardware matmul job@24/?-work_queue,926.7,820.3,509.4,514.9,907.5
767,137721450597922,789.6,486.5,279.3,23.9,11.8,748.8,assemble attention plan@24/?-work_queue,Prepare hardware matmul job@24/?-work_queue,787.0,685.4,441.9,446.7,773.6
768,137721455598923,1472.8,627.7,751.5,93.6,50.4,1132.2,notify_listener@25/0-worker,work_queue::do_work get_work@24/?-work_queue,1470.9,1132.2,427.3,442.4,1455.3
769,137721461299972,992.3,503.1,394.8,94.4,62.6,460.3,kernel_add_rmsnorm_71@25/0-worker,prepare streams@25/0-worker,989.5,882.5,524.7,537.8,976.1
770,137721466733706,1745.6,663.3,827.6,254.6,97.5,1090.5,notify_listener@25/0-worker,work_queue::do_work get_work@24/?-work_queue,1743.1,1090.5,311.7,320.6,1727.9
771,137721472617604,935.5,416.7,469.1,49.6,47.5,432.1,kernel_add_rmsnorm_71@25/0-worker,prepare streams@25/0-worker,485.6,935.5,481.0,485.6,
772,137721474633721,415.4,304.1,7.8,103.5,57.0,331.7,assemble attention plan@24/?-work_queue,Prepare hardware matmul job@24/?-work_queue,412.9,,,,
773,137721479198399,1039.1,521.1,432.3,85.6,60.3,479.3,kernel_add_rmsnorm_71@25/0-worker,prepare streams@25/0-worker,1036.3,937.4,541.5,545.9,1023.0
774,137721484473761,712.4,141.2,544.6,26.7,12.2,669.8,assemble attention plan@24/?-work_queue,Prepare hardware matmul job@24/?-work_queue,710.9,604.1,105.8,109.8,691.9
775,137721489328511,993.0,540.7,366.1,86.2,58.2,465.4,kernel_add_rmsnorm_71@25/0-worker,prepare streams@25/0-worker,991.0,871.1,525.2,532.3,958.1
776,137721494504106,1814.2,691.7,801.0,321.5,211.0,1577.4,assemble attention plan@24/?-work_queue,Prepare hardware matmul job@24/?-work_queue,1811.6,1234.8,514.5,542.6,1798.2
777,137721500525350,823.2,504.0,255.5,63.8,39.4,447.3,kernel_add_rmsnorm_71@25/0-worker,prepare streams@25/0-worker,821.0,715.9,488.9,496.3,807.0
778,137721505522075,1551.3,581.9,830.3,139.1,58.5,1286.3,notify_listener@25/0-worker,work_queue::do_work get_work@24/?-work_queue,1549.3,1286.3,589.2,501.1,1535.8
779,137721511217720,507.8,136.8,337.3,33.7,16.2,466.4,assemble attention plan@24/?-work_queue,Prepare hardware matmul job@24/?-work_queue,505.4,400.4,106.0,109.4,492.5
780,137721515878437,606.6,186.7,394.8,25.0,11.3,569.7,assemble attention plan@24/?-work_queue,Prepare hardware matmul job@24/?-work_queue,604.6,506.5,183.7,188.2,591.5
781,137721520625432,820.4,454.2,337.4,28.8,15.1,775.5,assemble attention plan@24/?-work_queue,Prepare hardware matmul job@24/?-work_queue,817.7,711.5,411.4,417.2,800.9
782,137721525642477,817.5,440.6,348.8,28.1,11.9,773.6,assemble attention plan@24/?-work_queue,Prepare hardware matmul job@24/?-work_queue,814.9,710.1,401.7,408.1,795.9
783,137721530663625,1414.7,537.0,774.0,103.7,51.2,1100.5,notify_listener@25/0-worker,work_queue::do_work get_work@24/?-work_queue,1412.5,1100.5,373.0,376.3,1397.7
784,137721536293883,934.9,495.6,354.3,85.0,55.6,460.6,kernel_add_rmsnorm_71@25/0-worker,prepare streams@25/0-worker,932.9,829.4,518.6,526.2,918.2
785,137721541386623,1577.4,706.6,601.7,269.1,118.9,1433.3,assemble attention plan@24/?-work_queue,Prepare hardware matmul job@24/?-work_queue,1575.4,1078.7,507.0,512.7,1562.2
786,137721547193650,1273.3,330.2,766.2,176.9,91.8,1156.5,assemble attention plan@24/?-work_queue,Prepare hardware matmul job@24/?-work_queue,1271.0,836.2,114.8,118.4,1257.7
787,137721552611262,425.7,133.0,262.3,30.4,15.9,380.4,assemble attention plan@24/?-work_queue,Prepare hardware matmul job@24/?-work_queue,420.4,316.1,99.0,102.6,406.0
788,137721557185874,1052.4,527.3,444.2,80.9,56.8,484.6,kernel_add_rmsnorm_71@25/0-worker,prepare streams@25/0-worker,1050.2,946.2,543.6,551.4,1031.1
789,137721562375591,971.7,505.1,375.1,91.4,55.2,499.2,kernel_add_rmsnorm_71@25/0-worker,prepare streams@25/0-worker,969.5,862.7,556.6,569.4,955.8
790,137721567524114,1548.4,661.9,753.7,132.7,50.3,1203.7,notify_listener@25/0-worker,work_queue::do_work get_work@24/?-work_queue,1546.1,1203.7,493.9,505.4,1530.8
791,137721573271077,466.1,143.8,295.2,27.2,12.0,427.9,assemble attention plan@24/?-work_queue,Prepare hardware matmul job@24/?-work_queue,463.8,363.3,97.8,116.3,449.5
792,137721577937373,1160.2,211.7,830.2,118.2,68.6,920.4,notify_listener@25/0-worker,work_queue::do_work get_work@24/?-work_queue,1157.9,920.4,126.2,138.3,1143.7
793,137721583240239,993.3,543.8,364.6,84.8,59.2,465.1,kernel_add_rmsnorm_71@25/0-worker,prepare streams@25/0-worker,991.1,888.4,543.6,559.5,977.2
794,137721588505984,1689.3,730.2,744.5,214.6,108.1,1554.0,assemble attention plan@24/?-work_queue,Prepare hardware matmul job@24/?-work_queue,1686.8,1245.3,531.8,545.9,1671.9
795,137721594434761,1721.4,719.9,715.6,286.0,126.4,1563.8,assemble attention plan@24/?-work_queue,Prepare hardware matmul job@24/?-work_queue,1719.6,1205.9,520.0,524.7,1700.3
796,137721600350740,968.2,535.9,342.0,90.3,66.3,484.4,kernel_add_rmsnorm_71@25/0-worker,prepare streams@25/0-worker,966.7,861.9,553.1,561.6,952.4
797,137721605536285,1538.8,679.2,726.2,133.4,66.3,1170.5,notify_listener@25/0-worker,work_queue::do_work get_work@24/?-work_queue,1535.9,1170.5,478.5,484.4,1521.4
798,137721611273032,1921.1,934.8,730.4,255.9,89.9,1805.1,assemble attention plan@24/?-work_queue,Prepare hardware matmul job@24/?-work_queue,1918.7,1432.4,526.3,745.9,1903.8
799,137721617316912,923.0,496.0,349.0,78.0,53.5,453.0,kernel_add_rmsnorm_71@25/0-worker,prepare streams@25/0-worker,920.8,819.4,508.8,524.1,905.9
800,137721622444240,1627.8,664.3,816.1,147.4,57.2,1316.5,notify_listener@25/0-worker,work_queue::do_work get_work@24/?-work_queue,1625.2,1316.5,527.5,551.9,1611.2
801,137721628265369,965.3,518.0,366.4,80.9,54.1,466.6,kernel_add_rmsnorm_71@25/0-worker,prepare streams@25/0-worker,963.5,863.6,522.8,534.9,948.8
802,137721633387525,942.5,520.3,341.4,80.8,55.6,472.7,kernel_add_rmsnorm_71@25/0-worker,prepare streams@25/0-worker,940.3,834.9,530.2,535.1,920.2
803,137721638584099,1499.6,636.6,758.8,104.2,60.6,1149.3,notify_listener@25/0-worker,work_queue::do_work get_work@24/?-work_queue,1497.1,1149.3,431.4,439.9,1468.2
804,137721644285219,966.9,516.6,359.1,91.2,56.0,467.5,kernel_add_rmsnorm_71@25/0-worker,prepare streams@25/0-worker,964.6,852.0,525.8,537.1,950.4
805,137721649479979,860.8,496.3,274.6,90.0,65.0,437.5,kernel_add_rmsnorm_71@25/0-worker,prepare streams@25/0-worker,858.5,752.9,504.1,527.4,844.8
806,137721654520451,1548.6,657.6,734.1,156.9,51.1,1200.7,notify_listener@25/0-worker,work_queue::do_work get_work@24/?-work_queue,1546.8,1200.7,493.1,496.9,1532.8
807,137721660200220,1797.6,758.7,800.0,238.9,92.8,1680.3,assemble attention plan@24/?-work_queue,Prepare hardware matmul job@24/?-work_queue,1796.2,1316.5,529.4,557.5,1782.7
808,137721666230585,990.4,518.0,381.3,91.2,63.8,460.4,kernel_add_rmsnorm_71@25/0-worker,prepare streams@25/0-worker,988.8,889.1,526.5,536.5,975.5
809,137721671416008,893.0,510.1,267.7,115.1,87.5,449.5,kernel_add_rmsnorm_71@25/0-worker,prepare streams@25/0-worker,890.0,784.5,538.8,546.1,875.2
810,137721676461627,1605.4,725.8,768.3,111.3,51.3,1270.1,notify_listener@25/0-worker,work_queue::do_work get_work@24/?-work_queue,1603.4,1270.1,555.1,559.2,1588.8
811,137721682315414,942.5,530.0,322.5,90.0,62.3,465.6,kernel_add_rmsnorm_71@25/0-worker,prepare streams@25/0-worker,939.9,827.2,542.6,548.7,915.6
812,137721687451437,860.3,507.1,258.9,94.3,66.3,452.1,kernel_add_rmsnorm_71@25/0-worker,prepare streams@25/0-worker,857.4,748.2,520.4,533.0,836.4
813,137721692525314,1547.7,629.8,754.5,163.4,61.5,1211.1,notify_listener@25/0-worker,work_queue::do_work get_work@24/?-work_queue,1545.8,1211.1,488.8,502.7,1532.3
814,137721698207345,1030.2,526.3,421.6,82.3,57.1,493.0,kernel_add_rmsnorm_71@25/0-worker,prepare streams@25/0-worker,1027.6,922.5,552.0,571.7,1014.4
815,137721703420479,857.0,507.6,268.1,81.3,56.7,451.2,kernel_add_rmsnorm_71@25/0-worker,prepare streams@25/0-worker,855.0,756.5,509.4,537.3,841.9
816,137721708536399,1533.8,578.1,813.6,142.1,60.5,1253.1,notify_listener@25/0-worker,work_queue::do_work get_work@24/?-work_queue,1531.9,1253.1,478.1,486.1,1518.8
817,137721714270320,913.2,540.5,282.3,90.4,63.1,477.7,kernel_add_rmsnorm_71@25/0-worker,prepare streams@25/0-worker,911.6,809.1,551.7,564.1,897.0
818,137721719391200,901.4,529.2,278.0,94.2,65.9,485.2,kernel_add_rmsnorm_71@25/0-worker,prepare streams@25/0-worker,898.9,796.4,552.7,559.2,883.9
819,137721724486277,1591.6,698.3,771.1,122.3,73.0,1287.7,notify_listener@25/0-worker,work_queue::do_work get_work@24/?-work_queue,1589.6,1287.7,556.1,572.1,1571.0
820,137721730220058,1020.7,509.1,414.2,97.3,71.7,452.8,kernel_add_rmsnorm_71@25/0-worker,prepare streams@25/0-worker,1018.1,909.8,526.8,535.3,1001.9
821,137721735359172,907.0,539.9,284.0,83.1,55.6,474.9,kernel_add_rmsnorm_71@25/0-worker,prepare streams@25/0-worker,905.3,800.2,533.1,540.7,890.4
822,137721740480939,1721.7,734.5,734.0,253.1,128.9,1564.6,assemble attention plan@24/?-work_queue,Prepare hardware matmul job@24/?-work_queue,1719.6,1226.5,538.9,563.9,1704.3
823,137721746386734,1658.4,740.9,712.4,205.1,67.6,1213.8,notify_listener@25/0-worker,work_queue::do_work get_work@24/?-work_queue,1655.7,1213.8,513.4,518.6,1641.2
824,137721752223524,1018.8,510.4,424.6,83.8,59.5,455.0,kernel_add_rmsnorm_71@25/0-worker,prepare streams@25/0-worker,1016.7,916.2,516.8,524.5,1002.2
825,137721757382634,1358.1,360.7,773.8,223.7,123.2,1209.8,assemble attention plan@24/?-work_queue,Prepare hardware matmul job@24/?-work_queue,1355.8,827.6,100.0,103.6,1342.3
826,137721763036084,894.8,519.3,273.3,102.3,77.4,474.1,kernel_add_rmsnorm_71@25/0-worker,prepare streams@25/0-worker,892.5,789.4,553.0,557.0,875.4
827,137721768119004,1080.9,483.7,507.7,89.5,58.5,428.9,kernel_add_rmsnorm_71@25/0-worker,prepare streams@25/0-worker,1078.6,967.4,488.9,495.1,1059.5
828,137721773445850,440.4,136.2,277.7,26.6,11.4,398.3,assemble attention plan@24/?-work_queue,Prepare hardware matmul job@24/?-work_queue,438.4,331.2,97.0,101.7,424.9
829,137721778015705,431.9,131.5,273.4,27.0,11.7,395.3,assemble attention plan@24/?-work_queue,Prepare hardware matmul job@24/?-work_queue,430.1,323.1,86.9,91.8,416.3
830,137721782638542,1446.5,553.0,722.5,171.0,81.2,417.9,kernel_add_rmsnorm_71@25/0-worker,prepare streams@25/0-worker,1444.0,1219.5,501.5,536.2,1429.7
831,137721788272112,967.1,522.6,348.4,96.1,71.1,476.4,kernel_add_rmsnorm_71@25/0-worker,prepare streams@25/0-worker,964.9,862.2,550.0,555.4,951.9
832,137721793452566,938.2,521.5,334.3,82.4,54.3,469.2,kernel_add_rmsnorm_71@25/0-worker,prepare streams@25/0-worker,936.1,836.6,525.3,529.9,922.5
833,137721798524896,1736.6,810.0,726.1,200.5,96.0,1606.8,assemble attention plan@24/?-work_queue,Prepare hardware matmul job@24/?-work_queue,1733.7,1200.9,508.6,512.4,1713.0
834,137721804479446,1746.3,690.6,808.1,247.6,107.1,1607.7,assemble attention plan@24/?-work_queue,Prepare hardware matmul job@24/?-work_queue,1744.1,1305.7,536.4,547.3,1724.8
835,137721810443584,895.5,505.0,294.9,95.6,64.1,488.3,kernel_add_rmsnorm_71@25/0-worker,prepare streams@25/0-worker,893.4,786.5,554.3,568.5,878.1
836,137721815608265,1493.0,620.3,785.5,87.2,43.0,1273.8,notify_listener@25/0-worker,work_queue::do_work get_work@24/?-work_queue,1490.7,1273.8,526.9,535.3,1476.7
837,137721821326865,939.2,500.1,354.3,84.8,54.9,457.3,kernel_add_rmsnorm_71@25/0-worker,prepare streams@25/0-worker,937.4,835.5,514.1,518.6,924.1
838,137721826509956,1776.7,668.9,795.1,312.7,107.7,450.1,kernel_add_rmsnorm_71@25/0-worker,prepare streams@25/0-worker,1774.9,1332.0,569.6,582.4,1761.9
839,137721832509632,688.4,127.0,534.7,26.7,11.8,650.7,assemble attention plan@24/?-work_queue,Prepare hardware matmul job@24/?-work_queue,685.8,583.9,87.8,91.2,672.1
840,137721837402395,980.8,668.7,279.6,32.5,12.6,936.3,assemble attention plan@24/?-work_queue,Prepare hardware matmul job@24/?-work_queue,978.4,869.9,628.7,633.2,959.6
841,137721842603352,1471.6,593.5,765.4,112.7,52.7,1151.8,notify_listener@25/0-worker,work_queue::do_work get_work@24/?-work_queue,1469.2,1151.8,438.9,442.9,1455.0
842,137721848316060,430.6,130.1,276.5,24.0,11.5,393.8,assemble attention plan@24/?-work_queue,Prepare hardware matmul job@24/?-work_queue,428.9,321.7,91.6,102.3,415.5
843,137721852934184,1166.1,425.7,627.8,112.5,56.4,944.9,notify_listener@25/0-worker,work_queue::do_work get_work@24/?-work_queue,1163.4,944.9,139.1,375.9,1149.7
844,137721858250642,453.9,134.7,291.0,28.2,11.9,413.8,assemble attention plan@24/?-work_queue,Prepare hardware matmul job@24/?-work_queue,451.1,348.5,100.1,103.4,436.9
845,137721862904342,1753.3,726.5,752.9,273.8,112.5,1615.2,assemble attention plan@24/?-work_queue,Prepare hardware matmul job@24/?-work_queue,1751.9,1258.2,536.2,550.1,1737.1
846,137721868867546,617.3,158.4,357.3,101.6,74.3,70.9,rx collecting results@150/0-RX-3b,Prepare hardware matmul job@24/?-work_queue,611.4,510.0,210.6,221.2,598.0
847,137721873679388,713.2,404.1,279.3,29.7,12.5,671.5,assemble attention plan@24/?-work_queue,Prepare hardware matmul job@24/?-work_queue,711.3,603.2,357.0,363.0,693.1
848,137721878610457,1908.5,825.7,830.2,252.6,81.9,1355.3,notify_listener@25/0-worker,work_queue::do_work get_work@24/?-work_queue,1906.6,1355.3,576.8,583.8,1891.9
849,137721884730663,1556.6,603.3,743.5,209.8,100.7,1430.7,assemble attention plan@24/?-work_queue,Prepare hardware matmul job@24/?-work_queue,1554.8,1008.0,312.3,318.5,1541.2
850,137721890496584,1727.9,746.5,764.3,217.1,85.6,1617.1,assemble attention plan@24/?-work_queue,Prepare hardware matmul job@24/?-work_queue,1725.7,1276.2,528.0,560.5,1712.7
851,137721896415593,939.8,496.9,345.9,96.9,67.1,455.3,kernel_add_rmsnorm_71@25/0-worker,prepare streams@25/0-worker,937.4,836.6,524.1,535.7,923.3
852,137721901579388,1646.4,688.5,766.4,191.6,102.4,1518.3,assemble attention plan@24/?-work_queue,Prepare hardware matmul job@24/?-work_queue,1644.5,1188.6,451.1,469.2,1630.3
853,137721907430287,454.2,149.9,277.3,27.0,12.5,410.6,assemble attention plan@24/?-work_queue,Prepare hardware matmul job@24/?-work_queue,451.2,344.5,104.8,110.7,433.4
854,137721912094568,941.5,508.6,338.6,94.3,60.2,463.1,kernel_add_rmsnorm_71@25/0-worker,prepare streams@25/0-worker,939.2,828.4,525.4,532.5,924.8
855,137721917211860,1026.7,496.0,441.7,88.9,56.7,435.2,kernel_add_rmsnorm_71@25/0-worker,prepare streams@25/0-worker,1024.0,901.8,494.3,503.3,1008.5
856,137721922446509,1769.7,777.2,763.7,228.7,82.4,1660.8,assemble attention plan@24/?-work_queue,Prepare hardware matmul job@24/?-work_queue,1767.4,1272.5,547.8,556.4,1753.1
857,137721928446778,862.5,489.7,280.4,92.4,64.5,423.6,kernel_add_rmsnorm_71@25/0-worker,prepare streams@25/0-worker,860.2,748.5,490.2,499.9,845.6
858,137721933493361,1575.0,710.5,707.7,156.7,54.7,1212.4,notify_listener@25/0-worker,work_queue::do_work get_work@24/?-work_queue,1573.2,1212.4,518.6,536.7,1557.9
859,137721939324528,935.8,496.6,339.2,100.0,64.6,451.4,kernel_add_rmsnorm_71@25/0-worker,prepare streams@25/0-worker,933.7,825.9,517.3,525.5,920.2
860,137721944501907,1849.4,805.6,835.0,208.8,111.0,1712.7,assemble attention plan@24/?-work_queue,Prepare hardware matmul job@24/?-work_queue,1847.7,1333.7,541.2,555.7,1834.0
861,137721950617961,1509.5,661.6,774.1,73.8,44.1,608.8,kernel_add_rmsnorm_71@25/0-worker,prepare streams@25/0-worker,1507.1,1397.9,654.5,662.7,1489.2
862,137721956314842,994.8,538.9,358.2,97.7,66.7,485.2,kernel_add_rmsnorm_71@25/0-worker,prepare streams@25/0-worker,993.2,880.1,553.6,557.2,971.5
863,137721961560893,431.7,131.3,274.0,26.4,12.8,388.1,assemble attention plan@24/?-work_queue,Prepare hardware matmul job@24/?-work_queue,429.3,323.2,83.7,90.3,415.6
864,137721966205725,1058.0,496.3,458.9,102.9,72.1,452.8,kernel_add_rmsnorm_71@25/0-worker,prepare streams@25/0-worker,1055.5,950.0,526.9,537.0,1041.7
865,137721971520311,1552.7,645.8,776.7,130.2,51.8,1239.1,notify_listener@25/0-worker,work_queue::do_work get_work@24/?-work_queue,1550.5,1239.1,492.9,498.9,1535.6
866,137721977278315,995.2,499.0,411.7,84.6,60.4,454.6,kernel_add_rmsnorm_71@25/0-worker,prepare streams@25/0-worker,993.6,893.8,516.9,523.9,979.4
867,137721982453444,855.3,501.0,262.1,92.3,65.3,448.3,kernel_add_rmsnorm_71@25/0-worker,prepare streams@25/0-worker,852.5,751.2,515.1,519.2,839.1
868,137721987477989,888.9,560.8,267.8,60.4,31.6,502.3,kernel_add_rmsnorm_71@25/0-worker,prepare streams@25/0-worker,886.6,781.3,535.9,541.3,873.0
869,137721992603125,1496.8,593.1,740.4,163.3,58.6,452.1,kernel_add_rmsnorm_71@25/0-worker,prepare streams@25/0-worker,1495.2,1218.5,512.1,516.1,1481.8
870,137721998355815,1691.2,755.9,741.1,194.2,65.0,1221.5,notify_listener@25/0-worker,work_queue::do_work get_work@24/?-work_queue,1686.3,1221.5,517.1,571.9,1672.3
871,137722004222195,1032.4,521.8,429.9,80.7,54.1,471.5,kernel_add_rmsnorm_71@25/0-worker,prepare streams@25/0-worker,1029.6,920.2,528.1,541.7,1008.9
872,137722009549877,2341.3,685.3,528.8,1127.1,861.1,982.2,notify_listener@25/0-worker,work_queue::do_work get_work@24/?-work_queue,2338.6,982.2,503.8,507.6,2323.7
873,137722016210075,1298.6,815.5,281.1,202.0,92.6,440.9,kernel_add_rmsnorm_71@25/0-worker,prepare streams@25/0-worker,1296.4,775.2,535.6,539.2,1282.5
874,137722021714862,1384.9,472.4,745.0,167.5,64.5,374.9,kernel_add_rmsnorm_71@25/0-worker,prepare streams@25/0-worker,1382.4,1150.2,441.4,456.6,1367.8
875,137722027296999,1020.4,651.8,271.8,96.7,60.5,602.6,kernel_add_rmsnorm_71@25/0-worker,prepare streams@25/0-worker,1018.4,904.4,664.3,674.2,1004.9
876,137722032546112,890.0,512.2,344.7,33.1,11.8,852.5,assemble attention plan@24/?-work_queue,Prepare hardware matmul job@24/?-work_queue,888.2,786.0,471.5,477.1,874.0
877,137722037652020,1688.9,662.1,820.7,206.1,104.2,1558.3,assemble attention plan@24/?-work_queue,Prepare hardware matmul job@24/?-work_queue,1686.0,1178.1,391.1,401.5,1673.1
878,137722043591292,780.0,490.2,258.1,31.7,11.8,742.7,assemble attention plan@24/?-work_queue,Prepare hardware matmul job@24/?-work_queue,778.2,674.8,447.8,457.5,763.9
879,137722048558307,830.2,492.6,294.9,42.6,13.3,785.6,assemble attention plan@24/?-work_queue,Prepare hardware matmul job@24/?-work_queue,828.1,718.5,480.7,485.4,808.7
880,137722053643327,722.4,435.7,262.1,24.6,11.9,678.4,assemble attention plan@24/?-work_queue,Prepare hardware matmul job@24/?-work_queue,719.2,611.9,390.1,394.5,699.6
881,137722058587136,1836.0,806.0,781.2,248.8,84.3,1724.8,assemble attention plan@24/?-work_queue,Prepare hardware matmul job@24/?-work_queue,1833.8,1275.8,534.2,573.5,1819.1
882,137722064761986,695.3,325.2,345.6,24.5,11.7,658.4,assemble attention plan@24/?-work_queue,Prepare hardware matmul job@24/?-work_queue,693.5,589.1,279.9,283.9,679.5
883,137722069669554,1400.9,555.2,740.4,105.3,50.2,1071.3,notify_listener@25/0-worker,work_queue::do_work get_work@24/?-work_queue,1398.4,1071.3,369.3,376.2,1384.2
884,137722075380908,1714.9,708.7,758.8,247.4,82.5,456.2,kernel_add_rmsnorm_71@25/0-worker,prepare streams@25/0-worker,1712.9,1268.9,541.3,550.0,1698.0
885,137722081300733,981.4,498.8,393.9,88.7,62.4,436.7,kernel_add_rmsnorm_71@25/0-worker,prepare streams@25/0-worker,979.1,875.0,501.2,508.0,964.2
886,137722086588257,1487.6,617.0,765.5,105.0,51.8,1166.8,notify_listener@25/0-worker,work_queue::do_work get_work@24/?-work_queue,1485.7,1166.8,450.3,463.2,1466.0
887,137722092262693,497.3,122.5,347.9,27.0,10.8,453.2,assemble attention plan@24/?-work_queue,Prepare hardware matmul job@24/?-work_queue,494.6,387.2,84.2,87.5,474.5
888,137722097039319,1184.7,545.2,559.3,80.2,54.1,485.9,kernel_add_rmsnorm_71@25/0-worker,prepare streams@25/0-worker,1182.6,1068.6,541.2,555.1,1169.2
889,137722102461999,855.4,499.0,263.3,93.0,69.2,442.3,kernel_add_rmsnorm_71@25/0-worker,prepare streams@25/0-worker,853.2,745.1,513.4,517.5,839.0
890,137722107556760,1514.5,707.1,703.8,103.6,50.2,1175.3,notify_listener@25/0-worker,work_queue::do_work get_work@24/?-work_queue,1512.3,1175.3,493.5,526.0,1498.7
891,137722113318472,1729.5,736.4,769.8,223.3,64.6,1247.8,notify_listener@25/0-worker,work_queue::do_work get_work@24/?-work_queue,1727.6,1247.8,509.5,513.5,1713.2
892,137722119337205,958.3,493.1,374.8,90.4,64.5,459.5,kernel_add_rmsnorm_71@25/0-worker,prepare streams@25/0-worker,956.3,853.6,525.8,532.4,942.1
893,137722124508751,518.5,150.9,338.3,29.4,11.6,471.0,assemble attention plan@24/?-work_queue,Prepare hardware matmul job@24/?-work_queue,516.3,402.8,98.7,105.3,501.0
894,137722129265211,511.4,133.1,345.6,32.6,12.7,466.7,assemble attention plan@24/?-work_queue,Prepare hardware matmul job@24/?-work_queue,509.3,394.5,89.7,92.9,488.4
895,137722133941702,530.4,182.7,324.2,23.5,10.8,488.7,assemble attention plan@24/?-work_queue,Prepare hardware matmul job@24/?-work_queue,527.9,424.5,172.3,177.1,513.8
896,137722138696939,543.5,130.5,386.9,26.1,13.0,503.4,assemble attention plan@24/?-work_queue,Prepare hardware matmul job@24/?-work_queue,540.6,433.1,88.3,98.4,526.4
897,137722143477948,1753.9,662.6,779.0,312.3,108.7,1620.6,assemble attention plan@24/?-work_queue,Prepare hardware matmul job@24/?-work_queue,1752.2,1251.8,539.5,558.0,1738.7
898,137722149538329,1691.5,743.8,755.8,191.9,89.4,1575.9,assemble attention plan@24/?-work_queue,Prepare hardware matmul job@24/?-work_queue,1689.0,1195.6,477.5,482.9,1675.6
899,137722155416544,1648.5,692.8,789.7,166.0,62.1,463.1,kernel_add_rmsnorm_71@25/0-worker,prepare streams@25/0-worker,1646.6,1282.1,527.2,534.2,1632.2
900,137722161278895,998.2,518.4,395.2,84.6,60.6,473.1,kernel_add_rmsnorm_71@25/0-worker,prepare streams@25/0-worker,995.6,897.0,535.5,539.0,982.4
901,137722166461685,964.2,550.2,335.6,78.4,49.8,505.3,rx collecting results@148/0-RX-13,prepare streams@25/0-worker,962.1,856.4,557.4,562.7,944.5
902,137722171689357,802.3,383.4,387.8,31.1,14.7,756.2,assemble attention plan@24/?-work_queue,Prepare hardware matmul job@24/?-work_queue,800.0,689.7,350.4,356.4,784.3
903,137722176684083,550.8,136.8,388.6,25.4,12.1,513.9,assemble attention plan@24/?-work_queue,Prepare hardware matmul job@24/?-work_queue,549.1,441.7,96.0,121.3,535.4
904,137722181463635,1606.6,624.4,742.9,239.2,97.0,1240.2,notify_listener@25/0-worker,work_queue::do_work get_work@24/?-work_queue,1604.9,1240.2,550.3,570.0,1590.8
905,137722187319636,965.2,501.9,376.4,86.9,53.0,456.7,kernel_add_rmsnorm_71@25/0-worker,prepare streams@25/0-worker,963.2,862.3,511.9,519.9,949.3
906,137722192497324,1791.0,741.0,794.5,255.4,100.0,1292.3,notify_listener@25/0-worker,work_queue::do_work get_work@24/?-work_queue,1788.4,1292.3,518.5,522.7,1774.4
907,137722198544248,1811.1,685.8,752.7,372.7,250.4,1533.7,assemble attention plan@24/?-work_queue,Prepare hardware matmul job@24/?-work_queue,1808.6,1202.5,475.5,486.4,1794.3
908,137722204597881,1781.8,729.4,786.6,265.8,103.5,1647.7,assemble attention plan@24/?-work_queue,Prepare hardware matmul job@24/?-work_queue,1780.0,1298.2,558.0,567.4,1761.6
909,137722210641775,746.9,439.1,271.5,36.2,10.1,698.5,assemble attention plan@24/?-work_queue,Prepare hardware matmul job@24/?-work_queue,744.9,634.1,393.2,397.0,730.0
910,137722215679931,1412.7,471.6,783.4,157.7,60.6,378.6,kernel_add_rmsnorm_71@25/0-worker,prepare streams@25/0-worker,1411.2,1193.6,441.0,445.1,1397.0
911,137722221353208,1702.8,724.0,788.2,190.6,56.8,1304.0,notify_listener@25/0-worker,work_queue::do_work get_work@24/?-work_queue,1701.1,1304.0,558.2,571.2,1687.8
912,137722227304941,931.9,494.7,354.2,83.0,58.1,441.0,kernel_add_rmsnorm_71@25/0-worker,prepare streams@25/0-worker,929.7,827.9,501.1,515.0,915.4
913,137722232414456,917.3,547.4,290.4,79.5,54.6,448.1,kernel_add_rmsnorm_71@25/0-worker,prepare streams@25/0-worker,914.8,811.7,505.2,511.7,900.0
914,137722237573544,1507.5,563.2,825.3,119.1,74.2,1239.5,notify_listener@25/0-worker,work_queue::do_work get_work@24/?-work_queue,1505.0,1239.5,454.4,460.3,1490.6
915,137722243250643,1738.0,724.1,760.3,253.6,100.5,1611.8,assemble attention plan@24/?-work_queue,Prepare hardware matmul job@24/?-work_queue,1736.5,1245.4,535.2,540.2,1722.0
916,137722249275527,996.2,602.4,300.4,93.5,68.6,555.8,kernel_add_rmsnorm_71@25/0-worker,prepare streams@25/0-worker,994.7,892.3,626.9,631.6,976.5
917,137722254470648,457.3,136.7,291.0,29.6,11.8,414.3,assemble attention plan@24/?-work_queue,Prepare hardware matmul job@24/?-work_queue,454.6,348.2,95.5,102.5,440.5
918,137722259196271,1853.6,846.9,829.1,177.6,71.8,544.6,kernel_add_rmsnorm_71@25/0-worker,prepare streams@25/0-worker,1851.4,1386.0,618.9,622.4,1837.1
919,137722265249143,1893.3,767.7,875.6,250.0,89.4,1778.2,assemble attention plan@24/?-work_queue,Prepare hardware matmul job@24/?-work_queue,1890.9,1358.1,525.1,536.2,1876.7
920,137722271403721,998.8,578.3,330.9,89.6,65.6,519.6,kernel_add_rmsnorm_71@25/0-worker,prepare streams@25/0-worker,996.1,897.2,587.4,601.9,982.8
921,137722276586901,1481.5,579.3,756.0,146.1,58.9,1167.9,notify_listener@25/0-worker,work_queue::do_work get_work@24/?-work_queue,1479.4,1167.9,464.7,475.2,1466.1
922,137722282359371,1700.5,721.5,814.0,165.1,70.3,446.8,kernel_add_rmsnorm_71@25/0-worker,prepare streams@25/0-worker,1698.0,1316.8,530.2,552.0,1683.8
923,137722288248644,1075.5,514.1,372.7,188.8,88.4,59.1,rx collecting results@149/0-RX-38,Prepare hardware matmul job@24/?-work_queue,1070.6,959.7,649.0,652.5,1055.4
924,137722293581498,1531.6,673.3,755.0,103.3,56.5,1144.6,notify_listener@25/0-worker,work_queue::do_work get_work@24/?-work_queue,1528.7,1144.6,447.0,455.5,1476.1
925,137722299344272,913.8,500.0,314.2,99.7,70.5,438.7,kernel_add_rmsnorm_71@25/0-worker,prepare streams@25/0-worker,911.9,800.4,511.9,521.5,896.9
926,137722304518812,908.7,507.1,335.4,66.2,39.3,455.9,kernel_add_rmsnorm_71@25/0-worker,prepare streams@25/0-worker,907.1,800.1,496.8,503.0,893.7
927,137722309668247,1623.2,686.2,716.1,220.9,110.6,1488.1,assemble attention plan@24/?-work_queue,Prepare hardware matmul job@24/?-work_queue,1621.6,1053.9,371.7,376.1,1608.8
928,137722315623757,600.8,138.1,434.1,28.6,12.4,561.9,assemble attention plan@24/?-work_queue,Prepare hardware matmul job@24/?-work_queue,598.4,495.6,84.0,109.5,583.6
929,137722320410715,942.5,492.3,353.1,97.1,63.4,477.4,kernel_add_rmsnorm_71@25/0-worker,prepare streams@25/0-worker,940.7,841.1,542.8,547.8,927.7
930,137722325641470,1551.0,602.2,755.8,193.0,97.9,1427.7,assemble attention plan@24/?-work_queue,Prepare hardware matmul job@24/?-work_queue,1549.0,1113.2,395.9,402.2,1535.0
931,137722331408892,501.4,136.2,338.6,26.6,11.9,465.2,assemble attention plan@24/?-work_queue,Prepare hardware matmul job@24/?-work_queue,499.8,399.9,95.2,99.5,486.0
932,137722336158727,1867.7,817.7,795.9,254.0,98.9,1732.4,assemble attention plan@24/?-work_queue,Prepare hardware matmul job@24/?-work_queue,1865.9,1385.9,644.8,653.8,1845.3
933,137722342253337,1065.8,589.4,389.2,87.3,54.7,574.0,kernel_add_rmsnorm_71@25/0-worker,prepare streams@25/0-worker,1063.5,954.1,630.5,644.1,1048.9
934,137722347564324,1621.0,698.7,718.0,204.3,85.1,1509.7,assemble attention plan@24/?-work_queue,Prepare hardware matmul job@24/?-work_queue,1619.1,1139.4,468.0,472.3,1604.8
935,137722353408855,1703.2,741.1,698.0,264.1,108.4,1568.8,assemble attention plan@24/?-work_queue,Prepare hardware matmul job@24/?-work_queue,1703.0,1214.4,538.1,561.3,1686.6
936,137722359380200,1689.3,665.7,819.2,204.5,87.3,446.3,kernel_add_rmsnorm_71@25/0-worker,prepare streams@25/0-worker,1680.7,1315.4,535.6,540.8,1672.9
937,137722365275105,994.6,495.2,402.0,97.5,72.4,444.6,kernel_add_rmsnorm_71@25/0-worker,prepare streams@25/0-worker,992.1,890.5,519.3,523.4,979.4
938,137722370514031,1554.8,672.1,740.1,142.6,48.1,1215.4,notify_listener@25/0-worker,work_queue::do_work get_work@24/?-work_queue,1552.8,1215.4,499.5,506.9,1538.0
939,137722376301498,1002.0,523.2,381.3,97.5,62.0,471.3,kernel_add_rmsnorm_71@25/0-worker,prepare streams@25/0-worker,999.8,888.1,535.0,539.1,982.8
940,137722381506810,1568.8,662.9,771.1,134.7,55.7,1242.7,notify_listener@25/0-worker,work_queue::do_work get_work@24/?-work_queue,1565.9,1242.7,510.6,560.0,1552.7
941,137722387276642,1003.7,553.7,354.7,95.4,66.4,453.5,kernel_add_rmsnorm_71@25/0-worker,prepare streams@25/0-worker,1002.1,894.1,521.9,537.2,987.0
942,137722392488901,1576.7,699.0,707.8,169.9,69.5,453.9,kernel_add_rmsnorm_71@25/0-worker,prepare streams@25/0-worker,1574.8,1193.5,524.9,538.4,1559.2
943,137722398340563,932.8,526.4,316.3,90.1,62.0,495.5,kernel_add_rmsnorm_71@25/0-worker,prepare streams@25/0-worker,930.0,828.0,559.4,564.4,915.7
944,137722403429621,1636.1,672.9,791.0,172.2,73.0,472.8,kernel_add_rmsnorm_71@25/0-worker,prepare streams@25/0-worker,1633.5,1302.7,548.4,552.1,1618.8
945,137722409334997,1011.1,723.1,250.3,37.7,12.3,973.9,assemble attention plan@24/?-work_queue,Prepare hardware matmul job@24/?-work_queue,1008.7,907.1,685.2,693.5,995.2
946,137722414545513,832.1,524.6,278.1,29.4,11.8,788.2,assemble attention plan@24/?-work_queue,Prepare hardware matmul job@24/?-work_queue,830.5,723.7,492.7,497.8,810.5
947,137722419593527,1801.6,731.7,813.2,256.6,94.5,1675.4,assemble attention plan@24/?-work_queue,Prepare hardware matmul job@24/?-work_queue,1799.5,1310.4,538.1,547.7,1779.6
948,137722425681564,832.1,477.9,268.8,85.4,57.8,418.2,kernel_add_rmsnorm_71@25/0-worker,prepare streams@25/0-worker,829.5,720.7,477.7,482.6,814.4
949,137722430738319,1343.8,483.7,754.9,105.2,51.8,1028.8,notify_listener@25/0-worker,work_queue::do_work get_work@24/?-work_queue,1341.1,1028.8,302.2,306.3,1326.4
950,137722436360691,1725.7,740.3,718.5,267.0,76.5,1621.4,assemble attention plan@24/?-work_queue,Prepare hardware matmul job@24/?-work_queue,1723.0,1232.2,546.8,557.0,1708.2
951,137722442291284,947.6,496.7,357.6,93.3,65.5,454.0,kernel_add_rmsnorm_71@25/0-worker,prepare streams@25/0-worker,945.8,844.7,521.7,534.0,931.7
952,137722447510387,1565.2,603.2,807.2,154.8,49.3,1289.4,notify_listener@25/0-worker,work_queue::do_work get_work@24/?-work_queue,1562.3,1289.4,506.7,516.1,1550.0
953,137722453315669,942.0,530.9,312.9,98.1,70.2,470.4,kernel_add_rmsnorm_71@25/0-worker,prepare streams@25/0-worker,939.7,837.0,542.9,546.6,925.4
954,137722458505449,1571.8,669.7,789.3,112.8,51.7,1232.6,notify_listener@25/0-worker,work_queue::do_work get_work@24/?-work_queue,1569.6,1232.6,516.6,522.7,1550.7
955,137722464342395,979.7,502.5,370.8,106.4,71.0,446.0,kernel_add_rmsnorm_71@25/0-worker,prepare streams@25/0-worker,977.6,861.4,518.5,532.0,956.7
956,137722469552051,1526.4,615.9,783.2,127.2,59.5,1208.1,notify_listener@25/0-worker,work_queue::do_work get_work@24/?-work_queue,1523.9,1208.1,462.4,469.9,1509.0
957,137722475371280,896.1,511.9,287.8,96.4,70.0,449.6,kernel_add_rmsnorm_71@25/0-worker,prepare streams@25/0-worker,894.1,785.2,521.7,533.6,878.3
958,137722480529677,822.4,519.3,269.2,34.0,10.9,787.8,assemble attention plan@24/?-work_queue,Prepare hardware matmul job@24/?-work_queue,820.6,717.0,487.3,496.2,807.8
959,137722485671692,713.2,410.8,272.9,29.5,12.5,673.5,assemble attention plan@24/?-work_queue,Prepare hardware matmul job@24/?-work_queue,710.8,608.1,374.2,380.0,696.0
960,137722490585214,1618.3,623.0,804.3,191.0,97.7,1493.4,assemble attention plan@24/?-work_queue,Prepare hardware matmul job@24/?-work_queue,1615.6,1199.4,449.1,454.0,1600.9
961,137722496455902,1615.4,672.9,764.8,177.6,68.6,484.8,kernel_add_rmsnorm_71@25/0-worker,prepare streams@25/0-worker,1613.8,1287.6,555.9,561.9,1600.1
962,137722502356278,1008.7,537.0,362.9,108.8,67.7,489.6,kernel_add_rmsnorm_71@25/0-worker,prepare streams@25/0-worker,1006.0,899.3,571.6,577.1,986.5
963,137722507576407,1501.7,600.8,787.0,113.9,63.5,1200.8,notify_listener@25/0-worker,work_queue::do_work get_work@24/?-work_queue,1500.2,1200.8,462.9,475.7,1485.0
964,137722513353037,963.0,513.1,363.2,86.8,59.1,455.7,kernel_add_rmsnorm_71@25/0-worker,prepare streams@25/0-worker,955.1,852.7,517.5,522.0,946.0
965,137722518509122,1729.9,717.3,731.3,281.3,92.4,1610.3,assemble attention plan@24/?-work_queue,Prepare hardware matmul job@24/?-work_queue,1727.5,1217.1,511.5,520.9,1712.8
966,137722524511360,1563.4,642.2,762.9,158.3,57.2,1233.7,notify_listener@25/0-worker,work_queue::do_work get_work@24/?-work_queue,1561.5,1233.7,500.5,563.7,1544.5
967,137722530275509,964.6,523.6,352.2,88.7,62.7,467.5,kernel_add_rmsnorm_71@25/0-worker,prepare streams@25/0-worker,962.0,857.7,532.4,547.7,948.4
968,137722535515153,827.6,532.0,259.3,36.2,11.4,792.1,assemble attention plan@24/?-work_queue,Prepare hardware matmul job@24/?-work_queue,825.7,727.4,503.4,514.5,812.9
969,137722540542469,1535.0,697.4,714.7,122.8,56.9,1195.8,notify_listener@25/0-worker,work_queue::do_work get_work@24/?-work_queue,1532.4,1195.8,503.1,515.9,1513.7
970,137722546346380,981.3,502.1,383.3,95.9,69.5,448.9,kernel_add_rmsnorm_71@25/0-worker,prepare streams@25/0-worker,979.5,874.2,520.9,532.1,959.8
971,137722551547204,901.7,524.5,341.4,35.9,15.5,854.0,assemble attention plan@24/?-work_queue,Prepare hardware matmul job@24/?-work_queue,899.4,786.1,481.2,486.0,884.9
972,137722556690106,1421.0,143.6,315.2,962.1,935.3,369.7,notify_listener@25/0-worker,work_queue::do_work get_work@24/?-work_queue,1418.9,369.7,99.7,103.4,1404.1
973,137722562305626,944.9,501.8,349.2,93.9,66.3,438.5,kernel_add_rmsnorm_71@25/0-worker,prepare streams@25/0-worker,943.4,832.6,506.4,512.2,929.4
974,137722567495220,927.1,561.1,334.0,31.9,12.1,889.8,assemble attention plan@24/?-work_queue,Prepare hardware matmul job@24/?-work_queue,924.7,820.9,522.7,527.7,911.1
975,137722572669032,1398.1,586.3,708.4,103.3,61.9,1047.5,notify_listener@25/0-worker,work_queue::do_work get_work@24/?-work_queue,1395.6,1047.5,366.1,373.2,1381.4
976,137722578335572,970.3,535.6,340.7,94.0,68.5,473.0,kernel_add_rmsnorm_71@25/0-worker,prepare streams@25/0-worker,968.5,866.4,543.3,548.5,955.1
977,137722583480870,1730.6,730.4,750.8,249.4,115.5,1584.0,assemble attention plan@24/?-work_queue,Prepare hardware matmul job@24/?-work_queue,1728.3,1241.2,538.0,558.1,1710.4
978,137722589529524,1540.8,645.9,749.5,145.3,53.4,1190.8,notify_listener@25/0-worker,work_queue::do_work get_work@24/?-work_queue,1537.8,1190.8,482.6,486.7,1523.9
979,137722595319002,940.4,502.3,348.4,89.7,60.6,444.1,kernel_add_rmsnorm_71@25/0-worker,prepare streams@25/0-worker,938.7,824.5,507.0,510.5,925.4
980,137722600562404,1513.1,594.7,815.0,103.4,59.9,1211.4,notify_listener@25/0-worker,work_queue::do_work get_work@24/?-work_queue,1510.8,1211.4,469.9,473.5,1497.3
981,137722606320101,1700.6,747.2,685.5,267.9,103.2,1565.2,assemble attention plan@24/?-work_queue,Prepare hardware matmul job@24/?-work_queue,1698.5,1188.4,543.4,549.5,1678.3
982,137722612316474,978.6,486.9,400.0,91.7,68.1,439.9,kernel_add_rmsnorm_71@25/0-worker,prepare streams@25/0-worker,977.0,876.7,510.5,513.8,963.1
983,137722617527340,839.3,519.1,287.9,32.3,10.7,801.8,assemble attention plan@24/?-work_queue,Prepare hardware matmul job@24/?-work_queue,837.5,735.8,511.2,518.3,822.6
984,137722622640031,1555.1,658.1,694.4,202.7,94.7,1426.7,assemble attention plan@24/?-work_queue,Prepare hardware matmul job@24/?-work_queue,1553.0,1061.6,399.7,403.9,1532.2
985,137722628429883,493.2,129.2,338.9,25.1,12.4,450.2,assemble attention plan@24/?-work_queue,Prepare hardware matmul job@24/?-work_queue,490.5,385.9,82.4,86.1,471.5
986,137722633173424,1061.3,537.6,417.7,106.1,71.0,497.1,kernel_add_rmsnorm_71@25/0-worker,prepare streams@25/0-worker,1059.3,953.1,569.8,584.1,1045.5
987,137722638506430,1586.0,596.2,811.4,178.5,67.4,1285.5,notify_listener@25/0-worker,work_queue::do_work get_work@24/?-work_queue,1583.4,1285.5,512.3,521.3,1568.7
988,137722644355539,981.0,545.2,343.2,92.6,68.6,497.1,kernel_add_rmsnorm_71@25/0-worker,prepare streams@25/0-worker,978.8,877.0,568.3,577.5,964.5
989,137722649573523,1503.2,618.9,773.6,110.6,69.5,1201.2,notify_listener@25/0-worker,work_queue::do_work get_work@24/?-work_queue,1501.4,1201.2,464.4,474.4,1487.2
990,137722655373507,1031.4,509.2,404.8,117.3,74.5,532.9,kernel_add_rmsnorm_71@25/0-worker,prepare streams@25/0-worker,1028.9,925.9,609.9,616.5,1015.4
991,137722660641663,1764.9,699.7,826.2,238.9,130.8,1601.1,assemble attention plan@24/?-work_queue,Prepare hardware matmul job@24/?-work_queue,1761.7,1242.0,491.2,506.6,1742.1
992,137722666710955,679.4,375.5,277.0,26.9,12.2,628.2,assemble attention plan@24/?-work_queue,Prepare hardware matmul job@24/?-work_queue,676.5,563.4,333.9,340.4,650.4
993,137722671628097,1451.3,574.3,755.1,122.0,68.8,1128.5,notify_listener@25/0-worker,work_queue::do_work get_work@24/?-work_queue,1448.9,1128.5,407.1,411.4,1433.9
994,137722677430777,841.7,491.2,266.0,84.4,57.5,430.2,kernel_add_rmsnorm_71@25/0-worker,prepare streams@25/0-worker,840.1,729.9,489.5,496.5,824.1
995,137722682502567,1709.5,723.7,732.4,253.3,85.9,1597.8,assemble attention plan@24/?-work_queue,Prepare hardware matmul job@24/?-work_queue,1707.8,1199.3,510.1,513.9,1693.6
996,137722688538883,1532.0,612.8,817.5,101.7,54.8,1259.2,notify_listener@25/0-worker,work_queue::do_work get_work@24/?-work_queue,1529.9,1259.2,478.6,504.4,1516.0
997,137722694251615,976.0,555.4,329.0,91.7,67.4,503.3,kernel_add_rmsnorm_71@25/0-worker,prepare streams@25/0-worker,972.9,868.7,572.7,578.1,958.4
998,137722699519242,1553.4,690.0,746.1,117.3,60.3,1202.3,notify_listener@25/0-worker,work_queue::do_work get_work@24/?-work_queue,1551.4,1202.3,499.9,507.4,1537.1
999,137722705271439,1037.8,577.9,352.2,107.7,71.5,535.7,kernel_add_rmsnorm_71@25/0-worker,prepare streams@25/0-worker,1035.7,926.7,609.3,612.9,1018.0
1000,137722710538445,1720.8,699.1,764.1,257.5,128.9,1559.8,assemble attention plan@24/?-work_queue,Prepare hardware matmul job@24/?-work_queue,1719.0,1207.9,480.9,488.4,1698.3
1001,137722716506588,545.3,132.1,382.0,31.2,15.4,504.1,assemble attention plan@24/?-work_queue,Prepare hardware matmul job@24/?-work_queue,543.6,427.8,98.9,102.6,530.2
1002,137722721267900,1789.4,810.9,761.6,216.8,99.9,438.3,kernel_add_rmsnorm_71@25/0-worker,prepare streams@25/0-worker,1787.5,1265.9,540.4,543.9,1773.6
1003,137722727306742,993.8,504.3,388.4,101.2,64.0,445.4,kernel_add_rmsnorm_71@25/0-worker,prepare streams@25/0-worker,991.8,872.3,511.2,519.0,976.9
1004,137722732521817,841.1,487.9,272.4,80.8,53.2,439.1,kernel_add_rmsnorm_71@25/0-worker,prepare streams@25/0-worker,839.3,736.5,494.5,506.8,826.1
1005,137722737576282,779.0,473.4,274.6,31.0,10.3,741.7,assemble attention plan@24/?-work_queue,Prepare hardware matmul job@24/?-work_queue,776.6,673.2,441.1,444.6,761.2
1006,137722742607914,1467.2,542.4,808.7,116.1,68.0,1185.5,notify_listener@25/0-worker,work_queue::do_work get_work@24/?-work_queue,1464.7,1185.5,431.7,437.6,1451.2
1007,137722748310183,1049.1,610.1,344.7,94.3,62.8,567.6,kernel_add_rmsnorm_71@25/0-worker,prepare streams@25/0-worker,1045.8,936.3,632.5,637.4,1026.5
1008,137722753598592,777.9,484.6,265.1,28.2,11.2,734.3,assemble attention plan@24/?-work_queue,Prepare hardware matmul job@24/?-work_queue,775.4,668.5,428.5,432.8,760.6
1009,137722758594062,849.3,480.7,333.7,34.9,15.4,808.0,assemble attention plan@24/?-work_queue,Prepare hardware matmul job@24/?-work_queue,847.4,740.2,444.0,450.7,833.2
1010,137722763690751,1760.9,713.1,768.6,279.1,117.3,1617.2,assemble attention plan@24/?-work_queue,Prepare hardware matmul job@24/?-work_queue,1759.2,1233.6,497.2,515.8,1744.7
1011,137722769749279,1350.5,452.1,739.5,158.9,62.7,370.5,kernel_add_rmsnorm_71@25/0-worker,prepare streams@25/0-worker,1347.7,1167.2,434.7,465.2,1333.2
1012,137722775363305,940.7,513.8,339.4,87.4,61.2,458.8,kernel_add_rmsnorm_71@25/0-worker,prepare streams@25/0-worker,939.0,839.5,521.9,526.9,925.5
1013,137722780537347,1544.8,557.9,822.3,164.7,63.0,498.7,kernel_add_rmsnorm_71@25/0-worker,prepare streams@25/0-worker,1542.1,1309.6,563.5,570.9,1527.5
1014,137722786416406,418.8,126.7,266.3,25.8,12.5,381.4,assemble attention plan@24/?-work_queue,Prepare hardware matmul job@24/?-work_queue,416.1,314.8,87.4,93.9,403.3
1015,137722791042435,1888.6,873.9,740.3,274.4,114.0,1744.0,assemble attention plan@24/?-work_queue,Prepare hardware matmul job@24/?-work_queue,1886.6,1372.6,675.6,689.8,1867.3
1016,137722797252808,996.8,526.1,379.5,91.2,66.3,485.5,kernel_add_rmsnorm_71@25/0-worker,prepare streams@25/0-worker,994.3,888.4,553.9,565.6,980.4
1017,137722802472238,1792.5,767.0,818.0,207.5,100.6,1666.6,assemble attention plan@24/?-work_queue,Prepare hardware matmul job@24/?-work_queue,1790.3,1260.4,546.0,551.8,1776.8
1018,137722808602361,838.9,487.2,326.9,24.8,11.6,801.9,assemble attention plan@24/?-work_queue,Prepare hardware matmul job@24/?-work_queue,837.4,728.8,430.9,437.1,823.4
1019,137722813629580,816.1,446.6,339.2,30.3,13.3,775.5,assemble attention plan@24/?-work_queue,Prepare hardware matmul job@24/?-work_queue,814.2,708.9,406.8,412.1,799.2
1020,137722818771362,643.0,322.3,290.2,30.5,10.4,605.4,assemble attention plan@24/?-work_queue,Prepare hardware matmul job@24/?-work_queue,640.6,535.5,282.2,287.0,626.2
1021,137722823585358,1515.7,529.2,871.1,115.4,58.3,1296.2,notify_listener@25/0-worker,work_queue::do_work get_work@24/?-work_queue,1513.1,1296.2,462.6,470.5,1499.7
1022,137722829393384,1681.3,665.8,755.1,260.4,111.5,29.9,kernel_add_rmsnorm_70@25/0-worker,Launch hardware matmul job@24/?-work_queue,1679.7,1335.6,621.6,627.8,1659.7
1023,137722835265146,972.9,509.3,373.5,90.1,62.4,446.0,kernel_add_rmsnorm_71@25/0-worker,prepare streams@25/0-worker,970.6,861.9,509.9,514.0,951.1
1024,137722840482602,887.7,533.5,265.3,88.8,56.2,475.5,kernel_add_rmsnorm_71@25/0-worker,prepare streams@25/0-worker,885.2,773.3,536.1,542.7,869.7
1025,137722845636859,1464.7,572.1,735.4,157.2,56.1,483.9,kernel_add_rmsnorm_71@25/0-worker,prepare streams@25/0-worker,1462.7,1247.2,541.8,549.9,1448.4
1026,137722851396023,892.3,518.4,287.0,86.9,62.0,486.4,kernel_add_rmsnorm_71@25/0-worker,prepare streams@25/0-worker,890.1,787.9,550.9,586.8,876.2
1027,137722856487232,417.7,131.8,261.0,24.9,11.0,381.2,assemble attention plan@24/?-work_queue,Prepare hardware matmul job@24/?-work_queue,415.3,313.5,87.0,92.9,401.0
1028,137722861167972,1869.6,707.7,914.4,247.5,86.8,1756.9,assemble attention plan@24/?-work_queue,Prepare hardware matmul job@24/?-work_queue,1867.3,1414.8,530.1,536.7,1853.3
1029,137722867240089,1050.7,548.7,414.2,87.8,55.4,501.4,kernel_add_rmsnorm_71@25/0-worker,prepare streams@25/0-worker,1048.2,944.1,558.7,567.0,1034.1
1030,137722872522470,1557.3,628.6,804.5,124.2,51.9,1257.6,notify_listener@25/0-worker,work_queue::do_work get_work@24/?-work_queue,1555.7,1257.6,490.6,495.2,1534.9
1031,137722878286690,1022.2,549.1,383.3,89.9,64.0,485.4,kernel_add_rmsnorm_71@25/0-worker,prepare streams@25/0-worker,1020.0,910.9,551.2,557.2,1005.0
1032,137722883584691,1488.4,618.3,759.2,110.9,59.0,1166.3,notify_listener@25/0-worker,work_queue::do_work get_work@24/?-work_queue,1486.2,1166.3,449.8,453.8,1472.0
1033,137722889372370,898.3,491.5,312.6,94.2,69.1,454.0,kernel_add_rmsnorm_71@25/0-worker,prepare streams@25/0-worker,896.7,793.1,525.5,534.6,882.5
1034,137722894520221,859.6,536.2,293.6,29.8,10.4,824.1,assemble attention plan@24/?-work_queue,Prepare hardware matmul job@24/?-work_queue,857.3,755.3,498.2,506.3,844.0
1035,137722899650937,1425.8,575.5,733.3,117.0,62.9,1092.8,notify_listener@25/0-worker,work_queue::do_work get_work@24/?-work_queue,1424.0,1092.8,403.0,414.9,1409.5
1036,137722905353996,1801.2,772.9,760.9,267.3,106.4,1663.8,assemble attention plan@24/?-work_queue,Prepare hardware matmul job@24/?-work_queue,1797.9,1285.0,554.2,561.9,1779.6
1037,137722911411505,973.1,523.6,359.6,90.0,63.5,469.2,kernel_add_rmsnorm_71@25/0-worker,prepare streams@25/0-worker,970.6,859.1,535.2,543.4,949.9
1038,137722916645523,1755.8,757.4,742.7,255.7,90.5,1639.0,assemble attention plan@24/?-work_queue,Prepare hardware matmul job@24/?-work_queue,1752.9,1227.6,524.6,540.7,1739.3
1039,137722922685935,1425.0,498.4,783.0,143.6,67.5,457.2,kernel_add_rmsnorm_71@25/0-worker,prepare streams@25/0-worker,1423.2,1263.9,526.9,547.7,1407.8
1040,137722928380041,996.8,555.0,349.0,92.8,68.6,521.4,kernel_add_rmsnorm_71@25/0-worker,prepare streams@25/0-worker,994.4,891.2,592.3,597.3,980.9
1041,137722933565950,1636.0,715.2,724.3,196.5,93.1,1516.8,assemble attention plan@24/?-work_queue,Prepare hardware matmul job@24/?-work_queue,1633.5,1148.1,452.5,456.2,1619.9
1042,137722939508765,1795.0,727.4,770.7,296.9,102.6,1665.4,assemble attention plan@24/?-work_queue,Prepare hardware matmul job@24/?-work_queue,1792.8,1307.7,628.0,637.7,1778.5
1043,137722945520469,1711.5,733.3,768.8,209.3,95.3,1584.0,assemble attention plan@24/?-work_queue,Prepare hardware matmul job@24/?-work_queue,1709.7,1214.2,516.6,522.0,1689.8
1044,137722951497514,1577.3,645.0,758.2,174.0,57.9,1236.9,notify_listener@25/0-worker,work_queue::do_work get_work@24/?-work_queue,1574.7,1236.9,516.8,532.6,1559.5
1045,137722957342395,886.3,516.8,269.5,100.0,70.7,465.7,kernel_add_rmsnorm_71@25/0-worker,prepare streams@25/0-worker,884.7,775.4,538.5,543.7,871.0
1046,137722962504796,1701.9,740.5,720.6,240.9,99.0,1577.4,assemble attention plan@24/?-work_queue,Prepare hardware matmul job@24/?-work_queue,1699.6,1222.3,509.6,518.8,1686.0
1047,137722968494960,1772.8,707.4,780.6,284.8,122.3,1624.2,assemble attention plan@24/?-work_queue,Prepare hardware matmul job@24/?-work_queue,1770.8,1270.2,519.7,561.3,1756.1
1048,137722974561114,830.3,532.2,268.8,29.3,12.3,791.3,assemble attention plan@24/?-work_queue,Prepare hardware matmul job@24/?-work_queue,828.5,720.7,476.5,481.9,813.4
1049,137722979654647,719.9,434.6,255.5,29.9,13.0,682.3,assemble attention plan@24/?-work_queue,Prepare hardware matmul job@24/?-work_queue,717.8,612.0,384.8,389.0,704.8
1050,137722984692832,1525.4,575.6,750.7,199.1,97.0,1395.9,assemble attention plan@24/?-work_queue,Prepare hardware matmul job@24/?-work_queue,1522.9,1058.3,345.0,362.4,1502.9
1051,137722990468662,1869.3,710.3,753.8,405.2,238.8,1599.7,assemble attention plan@24/?-work_queue,Prepare hardware matmul job@24/?-work_queue,1866.4,1249.3,545.6,551.2,1851.7
1052,137722996625387,1814.6,738.6,816.0,260.0,101.3,1686.6,assemble attention plan@24/?-work_queue,Prepare hardware matmul job@24/?-work_queue,1812.4,1272.4,572.9,587.4,1797.4
1053,137723002676387,1397.4,510.4,777.7,109.3,60.0,1100.7,notify_listener@25/0-worker,work_queue::do_work get_work@24/?-work_queue,1394.6,1100.7,373.9,382.7,1381.0
1054,137723008369031,958.2,500.7,344.2,113.3,84.4,447.5,kernel_add_rmsnorm_71@25/0-worker,prepare streams@25/0-worker,955.5,850.0,534.2,547.0,942.1
1055,137723013594359,1475.4,656.7,710.9,107.9,60.8,1118.3,notify_listener@25/0-worker,work_queue::do_work get_work@24/?-work_queue,1473.8,1118.3,439.7,445.1,1459.3
1056,137723019366890,512.7,142.4,343.6,26.7,11.4,477.2,assemble attention plan@24/?-work_queue,Prepare hardware matmul job@24/?-work_queue,511.3,409.6,96.5,101.0,497.8
1057,137723024121406,1107.4,578.3,439.0,90.1,62.0,523.0,kernel_add_rmsnorm_71@25/0-worker,prepare streams@25/0-worker,1105.7,989.7,587.5,599.7,1075.7
1058,137723029506871,870.4,508.4,273.0,89.0,62.1,444.1,kernel_add_rmsnorm_71@25/0-worker,prepare streams@25/0-worker,868.7,755.1,511.8,520.7,847.0
1059,137723034623590,769.9,463.0,268.4,38.5,18.4,723.3,assemble attention plan@24/?-work_queue,Prepare hardware matmul job@24/?-work_queue,767.2,655.6,416.4,421.8,751.6
1060,137723039704332,672.7,387.4,255.9,29.4,12.5,634.4,assemble attention plan@24/?-work_queue,Prepare hardware matmul job@24/?-work_queue,670.4,559.5,336.4,340.3,656.2
1061,137723044598682,1673.4,752.3,718.8,202.3,110.0,1536.8,assemble attention plan@24/?-work_queue,Prepare hardware matmul job@24/?-work_queue,1671.8,1118.3,448.7,456.7,1657.0
1062,137723050614010,840.4,392.8,421.7,25.9,10.3,804.1,assemble attention plan@24/?-work_queue,Prepare hardware matmul job@24/?-work_queue,838.4,731.8,426.7,431.7,824.4
1063,137723055719879,1620.5,618.3,786.3,215.8,116.7,1477.4,assemble attention plan@24/?-work_queue,Prepare hardware matmul job@24/?-work_queue,1618.3,1062.5,323.8,337.0,1603.7
1064,137723061741421,2006.3,883.5,842.1,280.7,106.9,1854.4,assemble attention plan@24/?-work_queue,Prepare hardware matmul job@24/?-work_queue,2003.1,1440.0,642.5,654.4,1971.7
1065,137723067966863,467.3,159.3,278.8,29.2,11.7,425.8,assemble attention plan@24/?-work_queue,Prepare hardware matmul job@24/?-work_queue,465.6,356.4,123.8,130.8,450.8
1066,137723072715169,1399.1,534.1,730.3,134.8,66.3,476.3,kernel_add_rmsnorm_71@25/0-worker,prepare streams@25/0-worker,1397.0,1245.4,544.1,548.4,1383.5
1067,137723078361400,1586.8,419.6,774.1,393.0,250.2,1310.6,assemble attention plan@24/?-work_queue,Prepare hardware matmul job@24/?-work_queue,1584.6,923.4,190.4,206.1,1570.8
1068,137723084259693,1375.5,736.6,339.9,299.0,133.8,1216.0,assemble attention plan@24/?-work_queue,Prepare hardware matmul job@24/?-work_queue,1373.9,834.4,512.0,528.0,1358.8
1069,137723089932088,519.2,151.9,339.9,27.4,11.4,482.5,assemble attention plan@24/?-work_queue,Prepare hardware matmul job@24/?-work_queue,517.2,412.9,111.0,115.6,504.1
1070,137723094770954,1307.6,414.9,797.6,95.0,51.0,1030.3,notify_listener@25/0-worker,work_queue::do_work get_work@24/?-work_queue,1305.5,1030.3,268.5,281.5,1291.9
1071,137723100373352,981.1,551.9,338.7,90.4,58.9,502.0,kernel_add_rmsnorm_71@25/0-worker,prepare streams@25/0-worker,979.1,875.7,562.7,566.8,966.1
1072,137723105647204,2286.0,786.6,476.5,1023.0,812.3,1004.3,notify_listener@25/0-worker,work_queue::do_work get_work@24/?-work_queue,2283.7,1004.3,571.1,574.9,2265.1
1073,137723112271523,1771.1,748.3,778.6,244.2,84.2,1660.0,assemble attention plan@24/?-work_queue,Prepare hardware matmul job@24/?-work_queue,1768.3,1277.8,539.5,548.1,1754.1
1074,137723118367912,953.3,566.3,287.5,99.5,75.9,496.5,kernel_add_rmsnorm_71@25/0-worker,prepare streams@25/0-worker,951.0,841.9,591.5,599.6,935.9
1075,137723123589041,1493.7,569.2,746.8,177.6,88.0,1229.2,notify_listener@25/0-worker,work_queue::do_work get_work@24/?-work_queue,1491.1,1229.2,526.3,543.6,1476.8
1076,137723129418286,919.6,489.2,346.0,84.4,60.3,450.8,kernel_add_rmsnorm_71@25/0-worker,prepare streams@25/0-worker,917.6,815.2,512.8,518.0,903.6
1077,137723134613579,1458.5,539.8,773.8,144.9,96.3,1141.2,notify_listener@25/0-worker,work_queue::do_work get_work@24/?-work_queue,1456.3,1141.2,429.5,442.0,1443.7
1078,137723140397173,916.9,526.8,300.9,89.2,62.3,474.3,kernel_add_rmsnorm_71@25/0-worker,prepare streams@25/0-worker,914.8,808.8,538.8,591.3,897.0
1079,137723145575830,1534.1,533.8,823.2,177.0,91.3,1340.9,notify_listener@25/0-worker,work_queue::do_work get_work@24/?-work_queue,1532.1,1340.9,597.9,609.6,1519.0
1080,137723151439514,1632.8,679.1,755.7,198.0,81.9,491.2,kernel_add_rmsnorm_71@25/0-worker,prepare streams@25/0-worker,1630.1,1286.8,575.6,596.0,1614.7
1081,137723157365498,1704.6,653.3,884.3,167.0,59.6,471.7,kernel_add_rmsnorm_71@25/0-worker,prepare streams@25/0-worker,1702.6,1379.3,533.7,559.1,1688.4
1082,137723163412957,970.4,543.7,305.2,121.4,94.4,447.9,kernel_add_rmsnorm_71@25/0-worker,prepare streams@25/0-worker,968.4,861.5,544.9,558.7,955.3
1083,137723168671690,732.7,408.0,286.8,37.9,16.9,689.7,assemble attention plan@24/?-work_queue,Prepare hardware matmul job@24/?-work_queue,729.9,618.1,372.0,383.1,716.2
1084,137723173734647,1496.8,478.6,767.0,251.2,132.8,1333.4,assemble attention plan@24/?-work_queue,Prepare hardware matmul job@24/?-work_queue,1494.8,1025.0,307.4,311.4,1477.1
1085,137723179522019,526.1,134.4,350.5,41.2,22.0,471.2,assemble attention plan@24/?-work_queue,Prepare hardware matmul job@24/?-work_queue,524.2,402.0,102.3,105.6,509.6
1086,137723184364456,809.5,137.0,638.4,34.1,14.2,688.5,notify_listener@25/0-worker,work_queue::do_work get_work@24/?-work_queue,807.3,688.5,98.9,118.2,794.1
1087,137723189461938,1870.6,776.9,800.7,293.1,115.2,1728.7,assemble attention plan@24/?-work_queue,Prepare hardware matmul job@24/?-work_queue,1868.0,1342.6,554.4,563.0,1854.2
1088,137723195690329,1541.4,625.9,700.1,215.4,121.5,1392.6,assemble attention plan@24/?-work_queue,Prepare hardware matmul job@24/?-work_queue,1539.0,1035.0,356.1,392.5,1524.4
1089,137723201524107,839.9,491.7,281.5,66.7,41.5,446.8,kernel_add_rmsnorm_71@25/0-worker,prepare streams@25/0-worker,838.1,734.8,490.3,498.4,825.6
1090,137723206693913,1752.9,740.1,762.1,250.6,102.1,1623.0,assemble attention plan@24/?-work_queue,Prepare hardware matmul job@24/?-work_queue,1750.0,1252.5,528.2,533.5,1735.9
1091,137723212731517,532.9,149.8,354.6,28.4,11.7,490.1,assemble attention plan@24/?-work_queue,Prepare hardware matmul job@24/?-work_queue,530.7,419.1,108.4,169.1,511.3
1092,137723217600064,808.1,495.6,286.5,25.9,12.6,764.4,assemble attention plan@24/?-work_queue,Prepare hardware matmul job@24/?-work_queue,805.2,697.4,443.8,448.9,790.5
1093,137723222731794,660.1,372.8,262.6,24.6,10.2,623.9,assemble attention plan@24/?-work_queue,Prepare hardware matmul job@24/?-work_queue,657.5,547.6,309.7,314.1,643.9
1094,137723227695552,1528.2,566.9,746.2,215.1,123.8,1377.5,assemble attention plan@24/?-work_queue,Prepare hardware matmul job@24/?-work_queue,1526.2,1075.4,345.1,372.1,1511.0
1095,137723233558462,1689.6,668.7,796.3,224.6,127.4,1536.4,assemble attention plan@24/?-work_queue,Prepare hardware matmul job@24/?-work_queue,1687.5,1199.8,454.9,463.9,1673.7
1096,137723239582778,1493.5,577.3,801.7,114.5,59.1,1206.9,notify_listener@25/0-worker,work_queue::do_work get_work@24/?-work_queue,1491.8,1206.9,461.9,471.5,1478.0
1097,137723245365378,454.3,150.1,276.4,27.8,12.4,411.3,assemble attention plan@24/?-work_queue,Prepare hardware matmul job@24/?-work_queue,451.9,342.0,102.8,107.4,432.8
1098,137723250141496,1122.3,529.7,492.6,100.0,72.4,475.5,kernel_add_rmsnorm_71@25/0-worker,prepare streams@25/0-worker,1120.9,1006.5,550.1,559.3,1095.1
1099,137723255564291,1527.3,556.8,781.5,188.9,72.0,480.0,kernel_add_rmsnorm_71@25/0-worker,prepare streams@25/0-worker,1524.9,1263.9,554.2,578.6,1509.8
1100,137723261426861,1848.9,814.5,761.0,273.4,105.6,1716.6,assemble attention plan@24/?-work_queue,Prepare hardware matmul job@24/?-work_queue,1848.9,1280.3,562.6,566.5,1832.2
1101,137723267620305,1448.4,580.0,757.0,111.4,59.9,1118.1,notify_listener@25/0-worker,work_queue::do_work get_work@24/?-work_queue,1446.4,1118.1,415.9,454.8,1432.6
1102,137723273397217,960.5,525.9,338.6,96.0,70.0,476.1,kernel_add_rmsnorm_71@25/0-worker,prepare streams@25/0-worker,958.6,856.2,547.8,560.6,945.4
1103,137723278646726,1433.6,489.9,835.2,108.4,52.5,1196.9,notify_listener@25/0-worker,work_queue::do_work get_work@24/?-work_queue,1431.7,1196.9,396.3,407.3,1417.8
1104,137723284426552,902.7,519.0,297.4,86.3,59.1,477.5,kernel_add_rmsnorm_71@25/0-worker,prepare streams@25/0-worker,902.4,791.6,538.7,557.4,882.5
1105,137723289616093,461.8,126.8,299.5,35.6,17.9,418.1,assemble attention plan@24/?-work_queue,Prepare hardware matmul job@24/?-work_queue,459.5,344.6,104.5,109.5,445.6
1106,137723294406256,1675.7,737.0,821.6,117.0,70.8,1393.4,notify_listener@25/0-worker,work_queue::do_work get_work@24/?-work_queue,1673.3,1393.4,611.1,617.7,1658.2
1107,137723300387740,888.8,520.9,272.8,95.0,69.4,475.5,kernel_add_rmsnorm_71@25/0-worker,prepare streams@25/0-worker,886.0,781.8,547.7,556.9,871.5
1108,137723305602026,1469.1,598.9,735.3,134.9,63.5,1133.6,notify_listener@25/0-worker,work_queue::do_work get_work@24/?-work_queue,1466.2,1133.6,433.8,444.7,1452.0
1109,137723311420374,970.1,666.4,273.4,30.3,12.4,927.2,assemble attention plan@24/?-work_queue,Prepare hardware matmul job@24/?-work_queue,968.6,857.8,621.0,628.3,949.4
1110,137723316693704,424.1,132.7,265.0,26.4,12.6,381.9,assemble attention plan@24/?-work_queue,Prepare hardware matmul job@24/?-work_queue,422.2,313.2,91.8,103.4,404.3
1111,137723321415354,949.0,522.6,341.5,84.8,58.5,460.6,kernel_add_rmsnorm_71@25/0-worker,prepare streams@25/0-worker,946.4,828.3,522.3,534.9,931.5
1112,137723326685625,842.4,483.2,275.8,83.4,51.4,430.2,kernel_add_rmsnorm_71@25/0-worker,prepare streams@25/0-worker,840.4,731.0,487.6,498.5,825.9
1113,137723331866091,621.5,252.4,339.9,29.1,11.0,584.5,assemble attention plan@24/?-work_queue,Prepare hardware matmul job@24/?-work_queue,619.4,516.0,218.4,226.4,605.2
1114,137723336804251,1318.1,490.4,731.3,96.4,68.4,454.6,kernel_add_rmsnorm_71@25/0-worker,prepare streams@25/0-worker,1315.9,1207.7,525.5,535.4,1299.4
1115,137723342369318,940.0,553.5,295.7,90.8,62.2,501.1,kernel_add_rmsnorm_71@25/0-worker,prepare streams@25/0-worker,937.8,824.1,565.1,568.6,918.0
1116,137723347690354,1606.2,631.9,742.3,232.0,119.5,1455.0,assemble attention plan@24/?-work_queue,Prepare hardware matmul job@24/?-work_queue,1604.5,1049.5,349.7,363.3,1590.2
1117,137723353607167,1506.6,575.1,815.6,115.9,59.7,542.5,kernel_add_rmsnorm_71@25/0-worker,prepare streams@25/0-worker,1504.9,1363.8,604.5,614.1,1489.4
1118,137723359468897,1598.5,718.8,717.9,161.9,63.8,476.7,kernel_add_rmsnorm_71@25/0-worker,prepare streams@25/0-worker,1596.2,1226.1,542.1,546.3,1581.7
1119,137723365396867,908.0,549.3,254.6,104.2,73.0,491.8,kernel_add_rmsnorm_71@25/0-worker,prepare streams@25/0-worker,905.8,797.2,567.3,577.4,891.3
1120,137723370647946,733.8,438.4,266.9,28.5,13.9,693.9,assemble attention plan@24/?-work_queue,Prepare hardware matmul job@24/?-work_queue,731.6,626.5,388.4,395.2,718.1
1121,137723375731408,1354.0,475.7,766.9,111.4,66.3,1034.0,notify_listener@25/0-worker,work_queue::do_work get_work@24/?-work_queue,1346.2,1034.0,307.2,313.3,1320.7
1122,137723381447550,1628.1,716.2,762.7,149.2,64.6,1282.1,notify_listener@25/0-worker,work_queue::do_work get_work@24/?-work_queue,1625.9,1282.1,567.7,575.2,1605.9
1123,137723387411100,1666.4,627.9,858.1,180.4,71.3,449.2,kernel_add_rmsnorm_71@25/0-worker,prepare streams@25/0-worker,1664.1,1345.2,523.2,535.6,1649.4
1124,137723393456315,1629.6,634.7,783.2,211.7,69.6,1295.2,notify_listener@25/0-worker,work_queue::do_work get_work@24/?-work_queue,1627.2,1295.2,558.9,574.2,1612.7
1125,137723399406295,975.3,552.3,339.9,83.1,57.4,469.0,kernel_add_rmsnorm_71@25/0-worker,prepare streams@25/0-worker,971.8,851.8,541.3,551.8,957.6
1126,137723404721221,675.4,377.2,268.9,29.3,11.7,637.3,assemble attention plan@24/?-work_queue,Prepare hardware matmul job@24/?-work_queue,673.1,559.0,322.1,329.5,659.4
1127,137723409712810,1393.6,456.4,767.4,169.9,61.3,388.4,kernel_add_rmsnorm_71@25/0-worker,prepare streams@25/0-worker,1391.3,1179.4,452.0,463.9,1376.6
1128,137723415428761,934.8,534.7,299.4,100.8,70.7,494.2,kernel_add_rmsnorm_71@25/0-worker,prepare streams@25/0-worker,932.2,818.8,566.7,570.5,910.4
1129,137723420700653,1383.8,482.8,793.4,107.7,44.8,1080.3,notify_listener@25/0-worker,work_queue::do_work get_work@24/?-work_queue,1381.7,1080.3,335.7,342.8,1366.6
1130,137723426489404,440.3,131.5,270.3,38.5,11.9,403.2,assemble attention plan@24/?-work_queue,Prepare hardware matmul job@24/?-work_queue,438.0,325.3,95.6,102.6,425.0
1131,137723431167031,1881.7,827.5,768.9,285.3,93.2,495.2,kernel_add_rmsnorm_71@25/0-worker,prepare streams@25/0-worker,1879.9,1318.1,590.4,600.3,1866.2
1132,137723437431254,2028.8,886.5,857.7,284.6,113.2,1886.9,assemble attention plan@24/?-work_queue,Prepare hardware matmul job@24/?-work_queue,2026.2,1398.6,590.8,600.6,2010.7
1133,137723443744688,1537.0,558.3,753.8,224.8,119.7,1385.7,assemble attention plan@24/?-work_queue,Prepare hardware matmul job@24/?-work_queue,1534.7,1006.5,307.7,312.5,1514.8
1134,137723449651686,1908.5,788.0,807.6,312.9,126.5,1750.0,assemble attention plan@24/?-work_queue,Prepare hardware matmul job@24/?-work_queue,1906.3,1343.0,618.1,627.3,1892.2
1135,137723455889242,1191.9,318.6,756.7,116.6,59.7,886.0,notify_listener@25/0-worker,work_queue::do_work get_work@24/?-work_queue,1188.5,886.0,171.5,188.8,1175.4
1136,137723461450784,905.7,537.5,262.2,106.1,76.6,464.3,kernel_add_rmsnorm_71@25/0-worker,prepare streams@25/0-worker,903.3,793.2,543.3,563.8,889.2
1137,137723466628857,1574.0,625.6,737.4,210.9,94.2,1452.5,assemble attention plan@24/?-work_queue,Prepare hardware matmul job@24/?-work_queue,1571.4,1100.4,406.1,420.5,1557.5
1138,137723472574502,1805.1,739.5,789.0,276.6,118.9,1198.4,notify_listener@25/0-worker,work_queue::do_work get_work@24/?-work_queue,1802.9,1198.4,466.5,473.2,1787.5
1139,137723478699273,1381.4,473.5,773.4,134.5,72.2,1067.0,notify_listener@25/0-worker,work_queue::do_work get_work@24/?-work_queue,1379.3,1067.0,343.8,353.8,1359.8
1140,137723484465858,1609.6,651.9,784.7,173.0,66.6,466.6,kernel_add_rmsnorm_71@25/0-worker,prepare streams@25/0-worker,1607.5,1283.2,538.9,550.1,1593.2
1141,137723490387823,1674.6,752.2,755.1,167.4,63.9,1247.0,notify_listener@25/0-worker,work_queue::do_work get_work@24/?-work_queue,1672.4,1247.0,525.7,542.4,1658.2
1142,137723496409878,1003.7,546.6,345.2,111.9,78.6,488.2,kernel_add_rmsnorm_71@25/0-worker,prepare streams@25/0-worker,1000.8,893.9,579.4,586.1,985.5
1143,137723501704811,1366.1,485.4,762.4,118.3,65.0,1057.8,notify_listener@25/0-worker,work_queue::do_work get_work@24/?-work_queue,1364.2,1057.8,331.2,341.3,1350.4
1144,137723507444474,907.9,547.2,269.2,91.5,63.3,485.6,kernel_add_rmsnorm_71@25/0-worker,prepare streams@25/0-worker,901.9,799.2,551.3,560.5,888.5
1145,137723512615486,758.0,421.8,307.1,29.2,10.7,714.7,assemble attention plan@24/?-work_queue,Prepare hardware matmul job@24/?-work_queue,756.0,644.6,425.0,429.6,734.4
1146,137723517720904,676.2,381.4,262.7,32.0,17.6,632.9,assemble attention plan@24/?-work_queue,Prepare hardware matmul job@24/?-work_queue,673.3,552.2,320.1,331.1,660.4
1147,137723522729200,662.9,365.9,265.3,31.8,16.2,620.2,assemble attention plan@24/?-work_queue,Prepare hardware matmul job@24/?-work_queue,661.2,543.3,306.7,310.9,646.3
1148,137723527765833,637.8,308.0,303.6,26.2,12.7,598.9,assemble attention plan@24/?-work_queue,Prepare hardware matmul job@24/?-work_queue,635.8,529.5,274.7,279.5,622.0
1149,137723532722941,1401.0,521.3,764.5,115.2,79.3,475.5,kernel_add_rmsnorm_71@25/0-worker,prepare streams@25/0-worker,1398.7,1289.2,556.1,564.9,1384.2
1150,137723538483024,1589.8,678.6,744.1,167.1,64.6,1246.0,notify_listener@25/0-worker,work_queue::do_work get_work@24/?-work_queue,1587.6,1246.0,534.7,540.3,1570.7
1151,137723544373679,1033.7,560.0,394.0,79.6,53.2,554.9,kernel_add_rmsnorm_71@25/0-worker,prepare streams@25/0-worker,1031.7,919.2,610.4,623.4,1011.4
1152,137723549746428,726.0,303.2,389.8,32.9,12.8,686.8,assemble attention plan@24/?-work_queue,Prepare hardware matmul job@24/?-work_queue,724.5,610.0,310.7,316.7,710.1
1153,137723554768472,690.4,326.4,335.2,28.8,11.3,653.6,assemble attention plan@24/?-work_queue,Prepare hardware matmul job@24/?-work_queue,688.6,579.0,272.8,277.4,674.4
1154,137723559801744,1471.9,472.9,784.7,214.3,114.3,1332.2,assemble attention plan@24/?-work_queue,Prepare hardware matmul job@24/?-work_queue,1470.3,987.9,245.9,256.9,1456.3
1155,137723565595091,1495.2,566.0,749.6,179.6,86.2,1229.0,notify_listener@25/0-worker,work_queue::do_work get_work@24/?-work_queue,1492.3,1229.0,525.9,535.0,1478.0
1156,137723571466987,880.0,524.8,257.5,97.7,69.2,476.2,kernel_add_rmsnorm_71@25/0-worker,prepare streams@25/0-worker,877.3,768.2,547.8,561.3,862.7
1157,137723576652111,742.1,432.2,280.4,29.5,11.0,692.8,assemble attention plan@24/?-work_queue,Prepare hardware matmul job@24/?-work_queue,740.1,622.0,386.4,391.0,713.8
1158,137723581697744,698.8,385.2,285.2,28.3,11.9,653.2,assemble attention plan@24/?-work_queue,Prepare hardware matmul job@24/?-work_queue,696.6,583.0,342.1,347.3,681.0
1159,137723586725929,664.6,372.7,265.5,26.3,11.4,627.6,assemble attention plan@24/?-work_queue,Prepare hardware matmul job@24/?-work_queue,662.6,551.9,317.0,321.7,648.9
1160,137723591754961,1504.2,611.4,712.2,180.6,107.3,1370.1,assemble attention plan@24/?-work_queue,Prepare hardware matmul job@24/?-work_queue,1501.9,1010.3,284.9,346.8,1487.5
1161,137723597587821,1503.3,546.8,855.8,100.6,66.7,1261.7,notify_listener@25/0-worker,work_queue::do_work get_work@24/?-work_queue,1500.7,1261.7,446.7,454.2,1487.3
1162,137723603443935,1009.6,446.8,493.4,69.4,67.8,463.7,kernel_add_rmsnorm_71@25/0-worker,prepare streams@25/0-worker,536.9,1009.6,532.9,536.9,
1163,137723609873257,104.8,81.3,4.7,18.8,11.2,65.9,assemble attention plan@24/?-work_queue,Prepare hardware matmul job@24/?-work_queue,102.7,,,,
1164,137723614400357,1686.0,662.1,851.9,172.0,78.5,535.3,kernel_add_rmsnorm_71@25/0-worker,prepare streams@25/0-worker,1683.7,1420.6,615.1,619.2,1664.9
1165,137723620425168,983.2,539.6,341.7,101.9,72.4,479.1,kernel_add_rmsnorm_71@25/0-worker,prepare streams@25/0-worker,981.5,858.1,553.9,564.3,967.5
1166,137723625772858,1346.3,558.4,686.7,101.2,75.7,490.5,kernel_add_rmsnorm_71@25/0-worker,prepare streams@25/0-worker,1343.6,1238.8,567.8,598.3,1329.5
1167,137723631482468,1608.9,559.5,860.6,188.8,77.5,1356.0,notify_listener@25/0-worker,work_queue::do_work get_work@24/?-work_queue,1606.5,1356.0,534.2,543.4,1592.8
1168,137723637408410,1071.8,679.6,363.5,28.7,11.0,1035.0,assemble attention plan@24/?-work_queue,Prepare hardware matmul job@24/?-work_queue,1070.1,963.6,629.1,633.3,1056.4
1169,137723642842138,615.7,253.9,330.1,31.7,12.3,575.5,assemble attention plan@24/?-work_queue,Prepare hardware matmul job@24/?-work_queue,613.1,506.9,207.5,212.4,597.9
1170,137723647765251,619.6,313.2,281.8,24.6,12.0,576.6,assemble attention plan@24/?-work_queue,Prepare hardware matmul job@24/?-work_queue,617.3,509.2,278.8,283.8,597.7
1171,137723652773284,623.1,281.4,312.0,29.7,14.3,582.7,assemble attention plan@24/?-work_queue,Prepare hardware matmul job@24/?-work_queue,621.4,504.6,270.5,275.2,606.8
1172,137723657697025,720.3,342.8,344.2,33.3,11.4,682.7,assemble attention plan@24/?-work_queue,Prepare hardware matmul job@24/?-work_queue,717.9,611.2,346.4,364.7,704.3
1173,137723662763546,1310.0,433.2,755.8,120.9,59.6,1001.6,notify_listener@25/0-worker,work_queue::do_work get_work@24/?-work_queue,1307.9,1001.6,289.8,303.3,1294.3
1174,137723668398433,1672.5,731.2,785.5,155.8,57.5,1359.6,notify_listener@25/0-worker,work_queue::do_work get_work@24/?-work_queue,1670.6,1359.6,619.7,630.5,1656.1
1175,137723674428577,998.9,534.4,366.0,98.5,62.1,488.9,kernel_add_rmsnorm_71@25/0-worker,prepare streams@25/0-worker,997.3,887.5,553.3,561.4,977.9
1176,137723679692583,1763.1,710.5,781.4,271.1,120.8,1610.5,assemble attention plan@24/?-work_queue,Prepare hardware matmul job@24/?-work_queue,1760.4,1210.7,463.5,473.5,1747.0
1177,137723685841605,539.1,231.5,281.7,25.9,11.7,500.9,assemble attention plan@24/?-work_queue,Prepare hardware matmul job@24/?-work_queue,536.7,425.1,200.9,208.0,522.1
1178,137723690672517,1516.8,618.8,711.7,186.3,100.4,1390.4,assemble attention plan@24/?-work_queue,Prepare hardware matmul job@24/?-work_queue,1516.9,1079.0,364.6,412.9,1502.2
1179,137723696559853,874.1,499.3,348.8,26.1,10.0,838.6,assemble attention plan@24/?-work_queue,Prepare hardware matmul job@24/?-work_queue,871.8,768.2,460.0,468.7,858.1
1180,137723701759920,643.7,318.0,291.6,34.1,16.8,599.8,assemble attention plan@24/?-work_queue,Prepare hardware matmul job@24/?-work_queue,640.9,530.5,290.5,297.0,626.8
1181,137723706760860,1490.0,527.9,735.4,226.6,118.2,1340.0,assemble attention plan@24/?-work_queue,Prepare hardware matmul job@24/?-work_queue,1488.2,985.1,279.1,287.1,1468.4
1182,137723712546734,1526.7,684.0,738.9,103.8,52.1,1160.8,notify_listener@25/0-worker,work_queue::do_work get_work@24/?-work_queue,1524.3,1160.8,470.8,477.4,1509.3
1183,137723718479922,1594.3,676.7,749.8,167.9,65.4,469.4,kernel_add_rmsnorm_71@25/0-worker,prepare streams@25/0-worker,1592.4,1250.2,537.8,549.2,1578.6
1184,137723724392141,1075.3,527.9,344.3,203.0,177.5,512.0,kernel_add_rmsnorm_71@25/0-worker,prepare streams@25/0-worker,1072.7,967.0,691.8,706.9,1057.8
1185,137723729851318,1250.2,242.7,888.0,119.6,65.4,993.6,notify_listener@25/0-worker,work_queue::do_work get_work@24/?-work_queue,1247.9,993.6,236.2,247.8,1234.2
1186,137723735421224,1653.7,694.1,780.2,179.5,68.8,1330.8,notify_listener@25/0-worker,work_queue::do_work get_work@24/?-work_queue,1651.1,1330.8,594.9,608.5,1637.4
1187,137723741435642,1868.0,764.0,859.3,244.6,118.5,1719.2,assemble attention plan@24/?-work_queue,Prepare hardware matmul job@24/?-work_queue,1865.7,1342.0,580.1,597.1,1847.9
1188,137723747696608,1381.2,506.1,759.6,115.5,63.0,1067.6,notify_listener@25/0-worker,work_queue::do_work get_work@24/?-work_queue,1378.9,1067.6,352.7,365.7,1363.6
1189,137723753481931,847.2,500.5,255.8,90.9,65.7,437.3,kernel_add_rmsnorm_71@25/0-worker,prepare streams@25/0-worker,845.1,733.7,505.3,517.8,830.9
1190,137723758655229,1415.7,506.5,793.0,116.2,63.6,1092.2,notify_listener@25/0-worker,work_queue::do_work get_work@24/?-work_queue,1413.8,1092.2,391.7,426.8,1399.5
1191,137723764488400,1805.9,737.6,773.4,294.8,114.4,1665.2,assemble attention plan@24/?-work_queue,Prepare hardware matmul job@24/?-work_queue,1804.1,1250.8,524.1,530.7,1789.5
1192,137723770551521,2021.4,738.1,376.4,906.9,749.1,808.2,notify_listener@25/0-worker,work_queue::do_work get_work@24/?-work_queue,2018.8,808.2,463.3,467.1,2003.9
1193,137723776978838,545.6,157.9,358.5,29.2,11.5,502.9,assemble attention plan@24/?-work_queue,Prepare hardware matmul job@24/?-work_queue,543.0,432.1,126.5,130.2,524.5
1194,137723781805570,1284.8,306.2,862.2,116.4,64.3,1011.3,notify_listener@25/0-worker,work_queue::do_work get_work@24/?-work_queue,1283.0,1011.3,262.6,269.3,1268.3
1195,137723787498594,1582.2,596.2,810.1,175.8,74.7,435.2,kernel_add_rmsnorm_71@25/0-worker,prepare streams@25/0-worker,1580.1,1295.8,512.9,522.8,1565.5
1196,137723793388861,910.7,515.5,293.3,101.9,70.7,471.7,kernel_add_rmsnorm_71@25/0-worker,prepare streams@25/0-worker,908.0,796.5,544.1,550.2,892.9
1197,137723798668795,733.9,416.7,289.7,27.5,11.2,697.1,assemble attention plan@24/?-work_queue,Prepare hardware matmul job@24/?-work_queue,731.6,625.2,374.7,382.4,721.9
1198,137723803723647,1363.0,470.7,773.6,118.6,71.1,1034.6,notify_listener@25/0-worker,work_queue::do_work get_work@24/?-work_queue,1360.0,1034.6,321.0,326.5,1334.9
1199,137723809419983,888.1,532.3,265.8,90.0,63.4,470.0,kernel_add_rmsnorm_71@25/0-worker,prepare streams@25/0-worker,886.5,771.9,535.8,545.8,864.3
1200,137723814592951,1486.5,614.6,750.3,121.6,79.0,1142.2,notify_listener@25/0-worker,work_queue::do_work get_work@24/?-work_queue,1483.6,1142.2,436.5,440.5,1469.1
1201,137723820467707,1842.6,765.5,797.4,279.6,118.9,1698.2,assemble attention plan@24/?-work_queue,Prepare hardware matmul job@24/?-work_queue,1839.9,1298.5,548.0,553.2,1826.4
1202,137723826611977,1700.0,704.3,788.9,206.8,117.8,1555.3,assemble attention plan@24/?-work_queue,Prepare hardware matmul job@24/?-work_queue,1697.9,1172.2,434.6,446.9,1683.2
1203,137723832669738,1761.9,654.4,853.5,254.0,134.3,1600.2,assemble attention plan@24/?-work_queue,Prepare hardware matmul job@24/?-work_queue,1759.3,1171.2,366.2,376.5,1744.3
1204,137723838736626,639.1,358.2,254.8,26.1,11.9,592.9,assemble attention plan@24/?-work_queue,Prepare hardware matmul job@24/?-work_queue,636.8,520.2,299.2,304.6,614.5
1205,137723843690622,835.2,464.6,277.1,93.6,66.6,414.6,kernel_add_rmsnorm_71@25/0-worker,prepare streams@25/0-worker,832.9,714.1,483.4,490.0,817.6
1206,137723848796918,1280.4,391.0,779.0,110.4,59.1,970.6,notify_listener@25/0-worker,work_queue::do_work get_work@24/?-work_queue,1278.2,970.6,250.1,254.7,1263.8
1207,137723854408895,882.0,487.3,297.9,96.7,67.4,440.4,kernel_add_rmsnorm_71@25/0-worker,prepare streams@25/0-worker,880.5,774.3,510.3,516.7,866.4
1208,137723859596990,1495.1,562.9,766.6,165.5,64.8,1254.1,notify_listener@25/0-worker,work_queue::do_work get_work@24/?-work_queue,1492.6,1254.1,516.3,522.7,1479.3
1209,137723865432563,1675.0,456.8,1047.5,170.7,79.0,1424.5,notify_listener@25/0-worker,work_queue::do_work get_work@24/?-work_queue,1671.6,1424.5,611.6,615.3,1652.1
1210,137723871385002,960.8,578.6,280.8,101.5,72.1,457.1,kernel_add_rmsnorm_71@25/0-worker,prepare streams@25/0-worker,957.8,841.3,530.7,535.2,932.6
1211,137723876706718,784.1,388.9,366.4,28.8,11.2,733.8,assemble attention plan@24/?-work_queue,Prepare hardware matmul job@24/?-work_queue,781.9,662.1,331.0,345.9,767.4
1212,137723881785840,601.3,318.4,253.6,29.3,16.1,558.0,assemble attention plan@24/?-work_queue,Prepare hardware matmul job@24/?-work_queue,598.8,480.6,254.7,260.1,583.6
1213,137723886717029,654.8,365.7,259.3,29.8,11.9,616.6,assemble attention plan@24/?-work_queue,Prepare hardware matmul job@24/?-work_queue,652.2,543.5,318.3,330.3,638.4
1214,137723891695305,1712.8,702.3,720.7,289.8,140.3,1546.4,assemble attention plan@24/?-work_queue,Prepare hardware matmul job@24/?-work_queue,1711.2,1214.4,515.3,524.9,1696.5
1215,137723897801432,535.5,149.7,356.3,29.5,12.7,497.9,assemble attention plan@24/?-work_queue,Prepare hardware matmul job@24/?-work_queue,533.9,427.8,125.1,131.4,519.8
1216,137723902625999,757.0,453.1,270.9,33.0,10.1,714.5,assemble attention plan@24/?-work_queue,Prepare hardware matmul job@24/?-work_queue,754.4,640.3,411.7,418.9,735.0
1217,137723907759264,1696.9,633.7,765.4,297.7,128.4,1536.7,assemble attention plan@24/?-work_queue,Prepare hardware matmul job@24/?-work_queue,1694.7,1157.0,424.7,430.2,1680.5
1218,137723913735654,838.4,479.3,263.3,95.7,65.7,413.9,kernel_add_rmsnorm_71@25/0-worker,prepare streams@25/0-worker,836.1,724.2,481.1,493.5,822.7
1219,137723918898210,1212.2,194.2,787.7,230.3,200.7,908.6,notify_listener@25/0-worker,work_queue::do_work get_work@24/?-work_queue,1210.2,908.6,169.7,177.0,1196.2
1220,137723924388511,1678.9,713.2,783.4,182.4,72.7,487.0,kernel_add_rmsnorm_71@25/0-worker,prepare streams@25/0-worker,1677.3,1303.7,561.8,575.3,1662.3
1221,137723930465718,1621.0,612.4,864.3,144.3,69.9,1288.5,notify_listener@25/0-worker,work_queue::do_work get_work@24/?-work_queue,1619.3,1288.5,555.0,568.0,1603.1
1222,137723936470214,1822.3,744.9,863.5,213.9,106.9,1684.1,assemble attention plan@24/?-work_queue,Prepare hardware matmul job@24/?-work_queue,1819.9,1311.0,554.2,569.9,1800.9
1223,137723942631401,1448.5,546.4,781.2,121.0,74.4,1152.6,notify_listener@25/0-worker,work_queue::do_work get_work@24/?-work_queue,1446.4,1152.6,418.9,425.7,1427.7
1224,137723948426758,906.8,550.8,255.4,100.6,69.1,489.3,kernel_add_rmsnorm_71@25/0-worker,prepare streams@25/0-worker,904.9,790.3,561.0,570.2,891.0
1225,137723953670244,1432.1,649.5,608.5,174.1,67.3,1230.0,notify_listener@25/0-worker,work_queue::do_work get_work@24/?-work_queue,1430.1,1230.0,526.6,669.2,1413.8
1226,137723959393289,983.1,579.6,299.9,103.5,71.0,528.0,kernel_add_rmsnorm_71@25/0-worker,prepare streams@25/0-worker,980.9,869.4,601.4,617.7,966.8
1227,137723964682757,681.3,394.5,263.2,23.6,10.3,645.5,assemble attention plan@24/?-work_queue,Prepare hardware matmul job@24/?-work_queue,679.5,575.7,360.6,371.2,665.9
1228,137723969665779,1863.5,687.4,761.6,414.5,301.6,1530.5,assemble attention plan@24/?-work_queue,Prepare hardware matmul job@24/?-work_queue,1860.2,1096.3,385.7,399.3,1841.9
1229,137723975919298,562.8,206.0,329.1,27.7,11.3,519.6,assemble attention plan@24/?-work_queue,Prepare hardware matmul job@24/?-work_queue,560.8,445.5,146.6,160.4,545.2
1230,137723980727553,1398.9,484.7,764.8,149.5,67.2,1211.9,notify_listener@25/0-worker,work_queue::do_work get_work@24/?-work_queue,1397.0,1211.9,480.6,485.4,1381.6
1231,137723986496752,973.3,518.8,383.2,71.3,44.9,472.2,rx collecting results@150/0-RX-3b,prepare streams@25/0-worker,971.2,857.8,519.0,527.2,958.1
1232,137723991804838,1521.0,529.1,768.2,223.8,112.9,1382.5,assemble attention plan@24/?-work_queue,Prepare hardware matmul job@24/?-work_queue,1518.7,993.1,262.7,272.5,1505.8
1233,137723997712633,1719.0,653.0,782.6,283.4,122.8,1569.0,assemble attention plan@24/?-work_queue,Prepare hardware matmul job@24/?-work_queue,1716.6,1191.2,458.1,487.7,1702.4
1234,137724003715135,680.6,374.3,276.6,29.7,11.2,637.4,assemble attention plan@24/?-work_queue,Prepare hardware matmul job@24/?-work_queue,677.6,566.5,325.7,335.4,658.7
1235,137724008723697,662.6,365.3,267.6,29.7,12.1,618.4,assemble attention plan@24/?-work_queue,Prepare hardware matmul job@24/?-work_queue,660.2,546.7,318.0,325.2,640.4
1236,137724013709552,674.0,383.0,262.2,28.8,13.5,634.4,assemble attention plan@24/?-work_queue,Prepare hardware matmul job@24/?-work_queue,671.9,554.1,331.8,336.1,657.1
1237,137724018734813,1563.2,552.6,753.7,256.9,103.5,1432.5,assemble attention plan@24/?-work_queue,Prepare hardware matmul job@24/?-work_queue,1560.4,1027.9,317.6,328.7,1546.1
1238,137724024639166,1428.3,563.8,756.2,108.3,66.8,1110.2,notify_listener@25/0-worker,work_queue::do_work get_work@24/?-work_queue,1425.2,1110.2,396.3,407.4,1411.3
1239,137724030423475,1935.7,822.0,784.8,328.8,138.5,1769.3,assemble attention plan@24/?-work_queue,Prepare hardware matmul job@24/?-work_queue,1933.1,1340.7,587.9,596.6,1917.5
1240,137724036737635,716.3,346.2,339.2,30.8,10.9,678.4,assemble attention plan@24/?-work_queue,Prepare hardware matmul job@24/?-work_queue,713.1,608.5,306.0,314.9,699.0
1241,137724041805636,612.8,292.5,284.7,35.6,13.4,567.8,assemble attention plan@24/?-work_queue,Prepare hardware matmul job@24/?-work_queue,611.2,495.0,251.7,257.1,590.9
1242,137724046770711,684.3,317.1,333.7,33.4,17.3,640.4,assemble attention plan@24/?-work_queue,Prepare hardware matmul job@24/?-work_queue,682.2,569.2,272.4,279.6,667.7
1243,137724051788678,882.9,419.5,369.0,94.5,64.6,371.1,kernel_add_rmsnorm_71@25/0-worker,prepare streams@25/0-worker,880.7,767.4,442.4,449.8,865.9
1244,137724057058504,1147.2,532.1,511.1,104.1,68.9,490.6,kernel_add_rmsnorm_71@25/0-worker,prepare streams@25/0-worker,1144.9,1031.5,561.2,572.0,1131.1
1245,137724062555525,1775.0,780.3,769.8,224.9,114.6,1635.0,assemble attention plan@24/?-work_queue,Prepare hardware matmul job@24/?-work_queue,1773.1,1218.7,497.4,507.7,1759.6
1246,137724068728450,735.1,342.5,358.8,33.7,13.5,694.8,assemble attention plan@24/?-work_queue,Prepare hardware matmul job@24/?-work_queue,732.6,621.6,315.7,324.6,718.4
1247,137724073817173,1267.9,362.1,782.0,123.8,74.2,961.3,notify_listener@25/0-worker,work_queue::do_work get_work@24/?-work_queue,1266.0,961.3,241.4,249.9,1248.2
1248,137724079423560,972.1,526.6,348.4,97.2,71.6,476.3,kernel_add_rmsnorm_71@25/0-worker,prepare streams@25/0-worker,968.5,855.3,550.7,556.6,954.7
1249,137724084749900,633.7,312.9,296.0,24.9,11.3,596.3,assemble attention plan@24/?-work_queue,Prepare hardware matmul job@24/?-work_queue,631.5,526.0,289.3,297.9,616.5
1250,137724089718248,964.2,527.3,337.6,99.4,73.3,481.6,kernel_add_rmsnorm_71@25/0-worker,prepare streams@25/0-worker,962.3,855.2,556.8,565.7,948.6
1251,137724095052570,1201.9,742.4,351.1,108.5,74.7,709.4,kernel_add_rmsnorm_71@25/0-worker,prepare streams@25/0-worker,1200.3,1092.2,786.1,806.7,1186.0
1252,137724100580497,474.1,163.5,286.4,24.2,11.2,432.3,assemble attention plan@24/?-work_queue,Prepare hardware matmul job@24/?-work_queue,471.7,358.3,113.6,117.8,452.6
1253,137724105412607,1943.5,818.6,806.8,318.1,123.3,1788.8,assemble attention plan@24/?-work_queue,Prepare hardware matmul job@24/?-work_queue,1941.4,1381.4,605.0,613.1,1927.8
1254,137724111714845,1652.1,652.3,775.8,224.0,125.3,1497.7,assemble attention plan@24/?-work_queue,Prepare hardware matmul job@24/?-work_queue,1649.0,1066.5,327.0,333.7,1633.1
1255,137724117725584,1538.6,629.9,710.2,198.5,110.6,1402.2,assemble attention plan@24/?-work_queue,Prepare hardware matmul job@24/?-work_queue,1536.9,1007.5,311.5,347.0,1522.4
1256,137724123620309,1720.4,700.6,779.8,240.0,130.7,1564.4,assemble attention plan@24/?-work_queue,Prepare hardware matmul job@24/?-work_queue,1718.9,1139.8,418.9,424.9,1705.3
1257,137724129712577,1867.2,839.7,754.5,273.0,113.4,1728.1,assemble attention plan@24/?-work_queue,Prepare hardware matmul job@24/?-work_queue,1864.9,1295.2,595.7,608.7,1851.6
1258,137724135907306,2164.7,759.9,1242.5,162.3,64.7,1824.8,notify_listener@25/0-worker,work_queue::do_work get_work@24/?-work_queue,2162.5,1824.8,1114.6,1119.9,2143.8
1259,137724142460926,1935.9,861.2,804.7,270.1,100.3,1802.4,assemble attention plan@24/?-work_queue,Prepare hardware matmul job@24/?-work_queue,1933.8,1389.6,649.5,663.7,1916.8
1260,137724148729556,1421.3,594.2,721.0,106.1,75.3,569.6,kernel_add_rmsnorm_71@25/0-worker,prepare streams@25/0-worker,1419.8,1299.6,646.5,656.1,1404.8
1261,137724154494694,905.6,576.7,285.6,43.3,12.4,784.9,notify_listener@25/0-worker,work_queue::do_work get_work@24/?-work_queue,903.0,784.9,532.9,546.9,887.0
1262,137724159694853,778.5,427.2,248.5,102.8,72.5,379.0,kernel_add_rmsnorm_71@25/0-worker,prepare streams@25/0-worker,776.6,668.9,453.0,457.5,763.7
1263,137724164822881,1254.8,348.0,756.7,150.1,105.6,941.0,notify_listener@25/0-worker,work_queue::do_work get_work@24/?-work_queue,1252.6,941.0,247.8,252.1,1238.9
1264,137724170435913,1834.9,756.8,822.6,255.5,98.4,1698.1,assemble attention plan@24/?-work_queue,Prepare hardware matmul job@24/?-work_queue,1833.1,1349.7,588.1,596.7,1806.5
1265,137724176675884,793.7,418.8,346.0,28.9,13.3,747.2,assemble attention plan@24/?-work_queue,Prepare hardware matmul job@24/?-work_queue,791.6,677.0,363.0,369.6,776.1
1266,137724181771976,1307.1,420.3,765.5,121.4,79.5,993.2,notify_listener@25/0-worker,work_queue::do_work get_work@24/?-work_queue,1305.3,993.2,266.2,270.4,1292.4
1267,137724187479652,899.7,531.9,285.6,82.2,56.1,477.1,kernel_add_rmsnorm_71@25/0-worker,prepare streams@25/0-worker,897.2,789.9,535.6,554.4,882.9
1268,137724192724412,677.5,362.0,285.3,30.3,12.2,640.3,assemble attention plan@24/?-work_queue,Prepare hardware matmul job@24/?-work_queue,676.0,568.0,329.8,336.8,662.2
1269,137724197758712,1596.4,644.9,757.0,194.5,98.1,1471.7,assemble attention plan@24/?-work_queue,Prepare hardware matmul job@24/?-work_queue,1593.5,1004.5,282.5,289.6,1578.8
1270,137724203696828,682.4,390.8,261.9,29.7,13.4,639.6,assemble attention plan@24/?-work_queue,Prepare hardware matmul job@24/?-work_queue,680.6,566.1,338.2,344.0,662.8
1271,137724208765531,1313.6,446.2,753.5,113.9,57.8,983.3,notify_listener@25/0-worker,work_queue::do_work get_work@24/?-work_queue,1311.4,983.3,274.1,278.0,1291.7
1272,137724214458641,886.7,523.8,267.4,95.5,67.9,448.1,kernel_add_rmsnorm_71@25/0-worker,prepare streams@25/0-worker,883.1,763.1,518.4,529.5,869.7
1273,137724219719073,1355.5,459.8,784.3,111.4,71.8,1052.7,notify_listener@25/0-worker,work_queue::do_work get_work@24/?-work_queue,1353.4,1052.7,318.9,322.8,1339.6
1274,137724225428716,1824.5,825.1,795.1,204.3,85.7,1713.2,assemble attention plan@24/?-work_queue,Prepare hardware matmul job@24/?-work_queue,1823.0,1296.7,589.9,594.5,1808.5
1275,137724231623465,1725.4,726.2,728.0,271.2,95.3,1602.3,assemble attention plan@24/?-work_queue,Prepare hardware matmul job@24/?-work_queue,1722.9,1209.9,508.7,519.1,1707.9
1276,137724237672973,1400.3,520.9,757.7,121.7,55.7,1088.2,notify_listener@25/0-worker,work_queue::do_work get_work@24/?-work_queue,1398.7,1088.2,369.5,391.5,1384.0
1277,137724243461264,1640.5,656.3,811.5,172.8,74.9,1378.4,notify_listener@25/0-worker,work_queue::do_work get_work@24/?-work_queue,1638.5,1378.4,562.5,567.1,1618.6
1278,137724249437996,904.0,524.1,277.4,102.5,71.0,465.2,rx collecting results@147/0-RX-10,prepare streams@25/0-worker,903.9,785.7,538.2,542.8,886.4
1279,137724254727295,1692.3,647.1,815.2,230.0,118.5,1548.2,assemble attention plan@24/?-work_queue,Prepare hardware matmul job@24/?-work_queue,1690.0,1091.8,325.0,342.4,1676.6
1280,137724260759376,547.0,165.5,353.3,28.2,11.7,507.9,assemble attention plan@24/?-work_queue,Prepare hardware matmul job@24/?-work_queue,544.7,432.4,91.6,98.1,529.8
1281,137724265684850,1392.9,446.1,830.1,116.7,68.1,1111.6,notify_listener@25/0-worker,work_queue::do_work get_work@24/?-work_queue,1390.7,1111.6,356.3,364.3,1377.0
1282,137724271438162,1640.2,617.4,783.3,239.5,105.3,222.0,rx collecting results@150/0-RX-3b,Prepare hardware matmul job@24/?-work_queue,1638.2,1336.3,603.9,612.3,1623.6
1283,137724277468082,1871.5,818.0,798.3,255.1,131.2,1707.9,assemble attention plan@24/?-work_queue,Prepare hardware matmul job@24/?-work_queue,1869.8,1274.9,550.7,560.8,1849.1
1284,137724283709811,752.5,372.9,344.3,35.3,18.8,707.6,assemble attention plan@24/?-work_queue,Prepare hardware matmul job@24/?-work_queue,749.8,637.5,328.6,332.7,735.8
1285,137724288856249,1306.5,562.3,640.6,103.6,76.6,504.7,kernel_add_rmsnorm_71@25/0-worker,prepare streams@25/0-worker,1304.3,1190.0,583.8,587.5,1290.1
1286,137724294514824,1771.9,740.6,791.3,240.0,117.2,1627.7,assemble attention plan@24/?-work_queue,Prepare hardware matmul job@24/?-work_queue,1769.5,1248.3,500.2,512.7,1754.5
1287,137724300697115,1377.3,504.1,773.2,100.0,51.8,1077.4,notify_listener@25/0-worker,work_queue::do_work get_work@24/?-work_queue,1375.5,1077.4,346.4,351.9,1361.5
1288,137724306434959,1638.8,677.7,772.4,188.7,79.1,1304.5,notify_listener@25/0-worker,work_queue::do_work get_work@24/?-work_queue,1637.0,1304.5,562.5,574.8,1619.1
1289,137724312472939,1780.4,795.4,749.6,235.3,111.6,1639.1,assemble attention plan@24/?-work_queue,Prepare hardware matmul job@24/?-work_queue,1778.3,1265.1,543.4,557.1,1760.5
1290,137724318587229,1492.6,591.8,778.4,122.4,61.4,1190.3,notify_listener@25/0-worker,work_queue::do_work get_work@24/?-work_queue,1490.5,1190.3,452.7,475.4,1476.3
1291,137724324453720,1760.2,774.7,765.9,219.7,121.8,1612.5,assemble attention plan@24/?-work_queue,Prepare hardware matmul job@24/?-work_queue,1758.4,1240.5,558.7,569.9,1744.5
1292,137724330550694,2441.6,772.3,421.9,1247.4,880.5,891.6,notify_listener@25/0-worker,work_queue::do_work get_work@24/?-work_queue,2439.3,891.6,528.3,531.8,2425.0
1293,137724337408991,1681.9,677.5,860.1,144.3,64.7,1436.1,notify_listener@25/0-worker,work_queue::do_work get_work@24/?-work_queue,1679.9,1436.1,607.7,620.9,1665.9
1294,137724343390438,1894.6,642.3,810.6,441.7,397.9,1380.8,notify_listener@25/0-worker,work_queue::do_work get_work@24/?-work_queue,1892.6,1380.8,628.7,660.4,1871.1
1295,137724349687265,1397.7,519.7,753.5,124.5,82.1,1093.0,notify_listener@25/0-worker,work_queue::do_work get_work@24/?-work_queue,1395.6,1093.0,366.5,376.4,1381.9
1296,137724355372839,974.9,519.8,366.7,88.4,62.6,479.2,kernel_add_rmsnorm_71@25/0-worker,prepare streams@25/0-worker,972.4,858.2,544.9,560.3,958.8
1297,137724360713135,748.2,369.2,351.8,27.1,11.6,710.8,assemble attention plan@24/?-work_queue,Prepare hardware matmul job@24/?-work_queue,746.2,638.1,332.0,342.1,731.8
1298,137724365817971,571.8,277.7,266.3,27.7,12.2,532.6,assemble attention plan@24/?-work_queue,Prepare hardware matmul job@24/?-work_queue,570.2,461.7,230.2,239.2,554.9
1299,137724370764581,692.7,318.4,345.2,29.2,13.0,652.8,assemble attention plan@24/?-work_queue,Prepare hardware matmul job@24/?-work_queue,689.3,579.2,277.5,282.2,675.2
1300,137724375756416,656.7,330.2,301.3,25.1,11.8,612.6,assemble attention plan@24/?-work_queue,Prepare hardware matmul job@24/?-work_queue,653.5,543.5,286.0,291.1,634.0
1301,137724380815561,1271.3,333.4,822.7,115.2,70.5,879.2,notify_listener@25/0-worker,work_queue::do_work get_work@24/?-work_queue,1269.1,879.2,92.6,96.4,1235.4
1302,137724386426025,788.1,141.7,613.4,33.1,17.6,744.3,assemble attention plan@24/?-work_queue,Prepare hardware matmul job@24/?-work_queue,786.0,672.1,105.1,112.6,771.8
1303,137724391603121,1484.8,557.5,811.7,115.6,80.7,1197.2,notify_listener@25/0-worker,work_queue::do_work get_work@24/?-work_queue,1482.0,1197.2,433.6,439.8,1466.9
1304,137724397437238,1634.7,641.5,831.9,161.4,63.4,1321.8,notify_listener@25/0-worker,work_queue::do_work get_work@24/?-work_queue,1632.6,1321.8,577.6,582.7,1619.6
1305,137724403459043,1615.8,675.8,749.4,190.6,75.4,475.6,kernel_add_rmsnorm_71@25/0-worker,prepare streams@25/0-worker,1612.4,1273.0,553.4,562.8,1597.7
1306,137724409475054,864.8,513.1,250.7,101.0,75.0,442.8,kernel_add_rmsnorm_71@25/0-worker,prepare streams@25/0-worker,862.8,753.1,521.2,531.6,847.7
1307,137724414693649,1408.4,448.7,769.2,190.5,76.3,383.5,kernel_add_rmsnorm_71@25/0-worker,prepare streams@25/0-worker,1406.7,1201.0,461.3,470.5,1391.7
1308,137724420417890,994.9,530.2,360.2,104.5,67.8,504.6,kernel_add_rmsnorm_71@25/0-worker,prepare streams@25/0-worker,991.9,874.4,574.0,577.9,974.3
1309,137724425784421,683.0,314.5,342.0,26.5,13.1,643.4,assemble attention plan@24/?-work_queue,Prepare hardware matmul job@24/?-work_queue,680.3,569.1,263.9,268.4,666.8
1310,137724430820335,1277.2,336.9,831.4,108.9,54.9,1007.0,notify_listener@25/0-worker,work_queue::do_work get_work@24/?-work_queue,1275.3,1007.0,225.5,236.5,1260.0
1311,137724436482639,1591.6,640.2,771.7,179.7,67.5,1264.6,notify_listener@25/0-worker,work_queue::do_work get_work@24/?-work_queue,1589.9,1264.6,530.8,543.4,1576.1
1312,137724442421798,1651.8,672.6,787.4,191.8,63.4,529.5,kernel_add_rmsnorm_71@25/0-worker,prepare streams@25/0-worker,1649.0,1341.3,595.1,599.3,1634.2
1313,137724448486712,946.8,561.8,344.2,40.9,12.5,908.9,assemble attention plan@24/?-work_queue,Prepare hardware matmul job@24/?-work_queue,945.1,836.2,530.5,536.5,931.2
1314,137724453774110,699.1,246.3,416.0,36.8,11.7,655.8,assemble attention plan@24/?-work_queue,Prepare hardware matmul job@24/?-work_queue,697.5,584.4,276.6,280.5,677.0
1315,137724458885305,585.7,210.7,350.6,24.5,10.1,541.5,assemble attention plan@24/?-work_queue,Prepare hardware matmul job@24/?-work_queue,583.5,469.2,162.7,167.4,569.7
1316,137724463753542,656.6,340.4,285.1,31.0,12.3,616.8,assemble attention plan@24/?-work_queue,Prepare hardware matmul job@24/?-work_queue,654.0,539.6,297.4,308.7,639.1
1317,137724468780292,1513.1,512.1,767.6,233.5,119.7,1366.9,assemble attention plan@24/?-work_queue,Prepare hardware matmul job@24/?-work_queue,1510.5,994.6,263.2,267.6,1497.0
1318,137724474663588,724.7,436.6,257.0,31.1,12.3,687.0,assemble attention plan@24/?-work_queue,Prepare hardware matmul job@24/?-work_queue,723.1,615.2,384.1,391.7,708.9
1319,137724479775223,1351.0,519.7,730.1,101.1,69.9,459.9,kernel_add_rmsnorm_71@25/0-worker,prepare streams@25/0-worker,1349.5,1241.3,532.5,537.5,1335.0
1320,137724485433506,966.8,534.2,342.0,90.6,60.4,485.2,kernel_add_rmsnorm_71@25/0-worker,prepare streams@25/0-worker,964.7,854.6,547.4,550.9,946.2
1321,137724490766149,449.2,142.3,278.5,28.3,13.3,403.3,assemble attention plan@24/?-work_queue,Prepare hardware matmul job@24/?-work_queue,446.9,331.2,100.0,103.8,432.7
1322,137724495568013,1508.8,601.2,785.8,121.7,65.8,1197.3,notify_listener@25/0-worker,work_queue::do_work get_work@24/?-work_queue,1506.2,1197.3,456.4,524.8,1492.6
1323,137724501426119,963.2,510.3,337.8,115.1,87.8,462.6,kernel_add_rmsnorm_71@25/0-worker,prepare streams@25/0-worker,961.1,851.3,552.3,565.4,946.4
1324,137724506670972,1405.3,567.7,722.3,115.3,51.6,1059.0,notify_listener@25/0-worker,work_queue::do_work get_work@24/?-work_queue,1402.6,1059.0,366.5,372.9,1388.2
1325,137724512543190,1548.3,646.3,755.8,146.3,94.1,1206.6,notify_listener@25/0-worker,work_queue::do_work get_work@24/?-work_queue,1545.7,1206.6,493.1,501.1,1527.7
1326,137724518465458,1646.5,623.5,870.6,152.3,59.0,1385.7,notify_listener@25/0-worker,work_queue::do_work get_work@24/?-work_queue,1644.7,1385.7,551.1,561.1,1618.3
1327,137724524487483,1597.7,695.5,761.9,140.3,60.8,1254.3,notify_listener@25/0-worker,work_queue::do_work get_work@24/?-work_queue,1595.3,1254.3,530.7,536.7,1580.6
1328,137724530382654,980.5,527.4,351.3,101.7,77.9,469.9,kernel_add_rmsnorm_71@25/0-worker,prepare streams@25/0-worker,978.2,863.9,549.4,562.3,964.9
1329,137724535729486,655.4,362.0,267.3,26.1,10.8,618.4,assemble attention plan@24/?-work_queue,Prepare hardware matmul job@24/?-work_queue,653.4,543.0,314.6,320.7,638.8
1330,137724540669205,725.6,422.1,275.8,27.8,12.7,687.1,assemble attention plan@24/?-work_queue,Prepare hardware matmul job@24/?-work_queue,723.9,614.6,369.5,380.6,708.9
1331,137724545766563,1361.2,527.6,737.5,96.1,68.5,481.1,kernel_add_rmsnorm_71@25/0-worker,prepare streams@25/0-worker,1358.0,1243.9,551.7,559.6,1339.6
1332,137724551433721,894.1,548.2,254.5,91.4,66.0,467.4,kernel_add_rmsnorm_71@25/0-worker,prepare streams@25/0-worker,891.9,766.8,534.7,539.2,877.8
1333,137724556663994,1452.1,523.2,750.7,178.2,69.0,431.6,kernel_add_rmsnorm_71@25/0-worker,prepare streams@25/0-worker,1443.3,1229.8,508.2,517.3,1435.0
1334,137724562450301,1630.1,633.8,823.6,172.8,80.4,486.8,kernel_add_rmsnorm_71@25/0-worker,prepare streams@25/0-worker,1627.9,1370.1,569.5,580.0,1613.0
1335,137724568455863,1620.4,742.7,766.0,111.8,58.5,1309.6,notify_listener@25/0-worker,work_queue::do_work get_work@24/?-work_queue,1618.0,1309.6,578.9,584.1,1603.2
1336,137724574414282,1654.2,706.3,765.5,182.4,70.5,482.9,kernel_add_rmsnorm_71@25/0-worker,prepare streams@25/0-worker,1652.3,1294.6,555.4,559.0,1637.6
1337,137724580460827,1656.4,547.7,859.6,249.1,177.2,503.7,rx collecting results@150/0-RX-3b,prepare streams@25/0-worker,1654.4,1501.0,682.9,695.5,1634.8
1338,137724586425850,1020.0,593.3,386.1,40.6,13.1,579.9,kernel_add_rmsnorm_71@25/0-worker,prepare streams@25/0-worker,1017.4,902.4,595.4,600.0,1002.2
1339,137724591796137,1284.8,370.7,805.0,109.1,55.2,1016.5,notify_listener@25/0-worker,work_queue::do_work get_work@24/?-work_queue,1283.4,1016.5,250.2,265.8,1270.0
1340,137724597399246,887.7,503.6,284.2,99.9,69.8,440.3,kernel_add_rmsnorm_71@25/0-worker,prepare streams@25/0-worker,885.7,766.3,512.1,529.1,871.3
1341,137724602673828,778.6,404.3,342.1,32.1,12.4,740.9,assemble attention plan@24/?-work_queue,Prepare hardware matmul job@24/?-work_queue,777.1,667.8,364.9,373.3,763.0
1342,137724607752509,519.1,153.2,339.0,26.9,10.6,483.4,assemble attention plan@24/?-work_queue,Prepare hardware matmul job@24/?-work_queue,517.2,409.0,97.0,101.0,503.4
1343,137724612603112,1498.4,547.2,827.3,123.8,76.2,1234.9,notify_listener@25/0-worker,work_queue::do_work get_work@24/?-work_queue,1489.3,1234.9,442.7,452.3,1475.2
1344,137724618410859,995.4,564.7,340.1,90.6,63.5,508.3,kernel_add_rmsnorm_71@25/0-worker,prepare streams@25/0-worker,993.5,877.1,574.4,582.3,975.3
1345,137724623779975,1308.4,384.8,815.2,108.4,58.5,1033.7,notify_listener@25/0-worker,work_queue::do_work get_work@24/?-work_queue,1306.8,1033.7,262.4,271.8,1289.7
1346,137724629442393,974.4,543.9,334.4,96.1,68.2,480.7,kernel_add_rmsnorm_71@25/0-worker,prepare streams@25/0-worker,972.2,853.4,551.8,567.3,957.2
1347,137724634805711,592.8,267.9,294.4,30.5,12.1,552.8,assemble attention plan@24/?-work_queue,Prepare hardware matmul job@24/?-work_queue,590.8,480.2,239.1,244.0,575.9
1348,137724639737580,1334.3,464.6,753.7,116.1,55.0,992.1,notify_listener@25/0-worker,work_queue::do_work get_work@24/?-work_queue,1331.8,992.1,300.1,304.5,1317.6
1349,137724645484363,1829.0,793.6,787.2,248.2,126.3,1675.2,assemble attention plan@24/?-work_queue,Prepare hardware matmul job@24/?-work_queue,1827.4,1295.9,533.9,547.2,1812.4
1350,137724651643877,1692.9,685.1,785.5,222.3,107.4,1554.5,assemble attention plan@24/?-work_queue,Prepare hardware matmul job@24/?-work_queue,1690.0,1136.5,403.0,411.0,1672.0
1351,137724657714164,1381.0,443.5,755.9,181.5,74.4,339.3,kernel_add_rmsnorm_71@25/0-worker,prepare streams@25/0-worker,1379.2,1145.6,425.4,442.2,1365.6
1352,137724663460192,1628.7,658.0,862.4,108.4,63.5,1316.6,notify_listener@25/0-worker,work_queue::do_work get_work@24/?-work_queue,1626.4,1316.6,561.4,566.7,1612.2
1353,137724669462254,1615.9,662.0,773.5,180.3,68.1,481.9,kernel_add_rmsnorm_71@25/0-worker,prepare streams@25/0-worker,1613.8,1299.7,566.6,574.2,1599.5
1354,137724675399950,886.2,527.1,264.2,94.9,69.6,456.9,kernel_add_rmsnorm_71@25/0-worker,prepare streams@25/0-worker,884.3,776.5,528.1,532.1,871.0
1355,137724680643904,1435.5,544.9,770.0,120.6,71.1,1128.6,notify_listener@25/0-worker,work_queue::do_work get_work@24/?-work_queue,1432.0,1128.6,394.3,409.9,1422.9
1356,137724686424517,2113.7,815.9,868.1,429.7,316.5,1767.5,assemble attention plan@24/?-work_queue,Prepare hardware matmul job@24/?-work_queue,2111.8,1407.1,603.6,623.2,2094.1
1357,137724692937714,1162.3,240.7,794.1,127.5,81.4,893.5,notify_listener@25/0-worker,work_queue::do_work get_work@24/?-work_queue,1160.7,893.5,134.0,139.5,1146.8
1358,137724698417450,935.1,521.2,315.2,98.6,70.8,454.4,kernel_add_rmsnorm_71@25/0-worker,prepare streams@25/0-worker,932.7,815.3,527.1,545.0,919.3
1359,137724703723694,1365.9,464.1,795.3,106.5,63.2,1126.4,notify_listener@25/0-worker,work_queue::do_work get_work@24/?-work_queue,1363.5,1126.4,325.4,385.8,1350.7
1360,137724709451461,1629.2,735.2,769.1,125.0,54.6,1295.6,notify_listener@25/0-worker,work_queue::do_work get_work@24/?-work_queue,1626.9,1295.6,580.1,583.9,1611.9
1361,137724715505638,1854.7,783.9,805.8,265.0,125.6,1704.2,assemble attention plan@24/?-work_queue,Prepare hardware matmul job@24/?-work_queue,1853.1,1280.7,512.1,520.0,1839.3
1362,137724721702785,1854.6,669.5,878.8,306.3,114.0,1708.4,assemble attention plan@24/?-work_queue,Prepare hardware matmul job@24/?-work_queue,1852.4,1320.0,488.8,500.9,1832.1
1363,137724727932672,570.4,191.9,352.3,26.2,12.5,526.1,assemble attention plan@24/?-work_queue,Prepare hardware matmul job@24/?-work_queue,568.1,453.4,146.4,150.5,553.2
1364,137724732812889,1357.0,572.5,684.3,100.3,73.2,541.5,kernel_add_rmsnorm_71@25/0-worker,prepare streams@25/0-worker,1354.8,1240.5,633.8,666.8,1340.2
1365,137724738583361,1746.1,717.4,810.2,218.5,105.8,1611.4,assemble attention plan@24/?-work_queue,Prepare hardware matmul job@24/?-work_queue,1743.0,1209.6,455.2,463.8,1728.0
1366,137724744685056,686.5,406.8,251.3,28.4,11.7,648.9,assemble attention plan@24/?-work_queue,Prepare hardware matmul job@24/?-work_queue,684.4,575.9,357.6,362.8,670.4
1367,137724749760229,1332.1,330.2,865.0,136.9,70.9,1085.4,notify_listener@25/0-worker,work_queue::do_work get_work@24/?-work_queue,1330.0,1085.4,279.0,288.6,1315.5
1368,137724755406125,1008.9,577.0,330.5,101.5,73.9,515.3,kernel_add_rmsnorm_71@25/0-worker,prepare streams@25/0-worker,1007.0,894.3,591.5,601.0,987.1
1369,137724760779749,1345.3,520.1,731.0,94.3,61.6,465.1,kernel_add_rmsnorm_71@25/0-worker,prepare streams@25/0-worker,1343.7,1229.3,528.8,543.2,1329.8
1370,137724766485256,1878.7,812.7,808.7,257.4,90.5,1759.9,assemble attention plan@24/?-work_queue,Prepare hardware matmul job@24/?-work_queue,1876.1,1287.7,533.0,554.3,1860.8
1371,137724772738317,1363.3,375.5,861.1,126.7,77.8,1119.3,notify_listener@25/0-worker,work_queue::do_work get_work@24/?-work_queue,1361.2,1119.3,307.3,316.7,1346.8
1372,137724778445561,1004.9,527.0,436.2,41.6,17.1,961.7,assemble attention plan@24/?-work_queue,Prepare hardware matmul job@24/?-work_queue,1002.9,886.3,584.2,591.0,988.6
1373,137724783829242,1253.2,362.8,766.6,123.8,72.2,939.7,notify_listener@25/0-worker,work_queue::do_work get_work@24/?-work_queue,1250.8,939.7,218.2,226.5,1232.1
1374,137724789433963,1849.2,784.1,779.3,285.7,109.7,1706.5,assemble attention plan@24/?-work_queue,Prepare hardware matmul job@24/?-work_queue,1847.2,1310.0,564.0,570.8,1826.3
1375,137724795678040,1414.9,484.8,817.5,112.6,75.1,1139.0,notify_listener@25/0-worker,work_queue::do_work get_work@24/?-work_queue,1412.1,1139.0,361.7,377.1,1397.3
1376,137724801429524,898.7,525.0,256.6,117.0,82.2,462.2,kernel_add_rmsnorm_71@25/0-worker,prepare streams@25/0-worker,896.3,777.6,546.2,560.0,882.3
1377,137724806713040,1362.2,444.7,776.6,140.9,82.8,1040.1,notify_listener@25/0-worker,work_queue::do_work get_work@24/?-work_queue,1360.6,1040.1,328.2,344.5,1345.6
1378,137724812418256,1654.4,685.9,829.3,139.2,72.2,1330.4,notify_listener@25/0-worker,work_queue::do_work get_work@24/?-work_queue,1652.3,1330.4,600.5,605.9,1637.5
1379,137724818475672,1009.7,608.1,357.7,43.9,14.4,958.0,assemble attention plan@24/?-work_queue,Prepare hardware matmul job@24/?-work_queue,995.9,884.2,568.4,578.0,981.7
1380,137724823799591,626.8,294.6,303.3,29.0,11.0,565.0,assemble attention plan@24/?-work_queue,Prepare hardware matmul job@24/?-work_queue,624.7,491.3,250.1,254.7,586.2
1381,137724828785816,640.2,293.2,316.6,30.4,15.3,598.3,assemble attention plan@24/?-work_queue,Prepare hardware matmul job@24/?-work_queue,638.4,524.8,260.5,268.1,623.6
1382,137724833731062,676.2,362.4,280.1,33.7,11.8,638.4,assemble attention plan@24/?-work_queue,Prepare hardware matmul job@24/?-work_queue,674.7,558.0,318.6,327.3,660.7
1383,137724838760624,1320.5,450.1,757.2,113.2,65.8,998.3,notify_listener@25/0-worker,work_queue::do_work get_work@24/?-work_queue,1317.9,998.3,292.6,306.3,1304.7
1384,137724844438933,1641.5,678.5,789.0,174.0,60.5,1323.3,notify_listener@25/0-worker,work_queue::do_work get_work@24/?-work_queue,1639.4,1323.3,574.6,583.4,1626.1
1385,137724850470294,925.8,438.0,455.2,32.6,11.9,882.3,assemble attention plan@24/?-work_queue,Prepare hardware matmul job@24/?-work_queue,919.9,809.5,573.6,578.0,905.0
1386,137724855730353,733.4,359.2,348.2,26.0,12.0,690.1,assemble attention plan@24/?-work_queue,Prepare hardware matmul job@24/?-work_queue,731.1,617.5,310.8,317.4,711.7
1387,137724860793454,1828.5,768.8,717.3,342.4,155.7,1644.9,assemble attention plan@24/?-work_queue,Prepare hardware matmul job@24/?-work_queue,1825.6,1217.9,524.0,541.5,1810.7
1388,137724866959412,1605.5,427.3,801.7,376.5,278.5,1302.4,assemble attention plan@24/?-work_queue,Prepare hardware matmul job@24/?-work_queue,1603.3,867.3,117.8,121.6,1589.8
1389,137724872944788,455.5,176.2,253.0,26.2,11.7,419.2,assemble attention plan@24/?-work_queue,Prepare hardware matmul job@24/?-work_queue,453.3,347.1,125.9,133.4,440.4
1390,137724877696571,1380.6,520.7,753.8,106.2,54.3,1064.8,notify_listener@25/0-worker,work_queue::do_work get_work@24/?-work_queue,1376.8,1064.8,342.1,349.3,1362.4
1391,137724883470428,1638.5,645.5,818.9,174.1,69.8,578.8,rx collecting results@149/0-RX-38,prepare streams@25/0-worker,1636.3,1403.9,650.4,656.6,1616.6
1392,137724889406630,2504.6,788.8,497.1,1218.6,999.8,1027.8,notify_listener@25/0-worker,work_queue::do_work get_work@24/?-work_queue,2502.8,1027.8,557.1,560.4,2488.9
1393,137724896308263,1009.1,633.0,277.9,98.1,67.4,564.6,kernel_add_rmsnorm_71@25/0-worker,prepare streams@25/0-worker,1006.5,881.9,634.4,643.7,992.5
1394,137724901627423,787.5,468.3,280.6,38.7,15.4,664.7,notify_listener@25/0-worker,work_queue::do_work get_work@24/?-work_queue,784.8,664.7,418.2,422.3,771.1
1395,137724906805168,1849.4,795.8,729.7,323.8,138.7,1683.6,assemble attention plan@24/?-work_queue,Prepare hardware matmul job@24/?-work_queue,1847.2,1249.1,546.3,553.8,1832.9
1396,137724912972182,1529.6,424.7,867.9,237.1,130.8,1367.0,assemble attention plan@24/?-work_queue,Prepare hardware matmul job@24/?-work_queue,1526.8,942.8,129.0,145.6,1507.3
1397,137724918860186,1230.6,339.2,769.5,121.9,69.8,915.7,notify_listener@25/0-worker,work_queue::do_work get_work@24/?-work_queue,1228.4,915.7,191.1,201.3,1205.0
1398,137724924418324,1664.9,712.6,787.0,165.3,65.9,1316.9,notify_listener@25/0-worker,work_queue::do_work get_work@24/?-work_queue,1662.8,1316.9,599.4,607.0,1648.7
1399,137724930493393,1860.3,822.6,771.5,266.3,107.3,1727.7,assemble attention plan@24/?-work_queue,Prepare hardware matmul job@24/?-work_queue,1858.9,1261.3,524.0,532.3,1844.4
1400,137724936695818,1385.8,474.2,780.5,131.1,67.2,1078.1,notify_listener@25/0-worker,work_queue::do_work get_work@24/?-work_queue,1383.4,1078.1,343.4,349.9,1367.0
1401,137724942468582,1985.3,852.8,808.3,324.1,130.8,1828.6,assemble attention plan@24/?-work_queue,Prepare hardware matmul job@24/?-work_queue,1983.4,1405.8,644.9,650.6,1969.5
1402,137724948814413,582.4,266.4,289.8,26.2,11.3,543.6,assemble attention plan@24/?-work_queue,Prepare hardware matmul job@24/?-work_queue,579.7,469.7,229.2,239.4,565.2
1403,137724953759297,1559.4,544.9,771.7,242.8,118.0,1409.8,assemble attention plan@24/?-work_queue,Prepare hardware matmul job@24/?-work_queue,1556.9,995.0,280.0,291.7,1538.3
1404,137724959709805,2096.6,889.2,799.6,407.8,230.7,1839.9,assemble attention plan@24/?-work_queue,Prepare hardware matmul job@24/?-work_queue,2094.6,1302.5,544.6,562.0,2080.8
1405,137724966157356,1136.7,576.9,440.4,119.5,87.9,518.5,kernel_add_rmsnorm_71@25/0-worker,prepare streams@25/0-worker,1134.7,1017.2,609.4,622.7,1119.5
1406,137724971612995,1493.6,540.1,767.4,186.1,68.4,1286.7,notify_listener@25/0-worker,work_queue::do_work get_work@24/?-work_queue,1492.0,1286.7,563.1,574.2,1478.0
1407,137724977479400,1860.2,796.2,748.1,315.9,138.6,1695.6,assemble attention plan@24/?-work_queue,Prepare hardware matmul job@24/?-work_queue,1857.7,1256.2,536.6,547.4,1844.4
1408,137724983706349,1391.6,432.1,838.3,121.1,53.2,1128.8,notify_listener@25/0-worker,work_queue::do_work get_work@24/?-work_queue,1389.3,1128.8,329.4,335.7,1366.3
1409,137724989466177,1872.8,771.4,777.6,323.8,121.7,1721.2,assemble attention plan@24/?-work_queue,Prepare hardware matmul job@24/?-work_queue,1870.9,1285.7,546.7,559.1,1857.2
1410,137724995689593,1392.2,495.1,806.9,90.2,48.2,1102.8,notify_listener@25/0-worker,work_queue::do_work get_work@24/?-work_queue,1390.4,1102.8,352.7,410.9,1376.5
1411,137725001477387,1687.7,273.2,1385.7,28.8,11.0,1649.5,assemble attention plan@24/?-work_queue,Prepare hardware matmul job@24/?-work_queue,1684.1,1561.7,883.2,894.6,1670.6
1412,137725007448686,1653.5,731.1,790.1,132.3,66.3,1378.7,notify_listener@25/0-worker,work_queue::do_work get_work@24/?-work_queue,1651.4,1378.7,572.2,578.2,1632.8
1413,137725013457073,1624.9,661.8,788.1,175.0,72.6,483.7,kernel_add_rmsnorm_71@25/0-worker,prepare streams@25/0-worker,1622.8,1313.8,558.9,570.8,1607.2
1414,137725019452399,1868.1,764.9,783.8,319.4,88.6,1753.4,assemble attention plan@24/?-work_queue,Prepare hardware matmul job@24/?-work_queue,1865.6,1304.6,560.4,570.1,1851.4
1415,137725025817493,1294.3,354.8,762.5,177.0,65.9,283.3,kernel_add_rmsnorm_71@25/0-worker,prepare streams@25/0-worker,1291.2,1086.6,351.3,385.8,1276.3
1416,137725031420951,945.6,600.0,292.3,53.3,30.5,560.2,kernel_add_rmsnorm_71@25/0-worker,prepare streams@25/0-worker,943.6,839.0,595.9,603.7,929.7
1417,137725036744055,1377.3,484.9,799.8,92.6,67.5,410.4,kernel_add_rmsnorm_71@25/0-worker,prepare streams@25/0-worker,1375.1,1268.2,490.0,496.8,1361.8
1418,137725042487694,1914.9,840.7,829.0,245.2,111.9,1770.9,assemble attention plan@24/?-work_queue,Prepare hardware matmul job@24/?-work_queue,1913.3,1343.5,569.8,581.9,1892.3
1419,137725048863586,599.1,232.0,337.7,29.5,11.1,556.3,assemble attention plan@24/?-work_queue,Prepare hardware matmul job@24/?-work_queue,597.0,482.2,181.2,185.0,582.8
1420,137725053811008,1307.5,251.7,947.5,108.3,59.0,1080.5,notify_listener@25/0-worker,work_queue::do_work get_work@24/?-work_queue,1305.8,1080.5,239.5,243.2,1290.4
1421,137725059490692,937.1,520.2,336.6,80.2,52.1,471.5,kernel_add_rmsnorm_71@25/0-worker,prepare streams@25/0-worker,934.6,825.9,526.2,535.0,921.3
1422,137725064762951,1493.0,535.1,760.7,197.2,100.5,1366.3,assemble attention plan@24/?-work_queue,Prepare hardware matmul job@24/?-work_queue,1491.1,1013.3,291.6,342.4,1476.9
1423,137725070654894,1416.4,546.7,752.8,116.9,55.1,1102.0,notify_listener@25/0-worker,work_queue::do_work get_work@24/?-work_queue,1414.5,1102.0,390.6,402.9,1400.0
1424,137725076375689,797.6,153.4,619.0,25.3,10.4,755.4,assemble attention plan@24/?-work_queue,Prepare hardware matmul job@24/?-work_queue,795.2,683.8,124.5,128.9,775.9
1425,137725081546812,1541.2,658.4,754.3,128.5,59.3,1178.4,notify_listener@25/0-worker,work_queue::do_work get_work@24/?-work_queue,1538.8,1178.4,471.3,491.4,1524.4
1426,137725087453812,2045.7,826.9,945.5,273.3,146.0,1872.7,assemble attention plan@24/?-work_queue,Prepare hardware matmul job@24/?-work_queue,2043.9,1425.2,566.6,572.2,2028.9
1427,137725093852879,541.8,237.7,276.6,27.5,12.1,504.6,assemble attention plan@24/?-work_queue,Prepare hardware matmul job@24/?-work_queue,539.4,432.0,187.4,200.6,526.4
1428,137725098684035,1431.1,410.5,949.2,71.4,49.0,1276.7,notify_listener@25/0-worker,work_queue::do_work get_work@24/?-work_queue,1429.5,1276.7,354.5,368.0,1413.4
1429,137725104532915,844.3,523.9,294.0,26.5,11.5,803.9,assemble attention plan@24/?-work_queue,Prepare hardware matmul job@24/?-work_queue,839.3,731.0,492.6,499.2,825.2
1430,137725109690516,1612.0,644.6,748.3,219.0,112.1,1467.9,assemble attention plan@24/?-work_queue,Prepare hardware matmul job@24/?-work_queue,1610.4,1051.3,351.5,393.7,1595.9
1431,137725115747722,647.9,364.0,252.0,31.9,14.8,607.0,assemble attention plan@24/?-work_queue,Prepare hardware matmul job@24/?-work_queue,645.4,515.0,295.9,303.9,631.4
1432,137725120693395,776.2,386.9,359.9,29.4,11.8,738.6,assemble attention plan@24/?-work_queue,Prepare hardware matmul job@24/?-work_queue,774.3,657.4,350.9,358.4,760.7
1433,137725125866177,1977.3,821.7,829.6,326.0,127.8,1823.5,assemble attention plan@24/?-work_queue,Prepare hardware matmul job@24/?-work_queue,1975.7,1386.7,661.6,673.0,1961.6
1434,137725132215601,1850.9,779.7,875.8,195.4,75.3,496.0,kernel_add_rmsnorm_71@25/0-worker,prepare streams@25/0-worker,1848.8,1409.2,573.7,577.1,1834.7
1435,137725138542198,1542.7,668.6,749.4,124.7,62.9,1207.2,notify_listener@25/0-worker,work_queue::do_work get_work@24/?-work_queue,1539.1,1207.2,492.4,505.6,1520.6
1436,137725144406892,900.3,513.9,263.5,122.9,83.6,459.1,kernel_add_rmsnorm_71@25/0-worker,prepare streams@25/0-worker,898.2,778.2,549.0,554.6,883.6
1437,137725149740885,1849.7,781.0,813.5,255.2,106.7,1075.8,notify_listener@25/0-worker,work_queue::do_work get_work@24/?-work_queue,1847.6,1075.8,303.5,403.2,1832.4
1438,137725155962828,1394.1,417.6,763.8,212.6,99.2,1268.7,assemble attention plan@24/?-work_queue,Prepare hardware matmul job@24/?-work_queue,1391.9,845.3,119.1,141.3,1377.6
1439,137725161770183,626.3,316.7,282.8,26.8,12.2,588.0,assemble attention plan@24/?-work_queue,Prepare hardware matmul job@24/?-work_queue,624.4,514.7,275.3,280.0,610.8
1440,137725166728590,1352.0,498.9,722.7,130.5,80.2,1004.8,notify_listener@25/0-worker,work_queue::do_work get_work@24/?-work_queue,1349.4,1004.8,323.8,333.0,1334.7
1441,137725172470697,1607.6,711.7,750.5,145.4,68.5,1253.0,notify_listener@25/0-worker,work_queue::do_work get_work@24/?-work_queue,1605.9,1253.0,547.6,562.2,1586.2
1442,137725178454109,970.8,525.5,334.7,110.6,81.0,466.4,kernel_add_rmsnorm_71@25/0-worker,prepare streams@25/0-worker,968.9,850.2,548.9,553.8,954.4
1443,137725183782108,707.7,332.3,344.2,31.2,12.8,668.6,assemble attention plan@24/?-work_queue,Prepare hardware matmul job@24/?-work_queue,705.7,586.7,269.3,281.3,691.3
1444,137725188830814,632.3,246.7,344.7,40.8,12.8,593.1,assemble attention plan@24/?-work_queue,Prepare hardware matmul job@24/?-work_queue,630.2,517.4,215.5,220.9,615.4
1445,137725193851800,549.9,145.0,373.9,31.0,12.4,511.7,assemble attention plan@24/?-work_queue,Prepare hardware matmul job@24/?-work_queue,548.1,436.6,112.6,117.6,533.7
1446,137725198728555,1411.9,609.3,704.2,98.3,65.7,556.0,kernel_add_rmsnorm_71@25/0-worker,prepare streams@25/0-worker,1410.2,1288.9,624.2,629.4,1389.6
1447,137725204551791,471.7,147.8,288.2,35.7,15.5,427.3,assemble attention plan@24/?-work_queue,Prepare hardware matmul job@24/?-work_queue,469.3,354.8,122.9,128.4,456.0
1448,137725209283577,1024.9,538.1,385.1,101.7,67.3,495.9,kernel_add_rmsnorm_71@25/0-worker,prepare streams@25/0-worker,1023.3,905.4,566.0,573.6,1009.1
1449,137725214717566,679.7,352.4,295.1,32.2,13.3,640.3,assemble attention plan@24/?-work_queue,Prepare hardware matmul job@24/?-work_queue,677.3,565.7,321.3,327.7,663.5
1450,137725219703353,1557.6,562.7,793.2,201.8,95.4,1436.0,assemble attention plan@24/?-work_queue,Prepare hardware matmul job@24/?-work_queue,1555.5,1054.5,336.4,340.9,1541.7
1451,137725225684394,1865.6,683.3,896.9,285.4,132.4,1702.9,assemble attention plan@24/?-work_queue,Prepare hardware matmul job@24/?-work_queue,1863.4,1207.3,364.8,381.1,1844.6
1452,137725231824146,587.7,279.4,272.6,35.6,17.0,538.4,assemble attention plan@24/?-work_queue,Prepare hardware matmul job@24/?-work_queue,585.7,461.6,223.8,233.9,570.8
1453,137725236768771,2042.4,901.3,847.5,293.5,125.1,1891.4,assemble attention plan@24/?-work_queue,Prepare hardware matmul job@24/?-work_queue,2040.4,1420.6,628.6,640.3,2026.9
1454,137725243141314,1130.7,578.6,438.1,114.0,81.8,531.5,kernel_add_rmsnorm_71@25/0-worker,prepare streams@25/0-worker,1128.2,1015.6,615.5,627.9,1114.7
1455,137725248632134,1689.5,693.9,758.9,236.7,127.9,1533.7,assemble attention plan@24/?-work_queue,Prepare hardware matmul job@24/?-work_queue,1687.3,1120.8,408.8,412.6,1672.0
1456,137725254684559,810.0,409.2,366.7,34.1,11.4,772.6,assemble attention plan@24/?-work_queue,Prepare hardware matmul job@24/?-work_queue,807.5,700.1,365.5,371.1,793.7
1457,137725259847781,626.7,252.7,342.4,31.6,10.1,585.6,assemble attention plan@24/?-work_queue,Prepare hardware matmul job@24/?-work_queue,624.8,509.8,207.4,218.0,605.8
1458,137725264785710,681.1,314.8,333.7,32.6,16.7,636.9,assemble attention plan@24/?-work_queue,Prepare hardware matmul job@24/?-work_queue,678.9,562.1,261.4,266.0,663.5
1459,137725269816085,1266.8,381.6,773.9,111.3,59.1,965.7,notify_listener@25/0-worker,work_queue::do_work get_work@24/?-work_queue,1264.3,965.7,235.9,240.8,1249.8
1460,137725275428721,1009.2,538.9,365.7,104.7,73.8,454.5,kernel_add_rmsnorm_71@25/0-worker,prepare streams@25/0-worker,1007.5,896.6,531.1,582.1,993.5
1461,137725280818201,1261.9,353.4,794.5,114.0,55.4,990.6,notify_listener@25/0-worker,work_queue::do_work get_work@24/?-work_queue,1259.7,990.6,235.2,242.6,1246.0
1462,137725286402885,1881.9,822.8,774.6,284.5,129.7,1726.7,assemble attention plan@24/?-work_queue,Prepare hardware matmul job@24/?-work_queue,1879.9,1317.3,614.9,621.7,1866.1
1463,137725292681922,1414.7,511.9,768.0,134.8,69.3,1112.8,notify_listener@25/0-worker,work_queue::do_work get_work@24/?-work_queue,1412.9,1112.8,386.6,396.5,1396.4
1464,137725298461311,1841.5,766.1,761.8,313.7,148.4,1650.5,assemble attention plan@24/?-work_queue,Prepare hardware matmul job@24/?-work_queue,1839.2,1279.6,556.5,568.6,1823.6
1465,137725304713291,1366.9,500.6,759.1,107.1,53.5,1047.9,notify_listener@25/0-worker,work_queue::do_work get_work@24/?-work_queue,1365.1,1047.9,331.5,342.3,1351.4
1466,137725310395698,1009.0,565.9,333.2,110.0,79.1,478.7,kernel_add_rmsnorm_71@25/0-worker,prepare streams@25/0-worker,1007.4,898.6,559.2,608.2,993.1
1467,137725315822634,1282.3,313.5,858.5,110.2,57.4,1029.6,notify_listener@25/0-worker,work_queue::do_work get_work@24/?-work_queue,1280.0,1029.6,234.7,252.3,1264.8
1468,137725321456121,1658.3,607.9,927.7,122.7,58.6,1417.6,notify_listener@25/0-worker,work_queue::do_work get_work@24/?-work_queue,1656.2,1417.6,577.4,582.6,1637.1
1469,137725327490035,871.4,538.3,269.4,63.7,38.0,485.7,kernel_add_rmsnorm_71@25/0-worker,prepare streams@25/0-worker,869.7,752.8,526.2,532.7,849.6
1470,137725332684785,1795.8,881.2,712.8,201.8,90.3,1678.1,assemble attention plan@24/?-work_queue,Prepare hardware matmul job@24/?-work_queue,1793.7,1111.4,354.1,363.2,1778.7
1471,137725338911042,1176.8,276.5,781.6,118.7,68.5,889.8,notify_listener@25/0-worker,work_queue::do_work get_work@24/?-work_queue,1174.2,889.8,146.0,155.3,1160.2
1472,137725344414593,1425.0,420.1,789.9,215.0,118.1,1281.8,assemble attention plan@24/?-work_queue,Prepare hardware matmul job@24/?-work_queue,1422.9,859.6,119.1,127.7,1409.7
1473,137725350251852,1004.8,552.8,348.5,103.5,73.2,507.2,kernel_add_rmsnorm_71@25/0-worker,prepare streams@25/0-worker,1003.0,891.8,582.5,585.8,989.5
1474,137725355572808,1506.4,619.3,770.2,117.0,76.4,1195.9,notify_listener@25/0-worker,work_queue::do_work get_work@24/?-work_queue,1504.4,1195.9,469.6,520.7,1485.9
1475,137725361479550,1856.4,826.5,773.0,256.9,110.3,1712.3,assemble attention plan@24/?-work_queue,Prepare hardware matmul job@24/?-work_queue,1854.0,1274.2,546.3,551.2,1838.7
1476,137725367661672,1430.0,532.2,787.6,110.2,66.8,1124.1,notify_listener@25/0-worker,work_queue::do_work get_work@24/?-work_queue,1427.8,1124.1,390.1,404.8,1413.0
1477,137725373446596,939.3,547.5,274.9,116.9,85.8,483.2,kernel_add_rmsnorm_71@25/0-worker,prepare streams@25/0-worker,937.2,824.5,572.2,595.4,922.8
1478,137725378738654,711.9,356.3,322.5,33.1,11.1,673.5,assemble attention plan@24/?-work_queue,Prepare hardware matmul job@24/?-work_queue,709.5,601.6,303.3,311.3,694.7
1479,137725383883211,1205.5,311.3,774.0,120.2,59.9,923.2,notify_listener@25/0-worker,work_queue::do_work get_work@24/?-work_queue,1203.6,923.2,179.1,191.8,1190.3
1480,137725389435547,1657.2,704.7,776.7,175.7,71.5,1313.9,notify_listener@25/0-worker,work_queue::do_work get_work@24/?-work_queue,1654.4,1313.9,577.8,598.4,1624.1
1481,137725395495401,1891.7,805.4,800.4,286.0,131.3,1727.1,assemble attention plan@24/?-work_queue,Prepare hardware matmul job@24/?-work_queue,1889.7,1278.3,521.2,537.9,1868.5
1482,137725401761921,1585.2,618.9,745.9,220.3,106.3,1454.2,assemble attention plan@24/?-work_queue,Prepare hardware matmul job@24/?-work_queue,1583.1,980.1,280.4,291.9,1570.0
1483,137725407763544,1312.2,416.1,785.2,110.9,61.9,1025.0,notify_listener@25/0-worker,work_queue::do_work get_work@24/?-work_queue,1310.0,1025.0,280.9,295.0,1295.4
1484,137725413411150,1669.8,655.6,800.1,214.1,87.7,1303.0,notify_listener@25/0-worker,work_queue::do_work get_work@24/?-work_queue,1666.8,1303.0,545.3,562.0,1652.1
1485,137725419518817,1558.7,617.5,834.3,106.8,60.7,1271.7,notify_listener@25/0-worker,work_queue::do_work get_work@24/?-work_queue,1557.0,1271.7,523.5,537.9,1543.0
1486,137725425395675,1694.6,670.3,830.8,193.5,69.6,546.7,kernel_add_rmsnorm_71@25/0-worker,prepare streams@25/0-worker,1692.3,1418.1,618.6,628.0,1674.6
1487,137725431481052,964.7,541.6,361.4,61.7,36.4,494.5,kernel_add_rmsnorm_71@25/0-worker,prepare streams@25/0-worker,962.2,845.3,534.0,543.5,947.0
1488,137725436786222,613.2,314.7,267.4,31.0,13.0,573.9,assemble attention plan@24/?-work_queue,Prepare hardware matmul job@24/?-work_queue,610.7,493.1,269.2,277.5,597.8
1489,137725441781704,1605.6,530.6,823.3,251.7,144.2,1433.1,assemble attention plan@24/?-work_queue,Prepare hardware matmul job@24/?-work_queue,1603.2,976.0,259.8,271.9,1586.9
1490,137725447727351,668.6,371.4,269.0,28.2,10.9,630.1,assemble attention plan@24/?-work_queue,Prepare hardware matmul job@24/?-work_queue,666.2,554.9,318.6,330.6,650.8
1491,137725452774010,1330.2,444.7,705.1,180.4,71.7,367.4,rx collecting results@150/0-RX-3b,prepare streams@25/0-worker,1328.5,1123.2,441.4,446.0,1313.7
1492,137725458484423,1803.8,395.4,356.8,1051.6,900.9,408.0,notify_listener@25/0-worker,work_queue::do_work get_work@24/?-work_queue,1801.0,408.0,103.4,106.8,1786.3
1493,137725464676964,1450.8,591.2,762.6,97.0,66.3,522.6,kernel_add_rmsnorm_71@25/0-worker,prepare streams@25/0-worker,1448.6,1333.4,604.9,649.1,1430.0
1494,137725470458059,1645.9,572.4,880.3,193.2,83.7,470.5,kernel_add_rmsnorm_71@25/0-worker,prepare streams@25/0-worker,1644.0,1397.7,556.3,560.7,1631.0
1495,137725476499713,1846.1,748.8,759.7,337.6,115.7,1703.7,assemble attention plan@24/?-work_queue,Prepare hardware matmul job@24/?-work_queue,1844.2,1242.3,513.8,518.4,1829.4
1496,137725482716689,1969.6,820.0,820.9,328.8,156.9,1783.9,assemble attention plan@24/?-work_queue,Prepare hardware matmul job@24/?-work_queue,1967.1,1338.9,564.2,571.7,1950.9
1497,137725489111615,1011.9,575.6,332.0,104.3,79.1,562.4,kernel_add_rmsnorm_71@25/0-worker,prepare streams@25/0-worker,1009.6,901.2,648.2,657.8,995.1
1498,137725494464977,1628.5,669.6,818.4,140.4,72.9,1335.9,notify_listener@25/0-worker,work_queue::do_work get_work@24/?-work_queue,1625.9,1335.9,576.4,586.4,1612.1
1499,137725500545889,1534.5,665.9,745.9,122.7,51.8,1191.2,notify_listener@25/0-worker,work_queue::do_work get_work@24/?-work_queue,1532.5,1191.2,489.4,500.8,1513.6
1500,137725506411366,933.4,569.0,257.5,106.8,76.4,495.3,kernel_add_rmsnorm_71@25/0-worker,prepare streams@25/0-worker,931.2,809.9,573.6,578.9,915.9
1501,137725511747844,1333.6,479.0,755.5,99.1,55.0,1015.8,notify_listener@25/0-worker,work_queue::do_work get_work@24/?-work_queue,1331.5,1015.8,300.5,363.8,1317.7
1502,137725517435765,1672.8,562.2,899.4,211.3,88.4,493.4,kernel_add_rmsnorm_71@25/0-worker,prepare streams@25/0-worker,1670.6,1445.8,584.1,590.6,1657.3
1503,137725523495420,1774.1,788.7,751.5,233.9,132.5,1615.1,assemble attention plan@24/?-work_queue,Prepare hardware matmul job@24/?-work_queue,1772.3,1250.2,541.7,553.9,1757.6
1504,137725529625333,1748.5,764.0,750.8,233.7,132.4,1590.5,assemble attention plan@24/?-work_queue,Prepare hardware matmul job@24/?-work_queue,1747.0,1137.1,411.9,423.5,1732.0
1505,137725535797893,1921.5,835.6,748.3,337.7,144.5,1745.2,assemble attention plan@24/?-work_queue,Prepare hardware matmul job@24/?-work_queue,1919.2,1289.0,574.4,582.0,1899.8
1506,137725542084018,1176.0,598.2,476.3,101.5,74.9,647.9,kernel_add_rmsnorm_71@25/0-worker,prepare streams@25/0-worker,1176.3,1057.7,725.1,738.8,1160.1
1507,137725547648949,1437.5,584.5,742.1,110.9,56.5,1100.7,notify_listener@25/0-worker,work_queue::do_work get_work@24/?-work_queue,1435.3,1100.7,394.6,401.3,1420.2
1508,137725553478472,1601.9,631.6,797.7,172.7,70.8,1296.6,notify_listener@25/0-worker,work_queue::do_work get_work@24/?-work_queue,1599.6,1296.6,538.4,543.3,1585.4
1509,137725559538126,1539.2,620.5,766.0,152.7,62.4,1234.0,notify_listener@25/0-worker,work_queue::do_work get_work@24/?-work_queue,1536.5,1234.0,504.6,520.7,1521.7
1510,137725565406703,1681.4,754.8,803.8,122.9,67.9,1326.9,notify_listener@25/0-worker,work_queue::do_work get_work@24/?-work_queue,1677.6,1326.9,609.7,617.1,1652.8
1511,137725571505711,1579.8,664.4,786.1,129.3,55.1,1247.9,notify_listener@25/0-worker,work_queue::do_work get_work@24/?-work_queue,1577.9,1247.9,509.1,521.4,1555.6
1512,137725577462747,1941.3,876.5,807.5,257.2,96.9,1816.6,assemble attention plan@24/?-work_queue,Prepare hardware matmul job@24/?-work_queue,1938.4,1312.9,558.0,571.9,1924.1
1513,137725583842156,626.0,251.7,344.4,29.9,11.7,586.0,assemble attention plan@24/?-work_queue,Prepare hardware matmul job@24/?-work_queue,623.0,510.1,201.9,222.2,607.9
1514,137725588805167,1548.7,518.0,797.2,233.4,109.0,1412.2,assemble attention plan@24/?-work_queue,Prepare hardware matmul job@24/?-work_queue,1546.2,999.4,266.0,270.2,1531.6
1515,137725594787507,1293.1,389.3,801.0,102.8,53.8,1009.9,notify_listener@25/0-worker,work_queue::do_work get_work@24/?-work_queue,1291.5,1009.9,263.1,276.0,1277.2
1516,137725600466853,1991.8,733.6,779.1,479.1,286.9,1673.4,assemble attention plan@24/?-work_queue,Prepare hardware matmul job@24/?-work_queue,1989.9,1290.8,540.9,549.1,1970.3
1517,137725606880916,637.7,232.5,378.1,27.1,11.7,586.4,assemble attention plan@24/?-work_queue,Prepare hardware matmul job@24/?-work_queue,635.7,511.2,190.5,201.2,621.5
1518,137725611835778,597.8,266.8,301.6,29.4,12.5,560.0,assemble attention plan@24/?-work_queue,Prepare hardware matmul job@24/?-work_queue,595.9,476.3,222.4,227.3,583.4
1519,137725616855332,1319.0,601.6,607.4,110.1,83.6,546.2,kernel_add_rmsnorm_71@25/0-worker,prepare streams@25/0-worker,1316.7,1206.3,631.9,644.1,1301.8
1520,137725622505871,1836.7,787.7,798.6,250.4,143.9,1664.6,assemble attention plan@24/?-work_queue,Prepare hardware matmul job@24/?-work_queue,1834.4,1232.3,513.7,518.2,1819.7
1521,137725628814418,657.0,264.2,357.9,34.9,12.0,614.8,assemble attention plan@24/?-work_queue,Prepare hardware matmul job@24/?-work_queue,654.1,539.7,239.1,244.3,636.3
1522,137725633841723,1870.6,805.1,764.8,300.8,121.9,1715.9,assemble attention plan@24/?-work_queue,Prepare hardware matmul job@24/?-work_queue,1868.3,1335.2,607.3,630.7,1852.6
1523,137725640177528,1018.2,579.0,334.6,104.6,68.6,510.9,kernel_add_rmsnorm_71@25/0-worker,prepare streams@25/0-worker,1016.0,887.2,582.2,591.8,1000.8
1524,137725645501544,1881.1,839.0,759.6,282.4,124.2,1730.1,assemble attention plan@24/?-work_queue,Prepare hardware matmul job@24/?-work_queue,1878.3,1279.6,517.2,564.3,1864.4
1525,137725651880623,1304.8,570.7,636.4,97.6,72.1,524.2,kernel_add_rmsnorm_71@25/0-worker,prepare streams@25/0-worker,1301.9,1190.5,684.4,612.5,1287.3
1526,137725657527773,1872.0,810.4,804.6,256.9,128.3,1716.0,assemble attention plan@24/?-work_queue,Prepare hardware matmul job@24/?-work_queue,1869.7,1266.1,505.7,510.0,1855.1
1527,137725663874759,2083.8,900.5,868.6,314.8,123.8,1929.5,assemble attention plan@24/?-work_queue,Prepare hardware matmul job@24/?-work_queue,2082.0,1447.9,641.1,649.3,2062.7
1528,137725670317798,1022.9,539.8,381.8,101.3,75.1,482.0,kernel_add_rmsnorm_71@25/0-worker,prepare streams@25/0-worker,1020.7,901.8,560.3,567.6,1005.8
1529,137725675745684,1351.6,408.2,830.6,112.8,59.4,1077.1,notify_listener@25/0-worker,work_queue::do_work get_work@24/?-work_queue,1350.1,1077.1,293.2,300.0,1336.8
1530,137725681476082,1857.5,821.0,817.8,218.6,102.4,1727.5,assemble attention plan@24/?-work_queue,Prepare hardware matmul job@24/?-work_queue,1854.9,1297.6,549.8,599.7,1840.2
1531,137725687789068,1861.6,813.1,761.2,287.3,109.6,1723.9,assemble attention plan@24/?-work_queue,Prepare hardware matmul job@24/?-work_queue,1859.6,1272.7,553.3,559.5,1844.3
1532,137725694081051,1136.7,566.7,461.1,108.9,71.6,504.7,kernel_add_rmsnorm_71@25/0-worker,prepare streams@25/0-worker,1134.4,1016.2,578.8,593.9,1118.9
1533,137725699638322,1497.8,599.6,786.5,111.7,75.0,540.2,kernel_add_rmsnorm_71@25/0-worker,prepare streams@25/0-worker,1495.3,1381.0,626.9,636.6,1476.1
1534,137725705556833,1542.3,589.8,812.8,139.8,76.8,1239.3,notify_listener@25/0-worker,work_queue::do_work get_work@24/?-work_queue,1540.0,1239.3,480.3,486.9,1526.0
1535,137725711524810,1561.1,620.7,834.6,105.8,55.0,1280.7,notify_listener@25/0-worker,work_queue::do_work get_work@24/?-work_queue,1559.3,1280.7,512.9,519.6,1544.8
1536,137725717492559,1928.8,839.1,815.8,273.9,136.5,1765.4,assemble attention plan@24/?-work_queue,Prepare hardware matmul job@24/?-work_queue,1926.8,1295.0,527.0,536.4,1911.6
1537,137725723845665,1236.1,334.6,781.8,119.7,78.0,951.4,notify_listener@25/0-worker,work_queue::do_work get_work@24/?-work_queue,1234.7,951.4,213.0,219.2,1219.9
1538,137725729523681,1566.0,643.4,810.9,111.7,71.0,1266.8,notify_listener@25/0-worker,work_queue::do_work get_work@24/?-work_queue,1563.9,1266.8,513.5,517.3,1544.4
1539,137725735472387,1799.9,781.0,777.3,241.5,117.1,1650.4,assemble attention plan@24/?-work_queue,Prepare hardware matmul job@24/?-work_queue,1796.6,1277.8,544.0,558.3,1782.3
1540,137725741653665,1437.2,541.7,783.3,112.2,60.1,1125.2,notify_listener@25/0-worker,work_queue::do_work get_work@24/?-work_queue,1435.2,1125.2,383.3,395.8,1420.4
1541,137725747512100,1564.3,659.4,793.9,111.0,56.3,1246.7,notify_listener@25/0-worker,work_queue::do_work get_work@24/?-work_queue,1562.3,1246.7,520.8,527.3,1548.3
1542,137725753485172,954.2,565.4,352.7,36.0,10.6,917.6,assemble attention plan@24/?-work_queue,Prepare hardware matmul job@24/?-work_queue,952.2,838.7,530.6,537.3,938.1
1543,137725758833633,2040.3,843.9,869.8,326.5,145.3,1867.2,assemble attention plan@24/?-work_queue,Prepare hardware matmul job@24/?-work_queue,2038.0,1381.9,531.4,620.9,2023.1
1544,137725765265188,2294.9,1108.0,901.6,285.3,146.4,2116.0,assemble attention plan@24/?-work_queue,Prepare hardware matmul job@24/?-work_queue,2292.2,1597.6,754.0,767.6,2272.0
1545,137725772009379,1227.2,515.0,605.6,106.6,74.0,447.0,kernel_add_rmsnorm_71@25/0-worker,prepare streams@25/0-worker,1224.9,1107.5,523.3,526.8,1209.8
1546,137725777610887,2037.4,960.5,780.0,296.9,110.4,1359.1,notify_listener@25/0-worker,work_queue::do_work get_work@24/?-work_queue,2035.2,1359.1,619.6,631.3,2020.2
1547,137725784101858,1131.7,500.9,518.1,112.7,74.5,446.1,kernel_add_rmsnorm_71@25/0-worker,prepare streams@25/0-worker,1129.7,1005.5,523.3,540.2,1115.5
1548,137725789625429,842.8,456.6,351.7,34.5,18.3,797.1,assemble attention plan@24/?-work_queue,Prepare hardware matmul job@24/?-work_queue,840.8,720.9,417.1,426.4,825.4
1549,137725794899156,602.1,221.3,346.2,34.5,13.4,561.6,assemble attention plan@24/?-work_queue,Prepare hardware matmul job@24/?-work_queue,600.0,485.3,182.6,187.5,585.7
1550,137725799892025,536.9,228.9,265.6,42.3,12.6,493.3,assemble attention plan@24/?-work_queue,Prepare hardware matmul job@24/?-work_queue,534.7,414.3,194.6,201.6,515.4
1551,137725804911862,570.0,193.5,344.0,32.6,11.2,527.8,assemble attention plan@24/?-work_queue,Prepare hardware matmul job@24/?-work_queue,567.8,450.9,149.1,157.1,553.2
1552,137725809862293,1973.4,962.5,740.4,270.5,88.9,1857.2,assemble attention plan@24/?-work_queue,Prepare hardware matmul job@24/?-work_queue,1970.5,1351.6,584.4,589.5,1955.8
1553,137725816300970,990.9,544.7,343.8,102.4,70.9,471.7,kernel_add_rmsnorm_71@25/0-worker,prepare streams@25/0-worker,989.1,878.1,545.4,572.4,975.3
1554,137725821642879,1441.5,522.2,816.7,102.6,54.1,1167.7,notify_listener@25/0-worker,work_queue::do_work get_work@24/?-work_queue,1439.1,1167.7,399.3,407.0,1424.7
1555,137725827549421,1726.8,767.6,766.1,193.1,94.6,1604.3,assemble attention plan@24/?-work_queue,Prepare hardware matmul job@24/?-work_queue,1724.5,1212.5,488.9,503.4,1709.7
1556,137725833639404,771.1,452.4,286.9,31.8,10.3,718.6,assemble attention plan@24/?-work_queue,Prepare hardware matmul job@24/?-work_queue,768.7,645.9,406.2,411.0,738.6
1557,137725838861230,551.2,245.6,271.8,33.8,11.1,506.7,assemble attention plan@24/?-work_queue,Prepare hardware matmul job@24/?-work_queue,549.0,432.6,193.9,199.9,534.4
1558,137725843771382,701.5,341.1,333.4,27.1,10.3,665.7,assemble attention plan@24/?-work_queue,Prepare hardware matmul job@24/?-work_queue,699.8,583.9,284.3,296.1,685.9
1559,137725848929369,1249.8,536.4,613.9,99.5,69.8,485.9,kernel_add_rmsnorm_71@25/0-worker,prepare streams@25/0-worker,1247.7,1136.8,558.2,569.4,1233.8
1560,137725854574711,886.1,476.4,374.6,35.1,12.6,847.8,assemble attention plan@24/?-work_queue,Prepare hardware matmul job@24/?-work_queue,884.6,772.3,464.4,470.4,870.1
1561,137725859988753,1109.7,206.2,793.5,110.0,63.9,858.0,notify_listener@25/0-worker,work_queue::do_work get_work@24/?-work_queue,1107.3,858.0,128.6,133.2,1088.8
1562,137725865459124,1848.2,763.7,840.9,243.6,120.2,1696.3,assemble attention plan@24/?-work_queue,Prepare hardware matmul job@24/?-work_queue,1845.9,1348.0,558.2,563.4,1831.5
1563,137725871738027,1388.1,387.1,893.1,107.8,57.1,1156.8,notify_listener@25/0-worker,work_queue::do_work get_work@24/?-work_queue,1386.0,1156.8,302.0,306.4,1371.8
1564,137725877524905,2046.2,809.2,815.8,421.2,289.8,1729.9,assemble attention plan@24/?-work_queue,Prepare hardware matmul job@24/?-work_queue,2044.4,1265.2,493.8,504.6,2029.4
1565,137725883999056,1109.9,156.9,830.3,122.6,82.4,887.5,notify_listener@25/0-worker,work_queue::do_work get_work@24/?-work_queue,1107.2,887.5,116.5,126.1,1093.6
1566,137725889461372,1974.4,886.5,792.8,295.0,117.9,1828.9,assemble attention plan@24/?-work_queue,Prepare hardware matmul job@24/?-work_queue,1972.3,1406.1,655.6,665.0,1957.1
1567,137725895889001,1484.3,473.4,777.5,233.4,116.7,1335.8,assemble attention plan@24/?-work_queue,Prepare hardware matmul job@24/?-work_queue,1482.1,931.3,194.3,201.8,1462.5
1568,137725901769582,1742.7,657.4,883.2,202.0,80.6,1114.8,notify_listener@25/0-worker,work_queue::do_work get_work@24/?-work_queue,1740.6,1114.8,280.4,295.2,1726.8
1569,137725907995058,531.8,155.9,349.6,26.4,11.6,493.2,assemble attention plan@24/?-work_queue,Prepare hardware matmul job@24/?-work_queue,529.4,419.4,114.3,128.9,514.9
1570,137725912861529,586.7,212.7,345.2,28.8,14.0,547.2,assemble attention plan@24/?-work_queue,Prepare hardware matmul job@24/?-work_queue,584.8,470.8,237.7,243.0,571.1
1571,137725917955064,1138.5,215.2,804.7,118.6,72.2,883.6,notify_listener@25/0-worker,work_queue::do_work get_work@24/?-work_queue,1136.8,883.6,131.8,135.3,1123.0
1572,137725923458098,1962.1,901.5,771.4,289.2,131.6,1788.6,assemble attention plan@24/?-work_queue,Prepare hardware matmul job@24/?-work_queue,1959.9,1293.4,558.8,569.3,1930.2
1573,137725929895553,590.1,216.1,343.3,30.7,12.3,547.0,assemble attention plan@24/?-work_queue,Prepare hardware matmul job@24/?-work_queue,588.0,470.4,173.6,177.5,574.4
1574,137725934860296,1859.4,832.0,816.2,211.3,110.5,1723.5,assemble attention plan@24/?-work_queue,Prepare hardware matmul job@24/?-work_queue,1857.4,970.1,186.6,227.1,1844.2
1575,137725941193063,1065.8,603.7,356.4,105.7,73.3,492.2,kernel_add_rmsnorm_71@25/0-worker,prepare streams@25/0-worker,1063.5,936.5,568.5,622.3,1049.5
1576,137725946603018,1513.5,524.2,839.0,150.3,86.6,451.1,kernel_add_rmsnorm_71@25/0-worker,prepare streams@25/0-worker,1511.3,1364.1,549.1,560.2,1497.4
1577,137725952585304,1521.5,578.8,814.4,128.3,66.3,1241.5,notify_listener@25/0-worker,work_queue::do_work get_work@24/?-work_queue,1519.3,1241.5,462.2,479.2,1504.9
1578,137725958482952,1817.4,803.2,741.5,272.6,135.0,1627.3,assemble attention plan@24/?-work_queue,Prepare hardware matmul job@24/?-work_queue,1814.3,1238.2,533.4,539.0,1772.9
1579,137725964773517,1352.4,334.8,849.9,167.8,140.2,1092.7,notify_listener@25/0-worker,work_queue::do_work get_work@24/?-work_queue,1349.8,1092.7,272.5,286.7,1334.1
1580,137725970515446,896.5,533.6,270.0,93.0,59.8,467.3,kernel_add_rmsnorm_71@25/0-worker,prepare streams@25/0-worker,894.7,772.4,528.9,535.8,880.0
1581,137725975877571,1627.2,484.4,778.8,364.0,158.7,1442.2,assemble attention plan@24/?-work_queue,Prepare hardware matmul job@24/?-work_queue,1625.0,911.2,172.2,180.5,1611.1
1582,137725981892377,1192.7,293.2,772.6,126.9,75.2,899.5,notify_listener@25/0-worker,work_queue::do_work get_work@24/?-work_queue,1190.5,899.5,177.4,201.0,1185.2
1583,137725987531282,1148.2,735.5,307.1,105.7,71.8,698.0,kernel_add_rmsnorm_71@25/0-worker,prepare streams@25/0-worker,1146.4,1027.1,776.7,785.8,1132.6
1584,137725993106905,2054.3,864.1,874.5,315.7,114.9,1914.2,assemble attention plan@24/?-work_queue,Prepare hardware matmul job@24/?-work_queue,2052.2,1439.2,590.6,596.5,2038.8
1585,137725999565068,1519.7,569.6,810.2,139.9,93.5,1217.9,notify_listener@25/0-worker,work_queue::do_work get_work@24/?-work_queue,1517.4,1217.9,469.3,479.6,1498.2
1586,137726005451403,1633.1,686.0,821.2,126.0,64.6,1308.1,notify_listener@25/0-worker,work_queue::do_work get_work@24/?-work_queue,1630.8,1308.1,593.4,598.0,1616.0
1587,137726011510331,1977.7,873.8,816.3,287.5,136.8,1813.5,assemble attention plan@24/?-work_queue,Prepare hardware matmul job@24/?-work_queue,1974.9,1279.0,528.5,536.1,1960.7
1588,137726017889630,1567.8,481.8,818.3,267.6,128.3,1413.7,assemble attention plan@24/?-work_queue,Prepare hardware matmul job@24/?-work_queue,1566.3,939.4,166.3,173.3,1551.8
1589,137726023902261,580.9,204.4,345.7,30.8,11.2,543.4,assemble attention plan@24/?-work_queue,Prepare hardware matmul job@24/?-work_queue,578.8,465.9,162.4,170.3,565.0
1590,137726028913818,669.1,196.5,342.4,130.3,102.2,133.6,kernel_add_rmsnorm_71@25/0-worker,prepare streams@25/0-worker,666.0,543.1,237.7,243.7,645.3
1591,137726034015866,1235.6,597.1,516.4,122.2,87.6,629.7,kernel_add_rmsnorm_71@25/0-worker,prepare streams@25/0-worker,1232.9,1102.5,719.4,727.5,1218.3
1592,137726039646909,869.5,437.7,307.4,124.4,96.9,656.2,notify_listener@25/0-worker,work_queue::do_work get_work@24/?-work_queue,867.1,656.2,390.3,394.4,852.6
1593,137726044938603,488.7,181.7,273.4,33.6,13.1,448.4,assemble attention plan@24/?-work_queue,Prepare hardware matmul job@24/?-work_queue,485.8,372.8,140.0,147.0,471.6
1594,137726049748660,1358.0,393.4,817.9,146.7,95.3,1102.8,notify_listener@25/0-worker,work_queue::do_work get_work@24/?-work_queue,1355.8,1102.8,323.7,339.9,1342.8
1595,137726055526235,977.3,556.2,385.5,35.6,12.5,938.8,assemble attention plan@24/?-work_queue,Prepare hardware matmul job@24/?-work_queue,975.1,858.3,518.8,522.9,961.3
1596,137726060905207,564.0,253.7,272.8,37.5,17.7,512.7,assemble attention plan@24/?-work_queue,Prepare hardware matmul job@24/?-work_queue,561.6,434.5,203.9,208.1,540.7
1597,137726065944856,2061.9,862.2,789.9,409.8,195.0,1835.3,assemble attention plan@24/?-work_queue,Prepare hardware matmul job@24/?-work_queue,2054.9,1338.4,584.4,594.1,2040.2
1598,137726072423558,1666.2,693.4,791.8,181.1,69.0,1326.5,notify_listener@25/0-worker,work_queue::do_work get_work@24/?-work_queue,1664.2,1326.5,592.7,601.9,1650.1
1599,137726078570017,1520.0,593.8,809.6,116.7,60.1,1224.2,notify_listener@25/0-worker,work_queue::do_work get_work@24/?-work_queue,1517.7,1224.2,468.7,479.4,1502.9
1600,137726084495121,1970.3,854.9,804.4,311.0,126.9,1817.0,assemble attention plan@24/?-work_queue,Prepare hardware matmul job@24/?-work_queue,1968.0,1283.6,522.5,529.3,1953.4
1601,137726090974532,1141.7,173.7,848.2,119.9,76.1,930.3,notify_listener@25/0-worker,work_queue::do_work get_work@24/?-work_queue,1139.7,930.3,129.6,136.7,1121.5
1602,137726096470889,1643.3,668.9,796.6,177.8,96.0,1399.2,notify_listener@25/0-worker,work_queue::do_work get_work@24/?-work_queue,1640.6,1399.2,640.3,656.1,1625.6
1603,137726102552111,866.8,386.6,450.0,30.2,11.7,828.0,assemble attention plan@24/?-work_queue,Prepare hardware matmul job@24/?-work_queue,864.4,743.5,492.8,506.5,850.0
1604,137726107712447,1407.9,474.3,865.1,68.4,44.4,1250.4,notify_listener@25/0-worker,work_queue::do_work get_work@24/?-work_queue,1406.2,1250.4,324.5,438.0,1391.3
1605,137726113578193,1520.8,563.6,781.0,176.3,66.1,458.2,kernel_add_rmsnorm_71@25/0-worker,prepare streams@25/0-worker,1518.4,1284.1,536.4,548.4,1504.3
1606,137726119470518,2115.3,937.4,816.2,361.8,119.2,1968.3,assemble attention plan@24/?-work_queue,Prepare hardware matmul job@24/?-work_queue,2112.5,1426.2,650.2,660.1,2097.9
1607,137726126046247,1181.8,605.6,462.7,113.5,79.7,549.9,kernel_add_rmsnorm_71@25/0-worker,prepare streams@25/0-worker,1179.3,1059.5,632.2,636.3,1159.1
1608,137726131575963,1534.1,583.0,787.0,164.1,120.7,1197.8,notify_listener@25/0-worker,work_queue::do_work get_work@24/?-work_queue,1532.0,1197.8,457.7,461.8,1516.4
1609,137726137574503,1977.4,892.6,850.7,234.1,122.1,1828.2,assemble attention plan@24/?-work_queue,Prepare hardware matmul job@24/?-work_queue,1974.7,1262.8,458.8,463.1,1960.0
1610,137726143926648,1648.7,571.3,824.4,253.0,142.1,1479.8,assemble attention plan@24/?-work_queue,Prepare hardware matmul job@24/?-work_queue,1646.8,940.0,156.6,168.8,1632.3
1611,137726150028263,2150.0,1009.8,806.2,334.0,121.2,2003.0,assemble attention plan@24/?-work_queue,Prepare hardware matmul job@24/?-work_queue,2148.0,1516.8,749.3,761.5,2134.3
1612,137726156578244,2017.0,773.1,798.7,445.2,291.6,1696.0,assemble attention plan@24/?-work_queue,Prepare hardware matmul job@24/?-work_queue,2014.4,1219.5,458.4,479.4,1997.8
1613,137726163068553,2003.6,819.8,899.7,284.1,131.0,1466.5,notify_listener@25/0-worker,work_queue::do_work get_work@24/?-work_queue,2000.1,1466.5,600.5,607.8,1980.8
1614,137726169467223,543.8,156.6,354.5,32.6,13.6,499.9,assemble attention plan@24/?-work_queue,Prepare hardware matmul job@24/?-work_queue,541.7,414.8,105.0,108.3,523.2
1615,137726174408342,977.2,567.1,362.4,47.7,14.8,850.6,notify_listener@25/0-worker,work_queue::do_work get_work@24/?-work_queue,974.7,850.6,612.8,622.8,960.3
1616,137726179769511,1638.4,594.1,761.9,282.4,144.4,1465.7,assemble attention plan@24/?-work_queue,Prepare hardware matmul job@24/?-work_queue,1636.0,982.4,272.0,277.9,1620.2
1617,137726185813558,654.3,279.7,336.6,38.0,12.1,537.8,notify_listener@25/0-worker,work_queue::do_work get_work@24/?-work_queue,651.8,537.8,229.9,235.7,637.3
1618,137726190833898,1268.4,324.2,820.0,124.1,63.4,980.4,notify_listener@25/0-worker,work_queue::do_work get_work@24/?-work_queue,1265.7,980.4,232.9,242.8,1242.8
1619,137726196532269,2020.1,834.0,813.2,372.9,141.6,1845.7,assemble attention plan@24/?-work_queue,Prepare hardware matmul job@24/?-work_queue,2017.8,1358.3,611.3,616.3,1997.0
1620,137726202944043,1148.9,257.0,770.6,121.3,78.7,866.4,notify_listener@25/0-worker,work_queue::do_work get_work@24/?-work_queue,1146.8,866.4,146.8,154.2,1130.2
1621,137726208530055,1588.1,599.4,924.0,64.7,27.8,1450.2,notify_listener@25/0-worker,work_queue::do_work get_work@24/?-work_queue,1586.2,1450.2,488.2,565.7,1571.7
1622,137726214489905,1590.6,661.6,772.7,156.3,87.6,1258.0,notify_listener@25/0-worker,work_queue::do_work get_work@24/?-work_queue,1589.2,1258.0,526.3,540.4,1574.5
1623,137726220535034,864.4,555.4,269.5,39.5,13.4,742.0,notify_listener@25/0-worker,work_queue::do_work get_work@24/?-work_queue,862.1,742.0,502.5,509.6,848.1
1624,137726225779702,687.7,297.3,356.1,34.4,13.0,643.5,assemble attention plan@24/?-work_queue,Prepare hardware matmul job@24/?-work_queue,685.0,565.3,258.9,265.0,666.5
1625,137726230901553,1644.3,510.1,837.0,297.1,132.9,953.9,notify_listener@25/0-worker,work_queue::do_work get_work@24/?-work_queue,1642.1,953.9,160.3,171.3,1626.9
1626,137726236923505,1176.0,275.9,797.8,102.2,56.7,909.2,notify_listener@25/0-worker,work_queue::do_work get_work@24/?-work_queue,1174.6,909.2,147.8,163.6,1160.2
1627,137726242530751,1547.9,634.7,794.5,118.7,71.2,1253.8,notify_listener@25/0-worker,work_queue::do_work get_work@24/?-work_queue,1546.3,1253.8,508.9,519.7,1532.7
1628,137726248484061,718.8,149.1,526.7,42.9,18.7,672.4,assemble attention plan@24/?-work_queue,Prepare hardware matmul job@24/?-work_queue,716.0,592.5,101.6,121.4,701.5
1629,137726253641546,1767.7,739.3,742.5,285.9,129.4,1611.1,assemble attention plan@24/?-work_queue,Prepare hardware matmul job@24/?-work_queue,1765.3,1103.5,393.3,397.5,1751.1
1630,137726259836877,1279.7,275.4,884.5,119.8,68.1,1046.9,notify_listener@25/0-worker,work_queue::do_work get_work@24/?-work_queue,1277.5,1046.9,206.0,215.3,1258.6
1631,137726265516767,932.3,538.7,349.0,44.6,13.9,806.9,notify_listener@25/0-worker,work_queue::do_work get_work@24/?-work_queue,930.1,806.9,504.9,510.1,916.0
1632,137726270845634,1586.6,528.0,837.8,220.8,124.2,1435.2,assemble attention plan@24/?-work_queue,Prepare hardware matmul job@24/?-work_queue,1584.5,951.3,209.3,222.3,1569.2
1633,137726276866587,1292.9,517.7,661.2,114.0,78.0,468.6,kernel_add_rmsnorm_71@25/0-worker,prepare streams@25/0-worker,1290.5,1174.0,549.7,559.6,1277.4
1634,137726282506071,1585.0,600.6,818.4,166.0,86.2,1290.9,notify_listener@25/0-worker,work_queue::do_work get_work@24/?-work_queue,1582.7,1290.9,508.3,519.7,1567.5
1635,137726288547958,945.9,546.4,360.9,38.7,12.5,810.9,notify_listener@25/0-worker,work_queue::do_work get_work@24/?-work_queue,943.9,810.9,497.5,502.7,914.3
1636,137726293836878,627.7,255.3,344.7,27.7,11.3,584.4,assemble attention plan@24/?-work_queue,Prepare hardware matmul job@24/?-work_queue,625.8,506.5,209.9,213.7,610.9
1637,137726298895038,535.9,218.7,279.1,38.2,13.3,496.0,assemble attention plan@24/?-work_queue,Prepare hardware matmul job@24/?-work_queue,533.3,408.9,167.1,171.0,519.2
1638,137726303765969,567.8,172.7,367.4,27.8,12.5,529.7,assemble attention plan@24/?-work_queue,Prepare hardware matmul job@24/?-work_queue,565.6,446.4,130.3,141.5,552.1
1639,137726308789392,1751.1,616.4,846.7,288.0,122.6,1602.2,assemble attention plan@24/?-work_queue,Prepare hardware matmul job@24/?-work_queue,1748.9,1073.1,251.9,280.2,1735.0
1640,137726314961364,1964.6,812.5,799.5,352.5,133.2,1803.8,assemble attention plan@24/?-work_queue,Prepare hardware matmul job@24/?-work_queue,1962.2,1307.5,539.0,544.4,1946.6
1641,137726321378810,1056.5,623.2,336.1,97.2,70.1,490.7,kernel_add_rmsnorm_71@25/0-worker,prepare streams@25/0-worker,1055.0,941.3,633.7,642.2,1040.0
1642,137726326835876,1985.6,834.4,835.0,316.3,116.4,1844.0,assemble attention plan@24/?-work_queue,Prepare hardware matmul job@24/?-work_queue,1984.1,1372.6,570.1,582.6,1970.5
1643,137726333299244,1038.5,621.8,316.9,99.7,73.0,622.3,kernel_add_rmsnorm_71@25/0-worker,prepare streams@25/0-worker,1036.5,928.9,697.5,706.4,1022.6
1644,137726338720730,1016.9,562.4,340.8,113.8,76.5,504.5,kernel_add_rmsnorm_71@25/0-worker,prepare streams@25/0-worker,1014.4,899.3,584.0,590.6,998.9
1645,137726344246099,1065.5,596.9,360.6,108.0,80.7,549.6,kernel_add_rmsnorm_71@25/0-worker,prepare streams@25/0-worker,1063.2,952.6,633.0,643.7,1050.3
1646,137726349679833,1696.9,685.5,743.9,267.5,141.1,1530.2,assemble attention plan@24/?-work_queue,Prepare hardware matmul job@24/?-work_queue,1695.3,1041.0,355.5,365.5,1680.9
1647,137726355905253,1627.5,496.4,881.5,249.6,152.5,1449.2,assemble attention plan@24/?-work_queue,Prepare hardware matmul job@24/?-work_queue,1625.7,1020.2,188.8,197.5,1612.1
1648,137726361953389,509.5,184.4,291.5,33.5,10.5,473.7,assemble attention plan@24/?-work_queue,Prepare hardware matmul job@24/?-work_queue,507.6,400.9,148.3,158.0,493.8
1649,137726366925638,1492.9,445.9,789.7,257.2,135.9,1331.9,assemble attention plan@24/?-work_queue,Prepare hardware matmul job@24/?-work_queue,1490.9,911.8,173.6,181.4,1477.6
1650,137726372816857,1719.6,566.3,902.7,250.6,127.7,1558.6,assemble attention plan@24/?-work_queue,Prepare hardware matmul job@24/?-work_queue,1716.7,1090.5,228.7,233.1,1696.8
1651,137726378992535,1095.9,222.4,771.9,101.6,50.3,837.8,notify_listener@25/0-worker,work_queue::do_work get_work@24/?-work_queue,1094.5,837.8,114.5,132.1,1076.2
1652,137726384478752,883.1,532.7,259.9,90.5,61.8,468.6,kernel_add_rmsnorm_71@25/0-worker,prepare streams@25/0-worker,880.9,762.6,533.0,541.6,859.7
1653,137726389817640,1567.7,568.1,768.4,231.2,120.5,1415.0,assemble attention plan@24/?-work_queue,Prepare hardware matmul job@24/?-work_queue,1566.1,958.7,229.3,233.8,1545.9
1654,137726395790635,1293.2,373.4,810.1,109.8,70.1,1020.4,notify_listener@25/0-worker,work_queue::do_work get_work@24/?-work_queue,1291.6,1020.4,263.6,274.6,1271.3
1655,137726401512417,1594.1,558.6,921.8,113.7,65.2,1352.5,notify_listener@25/0-worker,work_queue::do_work get_work@24/?-work_queue,1592.0,1352.5,522.7,533.3,1572.0
1656,137726407549656,1869.8,837.1,797.7,235.0,105.5,1730.0,assemble attention plan@24/?-work_queue,Prepare hardware matmul job@24/?-work_queue,1867.4,1231.4,467.2,483.7,1844.7
1657,137726413891714,1190.4,278.9,793.0,118.5,68.4,900.3,notify_listener@25/0-worker,work_queue::do_work get_work@24/?-work_queue,1188.5,900.3,151.8,156.6,1167.0
1658,137726419499427,910.5,558.9,310.3,41.3,12.5,790.8,notify_listener@25/0-worker,work_queue::do_work get_work@24/?-work_queue,908.1,790.8,536.1,548.2,889.2
1659,137726424872851,1223.7,280.7,817.7,125.4,61.3,964.9,notify_listener@25/0-worker,work_queue::do_work get_work@24/?-work_queue,1221.7,964.9,213.0,231.0,1206.1
1660,137726430543181,2029.0,805.1,802.3,421.5,272.6,1724.2,assemble attention plan@24/?-work_queue,Prepare hardware matmul job@24/?-work_queue,2027.5,1229.5,489.2,505.7,2012.0
1661,137726437103254,1164.1,571.6,484.9,107.6,80.0,515.4,kernel_add_rmsnorm_71@25/0-worker,prepare streams@25/0-worker,1162.1,1045.6,598.8,607.8,1148.5
1662,137726442685033,1411.9,450.0,791.1,170.8,124.8,1113.9,notify_listener@25/0-worker,work_queue::do_work get_work@24/?-work_queue,1409.5,1113.9,363.1,374.5,1395.8
1663,137726448511164,945.1,540.4,376.4,28.2,11.5,907.0,assemble attention plan@24/?-work_queue,Prepare hardware matmul job@24/?-work_queue,942.7,824.0,521.7,526.1,928.8
1664,137726453838337,1255.5,292.4,855.9,107.3,66.6,1011.2,notify_listener@25/0-worker,work_queue::do_work get_work@24/?-work_queue,1253.5,1011.2,199.9,204.9,1238.4
1665,137726459588963,1500.0,560.1,825.5,114.4,65.0,1262.9,notify_listener@25/0-worker,work_queue::do_work get_work@24/?-work_queue,1497.8,1262.9,448.0,484.1,1484.6
1666,137726465506642,1566.3,686.0,768.9,111.4,53.1,1289.6,notify_listener@25/0-worker,work_queue::do_work get_work@24/?-work_queue,1564.4,1289.6,512.8,726.4,1550.7
1667,137726471895445,2800.5,1355.4,1075.1,370.0,143.3,2631.5,assemble attention plan@24/?-work_queue,Prepare hardware matmul job@24/?-work_queue,2798.1,2033.5,1130.9,1201.1,2784.5
1668,137726479281688,1097.8,599.3,375.4,123.1,89.5,585.8,kernel_add_rmsnorm_71@25/0-worker,prepare streams@25/0-worker,1096.2,984.7,677.8,688.1,1081.9
1669,137726484834166,1239.5,338.1,783.5,117.8,62.8,965.1,notify_listener@25/0-worker,work_queue::do_work get_work@24/?-work_queue,1237.7,965.1,216.0,227.6,1224.2
1670,137726490517186,1881.7,871.0,727.9,282.8,154.5,1701.8,assemble attention plan@24/?-work_queue,Prepare hardware matmul job@24/?-work_queue,1879.2,1212.3,515.3,520.3,1866.1
1671,137726496991967,495.7,163.6,297.8,34.3,11.9,458.0,assemble attention plan@24/?-work_queue,Prepare hardware matmul job@24/?-work_queue,493.4,380.8,126.6,132.8,479.5
1672,137726501878509,556.5,192.7,336.4,27.5,10.4,520.7,assemble attention plan@24/?-work_queue,Prepare hardware matmul job@24/?-work_queue,554.1,445.1,193.2,202.5,540.1
1673,137726506912068,1470.8,437.5,794.5,238.7,116.2,1327.4,assemble attention plan@24/?-work_queue,Prepare hardware matmul job@24/?-work_queue,1468.6,907.5,149.2,165.7,1454.0
1674,137726512796730,1541.8,547.1,774.3,220.5,107.6,1407.3,assemble attention plan@24/?-work_queue,Prepare hardware matmul job@24/?-work_queue,1539.0,975.2,250.7,256.3,1525.0
1675,137726518797817,681.1,291.2,363.1,26.8,10.9,646.0,assemble attention plan@24/?-work_queue,Prepare hardware matmul job@24/?-work_queue,679.4,572.4,260.4,264.2,666.6
1676,137726523882313,615.4,234.1,341.4,39.8,16.1,573.2,assemble attention plan@24/?-work_queue,Prepare hardware matmul job@24/?-work_queue,613.6,497.8,195.1,199.6,599.3
1677,137726528970124,1472.9,449.1,771.9,252.0,132.7,1313.2,assemble attention plan@24/?-work_queue,Prepare hardware matmul job@24/?-work_queue,1470.1,850.7,125.9,131.1,1455.9
1678,137726534870348,1205.3,296.9,790.7,117.8,59.9,937.4,notify_listener@25/0-worker,work_queue::do_work get_work@24/?-work_queue,1202.9,937.4,182.7,191.4,1189.5
1679,137726540540386,910.4,528.3,350.5,31.5,13.0,872.1,assemble attention plan@24/?-work_queue,Prepare hardware matmul job@24/?-work_queue,908.4,796.2,496.3,501.9,894.6
1680,137726545857406,1214.2,329.9,772.1,112.2,58.9,925.6,notify_listener@25/0-worker,work_queue::do_work get_work@24/?-work_queue,1212.3,925.6,194.1,207.7,1198.7
1681,137726551557632,690.0,157.2,504.5,28.4,11.0,654.5,assemble attention plan@24/?-work_queue,Prepare hardware matmul job@24/?-work_queue,688.2,580.7,127.2,131.2,675.2
1682,137726556670424,802.2,415.4,357.2,29.6,10.7,764.9,assemble attention plan@24/?-work_queue,Prepare hardware matmul job@24/?-work_queue,799.8,692.5,366.3,373.4,785.9
1683,137726562011776,2406.6,1242.9,848.1,315.6,148.8,2231.7,assemble attention plan@24/?-work_queue,Prepare hardware matmul job@24/?-work_queue,2403.7,1809.5,1001.8,1015.7,2390.1
1684,137726568880155,1332.2,657.3,548.3,126.6,88.7,605.2,kernel_add_rmsnorm_71@25/0-worker,prepare streams@25/0-worker,1330.0,1210.0,696.6,710.3,1316.6
1685,137726574666340,729.5,420.5,281.2,27.8,11.4,692.3,assemble attention plan@24/?-work_queue,Prepare hardware matmul job@24/?-work_queue,727.4,618.5,372.2,382.1,714.6
1686,137726579818015,640.9,274.1,330.8,36.0,13.7,521.7,notify_listener@25/0-worker,work_queue::do_work get_work@24/?-work_queue,636.9,521.7,221.0,226.3,622.6
1687,137726584896353,1191.9,287.0,791.5,113.4,60.3,926.4,notify_listener@25/0-worker,work_queue::do_work get_work@24/?-work_queue,1189.9,926.4,187.3,198.1,1171.1
1688,137726590560206,1883.0,842.2,732.4,308.5,132.2,1702.8,assemble attention plan@24/?-work_queue,Prepare hardware matmul job@24/?-work_queue,1879.2,1158.7,455.2,462.0,1845.3
1689,137726596914215,1200.9,201.5,918.1,81.2,61.0,1030.0,notify_listener@25/0-worker,work_queue::do_work get_work@24/?-work_queue,1198.6,1030.0,149.5,154.6,1180.6
1690,137726602556514,1928.5,825.0,826.5,277.0,131.0,1252.8,notify_listener@25/0-worker,work_queue::do_work get_work@24/?-work_queue,1926.9,1252.8,476.2,479.8,1906.1
1691,137726609017492,981.3,593.0,284.8,103.4,75.8,512.5,kernel_add_rmsnorm_71@25/0-worker,prepare streams@25/0-worker,979.2,844.0,593.8,603.4,941.5
1692,137726614430889,2763.2,918.9,463.4,1380.9,999.8,989.2,notify_listener@25/0-worker,work_queue::do_work get_work@24/?-work_queue,2759.2,989.2,579.6,583.3,2735.4
1693,137726621745637,731.7,345.6,354.9,31.2,11.2,685.8,assemble attention plan@24/?-work_queue,Prepare hardware matmul job@24/?-work_queue,729.5,611.4,298.1,305.7,715.0
1694,137726626917869,1525.3,502.7,725.6,297.0,131.7,1361.0,assemble attention plan@24/?-work_queue,Prepare hardware matmul job@24/?-work_queue,1522.9,837.2,148.6,159.3,1509.7
1695,137726632969419,1128.2,214.7,792.4,121.1,81.6,866.1,notify_listener@25/0-worker,work_queue::do_work get_work@24/?-work_queue,1125.7,866.1,123.3,127.9,1111.4
1696,137726638507542,1904.0,833.6,765.7,304.7,139.3,1731.5,assemble attention plan@24/?-work_queue,Prepare hardware matmul job@24/?-work_queue,1901.4,1245.8,521.1,528.1,1887.1
1697,137726644916758,571.0,197.7,342.2,31.2,11.1,525.9,assemble attention plan@24/?-work_queue,Prepare hardware matmul job@24/?-work_queue,568.6,450.5,150.5,159.1,552.7
1698,137726649926724,514.0,188.9,283.1,42.0,13.4,381.7,notify_listener@25/0-worker,work_queue::do_work get_work@24/?-work_queue,511.8,381.7,148.6,153.6,498.1
1699,137726654920807,1469.8,421.0,793.4,255.4,153.0,1283.4,assemble attention plan@24/?-work_queue,Prepare hardware matmul job@24/?-work_queue,1466.7,837.4,96.3,102.0,1452.1
1700,137726660843252,1614.8,578.3,780.9,255.6,129.3,949.2,notify_listener@25/0-worker,work_queue::do_work get_work@24/?-work_queue,1613.2,949.2,217.1,277.6,1598.0
1701,137726666954484,1139.0,235.9,790.7,112.4,74.0,876.3,notify_listener@25/0-worker,work_queue::do_work get_work@24/?-work_queue,1136.2,876.3,127.1,134.4,1120.0
1702,137726672520934,1626.1,683.0,799.0,144.1,69.5,1262.2,notify_listener@25/0-worker,work_queue::do_work get_work@24/?-work_queue,1623.3,1262.2,493.3,499.8,1610.4
1703,137726678611932,1926.5,714.7,887.5,324.3,146.0,1753.6,assemble attention plan@24/?-work_queue,Prepare hardware matmul job@24/?-work_queue,1923.8,1285.4,431.8,439.7,1910.1
1704,137726685007878,1989.4,909.4,777.8,302.2,116.8,1848.2,assemble attention plan@24/?-work_queue,Prepare hardware matmul job@24/?-work_queue,1987.0,1340.9,593.8,601.6,1974.1
1705,137726691495907,1581.0,672.9,788.3,119.8,62.6,1266.2,notify_listener@25/0-worker,work_queue::do_work get_work@24/?-work_queue,1578.7,1266.2,520.9,647.8,1564.8
1706,137726697498223,896.6,550.1,315.0,31.5,11.8,858.3,assemble attention plan@24/?-work_queue,Prepare hardware matmul job@24/?-work_queue,895.1,784.3,532.4,536.5,880.2
1707,137726702820766,648.3,263.5,344.0,40.9,13.5,530.4,notify_listener@25/0-worker,work_queue::do_work get_work@24/?-work_queue,646.1,530.4,228.4,232.5,632.5
1708,137726707856737,534.8,154.3,349.6,30.9,14.1,494.7,assemble attention plan@24/?-work_queue,Prepare hardware matmul job@24/?-work_queue,533.2,420.5,107.0,115.4,518.8
1709,137726712849797,1608.7,513.0,832.4,263.4,138.3,1445.5,assemble attention plan@24/?-work_queue,Prepare hardware matmul job@24/?-work_queue,1606.7,978.7,193.7,197.2,1593.7
1710,137726718911373,1192.5,308.0,769.1,115.5,65.0,880.4,notify_listener@25/0-worker,work_queue::do_work get_work@24/?-work_queue,1190.1,880.4,151.8,164.6,1176.8
1711,137726724549414,1522.1,627.2,773.2,121.7,80.3,1211.6,notify_listener@25/0-worker,work_queue::do_work get_work@24/?-work_queue,1519.9,1211.6,483.3,497.3,1507.1
1712,137726730510363,1560.1,566.7,879.3,114.1,66.7,1288.8,notify_listener@25/0-worker,work_queue::do_work get_work@24/?-work_queue,1558.0,1288.8,530.4,534.1,1543.3
1713,137726736475189,1756.6,785.0,732.3,239.3,145.4,1586.4,assemble attention plan@24/?-work_queue,Prepare hardware matmul job@24/?-work_queue,1754.5,1214.9,539.5,543.2,1741.1
1714,137726742679576,1699.7,683.3,787.7,228.7,124.5,1548.9,assemble attention plan@24/?-work_queue,Prepare hardware matmul job@24/?-work_queue,1697.5,1106.9,362.0,368.7,1683.7
1715,137726748782251,678.9,297.5,350.6,30.8,11.9,642.0,assemble attention plan@24/?-work_queue,Prepare hardware matmul job@24/?-work_queue,676.7,566.9,263.4,272.5,663.8
1716,137726753826784,641.1,266.0,337.0,38.2,15.9,525.6,notify_listener@25/0-worker,work_queue::do_work get_work@24/?-work_queue,638.8,525.6,220.2,224.7,625.7
1717,137726758877743,550.3,226.1,295.3,28.9,10.5,513.3,assemble attention plan@24/?-work_queue,Prepare hardware matmul job@24/?-work_queue,548.2,438.8,187.2,192.8,533.7
1718,137726763843705,1250.4,298.8,774.6,177.0,120.4,953.4,notify_listener@25/0-worker,work_queue::do_work get_work@24/?-work_queue,1248.9,953.4,210.9,214.8,1234.2
1719,137726769538232,1569.6,536.7,925.1,107.7,71.5,1374.7,notify_listener@25/0-worker,work_queue::do_work get_work@24/?-work_queue,1567.7,1374.7,498.1,511.4,1554.1
1720,137726775601321,1011.9,633.7,263.1,115.1,81.6,591.8,kernel_add_rmsnorm_71@25/0-worker,prepare streams@25/0-worker,1010.3,900.4,675.4,681.8,997.2
1721,137726781043438,1012.9,635.2,267.2,110.4,68.8,602.3,kernel_add_rmsnorm_71@25/0-worker,prepare streams@25/0-worker,1010.9,898.1,673.6,680.3,997.9
1722,137726786535868,847.1,535.4,283.4,28.2,10.8,811.2,assemble attention plan@24/?-work_queue,Prepare hardware matmul job@24/?-work_queue,844.9,737.0,498.8,505.0,831.3
1723,137726791778919,1684.6,536.5,912.0,236.1,141.1,1516.5,assemble attention plan@24/?-work_queue,Prepare hardware matmul job@24/?-work_queue,1682.3,1097.6,283.1,305.6,1667.8
1724,137726797949663,1161.1,194.0,860.3,106.8,55.6,957.7,notify_listener@25/0-worker,work_queue::do_work get_work@24/?-work_queue,1158.8,957.7,143.2,158.9,1144.3
1725,137726803527252,1586.2,619.1,808.0,159.1,82.0,609.6,kernel_add_rmsnorm_71@25/0-worker,prepare streams@25/0-worker,1583.5,1425.6,693.6,707.2,1567.8
1726,137726809607689,1472.6,541.3,822.7,108.6,59.6,1184.2,notify_listener@25/0-worker,work_queue::do_work get_work@24/?-work_queue,1471.0,1184.2,429.6,441.3,1451.4
1727,137726815498667,704.1,151.9,522.6,29.5,10.6,660.2,assemble attention plan@24/?-work_queue,Prepare hardware matmul job@24/?-work_queue,702.0,583.7,108.3,115.7,680.6
1728,137726820640272,1446.9,531.2,809.8,105.9,63.3,1175.2,notify_listener@25/0-worker,work_queue::do_work get_work@24/?-work_queue,1444.5,1175.2,405.3,465.8,1424.0
1729,137726826519377,1563.3,607.4,845.6,110.4,59.8,1252.2,notify_listener@25/0-worker,work_queue::do_work get_work@24/?-work_queue,1561.2,1252.2,521.5,566.7,1540.8
1730,137726832565529,1554.4,543.9,864.5,146.0,75.4,598.8,kernel_add_rmsnorm_71@25/0-worker,prepare streams@25/0-worker,1552.1,1400.2,676.0,690.4,1531.5
1731,137726838547672,1533.4,619.1,775.1,139.2,101.0,1216.0,notify_listener@25/0-worker,work_queue::do_work get_work@24/?-work_queue,1531.0,1216.0,494.0,509.3,1510.3
1732,137726844571051,2066.3,839.7,906.6,320.0,144.8,1890.1,assemble attention plan@24/?-work_queue,Prepare hardware matmul job@24/?-work_queue,2063.2,1428.4,559.8,564.7,2045.1
1733,137726851084674,1182.1,568.6,494.0,119.5,88.3,501.5,kernel_add_rmsnorm_71@25/0-worker,prepare streams@25/0-worker,1179.6,1052.6,592.1,596.9,1164.5
1734,137726856756149,1355.9,449.4,791.5,115.0,72.5,1023.0,notify_listener@25/0-worker,work_queue::do_work get_work@24/?-work_queue,1353.4,1023.0,278.5,291.8,1339.1
1735,137726862523632,1551.0,640.7,771.7,138.7,68.5,1240.3,notify_listener@25/0-worker,work_queue::do_work get_work@24/?-work_queue,1548.7,1240.3,491.3,507.8,1534.6
1736,137726868538359,1543.7,642.0,784.3,117.4,61.6,1239.0,notify_listener@25/0-worker,work_queue::do_work get_work@24/?-work_queue,1541.0,1239.0,498.7,516.2,1527.3
1737,137726874514361,1564.2,640.6,789.8,133.9,78.7,1241.8,notify_listener@25/0-worker,work_queue::do_work get_work@24/?-work_queue,1562.2,1241.8,499.0,508.7,1547.9
1738,137726880517524,907.6,551.0,323.2,33.4,13.5,868.3,assemble attention plan@24/?-work_queue,Prepare hardware matmul job@24/?-work_queue,905.7,779.9,519.4,525.9,891.3
1739,137726885894585,1200.7,308.4,778.2,114.1,63.2,928.0,notify_listener@25/0-worker,work_queue::do_work get_work@24/?-work_queue,1198.9,928.0,179.6,188.6,1186.0
1740,137726891505224,956.4,532.3,381.5,42.6,14.0,916.1,assemble attention plan@24/?-work_queue,Prepare hardware matmul job@24/?-work_queue,953.8,838.5,524.7,536.3,940.3
1741,137726896936177,559.1,191.3,338.1,29.7,10.6,524.3,assemble attention plan@24/?-work_queue,Prepare hardware matmul job@24/?-work_queue,557.0,447.4,141.0,154.6,543.5
1742,137726901915670,503.7,192.5,275.1,36.1,15.3,387.8,notify_listener@25/0-worker,work_queue::do_work get_work@24/?-work_queue,501.6,387.8,140.1,159.3,488.1
1743,137726906874375,1216.4,272.3,820.0,124.1,73.2,952.9,notify_listener@25/0-worker,work_queue::do_work get_work@24/?-work_queue,1213.7,952.9,207.3,217.2,1201.1
1744,137726912497126,1915.3,789.5,793.4,332.4,132.6,1756.3,assemble attention plan@24/?-work_queue,Prepare hardware matmul job@24/?-work_queue,1912.9,1284.6,516.8,532.0,1898.4
1745,137726918860127,643.5,254.9,346.1,42.5,13.3,603.9,assemble attention plan@24/?-work_queue,Prepare hardware matmul job@24/?-work_queue,640.7,518.2,216.0,220.8,626.6
1746,137726923879550,1201.8,324.0,749.4,128.4,56.6,926.0,notify_listener@25/0-worker,work_queue::do_work get_work@24/?-work_queue,1200.0,926.0,179.2,188.1,1186.1
1747,137726929564469,1524.1,637.6,765.9,120.5,64.7,1223.4,notify_listener@25/0-worker,work_queue::do_work get_work@24/?-work_queue,1521.7,1223.4,486.2,495.9,1507.5
1748,137726935520110,1882.8,853.2,789.5,240.1,122.7,1733.0,assemble attention plan@24/?-work_queue,Prepare hardware matmul job@24/?-work_queue,1881.3,1240.5,506.4,510.4,1866.1
1749,137726941889423,1224.3,223.6,895.6,105.0,72.1,1030.2,notify_listener@25/0-worker,work_queue::do_work get_work@24/?-work_queue,1222.7,1030.2,187.4,191.0,1208.7
1750,137726947498576,1583.2,632.6,814.9,135.7,83.2,1303.3,notify_listener@25/0-worker,work_queue::do_work get_work@24/?-work_queue,1580.4,1303.3,519.4,527.4,1565.6
1751,137726953564515,683.8,145.0,505.7,33.0,12.9,565.2,notify_listener@25/0-worker,work_queue::do_work get_work@24/?-work_queue,681.8,565.2,94.9,98.2,667.1
1752,137726958691298,710.2,395.0,282.3,32.9,12.1,672.2,assemble attention plan@24/?-work_queue,Prepare hardware matmul job@24/?-work_queue,708.3,595.1,344.1,348.1,693.9
1753,137726963887892,618.5,232.6,345.1,40.8,13.5,499.1,notify_listener@25/0-worker,work_queue::do_work get_work@24/?-work_queue,616.4,499.1,190.0,195.4,602.3
1754,137726968910181,522.2,214.8,276.6,30.8,11.9,483.3,assemble attention plan@24/?-work_queue,Prepare hardware matmul job@24/?-work_queue,519.7,407.0,170.7,183.2,505.2
1755,137726973920212,583.3,216.2,333.9,33.1,11.7,468.0,notify_listener@25/0-worker,work_queue::do_work get_work@24/?-work_queue,580.8,468.0,164.8,171.9,566.2
1756,137726978896572,531.7,223.7,277.1,30.8,16.2,490.3,assemble attention plan@24/?-work_queue,Prepare hardware matmul job@24/?-work_queue,529.3,416.5,184.1,187.4,516.0
1757,137726983869641,616.5,233.2,346.3,36.9,11.6,579.5,assemble attention plan@24/?-work_queue,Prepare hardware matmul job@24/?-work_queue,615.0,501.3,184.5,190.8,600.8
1758,137726988891785,1204.0,269.4,815.0,119.6,65.4,953.5,notify_listener@25/0-worker,work_queue::do_work get_work@24/?-work_queue,1200.9,953.5,185.6,195.2,1186.0
1759,137726994572196,892.5,512.1,347.5,32.8,12.1,854.2,assemble attention plan@24/?-work_queue,Prepare hardware matmul job@24/?-work_queue,889.4,779.2,465.2,474.2,876.2
1760,137726999895764,1181.5,287.8,785.9,107.8,63.2,916.7,notify_listener@25/0-worker,work_queue::do_work get_work@24/?-work_queue,1179.7,916.7,185.0,191.6,1166.8
1761,137727005571442,1505.5,574.9,783.0,147.6,105.6,1214.4,notify_listener@25/0-worker,work_queue::do_work get_work@24/?-work_queue,1503.4,1214.4,470.1,481.0,1489.2
1762,137727011526677,891.1,554.8,300.1,36.2,11.0,854.1,assemble attention plan@24/?-work_queue,Prepare hardware matmul job@24/?-work_queue,889.2,776.4,513.8,517.7,875.0
1763,137727016886617,1523.1,477.4,786.5,259.2,135.0,1363.6,assemble attention plan@24/?-work_queue,Prepare hardware matmul job@24/?-work_queue,1521.7,928.4,185.4,190.4,1508.5
1764,137727022855650,1220.7,318.2,791.9,110.6,65.6,958.3,notify_listener@25/0-worker,work_queue::do_work get_work@24/?-work_queue,1218.9,958.3,222.0,227.4,1205.0
1765,137727028559436,659.0,147.5,483.7,27.8,10.2,617.3,assemble attention plan@24/?-work_queue,Prepare hardware matmul job@24/?-work_queue,656.2,542.1,107.1,117.2,637.6
1766,137727033659557,1807.0,692.0,858.5,256.5,135.4,1640.6,assemble attention plan@24/?-work_queue,Prepare hardware matmul job@24/?-work_queue,1804.7,1160.0,392.9,397.0,1786.0
1767,137727039921195,1170.9,257.0,799.5,114.4,69.6,905.6,notify_listener@25/0-worker,work_queue::do_work get_work@24/?-work_queue,1168.1,905.6,151.1,163.8,1147.8
1768,137727045507209,1572.5,640.9,770.0,161.5,70.1,1226.7,notify_listener@25/0-worker,work_queue::do_work get_work@24/?-work_queue,1570.2,1226.7,506.5,512.2,1550.6
1769,137727051562957,1807.3,773.1,819.5,214.7,112.2,1659.5,assemble attention plan@24/?-work_queue,Prepare hardware matmul job@24/?-work_queue,1804.8,1245.4,468.3,473.2,1791.2
1770,137727057801468,533.0,154.6,352.4,26.0,10.2,490.7,assemble attention plan@24/?-work_queue,Prepare hardware matmul job@24/?-work_queue,530.9,412.8,112.3,117.3,517.5
1771,137727062778484,1355.2,501.3,739.5,114.4,82.7,425.1,kernel_add_rmsnorm_71@25/0-worker,prepare streams@25/0-worker,1353.1,1227.9,510.0,521.1,1338.0
1772,137727068556704,915.5,494.9,386.8,33.7,16.2,871.8,assemble attention plan@24/?-work_queue,Prepare hardware matmul job@24/?-work_queue,912.4,787.8,481.7,486.7,897.6
1773,137727073931203,1670.3,589.3,853.2,227.9,108.7,1534.2,assemble attention plan@24/?-work_queue,Prepare hardware matmul job@24/?-work_queue,1668.3,945.8,137.9,151.2,1653.5
1774,137727080083195,1175.2,570.8,505.2,99.2,70.8,550.3,kernel_add_rmsnorm_71@25/0-worker,prepare streams@25/0-worker,1173.0,1055.8,623.5,629.7,1160.0
1775,137727085705273,1387.2,474.0,796.7,116.4,68.5,1090.1,notify_listener@25/0-worker,work_queue::do_work get_work@24/?-work_queue,1385.0,1090.1,338.1,348.2,1369.8
1776,137727091559020,1516.8,636.4,761.5,118.8,68.9,1173.5,notify_listener@25/0-worker,work_queue::do_work get_work@24/?-work_queue,1514.7,1173.5,476.1,510.9,1501.9
1777,137727097512969,1830.2,793.8,757.0,279.4,123.2,1681.1,assemble attention plan@24/?-work_queue,Prepare hardware matmul job@24/?-work_queue,1828.4,1227.5,501.8,515.7,1814.2
1778,137727103787988,1911.8,800.6,813.1,298.1,119.9,1764.9,assemble attention plan@24/?-work_queue,Prepare hardware matmul job@24/?-work_queue,1909.3,1346.6,615.2,625.7,1895.3
1779,137727110146259,1117.4,525.3,486.8,105.3,71.7,489.2,rx collecting results@150/0-RX-3b,prepare streams@25/0-worker,1115.2,1002.5,562.6,570.5,1101.3
1780,137727115698169,693.5,390.5,276.1,26.9,10.0,657.8,assemble attention plan@24/?-work_queue,Prepare hardware matmul job@24/?-work_queue,691.0,578.4,342.4,353.3,677.0
1781,137727120835917,582.0,261.9,286.7,33.5,11.5,544.6,assemble attention plan@24/?-work_queue,Prepare hardware matmul job@24/?-work_queue,579.6,468.7,218.2,222.5,565.9
1782,137727125823795,1994.1,966.5,808.5,219.0,112.8,1855.1,assemble attention plan@24/?-work_queue,Prepare hardware matmul job@24/?-work_queue,1992.0,1007.7,225.8,237.9,1977.8
1783,137727132347125,973.5,532.0,337.8,103.8,70.1,473.5,kernel_add_rmsnorm_71@25/0-worker,prepare streams@25/0-worker,970.8,856.5,545.9,563.8,956.9
1784,137727137820894,1768.2,684.6,785.3,298.3,105.6,1637.3,assemble attention plan@24/?-work_queue,Prepare hardware matmul job@24/?-work_queue,1766.6,1183.9,428.9,437.8,1753.2
1785,137727143984766,1111.9,201.8,793.1,117.0,56.3,863.8,notify_listener@25/0-worker,work_queue::do_work get_work@24/?-work_queue,1110.2,863.8,127.0,135.6,1094.9
1786,137727149526923,1814.8,766.9,798.7,249.1,125.8,1662.6,assemble attention plan@24/?-work_queue,Prepare hardware matmul job@24/?-work_queue,1812.8,1251.7,488.5,497.4,1805.5
1787,137727155780029,624.6,306.5,288.1,30.0,9.6,587.8,assemble attention plan@24/?-work_queue,Prepare hardware matmul job@24/?-work_queue,622.2,509.9,257.2,263.5,607.4
1788,137727160845234,625.5,227.3,363.2,34.9,15.9,583.1,assemble attention plan@24/?-work_queue,Prepare hardware matmul job@24/?-work_queue,623.1,506.1,198.6,209.2,608.9
1789,137727165914324,1174.8,266.3,796.1,112.5,64.4,911.7,notify_listener@25/0-worker,work_queue::do_work get_work@24/?-work_queue,1171.8,911.7,161.9,173.7,1157.3
1790,137727171542762,918.6,541.4,347.3,29.8,12.3,881.2,assemble attention plan@24/?-work_queue,Prepare hardware matmul job@24/?-work_queue,916.3,803.3,495.4,505.2,903.7
1791,137727176870665,1205.1,312.7,771.9,120.5,61.8,923.3,notify_listener@25/0-worker,work_queue::do_work get_work@24/?-work_queue,1202.6,923.3,189.5,198.0,1189.6
1792,137727182522726,2419.3,824.6,406.8,1187.9,1002.5,873.0,notify_listener@25/0-worker,work_queue::do_work get_work@24/?-work_queue,2416.9,873.0,501.8,505.6,2402.6
1793,137727189470054,1967.1,899.0,826.4,241.6,128.9,1811.6,assemble attention plan@24/?-work_queue,Prepare hardware matmul job@24/?-work_queue,1964.5,1312.5,564.5,571.7,1950.0
1794,137727195857640,1249.5,324.9,793.6,130.9,73.2,981.0,notify_listener@25/0-worker,work_queue::do_work get_work@24/?-work_queue,1247.3,981.0,248.5,252.2,1233.5
1795,137727201749897,707.9,331.2,342.2,34.5,11.3,671.1,assemble attention plan@24/?-work_queue,Prepare hardware matmul job@24/?-work_queue,706.2,590.9,289.3,299.9,692.2
1796,137727206857064,1248.8,150.8,935.3,162.8,113.7,993.7,notify_listener@25/0-worker,work_queue::do_work get_work@24/?-work_queue,1246.5,993.7,243.5,250.9,1232.4
1797,137727212614608,1767.3,703.1,793.8,270.4,144.4,1595.8,assemble attention plan@24/?-work_queue,Prepare hardware matmul job@24/?-work_queue,1765.5,1156.6,428.2,438.9,1750.7
1798,137727218808645,1305.7,307.5,912.9,85.3,53.0,1127.5,notify_listener@25/0-worker,work_queue::do_work get_work@24/?-work_queue,1302.8,1127.5,268.8,276.2,1284.4
1799,137727224579667,1768.9,725.1,808.7,235.1,124.1,1611.6,assemble attention plan@24/?-work_queue,Prepare hardware matmul job@24/?-work_queue,1766.5,1230.4,470.2,480.7,1745.9
1800,137727230804889,1357.7,578.1,674.9,104.7,79.9,552.3,kernel_add_rmsnorm_71@25/0-worker,prepare streams@25/0-worker,1355.4,1239.6,634.2,647.0,1336.6
1801,137727236616227,775.0,457.6,287.6,29.8,11.4,732.8,assemble attention plan@24/?-work_queue,Prepare hardware matmul job@24/?-work_queue,773.4,658.6,419.4,423.5,754.8
1802,137727241859040,1357.7,617.2,626.7,113.8,81.8,575.4,kernel_add_rmsnorm_71@25/0-worker,prepare streams@25/0-worker,1355.1,1235.9,659.9,667.5,1339.7
1803,137727247667224,726.7,437.7,261.3,27.7,11.4,683.0,assemble attention plan@24/?-work_queue,Prepare hardware matmul job@24/?-work_queue,724.1,607.9,379.6,388.6,710.4
1804,137727252816089,1644.8,432.8,840.1,371.9,283.5,1328.7,assemble attention plan@24/?-work_queue,Prepare hardware matmul job@24/?-work_queue,1643.4,990.0,235.7,244.8,1627.8
1805,137727258970153,532.7,155.1,347.8,29.8,9.8,491.5,assemble attention plan@24/?-work_queue,Prepare hardware matmul job@24/?-work_queue,531.2,417.8,121.1,125.3,516.7
1806,137727263915805,1194.4,220.0,848.5,125.8,52.2,962.6,notify_listener@25/0-worker,work_queue::do_work get_work@24/?-work_queue,1192.2,962.6,154.3,162.7,1177.1
1807,137727269592027,1938.1,760.3,902.3,275.4,133.0,1773.5,assemble attention plan@24/?-work_queue,Prepare hardware matmul job@24/?-work_queue,1936.4,1304.3,446.3,455.6,1921.7
1808,137727275965850,1593.9,422.5,893.4,278.1,134.0,1435.3,assemble attention plan@24/?-work_queue,Prepare hardware matmul job@24/?-work_queue,1592.0,942.5,114.4,122.9,1579.2
1809,137727282035862,1194.3,623.1,452.5,118.7,86.6,529.7,kernel_add_rmsnorm_71@25/0-worker,prepare streams@25/0-worker,1192.2,1076.6,618.2,622.3,1178.9
1810,137727287711586,2161.6,886.9,786.0,488.6,162.7,1707.4,resize@24/?-work_queue,construct_minibatches@24/?-work_queue,2159.1,1422.0,662.4,667.6,2145.1
1811,137727294347104,835.2,158.6,642.3,34.3,12.9,710.9,notify_listener@25/0-worker,work_queue::do_work get_work@24/?-work_queue,833.4,710.9,113.1,122.5,819.4
1812,137727299631799,830.9,403.1,398.7,29.0,10.5,717.7,notify_listener@25/0-worker,work_queue::do_work get_work@24/?-work_queue,829.1,717.7,413.7,426.5,815.3
1813,137727304950156,1147.3,206.6,781.3,159.3,112.2,878.6,notify_listener@25/0-worker,work_queue::do_work get_work@24/?-work_queue,1145.1,878.6,135.3,150.3,1131.4
1814,137727310537063,853.7,534.9,287.8,31.1,10.9,817.9,assemble attention plan@24/?-work_queue,Prepare hardware matmul job@24/?-work_queue,851.8,737.3,504.7,512.2,842.8
1815,137727315918894,512.5,193.4,288.9,30.2,13.7,473.1,assemble attention plan@24/?-work_queue,Prepare hardware matmul job@24/?-work_queue,510.5,399.3,149.9,160.2,495.7
1816,137727320865661,1569.4,527.5,800.8,241.1,137.9,1406.2,assemble attention plan@24/?-work_queue,Prepare hardware matmul job@24/?-work_queue,1567.2,954.6,190.3,194.8,1553.9
1817,137727326904420,1671.4,521.6,888.2,261.7,131.9,1513.7,assemble attention plan@24/?-work_queue,Prepare hardware matmul job@24/?-work_queue,1671.1,1012.1,181.1,187.4,1655.8
1818,137727333024132,2019.1,981.8,762.3,275.0,83.7,1409.0,notify_listener@25/0-worker,work_queue::do_work get_work@24/?-work_queue,2017.3,1409.0,681.3,697.9,2003.3
1819,137727339566913,1513.6,588.1,788.5,137.0,71.2,1219.3,notify_listener@25/0-worker,work_queue::do_work get_work@24/?-work_queue,1511.1,1219.3,470.7,474.5,1497.5
1820,137727345554242,1532.0,605.1,764.9,162.0,114.3,1210.1,notify_listener@25/0-worker,work_queue::do_work get_work@24/?-work_queue,1529.4,1210.1,478.6,487.8,1514.5
1821,137727351567291,1807.4,740.8,813.8,252.8,129.6,1651.0,assemble attention plan@24/?-work_queue,Prepare hardware matmul job@24/?-work_queue,1805.3,1198.5,470.5,498.9,1792.3
1822,137727357815500,1275.4,320.5,839.0,115.9,55.4,1016.2,notify_listener@25/0-worker,work_queue::do_work get_work@24/?-work_queue,1273.8,1016.2,239.2,247.9,1258.8
1823,137727363547450,839.2,522.2,276.1,40.9,11.7,802.0,assemble attention plan@24/?-work_queue,Prepare hardware matmul job@24/?-work_queue,836.7,729.2,481.0,484.9,822.8
1824,137727368785535,487.0,156.9,302.3,27.8,10.7,449.9,assemble attention plan@24/?-work_queue,Prepare hardware matmul job@24/?-work_queue,484.5,373.5,106.1,117.1,470.5
1825,137727373772368,1322.8,330.7,869.9,122.2,63.9,1079.5,notify_listener@25/0-worker,work_queue::do_work get_work@24/?-work_queue,1321.0,1079.5,285.8,301.3,1307.3
1826,137727379547715,1526.2,617.6,780.4,128.2,59.2,1224.4,notify_listener@25/0-worker,work_queue::do_work get_work@24/?-work_queue,1523.8,1224.4,486.2,506.1,1510.7
1827,137727385551834,833.3,518.1,274.5,40.7,10.7,798.3,assemble attention plan@24/?-work_queue,Prepare hardware matmul job@24/?-work_queue,831.0,723.1,485.2,488.7,817.7
1828,137727390875412,1235.7,269.8,865.4,100.5,80.9,1049.2,notify_listener@25/0-worker,work_queue::do_work get_work@24/?-work_queue,1233.2,1049.2,233.9,244.3,1218.3
1829,137727396572248,1518.2,610.4,776.2,131.6,91.5,1198.3,notify_listener@25/0-worker,work_queue::do_work get_work@24/?-work_queue,1515.9,1198.3,474.3,490.1,1494.8
1830,137727402558047,879.2,539.1,307.4,32.6,12.1,832.8,assemble attention plan@24/?-work_queue,Prepare hardware matmul job@24/?-work_queue,876.6,750.8,482.9,487.2,854.9
1831,137727407881080,1311.0,567.9,634.8,108.4,75.9,488.3,kernel_add_rmsnorm_71@25/0-worker,prepare streams@25/0-worker,1309.5,1171.4,566.7,578.8,1279.1
1832,137727413649308,559.6,167.0,363.0,29.6,12.8,511.0,assemble attention plan@24/?-work_queue,Prepare hardware matmul job@24/?-work_queue,557.7,431.4,117.3,121.1,533.7
1833,137727418644457,848.5,447.6,366.6,34.4,12.0,805.9,assemble attention plan@24/?-work_queue,Prepare hardware matmul job@24/?-work_queue,846.6,724.8,408.5,413.6,832.3
1834,137727423923624,530.3,200.5,296.1,33.7,12.9,492.7,assemble attention plan@24/?-work_queue,Prepare hardware matmul job@24/?-work_queue,528.5,405.8,162.7,169.5,515.2
1835,137727428862717,1296.2,509.9,678.6,107.7,71.5,456.5,kernel_add_rmsnorm_71@25/0-worker,prepare streams@25/0-worker,1294.8,1168.9,530.1,536.8,1280.2
1836,137727434610845,2013.3,786.4,800.3,426.6,300.3,1686.6,assemble attention plan@24/?-work_queue,Prepare hardware matmul job@24/?-work_queue,2011.1,1175.9,424.8,436.9,1996.2
1837,137727441114662,993.2,534.7,340.0,118.5,84.1,483.3,kernel_add_rmsnorm_71@25/0-worker,prepare streams@25/0-worker,991.1,870.2,569.7,581.3,977.7
1838,137727446548187,2300.5,1057.3,942.3,300.8,127.7,2147.3,assemble attention plan@24/?-work_queue,Prepare hardware matmul job@24/?-work_queue,2298.8,1526.1,639.6,678.1,2285.6
1839,137727453318175,1027.7,602.9,305.9,118.9,90.6,503.5,kernel_add_rmsnorm_71@25/0-worker,prepare streams@25/0-worker,1025.5,913.3,597.1,651.2,1011.6
1840,137727458774123,1642.3,570.4,814.6,257.3,135.1,1481.1,assemble attention plan@24/?-work_queue,Prepare hardware matmul job@24/?-work_queue,1639.8,1037.4,270.7,282.1,1627.1
1841,137727464909574,1199.8,219.0,893.1,87.7,67.6,1020.0,notify_listener@25/0-worker,work_queue::do_work get_work@24/?-work_queue,1197.5,1020.0,159.2,172.3,1183.6
1842,137727470538511,1540.2,596.2,822.5,121.6,82.5,1266.3,notify_listener@25/0-worker,work_queue::do_work get_work@24/?-work_queue,1537.9,1266.3,498.8,512.3,1523.8
1843,137727476566146,1797.9,778.5,747.7,271.6,152.4,1619.1,assemble attention plan@24/?-work_queue,Prepare hardware matmul job@24/?-work_queue,1795.9,1179.6,471.8,475.4,1781.8
1844,137727482802587,1619.9,636.9,740.1,242.9,126.1,1466.4,assemble attention plan@24/?-work_queue,Prepare hardware matmul job@24/?-work_queue,1618.1,942.8,236.2,240.0,1602.7
1845,137727488891737,1184.0,253.1,797.0,133.9,79.1,878.9,notify_listener@25/0-worker,work_queue::do_work get_work@24/?-work_queue,1182.2,878.9,125.5,137.9,1168.2
1846,137727494520829,1902.5,808.1,795.9,298.4,143.7,1731.4,assemble attention plan@24/?-work_queue,Prepare hardware matmul job@24/?-work_queue,1900.1,1250.1,512.6,524.3,1885.1
1847,137727500964332,1143.4,176.8,865.0,101.6,60.2,944.0,notify_listener@25/0-worker,work_queue::do_work get_work@24/?-work_queue,1140.8,944.0,126.4,148.2,1127.5
1848,137727506557402,1892.2,807.7,815.0,269.4,143.8,1721.7,assemble attention plan@24/?-work_queue,Prepare hardware matmul job@24/?-work_queue,1889.9,1241.7,477.9,485.5,1876.1
1849,137727512928969,1179.6,196.5,887.2,95.9,63.8,1005.0,notify_listener@25/0-worker,work_queue::do_work get_work@24/?-work_queue,1177.2,1005.0,157.9,167.7,1162.6
1850,137727518544158,521.3,142.8,346.1,32.4,11.4,484.4,assemble attention plan@24/?-work_queue,Prepare hardware matmul job@24/?-work_queue,518.5,405.6,91.2,96.4,505.3
1851,137727523568141,1537.0,558.2,762.8,216.0,86.8,1312.9,notify_listener@25/0-worker,work_queue::do_work get_work@24/?-work_queue,1534.5,1312.9,586.9,600.6,1520.7
1852,137727529555053,2375.7,1039.8,775.8,560.1,349.4,2000.1,assemble attention plan@24/?-work_queue,Prepare hardware matmul job@24/?-work_queue,2374.2,1451.3,697.4,701.5,2359.2
1853,137727536403864,2022.0,846.6,763.7,411.7,146.1,1848.8,assemble attention plan@24/?-work_queue,Prepare hardware matmul job@24/?-work_queue,2019.3,1346.9,608.8,614.9,2005.2
1854,137727542903738,597.5,217.3,347.5,32.6,12.6,559.3,assemble attention plan@24/?-work_queue,Prepare hardware matmul job@24/?-work_queue,595.1,481.6,178.3,183.9,581.3
1855,137727547964486,557.7,168.5,358.5,30.7,10.5,521.1,assemble attention plan@24/?-work_queue,Prepare hardware matmul job@24/?-work_queue,554.8,445.0,129.6,136.5,541.6
1856,137727552974014,1132.6,184.4,816.6,131.6,70.3,900.1,notify_listener@25/0-worker,work_queue::do_work get_work@24/?-work_queue,1130.0,900.1,127.1,138.9,1116.7
1857,137727558560970,1870.7,845.7,783.4,241.6,130.8,1709.0,assemble attention plan@24/?-work_queue,Prepare hardware matmul job@24/?-work_queue,1868.0,1212.2,472.4,476.3,1849.5
1858,137727564883899,556.5,164.3,363.4,28.8,10.4,496.3,assemble attention plan@24/?-work_queue,Prepare hardware matmul job@24/?-work_queue,554.7,417.4,99.9,107.0,517.2
1859,137727569857462,1242.8,326.5,796.2,120.1,77.1,947.0,notify_listener@25/0-worker,work_queue::do_work get_work@24/?-work_queue,1240.8,947.0,205.9,212.9,1212.3
1860,137727575583951,1831.8,824.5,781.6,225.7,97.9,1700.6,assemble attention plan@24/?-work_queue,Prepare hardware matmul job@24/?-work_queue,1829.9,1175.9,451.8,474.5,1808.9
1861,137727581934016,1466.5,443.6,796.1,226.8,107.8,1321.9,assemble attention plan@24/?-work_queue,Prepare hardware matmul job@24/?-work_queue,1464.0,883.8,132.0,136.1,1439.9
1862,137727587868335,1606.6,546.0,804.4,256.2,132.7,1442.3,assemble attention plan@24/?-work_queue,Prepare hardware matmul job@24/?-work_queue,1604.3,929.5,191.1,195.2,1585.5
1863,137727594021344,1242.7,592.4,519.0,131.3,102.0,530.0,kernel_add_rmsnorm_71@25/0-worker,prepare streams@25/0-worker,1239.5,1114.8,634.2,645.7,1225.9
1864,137727599674567,1763.8,743.6,776.0,244.2,122.6,1607.5,assemble attention plan@24/?-work_queue,Prepare hardware matmul job@24/?-work_queue,1761.7,1083.8,363.0,367.0,1746.6
1865,137727605925172,518.1,205.2,278.1,34.8,10.6,482.6,assemble attention plan@24/?-work_queue,Prepare hardware matmul job@24/?-work_queue,515.6,394.5,153.6,161.4,502.9
1866,137727610859316,581.0,250.4,294.3,36.3,12.0,454.5,notify_listener@25/0-worker,work_queue::do_work get_work@24/?-work_queue,579.4,454.5,198.6,205.7,566.3
1867,137727615925779,494.7,164.4,297.6,32.7,11.5,457.0,assemble attention plan@24/?-work_queue,Prepare hardware matmul job@24/?-work_queue,492.4,373.9,130.4,135.2,479.4
1868,137727620851809,1243.9,327.3,781.1,135.5,67.5,940.5,notify_listener@25/0-worker,work_queue::do_work get_work@24/?-work_queue,1241.8,940.5,199.4,204.1,1228.6
1869,137727626587649,542.5,153.4,360.9,28.2,10.5,506.3,assemble attention plan@24/?-work_queue,Prepare hardware matmul job@24/?-work_queue,540.5,421.2,110.0,120.1,527.0
1870,137727631552861,921.1,520.2,369.5,31.4,11.7,884.3,assemble attention plan@24/?-work_queue,Prepare hardware matmul job@24/?-work_queue,919.3,805.8,500.1,517.9,906.4
1871,137727636933708,1173.2,221.9,819.7,131.6,78.1,923.0,notify_listener@25/0-worker,work_queue::do_work get_work@24/?-work_queue,1170.8,923.0,165.6,176.2,1158.2
1872,137727642546130,1537.4,601.1,803.8,132.4,70.2,1240.9,notify_listener@25/0-worker,work_queue::do_work get_work@24/?-work_queue,1534.5,1240.9,471.6,485.2,1521.2
1873,137727648561300,1517.3,644.5,735.0,137.7,66.8,1161.2,notify_listener@25/0-worker,work_queue::do_work get_work@24/?-work_queue,1515.2,1161.2,475.2,480.8,1501.9
1874,137727654531787,829.4,521.9,269.2,38.3,11.2,794.3,assemble attention plan@24/?-work_queue,Prepare hardware matmul job@24/?-work_queue,827.2,717.9,488.3,496.3,815.1
1875,137727659938943,520.6,183.9,306.9,29.8,11.3,401.1,notify_listener@25/0-worker,work_queue::do_work get_work@24/?-work_queue,518.7,401.1,161.1,165.9,504.9
1876,137727664902410,1185.9,260.3,805.1,120.4,77.5,930.8,notify_listener@25/0-worker,work_queue::do_work get_work@24/?-work_queue,1183.2,930.8,161.2,172.8,1169.7
1877,137727670553602,1522.6,619.5,738.3,164.8,101.1,1170.1,notify_listener@25/0-worker,work_queue::do_work get_work@24/?-work_queue,1521.1,1170.1,462.6,473.1,1508.6
1878,137727676493259,899.5,554.3,290.0,55.2,28.8,489.9,kernel_add_rmsnorm_71@25/0-worker,prepare streams@25/0-worker,897.4,784.9,523.3,529.9,884.1
1879,137727681857487,1225.7,322.4,783.4,120.0,54.5,946.8,notify_listener@25/0-worker,work_queue::do_work get_work@24/?-work_queue,1223.4,946.8,195.6,208.1,1209.9
1880,137727687542644,1560.4,566.6,860.0,133.8,91.4,1316.0,notify_listener@25/0-worker,work_queue::do_work get_work@24/?-work_queue,1558.1,1316.0,511.9,523.7,1544.9
1881,137727693556771,1544.8,556.3,796.5,192.0,83.8,446.8,kernel_add_rmsnorm_71@25/0-worker,prepare streams@25/0-worker,1543.1,1300.8,533.3,550.3,1527.7
1882,137727699568035,572.4,158.9,382.8,30.6,10.7,534.7,assemble attention plan@24/?-work_queue,Prepare hardware matmul job@24/?-work_queue,570.1,454.2,113.2,117.5,555.4
1883,137727704584372,1508.9,377.9,915.9,215.0,93.2,191.0,rx collecting results@147/0-RX-10,Launch hardware matmul job@24/?-work_queue,1506.2,1238.8,453.7,462.2,1492.9
1884,137727710567373,1551.4,406.4,1034.4,110.6,78.3,1358.8,notify_listener@25/0-worker,work_queue::do_work get_work@24/?-work_queue,1548.8,1358.8,574.9,579.9,1536.1
1885,137727716606196,616.5,145.8,440.7,30.0,10.9,579.9,assemble attention plan@24/?-work_queue,Prepare hardware matmul job@24/?-work_queue,614.3,500.0,93.6,100.9,600.8
1886,137727721686243,691.0,397.2,253.1,40.8,12.8,571.8,notify_listener@25/0-worker,work_queue::do_work get_work@24/?-work_queue,688.6,571.8,355.5,365.1,674.8
1887,137727726880034,549.4,215.5,300.9,33.1,12.0,513.6,assemble attention plan@24/?-work_queue,Prepare hardware matmul job@24/?-work_queue,547.3,434.2,206.7,210.9,534.9
1888,137727731887300,1733.2,584.5,842.3,306.4,131.1,1007.4,notify_listener@25/0-worker,work_queue::do_work get_work@24/?-work_queue,1730.6,1007.4,215.8,229.8,1718.1
1889,137727738101745,1132.6,551.3,467.7,113.6,85.7,497.3,kernel_add_rmsnorm_71@25/0-worker,prepare streams@25/0-worker,1130.3,1018.9,585.0,591.0,1116.7
1890,137727743689099,1965.6,873.2,798.1,294.3,122.5,1818.5,assemble attention plan@24/?-work_queue,Prepare hardware matmul job@24/?-work_queue,1962.9,1346.5,573.9,578.1,1950.3
1891,137727750153562,1233.6,599.5,518.5,115.6,83.0,719.6,kernel_add_rmsnorm_71@25/0-worker,prepare streams@25/0-worker,1231.4,1119.7,809.2,822.2,1217.9
1892,137727755853538,2164.9,604.8,588.1,972.0,809.9,751.9,notify_listener@25/0-worker,work_queue::do_work get_work@24/?-work_queue,2162.8,751.9,223.7,227.5,2145.6
1893,137727762556858,709.4,153.7,521.1,34.6,13.8,582.9,notify_listener@25/0-worker,work_queue::do_work get_work@24/?-work_queue,702.1,582.9,105.4,110.3,688.8
1894,137727767701012,761.7,400.4,333.7,27.7,10.8,716.1,assemble attention plan@24/?-work_queue,Prepare hardware matmul job@24/?-work_queue,759.0,636.3,335.8,342.9,736.9
1895,137727772972447,570.6,184.2,352.6,33.8,13.1,444.3,notify_listener@25/0-worker,work_queue::do_work get_work@24/?-work_queue,568.2,444.3,133.2,141.1,547.3
1896,137727777991321,1221.5,583.6,534.9,103.0,73.0,531.1,kernel_add_rmsnorm_71@25/0-worker,prepare streams@25/0-worker,1219.3,1097.0,606.3,611.9,1199.0
1897,137727783665695,1829.3,685.5,832.5,311.4,137.6,1659.9,assemble attention plan@24/?-work_queue,Prepare hardware matmul job@24/?-work_queue,1827.1,1157.4,385.6,393.2,1807.0
1898,137727789961517,477.6,171.6,277.2,28.8,12.2,430.2,assemble attention plan@24/?-work_queue,Prepare hardware matmul job@24/?-work_queue,475.0,351.4,131.4,141.5,452.5
1899,137727794912964,507.2,200.7,279.7,26.8,11.3,465.0,assemble attention plan@24/?-work_queue,Prepare hardware matmul job@24/?-work_queue,505.5,386.1,155.8,163.1,492.2
1900,137727799842454,1279.9,257.6,925.8,96.4,69.3,1082.0,notify_listener@25/0-worker,work_queue::do_work get_work@24/?-work_queue,1278.2,1082.0,227.8,238.2,1264.1
1901,137727805603043,826.1,485.4,296.0,44.6,15.5,742.8,gather_token_job_ids@24/?-work_queue,resize@24/?-work_queue,823.8,692.3,431.3,439.5,809.0
1902,137727810933374,509.6,200.4,272.7,36.4,12.2,472.9,assemble attention plan@24/?-work_queue,Prepare hardware matmul job@24/?-work_queue,507.5,380.7,140.1,143.8,494.9
1903,137727815923706,1179.4,273.0,791.5,114.9,60.5,927.2,notify_listener@25/0-worker,work_queue::do_work get_work@24/?-work_queue,1177.4,927.2,188.2,200.3,1162.6
1904,137727821556944,1859.8,831.0,782.2,246.6,134.2,1700.9,assemble attention plan@24/?-work_queue,Prepare hardware matmul job@24/?-work_queue,1858.2,1249.9,478.9,536.2,1844.5
1905,137727827930971,2017.4,926.8,755.6,335.0,138.4,1853.4,assemble attention plan@24/?-work_queue,Prepare hardware matmul job@24/?-work_queue,2014.8,1350.6,623.0,636.7,2002.1
1906,137727834384742,998.9,549.4,346.1,103.3,71.0,506.0,kernel_add_rmsnorm_71@25/0-worker,prepare streams@25/0-worker,996.7,881.1,579.0,583.2,982.6
1907,137727839829280,733.4,278.6,352.8,101.9,61.3,216.4,rx collecting results@147/0-RX-10,legacy tx_launch@4/0-TX-13,731.0,616.6,314.5,325.4,717.7
1908,137727845061079,1985.2,996.8,762.3,226.1,84.5,624.8,kernel_add_rmsnorm_71@25/0-worker,prepare streams@25/0-worker,1983.6,1448.6,725.5,734.3,1968.4
1909,137727851554667,1966.0,771.0,922.8,272.2,137.2,1803.6,assemble attention plan@24/?-work_queue,Prepare hardware matmul job@24/?-work_queue,1963.8,1314.6,482.6,506.7,1950.9
1910,137727857977603,536.2,165.9,344.3,26.1,11.9,499.7,assemble attention plan@24/?-work_queue,Prepare hardware matmul job@24/?-work_queue,534.5,423.0,120.7,130.2,521.6
1911,137727863018929,1237.6,660.4,463.4,113.8,86.3,650.9,kernel_add_rmsnorm_71@25/0-worker,prepare streams@25/0-worker,1236.1,1125.4,739.3,749.0,1221.6
1912,137727868732758,1708.9,658.0,808.1,242.9,133.5,1548.7,assemble attention plan@24/?-work_queue,Prepare hardware matmul job@24/?-work_queue,1706.9,1072.4,305.3,310.3,1692.2
1913,137727874933444,1181.7,223.4,864.4,94.0,73.8,1000.0,notify_listener@25/0-worker,work_queue::do_work get_work@24/?-work_queue,1179.8,1000.0,161.2,168.4,1166.2
1914,137727880579274,883.0,513.2,337.7,32.1,10.2,846.3,assemble attention plan@24/?-work_queue,Prepare hardware matmul job@24/?-work_queue,880.8,769.2,465.7,470.8,867.0
1915,137727885922280,1182.1,226.8,808.1,147.2,74.3,911.1,notify_listener@25/0-worker,work_queue::do_work get_work@24/?-work_queue,1180.2,911.1,157.1,162.2,1166.1
1916,137727891554997,1516.9,665.7,723.9,127.2,53.3,1159.4,notify_listener@25/0-worker,work_queue::do_work get_work@24/?-work_queue,1515.1,1159.4,478.1,484.3,1502.1
1917,137727897541779,1571.2,572.3,855.9,143.0,62.7,1303.8,notify_listener@25/0-worker,work_queue::do_work get_work@24/?-work_queue,1568.9,1303.8,499.6,508.6,1554.6
1918,137727903579027,1916.9,819.9,813.4,283.6,153.0,1736.6,assemble attention plan@24/?-work_queue,Prepare hardware matmul job@24/?-work_queue,1914.8,1221.7,461.2,471.0,1899.4
1919,137727910012041,1243.4,742.0,385.1,116.3,81.9,578.1,kernel_add_rmsnorm_71@25/0-worker,prepare streams@25/0-worker,1241.0,1125.7,662.1,667.1,1227.0
1920,137727915693258,703.4,382.0,286.9,34.4,10.3,587.8,notify_listener@25/0-worker,work_queue::do_work get_work@24/?-work_queue,701.9,587.8,347.1,359.5,688.9
1921,137727920893159,1667.2,483.2,914.3,269.8,142.0,1499.7,assemble attention plan@24/?-work_queue,Prepare hardware matmul job@24/?-work_queue,1665.4,1049.4,185.3,195.4,1651.8
1922,137727927035767,2044.5,1067.5,779.8,197.1,80.4,1733.5,notify_listener@25/0-worker,work_queue::do_work get_work@24/?-work_queue,2041.9,1733.5,977.4,988.6,2027.8
1923,137727933626135,1053.9,557.8,340.4,155.7,91.1,541.1,kernel_add_rmsnorm_71@25/0-worker,prepare streams@25/0-worker,1051.6,932.1,634.6,640.0,1035.7
1924,137727939155117,522.6,139.8,350.9,31.9,12.4,478.7,assemble attention plan@24/?-work_queue,Prepare hardware matmul job@24/?-work_queue,520.7,397.9,100.0,104.4,501.3
1925,137727944180183,1866.5,780.4,791.6,294.5,91.5,457.2,kernel_add_rmsnorm_71@25/0-worker,prepare streams@25/0-worker,1863.9,1334.3,568.8,583.5,1841.0
1926,137727950529361,1983.5,938.0,808.2,237.3,131.0,1820.8,assemble attention plan@24/?-work_queue,Prepare hardware matmul job@24/?-work_queue,1981.5,1248.7,485.3,491.7,1961.2
1927,137727956992025,470.4,157.0,280.6,32.8,10.0,423.9,assemble attention plan@24/?-work_queue,Prepare hardware matmul job@24/?-work_queue,468.4,342.5,101.9,106.8,442.9
1928,137727961917970,476.1,151.0,292.6,32.6,14.1,349.3,notify_listener@25/0-worker,work_queue::do_work get_work@24/?-work_queue,474.1,349.3,106.2,113.1,454.4
1929,137727966909533,514.6,201.9,284.9,27.8,12.7,467.9,assemble attention plan@24/?-work_queue,Prepare hardware matmul job@24/?-work_queue,512.1,392.0,152.0,160.6,490.4
1930,137727971953568,1170.1,196.9,825.2,147.9,118.5,918.7,notify_listener@25/0-worker,work_queue::do_work get_work@24/?-work_queue,1167.6,918.7,142.0,146.3,1145.6
1931,137727977627839,841.0,460.8,350.5,29.7,11.2,794.3,assemble attention plan@24/?-work_queue,Prepare hardware matmul job@24/?-work_queue,838.5,715.1,409.2,416.7,816.3
1932,137727982971496,553.0,170.9,348.7,33.4,16.5,503.8,assemble attention plan@24/?-work_queue,Prepare hardware matmul job@24/?-work_queue,550.4,424.8,122.0,128.7,529.9
1933,137727987999020,450.1,144.4,278.7,27.0,11.5,405.3,assemble attention plan@24/?-work_queue,Prepare hardware matmul job@24/?-work_queue,447.9,329.0,99.2,105.1,427.9
1934,137727992915241,1216.9,241.0,853.5,122.4,54.4,960.8,notify_listener@25/0-worker,work_queue::do_work get_work@24/?-work_queue,1214.7,960.8,140.6,146.1,1175.2
1935,137727998661269,805.0,426.6,346.9,31.5,10.3,760.8,assemble attention plan@24/?-work_queue,Prepare hardware matmul job@24/?-work_queue,803.0,682.1,378.2,383.1,790.2
1936,137728003985704,1120.6,189.6,803.6,127.4,77.2,864.0,notify_listener@25/0-worker,work_queue::do_work get_work@24/?-work_queue,1117.9,864.0,124.0,129.0,1103.0
1937,137728009687608,1411.2,465.8,801.1,144.2,66.8,1110.9,notify_listener@25/0-worker,work_queue::do_work get_work@24/?-work_queue,1409.3,1110.9,356.7,362.8,1394.2
1938,137728015576678,674.5,151.7,493.9,28.8,11.2,637.2,assemble attention plan@24/?-work_queue,Prepare hardware matmul job@24/?-work_queue,671.8,548.3,97.7,107.7,658.3
1939,137728020738820,1356.7,428.2,808.2,120.3,60.9,1072.3,notify_listener@25/0-worker,work_queue::do_work get_work@24/?-work_queue,1355.2,1072.3,306.2,313.0,1339.9
1940,137728026667276,1854.6,728.3,811.4,314.8,139.9,1688.3,assemble attention plan@24/?-work_queue,Prepare hardware matmul job@24/?-work_queue,1853.0,1166.7,394.6,402.9,1838.9
1941,137728033013216,1010.6,558.5,340.5,111.6,81.7,497.9,kernel_add_rmsnorm_71@25/0-worker,prepare streams@25/0-worker,1008.5,889.6,585.7,597.9,994.4
1942,137728038529513,1541.4,723.6,696.9,120.9,58.8,1195.0,notify_listener@25/0-worker,work_queue::do_work get_work@24/?-work_queue,1539.3,1195.0,487.2,546.1,1524.4
1943,137728044632115,1479.3,490.2,858.4,130.8,64.5,1216.6,notify_listener@25/0-worker,work_queue::do_work get_work@24/?-work_queue,1477.7,1216.6,407.4,416.8,1462.8
1944,137728050671708,2246.6,1047.7,845.1,353.9,130.8,2088.0,assemble attention plan@24/?-work_queue,Prepare hardware matmul job@24/?-work_queue,2244.1,1505.7,711.0,722.0,2228.9
1945,137728057453579,1630.0,635.4,805.6,189.0,65.1,490.7,kernel_add_rmsnorm_71@25/0-worker,prepare streams@25/0-worker,1627.6,1322.8,558.2,563.8,1614.1
1946,137728063560963,1537.5,560.4,865.0,112.2,69.8,1291.2,notify_listener@25/0-worker,work_queue::do_work get_work@24/?-work_queue,1535.1,1291.2,475.5,490.5,1520.7
1947,137728069646676,1795.3,787.7,785.0,222.6,109.7,1659.0,assemble attention plan@24/?-work_queue,Prepare hardware matmul job@24/?-work_queue,1792.3,1145.6,391.9,396.8,1779.3
1948,137728075936044,1183.8,238.0,827.2,118.6,59.1,950.6,notify_listener@25/0-worker,work_queue::do_work get_work@24/?-work_queue,1184.2,950.6,164.0,169.5,1167.0
1949,137728081643489,785.0,433.1,310.8,41.1,11.4,747.1,assemble attention plan@24/?-work_queue,Prepare hardware matmul job@24/?-work_queue,782.8,668.8,409.2,421.8,769.2
1950,137728086907218,1199.9,228.7,807.0,164.2,108.6,935.6,notify_listener@25/0-worker,work_queue::do_work get_work@24/?-work_queue,1197.9,935.6,160.8,170.6,1183.9
1951,137728092644179,766.4,446.5,290.9,29.1,10.7,730.4,assemble attention plan@24/?-work_queue,Prepare hardware matmul job@24/?-work_queue,764.8,652.3,398.7,402.2,751.0
1952,137728097887257,1218.0,243.2,849.3,125.6,74.0,993.5,notify_listener@25/0-worker,work_queue::do_work get_work@24/?-work_queue,1215.9,993.5,184.7,199.3,1210.2
1953,137728103652884,1922.6,771.4,842.5,308.7,137.6,1759.1,assemble attention plan@24/?-work_queue,Prepare hardware matmul job@24/?-work_queue,1920.6,1316.2,514.4,529.4,1906.8
1954,137728110075198,1178.7,582.4,478.4,117.9,87.3,521.9,kernel_add_rmsnorm_71@25/0-worker,prepare streams@25/0-worker,1176.4,1065.0,611.3,623.8,1162.8
1955,137728115777913,647.4,317.3,289.8,40.2,10.0,610.1,assemble attention plan@24/?-work_queue,Prepare hardware matmul job@24/?-work_queue,645.5,526.9,271.1,278.6,632.0
1956,137728120901718,599.5,218.2,350.2,31.1,11.3,562.9,assemble attention plan@24/?-work_queue,Prepare hardware matmul job@24/?-work_queue,597.5,482.2,175.1,182.1,584.0
1957,137728126011175,1293.1,907.9,263.6,121.6,87.0,859.4,kernel_add_rmsnorm_71@25/0-worker,prepare streams@25/0-worker,1291.6,1173.6,949.5,961.4,1276.8
1958,137728131808639,1319.7,437.2,750.1,132.5,81.6,369.9,kernel_add_rmsnorm_71@25/0-worker,prepare streams@25/0-worker,1317.7,1175.1,454.0,461.4,1303.8
1959,137728137663921,1920.5,809.9,841.3,269.3,115.4,1778.9,assemble attention plan@24/?-work_queue,Prepare hardware matmul job@24/?-work_queue,1918.8,1198.2,418.8,423.5,1904.4
1960,137728144111089,1162.5,579.9,463.5,119.1,80.0,563.7,kernel_add_rmsnorm_71@25/0-worker,prepare streams@25/0-worker,1160.1,1046.1,646.0,656.7,1147.0
1961,137728149778602,1328.5,342.2,813.3,173.0,117.7,1047.9,notify_listener@25/0-worker,work_queue::do_work get_work@24/?-work_queue,1326.5,1047.9,266.0,271.5,1312.4
1962,137728155622842,1455.8,550.1,780.6,125.0,75.1,1159.5,notify_listener@25/0-worker,work_queue::do_work get_work@24/?-work_queue,1453.4,1159.5,412.9,424.6,1440.3
1963,137728161649346,1429.0,509.2,803.3,116.5,53.0,1144.8,notify_listener@25/0-worker,work_queue::do_work get_work@24/?-work_queue,1426.4,1144.8,384.5,393.6,1413.5
1964,137728167579606,2054.7,811.6,796.3,446.8,325.3,1703.2,assemble attention plan@24/?-work_queue,Prepare hardware matmul job@24/?-work_queue,2053.1,1225.2,462.3,479.9,2039.1
1965,137728174133433,1199.2,724.0,345.4,129.8,101.7,668.9,kernel_add_rmsnorm_71@25/0-worker,prepare streams@25/0-worker,1197.4,1081.9,773.3,778.7,1178.9
1966,137728179824339,1261.8,360.0,777.9,123.8,74.0,947.6,notify_listener@25/0-worker,work_queue::do_work get_work@24/?-work_queue,1260.1,947.6,216.0,222.6,1237.9
1967,137728185593083,1868.0,776.7,844.3,247.0,137.1,1695.0,assemble attention plan@24/?-work_queue,Prepare hardware matmul job@24/?-work_queue,1866.2,1232.7,440.9,453.3,1841.7
1968,137728191962551,1611.3,463.0,880.8,267.5,150.4,1426.3,assemble attention plan@24/?-work_queue,Prepare hardware matmul job@24/?-work_queue,1608.7,956.8,134.2,137.8,1587.0
1969,137728198099796,1138.2,587.2,440.2,110.8,80.0,556.3,kernel_add_rmsnorm_71@25/0-worker,prepare streams@25/0-worker,1136.3,1019.8,639.2,644.5,1118.2
1970,137728203692091,735.9,394.4,306.1,35.4,15.6,608.4,notify_listener@25/0-worker,work_queue::do_work get_work@24/?-work_queue,733.3,608.4,353.8,361.4,718.2
1971,137728208968596,481.0,166.0,282.7,32.3,12.9,434.2,assemble attention plan@24/?-work_queue,Prepare hardware matmul job@24/?-work_queue,478.6,353.6,115.8,122.9,464.4
1972,137728213918981,1545.9,475.9,778.0,292.0,128.2,1384.0,assemble attention plan@24/?-work_queue,Prepare hardware matmul job@24/?-work_queue,1542.9,904.1,187.6,231.5,1527.9
1973,137728220005262,2031.4,885.2,886.1,260.1,88.6,509.7,kernel_add_rmsnorm_71@25/0-worker,prepare streams@25/0-worker,2029.7,1440.3,699.0,611.5,2015.9
1974,137728226585822,1948.5,854.7,810.2,283.7,114.5,1806.2,assemble attention plan@24/?-work_queue,Prepare hardware matmul job@24/?-work_queue,1945.5,1251.4,482.5,489.9,1931.6
1975,137728233016745,933.5,548.1,275.9,109.4,76.7,479.4,kernel_add_rmsnorm_71@25/0-worker,prepare streams@25/0-worker,931.0,804.8,561.7,574.1,917.3
1976,137728238444182,1646.0,624.6,857.7,163.6,78.6,1364.6,notify_listener@25/0-worker,work_queue::do_work get_work@24/?-work_queue,1644.2,1364.6,571.1,583.1,1630.4
1977,137728244584501,995.2,515.1,439.0,41.1,12.7,956.2,assemble attention plan@24/?-work_queue,Prepare hardware matmul job@24/?-work_queue,992.3,871.4,635.9,659.4,980.5
1978,137728250061998,1147.0,662.8,370.5,113.7,84.8,469.3,kernel_add_rmsnorm_71@25/0-worker,prepare streams@25/0-worker,1144.4,1027.8,556.5,700.4,1130.8
1979,137728255729063,2095.7,867.8,862.9,364.9,150.5,1917.8,assemble attention plan@24/?-work_queue,Prepare hardware matmul job@24/?-work_queue,2093.3,1410.5,586.7,598.0,2078.9
1980,137728262327111,1094.3,547.9,421.5,124.9,88.9,573.3,kernel_add_rmsnorm_71@25/0-worker,prepare streams@25/0-worker,1092.4,969.0,664.4,678.6,1077.7
1981,137728267939080,1479.5,486.4,754.1,239.0,123.3,1329.1,assemble attention plan@24/?-work_queue,Prepare hardware matmul job@24/?-work_queue,1476.4,850.9,136.8,143.7,1462.4
1982,137728273924426,1558.9,512.6,789.7,256.5,133.9,1400.2,assemble attention plan@24/?-work_queue,Prepare hardware matmul job@24/?-work_queue,1556.9,909.3,154.6,161.0,1544.4
1983,137728280007156,526.2,148.3,349.0,28.9,10.8,488.9,assemble attention plan@24/?-work_queue,Prepare hardware matmul job@24/?-work_queue,522.4,410.0,102.7,112.5,508.8
1984,137728285046073,1163.4,533.4,525.5,104.5,77.7,466.4,rx collecting results@149/0-RX-38,prepare streams@25/0-worker,1161.5,1044.3,546.2,557.2,1148.0
1985,137728290735584,2073.8,878.4,870.2,325.2,127.4,1921.2,assemble attention plan@24/?-work_queue,Prepare hardware matmul job@24/?-work_queue,2071.2,1440.1,613.4,617.4,2058.4
1986,137728297301593,1117.6,653.9,363.0,100.6,68.9,599.9,kernel_add_rmsnorm_71@25/0-worker,prepare streams@25/0-worker,1115.6,995.3,671.3,683.2,1102.1
1987,137728302958115,1672.4,521.3,873.5,277.6,144.9,1501.9,assemble attention plan@24/?-work_queue,Prepare hardware matmul job@24/?-work_queue,1670.6,959.5,135.6,143.8,1656.9
1988,137728309122190,905.4,542.4,256.8,106.2,80.1,470.0,kernel_add_rmsnorm_71@25/0-worker,prepare streams@25/0-worker,903.0,784.4,551.6,557.7,888.9
1989,137728314559841,839.7,484.9,325.6,29.2,11.9,802.3,assemble attention plan@24/?-work_queue,Prepare hardware matmul job@24/?-work_queue,837.7,723.3,479.8,488.5,824.4
1990,137728319959085,477.5,179.6,262.8,35.2,11.6,358.5,notify_listener@25/0-worker,work_queue::do_work get_work@24/?-work_queue,475.1,358.5,134.9,149.5,461.9
1991,137728324940167,1504.6,497.7,763.2,243.6,128.0,1352.2,assemble attention plan@24/?-work_queue,Prepare hardware matmul job@24/?-work_queue,1502.9,864.7,142.8,149.8,1490.2
1992,137728331027168,1193.4,515.3,490.0,188.1,91.3,991.2,notify_listener@25/0-worker,work_queue::do_work get_work@24/?-work_queue,1190.9,991.2,534.7,538.1,1177.2
1993,137728336755750,712.2,364.5,315.6,32.0,11.0,675.7,assemble attention plan@24/?-work_queue,Prepare hardware matmul job@24/?-work_queue,710.2,594.6,295.3,299.3,697.5
1994,137728341995623,1129.6,269.8,832.3,27.4,11.0,1093.5,assemble attention plan@24/?-work_queue,Prepare hardware matmul job@24/?-work_queue,1127.4,1012.7,218.2,230.6,1113.7
1995,137728347628931,1456.5,579.9,760.6,116.0,66.3,1130.8,notify_listener@25/0-worker,work_queue::do_work get_work@24/?-work_queue,1455.0,1130.8,413.7,424.1,1439.7
1996,137728353587210,821.3,504.6,281.7,35.0,15.8,779.8,assemble attention plan@24/?-work_queue,Prepare hardware matmul job@24/?-work_queue,818.9,697.6,446.2,450.7,805.7
1997,137728358936090,596.6,190.8,374.0,31.9,13.8,476.4,notify_listener@25/0-worker,work_queue::do_work get_work@24/?-work_queue,594.3,476.4,167.3,170.9,580.4
1998,137728364018552,1194.7,590.6,486.5,117.6,81.8,532.6,kernel_add_rmsnorm_71@25/0-worker,prepare streams@25/0-worker,1191.8,1072.3,616.0,631.2,1178.7
1999,137728369728693,674.3,366.7,272.3,35.2,16.7,548.8,notify_listener@25/0-worker,work_queue::do_work get_work@24/?-work_queue,672.1,548.8,314.8,328.6,658.1
2000,137728374896313,1193.9,304.3,767.8,121.9,69.4,911.5,notify_listener@25/0-worker,work_queue::do_work get_work@24/?-work_queue,1191.9,911.5,190.1,196.6,1177.9
2001,137728380575103,1532.0,547.2,804.2,180.5,125.7,1229.6,notify_listener@25/0-worker,work_queue::do_work get_work@24/?-work_queue,1529.5,1229.6,486.6,499.6,1514.3
2002,137728386641565,1486.8,571.4,798.2,117.2,79.2,529.7,kernel_add_rmsnorm_71@25/0-worker,prepare streams@25/0-worker,1483.8,1368.7,611.1,625.4,1469.7
2003,137728392704601,591.5,179.6,376.4,35.6,12.3,553.2,assemble attention plan@24/?-work_queue,Prepare hardware matmul job@24/?-work_queue,589.6,474.3,121.8,126.3,575.5
2004,137728397799562,1350.9,558.0,674.8,118.0,84.9,504.9,kernel_add_rmsnorm_71@25/0-worker,prepare streams@25/0-worker,1349.1,1234.8,592.0,600.3,1335.5
2005,137728403740556,1335.3,486.0,729.7,119.5,64.1,989.9,notify_listener@25/0-worker,work_queue::do_work get_work@24/?-work_queue,1333.0,989.9,306.6,316.4,1319.5
2006,137728409556022,527.0,150.3,349.0,27.7,10.5,490.5,assemble attention plan@24/?-work_queue,Prepare hardware matmul job@24/?-work_queue,524.4,407.7,103.1,107.4,510.6
2007,137728414581983,846.0,508.1,303.2,34.6,10.5,810.3,assemble attention plan@24/?-work_queue,Prepare hardware matmul job@24/?-work_queue,844.3,727.8,470.5,478.3,830.2
2008,137728419970455,547.3,168.8,348.2,30.3,11.6,510.3,assemble attention plan@24/?-work_queue,Prepare hardware matmul job@24/?-work_queue,544.3,430.7,128.7,135.4,531.0
2009,137728425011576,1205.9,575.7,521.1,109.2,79.0,578.2,kernel_add_rmsnorm_71@25/0-worker,prepare streams@25/0-worker,1203.6,1089.6,659.8,674.9,1189.7
2010,137728430691036,1404.6,500.7,770.1,133.8,83.3,1101.6,notify_listener@25/0-worker,work_queue::do_work get_work@24/?-work_queue,1403.0,1101.6,386.0,390.1,1387.4
2011,137728436627218,1502.2,637.9,754.6,109.7,77.6,573.4,kernel_add_rmsnorm_71@25/0-worker,prepare streams@25/0-worker,1500.5,1384.4,663.5,677.1,1484.7
2012,137728442683632,2016.7,708.8,840.1,467.8,297.7,1688.0,assemble attention plan@24/?-work_queue,Prepare hardware matmul job@24/?-work_queue,2009.6,1149.2,352.6,361.0,1995.4
2013,137728449258654,1044.1,607.8,312.6,123.7,95.0,563.1,kernel_add_rmsnorm_71@25/0-worker,prepare streams@25/0-worker,1042.4,918.9,660.4,671.5,1021.6
2014,137728454833631,1663.3,603.9,800.6,258.7,131.8,1489.1,assemble attention plan@24/?-work_queue,Prepare hardware matmul job@24/?-work_queue,1661.6,959.4,212.5,219.1,1630.5
2015,137728461028849,1242.0,657.4,474.5,110.1,82.3,656.9,kernel_add_rmsnorm_71@25/0-worker,prepare streams@25/0-worker,1239.2,1117.8,740.9,744.6,1219.2
2016,137728466772344,702.9,326.0,347.0,29.9,13.1,657.3,assemble attention plan@24/?-work_queue,Prepare hardware matmul job@24/?-work_queue,700.0,576.0,267.2,272.0,680.2
2017,137728472040137,2012.7,832.4,845.2,335.1,130.5,1848.2,assemble attention plan@24/?-work_queue,Prepare hardware matmul job@24/?-work_queue,2010.3,1363.9,623.1,639.9,1988.6
2018,137728478593983,1641.7,739.8,776.1,125.9,78.5,1179.2,notify_listener@25/0-worker,work_queue::do_work get_work@24/?-work_queue,1639.2,1179.2,450.7,457.7,1596.0
2019,137728484734787,1396.9,376.5,862.7,157.7,131.4,1132.9,notify_listener@25/0-worker,work_queue::do_work get_work@24/?-work_queue,1394.5,1132.9,309.8,320.0,1370.9
2020,137728490661111,1894.5,787.5,858.4,248.7,122.7,1740.2,assemble attention plan@24/?-work_queue,Prepare hardware matmul job@24/?-work_queue,1891.6,1189.0,391.1,404.6,1872.7
2021,137728497086043,472.8,146.1,292.4,34.4,11.8,416.9,assemble attention plan@24/?-work_queue,Prepare hardware matmul job@24/?-work_queue,471.0,333.9,86.5,96.4,438.5
2022,137728502048969,1180.6,596.3,468.7,115.7,85.2,546.2,kernel_add_rmsnorm_71@25/0-worker,prepare streams@25/0-worker,1178.6,1053.0,634.1,642.2,1159.0
2023,137728507774441,1638.2,649.1,726.2,263.0,143.5,1462.6,assemble attention plan@24/?-work_queue,Prepare hardware matmul job@24/?-work_queue,1636.3,952.5,264.9,276.8,1616.5
2024,137728513895284,1683.5,714.9,840.6,127.9,65.5,956.9,notify_listener@25/0-worker,work_queue::do_work get_work@24/?-work_queue,1681.4,956.9,191.8,199.7,1665.8
2025,137728520182769,1071.8,554.7,389.9,127.2,88.6,482.6,kernel_add_rmsnorm_71@25/0-worker,prepare streams@25/0-worker,1070.2,936.6,573.8,586.5,1055.6
2026,137728525790446,1310.4,358.4,767.1,185.0,125.1,985.9,notify_listener@25/0-worker,work_queue::do_work get_work@24/?-work_queue,1308.7,985.9,255.1,264.8,1294.0
2027,137728531675359,485.4,163.1,286.6,35.7,12.1,447.5,assemble attention plan@24/?-work_queue,Prepare hardware matmul job@24/?-work_queue,482.5,361.2,116.6,123.3,469.0
2028,137728536691737,2231.1,895.4,887.1,448.6,280.1,1923.5,assemble attention plan@24/?-work_queue,Prepare hardware matmul job@24/?-work_queue,2228.8,1179.6,347.1,359.7,2214.2
2029,137728543512126,1572.7,635.1,795.0,142.7,79.2,1251.5,notify_listener@25/0-worker,work_queue::do_work get_work@24/?-work_queue,1570.6,1251.5,505.2,509.8,1556.9
2030,137728549613840,1480.5,587.9,776.3,116.3,66.5,1178.7,notify_listener@25/0-worker,work_queue::do_work get_work@24/?-work_queue,1478.2,1178.7,425.1,479.3,1463.7
2031,137728555697276,772.8,400.5,343.4,28.8,11.4,735.6,assemble attention plan@24/?-work_queue,Prepare hardware matmul job@24/?-work_queue,771.0,652.7,340.7,355.9,757.2
2032,137728561025422,2150.8,968.7,828.6,353.5,144.8,1980.0,assemble attention plan@24/?-work_queue,Prepare hardware matmul job@24/?-work_queue,2148.2,1423.4,633.5,646.4,2133.9
2033,137728567808555,676.0,297.6,340.5,37.9,14.2,548.7,notify_listener@25/0-worker,work_queue::do_work get_work@24/?-work_queue,673.7,548.7,239.3,243.8,659.9
2034,137728573017208,1226.0,580.4,521.3,124.3,94.7,527.3,kernel_add_rmsnorm_71@25/0-worker,prepare streams@25/0-worker,1223.3,1101.8,623.8,629.5,1209.1
2035,137728578832818,595.2,273.8,286.4,35.0,13.1,471.7,notify_listener@25/0-worker,work_queue::do_work get_work@24/?-work_queue,592.8,471.7,233.3,242.7,578.6
2036,137728583944299,1171.1,194.0,889.1,88.0,60.7,991.8,notify_listener@25/0-worker,work_queue::do_work get_work@24/?-work_queue,1168.9,991.8,142.2,148.8,1155.1
2037,137728589729167,732.1,362.0,331.2,39.0,12.1,612.0,notify_listener@25/0-worker,work_queue::do_work get_work@24/?-work_queue,729.5,612.0,313.5,321.0,716.4
2038,137728595042753,1200.4,644.6,434.2,121.7,92.4,584.0,kernel_add_rmsnorm_71@25/0-worker,prepare streams@25/0-worker,1198.2,1084.4,691.5,701.4,1184.8
2039,137728600810365,2084.0,905.4,832.2,346.5,117.8,1940.3,assemble attention plan@24/?-work_queue,Prepare hardware matmul job@24/?-work_queue,2082.1,1440.8,678.4,683.6,2068.2
2040,137728607429737,1644.7,696.9,755.7,192.2,71.1,1309.8,notify_listener@25/0-worker,work_queue::do_work get_work@24/?-work_queue,1643.0,1309.8,584.5,656.5,1629.0
2041,137728613629630,767.0,468.2,267.3,31.5,11.0,730.1,assemble attention plan@24/?-work_queue,Prepare hardware matmul job@24/?-work_queue,763.9,650.6,413.1,422.1,751.2
2042,137728618946562,1611.0,577.0,789.1,244.9,129.4,1455.4,assemble attention plan@24/?-work_queue,Prepare hardware matmul job@24/?-work_queue,1609.0,913.0,160.2,171.3,1594.8
2043,137728625152805,1110.9,683.8,314.9,112.1,80.3,623.5,kernel_add_rmsnorm_71@25/0-worker,prepare streams@25/0-worker,1108.7,993.2,706.1,713.8,1095.5
2044,137728630762375,2056.1,738.2,892.4,425.5,285.4,1744.3,assemble attention plan@24/?-work_queue,Prepare hardware matmul job@24/?-work_queue,2053.8,1128.1,287.0,301.1,2039.9
2045,137728637423937,1684.0,659.6,819.5,204.9,94.2,616.7,kernel_add_rmsnorm_71@25/0-worker,prepare streams@25/0-worker,1681.4,1457.7,713.5,720.1,1664.2
2046,137728643684212,1923.7,802.8,816.0,304.9,153.2,1735.0,assemble attention plan@24/?-work_queue,Prepare hardware matmul job@24/?-work_queue,1921.3,1101.2,359.7,370.8,1898.4
2047,137728650177602,1106.1,604.2,401.5,100.4,71.9,559.9,kernel_add_rmsnorm_71@25/0-worker,prepare streams@25/0-worker,1103.4,979.6,639.1,650.1,1085.2
2048,137728655791163,618.1,315.7,274.0,28.4,10.4,478.3,notify_listener@25/0-worker,work_queue::do_work get_work@24/?-work_queue,616.2,478.3,253.5,260.8,580.8
2049,137728660971182,570.7,185.4,355.6,29.8,11.2,517.8,assemble attention plan@24/?-work_queue,Prepare hardware matmul job@24/?-work_queue,568.5,431.2,123.4,132.2,538.6
2050,137728666120218,1944.1,907.2,828.4,208.5,76.2,1411.3,notify_listener@25/0-worker,work_queue::do_work get_work@24/?-work_queue,1941.8,1411.3,641.5,655.3,1919.5
2051,137728672632663,1886.7,818.0,773.5,295.3,150.3,1703.8,assemble attention plan@24/?-work_queue,Prepare hardware matmul job@24/?-work_queue,1884.1,1145.4,412.1,426.7,1865.1
2052,137728679076954,523.4,153.3,336.9,33.3,11.4,480.7,assemble attention plan@24/?-work_queue,Prepare hardware matmul job@24/?-work_queue,521.3,400.3,131.7,140.8,506.8
2053,137728684160349,1138.8,634.7,382.9,121.3,97.3,602.5,kernel_add_rmsnorm_71@25/0-worker,prepare streams@25/0-worker,1137.0,1018.9,702.3,715.9,1123.2
2054,137728689833111,1762.4,693.7,804.4,264.3,128.2,1608.8,assemble attention plan@24/?-work_queue,Prepare hardware matmul job@24/?-work_queue,1760.1,967.6,209.7,216.6,1746.9
2055,137728696175266,1125.9,594.1,432.0,99.7,71.5,557.3,kernel_add_rmsnorm_71@25/0-worker,prepare streams@25/0-worker,1123.3,1001.2,630.9,636.9,1110.1
2056,137728701863342,1250.0,300.7,808.6,140.7,61.7,968.9,notify_listener@25/0-worker,work_queue::do_work get_work@24/?-work_queue,1248.2,968.9,199.8,217.3,1235.4
2057,137728707678510,1405.9,507.0,778.2,120.7,74.9,1077.8,notify_listener@25/0-worker,work_queue::do_work get_work@24/?-work_queue,1403.3,1077.8,375.3,384.9,1390.2
2058,137728713663142,731.5,405.0,286.8,39.7,12.8,606.5,notify_listener@25/0-worker,work_queue::do_work get_work@24/?-work_queue,729.7,606.5,373.2,382.4,717.0
2059,137728718990795,536.9,159.3,351.2,26.4,10.8,499.9,assemble attention plan@24/?-work_queue,Prepare hardware matmul job@24/?-work_queue,534.1,410.7,110.2,120.3,520.8
2060,137728724096272,1144.5,539.5,459.3,145.7,102.8,477.9,kernel_add_rmsnorm_71@25/0-worker,prepare streams@25/0-worker,1142.1,1003.1,583.0,594.5,1128.0
2061,137728729818903,1846.1,645.0,905.9,295.3,161.2,1660.1,assemble attention plan@24/?-work_queue,Prepare hardware matmul job@24/?-work_queue,1844.3,1092.9,234.2,249.2,1830.8
2062,137728736241913,1830.1,842.9,791.0,196.3,86.4,559.6,kernel_add_rmsnorm_71@25/0-worker,prepare streams@25/0-worker,1827.5,1430.1,649.1,704.8,1812.2
2063,137728742658759,1810.7,759.5,789.8,261.5,158.6,1624.9,assemble attention plan@24/?-work_queue,Prepare hardware matmul job@24/?-work_queue,1808.5,1127.4,380.6,437.8,1794.6
2064,137728749095301,1127.6,578.5,427.9,121.2,90.9,477.4,kernel_add_rmsnorm_71@25/0-worker,prepare streams@25/0-worker,1125.9,1007.0,576.9,617.3,1111.7
2065,137728754796242,1942.6,881.1,704.2,357.2,125.5,1789.7,assemble attention plan@24/?-work_queue,Prepare hardware matmul job@24/?-work_queue,1940.0,1264.3,546.6,608.0,1925.5
2066,137728761323712,1092.7,611.8,366.8,114.1,86.6,572.8,kernel_add_rmsnorm_71@25/0-worker,prepare streams@25/0-worker,1091.1,973.2,661.8,666.1,1076.3
2067,137728767003232,1109.1,187.5,794.5,127.1,54.5,857.5,notify_listener@25/0-worker,work_queue::do_work get_work@24/?-work_queue,1106.8,857.5,114.5,120.1,1093.0
2068,137728772710922,1367.4,516.3,747.8,103.2,61.4,1070.1,notify_listener@25/0-worker,work_queue::do_work get_work@24/?-work_queue,1365.1,1070.1,325.1,365.2,1351.2
2069,137728778676272,797.4,423.1,347.7,26.7,12.0,759.5,assemble attention plan@24/?-work_queue,Prepare hardware matmul job@24/?-work_queue,795.2,683.0,365.1,369.6,781.5
2070,137728784036211,1207.3,810.2,279.9,117.2,86.2,650.8,kernel_add_rmsnorm_71@25/0-worker,prepare streams@25/0-worker,1205.2,1089.9,738.5,881.9,1191.8
2071,137728789834001,1283.4,297.1,879.7,106.6,70.4,1072.8,notify_listener@25/0-worker,work_queue::do_work get_work@24/?-work_queue,1280.8,1072.8,325.9,383.3,1266.7
2072,137728795701068,449.0,153.8,262.1,33.1,13.8,409.0,assemble attention plan@24/?-work_queue,Prepare hardware matmul job@24/?-work_queue,446.3,320.6,95.6,108.6,432.7
2073,137728800720788,752.1,380.2,345.0,26.9,9.7,630.6,notify_listener@25/0-worker,work_queue::do_work get_work@24/?-work_queue,749.2,630.6,317.1,336.3,735.5
2074,137728806045392,1148.4,550.1,480.3,118.1,83.4,449.6,kernel_add_rmsnorm_71@25/0-worker,prepare streams@25/0-worker,1146.2,1031.1,535.2,581.9,1132.2
2075,137728811795700,1289.3,401.1,772.0,116.2,70.1,979.5,notify_listener@25/0-worker,work_queue::do_work get_work@24/?-work_queue,1287.2,979.5,251.4,257.1,1273.3
2076,137728817682212,1427.4,481.1,812.2,134.1,64.3,1134.4,notify_listener@25/0-worker,work_queue::do_work get_work@24/?-work_queue,1425.4,1134.4,356.4,417.4,1412.2
2077,137728823712619,1399.2,378.9,904.3,116.0,56.9,1180.9,notify_listener@25/0-worker,work_queue::do_work get_work@24/?-work_queue,1396.9,1180.9,335.4,349.1,1383.0
2078,137728829707021,1399.3,404.1,825.8,169.4,130.3,1112.5,notify_listener@25/0-worker,work_queue::do_work get_work@24/?-work_queue,1397.1,1112.5,337.4,348.4,1384.0
2079,137728835729248,1921.7,782.1,857.5,282.0,154.6,1740.2,assemble attention plan@24/?-work_queue,Prepare hardware matmul job@24/?-work_queue,1919.5,1156.8,352.1,365.6,1905.2
2080,137728842223774,1094.2,546.7,433.2,114.3,85.6,562.0,kernel_add_rmsnorm_71@25/0-worker,prepare streams@25/0-worker,1091.3,977.6,650.9,654.6,1078.3
2081,137728847894020,1599.3,561.8,792.0,245.6,129.1,1443.6,assemble attention plan@24/?-work_queue,Prepare hardware matmul job@24/?-work_queue,1596.6,905.4,169.9,185.9,1583.4
2082,137728854096046,1185.7,600.7,454.7,130.3,96.3,537.3,kernel_add_rmsnorm_71@25/0-worker,prepare streams@25/0-worker,1183.3,1062.9,636.0,643.4,1168.0
2083,137728859896775,615.9,244.1,337.4,34.5,12.9,490.9,notify_listener@25/0-worker,work_queue::do_work get_work@24/?-work_queue,613.0,490.9,187.2,192.3,600.3
2084,137728865094418,1166.1,571.4,476.7,118.0,87.7,501.8,kernel_add_rmsnorm_71@25/0-worker,prepare streams@25/0-worker,1163.6,1048.7,592.4,600.7,1149.8
2085,137728870863513,1776.0,498.8,1001.3,276.0,119.4,1630.2,assemble attention plan@24/?-work_queue,Prepare hardware matmul job@24/?-work_queue,1773.6,1083.3,214.1,218.0,1760.2
2086,137728877239619,1086.5,604.6,360.0,121.8,89.5,515.5,kernel_add_rmsnorm_71@25/0-worker,prepare streams@25/0-worker,1083.8,946.8,607.3,620.0,1069.6
2087,137728882921584,1247.4,344.5,746.1,156.8,133.6,952.4,notify_listener@25/0-worker,work_queue::do_work get_work@24/?-work_queue,1244.9,952.4,106.5,114.1,1231.3
2088,137728888737258,688.2,382.9,271.4,33.9,11.8,648.1,assemble attention plan@24/?-work_queue,Prepare hardware matmul job@24/?-work_queue,685.1,554.2,303.9,312.8,669.9
2089,137728893985556,1661.6,570.4,749.7,341.4,144.6,820.3,notify_listener@25/0-worker,work_queue::do_work get_work@24/?-work_queue,1660.1,820.3,115.4,127.5,1647.2
2090,137728900260339,1069.9,602.0,337.0,130.8,93.6,535.1,kernel_add_rmsnorm_71@25/0-worker,prepare streams@25/0-worker,1067.4,943.9,634.4,650.3,1053.9
2091,137728905907031,1195.8,275.4,798.5,122.0,76.8,943.7,notify_listener@25/0-worker,work_queue::do_work get_work@24/?-work_queue,1194.3,943.7,182.9,238.1,1181.2
2092,137728911682428,548.5,154.8,274.3,119.4,93.2,342.4,notify_listener@25/0-worker,work_queue::do_work get_work@24/?-work_queue,546.1,342.4,113.5,117.9,531.5
2093,137728916802175,1295.3,370.7,789.5,135.1,55.2,1008.3,notify_listener@25/0-worker,work_queue::do_work get_work@24/?-work_queue,1293.9,1008.3,253.0,257.6,1277.4
2094,137728922665251,1813.4,716.2,828.8,268.3,144.5,1642.5,assemble attention plan@24/?-work_queue,Prepare hardware matmul job@24/?-work_queue,1811.0,1164.2,369.4,379.9,1797.1
2095,137728929099238,1168.7,604.0,442.0,122.6,92.0,541.5,kernel_add_rmsnorm_71@25/0-worker,prepare streams@25/0-worker,1166.1,1050.7,636.4,641.2,1152.5
2096,137728934846361,1275.5,253.0,874.3,148.2,126.6,1027.1,notify_listener@25/0-worker,work_queue::do_work get_work@24/?-work_queue,1273.2,1027.1,207.4,216.4,1260.6
2097,137728940716492,746.1,325.8,372.2,48.1,11.7,707.4,assemble attention plan@24/?-work_queue,Prepare hardware matmul job@24/?-work_queue,743.7,625.6,327.7,335.0,729.5
2098,137728946009090,1261.0,715.4,422.6,122.9,85.9,696.0,kernel_add_rmsnorm_71@25/0-worker,prepare streams@25/0-worker,1259.1,1138.8,784.5,791.2,1245.1
2099,137728951856264,1696.4,581.7,825.1,289.6,144.2,1510.7,assemble attention plan@24/?-work_queue,Prepare hardware matmul job@24/?-work_queue,1692.3,982.1,209.7,216.0,1665.0
2100,137728958116416,1148.0,651.1,359.7,137.2,100.9,584.7,kernel_add_rmsnorm_71@25/0-worker,prepare streams@25/0-worker,1145.3,1017.8,688.4,692.4,1126.2
2101,137728963854421,1677.3,562.0,856.8,258.6,132.7,1510.8,assemble attention plan@24/?-work_queue,Prepare hardware matmul job@24/?-work_queue,1675.6,1001.1,209.1,217.5,1654.5
2102,137728970099455,1149.1,575.2,456.2,117.7,82.2,496.7,kernel_add_rmsnorm_71@25/0-worker,prepare streams@25/0-worker,1146.6,1011.5,581.6,591.0,1121.5
2103,137728975816993,1325.6,264.8,933.7,127.1,88.1,1075.7,notify_listener@25/0-worker,work_queue::do_work get_work@24/?-work_queue,1323.8,1075.7,326.0,346.3,1288.7
2104,137728981721893,1402.9,357.6,889.6,155.7,133.8,1152.0,notify_listener@25/0-worker,work_queue::do_work get_work@24/?-work_queue,1399.9,1152.0,321.3,328.3,1382.2
2105,137728987719974,1398.9,447.0,821.8,130.1,78.3,1091.4,notify_listener@25/0-worker,work_queue::do_work get_work@24/?-work_queue,1396.5,1091.4,334.5,339.4,1365.3
2106,137728993680647,620.7,157.6,434.9,28.2,10.5,572.4,assemble attention plan@24/?-work_queue,Prepare hardware matmul job@24/?-work_queue,618.9,489.8,110.0,116.3,593.4
2107,137728998878338,1230.5,356.8,730.1,143.6,74.0,934.5,notify_listener@25/0-worker,work_queue::do_work get_work@24/?-work_queue,1227.0,934.5,167.2,179.7,1206.6
2108,137729004681570,720.4,415.0,270.2,35.2,16.2,671.1,assemble attention plan@24/?-work_queue,Prepare hardware matmul job@24/?-work_queue,718.7,591.0,354.8,360.5,703.2
2109,137729010035697,1188.2,575.2,493.3,119.8,88.6,512.8,kernel_add_rmsnorm_71@25/0-worker,prepare streams@25/0-worker,1185.9,1059.4,603.0,607.8,1172.1
2110,137729015771555,1343.2,364.0,859.7,119.5,62.4,1094.8,notify_listener@25/0-worker,work_queue::do_work get_work@24/?-work_queue,1341.2,1094.8,270.7,277.0,1328.8
2111,137729021694888,773.8,413.2,335.7,24.9,9.4,739.3,assemble attention plan@24/?-work_queue,Prepare hardware matmul job@24/?-work_queue,771.9,646.0,342.0,347.4,758.9
2112,137729027076583,1208.9,564.6,519.2,125.1,86.5,557.9,kernel_add_rmsnorm_71@25/0-worker,prepare streams@25/0-worker,1207.0,1085.9,657.0,667.5,1192.4
2113,137729032870047,1788.7,621.7,880.4,286.6,154.5,1608.0,assemble attention plan@24/?-work_queue,Prepare hardware matmul job@24/?-work_queue,1786.7,1009.8,216.8,224.5,1772.7
2114,137729039253320,1072.7,641.2,291.0,140.5,110.7,526.4,kernel_add_rmsnorm_71@25/0-worker,prepare streams@25/0-worker,1071.1,949.0,655.8,712.8,1057.7
2115,137729044932695,1163.5,244.6,770.7,148.2,100.4,839.3,notify_listener@25/0-worker,work_queue::do_work get_work@24/?-work_queue,1161.9,839.3,123.9,135.6,1146.7
2116,137729050664444,1430.8,471.5,820.1,139.2,69.4,1152.2,notify_listener@25/0-worker,work_queue::do_work get_work@24/?-work_queue,1428.7,1152.2,381.9,396.1,1414.5
2117,137729056697717,1900.5,795.7,817.0,287.9,148.2,1726.3,assemble attention plan@24/?-work_queue,Prepare hardware matmul job@24/?-work_queue,1898.2,1121.7,363.9,376.0,1884.7
2118,137729063178045,1149.2,672.8,359.9,116.5,85.0,485.8,kernel_add_rmsnorm_71@25/0-worker,prepare streams@25/0-worker,1147.2,1029.8,702.2,713.1,1134.3
2119,137729068920176,531.6,157.2,345.7,28.7,11.5,493.3,assemble attention plan@24/?-work_queue,Prepare hardware matmul job@24/?-work_queue,529.1,409.9,104.9,112.3,515.0
2120,137729074019904,1198.2,550.0,538.2,110.0,78.4,473.7,kernel_add_rmsnorm_71@25/0-worker,prepare streams@25/0-worker,1198.0,1072.7,560.1,570.3,1182.0
2121,137729079807129,1308.8,290.8,894.0,124.0,71.8,1089.7,notify_listener@25/0-worker,work_queue::do_work get_work@24/?-work_queue,1306.2,1089.7,250.0,255.4,1293.0
2122,137729085671300,1870.3,828.2,782.2,259.8,117.7,1726.9,assemble attention plan@24/?-work_queue,Prepare hardware matmul job@24/?-work_queue,1868.8,1130.2,393.7,400.8,1855.0
2123,137729092179077,1064.1,572.3,376.0,115.7,82.7,501.3,kernel_add_rmsnorm_71@25/0-worker,prepare streams@25/0-worker,1062.3,944.4,586.0,591.8,1048.6
2124,137729097800396,605.1,266.9,303.0,35.1,14.6,481.0,notify_listener@25/0-worker,work_queue::do_work get_work@24/?-work_queue,602.6,481.0,240.2,245.4,589.0
2125,137729103038095,1216.4,748.8,351.7,116.0,80.0,678.6,kernel_add_rmsnorm_71@25/0-worker,prepare streams@25/0-worker,1214.2,1092.8,760.0,823.2,1198.9
2126,137729108835555,1289.6,289.7,947.4,52.5,29.7,1150.3,notify_listener@25/0-worker,work_queue::do_work get_work@24/?-work_queue,1287.9,1150.3,243.5,251.7,1274.2
2127,137729114724902,1770.4,705.1,765.0,300.3,172.3,1571.8,assemble attention plan@24/?-work_queue,Prepare hardware matmul job@24/?-work_queue,1767.7,1049.2,316.6,329.9,1754.0
2128,137729121147785,1137.0,616.6,399.6,120.9,86.3,534.3,kernel_add_rmsnorm_71@25/0-worker,prepare streams@25/0-worker,1135.2,1015.6,638.8,650.5,1122.5
2129,137729126834169,1277.3,334.6,784.1,158.7,83.5,999.8,notify_listener@25/0-worker,work_queue::do_work get_work@24/?-work_queue,1275.2,999.8,254.9,264.8,1261.2
2130,137729132700776,702.7,386.2,272.8,43.8,12.9,573.9,notify_listener@25/0-worker,work_queue::do_work get_work@24/?-work_queue,700.3,573.9,349.6,356.6,685.8
2131,137729138003632,1108.6,160.5,827.8,120.3,85.0,893.8,notify_listener@25/0-worker,work_queue::do_work get_work@24/?-work_queue,1106.7,893.8,133.8,141.6,1092.2
2132,137729143724572,593.4,170.6,384.3,38.5,13.8,469.4,notify_listener@25/0-worker,work_queue::do_work get_work@24/?-work_queue,590.6,469.4,135.6,146.8,576.4
2133,137729148890294,1645.2,576.2,790.6,278.3,139.0,1480.0,assemble attention plan@24/?-work_queue,Prepare hardware matmul job@24/?-work_queue,1642.5,927.3,184.0,291.0,1629.4
2134,137729155174005,1101.6,713.1,269.0,119.5,87.5,650.2,kernel_add_rmsnorm_71@25/0-worker,prepare streams@25/0-worker,1099.4,983.6,740.3,744.7,1086.6
2135,137729160878926,1225.6,250.1,836.5,139.0,70.1,995.3,notify_listener@25/0-worker,work_queue::do_work get_work@24/?-work_queue,1224.1,995.3,205.1,209.6,1210.2
2136,137729166691109,2121.9,942.6,833.2,346.1,132.6,1962.1,assemble attention plan@24/?-work_queue,Prepare hardware matmul job@24/?-work_queue,2119.9,1461.0,679.2,689.5,2105.4
2137,137729173416945,1665.8,690.9,774.9,200.0,75.2,516.8,kernel_add_rmsnorm_71@25/0-worker,prepare streams@25/0-worker,1663.8,1332.6,594.5,599.9,1650.5
2138,137729179705028,693.8,372.3,286.8,34.7,10.5,574.2,notify_listener@25/0-worker,work_queue::do_work get_work@24/?-work_queue,691.4,574.2,336.8,347.3,677.3
2139,137729184993705,1135.5,273.9,808.7,52.9,31.0,992.6,notify_listener@25/0-worker,work_queue::do_work get_work@24/?-work_queue,1132.4,992.6,225.3,237.8,1118.5
2140,137729190706188,1399.0,434.7,809.4,154.8,101.6,1100.0,notify_listener@25/0-worker,work_queue::do_work get_work@24/?-work_queue,1396.7,1100.0,344.4,352.9,1381.9
2141,137729196717729,775.4,388.0,343.7,43.7,16.6,632.9,notify_listener@25/0-worker,work_queue::do_work get_work@24/?-work_queue,771.9,632.9,330.2,337.7,746.0
2142,137729202069929,1199.8,598.1,483.8,117.9,88.1,557.9,kernel_add_rmsnorm_71@25/0-worker,prepare streams@25/0-worker,1197.5,1057.5,649.1,654.5,1176.8
2143,137729207886396,1240.5,239.8,845.1,155.6,136.0,984.3,notify_listener@25/0-worker,work_queue::do_work get_work@24/?-work_queue,1237.7,984.3,167.5,172.3,1217.3
2144,137729213715405,759.1,381.3,348.4,29.3,9.6,715.9,assemble attention plan@24/?-work_queue,Prepare hardware matmul job@24/?-work_queue,757.5,634.4,332.1,338.4,736.4
2145,137729219071720,1190.4,536.0,527.7,126.6,87.2,467.0,kernel_add_rmsnorm_71@25/0-worker,prepare streams@25/0-worker,1188.3,1052.7,556.7,566.7,1165.8
2146,137729224876047,1253.2,225.6,996.0,31.6,11.4,1208.1,assemble attention plan@24/?-work_queue,Prepare hardware matmul job@24/?-work_queue,1250.6,1128.6,225.8,247.0,1230.3
2147,137729230748096,741.7,360.8,342.4,38.4,10.6,696.5,assemble attention plan@24/?-work_queue,Prepare hardware matmul job@24/?-work_queue,740.2,616.8,307.4,314.6,716.6
2148,137729236049979,1192.3,566.4,517.9,108.0,83.1,471.9,kernel_add_rmsnorm_71@25/0-worker,prepare streams@25/0-worker,1190.0,1059.9,570.0,584.2,1157.1
2149,137729241857544,565.4,252.3,278.2,34.8,13.1,420.7,notify_listener@25/0-worker,work_queue::do_work get_work@24/?-work_queue,562.7,420.7,183.1,186.9,530.4
2150,137729246990429,1608.9,525.1,800.4,283.4,156.1,1421.8,assemble attention plan@24/?-work_queue,Prepare hardware matmul job@24/?-work_queue,1606.3,865.2,114.5,127.3,1592.1
2151,137729253223808,1065.3,594.3,342.9,128.0,95.8,560.0,kernel_add_rmsnorm_71@25/0-worker,prepare streams@25/0-worker,1063.6,933.2,658.7,667.4,1048.3
2152,137729258862252,644.2,233.4,381.6,29.1,10.8,600.0,assemble attention plan@24/?-work_queue,Prepare hardware matmul job@24/?-work_queue,642.0,519.0,181.1,196.2,627.0
2153,137729264156675,1075.7,543.8,425.1,106.8,82.3,465.3,kernel_add_rmsnorm_71@25/0-worker,prepare streams@25/0-worker,1074.1,953.4,550.4,561.6,1061.2
2154,137729269865658,1236.2,287.1,824.8,124.2,66.8,964.7,notify_listener@25/0-worker,work_queue::do_work get_work@24/?-work_queue,1234.1,964.7,208.6,250.0,1219.8
2155,137729275720992,1385.2,408.8,848.3,128.1,80.2,1117.5,notify_listener@25/0-worker,work_queue::do_work get_work@24/?-work_queue,1382.5,1117.5,327.2,333.3,1368.2
2156,137729281711248,1395.2,498.6,720.5,176.0,117.7,1073.7,notify_listener@25/0-worker,work_queue::do_work get_work@24/?-work_queue,1392.4,1073.7,341.4,355.7,1379.3
2157,137729287770324,1323.3,413.4,785.1,124.8,76.8,1023.9,notify_listener@25/0-worker,work_queue::do_work get_work@24/?-work_queue,1321.2,1023.9,271.2,278.4,1308.5
2158,137729293675507,1420.5,473.3,833.4,113.8,59.1,1134.4,notify_listener@25/0-worker,work_queue::do_work get_work@24/?-work_queue,1417.7,1134.4,370.5,377.5,1403.5
2159,137729299715280,1818.1,715.3,843.9,258.9,141.2,1651.4,assemble attention plan@24/?-work_queue,Prepare hardware matmul job@24/?-work_queue,1816.3,1139.0,325.1,329.6,1802.7
2160,137729306111062,1195.2,734.7,349.8,110.7,83.6,636.7,kernel_add_rmsnorm_71@25/0-worker,prepare streams@25/0-worker,1192.3,1076.8,723.0,785.9,1178.0
2161,137729311882753,1205.9,350.0,744.6,111.2,64.3,908.7,notify_listener@25/0-worker,work_queue::do_work get_work@24/?-work_queue,1203.1,908.7,165.4,214.7,1189.0
2162,137729317698038,521.3,152.0,339.0,30.2,10.5,484.7,assemble attention plan@24/?-work_queue,Prepare hardware matmul job@24/?-work_queue,519.4,401.9,98.6,115.4,505.2
2163,137729322852018,1733.4,582.0,841.3,310.1,148.6,1559.8,assemble attention plan@24/?-work_queue,Prepare hardware matmul job@24/?-work_queue,1731.7,992.2,236.0,249.4,1719.2
2164,137729329284228,1100.5,555.0,425.9,119.7,86.8,563.5,kernel_add_rmsnorm_71@25/0-worker,prepare streams@25/0-worker,1098.4,981.9,668.0,681.1,1085.0
2165,137729335038202,1175.7,525.4,526.6,123.7,92.0,456.9,kernel_add_rmsnorm_71@25/0-worker,prepare streams@25/0-worker,1173.5,1053.5,550.3,555.1,1159.9
2166,137729340834192,1548.2,521.2,755.7,271.3,151.2,1371.0,assemble attention plan@24/?-work_queue,Prepare hardware matmul job@24/?-work_queue,1546.4,934.9,222.9,229.0,1533.0
2167,137729347039651,1177.0,539.4,516.1,121.5,89.6,525.1,kernel_add_rmsnorm_71@25/0-worker,prepare streams@25/0-worker,1174.4,1057.1,616.4,622.1,1161.0
2168,137729352865266,1239.7,290.9,818.7,130.1,77.5,959.1,notify_listener@25/0-worker,work_queue::do_work get_work@24/?-work_queue,1237.2,959.1,197.7,210.0,1222.3
2169,137729358765581,1711.1,670.5,795.9,244.6,131.2,1553.5,assemble attention plan@24/?-work_queue,Prepare hardware matmul job@24/?-work_queue,1709.1,1039.2,287.0,301.1,1694.9
2170,137729365135670,1128.8,528.0,479.4,121.5,83.6,470.0,kernel_add_rmsnorm_71@25/0-worker,prepare streams@25/0-worker,1126.3,1003.3,556.4,560.8,1111.8
2171,137729370914889,1193.0,218.5,826.3,148.2,89.1,949.3,notify_listener@25/0-worker,work_queue::do_work get_work@24/?-work_queue,1191.1,949.3,192.8,197.7,1177.1
2172,137729376701894,2037.6,674.1,896.7,466.8,313.8,1698.2,assemble attention plan@24/?-work_queue,Prepare hardware matmul job@24/?-work_queue,2035.5,1198.3,340.6,362.4,2021.9
2173,137729383375230,1717.8,702.7,809.8,205.3,69.3,1404.7,notify_listener@25/0-worker,work_queue::do_work get_work@24/?-work_queue,1715.8,1404.7,639.0,644.0,1701.8
2174,137729389713355,1769.1,683.5,816.0,269.6,147.0,1595.4,assemble attention plan@24/?-work_queue,Prepare hardware matmul job@24/?-work_queue,1766.9,1100.7,332.8,339.3,1752.2
2175,137729396128933,1144.5,514.9,516.3,113.3,82.6,492.0,kernel_add_rmsnorm_71@25/0-worker,prepare streams@25/0-worker,1142.9,1021.5,577.2,583.6,1129.4
2176,137729401896959,1285.8,572.2,591.3,122.2,89.9,494.8,kernel_add_rmsnorm_71@25/0-worker,prepare streams@25/0-worker,1283.5,1162.5,587.1,596.4,1269.7
2177,137729407797860,1311.1,339.3,831.1,140.7,91.4,1054.2,notify_listener@25/0-worker,work_queue::do_work get_work@24/?-work_queue,1308.4,1054.2,270.6,285.5,1295.4
2178,137729413744294,732.3,355.0,341.5,35.8,10.5,694.1,assemble attention plan@24/?-work_queue,Prepare hardware matmul job@24/?-work_queue,730.8,609.2,301.1,305.4,715.3
2179,137729419113066,1952.2,856.8,853.1,242.3,96.9,600.5,kernel_add_rmsnorm_71@25/0-worker,prepare streams@25/0-worker,1949.8,1441.6,700.5,708.7,1935.5
2180,137729425690632,1400.4,457.3,811.4,131.7,63.4,1111.6,notify_listener@25/0-worker,work_queue::do_work get_work@24/?-work_queue,1398.6,1111.6,346.1,353.1,1394.7
2181,137729431721875,1456.7,597.1,742.8,116.9,84.4,625.0,kernel_add_rmsnorm_71@25/0-worker,prepare streams@25/0-worker,1454.2,1336.3,711.1,715.9,1440.0
2182,137729437938840,1251.6,551.7,585.3,114.6,81.5,507.4,kernel_add_rmsnorm_71@25/0-worker,prepare streams@25/0-worker,1249.8,1132.3,590.1,593.4,1235.7
2183,137729444049935,1236.4,627.9,482.4,126.1,90.4,589.5,kernel_add_rmsnorm_71@25/0-worker,prepare streams@25/0-worker,1234.4,1119.1,682.7,687.8,1221.1
2184,137729450354854,2113.2,873.6,897.8,341.8,132.5,1954.8,assemble attention plan@24/?-work_queue,Prepare hardware matmul job@24/?-work_queue,2110.7,1501.5,658.2,664.0,2097.4
2185,137729457672598,1433.6,437.8,865.1,130.8,66.7,1184.8,notify_listener@25/0-worker,work_queue::do_work get_work@24/?-work_queue,1432.1,1184.8,400.0,416.0,1419.0
2186,137729464315924,1051.9,598.2,340.9,112.8,71.9,543.6,kernel_add_rmsnorm_71@25/0-worker,prepare streams@25/0-worker,1049.8,930.2,618.4,629.6,1035.0
2187,137729470550364,918.3,536.5,346.4,35.4,13.0,798.7,notify_listener@25/0-worker,work_queue::do_work get_work@24/?-work_queue,916.6,798.7,488.6,500.4,902.6
2188,137729476665134,724.5,418.3,264.9,41.3,16.0,681.5,assemble attention plan@24/?-work_queue,Prepare hardware matmul job@24/?-work_queue,722.8,597.0,375.0,379.1,708.1
2189,137729482654464,820.7,438.8,349.2,32.7,10.3,779.5,assemble attention plan@24/?-work_queue,Prepare hardware matmul job@24/?-work_queue,817.6,697.6,386.6,390.6,800.0
2190,137729488780623,501.6,153.1,320.0,28.5,10.8,458.2,assemble attention plan@24/?-work_queue,Prepare hardware matmul job@24/?-work_queue,499.4,375.0,96.3,101.5,478.7
2191,137729494583654,1865.4,791.0,797.3,277.0,151.1,1687.6,assemble attention plan@24/?-work_queue,Prepare hardware matmul job@24/?-work_queue,1862.6,1198.8,454.8,464.3,1848.4
2192,137729502050456,586.1,63.7,520.6,1.8,1.7,101.8,rx collecting results@150/0-RX-3b,prepare streams@25/0-worker,109.2,586.1,105.4,109.2,
2193,137729504174787,581.1,393.7,10.0,177.4,142.3,409.2,assemble attention plan@24/?-work_queue,Prepare hardware matmul job@24/?-work_queue,574.5,,,,
2194,137729510056674,1165.3,560.5,486.4,118.5,87.5,483.7,kernel_add_rmsnorm_71@25/0-worker,prepare streams@25/0-worker,1162.9,1036.9,573.4,651.3,1143.2
2195,137729516495603,1583.2,660.8,777.0,145.5,70.8,1263.2,notify_listener@25/0-worker,work_queue::do_work get_work@24/?-work_queue,1580.4,1263.2,520.4,542.7,1560.2
2196,137729523282847,1818.3,770.2,839.2,208.9,86.7,541.0,kernel_add_rmsnorm_71@25/0-worker,prepare streams@25/0-worker,1816.6,1419.3,630.0,634.6,1778.1
2197,137729530284957,1008.9,547.1,324.4,137.3,105.1,459.3,kernel_add_rmsnorm_71@25/0-worker,prepare streams@25/0-worker,1006.7,862.7,569.5,580.0,972.0
2198,137729536347719,982.3,553.9,310.7,117.7,86.4,506.4,kernel_add_rmsnorm_71@25/0-worker,prepare streams@25/0-worker,979.7,854.2,595.9,602.6,959.8
2199,137729542482922,2048.1,897.9,859.0,291.2,132.1,1871.2,assemble attention plan@24/?-work_queue,Prepare hardware matmul job@24/?-work_queue,2045.8,1344.5,534.3,547.2,2013.2
2200,137729549529725,1987.5,938.5,790.0,258.9,137.5,1811.1,assemble attention plan@24/?-work_queue,Prepare hardware matmul job@24/?-work_queue,1984.7,1251.0,489.6,495.3,1958.6
2201,137729556532113,1586.8,559.9,864.0,162.8,114.6,1309.8,notify_listener@25/0-worker,work_queue::do_work get_work@24/?-work_queue,1584.3,1309.8,506.3,516.2,1562.8
2202,137729563223688,1113.0,679.2,315.7,118.1,87.7,623.2,kernel_add_rmsnorm_71@25/0-worker,prepare streams@25/0-worker,1111.1,985.8,712.9,723.4,1091.5
2203,137729569572635,1527.7,586.0,809.7,132.0,68.5,1213.8,notify_listener@25/0-worker,work_queue::do_work get_work@24/?-work_queue,1525.6,1213.8,462.7,469.6,1511.4
2204,137729576384931,2240.1,1038.9,799.8,401.4,148.4,2055.3,assemble attention plan@24/?-work_queue,Prepare hardware matmul job@24/?-work_queue,2237.9,1391.1,628.7,633.6,2223.0
2205,137729584030595,564.1,163.8,363.4,36.9,17.3,521.4,assemble attention plan@24/?-work_queue,Prepare hardware matmul job@24/?-work_queue,561.9,422.8,117.4,121.9,548.3
2206,137729589655435,1440.9,611.5,710.3,119.1,69.4,1119.5,notify_listener@25/0-worker,work_queue::do_work get_work@24/?-work_queue,1438.2,1119.5,384.9,399.5,1423.8
2207,137729596306155,871.6,154.9,688.2,28.6,10.9,835.5,assemble attention plan@24/?-work_queue,Prepare hardware matmul job@24/?-work_queue,869.8,743.9,100.8,105.7,856.4
2208,137729602515698,2525.2,1240.9,954.3,330.0,101.5,544.3,kernel_add_rmsnorm_71@25/0-worker,prepare streams@25/0-worker,2523.1,1562.3,648.3,655.0,2509.0
2209,137729610158039,1108.0,613.1,360.6,134.3,93.0,567.3,kernel_add_rmsnorm_71@25/0-worker,prepare streams@25/0-worker,1105.9,971.8,663.0,668.0,1092.4
2210,137729616437843,2180.5,999.7,890.4,290.4,165.6,1989.8,assemble attention plan@24/?-work_queue,Prepare hardware matmul job@24/?-work_queue,2178.3,1435.2,593.8,677.7,2165.4
2211,137729623742949,666.5,365.7,271.9,28.9,11.0,629.5,assemble attention plan@24/?-work_queue,Prepare hardware matmul job@24/?-work_queue,664.8,549.4,304.7,318.4,650.6
2212,137729629410905,956.9,547.9,329.3,79.7,24.5,581.6,kernel_add_rmsnorm_71@25/0-worker,prepare streams@25/0-worker,954.5,831.9,607.8,618.7,940.3
2213,137729635432201,929.6,579.8,235.9,113.9,82.8,471.0,kernel_add_rmsnorm_71@25/0-worker,prepare streams@25/0-worker,927.0,807.8,556.0,607.1,912.4
2214,137729640993312,544.0,163.4,351.1,29.5,11.3,506.1,assemble attention plan@24/?-work_queue,Prepare hardware matmul job@24/?-work_queue,541.8,425.4,117.6,126.6,528.4
2215,137729646165603,1015.7,569.6,333.3,112.9,82.8,497.5,kernel_add_rmsnorm_71@25/0-worker,prepare streams@25/0-worker,1012.9,886.9,582.9,588.2,999.1
2216,137729652418359,1030.2,557.7,352.7,119.9,88.2,478.7,kernel_add_rmsnorm_71@25/0-worker,prepare streams@25/0-worker,1028.0,904.3,569.7,585.6,1014.1
2217,137729658064530,1792.3,975.5,443.6,373.3,157.3,1609.1,assemble attention plan@24/?-work_queue,Prepare hardware matmul job@24/?-work_queue,1789.7,1077.0,660.7,670.1,1776.5
2218,137729664520326,1556.5,685.6,752.7,118.2,58.8,1228.7,notify_listener@25/0-worker,work_queue::do_work get_work@24/?-work_queue,1553.9,1228.7,499.4,508.8,1539.7
2219,137729670678116,1401.2,498.3,768.9,134.0,61.8,1087.0,notify_listener@25/0-worker,work_queue::do_work get_work@24/?-work_queue,1398.7,1087.0,362.7,369.2,1384.3
2220,137729676764468,1709.6,684.5,774.7,250.5,137.6,1544.3,assemble attention plan@24/?-work_queue,Prepare hardware matmul job@24/?-work_queue,1707.2,1016.9,276.1,289.0,1692.9
2221,137729683086197,1338.7,772.7,437.5,128.6,89.7,808.5,kernel_add_rmsnorm_71@25/0-worker,prepare streams@25/0-worker,1336.9,1209.3,900.3,916.0,1322.7
2222,137729689112851,1180.8,598.8,447.2,134.9,103.1,528.6,kernel_add_rmsnorm_71@25/0-worker,prepare streams@25/0-worker,1178.3,1051.4,634.2,638.0,1163.5
2223,137729694909107,1649.7,520.7,820.1,308.9,131.3,1490.8,assemble attention plan@24/?-work_queue,Prepare hardware matmul job@24/?-work_queue,1646.9,934.9,156.6,165.1,1632.3
2224,137729701252979,1070.8,527.5,403.4,139.8,101.9,503.5,kernel_add_rmsnorm_71@25/0-worker,prepare streams@25/0-worker,1068.4,947.2,607.1,613.7,1055.2
2225,137729706973542,2065.1,985.3,799.5,280.3,92.5,1946.3,assemble attention plan@24/?-work_queue,Prepare hardware matmul job@24/?-work_queue,2062.4,1432.5,671.7,681.8,2047.8
2226,137729713710863,1405.2,418.2,864.3,122.8,79.1,1164.9,notify_listener@25/0-worker,work_queue::do_work get_work@24/?-work_queue,1402.3,1164.9,334.4,341.8,1388.9
2227,137729719815524,2196.4,955.0,901.1,340.4,142.0,2023.2,assemble attention plan@24/?-work_queue,Prepare hardware matmul job@24/?-work_queue,2196.3,1506.4,778.5,785.3,2175.1
2228,137729726971005,559.0,175.4,351.8,31.8,12.0,522.4,assemble attention plan@24/?-work_queue,Prepare hardware matmul job@24/?-work_queue,557.3,439.7,128.7,132.5,543.9
2229,137729732205135,1061.7,611.2,323.9,126.6,90.8,553.3,kernel_add_rmsnorm_71@25/0-worker,prepare streams@25/0-worker,1059.5,942.2,647.5,656.1,1046.0
2230,137729737926563,1673.2,523.0,867.0,283.2,133.6,1513.2,assemble attention plan@24/?-work_queue,Prepare hardware matmul job@24/?-work_queue,1670.6,937.2,198.4,205.5,1656.9
2231,137729744279315,1041.7,617.8,292.0,131.9,93.9,570.4,kernel_add_rmsnorm_71@25/0-worker,prepare streams@25/0-worker,1039.7,914.1,666.6,671.3,1024.5
2232,137729749943789,1691.3,606.3,811.1,273.8,155.2,1510.3,assemble attention plan@24/?-work_queue,Prepare hardware matmul job@24/?-work_queue,1689.0,909.5,151.5,155.5,1675.6
2233,137729756224685,1061.6,601.1,328.3,132.3,93.5,541.8,kernel_add_rmsnorm_71@25/0-worker,prepare streams@25/0-worker,1058.9,940.2,643.0,650.6,1046.5
2234,137729762071955,1225.4,649.0,440.5,135.9,98.8,606.8,kernel_add_rmsnorm_71@25/0-worker,prepare streams@25/0-worker,1217.6,1094.9,707.7,718.3,1202.5
2235,137729767916368,527.3,225.2,263.7,38.4,14.2,394.1,notify_listener@25/0-worker,work_queue::do_work get_work@24/?-work_queue,524.8,394.1,173.5,182.1,504.1
2236,137729773151927,1123.3,545.8,472.8,104.7,76.6,469.7,kernel_add_rmsnorm_71@25/0-worker,prepare streams@25/0-worker,1120.7,999.4,549.5,559.4,1102.2
2237,137729778895402,1227.4,246.4,812.9,168.1,121.5,933.4,notify_listener@25/0-worker,work_queue::do_work get_work@24/?-work_queue,1225.1,933.4,157.3,161.2,1199.9
2238,137729784854513,1246.8,340.0,763.8,143.0,90.9,926.6,notify_listener@25/0-worker,work_queue::do_work get_work@24/?-work_queue,1244.8,926.6,199.1,205.1,1224.0
2239,137729790729605,539.2,151.4,356.9,30.9,10.6,496.5,assemble attention plan@24/?-work_queue,Prepare hardware matmul job@24/?-work_queue,537.2,413.3,97.7,176.8,517.5
2240,137729795960453,1282.7,601.3,551.8,129.6,91.1,534.7,kernel_add_rmsnorm_71@25/0-worker,prepare streams@25/0-worker,1280.9,1154.3,638.5,646.9,1260.8
2241,137729801887608,1235.4,225.0,898.3,112.1,69.0,1024.5,notify_listener@25/0-worker,work_queue::do_work get_work@24/?-work_queue,1233.1,1024.5,169.0,180.8,1211.5
2242,137729807795759,1328.5,368.0,825.7,134.8,60.9,1019.2,notify_listener@25/0-worker,work_queue::do_work get_work@24/?-work_queue,1326.0,1019.2,244.9,249.6,1291.8
2243,137729813812827,1305.1,299.4,868.9,136.8,78.3,1064.5,notify_listener@25/0-worker,work_queue::do_work get_work@24/?-work_queue,1302.8,1064.5,242.8,262.1,1282.3
2244,137729819814051,1758.5,598.1,862.7,297.8,138.2,1588.8,assemble attention plan@24/?-work_queue,Prepare hardware matmul job@24/?-work_queue,1756.0,1023.1,229.9,284.7,1736.9
2245,137729826253976,1061.9,550.4,375.8,135.7,93.5,498.6,kernel_add_rmsnorm_71@25/0-worker,prepare streams@25/0-worker,1060.3,928.8,595.0,607.7,1038.6
2246,137729831995662,470.3,149.8,291.6,29.0,10.0,341.6,notify_listener@25/0-worker,work_queue::do_work get_work@24/?-work_queue,468.7,341.6,103.4,116.5,447.0
2247,137729837111217,1025.1,602.2,294.9,128.0,94.2,578.9,kernel_add_rmsnorm_71@25/0-worker,prepare streams@25/0-worker,1023.7,900.9,676.0,682.2,1003.4
2248,137729842829205,1652.7,598.8,783.3,270.6,132.7,1486.5,assemble attention plan@24/?-work_queue,Prepare hardware matmul job@24/?-work_queue,1649.5,972.0,230.2,241.1,1635.4
2249,137729849220815,1043.0,558.3,363.7,121.0,90.9,491.1,kernel_add_rmsnorm_71@25/0-worker,prepare streams@25/0-worker,1041.3,913.5,584.5,589.6,1026.5
2250,137729854950006,1178.3,194.2,931.1,52.9,33.6,1025.6,notify_listener@25/0-worker,work_queue::do_work get_work@24/?-work_queue,1176.1,1025.6,138.5,154.9,1162.2
2251,137729860786772,1621.1,530.1,854.7,236.3,119.4,1470.7,assemble attention plan@24/?-work_queue,Prepare hardware matmul job@24/?-work_queue,1618.7,907.9,104.1,108.0,1604.8
2252,137729867098003,1139.3,551.9,461.9,125.4,87.3,481.0,rx collecting results@148/0-RX-13,prepare streams@25/0-worker,1137.3,1009.1,582.5,599.1,1123.0
2253,137729872884895,1237.4,242.5,839.5,155.4,111.2,959.3,notify_listener@25/0-worker,work_queue::do_work get_work@24/?-work_queue,1234.5,959.3,187.5,200.8,1219.9
2254,137729878842482,1565.7,578.0,728.8,258.9,134.0,1397.2,assemble attention plan@24/?-work_queue,Prepare hardware matmul job@24/?-work_queue,1563.1,893.4,200.1,205.5,1548.6
2255,137729885080877,1173.6,613.1,432.6,128.0,95.4,555.6,kernel_add_rmsnorm_71@25/0-worker,prepare streams@25/0-worker,1170.7,1048.3,653.6,659.0,1156.0
2256,137729891020720,1202.2,594.0,482.6,125.6,97.2,506.5,kernel_add_rmsnorm_71@25/0-worker,prepare streams@25/0-worker,1199.4,1069.7,606.1,613.7,1184.3
2257,137729896869852,1303.8,565.2,622.0,116.6,85.0,479.3,kernel_add_rmsnorm_71@25/0-worker,prepare streams@25/0-worker,1301.4,1179.3,581.4,592.8,1287.5
2258,137729902874363,1311.4,580.3,614.1,117.0,86.1,512.5,kernel_add_rmsnorm_71@25/0-worker,prepare streams@25/0-worker,1309.6,1182.9,601.0,608.7,1296.0
2259,137729908906846,1206.8,254.9,817.5,134.4,78.0,932.3,notify_listener@25/0-worker,work_queue::do_work get_work@24/?-work_queue,1204.0,932.3,161.5,173.3,1189.3
2260,137729915621398,1519.0,593.0,797.5,128.6,88.5,578.0,kernel_add_rmsnorm_71@25/0-worker,prepare streams@25/0-worker,1517.2,1387.3,668.1,735.4,1503.7
2261,137729921834430,631.3,272.7,325.7,33.0,11.2,594.3,assemble attention plan@24/?-work_queue,Prepare hardware matmul job@24/?-work_queue,629.6,506.0,208.4,214.3,615.5
2262,137729927115550,1952.2,851.5,785.7,315.1,109.8,1355.3,notify_listener@25/0-worker,work_queue::do_work get_work@24/?-work_queue,1950.0,1355.3,612.3,624.0,1935.8
2263,137729933797801,1696.3,620.6,798.7,277.0,162.1,1505.6,assemble attention plan@24/?-work_queue,Prepare hardware matmul job@24/?-work_queue,1694.0,992.0,256.1,265.6,1677.8
2264,137729940201830,1158.2,649.5,278.8,229.9,116.4,500.0,rx collecting results@147/0-RX-10,kernel_add_rmsnorm_71@25/0-worker,1155.8,1035.6,730.2,813.0,1140.7
2265,137729946031484,927.9,546.4,266.5,115.0,84.0,478.9,kernel_add_rmsnorm_71@25/0-worker,prepare streams@25/0-worker,925.0,805.9,564.7,579.7,910.9
2266,137729951595555,2054.5,961.7,814.5,278.3,148.7,1881.6,assemble attention plan@24/?-work_queue,Prepare hardware matmul job@24/?-work_queue,2052.8,1312.1,546.1,631.4,2040.0
2267,137729958325098,864.5,165.4,665.1,34.0,12.7,739.5,notify_listener@25/0-worker,work_queue::do_work get_work@24/?-work_queue,861.9,739.5,118.9,127.8,848.3
2268,137729963901160,1199.7,246.7,833.1,120.0,67.4,954.5,notify_listener@25/0-worker,work_queue::do_work get_work@24/?-work_queue,1198.0,954.5,175.0,187.6,1184.7
2269,137729969783477,1894.0,630.0,788.1,475.9,318.9,1549.9,assemble attention plan@24/?-work_queue,Prepare hardware matmul job@24/?-work_queue,1892.0,1005.6,257.1,267.3,1878.4
2270,137729976375270,1035.7,551.5,350.4,133.8,98.0,504.7,kernel_add_rmsnorm_71@25/0-worker,prepare streams@25/0-worker,1032.1,913.9,605.7,614.3,1018.6
2271,137729982066171,1280.3,711.5,430.1,138.8,95.6,739.6,kernel_add_rmsnorm_71@25/0-worker,prepare streams@25/0-worker,1277.8,1156.7,837.5,845.5,1264.8
2272,137729988064751,1181.9,667.4,400.6,113.9,86.1,592.5,kernel_add_rmsnorm_71@25/0-worker,prepare streams@25/0-worker,1180.1,1061.8,697.9,713.1,1166.0
2273,137729993884834,1216.5,295.9,787.5,133.0,70.7,944.1,notify_listener@25/0-worker,work_queue::do_work get_work@24/?-work_queue,1214.5,944.1,195.1,208.8,1201.5
2274,137729999795027,2223.0,217.2,1999.2,6.6,3.3,248.2,rx collecting results@148/0-RX-13,prepare streams@25/0-worker,271.0,2223.0,262.2,271.0,
2275,137730002084209,135.3,106.9,7.9,20.5,10.8,93.6,assemble attention plan@24/?-work_queue,Prepare hardware matmul job@24/?-work_queue,,,,,
2276,137730006962995,1166.3,236.8,884.7,44.8,23.6,1022.8,notify_listener@25/0-worker,work_queue::do_work get_work@24/?-work_queue,1160.3,1022.8,192.6,209.1,1146.1
2277,137730012838468,600.8,274.4,291.3,35.0,15.4,464.5,notify_listener@25/0-worker,work_queue::do_work get_work@24/?-work_queue,596.7,464.5,225.1,232.6,578.1
2278,137730018114954,1215.3,627.3,463.5,124.5,93.6,644.7,kernel_add_rmsnorm_71@25/0-worker,prepare streams@25/0-worker,1212.6,1082.9,741.2,752.7,1193.2
2279,137730024019919,1234.8,583.6,523.8,127.4,90.0,500.3,kernel_add_rmsnorm_71@25/0-worker,prepare streams@25/0-worker,1232.2,1091.5,605.5,613.3,1208.6
2280,137730029900977,1207.0,283.2,809.2,114.6,74.8,933.3,notify_listener@25/0-worker,work_queue::do_work get_work@24/?-work_queue,1201.0,933.3,176.0,183.8,1187.0
2281,137730035810146,1322.8,288.3,935.7,98.8,55.2,1144.2,notify_listener@25/0-worker,work_queue::do_work get_work@24/?-work_queue,1320.4,1144.2,248.0,251.7,1298.8
2282,137730041846492,644.8,270.6,343.1,31.1,12.6,598.9,assemble attention plan@24/?-work_queue,Prepare hardware matmul job@24/?-work_queue,642.2,512.3,206.4,214.9,622.2
2283,137730047163944,978.6,159.3,787.4,31.9,14.0,846.2,notify_listener@25/0-worker,work_queue::do_work get_work@24/?-work_queue,976.5,846.2,105.3,109.5,956.1
2284,137730052867741,609.4,238.0,344.4,27.0,11.1,565.8,assemble attention plan@24/?-work_queue,Prepare hardware matmul job@24/?-work_queue,607.6,484.2,175.5,184.9,587.4
2285,137730058163468,1133.7,639.3,348.2,146.2,110.7,602.3,kernel_add_rmsnorm_71@25/0-worker,prepare streams@25/0-worker,1130.9,996.2,714.8,718.2,1111.0
2286,137730063989378,559.8,167.2,355.9,36.6,16.6,504.6,assemble attention plan@24/?-work_queue,Prepare hardware matmul job@24/?-work_queue,557.7,417.8,113.4,118.8,531.5
2287,137730069216644,493.4,169.7,287.6,36.2,15.5,355.3,notify_listener@25/0-worker,work_queue::do_work get_work@24/?-work_queue,491.0,355.3,113.9,118.2,468.1
2288,137730074402985,1063.8,576.3,363.0,124.5,90.8,513.4,kernel_add_rmsnorm_71@25/0-worker,prepare streams@25/0-worker,1061.1,935.9,610.4,633.5,1041.8
2289,137730080156215,1119.6,631.9,359.7,128.0,88.8,565.7,kernel_add_rmsnorm_71@25/0-worker,prepare streams@25/0-worker,1117.2,979.0,656.7,665.0,1095.5
2290,137730085961506,1167.2,181.0,939.8,46.4,16.6,1032.3,notify_listener@25/0-worker,work_queue::do_work get_work@24/?-work_queue,1165.6,1032.3,127.1,137.0,1146.2
2291,137730091827675,603.4,297.1,274.5,31.7,13.5,471.2,notify_listener@25/0-worker,work_queue::do_work get_work@24/?-work_queue,601.1,471.2,240.8,249.3,579.7
2292,137730097085802,1167.8,588.4,456.3,123.2,90.4,543.3,kernel_add_rmsnorm_71@25/0-worker,prepare streams@25/0-worker,1165.5,1026.6,636.6,648.9,1133.1
2293,137730102949816,1166.8,204.0,801.5,161.3,112.2,887.5,notify_listener@25/0-worker,work_queue::do_work get_work@24/?-work_queue,1164.3,887.5,134.9,146.8,1144.1
2294,137730108787534,2161.3,633.3,557.3,970.7,789.5,779.1,notify_listener@25/0-worker,work_queue::do_work get_work@24/?-work_queue,2159.9,779.1,258.9,262.6,2138.1
2295,137730115669902,1418.5,519.5,774.8,124.2,57.3,1102.9,notify_listener@25/0-worker,work_queue::do_work get_work@24/?-work_queue,1416.7,1102.9,364.8,371.1,1391.7
2296,137730121767606,1730.5,647.8,816.8,266.0,143.0,1554.3,assemble attention plan@24/?-work_queue,Prepare hardware matmul job@24/?-work_queue,1727.8,1043.4,277.3,284.9,1707.9
2297,137730128198875,1118.2,652.6,342.4,123.2,89.6,600.0,kernel_add_rmsnorm_71@25/0-worker,prepare streams@25/0-worker,1115.7,986.2,692.4,698.0,1101.4
2298,137730134019379,992.0,568.8,299.4,123.8,92.5,506.4,kernel_add_rmsnorm_71@25/0-worker,prepare streams@25/0-worker,990.1,861.3,601.7,610.7,971.7
2299,137730139777772,650.7,330.2,290.5,30.0,11.5,515.5,notify_listener@25/0-worker,work_queue::do_work get_work@24/?-work_queue,648.0,515.5,261.5,266.4,633.0
2300,137730145101501,1147.0,613.8,400.9,132.4,96.0,535.5,kernel_add_rmsnorm_71@25/0-worker,prepare streams@25/0-worker,1145.0,1014.2,635.0,643.7,1130.7
2301,137730150962653,1184.9,180.8,972.2,31.9,10.5,1140.6,assemble attention plan@24/?-work_queue,Prepare hardware matmul job@24/?-work_queue,1182.6,1056.0,123.7,137.5,1170.0
2302,137730156833513,1904.6,610.2,825.5,468.9,295.1,1575.1,assemble attention plan@24/?-work_queue,Prepare hardware matmul job@24/?-work_queue,1901.8,997.3,210.8,217.1,1887.9
2303,137730163487450,2079.4,999.7,820.6,259.1,85.9,1308.3,notify_listener@25/0-worker,work_queue::do_work get_work@24/?-work_queue,2077.3,1308.3,528.5,540.2,2063.2
2304,137730170320872,1057.9,586.4,342.6,128.9,91.0,537.9,kernel_add_rmsnorm_71@25/0-worker,prepare streams@25/0-worker,1056.5,929.7,631.7,643.2,1041.1
2305,137730176058322,1035.1,549.7,342.5,142.8,102.4,474.9,kernel_add_rmsnorm_71@25/0-worker,prepare streams@25/0-worker,1033.4,898.8,580.1,589.9,1020.4
2306,137730181825959,696.4,275.4,389.0,32.0,12.7,657.7,assemble attention plan@24/?-work_queue,Prepare hardware matmul job@24/?-work_queue,693.5,562.9,252.7,263.4,680.6
2307,137730187189119,1085.8,570.9,399.5,115.4,81.2,490.8,kernel_add_rmsnorm_71@25/0-worker,prepare streams@25/0-worker,1083.5,937.1,574.9,585.6,1069.6
2308,137730192976265,491.1,183.4,276.3,31.3,12.4,450.2,assemble attention plan@24/?-work_queue,Prepare hardware matmul job@24/?-work_queue,488.3,358.0,117.7,124.5,472.8
2309,137730198148943,985.1,153.4,787.5,44.2,22.6,841.8,notify_listener@25/0-worker,work_queue::do_work get_work@24/?-work_queue,982.8,841.8,104.9,110.3,968.4
2310,137730203867296,1245.8,253.7,851.8,140.4,88.9,981.3,notify_listener@25/0-worker,work_queue::do_work get_work@24/?-work_queue,1244.1,981.3,190.1,204.1,1230.2
2311,137730209820880,492.8,156.3,293.5,43.0,15.4,352.9,notify_listener@25/0-worker,work_queue::do_work get_work@24/?-work_queue,490.5,352.9,95.6,107.8,477.4
2312,137730215067182,1206.3,554.0,524.1,128.1,90.5,505.1,kernel_add_rmsnorm_71@25/0-worker,prepare streams@25/0-worker,1204.2,1075.4,598.0,611.0,1191.1
2313,137730220986526,556.3,167.7,358.2,30.4,12.4,423.6,notify_listener@25/0-worker,work_queue::do_work get_work@24/?-work_queue,554.2,423.6,109.1,119.7,539.6
2314,137730226212138,1158.4,712.4,297.7,148.4,98.0,697.0,kernel_add_rmsnorm_71@25/0-worker,prepare streams@25/0-worker,1156.3,1027.7,798.0,803.2,1142.9
2315,137730232105807,1143.6,545.9,466.6,131.1,97.2,475.9,kernel_add_rmsnorm_71@25/0-worker,prepare streams@25/0-worker,1141.7,1008.3,575.4,584.5,1127.7
2316,137730237971011,1150.9,172.5,843.7,134.8,90.5,919.4,notify_listener@25/0-worker,work_queue::do_work get_work@24/?-work_queue,1148.7,919.4,125.1,132.1,1134.5
2317,137730243825214,1298.1,288.8,837.2,172.1,125.3,1021.7,notify_listener@25/0-worker,work_queue::do_work get_work@24/?-work_queue,1295.8,1021.7,223.2,236.1,1282.2
2318,137730249869083,554.9,239.6,283.1,32.2,15.7,512.3,assemble attention plan@24/?-work_queue,Prepare hardware matmul job@24/?-work_queue,552.1,422.4,194.4,198.9,537.6
2319,137730255120634,1137.0,554.2,434.6,148.1,111.7,478.7,kernel_add_rmsnorm_71@25/0-worker,prepare streams@25/0-worker,1134.7,1004.8,592.6,600.1,1120.6
2320,137730260988824,1243.9,610.4,510.3,123.2,83.0,560.5,kernel_add_rmsnorm_71@25/0-worker,prepare streams@25/0-worker,1241.5,1104.1,645.8,649.9,1227.9
2321,137730266948468,575.3,194.2,341.1,40.0,11.9,538.3,assemble attention plan@24/?-work_queue,Prepare hardware matmul job@24/?-work_queue,573.8,441.7,135.2,143.4,560.6
2322,137730272230016,1138.7,605.6,406.4,126.7,93.6,590.2,kernel_add_rmsnorm_71@25/0-worker,prepare streams@25/0-worker,1136.1,1009.6,686.7,696.3,1121.7
2323,137730278107985,1024.9,613.6,276.0,135.3,99.3,548.6,kernel_add_rmsnorm_71@25/0-worker,prepare streams@25/0-worker,1023.4,891.9,650.8,661.7,1011.4
2324,137730283839629,587.5,263.7,283.2,40.7,10.9,457.7,notify_listener@25/0-worker,work_queue::do_work get_work@24/?-work_queue,585.0,457.7,214.6,224.2,571.6
2325,137730289119647,1125.7,623.9,373.0,128.8,94.4,515.9,kernel_add_rmsnorm_71@25/0-worker,prepare streams@25/0-worker,1122.9,996.9,613.4,663.7,1108.7
2326,137730294990407,449.2,156.4,262.6,30.2,11.1,409.7,assemble attention plan@24/?-work_queue,Prepare hardware matmul job@24/?-work_queue,446.1,327.7,98.7,114.7,431.0
2327,137730300132955,1115.4,618.5,371.0,125.9,87.9,528.5,kernel_add_rmsnorm_71@25/0-worker,prepare streams@25/0-worker,1113.9,989.5,619.3,672.8,1100.7
2328,137730305988405,487.0,180.9,277.6,28.4,11.2,449.8,assemble attention plan@24/?-work_queue,Prepare hardware matmul job@24/?-work_queue,484.4,366.3,128.2,132.3,470.6
2329,137730311147687,1098.8,585.6,388.4,124.9,90.5,528.2,kernel_add_rmsnorm_71@25/0-worker,prepare streams@25/0-worker,1096.5,974.8,621.2,628.6,1082.8
2330,137730316981066,1126.6,203.1,795.7,127.8,66.4,875.1,notify_listener@25/0-worker,work_queue::do_work get_work@24/?-work_queue,1123.7,875.1,145.5,159.9,1108.8
2331,137730322791101,1324.6,326.2,846.5,151.9,126.4,1083.8,notify_listener@25/0-worker,work_queue::do_work get_work@24/?-work_queue,1321.7,1083.8,267.2,271.5,1308.9
2332,137730328853408,591.7,252.4,303.7,35.6,11.2,554.0,assemble attention plan@24/?-work_queue,Prepare hardware matmul job@24/?-work_queue,589.2,468.0,198.0,207.8,574.8
2333,137730334137584,989.6,152.9,800.4,36.3,12.3,866.8,notify_listener@25/0-worker,work_queue::do_work get_work@24/?-work_queue,987.8,866.8,105.4,121.6,975.0
2334,137730339883959,611.9,224.9,344.9,42.2,17.4,569.1,assemble attention plan@24/?-work_queue,Prepare hardware matmul job@24/?-work_queue,610.3,483.8,178.6,187.8,596.1
2335,137730345211193,1099.2,545.3,427.3,126.6,91.6,482.7,kernel_add_rmsnorm_71@25/0-worker,prepare streams@25/0-worker,1097.5,973.8,577.2,584.7,1084.3
2336,137730351038675,1179.5,562.9,502.7,114.0,77.7,501.6,kernel_add_rmsnorm_71@25/0-worker,prepare streams@25/0-worker,1177.1,1050.1,580.7,591.4,1163.4
2337,137730356924953,1179.5,242.1,795.2,142.2,102.7,911.6,notify_listener@25/0-worker,work_queue::do_work get_work@24/?-work_queue,1177.4,911.6,155.7,167.5,1164.1
2338,137730362849671,1245.0,342.5,768.0,134.5,79.5,930.3,notify_listener@25/0-worker,work_queue::do_work get_work@24/?-work_queue,1242.7,930.3,203.8,210.7,1229.3
2339,137730368811409,1931.7,654.3,985.7,291.8,169.0,1736.6,assemble attention plan@24/?-work_queue,Prepare hardware matmul job@24/?-work_queue,1929.2,1187.1,283.3,293.4,1915.2
2340,137730375516029,1572.6,633.7,769.5,169.4,90.0,1231.3,notify_listener@25/0-worker,work_queue::do_work get_work@24/?-work_queue,1569.9,1231.3,500.2,507.4,1556.0
2341,137730381865070,1253.9,238.9,894.1,121.0,75.8,1040.3,notify_listener@25/0-worker,work_queue::do_work get_work@24/?-work_queue,1250.9,1040.3,197.3,205.0,1237.7
2342,137730387881073,1750.6,600.6,821.2,328.9,162.5,1562.2,assemble attention plan@24/?-work_queue,Prepare hardware matmul job@24/?-work_queue,1749.1,966.3,180.7,200.7,1734.8
2343,137730394345940,2417.6,1146.4,990.8,280.4,125.4,2265.4,assemble attention plan@24/?-work_queue,Prepare hardware matmul job@24/?-work_queue,2415.6,1644.0,684.4,698.6,2401.8
2344,137730401524221,1598.7,651.1,755.0,192.6,83.4,1385.5,notify_listener@25/0-worker,work_queue::do_work get_work@24/?-work_queue,1596.7,1385.5,675.0,690.0,1582.5
2345,137730407855434,1248.2,286.8,787.8,173.6,125.5,953.5,notify_listener@25/0-worker,work_queue::do_work get_work@24/?-work_queue,1246.0,953.5,196.9,203.4,1232.7
2346,137730413783763,1323.7,379.6,797.5,146.5,96.3,1035.8,notify_listener@25/0-worker,work_queue::do_work get_work@24/?-work_queue,1321.8,1035.8,280.7,295.2,1308.8
2347,137730419836359,1853.2,666.6,909.7,276.9,151.6,1676.1,assemble attention plan@24/?-work_queue,Prepare hardware matmul job@24/?-work_queue,1851.3,1076.7,218.5,233.0,1837.7
2348,137730426367885,2234.6,1144.3,819.2,271.1,120.6,2086.0,assemble attention plan@24/?-work_queue,Prepare hardware matmul job@24/?-work_queue,2232.8,1451.7,675.0,687.6,2217.7
2349,137730433375860,803.3,164.0,611.0,28.3,11.4,765.9,assemble attention plan@24/?-work_queue,Prepare hardware matmul job@24/?-work_queue,800.8,683.2,114.7,127.0,787.7
2350,137730438861657,1884.5,556.6,800.8,527.1,337.3,1521.8,assemble attention plan@24/?-work_queue,Prepare hardware matmul job@24/?-work_queue,1882.7,966.6,197.2,205.3,1868.8
2351,137730445529230,1552.8,663.6,734.8,154.4,83.8,1187.8,notify_listener@25/0-worker,work_queue::do_work get_work@24/?-work_queue,1550.1,1187.8,487.0,492.6,1536.8
2352,137730451769560,1859.5,742.7,838.8,278.0,142.7,1690.2,assemble attention plan@24/?-work_queue,Prepare hardware matmul job@24/?-work_queue,1857.1,1101.7,307.9,367.1,1843.0
2353,137730458376461,962.2,575.6,254.6,131.9,101.2,506.1,kernel_add_rmsnorm_71@25/0-worker,prepare streams@25/0-worker,959.8,838.7,609.4,614.8,945.4
2354,137730464013130,1234.9,581.1,530.5,123.3,90.9,512.7,kernel_add_rmsnorm_71@25/0-worker,prepare streams@25/0-worker,1232.3,1107.5,606.2,611.4,1218.2
2355,137730469981923,1128.7,225.0,775.2,128.5,69.5,850.0,notify_listener@25/0-worker,work_queue::do_work get_work@24/?-work_queue,1126.4,850.0,109.2,127.8,1113.4
2356,137730475767753,1347.5,410.3,799.4,137.8,82.7,1108.0,notify_listener@25/0-worker,work_queue::do_work get_work@24/?-work_queue,1345.4,1108.0,297.0,382.5,1329.9
2357,137730481894963,617.8,241.2,338.7,37.9,16.1,487.3,notify_listener@25/0-worker,work_queue::do_work get_work@24/?-work_queue,615.7,487.3,185.5,194.9,601.4
2358,137730487158515,1135.0,570.2,444.3,120.5,92.3,487.9,kernel_add_rmsnorm_71@25/0-worker,prepare streams@25/0-worker,1133.6,1012.2,583.1,588.1,1119.6
2359,137730493036343,1233.0,595.9,510.5,126.5,89.7,532.3,kernel_add_rmsnorm_71@25/0-worker,prepare streams@25/0-worker,1230.6,1106.1,623.4,627.3,1216.2
2360,137730498929457,1587.0,503.8,805.3,278.0,152.6,1408.1,assemble attention plan@24/?-work_queue,Prepare hardware matmul job@24/?-work_queue,1584.6,907.7,139.6,144.8,1570.3
2361,137730505277254,875.6,158.5,686.5,30.6,13.4,753.1,notify_listener@25/0-worker,work_queue::do_work get_work@24/?-work_queue,874.0,753.1,104.6,115.5,859.0
2362,137730510826685,564.7,278.6,259.9,26.2,9.0,531.3,assemble attention plan@24/?-work_queue,Prepare hardware matmul job@24/?-work_queue,562.6,448.2,215.5,221.8,550.1
2363,137730516115698,1146.1,576.9,432.0,137.2,99.8,470.1,kernel_add_rmsnorm_71@25/0-worker,prepare streams@25/0-worker,1144.3,991.5,576.6,588.4,1130.9
2364,137730521970290,1748.7,542.7,934.0,272.0,130.8,1590.1,assemble attention plan@24/?-work_queue,Prepare hardware matmul job@24/?-work_queue,1746.1,1013.0,209.5,139.4,1730.5
2365,137730528504037,910.9,606.6,272.5,31.8,13.1,780.3,notify_listener@25/0-worker,work_queue::do_work get_work@24/?-work_queue,908.7,780.3,551.6,576.3,894.4
2366,137730534089809,1209.3,605.9,480.4,123.1,89.1,538.0,kernel_add_rmsnorm_71@25/0-worker,prepare streams@25/0-worker,1207.3,1058.7,629.4,643.4,1193.6
2367,137730540050729,1182.1,585.7,465.0,131.4,97.5,506.7,kernel_add_rmsnorm_71@25/0-worker,prepare streams@25/0-worker,1180.1,1055.0,612.0,625.9,1166.9
2368,137730545935412,1300.2,600.1,565.6,134.6,97.5,542.6,kernel_add_rmsnorm_71@25/0-worker,prepare streams@25/0-worker,1297.7,1172.6,642.6,655.5,1284.1
2369,137730551988942,1242.6,525.2,546.5,170.9,99.0,583.1,kernel_add_rmsnorm_71@25/0-worker,prepare streams@25/0-worker,1242.9,1114.1,684.3,693.8,1226.7
2370,137730557949539,1160.5,248.9,786.6,124.9,77.2,899.5,notify_listener@25/0-worker,work_queue::do_work get_work@24/?-work_queue,1158.1,899.5,141.4,155.1,1144.5
2371,137730563879333,554.7,235.6,283.0,36.0,15.4,424.8,notify_listener@25/0-worker,work_queue::do_work get_work@24/?-work_queue,552.4,424.8,176.7,185.3,539.5
2372,137730569155731,987.3,162.1,792.5,32.8,12.5,945.6,assemble attention plan@24/?-work_queue,Prepare hardware matmul job@24/?-work_queue,984.5,856.7,108.9,117.9,968.3
2373,137730574872366,1244.7,235.9,847.0,161.8,120.8,951.7,notify_listener@25/0-worker,work_queue::do_work get_work@24/?-work_queue,1241.9,951.7,186.2,197.3,1227.3
2374,137730580841791,1444.2,808.8,502.6,132.8,103.2,743.4,kernel_add_rmsnorm_71@25/0-worker,prepare streams@25/0-worker,1442.1,1320.2,848.2,869.1,1427.8
2375,137730587050019,1213.6,587.2,504.8,121.6,89.8,512.7,kernel_add_rmsnorm_71@25/0-worker,prepare streams@25/0-worker,1211.4,1089.9,604.2,623.0,1197.0
2376,137730592950494,572.1,194.1,341.7,36.3,11.0,535.4,assemble attention plan@24/?-work_queue,Prepare hardware matmul job@24/?-work_queue,569.8,445.7,139.2,143.1,556.4
2377,137730598247623,1826.6,787.4,792.3,246.9,97.4,506.3,kernel_add_rmsnorm_71@25/0-worker,prepare streams@25/0-worker,1824.1,1372.9,605.9,621.9,1809.2
2378,137730604779446,2207.8,957.1,811.6,439.1,162.9,2017.3,assemble attention plan@24/?-work_queue,Prepare hardware matmul job@24/?-work_queue,2205.1,1448.1,733.6,746.1,2189.9
2379,137730611769941,1337.7,385.4,807.0,145.3,96.3,1048.5,notify_listener@25/0-worker,work_queue::do_work get_work@24/?-work_queue,1334.6,1048.5,270.3,276.3,1320.9
2380,137730617820914,1792.0,637.9,868.9,285.3,150.8,1615.0,assemble attention plan@24/?-work_queue,Prepare hardware matmul job@24/?-work_queue,1789.9,1085.2,249.6,269.5,1776.8
2381,137730624347715,1047.9,588.2,329.5,130.2,93.6,518.3,kernel_add_rmsnorm_71@25/0-worker,prepare streams@25/0-worker,1045.7,921.1,615.0,626.2,1032.8
2382,137730630134368,1169.2,622.5,422.6,124.1,88.4,519.0,kernel_add_rmsnorm_71@25/0-worker,prepare streams@25/0-worker,1166.4,1033.8,623.4,632.0,1153.2
2383,137730636089669,1153.6,582.9,449.3,121.4,88.3,503.6,kernel_add_rmsnorm_71@25/0-worker,prepare streams@25/0-worker,1152.0,1024.1,594.2,604.7,1138.3
2384,137730641928242,1182.0,240.1,810.7,131.2,80.5,920.4,notify_listener@25/0-worker,work_queue::do_work get_work@24/?-work_queue,1179.7,920.4,150.9,164.6,1166.4
2385,137730647865750,1241.9,310.7,772.8,158.3,106.8,948.9,notify_listener@25/0-worker,work_queue::do_work get_work@24/?-work_queue,1238.9,948.9,215.1,224.1,1225.7
2386,137730653775369,1397.0,610.5,661.4,125.1,92.6,553.3,kernel_add_rmsnorm_71@25/0-worker,prepare streams@25/0-worker,1394.7,1269.6,648.9,655.4,1380.3
2387,137730659947729,1164.8,238.1,787.2,139.5,70.8,891.7,notify_listener@25/0-worker,work_queue::do_work get_work@24/?-work_queue,1162.0,891.7,158.1,163.4,1147.3
2388,137730665784813,1313.9,376.7,805.6,131.6,71.7,1020.8,notify_listener@25/0-worker,work_queue::do_work get_work@24/?-work_queue,1311.9,1020.8,262.3,269.3,1298.0
2389,137730671871582,645.3,263.3,350.6,31.4,11.7,606.8,assemble attention plan@24/?-work_queue,Prepare hardware matmul job@24/?-work_queue,642.8,522.8,212.6,218.1,629.2
2390,137730677225999,483.2,158.5,292.2,32.5,12.6,444.9,assemble attention plan@24/?-work_queue,Prepare hardware matmul job@24/?-work_queue,480.7,358.1,100.4,108.0,467.0
2391,137730682455565,1622.1,684.6,755.9,181.5,74.7,1252.3,notify_listener@25/0-worker,work_queue::do_work get_work@24/?-work_queue,1620.9,1252.3,561.3,605.8,1607.2
2392,137730688778331,693.9,304.2,356.8,32.9,12.7,566.3,notify_listener@25/0-worker,work_queue::do_work get_work@24/?-work_queue,691.9,566.3,261.9,270.0,677.7
2393,137730694198486,1099.5,574.1,409.6,115.8,84.7,509.5,kernel_add_rmsnorm_71@25/0-worker,prepare streams@25/0-worker,1097.3,976.5,596.4,604.1,1084.1
2394,137730700024213,1033.9,528.6,409.3,96.0,91.6,571.4,kernel_add_rmsnorm_71@25/0-worker,prepare streams@25/0-worker,668.2,1033.9,664.8,668.2,
2395,137730702412819,627.1,472.6,7.4,147.1,109.8,490.6,assemble attention plan@24/?-work_queue,Prepare hardware matmul job@24/?-work_queue,625.1,,,,
2396,137730707873207,1806.5,739.8,769.6,297.1,160.6,1619.8,assemble attention plan@24/?-work_queue,Prepare hardware matmul job@24/?-work_queue,1803.8,1014.3,226.7,233.6,1789.8
2397,137730714363778,1727.8,755.4,786.2,186.2,83.7,1403.8,notify_listener@25/0-worker,work_queue::do_work get_work@24/?-work_queue,1725.7,1403.8,651.1,657.8,1711.6
2398,137730720867154,542.7,151.2,351.8,39.7,11.9,504.2,assemble attention plan@24/?-work_queue,Prepare hardware matmul job@24/?-work_queue,540.1,418.9,107.4,111.4,526.0
2399,137730726105507,1213.3,604.6,467.8,140.9,99.8,543.9,kernel_add_rmsnorm_71@25/0-worker,prepare streams@25/0-worker,1206.6,1078.5,645.8,651.4,1191.6
2400,137730732026745,1202.7,555.5,513.6,133.6,99.9,489.1,kernel_add_rmsnorm_71@25/0-worker,prepare streams@25/0-worker,1193.5,1065.6,590.6,596.1,1179.8
2401,137730737913040,1227.5,227.6,942.3,57.6,34.0,1060.2,notify_listener@25/0-worker,work_queue::do_work get_work@24/?-work_queue,1225.3,1060.2,179.7,186.0,1192.2
2402,137730743913131,1205.0,203.8,830.3,170.8,123.9,892.4,notify_listener@25/0-worker,work_queue::do_work get_work@24/?-work_queue,1201.9,892.4,109.0,123.4,1180.9
2403,137730749812878,657.7,276.2,353.3,28.2,11.2,612.8,assemble attention plan@24/?-work_queue,Prepare hardware matmul job@24/?-work_queue,655.3,528.3,228.1,232.5,635.2
2404,137730755241820,1082.3,565.6,404.4,112.2,83.5,479.4,kernel_add_rmsnorm_71@25/0-worker,prepare streams@25/0-worker,1079.6,949.9,566.1,580.2,1058.9
2405,137730761046748,1187.8,574.2,503.8,109.8,75.1,566.3,kernel_add_rmsnorm_71@25/0-worker,prepare streams@25/0-worker,1185.6,1057.4,643.4,647.2,1164.7
2406,137730767018157,1244.3,632.1,496.2,115.9,84.8,553.4,kernel_add_rmsnorm_71@25/0-worker,prepare streams@25/0-worker,1242.1,1113.2,641.5,646.0,1221.7
2407,137730772946135,1615.7,537.9,795.5,282.3,148.4,1433.5,assemble attention plan@24/?-work_queue,Prepare hardware matmul job@24/?-work_queue,1613.2,878.3,130.6,134.5,1591.7
2408,137730779322984,1050.3,571.4,351.7,127.3,91.3,506.5,kernel_add_rmsnorm_71@25/0-worker,prepare streams@25/0-worker,1047.5,916.1,600.7,608.3,1025.4
2409,137730785077694,1223.2,574.1,515.6,133.5,103.4,487.5,kernel_add_rmsnorm_71@25/0-worker,prepare streams@25/0-worker,1220.2,1068.4,593.7,672.8,1176.5
2410,137730791071884,1234.7,625.0,461.6,148.1,112.4,564.6,kernel_add_rmsnorm_71@25/0-worker,prepare streams@25/0-worker,1232.6,1085.9,680.0,738.4,1209.3
2411,137730796999299,1119.9,196.3,797.8,125.8,82.2,856.2,notify_listener@25/0-worker,work_queue::do_work get_work@24/?-work_queue,1117.5,856.2,102.4,114.1,1097.3
2412,137730802840392,1275.6,323.3,802.6,149.7,108.0,964.2,notify_listener@25/0-worker,work_queue::do_work get_work@24/?-work_queue,1273.1,964.2,207.0,214.4,1250.4
2413,137730808814771,1291.3,376.1,772.5,142.6,89.3,969.9,notify_listener@25/0-worker,work_queue::do_work get_work@24/?-work_queue,1288.9,969.9,229.0,241.4,1262.5
2414,137730814881200,1783.0,634.4,900.9,247.7,146.6,1604.0,assemble attention plan@24/?-work_queue,Prepare hardware matmul job@24/?-work_queue,1779.9,1023.3,193.9,199.7,1761.3
2415,137730821369985,1082.0,589.9,355.1,136.9,100.9,518.8,kernel_add_rmsnorm_71@25/0-worker,prepare streams@25/0-worker,1080.4,944.7,622.4,638.1,1058.7
2416,137730827209917,1072.2,578.1,351.2,142.8,112.6,502.5,kernel_add_rmsnorm_71@25/0-worker,prepare streams@25/0-worker,1069.5,930.0,617.2,623.3,1055.5
2417,137730832969316,1666.4,568.0,822.8,275.7,147.0,1481.5,assemble attention plan@24/?-work_queue,Prepare hardware matmul job@24/?-work_queue,1664.4,906.0,125.6,144.7,1650.4
2418,137730839426256,1690.2,629.3,921.2,139.8,85.7,1414.5,notify_listener@25/0-worker,work_queue::do_work get_work@24/?-work_queue,1687.8,1414.5,590.9,602.5,1674.1
2419,137730845894221,2148.0,967.3,860.8,319.9,108.2,2008.5,assemble attention plan@24/?-work_queue,Prepare hardware matmul job@24/?-work_queue,2145.9,1453.4,666.2,680.1,2131.3
2420,137730852812243,1306.7,377.9,794.7,134.2,71.2,985.9,notify_listener@25/0-worker,work_queue::do_work get_work@24/?-work_queue,1304.6,985.9,229.8,253.4,1290.2
2421,137730858866794,1639.4,625.5,768.9,245.0,113.1,1500.0,assemble attention plan@24/?-work_queue,Prepare hardware matmul job@24/?-work_queue,1637.7,909.0,181.0,187.7,1623.5
2422,137730865299020,1824.5,613.6,981.1,229.8,120.9,1554.9,notify_listener@25/0-worker,work_queue::do_work get_work@24/?-work_queue,1822.7,1554.9,715.8,734.3,1808.8
2423,137730871835948,1270.3,325.7,813.1,131.5,91.9,982.6,notify_listener@25/0-worker,work_queue::do_work get_work@24/?-work_queue,1268.6,982.6,236.1,246.8,1254.1
2424,137730877863141,1685.0,576.1,814.8,294.2,129.4,1530.3,assemble attention plan@24/?-work_queue,Prepare hardware matmul job@24/?-work_queue,1682.9,962.9,196.1,199.8,1669.9
2425,137730884273711,1015.9,547.1,338.4,130.3,86.3,491.8,kernel_add_rmsnorm_71@25/0-worker,prepare streams@25/0-worker,1012.8,874.5,581.4,596.5,998.2
2426,137730890046767,1215.3,656.6,429.4,129.2,96.2,607.1,kernel_add_rmsnorm_71@25/0-worker,prepare streams@25/0-worker,1212.9,1083.6,705.7,718.8,1199.3
2427,137730896015033,2070.9,811.2,1001.0,258.8,115.3,1685.0,notify_listener@25/0-worker,work_queue::do_work get_work@24/?-work_queue,2068.6,1685.0,821.8,832.9,2054.2
2428,137730902864579,477.0,147.4,288.8,40.9,11.1,439.9,assemble attention plan@24/?-work_queue,Prepare hardware matmul job@24/?-work_queue,474.2,342.6,91.1,97.3,460.8
2429,137730908077168,1161.2,576.2,459.4,125.6,88.2,508.1,kernel_add_rmsnorm_71@25/0-worker,prepare streams@25/0-worker,1158.8,1024.9,598.8,608.6,1144.7
2430,137730913992807,472.1,154.5,275.9,41.8,11.1,435.4,assemble attention plan@24/?-work_queue,Prepare hardware matmul job@24/?-work_queue,470.5,339.2,99.9,106.9,456.7
2431,137730919162189,1092.1,534.1,437.7,120.3,77.3,468.8,kernel_add_rmsnorm_71@25/0-worker,prepare streams@25/0-worker,1091.5,953.7,548.0,553.0,1076.7
2432,137730925004595,2035.2,972.2,778.5,284.5,92.9,451.4,kernel_add_rmsnorm_71@25/0-worker,prepare streams@25/0-worker,2032.8,1304.3,546.8,556.3,2025.1
2433,137730931747520,1347.7,460.3,773.5,113.9,62.7,1052.9,notify_listener@25/0-worker,work_queue::do_work get_work@24/?-work_queue,1345.7,1052.9,290.4,335.7,1331.8
2434,137730937850159,624.2,260.3,335.4,28.5,11.2,588.2,assemble attention plan@24/?-work_queue,Prepare hardware matmul job@24/?-work_queue,622.7,501.6,206.2,217.6,609.3
2435,137730943164459,1102.9,632.8,365.4,104.8,75.7,565.5,kernel_add_rmsnorm_71@25/0-worker,prepare streams@25/0-worker,1100.6,974.5,643.4,659.5,1086.6
2436,137730949041647,1174.1,557.5,497.5,119.2,86.2,481.2,kernel_add_rmsnorm_71@25/0-worker,prepare streams@25/0-worker,1171.7,1048.1,583.5,593.5,1158.3
2437,137730954918102,1188.0,266.2,782.0,139.8,84.0,896.8,notify_listener@25/0-worker,work_queue::do_work get_work@24/?-work_queue,1185.9,896.8,146.5,154.0,1172.2
2438,137730960931092,625.3,217.7,373.0,34.6,12.8,500.6,notify_listener@25/0-worker,work_queue::do_work get_work@24/?-work_queue,622.9,500.6,182.2,194.5,609.9
2439,137730966232838,1081.6,562.6,392.2,126.8,94.9,495.2,kernel_add_rmsnorm_71@25/0-worker,prepare streams@25/0-worker,1079.6,956.2,592.6,599.0,1065.4
2440,137730972100377,1169.5,636.0,387.5,146.0,109.7,586.8,kernel_add_rmsnorm_71@25/0-worker,prepare streams@25/0-worker,1166.9,1034.9,699.3,705.8,1154.3
2441,137730978005002,466.4,149.6,287.0,29.7,11.2,429.2,assemble attention plan@24/?-work_queue,Prepare hardware matmul job@24/?-work_queue,464.3,339.6,93.6,98.6,450.5
2442,137730983303583,989.5,561.6,298.6,129.4,95.1,497.3,kernel_add_rmsnorm_71@25/0-worker,prepare streams@25/0-worker,987.7,861.2,594.9,601.9,973.8
2443,137730989029963,1196.1,627.0,451.9,117.2,83.7,569.0,kernel_add_rmsnorm_71@25/0-worker,prepare streams@25/0-worker,1193.7,1073.4,654.5,662.6,1180.6
2444,137730995024345,1189.3,532.9,531.6,124.8,89.5,457.9,kernel_add_rmsnorm_71@25/0-worker,prepare streams@25/0-worker,1187.2,1059.2,549.6,556.9,1174.4
2445,137731000906948,610.4,234.8,343.5,32.0,11.3,573.0,assemble attention plan@24/?-work_queue,Prepare hardware matmul job@24/?-work_queue,607.7,484.0,173.5,178.2,593.6
2446,137731006288072,1024.7,525.2,376.4,123.2,85.2,458.5,kernel_add_rmsnorm_71@25/0-worker,prepare streams@25/0-worker,1022.9,892.4,546.5,555.9,1009.1
2447,137731012034830,1201.7,577.5,492.2,132.0,90.1,519.5,kernel_add_rmsnorm_71@25/0-worker,prepare streams@25/0-worker,1199.1,1065.9,611.2,615.2,1185.5
2448,137731017964546,1142.9,218.4,750.9,173.5,131.3,835.0,notify_listener@25/0-worker,work_queue::do_work get_work@24/?-work_queue,1140.7,835.0,125.8,135.7,1127.7
2449,137731023811343,683.5,314.1,340.0,29.5,11.2,645.0,assemble attention plan@24/?-work_queue,Prepare hardware matmul job@24/?-work_queue,680.9,558.9,258.6,262.4,666.2
2450,137731029262273,1083.0,571.0,381.8,130.2,91.9,500.6,kernel_add_rmsnorm_71@25/0-worker,prepare streams@25/0-worker,1080.4,954.1,594.6,610.5,1066.9
2451,137731035052984,1203.0,723.5,366.6,113.0,83.8,655.6,kernel_add_rmsnorm_71@25/0-worker,prepare streams@25/0-worker,1200.9,1078.8,741.8,748.5,1186.4
2452,137731041093088,1212.6,572.6,516.7,123.3,83.2,591.4,kernel_add_rmsnorm_71@25/0-worker,prepare streams@25/0-worker,1209.8,1079.1,677.6,689.8,1196.1
2453,137731047033778,1226.1,690.8,418.9,116.4,82.8,680.6,kernel_add_rmsnorm_71@25/0-worker,prepare streams@25/0-worker,1224.3,1099.0,764.8,769.0,1208.4
2454,137731053063466,1055.5,160.2,761.0,134.3,107.1,835.4,notify_listener@25/0-worker,work_queue::do_work get_work@24/?-work_queue,1053.5,835.4,109.5,114.9,1040.9
2455,137731058808589,1777.3,617.2,872.4,287.7,159.1,1590.7,assemble attention plan@24/?-work_queue,Prepare hardware matmul job@24/?-work_queue,1774.1,1066.6,257.1,263.2,1759.8
2456,137731065401573,2377.1,943.8,1125.9,307.4,146.8,2203.4,assemble attention plan@24/?-work_queue,Prepare hardware matmul job@24/?-work_queue,2375.0,1660.1,613.3,631.0,2360.4
2457,137731072531642,1557.7,647.4,753.6,156.7,104.2,1226.4,notify_listener@25/0-worker,work_queue::do_work get_work@24/?-work_queue,1555.8,1226.4,512.1,517.8,1541.4
2458,137731078877859,549.4,252.7,254.7,42.0,13.8,507.6,assemble attention plan@24/?-work_queue,Prepare hardware matmul job@24/?-work_queue,546.1,415.1,188.4,191.8,532.3
2459,137731084124560,472.5,157.8,278.8,35.9,13.8,342.6,notify_listener@25/0-worker,work_queue::do_work get_work@24/?-work_queue,470.9,342.6,106.9,111.4,456.3
2460,137731089368704,2090.4,975.5,787.5,327.3,128.3,1935.9,assemble attention plan@24/?-work_queue,Prepare hardware matmul job@24/?-work_queue,2088.6,1396.7,641.2,659.8,2074.8
2461,137731096170468,1120.8,594.9,406.1,119.8,88.9,533.5,kernel_add_rmsnorm_71@25/0-worker,prepare streams@25/0-worker,1117.0,995.1,624.1,634.1,1102.4
2462,137731102054720,1996.8,935.9,834.7,226.1,85.2,526.6,kernel_add_rmsnorm_71@25/0-worker,prepare streams@25/0-worker,1995.3,1410.5,626.9,637.3,1981.2
2463,137731108875029,1831.2,597.9,799.8,433.5,312.8,1493.0,assemble attention plan@24/?-work_queue,Prepare hardware matmul job@24/?-work_queue,1828.9,944.8,198.6,211.7,1815.5
2464,137731115480794,985.1,563.5,348.1,73.5,24.1,506.8,kernel_add_rmsnorm_71@25/0-worker,prepare streams@25/0-worker,982.5,856.6,534.6,539.8,969.7
2465,137731121217958,1056.1,624.6,310.6,120.9,84.3,556.1,kernel_add_rmsnorm_71@25/0-worker,prepare streams@25/0-worker,1053.8,932.3,643.3,661.6,1039.3
2466,137731127013782,1273.2,651.2,492.6,129.4,93.5,574.8,kernel_add_rmsnorm_71@25/0-worker,prepare streams@25/0-worker,1270.6,1122.2,670.6,680.5,1256.3
2467,137731133071783,1057.8,159.6,818.1,80.2,57.3,878.7,notify_listener@25/0-worker,work_queue::do_work get_work@24/?-work_queue,1054.5,878.7,127.4,141.1,1036.1
2468,137731138931151,1798.6,526.3,954.9,317.5,162.7,1605.2,assemble attention plan@24/?-work_queue,Prepare hardware matmul job@24/?-work_queue,1796.4,1015.0,160.1,173.5,1777.9
2469,137731145484230,968.0,582.8,351.2,34.0,11.2,922.8,assemble attention plan@24/?-work_queue,Prepare hardware matmul job@24/?-work_queue,965.7,834.4,534.0,543.0,944.4
2470,137731151225712,1128.9,620.0,386.0,122.9,95.5,591.5,kernel_add_rmsnorm_71@25/0-worker,prepare streams@25/0-worker,1127.0,994.0,689.9,708.3,1104.3
2471,137731157114023,1178.8,651.1,400.2,127.6,97.9,540.1,kernel_add_rmsnorm_71@25/0-worker,prepare streams@25/0-worker,1176.7,1049.1,641.1,653.1,1157.9
2472,137731163076719,1185.2,567.4,499.1,118.7,85.2,506.5,kernel_add_rmsnorm_71@25/0-worker,prepare streams@25/0-worker,1183.0,1055.4,594.9,604.7,1162.0
2473,137731169099340,2602.3,1290.7,886.1,425.6,150.0,2420.8,assemble attention plan@24/?-work_queue,Prepare hardware matmul job@24/?-work_queue,2600.7,1503.1,722.3,731.3,2580.9
2474,137731176541565,2213.2,1115.7,784.2,313.2,155.9,2019.8,assemble attention plan@24/?-work_queue,Prepare hardware matmul job@24/?-work_queue,2211.4,1225.9,478.9,487.1,2186.6
2475,137731183485541,994.7,571.9,386.1,36.6,12.0,951.3,assemble attention plan@24/?-work_queue,Prepare hardware matmul job@24/?-work_queue,992.4,863.6,536.5,548.7,978.4
2476,137731189286089,1790.8,725.0,777.5,288.2,138.0,1316.9,notify_listener@25/0-worker,work_queue::do_work get_work@24/?-work_queue,1788.6,1316.9,581.9,592.0,1768.2
2477,137731195836837,1259.8,345.0,787.9,126.8,82.6,949.7,notify_listener@25/0-worker,work_queue::do_work get_work@24/?-work_queue,1256.9,949.7,204.0,208.3,1241.9
2478,137731201887723,1239.2,249.1,865.5,124.5,72.8,1000.1,notify_listener@25/0-worker,work_queue::do_work get_work@24/?-work_queue,1236.4,1000.1,176.0,181.2,1222.2
2479,137731207861932,1255.0,287.0,836.8,131.2,77.0,985.5,notify_listener@25/0-worker,work_queue::do_work get_work@24/?-work_queue,1252.6,985.5,220.3,224.2,1237.8
2480,137731213937228,1208.8,223.9,874.3,110.6,78.4,973.8,notify_listener@25/0-worker,work_queue::do_work get_work@24/?-work_queue,1206.1,973.8,128.9,146.8,1192.6
2481,137731219905450,977.4,552.4,286.0,139.1,99.2,517.3,kernel_add_rmsnorm_71@25/0-worker,prepare streams@25/0-worker,975.6,843.2,619.1,624.0,962.0
2482,137731225657035,827.5,457.6,336.0,33.9,12.4,788.6,assemble attention plan@24/?-work_queue,Prepare hardware matmul job@24/?-work_queue,825.2,693.9,387.0,392.4,810.9
2483,137731231240291,1092.5,588.4,384.6,119.5,87.1,516.2,kernel_add_rmsnorm_71@25/0-worker,prepare streams@25/0-worker,1090.8,948.4,606.5,663.7,1077.6
2484,137731237112943,1169.3,598.4,432.6,138.3,100.2,586.4,kernel_add_rmsnorm_71@25/0-worker,prepare streams@25/0-worker,1167.7,1035.5,688.9,695.1,1154.3
2485,137731243048149,1180.9,550.0,503.0,127.9,93.1,465.8,kernel_add_rmsnorm_71@25/0-worker,prepare streams@25/0-worker,1177.8,1038.8,561.6,571.9,1163.5
2486,137731249015437,1236.2,547.6,564.8,123.8,86.4,460.1,kernel_add_rmsnorm_71@25/0-worker,prepare streams@25/0-worker,1233.9,1102.8,561.6,578.4,1220.0
2487,137731255013042,1217.5,613.6,482.0,121.9,89.4,514.2,kernel_add_rmsnorm_71@25/0-worker,prepare streams@25/0-worker,1215.8,1091.8,605.6,658.6,1201.7
2488,137731261064714,1219.4,627.0,477.7,114.8,87.9,541.4,kernel_add_rmsnorm_71@25/0-worker,prepare streams@25/0-worker,1217.4,1088.7,636.5,691.1,1203.3
2489,137731267060590,1243.8,579.9,422.8,241.2,115.3,506.8,rx collecting results@149/0-RX-38,kernel_add_rmsnorm_71@25/0-worker,1240.4,1112.7,745.5,765.3,1226.4
2490,137731273098720,1166.6,559.5,480.0,127.2,95.8,471.6,kernel_add_rmsnorm_71@25/0-worker,prepare streams@25/0-worker,1164.5,1041.0,585.8,595.6,1151.4
2491,137731279033752,2008.7,907.1,786.9,314.8,121.6,1349.1,notify_listener@25/0-worker,work_queue::do_work get_work@24/?-work_queue,2006.6,1349.1,594.7,605.7,1991.7
2492,137731285861518,1869.1,745.6,845.4,278.2,128.5,1714.7,assemble attention plan@24/?-work_queue,Prepare hardware matmul job@24/?-work_queue,1866.9,1007.8,216.4,230.2,1853.7
2493,137731292464385,1630.0,621.2,875.4,133.4,67.5,1322.8,notify_listener@25/0-worker,work_queue::do_work get_work@24/?-work_queue,1627.2,1322.8,564.1,575.3,1612.4
2494,137731298895149,1322.1,557.3,626.5,138.3,99.5,510.8,kernel_add_rmsnorm_71@25/0-worker,prepare streams@25/0-worker,1319.9,1190.6,612.4,623.3,1306.0
2495,137731304986588,521.9,187.3,281.5,53.1,29.1,377.6,notify_listener@25/0-worker,work_queue::do_work get_work@24/?-work_queue,519.6,377.6,122.8,127.0,504.8
2496,137731310272605,1828.0,624.6,922.1,281.2,123.0,1511.3,notify_listener@25/0-worker,work_queue::do_work get_work@24/?-work_queue,1825.5,1511.3,737.3,744.2,1812.2
2497,137731316852393,1242.6,309.9,790.0,142.7,79.9,957.0,notify_listener@25/0-worker,work_queue::do_work get_work@24/?-work_queue,1240.0,957.0,214.3,223.2,1226.4
2498,137731322897414,1192.1,249.5,813.2,129.3,68.2,878.5,notify_listener@25/0-worker,work_queue::do_work get_work@24/?-work_queue,1189.6,878.5,104.3,127.6,1176.8
2499,137731328845746,1244.0,335.1,774.7,134.2,89.8,940.4,notify_listener@25/0-worker,work_queue::do_work get_work@24/?-work_queue,1242.1,940.4,211.8,222.4,1228.9
2500,137731334865451,1222.3,326.6,776.9,118.8,64.1,933.3,notify_listener@25/0-worker,work_queue::do_work get_work@24/?-work_queue,1220.6,933.3,199.0,283.4,1207.1
2501,137731340881774,1233.9,254.0,824.5,155.4,119.3,972.8,notify_listener@25/0-worker,work_queue::do_work get_work@24/?-work_queue,1232.0,972.8,188.6,197.6,1217.1
2502,137731346947550,1164.2,225.0,802.6,136.6,66.6,898.8,notify_listener@25/0-worker,work_queue::do_work get_work@24/?-work_queue,1161.8,898.8,141.6,149.2,1148.5
2503,137731352871208,572.1,262.6,277.4,32.0,10.1,536.7,assemble attention plan@24/?-work_queue,Prepare hardware matmul job@24/?-work_queue,569.7,453.7,204.6,209.3,556.1
2504,137731358196674,1025.9,593.9,307.5,124.4,94.6,582.7,kernel_add_rmsnorm_71@25/0-worker,prepare streams@25/0-worker,1023.8,903.6,680.3,691.0,1010.9
2505,137731363984591,484.7,176.9,275.7,32.1,12.8,445.3,assemble attention plan@24/?-work_queue,Prepare hardware matmul job@24/?-work_queue,482.2,358.8,123.8,132.7,468.2
2506,137731369225627,1036.8,528.6,388.5,119.6,92.4,496.2,kernel_add_rmsnorm_71@25/0-worker,prepare streams@25/0-worker,1034.3,916.3,590.8,595.5,1020.5
2507,137731375064638,1062.1,167.9,822.3,71.9,49.6,894.9,notify_listener@25/0-worker,work_queue::do_work get_work@24/?-work_queue,1059.7,894.9,121.2,127.1,1046.6
2508,137731380907814,1201.0,265.1,794.7,141.1,86.9,890.7,notify_listener@25/0-worker,work_queue::do_work get_work@24/?-work_queue,1199.2,890.7,135.4,141.6,1184.4
2509,137731386880676,621.6,299.1,289.8,32.8,11.7,582.9,assemble attention plan@24/?-work_queue,Prepare hardware matmul job@24/?-work_queue,619.5,493.5,241.1,249.7,604.9
2510,137731392330680,2412.1,1191.2,763.4,457.5,148.3,2235.5,assemble attention plan@24/?-work_queue,Prepare hardware matmul job@24/?-work_queue,2409.8,1390.1,683.1,701.8,2394.8
2511,137731399583923,1538.9,519.5,874.5,144.9,79.8,1292.7,notify_listener@25/0-worker,work_queue::do_work get_work@24/?-work_queue,1537.0,1292.7,534.7,547.8,1522.5
2512,137731405897218,1801.2,630.0,888.8,282.4,159.7,1612.9,assemble attention plan@24/?-work_queue,Prepare hardware matmul job@24/?-work_queue,1799.1,1037.4,217.3,237.1,1784.5
2513,137731412466428,1664.1,618.2,848.6,197.3,94.2,627.8,kernel_add_rmsnorm_71@25/0-worker,prepare streams@25/0-worker,1661.8,1484.0,724.3,728.9,1647.9
2514,137731418954957,1161.8,214.4,816.1,131.3,71.2,910.2,notify_listener@25/0-worker,work_queue::do_work get_work@24/?-work_queue,1159.5,910.2,142.3,152.0,1146.2
2515,137731424888439,1220.4,253.9,792.4,174.1,129.8,922.6,notify_listener@25/0-worker,work_queue::do_work get_work@24/?-work_queue,1217.4,922.6,190.9,206.3,1203.7
2516,137731430927019,1182.5,234.0,809.3,139.2,87.8,930.8,notify_listener@25/0-worker,work_queue::do_work get_work@24/?-work_queue,1179.7,930.8,191.7,196.1,1165.5
2517,137731436866019,1307.2,502.1,666.0,139.1,95.8,460.1,kernel_add_rmsnorm_71@25/0-worker,prepare streams@25/0-worker,1302.4,1175.5,558.1,562.0,1288.5
2518,137731443010319,1179.7,504.0,553.4,122.3,91.4,449.5,kernel_add_rmsnorm_71@25/0-worker,prepare streams@25/0-worker,1177.9,1060.5,542.4,552.0,1164.8
2519,137731448959623,1555.1,488.5,797.9,268.8,138.1,1389.3,assemble attention plan@24/?-work_queue,Prepare hardware matmul job@24/?-work_queue,1553.3,850.7,112.3,120.5,1538.2
2520,137731455330383,1791.2,625.6,964.0,201.6,91.4,1583.7,notify_listener@25/0-worker,work_queue::do_work get_work@24/?-work_queue,1789.0,1583.7,709.0,721.9,1775.3
2521,137731461846878,1718.8,592.6,849.0,277.2,147.5,1544.5,assemble attention plan@24/?-work_queue,Prepare hardware matmul job@24/?-work_queue,1716.7,1022.6,210.8,289.0,1702.5
2522,137731468417899,1696.7,620.4,869.0,207.2,88.3,576.8,kernel_add_rmsnorm_71@25/0-worker,prepare streams@25/0-worker,1694.7,1475.9,668.0,681.3,1680.6
2523,137731474889406,1245.8,236.6,963.4,45.8,25.7,1106.5,notify_listener@25/0-worker,work_queue::do_work get_work@24/?-work_queue,1243.2,1106.5,332.8,337.3,1229.8
2524,137731480930961,1651.8,537.8,829.7,284.4,148.5,1478.8,assemble attention plan@24/?-work_queue,Prepare hardware matmul job@24/?-work_queue,1649.2,951.5,169.0,176.8,1637.0
2525,137731487632081,1491.9,466.9,912.2,112.8,87.7,1285.5,notify_listener@25/0-worker,work_queue::do_work get_work@24/?-work_queue,1489.5,1285.5,422.9,432.8,1476.2
2526,137731493937519,2124.0,993.2,835.0,295.8,97.7,497.0,kernel_add_rmsnorm_71@25/0-worker,prepare streams@25/0-worker,2121.5,1401.2,597.0,649.6,2107.0
2527,137731500903790,1903.1,658.7,791.3,453.0,316.7,1560.0,assemble attention plan@24/?-work_queue,Prepare hardware matmul job@24/?-work_queue,1901.0,929.0,182.8,195.9,1886.1
2528,137731507626292,1479.5,586.3,765.0,128.2,80.3,1131.7,notify_listener@25/0-worker,work_queue::do_work get_work@24/?-work_queue,1476.8,1131.7,410.8,429.0,1447.5
2529,137731513892194,1244.1,227.5,952.2,64.5,41.5,1074.6,notify_listener@25/0-worker,work_queue::do_work get_work@24/?-work_queue,1242.5,1074.6,185.3,189.6,1222.9
2530,137731519966064,569.7,174.0,361.1,34.5,11.5,529.9,assemble attention plan@24/?-work_queue,Prepare hardware matmul job@24/?-work_queue,567.9,440.0,130.4,134.2,560.6
2531,137731525315228,1082.7,603.7,349.3,129.7,91.7,531.4,kernel_add_rmsnorm_71@25/0-worker,prepare streams@25/0-worker,1080.2,939.0,625.6,639.2,1057.6
2532,137731531210913,1357.4,574.7,292.2,490.5,365.4,858.3,notify_listener@25/0-worker,work_queue::do_work get_work@24/?-work_queue,1355.6,858.3,596.0,599.4,1333.4
2533,137731537337916,1767.2,689.1,833.3,244.9,123.5,1430.2,notify_listener@25/0-worker,work_queue::do_work get_work@24/?-work_queue,1764.9,1430.2,681.8,686.5,1751.9
2534,137731543965976,1650.5,573.1,796.6,280.8,148.2,1465.0,assemble attention plan@24/?-work_queue,Prepare hardware matmul job@24/?-work_queue,1647.2,872.4,119.9,136.4,1633.0
2535,137731550426063,1985.2,909.6,735.4,340.2,139.2,1808.0,assemble attention plan@24/?-work_queue,Prepare hardware matmul job@24/?-work_queue,1983.2,1274.5,584.1,592.6,1967.8
2536,137731557283275,1053.8,573.9,346.4,133.4,99.0,462.3,kernel_add_rmsnorm_71@25/0-worker,prepare streams@25/0-worker,1052.0,910.1,579.7,597.6,1037.5
2537,137731563106186,1957.6,912.8,823.7,221.1,87.4,1355.1,notify_listener@25/0-worker,work_queue::do_work get_work@24/?-work_queue,1955.2,1355.1,565.1,576.3,1941.5
2538,137731569895699,1666.6,575.7,840.3,250.6,142.9,1498.5,assemble attention plan@24/?-work_queue,Prepare hardware matmul job@24/?-work_queue,1665.1,952.0,185.3,189.9,1651.7
2539,137731576322797,972.8,584.6,261.1,127.1,93.6,521.6,kernel_add_rmsnorm_71@25/0-worker,prepare streams@25/0-worker,970.1,845.9,617.9,631.2,956.5
2540,137731582131195,1144.8,585.6,441.6,117.6,85.1,501.4,kernel_add_rmsnorm_71@25/0-worker,prepare streams@25/0-worker,1144.5,1018.5,589.8,635.3,1128.8
2541,137731588040660,1193.7,545.7,522.5,125.5,87.3,541.9,kernel_add_rmsnorm_71@25/0-worker,prepare streams@25/0-worker,1191.7,1061.4,634.0,701.5,1177.9
2542,137731594060195,1188.5,625.9,440.5,122.1,92.3,548.7,kernel_add_rmsnorm_71@25/0-worker,prepare streams@25/0-worker,1186.6,1063.6,643.5,656.1,1173.4
2543,137731600021277,1289.3,649.7,516.6,122.9,87.9,690.8,kernel_add_rmsnorm_71@25/0-worker,prepare streams@25/0-worker,1287.1,1156.6,781.0,788.4,1272.3
2544,137731606137008,1294.0,772.4,334.2,187.4,109.0,696.1,kernel_add_rmsnorm_71@25/0-worker,prepare streams@25/0-worker,1291.0,1113.7,808.0,816.2,1276.7
2545,137731612206558,1164.9,664.5,353.2,147.3,107.6,605.9,kernel_add_rmsnorm_71@25/0-worker,prepare streams@25/0-worker,1162.4,1027.7,715.8,729.7,1149.3
2546,137731618280186,1817.0,760.6,824.5,231.9,98.0,548.1,kernel_add_rmsnorm_71@25/0-worker,prepare streams@25/0-worker,1814.5,1425.5,648.8,656.3,1800.6
2547,137731624860258,662.5,271.2,354.0,37.3,12.5,623.5,assemble attention plan@24/?-work_queue,Prepare hardware matmul job@24/?-work_queue,659.8,530.0,226.9,231.2,645.5
2548,137731630436803,1650.5,647.7,815.7,187.0,84.5,1359.7,notify_listener@25/0-worker,work_queue::do_work get_work@24/?-work_queue,1648.1,1359.7,576.1,587.7,1634.6
2549,137731636878074,1231.4,278.9,827.4,125.1,82.3,966.1,notify_listener@25/0-worker,work_queue::do_work get_work@24/?-work_queue,1229.5,966.1,204.1,212.9,1215.3
2550,137731642931828,557.0,165.3,356.1,35.5,13.7,427.1,notify_listener@25/0-worker,work_queue::do_work get_work@24/?-work_queue,554.6,427.1,121.2,126.2,541.2
2551,137731648240931,1120.6,627.5,364.4,128.6,98.2,550.9,kernel_add_rmsnorm_71@25/0-worker,prepare streams@25/0-worker,1118.5,997.3,666.5,677.8,1104.5
2552,137731654218536,1108.5,593.4,379.6,135.5,96.4,539.8,kernel_add_rmsnorm_71@25/0-worker,prepare streams@25/0-worker,1106.1,973.3,639.3,651.1,1092.9
2553,137731660101191,1185.5,660.9,398.6,125.9,92.0,616.1,kernel_add_rmsnorm_71@25/0-worker,prepare streams@25/0-worker,1183.5,1062.3,711.7,720.9,1169.1
2554,137731666108326,1214.7,680.2,401.3,133.1,97.7,622.1,kernel_add_rmsnorm_71@25/0-worker,prepare streams@25/0-worker,1212.7,1085.4,723.1,731.8,1199.3
2555,137731672104053,1957.3,950.9,781.4,225.0,98.0,614.1,kernel_add_rmsnorm_71@25/0-worker,prepare streams@25/0-worker,1955.4,1452.9,714.7,720.6,1942.2
2556,137731678867647,1662.5,569.9,792.1,300.6,137.2,1498.2,assemble attention plan@24/?-work_queue,Prepare hardware matmul job@24/?-work_queue,1660.2,936.0,202.8,209.8,1645.3
2557,137731685299024,1017.5,663.4,231.1,122.9,89.6,540.0,kernel_add_rmsnorm_71@25/0-worker,prepare streams@25/0-worker,1015.2,890.4,632.5,643.2,1000.4
2558,137731691158410,1169.7,672.7,377.4,119.6,86.5,627.8,kernel_add_rmsnorm_71@25/0-worker,prepare streams@25/0-worker,1167.7,1044.1,716.5,723.9,1153.5
2559,137731697119011,1174.3,575.5,462.4,136.3,91.9,523.4,kernel_add_rmsnorm_71@25/0-worker,prepare streams@25/0-worker,1172.4,1037.4,617.7,625.7,1158.2
2560,137731703099834,1214.9,680.6,409.4,124.9,91.5,638.0,kernel_add_rmsnorm_71@25/0-worker,prepare streams@25/0-worker,1212.3,1083.8,732.7,739.3,1197.7
2561,137731709086129,1095.4,625.6,339.5,130.3,89.4,556.7,kernel_add_rmsnorm_71@25/0-worker,prepare streams@25/0-worker,1092.7,959.9,649.1,654.7,1074.7
2562,137731715010568,1238.7,605.9,507.5,125.4,95.5,531.4,kernel_add_rmsnorm_71@25/0-worker,prepare streams@25/0-worker,1235.8,1100.9,629.2,638.3,1214.4
2563,137731721078491,1209.9,605.2,472.2,132.6,89.6,534.8,kernel_add_rmsnorm_71@25/0-worker,prepare streams@25/0-worker,1208.3,1065.2,627.4,640.7,1182.6
2564,137731727126094,1132.8,595.9,400.8,136.1,97.9,548.1,kernel_add_rmsnorm_71@25/0-worker,prepare streams@25/0-worker,1130.5,1004.5,648.8,655.1,1111.3
2565,137731733050434,1216.0,641.1,448.5,126.4,92.4,572.8,kernel_add_rmsnorm_71@25/0-worker,prepare streams@25/0-worker,1213.6,1065.3,668.2,678.6,1178.7
2566,137731739103696,1180.6,615.0,425.6,140.0,103.7,645.6,kernel_add_rmsnorm_71@25/0-worker,prepare streams@25/0-worker,1177.9,1047.5,751.7,755.4,1159.2
2567,137731745194225,1114.7,574.2,413.8,126.7,87.5,498.9,kernel_add_rmsnorm_71@25/0-worker,prepare streams@25/0-worker,1112.0,978.2,588.8,596.3,1097.2
2568,137731751166965,1084.4,614.9,341.8,127.8,95.2,533.1,kernel_add_rmsnorm_71@25/0-worker,prepare streams@25/0-worker,1081.9,950.8,634.7,644.1,1067.3
2569,137731757040684,1247.0,574.9,553.3,118.7,83.6,542.4,kernel_add_rmsnorm_71@25/0-worker,prepare streams@25/0-worker,1244.9,1109.1,627.6,634.3,1231.8
2570,137731763085036,1208.5,608.9,481.9,117.7,89.6,606.7,kernel_add_rmsnorm_71@25/0-worker,prepare streams@25/0-worker,1206.9,1081.5,699.0,704.4,1194.0
2571,137731769098123,1170.5,583.6,454.3,132.6,98.1,525.3,kernel_add_rmsnorm_71@25/0-worker,prepare streams@25/0-worker,1167.7,1032.8,626.4,630.9,1153.6
2572,137731775107252,2002.5,908.3,876.9,217.3,88.5,1682.7,notify_listener@25/0-worker,work_queue::do_work get_work@24/?-work_queue,2000.5,1682.7,907.2,914.2,1987.5
2573,137731781916062,1203.0,247.0,814.1,141.9,76.3,924.1,notify_listener@25/0-worker,work_queue::do_work get_work@24/?-work_queue,1201.2,924.1,157.0,168.5,1187.4
2574,137731787946414,1605.3,619.1,741.4,244.8,145.4,1433.4,assemble attention plan@24/?-work_queue,Prepare hardware matmul job@24/?-work_queue,1602.8,907.1,155.5,234.3,1588.9
2575,137731794332559,974.5,588.1,254.9,131.5,96.4,491.5,kernel_add_rmsnorm_71@25/0-worker,prepare streams@25/0-worker,972.5,843.5,590.1,633.0,958.4
2576,137731800159806,1086.6,590.7,368.1,127.8,89.6,465.2,kernel_add_rmsnorm_71@25/0-worker,prepare streams@25/0-worker,1084.3,956.3,557.4,700.3,1070.6
2577,137731806071869,1199.0,641.7,434.3,123.0,90.6,568.8,kernel_add_rmsnorm_71@25/0-worker,prepare streams@25/0-worker,1199.4,1072.3,661.6,707.0,1183.2
2578,137731812190819,1144.6,644.3,369.6,130.7,93.7,567.7,kernel_add_rmsnorm_71@25/0-worker,prepare streams@25/0-worker,1142.8,1013.5,663.8,729.5,1128.0
2579,137731818150615,1139.5,558.3,463.9,117.2,89.0,488.1,kernel_add_rmsnorm_71@25/0-worker,prepare streams@25/0-worker,1136.7,1015.7,580.1,584.6,1123.8
2580,137731824098854,1137.0,569.2,436.1,131.7,91.1,493.5,kernel_add_rmsnorm_71@25/0-worker,prepare streams@25/0-worker,1135.3,1009.6,602.6,615.6,1122.0
2581,137731830010375,2197.2,1013.0,831.9,352.4,146.4,2024.7,assemble attention plan@24/?-work_queue,Prepare hardware matmul job@24/?-work_queue,2195.3,1478.4,699.0,708.6,2180.9
2582,137731837066303,1152.4,555.2,468.3,129.0,99.9,481.1,kernel_add_rmsnorm_71@25/0-worker,prepare streams@25/0-worker,1150.4,1026.1,583.5,587.7,1135.5
2583,137731843010136,1230.7,643.6,454.3,132.8,105.4,625.4,kernel_add_rmsnorm_71@25/0-worker,prepare streams@25/0-worker,1229.2,1106.6,732.9,744.6,1214.7
2584,137731849082722,1177.4,563.0,490.9,123.5,91.3,504.3,kernel_add_rmsnorm_71@25/0-worker,prepare streams@25/0-worker,1175.1,1054.1,597.9,616.1,1161.5
2585,137731855062294,1256.9,761.7,364.0,131.3,99.4,694.2,kernel_add_rmsnorm_71@25/0-worker,prepare streams@25/0-worker,1254.5,1129.3,795.8,801.3,1241.5
2586,137731861164755,1112.9,544.7,437.9,130.4,93.7,469.7,kernel_add_rmsnorm_71@25/0-worker,prepare streams@25/0-worker,1111.4,985.4,566.4,577.1,1096.8
2587,137731867108252,1202.4,748.9,327.7,125.8,92.4,706.1,kernel_add_rmsnorm_71@25/0-worker,prepare streams@25/0-worker,1200.8,1073.0,801.2,811.8,1186.3
2588,137731873242710,1055.9,571.7,359.2,125.0,92.7,506.1,kernel_add_rmsnorm_71@25/0-worker,prepare streams@25/0-worker,1053.2,931.7,601.8,614.1,1039.9
2589,137731879063311,1064.9,164.2,815.2,85.6,60.6,887.2,notify_listener@25/0-worker,work_queue::do_work get_work@24/?-work_queue,1062.8,887.2,139.6,146.6,1048.2
2590,137731885015034,1208.9,585.2,506.5,117.2,84.1,518.4,kernel_add_rmsnorm_71@25/0-worker,prepare streams@25/0-worker,1206.8,1082.6,604.6,612.9,1192.7
2591,137731891009057,2041.6,976.5,828.0,237.1,90.9,665.4,kernel_add_rmsnorm_71@25/0-worker,prepare streams@25/0-worker,2039.2,1492.1,758.2,770.5,2024.9
2592,137731897895826,609.9,245.6,331.2,33.1,12.4,570.9,assemble attention plan@24/?-work_queue,Prepare hardware matmul job@24/?-work_queue,607.7,482.9,176.8,187.8,593.4
2593,137731903281821,2336.3,1291.1,742.6,302.6,168.5,2142.2,assemble attention plan@24/?-work_queue,Prepare hardware matmul job@24/?-work_queue,2334.2,1503.0,754.0,758.1,2321.3
2594,137731910490629,2021.3,945.3,719.8,356.2,162.7,1832.3,assemble attention plan@24/?-work_queue,Prepare hardware matmul job@24/?-work_queue,2018.7,1212.6,526.0,540.3,2005.2
2595,137731917330553,2245.3,989.0,964.3,292.0,151.6,2068.7,assemble attention plan@24/?-work_queue,Prepare hardware matmul job@24/?-work_queue,2243.5,1531.7,686.7,696.9,2230.2
2596,137731924426850,2154.9,978.6,853.9,322.4,167.0,1959.2,assemble attention plan@24/?-work_queue,Prepare hardware matmul job@24/?-work_queue,2152.1,1381.8,587.1,605.1,2136.6
2597,137731931379600,1049.3,582.2,345.8,121.3,86.8,520.3,kernel_add_rmsnorm_71@25/0-worker,prepare streams@25/0-worker,1047.3,920.2,609.9,615.6,1033.7
2598,137731937348499,1000.2,609.5,254.7,135.9,105.9,538.0,kernel_add_rmsnorm_71@25/0-worker,prepare streams@25/0-worker,997.9,875.0,646.7,658.9,983.2
2599,137731943107432,1185.4,670.1,384.5,130.8,93.0,683.3,kernel_add_rmsnorm_71@25/0-worker,prepare streams@25/0-worker,1182.8,1054.2,779.0,799.4,1168.2
2600,137731949105847,1145.0,612.1,407.7,125.2,91.7,538.4,kernel_add_rmsnorm_71@25/0-worker,prepare streams@25/0-worker,1143.1,1017.3,632.8,640.2,1129.8
2601,137731955075135,1272.6,759.4,387.4,125.9,84.7,724.2,kernel_add_rmsnorm_71@25/0-worker,prepare streams@25/0-worker,1269.8,1087.0,811.4,827.5,1255.6
2602,137731961212318,1928.7,865.5,806.7,256.6,107.6,1489.3,notify_listener@25/0-worker,work_queue::do_work get_work@24/?-work_queue,1926.0,1489.3,747.5,761.1,1906.9
2603,137731967986133,1164.6,184.2,840.6,139.7,117.3,903.9,notify_listener@25/0-worker,work_queue::do_work get_work@24/?-work_queue,1162.6,903.9,123.6,138.0,1143.6
2604,137731974005355,1121.8,166.8,852.7,102.3,71.5,906.3,notify_listener@25/0-worker,work_queue::do_work get_work@24/?-work_queue,1119.7,906.3,105.0,120.0,1098.6
2605,137731980006111,1285.5,643.1,495.2,147.2,111.7,546.8,kernel_add_rmsnorm_71@25/0-worker,prepare streams@25/0-worker,1282.7,1128.6,660.9,668.5,1261.2
2606,137731986126770,1132.3,606.9,407.7,117.7,88.8,561.5,kernel_add_rmsnorm_71@25/0-worker,prepare streams@25/0-worker,1130.5,999.7,653.3,666.1,1110.8
2607,137731992077409,1078.9,174.9,788.3,115.7,86.8,843.9,notify_listener@25/0-worker,work_queue::do_work get_work@24/?-work_queue,1076.8,843.9,104.4,110.6,1039.8
2608,137731997987336,490.1,183.1,271.2,35.7,11.3,430.0,assemble attention plan@24/?-work_queue,Prepare hardware matmul job@24/?-work_queue,487.4,336.3,114.9,119.0,473.4
2609,137732003250995,1040.4,589.1,315.4,135.8,99.9,511.4,kernel_add_rmsnorm_71@25/0-worker,prepare streams@25/0-worker,1038.0,899.1,614.2,626.9,1024.1
2610,137732009112535,1037.9,156.0,849.2,32.7,11.2,994.5,assemble attention plan@24/?-work_queue,Prepare hardware matmul job@24/?-work_queue,1035.9,906.0,93.8,103.4,1022.5
2611,137732014972884,566.7,182.5,346.8,37.4,14.4,428.0,notify_listener@25/0-worker,work_queue::do_work get_work@24/?-work_queue,563.7,428.0,123.3,129.6,551.1
2612,137732020417831,984.4,542.6,402.7,39.1,12.1,938.0,assemble attention plan@24/?-work_queue,Prepare hardware matmul job@24/?-work_queue,981.9,852.7,600.7,609.1,967.2
2613,137732026249660,1879.5,640.6,1071.6,167.3,121.2,1633.0,notify_listener@25/0-worker,work_queue::do_work get_work@24/?-work_queue,1877.5,1633.0,765.0,776.6,1863.3
2614,137732032990945,1236.2,560.4,549.5,126.3,98.5,464.1,kernel_add_rmsnorm_71@25/0-worker,prepare streams@25/0-worker,1234.6,1091.6,564.6,570.8,1221.0
2615,137732039127858,1189.0,599.9,434.1,155.1,118.8,554.0,kernel_add_rmsnorm_71@25/0-worker,prepare streams@25/0-worker,1186.2,1041.9,675.7,682.9,1173.0
2616,137732045187343,1153.8,667.4,355.2,131.1,103.1,597.2,kernel_add_rmsnorm_71@25/0-worker,prepare streams@25/0-worker,1151.7,1025.5,702.4,768.1,1137.2
2617,137732051164191,1104.0,590.1,373.1,140.8,98.0,558.6,kernel_add_rmsnorm_71@25/0-worker,prepare streams@25/0-worker,1101.7,973.5,658.6,704.0,1088.0
2618,137732057074200,1048.3,160.5,794.9,92.8,71.6,859.5,notify_listener@25/0-worker,work_queue::do_work get_work@24/?-work_queue,1046.2,859.5,121.0,129.5,1033.3
2619,137732062986786,1136.7,170.5,834.9,131.3,107.7,911.4,notify_listener@25/0-worker,work_queue::do_work get_work@24/?-work_queue,1134.4,911.4,128.1,142.4,1120.9
2620,137732068939427,1191.8,196.0,968.9,26.9,10.4,1155.6,assemble attention plan@24/?-work_queue,Prepare hardware matmul job@24/?-work_queue,1189.3,1066.4,148.9,162.0,1175.7
2621,137732074983839,563.5,172.6,350.6,40.4,14.6,428.3,notify_listener@25/0-worker,work_queue::do_work get_work@24/?-work_queue,561.2,428.3,125.6,131.5,547.9
2622,137732080393454,1730.8,574.0,959.1,197.7,99.7,518.5,kernel_add_rmsnorm_71@25/0-worker,prepare streams@25/0-worker,1728.1,1528.2,620.5,629.7,1714.3
2623,137732086998150,508.4,159.8,308.0,40.6,15.2,465.8,assemble attention plan@24/?-work_queue,Prepare hardware matmul job@24/?-work_queue,505.3,370.8,110.6,117.4,490.6
2624,137732092309796,1626.3,495.6,826.6,304.2,177.8,1423.2,assemble attention plan@24/?-work_queue,Prepare hardware matmul job@24/?-work_queue,1624.7,888.6,105.9,109.9,1610.8
2625,137732098881868,656.2,273.0,347.7,35.5,12.9,505.2,notify_listener@25/0-worker,work_queue::do_work get_work@24/?-work_queue,653.9,505.2,198.3,204.6,639.6
2626,137732104340606,462.4,159.8,270.1,32.5,11.3,422.8,assemble attention plan@24/?-work_queue,Prepare hardware matmul job@24/?-work_queue,459.6,336.0,96.5,101.5,444.5
2627,137732109711414,1384.0,446.6,789.3,148.2,93.0,1076.0,notify_listener@25/0-worker,work_queue::do_work get_work@24/?-work_queue,1381.8,1076.0,326.8,331.2,1367.2
2628,137732115953173,1166.8,193.4,886.4,87.1,64.4,986.9,notify_listener@25/0-worker,work_queue::do_work get_work@24/?-work_queue,1164.7,986.9,142.6,155.7,1151.5
2629,137732121987948,1133.5,164.5,812.4,156.6,118.9,873.2,notify_listener@25/0-worker,work_queue::do_work get_work@24/?-work_queue,1130.8,873.2,110.6,119.5,1116.1
2630,137732128054824,2580.3,1352.9,825.3,402.2,142.4,2412.3,assemble attention plan@24/?-work_queue,Prepare hardware matmul job@24/?-work_queue,2578.5,1515.3,746.2,750.2,2564.8
2631,137732135507266,1618.4,574.8,903.5,140.2,82.3,1369.2,notify_listener@25/0-worker,work_queue::do_work get_work@24/?-work_queue,1615.8,1369.2,526.0,533.2,1600.5
2632,137732142128972,1222.4,721.8,368.8,131.8,95.5,653.2,kernel_add_rmsnorm_71@25/0-worker,prepare streams@25/0-worker,1215.4,1085.1,753.0,762.2,1202.0
2633,137732148195907,1111.8,582.2,407.0,122.6,92.9,629.7,kernel_add_rmsnorm_71@25/0-worker,prepare streams@25/0-worker,1109.5,977.9,725.5,732.5,1091.0
2634,137732154178610,1123.9,587.1,408.1,128.7,90.9,500.6,kernel_add_rmsnorm_71@25/0-worker,prepare streams@25/0-worker,1121.4,979.4,607.5,612.3,1099.6
2635,137732160109492,1207.6,605.3,479.1,123.2,87.2,613.6,kernel_add_rmsnorm_71@25/0-worker,prepare streams@25/0-worker,1205.9,1054.5,703.8,718.5,1170.6
2636,137732166155121,2337.0,1013.9,894.0,429.1,151.4,1525.0,notify_listener@25/0-worker,work_queue::do_work get_work@24/?-work_queue,2334.8,1525.0,700.7,712.5,2316.3
2637,137732173335768,1013.6,598.5,286.9,128.2,95.1,506.1,kernel_add_rmsnorm_71@25/0-worker,prepare streams@25/0-worker,1011.0,859.5,604.1,668.2,988.8
2638,137732179155382,994.8,574.3,276.5,144.0,100.6,496.1,kernel_add_rmsnorm_71@25/0-worker,prepare streams@25/0-worker,992.5,839.3,598.8,604.4,966.8
2639,137732184961547,1283.6,616.2,534.2,133.2,98.1,564.9,kernel_add_rmsnorm_71@25/0-worker,prepare streams@25/0-worker,1280.6,1133.1,664.9,676.5,1244.9
2640,137732191071608,1224.5,608.7,478.7,137.1,103.2,564.0,kernel_add_rmsnorm_71@25/0-worker,prepare streams@25/0-worker,1222.4,1085.4,670.4,681.2,1208.2
2641,137732197159103,1164.2,595.1,452.6,116.4,84.3,597.9,kernel_add_rmsnorm_71@25/0-worker,prepare streams@25/0-worker,1162.5,1028.8,684.9,692.5,1149.9
2642,137732203184672,1134.1,576.6,431.1,126.5,87.7,502.6,kernel_add_rmsnorm_71@25/0-worker,prepare streams@25/0-worker,1131.7,986.6,593.4,602.4,1116.4
2643,137732209206857,1875.0,874.1,759.7,241.3,93.1,1299.0,notify_listener@25/0-worker,work_queue::do_work get_work@24/?-work_queue,1873.3,1299.0,575.6,584.8,1858.7
2644,137732215936284,519.7,204.7,272.5,42.5,16.6,373.4,notify_listener@25/0-worker,work_queue::do_work get_work@24/?-work_queue,517.3,373.4,146.1,160.0,503.9
2645,137732221288768,1016.6,570.9,332.6,113.1,83.7,495.7,kernel_add_rmsnorm_71@25/0-worker,prepare streams@25/0-worker,1014.4,884.6,582.3,590.1,1000.3
2646,137732227159673,2097.9,924.3,791.2,382.5,119.4,1375.1,notify_listener@25/0-worker,work_queue::do_work get_work@24/?-work_queue,2095.6,1375.1,609.2,614.6,2081.2
2647,137732234142222,1147.5,588.4,434.4,124.7,93.0,513.3,kernel_add_rmsnorm_71@25/0-worker,prepare streams@25/0-worker,1145.4,1009.9,608.2,612.5,1130.5
2648,137732240135898,1286.7,665.3,491.1,130.3,93.5,721.3,kernel_add_rmsnorm_71@25/0-worker,prepare streams@25/0-worker,1284.3,1132.2,818.1,844.4,1271.4
2649,137732246248673,1056.2,670.0,257.7,128.5,100.8,585.6,kernel_add_rmsnorm_71@25/0-worker,prepare streams@25/0-worker,1054.1,934.2,689.3,743.9,1041.5
2650,137732252116472,1137.3,591.8,421.9,123.7,87.8,530.9,kernel_add_rmsnorm_71@25/0-worker,prepare streams@25/0-worker,1134.8,999.1,621.7,637.2,1121.1
2651,137732258079996,1175.6,550.0,506.9,118.8,89.3,482.0,kernel_add_rmsnorm_71@25/0-worker,prepare streams@25/0-worker,1172.4,1047.3,574.2,585.4,1158.8
2652,137732264092234,2020.5,860.3,860.9,299.2,127.5,1694.0,notify_listener@25/0-worker,work_queue::do_work get_work@24/?-work_queue,2018.8,1694.0,919.7,931.4,2004.2
2653,137732271089634,1204.5,669.7,400.2,134.6,105.4,587.2,kernel_add_rmsnorm_71@25/0-worker,prepare streams@25/0-worker,1202.1,1079.0,695.8,703.6,1188.4
2654,137732277156192,1906.4,837.8,808.4,260.2,110.1,1333.5,notify_listener@25/0-worker,work_queue::do_work get_work@24/?-work_queue,1904.1,1333.5,546.6,556.6,1899.6
2655,137732283944387,1174.1,238.9,807.7,127.5,78.9,908.5,notify_listener@25/0-worker,work_queue::do_work get_work@24/?-work_queue,1171.9,908.5,146.2,157.1,1155.7
2656,137732290007217,1221.2,610.9,488.1,122.2,92.6,545.8,kernel_add_rmsnorm_71@25/0-worker,prepare streams@25/0-worker,1218.8,1094.1,641.5,662.2,1206.5
2657,137732296104091,1130.2,551.9,451.9,126.4,93.1,486.2,kernel_add_rmsnorm_71@25/0-worker,prepare streams@25/0-worker,1128.3,1003.8,582.2,594.9,1114.2
2658,137732302150175,1110.2,537.7,439.5,133.0,95.6,465.4,kernel_add_rmsnorm_71@25/0-worker,prepare streams@25/0-worker,1108.1,980.4,564.4,573.6,1095.4
2659,137732308146725,1105.8,572.2,400.4,133.2,100.4,507.9,kernel_add_rmsnorm_71@25/0-worker,prepare streams@25/0-worker,1103.9,978.0,610.3,615.6,1089.4
2660,137732314142966,1226.3,587.7,503.3,135.4,94.4,674.9,kernel_add_rmsnorm_71@25/0-worker,prepare streams@25/0-worker,1223.3,1096.2,771.8,779.2,1210.8
2661,137732320200320,1109.4,559.3,424.0,126.1,97.1,488.1,kernel_add_rmsnorm_71@25/0-worker,prepare streams@25/0-worker,1107.1,981.4,602.6,608.5,1093.6
2662,137732326198514,1065.0,573.8,377.9,113.3,80.4,497.7,kernel_add_rmsnorm_71@25/0-worker,prepare streams@25/0-worker,1063.1,935.5,581.1,586.8,1048.4
2663,137732332106010,1144.6,621.7,393.1,129.8,95.9,555.5,kernel_add_rmsnorm_71@25/0-worker,prepare streams@25/0-worker,1142.2,1016.7,654.1,660.4,1128.2
2664,137732338125156,1220.4,822.0,265.4,133.1,94.3,756.1,kernel_add_rmsnorm_71@25/0-worker,prepare streams@25/0-worker,1217.8,1092.0,863.5,881.9,1205.5
2665,137732344147543,1222.4,669.3,431.8,121.4,93.0,629.8,kernel_add_rmsnorm_71@25/0-worker,prepare streams@25/0-worker,1220.4,1092.3,728.9,737.2,1205.7
2666,137732350229955,1094.9,582.9,379.7,132.3,86.0,526.2,kernel_add_rmsnorm_71@25/0-worker,prepare streams@25/0-worker,1092.9,956.8,615.3,622.8,1079.4
2667,137732356151981,1112.7,621.9,366.0,124.8,94.7,565.5,kernel_add_rmsnorm_71@25/0-worker,prepare streams@25/0-worker,1110.9,985.5,663.3,669.0,1096.7
2668,137732362144236,1143.7,687.7,334.5,121.5,84.6,648.0,kernel_add_rmsnorm_71@25/0-worker,prepare streams@25/0-worker,1141.9,1015.6,735.7,749.5,1128.9
2669,137732368123572,1985.6,671.1,1038.8,275.7,96.1,1699.8,notify_listener@25/0-worker,work_queue::do_work get_work@24/?-work_queue,1983.8,1699.8,891.6,900.7,1969.0
2670,137732375006814,1015.2,516.7,398.1,100.4,93.0,551.3,kernel_add_rmsnorm_71@25/0-worker,prepare streams@25/0-worker,649.5,1015.2,645.8,649.5,
2671,137732377403058,692.8,509.5,8.3,175.0,132.2,508.1,assemble attention plan@24/?-work_queue,Prepare hardware matmul job@24/?-work_queue,690.4,,,,
2672,137732383023798,2342.6,987.7,810.7,544.2,303.8,2001.7,assemble attention plan@24/?-work_queue,Prepare hardware matmul job@24/?-work_queue,2340.6,1359.6,590.4,611.8,2315.4
2673,137732390247541,1114.7,623.3,363.8,127.5,99.0,550.7,kernel_add_rmsnorm_71@25/0-worker,prepare streams@25/0-worker,1112.1,975.7,652.1,662.2,1089.6
2674,137732396188116,1130.8,618.7,391.5,120.5,87.1,546.0,kernel_add_rmsnorm_71@25/0-worker,prepare streams@25/0-worker,1128.8,995.7,635.8,647.6,1109.4
2675,137732402143401,1152.3,565.2,464.6,122.4,91.7,496.5,kernel_add_rmsnorm_71@25/0-worker,prepare streams@25/0-worker,1150.7,1014.7,591.2,600.0,1127.2
2676,137732408160930,1166.5,616.6,414.0,135.9,93.9,607.3,kernel_add_rmsnorm_71@25/0-worker,prepare streams@25/0-worker,1164.3,1030.0,704.0,715.0,1144.2
2677,137732414190575,1108.6,562.1,417.4,129.1,94.8,488.9,kernel_add_rmsnorm_71@25/0-worker,prepare streams@25/0-worker,1108.6,970.4,586.6,590.8,1085.8
2678,137732420176066,1135.7,645.5,360.4,129.8,93.8,555.4,kernel_add_rmsnorm_71@25/0-worker,prepare streams@25/0-worker,1133.9,968.3,651.9,714.8,1084.3
2679,137732426125228,1959.3,824.9,872.1,262.2,109.1,492.3,kernel_add_rmsnorm_71@25/0-worker,prepare streams@25/0-worker,1957.2,1427.7,604.2,611.3,1931.7
2680,137732432964176,1693.3,580.5,808.3,304.5,139.0,1519.8,assemble attention plan@24/?-work_queue,Prepare hardware matmul job@24/?-work_queue,1691.0,886.4,126.2,139.1,1668.9
2681,137732439484145,1614.7,650.9,778.3,185.5,94.6,1286.7,notify_listener@25/0-worker,work_queue::do_work get_work@24/?-work_queue,1612.7,1286.7,542.4,550.6,1583.8
2682,137732446092085,2105.4,952.1,802.5,350.8,147.9,1923.4,assemble attention plan@24/?-work_queue,Prepare hardware matmul job@24/?-work_queue,2102.7,1337.4,571.0,574.8,2081.3
2683,137732453058880,1194.0,568.5,491.0,134.6,97.2,530.8,kernel_add_rmsnorm_71@25/0-worker,prepare streams@25/0-worker,1191.6,1056.4,630.4,645.3,1176.6
2684,137732459117125,1166.5,556.9,473.7,135.9,101.3,491.4,kernel_add_rmsnorm_71@25/0-worker,prepare streams@25/0-worker,1164.2,1028.6,594.8,599.7,1149.8
2685,137732465173051,2134.8,940.0,788.5,406.3,135.1,1963.1,assemble attention plan@24/?-work_queue,Prepare hardware matmul job@24/?-work_queue,2132.7,1357.0,601.9,609.8,2119.3
2686,137732472180599,1144.0,614.6,421.3,108.1,77.9,590.3,kernel_add_rmsnorm_71@25/0-worker,prepare streams@25/0-worker,1142.1,1012.9,670.5,674.0,1128.9
2687,137732478210508,2284.0,975.3,903.4,405.4,157.3,2091.8,assemble attention plan@24/?-work_queue,Prepare hardware matmul job@24/?-work_queue,2281.9,1485.5,633.9,645.2,2267.5
2688,137732485364411,989.7,591.8,269.4,128.5,94.5,517.8,kernel_add_rmsnorm_71@25/0-worker,prepare streams@25/0-worker,987.3,845.6,614.1,620.3,972.1
2689,137732491267981,1072.3,572.0,371.9,128.4,93.4,502.2,kernel_add_rmsnorm_71@25/0-worker,prepare streams@25/0-worker,1069.7,930.4,599.2,602.8,1055.4
2690,137732497181505,1139.7,630.0,381.4,128.3,96.3,543.0,kernel_add_rmsnorm_71@25/0-worker,prepare streams@25/0-worker,1136.9,1005.0,655.8,669.1,1122.7
2691,137732503167482,1227.5,621.2,483.4,122.8,91.9,679.5,kernel_add_rmsnorm_71@25/0-worker,prepare streams@25/0-worker,1225.3,1089.8,773.5,787.3,1211.3
2692,137732509231445,1038.0,551.1,357.8,129.1,92.9,484.8,kernel_add_rmsnorm_71@25/0-worker,prepare streams@25/0-worker,1036.3,906.1,580.6,590.9,1023.1
2693,137732515105478,1157.4,555.7,455.9,145.8,111.7,459.8,kernel_add_rmsnorm_71@25/0-worker,prepare streams@25/0-worker,1155.2,1009.9,574.8,582.0,1141.3
2694,137732521099349,1153.4,554.6,471.7,127.1,94.1,492.6,kernel_add_rmsnorm_71@25/0-worker,prepare streams@25/0-worker,1151.2,1022.5,589.1,596.1,1137.9
2695,137732527125019,1209.8,771.8,311.2,126.8,90.5,707.2,kernel_add_rmsnorm_71@25/0-worker,prepare streams@25/0-worker,1207.9,1079.1,800.7,864.1,1194.2
2696,137732533162746,980.9,151.5,795.1,34.3,12.1,942.9,assemble attention plan@24/?-work_queue,Prepare hardware matmul job@24/?-work_queue,978.7,854.5,98.2,147.3,964.8
2697,137732539004666,1197.7,539.8,545.4,112.5,77.9,456.7,kernel_add_rmsnorm_71@25/0-worker,prepare streams@25/0-worker,1195.5,1064.2,536.9,574.0,1181.7
2698,137732545082563,1191.6,570.3,499.9,121.3,90.0,504.7,kernel_add_rmsnorm_71@25/0-worker,prepare streams@25/0-worker,1189.8,1063.0,597.3,603.3,1175.4
2699,137732551177198,1135.3,626.8,386.2,122.3,86.5,557.3,kernel_add_rmsnorm_71@25/0-worker,prepare streams@25/0-worker,1132.0,1002.6,646.3,653.7,1117.8
2700,137732557219454,1046.4,560.5,364.3,121.6,89.7,493.1,kernel_add_rmsnorm_71@25/0-worker,prepare streams@25/0-worker,1044.9,919.2,585.8,592.6,1031.3
2701,137732563108051,1962.8,804.9,880.3,277.7,121.3,1427.7,notify_listener@25/0-worker,work_queue::do_work get_work@24/?-work_queue,1960.4,1427.7,666.1,685.9,1945.7
2702,137732569964801,1607.4,536.1,781.7,289.6,129.3,1452.2,assemble attention plan@24/?-work_queue,Prepare hardware matmul job@24/?-work_queue,1605.2,844.7,110.5,119.4,1591.2
2703,137732576424139,2226.4,935.4,958.6,332.4,149.8,2050.7,assemble attention plan@24/?-work_queue,Prepare hardware matmul job@24/?-work_queue,2224.1,1432.5,608.5,613.3,2210.9
2704,137732583523921,894.3,576.5,278.3,39.5,17.9,850.1,assemble attention plan@24/?-work_queue,Prepare hardware matmul job@24/?-work_queue,892.0,757.9,514.5,527.3,877.9
2705,137732589232827,1071.7,537.6,397.0,137.1,98.9,496.7,kernel_add_rmsnorm_71@25/0-worker,prepare streams@25/0-worker,1069.9,941.7,598.8,609.4,1057.0
2706,137732595225801,1049.4,578.3,355.4,115.7,89.7,525.9,kernel_add_rmsnorm_71@25/0-worker,prepare streams@25/0-worker,1047.4,926.4,618.6,629.9,1033.0
2707,137732601154086,1949.4,951.6,795.4,202.4,139.9,1610.9,notify_listener@25/0-worker,work_queue::do_work get_work@24/?-work_queue,1947.5,1610.9,864.4,877.7,1933.8
2708,137732607976947,1150.7,166.4,913.6,70.7,49.3,982.0,notify_listener@25/0-worker,work_queue::do_work get_work@24/?-work_queue,1148.6,982.0,122.0,128.3,1134.6
2709,137732613967371,489.2,180.2,271.5,37.6,14.3,360.7,notify_listener@25/0-worker,work_queue::do_work get_work@24/?-work_queue,487.4,360.7,120.2,124.6,473.8
2710,137732619446691,1641.0,685.3,798.7,157.0,74.6,1311.1,notify_listener@25/0-worker,work_queue::do_work get_work@24/?-work_queue,1639.5,1311.1,568.7,580.4,1625.4
2711,137732625945599,1170.7,217.2,778.6,174.9,127.6,893.5,notify_listener@25/0-worker,work_queue::do_work get_work@24/?-work_queue,1168.6,893.5,160.2,163.8,1155.3
2712,137732632002885,1240.6,671.8,447.1,121.7,89.9,621.5,kernel_add_rmsnorm_71@25/0-worker,prepare streams@25/0-worker,1238.5,1117.9,713.7,725.6,1223.6
2713,137732638179909,1094.4,610.7,351.4,132.4,96.0,540.9,kernel_add_rmsnorm_71@25/0-worker,prepare streams@25/0-worker,1091.9,967.1,640.2,644.7,1078.6
2714,137732644175709,1089.1,617.9,340.6,130.6,97.7,544.7,kernel_add_rmsnorm_71@25/0-worker,prepare streams@25/0-worker,1086.6,960.8,646.6,658.4,1072.7
2715,137732650159188,1115.6,648.6,338.4,128.6,92.6,615.2,kernel_add_rmsnorm_71@25/0-worker,prepare streams@25/0-worker,1113.8,988.1,709.5,720.3,1098.8
2716,137732656141350,1112.2,573.7,411.2,127.2,92.0,520.5,kernel_add_rmsnorm_71@25/0-worker,prepare streams@25/0-worker,1108.5,981.1,615.4,628.1,1095.3
2717,137732662195235,1139.9,660.8,348.7,130.4,92.2,606.4,kernel_add_rmsnorm_71@25/0-worker,prepare streams@25/0-worker,1138.0,1007.4,701.2,705.2,1124.5
2718,137732668192435,1207.0,669.1,410.6,127.4,94.8,644.8,kernel_add_rmsnorm_71@25/0-worker,prepare streams@25/0-worker,1204.6,1071.6,741.9,750.6,1184.8
2719,137732674317446,2064.7,869.4,795.6,399.7,133.2,1898.9,assemble attention plan@24/?-work_queue,Prepare hardware matmul job@24/?-work_queue,2062.6,1377.9,628.7,713.9,2043.2
2720,137732681292307,1017.8,546.3,346.3,125.3,93.7,471.6,kernel_add_rmsnorm_71@25/0-worker,prepare streams@25/0-worker,1015.0,876.2,567.3,574.2,990.2
2721,137732687159229,1919.6,829.5,811.4,278.7,137.0,1397.4,notify_listener@25/0-worker,work_queue::do_work get_work@24/?-work_queue,1918.1,1397.4,652.0,655.6,1898.0
2722,137732693983620,1136.0,214.6,786.1,135.3,91.9,844.3,notify_listener@25/0-worker,work_queue::do_work get_work@24/?-work_queue,1134.5,844.3,105.4,125.2,1112.1
2723,137732699953227,1176.9,207.5,792.0,177.4,141.4,883.6,notify_listener@25/0-worker,work_queue::do_work get_work@24/?-work_queue,1174.4,883.6,131.0,137.4,1150.1
2724,137732706007464,1224.6,569.3,507.9,147.4,114.4,481.1,kernel_add_rmsnorm_71@25/0-worker,prepare streams@25/0-worker,1222.8,1078.7,598.3,606.9,1194.9
2725,137732712101310,1169.8,644.1,406.4,119.2,84.1,592.6,kernel_add_rmsnorm_71@25/0-worker,prepare streams@25/0-worker,1166.4,1031.8,680.0,685.7,1146.8
2726,137732718124407,1136.7,559.4,443.0,134.3,106.8,495.7,kernel_add_rmsnorm_71@25/0-worker,prepare streams@25/0-worker,1135.1,1003.9,605.5,615.1,1113.3
2727,137732724145797,1115.8,583.2,409.3,123.3,83.3,511.6,kernel_add_rmsnorm_71@25/0-worker,prepare streams@25/0-worker,1115.7,974.5,597.5,608.9,1099.9
2728,137732730212943,1103.6,578.2,401.4,124.0,93.7,494.7,kernel_add_rmsnorm_71@25/0-worker,prepare streams@25/0-worker,1101.6,967.8,591.6,612.1,1086.5
2729,137732736172076,1207.2,728.5,352.8,125.9,86.2,654.8,kernel_add_rmsnorm_71@25/0-worker,prepare streams@25/0-worker,1204.2,1064.6,743.5,752.7,1189.7
2730,137732742280078,1057.8,609.7,313.4,134.8,99.4,516.1,kernel_add_rmsnorm_71@25/0-worker,prepare streams@25/0-worker,1055.4,885.8,618.5,630.6,1040.9
2731,137732748188252,1153.4,604.7,418.1,130.6,91.9,488.9,kernel_add_rmsnorm_71@25/0-worker,prepare streams@25/0-worker,1151.5,976.3,583.8,588.3,1137.5
2732,137732754243640,916.3,176.4,711.7,28.2,10.3,870.4,assemble attention plan@24/?-work_queue,Prepare hardware matmul job@24/?-work_queue,913.8,770.2,103.1,106.8,899.2
2733,137732760016306,1242.6,620.9,489.2,132.5,96.8,565.8,kernel_add_rmsnorm_71@25/0-worker,prepare streams@25/0-worker,1240.7,1088.3,665.5,676.2,1227.5
2734,137732766150936,1146.7,561.1,450.7,134.9,102.4,505.4,kernel_add_rmsnorm_71@25/0-worker,prepare streams@25/0-worker,1145.3,1013.5,610.8,627.4,1130.8
2735,137732772136899,1177.8,602.9,436.4,138.6,99.0,590.7,kernel_add_rmsnorm_71@25/0-worker,prepare streams@25/0-worker,1175.9,1045.4,691.7,695.3,1162.6
2736,137732778211028,1248.8,641.8,478.5,128.5,95.6,702.5,kernel_add_rmsnorm_71@25/0-worker,prepare streams@25/0-worker,1245.7,1106.9,800.2,805.0,1231.0
2737,137732784313537,2127.4,935.3,764.5,427.7,160.8,1940.1,assemble attention plan@24/?-work_queue,Prepare hardware matmul job@24/?-work_queue,2125.1,1305.6,564.5,579.3,2111.6
2738,137732791461906,1638.4,681.5,842.4,114.5,68.3,1329.7,notify_listener@25/0-worker,work_queue::do_work get_work@24/?-work_queue,1636.0,1329.7,576.8,594.6,1621.8
2739,137732797981558,1140.8,210.9,822.2,107.7,66.0,927.3,notify_listener@25/0-worker,work_queue::do_work get_work@24/?-work_queue,1138.2,927.3,122.1,174.9,1125.3
2740,137732804071632,1185.8,647.2,405.1,133.4,95.7,544.1,kernel_add_rmsnorm_71@25/0-worker,prepare streams@25/0-worker,1183.2,1045.1,641.6,670.0,1169.6
2741,137732810153913,1131.7,616.1,379.2,136.5,105.7,500.0,kernel_add_rmsnorm_71@25/0-worker,prepare streams@25/0-worker,1129.8,982.5,607.9,651.2,1115.5
2742,137732816189633,1075.2,648.5,308.5,118.2,87.1,600.2,kernel_add_rmsnorm_71@25/0-worker,prepare streams@25/0-worker,1073.0,944.9,689.7,695.3,1059.1
2743,137732822167381,1137.1,567.6,439.8,129.7,89.6,499.5,kernel_add_rmsnorm_71@25/0-worker,prepare streams@25/0-worker,1135.1,1002.1,590.7,599.5,1120.8
2744,137732828215705,1906.4,697.4,962.9,246.2,139.1,1609.1,notify_listener@25/0-worker,work_queue::do_work get_work@24/?-work_queue,1904.3,1609.1,798.9,809.7,1890.4
2745,137732834994183,1229.7,554.7,553.8,121.2,90.5,489.3,kernel_add_rmsnorm_71@25/0-worker,prepare streams@25/0-worker,1228.1,1100.5,581.6,598.4,1213.0
2746,137732841064789,1232.5,645.7,446.8,140.1,100.9,585.6,kernel_add_rmsnorm_71@25/0-worker,prepare streams@25/0-worker,1230.9,1096.5,688.9,695.4,1216.9
2747,137732847203754,1099.3,577.4,404.4,117.6,85.4,495.7,kernel_add_rmsnorm_71@25/0-worker,prepare streams@25/0-worker,1097.6,968.0,583.9,592.5,1082.3
2748,137732853209010,1894.9,694.6,952.8,247.4,126.6,1570.1,notify_listener@25/0-worker,work_queue::do_work get_work@24/?-work_queue,1893.4,1570.1,803.8,814.1,1879.2
2749,137732860019745,2029.8,970.0,807.8,252.0,96.9,574.9,kernel_add_rmsnorm_71@25/0-worker,prepare streams@25/0-worker,2027.3,1434.2,674.7,679.5,2012.9
2750,137732866952755,1165.6,210.8,848.6,106.2,58.4,948.4,notify_listener@25/0-worker,work_queue::do_work get_work@24/?-work_queue,1163.1,948.4,147.4,153.9,1148.2
2751,137732872951153,1184.1,213.4,853.8,116.9,95.2,959.7,notify_listener@25/0-worker,work_queue::do_work get_work@24/?-work_queue,1181.1,959.7,135.7,144.0,1166.7
2752,137732879058684,1185.3,620.3,442.8,122.2,84.2,558.3,kernel_add_rmsnorm_71@25/0-worker,prepare streams@25/0-worker,1183.1,1052.7,645.5,649.5,1168.1
2753,137732885155206,1182.8,629.2,417.3,136.3,97.5,557.9,kernel_add_rmsnorm_71@25/0-worker,prepare streams@25/0-worker,1180.7,1044.4,658.1,666.0,1167.1
2754,137732891279708,1096.1,642.0,329.7,124.4,91.5,567.0,kernel_add_rmsnorm_71@25/0-worker,prepare streams@25/0-worker,1093.7,964.2,661.0,671.1,1079.7
2755,137732897303450,1800.1,698.1,822.2,279.8,135.8,1451.3,notify_listener@25/0-worker,work_queue::do_work get_work@24/?-work_queue,1797.9,1451.3,708.7,717.2,1784.4
2756,137732904015950,1456.2,862.1,446.8,147.3,95.5,879.6,kernel_add_rmsnorm_71@25/0-worker,prepare streams@25/0-worker,1453.9,1322.1,977.7,991.4,1440.2
2757,137732910381808,2219.9,983.0,830.9,406.0,158.5,2035.5,assemble attention plan@24/?-work_queue,Prepare hardware matmul job@24/?-work_queue,2218.2,1428.3,630.3,635.3,2204.8
2758,137732917485842,1557.1,549.4,843.5,164.2,99.6,912.1,notify_listener@25/0-worker,work_queue::do_work get_work@24/?-work_queue,1555.3,912.1,114.6,127.2,1546.9
2759,137732923929468,1204.2,204.0,886.2,114.0,72.6,1006.7,notify_listener@25/0-worker,work_queue::do_work get_work@24/?-work_queue,1202.0,1006.7,157.7,170.7,1188.3
2760,137732930098204,1036.2,619.2,278.7,138.2,97.5,579.2,kernel_add_rmsnorm_71@25/0-worker,prepare streams@25/0-worker,1034.4,899.6,679.5,687.7,1018.3
2761,137732935986242,1135.8,162.3,874.1,99.5,71.8,940.1,notify_listener@25/0-worker,work_queue::do_work get_work@24/?-work_queue,1133.5,940.1,119.9,130.8,1120.5
2762,137732942047464,983.2,587.9,268.3,127.0,86.6,514.5,kernel_add_rmsnorm_71@25/0-worker,prepare streams@25/0-worker,980.4,846.2,603.8,609.3,966.9
2763,137732947928625,1171.4,234.7,806.1,130.5,84.3,862.3,notify_listener@25/0-worker,work_queue::do_work get_work@24/?-work_queue,1165.1,862.3,106.3,119.2,1151.6
2764,137732954015936,2031.1,940.9,806.1,284.2,124.5,1333.0,notify_listener@25/0-worker,work_queue::do_work get_work@24/?-work_queue,2028.5,1333.0,561.3,577.2,2007.7
2765,137732960975388,521.9,178.9,313.8,29.2,11.4,477.7,assemble attention plan@24/?-work_queue,Prepare hardware matmul job@24/?-work_queue,512.0,385.3,115.5,121.1,499.0
2766,137732966459970,1664.4,631.7,823.8,208.9,125.4,1345.2,notify_listener@25/0-worker,work_queue::do_work get_work@24/?-work_queue,1662.3,1345.2,556.4,560.7,1638.2
2767,137732973024013,1193.4,571.0,518.2,104.3,76.6,495.9,kernel_add_rmsnorm_71@25/0-worker,prepare streams@25/0-worker,1190.9,1061.2,580.9,590.9,1172.5
2768,137732979129365,1022.2,162.1,823.6,36.6,15.5,972.9,assemble attention plan@24/?-work_queue,Prepare hardware matmul job@24/?-work_queue,1020.3,882.7,97.8,200.2,998.7
2769,137732985061157,1087.2,178.6,865.2,43.4,17.2,930.9,notify_listener@25/0-worker,work_queue::do_work get_work@24/?-work_queue,1085.0,930.9,109.6,121.0,1049.8
2770,137732991079813,1184.9,578.9,483.0,123.0,89.1,494.9,kernel_add_rmsnorm_71@25/0-worker,prepare streams@25/0-worker,1183.1,1036.9,598.5,622.5,1159.0
2771,137732997209810,1037.1,611.7,283.0,142.5,88.2,520.7,kernel_add_rmsnorm_71@25/0-worker,prepare streams@25/0-worker,1035.6,865.5,610.9,614.3,999.4
2772,137733003150430,1178.2,634.0,413.8,130.4,94.7,562.6,kernel_add_rmsnorm_71@25/0-worker,prepare streams@25/0-worker,1176.2,1030.6,660.7,679.0,1153.4
2773,137733009293637,1078.1,608.6,353.6,115.9,85.1,544.8,kernel_add_rmsnorm_71@25/0-worker,prepare streams@25/0-worker,1076.1,938.3,632.2,637.9,1055.9
2774,137733015255707,999.8,575.1,285.4,139.3,101.2,505.5,kernel_add_rmsnorm_71@25/0-worker,prepare streams@25/0-worker,997.5,854.0,609.4,613.5,977.0
2775,137733021187277,1107.8,584.0,399.4,124.4,91.2,514.1,kernel_add_rmsnorm_71@25/0-worker,prepare streams@25/0-worker,1105.4,967.6,608.1,620.9,1083.7
2776,137733027193226,1095.1,594.0,383.2,117.9,83.3,538.6,kernel_add_rmsnorm_71@25/0-worker,prepare streams@25/0-worker,1092.9,954.2,624.5,633.5,1071.5
2777,137733033199554,946.1,178.6,737.3,30.2,10.5,901.8,assemble attention plan@24/?-work_queue,Prepare hardware matmul job@24/?-work_queue,943.3,810.6,113.8,199.1,922.8
2778,137733039025857,1120.4,153.6,930.7,36.2,16.6,981.3,notify_listener@25/0-worker,work_queue::do_work get_work@24/?-work_queue,1118.5,981.3,248.6,113.3,1098.7
2779,137733045030609,1245.0,583.0,538.5,123.6,92.2,495.7,kernel_add_rmsnorm_71@25/0-worker,prepare streams@25/0-worker,1243.2,1098.6,589.5,594.2,1211.1
2780,137733051151509,1133.0,569.8,421.2,142.0,106.3,480.5,kernel_add_rmsnorm_71@25/0-worker,prepare streams@25/0-worker,1130.9,982.5,590.0,594.8,1107.2
2781,137733057187054,958.3,180.0,749.9,28.4,10.3,912.9,assemble attention plan@24/?-work_queue,Prepare hardware matmul job@24/?-work_queue,955.7,822.2,126.3,135.2,932.9
2782,137733063060525,991.3,597.0,269.6,124.8,87.3,509.2,kernel_add_rmsnorm_71@25/0-worker,prepare streams@25/0-worker,989.6,836.5,598.7,603.4,974.2
2783,137733068969861,478.8,177.5,270.3,31.0,12.4,439.3,assemble attention plan@24/?-work_queue,Prepare hardware matmul job@24/?-work_queue,477.0,333.2,105.6,114.4,461.8
2784,137733074387627,821.7,165.2,615.4,41.0,17.7,776.5,assemble attention plan@24/?-work_queue,Prepare hardware matmul job@24/?-work_queue,819.2,674.6,102.2,111.4,804.0
2785,137733080115803,1190.5,626.6,434.8,129.0,98.9,566.5,kernel_add_rmsnorm_71@25/0-worker,prepare streams@25/0-worker,1188.4,1053.6,668.4,675.7,1174.5
2786,137733086159079,1129.7,575.4,420.1,134.2,94.4,494.8,kernel_add_rmsnorm_71@25/0-worker,prepare streams@25/0-worker,1127.7,984.9,591.6,597.1,1113.3
2787,137733092181275,1146.0,601.4,421.7,123.0,88.9,574.9,kernel_add_rmsnorm_71@25/0-worker,prepare streams@25/0-worker,1143.3,1009.9,666.6,673.0,1131.2
2788,137733098252004,1827.4,778.3,771.0,278.1,117.6,1426.2,notify_listener@25/0-worker,work_queue::do_work get_work@24/?-work_queue,1825.4,1426.2,649.6,689.9,1812.2
2789,137733104972502,1143.0,199.4,815.8,127.8,73.8,900.8,notify_listener@25/0-worker,work_queue::do_work get_work@24/?-work_queue,1139.9,900.8,129.2,167.0,1125.6
2790,137733111002543,484.8,156.4,293.2,35.2,15.2,350.9,notify_listener@25/0-worker,work_queue::do_work get_work@24/?-work_queue,483.2,350.9,104.5,117.8,469.8
2791,137733116385317,973.8,599.5,255.7,118.6,85.4,494.2,kernel_add_rmsnorm_71@25/0-worker,prepare streams@25/0-worker,972.0,844.8,582.5,632.0,959.3
2792,137733122243918,1194.8,744.0,326.5,124.3,85.1,510.7,kernel_add_rmsnorm_71@25/0-worker,prepare streams@25/0-worker,1193.0,1060.3,598.9,779.3,1178.0
2793,137733128328937,2273.8,1068.2,858.4,347.3,133.9,2113.0,assemble attention plan@24/?-work_queue,Prepare hardware matmul job@24/?-work_queue,2271.3,1540.6,689.0,704.9,2257.7
2794,137733135666937,1457.9,443.3,830.1,184.5,138.0,1157.6,notify_listener@25/0-worker,work_queue::do_work get_work@24/?-work_queue,1455.9,1157.6,377.4,386.8,1440.7
2795,137733142124913,1135.1,570.7,429.3,135.1,102.4,509.7,kernel_add_rmsnorm_71@25/0-worker,prepare streams@25/0-worker,1132.6,1005.7,614.6,631.0,1119.1
2796,137733148240262,1107.9,634.3,337.4,136.2,98.3,560.6,kernel_add_rmsnorm_71@25/0-worker,prepare streams@25/0-worker,1105.5,969.1,661.4,666.5,1090.4
2797,137733154428604,1657.3,657.2,767.9,232.2,97.9,483.8,kernel_add_rmsnorm_71@25/0-worker,prepare streams@25/0-worker,1655.1,1312.3,583.6,588.1,1641.1
2798,137733161044017,2028.9,964.5,780.7,283.8,145.7,1497.4,notify_listener@25/0-worker,work_queue::do_work get_work@24/?-work_queue,2026.9,1497.4,748.0,752.1,2012.5
2799,137733168094944,1230.1,764.4,353.2,112.5,82.4,685.7,kernel_add_rmsnorm_71@25/0-worker,prepare streams@25/0-worker,1227.6,1102.1,770.3,777.3,1213.6
2800,137733174303432,1062.9,581.6,339.7,141.6,95.5,515.2,kernel_add_rmsnorm_71@25/0-worker,prepare streams@25/0-worker,1061.1,917.6,612.6,616.6,1045.8
2801,137733180355738,1745.9,687.7,817.6,240.5,92.0,562.7,kernel_add_rmsnorm_71@25/0-worker,prepare streams@25/0-worker,1744.2,1428.2,657.1,664.3,1729.9
2802,137733187086728,1175.3,563.9,469.9,141.4,106.6,485.5,kernel_add_rmsnorm_71@25/0-worker,prepare streams@25/0-worker,1173.1,1038.4,594.9,622.1,1159.3
2803,137733193262324,1009.5,570.0,314.4,125.1,91.4,504.5,kernel_add_rmsnorm_71@25/0-worker,prepare streams@25/0-worker,1007.4,885.5,598.4,616.1,993.0
2804,137733199205845,1124.3,638.5,355.7,130.1,95.1,661.5,kernel_add_rmsnorm_71@25/0-worker,prepare streams@25/0-worker,1122.7,993.1,759.1,778.3,1108.6
2805,137733205309641,1016.1,618.3,267.9,129.9,97.2,541.2,kernel_add_rmsnorm_71@25/0-worker,prepare streams@25/0-worker,1013.4,883.9,641.4,645.9,999.5
2806,137733211271931,1047.2,617.1,311.9,118.2,81.7,489.6,kernel_add_rmsnorm_71@25/0-worker,prepare streams@25/0-worker,1044.4,912.2,574.0,580.6,1030.3
2807,137733217295901,1777.5,766.7,775.8,234.9,92.1,529.6,kernel_add_rmsnorm_71@25/0-worker,prepare streams@25/0-worker,1775.7,1364.7,623.8,631.2,1762.2
2808,137733224013808,1218.9,575.6,517.1,126.2,90.4,496.3,kernel_add_rmsnorm_71@25/0-worker,prepare streams@25/0-worker,1217.2,1085.1,589.0,596.8,1202.3
2809,137733230211286,1155.1,626.9,379.3,148.8,96.4,626.3,kernel_add_rmsnorm_71@25/0-worker,prepare streams@25/0-worker,1152.6,1029.5,725.0,730.6,1138.5
2810,137733236301316,1055.4,588.6,337.4,129.5,92.9,504.2,kernel_add_rmsnorm_71@25/0-worker,prepare streams@25/0-worker,1053.1,921.4,605.5,614.6,1039.8
2811,137733242348842,994.0,611.3,264.4,118.3,85.9,535.1,kernel_add_rmsnorm_71@25/0-worker,prepare streams@25/0-worker,991.5,865.5,623.3,634.4,977.4
2812,137733248362267,1038.1,612.6,286.3,139.2,98.3,535.6,kernel_add_rmsnorm_71@25/0-worker,prepare streams@25/0-worker,1036.3,901.6,641.5,655.2,1021.9
2813,137733254366882,1734.1,669.8,919.1,145.2,87.1,1436.4,notify_listener@25/0-worker,work_queue::do_work get_work@24/?-work_queue,1731.8,1436.4,677.3,682.2,1718.1
2814,137733261016705,1280.7,684.8,467.6,128.3,91.1,613.4,kernel_add_rmsnorm_71@25/0-worker,prepare streams@25/0-worker,1278.7,1146.4,706.6,712.9,1264.8
2815,137733267226751,1865.6,927.6,752.8,185.2,86.4,1516.3,notify_listener@25/0-worker,work_queue::do_work get_work@24/?-work_queue,1863.1,1516.3,789.7,794.2,1847.9
2816,137733274085463,471.0,157.4,271.3,42.2,15.7,427.3,assemble attention plan@24/?-work_queue,Prepare hardware matmul job@24/?-work_queue,468.1,328.1,102.7,109.5,453.7
2817,137733279498163,1605.5,630.5,845.9,129.2,71.3,1329.3,notify_listener@25/0-worker,work_queue::do_work get_work@24/?-work_queue,1602.9,1329.3,524.4,535.5,1589.3
2818,137733286092024,1981.1,858.1,822.5,300.4,139.0,1402.1,notify_listener@25/0-worker,work_queue::do_work get_work@24/?-work_queue,1978.5,1402.1,599.1,613.6,1964.3
2819,137733293059260,444.3,151.2,264.7,28.4,10.5,407.6,assemble attention plan@24/?-work_queue,Prepare hardware matmul job@24/?-work_queue,441.8,319.0,92.3,98.9,428.0
2820,137733298460987,1654.7,574.5,910.4,169.8,120.6,1363.5,notify_listener@25/0-worker,work_queue::do_work get_work@24/?-work_queue,1652.4,1363.5,585.9,594.4,1638.4
2821,137733305038363,1198.6,576.3,508.1,114.2,83.6,523.3,kernel_add_rmsnorm_71@25/0-worker,prepare streams@25/0-worker,1195.9,1072.5,608.6,621.6,1182.4
2822,137733311281853,1206.3,810.7,352.9,42.7,13.7,1071.9,notify_listener@25/0-worker,work_queue::do_work get_work@24/?-work_queue,1204.7,1071.9,761.4,770.0,1189.6
2823,137733317470386,1612.2,711.0,752.8,148.4,70.2,1258.7,notify_listener@25/0-worker,work_queue::do_work get_work@24/?-work_queue,1609.8,1258.7,546.0,550.7,1595.0
2824,137733324119722,2350.7,970.9,936.0,443.7,152.1,2170.7,assemble attention plan@24/?-work_queue,Prepare hardware matmul job@24/?-work_queue,2348.3,1506.9,713.4,717.4,2333.6
2825,137733331606237,811.4,462.6,315.6,33.2,9.8,774.7,assemble attention plan@24/?-work_queue,Prepare hardware matmul job@24/?-work_queue,809.1,682.4,433.4,437.4,794.7
2826,137733337391988,1000.7,596.5,369.0,35.2,15.9,868.3,notify_listener@25/0-worker,work_queue::do_work get_work@24/?-work_queue,998.4,868.3,644.0,649.3,985.4
2827,137733343409252,2127.2,933.1,812.7,381.4,169.1,1933.3,assemble attention plan@24/?-work_queue,Prepare hardware matmul job@24/?-work_queue,2125.5,1363.5,600.7,611.7,2112.3
2828,137733350574903,1520.1,577.4,775.2,167.4,124.9,1198.9,notify_listener@25/0-worker,work_queue::do_work get_work@24/?-work_queue,1517.6,1198.9,463.5,472.5,1504.6
2829,137733357130435,1157.9,596.6,423.5,137.8,85.2,542.1,kernel_add_rmsnorm_71@25/0-worker,prepare streams@25/0-worker,1155.9,1029.7,630.0,635.7,1141.4
2830,137733363297761,890.9,166.7,683.7,40.5,19.2,747.8,notify_listener@25/0-worker,work_queue::do_work get_work@24/?-work_queue,888.3,747.8,108.7,113.4,874.0
2831,137733369199759,1085.8,643.7,317.4,124.6,93.3,595.3,kernel_add_rmsnorm_71@25/0-worker,prepare streams@25/0-worker,1083.9,957.0,692.0,705.6,1069.8
2832,137733375262966,1108.5,596.4,348.8,163.3,89.9,568.7,kernel_add_rmsnorm_71@25/0-worker,prepare streams@25/0-worker,1106.3,964.1,660.0,664.0,1085.4
2833,137733381316823,1077.5,606.0,338.0,133.5,104.8,571.4,kernel_add_rmsnorm_71@25/0-worker,prepare streams@25/0-worker,1075.6,942.3,678.6,689.9,1054.5
2834,137733387330188,1767.1,708.8,796.0,262.3,114.7,1409.6,notify_listener@25/0-worker,work_queue::do_work get_work@24/?-work_queue,1763.4,1409.6,681.7,694.1,1742.5
2835,137733394101517,1192.7,624.5,434.1,134.1,100.3,511.7,kernel_add_rmsnorm_71@25/0-worker,prepare streams@25/0-worker,1189.4,1017.7,614.7,626.3,1131.4
2836,137733400235911,1862.4,736.2,826.5,299.7,145.0,1386.3,notify_listener@25/0-worker,work_queue::do_work get_work@24/?-work_queue,1860.4,1386.3,606.4,619.4,1839.3
2837,137733407100974,1204.1,621.6,466.0,116.6,86.6,559.5,kernel_add_rmsnorm_71@25/0-worker,prepare streams@25/0-worker,1201.7,1070.1,649.1,657.8,1181.6
2838,137733413303698,1045.7,616.1,303.1,126.6,85.7,579.2,kernel_add_rmsnorm_71@25/0-worker,prepare streams@25/0-worker,1042.9,902.7,667.7,680.5,1022.4
2839,137733419380848,1714.0,714.3,757.2,242.5,106.9,1348.6,notify_listener@25/0-worker,work_queue::do_work get_work@24/?-work_queue,1712.2,1348.6,622.8,629.3,1691.8
2840,137733426118002,1175.2,614.0,423.6,137.5,97.4,542.3,kernel_add_rmsnorm_71@25/0-worker,prepare streams@25/0-worker,1173.0,1033.1,749.5,648.4,1159.6
2841,137733432288947,1047.1,582.0,351.4,113.7,84.1,504.7,kernel_add_rmsnorm_71@25/0-worker,prepare streams@25/0-worker,1045.2,911.6,590.6,599.9,1030.5
2842,137733438301829,1834.9,284.3,1360.4,190.1,146.0,1515.7,notify_listener@25/0-worker,work_queue::do_work get_work@24/?-work_queue,1833.0,1515.7,746.6,756.6,1818.2
2843,137733445108878,1195.9,623.4,442.0,130.5,101.2,558.4,kernel_add_rmsnorm_71@25/0-worker,prepare streams@25/0-worker,1194.3,1059.3,662.0,667.5,1180.6
2844,137733451283150,2328.9,1045.8,910.1,373.0,122.8,1504.7,notify_listener@25/0-worker,work_queue::do_work get_work@24/?-work_queue,2326.1,1504.7,731.0,740.6,2311.3
2845,137733458600526,882.2,511.3,340.5,30.4,11.9,844.2,assemble attention plan@24/?-work_queue,Prepare hardware matmul job@24/?-work_queue,880.5,744.1,436.7,444.6,866.4
2846,137733464446954,2192.2,1046.5,774.6,371.1,130.4,1322.4,notify_listener@25/0-worker,work_queue::do_work get_work@24/?-work_queue,2190.3,1322.4,570.8,661.2,2176.8
2847,137733471661480,1438.3,559.3,745.8,133.2,77.3,1083.8,notify_listener@25/0-worker,work_queue::do_work get_work@24/?-work_queue,1436.0,1083.8,379.7,392.4,1422.5
2848,137733478086114,1223.6,583.0,503.4,137.3,93.1,569.7,kernel_add_rmsnorm_71@25/0-worker,prepare streams@25/0-worker,1221.2,1077.3,664.9,672.6,1205.9
2849,137733484305663,1023.9,588.1,281.2,154.6,106.6,523.6,kernel_add_rmsnorm_71@25/0-worker,prepare streams@25/0-worker,1021.4,874.1,633.2,641.9,1008.0
2850,137733490406281,1684.3,722.7,812.6,148.9,67.3,1332.3,notify_listener@25/0-worker,work_queue::do_work get_work@24/?-work_queue,1681.9,1332.3,609.7,619.8,1666.9
2851,137733497124805,1122.4,550.1,451.1,121.2,88.8,461.4,kernel_add_rmsnorm_71@25/0-worker,prepare streams@25/0-worker,1119.3,982.8,553.2,567.4,1104.7
2852,137733503235209,922.2,182.0,705.0,35.2,10.9,885.0,assemble attention plan@24/?-work_queue,Prepare hardware matmul job@24/?-work_queue,920.0,787.7,116.4,120.7,905.8
2853,137733509205397,1875.0,737.6,894.1,243.3,103.2,1448.8,notify_listener@25/0-worker,work_queue::do_work get_work@24/?-work_queue,1873.1,1448.8,595.1,603.3,1858.0
2854,137733516092860,1159.7,563.6,454.3,141.8,98.4,492.7,kernel_add_rmsnorm_71@25/0-worker,prepare streams@25/0-worker,1158.0,1022.3,593.3,599.1,1143.5
2855,137733522299507,1003.4,623.3,248.5,131.5,94.9,502.6,kernel_add_rmsnorm_71@25/0-worker,prepare streams@25/0-worker,1001.1,864.3,600.1,604.3,985.9
2856,137733528303196,1063.2,644.3,303.3,115.7,86.8,541.9,kernel_add_rmsnorm_71@25/0-worker,prepare streams@25/0-worker,1060.7,933.3,631.1,679.3,1045.2
2857,137733534400924,983.5,578.8,280.9,123.8,88.7,508.9,kernel_add_rmsnorm_71@25/0-worker,prepare streams@25/0-worker,980.9,845.9,601.3,617.9,966.0
2858,137733540362273,986.7,600.2,268.0,118.5,86.6,501.0,kernel_add_rmsnorm_71@25/0-worker,prepare streams@25/0-worker,986.9,850.5,590.1,626.4,970.5
2859,137733546370191,1726.5,706.9,769.5,250.2,111.0,1401.2,notify_listener@25/0-worker,work_queue::do_work get_work@24/?-work_queue,1724.3,1401.2,644.4,706.4,1710.8
2860,137733553079001,1051.1,165.2,817.3,68.6,46.4,882.3,notify_listener@25/0-worker,work_queue::do_work get_work@24/?-work_queue,1048.7,882.3,112.8,133.1,1036.1
2861,137733559129680,1145.6,559.2,346.8,239.6,202.4,485.1,kernel_add_rmsnorm_71@25/0-worker,prepare streams@25/0-worker,1143.7,1006.2,689.8,697.7,1129.4
2862,137733565255979,1025.3,566.3,329.3,129.7,94.3,499.2,kernel_add_rmsnorm_71@25/0-worker,prepare streams@25/0-worker,1023.8,889.5,596.5,608.8,1008.4
2863,137733571287123,1111.4,618.3,350.9,142.3,105.8,549.1,kernel_add_rmsnorm_71@25/0-worker,prepare streams@25/0-worker,1109.2,973.8,657.0,664.1,1095.1
2864,137733577382974,1724.3,595.5,916.2,212.7,93.0,1443.6,notify_listener@25/0-worker,work_queue::do_work get_work@24/?-work_queue,1722.1,1443.6,630.3,649.2,1706.5
2865,137733584154774,1102.2,555.2,420.9,126.1,88.6,482.3,kernel_add_rmsnorm_71@25/0-worker,prepare streams@25/0-worker,1099.8,962.8,573.5,581.9,1084.7
2866,137733590265432,1046.5,560.5,374.4,111.5,82.3,484.1,kernel_add_rmsnorm_71@25/0-worker,prepare streams@25/0-worker,1044.0,917.9,569.1,573.7,1030.0
2867,137733596359879,1046.6,562.6,352.7,131.2,96.7,501.3,kernel_add_rmsnorm_71@25/0-worker,prepare streams@25/0-worker,1044.7,914.4,600.0,648.2,1031.3
2868,137733602430518,2248.6,981.0,860.5,407.1,174.3,2047.9,assemble attention plan@24/?-work_queue,Prepare hardware matmul job@24/?-work_queue,2247.1,1416.1,584.5,602.8,2231.4
2869,137733609702863,1879.4,741.3,823.7,314.4,136.6,1718.6,assemble attention plan@24/?-work_queue,Prepare hardware matmul job@24/?-work_queue,1877.9,1083.9,338.4,344.7,1864.7
2870,137733616519208,1582.0,630.5,798.5,153.0,101.7,1273.6,notify_listener@25/0-worker,work_queue::do_work get_work@24/?-work_queue,1580.2,1273.6,502.7,512.5,1565.7
2871,137733623108592,1091.5,506.4,481.4,103.7,100.0,529.1,kernel_add_rmsnorm_71@25/0-worker,prepare streams@25/0-worker,634.5,1091.5,630.8,634.5,
2872,137733625321311,669.8,469.8,8.3,191.7,148.2,496.5,assemble attention plan@24/?-work_queue,Prepare hardware matmul job@24/?-work_queue,667.7,,,,
2873,137733631068535,1220.9,600.4,476.9,143.6,108.9,523.5,kernel_add_rmsnorm_71@25/0-worker,prepare streams@25/0-worker,1218.7,1083.6,634.4,644.2,1204.3
2874,137733637232939,1848.3,751.9,879.4,217.0,85.9,692.6,kernel_add_rmsnorm_71@25/0-worker,prepare streams@25/0-worker,1846.2,1530.9,781.0,787.0,1832.8
2875,137733644082637,1052.1,167.4,778.1,106.6,84.4,841.6,notify_listener@25/0-worker,work_queue::do_work get_work@24/?-work_queue,1049.0,841.6,102.7,106.7,1034.0
2876,137733650073557,1185.4,575.6,474.5,135.2,106.1,531.9,kernel_add_rmsnorm_71@25/0-worker,prepare streams@25/0-worker,1182.4,1054.0,640.8,644.6,1168.1
2877,137733656288778,1837.5,705.1,935.3,197.0,120.4,1597.3,notify_listener@25/0-worker,work_queue::do_work get_work@24/?-work_queue,1835.4,1597.3,734.4,743.7,1821.7
2878,137733663123161,1996.9,901.7,864.0,231.2,95.6,1694.1,notify_listener@25/0-worker,work_queue::do_work get_work@24/?-work_queue,1994.0,1694.1,900.0,915.4,1980.3
2879,137733670194249,1160.2,682.2,339.0,139.0,102.1,609.1,kernel_add_rmsnorm_71@25/0-worker,prepare streams@25/0-worker,1158.4,1026.3,713.2,717.3,1144.1
2880,137733676412977,2251.3,1054.2,874.6,322.4,140.8,2084.0,assemble attention plan@24/?-work_queue,Prepare hardware matmul job@24/?-work_queue,2249.1,1383.5,624.4,631.7,2235.1
2881,137733683656394,2166.8,842.0,819.2,505.6,344.2,1794.9,assemble attention plan@24/?-work_queue,Prepare hardware matmul job@24/?-work_queue,2164.4,1159.0,381.7,392.3,2150.1
2882,137733690917976,573.8,235.4,304.3,34.2,11.2,535.6,assemble attention plan@24/?-work_queue,Prepare hardware matmul job@24/?-work_queue,571.9,443.3,184.0,192.5,557.1
2883,137733696505719,1638.4,796.2,732.8,109.5,77.0,721.1,kernel_add_rmsnorm_71@25/0-worker,prepare streams@25/0-worker,1636.7,1504.6,800.4,808.7,1623.0
2884,137733703191441,1098.1,604.9,349.2,144.0,80.6,599.9,kernel_add_rmsnorm_71@25/0-worker,prepare streams@25/0-worker,1095.8,962.3,682.9,695.3,1079.9
2885,137733709296772,1043.8,659.8,243.8,140.2,103.2,518.0,kernel_add_rmsnorm_71@25/0-worker,prepare streams@25/0-worker,1041.5,900.5,624.1,634.7,1019.5
2886,137733715395915,1730.9,666.4,837.3,227.2,94.6,597.8,kernel_add_rmsnorm_71@25/0-worker,prepare streams@25/0-worker,1728.3,1488.6,694.4,711.4,1707.8
2887,137733722089923,1197.0,581.5,484.8,130.7,97.4,498.3,kernel_add_rmsnorm_71@25/0-worker,prepare streams@25/0-worker,1195.5,1052.5,598.7,604.0,1172.0
2888,137733728331988,1061.5,623.0,317.0,121.5,93.7,571.5,kernel_add_rmsnorm_71@25/0-worker,prepare streams@25/0-worker,1059.0,925.7,667.6,686.9,1038.1
2889,137733734393973,813.8,160.1,618.4,35.3,15.0,669.0,notify_listener@25/0-worker,work_queue::do_work get_work@24/?-work_queue,811.3,669.0,105.3,113.5,787.0
2890,137733740228642,1058.0,643.8,293.9,120.4,86.7,598.4,kernel_add_rmsnorm_71@25/0-worker,prepare streams@25/0-worker,1055.9,915.7,688.2,697.3,1034.4
2891,137733746246413,1094.3,594.6,368.3,131.4,92.3,517.2,kernel_add_rmsnorm_71@25/0-worker,prepare streams@25/0-worker,1092.5,949.8,625.6,639.1,1077.8
2892,137733752321509,1117.0,596.5,383.4,137.1,102.6,558.7,kernel_add_rmsnorm_71@25/0-worker,prepare streams@25/0-worker,1114.7,982.4,663.7,681.4,1099.5
2893,137733758409126,991.8,579.8,288.7,123.3,87.7,483.5,kernel_add_rmsnorm_71@25/0-worker,prepare streams@25/0-worker,989.4,830.8,574.0,584.9,975.6
2894,137733764412049,2212.0,996.2,895.0,320.8,165.9,2012.3,assemble attention plan@24/?-work_queue,Prepare hardware matmul job@24/?-work_queue,2209.6,1404.2,619.8,629.7,2195.1
2895,137733771636233,791.1,479.1,275.1,36.9,15.2,644.5,notify_listener@25/0-worker,work_queue::do_work get_work@24/?-work_queue,789.0,644.5,404.1,407.9,774.4
2896,137733777495871,912.2,559.5,305.6,47.2,11.5,876.5,assemble attention plan@24/?-work_queue,Prepare hardware matmul job@24/?-work_queue,910.6,780.2,521.0,527.0,898.7
2897,137733783498098,1630.5,568.8,795.3,266.4,134.7,1272.3,notify_listener@25/0-worker,work_queue::do_work get_work@24/?-work_queue,1627.6,1272.3,520.0,526.2,1614.2
2898,137733790156639,1123.2,633.9,349.3,140.0,109.5,605.2,kernel_add_rmsnorm_71@25/0-worker,prepare streams@25/0-worker,1121.2,995.7,717.2,770.2,1108.0
2899,137733796315233,977.7,575.1,279.0,123.6,88.4,502.0,kernel_add_rmsnorm_71@25/0-worker,prepare streams@25/0-worker,974.8,840.6,592.7,605.2,960.9
2900,137733802318390,2052.0,932.8,770.3,348.8,129.5,1897.3,assemble attention plan@24/?-work_queue,Prepare hardware matmul job@24/?-work_queue,2050.2,1320.3,588.7,597.2,2036.8
2901,137733809408725,959.0,561.7,265.4,131.9,94.8,496.4,kernel_add_rmsnorm_71@25/0-worker,prepare streams@25/0-worker,956.3,822.9,594.6,599.9,942.0
2902,137733815327140,1779.6,803.0,829.4,147.1,83.2,1491.3,notify_listener@25/0-worker,work_queue::do_work get_work@24/?-work_queue,1777.9,1491.3,691.9,707.3,1763.9
2903,137733822145083,558.2,185.2,331.4,41.6,11.1,521.3,assemble attention plan@24/?-work_queue,Prepare hardware matmul job@24/?-work_queue,556.5,427.3,127.6,136.9,541.6
2904,137733827669778,761.5,447.7,278.5,35.4,10.8,724.0,assemble attention plan@24/?-work_queue,Prepare hardware matmul job@24/?-work_queue,759.2,629.0,379.1,387.9,744.8
2905,137733833449463,2292.3,983.8,868.0,440.5,173.8,2092.8,assemble attention plan@24/?-work_queue,Prepare hardware matmul job@24/?-work_queue,2290.4,1438.0,595.9,612.8,2275.8
2906,137733840734073,476.3,170.6,272.9,32.9,10.9,438.5,assemble attention plan@24/?-work_queue,Prepare hardware matmul job@24/?-work_queue,474.3,343.0,111.8,124.2,459.3
2907,137733846295981,1170.9,570.6,371.6,228.8,96.1,122.1,rx collecting results@150/0-RX-3b,Launch hardware matmul job@24/?-work_queue,1169.4,1029.9,722.6,730.4,1154.8
2908,137733852509571,2047.6,982.3,800.0,265.4,141.4,1880.0,assemble attention plan@24/?-work_queue,Prepare hardware matmul job@24/?-work_queue,2045.0,1278.4,531.3,544.6,2031.8
2909,137733859663741,595.4,175.9,384.8,34.7,14.8,461.8,notify_listener@25/0-worker,work_queue::do_work get_work@24/?-work_queue,592.9,461.8,125.5,136.6,579.2
2910,137733865320637,1808.4,700.4,966.1,142.0,85.8,1571.8,notify_listener@25/0-worker,work_queue::do_work get_work@24/?-work_queue,1806.8,1571.8,704.0,708.3,1792.8
2911,137733872209971,1079.9,594.5,345.8,139.7,93.0,538.7,kernel_add_rmsnorm_71@25/0-worker,prepare streams@25/0-worker,1077.7,941.2,633.9,641.2,1063.6
2912,137733878340647,975.2,583.6,263.5,128.1,94.7,517.5,kernel_add_rmsnorm_71@25/0-worker,prepare streams@25/0-worker,971.9,841.4,614.9,621.9,956.4
2913,137733884373885,2439.4,1015.9,889.1,534.3,285.6,2126.9,assemble attention plan@24/?-work_queue,Prepare hardware matmul job@24/?-work_queue,2436.8,1501.2,641.7,656.4,2423.3
2914,137733891846584,1284.3,293.9,859.5,130.9,76.9,1024.8,notify_listener@25/0-worker,work_queue::do_work get_work@24/?-work_queue,1276.7,1024.8,237.7,246.7,1261.3
2915,137733898150593,1925.2,901.6,813.6,210.0,87.8,566.6,kernel_add_rmsnorm_71@25/0-worker,prepare streams@25/0-worker,1923.4,1386.3,657.2,665.5,1905.3
2916,137733905113889,1144.9,576.1,442.2,126.5,89.5,492.6,kernel_add_rmsnorm_71@25/0-worker,prepare streams@25/0-worker,1142.6,995.7,584.6,600.4,1116.4
2917,137733911273052,1094.8,634.9,340.1,119.8,90.5,556.6,kernel_add_rmsnorm_71@25/0-worker,prepare streams@25/0-worker,1093.0,955.1,649.6,661.2,1067.8
2918,137733917402214,2269.8,1114.8,735.7,419.3,167.2,2070.2,assemble attention plan@24/?-work_queue,Prepare hardware matmul job@24/?-work_queue,2267.5,1459.2,626.0,768.9,2247.5
2919,137733924684109,802.0,426.5,337.0,38.6,11.8,753.8,assemble attention plan@24/?-work_queue,Prepare hardware matmul job@24/?-work_queue,800.6,655.0,354.3,359.5,776.1
2920,137733930505821,1643.0,561.8,968.3,112.8,47.8,1459.3,notify_listener@25/0-worker,work_queue::do_work get_work@24/?-work_queue,1639.5,1459.3,510.7,517.8,1615.8
2921,137733937160822,1119.7,562.7,417.9,139.0,93.6,496.3,kernel_add_rmsnorm_71@25/0-worker,prepare streams@25/0-worker,1118.1,960.6,592.1,604.5,1077.7
2922,137733943304006,1138.4,658.0,352.5,127.8,95.3,591.0,kernel_add_rmsnorm_71@25/0-worker,prepare streams@25/0-worker,1136.5,1000.1,688.8,692.4,1122.7
2923,137733949496365,1641.3,588.9,825.6,226.8,194.6,1316.1,notify_listener@25/0-worker,work_queue::do_work get_work@24/?-work_queue,1639.7,1316.1,520.4,528.6,1625.3
2924,137733956201757,1084.6,587.3,358.7,138.7,96.2,516.5,kernel_add_rmsnorm_71@25/0-worker,prepare streams@25/0-worker,1082.9,935.8,615.2,631.2,1068.0
2925,137733962337664,1024.8,596.8,289.2,138.8,100.6,527.8,kernel_add_rmsnorm_71@25/0-worker,prepare streams@25/0-worker,1022.7,882.9,631.3,644.2,1008.6
2926,137733968379834,845.2,243.3,565.9,35.9,11.5,714.4,notify_listener@25/0-worker,work_queue::do_work get_work@24/?-work_queue,843.1,714.4,134.4,252.4,829.9
2927,137733974198322,1634.1,732.6,637.9,263.6,126.2,1482.6,assemble attention plan@24/?-work_queue,Prepare hardware matmul job@24/?-work_queue,1632.0,857.5,94.5,266.5,1618.3
2928,137733980860254,569.0,257.7,272.4,38.9,15.8,429.2,notify_listener@25/0-worker,work_queue::do_work get_work@24/?-work_queue,567.0,429.2,183.6,200.6,553.4
2929,137733986484093,993.4,595.8,349.2,48.4,15.5,949.4,assemble attention plan@24/?-work_queue,Prepare hardware matmul job@24/?-work_queue,991.4,850.7,545.0,553.8,975.5
2930,137733992446787,1684.6,618.4,959.7,106.5,84.1,1478.6,notify_listener@25/0-worker,work_queue::do_work get_work@24/?-work_queue,1682.8,1478.6,598.7,608.1,1668.4
2931,137733999132513,1010.4,184.2,794.9,31.3,12.2,970.6,assemble attention plan@24/?-work_queue,Prepare hardware matmul job@24/?-work_queue,1007.6,873.7,130.4,204.0,993.3
2932,137734005143736,1922.0,856.6,800.8,264.5,113.9,1372.8,notify_listener@25/0-worker,work_queue::do_work get_work@24/?-work_queue,1920.3,1372.8,625.2,640.7,1907.5
2933,137734012107106,2160.7,968.8,821.0,371.0,148.3,1984.1,assemble attention plan@24/?-work_queue,Prepare hardware matmul job@24/?-work_queue,2157.8,1413.2,633.3,642.3,2143.1
2934,137734019262582,1822.3,680.7,897.3,244.2,103.8,609.4,kernel_add_rmsnorm_71@25/0-worker,prepare streams@25/0-worker,1820.0,1484.6,715.4,721.0,1806.5
2935,137734026203498,1112.5,552.6,436.9,123.1,88.8,585.6,kernel_add_rmsnorm_71@25/0-worker,prepare streams@25/0-worker,1110.2,975.2,677.3,688.4,1095.9
2936,137734032341079,1734.7,719.5,786.2,229.1,98.5,498.1,kernel_add_rmsnorm_71@25/0-worker,prepare streams@25/0-worker,1732.7,1356.3,599.2,612.2,1719.4
2937,137734039173063,1115.0,553.9,437.1,123.9,88.9,490.0,kernel_add_rmsnorm_71@25/0-worker,prepare streams@25/0-worker,1113.2,981.9,581.1,585.2,1098.4
2938,137734045328615,1585.9,503.5,814.3,268.1,129.0,1429.5,assemble attention plan@24/?-work_queue,Prepare hardware matmul job@24/?-work_queue,1583.4,879.1,107.9,190.5,1569.4
2939,137734052011011,1337.0,700.3,512.9,123.7,90.0,732.2,kernel_add_rmsnorm_71@25/0-worker,prepare streams@25/0-worker,1335.0,1204.2,823.5,827.4,1320.9
2940,137734058402526,980.8,554.2,302.8,123.8,89.3,479.2,kernel_add_rmsnorm_71@25/0-worker,prepare streams@25/0-worker,978.6,846.0,585.2,590.7,965.5
2941,137734064467799,1647.2,575.0,828.0,244.2,131.0,1359.8,notify_listener@25/0-worker,work_queue::do_work get_work@24/?-work_queue,1645.3,1359.8,601.0,613.2,1630.9
2942,137734071178777,1152.0,661.6,362.4,128.0,97.8,678.4,kernel_add_rmsnorm_71@25/0-worker,prepare streams@25/0-worker,1150.0,1020.9,778.7,785.2,1135.5
2943,137734077362608,2354.0,1099.1,925.1,329.8,141.8,1511.5,notify_listener@25/0-worker,work_queue::do_work get_work@24/?-work_queue,2351.8,1511.5,657.5,666.5,2337.5
2944,137734084774642,533.3,177.3,327.4,28.6,10.5,496.9,assemble attention plan@24/?-work_queue,Prepare hardware matmul job@24/?-work_queue,531.4,401.2,107.4,113.4,517.7
2945,137734090333939,1063.7,584.5,336.1,143.2,99.5,513.3,kernel_add_rmsnorm_71@25/0-worker,prepare streams@25/0-worker,1060.7,920.2,614.9,633.2,1046.3
2946,137734096435648,1669.9,712.1,818.2,139.6,77.2,1351.7,notify_listener@25/0-worker,work_queue::do_work get_work@24/?-work_queue,1667.2,1351.7,581.7,593.0,1652.4
2947,137734103109269,1193.5,602.4,458.5,132.6,89.8,530.3,kernel_add_rmsnorm_71@25/0-worker,prepare streams@25/0-worker,1190.7,1052.7,622.9,631.0,1177.8
2948,137734109309450,1797.9,723.1,817.8,257.0,103.2,609.9,kernel_add_rmsnorm_71@25/0-worker,prepare streams@25/0-worker,1796.1,1501.8,715.9,724.5,1782.2
2949,137734116125018,1210.2,657.4,415.3,137.5,99.6,599.1,kernel_add_rmsnorm_71@25/0-worker,prepare streams@25/0-worker,1208.5,1075.3,700.8,708.8,1195.4
2950,137734122393382,1722.3,707.7,812.8,201.7,79.1,1432.2,notify_listener@25/0-worker,work_queue::do_work get_work@24/?-work_queue,1719.7,1432.2,673.8,683.5,1705.7
2951,137734129175272,1177.0,648.6,391.7,136.8,98.1,577.4,kernel_add_rmsnorm_71@25/0-worker,prepare streams@25/0-worker,1177.0,1042.9,678.0,683.3,1159.5
2952,137734135371573,984.1,584.4,289.5,110.1,81.0,516.5,kernel_add_rmsnorm_71@25/0-worker,prepare streams@25/0-worker,982.0,857.6,600.4,606.9,968.2
2953,137734142847463,1820.7,604.9,1002.7,213.2,57.1,1214.6,notify_listener@25/0-worker,work_queue::do_work get_work@24/?-work_queue,1815.8,1214.6,271.4,281.9,1745.7
2954,137734151025862,1176.8,582.6,437.3,156.8,119.7,594.7,kernel_add_rmsnorm_71@25/0-worker,prepare streams@25/0-worker,1175.1,1032.0,715.9,722.6,1151.8
2955,137734157146061,1174.2,625.7,416.6,132.0,100.6,533.5,kernel_add_rmsnorm_71@25/0-worker,prepare streams@25/0-worker,1172.0,1022.9,636.0,647.9,1138.1
2956,137734163332780,1106.7,622.6,352.9,131.2,94.5,548.4,kernel_add_rmsnorm_71@25/0-worker,prepare streams@25/0-worker,1104.7,965.7,645.6,657.1,1085.9
2957,137734169417400,938.8,560.6,275.9,102.2,71.8,471.9,kernel_add_rmsnorm_71@25/0-worker,prepare streams@25/0-worker,936.3,801.8,546.2,551.3,917.6
2958,137734175336099,1061.7,594.7,335.3,131.7,95.3,522.1,kernel_add_rmsnorm_71@25/0-worker,prepare streams@25/0-worker,1059.3,916.6,620.0,625.9,1037.3
2959,137734181376196,1009.0,631.4,254.9,122.8,92.7,540.1,kernel_add_rmsnorm_71@25/0-worker,prepare streams@25/0-worker,1007.3,873.0,635.5,641.8,986.2
2960,137734187332424,2356.6,1006.8,962.9,387.0,139.5,1574.3,notify_listener@25/0-worker,work_queue::do_work get_work@24/?-work_queue,2355.0,1574.3,750.0,760.7,2333.6
2961,137734194693120,2031.6,790.3,803.5,437.8,319.1,1677.9,assemble attention plan@24/?-work_queue,Prepare hardware matmul job@24/?-work_queue,2029.3,1095.5,341.2,353.4,2006.7
2962,137734201699444,1421.6,449.2,829.7,142.7,89.5,1121.9,notify_listener@25/0-worker,work_queue::do_work get_work@24/?-work_queue,1419.3,1121.9,336.7,397.2,1397.9
2963,137734208254064,1134.5,704.0,301.9,128.7,93.9,631.0,kernel_add_rmsnorm_71@25/0-worker,prepare streams@25/0-worker,1132.9,985.1,727.9,741.1,1116.3
2964,137734214346092,1015.1,556.9,338.3,119.9,86.8,464.0,kernel_add_rmsnorm_71@25/0-worker,prepare streams@25/0-worker,1013.4,874.0,552.8,561.2,999.1
2965,137734220427389,2209.3,1103.0,795.0,311.2,132.7,2041.2,assemble attention plan@24/?-work_queue,Prepare hardware matmul job@24/?-work_queue,2206.5,1365.8,608.3,619.6,2189.5
2966,137734227696949,1881.6,763.0,807.3,311.3,157.3,1689.1,assemble attention plan@24/?-work_queue,Prepare hardware matmul job@24/?-work_queue,1879.1,1116.7,355.6,368.2,1864.3
2967,137734234626748,1947.5,850.2,819.3,278.0,138.4,1776.4,assemble attention plan@24/?-work_queue,Prepare hardware matmul job@24/?-work_queue,1945.8,1193.2,421.1,431.5,1930.8
2968,137734241619253,646.5,165.0,443.3,38.3,11.6,603.4,assemble attention plan@24/?-work_queue,Prepare hardware matmul job@24/?-work_queue,645.1,507.3,104.2,108.0,630.4
2969,137734247270941,1087.6,590.4,365.2,132.0,96.2,515.4,kernel_add_rmsnorm_71@25/0-worker,prepare streams@25/0-worker,1085.3,935.8,614.2,621.4,1052.5
2970,137734253412147,1697.4,638.7,786.1,272.6,132.7,1346.0,notify_listener@25/0-worker,work_queue::do_work get_work@24/?-work_queue,1695.4,1346.0,600.9,615.1,1681.6
2971,137734260118156,1187.5,602.3,447.1,138.1,100.8,552.6,kernel_add_rmsnorm_71@25/0-worker,prepare streams@25/0-worker,1185.4,1048.2,655.8,660.5,1170.9
2972,137734266327518,1071.1,553.2,268.5,249.3,136.6,806.6,notify_listener@25/0-worker,work_queue::do_work get_work@24/?-work_queue,1069.5,806.6,567.1,570.5,1054.4
2973,137734272389989,1745.9,588.8,951.8,205.4,104.3,513.2,kernel_add_rmsnorm_71@25/0-worker,prepare streams@25/0-worker,1743.9,1537.1,620.5,626.5,1729.0
2974,137734279126922,1130.3,558.0,448.0,124.2,90.5,464.7,kernel_add_rmsnorm_71@25/0-worker,prepare streams@25/0-worker,1128.6,979.8,557.9,567.7,1114.2
2975,137734285264607,1091.4,605.5,358.4,127.5,90.9,544.7,rx collecting results@149/0-RX-38,prepare streams@25/0-worker,1088.7,949.3,638.5,648.5,1074.2
2976,137734291356372,2351.2,975.6,906.1,469.6,131.5,2192.7,assemble attention plan@24/?-work_queue,Prepare hardware matmul job@24/?-work_queue,2349.1,1512.3,650.7,659.0,2334.8
2977,137734298725900,769.6,390.3,334.8,44.5,16.5,725.9,assemble attention plan@24/?-work_queue,Prepare hardware matmul job@24/?-work_queue,767.4,620.8,312.5,317.6,753.2
2978,137734304545132,1579.2,588.1,820.9,170.2,118.1,1263.9,notify_listener@25/0-worker,work_queue::do_work get_work@24/?-work_queue,1576.3,1263.9,507.2,519.6,1562.5
2979,137734311131603,1211.9,853.6,231.1,127.1,90.6,524.1,kernel_add_rmsnorm_71@25/0-worker,prepare streams@25/0-worker,1209.2,1076.6,616.7,888.5,1194.6
2980,137734317391042,1709.7,745.3,762.2,202.2,135.3,1359.4,notify_listener@25/0-worker,work_queue::do_work get_work@24/?-work_queue,1706.9,1359.4,626.1,635.2,1691.9
2981,137734324192050,1071.0,568.6,377.3,125.1,94.2,488.9,kernel_add_rmsnorm_71@25/0-worker,prepare streams@25/0-worker,1068.2,938.3,585.4,594.0,1054.1
2982,137734330273957,1083.1,598.5,346.1,138.6,99.3,526.3,kernel_add_rmsnorm_71@25/0-worker,prepare streams@25/0-worker,1081.3,945.9,627.9,635.1,1066.5
2983,137734336357828,499.6,193.1,271.1,35.5,10.1,462.6,assemble attention plan@24/?-work_queue,Prepare hardware matmul job@24/?-work_queue,497.4,368.0,130.1,134.2,483.1
2984,137734341848632,1275.5,351.7,769.5,154.3,113.6,1009.3,notify_listener@25/0-worker,work_queue::do_work get_work@24/?-work_queue,1272.6,1009.3,196.6,204.4,1259.2
2985,137734348196797,1088.6,560.6,412.2,115.9,88.6,475.7,kernel_add_rmsnorm_71@25/0-worker,prepare streams@25/0-worker,1086.7,959.9,566.9,571.5,1081.3
2986,137734354294251,1001.7,561.0,303.1,137.5,102.0,472.1,kernel_add_rmsnorm_71@25/0-worker,prepare streams@25/0-worker,999.8,863.2,576.8,584.3,985.9
2987,137734360346351,1051.5,579.6,354.7,117.2,88.0,521.5,kernel_add_rmsnorm_71@25/0-worker,prepare streams@25/0-worker,1049.7,920.0,612.4,623.1,1036.5
2988,137734366372602,1737.3,732.9,763.4,240.9,108.4,1371.4,notify_listener@25/0-worker,work_queue::do_work get_work@24/?-work_queue,1735.1,1371.4,640.1,659.7,1721.4
2989,137734373113567,1207.4,688.2,395.1,124.1,95.8,621.2,kernel_add_rmsnorm_71@25/0-worker,prepare streams@25/0-worker,1205.6,1078.1,719.6,729.7,1192.2
2990,137734379320223,1075.9,595.3,352.1,128.4,93.8,528.2,kernel_add_rmsnorm_71@25/0-worker,prepare streams@25/0-worker,1073.4,940.5,624.9,628.6,1059.5
2991,137734385508909,1591.4,660.2,780.8,150.4,85.4,1244.7,notify_listener@25/0-worker,work_queue::do_work get_work@24/?-work_queue,1589.4,1244.7,508.5,514.4,1573.9
2992,137734392103609,1146.0,595.4,418.6,132.0,100.8,507.9,kernel_add_rmsnorm_71@25/0-worker,prepare streams@25/0-worker,1142.9,1012.6,611.4,621.4,1129.0
2993,137734398287975,1810.4,770.1,821.3,219.1,82.0,641.0,kernel_add_rmsnorm_71@25/0-worker,prepare streams@25/0-worker,1807.7,1489.0,724.6,730.8,1793.9
2994,137734405162450,1110.1,573.5,395.3,141.4,101.6,535.8,kernel_add_rmsnorm_71@25/0-worker,prepare streams@25/0-worker,1107.6,970.8,639.8,649.3,1094.0
2995,137734411297342,1059.9,572.0,349.6,138.4,108.1,485.5,kernel_add_rmsnorm_71@25/0-worker,prepare streams@25/0-worker,1057.8,927.0,596.8,609.3,1044.3
2996,137734417392094,1703.2,722.2,770.5,210.4,120.1,1350.4,notify_listener@25/0-worker,work_queue::do_work get_work@24/?-work_queue,1701.7,1350.4,624.1,631.4,1687.2
2997,137734424142194,2563.6,1397.5,829.1,337.0,139.8,2398.5,assemble attention plan@24/?-work_queue,Prepare hardware matmul job@24/?-work_queue,2562.0,1660.3,875.0,880.6,2547.5
2998,137734431775716,1354.3,338.8,906.8,108.7,78.8,1152.3,notify_listener@25/0-worker,work_queue::do_work get_work@24/?-work_queue,1351.9,1152.3,273.4,283.1,1338.3
2999,137734438169196,1107.3,637.6,339.7,130.0,91.3,557.1,kernel_add_rmsnorm_71@25/0-worker,prepare streams@25/0-worker,1105.8,966.9,651.5,655.1,1091.6
3000,137734444329824,1787.1,838.9,803.7,144.5,90.3,1471.2,notify_listener@25/0-worker,work_queue::do_work get_work@24/?-work_queue,1785.3,1471.2,703.6,717.4,1770.9
3001,137734451145144,1211.1,820.1,265.6,125.4,90.8,755.7,kernel_add_rmsnorm_71@25/0-worker,prepare streams@25/0-worker,1209.0,1075.1,849.3,862.6,1194.0
3002,137734457345700,968.2,604.6,248.9,114.7,80.8,535.8,kernel_add_rmsnorm_71@25/0-worker,prepare streams@25/0-worker,966.7,840.9,619.2,623.0,952.6
3003,137734463312672,2217.2,961.7,822.2,433.4,158.5,2033.2,assemble attention plan@24/?-work_queue,Prepare hardware matmul job@24/?-work_queue,2215.3,1427.8,677.8,704.2,2201.5
3004,137734470527754,890.7,547.4,307.9,35.4,11.3,853.2,assemble attention plan@24/?-work_queue,Prepare hardware matmul job@24/?-work_queue,888.5,762.1,516.2,524.7,874.6
3005,137734476415298,1705.0,750.6,704.8,249.6,125.9,1440.6,notify_listener@25/0-worker,work_queue::do_work get_work@24/?-work_queue,1703.3,1440.6,679.0,686.2,1688.5
3006,137734483184611,974.4,589.4,261.6,123.4,88.2,527.5,kernel_add_rmsnorm_71@25/0-worker,prepare streams@25/0-worker,972.9,848.0,618.5,625.4,959.3
3007,137734489155713,1113.0,589.3,398.4,125.4,86.4,523.2,kernel_add_rmsnorm_71@25/0-worker,prepare streams@25/0-worker,1110.7,979.2,612.2,624.5,1096.6
3008,137734495335048,1090.7,653.5,312.8,124.5,90.4,562.3,kernel_add_rmsnorm_71@25/0-worker,prepare streams@25/0-worker,1089.2,955.9,654.8,667.6,1075.2
3009,137734501462570,1666.8,559.6,913.3,193.9,138.9,1379.6,notify_listener@25/0-worker,work_queue::do_work get_work@24/?-work_queue,1665.2,1379.6,562.3,570.1,1650.7
3010,137734508153783,1154.5,649.7,375.1,129.7,97.9,614.8,kernel_add_rmsnorm_71@25/0-worker,prepare streams@25/0-worker,1149.0,1020.8,715.4,725.4,1134.7
3011,137734514292847,1063.8,573.2,360.1,130.4,93.6,497.8,kernel_add_rmsnorm_71@25/0-worker,prepare streams@25/0-worker,1062.3,914.9,594.3,598.7,1038.4
3012,137734520387335,815.0,177.2,602.9,34.9,11.3,768.9,assemble attention plan@24/?-work_queue,Prepare hardware matmul job@24/?-work_queue,812.7,674.8,113.5,120.7,790.8
3013,137734526219346,1202.0,673.8,395.1,133.1,95.1,643.3,kernel_add_rmsnorm_71@25/0-worker,prepare streams@25/0-worker,1199.9,1054.7,740.9,745.9,1178.6
3014,137734532471811,1655.5,661.0,829.5,165.0,98.8,1346.7,notify_listener@25/0-worker,work_queue::do_work get_work@24/?-work_queue,1653.4,1346.7,554.0,567.8,1633.9
3015,137734539133494,1144.2,599.0,419.4,125.9,91.9,518.1,kernel_add_rmsnorm_71@25/0-worker,prepare streams@25/0-worker,1141.8,998.5,612.2,621.2,1120.9
3016,137734545282641,1071.2,605.1,347.2,118.8,89.4,532.6,kernel_add_rmsnorm_71@25/0-worker,prepare streams@25/0-worker,1069.6,930.2,624.5,640.9,1046.3
3017,137734551338583,2344.0,1019.7,915.2,409.1,144.0,2166.1,assemble attention plan@24/?-work_queue,Prepare hardware matmul job@24/?-work_queue,2340.9,1497.8,674.6,686.3,2326.1
3018,137734558732204,607.8,169.6,411.0,27.2,10.0,565.6,assemble attention plan@24/?-work_queue,Prepare hardware matmul job@24/?-work_queue,606.3,472.8,109.8,116.0,591.0
3019,137734564491880,969.0,594.3,331.9,42.8,14.7,821.9,notify_listener@25/0-worker,work_queue::do_work get_work@24/?-work_queue,966.3,821.9,522.8,528.4,952.7
3020,137734570478458,1635.8,572.9,923.6,139.2,83.7,1339.3,notify_listener@25/0-worker,work_queue::do_work get_work@24/?-work_queue,1633.7,1339.3,568.7,578.6,1620.0
3021,137734577170287,1182.2,655.0,387.6,139.7,105.4,586.0,kernel_add_rmsnorm_71@25/0-worker,prepare streams@25/0-worker,1180.7,1043.0,694.3,702.0,1167.8
3022,137734583407697,482.8,167.8,282.0,33.0,11.3,445.6,assemble attention plan@24/?-work_queue,Prepare hardware matmul job@24/?-work_queue,480.9,341.7,104.5,109.5,467.4
3023,137734588888903,1779.9,606.7,764.0,409.2,152.1,1600.9,assemble attention plan@24/?-work_queue,Prepare hardware matmul job@24/?-work_queue,1777.6,887.8,162.4,169.0,1764.2
3024,137734595768517,1387.4,482.1,781.5,123.8,90.9,407.3,kernel_add_rmsnorm_71@25/0-worker,prepare streams@25/0-worker,1385.1,1245.9,499.9,504.0,1371.1
3025,137734602199592,1148.1,791.0,227.2,129.9,90.4,555.1,kernel_add_rmsnorm_71@25/0-worker,prepare streams@25/0-worker,1145.8,1010.2,647.1,827.5,1131.7
3026,137734608421783,961.0,643.4,255.7,61.8,26.0,565.7,kernel_add_rmsnorm_71@25/0-worker,prepare streams@25/0-worker,958.7,824.4,594.0,610.5,945.9
3027,137734614388990,1718.8,630.9,796.5,291.4,137.4,480.4,rx collecting results@150/0-RX-3b,kernel_add_rmsnorm_71@25/0-worker,1716.7,1384.4,632.3,640.0,1702.1
3028,137734621201413,1084.2,554.3,394.6,135.3,100.0,573.0,kernel_add_rmsnorm_71@25/0-worker,prepare streams@25/0-worker,1081.7,946.8,675.5,685.8,1068.3
3029,137734627271899,878.5,164.1,684.4,30.0,11.2,842.3,assemble attention plan@24/?-work_queue,Prepare hardware matmul job@24/?-work_queue,876.2,747.1,102.5,119.7,862.9
3030,137734633168942,2196.4,966.5,808.2,421.6,164.1,2005.7,assemble attention plan@24/?-work_queue,Prepare hardware matmul job@24/?-work_queue,2194.4,1342.1,570.1,576.8,2180.0
3031,137734640499664,2074.3,923.7,805.5,345.1,154.8,1892.1,assemble attention plan@24/?-work_queue,Prepare hardware matmul job@24/?-work_queue,2071.8,1298.6,528.5,535.1,2057.1
3032,137734647608535,1516.3,489.4,917.5,109.4,63.3,1304.7,notify_listener@25/0-worker,work_queue::do_work get_work@24/?-work_queue,1514.0,1304.7,428.7,438.1,1500.1
3033,137734654148217,1001.4,181.5,779.7,40.2,15.4,858.9,notify_listener@25/0-worker,work_queue::do_work get_work@24/?-work_queue,999.1,858.9,119.2,125.8,984.9
3034,137734660213271,988.4,584.1,279.1,125.2,89.7,519.9,kernel_add_rmsnorm_71@25/0-worker,prepare streams@25/0-worker,984.8,856.4,612.6,617.7,972.1
3035,137734666203698,1123.5,582.4,413.0,128.1,86.2,500.0,kernel_add_rmsnorm_71@25/0-worker,prepare streams@25/0-worker,1121.8,981.0,588.7,601.3,1107.1
3036,137734672357327,1736.7,674.5,828.8,233.4,93.0,559.3,kernel_add_rmsnorm_71@25/0-worker,prepare streams@25/0-worker,1734.9,1405.0,654.4,666.3,1721.7
3037,137734679158742,979.2,163.6,771.7,43.8,24.7,834.2,notify_listener@25/0-worker,work_queue::do_work get_work@24/?-work_queue,976.5,834.2,112.8,124.6,962.3
3038,137734685186464,2451.9,1343.2,794.2,314.5,147.6,2277.4,assemble attention plan@24/?-work_queue,Prepare hardware matmul job@24/?-work_queue,2449.0,1590.9,831.7,836.3,2435.0
3039,137734692757182,1990.0,790.1,852.8,347.1,152.3,1811.2,assemble attention plan@24/?-work_queue,Prepare hardware matmul job@24/?-work_queue,1988.0,1091.8,285.0,289.8,1973.3
3040,137734699866490,1761.0,694.8,792.5,273.7,130.1,1604.6,assemble attention plan@24/?-work_queue,Prepare hardware matmul job@24/?-work_queue,1759.1,944.5,191.2,199.4,1745.1
3041,137734706695565,2342.0,847.4,930.2,564.3,331.2,1983.5,assemble attention plan@24/?-work_queue,Prepare hardware matmul job@24/?-work_queue,2339.6,1347.7,533.1,537.3,2325.3
3042,137734714076151,1999.7,882.8,840.6,276.3,113.8,1449.1,notify_listener@25/0-worker,work_queue::do_work get_work@24/?-work_queue,1996.1,1449.1,650.8,666.3,1983.5
3043,137734721086454,1211.1,681.6,407.9,121.6,93.0,622.0,kernel_add_rmsnorm_71@25/0-worker,prepare streams@25/0-worker,1208.9,1081.4,717.7,731.3,1195.0
3044,137734727325432,1775.5,707.3,795.3,272.9,124.7,1418.7,notify_listener@25/0-worker,work_queue::do_work get_work@24/?-work_queue,1773.7,1418.7,655.5,663.0,1759.3
3045,137734734126041,1172.4,600.7,433.6,138.1,105.9,533.6,kernel_add_rmsnorm_71@25/0-worker,prepare streams@25/0-worker,1170.0,1040.7,642.1,651.9,1155.7
3046,137734740300646,1812.3,734.0,812.8,265.6,124.8,1480.0,notify_listener@25/0-worker,work_queue::do_work get_work@24/?-work_queue,1810.2,1480.0,721.1,734.9,1795.3
3047,137734747277037,1107.6,679.1,302.3,126.3,93.7,621.1,kernel_add_rmsnorm_71@25/0-worker,prepare streams@25/0-worker,1105.1,975.4,727.0,734.2,1091.1
3048,137734753375092,2368.0,1241.9,776.0,350.2,153.1,2187.7,assemble attention plan@24/?-work_queue,Prepare hardware matmul job@24/?-work_queue,2365.9,1405.2,663.3,675.2,2351.2
3049,137734760819860,690.0,292.0,362.9,35.0,11.6,651.6,assemble attention plan@24/?-work_queue,Prepare hardware matmul job@24/?-work_queue,688.2,556.4,247.9,257.4,673.2
3050,137734766585413,2120.8,773.3,962.7,384.8,170.1,1915.6,assemble attention plan@24/?-work_queue,Prepare hardware matmul job@24/?-work_queue,2119.0,1217.9,462.9,472.9,2096.0
3051,137734773843205,1286.2,297.3,845.2,143.7,95.2,1027.6,notify_listener@25/0-worker,work_queue::do_work get_work@24/?-work_queue,1284.1,1027.6,224.8,235.5,1270.1
3052,137734780170395,1097.5,586.5,363.8,147.2,99.4,525.4,kernel_add_rmsnorm_71@25/0-worker,prepare streams@25/0-worker,1094.7,964.7,627.6,632.8,1081.0
3053,137734786347920,1108.9,639.5,346.2,123.2,85.6,580.5,kernel_add_rmsnorm_71@25/0-worker,prepare streams@25/0-worker,1106.1,974.9,668.0,687.3,1093.0
3054,137734792493848,763.2,215.9,511.1,36.1,11.9,710.3,assemble attention plan@24/?-work_queue,Prepare hardware matmul job@24/?-work_queue,760.4,614.7,147.4,157.7,732.3
3055,137734798275106,551.8,158.2,356.5,37.2,14.8,405.0,notify_listener@25/0-worker,work_queue::do_work get_work@24/?-work_queue,549.5,405.0,98.6,104.5,529.0
3056,137734803845492,1273.3,360.9,773.8,138.6,90.8,943.6,notify_listener@25/0-worker,work_queue::do_work get_work@24/?-work_queue,1270.8,943.6,206.8,211.1,1244.7
3057,137734810108137,1143.1,561.7,450.9,130.5,90.6,496.7,kernel_add_rmsnorm_71@25/0-worker,prepare streams@25/0-worker,1140.8,999.3,589.8,600.5,1127.1
3058,137734816276685,2516.6,1170.5,968.6,377.4,182.1,2306.4,assemble attention plan@24/?-work_queue,Prepare hardware matmul job@24/?-work_queue,2514.5,1606.5,736.7,744.8,2499.9
3059,137734823800616,1777.0,650.9,814.9,311.2,134.1,1615.4,assemble attention plan@24/?-work_queue,Prepare hardware matmul job@24/?-work_queue,1774.6,1010.4,243.7,253.5,1759.8
3060,137734830613246,2029.7,943.6,785.7,300.4,140.9,1862.2,assemble attention plan@24/?-work_queue,Prepare hardware matmul job@24/?-work_queue,2027.8,1188.5,449.8,456.3,2013.3
3061,137734837679705,1919.4,831.2,808.6,279.6,133.3,1756.2,assemble attention plan@24/?-work_queue,Prepare hardware matmul job@24/?-work_queue,1917.1,1120.7,364.0,370.3,1899.8
3062,137734844632477,1487.6,440.1,882.9,164.5,118.8,1169.4,notify_listener@25/0-worker,work_queue::do_work get_work@24/?-work_queue,1487.7,1169.4,438.4,450.0,1466.1
3063,137734851141453,1167.9,613.7,421.7,132.4,101.6,537.2,kernel_add_rmsnorm_71@25/0-worker,prepare streams@25/0-worker,1166.2,1023.7,641.3,648.1,1141.9
3064,137734857355242,967.2,581.0,260.4,125.9,90.2,486.7,kernel_add_rmsnorm_71@25/0-worker,prepare streams@25/0-worker,964.2,815.7,579.3,598.3,939.2
3065,137734863362025,1738.4,679.8,832.0,226.6,89.0,1387.1,notify_listener@25/0-worker,work_queue::do_work get_work@24/?-work_queue,1736.9,1387.1,641.1,646.6,1714.3
3066,137734870156925,1174.6,627.1,423.0,124.5,91.7,625.0,kernel_add_rmsnorm_71@25/0-worker,prepare streams@25/0-worker,1172.1,1028.3,719.6,731.5,1147.1
3067,137734876318346,1070.0,595.8,343.3,131.0,94.7,509.6,kernel_add_rmsnorm_71@25/0-worker,prepare streams@25/0-worker,1068.3,925.1,607.2,616.0,1042.2
3068,137734882433245,2149.9,954.1,892.9,302.8,124.7,1992.6,assemble attention plan@24/?-work_queue,Prepare hardware matmul job@24/?-work_queue,2147.9,1361.2,604.2,608.7,2127.1
3069,137734889622406,1502.0,559.3,797.7,145.1,88.1,1178.3,notify_listener@25/0-worker,work_queue::do_work get_work@24/?-work_queue,1499.7,1178.3,416.5,430.2,1469.6
3070,137734896143373,1125.9,614.2,392.3,119.4,92.0,569.1,kernel_add_rmsnorm_71@25/0-worker,prepare streams@25/0-worker,1124.0,993.1,664.3,668.3,1105.1
3071,137734902312727,1056.9,588.7,342.6,125.6,86.9,503.3,kernel_add_rmsnorm_71@25/0-worker,prepare streams@25/0-worker,1054.4,908.8,593.3,599.6,1039.5
3072,137734908357106,2685.7,994.0,550.2,1141.5,856.7,1108.9,notify_listener@25/0-worker,work_queue::do_work get_work@24/?-work_queue,2683.6,1108.9,655.4,659.4,2669.7
3073,137734916100801,1177.0,653.2,400.6,123.2,89.7,581.7,kernel_add_rmsnorm_71@25/0-worker,prepare streams@25/0-worker,1174.7,1030.6,690.7,707.8,1159.6
3074,137734922309078,1131.9,641.9,357.9,132.1,86.3,550.6,kernel_add_rmsnorm_71@25/0-worker,prepare streams@25/0-worker,1130.0,984.2,640.0,646.3,1117.0
3075,137734928610011,1512.2,564.9,823.9,123.5,73.1,1216.9,notify_listener@25/0-worker,work_queue::do_work get_work@24/?-work_queue,1510.1,1216.9,423.4,491.2,1495.5
3076,137734935132003,1134.2,561.5,439.5,133.2,81.6,480.7,kernel_add_rmsnorm_71@25/0-worker,prepare streams@25/0-worker,1131.5,980.7,565.0,580.3,1116.7
3077,137734941296117,1026.5,585.8,307.7,133.0,101.6,510.6,kernel_add_rmsnorm_71@25/0-worker,prepare streams@25/0-worker,1024.3,887.9,614.8,619.0,1009.2
3078,137734947471461,1656.4,615.5,798.1,242.8,128.4,1323.6,notify_listener@25/0-worker,work_queue::do_work get_work@24/?-work_queue,1654.5,1323.6,554.6,567.8,1640.7
3079,137734954170024,1104.3,598.6,379.5,126.2,94.9,552.6,kernel_add_rmsnorm_71@25/0-worker,prepare streams@25/0-worker,1101.9,968.9,649.8,654.2,1087.9
3080,137734960336995,1015.6,591.1,277.4,147.1,103.0,528.8,kernel_add_rmsnorm_71@25/0-worker,prepare streams@25/0-worker,1013.3,868.0,634.4,639.6,998.6
3081,137734966425387,2334.2,1047.0,867.3,419.9,161.9,2137.1,assemble attention plan@24/?-work_queue,Prepare hardware matmul job@24/?-work_queue,2332.1,1424.1,656.7,667.8,2316.0
3082,137734973819503,1826.3,683.4,804.6,338.3,146.0,1644.9,assemble attention plan@24/?-work_queue,Prepare hardware matmul job@24/?-work_queue,1824.0,1005.7,228.7,234.5,1810.2
3083,137734980703201,788.4,388.1,365.4,34.9,9.8,753.0,assemble attention plan@24/?-work_queue,Prepare hardware matmul job@24/?-work_queue,786.0,650.1,340.6,344.6,772.9
3084,137734986532843,2154.3,941.5,877.6,335.2,168.9,1958.7,assemble attention plan@24/?-work_queue,Prepare hardware matmul job@24/?-work_queue,2152.8,1281.5,508.7,515.6,2138.1
3085,137734993740673,1852.4,723.4,863.2,265.9,151.0,1674.6,assemble attention plan@24/?-work_queue,Prepare hardware matmul job@24/?-work_queue,1850.5,1086.3,303.7,403.1,1836.4
3086,137735000615519,1159.3,675.5,448.6,35.2,11.3,1121.5,assemble attention plan@24/?-work_queue,Prepare hardware matmul job@24/?-work_queue,1156.7,1013.1,711.3,721.7,1142.6
3087,137735006760027,2210.2,844.5,993.9,371.8,154.5,2027.9,assemble attention plan@24/?-work_queue,Prepare hardware matmul job@24/?-work_queue,2208.0,1228.1,278.4,283.9,2193.3
3088,137735014040277,1240.4,579.7,543.9,116.8,84.1,573.8,kernel_add_rmsnorm_71@25/0-worker,prepare streams@25/0-worker,1237.7,1101.0,661.1,666.6,1223.2
3089,137735020294040,1802.2,766.4,781.7,254.1,108.4,1428.2,notify_listener@25/0-worker,work_queue::do_work get_work@24/?-work_queue,1800.7,1428.2,681.7,690.0,1786.8
3090,137735027192978,1914.0,825.6,908.1,180.4,99.5,1607.5,notify_listener@25/0-worker,work_queue::do_work get_work@24/?-work_queue,1912.2,1607.5,822.9,833.0,1898.3
3091,137735034117059,1169.4,617.1,428.1,124.2,89.5,552.2,kernel_add_rmsnorm_71@25/0-worker,prepare streams@25/0-worker,1167.2,1035.7,645.0,656.3,1154.2
3092,137735040360128,1025.0,616.6,263.9,144.4,101.3,535.4,kernel_add_rmsnorm_71@25/0-worker,prepare streams@25/0-worker,1022.2,887.9,644.9,650.9,1008.2
3093,137735046447162,1668.0,706.7,817.5,143.7,86.1,1320.0,notify_listener@25/0-worker,work_queue::do_work get_work@24/?-work_queue,1659.8,1320.0,571.0,587.3,1646.1
3094,137735053187188,1163.5,666.5,369.6,127.3,90.4,589.1,kernel_add_rmsnorm_71@25/0-worker,prepare streams@25/0-worker,1161.4,1021.0,683.3,696.2,1143.8
3095,137735059352769,1059.1,582.2,340.3,136.5,101.3,505.7,kernel_add_rmsnorm_71@25/0-worker,prepare streams@25/0-worker,1056.1,912.8,610.0,614.7,1036.1
3096,137735065448065,2259.9,979.9,862.8,417.2,157.3,2063.2,assemble attention plan@24/?-work_queue,Prepare hardware matmul job@24/?-work_queue,2258.2,1411.4,580.0,597.3,2231.4
3097,137735072862172,477.9,168.5,278.4,31.0,11.0,432.3,assemble attention plan@24/?-work_queue,Prepare hardware matmul job@24/?-work_queue,475.8,337.8,114.7,124.7,453.2
3098,137735078320945,1056.1,686.1,233.5,136.6,102.4,537.9,kernel_add_rmsnorm_71@25/0-worker,prepare streams@25/0-worker,1052.8,885.1,644.3,649.3,1007.5
3099,137735084409532,2355.8,1081.6,903.8,370.4,135.5,2183.9,assemble attention plan@24/?-work_queue,Prepare hardware matmul job@24/?-work_queue,2353.4,1474.8,605.8,612.3,2330.1
3100,137735091795955,1937.6,792.2,807.1,338.2,145.4,1759.3,assemble attention plan@24/?-work_queue,Prepare hardware matmul job@24/?-work_queue,1935.6,1005.7,254.4,263.4,1915.7
3101,137735098784162,670.4,293.0,344.4,33.1,11.8,625.7,assemble attention plan@24/?-work_queue,Prepare hardware matmul job@24/?-work_queue,668.7,527.8,258.7,269.8,648.2
3102,137735104467948,998.4,576.2,346.9,75.4,40.2,506.2,kernel_add_rmsnorm_71@25/0-worker,prepare streams@25/0-worker,996.5,849.9,548.5,552.8,971.3
3103,137735110630634,1483.8,580.3,769.6,133.8,80.6,1131.8,notify_listener@25/0-worker,work_queue::do_work get_work@24/?-work_queue,1481.1,1131.8,408.8,413.9,1467.1
3104,137735117216911,1934.4,637.6,1123.2,173.7,91.2,705.4,kernel_add_rmsnorm_71@25/0-worker,prepare streams@25/0-worker,1932.2,1739.2,798.6,807.8,1918.3
3105,137735124226855,1129.6,588.1,406.0,135.5,100.2,537.7,kernel_add_rmsnorm_71@25/0-worker,prepare streams@25/0-worker,1127.1,977.0,640.8,654.3,1112.1
3106,137735130431515,784.6,170.1,579.3,35.2,15.3,636.6,notify_listener@25/0-worker,work_queue::do_work get_work@24/?-work_queue,782.5,636.6,103.6,109.8,768.6
3107,137735136429437,961.9,593.8,271.3,96.7,64.8,516.2,kernel_add_rmsnorm_71@25/0-worker,prepare streams@25/0-worker,959.6,817.2,584.4,589.2,945.5
3108,137735142492156,2316.3,1064.7,912.4,339.2,155.7,2134.4,assemble attention plan@24/?-work_queue,Prepare hardware matmul job@24/?-work_queue,2314.6,1403.0,526.6,537.4,2300.3
3109,137735149912760,1758.7,734.3,745.9,278.5,150.5,1581.5,assemble attention plan@24/?-work_queue,Prepare hardware matmul job@24/?-work_queue,1757.0,919.8,171.9,232.9,1742.3
3110,137735156773959,733.5,342.4,353.6,37.5,10.9,696.9,assemble attention plan@24/?-work_queue,Prepare hardware matmul job@24/?-work_queue,731.1,602.1,287.5,305.6,717.7
3111,137735162563586,1990.4,960.4,738.6,291.3,132.3,1830.7,assemble attention plan@24/?-work_queue,Prepare hardware matmul job@24/?-work_queue,1987.3,1163.3,472.6,478.2,1973.0
3112,137735169622564,1503.3,475.0,915.3,113.0,90.9,1281.3,notify_listener@25/0-worker,work_queue::do_work get_work@24/?-work_queue,1501.3,1281.3,413.5,428.3,1486.5
3113,137735176167430,1084.4,561.8,415.2,107.4,77.1,489.5,kernel_add_rmsnorm_71@25/0-worker,prepare streams@25/0-worker,1082.4,950.8,568.2,624.0,1068.0
3114,137735182322261,1037.0,565.5,346.2,125.3,89.6,494.6,kernel_add_rmsnorm_71@25/0-worker,prepare streams@25/0-worker,1035.0,896.2,587.2,597.5,1019.9
3115,137735188407167,1707.5,747.0,802.8,157.7,96.9,1343.2,notify_listener@25/0-worker,work_queue::do_work get_work@24/?-work_queue,1704.8,1343.2,608.8,612.9,1690.4
3116,137735195145606,1143.2,584.2,431.9,127.2,86.0,599.1,kernel_add_rmsnorm_71@25/0-worker,prepare streams@25/0-worker,1140.7,996.7,688.1,706.3,1127.6
3117,137735201298795,1120.0,582.3,392.6,145.2,101.0,557.6,kernel_add_rmsnorm_71@25/0-worker,prepare streams@25/0-worker,1117.8,986.6,661.9,667.5,1104.7
3118,137735207508658,2111.5,991.3,798.1,322.1,133.9,1952.7,assemble attention plan@24/?-work_queue,Prepare hardware matmul job@24/?-work_queue,2109.9,1283.8,508.8,512.9,2096.5
3119,137735214649924,2042.2,870.9,800.0,371.3,146.3,1867.2,assemble attention plan@24/?-work_queue,Prepare hardware matmul job@24/?-work_queue,2039.8,1290.7,522.4,527.3,2024.8
3120,137735221761147,2102.2,885.8,876.5,339.8,145.7,1929.9,assemble attention plan@24/?-work_queue,Prepare hardware matmul job@24/?-work_queue,2100.8,1327.5,477.9,481.6,2086.2
3121,137735228943971,1283.4,620.4,514.8,148.2,102.6,561.9,kernel_add_rmsnorm_71@25/0-worker,prepare streams@25/0-worker,1281.1,1138.4,666.3,673.7,1266.9
3122,137735235274288,897.5,168.8,701.3,27.4,11.3,859.4,assemble attention plan@24/?-work_queue,Prepare hardware matmul job@24/?-work_queue,895.0,768.7,110.0,116.4,880.8
3123,137735241201241,1086.3,613.2,343.5,129.6,93.9,553.0,kernel_add_rmsnorm_71@25/0-worker,prepare streams@25/0-worker,1084.3,949.6,649.0,660.3,1071.1
3124,137735247313188,1104.9,615.5,351.7,137.8,95.8,560.6,kernel_add_rmsnorm_71@25/0-worker,prepare streams@25/0-worker,1103.4,975.0,659.2,668.7,1090.1
3125,137735253460728,2263.1,1027.5,941.7,294.0,151.5,2085.3,assemble attention plan@24/?-work_queue,Prepare hardware matmul job@24/?-work_queue,2261.5,1483.6,744.7,600.5,2247.0
3126,137735260791624,1783.4,695.5,787.3,300.6,146.4,1611.6,assemble attention plan@24/?-work_queue,Prepare hardware matmul job@24/?-work_queue,1781.9,998.4,257.9,267.5,1768.0
3127,137735267610432,1861.1,786.3,793.5,281.3,141.0,1690.1,assemble attention plan@24/?-work_queue,Prepare hardware matmul job@24/?-work_queue,1856.1,1130.0,432.8,448.9,1841.2
3128,137735274505508,2179.1,964.5,888.2,326.3,148.8,1994.9,assemble attention plan@24/?-work_queue,Prepare hardware matmul job@24/?-work_queue,2176.6,1353.2,512.5,520.8,2154.5
3129,137735281694960,2012.2,853.9,795.6,362.7,137.8,1839.1,assemble attention plan@24/?-work_queue,Prepare hardware matmul job@24/?-work_queue,2010.0,1282.1,524.8,539.8,1986.8
3130,137735288765439,1359.8,353.5,885.2,121.2,82.3,1124.8,notify_listener@25/0-worker,work_queue::do_work get_work@24/?-work_queue,1357.7,1124.8,271.3,362.2,1339.4
3131,137735295256605,1145.0,655.5,366.2,123.2,90.1,581.6,kernel_add_rmsnorm_71@25/0-worker,prepare streams@25/0-worker,1142.9,992.3,674.7,684.6,1112.0
3132,137735301467133,1642.4,681.2,780.8,180.4,81.9,1282.9,notify_listener@25/0-worker,work_queue::do_work get_work@24/?-work_queue,1640.9,1282.9,545.0,553.8,1616.3
3133,137735308158933,1135.6,635.0,375.6,125.1,90.0,614.4,kernel_add_rmsnorm_71@25/0-worker,prepare streams@25/0-worker,1133.6,989.5,707.0,729.6,1111.0
3134,137735314347523,2122.9,1001.4,728.7,392.8,165.9,1926.4,assemble attention plan@24/?-work_queue,Prepare hardware matmul job@24/?-work_queue,2121.2,1310.4,582.7,591.9,2101.6
3135,137735321569726,699.4,153.4,506.4,39.6,14.5,556.0,notify_listener@25/0-worker,work_queue::do_work get_work@24/?-work_queue,697.3,556.0,90.9,96.9,677.1
3136,137735327340824,1049.1,556.6,353.8,138.7,104.2,477.0,kernel_add_rmsnorm_71@25/0-worker,prepare streams@25/0-worker,1046.3,902.7,583.2,593.4,1022.4
3137,137735333482745,1657.8,591.6,878.9,187.3,129.7,1369.6,notify_listener@25/0-worker,work_queue::do_work get_work@24/?-work_queue,1655.1,1369.6,531.7,537.7,1634.9
3138,137735340191413,1078.3,565.1,375.4,137.8,105.2,469.0,kernel_add_rmsnorm_71@25/0-worker,prepare streams@25/0-worker,1076.0,933.1,577.0,584.0,1056.5
3139,137735346320652,512.6,181.2,294.3,37.1,13.4,352.2,notify_listener@25/0-worker,work_queue::do_work get_work@24/?-work_queue,510.8,352.2,100.4,104.2,488.6
3140,137735351908623,1748.3,597.4,832.3,318.6,162.3,1553.3,assemble attention plan@24/?-work_queue,Prepare hardware matmul job@24/?-work_queue,1748.4,948.9,169.3,183.5,1726.0
3141,137735358704698,1424.0,459.5,797.3,167.1,112.1,1095.3,notify_listener@25/0-worker,work_queue::do_work get_work@24/?-work_queue,1421.5,1095.3,335.5,343.7,1396.6
3142,137735365175316,1101.4,596.8,378.0,126.5,95.5,525.9,kernel_add_rmsnorm_71@25/0-worker,prepare streams@25/0-worker,1099.8,958.2,624.4,643.9,1073.6
3143,137735371373649,1737.0,736.0,770.7,230.4,121.1,1363.7,notify_listener@25/0-worker,work_queue::do_work get_work@24/?-work_queue,1734.4,1363.7,639.8,644.9,1714.8
3144,137735378154075,456.1,156.9,266.6,32.5,11.3,409.1,assemble attention plan@24/?-work_queue,Prepare hardware matmul job@24/?-work_queue,453.2,313.6,95.0,99.7,430.7
3145,137735383626703,789.1,477.4,279.3,32.4,12.5,742.7,assemble attention plan@24/?-work_queue,Prepare hardware matmul job@24/?-work_queue,786.9,643.8,406.7,411.2,772.3
3146,137735389519119,1602.1,705.9,741.5,154.7,73.5,1249.5,notify_listener@25/0-worker,work_queue::do_work get_work@24/?-work_queue,1599.9,1249.5,498.4,509.7,1584.8
3147,137735396197417,1108.9,615.9,352.1,140.9,99.0,534.3,kernel_add_rmsnorm_71@25/0-worker,prepare streams@25/0-worker,1107.1,961.3,635.3,641.1,1092.7
3148,137735402378631,1719.4,712.8,806.1,200.5,89.1,1378.8,notify_listener@25/0-worker,work_queue::do_work get_work@24/?-work_queue,1717.0,1378.8,634.8,644.3,1703.7
3149,137735409158971,1140.3,577.2,427.7,135.4,95.7,491.1,kernel_add_rmsnorm_71@25/0-worker,prepare streams@25/0-worker,1138.3,994.5,589.2,598.5,1124.5
3150,137735415384988,1042.4,572.8,362.0,107.5,77.0,471.5,kernel_add_rmsnorm_71@25/0-worker,prepare streams@25/0-worker,1040.4,890.5,550.4,555.3,1026.1
3151,137735421495418,2168.3,975.8,880.0,312.5,129.3,2003.7,assemble attention plan@24/?-work_queue,Prepare hardware matmul job@24/?-work_queue,2166.3,1329.4,535.2,539.3,2150.1
3152,137735428742437,1606.7,525.2,811.5,270.0,128.9,1442.9,assemble attention plan@24/?-work_queue,Prepare hardware matmul job@24/?-work_queue,1604.7,859.3,93.6,105.1,1589.4
3153,137735435431234,1711.4,606.3,898.9,206.2,80.2,1437.6,notify_listener@25/0-worker,work_queue::do_work get_work@24/?-work_queue,1709.0,1437.6,583.3,591.3,1694.0
3154,137735442231006,1058.7,573.4,340.8,144.5,105.0,491.8,kernel_add_rmsnorm_71@25/0-worker,prepare streams@25/0-worker,1056.6,909.0,599.5,610.7,1041.7
3155,137735448324633,981.2,560.0,273.7,147.5,112.6,492.3,kernel_add_rmsnorm_71@25/0-worker,prepare streams@25/0-worker,979.5,842.4,607.3,623.7,965.1
3156,137735454390616,1035.4,584.1,331.4,119.9,87.7,484.5,kernel_add_rmsnorm_71@25/0-worker,prepare streams@25/0-worker,1032.8,893.0,574.4,581.5,1019.2
3157,137735460442019,1667.0,652.1,792.9,222.0,80.2,1317.5,notify_listener@25/0-worker,work_queue::do_work get_work@24/?-work_queue,1664.7,1317.5,572.5,582.2,1651.0
3158,137735467167328,1149.1,608.3,407.7,133.1,95.0,536.2,kernel_add_rmsnorm_71@25/0-worker,prepare streams@25/0-worker,1146.1,1002.0,634.2,641.0,1132.2
3159,137735473486229,1609.9,690.2,765.7,154.0,73.7,1260.8,notify_listener@25/0-worker,work_queue::do_work get_work@24/?-work_queue,1609.7,1260.8,528.0,533.0,1593.4
3160,137735480159487,1052.7,572.6,342.2,137.9,92.4,504.7,kernel_add_rmsnorm_71@25/0-worker,prepare streams@25/0-worker,1050.8,907.4,599.9,624.2,1037.6
3161,137735486270723,1023.5,580.6,314.6,128.3,95.5,492.2,kernel_add_rmsnorm_71@25/0-worker,prepare streams@25/0-worker,1021.1,891.1,609.7,653.8,1007.2
3162,137735492403405,945.9,590.4,237.6,117.9,86.2,476.6,kernel_add_rmsnorm_71@25/0-worker,prepare streams@25/0-worker,943.4,810.4,565.3,614.5,930.0
3163,137735498408368,2096.0,914.3,813.2,368.6,153.0,1917.3,assemble attention plan@24/?-work_queue,Prepare hardware matmul job@24/?-work_queue,2093.8,1368.0,587.9,594.3,2080.4
3164,137735505659356,1517.1,628.0,762.5,126.5,93.1,611.1,kernel_add_rmsnorm_71@25/0-worker,prepare streams@25/0-worker,1514.9,1378.5,706.1,728.2,1500.3
3165,137735512227032,1078.7,561.5,403.8,113.4,85.9,479.0,kernel_add_rmsnorm_71@25/0-worker,prepare streams@25/0-worker,1075.5,945.0,567.6,578.4,1061.3
3166,137735518424026,1712.0,737.5,823.5,151.0,100.6,485.6,kernel_add_rmsnorm_71@25/0-worker,prepare streams@25/0-worker,1709.8,1560.2,766.5,775.0,1696.4
3167,137735525168580,1150.1,647.2,369.7,133.3,96.8,604.7,kernel_add_rmsnorm_71@25/0-worker,prepare streams@25/0-worker,1147.8,1013.0,704.7,710.7,1133.0
3168,137735531449990,766.1,201.3,520.8,43.9,15.0,623.4,notify_listener@25/0-worker,work_queue::do_work get_work@24/?-work_queue,763.5,623.4,123.2,130.1,748.8
3169,137735537299200,1089.6,565.6,385.2,138.8,105.1,533.8,kernel_add_rmsnorm_71@25/0-worker,prepare streams@25/0-worker,1087.6,948.6,640.9,644.6,1071.7
3170,137735543441836,1684.9,573.8,842.8,268.2,142.8,1378.5,notify_listener@25/0-worker,work_queue::do_work get_work@24/?-work_queue,1683.4,1378.5,587.6,599.4,1669.9
3171,137735550181271,1086.9,585.2,363.9,137.8,105.5,500.2,kernel_add_rmsnorm_71@25/0-worker,prepare streams@25/0-worker,1084.7,952.7,608.3,619.8,1070.8
3172,137735556330019,1092.0,680.1,287.3,124.6,73.6,606.7,kernel_add_rmsnorm_71@25/0-worker,prepare streams@25/0-worker,1089.4,936.2,681.8,685.7,1075.9
3173,137735562474402,1653.0,563.1,936.0,153.9,91.6,1412.1,notify_listener@25/0-worker,work_queue::do_work get_work@24/?-work_queue,1650.7,1412.1,554.6,568.9,1636.6
3174,137735569244782,1857.6,722.2,861.1,274.3,130.7,1504.2,notify_listener@25/0-worker,work_queue::do_work get_work@24/?-work_queue,1854.7,1504.2,745.9,751.4,1842.8
3175,137735576152978,1190.0,716.8,341.0,132.2,101.2,633.6,kernel_add_rmsnorm_71@25/0-worker,prepare streams@25/0-worker,1187.6,1055.9,737.7,746.1,1173.6
3176,137735582432992,1667.8,638.4,843.6,185.7,138.6,1321.4,notify_listener@25/0-worker,work_queue::do_work get_work@24/?-work_queue,1666.1,1321.4,604.7,608.9,1652.7
3177,137735589232508,1121.8,653.8,350.0,118.0,87.3,575.6,kernel_add_rmsnorm_71@25/0-worker,prepare streams@25/0-worker,1118.9,982.6,665.6,678.1,1104.0
3178,137735595450179,1678.3,585.4,910.6,182.3,94.0,1462.1,notify_listener@25/0-worker,work_queue::do_work get_work@24/?-work_queue,1675.6,1462.1,564.8,569.5,1661.9
3179,137735602194626,1078.7,598.4,360.1,120.2,86.8,539.5,kernel_add_rmsnorm_71@25/0-worker,prepare streams@25/0-worker,1075.9,942.6,628.4,632.2,1062.7
3180,137735608297851,1080.7,609.2,331.9,139.6,100.0,521.4,kernel_add_rmsnorm_71@25/0-worker,prepare streams@25/0-worker,1078.1,938.2,627.5,640.1,1064.7
3181,137735614525313,2220.6,1013.2,898.7,308.7,159.5,2035.6,assemble attention plan@24/?-work_queue,Prepare hardware matmul job@24/?-work_queue,2218.7,1365.0,528.4,534.3,2205.4
3182,137735621833486,558.2,188.8,324.8,44.6,15.7,408.3,notify_listener@25/0-worker,work_queue::do_work get_work@24/?-work_queue,555.9,408.3,108.1,120.6,542.0
3183,137735627427325,2168.2,1023.5,789.8,354.9,140.8,2001.1,assemble attention plan@24/?-work_queue,Prepare hardware matmul job@24/?-work_queue,2165.9,1367.6,619.8,640.5,2151.7
3184,137735634655655,1969.1,877.5,745.4,346.3,146.5,1096.7,notify_listener@25/0-worker,work_queue::do_work get_work@24/?-work_queue,1967.0,1096.7,382.5,395.0,1953.8
3185,137735641637767,1520.8,633.2,753.7,133.9,93.1,560.5,kernel_add_rmsnorm_71@25/0-worker,prepare streams@25/0-worker,1520.0,1374.6,656.1,666.1,1505.0
3186,137735648309905,1005.2,585.2,282.9,137.1,100.1,506.0,kernel_add_rmsnorm_71@25/0-worker,prepare streams@25/0-worker,1002.4,863.9,608.8,614.0,988.9
3187,137735654465615,1644.1,601.2,828.2,214.7,83.2,1332.4,notify_listener@25/0-worker,work_queue::do_work get_work@24/?-work_queue,1641.4,1332.4,558.7,568.0,1627.5
3188,137735661144554,1069.6,650.1,276.4,143.0,98.9,600.2,kernel_add_rmsnorm_71@25/0-worker,prepare streams@25/0-worker,1067.7,932.7,701.4,706.0,1054.0
3189,137735667268505,1823.4,736.4,862.3,224.7,93.4,551.4,kernel_add_rmsnorm_71@25/0-worker,prepare streams@25/0-worker,1820.8,1461.2,647.5,653.4,1807.3
3190,137735674211325,2507.8,1254.4,950.4,303.1,134.4,2346.8,assemble attention plan@24/?-work_queue,Prepare hardware matmul job@24/?-work_queue,2505.5,1699.6,807.2,819.6,2495.6
3191,137735681785948,1870.7,723.7,808.0,339.1,156.7,1686.5,assemble attention plan@24/?-work_queue,Prepare hardware matmul job@24/?-work_queue,1868.6,1032.1,262.1,270.0,1853.6
3192,137735688757879,721.5,349.5,332.3,39.6,11.6,683.1,assemble attention plan@24/?-work_queue,Prepare hardware matmul job@24/?-work_queue,718.8,584.8,281.8,288.0,705.7
3193,137735694536187,1666.2,568.0,796.9,301.3,271.5,1249.0,notify_listener@25/0-worker,work_queue::do_work get_work@24/?-work_queue,1662.6,1249.0,503.0,513.2,1641.4
3194,137735701309210,1044.6,553.4,376.1,115.1,85.4,553.8,kernel_add_rmsnorm_71@25/0-worker,prepare streams@25/0-worker,1040.5,900.6,641.8,700.3,1021.3
3195,137735707419483,2205.0,992.9,816.9,395.2,144.6,2027.5,assemble attention plan@24/?-work_queue,Prepare hardware matmul job@24/?-work_queue,2202.4,1362.7,595.4,609.1,2182.2
3196,137735714724799,1393.5,473.9,793.0,126.5,71.2,1055.3,notify_listener@25/0-worker,work_queue::do_work get_work@24/?-work_queue,1391.0,1055.3,315.7,331.9,1358.6
3197,137735721158899,1150.0,599.4,424.0,126.6,88.5,520.1,kernel_add_rmsnorm_71@25/0-worker,prepare streams@25/0-worker,1148.4,1000.4,611.3,618.8,1126.4
3198,137735727384597,943.5,556.7,274.1,112.7,80.4,463.6,kernel_add_rmsnorm_71@25/0-worker,prepare streams@25/0-worker,941.2,799.4,546.8,565.4,917.3
3199,137735733347248,2295.7,1052.0,823.1,420.6,147.9,2116.1,assemble attention plan@24/?-work_queue,Prepare hardware matmul job@24/?-work_queue,2293.6,1432.1,664.2,668.1,2274.0
3200,137735740680480,1926.8,820.5,821.8,284.4,158.4,1734.0,assemble attention plan@24/?-work_queue,Prepare hardware matmul job@24/?-work_queue,1924.2,1138.4,361.7,370.0,1903.1
3201,137735747660443,1476.9,537.1,796.2,143.6,69.9,1135.6,notify_listener@25/0-worker,work_queue::do_work get_work@24/?-work_queue,1474.5,1135.6,377.4,392.6,1435.8
3202,137735754265104,2505.7,1115.1,913.7,477.0,154.5,2313.0,assemble attention plan@24/?-work_queue,Prepare hardware matmul job@24/?-work_queue,2503.6,1490.4,650.2,662.8,2477.8
3203,137735761846025,1291.8,310.7,819.9,161.2,91.3,981.7,notify_listener@25/0-worker,work_queue::do_work get_work@24/?-work_queue,1290.2,981.7,215.0,221.7,1259.3
3204,137735768207772,1110.6,566.2,413.6,130.7,96.9,473.6,kernel_add_rmsnorm_71@25/0-worker,prepare streams@25/0-worker,1108.2,962.8,572.9,582.9,1084.3
3205,137735774447873,985.6,563.5,314.1,108.1,78.5,482.9,kernel_add_rmsnorm_71@25/0-worker,prepare streams@25/0-worker,984.1,840.5,563.4,568.4,961.5
3206,137735780516480,906.0,576.8,294.5,34.7,15.0,760.6,notify_listener@25/0-worker,work_queue::do_work get_work@24/?-work_queue,903.9,760.6,516.3,520.1,881.4
3207,137735786490058,541.0,160.0,346.5,34.5,13.0,495.3,assemble attention plan@24/?-work_queue,Prepare hardware matmul job@24/?-work_queue,539.6,402.9,97.7,101.9,521.0
3208,137735792064193,1235.9,583.7,521.3,130.9,96.0,541.6,kernel_add_rmsnorm_71@25/0-worker,prepare streams@25/0-worker,1233.4,1084.0,640.0,648.8,1212.5
3209,137735798407666,1690.6,660.3,776.8,253.4,101.8,499.4,kernel_add_rmsnorm_71@25/0-worker,prepare streams@25/0-worker,1687.4,1342.5,604.2,610.3,1666.5
3210,137735805151943,1143.0,617.7,372.5,152.8,114.0,553.0,kernel_add_rmsnorm_71@25/0-worker,prepare streams@25/0-worker,1140.9,983.6,669.8,681.7,1119.1
3211,137735811374612,1753.2,729.6,830.3,193.4,74.1,1430.3,notify_listener@25/0-worker,work_queue::do_work get_work@24/?-work_queue,1751.5,1430.3,641.2,653.6,1719.7
3212,137735818223674,1891.2,727.5,899.1,264.6,134.7,1543.6,notify_listener@25/0-worker,work_queue::do_work get_work@24/?-work_queue,1888.6,1543.6,753.6,766.2,1868.0
3213,137735825194367,1109.2,564.8,426.1,118.3,89.2,481.8,kernel_add_rmsnorm_71@25/0-worker,prepare streams@25/0-worker,1107.3,970.9,573.4,577.1,1086.6
3214,137735831331429,1070.0,597.0,334.9,138.1,98.6,495.8,kernel_add_rmsnorm_71@25/0-worker,prepare streams@25/0-worker,1068.5,902.7,597.7,612.4,1030.2
3215,137735837587619,1538.5,566.7,815.7,156.1,96.3,1216.2,notify_listener@25/0-worker,work_queue::do_work get_work@24/?-work_queue,1536.7,1216.2,450.3,459.7,1512.7
3216,137735844245691,1069.2,698.4,237.4,133.5,97.9,552.5,kernel_add_rmsnorm_71@25/0-worker,prepare streams@25/0-worker,1067.7,914.9,652.9,656.5,1035.3
3217,137735850476563,1652.4,691.7,778.9,181.8,107.7,1269.3,notify_listener@25/0-worker,work_queue::do_work get_work@24/?-work_queue,1650.0,1269.3,541.3,547.8,1625.8
3218,137735857235078,1103.3,580.1,383.7,139.5,102.9,507.6,kernel_add_rmsnorm_71@25/0-worker,prepare streams@25/0-worker,1101.3,952.9,614.5,625.4,1077.3
3219,137735863470556,2204.3,1009.1,898.5,296.7,142.0,2027.9,assemble attention plan@24/?-work_queue,Prepare hardware matmul job@24/?-work_queue,2202.0,1405.7,548.5,553.1,2186.2
3220,137735870810641,629.8,314.2,282.3,33.3,13.7,485.0,notify_listener@25/0-worker,work_queue::do_work get_work@24/?-work_queue,627.2,485.0,243.6,251.0,612.8
3221,137735876493471,1608.0,674.5,768.1,165.4,87.8,1259.7,notify_listener@25/0-worker,work_queue::do_work get_work@24/?-work_queue,1605.9,1259.7,523.4,530.1,1592.2
3222,137735883245786,1098.7,586.6,378.8,133.3,98.2,486.6,kernel_add_rmsnorm_71@25/0-worker,prepare streams@25/0-worker,1096.7,952.9,600.6,609.2,1082.1
3223,137735889394201,1704.7,716.0,783.3,205.4,77.0,1358.7,notify_listener@25/0-worker,work_queue::do_work get_work@24/?-work_queue,1703.1,1358.7,620.5,628.4,1689.2
3224,137735896208300,967.7,174.6,754.4,38.7,13.2,808.4,notify_listener@25/0-worker,work_queue::do_work get_work@24/?-work_queue,965.7,808.4,101.8,114.5,951.8
3225,137735902200858,1110.9,648.8,337.5,124.5,92.3,586.9,kernel_add_rmsnorm_71@25/0-worker,prepare streams@25/0-worker,1108.4,951.4,681.9,696.5,1093.4
3226,137735908399641,953.7,554.6,268.3,130.8,87.4,472.9,kernel_add_rmsnorm_71@25/0-worker,prepare streams@25/0-worker,951.4,801.2,563.4,569.7,938.1
3227,137735914412627,2331.2,1076.6,909.5,345.0,141.3,1467.3,notify_listener@25/0-worker,work_queue::do_work get_work@24/?-work_queue,2329.5,1467.3,602.4,609.8,2316.3
3228,137735921885625,1975.5,757.3,955.7,262.5,133.4,1091.7,notify_listener@25/0-worker,work_queue::do_work get_work@24/?-work_queue,1972.8,1091.7,165.0,169.0,1957.8
3229,137735928900381,620.1,248.0,343.0,29.1,11.7,581.6,assemble attention plan@24/?-work_queue,Prepare hardware matmul job@24/?-work_queue,618.4,481.7,168.4,179.1,604.1
3230,137735934651115,1470.1,526.3,780.6,163.2,113.8,1133.4,notify_listener@25/0-worker,work_queue::do_work get_work@24/?-work_queue,1468.3,1133.4,385.2,397.6,1454.4
3231,137735941226432,1051.0,555.7,369.8,125.6,95.7,465.1,kernel_add_rmsnorm_71@25/0-worker,prepare streams@25/0-worker,1048.6,906.5,563.5,577.1,1033.7
3232,137735947380858,1007.6,590.6,286.1,130.9,98.5,497.3,kernel_add_rmsnorm_71@25/0-worker,prepare streams@25/0-worker,1006.0,860.9,611.9,624.9,991.4
3233,137735953515963,1610.4,691.0,783.3,136.1,77.0,1237.5,notify_listener@25/0-worker,work_queue::do_work get_work@24/?-work_queue,1607.5,1237.5,505.0,509.3,1592.1
3234,137735960207123,1783.8,689.0,782.0,312.8,159.0,1599.1,assemble attention plan@24/?-work_queue,Prepare hardware matmul job@24/?-work_queue,1782.3,883.9,122.7,172.9,1768.4
3235,137735967071974,1179.8,570.1,492.9,116.8,86.2,490.2,kernel_add_rmsnorm_71@25/0-worker,prepare streams@25/0-worker,1178.1,1046.4,578.6,631.3,1165.2
3236,137735973320782,1032.1,616.4,281.2,134.5,99.9,466.6,kernel_add_rmsnorm_71@25/0-worker,prepare streams@25/0-worker,1029.7,891.6,569.0,654.4,1016.7
3237,137735979481767,1644.0,624.5,868.9,150.6,93.1,1370.5,notify_listener@25/0-worker,work_queue::do_work get_work@24/?-work_queue,1641.2,1370.5,548.0,555.7,1626.3
3238,137735986187296,1175.2,653.8,390.1,131.3,96.8,703.7,kernel_add_rmsnorm_71@25/0-worker,prepare streams@25/0-worker,1173.0,1034.3,803.2,819.9,1158.8
3239,137735992432139,2180.8,1017.4,815.3,348.0,128.2,2024.6,assemble attention plan@24/?-work_queue,Prepare hardware matmul job@24/?-work_queue,2178.3,1348.4,580.0,601.4,2164.0
3240,137735999669965,2068.4,917.5,814.5,336.5,145.9,1896.0,assemble attention plan@24/?-work_queue,Prepare hardware matmul job@24/?-work_queue,2067.0,1157.2,407.6,416.5,2052.5
3241,137736006816339,1312.4,289.9,898.6,123.9,100.2,1087.1,notify_listener@25/0-worker,work_queue::do_work get_work@24/?-work_queue,1310.4,1087.1,228.9,233.8,1297.3
3242,137736013313006,1041.0,565.2,345.8,130.0,94.0,547.0,kernel_add_rmsnorm_71@25/0-worker,prepare streams@25/0-worker,1038.7,902.0,644.1,650.6,1025.6
3243,137736019558788,553.8,186.6,334.3,32.9,12.1,407.1,notify_listener@25/0-worker,work_queue::do_work get_work@24/?-work_queue,551.7,407.1,103.3,111.5,539.2
3244,137736025235463,1074.6,611.6,334.6,128.4,90.8,521.8,kernel_add_rmsnorm_71@25/0-worker,prepare streams@25/0-worker,1072.5,933.4,615.2,620.5,1059.1
3245,137736031539452,842.8,544.3,258.8,39.7,12.6,803.8,assemble attention plan@24/?-work_queue,Prepare hardware matmul job@24/?-work_queue,840.6,708.1,479.2,487.6,827.3
3246,137736037506297,959.5,564.6,338.7,56.2,23.1,482.8,kernel_add_rmsnorm_71@25/0-worker,prepare streams@25/0-worker,957.2,819.4,512.9,524.8,943.1
3247,137736043577048,1550.8,573.6,809.0,168.2,110.3,1244.0,notify_listener@25/0-worker,work_queue::do_work get_work@24/?-work_queue,1548.0,1244.0,480.8,486.3,1533.1
3248,137736050276959,1094.1,554.4,400.3,139.4,101.4,489.4,kernel_add_rmsnorm_71@25/0-worker,prepare streams@25/0-worker,1092.1,951.0,593.0,598.3,1078.5
3249,137736056459320,2437.1,1003.1,905.5,528.4,330.1,2081.2,assemble attention plan@24/?-work_queue,Prepare hardware matmul job@24/?-work_queue,2434.7,1421.0,555.3,560.8,2421.5
3250,137736064066237,1207.3,578.2,496.1,133.0,94.0,503.8,kernel_add_rmsnorm_71@25/0-worker,prepare streams@25/0-worker,1205.0,1064.0,600.5,616.4,1189.5
3251,137736070424337,1704.2,636.8,863.1,204.3,98.7,633.9,kernel_add_rmsnorm_71@25/0-worker,prepare streams@25/0-worker,1701.9,1497.8,734.8,744.9,1688.6
3252,137736077274929,1021.3,567.4,332.5,121.5,85.1,485.6,kernel_add_rmsnorm_71@25/0-worker,prepare streams@25/0-worker,1018.9,880.7,573.0,583.6,1005.7
3253,137736083375278,2136.6,941.8,822.2,372.6,134.2,1974.5,assemble attention plan@24/?-work_queue,Prepare hardware matmul job@24/?-work_queue,2133.6,1401.3,609.3,619.7,2118.8
3254,137736090629063,2065.0,919.4,811.8,333.8,146.5,1185.9,notify_listener@25/0-worker,work_queue::do_work get_work@24/?-work_queue,2063.4,1185.9,408.1,420.4,2048.7
3255,137736097735757,728.6,224.8,466.0,37.9,11.4,689.5,assemble attention plan@24/?-work_queue,Prepare hardware matmul job@24/?-work_queue,726.7,592.0,355.6,360.0,711.7
3256,137736103558555,1581.3,532.0,879.9,169.4,77.3,459.2,rx collecting results@149/0-RX-38,prepare streams@25/0-worker,1579.9,1383.8,538.5,542.5,1565.2
3257,137736110291608,1050.8,578.9,348.4,123.6,96.3,490.8,kernel_add_rmsnorm_71@25/0-worker,prepare streams@25/0-worker,1048.4,914.6,590.0,601.8,1033.7
3258,137736116413759,1707.2,624.9,818.6,263.6,133.8,1382.7,notify_listener@25/0-worker,work_queue::do_work get_work@24/?-work_queue,1705.7,1382.7,598.6,607.6,1692.0
3259,137736123243836,2314.2,1062.5,869.1,382.6,148.9,2138.6,assemble attention plan@24/?-work_queue,Prepare hardware matmul job@24/?-work_queue,2312.4,1504.2,748.1,759.6,2298.1
3260,137736130649849,1475.7,471.3,870.4,134.0,77.1,1217.4,notify_listener@25/0-worker,work_queue::do_work get_work@24/?-work_queue,1473.9,1217.4,395.8,410.4,1459.8
3261,137736137237673,1063.2,623.8,315.0,124.4,85.0,539.7,kernel_add_rmsnorm_71@25/0-worker,prepare streams@25/0-worker,1060.6,920.0,627.4,639.9,1046.8
3262,137736143509457,719.8,166.8,517.9,35.1,10.9,682.3,assemble attention plan@24/?-work_queue,Prepare hardware matmul job@24/?-work_queue,717.8,581.4,122.9,141.4,703.6
3263,137736149285565,1135.3,782.8,307.6,44.9,13.2,994.5,notify_listener@25/0-worker,work_queue::do_work get_work@24/?-work_queue,1133.1,994.5,736.6,745.0,1118.2
3264,137736155541067,884.8,504.9,336.8,43.1,12.7,844.2,assemble attention plan@24/?-work_queue,Prepare hardware matmul job@24/?-work_queue,882.4,741.4,503.7,517.3,868.1
3265,137736161516656,1615.9,615.1,811.0,189.8,122.1,1289.4,notify_listener@25/0-worker,work_queue::do_work get_work@24/?-work_queue,1613.3,1289.4,516.7,521.2,1594.9
3266,137736168258637,1853.7,687.5,936.5,229.7,91.0,543.7,kernel_add_rmsnorm_71@25/0-worker,prepare streams@25/0-worker,1851.1,1510.4,637.4,642.6,1833.0
3267,137736175192970,1111.3,637.2,342.4,131.7,93.9,570.5,kernel_add_rmsnorm_71@25/0-worker,prepare streams@25/0-worker,1109.0,958.2,667.3,681.7,1089.3
3268,137736181448560,2412.5,1126.7,926.4,359.4,141.8,2238.8,assemble attention plan@24/?-work_queue,Prepare hardware matmul job@24/?-work_queue,2410.1,1558.0,739.6,743.7,2390.7
3269,137736189016430,1239.6,674.5,453.9,111.1,78.6,610.0,kernel_add_rmsnorm_71@25/0-worker,prepare streams@25/0-worker,1237.9,1094.3,690.4,694.5,1218.6
3270,137736195338577,1045.9,582.1,333.5,130.2,96.1,494.4,kernel_add_rmsnorm_71@25/0-worker,prepare streams@25/0-worker,1043.2,900.0,593.3,601.7,1022.5
3271,137736201501147,1623.8,653.4,783.0,187.4,131.8,1258.1,notify_listener@25/0-worker,work_queue::do_work get_work@24/?-work_queue,1621.4,1258.1,520.6,524.9,1598.8
3272,137736208214938,2634.4,995.3,544.4,1094.7,825.7,1145.4,notify_listener@25/0-worker,work_queue::do_work get_work@24/?-work_queue,2632.0,1145.4,671.6,703.7,2606.7
3273,137736215975979,514.3,195.6,287.8,30.9,10.4,469.2,assemble attention plan@24/?-work_queue,Prepare hardware matmul job@24/?-work_queue,512.3,366.0,119.2,126.4,488.7
3274,137736221615920,1505.6,589.5,739.3,176.8,122.7,1111.7,notify_listener@25/0-worker,work_queue::do_work get_work@24/?-work_queue,1503.5,1111.7,419.5,424.3,1480.9
3275,137736228313526,1104.6,581.1,376.2,147.4,97.2,566.5,kernel_add_rmsnorm_71@25/0-worker,prepare streams@25/0-worker,1101.5,944.3,666.6,681.1,1067.9
3276,137736234537559,2146.0,957.5,838.7,349.7,165.2,1945.4,assemble attention plan@24/?-work_queue,Prepare hardware matmul job@24/?-work_queue,2143.3,1291.8,507.5,520.2,2127.0
3277,137736241847893,662.6,284.3,344.2,34.1,11.2,612.9,assemble attention plan@24/?-work_queue,Prepare hardware matmul job@24/?-work_queue,660.4,508.4,193.4,198.3,646.4
3278,137736247607131,1527.4,526.7,782.8,217.9,164.6,1169.6,notify_listener@25/0-worker,work_queue::do_work get_work@24/?-work_queue,1525.1,1169.6,431.7,435.6,1511.4
3279,137736254319710,1104.8,615.7,355.5,133.6,97.5,517.1,kernel_add_rmsnorm_71@25/0-worker,prepare streams@25/0-worker,1102.3,956.5,626.5,634.0,1088.7
3280,137736260504924,2135.2,1027.2,836.9,271.1,122.0,1287.0,notify_listener@25/0-worker,work_queue::do_work get_work@24/?-work_queue,2133.5,1287.0,527.3,588.0,2121.8
3281,137736267806940,608.1,284.6,280.2,43.3,16.1,565.1,assemble attention plan@24/?-work_queue,Prepare hardware matmul job@24/?-work_queue,606.0,462.4,233.8,244.9,591.6
3282,137736273484043,1646.6,609.7,827.4,209.4,134.1,1315.0,notify_listener@25/0-worker,work_queue::do_work get_work@24/?-work_queue,1644.9,1315.0,530.4,534.5,1631.0
3283,137736280272593,1071.4,571.4,366.1,133.9,93.6,487.9,kernel_add_rmsnorm_71@25/0-worker,prepare streams@25/0-worker,1069.3,923.8,583.7,590.2,1053.8
3284,137736286427960,1034.6,572.2,332.1,130.4,83.0,474.9,kernel_add_rmsnorm_71@25/0-worker,prepare streams@25/0-worker,1032.5,871.4,560.2,567.7,1017.9
3285,137736292599403,2125.6,1001.3,825.6,298.6,171.5,1926.2,assemble attention plan@24/?-work_queue,Prepare hardware matmul job@24/?-work_queue,2122.8,1260.3,439.7,491.6,2108.3
3286,137736299830926,617.9,289.6,292.8,35.5,16.1,477.6,notify_listener@25/0-worker,work_queue::do_work get_work@24/?-work_queue,615.9,477.6,216.0,237.2,602.2
3287,137736305532749,1575.5,592.2,809.4,173.9,82.7,1277.1,notify_listener@25/0-worker,work_queue::do_work get_work@24/?-work_queue,1573.8,1277.1,516.3,603.8,1560.3
3288,137736312264458,1077.7,674.0,244.6,159.1,117.1,555.0,kernel_add_rmsnorm_71@25/0-worker,prepare streams@25/0-worker,1075.4,931.9,674.0,733.0,1060.9
3289,137736318461281,1652.5,613.3,897.0,142.1,89.1,1320.0,notify_listener@25/0-worker,work_queue::do_work get_work@24/?-work_queue,1652.4,1320.0,582.1,608.7,1648.6
3290,137736325252207,1126.8,645.6,340.3,140.9,97.1,550.9,kernel_add_rmsnorm_71@25/0-worker,prepare streams@25/0-worker,1125.3,985.4,649.7,682.8,1111.9
3291,137736331489728,2119.7,1032.9,784.7,302.0,140.1,1953.1,assemble attention plan@24/?-work_queue,Prepare hardware matmul job@24/?-work_queue,2117.5,1257.9,525.4,529.3,2103.1
3292,137736338777296,1360.5,343.0,888.4,129.1,105.7,1127.7,notify_listener@25/0-worker,work_queue::do_work get_work@24/?-work_queue,1357.7,1127.7,268.6,272.6,1342.9
3293,137736345250381,2237.9,1040.6,790.8,406.4,167.8,2043.8,assemble attention plan@24/?-work_queue,Prepare hardware matmul job@24/?-work_queue,2235.6,1336.3,582.1,588.2,2221.7
3294,137736352658746,1964.0,890.8,767.9,305.3,162.1,1775.1,assemble attention plan@24/?-work_queue,Prepare hardware matmul job@24/?-work_queue,1962.1,1098.3,384.7,394.3,1947.5
3295,137736359758818,1970.7,840.7,785.3,344.6,142.2,1024.5,notify_listener@25/0-worker,work_queue::do_work get_work@24/?-work_queue,1968.5,1024.5,284.6,302.5,1954.3
3296,137736366926150,598.3,222.9,344.8,30.6,10.6,459.6,notify_listener@25/0-worker,work_queue::do_work get_work@24/?-work_queue,596.8,459.6,154.0,160.6,583.5
3297,137736372625046,1500.8,543.8,768.1,188.9,128.0,1145.2,notify_listener@25/0-worker,work_queue::do_work get_work@24/?-work_queue,1498.9,1145.2,425.3,440.3,1485.6
3298,137736379242831,1051.4,595.8,337.5,118.2,89.9,520.2,kernel_add_rmsnorm_71@25/0-worker,prepare streams@25/0-worker,1049.6,918.1,612.7,626.6,1036.5
3299,137736385369368,1089.8,611.6,341.5,136.7,97.7,527.2,kernel_add_rmsnorm_71@25/0-worker,prepare streams@25/0-worker,1087.4,942.6,627.2,633.1,1074.3
3300,137736391612535,1516.6,496.4,884.3,135.9,94.5,1269.8,notify_listener@25/0-worker,work_queue::do_work get_work@24/?-work_queue,1514.8,1269.8,421.1,431.3,1500.8
3301,137736398239261,1882.7,853.8,853.5,175.4,125.8,1574.5,notify_listener@25/0-worker,work_queue::do_work get_work@24/?-work_queue,1880.9,1574.5,797.3,802.0,1866.7
3302,137736405332938,1131.9,688.3,324.0,119.6,86.7,597.5,kernel_add_rmsnorm_71@25/0-worker,prepare streams@25/0-worker,1129.1,995.6,690.2,697.7,1115.4
3303,137736411543119,1578.7,572.3,818.6,187.7,139.3,1271.1,notify_listener@25/0-worker,work_queue::do_work get_work@24/?-work_queue,1577.2,1271.1,491.4,495.5,1562.9
3304,137736418286894,1072.5,615.6,328.7,128.2,94.8,535.1,kernel_add_rmsnorm_71@25/0-worker,prepare streams@25/0-worker,1070.1,939.0,632.0,635.7,1056.6
3305,137736424484115,973.4,660.7,265.6,47.1,16.1,829.9,notify_listener@25/0-worker,work_queue::do_work get_work@24/?-work_queue,970.9,829.9,592.4,604.1,956.4
3306,137736430631716,772.9,485.0,254.2,33.8,12.1,733.5,assemble attention plan@24/?-work_queue,Prepare hardware matmul job@24/?-work_queue,770.6,634.5,411.1,417.2,755.5
3307,137736436545290,779.9,229.5,512.3,38.1,15.6,583.8,notify_listener@25/0-worker,work_queue::do_work get_work@24/?-work_queue,778.1,583.8,124.0,135.9,763.1
3308,137736442473511,1653.5,643.8,809.7,200.1,110.2,1328.0,notify_listener@25/0-worker,work_queue::do_work get_work@24/?-work_queue,1651.1,1328.0,576.5,583.2,1637.4
3309,137736449246303,1136.0,688.3,311.6,136.0,96.4,616.1,kernel_add_rmsnorm_71@25/0-worker,prepare streams@25/0-worker,1133.8,988.8,715.4,725.1,1120.4
3310,137736455477665,932.3,597.3,282.9,52.2,17.5,778.7,notify_listener@25/0-worker,work_queue::do_work get_work@24/?-work_queue,930.4,778.7,539.0,544.2,903.5
3311,137736461519509,1605.9,590.1,848.4,167.4,117.8,1287.4,notify_listener@25/0-worker,work_queue::do_work get_work@24/?-work_queue,1604.0,1287.4,502.0,506.1,1582.7
3312,137736468255338,1105.8,608.0,349.0,148.7,113.9,510.8,kernel_add_rmsnorm_71@25/0-worker,prepare streams@25/0-worker,1103.6,944.0,627.4,639.8,1081.2
3313,137736474473645,1659.1,580.9,880.4,197.9,132.8,1315.4,notify_listener@25/0-worker,work_queue::do_work get_work@24/?-work_queue,1656.8,1315.4,560.7,582.8,1636.5
3314,137736481446684,1689.8,654.8,830.8,204.2,92.3,1348.9,notify_listener@25/0-worker,work_queue::do_work get_work@24/?-work_queue,1687.5,1348.9,568.6,585.7,1672.6
3315,137736488349149,1768.5,656.6,819.6,292.3,136.0,1411.6,notify_listener@25/0-worker,work_queue::do_work get_work@24/?-work_queue,1766.3,1411.6,636.2,645.6,1753.2
3316,137736495531254,2511.6,1185.9,989.5,336.2,108.1,1444.2,notify_listener@25/0-worker,work_queue::do_work get_work@24/?-work_queue,2509.9,1444.2,526.2,534.6,2494.5
3317,137736503290736,1855.9,716.0,982.0,157.9,102.0,1600.8,notify_listener@25/0-worker,work_queue::do_work get_work@24/?-work_queue,1854.0,1600.8,727.7,735.8,1839.8
3318,137736510302279,1062.1,658.6,271.5,132.0,101.0,521.7,kernel_add_rmsnorm_71@25/0-worker,prepare streams@25/0-worker,1059.2,924.3,625.2,704.1,1045.7
3319,137736516523426,857.2,563.9,250.1,43.2,15.0,475.9,kernel_add_rmsnorm_71@25/0-worker,prepare streams@25/0-worker,855.3,721.5,493.7,508.8,841.3
3320,137736522572891,1545.8,576.6,784.4,184.7,129.6,1211.3,notify_listener@25/0-worker,work_queue::do_work get_work@24/?-work_queue,1543.7,1211.3,464.2,473.3,1530.4
3321,137736529286443,2236.1,1046.9,805.6,383.5,153.6,2055.8,assemble attention plan@24/?-work_queue,Prepare hardware matmul job@24/?-work_queue,2234.1,1410.8,654.2,701.8,2220.1
3322,137736536710395,701.1,394.7,275.0,31.3,10.9,663.0,assemble attention plan@24/?-work_queue,Prepare hardware matmul job@24/?-work_queue,698.2,567.3,327.3,345.0,684.9
3323,137736542577189,1543.1,580.8,808.1,154.2,100.9,1247.4,notify_listener@25/0-worker,work_queue::do_work get_work@24/?-work_queue,1540.1,1247.4,465.0,512.7,1526.6
3324,137736549324623,1053.5,659.9,266.4,127.1,96.9,480.8,kernel_add_rmsnorm_71@25/0-worker,prepare streams@25/0-worker,1051.9,919.1,580.1,618.4,1037.5
3325,137736555562881,1545.8,605.3,780.6,159.9,112.9,1213.9,notify_listener@25/0-worker,work_queue::do_work get_work@24/?-work_queue,1543.3,1213.9,469.8,480.3,1529.7
3326,137736562355128,469.2,157.9,283.8,27.5,10.3,435.0,assemble attention plan@24/?-work_queue,Prepare hardware matmul job@24/?-work_queue,467.7,341.9,101.7,106.1,454.9
3327,137736568002574,1216.0,569.4,525.8,120.8,90.0,495.2,kernel_add_rmsnorm_71@25/0-worker,prepare streams@25/0-worker,1213.2,1078.4,586.8,594.7,1199.3
3328,137736574441166,2203.0,1005.8,811.2,386.1,148.8,2027.2,assemble attention plan@24/?-work_queue,Prepare hardware matmul job@24/?-work_queue,2201.0,1376.3,598.3,619.5,2186.4
3329,137736581850783,1268.8,299.2,776.5,193.0,128.9,932.6,notify_listener@25/0-worker,work_queue::do_work get_work@24/?-work_queue,1266.2,932.6,207.4,218.5,1252.1
3330,137736588324916,1069.6,586.2,356.1,127.3,98.7,515.4,kernel_add_rmsnorm_71@25/0-worker,prepare streams@25/0-worker,1067.2,935.9,616.6,625.5,1053.8
3331,137736594574075,827.8,522.8,274.1,30.9,11.5,693.1,notify_listener@25/0-worker,work_queue::do_work get_work@24/?-work_queue,824.8,693.1,453.8,459.5,811.0
3332,137736600589869,2006.9,908.5,792.5,305.8,157.3,1824.1,assemble attention plan@24/?-work_queue,Prepare hardware matmul job@24/?-work_queue,2004.9,1195.3,445.1,451.4,1991.1
3333,137736607753170,1366.8,354.8,816.6,195.4,138.7,1053.8,notify_listener@25/0-worker,work_queue::do_work get_work@24/?-work_queue,1364.9,1053.8,289.5,331.6,1351.9
3334,137736614399671,1726.4,634.4,908.7,183.2,91.3,1507.1,notify_listener@25/0-worker,work_queue::do_work get_work@24/?-work_queue,1723.8,1507.1,628.9,636.5,1710.9
3335,137736621320987,1801.6,757.3,753.1,291.2,137.0,1465.1,notify_listener@25/0-worker,work_queue::do_work get_work@24/?-work_queue,1799.1,1465.1,728.1,736.8,1784.9
3336,137736628310195,1026.5,626.4,270.7,129.4,97.9,552.3,kernel_add_rmsnorm_71@25/0-worker,prepare streams@25/0-worker,1024.4,895.2,652.4,674.9,1011.0
3337,137736634531864,2205.3,808.9,1011.6,384.7,166.0,2013.8,assemble attention plan@24/?-work_queue,Prepare hardware matmul job@24/?-work_queue,2203.7,1279.7,511.2,524.2,2190.1
3338,137736641884807,624.5,240.3,344.1,40.1,11.6,585.5,assemble attention plan@24/?-work_queue,Prepare hardware matmul job@24/?-work_queue,622.2,491.0,182.4,187.8,607.9
3339,137736647674974,1437.6,463.2,786.7,187.7,130.7,1109.8,notify_listener@25/0-worker,work_queue::do_work get_work@24/?-work_queue,1435.6,1109.8,380.4,394.5,1420.8
3340,137736654298152,554.3,172.0,353.4,28.9,10.6,517.0,assemble attention plan@24/?-work_queue,Prepare hardware matmul job@24/?-work_queue,552.5,424.6,112.1,117.3,537.8
3341,137736660015674,1204.3,610.6,550.4,43.4,14.6,1057.2,notify_listener@25/0-worker,work_queue::do_work get_work@24/?-work_queue,1201.6,1057.2,543.9,559.3,1186.6
3342,137736666510872,890.7,552.9,303.7,34.1,11.8,751.0,notify_listener@25/0-worker,work_queue::do_work get_work@24/?-work_queue,888.5,751.0,524.2,529.7,873.8
3343,137736672722635,1922.9,782.0,829.7,311.2,154.2,1734.6,assemble attention plan@24/?-work_queue,Prepare hardware matmul job@24/?-work_queue,1920.8,1102.2,317.3,325.5,1898.5
3344,137736679821335,651.0,277.8,344.1,29.1,11.4,607.6,assemble attention plan@24/?-work_queue,Prepare hardware matmul job@24/?-work_queue,648.7,509.0,233.8,238.6,630.5
3345,137736685610660,2172.4,840.7,839.5,492.2,304.0,1824.6,assemble attention plan@24/?-work_queue,Prepare hardware matmul job@24/?-work_queue,2170.0,1169.0,425.3,474.6,2138.5
3346,137736692950224,1174.2,244.7,791.1,138.4,81.5,876.4,notify_listener@25/0-worker,work_queue::do_work get_work@24/?-work_queue,1172.0,876.4,131.8,152.2,1152.4
3347,137736699326824,994.5,572.3,293.7,128.4,91.2,497.2,kernel_add_rmsnorm_71@25/0-worker,prepare streams@25/0-worker,991.6,843.9,590.6,605.9,969.1
3348,137736705551688,1566.4,603.6,825.0,137.8,77.5,1274.6,notify_listener@25/0-worker,work_queue::do_work get_work@24/?-work_queue,1564.5,1274.6,502.5,518.9,1543.4
3349,137736712245176,1112.9,639.9,344.9,128.1,93.1,644.2,kernel_add_rmsnorm_71@25/0-worker,prepare streams@25/0-worker,1111.1,967.7,739.8,752.3,1089.8
3350,137736718536736,1991.7,927.4,783.0,281.3,139.9,1820.6,assemble attention plan@24/?-work_queue,Prepare hardware matmul job@24/?-work_queue,1989.6,1228.2,500.6,517.1,1970.8
3351,137736725713140,722.8,402.0,282.9,37.9,14.0,574.3,notify_listener@25/0-worker,work_queue::do_work get_work@24/?-work_queue,721.3,574.3,328.2,332.2,699.0
3352,137736731582758,2086.3,869.3,914.0,303.0,142.5,1912.1,assemble attention plan@24/?-work_queue,Prepare hardware matmul job@24/?-work_queue,2084.4,1254.8,467.8,475.7,2070.4
3353,137736738939912,522.5,224.3,261.4,36.8,15.3,372.5,notify_listener@25/0-worker,work_queue::do_work get_work@24/?-work_queue,520.2,372.5,153.4,157.4,506.0
3354,137736744612684,798.4,501.3,261.6,35.5,13.8,749.7,assemble attention plan@24/?-work_queue,Prepare hardware matmul job@24/?-work_queue,796.1,647.0,422.6,427.1,780.9
3355,137736750699553,1999.0,881.3,799.5,318.3,135.5,1094.3,notify_listener@25/0-worker,work_queue::do_work get_work@24/?-work_queue,1997.0,1094.3,337.9,343.1,1983.1
3356,137736757907842,1225.1,283.9,797.2,143.9,65.5,911.8,notify_listener@25/0-worker,work_queue::do_work get_work@24/?-work_queue,1222.3,911.8,151.1,157.5,1208.9
3357,137736764322789,1081.3,610.9,347.8,122.6,89.8,536.8,kernel_add_rmsnorm_71@25/0-worker,prepare streams@25/0-worker,1078.8,939.8,629.0,636.4,1064.4
3358,137736770706910,786.7,396.1,358.5,32.1,11.4,749.8,assemble attention plan@24/?-work_queue,Prepare hardware matmul job@24/?-work_queue,784.0,649.0,338.4,343.5,771.6
3359,137736776703243,2101.1,816.8,889.8,394.6,138.9,1203.3,notify_listener@25/0-worker,work_queue::do_work get_work@24/?-work_queue,2099.7,1203.3,340.7,345.4,2085.3
3360,137736784060342,1088.1,176.1,799.0,113.1,78.0,845.9,notify_listener@25/0-worker,work_queue::do_work get_work@24/?-work_queue,1086.4,845.9,95.2,102.1,1072.7
3361,137736790308795,1794.6,699.6,852.4,242.6,97.8,1459.3,notify_listener@25/0-worker,work_queue::do_work get_work@24/?-work_queue,1791.8,1459.3,705.1,764.8,1777.0
3362,137736797298770,996.8,631.1,244.2,121.5,92.8,483.5,rx collecting results@149/0-RX-38,prepare streams@25/0-worker,995.2,861.4,592.8,660.5,980.3
3363,137736803499290,1620.3,635.7,824.3,160.3,105.2,1308.2,notify_listener@25/0-worker,work_queue::do_work get_work@24/?-work_queue,1617.9,1308.2,529.3,583.4,1602.8
3364,137736810359631,1063.5,605.7,338.4,119.3,87.9,530.3,kernel_add_rmsnorm_71@25/0-worker,prepare streams@25/0-worker,1061.3,930.0,620.8,635.3,1047.3
3365,137736816632356,1489.5,515.5,783.4,190.6,138.6,1144.2,notify_listener@25/0-worker,work_queue::do_work get_work@24/?-work_queue,1486.9,1144.2,412.7,420.0,1473.2
3366,137736823385703,1701.6,720.5,747.6,233.4,93.6,1295.8,notify_listener@25/0-worker,work_queue::do_work get_work@24/?-work_queue,1699.9,1295.8,584.0,594.1,1686.3
3367,137736830297611,1061.3,698.4,223.6,139.3,101.1,553.3,kernel_add_rmsnorm_71@25/0-worker,prepare streams@25/0-worker,1059.3,925.7,657.3,731.1,1045.6
3368,137736836557659,2098.0,970.5,824.2,303.2,158.2,1912.7,assemble attention plan@24/?-work_queue,Prepare hardware matmul job@24/?-work_queue,2095.7,1274.1,490.5,511.0,2081.5
3369,137736843871562,1840.4,723.4,795.6,321.4,139.9,1673.2,assemble attention plan@24/?-work_queue,Prepare hardware matmul job@24/?-work_queue,1837.8,938.8,183.0,190.0,1823.2
3370,137736850957297,2098.8,1077.9,783.3,237.7,99.2,592.3,kernel_add_rmsnorm_71@25/0-worker,prepare streams@25/0-worker,2096.6,1431.5,692.8,704.5,2083.0
3371,137736858258604,1826.4,869.0,733.5,224.0,90.8,521.5,kernel_add_rmsnorm_71@25/0-worker,prepare streams@25/0-worker,1824.2,1374.1,614.4,626.9,1809.7
3372,137736865330363,2692.5,1020.4,505.0,1167.2,862.2,1080.7,notify_listener@25/0-worker,work_queue::do_work get_work@24/?-work_queue,2690.1,1080.7,629.3,633.3,2668.2
3373,137736873276548,1046.6,567.3,350.8,128.4,96.8,479.8,kernel_add_rmsnorm_71@25/0-worker,prepare streams@25/0-worker,1044.1,912.7,579.0,583.3,1031.2
3374,137736879543356,889.4,570.0,282.2,37.2,14.5,745.8,notify_listener@25/0-worker,work_queue::do_work get_work@24/?-work_queue,886.6,745.8,515.8,520.3,872.7
3375,137736885706985,709.7,404.7,274.4,30.6,9.2,575.4,notify_listener@25/0-worker,work_queue::do_work get_work@24/?-work_queue,707.6,575.4,332.3,338.6,693.2
3376,137736891642055,2080.9,889.4,848.2,343.3,149.7,1905.0,assemble attention plan@24/?-work_queue,Prepare hardware matmul job@24/?-work_queue,2078.9,1213.6,402.0,418.5,2064.8
3377,137736898948398,590.0,200.0,346.9,43.0,16.2,546.2,assemble attention plan@24/?-work_queue,Prepare hardware matmul job@24/?-work_queue,588.4,448.6,147.3,152.6,572.6
3378,137736904812144,1309.3,330.4,794.4,184.5,127.9,987.9,notify_listener@25/0-worker,work_queue::do_work get_work@24/?-work_queue,1306.9,987.9,236.0,249.7,1293.4
3379,137736911407557,1020.7,550.1,423.0,47.6,10.5,0.1,rx collecting results@148/0-RX-13,Prepare hardware matmul job@24/?-work_queue,1019.0,888.6,612.7,621.7,1004.9
3380,137736917610485,1507.8,533.2,779.6,194.9,139.7,1174.7,notify_listener@25/0-worker,work_queue::do_work get_work@24/?-work_queue,1506.3,1174.7,427.9,434.0,1492.7
3381,137736924347559,1749.0,710.1,797.1,241.7,102.9,562.5,kernel_add_rmsnorm_71@25/0-worker,prepare streams@25/0-worker,1747.3,1428.3,666.9,680.3,1732.3
3382,137736931380366,1769.2,652.5,1019.8,96.8,44.5,592.2,kernel_add_rmsnorm_71@25/0-worker,prepare streams@25/0-worker,1767.4,1608.5,638.7,647.1,1753.5
3383,137736938364745,2268.3,1050.1,821.1,397.1,146.7,2094.3,assemble attention plan@24/?-work_queue,Prepare hardware matmul job@24/?-work_queue,2266.7,1432.4,649.3,660.3,2251.2
3384,137736945919706,605.0,228.0,346.1,30.8,11.7,467.8,notify_listener@25/0-worker,work_queue::do_work get_work@24/?-work_queue,602.4,467.8,167.4,174.0,588.9
3385,137736951762175,1347.8,370.6,835.3,141.9,90.5,1060.0,notify_listener@25/0-worker,work_queue::do_work get_work@24/?-work_queue,1346.3,1060.0,284.2,310.1,1331.3
3386,137736958363523,1757.7,687.1,869.6,201.0,120.9,1454.5,notify_listener@25/0-worker,work_queue::do_work get_work@24/?-work_queue,1755.2,1454.5,654.5,667.0,1741.2
3387,137736965381439,1745.8,704.2,830.5,211.1,82.2,1417.9,notify_listener@25/0-worker,work_queue::do_work get_work@24/?-work_queue,1743.3,1417.9,634.5,641.9,1729.3
3388,137736972390645,1732.5,709.4,822.9,200.2,124.5,1406.4,notify_listener@25/0-worker,work_queue::do_work get_work@24/?-work_queue,1730.8,1406.4,629.8,640.6,1717.3
3389,137736979386593,1725.9,770.8,803.1,152.1,77.5,1409.5,notify_listener@25/0-worker,work_queue::do_work get_work@24/?-work_queue,1723.3,1409.5,647.8,658.5,1705.7
3390,137736986367752,1111.3,628.9,403.9,78.5,45.2,600.8,kernel_add_rmsnorm_71@25/0-worker,prepare streams@25/0-worker,1108.6,957.9,648.5,656.8,1089.5
3391,137736992819395,1296.3,348.6,818.5,129.2,83.1,996.4,notify_listener@25/0-worker,work_queue::do_work get_work@24/?-work_queue,1293.9,996.4,229.1,232.9,1273.6
3392,137736999347638,1064.6,578.4,366.6,119.6,84.4,503.2,kernel_add_rmsnorm_71@25/0-worker,prepare streams@25/0-worker,1062.5,920.2,590.0,600.1,1041.8
3393,137737005649764,854.6,486.5,331.9,36.1,17.8,804.8,assemble attention plan@24/?-work_queue,Prepare hardware matmul job@24/?-work_queue,852.0,707.4,402.8,412.3,832.3
3394,137737011783411,1152.1,658.4,366.0,127.7,94.0,662.1,kernel_add_rmsnorm_71@25/0-worker,prepare streams@25/0-worker,1150.2,1007.1,757.6,764.3,1129.9
3395,137737018209224,1071.9,591.2,352.3,128.4,95.3,510.1,kernel_add_rmsnorm_71@25/0-worker,prepare streams@25/0-worker,1069.9,930.1,607.7,612.6,1050.3
3396,137737024502964,919.1,569.9,311.1,38.1,16.3,770.0,notify_listener@25/0-worker,work_queue::do_work get_work@24/?-work_queue,916.6,770.0,535.3,541.3,896.1
3397,137737030676412,740.1,432.2,280.3,27.6,9.5,695.8,assemble attention plan@24/?-work_queue,Prepare hardware matmul job@24/?-work_queue,738.3,593.3,363.0,370.3,715.1
3398,137737036617090,825.5,464.1,323.7,37.6,14.3,672.7,notify_listener@25/0-worker,work_queue::do_work get_work@24/?-work_queue,823.2,672.7,428.9,435.3,802.6
3399,137737042665471,1483.0,504.4,791.9,186.7,101.4,416.6,kernel_add_rmsnorm_71@25/0-worker,prepare streams@25/0-worker,1480.6,1283.0,519.4,525.6,1465.2
3400,137737049392962,2354.1,1001.0,971.4,381.8,130.9,2188.1,assemble attention plan@24/?-work_queue,Prepare hardware matmul job@24/?-work_queue,2351.8,1523.0,601.5,621.8,2338.1
3401,137737057054220,1208.1,585.0,497.8,125.3,94.5,497.0,kernel_add_rmsnorm_71@25/0-worker,prepare streams@25/0-worker,1206.1,1058.0,593.8,607.4,1192.1
3402,137737063515118,2417.8,1158.7,904.4,354.8,153.1,1346.9,notify_listener@25/0-worker,work_queue::do_work get_work@24/?-work_queue,2415.3,1346.9,519.9,525.5,2400.6
3403,137737071268669,1106.1,593.6,376.5,136.0,93.3,541.6,kernel_add_rmsnorm_71@25/0-worker,prepare streams@25/0-worker,1103.7,959.5,637.4,649.4,1089.1
3404,137737077625675,1499.8,519.2,805.8,174.8,100.5,1153.1,notify_listener@25/0-worker,work_queue::do_work get_work@24/?-work_queue,1496.9,1153.1,409.3,421.1,1482.9
3405,137737084420004,1705.4,666.5,807.5,231.3,95.1,1370.2,notify_listener@25/0-worker,work_queue::do_work get_work@24/?-work_queue,1703.2,1370.2,597.8,606.5,1689.3
3406,137737091358851,2284.8,1040.1,843.1,401.6,152.5,2105.5,assemble attention plan@24/?-work_queue,Prepare hardware matmul job@24/?-work_queue,2282.3,1481.7,744.4,779.6,2268.6
3407,137737098927384,1208.8,242.7,834.4,131.6,90.1,938.5,notify_listener@25/0-worker,work_queue::do_work get_work@24/?-work_queue,1206.4,938.5,154.5,161.2,1191.7
3408,137737105430248,1687.7,681.0,781.0,225.7,135.7,1327.2,notify_listener@25/0-worker,work_queue::do_work get_work@24/?-work_queue,1686.1,1327.2,586.4,602.7,1672.0
3409,137737112379404,2419.1,1083.5,819.0,516.5,316.2,2075.5,assemble attention plan@24/?-work_queue,Prepare hardware matmul job@24/?-work_queue,2416.0,1408.0,640.0,647.7,2401.2
3410,137737120169817,1180.2,683.0,352.1,145.1,109.0,610.6,kernel_add_rmsnorm_71@25/0-worker,prepare streams@25/0-worker,1177.4,1040.3,722.1,730.0,1163.6
3411,137737126588379,1556.6,516.4,968.2,71.9,35.0,1392.9,notify_listener@25/0-worker,work_queue::do_work get_work@24/?-work_queue,1554.1,1392.9,486.6,491.4,1539.3
3412,137737133388777,1036.3,580.8,332.7,122.7,94.8,495.6,kernel_add_rmsnorm_71@25/0-worker,prepare streams@25/0-worker,1034.1,901.1,592.4,601.1,1020.6
3413,137737139648262,791.6,456.1,295.4,40.1,14.3,652.7,notify_listener@25/0-worker,work_queue::do_work get_work@24/?-work_queue,789.4,652.7,400.6,409.6,775.7
3414,137737145756704,1367.5,406.2,803.1,158.1,96.9,1074.5,notify_listener@25/0-worker,work_queue::do_work get_work@24/?-work_queue,1365.6,1074.5,309.8,320.8,1351.9
3415,137737152404722,811.1,182.3,593.1,35.8,13.9,672.5,notify_listener@25/0-worker,work_queue::do_work get_work@24/?-work_queue,809.5,672.5,118.1,125.3,794.7
3416,137737158471779,2114.3,981.1,772.2,361.0,141.5,1945.9,assemble attention plan@24/?-work_queue,Prepare hardware matmul job@24/?-work_queue,2112.0,1295.4,545.7,555.0,2098.8
3417,137737165841689,674.9,276.1,353.3,45.4,12.6,537.4,notify_listener@25/0-worker,work_queue::do_work get_work@24/?-work_queue,673.0,537.4,225.1,228.8,659.5
3418,137737171758691,1361.2,423.5,798.4,139.3,81.1,1051.4,notify_listener@25/0-worker,work_queue::do_work get_work@24/?-work_queue,1359.4,1051.4,286.0,296.1,1344.9
3419,137737178416221,1715.7,623.0,915.4,177.3,106.7,1485.3,notify_listener@25/0-worker,work_queue::do_work get_work@24/?-work_queue,1713.8,1485.3,603.4,618.2,1700.2
3420,137737185370158,1064.3,605.8,323.3,135.2,103.7,516.0,kernel_add_rmsnorm_71@25/0-worker,prepare streams@25/0-worker,1062.2,927.3,622.2,626.2,1047.4
3421,137737191679676,803.8,416.3,350.6,36.8,15.2,663.2,notify_listener@25/0-worker,work_queue::do_work get_work@24/?-work_queue,801.7,663.2,363.0,367.6,788.0
3422,137737197753138,743.3,346.0,355.8,41.5,10.3,610.8,notify_listener@25/0-worker,work_queue::do_work get_work@24/?-work_queue,741.1,610.8,309.8,317.9,727.7
3423,137737203743255,669.4,367.6,264.8,37.0,13.4,529.2,notify_listener@25/0-worker,work_queue::do_work get_work@24/?-work_queue,666.5,529.2,297.1,302.0,653.0
3424,137737209786527,673.9,358.4,282.9,32.6,11.3,635.9,assemble attention plan@24/?-work_queue,Prepare hardware matmul job@24/?-work_queue,670.8,533.9,291.7,297.4,657.4
3425,137737215705564,845.1,459.1,349.0,37.1,13.8,801.4,assemble attention plan@24/?-work_queue,Prepare hardware matmul job@24/?-work_queue,838.9,698.9,388.2,392.7,824.4
3426,137737221801129,1908.7,793.6,826.3,288.8,153.1,1725.8,assemble attention plan@24/?-work_queue,Prepare hardware matmul job@24/?-work_queue,1906.5,1033.6,243.7,260.2,1889.8
3427,137737229010697,2262.9,1060.3,780.1,422.6,143.8,2087.1,assemble attention plan@24/?-work_queue,Prepare hardware matmul job@24/?-work_queue,2260.9,1361.0,620.4,641.3,2240.4
3428,137737236559892,1575.7,553.7,892.0,130.0,85.5,1316.4,notify_listener@25/0-worker,work_queue::do_work get_work@24/?-work_queue,1574.0,1316.4,479.9,487.7,1549.1
3429,137737243363988,2356.1,1101.2,821.5,433.4,155.2,2167.8,assemble attention plan@24/?-work_queue,Prepare hardware matmul job@24/?-work_queue,2353.9,1411.4,650.9,655.1,2334.1
3430,137737251020372,1225.4,612.1,480.6,132.8,99.2,541.1,kernel_add_rmsnorm_71@25/0-worker,prepare streams@25/0-worker,1223.2,1083.5,641.7,648.0,1200.3
3431,137737257566705,684.4,177.8,469.2,37.3,16.2,532.5,notify_listener@25/0-worker,work_queue::do_work get_work@24/?-work_queue,682.3,532.5,106.0,125.7,668.3
3432,137737263550589,1573.1,623.7,799.4,149.9,71.2,1248.4,notify_listener@25/0-worker,work_queue::do_work get_work@24/?-work_queue,1570.9,1248.4,491.4,504.9,1556.8
3433,137737270441263,968.0,545.4,311.8,110.8,78.6,493.9,kernel_add_rmsnorm_71@25/0-worker,prepare streams@25/0-worker,965.9,825.7,574.9,585.3,950.9
3434,137737276705694,1427.4,400.1,878.3,148.9,95.2,1156.4,notify_listener@25/0-worker,work_queue::do_work get_work@24/?-work_queue,1425.4,1156.4,336.9,349.9,1410.3
3435,137737283384058,1084.9,607.9,338.5,138.5,94.7,533.7,kernel_add_rmsnorm_71@25/0-worker,prepare streams@25/0-worker,1082.7,929.5,631.1,635.7,1068.3
3436,137737289669809,1465.2,462.6,845.9,156.7,75.7,1167.3,notify_listener@25/0-worker,work_queue::do_work get_work@24/?-work_queue,1462.0,1167.3,365.8,370.3,1447.3
3437,137737296425940,2510.7,1280.9,806.3,423.5,159.5,2324.4,assemble attention plan@24/?-work_queue,Prepare hardware matmul job@24/?-work_queue,2508.5,1426.9,657.7,668.6,2494.7
3438,137737304135929,1106.4,614.9,347.5,143.9,100.0,548.8,kernel_add_rmsnorm_71@25/0-worker,prepare streams@25/0-worker,1104.3,962.4,651.4,657.9,1090.3
3439,137737310474417,1648.1,647.3,789.2,211.5,134.6,1295.2,notify_listener@25/0-worker,work_queue::do_work get_work@24/?-work_queue,1646.0,1295.2,545.4,552.2,1630.9
3440,137737317420724,1684.7,644.3,814.6,225.9,93.7,1362.7,notify_listener@25/0-worker,work_queue::do_work get_work@24/?-work_queue,1682.6,1362.7,594.4,605.8,1668.6
3441,137737324304999,1813.0,677.0,874.1,261.9,115.6,1476.0,notify_listener@25/0-worker,work_queue::do_work get_work@24/?-work_queue,1811.2,1476.0,708.2,713.5,1796.7
3442,137737331381402,816.6,167.8,617.9,30.9,12.4,777.5,assemble attention plan@24/?-work_queue,Prepare hardware matmul job@24/?-work_queue,814.9,678.8,106.9,116.7,800.4
3443,137737337520257,2101.2,989.6,807.2,304.3,134.1,1940.1,assemble attention plan@24/?-work_queue,Prepare hardware matmul job@24/?-work_queue,2098.9,1259.7,499.4,509.4,2084.7
3444,137737344940843,1182.2,233.6,793.6,155.1,96.5,898.7,notify_listener@25/0-worker,work_queue::do_work get_work@24/?-work_queue,1180.4,898.7,137.9,152.7,1166.3
3445,137737351409895,1784.4,590.8,812.2,381.5,270.5,1379.0,notify_listener@25/0-worker,work_queue::do_work get_work@24/?-work_queue,1778.4,1379.0,602.3,608.3,1768.9
3446,137737358502669,989.7,604.1,340.8,44.8,10.9,951.7,assemble attention plan@24/?-work_queue,Prepare hardware matmul job@24/?-work_queue,987.0,849.5,540.9,546.8,972.5
3447,137737364713577,1889.7,826.5,754.2,309.0,130.0,1030.0,notify_listener@25/0-worker,work_queue::do_work get_work@24/?-work_queue,1886.8,1030.0,325.4,337.7,1872.4
3448,137737371889253,1234.4,250.4,838.5,145.5,74.9,973.6,notify_listener@25/0-worker,work_queue::do_work get_work@24/?-work_queue,1231.8,973.6,194.4,211.9,1217.8
3449,137737378354107,1066.7,581.7,350.4,134.6,97.4,501.1,kernel_add_rmsnorm_71@25/0-worker,prepare streams@25/0-worker,1064.7,922.4,601.1,608.2,1049.9
3450,137737384705373,2071.2,900.0,895.2,276.0,138.0,1906.6,assemble attention plan@24/?-work_queue,Prepare hardware matmul job@24/?-work_queue,2069.0,1205.7,371.0,374.7,2055.3
3451,137737392040377,1298.1,573.5,462.1,262.6,125.6,193.7,rx collecting results@147/0-RX-10,Prepare hardware matmul job@24/?-work_queue,1295.9,1156.5,832.4,837.0,1281.4
3452,137737398570572,1543.3,601.3,794.3,147.7,84.4,1227.5,notify_listener@25/0-worker,work_queue::do_work get_work@24/?-work_queue,1541.5,1227.5,468.4,480.7,1526.8
3453,137737405333929,1048.2,597.4,307.2,143.6,107.6,533.8,kernel_add_rmsnorm_71@25/0-worker,prepare streams@25/0-worker,1045.6,907.9,644.2,651.0,1031.0
3454,137737411608761,1515.3,523.5,840.8,150.9,96.9,1230.9,notify_listener@25/0-worker,work_queue::do_work get_work@24/?-work_queue,1513.0,1230.9,462.1,470.4,1499.8
3455,137737418394636,1744.5,656.5,909.5,178.5,145.9,1469.5,notify_listener@25/0-worker,work_queue::do_work get_work@24/?-work_queue,1742.5,1469.5,637.8,644.3,1729.2
3456,137737425410309,1697.1,705.9,768.5,222.8,97.3,1337.8,notify_listener@25/0-worker,work_queue::do_work get_work@24/?-work_queue,1694.6,1337.8,605.6,614.6,1680.8
3457,137737432359938,843.4,174.0,626.4,43.0,15.8,695.7,notify_listener@25/0-worker,work_queue::do_work get_work@24/?-work_queue,840.4,695.7,113.4,117.6,826.0
3458,137737438516919,1614.3,600.2,889.4,124.7,93.8,1383.7,notify_listener@25/0-worker,work_queue::do_work get_work@24/?-work_queue,1612.0,1383.7,533.7,543.1,1599.2
3459,137737445382233,2327.7,1160.1,843.0,324.6,137.4,2159.2,assemble attention plan@24/?-work_queue,Prepare hardware matmul job@24/?-work_queue,2325.6,1416.5,635.7,643.5,2307.7
3460,137737452978546,1156.1,194.7,835.3,126.1,89.2,914.1,notify_listener@25/0-worker,work_queue::do_work get_work@24/?-work_queue,1153.7,914.1,132.3,136.5,1131.5
3461,137737459375436,1722.3,660.5,777.5,284.3,131.9,1309.5,notify_listener@25/0-worker,work_queue::do_work get_work@24/?-work_queue,1709.4,1309.5,568.8,573.7,1695.6
3462,137737466348738,2337.4,1068.5,876.5,392.5,126.4,2174.3,assemble attention plan@24/?-work_queue,Prepare hardware matmul job@24/?-work_queue,2337.2,1496.8,657.8,724.4,2311.5
3463,137737473944268,1200.7,240.5,828.3,132.0,59.3,925.0,notify_listener@25/0-worker,work_queue::do_work get_work@24/?-work_queue,1198.1,925.0,140.1,192.7,1166.1
3464,137737480427426,2251.9,1078.5,797.9,375.6,137.9,2076.7,assemble attention plan@24/?-work_queue,Prepare hardware matmul job@24/?-work_queue,2249.9,1329.1,590.1,599.3,2225.2
3465,137737487953578,1189.9,215.7,836.2,138.0,90.4,918.9,notify_listener@25/0-worker,work_queue::do_work get_work@24/?-work_queue,1187.1,918.9,156.1,161.1,1155.2
3466,137737494414419,1754.7,616.1,880.1,258.5,131.3,1438.9,notify_listener@25/0-worker,work_queue::do_work get_work@24/?-work_queue,1752.4,1438.9,597.3,609.9,1726.5
3467,137737501476482,1002.7,597.3,371.6,33.8,10.2,851.4,notify_listener@25/0-worker,work_queue::do_work get_work@24/?-work_queue,1000.7,851.4,551.0,559.7,987.0
3468,137737507724432,2101.0,882.6,785.1,433.3,147.6,1920.4,assemble attention plan@24/?-work_queue,Prepare hardware matmul job@24/?-work_queue,2098.8,1171.2,427.0,436.8,2083.4
3469,137737515134739,1184.7,618.0,438.6,128.1,92.2,522.5,kernel_add_rmsnorm_71@25/0-worker,prepare streams@25/0-worker,1182.7,1023.2,617.1,620.8,1167.0
3470,137737521559162,865.5,543.8,281.1,40.6,12.9,716.4,notify_listener@25/0-worker,work_queue::do_work get_work@24/?-work_queue,863.9,716.4,479.9,492.8,850.1
3471,137737527747368,1390.9,389.4,846.3,155.1,100.9,1103.6,notify_listener@25/0-worker,work_queue::do_work get_work@24/?-work_queue,1388.6,1103.6,292.9,311.3,1374.7
3472,137737534390443,1233.0,480.7,632.5,119.9,119.3,488.3,kernel_add_rmsnorm_71@25/0-worker,prepare streams@25/0-worker,619.5,1233.0,609.1,619.5,
3473,137737537015539,135.3,110.6,4.9,19.8,10.5,96.8,assemble attention plan@24/?-work_queue,Prepare hardware matmul job@24/?-work_queue,132.9,,,,
3474,137737542480075,1644.4,680.0,792.8,171.5,97.9,1282.9,notify_listener@25/0-worker,work_queue::do_work get_work@24/?-work_queue,1641.3,1282.9,534.5,541.9,1626.3
3475,137737549448999,2369.0,1112.4,829.9,426.7,166.6,2176.1,assemble attention plan@24/?-work_queue,Prepare hardware matmul job@24/?-work_queue,2366.6,1369.4,566.4,570.7,2353.3
3476,137737557128967,1942.9,1182.0,496.6,264.2,103.4,574.7,kernel_add_rmsnorm_71@25/0-worker,prepare streams@25/0-worker,1940.7,1127.8,682.2,709.9,1927.1
3477,137737564310969,872.9,177.2,665.1,30.6,10.0,836.4,assemble attention plan@24/?-work_queue,Prepare hardware matmul job@24/?-work_queue,871.0,733.9,108.4,125.2,857.6
3478,137737570500585,1621.8,632.3,797.4,192.2,133.3,1283.6,notify_listener@25/0-worker,work_queue::do_work get_work@24/?-work_queue,1619.0,1283.6,519.2,528.1,1605.6
3479,137737577395960,1070.3,643.5,339.3,87.5,53.3,564.4,kernel_add_rmsnorm_71@25/0-worker,prepare streams@25/0-worker,1068.7,927.0,623.1,636.6,1054.9
3480,137737583734430,1411.9,444.1,879.7,88.1,68.0,1211.0,notify_listener@25/0-worker,work_queue::do_work get_work@24/?-work_queue,1409.7,1211.0,322.1,327.3,1395.8
3481,137737590476644,1625.0,676.7,770.0,178.2,81.1,1271.2,notify_listener@25/0-worker,work_queue::do_work get_work@24/?-work_queue,1622.9,1271.2,541.3,545.6,1610.0
3482,137737597447670,2275.8,1174.4,796.6,304.9,134.6,2115.0,assemble attention plan@24/?-work_queue,Prepare hardware matmul job@24/?-work_queue,2274.0,1336.5,586.1,593.3,2259.4
3483,137737605005442,1286.3,745.6,416.6,124.1,95.5,652.5,kernel_add_rmsnorm_71@25/0-worker,prepare streams@25/0-worker,1283.9,1146.6,749.8,755.6,1270.1
3484,137737611617861,668.4,177.6,454.0,36.8,10.9,631.8,assemble attention plan@24/?-work_queue,Prepare hardware matmul job@24/?-work_queue,666.0,526.6,118.4,122.3,652.7
3485,137737617608102,1513.8,550.0,783.0,180.9,126.6,1188.1,notify_listener@25/0-worker,work_queue::do_work get_work@24/?-work_queue,1511.7,1188.1,440.7,454.7,1498.0
3486,137737624487404,2144.4,1051.5,792.5,300.4,157.7,1958.2,assemble attention plan@24/?-work_queue,Prepare hardware matmul job@24/?-work_queue,2142.6,1303.5,536.4,546.1,2127.2
3487,137737631983099,1141.0,208.2,797.4,135.4,84.2,868.5,notify_listener@25/0-worker,work_queue::do_work get_work@24/?-work_queue,1138.5,868.5,124.7,132.3,1125.8
3488,137737638422357,1716.5,694.0,914.9,107.5,84.0,1504.6,notify_listener@25/0-worker,work_queue::do_work get_work@24/?-work_queue,1714.6,1504.6,620.9,626.1,1700.4
3489,137737645472415,1628.3,684.1,788.6,155.6,93.1,1306.7,notify_listener@25/0-worker,work_queue::do_work get_work@24/?-work_queue,1626.2,1306.7,548.7,554.0,1612.5
3490,137737652394655,1742.6,615.6,882.5,244.5,137.2,1455.6,notify_listener@25/0-worker,work_queue::do_work get_work@24/?-work_queue,1740.1,1455.6,621.1,629.5,1725.9
3491,137737659458483,2220.9,1054.2,851.8,314.9,161.9,2032.2,assemble attention plan@24/?-work_queue,Prepare hardware matmul job@24/?-work_queue,2218.3,1373.0,583.2,589.9,2204.6
3492,137737666994898,1142.0,252.0,834.3,55.7,36.3,979.4,notify_listener@25/0-worker,work_queue::do_work get_work@24/?-work_queue,1139.8,979.4,115.4,130.2,1126.8
3493,137737673423981,2225.5,1091.5,776.8,357.2,140.8,2057.7,assemble attention plan@24/?-work_queue,Prepare hardware matmul job@24/?-work_queue,2223.2,1337.9,599.1,605.7,2208.6
3494,137737680919655,1235.3,252.4,802.4,180.6,98.5,919.7,notify_listener@25/0-worker,work_queue::do_work get_work@24/?-work_queue,1233.0,919.7,180.6,188.3,1188.2
3495,137737687414288,1708.4,684.9,808.9,214.6,142.8,1342.5,notify_listener@25/0-worker,work_queue::do_work get_work@24/?-work_queue,1706.1,1342.5,607.2,616.3,1686.0
3496,137737694426621,1698.4,639.0,907.6,151.8,90.3,1381.7,notify_listener@25/0-worker,work_queue::do_work get_work@24/?-work_queue,1695.9,1381.7,615.7,619.8,1676.6
3497,137737701406130,2366.8,1128.0,943.5,295.3,138.8,2194.8,assemble attention plan@24/?-work_queue,Prepare hardware matmul job@24/?-work_queue,2364.9,1519.6,621.0,631.5,2344.8
3498,137737709085802,1204.7,599.6,453.4,151.7,113.7,524.2,kernel_add_rmsnorm_71@25/0-worker,prepare streams@25/0-worker,1201.9,1050.3,640.0,662.6,1178.9
3499,137737715667445,2289.8,1085.7,820.7,383.5,129.5,2126.2,assemble attention plan@24/?-work_queue,Prepare hardware matmul job@24/?-work_queue,2287.3,1428.4,719.4,730.7,2273.0
3500,137737723316592,1827.3,676.3,927.5,223.5,93.6,1515.1,notify_listener@25/0-worker,work_queue::do_work get_work@24/?-work_queue,1825.8,1515.1,622.6,636.5,1811.9
3501,137737730429874,2224.9,1019.0,780.6,425.3,152.6,2037.1,assemble attention plan@24/?-work_queue,Prepare hardware matmul job@24/?-work_queue,2223.3,1330.9,587.1,597.4,2208.5
3502,137737737952254,587.5,210.7,345.5,31.3,10.5,542.1,assemble attention plan@24/?-work_queue,Prepare hardware matmul job@24/?-work_queue,585.1,441.9,141.4,144.9,572.4
3503,137737743805243,1327.7,333.8,790.5,203.5,140.5,991.6,notify_listener@25/0-worker,work_queue::do_work get_work@24/?-work_queue,1325.3,991.6,245.4,250.2,1311.3
3504,137737750421610,1207.0,613.8,473.8,119.4,87.9,666.8,kernel_add_rmsnorm_71@25/0-worker,prepare streams@25/0-worker,1204.9,1062.9,756.8,763.4,1189.9
3505,137737756891789,1257.6,241.0,959.4,57.2,35.5,1089.8,notify_listener@25/0-worker,work_queue::do_work get_work@24/?-work_queue,1256.1,1089.8,169.1,180.2,1242.8
3506,137737763547093,1583.6,626.8,807.5,149.3,88.4,1255.8,notify_listener@25/0-worker,work_queue::do_work get_work@24/?-work_queue,1581.8,1255.8,500.5,510.2,1567.0
3507,137737770412675,1698.7,685.0,795.1,218.6,105.3,1351.4,notify_listener@25/0-worker,work_queue::do_work get_work@24/?-work_queue,1696.6,1351.4,604.4,623.8,1682.0
3508,137737777434405,1689.8,823.6,733.4,132.9,75.1,1417.7,notify_listener@25/0-worker,work_queue::do_work get_work@24/?-work_queue,1687.4,1417.7,587.2,743.7,1672.1
3509,137737784416290,1703.9,637.9,806.0,260.0,118.8,1362.2,notify_listener@25/0-worker,work_queue::do_work get_work@24/?-work_queue,1701.7,1362.2,596.9,608.5,1687.3
3510,137737791421890,1025.8,564.8,335.7,125.2,99.1,474.2,kernel_add_rmsnorm_71@25/0-worker,prepare streams@25/0-worker,1023.9,891.2,576.0,586.6,1010.3
3511,137737797739624,1450.3,633.8,669.5,147.0,104.2,573.7,kernel_add_rmsnorm_71@25/0-worker,prepare streams@25/0-worker,1447.5,1310.3,679.6,693.5,1433.7
3512,137737804518489,1590.7,632.9,816.1,141.7,90.3,1286.1,notify_listener@25/0-worker,work_queue::do_work get_work@24/?-work_queue,1589.3,1286.1,519.0,530.9,1574.3
3513,137737811425025,1687.3,652.5,808.4,226.4,121.0,1348.8,notify_listener@25/0-worker,work_queue::do_work get_work@24/?-work_queue,1684.9,1348.8,591.9,598.7,1671.6
3514,137737818379229,478.3,171.6,269.5,37.2,11.9,335.7,notify_listener@25/0-worker,work_queue::do_work get_work@24/?-work_queue,476.0,335.7,101.2,106.0,462.1
3515,137737824143796,1142.0,656.1,353.0,132.9,93.5,590.2,kernel_add_rmsnorm_71@25/0-worker,prepare streams@25/0-worker,1139.9,998.6,686.3,698.9,1125.4
3516,137737830569759,1579.2,574.3,826.3,178.6,105.4,527.3,kernel_add_rmsnorm_71@25/0-worker,prepare streams@25/0-worker,1577.4,1397.5,634.6,640.1,1562.6
3517,137737837449786,1676.1,594.1,820.0,262.0,118.3,1363.3,notify_listener@25/0-worker,work_queue::do_work get_work@24/?-work_queue,1673.6,1363.3,564.8,572.5,1659.6
3518,137737844430467,988.7,682.4,267.2,39.1,10.4,951.7,assemble attention plan@24/?-work_queue,Prepare hardware matmul job@24/?-work_queue,986.4,850.0,612.4,616.3,972.1
3519,137737850672064,2280.9,1042.9,774.5,463.6,152.1,2102.7,assemble attention plan@24/?-work_queue,Prepare hardware matmul job@24/?-work_queue,2279.0,1354.9,599.3,609.9,2265.3
3520,137737858221434,1092.7,617.2,331.1,144.4,105.8,551.9,kernel_add_rmsnorm_71@25/0-worker,prepare streams@25/0-worker,1090.5,947.1,660.5,668.2,1075.7
3521,137737864658359,1473.4,462.2,793.4,217.7,165.4,1141.1,notify_listener@25/0-worker,work_queue::do_work get_work@24/?-work_queue,1471.3,1141.1,389.5,395.6,1457.3
3522,137737871389147,1747.0,693.1,889.4,164.6,92.6,1473.5,notify_listener@25/0-worker,work_queue::do_work get_work@24/?-work_queue,1744.4,1473.5,636.6,640.4,1729.8
3523,137737878471824,1666.8,659.0,819.2,188.5,136.6,1352.2,notify_listener@25/0-worker,work_queue::do_work get_work@24/?-work_queue,1664.6,1352.2,570.3,575.9,1650.5
3524,137737885424104,2229.6,1102.3,763.0,364.2,167.3,2036.6,assemble attention plan@24/?-work_queue,Prepare hardware matmul job@24/?-work_queue,2227.5,1329.1,591.9,603.3,2213.4
3525,137737893006448,1777.0,593.7,873.0,310.3,153.8,1598.1,assemble attention plan@24/?-work_queue,Prepare hardware matmul job@24/?-work_queue,1775.1,938.1,103.9,129.0,1762.0
3526,137737900049109,1200.0,599.0,482.5,118.6,83.0,528.5,kernel_add_rmsnorm_71@25/0-worker,prepare streams@25/0-worker,1197.3,1057.6,613.1,616.8,1183.8
3527,137737906537273,1578.9,610.7,820.7,147.5,88.4,1290.7,notify_listener@25/0-worker,work_queue::do_work get_work@24/?-work_queue,1573.9,1290.7,504.7,512.1,1559.2
3528,137737913418026,2249.9,985.7,838.0,426.1,148.1,2066.8,assemble attention plan@24/?-work_queue,Prepare hardware matmul job@24/?-work_queue,2247.3,1388.3,594.1,599.4,2224.6
3529,137737920998882,1597.8,519.4,784.7,293.7,148.4,1417.6,assemble attention plan@24/?-work_queue,Prepare hardware matmul job@24/?-work_queue,1595.3,856.4,103.5,113.1,1576.7
3530,137737927912163,585.4,249.6,302.1,33.7,11.2,541.4,assemble attention plan@24/?-work_queue,Prepare hardware matmul job@24/?-work_queue,583.2,442.9,197.7,204.2,562.8
3531,137737933744849,714.2,367.4,311.1,35.7,14.9,567.8,notify_listener@25/0-worker,work_queue::do_work get_work@24/?-work_queue,712.3,567.8,298.1,301.8,691.7
3532,137737939708092,2017.9,947.5,794.7,275.7,141.6,1837.9,assemble attention plan@24/?-work_queue,Prepare hardware matmul job@24/?-work_queue,2016.0,1086.4,336.2,341.7,1990.1
3533,137737946985409,1171.8,177.8,962.5,31.6,13.6,1024.1,notify_listener@25/0-worker,work_queue::do_work get_work@24/?-work_queue,1169.5,1024.1,111.9,117.5,1150.1
3534,137737953429271,2290.8,1120.7,801.7,368.4,145.4,2112.9,assemble attention plan@24/?-work_queue,Prepare hardware matmul job@24/?-work_queue,2289.1,1331.6,582.9,587.7,2268.2
3535,137737961026153,2263.0,1033.3,813.9,415.7,151.8,2079.1,assemble attention plan@24/?-work_queue,Prepare hardware matmul job@24/?-work_queue,2260.3,1435.4,660.6,665.4,2244.9
3536,137737968626891,1533.0,503.8,954.0,75.3,54.0,1330.3,notify_listener@25/0-worker,work_queue::do_work get_work@24/?-work_queue,1530.8,1330.3,412.4,426.0,1517.2
3537,137737975424252,1705.7,663.5,857.4,184.8,129.1,1363.2,notify_listener@25/0-worker,work_queue::do_work get_work@24/?-work_queue,1703.0,1363.2,606.3,616.6,1688.4
3538,137737982401523,1764.6,567.1,1039.1,158.4,113.7,495.7,rx collecting results@149/0-RX-38,kernel_add_rmsnorm_71@25/0-worker,1762.4,1615.0,623.9,628.2,1747.8
3539,137737989481675,1661.3,605.4,911.0,144.8,101.0,1426.0,notify_listener@25/0-worker,work_queue::do_work get_work@24/?-work_queue,1659.7,1426.0,538.4,558.8,1646.4
3540,137737996443075,1675.0,663.2,804.5,207.4,84.7,1347.4,notify_listener@25/0-worker,work_queue::do_work get_work@24/?-work_queue,1672.8,1347.4,573.4,586.6,1658.8
3541,137738003408773,1725.9,638.3,864.7,222.9,121.1,1429.6,notify_listener@25/0-worker,work_queue::do_work get_work@24/?-work_queue,1723.1,1429.6,607.0,621.7,1708.4
3542,137738010417873,1000.8,595.3,289.9,115.6,75.6,519.9,kernel_add_rmsnorm_71@25/0-worker,prepare streams@25/0-worker,998.7,856.9,602.3,610.9,984.9
3543,137738016714550,1427.5,411.6,837.2,178.7,124.0,1093.6,notify_listener@25/0-worker,work_queue::do_work get_work@24/?-work_queue,1424.9,1093.6,331.2,338.6,1411.5
3544,137738023460907,1667.2,622.8,819.2,225.2,95.4,1345.1,notify_listener@25/0-worker,work_queue::do_work get_work@24/?-work_queue,1664.4,1345.1,551.8,561.5,1650.5
3545,137738030484266,1655.4,565.1,826.8,263.5,138.7,1371.3,notify_listener@25/0-worker,work_queue::do_work get_work@24/?-work_queue,1653.3,1371.3,579.8,586.2,1640.3
3546,137738037490189,2179.1,1072.4,834.6,272.1,135.5,2016.5,assemble attention plan@24/?-work_queue,Prepare hardware matmul job@24/?-work_queue,2177.3,1321.6,532.9,543.0,2162.6
3547,137738045026718,2054.0,1186.0,632.9,235.1,89.8,596.0,kernel_add_rmsnorm_71@25/0-worker,prepare streams@25/0-worker,2051.8,1501.3,687.4,972.0,2039.0
3548,137738052443538,1678.4,630.5,784.4,263.5,125.5,1358.1,notify_listener@25/0-worker,work_queue::do_work get_work@24/?-work_queue,1676.7,1358.1,569.6,615.4,1663.1
3549,137738059447971,1677.8,628.8,842.4,206.6,81.7,1410.6,notify_listener@25/0-worker,work_queue::do_work get_work@24/?-work_queue,1675.5,1410.6,567.5,620.1,1660.9
3550,137738066563437,940.4,517.0,387.5,35.9,11.9,798.3,notify_listener@25/0-worker,work_queue::do_work get_work@24/?-work_queue,938.0,798.3,482.8,490.7,924.4
3551,137738072809096,597.8,180.5,380.0,37.3,11.4,458.3,notify_listener@25/0-worker,work_queue::do_work get_work@24/?-work_queue,596.2,458.3,142.2,150.2,581.7
3552,137738078713640,1412.0,418.9,781.7,211.3,158.9,1065.7,notify_listener@25/0-worker,work_queue::do_work get_work@24/?-work_queue,1409.5,1065.7,330.8,337.5,1395.8
3553,137738085446821,1668.1,653.3,795.0,219.8,94.5,1322.2,notify_listener@25/0-worker,work_queue::do_work get_work@24/?-work_queue,1665.7,1322.2,569.9,577.5,1651.2
3554,137738092394352,1733.2,727.0,815.9,190.3,122.5,1378.1,notify_listener@25/0-worker,work_queue::do_work get_work@24/?-work_queue,1730.6,1378.1,626.4,632.3,1715.6
3555,137738099504625,1620.3,637.1,815.3,167.9,91.4,1318.3,notify_listener@25/0-worker,work_queue::do_work get_work@24/?-work_queue,1617.8,1318.3,541.4,545.9,1604.0
3556,137738106432305,1715.3,617.0,906.5,191.8,89.3,1490.8,notify_listener@25/0-worker,work_queue::do_work get_work@24/?-work_queue,1712.1,1490.8,608.4,612.2,1698.6
3557,137738113512756,1623.2,581.4,829.2,212.6,83.1,1360.3,notify_listener@25/0-worker,work_queue::do_work get_work@24/?-work_queue,1621.0,1360.3,574.6,586.9,1607.1
3558,137738120459541,777.7,197.5,542.5,37.7,13.8,635.0,notify_listener@25/0-worker,work_queue::do_work get_work@24/?-work_queue,775.3,635.0,129.1,139.0,769.4
3559,137738126516564,1626.1,658.0,827.4,140.6,89.9,563.7,kernel_add_rmsnorm_71@25/0-worker,prepare streams@25/0-worker,1624.1,1466.9,667.2,672.0,1610.1
3560,137738133479355,753.3,173.9,549.4,30.0,11.6,615.5,notify_listener@25/0-worker,work_queue::do_work get_work@24/?-work_queue,751.6,615.5,110.1,119.5,737.6
3561,137738139517726,721.1,180.0,505.0,36.0,11.2,580.3,notify_listener@25/0-worker,work_queue::do_work get_work@24/?-work_queue,719.0,580.3,114.9,131.2,705.8
3562,137738145613805,872.5,496.2,339.5,36.7,15.9,729.0,notify_listener@25/0-worker,work_queue::do_work get_work@24/?-work_queue,870.4,729.0,429.0,433.4,855.7
3563,137738151761354,711.7,407.5,269.2,35.0,12.3,672.8,assemble attention plan@24/?-work_queue,Prepare hardware matmul job@24/?-work_queue,710.0,574.1,345.6,349.5,695.7
3564,137738157839254,1424.3,630.9,642.1,151.3,96.9,553.2,kernel_add_rmsnorm_71@25/0-worker,prepare streams@25/0-worker,1422.1,1241.7,651.5,663.1,1408.8
3565,137738164578786,2443.3,1216.4,892.0,334.9,154.1,2256.1,assemble attention plan@24/?-work_queue,Prepare hardware matmul job@24/?-work_queue,2441.3,1315.0,461.3,470.0,2420.5
3566,137738172354928,1080.3,683.9,322.4,74.0,38.6,623.2,kernel_add_rmsnorm_71@25/0-worker,prepare streams@25/0-worker,1078.4,936.6,664.3,670.4,1064.9
3567,137738178709619,746.0,438.2,267.5,40.3,11.6,577.4,notify_listener@25/0-worker,work_queue::do_work get_work@24/?-work_queue,743.0,577.4,338.2,343.1,727.6
3568,137738184719837,726.0,407.1,283.7,35.2,11.7,576.6,notify_listener@25/0-worker,work_queue::do_work get_work@24/?-work_queue,724.1,576.6,324.0,339.2,710.5
3569,137738190730362,1958.2,852.9,852.6,252.7,108.8,1818.9,assemble attention plan@24/?-work_queue,Prepare hardware matmul job@24/?-work_queue,1952.7,1116.1,321.6,329.8,1938.3
3570,137738197975948,1186.6,205.6,840.0,141.0,120.3,913.3,notify_listener@25/0-worker,work_queue::do_work get_work@24/?-work_queue,1184.2,913.3,132.9,138.5,1164.8
3571,137738204421819,1719.0,705.2,859.5,154.3,92.5,1382.5,notify_listener@25/0-worker,work_queue::do_work get_work@24/?-work_queue,1716.1,1382.5,598.3,603.3,1694.6
3572,137738211420628,1019.1,568.1,338.6,112.3,79.6,471.1,kernel_add_rmsnorm_71@25/0-worker,prepare streams@25/0-worker,1017.1,867.1,553.0,597.6,995.5
3573,137738217722743,856.8,298.6,554.5,3.7,1.9,300.5,legacy tx_launch@6/0-TX-3b,rx collecting results@147/0-RX-10,330.7,856.8,327.1,330.7,
3574,137738219617811,468.3,391.3,6.5,70.5,18.8,2.9,work_queue::do_work get_work@24/?-work_queue,add_tokens@24/?-work_queue,466.2,,,,
3575,137738225384721,1751.9,665.9,836.9,249.1,150.9,1408.1,notify_listener@25/0-worker,work_queue::do_work get_work@24/?-work_queue,1750.3,1408.1,632.1,655.9,1729.0
3576,137738232387575,1753.8,678.8,834.4,240.6,93.1,1438.5,notify_listener@25/0-worker,work_queue::do_work get_work@24/?-work_queue,1751.6,1438.5,634.4,638.8,1730.0
3577,137738239494441,992.9,600.6,330.0,62.4,25.6,500.6,kernel_add_rmsnorm_71@25/0-worker,prepare streams@25/0-worker,990.6,837.3,528.2,533.8,967.7
3578,137738245792658,651.6,330.5,293.7,27.3,9.9,507.0,notify_listener@25/0-worker,work_queue::do_work get_work@24/?-work_queue,649.9,507.0,250.6,256.4,626.0
3579,137738251699397,1429.2,393.9,855.1,180.3,128.0,1104.3,notify_listener@25/0-worker,work_queue::do_work get_work@24/?-work_queue,1426.8,1104.3,345.9,357.5,1413.3
3580,137738258488236,957.0,638.5,283.3,35.1,10.0,912.2,assemble attention plan@24/?-work_queue,Prepare hardware matmul job@24/?-work_queue,954.3,813.8,558.9,569.0,939.0
3581,137738264746725,1917.6,772.0,812.9,332.8,136.0,1067.7,notify_listener@25/0-worker,work_queue::do_work get_work@24/?-work_queue,1916.0,1067.7,302.8,306.6,1903.1
3582,137738271935478,1293.7,594.4,568.5,130.9,95.8,557.2,kernel_add_rmsnorm_71@25/0-worker,prepare streams@25/0-worker,1291.2,1150.3,654.4,660.1,1277.6
3583,137738278517374,1625.5,589.6,897.5,138.4,116.0,1375.8,notify_listener@25/0-worker,work_queue::do_work get_work@24/?-work_queue,1623.5,1375.8,516.7,524.5,1609.8
3584,137738285449414,1689.2,594.0,858.8,236.5,90.5,560.8,kernel_add_rmsnorm_71@25/0-worker,prepare streams@25/0-worker,1686.6,1420.5,653.4,658.4,1671.9
3585,137738292567221,2099.7,1014.0,806.1,279.5,133.3,1234.2,notify_listener@25/0-worker,work_queue::do_work get_work@24/?-work_queue,2097.2,1234.2,471.8,483.6,2082.5
3586,137738299969145,511.5,186.3,285.4,39.8,10.8,367.6,notify_listener@25/0-worker,work_queue::do_work get_work@24/?-work_queue,510.0,367.6,121.1,126.5,496.8
3587,137738305762291,1415.2,554.6,736.3,124.2,87.1,520.2,kernel_add_rmsnorm_71@25/0-worker,prepare streams@25/0-worker,1413.0,1260.0,608.8,619.3,1397.5
3588,137738312492049,1644.6,641.0,834.8,168.8,110.6,1344.4,notify_listener@25/0-worker,work_queue::do_work get_work@24/?-work_queue,1642.1,1344.4,539.3,561.2,1628.6
3589,137738319478059,2219.5,1105.7,774.2,339.6,135.8,1285.9,notify_listener@25/0-worker,work_queue::do_work get_work@24/?-work_queue,2217.0,1285.9,539.7,553.7,2203.2
3590,137738327073116,1187.7,576.3,485.5,126.0,97.3,468.8,kernel_add_rmsnorm_71@25/0-worker,prepare streams@25/0-worker,1185.5,1044.7,577.6,585.4,1172.6
3591,137738333581787,498.1,162.7,295.8,39.6,10.9,461.2,assemble attention plan@24/?-work_queue,Prepare hardware matmul job@24/?-work_queue,495.7,351.9,105.8,110.5,482.7
3592,137738339346082,1006.2,568.9,309.7,127.5,97.7,492.3,kernel_add_rmsnorm_71@25/0-worker,prepare streams@25/0-worker,1004.4,859.1,592.8,611.5,990.1
3593,137738345685726,1436.1,502.9,740.8,192.4,133.7,1062.4,notify_listener@25/0-worker,work_queue::do_work get_work@24/?-work_queue,1434.6,1062.4,354.4,362.2,1421.6
3594,137738352434077,962.8,559.4,278.7,124.7,96.7,475.1,kernel_add_rmsnorm_71@25/0-worker,prepare streams@25/0-worker,961.3,820.7,573.5,580.7,947.3
3595,137738358700854,1416.9,468.0,777.8,171.1,118.3,1082.2,notify_listener@25/0-worker,work_queue::do_work get_work@24/?-work_queue,1415.1,1082.2,342.2,351.4,1400.5
3596,137738365502814,2235.6,1024.4,794.9,416.3,160.9,2046.8,assemble attention plan@24/?-work_queue,Prepare hardware matmul job@24/?-work_queue,2233.2,1403.8,650.5,661.5,2218.5
3597,137738372994086,1138.5,200.0,791.9,146.6,81.2,852.9,notify_listener@25/0-worker,work_queue::do_work get_work@24/?-work_queue,1136.8,852.9,107.7,120.4,1123.5
3598,137738379432343,1694.4,654.5,783.6,256.3,127.7,1329.0,notify_listener@25/0-worker,work_queue::do_work get_work@24/?-work_queue,1692.5,1329.0,581.5,589.9,1678.3
3599,137738386455655,1662.3,673.3,841.2,147.8,86.0,1358.7,notify_listener@25/0-worker,work_queue::do_work get_work@24/?-work_queue,1660.2,1358.7,574.3,623.2,1647.1
3600,137738393386329,1754.4,603.4,899.6,251.4,129.6,1492.5,notify_listener@25/0-worker,work_queue::do_work get_work@24/?-work_queue,1752.2,1492.5,621.6,627.8,1738.6
3601,137738400445428,1675.5,712.5,801.6,161.4,102.4,1342.4,notify_listener@25/0-worker,work_queue::do_work get_work@24/?-work_queue,1673.3,1342.4,595.3,605.7,1659.7
3602,137738407444758,1674.8,672.3,750.1,252.5,120.0,1340.7,notify_listener@25/0-worker,work_queue::do_work get_work@24/?-work_queue,1672.4,1340.7,568.2,635.6,1658.6
3603,137738414430451,1686.6,648.9,815.0,222.7,89.3,1354.2,notify_listener@25/0-worker,work_queue::do_work get_work@24/?-work_queue,1683.7,1354.2,586.6,592.0,1669.3
3604,137738421415063,2244.3,1046.3,832.3,365.7,166.5,2050.3,assemble attention plan@24/?-work_queue,Prepare hardware matmul job@24/?-work_queue,2241.8,1351.8,605.8,616.7,2228.3
3605,137738429015889,1123.8,697.8,291.9,134.1,99.4,642.7,kernel_add_rmsnorm_71@25/0-worker,prepare streams@25/0-worker,1121.4,976.8,743.6,749.9,1107.7
3606,137738435413885,984.3,584.0,267.2,133.1,94.6,489.6,kernel_add_rmsnorm_71@25/0-worker,prepare streams@25/0-worker,982.3,839.0,593.3,606.9,967.9
3607,137738441736679,2181.6,1023.2,778.5,379.8,148.7,2004.8,assemble attention plan@24/?-work_queue,Prepare hardware matmul job@24/?-work_queue,2179.0,1330.7,577.6,590.4,2164.0
3608,137738449258063,1880.9,648.7,992.0,240.2,126.9,1626.3,notify_listener@25/0-worker,work_queue::do_work get_work@24/?-work_queue,1878.3,1626.3,752.7,764.4,1864.7
3609,137738456443433,1685.4,614.2,817.8,253.4,96.1,472.3,kernel_add_rmsnorm_71@25/0-worker,prepare streams@25/0-worker,1683.0,1356.6,570.0,575.1,1668.4
3610,137738463489420,977.5,573.8,336.7,67.1,33.4,489.3,kernel_add_rmsnorm_71@25/0-worker,prepare streams@25/0-worker,975.7,833.4,527.4,540.7,962.2
3611,137738469715698,1441.1,569.5,751.8,119.9,93.1,486.0,kernel_add_rmsnorm_71@25/0-worker,prepare streams@25/0-worker,1438.4,1304.9,580.6,584.7,1424.1
3612,137738476475569,1652.5,611.0,829.1,212.4,139.5,1326.8,notify_listener@25/0-worker,work_queue::do_work get_work@24/?-work_queue,1649.8,1326.8,538.3,554.2,1636.0
3613,137738483438396,2102.1,1007.1,687.6,407.5,182.3,1891.8,assemble attention plan@24/?-work_queue,Prepare hardware matmul job@24/?-work_queue,2099.7,1268.5,577.5,582.8,2084.3
3614,137738490854106,1790.3,712.5,800.7,277.1,136.1,1627.8,assemble attention plan@24/?-work_queue,Prepare hardware matmul job@24/?-work_queue,1787.8,952.2,196.0,204.3,1774.2
3615,137738497968492,1159.0,189.9,799.9,169.2,130.1,888.1,notify_listener@25/0-worker,work_queue::do_work get_work@24/?-work_queue,1157.3,888.1,128.3,136.5,1143.8
3616,137738504408834,2287.8,1019.3,897.7,370.7,153.8,2107.1,assemble attention plan@24/?-work_queue,Prepare hardware matmul job@24/?-work_queue,2285.6,1449.4,606.3,616.8,2270.8
3617,137738512075892,2003.3,905.4,851.1,246.8,97.6,1391.8,notify_listener@25/0-worker,work_queue::do_work get_work@24/?-work_queue,2000.3,1391.8,594.7,599.2,1986.0
3618,137738519348198,1053.5,598.9,329.8,124.9,89.1,507.3,kernel_add_rmsnorm_71@25/0-worker,prepare streams@25/0-worker,1051.5,906.8,599.2,605.5,1036.3
3619,137738525682464,2092.1,860.3,761.6,470.2,328.4,1737.7,assemble attention plan@24/?-work_queue,Prepare hardware matmul job@24/?-work_queue,2090.4,1079.7,356.1,372.0,2075.6
3620,137738533153998,1128.9,605.3,375.0,148.6,109.5,515.2,kernel_add_rmsnorm_71@25/0-worker,prepare streams@25/0-worker,1126.9,984.3,641.1,650.2,1111.4
3621,137738539598316,1511.1,567.5,781.1,162.5,86.6,1171.5,notify_listener@25/0-worker,work_queue::do_work get_work@24/?-work_queue,1509.0,1171.5,442.7,446.6,1505.3
3622,137738546405808,1733.3,709.2,821.8,202.3,98.1,663.9,kernel_add_rmsnorm_71@25/0-worker,prepare streams@25/0-worker,1731.8,1522.0,764.3,772.4,1717.4
3623,137738553411513,2269.1,1056.6,813.1,399.4,160.1,2083.5,assemble attention plan@24/?-work_queue,Prepare hardware matmul job@24/?-work_queue,2266.8,1395.8,603.5,608.1,2254.0
3624,137738560997302,506.7,179.0,295.4,32.3,9.6,471.1,assemble attention plan@24/?-work_queue,Prepare hardware matmul job@24/?-work_queue,504.5,372.8,115.3,124.9,490.9
3625,137738566778221,1412.2,687.8,590.4,133.9,95.1,550.6,kernel_add_rmsnorm_71@25/0-worker,prepare streams@25/0-worker,1410.0,1270.3,647.2,655.2,1396.3
3626,137738573567682,1558.4,600.9,803.6,154.0,86.7,1233.0,notify_listener@25/0-worker,work_queue::do_work get_work@24/?-work_queue,1555.5,1233.0,476.0,482.5,1540.6
3627,137738580448626,1662.1,669.5,793.0,199.6,114.9,1336.9,notify_listener@25/0-worker,work_queue::do_work get_work@24/?-work_queue,1659.9,1336.9,570.2,579.0,1646.8
3628,137738587445182,1664.6,697.4,784.8,182.4,84.0,1323.7,notify_listener@25/0-worker,work_queue::do_work get_work@24/?-work_queue,1662.3,1323.7,573.1,585.3,1648.3
3629,137738594478827,938.7,611.2,284.8,42.7,14.3,796.1,notify_listener@25/0-worker,work_queue::do_work get_work@24/?-work_queue,935.6,796.1,541.2,545.5,922.5
3630,137738600744911,1382.1,362.3,863.2,156.7,91.5,1090.4,notify_listener@25/0-worker,work_queue::do_work get_work@24/?-work_queue,1380.4,1090.4,302.9,312.7,1366.8
3631,137738607413889,2502.1,1333.4,778.1,390.7,166.0,2307.9,assemble attention plan@24/?-work_queue,Prepare hardware matmul job@24/?-work_queue,2499.6,1343.5,603.6,610.1,2484.5
3632,137738615222189,1115.9,617.2,366.0,132.7,100.6,544.1,kernel_add_rmsnorm_71@25/0-worker,prepare streams@25/0-worker,1113.7,982.3,647.0,654.7,1099.7
3633,137738621663210,1471.7,432.6,901.4,137.7,116.4,1229.7,notify_listener@25/0-worker,work_queue::do_work get_work@24/?-work_queue,1469.6,1229.7,376.4,381.5,1455.6
3634,137738628489624,1643.5,642.3,840.1,161.1,93.3,1348.9,notify_listener@25/0-worker,work_queue::do_work get_work@24/?-work_queue,1641.0,1348.9,565.7,621.8,1627.1
3635,137738635407072,2473.0,1095.8,805.3,571.9,338.5,2106.9,assemble attention plan@24/?-work_queue,Prepare hardware matmul job@24/?-work_queue,2470.8,1360.4,611.2,622.8,2455.8
3636,137738643219203,1125.0,640.4,353.5,131.1,98.3,562.1,kernel_add_rmsnorm_71@25/0-worker,prepare streams@25/0-worker,1122.6,988.4,662.5,670.9,1108.4
3637,137738649608393,1521.8,514.1,823.7,184.0,136.4,1214.2,notify_listener@25/0-worker,work_queue::do_work get_work@24/?-work_queue,1519.9,1214.2,436.6,441.7,1506.3
3638,137738656417100,1678.2,697.2,756.6,224.4,74.4,1332.7,notify_listener@25/0-worker,work_queue::do_work get_work@24/?-work_queue,1675.9,1332.7,599.1,607.6,1661.6
3639,137738663367427,1100.3,630.3,342.7,127.3,90.0,541.4,kernel_add_rmsnorm_71@25/0-worker,prepare streams@25/0-worker,1098.2,954.3,641.4,652.3,1078.4
3640,137738669743445,1376.2,418.6,816.6,141.0,96.1,1054.3,notify_listener@25/0-worker,work_queue::do_work get_work@24/?-work_queue,1374.1,1054.3,304.9,325.1,1354.0
3641,137738676395561,1087.8,605.1,350.4,132.3,99.3,501.8,kernel_add_rmsnorm_71@25/0-worker,prepare streams@25/0-worker,1086.0,936.0,603.4,613.2,1064.0
3642,137738682751521,487.1,185.3,270.6,31.2,11.5,346.0,notify_listener@25/0-worker,work_queue::do_work get_work@24/?-work_queue,485.4,346.0,113.7,124.5,469.2
3643,137738688559324,927.8,543.6,346.8,37.4,15.1,776.7,notify_listener@25/0-worker,work_queue::do_work get_work@24/?-work_queue,924.9,776.7,467.0,471.2,906.8
3644,137738694777367,1323.6,464.7,738.8,120.1,74.4,959.9,notify_listener@25/0-worker,work_queue::do_work get_work@24/?-work_queue,1321.8,959.9,265.8,269.6,1300.3
3645,137738701478154,1661.6,583.5,809.0,269.1,155.8,1313.2,notify_listener@25/0-worker,work_queue::do_work get_work@24/?-work_queue,1659.3,1313.2,544.0,549.0,1637.5
3646,137738708442299,1684.4,657.7,833.5,193.2,94.4,1363.3,notify_listener@25/0-worker,work_queue::do_work get_work@24/?-work_queue,1684.1,1363.3,574.3,585.6,1660.3
3647,137738715459069,1668.4,635.3,804.1,229.1,121.9,1310.7,notify_listener@25/0-worker,work_queue::do_work get_work@24/?-work_queue,1666.2,1310.7,556.8,564.8,1645.0
3648,137738722539339,1594.0,608.3,853.3,132.5,80.7,1294.7,notify_listener@25/0-worker,work_queue::do_work get_work@24/?-work_queue,1591.5,1294.7,498.6,508.4,1570.7
3649,137738729453177,1698.2,584.0,894.7,219.5,124.2,1432.0,notify_listener@25/0-worker,work_queue::do_work get_work@24/?-work_queue,1696.3,1432.0,560.6,565.9,1673.6
3650,137738736451995,1023.5,587.6,342.1,93.8,65.3,496.3,kernel_add_rmsnorm_71@25/0-worker,prepare streams@25/0-worker,1021.2,873.3,565.6,571.0,999.0
3651,137738742810226,1342.3,312.3,909.5,120.6,99.1,1099.7,notify_listener@25/0-worker,work_queue::do_work get_work@24/?-work_queue,1340.4,1099.7,237.5,241.8,1324.8
3652,137738749457200,2253.9,1089.1,851.1,313.6,152.4,2068.5,assemble attention plan@24/?-work_queue,Prepare hardware matmul job@24/?-work_queue,2251.4,1370.9,562.1,577.0,2238.4
3653,137738757044310,1231.4,571.3,514.4,145.7,105.8,459.3,kernel_add_rmsnorm_71@25/0-worker,prepare streams@25/0-worker,1229.6,1058.1,566.9,575.9,1215.9
3654,137738763530555,1602.4,607.7,830.1,164.6,97.8,1279.3,notify_listener@25/0-worker,work_queue::do_work get_work@24/?-work_queue,1600.9,1279.3,491.3,503.8,1585.0
3655,137738770445308,1699.5,589.4,904.7,205.4,160.7,1393.4,notify_listener@25/0-worker,work_queue::do_work get_work@24/?-work_queue,1697.5,1393.4,575.4,585.6,1682.8
3656,137738777456465,1670.5,655.2,852.3,163.0,95.0,1346.0,notify_listener@25/0-worker,work_queue::do_work get_work@24/?-work_queue,1668.0,1346.0,575.2,585.5,1652.9
3657,137738784471510,1670.9,609.6,869.4,191.9,153.6,1368.0,notify_listener@25/0-worker,work_queue::do_work get_work@24/?-work_queue,1668.7,1368.0,549.5,553.8,1655.1
3658,137738791464868,2131.1,991.1,796.7,343.4,144.6,1952.7,assemble attention plan@24/?-work_queue,Prepare hardware matmul job@24/?-work_queue,2128.7,1310.6,551.7,557.7,2115.3
3659,137738798917537,1929.8,808.2,856.0,265.7,111.7,985.6,notify_listener@25/0-worker,work_queue::do_work get_work@24/?-work_queue,1927.5,985.6,173.8,178.5,1913.2
3660,137738806171627,1103.7,573.1,406.8,123.8,91.4,491.8,kernel_add_rmsnorm_71@25/0-worker,prepare streams@25/0-worker,1101.7,960.7,595.0,656.6,1086.0
3661,137738812613745,888.9,498.6,356.4,33.8,13.7,732.1,notify_listener@25/0-worker,work_queue::do_work get_work@24/?-work_queue,886.6,732.1,426.1,430.7,871.8
3662,137738818750219,1369.2,452.2,765.4,151.5,94.8,1020.6,notify_listener@25/0-worker,work_queue::do_work get_work@24/?-work_queue,1366.4,1020.6,297.9,304.2,1353.1
3663,137738825415480,1039.8,559.5,337.3,143.1,110.2,461.1,kernel_add_rmsnorm_71@25/0-worker,prepare streams@25/0-worker,1038.3,882.7,573.3,578.7,1022.0
3664,137738831803392,641.1,333.3,276.1,31.7,10.7,595.7,assemble attention plan@24/?-work_queue,Prepare hardware matmul job@24/?-work_queue,638.6,492.9,242.7,247.5,625.2
3665,137738837757352,1383.1,384.5,835.8,162.8,126.4,1078.1,notify_listener@25/0-worker,work_queue::do_work get_work@24/?-work_queue,1381.0,1078.1,289.0,300.6,1365.8
3666,137738844464191,1675.6,597.7,887.0,190.9,98.9,1387.7,notify_listener@25/0-worker,work_queue::do_work get_work@24/?-work_queue,1675.7,1387.7,551.8,564.8,1658.3
3667,137738851473885,1664.2,653.8,809.4,200.9,119.5,1314.8,notify_listener@25/0-worker,work_queue::do_work get_work@24/?-work_queue,1662.3,1314.8,542.0,554.6,1648.0
3668,137738858426931,1702.0,632.4,838.2,231.4,107.3,1386.5,notify_listener@25/0-worker,work_queue::do_work get_work@24/?-work_queue,1699.1,1386.5,588.1,592.6,1685.9
3669,137738865495144,1638.3,580.2,865.1,193.0,141.3,1318.9,notify_listener@25/0-worker,work_queue::do_work get_work@24/?-work_queue,1636.0,1318.9,548.4,553.6,1623.3
3670,137738872439624,1665.0,658.3,764.1,242.6,99.7,1309.3,notify_listener@25/0-worker,work_queue::do_work get_work@24/?-work_queue,1662.5,1309.3,576.2,586.4,1649.2
3671,137738879450861,2387.8,1281.8,828.7,277.3,107.6,1331.8,notify_listener@25/0-worker,work_queue::do_work get_work@24/?-work_queue,2385.9,1331.8,568.5,575.1,2371.9
3672,137738887151386,1152.3,570.1,450.9,131.4,100.2,540.8,kernel_add_rmsnorm_71@25/0-worker,prepare streams@25/0-worker,1149.9,992.4,643.1,659.7,1135.5
3673,137738893646124,803.4,485.1,282.3,36.0,14.6,648.1,notify_listener@25/0-worker,work_queue::do_work get_work@24/?-work_queue,801.3,648.1,394.3,401.8,785.5
3674,137738899803316,2450.5,797.4,752.5,900.6,699.8,960.7,notify_listener@25/0-worker,work_queue::do_work get_work@24/?-work_queue,2448.5,960.7,243.9,247.7,2434.3
3675,137738907571031,2105.9,978.8,806.9,320.3,157.7,1914.7,assemble attention plan@24/?-work_queue,Prepare hardware matmul job@24/?-work_queue,2103.8,1241.5,476.4,484.5,2089.0
3676,137738915073406,1221.8,639.3,452.9,129.6,90.5,496.7,kernel_add_rmsnorm_71@25/0-worker,prepare streams@25/0-worker,1219.5,1057.4,601.0,610.3,1205.0
3677,137738921592690,1561.5,561.7,825.1,174.7,90.9,460.4,kernel_add_rmsnorm_71@25/0-worker,prepare streams@25/0-worker,1559.0,1351.4,553.6,563.8,1544.6
3678,137738928472128,1673.2,614.9,874.4,183.9,88.4,597.6,kernel_add_rmsnorm_71@25/0-worker,prepare streams@25/0-worker,1671.0,1475.3,690.2,701.6,1656.6
3679,137738935475678,1647.7,666.2,797.2,184.3,124.8,1297.6,notify_listener@25/0-worker,work_queue::do_work get_work@24/?-work_queue,1645.6,1297.6,546.3,553.7,1631.0
3680,137738942473335,1634.9,642.4,785.0,207.5,93.5,1301.8,notify_listener@25/0-worker,work_queue::do_work get_work@24/?-work_queue,1633.1,1301.8,544.4,549.2,1618.2
3681,137738949441848,2291.5,1054.3,856.5,380.8,156.3,2107.8,assemble attention plan@24/?-work_queue,Prepare hardware matmul job@24/?-work_queue,2289.2,1383.8,577.4,582.9,2274.0
3682,137738957089027,1160.2,561.0,476.4,122.9,97.6,459.2,kernel_add_rmsnorm_71@25/0-worker,prepare streams@25/0-worker,1158.7,1016.4,559.7,618.6,1144.0
3683,137738963557382,532.0,182.5,299.1,50.3,16.2,488.6,assemble attention plan@24/?-work_queue,Prepare hardware matmul job@24/?-work_queue,529.7,362.9,96.7,107.2,515.5
3684,137738969376005,1067.4,571.7,359.0,136.7,104.4,494.1,kernel_add_rmsnorm_71@25/0-worker,prepare streams@25/0-worker,1065.1,916.0,601.1,615.5,1051.3
3685,137738975836636,1385.9,672.8,578.0,135.1,98.6,583.9,kernel_add_rmsnorm_71@25/0-worker,prepare streams@25/0-worker,1383.6,1243.3,684.1,690.7,1369.6
3686,137738982565630,731.6,168.1,532.0,31.5,12.3,589.1,notify_listener@25/0-worker,work_queue::do_work get_work@24/?-work_queue,729.1,589.1,102.7,110.4,715.1
3687,137738988662437,1503.9,671.3,707.2,125.3,89.7,572.4,kernel_add_rmsnorm_71@25/0-worker,prepare streams@25/0-worker,1501.0,1356.9,663.7,718.0,1486.8
3688,137738995498420,890.7,579.2,254.7,56.8,23.7,494.4,kernel_add_rmsnorm_71@25/0-worker,prepare streams@25/0-worker,888.7,748.5,520.4,536.3,874.7
3689,137739001714139,1411.9,500.9,756.6,154.3,96.4,1080.2,notify_listener@25/0-worker,work_queue::do_work get_work@24/?-work_queue,1409.4,1080.2,327.8,397.1,1394.9
3690,137739008473265,2182.4,1059.1,769.8,353.5,165.0,1989.5,assemble attention plan@24/?-work_queue,Prepare hardware matmul job@24/?-work_queue,2180.2,1300.8,541.7,577.4,2165.2
3691,137739015979369,512.2,187.6,290.9,33.7,13.3,371.8,notify_listener@25/0-worker,work_queue::do_work get_work@24/?-work_queue,510.2,371.8,122.2,141.9,496.1
3692,137739021807718,676.7,301.3,340.8,34.6,10.3,538.4,notify_listener@25/0-worker,work_queue::do_work get_work@24/?-work_queue,674.9,538.4,235.1,239.6,660.2
3693,137739027786934,1390.4,545.7,722.4,122.3,91.6,456.3,kernel_add_rmsnorm_71@25/0-worker,prepare streams@25/0-worker,1388.0,1245.1,549.4,557.9,1373.4
3694,137739034460462,2451.5,1369.2,768.4,313.9,131.5,2291.9,assemble attention plan@24/?-work_queue,Prepare hardware matmul job@24/?-work_queue,2449.0,1264.8,553.7,558.9,2433.7
3695,137739042247909,1867.8,715.2,832.2,320.4,166.2,1375.0,notify_listener@25/0-worker,work_queue::do_work get_work@24/?-work_queue,1865.3,1375.0,568.4,576.3,1852.5
3696,137739049419398,999.7,585.0,288.3,126.4,94.7,500.0,kernel_add_rmsnorm_71@25/0-worker,prepare streams@25/0-worker,997.7,851.4,596.4,605.2,984.2
3697,137739055783304,2211.9,991.7,800.5,419.7,156.0,2029.2,assemble attention plan@24/?-work_queue,Prepare hardware matmul job@24/?-work_queue,2209.0,1327.8,570.6,576.5,2195.5
3698,137739063360788,2354.9,1125.4,884.0,345.5,143.5,2184.6,assemble attention plan@24/?-work_queue,Prepare hardware matmul job@24/?-work_queue,2352.1,1448.2,667.1,670.9,2338.9
3699,137739071069895,1195.7,573.9,468.4,153.4,105.5,506.5,kernel_add_rmsnorm_71@25/0-worker,prepare streams@25/0-worker,1193.1,1046.6,614.5,618.2,1179.6
3700,137739077640724,1489.8,509.8,817.0,163.0,95.9,1201.6,notify_listener@25/0-worker,work_queue::do_work get_work@24/?-work_queue,1487.9,1201.6,423.3,435.2,1474.8
3701,137739084457761,1682.2,597.1,796.8,288.3,161.7,1312.0,notify_listener@25/0-worker,work_queue::do_work get_work@24/?-work_queue,1680.2,1312.0,559.1,565.8,1665.7
3702,137739091428974,1035.4,571.8,345.5,118.2,87.5,496.8,kernel_add_rmsnorm_71@25/0-worker,prepare streams@25/0-worker,1033.1,901.5,589.7,599.8,1019.9
3703,137739097779143,715.9,345.1,327.5,43.3,14.7,570.7,notify_listener@25/0-worker,work_queue::do_work get_work@24/?-work_queue,713.9,570.7,262.8,271.8,699.0
3704,137739103843515,1891.9,712.0,863.3,316.6,170.0,1694.4,assemble attention plan@24/?-work_queue,Prepare hardware matmul job@24/?-work_queue,1889.8,1036.8,214.4,223.0,1875.3
3705,137739111118848,1249.5,619.1,436.7,193.7,97.0,534.4,kernel_add_rmsnorm_71@25/0-worker,prepare streams@25/0-worker,1247.5,1037.4,633.8,638.1,1233.1
3706,137739117690543,1409.0,527.3,741.8,139.9,78.0,1055.5,notify_listener@25/0-worker,work_queue::do_work get_work@24/?-work_queue,1406.4,1055.5,357.0,365.9,1393.2
3707,137739124485768,2557.4,1212.7,890.4,454.4,176.3,1615.8,notify_listener@25/0-worker,work_queue::do_work get_work@24/?-work_queue,2555.3,1615.8,752.1,756.0,2540.2
3708,137739132412305,1692.8,649.3,873.8,169.8,101.7,1360.5,notify_listener@25/0-worker,work_queue::do_work get_work@24/?-work_queue,1690.4,1360.5,602.3,614.4,1677.3
3709,137739139482865,1665.4,628.0,808.7,228.7,126.5,1404.3,notify_listener@25/0-worker,work_queue::do_work get_work@24/?-work_queue,1663.2,1404.3,614.4,624.7,1648.3
3710,137739146542684,706.2,161.6,515.5,29.1,10.6,668.5,assemble attention plan@24/?-work_queue,Prepare hardware matmul job@24/?-work_queue,704.6,567.9,89.3,100.4,689.0
3711,137739152585992,1547.6,518.9,848.0,180.6,143.8,1261.4,notify_listener@25/0-worker,work_queue::do_work get_work@24/?-work_queue,1545.8,1261.4,467.9,479.8,1532.4
3712,137739159468489,2156.1,994.8,775.6,385.6,153.4,1976.1,assemble attention plan@24/?-work_queue,Prepare hardware matmul job@24/?-work_queue,2153.6,1327.2,593.2,606.2,2139.9
3713,137739167006782,1190.1,479.6,668.9,41.6,16.7,1040.2,notify_listener@25/0-worker,work_queue::do_work get_work@24/?-work_queue,1187.9,1040.2,418.6,491.8,1173.7
3714,137739173544915,1586.0,634.0,786.9,165.1,101.0,1232.5,notify_listener@25/0-worker,work_queue::do_work get_work@24/?-work_queue,1583.4,1232.5,478.8,486.0,1569.7
3715,137739180492040,2548.4,1042.4,898.0,608.1,316.0,2205.8,assemble attention plan@24/?-work_queue,Prepare hardware matmul job@24/?-work_queue,2545.7,1442.0,611.6,628.1,2532.2
3716,137739188434335,2280.6,1054.5,778.5,447.6,172.7,2080.3,assemble attention plan@24/?-work_queue,Prepare hardware matmul job@24/?-work_queue,2278.5,1326.1,581.2,587.1,2264.2
3717,137739196011574,1231.7,592.0,520.5,119.2,89.0,509.5,kernel_add_rmsnorm_71@25/0-worker,prepare streams@25/0-worker,1229.0,1095.1,599.9,603.5,1215.8
3718,137739202568896,1561.1,535.9,842.9,182.3,136.8,1256.8,notify_listener@25/0-worker,work_queue::do_work get_work@24/?-work_queue,1559.5,1256.8,464.8,471.1,1545.6
3719,137739209440419,1709.9,658.4,907.1,144.5,116.9,586.6,kernel_add_rmsnorm_71@25/0-worker,prepare streams@25/0-worker,1707.9,1570.0,716.9,726.1,1694.3
3720,137739216491104,1647.2,607.6,867.3,172.3,145.8,1372.0,notify_listener@25/0-worker,work_queue::do_work get_work@24/?-work_queue,1645.6,1372.0,540.1,543.6,1631.5
3721,137739223494973,2241.4,1055.4,805.8,380.2,153.4,2060.4,assemble attention plan@24/?-work_queue,Prepare hardware matmul job@24/?-work_queue,2239.0,1386.8,613.5,619.7,2224.6
3722,137739231150674,1928.7,838.4,828.9,261.5,119.8,1438.4,notify_listener@25/0-worker,work_queue::do_work get_work@24/?-work_queue,1927.1,1438.4,658.0,664.2,1912.5
3723,137739238431643,2585.6,1303.7,853.0,428.9,166.9,2386.3,assemble attention plan@24/?-work_queue,Prepare hardware matmul job@24/?-work_queue,2583.5,1681.2,872.1,877.1,2563.2
3724,137739246370255,1758.1,666.0,811.2,280.9,127.6,1447.2,notify_listener@25/0-worker,work_queue::do_work get_work@24/?-work_queue,1756.7,1447.2,661.2,685.4,1742.4
3725,137739253511094,1672.1,852.0,685.9,134.3,94.0,634.1,kernel_add_rmsnorm_71@25/0-worker,prepare streams@25/0-worker,1669.5,1531.1,879.3,884.2,1654.8
3726,137739260545181,2370.7,1120.9,827.1,422.7,143.8,1470.7,notify_listener@25/0-worker,work_queue::do_work get_work@24/?-work_queue,2369.1,1470.7,689.7,696.3,2355.0
3727,137739268294074,1019.6,601.0,281.4,137.2,106.0,504.4,kernel_add_rmsnorm_71@25/0-worker,prepare streams@25/0-worker,1017.4,877.4,612.9,674.2,1003.9
3728,137739274669308,1459.7,385.9,889.6,184.2,128.8,1140.3,notify_listener@25/0-worker,work_queue::do_work get_work@24/?-work_queue,1457.1,1140.3,379.5,397.1,1443.1
3729,137739281496175,1623.5,702.0,780.9,140.6,74.9,1287.1,notify_listener@25/0-worker,work_queue::do_work get_work@24/?-work_queue,1621.4,1287.1,527.9,540.2,1606.8
3730,137739288485207,1631.8,660.5,795.8,175.5,111.3,1282.4,notify_listener@25/0-worker,work_queue::do_work get_work@24/?-work_queue,1629.6,1282.4,538.5,545.5,1614.9
3731,137739295496716,1008.0,630.4,341.3,36.3,15.0,967.0,assemble attention plan@24/?-work_queue,Prepare hardware matmul job@24/?-work_queue,1005.9,855.9,545.0,550.1,992.2
3732,137739301841584,617.8,296.3,284.3,37.2,12.4,470.3,notify_listener@25/0-worker,work_queue::do_work get_work@24/?-work_queue,615.2,470.3,224.9,229.6,601.6
3733,137739307802830,2246.5,1131.5,833.0,282.0,111.7,525.6,kernel_add_rmsnorm_71@25/0-worker,prepare streams@25/0-worker,2244.1,1413.8,638.6,642.8,2229.8
3734,137739315397728,814.1,183.0,594.7,36.3,14.9,669.4,notify_listener@25/0-worker,work_queue::do_work get_work@24/?-work_queue,812.0,669.4,115.4,119.2,797.6
3735,137739321552129,1563.8,617.4,801.1,145.3,88.6,1266.6,notify_listener@25/0-worker,work_queue::do_work get_work@24/?-work_queue,1561.4,1266.6,503.2,515.9,1548.5
3736,137739328469504,2230.4,1060.7,854.6,315.1,141.1,1377.9,notify_listener@25/0-worker,work_queue::do_work get_work@24/?-work_queue,2227.9,1377.9,569.6,576.7,2208.3
3737,137739336077951,2004.5,938.1,813.1,253.2,101.1,1384.2,notify_listener@25/0-worker,work_queue::do_work get_work@24/?-work_queue,2002.2,1384.2,609.1,616.3,1983.3
3738,137739343437963,1696.0,647.0,800.0,249.0,130.4,1362.2,notify_listener@25/0-worker,work_queue::do_work get_work@24/?-work_queue,1693.9,1362.2,591.7,602.4,1671.6
3739,137739350493869,2134.5,1031.6,820.4,282.6,142.4,1958.8,assemble attention plan@24/?-work_queue,Prepare hardware matmul job@24/?-work_queue,2132.7,1277.2,548.8,552.7,2111.6
3740,137739358045812,2373.4,1006.9,927.5,439.0,165.2,2174.7,assemble attention plan@24/?-work_queue,Prepare hardware matmul job@24/?-work_queue,2371.6,1495.1,615.9,628.0,2350.9
3741,137739365811668,1844.6,749.7,790.0,304.9,144.6,1668.1,assemble attention plan@24/?-work_queue,Prepare hardware matmul job@24/?-work_queue,1842.7,981.2,233.8,240.0,1823.3
3742,137739373007171,2047.2,957.8,809.9,279.5,124.4,1349.6,notify_listener@25/0-worker,work_queue::do_work get_work@24/?-work_queue,2045.6,1349.6,573.1,576.8,2025.2
3743,137739380430907,1688.8,716.3,831.4,141.1,83.7,1364.1,notify_listener@25/0-worker,work_queue::do_work get_work@24/?-work_queue,1685.8,1364.1,591.4,598.4,1664.4
3744,137739387471669,1673.2,634.5,863.0,175.7,115.0,1374.9,notify_listener@25/0-worker,work_queue::do_work get_work@24/?-work_queue,1671.5,1374.9,551.3,557.4,1652.3
3745,137739394479092,1647.9,634.8,839.3,173.8,120.1,1310.1,notify_listener@25/0-worker,work_queue::do_work get_work@24/?-work_queue,1645.5,1310.1,546.1,549.9,1630.8
3746,137739401503450,1635.6,600.2,845.9,189.6,147.3,1330.6,notify_listener@25/0-worker,work_queue::do_work get_work@24/?-work_queue,1633.6,1330.6,537.5,544.7,1615.0
3747,137739408499945,1614.2,718.6,744.9,150.6,94.6,1252.2,notify_listener@25/0-worker,work_queue::do_work get_work@24/?-work_queue,1612.3,1252.2,540.1,553.0,1598.2
3748,137739415521396,927.7,556.1,333.9,37.6,11.4,883.8,assemble attention plan@24/?-work_queue,Prepare hardware matmul job@24/?-work_queue,924.7,773.3,519.3,523.3,911.2
3749,137739421817623,497.2,172.8,294.6,29.8,10.7,456.3,assemble attention plan@24/?-work_queue,Prepare hardware matmul job@24/?-work_queue,495.1,348.8,100.1,106.8,481.3
3750,137739427702426,809.6,411.8,349.6,48.3,19.0,763.1,assemble attention plan@24/?-work_queue,Prepare hardware matmul job@24/?-work_queue,807.6,653.6,345.4,350.7,792.2
3751,137739433866174,1266.5,330.9,801.6,134.0,84.7,949.4,notify_listener@25/0-worker,work_queue::do_work get_work@24/?-work_queue,1265.0,949.4,190.0,204.7,1248.5
3752,137739440508247,1597.2,733.2,668.7,195.3,106.7,1241.2,notify_listener@25/0-worker,work_queue::do_work get_work@24/?-work_queue,1594.9,1241.2,507.5,581.2,1581.3
3753,137739447522152,1620.4,564.4,950.8,105.2,84.6,1400.5,notify_listener@25/0-worker,work_queue::do_work get_work@24/?-work_queue,1617.6,1400.5,515.0,520.1,1604.1
3754,137739454491959,1636.4,597.1,795.7,243.6,144.6,1292.8,notify_listener@25/0-worker,work_queue::do_work get_work@24/?-work_queue,1634.0,1292.8,525.9,531.7,1620.4
3755,137739461531824,1587.8,626.7,805.8,155.3,90.7,1257.5,notify_listener@25/0-worker,work_queue::do_work get_work@24/?-work_queue,1585.2,1257.5,489.4,505.0,1570.0
3756,137739468497774,2175.3,1005.5,858.4,311.4,134.2,1335.0,notify_listener@25/0-worker,work_queue::do_work get_work@24/?-work_queue,2172.9,1335.0,519.0,524.3,2159.5
3757,137739476083233,1037.9,635.3,270.9,131.7,93.1,558.3,kernel_add_rmsnorm_71@25/0-worker,prepare streams@25/0-worker,1035.8,882.0,653.6,666.4,1020.7
3758,137739482453750,1681.3,622.2,821.3,237.8,133.6,1330.9,notify_listener@25/0-worker,work_queue::do_work get_work@24/?-work_queue,1679.4,1330.9,562.4,568.0,1664.7
3759,137739489502153,1624.3,647.8,819.1,157.5,92.3,1285.7,notify_listener@25/0-worker,work_queue::do_work get_work@24/?-work_queue,1622.2,1285.7,520.7,530.9,1607.8
3760,137739496462567,1674.2,628.7,796.2,249.3,119.6,1377.0,notify_listener@25/0-worker,work_queue::do_work get_work@24/?-work_queue,1671.5,1377.0,635.6,640.0,1658.1
3761,137739503462264,2301.2,1118.5,898.0,284.7,140.7,2134.5,assemble attention plan@24/?-work_queue,Prepare hardware matmul job@24/?-work_queue,2299.8,1364.2,562.4,571.4,2285.7
3762,137739511128211,1177.3,613.4,405.3,158.6,111.8,576.1,kernel_add_rmsnorm_71@25/0-worker,prepare streams@25/0-worker,1174.9,1016.3,690.3,698.4,1160.9
3763,137739517733059,1396.1,714.3,525.0,156.8,91.5,1083.6,notify_listener@25/0-worker,work_queue::do_work get_work@24/?-work_queue,1394.3,1083.6,310.7,616.9,1379.6
3764,137739524538557,738.4,191.9,506.7,39.8,12.5,589.7,notify_listener@25/0-worker,work_queue::do_work get_work@24/?-work_queue,735.9,589.7,116.7,126.9,721.7
3765,137739530689821,1463.7,585.1,755.3,123.3,96.3,494.9,kernel_add_rmsnorm_71@25/0-worker,prepare streams@25/0-worker,1461.0,1324.5,592.9,648.7,1447.7
3766,137739537513931,911.6,587.9,274.0,49.6,14.4,763.4,notify_listener@25/0-worker,work_queue::do_work get_work@24/?-work_queue,911.7,763.4,510.7,516.7,908.0
3767,137739543845953,1351.0,567.0,660.6,123.4,94.2,483.3,kernel_add_rmsnorm_71@25/0-worker,prepare streams@25/0-worker,1348.7,1207.5,578.8,582.7,1334.4
3768,137739550535426,1595.9,561.5,788.4,246.0,112.2,1311.3,notify_listener@25/0-worker,work_queue::do_work get_work@24/?-work_queue,1593.7,1311.3,562.5,574.2,1579.1
3769,137739557517748,1594.0,687.2,773.9,132.9,75.0,1257.4,notify_listener@25/0-worker,work_queue::do_work get_work@24/?-work_queue,1591.9,1257.4,521.4,531.4,1577.6
3770,137739564503039,1637.4,623.8,919.7,93.9,72.7,1435.0,notify_listener@25/0-worker,work_queue::do_work get_work@24/?-work_queue,1635.6,1435.0,536.6,544.3,1622.9
3771,137739571508674,1606.8,661.1,786.4,159.3,100.3,1257.3,notify_listener@25/0-worker,work_queue::do_work get_work@24/?-work_queue,1604.5,1257.3,512.1,526.3,1589.6
3772,137739578536666,1615.3,615.8,810.4,189.1,133.8,1272.1,notify_listener@25/0-worker,work_queue::do_work get_work@24/?-work_queue,1612.6,1272.1,502.2,508.6,1597.4
3773,137739585511135,2140.9,1034.3,810.2,296.3,135.6,1978.7,assemble attention plan@24/?-work_queue,Prepare hardware matmul job@24/?-work_queue,2138.5,1282.1,525.7,533.9,2124.8
3774,137739593032394,2006.0,1182.0,277.0,547.0,307.3,949.0,notify_listener@25/0-worker,work_queue::do_work get_work@24/?-work_queue,2004.4,949.0,705.3,709.0,1991.1
3775,137739600403143,1694.5,700.9,769.2,224.4,100.6,506.3,kernel_add_rmsnorm_71@25/0-worker,prepare streams@25/0-worker,1692.3,1348.3,609.7,616.4,1678.0
3776,137739607470784,2253.6,1044.6,854.7,354.3,144.2,1328.7,notify_listener@25/0-worker,work_queue::do_work get_work@24/?-work_queue,2251.3,1328.7,549.3,564.1,2237.7
3777,137739615128854,1964.2,927.9,787.8,248.5,95.9,719.5,kernel_add_rmsnorm_71@25/0-worker,prepare streams@25/0-worker,1962.0,1584.3,817.9,824.0,1948.3
3778,137739622451149,1067.7,622.5,409.3,36.0,10.4,927.0,notify_listener@25/0-worker,work_queue::do_work get_work@24/?-work_queue,1065.5,927.0,588.3,604.0,1051.9
3779,137739628854302,2008.6,734.2,811.8,462.6,304.2,1677.2,assemble attention plan@24/?-work_queue,Prepare hardware matmul job@24/?-work_queue,2006.1,962.8,205.8,214.7,1992.5
3780,137739636289050,1106.5,626.1,333.6,146.8,107.3,544.5,kernel_add_rmsnorm_71@25/0-worker,prepare streams@25/0-worker,1103.4,961.4,653.9,657.2,1090.5
3781,137739642775506,2495.1,1008.5,1039.0,447.6,135.5,2334.6,assemble attention plan@24/?-work_queue,Prepare hardware matmul job@24/?-work_queue,2492.8,1664.1,821.0,826.0,2479.5
3782,137739650665231,1475.7,461.8,806.1,207.8,185.6,1141.7,notify_listener@25/0-worker,work_queue::do_work get_work@24/?-work_queue,1473.0,1141.7,380.4,396.1,1459.1
3783,137739657475154,1647.9,641.7,827.9,178.3,99.6,1331.8,notify_listener@25/0-worker,work_queue::do_work get_work@24/?-work_queue,1645.9,1331.8,546.9,555.6,1632.4
3784,137739664509822,1632.7,631.9,753.6,247.2,135.0,1363.9,notify_listener@25/0-worker,work_queue::do_work get_work@24/?-work_queue,1630.2,1363.9,630.4,635.4,1616.9
3785,137739671495500,2212.7,1065.7,853.7,293.3,147.8,2036.5,assemble attention plan@24/?-work_queue,Prepare hardware matmul job@24/?-work_queue,2210.4,1339.3,554.9,561.7,2195.6
3786,137739679134760,1018.9,181.7,792.2,45.0,21.2,863.4,notify_listener@25/0-worker,work_queue::do_work get_work@24/?-work_queue,1017.1,863.4,118.7,127.6,1002.9
3787,137739685534978,1601.2,569.1,839.6,192.6,167.1,1304.9,notify_listener@25/0-worker,work_queue::do_work get_work@24/?-work_queue,1599.5,1304.9,504.0,507.6,1586.5
3788,137739692516273,2169.7,1027.0,798.9,343.7,163.5,1980.3,assemble attention plan@24/?-work_queue,Prepare hardware matmul job@24/?-work_queue,2168.1,1274.0,504.0,508.5,2154.3
3789,137739700095759,1058.4,174.7,849.0,34.6,10.5,1016.6,assemble attention plan@24/?-work_queue,Prepare hardware matmul job@24/?-work_queue,1051.3,913.6,114.3,164.0,1038.0
3790,137739706522218,975.8,593.5,348.1,34.2,14.8,831.0,notify_listener@25/0-worker,work_queue::do_work get_work@24/?-work_queue,969.3,831.0,512.8,521.6,955.9
3791,137739712852448,1279.6,303.3,835.3,141.1,87.5,989.6,notify_listener@25/0-worker,work_queue::do_work get_work@24/?-work_queue,1277.3,989.6,202.9,210.6,1257.3
3792,137739719516962,2168.4,1021.9,814.5,332.0,146.7,1988.7,assemble attention plan@24/?-work_queue,Prepare hardware matmul job@24/?-work_queue,2165.9,1278.9,501.3,507.4,2145.2
3793,137739727146530,1142.9,629.1,380.5,133.3,98.1,554.8,kernel_add_rmsnorm_71@25/0-worker,prepare streams@25/0-worker,1141.2,995.8,665.2,685.2,1119.3
3794,137739733730641,1399.4,425.1,801.4,172.9,123.0,1076.3,notify_listener@25/0-worker,work_queue::do_work get_work@24/?-work_queue,1397.8,1076.3,315.0,325.9,1375.3
3795,137739740555502,860.2,554.0,267.9,38.4,16.3,811.5,assemble attention plan@24/?-work_queue,Prepare hardware matmul job@24/?-work_queue,857.4,709.9,474.9,479.0,837.3
3796,137739746862825,2188.0,1094.1,815.8,278.1,119.4,1398.4,notify_listener@25/0-worker,work_queue::do_work get_work@24/?-work_queue,2186.4,1398.4,646.5,652.9,2165.0
3797,137739754409222,2383.6,1074.7,965.7,343.2,147.0,2204.0,assemble attention plan@24/?-work_queue,Prepare hardware matmul job@24/?-work_queue,2381.2,1487.6,608.5,642.5,2361.5
3798,137739762173222,1149.7,620.8,404.7,124.2,88.6,642.7,kernel_add_rmsnorm_71@25/0-worker,prepare streams@25/0-worker,1147.4,1000.3,733.6,737.2,1128.5
3799,137739768712839,769.2,405.2,338.6,25.4,8.5,731.6,assemble attention plan@24/?-work_queue,Prepare hardware matmul job@24/?-work_queue,767.4,627.0,328.2,332.5,750.3
3800,137739774854185,601.4,280.6,286.4,34.5,13.2,447.9,notify_listener@25/0-worker,work_queue::do_work get_work@24/?-work_queue,599.2,447.9,199.1,203.0,576.3
3801,137739780797734,705.6,332.5,338.0,35.1,10.7,660.8,assemble attention plan@24/?-work_queue,Prepare hardware matmul job@24/?-work_queue,703.1,559.4,255.2,260.4,687.9
3802,137739786863174,645.0,276.5,335.4,33.1,12.7,495.4,notify_listener@25/0-worker,work_queue::do_work get_work@24/?-work_queue,642.3,495.4,190.9,194.6,628.5
3803,137739792807202,1855.1,756.0,799.0,300.1,148.7,1673.4,assemble attention plan@24/?-work_queue,Prepare hardware matmul job@24/?-work_queue,1853.0,1002.1,239.7,245.1,1838.8
3804,137739800069395,2309.3,986.8,908.2,414.3,147.6,2128.9,assemble attention plan@24/?-work_queue,Prepare hardware matmul job@24/?-work_queue,2306.6,1468.3,587.9,591.3,2292.6
3805,137739807790694,1329.0,394.4,793.8,140.9,90.1,1013.8,notify_listener@25/0-worker,work_queue::do_work get_work@24/?-work_queue,1326.6,1013.8,260.6,266.3,1311.1
3806,137739814549479,1585.9,617.1,787.7,181.1,125.3,1259.2,notify_listener@25/0-worker,work_queue::do_work get_work@24/?-work_queue,1583.2,1259.2,494.7,505.1,1569.6
3807,137739821568550,1553.7,624.6,800.8,128.3,69.7,1217.9,notify_listener@25/0-worker,work_queue::do_work get_work@24/?-work_queue,1551.6,1217.9,469.9,473.9,1537.1
3808,137739828503780,2272.8,1088.6,800.6,383.5,158.0,2088.2,assemble attention plan@24/?-work_queue,Prepare hardware matmul job@24/?-work_queue,2270.9,1288.2,526.9,532.0,2256.5
3809,137739836164241,1118.6,579.5,407.0,132.2,99.5,502.0,kernel_add_rmsnorm_71@25/0-worker,prepare streams@25/0-worker,1116.3,965.5,603.0,620.7,1102.3
3810,137739842666790,802.3,452.7,308.0,41.6,13.9,651.3,notify_listener@25/0-worker,work_queue::do_work get_work@24/?-work_queue,800.0,651.3,383.7,388.2,785.7
3811,137739848842863,667.7,296.3,333.6,37.8,17.0,623.4,assemble attention plan@24/?-work_queue,Prepare hardware matmul job@24/?-work_queue,665.3,511.6,203.6,210.2,650.7
3812,137739854911163,2485.0,1386.1,673.6,425.3,137.1,1520.8,notify_listener@25/0-worker,work_queue::do_work get_work@24/?-work_queue,2483.4,1520.8,625.7,916.3,2469.7
3813,137739862801693,1378.4,635.5,621.5,121.3,87.7,502.9,kernel_add_rmsnorm_71@25/0-worker,prepare streams@25/0-worker,1376.2,1238.1,592.1,655.5,1363.0
3814,137739869539443,2200.6,1090.6,801.7,308.3,157.2,2017.1,assemble attention plan@24/?-work_queue,Prepare hardware matmul job@24/?-work_queue,2198.1,1309.5,502.8,513.7,2184.4
3815,137739877274668,1032.8,589.1,311.2,132.6,101.5,502.5,kernel_add_rmsnorm_71@25/0-worker,prepare streams@25/0-worker,1030.5,881.8,606.1,610.1,1017.1
3816,137739883681157,729.7,437.2,260.7,31.8,14.4,581.7,notify_listener@25/0-worker,work_queue::do_work get_work@24/?-work_queue,727.7,581.7,362.9,369.4,713.6
3817,137739889848522,1280.7,325.5,823.0,132.1,74.8,969.8,notify_listener@25/0-worker,work_queue::do_work get_work@24/?-work_queue,1278.1,969.8,197.8,201.6,1265.1
3818,137739896506552,1613.3,674.2,777.7,161.5,103.4,1268.7,notify_listener@25/0-worker,work_queue::do_work get_work@24/?-work_queue,1610.9,1268.7,524.6,534.3,1597.3
3819,137739903490820,2237.8,1075.7,856.8,305.4,164.9,2046.8,assemble attention plan@24/?-work_queue,Prepare hardware matmul job@24/?-work_queue,2235.4,1294.0,550.9,556.1,2221.7
3820,137739911178599,1906.2,806.0,798.9,301.3,126.2,1388.6,notify_listener@25/0-worker,work_queue::do_work get_work@24/?-work_queue,1904.3,1388.6,645.9,661.0,1889.8
3821,137739918485572,1169.7,677.2,353.5,139.0,103.6,585.9,kernel_add_rmsnorm_71@25/0-worker,prepare streams@25/0-worker,1167.6,1004.1,692.3,699.3,1153.4
3822,137739925009122,1267.5,652.9,483.9,130.7,100.0,538.3,kernel_add_rmsnorm_71@25/0-worker,prepare streams@25/0-worker,1265.9,1096.2,639.7,646.6,1252.7
3823,137739931674991,1530.2,621.8,776.4,132.0,99.4,484.0,kernel_add_rmsnorm_71@25/0-worker,prepare streams@25/0-worker,1528.6,1335.5,585.0,590.3,1515.0
3824,137739938670021,2248.0,1161.2,724.9,361.9,152.0,2069.5,assemble attention plan@24/?-work_queue,Prepare hardware matmul job@24/?-work_queue,2245.8,1128.4,375.8,462.5,2231.7
3825,137739946345128,1049.0,652.4,262.1,134.5,100.9,487.1,kernel_add_rmsnorm_71@25/0-worker,prepare streams@25/0-worker,1047.1,899.8,590.7,672.6,1033.1
3826,137739952778927,587.5,182.9,367.3,37.3,15.5,434.8,notify_listener@25/0-worker,work_queue::do_work get_work@24/?-work_queue,585.6,434.8,106.4,110.6,572.7
3827,137739958728289,1416.2,566.6,700.7,148.9,81.8,470.6,kernel_add_rmsnorm_71@25/0-worker,prepare streams@25/0-worker,1413.2,1236.4,553.9,561.9,1398.7
3828,137739965525165,2412.0,1050.7,934.5,426.7,162.7,2223.0,assemble attention plan@24/?-work_queue,Prepare hardware matmul job@24/?-work_queue,2409.8,1497.5,653.9,658.3,2396.3
3829,137739973344994,2520.5,1239.3,885.5,395.6,171.7,2323.6,assemble attention plan@24/?-work_queue,Prepare hardware matmul job@24/?-work_queue,2517.9,1528.1,671.1,676.9,2505.1
3830,137739981296917,1083.8,583.4,369.1,131.2,100.5,489.8,kernel_add_rmsnorm_71@25/0-worker,prepare streams@25/0-worker,1081.3,923.0,593.1,597.3,1067.6
3831,137739987770165,724.6,346.2,344.2,34.1,9.5,688.5,assemble attention plan@24/?-work_queue,Prepare hardware matmul job@24/?-work_queue,722.4,584.0,277.0,281.9,708.0
3832,137739993888809,1254.3,265.3,828.1,160.9,137.5,983.8,notify_listener@25/0-worker,work_queue::do_work get_work@24/?-work_queue,1251.3,983.8,211.7,216.7,1237.5
3833,137740000548442,3515.3,2355.1,960.8,199.5,101.0,2419.8,notify_listener@25/0-worker,work_queue::do_work get_work@24/?-work_queue,3509.2,2419.8,1559.6,1572.2,3495.7
3834,137740009622242,1526.1,495.3,919.5,111.3,91.0,1292.5,notify_listener@25/0-worker,work_queue::do_work get_work@24/?-work_queue,1522.7,1292.5,418.1,436.2,1505.0
3835,137740016671361,2382.6,1102.6,849.5,430.5,161.1,1422.0,notify_listener@25/0-worker,work_queue::do_work get_work@24/?-work_queue,2379.9,1422.0,610.4,623.1,2354.3
3836,137740024537407,895.1,580.4,285.4,29.3,10.1,747.8,notify_listener@25/0-worker,work_queue::do_work get_work@24/?-work_queue,893.0,747.8,507.9,513.2,870.1
3837,137740030825861,1400.6,641.0,632.5,127.1,95.4,559.4,kernel_add_rmsnorm_71@25/0-worker,prepare streams@25/0-worker,1398.9,1244.7,656.5,665.8,1374.2
3838,137740037643346,800.4,434.5,332.5,33.4,10.4,760.2,assemble attention plan@24/?-work_queue,Prepare hardware matmul job@24/?-work_queue,798.3,657.1,401.1,411.9,780.8
3839,137740043841584,1303.1,304.1,794.2,204.8,146.9,959.6,notify_listener@25/0-worker,work_queue::do_work get_work@24/?-work_queue,1301.6,959.6,209.7,214.6,1286.8
3840,137740050555790,1613.4,633.4,842.8,137.1,96.5,626.9,kernel_add_rmsnorm_71@25/0-worker,prepare streams@25/0-worker,1611.1,1459.2,726.0,735.5,1596.2
3841,137740057576447,2195.2,1000.7,853.1,341.4,140.3,1276.7,notify_listener@25/0-worker,work_queue::do_work get_work@24/?-work_queue,2193.1,1276.7,468.5,473.1,2177.4
3842,137740065143031,1200.3,680.1,395.3,124.8,95.1,618.7,kernel_add_rmsnorm_71@25/0-worker,prepare streams@25/0-worker,1198.2,1054.6,716.3,726.8,1183.7
3843,137740071822519,1336.0,296.3,953.8,85.9,58.1,1131.1,notify_listener@25/0-worker,work_queue::do_work get_work@24/?-work_queue,1333.7,1131.1,233.2,237.6,1318.6
3844,137740078607832,1521.0,523.0,851.8,146.2,95.0,1194.4,notify_listener@25/0-worker,work_queue::do_work get_work@24/?-work_queue,1518.9,1194.4,430.9,436.5,1504.6
3845,137740085544312,2533.2,1243.5,990.7,299.1,140.4,1716.5,notify_listener@25/0-worker,work_queue::do_work get_work@24/?-work_queue,2530.9,1716.5,794.1,798.5,2517.2
3846,137740093495414,941.5,590.7,313.7,37.1,11.6,795.0,notify_listener@25/0-worker,work_queue::do_work get_work@24/?-work_queue,939.2,795.0,544.6,556.7,924.5
3847,137740099827083,677.0,295.2,333.0,48.8,15.4,524.1,notify_listener@25/0-worker,work_queue::do_work get_work@24/?-work_queue,675.2,524.1,218.2,222.2,661.2
3848,137740105915184,635.8,221.1,373.8,41.0,11.7,488.1,notify_listener@25/0-worker,work_queue::do_work get_work@24/?-work_queue,633.7,488.1,176.6,181.5,620.3
3849,137740111886176,1256.3,261.1,808.7,186.5,127.0,926.7,notify_listener@25/0-worker,work_queue::do_work get_work@24/?-work_queue,1254.4,926.7,161.4,171.5,1239.4
3850,137740118550311,2162.1,1062.2,813.2,286.7,138.7,1997.2,assemble attention plan@24/?-work_queue,Prepare hardware matmul job@24/?-work_queue,2159.9,1251.4,471.2,485.3,2145.8
3851,137740126135228,1191.1,591.6,474.7,124.8,85.1,507.0,kernel_add_rmsnorm_71@25/0-worker,prepare streams@25/0-worker,1189.3,1037.5,594.7,598.7,1175.2
3852,137740132692213,1429.1,477.6,793.2,158.4,92.7,1062.3,notify_listener@25/0-worker,work_queue::do_work get_work@24/?-work_queue,1427.4,1062.3,354.2,360.1,1413.4
3853,137740139473382,1677.0,649.5,846.3,181.2,113.3,578.5,kernel_add_rmsnorm_71@25/0-worker,prepare streams@25/0-worker,1675.3,1493.7,694.9,712.7,1661.8
3854,137740146645462,1491.7,492.2,835.0,164.6,107.1,1193.7,notify_listener@25/0-worker,work_queue::do_work get_work@24/?-work_queue,1489.9,1193.7,404.0,415.0,1475.5
3855,137740153537588,1613.5,661.5,817.7,134.3,93.2,536.6,kernel_add_rmsnorm_71@25/0-worker,prepare streams@25/0-worker,1611.7,1457.5,632.2,684.0,1597.4
3856,137740160596829,917.3,520.4,367.2,29.6,10.0,881.1,assemble attention plan@24/?-work_queue,Prepare hardware matmul job@24/?-work_queue,914.4,775.6,450.1,458.7,901.1
3857,137740166906350,1795.7,686.3,806.3,303.2,145.2,1623.4,assemble attention plan@24/?-work_queue,Prepare hardware matmul job@24/?-work_queue,1792.3,937.3,183.1,194.7,1779.1
3858,137740174112075,1164.0,569.8,469.0,125.2,91.2,492.2,kernel_add_rmsnorm_71@25/0-worker,prepare streams@25/0-worker,1161.8,1017.0,586.2,594.0,1147.3
3859,137740180666355,786.8,461.5,285.2,40.1,16.3,743.9,assemble attention plan@24/?-work_queue,Prepare hardware matmul job@24/?-work_queue,784.1,635.0,374.3,381.0,770.5
3860,137740186895823,1225.3,298.6,792.5,134.1,83.2,927.6,notify_listener@25/0-worker,work_queue::do_work get_work@24/?-work_queue,1223.3,927.6,167.9,174.4,1209.8
3861,137740193517266,1635.8,696.6,801.1,138.1,91.1,625.5,kernel_add_rmsnorm_71@25/0-worker,prepare streams@25/0-worker,1633.7,1475.0,718.7,735.1,1618.7
3862,137740200547890,1565.1,612.5,804.6,148.1,88.6,1252.2,notify_listener@25/0-worker,work_queue::do_work get_work@24/?-work_queue,1563.0,1252.2,473.7,477.8,1548.8
3863,137740207477631,2254.2,1125.9,808.6,319.7,141.6,2085.9,assemble attention plan@24/?-work_queue,Prepare hardware matmul job@24/?-work_queue,2251.9,1310.0,560.9,572.5,2237.8
3864,137740215142533,1120.4,583.6,418.8,118.0,87.1,496.9,kernel_add_rmsnorm_71@25/0-worker,prepare streams@25/0-worker,1118.2,976.3,586.7,600.6,1103.5
3865,137740221625894,1822.0,688.3,820.8,312.8,150.0,1645.1,assemble attention plan@24/?-work_queue,Prepare hardware matmul job@24/?-work_queue,1820.3,888.0,103.6,109.2,1805.0
3866,137740228895808,1338.9,625.1,589.9,123.9,91.7,628.6,kernel_add_rmsnorm_71@25/0-worker,prepare streams@25/0-worker,1337.2,1195.3,721.9,725.9,1323.5
3867,137740235599270,2099.3,978.3,775.5,345.5,150.8,1922.4,assemble attention plan@24/?-work_queue,Prepare hardware matmul job@24/?-work_queue,2097.3,1180.6,446.3,455.0,2083.4
3868,137740243129561,2245.1,1023.4,868.1,353.6,113.6,2105.4,assemble attention plan@24/?-work_queue,Prepare hardware matmul job@24/?-work_queue,2243.2,1502.1,671.2,676.7,2229.0
3869,137740250816244,941.0,493.3,312.1,135.6,98.0,449.6,kernel_add_rmsnorm_71@25/0-worker,prepare streams@25/0-worker,939.3,798.3,549.3,557.7,925.1
3870,137740257209344,1154.3,669.3,338.6,146.4,103.6,578.2,kernel_add_rmsnorm_71@25/0-worker,prepare streams@25/0-worker,1151.8,1000.3,684.0,691.1,1137.7
3871,137740263739038,1383.6,464.6,767.9,151.2,83.1,1044.6,notify_listener@25/0-worker,work_queue::do_work get_work@24/?-work_queue,1381.8,1044.6,310.7,318.9,1368.2
3872,137740270534271,1582.5,617.2,782.3,183.0,134.0,1245.7,notify_listener@25/0-worker,work_queue::do_work get_work@24/?-work_queue,1580.9,1245.7,503.8,507.4,1567.6
3873,137740277524999,2111.9,1039.9,803.4,268.6,149.6,1935.9,assemble attention plan@24/?-work_queue,Prepare hardware matmul job@24/?-work_queue,2110.0,1275.3,511.8,524.7,2095.9
3874,137740285105392,1609.8,818.3,674.6,116.9,114.1,861.7,kernel_add_rmsnorm_71@25/0-worker,prepare streams@25/0-worker,981.8,1609.8,977.7,981.8,
3875,137740287872278,860.4,649.9,8.6,201.9,154.6,677.8,assemble attention plan@24/?-work_queue,Prepare hardware matmul job@24/?-work_queue,857.8,,,,
3876,137740294166636,492.6,174.5,283.0,35.1,15.0,451.0,assemble attention plan@24/?-work_queue,Prepare hardware matmul job@24/?-work_queue,490.4,344.2,100.3,105.0,476.1
3877,137740300078542,1227.9,596.8,494.1,137.0,94.6,512.4,kernel_add_rmsnorm_71@25/0-worker,prepare streams@25/0-worker,1225.5,1079.4,609.5,619.4,1211.3
3878,137740306732509,473.2,170.6,270.9,31.7,10.9,435.4,assemble attention plan@24/?-work_queue,Prepare hardware matmul job@24/?-work_queue,470.8,331.7,105.7,110.9,456.0
3879,137740312553153,1592.9,622.8,797.5,172.6,97.7,574.4,kernel_add_rmsnorm_71@25/0-worker,prepare streams@25/0-worker,1591.2,1410.1,673.9,685.2,1577.8
3880,137740319573618,1558.7,537.0,857.5,164.2,112.4,1253.8,notify_listener@25/0-worker,work_queue::do_work get_work@24/?-work_queue,1556.7,1253.8,465.6,472.0,1541.5
3881,137740326504783,2164.9,1004.7,824.4,335.8,154.6,1983.8,assemble attention plan@24/?-work_queue,Prepare hardware matmul job@24/?-work_queue,2163.3,1311.8,533.3,541.9,2148.8
3882,137740334135977,1155.0,681.8,346.4,126.8,98.0,606.9,kernel_add_rmsnorm_71@25/0-worker,prepare streams@25/0-worker,1153.2,1014.9,707.1,718.2,1139.0
3883,137740340664807,1461.9,488.5,787.7,185.7,134.1,1121.9,notify_listener@25/0-worker,work_queue::do_work get_work@24/?-work_queue,1458.3,1121.9,380.6,385.7,1445.4
3884,137740347532932,2519.6,1392.7,879.4,247.4,93.9,543.7,kernel_add_rmsnorm_71@25/0-worker,prepare streams@25/0-worker,2517.1,1712.9,639.4,643.7,2502.7
3885,137740355482115,375.5,69.3,304.6,1.6,0.4,0.0,rx collecting results@147/0-RX-10,Prepare hardware matmul job@24/?-work_queue,108.8,375.5,104.5,108.8,
