window,start_ts,span_us,work_cov_us,wait_cov_us,idle_us,biggest_gap_us,gap_at_off_us,gap_before,gap_after,last_dataready_off_us,fill_end_off_us,listener_start_off_us,wcls_last_dr_off_us,dispatch_first_dr_off_us
0,136825080169255,1126.5,229.8,856.5,40.2,11.4,997.0,notify_listener@25/0-worker,work_queue::do_work get_work@24/?-work_queue,1124.2,997.0,683.5,689.1,1111.5
1,136825085228334,1116.9,671.3,362.7,82.8,43.5,719.4,rx collecting results@148/0-RX-13,prepare streams@25/0-worker,1113.7,1018.4,766.0,779.6,1101.0
2,136825090282770,884.3,139.1,715.1,30.1,11.0,847.6,assemble attention plan@24/?-work_queue,Prepare hardware matmul job@24/?-work_queue,882.5,786.5,113.7,117.2,868.2
3,136825095174782,1970.0,1452.1,465.5,52.4,23.7,751.3,rx collecting results@148/0-RX-13,prepare streams@25/0-worker,1967.2,1872.7,777.2,780.9,1952.6
4,136825101168758,1113.5,637.4,391.0,85.1,25.1,742.2,rx collecting results@148/0-RX-13,prepare streams@25/0-worker,1111.2,1009.1,769.7,784.7,1089.2
5,136825106328954,2228.8,777.6,1238.5,212.7,101.8,2090.6,assemble attention plan@24/?-work_queue,Prepare hardware matmul job@24/?-work_queue,2226.9,1725.7,682.0,692.9,2212.2
6,136825112609197,1497.2,356.6,1093.9,46.7,27.4,1371.6,notify_listener@25/0-worker,work_queue::do_work get_work@24/?-work_queue,1493.8,1371.6,435.2,441.5,1479.4
7,136825118117189,1159.1,539.6,551.3,68.2,28.8,660.1,rx collecting results@148/0-RX-13,prepare streams@25/0-worker,1157.0,1065.7,690.5,744.1,1144.2
8,136825123330907,1118.5,751.4,338.2,28.9,12.8,1080.1,assemble attention plan@24/?-work_queue,Prepare hardware matmul job@24/?-work_queue,1116.4,1021.7,714.1,717.9,1102.3
9,136825128442116,1652.4,547.9,1073.5,31.0,13.0,1553.1,notify_listener@25/0-worker,work_queue::do_work get_work@24/?-work_queue,1650.3,1553.1,598.0,602.1,1635.8
10,136825134155115,1151.5,667.9,425.4,58.2,28.2,755.8,rx collecting results@148/0-RX-13,prepare streams@25/0-worker,1149.0,1055.3,786.0,791.2,1135.6
11,136825139384990,444.0,132.2,288.3,23.5,12.0,398.3,assemble attention plan@24/?-work_queue,Prepare hardware matmul job@24/?-work_queue,441.4,345.1,107.6,112.1,419.1
12,136825143865314,1686.4,504.8,948.2,233.3,105.2,1503.2,assemble attention plan@24/?-work_queue,Prepare hardware matmul job@24/?-work_queue,1684.7,1148.2,140.6,145.9,1617.8
13,136825149625210,749.4,359.9,356.2,33.3,21.1,701.3,assemble attention plan@24/?-work_queue,Prepare hardware matmul job@24/?-work_queue,747.4,647.0,409.8,415.2,732.1
14,136825154362949,432.2,112.0,282.3,37.9,17.3,389.7,assemble attention plan@24/?-work_queue,Prepare hardware matmul job@24/?-work_queue,430.1,328.9,92.5,95.7,430.1
15,136825158796659,1809.6,460.5,1138.3,210.8,94.0,1689.6,assemble attention plan@24/?-work_queue,Prepare hardware matmul job@24/?-work_queue,1807.3,1323.5,327.4,460.8,1793.2
16,136825164577843,1167.2,607.9,477.5,81.8,31.2,745.2,rx collecting results@148/0-RX-13,prepare streams@25/0-worker,1165.8,1077.8,777.9,781.4,1151.6
17,136825169745085,1803.5,581.7,992.9,228.9,98.9,1679.3,assemble attention plan@24/?-work_queue,Prepare hardware matmul job@24/?-work_queue,1801.7,1278.5,330.4,386.0,1787.4
18,136825175718545,455.0,146.1,283.6,25.3,12.8,409.7,assemble attention plan@24/?-work_queue,Prepare hardware matmul job@24/?-work_queue,451.4,357.5,117.1,123.5,431.6
19,136825180256194,1130.6,564.5,479.4,86.7,29.1,690.4,rx collecting results@148/0-RX-13,prepare streams@25/0-worker,1128.6,1024.6,722.0,732.6,1105.0
20,136825185417679,1683.4,508.2,1110.5,64.7,35.4,1553.7,notify_listener@25/0-worker,work_queue::do_work get_work@24/?-work_queue,1680.9,1553.7,614.8,618.2,1665.6
21,136825191135669,1611.5,419.2,1000.5,191.9,82.3,1041.3,notify_listener@25/0-worker,work_queue::do_work get_work@24/?-work_queue,1608.0,1041.3,111.7,115.1,1593.4
22,136825196794978,1582.9,343.8,1063.2,175.9,102.3,1454.2,assemble attention plan@24/?-work_queue,Prepare hardware matmul job@24/?-work_queue,1580.5,1118.5,115.8,213.2,1565.8
23,136825202400641,447.0,137.3,283.6,26.2,11.6,410.3,assemble attention plan@24/?-work_queue,Prepare hardware matmul job@24/?-work_queue,445.3,352.4,116.4,119.8,431.4
24,136825206888414,461.5,138.8,297.7,25.0,12.1,423.4,assemble attention plan@24/?-work_queue,Prepare hardware matmul job@24/?-work_queue,459.2,356.3,102.7,108.3,444.9
25,136825211339573,1121.2,674.7,413.7,32.8,13.3,1072.1,assemble attention plan@24/?-work_queue,Prepare hardware matmul job@24/?-work_queue,1118.3,1013.9,707.3,711.6,1094.6
26,136825216407517,1689.6,531.6,1082.8,75.2,46.8,1529.5,notify_listener@25/0-worker,work_queue::do_work get_work@24/?-work_queue,1687.0,1529.5,607.1,611.9,1663.7
27,136825222091545,1199.4,575.6,538.0,85.8,24.9,713.2,rx collecting results@148/0-RX-13,prepare streams@25/0-worker,1196.4,1091.8,739.3,742.6,1181.7
28,136825227274530,1071.8,568.2,438.8,64.8,27.0,638.7,rx collecting results@148/0-RX-13,prepare streams@25/0-worker,1069.4,972.6,668.1,676.2,1054.8
29,136825232465811,1629.7,537.6,1047.3,44.9,27.5,1515.7,notify_listener@25/0-worker,work_queue::do_work get_work@24/?-work_queue,1626.7,1515.7,572.7,651.3,1612.0
30,136825238110065,1186.2,657.8,451.0,77.4,30.2,697.3,rx collecting results@148/0-RX-13,prepare streams@25/0-worker,1183.8,1089.2,728.8,734.1,1169.1
31,136825243349413,2078.4,808.9,1030.0,239.4,102.2,1951.0,assemble attention plan@24/?-work_queue,Prepare hardware matmul job@24/?-work_queue,2076.8,1589.2,665.2,668.8,2062.4
32,136825249465457,2405.0,819.1,1343.7,242.2,99.4,2278.3,assemble attention plan@24/?-work_queue,Prepare hardware matmul job@24/?-work_queue,2402.6,1937.7,709.5,718.2,2387.5
33,136825255892889,638.2,230.0,378.8,29.4,11.4,592.4,assemble attention plan@24/?-work_queue,Prepare hardware matmul job@24/?-work_queue,636.4,533.7,221.2,224.7,614.0
34,136825260499349,2042.4,687.2,1148.7,206.5,103.2,1903.2,assemble attention plan@24/?-work_queue,Prepare hardware matmul job@24/?-work_queue,2040.1,1543.1,535.3,545.9,2025.1
35,136825266584932,1992.0,715.5,1069.4,207.1,83.2,1882.3,assemble attention plan@24/?-work_queue,Prepare hardware matmul job@24/?-work_queue,1989.7,1400.7,453.7,495.1,1975.4
36,136825272590431,1968.0,728.9,1045.8,193.3,97.5,1843.5,assemble attention plan@24/?-work_queue,Prepare hardware matmul job@24/?-work_queue,1965.2,1409.6,467.4,485.9,1950.7
37,136825278673001,557.7,129.1,397.3,31.2,12.0,520.0,assemble attention plan@24/?-work_queue,Prepare hardware matmul job@24/?-work_queue,555.3,460.7,105.1,108.4,541.2
38,136825283265115,1835.9,744.2,1058.4,33.4,12.3,1797.3,assemble attention plan@24/?-work_queue,Prepare hardware matmul job@24/?-work_queue,1834.1,1741.9,758.1,763.1,1819.3
39,136825289153914,1027.9,626.9,336.2,64.7,32.9,658.2,rx collecting results@148/0-RX-13,prepare streams@25/0-worker,1025.7,927.0,693.9,699.4,1011.8
40,136825294202029,1141.7,628.2,455.0,58.5,30.5,709.9,rx collecting results@148/0-RX-13,prepare streams@25/0-worker,1138.8,1050.4,742.8,747.5,1126.0
41,136825299389466,500.4,128.8,347.8,23.8,11.2,456.9,assemble attention plan@24/?-work_queue,Prepare hardware matmul job@24/?-work_queue,498.4,402.1,102.3,109.9,477.7
42,136825303956628,487.5,122.2,338.4,26.9,10.6,443.4,assemble attention plan@24/?-work_queue,Prepare hardware matmul job@24/?-work_queue,485.2,386.0,87.2,91.5,471.7
43,136825308494511,727.0,133.8,568.8,24.3,11.4,689.6,assemble attention plan@24/?-work_queue,Prepare hardware matmul job@24/?-work_queue,725.4,620.3,107.5,112.0,710.2
44,136825313299466,1812.6,657.9,1107.0,47.7,18.0,692.6,rx collecting results@148/0-RX-13,prepare streams@25/0-worker,1810.5,1715.6,713.5,836.3,1796.1
45,136825319114939,1059.8,610.2,396.0,53.6,26.1,677.6,rx collecting results@148/0-RX-13,prepare streams@25/0-worker,1056.8,966.9,705.0,714.0,1042.8
46,136825324222574,510.2,130.6,348.1,31.5,17.5,467.6,assemble attention plan@24/?-work_queue,Prepare hardware matmul job@24/?-work_queue,507.7,414.4,106.6,110.2,494.4
47,136825328729216,679.6,266.1,386.1,27.4,11.4,642.1,assemble attention plan@24/?-work_queue,Prepare hardware matmul job@24/?-work_queue,677.6,584.1,336.5,341.5,663.1
48,136825333390438,451.9,138.4,285.9,27.7,14.4,403.1,assemble attention plan@24/?-work_queue,Prepare hardware matmul job@24/?-work_queue,450.3,348.7,108.1,112.6,427.7
49,136825337805845,503.8,118.3,359.8,25.7,11.3,459.0,assemble attention plan@24/?-work_queue,Prepare hardware matmul job@24/?-work_queue,501.9,405.6,93.1,100.9,479.2
50,136825342359496,819.8,134.5,655.6,29.7,11.7,774.2,assemble attention plan@24/?-work_queue,Prepare hardware matmul job@24/?-work_queue,817.6,716.9,113.8,140.6,804.2
51,136825347254278,465.4,135.2,303.1,27.1,14.2,425.9,assemble attention plan@24/?-work_queue,Prepare hardware matmul job@24/?-work_queue,462.4,359.4,138.4,145.8,448.8
52,136825351768645,494.3,218.2,252.3,23.9,11.5,457.5,assemble attention plan@24/?-work_queue,Prepare hardware matmul job@24/?-work_queue,492.6,401.3,121.0,210.4,478.7
53,136825356219102,521.5,137.3,354.4,29.8,11.7,481.7,assemble attention plan@24/?-work_queue,Prepare hardware matmul job@24/?-work_queue,519.4,425.6,114.0,117.7,502.7
54,136825360733154,1691.2,490.5,1019.2,181.5,95.5,1571.2,assemble attention plan@24/?-work_queue,Prepare hardware matmul job@24/?-work_queue,1689.5,1225.1,307.8,311.4,1675.5
55,136825366488864,715.9,120.3,567.8,27.9,12.6,676.1,assemble attention plan@24/?-work_queue,Prepare hardware matmul job@24/?-work_queue,714.1,619.8,89.5,93.0,698.0
56,136825371199238,443.1,133.9,282.5,26.8,11.3,406.0,assemble attention plan@24/?-work_queue,Prepare hardware matmul job@24/?-work_queue,441.3,349.8,113.2,117.8,426.7
57,136825375680145,2746.2,1473.7,1235.1,37.4,13.3,2623.2,notify_listener@25/0-worker,work_queue::do_work get_work@24/?-work_queue,2744.4,2623.2,1441.2,1446.2,2717.7
58,136825382455036,440.9,132.8,281.7,26.4,12.6,392.0,assemble attention plan@24/?-work_queue,Prepare hardware matmul job@24/?-work_queue,438.0,334.6,97.8,103.8,425.3
59,136825386892493,1317.6,567.6,666.0,84.0,32.1,652.0,rx collecting results@148/0-RX-13,prepare streams@25/0-worker,1315.3,1211.7,712.0,718.3,1301.6
60,136825392386413,1703.6,579.6,1016.7,107.2,48.9,1541.0,notify_listener@25/0-worker,work_queue::do_work get_work@24/?-work_queue,1701.5,1541.0,628.1,710.0,1688.2
61,136825398117495,1202.2,645.5,460.6,96.2,35.4,636.2,legacy tx_launch@4/0-TX-13,rx collecting results@148/0-RX-13,1199.7,1106.5,794.2,798.3,1185.3
62,136825403381222,1730.7,555.9,1127.3,47.5,20.7,1683.2,assemble attention plan@24/?-work_queue,Prepare hardware matmul job@24/?-work_queue,1728.3,1626.9,633.0,666.6,1713.5
63,136825409154700,452.0,146.8,276.4,28.7,13.4,404.1,assemble attention plan@24/?-work_queue,Prepare hardware matmul job@24/?-work_queue,440.2,346.9,112.4,117.0,426.8
64,136825413663729,515.1,139.2,350.3,25.7,11.0,465.5,assemble attention plan@24/?-work_queue,Prepare hardware matmul job@24/?-work_queue,513.1,410.3,100.6,104.2,485.9
65,136825418288916,1108.2,532.6,511.1,64.5,30.6,668.5,rx collecting results@148/0-RX-13,prepare streams@25/0-worker,1105.3,1002.3,701.2,705.3,1090.2
66,136825423470151,1580.3,411.7,1061.2,107.3,60.3,1106.5,notify_listener@25/0-worker,work_queue::do_work get_work@24/?-work_queue,1578.0,1106.5,94.8,103.4,1564.5
67,136825429103669,1013.4,554.8,391.5,67.1,30.7,645.8,rx collecting results@148/0-RX-13,prepare streams@25/0-worker,1011.6,915.8,677.8,687.1,998.2
68,136825434121247,485.4,116.0,345.4,24.0,12.0,448.2,assemble attention plan@24/?-work_queue,Prepare hardware matmul job@24/?-work_queue,485.0,395.3,96.0,100.4,469.4
69,136825438620069,1500.0,307.3,1014.9,177.9,90.0,1383.5,assemble attention plan@24/?-work_queue,Prepare hardware matmul job@24/?-work_queue,1497.8,1072.9,134.6,152.5,1483.1
70,136825444142365,1187.0,672.4,435.4,79.2,54.7,734.2,kernel_add_rmsnorm_71@25/0-worker,prepare streams@25/0-worker,1184.2,1094.9,790.7,794.7,1169.5
71,136825449340175,1014.2,589.7,376.6,47.9,19.1,631.8,legacy tx_launch@4/0-TX-13,rx collecting results@148/0-RX-13,1012.4,913.8,678.3,688.4,991.1
72,136825454344852,904.5,347.9,531.8,24.8,12.0,856.1,assemble attention plan@24/?-work_queue,Prepare hardware matmul job@24/?-work_queue,902.0,802.9,333.6,349.7,885.7
73,136825459270109,901.2,125.4,746.4,29.4,13.4,862.6,assemble attention plan@24/?-work_queue,Prepare hardware matmul job@24/?-work_queue,898.7,796.0,99.7,103.2,885.8
74,136825464229133,1869.7,574.4,1191.0,104.4,47.8,1727.4,notify_listener@25/0-worker,work_queue::do_work get_work@24/?-work_queue,1867.7,1727.4,714.7,719.0,1854.2
75,136825470155900,983.9,126.3,828.0,29.7,12.2,946.5,assemble attention plan@24/?-work_queue,Prepare hardware matmul job@24/?-work_queue,981.6,889.9,106.6,192.0,967.8
76,136825475204567,1166.1,652.8,452.9,60.4,26.4,701.5,rx collecting results@148/0-RX-13,prepare streams@25/0-worker,1164.5,1076.0,730.3,743.5,1151.2
77,136825480403743,424.9,126.6,274.5,23.8,11.6,388.8,assemble attention plan@24/?-work_queue,Prepare hardware matmul job@24/?-work_queue,423.2,334.9,114.4,117.6,409.9
78,136825484818300,506.2,179.0,296.4,30.8,15.8,464.4,assemble attention plan@24/?-work_queue,Prepare hardware matmul job@24/?-work_queue,504.1,407.9,95.0,103.8,489.9
79,136825489378229,444.6,143.5,276.3,24.8,12.2,400.7,assemble attention plan@24/?-work_queue,Prepare hardware matmul job@24/?-work_queue,442.7,349.2,110.2,113.9,422.6
80,136825493926724,1179.6,139.4,963.3,76.9,55.9,1022.9,notify_listener@25/0-worker,work_queue::do_work get_work@24/?-work_queue,1177.2,1022.9,109.4,115.0,1163.2
81,136825499123014,1115.8,571.3,485.1,59.4,32.6,674.3,rx collecting results@148/0-RX-13,prepare streams@25/0-worker,1114.0,1013.8,708.0,711.2,1100.1
82,136825504293956,1085.5,575.0,472.0,38.5,13.1,1046.9,assemble attention plan@24/?-work_queue,Prepare hardware matmul job@24/?-work_queue,1082.7,977.9,720.3,725.1,1069.3
83,136825509440839,1670.8,621.6,979.6,69.6,27.6,689.9,rx collecting results@148/0-RX-13,prepare streams@25/0-worker,1669.1,1580.3,719.7,724.8,1655.9
84,136825515148290,1111.2,605.4,424.4,81.3,33.3,691.0,rx collecting results@148/0-RX-13,prepare streams@25/0-worker,1108.7,1015.1,726.6,737.2,1095.4
85,136825520307468,502.2,125.7,352.2,24.2,11.1,465.5,assemble attention plan@24/?-work_queue,Prepare hardware matmul job@24/?-work_queue,500.5,411.9,109.8,113.2,487.4
86,136825524805631,513.3,138.6,350.4,24.3,12.4,474.2,assemble attention plan@24/?-work_queue,Prepare hardware matmul job@24/?-work_queue,511.9,420.7,115.3,126.7,496.1
87,136825529307355,884.6,135.8,716.0,32.8,13.3,836.7,assemble attention plan@24/?-work_queue,Prepare hardware matmul job@24/?-work_queue,882.7,779.2,108.8,113.7,859.9
88,136825534212763,504.3,120.2,359.2,24.8,13.1,456.4,assemble attention plan@24/?-work_queue,Prepare hardware matmul job@24/?-work_queue,502.5,402.4,100.0,103.9,479.2
89,136825538723316,641.2,242.3,364.4,34.5,23.0,593.3,assemble attention plan@24/?-work_queue,Prepare hardware matmul job@24/?-work_queue,639.7,539.4,314.4,319.7,625.9
90,136825543423000,1683.0,521.9,1065.3,95.8,69.1,1516.2,notify_listener@25/0-worker,work_queue::do_work get_work@24/?-work_queue,1680.9,1516.2,591.0,597.0,1667.2
91,136825549097155,2443.5,1095.3,1103.8,244.4,107.2,2311.2,assemble attention plan@24/?-work_queue,Prepare hardware matmul job@24/?-work_queue,2441.2,1883.0,877.0,1012.3,2428.0
92,136825555555636,1973.6,740.6,1004.8,228.2,101.4,1846.0,assemble attention plan@24/?-work_queue,Prepare hardware matmul job@24/?-work_queue,1971.3,1436.4,483.3,490.3,1956.7
93,136825561599065,1498.2,431.7,1023.3,43.1,20.6,1388.8,notify_listener@25/0-worker,work_queue::do_work get_work@24/?-work_queue,1496.2,1388.8,438.0,444.0,1481.9
94,136825567097121,1631.3,343.2,983.4,304.6,193.5,1413.6,assemble attention plan@24/?-work_queue,Prepare hardware matmul job@24/?-work_queue,1629.3,1043.6,111.3,115.4,1615.3
95,136825572776700,526.9,140.0,361.7,25.2,11.5,469.3,assemble attention plan@24/?-work_queue,Prepare hardware matmul job@24/?-work_queue,523.7,413.9,105.1,108.4,490.6
96,136825577318095,1791.8,543.7,1199.0,49.1,19.1,672.0,rx collecting results@148/0-RX-13,prepare streams@25/0-worker,1789.1,1686.0,693.1,709.1,1775.1
97,136825583192527,1615.9,434.3,1011.2,170.5,75.8,1512.6,assemble attention plan@24/?-work_queue,Prepare hardware matmul job@24/?-work_queue,1613.7,1067.6,118.5,126.1,1597.9
98,136825588827495,504.7,128.7,345.4,30.6,12.0,464.7,assemble attention plan@24/?-work_queue,Prepare hardware matmul job@24/?-work_queue,501.5,400.2,96.9,100.5,485.8
99,136825593340114,1442.0,293.2,957.8,190.9,98.6,1318.9,assemble attention plan@24/?-work_queue,Prepare hardware matmul job@24/?-work_queue,1439.1,1011.5,101.4,117.2,1426.6
100,136825598819905,671.3,275.8,366.6,28.9,13.1,631.6,assemble attention plan@24/?-work_queue,Prepare hardware matmul job@24/?-work_queue,668.2,574.7,274.9,281.2,654.4
101,136825603518154,1580.3,395.7,1150.2,34.4,15.1,1478.0,notify_listener@25/0-worker,work_queue::do_work get_work@24/?-work_queue,1578.1,1478.0,513.9,517.5,1564.2
102,136825609156621,1170.9,631.4,458.0,81.5,27.0,581.5,rx collecting results@147/0-RX-10,rx collecting results@148/0-RX-13,1168.5,1073.4,741.4,745.9,1154.0
103,136825614332517,451.6,117.2,308.5,25.9,14.3,403.4,assemble attention plan@24/?-work_queue,Prepare hardware matmul job@24/?-work_queue,441.1,350.9,88.6,92.4,426.7
104,136825618838487,514.0,131.9,355.0,27.0,13.7,449.5,assemble attention plan@24/?-work_queue,Prepare hardware matmul job@24/?-work_queue,509.7,395.6,85.2,90.3,472.4
105,136825623367890,2158.4,738.0,1153.1,267.2,96.8,2025.0,assemble attention plan@24/?-work_queue,Prepare hardware matmul job@24/?-work_queue,2156.4,1654.7,756.3,762.6,2130.8
106,136825629562530,1888.5,642.9,1042.8,202.8,109.5,1751.6,assemble attention plan@24/?-work_queue,Prepare hardware matmul job@24/?-work_queue,1886.4,1403.5,474.4,477.9,1870.6
107,136825635484102,530.0,127.9,369.1,33.0,16.6,486.2,assemble attention plan@24/?-work_queue,Prepare hardware matmul job@24/?-work_queue,528.4,418.5,113.7,118.7,512.0
108,136825640040939,1213.5,526.3,617.7,69.5,30.5,599.8,rx collecting results@148/0-RX-13,prepare streams@25/0-worker,1211.9,1120.0,631.7,645.6,1198.0
109,136825645252698,516.0,134.3,353.8,27.9,11.5,479.9,assemble attention plan@24/?-work_queue,Prepare hardware matmul job@24/?-work_queue,514.4,421.4,114.2,119.1,501.2
110,136825649768180,509.5,153.8,316.0,39.7,17.1,399.9,notify_listener@25/0-worker,work_queue::do_work get_work@24/?-work_queue,505.7,399.9,112.7,115.8,491.0
111,136825654395196,1702.0,697.2,943.5,61.3,43.6,1571.5,notify_listener@25/0-worker,work_queue::do_work get_work@24/?-work_queue,1699.5,1571.5,637.7,641.5,1685.2
112,136825660144270,435.7,136.1,271.8,27.8,13.6,390.8,assemble attention plan@24/?-work_queue,Prepare hardware matmul job@24/?-work_queue,428.6,336.4,113.1,116.3,414.6
113,136825664585777,532.7,135.8,357.1,39.9,12.6,475.5,assemble attention plan@24/?-work_queue,Prepare hardware matmul job@24/?-work_queue,531.0,415.9,106.6,110.0,506.3
114,136825669137058,1160.7,637.1,443.3,80.3,31.3,659.7,rx collecting results@148/0-RX-13,prepare streams@25/0-worker,1158.0,1052.2,693.3,703.2,1141.9
115,136825674312708,1788.1,542.2,1123.5,122.5,69.1,1624.3,notify_listener@25/0-worker,work_queue::do_work get_work@24/?-work_queue,1786.0,1624.3,696.0,701.7,1773.0
116,136825680242503,1101.4,622.9,404.6,74.0,48.6,701.1,rx collecting results@148/0-RX-13,prepare streams@25/0-worker,1098.8,1009.8,751.8,781.5,1084.8
117,136825685357589,816.4,111.9,677.0,27.6,12.6,778.9,assemble attention plan@24/?-work_queue,Prepare hardware matmul job@24/?-work_queue,814.5,722.5,90.4,94.0,800.8
118,136825690208990,2248.4,1037.7,1005.3,205.4,96.5,2127.2,assemble attention plan@24/?-work_queue,Prepare hardware matmul job@24/?-work_queue,2245.9,1744.1,804.7,816.6,2233.3
119,136825696504328,880.6,568.5,282.9,29.1,11.5,843.3,assemble attention plan@24/?-work_queue,Prepare hardware matmul job@24/?-work_queue,878.2,783.4,542.7,547.2,864.8
120,136825701409082,774.8,133.6,614.0,27.1,11.5,737.2,assemble attention plan@24/?-work_queue,Prepare hardware matmul job@24/?-work_queue,772.5,682.6,118.6,122.9,758.1
121,136825706175649,455.1,152.3,277.5,25.4,12.7,397.5,assemble attention plan@24/?-work_queue,Prepare hardware matmul job@24/?-work_queue,453.1,342.2,114.0,119.0,419.4
122,136825710623906,768.3,401.2,336.5,30.5,11.8,722.9,assemble attention plan@24/?-work_queue,Prepare hardware matmul job@24/?-work_queue,766.7,662.2,426.8,437.8,752.6
123,136825715433199,436.0,133.2,274.0,28.8,15.3,393.9,assemble attention plan@24/?-work_queue,Prepare hardware matmul job@24/?-work_queue,436.3,329.4,111.0,116.1,418.8
124,136825719913848,508.4,120.0,360.9,27.5,13.9,467.8,assemble attention plan@24/?-work_queue,Prepare hardware matmul job@24/?-work_queue,506.5,405.0,98.7,102.5,491.2
125,136825724482420,505.7,113.9,363.4,28.5,13.9,466.2,assemble attention plan@24/?-work_queue,Prepare hardware matmul job@24/?-work_queue,503.0,410.5,104.0,108.0,489.6
126,136825728998098,1107.0,137.8,936.1,33.1,17.6,1062.6,assemble attention plan@24/?-work_queue,Prepare hardware matmul job@24/?-work_queue,1105.1,1009.4,132.9,146.9,1089.7
127,136825734169481,1929.2,661.5,1186.1,81.6,48.2,841.1,rx collecting results@148/0-RX-13,prepare streams@25/0-worker,1927.1,1827.5,891.6,902.6,1914.1
128,136825740124229,444.3,126.6,292.9,24.8,12.1,406.7,assemble attention plan@24/?-work_queue,Prepare hardware matmul job@24/?-work_queue,441.3,351.1,107.1,110.6,428.2
129,136825744564153,560.5,181.1,352.8,26.6,13.1,510.3,assemble attention plan@24/?-work_queue,Prepare hardware matmul job@24/?-work_queue,556.6,417.1,110.9,114.4,534.3
130,136825749184278,1152.4,589.7,477.8,84.9,56.8,658.7,kernel_add_rmsnorm_71@25/0-worker,prepare streams@25/0-worker,1150.2,1047.7,717.6,721.8,1135.5
131,136825754441974,1664.5,482.9,1106.2,75.4,39.4,1526.9,notify_listener@25/0-worker,work_queue::do_work get_work@24/?-work_queue,1663.1,1526.9,588.5,593.4,1648.7
132,136825760149903,1086.1,519.3,509.9,56.9,31.4,577.9,rx collecting results@148/0-RX-13,prepare streams@25/0-worker,1084.5,980.7,611.5,626.0,1070.7
133,136825765243062,1032.4,542.7,406.4,83.3,27.0,671.5,rx collecting results@148/0-RX-13,prepare streams@25/0-worker,1029.6,936.2,701.0,710.8,1015.6
134,136825770323447,845.9,143.4,678.4,24.0,11.0,810.3,assemble attention plan@24/?-work_queue,Prepare hardware matmul job@24/?-work_queue,843.3,756.6,127.4,132.1,830.5
135,136825775174352,421.9,132.8,263.5,25.6,12.4,383.0,assemble attention plan@24/?-work_queue,Prepare hardware matmul job@24/?-work_queue,420.0,330.2,109.6,124.3,404.9
136,136825779616216,761.2,294.5,436.7,30.0,14.3,721.4,assemble attention plan@24/?-work_queue,Prepare hardware matmul job@24/?-work_queue,759.2,664.4,433.4,437.7,745.6
137,136825784368339,997.6,647.9,318.7,31.0,12.3,951.9,assemble attention plan@24/?-work_queue,Prepare hardware matmul job@24/?-work_queue,995.3,897.0,656.4,664.3,974.4
138,136825789411689,1695.6,503.1,1165.5,27.1,12.9,1650.2,assemble attention plan@24/?-work_queue,Prepare hardware matmul job@24/?-work_queue,1694.0,1595.3,609.8,622.4,1680.0
139,136825795101420,513.8,132.0,353.5,28.3,15.2,473.7,assemble attention plan@24/?-work_queue,Prepare hardware matmul job@24/?-work_queue,512.0,407.2,100.6,104.2,498.5
140,136825799697396,1411.6,313.6,1061.3,36.7,18.1,1305.6,notify_listener@25/0-worker,work_queue::do_work get_work@24/?-work_queue,1408.6,1305.6,349.4,354.2,1395.5
141,136825805211628,1885.2,821.3,1037.7,26.1,11.8,1847.7,assemble attention plan@24/?-work_queue,Prepare hardware matmul job@24/?-work_queue,1883.2,1791.2,821.0,827.8,1869.2
142,136825811169609,1113.6,656.8,372.3,84.5,28.1,578.5,rx collecting results@150/0-RX-3b,rx collecting results@148/0-RX-13,1111.7,1008.6,737.6,758.8,1097.1
143,136825816304815,424.2,129.9,270.3,24.0,10.8,387.2,assemble attention plan@24/?-work_queue,Prepare hardware matmul job@24/?-work_queue,422.6,333.0,101.9,105.6,407.2
144,136825820765024,513.4,144.3,346.9,22.2,10.6,467.8,assemble attention plan@24/?-work_queue,Prepare hardware matmul job@24/?-work_queue,509.1,414.5,113.4,117.9,488.1
145,136825825288860,469.5,136.2,304.7,28.6,12.1,421.8,assemble attention plan@24/?-work_queue,Prepare hardware matmul job@24/?-work_queue,466.6,360.7,111.0,114.6,443.8
146,136825829800853,512.6,134.9,353.2,24.5,11.9,464.8,assemble attention plan@24/?-work_queue,Prepare hardware matmul job@24/?-work_queue,510.2,410.3,108.6,115.9,494.8
147,136825834341365,1009.4,545.5,421.0,43.0,12.2,969.8,assemble attention plan@24/?-work_queue,Prepare hardware matmul job@24/?-work_queue,1007.9,899.6,672.2,675.8,991.9
148,136825839440705,1973.5,782.7,1003.1,187.8,100.6,1848.0,assemble attention plan@24/?-work_queue,Prepare hardware matmul job@24/?-work_queue,1972.1,1510.4,583.9,661.6,1957.8
149,136825845470038,1972.5,638.3,1143.8,190.4,88.7,1858.6,assemble attention plan@24/?-work_queue,Prepare hardware matmul job@24/?-work_queue,1972.6,1515.0,576.9,581.8,1968.9
150,136825851479489,498.1,123.8,349.7,24.5,12.8,459.3,assemble attention plan@24/?-work_queue,Prepare hardware matmul job@24/?-work_queue,495.2,407.0,103.2,107.4,481.1
151,136825855992908,550.5,155.0,366.1,29.4,12.6,504.7,assemble attention plan@24/?-work_queue,Prepare hardware matmul job@24/?-work_queue,547.8,445.5,135.1,140.3,526.9
152,136825860613245,661.8,125.6,509.7,26.5,12.7,616.5,assemble attention plan@24/?-work_queue,Prepare hardware matmul job@24/?-work_queue,660.3,559.5,93.4,104.5,638.5
153,136825865283324,518.1,131.9,357.3,28.8,12.3,469.8,assemble attention plan@24/?-work_queue,Prepare hardware matmul job@24/?-work_queue,515.3,416.3,98.3,102.0,502.4
154,136825869848398,544.1,144.9,367.2,32.0,13.1,506.9,assemble attention plan@24/?-work_queue,Prepare hardware matmul job@24/?-work_queue,542.0,436.1,122.3,134.9,529.1
155,136825874405127,1695.9,570.5,1032.0,93.4,47.7,1541.3,notify_listener@25/0-worker,work_queue::do_work get_work@24/?-work_queue,1693.9,1541.3,605.4,614.2,1679.4
156,136825880143058,1107.4,620.1,424.9,62.5,31.2,696.3,rx collecting results@148/0-RX-13,prepare streams@25/0-worker,1104.5,1012.2,729.7,758.7,1091.4
157,136825885316879,547.5,133.9,387.9,25.7,13.4,508.9,assemble attention plan@24/?-work_queue,Prepare hardware matmul job@24/?-work_queue,544.9,456.6,120.3,123.9,531.3
158,136825889906475,1379.0,844.9,462.3,71.8,36.3,835.4,rx collecting results@148/0-RX-13,prepare streams@25/0-worker,1377.0,1276.8,873.0,880.4,1362.8
159,136825895294094,1133.6,651.3,452.8,29.5,12.8,1083.3,assemble attention plan@24/?-work_queue,Prepare hardware matmul job@24/?-work_queue,1133.7,1028.1,720.7,725.7,1105.5
160,136825900471698,450.9,125.4,301.1,24.3,10.9,402.9,assemble attention plan@24/?-work_queue,Prepare hardware matmul job@24/?-work_queue,448.4,346.0,97.8,102.2,423.7
161,136825904928867,1595.4,305.5,1002.8,287.1,181.6,1386.1,assemble attention plan@24/?-work_queue,Prepare hardware matmul job@24/?-work_queue,1593.5,1050.3,104.3,120.3,1577.8
162,136825910654180,1455.2,340.0,1090.8,24.4,11.9,1417.8,assemble attention plan@24/?-work_queue,Prepare hardware matmul job@24/?-work_queue,1452.5,1351.3,391.1,403.5,1438.7
163,136825916182470,527.3,131.0,366.2,30.1,13.2,488.7,assemble attention plan@24/?-work_queue,Prepare hardware matmul job@24/?-work_queue,524.7,422.6,112.2,116.0,511.3
164,136825920774326,1626.6,478.4,967.2,181.0,97.7,1502.9,assemble attention plan@24/?-work_queue,Prepare hardware matmul job@24/?-work_queue,1624.5,1179.7,275.6,279.8,1610.3
165,136825926554661,1901.4,689.1,994.6,217.7,95.4,1407.2,notify_listener@25/0-worker,work_queue::do_work get_work@24/?-work_queue,1899.0,1407.2,485.6,501.4,1884.7
166,136825932561894,419.5,124.0,271.4,24.1,11.2,382.8,assemble attention plan@24/?-work_queue,Prepare hardware matmul job@24/?-work_queue,416.8,327.9,102.4,107.0,403.2
167,136825937032698,1265.2,653.8,520.6,90.8,32.0,794.6,rx collecting results@148/0-RX-13,prepare streams@25/0-worker,1263.1,1159.3,828.5,831.7,1243.1
168,136825942394534,1716.2,533.2,1145.0,38.0,13.0,563.3,rx collecting results@149/0-RX-38,rx collecting results@148/0-RX-13,1713.4,1610.5,625.5,630.6,1699.2
169,136825948329656,1779.9,570.5,1137.2,72.3,29.8,1650.8,notify_listener@25/0-worker,work_queue::do_work get_work@24/?-work_queue,1777.7,1650.8,695.9,700.0,1764.7
170,136825954140148,440.3,144.8,269.6,25.8,13.5,401.7,assemble attention plan@24/?-work_queue,Prepare hardware matmul job@24/?-work_queue,438.1,344.4,117.7,135.9,424.8
171,136825958595397,459.8,160.7,275.6,23.5,10.2,423.8,assemble attention plan@24/?-work_queue,Prepare hardware matmul job@24/?-work_queue,458.2,361.8,132.6,136.4,444.1
172,136825963165693,973.2,125.6,820.3,27.3,13.8,934.5,assemble attention plan@24/?-work_queue,Prepare hardware matmul job@24/?-work_queue,970.7,880.3,106.3,136.2,957.2
173,136825968156862,1152.3,686.3,403.7,62.2,34.0,698.0,rx collecting results@148/0-RX-13,prepare streams@25/0-worker,1150.1,1054.7,734.0,737.7,1136.5
174,136825973355524,542.3,144.6,368.8,28.9,16.5,491.7,assemble attention plan@24/?-work_queue,Prepare hardware matmul job@24/?-work_queue,539.4,436.0,127.7,131.2,517.7
175,136825977932361,1183.4,149.7,1005.2,28.5,11.9,1135.0,assemble attention plan@24/?-work_queue,Prepare hardware matmul job@24/?-work_queue,1180.4,1074.8,141.7,147.0,1165.1
176,136825983150359,1188.1,561.3,545.9,81.0,30.0,680.9,rx collecting results@148/0-RX-13,prepare streams@25/0-worker,1185.4,1077.6,713.1,725.4,1170.8
177,136825988381725,980.8,521.8,423.2,35.8,13.2,940.4,assemble attention plan@24/?-work_queue,Prepare hardware matmul job@24/?-work_queue,977.9,879.3,636.1,654.6,963.2
178,136825993496951,712.7,137.8,546.4,28.5,13.2,674.7,assemble attention plan@24/?-work_queue,Prepare hardware matmul job@24/?-work_queue,710.3,614.8,104.0,109.3,697.2
179,136825998245077,1073.5,624.3,390.5,58.7,30.9,715.0,rx collecting results@148/0-RX-13,prepare streams@25/0-worker,1071.7,975.4,747.2,750.8,1057.7
180,136826003448485,1646.5,575.7,1036.1,34.7,12.9,1609.2,assemble attention plan@24/?-work_queue,Prepare hardware matmul job@24/?-work_queue,1644.3,1548.8,594.4,611.0,1630.9
181,136826009129805,408.0,122.7,255.0,30.3,14.0,368.0,assemble attention plan@24/?-work_queue,Prepare hardware matmul job@24/?-work_queue,406.2,310.5,93.6,98.3,391.3
182,136826013602494,459.5,145.2,288.3,26.0,14.2,412.7,assemble attention plan@24/?-work_queue,Prepare hardware matmul job@24/?-work_queue,457.2,356.7,130.9,136.6,436.3
183,136826018147060,1937.1,668.0,1087.9,181.2,99.2,1612.5,notify_listener@25/0-worker,work_queue::do_work get_work@24/?-work_queue,1935.3,1612.5,703.3,709.6,1917.3
184,136826024136067,524.4,123.5,375.7,25.1,13.0,486.9,assemble attention plan@24/?-work_queue,Prepare hardware matmul job@24/?-work_queue,522.6,421.7,121.9,128.9,509.8
185,136826028698951,521.8,124.4,366.1,31.3,13.9,481.8,assemble attention plan@24/?-work_queue,Prepare hardware matmul job@24/?-work_queue,519.1,413.0,97.1,101.2,505.3
186,136826033258717,2241.4,851.4,1174.8,215.2,106.2,2110.6,assemble attention plan@24/?-work_queue,Prepare hardware matmul job@24/?-work_queue,2239.5,1732.2,769.1,780.2,2226.5
187,136826039587048,932.8,474.8,370.5,87.5,54.1,554.2,rx collecting results@148/0-RX-13,prepare streams@25/0-worker,930.3,837.9,609.4,612.8,918.0
188,136826044636774,489.8,158.2,307.6,24.1,12.1,451.6,assemble attention plan@24/?-work_queue,Prepare hardware matmul job@24/?-work_queue,488.5,393.7,141.9,151.6,473.3
189,136826049146311,517.0,138.6,350.4,28.0,13.8,470.7,assemble attention plan@24/?-work_queue,Prepare hardware matmul job@24/?-work_queue,514.7,416.7,107.8,114.3,494.1
190,136826053695342,1421.7,284.7,1096.3,40.7,18.1,1369.1,assemble attention plan@24/?-work_queue,Prepare hardware matmul job@24/?-work_queue,1421.6,1310.2,351.3,359.6,1396.5
191,136826059201547,1077.4,572.4,442.9,62.1,37.5,695.9,rx collecting results@148/0-RX-13,prepare streams@25/0-worker,1074.5,972.0,735.5,739.5,1060.0
192,136826064311037,508.2,129.7,353.3,25.3,12.9,471.1,assemble attention plan@24/?-work_queue,Prepare hardware matmul job@24/?-work_queue,505.2,405.8,100.6,107.3,493.7
193,136826068893503,420.3,129.2,262.3,28.9,13.6,383.8,assemble attention plan@24/?-work_queue,Prepare hardware matmul job@24/?-work_queue,418.2,325.5,99.1,122.6,406.2
194,136826073344679,2114.6,788.2,1121.8,204.6,112.6,1975.8,assemble attention plan@24/?-work_queue,Prepare hardware matmul job@24/?-work_queue,2112.6,1634.0,667.8,679.3,2097.9
195,136826079561976,503.8,184.3,289.9,29.5,11.7,464.5,assemble attention plan@24/?-work_queue,Prepare hardware matmul job@24/?-work_queue,500.7,397.5,151.2,154.9,486.5
196,136826084133362,1185.3,696.7,420.6,68.0,31.7,797.2,rx collecting results@148/0-RX-13,prepare streams@25/0-worker,1183.6,1091.0,831.0,840.2,1169.6
197,136826089423225,1677.5,535.8,1085.6,56.1,35.5,1549.5,notify_listener@25/0-worker,work_queue::do_work get_work@24/?-work_queue,1675.8,1549.5,626.7,647.3,1654.9
198,136826095170062,1132.1,520.5,537.5,74.0,24.7,623.6,rx collecting results@148/0-RX-13,prepare streams@25/0-worker,1130.5,1031.5,650.4,657.1,1107.9
199,136826100425481,482.8,163.8,279.0,40.0,21.3,433.9,assemble attention plan@24/?-work_queue,Prepare hardware matmul job@24/?-work_queue,480.2,375.5,138.0,142.3,464.0
200,136826105081022,1078.6,549.7,456.6,72.3,30.3,696.6,rx collecting results@148/0-RX-13,prepare streams@25/0-worker,1077.0,971.6,728.0,734.1,1062.8
201,136826110203856,949.2,127.2,784.7,37.2,12.7,910.2,assemble attention plan@24/?-work_queue,Prepare hardware matmul job@24/?-work_queue,945.9,850.8,111.5,121.4,932.8
202,136826115227088,1060.7,639.0,358.2,63.5,23.6,706.8,rx collecting results@148/0-RX-13,prepare streams@25/0-worker,1058.4,967.9,732.9,737.2,1045.4
203,136826120417967,1556.0,335.8,1007.8,212.4,100.4,1427.5,assemble attention plan@24/?-work_queue,Prepare hardware matmul job@24/?-work_queue,1553.2,1053.7,107.3,126.4,1537.5
204,136826126027591,1073.5,122.7,925.1,25.6,12.5,1035.9,assemble attention plan@24/?-work_queue,Prepare hardware matmul job@24/?-work_queue,1071.1,979.6,88.5,92.0,1057.9
205,136826131177198,1131.1,675.9,371.2,84.0,35.3,753.1,rx collecting results@148/0-RX-13,prepare streams@25/0-worker,1129.0,1026.1,790.9,811.4,1108.3
206,136826136357327,1062.6,534.0,489.7,38.8,16.1,1012.3,assemble attention plan@24/?-work_queue,Prepare hardware matmul job@24/?-work_queue,1060.6,959.0,657.4,662.1,1038.6
207,136826141466594,467.9,118.2,314.8,34.9,22.5,421.1,assemble attention plan@24/?-work_queue,Prepare hardware matmul job@24/?-work_queue,466.1,366.1,93.1,97.3,453.0
208,136826146003308,501.2,113.5,349.7,38.0,11.4,436.9,estimate_attention_work@24/?-work_queue,finalize_minibatches@24/?-work_queue,499.4,391.9,87.4,91.3,486.1
209,136826150586959,637.1,257.5,354.0,25.7,11.5,599.3,assemble attention plan@24/?-work_queue,Prepare hardware matmul job@24/?-work_queue,635.0,541.3,120.6,279.8,620.8
210,136826155267897,900.6,136.5,736.0,28.1,11.4,861.5,assemble attention plan@24/?-work_queue,Prepare hardware matmul job@24/?-work_queue,898.3,801.5,99.4,105.8,882.5
211,136826160265765,1831.3,589.5,1186.5,55.3,20.0,722.3,rx collecting results@148/0-RX-13,prepare streams@25/0-worker,1828.7,1728.7,745.2,761.0,1814.1
212,136826166151539,2282.2,873.4,1123.2,285.6,100.6,2156.8,assemble attention plan@24/?-work_queue,Prepare hardware matmul job@24/?-work_queue,2279.7,1772.9,808.4,814.1,2266.7
213,136826172543208,919.5,437.4,452.7,29.4,13.5,871.3,assemble attention plan@24/?-work_queue,Prepare hardware matmul job@24/?-work_queue,916.4,816.6,514.5,518.7,895.1
214,136826177463801,1557.3,356.3,1001.3,199.7,93.2,1425.2,assemble attention plan@24/?-work_queue,Prepare hardware matmul job@24/?-work_queue,1555.6,1061.2,118.4,156.8,1527.7
215,136826183133582,434.6,114.9,284.0,35.7,22.1,386.9,assemble attention plan@24/?-work_queue,Prepare hardware matmul job@24/?-work_queue,433.3,331.9,111.8,115.4,419.0
216,136826187594323,801.2,366.5,407.4,27.3,11.5,764.2,assemble attention plan@24/?-work_queue,Prepare hardware matmul job@24/?-work_queue,799.1,689.7,452.1,456.8,785.7
217,136826192444805,751.7,136.3,590.0,25.4,12.9,712.2,assemble attention plan@24/?-work_queue,Prepare hardware matmul job@24/?-work_queue,749.6,654.4,123.0,126.5,734.2
218,136826197237793,2300.1,867.5,1203.8,228.7,104.8,2170.2,assemble attention plan@24/?-work_queue,Prepare hardware matmul job@24/?-work_queue,2297.5,1837.2,781.6,796.5,2283.8
219,136826203626458,820.5,408.1,387.7,24.7,11.7,783.4,assemble attention plan@24/?-work_queue,Prepare hardware matmul job@24/?-work_queue,818.6,725.0,416.4,420.7,804.0
220,136826208468275,976.7,550.3,399.1,27.3,11.6,931.4,assemble attention plan@24/?-work_queue,Prepare hardware matmul job@24/?-work_queue,974.2,875.6,571.2,578.5,953.1
221,136826213513584,1626.9,555.1,1023.2,48.6,24.4,635.5,rx collecting results@148/0-RX-13,prepare streams@25/0-worker,1623.9,1522.9,661.9,666.4,1610.2
222,136826219173842,986.7,132.5,823.9,30.4,17.4,944.0,assemble attention plan@24/?-work_queue,Prepare hardware matmul job@24/?-work_queue,984.9,878.7,106.8,114.5,970.8
223,136826224265920,424.3,134.9,265.5,24.0,10.8,387.5,assemble attention plan@24/?-work_queue,Prepare hardware matmul job@24/?-work_queue,422.3,321.6,94.0,97.3,408.2
224,136826228777586,498.9,131.6,339.3,27.9,10.8,461.0,assemble attention plan@24/?-work_queue,Prepare hardware matmul job@24/?-work_queue,497.5,400.7,103.2,106.7,482.3
225,136826233356128,505.2,128.5,353.0,23.7,10.9,470.1,assemble attention plan@24/?-work_queue,Prepare hardware matmul job@24/?-work_queue,502.9,413.5,106.2,109.4,489.8
226,136826237866198,502.9,121.5,355.3,26.0,13.3,464.0,assemble attention plan@24/?-work_queue,Prepare hardware matmul job@24/?-work_queue,501.2,409.6,98.1,108.3,487.2
227,136826242433955,425.3,122.3,276.9,26.1,13.5,388.0,assemble attention plan@24/?-work_queue,Prepare hardware matmul job@24/?-work_queue,423.6,330.9,101.5,95.3,411.3
228,136826246846958,522.0,130.1,362.7,29.2,12.9,476.6,assemble attention plan@24/?-work_queue,Prepare hardware matmul job@24/?-work_queue,520.0,421.8,117.9,122.3,499.3
229,136826251406834,2017.4,774.0,1072.9,170.5,99.2,1877.8,assemble attention plan@24/?-work_queue,Prepare hardware matmul job@24/?-work_queue,2014.6,1565.1,630.8,656.1,1999.8
230,136826257525034,479.7,130.3,320.1,29.4,15.9,435.5,assemble attention plan@24/?-work_queue,Prepare hardware matmul job@24/?-work_queue,478.8,369.5,99.7,108.6,460.9
231,136826262056399,2025.9,899.0,997.3,129.6,52.6,1713.6,notify_listener@25/0-worker,work_queue::do_work get_work@24/?-work_queue,2023.3,1713.6,696.3,714.5,2009.7
232,136826268205516,947.9,131.5,789.1,27.3,13.9,907.1,assemble attention plan@24/?-work_queue,Prepare hardware matmul job@24/?-work_queue,945.9,851.0,101.0,105.2,930.6
233,136826273257243,945.7,145.0,776.4,24.3,12.8,905.5,assemble attention plan@24/?-work_queue,Prepare hardware matmul job@24/?-work_queue,942.6,848.5,126.9,130.5,928.2
234,136826278254997,1841.8,794.3,981.6,65.9,45.6,1704.7,notify_listener@25/0-worker,work_queue::do_work get_work@24/?-work_queue,1839.9,1704.7,777.7,781.8,1825.4
235,136826284167947,2358.3,915.1,1207.9,235.4,98.0,2228.0,assemble attention plan@24/?-work_queue,Prepare hardware matmul job@24/?-work_queue,2355.6,1871.2,841.8,847.5,2335.9
236,136826290624745,1478.2,280.6,1009.0,188.6,100.5,1343.5,assemble attention plan@24/?-work_queue,Prepare hardware matmul job@24/?-work_queue,1475.9,1050.2,107.8,120.8,1453.2
237,136826296222582,543.0,136.9,382.5,23.5,11.5,494.0,assemble attention plan@24/?-work_queue,Prepare hardware matmul job@24/?-work_queue,539.8,434.4,96.0,100.1,525.4
238,136826300837358,522.8,144.0,351.3,27.5,15.5,481.6,assemble attention plan@24/?-work_queue,Prepare hardware matmul job@24/?-work_queue,520.9,412.0,110.5,114.3,506.6
239,136826305473706,432.6,117.2,291.5,23.9,12.1,395.5,assemble attention plan@24/?-work_queue,Prepare hardware matmul job@24/?-work_queue,430.5,337.8,99.3,116.2,416.9
240,136826310010916,1260.4,632.4,573.3,54.7,27.6,704.4,rx collecting results@148/0-RX-13,prepare streams@25/0-worker,1257.8,1163.7,734.4,739.2,1244.4
241,136826315321348,524.8,144.5,353.5,26.8,13.4,486.8,assemble attention plan@24/?-work_queue,Prepare hardware matmul job@24/?-work_queue,522.3,429.1,125.3,129.1,509.4
242,136826319924147,1183.0,195.9,959.0,28.2,11.6,1138.5,assemble attention plan@24/?-work_queue,Prepare hardware matmul job@24/?-work_queue,1181.5,1081.0,124.0,143.2,1159.2
243,136826325166469,464.8,133.0,306.1,25.6,13.1,418.2,assemble attention plan@24/?-work_queue,Prepare hardware matmul job@24/?-work_queue,462.6,361.0,106.2,114.7,449.2
244,136826329740740,440.9,124.9,286.8,29.2,12.2,391.8,assemble attention plan@24/?-work_queue,Prepare hardware matmul job@24/?-work_queue,438.2,330.0,87.6,91.8,423.9
245,136826334233297,1166.1,558.2,552.7,55.3,22.8,723.9,rx collecting results@148/0-RX-13,prepare streams@25/0-worker,1163.4,1060.7,749.1,754.8,1150.9
246,136826339510269,2036.0,763.5,1083.9,188.6,104.0,1905.5,assemble attention plan@24/?-work_queue,Prepare hardware matmul job@24/?-work_queue,2033.8,1486.6,523.2,527.1,2018.9
247,136826345639224,809.2,264.5,520.3,24.4,12.3,771.9,assemble attention plan@24/?-work_queue,Prepare hardware matmul job@24/?-work_queue,807.3,715.0,413.4,417.2,793.7
248,136826350426797,2029.3,777.7,1074.6,176.9,88.2,1914.3,assemble attention plan@24/?-work_queue,Prepare hardware matmul job@24/?-work_queue,2027.2,1572.6,610.0,616.6,2012.9
249,136826356585759,681.2,125.6,528.9,26.7,12.9,641.6,assemble attention plan@24/?-work_queue,Prepare hardware matmul job@24/?-work_queue,678.7,584.3,105.8,109.8,664.0
250,136826361289604,527.5,147.1,355.2,25.2,11.2,480.9,assemble attention plan@24/?-work_queue,Prepare hardware matmul job@24/?-work_queue,524.8,425.4,125.0,131.0,501.6
251,136826365851654,537.1,130.2,374.3,32.7,10.9,491.2,assemble attention plan@24/?-work_queue,Prepare hardware matmul job@24/?-work_queue,534.9,433.6,124.5,128.7,521.0
252,136826370411943,1699.2,545.8,1071.5,81.9,38.7,1557.8,notify_listener@25/0-worker,work_queue::do_work get_work@24/?-work_queue,1696.9,1557.8,608.7,615.5,1682.9
253,136826376198446,511.6,124.2,364.4,23.0,10.9,473.7,assemble attention plan@24/?-work_queue,Prepare hardware matmul job@24/?-work_queue,508.9,416.2,115.0,118.8,494.1
254,136826380769034,438.9,114.3,293.4,31.1,15.8,397.9,assemble attention plan@24/?-work_queue,Prepare hardware matmul job@24/?-work_queue,436.7,337.6,99.2,112.1,423.1
255,136826385216360,1165.8,639.2,463.1,63.5,35.0,709.3,rx collecting results@148/0-RX-13,prepare streams@25/0-worker,1163.6,1068.7,746.7,754.3,1149.1
256,136826390424608,2145.5,776.4,1118.1,251.0,95.4,2024.2,assemble attention plan@24/?-work_queue,Prepare hardware matmul job@24/?-work_queue,2143.5,1687.5,729.1,743.3,2128.9
257,136826396677946,713.2,307.4,375.9,29.9,13.2,667.3,assemble attention plan@24/?-work_queue,Prepare hardware matmul job@24/?-work_queue,711.2,609.5,367.3,382.9,690.6
258,136826401492508,434.5,122.6,283.5,28.4,13.7,386.7,assemble attention plan@24/?-work_queue,Prepare hardware matmul job@24/?-work_queue,432.8,328.9,98.9,105.5,419.1
259,136826405981031,526.1,134.7,359.7,31.7,14.2,485.7,assemble attention plan@24/?-work_queue,Prepare hardware matmul job@24/?-work_queue,522.9,417.1,116.8,121.7,509.9
260,136826410611347,522.5,123.1,371.1,28.2,13.3,483.2,assemble attention plan@24/?-work_queue,Prepare hardware matmul job@24/?-work_queue,520.5,420.3,108.4,113.8,506.1
261,136826415151875,992.8,238.4,724.4,30.0,11.4,955.6,assemble attention plan@24/?-work_queue,Prepare hardware matmul job@24/?-work_queue,991.4,893.0,112.1,233.8,976.8
262,136826420209237,1057.7,642.1,368.9,46.7,20.9,674.4,rx collecting results@148/0-RX-13,prepare streams@25/0-worker,1055.1,961.7,697.5,704.3,1040.6
263,136826425287595,1810.6,642.7,1096.7,71.2,47.6,1670.1,notify_listener@25/0-worker,work_queue::do_work get_work@24/?-work_queue,1808.6,1670.1,726.3,734.3,1792.8
264,136826431156368,463.9,141.1,297.8,25.0,12.5,426.4,assemble attention plan@24/?-work_queue,Prepare hardware matmul job@24/?-work_queue,461.4,369.5,116.7,121.2,447.9
265,136826435647811,1544.4,620.7,842.6,81.1,30.5,618.9,rx collecting results@147/0-RX-10,rx collecting results@148/0-RX-13,1542.5,1441.7,784.9,789.4,1522.8
266,136826441292433,1836.3,581.2,1230.5,24.6,11.7,1789.9,assemble attention plan@24/?-work_queue,Prepare hardware matmul job@24/?-work_queue,1834.6,1735.1,869.1,739.3,1820.4
267,136826447167664,530.6,140.2,362.5,27.8,13.8,489.2,assemble attention plan@24/?-work_queue,Prepare hardware matmul job@24/?-work_queue,528.0,423.1,117.8,129.8,514.0
268,136826451765865,469.4,130.3,304.4,34.8,12.7,431.6,assemble attention plan@24/?-work_queue,Prepare hardware matmul job@24/?-work_queue,467.6,362.4,115.1,120.9,453.7
269,136826456254990,907.1,136.3,742.2,28.6,12.5,870.5,assemble attention plan@24/?-work_queue,Prepare hardware matmul job@24/?-work_queue,905.2,808.7,116.7,122.8,892.2
270,136826461216292,525.8,158.5,339.7,27.6,15.3,485.7,assemble attention plan@24/?-work_queue,Prepare hardware matmul job@24/?-work_queue,524.0,429.2,126.4,130.6,510.6
271,136826465829037,504.5,141.3,338.7,24.5,12.3,465.9,assemble attention plan@24/?-work_queue,Prepare hardware matmul job@24/?-work_queue,501.8,408.6,106.6,110.1,487.9
272,136826470351051,1753.2,561.2,1159.1,32.8,12.2,1706.0,assemble attention plan@24/?-work_queue,Prepare hardware matmul job@24/?-work_queue,1751.3,1645.9,680.8,686.1,1728.4
273,136826476195499,1068.7,549.6,468.1,51.0,26.2,663.8,rx collecting results@148/0-RX-13,prepare streams@25/0-worker,1066.5,965.2,691.8,701.3,1044.2
274,136826481311770,1793.6,571.3,1125.6,96.7,60.7,1632.7,notify_listener@25/0-worker,work_queue::do_work get_work@24/?-work_queue,1793.7,1632.7,706.2,723.8,1778.5
275,136826487191283,1144.0,581.5,505.3,57.2,30.6,700.9,rx collecting results@148/0-RX-13,prepare streams@25/0-worker,1141.4,1038.3,733.4,743.6,1127.9
276,136826492371776,434.3,125.8,283.0,25.5,12.1,396.5,assemble attention plan@24/?-work_queue,Prepare hardware matmul job@24/?-work_queue,431.5,339.2,96.8,101.0,418.2
277,136826496862691,1624.8,432.7,1017.5,174.5,87.9,1510.6,assemble attention plan@24/?-work_queue,Prepare hardware matmul job@24/?-work_queue,1621.9,1168.4,211.6,215.3,1607.7
278,136826502602160,641.5,127.8,490.1,23.6,11.8,603.3,assemble attention plan@24/?-work_queue,Prepare hardware matmul job@24/?-work_queue,638.3,548.0,105.1,109.8,624.1
279,136826507297999,549.0,138.8,387.6,22.7,11.4,504.4,assemble attention plan@24/?-work_queue,Prepare hardware matmul job@24/?-work_queue,546.4,448.2,114.9,118.2,525.2
280,136826511907890,504.0,194.3,282.9,26.8,11.8,455.9,assemble attention plan@24/?-work_queue,Prepare hardware matmul job@24/?-work_queue,501.5,392.6,160.5,164.9,487.4
281,136826516476964,2052.9,670.9,1078.2,303.8,218.6,1808.9,assemble attention plan@24/?-work_queue,Prepare hardware matmul job@24/?-work_queue,2051.3,1488.9,542.8,546.3,2037.2
282,136826522760061,1722.6,477.1,1088.5,156.9,101.5,1594.5,assemble attention plan@24/?-work_queue,Prepare hardware matmul job@24/?-work_queue,1720.4,1230.7,299.0,302.7,1705.2
283,136826528572960,490.2,126.0,338.0,26.2,12.7,452.5,assemble attention plan@24/?-work_queue,Prepare hardware matmul job@24/?-work_queue,488.6,394.0,90.9,100.7,474.6
284,136826533110699,1146.7,688.3,388.1,70.2,26.9,721.9,rx collecting results@148/0-RX-13,prepare streams@25/0-worker,1144.2,1053.1,760.0,790.8,1131.0
285,136826538290438,889.6,150.2,702.5,36.9,17.1,780.6,notify_listener@25/0-worker,work_queue::do_work get_work@24/?-work_queue,887.8,780.6,134.8,139.0,874.1
286,136826543277615,504.2,119.1,358.5,26.5,14.7,464.7,assemble attention plan@24/?-work_queue,Prepare hardware matmul job@24/?-work_queue,502.5,408.1,95.5,99.3,488.5
287,136826547879002,481.4,122.9,320.1,38.4,14.2,431.3,assemble attention plan@24/?-work_queue,Prepare hardware matmul job@24/?-work_queue,480.0,375.3,110.3,115.2,455.0
288,136826552416710,946.9,476.1,435.7,35.1,11.7,901.9,assemble attention plan@24/?-work_queue,Prepare hardware matmul job@24/?-work_queue,944.6,841.5,602.8,610.5,923.2
289,136826557396761,510.8,128.3,346.6,35.9,23.9,461.1,assemble attention plan@24/?-work_queue,Prepare hardware matmul job@24/?-work_queue,508.3,403.9,101.4,105.8,494.4
290,136826561964756,446.2,138.7,281.7,25.8,11.8,409.2,assemble attention plan@24/?-work_queue,Prepare hardware matmul job@24/?-work_queue,443.5,343.0,104.3,108.6,430.6
291,136826566530912,846.6,467.1,354.9,24.6,12.0,809.1,assemble attention plan@24/?-work_queue,Prepare hardware matmul job@24/?-work_queue,844.9,748.4,501.6,521.2,830.3
292,136826571498404,1606.2,578.2,967.9,60.1,32.9,589.6,rx collecting results@148/0-RX-13,prepare streams@25/0-worker,1603.6,1510.6,624.7,629.1,1589.9
293,136826577220388,432.3,136.2,269.4,26.8,13.1,393.6,assemble attention plan@24/?-work_queue,Prepare hardware matmul job@24/?-work_queue,429.4,336.0,104.4,107.6,415.7
294,136826581695363,550.5,137.6,385.1,27.7,13.9,510.1,assemble attention plan@24/?-work_queue,Prepare hardware matmul job@24/?-work_queue,548.2,452.4,120.2,137.3,533.7
295,136826586312179,955.5,139.5,608.5,207.4,187.8,672.0,notify_listener@25/0-worker,work_queue::do_work get_work@24/?-work_queue,952.3,672.0,115.5,118.9,932.7
296,136826591327614,870.0,135.0,709.3,25.7,12.6,822.9,assemble attention plan@24/?-work_queue,Prepare hardware matmul job@24/?-work_queue,868.0,763.4,108.4,115.0,845.3
297,136826596259992,1086.9,575.0,442.3,69.6,37.8,686.3,rx collecting results@148/0-RX-13,prepare streams@25/0-worker,1083.5,972.7,726.3,733.0,1068.8
298,136826601381714,818.6,119.8,664.5,34.4,11.3,781.9,assemble attention plan@24/?-work_queue,Prepare hardware matmul job@24/?-work_queue,816.7,714.0,91.5,119.2,802.5
299,136826606319629,530.8,146.7,360.8,23.2,11.1,493.9,assemble attention plan@24/?-work_queue,Prepare hardware matmul job@24/?-work_queue,528.3,437.2,124.9,129.7,514.6
300,136826610935670,2129.6,763.5,1205.2,160.9,53.9,1803.4,notify_listener@25/0-worker,work_queue::do_work get_work@24/?-work_queue,2127.4,1803.4,886.1,895.8,2112.6
301,136826617160268,448.8,135.0,289.2,24.7,12.3,411.1,assemble attention plan@24/?-work_queue,Prepare hardware matmul job@24/?-work_queue,445.6,354.8,113.9,119.9,432.8
302,136826621660831,809.3,370.3,408.5,30.5,15.7,758.7,assemble attention plan@24/?-work_queue,Prepare hardware matmul job@24/?-work_queue,805.7,703.0,373.4,376.9,783.6
303,136826626568106,513.1,134.3,353.5,25.3,12.4,466.1,assemble attention plan@24/?-work_queue,Prepare hardware matmul job@24/?-work_queue,510.6,403.2,104.1,112.9,497.4
304,136826631251657,446.5,134.8,279.5,32.2,12.0,409.8,assemble attention plan@24/?-work_queue,Prepare hardware matmul job@24/?-work_queue,444.1,341.0,120.4,124.7,431.2
305,136826635784129,1415.3,732.1,634.8,48.3,21.9,586.3,rx collecting results@148/0-RX-13,prepare streams@25/0-worker,1413.5,1314.3,610.5,919.2,1398.8
306,136826641269532,1829.3,657.7,1077.3,94.2,43.0,1693.4,notify_listener@25/0-worker,work_queue::do_work get_work@24/?-work_queue,1827.0,1693.4,746.5,759.5,1812.4
307,136826647257422,1030.3,645.0,306.1,79.2,48.4,661.8,rx collecting results@148/0-RX-13,prepare streams@25/0-worker,1030.5,935.8,712.5,717.3,1014.7
308,136826652398066,812.7,135.9,653.7,23.1,11.8,776.3,assemble attention plan@24/?-work_queue,Prepare hardware matmul job@24/?-work_queue,810.5,719.0,102.2,105.7,797.3
309,136826657366348,1743.5,605.8,1108.4,29.2,13.5,1697.8,assemble attention plan@24/?-work_queue,Prepare hardware matmul job@24/?-work_queue,1741.1,1640.3,665.6,672.8,1720.8
310,136826663187290,1154.8,605.5,485.2,64.2,28.5,708.5,rx collecting results@148/0-RX-13,prepare streams@25/0-worker,1152.4,1048.1,738.9,742.2,1137.2
311,136826668381164,810.2,123.5,661.2,25.5,13.1,771.7,assemble attention plan@24/?-work_queue,Prepare hardware matmul job@24/?-work_queue,807.9,706.9,108.1,112.9,794.4
312,136826673261439,1067.9,550.3,449.2,68.5,22.7,681.7,rx collecting results@148/0-RX-13,prepare streams@25/0-worker,1065.8,961.5,706.5,711.2,1052.1
313,136826678405206,1984.6,744.4,1046.0,194.1,89.8,1869.0,assemble attention plan@24/?-work_queue,Prepare hardware matmul job@24/?-work_queue,1982.8,1533.3,615.8,690.7,1968.3
314,136826684592521,512.1,134.8,353.0,24.2,12.8,473.8,assemble attention plan@24/?-work_queue,Prepare hardware matmul job@24/?-work_queue,509.9,417.3,104.0,107.6,495.8
315,136826689181654,1122.5,593.0,454.6,74.9,32.6,649.5,rx collecting results@148/0-RX-13,prepare streams@25/0-worker,1119.8,1029.6,683.8,687.4,1107.0
316,136826694414953,496.2,116.9,351.8,27.6,12.3,459.0,assemble attention plan@24/?-work_queue,Prepare hardware matmul job@24/?-work_queue,493.8,402.5,95.1,98.8,481.1
317,136826698983437,1130.5,147.0,958.5,25.0,11.8,1087.0,assemble attention plan@24/?-work_queue,Prepare hardware matmul job@24/?-work_queue,1128.1,1029.0,116.1,121.0,1108.0
318,136826704189653,1122.9,583.6,486.6,52.7,22.7,690.8,rx collecting results@148/0-RX-13,prepare streams@25/0-worker,1121.0,1017.4,715.3,718.5,1107.1
319,136826709398538,453.2,133.5,292.2,27.6,14.5,413.2,assemble attention plan@24/?-work_queue,Prepare hardware matmul job@24/?-work_queue,450.5,343.7,113.9,119.6,437.0
320,136826713926495,1186.3,129.7,1028.7,27.9,12.2,1148.6,assemble attention plan@24/?-work_queue,Prepare hardware matmul job@24/?-work_queue,1184.3,1078.6,98.0,106.4,1170.0
321,136826719193009,963.2,140.3,796.5,26.5,13.4,925.2,assemble attention plan@24/?-work_queue,Prepare hardware matmul job@24/?-work_queue,961.1,866.5,130.4,140.5,948.0
322,136826724217351,1138.0,639.6,440.5,58.0,29.1,701.2,rx collecting results@148/0-RX-13,prepare streams@25/0-worker,1136.0,1042.3,732.5,739.4,1123.2
323,136826729449444,744.6,121.8,597.6,25.2,12.4,706.5,assemble attention plan@24/?-work_queue,Prepare hardware matmul job@24/?-work_queue,742.4,648.8,88.6,93.9,728.3
324,136826734253757,505.8,132.1,350.4,23.3,10.8,469.4,assemble attention plan@24/?-work_queue,Prepare hardware matmul job@24/?-work_queue,502.9,410.9,102.8,106.9,489.3
325,136826738851003,517.7,133.3,360.6,23.7,11.9,471.9,assemble attention plan@24/?-work_queue,Prepare hardware matmul job@24/?-work_queue,514.1,415.5,111.4,115.0,493.1
326,136826743440891,768.2,140.3,601.5,26.5,12.3,717.8,assemble attention plan@24/?-work_queue,Prepare hardware matmul job@24/?-work_queue,766.0,660.6,125.9,131.6,749.9
327,136826748289897,1564.1,452.0,950.9,161.1,76.4,1459.7,assemble attention plan@24/?-work_queue,Prepare hardware matmul job@24/?-work_queue,1561.4,998.8,112.6,116.3,1546.6
328,136826753944895,1642.9,357.3,1045.8,239.8,123.6,1129.6,notify_listener@25/0-worker,work_queue::do_work get_work@24/?-work_queue,1641.0,1129.6,140.5,144.4,1626.4
329,136826759699701,547.3,138.5,384.1,24.7,11.9,510.3,assemble attention plan@24/?-work_queue,Prepare hardware matmul job@24/?-work_queue,545.6,452.8,129.6,136.9,531.6
330,136826764290673,1808.9,590.0,1192.3,26.6,12.8,1771.1,assemble attention plan@24/?-work_queue,Prepare hardware matmul job@24/?-work_queue,1806.7,1713.3,758.0,784.8,1792.8
331,136826770190027,516.8,142.9,348.4,25.5,12.2,479.7,assemble attention plan@24/?-work_queue,Prepare hardware matmul job@24/?-work_queue,514.9,421.1,114.3,117.6,501.1
332,136826774824009,462.0,150.3,286.2,25.5,11.7,418.9,assemble attention plan@24/?-work_queue,Prepare hardware matmul job@24/?-work_queue,459.9,361.7,119.2,122.9,440.0
333,136826779405127,1702.5,550.9,1062.4,89.2,64.8,1536.8,notify_listener@25/0-worker,work_queue::do_work get_work@24/?-work_queue,1699.8,1536.8,609.9,678.8,1676.4
334,136826785256114,1065.7,564.9,425.1,75.6,30.5,680.3,rx collecting results@148/0-RX-13,prepare streams@25/0-worker,1061.5,953.3,712.2,715.7,1047.2
335,136826790406882,1699.2,545.7,1049.7,103.9,49.3,1532.7,notify_listener@25/0-worker,work_queue::do_work get_work@24/?-work_queue,1697.2,1532.7,608.6,620.1,1682.3
336,136826796242528,509.0,123.8,347.8,37.5,12.2,470.6,assemble attention plan@24/?-work_queue,Prepare hardware matmul job@24/?-work_queue,506.6,400.6,93.7,98.2,492.2
337,136826800834662,1425.4,675.6,686.5,63.3,21.0,612.5,rx collecting results@150/0-RX-3b,rx collecting results@148/0-RX-13,1423.2,1328.8,763.1,786.4,1409.3
338,136826806384849,423.2,143.1,255.8,24.2,11.3,383.2,assemble attention plan@24/?-work_queue,Prepare hardware matmul job@24/?-work_queue,420.9,325.9,98.0,101.5,404.6
339,136826810852634,506.3,137.7,343.4,25.2,12.4,468.1,assemble attention plan@24/?-work_queue,Prepare hardware matmul job@24/?-work_queue,504.0,410.0,105.8,112.3,490.0
340,136826815476205,1621.0,591.0,976.9,53.1,35.5,1495.2,notify_listener@25/0-worker,work_queue::do_work get_work@24/?-work_queue,1618.5,1495.2,556.2,561.1,1604.3
341,136826821195497,1106.0,676.2,359.7,70.1,34.8,733.8,rx collecting results@148/0-RX-13,prepare streams@25/0-worker,1102.6,1002.9,780.9,801.3,1080.8
342,136826826514710,931.4,429.5,478.4,23.5,11.6,885.0,assemble attention plan@24/?-work_queue,Prepare hardware matmul job@24/?-work_queue,929.1,827.4,517.0,522.7,905.6
343,136826831534684,688.4,127.2,537.9,23.4,10.7,641.6,assemble attention plan@24/?-work_queue,Prepare hardware matmul job@24/?-work_queue,686.0,584.4,88.8,101.6,671.2
344,136826836296935,1812.6,580.7,1152.9,79.0,44.6,1652.8,notify_listener@25/0-worker,work_queue::do_work get_work@24/?-work_queue,1809.4,1652.8,715.1,734.9,1794.4
345,136826842188105,966.4,219.1,721.9,25.4,13.3,927.7,assemble attention plan@24/?-work_queue,Prepare hardware matmul job@24/?-work_queue,963.4,869.1,103.7,206.3,950.3
346,136826847204440,539.5,116.0,398.4,25.2,13.2,501.2,assemble attention plan@24/?-work_queue,Prepare hardware matmul job@24/?-work_queue,536.8,443.3,112.4,115.7,523.4
347,136826851803842,1304.4,266.9,990.4,47.1,24.4,1190.1,notify_listener@25/0-worker,work_queue::do_work get_work@24/?-work_queue,1302.0,1190.1,252.2,256.0,1288.2
348,136826857155593,2440.5,1025.2,1168.7,246.6,103.1,2312.3,assemble attention plan@24/?-work_queue,Prepare hardware matmul job@24/?-work_queue,2437.9,1977.9,1072.1,1089.4,2424.5
349,136826863759561,512.6,152.7,334.0,26.0,12.3,462.1,assemble attention plan@24/?-work_queue,Prepare hardware matmul job@24/?-work_queue,509.2,404.2,118.5,135.3,484.0
350,136826868338397,998.6,553.3,373.6,71.8,21.9,518.7,rx collecting results@149/0-RX-38,rx collecting results@148/0-RX-13,996.5,891.6,663.5,669.8,983.0
351,136826873439353,513.2,135.3,355.1,22.8,11.3,476.4,assemble attention plan@24/?-work_queue,Prepare hardware matmul job@24/?-work_queue,513.1,405.4,107.4,110.9,496.6
352,136826878015538,2038.7,837.5,1058.3,142.9,60.2,1651.4,notify_listener@25/0-worker,work_queue::do_work get_work@24/?-work_queue,2035.2,1651.4,740.3,751.9,2020.4
353,136826884223451,1151.2,681.9,410.0,59.3,30.3,724.0,rx collecting results@148/0-RX-13,prepare streams@25/0-worker,1148.3,1056.0,756.5,767.7,1134.4
354,136826889471939,722.1,127.0,568.3,26.9,11.5,683.8,assemble attention plan@24/?-work_queue,Prepare hardware matmul job@24/?-work_queue,719.3,624.3,86.9,93.8,705.2
355,136826894327084,513.3,143.1,347.4,22.8,11.5,470.4,assemble attention plan@24/?-work_queue,Prepare hardware matmul job@24/?-work_queue,511.0,411.1,114.4,119.0,491.0
356,136826898931657,1304.2,546.9,709.8,47.5,25.2,618.0,rx collecting results@148/0-RX-13,prepare streams@25/0-worker,1302.1,1202.6,645.0,652.9,1278.2
357,136826904385895,1729.6,548.9,1146.0,34.6,12.5,1681.3,assemble attention plan@24/?-work_queue,Prepare hardware matmul job@24/?-work_queue,1727.5,1620.7,655.8,663.4,1712.7
358,136826910229928,502.0,136.5,340.6,24.9,12.7,464.1,assemble attention plan@24/?-work_queue,Prepare hardware matmul job@24/?-work_queue,499.7,392.4,89.1,99.2,485.6
359,136826914805977,459.3,154.6,279.3,25.4,12.7,422.8,assemble attention plan@24/?-work_queue,Prepare hardware matmul job@24/?-work_queue,457.7,360.8,88.6,134.2,444.4
360,136826919366451,526.6,155.9,344.8,26.0,11.1,489.5,assemble attention plan@24/?-work_queue,Prepare hardware matmul job@24/?-work_queue,523.1,429.9,128.0,136.3,509.6
361,136826924040586,421.0,126.0,267.5,27.6,13.9,381.3,assemble attention plan@24/?-work_queue,Prepare hardware matmul job@24/?-work_queue,418.7,322.2,97.2,100.7,404.8
362,136826928490601,529.7,156.7,347.3,25.7,12.7,485.0,assemble attention plan@24/?-work_queue,Prepare hardware matmul job@24/?-work_queue,527.3,426.4,119.5,126.1,507.3
363,136826933118074,1189.1,687.6,391.3,110.1,48.1,759.8,rx collecting results@148/0-RX-13,prepare streams@25/0-worker,1187.1,1064.1,809.5,812.7,1164.7
364,136826938334813,842.6,124.1,693.1,25.5,12.5,795.1,assemble attention plan@24/?-work_queue,Prepare hardware matmul job@24/?-work_queue,840.4,736.6,87.4,93.5,816.8
365,136826943262574,1124.7,557.0,516.9,50.8,20.1,686.9,rx collecting results@148/0-RX-13,prepare streams@25/0-worker,1122.1,1012.2,709.1,719.6,1107.4
366,136826948461730,752.6,139.7,584.7,28.2,15.7,708.5,assemble attention plan@24/?-work_queue,Prepare hardware matmul job@24/?-work_queue,749.0,639.6,106.1,109.2,733.6
367,136826953292017,889.5,195.2,665.0,29.3,12.4,850.0,assemble attention plan@24/?-work_queue,Prepare hardware matmul job@24/?-work_queue,886.6,783.9,118.8,122.6,872.0
368,136826958398757,1023.9,588.9,407.5,27.5,12.3,984.5,assemble attention plan@24/?-work_queue,Prepare hardware matmul job@24/?-work_queue,1020.7,925.0,625.6,628.9,1006.1
369,136826963558304,891.1,514.4,349.1,27.7,11.6,854.2,assemble attention plan@24/?-work_queue,Prepare hardware matmul job@24/?-work_queue,889.2,791.0,479.7,484.3,875.1
370,136826968539891,694.9,139.6,528.5,26.8,11.2,651.3,assemble attention plan@24/?-work_queue,Prepare hardware matmul job@24/?-work_queue,692.7,592.3,124.2,152.1,672.2
371,136826973309919,1810.5,574.1,1181.4,54.9,23.9,676.5,rx collecting results@148/0-RX-13,prepare streams@25/0-worker,1808.0,1697.1,702.5,706.2,1783.2
372,136826979238674,933.2,148.8,760.1,24.3,11.8,882.4,assemble attention plan@24/?-work_queue,Prepare hardware matmul job@24/?-work_queue,930.4,822.5,114.3,130.4,914.8
373,136826984245399,508.8,137.3,346.2,25.2,11.5,472.0,assemble attention plan@24/?-work_queue,Prepare hardware matmul job@24/?-work_queue,506.8,403.6,103.1,106.5,492.9
374,136826988808017,496.1,232.5,238.8,24.8,11.1,459.3,assemble attention plan@24/?-work_queue,Prepare hardware matmul job@24/?-work_queue,493.9,399.5,103.9,217.9,479.6
375,136826993343719,512.6,132.0,354.1,26.5,14.0,471.7,assemble attention plan@24/?-work_queue,Prepare hardware matmul job@24/?-work_queue,509.7,412.0,103.1,108.1,495.3
376,136826997918350,1522.5,322.0,970.0,230.5,105.2,1392.5,assemble attention plan@24/?-work_queue,Prepare hardware matmul job@24/?-work_queue,1520.5,1029.7,107.4,116.6,1506.8
377,136827003540657,1556.3,476.9,1042.5,37.0,17.2,1448.2,notify_listener@25/0-worker,work_queue::do_work get_work@24/?-work_queue,1554.4,1448.2,501.0,507.5,1540.4
378,136827009163801,1512.3,328.9,999.0,184.4,99.7,1371.0,assemble attention plan@24/?-work_queue,Prepare hardware matmul job@24/?-work_queue,1510.4,1048.8,118.3,124.2,1480.1
379,136827014806552,645.5,213.8,408.1,23.6,11.6,598.7,assemble attention plan@24/?-work_queue,Prepare hardware matmul job@24/?-work_queue,643.8,540.1,235.1,245.7,630.4
380,136827019512984,755.6,135.1,593.9,26.7,13.8,714.9,assemble attention plan@24/?-work_queue,Prepare hardware matmul job@24/?-work_queue,752.2,642.3,101.4,107.2,737.9
381,136827024378606,824.3,138.2,651.3,34.8,11.3,786.4,assemble attention plan@24/?-work_queue,Prepare hardware matmul job@24/?-work_queue,821.5,713.3,109.7,173.0,807.1
382,136827029308816,443.7,123.2,289.2,31.3,17.2,401.0,assemble attention plan@24/?-work_queue,Prepare hardware matmul job@24/?-work_queue,441.3,339.9,108.5,112.1,428.3
383,136827033848838,574.5,188.4,358.4,27.8,13.9,535.7,assemble attention plan@24/?-work_queue,Prepare hardware matmul job@24/?-work_queue,572.2,477.1,160.5,171.3,558.8
384,136827038452792,744.3,126.2,590.8,27.3,10.7,643.5,notify_listener@25/0-worker,work_queue::do_work get_work@24/?-work_queue,744.0,643.5,113.4,118.3,728.4
385,136827043332387,843.9,147.3,672.6,24.0,11.7,801.9,assemble attention plan@24/?-work_queue,Prepare hardware matmul job@24/?-work_queue,841.4,743.1,120.1,128.5,823.1
386,136827048322432,1782.7,546.2,1108.6,127.9,84.2,1591.0,notify_listener@25/0-worker,work_queue::do_work get_work@24/?-work_queue,1781.0,1591.0,691.9,698.9,1756.1
387,136827054201575,1081.9,583.9,425.5,72.6,26.4,681.9,rx collecting results@148/0-RX-13,prepare streams@25/0-worker,1079.6,973.1,710.1,723.2,1065.2
388,136827059411276,504.5,130.9,339.8,33.8,11.7,467.3,assemble attention plan@24/?-work_queue,Prepare hardware matmul job@24/?-work_queue,502.2,395.5,100.2,106.5,488.6
389,136827063993367,443.1,126.8,291.2,25.1,11.9,403.7,assemble attention plan@24/?-work_queue,Prepare hardware matmul job@24/?-work_queue,440.9,345.2,116.5,137.6,425.7
390,136827068570366,647.8,128.0,490.0,29.8,11.5,609.4,assemble attention plan@24/?-work_queue,Prepare hardware matmul job@24/?-work_queue,646.3,546.5,96.8,100.3,630.6
391,136827073301384,886.8,142.4,719.0,25.4,13.2,848.4,assemble attention plan@24/?-work_queue,Prepare hardware matmul job@24/?-work_queue,884.0,787.5,119.7,138.3,870.2
392,136827078250025,918.4,123.9,764.2,30.3,13.2,880.2,assemble attention plan@24/?-work_queue,Prepare hardware matmul job@24/?-work_queue,915.9,818.0,103.8,158.3,902.7
393,136827083237914,931.8,146.5,756.5,28.7,12.8,882.8,assemble attention plan@24/?-work_queue,Prepare hardware matmul job@24/?-work_queue,929.8,823.4,109.9,114.2,905.6
394,136827088261168,911.3,133.7,742.1,35.5,21.2,863.2,assemble attention plan@24/?-work_queue,Prepare hardware matmul job@24/?-work_queue,909.3,802.1,118.5,121.7,893.9
395,136827093284427,515.6,136.2,348.0,31.4,16.2,473.2,assemble attention plan@24/?-work_queue,Prepare hardware matmul job@24/?-work_queue,512.7,403.9,101.6,105.0,499.4
396,136827097911747,1312.9,625.1,617.9,69.9,30.0,666.4,rx collecting results@148/0-RX-13,prepare streams@25/0-worker,1310.8,1201.1,698.5,703.6,1297.6
397,136827103359718,820.5,134.4,659.3,26.8,11.9,782.6,assemble attention plan@24/?-work_queue,Prepare hardware matmul job@24/?-work_queue,819.1,723.6,127.1,133.6,804.7
398,136827108239778,1863.1,651.4,1086.8,124.9,66.4,1701.0,notify_listener@25/0-worker,work_queue::do_work get_work@24/?-work_queue,1860.7,1701.0,732.9,738.6,1845.8
399,136827114228529,513.8,138.9,349.1,25.7,11.8,476.6,assemble attention plan@24/?-work_queue,Prepare hardware matmul job@24/?-work_queue,512.3,417.0,110.5,114.7,498.3
400,136827118788623,430.8,121.5,283.2,26.1,12.5,392.4,assemble attention plan@24/?-work_queue,Prepare hardware matmul job@24/?-work_queue,428.6,330.8,103.8,107.2,414.5
401,136827123288646,895.1,152.0,717.3,25.8,12.2,850.3,assemble attention plan@24/?-work_queue,Prepare hardware matmul job@24/?-work_queue,893.2,791.2,129.1,138.5,872.5
402,136827128244360,505.3,128.8,352.8,23.7,11.5,460.8,assemble attention plan@24/?-work_queue,Prepare hardware matmul job@24/?-work_queue,503.7,401.9,102.9,106.4,481.5
403,136827132825514,511.9,133.1,352.0,26.9,14.7,472.3,assemble attention plan@24/?-work_queue,Prepare hardware matmul job@24/?-work_queue,509.4,401.7,97.0,100.4,495.9
404,136827137443354,757.4,128.9,604.3,24.1,10.8,720.7,assemble attention plan@24/?-work_queue,Prepare hardware matmul job@24/?-work_queue,755.3,648.9,86.2,95.7,740.6
405,136827142307820,873.3,128.8,712.9,31.6,11.1,838.0,assemble attention plan@24/?-work_queue,Prepare hardware matmul job@24/?-work_queue,871.6,780.2,126.3,132.5,858.2
406,136827147246538,1147.8,712.8,382.4,52.5,29.2,714.1,rx collecting results@148/0-RX-13,prepare streams@25/0-worker,1145.7,1051.7,746.0,760.0,1131.2
407,136827152517079,451.7,132.6,294.5,24.6,12.2,413.6,assemble attention plan@24/?-work_queue,Prepare hardware matmul job@24/?-work_queue,449.8,354.5,115.0,118.7,435.8
408,136827157075607,2178.0,873.6,1079.8,224.6,89.7,2063.4,assemble attention plan@24/?-work_queue,Prepare hardware matmul job@24/?-work_queue,2176.0,1706.3,762.9,766.3,2162.4
409,136827163434741,511.3,132.6,353.2,25.5,13.1,466.6,assemble attention plan@24/?-work_queue,Prepare hardware matmul job@24/?-work_queue,508.7,407.4,109.5,112.7,489.0
410,136827168077430,1170.2,568.8,537.6,63.8,27.9,680.7,rx collecting results@148/0-RX-13,prepare streams@25/0-worker,1166.7,1065.7,726.6,741.9,1152.3
411,136827173440285,513.2,134.8,353.1,25.2,11.5,475.9,assemble attention plan@24/?-work_queue,Prepare hardware matmul job@24/?-work_queue,510.7,402.5,100.2,104.6,497.5
412,136827178070688,1157.1,583.6,499.3,74.2,29.1,623.8,rx collecting results@148/0-RX-13,prepare streams@25/0-worker,1155.5,1060.1,654.7,740.6,1142.8
413,136827183377051,452.5,137.2,288.5,26.8,13.1,414.0,assemble attention plan@24/?-work_queue,Prepare hardware matmul job@24/?-work_queue,450.9,354.6,117.5,121.9,437.0
414,136827187985139,1127.4,138.1,960.9,28.3,15.5,1085.6,assemble attention plan@24/?-work_queue,Prepare hardware matmul job@24/?-work_queue,1124.6,1024.8,117.0,120.3,1110.6
415,136827193260098,1848.4,631.2,1163.8,53.4,19.6,667.4,rx collecting results@150/0-RX-3b,rx collecting results@148/0-RX-13,1846.2,1733.9,757.1,988.9,1825.5
416,136827199255973,1079.2,569.8,452.5,56.9,28.4,689.3,rx collecting results@148/0-RX-13,prepare streams@25/0-worker,1077.1,972.1,719.6,723.2,1053.3
417,136827204452553,1655.4,519.8,1083.5,52.1,22.1,1533.2,notify_listener@25/0-worker,work_queue::do_work get_work@24/?-work_queue,1653.3,1533.2,576.2,580.9,1639.8
418,136827210257443,1045.5,556.5,431.2,57.8,28.9,661.3,rx collecting results@148/0-RX-13,prepare streams@25/0-worker,1044.0,936.9,692.6,698.9,1029.7
419,136827215457676,746.0,121.4,597.5,27.1,12.0,706.3,assemble attention plan@24/?-work_queue,Prepare hardware matmul job@24/?-work_queue,744.6,646.5,110.0,114.6,728.1
420,136827220281324,885.8,142.9,720.4,22.4,10.8,850.0,assemble attention plan@24/?-work_queue,Prepare hardware matmul job@24/?-work_queue,883.3,791.7,119.3,132.0,870.1
421,136827225282610,505.7,132.6,346.5,26.6,12.0,468.8,assemble attention plan@24/?-work_queue,Prepare hardware matmul job@24/?-work_queue,503.9,408.9,105.1,108.5,490.0
422,136827229882375,531.9,126.9,379.7,25.2,13.0,485.2,assemble attention plan@24/?-work_queue,Prepare hardware matmul job@24/?-work_queue,529.6,425.2,115.4,124.6,507.6
423,136827234480578,772.9,138.4,600.0,34.5,13.7,725.4,assemble attention plan@24/?-work_queue,Prepare hardware matmul job@24/?-work_queue,771.0,660.9,115.9,142.6,749.1
424,136827239353190,1757.9,561.5,1170.0,26.4,11.8,1710.6,assemble attention plan@24/?-work_queue,Prepare hardware matmul job@24/?-work_queue,1755.3,1651.0,682.4,718.2,1740.5
425,136827245252605,529.8,135.5,369.7,24.6,12.6,491.3,assemble attention plan@24/?-work_queue,Prepare hardware matmul job@24/?-work_queue,527.8,419.7,99.3,107.9,513.5
426,136827249881232,464.9,148.2,291.4,25.3,11.7,427.5,assemble attention plan@24/?-work_queue,Prepare hardware matmul job@24/?-work_queue,463.2,366.8,101.7,131.7,448.8
427,136827254440796,766.3,128.7,607.6,30.0,11.8,730.4,assemble attention plan@24/?-work_queue,Prepare hardware matmul job@24/?-work_queue,764.4,665.9,104.1,108.7,751.5
428,136827259364297,495.6,130.6,338.5,26.5,11.4,458.6,assemble attention plan@24/?-work_queue,Prepare hardware matmul job@24/?-work_queue,493.2,396.5,97.4,101.0,479.4
429,136827264029703,1210.1,580.2,573.3,56.6,26.3,628.2,rx collecting results@148/0-RX-13,prepare streams@25/0-worker,1207.2,1107.8,656.6,664.3,1193.6
430,136827269356623,837.1,141.1,666.7,29.3,15.4,787.7,assemble attention plan@24/?-work_queue,Prepare hardware matmul job@24/?-work_queue,834.3,726.5,124.7,128.0,812.4
431,136827274299033,441.8,126.0,290.3,25.5,11.7,385.1,assemble attention plan@24/?-work_queue,Prepare hardware matmul job@24/?-work_queue,439.5,326.7,94.1,100.9,406.8
432,136827278835438,1265.3,158.9,1005.4,101.0,56.7,1076.4,notify_listener@25/0-worker,work_queue::do_work get_work@24/?-work_queue,1262.9,1076.4,127.2,136.8,1250.0
433,136827284231278,478.8,138.0,304.3,36.5,12.7,439.8,assemble attention plan@24/?-work_queue,Prepare hardware matmul job@24/?-work_queue,475.6,364.8,125.6,129.3,461.8
434,136827288811370,503.2,130.2,348.0,25.1,12.9,465.7,assemble attention plan@24/?-work_queue,Prepare hardware matmul job@24/?-work_queue,501.6,408.5,105.4,108.9,487.8
435,136827293400743,496.3,134.7,335.2,26.4,12.0,459.6,assemble attention plan@24/?-work_queue,Prepare hardware matmul job@24/?-work_queue,494.6,399.5,101.6,105.2,481.3
436,136827298184812,457.0,140.8,292.7,23.5,10.8,420.7,assemble attention plan@24/?-work_queue,Prepare hardware matmul job@24/?-work_queue,454.9,359.5,119.3,123.5,440.6
437,136827302813045,512.4,140.2,348.4,23.8,11.6,468.6,assemble attention plan@24/?-work_queue,Prepare hardware matmul job@24/?-work_queue,510.8,408.1,106.4,109.9,489.4
438,136827307428453,1046.0,518.2,498.3,29.4,12.1,1000.1,assemble attention plan@24/?-work_queue,Prepare hardware matmul job@24/?-work_queue,1044.3,936.6,601.1,604.6,1021.7
439,136827312600129,1520.3,371.5,1121.9,26.9,14.3,1479.0,assemble attention plan@24/?-work_queue,Prepare hardware matmul job@24/?-work_queue,1518.0,1410.2,441.4,456.2,1503.0
440,136827318213293,436.6,137.3,273.9,25.4,11.7,398.0,assemble attention plan@24/?-work_queue,Prepare hardware matmul job@24/?-work_queue,434.5,330.3,93.3,97.5,419.2
441,136827322749992,442.7,134.0,283.3,25.4,13.3,403.0,assemble attention plan@24/?-work_queue,Prepare hardware matmul job@24/?-work_queue,439.6,342.4,103.1,109.9,425.7
442,136827327287415,475.2,160.2,287.8,27.3,13.4,437.0,assemble attention plan@24/?-work_queue,Prepare hardware matmul job@24/?-work_queue,473.0,373.8,128.0,131.9,459.9
443,136827331844433,489.1,128.0,335.6,25.4,12.0,449.4,assemble attention plan@24/?-work_queue,Prepare hardware matmul job@24/?-work_queue,486.5,390.3,89.4,94.3,471.8
444,136827336445722,430.9,125.4,283.4,22.0,10.0,388.2,assemble attention plan@24/?-work_queue,Prepare hardware matmul job@24/?-work_queue,428.7,329.0,103.0,106.3,407.3
445,136827340981327,1243.9,536.4,653.8,53.7,24.0,612.3,rx collecting results@148/0-RX-13,prepare streams@25/0-worker,1240.4,1127.3,649.1,665.4,1224.1
446,136827346385389,501.1,128.0,342.9,30.3,18.1,457.9,assemble attention plan@24/?-work_queue,Prepare hardware matmul job@24/?-work_queue,499.3,387.0,90.3,97.6,485.3
447,136827350953689,1168.2,166.4,970.6,31.3,11.9,1130.0,assemble attention plan@24/?-work_queue,Prepare hardware matmul job@24/?-work_queue,1165.8,1053.7,130.7,136.1,1151.4
448,136827356314287,1049.3,602.8,421.7,24.9,12.5,1011.3,assemble attention plan@24/?-work_queue,Prepare hardware matmul job@24/?-work_queue,1046.2,952.1,709.2,712.9,1033.0
449,136827361526968,1509.0,328.8,970.5,209.8,102.7,1026.0,notify_listener@25/0-worker,work_queue::do_work get_work@24/?-work_queue,1507.0,1026.0,98.1,110.1,1492.5
450,136827367210217,1176.3,667.7,422.8,85.8,31.3,734.3,rx collecting results@148/0-RX-13,prepare streams@25/0-worker,1173.9,1079.8,768.1,777.5,1160.7
451,136827372497280,1609.6,496.7,1059.6,53.3,29.3,1480.9,notify_listener@25/0-worker,work_queue::do_work get_work@24/?-work_queue,1607.0,1480.9,554.5,558.1,1585.7
452,136827378285825,1131.0,574.1,486.6,70.3,30.5,690.2,rx collecting results@148/0-RX-13,prepare streams@25/0-worker,1128.4,1024.4,722.5,727.1,1113.4
453,136827383563724,1546.7,434.2,1049.5,63.0,41.3,1402.5,notify_listener@25/0-worker,work_queue::do_work get_work@24/?-work_queue,1544.6,1402.5,469.5,474.8,1529.9
454,136827389272668,1012.4,519.3,414.5,78.5,22.2,634.3,rx collecting results@148/0-RX-13,prepare streams@25/0-worker,1009.6,901.3,658.7,663.9,994.9
455,136827394416378,781.6,224.6,533.6,23.4,11.5,743.8,assemble attention plan@24/?-work_queue,Prepare hardware matmul job@24/?-work_queue,780.0,682.8,119.6,127.2,764.8
456,136827399312425,1786.7,570.9,1162.1,53.6,16.3,1679.9,notify_listener@25/0-worker,work_queue::do_work get_work@24/?-work_queue,1785.0,1679.9,702.8,708.3,1770.0
457,136827405263258,515.0,139.9,352.0,23.1,11.7,477.6,assemble attention plan@24/?-work_queue,Prepare hardware matmul job@24/?-work_queue,512.6,418.6,120.4,124.1,498.7
458,136827409930086,521.6,133.9,361.4,26.3,12.5,475.7,assemble attention plan@24/?-work_queue,Prepare hardware matmul job@24/?-work_queue,520.1,416.8,103.0,107.0,497.6
459,136827414569396,679.3,129.0,519.7,30.7,13.2,565.1,notify_listener@25/0-worker,work_queue::do_work get_work@24/?-work_queue,676.7,565.1,93.9,97.5,665.0
460,136827419405744,954.2,571.5,354.7,28.0,10.7,917.3,assemble attention plan@24/?-work_queue,Prepare hardware matmul job@24/?-work_queue,952.1,844.7,610.9,615.2,937.2
461,136827424549086,696.3,131.2,533.2,31.9,12.8,657.2,assemble attention plan@24/?-work_queue,Prepare hardware matmul job@24/?-work_queue,694.1,587.8,101.9,105.2,679.3
462,136827429327192,528.5,140.3,360.4,27.8,15.9,487.8,assemble attention plan@24/?-work_queue,Prepare hardware matmul job@24/?-work_queue,526.5,426.5,106.9,110.4,512.6
463,136827433995230,446.0,138.6,282.2,25.1,12.3,408.9,assemble attention plan@24/?-work_queue,Prepare hardware matmul job@24/?-work_queue,444.1,348.7,96.5,99.8,430.1
464,136827438580176,1530.7,666.5,822.5,41.7,16.1,89.0,rx collecting results@150/0-RX-3b,rx collecting results@148/0-RX-13,1523.1,1426.5,462.4,472.5,1508.1
465,136827444262021,913.0,139.1,747.8,26.1,13.4,867.0,assemble attention plan@24/?-work_queue,Prepare hardware matmul job@24/?-work_queue,910.9,806.2,111.8,115.6,890.0
466,136827449267286,520.9,131.4,356.3,33.2,11.5,474.7,assemble attention plan@24/?-work_queue,Prepare hardware matmul job@24/?-work_queue,519.1,414.9,112.0,115.3,504.1
467,136827453960197,1750.2,545.2,1035.9,169.1,78.1,1645.5,assemble attention plan@24/?-work_queue,Prepare hardware matmul job@24/?-work_queue,1747.2,1086.6,117.1,120.2,1733.0
468,136827459844730,546.4,188.1,335.6,22.7,10.4,510.5,assemble attention plan@24/?-work_queue,Prepare hardware matmul job@24/?-work_queue,544.2,449.8,212.6,232.6,530.3
469,136827464603489,498.3,129.3,339.2,29.8,13.3,459.5,assemble attention plan@24/?-work_queue,Prepare hardware matmul job@24/?-work_queue,496.0,395.8,100.3,104.1,482.3
470,136827469362322,419.9,123.7,271.1,25.2,11.7,381.5,assemble attention plan@24/?-work_queue,Prepare hardware matmul job@24/?-work_queue,416.2,323.2,95.6,99.0,401.7
471,136827473994295,1108.8,126.9,956.3,25.6,13.8,1070.0,assemble attention plan@24/?-work_queue,Prepare hardware matmul job@24/?-work_queue,1107.0,1012.1,94.6,98.6,1093.1
472,136827479297025,489.7,157.7,305.8,26.2,12.4,441.9,assemble attention plan@24/?-work_queue,Prepare hardware matmul job@24/?-work_queue,487.8,375.2,113.9,117.9,464.0
473,136827483912398,603.6,229.4,347.5,26.7,11.7,555.2,assemble attention plan@24/?-work_queue,Prepare hardware matmul job@24/?-work_queue,600.5,485.1,179.1,183.0,577.5
474,136827488639191,471.3,148.9,294.1,28.3,13.6,419.2,assemble attention plan@24/?-work_queue,Prepare hardware matmul job@24/?-work_queue,469.0,349.6,97.5,101.1,451.9
475,136827493317464,2224.5,905.7,1127.2,191.7,72.4,2126.5,assemble attention plan@24/?-work_queue,Prepare hardware matmul job@24/?-work_queue,2222.0,1634.5,716.5,720.0,2208.3
476,136827499711095,1385.0,315.7,1034.3,35.0,14.9,1279.5,notify_listener@25/0-worker,work_queue::do_work get_work@24/?-work_queue,1382.8,1279.5,322.9,379.3,1369.4
477,136827505235246,952.2,161.7,761.9,28.6,12.8,912.6,assemble attention plan@24/?-work_queue,Prepare hardware matmul job@24/?-work_queue,950.0,828.6,123.4,127.4,936.0
478,136827510356483,543.8,155.8,349.7,38.4,17.5,498.3,assemble attention plan@24/?-work_queue,Prepare hardware matmul job@24/?-work_queue,541.0,435.9,136.8,141.0,525.4
479,136827515019573,1086.5,136.7,926.7,23.1,10.2,1050.3,assemble attention plan@24/?-work_queue,Prepare hardware matmul job@24/?-work_queue,1084.7,987.4,115.3,119.8,1070.0
480,136827520234315,535.9,159.7,351.7,24.4,11.3,481.6,assemble attention plan@24/?-work_queue,Prepare hardware matmul job@24/?-work_queue,533.0,421.3,115.0,119.2,515.0
481,136827524854820,524.6,145.4,354.7,24.6,12.4,478.2,assemble attention plan@24/?-work_queue,Prepare hardware matmul job@24/?-work_queue,522.8,415.2,113.7,118.8,508.6
482,136827529524377,457.8,132.8,296.5,28.4,13.4,417.8,assemble attention plan@24/?-work_queue,Prepare hardware matmul job@24/?-work_queue,455.8,345.0,113.2,117.1,441.0
483,136827534207344,461.2,143.3,292.5,25.4,12.5,423.8,assemble attention plan@24/?-work_queue,Prepare hardware matmul job@24/?-work_queue,459.3,361.3,121.4,141.6,445.3
484,136827538785203,511.2,132.3,347.1,31.8,12.2,473.6,assemble attention plan@24/?-work_queue,Prepare hardware matmul job@24/?-work_queue,509.4,409.4,109.7,120.0,495.3
485,136827543388767,1717.8,594.4,1095.4,28.0,13.1,1679.2,assemble attention plan@24/?-work_queue,Prepare hardware matmul job@24/?-work_queue,1715.4,1618.6,654.2,678.5,1702.2
486,136827549314056,1137.0,660.1,418.6,58.4,25.8,627.0,rx collecting results@150/0-RX-3b,rx collecting results@148/0-RX-13,1134.2,1022.7,704.4,738.5,1109.7
487,136827554568985,450.0,122.4,299.1,28.5,13.0,398.8,assemble attention plan@24/?-work_queue,Prepare hardware matmul job@24/?-work_queue,448.5,338.8,99.9,109.3,420.8
488,136827559178822,1135.1,579.1,489.6,66.3,30.6,693.5,rx collecting results@148/0-RX-13,prepare streams@25/0-worker,1133.1,1024.9,725.9,729.5,1119.9
489,136827564433901,517.6,139.7,350.8,27.1,12.8,478.4,assemble attention plan@24/?-work_queue,Prepare hardware matmul job@24/?-work_queue,515.6,410.3,104.3,107.9,501.0
490,136827569165149,1170.7,553.9,540.1,76.7,35.1,705.0,rx collecting results@148/0-RX-13,prepare streams@25/0-worker,1168.7,1060.2,742.0,746.7,1155.3
491,136827574470404,743.2,184.9,533.5,24.8,11.5,706.5,assemble attention plan@24/?-work_queue,Prepare hardware matmul job@24/?-work_queue,740.6,642.8,94.5,168.9,727.2
492,136827579304470,428.3,139.0,264.1,25.1,12.0,389.4,assemble attention plan@24/?-work_queue,Prepare hardware matmul job@24/?-work_queue,426.0,331.0,113.8,119.1,410.7
493,136827583861224,501.6,130.2,345.8,25.6,11.9,464.2,assemble attention plan@24/?-work_queue,Prepare hardware matmul job@24/?-work_queue,498.8,402.2,94.9,99.7,485.7
494,136827588588733,467.4,154.7,283.6,29.1,15.1,417.9,assemble attention plan@24/?-work_queue,Prepare hardware matmul job@24/?-work_queue,465.1,353.6,114.4,118.8,441.9
495,136827593167741,523.8,181.7,311.4,30.7,13.3,472.6,assemble attention plan@24/?-work_queue,Prepare hardware matmul job@24/?-work_queue,520.7,408.2,158.9,162.4,495.1
496,136827597788953,457.1,142.7,289.0,25.4,13.1,419.4,assemble attention plan@24/?-work_queue,Prepare hardware matmul job@24/?-work_queue,455.2,351.9,111.7,115.3,442.2
497,136827602356392,1760.9,528.8,1101.7,130.3,69.6,1582.1,notify_listener@25/0-worker,work_queue::do_work get_work@24/?-work_queue,1758.4,1582.1,638.4,651.3,1742.6
498,136827608244263,1116.2,558.3,482.1,75.8,38.5,666.0,rx collecting results@148/0-RX-13,prepare streams@25/0-worker,1114.3,1015.8,706.5,722.8,1100.4
499,136827613507610,1601.6,506.7,1065.0,29.9,11.6,1565.5,assemble attention plan@24/?-work_queue,Prepare hardware matmul job@24/?-work_queue,1599.8,1499.2,526.2,530.3,1586.4
500,136827619240875,1918.9,1008.3,884.5,26.1,12.7,1879.8,assemble attention plan@24/?-work_queue,Prepare hardware matmul job@24/?-work_queue,1917.4,1815.9,1040.3,1065.5,1902.4
501,136827625285602,1819.2,694.6,1074.4,50.1,23.6,1700.9,notify_listener@25/0-worker,work_queue::do_work get_work@24/?-work_queue,1817.8,1700.9,747.0,766.5,1803.1
502,136827631340556,843.8,150.8,664.5,28.5,11.7,799.2,assemble attention plan@24/?-work_queue,Prepare hardware matmul job@24/?-work_queue,841.3,739.3,123.7,126.9,820.4
503,136827636319802,866.7,139.0,697.2,30.5,10.8,818.7,assemble attention plan@24/?-work_queue,Prepare hardware matmul job@24/?-work_queue,864.3,753.1,102.0,105.7,846.7
504,136827641289979,458.4,134.7,294.6,29.2,13.7,418.7,assemble attention plan@24/?-work_queue,Prepare hardware matmul job@24/?-work_queue,456.7,350.1,132.6,139.2,442.1
505,136827645861011,543.7,154.7,366.1,22.9,10.6,507.9,assemble attention plan@24/?-work_queue,Prepare hardware matmul job@24/?-work_queue,542.0,435.6,131.2,146.5,527.9
506,136827650502012,936.1,578.1,333.0,25.0,12.8,897.6,assemble attention plan@24/?-work_queue,Prepare hardware matmul job@24/?-work_queue,934.3,836.8,531.7,539.1,919.9
507,136827655590675,852.9,482.9,346.5,23.6,12.0,813.5,assemble attention plan@24/?-work_queue,Prepare hardware matmul job@24/?-work_queue,849.8,752.0,449.7,453.4,834.5
508,136827660530317,517.2,134.6,359.5,23.0,11.4,480.4,assemble attention plan@24/?-work_queue,Prepare hardware matmul job@24/?-work_queue,516.7,417.6,112.9,117.1,501.1
509,136827665270542,908.4,170.7,713.7,24.0,11.1,862.8,assemble attention plan@24/?-work_queue,Prepare hardware matmul job@24/?-work_queue,904.7,803.1,145.2,149.4,883.9
510,136827670247918,530.5,143.4,352.0,35.1,14.8,477.5,assemble attention plan@24/?-work_queue,Prepare hardware matmul job@24/?-work_queue,527.8,410.7,109.4,113.1,501.5
511,136827674891000,533.4,200.9,300.7,31.8,13.4,493.0,assemble attention plan@24/?-work_queue,Prepare hardware matmul job@24/?-work_queue,530.7,422.9,186.4,190.5,516.2
512,136827679568911,692.0,126.8,529.7,35.4,10.3,656.5,assemble attention plan@24/?-work_queue,Prepare hardware matmul job@24/?-work_queue,690.6,583.4,96.3,100.3,676.6
513,136827684495971,1604.3,388.8,1162.4,53.1,34.3,1476.2,notify_listener@25/0-worker,work_queue::do_work get_work@24/?-work_queue,1601.4,1476.2,554.8,564.6,1587.1
514,136827690212950,458.3,139.1,286.5,32.7,13.1,419.2,assemble attention plan@24/?-work_queue,Prepare hardware matmul job@24/?-work_queue,456.0,354.2,116.4,120.7,441.3
515,136827694777151,439.8,144.9,269.8,25.0,12.4,402.9,assemble attention plan@24/?-work_queue,Prepare hardware matmul job@24/?-work_queue,437.5,342.0,121.0,130.2,424.4
516,136827699339720,526.6,140.9,355.3,30.4,13.5,480.2,assemble attention plan@24/?-work_queue,Prepare hardware matmul job@24/?-work_queue,524.4,420.6,118.7,125.5,502.8
517,136827703951548,1160.0,143.9,988.2,27.8,12.2,1114.4,assemble attention plan@24/?-work_queue,Prepare hardware matmul job@24/?-work_queue,1159.7,1053.8,106.5,121.4,1143.4
518,136827709259655,1071.1,560.9,417.2,92.9,53.9,655.1,rx collecting results@148/0-RX-13,prepare streams@25/0-worker,1069.5,960.1,710.7,722.5,1055.1
519,136827714455931,460.4,133.2,290.3,36.9,13.6,421.1,assemble attention plan@24/?-work_queue,Prepare hardware matmul job@24/?-work_queue,457.8,351.0,122.1,114.2,444.5
520,136827719079002,1205.7,605.0,538.9,61.7,33.5,717.1,rx collecting results@148/0-RX-13,prepare streams@25/0-worker,1204.1,1105.1,752.8,755.9,1189.2
521,136827724525980,687.5,131.8,530.8,24.9,11.9,649.1,assemble attention plan@24/?-work_queue,Prepare hardware matmul job@24/?-work_queue,685.2,585.8,106.6,113.4,670.2
522,136827729342384,1764.6,601.2,1127.0,36.4,12.4,582.7,rx collecting results@149/0-RX-38,rx collecting results@148/0-RX-13,1762.0,1665.6,681.0,751.4,1747.7
523,136827735242828,536.4,132.9,370.8,32.7,13.0,486.4,assemble attention plan@24/?-work_queue,Prepare hardware matmul job@24/?-work_queue,533.9,425.2,127.7,135.0,508.9
524,136827739914135,456.0,142.4,286.6,27.0,12.0,408.7,assemble attention plan@24/?-work_queue,Prepare hardware matmul job@24/?-work_queue,453.2,345.7,111.1,122.7,438.2
525,136827744489204,1040.2,539.4,427.6,73.3,23.7,659.8,rx collecting results@148/0-RX-13,prepare streams@25/0-worker,1037.9,923.5,685.3,689.5,1023.5
526,136827749692495,433.3,144.4,257.6,31.3,16.5,390.6,assemble attention plan@24/?-work_queue,Prepare hardware matmul job@24/?-work_queue,433.7,325.9,99.6,126.3,416.3
527,136827754257228,502.9,142.4,334.7,25.8,11.4,466.6,assemble attention plan@24/?-work_queue,Prepare hardware matmul job@24/?-work_queue,501.1,400.0,98.3,102.2,487.7
528,136827758986199,467.7,132.9,308.3,26.6,13.5,427.8,assemble attention plan@24/?-work_queue,Prepare hardware matmul job@24/?-work_queue,465.1,367.0,120.7,129.7,451.1
529,136827763591227,648.5,147.4,473.7,27.4,12.0,602.2,assemble attention plan@24/?-work_queue,Prepare hardware matmul job@24/?-work_queue,646.3,540.3,114.0,119.6,624.2
530,136827768333982,1782.1,549.4,1130.8,102.0,48.4,626.3,kernel_add_rmsnorm_71@25/0-worker,prepare streams@25/0-worker,1779.9,1650.5,695.2,721.8,1766.2
531,136827774259017,1165.0,602.4,497.6,65.0,34.2,717.4,rx collecting results@148/0-RX-13,prepare streams@25/0-worker,1162.8,1054.4,753.0,757.9,1149.7
532,136827779658980,627.4,131.3,467.4,28.7,11.5,591.4,assemble attention plan@24/?-work_queue,Prepare hardware matmul job@24/?-work_queue,626.0,524.7,116.3,120.0,612.5
533,136827784414906,444.9,129.3,287.6,28.0,11.9,406.6,assemble attention plan@24/?-work_queue,Prepare hardware matmul job@24/?-work_queue,442.0,344.2,98.8,102.4,427.9
534,136827788946682,438.4,145.5,267.0,25.8,12.6,401.0,assemble attention plan@24/?-work_queue,Prepare hardware matmul job@24/?-work_queue,435.9,341.5,113.4,116.9,423.3
535,136827793500853,508.5,132.1,352.5,23.9,11.5,461.7,assemble attention plan@24/?-work_queue,Prepare hardware matmul job@24/?-work_queue,506.8,399.9,100.5,103.9,483.2
536,136827798111173,1213.2,580.8,570.3,62.2,23.8,731.2,rx collecting results@148/0-RX-13,prepare streams@25/0-worker,1210.8,1098.2,762.2,780.6,1197.1
537,136827803463461,1649.9,493.8,1118.0,38.1,21.1,1602.0,assemble attention plan@24/?-work_queue,Prepare hardware matmul job@24/?-work_queue,1647.8,1535.2,570.0,573.7,1632.6
538,136827809285908,455.7,142.9,287.9,24.8,13.0,417.6,assemble attention plan@24/?-work_queue,Prepare hardware matmul job@24/?-work_queue,452.6,347.5,115.3,119.4,439.8
539,136827813903749,592.3,196.5,368.4,27.3,12.3,554.6,assemble attention plan@24/?-work_queue,Prepare hardware matmul job@24/?-work_queue,590.2,492.4,179.0,183.3,576.4
540,136827818679842,528.7,143.0,360.5,25.3,11.1,494.0,assemble attention plan@24/?-work_queue,Prepare hardware matmul job@24/?-work_queue,527.1,433.5,123.4,145.2,514.0
541,136827823337500,1770.6,590.8,1145.8,33.9,12.8,1732.6,assemble attention plan@24/?-work_queue,Prepare hardware matmul job@24/?-work_queue,1768.8,1667.7,693.8,698.4,1754.8
542,136827829279727,533.8,150.0,355.8,28.1,15.7,484.4,assemble attention plan@24/?-work_queue,Prepare hardware matmul job@24/?-work_queue,531.1,422.0,113.9,117.0,509.2
543,136827833963976,1155.8,143.4,983.9,28.5,10.8,1109.6,assemble attention plan@24/?-work_queue,Prepare hardware matmul job@24/?-work_queue,1153.5,1041.9,109.7,117.7,1139.7
544,136827839261604,918.4,150.4,741.0,27.0,14.1,878.7,assemble attention plan@24/?-work_queue,Prepare hardware matmul job@24/?-work_queue,916.2,807.9,119.2,191.9,902.6
545,136827844380539,464.6,150.8,288.1,25.8,11.8,427.3,assemble attention plan@24/?-work_queue,Prepare hardware matmul job@24/?-work_queue,462.4,351.8,112.0,123.5,448.2
546,136827849008546,1144.2,615.1,456.3,72.8,29.9,708.8,rx collecting results@148/0-RX-13,prepare streams@25/0-worker,1142.7,1042.8,740.9,745.4,1128.2
547,136827854341084,844.3,135.5,680.1,28.7,12.3,806.8,assemble attention plan@24/?-work_queue,Prepare hardware matmul job@24/?-work_queue,841.8,744.6,111.0,197.5,828.5
548,136827859373484,522.1,141.4,353.4,27.3,14.5,482.4,assemble attention plan@24/?-work_queue,Prepare hardware matmul job@24/?-work_queue,520.0,421.2,113.5,118.0,506.3
549,136827864063855,1169.2,555.1,559.6,54.5,25.6,657.4,rx collecting results@148/0-RX-13,prepare streams@25/0-worker,1167.4,1068.7,684.8,695.4,1153.4
550,136827869440895,439.1,130.4,279.1,29.6,11.8,390.7,assemble attention plan@24/?-work_queue,Prepare hardware matmul job@24/?-work_queue,435.1,329.2,96.6,101.5,412.2
551,136827873998599,441.7,127.9,287.8,26.0,13.1,392.6,assemble attention plan@24/?-work_queue,Prepare hardware matmul job@24/?-work_queue,439.2,332.3,95.1,100.8,424.0
552,136827878598836,523.2,132.3,363.4,27.5,11.0,486.6,assemble attention plan@24/?-work_queue,Prepare hardware matmul job@24/?-work_queue,521.0,411.5,106.0,109.0,506.4
553,136827883225559,441.2,126.0,289.7,25.5,11.7,403.0,assemble attention plan@24/?-work_queue,Prepare hardware matmul job@24/?-work_queue,438.6,343.7,104.5,110.6,424.5
554,136827887795983,466.5,123.1,317.4,26.0,12.3,429.3,assemble attention plan@24/?-work_queue,Prepare hardware matmul job@24/?-work_queue,464.7,366.2,118.3,122.4,451.3
555,136827892409653,439.9,133.4,280.3,26.2,14.4,401.9,assemble attention plan@24/?-work_queue,Prepare hardware matmul job@24/?-work_queue,437.7,342.6,102.2,105.8,425.2
556,136827896969447,1143.6,132.7,987.0,23.9,11.5,1097.9,assemble attention plan@24/?-work_queue,Prepare hardware matmul job@24/?-work_queue,1141.1,1036.4,117.0,123.2,1118.8
557,136827902249174,435.4,145.9,262.0,27.5,12.3,388.4,assemble attention plan@24/?-work_queue,Prepare hardware matmul job@24/?-work_queue,433.6,326.4,104.9,111.4,410.1
558,136827906849246,514.9,140.2,343.0,31.7,17.7,461.8,assemble attention plan@24/?-work_queue,Prepare hardware matmul job@24/?-work_queue,513.8,398.8,97.1,100.7,498.1
559,136827911503496,526.6,136.2,360.9,29.5,12.6,488.4,assemble attention plan@24/?-work_queue,Prepare hardware matmul job@24/?-work_queue,524.5,410.3,98.7,102.5,510.4
560,136827916122901,1120.2,630.0,455.9,34.3,14.0,1079.9,assemble attention plan@24/?-work_queue,Prepare hardware matmul job@24/?-work_queue,1118.9,1017.6,649.8,757.0,1103.3
561,136827921470711,537.0,161.7,347.0,28.3,11.8,496.5,assemble attention plan@24/?-work_queue,Prepare hardware matmul job@24/?-work_queue,535.3,428.3,129.7,133.2,517.7
562,136827926152586,996.1,130.7,837.2,28.2,12.8,958.4,assemble attention plan@24/?-work_queue,Prepare hardware matmul job@24/?-work_queue,994.2,895.5,111.2,114.3,980.2
563,136827931332293,538.4,141.3,367.0,30.1,11.6,501.4,assemble attention plan@24/?-work_queue,Prepare hardware matmul job@24/?-work_queue,535.3,434.8,102.4,107.1,522.3
564,136827935996532,487.0,147.0,312.5,27.5,13.0,440.4,assemble attention plan@24/?-work_queue,Prepare hardware matmul job@24/?-work_queue,485.2,377.4,119.7,123.1,462.8
565,136827940609008,632.9,131.0,472.6,29.3,12.6,586.1,assemble attention plan@24/?-work_queue,Prepare hardware matmul job@24/?-work_queue,632.5,519.3,116.1,121.7,616.7
566,136827945405358,815.3,129.2,658.8,27.3,13.3,775.9,assemble attention plan@24/?-work_queue,Prepare hardware matmul job@24/?-work_queue,812.8,702.1,96.8,100.3,798.8
567,136827950428289,779.3,142.1,608.2,29.0,12.2,741.2,assemble attention plan@24/?-work_queue,Prepare hardware matmul job@24/?-work_queue,776.9,673.6,102.7,183.7,762.6
568,136827955353421,431.0,130.3,274.5,26.2,13.9,392.2,assemble attention plan@24/?-work_queue,Prepare hardware matmul job@24/?-work_queue,428.8,331.4,90.8,94.8,415.3
569,136827959946789,1162.2,138.2,992.6,31.3,12.8,1123.7,assemble attention plan@24/?-work_queue,Prepare hardware matmul job@24/?-work_queue,1159.6,1058.0,123.7,128.1,1146.2
570,136827965363173,836.9,138.1,672.9,25.8,11.0,793.3,assemble attention plan@24/?-work_queue,Prepare hardware matmul job@24/?-work_queue,834.7,730.7,114.9,122.8,813.2
571,136827970399004,519.9,129.0,360.9,29.9,12.4,473.0,assemble attention plan@24/?-work_queue,Prepare hardware matmul job@24/?-work_queue,518.2,410.5,104.5,108.4,494.3
572,136827975055404,445.2,124.4,281.6,39.2,23.6,395.7,assemble attention plan@24/?-work_queue,Prepare hardware matmul job@24/?-work_queue,443.1,332.3,111.6,117.1,429.0
573,136827979695326,442.9,140.3,275.8,26.8,13.2,403.5,assemble attention plan@24/?-work_queue,Prepare hardware matmul job@24/?-work_queue,441.0,331.7,100.3,103.9,426.3
574,136827984323229,861.4,136.2,694.0,31.3,15.2,819.4,assemble attention plan@24/?-work_queue,Prepare hardware matmul job@24/?-work_queue,859.4,750.5,105.7,109.0,844.1
575,136827989311605,520.5,139.1,352.9,28.5,10.8,483.5,assemble attention plan@24/?-work_queue,Prepare hardware matmul job@24/?-work_queue,517.3,421.0,114.4,119.4,503.4
576,136827993992265,503.0,136.2,340.4,26.4,11.2,466.7,assemble attention plan@24/?-work_queue,Prepare hardware matmul job@24/?-work_queue,500.9,403.1,96.1,99.3,486.9
577,136827998629826,501.5,132.5,343.0,26.0,11.6,463.4,assemble attention plan@24/?-work_queue,Prepare hardware matmul job@24/?-work_queue,499.0,400.2,101.5,105.1,484.6
578,136828003291022,902.9,129.3,743.7,29.9,13.9,854.3,assemble attention plan@24/?-work_queue,Prepare hardware matmul job@24/?-work_queue,901.0,791.5,117.6,120.8,878.1
579,136828008362726,892.0,322.6,540.0,29.4,12.4,845.0,assemble attention plan@24/?-work_queue,Prepare hardware matmul job@24/?-work_queue,890.0,775.7,118.8,125.0,875.5
580,136828013375099,447.2,139.6,283.9,23.6,11.8,410.9,assemble attention plan@24/?-work_queue,Prepare hardware matmul job@24/?-work_queue,444.4,337.8,103.8,106.9,431.9
581,136828017973232,1575.4,360.4,988.3,226.8,112.3,1436.4,assemble attention plan@24/?-work_queue,Prepare hardware matmul job@24/?-work_queue,1573.1,1047.5,112.5,116.2,1557.8
582,136828023772137,437.3,134.3,276.8,26.3,12.8,397.9,assemble attention plan@24/?-work_queue,Prepare hardware matmul job@24/?-work_queue,435.6,336.7,101.9,105.6,420.2
583,136828028401248,1702.8,587.9,1054.3,60.6,38.2,1569.4,notify_listener@25/0-worker,work_queue::do_work get_work@24/?-work_queue,1701.3,1569.4,618.6,622.0,1686.4
584,136828034295742,492.1,169.8,293.3,29.0,12.3,445.8,assemble attention plan@24/?-work_queue,Prepare hardware matmul job@24/?-work_queue,482.0,382.5,151.1,154.2,467.6
585,136828038916897,577.4,174.5,373.7,29.2,12.4,530.4,assemble attention plan@24/?-work_queue,Prepare hardware matmul job@24/?-work_queue,574.9,463.8,157.9,162.4,552.0
586,136828043668733,1824.7,521.7,1080.6,222.4,114.9,1681.6,assemble attention plan@24/?-work_queue,Prepare hardware matmul job@24/?-work_queue,1823.0,1312.5,379.0,382.8,1806.0
587,136828049726373,731.8,254.5,446.3,30.9,13.4,692.5,assemble attention plan@24/?-work_queue,Prepare hardware matmul job@24/?-work_queue,730.0,621.5,313.7,318.0,715.4
588,136828054600492,647.5,382.0,240.5,25.0,12.0,609.8,assemble attention plan@24/?-work_queue,Prepare hardware matmul job@24/?-work_queue,645.5,545.6,95.9,350.8,631.2
589,136828059494230,423.7,126.8,267.5,29.4,12.6,384.7,assemble attention plan@24/?-work_queue,Prepare hardware matmul job@24/?-work_queue,420.5,318.2,79.8,84.7,406.9
590,136828064119061,1058.5,647.4,327.9,83.2,27.7,679.0,rx collecting results@148/0-RX-13,prepare streams@25/0-worker,1056.6,951.9,708.1,711.4,1042.2
591,136828069371289,997.8,516.6,446.4,34.9,12.1,960.5,assemble attention plan@24/?-work_queue,Prepare hardware matmul job@24/?-work_queue,996.4,891.8,668.6,672.8,982.2
592,136828074540557,1606.3,620.9,930.1,55.4,30.4,667.6,rx collecting results@148/0-RX-13,prepare streams@25/0-worker,1603.7,1499.3,699.7,704.8,1583.7
593,136828080351397,461.8,141.4,290.6,29.8,11.5,414.6,assemble attention plan@24/?-work_queue,Prepare hardware matmul job@24/?-work_queue,458.9,347.5,102.8,106.3,435.8
594,136828084972151,528.1,153.9,347.4,26.7,13.1,489.0,assemble attention plan@24/?-work_queue,Prepare hardware matmul job@24/?-work_queue,525.9,413.8,116.0,119.5,511.7
595,136828089671346,1421.5,176.5,442.4,802.7,766.2,487.6,notify_listener@25/0-worker,work_queue::do_work get_work@24/?-work_queue,1419.6,487.6,112.4,116.7,1405.3
596,136828095249288,1124.0,583.7,472.5,67.8,24.5,665.0,rx collecting results@148/0-RX-13,prepare streams@25/0-worker,1122.1,1023.8,691.1,741.5,1108.4
597,136828100537037,1576.2,549.8,994.7,31.6,11.7,1539.2,assemble attention plan@24/?-work_queue,Prepare hardware matmul job@24/?-work_queue,1574.5,1473.4,525.9,555.5,1560.7
598,136828106311079,515.9,142.5,348.1,25.3,12.5,477.2,assemble attention plan@24/?-work_queue,Prepare hardware matmul job@24/?-work_queue,513.1,414.1,111.5,114.7,499.3
599,136828111087966,1266.5,676.1,511.4,79.1,34.9,803.7,rx collecting results@148/0-RX-13,prepare streams@25/0-worker,1248.9,1150.6,840.4,843.5,1241.6
600,136828116562447,897.6,339.8,532.0,25.8,12.8,850.8,assemble attention plan@24/?-work_queue,Prepare hardware matmul job@24/?-work_queue,895.6,786.7,482.9,487.7,873.2
601,136828121622373,676.9,135.2,505.6,36.1,19.0,632.0,assemble attention plan@24/?-work_queue,Prepare hardware matmul job@24/?-work_queue,674.8,562.0,120.4,129.2,660.6
602,136828126504539,945.8,466.7,450.5,28.5,12.8,908.3,assemble attention plan@24/?-work_queue,Prepare hardware matmul job@24/?-work_queue,943.6,831.4,529.5,535.4,930.2
603,136828131667855,1438.2,384.0,986.4,67.8,47.5,1291.5,notify_listener@25/0-worker,work_queue::do_work get_work@24/?-work_queue,1436.1,1291.5,369.7,437.3,1421.3
604,136828137271040,901.2,142.3,733.5,25.4,12.1,863.2,assemble attention plan@24/?-work_queue,Prepare hardware matmul job@24/?-work_queue,899.4,799.3,126.4,138.7,884.3
605,136828142373372,526.0,133.6,363.2,29.3,12.7,486.9,assemble attention plan@24/?-work_queue,Prepare hardware matmul job@24/?-work_queue,523.5,418.4,112.6,116.9,509.0
606,136828147054323,1270.8,644.8,526.5,99.6,67.1,757.0,kernel_add_rmsnorm_71@25/0-worker,prepare streams@25/0-worker,1268.6,1155.9,825.6,833.0,1246.6
607,136828152427560,452.0,131.1,291.7,29.3,13.4,402.2,assemble attention plan@24/?-work_queue,Prepare hardware matmul job@24/?-work_queue,449.3,336.3,107.4,110.9,425.4
608,136828157069357,1212.9,547.6,596.3,69.0,25.9,623.5,rx collecting results@148/0-RX-13,prepare streams@25/0-worker,1212.9,1100.5,651.2,665.5,1197.1
609,136828162506019,1618.8,491.7,1097.0,30.1,13.1,1580.7,assemble attention plan@24/?-work_queue,Prepare hardware matmul job@24/?-work_queue,1616.3,1504.6,540.4,561.4,1603.1
610,136828168287347,1816.0,662.6,1076.9,76.6,28.2,1692.6,notify_listener@25/0-worker,work_queue::do_work get_work@24/?-work_queue,1814.3,1692.6,727.7,743.7,1800.1
611,136828174359686,461.0,134.8,296.1,30.1,12.6,422.7,assemble attention plan@24/?-work_queue,Prepare hardware matmul job@24/?-work_queue,459.0,353.7,102.9,107.5,444.9
612,136828179030513,1132.5,646.2,425.3,61.0,32.9,674.6,rx collecting results@148/0-RX-13,prepare streams@25/0-worker,1130.6,1030.6,709.2,712.3,1115.8
613,136828184403206,811.9,143.9,638.9,29.2,12.4,764.5,assemble attention plan@24/?-work_queue,Prepare hardware matmul job@24/?-work_queue,809.4,696.6,126.6,130.4,787.0
614,136828189349568,1009.0,569.7,402.3,37.0,12.2,961.4,assemble attention plan@24/?-work_queue,Prepare hardware matmul job@24/?-work_queue,1006.9,896.8,671.2,675.4,991.2
615,136828194644554,1470.1,344.2,1068.8,57.0,39.7,1323.8,notify_listener@25/0-worker,work_queue::do_work get_work@24/?-work_queue,1467.9,1323.8,403.6,413.6,1454.1
616,136828200332263,844.7,121.7,687.8,35.2,11.7,807.7,assemble attention plan@24/?-work_queue,Prepare hardware matmul job@24/?-work_queue,842.9,744.6,111.8,116.2,829.1
617,136828205343338,435.0,131.0,273.7,30.4,12.3,397.4,assemble attention plan@24/?-work_queue,Prepare hardware matmul job@24/?-work_queue,433.0,329.9,94.4,113.8,418.9
618,136828209948447,503.0,179.0,286.3,37.7,13.6,464.7,assemble attention plan@24/?-work_queue,Prepare hardware matmul job@24/?-work_queue,501.3,404.1,182.4,186.6,488.4
619,136828214615042,765.3,406.1,328.8,30.3,12.3,715.7,assemble attention plan@24/?-work_queue,Prepare hardware matmul job@24/?-work_queue,750.3,649.8,420.8,427.3,737.0
620,136828219554523,457.4,140.1,289.8,27.5,12.6,404.9,assemble attention plan@24/?-work_queue,Prepare hardware matmul job@24/?-work_queue,454.7,340.0,100.1,103.8,426.6
621,136828224177599,466.8,136.0,305.6,25.2,11.8,419.0,assemble attention plan@24/?-work_queue,Prepare hardware matmul job@24/?-work_queue,464.2,354.4,90.4,94.4,449.3
622,136828228793822,474.0,145.6,296.5,31.9,16.5,431.1,assemble attention plan@24/?-work_queue,Prepare hardware matmul job@24/?-work_queue,464.0,352.8,109.2,113.4,456.5
623,136828233494056,950.9,559.7,361.8,29.5,14.2,911.1,assemble attention plan@24/?-work_queue,Prepare hardware matmul job@24/?-work_queue,948.9,843.8,541.0,546.4,935.3
624,136828238639345,1426.3,285.9,1022.9,117.5,63.5,1076.3,notify_listener@25/0-worker,work_queue::do_work get_work@24/?-work_queue,1424.0,1076.3,106.8,110.1,1410.8
625,136828244292449,2218.9,836.8,1137.9,244.3,103.7,2088.4,assemble attention plan@24/?-work_queue,Prepare hardware matmul job@24/?-work_queue,2216.1,1678.4,722.0,728.9,2201.4
626,136828250688791,608.7,155.3,429.1,24.3,10.6,563.5,assemble attention plan@24/?-work_queue,Prepare hardware matmul job@24/?-work_queue,605.9,499.2,124.3,139.4,584.8
627,136828255482979,1626.5,571.5,983.9,71.1,51.5,1462.9,notify_listener@25/0-worker,work_queue::do_work get_work@24/?-work_queue,1623.9,1462.9,551.5,557.9,1608.8
628,136828261317367,1799.6,578.2,1132.7,88.6,30.1,1659.9,notify_listener@25/0-worker,work_queue::do_work get_work@24/?-work_queue,1797.7,1659.9,711.6,715.4,1783.4
629,136828267369438,833.8,145.9,660.3,27.6,12.7,794.9,assemble attention plan@24/?-work_queue,Prepare hardware matmul job@24/?-work_queue,831.0,727.6,111.5,118.7,816.8
630,136828272341371,426.8,140.7,261.1,25.0,11.9,389.4,assemble attention plan@24/?-work_queue,Prepare hardware matmul job@24/?-work_queue,424.4,325.9,99.1,103.3,410.7
631,136828277036104,1106.8,564.5,497.0,45.3,21.4,670.9,rx collecting results@148/0-RX-13,prepare streams@25/0-worker,1097.1,1004.0,693.5,696.4,1089.4
632,136828282378832,1725.9,625.2,1022.6,78.0,57.7,1558.4,notify_listener@25/0-worker,work_queue::do_work get_work@24/?-work_queue,1723.9,1558.4,632.8,636.3,1703.0
633,136828288331530,2120.3,783.2,1106.8,230.3,97.3,1989.2,assemble attention plan@24/?-work_queue,Prepare hardware matmul job@24/?-work_queue,2118.7,1619.0,665.2,693.7,2096.7
634,136828294676773,1434.9,324.6,1065.8,44.5,23.9,1305.6,notify_listener@25/0-worker,work_queue::do_work get_work@24/?-work_queue,1433.2,1305.6,366.3,372.3,1418.9
635,136828300336999,1774.8,579.4,1147.5,47.9,13.5,1734.3,assemble attention plan@24/?-work_queue,Prepare hardware matmul job@24/?-work_queue,1771.0,1670.4,681.0,684.8,1757.0
636,136828306321468,2195.1,1009.2,983.5,202.4,111.0,2057.2,assemble attention plan@24/?-work_queue,Prepare hardware matmul job@24/?-work_queue,2192.8,1654.4,722.4,742.2,2177.9
637,136828312722144,601.0,148.8,424.2,27.9,13.6,562.6,assemble attention plan@24/?-work_queue,Prepare hardware matmul job@24/?-work_queue,598.6,502.2,121.3,129.2,585.9
638,136828317411038,964.0,613.6,318.4,31.9,15.5,904.4,assemble attention plan@24/?-work_queue,Prepare hardware matmul job@24/?-work_queue,961.7,841.3,615.8,620.6,929.4
639,136828322608202,651.8,150.2,473.7,28.0,12.1,605.2,assemble attention plan@24/?-work_queue,Prepare hardware matmul job@24/?-work_queue,649.9,538.1,118.4,133.5,626.3
640,136828327465750,559.9,147.9,385.7,26.3,13.1,514.4,assemble attention plan@24/?-work_queue,Prepare hardware matmul job@24/?-work_queue,557.8,437.3,100.2,103.7,544.1
641,136828332201327,1162.3,575.7,512.6,74.0,39.5,705.3,rx collecting results@148/0-RX-13,prepare streams@25/0-worker,1159.3,1048.8,747.2,758.1,1144.7
642,136828337592391,1563.5,645.6,849.9,68.0,26.6,701.2,rx collecting results@148/0-RX-13,prepare streams@25/0-worker,1561.3,1460.3,729.1,732.4,1546.5
643,136828343360982,467.4,140.1,303.5,23.8,11.6,428.7,assemble attention plan@24/?-work_queue,Prepare hardware matmul job@24/?-work_queue,464.1,365.8,117.8,124.2,450.1
644,136828348003978,495.4,155.9,310.2,29.3,12.9,447.7,assemble attention plan@24/?-work_queue,Prepare hardware matmul job@24/?-work_queue,493.6,384.6,117.6,121.6,470.2
645,136828352680805,456.3,128.2,295.3,32.8,11.0,408.7,assemble attention plan@24/?-work_queue,Prepare hardware matmul job@24/?-work_queue,453.4,343.6,102.8,107.4,437.1
646,136828357305682,2371.1,960.6,1143.1,267.4,98.4,1678.8,notify_listener@25/0-worker,work_queue::do_work get_work@24/?-work_queue,2368.3,1678.8,705.5,714.0,2353.8
647,136828363912188,531.5,132.6,363.7,35.3,12.4,493.6,assemble attention plan@24/?-work_queue,Prepare hardware matmul job@24/?-work_queue,529.3,418.1,109.1,112.8,515.1
648,136828368614153,525.8,132.9,365.8,27.1,10.8,488.1,assemble attention plan@24/?-work_queue,Prepare hardware matmul job@24/?-work_queue,524.0,420.5,118.8,138.9,508.4
649,136828373352276,448.3,148.0,275.4,24.9,12.0,411.5,assemble attention plan@24/?-work_queue,Prepare hardware matmul job@24/?-work_queue,445.6,347.1,120.7,124.9,432.8
650,136828377993443,450.2,152.1,273.0,25.2,12.0,395.0,assemble attention plan@24/?-work_queue,Prepare hardware matmul job@24/?-work_queue,447.7,329.8,105.1,108.3,415.9
651,136828382612722,432.6,124.8,281.3,26.5,12.5,385.7,assemble attention plan@24/?-work_queue,Prepare hardware matmul job@24/?-work_queue,431.2,321.1,88.7,93.6,407.2
652,136828387168073,1170.7,532.5,560.5,77.7,33.2,679.8,rx collecting results@148/0-RX-13,prepare streams@25/0-worker,1168.4,1052.9,715.0,718.3,1153.5
653,136828392555838,912.3,439.8,448.3,24.2,11.6,874.4,assemble attention plan@24/?-work_queue,Prepare hardware matmul job@24/?-work_queue,909.7,799.2,490.7,495.3,895.9
654,136828397712766,738.9,314.9,394.9,29.1,16.7,695.8,assemble attention plan@24/?-work_queue,Prepare hardware matmul job@24/?-work_queue,736.4,634.2,328.7,332.5,722.5
655,136828402661280,586.3,152.8,408.8,24.7,12.1,548.6,assemble attention plan@24/?-work_queue,Prepare hardware matmul job@24/?-work_queue,583.9,484.4,148.7,158.8,570.5
656,136828407392944,1006.0,617.3,361.7,27.0,12.1,968.8,assemble attention plan@24/?-work_queue,Prepare hardware matmul job@24/?-work_queue,1004.2,904.3,647.9,651.7,990.5
657,136828412642163,857.1,423.3,402.4,31.4,12.7,776.6,assemble attention plan@24/?-work_queue,Prepare hardware matmul job@24/?-work_queue,854.6,714.8,400.5,406.9,798.7
658,136828417659597,1006.5,556.5,386.0,64.1,28.8,610.6,rx collecting results@148/0-RX-13,prepare streams@25/0-worker,1003.6,892.0,640.9,644.4,987.7
659,136828422857169,516.4,132.4,349.7,34.3,12.4,479.3,assemble attention plan@24/?-work_queue,Prepare hardware matmul job@24/?-work_queue,514.8,402.1,95.9,105.8,501.1
660,136828427564502,828.3,466.1,336.1,26.1,12.9,789.5,assemble attention plan@24/?-work_queue,Prepare hardware matmul job@24/?-work_queue,825.3,726.0,477.5,496.5,811.9
661,136828432587518,640.6,145.2,466.9,28.5,12.3,602.7,assemble attention plan@24/?-work_queue,Prepare hardware matmul job@24/?-work_queue,638.0,533.6,109.7,113.6,624.5
662,136828437379267,2205.0,907.3,1065.3,232.3,122.3,2057.2,assemble attention plan@24/?-work_queue,Prepare hardware matmul job@24/?-work_queue,2203.1,1656.1,661.5,669.2,2189.0
663,136828443819298,575.6,158.8,390.6,26.2,13.5,528.9,assemble attention plan@24/?-work_queue,Prepare hardware matmul job@24/?-work_queue,575.7,463.4,123.6,145.3,551.8
664,136828448611397,625.5,136.7,464.2,24.6,12.3,576.9,assemble attention plan@24/?-work_queue,Prepare hardware matmul job@24/?-work_queue,623.5,512.6,105.8,120.9,598.3
665,136828453439962,1680.4,516.0,1105.3,59.1,38.4,1531.0,notify_listener@25/0-worker,work_queue::do_work get_work@24/?-work_queue,1677.8,1531.0,596.6,600.4,1663.0
666,136828459351479,862.9,133.2,684.4,45.2,12.5,823.9,assemble attention plan@24/?-work_queue,Prepare hardware matmul job@24/?-work_queue,860.6,749.9,128.7,155.1,846.3
667,136828464433245,978.6,593.3,355.7,29.6,12.5,940.9,assemble attention plan@24/?-work_queue,Prepare hardware matmul job@24/?-work_queue,976.3,872.2,605.8,616.5,962.3
668,136828469627949,1478.2,439.8,1012.9,25.6,13.0,1439.4,assemble attention plan@24/?-work_queue,Prepare hardware matmul job@24/?-work_queue,1475.4,1375.9,413.6,420.3,1461.7
669,136828475322163,1110.2,646.6,425.5,38.0,11.4,1073.2,assemble attention plan@24/?-work_queue,Prepare hardware matmul job@24/?-work_queue,1107.6,1002.4,692.2,699.1,1094.0
670,136828480633909,1542.1,555.0,922.6,64.4,34.4,629.1,rx collecting results@148/0-RX-13,prepare streams@25/0-worker,1540.6,1427.6,664.9,671.7,1516.0
671,136828486481653,517.0,134.6,349.3,33.0,11.1,468.8,assemble attention plan@24/?-work_queue,Prepare hardware matmul job@24/?-work_queue,514.6,398.9,92.3,95.5,499.6
672,136828491155339,530.5,146.0,356.9,27.6,13.4,492.6,assemble attention plan@24/?-work_queue,Prepare hardware matmul job@24/?-work_queue,528.3,418.9,107.0,111.0,515.7
673,136828496007459,426.0,127.2,267.3,31.5,11.5,389.3,assemble attention plan@24/?-work_queue,Prepare hardware matmul job@24/?-work_queue,423.6,319.2,101.7,114.9,410.0
674,136828500625590,1478.1,430.7,1005.6,41.8,21.2,1361.4,notify_listener@25/0-worker,work_queue::do_work get_work@24/?-work_queue,1474.7,1361.4,420.7,436.4,1461.8
675,136828506391398,1753.4,728.3,949.6,75.5,31.2,765.9,rx collecting results@148/0-RX-13,prepare streams@25/0-worker,1751.7,1645.8,799.1,808.8,1738.6
676,136828512429092,806.5,155.9,625.9,24.7,11.2,770.1,assemble attention plan@24/?-work_queue,Prepare hardware matmul job@24/?-work_queue,804.4,706.2,119.7,145.6,790.4
677,136828517395438,807.3,143.6,635.1,28.7,12.3,763.0,assemble attention plan@24/?-work_queue,Prepare hardware matmul job@24/?-work_queue,804.9,693.8,108.4,112.0,784.8
678,136828522441435,1683.6,570.1,1051.7,61.9,31.2,630.6,rx collecting results@148/0-RX-13,prepare streams@25/0-worker,1681.6,1567.5,663.9,670.6,1666.7
679,136828528312127,887.3,168.5,678.2,40.6,22.6,837.5,assemble attention plan@24/?-work_queue,Prepare hardware matmul job@24/?-work_queue,885.5,771.6,97.4,101.0,869.7
680,136828533390020,461.3,145.2,289.5,26.6,13.6,422.8,assemble attention plan@24/?-work_queue,Prepare hardware matmul job@24/?-work_queue,459.3,346.0,108.6,113.9,445.7
681,136828538053855,1235.3,606.1,556.7,72.5,26.4,685.0,rx collecting results@148/0-RX-13,prepare streams@25/0-worker,1233.3,1130.6,713.1,781.4,1218.7
682,136828543489981,513.6,134.1,346.9,32.6,12.3,472.1,assemble attention plan@24/?-work_queue,Prepare hardware matmul job@24/?-work_queue,508.2,408.8,104.8,109.1,493.9
683,136828548179759,478.8,141.3,310.8,26.7,12.5,441.6,assemble attention plan@24/?-work_queue,Prepare hardware matmul job@24/?-work_queue,476.7,380.2,139.3,142.5,463.2
684,136828552880918,1637.8,458.6,978.0,201.2,105.6,1499.8,assemble attention plan@24/?-work_queue,Prepare hardware matmul job@24/?-work_queue,1635.5,1126.8,215.1,219.0,1615.3
685,136828558755022,512.4,170.3,312.2,30.0,11.0,463.7,assemble attention plan@24/?-work_queue,Prepare hardware matmul job@24/?-work_queue,509.8,398.2,109.7,135.3,484.3
686,136828563470019,1661.9,524.8,1106.7,30.5,17.0,1611.3,assemble attention plan@24/?-work_queue,Prepare hardware matmul job@24/?-work_queue,1659.8,1546.0,564.9,568.0,1646.8
687,136828569362302,1070.6,519.7,525.9,24.9,12.3,1033.1,assemble attention plan@24/?-work_queue,Prepare hardware matmul job@24/?-work_queue,1068.4,956.9,657.9,661.7,1054.7
688,136828574634981,806.5,379.4,400.9,26.3,11.4,769.2,assemble attention plan@24/?-work_queue,Prepare hardware matmul job@24/?-work_queue,804.2,702.1,403.8,409.9,789.6
689,136828579689619,759.1,343.9,390.1,25.1,11.6,720.2,assemble attention plan@24/?-work_queue,Prepare hardware matmul job@24/?-work_queue,756.3,655.4,354.0,357.4,741.7
690,136828584644371,515.1,137.2,352.2,25.7,12.7,477.1,assemble attention plan@24/?-work_queue,Prepare hardware matmul job@24/?-work_queue,512.7,410.6,112.3,117.5,498.7
691,136828589380912,519.7,132.6,360.6,26.5,12.8,480.4,assemble attention plan@24/?-work_queue,Prepare hardware matmul job@24/?-work_queue,517.1,415.7,93.9,106.0,502.8
692,136828594101327,1191.6,694.2,426.2,71.2,29.1,770.1,rx collecting results@148/0-RX-13,prepare streams@25/0-worker,1189.8,1076.0,801.1,805.5,1168.6
693,136828599504598,455.4,128.1,292.7,34.7,11.7,408.4,assemble attention plan@24/?-work_queue,Prepare hardware matmul job@24/?-work_queue,452.7,345.2,109.5,124.0,438.7
694,136828604141323,1025.1,194.7,791.8,38.6,11.6,987.2,assemble attention plan@24/?-work_queue,Prepare hardware matmul job@24/?-work_queue,1023.4,905.2,112.0,123.7,1008.3
695,136828609401403,1810.0,360.5,537.7,911.7,779.4,605.7,notify_listener@25/0-worker,work_queue::do_work get_work@24/?-work_queue,1808.0,605.7,124.2,134.6,1793.1
696,136828615497414,711.8,139.4,543.4,29.0,13.6,673.2,assemble attention plan@24/?-work_queue,Prepare hardware matmul job@24/?-work_queue,709.7,607.7,117.2,121.7,696.1
697,136828620439463,506.8,136.3,346.3,24.1,12.3,468.6,assemble attention plan@24/?-work_queue,Prepare hardware matmul job@24/?-work_queue,503.8,405.3,101.8,105.7,491.0
698,136828625133464,1980.7,853.1,1078.3,49.3,25.2,1851.9,notify_listener@25/0-worker,work_queue::do_work get_work@24/?-work_queue,1979.2,1851.9,916.4,937.4,1958.2
699,136828631362468,1744.7,564.6,1057.8,122.3,61.1,1562.1,notify_listener@25/0-worker,work_queue::do_work get_work@24/?-work_queue,1742.3,1562.1,651.7,656.1,1718.9
700,136828637300637,528.6,137.0,359.3,32.3,19.5,481.6,assemble attention plan@24/?-work_queue,Prepare hardware matmul job@24/?-work_queue,526.2,418.8,121.4,125.3,510.7
701,136828642033182,1055.5,561.6,431.3,62.6,37.9,600.7,rx collecting results@148/0-RX-13,prepare streams@25/0-worker,1053.9,939.6,639.9,643.2,1037.1
702,136828647262769,1835.4,844.7,839.3,151.4,51.0,1593.4,notify_listener@25/0-worker,work_queue::do_work get_work@24/?-work_queue,1833.8,1593.4,652.3,931.9,1818.3
703,136828653324582,872.2,140.7,707.0,24.5,10.8,836.4,assemble attention plan@24/?-work_queue,Prepare hardware matmul job@24/?-work_queue,870.5,771.0,100.1,103.5,857.1
704,136828658397753,1509.5,320.4,991.7,197.4,103.0,1380.4,assemble attention plan@24/?-work_queue,Prepare hardware matmul job@24/?-work_queue,1506.7,1036.7,91.6,110.9,1492.4
705,136828664145444,459.3,136.9,297.1,25.3,12.2,422.3,assemble attention plan@24/?-work_queue,Prepare hardware matmul job@24/?-work_queue,457.3,356.2,116.6,120.4,443.8
706,136828668771756,707.0,314.1,365.4,27.5,13.0,660.6,assemble attention plan@24/?-work_queue,Prepare hardware matmul job@24/?-work_queue,704.8,595.5,295.9,299.0,683.8
707,136828673673118,787.9,321.2,441.5,25.2,11.6,742.0,assemble attention plan@24/?-work_queue,Prepare hardware matmul job@24/?-work_queue,785.7,676.2,372.8,383.9,762.9
708,136828678656804,450.8,141.1,275.1,34.6,22.3,402.2,assemble attention plan@24/?-work_queue,Prepare hardware matmul job@24/?-work_queue,448.4,333.1,105.7,109.1,434.6
709,136828683282382,535.7,147.4,361.3,27.0,13.6,496.5,assemble attention plan@24/?-work_queue,Prepare hardware matmul job@24/?-work_queue,533.9,417.7,110.6,117.0,519.5
710,136828687962715,1153.3,186.7,930.1,36.5,11.5,1114.4,assemble attention plan@24/?-work_queue,Prepare hardware matmul job@24/?-work_queue,1150.1,1044.5,130.1,134.2,1135.5
711,136828693322286,873.1,141.0,706.6,25.4,12.6,835.3,assemble attention plan@24/?-work_queue,Prepare hardware matmul job@24/?-work_queue,870.5,769.2,131.9,135.7,856.9
712,136828698347476,1792.0,634.9,1083.4,73.7,31.2,681.6,rx collecting results@148/0-RX-13,prepare streams@25/0-worker,1790.3,1685.4,719.9,787.1,1777.0
713,136828704434699,937.0,587.2,307.0,42.8,18.2,537.7,rx collecting results@147/0-RX-10,rx collecting results@148/0-RX-13,934.4,825.1,584.5,593.0,911.0
714,136828709537920,472.7,128.2,320.2,24.4,12.8,419.4,assemble attention plan@24/?-work_queue,Prepare hardware matmul job@24/?-work_queue,469.9,358.2,102.2,105.6,442.0
715,136828714273977,1136.4,611.1,454.7,70.6,34.8,663.1,rx collecting results@148/0-RX-13,prepare streams@25/0-worker,1134.0,1024.2,700.0,703.4,1121.3
716,136828719677216,1436.2,333.1,1040.0,63.1,45.5,1285.1,notify_listener@25/0-worker,work_queue::do_work get_work@24/?-work_queue,1434.1,1285.1,363.2,367.8,1420.6
717,136828725425016,1688.5,649.9,972.6,66.0,30.9,653.6,rx collecting results@148/0-RX-13,prepare streams@25/0-worker,1685.5,1583.3,701.1,729.1,1670.7
718,136828731328630,849.7,129.9,689.7,30.1,15.9,807.7,assemble attention plan@24/?-work_queue,Prepare hardware matmul job@24/?-work_queue,847.7,742.8,88.8,92.4,833.0
719,136828736348353,2264.4,957.8,1073.5,233.2,120.9,2117.2,assemble attention plan@24/?-work_queue,Prepare hardware matmul job@24/?-work_queue,2262.3,1707.3,668.6,677.3,2247.5
720,136828742937158,1176.7,178.5,971.4,26.8,13.8,1135.1,assemble attention plan@24/?-work_queue,Prepare hardware matmul job@24/?-work_queue,1174.6,1071.5,180.8,191.8,1159.1
721,136828748284970,574.6,154.0,396.6,24.0,12.1,529.0,assemble attention plan@24/?-work_queue,Prepare hardware matmul job@24/?-work_queue,571.9,465.9,128.1,145.8,550.7
722,136828753013667,1109.8,149.0,935.8,25.0,11.8,1061.2,assemble attention plan@24/?-work_queue,Prepare hardware matmul job@24/?-work_queue,1108.0,996.2,113.0,123.8,1092.3
723,136828758318615,523.7,147.3,349.0,27.4,14.0,485.7,assemble attention plan@24/?-work_queue,Prepare hardware matmul job@24/?-work_queue,521.3,410.2,112.2,116.1,508.5
724,136828763044230,1198.3,557.7,570.7,69.9,32.6,699.1,rx collecting results@148/0-RX-13,prepare streams@25/0-worker,1196.7,1094.5,733.8,817.4,1183.6
725,136828768404287,500.4,131.0,344.1,25.4,12.3,462.3,assemble attention plan@24/?-work_queue,Prepare hardware matmul job@24/?-work_queue,498.4,396.4,100.7,104.1,483.9
726,136828773107849,1212.6,656.2,494.4,62.0,37.1,747.9,rx collecting results@148/0-RX-13,prepare streams@25/0-worker,1208.9,1110.0,786.9,790.4,1195.0
727,136828778529086,525.8,142.7,358.9,24.3,11.7,482.7,assemble attention plan@24/?-work_queue,Prepare hardware matmul job@24/?-work_queue,523.7,416.0,112.8,116.6,504.0
728,136828783228220,962.3,156.9,780.2,25.2,12.2,911.6,assemble attention plan@24/?-work_queue,Prepare hardware matmul job@24/?-work_queue,960.5,846.9,124.1,128.6,933.8
729,136828788387778,814.8,125.7,654.3,34.9,22.5,766.0,assemble attention plan@24/?-work_queue,Prepare hardware matmul job@24/?-work_queue,813.4,699.1,97.5,102.4,798.2
730,136828793351392,1765.5,602.8,1039.9,122.9,51.6,1601.9,notify_listener@25/0-worker,work_queue::do_work get_work@24/?-work_queue,1763.3,1601.9,658.5,662.4,1748.9
731,136828799339478,512.2,149.3,339.2,23.7,11.5,476.5,assemble attention plan@24/?-work_queue,Prepare hardware matmul job@24/?-work_queue,510.7,410.3,101.0,120.3,496.8
732,136828804043755,506.5,131.7,349.2,25.6,13.2,467.6,assemble attention plan@24/?-work_queue,Prepare hardware matmul job@24/?-work_queue,504.8,403.2,103.8,108.2,490.0
733,136828808763814,522.4,181.9,307.2,33.3,12.1,483.4,assemble attention plan@24/?-work_queue,Prepare hardware matmul job@24/?-work_queue,519.0,418.5,153.7,178.1,504.8
734,136828813439149,453.3,131.7,287.1,34.5,15.6,402.6,assemble attention plan@24/?-work_queue,Prepare hardware matmul job@24/?-work_queue,451.7,332.9,113.5,116.9,428.3
735,136828818080756,1220.9,573.6,589.0,58.2,33.9,633.8,rx collecting results@148/0-RX-13,prepare streams@25/0-worker,1217.5,1108.6,677.4,697.3,1201.8
736,136828823477948,976.0,495.2,451.6,29.2,13.6,937.4,assemble attention plan@24/?-work_queue,Prepare hardware matmul job@24/?-work_queue,974.3,859.2,556.8,560.7,960.6
737,136828828696968,544.4,150.3,359.9,34.2,12.8,503.9,assemble attention plan@24/?-work_queue,Prepare hardware matmul job@24/?-work_queue,541.1,429.1,116.4,125.5,526.7
738,136828833540157,535.8,148.3,360.8,26.8,11.9,496.3,assemble attention plan@24/?-work_queue,Prepare hardware matmul job@24/?-work_queue,532.5,422.5,119.5,123.1,518.2
739,136828838292673,500.1,139.0,334.7,26.4,11.3,462.2,assemble attention plan@24/?-work_queue,Prepare hardware matmul job@24/?-work_queue,496.6,397.8,94.9,98.2,482.7
740,136828842972894,460.6,133.3,302.9,24.3,11.4,424.2,assemble attention plan@24/?-work_queue,Prepare hardware matmul job@24/?-work_queue,458.9,358.3,117.7,123.1,445.0
741,136828847646403,481.7,158.6,291.5,31.6,12.5,420.9,assemble attention plan@24/?-work_queue,Prepare hardware matmul job@24/?-work_queue,479.7,350.2,111.1,116.4,442.8
742,136828852255669,1857.4,638.6,1125.7,93.1,55.9,1691.0,notify_listener@25/0-worker,work_queue::do_work get_work@24/?-work_queue,1855.1,1691.0,761.6,765.5,1840.5
743,136828858330696,2402.9,788.6,1265.4,348.8,126.6,2112.0,setup_logits@24/?-work_queue,gather_token_data@24/?-work_queue,2400.8,1748.1,679.1,683.1,2385.9
744,136828864970550,1138.9,125.1,986.8,27.0,11.7,1101.9,assemble attention plan@24/?-work_queue,Prepare hardware matmul job@24/?-work_queue,1136.5,1036.8,102.7,196.6,1123.1
745,136828870322848,1787.3,640.7,1120.1,26.6,11.9,1751.3,assemble attention plan@24/?-work_queue,Prepare hardware matmul job@24/?-work_queue,1785.5,1685.7,698.5,723.4,1772.2
746,136828876355430,856.4,151.7,670.1,34.6,12.3,816.9,assemble attention plan@24/?-work_queue,Prepare hardware matmul job@24/?-work_queue,853.7,751.2,143.2,176.1,839.3
747,136828881406238,1706.3,662.3,960.8,83.2,55.5,645.1,kernel_add_rmsnorm_71@25/0-worker,prepare streams@25/0-worker,1703.7,1599.4,702.5,714.7,1688.6
748,136828887395714,806.1,146.9,631.0,28.2,11.8,761.3,assemble attention plan@24/?-work_queue,Prepare hardware matmul job@24/?-work_queue,804.4,694.4,101.6,108.9,782.9
749,136828892409089,954.3,568.3,341.9,44.0,16.8,525.1,rx collecting results@147/0-RX-10,rx collecting results@148/0-RX-13,952.1,841.9,606.0,609.9,937.1
750,136828897632912,472.2,151.7,291.0,29.5,16.5,430.6,assemble attention plan@24/?-work_queue,Prepare hardware matmul job@24/?-work_queue,470.2,348.4,102.1,107.3,456.2
751,136828902370475,446.7,140.7,277.8,28.1,12.1,409.3,assemble attention plan@24/?-work_queue,Prepare hardware matmul job@24/?-work_queue,444.8,340.3,103.4,111.0,431.4
752,136828907007075,1129.6,133.9,971.5,24.1,10.8,1091.8,assemble attention plan@24/?-work_queue,Prepare hardware matmul job@24/?-work_queue,1127.0,1026.1,101.0,104.2,1112.3
753,136828912327759,868.9,135.8,705.6,27.5,11.7,832.0,assemble attention plan@24/?-work_queue,Prepare hardware matmul job@24/?-work_queue,865.8,763.4,158.2,163.1,852.9
754,136828917355803,447.2,153.1,267.9,26.2,11.8,401.6,assemble attention plan@24/?-work_queue,Prepare hardware matmul job@24/?-work_queue,444.3,335.5,105.7,109.2,423.3
755,136828922065688,1288.5,581.7,651.9,55.0,30.4,834.3,rx collecting results@148/0-RX-13,prepare streams@25/0-worker,1286.2,1176.9,866.8,870.1,1263.7
756,136828927543023,721.4,139.4,557.5,24.5,10.8,674.2,assemble attention plan@24/?-work_queue,Prepare hardware matmul job@24/?-work_queue,719.2,606.9,108.2,111.7,704.0
757,136828932512648,716.1,153.5,537.2,25.4,12.5,677.8,assemble attention plan@24/?-work_queue,Prepare hardware matmul job@24/?-work_queue,714.0,599.9,119.9,179.6,699.8
758,136828937419192,1699.9,604.6,1045.7,49.6,18.1,547.6,rx collecting results@149/0-RX-38,rx collecting results@148/0-RX-13,1697.3,1589.3,601.8,679.4,1681.7
759,136828943379370,514.7,126.1,361.4,27.1,12.3,476.0,assemble attention plan@24/?-work_queue,Prepare hardware matmul job@24/?-work_queue,511.9,411.4,106.7,115.4,497.6
760,136828948086194,1215.7,691.8,453.5,70.4,21.9,730.9,rx collecting results@148/0-RX-13,prepare streams@25/0-worker,1213.5,1108.2,774.4,801.7,1198.0
761,136828953529464,521.9,139.6,357.8,24.5,11.6,477.0,assemble attention plan@24/?-work_queue,Prepare hardware matmul job@24/?-work_queue,519.5,410.2,101.0,105.3,498.0
762,136828958274882,2866.5,883.2,1522.5,460.8,243.1,716.0,rx collecting results@148/0-RX-13,prepare streams@25/0-worker,2863.6,2274.9,961.3,966.4,2840.0
763,136828965371114,1060.8,589.8,423.6,47.4,16.1,559.4,rx collecting results@150/0-RX-3b,rx collecting results@148/0-RX-13,1058.8,946.5,642.7,650.1,1044.6
764,136828970571686,1543.7,401.6,1079.2,62.9,34.7,1399.7,notify_listener@25/0-worker,work_queue::do_work get_work@24/?-work_queue,1541.9,1399.7,474.2,477.7,1528.0
765,136828976357846,1064.2,657.8,375.4,31.0,12.5,1024.9,assemble attention plan@24/?-work_queue,Prepare hardware matmul job@24/?-work_queue,1062.5,956.5,657.9,668.0,1047.5
766,136828981611366,755.0,369.2,354.5,31.3,15.3,713.0,assemble attention plan@24/?-work_queue,Prepare hardware matmul job@24/?-work_queue,752.7,646.2,421.3,425.1,738.8
767,136828986551414,522.7,144.3,352.3,26.1,12.3,484.7,assemble attention plan@24/?-work_queue,Prepare hardware matmul job@24/?-work_queue,520.3,415.5,110.5,114.3,507.0
768,136828991297402,1076.1,645.2,401.9,29.0,13.3,1028.7,assemble attention plan@24/?-work_queue,Prepare hardware matmul job@24/?-work_queue,1075.3,964.5,745.8,749.9,1051.6
769,136828996606488,633.4,148.6,460.1,24.7,12.4,585.4,assemble attention plan@24/?-work_queue,Prepare hardware matmul job@24/?-work_queue,630.7,520.2,116.3,121.1,615.4
770,136829001441117,949.0,529.7,381.3,38.1,13.8,909.1,assemble attention plan@24/?-work_queue,Prepare hardware matmul job@24/?-work_queue,947.6,831.6,580.0,583.4,932.9
771,136829006623618,461.6,138.8,299.5,23.3,10.9,425.3,assemble attention plan@24/?-work_queue,Prepare hardware matmul job@24/?-work_queue,459.5,348.0,111.8,115.5,445.6
772,136829011205862,958.4,142.7,791.0,24.7,11.1,919.9,assemble attention plan@24/?-work_queue,Prepare hardware matmul job@24/?-work_queue,956.0,851.8,117.0,243.8,940.8
773,136829016376333,820.5,172.6,624.1,23.8,11.0,782.4,assemble attention plan@24/?-work_queue,Prepare hardware matmul job@24/?-work_queue,818.2,715.8,142.2,163.0,803.4
774,136829021404678,460.0,147.5,286.2,26.4,11.6,422.7,assemble attention plan@24/?-work_queue,Prepare hardware matmul job@24/?-work_queue,458.0,355.3,107.9,113.3,443.8
775,136829026056037,1194.1,689.7,443.9,60.6,30.3,692.1,rx collecting results@148/0-RX-13,prepare streams@25/0-worker,1191.7,1079.7,724.3,728.9,1170.1
776,136829031464207,807.1,152.0,628.0,27.0,13.9,757.6,assemble attention plan@24/?-work_queue,Prepare hardware matmul job@24/?-work_queue,804.0,690.8,111.4,146.0,780.6
777,136829036461237,794.4,134.2,627.1,33.1,20.9,746.4,assemble attention plan@24/?-work_queue,Prepare hardware matmul job@24/?-work_queue,792.3,681.4,118.9,196.4,777.1
778,136829041467397,745.2,138.0,579.1,28.1,13.3,706.0,assemble attention plan@24/?-work_queue,Prepare hardware matmul job@24/?-work_queue,743.5,628.1,92.5,104.5,728.9
779,136829046443119,463.5,138.9,296.6,28.0,13.1,424.7,assemble attention plan@24/?-work_queue,Prepare hardware matmul job@24/?-work_queue,460.9,356.4,96.3,119.5,446.7
780,136829051195961,1165.3,628.9,475.9,60.6,35.4,721.2,rx collecting results@148/0-RX-13,prepare streams@25/0-worker,1163.3,1063.5,758.9,766.8,1149.3
781,136829056596995,631.0,123.1,481.9,26.1,11.6,595.0,assemble attention plan@24/?-work_queue,Prepare hardware matmul job@24/?-work_queue,628.4,529.2,116.3,120.0,615.8
782,136829061445656,476.1,150.5,295.9,29.7,17.1,426.1,assemble attention plan@24/?-work_queue,Prepare hardware matmul job@24/?-work_queue,474.4,364.1,120.3,124.4,453.4
783,136829066173139,986.7,146.4,815.7,24.6,11.7,937.5,assemble attention plan@24/?-work_queue,Prepare hardware matmul job@24/?-work_queue,985.1,874.0,105.2,112.2,970.9
784,136829071366724,526.0,134.9,363.7,27.4,15.1,485.6,assemble attention plan@24/?-work_queue,Prepare hardware matmul job@24/?-work_queue,524.2,410.4,99.2,102.1,510.1
785,136829076110505,2353.3,943.4,1155.0,254.9,106.3,2220.6,assemble attention plan@24/?-work_queue,Prepare hardware matmul job@24/?-work_queue,2351.0,1729.8,761.6,766.9,2335.7
786,136829082698754,527.8,147.1,354.0,26.7,13.4,488.6,assemble attention plan@24/?-work_queue,Prepare hardware matmul job@24/?-work_queue,525.5,421.6,113.8,117.0,511.2
787,136829087401234,1552.1,357.8,1012.3,182.0,104.5,1422.2,assemble attention plan@24/?-work_queue,Prepare hardware matmul job@24/?-work_queue,1550.0,1079.9,118.8,125.0,1535.8
788,136829093211658,1073.3,655.4,364.8,53.0,19.8,716.4,rx collecting results@148/0-RX-13,prepare streams@25/0-worker,1070.1,968.9,738.0,744.7,1055.9
789,136829098488559,959.6,566.4,364.4,28.7,13.0,914.6,assemble attention plan@24/?-work_queue,Prepare hardware matmul job@24/?-work_queue,957.5,850.6,551.1,556.5,937.1
790,136829103648883,654.8,244.8,381.9,28.1,11.9,606.3,assemble attention plan@24/?-work_queue,Prepare hardware matmul job@24/?-work_queue,652.6,541.3,217.2,356.0,636.1
791,136829108471286,1581.6,455.4,1028.6,97.5,56.5,1076.2,notify_listener@25/0-worker,work_queue::do_work get_work@24/?-work_queue,1579.5,1076.2,130.2,134.4,1565.0
792,136829114304307,1804.1,652.8,1096.8,54.5,17.1,587.0,rx collecting results@147/0-RX-10,rx collecting results@148/0-RX-13,1802.1,1702.1,707.4,791.7,1788.9
793,136829120346184,2172.9,929.8,1053.9,189.2,99.7,2048.2,assemble attention plan@24/?-work_queue,Prepare hardware matmul job@24/?-work_queue,2170.9,1620.7,674.9,679.1,2158.5
794,136829126757203,1350.9,297.1,1017.5,36.2,18.8,1232.6,notify_listener@25/0-worker,work_queue::do_work get_work@24/?-work_queue,1347.1,1232.6,306.6,313.1,1333.3
795,136829132560757,1238.6,524.0,325.8,388.8,235.3,394.3,notify_listener@25/0-worker,work_queue::do_work get_work@24/?-work_queue,1236.9,394.3,127.8,131.0,1214.8
796,136829137956912,553.4,156.6,372.1,24.7,11.8,500.8,assemble attention plan@24/?-work_queue,Prepare hardware matmul job@24/?-work_queue,551.2,432.2,113.5,118.3,535.2
797,136829142715141,1410.6,329.6,1049.4,31.6,14.7,1371.8,assemble attention plan@24/?-work_queue,Prepare hardware matmul job@24/?-work_queue,1409.1,1293.2,323.4,336.5,1395.9
798,136829148352280,1764.8,569.1,1095.9,99.7,52.9,1583.8,notify_listener@25/0-worker,work_queue::do_work get_work@24/?-work_queue,1762.6,1583.8,662.7,667.8,1748.2
799,136829154394264,1710.0,686.6,992.7,30.7,10.3,1673.6,assemble attention plan@24/?-work_queue,Prepare hardware matmul job@24/?-work_queue,1708.4,1604.5,657.8,680.7,1694.1
800,136829160357571,835.8,129.4,681.7,24.7,11.3,798.5,assemble attention plan@24/?-work_queue,Prepare hardware matmul job@24/?-work_queue,833.1,733.5,90.2,95.3,819.6
801,136829165414221,518.8,147.8,345.9,25.0,12.7,480.9,assemble attention plan@24/?-work_queue,Prepare hardware matmul job@24/?-work_queue,516.2,414.3,113.9,119.5,503.1
802,136829170120437,1206.9,673.8,467.5,65.7,39.7,725.8,rx collecting results@148/0-RX-13,prepare streams@25/0-worker,1205.0,1094.1,767.9,771.4,1184.1
803,136829175533610,527.8,141.6,358.5,27.7,12.8,469.8,assemble attention plan@24/?-work_queue,Prepare hardware matmul job@24/?-work_queue,526.1,401.3,98.2,102.2,492.1
804,136829180241169,1887.7,623.6,1179.2,84.9,51.2,711.5,rx collecting results@148/0-RX-13,prepare streams@25/0-worker,1885.3,1765.5,764.0,768.7,1870.6
805,136829186379817,1068.5,557.6,484.9,26.0,11.9,1030.8,assemble attention plan@24/?-work_queue,Prepare hardware matmul job@24/?-work_queue,1065.9,953.2,645.7,652.5,1052.4
806,136829191656930,610.8,133.1,452.0,25.7,12.7,572.5,assemble attention plan@24/?-work_queue,Prepare hardware matmul job@24/?-work_queue,608.3,505.4,101.6,105.1,594.8
807,136829196514305,714.9,202.9,488.0,24.0,11.2,677.7,assemble attention plan@24/?-work_queue,Prepare hardware matmul job@24/?-work_queue,711.9,609.0,166.4,183.2,698.8
808,136829201449907,537.0,132.4,376.9,27.8,13.4,498.4,assemble attention plan@24/?-work_queue,Prepare hardware matmul job@24/?-work_queue,535.2,432.3,109.4,113.3,521.6
809,136829206193231,991.6,158.1,802.7,30.8,12.8,939.2,assemble attention plan@24/?-work_queue,Prepare hardware matmul job@24/?-work_queue,989.7,870.8,113.5,129.8,960.5
810,136829211386877,830.4,131.7,672.4,26.3,11.5,783.9,assemble attention plan@24/?-work_queue,Prepare hardware matmul job@24/?-work_queue,828.7,716.4,104.7,125.1,805.2
811,136829216444096,1608.8,395.0,1027.7,186.1,84.9,1484.1,assemble attention plan@24/?-work_queue,Prepare hardware matmul job@24/?-work_queue,1608.7,1075.7,113.8,120.3,1589.7
812,136829222288564,1837.4,689.5,1083.2,64.7,36.1,777.1,rx collecting results@148/0-RX-13,prepare streams@25/0-worker,1835.7,1720.1,815.5,859.5,1821.8
813,136829228361172,437.0,140.1,271.5,25.3,11.3,401.0,assemble attention plan@24/?-work_queue,Prepare hardware matmul job@24/?-work_queue,434.4,324.2,94.5,98.7,421.6
814,136829233006210,533.7,151.6,348.8,33.3,17.3,490.8,assemble attention plan@24/?-work_queue,Prepare hardware matmul job@24/?-work_queue,530.6,424.9,122.1,125.4,517.1
815,136829237748659,553.6,141.4,387.8,24.4,11.7,516.5,assemble attention plan@24/?-work_queue,Prepare hardware matmul job@24/?-work_queue,551.4,451.7,110.7,114.8,537.5
816,136829242519913,1600.2,396.3,1178.1,25.8,11.2,1554.0,assemble attention plan@24/?-work_queue,Prepare hardware matmul job@24/?-work_queue,1589.9,1486.1,524.5,546.1,1575.0
817,136829248416274,815.3,141.1,645.4,28.8,11.9,766.8,assemble attention plan@24/?-work_queue,Prepare hardware matmul job@24/?-work_queue,812.9,697.7,103.0,121.5,788.2
818,136829253414673,519.2,130.7,352.2,36.3,23.2,470.9,assemble attention plan@24/?-work_queue,Prepare hardware matmul job@24/?-work_queue,517.0,403.8,105.4,108.6,504.2
819,136829258148687,1680.3,494.1,974.8,211.5,109.4,1546.0,assemble attention plan@24/?-work_queue,Prepare hardware matmul job@24/?-work_queue,1678.7,1019.1,113.2,118.9,1664.3
820,136829264057539,1054.4,558.7,412.0,83.6,33.9,612.5,rx collecting results@148/0-RX-13,prepare streams@25/0-worker,1052.8,951.0,648.7,663.1,1038.0
821,136829269333860,1781.0,661.0,1053.2,66.8,33.9,698.4,rx collecting results@148/0-RX-13,prepare streams@25/0-worker,1779.1,1676.3,751.1,777.5,1764.8
822,136829275342602,1024.7,653.7,320.6,50.3,26.5,637.4,rx collecting results@149/0-RX-38,rx collecting results@148/0-RX-13,1021.8,921.0,685.9,689.9,1008.0
823,136829280674721,544.5,164.2,353.1,27.1,13.5,498.0,assemble attention plan@24/?-work_queue,Prepare hardware matmul job@24/?-work_queue,541.8,433.6,130.7,142.2,521.2
824,136829285412245,437.2,133.2,279.3,24.8,11.2,388.9,assemble attention plan@24/?-work_queue,Prepare hardware matmul job@24/?-work_queue,434.0,324.4,98.8,102.8,410.4
825,136829290087241,1214.1,615.7,541.8,56.6,27.0,667.2,rx collecting results@148/0-RX-13,prepare streams@25/0-worker,1212.2,1100.7,695.9,699.8,1198.1
826,136829295530747,694.3,141.2,529.4,23.7,11.4,658.2,assemble attention plan@24/?-work_queue,Prepare hardware matmul job@24/?-work_queue,692.6,579.4,112.8,116.1,679.0
827,136829300449168,1682.6,643.0,974.6,65.0,25.7,697.5,rx collecting results@148/0-RX-13,prepare streams@25/0-worker,1680.2,1579.0,724.8,729.3,1666.7
828,136829306340997,843.5,144.2,674.8,24.4,11.7,805.6,assemble attention plan@24/?-work_queue,Prepare hardware matmul job@24/?-work_queue,841.2,739.8,129.8,142.1,826.5
829,136829311416202,859.9,353.3,477.4,29.3,11.5,822.6,assemble attention plan@24/?-work_queue,Prepare hardware matmul job@24/?-work_queue,858.3,757.5,342.4,346.4,843.8
830,136829316493185,535.0,142.5,359.3,33.1,18.2,480.0,assemble attention plan@24/?-work_queue,Prepare hardware matmul job@24/?-work_queue,532.9,415.0,103.9,107.6,511.4
831,136829321231123,1134.0,577.0,478.8,78.1,28.4,688.3,rx collecting results@148/0-RX-13,prepare streams@25/0-worker,1132.3,1020.0,718.7,723.4,1118.9
832,136829326585900,1535.8,463.7,1015.7,56.4,37.8,1383.3,notify_listener@25/0-worker,work_queue::do_work get_work@24/?-work_queue,1534.0,1383.3,451.3,455.3,1517.5
833,136829332371268,1082.6,525.4,519.9,37.3,12.1,1044.9,assemble attention plan@24/?-work_queue,Prepare hardware matmul job@24/?-work_queue,1080.2,967.8,649.0,652.6,1066.9
834,136829337688363,430.6,139.6,266.0,25.0,12.8,391.5,assemble attention plan@24/?-work_queue,Prepare hardware matmul job@24/?-work_queue,427.2,326.2,100.2,103.9,414.0
835,136829342343510,836.6,138.0,670.7,27.9,11.6,799.9,assemble attention plan@24/?-work_queue,Prepare hardware matmul job@24/?-work_queue,834.2,732.3,101.8,105.0,820.5
836,136829347417689,1685.8,658.5,955.0,72.2,49.6,1538.0,notify_listener@25/0-worker,work_queue::do_work get_work@24/?-work_queue,1683.1,1538.0,614.6,619.0,1669.7
837,136829353345702,1007.3,663.0,311.6,32.7,12.0,961.9,assemble attention plan@24/?-work_queue,Prepare hardware matmul job@24/?-work_queue,1005.0,895.8,678.6,682.0,982.7
838,136829358551199,1578.1,324.2,1229.3,24.6,12.6,1530.3,assemble attention plan@24/?-work_queue,Prepare hardware matmul job@24/?-work_queue,1575.6,1463.7,504.1,519.0,1561.0
839,136829364349966,1771.2,556.1,1166.2,48.8,23.0,1633.4,notify_listener@25/0-worker,work_queue::do_work get_work@24/?-work_queue,1768.6,1633.4,663.6,669.8,1754.2
840,136829370352694,849.5,130.7,692.2,26.6,12.5,810.9,assemble attention plan@24/?-work_queue,Prepare hardware matmul job@24/?-work_queue,846.1,741.6,97.1,102.1,833.2
841,136829375408247,536.6,164.0,342.2,30.3,11.9,499.4,assemble attention plan@24/?-work_queue,Prepare hardware matmul job@24/?-work_queue,534.7,433.2,124.9,129.1,522.9
842,136829380165689,511.5,136.8,348.7,26.0,12.4,471.6,assemble attention plan@24/?-work_queue,Prepare hardware matmul job@24/?-work_queue,509.8,404.5,102.3,106.1,494.8
843,136829384918245,488.1,145.6,316.2,26.3,13.1,440.3,assemble attention plan@24/?-work_queue,Prepare hardware matmul job@24/?-work_queue,485.4,374.3,134.3,138.2,464.1
844,136829389612287,662.1,140.5,496.3,25.3,12.1,614.9,assemble attention plan@24/?-work_queue,Prepare hardware matmul job@24/?-work_queue,660.6,547.3,106.0,114.2,645.8
845,136829394508640,539.0,152.7,354.4,32.0,13.6,499.5,assemble attention plan@24/?-work_queue,Prepare hardware matmul job@24/?-work_queue,537.2,416.5,116.6,120.4,523.3
846,136829399278595,530.9,157.1,342.6,31.1,15.8,489.4,assemble attention plan@24/?-work_queue,Prepare hardware matmul job@24/?-work_queue,528.8,423.1,122.8,143.5,515.0
847,136829404021794,2086.1,875.7,1101.5,108.9,42.2,1946.4,notify_listener@25/0-worker,work_queue::do_work get_work@24/?-work_queue,2084.1,1946.4,942.5,946.5,2069.6
848,136829410399444,435.2,153.6,257.6,24.0,10.4,399.3,assemble attention plan@24/?-work_queue,Prepare hardware matmul job@24/?-work_queue,433.2,329.7,113.0,117.5,433.1
849,136829415080054,508.7,135.1,340.0,33.6,13.3,470.1,assemble attention plan@24/?-work_queue,Prepare hardware matmul job@24/?-work_queue,506.3,396.6,96.0,99.1,493.1
850,136829419813000,566.1,167.6,372.2,26.3,12.2,508.0,assemble attention plan@24/?-work_queue,Prepare hardware matmul job@24/?-work_queue,564.4,441.3,124.8,131.2,530.1
851,136829424583646,2251.2,794.5,1147.0,309.7,134.9,2080.0,assemble attention plan@24/?-work_queue,Prepare hardware matmul job@24/?-work_queue,2249.6,1599.8,635.8,646.6,2234.6
852,136829431100300,2055.5,681.8,1190.6,183.1,131.3,766.5,rx collecting results@148/0-RX-13,prepare streams@25/0-worker,2053.8,1890.7,902.3,924.7,2035.2
853,136829437427552,1749.0,641.9,967.9,139.2,95.6,690.2,rx collecting results@148/0-RX-13,prepare streams@25/0-worker,1747.0,1611.9,787.5,793.8,1732.2
854,136829443465324,754.5,152.7,569.2,32.5,12.6,715.3,assemble attention plan@24/?-work_queue,Prepare hardware matmul job@24/?-work_queue,752.2,636.0,103.7,111.0,738.0
855,136829448443707,467.9,150.9,288.5,28.5,12.3,430.1,assemble attention plan@24/?-work_queue,Prepare hardware matmul job@24/?-work_queue,465.7,352.0,107.5,111.9,452.8
856,136829453176106,1285.6,810.1,434.9,40.7,13.2,1240.5,assemble attention plan@24/?-work_queue,Prepare hardware matmul job@24/?-work_queue,1277.5,1162.6,853.7,859.4,1263.6
857,136829458688062,2411.1,992.1,1113.2,305.8,127.4,1593.9,notify_listener@25/0-worker,work_queue::do_work get_work@24/?-work_queue,2408.4,1593.9,620.1,630.6,2376.5
858,136829465347903,1796.4,631.9,1121.3,43.2,12.1,1741.6,assemble attention plan@24/?-work_queue,Prepare hardware matmul job@24/?-work_queue,1793.3,1659.2,666.7,672.5,1778.2
859,136829471345813,1789.6,583.5,1173.2,33.0,10.4,1752.7,assemble attention plan@24/?-work_queue,Prepare hardware matmul job@24/?-work_queue,1787.7,1660.0,681.8,950.0,1772.6
860,136829477372335,1750.2,611.6,1095.7,42.9,18.1,1623.9,notify_listener@25/0-worker,work_queue::do_work get_work@24/?-work_queue,1748.2,1623.9,647.7,663.0,1732.9
861,136829483355817,999.7,568.4,399.2,32.2,11.4,962.1,assemble attention plan@24/?-work_queue,Prepare hardware matmul job@24/?-work_queue,997.3,884.2,661.0,664.7,983.0
862,136829488537370,1597.3,524.1,1023.5,49.7,16.9,1553.9,assemble attention plan@24/?-work_queue,Prepare hardware matmul job@24/?-work_queue,1595.1,1462.5,506.0,509.8,1579.8
863,136829494421399,557.3,225.9,298.0,33.4,15.4,454.8,assemble attention plan@24/?-work_queue,Prepare hardware matmul job@24/?-work_queue,554.3,377.4,121.4,129.7,481.4
864,136829499176037,1030.0,168.4,828.7,32.9,12.5,972.8,assemble attention plan@24/?-work_queue,Prepare hardware matmul job@24/?-work_queue,1027.6,891.0,112.2,117.5,1011.5
865,136829504447756,965.2,552.3,383.5,29.4,13.3,926.2,assemble attention plan@24/?-work_queue,Prepare hardware matmul job@24/?-work_queue,963.0,833.8,582.2,585.9,949.3
866,136829509596426,447.9,135.9,277.0,35.0,17.0,401.3,assemble attention plan@24/?-work_queue,Prepare hardware matmul job@24/?-work_queue,444.7,325.6,89.1,110.3,429.2
867,136829514290008,1822.4,571.2,1155.4,95.8,73.1,1633.9,notify_listener@25/0-worker,work_queue::do_work get_work@24/?-work_queue,1820.0,1633.9,730.5,737.2,1806.6
868,136829520334494,570.4,160.4,385.0,24.9,11.9,535.6,assemble attention plan@24/?-work_queue,Prepare hardware matmul job@24/?-work_queue,568.8,464.4,150.0,157.8,556.4
869,136829525103922,1248.6,722.4,440.8,85.4,51.2,750.0,rx collecting results@148/0-RX-13,prepare streams@25/0-worker,1246.4,1131.9,826.7,830.1,1227.1
870,136829530552866,1605.9,408.3,968.1,229.5,97.6,1471.9,assemble attention plan@24/?-work_queue,Prepare hardware matmul job@24/?-work_queue,1604.1,1005.5,94.8,107.2,1578.7
871,136829536395702,463.8,149.2,287.1,27.4,12.3,414.4,assemble attention plan@24/?-work_queue,Prepare hardware matmul job@24/?-work_queue,461.3,344.2,100.0,105.1,448.0
872,136829541090200,1201.0,698.1,440.4,62.5,33.5,727.1,rx collecting results@148/0-RX-13,prepare streams@25/0-worker,1198.8,1079.3,780.5,801.5,1184.6
873,136829546524270,729.6,122.2,580.2,27.2,12.4,691.9,assemble attention plan@24/?-work_queue,Prepare hardware matmul job@24/?-work_queue,727.6,622.7,103.0,106.2,713.2
874,136829551447676,458.2,154.9,275.6,27.7,11.6,421.8,assemble attention plan@24/?-work_queue,Prepare hardware matmul job@24/?-work_queue,456.6,351.5,112.1,120.0,443.2
875,136829556105076,1553.8,534.2,948.0,71.6,41.6,651.0,rx collecting results@148/0-RX-13,prepare streams@25/0-worker,1551.4,1442.3,695.0,700.0,1537.2
876,136829561845883,1766.2,510.4,1028.4,227.4,105.1,1636.3,assemble attention plan@24/?-work_queue,Prepare hardware matmul job@24/?-work_queue,1764.2,1217.3,230.6,240.7,1750.7
877,136829567840057,604.9,272.8,302.8,29.3,11.2,558.4,assemble attention plan@24/?-work_queue,Prepare hardware matmul job@24/?-work_queue,594.2,490.7,241.9,245.8,579.7
878,136829572624194,628.9,145.9,451.7,31.3,15.5,575.1,assemble attention plan@24/?-work_queue,Prepare hardware matmul job@24/?-work_queue,625.2,504.7,98.4,102.1,599.6
879,136829577526317,713.9,145.5,532.7,35.6,13.5,586.2,notify_listener@25/0-worker,work_queue::do_work get_work@24/?-work_queue,711.6,586.2,103.5,107.4,696.5
880,136829583460966,2304.7,499.6,1746.4,58.7,58.5,629.2,rx collecting results@148/0-RX-13,prepare streams@25/0-worker,697.4,2304.7,690.1,697.4,
881,136829585832531,255.4,182.7,11.8,60.9,19.7,8.9,work_queue::do_work get_work@24/?-work_queue,add_tokens@24/?-work_queue,252.7,,,,
882,136829590282444,921.0,273.6,617.7,29.6,11.7,883.0,assemble attention plan@24/?-work_queue,Prepare hardware matmul job@24/?-work_queue,918.9,812.7,142.3,284.6,904.5
883,136829595289127,490.6,169.5,294.6,26.6,11.7,454.1,assemble attention plan@24/?-work_queue,Prepare hardware matmul job@24/?-work_queue,488.2,385.8,140.9,145.9,473.9
884,136829599938280,616.2,213.7,367.0,35.5,16.1,574.5,assemble attention plan@24/?-work_queue,Prepare hardware matmul job@24/?-work_queue,613.6,504.8,183.5,187.3,600.0
885,136829604613460,678.6,135.7,516.9,26.0,11.6,639.8,assemble attention plan@24/?-work_queue,Prepare hardware matmul job@24/?-work_queue,675.5,570.1,113.6,131.2,661.0
886,136829609428951,560.6,170.7,357.5,32.3,13.1,438.9,notify_listener@25/0-worker,work_queue::do_work get_work@24/?-work_queue,558.5,438.9,125.7,131.4,535.4
887,136829614159872,1157.0,568.6,518.3,70.0,32.3,639.3,rx collecting results@148/0-RX-13,prepare streams@25/0-worker,1155.3,1041.5,673.9,677.7,1130.2
888,136829619543565,1589.6,491.2,1062.4,36.0,12.7,1468.8,notify_listener@25/0-worker,work_queue::do_work get_work@24/?-work_queue,1587.3,1468.8,505.8,528.8,1573.4
889,136829625309523,477.8,157.2,291.3,29.3,13.2,439.0,assemble attention plan@24/?-work_queue,Prepare hardware matmul job@24/?-work_queue,475.5,353.5,108.2,111.7,461.8
890,136829629993849,1138.7,133.0,965.2,40.6,13.1,1101.5,assemble attention plan@24/?-work_queue,Prepare hardware matmul job@24/?-work_queue,1137.2,1027.4,100.9,106.1,1124.1
891,136829635337664,477.6,176.7,271.8,29.1,13.4,438.6,assemble attention plan@24/?-work_queue,Prepare hardware matmul job@24/?-work_queue,475.0,372.5,135.2,140.1,462.2
892,136829640064003,1190.5,623.2,481.7,85.6,47.5,666.6,rx collecting results@148/0-RX-13,prepare streams@25/0-worker,1187.9,1082.0,716.6,721.1,1175.4
893,136829645509916,545.3,163.9,354.8,26.6,12.6,501.4,assemble attention plan@24/?-work_queue,Prepare hardware matmul job@24/?-work_queue,543.8,427.7,125.7,130.3,523.5
894,136829650258346,1158.2,607.9,463.8,86.5,33.5,702.2,rx collecting results@148/0-RX-13,prepare streams@25/0-worker,1156.1,1037.2,738.2,743.8,1141.5
895,136829655659252,528.5,147.1,348.9,32.5,18.7,484.2,assemble attention plan@24/?-work_queue,Prepare hardware matmul job@24/?-work_queue,526.8,401.6,99.8,104.5,512.7
896,136829660425073,534.4,141.6,365.6,27.2,13.5,495.1,assemble attention plan@24/?-work_queue,Prepare hardware matmul job@24/?-work_queue,531.3,418.3,116.7,119.8,518.1
897,136829665208224,1170.5,694.8,407.4,68.2,39.1,704.2,rx collecting results@148/0-RX-13,prepare streams@25/0-worker,1168.7,1061.5,745.7,749.1,1155.0
898,136829670580200,670.9,142.1,495.5,33.4,13.5,554.8,notify_listener@25/0-worker,work_queue::do_work get_work@24/?-work_queue,668.6,554.8,112.7,118.4,654.9
899,136829675474903,531.6,142.6,363.4,25.6,12.4,491.3,assemble attention plan@24/?-work_queue,Prepare hardware matmul job@24/?-work_queue,531.2,422.6,103.8,108.1,513.3
900,136829680225145,1012.9,186.2,798.3,28.4,11.5,940.1,assemble attention plan@24/?-work_queue,Prepare hardware matmul job@24/?-work_queue,1011.2,866.4,130.5,134.0,961.6
901,136829685468334,1665.4,541.2,1094.0,30.2,14.2,1612.8,assemble attention plan@24/?-work_queue,Prepare hardware matmul job@24/?-work_queue,1662.8,1541.5,558.5,561.9,1648.8
902,136829691365236,858.7,145.4,676.5,36.8,13.5,819.5,assemble attention plan@24/?-work_queue,Prepare hardware matmul job@24/?-work_queue,857.0,729.8,90.8,94.1,843.3
903,136829696417922,955.5,523.2,380.6,51.7,15.8,909.8,assemble attention plan@24/?-work_queue,Prepare hardware matmul job@24/?-work_queue,953.3,834.1,603.9,608.0,937.3
904,136829701613417,451.3,146.2,274.6,30.5,13.3,412.5,assemble attention plan@24/?-work_queue,Prepare hardware matmul job@24/?-work_queue,450.5,341.4,109.9,116.5,435.6
905,136829706350055,1769.2,575.2,1164.7,29.3,10.7,1732.0,assemble attention plan@24/?-work_queue,Prepare hardware matmul job@24/?-work_queue,1767.0,1659.3,669.1,675.2,1752.3
906,136829712387742,967.3,572.5,349.9,44.9,15.0,602.8,rx collecting results@150/0-RX-3b,rx collecting results@148/0-RX-13,965.0,855.2,635.5,639.5,951.1
907,136829717601067,483.0,166.2,288.8,28.0,12.2,436.6,assemble attention plan@24/?-work_queue,Prepare hardware matmul job@24/?-work_queue,480.5,360.7,123.2,127.6,458.8
908,136829722305327,892.0,137.9,721.6,32.5,12.4,843.2,assemble attention plan@24/?-work_queue,Prepare hardware matmul job@24/?-work_queue,889.6,769.4,92.0,95.4,875.9
909,136829727400574,1184.5,580.0,535.5,69.0,40.2,724.3,rx collecting results@148/0-RX-13,prepare streams@25/0-worker,1182.9,1069.0,766.6,772.4,1169.0
910,136829732869723,529.1,143.8,351.2,34.1,12.4,488.8,assemble attention plan@24/?-work_queue,Prepare hardware matmul job@24/?-work_queue,526.7,410.7,113.6,116.9,510.6
911,136829737606858,650.5,228.4,383.9,38.2,16.7,605.7,assemble attention plan@24/?-work_queue,Prepare hardware matmul job@24/?-work_queue,647.7,526.7,126.9,130.5,631.9
912,136829742516658,525.8,150.2,337.8,37.8,17.6,478.7,assemble attention plan@24/?-work_queue,Prepare hardware matmul job@24/?-work_queue,523.3,401.2,103.0,106.4,507.8
913,136829747264518,568.1,162.0,373.8,32.4,14.1,517.7,assemble attention plan@24/?-work_queue,Prepare hardware matmul job@24/?-work_queue,566.0,439.4,110.6,131.8,541.2
914,136829752085116,1207.1,568.0,526.9,112.3,72.3,677.2,rx collecting results@148/0-RX-13,prepare streams@25/0-worker,1205.3,1069.8,751.7,778.1,1175.2
915,136829757518692,818.0,161.9,344.6,311.5,290.6,500.7,assemble attention plan@24/?-work_queue,Prepare hardware matmul job@24/?-work_queue,814.6,401.0,104.3,110.1,801.6
916,136829762603076,546.9,151.2,362.6,33.0,12.2,411.6,notify_listener@25/0-worker,work_queue::do_work get_work@24/?-work_queue,544.7,411.6,104.6,108.9,530.5
917,136829767360479,863.1,164.0,663.7,35.4,16.1,812.0,assemble attention plan@24/?-work_queue,Prepare hardware matmul job@24/?-work_queue,859.1,724.1,119.1,131.2,839.7
918,136829772483954,525.2,151.1,344.5,29.7,13.1,481.2,assemble attention plan@24/?-work_queue,Prepare hardware matmul job@24/?-work_queue,523.8,404.2,102.4,106.3,503.8
919,136829778400461,1724.8,667.2,960.4,97.2,56.1,1558.1,notify_listener@25/0-worker,work_queue::do_work get_work@24/?-work_queue,1723.0,1558.1,648.0,656.4,1708.7
920,136829784396742,1683.3,507.7,1011.8,163.8,76.1,1057.3,notify_listener@25/0-worker,work_queue::do_work get_work@24/?-work_queue,1681.1,1057.3,122.5,175.6,1657.6
921,136829790348965,1065.1,605.1,421.5,38.5,12.7,1013.6,assemble attention plan@24/?-work_queue,Prepare hardware matmul job@24/?-work_queue,1063.4,937.1,672.8,685.7,1049.4
922,136829795662280,1535.1,530.0,907.1,98.0,35.9,620.1,rx collecting results@148/0-RX-13,prepare streams@25/0-worker,1532.1,1410.8,657.8,662.4,1517.1
923,136829801441436,1692.7,569.0,1095.9,27.8,12.3,1652.3,assemble attention plan@24/?-work_queue,Prepare hardware matmul job@24/?-work_queue,1690.2,1567.0,594.5,614.5,1674.3
924,136829807400998,2209.9,930.6,1039.3,240.0,113.6,2069.3,assemble attention plan@24/?-work_queue,Prepare hardware matmul job@24/?-work_queue,2207.8,1632.4,639.2,642.7,2192.4
925,136829813844458,1275.5,273.6,971.3,30.6,13.3,1237.0,assemble attention plan@24/?-work_queue,Prepare hardware matmul job@24/?-work_queue,1273.2,1168.9,244.1,251.3,1260.0
926,136829819344412,880.8,153.4,698.3,29.1,10.6,843.2,assemble attention plan@24/?-work_queue,Prepare hardware matmul job@24/?-work_queue,878.5,771.4,128.3,137.0,864.1
927,136829824420670,455.0,154.6,266.9,33.6,15.3,405.6,assemble attention plan@24/?-work_queue,Prepare hardware matmul job@24/?-work_queue,452.9,334.3,112.0,115.4,430.4
928,136829829061857,1176.3,598.7,461.0,116.6,67.4,679.5,kernel_add_rmsnorm_71@25/0-worker,prepare streams@25/0-worker,1174.6,1059.1,748.9,753.0,1160.6
929,136829834494328,781.7,179.7,574.6,27.4,10.7,745.7,assemble attention plan@24/?-work_queue,Prepare hardware matmul job@24/?-work_queue,780.0,662.6,133.4,146.0,766.0
930,136829839471117,458.3,165.1,268.6,24.6,10.8,421.7,assemble attention plan@24/?-work_queue,Prepare hardware matmul job@24/?-work_queue,456.0,352.0,118.0,137.2,441.7
931,136829844135669,1240.0,639.5,534.1,66.5,35.3,784.7,rx collecting results@148/0-RX-13,prepare streams@25/0-worker,1237.7,1132.8,822.4,832.5,1223.9
932,136829849620204,458.0,132.3,298.8,27.0,13.2,419.1,assemble attention plan@24/?-work_queue,Prepare hardware matmul job@24/?-work_queue,455.4,344.8,102.7,106.7,441.8
933,136829854285727,503.6,158.9,318.5,26.2,11.8,458.0,assemble attention plan@24/?-work_queue,Prepare hardware matmul job@24/?-work_queue,500.5,389.6,122.7,126.3,479.1
934,136829859008118,1250.9,551.9,609.8,89.2,41.8,620.9,rx collecting results@148/0-RX-13,prepare streams@25/0-worker,1248.0,1134.7,665.0,677.7,1223.1
935,136829864502842,540.5,149.1,359.2,32.2,17.5,486.1,assemble attention plan@24/?-work_queue,Prepare hardware matmul job@24/?-work_queue,539.1,416.9,101.5,104.7,522.9
936,136829869244055,535.6,156.3,351.7,27.7,13.6,496.2,assemble attention plan@24/?-work_queue,Prepare hardware matmul job@24/?-work_queue,533.4,414.5,107.0,115.6,519.5
937,136829873968509,1228.3,611.5,560.3,56.5,32.6,497.7,rx collecting results@148/0-RX-13,prepare streams@25/0-worker,1226.8,1123.9,532.5,645.2,1212.6
938,136829879465241,771.3,137.6,608.5,25.2,12.8,733.6,assemble attention plan@24/?-work_queue,Prepare hardware matmul job@24/?-work_queue,769.6,665.2,108.3,112.9,755.5
939,136829884476750,741.9,159.7,555.8,26.4,12.7,704.0,assemble attention plan@24/?-work_queue,Prepare hardware matmul job@24/?-work_queue,739.5,635.4,141.1,155.9,726.0
940,136829889470775,1659.9,588.4,1013.1,58.4,29.6,637.3,rx collecting results@148/0-RX-13,prepare streams@25/0-worker,1657.6,1548.8,669.3,676.5,1637.2
941,136829895407010,440.0,142.4,271.0,26.6,12.7,391.2,assemble attention plan@24/?-work_queue,Prepare hardware matmul job@24/?-work_queue,438.1,322.2,100.2,105.8,413.4
942,136829900100049,1990.2,643.1,1173.7,173.4,53.3,1707.3,notify_listener@25/0-worker,work_queue::do_work get_work@24/?-work_queue,1988.6,1707.3,765.9,769.0,1975.0
943,136829907607907,1540.6,387.9,1109.6,43.0,17.7,1497.0,assemble attention plan@24/?-work_queue,Prepare hardware matmul job@24/?-work_queue,1538.5,1398.5,439.7,443.1,1524.3
944,136829913388733,474.4,145.4,303.1,25.9,11.9,437.3,assemble attention plan@24/?-work_queue,Prepare hardware matmul job@24/?-work_queue,472.5,363.8,113.0,117.7,458.6
945,136829918176159,447.7,140.8,282.0,24.9,11.0,411.3,assemble attention plan@24/?-work_queue,Prepare hardware matmul job@24/?-work_queue,445.9,340.2,105.8,110.8,431.6
946,136829922867613,1274.1,159.0,1088.6,26.5,11.8,1231.1,assemble attention plan@24/?-work_queue,Prepare hardware matmul job@24/?-work_queue,1267.3,1156.6,108.1,111.8,1252.6
947,136829928360692,844.3,156.8,655.1,32.4,12.6,796.9,assemble attention plan@24/?-work_queue,Prepare hardware matmul job@24/?-work_queue,842.5,727.7,130.1,132.9,819.1
948,136829933433377,782.1,152.2,604.3,25.5,12.0,729.5,assemble attention plan@24/?-work_queue,Prepare hardware matmul job@24/?-work_queue,779.6,660.5,110.0,115.3,764.8
949,136829938471373,761.8,198.0,525.4,38.4,14.0,719.7,assemble attention plan@24/?-work_queue,Prepare hardware matmul job@24/?-work_queue,758.7,637.5,94.2,98.0,743.8
950,136829943491126,533.2,144.4,363.5,25.3,12.0,491.3,assemble attention plan@24/?-work_queue,Prepare hardware matmul job@24/?-work_queue,531.2,422.6,102.6,118.2,522.4
951,136829948243779,1641.6,403.6,1015.4,222.6,115.7,1498.2,assemble attention plan@24/?-work_queue,Prepare hardware matmul job@24/?-work_queue,1638.4,1064.9,106.8,117.7,1623.2
952,136829954132106,1020.0,149.0,843.3,27.7,12.4,981.2,assemble attention plan@24/?-work_queue,Prepare hardware matmul job@24/?-work_queue,1017.9,913.7,126.6,131.6,1003.8
953,136829959405930,451.6,157.4,268.4,25.8,10.9,404.8,assemble attention plan@24/?-work_queue,Prepare hardware matmul job@24/?-work_queue,449.6,334.3,111.1,114.5,426.8
954,136829964060788,1624.5,412.9,987.9,223.7,108.0,1476.7,assemble attention plan@24/?-work_queue,Prepare hardware matmul job@24/?-work_queue,1622.7,1032.8,100.2,103.6,1605.6
955,136829969956687,553.6,169.6,356.1,27.9,13.5,513.5,assemble attention plan@24/?-work_queue,Prepare hardware matmul job@24/?-work_queue,550.9,432.9,136.6,139.9,536.9
956,136829974739339,574.0,160.9,374.2,38.9,13.0,533.6,assemble attention plan@24/?-work_queue,Prepare hardware matmul job@24/?-work_queue,574.0,453.1,132.8,146.8,557.0
957,136829979556188,697.4,161.4,510.6,25.4,11.2,659.6,assemble attention plan@24/?-work_queue,Prepare hardware matmul job@24/?-work_queue,695.7,590.5,123.3,140.8,681.1
958,136829984578914,471.1,144.3,297.7,29.1,11.1,435.6,assemble attention plan@24/?-work_queue,Prepare hardware matmul job@24/?-work_queue,469.0,356.9,109.2,114.1,456.2
959,136829989245814,449.6,140.5,279.7,29.4,15.8,407.4,assemble attention plan@24/?-work_queue,Prepare hardware matmul job@24/?-work_queue,447.8,337.6,97.9,109.4,432.7
960,136829993915259,464.0,135.6,296.5,31.9,12.3,418.7,assemble attention plan@24/?-work_queue,Prepare hardware matmul job@24/?-work_queue,462.2,346.1,105.5,110.2,440.6
961,136829998598077,525.7,140.9,359.4,25.4,11.6,476.1,assemble attention plan@24/?-work_queue,Prepare hardware matmul job@24/?-work_queue,523.2,408.0,99.3,104.6,507.2
962,136830003392429,995.0,420.7,542.6,31.7,11.6,956.2,assemble attention plan@24/?-work_queue,Prepare hardware matmul job@24/?-work_queue,991.5,868.3,551.1,565.1,978.1
963,136830008532930,559.4,157.5,372.7,29.2,11.0,520.4,assemble attention plan@24/?-work_queue,Prepare hardware matmul job@24/?-work_queue,557.0,444.7,124.4,127.9,541.2
964,136830013319649,1051.5,671.1,345.5,35.0,11.9,993.0,assemble attention plan@24/?-work_queue,Prepare hardware matmul job@24/?-work_queue,1049.5,921.0,697.9,702.1,1014.5
965,136830018608091,454.3,145.0,279.8,29.5,12.5,406.4,assemble attention plan@24/?-work_queue,Prepare hardware matmul job@24/?-work_queue,451.4,330.9,98.2,101.7,428.5
966,136830023302632,906.4,149.0,715.1,42.3,22.5,857.9,assemble attention plan@24/?-work_queue,Prepare hardware matmul job@24/?-work_queue,903.6,782.2,106.6,112.7,890.2
967,136830028479699,780.9,142.5,610.4,28.0,14.4,740.0,assemble attention plan@24/?-work_queue,Prepare hardware matmul job@24/?-work_queue,778.6,658.5,93.2,97.7,764.8
968,136830033518318,733.8,145.5,557.6,30.8,11.8,697.0,assemble attention plan@24/?-work_queue,Prepare hardware matmul job@24/?-work_queue,732.1,623.7,114.7,123.8,718.9
969,136830038502551,715.3,145.8,542.4,27.1,12.1,677.7,assemble attention plan@24/?-work_queue,Prepare hardware matmul job@24/?-work_queue,713.6,609.9,129.7,139.7,699.3
970,136830043489839,456.5,135.5,291.6,29.4,11.8,418.1,assemble attention plan@24/?-work_queue,Prepare hardware matmul job@24/?-work_queue,453.9,350.6,101.3,104.8,440.2
971,136830048158245,515.7,165.1,322.5,28.2,13.5,468.7,assemble attention plan@24/?-work_queue,Prepare hardware matmul job@24/?-work_queue,513.4,400.0,160.2,166.7,491.4
972,136830052845947,470.0,144.7,298.5,26.8,12.8,420.2,assemble attention plan@24/?-work_queue,Prepare hardware matmul job@24/?-work_queue,466.9,351.7,106.2,110.4,453.4
973,136830057538611,1523.1,432.9,974.7,115.6,58.7,1014.3,notify_listener@25/0-worker,work_queue::do_work get_work@24/?-work_queue,1521.1,1014.3,95.5,174.2,1507.1
974,136830063302207,878.4,230.6,618.3,29.5,13.6,838.4,assemble attention plan@24/?-work_queue,Prepare hardware matmul job@24/?-work_queue,875.5,768.9,130.1,226.8,861.3
975,136830068400757,568.9,182.6,356.3,30.0,15.8,524.1,assemble attention plan@24/?-work_queue,Prepare hardware matmul job@24/?-work_queue,566.6,442.6,124.4,129.5,551.4
976,136830073207590,444.3,155.8,260.0,28.4,12.9,405.0,assemble attention plan@24/?-work_queue,Prepare hardware matmul job@24/?-work_queue,441.5,330.9,109.8,115.0,427.9
977,136830077910187,1209.1,168.5,1011.7,28.9,12.4,1165.2,assemble attention plan@24/?-work_queue,Prepare hardware matmul job@24/?-work_queue,1207.0,1095.9,145.2,156.7,1187.3
978,136830083436745,487.3,156.7,295.5,35.1,14.2,440.2,assemble attention plan@24/?-work_queue,Prepare hardware matmul job@24/?-work_queue,484.9,370.8,118.2,126.3,469.3
979,136830088115370,488.9,152.1,309.1,27.8,14.0,450.6,assemble attention plan@24/?-work_queue,Prepare hardware matmul job@24/?-work_queue,486.3,374.1,114.9,122.1,473.8
980,136830092874437,1874.3,403.3,1249.0,222.0,124.6,1722.7,assemble attention plan@24/?-work_queue,Prepare hardware matmul job@24/?-work_queue,1872.5,1308.1,121.3,142.9,1857.5
981,136830098965316,470.2,149.0,296.5,24.7,10.5,434.1,assemble attention plan@24/?-work_queue,Prepare hardware matmul job@24/?-work_queue,467.7,365.7,114.3,119.5,454.5
982,136830103683607,1428.7,404.8,973.3,50.7,33.5,1293.7,notify_listener@25/0-worker,work_queue::do_work get_work@24/?-work_queue,1426.5,1293.7,365.2,370.8,1408.4
983,136830109369693,457.3,142.5,289.3,25.5,12.6,412.9,assemble attention plan@24/?-work_queue,Prepare hardware matmul job@24/?-work_queue,454.6,345.4,105.7,109.8,435.6
984,136830114080073,1177.4,579.1,526.3,72.1,45.5,674.5,rx collecting results@148/0-RX-13,prepare streams@25/0-worker,1174.9,1064.0,722.0,729.7,1159.7
985,136830119526611,702.1,144.5,534.1,23.5,11.7,663.6,assemble attention plan@24/?-work_queue,Prepare hardware matmul job@24/?-work_queue,699.8,586.8,96.7,109.6,684.9
986,136830124534263,448.7,138.3,280.4,30.0,13.2,409.7,assemble attention plan@24/?-work_queue,Prepare hardware matmul job@24/?-work_queue,446.0,341.8,99.9,103.8,432.7
987,136830129296225,902.0,160.7,712.1,29.1,11.8,865.2,assemble attention plan@24/?-work_queue,Prepare hardware matmul job@24/?-work_queue,899.5,787.8,119.6,129.6,886.0
988,136830134484503,528.1,144.0,355.9,28.2,12.7,477.2,assemble attention plan@24/?-work_queue,Prepare hardware matmul job@24/?-work_queue,513.0,409.4,109.6,114.1,499.4
989,136830139320960,449.5,145.3,277.6,26.5,13.2,403.7,assemble attention plan@24/?-work_queue,Prepare hardware matmul job@24/?-work_queue,447.2,335.6,107.0,114.7,427.2
990,136830144043077,1214.0,566.7,588.8,58.5,21.7,722.6,rx collecting results@148/0-RX-13,prepare streams@25/0-worker,1212.0,1096.5,746.1,749.9,1197.8
991,136830149579937,1481.2,383.8,977.4,120.1,50.2,1050.0,notify_listener@25/0-worker,work_queue::do_work get_work@24/?-work_queue,1478.9,1050.0,119.7,160.4,1464.9
992,136830155364579,2146.1,861.1,1051.2,233.7,121.9,1997.0,assemble attention plan@24/?-work_queue,Prepare hardware matmul job@24/?-work_queue,2143.6,1587.4,653.4,657.3,2128.1
993,136830161852287,520.8,146.7,350.2,23.9,11.2,483.9,assemble attention plan@24/?-work_queue,Prepare hardware matmul job@24/?-work_queue,519.3,414.8,108.6,113.4,504.9
994,136830166665609,1594.6,355.7,1055.6,183.2,90.4,1470.2,assemble attention plan@24/?-work_queue,Prepare hardware matmul job@24/?-work_queue,1592.8,1118.0,116.5,119.8,1570.8
995,136830172594127,1537.4,425.3,1078.7,33.4,12.2,1493.2,assemble attention plan@24/?-work_queue,Prepare hardware matmul job@24/?-work_queue,1535.4,1424.9,457.4,466.2,1515.0
996,136830178433935,2463.3,859.1,628.3,975.9,817.1,1085.6,notify_listener@25/0-worker,work_queue::do_work get_work@24/?-work_queue,2461.0,1085.6,596.3,599.8,2445.5
997,136830185219632,506.9,132.5,350.3,24.1,11.2,470.6,assemble attention plan@24/?-work_queue,Prepare hardware matmul job@24/?-work_queue,504.8,403.6,100.7,112.0,491.7
998,136830190037871,1078.5,144.1,907.5,26.9,10.6,1042.2,assemble attention plan@24/?-work_queue,Prepare hardware matmul job@24/?-work_queue,1076.5,974.4,98.3,101.4,1062.2
999,136830195429842,2212.9,838.1,1147.4,227.4,139.3,2045.8,assemble attention plan@24/?-work_queue,Prepare hardware matmul job@24/?-work_queue,2210.7,1627.9,598.7,611.0,2201.0
1000,136830201995540,1135.3,159.1,946.6,29.6,12.8,1091.5,assemble attention plan@24/?-work_queue,Prepare hardware matmul job@24/?-work_queue,1133.0,1018.3,124.7,142.4,1114.6
1001,136830207413378,458.3,136.9,293.6,27.7,12.2,412.5,assemble attention plan@24/?-work_queue,Prepare hardware matmul job@24/?-work_queue,456.3,344.2,104.0,107.2,435.0
1002,136830212186969,1728.3,447.0,1078.1,203.2,106.4,1595.3,assemble attention plan@24/?-work_queue,Prepare hardware matmul job@24/?-work_queue,1726.6,1132.8,111.5,120.1,1711.8
1003,136830218218675,1164.5,633.0,458.2,73.4,36.5,667.5,rx collecting results@148/0-RX-13,prepare streams@25/0-worker,1162.5,1047.7,722.4,733.8,1149.3
1004,136830223684750,526.8,129.7,371.6,25.4,11.1,490.6,assemble attention plan@24/?-work_queue,Prepare hardware matmul job@24/?-work_queue,525.0,421.8,99.1,103.0,511.0
1005,136830228495023,736.9,139.7,571.2,25.9,12.0,698.6,assemble attention plan@24/?-work_queue,Prepare hardware matmul job@24/?-work_queue,733.8,629.7,116.0,123.7,720.5
1006,136830233526295,535.6,157.9,352.0,25.6,10.9,499.1,assemble attention plan@24/?-work_queue,Prepare hardware matmul job@24/?-work_queue,533.7,420.2,113.9,120.7,519.6
1007,136830238344519,518.9,143.7,343.7,31.5,17.8,468.8,assemble attention plan@24/?-work_queue,Prepare hardware matmul job@24/?-work_queue,516.1,399.2,98.6,102.3,496.0
1008,136830243181583,1653.3,414.8,988.2,250.3,146.5,1474.3,assemble attention plan@24/?-work_queue,Prepare hardware matmul job@24/?-work_queue,1651.2,1039.1,106.3,109.8,1636.8
1009,136830249140399,1912.2,882.3,888.2,141.7,61.2,1439.5,notify_listener@25/0-worker,work_queue::do_work get_work@24/?-work_queue,1910.6,1439.5,749.8,754.6,1894.6
1010,136830255362852,855.9,154.9,672.5,28.5,10.7,818.6,assemble attention plan@24/?-work_queue,Prepare hardware matmul job@24/?-work_queue,853.4,741.8,105.7,110.8,838.7
1011,136830260489250,2107.5,801.4,1114.7,191.5,123.8,1956.9,assemble attention plan@24/?-work_queue,Prepare hardware matmul job@24/?-work_queue,2105.4,1517.8,551.7,555.1,2089.9
1012,136830266959216,957.8,545.9,344.4,67.5,24.0,492.1,rx collecting results@150/0-RX-3b,rx collecting results@148/0-RX-13,955.4,854.4,624.6,630.1,942.0
1013,136830272210156,1140.1,677.3,411.4,51.4,22.7,755.9,rx collecting results@148/0-RX-13,prepare streams@25/0-worker,1137.3,1028.3,780.4,786.7,1118.0
1014,136830277713778,1571.3,398.1,991.8,181.4,91.6,1436.0,assemble attention plan@24/?-work_queue,Prepare hardware matmul job@24/?-work_queue,1569.5,1045.6,117.2,120.8,1537.9
1015,136830283603210,551.8,140.8,382.5,28.5,13.3,510.8,assemble attention plan@24/?-work_queue,Prepare hardware matmul job@24/?-work_queue,549.9,433.7,101.9,105.8,534.3
1016,136830288491966,730.3,181.0,521.6,27.7,12.6,690.9,assemble attention plan@24/?-work_queue,Prepare hardware matmul job@24/?-work_queue,728.1,620.1,128.6,160.9,713.7
1017,136830293504830,1539.5,406.8,983.7,149.1,59.9,1029.1,notify_listener@25/0-worker,work_queue::do_work get_work@24/?-work_queue,1537.5,1029.1,94.4,101.3,1522.5
1018,136830299384896,813.3,147.4,640.1,25.7,12.3,774.0,assemble attention plan@24/?-work_queue,Prepare hardware matmul job@24/?-work_queue,811.7,704.4,110.0,129.1,796.4
1019,136830304613857,551.3,164.7,360.8,25.7,12.4,508.3,assemble attention plan@24/?-work_queue,Prepare hardware matmul job@24/?-work_queue,548.7,437.9,130.3,137.6,530.7
1020,136830309448070,528.7,134.5,362.0,32.2,13.0,482.6,assemble attention plan@24/?-work_queue,Prepare hardware matmul job@24/?-work_queue,526.1,415.6,113.9,117.4,511.5
1021,136830314240796,947.1,144.5,776.6,26.0,12.3,907.7,assemble attention plan@24/?-work_queue,Prepare hardware matmul job@24/?-work_queue,945.4,832.5,115.9,137.3,930.6
1022,136830319505037,939.3,550.9,363.0,25.4,12.1,902.5,assemble attention plan@24/?-work_queue,Prepare hardware matmul job@24/?-work_queue,937.1,835.6,533.5,540.1,924.1
1023,136830324731561,669.3,304.0,331.3,34.1,15.7,627.9,assemble attention plan@24/?-work_queue,Prepare hardware matmul job@24/?-work_queue,667.0,558.2,334.6,338.5,653.0
1024,136830329709358,1462.4,537.3,864.6,60.5,28.1,633.6,rx collecting results@148/0-RX-13,prepare streams@25/0-worker,1460.6,1355.8,663.5,667.0,1445.9
1025,136830335488889,739.7,147.1,565.2,27.4,12.8,695.2,assemble attention plan@24/?-work_queue,Prepare hardware matmul job@24/?-work_queue,737.6,623.8,116.6,120.5,717.7
1026,136830340542252,698.4,154.1,517.9,26.3,12.7,652.8,assemble attention plan@24/?-work_queue,Prepare hardware matmul job@24/?-work_queue,696.4,583.6,120.3,135.3,681.7
1027,136830345511816,502.5,149.6,319.0,33.8,10.9,461.6,assemble attention plan@24/?-work_queue,Prepare hardware matmul job@24/?-work_queue,500.3,386.1,148.0,151.7,482.0
1028,136830350319138,1789.5,616.9,1081.0,91.6,52.7,1627.9,notify_listener@25/0-worker,work_queue::do_work get_work@24/?-work_queue,1787.6,1627.9,697.5,733.2,1773.4
1029,136830356465634,437.7,135.5,274.5,27.7,11.8,400.7,assemble attention plan@24/?-work_queue,Prepare hardware matmul job@24/?-work_queue,435.6,332.0,95.8,103.2,421.7
1030,136830361228637,540.4,160.8,354.0,25.5,12.1,500.2,assemble attention plan@24/?-work_queue,Prepare hardware matmul job@24/?-work_queue,537.5,430.2,117.0,122.5,521.9
1031,136830366136168,1033.2,165.1,833.8,34.4,13.0,988.8,assemble attention plan@24/?-work_queue,Prepare hardware matmul job@24/?-work_queue,1030.6,914.5,134.4,138.0,1011.3
1032,136830371536923,520.8,142.8,353.2,24.9,11.2,477.5,assemble attention plan@24/?-work_queue,Prepare hardware matmul job@24/?-work_queue,518.3,400.3,101.2,104.7,503.7
1033,136830376388785,2262.0,864.9,1092.6,304.5,109.3,1641.8,notify_listener@25/0-worker,work_queue::do_work get_work@24/?-work_queue,2259.7,1641.8,749.3,753.0,2243.6
1034,136830382995536,1247.2,602.4,556.9,87.9,43.0,682.5,rx collecting results@148/0-RX-13,prepare streams@25/0-worker,1245.0,1138.3,727.7,736.2,1231.1
1035,136830388564179,678.6,151.3,496.2,31.2,13.1,637.3,assemble attention plan@24/?-work_queue,Prepare hardware matmul job@24/?-work_queue,677.1,564.5,123.7,136.0,661.0
1036,136830393571362,661.6,138.4,494.7,28.4,12.3,622.6,assemble attention plan@24/?-work_queue,Prepare hardware matmul job@24/?-work_queue,659.8,553.0,113.4,116.9,644.6
1037,136830398526102,520.7,151.9,340.0,28.8,15.6,473.5,assemble attention plan@24/?-work_queue,Prepare hardware matmul job@24/?-work_queue,518.8,404.4,109.2,112.8,499.3
1038,136830403387087,1739.4,559.1,1144.2,36.1,16.1,1696.3,assemble attention plan@24/?-work_queue,Prepare hardware matmul job@24/?-work_queue,1737.7,1627.7,643.5,650.6,1722.7
1039,136830409463457,552.1,146.8,364.0,41.3,15.8,504.9,assemble attention plan@24/?-work_queue,Prepare hardware matmul job@24/?-work_queue,549.6,423.6,116.1,119.5,529.7
1040,136830414330315,870.5,154.7,689.2,26.6,11.4,831.5,assemble attention plan@24/?-work_queue,Prepare hardware matmul job@24/?-work_queue,868.8,759.8,119.7,123.6,852.4
1041,136830419534550,2065.3,700.5,1108.9,255.9,123.5,1914.9,assemble attention plan@24/?-work_queue,Prepare hardware matmul job@24/?-work_queue,2062.8,1473.5,508.2,512.1,2048.1
1042,136830425956405,496.6,188.3,280.2,28.1,14.0,449.3,assemble attention plan@24/?-work_queue,Prepare hardware matmul job@24/?-work_queue,494.2,378.2,155.2,158.6,472.9
1043,136830430737803,1392.9,321.8,1040.6,30.5,11.8,1348.4,assemble attention plan@24/?-work_queue,Prepare hardware matmul job@24/?-work_queue,1390.6,1272.3,311.1,316.5,1373.9
1044,136830436489541,449.4,135.7,284.1,29.6,14.4,409.9,assemble attention plan@24/?-work_queue,Prepare hardware matmul job@24/?-work_queue,447.2,336.3,103.2,106.6,434.0
1045,136830441233963,948.6,142.4,769.9,36.3,11.9,910.3,assemble attention plan@24/?-work_queue,Prepare hardware matmul job@24/?-work_queue,946.7,830.4,107.2,111.0,932.1
1046,136830446550257,806.1,327.4,344.4,134.3,112.7,666.5,assemble attention plan@24/?-work_queue,Prepare hardware matmul job@24/?-work_queue,803.4,416.1,122.8,126.1,788.8
1047,136830451644940,1702.4,384.6,1040.0,277.8,123.5,1550.5,assemble attention plan@24/?-work_queue,Prepare hardware matmul job@24/?-work_queue,1699.7,1112.6,134.3,178.9,1684.4
1048,136830457744288,538.2,155.1,357.3,25.7,13.3,493.4,assemble attention plan@24/?-work_queue,Prepare hardware matmul job@24/?-work_queue,534.5,425.7,121.4,125.6,516.1
1049,136830462549718,1569.2,433.9,1002.5,132.8,96.5,1047.9,notify_listener@25/0-worker,work_queue::do_work get_work@24/?-work_queue,1567.3,1047.9,109.2,131.3,1545.0
1050,136830468523040,669.7,185.5,360.6,123.6,107.2,536.3,assemble attention plan@24/?-work_queue,Prepare hardware matmul job@24/?-work_queue,667.9,409.3,101.4,105.1,652.9
1051,136830473503116,476.6,149.9,297.6,29.2,11.6,438.1,assemble attention plan@24/?-work_queue,Prepare hardware matmul job@24/?-work_queue,474.4,357.9,108.1,111.5,460.2
1052,136830478343829,2328.9,907.2,1163.0,258.6,121.8,2181.1,assemble attention plan@24/?-work_queue,Prepare hardware matmul job@24/?-work_queue,2326.9,1732.6,680.1,685.6,2312.6
1053,136830485017905,1234.3,661.5,480.5,92.3,33.7,698.5,rx collecting results@148/0-RX-13,prepare streams@25/0-worker,1232.8,1115.6,734.0,744.9,1218.1
1054,136830490598727,1460.0,380.0,963.9,116.0,65.3,1013.2,notify_listener@25/0-worker,work_queue::do_work get_work@24/?-work_queue,1458.0,1013.2,104.2,107.5,1440.8
1055,136830496358378,465.0,142.3,288.2,34.6,17.3,413.0,assemble attention plan@24/?-work_queue,Prepare hardware matmul job@24/?-work_queue,462.8,343.1,115.6,121.5,446.6
1056,136830501095939,2015.9,667.1,1218.8,130.0,67.5,1797.8,notify_listener@25/0-worker,work_queue::do_work get_work@24/?-work_queue,2013.4,1797.8,764.5,768.7,1998.1
1057,136830507495720,1632.8,541.0,1064.8,26.9,10.8,1596.1,assemble attention plan@24/?-work_queue,Prepare hardware matmul job@24/?-work_queue,1630.8,1511.5,565.2,583.5,1616.5
1058,136830513455691,1701.7,444.8,1035.5,221.4,114.9,1560.5,assemble attention plan@24/?-work_queue,Prepare hardware matmul job@24/?-work_queue,1699.9,1080.9,101.0,107.4,1685.0
1059,136830519471944,749.9,152.6,572.9,24.4,11.8,711.2,assemble attention plan@24/?-work_queue,Prepare hardware matmul job@24/?-work_queue,747.7,639.7,116.6,123.2,732.1
1060,136830524513499,1559.8,428.7,1022.8,108.2,63.7,1094.1,notify_listener@25/0-worker,work_queue::do_work get_work@24/?-work_queue,1542.8,1094.1,122.4,128.1,1527.4
1061,136830530431592,793.7,157.7,606.8,29.2,12.1,747.4,assemble attention plan@24/?-work_queue,Prepare hardware matmul job@24/?-work_queue,791.3,676.7,117.4,125.9,769.3
1062,136830535549724,1513.2,423.5,987.3,102.4,60.1,1040.2,notify_listener@25/0-worker,work_queue::do_work get_work@24/?-work_queue,1509.3,1040.2,115.8,136.9,1495.7
1063,136830541422523,452.1,139.7,285.2,27.3,13.1,413.0,assemble attention plan@24/?-work_queue,Prepare hardware matmul job@24/?-work_queue,449.7,333.5,99.5,103.1,436.4
1064,136830546187594,528.9,172.8,328.6,27.5,12.3,491.9,assemble attention plan@24/?-work_queue,Prepare hardware matmul job@24/?-work_queue,526.8,422.9,112.5,129.3,513.8
1065,136830551041454,1213.3,619.4,513.2,80.6,35.4,711.5,rx collecting results@148/0-RX-13,prepare streams@25/0-worker,1211.1,1097.6,749.0,757.8,1196.1
1066,136830556565634,692.8,149.5,515.2,28.1,12.2,652.5,assemble attention plan@24/?-work_queue,Prepare hardware matmul job@24/?-work_queue,691.1,577.5,123.2,126.7,675.5
1067,136830561520721,752.6,147.5,572.0,33.1,12.6,708.4,assemble attention plan@24/?-work_queue,Prepare hardware matmul job@24/?-work_queue,750.4,633.0,104.7,109.7,730.7
1068,136830566557801,469.6,147.1,288.4,34.0,12.7,417.1,assemble attention plan@24/?-work_queue,Prepare hardware matmul job@24/?-work_queue,467.6,346.8,105.5,109.4,453.8
1069,136830571349864,439.7,142.1,268.0,29.6,11.8,402.7,assemble attention plan@24/?-work_queue,Prepare hardware matmul job@24/?-work_queue,438.1,323.9,102.7,106.8,424.2
1070,136830576099377,514.4,149.6,338.6,26.1,11.9,476.4,assemble attention plan@24/?-work_queue,Prepare hardware matmul job@24/?-work_queue,511.8,404.5,102.1,122.3,498.0
1071,136830580919261,520.2,196.1,289.8,34.3,16.6,476.3,assemble attention plan@24/?-work_queue,Prepare hardware matmul job@24/?-work_queue,517.5,404.5,163.2,167.1,502.9
1072,136830585735202,1384.9,289.5,1066.3,29.1,13.0,1344.9,assemble attention plan@24/?-work_queue,Prepare hardware matmul job@24/?-work_queue,1382.9,1274.5,333.5,339.3,1367.1
1073,136830591481969,465.2,142.7,297.5,25.0,11.4,422.0,assemble attention plan@24/?-work_queue,Prepare hardware matmul job@24/?-work_queue,461.5,351.5,105.7,117.3,442.9
1074,136830596231760,2266.6,872.3,1172.8,221.4,97.1,2139.1,assemble attention plan@24/?-work_queue,Prepare hardware matmul job@24/?-work_queue,2264.1,1727.3,785.4,790.3,2250.4
1075,136830602818528,472.2,135.6,308.3,28.4,14.5,431.4,assemble attention plan@24/?-work_queue,Prepare hardware matmul job@24/?-work_queue,470.2,353.7,97.3,101.1,455.9
1076,136830607598846,696.6,138.1,532.0,26.5,11.7,659.1,assemble attention plan@24/?-work_queue,Prepare hardware matmul job@24/?-work_queue,694.7,584.0,94.0,97.5,680.1
1077,136830612617263,437.1,140.8,268.6,27.8,12.5,396.8,assemble attention plan@24/?-work_queue,Prepare hardware matmul job@24/?-work_queue,435.1,322.6,93.3,99.1,420.4
1078,136830617360925,837.3,141.0,665.8,30.5,12.3,799.1,assemble attention plan@24/?-work_queue,Prepare hardware matmul job@24/?-work_queue,835.4,725.8,105.6,109.3,821.2
1079,136830622520086,757.9,133.0,594.9,30.0,12.3,719.4,assemble attention plan@24/?-work_queue,Prepare hardware matmul job@24/?-work_queue,756.3,644.3,90.4,94.8,741.7
1080,136830627588436,1518.7,417.8,999.3,101.6,55.6,1051.8,notify_listener@25/0-worker,work_queue::do_work get_work@24/?-work_queue,1516.7,1051.8,107.4,116.8,1459.8
1081,136830633450549,463.0,137.3,299.6,26.1,11.9,418.8,assemble attention plan@24/?-work_queue,Prepare hardware matmul job@24/?-work_queue,461.4,347.3,113.9,118.2,445.6
1082,136830638218336,533.2,153.2,355.6,24.3,10.3,495.7,assemble attention plan@24/?-work_queue,Prepare hardware matmul job@24/?-work_queue,530.6,413.8,104.1,107.6,516.0
1083,136830643073029,1169.2,618.3,489.5,61.3,27.4,620.5,rx collecting results@148/0-RX-13,prepare streams@25/0-worker,1166.7,1059.0,650.3,703.9,1152.6
1084,136830648585825,991.8,436.0,358.0,197.7,100.6,863.7,assemble attention plan@24/?-work_queue,Prepare hardware matmul job@24/?-work_queue,989.5,424.6,118.9,122.8,974.4
1085,136830653924673,1193.6,155.7,1008.8,29.1,12.3,1153.5,assemble attention plan@24/?-work_queue,Prepare hardware matmul job@24/?-work_queue,1191.4,1082.9,120.8,125.8,1176.5
1086,136830659461016,550.3,61.2,486.0,3.1,2.3,81.4,legacy tx_launch@3/0-TX-10,rx collecting results@148/0-RX-13,109.3,550.3,106.0,109.3,
1087,136830665679154,112.2,88.5,5.1,18.6,11.1,66.8,assemble attention plan@24/?-work_queue,Prepare hardware matmul job@24/?-work_queue,109.9,,,,
1088,136830670242002,1876.2,625.6,1132.8,117.8,59.6,1705.6,notify_listener@25/0-worker,work_queue::do_work get_work@24/?-work_queue,1873.8,1705.6,768.1,773.0,1860.7
1089,136830676471078,2144.1,830.1,1110.4,203.7,94.8,2020.5,assemble attention plan@24/?-work_queue,Prepare hardware matmul job@24/?-work_queue,2141.7,1543.8,559.7,563.7,2126.1
1090,136830682969066,1152.2,142.2,972.2,37.8,13.2,1111.8,assemble attention plan@24/?-work_queue,Prepare hardware matmul job@24/?-work_queue,1149.7,1041.1,123.3,128.9,1134.7
1091,136830688588322,1486.6,247.3,1140.0,99.4,56.2,1192.9,notify_listener@25/0-worker,work_queue::do_work get_work@24/?-work_queue,1484.5,1192.9,109.5,116.6,1471.5
1092,136830694395131,813.2,146.9,639.4,26.9,12.1,774.8,assemble attention plan@24/?-work_queue,Prepare hardware matmul job@24/?-work_queue,810.5,705.0,116.1,120.0,796.4
1093,136830699527077,2344.0,981.4,1075.5,287.0,97.0,2215.3,assemble attention plan@24/?-work_queue,Prepare hardware matmul job@24/?-work_queue,2341.8,1740.4,846.3,860.4,2322.1
1094,136830706265219,925.7,141.8,750.7,33.2,18.1,879.1,assemble attention plan@24/?-work_queue,Prepare hardware matmul job@24/?-work_queue,923.1,810.2,111.8,114.9,906.9
1095,136830711539563,1519.8,414.5,989.1,116.2,60.7,1035.3,notify_listener@25/0-worker,work_queue::do_work get_work@24/?-work_queue,1518.0,1035.3,99.8,103.1,1504.6
1096,136830717426302,480.3,144.0,308.1,28.2,11.9,440.7,assemble attention plan@24/?-work_queue,Prepare hardware matmul job@24/?-work_queue,477.5,372.4,103.4,134.4,462.9
1097,136830722255198,532.8,133.1,372.4,27.3,13.1,493.8,assemble attention plan@24/?-work_queue,Prepare hardware matmul job@24/?-work_queue,530.4,423.2,121.2,125.2,516.7
1098,136830727126395,1986.2,705.5,1132.5,148.2,51.4,1832.9,notify_listener@25/0-worker,work_queue::do_work get_work@24/?-work_queue,1984.1,1832.9,824.0,828.0,1970.3
1099,136830733445021,955.9,603.6,318.2,34.1,13.2,912.4,assemble attention plan@24/?-work_queue,Prepare hardware matmul job@24/?-work_queue,954.2,840.9,597.6,610.1,936.2
1100,136830738690703,1390.5,261.7,978.9,149.9,96.2,1048.2,notify_listener@25/0-worker,work_queue::do_work get_work@24/?-work_queue,1388.2,1048.2,128.6,142.1,1372.5
1101,136830744430105,1688.6,591.5,1050.1,47.0,14.9,1648.0,assemble attention plan@24/?-work_queue,Prepare hardware matmul job@24/?-work_queue,1687.2,1565.7,597.1,622.6,1673.3
1102,136830750445112,938.3,536.8,367.6,34.0,12.1,902.1,assemble attention plan@24/?-work_queue,Prepare hardware matmul job@24/?-work_queue,936.8,825.1,599.4,605.6,923.6
1103,136830755710354,595.8,143.5,426.8,25.6,11.1,556.2,assemble attention plan@24/?-work_queue,Prepare hardware matmul job@24/?-work_queue,593.2,484.8,109.1,125.6,578.6
1104,136830760628551,474.2,151.8,290.4,32.0,16.0,431.5,assemble attention plan@24/?-work_queue,Prepare hardware matmul job@24/?-work_queue,471.5,357.4,116.3,119.5,457.4
1105,136830765426735,819.0,155.4,636.2,27.5,12.0,775.7,assemble attention plan@24/?-work_queue,Prepare hardware matmul job@24/?-work_queue,817.0,703.6,116.9,125.5,797.8
1106,136830770597733,684.3,145.8,513.6,24.9,11.9,639.5,assemble attention plan@24/?-work_queue,Prepare hardware matmul job@24/?-work_queue,682.3,571.0,116.1,119.7,666.2
1107,136830775642002,1529.6,529.8,913.5,86.3,53.9,637.1,rx collecting results@148/0-RX-13,prepare streams@25/0-worker,1527.8,1415.7,693.1,704.4,1513.9
1108,136830781519961,527.3,137.2,348.7,41.4,20.1,480.0,assemble attention plan@24/?-work_queue,Prepare hardware matmul job@24/?-work_queue,524.9,403.0,101.4,109.4,510.7
1109,136830786370736,467.9,156.2,284.4,27.3,10.6,431.3,assemble attention plan@24/?-work_queue,Prepare hardware matmul job@24/?-work_queue,465.3,352.7,112.6,117.6,452.0
1110,136830791189632,491.0,157.9,297.3,35.7,12.4,375.4,notify_listener@25/0-worker,work_queue::do_work get_work@24/?-work_queue,489.0,375.4,119.9,129.1,475.1
1111,136830796017725,1277.6,620.3,600.7,56.7,23.4,698.0,rx collecting results@148/0-RX-13,prepare streams@25/0-worker,1271.6,1164.6,723.4,730.7,1257.8
1112,136830801663492,1464.7,326.5,1106.4,31.8,13.1,1418.0,assemble attention plan@24/?-work_queue,Prepare hardware matmul job@24/?-work_queue,1461.8,1344.2,380.6,384.4,1441.4
1113,136830807483675,450.1,138.0,279.0,33.1,19.0,403.6,assemble attention plan@24/?-work_queue,Prepare hardware matmul job@24/?-work_queue,448.6,326.5,101.6,111.7,432.9
1114,136830812272759,451.7,139.9,278.1,33.6,13.7,411.4,assemble attention plan@24/?-work_queue,Prepare hardware matmul job@24/?-work_queue,448.7,328.3,99.7,106.3,435.1
1115,136830817073709,1207.1,605.8,498.3,103.1,50.5,750.1,rx collecting results@148/0-RX-13,prepare streams@25/0-worker,1203.1,1094.1,803.0,807.4,1189.5
1116,136830822582145,676.5,144.7,373.7,158.0,140.2,434.3,notify_listener@25/0-worker,work_queue::do_work get_work@24/?-work_queue,674.6,434.3,115.9,119.4,660.0
1117,136830827580700,2004.8,694.3,1090.5,220.0,109.1,1863.6,assemble attention plan@24/?-work_queue,Prepare hardware matmul job@24/?-work_queue,2002.5,1430.5,462.6,466.8,1982.5
1118,136830833974258,1280.0,660.5,506.4,113.1,56.9,675.5,rx collecting results@148/0-RX-13,prepare streams@25/0-worker,1277.7,1158.1,734.4,738.0,1263.4
1119,136830839546788,709.2,148.3,534.2,26.7,12.7,668.1,assemble attention plan@24/?-work_queue,Prepare hardware matmul job@24/?-work_queue,707.2,588.4,107.0,112.6,691.1
1120,136830844588997,467.1,148.1,284.4,34.6,16.3,424.3,assemble attention plan@24/?-work_queue,Prepare hardware matmul job@24/?-work_queue,465.2,349.1,107.3,118.4,450.6
1121,136830849365781,1750.4,574.3,1089.0,87.1,31.7,670.2,rx collecting results@148/0-RX-13,prepare streams@25/0-worker,1748.0,1640.8,704.7,713.0,1732.9
1122,136830855465540,464.7,145.4,294.2,25.1,10.9,428.0,assemble attention plan@24/?-work_queue,Prepare hardware matmul job@24/?-work_queue,462.3,356.0,120.2,129.5,449.1
1123,136830860228229,962.7,165.5,763.4,33.8,13.3,917.8,assemble attention plan@24/?-work_queue,Prepare hardware matmul job@24/?-work_queue,959.6,846.4,129.7,134.5,940.9
1124,136830865495793,458.6,144.6,284.6,29.4,12.8,412.3,assemble attention plan@24/?-work_queue,Prepare hardware matmul job@24/?-work_queue,457.0,342.0,101.3,105.8,441.7
1125,136830870300008,894.1,147.2,714.1,32.8,13.3,855.7,assemble attention plan@24/?-work_queue,Prepare hardware matmul job@24/?-work_queue,892.3,776.4,104.3,107.7,878.8
1126,136830875537791,461.0,144.1,288.3,28.7,12.4,420.7,assemble attention plan@24/?-work_queue,Prepare hardware matmul job@24/?-work_queue,458.5,343.0,114.7,118.7,443.0
1127,136830880278243,533.9,150.5,357.6,25.8,11.0,495.2,assemble attention plan@24/?-work_queue,Prepare hardware matmul job@24/?-work_queue,531.2,424.4,120.3,125.0,516.0
1128,136830885131135,465.5,175.0,260.6,29.9,12.7,426.0,assemble attention plan@24/?-work_queue,Prepare hardware matmul job@24/?-work_queue,463.1,350.8,127.0,132.5,448.5
1129,136830889896781,1231.5,208.4,983.6,39.5,13.8,1110.9,notify_listener@25/0-worker,work_queue::do_work get_work@24/?-work_queue,1223.4,1110.9,207.9,218.2,1208.8
1130,136830895441626,767.3,149.7,590.2,27.4,11.7,725.0,assemble attention plan@24/?-work_queue,Prepare hardware matmul job@24/?-work_queue,765.3,654.9,118.0,137.1,746.4
1131,136830900531399,2147.1,826.1,1080.1,240.9,98.8,1440.6,notify_listener@25/0-worker,work_queue::do_work get_work@24/?-work_queue,2144.6,1440.6,512.0,527.6,2129.6
1132,136830907100330,2251.5,839.2,1065.5,346.8,120.8,2103.3,assemble attention plan@24/?-work_queue,Prepare hardware matmul job@24/?-work_queue,2249.1,1610.8,727.2,737.7,2234.0
1133,136830913728424,543.3,174.9,343.0,25.3,11.6,505.1,assemble attention plan@24/?-work_queue,Prepare hardware matmul job@24/?-work_queue,541.0,425.6,111.3,123.8,526.8
1134,136830918622440,2319.9,909.5,1162.9,247.5,106.7,2187.0,assemble attention plan@24/?-work_queue,Prepare hardware matmul job@24/?-work_queue,2316.6,1743.3,760.4,760.3,2303.6
1135,136830925275029,2351.0,928.3,1206.0,216.7,113.1,2211.5,assemble attention plan@24/?-work_queue,Prepare hardware matmul job@24/?-work_queue,2349.1,1796.1,737.2,746.5,2334.0
1136,136830931977201,529.5,145.4,351.6,32.6,16.2,481.9,assemble attention plan@24/?-work_queue,Prepare hardware matmul job@24/?-work_queue,527.4,410.5,115.1,118.6,508.2
1137,136830936821573,1689.3,400.3,1007.6,281.4,179.6,1483.7,assemble attention plan@24/?-work_queue,Prepare hardware matmul job@24/?-work_queue,1687.5,1048.8,104.4,109.5,1682.8
1138,136830942845518,523.1,136.9,358.6,27.6,10.9,485.6,assemble attention plan@24/?-work_queue,Prepare hardware matmul job@24/?-work_queue,520.8,406.6,98.6,101.7,506.3
1139,136830947659056,1657.2,410.7,1009.5,237.0,131.5,1499.2,assemble attention plan@24/?-work_queue,Prepare hardware matmul job@24/?-work_queue,1653.9,1088.1,131.3,136.0,1640.8
1140,136830953694427,611.4,139.6,441.5,30.4,12.5,573.4,assemble attention plan@24/?-work_queue,Prepare hardware matmul job@24/?-work_queue,609.0,501.8,115.8,119.5,595.7
1141,136830958657498,475.9,141.2,308.8,25.9,11.6,433.2,assemble attention plan@24/?-work_queue,Prepare hardware matmul job@24/?-work_queue,473.4,360.6,114.0,119.8,454.5
1142,136830963476800,764.4,139.0,591.9,33.5,13.9,720.6,assemble attention plan@24/?-work_queue,Prepare hardware matmul job@24/?-work_queue,762.6,647.7,119.3,126.0,748.9
1143,136830968592349,471.5,144.2,295.2,32.1,13.6,430.5,assemble attention plan@24/?-work_queue,Prepare hardware matmul job@24/?-work_queue,468.6,351.9,95.5,99.2,454.1
1144,136830973377013,851.7,141.0,676.4,34.3,12.1,812.9,assemble attention plan@24/?-work_queue,Prepare hardware matmul job@24/?-work_queue,850.0,735.2,124.2,136.2,834.5
1145,136830978567444,1941.3,745.3,1003.8,192.3,123.1,1791.5,assemble attention plan@24/?-work_queue,Prepare hardware matmul job@24/?-work_queue,1938.8,1400.9,481.5,492.4,1924.3
1146,136830984874233,473.7,151.8,292.2,29.7,12.5,435.5,assemble attention plan@24/?-work_queue,Prepare hardware matmul job@24/?-work_queue,471.7,352.0,108.4,112.8,457.6
1147,136830989688768,622.5,154.5,441.8,26.2,11.4,578.6,assemble attention plan@24/?-work_queue,Prepare hardware matmul job@24/?-work_queue,620.4,506.5,115.9,125.2,599.9
1148,136830994657803,536.7,157.6,351.6,27.5,11.7,480.1,assemble attention plan@24/?-work_queue,Prepare hardware matmul job@24/?-work_queue,534.8,407.7,100.2,105.0,501.9
1149,136830999484063,974.2,498.9,444.8,30.5,11.6,927.7,assemble attention plan@24/?-work_queue,Prepare hardware matmul job@24/?-work_queue,971.5,857.4,556.4,560.3,954.5
1150,136831004779857,477.1,144.1,307.9,25.1,11.3,439.5,assemble attention plan@24/?-work_queue,Prepare hardware matmul job@24/?-work_queue,474.5,361.1,102.5,107.1,460.9
1151,136831009557338,1561.2,434.3,1089.2,37.7,12.7,1522.0,assemble attention plan@24/?-work_queue,Prepare hardware matmul job@24/?-work_queue,1559.6,1451.7,501.3,505.6,1544.5
1152,136831015482228,533.6,139.8,361.5,32.3,17.0,484.5,assemble attention plan@24/?-work_queue,Prepare hardware matmul job@24/?-work_queue,531.2,412.9,114.1,117.5,511.3
1153,136831020354504,833.2,140.4,668.5,24.3,11.3,795.7,assemble attention plan@24/?-work_queue,Prepare hardware matmul job@24/?-work_queue,830.8,723.6,110.3,121.3,817.2
1154,136831025538277,1522.4,445.1,969.4,108.0,62.3,1034.5,notify_listener@25/0-worker,work_queue::do_work get_work@24/?-work_queue,1520.6,1034.5,126.9,133.1,1502.4
1155,136831031392516,1725.3,557.1,1100.9,67.2,46.8,1568.1,notify_listener@25/0-worker,work_queue::do_work get_work@24/?-work_queue,1723.3,1568.1,633.8,668.4,1707.2
1156,136831037453204,762.7,147.2,588.0,27.5,12.1,722.9,assemble attention plan@24/?-work_queue,Prepare hardware matmul job@24/?-work_queue,760.3,645.5,106.3,118.3,745.3
1157,136831042532580,460.3,146.5,284.9,28.8,11.5,421.9,assemble attention plan@24/?-work_queue,Prepare hardware matmul job@24/?-work_queue,457.9,351.4,111.8,126.1,443.7
1158,136831047322648,522.8,145.2,352.0,25.7,11.8,485.5,assemble attention plan@24/?-work_queue,Prepare hardware matmul job@24/?-work_queue,520.8,415.6,111.6,115.0,507.0
1159,136831052152641,1032.1,152.3,843.8,36.0,13.5,992.9,assemble attention plan@24/?-work_queue,Prepare hardware matmul job@24/?-work_queue,1030.1,916.1,122.6,132.1,1016.0
1160,136831057548702,696.0,161.2,506.7,28.1,12.7,651.7,assemble attention plan@24/?-work_queue,Prepare hardware matmul job@24/?-work_queue,693.4,576.2,121.2,133.9,674.5
1161,136831062572252,1548.7,403.1,1064.1,81.5,57.6,1381.7,notify_listener@25/0-worker,work_queue::do_work get_work@24/?-work_queue,1546.1,1381.7,463.6,468.9,1531.9
1162,136831068500962,1619.1,459.9,1114.6,44.6,25.1,1483.0,notify_listener@25/0-worker,work_queue::do_work get_work@24/?-work_queue,1616.8,1483.0,534.5,538.3,1602.5
1163,136831074618262,450.1,154.7,269.2,26.1,12.8,411.1,assemble attention plan@24/?-work_queue,Prepare hardware matmul job@24/?-work_queue,448.6,332.9,109.1,122.1,433.8
1164,136831079387332,1726.1,579.3,1065.6,81.2,54.7,1566.3,notify_listener@25/0-worker,work_queue::do_work get_work@24/?-work_queue,1723.9,1566.3,630.4,635.8,1708.1
1165,136831085501395,716.1,148.9,542.9,24.4,12.1,678.6,assemble attention plan@24/?-work_queue,Prepare hardware matmul job@24/?-work_queue,714.3,609.2,120.1,126.5,699.6
1166,136831090527568,1592.7,377.4,1027.8,187.5,114.5,39.8,rx collecting results@148/0-RX-13,Prepare hardware matmul job@24/?-work_queue,1590.3,1463.7,520.1,538.6,1569.1
1167,136831096508630,1717.5,385.1,1130.8,201.5,102.9,1582.4,assemble attention plan@24/?-work_queue,Prepare hardware matmul job@24/?-work_queue,1714.6,1184.6,121.5,125.3,1700.7
1168,136831102514295,537.4,149.5,356.4,31.5,15.8,494.7,assemble attention plan@24/?-work_queue,Prepare hardware matmul job@24/?-work_queue,535.2,413.5,110.8,113.8,520.4
1169,136831107361666,2224.6,911.3,1083.5,229.8,121.9,2076.1,assemble attention plan@24/?-work_queue,Prepare hardware matmul job@24/?-work_queue,2222.8,1621.5,671.1,677.6,2207.7
1170,136831113990350,1134.2,151.8,949.8,32.6,12.6,1093.5,assemble attention plan@24/?-work_queue,Prepare hardware matmul job@24/?-work_queue,1130.7,1020.7,109.2,115.0,1116.1
1171,136831119479329,1570.1,435.4,975.9,158.9,61.5,1031.8,notify_listener@25/0-worker,work_queue::do_work get_work@24/?-work_queue,1568.3,1031.8,110.7,122.0,1553.7
1172,136831125396483,1003.4,548.5,424.4,30.5,12.2,950.3,assemble attention plan@24/?-work_queue,Prepare hardware matmul job@24/?-work_queue,1000.9,877.2,645.7,652.2,972.4
1173,136831130737159,1330.9,385.5,830.6,114.9,69.8,876.3,notify_listener@25/0-worker,work_queue::do_work get_work@24/?-work_queue,1329.2,876.3,102.8,105.6,1314.5
1174,136831136402641,447.9,146.6,273.8,27.6,12.5,408.8,assemble attention plan@24/?-work_queue,Prepare hardware matmul job@24/?-work_queue,445.9,330.3,107.5,119.6,430.6
1175,136831141177712,987.5,163.9,797.4,26.2,13.0,947.3,assemble attention plan@24/?-work_queue,Prepare hardware matmul job@24/?-work_queue,985.7,873.8,127.1,135.9,970.1
1176,136831146517368,532.9,152.5,353.3,27.1,13.9,494.1,assemble attention plan@24/?-work_queue,Prepare hardware matmul job@24/?-work_queue,531.2,417.8,107.3,115.3,517.4
1177,136831151380277,1060.8,610.0,417.8,33.1,12.3,1021.7,assemble attention plan@24/?-work_queue,Prepare hardware matmul job@24/?-work_queue,1060.9,950.7,652.6,656.6,1044.2
1178,136831156792389,1334.8,271.8,1031.0,32.0,10.6,1292.6,assemble attention plan@24/?-work_queue,Prepare hardware matmul job@24/?-work_queue,1332.9,1220.6,267.5,273.1,1312.7
1179,136831162497417,976.4,529.8,398.1,48.4,26.7,923.8,assemble attention plan@24/?-work_queue,Prepare hardware matmul job@24/?-work_queue,974.0,848.7,544.8,548.1,960.6
1180,136831167822756,1676.2,432.2,1030.8,213.2,115.6,1534.0,assemble attention plan@24/?-work_queue,Prepare hardware matmul job@24/?-work_queue,1674.1,1081.3,113.4,126.5,1659.5
1181,136831173851226,531.1,154.7,351.2,25.2,11.7,492.9,assemble attention plan@24/?-work_queue,Prepare hardware matmul job@24/?-work_queue,529.0,422.2,112.8,116.6,514.6
1182,136831178716789,551.8,145.6,379.6,26.6,12.4,512.0,assemble attention plan@24/?-work_queue,Prepare hardware matmul job@24/?-work_queue,549.5,440.5,107.7,130.0,534.1
1183,136831183629176,1889.0,605.6,1103.8,179.7,106.9,1754.3,assemble attention plan@24/?-work_queue,Prepare hardware matmul job@24/?-work_queue,1886.4,1378.8,437.8,448.0,1871.4
1184,136831189859405,1861.9,427.4,1084.7,349.8,263.0,1565.8,assemble attention plan@24/?-work_queue,Prepare hardware matmul job@24/?-work_queue,1859.6,1149.0,111.1,115.9,1838.4
1185,136831196086170,480.9,155.3,295.3,30.3,16.2,438.7,assemble attention plan@24/?-work_queue,Prepare hardware matmul job@24/?-work_queue,478.8,355.1,106.4,109.9,465.6
1186,136831200992656,1253.7,557.7,607.0,88.9,44.6,661.9,rx collecting results@148/0-RX-13,prepare streams@25/0-worker,1251.1,1133.3,708.6,724.7,1237.7
1187,136831206597542,683.9,151.9,506.0,26.1,12.6,645.0,assemble attention plan@24/?-work_queue,Prepare hardware matmul job@24/?-work_queue,681.2,574.7,121.6,132.1,667.9
1188,136831211638501,1428.0,354.8,979.9,93.3,51.8,1028.1,notify_listener@25/0-worker,work_queue::do_work get_work@24/?-work_queue,1425.0,1028.1,106.9,112.5,1410.6
1189,136831217435517,783.4,160.2,595.0,28.2,11.2,746.0,assemble attention plan@24/?-work_queue,Prepare hardware matmul job@24/?-work_queue,781.7,674.9,123.7,150.0,767.4
1190,136831222562051,830.2,462.9,337.0,30.3,11.3,787.6,assemble attention plan@24/?-work_queue,Prepare hardware matmul job@24/?-work_queue,828.8,716.0,482.2,486.5,808.7
1191,136831227748581,531.0,151.0,344.0,36.0,16.9,486.4,assemble attention plan@24/?-work_queue,Prepare hardware matmul job@24/?-work_queue,527.5,412.7,109.0,116.7,512.0
1192,136831232564553,1575.2,420.9,1120.7,33.6,12.2,1535.2,assemble attention plan@24/?-work_queue,Prepare hardware matmul job@24/?-work_queue,1572.5,1448.2,472.1,476.5,1557.0
1193,136831238508430,1550.1,431.9,1017.3,101.0,49.6,1076.6,notify_listener@25/0-worker,work_queue::do_work get_work@24/?-work_queue,1547.6,1076.6,117.5,148.2,1533.1
1194,136831244375483,444.8,140.7,273.8,30.3,12.3,405.9,assemble attention plan@24/?-work_queue,Prepare hardware matmul job@24/?-work_queue,442.4,334.6,104.1,108.3,429.0
1195,136831249164103,1176.0,641.1,458.4,76.5,39.2,713.1,rx collecting results@148/0-RX-13,prepare streams@25/0-worker,1174.6,1064.4,754.7,758.7,1159.7
1196,136831254666815,545.7,168.4,347.4,29.9,13.6,500.7,assemble attention plan@24/?-work_queue,Prepare hardware matmul job@24/?-work_queue,543.7,427.5,120.4,125.0,523.9
1197,136831259549322,442.9,147.3,272.1,23.5,10.8,397.5,assemble attention plan@24/?-work_queue,Prepare hardware matmul job@24/?-work_queue,440.6,327.1,106.5,110.4,424.6
1198,136831264423752,798.7,145.6,624.0,29.2,11.8,761.2,assemble attention plan@24/?-work_queue,Prepare hardware matmul job@24/?-work_queue,795.9,676.7,106.0,119.3,782.9
1199,136831269588598,449.3,145.1,266.9,37.3,19.0,402.8,assemble attention plan@24/?-work_queue,Prepare hardware matmul job@24/?-work_queue,447.3,329.6,99.2,111.3,431.6
1200,136831274355136,1689.5,425.7,966.8,297.0,192.3,1469.8,assemble attention plan@24/?-work_queue,Prepare hardware matmul job@24/?-work_queue,1687.4,1019.8,98.1,102.8,1671.9
1201,136831280401896,1630.2,422.6,991.7,215.9,107.3,1485.5,assemble attention plan@24/?-work_queue,Prepare hardware matmul job@24/?-work_queue,1627.2,1054.6,112.0,116.0,1612.7
1202,136831286366527,489.2,169.0,292.3,27.9,12.7,432.2,assemble attention plan@24/?-work_queue,Prepare hardware matmul job@24/?-work_queue,486.2,357.6,118.1,123.5,454.2
1203,136831291193598,989.6,166.8,793.0,29.9,10.8,946.8,assemble attention plan@24/?-work_queue,Prepare hardware matmul job@24/?-work_queue,986.4,871.2,132.3,153.7,966.9
1204,136831296515041,534.4,146.7,357.2,30.4,12.6,494.9,assemble attention plan@24/?-work_queue,Prepare hardware matmul job@24/?-work_queue,532.5,411.2,101.3,111.7,517.6
1205,136831301396611,819.4,149.4,645.0,25.0,11.7,781.3,assemble attention plan@24/?-work_queue,Prepare hardware matmul job@24/?-work_queue,816.8,693.7,110.7,114.4,802.8
1206,136831306553858,524.6,142.0,354.0,28.6,12.4,484.8,assemble attention plan@24/?-work_queue,Prepare hardware matmul job@24/?-work_queue,521.7,408.7,104.7,108.1,506.8
1207,136831311414139,836.5,156.9,647.6,32.0,11.8,796.6,assemble attention plan@24/?-work_queue,Prepare hardware matmul job@24/?-work_queue,833.6,722.3,129.8,150.1,818.9
1208,136831316559558,1566.4,477.6,1021.2,67.6,40.6,1412.5,notify_listener@25/0-worker,work_queue::do_work get_work@24/?-work_queue,1562.0,1412.5,490.7,506.0,1542.5
1209,136831322443047,1022.4,547.5,442.4,32.5,12.5,977.2,assemble attention plan@24/?-work_queue,Prepare hardware matmul job@24/?-work_queue,1020.5,904.8,597.9,601.4,1006.0
1210,136831327815879,1669.3,460.1,1016.7,192.5,98.5,1544.1,assemble attention plan@24/?-work_queue,Prepare hardware matmul job@24/?-work_queue,1667.2,1069.9,105.7,138.9,1652.7
1211,136831333861659,473.7,152.1,291.2,30.3,10.9,435.9,assemble attention plan@24/?-work_queue,Prepare hardware matmul job@24/?-work_queue,470.7,361.2,115.7,119.1,456.7
1212,136831338690150,733.5,369.8,333.9,29.7,12.4,693.4,assemble attention plan@24/?-work_queue,Prepare hardware matmul job@24/?-work_queue,732.0,621.1,363.2,366.8,715.5
1213,136831343795532,477.9,151.3,297.7,28.9,11.3,439.1,assemble attention plan@24/?-work_queue,Prepare hardware matmul job@24/?-work_queue,475.4,363.7,116.2,119.5,460.4
1214,136831348599032,1472.1,372.1,988.6,111.4,69.7,1054.2,notify_listener@25/0-worker,work_queue::do_work get_work@24/?-work_queue,1470.4,1054.2,118.3,122.4,1453.2
1215,136831354460375,761.2,141.4,594.9,25.0,11.7,717.8,assemble attention plan@24/?-work_queue,Prepare hardware matmul job@24/?-work_queue,759.1,644.7,105.0,109.2,739.5
1216,136831359515582,798.1,162.3,442.3,193.5,167.9,510.9,notify_listener@25/0-worker,work_queue::do_work get_work@24/?-work_queue,795.5,510.9,126.8,130.8,781.1
1217,136831364666080,526.2,142.2,353.5,30.6,12.4,487.4,assemble attention plan@24/?-work_queue,Prepare hardware matmul job@24/?-work_queue,524.2,407.7,99.9,103.6,509.7
1218,136831369504689,759.5,140.9,588.0,30.6,11.2,722.1,assemble attention plan@24/?-work_queue,Prepare hardware matmul job@24/?-work_queue,757.7,648.2,117.2,127.6,743.4
1219,136831374596624,527.3,150.1,349.8,27.5,12.6,489.2,assemble attention plan@24/?-work_queue,Prepare hardware matmul job@24/?-work_queue,524.7,415.2,106.0,110.1,511.4
1220,136831379461750,1672.3,560.7,1078.4,33.2,11.0,1619.1,assemble attention plan@24/?-work_queue,Prepare hardware matmul job@24/?-work_queue,1669.1,1546.4,577.4,586.6,1639.8
1221,136831385513039,440.1,139.5,272.1,28.5,13.4,395.3,assemble attention plan@24/?-work_queue,Prepare hardware matmul job@24/?-work_queue,438.4,324.0,104.8,108.4,418.5
1222,136831390258200,928.7,154.6,745.6,28.4,12.4,882.0,assemble attention plan@24/?-work_queue,Prepare hardware matmul job@24/?-work_queue,927.1,809.7,108.7,120.6,911.1
1223,136831395625705,468.7,147.8,291.7,29.2,12.6,428.8,assemble attention plan@24/?-work_queue,Prepare hardware matmul job@24/?-work_queue,466.1,341.8,102.9,106.6,451.3
1224,136831400408548,796.4,150.9,619.3,26.2,11.0,760.1,assemble attention plan@24/?-work_queue,Prepare hardware matmul job@24/?-work_queue,794.9,688.0,115.3,148.2,780.6
1225,136831405580503,897.8,442.9,430.1,24.8,11.7,858.2,assemble attention plan@24/?-work_queue,Prepare hardware matmul job@24/?-work_queue,894.0,788.0,457.8,461.4,880.3
1226,136831410791751,526.8,141.0,358.4,27.5,12.0,489.2,assemble attention plan@24/?-work_queue,Prepare hardware matmul job@24/?-work_queue,525.1,416.3,107.8,111.1,510.8
1227,136831415679141,650.8,154.1,468.6,28.1,11.6,607.7,assemble attention plan@24/?-work_queue,Prepare hardware matmul job@24/?-work_queue,648.2,535.6,113.9,148.1,628.4
1228,136831420639592,614.7,162.0,428.1,24.6,10.9,567.3,assemble attention plan@24/?-work_queue,Prepare hardware matmul job@24/?-work_queue,612.3,496.6,123.5,139.7,595.2
1229,136831425619275,672.2,157.6,489.5,25.1,10.7,635.1,assemble attention plan@24/?-work_queue,Prepare hardware matmul job@24/?-work_queue,669.9,554.7,123.1,128.6,655.8
1230,136831430621761,1452.5,322.7,1025.5,104.4,59.6,1074.2,notify_listener@25/0-worker,work_queue::do_work get_work@24/?-work_queue,1450.2,1074.2,116.1,120.6,1434.8
1231,136831436450157,1671.0,586.3,1059.6,25.1,12.0,1630.2,assemble attention plan@24/?-work_queue,Prepare hardware matmul job@24/?-work_queue,1668.0,1557.2,585.2,590.2,1652.6
1232,136831442493244,2383.8,842.1,1111.2,430.5,245.4,2108.6,assemble attention plan@24/?-work_queue,Prepare hardware matmul job@24/?-work_queue,2380.7,1645.7,697.9,705.4,2364.4
1233,136831449294229,562.2,178.5,353.5,30.2,11.5,519.3,assemble attention plan@24/?-work_queue,Prepare hardware matmul job@24/?-work_queue,560.3,447.1,144.5,155.0,540.8
1234,136831454148452,1674.8,449.1,1000.0,225.7,110.4,1531.0,assemble attention plan@24/?-work_queue,Prepare hardware matmul job@24/?-work_queue,1672.5,1069.0,118.4,122.9,1656.8
1235,136831460229604,969.0,160.4,778.7,29.8,12.2,930.9,assemble attention plan@24/?-work_queue,Prepare hardware matmul job@24/?-work_queue,966.3,850.2,124.1,131.0,952.6
1236,136831465519896,709.2,137.9,540.7,30.6,12.3,670.6,assemble attention plan@24/?-work_queue,Prepare hardware matmul job@24/?-work_queue,706.9,595.8,100.6,105.8,692.9
1237,136831470601531,635.4,137.6,467.5,30.3,10.9,598.2,assemble attention plan@24/?-work_queue,Prepare hardware matmul job@24/?-work_queue,633.0,526.1,103.6,123.1,619.0
1238,136831475561895,675.7,152.6,497.5,25.6,10.6,633.4,assemble attention plan@24/?-work_queue,Prepare hardware matmul job@24/?-work_queue,669.3,561.3,111.9,115.8,654.5
1239,136831480630273,1487.3,355.7,1073.5,58.1,30.3,1348.5,notify_listener@25/0-worker,work_queue::do_work get_work@24/?-work_queue,1485.2,1348.5,412.4,444.9,1465.3
1240,136831486440617,779.6,139.1,609.9,30.6,13.3,740.8,assemble attention plan@24/?-work_queue,Prepare hardware matmul job@24/?-work_queue,776.8,659.1,102.6,106.6,763.5
1241,136831491579143,696.1,133.8,533.5,28.7,11.1,658.6,assemble attention plan@24/?-work_queue,Prepare hardware matmul job@24/?-work_queue,694.0,581.6,93.8,103.2,679.9
1242,136831496603840,648.6,138.9,481.6,28.0,12.9,608.8,assemble attention plan@24/?-work_queue,Prepare hardware matmul job@24/?-work_queue,646.5,535.6,113.1,116.9,631.7
1243,136831501599236,642.7,148.1,468.2,26.5,11.4,604.1,assemble attention plan@24/?-work_queue,Prepare hardware matmul job@24/?-work_queue,641.1,531.7,111.2,122.9,624.9
1244,136831506563324,1565.4,454.9,1080.1,30.3,11.9,1520.6,assemble attention plan@24/?-work_queue,Prepare hardware matmul job@24/?-work_queue,1563.1,1447.2,475.1,482.2,1542.3
1245,136831512525713,740.9,147.0,562.1,31.9,15.5,699.9,assemble attention plan@24/?-work_queue,Prepare hardware matmul job@24/?-work_queue,739.2,627.2,118.3,121.2,726.0
1246,136831517618327,467.6,142.2,292.7,32.7,11.1,429.0,assemble attention plan@24/?-work_queue,Prepare hardware matmul job@24/?-work_queue,465.4,345.8,109.7,113.6,449.7
1247,136831522572884,2332.9,937.2,1110.9,284.8,122.0,2183.8,assemble attention plan@24/?-work_queue,Prepare hardware matmul job@24/?-work_queue,2329.6,1739.0,791.8,801.8,2315.4
1248,136831529264483,1081.4,613.6,369.7,98.1,48.8,675.6,rx collecting results@148/0-RX-13,prepare streams@25/0-worker,1079.8,969.1,726.3,747.0,1065.6
1249,136831534685728,1155.2,422.4,482.6,250.2,142.4,985.3,assemble attention plan@24/?-work_queue,Prepare hardware matmul job@24/?-work_queue,1152.4,552.8,113.4,125.0,1137.3
1250,136831540182889,1940.9,687.3,1173.0,80.5,41.1,769.4,rx collecting results@148/0-RX-13,prepare streams@25/0-worker,1939.3,1825.3,813.1,826.8,1919.3
1251,136831546481394,533.3,137.1,362.2,34.0,19.3,483.5,assemble attention plan@24/?-work_queue,Prepare hardware matmul job@24/?-work_queue,530.6,412.4,99.5,103.2,512.9
1252,136831551334503,879.7,175.0,677.9,26.8,12.5,840.6,assemble attention plan@24/?-work_queue,Prepare hardware matmul job@24/?-work_queue,877.6,761.0,136.2,162.5,863.4
1253,136831556599592,568.2,173.3,279.8,115.1,100.3,441.9,assemble attention plan@24/?-work_queue,Prepare hardware matmul job@24/?-work_queue,565.9,341.1,105.6,110.9,552.5
1254,136831561461067,1661.3,538.9,1090.0,32.4,10.8,1624.7,assemble attention plan@24/?-work_queue,Prepare hardware matmul job@24/?-work_queue,1659.3,1549.9,609.9,618.4,1645.8
1255,136831567482381,444.3,143.0,267.1,34.2,12.2,401.5,assemble attention plan@24/?-work_queue,Prepare hardware matmul job@24/?-work_queue,441.6,329.7,111.9,116.1,423.2
1256,136831572224243,467.1,156.6,285.2,25.3,12.2,422.7,assemble attention plan@24/?-work_queue,Prepare hardware matmul job@24/?-work_queue,464.2,351.4,125.3,129.5,450.3
1257,136831577059421,1096.8,136.4,923.5,36.9,13.6,1056.3,assemble attention plan@24/?-work_queue,Prepare hardware matmul job@24/?-work_queue,1094.6,972.8,103.2,111.8,1079.8
1258,136831582494105,738.3,168.2,543.3,26.9,13.0,699.1,assemble attention plan@24/?-work_queue,Prepare hardware matmul job@24/?-work_queue,735.9,627.0,130.9,155.3,721.4
1259,136831587592408,1479.7,363.6,962.5,153.5,101.6,1013.5,notify_listener@25/0-worker,work_queue::do_work get_work@24/?-work_queue,1477.5,1013.5,109.3,118.8,1462.3
1260,136831593377737,2212.7,881.5,1099.3,231.9,118.5,2065.1,assemble attention plan@24/?-work_queue,Prepare hardware matmul job@24/?-work_queue,2209.4,1618.5,651.8,662.2,2193.8
1261,136831599927008,1201.4,155.8,1020.5,25.1,11.4,1155.6,assemble attention plan@24/?-work_queue,Prepare hardware matmul job@24/?-work_queue,1199.5,1084.6,115.5,123.9,1177.2
1262,136831605448526,537.4,142.8,359.4,35.3,17.1,493.4,assemble attention plan@24/?-work_queue,Prepare hardware matmul job@24/?-work_queue,535.3,419.8,114.0,117.9,520.8
1263,136831610311869,1822.2,629.5,1153.6,39.1,13.5,1782.6,assemble attention plan@24/?-work_queue,Prepare hardware matmul job@24/?-work_queue,1820.1,1699.0,704.3,716.6,1806.0
1264,136831616464465,554.2,162.3,358.7,33.3,16.1,504.6,assemble attention plan@24/?-work_queue,Prepare hardware matmul job@24/?-work_queue,550.8,427.7,114.9,122.0,530.7
1265,136831621340287,452.7,143.8,280.4,28.5,11.2,415.8,assemble attention plan@24/?-work_queue,Prepare hardware matmul job@24/?-work_queue,450.4,341.7,112.6,118.7,437.1
1266,136831626109488,1252.1,681.8,489.0,81.3,39.3,774.9,rx collecting results@148/0-RX-13,prepare streams@25/0-worker,1245.9,1133.3,816.3,820.5,1231.7
1267,136831631727230,1393.1,299.6,1065.7,27.7,11.9,1349.0,assemble attention plan@24/?-work_queue,Prepare hardware matmul job@24/?-work_queue,1390.5,1276.2,321.0,358.8,1370.6
1268,136831637470770,2110.2,805.3,1062.9,242.0,137.4,1946.6,assemble attention plan@24/?-work_queue,Prepare hardware matmul job@24/?-work_queue,2108.4,1505.7,576.0,584.6,2094.0
1269,136831643927142,1202.1,164.8,1007.5,29.9,13.6,1162.2,assemble attention plan@24/?-work_queue,Prepare hardware matmul job@24/?-work_queue,1200.2,1081.4,118.5,135.5,1186.0
1270,136831649488957,748.7,192.4,529.1,27.1,11.3,711.0,assemble attention plan@24/?-work_queue,Prepare hardware matmul job@24/?-work_queue,745.6,638.4,110.2,114.2,731.8
1271,136831654598911,1587.6,425.0,958.5,204.1,112.5,1446.3,assemble attention plan@24/?-work_queue,Prepare hardware matmul job@24/?-work_queue,1585.5,1022.2,106.7,110.9,1569.0
1272,136831660521006,1602.6,535.8,1024.2,42.5,21.3,1473.1,notify_listener@25/0-worker,work_queue::do_work get_work@24/?-work_queue,1599.8,1473.1,521.1,527.1,1584.7
1273,136831666495268,539.6,150.8,360.3,28.5,13.0,491.6,assemble attention plan@24/?-work_queue,Prepare hardware matmul job@24/?-work_queue,537.0,418.6,111.9,115.2,517.4
1274,136831671346196,883.9,167.5,681.1,35.3,12.6,843.6,assemble attention plan@24/?-work_queue,Prepare hardware matmul job@24/?-work_queue,881.3,762.9,143.2,157.3,866.6
1275,136831676573386,1547.0,528.6,987.6,30.8,13.4,1506.7,assemble attention plan@24/?-work_queue,Prepare hardware matmul job@24/?-work_queue,1545.0,1432.7,472.9,581.6,1530.5
1276,136831682456745,1660.3,547.7,1067.8,44.8,20.8,1535.2,notify_listener@25/0-worker,work_queue::do_work get_work@24/?-work_queue,1658.4,1535.2,585.5,592.4,1643.7
1277,136831688469761,1575.6,390.8,982.7,202.0,108.3,1440.2,assemble attention plan@24/?-work_queue,Prepare hardware matmul job@24/?-work_queue,1572.7,1038.0,120.4,131.5,1558.9
1278,136831694416095,818.6,171.6,619.6,27.4,12.8,772.6,assemble attention plan@24/?-work_queue,Prepare hardware matmul job@24/?-work_queue,816.3,700.8,135.8,148.1,794.9
1279,136831699579328,455.8,145.2,275.4,35.1,21.8,407.2,assemble attention plan@24/?-work_queue,Prepare hardware matmul job@24/?-work_queue,452.8,335.9,116.9,122.0,439.0
1280,136831704366687,1761.8,586.1,1108.9,66.7,25.5,1620.5,notify_listener@25/0-worker,work_queue::do_work get_work@24/?-work_queue,1759.5,1620.5,653.8,659.7,1744.9
1281,136831710476536,2196.6,872.9,1098.0,225.7,117.7,2051.5,assemble attention plan@24/?-work_queue,Prepare hardware matmul job@24/?-work_queue,2194.2,1608.8,551.9,556.0,2178.9
1282,136831717028587,1247.5,638.2,514.9,94.3,40.3,732.5,rx collecting results@148/0-RX-13,prepare streams@25/0-worker,1245.2,1138.0,775.2,779.7,1231.5
1283,136831722609452,644.8,155.0,463.2,26.6,12.2,601.5,assemble attention plan@24/?-work_queue,Prepare hardware matmul job@24/?-work_queue,642.6,529.0,118.6,125.5,623.8
1284,136831727590704,484.2,150.8,307.3,26.0,13.4,431.9,assemble attention plan@24/?-work_queue,Prepare hardware matmul job@24/?-work_queue,482.2,358.7,111.1,114.6,456.0
1285,136831732408170,801.6,164.3,611.0,26.3,10.6,765.2,assemble attention plan@24/?-work_queue,Prepare hardware matmul job@24/?-work_queue,799.5,682.5,126.1,134.8,785.0
1286,136831737549179,2148.8,861.4,1063.2,224.1,134.1,1987.8,assemble attention plan@24/?-work_queue,Prepare hardware matmul job@24/?-work_queue,2146.0,1519.9,509.8,541.9,2132.0
1287,136831744090534,1170.3,633.0,455.5,81.8,29.6,701.8,rx collecting results@148/0-RX-13,prepare streams@25/0-worker,1168.7,1062.2,734.0,741.0,1155.2
1288,136831749592199,794.0,431.9,334.0,28.2,10.6,754.0,assemble attention plan@24/?-work_queue,Prepare hardware matmul job@24/?-work_queue,790.5,681.6,451.6,457.2,774.6
1289,136831754771330,570.9,155.1,389.4,26.4,12.3,527.5,assemble attention plan@24/?-work_queue,Prepare hardware matmul job@24/?-work_queue,568.4,456.5,133.1,137.4,550.4
1290,136831759677655,582.7,159.9,394.7,28.1,12.7,537.8,assemble attention plan@24/?-work_queue,Prepare hardware matmul job@24/?-work_queue,580.4,465.0,123.8,137.1,565.4
1291,136831764599734,464.3,166.6,268.6,29.1,13.8,423.1,assemble attention plan@24/?-work_queue,Prepare hardware matmul job@24/?-work_queue,461.9,337.8,110.0,114.3,447.5
1292,136831769385893,456.5,148.0,280.2,28.4,12.8,418.9,assemble attention plan@24/?-work_queue,Prepare hardware matmul job@24/?-work_queue,454.6,344.9,102.4,116.8,441.4
1293,136831774219431,1641.7,453.6,978.7,209.4,107.2,1509.2,assemble attention plan@24/?-work_queue,Prepare hardware matmul job@24/?-work_queue,1640.0,1073.7,121.3,124.7,1625.4
1294,136831780216168,1873.3,672.6,1072.4,128.3,67.3,1627.7,notify_listener@25/0-worker,work_queue::do_work get_work@24/?-work_queue,1871.6,1627.7,676.9,680.3,1856.9
1295,136831786471125,760.9,151.8,579.6,29.6,13.1,714.7,assemble attention plan@24/?-work_queue,Prepare hardware matmul job@24/?-work_queue,758.0,641.0,109.9,116.1,738.7
1296,136831791524778,1609.1,511.1,1068.7,29.2,14.6,1560.7,assemble attention plan@24/?-work_queue,Prepare hardware matmul job@24/?-work_queue,1606.9,1483.7,509.9,515.6,1590.6
1297,136831797503160,1762.2,565.1,985.5,211.6,116.9,1617.8,assemble attention plan@24/?-work_queue,Prepare hardware matmul job@24/?-work_queue,1759.6,1036.4,114.7,256.3,1744.8
1298,136831803632602,1491.1,427.7,1002.6,60.9,35.2,1349.4,notify_listener@25/0-worker,work_queue::do_work get_work@24/?-work_queue,1489.1,1349.4,430.0,468.5,1473.9
1299,136831809523269,2160.2,781.8,1161.8,216.6,116.7,2015.2,assemble attention plan@24/?-work_queue,Prepare hardware matmul job@24/?-work_queue,2158.0,1572.8,526.6,543.5,2142.2
1300,136831816043220,1271.9,661.0,544.7,66.2,28.6,722.2,rx collecting results@148/0-RX-13,prepare streams@25/0-worker,1270.3,1159.6,769.7,785.3,1255.6
1301,136831821718169,550.1,151.6,370.5,28.1,12.2,505.6,assemble attention plan@24/?-work_queue,Prepare hardware matmul job@24/?-work_queue,547.2,432.1,107.4,115.5,527.4
1302,136831826612473,469.6,162.7,279.2,27.7,11.5,425.8,assemble attention plan@24/?-work_queue,Prepare hardware matmul job@24/?-work_queue,467.4,347.9,127.3,131.0,452.6
1303,136831831407004,814.0,160.0,625.8,28.2,13.2,772.9,assemble attention plan@24/?-work_queue,Prepare hardware matmul job@24/?-work_queue,811.7,688.0,107.7,113.5,796.4
1304,136831836575797,883.7,440.5,409.7,33.5,13.5,844.8,assemble attention plan@24/?-work_queue,Prepare hardware matmul job@24/?-work_queue,881.8,769.6,462.3,467.5,868.2
1305,136831841792411,1744.6,528.6,1001.2,214.7,128.5,1588.6,assemble attention plan@24/?-work_queue,Prepare hardware matmul job@24/?-work_queue,1741.7,1215.3,275.3,290.0,1727.2
1306,136831847892899,534.2,235.6,270.8,27.9,10.9,496.4,assemble attention plan@24/?-work_queue,Prepare hardware matmul job@24/?-work_queue,532.2,420.7,180.2,185.2,517.8
1307,136831852773385,571.7,163.6,376.3,31.8,13.5,527.1,assemble attention plan@24/?-work_queue,Prepare hardware matmul job@24/?-work_queue,569.7,452.9,117.3,130.3,550.4
1308,136831857679014,577.6,148.2,403.3,26.1,11.4,535.0,assemble attention plan@24/?-work_queue,Prepare hardware matmul job@24/?-work_queue,575.8,462.2,108.4,137.7,561.9
1309,136831862558600,680.4,146.3,498.6,35.5,14.7,640.4,assemble attention plan@24/?-work_queue,Prepare hardware matmul job@24/?-work_queue,678.8,562.5,114.0,125.6,665.1
1310,136831867563084,1561.7,405.9,1128.9,26.9,12.5,1523.0,assemble attention plan@24/?-work_queue,Prepare hardware matmul job@24/?-work_queue,1559.0,1450.2,494.6,545.8,1545.5
1311,136831873477463,460.6,149.1,284.3,27.2,14.1,421.0,assemble attention plan@24/?-work_queue,Prepare hardware matmul job@24/?-work_queue,458.5,349.6,111.2,120.4,445.5
1312,136831878232452,537.8,152.5,353.3,32.1,17.8,494.9,assemble attention plan@24/?-work_queue,Prepare hardware matmul job@24/?-work_queue,536.2,420.9,112.8,116.3,522.8
1313,136831883135971,1045.6,153.7,860.7,31.2,11.7,923.8,notify_listener@25/0-worker,work_queue::do_work get_work@24/?-work_queue,1043.4,923.8,109.0,112.4,1024.1
1314,136831888497076,736.8,147.6,557.0,32.2,16.5,692.6,assemble attention plan@24/?-work_queue,Prepare hardware matmul job@24/?-work_queue,734.4,614.8,116.7,124.1,720.1
1315,136831893589884,725.5,300.7,296.9,127.9,109.6,589.2,assemble attention plan@24/?-work_queue,Prepare hardware matmul job@24/?-work_queue,723.7,357.6,109.1,113.7,709.4
1316,136831898647959,1945.9,456.7,488.2,1001.0,815.7,547.7,notify_listener@25/0-worker,work_queue::do_work get_work@24/?-work_queue,1943.9,547.7,109.1,113.2,1928.4
1317,136831904964981,482.4,149.2,300.2,33.0,13.8,361.4,notify_listener@25/0-worker,work_queue::do_work get_work@24/?-work_queue,479.3,361.4,119.4,123.0,464.7
1318,136831909733804,1639.9,410.3,982.0,247.5,140.4,1467.3,assemble attention plan@24/?-work_queue,Prepare hardware matmul job@24/?-work_queue,1637.7,1047.2,124.0,128.3,1618.0
1319,136831915739230,559.3,154.4,362.4,42.5,19.0,512.1,assemble attention plan@24/?-work_queue,Prepare hardware matmul job@24/?-work_queue,556.6,430.6,122.2,126.9,541.3
1320,136831920693405,637.0,155.7,454.1,27.2,11.9,599.7,assemble attention plan@24/?-work_queue,Prepare hardware matmul job@24/?-work_queue,634.5,517.9,121.1,141.8,621.0
1321,136831925668004,1988.7,620.8,1092.2,275.7,138.9,1820.2,assemble attention plan@24/?-work_queue,Prepare hardware matmul job@24/?-work_queue,1985.5,1364.7,380.2,402.6,1970.4
1322,136831932060773,538.7,147.0,363.5,28.2,13.1,498.1,assemble attention plan@24/?-work_queue,Prepare hardware matmul job@24/?-work_queue,536.0,424.8,123.4,127.5,521.4
1323,136831936946950,543.5,160.1,352.7,30.8,12.4,417.9,notify_listener@25/0-worker,work_queue::do_work get_work@24/?-work_queue,540.6,417.9,110.5,115.0,520.5
1324,136831941783842,475.0,157.8,289.1,28.1,12.6,422.7,assemble attention plan@24/?-work_queue,Prepare hardware matmul job@24/?-work_queue,473.2,348.3,123.0,127.6,458.1
1325,136831946553967,556.4,156.4,365.4,34.6,12.7,516.3,assemble attention plan@24/?-work_queue,Prepare hardware matmul job@24/?-work_queue,554.0,423.6,120.5,129.5,539.7
1326,136831951501341,738.4,152.9,558.9,26.6,12.9,699.2,assemble attention plan@24/?-work_queue,Prepare hardware matmul job@24/?-work_queue,736.6,625.9,128.4,132.8,722.3
1327,136831956605618,480.2,153.2,297.7,29.2,11.8,440.9,assemble attention plan@24/?-work_queue,Prepare hardware matmul job@24/?-work_queue,477.9,354.6,102.6,107.0,462.9
1328,136831961482965,1563.0,431.9,978.4,152.7,64.8,1031.6,notify_listener@25/0-worker,work_queue::do_work get_work@24/?-work_queue,1561.4,1031.6,98.2,102.3,1548.1
1329,136831967414096,1665.9,333.8,1193.5,138.6,89.4,1247.4,notify_listener@25/0-worker,work_queue::do_work get_work@24/?-work_queue,1664.1,1247.4,119.9,125.1,1643.7
1330,136831973467083,563.0,159.4,361.6,42.0,22.5,427.4,notify_listener@25/0-worker,work_queue::do_work get_work@24/?-work_queue,561.3,427.4,121.0,124.6,548.2
1331,136831978348982,543.0,143.0,360.8,39.2,14.0,411.9,notify_listener@25/0-worker,work_queue::do_work get_work@24/?-work_queue,540.1,411.9,103.4,106.7,526.1
1332,136831983244605,1881.9,664.0,1172.0,45.9,12.7,1843.1,assemble attention plan@24/?-work_queue,Prepare hardware matmul job@24/?-work_queue,1880.2,1765.1,773.1,790.9,1866.4
1333,136831989498959,956.2,521.7,408.9,25.6,11.1,918.9,assemble attention plan@24/?-work_queue,Prepare hardware matmul job@24/?-work_queue,954.1,847.1,547.0,550.9,940.5
1334,136831994821888,572.3,143.6,398.8,29.9,12.6,528.3,assemble attention plan@24/?-work_queue,Prepare hardware matmul job@24/?-work_queue,569.4,452.8,114.0,119.4,550.5
1335,136831999804648,1788.4,501.1,1088.3,199.0,112.0,1644.2,assemble attention plan@24/?-work_queue,Prepare hardware matmul job@24/?-work_queue,1786.0,1225.1,250.4,254.6,1770.9
1336,136832005951568,461.7,140.0,285.8,35.9,14.7,419.7,assemble attention plan@24/?-work_queue,Prepare hardware matmul job@24/?-work_queue,459.2,335.3,102.0,106.0,445.2
1337,136832010746319,571.8,148.4,393.7,29.7,11.4,532.6,assemble attention plan@24/?-work_queue,Prepare hardware matmul job@24/?-work_queue,569.8,459.0,107.2,111.0,554.5
1338,136832015658150,548.1,170.0,352.1,26.0,11.7,511.0,assemble attention plan@24/?-work_queue,Prepare hardware matmul job@24/?-work_queue,545.7,433.5,127.9,144.3,531.7
1339,136832020583328,668.2,148.5,492.2,27.5,11.6,629.5,assemble attention plan@24/?-work_queue,Prepare hardware matmul job@24/?-work_queue,665.7,555.6,114.1,133.9,651.0
1340,136832025619834,894.0,428.1,296.9,169.1,141.6,719.6,assemble attention plan@24/?-work_queue,Prepare hardware matmul job@24/?-work_queue,892.0,367.6,123.5,130.4,871.3
1341,136832030858568,543.8,155.8,358.6,29.3,13.1,498.8,assemble attention plan@24/?-work_queue,Prepare hardware matmul job@24/?-work_queue,542.0,424.3,119.8,126.1,526.9
1342,136832035698497,634.2,152.9,451.2,30.2,11.1,595.8,assemble attention plan@24/?-work_queue,Prepare hardware matmul job@24/?-work_queue,632.4,514.6,124.2,131.2,617.3
1343,136832040668150,582.9,158.5,396.6,27.8,11.8,542.3,assemble attention plan@24/?-work_queue,Prepare hardware matmul job@24/?-work_queue,580.4,469.2,112.3,121.6,565.2
1344,136832045572437,2196.9,793.5,1048.5,354.8,240.4,1928.0,assemble attention plan@24/?-work_queue,Prepare hardware matmul job@24/?-work_queue,2194.0,1437.4,468.1,473.0,2178.8
1345,136832052183144,2402.4,1017.7,1090.7,294.0,120.4,2254.8,assemble attention plan@24/?-work_queue,Prepare hardware matmul job@24/?-work_queue,2400.5,1795.8,828.4,838.5,2385.7
1346,136832058955659,1176.8,146.5,997.7,32.6,13.9,1055.1,notify_listener@25/0-worker,work_queue::do_work get_work@24/?-work_queue,1173.6,1055.1,113.3,124.4,1153.9
1347,136832064497065,536.6,142.6,353.7,40.3,25.3,485.1,assemble attention plan@24/?-work_queue,Prepare hardware matmul job@24/?-work_queue,534.0,411.3,111.3,116.6,520.0
1348,136832069393174,1749.8,613.0,1017.3,119.5,65.3,652.9,kernel_add_rmsnorm_71@25/0-worker,prepare streams@25/0-worker,1747.8,1625.2,720.5,725.7,1734.5
1349,136832075512640,1609.7,512.3,1063.8,33.7,11.7,1571.2,assemble attention plan@24/?-work_queue,Prepare hardware matmul job@24/?-work_queue,1607.6,1497.3,530.5,544.2,1592.6
1350,136832081464614,1592.7,521.8,925.6,145.4,100.2,1061.0,notify_listener@25/0-worker,work_queue::do_work get_work@24/?-work_queue,1590.4,1061.0,119.6,128.0,1575.5
1351,136832087444805,1641.8,429.3,1031.8,180.7,90.1,1520.5,assemble attention plan@24/?-work_queue,Prepare hardware matmul job@24/?-work_queue,1639.5,1091.2,115.5,118.9,1620.6
1352,136832093479884,484.0,151.7,304.0,28.2,13.3,437.4,assemble attention plan@24/?-work_queue,Prepare hardware matmul job@24/?-work_queue,482.0,364.1,112.9,117.6,467.8
1353,136832098316507,886.8,151.7,705.1,30.0,13.7,845.8,assemble attention plan@24/?-work_queue,Prepare hardware matmul job@24/?-work_queue,884.3,768.7,110.4,113.8,869.9
1354,136832103588880,662.3,148.0,487.0,27.3,11.9,623.7,assemble attention plan@24/?-work_queue,Prepare hardware matmul job@24/?-work_queue,659.8,546.0,105.5,208.9,645.9
1355,136832108593686,529.6,144.8,279.8,104.9,89.9,415.0,assemble attention plan@24/?-work_queue,Prepare hardware matmul job@24/?-work_queue,527.8,337.8,115.8,119.9,514.2
1356,136832113492970,1567.2,413.3,1045.8,108.2,60.9,1113.2,notify_listener@25/0-worker,work_queue::do_work get_work@24/?-work_queue,1564.5,1113.2,127.1,130.5,1549.9
1357,136832119429420,1698.5,633.1,1031.8,33.7,11.7,1654.2,assemble attention plan@24/?-work_queue,Prepare hardware matmul job@24/?-work_queue,1696.7,1583.0,614.4,625.6,1676.1
1358,136832125475191,804.6,150.3,625.9,28.4,12.9,758.1,assemble attention plan@24/?-work_queue,Prepare hardware matmul job@24/?-work_queue,802.2,682.4,114.3,125.0,786.6
1359,136832130616792,646.0,145.0,475.0,26.1,11.2,608.4,assemble attention plan@24/?-work_queue,Prepare hardware matmul job@24/?-work_queue,644.0,528.8,105.0,110.0,630.2
1360,136832135614562,1574.9,645.6,850.4,78.9,46.5,751.9,rx collecting results@148/0-RX-13,prepare streams@25/0-worker,1572.5,1458.0,799.9,807.8,1555.8
1361,136832141569978,1558.9,572.7,947.4,38.8,14.5,1516.0,assemble attention plan@24/?-work_queue,Prepare hardware matmul job@24/?-work_queue,1556.4,1440.2,475.9,480.5,1540.9
1362,136832147516159,533.9,154.0,352.4,27.5,13.0,491.1,assemble attention plan@24/?-work_queue,Prepare hardware matmul job@24/?-work_queue,531.9,413.3,116.8,120.0,513.7
1363,136832152400201,1734.7,541.0,1164.8,28.9,12.0,1689.1,assemble attention plan@24/?-work_queue,Prepare hardware matmul job@24/?-work_queue,1732.6,1611.5,639.1,651.3,1717.8
1364,136832158537479,546.4,162.6,352.9,30.9,14.3,505.5,assemble attention plan@24/?-work_queue,Prepare hardware matmul job@24/?-work_queue,544.1,417.1,114.2,117.5,529.8
1365,136832163424562,1737.5,579.0,1134.8,23.7,10.6,1701.5,assemble attention plan@24/?-work_queue,Prepare hardware matmul job@24/?-work_queue,1735.5,1629.5,613.5,792.2,1721.5
1366,136832169514450,765.2,154.4,583.6,27.2,12.3,724.3,assemble attention plan@24/?-work_queue,Prepare hardware matmul job@24/?-work_queue,762.4,651.5,117.8,121.2,746.6
1367,136832174608402,856.7,408.0,412.3,36.5,13.0,817.1,assemble attention plan@24/?-work_queue,Prepare hardware matmul job@24/?-work_queue,854.7,739.4,436.3,442.8,839.9
1368,136832179841814,1755.5,552.7,999.1,203.7,105.3,1618.1,assemble attention plan@24/?-work_queue,Prepare hardware matmul job@24/?-work_queue,1753.3,1168.9,242.0,246.6,1733.2
1369,136832185969354,569.9,170.2,374.0,25.7,10.9,517.9,assemble attention plan@24/?-work_queue,Prepare hardware matmul job@24/?-work_queue,567.2,444.0,141.5,145.6,552.3
1370,136832190896927,1236.4,234.1,975.4,26.9,11.9,1196.8,assemble attention plan@24/?-work_queue,Prepare hardware matmul job@24/?-work_queue,1231.9,1114.9,188.3,207.0,1218.6
1371,136832196472019,921.1,541.2,345.9,34.0,14.3,880.5,assemble attention plan@24/?-work_queue,Prepare hardware matmul job@24/?-work_queue,919.2,806.0,568.4,588.7,905.0
1372,136832201728175,541.4,145.2,367.2,29.0,12.9,502.7,assemble attention plan@24/?-work_queue,Prepare hardware matmul job@24/?-work_queue,539.8,426.5,106.9,119.3,525.3
1373,136832206628088,458.4,150.7,276.3,31.4,10.9,421.9,assemble attention plan@24/?-work_queue,Prepare hardware matmul job@24/?-work_queue,456.0,343.6,99.5,103.0,443.2
1374,136832211436995,1690.9,592.4,1072.0,26.6,10.8,1645.5,assemble attention plan@24/?-work_queue,Prepare hardware matmul job@24/?-work_queue,1688.7,1572.4,606.9,613.9,1667.2
1375,136832217471874,544.1,155.6,353.4,35.1,20.3,491.7,assemble attention plan@24/?-work_queue,Prepare hardware matmul job@24/?-work_queue,544.6,415.0,116.3,120.4,522.3
1376,136832222335754,1051.3,565.9,431.1,54.4,17.3,644.3,rx collecting results@150/0-RX-3b,rx collecting results@148/0-RX-13,1048.8,926.9,687.8,691.8,1032.9
1377,136832227808774,2391.6,1068.3,1017.5,305.8,143.4,2220.7,assemble attention plan@24/?-work_queue,Prepare hardware matmul job@24/?-work_queue,2389.5,1738.4,781.6,796.0,2374.8
1378,136832234546217,447.0,145.1,271.6,30.3,13.0,405.9,assemble attention plan@24/?-work_queue,Prepare hardware matmul job@24/?-work_queue,444.3,331.5,105.2,114.4,428.9
1379,136832239327616,880.2,162.2,687.7,30.2,14.2,836.4,assemble attention plan@24/?-work_queue,Prepare hardware matmul job@24/?-work_queue,878.5,762.9,126.5,133.3,860.0
1380,136832244546952,1586.6,462.0,1098.0,26.7,10.6,1539.1,assemble attention plan@24/?-work_queue,Prepare hardware matmul job@24/?-work_queue,1584.5,1463.1,494.2,512.9,1567.7
1381,136832250494489,971.2,556.2,382.7,32.3,14.4,928.8,assemble attention plan@24/?-work_queue,Prepare hardware matmul job@24/?-work_queue,968.8,850.3,555.0,559.0,953.5
1382,136832255801420,465.8,168.9,266.4,30.5,12.1,425.7,assemble attention plan@24/?-work_queue,Prepare hardware matmul job@24/?-work_queue,463.8,347.7,115.8,137.1,447.7
1383,136832260623328,773.8,377.5,368.7,27.5,13.5,733.7,assemble attention plan@24/?-work_queue,Prepare hardware matmul job@24/?-work_queue,771.5,660.7,419.7,430.8,756.9
1384,136832265728436,704.2,255.4,419.0,29.8,11.3,664.1,assemble attention plan@24/?-work_queue,Prepare hardware matmul job@24/?-work_queue,702.6,588.5,320.4,324.0,684.7
1385,136832270773425,517.2,139.3,350.5,27.4,11.4,474.3,assemble attention plan@24/?-work_queue,Prepare hardware matmul job@24/?-work_queue,515.3,399.4,113.3,130.7,495.6
1386,136832275682079,741.1,321.4,386.1,33.6,11.0,704.4,assemble attention plan@24/?-work_queue,Prepare hardware matmul job@24/?-work_queue,739.7,623.5,372.4,383.4,725.0
1387,136832280773716,505.8,139.3,336.6,29.9,12.0,466.7,assemble attention plan@24/?-work_queue,Prepare hardware matmul job@24/?-work_queue,503.9,386.3,105.8,164.2,488.3
1388,136832285592527,815.7,422.7,361.3,31.6,11.3,778.2,assemble attention plan@24/?-work_queue,Prepare hardware matmul job@24/?-work_queue,813.6,703.9,444.4,448.5,799.9
1389,136832290743204,576.1,155.1,389.1,31.9,13.8,534.6,assemble attention plan@24/?-work_queue,Prepare hardware matmul job@24/?-work_queue,573.3,452.1,106.3,110.3,558.7
1390,136832295617936,763.5,367.4,280.8,115.3,92.3,644.7,assemble attention plan@24/?-work_queue,Prepare hardware matmul job@24/?-work_queue,761.5,346.7,116.4,121.7,747.2
1391,136832300734931,547.0,165.1,350.0,31.9,12.2,502.8,assemble attention plan@24/?-work_queue,Prepare hardware matmul job@24/?-work_queue,544.7,426.3,124.3,141.0,525.2
1392,136832305602376,698.0,165.0,498.3,34.8,16.3,645.6,assemble attention plan@24/?-work_queue,Prepare hardware matmul job@24/?-work_queue,696.6,567.7,115.9,119.8,680.0
1393,136832310679747,586.3,156.9,399.6,29.9,12.7,546.9,assemble attention plan@24/?-work_queue,Prepare hardware matmul job@24/?-work_queue,584.1,462.3,116.2,119.8,569.8
1394,136832315601676,644.1,152.7,462.8,28.6,12.3,605.2,assemble attention plan@24/?-work_queue,Prepare hardware matmul job@24/?-work_queue,642.0,527.2,112.7,118.3,628.2
1395,136832320589117,1480.6,356.0,999.9,124.7,66.7,1060.4,notify_listener@25/0-worker,work_queue::do_work get_work@24/?-work_queue,1478.5,1060.4,112.1,116.6,1463.6
1396,136832326420121,789.9,143.6,620.3,26.1,11.7,751.7,assemble attention plan@24/?-work_queue,Prepare hardware matmul job@24/?-work_queue,787.7,677.7,109.8,114.1,773.3
1397,136832331549488,858.2,459.3,370.3,28.6,10.5,813.5,assemble attention plan@24/?-work_queue,Prepare hardware matmul job@24/?-work_queue,855.7,737.9,491.6,496.6,835.0
1398,136832336819637,698.1,303.7,364.1,30.4,11.7,650.1,assemble attention plan@24/?-work_queue,Prepare hardware matmul job@24/?-work_queue,695.1,575.8,271.2,275.7,680.0
1399,136832341850105,572.0,155.4,381.4,35.1,12.2,532.8,assemble attention plan@24/?-work_queue,Prepare hardware matmul job@24/?-work_queue,569.1,444.0,110.1,113.8,554.8
1400,136832346787719,1333.7,285.5,1020.9,27.2,11.7,1295.9,assemble attention plan@24/?-work_queue,Prepare hardware matmul job@24/?-work_queue,1331.6,1220.9,270.2,313.7,1317.4
1401,136832352613791,2053.7,784.8,1049.0,219.9,108.9,1918.1,assemble attention plan@24/?-work_queue,Prepare hardware matmul job@24/?-work_queue,2051.6,1364.6,427.7,446.4,2037.5
1402,136832359074528,1173.7,654.9,433.3,85.6,41.1,784.4,rx collecting results@148/0-RX-13,prepare streams@25/0-worker,1171.5,1061.0,827.5,835.6,1156.2
1403,136832364628352,687.0,158.9,498.7,29.3,12.5,644.0,assemble attention plan@24/?-work_queue,Prepare hardware matmul job@24/?-work_queue,685.2,568.5,123.5,137.8,666.2
1404,136832369624437,1457.2,367.4,979.0,110.8,60.0,1035.7,notify_listener@25/0-worker,work_queue::do_work get_work@24/?-work_queue,1455.3,1035.7,115.6,126.8,1440.1
1405,136832375467211,1669.3,547.1,1094.9,27.3,11.5,1631.0,assemble attention plan@24/?-work_queue,Prepare hardware matmul job@24/?-work_queue,1666.7,1549.6,565.8,569.4,1652.3
1406,136832381516782,659.0,213.3,335.4,110.2,91.4,541.0,assemble attention plan@24/?-work_queue,Prepare hardware matmul job@24/?-work_queue,656.7,422.1,116.5,121.3,643.2
1407,136832386549947,1707.5,388.9,1073.3,245.4,143.1,1538.1,assemble attention plan@24/?-work_queue,Prepare hardware matmul job@24/?-work_queue,1705.7,1130.9,118.8,127.9,1691.6
1408,136832392646144,504.1,166.2,303.5,34.4,18.3,454.1,assemble attention plan@24/?-work_queue,Prepare hardware matmul job@24/?-work_queue,502.1,378.8,132.7,136.7,481.8
1409,136832397476529,2072.3,776.2,1116.0,180.2,121.4,1916.3,assemble attention plan@24/?-work_queue,Prepare hardware matmul job@24/?-work_queue,2070.4,1501.2,564.4,578.7,2048.1
1410,136832404008260,491.3,151.7,304.2,35.4,14.0,450.4,assemble attention plan@24/?-work_queue,Prepare hardware matmul job@24/?-work_queue,489.1,368.3,121.9,127.1,474.3
1411,136832408889372,1770.6,521.3,988.3,261.0,146.9,1597.2,assemble attention plan@24/?-work_queue,Prepare hardware matmul job@24/?-work_queue,1768.1,1133.2,200.3,230.8,1754.4
1412,136832415091254,1227.1,627.3,499.1,100.7,49.2,725.4,rx collecting results@148/0-RX-13,prepare streams@25/0-worker,1224.2,1111.9,777.6,781.4,1210.7
1413,136832420659237,1463.3,398.1,1011.4,53.8,23.6,1331.0,notify_listener@25/0-worker,work_queue::do_work get_work@24/?-work_queue,1460.9,1331.0,389.9,399.5,1446.6
1414,136832426497727,1668.3,622.2,960.5,85.6,42.1,700.8,rx collecting results@148/0-RX-13,prepare streams@25/0-worker,1666.2,1549.9,744.4,751.3,1647.5
1415,136832432500445,742.2,165.2,546.2,30.8,11.0,690.3,assemble attention plan@24/?-work_queue,Prepare hardware matmul job@24/?-work_queue,740.3,611.1,109.6,116.4,711.9
1416,136832437618752,2267.1,762.4,471.7,1033.0,864.7,790.7,notify_listener@25/0-worker,work_queue::do_work get_work@24/?-work_queue,2257.6,790.7,421.6,425.0,2249.3
1417,136832444287015,1847.0,620.4,1128.4,98.2,40.4,682.0,rx collecting results@148/0-RX-13,prepare streams@25/0-worker,1845.4,1719.3,724.4,734.4,1829.6
1418,136832450543866,691.2,139.2,524.4,27.6,11.4,653.4,assemble attention plan@24/?-work_queue,Prepare hardware matmul job@24/?-work_queue,688.6,577.3,102.7,106.4,675.1
1419,136832455623271,1449.3,294.6,1002.1,152.7,103.7,1054.5,notify_listener@25/0-worker,work_queue::do_work get_work@24/?-work_queue,1447.2,1054.5,115.1,121.3,1431.3
1420,136832461442147,489.8,165.4,298.3,26.1,11.4,446.8,assemble attention plan@24/?-work_queue,Prepare hardware matmul job@24/?-work_queue,487.4,369.4,128.0,132.6,468.0
1421,136832466264354,1859.6,670.3,1120.0,69.4,39.0,1709.1,notify_listener@25/0-worker,work_queue::do_work get_work@24/?-work_queue,1857.5,1709.1,751.9,757.4,1836.4
1422,136832472524261,1856.5,581.6,1086.2,188.8,87.7,1741.6,assemble attention plan@24/?-work_queue,Prepare hardware matmul job@24/?-work_queue,1854.1,1132.6,112.3,117.4,1839.5
1423,136832478759095,547.6,151.4,366.4,29.8,12.5,509.0,assemble attention plan@24/?-work_queue,Prepare hardware matmul job@24/?-work_queue,545.6,429.3,122.1,137.5,531.8
1424,136832483666885,2150.7,688.6,1041.8,420.3,337.7,1785.3,assemble attention plan@24/?-work_queue,Prepare hardware matmul job@24/?-work_queue,2148.3,1306.9,383.7,395.6,2133.1
1425,136832490198609,973.6,163.1,784.2,26.2,11.6,934.6,assemble attention plan@24/?-work_queue,Prepare hardware matmul job@24/?-work_queue,971.4,861.0,128.0,132.3,956.5
1426,136832495512989,2111.5,795.7,1078.4,237.4,141.8,1936.9,assemble attention plan@24/?-work_queue,Prepare hardware matmul job@24/?-work_queue,2108.5,1493.6,533.9,541.9,2089.2
1427,136832502083100,1085.5,155.5,894.5,35.5,19.0,1038.1,assemble attention plan@24/?-work_queue,Prepare hardware matmul job@24/?-work_queue,1082.2,960.1,113.9,118.0,1067.2
1428,136832507473015,462.4,153.4,275.1,33.9,13.7,422.3,assemble attention plan@24/?-work_queue,Prepare hardware matmul job@24/?-work_queue,460.1,337.3,109.8,116.2,446.4
1429,136832512398616,1670.7,438.8,1009.2,222.7,115.6,1529.2,assemble attention plan@24/?-work_queue,Prepare hardware matmul job@24/?-work_queue,1668.7,1066.4,117.9,123.6,1654.6
1430,136832518424891,795.3,145.5,622.3,27.5,12.4,756.8,assemble attention plan@24/?-work_queue,Prepare hardware matmul job@24/?-work_queue,793.2,682.2,115.0,209.8,779.1
1431,136832523632355,1447.1,272.0,1050.2,125.0,70.7,1113.5,notify_listener@25/0-worker,work_queue::do_work get_work@24/?-work_queue,1445.3,1113.5,108.2,111.6,1431.6
1432,136832529442240,1021.9,594.7,394.2,32.9,13.4,975.0,assemble attention plan@24/?-work_queue,Prepare hardware matmul job@24/?-work_queue,1019.4,899.8,601.4,606.0,998.3
1433,136832534805251,1286.9,228.3,955.4,103.2,63.0,1011.3,notify_listener@25/0-worker,work_queue::do_work get_work@24/?-work_queue,1284.8,1011.3,119.8,124.1,1269.1
1434,136832540443394,782.9,160.6,589.6,32.6,11.3,744.1,assemble attention plan@24/?-work_queue,Prepare hardware matmul job@24/?-work_queue,780.9,657.7,113.0,122.1,765.6
1435,136832545624256,477.3,166.7,282.8,27.8,11.6,440.1,assemble attention plan@24/?-work_queue,Prepare hardware matmul job@24/?-work_queue,474.8,356.6,116.4,136.9,461.6
1436,136832550469965,766.4,158.7,576.5,31.2,13.7,727.9,assemble attention plan@24/?-work_queue,Prepare hardware matmul job@24/?-work_queue,765.0,651.7,126.0,149.4,751.0
1437,136832555650857,736.6,383.2,325.8,27.5,12.4,696.8,assemble attention plan@24/?-work_queue,Prepare hardware matmul job@24/?-work_queue,734.1,621.1,394.8,398.6,719.8
1438,136832560761596,731.4,307.2,396.2,27.9,12.7,688.1,assemble attention plan@24/?-work_queue,Prepare hardware matmul job@24/?-work_queue,729.7,615.4,281.1,284.9,711.3
1439,136832565900080,522.3,205.3,287.9,29.0,12.3,477.1,assemble attention plan@24/?-work_queue,Prepare hardware matmul job@24/?-work_queue,519.9,404.1,181.2,188.6,505.0
1440,136832570802075,2276.7,895.2,1201.1,180.4,63.4,1834.3,notify_listener@25/0-worker,work_queue::do_work get_work@24/?-work_queue,2275.2,1834.3,785.4,790.6,2260.7
1441,136832577497982,473.3,153.2,292.2,27.9,12.1,434.8,assemble attention plan@24/?-work_queue,Prepare hardware matmul job@24/?-work_queue,470.6,358.6,112.8,117.1,456.6
1442,136832582328509,537.1,158.7,348.3,30.2,12.4,497.8,assemble attention plan@24/?-work_queue,Prepare hardware matmul job@24/?-work_queue,534.1,422.2,124.8,148.1,520.0
1443,136832587269222,1186.9,663.8,491.3,31.8,12.3,1143.0,assemble attention plan@24/?-work_queue,Prepare hardware matmul job@24/?-work_queue,1184.0,1071.9,762.4,766.7,1165.3
1444,136832592785404,1472.8,626.0,748.6,98.2,34.6,714.8,rx collecting results@148/0-RX-13,prepare streams@25/0-worker,1469.7,1348.6,752.4,771.2,1454.3
1445,136832598667835,1458.8,325.2,1095.9,37.7,17.7,1328.7,notify_listener@25/0-worker,work_queue::do_work get_work@24/?-work_queue,1457.1,1328.7,387.4,392.0,1443.6
1446,136832604490428,761.2,375.6,358.9,26.7,12.2,721.9,assemble attention plan@24/?-work_queue,Prepare hardware matmul job@24/?-work_queue,759.5,644.6,129.2,368.0,744.4
1447,136832609603050,651.9,175.2,439.0,37.7,12.7,612.0,assemble attention plan@24/?-work_queue,Prepare hardware matmul job@24/?-work_queue,649.8,536.9,127.1,141.4,634.8
1448,136832614622166,663.5,154.7,482.7,26.1,11.2,624.2,assemble attention plan@24/?-work_queue,Prepare hardware matmul job@24/?-work_queue,661.3,548.3,110.3,113.7,645.9
1449,136832619680489,587.0,167.6,391.0,28.4,12.1,544.5,assemble attention plan@24/?-work_queue,Prepare hardware matmul job@24/?-work_queue,584.4,468.7,127.3,159.8,566.8
1450,136832624615660,633.4,140.5,466.1,26.9,12.0,587.7,assemble attention plan@24/?-work_queue,Prepare hardware matmul job@24/?-work_queue,630.8,513.4,107.4,118.5,609.6
1451,136832629648805,1434.4,312.4,995.6,126.5,67.4,1039.3,notify_listener@25/0-worker,work_queue::do_work get_work@24/?-work_queue,1431.4,1039.3,102.4,107.3,1417.5
1452,136832635477785,760.8,152.3,570.6,38.0,12.5,722.3,assemble attention plan@24/?-work_queue,Prepare hardware matmul job@24/?-work_queue,758.7,640.8,115.8,127.4,744.5
1453,136832640641175,826.7,373.5,416.0,37.1,12.4,788.5,assemble attention plan@24/?-work_queue,Prepare hardware matmul job@24/?-work_queue,824.9,712.8,409.5,413.8,810.7
1454,136832645847685,520.8,166.3,324.9,29.6,11.1,481.8,assemble attention plan@24/?-work_queue,Prepare hardware matmul job@24/?-work_queue,518.5,404.5,127.9,159.4,502.1
1455,136832650751124,1380.4,387.9,967.0,25.5,11.4,1342.2,assemble attention plan@24/?-work_queue,Prepare hardware matmul job@24/?-work_queue,1377.7,1267.6,328.5,333.9,1363.6
1456,136832656531481,2265.7,789.8,1077.6,398.4,294.7,1940.2,assemble attention plan@24/?-work_queue,Prepare hardware matmul job@24/?-work_queue,2263.6,1477.1,510.3,513.7,2244.7
1457,136832663199372,998.4,161.2,806.9,30.3,12.1,950.7,assemble attention plan@24/?-work_queue,Prepare hardware matmul job@24/?-work_queue,996.3,871.5,112.9,116.9,980.8
1458,136832668580765,672.5,160.5,480.4,31.7,11.9,635.5,assemble attention plan@24/?-work_queue,Prepare hardware matmul job@24/?-work_queue,670.8,549.7,118.8,144.7,657.1
1459,136832673711636,2333.4,903.8,1157.5,272.0,108.4,2197.6,assemble attention plan@24/?-work_queue,Prepare hardware matmul job@24/?-work_queue,2330.5,1694.2,719.3,723.4,2315.9
1460,136832680451968,556.9,170.8,359.5,26.5,11.5,514.1,assemble attention plan@24/?-work_queue,Prepare hardware matmul job@24/?-work_queue,543.7,438.1,138.3,141.5,535.7
1461,136832685392642,489.1,160.4,303.1,25.6,11.4,445.4,assemble attention plan@24/?-work_queue,Prepare hardware matmul job@24/?-work_queue,486.3,368.6,122.8,126.4,467.1
1462,136832690272924,928.6,153.6,742.0,33.0,12.6,882.2,assemble attention plan@24/?-work_queue,Prepare hardware matmul job@24/?-work_queue,926.4,803.9,113.2,130.6,909.6
1463,136832695609364,690.2,157.9,501.5,30.8,14.6,650.0,assemble attention plan@24/?-work_queue,Prepare hardware matmul job@24/?-work_queue,688.3,570.5,125.2,132.1,674.7
1464,136832700673555,582.3,150.2,405.4,26.7,11.9,544.0,assemble attention plan@24/?-work_queue,Prepare hardware matmul job@24/?-work_queue,579.8,468.3,108.2,154.1,566.2
1465,136832705628923,1446.4,278.4,1053.7,114.2,61.9,1121.9,notify_listener@25/0-worker,work_queue::do_work get_work@24/?-work_queue,1444.1,1121.9,119.2,129.3,1437.6
1466,136832711474966,795.0,158.9,609.8,26.2,11.4,756.0,assemble attention plan@24/?-work_queue,Prepare hardware matmul job@24/?-work_queue,791.9,679.9,133.3,143.7,777.1
1467,136832716652496,621.7,174.5,414.0,33.2,12.5,567.2,assemble attention plan@24/?-work_queue,Prepare hardware matmul job@24/?-work_queue,620.0,489.9,128.9,140.5,589.2
1468,136832721646325,468.9,144.2,288.3,36.4,19.0,423.8,assemble attention plan@24/?-work_queue,Prepare hardware matmul job@24/?-work_queue,467.1,342.8,106.1,111.3,452.3
1469,136832726469264,768.5,147.6,592.7,28.2,13.3,728.7,assemble attention plan@24/?-work_queue,Prepare hardware matmul job@24/?-work_queue,766.8,643.0,106.0,110.7,751.4
1470,136832731632914,1645.5,416.4,982.1,247.0,139.3,1477.8,assemble attention plan@24/?-work_queue,Prepare hardware matmul job@24/?-work_queue,1642.6,1044.4,119.1,123.5,1627.6
1471,136832737671444,592.8,156.6,408.8,27.4,12.9,552.9,assemble attention plan@24/?-work_queue,Prepare hardware matmul job@24/?-work_queue,589.5,476.1,115.0,121.7,576.1
1472,136832742634834,633.7,154.8,440.8,38.1,18.0,584.1,assemble attention plan@24/?-work_queue,Prepare hardware matmul job@24/?-work_queue,631.6,504.6,130.6,134.6,611.9
1473,136832747641542,1794.4,475.8,1081.4,237.2,143.3,1615.4,assemble attention plan@24/?-work_queue,Prepare hardware matmul job@24/?-work_queue,1792.0,1147.9,121.5,127.6,1769.1
1474,136832753856948,458.9,156.3,276.3,26.2,11.7,420.0,assemble attention plan@24/?-work_queue,Prepare hardware matmul job@24/?-work_queue,457.1,336.6,110.2,115.5,441.9
1475,136832758682471,1394.0,319.2,971.9,102.9,52.4,1089.2,notify_listener@25/0-worker,work_queue::do_work get_work@24/?-work_queue,1392.0,1089.2,150.5,210.6,1378.2
1476,136832764512082,735.4,156.9,547.9,30.6,12.6,695.9,assemble attention plan@24/?-work_queue,Prepare hardware matmul job@24/?-work_queue,732.5,618.5,131.1,134.7,718.3
1477,136832769620324,2006.0,678.0,1069.4,258.6,149.7,1828.7,assemble attention plan@24/?-work_queue,Prepare hardware matmul job@24/?-work_queue,2003.8,1386.3,420.6,432.6,1988.1
1478,136832776067851,1989.5,897.5,915.1,176.9,75.9,694.6,kernel_add_rmsnorm_71@25/0-worker,prepare streams@25/0-worker,1986.9,1514.2,772.5,777.6,1966.7
1479,136832782444465,1604.1,404.6,979.9,219.6,101.3,1471.2,assemble attention plan@24/?-work_queue,Prepare hardware matmul job@24/?-work_queue,1601.6,1026.9,104.7,138.6,1582.8
1480,136832788460714,486.7,155.3,294.2,37.2,14.6,355.1,notify_listener@25/0-worker,work_queue::do_work get_work@24/?-work_queue,484.0,355.1,114.6,118.7,469.6
1481,136832793314720,1817.9,647.8,1048.3,121.8,84.2,709.0,rx collecting results@148/0-RX-13,prepare streams@25/0-worker,1816.3,1700.4,795.8,839.2,1801.8
1482,136832799548764,692.2,149.9,516.0,26.3,11.1,654.7,assemble attention plan@24/?-work_queue,Prepare hardware matmul job@24/?-work_queue,690.2,577.7,132.9,176.6,675.5
1483,136832804641303,472.1,147.5,295.9,28.7,10.7,434.7,assemble attention plan@24/?-work_queue,Prepare hardware matmul job@24/?-work_queue,470.2,355.1,127.2,133.2,455.9
1484,136832809503569,2145.1,808.7,1101.3,235.2,126.2,1987.9,assemble attention plan@24/?-work_queue,Prepare hardware matmul job@24/?-work_queue,2143.5,1549.0,540.2,544.7,2124.0
1485,136832816031235,536.8,157.9,351.0,28.0,10.4,493.5,assemble attention plan@24/?-work_queue,Prepare hardware matmul job@24/?-work_queue,534.3,415.3,124.0,127.8,520.0
1486,136832820930909,1762.5,469.2,1015.8,277.6,131.5,1603.2,assemble attention plan@24/?-work_queue,Prepare hardware matmul job@24/?-work_queue,1760.1,1064.2,115.4,128.9,1744.3
1487,136832827129106,1035.1,187.7,814.5,32.9,11.4,995.9,assemble attention plan@24/?-work_queue,Prepare hardware matmul job@24/?-work_queue,1032.3,916.6,112.2,162.7,1017.3
1488,136832832517695,869.9,220.8,344.0,305.1,285.7,558.9,assemble attention plan@24/?-work_queue,Prepare hardware matmul job@24/?-work_queue,868.1,423.8,125.6,129.3,854.6
1489,136832837831719,549.3,152.7,364.7,31.9,11.8,511.3,assemble attention plan@24/?-work_queue,Prepare hardware matmul job@24/?-work_queue,547.4,432.1,117.8,123.5,533.4
1490,136832842753188,1181.6,645.0,463.1,73.6,43.4,704.5,rx collecting results@148/0-RX-13,prepare streams@25/0-worker,1179.4,1062.3,749.3,754.3,1159.8
1491,136832848381309,2278.3,784.1,1232.0,262.2,162.9,2081.4,assemble attention plan@24/?-work_queue,Prepare hardware matmul job@24/?-work_queue,2276.0,1624.9,656.5,663.7,2261.3
1492,136832855039768,1293.3,619.4,593.1,80.8,47.0,739.5,rx collecting results@148/0-RX-13,prepare streams@25/0-worker,1291.4,1165.9,788.9,793.7,1277.8
1493,136832860754621,1352.6,245.6,1012.7,94.4,51.3,1105.6,notify_listener@25/0-worker,work_queue::do_work get_work@24/?-work_queue,1349.8,1105.6,113.0,158.9,1335.4
1494,136832866517610,753.6,150.5,575.5,27.6,10.9,716.6,assemble attention plan@24/?-work_queue,Prepare hardware matmul job@24/?-work_queue,751.6,640.4,106.5,110.5,737.1
1495,136832871662508,1416.9,292.6,998.2,126.2,79.0,1080.7,notify_listener@25/0-worker,work_queue::do_work get_work@24/?-work_queue,1415.3,1080.7,130.2,134.9,1399.9
1496,136832877543045,1803.5,462.4,1092.1,249.0,142.8,1629.6,assemble attention plan@24/?-work_queue,Prepare hardware matmul job@24/?-work_queue,1800.5,1136.1,104.1,110.2,1781.7
1497,136832883785325,527.0,150.1,350.9,26.1,12.4,480.6,assemble attention plan@24/?-work_queue,Prepare hardware matmul job@24/?-work_queue,524.8,407.3,108.3,112.4,510.0
1498,136832888714493,629.3,168.7,431.4,29.2,13.1,589.8,assemble attention plan@24/?-work_queue,Prepare hardware matmul job@24/?-work_queue,626.7,482.6,109.2,130.1,613.0
1499,136832893731959,580.0,151.4,401.5,27.2,12.4,541.0,assemble attention plan@24/?-work_queue,Prepare hardware matmul job@24/?-work_queue,578.4,465.7,108.7,139.1,563.6
1500,136832898672536,511.4,164.7,312.1,34.6,15.5,379.5,notify_listener@25/0-worker,work_queue::do_work get_work@24/?-work_queue,508.4,379.5,114.6,119.7,494.3
1501,136832903599437,928.3,449.2,446.3,32.8,12.2,884.4,assemble attention plan@24/?-work_queue,Prepare hardware matmul job@24/?-work_queue,926.6,804.9,478.4,485.6,906.9
1502,136832908900786,1870.2,501.1,1056.1,313.0,140.0,1695.9,assemble attention plan@24/?-work_queue,Prepare hardware matmul job@24/?-work_queue,1866.6,1119.2,131.0,137.1,1852.4
1503,136832915213337,556.3,154.9,371.1,30.2,11.6,517.6,assemble attention plan@24/?-work_queue,Prepare hardware matmul job@24/?-work_queue,554.0,432.0,120.7,126.8,539.8
1504,136832920192628,1009.2,144.9,823.2,41.1,18.4,964.8,assemble attention plan@24/?-work_queue,Prepare hardware matmul job@24/?-work_queue,1007.0,880.7,125.6,131.9,993.2
1505,136832925621240,1504.6,434.1,1037.9,32.5,10.2,1467.3,assemble attention plan@24/?-work_queue,Prepare hardware matmul job@24/?-work_queue,1502.5,1388.6,421.6,426.0,1488.1
1506,136832931546588,696.0,150.6,513.3,32.0,12.1,573.5,notify_listener@25/0-worker,work_queue::do_work get_work@24/?-work_queue,693.9,573.5,111.6,123.5,679.8
1507,136832936626906,1911.5,524.5,1108.4,278.5,146.5,1721.5,assemble attention plan@24/?-work_queue,Prepare hardware matmul job@24/?-work_queue,1909.5,1177.9,135.9,143.4,1878.7
1508,136832942944792,1817.0,493.5,1055.6,267.9,118.7,1670.3,assemble attention plan@24/?-work_queue,Prepare hardware matmul job@24/?-work_queue,1814.7,1144.1,144.3,151.1,1799.0
1509,136832949158351,1149.4,642.8,404.5,102.0,61.9,719.8,rx collecting results@148/0-RX-13,prepare streams@25/0-worker,1147.5,1023.4,784.7,796.7,1134.2
1510,136832954700998,590.3,163.6,389.7,37.0,13.9,459.9,notify_listener@25/0-worker,work_queue::do_work get_work@24/?-work_queue,587.7,459.9,126.5,146.3,573.9
1511,136832959674812,630.7,168.0,435.0,27.7,12.0,592.0,assemble attention plan@24/?-work_queue,Prepare hardware matmul job@24/?-work_queue,628.5,514.1,124.4,150.3,613.5
1512,136832964662554,643.6,177.3,433.5,32.8,13.5,516.8,notify_listener@25/0-worker,work_queue::do_work get_work@24/?-work_queue,641.2,516.8,133.2,150.9,621.9
1513,136832969700004,594.9,155.5,412.4,27.1,11.8,548.9,assemble attention plan@24/?-work_queue,Prepare hardware matmul job@24/?-work_queue,593.3,471.2,108.1,111.9,577.9
1514,136832974670813,614.2,171.6,406.4,36.3,14.2,471.1,notify_listener@25/0-worker,work_queue::do_work get_work@24/?-work_queue,611.9,471.1,112.7,116.9,596.4
1515,136832979689432,549.2,146.9,374.7,27.6,12.5,510.6,assemble attention plan@24/?-work_queue,Prepare hardware matmul job@24/?-work_queue,547.5,433.1,104.4,108.6,532.6
1516,136832984606476,1111.0,372.5,735.3,3.2,1.6,1.1,rx collecting results@148/0-RX-13,Prepare hardware matmul job@24/?-work_queue,442.9,1111.0,439.3,442.9,
1517,136832986775861,297.5,233.9,13.7,49.9,21.3,9.2,work_queue::do_work get_work@24/?-work_queue,add_tokens@24/?-work_queue,295.8,,,,
1518,136832991527817,748.6,149.3,565.1,34.2,12.9,709.6,assemble attention plan@24/?-work_queue,Prepare hardware matmul job@24/?-work_queue,746.4,630.5,118.1,121.8,732.0
1519,136832996613890,1682.9,378.7,1005.7,298.4,133.2,1516.8,assemble attention plan@24/?-work_queue,Prepare hardware matmul job@24/?-work_queue,1680.7,1069.0,122.1,129.4,1659.8
1520,136833002723465,555.0,169.2,355.2,30.6,13.3,508.6,assemble attention plan@24/?-work_queue,Prepare hardware matmul job@24/?-work_queue,552.8,432.3,123.4,137.9,538.4
1521,136833007644046,833.5,373.8,419.4,40.3,16.3,791.0,assemble attention plan@24/?-work_queue,Prepare hardware matmul job@24/?-work_queue,831.9,700.6,404.5,408.3,817.1
1522,136833012932325,503.2,185.2,286.0,32.1,12.7,464.5,assemble attention plan@24/?-work_queue,Prepare hardware matmul job@24/?-work_queue,501.8,388.8,158.8,164.6,487.3
1523,136833017790387,1352.5,283.1,1030.5,38.8,13.6,1223.5,notify_listener@25/0-worker,work_queue::do_work get_work@24/?-work_queue,1350.9,1223.5,268.0,274.5,1335.2
1524,136833023580138,2150.3,862.8,1018.5,269.0,152.4,1972.2,assemble attention plan@24/?-work_queue,Prepare hardware matmul job@24/?-work_queue,2148.2,1426.7,467.3,471.3,2134.4
1525,136833030121408,1076.1,168.6,864.8,42.7,14.4,1030.7,assemble attention plan@24/?-work_queue,Prepare hardware matmul job@24/?-work_queue,1074.2,946.7,133.8,138.0,1056.2
1526,136833035590114,1543.0,459.0,1047.7,36.3,13.4,1503.5,assemble attention plan@24/?-work_queue,Prepare hardware matmul job@24/?-work_queue,1541.3,1418.1,453.1,457.3,1526.5
1527,136833041550922,698.0,143.3,520.6,34.0,13.3,571.5,notify_listener@25/0-worker,work_queue::do_work get_work@24/?-work_queue,695.8,571.5,109.4,115.7,681.3
1528,136833046619103,641.7,153.9,456.9,31.0,13.1,602.4,assemble attention plan@24/?-work_queue,Prepare hardware matmul job@24/?-work_queue,639.6,520.3,145.3,150.2,625.7
1529,136833051619839,1327.8,499.1,503.6,325.1,156.9,1143.9,assemble attention plan@24/?-work_queue,Prepare hardware matmul job@24/?-work_queue,1325.0,561.2,111.5,115.3,1310.7
1530,136833057359215,865.5,153.0,683.3,29.2,13.3,820.6,assemble attention plan@24/?-work_queue,Prepare hardware matmul job@24/?-work_queue,863.2,744.0,116.7,120.2,843.2
1531,136833062585386,552.5,156.5,359.9,36.1,14.9,416.5,notify_listener@25/0-worker,work_queue::do_work get_work@24/?-work_queue,549.3,416.5,109.1,115.0,535.0
1532,136833067506285,2536.1,1010.6,1243.3,282.2,77.2,1872.4,notify_listener@25/0-worker,work_queue::do_work get_work@24/?-work_queue,2533.3,1872.4,818.4,847.0,2520.1
1533,136833074502032,2104.7,869.9,1005.6,229.2,135.2,1940.1,assemble attention plan@24/?-work_queue,Prepare hardware matmul job@24/?-work_queue,2102.6,1504.3,542.0,635.1,2086.4
1534,136833081060454,516.7,146.9,343.0,26.8,11.3,478.9,assemble attention plan@24/?-work_queue,Prepare hardware matmul job@24/?-work_queue,514.2,402.6,95.9,101.4,500.0
1535,136833085954911,1178.3,159.5,981.9,37.0,14.4,1054.8,notify_listener@25/0-worker,work_queue::do_work get_work@24/?-work_queue,1176.7,1054.8,103.4,121.6,1161.4
1536,136833091581977,680.6,163.7,488.0,29.0,11.9,638.1,assemble attention plan@24/?-work_queue,Prepare hardware matmul job@24/?-work_queue,678.1,557.4,124.4,128.1,659.5
1537,136833096608116,1406.2,447.6,476.2,482.5,341.7,1023.7,assemble attention plan@24/?-work_queue,Prepare hardware matmul job@24/?-work_queue,1404.0,518.0,104.7,115.6,1375.6
1538,136833102425519,804.7,144.3,633.2,27.2,12.9,765.9,assemble attention plan@24/?-work_queue,Prepare hardware matmul job@24/?-work_queue,802.9,684.6,114.7,118.2,789.0
1539,136833107591606,1216.7,433.5,515.9,267.2,143.7,1046.1,assemble attention plan@24/?-work_queue,Prepare hardware matmul job@24/?-work_queue,1214.2,584.9,126.3,144.7,1200.2
1540,136833113220282,526.2,146.7,348.8,30.7,11.6,490.1,assemble attention plan@24/?-work_queue,Prepare hardware matmul job@24/?-work_queue,524.4,414.2,115.7,119.3,510.9
1541,136833118255144,951.6,144.2,770.8,36.6,14.1,831.7,notify_listener@25/0-worker,work_queue::do_work get_work@24/?-work_queue,949.6,831.7,137.8,148.6,935.2
1542,136833123596969,658.5,165.6,465.7,27.2,12.8,614.2,assemble attention plan@24/?-work_queue,Prepare hardware matmul job@24/?-work_queue,656.2,536.9,125.3,129.0,636.7
1543,136833128641082,632.1,157.7,434.1,40.3,14.2,589.2,assemble attention plan@24/?-work_queue,Prepare hardware matmul job@24/?-work_queue,628.1,498.9,113.6,122.9,613.1
1544,136833133680846,789.8,306.6,447.3,35.8,10.5,754.1,assemble attention plan@24/?-work_queue,Prepare hardware matmul job@24/?-work_queue,787.8,670.3,362.5,366.7,774.6
1545,136833138846247,481.6,157.6,289.9,34.1,11.9,360.0,notify_listener@25/0-worker,work_queue::do_work get_work@24/?-work_queue,479.2,360.0,127.1,132.4,464.6
1546,136833143704490,573.0,148.9,397.8,26.3,12.2,534.2,assemble attention plan@24/?-work_queue,Prepare hardware matmul job@24/?-work_queue,570.8,455.9,119.8,123.3,556.4
1547,136833148664773,608.6,164.2,412.6,31.7,12.1,565.8,assemble attention plan@24/?-work_queue,Prepare hardware matmul job@24/?-work_queue,606.9,484.5,115.9,129.1,587.3
1548,136833153670048,1549.6,589.2,886.9,73.5,48.1,744.0,rx collecting results@148/0-RX-13,prepare streams@25/0-worker,1547.5,1429.1,794.3,802.5,1532.9
1549,136833159624612,1513.6,393.4,1083.4,36.7,13.7,1385.2,notify_listener@25/0-worker,work_queue::do_work get_work@24/?-work_queue,1511.1,1385.2,430.6,438.9,1496.0
1550,136833165546676,1579.1,475.0,1075.0,29.0,14.0,1537.8,assemble attention plan@24/?-work_queue,Prepare hardware matmul job@24/?-work_queue,1576.3,1462.6,496.1,509.0,1562.2
1551,136833171548434,1595.5,441.8,1116.1,37.6,12.6,1472.7,notify_listener@25/0-worker,work_queue::do_work get_work@24/?-work_queue,1592.9,1472.7,499.0,517.5,1577.0
1552,136833177568923,2036.5,701.6,1119.4,215.6,130.2,1872.7,assemble attention plan@24/?-work_queue,Prepare hardware matmul job@24/?-work_queue,2033.5,1436.3,487.3,527.1,2012.9
1553,136833184139706,1911.8,472.4,1044.7,394.7,264.9,1613.3,assemble attention plan@24/?-work_queue,Prepare hardware matmul job@24/?-work_queue,1910.1,1102.8,124.1,130.2,1894.6
1554,136833190490784,1584.7,392.1,1070.4,122.2,80.2,1136.8,notify_listener@25/0-worker,work_queue::do_work get_work@24/?-work_queue,1583.0,1136.8,131.2,139.3,1568.3
1555,136833196522083,718.9,151.5,537.5,29.9,12.0,599.2,notify_listener@25/0-worker,work_queue::do_work get_work@24/?-work_queue,717.0,599.2,113.3,119.1,702.3
1556,136833201647624,610.5,151.4,430.0,29.1,12.4,571.1,assemble attention plan@24/?-work_queue,Prepare hardware matmul job@24/?-work_queue,608.5,489.3,121.9,140.2,592.6
1557,136833206684256,622.8,164.2,422.2,36.5,12.9,495.5,notify_listener@25/0-worker,work_queue::do_work get_work@24/?-work_queue,616.8,495.5,116.8,121.3,601.6
1558,136833211700666,628.5,169.1,427.2,32.2,12.6,582.6,assemble attention plan@24/?-work_queue,Prepare hardware matmul job@24/?-work_queue,626.2,504.1,129.5,150.1,605.4
1559,136833216750491,1395.2,285.0,1065.3,44.9,15.4,1351.4,assemble attention plan@24/?-work_queue,Prepare hardware matmul job@24/?-work_queue,1393.0,1260.0,293.8,297.3,1377.2
1560,136833222566121,726.5,147.0,549.0,30.6,11.7,687.2,assemble attention plan@24/?-work_queue,Prepare hardware matmul job@24/?-work_queue,724.5,599.3,119.6,132.5,708.5
1561,136833227700210,1743.8,454.5,1010.6,278.8,136.4,1580.9,assemble attention plan@24/?-work_queue,Prepare hardware matmul job@24/?-work_queue,1742.2,1088.3,132.8,136.9,1727.6
1562,136833233894239,1240.1,227.8,982.6,29.6,12.0,1199.7,assemble attention plan@24/?-work_queue,Prepare hardware matmul job@24/?-work_queue,1237.7,1122.3,200.3,215.2,1222.4
1563,136833239527420,733.5,150.0,549.7,33.8,13.3,605.0,notify_listener@25/0-worker,work_queue::do_work get_work@24/?-work_queue,730.4,605.0,116.9,122.6,711.0
1564,136833244719972,676.9,286.0,362.0,28.9,12.4,630.3,assemble attention plan@24/?-work_queue,Prepare hardware matmul job@24/?-work_queue,674.8,548.7,321.2,326.5,660.5
1565,136833249849177,588.1,253.1,288.5,46.5,14.9,459.3,notify_listener@25/0-worker,work_queue::do_work get_work@24/?-work_queue,586.2,459.3,232.4,236.1,571.9
1566,136833254883279,561.6,159.3,372.6,29.8,12.4,523.3,assemble attention plan@24/?-work_queue,Prepare hardware matmul job@24/?-work_queue,559.6,443.7,125.3,136.5,545.6
1567,136833259887653,1244.8,234.8,973.3,36.7,11.5,1205.5,assemble attention plan@24/?-work_queue,Prepare hardware matmul job@24/?-work_queue,1242.5,1128.0,212.9,216.3,1226.5
1568,136833265629762,2385.8,948.6,1153.5,283.6,132.8,2221.0,assemble attention plan@24/?-work_queue,Prepare hardware matmul job@24/?-work_queue,2383.8,1700.7,706.6,716.5,2364.3
1569,136833272516214,1619.7,549.5,1038.2,32.1,16.5,1570.6,assemble attention plan@24/?-work_queue,Prepare hardware matmul job@24/?-work_queue,1618.1,1495.0,523.4,543.4,1597.3
1570,136833278593268,1016.5,478.9,352.1,185.5,131.8,851.0,assemble attention plan@24/?-work_queue,Prepare hardware matmul job@24/?-work_queue,1014.6,402.1,99.2,112.5,999.9
1571,136833284100672,1076.8,163.7,885.0,28.2,10.6,1039.0,assemble attention plan@24/?-work_queue,Prepare hardware matmul job@24/?-work_queue,1075.2,948.8,121.2,131.7,1060.1
1572,136833289629707,2128.8,743.2,1113.4,272.1,153.0,1948.3,assemble attention plan@24/?-work_queue,Prepare hardware matmul job@24/?-work_queue,2126.6,1421.8,411.8,424.8,2111.4
1573,136833296261812,2428.2,1007.9,1147.1,273.1,152.8,2248.3,assemble attention plan@24/?-work_queue,Prepare hardware matmul job@24/?-work_queue,2426.1,1746.2,783.8,787.7,2411.1
1574,136833303137868,1201.0,720.6,396.0,84.4,44.1,758.7,rx collecting results@148/0-RX-13,prepare streams@25/0-worker,1199.0,1070.5,824.0,843.9,1180.5
1575,136833308811589,498.4,151.7,313.0,33.6,12.8,447.5,assemble attention plan@24/?-work_queue,Prepare hardware matmul job@24/?-work_queue,495.0,363.2,98.7,106.9,470.4
1576,136833313874760,1274.1,231.2,1003.1,39.8,14.1,1233.9,assemble attention plan@24/?-work_queue,Prepare hardware matmul job@24/?-work_queue,1271.9,1141.3,201.3,207.4,1258.1
1577,136833319587626,542.6,180.0,333.7,28.8,13.9,500.1,assemble attention plan@24/?-work_queue,Prepare hardware matmul job@24/?-work_queue,539.7,421.8,121.5,141.4,524.6
1578,136833324562361,491.4,158.1,305.1,28.3,12.6,450.6,assemble attention plan@24/?-work_queue,Prepare hardware matmul job@24/?-work_queue,488.6,367.0,120.6,124.2,473.2
1579,136833329525135,722.6,169.6,519.0,34.0,13.3,682.9,assemble attention plan@24/?-work_queue,Prepare hardware matmul job@24/?-work_queue,721.1,602.9,141.5,148.2,706.2
1580,136833334723105,569.0,176.3,355.5,37.1,12.9,515.3,assemble attention plan@24/?-work_queue,Prepare hardware matmul job@24/?-work_queue,566.1,432.9,140.4,148.4,538.1
1581,136833339748445,535.8,160.0,347.7,28.1,10.9,493.3,assemble attention plan@24/?-work_queue,Prepare hardware matmul job@24/?-work_queue,534.1,416.6,119.9,144.4,518.4
1582,136833344732410,1417.0,279.0,1105.7,32.3,13.6,1285.7,notify_listener@25/0-worker,work_queue::do_work get_work@24/?-work_queue,1413.4,1285.7,316.0,320.5,1398.7
1583,136833350640325,657.4,149.6,480.7,27.1,12.3,618.5,assemble attention plan@24/?-work_queue,Prepare hardware matmul job@24/?-work_queue,655.6,541.1,117.8,121.4,641.1
1584,136833355769563,1361.8,268.8,1050.5,42.4,11.8,1238.4,notify_listener@25/0-worker,work_queue::do_work get_work@24/?-work_queue,1359.3,1238.4,289.6,296.3,1343.7
1585,136833361658800,1409.7,428.2,846.4,135.1,74.4,912.0,notify_listener@25/0-worker,work_queue::do_work get_work@24/?-work_queue,1407.2,912.0,118.9,122.6,1392.5
1586,136833367529735,1762.1,518.7,1001.3,242.2,130.5,1593.5,assemble attention plan@24/?-work_queue,Prepare hardware matmul job@24/?-work_queue,1758.6,1058.2,127.8,131.3,1734.2
1587,136833373762108,478.8,156.7,292.0,30.1,14.0,438.9,assemble attention plan@24/?-work_queue,Prepare hardware matmul job@24/?-work_queue,476.9,351.9,118.9,123.7,463.2
1588,136833378759213,547.6,161.4,348.7,37.4,14.0,409.2,notify_listener@25/0-worker,work_queue::do_work get_work@24/?-work_queue,545.6,409.2,99.9,105.1,531.7
1589,136833383806768,1883.5,622.6,997.0,263.9,130.7,1726.3,assemble attention plan@24/?-work_queue,Prepare hardware matmul job@24/?-work_queue,1880.9,1210.1,268.1,282.9,1867.4
1590,136833390176921,491.6,156.3,302.1,33.2,13.1,368.4,notify_listener@25/0-worker,work_queue::do_work get_work@24/?-work_queue,489.8,368.4,124.0,128.1,475.6
1591,136833395141500,472.1,169.8,271.2,31.1,11.9,427.7,assemble attention plan@24/?-work_queue,Prepare hardware matmul job@24/?-work_queue,464.1,347.9,122.3,129.7,449.2
1592,136833400093756,1078.5,157.4,887.1,34.0,13.9,945.6,notify_listener@25/0-worker,work_queue::do_work get_work@24/?-work_queue,1076.9,945.6,122.4,128.2,1056.5
1593,136833405668952,645.9,155.9,461.7,28.3,12.6,606.0,assemble attention plan@24/?-work_queue,Prepare hardware matmul job@24/?-work_queue,643.5,523.2,116.4,133.2,629.0
1594,136833410801311,1856.7,695.5,944.8,216.4,123.2,1704.1,assemble attention plan@24/?-work_queue,Prepare hardware matmul job@24/?-work_queue,1854.2,1207.5,269.4,392.0,1837.7
1595,136833417159122,1013.4,153.7,829.9,29.8,11.5,974.9,assemble attention plan@24/?-work_queue,Prepare hardware matmul job@24/?-work_queue,1010.7,893.3,124.8,128.2,996.7
1596,136833422632183,634.8,152.7,448.5,33.6,13.8,512.8,notify_listener@25/0-worker,work_queue::do_work get_work@24/?-work_queue,632.7,512.8,116.8,122.3,617.8
1597,136833427773457,1897.1,641.6,1019.2,236.3,113.8,1733.1,assemble attention plan@24/?-work_queue,Prepare hardware matmul job@24/?-work_queue,1895.0,1242.6,292.7,297.4,1857.0
1598,136833434150861,1030.2,150.9,841.5,37.8,15.8,896.8,notify_listener@25/0-worker,work_queue::do_work get_work@24/?-work_queue,1027.5,896.8,111.3,115.3,1012.0
1599,136833439667193,602.5,152.8,418.0,31.8,13.4,560.8,assemble attention plan@24/?-work_queue,Prepare hardware matmul job@24/?-work_queue,600.9,473.3,109.7,119.9,584.5
1600,136833444751335,585.3,153.3,396.4,35.5,13.9,460.7,notify_listener@25/0-worker,work_queue::do_work get_work@24/?-work_queue,582.5,460.7,125.8,130.8,568.4
1601,136833449796722,632.4,280.7,316.6,35.0,14.4,592.4,assemble attention plan@24/?-work_queue,Prepare hardware matmul job@24/?-work_queue,630.7,514.9,269.0,272.7,617.3
1602,136833454918783,1216.6,207.1,977.7,31.7,11.0,1174.7,assemble attention plan@24/?-work_queue,Prepare hardware matmul job@24/?-work_queue,1214.4,1099.0,178.5,194.2,1196.1
1603,136833460614680,681.6,149.1,504.0,28.5,12.3,635.2,assemble attention plan@24/?-work_queue,Prepare hardware matmul job@24/?-work_queue,678.7,556.9,119.0,122.2,657.6
1604,136833465753609,590.8,151.3,403.3,36.3,15.0,550.2,assemble attention plan@24/?-work_queue,Prepare hardware matmul job@24/?-work_queue,588.9,458.9,108.1,122.1,575.0
1605,136833470853669,559.0,188.4,338.8,31.7,12.6,518.3,assemble attention plan@24/?-work_queue,Prepare hardware matmul job@24/?-work_queue,555.7,437.7,119.8,127.5,540.8
1606,136833475838755,548.8,164.6,350.5,33.7,14.8,425.3,notify_listener@25/0-worker,work_queue::do_work get_work@24/?-work_queue,546.4,425.3,113.6,117.6,531.3
1607,136833480896749,1738.5,530.8,970.2,237.5,107.8,1604.7,assemble attention plan@24/?-work_queue,Prepare hardware matmul job@24/?-work_queue,1736.2,1115.4,193.5,196.7,1722.4
1608,136833487157379,1011.0,166.5,811.8,32.8,11.6,969.1,assemble attention plan@24/?-work_queue,Prepare hardware matmul job@24/?-work_queue,1008.1,890.9,122.4,126.3,990.7
1609,136833492691951,1748.0,476.4,1015.2,256.4,132.6,1584.3,assemble attention plan@24/?-work_queue,Prepare hardware matmul job@24/?-work_queue,1746.4,1109.5,121.0,148.6,1726.6
1610,136833498944139,1315.2,583.1,608.1,124.0,69.0,686.7,rx collecting results@148/0-RX-13,prepare streams@25/0-worker,1312.7,1189.6,758.3,762.8,1299.4
1611,136833504861901,1275.9,241.6,1001.3,32.9,11.3,1235.3,assemble attention plan@24/?-work_queue,Prepare hardware matmul job@24/?-work_queue,1273.2,1147.9,209.2,218.1,1257.3
1612,136833510587304,1660.0,62.7,1597.2,0.1,0.1,108.7,prepare streams@25/0-worker,notify_listener@25/0-worker,117.6,1660.0,108.8,117.6,
1613,136833512318246,674.8,473.0,11.4,190.4,135.9,511.4,assemble attention plan@24/?-work_queue,Prepare hardware matmul job@24/?-work_queue,673.3,,,,
1614,136833517508019,508.4,168.1,310.0,30.4,12.7,459.6,assemble attention plan@24/?-work_queue,Prepare hardware matmul job@24/?-work_queue,506.1,378.0,128.0,143.5,485.1
1615,136833522442576,454.3,156.3,266.1,31.9,13.1,409.9,assemble attention plan@24/?-work_queue,Prepare hardware matmul job@24/?-work_queue,452.3,329.1,107.2,110.9,433.2
1616,136833527426765,462.1,153.2,280.6,28.2,12.5,415.9,assemble attention plan@24/?-work_queue,Prepare hardware matmul job@24/?-work_queue,459.7,334.0,105.1,110.6,446.0
1617,136833532310488,1831.9,636.8,1080.8,114.3,80.5,749.5,kernel_add_rmsnorm_71@25/0-worker,prepare streams@25/0-worker,1829.3,1703.6,832.9,848.2,1815.4
1618,136833538688911,1645.3,444.9,718.4,482.1,376.9,1240.6,assemble attention plan@24/?-work_queue,Prepare hardware matmul job@24/?-work_queue,1643.6,787.8,122.6,127.2,1628.0
1619,136833544820939,685.6,275.1,373.6,36.8,13.4,645.4,assemble attention plan@24/?-work_queue,Prepare hardware matmul job@24/?-work_queue,683.6,567.3,241.1,244.9,669.3
1620,136833549985977,1154.3,158.9,959.6,35.7,13.7,1029.3,notify_listener@25/0-worker,work_queue::do_work get_work@24/?-work_queue,1152.5,1029.3,115.5,128.3,1137.3
1621,136833555624185,642.5,205.8,405.3,31.4,12.5,598.8,assemble attention plan@24/?-work_queue,Prepare hardware matmul job@24/?-work_queue,639.9,517.0,162.8,184.2,621.3
1622,136833560768343,662.0,167.5,462.6,32.0,12.6,535.7,notify_listener@25/0-worker,work_queue::do_work get_work@24/?-work_queue,660.3,535.7,147.1,257.2,645.2
1623,136833565902143,1924.8,533.5,1029.7,361.7,115.1,1782.4,assemble attention plan@24/?-work_queue,Prepare hardware matmul job@24/?-work_queue,1922.6,1189.3,224.6,230.4,1907.3
1624,136833572379454,2321.9,927.2,1129.7,265.0,133.6,2162.2,assemble attention plan@24/?-work_queue,Prepare hardware matmul job@24/?-work_queue,2321.8,1628.0,658.3,680.3,2305.0
1625,136833579265422,1855.9,657.6,1123.9,74.4,45.3,1699.5,notify_listener@25/0-worker,work_queue::do_work get_work@24/?-work_queue,1853.9,1699.5,751.7,758.8,1838.2
1626,136833585646863,655.8,191.0,429.0,35.8,13.2,616.3,assemble attention plan@24/?-work_queue,Prepare hardware matmul job@24/?-work_queue,655.3,540.9,155.8,160.8,639.6
1627,136833590778509,1319.3,212.0,999.3,108.0,71.3,1056.9,notify_listener@25/0-worker,work_queue::do_work get_work@24/?-work_queue,1316.9,1056.9,108.2,112.0,1298.8
1628,136833596607676,2509.4,1087.5,1250.7,171.3,119.3,1603.0,notify_listener@25/0-worker,work_queue::do_work get_work@24/?-work_queue,2505.5,1603.0,468.2,487.5,2490.0
1629,136833603586928,676.7,157.7,478.2,40.9,12.4,636.5,assemble attention plan@24/?-work_queue,Prepare hardware matmul job@24/?-work_queue,674.6,543.5,124.9,131.9,659.0
1630,136833608766646,539.4,164.8,345.9,28.7,11.6,501.9,assemble attention plan@24/?-work_queue,Prepare hardware matmul job@24/?-work_queue,537.6,422.2,118.8,126.0,522.9
1631,136833613754495,534.3,140.9,367.0,26.4,12.3,493.2,assemble attention plan@24/?-work_queue,Prepare hardware matmul job@24/?-work_queue,531.3,416.9,113.6,120.7,515.6
1632,136833618698133,1976.8,623.8,1081.0,272.0,122.3,1822.1,assemble attention plan@24/?-work_queue,Prepare hardware matmul job@24/?-work_queue,1975.1,1311.9,361.3,371.8,1954.1
1633,136833625194126,555.0,166.7,358.9,29.4,11.9,509.3,assemble attention plan@24/?-work_queue,Prepare hardware matmul job@24/?-work_queue,553.4,418.7,108.7,115.2,537.3
1634,136833630140999,512.2,162.8,309.6,39.8,16.7,468.6,assemble attention plan@24/?-work_queue,Prepare hardware matmul job@24/?-work_queue,510.2,374.3,127.0,131.7,496.5
1635,136833635134773,1153.2,681.3,390.1,81.7,49.2,720.4,rx collecting results@148/0-RX-13,prepare streams@25/0-worker,1150.5,1032.5,772.6,791.3,1135.9
1636,136833640775057,510.5,151.8,330.6,28.2,12.6,471.2,assemble attention plan@24/?-work_queue,Prepare hardware matmul job@24/?-work_queue,508.3,390.6,120.3,130.0,493.6
1637,136833645729387,1407.7,296.6,1083.3,27.7,13.2,1367.8,assemble attention plan@24/?-work_queue,Prepare hardware matmul job@24/?-work_queue,1405.9,1286.5,323.9,331.7,1391.2
1638,136833651591921,1488.6,380.1,991.1,117.4,66.2,1044.1,notify_listener@25/0-worker,work_queue::do_work get_work@24/?-work_queue,1486.4,1044.1,122.0,126.6,1464.1
1639,136833657514397,725.4,164.3,531.2,30.0,12.2,686.9,assemble attention plan@24/?-work_queue,Prepare hardware matmul job@24/?-work_queue,723.0,599.9,124.0,129.1,709.0
1640,136833662660140,763.8,372.7,329.2,62.0,17.0,636.2,work_queue::do_work get_work@24/?-work_queue,add_tokens@24/?-work_queue,761.5,627.3,391.8,396.1,745.2
1641,136833667846149,495.7,168.0,300.9,26.8,10.7,458.1,assemble attention plan@24/?-work_queue,Prepare hardware matmul job@24/?-work_queue,493.2,380.0,121.5,128.0,485.8
1642,136833672749043,571.7,149.1,392.2,30.3,12.5,530.9,assemble attention plan@24/?-work_queue,Prepare hardware matmul job@24/?-work_queue,569.8,452.9,105.3,109.8,554.0
1643,136833677759364,584.3,168.5,387.2,28.6,13.0,538.3,assemble attention plan@24/?-work_queue,Prepare hardware matmul job@24/?-work_queue,580.9,458.1,120.8,138.4,561.3
1644,136833682772495,1297.0,404.9,779.3,112.8,56.8,826.9,notify_listener@25/0-worker,work_queue::do_work get_work@24/?-work_queue,1295.0,826.9,113.4,118.5,1279.4
1645,136833688535096,1614.4,448.4,1129.9,36.2,14.4,1574.5,assemble attention plan@24/?-work_queue,Prepare hardware matmul job@24/?-work_queue,1612.8,1482.9,512.6,521.4,1598.9
1646,136833694621129,1461.4,286.2,1059.7,115.5,72.4,1147.7,notify_listener@25/0-worker,work_queue::do_work get_work@24/?-work_queue,1459.0,1147.7,139.8,160.3,1444.2
1647,136833700486973,1709.7,613.7,984.1,111.9,50.9,826.2,rx collecting results@148/0-RX-13,prepare streams@25/0-worker,1707.3,1582.8,879.7,888.2,1692.1
1648,136833706680550,1434.1,266.8,1043.7,123.7,77.7,1110.0,notify_listener@25/0-worker,work_queue::do_work get_work@24/?-work_queue,1431.7,1110.0,129.6,133.9,1395.1
1649,136833712530968,727.6,158.3,530.6,38.7,13.9,591.3,notify_listener@25/0-worker,work_queue::do_work get_work@24/?-work_queue,725.4,591.3,111.5,120.5,711.6
1650,136833717741501,580.3,150.2,389.4,40.7,16.3,536.9,assemble attention plan@24/?-work_queue,Prepare hardware matmul job@24/?-work_queue,578.0,456.7,127.9,142.6,563.8
1651,136833722724145,558.5,156.8,367.5,34.3,15.3,431.0,notify_listener@25/0-worker,work_queue::do_work get_work@24/?-work_queue,555.1,431.0,113.0,118.1,540.8
1652,136833727763230,568.7,156.8,384.2,27.7,11.5,530.8,assemble attention plan@24/?-work_queue,Prepare hardware matmul job@24/?-work_queue,567.1,447.3,112.6,126.7,552.4
1653,136833732776546,1982.7,653.3,994.9,334.4,145.8,1805.5,assemble attention plan@24/?-work_queue,Prepare hardware matmul job@24/?-work_queue,1980.5,1237.4,303.1,310.3,1960.9
1654,136833739327849,895.5,160.4,703.5,31.6,13.0,847.4,assemble attention plan@24/?-work_queue,Prepare hardware matmul job@24/?-work_queue,893.5,767.9,115.6,119.0,877.8
1655,136833744658483,2040.3,677.3,1106.3,256.8,108.2,1905.6,assemble attention plan@24/?-work_queue,Prepare hardware matmul job@24/?-work_queue,2038.3,1348.9,385.7,392.6,2023.5
1656,136833751276543,920.4,158.2,729.1,33.1,11.5,882.2,assemble attention plan@24/?-work_queue,Prepare hardware matmul job@24/?-work_queue,918.4,801.0,113.7,124.0,903.2
1657,136833756634564,628.2,165.3,426.7,36.2,14.6,501.3,notify_listener@25/0-worker,work_queue::do_work get_work@24/?-work_queue,626.2,501.3,123.8,127.9,611.2
1658,136833761799981,2274.2,939.9,1148.4,186.0,82.4,1825.3,notify_listener@25/0-worker,work_queue::do_work get_work@24/?-work_queue,2271.9,1825.3,809.6,814.9,2252.5
1659,136833768522103,2280.0,830.0,1126.6,323.3,140.4,2105.0,assemble attention plan@24/?-work_queue,Prepare hardware matmul job@24/?-work_queue,2278.2,1635.2,710.6,722.8,2261.2
1660,136833775393025,1011.4,579.3,395.6,36.5,13.4,970.7,assemble attention plan@24/?-work_queue,Prepare hardware matmul job@24/?-work_queue,1008.9,882.4,645.5,650.5,994.5
1661,136833780861862,478.4,161.4,289.6,27.4,10.6,439.6,assemble attention plan@24/?-work_queue,Prepare hardware matmul job@24/?-work_queue,475.4,360.1,106.8,111.5,460.5
1662,136833785794691,1999.8,594.3,1130.8,274.7,156.8,1816.1,assemble attention plan@24/?-work_queue,Prepare hardware matmul job@24/?-work_queue,1997.8,1325.2,278.1,290.1,1982.2
1663,136833792258296,485.7,167.3,289.6,28.8,12.5,445.6,assemble attention plan@24/?-work_queue,Prepare hardware matmul job@24/?-work_queue,483.5,361.5,118.1,121.8,467.9
1664,136833797195708,2510.5,1022.5,1199.1,289.0,133.8,2343.4,assemble attention plan@24/?-work_queue,Prepare hardware matmul job@24/?-work_queue,2508.2,1828.7,831.7,859.5,2487.3
1665,136833804203241,995.6,177.2,783.0,35.4,13.5,955.9,assemble attention plan@24/?-work_queue,Prepare hardware matmul job@24/?-work_queue,994.1,856.7,124.1,151.5,979.6
1666,136833809657032,611.1,158.6,418.8,33.7,15.4,569.8,assemble attention plan@24/?-work_queue,Prepare hardware matmul job@24/?-work_queue,609.5,486.4,114.4,146.4,595.0
1667,136833814757782,1350.5,203.8,1013.3,133.4,84.3,1088.5,notify_listener@25/0-worker,work_queue::do_work get_work@24/?-work_queue,1347.5,1088.5,128.3,136.0,1333.1
1668,136833820595787,665.6,189.6,448.5,27.5,11.4,623.8,assemble attention plan@24/?-work_queue,Prepare hardware matmul job@24/?-work_queue,659.2,540.9,161.4,172.4,645.1
1669,136833825673185,1461.1,322.4,1111.2,27.6,12.2,1415.2,assemble attention plan@24/?-work_queue,Prepare hardware matmul job@24/?-work_queue,1459.0,1335.2,389.5,395.7,1437.8
1670,136833831618660,1504.4,194.9,1143.6,165.8,105.6,1188.0,notify_listener@25/0-worker,work_queue::do_work get_work@24/?-work_queue,1499.9,1188.0,106.0,109.4,1486.1
1671,136833837621437,1515.0,400.4,1076.8,37.7,12.9,1473.6,assemble attention plan@24/?-work_queue,Prepare hardware matmul job@24/?-work_queue,1512.2,1386.0,428.6,432.5,1497.7
1672,136833843645507,778.1,458.6,281.6,38.0,14.3,649.9,notify_listener@25/0-worker,work_queue::do_work get_work@24/?-work_queue,775.3,649.9,404.4,411.0,760.7
1673,136833848911203,1217.3,198.5,988.4,30.5,12.4,1177.6,assemble attention plan@24/?-work_queue,Prepare hardware matmul job@24/?-work_queue,1215.3,1096.6,130.5,152.6,1199.6
1674,136833854605099,2423.6,909.9,1145.7,368.0,147.0,2239.2,assemble attention plan@24/?-work_queue,Prepare hardware matmul job@24/?-work_queue,2421.6,1730.6,743.0,750.8,2401.8
1675,136833861504969,739.5,170.2,541.4,27.8,13.1,688.7,assemble attention plan@24/?-work_queue,Prepare hardware matmul job@24/?-work_queue,738.0,608.0,124.7,136.5,719.6
1676,136833866677073,642.3,158.6,444.3,39.5,16.8,506.3,notify_listener@25/0-worker,work_queue::do_work get_work@24/?-work_queue,639.9,506.3,123.1,130.3,623.9
1677,136833871768134,528.6,158.8,339.0,30.8,13.2,487.0,assemble attention plan@24/?-work_queue,Prepare hardware matmul job@24/?-work_queue,526.1,406.9,116.0,148.1,511.5
1678,136833876739024,1395.4,320.7,1033.6,41.2,13.6,1355.0,assemble attention plan@24/?-work_queue,Prepare hardware matmul job@24/?-work_queue,1393.8,1271.1,310.0,336.0,1378.4
1679,136833882610307,510.5,180.6,297.9,32.0,13.2,384.5,notify_listener@25/0-worker,work_queue::do_work get_work@24/?-work_queue,508.7,384.5,145.4,150.3,490.3
1680,136833887577477,689.7,165.7,490.5,33.4,13.0,558.2,notify_listener@25/0-worker,work_queue::do_work get_work@24/?-work_queue,686.8,558.2,117.6,124.3,672.0
1681,136833892764295,658.0,286.4,341.4,30.1,12.8,620.2,assemble attention plan@24/?-work_queue,Prepare hardware matmul job@24/?-work_queue,656.3,529.9,301.3,305.2,642.7
1682,136833897859879,485.6,154.7,286.3,44.7,19.5,439.7,assemble attention plan@24/?-work_queue,Prepare hardware matmul job@24/?-work_queue,483.4,352.9,120.0,158.4,469.3
1683,136833902806024,466.9,152.8,281.1,33.0,12.4,426.7,assemble attention plan@24/?-work_queue,Prepare hardware matmul job@24/?-work_queue,465.1,345.9,105.1,111.6,450.1
1684,136833907763414,573.5,155.4,383.0,35.1,14.8,447.1,notify_listener@25/0-worker,work_queue::do_work get_work@24/?-work_queue,571.3,447.1,113.2,120.9,557.3
1685,136833912815834,493.6,173.2,282.6,37.8,13.1,446.8,assemble attention plan@24/?-work_queue,Prepare hardware matmul job@24/?-work_queue,491.3,365.8,131.5,139.6,469.7
1686,136833917789436,566.7,144.0,379.1,43.6,16.7,523.4,assemble attention plan@24/?-work_queue,Prepare hardware matmul job@24/?-work_queue,564.7,435.1,116.0,120.3,550.6
1687,136833922873922,1919.5,533.6,1116.7,269.2,126.4,1766.0,assemble attention plan@24/?-work_queue,Prepare hardware matmul job@24/?-work_queue,1917.2,1260.5,199.5,228.0,1902.8
1688,136833929303685,897.3,165.2,696.7,35.4,13.4,857.1,assemble attention plan@24/?-work_queue,Prepare hardware matmul job@24/?-work_queue,895.0,779.4,142.0,158.2,880.4
1689,136833934676933,1978.3,629.8,1104.8,243.7,139.9,1812.0,assemble attention plan@24/?-work_queue,Prepare hardware matmul job@24/?-work_queue,1976.4,1348.4,374.3,382.1,1962.3
1690,136833941191520,2423.4,1059.1,1086.8,277.5,128.7,2258.8,assemble attention plan@24/?-work_queue,Prepare hardware matmul job@24/?-work_queue,2417.6,1788.9,821.4,854.6,2397.1
1691,136833948085747,1626.2,162.9,1016.0,447.3,423.6,1062.5,notify_listener@25/0-worker,work_queue::do_work get_work@24/?-work_queue,1623.1,1062.5,112.2,125.6,1608.1
1692,136833954235785,1903.8,630.2,1153.6,120.0,53.6,803.6,rx collecting results@148/0-RX-13,prepare streams@25/0-worker,1901.8,1774.7,859.4,863.6,1886.8
1693,136833960615894,637.7,161.4,446.2,30.1,12.1,599.7,assemble attention plan@24/?-work_queue,Prepare hardware matmul job@24/?-work_queue,635.6,516.2,112.6,121.5,621.5
1694,136833965727348,1405.4,318.8,1056.4,30.2,13.4,1365.9,assemble attention plan@24/?-work_queue,Prepare hardware matmul job@24/?-work_queue,1402.6,1287.2,336.0,346.0,1389.4
1695,136833971602561,577.7,170.6,381.3,25.9,11.2,533.8,assemble attention plan@24/?-work_queue,Prepare hardware matmul job@24/?-work_queue,573.9,454.6,124.0,137.1,554.8
1696,136833976603177,670.1,176.0,465.1,29.0,13.0,607.5,assemble attention plan@24/?-work_queue,Prepare hardware matmul job@24/?-work_queue,667.9,527.7,114.0,125.8,630.5
1697,136833981753949,554.9,173.7,348.2,33.0,15.7,510.2,assemble attention plan@24/?-work_queue,Prepare hardware matmul job@24/?-work_queue,551.8,415.3,114.9,121.5,535.8
1698,136833986727965,473.9,143.3,294.6,36.1,18.3,429.4,assemble attention plan@24/?-work_queue,Prepare hardware matmul job@24/?-work_queue,472.0,349.4,106.4,110.4,458.1
1699,136833991662912,528.3,157.1,343.4,27.9,11.7,490.4,assemble attention plan@24/?-work_queue,Prepare hardware matmul job@24/?-work_queue,526.1,408.6,104.9,113.8,512.6
1700,136833996634438,537.9,137.8,368.7,31.4,10.7,501.3,assemble attention plan@24/?-work_queue,Prepare hardware matmul job@24/?-work_queue,535.6,425.5,105.4,113.4,522.5
1701,136834001601936,647.4,162.3,454.1,31.0,12.1,610.2,assemble attention plan@24/?-work_queue,Prepare hardware matmul job@24/?-work_queue,645.4,528.7,122.3,126.2,632.1
1702,136834006708793,629.0,156.4,444.8,27.8,11.2,593.0,assemble attention plan@24/?-work_queue,Prepare hardware matmul job@24/?-work_queue,627.3,514.6,144.6,149.3,614.1
1703,136834011812882,498.9,154.5,313.6,30.8,11.6,461.3,assemble attention plan@24/?-work_queue,Prepare hardware matmul job@24/?-work_queue,496.4,377.6,109.3,118.2,483.0
1704,136834016763456,538.9,156.9,355.7,26.3,10.3,502.5,assemble attention plan@24/?-work_queue,Prepare hardware matmul job@24/?-work_queue,536.2,425.9,121.5,126.8,522.9
1705,136834021760420,1354.2,155.9,1151.8,46.6,28.3,1220.0,notify_listener@25/0-worker,work_queue::do_work get_work@24/?-work_queue,1352.1,1220.0,116.5,123.0,1338.1
1706,136834027589666,697.9,171.1,501.1,25.8,11.2,659.4,assemble attention plan@24/?-work_queue,Prepare hardware matmul job@24/?-work_queue,695.9,583.2,136.4,147.8,681.4
1707,136834032756500,574.0,148.0,396.6,29.5,12.3,535.7,assemble attention plan@24/?-work_queue,Prepare hardware matmul job@24/?-work_queue,571.7,459.8,117.6,127.9,558.1
1708,136834037792818,493.2,157.2,307.8,28.2,12.2,456.1,assemble attention plan@24/?-work_queue,Prepare hardware matmul job@24/?-work_queue,491.5,378.9,130.1,139.8,478.4
1709,136834042780490,502.5,144.9,330.1,27.6,11.4,464.6,assemble attention plan@24/?-work_queue,Prepare hardware matmul job@24/?-work_queue,500.1,387.6,120.5,127.2,486.1
1710,136834047766902,519.2,160.4,330.4,28.4,11.6,482.4,assemble attention plan@24/?-work_queue,Prepare hardware matmul job@24/?-work_queue,516.9,404.5,123.9,134.7,503.1
1711,136834052735060,566.8,156.8,382.1,28.0,13.0,528.1,assemble attention plan@24/?-work_queue,Prepare hardware matmul job@24/?-work_queue,565.1,450.4,116.7,122.2,550.9
1712,136834057758356,705.7,295.4,378.3,32.0,11.2,662.7,assemble attention plan@24/?-work_queue,Prepare hardware matmul job@24/?-work_queue,703.0,586.1,345.4,349.1,684.6
1713,136834062899688,1762.5,472.6,1053.2,236.7,134.9,1574.7,assemble attention plan@24/?-work_queue,Prepare hardware matmul job@24/?-work_queue,1761.0,1108.9,110.2,114.3,1721.1
1714,136834069185642,2771.6,1112.6,1160.5,498.5,309.5,2427.8,assemble attention plan@24/?-work_queue,Prepare hardware matmul job@24/?-work_queue,2769.4,1822.2,832.3,836.1,2746.7
1715,136834076436708,796.2,169.6,590.5,36.1,11.6,749.3,assemble attention plan@24/?-work_queue,Prepare hardware matmul job@24/?-work_queue,794.1,668.7,131.9,137.0,772.2
1716,136834081671194,734.9,332.5,362.6,39.8,14.8,603.2,notify_listener@25/0-worker,work_queue::do_work get_work@24/?-work_queue,732.9,603.2,374.7,379.4,718.1
1717,136834086904376,527.5,200.8,296.9,29.8,11.3,481.7,assemble attention plan@24/?-work_queue,Prepare hardware matmul job@24/?-work_queue,525.1,406.9,174.2,179.1,511.6
1718,136834091902602,764.6,54.3,710.1,0.1,0.1,111.9,prepare streams@25/0-worker,notify_listener@25/0-worker,116.0,764.6,112.0,116.0,
1719,136834093924479,186.2,98.1,16.7,71.4,41.2,13.2,work_queue::do_work get_work@24/?-work_queue,add_tokens@24/?-work_queue,181.8,,,,
1720,136834098626479,1819.5,574.6,1032.3,212.6,90.5,1701.8,assemble attention plan@24/?-work_queue,Prepare hardware matmul job@24/?-work_queue,1818.1,1096.3,130.4,160.2,1802.6
1721,136834104887755,545.2,144.8,359.3,41.1,17.9,414.9,notify_listener@25/0-worker,work_queue::do_work get_work@24/?-work_queue,542.8,414.9,108.3,115.6,529.2
1722,136834109882352,489.1,157.1,302.6,29.4,12.0,449.6,assemble attention plan@24/?-work_queue,Prepare hardware matmul job@24/?-work_queue,486.9,370.2,124.3,129.7,472.0
1723,136834114845760,1278.7,157.2,1094.4,27.1,12.0,1240.3,assemble attention plan@24/?-work_queue,Prepare hardware matmul job@24/?-work_queue,1275.9,1161.3,115.3,120.1,1261.9
1724,136834120584122,466.4,153.9,288.0,24.5,10.7,428.3,assemble attention plan@24/?-work_queue,Prepare hardware matmul job@24/?-work_queue,464.3,348.6,113.8,118.5,449.9
1725,136834125487961,545.8,155.1,362.5,28.3,12.7,506.3,assemble attention plan@24/?-work_queue,Prepare hardware matmul job@24/?-work_queue,543.5,430.7,123.0,127.2,529.3
1726,136834130511822,1614.2,457.5,1125.0,31.7,10.7,1577.3,assemble attention plan@24/?-work_queue,Prepare hardware matmul job@24/?-work_queue,1613.9,1496.7,530.8,540.5,1598.2
1727,136834137002859,1964.2,575.3,1117.0,271.8,150.5,1786.7,assemble attention plan@24/?-work_queue,Prepare hardware matmul job@24/?-work_queue,1961.7,1175.4,119.9,125.8,1947.6
1728,136834143430076,790.6,146.7,608.2,35.7,14.2,666.3,notify_listener@25/0-worker,work_queue::do_work get_work@24/?-work_queue,789.0,666.3,113.9,117.8,773.5
1729,136834148755473,1902.4,438.2,1232.0,232.2,124.7,1750.8,assemble attention plan@24/?-work_queue,Prepare hardware matmul job@24/?-work_queue,1900.9,1285.3,110.2,114.4,1885.7
1730,136834155150317,472.9,172.4,270.7,29.8,11.7,434.2,assemble attention plan@24/?-work_queue,Prepare hardware matmul job@24/?-work_queue,470.3,354.8,124.8,128.8,456.1
1731,136834160113463,1074.7,160.2,883.6,30.9,15.2,1032.1,assemble attention plan@24/?-work_queue,Prepare hardware matmul job@24/?-work_queue,1071.8,955.2,128.4,143.9,1057.1
1732,136834165639779,2059.0,711.9,1088.3,258.9,150.4,1882.8,assemble attention plan@24/?-work_queue,Prepare hardware matmul job@24/?-work_queue,2057.1,1387.7,406.4,411.0,2042.3
1733,136834172234495,949.2,165.4,756.5,27.4,11.1,911.3,assemble attention plan@24/?-work_queue,Prepare hardware matmul job@24/?-work_queue,946.5,835.7,136.7,141.7,932.2
1734,136834177654861,1470.7,400.5,1043.7,26.6,11.2,1432.1,assemble attention plan@24/?-work_queue,Prepare hardware matmul job@24/?-work_queue,1468.3,1354.1,399.3,407.5,1452.7
1735,136834183624145,1815.3,544.2,1019.4,251.8,145.4,1636.2,assemble attention plan@24/?-work_queue,Prepare hardware matmul job@24/?-work_queue,1812.1,1069.8,109.1,120.8,1791.2
1736,136834189931122,2475.2,1015.3,1138.8,321.2,145.8,2299.4,assemble attention plan@24/?-work_queue,Prepare hardware matmul job@24/?-work_queue,2473.6,1728.1,747.3,751.3,2454.6
1737,136834196945869,495.4,154.0,314.0,27.4,11.5,449.3,assemble attention plan@24/?-work_queue,Prepare hardware matmul job@24/?-work_queue,492.0,372.6,111.6,115.0,470.5
1738,136834201905458,1760.7,444.0,1067.2,249.5,142.0,1585.5,assemble attention plan@24/?-work_queue,Prepare hardware matmul job@24/?-work_queue,1758.4,1121.4,110.3,124.3,1743.1
1739,136834208192022,995.7,151.4,809.4,34.8,9.5,953.0,assemble attention plan@24/?-work_queue,Prepare hardware matmul job@24/?-work_queue,993.4,875.3,122.0,125.6,978.4
1740,136834213685729,586.7,154.7,399.8,32.1,12.7,540.1,assemble attention plan@24/?-work_queue,Prepare hardware matmul job@24/?-work_queue,584.6,464.9,119.4,123.8,571.0
1741,136834218783423,1545.8,498.1,825.1,222.7,129.7,1387.0,assemble attention plan@24/?-work_queue,Prepare hardware matmul job@24/?-work_queue,1542.2,881.3,112.3,116.9,1528.0
1742,136834224847400,541.9,151.7,355.4,34.8,11.0,504.4,assemble attention plan@24/?-work_queue,Prepare hardware matmul job@24/?-work_queue,539.8,420.0,110.7,117.2,525.5
1743,136834229857130,1268.8,275.7,961.0,32.1,10.7,1230.9,assemble attention plan@24/?-work_queue,Prepare hardware matmul job@24/?-work_queue,1266.2,1151.8,217.2,275.1,1252.0
1744,136834235622303,763.6,404.1,333.0,26.5,11.3,723.7,assemble attention plan@24/?-work_queue,Prepare hardware matmul job@24/?-work_queue,759.1,645.6,420.7,425.6,745.1
1745,136834240863265,483.3,154.4,300.5,28.4,12.2,444.3,assemble attention plan@24/?-work_queue,Prepare hardware matmul job@24/?-work_queue,481.2,368.0,115.2,132.6,466.0
1746,136834245849057,1277.1,251.4,993.3,32.4,11.9,1239.5,assemble attention plan@24/?-work_queue,Prepare hardware matmul job@24/?-work_queue,1275.0,1161.4,234.7,246.1,1260.8
1747,136834251639335,500.8,174.8,294.9,31.2,15.8,458.2,assemble attention plan@24/?-work_queue,Prepare hardware matmul job@24/?-work_queue,498.2,380.7,119.0,123.9,484.0
1748,136834256620544,679.1,159.3,494.3,25.5,11.5,641.8,assemble attention plan@24/?-work_queue,Prepare hardware matmul job@24/?-work_queue,676.2,565.0,129.1,133.3,662.7
1749,136834261786817,637.1,301.9,308.3,26.9,11.9,598.7,assemble attention plan@24/?-work_queue,Prepare hardware matmul job@24/?-work_queue,634.9,522.2,272.2,280.6,620.9
1750,136834266919329,554.7,156.6,370.9,27.3,12.3,515.6,assemble attention plan@24/?-work_queue,Prepare hardware matmul job@24/?-work_queue,552.3,438.7,111.0,116.1,537.4
1751,136834271972511,2097.5,818.4,1079.0,200.1,76.7,629.3,rx collecting results@148/0-RX-13,prepare streams@25/0-worker,2095.5,1664.9,708.5,714.2,2080.0
1752,136834278615512,1521.3,374.1,1109.8,37.4,15.8,1396.2,notify_listener@25/0-worker,work_queue::do_work get_work@24/?-work_queue,1518.9,1396.2,435.7,451.6,1503.7
1753,136834284696627,622.9,162.1,433.7,27.1,10.7,585.2,assemble attention plan@24/?-work_queue,Prepare hardware matmul job@24/?-work_queue,621.0,509.5,125.1,129.2,606.5
1754,136834289804843,587.3,173.2,382.4,31.7,12.0,468.9,notify_listener@25/0-worker,work_queue::do_work get_work@24/?-work_queue,584.0,468.9,124.4,130.8,571.0
1755,136834294891269,1802.4,487.1,1026.3,289.0,151.2,1617.7,assemble attention plan@24/?-work_queue,Prepare hardware matmul job@24/?-work_queue,1798.6,1095.9,140.3,146.0,1779.4
1756,136834301238911,1169.4,635.0,458.8,75.7,47.4,690.8,rx collecting results@148/0-RX-13,prepare streams@25/0-worker,1167.7,1048.2,741.3,749.2,1148.2
1757,136834306914764,1231.1,152.2,1052.6,26.2,12.1,1185.4,assemble attention plan@24/?-work_queue,Prepare hardware matmul job@24/?-work_queue,1229.0,1110.5,119.8,125.7,1207.5
1758,136834312643907,533.7,157.6,348.2,27.9,10.9,484.5,assemble attention plan@24/?-work_queue,Prepare hardware matmul job@24/?-work_queue,530.4,403.9,100.2,103.9,504.8
1759,136834317646937,623.7,172.6,423.7,27.3,11.5,575.3,assemble attention plan@24/?-work_queue,Prepare hardware matmul job@24/?-work_queue,622.0,496.6,130.9,140.4,596.9
1760,136834322763893,2028.1,617.0,1161.0,250.1,142.5,1842.3,assemble attention plan@24/?-work_queue,Prepare hardware matmul job@24/?-work_queue,2025.7,1353.8,311.4,321.3,1995.4
1761,136834329305257,472.9,153.7,292.9,26.3,10.6,426.9,assemble attention plan@24/?-work_queue,Prepare hardware matmul job@24/?-work_queue,470.0,351.7,108.2,117.6,455.3
1762,136834334258136,955.4,172.8,753.4,29.2,12.0,916.8,assemble attention plan@24/?-work_queue,Prepare hardware matmul job@24/?-work_queue,953.7,823.1,121.5,126.5,939.4
1763,136834339813698,587.2,175.8,367.8,43.6,15.3,545.5,assemble attention plan@24/?-work_queue,Prepare hardware matmul job@24/?-work_queue,585.1,451.7,143.6,151.3,571.3
1764,136834344859444,1278.1,238.8,1008.7,30.7,11.9,1241.0,assemble attention plan@24/?-work_queue,Prepare hardware matmul job@24/?-work_queue,1275.9,1156.2,211.8,226.4,1263.1
1765,136834350648604,687.4,151.5,496.1,39.8,12.3,648.9,assemble attention plan@24/?-work_queue,Prepare hardware matmul job@24/?-work_queue,685.2,563.0,128.1,136.7,671.5
1766,136834355774187,479.7,160.8,289.3,29.7,11.7,441.5,assemble attention plan@24/?-work_queue,Prepare hardware matmul job@24/?-work_queue,476.5,359.1,110.1,127.8,463.0
1767,136834360742934,530.5,177.6,325.9,27.1,11.5,493.1,assemble attention plan@24/?-work_queue,Prepare hardware matmul job@24/?-work_queue,528.2,415.8,109.8,190.1,514.3
1768,136834365746454,541.8,190.9,318.6,32.3,10.9,504.3,assemble attention plan@24/?-work_queue,Prepare hardware matmul job@24/?-work_queue,539.8,425.4,146.2,150.5,524.9
1769,136834370783232,1794.6,490.4,1021.6,282.6,149.0,1617.6,assemble attention plan@24/?-work_queue,Prepare hardware matmul job@24/?-work_queue,1792.2,1101.8,124.2,130.5,1776.4
1770,136834377082889,1792.1,506.8,1017.3,268.0,159.8,1604.6,assemble attention plan@24/?-work_queue,Prepare hardware matmul job@24/?-work_queue,1790.7,1079.1,121.1,132.9,1775.0
1771,136834383358060,846.6,154.4,664.8,27.4,11.8,809.6,assemble attention plan@24/?-work_queue,Prepare hardware matmul job@24/?-work_queue,845.0,733.1,123.9,135.0,831.2
1772,136834388709651,562.6,150.7,386.0,25.8,10.1,524.6,assemble attention plan@24/?-work_queue,Prepare hardware matmul job@24/?-work_queue,560.0,446.4,106.2,112.4,544.9
1773,136834393756744,523.8,155.3,340.7,27.9,12.2,486.1,assemble attention plan@24/?-work_queue,Prepare hardware matmul job@24/?-work_queue,521.3,411.5,120.9,130.1,507.9
1774,136834398751913,534.4,161.4,337.5,35.4,12.4,496.0,assemble attention plan@24/?-work_queue,Prepare hardware matmul job@24/?-work_queue,532.4,415.6,122.9,132.2,518.4
1775,136834403789674,548.6,159.0,357.0,32.6,12.0,509.2,assemble attention plan@24/?-work_queue,Prepare hardware matmul job@24/?-work_queue,546.0,428.1,110.5,118.6,531.1
1776,136834408812738,633.2,293.4,309.4,30.4,10.8,596.8,assemble attention plan@24/?-work_queue,Prepare hardware matmul job@24/?-work_queue,630.6,518.8,283.1,287.3,617.2
1777,136834413951179,1174.6,153.6,992.2,28.8,11.3,1135.4,assemble attention plan@24/?-work_queue,Prepare hardware matmul job@24/?-work_queue,1172.3,1060.5,124.4,128.1,1157.7
1778,136834419628329,675.5,168.9,474.7,31.9,12.4,630.7,assemble attention plan@24/?-work_queue,Prepare hardware matmul job@24/?-work_queue,671.6,546.9,126.0,131.2,653.3
1779,136834424762709,573.3,157.9,382.5,32.9,15.8,525.6,assemble attention plan@24/?-work_queue,Prepare hardware matmul job@24/?-work_queue,571.4,448.2,118.8,123.1,550.6
1780,136834429797816,512.5,151.0,335.3,26.3,10.9,468.9,assemble attention plan@24/?-work_queue,Prepare hardware matmul job@24/?-work_queue,509.4,387.1,126.2,131.7,490.0
1781,136834434796891,511.6,166.3,315.3,30.0,12.6,464.6,assemble attention plan@24/?-work_queue,Prepare hardware matmul job@24/?-work_queue,509.3,384.4,123.4,127.8,487.2
1782,136834439785617,555.7,156.0,373.0,26.7,10.9,500.4,assemble attention plan@24/?-work_queue,Prepare hardware matmul job@24/?-work_queue,554.2,422.3,105.7,109.4,537.3
1783,136834444833125,479.6,148.1,301.1,30.4,11.3,433.3,assemble attention plan@24/?-work_queue,Prepare hardware matmul job@24/?-work_queue,477.4,357.0,104.5,107.6,461.1
1784,136834449814482,486.8,161.6,298.5,26.6,11.2,449.6,assemble attention plan@24/?-work_queue,Prepare hardware matmul job@24/?-work_queue,484.6,369.7,120.8,128.6,470.5
1785,136834454765066,526.6,149.7,342.2,34.8,12.8,487.6,assemble attention plan@24/?-work_queue,Prepare hardware matmul job@24/?-work_queue,524.3,404.2,110.5,118.1,510.5
1786,136834459798110,507.5,147.3,332.3,27.9,10.8,470.0,assemble attention plan@24/?-work_queue,Prepare hardware matmul job@24/?-work_queue,505.3,387.2,113.5,120.3,491.7
1787,136834464790710,508.4,179.3,299.4,29.7,11.4,471.6,assemble attention plan@24/?-work_queue,Prepare hardware matmul job@24/?-work_queue,506.5,390.4,107.3,152.7,493.0
1788,136834469833053,581.2,196.7,353.4,31.1,12.2,542.7,assemble attention plan@24/?-work_queue,Prepare hardware matmul job@24/?-work_queue,579.1,461.3,162.3,176.0,565.5
1789,136834474900794,1928.4,461.3,1218.8,248.2,141.7,1759.6,assemble attention plan@24/?-work_queue,Prepare hardware matmul job@24/?-work_queue,1925.4,1272.3,113.3,120.3,1910.9
1790,136834481369638,850.9,169.2,653.8,27.8,12.3,812.0,assemble attention plan@24/?-work_queue,Prepare hardware matmul job@24/?-work_queue,849.0,734.2,127.0,133.4,834.4
1791,136834486724188,1373.2,562.7,589.2,221.3,113.7,1232.9,assemble attention plan@24/?-work_queue,Prepare hardware matmul job@24/?-work_queue,1371.7,674.4,124.4,131.7,1356.1
1792,136834492612875,1911.3,525.4,1118.8,267.0,153.9,1729.7,assemble attention plan@24/?-work_queue,Prepare hardware matmul job@24/?-work_queue,1909.0,1184.0,127.8,155.2,1893.7
1793,136834499088322,1221.2,648.0,445.4,127.7,78.0,716.0,rx collecting results@148/0-RX-13,prepare streams@25/0-worker,1218.0,1097.5,796.7,810.1,1203.5
1794,136834504792306,1724.6,455.8,1043.3,225.6,125.7,1571.5,assemble attention plan@24/?-work_queue,Prepare hardware matmul job@24/?-work_queue,1721.5,1117.4,113.6,118.6,1706.7
1795,136834511076121,1212.1,665.2,430.4,116.5,81.9,724.7,kernel_add_rmsnorm_71@25/0-worker,prepare streams@25/0-worker,1210.6,1095.1,808.4,813.7,1196.6
1796,136834516779251,510.3,157.7,321.4,31.2,11.8,472.8,assemble attention plan@24/?-work_queue,Prepare hardware matmul job@24/?-work_queue,508.4,389.7,120.0,133.8,494.3
1797,136834521765232,521.3,153.7,339.2,28.4,12.1,482.9,assemble attention plan@24/?-work_queue,Prepare hardware matmul job@24/?-work_queue,518.7,406.1,110.6,119.6,504.6
1798,136834526780770,564.5,151.7,387.1,25.7,10.6,526.1,assemble attention plan@24/?-work_queue,Prepare hardware matmul job@24/?-work_queue,562.1,448.5,121.3,134.4,546.8
1799,136834531951514,1681.9,435.2,1024.9,221.9,127.8,1526.4,assemble attention plan@24/?-work_queue,Prepare hardware matmul job@24/?-work_queue,1678.3,1095.8,126.2,130.9,1664.8
1800,136834538160743,2472.0,1057.5,1154.9,259.6,149.9,2294.9,assemble attention plan@24/?-work_queue,Prepare hardware matmul job@24/?-work_queue,2469.9,1819.9,799.9,804.7,2454.8
1801,136834545235547,946.0,158.8,758.4,28.8,11.2,908.6,assemble attention plan@24/?-work_queue,Prepare hardware matmul job@24/?-work_queue,943.9,831.5,121.0,124.9,929.5
1802,136834550692419,1719.6,467.2,1011.5,241.0,133.8,1544.7,assemble attention plan@24/?-work_queue,Prepare hardware matmul job@24/?-work_queue,1702.7,1115.2,111.5,115.4,1688.6
1803,136834556957025,1173.5,178.9,969.0,25.6,11.0,1132.4,assemble attention plan@24/?-work_queue,Prepare hardware matmul job@24/?-work_queue,1171.4,1054.9,143.1,151.4,1153.6
1804,136834562620085,674.2,156.1,489.1,29.1,10.7,632.6,assemble attention plan@24/?-work_queue,Prepare hardware matmul job@24/?-work_queue,672.5,556.2,136.7,148.1,653.1
1805,136834567849308,1277.8,158.2,1068.0,51.6,32.2,1128.8,notify_listener@25/0-worker,work_queue::do_work get_work@24/?-work_queue,1274.1,1128.8,116.0,119.5,1252.0
1806,136834573679127,608.1,156.9,421.0,30.1,11.3,558.8,assemble attention plan@24/?-work_queue,Prepare hardware matmul job@24/?-work_queue,604.3,471.7,102.3,106.1,579.5
1807,136834578799606,520.2,156.3,332.6,31.3,12.4,474.6,assemble attention plan@24/?-work_queue,Prepare hardware matmul job@24/?-work_queue,518.4,396.0,129.3,139.7,497.0
1808,136834583787580,555.2,149.2,379.3,26.8,11.1,512.1,assemble attention plan@24/?-work_queue,Prepare hardware matmul job@24/?-work_queue,553.7,432.9,111.8,115.2,533.4
1809,136834588860525,495.5,163.5,305.5,26.5,10.8,450.2,assemble attention plan@24/?-work_queue,Prepare hardware matmul job@24/?-work_queue,492.8,368.4,118.2,128.3,471.9
1810,136834593864143,469.7,160.9,281.0,27.7,11.3,424.8,assemble attention plan@24/?-work_queue,Prepare hardware matmul job@24/?-work_queue,467.8,344.3,114.3,125.4,454.3
1811,136834598829410,596.1,247.6,303.4,45.1,17.4,544.4,assemble attention plan@24/?-work_queue,Prepare hardware matmul job@24/?-work_queue,593.8,467.0,236.8,241.7,579.2
1812,136834604050772,1276.2,619.9,556.7,99.7,70.1,714.7,rx collecting results@148/0-RX-13,prepare streams@25/0-worker,1274.1,1149.3,787.2,791.0,1259.9
1813,136834609816967,564.7,163.7,372.1,28.9,11.3,527.7,assemble attention plan@24/?-work_queue,Prepare hardware matmul job@24/?-work_queue,563.1,440.1,121.5,125.3,548.9
1814,136834614856356,1431.5,623.6,701.2,106.7,62.0,723.2,rx collecting results@148/0-RX-13,prepare streams@25/0-worker,1429.1,1301.3,788.2,798.3,1415.8
1815,136834620815825,482.7,153.8,296.4,32.6,11.6,444.8,assemble attention plan@24/?-work_queue,Prepare hardware matmul job@24/?-work_queue,480.7,355.3,99.5,103.6,465.9
1816,136834625784226,1972.2,654.7,1071.8,245.8,133.1,1811.4,assemble attention plan@24/?-work_queue,Prepare hardware matmul job@24/?-work_queue,1970.6,1117.6,116.5,120.2,1955.5
1817,136834632296443,1840.3,585.0,1196.4,58.9,18.3,647.2,rx collecting results@147/0-RX-10,rx collecting results@148/0-RX-13,1837.8,1714.8,721.6,757.5,1822.6
1818,136834638632799,620.3,181.0,410.5,28.7,11.3,582.2,assemble attention plan@24/?-work_queue,Prepare hardware matmul job@24/?-work_queue,618.2,501.8,108.5,156.2,602.9
1819,136834643777751,705.6,67.5,636.2,1.9,1.8,82.9,legacy tx_launch@6/0-TX-3b,rx collecting results@149/0-RX-38,114.8,705.6,110.6,114.8,
1820,136834645459784,586.9,389.7,8.7,188.5,158.4,400.0,assemble attention plan@24/?-work_queue,Prepare hardware matmul job@24/?-work_queue,584.7,,,,
1821,136834650632967,1056.4,591.2,291.8,173.4,141.6,887.5,assemble attention plan@24/?-work_queue,Prepare hardware matmul job@24/?-work_queue,1054.4,353.5,113.4,118.1,1040.3
1822,136834656237966,945.6,169.2,745.6,30.8,13.0,905.5,assemble attention plan@24/?-work_queue,Prepare hardware matmul job@24/?-work_queue,943.0,825.7,129.5,151.7,929.2
1823,136834661712129,612.8,158.5,419.7,34.5,16.2,486.8,notify_listener@25/0-worker,work_queue::do_work get_work@24/?-work_queue,610.5,486.8,114.9,119.0,596.1
1824,136834666844214,1880.5,583.7,1043.2,253.6,144.1,1710.2,assemble attention plan@24/?-work_queue,Prepare hardware matmul job@24/?-work_queue,1878.4,1213.1,246.1,262.2,1864.5
1825,136834673285153,914.9,172.0,713.0,29.9,11.9,877.6,assemble attention plan@24/?-work_queue,Prepare hardware matmul job@24/?-work_queue,913.0,794.3,139.3,145.3,899.5
1826,136834678732017,451.1,153.1,269.4,28.6,11.2,414.1,assemble attention plan@24/?-work_queue,Prepare hardware matmul job@24/?-work_queue,449.4,334.0,106.2,110.8,434.9
1827,136834683694102,713.9,320.8,366.0,27.1,11.7,674.4,assemble attention plan@24/?-work_queue,Prepare hardware matmul job@24/?-work_queue,712.0,594.7,365.1,372.6,697.0
1828,136834688915493,2128.6,786.0,1079.6,262.9,113.1,1989.5,assemble attention plan@24/?-work_queue,Prepare hardware matmul job@24/?-work_queue,2126.6,1537.0,592.3,596.3,2112.4
1829,136834695598029,548.5,167.8,351.8,28.8,10.9,510.9,assemble attention plan@24/?-work_queue,Prepare hardware matmul job@24/?-work_queue,545.7,429.3,127.2,131.8,531.4
1830,136834700649332,836.0,441.1,366.5,28.4,11.6,797.6,assemble attention plan@24/?-work_queue,Prepare hardware matmul job@24/?-work_queue,833.8,719.4,411.0,416.9,819.3
1831,136834706070177,1286.9,749.6,415.3,122.0,60.6,855.2,rx collecting results@148/0-RX-13,prepare streams@25/0-worker,1285.1,1171.6,918.6,924.2,1270.9
1832,136834711929962,1730.2,491.0,1015.4,223.8,136.6,1561.4,assemble attention plan@24/?-work_queue,Prepare hardware matmul job@24/?-work_queue,1727.7,1077.4,124.1,128.2,1708.4
1833,136834718183485,1001.1,169.9,803.3,28.0,10.3,956.9,assemble attention plan@24/?-work_queue,Prepare hardware matmul job@24/?-work_queue,998.6,875.9,126.0,191.1,977.9
1834,136834723708213,2362.7,1005.5,1118.6,238.6,71.9,1797.2,notify_listener@25/0-worker,work_queue::do_work get_work@24/?-work_queue,2360.9,1797.2,822.4,847.7,2338.7
1835,136834730651928,637.3,141.0,461.1,35.2,12.2,569.0,assemble attention plan@24/?-work_queue,Prepare hardware matmul job@24/?-work_queue,634.8,488.9,104.1,108.2,590.9
1836,136834735765294,536.1,161.4,340.6,34.1,15.4,401.6,notify_listener@25/0-worker,work_queue::do_work get_work@24/?-work_queue,533.9,401.6,116.1,132.6,512.4
1837,136834740839280,1419.5,643.5,681.1,94.9,66.1,830.4,rx collecting results@148/0-RX-13,prepare streams@25/0-worker,1417.6,1293.7,899.0,916.5,1403.6
1838,136834746777974,522.3,166.8,318.1,37.4,15.6,387.3,notify_listener@25/0-worker,work_queue::do_work get_work@24/?-work_queue,520.5,387.3,120.5,131.7,505.4
1839,136834751793961,509.2,153.3,323.3,32.6,11.9,464.1,assemble attention plan@24/?-work_queue,Prepare hardware matmul job@24/?-work_queue,506.3,386.4,121.8,135.4,492.2
1840,136834756832513,576.6,168.6,373.7,34.3,14.9,441.9,notify_listener@25/0-worker,work_queue::do_work get_work@24/?-work_queue,574.7,441.9,129.1,134.6,560.2
1841,136834761916222,547.2,145.6,366.4,35.3,11.4,509.6,assemble attention plan@24/?-work_queue,Prepare hardware matmul job@24/?-work_queue,544.7,420.8,109.9,114.2,531.0
1842,136834767018071,1255.3,590.2,578.6,86.5,51.7,708.8,rx collecting results@148/0-RX-13,prepare streams@25/0-worker,1253.9,1130.9,763.0,820.5,1238.5
1843,136834772764014,1503.3,636.3,779.5,87.6,48.6,733.7,rx collecting results@148/0-RX-13,prepare streams@25/0-worker,1500.9,1383.8,784.9,822.4,1485.8
1844,136834778777908,552.8,153.6,366.6,32.7,17.3,508.0,assemble attention plan@24/?-work_queue,Prepare hardware matmul job@24/?-work_queue,550.4,430.6,118.4,122.4,536.0
1845,136834783832453,489.9,155.9,308.0,26.0,9.3,453.9,assemble attention plan@24/?-work_queue,Prepare hardware matmul job@24/?-work_queue,487.7,374.7,128.1,135.0,473.6
1846,136834788849951,546.3,148.8,370.2,27.3,10.1,510.5,assemble attention plan@24/?-work_queue,Prepare hardware matmul job@24/?-work_queue,544.6,429.9,115.4,120.4,530.7
1847,136834793909144,1241.1,158.7,1056.4,26.0,10.4,1205.1,assemble attention plan@24/?-work_queue,Prepare hardware matmul job@24/?-work_queue,1239.0,1124.7,122.2,126.6,1225.4
1848,136834799699036,568.5,151.1,388.9,28.5,11.3,531.0,assemble attention plan@24/?-work_queue,Prepare hardware matmul job@24/?-work_queue,566.1,450.3,119.2,122.9,552.2
1849,136834804762146,536.0,152.7,355.0,28.4,11.3,497.8,assemble attention plan@24/?-work_queue,Prepare hardware matmul job@24/?-work_queue,533.9,416.1,110.7,115.3,518.9
1850,136834809848597,1283.0,248.2,1006.1,28.7,11.5,1245.7,assemble attention plan@24/?-work_queue,Prepare hardware matmul job@24/?-work_queue,1281.4,1167.6,236.5,243.8,1267.3
1851,136834815655905,541.1,159.8,351.6,29.7,11.6,503.8,assemble attention plan@24/?-work_queue,Prepare hardware matmul job@24/?-work_queue,538.8,426.2,119.4,124.9,525.7
1852,136834820706015,596.8,175.7,393.3,27.8,11.4,557.6,assemble attention plan@24/?-work_queue,Prepare hardware matmul job@24/?-work_queue,593.7,477.8,117.7,125.5,579.0
1853,136834825810357,1306.2,169.9,1071.1,65.2,46.8,1152.1,notify_listener@25/0-worker,work_queue::do_work get_work@24/?-work_queue,1303.8,1152.1,132.9,146.0,1289.9
1854,136834831670217,2023.9,675.7,1094.4,253.7,137.9,1859.6,assemble attention plan@24/?-work_queue,Prepare hardware matmul job@24/?-work_queue,2021.6,1352.6,384.6,388.8,2007.1
1855,136834838232265,967.3,167.8,761.9,37.5,16.1,837.5,notify_listener@25/0-worker,work_queue::do_work get_work@24/?-work_queue,965.0,837.5,130.0,135.3,950.0
1856,136834843736659,1388.1,327.9,1029.3,30.9,11.1,1352.0,assemble attention plan@24/?-work_queue,Prepare hardware matmul job@24/?-work_queue,1386.1,1273.3,333.0,340.0,1372.0
1857,136834849657802,614.4,172.7,402.8,38.8,17.4,482.6,notify_listener@25/0-worker,work_queue::do_work get_work@24/?-work_queue,609.5,482.6,125.9,132.5,594.9
1858,136834854743719,1374.7,177.0,1076.2,121.4,78.8,1124.8,notify_listener@25/0-worker,work_queue::do_work get_work@24/?-work_queue,1372.3,1124.8,139.2,143.4,1342.6
1859,136834860661784,561.1,157.5,373.3,30.3,11.9,424.6,notify_listener@25/0-worker,work_queue::do_work get_work@24/?-work_queue,559.7,424.6,105.5,116.2,527.8
1860,136834865702502,552.5,160.0,358.6,33.9,16.2,500.3,assemble attention plan@24/?-work_queue,Prepare hardware matmul job@24/?-work_queue,549.8,422.4,122.3,138.5,526.9
1861,136834870801487,1328.7,168.7,1051.6,108.4,88.8,1120.4,notify_listener@25/0-worker,work_queue::do_work get_work@24/?-work_queue,1326.1,1120.4,112.7,136.2,1305.0
1862,136834876660768,641.5,157.9,451.3,32.3,10.5,593.7,assemble attention plan@24/?-work_queue,Prepare hardware matmul job@24/?-work_queue,639.1,517.9,116.1,122.2,620.7
1863,136834881846116,553.0,165.7,360.3,27.1,11.4,505.9,assemble attention plan@24/?-work_queue,Prepare hardware matmul job@24/?-work_queue,550.4,427.5,121.3,125.7,534.6
1864,136834886932441,1197.8,188.8,982.5,26.5,11.8,1152.8,assemble attention plan@24/?-work_queue,Prepare hardware matmul job@24/?-work_queue,1195.6,1076.1,175.3,178.7,1181.5
1865,136834892688146,2357.9,965.8,1136.5,255.6,71.2,695.7,rx collecting results@148/0-RX-13,prepare streams@25/0-worker,2356.2,1750.7,769.3,790.7,2342.3
1866,136834899613132,1485.5,329.1,1036.3,120.1,68.4,1082.0,notify_listener@25/0-worker,work_queue::do_work get_work@24/?-work_queue,1483.0,1082.0,144.8,150.4,1467.9
1867,136834905663324,500.6,161.1,308.5,31.0,11.8,462.7,assemble attention plan@24/?-work_queue,Prepare hardware matmul job@24/?-work_queue,498.3,372.6,111.3,115.8,484.4
1868,136834910709827,645.1,176.7,426.6,41.7,12.4,604.0,assemble attention plan@24/?-work_queue,Prepare hardware matmul job@24/?-work_queue,642.1,514.2,135.4,146.9,627.0
1869,136834915900001,1231.9,150.3,1024.8,56.8,34.8,1076.2,notify_listener@25/0-worker,work_queue::do_work get_work@24/?-work_queue,1230.1,1076.2,109.9,118.5,1214.8
1870,136834921637963,1496.5,394.9,1023.4,78.2,37.2,410.1,rx collecting results@150/0-RX-3b,rx collecting results@147/0-RX-10,1494.0,1372.0,467.8,507.0,1478.6
1871,136834927666314,1464.2,368.3,1063.5,32.4,10.8,1427.9,assemble attention plan@24/?-work_queue,Prepare hardware matmul job@24/?-work_queue,1462.1,1342.4,394.5,440.1,1448.2
1872,136834933711693,612.9,164.2,412.2,36.4,15.2,485.5,notify_listener@25/0-worker,work_queue::do_work get_work@24/?-work_queue,609.7,485.5,133.1,137.3,595.7
1873,136834938875517,2431.0,962.1,1217.8,251.1,124.9,2278.2,assemble attention plan@24/?-work_queue,Prepare hardware matmul job@24/?-work_queue,2429.4,1808.2,804.4,807.9,2413.8
1874,136834945898465,1226.8,215.6,979.7,31.5,10.6,1190.7,assemble attention plan@24/?-work_queue,Prepare hardware matmul job@24/?-work_queue,1225.3,1113.9,200.5,205.2,1210.6
1875,136834951664585,621.5,160.5,427.7,33.2,12.8,581.5,assemble attention plan@24/?-work_queue,Prepare hardware matmul job@24/?-work_queue,618.6,499.0,121.3,125.2,604.4
1876,136834956901163,654.1,218.1,395.1,41.0,16.6,610.9,assemble attention plan@24/?-work_queue,Prepare hardware matmul job@24/?-work_queue,652.1,531.2,195.4,200.9,637.3
1877,136834962085851,1256.1,647.7,514.6,93.8,51.8,761.4,rx collecting results@148/0-RX-13,prepare streams@25/0-worker,1254.0,1140.1,816.1,822.3,1239.4
1878,136834967906084,533.5,201.9,305.3,26.3,10.5,493.5,assemble attention plan@24/?-work_queue,Prepare hardware matmul job@24/?-work_queue,531.9,417.1,177.9,184.9,514.3
1879,136834972970698,1816.3,503.1,1074.5,238.7,131.6,1659.2,assemble attention plan@24/?-work_queue,Prepare hardware matmul job@24/?-work_queue,1814.4,1132.4,122.6,126.3,1800.0
1880,136834979426453,1786.7,537.4,1015.6,233.7,111.1,1648.2,assemble attention plan@24/?-work_queue,Prepare hardware matmul job@24/?-work_queue,1784.1,1098.6,149.1,163.4,1768.8
1881,136834985739149,535.0,175.6,333.5,25.9,10.1,499.7,assemble attention plan@24/?-work_queue,Prepare hardware matmul job@24/?-work_queue,532.9,421.8,134.4,138.1,519.6
1882,136834990802955,1939.4,610.8,1075.3,253.3,137.5,1774.2,assemble attention plan@24/?-work_queue,Prepare hardware matmul job@24/?-work_queue,1936.8,1265.7,277.6,286.5,1921.8
1883,136834997312931,1729.3,524.1,1009.0,196.1,107.6,1073.8,notify_listener@25/0-worker,work_queue::do_work get_work@24/?-work_queue,1727.2,1073.8,121.3,137.5,1711.7
1884,136835003611199,2590.7,931.6,1309.7,349.4,153.9,2401.6,assemble attention plan@24/?-work_queue,Prepare hardware matmul job@24/?-work_queue,2587.9,1636.2,571.7,583.0,2570.8
1885,136835010749444,1364.9,183.3,1064.8,116.7,75.6,1108.9,notify_listener@25/0-worker,work_queue::do_work get_work@24/?-work_queue,1362.2,1108.9,111.2,118.3,1346.7
1886,136835016647056,548.4,160.2,358.7,29.4,12.7,510.1,assemble attention plan@24/?-work_queue,Prepare hardware matmul job@24/?-work_queue,546.8,414.0,111.1,117.2,532.1
1887,136835021700007,614.8,163.7,422.9,28.2,10.7,578.3,assemble attention plan@24/?-work_queue,Prepare hardware matmul job@24/?-work_queue,612.7,490.0,121.2,126.2,598.8
1888,136835026884327,1261.8,159.0,1073.8,29.1,13.1,1222.0,assemble attention plan@24/?-work_queue,Prepare hardware matmul job@24/?-work_queue,1260.2,1134.4,128.7,149.8,1245.2
1889,136835032681647,1455.5,309.6,1112.4,33.4,12.4,1417.2,assemble attention plan@24/?-work_queue,Prepare hardware matmul job@24/?-work_queue,1454.0,1331.7,376.0,394.3,1439.7
1890,136835038688181,588.6,206.1,352.4,30.2,11.8,551.0,assemble attention plan@24/?-work_queue,Prepare hardware matmul job@24/?-work_queue,587.2,473.6,134.5,190.8,573.5
1891,136835043823125,483.5,165.6,291.4,26.6,11.4,446.6,assemble attention plan@24/?-work_queue,Prepare hardware matmul job@24/?-work_queue,481.7,366.6,109.4,113.8,468.1
1892,136835048839121,658.8,277.6,339.8,41.4,17.2,615.3,assemble attention plan@24/?-work_queue,Prepare hardware matmul job@24/?-work_queue,656.6,539.0,238.2,245.2,642.5
1893,136835054020399,2070.6,748.1,1133.1,189.4,65.8,1789.9,notify_listener@25/0-worker,work_queue::do_work get_work@24/?-work_queue,2068.9,1789.9,777.7,804.9,2055.4
1894,136835060678964,1955.8,581.0,1034.8,340.0,156.9,1773.6,assemble attention plan@24/?-work_queue,Prepare hardware matmul job@24/?-work_queue,1953.9,1106.6,124.8,131.1,1940.6
1895,136835067154135,1023.6,180.0,814.1,29.5,12.1,986.2,assemble attention plan@24/?-work_queue,Prepare hardware matmul job@24/?-work_queue,1021.3,903.8,131.9,139.1,1008.2
1896,136835072718277,557.2,178.7,349.9,28.6,11.6,518.0,assemble attention plan@24/?-work_queue,Prepare hardware matmul job@24/?-work_queue,554.3,439.1,127.1,136.1,540.1
1897,136835077782567,523.5,151.7,344.2,27.6,11.7,485.6,assemble attention plan@24/?-work_queue,Prepare hardware matmul job@24/?-work_queue,521.7,406.3,117.3,121.2,507.1
1898,136835082864712,581.5,230.1,316.9,34.4,11.6,541.8,assemble attention plan@24/?-work_queue,Prepare hardware matmul job@24/?-work_queue,579.3,460.8,206.5,217.5,563.9
1899,136835087971775,1330.0,652.1,584.2,93.8,53.1,732.2,rx collecting results@148/0-RX-13,prepare streams@25/0-worker,1327.7,1212.0,787.6,795.0,1313.3
1900,136835093865921,575.3,159.0,388.4,27.9,11.8,537.9,assemble attention plan@24/?-work_queue,Prepare hardware matmul job@24/?-work_queue,573.6,459.2,126.3,147.3,559.3
1901,136835098952356,1789.0,500.1,1062.8,226.1,132.4,1631.2,assemble attention plan@24/?-work_queue,Prepare hardware matmul job@24/?-work_queue,1786.6,1123.8,120.8,127.5,1773.9
1902,136835105339046,1809.9,713.4,1028.9,67.5,35.8,790.9,rx collecting results@148/0-RX-13,prepare streams@25/0-worker,1808.0,1693.5,829.2,856.7,1792.9
1903,136835111653375,2252.4,755.5,1168.5,328.4,157.8,2068.0,assemble attention plan@24/?-work_queue,Prepare hardware matmul job@24/?-work_queue,2250.4,1438.6,400.3,404.7,2235.5
1904,136835118419784,793.7,161.3,602.7,29.7,11.9,756.4,assemble attention plan@24/?-work_queue,Prepare hardware matmul job@24/?-work_queue,791.6,676.0,129.2,133.6,778.3
1905,136835123705971,1439.9,333.9,1075.5,30.4,11.9,1318.3,notify_listener@25/0-worker,work_queue::do_work get_work@24/?-work_queue,1437.6,1318.3,351.9,356.6,1423.0
1906,136835129732363,1360.9,377.7,862.5,120.7,69.5,922.5,notify_listener@25/0-worker,work_queue::do_work get_work@24/?-work_queue,1359.2,922.5,119.8,126.7,1323.7
1907,136835135677989,1412.2,267.1,980.5,164.5,111.4,1045.1,notify_listener@25/0-worker,work_queue::do_work get_work@24/?-work_queue,1409.5,1045.1,117.0,131.4,1389.1
1908,136835141615691,1606.9,660.6,858.5,87.9,49.7,850.5,rx collecting results@148/0-RX-13,prepare streams@25/0-worker,1604.8,1478.8,902.7,910.3,1583.6
1909,136835147766450,576.7,150.7,394.6,31.4,11.8,529.5,assemble attention plan@24/?-work_queue,Prepare hardware matmul job@24/?-work_queue,574.6,446.1,110.7,115.3,551.6
1910,136835152872000,510.1,185.8,291.6,32.7,11.9,463.0,assemble attention plan@24/?-work_queue,Prepare hardware matmul job@24/?-work_queue,507.7,385.6,114.5,135.5,485.5
1911,136835157942733,1189.5,170.4,988.8,30.4,10.6,1145.7,assemble attention plan@24/?-work_queue,Prepare hardware matmul job@24/?-work_queue,1187.8,1064.6,118.5,132.1,1172.3
1912,136835163678808,2062.4,725.2,1068.5,268.7,147.4,1881.5,assemble attention plan@24/?-work_queue,Prepare hardware matmul job@24/?-work_queue,2060.3,1355.8,364.3,391.1,2046.2
1913,136835170317971,1626.2,157.7,1421.0,47.5,14.6,1479.1,notify_listener@25/0-worker,work_queue::do_work get_work@24/?-work_queue,1623.9,1479.1,114.3,125.5,1611.8
1914,136835176489055,759.6,145.1,586.2,28.3,11.8,719.9,assemble attention plan@24/?-work_queue,Prepare hardware matmul job@24/?-work_queue,757.4,633.4,108.8,113.4,742.7
1915,136835181766641,585.4,148.2,399.8,37.4,14.6,455.4,notify_listener@25/0-worker,work_queue::do_work get_work@24/?-work_queue,583.5,455.4,111.5,124.1,569.5
1916,136835186911371,1323.0,609.6,595.8,117.6,50.1,842.1,rx collecting results@148/0-RX-13,prepare streams@25/0-worker,1319.7,1201.6,894.2,899.6,1305.5
1917,136835192761914,1372.4,245.9,1089.7,36.8,11.8,1333.8,assemble attention plan@24/?-work_queue,Prepare hardware matmul job@24/?-work_queue,1371.0,1249.9,297.8,320.5,1355.9
1918,136835198682676,1515.4,601.3,825.4,88.8,42.6,604.5,rx collecting results@148/0-RX-13,prepare streams@25/0-worker,1513.1,1389.8,649.6,721.2,1499.1
1919,136835204766346,515.7,212.6,268.6,34.5,11.0,477.7,assemble attention plan@24/?-work_queue,Prepare hardware matmul job@24/?-work_queue,514.1,396.8,126.5,197.7,499.4
1920,136835209809710,851.5,164.0,687.2,0.4,0.1,251.1,prepare streams@25/0-worker,notify_listener@25/0-worker,275.6,851.5,251.3,275.6,
1921,136835211635278,616.1,420.7,14.0,181.4,138.9,451.5,assemble attention plan@24/?-work_queue,Prepare hardware matmul job@24/?-work_queue,614.2,,,,
1922,136835216831324,675.9,287.5,356.6,31.8,12.0,638.5,assemble attention plan@24/?-work_queue,Prepare hardware matmul job@24/?-work_queue,673.7,558.4,238.6,259.1,660.8
1923,136835222053457,1101.0,158.5,913.7,28.8,11.1,1064.1,assemble attention plan@24/?-work_queue,Prepare hardware matmul job@24/?-work_queue,1098.9,984.1,113.4,129.6,1084.8
1924,136835227751412,1377.6,343.1,1001.3,33.2,9.8,1340.6,assemble attention plan@24/?-work_queue,Prepare hardware matmul job@24/?-work_queue,1374.9,1257.5,300.2,304.9,1361.5
1925,136835233711051,2164.1,684.9,1050.8,428.4,309.7,1829.1,assemble attention plan@24/?-work_queue,Prepare hardware matmul job@24/?-work_queue,2163.8,1300.6,338.7,346.5,2148.4
1926,136835240471277,2350.9,947.0,1098.6,305.3,152.2,2171.6,assemble attention plan@24/?-work_queue,Prepare hardware matmul job@24/?-work_queue,2348.7,1536.4,571.5,576.3,2334.2
1927,136835247434735,820.0,243.6,546.5,29.9,11.0,782.3,assemble attention plan@24/?-work_queue,Prepare hardware matmul job@24/?-work_queue,817.9,703.9,218.2,233.6,803.9
1928,136835252776756,1182.8,655.7,407.4,119.7,88.2,739.6,kernel_add_rmsnorm_71@25/0-worker,prepare streams@25/0-worker,1181.0,1060.4,830.3,840.3,1167.9
1929,136835258526777,710.4,156.4,523.0,31.0,12.0,672.7,assemble attention plan@24/?-work_queue,Prepare hardware matmul job@24/?-work_queue,708.5,588.7,110.4,127.9,694.7
1930,136835263782009,1334.3,168.3,1031.9,134.1,112.0,1112.3,notify_listener@25/0-worker,work_queue::do_work get_work@24/?-work_queue,1331.4,1112.3,131.2,138.2,1316.8
1931,136835269740753,1395.1,314.6,1049.2,31.3,11.1,1356.3,assemble attention plan@24/?-work_queue,Prepare hardware matmul job@24/?-work_queue,1392.5,1276.4,312.6,318.4,1377.3
1932,136835275676195,543.9,152.6,360.6,30.7,12.0,505.3,assemble attention plan@24/?-work_queue,Prepare hardware matmul job@24/?-work_queue,541.8,422.5,108.0,112.0,527.6
1933,136835280758991,531.5,149.5,351.8,30.2,10.6,494.9,assemble attention plan@24/?-work_queue,Prepare hardware matmul job@24/?-work_queue,529.8,412.5,95.7,99.6,516.0
1934,136835285836299,534.4,151.8,357.5,25.1,9.7,497.5,assemble attention plan@24/?-work_queue,Prepare hardware matmul job@24/?-work_queue,532.3,417.3,114.4,119.2,517.9
1935,136835290956228,1173.8,182.6,957.8,33.3,10.7,1136.9,assemble attention plan@24/?-work_queue,Prepare hardware matmul job@24/?-work_queue,1172.1,1058.6,143.5,168.2,1158.0
1936,136835296666724,1179.5,529.7,402.7,247.1,148.9,1004.2,assemble attention plan@24/?-work_queue,Prepare hardware matmul job@24/?-work_queue,1176.8,469.5,108.8,112.6,1163.6
1937,136835302476415,2275.9,909.0,1104.3,262.6,116.7,2130.7,assemble attention plan@24/?-work_queue,Prepare hardware matmul job@24/?-work_queue,2271.8,1557.3,571.0,592.9,2256.6
1938,136835309316972,1808.3,589.0,1160.9,58.3,24.4,55.8,legacy tx_launch@4/0-TX-13,rx collecting results@148/0-RX-13,1806.5,1688.2,714.9,725.7,1792.7
1939,136835315693907,620.0,159.1,431.8,29.1,11.0,583.5,assemble attention plan@24/?-work_queue,Prepare hardware matmul job@24/?-work_queue,618.5,504.0,123.6,134.1,604.9
1940,136835320822019,471.4,158.7,278.3,34.4,11.8,431.6,assemble attention plan@24/?-work_queue,Prepare hardware matmul job@24/?-work_queue,469.0,349.3,117.3,125.5,453.9
1941,136835325903252,2177.1,751.3,1227.1,198.8,63.6,1865.2,notify_listener@25/0-worker,work_queue::do_work get_work@24/?-work_queue,2174.4,1865.2,819.0,856.6,2160.8
1942,136835332655860,659.2,172.1,453.4,33.8,10.0,617.6,assemble attention plan@24/?-work_queue,Prepare hardware matmul job@24/?-work_queue,656.8,534.8,128.2,136.2,638.4
1943,136835337866621,1268.2,238.5,1002.3,27.4,12.0,1223.8,assemble attention plan@24/?-work_queue,Prepare hardware matmul job@24/?-work_queue,1265.7,1144.8,204.4,214.6,1246.1
1944,136835343703444,2144.4,652.2,1170.4,321.8,141.8,1968.7,assemble attention plan@24/?-work_queue,Prepare hardware matmul job@24/?-work_queue,2142.6,1345.9,341.0,346.6,2120.8
1945,136835350451696,563.2,161.3,368.2,33.7,12.7,510.6,assemble attention plan@24/?-work_queue,Prepare hardware matmul job@24/?-work_queue,560.9,428.5,105.8,145.0,534.2
1946,136835355562203,879.3,413.3,433.6,32.4,13.8,747.7,notify_listener@25/0-worker,work_queue::do_work get_work@24/?-work_queue,876.9,747.7,481.3,488.8,854.9
1947,136835361045794,1245.1,633.3,511.4,100.3,63.2,673.7,rx collecting results@148/0-RX-13,prepare streams@25/0-worker,1243.1,1115.7,739.9,748.2,1219.9
1948,136835366818164,1320.3,299.7,984.8,35.8,13.0,1190.5,notify_listener@25/0-worker,work_queue::do_work get_work@24/?-work_queue,1318.6,1190.5,266.2,270.2,1298.0
1949,136835372716476,1421.7,289.2,1097.7,34.8,10.5,1375.4,assemble attention plan@24/?-work_queue,Prepare hardware matmul job@24/?-work_queue,1420.1,1292.4,341.9,352.4,1403.6
1950,136835378727719,571.8,162.3,376.5,32.9,11.7,525.9,assemble attention plan@24/?-work_queue,Prepare hardware matmul job@24/?-work_queue,569.7,441.9,129.0,135.6,554.4
1951,136835383878430,542.3,152.3,358.6,31.4,12.5,496.3,assemble attention plan@24/?-work_queue,Prepare hardware matmul job@24/?-work_queue,539.9,411.1,96.4,100.3,525.7
1952,136835388966778,1941.0,616.1,1023.7,301.2,134.6,1767.7,assemble attention plan@24/?-work_queue,Prepare hardware matmul job@24/?-work_queue,1939.3,1083.8,118.8,128.6,1924.3
1953,136835395562322,2272.9,806.3,1138.3,328.3,137.3,2100.3,assemble attention plan@24/?-work_queue,Prepare hardware matmul job@24/?-work_queue,2271.4,1596.6,595.6,603.4,2255.6
1954,136835402460368,2292.5,913.5,1129.9,249.0,93.2,2173.7,assemble attention plan@24/?-work_queue,Prepare hardware matmul job@24/?-work_queue,2291.0,1547.3,581.7,585.6,2276.3
1955,136835409413821,1671.0,313.0,1200.3,157.7,105.6,1262.7,notify_listener@25/0-worker,work_queue::do_work get_work@24/?-work_queue,1669.3,1262.7,120.2,135.6,1655.8
1956,136835415675259,656.3,149.2,470.3,36.8,11.8,617.7,assemble attention plan@24/?-work_queue,Prepare hardware matmul job@24/?-work_queue,654.4,521.5,106.2,112.1,640.1
1957,136835420918735,1224.3,363.6,819.2,41.5,16.0,1180.3,assemble attention plan@24/?-work_queue,Prepare hardware matmul job@24/?-work_queue,1221.8,1090.1,111.8,331.1,1206.3
1958,136835426845814,1290.0,190.8,1069.7,29.4,11.8,1251.1,assemble attention plan@24/?-work_queue,Prepare hardware matmul job@24/?-work_queue,1287.9,1165.8,148.5,166.3,1273.5
1959,136835432747834,1388.1,314.6,1032.5,41.0,15.1,1261.1,notify_listener@25/0-worker,work_queue::do_work get_work@24/?-work_queue,1385.9,1261.1,321.5,351.7,1370.5
1960,136835438748119,481.0,166.4,283.3,31.2,11.4,442.6,assemble attention plan@24/?-work_queue,Prepare hardware matmul job@24/?-work_queue,479.1,361.6,128.9,132.9,464.4
1961,136835443835462,1306.1,269.5,997.4,39.2,16.3,1180.1,notify_listener@25/0-worker,work_queue::do_work get_work@24/?-work_queue,1304.7,1180.1,235.9,243.4,1290.2
1962,136835449669519,2402.7,829.5,1345.9,227.4,80.7,919.1,rx collecting results@148/0-RX-13,prepare streams@25/0-worker,2401.1,2018.3,1022.3,1054.6,2387.4
1963,136835456696138,521.2,151.0,336.7,33.5,10.5,484.0,assemble attention plan@24/?-work_queue,Prepare hardware matmul job@24/?-work_queue,519.2,402.5,100.0,104.5,505.2
1964,136835461761550,1339.6,211.6,1007.3,120.8,77.7,1070.7,notify_listener@25/0-worker,work_queue::do_work get_work@24/?-work_queue,1338.2,1070.7,109.8,116.5,1323.6
1965,136835467716745,2282.9,941.6,1051.8,289.5,142.2,2113.1,assemble attention plan@24/?-work_queue,Prepare hardware matmul job@24/?-work_queue,2281.0,1601.3,682.9,692.6,2265.4
1966,136835474577954,2139.7,811.2,1058.8,269.6,117.3,1992.4,assemble attention plan@24/?-work_queue,Prepare hardware matmul job@24/?-work_queue,2136.4,1431.1,476.0,496.2,2121.1
1967,136835481315013,1733.6,494.5,1114.0,125.1,75.7,1180.6,notify_listener@25/0-worker,work_queue::do_work get_work@24/?-work_queue,1731.9,1180.6,110.4,113.8,1717.7
1968,136835487621520,2433.4,1050.7,1181.2,201.5,83.2,791.5,kernel_add_rmsnorm_71@25/0-worker,prepare streams@25/0-worker,2431.2,1881.4,898.2,906.1,2426.3
1969,136835494703644,1373.6,521.6,669.5,182.5,86.2,1258.6,assemble attention plan@24/?-work_queue,Prepare hardware matmul job@24/?-work_queue,1369.8,736.8,128.8,137.9,1355.0
1970,136835500643328,2415.8,1100.3,1108.6,206.9,77.3,800.3,kernel_add_rmsnorm_71@25/0-worker,prepare streams@25/0-worker,2413.6,1853.9,880.2,893.6,2399.3
1971,136835507694394,1486.4,508.3,882.7,95.3,48.6,567.3,rx collecting results@148/0-RX-13,prepare streams@25/0-worker,1484.2,1364.7,618.1,626.8,1471.9
1972,136835513788251,2033.4,654.4,1099.6,279.5,148.1,1854.4,assemble attention plan@24/?-work_queue,Prepare hardware matmul job@24/?-work_queue,2030.7,1289.4,283.7,301.2,2012.7
1973,136835520459216,832.5,168.7,627.2,36.6,17.0,780.7,assemble attention plan@24/?-work_queue,Prepare hardware matmul job@24/?-work_queue,830.4,695.4,115.5,119.4,807.3
1974,136835525824492,538.8,151.8,359.5,27.6,10.8,495.9,assemble attention plan@24/?-work_queue,Prepare hardware matmul job@24/?-work_queue,537.0,412.9,104.9,109.7,518.0
1975,136835530951785,492.9,178.5,284.2,30.3,12.1,443.6,assemble attention plan@24/?-work_queue,Prepare hardware matmul job@24/?-work_queue,489.7,347.4,109.0,114.2,466.4
1976,136835535998352,536.2,154.9,339.7,41.6,13.3,487.1,assemble attention plan@24/?-work_queue,Prepare hardware matmul job@24/?-work_queue,534.3,402.1,101.8,105.8,509.9
1977,136835541159941,1022.4,174.8,816.6,31.0,12.0,975.5,assemble attention plan@24/?-work_queue,Prepare hardware matmul job@24/?-work_queue,1020.2,892.5,124.6,143.7,1007.7
1978,136835546760386,1477.3,647.2,715.1,115.0,71.7,746.2,rx collecting results@148/0-RX-13,prepare streams@25/0-worker,1475.5,1342.1,820.3,840.6,1461.0
1979,136835552870344,1264.6,164.7,1045.3,54.6,32.4,1110.0,notify_listener@25/0-worker,work_queue::do_work get_work@24/?-work_queue,1262.8,1110.0,139.8,152.7,1248.9
1980,136835558680672,492.8,162.3,295.6,34.9,14.1,353.8,notify_listener@25/0-worker,work_queue::do_work get_work@24/?-work_queue,490.5,353.8,105.0,108.6,476.4
1981,136835563784332,1462.2,661.2,681.4,119.7,75.6,729.1,rx collecting results@148/0-RX-13,prepare streams@25/0-worker,1460.4,1332.5,807.1,818.2,1446.4
1982,136835569793988,1330.8,160.9,1032.6,137.3,107.9,1086.9,notify_listener@25/0-worker,work_queue::do_work get_work@24/?-work_queue,1328.3,1086.9,122.4,129.3,1314.3
1983,136835575755341,722.6,269.8,418.2,34.7,12.8,684.1,assemble attention plan@24/?-work_queue,Prepare hardware matmul job@24/?-work_queue,720.0,597.2,296.1,299.8,706.5
1984,136835581056326,1736.9,481.6,993.6,261.7,157.9,1552.5,assemble attention plan@24/?-work_queue,Prepare hardware matmul job@24/?-work_queue,1734.9,1046.9,103.0,108.2,1719.8
1985,136835587439258,830.9,288.7,508.8,33.4,11.3,792.5,assemble attention plan@24/?-work_queue,Prepare hardware matmul job@24/?-work_queue,828.8,713.2,106.3,257.6,814.5
1986,136835592807649,1447.2,622.6,714.6,109.9,82.8,850.1,kernel_add_rmsnorm_71@25/0-worker,prepare streams@25/0-worker,1445.3,1329.7,935.5,945.7,1432.4
1987,136835598889261,611.2,227.8,354.7,28.7,12.1,574.2,assemble attention plan@24/?-work_queue,Prepare hardware matmul job@24/?-work_queue,609.7,493.6,190.8,197.3,596.0
1988,136835604070406,1214.6,639.9,444.7,130.0,85.1,691.3,kernel_add_rmsnorm_71@25/0-worker,prepare streams@25/0-worker,1211.9,1097.4,778.8,784.0,1198.6
1989,136835609936501,586.9,195.9,339.1,51.8,16.2,457.2,notify_listener@25/0-worker,work_queue::do_work get_work@24/?-work_queue,584.3,457.2,158.1,164.4,571.2
1990,136835615092251,1084.8,292.5,756.4,35.8,12.9,1043.5,assemble attention plan@24/?-work_queue,Prepare hardware matmul job@24/?-work_queue,1082.9,946.3,115.1,119.2,1067.1
1991,136835620868197,1270.5,249.9,981.4,39.2,14.1,1142.2,notify_listener@25/0-worker,work_queue::do_work get_work@24/?-work_queue,1266.8,1142.2,215.6,220.5,1254.1
1992,136835626746520,2029.4,632.4,1132.3,264.7,141.3,1860.2,assemble attention plan@24/?-work_queue,Prepare hardware matmul job@24/?-work_queue,2026.5,1353.1,311.3,321.7,2011.6
1993,136835633458447,1675.1,535.6,1103.6,35.9,13.2,1636.0,assemble attention plan@24/?-work_queue,Prepare hardware matmul job@24/?-work_queue,1672.9,1554.2,581.2,589.2,1658.6
1994,136835639727036,555.3,166.8,357.6,30.8,10.8,519.1,assemble attention plan@24/?-work_queue,Prepare hardware matmul job@24/?-work_queue,553.5,437.3,127.0,229.4,539.4
1995,136835644907707,1774.9,463.6,1031.5,279.9,161.1,1586.2,assemble attention plan@24/?-work_queue,Prepare hardware matmul job@24/?-work_queue,1772.3,1092.0,120.5,130.5,1757.1
1996,136835651303174,912.9,154.3,725.4,33.3,11.9,789.5,notify_listener@25/0-worker,work_queue::do_work get_work@24/?-work_queue,911.0,789.5,113.1,141.5,898.0
1997,136835656841692,1281.4,163.4,1040.8,77.2,57.2,1109.8,notify_listener@25/0-worker,work_queue::do_work get_work@24/?-work_queue,1279.6,1109.8,118.6,126.6,1264.9
1998,136835662711127,588.2,161.3,391.5,35.4,16.5,459.6,notify_listener@25/0-worker,work_queue::do_work get_work@24/?-work_queue,585.4,459.6,118.3,276.1,571.6
1999,136835667875809,1365.7,721.8,542.1,101.8,54.0,738.5,rx collecting results@148/0-RX-13,prepare streams@25/0-worker,1363.9,1245.6,795.4,812.3,1350.3
2000,136835673860257,2210.2,885.7,1113.3,211.2,98.5,1719.5,notify_listener@25/0-worker,work_queue::do_work get_work@24/?-work_queue,2207.7,1719.5,750.6,756.5,2197.8
2001,136835680716092,1393.4,202.0,1064.0,127.3,82.8,1128.6,notify_listener@25/0-worker,work_queue::do_work get_work@24/?-work_queue,1391.1,1128.6,108.8,113.8,1372.5
2002,136835686689754,2360.4,988.0,1085.2,287.2,117.4,2205.2,assemble attention plan@24/?-work_queue,Prepare hardware matmul job@24/?-work_queue,2358.7,1668.2,700.8,707.6,2332.9
2003,136835693769879,2028.1,674.2,1078.0,276.0,139.0,1853.5,assemble attention plan@24/?-work_queue,Prepare hardware matmul job@24/?-work_queue,2025.9,1279.1,297.9,306.7,2002.7
2004,136835700401438,1837.3,567.7,1012.2,257.5,129.9,1671.5,assemble attention plan@24/?-work_queue,Prepare hardware matmul job@24/?-work_queue,1835.2,1067.0,116.5,120.2,1812.0
2005,136835706878736,563.6,164.7,353.8,45.1,17.8,510.6,assemble attention plan@24/?-work_queue,Prepare hardware matmul job@24/?-work_queue,561.3,430.6,118.4,129.9,546.5
2006,136835712016936,1292.1,625.3,579.0,87.9,62.7,725.6,rx collecting results@148/0-RX-13,prepare streams@25/0-worker,1290.6,1169.4,790.6,873.1,1275.0
2007,136835717962786,485.1,154.2,295.0,35.9,16.7,440.2,assemble attention plan@24/?-work_queue,Prepare hardware matmul job@24/?-work_queue,483.1,359.4,113.2,118.5,467.6
2008,136835723056435,1109.7,153.6,927.9,28.2,10.4,1073.2,assemble attention plan@24/?-work_queue,Prepare hardware matmul job@24/?-work_queue,1108.1,980.2,105.4,111.9,1093.9
2009,136835728825144,1322.9,256.4,1036.3,30.2,12.4,1284.9,assemble attention plan@24/?-work_queue,Prepare hardware matmul job@24/?-work_queue,1320.5,1191.3,236.4,242.7,1312.2
2010,136835734730418,2491.2,690.2,1497.0,304.0,140.0,2322.9,assemble attention plan@24/?-work_queue,Prepare hardware matmul job@24/?-work_queue,2489.1,1672.8,341.6,368.3,2473.3
2011,136835741895792,1820.4,552.9,1013.7,253.8,161.2,1632.4,assemble attention plan@24/?-work_queue,Prepare hardware matmul job@24/?-work_queue,1818.4,1100.4,120.5,158.3,1804.0
2012,136835748283941,912.8,195.1,687.3,30.4,11.2,873.2,assemble attention plan@24/?-work_queue,Prepare hardware matmul job@24/?-work_queue,909.8,788.7,98.1,167.9,895.1
2013,136835753818327,488.3,175.3,283.1,30.0,12.6,448.9,assemble attention plan@24/?-work_queue,Prepare hardware matmul job@24/?-work_queue,485.9,370.1,130.5,135.8,471.5
2014,136835758910689,1387.2,959.7,330.7,96.8,65.3,916.8,rx collecting results@148/0-RX-13,prepare streams@25/0-worker,1384.9,1259.9,984.3,991.2,1371.7
2015,136835764980389,2059.7,752.5,1014.2,292.9,138.2,1894.7,assemble attention plan@24/?-work_queue,Prepare hardware matmul job@24/?-work_queue,2057.6,1085.2,118.7,137.3,2043.4
2016,136835771618731,1530.4,425.5,1071.5,33.4,11.9,1493.0,assemble attention plan@24/?-work_queue,Prepare hardware matmul job@24/?-work_queue,1528.1,1391.0,423.7,427.4,1515.1
2017,136835777721339,1444.2,362.7,1053.0,28.6,11.2,1407.0,assemble attention plan@24/?-work_queue,Prepare hardware matmul job@24/?-work_queue,1442.4,1289.4,330.5,347.1,1428.0
2018,136835783748492,2138.7,736.3,1113.7,288.7,157.8,1954.9,assemble attention plan@24/?-work_queue,Prepare hardware matmul job@24/?-work_queue,2138.7,1349.3,302.3,355.5,2122.7
2019,136835790514112,1615.1,546.0,1040.7,28.3,11.7,1576.0,assemble attention plan@24/?-work_queue,Prepare hardware matmul job@24/?-work_queue,1613.5,1496.2,530.6,540.2,1598.2
2020,136835796700018,1400.7,220.8,1025.1,154.8,116.8,1100.3,notify_listener@25/0-worker,work_queue::do_work get_work@24/?-work_queue,1398.8,1100.3,130.0,140.7,1385.5
2021,136835802691723,547.4,163.4,299.7,84.3,61.0,372.2,notify_listener@25/0-worker,work_queue::do_work get_work@24/?-work_queue,545.3,372.2,114.5,118.3,531.2
2022,136835807796698,499.1,169.3,297.4,32.4,13.5,376.1,notify_listener@25/0-worker,work_queue::do_work get_work@24/?-work_queue,497.7,376.1,132.5,137.9,482.8
2023,136835812943340,487.6,165.5,289.9,32.2,12.0,448.4,assemble attention plan@24/?-work_queue,Prepare hardware matmul job@24/?-work_queue,485.3,361.5,116.1,121.1,470.5
2024,136835817981857,473.7,162.6,273.1,38.0,16.1,338.4,notify_listener@25/0-worker,work_queue::do_work get_work@24/?-work_queue,470.9,338.4,121.0,126.0,451.4
2025,136835823040214,1277.3,601.8,574.7,100.8,61.3,726.1,rx collecting results@148/0-RX-13,prepare streams@25/0-worker,1275.0,1147.4,789.3,794.7,1253.0
2026,136835828897583,1915.0,506.1,1077.4,331.5,174.1,1692.9,assemble attention plan@24/?-work_queue,Prepare hardware matmul job@24/?-work_queue,1913.1,1118.9,126.0,132.0,1877.0
2027,136835835405251,507.9,151.3,325.5,31.2,12.2,460.1,assemble attention plan@24/?-work_queue,Prepare hardware matmul job@24/?-work_queue,505.4,374.8,107.5,112.8,483.5
2028,136835840476981,1720.6,564.1,1061.4,95.0,56.1,684.4,rx collecting results@148/0-RX-13,prepare streams@25/0-worker,1718.3,1568.0,743.2,752.8,1693.9
2029,136835846789886,526.1,178.4,320.0,27.7,11.4,476.0,assemble attention plan@24/?-work_queue,Prepare hardware matmul job@24/?-work_queue,522.6,393.7,126.9,135.8,508.0
2030,136835851872613,1882.7,537.4,1053.2,292.1,145.4,1697.6,assemble attention plan@24/?-work_queue,Prepare hardware matmul job@24/?-work_queue,1880.8,1125.7,133.0,145.6,1859.7
2031,136835858384040,585.9,171.9,385.0,29.1,11.0,539.7,assemble attention plan@24/?-work_queue,Prepare hardware matmul job@24/?-work_queue,584.0,459.7,118.7,129.3,567.2
2032,136835863535806,1607.0,459.7,1106.4,41.0,16.2,1468.6,notify_listener@25/0-worker,work_queue::do_work get_work@24/?-work_queue,1603.6,1468.6,503.4,507.3,1588.7
2033,136835869770925,2317.1,889.1,1249.5,178.4,66.9,1808.8,notify_listener@25/0-worker,work_queue::do_work get_work@24/?-work_queue,2314.8,1808.8,775.6,779.9,2299.3
2034,136835876678380,734.3,334.7,368.5,31.2,11.2,694.7,assemble attention plan@24/?-work_queue,Prepare hardware matmul job@24/?-work_queue,731.5,605.7,365.8,375.4,716.7
2035,136835881979233,483.2,164.9,282.7,35.6,14.2,358.2,notify_listener@25/0-worker,work_queue::do_work get_work@24/?-work_queue,480.9,358.2,127.8,132.1,465.5
2036,136835887042753,1276.8,646.4,541.3,89.1,58.6,717.1,rx collecting results@148/0-RX-13,prepare streams@25/0-worker,1274.7,1154.3,777.8,808.8,1261.7
2037,136835892918990,1341.7,635.0,622.0,84.7,47.5,768.6,rx collecting results@148/0-RX-13,prepare streams@25/0-worker,1339.7,1216.0,819.0,824.7,1324.3
2038,136835898823940,509.6,175.7,304.4,29.6,10.5,470.6,assemble attention plan@24/?-work_queue,Prepare hardware matmul job@24/?-work_queue,507.4,384.2,126.0,133.9,492.2
2039,136835903891617,607.0,212.7,364.8,29.5,11.1,569.1,assemble attention plan@24/?-work_queue,Prepare hardware matmul job@24/?-work_queue,604.8,488.6,186.4,195.8,590.7
2040,136835909106570,1066.9,179.8,855.5,31.6,11.1,1030.3,assemble attention plan@24/?-work_queue,Prepare hardware matmul job@24/?-work_queue,1065.0,943.4,127.2,132.9,1051.6
2041,136835914754144,1517.2,638.2,761.0,118.0,65.7,731.7,rx collecting results@148/0-RX-13,prepare streams@25/0-worker,1515.6,1389.0,800.1,815.6,1502.8
2042,136835920852598,1275.7,247.3,999.8,28.6,11.0,1239.7,assemble attention plan@24/?-work_queue,Prepare hardware matmul job@24/?-work_queue,1273.6,1157.1,231.5,235.7,1260.3
2043,136835926735067,562.4,162.8,364.8,34.8,13.1,434.3,notify_listener@25/0-worker,work_queue::do_work get_work@24/?-work_queue,560.4,434.3,117.6,124.0,545.9
2044,136835931877308,1877.5,581.3,1004.4,291.7,158.4,1691.8,assemble attention plan@24/?-work_queue,Prepare hardware matmul job@24/?-work_queue,1875.1,1146.4,208.6,212.6,1860.6
2045,136835938412081,810.6,166.6,611.2,32.8,11.7,773.4,assemble attention plan@24/?-work_queue,Prepare hardware matmul job@24/?-work_queue,808.8,687.1,113.7,121.3,795.0
2046,136835943764039,1413.1,162.2,1215.9,35.1,13.1,1371.7,assemble attention plan@24/?-work_queue,Prepare hardware matmul job@24/?-work_queue,1410.6,1282.7,112.8,122.5,1396.4
2047,136835949789390,1343.8,307.6,1009.3,26.9,10.2,1307.9,assemble attention plan@24/?-work_queue,Prepare hardware matmul job@24/?-work_queue,1342.0,1224.3,274.5,279.6,1327.8
2048,136835955733017,1512.1,807.1,562.3,142.7,99.2,822.8,kernel_add_rmsnorm_71@25/0-worker,prepare streams@25/0-worker,1510.3,1387.2,924.7,936.2,1496.5
2049,136835961866901,1960.3,620.3,1083.0,257.0,136.8,1797.9,assemble attention plan@24/?-work_queue,Prepare hardware matmul job@24/?-work_queue,1958.5,1236.8,222.4,249.7,1945.3
2050,136835968435383,805.3,154.8,613.1,37.4,12.6,767.3,assemble attention plan@24/?-work_queue,Prepare hardware matmul job@24/?-work_queue,803.8,680.1,147.4,152.7,789.7
2051,136835973825821,1853.6,539.3,1071.2,243.1,140.2,1685.3,assemble attention plan@24/?-work_queue,Prepare hardware matmul job@24/?-work_queue,1850.5,1129.9,114.5,119.1,1835.4
2052,136835980307383,921.8,179.7,704.8,37.3,11.1,879.8,assemble attention plan@24/?-work_queue,Prepare hardware matmul job@24/?-work_queue,919.4,799.0,138.0,143.3,901.2
2053,136835985789468,513.8,171.2,310.2,32.4,15.9,461.2,assemble attention plan@24/?-work_queue,Prepare hardware matmul job@24/?-work_queue,511.7,380.3,118.7,135.7,487.5
2054,136835990908002,1943.3,595.0,1094.2,254.1,132.1,1777.5,assemble attention plan@24/?-work_queue,Prepare hardware matmul job@24/?-work_queue,1941.2,1193.3,114.9,125.1,1920.9
2055,136835997463961,1742.2,619.1,997.7,125.4,85.2,696.8,rx collecting results@148/0-RX-13,prepare streams@25/0-worker,1740.0,1603.1,790.5,807.2,1723.7
2056,136836003849568,472.8,162.9,277.5,32.4,12.0,428.6,assemble attention plan@24/?-work_queue,Prepare hardware matmul job@24/?-work_queue,470.2,341.1,117.1,122.0,456.8
2057,136836008905161,1236.4,158.5,1041.6,36.4,14.7,1101.7,notify_listener@25/0-worker,work_queue::do_work get_work@24/?-work_queue,1234.4,1101.7,125.3,129.6,1219.8
2058,136836014743958,550.4,171.7,352.6,26.1,11.3,513.6,assemble attention plan@24/?-work_queue,Prepare hardware matmul job@24/?-work_queue,547.8,422.4,122.5,140.2,534.8
2059,136836019918062,523.6,191.6,284.9,47.0,17.4,385.9,notify_listener@25/0-worker,work_queue::do_work get_work@24/?-work_queue,521.0,385.9,165.8,169.6,505.9
2060,136836025091204,1209.2,674.8,444.9,89.4,57.0,704.8,rx collecting results@148/0-RX-13,prepare streams@25/0-worker,1207.0,1081.6,792.9,805.5,1193.2
2061,136836030910332,565.4,158.3,370.7,36.4,14.2,427.2,notify_listener@25/0-worker,work_queue::do_work get_work@24/?-work_queue,562.7,427.2,121.3,128.8,549.3
2062,136836036093101,2035.2,684.2,1263.3,87.8,52.8,865.0,rx collecting results@148/0-RX-13,prepare streams@25/0-worker,2033.6,1917.5,920.8,977.4,2018.6
2063,136836042747297,1826.7,485.6,1054.2,286.9,160.8,1639.6,assemble attention plan@24/?-work_queue,Prepare hardware matmul job@24/?-work_queue,1824.8,1126.1,122.0,128.5,1810.0
2064,136836049157415,1017.0,166.4,820.1,30.5,11.3,977.3,assemble attention plan@24/?-work_queue,Prepare hardware matmul job@24/?-work_queue,1014.3,895.2,109.9,123.8,998.5
2065,136836054809216,542.1,164.2,352.6,25.3,10.5,505.9,assemble attention plan@24/?-work_queue,Prepare hardware matmul job@24/?-work_queue,539.7,425.0,112.1,118.0,525.7
2066,136836059952012,635.7,184.1,426.3,25.3,9.8,599.8,assemble attention plan@24/?-work_queue,Prepare hardware matmul job@24/?-work_queue,633.1,517.3,174.0,179.0,620.2
2067,136836065211837,1918.7,668.6,1165.9,84.2,53.6,742.4,rx collecting results@148/0-RX-13,prepare streams@25/0-worker,1916.6,1797.2,798.8,805.0,1902.6
2068,136836071746245,591.2,165.9,384.7,40.5,17.1,459.7,notify_listener@25/0-worker,work_queue::do_work get_work@24/?-work_queue,588.5,459.7,111.1,115.7,573.2
2069,136836076955249,2152.8,560.0,1137.0,455.8,324.2,1801.1,assemble attention plan@24/?-work_queue,Prepare hardware matmul job@24/?-work_queue,2150.9,1202.2,121.5,164.9,2135.8
2070,136836083787578,1327.6,170.5,1044.1,113.0,67.0,1108.2,notify_listener@25/0-worker,work_queue::do_work get_work@24/?-work_queue,1325.0,1108.2,132.5,140.0,1310.5
2071,136836089751926,535.0,158.2,348.5,28.3,11.9,496.7,assemble attention plan@24/?-work_queue,Prepare hardware matmul job@24/?-work_queue,532.8,412.7,100.0,104.1,518.5
2072,136836094900387,486.9,152.5,306.4,27.9,11.5,448.6,assemble attention plan@24/?-work_queue,Prepare hardware matmul job@24/?-work_queue,484.8,366.8,125.1,130.6,470.5
2073,136836099958597,497.5,165.4,302.6,29.5,12.5,457.9,assemble attention plan@24/?-work_queue,Prepare hardware matmul job@24/?-work_queue,494.3,377.9,129.7,134.3,480.8
2074,136836105032332,1130.3,175.0,925.5,29.9,10.4,1094.7,assemble attention plan@24/?-work_queue,Prepare hardware matmul job@24/?-work_queue,1128.6,1009.7,138.0,143.9,1114.7
2075,136836110773396,539.7,166.7,343.3,29.7,12.4,501.8,assemble attention plan@24/?-work_queue,Prepare hardware matmul job@24/?-work_queue,538.1,419.6,125.2,130.1,523.4
2076,136836115895357,562.0,163.6,371.2,27.2,10.6,519.9,assemble attention plan@24/?-work_queue,Prepare hardware matmul job@24/?-work_queue,553.9,439.9,120.2,126.1,540.4
2077,136836121089379,1091.1,155.3,908.6,27.3,12.1,1045.8,assemble attention plan@24/?-work_queue,Prepare hardware matmul job@24/?-work_queue,1089.4,965.9,108.7,112.3,1068.0
2078,136836126781263,513.8,148.2,340.1,25.5,9.7,472.2,assemble attention plan@24/?-work_queue,Prepare hardware matmul job@24/?-work_queue,512.6,392.2,118.4,123.9,492.3
2079,136836131883951,1418.2,636.4,649.2,132.6,91.9,725.6,rx collecting results@148/0-RX-13,prepare streams@25/0-worker,1416.4,1287.8,820.0,832.3,1393.7
2080,136836137945313,2145.1,750.1,1164.1,231.0,89.8,736.1,rx collecting results@148/0-RX-13,prepare streams@25/0-worker,2143.5,1776.0,828.5,836.8,2118.4
2081,136836144785890,1363.0,308.7,1014.4,39.9,18.4,1223.0,notify_listener@25/0-worker,work_queue::do_work get_work@24/?-work_queue,1360.5,1223.0,281.7,296.0,1336.9
2082,136836150780378,511.7,150.7,332.2,28.7,11.3,467.8,assemble attention plan@24/?-work_queue,Prepare hardware matmul job@24/?-work_queue,509.7,383.2,110.3,125.7,494.5
2083,136836155972244,1171.4,155.6,982.5,33.3,16.0,1038.1,notify_listener@25/0-worker,work_queue::do_work get_work@24/?-work_queue,1169.1,1038.1,112.6,116.6,1154.1
2084,136836161789302,520.0,169.3,320.9,29.8,11.2,482.2,assemble attention plan@24/?-work_queue,Prepare hardware matmul job@24/?-work_queue,517.7,389.7,121.1,129.6,503.2
2085,136836166967414,522.5,162.7,319.7,40.1,16.5,384.3,notify_listener@25/0-worker,work_queue::do_work get_work@24/?-work_queue,520.7,384.3,119.2,125.1,506.7
2086,136836172167002,1968.9,684.8,1160.3,123.8,76.3,767.4,rx collecting results@148/0-RX-13,prepare streams@25/0-worker,1966.5,1848.4,846.5,912.5,1951.8
2087,136836178787576,486.7,150.6,310.4,25.7,10.5,450.4,assemble attention plan@24/?-work_queue,Prepare hardware matmul job@24/?-work_queue,484.8,367.4,105.8,122.7,471.0
2088,136836183870256,505.8,188.2,283.4,34.2,12.9,465.6,assemble attention plan@24/?-work_queue,Prepare hardware matmul job@24/?-work_queue,503.0,384.3,115.3,155.2,489.1
2089,136836189075570,1850.3,568.1,1010.0,272.1,158.7,1665.5,assemble attention plan@24/?-work_queue,Prepare hardware matmul job@24/?-work_queue,1848.7,1104.1,155.0,165.2,1833.7
2090,136836195575439,717.8,190.6,498.2,29.1,11.7,680.4,assemble attention plan@24/?-work_queue,Prepare hardware matmul job@24/?-work_queue,716.1,594.6,143.4,149.7,702.3
2091,136836200946735,1180.4,147.2,1003.7,29.5,11.6,1143.3,assemble attention plan@24/?-work_queue,Prepare hardware matmul job@24/?-work_queue,1178.4,1062.6,110.5,114.5,1164.7
2092,136836206750719,533.8,160.0,346.7,27.1,10.3,496.8,assemble attention plan@24/?-work_queue,Prepare hardware matmul job@24/?-work_queue,531.8,415.6,120.4,132.6,517.1
2093,136836211969656,1170.9,171.2,971.2,28.5,11.1,1132.7,assemble attention plan@24/?-work_queue,Prepare hardware matmul job@24/?-work_queue,1169.0,1049.3,125.7,139.8,1164.0
2094,136836217775068,1370.5,309.4,1030.5,30.6,12.5,1243.6,notify_listener@25/0-worker,work_queue::do_work get_work@24/?-work_queue,1368.5,1243.6,302.7,309.8,1355.2
2095,136836223809967,1321.2,290.9,1004.7,25.5,9.6,1285.5,assemble attention plan@24/?-work_queue,Prepare hardware matmul job@24/?-work_queue,1319.2,1201.9,246.6,250.2,1304.8
2096,136836229790034,485.2,167.6,281.5,36.0,14.2,354.0,notify_listener@25/0-worker,work_queue::do_work get_work@24/?-work_queue,482.4,354.0,115.8,119.8,468.8
2097,136836234928308,1199.0,153.0,1019.7,26.3,10.2,1162.3,assemble attention plan@24/?-work_queue,Prepare hardware matmul job@24/?-work_queue,1196.7,1081.4,121.4,136.2,1182.3
2098,136836240818039,2002.5,663.9,1049.0,289.6,142.1,1832.5,assemble attention plan@24/?-work_queue,Prepare hardware matmul job@24/?-work_queue,1999.7,1246.4,258.5,262.0,1985.3
2099,136836247474372,800.7,164.6,607.2,28.9,10.9,678.8,notify_listener@25/0-worker,work_queue::do_work get_work@24/?-work_queue,798.6,678.8,123.3,131.7,784.0
2100,136836252900546,1241.0,177.0,1028.8,35.2,14.9,1111.4,notify_listener@25/0-worker,work_queue::do_work get_work@24/?-work_queue,1239.1,1111.4,130.7,160.8,1224.1
2101,136836258881026,1255.0,247.7,966.4,41.0,17.9,1212.0,assemble attention plan@24/?-work_queue,Prepare hardware matmul job@24/?-work_queue,1252.7,1127.9,223.9,234.9,1239.6
2102,136836264739169,504.6,174.2,291.7,38.7,16.5,368.8,notify_listener@25/0-worker,work_queue::do_work get_work@24/?-work_queue,502.8,368.8,130.6,146.5,483.6
2103,136836269918467,1240.8,177.5,1035.5,27.8,11.1,1190.4,assemble attention plan@24/?-work_queue,Prepare hardware matmul job@24/?-work_queue,1237.2,1093.6,113.1,125.0,1211.8
2104,136836275784860,661.0,267.6,360.6,32.8,13.2,525.7,notify_listener@25/0-worker,work_queue::do_work get_work@24/?-work_queue,658.7,525.7,283.8,295.9,634.2
2105,136836281132402,1070.2,185.2,856.1,28.9,12.5,1007.7,assemble attention plan@24/?-work_queue,Prepare hardware matmul job@24/?-work_queue,1067.3,923.4,124.8,138.3,1030.0
2106,136836286876344,1373.0,643.1,631.7,98.2,62.3,703.7,rx collecting results@148/0-RX-13,prepare streams@25/0-worker,1370.6,1240.7,768.8,775.6,1350.3
2107,136836292912647,1772.4,489.8,1020.0,262.6,158.8,1579.0,assemble attention plan@24/?-work_queue,Prepare hardware matmul job@24/?-work_queue,1769.7,1086.6,123.8,141.0,1754.1
2108,136836299336512,893.3,166.4,697.2,29.7,12.0,847.5,assemble attention plan@24/?-work_queue,Prepare hardware matmul job@24/?-work_queue,891.5,766.2,113.6,117.2,878.0
2109,136836304881363,560.3,166.3,365.1,28.9,10.0,515.3,assemble attention plan@24/?-work_queue,Prepare hardware matmul job@24/?-work_queue,558.5,435.5,113.1,116.9,544.7
2110,136836310088375,490.3,154.3,309.2,26.7,11.8,452.3,assemble attention plan@24/?-work_queue,Prepare hardware matmul job@24/?-work_queue,487.1,365.0,112.0,116.1,474.3
2111,136836315292246,558.1,146.9,377.1,34.1,11.3,521.6,assemble attention plan@24/?-work_queue,Prepare hardware matmul job@24/?-work_queue,556.1,431.4,116.9,120.9,542.7
2112,136836320537984,730.2,152.3,546.7,31.2,10.7,594.1,notify_listener@25/0-worker,work_queue::do_work get_work@24/?-work_queue,728.0,594.1,107.8,113.0,713.8
2113,136836326016037,1787.5,595.5,907.4,284.7,170.6,1588.6,assemble attention plan@24/?-work_queue,Prepare hardware matmul job@24/?-work_queue,1784.2,1026.6,114.2,197.8,1769.7
2114,136836332458314,1610.6,378.6,1015.0,217.0,163.5,1067.0,notify_listener@25/0-worker,work_queue::do_work get_work@24/?-work_queue,1608.9,1067.0,122.0,163.5,1595.3
2115,136836338775008,1342.2,176.9,1036.1,129.1,110.3,1120.8,notify_listener@25/0-worker,work_queue::do_work get_work@24/?-work_queue,1340.6,1120.8,142.2,166.4,1327.0
2116,136836344790616,558.2,160.6,366.0,31.5,12.1,519.8,assemble attention plan@24/?-work_queue,Prepare hardware matmul job@24/?-work_queue,556.4,433.9,110.6,122.7,543.0
2117,136836350021169,2020.8,546.9,1044.5,429.4,255.4,1739.3,assemble attention plan@24/?-work_queue,Prepare hardware matmul job@24/?-work_queue,2018.3,1110.1,110.2,126.0,2005.2
2118,136836356727494,1372.5,220.2,1011.6,140.7,95.6,1072.5,notify_listener@25/0-worker,work_queue::do_work get_work@24/?-work_queue,1369.6,1072.5,125.5,138.4,1355.1
2119,136836362772895,579.0,170.1,381.4,27.4,10.9,541.1,assemble attention plan@24/?-work_queue,Prepare hardware matmul job@24/?-work_queue,576.8,459.0,124.0,130.6,562.2
2120,136836367970183,1937.0,606.1,1069.1,261.9,137.9,1773.5,assemble attention plan@24/?-work_queue,Prepare hardware matmul job@24/?-work_queue,1934.4,1134.1,115.0,118.7,1920.5
2121,136836374634484,2088.1,502.0,521.2,1064.9,856.0,596.3,notify_listener@25/0-worker,work_queue::do_work get_work@24/?-work_queue,2088.0,596.3,122.7,126.5,2072.5
2122,136836381377218,862.1,155.2,670.3,36.5,15.6,734.2,notify_listener@25/0-worker,work_queue::do_work get_work@24/?-work_queue,859.1,734.2,120.1,125.2,845.0
2123,136836386920775,469.4,154.8,283.3,31.3,12.5,430.7,assemble attention plan@24/?-work_queue,Prepare hardware matmul job@24/?-work_queue,467.2,347.2,109.1,113.2,453.5
2124,136836392051823,1308.6,676.7,499.0,132.9,80.7,724.7,rx collecting results@148/0-RX-13,prepare streams@25/0-worker,1307.1,1183.7,809.7,830.2,1292.2
2125,136836398025647,521.2,158.9,333.8,28.5,9.9,485.9,assemble attention plan@24/?-work_queue,Prepare hardware matmul job@24/?-work_queue,519.1,402.6,107.8,111.3,505.4
2126,136836403196122,1797.8,482.3,1028.0,287.5,143.5,1628.3,assemble attention plan@24/?-work_queue,Prepare hardware matmul job@24/?-work_queue,1795.7,1070.3,118.4,122.4,1781.9
2127,136836409737913,545.4,156.1,358.3,30.9,11.9,507.3,assemble attention plan@24/?-work_queue,Prepare hardware matmul job@24/?-work_queue,543.2,421.2,112.5,119.0,529.4
2128,136836414932429,1214.3,161.3,1019.7,33.3,12.3,1089.9,notify_listener@25/0-worker,work_queue::do_work get_work@24/?-work_queue,1212.3,1089.9,126.0,138.9,1198.5
2129,136836420888227,1877.1,619.4,970.9,286.8,167.0,1684.4,assemble attention plan@24/?-work_queue,Prepare hardware matmul job@24/?-work_queue,1874.9,1121.4,206.0,215.8,1861.3
2130,136836427446335,781.1,165.8,583.2,32.1,11.7,742.9,assemble attention plan@24/?-work_queue,Prepare hardware matmul job@24/?-work_queue,779.6,656.9,118.8,127.5,764.7
2131,136836432943529,1196.6,249.0,914.8,32.8,11.9,1153.6,assemble attention plan@24/?-work_queue,Prepare hardware matmul job@24/?-work_queue,1190.5,1068.1,196.5,209.4,1176.3
2132,136836438775292,530.5,176.5,321.7,32.2,9.8,483.5,assemble attention plan@24/?-work_queue,Prepare hardware matmul job@24/?-work_queue,527.7,399.5,128.1,131.5,503.4
2133,136836444022756,559.5,167.6,356.0,35.9,18.2,490.0,assemble attention plan@24/?-work_queue,Prepare hardware matmul job@24/?-work_queue,556.3,406.4,103.6,121.8,517.7
2134,136836449219826,1830.8,615.6,986.9,228.3,102.5,1691.5,assemble attention plan@24/?-work_queue,Prepare hardware matmul job@24/?-work_queue,1829.1,1047.3,107.1,111.7,1804.8
2135,136836455752976,602.5,170.6,401.3,30.5,10.9,558.4,assemble attention plan@24/?-work_queue,Prepare hardware matmul job@24/?-work_queue,600.1,475.9,128.2,156.9,579.2
2136,136836460996925,1153.4,157.9,958.6,36.9,12.3,1109.3,assemble attention plan@24/?-work_queue,Prepare hardware matmul job@24/?-work_queue,1151.7,1023.6,127.1,131.3,1137.4
2137,136836466833586,1855.3,528.6,1050.0,276.7,151.3,1668.3,assemble attention plan@24/?-work_queue,Prepare hardware matmul job@24/?-work_queue,1853.0,1104.5,131.0,135.6,1836.6
2138,136836473390621,851.1,173.7,645.3,32.0,13.7,811.0,assemble attention plan@24/?-work_queue,Prepare hardware matmul job@24/?-work_queue,848.4,718.3,121.0,154.4,834.4
2139,136836478955639,1240.3,626.1,519.5,94.7,48.1,711.6,rx collecting results@148/0-RX-13,prepare streams@25/0-worker,1238.0,1108.5,762.7,769.7,1222.4
2140,136836484832012,480.5,165.8,285.2,29.5,11.6,442.1,assemble attention plan@24/?-work_queue,Prepare hardware matmul job@24/?-work_queue,478.6,343.0,109.3,114.1,464.8
2141,136836490032631,473.9,148.2,282.8,42.9,22.8,337.8,notify_listener@25/0-worker,work_queue::do_work get_work@24/?-work_queue,472.2,337.8,108.4,112.9,457.7
2142,136836495181073,1241.7,704.2,453.6,84.0,52.2,740.8,rx collecting results@148/0-RX-13,prepare streams@25/0-worker,1239.9,1118.1,795.8,802.2,1225.8
2143,136836501130586,540.6,160.1,344.4,36.1,15.3,406.0,notify_listener@25/0-worker,work_queue::do_work get_work@24/?-work_queue,538.4,406.0,106.7,123.7,524.0
2144,136836506353235,874.8,179.7,666.4,28.6,12.6,836.7,assemble attention plan@24/?-work_queue,Prepare hardware matmul job@24/?-work_queue,872.8,753.4,136.3,147.2,859.2
2145,136836511938114,1199.3,180.0,985.0,34.3,11.7,1161.5,assemble attention plan@24/?-work_queue,Prepare hardware matmul job@24/?-work_queue,1197.6,1075.4,123.4,260.2,1183.6
2146,136836517801622,503.0,158.7,314.2,30.1,11.4,378.0,notify_listener@25/0-worker,work_queue::do_work get_work@24/?-work_queue,501.2,378.0,116.8,120.6,487.0
2147,136836523017244,1270.1,669.8,510.8,89.4,51.1,754.6,rx collecting results@148/0-RX-13,prepare streams@25/0-worker,1267.6,1136.5,808.3,813.8,1252.7
2148,136836529014685,1129.0,156.5,944.6,27.9,10.2,1093.4,assemble attention plan@24/?-work_queue,Prepare hardware matmul job@24/?-work_queue,1127.0,1010.1,110.5,115.3,1113.7
2149,136836534832801,520.2,210.7,269.6,39.9,15.3,477.3,assemble attention plan@24/?-work_queue,Prepare hardware matmul job@24/?-work_queue,517.3,387.2,157.1,161.0,503.0
2150,136836540015220,1816.5,557.5,1005.5,253.5,144.0,1646.1,assemble attention plan@24/?-work_queue,Prepare hardware matmul job@24/?-work_queue,1813.9,1063.2,108.8,117.5,1800.1
2151,136836546523490,936.0,552.3,355.8,27.8,10.9,898.5,assemble attention plan@24/?-work_queue,Prepare hardware matmul job@24/?-work_queue,933.1,816.8,518.0,522.2,919.5
2152,136836552118847,1048.8,182.5,838.5,27.8,10.6,1011.4,assemble attention plan@24/?-work_queue,Prepare hardware matmul job@24/?-work_queue,1046.5,929.6,137.8,152.7,1031.9
2153,136836557888360,2102.1,581.1,1187.8,333.2,150.8,1925.2,assemble attention plan@24/?-work_queue,Prepare hardware matmul job@24/?-work_queue,2100.0,1391.7,347.7,354.9,2085.9
2154,136836564704073,1393.9,260.3,1031.8,101.8,59.1,1097.2,notify_listener@25/0-worker,work_queue::do_work get_work@24/?-work_queue,1391.1,1097.2,115.1,122.4,1377.4
2155,136836570818475,1410.1,643.4,661.6,105.1,71.6,667.0,rx collecting results@148/0-RX-13,prepare streams@25/0-worker,1407.4,1287.4,741.4,754.1,1392.9
2156,136836576918322,2031.0,562.2,1135.6,333.2,171.2,1828.9,assemble attention plan@24/?-work_queue,Prepare hardware matmul job@24/?-work_queue,2029.1,1198.4,127.2,132.3,2010.8
2157,136836583666761,665.0,169.8,463.8,31.4,12.6,617.3,assemble attention plan@24/?-work_queue,Prepare hardware matmul job@24/?-work_queue,662.7,527.5,114.4,123.1,639.5
2158,136836589027305,1266.5,630.0,510.8,125.7,78.3,718.6,rx collecting results@148/0-RX-13,prepare streams@25/0-worker,1263.9,1131.2,817.3,847.7,1242.6
2159,136836595028119,1807.1,494.1,1057.9,255.1,148.2,1627.0,assemble attention plan@24/?-work_queue,Prepare hardware matmul job@24/?-work_queue,1805.3,1118.3,122.3,149.9,1784.5
2160,136836601508030,1574.3,435.5,1008.8,130.1,74.7,1080.2,notify_listener@25/0-worker,work_queue::do_work get_work@24/?-work_queue,1572.5,1080.2,119.4,140.9,1547.1
2161,136836607814703,2043.6,681.4,1086.1,276.0,157.8,1846.3,assemble attention plan@24/?-work_queue,Prepare hardware matmul job@24/?-work_queue,2043.6,1303.5,281.3,312.4,2014.3
2162,136836614582074,607.6,178.8,401.3,27.5,10.6,563.8,assemble attention plan@24/?-work_queue,Prepare hardware matmul job@24/?-work_queue,605.3,477.4,127.8,133.7,584.1
2163,136836619862357,470.3,159.5,279.6,31.2,11.9,334.0,notify_listener@25/0-worker,work_queue::do_work get_work@24/?-work_queue,468.0,334.0,112.7,122.8,452.5
2164,136836625018156,2101.7,668.0,1268.4,165.4,66.2,1843.3,notify_listener@25/0-worker,work_queue::do_work get_work@24/?-work_queue,2100.3,1843.3,787.5,798.8,2084.8
2165,136836631847105,2258.7,763.1,1257.7,237.9,102.5,1881.9,notify_listener@25/0-worker,work_queue::do_work get_work@24/?-work_queue,2256.5,1881.9,869.9,888.2,2241.3
2166,136836638787083,1453.1,634.7,727.1,91.2,54.1,693.9,rx collecting results@148/0-RX-13,prepare streams@25/0-worker,1450.0,1315.8,751.1,756.9,1436.6
2167,136836644953140,1840.1,578.4,985.2,276.5,155.3,1659.1,assemble attention plan@24/?-work_queue,Prepare hardware matmul job@24/?-work_queue,1838.5,1071.9,142.1,146.7,1823.6
2168,136836651478492,801.8,160.8,613.3,27.7,11.2,764.2,assemble attention plan@24/?-work_queue,Prepare hardware matmul job@24/?-work_queue,799.5,670.8,104.2,110.9,785.7
2169,136836657017592,483.2,156.9,298.0,28.3,11.5,444.9,assemble attention plan@24/?-work_queue,Prepare hardware matmul job@24/?-work_queue,480.2,361.2,113.0,124.4,466.1
2170,136836662194935,994.3,183.4,780.8,30.1,11.3,956.3,assemble attention plan@24/?-work_queue,Prepare hardware matmul job@24/?-work_queue,991.1,870.5,135.7,153.4,977.3
2171,136836667875915,468.5,170.2,264.1,34.3,11.8,430.1,assemble attention plan@24/?-work_queue,Prepare hardware matmul job@24/?-work_queue,466.2,349.7,121.4,131.5,452.2
2172,136836673042916,1239.5,680.8,450.7,107.9,66.4,728.1,rx collecting results@148/0-RX-13,prepare streams@25/0-worker,1237.3,1109.5,796.9,803.4,1222.7
2173,136836679013061,1759.1,482.3,1012.9,263.9,146.5,1586.7,assemble attention plan@24/?-work_queue,Prepare hardware matmul job@24/?-work_queue,1757.3,1077.7,122.5,132.1,1743.3
2174,136836685499279,1576.1,381.2,1034.5,160.4,110.4,1089.6,notify_listener@25/0-worker,work_queue::do_work get_work@24/?-work_queue,1572.3,1089.6,112.1,119.1,1558.6
2175,136836691874289,1248.5,171.3,1021.5,55.6,31.8,1106.2,notify_listener@25/0-worker,work_queue::do_work get_work@24/?-work_queue,1246.1,1106.2,129.6,143.6,1232.6
2176,136836697821326,471.9,155.6,287.3,29.0,11.8,434.0,assemble attention plan@24/?-work_queue,Prepare hardware matmul job@24/?-work_queue,469.9,351.1,119.5,129.0,455.9
2177,136836703036454,1362.1,673.6,413.0,275.5,212.8,709.7,rx collecting results@148/0-RX-13,prepare streams@25/0-worker,1359.8,1240.2,924.2,930.4,1346.7
2178,136836709126211,1061.5,181.3,851.9,28.4,10.7,1024.7,assemble attention plan@24/?-work_queue,Prepare hardware matmul job@24/?-work_queue,1058.6,939.7,131.1,135.4,1045.6
2179,136836714895582,1239.8,158.0,1047.7,34.0,14.3,1113.3,notify_listener@25/0-worker,work_queue::do_work get_work@24/?-work_queue,1237.3,1113.3,113.2,121.3,1223.4
2180,136836720845587,557.0,156.4,371.5,29.1,11.9,519.0,assemble attention plan@24/?-work_queue,Prepare hardware matmul job@24/?-work_queue,557.4,435.3,109.4,114.0,541.4
2181,136836726132256,1910.3,512.3,993.9,404.1,250.9,1632.7,assemble attention plan@24/?-work_queue,Prepare hardware matmul job@24/?-work_queue,1907.8,1071.6,106.3,112.1,1893.3
2182,136836732761048,1381.7,351.4,1000.2,30.2,11.5,1338.9,assemble attention plan@24/?-work_queue,Prepare hardware matmul job@24/?-work_queue,1379.2,1252.3,316.5,320.7,1361.1
2183,136836738844529,1969.2,603.7,1088.0,277.6,146.3,1776.0,assemble attention plan@24/?-work_queue,Prepare hardware matmul job@24/?-work_queue,1966.3,1236.3,219.9,231.0,1932.9
2184,136836745547117,484.5,169.2,283.3,32.0,11.5,422.3,assemble attention plan@24/?-work_queue,Prepare hardware matmul job@24/?-work_queue,482.9,337.7,107.6,111.1,444.2
2185,136836750727884,636.6,182.2,425.5,28.9,10.5,582.9,assemble attention plan@24/?-work_queue,Prepare hardware matmul job@24/?-work_queue,634.3,497.4,131.0,145.9,603.5
2186,136836756062695,552.4,166.4,357.4,28.6,13.9,502.8,assemble attention plan@24/?-work_queue,Prepare hardware matmul job@24/?-work_queue,549.9,420.3,116.7,130.5,535.5
2187,136836761308691,545.5,162.3,352.3,30.9,11.6,499.1,assemble attention plan@24/?-work_queue,Prepare hardware matmul job@24/?-work_queue,543.3,411.6,110.0,115.1,529.1
2188,136836766575754,725.3,172.6,520.3,32.3,10.5,594.1,notify_listener@25/0-worker,work_queue::do_work get_work@24/?-work_queue,723.2,594.1,110.7,162.7,709.7
2189,136836772042986,1287.7,669.3,528.4,90.0,60.9,738.5,rx collecting results@148/0-RX-13,prepare streams@25/0-worker,1285.9,1151.9,800.8,804.4,1272.3
2190,136836778018603,1208.9,617.5,500.5,90.9,53.4,698.9,rx collecting results@148/0-RX-13,prepare streams@25/0-worker,1207.3,1069.7,754.8,761.7,1193.7
2191,136836783989808,1160.7,147.3,972.4,41.0,11.9,1026.3,notify_listener@25/0-worker,work_queue::do_work get_work@24/?-work_queue,1159.0,1026.3,103.6,107.3,1144.9
2192,136836789869410,1921.9,581.9,1016.4,323.6,160.3,1734.7,assemble attention plan@24/?-work_queue,Prepare hardware matmul job@24/?-work_queue,1920.0,1059.4,109.6,113.5,1905.5
2193,136836796548500,749.6,292.8,431.1,25.6,9.9,714.6,assemble attention plan@24/?-work_queue,Prepare hardware matmul job@24/?-work_queue,747.9,630.0,119.8,208.9,734.5
2194,136836802012974,1330.3,642.8,561.9,125.7,67.5,725.4,rx collecting results@148/0-RX-13,prepare streams@25/0-worker,1328.3,1208.7,795.3,802.5,1314.2
2195,136836808071465,2032.4,781.3,1022.5,228.6,87.8,671.8,kernel_add_rmsnorm_71@25/0-worker,prepare streams@25/0-worker,2030.4,1712.6,763.0,769.7,2015.6
2196,136836814835471,546.7,145.7,367.0,34.1,11.8,508.6,assemble attention plan@24/?-work_queue,Prepare hardware matmul job@24/?-work_queue,544.8,424.5,106.0,112.8,531.0
2197,136836820130531,1328.4,696.4,517.9,114.1,53.9,828.4,rx collecting results@148/0-RX-13,prepare streams@25/0-worker,1325.5,1195.1,884.4,889.5,1311.6
2198,136836826181538,1858.9,594.1,989.9,274.9,139.3,1692.9,assemble attention plan@24/?-work_queue,Prepare hardware matmul job@24/?-work_queue,1856.7,1075.6,135.2,142.1,1842.5
2199,136836832779453,511.0,174.1,303.4,33.5,11.6,473.7,assemble attention plan@24/?-work_queue,Prepare hardware matmul job@24/?-work_queue,509.0,389.0,119.1,125.8,494.5
2200,136836838023483,2055.4,776.7,1113.9,164.8,70.3,1751.1,notify_listener@25/0-worker,work_queue::do_work get_work@24/?-work_queue,2053.5,1751.1,777.5,801.8,2039.0
2201,136836844920651,564.4,178.6,355.1,30.8,11.3,526.8,assemble attention plan@24/?-work_queue,Prepare hardware matmul job@24/?-work_queue,562.6,437.9,119.2,123.4,548.6
2202,136836850185180,497.9,184.6,281.5,31.8,12.4,459.3,assemble attention plan@24/?-work_queue,Prepare hardware matmul job@24/?-work_queue,495.9,372.3,123.7,128.4,481.8
2203,136836855417324,2329.2,1000.3,1048.7,280.1,170.3,2134.2,assemble attention plan@24/?-work_queue,Prepare hardware matmul job@24/?-work_queue,2326.9,1598.5,620.7,653.7,2313.7
2204,136836862473555,2318.0,954.9,1049.7,313.5,143.4,2147.6,assemble attention plan@24/?-work_queue,Prepare hardware matmul job@24/?-work_queue,2316.0,1532.6,581.6,601.5,2301.6
2205,136836869535264,1607.8,476.0,1103.0,28.8,11.8,1569.8,assemble attention plan@24/?-work_queue,Prepare hardware matmul job@24/?-work_queue,1605.9,1484.8,527.4,549.6,1591.8
2206,136836875880667,494.5,167.3,298.0,29.2,9.9,369.0,notify_listener@25/0-worker,work_queue::do_work get_work@24/?-work_queue,491.4,369.0,131.2,140.1,476.8
2207,136836881119773,1056.6,171.8,851.3,33.5,12.9,1017.7,assemble attention plan@24/?-work_queue,Prepare hardware matmul job@24/?-work_queue,1054.1,928.4,130.6,137.6,1040.3
2208,136836886870583,1253.4,182.4,1024.2,46.8,22.9,1117.5,notify_listener@25/0-worker,work_queue::do_work get_work@24/?-work_queue,1251.6,1117.5,126.2,141.1,1236.6
2209,136836892811836,577.2,167.6,376.0,33.6,11.6,446.6,notify_listener@25/0-worker,work_queue::do_work get_work@24/?-work_queue,569.5,446.6,124.4,128.2,555.4
2210,136836898117469,476.1,157.8,286.8,31.6,10.8,431.9,assemble attention plan@24/?-work_queue,Prepare hardware matmul job@24/?-work_queue,473.4,348.6,122.7,127.3,452.8
2211,136836903306412,474.2,159.4,288.1,26.7,10.6,430.9,assemble attention plan@24/?-work_queue,Prepare hardware matmul job@24/?-work_queue,472.2,350.3,114.1,118.3,451.6
2212,136836908486221,758.6,156.0,568.7,33.9,12.3,709.6,assemble attention plan@24/?-work_queue,Prepare hardware matmul job@24/?-work_queue,755.7,622.7,110.9,117.8,732.6
2213,136836913984222,586.7,180.0,361.3,45.4,18.8,505.3,assemble attention plan@24/?-work_queue,Prepare hardware matmul job@24/?-work_queue,583.3,422.8,116.7,121.3,534.3
2214,136836919276268,1884.3,686.4,1148.7,49.2,13.0,1823.8,assemble attention plan@24/?-work_queue,Prepare hardware matmul job@24/?-work_queue,1882.7,1733.1,737.5,751.3,1848.8
2215,136836925952555,501.9,163.7,304.9,33.2,13.2,366.3,notify_listener@25/0-worker,work_queue::do_work get_work@24/?-work_queue,499.3,366.3,113.6,120.8,484.5
2216,136836931134130,1047.5,178.7,834.5,34.3,11.4,1000.9,assemble attention plan@24/?-work_queue,Prepare hardware matmul job@24/?-work_queue,1045.4,913.1,132.3,143.1,1031.1
2217,136836936919298,1845.7,534.2,990.4,321.2,160.0,1649.8,assemble attention plan@24/?-work_queue,Prepare hardware matmul job@24/?-work_queue,1843.5,1089.5,177.5,194.0,1828.3
2218,136836943466034,933.7,488.9,416.6,28.2,11.0,889.3,assemble attention plan@24/?-work_queue,Prepare hardware matmul job@24/?-work_queue,931.9,802.4,574.8,579.6,916.7
2219,136836949105507,1082.2,159.7,880.9,41.6,21.0,1034.8,assemble attention plan@24/?-work_queue,Prepare hardware matmul job@24/?-work_queue,1080.6,945.7,124.1,132.6,1065.8
2220,136836954870994,1382.6,641.5,627.2,113.9,64.2,676.2,rx collecting results@148/0-RX-13,prepare streams@25/0-worker,1380.8,1237.7,742.8,756.1,1365.6
2221,136836960996553,591.7,73.9,511.4,6.3,6.2,120.5,rx collecting results@149/0-RX-38,prepare streams@25/0-worker,131.9,591.7,128.5,131.9,
2222,136836962931537,701.5,490.1,6.2,205.2,161.7,512.0,assemble attention plan@24/?-work_queue,Prepare hardware matmul job@24/?-work_queue,699.7,,,,
2223,136836968383509,851.2,153.4,669.5,28.3,11.8,812.3,assemble attention plan@24/?-work_queue,Prepare hardware matmul job@24/?-work_queue,848.4,718.5,112.7,121.5,834.7
2224,136836973930083,1372.1,618.7,652.9,100.5,62.9,756.6,rx collecting results@148/0-RX-13,prepare streams@25/0-worker,1369.8,1251.1,822.0,829.9,1357.2
2225,136836980063317,1254.5,703.5,453.8,97.3,63.2,701.9,rx collecting results@148/0-RX-13,prepare streams@25/0-worker,1252.0,1118.6,780.2,795.4,1238.2
2226,136836986012869,1325.4,695.1,534.9,95.5,50.7,733.8,rx collecting results@148/0-RX-13,prepare streams@25/0-worker,1323.1,1200.8,786.6,791.7,1308.8
2227,136836992075732,1885.2,548.9,1011.2,325.1,174.6,1685.6,assemble attention plan@24/?-work_queue,Prepare hardware matmul job@24/?-work_queue,1883.3,1071.8,116.7,126.8,1870.3
2228,136836998710499,1434.8,401.7,993.8,39.3,12.1,1395.6,assemble attention plan@24/?-work_queue,Prepare hardware matmul job@24/?-work_queue,1432.9,1308.0,341.1,361.9,1417.6
2229,136837004860806,1288.0,177.5,1081.2,29.4,10.7,1249.9,assemble attention plan@24/?-work_queue,Prepare hardware matmul job@24/?-work_queue,1285.3,1161.1,112.1,129.5,1271.2
2230,136837010933123,2135.0,805.8,1093.6,235.6,84.6,528.2,rx collecting results@148/0-RX-13,prepare streams@25/0-worker,2133.3,1597.6,614.4,618.4,2117.8
2231,136837017811970,545.0,171.9,343.0,30.1,11.3,506.7,assemble attention plan@24/?-work_queue,Prepare hardware matmul job@24/?-work_queue,543.0,417.3,119.4,124.2,528.5
2232,136837023077301,465.8,168.6,262.7,34.5,12.7,340.0,notify_listener@25/0-worker,work_queue::do_work get_work@24/?-work_queue,463.7,340.0,100.3,104.5,450.2
2233,136837028229901,961.0,162.3,767.2,31.4,11.6,922.9,assemble attention plan@24/?-work_queue,Prepare hardware matmul job@24/?-work_queue,958.4,833.7,108.7,118.6,944.6
2234,136837033906918,1229.6,207.5,982.5,39.6,14.3,1104.3,notify_listener@25/0-worker,work_queue::do_work get_work@24/?-work_queue,1228.0,1104.3,191.7,200.1,1214.4
2235,136837039880128,1253.6,251.5,972.6,29.4,10.0,1215.0,assemble attention plan@24/?-work_queue,Prepare hardware matmul job@24/?-work_queue,1250.3,1131.8,205.4,217.0,1235.4
2236,136837045874950,2174.6,672.0,1194.4,308.2,125.4,1366.3,notify_listener@25/0-worker,work_queue::do_work get_work@24/?-work_queue,2173.0,1366.3,324.1,330.1,2157.6
2237,136837052815010,1312.1,162.6,1044.3,105.3,83.8,1098.0,notify_listener@25/0-worker,work_queue::do_work get_work@24/?-work_queue,1309.1,1098.0,112.2,117.2,1295.5
2238,136837058859809,495.5,168.2,297.5,29.7,11.9,455.8,assemble attention plan@24/?-work_queue,Prepare hardware matmul job@24/?-work_queue,492.8,368.5,117.9,125.1,478.1
2239,136837064078311,1085.4,187.9,869.1,28.4,11.2,1048.2,assemble attention plan@24/?-work_queue,Prepare hardware matmul job@24/?-work_queue,1082.8,965.9,97.9,102.1,1069.7
2240,136837069925138,1328.0,667.0,554.7,106.3,67.6,698.5,rx collecting results@148/0-RX-13,prepare streams@25/0-worker,1325.7,1204.3,768.2,784.5,1311.3
2241,136837075917383,556.9,206.3,319.1,31.5,12.1,516.6,assemble attention plan@24/?-work_queue,Prepare hardware matmul job@24/?-work_queue,553.5,431.0,191.2,196.0,538.9
2242,136837081189360,1005.0,190.1,785.4,29.5,11.2,967.8,assemble attention plan@24/?-work_queue,Prepare hardware matmul job@24/?-work_queue,1003.5,879.8,141.2,153.1,989.6
2243,136837086924942,1223.4,222.6,962.8,38.0,14.4,1088.5,notify_listener@25/0-worker,work_queue::do_work get_work@24/?-work_queue,1221.5,1088.5,229.4,242.7,1208.2
2244,136837092877746,1256.1,188.4,1032.8,34.8,10.7,1219.0,assemble attention plan@24/?-work_queue,Prepare hardware matmul job@24/?-work_queue,1253.9,1128.2,128.7,136.2,1239.6
2245,136837098915023,1235.0,164.6,1021.0,49.4,13.5,1096.4,notify_listener@25/0-worker,work_queue::do_work get_work@24/?-work_queue,1232.4,1096.4,136.4,142.7,1216.5
2246,136837104874529,2083.0,592.0,1095.0,395.9,278.3,1777.1,assemble attention plan@24/?-work_queue,Prepare hardware matmul job@24/?-work_queue,2080.3,1246.8,240.3,245.5,2065.1
2247,136837111700611,551.2,175.4,348.7,27.1,10.3,513.9,assemble attention plan@24/?-work_queue,Prepare hardware matmul job@24/?-work_queue,548.4,423.8,116.5,122.9,534.4
2248,136837116900930,1264.3,196.2,959.1,109.0,78.2,155.1,rx collecting results@148/0-RX-13,prepare streams@25/0-worker,1262.8,1141.6,236.1,240.8,1248.6
2249,136837122918304,607.9,185.9,391.4,30.6,11.7,553.4,assemble attention plan@24/?-work_queue,Prepare hardware matmul job@24/?-work_queue,605.7,469.2,130.9,144.9,575.9
2250,136837128267770,2549.3,973.6,1307.7,268.0,150.9,2365.5,assemble attention plan@24/?-work_queue,Prepare hardware matmul job@24/?-work_queue,2547.3,1788.6,767.6,787.9,2526.3
2251,136837135605036,724.3,191.7,500.2,32.4,11.0,663.9,assemble attention plan@24/?-work_queue,Prepare hardware matmul job@24/?-work_queue,722.4,574.6,118.0,134.8,685.6
2252,136837141051572,1290.1,655.2,520.1,114.8,63.2,700.8,rx collecting results@148/0-RX-13,prepare streams@25/0-worker,1287.4,1141.0,766.4,787.6,1259.9
2253,136837147099826,1956.6,568.3,1156.5,231.8,106.0,1811.1,assemble attention plan@24/?-work_queue,Prepare hardware matmul job@24/?-work_queue,1954.1,1238.3,126.5,153.8,1927.6
2254,136837153824622,546.0,153.5,358.8,33.7,11.3,501.3,assemble attention plan@24/?-work_queue,Prepare hardware matmul job@24/?-work_queue,543.9,417.6,98.4,102.3,522.3
2255,136837159102433,1079.5,168.5,881.9,29.1,10.2,942.9,notify_listener@25/0-worker,work_queue::do_work get_work@24/?-work_queue,1077.3,942.9,120.8,126.1,1052.2
2256,136837164924418,2164.4,807.6,1129.8,227.0,77.3,1837.3,notify_listener@25/0-worker,work_queue::do_work get_work@24/?-work_queue,2162.1,1837.3,846.9,868.6,2146.6
2257,136837171820049,1343.6,294.9,1007.1,41.6,12.7,1193.3,notify_listener@25/0-worker,work_queue::do_work get_work@24/?-work_queue,1341.3,1193.3,251.6,290.3,1326.3
2258,136837177918414,1221.6,175.6,1017.1,28.9,12.0,1177.8,assemble attention plan@24/?-work_queue,Prepare hardware matmul job@24/?-work_queue,1220.0,1091.4,135.8,156.7,1205.5
2259,136837183903601,1935.7,635.3,1017.8,282.5,140.5,1769.1,assemble attention plan@24/?-work_queue,Prepare hardware matmul job@24/?-work_queue,1932.9,1132.1,187.2,190.5,1919.3
2260,136837190559035,709.2,167.6,510.9,30.8,11.7,575.3,notify_listener@25/0-worker,work_queue::do_work get_work@24/?-work_queue,707.5,575.3,109.7,120.9,692.3
2261,136837195984233,1203.5,168.5,1000.1,34.9,13.8,1064.2,notify_listener@25/0-worker,work_queue::do_work get_work@24/?-work_queue,1202.0,1064.2,118.3,122.0,1188.6
2262,136837201944865,1151.2,693.6,349.5,108.1,69.8,682.0,rx collecting results@148/0-RX-13,prepare streams@25/0-worker,1149.0,1005.6,753.8,761.1,1134.6
2263,136837207820152,1121.2,674.8,350.8,95.6,60.7,684.2,rx collecting results@148/0-RX-13,prepare streams@25/0-worker,1119.7,991.2,747.7,755.0,1105.5
2264,136837213710208,566.4,155.2,380.0,31.3,11.6,529.1,assemble attention plan@24/?-work_queue,Prepare hardware matmul job@24/?-work_queue,564.7,443.4,100.2,104.6,550.9
2265,136837219089424,2030.7,653.2,1136.4,241.0,108.3,1807.9,notify_listener@25/0-worker,work_queue::do_work get_work@24/?-work_queue,2029.2,1807.9,772.8,785.0,2014.1
2266,136837225901267,1233.9,234.2,967.0,32.7,11.4,1196.4,assemble attention plan@24/?-work_queue,Prepare hardware matmul job@24/?-work_queue,1232.0,1110.4,194.8,211.2,1218.1
2267,136837231845991,1287.5,270.2,988.4,28.8,10.0,1250.5,assemble attention plan@24/?-work_queue,Prepare hardware matmul job@24/?-work_queue,1284.8,1162.6,216.2,220.4,1270.5
2268,136837237931851,1830.7,536.6,1001.7,292.4,165.7,1637.5,assemble attention plan@24/?-work_queue,Prepare hardware matmul job@24/?-work_queue,1828.4,1052.1,111.9,124.9,1813.7
2269,136837244488549,1685.6,651.4,949.9,84.2,54.9,700.9,rx collecting results@148/0-RX-13,prepare streams@25/0-worker,1682.8,1564.6,767.2,791.4,1668.2
2270,136837250925344,1212.0,230.1,949.9,32.0,12.3,1083.2,notify_listener@25/0-worker,work_queue::do_work get_work@24/?-work_queue,1210.1,1083.2,122.8,127.1,1195.7
2271,136837256879642,488.5,171.3,287.1,30.0,12.9,448.8,assemble attention plan@24/?-work_queue,Prepare hardware matmul job@24/?-work_queue,486.2,363.7,124.1,129.5,472.4
2272,136837262118498,1288.7,692.9,473.6,122.2,61.1,782.6,rx collecting results@148/0-RX-13,prepare streams@25/0-worker,1286.6,1158.7,847.0,854.0,1273.4
2273,136837268129669,1049.7,163.7,856.4,29.6,12.2,1010.6,assemble attention plan@24/?-work_queue,Prepare hardware matmul job@24/?-work_queue,1048.0,927.2,117.5,124.5,1033.7
2274,136837273885494,1258.2,246.3,980.6,31.3,12.2,1133.4,notify_listener@25/0-worker,work_queue::do_work get_work@24/?-work_queue,1255.8,1133.4,215.0,229.2,1241.6
2275,136837279864415,482.5,159.8,293.7,29.0,10.9,446.5,assemble attention plan@24/?-work_queue,Prepare hardware matmul job@24/?-work_queue,480.6,360.8,110.6,117.2,467.4
2276,136837285053729,1266.4,674.7,481.4,110.2,74.5,816.3,rx collecting results@148/0-RX-13,prepare streams@25/0-worker,1264.2,1139.5,893.0,899.1,1249.0
2277,136837291057268,1124.0,184.3,905.6,34.1,12.7,1083.8,assemble attention plan@24/?-work_queue,Prepare hardware matmul job@24/?-work_queue,1121.5,994.4,134.6,159.7,1107.2
2278,136837296900655,491.5,178.4,273.3,39.8,16.2,444.2,assemble attention plan@24/?-work_queue,Prepare hardware matmul job@24/?-work_queue,489.9,354.7,127.6,133.4,470.2
2279,136837302112065,1074.0,165.0,880.5,28.5,13.5,1026.2,assemble attention plan@24/?-work_queue,Prepare hardware matmul job@24/?-work_queue,1071.8,940.6,121.7,135.1,1051.2
2280,136837307936925,1209.1,188.4,987.7,33.0,13.2,1077.0,notify_listener@25/0-worker,work_queue::do_work get_work@24/?-work_queue,1207.5,1077.0,160.4,165.2,1188.1
2281,136837313884017,1250.0,163.6,1029.8,56.7,33.7,1094.7,notify_listener@25/0-worker,work_queue::do_work get_work@24/?-work_queue,1248.1,1094.7,113.0,121.3,1224.9
2282,136837319882404,1268.4,167.8,1047.9,52.6,16.1,112.5,rx collecting results@148/0-RX-13,prepare streams@25/0-worker,1266.0,1130.5,131.2,135.8,1243.6
2283,136837325860897,1272.8,163.4,1067.4,42.0,23.4,1128.5,notify_listener@25/0-worker,work_queue::do_work get_work@24/?-work_queue,1271.1,1128.5,114.7,118.9,1257.0
2284,136837331869379,585.9,156.7,394.1,35.0,14.5,446.3,notify_listener@25/0-worker,work_queue::do_work get_work@24/?-work_queue,583.5,446.3,119.1,128.7,567.6
2285,136837337185040,543.5,162.5,352.8,28.2,12.1,494.8,assemble attention plan@24/?-work_queue,Prepare hardware matmul job@24/?-work_queue,540.9,409.1,100.6,104.0,516.9
2286,136837342532944,733.2,160.5,540.7,31.9,12.2,593.1,notify_listener@25/0-worker,work_queue::do_work get_work@24/?-work_queue,730.4,593.1,106.9,111.7,714.8
2287,136837348008534,2616.8,1001.1,1282.1,333.6,140.6,2437.5,assemble attention plan@24/?-work_queue,Prepare hardware matmul job@24/?-work_queue,2614.3,1892.1,921.6,927.9,2596.2
2288,136837355393172,841.0,167.4,643.0,30.7,11.2,803.8,assemble attention plan@24/?-work_queue,Prepare hardware matmul job@24/?-work_queue,838.3,707.2,115.0,121.2,824.7
2289,136837360980978,1166.8,172.3,959.9,34.6,11.1,1127.5,assemble attention plan@24/?-work_queue,Prepare hardware matmul job@24/?-work_queue,1164.2,1033.2,127.9,139.2,1149.3
2290,136837366930398,1216.3,175.2,1008.5,32.6,11.1,1179.8,assemble attention plan@24/?-work_queue,Prepare hardware matmul job@24/?-work_queue,1214.9,1077.5,111.3,143.4,1200.0
2291,136837372863583,527.6,168.9,321.7,36.9,13.5,394.8,notify_listener@25/0-worker,work_queue::do_work get_work@24/?-work_queue,526.0,394.8,139.6,153.5,513.1
2292,136837378136759,1859.2,565.7,1038.4,255.1,130.8,1701.5,assemble attention plan@24/?-work_queue,Prepare hardware matmul job@24/?-work_queue,1857.5,1097.7,105.2,120.1,1842.1
2293,136837384736748,1399.4,289.2,1082.7,27.5,11.8,1360.0,assemble attention plan@24/?-work_queue,Prepare hardware matmul job@24/?-work_queue,1397.7,1273.7,327.9,370.6,1382.0
2294,136837390874128,499.2,184.4,282.0,32.9,15.3,458.3,assemble attention plan@24/?-work_queue,Prepare hardware matmul job@24/?-work_queue,497.3,372.4,118.2,149.0,483.3
2295,136837396099913,1072.6,185.7,860.4,26.5,10.4,1035.5,assemble attention plan@24/?-work_queue,Prepare hardware matmul job@24/?-work_queue,1070.8,949.8,131.9,158.5,1056.6
2296,136837401942061,1824.8,520.1,1000.2,304.5,168.9,1629.9,assemble attention plan@24/?-work_queue,Prepare hardware matmul job@24/?-work_queue,1824.4,1069.4,114.4,121.3,1808.4
2297,136837408601499,1613.4,776.5,716.6,120.2,88.7,760.8,rx collecting results@148/0-RX-13,prepare streams@25/0-worker,1611.6,1486.4,868.5,898.6,1596.6
2298,136837414967447,1167.0,176.1,953.8,37.1,12.6,1130.2,assemble attention plan@24/?-work_queue,Prepare hardware matmul job@24/?-work_queue,1164.9,1045.0,145.0,158.9,1151.5
2299,136837420862812,2003.5,610.0,1107.4,286.1,157.2,1819.8,assemble attention plan@24/?-work_queue,Prepare hardware matmul job@24/?-work_queue,2002.0,1185.4,124.2,130.0,1987.3
2300,136837427661340,641.3,157.1,454.9,29.3,12.8,600.5,assemble attention plan@24/?-work_queue,Prepare hardware matmul job@24/?-work_queue,639.8,514.9,107.4,116.7,623.2
2301,136837433073701,536.4,155.8,348.7,32.0,13.5,497.4,assemble attention plan@24/?-work_queue,Prepare hardware matmul job@24/?-work_queue,534.7,407.2,104.5,108.0,521.6
2302,136837438316111,498.2,154.2,311.8,32.2,11.9,459.4,assemble attention plan@24/?-work_queue,Prepare hardware matmul job@24/?-work_queue,495.5,371.6,118.9,127.5,481.1
2303,136837443524902,730.2,279.4,419.3,31.6,12.2,691.4,assemble attention plan@24/?-work_queue,Prepare hardware matmul job@24/?-work_queue,727.7,603.0,136.5,143.2,714.4
2304,136837448968967,1839.6,577.6,991.9,270.1,153.4,1658.8,assemble attention plan@24/?-work_queue,Prepare hardware matmul job@24/?-work_queue,1837.2,1075.6,130.2,137.0,1821.8
2305,136837455570530,712.0,178.9,496.7,36.4,14.6,580.9,notify_listener@25/0-worker,work_queue::do_work get_work@24/?-work_queue,710.6,580.9,128.4,150.4,695.6
2306,136837461014189,1284.8,780.8,396.0,107.9,74.5,760.6,rx collecting results@148/0-RX-13,prepare streams@25/0-worker,1282.5,1162.2,837.1,846.9,1268.6
2307,136837467072088,1098.6,180.3,883.5,34.8,15.7,964.4,notify_listener@25/0-worker,work_queue::do_work get_work@24/?-work_queue,1096.0,964.4,131.2,139.5,1081.1
2308,136837472898953,1831.8,504.5,1049.2,278.1,163.0,1642.3,assemble attention plan@24/?-work_queue,Prepare hardware matmul job@24/?-work_queue,1829.6,1117.2,116.9,121.7,1815.1
2309,136837479519323,1871.7,528.7,1064.9,278.1,125.5,1719.7,assemble attention plan@24/?-work_queue,Prepare hardware matmul job@24/?-work_queue,1869.8,1131.5,131.2,137.0,1855.3
2310,136837486124689,2013.2,732.1,1181.5,99.5,58.8,825.9,rx collecting results@148/0-RX-13,prepare streams@25/0-worker,2010.5,1887.3,886.9,892.6,1995.8
2311,136837492886697,1955.6,536.6,1108.1,310.9,192.1,1734.9,assemble attention plan@24/?-work_queue,Prepare hardware matmul job@24/?-work_queue,1953.7,1173.6,128.9,143.0,1937.5
2312,136837499586347,1855.6,603.1,1022.1,230.3,119.7,1710.3,assemble attention plan@24/?-work_queue,Prepare hardware matmul job@24/?-work_queue,1854.1,1086.7,116.4,120.9,1840.4
2313,136837506220634,2603.2,1239.6,1078.3,285.4,174.1,2396.7,assemble attention plan@24/?-work_queue,Prepare hardware matmul job@24/?-work_queue,2595.6,1786.2,809.3,818.5,2580.2
2314,136837513623167,646.7,152.1,466.7,27.9,11.1,600.7,assemble attention plan@24/?-work_queue,Prepare hardware matmul job@24/?-work_queue,643.7,513.8,107.1,112.4,621.6
2315,136837518993002,554.3,166.4,358.3,29.7,12.3,508.5,assemble attention plan@24/?-work_queue,Prepare hardware matmul job@24/?-work_queue,552.7,419.0,118.7,127.1,530.6
2316,136837524324240,2536.5,1000.5,1250.4,285.6,171.4,2331.1,assemble attention plan@24/?-work_queue,Prepare hardware matmul job@24/?-work_queue,2534.7,1762.8,694.9,707.0,2512.6
2317,136837531612168,696.9,171.1,487.9,37.9,14.2,556.1,notify_listener@25/0-worker,work_queue::do_work get_work@24/?-work_queue,694.5,556.1,128.5,143.6,671.3
2318,136837537201291,1940.5,684.5,1169.1,86.9,41.0,1765.3,notify_listener@25/0-worker,work_queue::do_work get_work@24/?-work_queue,1937.8,1765.3,815.8,828.1,1910.4
2319,136837543889398,1256.2,171.1,1044.8,40.3,11.1,1210.0,assemble attention plan@24/?-work_queue,Prepare hardware matmul job@24/?-work_queue,1253.5,1120.1,119.6,128.3,1232.4
2320,136837549908399,1236.3,181.1,1019.3,35.9,11.7,1188.9,assemble attention plan@24/?-work_queue,Prepare hardware matmul job@24/?-work_queue,1234.1,1101.1,141.0,161.4,1211.6
2321,136837555881911,544.9,156.7,358.9,29.2,11.6,496.7,assemble attention plan@24/?-work_queue,Prepare hardware matmul job@24/?-work_queue,542.7,406.6,96.4,102.9,519.3
2322,136837561172661,697.6,61.1,635.4,1.1,0.7,100.4,rx collecting results@150/0-RX-3b,prepare streams@25/0-worker,107.5,697.6,104.2,107.5,
2323,136837562951919,627.7,412.8,8.3,206.7,169.3,423.5,assemble attention plan@24/?-work_queue,Prepare hardware matmul job@24/?-work_queue,626.0,,,,
2324,136837568375288,874.0,305.3,533.7,35.0,11.5,827.9,assemble attention plan@24/?-work_queue,Prepare hardware matmul job@24/?-work_queue,872.2,739.7,253.7,264.4,857.1
2325,136837573975271,2132.2,676.7,1223.8,231.7,91.3,1811.3,notify_listener@25/0-worker,work_queue::do_work get_work@24/?-work_queue,2129.2,1811.3,733.8,745.6,2115.0
2326,136837580913261,1944.2,529.0,1123.7,291.5,156.0,1753.0,assemble attention plan@24/?-work_queue,Prepare hardware matmul job@24/?-work_queue,1941.9,1181.9,108.6,112.8,1927.7
2327,136837587602841,480.4,171.6,273.6,35.2,14.2,430.2,assemble attention plan@24/?-work_queue,Prepare hardware matmul job@24/?-work_queue,478.4,335.6,113.1,118.6,464.0
2328,136837592880735,1264.7,160.4,1068.7,35.6,11.4,1130.7,notify_listener@25/0-worker,work_queue::do_work get_work@24/?-work_queue,1262.8,1130.7,130.7,148.1,1246.8
2329,136837598934442,1212.8,164.4,1019.4,29.0,11.3,1175.9,assemble attention plan@24/?-work_queue,Prepare hardware matmul job@24/?-work_queue,1210.7,1074.4,109.7,117.5,1197.3
2330,136837604913225,1235.7,159.5,1042.1,34.0,14.8,1097.8,notify_listener@25/0-worker,work_queue::do_work get_work@24/?-work_queue,1233.6,1097.8,111.1,122.7,1220.1
2331,136837610896746,1236.0,154.7,1016.3,65.0,36.9,1075.2,notify_listener@25/0-worker,work_queue::do_work get_work@24/?-work_queue,1233.3,1075.2,114.1,134.1,1218.0
2332,136837616907341,1233.7,170.2,1027.2,36.2,14.5,1101.3,notify_listener@25/0-worker,work_queue::do_work get_work@24/?-work_queue,1231.8,1101.3,125.8,130.2,1217.9
2333,136837622928563,2225.6,774.8,1083.9,367.0,167.9,2031.2,assemble attention plan@24/?-work_queue,Prepare hardware matmul job@24/?-work_queue,2223.8,1453.6,483.9,499.9,2209.6
2334,136837629915846,1229.1,320.8,876.1,32.2,12.6,1189.6,assemble attention plan@24/?-work_queue,Prepare hardware matmul job@24/?-work_queue,1227.6,1101.8,137.2,293.7,1212.2
2335,136837635937676,509.4,155.2,316.6,37.6,12.2,470.4,assemble attention plan@24/?-work_queue,Prepare hardware matmul job@24/?-work_queue,507.6,382.8,132.1,147.9,493.3
2336,136837641188760,995.3,160.7,806.4,28.2,12.2,957.5,assemble attention plan@24/?-work_queue,Prepare hardware matmul job@24/?-work_queue,993.0,873.6,119.9,126.4,979.9
2337,136837646958830,1181.5,165.1,981.4,35.1,14.2,1051.1,notify_listener@25/0-worker,work_queue::do_work get_work@24/?-work_queue,1178.8,1051.1,106.5,119.4,1165.2
2338,136837652853591,1428.0,858.1,447.8,122.1,58.5,910.9,rx collecting results@148/0-RX-13,prepare streams@25/0-worker,1426.6,1302.2,972.1,987.0,1413.0
2339,136837659035735,467.6,161.4,271.4,34.8,15.1,336.5,notify_listener@25/0-worker,work_queue::do_work get_work@24/?-work_queue,465.4,336.5,115.2,120.0,450.9
2340,136837664268390,943.6,171.7,739.7,32.2,12.6,816.0,notify_listener@25/0-worker,work_queue::do_work get_work@24/?-work_queue,941.5,816.0,129.2,162.3,928.3
2341,136837669982450,1334.7,690.8,574.4,69.4,35.2,780.1,rx collecting results@148/0-RX-13,prepare streams@25/0-worker,1332.4,1206.9,817.2,840.7,1317.9
2342,136837676040959,1301.1,855.9,362.5,82.8,53.5,859.1,rx collecting results@148/0-RX-13,prepare streams@25/0-worker,1299.0,1177.5,914.3,921.4,1285.5
2343,136837682083342,1290.6,684.9,467.3,138.5,92.0,730.3,kernel_add_rmsnorm_71@25/0-worker,prepare streams@25/0-worker,1289.0,1157.1,824.2,833.6,1273.8
2344,136837688090929,1824.7,536.3,1007.8,280.5,164.3,1633.8,assemble attention plan@24/?-work_queue,Prepare hardware matmul job@24/?-work_queue,1822.5,1063.4,109.3,116.6,1808.1
2345,136837694665202,675.2,279.0,367.9,28.3,11.5,637.6,assemble attention plan@24/?-work_queue,Prepare hardware matmul job@24/?-work_queue,672.5,551.7,222.2,231.9,659.3
2346,136837700060205,1816.2,557.0,1008.3,250.9,144.3,1646.1,assemble attention plan@24/?-work_queue,Prepare hardware matmul job@24/?-work_queue,1813.9,1073.6,133.5,141.5,1800.6
2347,136837706627864,633.9,161.3,438.4,34.2,12.4,594.0,assemble attention plan@24/?-work_queue,Prepare hardware matmul job@24/?-work_queue,631.3,504.6,118.2,135.3,617.4
2348,136837711999594,2529.8,1043.1,1067.1,419.6,169.7,2335.1,assemble attention plan@24/?-work_queue,Prepare hardware matmul job@24/?-work_queue,2528.3,1734.3,778.5,793.5,2514.5
2349,136837719292122,904.4,174.6,701.9,27.9,12.1,867.5,assemble attention plan@24/?-work_queue,Prepare hardware matmul job@24/?-work_queue,902.7,782.9,135.3,145.6,889.2
2350,136837724914862,1226.6,184.1,1010.7,31.8,11.5,1183.7,assemble attention plan@24/?-work_queue,Prepare hardware matmul job@24/?-work_queue,1223.5,1095.9,132.5,149.5,1205.3
2351,136837730883082,474.0,154.9,292.5,26.5,10.0,433.1,assemble attention plan@24/?-work_queue,Prepare hardware matmul job@24/?-work_queue,471.4,349.4,119.1,127.5,452.9
2352,136837736096826,2066.4,719.0,1176.2,171.3,107.2,804.3,rx collecting results@148/0-RX-13,prepare streams@25/0-worker,2064.1,1907.2,914.4,918.7,2041.5
2353,136837742947878,1339.5,643.8,564.5,131.3,67.4,756.1,rx collecting results@148/0-RX-13,prepare streams@25/0-worker,1337.3,1195.7,826.2,835.5,1311.9
2354,136837749057130,1115.3,163.7,921.9,29.6,11.4,1068.9,assemble attention plan@24/?-work_queue,Prepare hardware matmul job@24/?-work_queue,1113.1,980.5,118.8,130.0,1090.7
2355,136837754917130,1241.7,187.6,1014.5,39.7,14.7,1087.9,notify_listener@25/0-worker,work_queue::do_work get_work@24/?-work_queue,1239.9,1087.9,130.6,137.6,1210.5
2356,136837760922875,571.5,164.9,378.3,28.2,10.2,527.9,assemble attention plan@24/?-work_queue,Prepare hardware matmul job@24/?-work_queue,569.1,441.3,122.9,126.4,555.0
2357,136837766241355,1816.6,585.5,1043.6,187.6,127.5,1095.9,notify_listener@25/0-worker,work_queue::do_work get_work@24/?-work_queue,1814.2,1095.9,117.1,127.9,1798.5
2358,136837772861211,606.2,179.5,387.4,39.2,11.1,568.3,assemble attention plan@24/?-work_queue,Prepare hardware matmul job@24/?-work_queue,604.3,461.3,129.3,144.8,590.1
2359,136837778190169,1008.9,161.2,804.0,43.7,16.1,867.7,notify_listener@25/0-worker,work_queue::do_work get_work@24/?-work_queue,1006.3,867.7,120.5,293.3,992.9
2360,136837783994923,1160.6,172.1,957.9,30.6,11.6,1121.6,assemble attention plan@24/?-work_queue,Prepare hardware matmul job@24/?-work_queue,1157.7,1022.2,110.3,140.1,1143.7
2361,136837789900417,632.8,243.3,353.4,36.1,13.7,493.9,notify_listener@25/0-worker,work_queue::do_work get_work@24/?-work_queue,630.6,493.9,181.5,187.0,616.9
2362,136837795290226,2734.0,1100.3,1129.6,504.2,211.4,1828.4,notify_listener@25/0-worker,work_queue::do_work get_work@24/?-work_queue,2730.7,1828.4,858.3,866.1,2721.6
2363,136837802819601,1726.5,546.0,939.9,240.6,143.0,1557.7,assemble attention plan@24/?-work_queue,Prepare hardware matmul job@24/?-work_queue,1724.1,1059.1,119.4,129.4,1710.1
2364,136837809331828,871.5,177.1,666.2,28.1,11.3,834.0,assemble attention plan@24/?-work_queue,Prepare hardware matmul job@24/?-work_queue,869.4,747.1,130.3,155.8,854.4
2365,136837814939590,550.5,200.4,317.1,33.1,11.8,511.6,assemble attention plan@24/?-work_queue,Prepare hardware matmul job@24/?-work_queue,548.3,420.3,162.1,166.4,533.7
2366,136837820240262,974.2,188.0,742.0,44.2,13.9,840.0,notify_listener@25/0-worker,work_queue::do_work get_work@24/?-work_queue,972.6,840.0,137.0,140.9,958.2
2367,136837825978879,501.0,167.0,301.8,32.2,12.0,461.7,assemble attention plan@24/?-work_queue,Prepare hardware matmul job@24/?-work_queue,498.0,377.7,124.0,130.4,483.7
2368,136837831225188,2708.6,1073.7,1218.2,416.6,167.9,2514.2,assemble attention plan@24/?-work_queue,Prepare hardware matmul job@24/?-work_queue,2705.9,1894.4,848.4,858.6,2692.3
2369,136837838689664,641.4,172.5,436.9,32.0,12.6,602.3,assemble attention plan@24/?-work_queue,Prepare hardware matmul job@24/?-work_queue,638.8,517.7,120.6,154.0,624.8
2370,136837844084654,1090.2,182.1,874.0,34.1,13.5,961.6,notify_listener@25/0-worker,work_queue::do_work get_work@24/?-work_queue,1088.1,961.6,145.3,197.8,1073.8
2371,136837849975202,1159.8,155.5,972.4,31.9,12.4,1120.8,assemble attention plan@24/?-work_queue,Prepare hardware matmul job@24/?-work_queue,1156.4,1034.4,111.6,119.0,1143.2
2372,136837855864782,544.5,160.4,346.3,37.7,15.1,415.1,notify_listener@25/0-worker,work_queue::do_work get_work@24/?-work_queue,541.8,415.1,111.3,114.9,527.7
2373,136837861170325,1009.5,169.3,806.6,33.6,10.9,971.6,assemble attention plan@24/?-work_queue,Prepare hardware matmul job@24/?-work_queue,1007.6,884.6,109.2,120.1,992.7
2374,136837866951879,1794.8,522.4,996.8,275.7,140.7,1628.4,assemble attention plan@24/?-work_queue,Prepare hardware matmul job@24/?-work_queue,1792.5,1052.5,108.3,151.1,1779.1
2375,136837873517079,2478.1,899.7,1098.9,479.4,354.6,2095.3,assemble attention plan@24/?-work_queue,Prepare hardware matmul job@24/?-work_queue,2475.3,1533.0,526.8,536.4,2460.1
2376,136837880789069,2002.2,704.5,1031.8,265.9,153.6,1819.5,assemble attention plan@24/?-work_queue,Prepare hardware matmul job@24/?-work_queue,1999.1,1237.9,272.8,279.9,1983.9
2377,136837887547833,1540.3,304.1,1102.7,133.5,87.2,1178.1,notify_listener@25/0-worker,work_queue::do_work get_work@24/?-work_queue,1537.5,1178.1,128.5,140.0,1523.2
2378,136837893827800,1954.4,592.9,1058.6,302.9,181.3,1745.2,assemble attention plan@24/?-work_queue,Prepare hardware matmul job@24/?-work_queue,1952.5,1125.8,120.7,126.6,1937.9
2379,136837900567688,2223.0,910.7,1023.0,289.3,132.3,2064.0,assemble attention plan@24/?-work_queue,Prepare hardware matmul job@24/?-work_queue,2221.4,1446.8,488.1,505.7,2206.7
2380,136837907583850,671.0,166.2,472.9,31.9,12.6,628.0,assemble attention plan@24/?-work_queue,Prepare hardware matmul job@24/?-work_queue,668.8,541.4,121.7,130.0,649.8
2381,136837913050319,1114.3,162.4,915.5,36.4,14.2,973.4,notify_listener@25/0-worker,work_queue::do_work get_work@24/?-work_queue,1112.2,973.4,110.9,122.8,1090.1
2382,136837918937802,1222.7,166.8,1025.3,30.6,10.8,1084.1,notify_listener@25/0-worker,work_queue::do_work get_work@24/?-work_queue,1221.1,1084.1,117.9,143.4,1200.6
2383,136837925019260,485.7,164.3,288.0,33.3,15.3,338.0,notify_listener@25/0-worker,work_queue::do_work get_work@24/?-work_queue,483.3,338.0,105.7,111.6,450.8
2384,136837930268024,493.0,163.3,302.3,27.4,10.5,445.8,assemble attention plan@24/?-work_queue,Prepare hardware matmul job@24/?-work_queue,490.4,360.2,104.6,110.4,477.5
2385,136837935522256,777.1,181.5,556.7,38.9,12.0,641.0,notify_listener@25/0-worker,work_queue::do_work get_work@24/?-work_queue,775.5,641.0,126.8,143.3,761.7
2386,136837941082105,1085.5,160.0,896.9,28.7,12.7,1045.9,assemble attention plan@24/?-work_queue,Prepare hardware matmul job@24/?-work_queue,1083.3,951.4,111.4,115.6,1069.4
2387,136837946984929,1161.2,169.1,957.7,34.5,14.9,1025.8,notify_listener@25/0-worker,work_queue::do_work get_work@24/?-work_queue,1159.7,1025.8,127.2,132.2,1145.7
2388,136837952942351,1205.3,185.4,971.4,48.5,11.2,1167.4,assemble attention plan@24/?-work_queue,Prepare hardware matmul job@24/?-work_queue,1203.5,1069.6,152.2,155.9,1189.4
2389,136837958937623,2151.9,723.0,1180.0,248.9,106.5,1732.3,notify_listener@25/0-worker,work_queue::do_work get_work@24/?-work_queue,2149.7,1732.3,756.2,761.3,2137.3
2390,136837965889167,1244.7,253.5,951.1,40.1,11.5,1208.3,assemble attention plan@24/?-work_queue,Prepare hardware matmul job@24/?-work_queue,1243.2,1121.7,222.6,268.7,1229.8
2391,136837971934296,538.8,200.5,302.1,36.2,15.9,496.3,assemble attention plan@24/?-work_queue,Prepare hardware matmul job@24/?-work_queue,537.2,409.5,148.5,170.3,522.7
2392,136837977235720,957.3,172.0,756.8,28.5,11.5,918.9,assemble attention plan@24/?-work_queue,Prepare hardware matmul job@24/?-work_queue,954.6,832.7,119.7,126.6,939.9
2393,136837982975293,1184.7,180.8,974.7,29.1,10.3,1146.9,assemble attention plan@24/?-work_queue,Prepare hardware matmul job@24/?-work_queue,1182.3,1061.0,141.7,151.1,1166.7
2394,136837988930081,1205.1,204.2,972.4,28.6,12.2,1165.7,assemble attention plan@24/?-work_queue,Prepare hardware matmul job@24/?-work_queue,1202.9,1081.6,173.7,177.9,1187.7
2395,136837994972809,1160.0,184.8,945.2,30.0,12.2,1122.4,assemble attention plan@24/?-work_queue,Prepare hardware matmul job@24/?-work_queue,1157.9,1038.0,129.3,234.9,1144.5
2396,136838000901809,1985.5,632.5,1040.5,312.5,148.0,1810.9,assemble attention plan@24/?-work_queue,Prepare hardware matmul job@24/?-work_queue,1983.8,1168.0,191.9,204.8,1969.1
2397,136838007700454,574.6,162.5,383.0,29.2,12.7,535.8,assemble attention plan@24/?-work_queue,Prepare hardware matmul job@24/?-work_queue,573.2,449.2,123.0,140.8,558.7
2398,136838013088511,1213.5,735.1,398.7,79.7,43.6,773.9,rx collecting results@148/0-RX-13,prepare streams@25/0-worker,1211.7,1083.4,835.6,858.5,1197.5
2399,136838019119474,2012.0,751.3,1183.2,77.5,52.1,844.8,rx collecting results@148/0-RX-13,prepare streams@25/0-worker,2009.3,1890.8,914.7,925.8,1994.8
2400,136838026010365,2464.0,957.1,1186.8,320.1,132.4,2305.7,assemble attention plan@24/?-work_queue,Prepare hardware matmul job@24/?-work_queue,2462.0,1771.2,823.1,831.6,2448.1
2401,136838033328825,1831.7,659.9,1123.1,48.7,16.8,1675.7,notify_listener@25/0-worker,work_queue::do_work get_work@24/?-work_queue,1830.2,1675.7,691.2,695.0,1813.5
2402,136838039959091,1202.4,187.7,984.6,30.1,11.5,1163.5,assemble attention plan@24/?-work_queue,Prepare hardware matmul job@24/?-work_queue,1198.8,1062.9,128.2,138.5,1184.7
2403,136838045963926,1195.8,176.3,978.8,40.7,13.8,1046.9,notify_listener@25/0-worker,work_queue::do_work get_work@24/?-work_queue,1174.0,1046.9,119.9,125.6,1160.1
2404,136838051985868,1932.5,622.7,1040.8,269.1,165.2,1731.8,assemble attention plan@24/?-work_queue,Prepare hardware matmul job@24/?-work_queue,1930.0,1097.6,111.8,117.8,1906.0
2405,136838058718545,603.4,166.4,407.5,29.6,11.6,558.9,assemble attention plan@24/?-work_queue,Prepare hardware matmul job@24/?-work_queue,600.3,475.4,125.3,155.0,580.2
2406,136838064139834,1029.3,152.9,849.9,26.4,11.5,984.3,assemble attention plan@24/?-work_queue,Prepare hardware matmul job@24/?-work_queue,1027.6,903.3,110.4,123.0,1005.6
2407,136838069981349,1165.8,172.1,961.4,32.3,15.9,1114.0,assemble attention plan@24/?-work_queue,Prepare hardware matmul job@24/?-work_queue,1163.3,1030.7,124.4,130.2,1140.1
2408,136838076018808,1171.0,178.0,957.6,35.3,11.8,1123.6,assemble attention plan@24/?-work_queue,Prepare hardware matmul job@24/?-work_queue,1169.3,1013.4,116.3,120.0,1145.8
2409,136838082013938,1270.5,639.7,524.0,106.8,75.2,710.9,rx collecting results@148/0-RX-13,prepare streams@25/0-worker,1268.0,1129.3,788.4,814.1,1253.2
2410,136838088081972,477.6,165.7,274.9,37.0,13.4,337.3,notify_listener@25/0-worker,work_queue::do_work get_work@24/?-work_queue,475.6,337.3,103.9,108.5,461.6
2411,136838093393016,557.7,162.2,364.4,31.1,12.1,511.7,assemble attention plan@24/?-work_queue,Prepare hardware matmul job@24/?-work_queue,555.0,424.4,121.3,127.5,541.8
2412,136838098740229,523.5,161.8,323.9,37.9,16.2,378.8,notify_listener@25/0-worker,work_queue::do_work get_work@24/?-work_queue,521.8,378.8,109.0,117.8,507.7
2413,136838104032995,1266.7,625.1,550.6,91.1,48.8,751.3,rx collecting results@148/0-RX-13,prepare streams@25/0-worker,1264.8,1125.9,801.7,806.4,1250.4
2414,136838110094969,1946.6,549.0,1119.6,277.9,133.9,1175.3,notify_listener@25/0-worker,work_queue::do_work get_work@24/?-work_queue,1944.7,1175.3,113.5,118.3,1931.0
2415,136838116910151,1227.6,151.1,1040.0,36.4,9.9,1190.9,assemble attention plan@24/?-work_queue,Prepare hardware matmul job@24/?-work_queue,1224.9,1102.7,111.9,116.7,1210.9
2416,136838122908048,579.8,177.1,373.6,29.1,11.3,542.8,assemble attention plan@24/?-work_queue,Prepare hardware matmul job@24/?-work_queue,577.6,454.2,133.8,149.5,564.0
2417,136838128298139,915.6,238.9,649.7,27.0,10.6,877.9,assemble attention plan@24/?-work_queue,Prepare hardware matmul job@24/?-work_queue,913.5,789.9,125.8,142.0,898.1
2418,136838133994952,2736.1,1173.7,1200.1,362.3,154.8,2554.4,assemble attention plan@24/?-work_queue,Prepare hardware matmul job@24/?-work_queue,2733.0,1942.9,850.4,854.8,2719.7
2419,136838141503365,788.4,162.1,587.0,39.3,16.4,656.5,notify_listener@25/0-worker,work_queue::do_work get_work@24/?-work_queue,786.0,656.5,117.4,120.9,772.4
2420,136838147118408,1061.1,177.2,856.2,27.8,11.2,1024.2,assemble attention plan@24/?-work_queue,Prepare hardware matmul job@24/?-work_queue,1058.7,930.9,121.5,130.2,1045.0
2421,136838152981186,1977.8,580.1,1062.2,335.5,152.6,1135.2,notify_listener@25/0-worker,work_queue::do_work get_work@24/?-work_queue,1975.6,1135.2,114.1,133.2,1961.6
2422,136838159743491,1371.2,182.3,1053.7,135.1,85.3,1129.9,notify_listener@25/0-worker,work_queue::do_work get_work@24/?-work_queue,1369.3,1129.9,153.2,157.8,1354.3
2423,136838165931353,599.8,69.0,529.1,1.7,0.7,7.3,legacy tx_launch@3/0-TX-10,Prepare hardware matmul job@24/?-work_queue,134.8,599.8,130.6,134.8,
2424,136838167593321,825.2,483.9,7.9,333.3,289.4,509.2,assemble attention plan@24/?-work_queue,Prepare hardware matmul job@24/?-work_queue,822.7,,,,
2425,136838173219865,977.0,164.0,775.9,37.1,16.2,841.5,notify_listener@25/0-worker,work_queue::do_work get_work@24/?-work_queue,974.1,841.5,104.9,109.5,959.7
2426,136838178999590,1136.9,156.9,949.2,30.8,11.5,1100.7,assemble attention plan@24/?-work_queue,Prepare hardware matmul job@24/?-work_queue,1135.3,1013.2,119.7,129.7,1121.7
2427,136838184958097,572.0,186.1,346.6,39.3,13.5,444.9,notify_listener@25/0-worker,work_queue::do_work get_work@24/?-work_queue,569.6,444.9,133.8,139.6,556.5
2428,136838190293046,1822.6,505.8,1073.8,242.9,123.3,1674.4,assemble attention plan@24/?-work_queue,Prepare hardware matmul job@24/?-work_queue,1821.0,1129.4,118.8,125.6,1807.9
2429,136838196915641,1865.0,522.0,1044.5,298.5,181.7,1654.2,assemble attention plan@24/?-work_queue,Prepare hardware matmul job@24/?-work_queue,1862.0,1101.9,120.9,134.4,1846.5
2430,136838203622280,675.7,161.0,485.3,29.4,12.6,637.0,assemble attention plan@24/?-work_queue,Prepare hardware matmul job@24/?-work_queue,673.5,550.5,118.7,122.1,659.3
2431,136838209081956,1079.9,168.1,883.9,27.9,10.9,1043.9,assemble attention plan@24/?-work_queue,Prepare hardware matmul job@24/?-work_queue,1077.4,955.7,118.8,143.6,1064.8
2432,136838214958362,1977.3,570.5,1079.8,327.1,156.6,1791.3,assemble attention plan@24/?-work_queue,Prepare hardware matmul job@24/?-work_queue,1975.5,1139.8,119.6,124.8,1957.8
2433,136838221757641,1479.9,682.9,681.3,115.7,77.9,750.8,rx collecting results@148/0-RX-13,prepare streams@25/0-worker,1477.9,1348.3,830.9,840.3,1458.9
2434,136838228069229,547.8,155.3,359.0,33.6,11.4,506.8,assemble attention plan@24/?-work_queue,Prepare hardware matmul job@24/?-work_queue,546.2,418.5,114.8,118.2,528.0
2435,136838233428148,1714.9,571.1,1115.2,28.5,11.7,1666.7,assemble attention plan@24/?-work_queue,Prepare hardware matmul job@24/?-work_queue,1713.1,1580.4,617.1,669.6,1688.0
2436,136838239956546,1195.6,182.2,984.5,28.9,11.7,1146.5,assemble attention plan@24/?-work_queue,Prepare hardware matmul job@24/?-work_queue,1193.2,1059.5,117.7,129.5,1168.4
2437,136838245957374,1920.3,523.7,1079.7,316.8,156.2,1728.9,assemble attention plan@24/?-work_queue,Prepare hardware matmul job@24/?-work_queue,1917.8,1131.6,122.8,128.1,1902.6
2438,136838252718320,1385.8,250.3,1002.0,133.5,81.8,1069.1,notify_listener@25/0-worker,work_queue::do_work get_work@24/?-work_queue,1383.9,1069.1,124.2,128.8,1369.4
2439,136838258901927,1251.9,165.5,1038.1,48.3,16.5,1209.9,Prepare hardware matmul job@24/?-work_queue,Prepare hardware matmul job@24/?-work_queue,1250.0,1105.4,111.3,119.0,1235.1
2440,136838265022467,2102.3,699.4,1198.0,204.9,76.7,1773.3,notify_listener@25/0-worker,work_queue::do_work get_work@24/?-work_queue,2100.2,1773.3,811.3,815.7,2086.0
2441,136838271952209,1194.6,156.7,1010.2,27.8,10.3,1158.1,assemble attention plan@24/?-work_queue,Prepare hardware matmul job@24/?-work_queue,1192.8,1055.8,115.0,124.1,1179.0
2442,136838277953170,2082.0,629.4,1154.8,297.8,146.3,1909.6,assemble attention plan@24/?-work_queue,Prepare hardware matmul job@24/?-work_queue,2080.3,1236.3,137.8,165.7,2066.7
2443,136838284848668,489.5,165.7,293.9,29.9,11.1,452.9,assemble attention plan@24/?-work_queue,Prepare hardware matmul job@24/?-work_queue,487.5,362.8,113.9,130.3,474.1
2444,136838290173851,1968.9,662.2,1172.0,134.7,95.0,732.7,rx collecting results@148/0-RX-13,prepare streams@25/0-worker,1966.3,1842.5,829.5,833.4,1952.2
2445,136838296937957,1199.4,184.6,987.9,26.9,10.5,1163.5,assemble attention plan@24/?-work_queue,Prepare hardware matmul job@24/?-work_queue,1196.9,1070.4,129.1,141.5,1183.4
2446,136838302917114,565.2,166.4,363.7,35.1,13.6,429.1,notify_listener@25/0-worker,work_queue::do_work get_work@24/?-work_queue,563.1,429.1,113.1,118.4,549.1
2447,136838308288629,919.5,148.7,734.5,36.3,12.1,882.8,assemble attention plan@24/?-work_queue,Prepare hardware matmul job@24/?-work_queue,917.8,791.1,124.6,214.6,904.9
2448,136838314006549,2617.4,1118.8,1078.2,420.4,177.8,2411.2,assemble attention plan@24/?-work_queue,Prepare hardware matmul job@24/?-work_queue,2615.2,1729.3,771.6,777.8,2598.8
2449,136838321480279,796.3,149.0,614.7,32.6,12.0,756.4,assemble attention plan@24/?-work_queue,Prepare hardware matmul job@24/?-work_queue,793.2,669.9,111.1,120.0,778.5
2450,136838327060350,1113.7,201.2,881.3,31.2,12.5,1075.9,assemble attention plan@24/?-work_queue,Prepare hardware matmul job@24/?-work_queue,1111.0,985.9,159.9,174.3,1106.3
2451,136838332987851,1150.8,166.8,952.0,32.1,11.9,1113.1,assemble attention plan@24/?-work_queue,Prepare hardware matmul job@24/?-work_queue,1148.7,1025.5,118.7,122.8,1135.1
2452,136838338927263,1216.4,159.7,1017.1,39.6,12.3,1175.8,assemble attention plan@24/?-work_queue,Prepare hardware matmul job@24/?-work_queue,1213.4,1090.2,128.5,137.3,1197.3
2453,136838344971394,2065.5,679.1,1076.7,309.7,137.9,1176.1,notify_listener@25/0-worker,work_queue::do_work get_work@24/?-work_queue,2064.1,1176.1,149.3,156.0,2049.5
2454,136838351886830,578.5,171.8,367.5,39.2,13.8,539.4,assemble attention plan@24/?-work_queue,Prepare hardware matmul job@24/?-work_queue,576.6,434.2,127.0,130.7,563.2
2455,136838357260458,945.8,159.3,747.8,38.7,15.3,809.9,notify_listener@25/0-worker,work_queue::do_work get_work@24/?-work_queue,944.1,809.9,120.3,262.2,929.1
2456,136838363014649,1262.9,679.3,480.7,102.9,62.9,739.0,rx collecting results@148/0-RX-13,prepare streams@25/0-worker,1261.1,1134.8,804.6,809.8,1247.3
2457,136838369177894,559.0,169.3,346.6,43.1,21.2,413.9,notify_listener@25/0-worker,work_queue::do_work get_work@24/?-work_queue,556.5,413.9,114.7,125.5,540.9
2458,136838374532849,2295.8,861.3,1084.3,350.3,167.4,2099.7,assemble attention plan@24/?-work_queue,Prepare hardware matmul job@24/?-work_queue,2293.4,1476.1,520.6,525.8,2277.3
2459,136838381650470,1435.4,282.1,1039.4,113.9,59.2,1090.0,notify_listener@25/0-worker,work_queue::do_work get_work@24/?-work_queue,1433.4,1090.0,112.9,123.5,1417.5
2460,136838387888349,1429.1,679.5,481.2,268.4,111.6,15.4,rx collecting results@147/0-RX-10,Launch hardware matmul job@24/?-work_queue,1426.7,1290.7,1034.8,1039.5,1408.0
2461,136838394122738,821.7,179.0,440.2,202.5,178.9,503.7,notify_listener@25/0-worker,work_queue::do_work get_work@24/?-work_queue,818.5,503.7,116.0,119.5,793.8
2462,136838399710242,782.3,334.0,415.4,32.9,12.6,734.1,assemble attention plan@24/?-work_queue,Prepare hardware matmul job@24/?-work_queue,780.0,644.0,343.5,348.3,757.1
2463,136838405314062,1903.6,548.1,1079.9,275.6,153.9,1714.2,assemble attention plan@24/?-work_queue,Prepare hardware matmul job@24/?-work_queue,1901.2,1139.5,112.0,122.0,1878.5
2464,136838411992201,1167.3,160.5,965.6,41.2,17.5,1020.7,notify_listener@25/0-worker,work_queue::do_work get_work@24/?-work_queue,1165.0,1020.7,108.8,118.7,1141.4
2465,136838417980154,1166.8,173.7,965.2,27.9,11.5,1118.8,assemble attention plan@24/?-work_queue,Prepare hardware matmul job@24/?-work_queue,1164.0,1030.4,115.2,119.2,1140.5
2466,136838423978324,1170.4,169.8,964.8,35.8,15.5,1031.2,notify_listener@25/0-worker,work_queue::do_work get_work@24/?-work_queue,1168.1,1031.2,125.4,132.5,1145.8
2467,136838429948347,1196.5,162.1,1005.1,29.3,13.2,1150.8,assemble attention plan@24/?-work_queue,Prepare hardware matmul job@24/?-work_queue,1194.2,1058.4,111.4,131.5,1173.4
2468,136838435922217,1231.0,207.6,989.7,33.8,14.3,1089.6,notify_listener@25/0-worker,work_queue::do_work get_work@24/?-work_queue,1229.0,1089.6,172.2,186.6,1212.9
2469,136838441939663,1207.5,158.9,1017.8,30.7,10.9,1160.5,assemble attention plan@24/?-work_queue,Prepare hardware matmul job@24/?-work_queue,1204.8,1071.6,105.4,116.8,1189.5
2470,136838447932909,1213.5,195.8,984.5,33.2,13.3,1079.1,notify_listener@25/0-worker,work_queue::do_work get_work@24/?-work_queue,1211.7,1079.1,165.2,169.3,1198.2
2471,136838453963892,534.6,171.4,333.6,29.6,12.3,488.5,assemble attention plan@24/?-work_queue,Prepare hardware matmul job@24/?-work_queue,531.9,404.3,114.3,119.3,516.3
2472,136838459284338,938.7,159.8,734.4,44.5,17.0,884.9,assemble attention plan@24/?-work_queue,Prepare hardware matmul job@24/?-work_queue,936.4,787.8,110.0,113.8,922.8
2473,136838465055784,561.6,155.6,374.8,31.2,11.0,517.7,assemble attention plan@24/?-work_queue,Prepare hardware matmul job@24/?-work_queue,559.5,424.9,118.0,121.4,545.0
2474,136838470413965,827.2,147.9,639.3,40.0,15.4,690.6,notify_listener@25/0-worker,work_queue::do_work get_work@24/?-work_queue,825.8,690.6,113.1,122.6,812.1
2475,136838476014938,1304.3,737.0,465.7,101.6,69.6,835.3,rx collecting results@148/0-RX-13,prepare streams@25/0-worker,1302.8,1167.3,907.7,914.0,1287.6
2476,136838482110730,1078.8,155.8,884.7,38.3,17.5,940.2,notify_listener@25/0-worker,work_queue::do_work get_work@24/?-work_queue,1077.0,940.2,110.2,130.9,1063.9
2477,136838487984789,1155.1,185.1,943.3,26.7,10.5,1119.1,assemble attention plan@24/?-work_queue,Prepare hardware matmul job@24/?-work_queue,1153.4,1031.0,112.1,155.9,1138.9
2478,136838493914184,1224.7,223.2,963.0,38.5,13.4,1096.0,notify_listener@25/0-worker,work_queue::do_work get_work@24/?-work_queue,1222.3,1096.0,146.4,189.4,1208.0
2479,136838499940495,2096.8,1031.1,712.6,353.1,143.0,1926.6,assemble attention plan@24/?-work_queue,Prepare hardware matmul job@24/?-work_queue,2093.7,1364.8,903.1,907.5,2080.3
2480,136838506839267,554.7,155.6,368.9,30.2,11.8,517.4,assemble attention plan@24/?-work_queue,Prepare hardware matmul job@24/?-work_queue,552.9,431.6,116.2,123.9,538.6
2481,136838512198484,998.7,196.9,767.9,33.9,11.9,960.2,assemble attention plan@24/?-work_queue,Prepare hardware matmul job@24/?-work_queue,996.0,872.0,152.5,166.0,982.2
2482,136838517990811,1146.3,163.1,946.3,37.0,12.1,1109.8,assemble attention plan@24/?-work_queue,Prepare hardware matmul job@24/?-work_queue,1144.3,1024.0,127.5,132.1,1131.5
2483,136838523930182,1864.7,595.6,1006.1,263.0,147.2,1692.3,assemble attention plan@24/?-work_queue,Prepare hardware matmul job@24/?-work_queue,1862.1,1082.5,133.2,143.5,1849.4
2484,136838530599545,650.9,163.4,455.7,31.9,10.7,615.1,assemble attention plan@24/?-work_queue,Prepare hardware matmul job@24/?-work_queue,649.2,527.6,114.2,124.3,635.4
2485,136838536005741,2110.6,660.2,1221.7,228.7,120.4,1851.4,notify_listener@25/0-worker,work_queue::do_work get_work@24/?-work_queue,2109.0,1851.4,740.6,749.1,2094.6
2486,136838542964178,1172.2,208.5,929.7,34.0,11.0,1047.3,notify_listener@25/0-worker,work_queue::do_work get_work@24/?-work_queue,1169.9,1047.3,159.5,166.3,1155.3
2487,136838548918558,543.8,163.1,351.1,29.6,10.7,506.5,assemble attention plan@24/?-work_queue,Prepare hardware matmul job@24/?-work_queue,542.0,416.4,107.8,111.6,528.5
2488,136838554272981,1863.4,658.9,1158.4,46.2,16.3,1820.7,assemble attention plan@24/?-work_queue,Prepare hardware matmul job@24/?-work_queue,1861.2,1735.6,741.9,745.9,1847.0
2489,136838560930425,1863.6,551.1,1018.4,294.1,169.6,1667.1,assemble attention plan@24/?-work_queue,Prepare hardware matmul job@24/?-work_queue,1861.5,1075.9,115.8,127.8,1847.1
2490,136838567582255,1556.4,458.7,1049.5,48.2,14.7,1426.5,notify_listener@25/0-worker,work_queue::do_work get_work@24/?-work_queue,1554.1,1426.5,477.1,486.7,1541.6
2491,136838573924957,1214.5,221.5,960.7,32.3,11.2,1175.8,assemble attention plan@24/?-work_queue,Prepare hardware matmul job@24/?-work_queue,1211.1,1087.7,168.0,173.7,1196.4
2492,136838579959685,1181.0,172.7,976.5,31.9,13.5,1051.4,notify_listener@25/0-worker,work_queue::do_work get_work@24/?-work_queue,1178.9,1051.4,115.9,132.6,1163.8
2493,136838585923464,544.8,217.1,293.4,34.3,11.7,507.2,assemble attention plan@24/?-work_queue,Prepare hardware matmul job@24/?-work_queue,542.5,419.5,172.5,176.6,528.5
2494,136838591289163,928.5,175.9,715.3,37.3,15.4,794.4,notify_listener@25/0-worker,work_queue::do_work get_work@24/?-work_queue,926.6,794.4,123.3,143.6,911.7
2495,136838597015675,2117.6,750.6,1310.9,56.1,20.2,1975.1,notify_listener@25/0-worker,work_queue::do_work get_work@24/?-work_queue,2116.2,1975.1,1001.2,1009.4,2098.2
2496,136838603960766,1178.4,150.7,997.8,29.8,12.6,1135.1,assemble attention plan@24/?-work_queue,Prepare hardware matmul job@24/?-work_queue,1175.7,1049.1,112.0,124.9,1157.1
2497,136838609955962,1197.4,160.2,1004.0,33.2,11.2,1148.4,assemble attention plan@24/?-work_queue,Prepare hardware matmul job@24/?-work_queue,1194.5,1057.0,104.1,108.3,1171.6
2498,136838615984619,1169.1,165.6,972.1,31.5,11.1,1124.7,assemble attention plan@24/?-work_queue,Prepare hardware matmul job@24/?-work_queue,1166.9,1035.7,112.5,124.9,1145.5
2499,136838621958468,1921.7,561.2,1036.0,324.5,157.1,1732.3,assemble attention plan@24/?-work_queue,Prepare hardware matmul job@24/?-work_queue,1919.7,1096.6,129.9,144.4,1899.5
2500,136838628710574,566.3,156.3,383.4,26.6,11.1,520.8,assemble attention plan@24/?-work_queue,Prepare hardware matmul job@24/?-work_queue,563.9,433.8,105.1,112.6,541.2
2501,136838634062594,551.9,160.6,355.5,35.8,14.5,410.0,notify_listener@25/0-worker,work_queue::do_work get_work@24/?-work_queue,549.3,410.0,105.3,114.1,533.9
2502,136838639470911,1684.7,585.1,1063.1,36.5,12.3,1626.4,assemble attention plan@24/?-work_queue,Prepare hardware matmul job@24/?-work_queue,1682.8,1542.4,574.5,580.3,1667.5
2503,136838645948879,1816.3,585.1,990.7,240.6,119.3,1662.0,assemble attention plan@24/?-work_queue,Prepare hardware matmul job@24/?-work_queue,1813.7,1089.5,167.8,174.8,1798.4
2504,136838652617651,1524.2,402.1,1066.8,55.3,28.2,1371.7,notify_listener@25/0-worker,work_queue::do_work get_work@24/?-work_queue,1522.1,1371.7,424.7,431.2,1508.8
2505,136838658960702,1196.1,163.8,997.6,34.7,12.8,1146.0,assemble attention plan@24/?-work_queue,Prepare hardware matmul job@24/?-work_queue,1194.0,1053.8,105.7,110.7,1180.1
2506,136838664994371,1154.5,177.0,939.4,38.1,13.6,1016.7,notify_listener@25/0-worker,work_queue::do_work get_work@24/?-work_queue,1151.6,1016.7,128.5,137.2,1141.9
2507,136838670926280,1219.2,159.5,1026.9,32.8,11.6,1180.7,assemble attention plan@24/?-work_queue,Prepare hardware matmul job@24/?-work_queue,1216.9,1083.2,103.9,117.9,1202.3
2508,136838676991647,1952.1,578.0,1029.9,344.2,176.3,1749.1,assemble attention plan@24/?-work_queue,Prepare hardware matmul job@24/?-work_queue,1949.5,1091.4,119.8,168.4,1934.7
2509,136838683740311,578.8,289.2,258.2,31.4,9.9,541.7,assemble attention plan@24/?-work_queue,Prepare hardware matmul job@24/?-work_queue,576.0,455.0,108.3,268.0,561.7
2510,136838689103312,1232.6,632.2,484.1,116.4,66.9,737.5,rx collecting results@148/0-RX-13,prepare streams@25/0-worker,1230.7,1098.1,838.6,904.7,1216.2
2511,136838695149516,2719.0,1061.5,1353.4,304.2,157.8,2533.8,assemble attention plan@24/?-work_queue,Prepare hardware matmul job@24/?-work_queue,2716.9,1891.8,887.4,893.1,2702.3
2512,136838702707496,577.7,228.8,319.4,29.6,13.5,536.1,assemble attention plan@24/?-work_queue,Prepare hardware matmul job@24/?-work_queue,574.7,451.0,130.3,136.9,559.3
2513,136838708099097,578.1,164.4,384.6,29.1,12.8,538.8,assemble attention plan@24/?-work_queue,Prepare hardware matmul job@24/?-work_queue,576.4,451.0,116.3,121.3,562.1
2514,136838713504148,749.5,177.7,541.7,30.1,10.3,713.2,assemble attention plan@24/?-work_queue,Prepare hardware matmul job@24/?-work_queue,747.8,625.1,133.4,139.1,733.6
2515,136838719037485,2065.8,754.9,1122.2,188.7,76.4,1761.8,notify_listener@25/0-worker,work_queue::do_work get_work@24/?-work_queue,2063.8,1761.8,819.3,854.8,2050.8
2516,136838725947564,1189.9,180.0,979.7,30.3,9.7,1153.2,assemble attention plan@24/?-work_queue,Prepare hardware matmul job@24/?-work_queue,1186.2,1063.6,123.9,130.4,1172.4
2517,136838731991862,1186.2,688.9,379.8,117.5,80.5,703.0,rx collecting results@148/0-RX-13,prepare streams@25/0-worker,1183.6,1054.0,786.5,791.9,1170.0
2518,136838738022070,1993.3,545.4,1145.0,302.9,160.3,1803.4,assemble attention plan@24/?-work_queue,Prepare hardware matmul job@24/?-work_queue,1990.9,1209.6,124.5,131.6,1973.5
2519,136838744851878,1288.0,259.6,995.1,33.2,10.7,1250.1,assemble attention plan@24/?-work_queue,Prepare hardware matmul job@24/?-work_queue,1285.9,1156.6,211.8,216.1,1271.6
2520,136838750973329,572.1,179.3,359.7,33.1,16.4,530.0,assemble attention plan@24/?-work_queue,Prepare hardware matmul job@24/?-work_queue,570.3,442.0,131.2,136.2,556.5
2521,136838756462327,771.9,166.8,575.1,30.0,11.3,734.2,assemble attention plan@24/?-work_queue,Prepare hardware matmul job@24/?-work_queue,770.0,646.5,153.4,164.9,756.0
2522,136838762041104,1296.3,667.1,510.9,118.2,80.4,733.9,rx collecting results@148/0-RX-13,prepare streams@25/0-worker,1294.7,1169.3,816.5,857.3,1280.8
2523,136838768131051,1908.1,575.9,1071.4,260.8,133.9,1747.2,assemble attention plan@24/?-work_queue,Prepare hardware matmul job@24/?-work_queue,1906.6,1137.0,140.1,165.8,1891.7
2524,136838774899559,1231.3,174.5,1022.5,34.3,12.1,1193.7,assemble attention plan@24/?-work_queue,Prepare hardware matmul job@24/?-work_queue,1229.2,1104.7,133.4,138.9,1215.1
2525,136838780959568,1182.4,178.6,977.2,26.6,10.7,1139.8,assemble attention plan@24/?-work_queue,Prepare hardware matmul job@24/?-work_queue,1180.0,1054.3,146.5,154.9,1160.0
2526,136838786993789,1174.9,167.2,976.8,30.9,11.3,1128.6,assemble attention plan@24/?-work_queue,Prepare hardware matmul job@24/?-work_queue,1172.9,1041.3,120.9,127.3,1149.3
2527,136838792989166,1188.8,182.0,972.4,34.4,14.1,1035.0,notify_listener@25/0-worker,work_queue::do_work get_work@24/?-work_queue,1186.7,1035.0,129.0,133.9,1150.1
2528,136838799035227,494.7,159.5,303.5,31.6,11.4,448.9,assemble attention plan@24/?-work_queue,Prepare hardware matmul job@24/?-work_queue,492.4,358.5,113.2,116.3,477.7
2529,136838804339751,884.7,169.3,676.2,39.3,19.1,739.8,notify_listener@25/0-worker,work_queue::do_work get_work@24/?-work_queue,882.5,739.8,111.2,144.6,868.5
2530,136838810078709,1167.5,236.2,901.8,29.6,12.2,1128.9,assemble attention plan@24/?-work_queue,Prepare hardware matmul job@24/?-work_queue,1165.7,961.5,126.3,131.0,1151.6
2531,136838816044968,2128.2,701.9,1348.9,77.4,29.7,935.2,rx collecting results@148/0-RX-13,prepare streams@25/0-worker,2126.7,1962.1,967.4,992.7,2112.6
2532,136838823017327,1306.6,679.6,474.7,152.3,115.0,702.0,kernel_add_rmsnorm_71@25/0-worker,prepare streams@25/0-worker,1303.3,1143.2,820.0,828.9,1289.8
2533,136838829153534,491.4,159.1,292.9,39.4,18.9,347.2,notify_listener@25/0-worker,work_queue::do_work get_work@24/?-work_queue,489.5,347.2,101.7,108.4,476.1
2534,136838834474659,805.6,159.8,616.6,29.1,10.7,768.2,assemble attention plan@24/?-work_queue,Prepare hardware matmul job@24/?-work_queue,803.5,669.9,106.2,110.7,789.7
2535,136838840130605,1074.2,174.8,859.4,40.0,17.7,925.2,notify_listener@25/0-worker,work_queue::do_work get_work@24/?-work_queue,1071.9,925.2,127.2,130.7,1057.3
2536,136838846042920,1332.5,645.8,570.3,116.4,56.6,802.5,rx collecting results@148/0-RX-13,prepare streams@25/0-worker,1330.7,1184.6,860.8,865.1,1316.4
2537,136838852190537,1965.5,683.6,1156.8,125.1,86.8,720.8,rx collecting results@148/0-RX-13,prepare streams@25/0-worker,1963.6,1819.8,811.7,895.6,1949.4
2538,136838859016838,2117.1,673.2,1333.3,110.7,49.9,900.3,rx collecting results@148/0-RX-13,prepare streams@25/0-worker,2114.3,1954.1,952.8,969.4,2099.8
2539,136838866019221,592.7,176.7,375.4,40.6,15.2,448.5,notify_listener@25/0-worker,work_queue::do_work get_work@24/?-work_queue,590.6,448.5,118.5,127.5,576.4
2540,136838871426118,1708.9,631.4,1042.2,35.3,10.9,1672.4,assemble attention plan@24/?-work_queue,Prepare hardware matmul job@24/?-work_queue,1706.5,1581.2,611.9,620.2,1693.0
2541,136838878055607,1109.1,155.4,919.1,34.6,11.6,978.7,notify_listener@25/0-worker,work_queue::do_work get_work@24/?-work_queue,1106.7,978.7,119.4,131.7,1092.8
2542,136838883988607,573.9,169.1,375.8,29.0,10.9,537.5,assemble attention plan@24/?-work_queue,Prepare hardware matmul job@24/?-work_queue,572.0,446.8,125.2,129.3,557.9
2543,136838889408866,819.8,167.1,621.7,31.0,11.4,689.1,notify_listener@25/0-worker,work_queue::do_work get_work@24/?-work_queue,818.3,689.1,122.4,128.5,804.3
2544,136838895018590,1281.4,764.3,412.9,104.2,67.6,789.7,rx collecting results@148/0-RX-13,prepare streams@25/0-worker,1278.9,1152.2,859.4,909.3,1265.3
2545,136838901175904,1022.1,200.4,783.5,38.2,15.0,884.1,notify_listener@25/0-worker,work_queue::do_work get_work@24/?-work_queue,1020.3,884.1,151.3,157.3,1006.9
2546,136838907057722,1104.9,162.3,915.4,27.2,10.9,1067.8,assemble attention plan@24/?-work_queue,Prepare hardware matmul job@24/?-work_queue,1102.7,981.2,116.7,174.2,1088.3
2547,136838913069277,1100.8,165.3,898.2,37.4,17.0,963.2,notify_listener@25/0-worker,work_queue::do_work get_work@24/?-work_queue,1098.4,963.2,120.7,126.0,1085.4
2548,136838918985415,2103.7,813.1,1101.8,188.8,83.6,1750.3,notify_listener@25/0-worker,work_queue::do_work get_work@24/?-work_queue,2101.5,1750.3,711.5,717.4,2086.9
2549,136838925941391,633.7,210.9,388.2,34.5,14.3,497.6,notify_listener@25/0-worker,work_queue::do_work get_work@24/?-work_queue,631.0,497.6,199.5,211.8,616.2
2550,136838931445890,791.7,175.3,584.0,32.4,11.1,749.9,assemble attention plan@24/?-work_queue,Prepare hardware matmul job@24/?-work_queue,788.9,660.7,125.5,137.0,770.1
2551,136838937178500,1032.7,175.8,821.3,35.6,12.1,892.1,notify_listener@25/0-worker,work_queue::do_work get_work@24/?-work_queue,1029.8,892.1,129.7,136.1,1009.7
2552,136838943052748,1130.6,155.5,939.9,35.2,16.1,1081.0,assemble attention plan@24/?-work_queue,Prepare hardware matmul job@24/?-work_queue,1128.1,986.6,108.2,111.5,1106.9
2553,136838949011216,496.4,163.6,296.7,36.1,16.4,355.4,notify_listener@25/0-worker,work_queue::do_work get_work@24/?-work_queue,494.8,355.4,114.5,118.3,475.2
2554,136838954375852,911.3,356.3,526.0,28.9,9.8,866.5,assemble attention plan@24/?-work_queue,Prepare hardware matmul job@24/?-work_queue,908.7,776.8,308.5,328.3,894.5
2555,136838960102735,1210.7,630.0,454.1,126.6,62.4,712.0,rx collecting results@148/0-RX-13,prepare streams@25/0-worker,1208.5,1068.4,807.8,811.9,1193.8
2556,136838966147574,1050.5,175.4,843.5,31.7,12.4,1011.1,assemble attention plan@24/?-work_queue,Prepare hardware matmul job@24/?-work_queue,1048.5,907.1,120.3,129.0,1033.9
2557,136838972049307,1236.0,627.7,511.9,96.4,60.1,654.9,rx collecting results@148/0-RX-13,prepare streams@25/0-worker,1234.4,1086.7,716.7,721.9,1220.7
2558,136838978169412,1976.8,662.1,1185.3,129.3,57.8,759.8,rx collecting results@148/0-RX-13,prepare streams@25/0-worker,1974.5,1793.1,821.3,850.3,1959.1
2559,136838985002610,2147.5,623.8,1179.5,344.1,160.8,1960.0,assemble attention plan@24/?-work_queue,Prepare hardware matmul job@24/?-work_queue,2145.4,1234.3,127.3,137.6,2131.0
2560,136838992034407,1314.5,668.9,516.5,129.1,71.2,753.5,rx collecting results@148/0-RX-13,prepare streams@25/0-worker,1312.5,1169.3,826.7,830.2,1298.0
2561,136838998200270,997.3,211.4,747.6,38.4,17.4,858.0,notify_listener@25/0-worker,work_queue::do_work get_work@24/?-work_queue,995.0,858.0,117.4,179.2,981.5
2562,136839004060913,1315.6,697.3,505.3,113.0,59.6,819.1,rx collecting results@148/0-RX-13,prepare streams@25/0-worker,1312.5,1188.1,881.4,888.0,1298.5
2563,136839010255077,568.3,166.0,366.8,35.5,13.8,433.4,notify_listener@25/0-worker,work_queue::do_work get_work@24/?-work_queue,566.5,433.4,112.9,116.6,552.6
2564,136839015677983,630.6,162.9,437.4,30.4,10.8,594.8,assemble attention plan@24/?-work_queue,Prepare hardware matmul job@24/?-work_queue,628.3,502.6,112.5,125.4,615.0
2565,136839021127296,1244.0,714.5,445.3,84.2,50.8,804.3,rx collecting results@148/0-RX-13,prepare streams@25/0-worker,1241.7,1110.8,858.3,862.4,1228.0
2566,136839027201116,984.9,163.0,793.8,28.0,10.9,947.2,assemble attention plan@24/?-work_queue,Prepare hardware matmul job@24/?-work_queue,982.5,857.8,112.5,128.3,967.6
2567,136839033043537,477.0,154.8,285.6,36.7,13.5,343.2,notify_listener@25/0-worker,work_queue::do_work get_work@24/?-work_queue,475.3,343.2,105.1,109.2,461.2
2568,136839038371584,1674.5,536.8,1006.0,131.7,73.8,1066.7,notify_listener@25/0-worker,work_queue::do_work get_work@24/?-work_queue,1672.0,1066.7,113.7,117.3,1658.4
2569,136839044934897,468.4,157.7,277.0,33.7,13.4,337.2,notify_listener@25/0-worker,work_queue::do_work get_work@24/?-work_queue,467.9,337.2,111.5,116.3,452.7
2570,136839050211569,977.3,169.8,780.7,26.8,11.4,940.0,assemble attention plan@24/?-work_queue,Prepare hardware matmul job@24/?-work_queue,974.7,851.7,126.2,146.9,961.2
2571,136839056104969,2095.0,1062.3,910.8,121.8,73.1,1135.0,rx collecting results@148/0-RX-13,prepare streams@25/0-worker,2092.6,1960.6,1211.1,1219.6,2079.1
2572,136839063019444,1315.4,763.8,444.2,107.4,72.1,780.5,rx collecting results@148/0-RX-13,prepare streams@25/0-worker,1313.2,1183.4,854.7,860.0,1298.9
2573,136839069236020,490.3,162.7,290.7,36.9,13.4,357.8,notify_listener@25/0-worker,work_queue::do_work get_work@24/?-work_queue,488.7,357.8,123.9,131.5,474.4
2574,136839074614759,1521.2,444.4,1038.8,38.0,11.8,1482.7,assemble attention plan@24/?-work_queue,Prepare hardware matmul job@24/?-work_queue,1518.8,1391.9,431.7,439.0,1504.5
2575,136839081063942,1141.1,302.2,800.2,38.7,15.7,1008.4,notify_listener@25/0-worker,work_queue::do_work get_work@24/?-work_queue,1139.6,1008.4,268.1,289.8,1125.3
2576,136839087056996,1114.5,183.4,900.7,30.4,12.5,1076.2,assemble attention plan@24/?-work_queue,Prepare hardware matmul job@24/?-work_queue,1112.0,984.5,139.1,155.5,1098.2
2577,136839093034796,1274.1,685.1,500.0,88.9,49.4,769.9,rx collecting results@148/0-RX-13,prepare streams@25/0-worker,1271.5,1140.0,821.3,835.7,1257.6
2578,136839099206516,2555.4,1097.1,1177.6,280.7,141.8,2371.0,assemble attention plan@24/?-work_queue,Prepare hardware matmul job@24/?-work_queue,2552.9,1798.7,809.5,820.0,2522.3
2579,136839106690255,646.9,162.5,443.3,41.1,15.0,507.0,notify_listener@25/0-worker,work_queue::do_work get_work@24/?-work_queue,645.3,507.0,119.0,128.2,626.9
2580,136839112175733,1021.7,166.6,824.5,30.6,10.6,883.6,notify_listener@25/0-worker,work_queue::do_work get_work@24/?-work_queue,1019.7,883.6,107.2,115.6,997.7
2581,136839118061856,1116.7,168.2,912.9,35.6,15.3,972.8,notify_listener@25/0-worker,work_queue::do_work get_work@24/?-work_queue,1114.6,972.8,110.4,115.8,1089.7
2582,136839124080519,1235.9,750.0,357.8,128.1,98.1,722.0,kernel_add_rmsnorm_71@25/0-worker,prepare streams@25/0-worker,1234.1,1099.1,822.5,843.5,1217.2
2583,136839130185574,1962.2,629.6,1219.5,113.0,58.7,766.4,rx collecting results@148/0-RX-13,prepare streams@25/0-worker,1960.7,1823.9,827.6,832.7,1945.4
2584,136839137089757,1274.2,603.4,575.0,95.8,55.3,749.4,rx collecting results@148/0-RX-13,prepare streams@25/0-worker,1272.5,1132.4,806.5,814.1,1257.6
2585,136839143208107,1002.5,168.0,796.3,38.3,13.4,856.5,notify_listener@25/0-worker,work_queue::do_work get_work@24/?-work_queue,999.9,856.5,145.5,157.6,984.9
2586,136839149284262,1805.8,548.2,1080.7,176.9,98.6,1139.0,notify_listener@25/0-worker,work_queue::do_work get_work@24/?-work_queue,1804.3,1139.0,123.4,234.8,1788.7
2587,136839155978883,1176.4,188.6,941.2,46.6,15.9,1031.4,notify_listener@25/0-worker,work_queue::do_work get_work@24/?-work_queue,1174.7,1031.4,147.2,172.9,1161.4
2588,136839162027766,1993.1,634.6,1040.2,318.3,175.2,1788.9,assemble attention plan@24/?-work_queue,Prepare hardware matmul job@24/?-work_queue,1991.1,1101.8,118.8,122.7,1976.8
2589,136839168957271,1185.6,205.3,946.6,33.7,15.3,1053.0,notify_listener@25/0-worker,work_queue::do_work get_work@24/?-work_queue,1183.1,1053.0,114.8,166.7,1169.4
2590,136839175011627,2024.5,644.7,1096.1,283.7,146.2,1852.2,assemble attention plan@24/?-work_queue,Prepare hardware matmul job@24/?-work_queue,2022.4,1208.6,124.9,140.2,2008.7
2591,136839181977949,487.9,170.9,283.4,33.5,14.0,352.2,notify_listener@25/0-worker,work_queue::do_work get_work@24/?-work_queue,485.9,352.2,114.1,119.9,471.4
2592,136839187313642,475.4,161.3,285.7,28.4,10.8,440.0,assemble attention plan@24/?-work_queue,Prepare hardware matmul job@24/?-work_queue,473.8,347.9,115.2,119.2,460.4
2593,136839192664666,607.6,179.7,392.8,35.2,15.9,475.1,notify_listener@25/0-worker,work_queue::do_work get_work@24/?-work_queue,604.9,475.1,121.1,136.2,591.6
2594,136839198101558,1072.8,164.2,876.8,31.8,12.5,1033.6,assemble attention plan@24/?-work_queue,Prepare hardware matmul job@24/?-work_queue,1070.6,940.3,122.3,125.4,1056.8
2595,136839204182095,1009.4,186.5,784.6,38.3,15.5,872.0,notify_listener@25/0-worker,work_queue::do_work get_work@24/?-work_queue,1007.4,872.0,122.0,128.8,992.8
2596,136839210034794,1283.3,733.5,404.1,145.7,78.7,843.0,kernel_add_rmsnorm_71@25/0-worker,prepare streams@25/0-worker,1281.1,1155.3,923.6,927.3,1267.1
2597,136839216237588,970.5,172.4,763.1,35.0,15.2,829.0,notify_listener@25/0-worker,work_queue::do_work get_work@24/?-work_queue,968.3,829.0,117.1,121.6,953.0
2598,136839222031160,543.6,172.8,340.0,30.7,10.1,506.9,assemble attention plan@24/?-work_queue,Prepare hardware matmul job@24/?-work_queue,541.4,414.1,113.5,116.8,526.9
2599,136839227473843,2567.0,1003.2,735.9,827.9,736.9,1229.9,notify_listener@25/0-worker,work_queue::do_work get_work@24/?-work_queue,2565.5,1229.9,572.6,576.6,2551.2
2600,136839234899313,1238.6,165.0,1028.1,45.5,17.7,1195.0,assemble attention plan@24/?-work_queue,Prepare hardware matmul job@24/?-work_queue,1236.7,1096.3,115.8,126.0,1221.6
2601,136839241005821,1166.2,171.8,963.4,31.0,12.2,1035.5,notify_listener@25/0-worker,work_queue::do_work get_work@24/?-work_queue,1163.7,1035.5,126.2,142.4,1149.6
2602,136839247093784,1092.4,184.6,873.0,34.8,11.5,1054.7,assemble attention plan@24/?-work_queue,Prepare hardware matmul job@24/?-work_queue,1090.5,946.9,117.4,126.1,1077.1
2603,136839253079888,1103.3,171.6,895.2,36.4,17.1,961.8,notify_listener@25/0-worker,work_queue::do_work get_work@24/?-work_queue,1100.9,961.8,148.2,164.3,1083.2
2604,136839259057294,1274.9,633.6,570.2,71.1,39.0,705.6,rx collecting results@148/0-RX-13,prepare streams@25/0-worker,1273.2,1139.1,747.7,752.6,1253.8
2605,136839265190736,1823.4,513.8,1022.9,286.8,130.8,1649.9,assemble attention plan@24/?-work_queue,Prepare hardware matmul job@24/?-work_queue,1821.9,1086.0,123.4,127.4,1791.5
2606,136839271961809,1360.0,636.3,607.3,116.4,66.9,746.2,rx collecting results@148/0-RX-13,prepare streams@25/0-worker,1350.3,1225.8,815.5,825.4,1336.1
2607,136839278346888,895.0,185.9,674.7,34.4,12.3,756.1,notify_listener@25/0-worker,work_queue::do_work get_work@24/?-work_queue,893.1,756.1,151.5,165.0,878.6
2608,136839284124074,1064.3,168.4,862.9,33.0,12.4,1014.5,assemble attention plan@24/?-work_queue,Prepare hardware matmul job@24/?-work_queue,1062.2,924.1,124.9,149.5,1044.6
2609,136839290060970,1323.2,680.6,537.7,104.9,49.7,855.9,rx collecting results@148/0-RX-13,prepare streams@25/0-worker,1321.7,1182.0,931.1,947.3,1306.4
2610,136839296282270,1864.0,644.8,1176.0,43.2,11.4,1825.6,assemble attention plan@24/?-work_queue,Prepare hardware matmul job@24/?-work_queue,1861.3,1724.9,749.8,774.6,1846.5
2611,136839303026499,1129.9,166.3,929.8,33.8,13.7,987.7,notify_listener@25/0-worker,work_queue::do_work get_work@24/?-work_queue,1128.3,987.7,119.6,131.5,1114.0
2612,136839309057359,1267.7,672.5,481.1,114.1,74.1,696.8,rx collecting results@148/0-RX-13,prepare streams@25/0-worker,1266.0,1141.4,806.5,845.9,1251.2
2613,136839315227652,971.0,200.0,736.5,34.5,15.0,835.4,notify_listener@25/0-worker,work_queue::do_work get_work@24/?-work_queue,968.8,835.4,122.3,158.3,954.5
2614,136839321108777,1196.9,695.9,390.6,110.4,63.4,730.6,rx collecting results@148/0-RX-13,prepare streams@25/0-worker,1195.1,1068.2,797.0,844.1,1180.7
2615,136839327198738,1894.9,532.2,1039.0,323.7,160.7,1706.6,assemble attention plan@24/?-work_queue,Prepare hardware matmul job@24/?-work_queue,1892.6,1099.0,136.7,148.5,1877.6
2616,136839333983541,1159.5,161.2,967.2,31.1,13.5,1119.1,assemble attention plan@24/?-work_queue,Prepare hardware matmul job@24/?-work_queue,1157.1,1033.9,108.1,114.9,1146.8
2617,136839340063901,496.5,164.7,297.5,34.4,13.1,364.8,notify_listener@25/0-worker,work_queue::do_work get_work@24/?-work_queue,494.9,364.8,113.7,120.9,480.2
2618,136839345436868,479.5,171.4,277.4,30.6,12.0,440.9,assemble attention plan@24/?-work_queue,Prepare hardware matmul job@24/?-work_queue,476.8,334.1,113.1,123.5,463.4
2619,136839350778280,532.4,205.5,283.7,43.2,14.3,396.5,notify_listener@25/0-worker,work_queue::do_work get_work@24/?-work_queue,529.7,396.5,163.0,190.8,515.7
2620,136839356194375,1948.0,762.2,1077.5,108.3,71.6,825.2,rx collecting results@148/0-RX-13,prepare streams@25/0-worker,1946.0,1818.4,899.2,919.1,1932.1
2621,136839363029907,1304.7,652.2,544.0,108.5,54.2,804.3,rx collecting results@148/0-RX-13,prepare streams@25/0-worker,1302.5,1167.9,860.3,864.3,1289.0
2622,136839369226094,972.3,158.5,779.8,34.1,12.3,934.3,assemble attention plan@24/?-work_queue,Prepare hardware matmul job@24/?-work_queue,970.1,844.8,103.8,116.8,956.0
2623,136839375079323,1097.3,178.8,878.7,39.9,16.6,959.6,notify_listener@25/0-worker,work_queue::do_work get_work@24/?-work_queue,1094.3,959.6,126.7,150.8,1080.0
2624,136839381074709,1315.3,712.4,479.1,123.7,93.2,777.3,rx collecting results@148/0-RX-13,prepare streams@25/0-worker,1312.7,1187.7,873.2,877.6,1299.2
2625,136839387290994,925.7,160.7,725.2,39.8,12.3,791.2,notify_listener@25/0-worker,work_queue::do_work get_work@24/?-work_queue,923.4,791.2,99.7,105.5,908.3
2626,136839393183226,1010.5,162.3,815.3,32.9,11.8,972.2,assemble attention plan@24/?-work_queue,Prepare hardware matmul job@24/?-work_queue,1008.0,877.4,116.4,119.9,993.9
2627,136839399078135,1096.5,178.0,878.8,39.7,13.5,962.9,notify_listener@25/0-worker,work_queue::do_work get_work@24/?-work_queue,1094.0,962.9,149.8,162.9,1079.5
2628,136839405085137,1077.3,166.8,882.7,27.9,10.9,1039.8,assemble attention plan@24/?-work_queue,Prepare hardware matmul job@24/?-work_queue,1075.3,950.5,115.1,119.6,1060.6
2629,136839411066681,1317.2,702.3,520.7,94.1,53.5,786.1,rx collecting results@148/0-RX-13,prepare streams@25/0-worker,1315.4,1186.3,870.7,880.6,1301.0
2630,136839417343446,1789.9,689.6,1051.0,49.3,23.2,1646.8,notify_listener@25/0-worker,work_queue::do_work get_work@24/?-work_queue,1788.2,1646.8,685.1,692.0,1773.8
2631,136839424051973,1136.1,178.6,920.1,37.5,16.7,991.3,notify_listener@25/0-worker,work_queue::do_work get_work@24/?-work_queue,1133.4,991.3,131.2,139.3,1112.2
2632,136839430061549,485.7,164.3,283.6,37.8,18.8,431.8,assemble attention plan@24/?-work_queue,Prepare hardware matmul job@24/?-work_queue,483.2,338.2,98.3,102.3,460.2
2633,136839435435692,568.5,171.1,362.0,35.3,12.3,420.0,notify_listener@25/0-worker,work_queue::do_work get_work@24/?-work_queue,563.2,420.0,111.5,114.9,537.8
2634,136839440914137,1233.7,182.2,1020.4,31.1,11.5,1186.8,assemble attention plan@24/?-work_queue,Prepare hardware matmul job@24/?-work_queue,1231.2,1090.8,130.9,142.9,1207.8
2635,136839447142288,1050.5,196.1,818.6,35.8,15.7,907.4,notify_listener@25/0-worker,work_queue::do_work get_work@24/?-work_queue,1047.9,907.4,142.5,145.8,1026.1
2636,136839453081918,483.4,157.5,290.6,35.3,11.6,435.8,assemble attention plan@24/?-work_queue,Prepare hardware matmul job@24/?-work_queue,481.2,345.7,105.1,110.1,457.4
2637,136839458446709,824.0,168.9,616.4,38.7,14.6,683.2,notify_listener@25/0-worker,work_queue::do_work get_work@24/?-work_queue,821.4,683.2,128.2,143.8,801.8
2638,136839464179787,2676.5,1092.8,1211.6,372.1,180.8,2459.5,assemble attention plan@24/?-work_queue,Prepare hardware matmul job@24/?-work_queue,2674.1,1853.3,853.8,868.9,2651.0
2639,136839471755486,2332.1,623.6,1099.0,609.5,546.0,1264.6,notify_listener@25/0-worker,work_queue::do_work get_work@24/?-work_queue,2330.1,1264.6,310.2,315.7,2306.4
2640,136839478987139,476.0,161.6,282.3,32.1,11.7,431.0,assemble attention plan@24/?-work_queue,Prepare hardware matmul job@24/?-work_queue,474.4,339.5,106.2,110.8,452.4
2641,136839484338103,901.6,172.4,695.6,33.6,12.6,844.1,assemble attention plan@24/?-work_queue,Prepare hardware matmul job@24/?-work_queue,899.2,747.2,114.1,124.7,884.2
2642,136839490192278,1002.9,182.4,789.8,30.7,10.1,959.0,assemble attention plan@24/?-work_queue,Prepare hardware matmul job@24/?-work_queue,1000.9,872.0,134.7,139.9,986.2
2643,136839496031478,2093.7,703.2,1140.8,249.7,120.7,1741.3,notify_listener@25/0-worker,work_queue::do_work get_work@24/?-work_queue,2090.2,1741.3,777.1,781.0,2076.3
2644,136839503061047,1117.7,168.9,911.9,37.0,10.9,1080.4,assemble attention plan@24/?-work_queue,Prepare hardware matmul job@24/?-work_queue,1115.4,979.1,116.2,136.9,1101.1
2645,136839509085157,1944.5,604.1,1022.4,318.0,149.7,1758.9,assemble attention plan@24/?-work_queue,Prepare hardware matmul job@24/?-work_queue,1941.9,1076.6,108.1,112.9,1926.3
2646,136839515978241,1942.1,611.5,1040.0,290.6,169.5,1745.7,assemble attention plan@24/?-work_queue,Prepare hardware matmul job@24/?-work_queue,1940.5,1123.8,109.8,151.8,1924.9
2647,136839522979967,1914.5,637.2,990.4,287.0,171.5,1714.7,assemble attention plan@24/?-work_queue,Prepare hardware matmul job@24/?-work_queue,1911.9,1088.9,112.6,171.6,1896.2
2648,136839529835209,1319.4,263.6,1013.5,42.4,17.2,1274.5,assemble attention plan@24/?-work_queue,Prepare hardware matmul job@24/?-work_queue,1316.8,1174.0,238.8,242.7,1301.6
2649,136839536056764,1900.0,580.6,1030.7,288.7,146.7,1725.6,assemble attention plan@24/?-work_queue,Prepare hardware matmul job@24/?-work_queue,1897.7,1090.7,123.2,128.2,1883.0
2650,136839542891489,1250.4,167.1,1048.0,35.3,12.4,1211.1,assemble attention plan@24/?-work_queue,Prepare hardware matmul job@24/?-work_queue,1248.7,1118.7,113.3,122.6,1233.8
2651,136839549048829,2817.4,1300.2,1177.3,339.8,166.0,2623.4,assemble attention plan@24/?-work_queue,Prepare hardware matmul job@24/?-work_queue,2814.2,2013.7,1044.2,1045.5,2799.3
2652,136839556822695,596.5,170.0,397.5,29.0,11.8,558.7,assemble attention plan@24/?-work_queue,Prepare hardware matmul job@24/?-work_queue,594.2,466.0,119.3,123.5,580.1
2653,136839562271818,1771.7,585.5,1002.1,184.1,81.7,1081.3,notify_listener@25/0-worker,work_queue::do_work get_work@24/?-work_queue,1769.3,1081.3,148.7,175.2,1754.6
2654,136839568996324,475.4,172.6,273.5,29.3,11.3,437.7,assemble attention plan@24/?-work_queue,Prepare hardware matmul job@24/?-work_queue,473.5,347.7,119.4,123.8,458.6
2655,136839574365198,556.6,173.7,355.4,27.5,10.2,520.0,assemble attention plan@24/?-work_queue,Prepare hardware matmul job@24/?-work_queue,554.7,430.7,132.7,136.9,540.0
2656,136839579835359,1294.6,207.6,1012.3,74.7,54.5,1117.1,notify_listener@25/0-worker,work_queue::do_work get_work@24/?-work_queue,1291.4,1117.1,168.4,173.9,1276.2
2657,136839586032390,562.9,165.2,361.9,35.8,15.9,427.3,notify_listener@25/0-worker,work_queue::do_work get_work@24/?-work_queue,560.5,427.3,112.7,117.0,546.1
2658,136839591570766,2825.5,1348.3,1209.9,267.3,145.6,2651.9,assemble attention plan@24/?-work_queue,Prepare hardware matmul job@24/?-work_queue,2822.7,1708.9,579.4,597.9,2807.8
2659,136839599344365,2705.8,1267.4,1239.8,198.6,116.9,1667.1,notify_listener@25/0-worker,work_queue::do_work get_work@24/?-work_queue,2703.0,1667.1,707.2,719.5,2684.5
2660,136839606941099,2104.1,723.2,1109.2,271.6,127.5,1943.5,assemble attention plan@24/?-work_queue,Prepare hardware matmul job@24/?-work_queue,2101.0,1194.2,174.2,178.3,2081.6
2661,136839613996185,567.2,173.7,360.4,33.1,11.8,519.3,assemble attention plan@24/?-work_queue,Prepare hardware matmul job@24/?-work_queue,565.0,419.4,109.4,113.3,541.7
2662,136839619485411,789.1,186.8,567.9,34.4,14.0,727.9,assemble attention plan@24/?-work_queue,Prepare hardware matmul job@24/?-work_queue,787.4,634.4,117.3,125.3,752.0
2663,136839625285185,1170.4,668.8,466.4,35.2,12.4,1120.8,assemble attention plan@24/?-work_queue,Prepare hardware matmul job@24/?-work_queue,1168.1,1031.8,731.8,738.2,1151.6
2664,136839631340322,565.9,171.6,354.8,39.6,16.2,516.8,assemble attention plan@24/?-work_queue,Prepare hardware matmul job@24/?-work_queue,564.1,420.1,111.7,116.8,549.8
2665,136839636775859,568.6,169.2,370.9,28.5,11.4,522.6,assemble attention plan@24/?-work_queue,Prepare hardware matmul job@24/?-work_queue,566.4,431.9,110.2,120.6,552.6
2666,136839642277081,1885.3,665.9,1118.5,100.8,56.8,676.4,rx collecting results@148/0-RX-13,prepare streams@25/0-worker,1883.1,1734.7,757.5,783.6,1867.9
2667,136839649054162,1977.5,658.2,1069.8,249.5,120.4,1830.9,assemble attention plan@24/?-work_queue,Prepare hardware matmul job@24/?-work_queue,1974.9,1125.6,105.6,110.0,1960.8
2668,136839655965264,1992.0,711.0,987.2,293.8,127.4,1040.6,notify_listener@25/0-worker,work_queue::do_work get_work@24/?-work_queue,1990.3,1040.6,107.1,118.9,1975.6
2669,136839662905841,501.2,160.0,299.5,41.6,12.8,372.6,add_tokens@24/?-work_queue,compute_forward_args@24/?-work_queue,498.5,358.6,117.9,122.7,485.9
2670,136839668313097,900.7,204.8,656.9,39.0,18.8,762.0,notify_listener@25/0-worker,work_queue::do_work get_work@24/?-work_queue,897.5,762.0,120.5,179.4,883.7
2671,136839674116397,1284.1,679.7,480.2,124.3,89.4,746.5,rx collecting results@148/0-RX-13,prepare streams@25/0-worker,1281.3,1152.2,838.8,849.3,1267.2
2672,136839680283750,1857.9,722.5,1098.3,37.1,14.7,1721.4,notify_listener@25/0-worker,work_queue::do_work get_work@24/?-work_queue,1855.7,1721.4,749.0,764.3,1840.6
2673,136839687057110,1099.1,166.2,905.7,27.2,10.5,1062.3,assemble attention plan@24/?-work_queue,Prepare hardware matmul job@24/?-work_queue,1097.4,972.3,105.2,111.7,1083.5
2674,136839693061449,1103.8,165.6,903.9,34.4,14.4,972.0,notify_listener@25/0-worker,work_queue::do_work get_work@24/?-work_queue,1101.1,972.0,108.4,115.5,1086.7
2675,136839699103656,507.2,174.2,302.5,30.5,11.4,468.3,assemble attention plan@24/?-work_queue,Prepare hardware matmul job@24/?-work_queue,504.4,378.7,142.3,153.8,489.5
2676,136839704512989,739.2,216.2,489.2,33.7,14.6,605.4,notify_listener@25/0-worker,work_queue::do_work get_work@24/?-work_queue,736.6,605.4,152.5,168.3,722.6
2677,136839710184015,1013.6,171.9,814.4,27.2,10.8,977.1,assemble attention plan@24/?-work_queue,Prepare hardware matmul job@24/?-work_queue,1011.8,883.4,116.1,120.9,997.7
2678,136839716076727,1099.9,170.8,892.0,37.1,15.6,960.2,notify_listener@25/0-worker,work_queue::do_work get_work@24/?-work_queue,1098.3,960.2,107.4,111.4,1081.5
2679,136839722123619,1053.2,185.4,833.4,34.4,9.8,1016.8,assemble attention plan@24/?-work_queue,Prepare hardware matmul job@24/?-work_queue,1051.3,924.4,129.0,138.5,1037.4
2680,136839728080602,1105.7,176.0,885.8,44.0,21.6,959.5,notify_listener@25/0-worker,work_queue::do_work get_work@24/?-work_queue,1103.8,959.5,130.8,134.5,1088.6
2681,136839734150945,499.4,175.0,292.4,32.0,12.5,459.8,assemble attention plan@24/?-work_queue,Prepare hardware matmul job@24/?-work_queue,497.3,367.4,125.0,129.2,482.8
2682,136839739499997,2641.6,1086.1,1119.9,435.6,157.1,2457.2,assemble attention plan@24/?-work_queue,Prepare hardware matmul job@24/?-work_queue,2638.9,1789.3,836.6,844.7,2625.0
2683,136839747130768,1060.5,164.4,868.9,27.2,11.6,1022.2,assemble attention plan@24/?-work_queue,Prepare hardware matmul job@24/?-work_queue,1057.9,933.7,137.8,145.6,1043.7
2684,136839753101982,510.3,174.1,300.6,35.6,12.3,369.5,notify_listener@25/0-worker,work_queue::do_work get_work@24/?-work_queue,508.7,369.5,123.0,127.2,486.7
2685,136839758494119,764.7,172.7,561.7,30.3,11.1,719.6,assemble attention plan@24/?-work_queue,Prepare hardware matmul job@24/?-work_queue,763.1,623.7,108.7,115.0,741.2
2686,136839764174172,2001.6,713.7,1164.1,123.7,54.7,778.5,rx collecting results@148/0-RX-13,prepare streams@25/0-worker,1999.0,1830.8,835.8,841.3,1955.8
2687,136839771149661,568.0,169.4,367.8,30.7,11.6,522.1,assemble attention plan@24/?-work_queue,Prepare hardware matmul job@24/?-work_queue,565.8,426.2,120.8,125.3,544.3
2688,136839776619328,691.8,178.6,473.2,39.9,19.2,545.4,notify_listener@25/0-worker,work_queue::do_work get_work@24/?-work_queue,689.4,545.4,130.4,134.0,675.1
2689,136839782212419,991.3,176.7,781.4,33.2,11.1,943.5,assemble attention plan@24/?-work_queue,Prepare hardware matmul job@24/?-work_queue,989.0,850.0,117.9,123.4,973.8
2690,136839788129238,1082.0,189.6,850.3,42.1,19.1,916.2,notify_listener@25/0-worker,work_queue::do_work get_work@24/?-work_queue,1079.4,916.2,111.6,132.5,1063.8
2691,136839794231755,515.0,167.9,314.2,33.0,14.0,474.1,assemble attention plan@24/?-work_queue,Prepare hardware matmul job@24/?-work_queue,512.1,372.8,99.3,104.3,498.3
2692,136839799658452,560.6,169.7,356.4,34.6,12.8,416.3,notify_listener@25/0-worker,work_queue::do_work get_work@24/?-work_queue,558.1,416.3,103.6,107.8,544.2
2693,136839805141898,1218.0,694.4,421.2,102.4,65.6,736.9,rx collecting results@148/0-RX-13,prepare streams@25/0-worker,1215.9,1081.9,805.7,818.9,1201.9
2694,136839811314479,1872.3,660.0,1068.7,143.5,91.1,735.7,kernel_add_rmsnorm_71@25/0-worker,prepare streams@25/0-worker,1869.0,1725.0,863.6,885.3,1855.0
2695,136839818139260,2687.9,1079.5,1284.6,323.8,154.8,2506.5,assemble attention plan@24/?-work_queue,Prepare hardware matmul job@24/?-work_queue,2685.8,1882.1,909.2,918.7,2671.5
2696,136839825758920,548.0,222.4,274.1,51.5,19.8,399.8,notify_listener@25/0-worker,work_queue::do_work get_work@24/?-work_queue,545.3,399.8,118.1,185.6,529.1
2697,136839831212811,977.3,183.8,764.2,29.3,10.9,940.3,assemble attention plan@24/?-work_queue,Prepare hardware matmul job@24/?-work_queue,975.7,846.0,98.1,134.1,962.0
2698,136839837143165,1049.5,171.0,833.0,45.6,15.8,910.5,notify_listener@25/0-worker,work_queue::do_work get_work@24/?-work_queue,1046.6,910.5,131.4,168.2,1032.4
2699,136839843128486,1910.3,560.3,592.7,757.3,583.6,658.8,notify_listener@25/0-worker,work_queue::do_work get_work@24/?-work_queue,1907.7,658.8,115.1,126.7,1903.6
2700,136839850023641,1266.4,670.6,462.9,132.8,90.3,721.0,rx collecting results@148/0-RX-13,prepare streams@25/0-worker,1263.8,1129.3,813.4,817.1,1248.9
2701,136839856203748,1939.5,699.1,1159.0,81.4,30.5,777.9,rx collecting results@148/0-RX-13,prepare streams@25/0-worker,1937.6,1807.2,811.3,815.4,1923.7
2702,136839863090985,1083.2,165.8,882.5,34.9,13.1,951.7,notify_listener@25/0-worker,work_queue::do_work get_work@24/?-work_queue,1081.1,951.7,112.1,120.1,1066.8
2703,136839869122203,533.6,181.9,316.6,35.2,13.0,492.7,assemble attention plan@24/?-work_queue,Prepare hardware matmul job@24/?-work_queue,531.4,395.8,128.2,131.8,517.1
2704,136839874546674,714.1,163.9,514.0,36.2,17.2,573.8,notify_listener@25/0-worker,work_queue::do_work get_work@24/?-work_queue,711.9,573.8,116.3,126.1,697.2
2705,136839880140932,1032.7,171.9,833.3,27.5,10.8,994.6,assemble attention plan@24/?-work_queue,Prepare hardware matmul job@24/?-work_queue,1030.1,903.2,118.0,122.1,1015.8
2706,136839886098612,478.1,163.2,279.4,35.5,15.5,340.7,notify_listener@25/0-worker,work_queue::do_work get_work@24/?-work_queue,475.4,340.7,103.2,106.7,461.2
2707,136839891511228,1629.6,569.8,1029.1,30.7,11.2,1591.8,assemble attention plan@24/?-work_queue,Prepare hardware matmul job@24/?-work_queue,1626.9,1500.2,532.8,537.9,1613.0
2708,136839898090225,1086.2,162.2,889.6,34.5,13.2,950.0,notify_listener@25/0-worker,work_queue::do_work get_work@24/?-work_queue,1084.4,950.0,119.8,132.2,1070.7
2709,136839904153184,1048.3,178.1,841.7,28.5,11.0,1009.3,assemble attention plan@24/?-work_queue,Prepare hardware matmul job@24/?-work_queue,1045.9,917.3,133.5,137.4,1031.9
2710,136839910118216,493.6,169.5,286.3,37.8,15.9,350.1,notify_listener@25/0-worker,work_queue::do_work get_work@24/?-work_queue,491.2,350.1,111.0,114.6,475.4
2711,136839915529135,1545.3,366.8,1042.0,136.5,77.6,1134.7,notify_listener@25/0-worker,work_queue::do_work get_work@24/?-work_queue,1542.8,1134.7,172.9,177.4,1527.9
2712,136839922057399,1119.5,161.0,917.2,41.4,15.9,1072.8,assemble attention plan@24/?-work_queue,Prepare hardware matmul job@24/?-work_queue,1114.1,972.0,114.8,122.7,1099.2
2713,136839928127273,1053.5,169.6,854.9,28.9,11.8,1008.6,assemble attention plan@24/?-work_queue,Prepare hardware matmul job@24/?-work_queue,1051.7,915.0,108.6,112.5,1030.5
2714,136839934154670,1045.5,168.4,841.0,36.1,16.1,897.9,notify_listener@25/0-worker,work_queue::do_work get_work@24/?-work_queue,1042.8,897.9,119.0,125.6,1018.8
2715,136839940154270,576.4,181.1,364.9,30.4,11.9,528.5,assemble attention plan@24/?-work_queue,Prepare hardware matmul job@24/?-work_queue,574.2,433.7,109.4,114.9,550.5
2716,136839945634155,657.7,181.3,442.1,34.3,13.7,512.7,notify_listener@25/0-worker,work_queue::do_work get_work@24/?-work_queue,655.2,512.7,122.7,130.7,630.3
2717,136839951221088,980.4,171.3,778.8,30.2,11.3,934.5,assemble attention plan@24/?-work_queue,Prepare hardware matmul job@24/?-work_queue,977.9,841.3,125.1,130.8,956.0
2718,136839957184402,1023.9,166.1,823.4,34.4,13.0,883.7,notify_listener@25/0-worker,work_queue::do_work get_work@24/?-work_queue,1024.2,883.7,110.2,116.4,1007.5
2719,136839963249470,960.8,162.9,767.2,30.7,10.7,913.0,assemble attention plan@24/?-work_queue,Prepare hardware matmul job@24/?-work_queue,958.7,820.8,108.3,142.5,942.7
2720,136839969185241,1028.3,163.7,829.4,35.2,13.9,884.4,notify_listener@25/0-worker,work_queue::do_work get_work@24/?-work_queue,1026.8,884.4,111.7,124.4,1010.8
2721,136839975133027,1055.5,174.9,850.3,30.3,11.6,1017.0,assemble attention plan@24/?-work_queue,Prepare hardware matmul job@24/?-work_queue,1053.1,912.7,115.7,130.5,1038.8
2722,136839981168845,1045.0,173.4,828.7,42.9,18.5,891.6,notify_listener@25/0-worker,work_queue::do_work get_work@24/?-work_queue,1042.9,891.6,112.2,121.0,1028.7
2723,136839987168792,1225.5,667.3,435.3,122.9,67.0,677.1,rx collecting results@148/0-RX-13,prepare streams@25/0-worker,1223.6,1080.8,780.0,795.3,1209.3
2724,136839993417725,847.9,165.6,646.8,35.5,14.8,696.8,notify_listener@25/0-worker,work_queue::do_work get_work@24/?-work_queue,846.0,696.8,97.1,101.8,831.4
2725,136839999227291,973.7,165.4,772.2,36.1,11.9,934.2,assemble attention plan@24/?-work_queue,Prepare hardware matmul job@24/?-work_queue,971.9,834.9,129.8,140.4,956.6
2726,136840005215454,1053.2,339.3,673.8,40.1,12.9,1010.5,assemble attention plan@24/?-work_queue,Prepare hardware matmul job@24/?-work_queue,1049.5,886.1,291.3,300.1,1034.5
2727,136840011212592,1860.1,643.2,1048.8,168.1,92.1,1147.8,notify_listener@25/0-worker,work_queue::do_work get_work@24/?-work_queue,1857.9,1147.8,144.3,153.8,1842.5
2728,136840018093928,1103.8,168.8,895.7,39.2,16.2,1058.5,assemble attention plan@24/?-work_queue,Prepare hardware matmul job@24/?-work_queue,1099.9,956.9,107.7,111.1,1085.3
2729,136840024180534,1166.2,684.1,395.8,86.2,51.7,731.0,rx collecting results@148/0-RX-13,prepare streams@25/0-worker,1163.7,1032.8,786.0,797.5,1148.8
2730,136840030383929,839.4,169.4,634.0,36.0,14.9,702.0,notify_listener@25/0-worker,work_queue::do_work get_work@24/?-work_queue,837.4,702.0,119.2,124.6,823.8
2731,136840036202402,564.5,171.5,360.2,32.8,12.3,526.1,assemble attention plan@24/?-work_queue,Prepare hardware matmul job@24/?-work_queue,562.5,430.1,116.6,129.0,548.3
2732,136840041739351,594.8,179.4,377.4,38.0,16.2,457.4,notify_listener@25/0-worker,work_queue::do_work get_work@24/?-work_queue,592.5,457.4,116.1,133.5,577.5
2733,136840047338762,1802.2,672.4,1087.2,42.6,11.6,1763.4,assemble attention plan@24/?-work_queue,Prepare hardware matmul job@24/?-work_queue,1800.1,1670.8,711.8,717.2,1784.7
2734,136840054139956,1039.8,165.4,839.0,35.3,14.4,903.7,notify_listener@25/0-worker,work_queue::do_work get_work@24/?-work_queue,1038.2,903.7,109.5,125.3,1023.3
2735,136840060174426,1867.9,596.2,1111.6,160.1,87.0,1180.4,notify_listener@25/0-worker,work_queue::do_work get_work@24/?-work_queue,1866.0,1180.4,120.3,128.3,1851.4
2736,136840067200573,551.0,164.2,351.7,35.1,15.8,414.7,notify_listener@25/0-worker,work_queue::do_work get_work@24/?-work_queue,548.7,414.7,111.5,115.1,533.7
2737,136840072759136,1362.0,198.3,1030.8,132.9,85.6,1108.2,notify_listener@25/0-worker,work_queue::do_work get_work@24/?-work_queue,1359.8,1108.2,127.7,131.9,1343.8
2738,136840079119174,1075.3,184.1,847.9,43.3,16.9,930.2,notify_listener@25/0-worker,work_queue::do_work get_work@24/?-work_queue,1068.9,930.2,127.3,135.9,1054.4
2739,136840085154247,1040.0,162.4,844.6,33.0,12.4,994.8,assemble attention plan@24/?-work_queue,Prepare hardware matmul job@24/?-work_queue,1037.8,904.2,115.0,126.8,1017.6
2740,136840091191596,1277.1,674.6,472.4,130.1,84.5,735.3,rx collecting results@148/0-RX-13,prepare streams@25/0-worker,1274.3,1129.9,822.1,828.7,1252.2
2741,136840097414888,849.6,172.9,649.0,27.8,9.9,808.3,assemble attention plan@24/?-work_queue,Prepare hardware matmul job@24/?-work_queue,847.2,713.3,121.0,137.8,827.9
2742,136840103309412,924.6,158.8,727.2,38.6,16.8,779.4,notify_listener@25/0-worker,work_queue::do_work get_work@24/?-work_queue,922.2,779.4,115.7,119.1,900.4
2743,136840109225943,980.0,169.4,780.0,30.6,11.7,936.3,assemble attention plan@24/?-work_queue,Prepare hardware matmul job@24/?-work_queue,977.2,839.3,118.5,126.9,958.0
2744,136840115239304,564.4,170.8,351.8,41.8,17.0,410.6,notify_listener@25/0-worker,work_queue::do_work get_work@24/?-work_queue,562.2,410.6,110.4,114.0,536.4
2745,136840120775811,546.8,172.7,344.6,29.5,10.5,502.1,assemble attention plan@24/?-work_queue,Prepare hardware matmul job@24/?-work_queue,545.2,407.1,123.7,217.8,523.4
2746,136840126356102,1791.7,706.7,1043.5,41.5,13.9,1650.5,notify_listener@25/0-worker,work_queue::do_work get_work@24/?-work_queue,1789.6,1650.5,689.1,797.5,1767.7
2747,136840133250239,956.9,198.7,726.5,31.6,11.2,820.2,notify_listener@25/0-worker,work_queue::do_work get_work@24/?-work_queue,955.1,820.2,106.5,113.8,935.2
2748,136840139251468,2695.7,1045.9,1283.9,365.9,155.3,2501.7,assemble attention plan@24/?-work_queue,Prepare hardware matmul job@24/?-work_queue,2693.0,1852.4,760.5,770.1,2667.5
2749,136840146983870,1180.9,193.7,958.0,29.2,10.1,1120.5,assemble attention plan@24/?-work_queue,Prepare hardware matmul job@24/?-work_queue,1179.2,1026.8,111.7,120.1,1140.1
2750,136840153198521,2778.7,1248.7,1129.2,400.8,170.5,2572.9,assemble attention plan@24/?-work_queue,Prepare hardware matmul job@24/?-work_queue,2777.2,1810.1,817.7,870.7,2753.7
2751,136840161012178,1332.8,659.1,588.9,84.7,45.9,790.2,rx collecting results@148/0-RX-13,prepare streams@25/0-worker,1330.0,1185.2,838.3,846.5,1315.7
2752,136840167398443,569.6,176.2,353.6,39.8,15.4,405.9,notify_listener@25/0-worker,work_queue::do_work get_work@24/?-work_queue,567.6,405.9,103.2,106.7,552.4
2753,136840172983803,508.2,178.2,301.5,28.5,11.1,468.8,assemble attention plan@24/?-work_queue,Prepare hardware matmul job@24/?-work_queue,504.9,363.0,112.6,119.8,491.6
2754,136840178507694,753.2,184.4,531.5,37.2,15.3,604.6,notify_listener@25/0-worker,work_queue::do_work get_work@24/?-work_queue,750.7,604.6,130.1,149.0,736.0
2755,136840184262444,2585.0,1072.8,1157.2,355.0,160.8,2397.0,assemble attention plan@24/?-work_queue,Prepare hardware matmul job@24/?-work_queue,2582.5,1743.8,786.2,802.6,2568.2
2756,136840191865152,496.0,193.9,273.5,28.6,11.6,458.3,assemble attention plan@24/?-work_queue,Prepare hardware matmul job@24/?-work_queue,493.4,365.7,118.7,153.5,480.0
2757,136840197376206,505.0,171.7,296.4,36.9,10.7,467.8,assemble attention plan@24/?-work_queue,Prepare hardware matmul job@24/?-work_queue,501.8,376.0,127.6,133.3,488.7
2758,136840202886893,1253.6,197.8,1023.0,32.8,10.5,1216.4,assemble attention plan@24/?-work_queue,Prepare hardware matmul job@24/?-work_queue,1251.9,1121.5,141.4,145.8,1236.4
2759,136840209136895,2010.3,817.7,1124.5,68.0,23.2,868.8,rx collecting results@148/0-RX-13,prepare streams@25/0-worker,2008.6,1871.6,894.6,958.9,1994.1
2760,136840216179459,1018.4,168.4,812.0,38.0,16.4,975.9,assemble attention plan@24/?-work_queue,Prepare hardware matmul job@24/?-work_queue,1016.8,883.0,115.7,122.7,1001.3
2761,136840222193717,2725.4,1053.1,1321.2,351.2,158.4,2540.7,assemble attention plan@24/?-work_queue,Prepare hardware matmul job@24/?-work_queue,2723.2,1879.8,820.7,829.4,2709.3
2762,136840229959181,1873.5,571.2,993.6,308.6,171.7,1675.1,assemble attention plan@24/?-work_queue,Prepare hardware matmul job@24/?-work_queue,1871.6,1061.5,125.3,161.5,1856.4
2763,136840236874376,501.9,169.5,301.2,31.1,10.4,465.4,assemble attention plan@24/?-work_queue,Prepare hardware matmul job@24/?-work_queue,499.8,370.6,117.1,121.9,485.6
2764,136840242378244,2653.9,1042.4,1126.4,485.1,194.2,2432.1,assemble attention plan@24/?-work_queue,Prepare hardware matmul job@24/?-work_queue,2652.2,1768.5,776.0,789.3,2637.0
2765,136840250121114,1057.5,173.4,857.4,26.6,10.8,1019.6,assemble attention plan@24/?-work_queue,Prepare hardware matmul job@24/?-work_queue,1054.9,927.8,111.3,115.7,1040.7
2766,136840256159281,1039.6,171.7,834.1,33.8,13.3,902.8,notify_listener@25/0-worker,work_queue::do_work get_work@24/?-work_queue,1037.3,902.8,135.7,145.8,1023.0
2767,136840262204092,989.6,167.7,788.3,33.5,11.8,950.0,assemble attention plan@24/?-work_queue,Prepare hardware matmul job@24/?-work_queue,986.7,854.2,110.5,128.1,972.4
2768,136840268184167,1013.5,189.8,786.6,37.1,15.1,877.1,notify_listener@25/0-worker,work_queue::do_work get_work@24/?-work_queue,1010.9,877.1,147.1,157.5,995.9
2769,136840274235255,985.1,178.6,771.1,35.4,11.7,942.5,assemble attention plan@24/?-work_queue,Prepare hardware matmul job@24/?-work_queue,983.2,847.9,130.9,136.6,964.8
2770,136840280291686,930.6,176.0,722.1,32.4,12.7,789.7,notify_listener@25/0-worker,work_queue::do_work get_work@24/?-work_queue,928.4,789.7,126.4,146.6,906.0
2771,136840286262806,952.7,193.5,725.4,33.9,12.5,906.8,assemble attention plan@24/?-work_queue,Prepare hardware matmul job@24/?-work_queue,950.7,810.6,155.5,170.7,929.4
2772,136840292411186,833.5,170.4,626.4,36.8,15.3,684.7,notify_listener@25/0-worker,work_queue::do_work get_work@24/?-work_queue,830.9,684.7,114.5,119.3,808.5
2773,136840298243635,611.6,178.6,399.5,33.5,12.8,550.7,assemble attention plan@24/?-work_queue,Prepare hardware matmul job@24/?-work_queue,609.8,457.6,113.6,119.6,573.0
2774,136840303901755,1252.2,167.4,1049.7,35.1,16.5,1106.8,notify_listener@25/0-worker,work_queue::do_work get_work@24/?-work_queue,1249.1,1106.8,122.7,132.1,1234.2
2775,136840310264234,494.7,177.1,285.3,32.4,12.6,445.9,assemble attention plan@24/?-work_queue,Prepare hardware matmul job@24/?-work_queue,492.6,348.8,115.5,119.9,477.5
2776,136840315771403,683.2,293.7,341.5,47.9,17.6,529.6,notify_listener@25/0-worker,work_queue::do_work get_work@24/?-work_queue,681.7,529.6,295.6,301.3,666.2
2777,136840321456032,1627.1,470.9,1022.4,133.8,81.0,1079.6,notify_listener@25/0-worker,work_queue::do_work get_work@24/?-work_queue,1624.2,1079.6,114.0,120.6,1609.1
2778,136840328155134,1901.9,533.4,1088.2,280.3,139.9,1155.4,notify_listener@25/0-worker,work_queue::do_work get_work@24/?-work_queue,1899.3,1155.4,138.3,142.7,1885.5
2779,136840335092204,1949.9,593.9,1037.8,318.2,172.7,1748.8,assemble attention plan@24/?-work_queue,Prepare hardware matmul job@24/?-work_queue,1947.5,1083.5,110.3,115.2,1932.4
2780,136840342152173,1034.5,169.0,835.4,30.1,11.1,997.3,assemble attention plan@24/?-work_queue,Prepare hardware matmul job@24/?-work_queue,1031.9,896.0,101.8,113.3,1018.1
2781,136840348199865,998.3,221.4,740.4,36.5,16.4,855.8,notify_listener@25/0-worker,work_queue::do_work get_work@24/?-work_queue,996.6,855.8,106.8,166.1,981.4
2782,136840354407700,831.0,178.0,620.3,32.7,10.7,792.4,assemble attention plan@24/?-work_queue,Prepare hardware matmul job@24/?-work_queue,828.2,691.8,133.5,206.1,813.8
2783,136840360220733,983.7,217.4,730.0,36.3,14.7,844.4,notify_listener@25/0-worker,work_queue::do_work get_work@24/?-work_queue,981.8,844.4,121.3,176.5,967.3
2784,136840366241021,507.1,157.3,322.0,27.8,10.4,471.2,assemble attention plan@24/?-work_queue,Prepare hardware matmul job@24/?-work_queue,504.8,380.0,118.0,134.7,491.1
2785,136840371783369,584.0,183.9,368.2,31.8,13.1,449.6,notify_listener@25/0-worker,work_queue::do_work get_work@24/?-work_queue,581.8,449.6,135.2,140.9,568.0
2786,136840377385764,1832.5,864.6,876.5,91.4,62.6,966.1,rx collecting results@148/0-RX-13,prepare streams@25/0-worker,1830.1,1701.8,1031.1,1037.9,1816.3
2787,136840384241010,968.3,173.1,759.7,35.4,15.8,832.5,notify_listener@25/0-worker,work_queue::do_work get_work@24/?-work_queue,966.6,832.5,124.7,140.8,952.2
2788,136840390212956,984.0,176.7,776.9,30.4,11.1,946.6,assemble attention plan@24/?-work_queue,Prepare hardware matmul job@24/?-work_queue,982.3,852.0,125.1,143.8,968.1
2789,136840396198578,999.6,184.6,777.8,37.2,14.9,858.8,notify_listener@25/0-worker,work_queue::do_work get_work@24/?-work_queue,997.6,858.8,121.6,132.9,983.8
2790,136840402194013,1012.0,185.2,794.9,31.8,12.1,972.7,assemble attention plan@24/?-work_queue,Prepare hardware matmul job@24/?-work_queue,1009.3,876.3,133.6,153.9,995.3
2791,136840408217510,982.2,174.1,773.1,34.9,12.5,846.2,notify_listener@25/0-worker,work_queue::do_work get_work@24/?-work_queue,979.6,846.2,128.2,131.6,965.5
2792,136840414186623,1001.9,160.0,806.6,35.3,15.9,960.7,assemble attention plan@24/?-work_queue,Prepare hardware matmul job@24/?-work_queue,1000.2,864.1,108.0,112.6,985.8
2793,136840420224782,977.1,184.4,757.1,35.5,16.3,837.4,notify_listener@25/0-worker,work_queue::do_work get_work@24/?-work_queue,974.5,837.4,130.6,141.6,959.5
2794,136840426157901,505.3,178.2,296.2,30.9,11.4,467.3,assemble attention plan@24/?-work_queue,Prepare hardware matmul job@24/?-work_queue,503.5,373.8,127.8,133.5,489.2
2795,136840431654833,2244.0,771.6,1111.6,360.9,173.9,2043.4,assemble attention plan@24/?-work_queue,Prepare hardware matmul job@24/?-work_queue,2241.6,1395.1,426.2,465.7,2227.4
2796,136840438986777,1158.9,170.4,954.5,34.0,12.7,1119.7,assemble attention plan@24/?-work_queue,Prepare hardware matmul job@24/?-work_queue,1156.6,1022.0,115.0,119.1,1142.7
2797,136840445140715,1303.6,704.3,489.9,109.4,54.9,792.6,rx collecting results@148/0-RX-13,prepare streams@25/0-worker,1301.2,1161.8,850.2,855.1,1287.7
2798,136840451534706,734.3,181.2,520.6,32.5,11.6,695.7,assemble attention plan@24/?-work_queue,Prepare hardware matmul job@24/?-work_queue,732.3,602.5,130.9,139.9,717.2
2799,136840457327072,943.2,173.0,606.6,163.5,137.9,681.3,notify_listener@25/0-worker,work_queue::do_work get_work@24/?-work_queue,940.9,681.3,118.6,122.1,926.8
2800,136840463269417,950.6,189.5,729.6,31.4,11.0,894.2,assemble attention plan@24/?-work_queue,Prepare hardware matmul job@24/?-work_queue,948.8,800.3,117.9,134.9,915.0
2801,136840469210046,573.6,166.0,367.9,39.7,17.2,407.0,notify_listener@25/0-worker,work_queue::do_work get_work@24/?-work_queue,571.0,407.0,102.7,106.4,535.9
2802,136840474830077,2211.0,747.9,1188.6,274.6,144.8,2031.3,assemble attention plan@24/?-work_queue,Prepare hardware matmul job@24/?-work_queue,2209.4,1351.8,252.2,358.9,2186.6
2803,136840482183961,1017.4,172.1,813.4,31.9,10.3,972.2,assemble attention plan@24/?-work_queue,Prepare hardware matmul job@24/?-work_queue,1015.6,872.3,123.2,127.4,992.7
2804,136840488227983,996.3,180.6,776.2,39.5,16.3,841.8,notify_listener@25/0-worker,work_queue::do_work get_work@24/?-work_queue,993.6,841.8,114.9,120.4,979.3
2805,136840494219905,1827.3,615.3,998.8,213.2,80.8,1085.6,notify_listener@25/0-worker,work_queue::do_work get_work@24/?-work_queue,1825.9,1085.6,116.3,270.9,1811.4
2806,136840501103365,1093.7,179.3,864.7,49.7,18.5,938.4,notify_listener@25/0-worker,work_queue::do_work get_work@24/?-work_queue,1091.3,938.4,136.7,160.7,1076.5
2807,136840507186944,1024.7,186.1,804.1,34.6,13.2,984.7,assemble attention plan@24/?-work_queue,Prepare hardware matmul job@24/?-work_queue,1022.7,880.3,136.5,144.3,1008.3
2808,136840513261216,944.8,171.7,732.5,40.6,15.7,901.9,assemble attention plan@24/?-work_queue,Prepare hardware matmul job@24/?-work_queue,942.5,803.6,107.8,141.4,927.8
2809,136840519207599,987.0,179.5,779.1,28.4,10.8,948.6,assemble attention plan@24/?-work_queue,Prepare hardware matmul job@24/?-work_queue,983.7,854.7,122.8,139.5,970.0
2810,136840525251883,956.5,169.8,750.1,36.7,14.2,817.7,notify_listener@25/0-worker,work_queue::do_work get_work@24/?-work_queue,953.1,817.7,125.8,135.6,938.4
2811,136840531228024,582.5,173.4,379.3,29.8,12.0,545.5,assemble attention plan@24/?-work_queue,Prepare hardware matmul job@24/?-work_queue,581.0,451.4,117.9,127.9,566.8
2812,136840536802538,570.2,177.0,360.8,32.4,13.3,434.1,notify_listener@25/0-worker,work_queue::do_work get_work@24/?-work_queue,567.7,434.1,125.4,140.2,553.1
2813,136840542395259,2423.1,1007.6,1129.2,286.3,164.5,2232.1,assemble attention plan@24/?-work_queue,Prepare hardware matmul job@24/?-work_queue,2421.4,1613.0,672.5,700.0,2406.6
2814,136840549874508,541.7,174.5,338.3,28.8,11.9,503.2,assemble attention plan@24/?-work_queue,Prepare hardware matmul job@24/?-work_queue,539.5,412.2,103.7,108.5,524.6
2815,136840555431042,791.4,158.4,604.6,28.4,11.3,753.4,assemble attention plan@24/?-work_queue,Prepare hardware matmul job@24/?-work_queue,789.4,663.7,106.6,111.4,774.7
2816,136840561247093,964.6,179.9,753.2,31.6,12.9,924.1,assemble attention plan@24/?-work_queue,Prepare hardware matmul job@24/?-work_queue,961.8,831.6,121.3,130.3,947.0
2817,136840567195256,1951.3,704.1,1156.6,90.6,52.5,765.2,rx collecting results@148/0-RX-13,prepare streams@25/0-worker,1949.5,1814.1,820.6,824.8,1934.4
2818,136840574185747,1193.6,689.7,422.3,81.6,51.9,758.6,rx collecting results@148/0-RX-13,prepare streams@25/0-worker,1191.9,1065.2,814.0,824.2,1177.9
2819,136840580376314,863.4,177.1,653.5,32.8,13.5,726.5,notify_listener@25/0-worker,work_queue::do_work get_work@24/?-work_queue,861.2,726.5,133.6,151.1,846.1
2820,136840586267093,1873.9,648.6,1172.3,53.1,21.3,682.1,rx collecting results@149/0-RX-38,rx collecting results@148/0-RX-13,1871.1,1739.9,748.9,755.6,1855.8
2821,136840593220372,1924.9,700.3,1185.0,39.6,15.4,1785.7,notify_listener@25/0-worker,work_queue::do_work get_work@24/?-work_queue,1922.4,1785.7,826.6,834.2,1907.8
2822,136840600178979,1034.5,204.1,801.2,29.2,12.4,974.8,assemble attention plan@24/?-work_queue,Prepare hardware matmul job@24/?-work_queue,1031.7,882.5,143.7,149.6,996.8
2823,136840606206848,1002.5,183.1,780.9,38.5,16.7,855.3,notify_listener@25/0-worker,work_queue::do_work get_work@24/?-work_queue,1000.2,855.3,130.4,153.6,980.3
2824,136840612222117,497.5,164.7,298.3,34.5,15.8,444.4,assemble attention plan@24/?-work_queue,Prepare hardware matmul job@24/?-work_queue,495.3,351.9,115.8,120.0,470.6
2825,136840617731293,1323.0,578.7,545.9,198.4,142.0,593.5,notify_listener@25/0-worker,work_queue::do_work get_work@24/?-work_queue,1320.8,593.5,100.8,104.5,1300.3
2826,136840624132008,1166.1,638.1,407.9,120.1,90.1,622.0,rx collecting results@148/0-RX-13,prepare streams@25/0-worker,1163.8,1026.3,715.4,726.1,1140.8
2827,136840630379979,577.2,182.2,355.8,39.1,14.8,434.8,notify_listener@25/0-worker,work_queue::do_work get_work@24/?-work_queue,575.5,434.8,130.2,135.4,555.9
2828,136840635986051,581.0,187.0,361.7,32.3,11.2,525.2,assemble attention plan@24/?-work_queue,Prepare hardware matmul job@24/?-work_queue,577.8,426.2,122.3,125.3,561.4
2829,136840641575659,585.1,163.4,384.8,36.9,15.4,438.6,notify_listener@25/0-worker,work_queue::do_work get_work@24/?-work_queue,583.6,438.6,132.5,141.7,568.8
2830,136840647225528,990.9,192.7,763.9,34.2,11.6,943.3,assemble attention plan@24/?-work_queue,Prepare hardware matmul job@24/?-work_queue,988.8,849.5,158.5,193.7,971.7
2831,136840653306500,1752.7,572.6,1002.6,177.6,122.4,1061.8,notify_listener@25/0-worker,work_queue::do_work get_work@24/?-work_queue,1750.4,1061.8,126.7,156.8,1735.7
2832,136840660149165,1047.0,179.6,838.0,29.4,11.5,1007.5,assemble attention plan@24/?-work_queue,Prepare hardware matmul job@24/?-work_queue,1044.7,905.0,126.1,130.6,1028.8
2833,136840666206592,1005.3,171.9,794.9,38.5,14.9,867.0,notify_listener@25/0-worker,work_queue::do_work get_work@24/?-work_queue,1001.5,867.0,125.6,152.5,988.1
2834,136840672414210,487.8,165.1,290.1,32.6,11.0,451.6,assemble attention plan@24/?-work_queue,Prepare hardware matmul job@24/?-work_queue,486.0,357.8,122.7,135.0,472.3
2835,136840677904760,1244.1,176.3,1035.2,32.5,14.1,1104.9,notify_listener@25/0-worker,work_queue::do_work get_work@24/?-work_queue,1241.7,1104.9,107.8,118.0,1227.6
2836,136840684213260,1166.6,742.4,356.5,67.7,27.4,768.5,rx collecting results@148/0-RX-13,prepare streams@25/0-worker,1164.4,1033.0,798.6,809.8,1149.9
2837,136840690403385,835.6,179.8,618.4,37.5,15.5,698.4,notify_listener@25/0-worker,work_queue::do_work get_work@24/?-work_queue,834.0,698.4,134.8,143.9,820.2
2838,136840696331704,890.6,185.3,673.7,31.6,12.1,753.6,notify_listener@25/0-worker,work_queue::do_work get_work@24/?-work_queue,888.4,753.6,133.0,142.5,872.9
2839,136840702237241,2620.9,1122.2,1181.3,317.4,136.4,2458.9,assemble attention plan@24/?-work_queue,Prepare hardware matmul job@24/?-work_queue,2619.5,1804.4,778.3,788.6,2605.4
2840,136840709877975,1268.4,264.2,973.7,30.6,12.6,1228.6,assemble attention plan@24/?-work_queue,Prepare hardware matmul job@24/?-work_queue,1266.2,1137.6,219.7,228.8,1251.0
2841,136840716197045,2786.9,1103.6,1315.6,367.6,168.7,2591.0,assemble attention plan@24/?-work_queue,Prepare hardware matmul job@24/?-work_queue,2785.1,1871.9,828.4,833.4,2769.8
2842,136840724091052,501.7,168.1,302.4,31.3,11.0,464.4,assemble attention plan@24/?-work_queue,Prepare hardware matmul job@24/?-work_queue,500.3,371.5,114.2,121.8,486.1
2843,136840729625661,517.8,181.1,299.9,36.8,13.9,379.7,notify_listener@25/0-worker,work_queue::do_work get_work@24/?-work_queue,514.7,379.7,128.8,136.6,500.2
2844,136840735184081,1006.8,185.9,791.6,29.4,11.0,969.2,assemble attention plan@24/?-work_queue,Prepare hardware matmul job@24/?-work_queue,1004.3,874.1,125.0,139.2,989.9
2845,136840741220073,990.0,185.6,766.9,37.6,16.1,846.3,notify_listener@25/0-worker,work_queue::do_work get_work@24/?-work_queue,987.6,846.3,130.2,137.4,968.0
2846,136840747419152,1726.9,632.4,1062.0,32.5,11.1,1683.0,assemble attention plan@24/?-work_queue,Prepare hardware matmul job@24/?-work_queue,1724.6,1588.0,621.6,628.9,1704.6
2847,136840754190099,1036.0,175.8,821.9,38.3,17.2,885.4,notify_listener@25/0-worker,work_queue::do_work get_work@24/?-work_queue,1033.9,885.4,126.0,132.2,1011.1
2848,136840760280400,576.7,196.4,352.7,27.6,11.6,509.8,assemble attention plan@24/?-work_queue,Prepare hardware matmul job@24/?-work_queue,574.4,416.5,113.0,117.8,531.3
2849,136840765922141,2203.3,694.6,1255.0,253.7,129.9,1881.5,notify_listener@25/0-worker,work_queue::do_work get_work@24/?-work_queue,2201.2,1881.5,867.0,877.8,2178.7
2850,136840773202655,550.3,166.9,350.7,32.8,12.9,505.2,assemble attention plan@24/?-work_queue,Prepare hardware matmul job@24/?-work_queue,548.0,412.7,111.0,115.3,527.9
2851,136840778785423,596.5,183.9,372.3,40.3,15.2,444.7,notify_listener@25/0-worker,work_queue::do_work get_work@24/?-work_queue,593.5,444.7,124.8,134.2,569.8
2852,136840784413248,839.4,184.5,622.2,32.7,11.5,792.6,assemble attention plan@24/?-work_queue,Prepare hardware matmul job@24/?-work_queue,837.3,697.6,126.6,140.2,823.3
2853,136840790268346,956.3,176.7,744.8,34.7,14.5,803.8,notify_listener@25/0-worker,work_queue::do_work get_work@24/?-work_queue,954.7,803.8,114.7,118.0,938.0
2854,136840796334722,911.4,178.1,699.6,33.7,12.9,870.9,assemble attention plan@24/?-work_queue,Prepare hardware matmul job@24/?-work_queue,908.8,767.8,123.6,180.6,893.9
2855,136840802300329,581.3,187.9,354.1,39.3,15.4,421.3,notify_listener@25/0-worker,work_queue::do_work get_work@24/?-work_queue,579.2,421.3,121.0,124.5,565.0
2856,136840807866162,574.6,177.7,363.1,33.8,15.0,532.1,assemble attention plan@24/?-work_queue,Prepare hardware matmul job@24/?-work_queue,573.3,426.6,119.6,124.9,556.9
2857,136840813458224,489.9,149.7,292.2,48.0,17.0,342.5,notify_listener@25/0-worker,work_queue::do_work get_work@24/?-work_queue,487.8,342.5,101.2,104.7,474.3
2858,136840819015961,2806.2,1192.0,1237.2,377.0,177.2,2600.9,assemble attention plan@24/?-work_queue,Prepare hardware matmul job@24/?-work_queue,2803.1,1989.7,863.5,870.8,2788.4
2859,136840827015763,1257.3,629.6,545.0,82.6,50.8,707.0,rx collecting results@148/0-RX-13,prepare streams@25/0-worker,1255.0,1124.3,760.6,813.9,1240.9
2860,136840833327824,885.5,218.5,625.8,41.2,14.4,750.2,notify_listener@25/0-worker,work_queue::do_work get_work@24/?-work_queue,883.9,750.2,104.2,189.0,870.0
2861,136840839225976,559.5,164.2,361.4,33.9,10.4,427.8,notify_listener@25/0-worker,work_queue::do_work get_work@24/?-work_queue,557.4,427.8,103.4,120.0,543.2
2862,136840844831495,552.5,160.1,357.3,35.0,15.2,413.3,notify_listener@25/0-worker,work_queue::do_work get_work@24/?-work_queue,549.8,413.3,114.6,119.5,535.5
2863,136840850407908,1734.0,578.6,1125.2,30.2,12.3,1694.3,assemble attention plan@24/?-work_queue,Prepare hardware matmul job@24/?-work_queue,1731.2,1598.1,628.8,633.1,1716.6
2864,136840857196020,1252.7,694.1,462.3,96.3,56.1,755.4,rx collecting results@148/0-RX-13,prepare streams@25/0-worker,1251.0,1112.4,813.9,818.2,1234.6
2865,136840863497764,753.5,169.2,554.2,30.0,9.9,717.1,assemble attention plan@24/?-work_queue,Prepare hardware matmul job@24/?-work_queue,751.7,619.3,118.5,122.7,737.5
2866,136840869290110,956.3,171.6,746.9,37.8,15.8,814.0,notify_listener@25/0-worker,work_queue::do_work get_work@24/?-work_queue,953.8,814.0,120.4,132.4,939.5
2867,136840875275059,938.8,160.8,747.7,30.3,11.5,900.8,assemble attention plan@24/?-work_queue,Prepare hardware matmul job@24/?-work_queue,936.6,805.3,101.0,105.8,922.1
2868,136840881211934,2741.1,1170.2,1192.1,378.8,165.0,2548.5,assemble attention plan@24/?-work_queue,Prepare hardware matmul job@24/?-work_queue,2738.1,1847.3,802.7,821.7,2723.8
2869,136840889083993,1241.7,716.4,402.9,122.5,78.7,781.1,rx collecting results@148/0-RX-13,prepare streams@25/0-worker,1238.9,1106.5,862.5,866.6,1225.0
2870,136840895355878,2061.3,687.8,1057.0,316.5,134.4,1128.7,notify_listener@25/0-worker,work_queue::do_work get_work@24/?-work_queue,2058.4,1128.7,146.7,157.9,2044.6
2871,136840902482200,803.2,189.4,580.8,33.0,11.1,764.8,assemble attention plan@24/?-work_queue,Prepare hardware matmul job@24/?-work_queue,801.5,668.0,132.7,138.8,786.0
2872,136840908327109,1130.0,656.6,426.6,46.8,15.4,1086.9,assemble attention plan@24/?-work_queue,Prepare hardware matmul job@24/?-work_queue,1127.6,989.6,688.3,695.6,1112.4
2873,136840914547622,708.3,175.9,495.0,37.4,11.3,671.2,assemble attention plan@24/?-work_queue,Prepare hardware matmul job@24/?-work_queue,705.9,573.4,131.3,152.4,691.9
2874,136840920258419,973.0,219.5,711.4,42.1,15.3,827.0,notify_listener@25/0-worker,work_queue::do_work get_work@24/?-work_queue,970.3,827.0,172.9,182.8,955.8
2875,136840926290881,922.0,159.1,724.8,38.2,11.9,882.6,assemble attention plan@24/?-work_queue,Prepare hardware matmul job@24/?-work_queue,919.5,787.1,117.4,121.5,904.5
2876,136840932256905,2091.1,634.7,1095.0,361.3,173.7,1878.0,assemble attention plan@24/?-work_queue,Prepare hardware matmul job@24/?-work_queue,2087.2,1140.9,110.5,125.1,2062.6
2877,136840939460937,1688.7,614.4,1042.4,31.9,10.4,1642.3,assemble attention plan@24/?-work_queue,Prepare hardware matmul job@24/?-work_queue,1686.0,1543.8,566.6,571.5,1663.0
2878,136840946152624,484.1,158.0,293.4,32.7,11.8,441.5,assemble attention plan@24/?-work_queue,Prepare hardware matmul job@24/?-work_queue,481.2,345.0,101.6,106.4,463.0
2879,136840951667456,614.0,178.8,404.9,30.4,11.1,569.8,assemble attention plan@24/?-work_queue,Prepare hardware matmul job@24/?-work_queue,612.1,473.1,115.4,128.8,591.3
2880,136840957329340,921.5,207.2,682.9,31.4,11.6,860.4,assemble attention plan@24/?-work_queue,Prepare hardware matmul job@24/?-work_queue,917.5,763.9,127.0,149.8,882.0
2881,136840963293249,945.2,160.9,739.8,44.5,25.6,791.6,notify_listener@25/0-worker,work_queue::do_work get_work@24/?-work_queue,943.2,791.6,107.8,118.7,922.8
2882,136840969286775,1125.0,653.9,432.1,38.9,12.0,1075.5,assemble attention plan@24/?-work_queue,Prepare hardware matmul job@24/?-work_queue,1123.2,969.9,731.5,737.3,1100.7
2883,136840975486467,505.4,169.4,299.0,37.0,16.4,337.8,notify_listener@25/0-worker,work_queue::do_work get_work@24/?-work_queue,503.8,337.8,104.4,108.1,468.4
2884,136840981034307,2117.5,667.9,1310.5,139.1,62.7,1911.0,notify_listener@25/0-worker,work_queue::do_work get_work@24/?-work_queue,2114.8,1911.0,792.3,796.9,2086.9
2885,136840988184258,473.6,174.8,268.4,30.4,11.3,421.7,assemble attention plan@24/?-work_queue,Prepare hardware matmul job@24/?-work_queue,469.6,322.7,101.2,105.3,443.3
2886,136840993742951,1416.7,474.8,904.8,37.1,15.1,1264.3,notify_listener@25/0-worker,work_queue::do_work get_work@24/?-work_queue,1414.7,1264.3,309.2,313.0,1398.4
2887,136841000293730,504.3,175.2,290.5,38.7,12.7,465.3,assemble attention plan@24/?-work_queue,Prepare hardware matmul job@24/?-work_queue,502.2,357.1,118.1,121.8,488.5
2888,136841005834407,565.0,168.6,352.7,43.7,17.2,408.5,notify_listener@25/0-worker,work_queue::do_work get_work@24/?-work_queue,563.0,408.5,105.6,109.5,548.4
2889,136841011460724,1688.8,546.8,1107.2,34.9,12.2,1649.3,assemble attention plan@24/?-work_queue,Prepare hardware matmul job@24/?-work_queue,1687.0,1547.9,591.0,617.4,1672.3
2890,136841018243616,971.4,534.4,397.1,39.9,17.2,826.4,notify_listener@25/0-worker,work_queue::do_work get_work@24/?-work_queue,968.8,826.4,119.0,492.5,953.3
2891,136841024236046,1902.0,729.4,1123.3,49.3,12.6,1862.5,assemble attention plan@24/?-work_queue,Prepare hardware matmul job@24/?-work_queue,1899.9,1769.9,811.8,859.5,1885.2
2892,136841031250734,967.2,181.5,751.2,34.5,13.6,829.4,notify_listener@25/0-worker,work_queue::do_work get_work@24/?-work_queue,964.3,829.4,121.5,137.6,950.9
2893,136841037243655,958.3,174.7,752.1,31.5,11.9,921.2,assemble attention plan@24/?-work_queue,Prepare hardware matmul job@24/?-work_queue,956.6,826.3,128.8,139.0,943.0
2894,136841043294197,2540.7,1057.2,1164.5,319.0,160.6,2352.0,assemble attention plan@24/?-work_queue,Prepare hardware matmul job@24/?-work_queue,2539.1,1709.8,721.1,726.1,2522.5
2895,136841050893415,1907.9,581.7,1035.8,290.4,178.8,1700.9,assemble attention plan@24/?-work_queue,Prepare hardware matmul job@24/?-work_queue,1905.5,1096.6,114.3,126.9,1890.6
2896,136841057975380,562.6,174.2,354.8,33.6,11.0,523.5,assemble attention plan@24/?-work_queue,Prepare hardware matmul job@24/?-work_queue,559.6,424.6,117.2,120.8,544.7
2897,136841063597007,705.5,179.1,497.5,28.9,10.6,666.9,assemble attention plan@24/?-work_queue,Prepare hardware matmul job@24/?-work_queue,702.7,570.3,119.9,131.6,688.1
2898,136841069356958,870.9,174.3,662.2,34.5,12.2,832.4,assemble attention plan@24/?-work_queue,Prepare hardware matmul job@24/?-work_queue,868.6,737.4,103.3,114.6,854.4
2899,136841075290425,2156.3,540.8,455.4,1160.0,954.6,507.5,notify_listener@25/0-worker,work_queue::do_work get_work@24/?-work_queue,2154.3,507.5,117.7,121.4,2138.7
2900,136841082534901,573.4,183.3,357.2,32.8,12.4,534.9,assemble attention plan@24/?-work_queue,Prepare hardware matmul job@24/?-work_queue,571.7,435.1,127.5,137.2,557.7
2901,136841088151819,1305.6,723.5,467.2,114.9,77.2,751.0,rx collecting results@148/0-RX-13,prepare streams@25/0-worker,1303.9,1169.2,831.5,845.4,1290.6
2902,136841094537412,733.3,168.6,535.0,29.7,11.5,695.8,assemble attention plan@24/?-work_queue,Prepare hardware matmul job@24/?-work_queue,732.3,601.0,113.6,117.7,717.2
2903,136841100297534,1768.1,546.6,1023.2,198.2,138.1,1080.0,notify_listener@25/0-worker,work_queue::do_work get_work@24/?-work_queue,1765.2,1080.0,119.4,125.6,1750.4
2904,136841107160572,500.5,184.3,277.9,38.3,16.2,457.7,assemble attention plan@24/?-work_queue,Prepare hardware matmul job@24/?-work_queue,498.0,365.8,122.3,127.0,484.0
2905,136841112775894,527.5,162.3,329.4,35.8,15.7,387.4,notify_listener@25/0-worker,work_queue::do_work get_work@24/?-work_queue,525.2,387.4,110.2,114.7,511.2
2906,136841118375755,845.0,164.8,646.9,33.3,11.7,806.7,assemble attention plan@24/?-work_queue,Prepare hardware matmul job@24/?-work_queue,843.3,715.7,108.9,127.1,828.7
2907,136841124270762,2012.4,601.8,1056.6,354.0,162.1,1825.3,assemble attention plan@24/?-work_queue,Prepare hardware matmul job@24/?-work_queue,2010.6,1131.0,141.5,145.8,1996.6
2908,136841131366120,865.3,186.6,645.2,33.5,12.8,825.6,assemble attention plan@24/?-work_queue,Prepare hardware matmul job@24/?-work_queue,863.4,730.2,127.2,130.4,849.2
2909,136841137299307,2752.5,1203.5,1262.7,286.3,131.4,2009.9,notify_listener@25/0-worker,work_queue::do_work get_work@24/?-work_queue,2749.3,2009.9,888.8,911.6,2733.3
2910,136841145231233,967.5,176.6,757.4,33.5,11.0,929.2,assemble attention plan@24/?-work_queue,Prepare hardware matmul job@24/?-work_queue,965.8,835.5,119.2,124.7,950.6
2911,136841151280279,943.2,179.9,725.1,38.2,17.6,792.5,notify_listener@25/0-worker,work_queue::do_work get_work@24/?-work_queue,939.8,792.5,131.1,135.7,921.3
2912,136841157287355,927.7,167.0,731.2,29.5,11.7,880.9,assemble attention plan@24/?-work_queue,Prepare hardware matmul job@24/?-work_queue,925.2,787.3,107.4,119.9,902.4
2913,136841163262456,982.2,169.5,777.8,34.9,15.6,837.2,notify_listener@25/0-worker,work_queue::do_work get_work@24/?-work_queue,980.2,837.2,122.6,136.9,959.7
2914,136841169353520,1927.8,578.5,1064.7,284.6,147.8,1732.1,assemble attention plan@24/?-work_queue,Prepare hardware matmul job@24/?-work_queue,1925.2,1127.8,129.1,150.1,1889.0
2915,136841176439552,492.1,163.2,293.6,35.3,14.3,343.5,notify_listener@25/0-worker,work_queue::do_work get_work@24/?-work_queue,489.8,343.5,102.3,107.8,469.0
2916,136841181977988,2063.4,980.3,805.8,277.4,153.0,1878.2,assemble attention plan@24/?-work_queue,Prepare hardware matmul job@24/?-work_queue,2061.7,1122.5,123.4,129.7,2041.6
2917,136841189138491,1064.4,194.6,841.8,28.0,11.3,1015.5,assemble attention plan@24/?-work_queue,Prepare hardware matmul job@24/?-work_queue,1061.2,915.6,122.1,125.8,1046.3
2918,136841195303462,1865.6,675.9,1135.9,53.7,23.7,1685.6,notify_listener@25/0-worker,work_queue::do_work get_work@24/?-work_queue,1864.1,1685.6,711.6,720.6,1848.5
2919,136841202233482,2747.2,1141.6,1217.6,387.9,140.6,2578.4,assemble attention plan@24/?-work_queue,Prepare hardware matmul job@24/?-work_queue,2744.7,1806.4,778.7,792.6,2729.7
2920,136841210075806,471.4,167.2,262.8,41.5,17.4,427.9,assemble attention plan@24/?-work_queue,Prepare hardware matmul job@24/?-work_queue,469.7,319.4,98.2,102.2,454.8
2921,136841215587488,1629.7,624.0,900.7,105.1,48.9,679.0,rx collecting results@148/0-RX-13,prepare streams@25/0-worker,1626.9,1475.8,730.4,738.8,1612.5
2922,136841222319382,1823.3,657.0,1049.9,116.3,68.7,706.7,rx collecting results@148/0-RX-13,prepare streams@25/0-worker,1820.4,1690.5,778.0,782.9,1806.0
2923,136841229174241,1897.4,736.0,984.0,177.5,129.3,1281.6,notify_listener@25/0-worker,work_queue::do_work get_work@24/?-work_queue,1895.5,1281.6,300.8,352.2,1880.5
2924,136841236114488,1285.4,696.0,450.2,139.3,88.3,699.7,rx collecting results@148/0-RX-13,prepare streams@25/0-worker,1283.7,1151.3,822.1,835.0,1269.6
2925,136841242503965,1653.5,603.8,1011.3,38.3,15.0,1510.0,notify_listener@25/0-worker,work_queue::do_work get_work@24/?-work_queue,1652.0,1510.0,536.4,545.8,1637.2
2926,136841249211212,984.3,166.1,790.3,27.8,10.6,946.4,assemble attention plan@24/?-work_queue,Prepare hardware matmul job@24/?-work_queue,981.7,853.4,113.8,121.0,966.7
2927,136841255259826,963.6,186.2,741.2,36.2,14.2,822.3,notify_listener@25/0-worker,work_queue::do_work get_work@24/?-work_queue,961.1,822.3,113.4,122.3,946.8
2928,136841261295023,2532.1,1102.9,1115.3,314.0,154.9,2349.6,assemble attention plan@24/?-work_queue,Prepare hardware matmul job@24/?-work_queue,2530.3,1709.7,721.7,726.6,2514.6
2929,136841268888520,1250.1,175.1,1019.1,55.8,34.5,1084.5,notify_listener@25/0-worker,work_queue::do_work get_work@24/?-work_queue,1246.9,1084.5,119.4,125.2,1231.6
2930,136841275201715,1939.9,686.2,1186.3,67.4,33.7,780.0,rx collecting results@148/0-RX-13,prepare streams@25/0-worker,1938.3,1806.0,816.4,825.2,1923.4
2931,136841282256902,982.2,173.7,775.6,32.8,12.9,941.9,assemble attention plan@24/?-work_queue,Prepare hardware matmul job@24/?-work_queue,980.1,847.6,114.6,123.9,965.0
2932,136841288271410,931.6,162.1,733.3,36.2,16.2,795.3,notify_listener@25/0-worker,work_queue::do_work get_work@24/?-work_queue,930.0,795.3,112.9,125.6,916.0
2933,136841294312733,904.8,185.5,691.4,27.9,11.7,866.2,assemble attention plan@24/?-work_queue,Prepare hardware matmul job@24/?-work_queue,902.4,771.7,120.7,157.7,888.0
2934,136841300249647,1901.4,695.2,1107.5,98.7,58.0,703.2,rx collecting results@148/0-RX-13,prepare streams@25/0-worker,1898.8,1759.4,763.9,772.0,1884.0
2935,136841307228065,1967.3,621.8,1071.7,273.8,150.0,1790.1,assemble attention plan@24/?-work_queue,Prepare hardware matmul job@24/?-work_queue,1964.7,1141.9,143.1,151.8,1950.8
2936,136841314272868,954.5,171.6,739.6,43.2,16.2,908.6,assemble attention plan@24/?-work_queue,Prepare hardware matmul job@24/?-work_queue,951.1,802.8,108.9,112.3,934.6
2937,136841320322210,503.6,173.4,297.6,32.6,13.1,462.6,assemble attention plan@24/?-work_queue,Prepare hardware matmul job@24/?-work_queue,501.2,362.5,111.0,115.1,486.2
2938,136841325924587,1962.1,579.9,1044.2,338.0,156.6,1778.7,assemble attention plan@24/?-work_queue,Prepare hardware matmul job@24/?-work_queue,1959.1,1100.2,118.6,127.1,1945.4
2939,136841333048135,2046.1,760.9,1113.3,171.9,70.6,1734.1,notify_listener@25/0-worker,work_queue::do_work get_work@24/?-work_queue,2044.3,1734.1,802.0,884.2,2029.9
2940,136841340160818,1843.5,577.0,993.0,273.6,152.7,1660.7,assemble attention plan@24/?-work_queue,Prepare hardware matmul job@24/?-work_queue,1838.4,1050.6,107.9,112.7,1823.7
2941,136841347085466,1952.3,566.5,1063.8,321.9,150.4,1774.0,assemble attention plan@24/?-work_queue,Prepare hardware matmul job@24/?-work_queue,1949.2,1111.4,112.3,125.0,1934.2
2942,136841354163072,1054.1,203.1,821.2,29.8,11.0,1012.3,assemble attention plan@24/?-work_queue,Prepare hardware matmul job@24/?-work_queue,1052.4,914.3,153.4,170.0,1033.3
2943,136841360391631,2463.1,1029.0,1119.3,314.8,137.3,2290.0,assemble attention plan@24/?-work_queue,Prepare hardware matmul job@24/?-work_queue,2461.6,1624.0,659.1,671.5,2437.7
2944,136841367972792,1176.1,167.6,977.4,31.2,11.2,1131.7,assemble attention plan@24/?-work_queue,Prepare hardware matmul job@24/?-work_queue,1173.8,1034.5,113.1,118.0,1153.0
2945,136841374205784,1004.2,181.0,784.7,38.5,16.0,853.5,notify_listener@25/0-worker,work_queue::do_work get_work@24/?-work_queue,1001.7,853.5,114.8,127.4,981.0
2946,136841380445793,507.2,174.8,300.0,32.5,11.5,360.4,notify_listener@25/0-worker,work_queue::do_work get_work@24/?-work_queue,504.3,360.4,110.2,114.9,489.4
2947,136841386018891,1281.3,628.5,510.3,142.4,80.4,701.9,rx collecting results@148/0-RX-13,prepare streams@25/0-worker,1278.8,1130.5,784.8,801.8,1263.1
2948,136841392433896,807.0,170.8,605.2,31.0,10.7,762.2,assemble attention plan@24/?-work_queue,Prepare hardware matmul job@24/?-work_queue,804.2,665.7,106.1,110.1,789.1
2949,136841398293360,949.4,212.4,693.6,43.4,18.0,787.4,notify_listener@25/0-worker,work_queue::do_work get_work@24/?-work_queue,946.7,787.4,150.5,154.7,932.6
2950,136841404374875,871.6,179.7,655.0,37.0,12.6,832.1,assemble attention plan@24/?-work_queue,Prepare hardware matmul job@24/?-work_queue,868.7,730.5,132.4,150.4,854.3
2951,136841410324401,901.3,168.6,689.7,43.1,16.1,751.8,notify_listener@25/0-worker,work_queue::do_work get_work@24/?-work_queue,898.7,751.8,119.3,128.2,883.3
2952,136841416293540,917.0,194.7,691.2,31.1,15.9,874.4,assemble attention plan@24/?-work_queue,Prepare hardware matmul job@24/?-work_queue,915.0,783.9,118.3,152.6,901.1
2953,136841422310011,1767.8,598.0,955.1,214.7,139.2,1048.5,notify_listener@25/0-worker,work_queue::do_work get_work@24/?-work_queue,1763.8,1048.5,130.3,134.6,1747.6
2954,136841429192492,1004.6,169.0,800.8,34.8,10.6,966.6,assemble attention plan@24/?-work_queue,Prepare hardware matmul job@24/?-work_queue,1002.3,868.5,111.4,118.2,988.2
2955,136841435274791,946.1,161.8,746.8,37.5,15.5,807.8,notify_listener@25/0-worker,work_queue::do_work get_work@24/?-work_queue,944.5,807.8,106.6,158.0,930.0
2956,136841441334792,873.3,160.2,678.1,35.0,10.1,837.0,assemble attention plan@24/?-work_queue,Prepare hardware matmul job@24/?-work_queue,870.9,745.1,114.8,119.7,856.6
2957,136841447289506,920.6,161.1,724.4,35.1,14.5,782.3,notify_listener@25/0-worker,work_queue::do_work get_work@24/?-work_queue,918.1,782.3,109.6,113.3,903.8
2958,136841453327638,904.5,178.7,691.8,34.1,11.8,865.2,assemble attention plan@24/?-work_queue,Prepare hardware matmul job@24/?-work_queue,902.3,772.2,129.8,133.8,887.0
2959,136841459280048,1026.0,326.9,660.9,38.2,16.2,878.8,notify_listener@25/0-worker,work_queue::do_work get_work@24/?-work_queue,1023.3,878.8,368.5,382.6,1009.6
2960,136841465426197,813.8,185.1,597.1,31.6,12.6,774.4,assemble attention plan@24/?-work_queue,Prepare hardware matmul job@24/?-work_queue,811.7,675.4,110.5,119.0,796.7
2961,136841471339155,887.1,189.3,659.2,38.6,14.1,744.7,notify_listener@25/0-worker,work_queue::do_work get_work@24/?-work_queue,883.7,744.7,120.2,124.1,868.6
2962,136841477300966,923.7,179.6,712.5,31.6,10.4,784.4,notify_listener@25/0-worker,work_queue::do_work get_work@24/?-work_queue,921.8,784.4,120.5,125.0,907.4
2963,136841483276843,1781.2,603.0,1002.5,175.8,114.9,1072.9,notify_listener@25/0-worker,work_queue::do_work get_work@24/?-work_queue,1778.6,1072.9,120.3,130.2,1764.1
2964,136841490151391,1040.4,180.0,830.7,29.7,10.2,1003.8,assemble attention plan@24/?-work_queue,Prepare hardware matmul job@24/?-work_queue,1037.3,908.1,130.3,192.3,1023.8
2965,136841496266068,1931.8,618.3,1001.8,311.7,130.1,1076.4,notify_listener@25/0-worker,work_queue::do_work get_work@24/?-work_queue,1929.0,1076.4,120.7,124.5,1914.0
2966,136841503355752,875.6,186.7,657.5,31.4,11.8,838.0,assemble attention plan@24/?-work_queue,Prepare hardware matmul job@24/?-work_queue,873.0,740.1,137.5,159.2,859.9
2967,136841509349816,1798.3,687.5,1076.8,33.9,13.2,1659.7,notify_listener@25/0-worker,work_queue::do_work get_work@24/?-work_queue,1795.7,1659.7,691.6,701.2,1781.4
2968,136841516259993,1875.5,663.3,1110.8,101.4,38.5,1708.5,notify_listener@25/0-worker,work_queue::do_work get_work@24/?-work_queue,1873.1,1708.5,760.4,764.6,1858.4
2969,136841523212593,1259.8,743.8,463.7,52.3,15.7,1114.7,notify_listener@25/0-worker,work_queue::do_work get_work@24/?-work_queue,1258.1,1114.7,802.6,811.0,1243.5
2970,136841529586915,565.8,170.6,356.0,39.2,11.3,520.2,assemble attention plan@24/?-work_queue,Prepare hardware matmul job@24/?-work_queue,556.8,424.8,122.9,129.1,542.0
2971,136841535338770,887.0,166.0,680.6,40.4,15.9,739.0,notify_listener@25/0-worker,work_queue::do_work get_work@24/?-work_queue,883.8,739.0,107.2,111.5,863.4
2972,136841541337925,883.2,182.2,671.5,29.5,12.1,835.8,assemble attention plan@24/?-work_queue,Prepare hardware matmul job@24/?-work_queue,880.1,742.6,125.3,136.7,857.7
2973,136841547310235,558.6,175.4,347.2,35.9,15.5,411.5,notify_listener@25/0-worker,work_queue::do_work get_work@24/?-work_queue,556.1,411.5,102.1,112.1,532.4
2974,136841552997271,580.9,187.8,362.9,30.2,10.6,512.6,assemble attention plan@24/?-work_queue,Prepare hardware matmul job@24/?-work_queue,577.6,415.4,108.4,112.8,532.9
2975,136841558632638,703.6,181.0,484.5,38.2,14.5,550.3,notify_listener@25/0-worker,work_queue::do_work get_work@24/?-work_queue,700.6,550.3,109.6,112.9,675.3
2976,136841564482032,1595.2,450.0,1010.2,135.0,80.7,1067.1,notify_listener@25/0-worker,work_queue::do_work get_work@24/?-work_queue,1593.5,1067.1,116.7,121.9,1571.0
2977,136841571151691,1051.6,184.1,831.5,36.1,14.6,900.5,notify_listener@25/0-worker,work_queue::do_work get_work@24/?-work_queue,1048.7,900.5,116.0,121.2,1023.7
2978,136841577304633,1756.7,577.0,1035.2,144.4,93.5,1089.5,notify_listener@25/0-worker,work_queue::do_work get_work@24/?-work_queue,1754.1,1089.5,118.8,130.8,1730.2
2979,136841584154137,1053.7,182.7,834.3,36.8,16.5,907.0,notify_listener@25/0-worker,work_queue::do_work get_work@24/?-work_queue,1052.1,907.0,134.0,138.0,1032.8
2980,136841590286896,1124.7,649.7,422.0,53.0,21.6,682.9,rx collecting results@149/0-RX-38,rx collecting results@148/0-RX-13,1123.2,986.4,741.3,748.6,1107.6
2981,136841596518390,1650.1,487.7,1121.7,40.7,15.9,1487.8,notify_listener@25/0-worker,work_queue::do_work get_work@24/?-work_queue,1647.2,1487.8,540.1,549.7,1632.3
2982,136841603238432,978.0,182.9,763.6,31.5,12.1,939.4,assemble attention plan@24/?-work_queue,Prepare hardware matmul job@24/?-work_queue,976.0,833.8,123.4,145.5,961.6
2983,136841609321604,1830.0,629.9,1156.4,43.7,11.2,1791.4,assemble attention plan@24/?-work_queue,Prepare hardware matmul job@24/?-work_queue,1827.5,1688.1,695.6,705.4,1812.5
2984,136841616234071,1929.7,666.0,1117.9,145.7,81.1,773.8,rx collecting results@148/0-RX-13,prepare streams@25/0-worker,1927.8,1779.0,856.4,861.9,1912.5
2985,136841623217125,1022.4,380.1,601.8,40.5,15.9,880.2,notify_listener@25/0-worker,work_queue::do_work get_work@24/?-work_queue,1019.8,880.2,263.1,335.3,1006.5
2986,136841629308902,480.3,168.9,281.6,29.8,11.2,443.5,assemble attention plan@24/?-work_queue,Prepare hardware matmul job@24/?-work_queue,478.7,346.6,111.9,115.6,465.0
2987,136841634880579,2082.2,716.4,1058.1,307.7,167.6,1886.5,assemble attention plan@24/?-work_queue,Prepare hardware matmul job@24/?-work_queue,2079.0,1207.2,236.9,242.8,2064.5
2988,136841642067326,1109.1,197.2,881.3,30.6,11.5,1072.1,assemble attention plan@24/?-work_queue,Prepare hardware matmul job@24/?-work_queue,1106.6,977.9,142.9,154.6,1093.1
2989,136841648296750,2621.9,1134.1,1130.1,357.7,166.9,2427.3,assemble attention plan@24/?-work_queue,Prepare hardware matmul job@24/?-work_queue,2618.7,1701.8,720.6,733.6,2604.4
2990,136841656031055,1117.8,172.3,917.6,27.9,10.9,1080.7,assemble attention plan@24/?-work_queue,Prepare hardware matmul job@24/?-work_queue,1115.6,987.5,117.2,121.2,1101.3
2991,136841662215096,504.5,178.3,293.1,33.1,13.4,366.4,notify_listener@25/0-worker,work_queue::do_work get_work@24/?-work_queue,502.8,366.4,130.1,140.0,489.4
2992,136841667776387,523.7,173.6,322.3,27.8,10.4,487.0,assemble attention plan@24/?-work_queue,Prepare hardware matmul job@24/?-work_queue,521.6,393.7,114.0,118.1,507.0
2993,136841673354353,2488.5,1033.9,1125.4,329.3,165.7,2295.0,assemble attention plan@24/?-work_queue,Prepare hardware matmul job@24/?-work_queue,2486.4,1655.3,669.3,678.2,2471.2
2994,136841680989654,1155.3,175.5,951.1,28.8,10.9,1118.3,assemble attention plan@24/?-work_queue,Prepare hardware matmul job@24/?-work_queue,1153.3,1026.1,118.4,133.6,1139.0
2995,136841687262219,953.9,199.7,713.3,40.9,16.5,810.0,notify_listener@25/0-worker,work_queue::do_work get_work@24/?-work_queue,952.1,810.0,138.7,150.7,938.3
2996,136841693301446,496.8,186.6,278.7,31.5,11.5,459.3,assemble attention plan@24/?-work_queue,Prepare hardware matmul job@24/?-work_queue,494.5,363.1,125.2,131.3,480.6
2997,136841698859807,508.6,172.6,300.3,35.7,12.6,368.4,notify_listener@25/0-worker,work_queue::do_work get_work@24/?-work_queue,505.8,368.4,117.6,136.8,492.5
2998,136841704507018,750.5,181.7,534.8,34.0,13.5,708.9,assemble attention plan@24/?-work_queue,Prepare hardware matmul job@24/?-work_queue,747.8,607.5,124.0,137.9,733.0
2999,136841710430505,1042.8,619.5,322.2,101.0,80.0,836.1,notify_listener@25/0-worker,work_queue::do_work get_work@24/?-work_queue,1040.3,836.1,608.5,612.2,1026.4
3000,136841716627085,653.1,182.2,435.0,36.0,16.2,608.6,assemble attention plan@24/?-work_queue,Prepare hardware matmul job@24/?-work_queue,650.8,511.3,131.3,135.2,634.9
3001,136841722333591,921.2,176.4,706.4,38.4,16.3,771.3,notify_listener@25/0-worker,work_queue::do_work get_work@24/?-work_queue,919.0,771.3,111.8,116.1,900.7
3002,136841728400135,864.2,193.6,638.6,32.0,12.2,792.5,assemble attention plan@24/?-work_queue,Prepare hardware matmul job@24/?-work_queue,862.5,690.5,107.6,118.5,815.2
3003,136841734325324,1762.5,397.7,1153.8,211.0,144.2,1209.0,notify_listener@25/0-worker,work_queue::do_work get_work@24/?-work_queue,1759.6,1209.0,104.2,114.6,1737.8
3004,136841741229187,2687.3,1279.4,1052.8,355.1,163.5,2487.5,assemble attention plan@24/?-work_queue,Prepare hardware matmul job@24/?-work_queue,2685.4,1799.5,867.9,879.6,2660.9
3005,136841749050518,1318.2,659.9,527.8,130.6,87.9,739.1,rx collecting results@148/0-RX-13,prepare streams@25/0-worker,1315.8,1177.0,829.6,833.9,1295.8
3006,136841755466478,532.8,188.9,300.4,43.6,13.3,383.9,notify_listener@25/0-worker,work_queue::do_work get_work@24/?-work_queue,530.6,383.9,130.6,141.1,507.1
3007,136841761073266,1242.3,677.3,443.4,121.7,78.4,677.3,rx collecting results@148/0-RX-13,prepare streams@25/0-worker,1237.9,1084.5,791.3,800.5,1209.2
3008,136841767370381,1714.6,437.1,1096.9,180.6,123.3,1157.3,notify_listener@25/0-worker,work_queue::do_work get_work@24/?-work_queue,1712.4,1157.3,140.7,148.7,1690.9
3009,136841774186523,557.8,172.2,352.9,32.7,12.2,507.7,assemble attention plan@24/?-work_queue,Prepare hardware matmul job@24/?-work_queue,555.2,408.6,101.7,106.3,530.9
3010,136841779792757,571.1,182.1,353.9,35.1,14.4,421.2,notify_listener@25/0-worker,work_queue::do_work get_work@24/?-work_queue,568.6,421.2,116.6,122.6,545.6
3011,136841785485685,2494.1,976.8,1203.8,313.4,168.6,2291.0,assemble attention plan@24/?-work_queue,Prepare hardware matmul job@24/?-work_queue,2492.0,1635.7,572.6,580.2,2475.4
3012,136841793118037,1072.0,158.8,875.8,37.4,12.5,1027.1,assemble attention plan@24/?-work_queue,Prepare hardware matmul job@24/?-work_queue,1069.2,931.5,117.3,121.0,1054.8
3013,136841799271226,551.7,163.3,350.5,38.0,11.1,409.5,notify_listener@25/0-worker,work_queue::do_work get_work@24/?-work_queue,550.1,409.5,113.3,118.1,535.9
3014,136841804891355,1253.0,168.0,1023.1,62.0,37.1,1078.8,notify_listener@25/0-worker,work_queue::do_work get_work@24/?-work_queue,1251.0,1078.8,117.7,123.0,1235.7
3015,136841811255389,2541.4,1079.2,1074.6,387.6,108.4,2405.0,assemble attention plan@24/?-work_queue,Prepare hardware matmul job@24/?-work_queue,2539.1,1703.2,758.5,768.2,2523.6
3016,136841818905011,2137.6,733.5,1157.3,246.8,110.8,1999.6,assemble attention plan@24/?-work_queue,Prepare hardware matmul job@24/?-work_queue,2136.0,1279.9,197.0,211.3,2120.8
3017,136841826169288,1031.1,159.6,830.9,40.6,11.1,993.3,assemble attention plan@24/?-work_queue,Prepare hardware matmul job@24/?-work_queue,1029.1,880.3,107.5,113.3,1014.5
3018,136841832251907,958.6,185.3,723.1,50.2,15.7,819.2,notify_listener@25/0-worker,work_queue::do_work get_work@24/?-work_queue,956.7,819.2,144.0,179.4,942.1
3019,136841838317772,575.4,169.8,370.7,34.8,13.6,535.9,assemble attention plan@24/?-work_queue,Prepare hardware matmul job@24/?-work_queue,572.9,437.3,117.8,135.7,559.4
3020,136841843985176,606.1,175.2,398.0,32.9,12.3,470.2,notify_listener@25/0-worker,work_queue::do_work get_work@24/?-work_queue,603.9,470.2,127.3,131.2,589.9
3021,136841849723338,1393.5,199.6,1048.0,145.9,86.3,1101.2,notify_listener@25/0-worker,work_queue::do_work get_work@24/?-work_queue,1390.3,1101.2,109.1,116.7,1376.8
3022,136841856256260,590.2,184.3,373.6,32.3,14.1,452.2,notify_listener@25/0-worker,work_queue::do_work get_work@24/?-work_queue,588.4,452.2,142.1,155.1,573.4
3023,136841861993684,558.6,167.9,361.9,28.7,10.0,522.9,assemble attention plan@24/?-work_queue,Prepare hardware matmul job@24/?-work_queue,556.4,426.7,121.3,125.3,542.9
3024,136841867628196,670.3,165.5,468.8,36.0,15.0,531.6,notify_listener@25/0-worker,work_queue::do_work get_work@24/?-work_queue,667.6,531.6,105.0,109.7,652.5
3025,136841873399597,838.6,179.5,628.8,30.4,11.6,800.2,assemble attention plan@24/?-work_queue,Prepare hardware matmul job@24/?-work_queue,836.4,702.5,121.9,132.5,822.0
3026,136841879353030,874.0,177.2,658.8,38.0,17.5,733.6,notify_listener@25/0-worker,work_queue::do_work get_work@24/?-work_queue,872.0,733.6,119.5,128.5,857.8
3027,136841885419083,824.8,191.0,604.0,29.7,10.6,787.0,assemble attention plan@24/?-work_queue,Prepare hardware matmul job@24/?-work_queue,822.1,692.4,137.3,142.6,808.1
3028,136841891365854,868.6,170.8,664.0,33.8,14.5,728.2,notify_listener@25/0-worker,work_queue::do_work get_work@24/?-work_queue,867.1,728.2,109.4,119.6,852.1
3029,136841897314753,913.8,188.7,696.2,28.9,11.5,876.7,assemble attention plan@24/?-work_queue,Prepare hardware matmul job@24/?-work_queue,911.2,777.7,125.0,131.6,897.7
3030,136841903340646,888.4,180.1,666.8,41.5,15.9,745.7,notify_listener@25/0-worker,work_queue::do_work get_work@24/?-work_queue,885.7,745.7,122.9,138.0,871.1
3031,136841909295269,2486.3,1089.8,1106.9,289.6,125.4,2329.7,assemble attention plan@24/?-work_queue,Prepare hardware matmul job@24/?-work_queue,2481.8,1700.8,719.9,742.2,2466.5
3032,136841916964071,2034.4,626.2,976.8,431.4,312.6,1694.4,assemble attention plan@24/?-work_queue,Prepare hardware matmul job@24/?-work_queue,2032.1,1053.7,118.6,167.8,2016.9
3033,136841924140975,1900.6,573.3,1040.6,286.6,129.4,1108.9,notify_listener@25/0-worker,work_queue::do_work get_work@24/?-work_queue,1898.8,1108.9,125.0,131.1,1883.3
3034,136841931207912,1831.9,604.7,1041.1,186.1,80.9,1122.8,notify_listener@25/0-worker,work_queue::do_work get_work@24/?-work_queue,1829.8,1122.8,141.5,149.5,1815.9
3035,136841938145772,1046.7,186.1,829.8,30.8,11.7,1008.3,assemble attention plan@24/?-work_queue,Prepare hardware matmul job@24/?-work_queue,1044.7,908.6,132.0,135.7,1030.1
3036,136841944294135,916.2,170.6,708.0,37.5,13.8,778.4,notify_listener@25/0-worker,work_queue::do_work get_work@24/?-work_queue,913.7,778.4,120.8,126.2,898.7
3037,136841950317526,2728.4,1240.1,1172.3,316.0,191.1,1801.2,notify_listener@25/0-worker,work_queue::do_work get_work@24/?-work_queue,2721.1,1801.2,737.7,744.1,2705.9
3038,136841958131371,2022.1,672.3,1209.3,140.5,86.3,788.6,rx collecting results@148/0-RX-13,prepare streams@25/0-worker,2019.7,1875.4,878.1,882.6,1995.0
3039,136841965273012,942.7,156.0,750.6,36.2,14.2,797.8,notify_listener@25/0-worker,work_queue::do_work get_work@24/?-work_queue,940.4,797.8,122.5,131.9,919.4
3040,136841971317858,905.6,174.2,696.9,34.5,11.8,860.7,assemble attention plan@24/?-work_queue,Prepare hardware matmul job@24/?-work_queue,903.5,763.5,105.6,119.6,882.3
3041,136841977324652,2601.0,1060.5,1210.6,329.9,165.7,2402.4,assemble attention plan@24/?-work_queue,Prepare hardware matmul job@24/?-work_queue,2598.8,1761.6,720.0,733.3,2578.6
3042,136841985001571,2038.6,739.2,1035.3,264.1,142.7,1861.0,assemble attention plan@24/?-work_queue,Prepare hardware matmul job@24/?-work_queue,2036.3,1082.3,105.9,110.4,2013.7
3043,136841992130345,1063.3,181.6,845.2,36.5,15.2,914.6,notify_listener@25/0-worker,work_queue::do_work get_work@24/?-work_queue,1061.0,914.6,123.1,130.3,1041.2
3044,136841998309499,906.3,171.0,705.6,29.7,11.0,860.3,assemble attention plan@24/?-work_queue,Prepare hardware matmul job@24/?-work_queue,904.0,764.8,108.9,124.4,890.1
3045,136842004337549,1818.6,679.6,1088.6,50.3,14.5,1673.3,notify_listener@25/0-worker,work_queue::do_work get_work@24/?-work_queue,1815.7,1673.3,690.7,698.2,1801.9
3046,136842011265964,955.5,177.0,736.5,42.1,12.3,916.1,assemble attention plan@24/?-work_queue,Prepare hardware matmul job@24/?-work_queue,952.8,811.1,132.7,146.9,938.0
3047,136842017316634,927.3,189.9,690.0,47.4,16.7,776.6,notify_listener@25/0-worker,work_queue::do_work get_work@24/?-work_queue,925.3,776.6,132.8,158.9,910.6
3048,136842023380434,847.7,201.2,611.0,35.5,16.1,804.6,assemble attention plan@24/?-work_queue,Prepare hardware matmul job@24/?-work_queue,845.2,706.8,122.9,160.4,830.6
3049,136842029302871,2738.0,1131.3,1220.4,386.3,131.5,2576.9,assemble attention plan@24/?-work_queue,Prepare hardware matmul job@24/?-work_queue,2736.1,1879.3,800.1,845.1,2719.0
3050,136842037236402,961.9,187.4,744.4,30.1,10.7,925.7,assemble attention plan@24/?-work_queue,Prepare hardware matmul job@24/?-work_queue,960.2,833.3,140.1,150.5,946.9
3051,136842043308799,1840.7,756.7,1024.4,59.6,29.9,1680.3,notify_listener@25/0-worker,work_queue::do_work get_work@24/?-work_queue,1839.0,1680.3,720.7,734.5,1823.5
3052,136842050264944,937.1,173.3,734.5,29.3,10.3,899.7,assemble attention plan@24/?-work_queue,Prepare hardware matmul job@24/?-work_queue,934.0,801.6,116.7,148.2,920.2
3053,136842056276149,581.6,174.5,370.1,37.0,17.5,438.7,notify_listener@25/0-worker,work_queue::do_work get_work@24/?-work_queue,579.6,438.7,119.6,124.8,565.9
3054,136842062013653,1277.7,675.8,496.5,105.4,77.6,731.4,rx collecting results@148/0-RX-13,prepare streams@25/0-worker,1275.5,1146.7,811.4,822.9,1261.9
3055,136842068484867,489.2,159.0,295.4,34.8,14.7,350.8,notify_listener@25/0-worker,work_queue::do_work get_work@24/?-work_queue,487.5,350.8,112.0,115.9,473.0
3056,136842074097627,1901.8,569.6,1045.8,286.4,163.5,1711.9,assemble attention plan@24/?-work_queue,Prepare hardware matmul job@24/?-work_queue,1900.0,1119.1,164.4,169.2,1885.6
3057,136842081084212,1109.9,192.1,878.9,39.0,15.3,965.4,notify_listener@25/0-worker,work_queue::do_work get_work@24/?-work_queue,1108.2,965.4,139.2,149.8,1092.8
3058,136842087312709,912.3,172.5,709.1,30.8,12.4,873.1,assemble attention plan@24/?-work_queue,Prepare hardware matmul job@24/?-work_queue,910.2,777.2,116.9,120.3,896.2
3059,136842093332925,912.5,192.1,678.1,42.3,17.4,761.5,notify_listener@25/0-worker,work_queue::do_work get_work@24/?-work_queue,909.9,761.5,138.0,144.4,894.7
3060,136842099404177,864.0,201.7,626.2,36.0,10.8,810.2,assemble attention plan@24/?-work_queue,Prepare hardware matmul job@24/?-work_queue,862.3,703.1,124.9,138.2,831.0
3061,136842105374901,1779.4,613.0,1093.7,72.8,32.1,1611.4,notify_listener@25/0-worker,work_queue::do_work get_work@24/?-work_queue,1776.4,1611.4,649.2,654.9,1754.1
3062,136842112288566,1887.4,708.8,1099.9,78.7,39.1,685.6,rx collecting results@148/0-RX-13,prepare streams@25/0-worker,1884.7,1726.8,746.3,752.0,1846.8
3063,136842119268251,959.6,174.9,747.0,37.7,17.7,799.5,notify_listener@25/0-worker,work_queue::do_work get_work@24/?-work_queue,959.9,799.5,99.3,105.6,931.8
3064,136842125311855,937.5,200.3,697.4,39.8,16.3,868.4,assemble attention plan@24/?-work_queue,Prepare hardware matmul job@24/?-work_queue,935.2,767.5,110.8,115.5,895.5
3065,136842131370224,2643.4,1106.2,1193.3,344.0,146.1,2460.0,assemble attention plan@24/?-work_queue,Prepare hardware matmul job@24/?-work_queue,2640.7,1711.2,656.2,660.0,2616.7
3066,136842139157805,500.3,172.6,297.1,30.7,11.6,452.5,assemble attention plan@24/?-work_queue,Prepare hardware matmul job@24/?-work_queue,497.6,354.8,113.5,117.8,481.9
3067,136842144743323,626.5,173.8,417.5,35.2,15.2,478.2,notify_listener@25/0-worker,work_queue::do_work get_work@24/?-work_queue,622.9,478.2,117.3,122.3,608.4
3068,136842150486651,768.6,189.3,549.2,30.1,10.5,723.0,assemble attention plan@24/?-work_queue,Prepare hardware matmul job@24/?-work_queue,766.4,624.3,132.7,149.6,751.4
3069,136842156360633,886.7,172.7,674.8,39.1,16.1,732.4,notify_listener@25/0-worker,work_queue::do_work get_work@24/?-work_queue,884.5,732.4,143.7,148.4,869.6
3070,136842162346965,888.0,174.2,680.0,33.8,12.0,742.1,notify_listener@25/0-worker,work_queue::do_work get_work@24/?-work_queue,884.7,742.1,109.7,122.1,870.0
3071,136842168328779,920.9,200.6,681.4,38.9,13.4,879.6,assemble attention plan@24/?-work_queue,Prepare hardware matmul job@24/?-work_queue,917.4,751.3,116.6,129.1,902.4
3072,136842174349699,574.0,184.7,354.0,35.3,12.0,535.4,assemble attention plan@24/?-work_queue,Prepare hardware matmul job@24/?-work_queue,572.3,427.7,122.8,128.2,558.1
3073,136842180062177,498.8,165.4,296.6,36.7,14.5,349.9,notify_listener@25/0-worker,work_queue::do_work get_work@24/?-work_queue,496.9,349.9,106.0,109.8,483.0
3074,136842185651863,665.1,217.7,413.1,34.3,10.9,626.0,assemble attention plan@24/?-work_queue,Prepare hardware matmul job@24/?-work_queue,662.5,531.9,130.8,187.2,648.2
3075,136842191347182,1725.7,486.0,1039.1,200.6,153.5,1099.6,notify_listener@25/0-worker,work_queue::do_work get_work@24/?-work_queue,1723.7,1099.6,112.2,150.6,1709.2
3076,136842198174814,1017.8,169.6,817.5,30.6,11.7,980.1,assemble attention plan@24/?-work_queue,Prepare hardware matmul job@24/?-work_queue,1016.2,885.1,129.2,135.3,1001.6
3077,136842204259515,945.5,174.9,726.1,44.5,15.9,807.2,notify_listener@25/0-worker,work_queue::do_work get_work@24/?-work_queue,943.8,807.2,126.7,141.5,930.4
3078,136842210378434,863.3,183.7,650.5,29.0,11.8,825.1,assemble attention plan@24/?-work_queue,Prepare hardware matmul job@24/?-work_queue,860.3,729.3,120.6,124.0,846.1
3079,136842216434915,1731.2,595.0,1087.3,48.9,13.1,1589.4,notify_listener@25/0-worker,work_queue::do_work get_work@24/?-work_queue,1729.1,1589.4,601.8,607.7,1715.1
3080,136842223237785,2803.4,1130.9,1247.1,425.3,194.1,2580.9,assemble attention plan@24/?-work_queue,Prepare hardware matmul job@24/?-work_queue,2800.8,1938.2,904.5,909.0,2785.1
3081,136842231186865,1022.0,197.4,785.9,38.7,16.3,875.8,notify_listener@25/0-worker,work_queue::do_work get_work@24/?-work_queue,1019.6,875.8,137.9,151.4,1004.5
3082,136842237337154,1727.5,488.1,1099.5,140.0,84.0,1171.3,notify_listener@25/0-worker,work_queue::do_work get_work@24/?-work_queue,1725.6,1171.3,130.0,133.5,1711.5
3083,136842244304944,912.5,191.8,684.9,35.9,14.6,769.8,notify_listener@25/0-worker,work_queue::do_work get_work@24/?-work_queue,910.1,769.8,115.3,134.2,895.6
3084,136842250324147,886.3,172.7,684.3,29.3,11.4,848.6,assemble attention plan@24/?-work_queue,Prepare hardware matmul job@24/?-work_queue,884.5,751.0,116.4,124.0,870.5
3085,136842256319348,1751.7,513.8,1052.0,185.9,122.9,1122.3,notify_listener@25/0-worker,work_queue::do_work get_work@24/?-work_queue,1749.2,1122.3,141.9,174.2,1734.0
3086,136842263229439,512.7,173.0,312.9,26.8,11.3,476.6,assemble attention plan@24/?-work_queue,Prepare hardware matmul job@24/?-work_queue,511.0,385.3,126.3,129.6,497.8
3087,136842268815631,1357.5,327.0,994.7,35.7,17.7,1214.7,notify_listener@25/0-worker,work_queue::do_work get_work@24/?-work_queue,1355.2,1214.7,297.0,319.9,1340.4
3088,136842275346231,2692.8,1040.7,1396.1,256.0,121.1,2544.2,assemble attention plan@24/?-work_queue,Prepare hardware matmul job@24/?-work_queue,2690.2,1922.9,677.7,686.0,2675.1
3089,136842283209709,537.0,194.8,300.5,41.8,15.9,387.5,notify_listener@25/0-worker,work_queue::do_work get_work@24/?-work_queue,531.2,387.5,149.3,153.3,516.9
3090,136842288883442,593.8,184.0,379.1,30.8,11.0,526.9,assemble attention plan@24/?-work_queue,Prepare hardware matmul job@24/?-work_queue,589.9,430.8,105.6,109.2,548.2
3091,136842294597432,681.4,176.7,468.9,35.7,15.4,529.3,notify_listener@25/0-worker,work_queue::do_work get_work@24/?-work_queue,678.7,529.3,102.9,122.5,656.6
3092,136842300343365,887.8,172.2,684.5,31.1,11.1,843.8,assemble attention plan@24/?-work_queue,Prepare hardware matmul job@24/?-work_queue,886.1,742.5,120.5,123.9,865.1
3093,136842306352876,1150.8,629.0,486.2,35.6,14.7,1002.8,notify_listener@25/0-worker,work_queue::do_work get_work@24/?-work_queue,1149.0,1002.8,686.5,695.1,1128.5
3094,136842312625164,2119.3,792.4,1038.4,288.5,155.7,1929.0,assemble attention plan@24/?-work_queue,Prepare hardware matmul job@24/?-work_queue,2117.6,1364.1,414.1,421.2,2102.0
3095,136842319908632,493.8,166.5,291.3,36.0,14.5,345.0,notify_listener@25/0-worker,work_queue::do_work get_work@24/?-work_queue,490.8,345.0,114.6,119.0,476.3
3096,136842325506289,506.0,172.3,300.3,33.4,15.9,448.5,assemble attention plan@24/?-work_queue,Prepare hardware matmul job@24/?-work_queue,503.6,351.8,98.0,102.3,485.3
3097,136842331136514,1979.7,671.2,1048.7,259.8,116.1,1110.2,notify_listener@25/0-worker,work_queue::do_work get_work@24/?-work_queue,1976.9,1110.2,116.3,141.2,1961.3
3098,136842338335807,590.0,182.8,369.0,38.2,11.7,551.0,assemble attention plan@24/?-work_queue,Prepare hardware matmul job@24/?-work_queue,588.1,435.7,113.7,126.2,573.2
3099,136842344084183,1481.0,585.2,779.6,116.3,97.1,772.8,rx collecting results@148/0-RX-13,prepare streams@25/0-worker,875.6,1481.0,872.2,875.6,
3100,136842347006206,140.5,118.0,4.1,18.4,9.7,102.7,assemble attention plan@24/?-work_queue,Prepare hardware matmul job@24/?-work_queue,137.6,,,,
3101,136842352326931,883.1,223.8,629.4,30.0,11.8,844.1,assemble attention plan@24/?-work_queue,Prepare hardware matmul job@24/?-work_queue,880.5,749.7,118.8,193.3,866.0
3102,136842358329359,511.0,185.3,284.4,41.3,15.1,366.5,notify_listener@25/0-worker,work_queue::do_work get_work@24/?-work_queue,508.2,366.5,118.4,135.2,494.0
3103,136842363938933,484.3,179.0,277.6,27.7,10.4,446.8,assemble attention plan@24/?-work_queue,Prepare hardware matmul job@24/?-work_queue,482.3,353.1,126.7,131.5,467.8
3104,136842369520903,2433.6,976.8,1139.7,317.2,143.4,2263.1,assemble attention plan@24/?-work_queue,Prepare hardware matmul job@24/?-work_queue,2432.9,1554.4,519.0,528.2,2417.4
3105,136842377198141,558.5,182.3,348.7,27.5,11.0,521.4,assemble attention plan@24/?-work_queue,Prepare hardware matmul job@24/?-work_queue,556.9,427.6,125.4,130.2,542.8
3106,136842382902351,2042.9,652.4,1036.9,353.6,172.4,1842.4,assemble attention plan@24/?-work_queue,Prepare hardware matmul job@24/?-work_queue,2040.8,1145.1,126.7,138.5,2025.9
3107,136842390135666,2758.5,1243.1,1141.1,374.3,167.7,2563.9,assemble attention plan@24/?-work_queue,Prepare hardware matmul job@24/?-work_queue,2756.8,1902.9,879.2,885.7,2741.3
3108,136842398081989,1274.4,703.3,436.0,135.1,83.7,777.7,rx collecting results@148/0-RX-13,prepare streams@25/0-worker,1271.7,1137.1,864.3,869.8,1257.6
3109,136842404461100,823.8,167.1,621.8,34.9,14.3,685.6,notify_listener@25/0-worker,work_queue::do_work get_work@24/?-work_queue,822.1,685.6,127.7,142.6,808.3
3110,136842410393462,857.2,204.4,615.0,37.8,10.3,819.3,assemble attention plan@24/?-work_queue,Prepare hardware matmul job@24/?-work_queue,854.9,721.9,154.0,165.8,840.0
3111,136842416385727,852.0,196.1,618.9,37.0,14.1,709.3,notify_listener@25/0-worker,work_queue::do_work get_work@24/?-work_queue,850.1,709.3,151.6,158.6,835.4
3112,136842422445786,805.1,172.2,598.9,34.0,12.9,761.7,assemble attention plan@24/?-work_queue,Prepare hardware matmul job@24/?-work_queue,799.1,659.5,109.2,116.1,785.0
3113,136842428380649,1128.1,636.9,423.4,67.7,19.8,608.5,rx collecting results@149/0-RX-38,rx collecting results@148/0-RX-13,1126.2,957.6,652.4,656.9,1091.6
3114,136842434665383,1492.3,422.1,1030.6,39.5,11.7,1448.4,assemble attention plan@24/?-work_queue,Prepare hardware matmul job@24/?-work_queue,1490.3,1349.4,382.5,386.6,1470.9
3115,136842441315700,904.0,169.9,697.6,36.4,17.2,756.7,notify_listener@25/0-worker,work_queue::do_work get_work@24/?-work_queue,901.3,756.7,115.3,124.8,883.0
3116,136842447334955,898.0,167.3,702.4,28.2,11.3,852.9,assemble attention plan@24/?-work_queue,Prepare hardware matmul job@24/?-work_queue,896.1,756.7,108.1,119.8,874.4
3117,136842453334816,936.3,175.2,725.5,35.6,15.7,785.1,notify_listener@25/0-worker,work_queue::do_work get_work@24/?-work_queue,934.2,785.1,119.0,126.0,910.9
3118,136842459377235,2628.3,1114.4,1141.5,372.4,164.7,2404.1,assemble attention plan@24/?-work_queue,Prepare hardware matmul job@24/?-work_queue,2620.8,1769.5,776.1,793.4,2578.5
3119,136842467165357,1049.4,178.0,835.9,35.5,15.2,892.3,notify_listener@25/0-worker,work_queue::do_work get_work@24/?-work_queue,1046.9,892.3,111.4,119.4,1031.5
3120,136842473301526,1857.0,708.6,1092.8,55.5,16.4,637.9,rx collecting results@147/0-RX-10,rx collecting results@148/0-RX-13,1854.6,1705.2,738.7,837.3,1840.0
3121,136842480285603,947.4,166.7,733.5,47.3,14.7,794.6,notify_listener@25/0-worker,work_queue::do_work get_work@24/?-work_queue,945.0,794.6,105.5,121.1,930.6
3122,136842486358180,2562.3,1095.0,1109.1,358.2,111.9,2422.7,assemble attention plan@24/?-work_queue,Prepare hardware matmul job@24/?-work_queue,2560.4,1754.6,766.9,771.1,2545.0
3123,136842494112794,1201.5,620.0,448.4,133.1,87.6,620.4,kernel_add_rmsnorm_71@25/0-worker,prepare streams@25/0-worker,1199.3,1051.0,710.6,727.3,1185.4
3124,136842500429702,2610.8,1005.4,1197.6,407.7,153.1,2113.3,compute_forward_args@24/?-work_queue,partition_listeners@24/?-work_queue,2608.5,1794.2,795.3,803.4,2593.9
3125,136842508190645,1924.4,569.1,1043.8,311.5,158.6,1737.5,assemble attention plan@24/?-work_queue,Prepare hardware matmul job@24/?-work_queue,1921.9,1095.8,107.5,124.8,1906.9
3126,136842515232705,969.9,205.1,730.1,34.7,11.8,831.6,notify_listener@25/0-worker,work_queue::do_work get_work@24/?-work_queue,967.0,831.6,124.2,160.6,951.9
3127,136842521307444,1743.8,522.3,1029.1,192.5,131.9,1088.2,notify_listener@25/0-worker,work_queue::do_work get_work@24/?-work_queue,1741.6,1088.2,133.1,140.0,1726.6
3128,136842528177088,1863.9,619.2,1024.0,220.7,99.6,1100.6,notify_listener@25/0-worker,work_queue::do_work get_work@24/?-work_queue,1861.1,1100.6,151.8,155.0,1847.5
3129,136842535182317,515.0,181.5,292.8,40.8,18.2,469.8,assemble attention plan@24/?-work_queue,Prepare hardware matmul job@24/?-work_queue,512.4,365.2,127.0,131.8,497.7
3130,136842540845714,592.5,207.0,354.1,31.4,12.1,552.6,assemble attention plan@24/?-work_queue,Prepare hardware matmul job@24/?-work_queue,590.2,453.9,146.4,161.0,576.0
3131,136842546531391,779.9,172.8,571.9,35.3,14.0,622.3,notify_listener@25/0-worker,work_queue::do_work get_work@24/?-work_queue,777.6,622.3,99.8,104.7,764.1
3132,136842552397389,848.1,180.7,631.5,35.8,10.7,811.6,assemble attention plan@24/?-work_queue,Prepare hardware matmul job@24/?-work_queue,846.4,711.9,118.2,125.4,832.6
3133,136842558364276,862.6,181.4,645.2,36.0,15.3,720.4,notify_listener@25/0-worker,work_queue::do_work get_work@24/?-work_queue,860.5,720.4,110.7,139.0,846.2
3134,136842564332283,884.5,177.1,673.7,33.6,11.4,845.1,assemble attention plan@24/?-work_queue,Prepare hardware matmul job@24/?-work_queue,881.3,746.3,115.8,124.7,866.2
3135,136842570368040,2596.7,1090.4,1142.0,364.3,155.0,2414.0,assemble attention plan@24/?-work_queue,Prepare hardware matmul job@24/?-work_queue,2595.0,1673.0,665.1,681.4,2580.2
3136,136842578168454,1244.0,688.3,463.1,92.6,53.8,737.8,rx collecting results@148/0-RX-13,prepare streams@25/0-worker,1241.8,1104.1,793.5,798.8,1227.1
3137,136842584509241,1678.8,641.8,920.2,116.8,75.1,603.9,rx collecting results@148/0-RX-13,prepare streams@25/0-worker,1677.0,1534.9,711.5,720.5,1662.5
3138,136842591277930,2543.7,1147.0,1087.2,309.5,146.7,2369.3,assemble attention plan@24/?-work_queue,Prepare hardware matmul job@24/?-work_queue,2541.3,1682.8,739.4,753.6,2526.6
3139,136842599007630,1956.1,585.2,1016.0,354.9,174.0,1755.6,assemble attention plan@24/?-work_queue,Prepare hardware matmul job@24/?-work_queue,1953.4,1079.2,120.5,124.3,1939.3
3140,136842606211322,1938.2,723.9,1165.7,48.6,16.7,785.8,rx collecting results@148/0-RX-13,prepare streams@25/0-worker,1936.1,1801.4,804.8,812.8,1921.2
3141,136842613287273,933.1,164.4,731.2,37.5,16.3,791.7,notify_listener@25/0-worker,work_queue::do_work get_work@24/?-work_queue,930.3,791.7,109.8,114.8,915.9
3142,136842619313971,912.2,196.8,683.8,31.6,11.8,875.1,assemble attention plan@24/?-work_queue,Prepare hardware matmul job@24/?-work_queue,910.5,779.3,137.5,143.2,896.8
3143,136842625357262,1106.8,646.6,404.5,55.8,20.2,599.7,rx collecting results@149/0-RX-38,rx collecting results@148/0-RX-13,1104.1,967.2,660.8,665.6,1089.7
3144,136842631565160,2323.4,930.3,1083.6,309.5,167.9,2128.7,assemble attention plan@24/?-work_queue,Prepare hardware matmul job@24/?-work_queue,2321.8,1440.2,488.2,493.4,2307.6
3145,136842639069943,1250.4,679.1,444.1,127.2,65.5,710.0,rx collecting results@148/0-RX-13,prepare streams@25/0-worker,1248.7,1107.1,777.2,782.0,1234.5
3146,136842645439850,1705.8,626.2,1043.6,36.0,11.7,1667.0,assemble attention plan@24/?-work_queue,Prepare hardware matmul job@24/?-work_queue,1703.8,1568.4,621.0,636.5,1688.5
3147,136842652325980,894.0,189.3,670.1,34.6,12.4,756.5,notify_listener@25/0-worker,work_queue::do_work get_work@24/?-work_queue,890.8,756.5,132.8,148.9,875.4
3148,136842658340762,526.2,192.7,306.8,26.6,11.1,474.9,assemble attention plan@24/?-work_queue,Prepare hardware matmul job@24/?-work_queue,524.3,379.4,123.5,130.0,495.1
3149,136842663978322,2030.0,651.9,1003.2,375.0,178.3,1809.4,assemble attention plan@24/?-work_queue,Prepare hardware matmul job@24/?-work_queue,2027.1,1063.2,126.7,130.6,1998.1
3150,136842671147013,1062.3,197.4,832.5,32.4,12.3,1010.5,assemble attention plan@24/?-work_queue,Prepare hardware matmul job@24/?-work_queue,1059.1,910.1,131.4,140.1,1033.8
3151,136842677385638,1794.3,618.8,1138.5,37.0,15.7,1649.6,notify_listener@25/0-worker,work_queue::do_work get_work@24/?-work_queue,1791.7,1649.6,664.4,684.0,1769.9
3152,136842684320213,1199.3,643.9,498.8,56.7,24.9,659.1,rx collecting results@147/0-RX-10,rx collecting results@148/0-RX-13,1196.9,1048.3,705.5,710.8,1171.2
3153,136842690676213,496.6,175.4,282.3,38.9,17.2,340.3,notify_listener@25/0-worker,work_queue::do_work get_work@24/?-work_queue,494.9,340.3,111.6,122.9,468.9
3154,136842696284223,938.1,178.8,728.6,30.7,11.8,788.2,notify_listener@25/0-worker,work_queue::do_work get_work@24/?-work_queue,934.5,788.2,111.8,116.3,917.2
3155,136842702331847,894.6,171.7,687.9,35.0,15.0,744.4,notify_listener@25/0-worker,work_queue::do_work get_work@24/?-work_queue,892.1,744.4,105.6,113.3,876.0
3156,136842708361951,542.4,190.7,323.7,27.9,11.2,504.8,assemble attention plan@24/?-work_queue,Prepare hardware matmul job@24/?-work_queue,542.1,397.4,123.2,128.1,527.0
3157,136842714072887,1112.5,173.2,906.3,33.0,13.4,964.5,notify_listener@25/0-worker,work_queue::do_work get_work@24/?-work_queue,1110.5,964.5,103.4,115.1,1096.8
3158,136842720496671,585.9,181.8,373.0,31.1,11.1,549.1,assemble attention plan@24/?-work_queue,Prepare hardware matmul job@24/?-work_queue,584.1,434.8,114.9,118.5,570.0
3159,136842726188911,2014.7,695.3,992.2,327.2,156.4,1830.0,assemble attention plan@24/?-work_queue,Prepare hardware matmul job@24/?-work_queue,2012.0,1111.7,122.8,187.5,1997.0
3160,136842733417175,2064.7,667.4,1075.0,322.3,186.3,1850.7,assemble attention plan@24/?-work_queue,Prepare hardware matmul job@24/?-work_queue,2062.4,1134.3,124.0,399.8,2047.7
3161,136842740620848,800.3,435.0,326.8,38.5,16.3,758.1,assemble attention plan@24/?-work_queue,Prepare hardware matmul job@24/?-work_queue,798.5,653.7,420.6,442.1,784.6
3162,136842746552573,715.8,176.9,499.4,39.5,16.3,569.0,notify_listener@25/0-worker,work_queue::do_work get_work@24/?-work_queue,713.3,569.0,113.5,124.9,699.1
3163,136842752404305,2433.2,1070.0,1053.8,309.4,166.9,2239.1,assemble attention plan@24/?-work_queue,Prepare hardware matmul job@24/?-work_queue,2430.6,1571.7,635.3,661.9,2415.9
3164,136842760081454,1100.7,178.0,883.3,39.4,15.0,956.6,notify_listener@25/0-worker,work_queue::do_work get_work@24/?-work_queue,1098.7,956.6,124.8,141.9,1084.8
3165,136842766295428,919.0,172.9,718.2,27.8,11.5,880.1,assemble attention plan@24/?-work_queue,Prepare hardware matmul job@24/?-work_queue,915.7,785.0,116.7,126.5,901.8
3166,136842772347697,889.6,184.0,666.7,39.0,14.6,733.4,notify_listener@25/0-worker,work_queue::do_work get_work@24/?-work_queue,887.2,733.4,114.4,120.8,872.2
3167,136842778445228,2597.7,1260.1,1075.5,262.1,90.2,1883.6,notify_listener@25/0-worker,work_queue::do_work get_work@24/?-work_queue,2595.3,1883.6,923.3,926.5,2581.2
3168,136842786298691,2628.6,1466.9,818.3,343.5,162.4,2436.0,assemble attention plan@24/?-work_queue,Prepare hardware matmul job@24/?-work_queue,2626.6,1707.6,717.3,851.3,2609.8
3169,136842794158566,1219.1,771.7,340.5,106.8,69.3,770.6,rx collecting results@148/0-RX-13,prepare streams@25/0-worker,1217.4,1084.2,845.8,854.3,1202.6
3170,136842800558045,1610.3,460.9,1109.7,39.7,18.0,1449.8,notify_listener@25/0-worker,work_queue::do_work get_work@24/?-work_queue,1608.9,1449.8,492.9,499.6,1593.5
3171,136842807367598,1781.7,665.4,1082.7,33.6,10.9,1742.3,assemble attention plan@24/?-work_queue,Prepare hardware matmul job@24/?-work_queue,1777.0,1640.1,672.5,677.5,1763.4
3172,136842814289881,2801.5,1362.5,1225.7,213.3,150.5,1907.0,notify_listener@25/0-worker,work_queue::do_work get_work@24/?-work_queue,2799.9,1907.0,898.1,907.8,2784.4
3173,136842822304434,931.4,199.0,699.9,32.5,12.0,892.1,assemble attention plan@24/?-work_queue,Prepare hardware matmul job@24/?-work_queue,929.1,783.7,141.3,163.8,914.6
3174,136842828379847,869.8,181.4,648.3,40.1,12.8,730.0,notify_listener@25/0-worker,work_queue::do_work get_work@24/?-work_queue,868.0,730.0,129.4,161.7,853.6
3175,136842834435613,578.9,175.4,369.2,34.2,12.1,535.6,assemble attention plan@24/?-work_queue,Prepare hardware matmul job@24/?-work_queue,575.6,439.9,133.9,138.5,557.6
3176,136842840127456,1072.2,245.8,787.2,39.1,14.8,922.6,notify_listener@25/0-worker,work_queue::do_work get_work@24/?-work_queue,1069.7,922.6,163.9,167.3,1051.4
3177,136842846350470,492.9,183.1,272.8,37.0,17.3,442.1,assemble attention plan@24/?-work_queue,Prepare hardware matmul job@24/?-work_queue,489.9,341.5,110.3,114.2,470.4
3178,136842851998950,1240.3,654.3,456.0,129.9,86.1,691.5,rx collecting results@148/0-RX-13,prepare streams@25/0-worker,1238.5,1085.3,779.2,783.0,1212.1
3179,136842858450965,830.8,198.4,597.9,34.5,12.5,784.9,assemble attention plan@24/?-work_queue,Prepare hardware matmul job@24/?-work_queue,828.9,685.9,163.0,172.8,806.9
3180,136842864499811,769.9,190.5,541.6,37.8,14.8,613.1,notify_listener@25/0-worker,work_queue::do_work get_work@24/?-work_queue,768.0,613.1,144.5,168.8,739.9
3181,136842870453765,1632.7,354.8,1137.5,140.4,82.8,1187.6,notify_listener@25/0-worker,work_queue::do_work get_work@24/?-work_queue,1631.1,1187.6,129.2,138.9,1615.7
3182,136842877249103,491.0,178.1,279.6,33.3,12.1,439.0,assemble attention plan@24/?-work_queue,Prepare hardware matmul job@24/?-work_queue,487.9,337.3,101.0,104.5,473.2
3183,136842882967182,559.3,164.1,351.8,43.5,12.1,510.6,assemble attention plan@24/?-work_queue,Prepare hardware matmul job@24/?-work_queue,557.4,402.5,100.6,104.7,542.9
3184,136842888683420,621.2,175.1,411.5,34.5,14.3,465.1,notify_listener@25/0-worker,work_queue::do_work get_work@24/?-work_queue,619.2,465.1,129.2,136.5,604.0
3185,136842894477503,1730.5,670.2,917.9,142.3,89.1,737.7,rx collecting results@148/0-RX-13,prepare streams@25/0-worker,1728.4,1580.1,829.1,836.3,1713.7
3186,136842901382683,2630.4,1132.0,1111.8,386.6,119.1,1742.0,notify_listener@25/0-worker,work_queue::do_work get_work@24/?-work_queue,2627.4,1742.0,788.9,795.2,2608.9
3187,136842909201290,999.9,177.9,790.7,31.2,11.3,963.3,assemble attention plan@24/?-work_queue,Prepare hardware matmul job@24/?-work_queue,998.0,857.2,101.9,109.0,984.5
3188,136842915345470,2695.1,1272.0,1042.6,380.5,138.3,1818.5,notify_listener@25/0-worker,work_queue::do_work get_work@24/?-work_queue,2692.8,1818.5,853.6,859.3,2678.0
3189,136842923213649,995.7,177.5,783.0,35.2,12.5,956.9,assemble attention plan@24/?-work_queue,Prepare hardware matmul job@24/?-work_queue,992.9,846.9,114.0,126.4,979.0
3190,136842929383513,867.3,166.6,665.0,35.7,13.8,716.7,notify_listener@25/0-worker,work_queue::do_work get_work@24/?-work_queue,865.6,716.7,101.2,104.4,851.1
3191,136842935507392,795.1,159.6,578.8,56.6,24.4,695.0,compute_forward_args@24/?-work_queue,partition_listeners@24/?-work_queue,792.5,632.4,104.6,113.4,778.0
3192,136842941419099,1659.5,489.1,984.2,186.2,121.4,1115.3,notify_listener@25/0-worker,work_queue::do_work get_work@24/?-work_queue,1657.2,1115.3,120.6,182.6,1642.7
3193,136842948262538,591.5,191.7,362.6,37.2,15.2,549.0,assemble attention plan@24/?-work_queue,Prepare hardware matmul job@24/?-work_queue,587.9,446.0,126.3,130.3,573.8
3194,136842954009558,2146.3,695.5,1063.2,387.6,177.8,1939.5,assemble attention plan@24/?-work_queue,Prepare hardware matmul job@24/?-work_queue,2143.5,1118.6,115.8,121.2,2128.4
3195,136842961388547,843.2,194.6,617.7,30.9,12.3,805.4,assemble attention plan@24/?-work_queue,Prepare hardware matmul job@24/?-work_queue,841.4,704.4,141.5,155.3,827.2
3196,136842967493946,798.4,176.7,584.2,37.4,13.8,655.4,notify_listener@25/0-worker,work_queue::do_work get_work@24/?-work_queue,795.6,655.4,134.9,141.0,781.8
3197,136842973449149,796.2,201.5,563.4,31.3,11.5,756.8,assemble attention plan@24/?-work_queue,Prepare hardware matmul job@24/?-work_queue,793.0,657.5,138.8,149.1,779.1
3198,136842979515406,2243.3,723.3,1138.0,382.0,183.2,2033.1,assemble attention plan@24/?-work_queue,Prepare hardware matmul job@24/?-work_queue,2240.4,1189.9,115.3,119.2,2226.2
3199,136842986897540,1253.1,230.2,986.1,36.9,11.3,1214.8,assemble attention plan@24/?-work_queue,Prepare hardware matmul job@24/?-work_queue,1250.9,1113.9,186.0,191.9,1236.7
3200,136842993303464,1189.7,535.3,618.3,36.1,13.0,1046.4,notify_listener@25/0-worker,work_queue::do_work get_work@24/?-work_queue,1186.9,1046.4,740.4,744.4,1173.4
3201,136842999667874,675.7,181.9,463.5,30.2,10.7,637.1,assemble attention plan@24/?-work_queue,Prepare hardware matmul job@24/?-work_queue,673.8,536.9,127.8,140.4,659.1
3202,136843005509187,1584.8,362.7,1040.3,181.7,119.6,1115.1,notify_listener@25/0-worker,work_queue::do_work get_work@24/?-work_queue,1582.2,1115.1,134.4,157.7,1569.0
3203,136843012267212,946.0,179.8,730.4,35.8,11.4,907.9,assemble attention plan@24/?-work_queue,Prepare hardware matmul job@24/?-work_queue,943.3,804.4,123.2,131.8,929.0
3204,136843018345084,892.8,172.1,681.7,39.0,13.1,747.9,notify_listener@25/0-worker,work_queue::do_work get_work@24/?-work_queue,890.4,747.9,128.8,135.5,872.9
3205,136843024409321,1078.7,583.2,463.2,32.3,11.3,1032.5,assemble attention plan@24/?-work_queue,Prepare hardware matmul job@24/?-work_queue,1076.6,932.9,627.9,641.4,1053.9
3206,136843030676966,688.5,188.0,465.9,34.6,13.0,536.2,notify_listener@25/0-worker,work_queue::do_work get_work@24/?-work_queue,686.4,536.2,128.3,142.5,660.9
3207,136843036594535,689.3,187.8,469.3,32.2,11.5,639.2,assemble attention plan@24/?-work_queue,Prepare hardware matmul job@24/?-work_queue,687.7,538.1,137.5,151.0,670.7
3208,136843042481749,2562.4,793.1,1423.2,346.1,149.1,2379.4,assemble attention plan@24/?-work_queue,Prepare hardware matmul job@24/?-work_queue,2560.3,1648.7,628.3,639.8,2545.3
3209,136843050233091,2813.8,1259.3,1138.9,415.7,284.8,2501.1,assemble attention plan@24/?-work_queue,Prepare hardware matmul job@24/?-work_queue,2811.6,1751.5,784.0,788.2,2796.4
3210,136843058269974,946.1,170.5,738.5,37.1,10.4,909.1,assemble attention plan@24/?-work_queue,Prepare hardware matmul job@24/?-work_queue,944.3,802.4,122.2,127.4,930.1
3211,136843064479237,1601.6,474.2,955.0,172.5,105.0,1059.3,notify_listener@25/0-worker,work_queue::do_work get_work@24/?-work_queue,1599.9,1059.3,116.3,119.9,1584.4
3212,136843071278813,933.5,180.3,721.0,32.3,10.1,896.2,assemble attention plan@24/?-work_queue,Prepare hardware matmul job@24/?-work_queue,932.0,795.0,124.5,129.3,917.1
3213,136843077371467,863.1,173.5,650.8,38.8,15.6,717.6,notify_listener@25/0-worker,work_queue::do_work get_work@24/?-work_queue,860.9,717.6,122.7,127.9,855.3
3214,136843083428739,1649.8,367.0,1123.0,159.8,96.9,1182.6,notify_listener@25/0-worker,work_queue::do_work get_work@24/?-work_queue,1647.1,1182.6,118.1,124.6,1631.7
3215,136843090215160,1935.2,761.0,1123.4,50.7,13.0,1791.6,notify_listener@25/0-worker,work_queue::do_work get_work@24/?-work_queue,1933.0,1791.6,816.3,831.9,1916.7
3216,136843097304842,2688.7,1161.9,1219.3,307.6,180.8,2481.4,assemble attention plan@24/?-work_queue,Prepare hardware matmul job@24/?-work_queue,2687.0,1799.2,750.5,761.5,2672.3
3217,136843105168907,1027.5,186.2,807.7,33.6,13.5,881.7,notify_listener@25/0-worker,work_queue::do_work get_work@24/?-work_queue,1024.7,881.7,122.4,129.7,1009.8
3218,136843111409713,856.9,181.4,643.9,31.6,11.9,817.6,assemble attention plan@24/?-work_queue,Prepare hardware matmul job@24/?-work_queue,854.9,718.4,122.1,126.4,840.3
3219,136843117488349,793.2,202.8,548.6,41.8,18.0,638.2,notify_listener@25/0-worker,work_queue::do_work get_work@24/?-work_queue,790.7,638.2,150.3,182.0,776.8
3220,136843123465024,2457.7,1043.9,1146.2,267.7,150.2,2280.5,assemble attention plan@24/?-work_queue,Prepare hardware matmul job@24/?-work_queue,2455.8,1599.8,568.2,575.4,2440.4
3221,136843131167446,1262.8,656.4,446.3,160.1,99.6,702.8,rx collecting results@148/0-RX-13,prepare streams@25/0-worker,1260.8,1123.2,837.7,841.4,1246.1
3222,136843137595667,2667.9,1161.4,1099.6,406.9,163.2,2477.2,assemble attention plan@24/?-work_queue,Prepare hardware matmul job@24/?-work_queue,2665.3,1828.7,824.9,850.3,2650.0
3223,136843145535177,724.2,171.5,526.3,26.3,10.6,685.2,assemble attention plan@24/?-work_queue,Prepare hardware matmul job@24/?-work_queue,720.7,590.3,126.5,130.6,706.3
3224,136843151395577,2472.2,1044.2,1103.9,324.1,153.2,2290.5,assemble attention plan@24/?-work_queue,Prepare hardware matmul job@24/?-work_queue,2469.7,1610.7,650.9,656.7,2453.9
3225,136843159094162,1094.6,182.7,879.2,32.7,15.7,1048.1,assemble attention plan@24/?-work_queue,Prepare hardware matmul job@24/?-work_queue,1092.5,952.8,125.3,129.6,1074.1
3226,136843165341432,901.2,188.2,679.4,33.6,12.6,751.2,notify_listener@25/0-worker,work_queue::do_work get_work@24/?-work_queue,899.6,751.2,131.4,155.1,873.8
3227,136843171454696,1719.5,566.4,1122.5,30.6,11.9,1648.1,assemble attention plan@24/?-work_queue,Prepare hardware matmul job@24/?-work_queue,1716.8,1550.5,585.4,606.2,1670.0
3228,136843178378759,1706.6,471.5,1033.9,201.2,144.2,1084.8,notify_listener@25/0-worker,work_queue::do_work get_work@24/?-work_queue,1704.1,1084.8,117.8,128.2,1682.4
3229,136843185293304,929.2,170.3,724.9,34.0,9.7,883.3,assemble attention plan@24/?-work_queue,Prepare hardware matmul job@24/?-work_queue,926.9,788.3,117.7,124.5,910.9
3230,136843191440224,684.0,207.0,367.8,109.2,87.5,424.1,notify_listener@25/0-worker,work_queue::do_work get_work@24/?-work_queue,681.6,424.1,113.9,117.6,667.4
3231,136843197255083,2805.7,1400.6,1235.6,169.5,86.3,1891.3,notify_listener@25/0-worker,work_queue::do_work get_work@24/?-work_queue,2803.2,1891.3,805.4,809.5,2791.1
3232,136843205315388,1821.9,622.3,1135.1,64.6,19.9,615.2,rx collecting results@147/0-RX-10,rx collecting results@148/0-RX-13,1820.1,1672.3,701.9,710.3,1805.2
3233,136843212270032,948.7,200.2,715.2,33.3,13.4,803.5,notify_listener@25/0-worker,work_queue::do_work get_work@24/?-work_queue,946.8,803.5,108.1,144.7,931.6
3234,136843218521861,770.6,201.0,541.0,28.6,11.2,733.2,assemble attention plan@24/?-work_queue,Prepare hardware matmul job@24/?-work_queue,768.8,638.2,106.3,167.8,754.7
3235,136843224462932,844.5,262.4,545.1,36.9,14.1,645.9,notify_listener@25/0-worker,work_queue::do_work get_work@24/?-work_queue,842.6,645.9,99.7,351.1,828.3
3236,136843230629880,711.9,197.1,472.7,42.1,10.0,673.9,assemble attention plan@24/?-work_queue,Prepare hardware matmul job@24/?-work_queue,710.2,569.5,202.3,217.9,696.2
3237,136843236523582,1634.3,487.0,1108.8,38.5,19.0,1488.2,notify_listener@25/0-worker,work_queue::do_work get_work@24/?-work_queue,1632.5,1488.2,526.0,547.2,1618.8
3238,136843243357613,869.1,193.7,646.0,29.4,10.9,833.0,assemble attention plan@24/?-work_queue,Prepare hardware matmul job@24/?-work_queue,867.4,730.9,128.2,139.0,854.2
3239,136843249461122,794.8,190.8,570.5,33.5,14.5,651.7,notify_listener@25/0-worker,work_queue::do_work get_work@24/?-work_queue,792.8,651.7,135.8,141.6,778.2
3240,136843255582764,1573.6,519.5,1027.6,26.4,10.9,1536.5,assemble attention plan@24/?-work_queue,Prepare hardware matmul job@24/?-work_queue,1571.2,1426.6,473.0,476.3,1557.5
3241,136843262387009,2655.4,1290.4,1004.5,360.5,184.2,2443.4,assemble attention plan@24/?-work_queue,Prepare hardware matmul job@24/?-work_queue,2652.6,1618.7,649.8,655.9,2638.6
3242,136843270321414,1765.7,436.4,1173.0,156.2,96.0,1249.4,notify_listener@25/0-worker,work_queue::do_work get_work@24/?-work_queue,1763.5,1249.4,134.3,147.3,1748.6
3243,136843277337626,885.2,180.0,664.1,41.1,16.5,739.0,notify_listener@25/0-worker,work_queue::do_work get_work@24/?-work_queue,882.7,739.0,110.5,118.1,869.1
3244,136843283414037,820.9,182.8,605.0,33.2,11.7,782.5,assemble attention plan@24/?-work_queue,Prepare hardware matmul job@24/?-work_queue,819.0,679.9,138.6,144.1,804.1
3245,136843289468188,777.6,174.9,570.0,32.8,14.2,637.3,notify_listener@25/0-worker,work_queue::do_work get_work@24/?-work_queue,775.6,637.3,119.4,126.5,762.1
3246,136843295475142,779.1,175.7,570.7,32.8,12.6,740.5,assemble attention plan@24/?-work_queue,Prepare hardware matmul job@24/?-work_queue,776.2,640.6,114.8,120.5,762.6
3247,136843301564636,738.4,171.8,535.6,31.0,12.1,598.9,notify_listener@25/0-worker,work_queue::do_work get_work@24/?-work_queue,736.6,598.9,113.7,118.2,721.4
3248,136843307581904,1982.5,635.7,1047.0,299.9,165.3,1789.2,assemble attention plan@24/?-work_queue,Prepare hardware matmul job@24/?-work_queue,1980.0,1117.4,124.2,130.4,1965.6
3249,136843314786574,555.6,183.0,334.5,38.1,14.6,412.4,notify_listener@25/0-worker,work_queue::do_work get_work@24/?-work_queue,553.5,412.4,126.3,137.2,539.7
3250,136843320586650,1569.7,417.9,1080.7,71.1,34.5,22.0,rx collecting results@147/0-RX-10,Launch hardware matmul job@24/?-work_queue,1567.8,1426.3,455.8,463.2,1548.2
3251,136843327427079,818.5,171.7,611.4,35.5,15.4,667.4,notify_listener@25/0-worker,work_queue::do_work get_work@24/?-work_queue,815.9,667.4,107.3,110.9,795.4
3252,136843333437015,817.2,179.8,606.7,30.7,12.0,770.1,assemble attention plan@24/?-work_queue,Prepare hardware matmul job@24/?-work_queue,813.8,669.7,124.0,133.0,792.3
3253,136843339512744,511.9,181.7,296.0,34.2,13.0,345.6,notify_listener@25/0-worker,work_queue::do_work get_work@24/?-work_queue,509.4,345.6,104.9,109.7,467.0
3254,136843345170238,1026.5,179.9,812.7,33.8,11.3,980.0,assemble attention plan@24/?-work_queue,Prepare hardware matmul job@24/?-work_queue,1024.0,875.9,116.5,126.1,1001.6
3255,136843351367945,876.1,195.4,634.5,46.1,16.4,721.4,notify_listener@25/0-worker,work_queue::do_work get_work@24/?-work_queue,873.9,721.4,120.3,124.0,850.2
3256,136843357420658,2523.7,1062.1,1158.7,302.9,162.9,2325.2,assemble attention plan@24/?-work_queue,Prepare hardware matmul job@24/?-work_queue,2521.7,1673.0,636.1,677.6,2499.1
3257,136843365159057,1042.4,182.4,823.3,36.7,15.2,992.5,assemble attention plan@24/?-work_queue,Prepare hardware matmul job@24/?-work_queue,1039.9,890.7,119.4,123.7,1024.2
3258,136843371373266,1782.7,615.9,1137.6,29.2,10.4,1731.5,assemble attention plan@24/?-work_queue,Prepare hardware matmul job@24/?-work_queue,1780.3,1631.4,649.6,656.8,1764.7
3259,136843378375564,1801.3,591.0,1158.8,51.4,19.1,1709.7,resize@24/?-work_queue,construct_minibatches@24/?-work_queue,1798.4,1638.8,697.8,711.1,1783.5
3260,136843385357849,585.6,186.0,370.5,29.1,12.5,547.6,assemble attention plan@24/?-work_queue,Prepare hardware matmul job@24/?-work_queue,583.2,439.7,122.7,127.7,569.8
3261,136843391176874,1867.3,636.1,1027.5,203.7,119.4,1116.8,notify_listener@25/0-worker,work_queue::do_work get_work@24/?-work_queue,1865.0,1116.8,112.8,164.7,1850.5
3262,136843398279446,927.3,210.3,687.9,29.1,9.9,890.7,assemble attention plan@24/?-work_queue,Prepare hardware matmul job@24/?-work_queue,925.0,791.6,110.6,175.2,911.0
3263,136843404384023,533.3,186.7,308.2,38.4,14.0,388.2,notify_listener@25/0-worker,work_queue::do_work get_work@24/?-work_queue,530.8,388.2,134.4,143.8,514.7
3264,136843410144571,1046.8,178.5,841.7,26.5,9.4,1011.1,assemble attention plan@24/?-work_queue,Prepare hardware matmul job@24/?-work_queue,1044.8,915.2,111.3,117.2,1031.0
3265,136843416416605,820.8,181.8,593.3,45.7,16.4,678.1,notify_listener@25/0-worker,work_queue::do_work get_work@24/?-work_queue,819.0,678.1,130.4,152.1,804.6
3266,136843422446368,1564.1,393.0,1166.0,5.0,2.2,213.8,Prepare hardware matmul job@24/?-work_queue,Launch hardware matmul job@24/?-work_queue,597.7,1564.1,593.0,597.7,
3267,136843424740677,944.5,718.7,14.0,211.8,155.9,760.7,assemble attention plan@24/?-work_queue,Prepare hardware matmul job@24/?-work_queue,943.0,,,,
3268,136843430956985,497.7,177.6,293.7,26.5,9.7,460.7,assemble attention plan@24/?-work_queue,Prepare hardware matmul job@24/?-work_queue,495.1,359.6,126.5,131.6,481.1
3269,136843436646824,680.3,174.1,472.9,33.2,13.9,537.3,notify_listener@25/0-worker,work_queue::do_work get_work@24/?-work_queue,677.8,537.3,106.5,113.1,663.6
3270,136843442531293,2356.9,963.2,1084.4,309.2,176.7,2153.9,assemble attention plan@24/?-work_queue,Prepare hardware matmul job@24/?-work_queue,2354.9,1514.9,506.8,510.3,2341.3
3271,136843450141725,1049.9,181.3,831.7,36.9,14.7,904.1,notify_listener@25/0-worker,work_queue::do_work get_work@24/?-work_queue,1047.2,904.1,118.1,126.5,1032.9
3272,136843456382188,853.4,197.9,626.1,29.5,9.7,818.3,assemble attention plan@24/?-work_queue,Prepare hardware matmul job@24/?-work_queue,851.5,718.2,132.2,143.0,837.0
3273,136843462557156,2415.2,933.4,1148.2,333.5,171.0,2215.8,assemble attention plan@24/?-work_queue,Prepare hardware matmul job@24/?-work_queue,2412.5,1525.5,486.0,494.1,2397.3
3274,136843470185841,2839.5,1214.7,1093.6,531.2,331.4,2475.8,assemble attention plan@24/?-work_queue,Prepare hardware matmul job@24/?-work_queue,2837.6,1822.3,876.0,882.3,2821.4
3275,136843478266174,942.1,172.5,740.2,29.4,11.7,902.8,assemble attention plan@24/?-work_queue,Prepare hardware matmul job@24/?-work_queue,941.4,805.6,109.0,117.6,924.8
3276,136843484447711,811.6,186.6,586.2,38.8,14.4,667.9,notify_listener@25/0-worker,work_queue::do_work get_work@24/?-work_queue,808.9,667.9,136.4,146.4,792.2
3277,136843490608308,1545.5,425.2,1088.5,31.8,10.6,1499.0,assemble attention plan@24/?-work_queue,Prepare hardware matmul job@24/?-work_queue,1543.1,1402.8,443.7,450.1,1519.8
3278,136843497355875,1804.7,681.4,1080.6,42.7,15.3,1652.7,notify_listener@25/0-worker,work_queue::do_work get_work@24/?-work_queue,1802.2,1652.7,674.0,686.7,1780.3
3279,136843504372638,860.8,172.7,658.8,29.3,11.6,813.9,assemble attention plan@24/?-work_queue,Prepare hardware matmul job@24/?-work_queue,859.2,714.8,118.8,123.6,835.7
3280,136843510451217,1635.6,370.0,1080.3,185.3,126.9,1138.5,notify_listener@25/0-worker,work_queue::do_work get_work@24/?-work_queue,1632.6,1138.5,114.4,120.7,1610.3
3281,136843517323248,594.7,173.5,384.2,37.0,12.4,549.3,assemble attention plan@24/?-work_queue,Prepare hardware matmul job@24/?-work_queue,593.1,448.3,128.0,132.4,578.0
3282,136843523108743,1090.0,174.9,880.1,35.0,14.3,939.9,notify_listener@25/0-worker,work_queue::do_work get_work@24/?-work_queue,1087.8,939.9,123.1,130.5,1071.4
3283,136843529474550,821.4,175.0,612.9,33.4,10.4,785.1,assemble attention plan@24/?-work_queue,Prepare hardware matmul job@24/?-work_queue,819.3,670.6,108.7,113.3,805.3
3284,136843535532294,732.7,177.1,518.9,36.7,14.4,581.4,notify_listener@25/0-worker,work_queue::do_work get_work@24/?-work_queue,730.0,581.4,108.1,114.6,715.5
3285,136843541446034,821.2,182.1,606.5,32.5,12.7,782.7,assemble attention plan@24/?-work_queue,Prepare hardware matmul job@24/?-work_queue,818.7,674.1,126.8,138.4,805.3
3286,136843547492741,760.6,201.8,522.6,36.2,16.2,617.8,notify_listener@25/0-worker,work_queue::do_work get_work@24/?-work_queue,758.3,617.8,117.9,164.9,744.5
3287,136843553491395,569.2,173.5,363.5,32.1,11.7,530.7,assemble attention plan@24/?-work_queue,Prepare hardware matmul job@24/?-work_queue,568.6,427.0,102.3,123.6,552.4
3288,136843559277677,2037.2,646.0,1050.0,341.2,146.2,1862.7,assemble attention plan@24/?-work_queue,Prepare hardware matmul job@24/?-work_queue,2034.4,1118.2,125.8,129.6,2018.7
3289,136843566546140,1599.0,528.8,1039.6,30.7,11.4,1560.0,assemble attention plan@24/?-work_queue,Prepare hardware matmul job@24/?-work_queue,1596.0,1462.8,499.1,511.6,1581.5
3290,136843573369451,869.2,182.7,648.4,38.1,14.4,722.4,notify_listener@25/0-worker,work_queue::do_work get_work@24/?-work_queue,866.6,722.4,122.0,127.1,851.9
3291,136843579427546,1063.0,617.0,413.2,32.8,11.6,1024.9,assemble attention plan@24/?-work_queue,Prepare hardware matmul job@24/?-work_queue,1060.8,924.2,616.5,632.7,1046.8
3292,136843585697950,658.2,188.0,433.0,37.2,14.3,518.1,notify_listener@25/0-worker,work_queue::do_work get_work@24/?-work_queue,656.2,518.1,142.8,162.2,642.1
3293,136843591548158,541.1,170.0,344.4,26.6,10.8,505.1,assemble attention plan@24/?-work_queue,Prepare hardware matmul job@24/?-work_queue,539.2,405.3,109.4,113.0,525.4
3294,136843597263377,493.5,170.8,289.4,33.3,11.4,356.2,notify_listener@25/0-worker,work_queue::do_work get_work@24/?-work_queue,491.7,356.2,119.1,124.4,478.0
3295,136843603020074,1334.7,848.1,377.3,109.3,58.3,884.9,rx collecting results@148/0-RX-13,prepare streams@25/0-worker,1333.3,1197.5,944.7,948.3,1317.2
3296,136843609566929,722.9,161.1,527.1,34.7,13.5,584.2,notify_listener@25/0-worker,work_queue::do_work get_work@24/?-work_queue,721.2,584.2,117.3,133.9,706.6
3297,136843615475139,771.2,169.8,565.5,35.9,11.0,733.6,assemble attention plan@24/?-work_queue,Prepare hardware matmul job@24/?-work_queue,768.3,633.4,112.0,116.5,762.1
3298,136843621431361,881.4,202.1,643.1,36.3,13.8,711.7,notify_listener@25/0-worker,work_queue::do_work get_work@24/?-work_queue,878.6,711.7,112.1,118.4,864.3
3299,136843627525693,776.4,178.7,562.1,35.6,10.7,739.3,assemble attention plan@24/?-work_queue,Prepare hardware matmul job@24/?-work_queue,774.1,633.1,121.3,126.5,760.6
3300,136843633514365,790.8,194.3,560.8,35.6,13.2,645.0,notify_listener@25/0-worker,work_queue::do_work get_work@24/?-work_queue,784.1,645.0,130.4,134.5,770.9
3301,136843639700515,638.6,194.8,307.8,136.0,111.7,379.4,notify_listener@25/0-worker,work_queue::do_work get_work@24/?-work_queue,636.8,379.4,126.6,130.2,605.0
3302,136843645553387,841.6,189.7,613.6,38.3,15.9,670.0,notify_listener@25/0-worker,work_queue::do_work get_work@24/?-work_queue,839.7,670.0,109.7,114.4,816.5
3303,136843651595933,679.3,176.8,474.4,28.1,11.4,635.4,assemble attention plan@24/?-work_queue,Prepare hardware matmul job@24/?-work_queue,677.4,536.0,127.2,148.0,656.8
3304,136843657480615,513.6,179.8,300.6,33.3,12.1,360.1,notify_listener@25/0-worker,work_queue::do_work get_work@24/?-work_queue,511.0,360.1,121.7,126.1,496.8
3305,136843663220813,1943.7,668.3,1176.7,98.7,44.0,637.7,legacy tx_launch@4/0-TX-13,rx collecting results@148/0-RX-13,1941.3,1789.4,795.3,804.5,1927.0
3306,136843670404726,847.0,185.9,622.6,38.4,14.9,805.6,assemble attention plan@24/?-work_queue,Prepare hardware matmul job@24/?-work_queue,844.6,694.6,128.1,133.7,830.6
3307,136843676507510,786.8,223.2,534.3,29.3,10.8,749.2,assemble attention plan@24/?-work_queue,Prepare hardware matmul job@24/?-work_queue,784.7,647.7,132.9,338.7,770.6
3308,136843682554519,730.1,180.4,510.3,39.4,17.2,581.5,notify_listener@25/0-worker,work_queue::do_work get_work@24/?-work_queue,727.4,581.5,128.6,132.4,712.9
3309,136843688535627,757.1,180.2,550.3,26.6,11.2,719.6,assemble attention plan@24/?-work_queue,Prepare hardware matmul job@24/?-work_queue,754.7,623.6,119.5,134.1,740.9
3310,136843694573600,734.4,167.9,532.5,34.0,13.8,594.5,notify_listener@25/0-worker,work_queue::do_work get_work@24/?-work_queue,731.3,594.5,109.4,134.2,717.4
3311,136843700555154,1746.3,728.2,901.1,117.1,85.5,878.2,rx collecting results@148/0-RX-13,prepare streams@25/0-worker,1743.9,1609.5,966.5,977.8,1729.3
3312,136843707622930,1488.0,216.8,1071.2,200.1,141.5,1130.6,notify_listener@25/0-worker,work_queue::do_work get_work@24/?-work_queue,1485.1,1130.6,109.2,120.6,1470.7
3313,136843714356928,1821.1,745.5,998.6,77.0,48.4,764.0,rx collecting results@148/0-RX-13,prepare streams@25/0-worker,1818.7,1682.4,814.8,820.0,1802.2
3314,136843721453870,571.6,175.4,361.0,35.1,12.3,429.1,notify_listener@25/0-worker,work_queue::do_work get_work@24/?-work_queue,569.8,429.1,118.8,122.4,554.4
3315,136843727279460,1869.2,685.9,1136.0,47.2,13.0,715.3,rx collecting results@150/0-RX-3b,rx collecting results@148/0-RX-13,1866.7,1729.8,752.5,757.6,1852.1
3316,136843734396638,836.3,173.3,625.5,37.5,15.7,692.1,notify_listener@25/0-worker,work_queue::do_work get_work@24/?-work_queue,833.7,692.1,104.1,109.3,819.7
3317,136843740497096,514.6,205.0,277.1,32.5,10.5,371.9,notify_listener@25/0-worker,work_queue::do_work get_work@24/?-work_queue,511.9,371.9,142.1,149.5,492.1
3318,136843746254711,500.4,176.2,290.1,34.1,13.0,359.0,notify_listener@25/0-worker,work_queue::do_work get_work@24/?-work_queue,498.7,359.0,113.4,117.7,485.0
3319,136843752008360,1164.2,182.9,952.3,29.0,11.0,1125.4,assemble attention plan@24/?-work_queue,Prepare hardware matmul job@24/?-work_queue,1162.0,1020.7,118.7,123.3,1146.9
3320,136843758505478,1644.6,520.4,1088.8,35.4,11.9,1504.3,notify_listener@25/0-worker,work_queue::do_work get_work@24/?-work_queue,1642.8,1504.3,534.2,545.9,1628.1
3321,136843765410363,1741.0,593.3,1061.9,85.8,34.7,36.0,rx collecting results@148/0-RX-13,kernel_add_rmsnorm_70@25/0-worker,1738.9,1600.8,637.8,649.1,1723.4
3322,136843772396183,896.3,200.4,644.8,51.1,15.4,849.2,assemble attention plan@24/?-work_queue,Prepare hardware matmul job@24/?-work_queue,893.9,746.1,155.4,166.4,875.5
3323,136843778558210,728.4,189.5,510.9,28.0,10.6,672.7,assemble attention plan@24/?-work_queue,Prepare hardware matmul job@24/?-work_queue,726.8,574.9,118.8,124.8,693.7
3324,136843784528328,580.9,176.4,370.3,34.2,14.7,428.9,notify_listener@25/0-worker,work_queue::do_work get_work@24/?-work_queue,578.7,428.9,119.1,127.3,557.5
3325,136843790338440,920.7,172.8,719.6,28.2,10.7,873.8,assemble attention plan@24/?-work_queue,Prepare hardware matmul job@24/?-work_queue,917.8,776.2,110.5,114.1,894.5
3326,136843796533338,556.5,177.9,343.6,34.9,14.7,404.5,notify_listener@25/0-worker,work_queue::do_work get_work@24/?-work_queue,554.6,404.5,103.9,107.6,539.7
3327,136843802302121,1852.6,595.9,1226.2,30.5,11.1,1805.9,assemble attention plan@24/?-work_queue,Prepare hardware matmul job@24/?-work_queue,1850.4,1705.5,735.8,748.9,1832.5
3328,136843809450865,835.8,188.3,609.4,38.0,14.6,665.5,notify_listener@25/0-worker,work_queue::do_work get_work@24/?-work_queue,833.7,665.5,165.7,185.0,818.5
3329,136843815524533,1288.5,653.0,524.2,111.4,67.0,763.4,rx collecting results@148/0-RX-13,prepare streams@25/0-worker,1286.2,1138.7,833.6,840.4,1272.1
3330,136843822124902,1061.4,215.8,810.0,35.6,15.2,917.2,notify_listener@25/0-worker,work_queue::do_work get_work@24/?-work_queue,1059.6,917.2,115.2,171.9,1044.1
3331,136843828454979,803.6,263.2,513.2,27.2,11.0,765.9,assemble attention plan@24/?-work_queue,Prepare hardware matmul job@24/?-work_queue,801.1,663.2,107.7,223.8,787.2
3332,136843834523777,2364.0,910.9,1135.1,317.9,152.1,2186.0,assemble attention plan@24/?-work_queue,Prepare hardware matmul job@24/?-work_queue,2362.5,1481.8,520.3,526.2,2348.1
3333,136843842150688,2742.1,1193.7,1160.6,387.9,154.2,2561.2,assemble attention plan@24/?-work_queue,Prepare hardware matmul job@24/?-work_queue,2739.5,1854.6,852.2,862.2,2725.5
3334,136843850180414,1244.4,676.5,466.6,101.3,72.1,719.8,rx collecting results@148/0-RX-13,prepare streams@25/0-worker,1241.9,1107.3,794.4,798.1,1227.3
3335,136843856652159,2302.7,978.3,1005.0,319.4,159.7,2114.0,assemble attention plan@24/?-work_queue,Prepare hardware matmul job@24/?-work_queue,2299.2,1371.2,429.1,434.7,2284.1
3336,136843864262197,2664.3,1214.0,1145.3,305.0,154.9,2483.0,assemble attention plan@24/?-work_queue,Prepare hardware matmul job@24/?-work_queue,2662.2,1798.8,755.9,808.6,2647.9
3337,136843872231380,979.6,183.5,761.1,35.0,10.9,941.1,assemble attention plan@24/?-work_queue,Prepare hardware matmul job@24/?-work_queue,976.9,833.8,125.3,140.5,962.3
3338,136843878506491,1592.6,379.4,1020.1,193.1,128.8,1090.7,notify_listener@25/0-worker,work_queue::do_work get_work@24/?-work_queue,1588.6,1090.7,130.0,146.4,1573.7
3339,136843885384318,1062.6,671.8,358.3,32.5,11.7,1023.2,assemble attention plan@24/?-work_queue,Prepare hardware matmul job@24/?-work_queue,1059.7,924.9,670.7,679.4,1046.1
3340,136843891749644,1384.7,174.2,1050.1,160.4,133.4,1122.3,notify_listener@25/0-worker,work_queue::do_work get_work@24/?-work_queue,1382.7,1122.3,109.8,119.1,1368.9
3341,136843898526469,763.2,178.9,553.0,31.3,10.5,726.7,assemble attention plan@24/?-work_queue,Prepare hardware matmul job@24/?-work_queue,761.0,626.5,121.1,139.7,746.9
3342,136843904541777,2421.6,1012.1,1067.9,341.5,160.1,2234.4,assemble attention plan@24/?-work_queue,Prepare hardware matmul job@24/?-work_queue,2420.0,1499.3,503.5,516.2,2404.6
3343,136843912245507,2739.0,1326.2,1081.8,331.0,176.1,2535.1,assemble attention plan@24/?-work_queue,Prepare hardware matmul job@24/?-work_queue,2736.2,1770.1,806.8,827.0,2721.2
3344,136843920272765,944.2,197.1,718.2,28.9,10.2,907.5,assemble attention plan@24/?-work_queue,Prepare hardware matmul job@24/?-work_queue,942.0,807.8,150.0,155.9,927.8
3345,136843926475374,782.7,188.2,561.1,33.4,11.7,640.5,notify_listener@25/0-worker,work_queue::do_work get_work@24/?-work_queue,777.5,640.5,129.7,136.3,763.6
3346,136843932524059,734.6,180.4,526.5,27.7,11.4,686.1,assemble attention plan@24/?-work_queue,Prepare hardware matmul job@24/?-work_queue,731.9,589.3,110.4,118.5,707.7
3347,136843938569278,2478.6,997.9,1179.4,301.4,137.5,1576.0,notify_listener@25/0-worker,work_queue::do_work get_work@24/?-work_queue,2475.9,1576.0,471.3,476.6,2453.2
3348,136843946338896,1843.0,694.1,1022.3,126.6,96.7,726.7,kernel_add_rmsnorm_71@25/0-worker,prepare streams@25/0-worker,1840.5,1695.8,826.3,839.6,1824.7
3349,136843953449636,807.5,188.9,577.5,41.1,15.0,656.0,notify_listener@25/0-worker,work_queue::do_work get_work@24/?-work_queue,805.0,656.0,139.7,154.9,789.3
3350,136843959561626,573.8,184.5,358.3,31.0,11.4,526.5,assemble attention plan@24/?-work_queue,Prepare hardware matmul job@24/?-work_queue,571.2,419.4,115.4,119.5,556.2
3351,136843965452188,794.6,177.3,582.2,35.1,13.0,645.8,notify_listener@25/0-worker,work_queue::do_work get_work@24/?-work_queue,792.2,645.8,117.0,121.8,777.9
3352,136843971566258,845.3,436.9,375.1,33.3,10.4,808.5,assemble attention plan@24/?-work_queue,Prepare hardware matmul job@24/?-work_queue,843.3,702.3,475.5,480.4,829.3
3353,136843977682633,497.9,165.9,295.2,36.8,11.4,351.2,notify_listener@25/0-worker,work_queue::do_work get_work@24/?-work_queue,495.6,351.2,102.7,113.1,481.6
3354,136843983468788,808.2,158.6,609.4,40.2,15.0,765.7,assemble attention plan@24/?-work_queue,Prepare hardware matmul job@24/?-work_queue,805.9,661.7,106.5,113.5,790.7
3355,136843989611813,1514.2,278.7,1070.2,165.4,112.5,1202.2,notify_listener@25/0-worker,work_queue::do_work get_work@24/?-work_queue,1511.7,1202.2,129.8,217.3,1495.6
3356,136843996408948,1762.2,702.7,1028.3,31.2,9.8,1725.9,assemble attention plan@24/?-work_queue,Prepare hardware matmul job@24/?-work_queue,1760.0,1625.4,625.0,763.7,1745.4
3357,136844003458511,785.4,162.7,585.4,37.4,13.0,643.1,notify_listener@25/0-worker,work_queue::do_work get_work@24/?-work_queue,783.4,643.1,116.7,137.8,768.6
3358,136844009622219,650.0,180.3,440.2,29.5,11.4,511.1,notify_listener@25/0-worker,work_queue::do_work get_work@24/?-work_queue,648.2,511.1,113.1,119.0,634.9
3359,136844015668684,704.9,204.4,462.7,37.8,14.8,538.1,notify_listener@25/0-worker,work_queue::do_work get_work@24/?-work_queue,702.5,538.1,111.8,150.8,688.1
3360,136844021698783,1468.2,991.3,366.2,110.8,82.2,1002.5,rx collecting results@148/0-RX-13,prepare streams@25/0-worker,1464.9,1329.8,1092.6,1105.4,1450.0
3361,136844028545911,718.4,177.4,508.1,33.0,14.7,573.1,notify_listener@25/0-worker,work_queue::do_work get_work@24/?-work_queue,716.2,573.1,112.7,118.8,701.7
3362,136844034538811,1613.7,497.4,1082.4,33.9,11.3,1574.3,assemble attention plan@24/?-work_queue,Prepare hardware matmul job@24/?-work_queue,1611.3,1475.8,507.3,524.5,1596.0
3363,136844041546578,1603.2,561.5,1004.8,36.9,12.3,1564.2,assemble attention plan@24/?-work_queue,Prepare hardware matmul job@24/?-work_queue,1600.9,1460.0,509.6,516.9,1587.1
3364,136844048554890,484.1,173.1,272.7,38.4,15.4,443.0,assemble attention plan@24/?-work_queue,Prepare hardware matmul job@24/?-work_queue,482.5,340.1,110.9,115.8,468.3
3365,136844054311620,1770.4,567.2,1036.9,166.3,122.9,1096.0,notify_listener@25/0-worker,work_queue::do_work get_work@24/?-work_queue,1767.7,1096.0,116.5,120.3,1753.0
3366,136844061386799,852.3,194.4,625.2,32.7,10.3,815.1,assemble attention plan@24/?-work_queue,Prepare hardware matmul job@24/?-work_queue,850.5,713.7,133.6,148.4,835.2
3367,136844067496556,525.7,188.6,304.2,33.0,14.0,379.0,notify_listener@25/0-worker,work_queue::do_work get_work@24/?-work_queue,523.1,379.0,132.3,140.3,508.3
3368,136844073331158,896.1,178.6,688.8,28.7,10.3,858.7,assemble attention plan@24/?-work_queue,Prepare hardware matmul job@24/?-work_queue,893.7,756.9,112.0,118.6,879.1
3369,136844079510577,743.0,174.8,532.7,35.5,13.1,603.1,notify_listener@25/0-worker,work_queue::do_work get_work@24/?-work_queue,740.6,603.1,116.7,124.0,726.8
3370,136844085553435,739.4,194.1,512.7,32.6,16.6,675.6,assemble attention plan@24/?-work_queue,Prepare hardware matmul job@24/?-work_queue,737.7,578.2,128.8,142.3,702.0
3371,136844091538912,741.4,170.2,537.5,33.7,14.4,590.8,notify_listener@25/0-worker,work_queue::do_work get_work@24/?-work_queue,739.5,590.8,106.4,119.0,721.4
3372,136844097546237,750.8,199.6,519.7,31.5,9.4,690.5,assemble attention plan@24/?-work_queue,Prepare hardware matmul job@24/?-work_queue,748.0,591.1,123.0,129.2,710.9
3373,136844103585706,1638.7,589.1,909.5,140.2,79.6,683.9,rx collecting results@148/0-RX-13,prepare streams@25/0-worker,1636.7,1484.5,766.6,776.8,1620.4
3374,136844110491445,1691.4,675.8,986.9,28.7,11.5,1646.6,assemble attention plan@24/?-work_queue,Prepare hardware matmul job@24/?-work_queue,1688.5,1514.1,570.6,578.8,1675.0
3375,136844117423007,2616.9,1195.7,1069.1,352.1,115.3,1550.3,notify_listener@25/0-worker,work_queue::do_work get_work@24/?-work_queue,2614.5,1550.3,610.2,621.2,2600.3
3376,136844125348069,918.9,190.0,691.3,37.6,10.5,760.8,notify_listener@25/0-worker,work_queue::do_work get_work@24/?-work_queue,917.2,760.8,111.9,119.6,903.0
3377,136844131531890,786.9,193.7,557.0,36.2,15.1,629.8,notify_listener@25/0-worker,work_queue::do_work get_work@24/?-work_queue,784.8,629.8,138.2,146.3,770.5
3378,136844137595279,689.2,169.0,487.8,32.4,13.9,548.0,notify_listener@25/0-worker,work_queue::do_work get_work@24/?-work_queue,686.4,548.0,127.0,135.9,672.0
3379,136844143541745,731.7,202.8,494.3,34.6,13.0,588.6,notify_listener@25/0-worker,work_queue::do_work get_work@24/?-work_queue,729.6,588.6,114.7,158.4,716.0
3380,136844149570758,694.1,187.2,477.5,29.4,10.4,657.4,assemble attention plan@24/?-work_queue,Prepare hardware matmul job@24/?-work_queue,694.6,555.3,123.8,133.6,690.7
3381,136844155839405,1351.0,314.6,995.1,41.3,15.9,1182.9,notify_listener@25/0-worker,work_queue::do_work get_work@24/?-work_queue,1349.1,1182.9,257.6,261.4,1334.3
3382,136844162450955,797.5,248.1,519.3,30.1,11.0,758.6,assemble attention plan@24/?-work_queue,Prepare hardware matmul job@24/?-work_queue,795.0,656.3,150.7,160.2,780.1
3383,136844168536613,2015.0,637.9,1007.7,369.3,183.1,1805.4,assemble attention plan@24/?-work_queue,Prepare hardware matmul job@24/?-work_queue,2013.2,1075.5,116.6,122.0,1999.2
3384,136844175832640,564.4,186.8,344.6,33.0,9.8,527.9,assemble attention plan@24/?-work_queue,Prepare hardware matmul job@24/?-work_queue,561.8,428.4,118.8,122.3,547.3
3385,136844181780267,538.9,176.5,325.5,36.9,16.4,391.9,notify_listener@25/0-worker,work_queue::do_work get_work@24/?-work_queue,536.5,391.9,117.0,125.5,521.2
3386,136844187631443,667.4,168.6,462.1,36.8,14.0,627.8,assemble attention plan@24/?-work_queue,Prepare hardware matmul job@24/?-work_queue,665.2,529.3,101.0,105.1,651.5
3387,136844193594196,721.8,172.7,513.5,35.7,12.9,580.2,notify_listener@25/0-worker,work_queue::do_work get_work@24/?-work_queue,719.7,580.2,111.3,115.5,705.8
3388,136844199614297,673.5,165.8,476.3,31.5,10.7,637.2,assemble attention plan@24/?-work_queue,Prepare hardware matmul job@24/?-work_queue,671.8,539.5,106.2,110.4,658.5
3389,136844205540036,752.9,175.9,539.5,37.5,15.5,608.0,notify_listener@25/0-worker,work_queue::do_work get_work@24/?-work_queue,750.5,608.0,126.8,134.2,737.1
3390,136844211665260,1439.0,237.0,1071.0,131.1,84.7,1123.5,notify_listener@25/0-worker,work_queue::do_work get_work@24/?-work_queue,1437.1,1123.5,116.5,121.9,1423.2
3391,136844218417563,868.9,197.4,634.1,37.3,14.8,724.0,notify_listener@25/0-worker,work_queue::do_work get_work@24/?-work_queue,865.8,724.0,133.8,138.5,851.8
3392,136844224605851,657.4,175.4,452.4,29.6,11.4,619.7,assemble attention plan@24/?-work_queue,Prepare hardware matmul job@24/?-work_queue,655.3,520.7,113.2,117.3,640.6
3393,136844230545453,776.3,181.1,558.9,36.4,13.7,620.6,notify_listener@25/0-worker,work_queue::do_work get_work@24/?-work_queue,773.5,620.6,112.0,115.7,758.3
3394,136844236645525,1498.6,367.9,1096.8,33.9,9.9,1460.9,assemble attention plan@24/?-work_queue,Prepare hardware matmul job@24/?-work_queue,1495.8,1361.6,413.1,424.7,1480.8
3395,136844243465086,821.6,176.1,606.3,39.1,16.5,678.0,notify_listener@25/0-worker,work_queue::do_work get_work@24/?-work_queue,819.3,678.0,110.9,116.2,805.6
3396,136844249527955,1575.0,268.4,1151.2,155.4,99.9,1217.9,notify_listener@25/0-worker,work_queue::do_work get_work@24/?-work_queue,1572.6,1217.9,122.4,141.5,1557.9
3397,136844256449576,599.4,174.3,387.6,37.5,13.5,457.6,notify_listener@25/0-worker,work_queue::do_work get_work@24/?-work_queue,597.7,457.6,121.3,124.9,584.1
3398,136844262308137,915.8,175.9,711.9,28.1,9.5,778.8,notify_listener@25/0-worker,work_queue::do_work get_work@24/?-work_queue,914.0,778.8,132.1,135.7,897.5
3399,136844268553014,717.6,202.9,474.9,39.9,13.4,570.5,notify_listener@25/0-worker,work_queue::do_work get_work@24/?-work_queue,711.5,570.5,147.8,152.7,697.4
3400,136844274544543,716.4,171.1,515.0,30.4,11.0,571.5,notify_listener@25/0-worker,work_queue::do_work get_work@24/?-work_queue,714.3,571.5,104.6,108.8,691.2
3401,136844280537508,986.9,493.8,318.9,174.1,148.2,805.8,assemble attention plan@24/?-work_queue,Prepare hardware matmul job@24/?-work_queue,985.5,375.8,103.4,126.7,964.5
3402,136844286777724,555.0,190.0,329.2,35.9,16.1,506.2,assemble attention plan@24/?-work_queue,Prepare hardware matmul job@24/?-work_queue,552.5,395.5,127.0,131.5,532.0
3403,136844292659449,684.9,234.7,415.7,34.5,14.4,534.2,notify_listener@25/0-worker,work_queue::do_work get_work@24/?-work_queue,683.0,534.2,111.4,115.0,663.4
3404,136844298632856,700.8,179.3,492.9,28.6,10.1,660.4,assemble attention plan@24/?-work_queue,Prepare hardware matmul job@24/?-work_queue,698.9,559.5,108.0,112.0,680.1
3405,136844304604936,723.4,262.2,426.7,34.6,14.1,574.5,notify_listener@25/0-worker,work_queue::do_work get_work@24/?-work_queue,721.8,574.5,124.6,134.8,707.0
3406,136844310585775,734.7,201.8,495.7,37.2,11.4,687.1,assemble attention plan@24/?-work_queue,Prepare hardware matmul job@24/?-work_queue,731.2,586.1,158.2,327.8,715.7
3407,136844316595211,1521.6,305.7,1051.9,164.0,113.0,1102.0,notify_listener@25/0-worker,work_queue::do_work get_work@24/?-work_queue,1521.5,1102.0,107.5,110.8,1504.3
3408,136844323537172,734.0,184.4,511.7,37.9,11.1,687.7,assemble attention plan@24/?-work_queue,Prepare hardware matmul job@24/?-work_queue,731.8,579.4,117.9,125.6,717.6
3409,136844329567825,708.0,167.4,495.6,45.1,14.8,551.2,notify_listener@25/0-worker,work_queue::do_work get_work@24/?-work_queue,705.4,551.2,102.0,106.6,691.1
3410,136844335619291,1533.2,383.5,1115.9,33.9,10.2,1495.8,assemble attention plan@24/?-work_queue,Prepare hardware matmul job@24/?-work_queue,1530.9,1387.1,433.9,450.7,1515.2
3411,136844342451610,820.8,183.9,590.7,46.2,14.9,652.4,notify_listener@25/0-worker,work_queue::do_work get_work@24/?-work_queue,818.6,652.4,120.5,125.3,804.9
3412,136844348566921,705.3,202.7,474.6,28.0,10.1,668.3,assemble attention plan@24/?-work_queue,Prepare hardware matmul job@24/?-work_queue,703.3,567.3,113.4,155.3,688.8
3413,136844354553379,1605.1,530.1,1035.2,39.8,12.8,1463.3,notify_listener@25/0-worker,work_queue::do_work get_work@24/?-work_queue,1603.0,1463.3,495.7,563.9,1588.9
3414,136844361464467,776.2,175.4,566.0,34.8,12.1,737.8,assemble attention plan@24/?-work_queue,Prepare hardware matmul job@24/?-work_queue,774.1,638.8,117.3,123.5,760.0
3415,136844367528342,486.0,168.2,280.5,37.3,15.3,337.5,notify_listener@25/0-worker,work_queue::do_work get_work@24/?-work_queue,484.1,337.5,99.8,103.9,463.7
3416,136844373327467,882.4,177.1,678.6,26.6,9.5,845.5,assemble attention plan@24/?-work_queue,Prepare hardware matmul job@24/?-work_queue,879.7,748.9,124.3,129.7,865.3
3417,136844379513362,800.2,189.9,574.2,36.1,14.9,655.5,notify_listener@25/0-worker,work_queue::do_work get_work@24/?-work_queue,798.1,655.5,129.1,137.3,784.4
3418,136844385583396,2424.9,851.2,1147.0,426.7,311.0,2080.9,assemble attention plan@24/?-work_queue,Prepare hardware matmul job@24/?-work_queue,2422.6,1423.0,466.1,477.4,2402.6
3419,136844393330716,891.2,186.8,669.0,35.4,15.1,745.4,notify_listener@25/0-worker,work_queue::do_work get_work@24/?-work_queue,889.1,745.4,127.6,131.3,874.1
3420,136844399571693,685.5,172.2,478.9,34.4,10.0,552.5,notify_listener@25/0-worker,work_queue::do_work get_work@24/?-work_queue,683.4,552.5,123.8,135.0,669.8
3421,136844405666658,667.7,232.7,396.9,38.1,15.1,518.1,notify_listener@25/0-worker,work_queue::do_work get_work@24/?-work_queue,665.9,518.1,117.4,149.8,651.9
3422,136844411617244,771.3,471.2,272.1,28.0,10.3,732.4,assemble attention plan@24/?-work_queue,Prepare hardware matmul job@24/?-work_queue,769.5,628.5,399.6,408.9,753.9
3423,136844417687754,610.7,191.5,384.2,35.0,15.2,464.4,notify_listener@25/0-worker,work_queue::do_work get_work@24/?-work_queue,608.6,464.4,133.2,143.2,593.9
3424,136844423558079,736.8,191.5,510.5,34.8,11.3,699.0,assemble attention plan@24/?-work_queue,Prepare hardware matmul job@24/?-work_queue,735.3,599.6,142.8,149.8,720.4
3425,136844429717174,625.2,178.4,410.4,36.5,15.9,477.4,notify_listener@25/0-worker,work_queue::do_work get_work@24/?-work_queue,622.9,477.4,111.6,120.8,605.0
3426,136844435476314,1749.6,515.0,1204.9,29.6,10.5,1704.6,assemble attention plan@24/?-work_queue,Prepare hardware matmul job@24/?-work_queue,1747.1,1603.1,570.7,575.1,1725.5
3427,136844442620780,2437.8,908.8,1346.1,182.9,120.0,1661.3,notify_listener@25/0-worker,work_queue::do_work get_work@24/?-work_queue,2436.0,1661.3,425.5,450.0,2412.2
3428,136844450396847,627.1,179.6,417.6,29.9,10.1,577.7,assemble attention plan@24/?-work_queue,Prepare hardware matmul job@24/?-work_queue,624.8,476.0,122.6,128.2,597.7
3429,136844456360102,912.5,205.3,672.3,35.0,13.4,755.4,notify_listener@25/0-worker,work_queue::do_work get_work@24/?-work_queue,909.8,755.4,135.5,150.3,892.1
3430,136844462600471,1554.2,470.4,1049.3,34.5,10.2,1510.1,assemble attention plan@24/?-work_queue,Prepare hardware matmul job@24/?-work_queue,1552.0,1412.0,442.5,445.9,1538.4
3431,136844469571667,881.2,448.0,392.6,40.7,15.0,722.5,notify_listener@25/0-worker,work_queue::do_work get_work@24/?-work_queue,879.0,722.5,477.3,485.4,864.9
3432,136844475806250,1361.6,286.2,1040.8,34.7,9.4,1308.6,assemble attention plan@24/?-work_queue,Prepare hardware matmul job@24/?-work_queue,1359.7,1205.6,252.7,263.1,1344.7
3433,136844482429982,821.8,166.4,608.7,46.7,20.2,773.6,assemble attention plan@24/?-work_queue,Prepare hardware matmul job@24/?-work_queue,820.0,667.5,109.6,114.4,805.2
3434,136844488530574,748.7,166.9,542.8,39.1,14.2,707.6,assemble attention plan@24/?-work_queue,Prepare hardware matmul job@24/?-work_queue,746.8,597.3,106.7,110.8,732.7
3435,136844494589132,2343.7,880.1,1127.4,336.2,180.5,2135.0,assemble attention plan@24/?-work_queue,Prepare hardware matmul job@24/?-work_queue,2341.5,1415.0,456.9,462.3,2325.9
3436,136844502287435,944.2,208.7,706.9,28.6,10.3,906.7,assemble attention plan@24/?-work_queue,Prepare hardware matmul job@24/?-work_queue,942.1,809.0,119.2,183.1,927.5
3437,136844508499989,782.7,191.2,558.3,33.2,13.3,627.0,notify_listener@25/0-worker,work_queue::do_work get_work@24/?-work_queue,780.1,627.0,121.4,128.3,767.0
3438,136844514728820,2000.3,607.0,1094.2,299.1,160.6,1813.3,assemble attention plan@24/?-work_queue,Prepare hardware matmul job@24/?-work_queue,1998.7,1154.4,118.1,144.3,1984.1
3439,136844522043627,1248.7,645.4,507.4,96.0,58.1,693.7,rx collecting results@148/0-RX-13,prepare streams@25/0-worker,1246.5,1104.5,753.4,757.5,1232.1
3440,136844528690809,640.9,189.6,417.8,33.5,11.3,603.2,assemble attention plan@24/?-work_queue,Prepare hardware matmul job@24/?-work_queue,638.6,500.9,118.6,122.8,625.1
3441,136844534623901,691.3,170.8,480.9,39.6,14.4,543.8,notify_listener@25/0-worker,work_queue::do_work get_work@24/?-work_queue,687.8,543.8,104.6,108.5,673.8
3442,136844540638035,2044.5,682.7,1072.8,289.0,150.1,1866.1,assemble attention plan@24/?-work_queue,Prepare hardware matmul job@24/?-work_queue,2041.7,1131.3,113.5,125.7,2027.5
3443,136844547997615,496.1,170.9,284.2,41.0,14.1,349.0,notify_listener@25/0-worker,work_queue::do_work get_work@24/?-work_queue,493.2,349.0,111.3,116.0,480.3
3444,136844553773849,474.6,172.3,271.8,30.4,10.9,334.4,notify_listener@25/0-worker,work_queue::do_work get_work@24/?-work_queue,472.3,334.4,112.1,115.5,458.6
3445,136844559543111,562.4,176.2,352.7,33.5,15.4,417.4,notify_listener@25/0-worker,work_queue::do_work get_work@24/?-work_queue,560.4,417.4,112.7,117.7,546.5
3446,136844565392272,616.4,212.5,378.2,25.8,9.5,577.0,assemble attention plan@24/?-work_queue,Prepare hardware matmul job@24/?-work_queue,614.8,455.2,139.5,143.5,596.7
3447,136844571221838,996.8,202.7,758.5,35.5,13.4,845.7,notify_listener@25/0-worker,work_queue::do_work get_work@24/?-work_queue,994.1,845.7,136.5,144.7,979.6
3448,136844577548257,500.8,179.6,293.3,27.8,10.8,463.3,assemble attention plan@24/?-work_queue,Prepare hardware matmul job@24/?-work_queue,499.2,358.4,115.3,118.9,484.6
3449,136844583314271,924.4,196.2,689.6,38.6,15.7,769.2,notify_listener@25/0-worker,work_queue::do_work get_work@24/?-work_queue,922.7,769.2,127.6,144.8,908.1
3450,136844590743529,1427.2,274.5,942.6,210.1,112.2,1023.5,notify_listener@25/0-worker,work_queue::do_work get_work@24/?-work_queue,1425.0,1023.5,115.9,122.3,1407.6
3451,136844597783676,527.8,184.3,308.7,34.8,11.5,484.6,assemble attention plan@24/?-work_queue,Prepare hardware matmul job@24/?-work_queue,520.5,373.8,125.9,131.9,506.8
3452,136844603610911,668.5,183.2,447.6,37.7,13.3,518.8,notify_listener@25/0-worker,work_queue::do_work get_work@24/?-work_queue,666.5,518.8,117.9,137.2,646.9
3453,136844609555435,1667.8,656.5,926.6,84.7,49.1,735.5,rx collecting results@148/0-RX-13,prepare streams@25/0-worker,1665.9,1504.0,786.9,791.6,1644.1
3454,136844616511090,803.6,173.2,598.0,32.4,12.1,651.8,notify_listener@25/0-worker,work_queue::do_work get_work@24/?-work_queue,800.6,651.8,121.1,125.6,778.7
3455,136844622570727,560.0,179.1,348.0,32.9,11.2,514.0,assemble attention plan@24/?-work_queue,Prepare hardware matmul job@24/?-work_queue,556.5,410.8,110.0,113.1,535.4
3456,136844628463584,788.7,168.9,585.1,34.6,13.4,639.0,notify_listener@25/0-worker,work_queue::do_work get_work@24/?-work_queue,785.9,639.0,102.1,126.4,765.0
3457,136844634545354,592.2,204.5,357.6,30.1,10.8,546.2,assemble attention plan@24/?-work_queue,Prepare hardware matmul job@24/?-work_queue,589.4,418.2,116.1,123.1,567.5
3458,136844640450820,805.8,172.3,594.7,38.8,16.2,651.3,notify_listener@25/0-worker,work_queue::do_work get_work@24/?-work_queue,804.1,651.3,121.3,125.5,782.9
3459,136844646554088,759.0,194.6,526.2,38.3,11.3,712.4,assemble attention plan@24/?-work_queue,Prepare hardware matmul job@24/?-work_queue,756.8,598.1,128.7,144.4,742.1
3460,136844652615367,1612.0,678.2,802.5,131.3,77.5,704.4,rx collecting results@148/0-RX-13,prepare streams@25/0-worker,1609.9,1462.9,807.4,871.3,1596.2
3461,136844659689621,661.0,177.5,454.0,29.4,10.6,623.0,assemble attention plan@24/?-work_queue,Prepare hardware matmul job@24/?-work_queue,658.0,510.5,109.0,112.5,644.5
3462,136844665646968,651.1,178.0,431.1,41.9,14.4,497.1,notify_listener@25/0-worker,work_queue::do_work get_work@24/?-work_queue,647.8,497.1,120.1,129.4,633.7
3463,136844671657807,577.0,162.4,385.0,29.6,10.7,539.2,assemble attention plan@24/?-work_queue,Prepare hardware matmul job@24/?-work_queue,573.4,437.9,108.3,116.0,559.7
3464,136844677455851,1693.8,230.0,1315.3,148.5,124.4,1427.0,notify_listener@25/0-worker,work_queue::do_work get_work@24/?-work_queue,1692.3,1427.0,133.8,191.1,1678.1
3465,136844684517693,492.4,175.4,280.7,36.3,13.2,446.5,assemble attention plan@24/?-work_queue,Prepare hardware matmul job@24/?-work_queue,490.8,345.0,105.6,119.6,469.9
3466,136844690294692,1788.4,542.2,1034.0,212.2,145.0,1100.3,notify_listener@25/0-worker,work_queue::do_work get_work@24/?-work_queue,1785.6,1100.3,111.4,118.7,1770.5
3467,136844697419638,821.6,211.1,578.8,31.7,10.7,782.0,assemble attention plan@24/?-work_queue,Prepare hardware matmul job@24/?-work_queue,818.5,675.9,133.3,157.8,803.4
3468,136844703519213,736.7,173.4,528.0,35.3,14.1,592.0,notify_listener@25/0-worker,work_queue::do_work get_work@24/?-work_queue,734.6,592.0,115.6,124.7,720.3
3469,136844709590377,682.2,190.6,461.2,30.3,10.7,540.5,notify_listener@25/0-worker,work_queue::do_work get_work@24/?-work_queue,679.7,540.5,124.8,130.9,666.2
3470,136844715615306,710.2,201.5,470.4,38.3,18.7,558.3,notify_listener@25/0-worker,work_queue::do_work get_work@24/?-work_queue,707.2,558.3,142.4,154.2,692.2
3471,136844721705692,2014.8,612.5,1087.5,314.8,175.3,1813.8,assemble attention plan@24/?-work_queue,Prepare hardware matmul job@24/?-work_queue,2013.4,1160.3,129.2,133.8,1999.4
3472,136844729067087,1267.3,746.5,397.8,123.0,88.4,754.4,rx collecting results@148/0-RX-13,prepare streams@25/0-worker,1264.6,1118.3,866.1,897.0,1249.3
3473,136844735690064,596.2,164.2,400.8,31.1,11.2,558.5,assemble attention plan@24/?-work_queue,Prepare hardware matmul job@24/?-work_queue,594.4,455.9,108.2,145.2,580.4
3474,136844741599110,500.3,167.2,296.8,36.2,15.9,350.9,notify_listener@25/0-worker,work_queue::do_work get_work@24/?-work_queue,498.7,350.9,113.7,117.4,484.7
3475,136844747462225,789.2,183.5,572.1,33.6,12.8,748.4,assemble attention plan@24/?-work_queue,Prepare hardware matmul job@24/?-work_queue,786.2,644.9,127.4,133.6,771.6
3476,136844753496599,1578.7,387.2,1018.6,172.9,123.4,1082.3,notify_listener@25/0-worker,work_queue::do_work get_work@24/?-work_queue,1576.7,1082.3,119.9,128.1,1563.2
3477,136844760429946,821.9,187.1,603.4,31.4,11.0,774.3,assemble attention plan@24/?-work_queue,Prepare hardware matmul job@24/?-work_queue,811.0,673.0,115.3,124.7,796.3
3478,136844766525476,1559.9,379.5,999.6,180.7,128.8,1056.9,notify_listener@25/0-worker,work_queue::do_work get_work@24/?-work_queue,1558.1,1056.9,102.4,107.5,1538.8
3479,136844773437787,982.7,601.8,347.6,33.3,13.1,932.9,assemble attention plan@24/?-work_queue,Prepare hardware matmul job@24/?-work_queue,981.0,837.6,600.7,610.3,956.5
3480,136844779738622,559.9,168.7,356.0,35.2,15.1,407.4,notify_listener@25/0-worker,work_queue::do_work get_work@24/?-work_queue,557.5,407.4,105.5,112.0,534.6
3481,136844786061139,983.0,559.9,358.0,65.1,31.1,759.3,assemble attention plan@24/?-work_queue,Prepare hardware matmul job@24/?-work_queue,974.0,402.8,88.3,92.6,854.6
3482,136844793264851,976.9,192.4,735.5,49.1,17.1,813.3,notify_listener@25/0-worker,work_queue::do_work get_work@24/?-work_queue,974.0,813.3,128.8,133.1,959.2
3483,136844799566556,707.5,192.9,479.9,34.7,9.8,565.5,notify_listener@25/0-worker,work_queue::do_work get_work@24/?-work_queue,704.6,565.5,135.2,138.9,690.4
3484,136844805575674,700.5,190.1,463.8,46.6,15.1,553.7,notify_listener@25/0-worker,work_queue::do_work get_work@24/?-work_queue,698.4,553.7,127.4,145.1,683.9
3485,136844811558499,2414.2,955.9,1113.9,344.5,190.5,2190.3,assemble attention plan@24/?-work_queue,Prepare hardware matmul job@24/?-work_queue,2411.5,1484.7,503.9,527.4,2390.6
3486,136844819330906,926.8,181.8,706.3,38.7,15.5,770.7,notify_listener@25/0-worker,work_queue::do_work get_work@24/?-work_queue,922.8,770.7,127.5,132.0,901.2
3487,136844825541740,516.6,190.8,296.6,29.2,10.5,466.3,assemble attention plan@24/?-work_queue,Prepare hardware matmul job@24/?-work_queue,513.4,358.3,120.3,137.4,486.3
3488,136844831440751,819.3,182.4,600.8,36.1,15.3,654.6,notify_listener@25/0-worker,work_queue::do_work get_work@24/?-work_queue,816.8,654.6,106.4,114.9,785.0
3489,136844837543867,736.1,171.8,535.5,28.8,11.2,688.9,assemble attention plan@24/?-work_queue,Prepare hardware matmul job@24/?-work_queue,734.0,587.2,103.6,107.7,711.0
3490,136844843672736,612.5,171.9,400.9,39.7,13.7,464.0,notify_listener@25/0-worker,work_queue::do_work get_work@24/?-work_queue,609.8,464.0,115.1,129.7,595.0
3491,136844849543656,568.4,171.8,365.8,30.9,10.5,520.3,assemble attention plan@24/?-work_queue,Prepare hardware matmul job@24/?-work_queue,566.0,415.2,107.1,115.0,550.9
3492,136844855501606,1664.8,532.4,1098.4,34.0,13.8,1504.3,notify_listener@25/0-worker,work_queue::do_work get_work@24/?-work_queue,1662.5,1504.3,543.7,547.5,1644.4
3493,136844862455316,2443.5,1068.9,1136.3,238.3,116.9,2300.7,assemble attention plan@24/?-work_queue,Prepare hardware matmul job@24/?-work_queue,2441.1,1585.5,591.4,606.2,2427.3
3494,136844870224383,2848.4,1285.9,1230.5,332.0,142.3,1822.9,notify_listener@25/0-worker,work_queue::do_work get_work@24/?-work_queue,2845.6,1822.9,802.3,857.9,2831.7
3495,136844878457864,798.1,176.1,586.6,35.5,11.0,760.2,assemble attention plan@24/?-work_queue,Prepare hardware matmul job@24/?-work_queue,796.2,651.6,131.6,136.4,781.2
3496,136844884537956,523.2,188.1,304.3,30.8,12.9,377.4,notify_listener@25/0-worker,work_queue::do_work get_work@24/?-work_queue,521.5,377.4,125.6,146.1,506.9
3497,136844890436979,1640.2,508.3,1009.5,122.4,65.2,1090.2,notify_listener@25/0-worker,work_queue::do_work get_work@24/?-work_queue,1637.7,1090.2,116.9,160.1,1622.2
3498,136844897368359,1820.1,738.5,1036.7,44.8,16.6,1775.8,assemble attention plan@24/?-work_queue,Prepare hardware matmul job@24/?-work_queue,1818.4,1644.4,674.9,682.0,1803.3
3499,136844904613812,713.7,186.9,492.5,34.3,10.5,675.6,assemble attention plan@24/?-work_queue,Prepare hardware matmul job@24/?-work_queue,711.4,565.9,114.8,130.4,696.4
3500,136844910609409,667.6,182.8,444.5,40.4,16.6,520.6,notify_listener@25/0-worker,work_queue::do_work get_work@24/?-work_queue,665.7,520.6,115.2,122.7,651.8
3501,136844916739416,1547.1,192.1,586.8,768.3,750.5,664.2,notify_listener@25/0-worker,work_queue::do_work get_work@24/?-work_queue,1544.5,664.2,142.3,146.1,1529.3
3502,136844923536515,569.4,179.6,356.1,33.8,14.4,423.1,notify_listener@25/0-worker,work_queue::do_work get_work@24/?-work_queue,567.2,423.1,124.6,129.1,553.1
3503,136844929370863,501.9,190.0,279.0,32.9,10.3,464.5,assemble attention plan@24/?-work_queue,Prepare hardware matmul job@24/?-work_queue,500.4,361.2,129.2,139.2,485.1
3504,136844935143399,2808.1,1198.3,1160.6,449.2,174.6,2607.1,assemble attention plan@24/?-work_queue,Prepare hardware matmul job@24/?-work_queue,2805.7,1861.9,867.3,874.8,2791.6
3505,136844943264498,958.2,173.4,749.6,35.2,11.2,812.3,notify_listener@25/0-worker,work_queue::do_work get_work@24/?-work_queue,955.5,812.3,110.6,114.9,940.9
3506,136844949509686,769.8,181.1,556.4,32.3,13.7,624.5,notify_listener@25/0-worker,work_queue::do_work get_work@24/?-work_queue,767.5,624.5,123.9,127.8,751.9
3507,136844955575571,580.8,179.1,370.9,30.8,12.0,541.5,assemble attention plan@24/?-work_queue,Prepare hardware matmul job@24/?-work_queue,578.8,440.6,116.1,130.4,564.7
3508,136844961467568,795.9,188.8,571.9,35.2,14.0,648.7,notify_listener@25/0-worker,work_queue::do_work get_work@24/?-work_queue,793.8,648.7,138.4,148.7,779.5
3509,136844967564025,700.7,194.2,478.2,28.4,10.9,663.5,assemble attention plan@24/?-work_queue,Prepare hardware matmul job@24/?-work_queue,698.5,564.5,129.8,138.1,684.2
3510,136844973578968,728.7,169.1,515.2,44.5,16.0,586.0,notify_listener@25/0-worker,work_queue::do_work get_work@24/?-work_queue,726.6,586.0,116.6,122.0,713.1
3511,136844979607931,664.8,180.8,451.1,32.9,11.9,625.5,assemble attention plan@24/?-work_queue,Prepare hardware matmul job@24/?-work_queue,661.7,522.0,125.3,134.0,646.9
3512,136844985603739,727.8,185.2,508.5,34.1,12.9,581.7,notify_listener@25/0-worker,work_queue::do_work get_work@24/?-work_queue,725.5,581.7,124.8,131.8,707.9
3513,136844991601679,719.0,174.6,513.7,30.7,10.8,672.0,assemble attention plan@24/?-work_queue,Prepare hardware matmul job@24/?-work_queue,715.3,566.0,115.5,124.4,693.5
3514,136844997561503,510.9,177.6,293.2,40.1,17.6,458.0,assemble attention plan@24/?-work_queue,Prepare hardware matmul job@24/?-work_queue,508.3,346.3,123.9,131.9,485.7
3515,136845003394293,3769.3,2089.0,1269.8,410.4,174.7,3566.0,assemble attention plan@24/?-work_queue,Prepare hardware matmul job@24/?-work_queue,3764.9,2025.9,855.6,866.4,3751.6
3516,136845012436460,815.6,191.8,592.6,31.2,11.0,776.2,assemble attention plan@24/?-work_queue,Prepare hardware matmul job@24/?-work_queue,812.8,665.3,118.9,124.4,798.8
3517,136845018517911,782.4,211.1,536.8,34.6,13.6,635.3,notify_listener@25/0-worker,work_queue::do_work get_work@24/?-work_queue,781.2,635.3,156.8,169.5,767.6
3518,136845024748641,559.2,175.7,353.5,30.1,11.4,412.9,notify_listener@25/0-worker,work_queue::do_work get_work@24/?-work_queue,556.6,412.9,105.5,111.1,542.3
3519,136845030623953,527.7,175.3,318.1,34.3,13.4,384.8,notify_listener@25/0-worker,work_queue::do_work get_work@24/?-work_queue,525.6,384.8,126.6,130.4,511.2
3520,136845036483565,788.2,195.1,561.8,31.3,12.6,749.2,assemble attention plan@24/?-work_queue,Prepare hardware matmul job@24/?-work_queue,786.2,644.5,145.2,151.7,772.2
3521,136845042552297,748.5,198.7,501.4,48.5,16.3,599.8,notify_listener@25/0-worker,work_queue::do_work get_work@24/?-work_queue,745.8,599.8,141.9,149.4,731.8
3522,136845048589971,681.0,171.7,479.0,30.3,10.5,643.1,assemble attention plan@24/?-work_queue,Prepare hardware matmul job@24/?-work_queue,679.4,536.6,107.0,113.7,663.5
3523,136845054576682,693.6,173.3,486.8,33.4,14.6,546.2,notify_listener@25/0-worker,work_queue::do_work get_work@24/?-work_queue,691.9,546.2,110.5,121.0,676.4
3524,136845060572127,744.9,181.8,532.8,30.3,10.5,707.4,assemble attention plan@24/?-work_queue,Prepare hardware matmul job@24/?-work_queue,742.4,607.1,126.4,129.9,728.6
3525,136845066614244,672.9,178.8,460.5,33.5,13.2,527.0,notify_listener@25/0-worker,work_queue::do_work get_work@24/?-work_queue,670.5,527.0,122.0,135.7,655.9
3526,136845072575802,2504.0,1035.9,1245.7,222.4,88.9,1936.7,notify_listener@25/0-worker,work_queue::do_work get_work@24/?-work_queue,2501.9,1936.7,934.3,962.8,2484.1
3527,136845080384633,860.9,189.8,634.6,36.4,14.8,708.1,notify_listener@25/0-worker,work_queue::do_work get_work@24/?-work_queue,858.2,708.1,129.6,136.5,839.8
3528,136845086543108,744.6,191.0,525.7,27.9,10.3,700.2,assemble attention plan@24/?-work_queue,Prepare hardware matmul job@24/?-work_queue,742.1,600.0,116.8,123.0,720.1
3529,136845092627417,661.6,171.4,457.4,32.8,13.3,509.2,notify_listener@25/0-worker,work_queue::do_work get_work@24/?-work_queue,659.7,509.2,114.1,121.6,637.6
3530,136845098588430,691.9,184.8,472.7,34.4,13.9,643.6,assemble attention plan@24/?-work_queue,Prepare hardware matmul job@24/?-work_queue,688.8,539.9,123.0,126.4,673.3
3531,136845104598192,686.1,183.5,467.2,35.4,15.0,528.0,notify_listener@25/0-worker,work_queue::do_work get_work@24/?-work_queue,684.4,528.0,111.0,119.9,669.1
3532,136845110556134,496.4,187.2,277.7,31.5,11.2,452.7,assemble attention plan@24/?-work_queue,Prepare hardware matmul job@24/?-work_queue,494.6,350.4,115.3,126.2,479.5
3533,136845116384875,886.0,166.4,676.0,43.6,17.4,841.3,assemble attention plan@24/?-work_queue,Prepare hardware matmul job@24/?-work_queue,883.1,732.2,103.5,107.9,868.8
3534,136845122561283,706.5,177.1,496.3,33.1,9.6,563.0,notify_listener@25/0-worker,work_queue::do_work get_work@24/?-work_queue,704.4,563.0,126.1,132.2,689.7
3535,136845128653324,562.3,172.8,354.5,35.1,15.0,405.7,notify_listener@25/0-worker,work_queue::do_work get_work@24/?-work_queue,560.2,405.7,103.7,107.2,546.1
3536,136845134495157,2548.2,1045.8,1098.5,404.0,177.5,2341.6,assemble attention plan@24/?-work_queue,Prepare hardware matmul job@24/?-work_queue,2546.6,1521.7,538.2,549.3,2529.6
3537,136845142377544,860.8,177.4,651.2,32.2,12.2,715.1,notify_listener@25/0-worker,work_queue::do_work get_work@24/?-work_queue,857.8,715.1,113.9,117.7,843.6
3538,136845148553305,479.5,180.1,265.0,34.3,15.5,436.8,assemble attention plan@24/?-work_queue,Prepare hardware matmul job@24/?-work_queue,477.1,333.9,109.7,116.4,462.7
3539,136845154338844,1078.9,596.7,434.3,47.9,15.6,929.7,notify_listener@25/0-worker,work_queue::do_work get_work@24/?-work_queue,1075.7,929.7,676.8,695.7,1061.5
3540,136845160742253,1409.8,381.7,992.0,36.2,10.8,1265.7,notify_listener@25/0-worker,work_queue::do_work get_work@24/?-work_queue,1407.2,1265.7,300.5,359.3,1393.0
3541,136845167608992,668.2,169.9,467.8,30.5,11.5,526.7,notify_listener@25/0-worker,work_queue::do_work get_work@24/?-work_queue,666.1,526.7,119.4,124.0,652.0
3542,136845173545906,711.2,184.4,485.7,41.1,9.9,674.4,assemble attention plan@24/?-work_queue,Prepare hardware matmul job@24/?-work_queue,709.7,574.5,116.1,127.4,694.7
3543,136845179562645,708.7,180.1,488.8,39.7,15.2,562.9,notify_listener@25/0-worker,work_queue::do_work get_work@24/?-work_queue,705.7,562.9,119.1,124.5,690.9
3544,136845185540540,2500.2,1126.9,1163.4,209.9,61.9,1744.3,notify_listener@25/0-worker,work_queue::do_work get_work@24/?-work_queue,2498.7,1744.3,779.8,791.3,2483.8
3545,136845193403664,517.0,190.8,293.6,32.5,10.7,372.8,notify_listener@25/0-worker,work_queue::do_work get_work@24/?-work_queue,514.5,372.8,135.6,141.1,499.0
3546,136845199236339,981.2,218.2,728.9,34.1,15.4,940.0,assemble attention plan@24/?-work_queue,Prepare hardware matmul job@24/?-work_queue,978.8,837.5,123.9,129.1,964.5
3547,136845205551082,519.1,184.7,293.8,40.6,17.1,369.7,notify_listener@25/0-worker,work_queue::do_work get_work@24/?-work_queue,516.2,369.7,127.5,133.3,502.8
3548,136845211347614,1798.3,634.8,1103.4,60.0,19.5,1648.6,notify_listener@25/0-worker,work_queue::do_work get_work@24/?-work_queue,1795.6,1648.6,676.2,685.7,1782.2
3549,136845218512250,752.0,176.2,539.9,36.0,14.5,605.7,notify_listener@25/0-worker,work_queue::do_work get_work@24/?-work_queue,749.1,605.7,118.3,123.2,734.8
3550,136845224582405,845.6,510.8,303.4,31.4,8.8,809.7,assemble attention plan@24/?-work_queue,Prepare hardware matmul job@24/?-work_queue,843.6,707.6,457.7,462.4,828.9
3551,136845230777562,541.9,186.4,320.3,35.1,13.7,397.8,notify_listener@25/0-worker,work_queue::do_work get_work@24/?-work_queue,539.7,397.8,121.6,130.1,525.9
3552,136845236781522,570.1,172.6,367.0,30.5,9.9,433.2,notify_listener@25/0-worker,work_queue::do_work get_work@24/?-work_queue,567.4,433.2,110.7,116.5,553.3
3553,136845242658777,519.1,201.5,280.1,37.5,16.0,369.9,notify_listener@25/0-worker,work_queue::do_work get_work@24/?-work_queue,516.9,369.9,124.6,130.1,502.1
3554,136845248472065,776.6,187.4,557.0,32.2,10.7,739.1,assemble attention plan@24/?-work_queue,Prepare hardware matmul job@24/?-work_queue,774.6,641.9,143.2,149.6,759.8
3555,136845254595661,729.6,176.5,516.4,36.6,15.0,583.1,notify_listener@25/0-worker,work_queue::do_work get_work@24/?-work_queue,727.5,583.1,123.5,145.9,713.4
3556,136845260614992,2059.0,744.8,1013.2,301.0,178.0,1852.6,assemble attention plan@24/?-work_queue,Prepare hardware matmul job@24/?-work_queue,2056.7,1069.0,111.2,122.7,2041.7
3557,136845268019452,1312.5,715.5,469.8,127.2,87.1,764.9,rx collecting results@148/0-RX-13,prepare streams@25/0-worker,1310.5,1148.9,853.6,869.0,1297.3
3558,136845274634298,646.2,181.8,434.2,30.1,11.0,498.5,notify_listener@25/0-worker,work_queue::do_work get_work@24/?-work_queue,643.4,498.5,113.9,117.9,625.5
3559,136845280615693,721.2,182.8,499.3,39.0,12.7,569.4,notify_listener@25/0-worker,work_queue::do_work get_work@24/?-work_queue,718.7,569.4,135.0,139.5,697.6
3560,136845286640333,1513.7,377.6,1092.3,43.8,15.6,1356.7,notify_listener@25/0-worker,work_queue::do_work get_work@24/?-work_queue,1511.4,1356.7,406.3,419.4,1487.0
3561,136845293471508,799.0,168.3,597.1,33.6,14.3,644.0,notify_listener@25/0-worker,work_queue::do_work get_work@24/?-work_queue,796.4,644.0,115.7,121.6,773.9
3562,136845299558713,730.3,174.3,522.0,34.0,16.1,668.2,assemble attention plan@24/?-work_queue,Prepare hardware matmul job@24/?-work_queue,726.4,566.4,115.2,120.9,694.2
3563,136845305615628,706.7,176.7,494.2,35.8,13.5,549.0,notify_listener@25/0-worker,work_queue::do_work get_work@24/?-work_queue,704.0,549.0,100.5,104.9,681.0
3564,136845311623257,1473.8,348.1,1012.1,113.7,66.1,1073.6,notify_listener@25/0-worker,work_queue::do_work get_work@24/?-work_queue,1471.0,1073.6,107.7,124.8,1448.3
3565,136845318413413,863.3,192.3,642.3,28.7,11.2,714.3,notify_listener@25/0-worker,work_queue::do_work get_work@24/?-work_queue,861.3,714.3,124.0,131.1,846.5
3566,136845324552985,558.9,172.0,359.3,27.6,9.5,518.5,assemble attention plan@24/?-work_queue,Prepare hardware matmul job@24/?-work_queue,556.8,414.1,103.8,107.5,542.8
3567,136845330390949,900.1,180.1,682.4,37.7,15.3,745.1,notify_listener@25/0-worker,work_queue::do_work get_work@24/?-work_queue,897.9,745.1,112.1,119.1,881.9
3568,136845336639192,582.1,171.1,379.5,31.6,11.8,536.8,assemble attention plan@24/?-work_queue,Prepare hardware matmul job@24/?-work_queue,580.2,430.2,105.8,109.0,564.9
3569,136845342533898,2395.3,927.2,1120.8,347.2,133.4,2234.4,assemble attention plan@24/?-work_queue,Prepare hardware matmul job@24/?-work_queue,2393.2,1472.9,533.0,547.1,2377.9
3570,136845350328142,919.0,181.7,703.5,33.9,10.8,881.1,assemble attention plan@24/?-work_queue,Prepare hardware matmul job@24/?-work_queue,915.9,772.8,120.1,125.8,901.6
3571,136845356531748,578.9,172.2,367.2,39.5,11.8,539.6,assemble attention plan@24/?-work_queue,Prepare hardware matmul job@24/?-work_queue,576.1,421.7,103.8,107.1,561.7
3572,136845362392879,845.8,172.5,642.9,30.5,9.8,809.0,assemble attention plan@24/?-work_queue,Prepare hardware matmul job@24/?-work_queue,842.6,698.7,104.8,110.6,828.1
3573,136845368556015,705.2,166.5,508.9,29.8,11.7,563.8,notify_listener@25/0-worker,work_queue::do_work get_work@24/?-work_queue,703.5,563.8,116.0,120.3,689.0
3574,136845374538746,1556.9,335.3,1096.8,124.7,75.0,1149.5,notify_listener@25/0-worker,work_queue::do_work get_work@24/?-work_queue,1554.3,1149.5,110.1,163.8,1540.6
3575,136845381384429,857.3,196.9,625.8,34.6,11.6,712.3,notify_listener@25/0-worker,work_queue::do_work get_work@24/?-work_queue,854.5,712.3,130.3,143.2,839.4
3576,136845387543959,760.9,173.1,556.0,31.8,11.3,722.7,assemble attention plan@24/?-work_queue,Prepare hardware matmul job@24/?-work_queue,758.2,621.2,125.2,143.2,743.1
3577,136845393617066,514.3,167.4,306.5,40.4,16.5,364.1,notify_listener@25/0-worker,work_queue::do_work get_work@24/?-work_queue,511.7,364.1,114.7,118.6,498.5
3578,136845399384748,853.6,195.0,623.6,35.0,15.3,809.9,assemble attention plan@24/?-work_queue,Prepare hardware matmul job@24/?-work_queue,850.3,707.4,130.3,135.1,835.0
3579,136845405543830,750.3,189.1,526.7,34.6,13.7,601.5,notify_listener@25/0-worker,work_queue::do_work get_work@24/?-work_queue,748.4,601.5,128.3,158.1,733.9
3580,136845411704595,1454.1,349.9,1059.6,44.6,11.4,0.8,rx collecting results@147/0-RX-10,Prepare hardware matmul job@24/?-work_queue,1452.6,1308.3,341.1,352.0,1438.0
3581,136845418589390,690.6,179.6,477.0,34.0,14.6,540.0,notify_listener@25/0-worker,work_queue::do_work get_work@24/?-work_queue,688.0,540.0,133.8,142.9,673.2
3582,136845424565220,703.5,176.6,491.5,35.3,10.0,667.4,assemble attention plan@24/?-work_queue,Prepare hardware matmul job@24/?-work_queue,700.6,561.6,114.8,119.3,687.2
3583,136845430616719,669.5,185.6,449.5,34.3,14.6,524.6,notify_listener@25/0-worker,work_queue::do_work get_work@24/?-work_queue,667.3,524.6,126.3,130.3,652.8
3584,136845436563683,555.4,174.0,352.6,28.8,10.8,517.6,assemble attention plan@24/?-work_queue,Prepare hardware matmul job@24/?-work_queue,552.6,413.9,112.8,116.2,539.0
3585,136845442451110,1756.0,687.9,951.1,117.0,65.1,752.1,rx collecting results@148/0-RX-13,prepare streams@25/0-worker,1754.6,1608.3,819.2,832.0,1739.3
3586,136845449519939,759.4,177.4,552.1,29.9,10.1,721.6,assemble attention plan@24/?-work_queue,Prepare hardware matmul job@24/?-work_queue,757.0,618.6,121.2,126.5,741.8
3587,136845455566596,2421.0,1003.9,1068.4,348.7,156.2,2236.7,assemble attention plan@24/?-work_queue,Prepare hardware matmul job@24/?-work_queue,2419.0,1467.4,473.1,487.3,2404.0
3588,136845463343863,593.9,182.6,375.8,35.5,10.9,555.9,assemble attention plan@24/?-work_queue,Prepare hardware matmul job@24/?-work_queue,591.4,452.7,125.7,129.7,577.2
3589,136845469253072,965.8,189.4,743.4,33.0,11.9,820.4,notify_listener@25/0-worker,work_queue::do_work get_work@24/?-work_queue,963.5,820.4,133.8,139.0,950.1
3590,136845475595520,591.9,187.3,375.6,29.0,10.9,546.5,assemble attention plan@24/?-work_queue,Prepare hardware matmul job@24/?-work_queue,588.8,445.1,129.2,133.0,566.9
3591,136845481506858,817.5,207.8,574.2,35.5,14.4,663.4,notify_listener@25/0-worker,work_queue::do_work get_work@24/?-work_queue,815.3,663.4,146.8,178.2,795.1
3592,136845487647154,636.1,185.5,415.1,35.5,10.9,591.5,assemble attention plan@24/?-work_queue,Prepare hardware matmul job@24/?-work_queue,633.4,490.1,126.8,141.9,612.2
3593,136845493564216,757.2,178.6,541.6,37.0,15.5,597.2,notify_listener@25/0-worker,work_queue::do_work get_work@24/?-work_queue,754.5,597.2,127.9,132.1,732.8
3594,136845499634749,555.7,170.0,346.6,39.1,14.9,502.5,assemble attention plan@24/?-work_queue,Prepare hardware matmul job@24/?-work_queue,553.4,399.7,95.6,99.5,527.4
3595,136845505507936,2536.3,1050.4,1120.4,365.4,170.1,2330.6,assemble attention plan@24/?-work_queue,Prepare hardware matmul job@24/?-work_queue,2533.3,1540.4,540.7,548.1,2512.3
3596,136845513388613,855.6,179.9,646.4,29.4,10.4,810.7,assemble attention plan@24/?-work_queue,Prepare hardware matmul job@24/?-work_queue,853.0,703.8,101.1,107.9,831.1
3597,136845519516957,529.4,193.6,301.9,33.9,12.9,357.5,notify_listener@25/0-worker,work_queue::do_work get_work@24/?-work_queue,526.7,357.5,113.2,117.8,490.3
3598,136845525346762,1819.4,634.5,1152.0,32.9,11.9,1770.3,assemble attention plan@24/?-work_queue,Prepare hardware matmul job@24/?-work_queue,1817.5,1661.8,708.1,718.0,1792.1
3599,136845532550932,731.2,176.0,521.8,33.5,11.8,576.6,notify_listener@25/0-worker,work_queue::do_work get_work@24/?-work_queue,729.0,576.6,111.0,115.7,715.6
3600,136845538741285,512.8,174.8,307.0,30.9,11.4,466.1,assemble attention plan@24/?-work_queue,Prepare hardware matmul job@24/?-work_queue,510.7,359.4,105.4,109.7,495.2
3601,136845544559139,690.1,170.4,416.7,102.9,82.2,469.2,notify_listener@25/0-worker,work_queue::do_work get_work@24/?-work_queue,688.1,469.2,100.9,104.7,673.9
3602,136845550578464,1638.2,676.3,863.5,98.4,53.1,754.7,rx collecting results@148/0-RX-13,prepare streams@25/0-worker,1636.3,1491.0,810.0,819.2,1621.6
3603,136845557527362,587.3,192.0,355.0,40.4,14.1,431.4,notify_listener@25/0-worker,work_queue::do_work get_work@24/?-work_queue,585.6,431.4,127.3,133.1,571.1
3604,136845563413292,834.5,186.1,612.5,35.9,11.5,795.9,assemble attention plan@24/?-work_queue,Prepare hardware matmul job@24/?-work_queue,832.0,684.3,121.6,130.7,816.9
3605,136845569570569,1590.7,391.0,1162.4,37.3,13.0,1447.1,notify_listener@25/0-worker,work_queue::do_work get_work@24/?-work_queue,1588.7,1447.1,472.0,490.0,1574.2
3606,136845576498161,767.8,201.9,534.6,31.3,11.8,729.9,assemble attention plan@24/?-work_queue,Prepare hardware matmul job@24/?-work_queue,765.7,625.4,111.3,162.2,751.0
3607,136845582545813,491.0,176.9,278.1,36.1,12.5,452.1,assemble attention plan@24/?-work_queue,Prepare hardware matmul job@24/?-work_queue,489.3,348.4,115.9,124.8,475.0
3608,136845588365406,1872.4,598.1,974.1,300.3,178.7,1666.8,assemble attention plan@24/?-work_queue,Prepare hardware matmul job@24/?-work_queue,1870.7,1024.0,105.6,125.4,1855.8
3609,136845595572951,701.6,175.5,492.6,33.6,13.6,553.5,notify_listener@25/0-worker,work_queue::do_work get_work@24/?-work_queue,698.8,553.5,115.6,122.9,684.1
3610,136845601613871,1539.3,445.8,1052.1,41.5,15.4,1497.6,assemble attention plan@24/?-work_queue,Prepare hardware matmul job@24/?-work_queue,1536.7,1392.6,426.0,432.2,1522.6
3611,136845608498093,766.7,184.0,544.0,38.6,15.7,615.0,notify_listener@25/0-worker,work_queue::do_work get_work@24/?-work_queue,763.5,615.0,117.5,121.6,748.5
3612,136845614554213,741.6,183.4,529.2,29.0,10.2,705.3,assemble attention plan@24/?-work_queue,Prepare hardware matmul job@24/?-work_queue,738.9,600.6,122.3,129.8,725.0
3613,136845620656846,802.6,333.0,430.0,39.6,12.8,652.3,notify_listener@25/0-worker,work_queue::do_work get_work@24/?-work_queue,800.0,652.3,406.4,410.4,784.5
3614,136845626751616,493.8,175.0,282.1,36.7,11.7,351.5,notify_listener@25/0-worker,work_queue::do_work get_work@24/?-work_queue,491.7,351.5,109.7,115.3,476.8
3615,136845632540148,726.3,162.9,526.4,37.0,13.7,578.9,notify_listener@25/0-worker,work_queue::do_work get_work@24/?-work_queue,724.4,578.9,102.8,113.0,709.5
3616,136845638549966,755.9,206.4,520.5,29.0,11.0,717.1,assemble attention plan@24/?-work_queue,Prepare hardware matmul job@24/?-work_queue,752.9,611.8,131.7,135.0,738.0
3617,136845644603200,725.9,180.6,510.2,35.1,13.6,581.1,notify_listener@25/0-worker,work_queue::do_work get_work@24/?-work_queue,723.6,581.1,125.6,149.1,709.5
3618,136845650652640,509.6,186.1,294.6,28.8,10.8,472.2,assemble attention plan@24/?-work_queue,Prepare hardware matmul job@24/?-work_queue,507.1,372.1,129.5,133.1,493.0
3619,136845656502065,1999.8,654.6,1047.6,297.7,132.0,1841.0,assemble attention plan@24/?-work_queue,Prepare hardware matmul job@24/?-work_queue,1997.2,1111.1,124.9,131.5,1983.1
3620,136845663907035,506.9,187.7,286.9,32.2,8.9,471.2,assemble attention plan@24/?-work_queue,Prepare hardware matmul job@24/?-work_queue,504.9,365.9,121.5,130.4,490.0
3621,136845669822573,579.9,182.1,363.8,34.1,12.9,541.2,assemble attention plan@24/?-work_queue,Prepare hardware matmul job@24/?-work_queue,578.3,429.9,129.0,136.2,564.4
3622,136845675720714,1415.1,189.9,1097.3,127.9,83.8,1169.0,notify_listener@25/0-worker,work_queue::do_work get_work@24/?-work_queue,1412.9,1169.0,115.3,128.4,1398.0
3623,136845682453933,791.3,174.0,583.2,34.0,13.9,647.2,notify_listener@25/0-worker,work_queue::do_work get_work@24/?-work_queue,788.9,647.2,106.3,112.5,774.7
3624,136845688539989,566.3,189.2,347.8,29.2,11.1,527.4,assemble attention plan@24/?-work_queue,Prepare hardware matmul job@24/?-work_queue,563.9,422.2,117.2,124.0,548.3
3625,136845694417835,826.3,189.3,600.6,36.3,14.2,677.7,notify_listener@25/0-worker,work_queue::do_work get_work@24/?-work_queue,823.2,677.7,109.3,114.5,809.5
3626,136845700598114,471.7,169.9,264.3,37.6,14.3,431.1,assemble attention plan@24/?-work_queue,Prepare hardware matmul job@24/?-work_queue,469.3,323.6,102.3,106.7,455.2
3627,136845706358344,533.1,174.3,320.1,38.8,13.3,388.2,notify_listener@25/0-worker,work_queue::do_work get_work@24/?-work_queue,530.2,388.2,99.8,103.7,516.2
3628,136845712196624,1009.2,204.8,770.7,33.6,10.3,969.1,assemble attention plan@24/?-work_queue,Prepare hardware matmul job@24/?-work_queue,1006.0,863.2,135.4,140.5,989.9
3629,136845718534468,516.4,182.4,297.2,36.7,16.4,366.1,notify_listener@25/0-worker,work_queue::do_work get_work@24/?-work_queue,513.8,366.1,115.3,126.0,499.3
3630,136845724410321,873.9,199.8,643.8,30.3,11.3,835.9,assemble attention plan@24/?-work_queue,Prepare hardware matmul job@24/?-work_queue,871.6,731.5,138.0,154.0,857.5
3631,136845730717001,579.3,170.8,370.7,37.8,14.8,433.2,notify_listener@25/0-worker,work_queue::do_work get_work@24/?-work_queue,577.3,433.2,108.7,112.5,563.5
3632,136845736661275,628.4,181.5,417.9,29.0,10.0,592.3,assemble attention plan@24/?-work_queue,Prepare hardware matmul job@24/?-work_queue,626.2,488.3,113.0,128.4,612.0
3633,136845742602744,690.4,165.9,487.3,37.2,13.6,543.3,notify_listener@25/0-worker,work_queue::do_work get_work@24/?-work_queue,687.2,543.3,110.2,122.8,673.0
3634,136845748613008,671.1,188.6,451.4,31.2,10.9,628.5,assemble attention plan@24/?-work_queue,Prepare hardware matmul job@24/?-work_queue,668.4,523.9,132.5,136.5,649.2
3635,136845754649189,2358.5,898.5,1120.7,339.3,157.7,2163.5,assemble attention plan@24/?-work_queue,Prepare hardware matmul job@24/?-work_queue,2356.8,1412.9,400.1,403.8,2331.7
3636,136845762323088,906.4,188.8,685.7,31.8,12.2,756.2,notify_listener@25/0-worker,work_queue::do_work get_work@24/?-work_queue,904.7,756.2,127.3,134.5,882.1
3637,136845768579311,2429.4,978.7,1105.3,345.4,170.7,2221.2,assemble attention plan@24/?-work_queue,Prepare hardware matmul job@24/?-work_queue,2426.4,1426.8,466.1,476.8,2401.8
3638,136845776338189,1817.3,644.3,1104.4,68.6,26.8,640.9,rx collecting results@150/0-RX-3b,rx collecting results@148/0-RX-13,1815.3,1669.6,686.4,693.0,1795.9
3639,136845783521348,578.6,178.2,363.6,36.9,12.7,427.6,notify_listener@25/0-worker,work_queue::do_work get_work@24/?-work_queue,576.6,427.6,113.1,117.2,555.2
3640,136845789517477,806.1,172.6,601.3,32.3,11.1,651.5,notify_listener@25/0-worker,work_queue::do_work get_work@24/?-work_queue,804.5,651.5,105.4,119.4,780.5
3641,136845795599431,688.9,193.9,461.2,33.8,13.9,530.7,notify_listener@25/0-worker,work_queue::do_work get_work@24/?-work_queue,685.7,530.7,117.8,129.2,669.1
3642,136845801635014,691.5,181.4,475.4,34.7,14.7,643.5,assemble attention plan@24/?-work_queue,Prepare hardware matmul job@24/?-work_queue,689.1,539.1,124.6,128.2,673.1
3643,136845807667419,2343.5,885.8,1113.5,344.2,161.0,2141.4,assemble attention plan@24/?-work_queue,Prepare hardware matmul job@24/?-work_queue,2341.1,1351.3,376.2,381.5,2319.2
3644,136845815415708,851.7,202.3,614.0,35.4,10.5,814.8,assemble attention plan@24/?-work_queue,Prepare hardware matmul job@24/?-work_queue,849.7,682.0,118.1,130.2,834.9
3645,136845821595599,1536.2,201.2,1039.9,295.1,236.1,1091.5,notify_listener@25/0-worker,work_queue::do_work get_work@24/?-work_queue,1534.4,1091.5,106.1,130.0,1520.3
3646,136845828491832,784.1,183.4,564.0,36.8,10.4,746.1,assemble attention plan@24/?-work_queue,Prepare hardware matmul job@24/?-work_queue,781.7,629.1,147.1,152.9,766.8
3647,136845834548051,599.8,191.1,373.4,35.4,13.8,448.4,notify_listener@25/0-worker,work_queue::do_work get_work@24/?-work_queue,597.9,448.4,122.3,136.0,584.1
3648,136845840521327,739.6,231.6,475.7,32.4,10.5,701.7,assemble attention plan@24/?-work_queue,Prepare hardware matmul job@24/?-work_queue,737.6,595.9,121.0,178.2,722.4
3649,136845846622550,1538.3,449.5,1047.1,41.6,13.6,1389.7,notify_listener@25/0-worker,work_queue::do_work get_work@24/?-work_queue,1534.8,1389.7,423.9,466.5,1520.7
3650,136845853539919,731.1,173.6,528.8,28.6,10.1,694.9,assemble attention plan@24/?-work_queue,Prepare hardware matmul job@24/?-work_queue,728.8,589.8,119.1,125.8,714.8
3651,136845859648348,1491.9,180.0,1098.8,213.0,175.1,1150.3,notify_listener@25/0-worker,work_queue::do_work get_work@24/?-work_queue,1489.7,1150.3,116.3,120.2,1475.1
3652,136845866455746,845.1,200.1,613.0,31.9,11.4,806.3,assemble attention plan@24/?-work_queue,Prepare hardware matmul job@24/?-work_queue,842.1,701.8,143.6,148.8,827.3
3653,136845872649013,631.9,176.4,419.5,36.0,14.4,485.7,notify_listener@25/0-worker,work_queue::do_work get_work@24/?-work_queue,629.8,485.7,110.9,121.4,615.7
3654,136845878625035,566.3,179.1,360.2,27.0,11.1,529.3,assemble attention plan@24/?-work_queue,Prepare hardware matmul job@24/?-work_queue,564.1,426.1,124.6,129.0,550.3
3655,136845884519261,746.9,175.6,538.8,32.5,13.4,606.3,notify_listener@25/0-worker,work_queue::do_work get_work@24/?-work_queue,745.1,606.3,112.0,119.0,730.7
3656,136845890604627,1553.5,463.9,1055.6,33.9,11.9,1514.6,assemble attention plan@24/?-work_queue,Prepare hardware matmul job@24/?-work_queue,1550.6,1412.5,436.3,453.5,1536.4
3657,136845897499139,761.2,173.0,552.6,35.6,14.5,610.5,notify_listener@25/0-worker,work_queue::do_work get_work@24/?-work_queue,758.2,610.5,107.1,112.6,743.8
3658,136845903567303,706.7,179.1,486.9,40.7,14.7,664.8,assemble attention plan@24/?-work_queue,Prepare hardware matmul job@24/?-work_queue,703.4,556.8,119.3,122.6,688.8
3659,136845909602218,520.8,193.3,291.1,36.4,16.2,368.3,notify_listener@25/0-worker,work_queue::do_work get_work@24/?-work_queue,518.5,368.3,126.0,129.9,503.4
3660,136845915532730,736.0,181.8,518.5,35.7,11.1,588.2,notify_listener@25/0-worker,work_queue::do_work get_work@24/?-work_queue,733.6,588.2,116.2,129.7,720.5
3661,136845921751491,567.1,183.0,348.6,35.6,15.5,413.1,notify_listener@25/0-worker,work_queue::do_work get_work@24/?-work_queue,564.3,413.1,118.1,121.9,551.0
3662,136845927642961,2397.9,1085.5,1043.3,269.1,109.6,2259.3,assemble attention plan@24/?-work_queue,Prepare hardware matmul job@24/?-work_queue,2395.0,1412.3,449.7,472.9,2380.1
3663,136845935417833,826.7,174.0,616.8,35.9,14.4,675.1,notify_listener@25/0-worker,work_queue::do_work get_work@24/?-work_queue,823.8,675.1,107.6,123.1,805.6
3664,136845941591803,708.1,182.2,496.0,30.0,11.0,661.3,assemble attention plan@24/?-work_queue,Prepare hardware matmul job@24/?-work_queue,706.5,555.4,110.2,114.1,682.4
3665,136845947643594,696.4,189.7,472.1,34.6,13.5,528.4,notify_listener@25/0-worker,work_queue::do_work get_work@24/?-work_queue,693.8,528.4,103.9,109.1,659.5
3666,136845953674195,641.8,179.5,430.7,31.6,11.0,596.4,assemble attention plan@24/?-work_queue,Prepare hardware matmul job@24/?-work_queue,638.0,489.2,110.2,114.4,617.2
3667,136845959655925,580.4,177.6,367.4,35.4,14.8,423.9,notify_listener@25/0-worker,work_queue::do_work get_work@24/?-work_queue,578.3,423.9,115.0,118.4,558.4
3668,136845965540274,732.9,168.6,534.3,30.1,10.2,584.4,notify_listener@25/0-worker,work_queue::do_work get_work@24/?-work_queue,730.5,584.4,105.0,115.3,709.8
3669,136845971620285,708.4,169.7,502.0,36.7,13.3,555.4,notify_listener@25/0-worker,work_queue::do_work get_work@24/?-work_queue,704.6,555.4,116.4,126.8,685.2
3670,136845977716394,588.6,167.6,385.9,35.1,11.6,547.1,assemble attention plan@24/?-work_queue,Prepare hardware matmul job@24/?-work_queue,586.9,442.4,116.6,241.7,568.7
3671,136845983668888,706.8,208.8,450.8,47.1,15.0,546.4,notify_listener@25/0-worker,work_queue::do_work get_work@24/?-work_queue,704.4,546.4,153.5,157.4,688.4
3672,136845989747986,638.1,183.9,422.5,31.6,11.8,590.1,assemble attention plan@24/?-work_queue,Prepare hardware matmul job@24/?-work_queue,636.2,481.0,113.8,118.8,620.6
3673,136845995736743,585.1,187.7,359.8,37.6,13.0,537.6,assemble attention plan@24/?-work_queue,Prepare hardware matmul job@24/?-work_queue,583.0,430.1,114.1,131.8,567.6
3674,136846001672186,1432.3,412.0,883.5,136.9,84.5,1017.9,notify_listener@25/0-worker,work_queue::do_work get_work@24/?-work_queue,1430.3,1017.9,122.1,130.9,1414.7
3675,136846008503032,1657.7,547.2,1073.1,37.4,16.6,1502.7,notify_listener@25/0-worker,work_queue::do_work get_work@24/?-work_queue,1656.0,1502.7,534.7,545.8,1642.2
3676,136846015481342,776.9,191.7,551.3,33.9,12.4,738.0,assemble attention plan@24/?-work_queue,Prepare hardware matmul job@24/?-work_queue,774.7,627.1,118.8,127.3,760.5
3677,136846021605434,503.9,174.5,289.1,40.3,14.0,349.1,notify_listener@25/0-worker,work_queue::do_work get_work@24/?-work_queue,502.1,349.1,116.0,124.0,488.2
3678,136846027500588,748.4,170.1,550.0,28.3,10.6,712.4,assemble attention plan@24/?-work_queue,Prepare hardware matmul job@24/?-work_queue,746.9,611.3,114.9,282.4,732.6
3679,136846033733569,594.5,209.3,346.9,38.3,18.8,441.2,notify_listener@25/0-worker,work_queue::do_work get_work@24/?-work_queue,592.2,441.2,112.4,160.2,577.4
3680,136846039723091,577.9,179.3,371.4,27.1,10.4,540.0,assemble attention plan@24/?-work_queue,Prepare hardware matmul job@24/?-work_queue,575.9,437.6,118.5,132.3,561.0
3681,136846045639771,695.5,189.6,467.9,37.9,13.2,546.6,notify_listener@25/0-worker,work_queue::do_work get_work@24/?-work_queue,694.0,546.6,118.5,122.7,680.0
3682,136846051725667,640.5,199.8,411.1,29.6,10.7,498.0,notify_listener@25/0-worker,work_queue::do_work get_work@24/?-work_queue,638.9,498.0,142.3,141.6,623.3
3683,136846057727871,579.6,182.5,364.8,32.3,13.1,431.1,notify_listener@25/0-worker,work_queue::do_work get_work@24/?-work_queue,577.2,431.1,114.1,124.6,562.9
3684,136846063677396,651.0,173.6,448.1,29.3,9.9,511.6,notify_listener@25/0-worker,work_queue::do_work get_work@24/?-work_queue,648.5,511.6,107.7,111.6,635.1
3685,136846069664083,2364.0,947.4,1081.5,335.1,186.7,2146.7,assemble attention plan@24/?-work_queue,Prepare hardware matmul job@24/?-work_queue,2361.7,1375.4,381.1,389.0,2347.5
3686,136846077376411,850.8,195.7,627.6,27.5,9.1,814.9,assemble attention plan@24/?-work_queue,Prepare hardware matmul job@24/?-work_queue,848.1,714.4,135.7,158.8,834.5
3687,136846083553953,2487.3,1041.1,1156.7,289.5,140.8,1570.0,notify_listener@25/0-worker,work_queue::do_work get_work@24/?-work_queue,2484.8,1570.0,545.2,542.2,2470.3
3688,136846091468258,784.1,185.4,568.0,30.7,10.9,638.6,notify_listener@25/0-worker,work_queue::do_work get_work@24/?-work_queue,781.5,638.6,115.4,127.8,767.2
3689,136846097589241,701.7,194.8,473.3,33.6,13.3,555.8,notify_listener@25/0-worker,work_queue::do_work get_work@24/?-work_queue,699.3,555.8,114.1,121.0,685.7
3690,136846103697147,605.3,169.8,401.4,34.1,15.6,562.3,assemble attention plan@24/?-work_queue,Prepare hardware matmul job@24/?-work_queue,602.6,456.4,121.7,135.5,588.3
3691,136846109663400,642.5,194.6,414.9,32.9,11.6,492.1,notify_listener@25/0-worker,work_queue::do_work get_work@24/?-work_queue,640.1,492.1,123.0,142.0,625.1
3692,136846115654179,629.8,178.5,421.8,29.6,9.8,594.7,assemble attention plan@24/?-work_queue,Prepare hardware matmul job@24/?-work_queue,627.8,486.7,114.5,118.4,614.5
3693,136846121637349,702.4,174.1,492.6,35.7,14.2,550.3,notify_listener@25/0-worker,work_queue::do_work get_work@24/?-work_queue,699.9,550.3,106.4,110.5,685.3
3694,136846127711992,578.2,180.5,367.8,30.0,9.8,437.1,notify_listener@25/0-worker,work_queue::do_work get_work@24/?-work_queue,575.9,437.1,111.3,118.4,562.0
3695,136846133632153,651.2,178.6,436.2,36.3,15.1,503.1,notify_listener@25/0-worker,work_queue::do_work get_work@24/?-work_queue,648.2,503.1,132.6,137.7,634.8
3696,136846139648977,626.4,172.4,423.5,30.6,10.8,485.9,notify_listener@25/0-worker,work_queue::do_work get_work@24/?-work_queue,624.7,485.9,113.1,120.5,609.8
3697,136846145636298,2315.7,939.8,1041.0,334.9,159.0,2130.0,assemble attention plan@24/?-work_queue,Prepare hardware matmul job@24/?-work_queue,2313.5,1370.0,410.3,420.9,2298.6
3698,136846153375876,865.7,182.8,652.9,29.9,11.1,825.7,assemble attention plan@24/?-work_queue,Prepare hardware matmul job@24/?-work_queue,862.9,722.7,120.1,128.2,847.5
3699,136846159577103,474.9,180.3,260.4,34.2,16.0,325.4,notify_listener@25/0-worker,work_queue::do_work get_work@24/?-work_queue,472.6,325.4,107.9,114.1,457.9
3700,136846165429654,849.5,177.6,636.2,35.7,13.3,810.7,assemble attention plan@24/?-work_queue,Prepare hardware matmul job@24/?-work_queue,847.5,706.4,113.2,125.2,833.4
3701,136846171726793,537.2,183.2,291.6,62.4,41.7,356.7,notify_listener@25/0-worker,work_queue::do_work get_work@24/?-work_queue,535.4,356.7,109.5,113.4,520.8
3702,136846177619238,2262.0,873.0,1121.7,267.3,147.3,2087.6,assemble attention plan@24/?-work_queue,Prepare hardware matmul job@24/?-work_queue,2260.2,1434.3,428.8,433.8,2244.8
3703,136846185272895,1801.3,570.6,1023.4,207.2,149.2,1097.2,notify_listener@25/0-worker,work_queue::do_work get_work@24/?-work_queue,1797.3,1097.2,121.1,127.0,1783.3
3704,136846192429657,835.6,169.5,632.1,34.1,10.9,795.1,assemble attention plan@24/?-work_queue,Prepare hardware matmul job@24/?-work_queue,832.5,688.1,187.1,194.8,818.1
3705,136846198604019,1507.6,282.8,1031.0,193.8,138.4,1094.8,notify_listener@25/0-worker,work_queue::do_work get_work@24/?-work_queue,1505.4,1094.8,111.9,117.3,1490.9
3706,136846205503924,812.2,170.0,600.4,41.7,16.9,763.3,assemble attention plan@24/?-work_queue,Prepare hardware matmul job@24/?-work_queue,805.5,657.9,116.6,121.3,790.9
3707,136846211664124,525.2,185.3,304.6,35.2,13.4,362.8,notify_listener@25/0-worker,work_queue::do_work get_work@24/?-work_queue,522.9,362.8,113.4,117.1,500.3
3708,136846217594022,723.1,188.8,505.8,28.5,10.8,680.0,assemble attention plan@24/?-work_queue,Prepare hardware matmul job@24/?-work_queue,720.8,573.9,117.5,126.5,701.1
3709,136846223679075,615.8,177.8,404.1,34.0,14.4,458.4,notify_listener@25/0-worker,work_queue::do_work get_work@24/?-work_queue,613.7,458.4,109.6,117.5,592.2
3710,136846229704547,555.3,167.4,355.6,32.3,10.4,407.0,notify_listener@25/0-worker,work_queue::do_work get_work@24/?-work_queue,553.5,407.0,96.1,104.0,532.0
3711,136846235640515,1522.2,364.7,1121.0,36.4,14.5,1365.0,notify_listener@25/0-worker,work_queue::do_work get_work@24/?-work_queue,1519.5,1365.0,404.1,415.1,1504.1
3712,136846242747492,571.6,188.3,349.9,33.5,11.2,410.9,notify_listener@25/0-worker,work_queue::do_work get_work@24/?-work_queue,567.9,410.9,101.5,173.9,552.3
3713,136846248661826,634.0,174.0,419.6,40.4,16.1,475.8,notify_listener@25/0-worker,work_queue::do_work get_work@24/?-work_queue,631.8,475.8,96.5,100.4,617.0
3714,136846254655608,652.4,175.2,439.5,37.7,10.8,603.6,assemble attention plan@24/?-work_queue,Prepare hardware matmul job@24/?-work_queue,650.0,500.5,99.9,104.5,634.0
3715,136846260703434,652.0,181.4,431.9,38.7,12.5,486.3,notify_listener@25/0-worker,work_queue::do_work get_work@24/?-work_queue,649.3,486.3,106.4,113.4,633.2
3716,136846266679772,509.5,176.0,305.0,28.5,9.8,360.7,notify_listener@25/0-worker,work_queue::do_work get_work@24/?-work_queue,508.0,360.7,104.0,125.8,492.7
3717,136846272532395,790.8,179.4,576.1,35.3,14.9,631.3,notify_listener@25/0-worker,work_queue::do_work get_work@24/?-work_queue,788.8,631.3,111.3,124.7,772.5
3718,136846278690519,656.0,181.9,444.9,29.2,10.0,619.1,assemble attention plan@24/?-work_queue,Prepare hardware matmul job@24/?-work_queue,653.1,501.7,102.5,106.2,638.8
3719,136846284739252,616.7,190.4,391.5,34.8,12.5,457.7,notify_listener@25/0-worker,work_queue::do_work get_work@24/?-work_queue,614.8,457.7,117.5,121.5,600.9
3720,136846290760560,589.4,164.4,385.6,39.5,11.0,550.8,assemble attention plan@24/?-work_queue,Prepare hardware matmul job@24/?-work_queue,587.6,438.3,108.2,112.3,571.7
3721,136846296733320,581.6,184.7,354.1,42.8,15.6,425.7,notify_listener@25/0-worker,work_queue::do_work get_work@24/?-work_queue,579.6,425.7,126.2,138.2,565.0
3722,136846302691232,491.8,165.1,281.8,44.9,17.2,447.8,assemble attention plan@24/?-work_queue,Prepare hardware matmul job@24/?-work_queue,489.0,337.1,105.7,109.4,474.3
3723,136846308577615,698.3,172.6,493.4,32.3,13.3,549.7,notify_listener@25/0-worker,work_queue::do_work get_work@24/?-work_queue,696.6,549.7,120.4,125.1,682.5
3724,136846314648727,689.5,206.1,452.2,31.2,11.9,649.3,assemble attention plan@24/?-work_queue,Prepare hardware matmul job@24/?-work_queue,687.3,542.2,108.2,148.3,672.0
3725,136846320692394,606.4,176.4,394.0,36.0,13.4,456.5,notify_listener@25/0-worker,work_queue::do_work get_work@24/?-work_queue,604.6,456.5,115.9,154.9,590.8
3726,136846326689736,623.5,183.3,410.2,29.9,10.4,478.5,notify_listener@25/0-worker,work_queue::do_work get_work@24/?-work_queue,621.7,478.5,110.5,117.5,607.1
3727,136846332820927,493.6,178.2,283.6,31.8,13.4,346.5,notify_listener@25/0-worker,work_queue::do_work get_work@24/?-work_queue,491.1,346.5,100.3,105.6,476.1
3728,136846338704572,2225.8,795.9,1128.4,301.4,170.5,2027.5,assemble attention plan@24/?-work_queue,Prepare hardware matmul job@24/?-work_queue,2223.4,1350.4,350.5,360.5,2208.2
3729,136846346291726,2618.7,1191.5,1089.0,338.2,173.0,2417.2,assemble attention plan@24/?-work_queue,Prepare hardware matmul job@24/?-work_queue,2616.3,1690.2,745.1,749.2,2600.6
3730,136846354273170,950.1,176.1,735.7,38.3,10.8,911.6,assemble attention plan@24/?-work_queue,Prepare hardware matmul job@24/?-work_queue,948.7,804.3,102.1,115.9,932.4
3731,136846360555709,720.3,178.1,508.5,33.7,12.5,573.9,notify_listener@25/0-worker,work_queue::do_work get_work@24/?-work_queue,718.9,573.9,121.4,140.7,704.5
3732,136846366655960,620.3,172.6,413.0,34.7,11.1,584.1,assemble attention plan@24/?-work_queue,Prepare hardware matmul job@24/?-work_queue,618.3,479.0,104.0,108.4,604.9
3733,136846372741917,1425.6,419.3,968.8,37.4,11.7,1271.5,notify_listener@25/0-worker,work_queue::do_work get_work@24/?-work_queue,1422.8,1271.5,359.1,371.6,1408.7
3734,136846379561513,1584.2,534.6,1008.8,40.9,14.8,1437.9,notify_listener@25/0-worker,work_queue::do_work get_work@24/?-work_queue,1582.0,1437.9,482.0,500.5,1567.3
3735,136846386511763,1642.3,596.7,1014.2,31.4,12.4,1498.3,notify_listener@25/0-worker,work_queue::do_work get_work@24/?-work_queue,1639.9,1498.3,552.2,565.0,1626.4
3736,136846393560688,1626.9,630.0,875.2,121.7,77.0,640.5,rx collecting results@148/0-RX-13,prepare streams@25/0-worker,1624.8,1486.8,719.6,739.2,1609.8
3737,136846400568033,714.6,176.6,504.2,33.8,13.7,566.6,notify_listener@25/0-worker,work_queue::do_work get_work@24/?-work_queue,712.4,566.6,108.1,114.7,698.8
3738,136846406673458,2729.0,1072.1,1169.6,487.2,291.9,2409.9,assemble attention plan@24/?-work_queue,Prepare hardware matmul job@24/?-work_queue,2726.7,1705.5,739.1,743.2,2711.4
3739,136846414839621,2236.0,815.0,1109.6,311.4,156.9,2051.7,assemble attention plan@24/?-work_queue,Prepare hardware matmul job@24/?-work_queue,2233.5,1281.9,239.9,244.3,2220.1
3740,136846422479136,769.5,170.4,567.7,31.4,10.4,625.7,notify_listener@25/0-worker,work_queue::do_work get_work@24/?-work_queue,766.8,625.7,107.0,111.8,752.4
3741,136846428734206,575.1,174.1,364.3,36.8,13.4,426.3,notify_listener@25/0-worker,work_queue::do_work get_work@24/?-work_queue,573.3,426.3,109.9,115.4,558.4
3742,136846434677916,1472.0,390.8,1044.8,36.5,12.0,1432.5,assemble attention plan@24/?-work_queue,Prepare hardware matmul job@24/?-work_queue,1469.9,1328.8,365.7,372.6,1454.8
3743,136846441550847,751.1,176.4,542.9,31.7,11.8,605.9,notify_listener@25/0-worker,work_queue::do_work get_work@24/?-work_queue,749.0,605.9,116.8,121.3,734.9
3744,136846447680223,645.6,166.3,447.1,32.2,11.3,504.4,notify_listener@25/0-worker,work_queue::do_work get_work@24/?-work_queue,643.9,504.4,110.4,114.0,630.3
3745,136846453710157,586.2,185.9,369.3,30.9,12.3,441.3,notify_listener@25/0-worker,work_queue::do_work get_work@24/?-work_queue,583.9,441.3,117.0,124.2,570.2
3746,136846459661945,612.5,177.0,406.5,29.1,10.9,575.5,assemble attention plan@24/?-work_queue,Prepare hardware matmul job@24/?-work_queue,610.5,472.0,111.3,118.3,595.9
3747,136846465645842,647.2,203.5,409.9,33.9,14.0,495.4,notify_listener@25/0-worker,work_queue::do_work get_work@24/?-work_queue,641.5,495.4,126.5,131.2,627.4
3748,136846471657131,1462.6,293.6,1022.9,146.1,92.4,1082.2,notify_listener@25/0-worker,work_queue::do_work get_work@24/?-work_queue,1459.9,1082.2,108.0,122.5,1445.7
3749,136846478476709,822.8,223.5,563.0,36.2,11.8,784.2,assemble attention plan@24/?-work_queue,Prepare hardware matmul job@24/?-work_queue,820.9,648.1,128.5,181.4,806.9
3750,136846484714950,600.9,196.6,376.0,28.2,11.7,562.5,assemble attention plan@24/?-work_queue,Prepare hardware matmul job@24/?-work_queue,598.3,447.2,146.8,156.1,584.3
3751,136846490718510,1447.7,364.0,1050.0,33.7,14.3,1292.8,notify_listener@25/0-worker,work_queue::do_work get_work@24/?-work_queue,1441.9,1292.8,359.5,365.8,1427.9
3752,136846497602720,686.7,186.7,465.3,34.7,10.5,525.0,notify_listener@25/0-worker,work_queue::do_work get_work@24/?-work_queue,683.7,525.0,110.0,120.8,663.9
3753,136846503629736,665.5,192.0,436.2,37.2,15.6,501.7,notify_listener@25/0-worker,work_queue::do_work get_work@24/?-work_queue,662.8,501.7,115.0,125.2,638.0
3754,136846509651449,1519.1,337.9,1145.5,35.6,15.9,1467.2,assemble attention plan@24/?-work_queue,Prepare hardware matmul job@24/?-work_queue,1517.3,1359.1,417.5,421.3,1494.3
3755,136846516545273,730.4,176.9,524.1,29.4,10.5,685.3,assemble attention plan@24/?-work_queue,Prepare hardware matmul job@24/?-work_queue,727.8,577.8,112.9,125.2,706.6
3756,136846522618201,681.3,194.6,459.7,27.0,10.5,622.1,assemble attention plan@24/?-work_queue,Prepare hardware matmul job@24/?-work_queue,679.3,513.8,122.3,126.9,643.1
3757,136846528659369,641.2,185.6,418.1,37.5,14.7,473.0,notify_listener@25/0-worker,work_queue::do_work get_work@24/?-work_queue,639.1,473.0,101.0,106.2,617.5
3758,136846534662195,2160.2,714.2,1142.7,303.2,157.1,1969.0,assemble attention plan@24/?-work_queue,Prepare hardware matmul job@24/?-work_queue,2157.6,1203.5,113.5,117.5,2137.1
3759,136846542226395,1936.1,648.6,1255.9,31.6,12.4,1780.7,notify_listener@25/0-worker,work_queue::do_work get_work@24/?-work_queue,1933.9,1780.7,802.4,807.3,1910.8
3760,136846549535292,524.3,181.7,311.3,31.3,11.3,478.4,assemble attention plan@24/?-work_queue,Prepare hardware matmul job@24/?-work_queue,521.4,371.1,107.9,112.9,500.6
3761,136846555400841,851.7,182.6,631.8,37.2,13.8,692.6,notify_listener@25/0-worker,work_queue::do_work get_work@24/?-work_queue,849.2,692.6,110.3,120.1,835.6
3762,136846561676166,515.2,163.3,313.6,38.2,18.8,468.6,assemble attention plan@24/?-work_queue,Prepare hardware matmul job@24/?-work_queue,513.0,363.9,112.1,116.3,497.6
3763,136846567595583,690.2,175.6,476.4,38.1,17.7,531.7,notify_listener@25/0-worker,work_queue::do_work get_work@24/?-work_queue,688.5,531.7,103.8,126.6,675.4
3764,136846573647222,658.4,184.3,446.1,28.0,9.7,623.3,assemble attention plan@24/?-work_queue,Prepare hardware matmul job@24/?-work_queue,655.8,510.4,119.0,130.8,642.6
3765,136846579684001,1484.1,389.9,1053.5,40.7,13.7,1325.0,notify_listener@25/0-worker,work_queue::do_work get_work@24/?-work_queue,1481.5,1325.0,356.2,365.4,1467.9
3766,136846586533164,724.0,200.3,495.0,28.7,11.7,686.6,assemble attention plan@24/?-work_queue,Prepare hardware matmul job@24/?-work_queue,721.6,585.2,114.0,159.7,708.2
3767,136846592588768,2339.2,922.4,1064.2,352.6,161.2,2151.4,assemble attention plan@24/?-work_queue,Prepare hardware matmul job@24/?-work_queue,2337.1,1416.7,452.2,461.0,2323.0
3768,136846600398140,499.5,167.8,297.6,34.2,10.7,461.4,assemble attention plan@24/?-work_queue,Prepare hardware matmul job@24/?-work_queue,496.9,351.9,104.7,108.3,482.3
3769,136846606299973,921.0,188.3,696.2,36.5,13.7,770.8,notify_listener@25/0-worker,work_queue::do_work get_work@24/?-work_queue,918.5,770.8,114.7,123.8,904.2
3770,136846612634153,677.7,202.4,441.1,34.2,15.4,634.7,assemble attention plan@24/?-work_queue,Prepare hardware matmul job@24/?-work_queue,675.1,531.3,136.6,145.9,660.5
3771,136846618660044,634.5,190.5,409.3,34.7,14.2,481.3,notify_listener@25/0-worker,work_queue::do_work get_work@24/?-work_queue,631.6,481.3,113.8,120.2,616.9
3772,136846624672469,644.8,179.2,438.3,27.4,9.7,608.8,assemble attention plan@24/?-work_queue,Prepare hardware matmul job@24/?-work_queue,642.3,503.5,105.4,109.9,628.0
3773,136846630680770,611.8,178.5,399.6,33.7,12.4,466.3,notify_listener@25/0-worker,work_queue::do_work get_work@24/?-work_queue,610.2,466.3,105.9,109.5,596.0
3774,136846636681049,645.4,174.3,441.6,29.4,9.8,609.0,assemble attention plan@24/?-work_queue,Prepare hardware matmul job@24/?-work_queue,643.0,502.4,112.5,116.4,628.8
3775,136846642687423,1480.4,471.3,976.9,32.2,11.3,1329.2,notify_listener@25/0-worker,work_queue::do_work get_work@24/?-work_queue,1477.7,1329.2,404.5,431.4,1463.6
3776,136846649573210,714.4,179.3,505.8,29.2,10.6,676.2,assemble attention plan@24/?-work_queue,Prepare hardware matmul job@24/?-work_queue,711.9,567.7,104.4,108.9,696.6
3777,136846655633486,697.4,182.0,480.3,35.1,15.7,547.0,notify_listener@25/0-worker,work_queue::do_work get_work@24/?-work_queue,694.8,547.0,110.1,119.8,679.4
3778,136846661742290,554.0,171.8,346.7,35.5,10.4,411.4,notify_listener@25/0-worker,work_queue::do_work get_work@24/?-work_queue,552.2,411.4,111.8,115.1,537.1
3779,136846667669690,622.8,178.8,408.6,35.4,14.3,470.3,notify_listener@25/0-worker,work_queue::do_work get_work@24/?-work_queue,621.1,470.3,122.5,126.6,605.4
3780,136846673734720,1419.2,337.9,1046.0,35.4,10.5,1381.1,assemble attention plan@24/?-work_queue,Prepare hardware matmul job@24/?-work_queue,1416.9,1274.9,309.8,332.3,1401.7
3781,136846680647558,684.5,176.0,471.9,36.6,12.6,535.2,notify_listener@25/0-worker,work_queue::do_work get_work@24/?-work_queue,682.1,535.2,115.4,120.5,667.5
3782,136846686725075,577.8,187.4,358.8,31.5,9.8,541.4,assemble attention plan@24/?-work_queue,Prepare hardware matmul job@24/?-work_queue,575.7,436.2,127.1,133.8,562.6
3783,136846692774752,522.1,181.6,301.8,38.6,12.5,373.9,notify_listener@25/0-worker,work_queue::do_work get_work@24/?-work_queue,520.3,373.9,121.2,128.0,505.3
3784,136846698680602,617.7,182.5,406.2,29.0,11.1,578.9,assemble attention plan@24/?-work_queue,Prepare hardware matmul job@24/?-work_queue,615.4,477.1,114.7,122.6,600.9
3785,136846704676271,664.5,165.4,460.2,39.0,13.5,518.6,notify_listener@25/0-worker,work_queue::do_work get_work@24/?-work_queue,662.4,518.6,102.3,118.1,648.8
3786,136846710708208,1402.5,259.4,1009.9,133.2,74.3,1071.3,notify_listener@25/0-worker,work_queue::do_work get_work@24/?-work_queue,1400.5,1071.3,115.5,125.7,1385.8
3787,136846717488783,817.4,177.8,600.3,39.3,14.3,665.0,notify_listener@25/0-worker,work_queue::do_work get_work@24/?-work_queue,815.2,665.0,119.4,122.6,797.7
3788,136846723685517,506.3,178.8,299.5,28.0,10.0,463.5,assemble attention plan@24/?-work_queue,Prepare hardware matmul job@24/?-work_queue,503.3,359.1,112.9,118.5,483.6
3789,136846729578239,727.8,176.2,519.7,31.9,12.2,576.8,notify_listener@25/0-worker,work_queue::do_work get_work@24/?-work_queue,725.9,576.8,107.5,113.9,706.7
3790,136846735732286,624.6,179.2,415.4,30.0,10.3,467.8,notify_listener@25/0-worker,work_queue::do_work get_work@24/?-work_queue,622.2,467.8,108.7,143.2,598.7
3791,136846741738959,789.2,318.7,427.9,42.6,13.2,637.4,notify_listener@25/0-worker,work_queue::do_work get_work@24/?-work_queue,787.2,637.4,322.6,327.0,765.8
3792,136846747976178,2064.1,691.1,1112.7,260.3,130.6,1902.9,assemble attention plan@24/?-work_queue,Prepare hardware matmul job@24/?-work_queue,2062.5,1160.2,110.0,154.9,2044.0
3793,136846755436298,494.0,178.0,278.1,38.0,12.6,337.5,notify_listener@25/0-worker,work_queue::do_work get_work@24/?-work_queue,491.8,337.5,107.6,111.1,469.9
3794,136846761306185,921.9,180.4,712.1,29.4,10.3,875.5,assemble attention plan@24/?-work_queue,Prepare hardware matmul job@24/?-work_queue,919.5,768.6,108.9,126.1,896.6
3795,136846767617981,682.7,173.2,472.2,37.3,14.9,525.3,notify_listener@25/0-worker,work_queue::do_work get_work@24/?-work_queue,681.1,525.3,108.1,112.0,665.4
3796,136846773675904,505.8,174.6,298.4,32.8,11.0,462.6,assemble attention plan@24/?-work_queue,Prepare hardware matmul job@24/?-work_queue,503.8,353.2,106.1,109.5,490.0
3797,136846779555566,734.4,180.7,519.2,34.5,12.9,577.3,notify_listener@25/0-worker,work_queue::do_work get_work@24/?-work_queue,732.3,577.3,105.4,110.3,717.6
3798,136846785661276,628.0,191.1,406.7,30.2,10.7,580.8,assemble attention plan@24/?-work_queue,Prepare hardware matmul job@24/?-work_queue,626.1,475.8,119.4,132.4,609.8
3799,136846791722183,585.5,184.8,358.8,41.8,15.0,544.9,assemble attention plan@24/?-work_queue,Prepare hardware matmul job@24/?-work_queue,583.8,436.7,125.5,137.9,570.4
3800,136846797682332,653.6,176.2,448.2,29.2,9.5,617.8,assemble attention plan@24/?-work_queue,Prepare hardware matmul job@24/?-work_queue,651.9,506.7,109.0,113.0,638.0
3801,136846803761054,583.2,173.1,372.7,37.3,14.0,424.6,notify_listener@25/0-worker,work_queue::do_work get_work@24/?-work_queue,581.2,424.6,104.8,108.2,567.5
3802,136846809726678,1439.8,296.2,1102.6,41.0,13.7,1398.1,assemble attention plan@24/?-work_queue,Prepare hardware matmul job@24/?-work_queue,1438.0,1284.3,321.2,326.4,1422.8
3803,136846816597727,685.4,233.5,411.8,40.2,13.9,536.9,notify_listener@25/0-worker,work_queue::do_work get_work@24/?-work_queue,683.5,536.9,145.2,182.7,668.6
3804,136846822637655,1451.7,340.2,974.6,136.9,82.6,1040.8,notify_listener@25/0-worker,work_queue::do_work get_work@24/?-work_queue,1449.0,1040.8,114.6,118.8,1434.7
3805,136846829498043,766.4,187.5,543.5,35.4,13.5,622.2,notify_listener@25/0-worker,work_queue::do_work get_work@24/?-work_queue,764.8,622.2,138.1,153.1,751.6
3806,136846835636230,699.8,185.8,484.1,29.9,10.5,553.9,notify_listener@25/0-worker,work_queue::do_work get_work@24/?-work_queue,698.3,553.9,121.8,131.3,683.1
3807,136846841692844,624.2,177.3,410.7,36.3,12.7,473.1,notify_listener@25/0-worker,work_queue::do_work get_work@24/?-work_queue,622.1,473.1,107.7,116.9,607.1
3808,136846847672582,674.0,178.8,465.6,29.6,10.3,637.8,assemble attention plan@24/?-work_queue,Prepare hardware matmul job@24/?-work_queue,671.6,530.4,110.2,138.6,657.7
3809,136846853715214,1444.6,369.4,1037.3,37.9,13.4,1295.5,notify_listener@25/0-worker,work_queue::do_work get_work@24/?-work_queue,1441.8,1295.5,331.6,342.8,1428.0
3810,136846860561454,643.5,217.5,394.4,31.6,12.3,605.4,assemble attention plan@24/?-work_queue,Prepare hardware matmul job@24/?-work_queue,641.7,502.6,111.1,117.0,627.3
3811,136846866577809,1453.2,322.7,1127.9,2.6,1.4,471.1,rx collecting results@148/0-RX-13,prepare streams@25/0-worker,481.2,1453.2,474.8,481.2,
