
========== META ==========
Tue May 19 22:36:44 UTC 2026
delphi-3af6
Linux delphi-3af6 6.8.0-110-generic #110~22.04.1-Ubuntu SMP PREEMPT_DYNAMIC Fri Mar 27 12:43:08 UTC  x86_64 x86_64 x86_64 GNU/Linux
PRETTY_NAME="Ubuntu 22.04.5 LTS"
NAME="Ubuntu"
VERSION_ID="22.04"
VERSION="22.04.5 LTS (Jammy Jellyfish)"
VERSION_CODENAME=jammy
ID=ubuntu
ID_LIKE=debian
HOME_URL="https://www.ubuntu.com/"
SUPPORT_URL="https://help.ubuntu.com/"
BUG_REPORT_URL="https://bugs.launchpad.net/ubuntu/"
PRIVACY_POLICY_URL="https://www.ubuntu.com/legal/terms-and-policies/privacy-policy"
UBUNTU_CODENAME=jammy
uid=0(root) gid=0(root) groups=0(root),994(bittware)

========== CPU (lscpu) ==========
Architecture:                            x86_64
CPU op-mode(s):                          32-bit, 64-bit
Address sizes:                           46 bits physical, 57 bits virtual
Byte Order:                              Little Endian
CPU(s):                                  288
On-line CPU(s) list:                     0-287
Vendor ID:                               GenuineIntel
Model name:                              Intel(R) Xeon(R) 6962P
CPU family:                              6
Model:                                   173
Thread(s) per core:                      2
Core(s) per socket:                      72
Socket(s):                               2
Stepping:                                1
CPU max MHz:                             4400.0000
CPU min MHz:                             800.0000
BogoMIPS:                                5400.00
Flags:                                   fpu vme de pse tsc msr pae mce cx8 apic sep mtrr pge mca cmov pat pse36 clflush dts acpi mmx fxsr sse sse2 ss ht tm pbe syscall nx pdpe1gb rdtscp lm constant_tsc art arch_perfmon pebs bts rep_good nopl xtopology nonstop_tsc cpuid aperfmperf tsc_known_freq pni pclmulqdq dtes64 monitor ds_cpl vmx smx est tm2 ssse3 sdbg fma cx16 xtpr pdcm pcid dca sse4_1 sse4_2 x2apic movbe popcnt tsc_deadline_timer aes xsave avx f16c rdrand lahf_lm abm 3dnowprefetch cpuid_fault epb cat_l3 cat_l2 cdp_l3 intel_ppin cdp_l2 ssbd mba ibrs ibpb stibp ibrs_enhanced tpr_shadow flexpriority ept vpid ept_ad fsgsbase tsc_adjust bmi1 avx2 smep bmi2 erms invpcid cqm rdt_a avx512f avx512dq rdseed adx smap avx512ifma clflushopt clwb intel_pt avx512cd sha_ni avx512bw avx512vl xsaveopt xsavec xgetbv1 xsaves cqm_llc cqm_occup_llc cqm_mbm_total cqm_mbm_local split_lock_detect user_shstk avx_vnni avx512_bf16 wbnoinvd dtherm ida arat pln pts hwp hwp_act_window hwp_epp hwp_pkg_req hfi vnmi avx512vbmi umip pku ospke waitpkg avx512_vbmi2 gfni vaes vpclmulqdq avx512_vnni avx512_bitalg tme avx512_vpopcntdq la57 rdpid bus_lock_detect cldemote movdiri movdir64b enqcmd fsrm md_clear serialize tsxldtrk pconfig arch_lbr ibt amx_bf16 avx512_fp16 amx_tile amx_int8 flush_l1d arch_capabilities ibpb_exit_to_user
Virtualization:                          VT-x
L1d cache:                               6.8 MiB (144 instances)
L1i cache:                               9 MiB (144 instances)
L2 cache:                                288 MiB (144 instances)
L3 cache:                                864 MiB (2 instances)
NUMA node(s):                            2
NUMA node0 CPU(s):                       0-71,144-215
NUMA node1 CPU(s):                       72-143,216-287
Vulnerability Gather data sampling:      Not affected
Vulnerability Indirect target selection: Not affected
Vulnerability Itlb multihit:             Not affected
Vulnerability L1tf:                      Not affected
Vulnerability Mds:                       Not affected
Vulnerability Meltdown:                  Not affected
Vulnerability Mmio stale data:           Not affected
Vulnerability Reg file data sampling:    Not affected
Vulnerability Retbleed:                  Not affected
Vulnerability Spec rstack overflow:      Not affected
Vulnerability Spec store bypass:         Mitigation; Speculative Store Bypass disabled via prctl
Vulnerability Spectre v1:                Mitigation; usercopy/swapgs barriers and __user pointer sanitization
Vulnerability Spectre v2:                Mitigation; Enhanced / Automatic IBRS; IBPB conditional; PBRSB-eIBRS Not affected; BHI BHI_DIS_S
Vulnerability Srbds:                     Not affected
Vulnerability Tsa:                       Not affected
Vulnerability Tsx async abort:           Not affected
Vulnerability Vmscape:                   Mitigation; IBPB before exit to userspace

========== CPU (lscpu --extended) - per-logical-CPU topology ==========
CPU NODE SOCKET CORE L1d:L1i:L2:L3 ONLINE    MAXMHZ   MINMHZ      MHZ
  0    0      0    0 0:0:0:0          yes 4400.0000 800.0000  800.000
  1    0      0    1 1:1:1:0          yes 4400.0000 800.0000  800.000
  2    0      0    2 2:2:2:0          yes 4400.0000 800.0000  800.000
  3    0      0    3 3:3:3:0          yes 4400.0000 800.0000 2622.553
  4    0      0    4 4:4:4:0          yes 4400.0000 800.0000  800.000
  5    0      0    5 5:5:5:0          yes 4400.0000 800.0000 2666.479
  6    0      0    6 6:6:6:0          yes 4400.0000 800.0000  800.000
  7    0      0    7 7:7:7:0          yes 4400.0000 800.0000  800.000
  8    0      0    8 8:8:8:0          yes 4400.0000 800.0000  800.000
  9    0      0    9 9:9:9:0          yes 4400.0000 800.0000  800.000
 10    0      0   10 10:10:10:0       yes 4400.0000 800.0000  800.000
 11    0      0   11 11:11:11:0       yes 4400.0000 800.0000  800.000
 12    0      0   12 12:12:12:0       yes 4400.0000 800.0000  800.000
 13    0      0   13 13:13:13:0       yes 4400.0000 800.0000  800.000
 14    0      0   14 14:14:14:0       yes 4400.0000 800.0000  800.000
 15    0      0   15 15:15:15:0       yes 4400.0000 800.0000  800.000
 16    0      0   16 16:16:16:0       yes 4400.0000 800.0000  800.000
 17    0      0   17 17:17:17:0       yes 4400.0000 800.0000  800.000
 18    0      0   18 18:18:18:0       yes 4400.0000 800.0000  800.000
 19    0      0   19 19:19:19:0       yes 4400.0000 800.0000  800.000
 20    0      0   20 20:20:20:0       yes 4400.0000 800.0000  800.000
 21    0      0   21 21:21:21:0       yes 4400.0000 800.0000  800.000
 22    0      0   22 22:22:22:0       yes 4400.0000 800.0000  800.000
 23    0      0   23 23:23:23:0       yes 4400.0000 800.0000  800.000
 24    0      0   24 64:64:64:0       yes 4400.0000 800.0000  800.000
 25    0      0   25 65:65:65:0       yes 4400.0000 800.0000  800.000
 26    0      0   26 66:66:66:0       yes 4400.0000 800.0000  800.000
 27    0      0   27 67:67:67:0       yes 4400.0000 800.0000  800.000
 28    0      0   28 68:68:68:0       yes 4400.0000 800.0000 2098.431
 29    0      0   29 69:69:69:0       yes 4400.0000 800.0000  800.000
 30    0      0   30 70:70:70:0       yes 4400.0000 800.0000  800.000
 31    0      0   31 71:71:71:0       yes 4400.0000 800.0000  800.000
 32    0      0   32 72:72:72:0       yes 4400.0000 800.0000  800.000
 33    0      0   33 73:73:73:0       yes 4400.0000 800.0000  800.000
 34    0      0   34 74:74:74:0       yes 4400.0000 800.0000  800.000
 35    0      0   35 75:75:75:0       yes 4400.0000 800.0000  800.000
 36    0      0   36 76:76:76:0       yes 4400.0000 800.0000  800.000
 37    0      0   37 77:77:77:0       yes 4400.0000 800.0000  800.000
 38    0      0   38 78:78:78:0       yes 4400.0000 800.0000  800.000
 39    0      0   39 79:79:79:0       yes 4400.0000 800.0000 1566.323
 40    0      0   40 80:80:80:0       yes 4400.0000 800.0000  800.000
 41    0      0   41 81:81:81:0       yes 4400.0000 800.0000  800.000
 42    0      0   42 82:82:82:0       yes 4400.0000 800.0000  800.000
 43    0      0   43 83:83:83:0       yes 4400.0000 800.0000  800.000
 44    0      0   44 84:84:84:0       yes 4400.0000 800.0000  800.000
 45    0      0   45 85:85:85:0       yes 4400.0000 800.0000  800.000
 46    0      0   46 86:86:86:0       yes 4400.0000 800.0000  800.000
 47    0      0   47 87:87:87:0       yes 4400.0000 800.0000  800.000
 48    0      0   48 128:128:128:0    yes 4400.0000 800.0000  800.000
 49    0      0   49 129:129:129:0    yes 4400.0000 800.0000  800.000
 50    0      0   50 130:130:130:0    yes 4400.0000 800.0000  800.000
 51    0      0   51 131:131:131:0    yes 4400.0000 800.0000  800.000
 52    0      0   52 132:132:132:0    yes 4400.0000 800.0000  800.000
 53    0      0   53 133:133:133:0    yes 4400.0000 800.0000  800.000
 54    0      0   54 134:134:134:0    yes 4400.0000 800.0000  800.000
 55    0      0   55 135:135:135:0    yes 4400.0000 800.0000  800.000
 56    0      0   56 136:136:136:0    yes 4400.0000 800.0000  800.000
 57    0      0   57 137:137:137:0    yes 4400.0000 800.0000  800.000
 58    0      0   58 138:138:138:0    yes 4400.0000 800.0000  800.000
 59    0      0   59 139:139:139:0    yes 4400.0000 800.0000  800.000
 60    0      0   60 140:140:140:0    yes 4400.0000 800.0000  800.000
 61    0      0   61 141:141:141:0    yes 4400.0000 800.0000  800.000
 62    0      0   62 142:142:142:0    yes 4400.0000 800.0000  800.000
 63    0      0   63 143:143:143:0    yes 4400.0000 800.0000  800.000
 64    0      0   64 144:144:144:0    yes 4400.0000 800.0000  800.000
 65    0      0   65 145:145:145:0    yes 4400.0000 800.0000  800.000
 66    0      0   66 146:146:146:0    yes 4400.0000 800.0000  800.000
 67    0      0   67 147:147:147:0    yes 4400.0000 800.0000  800.000
 68    0      0   68 148:148:148:0    yes 4400.0000 800.0000  800.000
 69    0      0   69 149:149:149:0    yes 4400.0000 800.0000  800.000
 70    0      0   70 150:150:150:0    yes 4400.0000 800.0000  800.000
 71    0      0   71 151:151:151:0    yes 4400.0000 800.0000  800.000
 72    1      1   72 256:256:256:1    yes 4400.0000 800.0000 3000.782
 73    1      1   73 257:257:257:1    yes 4400.0000 800.0000  800.000
 74    1      1   74 258:258:258:1    yes 4400.0000 800.0000  800.000
 75    1      1   75 259:259:259:1    yes 4400.0000 800.0000  800.000
 76    1      1   76 260:260:260:1    yes 4400.0000 800.0000  800.000
 77    1      1   77 261:261:261:1    yes 4400.0000 800.0000  800.000
 78    1      1   78 262:262:262:1    yes 4400.0000 800.0000  800.000
 79    1      1   79 263:263:263:1    yes 4400.0000 800.0000  800.000
 80    1      1   80 264:264:264:1    yes 4400.0000 800.0000  800.000
 81    1      1   81 265:265:265:1    yes 4400.0000 800.0000  800.000
 82    1      1   82 266:266:266:1    yes 4400.0000 800.0000  800.000
 83    1      1   83 267:267:267:1    yes 4400.0000 800.0000  800.000
 84    1      1   84 268:268:268:1    yes 4400.0000 800.0000 2572.682
 85    1      1   85 269:269:269:1    yes 4400.0000 800.0000  800.000
 86    1      1   86 270:270:270:1    yes 4400.0000 800.0000  800.000
 87    1      1   87 271:271:271:1    yes 4400.0000 800.0000  800.000
 88    1      1   88 272:272:272:1    yes 4400.0000 800.0000  800.000
 89    1      1   89 273:273:273:1    yes 4400.0000 800.0000  800.000
 90    1      1   90 274:274:274:1    yes 4400.0000 800.0000  800.000
 91    1      1   91 275:275:275:1    yes 4400.0000 800.0000  800.000
 92    1      1   92 276:276:276:1    yes 4400.0000 800.0000  800.000
 93    1      1   93 277:277:277:1    yes 4400.0000 800.0000  800.000
 94    1      1   94 278:278:278:1    yes 4400.0000 800.0000  800.000
 95    1      1   95 279:279:279:1    yes 4400.0000 800.0000  800.000
 96    1      1   96 320:320:320:1    yes 4400.0000 800.0000  800.000
 97    1      1   97 321:321:321:1    yes 4400.0000 800.0000  800.000
 98    1      1   98 322:322:322:1    yes 4400.0000 800.0000  800.000
 99    1      1   99 323:323:323:1    yes 4400.0000 800.0000  800.000
100    1      1  100 324:324:324:1    yes 4400.0000 800.0000  800.000
101    1      1  101 325:325:325:1    yes 4400.0000 800.0000 2624.822
102    1      1  102 326:326:326:1    yes 4400.0000 800.0000  800.000
103    1      1  103 327:327:327:1    yes 4400.0000 800.0000  800.000
104    1      1  104 328:328:328:1    yes 4400.0000 800.0000  800.000
105    1      1  105 329:329:329:1    yes 4400.0000 800.0000  800.000
106    1      1  106 330:330:330:1    yes 4400.0000 800.0000  800.000
107    1      1  107 331:331:331:1    yes 4400.0000 800.0000  800.000
108    1      1  108 332:332:332:1    yes 4400.0000 800.0000  800.000
109    1      1  109 333:333:333:1    yes 4400.0000 800.0000  800.000
110    1      1  110 334:334:334:1    yes 4400.0000 800.0000  800.000
111    1      1  111 335:335:335:1    yes 4400.0000 800.0000  800.000
112    1      1  112 336:336:336:1    yes 4400.0000 800.0000  800.000
113    1      1  113 337:337:337:1    yes 4400.0000 800.0000  800.000
114    1      1  114 338:338:338:1    yes 4400.0000 800.0000  800.000
115    1      1  115 339:339:339:1    yes 4400.0000 800.0000  800.000
116    1      1  116 340:340:340:1    yes 4400.0000 800.0000  800.000
117    1      1  117 341:341:341:1    yes 4400.0000 800.0000  800.000
118    1      1  118 342:342:342:1    yes 4400.0000 800.0000  800.000
119    1      1  119 343:343:343:1    yes 4400.0000 800.0000  800.000
120    1      1  120 384:384:384:1    yes 4400.0000 800.0000  800.000
121    1      1  121 385:385:385:1    yes 4400.0000 800.0000  800.000
122    1      1  122 386:386:386:1    yes 4400.0000 800.0000  800.000
123    1      1  123 387:387:387:1    yes 4400.0000 800.0000  800.000
124    1      1  124 388:388:388:1    yes 4400.0000 800.0000  800.000
125    1      1  125 389:389:389:1    yes 4400.0000 800.0000  800.000
126    1      1  126 390:390:390:1    yes 4400.0000 800.0000  800.000
127    1      1  127 391:391:391:1    yes 4400.0000 800.0000  800.000
128    1      1  128 392:392:392:1    yes 4400.0000 800.0000  800.000
129    1      1  129 393:393:393:1    yes 4400.0000 800.0000  800.000
130    1      1  130 394:394:394:1    yes 4400.0000 800.0000  800.000
131    1      1  131 395:395:395:1    yes 4400.0000 800.0000  800.000
132    1      1  132 396:396:396:1    yes 4400.0000 800.0000  800.000
133    1      1  133 397:397:397:1    yes 4400.0000 800.0000  800.000
134    1      1  134 398:398:398:1    yes 4400.0000 800.0000  800.000
135    1      1  135 399:399:399:1    yes 4400.0000 800.0000  800.000
136    1      1  136 400:400:400:1    yes 4400.0000 800.0000  800.000
137    1      1  137 401:401:401:1    yes 4400.0000 800.0000  800.000
138    1      1  138 402:402:402:1    yes 4400.0000 800.0000  800.000
139    1      1  139 403:403:403:1    yes 4400.0000 800.0000  800.000
140    1      1  140 404:404:404:1    yes 4400.0000 800.0000  800.000
141    1      1  141 405:405:405:1    yes 4400.0000 800.0000  800.000
142    1      1  142 406:406:406:1    yes 4400.0000 800.0000  800.000
143    1      1  143 407:407:407:1    yes 4400.0000 800.0000  800.000
144    0      0    0 0:0:0:0          yes 4400.0000 800.0000 3496.562
145    0      0    1 1:1:1:0          yes 4400.0000 800.0000  800.000
146    0      0    2 2:2:2:0          yes 4400.0000 800.0000  800.000
147    0      0    3 3:3:3:0          yes 4400.0000 800.0000  800.000
148    0      0    4 4:4:4:0          yes 4400.0000 800.0000  800.000
149    0      0    5 5:5:5:0          yes 4400.0000 800.0000  800.000
150    0      0    6 6:6:6:0          yes 4400.0000 800.0000  800.000
151    0      0    7 7:7:7:0          yes 4400.0000 800.0000  800.000
152    0      0    8 8:8:8:0          yes 4400.0000 800.0000  800.000
153    0      0    9 9:9:9:0          yes 4400.0000 800.0000  800.000
154    0      0   10 10:10:10:0       yes 4400.0000 800.0000  800.000
155    0      0   11 11:11:11:0       yes 4400.0000 800.0000  800.000
156    0      0   12 12:12:12:0       yes 4400.0000 800.0000  800.000
157    0      0   13 13:13:13:0       yes 4400.0000 800.0000  800.000
158    0      0   14 14:14:14:0       yes 4400.0000 800.0000  800.000
159    0      0   15 15:15:15:0       yes 4400.0000 800.0000  800.000
160    0      0   16 16:16:16:0       yes 4400.0000 800.0000  800.000
161    0      0   17 17:17:17:0       yes 4400.0000 800.0000  800.000
162    0      0   18 18:18:18:0       yes 4400.0000 800.0000  800.000
163    0      0   19 19:19:19:0       yes 4400.0000 800.0000  800.000
164    0      0   20 20:20:20:0       yes 4400.0000 800.0000  800.000
165    0      0   21 21:21:21:0       yes 4400.0000 800.0000  800.000
166    0      0   22 22:22:22:0       yes 4400.0000 800.0000  800.000
167    0      0   23 23:23:23:0       yes 4400.0000 800.0000  800.000
168    0      0   24 64:64:64:0       yes 4400.0000 800.0000  800.000
169    0      0   25 65:65:65:0       yes 4400.0000 800.0000  800.000
170    0      0   26 66:66:66:0       yes 4400.0000 800.0000  800.000
171    0      0   27 67:67:67:0       yes 4400.0000 800.0000  800.000
172    0      0   28 68:68:68:0       yes 4400.0000 800.0000  800.000
173    0      0   29 69:69:69:0       yes 4400.0000 800.0000  800.000
174    0      0   30 70:70:70:0       yes 4400.0000 800.0000  800.000
175    0      0   31 71:71:71:0       yes 4400.0000 800.0000  800.000
176    0      0   32 72:72:72:0       yes 4400.0000 800.0000  800.000
177    0      0   33 73:73:73:0       yes 4400.0000 800.0000  800.000
178    0      0   34 74:74:74:0       yes 4400.0000 800.0000  800.000
179    0      0   35 75:75:75:0       yes 4400.0000 800.0000  800.000
180    0      0   36 76:76:76:0       yes 4400.0000 800.0000  800.000
181    0      0   37 77:77:77:0       yes 4400.0000 800.0000  800.000
182    0      0   38 78:78:78:0       yes 4400.0000 800.0000  800.000
183    0      0   39 79:79:79:0       yes 4400.0000 800.0000  800.000
184    0      0   40 80:80:80:0       yes 4400.0000 800.0000  800.000
185    0      0   41 81:81:81:0       yes 4400.0000 800.0000  800.000
186    0      0   42 82:82:82:0       yes 4400.0000 800.0000  800.000
187    0      0   43 83:83:83:0       yes 4400.0000 800.0000  800.000
188    0      0   44 84:84:84:0       yes 4400.0000 800.0000  800.000
189    0      0   45 85:85:85:0       yes 4400.0000 800.0000  800.000
190    0      0   46 86:86:86:0       yes 4400.0000 800.0000  800.000
191    0      0   47 87:87:87:0       yes 4400.0000 800.0000  800.000
192    0      0   48 128:128:128:0    yes 4400.0000 800.0000  800.000
193    0      0   49 129:129:129:0    yes 4400.0000 800.0000  800.000
194    0      0   50 130:130:130:0    yes 4400.0000 800.0000  800.000
195    0      0   51 131:131:131:0    yes 4400.0000 800.0000  800.000
196    0      0   52 132:132:132:0    yes 4400.0000 800.0000  800.000
197    0      0   53 133:133:133:0    yes 4400.0000 800.0000  800.000
198    0      0   54 134:134:134:0    yes 4400.0000 800.0000  800.000
199    0      0   55 135:135:135:0    yes 4400.0000 800.0000  800.000
200    0      0   56 136:136:136:0    yes 4400.0000 800.0000  800.000
201    0      0   57 137:137:137:0    yes 4400.0000 800.0000  800.000
202    0      0   58 138:138:138:0    yes 4400.0000 800.0000  800.000
203    0      0   59 139:139:139:0    yes 4400.0000 800.0000  800.000
204    0      0   60 140:140:140:0    yes 4400.0000 800.0000  800.000
205    0      0   61 141:141:141:0    yes 4400.0000 800.0000  800.000
206    0      0   62 142:142:142:0    yes 4400.0000 800.0000 2667.637
207    0      0   63 143:143:143:0    yes 4400.0000 800.0000  800.000
208    0      0   64 144:144:144:0    yes 4400.0000 800.0000  800.000
209    0      0   65 145:145:145:0    yes 4400.0000 800.0000  800.000
210    0      0   66 146:146:146:0    yes 4400.0000 800.0000  800.000
211    0      0   67 147:147:147:0    yes 4400.0000 800.0000  800.000
212    0      0   68 148:148:148:0    yes 4400.0000 800.0000  800.000
213    0      0   69 149:149:149:0    yes 4400.0000 800.0000  800.000
214    0      0   70 150:150:150:0    yes 4400.0000 800.0000  800.000
215    0      0   71 151:151:151:0    yes 4400.0000 800.0000  800.000
216    1      1   72 256:256:256:1    yes 4400.0000 800.0000  800.000
217    1      1   73 257:257:257:1    yes 4400.0000 800.0000  800.000
218    1      1   74 258:258:258:1    yes 4400.0000 800.0000  800.000
219    1      1   75 259:259:259:1    yes 4400.0000 800.0000  800.000
220    1      1   76 260:260:260:1    yes 4400.0000 800.0000  800.000
221    1      1   77 261:261:261:1    yes 4400.0000 800.0000  800.000
222    1      1   78 262:262:262:1    yes 4400.0000 800.0000  800.000
223    1      1   79 263:263:263:1    yes 4400.0000 800.0000  800.000
224    1      1   80 264:264:264:1    yes 4400.0000 800.0000  800.000
225    1      1   81 265:265:265:1    yes 4400.0000 800.0000  800.000
226    1      1   82 266:266:266:1    yes 4400.0000 800.0000  800.000
227    1      1   83 267:267:267:1    yes 4400.0000 800.0000  800.000
228    1      1   84 268:268:268:1    yes 4400.0000 800.0000  800.000
229    1      1   85 269:269:269:1    yes 4400.0000 800.0000 2700.027
230    1      1   86 270:270:270:1    yes 4400.0000 800.0000  800.000
231    1      1   87 271:271:271:1    yes 4400.0000 800.0000  800.000
232    1      1   88 272:272:272:1    yes 4400.0000 800.0000  800.000
233    1      1   89 273:273:273:1    yes 4400.0000 800.0000  800.000
234    1      1   90 274:274:274:1    yes 4400.0000 800.0000  800.000
235    1      1   91 275:275:275:1    yes 4400.0000 800.0000  800.000
236    1      1   92 276:276:276:1    yes 4400.0000 800.0000  800.000
237    1      1   93 277:277:277:1    yes 4400.0000 800.0000  800.000
238    1      1   94 278:278:278:1    yes 4400.0000 800.0000  800.000
239    1      1   95 279:279:279:1    yes 4400.0000 800.0000  800.000
240    1      1   96 320:320:320:1    yes 4400.0000 800.0000  800.000
241    1      1   97 321:321:321:1    yes 4400.0000 800.0000  800.000
242    1      1   98 322:322:322:1    yes 4400.0000 800.0000  800.000
243    1      1   99 323:323:323:1    yes 4400.0000 800.0000  800.000
244    1      1  100 324:324:324:1    yes 4400.0000 800.0000  800.000
245    1      1  101 325:325:325:1    yes 4400.0000 800.0000  800.000
246    1      1  102 326:326:326:1    yes 4400.0000 800.0000  800.000
247    1      1  103 327:327:327:1    yes 4400.0000 800.0000  800.000
248    1      1  104 328:328:328:1    yes 4400.0000 800.0000  800.000
249    1      1  105 329:329:329:1    yes 4400.0000 800.0000  800.000
250    1      1  106 330:330:330:1    yes 4400.0000 800.0000  800.000
251    1      1  107 331:331:331:1    yes 4400.0000 800.0000  800.000
252    1      1  108 332:332:332:1    yes 4400.0000 800.0000  800.000
253    1      1  109 333:333:333:1    yes 4400.0000 800.0000  800.000
254    1      1  110 334:334:334:1    yes 4400.0000 800.0000  800.000
255    1      1  111 335:335:335:1    yes 4400.0000 800.0000  800.000
256    1      1  112 336:336:336:1    yes 4400.0000 800.0000  800.000
257    1      1  113 337:337:337:1    yes 4400.0000 800.0000  800.000
258    1      1  114 338:338:338:1    yes 4400.0000 800.0000  800.000
259    1      1  115 339:339:339:1    yes 4400.0000 800.0000  800.000
260    1      1  116 340:340:340:1    yes 4400.0000 800.0000  800.000
261    1      1  117 341:341:341:1    yes 4400.0000 800.0000  800.000
262    1      1  118 342:342:342:1    yes 4400.0000 800.0000  800.000
263    1      1  119 343:343:343:1    yes 4400.0000 800.0000  800.000
264    1      1  120 384:384:384:1    yes 4400.0000 800.0000  800.000
265    1      1  121 385:385:385:1    yes 4400.0000 800.0000  800.000
266    1      1  122 386:386:386:1    yes 4400.0000 800.0000  800.000
267    1      1  123 387:387:387:1    yes 4400.0000 800.0000  800.000
268    1      1  124 388:388:388:1    yes 4400.0000 800.0000  800.000
269    1      1  125 389:389:389:1    yes 4400.0000 800.0000  800.000
270    1      1  126 390:390:390:1    yes 4400.0000 800.0000  800.000
271    1      1  127 391:391:391:1    yes 4400.0000 800.0000  800.000
272    1      1  128 392:392:392:1    yes 4400.0000 800.0000  800.000
273    1      1  129 393:393:393:1    yes 4400.0000 800.0000  800.000
274    1      1  130 394:394:394:1    yes 4400.0000 800.0000  800.000
275    1      1  131 395:395:395:1    yes 4400.0000 800.0000  800.000
276    1      1  132 396:396:396:1    yes 4400.0000 800.0000  800.000
277    1      1  133 397:397:397:1    yes 4400.0000 800.0000  800.000
278    1      1  134 398:398:398:1    yes 4400.0000 800.0000  800.000
279    1      1  135 399:399:399:1    yes 4400.0000 800.0000  800.000
280    1      1  136 400:400:400:1    yes 4400.0000 800.0000  800.000
281    1      1  137 401:401:401:1    yes 4400.0000 800.0000  800.000
282    1      1  138 402:402:402:1    yes 4400.0000 800.0000  800.000
283    1      1  139 403:403:403:1    yes 4400.0000 800.0000  800.000
284    1      1  140 404:404:404:1    yes 4400.0000 800.0000  800.000
285    1      1  141 405:405:405:1    yes 4400.0000 800.0000  800.000
286    1      1  142 406:406:406:1    yes 4400.0000 800.0000  800.000
287    1      1  143 407:407:407:1    yes 4400.0000 800.0000  800.000

========== /proc/cpuinfo (model name + flags, 1st CPU only) ==========
model name	: Intel(R) Xeon(R) 6962P
cpu MHz		: 4320.779
cache size	: 442368 KB
physical id	: 0
siblings	: 144
core id		: 0
cpu cores	: 72
flags		: fpu vme de pse tsc msr pae mce cx8 apic sep mtrr pge mca cmov pat pse36 clflush dts acpi mmx fxsr sse sse2 ss ht tm pbe syscall nx pdpe1gb rdtscp lm constant_tsc art arch_perfmon pebs bts rep_good nopl xtopology nonstop_tsc cpuid aperfmperf tsc_known_freq pni pclmulqdq dtes64 monitor ds_cpl vmx smx est tm2 ssse3 sdbg fma cx16 xtpr pdcm pcid dca sse4_1 sse4_2 x2apic movbe popcnt tsc_deadline_timer aes xsave avx f16c rdrand lahf_lm abm 3dnowprefetch cpuid_fault epb cat_l3 cat_l2 cdp_l3 intel_ppin cdp_l2 ssbd mba ibrs ibpb stibp ibrs_enhanced tpr_shadow flexpriority ept vpid ept_ad fsgsbase tsc_adjust bmi1 avx2 smep bmi2 erms invpcid cqm rdt_a avx512f avx512dq rdseed adx smap avx512ifma clflushopt clwb intel_pt avx512cd sha_ni avx512bw avx512vl xsaveopt xsavec xgetbv1 xsaves cqm_llc cqm_occup_llc cqm_mbm_total cqm_mbm_local split_lock_detect user_shstk avx_vnni avx512_bf16 wbnoinvd dtherm ida arat pln pts hwp hwp_act_window hwp_epp hwp_pkg_req hfi vnmi avx512vbmi umip pku ospke waitpkg avx512_vbmi2 gfni vaes vpclmulqdq avx512_vnni avx512_bitalg tme avx512_vpopcntdq la57 rdpid bus_lock_detect cldemote movdiri movdir64b enqcmd fsrm md_clear serialize tsxldtrk pconfig arch_lbr ibt amx_bf16 avx512_fp16 amx_tile amx_int8 flush_l1d arch_capabilities ibpb_exit_to_user

========== CPU vulnerabilities / mitigations ==========
/sys/devices/system/cpu/vulnerabilities/gather_data_sampling:Not affected
/sys/devices/system/cpu/vulnerabilities/indirect_target_selection:Not affected
/sys/devices/system/cpu/vulnerabilities/itlb_multihit:Not affected
/sys/devices/system/cpu/vulnerabilities/l1tf:Not affected
/sys/devices/system/cpu/vulnerabilities/mds:Not affected
/sys/devices/system/cpu/vulnerabilities/meltdown:Not affected
/sys/devices/system/cpu/vulnerabilities/mmio_stale_data:Not affected
/sys/devices/system/cpu/vulnerabilities/reg_file_data_sampling:Not affected
/sys/devices/system/cpu/vulnerabilities/retbleed:Not affected
/sys/devices/system/cpu/vulnerabilities/spec_rstack_overflow:Not affected
/sys/devices/system/cpu/vulnerabilities/spec_store_bypass:Mitigation: Speculative Store Bypass disabled via prctl
/sys/devices/system/cpu/vulnerabilities/spectre_v1:Mitigation: usercopy/swapgs barriers and __user pointer sanitization
/sys/devices/system/cpu/vulnerabilities/spectre_v2:Mitigation: Enhanced / Automatic IBRS; IBPB: conditional; PBRSB-eIBRS: Not affected; BHI: BHI_DIS_S
/sys/devices/system/cpu/vulnerabilities/srbds:Not affected
/sys/devices/system/cpu/vulnerabilities/tsa:Not affected
/sys/devices/system/cpu/vulnerabilities/tsx_async_abort:Not affected
/sys/devices/system/cpu/vulnerabilities/vmscape:Mitigation: IBPB before exit to userspace

========== CPU frequency scaling ==========
/sys/devices/system/cpu/cpu0/cpufreq/scaling_governor = performance
/sys/devices/system/cpu/cpu0/cpufreq/scaling_driver = intel_pstate
/sys/devices/system/cpu/cpu0/cpufreq/cpuinfo_min_freq = 800000
/sys/devices/system/cpu/cpu0/cpufreq/cpuinfo_max_freq = 4400000
/sys/devices/system/cpu/intel_pstate/status = active
/sys/devices/system/cpu/intel_pstate/no_turbo = 0

========== Cache topology (per CPU0) ==========
--- /sys/devices/system/cpu/cpu0/cache/index0 ---
  level = 1
  type = Data
  size = 48K
  coherency_line_size = 64
  ways_of_associativity = 12
  number_of_sets = 64
  shared_cpu_list = 0,144
--- /sys/devices/system/cpu/cpu0/cache/index1 ---
  level = 1
  type = Instruction
  size = 64K
  coherency_line_size = 64
  ways_of_associativity = 16
  number_of_sets = 64
  shared_cpu_list = 0,144
--- /sys/devices/system/cpu/cpu0/cache/index2 ---
  level = 2
  type = Unified
  size = 2048K
  coherency_line_size = 64
  ways_of_associativity = 16
  number_of_sets = 2048
  shared_cpu_list = 0,144
--- /sys/devices/system/cpu/cpu0/cache/index3 ---
  level = 3
  type = Unified
  size = 442368K
  coherency_line_size = 64
  ways_of_associativity = 16
  number_of_sets = 442368
  shared_cpu_list = 0-71,144-215

========== NUMA (numactl --hardware) ==========
numactl not installed

========== NUMA distance matrix (raw) ==========
/sys/devices/system/node/node0/distance : 10 21
/sys/devices/system/node/node1/distance : 21 10

========== NUMA: cpus per node ==========
node0 cpulist = 0-71,144-215
node1 cpulist = 72-143,216-287

========== Memory (free -h) ==========
               total        used        free      shared  buff/cache   available
Mem:           1.5Ti       521Gi       451Gi       8.0Mi       537Gi       980Gi
Swap:             0B          0B          0B

========== Memory (DMI / dmidecode) -- needs root; per-DIMM ==========
	Size: 64 GB
	Locator: D6
	Bank Locator: /SYS/MB/P1
	Type: DDR5
	Speed: 6400 MT/s
	Manufacturer: Samsung
	Part Number: M321R8GA0EB2-CCPEF            
	Rank: 2
	Configured Memory Speed: 6400 MT/s
	Non-Volatile Size: None
	Volatile Size: 64 GB
	Cache Size: None
	Logical Size: None
	Size: 64 GB
	Locator: D5
	Bank Locator: /SYS/MB/P1
	Type: DDR5
	Speed: 6400 MT/s
	Manufacturer: Samsung
	Part Number: M321R8GA0EB2-CCPEF            
	Rank: 2
	Configured Memory Speed: 6400 MT/s
	Non-Volatile Size: None
	Volatile Size: 64 GB
	Cache Size: None
	Logical Size: None
	Size: 64 GB
	Locator: D4
	Bank Locator: /SYS/MB/P1
	Type: DDR5
	Speed: 6400 MT/s
	Manufacturer: Samsung
	Part Number: M321R8GA0EB2-CCPEF            
	Rank: 2
	Configured Memory Speed: 6400 MT/s
	Non-Volatile Size: None
	Volatile Size: 64 GB
	Cache Size: None
	Logical Size: None
	Size: 64 GB
	Locator: D3
	Bank Locator: /SYS/MB/P1
	Type: DDR5
	Speed: 6400 MT/s
	Manufacturer: Samsung
	Part Number: M321R8GA0EB2-CCPEF            
	Rank: 2
	Configured Memory Speed: 6400 MT/s
	Non-Volatile Size: None
	Volatile Size: 64 GB
	Cache Size: None
	Logical Size: None
	Size: 64 GB
	Locator: D2
	Bank Locator: /SYS/MB/P1
	Type: DDR5
	Speed: 6400 MT/s
	Manufacturer: Samsung
	Part Number: M321R8GA0EB2-CCPEF            
	Rank: 2
	Configured Memory Speed: 6400 MT/s
	Non-Volatile Size: None
	Volatile Size: 64 GB
	Cache Size: None
	Logical Size: None
	Size: 64 GB
	Locator: D1
	Bank Locator: /SYS/MB/P1
	Type: DDR5
	Speed: 6400 MT/s
	Manufacturer: Samsung
	Part Number: M321R8GA0EB2-CCPEF            
	Rank: 2
	Configured Memory Speed: 6400 MT/s
	Non-Volatile Size: None
	Volatile Size: 64 GB
	Cache Size: None
	Logical Size: None
	Size: 64 GB
	Locator: D7
	Bank Locator: /SYS/MB/P1
	Type: DDR5
	Speed: 6400 MT/s
	Manufacturer: Samsung
	Part Number: M321R8GA0EB2-CCPEF            
	Rank: 2
	Configured Memory Speed: 6400 MT/s
	Non-Volatile Size: None
	Volatile Size: 64 GB
	Cache Size: None
	Logical Size: None
	Size: 64 GB
	Locator: D8
	Bank Locator: /SYS/MB/P1
	Type: DDR5
	Speed: 6400 MT/s
	Manufacturer: Samsung
	Part Number: M321R8GA0EB2-CCPEF            
	Rank: 2
	Configured Memory Speed: 6400 MT/s
	Non-Volatile Size: None
	Volatile Size: 64 GB
	Cache Size: None
	Logical Size: None
	Size: 64 GB
	Locator: D9
	Bank Locator: /SYS/MB/P1
	Type: DDR5
	Speed: 6400 MT/s
	Manufacturer: Samsung
	Part Number: M321R8GA0EB2-CCPEF            
	Rank: 2
	Configured Memory Speed: 6400 MT/s
	Non-Volatile Size: None
	Volatile Size: 64 GB
	Cache Size: None
	Logical Size: None
	Size: 64 GB
	Locator: D10
	Bank Locator: /SYS/MB/P1
	Type: DDR5
	Speed: 6400 MT/s
	Manufacturer: Samsung
	Part Number: M321R8GA0EB2-CCPEF            
	Rank: 2
	Configured Memory Speed: 6400 MT/s
	Non-Volatile Size: None
	Volatile Size: 64 GB
	Cache Size: None
	Logical Size: None
	Size: 64 GB
	Locator: D11
	Bank Locator: /SYS/MB/P1
	Type: DDR5
	Speed: 6400 MT/s
	Manufacturer: Samsung
	Part Number: M321R8GA0EB2-CCPEF            
	Rank: 2
	Configured Memory Speed: 6400 MT/s
	Non-Volatile Size: None
	Volatile Size: 64 GB
	Cache Size: None
	Logical Size: None
	Size: 64 GB
	Locator: D12
	Bank Locator: /SYS/MB/P1
	Type: DDR5
	Speed: 6400 MT/s
	Manufacturer: Samsung
	Part Number: M321R8GA0EB2-CCPEF            
	Rank: 2
	Configured Memory Speed: 6400 MT/s
	Non-Volatile Size: None
	Volatile Size: 64 GB
	Cache Size: None
	Logical Size: None
	Size: 64 GB
	Locator: D6
	Bank Locator: /SYS/MB/P2
	Type: DDR5
	Speed: 6400 MT/s
	Manufacturer: Samsung
	Part Number: M321R8GA0EB2-CCPEF            
	Rank: 2
	Configured Memory Speed: 6400 MT/s
	Non-Volatile Size: None
	Volatile Size: 64 GB
	Cache Size: None
	Logical Size: None
	Size: 64 GB
	Locator: D5
	Bank Locator: /SYS/MB/P2
	Type: DDR5
	Speed: 6400 MT/s
	Manufacturer: Samsung
	Part Number: M321R8GA0EB2-CCPEF            
	Rank: 2
	Configured Memory Speed: 6400 MT/s
	Non-Volatile Size: None
	Volatile Size: 64 GB
	Cache Size: None
	Logical Size: None
	Size: 64 GB
	Locator: D4
	Bank Locator: /SYS/MB/P2
	Type: DDR5
	Speed: 6400 MT/s
	Manufacturer: Samsung
	Part Number: M321R8GA0EB2-CCPEF            
	Rank: 2
	Configured Memory Speed: 6400 MT/s
	Non-Volatile Size: None
	Volatile Size: 64 GB
	Cache Size: None
	Logical Size: None
	Size: 64 GB
	Locator: D3
	Bank Locator: /SYS/MB/P2
	Type: DDR5
	Speed: 6400 MT/s
	Manufacturer: Samsung
	Part Number: M321R8GA0EB2-CCPEF            
	Rank: 2
	Configured Memory Speed: 6400 MT/s
	Non-Volatile Size: None
	Volatile Size: 64 GB
	Cache Size: None
	Logical Size: None
	Size: 64 GB
	Locator: D2
	Bank Locator: /SYS/MB/P2
	Type: DDR5
	Speed: 6400 MT/s
	Manufacturer: Samsung
	Part Number: M321R8GA0EB2-CCPEF            
	Rank: 2
	Configured Memory Speed: 6400 MT/s
	Non-Volatile Size: None
	Volatile Size: 64 GB
	Cache Size: None
	Logical Size: None
	Size: 64 GB
	Locator: D1
	Bank Locator: /SYS/MB/P2
	Type: DDR5
	Speed: 6400 MT/s
	Manufacturer: Samsung
	Part Number: M321R8GA0EB2-CCPEF            
	Rank: 2
	Configured Memory Speed: 6400 MT/s
	Non-Volatile Size: None
	Volatile Size: 64 GB
	Cache Size: None
	Logical Size: None
	Size: 64 GB
	Locator: D7
	Bank Locator: /SYS/MB/P2
	Type: DDR5
	Speed: 6400 MT/s
	Manufacturer: Samsung
	Part Number: M321R8GA0EB2-CCPEF            
	Rank: 2
	Configured Memory Speed: 6400 MT/s
	Non-Volatile Size: None
	Volatile Size: 64 GB
	Cache Size: None
	Logical Size: None
	Size: 64 GB
	Locator: D8
	Bank Locator: /SYS/MB/P2
	Type: DDR5
	Speed: 6400 MT/s
	Manufacturer: Samsung
	Part Number: M321R8GA0EB2-CCPEF            
	Rank: 2
	Configured Memory Speed: 6400 MT/s
	Non-Volatile Size: None
	Volatile Size: 64 GB
	Cache Size: None
	Logical Size: None
	Size: 64 GB
	Locator: D9
	Bank Locator: /SYS/MB/P2
	Type: DDR5
	Speed: 6400 MT/s
	Manufacturer: Samsung
	Part Number: M321R8GA0EB2-CCPEF            
	Rank: 2
	Configured Memory Speed: 6400 MT/s
	Non-Volatile Size: None
	Volatile Size: 64 GB
	Cache Size: None
	Logical Size: None
	Size: 64 GB
	Locator: D10
	Bank Locator: /SYS/MB/P2
	Type: DDR5
	Speed: 6400 MT/s
	Manufacturer: Samsung
	Part Number: M321R8GA0EB2-CCPEF            
	Rank: 2
	Configured Memory Speed: 6400 MT/s
	Non-Volatile Size: None
	Volatile Size: 64 GB
	Cache Size: None
	Logical Size: None
	Size: 64 GB
	Locator: D11
	Bank Locator: /SYS/MB/P2
	Type: DDR5
	Speed: 6400 MT/s
	Manufacturer: Samsung
	Part Number: M321R8GA0EB2-CCPEF            
	Rank: 2
	Configured Memory Speed: 6400 MT/s
	Non-Volatile Size: None
	Volatile Size: 64 GB
	Cache Size: None
	Logical Size: None
	Size: 64 GB
--- DMI system / baseboard ---
	Manufacturer: Oracle Corporation
	Product Name: unknown
	Version:                       
	Manufacturer: Oracle Corporation
	Product Name: Default string

========== Hugepages ==========
AnonHugePages:         0 kB
ShmemHugePages:        0 kB
FileHugePages:         0 kB
HugePages_Total:     512
HugePages_Free:      232
HugePages_Rsvd:        0
HugePages_Surp:        0
Hugepagesize:    1048576 kB
Hugetlb:        536870912 kB
/sys/kernel/mm/transparent_hugepage/enabled = always [madvise] never
/sys/kernel/mm/transparent_hugepage/defrag = always defer defer+madvise [madvise] never
/sys/devices/system/node/node0/hugepages/hugepages-1048576kB nr=256 free=116
/sys/devices/system/node/node0/hugepages/hugepages-2048kB nr=0 free=0
/sys/devices/system/node/node1/hugepages/hugepages-1048576kB nr=256 free=116
/sys/devices/system/node/node1/hugepages/hugepages-2048kB nr=0 free=0

========== Kernel cmdline ==========
BOOT_IMAGE=/boot/vmlinuz-6.8.0-110-generic root=UUID=6e8264f0-0019-4fe1-8980-c755d228a364 ro default_hugepagesz=1G hugepagesz=1G hugepages=16 console=ttyS0,115200n8 nomodeset

========== Kernel version / scheduler ==========
6.8.0-110-generic
kernel.numa_balancing = 1
kernel.numa_balancing_promote_rate_limit_MBps = 65536
vm.swappiness = 60
vm.zone_reclaim_mode = 0

========== IRQ affinity summary ==========
            CPU0       CPU1       CPU2       CPU3       CPU4       CPU5       CPU6       CPU7       CPU8       CPU9       CPU10      CPU11      CPU12      CPU13      CPU14      CPU15      CPU16      CPU17      CPU18      CPU19      CPU20      CPU21      CPU22      CPU23      CPU24      CPU25      CPU26      CPU27      CPU28      CPU29      CPU30      CPU31      CPU32      CPU33      CPU34      CPU35      CPU36      CPU37      CPU38      CPU39      CPU40      CPU41      CPU42      CPU43      CPU44      CPU45      CPU46      CPU47      CPU48      CPU49      CPU50      CPU51      CPU52      CPU53      CPU54      CPU55      CPU56      CPU57      CPU58      CPU59      CPU60      CPU61      CPU62      CPU63      CPU64      CPU65      CPU66      CPU67      CPU68      CPU69      CPU70      CPU71      CPU72      CPU73      CPU74      CPU75      CPU76      CPU77      CPU78      CPU79      CPU80      CPU81      CPU82      CPU83      CPU84      CPU85      CPU86      CPU87      CPU88      CPU89      CPU90      CPU91      CPU92      CPU93      CPU94      CPU95      CPU96      CPU97      CPU98      CPU99      CPU100     CPU101     CPU102     CPU103     CPU104     CPU105     CPU106     CPU107     CPU108     CPU109     CPU110     CPU111     CPU112     CPU113     CPU114     CPU115     CPU116     CPU117     CPU118     CPU119     CPU120     CPU121     CPU122     CPU123     CPU124     CPU125     CPU126     CPU127     CPU128     CPU129     CPU130     CPU131     CPU132     CPU133     CPU134     CPU135     CPU136     CPU137     CPU138     CPU139     CPU140     CPU141     CPU142     CPU143     CPU144     CPU145     CPU146     CPU147     CPU148     CPU149     CPU150     CPU151     CPU152     CPU153     CPU154     CPU155     CPU156     CPU157     CPU158     CPU159     CPU160     CPU161     CPU162     CPU163     CPU164     CPU165     CPU166     CPU167     CPU168     CPU169     CPU170     CPU171     CPU172     CPU173     CPU174     CPU175     CPU176     CPU177     CPU178     CPU179     CPU180     CPU181     CPU182     CPU183     CPU184     CPU185     CPU186     CPU187     CPU188     CPU189     CPU190     CPU191     CPU192     CPU193     CPU194     CPU195     CPU196     CPU197     CPU198     CPU199     CPU200     CPU201     CPU202     CPU203     CPU204     CPU205     CPU206     CPU207     CPU208     CPU209     CPU210     CPU211     CPU212     CPU213     CPU214     CPU215     CPU216     CPU217     CPU218     CPU219     CPU220     CPU221     CPU222     CPU223     CPU224     CPU225     CPU226     CPU227     CPU228     CPU229     CPU230     CPU231     CPU232     CPU233     CPU234     CPU235     CPU236     CPU237     CPU238     CPU239     CPU240     CPU241     CPU242     CPU243     CPU244     CPU245     CPU246     CPU247     CPU248     CPU249     CPU250     CPU251     CPU252     CPU253     CPU254     CPU255     CPU256     CPU257     CPU258     CPU259     CPU260     CPU261     CPU262     CPU263     CPU264     CPU265     CPU266     CPU267     CPU268     CPU269     CPU270     CPU271     CPU272     CPU273     CPU274     CPU275     CPU276     CPU277     CPU278     CPU279     CPU280     CPU281     CPU282     CPU283     CPU284     CPU285     CPU286     CPU287     
 112:          0          0          0          0          0          0          0          0          0          0          0          0          0          0          0          0          0          0          0          0          0          0          0          0          0          0          0          0          0          0          0          0          0          0          0          0          0          0          0          0        519          0          0          0          0          0          0          0          0          0          0          0          0          0          0          0          0          0          0          0          0          0          0          0          0          0          0          0          0          0          0          0          0          0          0          0          0          0          0          0          0          0          0          0          0          0          0          0          0          0          0          0          0          0          0          0         18          0          0          0          0          0          0          0          0          0          0          0          0          0          0          0          0          0          0          0          0          0          0          0          0          0          0          0          0          0          0          0          0          0          0          0          0          0          0          0          0          0          0          0          0          0          0          0          0          0          0          0          0          0          0          0          0          0          0          0          0          0          0          0          0          0          0          0          0          0          0          0          0          0          0          0          0          0          0          0          0          0          0          0          0          0          0          0          0          0          0          0          0          0          0          0          0          0          0          0          0          0          0          0          0          0          0          0          0          0          0          0          0          0          0          0          0          0          0          0          0          0          0          0          0          0          0          0          0          0          0          0          0          0          0          0          0          0          0          0          0          0          0          0          0          0          0          0          0          0          0          0          0          0          0          0          0          0          0          0          0          0          0          0          0          0          0          0          0          0          0          0          0          0          0          0          0          0          0          0          0          0          0          0          0          0          0          0          0          0          0          0  IR-PCI-MSIX-0000:a2:00.0    0-edge      nvme0q0
 113:          0          0          0          0          0          0          0          0          0          0          0          0          0          0          0          0          0          0          0          0          0          0          0          0          0          0          0          0          0          0          0          0          0          0          0          0          0          0          0          0          0        519          0          0          0          0          0          0          0          0          0          0          0          0          0          0          0          0          0          0          0          0          0          0          0          0          0          0          0          0          0          0          0          0          0          0          0          0          0          0          0          0          0          0          0          0          0          0          0          0          0          0          0          0          0          0          0          0          0          0          0          0          0         18          0          0          0          0          0          0          0          0          0          0          0          0          0          0          0          0          0          0          0          0          0          0          0          0          0          0          0          0          0          0          0          0          0          0          0          0          0          0          0          0          0          0          0          0          0          0          0          0          0          0          0          0          0          0          0          0          0          0          0          0          0          0          0          0          0          0          0          0          0          0          0          0          0          0          0          0          0          0          0          0          0          0          0          0          0          0          0          0          0          0          0          0          0          0          0          0          0          0          0          0          0          0          0          0          0          0          0          0          0          0          0          0          0          0          0          0          0          0          0          0          0          0          0          0          0          0          0          0          0          0          0          0          0          0          0          0          0          0          0          0          0          0          0          0          0          0          0          0          0          0          0          0          0          0          0          0          0          0          0          0          0          0          0          0          0          0          0          0          0          0          0          0          0          0          0          0          0          0          0          0          0          0          0          0  IR-PCI-MSIX-0000:a8:00.0    0-edge      nvme1q0
 114:          0          0          0          0          0          0          0          0          0          0          0          0          0          0          0          0          0          0          0          0          0          0          0          0          0          0          0          0          0          0          0          0          0          0          0          0          0          0          0          0          0          0          0          0          0          0          0          0          0          0          0          0          0          0          0          0          0          0          0          0          0          0          0          0          0          0          0          0          0          0          0          0          0          0          0          0          0          0          0          0          0          0          0          0          0          0          0          0          0          0          0          0          0          0          0          0          0          0          0          0          0          0          0          0          0          0          0          0          0          0          0          0          0          0          0          0          0          0          0          0          0          0          0          0          0          0          0          0          0          0          0          0          0          0          0          0          0          0          0          0          0          0          0          0          0          0          0          0          0          0          0          0          0          0          0          0          0          0          0          0          0          0          0          0          0          0          0          0          0          0          0          0          0          0          0          0          0          0          0          0          0          0          0          0          0          0          0          0          0          0          0          0          0          0          0          0          0          0          0          0          0          0          0          0          0          0          0          0          0          0          0          0          0          0          0          0          0          0          0          0          0          0          0          0          0          0          0          0          0          0          0          0          0          0          0          0          0          0          0          0          0          0          0          0          0          0          0          0          0          0          0          0          0          0          0          0          0          0          0          0          0          0          0          0          0          0          0          0          0          0          0          0          0          0          0          0          0          0          0          0          0          0          0          0          0          0          0          0  IR-PCI-MSIX-0000:a2:00.0    1-edge      nvme0q1
 115:          0          0          0          0          0          0          0          0          0          0          0          0          0          0          0          0          0          0          0          0          0          0          0          0          0          0          0          0          0          0          0          0          0          0          0          0          0          0          0          0          0          0          0          0          0          0          0          0          0          0          0          0          0          0          0          0          0          0          0          0          0          0          0          0          0          0          0          0          0          0          0          0          0          0          0          0          0          0          0          0          0          0          0          0          0          0          0          0          0          0          0          0          0          0          0          0          0          0          0          0          0          0          0          0          0          0          0          0          0          0          0          0          0          0          0          0          0          0          0          0          0          0          0          0          0          0          0          0          0          0          0          0          0          0          0          0          0          0          0          0          0          0          0          0          0          0          0          0          0          0          0          0          0          0          0          0          0          0          0          0          0          0          0          0          0          0          0          0          0          0          0          0          0          0          0          0          0          0          0          0          0          0          0          0          0          0          0          0          0          0          0          0          0          0          0          0          0          0          0          0          0          0          0          0          0          0          0          0          0          0          0          0          0          0          0          0          0          3          0          0          0          0          0          0          0          0          0          0          0          0          0          0          0          0          0          0          0          0          0          0          0          0          0          0          0          0          0          0          0          0          0          0          0          0          0          0          0          0          0          0          0          0          0          0          0          0          0          0          0          0          0          0          0          0          0          0          0          0          0          0          0          0          0          0          0          0          0          0  IR-PCI-MSIX-0000:a2:00.0    2-edge      nvme0q2
 116:          0          0          0          0          0          0          0          0          0          0          0          0          0          0          0          0          0          0          0          0          0          0          0          0          0          0          0          0          0          0          0          0          0          0          0          0          0          0          0          0          0          0          0          0          0          0          0          0          0          0          0          0          0          0          0          0          0          0          0          0          0          0          0          0          0          0          0          0          0          0          0          0          0          0          0          0          0          0          0          0          0          0          0          0          0          0          0          0          0          0          0          0          0          0          0          0          0          0          0          0          0          0          0          0          0          0          0          0          0          0          0          0          0          0          0          0          0          0          0          0          0          0          0          0          0          0          0          0          0          0          0          0          0          0          0          0          0          0          0          0          0          0          0          0          0          0          0          0          0          0          0          0          0          0          0          0          0          0          0          0          0          0          0          0          0          0          0          0          0          0          0          0          0          0          0          0          0          0          0          0          0          0          0          0          0          0          0          0          0          0          0          0          0          0          0          0          0          0          0          0          0          0          0          0          0          0          0          0          0          0          0          0          0          0          0          0          0          0          0          0          0          0          0          0          0          0          0          0          0          0          0          0          0          0          0          0          0          0          0          0          0          0          0          0          0          0          0          0          0          0          0          0          0          0          0          0          0          0          0          0          0          0          0          0          0          0          0          0          0          0          0          0          0          0          0          0          0          0          0          0          0          0          0          0          0          0          0          0  IR-PCI-MSIX-0000:a2:00.0    3-edge      nvme0q3
 117:          0          0          0          0          0          0          0          0          0          0          0          0          0          0          0          0          0          0          0          0          0          0          0          0          0          0          0          0          0          0          0          0          0          0          0          0          0          0          0          0          0          0          0          0          0          0          0          0          0          0          0          0          0          0          0          0          0          0          0          0          0          0          0          0          0          0          0          0          0          0          0          0          0          0          0          0          0          0          0          0          0          0          0          0          0          0          0          0          0          0          0          0          0          0          0          0          0          0          0          0          0          0          0          0          0          0          0          0          0          0          0          0          0          0          0          0          0          0          0          0          0          0          0          0          0          0          0          0          0          0          0          0          0          0          0          0          0          0          0          0          0          0          0          0          0          0          0          0          0          0          0          0          0          0          0          0          0          0          0          0          0          0          0          0          0          0          0          0          0          0          0          0          0          0          0          0          0          0          0          0          0          0          0          0          0          0          0          0          0          0          0          0          0          0          0          0          0          0          0          0          0          0          0          0          0          0          0          0          0          0          0          0          0          0          0          0          0          0          0          1          0          0          0          0          0          0          0          0          0          0          0          0          0          0          0          0          0          0          0          0          0          0          0          0          0          0          0          0          0          0          0          0          0          0          0          0          0          0          0          0          0          0          0          0          0          0          0          0          0          0          0          0          0          0          0          0          0          0          0          0          0          0          0          0          0          0          0          0  IR-PCI-MSIX-0000:a2:00.0    4-edge      nvme0q4
 118:          0          0          0          0          0          0          0          0          0          0          0          0          0          0          0          0          0          0          0          0          0          0          0          0          0          0          0          0          0          0          0          0          0          0          0          0          0          0          0          0          0          0          0          0          0          0          0          0          0          0          0          0          0          0          0          0          0          0          0          0          0          0          0          0          0          0          0          0          0          0          0          0          0          0          0          0          0          0          0          0          0          0          0          0          0          0          0          0          0          0          0          0          0          0          0          0          0          0          0          0          0          0          0          0          0          0          0          0          0          0          0          0          0          0          0          0          0          0          0          0          0          0          0          0          0          0          0          0          0          0          0          0          0          0          0          0          0          0          0          0          0          0          0          0          0          0          0          0          0          0          0          0          0          0          0          0          0          0          0          0          0          0          0          0          0          0          0          0          0          0          0          0          0          0          0          0          0          0          0          0          0          0          0          0          0          0          0          0          0          0          0          0          0          0          0          0          0          0          0          0          0          0          0          0          0          0          0          0          0          0          0          0          0          0          0          0          0          0          0          0         16          0          0          0          0          0          0          0          0          0          0          0          0          0          0          0          0          0          0          0          0          0          0          0          0          0          0          0          0          0          0          0          0          0          0          0          0          0          0          0          0          0          0          0          0          0          0          0          0          0          0          0          0          0          0          0          0          0          0          0          0          0          0          0          0          0          0          0  IR-PCI-MSIX-0000:a2:00.0    5-edge      nvme0q5
 119:          0          0          0          0          0          0          0          0          0          0          0          0          0          0          0          0          0          0          0          0          0          0          0          0          0          0          0          0          0          0          0          0          0          0          0          0          0          0          0          0          0          0          0          0          0          0          0          0          0          0          0          0          0          0          0          0          0          0          0          0          0          0          0          0          0          0          0          0          0          0          0          0          0          0          0          0          0          0          0          0          0          0          0          0          0          0          0          0          0          0          0          0          0          0          0          0          0          0          0          0          0          0          0          0          0          0          0          0          0          0          0          0          0          0          0          0          0          0          0          0          0          0          0          0          0          0          0          0          0          0          0          0          0          0          0          0          0          0          0          0          0          0          0          0          0          0          0          0          0          0          0          0          0          0          0          0          0          0          0          0          0          0          0          0          0          0          0          0          0          0          0          0          0          0          0          0          0          0          0          0          0          0          0          0          0          0          0          0          0          0          0          0          0          0          0          0          0          0          0          0          0          0          0          0          0          0          0          0          0          0          0          0          0          0          0          0          0          0          0          0          0          0          0          0          0          0          0          0          0          0          0          0          0          0          0          0          0          0          0          0          0          0          0          0          0          0          0          0          0          0          0          0          0          0          0          0          0          0          0          0          0          0          0          0          0          0          0          0          0          0          0          0          0          0          0          0          0          0          0          0          0          0          0          0          0          0          0          0  IR-PCI-MSIX-0000:a2:00.0    6-edge      nvme0q6
 120:          0          0          0          0          0          0          0          0          0          0          0          0          0          0          0          0          0          0          0          0          0          0          0          0          0          0          0          0          0          0          0          0          0          0          0          0          0          0          0          0          0          0          0          0          0          0          0          0          0          0          0          0          0          0          0          0          0          0          0          0          0          0          0          0          0          0          0          0          0          0          0          0          0          0          0          0          0          0          0          0          0          0          0          0          0          0          0          0          0          0          0          0          0          0          0          0          0          0          0          0          0          0          0          0          0          0          0          0          0          0          0          0          0          0          0          0          0          0          0          0          0          0          0          0          0          0          0          0          0          0          0          0          0          0          0          0          0          0          0          0          0          0          0          0          0          0          0          0          0          0          0          0          0          0          0          0          0          0          0          0          0          0          0          0          0          0          0          0          0          0          0          0          0          0          0          0          0          0          0          0          0          0          0          0          0          0          0          0          0          0          0          0          0          0          0          0          0          0          0          0          0          0          0          0          0          0          0          0          0          0          0          0          0          0          0          0          0          0          0          0          0          0         30          0          0          0          0          0          0          0          0          0          0          0          0          0          0          0          0          0          0          0          0          0          0          0          0          0          0          0          0          0          0          0          0          0          0          0          0          0          0          0          0          0          0          0          0          0          0          0          0          0          0          0          0          0          0          0          0          0          0          0          0          0          0          0          0          0  IR-PCI-MSIX-0000:a2:00.0    7-edge      nvme0q7
 121:          0          0          0          0          0          0          0          0          0          0          0          0          0          0          0          0          0          0          0          0          0          0          0          0          0          0          0          0          0          0          0          0          0          0          0          0          0          0          0          0          0          0          0          0          0          0          0          0          0          0          0          0          0          0          0          0          0          0          0          0          0          0          0          0          0          0          0          0          0          0          0          0          0          0          0          0          0          0          0          0          0          0          0          0          0          0          0          0          0          0          0          0          0          0          0          0          0          0          0          0          0          0          0          0          0          0          0          0          0          0          0          0          0          0          0          0          0          0          0          0          0          0          0          0          0          0          0          0          0          0          0          0          0          0          0          0          0          0          0          0          0          0          0          0          0          0          0          0          0          0          0          0          0          0          0          0          0          0          0          0          0          0          0          0          0          0          0          0          0          0          0          0          0          0          0          0          0          0          0          0          0          0          0          0          0          0          0          0          0          0          0          0          0          0          0          0          0          0          0          0          0          0          0          0          0          0          0          0          0          0          0          0          0          0          0          0          0          0          0          0          0          0          0          0          0          0          0          0          0          0          0          0          0          0          0          0          0          0          0          0          0          0          0          0          0          0          0          0          0          0          0          0          0          0          0          0          0          0          0          0          0          0          0          0          0          0          0          0          0          0          0          0          0          0          0          0          0          0          0          0          0          0          0          0          0          0          0          0  IR-PCI-MSIX-0000:a2:00.0    8-edge      nvme0q8
 122:          0          0          0          0          0          0          0          0          0          0          0          0          0          0          0          0          0          0          0          0          0          0          0          0          0          0          0          0          0          0          0          0          0          0          0          0          0          0          0          0          0          0          0          0          0          0          0          0          0          0          0          0          0          0          0          0          0          0          0          0          0          0          0          0          0          0          0          0          0          0          0          0          0          0          0          0          0          0          0          0          0          0          0          0          0          0          0          0          0          0          0          0          0          0          0          0          0          0          0          0          0          0          0          0          0          0          0          0          0          0          0          0          0          0          0          0          0          0          0          0          0          0          0          0          0          0          0          0          0          0          0          0          0          0          0          0          0          0          0          0          0          0          0          0          0          0          0          0          0          0          0          0          0          0          0          0          0          0          0          0          0          0          0          0          0          0          0          0          0          0          0          0          0          0          0          0          0          0          0          0          0          0          0          0          0          0          0          0          0          0          0          0          0          0          0          0          0          0          0          0          0          0          0          0          0          0          0          0          0          0          0          0          0          0          0          0          0          0          0          0          0          0          0          0          0          0          0          0          0          0          0          0          0          0          0          0          0          0          0          0          0          0          0          0          0          0          0          0          0          0          0          0          0          0          0          0          0          0          0          0          0          0          0          0          0          0          0          0          0          0          0          0          0          0          0          0          0          0          0          0          0          0          0          0          0          0          0          0  IR-PCI-MSIX-0000:a2:00.0    9-edge      nvme0q9
 123:          0          0          0          0          0          0          0          0          0          0          0          0          0          0          0          0          0          0          0          0          0          0          0          0          0          0          0          0          0          0          0          0          0          0          0          0          0          0          0          0          0          0          0          0          0          0          0          0          0          0          0          0          0          0          0          0          0          0          0          0          0          0          0          0          0          0          0          0          0          0          0          0          0          0          0          0          0          0          0          0          0          0          0          0          0          0          0          0          0          0          0          0          0          0          0          0          0          0          0          0          0          0          0          0          0          0          0          0          0          0          0          0          0          0          0          0          0          0          0          0          0          0          0          0          0          0          0          0          0          0          0          0          0          0          0          0          0          0          0          0          0          0          0          0          0          0          0          0          0          0          0          0          0          0          0          0          0          0          0          0          0          0          0          0          0          0          0          0          0          0          0          0          0          0          0          0          0          0          0          0          0          0          0          0          0          0          0          0          0          0          0          0          0          0          0          0          0          0          0          0          0          0          0          0          0          0          0          0          0          0          0          0          0          0          0          0          0          0          0          0          0          0          0          0          0          0          0          0          0          0          0          0          0          0          0          0          0          0          0          0          0          0          0          0          0          0          0          0          0          0          0          0          0          0          0          0          0          0          0          0          0          0          0          0          0          0          0          0          0          0          0          0          0          0          0          0          0          0          0          0          0          0          0          0          0          0          0          0  IR-PCI-MSIX-0000:a2:00.0   10-edge      nvme0q10
 124:          0          0          0          0          0          0          0          0          0          0          0          0          0          0          0          0          0          0          0          0          0          0          0          0          0          0          0          0          0          0          0          0          0          0          0          0          0          0          0          0          0          0          0          0          0          0          0          0          0          0          0          0          0          0          0          0          0          0          0          0          0          0          0          0          0          0          0          0          0          0          0          0          0          0          0          0          0          0          0          0          0          0          0          0          0          0          0          0          0          0          0          0          0          0          0          0          0          0          0          0          0          0          0          0          0          0          0          0          0          0          0          0          0          0          0          0          0          0          0          0          0          0          0          0          0          0          0          0          0          0          0          0          0          0          0          0          0          0          0          0          0          0          0          0          0          0          0          0          0          0          0          0          0          0          0          0          0          0          0          0          0          0          0          0          0          0          0          0          0          0          0          0          0          0          0          0          0          0          0          0          0          0          0          0          0          0          0          0          0          0          0          0          0          0          0          0          0          0          0          0          0          0          0          0          0          0          0          0          0          0          0          0          0          0          0          0          0          0          0          0          0          0          0          0          0          0          0          0          0          0          0          0          0          0          0          0          0          0          0          0          0          0          0          0          0          0          0          0          0          0          0          0          0          0          0          0          0          0          0          0          0          0          0          0          0          0          0          0          0          0          0          0          0          0          0          0          0          0          0          0          0          0          0          0          0          0          0          0  IR-PCI-MSIX-0000:a2:00.0   11-edge      nvme0q11
 125:          0          0          0          0          0          0          0          0          0          0          0          0          0          0          0          0          0          0          0          0          0          0          0          0          0          0          0          0          0          0          0          0          0          0          0          0          0          0          0          0          0          0          0          0          0          0          0          0          0          0          0          0          0          0          0          0          0          0          0          0          0          0          0          0          0          0          0          0          0          0          0          0          0          0          0          0          0          0          0          0          0          0          0          0          0          0          0          0          0          0          0          0          0          0          0          0          0          0          0          0          0          0          0          0          0          0          0          0          0          0          0          0          0          0          0          0          0          0          0          0          0          0          0          0          0          0          0          0          0          0          0          0          0          0          0          0          0          0          0          0          0          0          0          0          0          0          0          0          0          0          0          0          0          0          0          0          0          0          0          0          0          0          0          0          0          0          0          0          0          0          0          0          0          0          0          0          0          0          0          0          0          0          0          0          0          0          0          0          0          0          0          0          0          0          0          0          0          0          0          0          0          0          0          0          0          0          0          0          0          0          0          0          0          0          0          0          0          0          0          0          0          0          0          0          0          0          0          0          0          0          0          0          0          0          0          0          0          0          0          0          0          0          0          0          0          0          0          0          0          0          0          0          0          0          0          0          0          0          0          0          0          0          0          0          0          0          0          0          0          0          0          0          0          0          0          0          0          0          0          0          0          0          0          0          0          0          0          0  IR-PCI-MSIX-0000:a2:00.0   12-edge      nvme0q12
 126:          0          0          0          0          0          0          0          0          0          0          0          0          0          0          0          0          0          0          0          0          0          0          0          0          0          0          0          0          0          0          0          0          0          0          0          0          0          0          0          0          0          0          0          0          0          0          0          0          0          0          0          0          0          0          0          0          0          0          0          0          0          0          0          0          0          0          0          0          0          0          0          0          0          0          0          0          0          0          0          0          0          0          0          0          0          0          0          0          0          0          0          0          0          0          0          0          0          0          0          0          0          0          0          0          0          0          0          0          0          0          0          0          0          0          0          0          0          0          0          0          0          0          0          0          0          0          0          0          0          0          0          0          0          0          0          0          0          0          0          0          0          0          0          0          0          0          0          0          0          0          0          0          0          0          0          0          0          0          0          0          0          0          0          0          0          0          0          0          0          0          0          0          0          0          0          0          0          0          0          0          0          0          0          0          0          0          0          0          0          0          0          0          0          0          0          0          0          0          0          0          0          0          0          0          0          0          0          0          0          0          0          0          0          0          0          0          0          0          0          0          0          0          0          0          0          0          0          0          0          0          0          0          0          0          0          0          0          0          0          0          0          0          0          0          0          0          0          0          0          0          0          0          0          0          0          0          0          0          0          0          0          0          0          0          0          0          0          0          0          0          0          0          0          0          0          0          0          0          0          0          0          0          0          0          0          0          0          0  IR-PCI-MSIX-0000:a2:00.0   13-edge      nvme0q13
 127:          0          0          0          0          0          0          0          0          0          0          0          0          0          0          0          0          0          0          0          0          0          0          0          0          0          0          0          0          0          0          0          0          0          0          0          0          0          0          0          0          0          0          0          0          0          0          0          0          0          0          0          0          0          0          0          0          0          0          0          0          0          0          0          0          0          0          0          0          0          0          0          0          0          0          0          0          0          0          0          0          0          0          0          0          0          0          0          0          0          0          0          0          0          0          0          0          0          0          0          0          0          0          0          0          0          0          0          0          0          0          0          0          0          0          0          0          0          0          0          0          0          0          0          0          0          0          0          0          0          0          0          0          0          0          0          0          0          0          0          0          0          0          0          0          0          0          0          0          0          0          0          0          0          0          0          0          0          0          0          0          0          0          0          0          0          0          0          0          0          0          0          0          0          0          0          0          0          0          0          0          0          0          0          0          0          0          0          0          0          0          0          0          0          0          0          0          0          0          0          0          0          0          0          0          0          0          0          0          0          0          0          0          0          0          0          0          0          0          0          0          0          0          0          0          0          0          0          0          0          0          0          0          0          0          0          0          0          0          0          0          0          0          0          0          0          0          0          0          0          0          0          0          0          0          0          0          0          0          0          0          0          0          0          0          0          0          0          0          0          0          0          0          0          0          0          0          0          0          0          0          0          0          0          0          0          0          0          0  IR-PCI-MSIX-0000:a2:00.0   14-edge      nvme0q14
 128:          0          0          0          0          0          0          0          0          0          0          0          0          0          0          0          0          0          0          0          0          0          0          0          0          0          0          0          0          0          0          0          0          0          0          0          0          0          0          0          0          0          0          0          0          0          0          0          0          0          0          0          0          0          0          0          0          0          0          0          0          0          0          0          0          0          0          0          0          0          0          0          0          0          0          0          0          0          0          0          0          0          0          0          0          0          0          0          0          0          0          0          0          0          0          0          0          0          0          0          0          0          0          0          0          0          0          0          0          0          0          0          0          0          0          0          0          0          0          0          0          0          0          0          0          0          0          0          0          0          0          0          0          0          0          0          0          0          0          0          0          0          0          0          0          0          0          0          0          0          0          0          0          0          0          0          0          0          0          0          0          0          0          0          0          0          0          0          0          0          0          0          0          0          0          0          0          0          0          0          0          0          0          0          0          0          0          0          0          0          0          0          0          0          0          0          0          0          0          0          0          0          0          0          0          0          0          0          0          0          0          0          0          0          0          0          0          0          0          0          0          0          0          0          0          0          0          0          0          0          0          0          0          0          0          0          0          0          0          0          0          0          0          0          0          0          0          0          0          0          0          0          0          0          0          0          0          0          0          0          0          0          0          0          0          0          0          0          0          0          0          0          0          0          0          0          0          0          0          0          0          0          0          0          0          0          0          0          0  IR-PCI-MSIX-0000:a2:00.0   15-edge      nvme0q15
 129:          0          0          0          0          0          0          0          0          0          0          0          0          0          0          0          0          0          0          0          0          0          0          0          0          0          0          0          0          0          0          0          0          0          0          0          0          0          0          0          0          0          0          0          0          0          0          0          0          0          0          0          0          0          0          0          0          0          0          0          0          0          0          0          0          0          0          0          0          0          0          0          0          0          0          0          0          0          0          0          0          0          0          0          0          0          0          0          0          0          0          0          0          0          0          0          0          0          0          0          0          0          0          0          0          0          0          0          0          0          0          0          0          0          0          0          0          0          0          0          0          0          0          0          0          0          0          0          0          0          0          0          0          0          0          0          0          0          0          0          0          0          0          0          0          0          0          0          0          0          0          0          0          0          0          0          0          0          0          0          0          0          0          0          0          0          0          0          0          0          0          0          0          0          0          0          0          0          0          0          0          0          0          0          0          0          0          0          0          0          0          0          0          0          0          0          0          0          0          0          0          0          0          0          0          0          0          0          0          0          0          0          0          0          0          0          0          0          0          0          0          0          0          0          0          0          0          0          0          0          0          0          0          0          0          0          0          0          0          0          0          0          0          0          0          0          0          0          0          0          0          0          0          0          0          0          0          0          0          0          0          0          0          0          0          0          0          0          0          0          0          0          0          0          0          0          0          0          0          0          0          0          0          0          0          0          0          0          0  IR-PCI-MSIX-0000:a2:00.0   16-edge      nvme0q16
 130:          0          0          0          0          0          0          0          0          0          0          0          0          0          0          0          0          0          0          0          0          0          0          0          0          0          0          0          0          0          0          0          0          0          0          0          0          0          0          0          0          0          0          0          0          0          0          0          0          0          0          0          0          0          0          0          0          0          0          0          0          0          0          0          0          0          0          0          0          0          0          0          0          0          0          0          0          0          0          0          0          0          0          0          0          0          0          0          0          0          0          0          0          0          0          0          0          0          0          0          0          0          0          0          0          0          0          0          0          0          0          0          0          0          0          0          0          0          0          0          0          0          0          0          0          0          0          0          0          0          0          0          0          0          0          0          0          0          0          0          0          0          0          0          0          0          0          0          0          0          0          0          0          0          0          0          0          0          0          0          0          0          0          0          0          0          0          0          0          0          0          0          0          0          0          0          0          0          0          0          0          0          0          0          0          0          0          0          0          0          0          0          0          0          0          0          0          0          0          0          0          0          0          0          0          0          0          0          0          0          0          0          0          0          0          0          0          0          0          0          0          0          0          0          0          0          0          0          0          0          0          0          0          0          0          0          0          0          0          0          0          0          0          0          0          0          0          0          0          0          0          0          0          0          0          0          0          0          0          0          0          0          0          0          0          0          0          0          0          0          0          0          0          0          0          0          0          0          0          0          0          0          0          0          0          0          0          0          0  IR-PCI-MSIX-0000:a2:00.0   17-edge      nvme0q17
 131:          0          0          0          0          0          0          0          0          0          0          0          0          0          0          0          0          0          0          0          0          0          0          0          0          0          0          0          0          0          0          0          0          0          0          0          0          0          0          0          0          0          0          0          0          0          0          0          0          0          0          0          0          0          0          0          0          0          0          0          0          0          0          0          0          0          0          0          0          0          0          0          0          0          0          0          0          0          0          0          0          0          0          0          0          0          0          0          0          0          0          0          0          0          0          0          0          0          0          0          0          0          0          0          0          0          0          0          0          0          0          0          0          0          0          0          0          0          0          0          0          0          0          0          0          0          0          0          0          0          0          0          0          0          0          0          0          0          0          0          0          0          0          0          0          0          0          0          0          0          0          0          0          0          0          0          0          0          0          0          0          0          0          0          0          0          0          0          0          0          0          0          0          0          0          0          0          0          0          0          0          0          0          0          0          0          0          0          0          0          0          0          0          0          0          0          0          0          0          0          0          0          0          0          0          0          0          0          0          0          0          0          0          0          0          0          0          0          0          0          0          0          0          0          0          0          0          0          0          0          0          0          0          0          0          0          0          0          0          0          0          0          0          0          0          0          0          0          0          0          0          0          0          0          0          0          0          0          0          0          0          0          0          0          0          0          0          0          0          0          0          0          0          0          0          0          0          0          0          0          0          0          0          0          0          0          0          0          0  IR-PCI-MSIX-0000:a2:00.0   18-edge      nvme0q18
 132:          0          0          0          0          0          0          0          0          0          0          0          0          0          0          0          0          0          0          0          0          0          0          0          0          0          0          0          0          0          0          0          0          0          0          0          0          0          0          0          0          0          0          0          0          0          0          0          0          0          0          0          0          0          0          0          0          0          0          0          0          0          0          0          0          0          0          0          0          0          0          0          0          0          0          0          0          0          0          0          0          0          0          0          0          0          0          0          0          0          0          0          0          0          0          0          0          0          0          0          0          0          0          0          0          0          0          0          0          0          0          0          0          0          0          0          0          0          0          0          0          0          0          0          0          0          0          0          0          0          0          0          0          0          0          0          0          0          0          0          0          0          0          0          0          0          0          0          0          0          0          0          0          0          0          0          0          0          0          0          0          0          0          0          0          0          0          0          0          0          0          0          0          0          0          0          0          0          0          0          0          0          0          0          0          0          0          0          0          0          0          0          0          0          0          0          0          0          0          0          0          0          0          0          0          0          0          0          0          0          0          0          0          0          0          0          0          0          0          0          0          0          0          0          0          0          0          0          0          0          0          0          0          0          0          0          0          0          0          0          0          0          0          0          0          0          0          0          0          0          0          0          0          0          0          0          0          0          0          0          0          0          0          0          0          0          0          0          0          0          0          0          0          0          0          0          0          0          0          0          0          0          0          0          0          0          0          0          0  IR-PCI-MSIX-0000:a2:00.0   19-edge      nvme0q19
 133:          0          0          0          0          0          0          0          0          0          0          0          0          0          0          0          0          0          0          0          0          0          0          0          0          0          0          0          0          0          0          0          0          0          0          0          0          0          0          0          0          0          0          0          0          0          0          0          0          0          0          0          0          0          0          0          0          0          0          0          0          0          0          0          0          0          0          0          0          0          0          0          0          0          0          0          0          0          0          0          0          0          0          0          0          0          0          0          0          0          0          0          0          0          0          0          0          0          0          0          0          0          0          0          0          0          0          0          0          0          0          0          0          0          0          0          0          0          0          0          0          0          0          0          0          0          0          0          0          0          0          0          0          0          0          0          0          0          0          0          0          0          0          0          0          0          0          0          0          0          0          0          0          0          0          0          0          0          0          0          0          0          0          0          0          0          0          0          0          0          0          0          0          0          0          0          0          0          0          0          0          0          0          0          0          0          0          0          0          0          0          0          0          0          0          0          0          0          0          0          0          0          0          0          0          0          0          0          0          0          0          0          0          0          0          0          0          0          0          0          0          0          0          0          0          0          0          0          0          0          0          0          0          0          0          0          0          0          0          0          0          0          0          0          0          0          0          0          0          0          0          0          0          0          0          0          0          0          0          0          0          0          0          0          0          0          0          0          0          0          0          0          0          0          0          0          0          0          0          0          0          0          0          0          0          0          0          0          0  IR-PCI-MSIX-0000:a2:00.0   20-edge      nvme0q20
 134:          0          0          0          0          0          0          0          0          0          0          0          0          0          0          0          0          0          0          0          0          0          0          0          0          0          0          0          0          0          0          0          0          0          0          0          0          0          0          0          0          0          0          0          0          0          0          0          0          0          0          0          0          0          0          0          0          0          0          0          0          0          0          0          0          0          0          0          0          0          0          0          0          0          0          0          0          0          0          0          0          0          0          0          0          0          0          0          0          0          0          0          0          0          0          0          0          0          0          0          0          0          0          0          0          0          0          0          0          0          0          0          0          0          0          0          0          0          0          0          0          0          0          0          0          0          0          0          0          0          0          0          0          0          0          0          0          0          0          0          0          0          0          0          0          0          0          0          0          0          0          0          0          0          0          0          0          0          0          0          0          0          0          0          0          0          0          0          0          0          0          0          0          0          0          0          0          0          0          0          0          0          0          0          0          0          0          0          0          0          0          0          0          0          0          0          0          0          0          0          0          0          0          0          0          0          0          0          0          0          0          0          0          0          0          0          0          0          0          0          0          0          0          0          0          0          0          0          0          0          0          0          0          0          0          0          0          0          0          0          0          0          0          0          0          0          0          0          0          0          0          0          0          0          0          0          0          0          0          0          0          0          0          0          0          0          0          0          0          0          0          0          0          0          0          0          0          0          0          0          0          0          0          0          0          0          0          0          0  IR-PCI-MSIX-0000:a2:00.0   21-edge      nvme0q21
 135:          0          0          0          0          0          0          0          0          0          0          0          0          0          0          0          0          0          0          0          0          0          0          0          0          0          0          0          0          0          0          0          0          0          0          0          0          0          0          0          0          0          0          0          0          0          0          0          0          0          0          0          0          0          0          0          0          0          0          0          0          0          0          0          0          0          0          0          0          0          0          0          0          0          0          0          0          0          0          0          0          0          0          0          0          0          0          0          0          0          0          0          0          0          0          0          0          0          0          0          0          0          0          0          0          0          0          0          0          0          0          0          0          0          0          0          0          0          0          0          0          0          0          0          0          0          0          0          0          0          0          0          0          0          0          0          0          0          0          0          0          0          0          0          0          0          0          0          0          0          0          0          0          0          0          0          0          0          0          0          0          0          0          0          0          0          0          0          0          0          0          0          0          0          0          0          0          0          0          0          0          0          0          0          0          0          0          0          0          0          0          0          0          0          0          0          0          0          0          0          0          0          0          0          0          0          0          0          0          0          0          0          0          0          0          0          0          0          0          0          0          0          0          0          0          0          0          0          0          0          0          0          0          0          0          0          0          0          0          0          0          0          0          0          0          0          0          0          0          0          0          0          0          0          0          0          0          0          0          0          0          0          0          0          0          0          0          0          0          0          0          0          0          0          0          0          0          0          0          0          0          0          0          0          0          0          0          0          0  IR-PCI-MSIX-0000:a2:00.0   22-edge      nvme0q22
 136:          0          0          0          0          0          0          0          0          0          0          0          0          0          0          0          0          0          0          0          0          0          0          0          0          0          0          0          0          0          0          0          0          0          0          0          0          0          0          0          0          0          0          0          0          0          0          0          0          0          0          0          0          0          0          0          0          0          0          0          0          0          0          0          0          0          0          0          0          0          0          0          0          0          0          0          0          0          0          0          0          0          0          0          0          0          0          0          0          0          0          0          0          0          0          0          0          0          0          0          0          0          0          0          0          0          0          0          0          0          0          0          0          0          0          0          0          0          0          0          0          0          0          0          0          0          0          0          0          0          0          0          0          0          0          0          0          0          0          0          0          0          0          0          0          0          0          0          0          0          0          0          0          0          0          0          0          0          0          0          0          0          0          0          0          0          0          0          0          0          0          0          0          0          0          0          0          0          0          0          0          0          0          0          0          0          0          0          0          0          0          0          0          0          0          0          0          0          0          0          0          0          0          0          0          0          0          0          0          0          0          0          0          0          0          0          0          0          0          0          0          0          0          0          0          0          0          0          0          0          0          0          0          0          0          0          0          0          0          0          0          0          0          0          0          0          0          0          0          0          0          0          0          0          0          0          0          0          0          0          0          0          0          0          0          0          0          0          0          0          0          0          0          0          0          0          0          0          0          0          0          0          0          0          0          0          0          0          0  IR-PCI-MSIX-0000:a2:00.0   23-edge      nvme0q23
 137:          0          0          0          0          0          0          0          0          0          0          0          0          0          0          0          0          0          0          0          0          0          0          0          0          0          0          0          0          0          0          0          0          0          0          0          0          0          0          0          0          0          0          0          0          0          0          0          0          0          0          0          0          0          0          0          0          0          0          0          0          0          0          0          0          0          0          0          0          0          0          0          0          0          0          0          0          0          0          0          0          0          0          0          0          0          0          0          0          0          0          0          0          0          0          0          0          0          0          0          0          0          0          0          0          0          0          0          0          0          0          0          0          0          0          0          0          0          0          0          0          0          0          0          0          0          0          0          0          0          0          0          0          0          0          0          0          0          0          0          0          0          0          0          0          0          0          0          0          0          0          0          0          0          0          0          0          0          0          0          0          0          0          0          0          0          0          0          0          0          0          0          0          0          0          0          0          0          0          0          0          0          0          0          0          0          0          0          0          0          0          0          0          0          0          0          0          0          0          0          0          0          0          0          0          0          0          0          0          0          0          0          0          0          0          0          0          0          0          0          0          0          0          0          0          0          0          0          0          0          0          0          0          0          0          0          0          0          0          0          0          0          0          0          0          0          0          0          0          0          0          0          0          0          0          0          0          0          0          0          0          0          0          0          0          0          0          0          0          0          0          0          0          0          0          0          0          0          0          0          0          0          0          0          0          0          0          0          0  IR-PCI-MSIX-0000:a2:00.0   24-edge      nvme0q24
 138:          0          0          0          0          0          0          0          0          0          0          0          0          0          0          0          0          0          0          0          0          0          0          0          0          0          0          0          0          0          0          0          0          0          0          0          0          0          0          0          0          0          0          0          0          0          0          0          0          0          0          0          0          0          0          0          0          0          0          0          0          0          0          0          0          0          0          0          0          0          0          0          0          0          0          0          0          0          0          0          0          0          0          0          0          0          0          0          0          0          0          0          0          0          0          0          0          3          0          0          0          0          0          0          0          0          0          0          0          0          0          0          0          0          0          0          0          0          0          0          0          0          0          0          0          0          0          0          0          0          0          0          0          0          0          0          0          0          0          0          0          0          0          0          0          0          0          0          0          0          0          0          0          0          0          0          0          0          0          0          0          0          0          0          0          0          0          0          0          0          0          0          0          0          0          0          0          0          0          0          0          0          0          0          0          0          0          0          0          0          0          0          0          0          0          0          0          0          0          0          0          0          0          0          0          0          0          0          0          0          0          0          0          0          0          0          0          0          0          0          0          0          0          0          0          0          0          0          0          0          0          0          0          0          0          0          0          0          0          0          0          0          0          0          0          0          0          0          0          0          0          0          0          0          0          0          0          0          0          0          0          0          0          0          0          0          0          0          0          0          0          0          0          0          0          0          0          0          0          0          0          0          0          0          0          0          0          0          0  IR-PCI-MSIX-0000:a2:00.0   25-edge      nvme0q25
 139:          0          0          0          0          0          0          0          0          0          0          0          0          0          0          0          0          0          0          0          0          0          0          0          0          0          0          0          0          0          0          0          0          0          0          0          0          0          0          0          0          0          0          0          0          0          0          0          0          0          0          0          0          0          0          0          0          0          0          0          0          0          0          0          0          0          0          0          0          0          0          0          0          0          0          0          0          0          0          0          0          0          0          0          0          0          0          0          0          0          0          0          0          0          0          0          0          0          3          0          0          0          0          0          0          0          0          0          0          0          0          0          0          0          0          0          0          0          0          0          0          0          0          0          0          0          0          0          0          0          0          0          0          0          0          0          0          0          0          0          0          0          0          0          0          0          0          0          0          0          0          0          0          0          0          0          0          0          0          0          0          0          0          0          0          0          0          0          0          0          0          0          0          0          0          0          0          0          0          0          0          0          0          0          0          0          0          0          0          0          0          0          0          0          0          0          0          0          0          0          0          0          0          0          0          0          0          0          0          0          0          0          0          0          0          0          0          0          0          0          0          0          0          0          0          0          0          0          0          0          0          0          0          0          0          0          0          0          0          0          0          0          0          0          0          0          0          0          0          0          0          0          0          0          0          0          0          0          0          0          0          0          0          0          0          0          0          0          0          0          0          0          0          0          0          0          0          0          0          0          0          0          0          0          0          0          0          0          0  IR-PCI-MSIX-0000:a2:00.0   26-edge      nvme0q26
 140:          0          0          0          0          0          0          0          0          0          0          0          0          0          0          0          0          0          0          0          0          0          0          0          0          0          0          0          0          0          0          0          0          0          0          0          0          0          0          0          0          0          0          0          0          0          0          0          0          0          0          0          0          0          0          0          0          0          0          0          0          0          0          0          0          0          0          0          0          0          0          0          0          0          0          0          0          0          0          0          0          0          0          0          0          0          0          0          0          0          0          0          0          0          0          0          0          0          0          0          0          0          0          0          0          0          0          0          0          0          0          0          0          0          0          0          0          0          0          0          0          0          0          0          0          0          0          0          0          0          0          0          0          0          0          0          0          0          0          0          0          0          0          0          0          0          0          0          0          0          0          0          0          0          0          0          0          0          0          0          0          0          0          0          0          0          0          0          0          0          0          0          0          0          0          0          0          0          0          0          0          0          0          0          0          0          0          0          0          0          0          0          0          0          0          0          0          0          0          0          0          0          0          0          0          0          0          0          0          0          0          0          0          0          0          0          0          0          0          0          0          0          0          0          0          0          0          0          0          0          0          0          0          0          0          0          0          0          0          0          0          0          0          0          0          0          0          0          0          0          0          0          0          0          0          0          0          0          0          0          0          0          0          0          0          0          0          0          0          0          0          0          0          0          0          0          0          0          0          0          0          0          0          0          0          0          0          0          0  IR-PCI-MSIX-0000:a2:00.0   27-edge      nvme0q27
 141:          0          0          0          0          0          0          0          0          0          0          0          0          0          0          0          0          0          0          0          0          0          0          0          0          0          0          0          0          0          0          0          0          0          0          0          0          0          0          0          0          0          0          0          0          0          0          0          0          0          0          0          0          0          0          0          0          0          0          0          0          0          0          0          0          0          0          0          0          0          0          0          0          0          0          0          0          0          0          0          0          0          0          0          0          0          0          0          0          0          0          0          0          0          0          0          0          0          0          0          0          0          0          0          0          0          0          0          0          0          0          0          0          0          0          0          0          0          0          0          0          0          0          0          0          0          0          0          0          0          0          0          0          0          0          0          0          0          0          0          0          0          0          0          0          0          0          0          0          0          0          0          0          0          0          0          0          0          0          0          0          0          0          0          0          0          0          0          0          0          0          0          0          0          0          0          0          0          0          0          0          0          0          0          0          0          0          0          0          0          0          0          0          0          0          0          0          0          0          0          0          0          0          0          0          0          0          0          0          0          0          0          0          0          0          0          0          0          0          0          0          0          0          0          0          0          0          0          0          0          0          0          0          0          0          0          0          0          0          0          0          0          0          0          0          0          0          0          0          0          0          0          0          0          0          0          0          0          0          0          0          0          0          0          0          0          0          0          0          0          0          0          0          0          0          0          0          0          0          0          0          0          0          0          0          0          0          0          0  IR-PCI-MSIX-0000:a2:00.0   28-edge      nvme0q28
 142:          0          0          0          0          0          0          0          0          0          0          0          0          0          0          0          0          0          0          0          0          0          0          0          0          0          0          0          0          0          0          0          0          0          0          0          0          0          0          0          0          0          0          0          0          0          0          0          0          0          0          0          0          0          0          0          0          0          0          0          0          0          0          0          0          0          0          0          0          0          0          0          0          0          0          0          0          0          0          0          0          0          0          0          0          0          0          0          0          0          0          0          0          0          0          0          0          0          0          0          0          0          0          0          0          0          0          0          0          0          0          0          0          0          0          0          0          0          0          0          0          0          0          0          0          0          0          0          0          0          0          0          0          0          0          0          0          0          0          0          0          0          0          0          0          0          0          0          0          0          0          0          0          0          0          0          0          0          0          0          0          0          0          0          0          0          0          0          0          0          0          0          0          0          0          0          0          0          0          0          0          0          0          0          0          0          0          0          0          0          0          0          0          0          0          0          0          0          0          0          0          0          0          0          0          0          0          0          0          0          0          0          0          0          0          0          0          0          0          0          0          0          0          0          0          0          0          0          0          0          0          0          0          0          0          0          0          0          0          0          0          0          0          0          0          0          0          0          0          0          0          0          0          0          0          0          0          0          0          0          0          0          0          0          0          0          0          0          0          0          0          0          0          0          0          0          0          0          0          0          0          0          0          0          0          0          0          0          0  IR-PCI-MSIX-0000:a2:00.0   29-edge      nvme0q29
 143:          0          0          0          0          0          0          0          0          0          0          0          0          0          0          0          0          0          0          0          0          0          0          0          0          0          0          0          0          0          0          0          0          0          0          0          0          0          0          0          0          0          0          0          0          0          0          0          0          0          0          0          0          0          0          0          0          0          0          0          0          0          0          0          0          0          0          0          0          0          0          0          0          0          0          0          0          0          0          0          0          0          0          0          0          0          0          0          0          0          0          0          0          0          0          0          0          0          0          0          0          0          0          0          0          0          0          0          0          0          0          0          0          0          0          0          0          0          0          0          0          0          0          0          0          0          0          0          0          0          0          0          0          0          0          0          0          0          0          0          0          0          0          0          0          0          0          0          0          0          0          0          0          0          0          0          0          0          0          0          0          0          0          0          0          0          0          0          0          0          0          0          0          0          0          0          0          0          0          0          0          0          0          0          0          0          0          0          0          0          0          0          0          0          0          0          0          0          0          0          0          0          0          0          0          0          0          0          0          0          0          0          0          0          0          0          0          0          0          0          0          0          0          0          0          0          0          0          0          0          0          0          0          0          0          0          0          0          0          0          0          0          0          0          0          0          0          0          0          0          0          0          0          0          0          0          0          0          0          0          0          0          0          0          0          0          0          0          0          0          0          0          0          0          0          0          0          0          0          0          0          0          0          0          0          0          0          0          0  IR-PCI-MSIX-0000:a2:00.0   30-edge      nvme0q30
 144:          0          0          0          0          0          0          0          0          0          0          0          0          0          0          0          0          0          0          0          0          0          0          0          0          0          0          0          0          0          0          0          0          0          0          0          0          0          0          0          0          0          0          0          0          0          0          0          0          0          0          0          0          0          0          0          0          0          0          0          0          0          0          0          0          0          0          0          0          0          0          0          0          0          0          0          0          0          0          0          0          0          0          0          0          0          0          0          0          0          0          0          0          0          0          0          0          0          0          0          0          0          0          0          0          0          0          0          0          0          0          0          0          0          0          0          0          0          0          0          0          0          0          0          0          0          0          0          0          0          0          0          0          0          0          0          0          0          0          0          0          0          0          0          0          0          0          0          0          0          0          0          0          0          0          0          0          0          0          0          0          0          0          0          0          0          0          0          0          0          0          0          0          0          0          0          0          0          0          0          0          0          0          0          0          0          0          0          0          0          0          0          0          0          0          0          0          0          0          0          0          0          0          0          0          0          0          0          0          0          0          0          0          0          0          0          0          0          0          0          0          0          0          0          0          0          0          0          0          0          0          0          0          0          0          0          0          0          0          0          0          0          0          0          0          0          0          0          0          0          0          0          0          0          0          0          0          0          0          0          0          0          0          0          0          0          0          0          0          0          0          0          0          0          0          0          0          0          0          0          0          0          0          0          0          0          0          0          0  IR-PCI-MSIX-0000:a2:00.0   31-edge      nvme0q31
 145:          0          0          0          0          0          0          0          0          0          0          0          0          0          0          0          0          0          0          0          0          0          0          0          0          0          0          0          0          0          0          0          0          0          0          0          0          0          0          0          0          0          0          0          0          0          0          0          0          0          0          0          0          0          0          0          0          0          0          0          0          0          0          0          0          0          0          0          0          0          0          0          0          0          0          0          0          0          0          0          0          0          0          0          0          0          0          0          0          0          0          0          0          0          0          0          0          0          0          0          0          0          0          0          0          0          0          0          0          0          0          0          0          0          0          0          0          0          0          0          0          0          0          0          0          0          0          0          0          0          0          0          0          0          0          0          0          0          0          0          0          0          0          0          0          0          0          0          0          0          0          0          0          0          0          0          0          0          0          0          0          0          0          0          0          0          0          0          0          0          0          0          0          0          0          0          0          0          0          0          0          0          0          0          0          0          0          0          0          0          0          0          0          0          0          0          0          0          0          0          0          0          0          0          0          0          0          0          0          0          0          0          0          0          0          0          0          0          0          0          0          0          0          0          0          0          0          0          0          0          0          0          0          0          0          0          0          0          0          0          0          0          0          0          0          0          0          0          0          0          0          0          0          0          0          0          0          0          0          0          0          0          0          0          0          0          0          0          0          0          0          0          0          0          0          0          0          0          0          0          0          0          0          0          0          0          0          0          0  IR-PCI-MSIX-0000:a2:00.0   32-edge      nvme0q32
 146:          0          0          0          0          0          0          0          0          0          0          0          0          0          0          0          0          0          0          0          0          0          0          0          0          0          0          0          0          0          0          0          0          0          0          0          0          0          0          0          0          0          0          0          0          0          0          0          0          0          0          0          0          0          0          0          0          0          0          0          0          0          0          0          0          0          0          0          0          0          0          0          0          0          0          0          0          0          0          0          0          0          0          0          0          0          0          0          0          0          0          0          0          0          0          0          0          0          0          0          0          0          0          0          0          0          0          0          0          0          0          0          0          0          0          0          0          0          0          0          0          0          0          0          0          0          0          0          0          0          0          0          0          0          0          0          0          0          0          0          0          0          0          0          0          0          0          0          0          0          0          0          0          0          0          0          0          0          0          0          0          0          0          0          0          0          0          0          0          0          0          0          0          0          0          0          0          0          0          0          0          0          0          0          0          0          0          0          0          0          0          0          0          0          0          0          0          0          0          0          0          0          0          0          0          0          0          0          0          0          0          0          0          0          0          0          0          0          0          0          0          0          0          0          0          0          0          0          0          0          0          0          0          0          0          0          0          0          0          0          0          0          0          0          0          0          0          0          0          0          0          0          0          0          0          0          0          0          0          0          0          0          0          0          0          0          0          0          0          0          0          0          0          0          0          0          0          0          0          0          0          0          0          0          0          0          0          0          0  IR-PCI-MSIX-0000:a2:00.0   33-edge      nvme0q33
 147:          0          0          0          0          0          0          0          0          0          0          0          0          0          0          0          0          0          0          0          0          0          0          0          0          0          0          0          0          0          0          0          0          0          0          0          0          0          0          0          0          0          0          0          0          0          0          0          0          0          0          0          0          0          0          0          0          0          0          0          0          0          0          0          0          0          0          0          0          0          0          0          0          0          0          0          0          0          0          0          0          0          0          0          0          0          0          0          0          0          0          0          0          0          0          0          0          0          0          0          0          0          0          0          0          0          0          0          0          0          0          0          0          0          0          0          0          0          0          0          0          0          0          0          0          0          0          0          0          0          0          0          0          0          0          0          0          0          0          0          0          0          0          0          0          0          0          0          0          0          0          0          0          0          0          0          0          0          0          0          0          0          0          0          0          0          0          0          0          0          0          0          0          0          0          0          0          0          0          0          0          0          0          0          0          0          0          0          0          0          0          0          0          0          0          0          0          0          0          0          0          0          0          0          0          0          0          0          0          0          0          0          0          0          0          0          0          0          0          0          0          0          0          0          0          0          0          0          0          0          0          0          0          0          0          0          0          0          0          0          0          0          0          0          0          0          0          0          0          0          0          0          0          0          0          0          0          0          0          0          0          0          0          0          0          0          0          0          0          0          0          0          0          0          0          0          0          0          0          0          0          0          0          0          0          0          0          0          0  IR-PCI-MSIX-0000:a2:00.0   34-edge      nvme0q34
 148:          0          0          0          0          0          0          0          0          0          0          0          0          0          0          0          0          0          0          0          0          0          0          0          0          0          0          0          0          0          0          0          0          0          0          0          0          0          0          0          0          0          0          0          0          0          0          0          0          0          0          0          0          0          0          0          0          0          0          0          0          0          0          0          0          0          0          0          0          0          0          0          0          0          0          0          0          0          0          0          0          0          0          0          0          0          0          0          0          0          0          0          0          0          0          0          0          0          0          0          0          0          0          0          0          0          0          0          0          0          0          0          0          0          0          0          0          0          0          0          0          0          0          0          0          0          0          0          0          0          0          0          0          0          0          0          0          0          0          0          0          0          0          0          0          0          0          0          0          0          0          0          0          0          0          0          0          0          0          0          0          0          0          0          0          0          0          0          0          0          0          0          0          0          0          0          0          0          0          0          0          0          0          0          0          0          0          0          0          0          0          0          0          0          0          0          0          0          0          0          0          0          0          0          0          0          0          0          0          0          0          0          0          0          0          0          0          0          0          0          0          0          0          0          0          0          0          0          0          0          0          0          0          0          0          0          0          0          0          0          0          0          0          0          0          0          0          0          0          0          0          0          0          0          0          0          0          0          0          0          0          0          0          0          0          0          0          0          0          0          0          0          0          0          0          0          0          0          0          0          0          0          0          0          0          0          0          0          0  IR-PCI-MSIX-0000:a2:00.0   35-edge      nvme0q35
 149:          0          0          0          0          0          0          0          0          0          0          0          0          0          0          0          0          0          0          0          0          0          0          0          0          0          0          0          0          0          0          0          0          0          0          0          0          0          0          0          0          0          0          0          0          0          0          0          0          0          0          0          0          0          0          0          0          0          0          0          0          0          0          0          0          0          0          0          0          0          0          0          0          0          0          0          0          0          0          0          0          0          0          0          0          0          0          0          0          0          0          0          0          0          0          0          0          0          0          0          0          0          0          0          0          0          0          0          0          0          0          0          0          0          0          0          0          0          0          0          0          0          0          0          0          0          0          0          0          0          0          0          0          0          0          0          0          0          0          0          0          0          0          0          0          0          0          0          0          0          0          0          0          0          0          0          0          0          0          0          0          0          0          0          0          0          0          0          0          0          0          0          0          0          0          0          0          0          0          0          0          0          0          0          0          0          0          0          0          0          0          0          0          0          0          0          0          0          0          0          0          0          0          0          0          0          0          0          0          0          0          0          0          0          0          0          0          0          0          0          0          0          0          0          0          0          0          0          0          0          0          0          0          0          0          0          0          0          0          0          0          0          0          0          0          0          0          0          0          0          0          0          0          0          0          0          0          0          0          0          0          0          0          0          0          0          0          0          0          0          0          0          0          0          0          0          0          0          0          0          0          0          0          0          0          0          0          0          0  IR-PCI-MSIX-0000:a2:00.0   36-edge      nvme0q36
 150:          0          0          0          0          0          0          0          0          0          0          0          0          0          0          0          0          0          0          0          0          0          0          0          0          0          0          0          0          0          0          0          0          0          0          0          0          0          0          0          0          0          0          0          0          0          0          0          0          0          0          0          0          0          0          0          0          0          0          0          0          0          0          0          0          0          0          0          0          0          0          0          0          0          0          0          0          0          0          0          0          0          0          0          0          0          0          0          0          0          0          0          0          0          0          0          0          0          0          0          0          0          0          0          0          0          0          0          0          0          0          0          0          0          0          0          0          0          0          0          0          0          0          0          0          0          0          0          0          0          0          0          0          0          0          0          0          0          0          0          0          0          0          0          0          0          0          0          0          0          0          0          0          0          0          0          0          0          0          0          0          0          0          0          0          0          0          0          0          0          0          0          0          0          0          0          0          0          0          0          0          0          0          0          0          0          0          0          0          0          0          0          0          0          0          0          0          0          0          0          0          0          0          0          0          0          0          0          0          0          0          0          0          0          0          0          0          0          0          0          0          0          0          0          0          0          0          0          0          0          0          0          0          0          0          0          0          0          0          0          0          0          0          0          0          0          0          0          0          0          0          0          0          0          0          0          0          0          0          0          0          0          0          0          0          0          0          0          0          0          0          0          0          0          0          0          0          0          0          0          0          0          0          0          0          0          0          0          0  IR-PCI-MSIX-0000:a2:00.0   37-edge      nvme0q37

========== Storage / NIC (one-liners) ==========
NAME     SIZE MODEL                      ROTA
loop1   63.8M                               0
loop2   91.6M                               0
loop3   91.7M                               0
loop4   63.8M                               0
loop5   48.4M                               0
loop6   49.3M                               0
nvme0n1  3.5T SAMSUNG MZTL63T8HFLT-00AW7    0
nvme1n1  3.5T SAMSUNG MZTL63T8HFLT-00AW7    0
nvme2n1  3.5T SAMSUNG MZTL63T8HFLT-00AW7    0
nvme3n1  3.5T SAMSUNG MZTL63T8HFLT-00AW7    0
0d:00.0 Ethernet controller: Mellanox Technologies CX8 Family [ConnectX-8]
0d:00.1 Ethernet controller: Mellanox Technologies CX8 Family [ConnectX-8]
23:00.0 Non-Volatile memory controller: Samsung Electronics Co Ltd Device a900
29:00.0 Non-Volatile memory controller: Samsung Electronics Co Ltd Device a900
35:00.0 Ethernet controller: Mellanox Technologies CX8 Family [ConnectX-8]
35:00.1 Ethernet controller: Mellanox Technologies CX8 Family [ConnectX-8]
46:00.0 Ethernet controller: Mellanox Technologies MT2910 Family [ConnectX-7]
46:00.1 Ethernet controller: Mellanox Technologies MT2910 Family [ConnectX-7]
7e:02.0 Host bridge: Intel Corporation Device 0998
8d:00.0 Ethernet controller: Mellanox Technologies CX8 Family [ConnectX-8]

========== Container / VM detection ==========
none
0::/init.scope
sys_vendor=Oracle Corporation
product_name=unknown

========== MCE / EDAC (errors that could skew perf) ==========
/sys/devices/system/edac/mc/mc17/ce_count = 0
/sys/devices/system/edac/mc/mc17/ue_count = 0
/sys/devices/system/edac/mc/mc8/ce_count = 0
/sys/devices/system/edac/mc/mc8/ue_count = 0
/sys/devices/system/edac/mc/mc15/ce_count = 0
/sys/devices/system/edac/mc/mc15/ue_count = 0
/sys/devices/system/edac/mc/mc6/ce_count = 0
/sys/devices/system/edac/mc/mc6/ue_count = 0
/sys/devices/system/edac/mc/mc23/ce_count = 0
/sys/devices/system/edac/mc/mc23/ue_count = 0
/sys/devices/system/edac/mc/mc13/ce_count = 0
/sys/devices/system/edac/mc/mc13/ue_count = 0
/sys/devices/system/edac/mc/mc4/ce_count = 0
/sys/devices/system/edac/mc/mc4/ue_count = 0
/sys/devices/system/edac/mc/mc21/ce_count = 0
/sys/devices/system/edac/mc/mc21/ue_count = 0
/sys/devices/system/edac/mc/mc11/ce_count = 0
/sys/devices/system/edac/mc/mc11/ue_count = 0
/sys/devices/system/edac/mc/mc2/ce_count = 0
/sys/devices/system/edac/mc/mc2/ue_count = 0
/sys/devices/system/edac/mc/mc0/ce_count = 0
/sys/devices/system/edac/mc/mc0/ue_count = 0
/sys/devices/system/edac/mc/mc18/ce_count = 0
/sys/devices/system/edac/mc/mc18/ue_count = 0
/sys/devices/system/edac/mc/mc9/ce_count = 0
/sys/devices/system/edac/mc/mc9/ue_count = 0
/sys/devices/system/edac/mc/mc16/ce_count = 0
/sys/devices/system/edac/mc/mc16/ue_count = 0
/sys/devices/system/edac/mc/mc7/ce_count = 0
/sys/devices/system/edac/mc/mc7/ue_count = 0
/sys/devices/system/edac/mc/mc14/ce_count = 0
/sys/devices/system/edac/mc/mc14/ue_count = 0
/sys/devices/system/edac/mc/mc5/ce_count = 0
/sys/devices/system/edac/mc/mc5/ue_count = 0
/sys/devices/system/edac/mc/mc22/ce_count = 0
/sys/devices/system/edac/mc/mc22/ue_count = 0
/sys/devices/system/edac/mc/mc12/ce_count = 0
/sys/devices/system/edac/mc/mc12/ue_count = 0
/sys/devices/system/edac/mc/mc3/ce_count = 0
/sys/devices/system/edac/mc/mc3/ue_count = 0
/sys/devices/system/edac/mc/mc20/ce_count = 0
/sys/devices/system/edac/mc/mc20/ue_count = 0
/sys/devices/system/edac/mc/mc10/ce_count = 0
/sys/devices/system/edac/mc/mc10/ue_count = 0
/sys/devices/system/edac/mc/mc1/ce_count = 0
/sys/devices/system/edac/mc/mc1/ue_count = 0
/sys/devices/system/edac/mc/mc19/ce_count = 0
/sys/devices/system/edac/mc/mc19/ue_count = 0

========== Compilers + perf tools available ==========
gcc:                 gcc (Ubuntu 11.4.0-1ubuntu1~22.04.3) 11.4.0
clang:               NOT INSTALLED
make:                GNU Make 4.3
cmake:               cmake version 3.22.1
numactl:             NOT INSTALLED
hwloc-info:          hwloc-info 2.7.0
likwid-topology:     NOT INSTALLED
perf:                perf version 6.8.12
taskset:             taskset from util-linux 2.37.2
chrt:                chrt from util-linux 2.37.2
nproc:               nproc (GNU coreutils) 8.32
dmidecode:           3.3
lscpu:               lscpu from util-linux 2.37.2
lstopo:              lstopo 2.7.0

========== hwloc topology (if available) ==========
Machine (1510GB total)
  Package L#0
    NUMANode L#0 (P#0 754GB)
    L3 L#0 (432MB)
      L2 L#0 (2048KB) + L1d L#0 (48KB) + L1i L#0 (64KB) + Core L#0
        PU L#0 (P#0)
        PU L#1 (P#144)
      L2 L#1 (2048KB) + L1d L#1 (48KB) + L1i L#1 (64KB) + Core L#1
        PU L#2 (P#1)
        PU L#3 (P#145)
      L2 L#2 (2048KB) + L1d L#2 (48KB) + L1i L#2 (64KB) + Core L#2
        PU L#4 (P#2)
        PU L#5 (P#146)
      L2 L#3 (2048KB) + L1d L#3 (48KB) + L1i L#3 (64KB) + Core L#3
        PU L#6 (P#3)
        PU L#7 (P#147)
      L2 L#4 (2048KB) + L1d L#4 (48KB) + L1i L#4 (64KB) + Core L#4
        PU L#8 (P#4)
        PU L#9 (P#148)
      L2 L#5 (2048KB) + L1d L#5 (48KB) + L1i L#5 (64KB) + Core L#5
        PU L#10 (P#5)
        PU L#11 (P#149)
      L2 L#6 (2048KB) + L1d L#6 (48KB) + L1i L#6 (64KB) + Core L#6
        PU L#12 (P#6)
        PU L#13 (P#150)
      L2 L#7 (2048KB) + L1d L#7 (48KB) + L1i L#7 (64KB) + Core L#7
        PU L#14 (P#7)
        PU L#15 (P#151)
      L2 L#8 (2048KB) + L1d L#8 (48KB) + L1i L#8 (64KB) + Core L#8
        PU L#16 (P#8)
        PU L#17 (P#152)
      L2 L#9 (2048KB) + L1d L#9 (48KB) + L1i L#9 (64KB) + Core L#9
        PU L#18 (P#9)
        PU L#19 (P#153)
      L2 L#10 (2048KB) + L1d L#10 (48KB) + L1i L#10 (64KB) + Core L#10
        PU L#20 (P#10)
        PU L#21 (P#154)
      L2 L#11 (2048KB) + L1d L#11 (48KB) + L1i L#11 (64KB) + Core L#11
        PU L#22 (P#11)
        PU L#23 (P#155)
      L2 L#12 (2048KB) + L1d L#12 (48KB) + L1i L#12 (64KB) + Core L#12
        PU L#24 (P#12)
        PU L#25 (P#156)
      L2 L#13 (2048KB) + L1d L#13 (48KB) + L1i L#13 (64KB) + Core L#13
        PU L#26 (P#13)
        PU L#27 (P#157)
      L2 L#14 (2048KB) + L1d L#14 (48KB) + L1i L#14 (64KB) + Core L#14
        PU L#28 (P#14)
        PU L#29 (P#158)
      L2 L#15 (2048KB) + L1d L#15 (48KB) + L1i L#15 (64KB) + Core L#15
        PU L#30 (P#15)
        PU L#31 (P#159)
      L2 L#16 (2048KB) + L1d L#16 (48KB) + L1i L#16 (64KB) + Core L#16
        PU L#32 (P#16)
        PU L#33 (P#160)
      L2 L#17 (2048KB) + L1d L#17 (48KB) + L1i L#17 (64KB) + Core L#17
        PU L#34 (P#17)
        PU L#35 (P#161)
      L2 L#18 (2048KB) + L1d L#18 (48KB) + L1i L#18 (64KB) + Core L#18
        PU L#36 (P#18)
        PU L#37 (P#162)
      L2 L#19 (2048KB) + L1d L#19 (48KB) + L1i L#19 (64KB) + Core L#19
        PU L#38 (P#19)
        PU L#39 (P#163)
      L2 L#20 (2048KB) + L1d L#20 (48KB) + L1i L#20 (64KB) + Core L#20
        PU L#40 (P#20)
        PU L#41 (P#164)
      L2 L#21 (2048KB) + L1d L#21 (48KB) + L1i L#21 (64KB) + Core L#21
        PU L#42 (P#21)
        PU L#43 (P#165)
      L2 L#22 (2048KB) + L1d L#22 (48KB) + L1i L#22 (64KB) + Core L#22
        PU L#44 (P#22)
        PU L#45 (P#166)
      L2 L#23 (2048KB) + L1d L#23 (48KB) + L1i L#23 (64KB) + Core L#23
        PU L#46 (P#23)
        PU L#47 (P#167)
      L2 L#24 (2048KB) + L1d L#24 (48KB) + L1i L#24 (64KB) + Core L#24
        PU L#48 (P#24)
        PU L#49 (P#168)
      L2 L#25 (2048KB) + L1d L#25 (48KB) + L1i L#25 (64KB) + Core L#25
        PU L#50 (P#25)
        PU L#51 (P#169)
      L2 L#26 (2048KB) + L1d L#26 (48KB) + L1i L#26 (64KB) + Core L#26
        PU L#52 (P#26)
        PU L#53 (P#170)
      L2 L#27 (2048KB) + L1d L#27 (48KB) + L1i L#27 (64KB) + Core L#27
        PU L#54 (P#27)
        PU L#55 (P#171)
      L2 L#28 (2048KB) + L1d L#28 (48KB) + L1i L#28 (64KB) + Core L#28
        PU L#56 (P#28)
        PU L#57 (P#172)
      L2 L#29 (2048KB) + L1d L#29 (48KB) + L1i L#29 (64KB) + Core L#29
        PU L#58 (P#29)
        PU L#59 (P#173)
      L2 L#30 (2048KB) + L1d L#30 (48KB) + L1i L#30 (64KB) + Core L#30
        PU L#60 (P#30)
        PU L#61 (P#174)
      L2 L#31 (2048KB) + L1d L#31 (48KB) + L1i L#31 (64KB) + Core L#31
        PU L#62 (P#31)
        PU L#63 (P#175)

========== DONE ==========
Tue May 19 22:36:47 UTC 2026
