
========== META ==========
Tue May 19 07:24:57 PM UTC 2026
andoria-15
Linux andoria-15 5.15.0-126-generic #136-Ubuntu SMP Wed Nov 6 10:38:22 UTC 2024 x86_64 x86_64 x86_64 GNU/Linux
PRETTY_NAME="Ubuntu 22.04.5 LTS"
NAME="Ubuntu"
VERSION_ID="22.04"
VERSION="22.04.5 LTS (Jammy Jellyfish)"
VERSION_CODENAME=jammy
ID=ubuntu
ID_LIKE=debian
HOME_URL="https://www.ubuntu.com/"
SUPPORT_URL="https://help.ubuntu.com/"
BUG_REPORT_URL="https://bugs.launchpad.net/ubuntu/"
PRIVACY_POLICY_URL="https://www.ubuntu.com/legal/terms-and-policies/privacy-policy"
UBUNTU_CODENAME=jammy
POSITRON_ISO_VERSION="1.1.3"
uid=0(root) gid=0(root) groups=0(root),119(bittware)

========== CPU (lscpu) ==========
Architecture:                         x86_64
CPU op-mode(s):                       32-bit, 64-bit
Address sizes:                        52 bits physical, 57 bits virtual
Byte Order:                           Little Endian
CPU(s):                               384
On-line CPU(s) list:                  0-383
Vendor ID:                            AuthenticAMD
Model name:                           AMD EPYC 9654 96-Core Emb Processor
CPU family:                           25
Model:                                17
Thread(s) per core:                   2
Core(s) per socket:                   96
Socket(s):                            2
Stepping:                             1
Frequency boost:                      enabled
CPU max MHz:                          3707.8120
CPU min MHz:                          1500.0000
BogoMIPS:                             4799.99
Flags:                                fpu vme de pse tsc msr pae mce cx8 apic sep mtrr pge mca cmov pat pse36 clflush mmx fxsr sse sse2 ht syscall nx mmxext fxsr_opt pdpe1gb rdtscp lm constant_tsc rep_good nopl nonstop_tsc cpuid extd_apicid aperfmperf rapl pni pclmulqdq monitor ssse3 fma cx16 pcid sse4_1 sse4_2 x2apic movbe popcnt aes xsave avx f16c rdrand lahf_lm cmp_legacy svm extapic cr8_legacy abm sse4a misalignsse 3dnowprefetch osvw ibs skinit wdt tce topoext perfctr_core perfctr_nb bpext perfctr_llc mwaitx cpb cat_l3 cdp_l3 invpcid_single hw_pstate ssbd mba ibrs ibpb stibp ibrs_enhanced vmmcall fsgsbase bmi1 avx2 smep bmi2 erms invpcid cqm rdt_a avx512f avx512dq rdseed adx smap avx512ifma clflushopt clwb avx512cd sha_ni avx512bw avx512vl xsaveopt xsavec xgetbv1 xsaves cqm_llc cqm_occup_llc cqm_mbm_total cqm_mbm_local avx512_bf16 clzero irperf xsaveerptr rdpru wbnoinvd amd_ppin cppc arat npt lbrv svm_lock nrip_save tsc_scale vmcb_clean flushbyasid decodeassists pausefilter pfthreshold avic v_vmsave_vmload vgif v_spec_ctrl avx512vbmi umip pku ospke avx512_vbmi2 gfni vaes vpclmulqdq avx512_vnni avx512_bitalg avx512_vpopcntdq la57 rdpid overflow_recov succor smca fsrm flush_l1d
Virtualization:                       AMD-V
L1d cache:                            6 MiB (192 instances)
L1i cache:                            6 MiB (192 instances)
L2 cache:                             192 MiB (192 instances)
L3 cache:                             768 MiB (24 instances)
NUMA node(s):                         2
NUMA node0 CPU(s):                    0-95,192-287
NUMA node1 CPU(s):                    96-191,288-383
Vulnerability Gather data sampling:   Not affected
Vulnerability Itlb multihit:          Not affected
Vulnerability L1tf:                   Not affected
Vulnerability Mds:                    Not affected
Vulnerability Meltdown:               Not affected
Vulnerability Mmio stale data:        Not affected
Vulnerability Reg file data sampling: Not affected
Vulnerability Retbleed:               Not affected
Vulnerability Spec rstack overflow:   Vulnerable, no microcode
Vulnerability Spec store bypass:      Vulnerable
Vulnerability Spectre v1:             Vulnerable: __user pointer sanitization and usercopy barriers only; no swapgs barriers
Vulnerability Spectre v2:             Vulnerable; IBPB: disabled; STIBP: disabled; PBRSB-eIBRS: Not affected; BHI: Not affected
Vulnerability Srbds:                  Not affected
Vulnerability Tsx async abort:        Not affected

========== CPU (lscpu --extended) - per-logical-CPU topology ==========
CPU NODE SOCKET CORE L1d:L1i:L2:L3  ONLINE    MAXMHZ    MINMHZ      MHZ
  0    0      0    0 0:0:0:0           yes 3707.8120 1500.0000 2400.000
  1    0      0    1 1:1:1:0           yes 3707.8120 1500.0000 2400.000
  2    0      0    2 2:2:2:0           yes 3707.8120 1500.0000 2400.000
  3    0      0    3 3:3:3:0           yes 3707.8120 1500.0000 2400.000
  4    0      0    4 4:4:4:0           yes 3707.8120 1500.0000 2400.000
  5    0      0    5 5:5:5:0           yes 3707.8120 1500.0000 2400.000
  6    0      0    6 6:6:6:0           yes 3707.8120 1500.0000 2400.000
  7    0      0    7 7:7:7:0           yes 3707.8120 1500.0000 2400.000
  8    0      0    8 32:32:32:4        yes 3707.8120 1500.0000 2400.000
  9    0      0    9 33:33:33:4        yes 3707.8120 1500.0000 2400.000
 10    0      0   10 34:34:34:4        yes 3707.8120 1500.0000 2400.000
 11    0      0   11 35:35:35:4        yes 3707.8120 1500.0000 2400.000
 12    0      0   12 36:36:36:4        yes 3707.8120 1500.0000 2400.000
 13    0      0   13 37:37:37:4        yes 3707.8120 1500.0000 2400.000
 14    0      0   14 38:38:38:4        yes 3707.8120 1500.0000 2400.000
 15    0      0   15 39:39:39:4        yes 3707.8120 1500.0000 2400.000
 16    0      0   16 64:64:64:8        yes 3707.8120 1500.0000 2400.000
 17    0      0   17 65:65:65:8        yes 3707.8120 1500.0000 2400.000
 18    0      0   18 66:66:66:8        yes 3707.8120 1500.0000 2400.000
 19    0      0   19 67:67:67:8        yes 3707.8120 1500.0000 2400.000
 20    0      0   20 68:68:68:8        yes 3707.8120 1500.0000 2400.000
 21    0      0   21 69:69:69:8        yes 3707.8120 1500.0000 2400.000
 22    0      0   22 70:70:70:8        yes 3707.8120 1500.0000 2400.000
 23    0      0   23 71:71:71:8        yes 3707.8120 1500.0000 2400.000
 24    0      0   24 16:16:16:2        yes 3707.8120 1500.0000 2400.000
 25    0      0   25 17:17:17:2        yes 3707.8120 1500.0000 2400.000
 26    0      0   26 18:18:18:2        yes 3707.8120 1500.0000 2400.000
 27    0      0   27 19:19:19:2        yes 3707.8120 1500.0000 2400.000
 28    0      0   28 20:20:20:2        yes 3707.8120 1500.0000 2400.000
 29    0      0   29 21:21:21:2        yes 3707.8120 1500.0000 2400.000
 30    0      0   30 22:22:22:2        yes 3707.8120 1500.0000 2400.000
 31    0      0   31 23:23:23:2        yes 3707.8120 1500.0000 2400.000
 32    0      0   32 48:48:48:6        yes 3707.8120 1500.0000 2400.000
 33    0      0   33 49:49:49:6        yes 3707.8120 1500.0000 2400.000
 34    0      0   34 50:50:50:6        yes 3707.8120 1500.0000 2400.000
 35    0      0   35 51:51:51:6        yes 3707.8120 1500.0000 2400.000
 36    0      0   36 52:52:52:6        yes 3707.8120 1500.0000 2400.000
 37    0      0   37 53:53:53:6        yes 3707.8120 1500.0000 2400.000
 38    0      0   38 54:54:54:6        yes 3707.8120 1500.0000 2400.000
 39    0      0   39 55:55:55:6        yes 3707.8120 1500.0000 2400.000
 40    0      0   40 80:80:80:10       yes 3707.8120 1500.0000 2400.000
 41    0      0   41 81:81:81:10       yes 3707.8120 1500.0000 2400.000
 42    0      0   42 82:82:82:10       yes 3707.8120 1500.0000 2400.000
 43    0      0   43 83:83:83:10       yes 3707.8120 1500.0000 2400.000
 44    0      0   44 84:84:84:10       yes 3707.8120 1500.0000 2400.000
 45    0      0   45 85:85:85:10       yes 3707.8120 1500.0000 2400.000
 46    0      0   46 86:86:86:10       yes 3707.8120 1500.0000 2400.000
 47    0      0   47 87:87:87:10       yes 3707.8120 1500.0000 2400.000
 48    0      0   48 24:24:24:3        yes 3707.8120 1500.0000 2400.000
 49    0      0   49 25:25:25:3        yes 3707.8120 1500.0000 2400.000
 50    0      0   50 26:26:26:3        yes 3707.8120 1500.0000 2400.000
 51    0      0   51 27:27:27:3        yes 3707.8120 1500.0000 2400.000
 52    0      0   52 28:28:28:3        yes 3707.8120 1500.0000 2400.000
 53    0      0   53 29:29:29:3        yes 3707.8120 1500.0000 2400.000
 54    0      0   54 30:30:30:3        yes 3707.8120 1500.0000 2400.000
 55    0      0   55 31:31:31:3        yes 3707.8120 1500.0000 2400.000
 56    0      0   56 56:56:56:7        yes 3707.8120 1500.0000 2400.000
 57    0      0   57 57:57:57:7        yes 3707.8120 1500.0000 2400.000
 58    0      0   58 58:58:58:7        yes 3707.8120 1500.0000 2400.000
 59    0      0   59 59:59:59:7        yes 3707.8120 1500.0000 2400.000
 60    0      0   60 60:60:60:7        yes 3707.8120 1500.0000 2400.000
 61    0      0   61 61:61:61:7        yes 3707.8120 1500.0000 2400.000
 62    0      0   62 62:62:62:7        yes 3707.8120 1500.0000 2400.000
 63    0      0   63 63:63:63:7        yes 3707.8120 1500.0000 2400.000
 64    0      0   64 88:88:88:11       yes 3707.8120 1500.0000 2400.000
 65    0      0   65 89:89:89:11       yes 3707.8120 1500.0000 2400.000
 66    0      0   66 90:90:90:11       yes 3707.8120 1500.0000 2400.000
 67    0      0   67 91:91:91:11       yes 3707.8120 1500.0000 2400.000
 68    0      0   68 92:92:92:11       yes 3707.8120 1500.0000 2400.000
 69    0      0   69 93:93:93:11       yes 3707.8120 1500.0000 2400.000
 70    0      0   70 94:94:94:11       yes 3707.8120 1500.0000 2400.000
 71    0      0   71 95:95:95:11       yes 3707.8120 1500.0000 2400.000
 72    0      0   72 8:8:8:1           yes 3707.8120 1500.0000 2400.000
 73    0      0   73 9:9:9:1           yes 3707.8120 1500.0000 2400.000
 74    0      0   74 10:10:10:1        yes 3707.8120 1500.0000 2400.000
 75    0      0   75 11:11:11:1        yes 3707.8120 1500.0000 2400.000
 76    0      0   76 12:12:12:1        yes 3707.8120 1500.0000 2400.000
 77    0      0   77 13:13:13:1        yes 3707.8120 1500.0000 2400.000
 78    0      0   78 14:14:14:1        yes 3707.8120 1500.0000 2400.000
 79    0      0   79 15:15:15:1        yes 3707.8120 1500.0000 2400.000
 80    0      0   80 40:40:40:5        yes 3707.8120 1500.0000 2400.000
 81    0      0   81 41:41:41:5        yes 3707.8120 1500.0000 2400.000
 82    0      0   82 42:42:42:5        yes 3707.8120 1500.0000 2400.000
 83    0      0   83 43:43:43:5        yes 3707.8120 1500.0000 2400.000
 84    0      0   84 44:44:44:5        yes 3707.8120 1500.0000 2400.000
 85    0      0   85 45:45:45:5        yes 3707.8120 1500.0000 2400.000
 86    0      0   86 46:46:46:5        yes 3707.8120 1500.0000 2400.000
 87    0      0   87 47:47:47:5        yes 3707.8120 1500.0000 2400.000
 88    0      0   88 72:72:72:9        yes 3707.8120 1500.0000 2400.000
 89    0      0   89 73:73:73:9        yes 3707.8120 1500.0000 2400.000
 90    0      0   90 74:74:74:9        yes 3707.8120 1500.0000 2400.000
 91    0      0   91 75:75:75:9        yes 3707.8120 1500.0000 2400.000
 92    0      0   92 76:76:76:9        yes 3707.8120 1500.0000 2400.000
 93    0      0   93 77:77:77:9        yes 3707.8120 1500.0000 2400.000
 94    0      0   94 78:78:78:9        yes 3707.8120 1500.0000 2400.000
 95    0      0   95 79:79:79:9        yes 3707.8120 1500.0000 2400.000
 96    1      1   96 128:128:128:16    yes 3707.8120 1500.0000 2400.000
 97    1      1   97 129:129:129:16    yes 3707.8120 1500.0000 2400.000
 98    1      1   98 130:130:130:16    yes 3707.8120 1500.0000 2400.000
 99    1      1   99 131:131:131:16    yes 3707.8120 1500.0000 2400.000
100    1      1  100 132:132:132:16    yes 3707.8120 1500.0000 2400.000
101    1      1  101 133:133:133:16    yes 3707.8120 1500.0000 2400.000
102    1      1  102 134:134:134:16    yes 3707.8120 1500.0000 2400.000
103    1      1  103 135:135:135:16    yes 3707.8120 1500.0000 2400.000
104    1      1  104 160:160:160:20    yes 3707.8120 1500.0000 2400.000
105    1      1  105 161:161:161:20    yes 3707.8120 1500.0000 2400.000
106    1      1  106 162:162:162:20    yes 3707.8120 1500.0000 2400.000
107    1      1  107 163:163:163:20    yes 3707.8120 1500.0000 2400.000
108    1      1  108 164:164:164:20    yes 3707.8120 1500.0000 2400.000
109    1      1  109 165:165:165:20    yes 3707.8120 1500.0000 2400.000
110    1      1  110 166:166:166:20    yes 3707.8120 1500.0000 2400.000
111    1      1  111 167:167:167:20    yes 3707.8120 1500.0000 2400.000
112    1      1  112 192:192:192:24    yes 3707.8120 1500.0000 2400.000
113    1      1  113 193:193:193:24    yes 3707.8120 1500.0000 2400.000
114    1      1  114 194:194:194:24    yes 3707.8120 1500.0000 2400.000
115    1      1  115 195:195:195:24    yes 3707.8120 1500.0000 2400.000
116    1      1  116 196:196:196:24    yes 3707.8120 1500.0000 2400.000
117    1      1  117 197:197:197:24    yes 3707.8120 1500.0000 2400.000
118    1      1  118 198:198:198:24    yes 3707.8120 1500.0000 2400.000
119    1      1  119 199:199:199:24    yes 3707.8120 1500.0000 2400.000
120    1      1  120 144:144:144:18    yes 3707.8120 1500.0000 2400.000
121    1      1  121 145:145:145:18    yes 3707.8120 1500.0000 2400.000
122    1      1  122 146:146:146:18    yes 3707.8120 1500.0000 2400.000
123    1      1  123 147:147:147:18    yes 3707.8120 1500.0000 2400.000
124    1      1  124 148:148:148:18    yes 3707.8120 1500.0000 2400.000
125    1      1  125 149:149:149:18    yes 3707.8120 1500.0000 2400.000
126    1      1  126 150:150:150:18    yes 3707.8120 1500.0000 2400.000
127    1      1  127 151:151:151:18    yes 3707.8120 1500.0000 2400.000
128    1      1  128 176:176:176:22    yes 3707.8120 1500.0000 2400.000
129    1      1  129 177:177:177:22    yes 3707.8120 1500.0000 2400.000
130    1      1  130 178:178:178:22    yes 3707.8120 1500.0000 2400.000
131    1      1  131 179:179:179:22    yes 3707.8120 1500.0000 2400.000
132    1      1  132 180:180:180:22    yes 3707.8120 1500.0000 2400.000
133    1      1  133 181:181:181:22    yes 3707.8120 1500.0000 2400.000
134    1      1  134 182:182:182:22    yes 3707.8120 1500.0000 2400.000
135    1      1  135 183:183:183:22    yes 3707.8120 1500.0000 2400.000
136    1      1  136 208:208:208:26    yes 3707.8120 1500.0000 2400.000
137    1      1  137 209:209:209:26    yes 3707.8120 1500.0000 3699.902
138    1      1  138 210:210:210:26    yes 3707.8120 1500.0000 2400.000
139    1      1  139 211:211:211:26    yes 3707.8120 1500.0000 2400.000
140    1      1  140 212:212:212:26    yes 3707.8120 1500.0000 2400.000
141    1      1  141 213:213:213:26    yes 3707.8120 1500.0000 2400.000
142    1      1  142 214:214:214:26    yes 3707.8120 1500.0000 2400.000
143    1      1  143 215:215:215:26    yes 3707.8120 1500.0000 2400.000
144    1      1  144 152:152:152:19    yes 3707.8120 1500.0000 2400.000
145    1      1  145 153:153:153:19    yes 3707.8120 1500.0000 2400.000
146    1      1  146 154:154:154:19    yes 3707.8120 1500.0000 2400.000
147    1      1  147 155:155:155:19    yes 3707.8120 1500.0000 2400.000
148    1      1  148 156:156:156:19    yes 3707.8120 1500.0000 2400.000
149    1      1  149 157:157:157:19    yes 3707.8120 1500.0000 2400.000
150    1      1  150 158:158:158:19    yes 3707.8120 1500.0000 2400.000
151    1      1  151 159:159:159:19    yes 3707.8120 1500.0000 2400.000
152    1      1  152 184:184:184:23    yes 3707.8120 1500.0000 2400.000
153    1      1  153 185:185:185:23    yes 3707.8120 1500.0000 2400.000
154    1      1  154 186:186:186:23    yes 3707.8120 1500.0000 2400.000
155    1      1  155 187:187:187:23    yes 3707.8120 1500.0000 2400.000
156    1      1  156 188:188:188:23    yes 3707.8120 1500.0000 2400.000
157    1      1  157 189:189:189:23    yes 3707.8120 1500.0000 2400.000
158    1      1  158 190:190:190:23    yes 3707.8120 1500.0000 2400.000
159    1      1  159 191:191:191:23    yes 3707.8120 1500.0000 2400.000
160    1      1  160 216:216:216:27    yes 3707.8120 1500.0000 2400.000
161    1      1  161 217:217:217:27    yes 3707.8120 1500.0000 2400.000
162    1      1  162 218:218:218:27    yes 3707.8120 1500.0000 2400.000
163    1      1  163 219:219:219:27    yes 3707.8120 1500.0000 2400.000
164    1      1  164 220:220:220:27    yes 3707.8120 1500.0000 2400.000
165    1      1  165 221:221:221:27    yes 3707.8120 1500.0000 2400.000
166    1      1  166 222:222:222:27    yes 3707.8120 1500.0000 2400.000
167    1      1  167 223:223:223:27    yes 3707.8120 1500.0000 2400.000
168    1      1  168 136:136:136:17    yes 3707.8120 1500.0000 2400.000
169    1      1  169 137:137:137:17    yes 3707.8120 1500.0000 2400.000
170    1      1  170 138:138:138:17    yes 3707.8120 1500.0000 2400.000
171    1      1  171 139:139:139:17    yes 3707.8120 1500.0000 2400.000
172    1      1  172 140:140:140:17    yes 3707.8120 1500.0000 2400.000
173    1      1  173 141:141:141:17    yes 3707.8120 1500.0000 2400.000
174    1      1  174 142:142:142:17    yes 3707.8120 1500.0000 2400.000
175    1      1  175 143:143:143:17    yes 3707.8120 1500.0000 2400.000
176    1      1  176 168:168:168:21    yes 3707.8120 1500.0000 2400.000
177    1      1  177 169:169:169:21    yes 3707.8120 1500.0000 2400.000
178    1      1  178 170:170:170:21    yes 3707.8120 1500.0000 2400.000
179    1      1  179 171:171:171:21    yes 3707.8120 1500.0000 2400.000
180    1      1  180 172:172:172:21    yes 3707.8120 1500.0000 2400.000
181    1      1  181 173:173:173:21    yes 3707.8120 1500.0000 2400.000
182    1      1  182 174:174:174:21    yes 3707.8120 1500.0000 2400.000
183    1      1  183 175:175:175:21    yes 3707.8120 1500.0000 2400.000
184    1      1  184 200:200:200:25    yes 3707.8120 1500.0000 2400.000
185    1      1  185 201:201:201:25    yes 3707.8120 1500.0000 2400.000
186    1      1  186 202:202:202:25    yes 3707.8120 1500.0000 2400.000
187    1      1  187 203:203:203:25    yes 3707.8120 1500.0000 2400.000
188    1      1  188 204:204:204:25    yes 3707.8120 1500.0000 2400.000
189    1      1  189 205:205:205:25    yes 3707.8120 1500.0000 2400.000
190    1      1  190 206:206:206:25    yes 3707.8120 1500.0000 2400.000
191    1      1  191 207:207:207:25    yes 3707.8120 1500.0000 2400.000
192    0      0    0 0:0:0:0           yes 3707.8120 1500.0000 2400.000
193    0      0    1 1:1:1:0           yes 3707.8120 1500.0000 2400.000
194    0      0    2 2:2:2:0           yes 3707.8120 1500.0000 2400.000
195    0      0    3 3:3:3:0           yes 3707.8120 1500.0000 2400.000
196    0      0    4 4:4:4:0           yes 3707.8120 1500.0000 2400.000
197    0      0    5 5:5:5:0           yes 3707.8120 1500.0000 2400.000
198    0      0    6 6:6:6:0           yes 3707.8120 1500.0000 2400.000
199    0      0    7 7:7:7:0           yes 3707.8120 1500.0000 2400.000
200    0      0    8 32:32:32:4        yes 3707.8120 1500.0000 2400.000
201    0      0    9 33:33:33:4        yes 3707.8120 1500.0000 2400.000
202    0      0   10 34:34:34:4        yes 3707.8120 1500.0000 2400.000
203    0      0   11 35:35:35:4        yes 3707.8120 1500.0000 2400.000
204    0      0   12 36:36:36:4        yes 3707.8120 1500.0000 2400.000
205    0      0   13 37:37:37:4        yes 3707.8120 1500.0000 2400.000
206    0      0   14 38:38:38:4        yes 3707.8120 1500.0000 2400.000
207    0      0   15 39:39:39:4        yes 3707.8120 1500.0000 2400.000
208    0      0   16 64:64:64:8        yes 3707.8120 1500.0000 2400.000
209    0      0   17 65:65:65:8        yes 3707.8120 1500.0000 2400.000
210    0      0   18 66:66:66:8        yes 3707.8120 1500.0000 2400.000
211    0      0   19 67:67:67:8        yes 3707.8120 1500.0000 2400.000
212    0      0   20 68:68:68:8        yes 3707.8120 1500.0000 2400.000
213    0      0   21 69:69:69:8        yes 3707.8120 1500.0000 2400.000
214    0      0   22 70:70:70:8        yes 3707.8120 1500.0000 2400.000
215    0      0   23 71:71:71:8        yes 3707.8120 1500.0000 2400.000
216    0      0   24 16:16:16:2        yes 3707.8120 1500.0000 2400.000
217    0      0   25 17:17:17:2        yes 3707.8120 1500.0000 2400.000
218    0      0   26 18:18:18:2        yes 3707.8120 1500.0000 2400.000
219    0      0   27 19:19:19:2        yes 3707.8120 1500.0000 2400.000
220    0      0   28 20:20:20:2        yes 3707.8120 1500.0000 2400.000
221    0      0   29 21:21:21:2        yes 3707.8120 1500.0000 2400.000
222    0      0   30 22:22:22:2        yes 3707.8120 1500.0000 2400.000
223    0      0   31 23:23:23:2        yes 3707.8120 1500.0000 2400.000
224    0      0   32 48:48:48:6        yes 3707.8120 1500.0000 2400.000
225    0      0   33 49:49:49:6        yes 3707.8120 1500.0000 2400.000
226    0      0   34 50:50:50:6        yes 3707.8120 1500.0000 2400.000
227    0      0   35 51:51:51:6        yes 3707.8120 1500.0000 2400.000
228    0      0   36 52:52:52:6        yes 3707.8120 1500.0000 2400.000
229    0      0   37 53:53:53:6        yes 3707.8120 1500.0000 2400.000
230    0      0   38 54:54:54:6        yes 3707.8120 1500.0000 2400.000
231    0      0   39 55:55:55:6        yes 3707.8120 1500.0000 2400.000
232    0      0   40 80:80:80:10       yes 3707.8120 1500.0000 2400.000
233    0      0   41 81:81:81:10       yes 3707.8120 1500.0000 2400.000
234    0      0   42 82:82:82:10       yes 3707.8120 1500.0000 2400.000
235    0      0   43 83:83:83:10       yes 3707.8120 1500.0000 2400.000
236    0      0   44 84:84:84:10       yes 3707.8120 1500.0000 2400.000
237    0      0   45 85:85:85:10       yes 3707.8120 1500.0000 2400.000
238    0      0   46 86:86:86:10       yes 3707.8120 1500.0000 2400.000
239    0      0   47 87:87:87:10       yes 3707.8120 1500.0000 2400.000
240    0      0   48 24:24:24:3        yes 3707.8120 1500.0000 2400.000
241    0      0   49 25:25:25:3        yes 3707.8120 1500.0000 2400.000
242    0      0   50 26:26:26:3        yes 3707.8120 1500.0000 2400.000
243    0      0   51 27:27:27:3        yes 3707.8120 1500.0000 2400.000
244    0      0   52 28:28:28:3        yes 3707.8120 1500.0000 2400.000
245    0      0   53 29:29:29:3        yes 3707.8120 1500.0000 2400.000
246    0      0   54 30:30:30:3        yes 3707.8120 1500.0000 2400.000
247    0      0   55 31:31:31:3        yes 3707.8120 1500.0000 2400.000
248    0      0   56 56:56:56:7        yes 3707.8120 1500.0000 2400.000
249    0      0   57 57:57:57:7        yes 3707.8120 1500.0000 2400.000
250    0      0   58 58:58:58:7        yes 3707.8120 1500.0000 2400.000
251    0      0   59 59:59:59:7        yes 3707.8120 1500.0000 2400.000
252    0      0   60 60:60:60:7        yes 3707.8120 1500.0000 2400.000
253    0      0   61 61:61:61:7        yes 3707.8120 1500.0000 2400.000
254    0      0   62 62:62:62:7        yes 3707.8120 1500.0000 2400.000
255    0      0   63 63:63:63:7        yes 3707.8120 1500.0000 2400.000
256    0      0   64 88:88:88:11       yes 3707.8120 1500.0000 2400.000
257    0      0   65 89:89:89:11       yes 3707.8120 1500.0000 2400.000
258    0      0   66 90:90:90:11       yes 3707.8120 1500.0000 2400.000
259    0      0   67 91:91:91:11       yes 3707.8120 1500.0000 2400.000
260    0      0   68 92:92:92:11       yes 3707.8120 1500.0000 2400.000
261    0      0   69 93:93:93:11       yes 3707.8120 1500.0000 2400.000
262    0      0   70 94:94:94:11       yes 3707.8120 1500.0000 2400.000
263    0      0   71 95:95:95:11       yes 3707.8120 1500.0000 2400.000
264    0      0   72 8:8:8:1           yes 3707.8120 1500.0000 2400.000
265    0      0   73 9:9:9:1           yes 3707.8120 1500.0000 2400.000
266    0      0   74 10:10:10:1        yes 3707.8120 1500.0000 2400.000
267    0      0   75 11:11:11:1        yes 3707.8120 1500.0000 2400.000
268    0      0   76 12:12:12:1        yes 3707.8120 1500.0000 2400.000
269    0      0   77 13:13:13:1        yes 3707.8120 1500.0000 2400.000
270    0      0   78 14:14:14:1        yes 3707.8120 1500.0000 2400.000
271    0      0   79 15:15:15:1        yes 3707.8120 1500.0000 2400.000
272    0      0   80 40:40:40:5        yes 3707.8120 1500.0000 2400.000
273    0      0   81 41:41:41:5        yes 3707.8120 1500.0000 2400.000
274    0      0   82 42:42:42:5        yes 3707.8120 1500.0000 2400.000
275    0      0   83 43:43:43:5        yes 3707.8120 1500.0000 2400.000
276    0      0   84 44:44:44:5        yes 3707.8120 1500.0000 2400.000
277    0      0   85 45:45:45:5        yes 3707.8120 1500.0000 2400.000
278    0      0   86 46:46:46:5        yes 3707.8120 1500.0000 2400.000
279    0      0   87 47:47:47:5        yes 3707.8120 1500.0000 2400.000
280    0      0   88 72:72:72:9        yes 3707.8120 1500.0000 2400.000
281    0      0   89 73:73:73:9        yes 3707.8120 1500.0000 2400.000
282    0      0   90 74:74:74:9        yes 3707.8120 1500.0000 2400.000
283    0      0   91 75:75:75:9        yes 3707.8120 1500.0000 2400.000
284    0      0   92 76:76:76:9        yes 3707.8120 1500.0000 2400.000
285    0      0   93 77:77:77:9        yes 3707.8120 1500.0000 2400.000
286    0      0   94 78:78:78:9        yes 3707.8120 1500.0000 2400.000
287    0      0   95 79:79:79:9        yes 3707.8120 1500.0000 2400.000
288    1      1   96 128:128:128:16    yes 3707.8120 1500.0000 2400.000
289    1      1   97 129:129:129:16    yes 3707.8120 1500.0000 2400.000
290    1      1   98 130:130:130:16    yes 3707.8120 1500.0000 2400.000
291    1      1   99 131:131:131:16    yes 3707.8120 1500.0000 2400.000
292    1      1  100 132:132:132:16    yes 3707.8120 1500.0000 2400.000
293    1      1  101 133:133:133:16    yes 3707.8120 1500.0000 2400.000
294    1      1  102 134:134:134:16    yes 3707.8120 1500.0000 2400.000
295    1      1  103 135:135:135:16    yes 3707.8120 1500.0000 2400.000
296    1      1  104 160:160:160:20    yes 3707.8120 1500.0000 2400.000
297    1      1  105 161:161:161:20    yes 3707.8120 1500.0000 3699.996
298    1      1  106 162:162:162:20    yes 3707.8120 1500.0000 2400.000
299    1      1  107 163:163:163:20    yes 3707.8120 1500.0000 2400.000
300    1      1  108 164:164:164:20    yes 3707.8120 1500.0000 2400.000
301    1      1  109 165:165:165:20    yes 3707.8120 1500.0000 2400.000
302    1      1  110 166:166:166:20    yes 3707.8120 1500.0000 2400.000
303    1      1  111 167:167:167:20    yes 3707.8120 1500.0000 2400.000
304    1      1  112 192:192:192:24    yes 3707.8120 1500.0000 2400.000
305    1      1  113 193:193:193:24    yes 3707.8120 1500.0000 2400.000
306    1      1  114 194:194:194:24    yes 3707.8120 1500.0000 2400.000
307    1      1  115 195:195:195:24    yes 3707.8120 1500.0000 2400.000
308    1      1  116 196:196:196:24    yes 3707.8120 1500.0000 2400.000
309    1      1  117 197:197:197:24    yes 3707.8120 1500.0000 2400.000
310    1      1  118 198:198:198:24    yes 3707.8120 1500.0000 2400.000
311    1      1  119 199:199:199:24    yes 3707.8120 1500.0000 2400.000
312    1      1  120 144:144:144:18    yes 3707.8120 1500.0000 2400.000
313    1      1  121 145:145:145:18    yes 3707.8120 1500.0000 2400.000
314    1      1  122 146:146:146:18    yes 3707.8120 1500.0000 2400.000
315    1      1  123 147:147:147:18    yes 3707.8120 1500.0000 2400.000
316    1      1  124 148:148:148:18    yes 3707.8120 1500.0000 2400.000
317    1      1  125 149:149:149:18    yes 3707.8120 1500.0000 2400.000
318    1      1  126 150:150:150:18    yes 3707.8120 1500.0000 2400.000
319    1      1  127 151:151:151:18    yes 3707.8120 1500.0000 2400.000
320    1      1  128 176:176:176:22    yes 3707.8120 1500.0000 2400.000
321    1      1  129 177:177:177:22    yes 3707.8120 1500.0000 2400.000
322    1      1  130 178:178:178:22    yes 3707.8120 1500.0000 2400.000
323    1      1  131 179:179:179:22    yes 3707.8120 1500.0000 2400.000
324    1      1  132 180:180:180:22    yes 3707.8120 1500.0000 2400.000
325    1      1  133 181:181:181:22    yes 3707.8120 1500.0000 2400.000
326    1      1  134 182:182:182:22    yes 3707.8120 1500.0000 2400.000
327    1      1  135 183:183:183:22    yes 3707.8120 1500.0000 2400.000
328    1      1  136 208:208:208:26    yes 3707.8120 1500.0000 2400.000
329    1      1  137 209:209:209:26    yes 3707.8120 1500.0000 2400.000
330    1      1  138 210:210:210:26    yes 3707.8120 1500.0000 2400.000
331    1      1  139 211:211:211:26    yes 3707.8120 1500.0000 2400.000
332    1      1  140 212:212:212:26    yes 3707.8120 1500.0000 2400.000
333    1      1  141 213:213:213:26    yes 3707.8120 1500.0000 2400.000
334    1      1  142 214:214:214:26    yes 3707.8120 1500.0000 2400.000
335    1      1  143 215:215:215:26    yes 3707.8120 1500.0000 2400.000
336    1      1  144 152:152:152:19    yes 3707.8120 1500.0000 2400.000
337    1      1  145 153:153:153:19    yes 3707.8120 1500.0000 2400.000
338    1      1  146 154:154:154:19    yes 3707.8120 1500.0000 2400.000
339    1      1  147 155:155:155:19    yes 3707.8120 1500.0000 2400.000
340    1      1  148 156:156:156:19    yes 3707.8120 1500.0000 2400.000
341    1      1  149 157:157:157:19    yes 3707.8120 1500.0000 2400.000
342    1      1  150 158:158:158:19    yes 3707.8120 1500.0000 2400.000
343    1      1  151 159:159:159:19    yes 3707.8120 1500.0000 2400.000
344    1      1  152 184:184:184:23    yes 3707.8120 1500.0000 2400.000
345    1      1  153 185:185:185:23    yes 3707.8120 1500.0000 2400.000
346    1      1  154 186:186:186:23    yes 3707.8120 1500.0000 2400.000
347    1      1  155 187:187:187:23    yes 3707.8120 1500.0000 2400.000
348    1      1  156 188:188:188:23    yes 3707.8120 1500.0000 2400.000
349    1      1  157 189:189:189:23    yes 3707.8120 1500.0000 2400.000
350    1      1  158 190:190:190:23    yes 3707.8120 1500.0000 2400.000
351    1      1  159 191:191:191:23    yes 3707.8120 1500.0000 2400.000
352    1      1  160 216:216:216:27    yes 3707.8120 1500.0000 2400.000
353    1      1  161 217:217:217:27    yes 3707.8120 1500.0000 2400.000
354    1      1  162 218:218:218:27    yes 3707.8120 1500.0000 2400.000
355    1      1  163 219:219:219:27    yes 3707.8120 1500.0000 2400.000
356    1      1  164 220:220:220:27    yes 3707.8120 1500.0000 2400.000
357    1      1  165 221:221:221:27    yes 3707.8120 1500.0000 2400.000
358    1      1  166 222:222:222:27    yes 3707.8120 1500.0000 2400.000
359    1      1  167 223:223:223:27    yes 3707.8120 1500.0000 2400.000
360    1      1  168 136:136:136:17    yes 3707.8120 1500.0000 2400.000
361    1      1  169 137:137:137:17    yes 3707.8120 1500.0000 2400.000
362    1      1  170 138:138:138:17    yes 3707.8120 1500.0000 2400.000
363    1      1  171 139:139:139:17    yes 3707.8120 1500.0000 2400.000
364    1      1  172 140:140:140:17    yes 3707.8120 1500.0000 2400.000
365    1      1  173 141:141:141:17    yes 3707.8120 1500.0000 2400.000
366    1      1  174 142:142:142:17    yes 3707.8120 1500.0000 2400.000
367    1      1  175 143:143:143:17    yes 3707.8120 1500.0000 2400.000
368    1      1  176 168:168:168:21    yes 3707.8120 1500.0000 2400.000
369    1      1  177 169:169:169:21    yes 3707.8120 1500.0000 2400.000
370    1      1  178 170:170:170:21    yes 3707.8120 1500.0000 2400.000
371    1      1  179 171:171:171:21    yes 3707.8120 1500.0000 2400.000
372    1      1  180 172:172:172:21    yes 3707.8120 1500.0000 2400.000
373    1      1  181 173:173:173:21    yes 3707.8120 1500.0000 2400.000
374    1      1  182 174:174:174:21    yes 3707.8120 1500.0000 2400.000
375    1      1  183 175:175:175:21    yes 3707.8120 1500.0000 2400.000
376    1      1  184 200:200:200:25    yes 3707.8120 1500.0000 2400.000
377    1      1  185 201:201:201:25    yes 3707.8120 1500.0000 2400.000
378    1      1  186 202:202:202:25    yes 3707.8120 1500.0000 2400.000
379    1      1  187 203:203:203:25    yes 3707.8120 1500.0000 2400.000
380    1      1  188 204:204:204:25    yes 3707.8120 1500.0000 2400.000
381    1      1  189 205:205:205:25    yes 3707.8120 1500.0000 2400.000
382    1      1  190 206:206:206:25    yes 3707.8120 1500.0000 2400.000
383    1      1  191 207:207:207:25    yes 3707.8120 1500.0000 2400.000

========== /proc/cpuinfo (model name + flags, 1st CPU only) ==========
model name	: AMD EPYC 9654 96-Core Emb Processor
cpu MHz		: 2400.000
cache size	: 1024 KB
physical id	: 0
siblings	: 192
core id		: 0
cpu cores	: 96
flags		: fpu vme de pse tsc msr pae mce cx8 apic sep mtrr pge mca cmov pat pse36 clflush mmx fxsr sse sse2 ht syscall nx mmxext fxsr_opt pdpe1gb rdtscp lm constant_tsc rep_good nopl nonstop_tsc cpuid extd_apicid aperfmperf rapl pni pclmulqdq monitor ssse3 fma cx16 pcid sse4_1 sse4_2 x2apic movbe popcnt aes xsave avx f16c rdrand lahf_lm cmp_legacy svm extapic cr8_legacy abm sse4a misalignsse 3dnowprefetch osvw ibs skinit wdt tce topoext perfctr_core perfctr_nb bpext perfctr_llc mwaitx cpb cat_l3 cdp_l3 invpcid_single hw_pstate ssbd mba ibrs ibpb stibp ibrs_enhanced vmmcall fsgsbase bmi1 avx2 smep bmi2 erms invpcid cqm rdt_a avx512f avx512dq rdseed adx smap avx512ifma clflushopt clwb avx512cd sha_ni avx512bw avx512vl xsaveopt xsavec xgetbv1 xsaves cqm_llc cqm_occup_llc cqm_mbm_total cqm_mbm_local avx512_bf16 clzero irperf xsaveerptr rdpru wbnoinvd amd_ppin cppc arat npt lbrv svm_lock nrip_save tsc_scale vmcb_clean flushbyasid decodeassists pausefilter pfthreshold avic v_vmsave_vmload vgif v_spec_ctrl avx512vbmi umip pku ospke avx512_vbmi2 gfni vaes vpclmulqdq avx512_vnni avx512_bitalg avx512_vpopcntdq la57 rdpid overflow_recov succor smca fsrm flush_l1d

========== CPU vulnerabilities / mitigations ==========
/sys/devices/system/cpu/vulnerabilities/gather_data_sampling:Not affected
/sys/devices/system/cpu/vulnerabilities/itlb_multihit:Not affected
/sys/devices/system/cpu/vulnerabilities/l1tf:Not affected
/sys/devices/system/cpu/vulnerabilities/mds:Not affected
/sys/devices/system/cpu/vulnerabilities/meltdown:Not affected
/sys/devices/system/cpu/vulnerabilities/mmio_stale_data:Not affected
/sys/devices/system/cpu/vulnerabilities/reg_file_data_sampling:Not affected
/sys/devices/system/cpu/vulnerabilities/retbleed:Not affected
/sys/devices/system/cpu/vulnerabilities/spec_rstack_overflow:Vulnerable, no microcode
/sys/devices/system/cpu/vulnerabilities/spec_store_bypass:Vulnerable
/sys/devices/system/cpu/vulnerabilities/spectre_v1:Vulnerable: __user pointer sanitization and usercopy barriers only; no swapgs barriers
/sys/devices/system/cpu/vulnerabilities/spectre_v2:Vulnerable; IBPB: disabled; STIBP: disabled; PBRSB-eIBRS: Not affected; BHI: Not affected
/sys/devices/system/cpu/vulnerabilities/srbds:Not affected
/sys/devices/system/cpu/vulnerabilities/tsx_async_abort:Not affected

========== CPU frequency scaling ==========
/sys/devices/system/cpu/cpu0/cpufreq/scaling_governor = performance
/sys/devices/system/cpu/cpu0/cpufreq/scaling_driver = acpi-cpufreq
/sys/devices/system/cpu/cpu0/cpufreq/cpuinfo_min_freq = 1500000
/sys/devices/system/cpu/cpu0/cpufreq/cpuinfo_max_freq = 3707812
/sys/devices/system/cpu/cpufreq/boost = 1

========== Cache topology (per CPU0) ==========
--- /sys/devices/system/cpu/cpu0/cache/index0 ---
  level = 1
  type = Data
  size = 32K
  coherency_line_size = 64
  ways_of_associativity = 8
  number_of_sets = 64
  shared_cpu_list = 0,192
--- /sys/devices/system/cpu/cpu0/cache/index1 ---
  level = 1
  type = Instruction
  size = 32K
  coherency_line_size = 64
  ways_of_associativity = 8
  number_of_sets = 64
  shared_cpu_list = 0,192
--- /sys/devices/system/cpu/cpu0/cache/index2 ---
  level = 2
  type = Unified
  size = 1024K
  coherency_line_size = 64
  ways_of_associativity = 8
  number_of_sets = 2048
  shared_cpu_list = 0,192
--- /sys/devices/system/cpu/cpu0/cache/index3 ---
  level = 3
  type = Unified
  size = 32768K
  coherency_line_size = 64
  ways_of_associativity = 16
  number_of_sets = 32768
  shared_cpu_list = 0-7,192-199

========== NUMA (numactl --hardware) ==========
available: 2 nodes (0-1)
node 0 cpus: 0 1 2 3 4 5 6 7 8 9 10 11 12 13 14 15 16 17 18 19 20 21 22 23 24 25 26 27 28 29 30 31 32 33 34 35 36 37 38 39 40 41 42 43 44 45 46 47 48 49 50 51 52 53 54 55 56 57 58 59 60 61 62 63 64 65 66 67 68 69 70 71 72 73 74 75 76 77 78 79 80 81 82 83 84 85 86 87 88 89 90 91 92 93 94 95 192 193 194 195 196 197 198 199 200 201 202 203 204 205 206 207 208 209 210 211 212 213 214 215 216 217 218 219 220 221 222 223 224 225 226 227 228 229 230 231 232 233 234 235 236 237 238 239 240 241 242 243 244 245 246 247 248 249 250 251 252 253 254 255 256 257 258 259 260 261 262 263 264 265 266 267 268 269 270 271 272 273 274 275 276 277 278 279 280 281 282 283 284 285 286 287
node 0 size: 193173 MB
node 0 free: 11729 MB
node 1 cpus: 96 97 98 99 100 101 102 103 104 105 106 107 108 109 110 111 112 113 114 115 116 117 118 119 120 121 122 123 124 125 126 127 128 129 130 131 132 133 134 135 136 137 138 139 140 141 142 143 144 145 146 147 148 149 150 151 152 153 154 155 156 157 158 159 160 161 162 163 164 165 166 167 168 169 170 171 172 173 174 175 176 177 178 179 180 181 182 183 184 185 186 187 188 189 190 191 288 289 290 291 292 293 294 295 296 297 298 299 300 301 302 303 304 305 306 307 308 309 310 311 312 313 314 315 316 317 318 319 320 321 322 323 324 325 326 327 328 329 330 331 332 333 334 335 336 337 338 339 340 341 342 343 344 345 346 347 348 349 350 351 352 353 354 355 356 357 358 359 360 361 362 363 364 365 366 367 368 369 370 371 372 373 374 375 376 377 378 379 380 381 382 383
node 1 size: 193381 MB
node 1 free: 37963 MB
node distances:
node   0   1 
  0:  10  32 
  1:  32  10 

========== NUMA distance matrix (raw) ==========
/sys/devices/system/node/node0/distance : 10 32
/sys/devices/system/node/node1/distance : 32 10

========== NUMA: cpus per node ==========
node0 cpulist = 0-95,192-287
node1 cpulist = 96-191,288-383

========== Memory (free -h) ==========
               total        used        free      shared  buff/cache   available
Mem:           377Gi       292Gi        48Gi       7.0Mi        36Gi        82Gi
Swap:          8.0Gi       3.6Gi       4.4Gi

========== Memory (DMI / dmidecode) -- needs root; per-DIMM ==========
	Size: 16 GB
	Locator: P1-DIMMA1
	Bank Locator: P0_Node0_Channel0_Dimm0
	Type: DDR5
	Speed: 4800 MT/s
	Manufacturer: Samsung
	Part Number: M321R2GA3BB6-CQKET            
	Rank: 1
	Configured Memory Speed: 4800 MT/s
	Non-Volatile Size: None
	Volatile Size: 16 GB
	Cache Size: None
	Logical Size: None
	Size: 16 GB
	Locator: P1-DIMMB1
	Bank Locator: P0_Node0_Channel1_Dimm0
	Type: DDR5
	Speed: 4800 MT/s
	Manufacturer: Samsung
	Part Number: M321R2GA3BB6-CQKET            
	Rank: 1
	Configured Memory Speed: 4800 MT/s
	Non-Volatile Size: None
	Volatile Size: 16 GB
	Cache Size: None
	Logical Size: None
	Size: 16 GB
	Locator: P1-DIMMC1
	Bank Locator: P0_Node0_Channel2_Dimm0
	Type: DDR5
	Speed: 4800 MT/s
	Manufacturer: Samsung
	Part Number: M321R2GA3BB6-CQKET            
	Rank: 1
	Configured Memory Speed: 4800 MT/s
	Non-Volatile Size: None
	Volatile Size: 16 GB
	Cache Size: None
	Logical Size: None
	Size: 16 GB
	Locator: P1-DIMMD1
	Bank Locator: P0_Node0_Channel3_Dimm0
	Type: DDR5
	Speed: 4800 MT/s
	Manufacturer: Samsung
	Part Number: M321R2GA3BB6-CQKET            
	Rank: 1
	Configured Memory Speed: 4800 MT/s
	Non-Volatile Size: None
	Volatile Size: 16 GB
	Cache Size: None
	Logical Size: None
	Size: 16 GB
	Locator: P1-DIMME1
	Bank Locator: P0_Node0_Channel4_Dimm0
	Type: DDR5
	Speed: 4800 MT/s
	Manufacturer: Samsung
	Part Number: M321R2GA3BB6-CQKET            
	Rank: 1
	Configured Memory Speed: 4800 MT/s
	Non-Volatile Size: None
	Volatile Size: 16 GB
	Cache Size: None
	Logical Size: None
	Size: 16 GB
	Locator: P1-DIMMF1
	Bank Locator: P0_Node0_Channel5_Dimm0
	Type: DDR5
	Speed: 4800 MT/s
	Manufacturer: Samsung
	Part Number: M321R2GA3BB6-CQKET            
	Rank: 1
	Configured Memory Speed: 4800 MT/s
	Non-Volatile Size: None
	Volatile Size: 16 GB
	Cache Size: None
	Logical Size: None
	Size: 16 GB
	Locator: P1-DIMMG1
	Bank Locator: P0_Node0_Channel6_Dimm0
	Type: DDR5
	Speed: 4800 MT/s
	Manufacturer: Samsung
	Part Number: M321R2GA3BB6-CQKET            
	Rank: 1
	Configured Memory Speed: 4800 MT/s
	Non-Volatile Size: None
	Volatile Size: 16 GB
	Cache Size: None
	Logical Size: None
	Size: 16 GB
	Locator: P1-DIMMH1
	Bank Locator: P0_Node0_Channel7_Dimm0
	Type: DDR5
	Speed: 4800 MT/s
	Manufacturer: Samsung
	Part Number: M321R2GA3BB6-CQKET            
	Rank: 1
	Configured Memory Speed: 4800 MT/s
	Non-Volatile Size: None
	Volatile Size: 16 GB
	Cache Size: None
	Logical Size: None
	Size: 16 GB
	Locator: P1-DIMMI1
	Bank Locator: P0_Node0_Channel8_Dimm0
	Type: DDR5
	Speed: 4800 MT/s
	Manufacturer: Samsung
	Part Number: M321R2GA3BB6-CQKET            
	Rank: 1
	Configured Memory Speed: 4800 MT/s
	Non-Volatile Size: None
	Volatile Size: 16 GB
	Cache Size: None
	Logical Size: None
	Size: 16 GB
	Locator: P1-DIMMJ1
	Bank Locator: P0_Node0_Channel9_Dimm0
	Type: DDR5
	Speed: 4800 MT/s
	Manufacturer: Samsung
	Part Number: M321R2GA3BB6-CQKET            
	Rank: 1
	Configured Memory Speed: 4800 MT/s
	Non-Volatile Size: None
	Volatile Size: 16 GB
	Cache Size: None
	Logical Size: None
	Size: 16 GB
	Locator: P1-DIMMK1
	Bank Locator: P0_Node0_ChannelA_Dimm0
	Type: DDR5
	Speed: 4800 MT/s
	Manufacturer: Samsung
	Part Number: M321R2GA3BB6-CQKET            
	Rank: 1
	Configured Memory Speed: 4800 MT/s
	Non-Volatile Size: None
	Volatile Size: 16 GB
	Cache Size: None
	Logical Size: None
	Size: 16 GB
	Locator: P1-DIMML1
	Bank Locator: P0_Node0_ChannelB_Dimm0
	Type: DDR5
	Speed: 4800 MT/s
	Manufacturer: Samsung
	Part Number: M321R2GA3BB6-CQKET            
	Rank: 1
	Configured Memory Speed: 4800 MT/s
	Non-Volatile Size: None
	Volatile Size: 16 GB
	Cache Size: None
	Logical Size: None
	Size: 16 GB
	Locator: P2-DIMMA1
	Bank Locator: P1_Node0_Channel0_Dimm0
	Type: DDR5
	Speed: 4800 MT/s
	Manufacturer: Samsung
	Part Number: M321R2GA3BB6-CQKET            
	Rank: 1
	Configured Memory Speed: 4800 MT/s
	Non-Volatile Size: None
	Volatile Size: 16 GB
	Cache Size: None
	Logical Size: None
	Size: 16 GB
	Locator: P2-DIMMB1
	Bank Locator: P1_Node0_Channel1_Dimm0
	Type: DDR5
	Speed: 4800 MT/s
	Manufacturer: Samsung
	Part Number: M321R2GA3BB6-CQKET            
	Rank: 1
	Configured Memory Speed: 4800 MT/s
	Non-Volatile Size: None
	Volatile Size: 16 GB
	Cache Size: None
	Logical Size: None
	Size: 16 GB
	Locator: P2-DIMMC1
	Bank Locator: P1_Node0_Channel2_Dimm0
	Type: DDR5
	Speed: 4800 MT/s
	Manufacturer: Samsung
	Part Number: M321R2GA3BB6-CQKET            
	Rank: 1
	Configured Memory Speed: 4800 MT/s
	Non-Volatile Size: None
	Volatile Size: 16 GB
	Cache Size: None
	Logical Size: None
	Size: 16 GB
	Locator: P2-DIMMD1
	Bank Locator: P1_Node0_Channel3_Dimm0
	Type: DDR5
	Speed: 4800 MT/s
--- DMI system / baseboard ---
	Manufacturer: Supermicro
	Product Name: AS -4125GS-TNRT
	Version: 0123456789
	Manufacturer: Supermicro
	Product Name: H13DSG-O-CPU

========== Hugepages ==========
AnonHugePages:         0 kB
ShmemHugePages:        0 kB
FileHugePages:         0 kB
HugePages_Total:     280
HugePages_Free:       96
HugePages_Rsvd:        0
HugePages_Surp:        0
Hugepagesize:    1048576 kB
Hugetlb:        293601280 kB
/sys/kernel/mm/transparent_hugepage/enabled = always [madvise] never
/sys/kernel/mm/transparent_hugepage/defrag = always defer defer+madvise [madvise] never
/sys/devices/system/node/node0/hugepages/hugepages-1048576kB nr=140 free=48
/sys/devices/system/node/node0/hugepages/hugepages-2048kB nr=0 free=0
/sys/devices/system/node/node1/hugepages/hugepages-1048576kB nr=140 free=48
/sys/devices/system/node/node1/hugepages/hugepages-2048kB nr=0 free=0

========== Kernel cmdline ==========
BOOT_IMAGE=/boot/vmlinuz-5.15.0-126-generic root=UUID=f8d29802-c2f7-4a22-bfed-1fc5fec0a819 ro a default_hugepagesz=1G hugepagesz=1G hugepages=282 mitigations=off

========== Kernel version / scheduler ==========
5.15.0-126-generic
kernel.numa_balancing = 1
vm.swappiness = 60
vm.zone_reclaim_mode = 0

========== IRQ affinity summary ==========
            CPU0       CPU1       CPU2       CPU3       CPU4       CPU5       CPU6       CPU7       CPU8       CPU9       CPU10      CPU11      CPU12      CPU13      CPU14      CPU15      CPU16      CPU17      CPU18      CPU19      CPU20      CPU21      CPU22      CPU23      CPU24      CPU25      CPU26      CPU27      CPU28      CPU29      CPU30      CPU31      CPU32      CPU33      CPU34      CPU35      CPU36      CPU37      CPU38      CPU39      CPU40      CPU41      CPU42      CPU43      CPU44      CPU45      CPU46      CPU47      CPU48      CPU49      CPU50      CPU51      CPU52      CPU53      CPU54      CPU55      CPU56      CPU57      CPU58      CPU59      CPU60      CPU61      CPU62      CPU63      CPU64      CPU65      CPU66      CPU67      CPU68      CPU69      CPU70      CPU71      CPU72      CPU73      CPU74      CPU75      CPU76      CPU77      CPU78      CPU79      CPU80      CPU81      CPU82      CPU83      CPU84      CPU85      CPU86      CPU87      CPU88      CPU89      CPU90      CPU91      CPU92      CPU93      CPU94      CPU95      CPU96      CPU97      CPU98      CPU99      CPU100     CPU101     CPU102     CPU103     CPU104     CPU105     CPU106     CPU107     CPU108     CPU109     CPU110     CPU111     CPU112     CPU113     CPU114     CPU115     CPU116     CPU117     CPU118     CPU119     CPU120     CPU121     CPU122     CPU123     CPU124     CPU125     CPU126     CPU127     CPU128     CPU129     CPU130     CPU131     CPU132     CPU133     CPU134     CPU135     CPU136     CPU137     CPU138     CPU139     CPU140     CPU141     CPU142     CPU143     CPU144     CPU145     CPU146     CPU147     CPU148     CPU149     CPU150     CPU151     CPU152     CPU153     CPU154     CPU155     CPU156     CPU157     CPU158     CPU159     CPU160     CPU161     CPU162     CPU163     CPU164     CPU165     CPU166     CPU167     CPU168     CPU169     CPU170     CPU171     CPU172     CPU173     CPU174     CPU175     CPU176     CPU177     CPU178     CPU179     CPU180     CPU181     CPU182     CPU183     CPU184     CPU185     CPU186     CPU187     CPU188     CPU189     CPU190     CPU191     CPU192     CPU193     CPU194     CPU195     CPU196     CPU197     CPU198     CPU199     CPU200     CPU201     CPU202     CPU203     CPU204     CPU205     CPU206     CPU207     CPU208     CPU209     CPU210     CPU211     CPU212     CPU213     CPU214     CPU215     CPU216     CPU217     CPU218     CPU219     CPU220     CPU221     CPU222     CPU223     CPU224     CPU225     CPU226     CPU227     CPU228     CPU229     CPU230     CPU231     CPU232     CPU233     CPU234     CPU235     CPU236     CPU237     CPU238     CPU239     CPU240     CPU241     CPU242     CPU243     CPU244     CPU245     CPU246     CPU247     CPU248     CPU249     CPU250     CPU251     CPU252     CPU253     CPU254     CPU255     CPU256     CPU257     CPU258     CPU259     CPU260     CPU261     CPU262     CPU263     CPU264     CPU265     CPU266     CPU267     CPU268     CPU269     CPU270     CPU271     CPU272     CPU273     CPU274     CPU275     CPU276     CPU277     CPU278     CPU279     CPU280     CPU281     CPU282     CPU283     CPU284     CPU285     CPU286     CPU287     CPU288     CPU289     CPU290     CPU291     CPU292     CPU293     CPU294     CPU295     CPU296     CPU297     CPU298     CPU299     CPU300     CPU301     CPU302     CPU303     CPU304     CPU305     CPU306     CPU307     CPU308     CPU309     CPU310     CPU311     CPU312     CPU313     CPU314     CPU315     CPU316     CPU317     CPU318     CPU319     CPU320     CPU321     CPU322     CPU323     CPU324     CPU325     CPU326     CPU327     CPU328     CPU329     CPU330     CPU331     CPU332     CPU333     CPU334     CPU335     CPU336     CPU337     CPU338     CPU339     CPU340     CPU341     CPU342     CPU343     CPU344     CPU345     CPU346     CPU347     CPU348     CPU349     CPU350     CPU351     CPU352     CPU353     CPU354     CPU355     CPU356     CPU357     CPU358     CPU359     CPU360     CPU361     CPU362     CPU363     CPU364     CPU365     CPU366     CPU367     CPU368     CPU369     CPU370     CPU371     CPU372     CPU373     CPU374     CPU375     CPU376     CPU377     CPU378     CPU379     CPU380     CPU381     CPU382     CPU383     
  90:          0          0          0          0          0          0          0          0          0          0          0          0          0          0          0          0          0          0          0          0          0          0          0          0          0          0          0          0          0          0          0          0          0          0          0          0          0          0          0          0          0          0          0        274          0          0          0          0          0          0          0          0          0          0          0          0          0          0          0          0          0          0          0          0          0          0          0          0          0          0          0          0          0          0          0          0          0          0          0          0          0          0          0          0          0          0          0          0          0          0          0          0          0          0          0          0          0          0          0          0          0          0          0          0          0          0          0          0          0          0          0          0          0          0          0          0          0          0          0          0          0          0          0          0          0          0          0          0          0          0          0          0          0          0          0          0          0          0          0          0          0          0          0          0          0          0          0          0          0          0          0          0          0          0          0          0          0          0          0          0          0          0          0          0          0          0          0          0          0          0          0          0          0          0          0          0          0          0          0          0          0          0          0          0          0          0          0          0          0          0          0          0          0          0          0          0          0          0          0          0          0          0          0          0          0          0          0          0          0          0          0          0          0          0          0          0          0          0          0          0          0          0          0          0          0          0          0          0          0          0          0          0          0          0          0          0          0          0          0          0          0          0          0          0          0          0          0          0          0          0          0          0          0          0          0          0          0          0          0          0          0          0          0          0          0          0          0          0          0          0          0          0          0          0          0          0          0          0          0          0          0          0          0          0          0          0          0          0          0          0          0          0          0          0          0          0          0          0          0          0          0          0          0          0          0          0          0          0          0          0          0          0          0          0          0          0          0          0         97          0          0          0          0          0          0          0          0          0          0          0          0          0          0          0          0          0          0          0          0          0          0          0          0          0          0          0          0          0          0          0          0          0          0          0          0          0          0          0          0          0          0          0          0          0          0          0          0          0          0          0          0          0          0          0          0          0          0          0          0          0          0          0          0          0  IR-PCI-MSI 68157440-edge      nvme0q0
  92:         13          0          0          0          0          0          0          0          0          0          0          0          0          0          0          0          0          0          0          0          0          0          0          0          0          0    4395782          0          0          0          0          0          0          0          0          0          0          0          0          0          0          0          0          0          0          0          0          0          0          0          0          0          0          0          0          0          0          0          0          0          0          0          0          0          0          0          0          0          0          0          0          0          0          0          0          0          0          0          0          0          0          0          0          0          0          0          0          0          0          0          0          0          0          0          0          0          0          0          0          0          0          0          0          0          0          0          0          0          0          0          0          0          0          0          0          0          0          0          0          0          0          0          0          0          0          0          0          0          0          0          0          0          0          0          0          0          0          0          0          0          0          0          0          0          0          0          0          0          0          0          0          0          0          0          0          0          0          0          0          0          0          0          0          0          0          0          0          0          0          0          0          0          0          0          0          0          0          0          0          0          0          0          0          0          0          0          0          0          0          0          0          0          0          0          0          0          0          0          0          0          0          0          0          0          0          0          0          0          0          0          0          0          0          0          0          0          0          0          0          0          0          0          0          0          0          0          0          0          0          0          0          0          0          0          0          0          0          0          0          0          0          0          0          0          0          0          0          0          0          0          0          0          0          0          0          0          0          0          0          0          0          0          0          0          0          0          0          0          0          0          0          0          0          0          0          0          0          0          0          0          0          0          0          0          0          0          0          0          0          0          0          0          0          0          0          0          0          0          0          0          0          0          0          0          0          0          0          0          0          0          0          0          0          0          0          0          0          0          0          0          0          0          0          0          0          0          0          0          0          0          0          0          0          0          0          0          0          0          0          0          0          0          0          0          0          0          0          0          0          0          0          0          0          0          0          0          0          0          0          0          0          0          0          0          0          0          0          0          0          0          0          0          0          0          0          0          0          0          0          0          0          0          0          0  IR-PCI-MSI 1048577-edge      i40e-enp2s0f0-TxRx-0
  93:          0         16          0          0          0          0          0          0          0          0          0          0          0          0          0          0          0          0          0          0          0    6830894          0          0          0          0          0          0          0          0          0          0          0          0          0          0          0          0          0          0          0          0          0          0          0          0          0          0          0          0          0          0          0          0          0          0          0          0          0          0          0          0          0          0          0          0          0          0          0          0          0          0          0          0          0          0          0          0          0          0          0          0          0          0          0          0          0          0          0          0          0          0          0          0          0          0          0          0          0          0          0          0          0          0          0          0          0          0          0          0          0          0          0          0          0          0          0          0          0          0          0          0          0          0          0          0          0          0          0          0          0          0          0          0          0          0          0          0          0          0          0          0          0          0          0          0          0          0          0          0          0          0          0          0          0          0          0          0          0          0          0          0          0          0          0          0          0          0          0          0          0          0          0          0          0          0          0          0          0          0          0          0          0          0          0          0          0          0          0          0          0          0          0          0          0          0          0          0          0          0          0          0          0          0          0          0          0          0          0          0          0          0          0          0          0          0          0          0          0          0          0          0          0          0          0          0          0          0          0          0          0          0          0          0          0          0          0          0          0          0          0          0          0          0          0          0          0          0          0          0          0          0          0          0          0          0          0          0          0          0          0          0          0          0          0          0          0          0          0          0          0          0          0          0          0          0          0          0          0          0          0          0          0          0          0          0          0          0          0          0          0          0          0          0          0          0          0          0          0          0          0          0          0          0          0          0          0          0          0          0          0          0          0          0          0          0          0          0          0          0          0          0          0          0          0          0          0          0          0          0          0          0          0          0          0          0          0          0          0          0          0          0          0          0          0          0          0          0          0          0          0          0          0          0          0          0          0          0          0          0          0          0          0          0          0          0          0          0          0          0          0          0          0          0          0          0          0          0          0          0          0          0          0          0  IR-PCI-MSI 1048578-edge      i40e-enp2s0f0-TxRx-1
  94:          0          0         13          0          0          0          0          0          0          0          0          0          0          0          0          0          0          0          0          0          0          0          0          0          0          0          0          0          0          0          0          0          0          0    4398163          0          0          0          0          0          0          0          0          0          0          0          0          0          0          0          0          0          0          0          0          0          0          0          0          0          0          0          0          0          0          0          0          0          0          0          0          0          0          0          0          0          0          0          0          0          0          0          0          0          0          0          0          0          0          0          0          0          0          0          0          0          0          0          0          0          0          0          0          0          0          0          0          0          0          0          0          0          0          0          0          0          0          0          0          0          0          0          0          0          0          0          0          0          0          0          0          0          0          0          0          0          0          0          0          0          0          0          0          0          0          0          0          0          0          0          0          0          0          0          0          0          0          0          0          0          0          0          0          0          0          0          0          0          0          0          0          0          0          0          0          0          0          0          0          0          0          0          0          0          0          0          0          0          0          0          0          0          0          0          0          0          0          0          0          0          0          0          0          0          0          0          0          0          0          0          0          0          0          0          0          0          0          0          0          0          0          0          0          0          0          0          0          0          0          0          0          0          0          0          0          0          0          0          0          0          0          0          0          0          0          0          0          0          0          0          0          0          0          0          0          0          0          0          0          0          0          0          0          0          0          0          0          0          0          0          0          0          0          0          0          0          0          0          0          0          0          0          0          0          0          0          0          0          0          0          0          0          0          0          0          0          0          0          0          0          0          0          0          0          0          0          0          0          0          0          0          0          0          0          0          0          0          0          0          0          0          0          0          0          0          0          0          0          0          0          0          0          0          0          0          0          0          0          0          0          0          0          0          0          0          0          0          0          0          0          0          0          0          0          0          0          0          0          0          0          0          0          0          0          0          0          0          0          0          0          0          0          0          0          0          0          0          0          0          0          0          0          0          0  IR-PCI-MSI 1048579-edge      i40e-enp2s0f0-TxRx-2
  95:          0          0          0          8          0          0          0          0          0          0          0          0          0          0          0          0          0          0          0          0          0          0          0          0          0          0          0          0          0          0          0          0          0          0          0          0          0          0          0          0          0          0          0          0          0          0          0          0          0          0          0          0          0          0          0          0          0          0          0          0          0          0          0          0          0          0          0          0          0          0          0          0          0          0          0          0          0          0          0          0          0          0          0          0          0          0          0          0          0          0          0          0          0          0          0          0          0          0          0          0          0          0          0          0          0          0          0          0          0          0          0          0          0          0          0          0          0          0          0          0          0          0          0          0          0          0          0          0          0          0          0          0          0          0          0          0          0          0          0          0          0          0          0          0          0          0          0          0          0          0          0          0          0          0          0          0          0          0          0          0          0          0          0          0          0          0          0          0          0          0          0          0          0          0          0          0          0          0          0          0          0          0          0          0          0          0          0          0          0          0          0          0          0          0          0          0          0          0          0          0          0          0          0          0          0          0          0          0          0          0          0          0          0          0          0          0          0          0          0          0          0          0          0          0          0          0          0          0          0          0          0          0          0          0          0          0          0          0          0          0          0          0          0          0          0          0          0    2468213          0          0          0          0          0          0          0          0          0          0          0          0          0          0          0          0          0          0          0          0          0          0          0          0          0          0          0          0          0          0          0          0          0          0          0          0          0          0          0          0          0          0          0          0          0          0          0          0          0          0          0          0          0          0          0          0          0          0          0          0          0          0          0          0          0          0          0          0          0          0          0          0          0          0          0          0          0          0          0          0          0          0          0          0          0          0          0          0          0          0          0          0          0          0          0          0          0          0          0          0          0          0          0          0          0          0          0          0          0          0          0          0          0          0          0          0          0          0          0          0          0          0          0          0          0          0          0          0          0          0          0          0          0          0          0          0  IR-PCI-MSI 1048580-edge      i40e-enp2s0f0-TxRx-3
  96:          0          0          0          0         21          0          0          0          0          0          0          0          0          0          0          0          0          0          0          0          0          0          0          0          0          0          0          0          0          0          0          0    4535360          0          0          0          0          0          0          0          0          0          0          0          0          0          0          0          0          0          0          0          0          0          0          0          0          0          0          0          0          0          0          0          0          0          0          0          0          0          0          0          0          0          0          0          0          0          0          0          0          0          0          0          0          0          0          0          0          0          0          0          0          0          0          0          0          0          0          0          0          0          0          0          0          0          0          0          0          0          0          0          0          0          0          0          0          0          0          0          0          0          0          0          0          0          0          0          0          0          0          0          0          0          0          0          0          0          0          0          0          0          0          0          0          0          0          0          0          0          0          0          0          0          0          0          0          0          0          0          0          0          0          0          0          0          0          0          0          0          0          0          0          0          0          0          0          0          0          0          0          0          0          0          0          0          0          0          0          0          0          0          0          0          0          0          0          0          0          0          0          0          0          0          0          0          0          0          0          0          0          0          0          0          0          0          0          0          0          0          0          0          0          0          0          0          0          0          0          0          0          0          0          0          0          0          0          0          0          0          0          0          0          0          0          0          0          0          0          0          0          0          0          0          0          0          0          0          0          0          0          0          0          0          0          0          0          0          0          0          0          0          0          0          0          0          0          0          0          0          0          0          0          0          0          0          0          0          0          0          0          0          0          0          0          0          0          0          0          0          0          0          0          0          0          0          0          0          0          0          0          0          0          0          0          0          0          0          0          0          0          0          0          0          0          0          0          0          0          0          0          0          0          0          0          0          0          0          0          0          0          0          0          0          0          0          0          0          0          0          0          0          0          0          0          0          0          0          0          0          0          0          0          0          0          0          0          0          0          0          0          0          0          0          0          0          0          0          0          0          0          0          0          0  IR-PCI-MSI 1048581-edge      i40e-enp2s0f0-TxRx-4
  97:          0          0          0          0          0         20          0    3857877          0          0          0          0          0          0          0          0          0          0          0          0          0          0          0          0          0          0          0          0          0          0          0          0          0          0          0          0          0          0          0          0          0          0          0          0          0          0          0          0          0          0          0          0          0          0          0          0          0          0          0          0          0          0          0          0          0          0          0          0          0          0          0          0          0          0          0          0          0          0          0          0          0          0          0          0          0          0          0          0          0          0          0          0          0          0          0          0          0          0          0          0          0          0          0          0          0          0          0          0          0          0          0          0          0          0          0          0          0          0          0          0          0          0          0          0          0          0          0          0          0          0          0          0          0          0          0          0          0          0          0          0          0          0          0          0          0          0          0          0          0          0          0          0          0          0          0          0          0          0          0          0          0          0          0          0          0          0          0          0          0          0          0          0          0          0          0          0          0          0          0          0          0          0          0          0          0          0          0          0          0          0          0          0          0          0          0          0          0          0          0          0          0          0          0          0          0          0          0          0          0          0          0          0          0          0          0          0          0          0          0          0          0          0          0          0          0          0          0          0          0          0          0          0          0          0          0          0          0          0          0          0          0          0          0          0          0          0          0          0          0          0          0          0          0          0          0          0          0          0          0          0          0          0          0          0          0          0          0          0          0          0          0          0          0          0          0          0          0          0          0          0          0          0          0          0          0          0          0          0          0          0          0          0          0          0          0          0          0          0          0          0          0          0          0          0          0          0          0          0          0          0          0          0          0          0          0          0          0          0          0          0          0          0          0          0          0          0          0          0          0          0          0          0          0          0          0          0          0          0          0          0          0          0          0          0          0          0          0          0          0          0          0          0          0          0          0          0          0          0          0          0          0          0          0          0          0          0          0          0          0          0          0          0          0          0          0          0          0          0          0          0          0          0          0          0  IR-PCI-MSI 1048582-edge      i40e-enp2s0f0-TxRx-5
  98:          0          0          0          0          0          0         29          0          0          0          0          0          0          0          0          0          0          0          0          0          0          0          0          0          0          0          0          0          0          0          0          0          0          0          0          0          0          0          0          0          0          0          0          0          0          0          0          0          0          0          0          0          0          0          0          0          0          0          0          0          0          0          0          0          0          0          0          0          0          0          0          0          0          0          0          0          0          0          0          0          0          0          0          0          0          0          0          0          0          0          0          0          0          0          0   11003619          0          0          0          0          0          0          0          0          0          0          0          0          0          0          0          0          0          0          0          0          0          0          0          0          0          0          0          0          0          0          0          0          0          0          0          0          0          0          0          0          0          0          0          0          0          0          0          0          0          0          0          0          0          0          0          0          0          0          0          0          0          0          0          0          0          0          0          0          0          0          0          0          0          0          0          0          0          0          0          0          0          0          0          0          0          0          0          0          0          0          0          0          0          0          0          0          0          0          0          0          0          0          0          0          0          0          0          0          0          0          0          0          0          0          0          0          0          0          0          0          0          0          0          0          0          0          0          0          0          0          0          0          0          0          0          0          0          0          0          0          0          0          0          0          0          0          0          0          0          0          0          0          0          0          0          0          0          0          0          0          0          0          0          0          0          0          0          0          0          0          0          0          0          0          0          0          0          0          0          0          0          0          0          0          0          0          0          0          0          0          0          0          0          0          0          0          0          0          0          0          0          0          0          0          0          0          0          0          0          0          0          0          0          0          0          0          0          0          0          0          0          0          0          0          0          0          0          0          0          0          0          0          0          0          0          0          0          0          0          0          0          0          0          0          0          0          0          0          0          0          0          0          0          0          0          0          0          0          0          0          0          0          0          0          0          0          0          0          0          0          0          0          0          0          0          0          0          0          0          0          0          0          0          0          0          0          0          0  IR-PCI-MSI 1048583-edge      i40e-enp2s0f0-TxRx-6
  99:          0          0          0          0          0          0          0          7          0          0          0          0          0          0          0          0          0          0          0          0          0          0          0          0          0          0          0          0          0          0          0          0          0          0          0          0          0          0          0          0          0          0          0          0          0          0          0          0          0          0          0          0          0          0          0          0          0          0          0          0          0          0          0          0          0          0          0          0          0          0          0          0          0          0          0          0          0          0          0          0          0          0          0          0          0          0          0          0          0          0          0          0          0          0          0          0          0          0          0          0          0          0          0          0          0          0          0          0          0          0          0          0          0          0          0          0          0          0          0          0          0          0          0          0          0          0          0          0          0          0          0          0          0          0          0          0          0          0          0          0          0          0          0          0          0          0          0          0          0          0          0          0          0          0          0          0          0          0          0          0          0          0          0          0          0          0          0          0          0          0          0          0          0          0          0          0          0          0          0          0          0          0          0          0          0          0          0          0          0          0          0          0          0          0          0          0          0          0          0          0          0          0          0          0          0          0          0          0          0          0          0          0          0          0          0          0          0          0          0          0          0          0          0          0          0          0          0          0          0          0          0          0          0          0          0          0          0          0          0          0          0          0          0          0          0          0          0          0          0          0          0          0          0          0          0          0          0          0          0          0          0          0          0          0          0          0          0          0          0          0          0          0          0    3379010          0          0          0          0          0          0          0          0          0          0          0          0          0          0          0          0          0          0          0          0          0          0          0          0          0          0          0          0          0          0          0          0          0          0          0          0          0          0          0          0          0          0          0          0          0          0          0          0          0          0          0          0          0          0          0          0          0          0          0          0          0          0          0          0          0          0          0          0          0          0          0          0          0          0          0          0          0          0          0          0          0          0          0          0          0          0          0          0          0          0          0          0          0          0          0          0          0          0          0          0          0          0          0          0          0          0          0          0          0          0  IR-PCI-MSI 1048584-edge      i40e-enp2s0f0-TxRx-7
 100:          0          0          0          0          0          0          0          0         17          0          0          0          0          0    2084618          0          0          0          0          0          0          0          0          0          0          0          0          0          0          0          0          0          0          0          0          0          0          0          0          0          0          0          0          0          0          0          0          0          0          0          0          0          0          0          0          0          0          0          0          0          0          0          0          0          0          0          0          0          0          0          0          0          0          0          0          0          0          0          0          0          0          0          0          0          0          0          0          0          0          0          0          0          0          0          0          0          0          0          0          0          0          0          0          0          0          0          0          0          0          0          0          0          0          0          0          0          0          0          0          0          0          0          0          0          0          0          0          0          0          0          0          0          0          0          0          0          0          0          0          0          0          0          0          0          0          0          0          0          0          0          0          0          0          0          0          0          0          0          0          0          0          0          0          0          0          0          0          0          0          0          0          0          0          0          0          0          0          0          0          0          0          0          0          0          0          0          0          0          0          0          0          0          0          0          0          0          0          0          0          0          0          0          0          0          0          0          0          0          0          0          0          0          0          0          0          0          0          0          0          0          0          0          0          0          0          0          0          0          0          0          0          0          0          0          0          0          0          0          0          0          0          0          0          0          0          0          0          0          0          0          0          0          0          0          0          0          0          0          0          0          0          0          0          0          0          0          0          0          0          0          0          0          0          0          0          0          0          0          0          0          0          0          0          0          0          0          0          0          0          0          0          0          0          0          0          0          0          0          0          0          0          0          0          0          0          0          0          0          0          0          0          0          0          0          0          0          0          0          0          0          0          0          0          0          0          0          0          0          0          0          0          0          0          0          0          0          0          0          0          0          0          0          0          0          0          0          0          0          0          0          0          0          0          0          0          0          0          0          0          0          0          0          0          0          0          0          0          0          0          0          0          0          0          0          0          0          0          0          0          0          0          0          0          0  IR-PCI-MSI 1048585-edge      i40e-enp2s0f0-TxRx-8
 101:          0          0          0          0          0          0          0          0          0         37          0          0          0          0          0          0          0          0          0          0          0          0          0          0          0          0          0          0          0          0          0          0          0          0          0          0          0          0          0          0          0          0          0          0          0          0          0          0          0          0          0          0          0          0          0          0          0          0          0          0          0          0          0          0          0          0          0          0          0          0          0          0          0          0          0          0          0          0          0          0          0          0          0          0          0          0          0          0          0          0          0          0          0          0          0          0          0          0          0          0          0          0          0          0          0          0          0          0          0          0          0          0          0          0          0          0          0          0          0          0          0          0          0          0          0          0          0          0          0          0          0          0          0          0          0          0          0          0          0          0          0          0          0          0          0          0          0          0          0          0          0          0          0          0          0          0          0          0          0          0          0          0          0          0          0          0          0          0          0          0          0          0          0          0          0          0          0          0          0          0          0          0          0          0          0          0          0          0          0          0          0          0          0          0          0          0          0          0          0          0          0          0          0          0          0          0          0          0          0          0          0          0          0          0          0          0          0          0          0          0          0          0          0          0          0          0          0          0          0          0          0          0          0          0          0          0          0          0          0          0          0          0          0          0          0          0          0          0          0          0          0          0          0          0          0          0          0          0          0          0          0          0          0          0          0    2632257          0          0          0          0          0          0          0          0          0          0          0          0          0          0          0          0          0          0          0          0          0          0          0          0          0          0          0          0          0          0          0          0          0          0          0          0          0          0          0          0          0          0          0          0          0          0          0          0          0          0          0          0          0          0          0          0          0          0          0          0          0          0          0          0          0          0          0          0          0          0          0          0          0          0          0          0          0          0          0          0          0          0          0          0          0          0          0          0          0          0          0          0          0          0          0          0          0          0          0          0          0          0          0          0          0          0          0          0          0          0          0          0          0          0          0          0          0          0  IR-PCI-MSI 1048586-edge      i40e-enp2s0f0-TxRx-9
 102:          0          0          0          0          0          0          0          0          0          0         15          0          0          0          0          0          0          0          0          0          0          0          0          0          0          0          0          0          0          0          0          0          0          0          0          0          0          0          0          0          0          0          0          0          0          0          0          0          0          0          0          0          0          0          0          0          0          0          0          0          0          0          0          0          0          0          0          0          0          0          0          0          0          0          0          0          0          0          0          0          0          0          0          0          0          0          0    2369176          0          0          0          0          0          0          0          0          0          0          0          0          0          0          0          0          0          0          0          0          0          0          0          0          0          0          0          0          0          0          0          0          0          0          0          0          0          0          0          0          0          0          0          0          0          0          0          0          0          0          0          0          0          0          0          0          0          0          0          0          0          0          0          0          0          0          0          0          0          0          0          0          0          0          0          0          0          0          0          0          0          0          0          0          0          0          0          0          0          0          0          0          0          0          0          0          0          0          0          0          0          0          0          0          0          0          0          0          0          0          0          0          0          0          0          0          0          0          0          0          0          0          0          0          0          0          0          0          0          0          0          0          0          0          0          0          0          0          0          0          0          0          0          0          0          0          0          0          0          0          0          0          0          0          0          0          0          0          0          0          0          0          0          0          0          0          0          0          0          0          0          0          0          0          0          0          0          0          0          0          0          0          0          0          0          0          0          0          0          0          0          0          0          0          0          0          0          0          0          0          0          0          0          0          0          0          0          0          0          0          0          0          0          0          0          0          0          0          0          0          0          0          0          0          0          0          0          0          0          0          0          0          0          0          0          0          0          0          0          0          0          0          0          0          0          0          0          0          0          0          0          0          0          0          0          0          0          0          0          0          0          0          0          0          0          0          0          0          0          0          0          0          0          0          0          0          0          0          0          0          0          0          0          0          0          0          0          0          0          0          0          0          0          0          0          0  IR-PCI-MSI 1048587-edge      i40e-enp2s0f0-TxRx-10
 103:          0          0          0          0          0          0          0          0          0          0          0         13          0          0          0          0          0          0          0          0          0          0          0          0          0          0          0          0          0          0          0          0          0          0          0          0          0          0          0          0          0          0          0          0          0          0          0          0          0          0          0          0          0          0          0          0          0          0          0          0          0          0          0          0          0          0          0          0          0          0          0          0          0          0          0          0          0          0          0          0          0          0          0          0          0          0          0          0          0          0          0          0          0          0          0          0          0          0          0          0          0          0          0          0          0          0          0          0          0          0          0          0          0          0          0          0          0          0          0          0          0          0          0          0          0          0          0          0          0          0          0          0          0          0          0          0          0          0          0          0          0          0          0          0          0          0          0          0          0          0          0          0          0          0          0          0          0          0          0          0          0          0          0          0          0          0          0          0          0          0          0          0          0          0          0          0          0          0          0          0          0          0          0          0          0          0          0          0          0          0          0          0          0          0          0          0          0          0          0          0          0          0          0          0          0          0          0          0          0          0          0          0          0          0          0          0          0          0          0          0          0          0          0          0          0          0          0          0          0          0          0          0          0          0          0          0          0          0          0          0          0          0          0          0          0    5322753          0          0          0          0          0          0          0          0          0          0          0          0          0          0          0          0          0          0          0          0          0          0          0          0          0          0          0          0          0          0          0          0          0          0          0          0          0          0          0          0          0          0          0          0          0          0          0          0          0          0          0          0          0          0          0          0          0          0          0          0          0          0          0          0          0          0          0          0          0          0          0          0          0          0          0          0          0          0          0          0          0          0          0          0          0          0          0          0          0          0          0          0          0          0          0          0          0          0          0          0          0          0          0          0          0          0          0          0          0          0          0          0          0          0          0          0          0          0          0          0          0          0          0          0          0          0          0          0          0          0          0          0          0          0          0          0          0          0  IR-PCI-MSI 1048588-edge      i40e-enp2s0f0-TxRx-11
 104:          0          0          0          0          0          0          0          0          0          0          0          0          8          0          0          0          0          0          0          0          0          0          0          0          0          0          0          0          0          0          0          0          0          0          0          0          0          0          0          0          0          0          0          0          0          0          0          0          0          0          0          0          0          0          0          0          0          0          0          0          0          0          0          0          0          0          0          0          0          0          0          0          0          0          0          0          0          0          0          0          0          0          0          0          0          0          0          0          0          0          0          0          0          0          0          0          0          0          0          0          0          0          0          0          0          0          0          0          0          0          0          0          0          0          0          0          0          0          0          0          0          0          0          0          0          0          0          0          0          0          0          0          0          0          0          0          0          0          0          0          0          0          0          0          0          0          0          0          0          0          0          0          0          0          0          0          0          0          0          0          0          0          0          0          0          0          0          0          0          0          0          0          0          0          0          0          0          0          0          0          0          0          0          0          0          0          0          0          0          0          0          0          0          0          0          0          0          0          0          0          0          0          0          0          0          0          0          0          0          0          0          0          0          0          0          0          0          0          0          0          0          0          0          0          0          0          0          0          0          0          0          0          0          0          0          0          0          0          0          0          0          0          0          0          0          0          0          0          0          0          0          0          0          0          0          0          0          0          0          0          0          0          0          0          0          0          0          0          0          0          0          0          0          0          0          0          0          0          0          0    3005315          0          0          0          0          0          0          0          0          0          0          0          0          0          0          0          0          0          0          0          0          0          0          0          0          0          0          0          0          0          0          0          0          0          0          0          0          0          0          0          0          0          0          0          0          0          0          0          0          0          0          0          0          0          0          0          0          0          0          0          0          0          0          0          0          0          0          0          0          0          0          0          0          0          0          0          0          0          0          0          0          0          0          0          0          0          0          0          0          0          0          0          0          0          0          0          0          0          0          0          0          0          0          0  IR-PCI-MSI 1048589-edge      i40e-enp2s0f0-TxRx-12
 105:          0          0          0          0          0          0          0          0          0          0          0          0          0         21          0          0          0          0          0          0          0          0          0          0          0          0          0          0          0          0          0          0          0          0          0          0          0          0          0          0          0          0          0          0          0          0          0          0          0          0          0          0          0          0          0          0          0          0          0          0          0          0          0          0          0          0          0          0          0          0          0          0          0          0          0          0          0          0          0          0          0          0          0          0          0          0          0          0          0          0          0          0          0          0          0          0          0          0          0          0          0          0          0          0          0          0          0          0          0          0          0          0          0          0          0          0          0          0          0          0          0          0          0          0          0          0          0          0          0          0          0          0          0          0          0          0          0          0          0          0          0          0          0          0          0          0          0          0          0          0          0          0          0          0          0          0          0          0          0          0          0          0          0          0          0          0          0          0          0          0          0          0          0          0          0          0          0          0          0          0          0          0          0          0          0          0          0          0          0          0          0          0          0          0          0          0          0          0          0          0          0          0          0          0          0          0          0          0          0          0          0          0          0          0          0          0          0          0          0          0          0          0          0          0          0          0          0          0          0          0          0          0          0          0          0          0          0          0          0          0          0          0          0          0          0          0          0          0          0          0          0          0          0          0          0          0          0          0          0          0          0          0          0    4871980          0          0          0          0          0          0          0          0          0          0          0          0          0          0          0          0          0          0          0          0          0          0          0          0          0          0          0          0          0          0          0          0          0          0          0          0          0          0          0          0          0          0          0          0          0          0          0          0          0          0          0          0          0          0          0          0          0          0          0          0          0          0          0          0          0          0          0          0          0          0          0          0          0          0          0          0          0          0          0          0          0          0          0          0          0          0          0          0          0          0          0          0          0          0          0          0          0          0          0          0          0          0          0          0          0          0          0          0          0          0          0          0          0          0          0          0          0          0          0          0  IR-PCI-MSI 1048590-edge      i40e-enp2s0f0-TxRx-13
 106:          0          0          0          0          0          0          0          0          0          0          0          0          0          0          6          0          0          0          0          0          0          0          0          0          0          0          0          0          0          0          0          0          0          0          0          0          0          0          0          0          0          0          0          0          0          0          0          0          0          0          0          0          0          0          0          0          0          0          0          0          0          0          0          0          0          0          0          0          0          0          0          0          0          0          0          0          0          0          0          0          0          0          0          0          0          0          0          0          0          0          0          0          0          0          0          0          0          0          0          0          0          0          0          0          0          0          0          0          0          0          0          0          0          0          0          0          0          0          0          0          0          0          0          0          0          0          0          0          0          0          0          0          0          0          0          0          0          0          0          0          0          0          0          0          0          0          0          0          0          0          0          0          0          0          0          0          0          0          0          0          0          0          0          0          0          0          0          0          0          0          0          0          0          0          0          0          0          0          0          0          0          0          0          0          0          0          0          0          0          0          0          0          0          0          0          0          0          0          0          0          0          0          0          0          0          0          0          0          0          0          0          0          0          0          0          0          0          0          0          0          0          0          0          0          0          0          0          0          0          0          0          0          0          0          0          0          0          0          0          0          0          0          0          0          0          0          0          0          0          0          0          0          0          0          0          0          0          0          0          0    4672999          0          0          0          0          0          0          0          0          0          0          0          0          0          0          0          0          0          0          0          0          0          0          0          0          0          0          0          0          0          0          0          0          0          0          0          0          0          0          0          0          0          0          0          0          0          0          0          0          0          0          0          0          0          0          0          0          0          0          0          0          0          0          0          0          0          0          0          0          0          0          0          0          0          0          0          0          0          0          0          0          0          0          0          0          0          0          0          0          0          0          0          0          0          0          0          0          0          0          0          0          0          0          0          0          0          0          0          0          0          0          0          0          0          0          0          0          0          0          0          0          0          0          0  IR-PCI-MSI 1048591-edge      i40e-enp2s0f0-TxRx-14
 107:          0          0          0          0          0          0          0          0          0          0          0          0          0          0          0         14          0          0          0          0          0          0          0          0          0          0          0          0          0          0          0          0          0          0          0          0          0          0          0          0          0          0          0          0          0          0          0          0          0          0          0          0          0          0          0          0          0          0          0          0          0          0          0          0          0          0          0          0          0          0          0          0          0          0          0          0          0          0          0          0          0          0          0          0          0          0          0          0          0          0          0          0          0          0          0          0          0          0          0          0          0          0          0          0          0          0          0          0          0          0          0          0          0          0          0          0          0          0          0          0          0          0          0          0          0          0          0          0          0          0          0          0          0          0          0          0          0          0          0          0          0          0          0          0          0          0          0          0          0          0          0          0          0          0          0          0          0          0          0          0          0          0          0          0          0          0          0          0          0          0          0          0          0          0          0          0          0          0          0          0          0          0          0          0          0          0          0          0          0          0          0          0          0          0          0          0          0          0          0          0          0          0          0          0          0          0          0          0          0          0          0          0          0          0          0          0          0          0          0          0          0          0          0          0          0          0          0          0          0          0          0          0          0          0          0          0          0          0          0          0          0          0          0    2120425          0          0          0          0          0          0          0          0          0          0          0          0          0          0          0          0          0          0          0          0          0          0          0          0          0          0          0          0          0          0          0          0          0          0          0          0          0          0          0          0          0          0          0          0          0          0          0          0          0          0          0          0          0          0          0          0          0          0          0          0          0          0          0          0          0          0          0          0          0          0          0          0          0          0          0          0          0          0          0          0          0          0          0          0          0          0          0          0          0          0          0          0          0          0          0          0          0          0          0          0          0          0          0          0          0          0          0          0          0          0          0          0          0          0          0          0          0          0          0          0          0          0          0          0          0          0          0          0          0          0          0          0          0          0          0          0          0          0          0          0  IR-PCI-MSI 1048592-edge      i40e-enp2s0f0-TxRx-15
 108:          0          0          0          0          0          0          0          0          0          0          0          0          0          0          0          0         15          0          0          0          0          0          0          0          0          0          0          0          0          0          0          0          0          0          0          0          0          0          0          0          0          0          0          0          0          0          0          0          0          0          0          0          0          0          0          0          0          0          0          0          0          0          0          0          0          0          0          0          0          0          0          0          0          0          0          0          0          0          0          0          0          0          0          0          0          0          0          0          0          0          0          0          0          0          0          0          0          0          0          0          0          0          0          0          0          0          0          0          0          0          0          0          0          0          0          0          0          0          0          0          0          0          0          0          0          0          0          0          0          0          0          0          0          0          0          0          0          0          0          0          0          0          0          0          0          0          0          0          0          0          0          0          0          0          0          0          0          0          0          0          0          0          0          0          0          0          0          0          0          0          0          0          0          0          0          0          0          0          0          0          0          0          0          0          0          0          0          0          0          0          0          0          0          0          0          0          0          0          0          0          0          0          0          0          0          0          0          0          0          0          0          0          0          0          0          0          0          0          0          0          0          0          0          0          0          0          0          0          0          0    2346562          0          0          0          0          0          0          0          0          0          0          0          0          0          0          0          0          0          0          0          0          0          0          0          0          0          0          0          0          0          0          0          0          0          0          0          0          0          0          0          0          0          0          0          0          0          0          0          0          0          0          0          0          0          0          0          0          0          0          0          0          0          0          0          0          0          0          0          0          0          0          0          0          0          0          0          0          0          0          0          0          0          0          0          0          0          0          0          0          0          0          0          0          0          0          0          0          0          0          0          0          0          0          0          0          0          0          0          0          0          0          0          0          0          0          0          0          0          0          0          0          0          0          0          0          0          0          0          0          0          0          0          0          0          0          0          0          0          0          0          0          0          0          0          0          0          0          0          0          0          0          0          0          0  IR-PCI-MSI 1048593-edge      i40e-enp2s0f0-TxRx-16
 109:          0          0          0    1801473          0          0          0          0          0          0          0          0          0          0          0          0          0         26          0          0          0          0          0          0          0          0          0          0          0          0          0          0          0          0          0          0          0          0          0          0          0          0          0          0          0          0          0          0          0          0          0          0          0          0          0          0          0          0          0          0          0          0          0          0          0          0          0          0          0          0          0          0          0          0          0          0          0          0          0          0          0          0          0          0          0          0          0          0          0          0          0          0          0          0          0          0          0          0          0          0          0          0          0          0          0          0          0          0          0          0          0          0          0          0          0          0          0          0          0          0          0          0          0          0          0          0          0          0          0          0          0          0          0          0          0          0          0          0          0          0          0          0          0          0          0          0          0          0          0          0          0          0          0          0          0          0          0          0          0          0          0          0          0          0          0          0          0          0          0          0          0          0          0          0          0          0          0          0          0          0          0          0          0          0          0          0          0          0          0          0          0          0          0          0          0          0          0          0          0          0          0          0          0          0          0          0          0          0          0          0          0          0          0          0          0          0          0          0          0          0          0          0          0          0          0          0          0          0          0          0          0          0          0          0          0          0          0          0          0          0          0          0          0          0          0          0          0          0          0          0          0          0          0          0          0          0          0          0          0          0          0          0          0          0          0          0          0          0          0          0          0          0          0          0          0          0          0          0          0          0          0          0          0          0          0          0          0          0          0          0          0          0          0          0          0          0          0          0          0          0          0          0          0          0          0          0          0          0          0          0          0          0          0          0          0          0          0          0          0          0          0          0          0          0          0          0          0          0          0          0          0          0          0          0          0          0          0          0          0          0          0          0          0          0          0          0          0          0          0          0          0          0          0          0          0          0          0          0          0          0          0          0          0          0          0          0          0          0          0          0          0          0          0          0          0          0          0          0          0          0          0          0          0          0  IR-PCI-MSI 1048594-edge      i40e-enp2s0f0-TxRx-17
 110:          0          0          0          0          0          0          0          0          0          0          0          0          0          0          0          0          0          0         10          0          0          0          0          0          0          0          0          0          0          0          0          0          0          0          0          0          0          0          0          0          0          0          0          0          0          0          0          0          0          0          0          0          0          0          0          0          0          0          0          0          0          0          0          0          0          0          0          0          0          0    1735454          0          0          0          0          0          0          0          0          0          0          0          0          0          0          0          0          0          0          0          0          0          0          0          0          0          0          0          0          0          0          0          0          0          0          0          0          0          0          0          0          0          0          0          0          0          0          0          0          0          0          0          0          0          0          0          0          0          0          0          0          0          0          0          0          0          0          0          0          0          0          0          0          0          0          0          0          0          0          0          0          0          0          0          0          0          0          0          0          0          0          0          0          0          0          0          0          0          0          0          0          0          0          0          0          0          0          0          0          0          0          0          0          0          0          0          0          0          0          0          0          0          0          0          0          0          0          0          0          0          0          0          0          0          0          0          0          0          0          0          0          0          0          0          0          0          0          0          0          0          0          0          0          0          0          0          0          0          0          0          0          0          0          0          0          0          0          0          0          0          0          0          0          0          0          0          0          0          0          0          0          0          0          0          0          0          0          0          0          0          0          0          0          0          0          0          0          0          0          0          0          0          0          0          0          0          0          0          0          0          0          0          0          0          0          0          0          0          0          0          0          0          0          0          0          0          0          0          0          0          0          0          0          0          0          0          0          0          0          0          0          0          0          0          0          0          0          0          0          0          0          0          0          0          0          0          0          0          0          0          0          0          0          0          0          0          0          0          0          0          0          0          0          0          0          0          0          0          0          0          0          0          0          0          0          0          0          0          0          0          0          0          0          0          0          0          0          0          0          0          0          0          0          0          0          0          0          0          0          0          0          0          0          0  IR-PCI-MSI 1048595-edge      i40e-enp2s0f0-TxRx-18
 111:          0          0          0          0          0          0          0          0          0          0          0          0          0          0          0          0          0          0          0         15          0          0          0          0          0          0          0          0          0          0          0          0          0          0          0          0          0          0          0          0          0          0          0          0          0          0          0          0          0          0          0          0          0          0          0          0          0          0          0          0          0          0          0          0          0          0          0          0          0          0          0          0          0          0          0          0          0          0          0          0          0          0          0          0          0          0          0          0          0          0          0          0          0          0          0          0          0          0          0          0          0          0          0          0          0          0          0          0          0          0          0          0          0          0          0          0          0          0          0          0          0          0          0          0          0          0          0          0          0          0          0          0          0          0          0          0          0          0          0          0          0          0          0          0          0          0          0          0          0          0          0          0          0          0          0          0          0          0          0          0          0          0          0          0          0          0          0          0          0          0          0          0          0          0          0          0          0          0          0          0          0          0          0          0          0          0          0          0          0          0          0          0          0          0          0          0          0          0          0          0          0          0          0          0          0          0          0          0          0          0          0          0          0          0          0          0          0          0          0          0          0          0          0          0          0          0          0    3137085          0          0          0          0          0          0          0          0          0          0          0          0          0          0          0          0          0          0          0          0          0          0          0          0          0          0          0          0          0          0          0          0          0          0          0          0          0          0          0          0          0          0          0          0          0          0          0          0          0          0          0          0          0          0          0          0          0          0          0          0          0          0          0          0          0          0          0          0          0          0          0          0          0          0          0          0          0          0          0          0          0          0          0          0          0          0          0          0          0          0          0          0          0          0          0          0          0          0          0          0          0          0          0          0          0          0          0          0          0          0          0          0          0          0          0          0          0          0          0          0          0          0          0          0          0          0          0          0          0          0          0          0          0          0          0          0          0          0          0          0          0          0          0          0          0          0          0          0          0          0          0          0          0          0          0          0  IR-PCI-MSI 1048596-edge      i40e-enp2s0f0-TxRx-19
 112:          0          0          0          0          0          0          0          0          0          0    2474197          0          0          0          0          0          0          0          0          0         28          0          0          0          0          0          0          0          0          0          0          0          0          0          0          0          0          0          0          0          0          0          0          0          0          0          0          0          0          0          0          0          0          0          0          0          0          0          0          0          0          0          0          0          0          0          0          0          0          0          0          0          0          0          0          0          0          0          0          0          0          0          0          0          0          0          0          0          0          0          0          0          0          0          0          0          0          0          0          0          0          0          0          0          0          0          0          0          0          0          0          0          0          0          0          0          0          0          0          0          0          0          0          0          0          0          0          0          0          0          0          0          0          0          0          0          0          0          0          0          0          0          0          0          0          0          0          0          0          0          0          0          0          0          0          0          0          0          0          0          0          0          0          0          0          0          0          0          0          0          0          0          0          0          0          0          0          0          0          0          0          0          0          0          0          0          0          0          0          0          0          0          0          0          0          0          0          0          0          0          0          0          0          0          0          0          0          0          0          0          0          0          0          0          0          0          0          0          0          0          0          0          0          0          0          0          0          0          0          0          0          0          0          0          0          0          0          0          0          0          0          0          0          0          0          0          0          0          0          0          0          0          0          0          0          0          0          0          0          0          0          0          0          0          0          0          0          0          0          0          0          0          0          0          0          0          0          0          0          0          0          0          0          0          0          0          0          0          0          0          0          0          0          0          0          0          0          0          0          0          0          0          0          0          0          0          0          0          0          0          0          0          0          0          0          0          0          0          0          0          0          0          0          0          0          0          0          0          0          0          0          0          0          0          0          0          0          0          0          0          0          0          0          0          0          0          0          0          0          0          0          0          0          0          0          0          0          0          0          0          0          0          0          0          0          0          0          0          0          0          0          0          0          0          0          0          0          0          0          0          0          0          0          0  IR-PCI-MSI 1048597-edge      i40e-enp2s0f0-TxRx-20
 113:          0          0          0          0          0          0          0          0          0          0          0          0          0          0          0          0          0          0          0          0          0          7          0          0          0          0          0          0    2893804          0          0          0          0          0          0          0          0          0          0          0          0          0          0          0          0          0          0          0          0          0          0          0          0          0          0          0          0          0          0          0          0          0          0          0          0          0          0          0          0          0          0          0          0          0          0          0          0          0          0          0          0          0          0          0          0          0          0          0          0          0          0          0          0          0          0          0          0          0          0          0          0          0          0          0          0          0          0          0          0          0          0          0          0          0          0          0          0          0          0          0          0          0          0          0          0          0          0          0          0          0          0          0          0          0          0          0          0          0          0          0          0          0          0          0          0          0          0          0          0          0          0          0          0          0          0          0          0          0          0          0          0          0          0          0          0          0          0          0          0          0          0          0          0          0          0          0          0          0          0          0          0          0          0          0          0          0          0          0          0          0          0          0          0          0          0          0          0          0          0          0          0          0          0          0          0          0          0          0          0          0          0          0          0          0          0          0          0          0          0          0          0          0          0          0          0          0          0          0          0          0          0          0          0          0          0          0          0          0          0          0          0          0          0          0          0          0          0          0          0          0          0          0          0          0          0          0          0          0          0          0          0          0          0          0          0          0          0          0          0          0          0          0          0          0          0          0          0          0          0          0          0          0          0          0          0          0          0          0          0          0          0          0          0          0          0          0          0          0          0          0          0          0          0          0          0          0          0          0          0          0          0          0          0          0          0          0          0          0          0          0          0          0          0          0          0          0          0          0          0          0          0          0          0          0          0          0          0          0          0          0          0          0          0          0          0          0          0          0          0          0          0          0          0          0          0          0          0          0          0          0          0          0          0          0          0          0          0          0          0          0          0          0          0          0          0          0          0          0          0          0          0          0          0          0  IR-PCI-MSI 1048598-edge      i40e-enp2s0f0-TxRx-21
 114:          0          0          0          0          0          0          0          0    4093291          0          0          0          0          0          0          0          0          0          0          0          0          0         14          0          0          0          0          0          0          0          0          0          0          0          0          0          0          0          0          0          0          0          0          0          0          0          0          0          0          0          0          0          0          0          0          0          0          0          0          0          0          0          0          0          0          0          0          0          0          0          0          0          0          0          0          0          0          0          0          0          0          0          0          0          0          0          0          0          0          0          0          0          0          0          0          0          0          0          0          0          0          0          0          0          0          0          0          0          0          0          0          0          0          0          0          0          0          0          0          0          0          0          0          0          0          0          0          0          0          0          0          0          0          0          0          0          0          0          0          0          0          0          0          0          0          0          0          0          0          0          0          0          0          0          0          0          0          0          0          0          0          0          0          0          0          0          0          0          0          0          0          0          0          0          0          0          0          0          0          0          0          0          0          0          0          0          0          0          0          0          0          0          0          0          0          0          0          0          0          0          0          0          0          0          0          0          0          0          0          0          0          0          0          0          0          0          0          0          0          0          0          0          0          0          0          0          0          0          0          0          0          0          0          0          0          0          0          0          0          0          0          0          0          0          0          0          0          0          0          0          0          0          0          0          0          0          0          0          0          0          0          0          0          0          0          0          0          0          0          0          0          0          0          0          0          0          0          0          0          0          0          0          0          0          0          0          0          0          0          0          0          0          0          0          0          0          0          0          0          0          0          0          0          0          0          0          0          0          0          0          0          0          0          0          0          0          0          0          0          0          0          0          0          0          0          0          0          0          0          0          0          0          0          0          0          0          0          0          0          0          0          0          0          0          0          0          0          0          0          0          0          0          0          0          0          0          0          0          0          0          0          0          0          0          0          0          0          0          0          0          0          0          0          0          0          0          0          0          0          0          0          0          0          0  IR-PCI-MSI 1048599-edge      i40e-enp2s0f0-TxRx-22
 115:          0          0          0          0          0          0          0          0          0          0          0          0          0          0          0          0          0          0          0          0          0          0          0         15          0          0          0          0          0          0          0          0          0          0          0          0          0          0          0          0          0          0          0          0          0          0          0          0          0          0          0          0          0          0          0          0          0          0          0          0          0          0          0          0          0          0          0          0          0          0          0          0          0          0    3169646          0          0          0          0          0          0          0          0          0          0          0          0          0          0          0          0          0          0          0          0          0          0          0          0          0          0          0          0          0          0          0          0          0          0          0          0          0          0          0          0          0          0          0          0          0          0          0          0          0          0          0          0          0          0          0          0          0          0          0          0          0          0          0          0          0          0          0          0          0          0          0          0          0          0          0          0          0          0          0          0          0          0          0          0          0          0          0          0          0          0          0          0          0          0          0          0          0          0          0          0          0          0          0          0          0          0          0          0          0          0          0          0          0          0          0          0          0          0          0          0          0          0          0          0          0          0          0          0          0          0          0          0          0          0          0          0          0          0          0          0          0          0          0          0          0          0          0          0          0          0          0          0          0          0          0          0          0          0          0          0          0          0          0          0          0          0          0          0          0          0          0          0          0          0          0          0          0          0          0          0          0          0          0          0          0          0          0          0          0          0          0          0          0          0          0          0          0          0          0          0          0          0          0          0          0          0          0          0          0          0          0          0          0          0          0          0          0          0          0          0          0          0          0          0          0          0          0          0          0          0          0          0          0          0          0          0          0          0          0          0          0          0          0          0          0          0          0          0          0          0          0          0          0          0          0          0          0          0          0          0          0          0          0          0          0          0          0          0          0          0          0          0          0          0          0          0          0          0          0          0          0          0          0          0          0          0          0          0          0          0          0          0          0          0          0          0          0          0          0          0          0          0          0          0          0          0          0          0          0  IR-PCI-MSI 1048600-edge      i40e-enp2s0f0-TxRx-23
 116:          0          0          0          0          0          0          0          0          0          0          0          0          0          0          0          0          0          0          0          0          0          0          0          0         11          0          0          0          0          0          0          0          0          0          0          0          0          0          0          0          0          0          0          0          0    2491923          0          0          0          0          0          0          0          0          0          0          0          0          0          0          0          0          0          0          0          0          0          0          0          0          0          0          0          0          0          0          0          0          0          0          0          0          0          0          0          0          0          0          0          0          0          0          0          0          0          0          0          0          0          0          0          0          0          0          0          0          0          0          0          0          0          0          0          0          0          0          0          0          0          0          0          0          0          0          0          0          0          0          0          0          0          0          0          0          0          0          0          0          0          0          0          0          0          0          0          0          0          0          0          0          0          0          0          0          0          0          0          0          0          0          0          0          0          0          0          0          0          0          0          0          0          0          0          0          0          0          0          0          0          0          0          0          0          0          0          0          0          0          0          0          0          0          0          0          0          0          0          0          0          0          0          0          0          0          0          0          0          0          0          0          0          0          0          0          0          0          0          0          0          0          0          0          0          0          0          0          0          0          0          0          0          0          0          0          0          0          0          0          0          0          0          0          0          0          0          0          0          0          0          0          0          0          0          0          0          0          0          0          0          0          0          0          0          0          0          0          0          0          0          0          0          0          0          0          0          0          0          0          0          0          0          0          0          0          0          0          0          0          0          0          0          0          0          0          0          0          0          0          0          0          0          0          0          0          0          0          0          0          0          0          0          0          0          0          0          0          0          0          0          0          0          0          0          0          0          0          0          0          0          0          0          0          0          0          0          0          0          0          0          0          0          0          0          0          0          0          0          0          0          0          0          0          0          0          0          0          0          0          0          0          0          0          0          0          0          0          0          0          0          0          0          0          0          0          0          0          0          0          0          0          0          0          0          0  IR-PCI-MSI 1048601-edge      i40e-enp2s0f0-TxRx-24
 117:          0          0          0          0          0          0          0          0          0          0          0          0          0          0          0          0          0          0          0          0          0          0          0          0          0          7          0          0          0          0          0          0          0          0          0          0          0          0          0          0          0          0          0          0          0          0          0          0          0          0          0          0          0          0    1492893          0          0          0          0          0          0          0          0          0          0          0          0          0          0          0          0          0          0          0          0          0          0          0          0          0          0          0          0          0          0          0          0          0          0          0          0          0          0          0          0          0          0          0          0          0          0          0          0          0          0          0          0          0          0          0          0          0          0          0          0          0          0          0          0          0          0          0          0          0          0          0          0          0          0          0          0          0          0          0          0          0          0          0          0          0          0          0          0          0          0          0          0          0          0          0          0          0          0          0          0          0          0          0          0          0          0          0          0          0          0          0          0          0          0          0          0          0          0          0          0          0          0          0          0          0          0          0          0          0          0          0          0          0          0          0          0          0          0          0          0          0          0          0          0          0          0          0          0          0          0          0          0          0          0          0          0          0          0          0          0          0          0          0          0          0          0          0          0          0          0          0          0          0          0          0          0          0          0          0          0          0          0          0          0          0          0          0          0          0          0          0          0          0          0          0          0          0          0          0          0          0          0          0          0          0          0          0          0          0          0          0          0          0          0          0          0          0          0          0          0          0          0          0          0          0          0          0          0          0          0          0          0          0          0          0          0          0          0          0          0          0          0          0          0          0          0          0          0          0          0          0          0          0          0          0          0          0          0          0          0          0          0          0          0          0          0          0          0          0          0          0          0          0          0          0          0          0          0          0          0          0          0          0          0          0          0          0          0          0          0          0          0          0          0          0          0          0          0          0          0          0          0          0          0          0          0          0          0          0          0          0          0          0          0          0          0          0          0          0          0          0          0          0          0          0          0          0          0          0  IR-PCI-MSI 1048602-edge      i40e-enp2s0f0-TxRx-25
 118:          0          0          0          0          0          0          0          0          0          0          0          0          0          0          0          0          0          0          0          0          0          0          0          0          0          0         20          0          0          0          0          0          0          0          0          0          0          0          0          0          0          0          0          0          0          0          0          0          0          0          0          0          0          0          0          0          0          0          0          0          0          0          0          0          0          0          0          0          0          0          0          0          0          0          0          0          0          0          0          0          0          0          0          0          0          0          0          0          0          0          0          0          0          0          0          0          0          0          0          0          0          0          0          0          0          0          0          0          0          0          0          0          0          0          0          0          0          0          0          0          0          0          0          0          0          0          0          0          0          0          0          0          0          0          0          0          0          0          0          0          0          0          0          0          0          0          0          0          0          0          0          0          0          0          0          0          0          0          0          0          0          0          0          0          0          0          0          0          0          0          0          0          0          0          0          0          0          0          0          0          0          0          0          0          0          0          0          0          0          0          0          0          0          0          0          0          0          0          0          0          0          0          0          0          0          0          0          0          0          0          0          0          0          0          0          0          0          0          0          0          0          0          0          0          0          0          0          0          0    2500737          0          0          0          0          0          0          0          0          0          0          0          0          0          0          0          0          0          0          0          0          0          0          0          0          0          0          0          0          0          0          0          0          0          0          0          0          0          0          0          0          0          0          0          0          0          0          0          0          0          0          0          0          0          0          0          0          0          0          0          0          0          0          0          0          0          0          0          0          0          0          0          0          0          0          0          0          0          0          0          0          0          0          0          0          0          0          0          0          0          0          0          0          0          0          0          0          0          0          0          0          0          0          0          0          0          0          0          0          0          0          0          0          0          0          0          0          0          0          0          0          0          0          0          0          0          0          0          0          0          0          0          0          0          0          0          0          0          0          0          0          0          0          0          0          0          0          0          0          0          0          0          0          0          0  IR-PCI-MSI 1048603-edge      i40e-enp2s0f0-TxRx-26
 119:          0          0          0          0          0          0          0          0          0          0          0          0          0          0          0          0          0          0          0          0          0          0          0          0          0          0          0         18          0          0          0          0          0          0          0          0          0          0          0          0          0          0          0          0          0          0          0          0          0          0          0          0          0          0          0          0          0          0          0          0          0          0          0          0          0          0          0          0          0          0          0          0          0          0          0          0          0          0          0          0          0          0          0          0          0          0          0          0          0          0    2523137          0          0          0          0          0          0          0          0          0          0          0          0          0          0          0          0          0          0          0          0          0          0          0          0          0          0          0          0          0          0          0          0          0          0          0          0          0          0          0          0          0          0          0          0          0          0          0          0          0          0          0          0          0          0          0          0          0          0          0          0          0          0          0          0          0          0          0          0          0          0          0          0          0          0          0          0          0          0          0          0          0          0          0          0          0          0          0          0          0          0          0          0          0          0          0          0          0          0          0          0          0          0          0          0          0          0          0          0          0          0          0          0          0          0          0          0          0          0          0          0          0          0          0          0          0          0          0          0          0          0          0          0          0          0          0          0          0          0          0          0          0          0          0          0          0          0          0          0          0          0          0          0          0          0          0          0          0          0          0          0          0          0          0          0          0          0          0          0          0          0          0          0          0          0          0          0          0          0          0          0          0          0          0          0          0          0          0          0          0          0          0          0          0          0          0          0          0          0          0          0          0          0          0          0          0          0          0          0          0          0          0          0          0          0          0          0          0          0          0          0          0          0          0          0          0          0          0          0          0          0          0          0          0          0          0          0          0          0          0          0          0          0          0          0          0          0          0          0          0          0          0          0          0          0          0          0          0          0          0          0          0          0          0          0          0          0          0          0          0          0          0          0          0          0          0          0          0          0          0          0          0          0          0          0          0          0          0          0          0          0          0          0          0  IR-PCI-MSI 1048604-edge      i40e-enp2s0f0-TxRx-27
 120:          0          0          0          0          0          0          0          0          0          0          0          0          0          0          0          0          0          0          0          0          0          0    2422648          0          0          0          0          0         12          0          0          0          0          0          0          0          0          0          0          0          0          0          0          0          0          0          0          0          0          0          0          0          0          0          0          0          0          0          0          0          0          0          0          0          0          0          0          0          0          0          0          0          0          0          0          0          0          0          0          0          0          0          0          0          0          0          0          0          0          0          0          0          0          0          0          0          0          0          0          0          0          0          0          0          0          0          0          0          0          0          0          0          0          0          0          0          0          0          0          0          0          0          0          0          0          0          0          0          0          0          0          0          0          0          0          0          0          0          0          0          0          0          0          0          0          0          0          0          0          0          0          0          0          0          0          0          0          0          0          0          0          0          0          0          0          0          0          0          0          0          0          0          0          0          0          0          0          0          0          0          0          0          0          0          0          0          0          0          0          0          0          0          0          0          0          0          0          0          0          0          0          0          0          0          0          0          0          0          0          0          0          0          0          0          0          0          0          0          0          0          0          0          0          0          0          0          0          0          0          0          0          0          0          0          0          0          0          0          0          0          0          0          0          0          0          0          0          0          0          0          0          0          0          0          0          0          0          0          0          0          0          0          0          0          0          0          0          0          0          0          0          0          0          0          0          0          0          0          0          0          0          0          0          0          0          0          0          0          0          0          0          0          0          0          0          0          0          0          0          0          0          0          0          0          0          0          0          0          0          0          0          0          0          0          0          0          0          0          0          0          0          0          0          0          0          0          0          0          0          0          0          0          0          0          0          0          0          0          0          0          0          0          0          0          0          0          0          0          0          0          0          0          0          0          0          0          0          0          0          0          0          0          0          0          0          0          0          0          0          0          0          0          0          0          0          0          0          0          0          0          0          0          0          0  IR-PCI-MSI 1048605-edge      i40e-enp2s0f0-TxRx-28
 121:          0          0          0          0          0          0          0          0          0          0          0          0          0          0          0          0          0          0          0          0          0          0          0          0          0          0          0          0          0         10          0          0          0          0          0          0          0          0    1836517          0          0          0          0          0          0          0          0          0          0          0          0          0          0          0          0          0          0          0          0          0          0          0          0          0          0          0          0          0          0          0          0          0          0          0          0          0          0          0          0          0          0          0          0          0          0          0          0          0          0          0          0          0          0          0          0          0          0          0          0          0          0          0          0          0          0          0          0          0          0          0          0          0          0          0          0          0          0          0          0          0          0          0          0          0          0          0          0          0          0          0          0          0          0          0          0          0          0          0          0          0          0          0          0          0          0          0          0          0          0          0          0          0          0          0          0          0          0          0          0          0          0          0          0          0          0          0          0          0          0          0          0          0          0          0          0          0          0          0          0          0          0          0          0          0          0          0          0          0          0          0          0          0          0          0          0          0          0          0          0          0          0          0          0          0          0          0          0          0          0          0          0          0          0          0          0          0          0          0          0          0          0          0          0          0          0          0          0          0          0          0          0          0          0          0          0          0          0          0          0          0          0          0          0          0          0          0          0          0          0          0          0          0          0          0          0          0          0          0          0          0          0          0          0          0          0          0          0          0          0          0          0          0          0          0          0          0          0          0          0          0          0          0          0          0          0          0          0          0          0          0          0          0          0          0          0          0          0          0          0          0          0          0          0          0          0          0          0          0          0          0          0          0          0          0          0          0          0          0          0          0          0          0          0          0          0          0          0          0          0          0          0          0          0          0          0          0          0          0          0          0          0          0          0          0          0          0          0          0          0          0          0          0          0          0          0          0          0          0          0          0          0          0          0          0          0          0          0          0          0          0          0          0          0          0          0          0          0          0          0          0          0          0          0          0  IR-PCI-MSI 1048606-edge      i40e-enp2s0f0-TxRx-29
 122:          0          0          0          0          0          0   42707569          0          0          0          0          0          0          0          0          0          0          0          0          0          0          0          0          0          0          0          0          0          0          0        225          0          0          0          0          0          0          0          0          0          0          0          0          0          0          0          0          0          0          0          0          0          0          0          0          0          0          0          0          0          0          0          0          0          0          0          0          0          0          0          0          0          0          0          0          0          0          0          0          0          0          0          0          0          0          0          0          0          0          0          0          0          0          0          0          0          0          0          0          0          0          0          0          0          0          0          0          0          0          0          0          0          0          0          0          0          0          0          0          0          0          0          0          0          0          0          0          0          0          0          0          0          0          0          0          0          0          0          0          0          0          0          0          0          0          0          0          0          0          0          0          0          0          0          0          0          0          0          0          0          0          0          0          0          0          0          0          0          0          0          0          0          0          0          0          0          0          0          0          0          0          0          0          0          0          0          0          0          0          0          0          0          0          0          0          0          0          0          0          0          0          0          0          0          0          0          0          0          0          0          0          0          0          0          0          0          0          0          0          0          0          0          0          0          0          0          0          0          0          0          0          0          0          0          0          0          0          0          0          0          0          0          0          0          0          0          0          0          0          0          0          0          0          0          0          0          0          0          0          0          0          0          0          0          0          0          0          0          0          0          0          0          0          0          0          0          0          0          0          0          0          0          0          0          0          0          0          0          0          0          0          0          0          0          0          0          0          0          0          0          0          0          0          0          0          0          0          0          0          0          0          0          0          0          0          0          0          0          0          0          0          0          0          0          0          0          0          0          0          0          0          0          0          0          0          0          0          0          0          0          0          0          0          0          0          0          0          0          0          0          0          0          0          0          0          0          0          0          0          0          0          0          0          0          0          0          0          0          0          0          0          0          0          0          0          0          0          0          0          0          0          0          0          0  IR-PCI-MSI 1048607-edge      i40e-enp2s0f0-TxRx-30
 123:          0          0          0          0          0          0          0          0          0          0          0          0          0          0          0          0          0          0          0          0          0          0          0          0          0          0          0          0          0          0          0         13          0          0          0          0          0          0          0          0          0          0          0          0          0          0          0          0          0          0          0          0          0          0          0          0          0          0          0          0          0          0          0          0          0          0          0          0          0          0          0          0          0          0          0          0          0          0          0          0          0          0          0          0          0          0          0          0          0          0          0          0          0          0          0          0          0          0          0          0          0          0          0          0          0          0          0          0          0          0          0          0          0          0          0          0          0          0          0          0          0          0          0          0          0          0          0          0          0          0          0          0          0          0          0          0          0          0          0          0          0          0          0          0          0          0          0          0          0          0          0          0          0          0          0          0          0          0          0          0          0          0          0          0          0          0          0          0          0          0          0          0          0          0          0          0          0          0          0          0          0          0          0          0          0          0          0          0          0          0          0          0          0          0          0          0          0          0          0          0          0          0          0          0          0          0          0          0          0          0          0          0          0          0          0          0          0          0          0          0          0          0          0          0          0          0          0          0          0          0          0          0          0          0          0    2126156          0          0          0          0          0          0          0          0          0          0          0          0          0          0          0          0          0          0          0          0          0          0          0          0          0          0          0          0          0          0          0          0          0          0          0          0          0          0          0          0          0          0          0          0          0          0          0          0          0          0          0          0          0          0          0          0          0          0          0          0          0          0          0          0          0          0          0          0          0          0          0          0          0          0          0          0          0          0          0          0          0          0          0          0          0          0          0          0          0          0          0          0          0          0          0          0          0          0          0          0          0          0          0          0          0          0          0          0          0          0          0          0          0          0          0          0          0          0          0          0          0          0          0          0          0          0          0          0          0          0          0          0          0          0          0          0          0          0          0          0          0          0          0          0          0          0          0          0  IR-PCI-MSI 1048608-edge      i40e-enp2s0f0-TxRx-31
 124:          0          0          0          0          0          0          0          0          0          0          0          0          0          0          0          0          0          0          0          0          0          0          0          0          0          0          0          0          0          0          0          0         13          0          0          0          0          0          0          0          0          0          0          0          0          0          0          0          0          0          0          0          0          0          0          0          0          0          0          0          0          0          0          0          0          0          0          0          0          0          0          0          0          0          0          0          0          0          0          0          0          0          0          0          0          0          0          0          0          0          0          0          0          0          0          0          0          0          0          0          0          0          0          0          0          0          0          0          0          0          0          0          0          0          0          0          0          0          0          0          0          0          0          0          0          0          0          0          0          0          0          0          0          0          0          0          0          0          0          0          0          0          0          0          0          0          0          0          0          0          0          0          0          0          0          0          0          0          0          0          0          0          0          0          0          0          0          0          0          0          0          0          0          0          0          0          0          0          0          0          0          0          0          0          0          0          0          0          0          0          0          0          0          0          0          0          0          0          0          0          0   11886310          0          0          0          0          0          0          0          0          0          0          0          0          0          0          0          0          0          0          0          0          0          0          0          0          0          0          0          0          0          0          0          0          0          0          0          0          0          0          0          0          0          0          0          0          0          0          0          0          0          0          0          0          0          0          0          0          0          0          0          0          0          0          0          0          0          0          0          0          0          0          0          0          0          0          0          0          0          0          0          0          0          0          0          0          0          0          0          0          0          0          0          0          0          0          0          0          0          0          0          0          0          0          0          0          0          0          0          0          0          0          0          0          0          0          0          0          0          0          0          0          0          0          0          0          0          0          0          0          0          0          0          0          0          0          0          0          0          0          0          0          0          0          0          0          0          0          0          0          0          0          0          0          0          0          0          0          0          0          0          0          0          0          0          0          0          0          0          0          0          0          0          0          0          0          0          0          0          0          0          0          0          0  IR-PCI-MSI 1048609-edge      i40e-enp2s0f0-TxRx-32
 125:          0          0          0          0          0          0          0          0          0          0          0          0          0          0          0          0          0          0          0          0          0          0          0          0          0          0          0          0          0          0          0          0          0         20          0          0    1534746          0          0          0          0          0          0          0          0          0          0          0          0          0          0          0          0          0          0          0          0          0          0          0          0          0          0          0          0          0          0          0          0          0          0          0          0          0          0          0          0          0          0          0          0          0          0          0          0          0          0          0          0          0          0          0          0          0          0          0          0          0          0          0          0          0          0          0          0          0          0          0          0          0          0          0          0          0          0          0          0          0          0          0          0          0          0          0          0          0          0          0          0          0          0          0          0          0          0          0          0          0          0          0          0          0          0          0          0          0          0          0          0          0          0          0          0          0          0          0          0          0          0          0          0          0          0          0          0          0          0          0          0          0          0          0          0          0          0          0          0          0          0          0          0          0          0          0          0          0          0          0          0          0          0          0          0          0          0          0          0          0          0          0          0          0          0          0          0          0          0          0          0          0          0          0          0          0          0          0          0          0          0          0          0          0          0          0          0          0          0          0          0          0          0          0          0          0          0          0          0          0          0          0          0          0          0          0          0          0          0          0          0          0          0          0          0          0          0          0          0          0          0          0          0          0          0          0          0          0          0          0          0          0          0          0          0          0          0          0          0          0          0          0          0          0          0          0          0          0          0          0          0          0          0          0          0          0          0          0          0          0          0          0          0          0          0          0          0          0          0          0          0          0          0          0          0          0          0          0          0          0          0          0          0          0          0          0          0          0          0          0          0          0          0          0          0          0          0          0          0          0          0          0          0          0          0          0          0          0          0          0          0          0          0          0          0          0          0          0          0          0          0          0          0          0          0          0          0          0          0          0          0          0          0          0          0          0          0          0          0          0          0          0          0          0          0          0  IR-PCI-MSI 1048610-edge      i40e-enp2s0f0-TxRx-33
 126:          0          0          0          0          0          0          0          0          0          0          0          0          0          0          0          0          0          0          0          0          0          0          0          0          0          0          0          0          0          0          0          0          0          0         12    1705139          0          0          0          0          0          0          0          0          0          0          0          0          0          0          0          0          0          0          0          0          0          0          0          0          0          0          0          0          0          0          0          0          0          0          0          0          0          0          0          0          0          0          0          0          0          0          0          0          0          0          0          0          0          0          0          0          0          0          0          0          0          0          0          0          0          0          0          0          0          0          0          0          0          0          0          0          0          0          0          0          0          0          0          0          0          0          0          0          0          0          0          0          0          0          0          0          0          0          0          0          0          0          0          0          0          0          0          0          0          0          0          0          0          0          0          0          0          0          0          0          0          0          0          0          0          0          0          0          0          0          0          0          0          0          0          0          0          0          0          0          0          0          0          0          0          0          0          0          0          0          0          0          0          0          0          0          0          0          0          0          0          0          0          0          0          0          0          0          0          0          0          0          0          0          0          0          0          0          0          0          0          0          0          0          0          0          0          0          0          0          0          0          0          0          0          0          0          0          0          0          0          0          0          0          0          0          0          0          0          0          0          0          0          0          0          0          0          0          0          0          0          0          0          0          0          0          0          0          0          0          0          0          0          0          0          0          0          0          0          0          0          0          0          0          0          0          0          0          0          0          0          0          0          0          0          0          0          0          0          0          0          0          0          0          0          0          0          0          0          0          0          0          0          0          0          0          0          0          0          0          0          0          0          0          0          0          0          0          0          0          0          0          0          0          0          0          0          0          0          0          0          0          0          0          0          0          0          0          0          0          0          0          0          0          0          0          0          0          0          0          0          0          0          0          0          0          0          0          0          0          0          0          0          0          0          0          0          0          0          0          0          0          0          0          0          0          0          0  IR-PCI-MSI 1048611-edge      i40e-enp2s0f0-TxRx-34
 127:          0          0          0          0          0          0          0          0          0          0          0          0          0          0          0          0          0          0          0          0          0          0          0          0          0          0          0          0          0          0          0          0          0          0          0         10          0          0          0          0          0          0          0          0          0          0          0          0          0          0          0          0          0          0          0          0          0          0          0          0          0          0          0          0          0          0          0          0          0          0          0          0          0          0          0          0          0          0          0          0          0          0          0          0          0          0          0          0          0          0          0          0          0          0          0          0          0          0          0          0          0          0          0          0          0          0          0          0          0          0          0          0          0          0          0          0          0          0          0          0          0          0          0          0          0          0          0          0          0          0          0          0          0          0          0          0          0          0          0          0          0          0          0          0          0          0          0          0          0          0          0          0          0          0          0          0          0          0          0          0          0          0          0          0          0          0          0          0          0          0          0          0          0          0          0          0          0          0          0          0          0          0          0          0          0          0          0          0          0          0          0          0          0          0          0          0          0          0          0          0          0          0          0          0          0          0          0          0          0          0          0          0          0          0          0          0          0          0          0          0          0          0          0          0          0          0          0          0          0          0          0          0          0          0          0          0          0          0          0          0          0          0          0          0          0          0          0          0          0          0          0          0          0          0          0          0          0          0          0          0          0    1603858          0          0          0          0          0          0          0          0          0          0          0          0          0          0          0          0          0          0          0          0          0          0          0          0          0          0          0          0          0          0          0          0          0          0          0          0          0          0          0          0          0          0          0          0          0          0          0          0          0          0          0          0          0          0          0          0          0          0          0          0          0          0          0          0          0          0          0          0          0          0          0          0          0          0          0          0          0          0          0          0          0          0          0          0          0          0          0          0          0          0          0          0          0          0          0          0          0          0          0          0          0          0          0          0          0          0          0          0          0          0          0          0          0          0          0          0          0          0          0          0          0          0  IR-PCI-MSI 1048612-edge      i40e-enp2s0f0-TxRx-35
 128:          0          0          0          0          0          0          0          0          0    1494740          0          0          0          0          0          0          0          0          0          0          0          0          0          0          0          0          0          0          0          0          0          0          0          0          0          0         19          0          0          0          0          0          0          0          0          0          0          0          0          0          0          0          0          0          0          0          0          0          0          0          0          0          0          0          0          0          0          0          0          0          0          0          0          0          0          0          0          0          0          0          0          0          0          0          0          0          0          0          0          0          0          0          0          0          0          0          0          0          0          0          0          0          0          0          0          0          0          0          0          0          0          0          0          0          0          0          0          0          0          0          0          0          0          0          0          0          0          0          0          0          0          0          0          0          0          0          0          0          0          0          0          0          0          0          0          0          0          0          0          0          0          0          0          0          0          0          0          0          0          0          0          0          0          0          0          0          0          0          0          0          0          0          0          0          0          0          0          0          0          0          0          0          0          0          0          0          0          0          0          0          0          0          0          0          0          0          0          0          0          0          0          0          0          0          0          0          0          0          0          0          0          0          0          0          0          0          0          0          0          0          0          0          0          0          0          0          0          0          0          0          0          0          0          0          0          0          0          0          0          0          0          0          0          0          0          0          0          0          0          0          0          0          0          0          0          0          0          0          0          0          0          0          0          0          0          0          0          0          0          0          0          0          0          0          0          0          0          0          0          0          0          0          0          0          0          0          0          0          0          0          0          0          0          0          0          0          0          0          0          0          0          0          0          0          0          0          0          0          0          0          0          0          0          0          0          0          0          0          0          0          0          0          0          0          0          0          0          0          0          0          0          0          0          0          0          0          0          0          0          0          0          0          0          0          0          0          0          0          0          0          0          0          0          0          0          0          0          0          0          0          0          0          0          0          0          0          0          0          0          0          0          0          0          0          0          0          0          0          0          0          0          0          0          0  IR-PCI-MSI 1048613-edge      i40e-enp2s0f0-TxRx-36
 129:          0          0          0          0          0          0          0          0          0          0          0          0          0          0          0          0          0          0          0          0          0          0          0          0          0          0          0          0          0          0          0          0          0          0          0          0          0         21          0          0          0          0          0          0          0          0          0          0          0          0          0          0          0          0          0          0          0          0          0          0          0          0          0          0          0          0          0          0          0          0          0          0          0          0          0          0          0          0          0          0          0          0          0          0          0          0          0          0          0          0          0          0          0          0          0          0          0          0          0          0          0          0          0          0          0          0          0          0          0          0          0          0          0          0          0          0          0          0          0          0          0          0          0          0          0          0          0          0          0          0          0          0          0          0          0          0          0          0          0          0          0          0          0          0          0          0          0          0          0          0          0          0          0          0          0          0          0          0          0          0          0          0          0          0          0          0          0          0          0          0          0          0          0          0          0          0          0          0          0          0          0          0          0          0          0          0          0          0          0          0          0          0          0          0          0          0          0          0          0          0          0          0          0          0          0          0          0          0          0          0          0          0          0          0          0          0          0          0          0          0          0          0          0          0          0          0          0          0          0          0          0    2559923          0          0          0          0          0          0          0          0          0          0          0          0          0          0          0          0          0          0          0          0          0          0          0          0          0          0          0          0          0          0          0          0          0          0          0          0          0          0          0          0          0          0          0          0          0          0          0          0          0          0          0          0          0          0          0          0          0          0          0          0          0          0          0          0          0          0          0          0          0          0          0          0          0          0          0          0          0          0          0          0          0          0          0          0          0          0          0          0          0          0          0          0          0          0          0          0          0          0          0          0          0          0          0          0          0          0          0          0          0          0          0          0          0          0          0          0          0          0          0          0          0          0          0          0          0          0          0          0          0          0          0          0          0          0          0          0          0          0          0          0          0          0          0          0          0          0          0          0          0          0          0          0  IR-PCI-MSI 1048614-edge      i40e-enp2s0f0-TxRx-37

========== Storage / NIC (one-liners) ==========
NAME      SIZE MODEL                      ROTA
loop0    66.8M                               0
loop1    63.8M                               0
loop2      74M                               0
loop3      74M                               0
loop5    66.8M                               0
loop6     4.9M                               0
loop7    91.7M                               0
loop8    91.7M                               0
loop9     9.2M                               0
loop10    9.3M                               0
loop11   63.8M                               0
loop12   48.4M                               0
loop13    7.6M                               0
loop14    7.6M                               0
loop15   49.3M                               0
sda     894.3G SAMSUNG MZ7L3960              0
nvme0n1   1.7T SAMSUNG MZ1L21T9HCLS-00A07    0
00:00.0 Host bridge: Advanced Micro Devices, Inc. [AMD] Device 14a4 (rev 01)
00:01.0 Host bridge: Advanced Micro Devices, Inc. [AMD] Device 149f (rev 01)
00:02.0 Host bridge: Advanced Micro Devices, Inc. [AMD] Device 149f (rev 01)
00:03.0 Host bridge: Advanced Micro Devices, Inc. [AMD] Device 149f (rev 01)
00:04.0 Host bridge: Advanced Micro Devices, Inc. [AMD] Device 149f (rev 01)
00:05.0 Host bridge: Advanced Micro Devices, Inc. [AMD] Device 149f (rev 01)
00:07.0 Host bridge: Advanced Micro Devices, Inc. [AMD] Device 149f (rev 01)
00:18.0 Host bridge: Advanced Micro Devices, Inc. [AMD] Device 14ad
00:18.1 Host bridge: Advanced Micro Devices, Inc. [AMD] Device 14ae
00:18.2 Host bridge: Advanced Micro Devices, Inc. [AMD] Device 14af

========== Container / VM detection ==========
none
0::/init.scope
sys_vendor=Supermicro
product_name=AS -4125GS-TNRT

========== MCE / EDAC (errors that could skew perf) ==========
/sys/devices/system/edac/mc/mc0/ce_count = 0
/sys/devices/system/edac/mc/mc0/ue_count = 0
/sys/devices/system/edac/mc/mc1/ce_count = 0
/sys/devices/system/edac/mc/mc1/ue_count = 0

========== Compilers + perf tools available ==========
gcc:                 gcc (Ubuntu 11.4.0-1ubuntu1~22.04.3) 11.4.0
clang:               NOT INSTALLED
make:                GNU Make 4.3
cmake:               cmake version 3.22.1
numactl:             numactl: unrecognized option '--version'
hwloc-info:          hwloc-info 2.7.0
likwid-topology:     NOT INSTALLED
perf:                perf version 5.15.167
taskset:             taskset from util-linux 2.37.2
chrt:                chrt from util-linux 2.37.2
nproc:               nproc (GNU coreutils) 8.32
dmidecode:           3.3
lscpu:               lscpu from util-linux 2.37.2
lstopo:              lstopo 2.7.0

========== hwloc topology (if available) ==========
Machine (377GB total)
  Package L#0
    NUMANode L#0 (P#0 189GB)
    L3 L#0 (32MB)
      L2 L#0 (1024KB) + L1d L#0 (32KB) + L1i L#0 (32KB) + Core L#0
        PU L#0 (P#0)
        PU L#1 (P#192)
      L2 L#1 (1024KB) + L1d L#1 (32KB) + L1i L#1 (32KB) + Core L#1
        PU L#2 (P#1)
        PU L#3 (P#193)
      L2 L#2 (1024KB) + L1d L#2 (32KB) + L1i L#2 (32KB) + Core L#2
        PU L#4 (P#2)
        PU L#5 (P#194)
      L2 L#3 (1024KB) + L1d L#3 (32KB) + L1i L#3 (32KB) + Core L#3
        PU L#6 (P#3)
        PU L#7 (P#195)
      L2 L#4 (1024KB) + L1d L#4 (32KB) + L1i L#4 (32KB) + Core L#4
        PU L#8 (P#4)
        PU L#9 (P#196)
      L2 L#5 (1024KB) + L1d L#5 (32KB) + L1i L#5 (32KB) + Core L#5
        PU L#10 (P#5)
        PU L#11 (P#197)
      L2 L#6 (1024KB) + L1d L#6 (32KB) + L1i L#6 (32KB) + Core L#6
        PU L#12 (P#6)
        PU L#13 (P#198)
      L2 L#7 (1024KB) + L1d L#7 (32KB) + L1i L#7 (32KB) + Core L#7
        PU L#14 (P#7)
        PU L#15 (P#199)
    L3 L#1 (32MB)
      L2 L#8 (1024KB) + L1d L#8 (32KB) + L1i L#8 (32KB) + Core L#8
        PU L#16 (P#8)
        PU L#17 (P#200)
      L2 L#9 (1024KB) + L1d L#9 (32KB) + L1i L#9 (32KB) + Core L#9
        PU L#18 (P#9)
        PU L#19 (P#201)
      L2 L#10 (1024KB) + L1d L#10 (32KB) + L1i L#10 (32KB) + Core L#10
        PU L#20 (P#10)
        PU L#21 (P#202)
      L2 L#11 (1024KB) + L1d L#11 (32KB) + L1i L#11 (32KB) + Core L#11
        PU L#22 (P#11)
        PU L#23 (P#203)
      L2 L#12 (1024KB) + L1d L#12 (32KB) + L1i L#12 (32KB) + Core L#12
        PU L#24 (P#12)
        PU L#25 (P#204)
      L2 L#13 (1024KB) + L1d L#13 (32KB) + L1i L#13 (32KB) + Core L#13
        PU L#26 (P#13)
        PU L#27 (P#205)
      L2 L#14 (1024KB) + L1d L#14 (32KB) + L1i L#14 (32KB) + Core L#14
        PU L#28 (P#14)
        PU L#29 (P#206)
      L2 L#15 (1024KB) + L1d L#15 (32KB) + L1i L#15 (32KB) + Core L#15
        PU L#30 (P#15)
        PU L#31 (P#207)
    L3 L#2 (32MB)
      L2 L#16 (1024KB) + L1d L#16 (32KB) + L1i L#16 (32KB) + Core L#16
        PU L#32 (P#16)
        PU L#33 (P#208)
      L2 L#17 (1024KB) + L1d L#17 (32KB) + L1i L#17 (32KB) + Core L#17
        PU L#34 (P#17)
        PU L#35 (P#209)
      L2 L#18 (1024KB) + L1d L#18 (32KB) + L1i L#18 (32KB) + Core L#18
        PU L#36 (P#18)
        PU L#37 (P#210)
      L2 L#19 (1024KB) + L1d L#19 (32KB) + L1i L#19 (32KB) + Core L#19
        PU L#38 (P#19)
        PU L#39 (P#211)
      L2 L#20 (1024KB) + L1d L#20 (32KB) + L1i L#20 (32KB) + Core L#20
        PU L#40 (P#20)
        PU L#41 (P#212)
      L2 L#21 (1024KB) + L1d L#21 (32KB) + L1i L#21 (32KB) + Core L#21
        PU L#42 (P#21)
        PU L#43 (P#213)
      L2 L#22 (1024KB) + L1d L#22 (32KB) + L1i L#22 (32KB) + Core L#22
        PU L#44 (P#22)
        PU L#45 (P#214)
      L2 L#23 (1024KB) + L1d L#23 (32KB) + L1i L#23 (32KB) + Core L#23
        PU L#46 (P#23)
        PU L#47 (P#215)
    L3 L#3 (32MB)
      L2 L#24 (1024KB) + L1d L#24 (32KB) + L1i L#24 (32KB) + Core L#24
        PU L#48 (P#24)
        PU L#49 (P#216)
      L2 L#25 (1024KB) + L1d L#25 (32KB) + L1i L#25 (32KB) + Core L#25
        PU L#50 (P#25)
        PU L#51 (P#217)
      L2 L#26 (1024KB) + L1d L#26 (32KB) + L1i L#26 (32KB) + Core L#26
        PU L#52 (P#26)
        PU L#53 (P#218)
      L2 L#27 (1024KB) + L1d L#27 (32KB) + L1i L#27 (32KB) + Core L#27
        PU L#54 (P#27)
        PU L#55 (P#219)
      L2 L#28 (1024KB) + L1d L#28 (32KB) + L1i L#28 (32KB) + Core L#28
        PU L#56 (P#28)
        PU L#57 (P#220)
      L2 L#29 (1024KB) + L1d L#29 (32KB) + L1i L#29 (32KB) + Core L#29
        PU L#58 (P#29)
        PU L#59 (P#221)
      L2 L#30 (1024KB) + L1d L#30 (32KB) + L1i L#30 (32KB) + Core L#30
        PU L#60 (P#30)
        PU L#61 (P#222)

========== DONE ==========
Tue May 19 07:24:58 PM UTC 2026
