window,start_ts,span_us,work_cov_us,wait_cov_us,idle_us,biggest_gap_us,gap_at_off_us,gap_before,gap_after,last_dataready_off_us,fill_end_off_us,listener_start_off_us,wcls_last_dr_off_us,dispatch_first_dr_off_us
0,137079790313982,908.0,187.0,612.5,108.5,79.1,10.5,Launch hardware matmul job@24/?-work_queue,legacy tx_launch@5/0-TX-38,905.1,774.3,525.9,532.6,879.4
1,137079795209566,480.4,136.2,311.3,32.9,11.8,372.0,notify_listener@25/0-worker,work_queue::do_work get_work@24/?-work_queue,478.8,372.0,122.5,126.3,463.7
2,137079799728930,662.1,357.2,278.8,26.1,12.4,623.8,assemble attention plan@24/?-work_queue,Prepare hardware matmul job@24/?-work_queue,659.5,557.1,313.9,320.0,646.5
3,137079804523478,857.2,539.2,284.0,34.0,11.0,821.1,assemble attention plan@24/?-work_queue,Prepare hardware matmul job@24/?-work_queue,850.3,752.7,494.6,502.3,841.7
4,137079809539909,456.1,131.6,297.2,27.3,10.7,419.6,assemble attention plan@24/?-work_queue,Prepare hardware matmul job@24/?-work_queue,454.4,366.2,126.6,130.4,441.2
5,137079814056859,1133.9,546.5,494.2,93.3,67.2,522.8,kernel_add_rmsnorm_71@25/0-worker,prepare streams@25/0-worker,1132.4,1042.2,591.3,595.7,1118.6
6,137079819220393,513.4,137.6,350.7,25.1,10.4,477.8,assemble attention plan@24/?-work_queue,Prepare hardware matmul job@24/?-work_queue,511.6,422.6,111.0,115.8,498.0
7,137079823789035,677.5,233.0,361.4,83.1,55.8,50.7,kernel_add_rmsnorm_70@25/0-worker,Prepare hardware matmul job@24/?-work_queue,675.6,561.0,259.3,263.1,633.2
8,137079828612288,879.8,193.0,655.3,31.5,12.0,830.7,assemble attention plan@24/?-work_queue,Prepare hardware matmul job@24/?-work_queue,877.8,773.7,471.8,476.4,863.4
9,137079833559887,887.3,484.0,378.5,24.8,11.0,850.5,assemble attention plan@24/?-work_queue,Prepare hardware matmul job@24/?-work_queue,884.5,780.4,479.2,486.8,871.4
10,137079838545029,811.3,480.8,305.0,25.4,10.8,774.6,assemble attention plan@24/?-work_queue,Prepare hardware matmul job@24/?-work_queue,808.9,718.3,471.3,490.5,795.3
11,137079843482352,454.6,131.0,298.2,25.5,11.8,417.4,assemble attention plan@24/?-work_queue,Prepare hardware matmul job@24/?-work_queue,453.0,362.0,120.8,126.3,439.6
12,137079848087007,1294.1,844.8,419.1,30.2,11.1,1257.0,assemble attention plan@24/?-work_queue,Prepare hardware matmul job@24/?-work_queue,1292.2,1196.4,937.2,941.4,1278.1
13,137079853462928,568.8,144.6,399.2,25.0,12.2,516.9,assemble attention plan@24/?-work_queue,Prepare hardware matmul job@24/?-work_queue,566.0,462.4,127.2,132.1,550.3
14,137079858102615,1891.0,730.5,782.3,378.2,195.8,1669.9,assemble attention plan@24/?-work_queue,Prepare hardware matmul job@24/?-work_queue,1889.4,1288.5,567.4,572.8,1875.4
15,137079864204026,516.1,142.2,339.3,34.6,12.5,479.4,assemble attention plan@24/?-work_queue,Prepare hardware matmul job@24/?-work_queue,514.5,415.8,170.9,174.8,501.6
16,137079868799696,670.4,302.4,341.1,26.9,10.6,634.6,assemble attention plan@24/?-work_queue,Prepare hardware matmul job@24/?-work_queue,668.8,575.9,337.8,344.3,655.9
17,137079873616970,446.8,140.1,282.9,23.9,10.8,410.0,assemble attention plan@24/?-work_queue,Prepare hardware matmul job@24/?-work_queue,444.4,351.0,126.9,130.8,430.8
18,137079878164229,533.3,149.4,359.4,24.5,10.3,491.9,assemble attention plan@24/?-work_queue,Prepare hardware matmul job@24/?-work_queue,531.7,437.4,129.9,137.9,511.4
19,137079882760032,692.4,316.2,347.6,28.6,12.5,645.1,assemble attention plan@24/?-work_queue,Prepare hardware matmul job@24/?-work_queue,690.9,587.3,284.1,288.4,675.4
20,137079887528005,596.0,149.0,419.5,27.4,14.6,555.8,assemble attention plan@24/?-work_queue,Prepare hardware matmul job@24/?-work_queue,593.9,487.5,167.6,172.7,580.7
21,137079892233704,991.1,510.7,389.1,91.2,65.7,496.5,kernel_add_rmsnorm_71@25/0-worker,prepare streams@25/0-worker,989.4,899.4,564.8,573.2,975.7
22,137079897332035,925.7,508.3,328.4,89.0,64.1,463.2,kernel_add_rmsnorm_71@25/0-worker,prepare streams@25/0-worker,923.3,835.5,529.5,534.9,908.7
23,137079902359156,449.0,126.9,296.8,25.3,12.0,411.2,assemble attention plan@24/?-work_queue,Prepare hardware matmul job@24/?-work_queue,447.4,356.0,114.3,119.0,433.4
24,137079906938124,2112.8,1006.8,844.9,261.1,87.2,1630.0,notify_listener@25/0-worker,work_queue::do_work get_work@24/?-work_queue,2111.4,1630.0,838.7,844.0,2085.1
25,137079913170639,448.0,123.5,302.9,21.5,9.5,401.8,assemble attention plan@24/?-work_queue,Prepare hardware matmul job@24/?-work_queue,444.9,347.2,111.4,115.0,429.9
26,137079917778285,1333.0,469.6,760.0,103.4,68.5,431.5,kernel_add_rmsnorm_71@25/0-worker,prepare streams@25/0-worker,1331.1,1227.8,501.9,506.5,1317.3
27,137079923219695,464.1,132.4,309.2,22.5,10.7,428.0,assemble attention plan@24/?-work_queue,Prepare hardware matmul job@24/?-work_queue,462.4,373.8,134.5,145.9,447.9
28,137079927806063,691.9,311.0,352.2,28.6,12.2,655.1,assemble attention plan@24/?-work_queue,Prepare hardware matmul job@24/?-work_queue,690.2,599.9,300.8,305.1,676.9
29,137079932654818,467.9,131.4,306.2,30.4,14.5,428.3,assemble attention plan@24/?-work_queue,Prepare hardware matmul job@24/?-work_queue,466.0,370.8,130.0,134.2,452.3
30,137079937266139,1047.6,526.6,386.6,134.4,60.5,561.1,kernel_add_rmsnorm_71@25/0-worker,prepare streams@25/0-worker,1046.1,951.7,623.9,632.8,1023.8
31,137079942467702,1596.6,662.4,773.4,160.8,76.6,1255.1,notify_listener@25/0-worker,work_queue::do_work get_work@24/?-work_queue,1592.8,1255.1,547.4,565.7,1579.7
32,137079948229661,597.8,141.6,433.3,22.9,11.2,560.5,assemble attention plan@24/?-work_queue,Prepare hardware matmul job@24/?-work_queue,595.5,497.7,199.0,204.7,581.2
33,137079952973387,536.3,141.3,368.3,26.7,10.8,500.4,assemble attention plan@24/?-work_queue,Prepare hardware matmul job@24/?-work_queue,534.3,442.6,138.6,142.7,520.4
34,137079957600183,857.6,468.7,353.0,35.9,18.8,754.4,notify_listener@25/0-worker,work_queue::do_work get_work@24/?-work_queue,854.7,754.4,447.2,452.3,842.0
35,137079962547686,468.1,128.0,312.2,27.8,10.9,418.4,assemble attention plan@24/?-work_queue,Prepare hardware matmul job@24/?-work_queue,466.5,364.9,106.3,111.9,438.8
36,137079967093834,1224.5,544.6,464.0,215.9,119.1,203.2,kernel_add_rmsnorm_70@25/0-worker,Prepare hardware matmul job@24/?-work_queue,1221.7,1120.0,874.7,882.0,1197.4
37,137079972431623,506.8,111.6,370.7,24.5,9.6,459.5,assemble attention plan@24/?-work_queue,Prepare hardware matmul job@24/?-work_queue,504.8,405.9,100.4,105.2,478.9
38,137079977112668,1096.6,514.1,489.7,92.9,62.5,493.0,kernel_add_rmsnorm_71@25/0-worker,prepare streams@25/0-worker,1095.1,992.8,556.6,560.8,1082.1
39,137079982372178,528.9,129.0,365.8,34.1,12.2,491.8,assemble attention plan@24/?-work_queue,Prepare hardware matmul job@24/?-work_queue,526.7,426.2,117.6,122.3,513.7
40,137079986991383,537.7,139.8,372.3,25.7,12.6,500.2,assemble attention plan@24/?-work_queue,Prepare hardware matmul job@24/?-work_queue,535.1,446.9,141.6,159.8,522.1
41,137079991612349,763.0,453.6,283.0,26.4,10.9,725.6,assemble attention plan@24/?-work_queue,Prepare hardware matmul job@24/?-work_queue,760.4,667.5,427.3,436.5,746.4
42,137079996537587,437.6,133.6,279.2,24.9,9.3,396.5,assemble attention plan@24/?-work_queue,Prepare hardware matmul job@24/?-work_queue,435.7,343.6,113.7,120.2,416.9
43,137080001114094,1086.5,509.9,484.1,92.5,64.7,481.8,kernel_add_rmsnorm_71@25/0-worker,prepare streams@25/0-worker,1083.6,984.5,547.6,551.3,1061.0
44,137080006296234,1914.8,889.3,772.5,253.0,76.0,1812.3,assemble attention plan@24/?-work_queue,Prepare hardware matmul job@24/?-work_queue,1912.7,1355.4,643.0,647.5,1898.3
45,137080012438589,1145.2,727.1,387.5,30.7,16.1,1103.6,assemble attention plan@24/?-work_queue,Prepare hardware matmul job@24/?-work_queue,1143.3,1036.6,719.9,725.7,1129.8
46,137080017679545,452.1,134.0,294.7,23.4,10.3,410.5,assemble attention plan@24/?-work_queue,Prepare hardware matmul job@24/?-work_queue,450.1,355.1,114.7,119.1,429.9
47,137080022200653,1062.5,536.0,437.5,89.0,61.8,555.4,rx collecting results@149/0-RX-38,prepare streams@25/0-worker,1060.9,956.3,619.9,650.4,1034.8
48,137080027355927,969.5,524.4,365.5,79.6,56.0,496.5,kernel_add_rmsnorm_71@25/0-worker,prepare streams@25/0-worker,967.0,871.6,554.7,566.7,953.3
49,137080032513600,457.3,123.0,306.2,28.1,10.9,421.3,assemble attention plan@24/?-work_queue,Prepare hardware matmul job@24/?-work_queue,455.6,362.7,110.7,115.9,442.2
50,137080037114469,1125.1,702.3,342.7,80.1,56.6,671.8,kernel_add_rmsnorm_71@25/0-worker,prepare streams@25/0-worker,1123.5,1033.9,729.9,735.1,1110.6
51,137080042318606,927.8,519.5,316.2,92.2,66.8,498.8,kernel_add_rmsnorm_71@25/0-worker,prepare streams@25/0-worker,926.3,836.7,567.9,582.2,912.5
52,137080047341263,517.1,127.7,366.0,23.4,10.8,481.3,assemble attention plan@24/?-work_queue,Prepare hardware matmul job@24/?-work_queue,515.5,426.4,124.4,128.1,502.4
53,137080052043695,1145.3,540.4,515.0,89.8,62.8,522.4,kernel_add_rmsnorm_71@25/0-worker,prepare streams@25/0-worker,1143.4,1045.8,586.4,589.9,1123.9
54,137080057322516,935.5,518.0,326.0,91.5,63.0,457.0,kernel_add_rmsnorm_71@25/0-worker,prepare streams@25/0-worker,933.6,828.2,534.2,546.4,917.7
55,137080062369537,972.5,510.0,378.1,84.3,57.2,487.1,rx collecting results@148/0-RX-13,prepare streams@25/0-worker,970.6,875.1,558.5,575.7,957.4
56,137080067467753,446.4,142.7,279.0,24.6,12.8,406.6,assemble attention plan@24/?-work_queue,Prepare hardware matmul job@24/?-work_queue,444.9,352.7,124.6,130.1,429.9
57,137080072035412,1716.7,695.1,751.3,270.4,88.8,1601.8,assemble attention plan@24/?-work_queue,Prepare hardware matmul job@24/?-work_queue,1714.6,1248.5,534.2,537.7,1700.2
58,137080077894288,1255.3,551.5,617.0,86.7,63.4,510.6,kernel_add_rmsnorm_71@25/0-worker,prepare streams@25/0-worker,1252.3,1164.1,590.7,599.1,1237.2
59,137080083277366,550.4,141.9,381.6,27.0,10.7,507.3,assemble attention plan@24/?-work_queue,Prepare hardware matmul job@24/?-work_queue,548.9,451.4,127.7,137.6,528.0
60,137080087952110,540.6,151.9,357.4,31.3,18.5,496.3,assemble attention plan@24/?-work_queue,Prepare hardware matmul job@24/?-work_queue,538.6,441.6,138.9,143.7,524.8
61,137080092591274,878.1,483.7,350.8,43.5,13.1,838.4,assemble attention plan@24/?-work_queue,Prepare hardware matmul job@24/?-work_queue,876.4,768.5,452.0,457.4,862.1
62,137080097589117,1523.8,481.4,542.0,500.5,483.9,953.9,notify_listener@25/0-worker,work_queue::do_work get_work@24/?-work_queue,1521.8,953.9,449.0,458.7,1507.3
63,137080103198980,1057.8,483.8,475.8,98.2,72.0,451.6,kernel_add_rmsnorm_71@25/0-worker,prepare streams@25/0-worker,1056.2,966.8,526.0,537.8,1042.9
64,137080108488856,1589.7,631.8,784.7,173.2,66.0,558.2,kernel_add_rmsnorm_71@25/0-worker,prepare streams@25/0-worker,1587.3,1353.3,634.1,646.6,1572.3
65,137080114234348,456.3,130.7,298.6,27.0,10.2,414.7,assemble attention plan@24/?-work_queue,Prepare hardware matmul job@24/?-work_queue,453.9,358.3,121.6,126.9,434.6
66,137080118784619,452.8,122.5,305.9,24.4,10.9,410.3,assemble attention plan@24/?-work_queue,Prepare hardware matmul job@24/?-work_queue,450.1,356.4,106.1,117.5,430.9
67,137080123395972,905.5,515.0,295.9,94.7,68.5,473.8,kernel_add_rmsnorm_71@25/0-worker,prepare streams@25/0-worker,903.6,807.1,544.3,551.0,887.7
68,137080128410812,1850.9,721.6,749.8,379.5,205.4,1296.2,notify_listener@25/0-worker,work_queue::do_work get_work@24/?-work_queue,1848.6,1296.2,600.3,629.0,1836.0
69,137080134382713,955.3,507.3,357.2,90.8,65.3,483.6,kernel_add_rmsnorm_71@25/0-worker,prepare streams@25/0-worker,952.6,861.0,551.4,559.2,938.2
70,137080139446974,516.7,136.0,358.2,22.5,10.1,481.1,assemble attention plan@24/?-work_queue,Prepare hardware matmul job@24/?-work_queue,514.5,426.7,129.3,135.4,501.1
71,137080144077961,1126.5,505.7,534.7,86.0,58.1,465.7,kernel_add_rmsnorm_71@25/0-worker,prepare streams@25/0-worker,1124.6,1027.3,525.2,528.5,1106.3
72,137080149357155,511.2,128.3,359.7,23.1,9.5,469.6,assemble attention plan@24/?-work_queue,Prepare hardware matmul job@24/?-work_queue,509.0,417.0,106.7,113.8,489.0
73,137080153983655,503.6,117.1,358.9,27.6,15.1,462.1,assemble attention plan@24/?-work_queue,Prepare hardware matmul job@24/?-work_queue,501.2,408.7,108.6,112.3,487.0
74,137080158611368,529.4,134.4,369.4,25.7,10.4,491.1,assemble attention plan@24/?-work_queue,Prepare hardware matmul job@24/?-work_queue,527.3,420.2,113.4,118.7,512.3
75,137080163283018,944.5,496.7,352.1,95.6,71.4,457.4,kernel_add_rmsnorm_71@25/0-worker,prepare streams@25/0-worker,942.2,851.8,531.1,548.1,927.6
76,137080168282633,523.4,135.0,364.8,23.6,11.1,487.7,assemble attention plan@24/?-work_queue,Prepare hardware matmul job@24/?-work_queue,521.7,434.0,126.0,129.6,508.2
77,137080172926846,562.6,170.0,362.1,30.5,13.9,516.9,assemble attention plan@24/?-work_queue,Prepare hardware matmul job@24/?-work_queue,560.1,460.9,162.8,166.5,540.7
78,137080177622416,511.9,128.4,358.7,24.9,10.0,470.6,assemble attention plan@24/?-work_queue,Prepare hardware matmul job@24/?-work_queue,509.5,414.3,106.1,112.3,490.8
79,137080182245514,520.8,133.7,362.6,24.5,10.7,479.0,assemble attention plan@24/?-work_queue,Prepare hardware matmul job@24/?-work_queue,518.1,423.9,121.4,126.7,504.4
80,137080186898745,495.7,195.8,271.6,28.3,10.9,393.4,notify_listener@25/0-worker,work_queue::do_work get_work@24/?-work_queue,493.7,393.4,162.4,168.0,479.7
81,137080191546836,464.7,131.2,307.5,26.0,11.1,419.8,assemble attention plan@24/?-work_queue,Prepare hardware matmul job@24/?-work_queue,464.6,367.9,117.5,132.3,442.0
82,137080196162716,1879.9,764.8,842.5,272.6,94.8,1407.7,notify_listener@25/0-worker,work_queue::do_work get_work@24/?-work_queue,1878.2,1407.7,697.8,706.8,1863.9
83,137080202179754,1061.4,513.4,473.7,74.3,49.4,490.7,rx collecting results@149/0-RX-38,prepare streams@25/0-worker,1059.2,968.7,542.4,555.0,1044.7
84,137080207304915,976.4,581.5,299.8,95.1,65.7,530.1,rx collecting results@149/0-RX-38,prepare streams@25/0-worker,974.5,866.6,598.1,609.0,945.6
85,137080212387959,891.9,504.4,297.6,90.0,68.4,474.8,kernel_add_rmsnorm_71@25/0-worker,prepare streams@25/0-worker,890.1,796.0,545.3,558.5,876.1
86,137080217378880,968.9,513.5,364.1,91.3,63.3,481.9,rx collecting results@149/0-RX-38,prepare streams@25/0-worker,967.1,869.1,547.6,559.6,953.5
87,137080222484396,922.5,506.6,331.8,84.1,56.5,456.8,kernel_add_rmsnorm_71@25/0-worker,prepare streams@25/0-worker,922.6,826.7,519.6,526.0,919.1
88,137080227581786,444.1,132.7,281.5,29.9,11.4,398.1,assemble attention plan@24/?-work_queue,Prepare hardware matmul job@24/?-work_queue,442.0,344.5,111.1,116.5,428.0
89,137080232157213,520.9,127.0,369.7,24.2,11.8,483.4,assemble attention plan@24/?-work_queue,Prepare hardware matmul job@24/?-work_queue,518.4,428.4,117.8,123.5,505.1
90,137080236811764,553.0,258.6,270.8,23.6,10.8,510.1,assemble attention plan@24/?-work_queue,Prepare hardware matmul job@24/?-work_queue,546.4,458.5,230.1,234.5,532.4
91,137080241461786,883.9,536.4,291.1,56.4,31.1,519.3,kernel_add_rmsnorm_71@25/0-worker,prepare streams@25/0-worker,882.0,787.5,551.9,559.5,863.1
92,137080246417628,1007.5,529.3,382.8,95.3,62.9,507.1,kernel_add_rmsnorm_71@25/0-worker,prepare streams@25/0-worker,1005.9,910.1,572.1,579.6,992.5
93,137080251612076,791.9,450.1,303.3,38.5,14.0,750.4,assemble attention plan@24/?-work_queue,Prepare hardware matmul job@24/?-work_queue,790.4,688.9,427.8,438.2,774.8
94,137080256501987,1560.7,708.5,728.9,123.3,52.4,1210.4,notify_listener@25/0-worker,work_queue::do_work get_work@24/?-work_queue,1558.5,1210.4,510.8,515.0,1544.5
95,137080262204753,1049.3,467.6,479.2,102.5,67.6,494.0,kernel_add_rmsnorm_71@25/0-worker,prepare streams@25/0-worker,1047.0,952.9,563.9,570.2,1032.2
96,137080267458824,1610.4,612.6,847.2,150.6,54.8,1353.9,notify_listener@25/0-worker,work_queue::do_work get_work@24/?-work_queue,1608.7,1353.9,553.2,556.8,1592.4
97,137080273206336,537.8,140.7,370.0,27.1,10.5,496.4,assemble attention plan@24/?-work_queue,Prepare hardware matmul job@24/?-work_queue,536.3,439.0,130.5,140.2,516.8
98,137080277857345,450.3,124.5,302.2,23.6,11.7,409.1,assemble attention plan@24/?-work_queue,Prepare hardware matmul job@24/?-work_queue,448.5,357.1,109.9,116.6,434.9
99,137080282466001,905.7,497.0,375.5,33.1,10.5,870.6,assemble attention plan@24/?-work_queue,Prepare hardware matmul job@24/?-work_queue,904.0,808.2,573.7,581.4,890.4
100,137080287519709,707.3,137.7,543.7,25.9,11.2,669.6,assemble attention plan@24/?-work_queue,Prepare hardware matmul job@24/?-work_queue,705.0,615.2,138.9,147.6,690.4
101,137080292353747,1682.9,688.9,747.7,246.3,84.3,1571.6,assemble attention plan@24/?-work_queue,Prepare hardware matmul job@24/?-work_queue,1680.5,1231.4,513.4,535.4,1666.2
102,137080298196594,433.6,135.1,275.5,23.0,10.8,395.8,assemble attention plan@24/?-work_queue,Prepare hardware matmul job@24/?-work_queue,432.0,340.4,120.2,128.1,416.8
103,137080302727879,1311.2,344.5,769.2,197.5,94.5,1192.5,assemble attention plan@24/?-work_queue,Prepare hardware matmul job@24/?-work_queue,1309.0,832.7,117.8,124.2,1295.9
104,137080308181468,1038.4,537.4,415.8,85.2,63.1,492.5,kernel_add_rmsnorm_71@25/0-worker,prepare streams@25/0-worker,1036.4,937.1,558.2,564.2,1010.1
105,137080313363047,521.3,121.6,367.0,32.7,16.2,477.7,assemble attention plan@24/?-work_queue,Prepare hardware matmul job@24/?-work_queue,518.8,420.6,114.7,121.1,503.7
106,137080318052469,1756.9,765.2,762.9,228.8,84.6,1644.4,assemble attention plan@24/?-work_queue,Prepare hardware matmul job@24/?-work_queue,1754.4,1282.5,565.5,569.0,1739.0
107,137080323961340,484.9,144.4,314.8,25.7,10.6,447.6,assemble attention plan@24/?-work_queue,Prepare hardware matmul job@24/?-work_queue,482.7,391.5,135.7,145.0,467.8
108,137080328589468,878.1,495.5,354.3,28.3,11.6,841.1,assemble attention plan@24/?-work_queue,Prepare hardware matmul job@24/?-work_queue,876.4,785.7,458.2,462.7,862.6
109,137080333675443,706.0,388.3,289.7,28.0,12.6,666.8,assemble attention plan@24/?-work_queue,Prepare hardware matmul job@24/?-work_queue,704.4,608.5,361.7,365.8,689.7
110,137080338562935,876.2,506.3,344.9,24.9,11.3,833.7,assemble attention plan@24/?-work_queue,Prepare hardware matmul job@24/?-work_queue,872.9,780.5,476.2,482.6,855.1
111,137080343596340,1489.6,527.8,782.7,179.1,76.9,1248.2,notify_listener@25/0-worker,work_queue::do_work get_work@24/?-work_queue,1487.5,1248.2,520.3,524.1,1472.8
112,137080349268482,1691.3,718.1,747.1,226.1,77.6,1587.7,assemble attention plan@24/?-work_queue,Prepare hardware matmul job@24/?-work_queue,1689.6,1232.2,532.3,548.5,1675.1
113,137080355094801,1099.5,528.4,483.2,87.9,61.0,503.8,kernel_add_rmsnorm_71@25/0-worker,prepare streams@25/0-worker,1097.9,1005.2,565.9,581.1,1084.1
114,137080360348118,1692.4,678.8,776.5,237.1,92.2,1573.5,assemble attention plan@24/?-work_queue,Prepare hardware matmul job@24/?-work_queue,1689.7,1256.4,558.6,564.7,1676.0
115,137080366330776,967.9,510.4,372.1,85.4,58.8,484.2,kernel_add_rmsnorm_71@25/0-worker,prepare streams@25/0-worker,966.5,871.8,545.4,550.4,951.6
116,137080371472650,466.6,133.7,303.6,29.3,12.3,422.6,assemble attention plan@24/?-work_queue,Prepare hardware matmul job@24/?-work_queue,464.6,369.2,130.8,140.6,445.3
117,137080376072243,1721.7,716.4,752.5,252.8,92.1,1602.7,assemble attention plan@24/?-work_queue,Prepare hardware matmul job@24/?-work_queue,1718.7,1263.2,554.5,568.5,1704.7
118,137080382014913,970.4,514.9,364.4,91.1,68.5,475.7,kernel_add_rmsnorm_71@25/0-worker,prepare streams@25/0-worker,968.0,873.3,546.2,551.0,954.2
119,137080387116170,1075.7,514.0,477.3,84.4,59.1,479.6,kernel_add_rmsnorm_71@25/0-worker,prepare streams@25/0-worker,1073.3,979.4,540.4,543.9,1058.0
120,137080392363842,1013.7,700.0,285.4,28.2,11.0,977.5,assemble attention plan@24/?-work_queue,Prepare hardware matmul job@24/?-work_queue,1012.1,921.7,682.1,686.6,998.2
121,137080397581559,807.7,479.2,301.8,26.7,10.6,769.5,assemble attention plan@24/?-work_queue,Prepare hardware matmul job@24/?-work_queue,806.1,711.8,463.1,477.6,789.8
122,137080402614331,775.0,470.1,281.0,23.9,11.1,732.7,assemble attention plan@24/?-work_queue,Prepare hardware matmul job@24/?-work_queue,773.5,677.5,441.6,445.4,753.5
123,137080407518206,832.2,511.5,265.1,55.7,18.7,786.7,assemble attention plan@24/?-work_queue,Prepare hardware matmul job@24/?-work_queue,830.5,727.2,498.0,503.5,815.5
124,137080412505919,537.6,133.0,371.7,32.9,20.1,489.7,assemble attention plan@24/?-work_queue,Prepare hardware matmul job@24/?-work_queue,535.6,430.1,129.0,132.8,519.6
125,137080417252742,424.7,119.1,280.5,25.1,13.3,384.0,assemble attention plan@24/?-work_queue,Prepare hardware matmul job@24/?-work_queue,421.9,329.3,110.2,114.4,407.2
126,137080421837577,612.6,236.4,349.0,27.2,9.8,576.6,assemble attention plan@24/?-work_queue,Prepare hardware matmul job@24/?-work_queue,610.6,519.5,214.2,220.3,596.6
127,137080426649787,789.8,424.8,339.7,25.3,10.9,753.5,assemble attention plan@24/?-work_queue,Prepare hardware matmul job@24/?-work_queue,788.2,699.0,398.0,406.2,774.0
128,137080431649734,797.4,406.3,362.5,28.6,10.7,752.2,assemble attention plan@24/?-work_queue,Prepare hardware matmul job@24/?-work_queue,794.5,695.0,393.9,407.2,774.1
129,137080436625763,756.5,450.3,281.4,24.7,11.1,711.1,assemble attention plan@24/?-work_queue,Prepare hardware matmul job@24/?-work_queue,752.5,655.0,416.7,423.8,737.3
130,137080441549948,1544.7,515.5,873.7,155.5,84.4,1329.3,notify_listener@25/0-worker,work_queue::do_work get_work@24/?-work_queue,1542.8,1329.3,506.4,516.4,1528.0
131,137080447306708,939.1,506.9,335.5,96.7,64.9,486.1,kernel_add_rmsnorm_71@25/0-worker,prepare streams@25/0-worker,937.1,839.9,553.8,569.4,922.1
132,137080452412721,466.3,136.5,303.1,26.8,11.1,427.7,assemble attention plan@24/?-work_queue,Prepare hardware matmul job@24/?-work_queue,463.6,370.5,125.4,129.3,448.3
133,137080457073633,1137.2,506.2,543.9,87.1,62.2,476.2,kernel_add_rmsnorm_71@25/0-worker,prepare streams@25/0-worker,1135.8,1044.3,539.5,543.4,1121.0
134,137080462432683,458.3,141.1,292.1,25.1,9.8,355.8,notify_listener@25/0-worker,work_queue::do_work get_work@24/?-work_queue,454.8,355.8,130.2,133.8,435.0
135,137080467068316,1148.4,528.7,526.5,93.2,64.6,496.6,kernel_add_rmsnorm_71@25/0-worker,prepare streams@25/0-worker,1144.5,1046.6,562.9,566.7,1128.9
136,137080472474335,935.6,496.0,339.9,99.6,67.9,450.1,kernel_add_rmsnorm_71@25/0-worker,prepare streams@25/0-worker,933.3,834.7,520.1,534.9,919.0
137,137080477571376,854.1,477.4,348.9,27.9,10.8,816.9,assemble attention plan@24/?-work_queue,Prepare hardware matmul job@24/?-work_queue,851.6,755.1,454.5,459.1,837.6
138,137080482659058,786.0,403.3,353.9,28.8,10.6,747.5,assemble attention plan@24/?-work_queue,Prepare hardware matmul job@24/?-work_queue,784.4,686.0,385.1,389.5,768.9
139,137080487660297,532.9,136.2,372.6,24.1,11.4,494.9,assemble attention plan@24/?-work_queue,Prepare hardware matmul job@24/?-work_queue,530.7,437.9,125.3,130.0,516.0
140,137080492360383,1052.8,672.4,350.1,30.2,11.8,1016.3,assemble attention plan@24/?-work_queue,Prepare hardware matmul job@24/?-work_queue,1050.7,957.4,655.7,660.6,1037.5
141,137080497527657,826.7,515.4,279.5,31.7,13.6,783.2,assemble attention plan@24/?-work_queue,Prepare hardware matmul job@24/?-work_queue,824.8,727.0,490.1,499.7,807.0
142,137080502535373,886.2,502.9,349.0,34.3,10.4,841.3,assemble attention plan@24/?-work_queue,Prepare hardware matmul job@24/?-work_queue,886.6,783.2,482.6,489.0,862.7
143,137080507655389,792.8,418.0,349.2,25.7,12.8,752.2,assemble attention plan@24/?-work_queue,Prepare hardware matmul job@24/?-work_queue,789.9,691.1,382.5,386.8,775.7
144,137080512627808,819.1,444.2,348.7,26.2,9.0,783.5,assemble attention plan@24/?-work_queue,Prepare hardware matmul job@24/?-work_queue,817.5,716.8,411.8,421.7,802.3
145,137080517690934,676.2,384.0,264.5,27.7,10.5,639.9,assemble attention plan@24/?-work_queue,Prepare hardware matmul job@24/?-work_queue,674.1,583.7,357.1,357.4,661.0
146,137080522518908,1561.1,573.2,813.3,174.6,70.8,519.8,kernel_add_rmsnorm_71@25/0-worker,prepare streams@25/0-worker,1558.8,1352.1,607.1,630.6,1545.2
147,137080528300493,1030.2,649.7,286.2,94.3,66.7,609.1,kernel_add_rmsnorm_71@25/0-worker,prepare streams@25/0-worker,1028.2,935.0,684.1,703.8,1012.8
148,137080533530618,442.4,136.4,279.7,26.2,11.1,399.8,assemble attention plan@24/?-work_queue,Prepare hardware matmul job@24/?-work_queue,440.7,341.9,123.5,127.8,421.0
149,137080538161332,1081.3,522.4,478.7,80.1,50.6,518.1,rx collecting results@149/0-RX-38,prepare streams@25/0-worker,1079.8,982.6,571.2,575.4,1065.4
150,137080543485484,1580.9,639.1,778.7,163.0,65.0,1255.7,notify_listener@25/0-worker,work_queue::do_work get_work@24/?-work_queue,1578.8,1255.7,528.2,537.9,1564.9
151,137080549233195,1050.4,570.0,393.5,86.8,60.6,556.4,kernel_add_rmsnorm_71@25/0-worker,prepare streams@25/0-worker,1048.9,957.2,619.5,623.8,1034.9
152,137080554512610,1546.2,636.7,768.9,140.7,76.9,1216.4,notify_listener@25/0-worker,work_queue::do_work get_work@24/?-work_queue,1544.0,1216.4,502.6,508.1,1529.7
153,137080560271991,1989.8,1030.6,757.5,201.8,89.4,1866.3,assemble attention plan@24/?-work_queue,Prepare hardware matmul job@24/?-work_queue,1988.3,1458.4,746.5,752.0,1965.8
154,137080566469437,515.8,115.8,368.5,31.4,11.6,471.4,assemble attention plan@24/?-work_queue,Prepare hardware matmul job@24/?-work_queue,513.9,415.1,90.7,94.8,493.1
155,137080571137166,1812.7,753.8,830.2,228.6,82.9,1697.8,assemble attention plan@24/?-work_queue,Prepare hardware matmul job@24/?-work_queue,1811.2,1349.7,634.6,638.9,1795.9
156,137080577180493,1041.3,514.0,431.6,95.7,67.6,469.6,kernel_add_rmsnorm_71@25/0-worker,prepare streams@25/0-worker,1039.8,939.6,539.4,554.4,1026.2
157,137080582429336,1640.9,732.0,766.9,141.9,60.8,1299.2,notify_listener@25/0-worker,work_queue::do_work get_work@24/?-work_queue,1638.2,1299.2,583.8,610.1,1624.4
158,137080588306902,516.2,124.3,363.0,28.8,9.8,481.7,assemble attention plan@24/?-work_queue,Prepare hardware matmul job@24/?-work_queue,514.5,424.3,121.6,126.9,501.2
159,137080592991139,512.7,135.4,350.6,26.7,13.7,472.4,assemble attention plan@24/?-work_queue,Prepare hardware matmul job@24/?-work_queue,510.6,418.0,117.5,131.3,496.2
160,137080597740354,466.8,153.6,283.8,29.4,10.8,417.6,assemble attention plan@24/?-work_queue,Prepare hardware matmul job@24/?-work_queue,465.3,357.4,132.2,139.3,438.4
161,137080602378840,913.5,528.2,299.4,85.9,60.6,487.9,kernel_add_rmsnorm_71@25/0-worker,prepare streams@25/0-worker,911.7,813.4,551.0,562.6,896.0
162,137080607482128,1990.9,823.0,589.4,578.6,460.6,1065.4,notify_listener@25/0-worker,work_queue::do_work get_work@24/?-work_queue,1988.9,1065.4,531.7,535.9,1974.7
163,137080613653985,476.7,124.5,328.0,24.2,11.5,438.1,assemble attention plan@24/?-work_queue,Prepare hardware matmul job@24/?-work_queue,473.7,381.4,111.0,130.6,459.3
164,137080618272730,1017.3,546.9,375.5,95.0,65.2,510.5,kernel_add_rmsnorm_71@25/0-worker,prepare streams@25/0-worker,1015.3,920.4,577.5,595.4,1002.0
165,137080623520173,897.8,499.6,371.5,26.8,10.4,861.2,assemble attention plan@24/?-work_queue,Prepare hardware matmul job@24/?-work_queue,896.2,805.7,504.0,508.2,880.6
166,137080628610990,779.6,467.6,284.9,27.0,11.2,737.3,assemble attention plan@24/?-work_queue,Prepare hardware matmul job@24/?-work_queue,777.7,678.3,435.7,441.3,758.1
167,137080633647399,797.2,432.2,339.7,25.4,12.6,759.3,assemble attention plan@24/?-work_queue,Prepare hardware matmul job@24/?-work_queue,795.3,693.1,395.4,400.7,782.0
168,137080638619540,506.6,129.4,350.1,27.0,10.6,468.8,assemble attention plan@24/?-work_queue,Prepare hardware matmul job@24/?-work_queue,504.8,407.0,109.2,116.1,489.6
169,137080643294534,440.7,136.0,281.8,23.0,10.7,405.2,assemble attention plan@24/?-work_queue,Prepare hardware matmul job@24/?-work_queue,438.5,348.0,117.0,121.7,424.9
170,137080647949220,522.4,124.4,374.0,23.9,11.6,484.5,assemble attention plan@24/?-work_queue,Prepare hardware matmul job@24/?-work_queue,519.6,429.7,124.6,130.7,506.2
171,137080652670788,766.4,406.8,329.9,29.8,11.2,729.9,assemble attention plan@24/?-work_queue,Prepare hardware matmul job@24/?-work_queue,764.7,672.1,373.6,378.2,751.5
172,137080657577459,446.7,138.4,285.9,22.5,10.5,401.2,assemble attention plan@24/?-work_queue,Prepare hardware matmul job@24/?-work_queue,444.3,346.5,112.4,120.4,421.7
173,137080662180448,464.9,137.4,299.6,28.0,14.2,413.8,assemble attention plan@24/?-work_queue,Prepare hardware matmul job@24/?-work_queue,462.5,359.0,109.6,116.5,447.6
174,137080666842080,543.2,141.1,373.2,28.9,13.4,502.5,assemble attention plan@24/?-work_queue,Prepare hardware matmul job@24/?-work_queue,541.2,439.6,129.8,135.2,526.3
175,137080671561923,884.5,506.2,350.3,28.0,12.5,845.3,assemble attention plan@24/?-work_queue,Prepare hardware matmul job@24/?-work_queue,882.1,789.8,480.3,489.3,869.4
176,137080676734532,514.3,125.1,361.0,28.2,10.8,478.2,assemble attention plan@24/?-work_queue,Prepare hardware matmul job@24/?-work_queue,512.6,420.8,110.2,116.6,499.0
177,137080681399603,454.5,128.8,298.9,26.9,10.2,420.1,assemble attention plan@24/?-work_queue,Prepare hardware matmul job@24/?-work_queue,452.5,365.9,123.4,131.7,439.8
178,137080686040340,467.9,131.4,311.8,24.7,12.4,426.3,assemble attention plan@24/?-work_queue,Prepare hardware matmul job@24/?-work_queue,466.0,369.2,122.6,126.5,448.2
179,137080690709793,658.9,364.0,263.6,31.4,16.5,615.9,assemble attention plan@24/?-work_queue,Prepare hardware matmul job@24/?-work_queue,656.9,557.9,330.4,335.5,642.8
180,137080695564334,794.6,488.7,280.7,25.3,12.3,752.7,assemble attention plan@24/?-work_queue,Prepare hardware matmul job@24/?-work_queue,791.6,693.2,461.1,467.5,776.7
181,137080700584489,1506.0,462.5,875.3,168.2,75.3,1326.2,notify_listener@25/0-worker,work_queue::do_work get_work@24/?-work_queue,1503.5,1326.2,538.5,542.2,1489.3
182,137080706253852,971.5,532.6,353.9,85.0,61.9,498.7,kernel_add_rmsnorm_71@25/0-worker,prepare streams@25/0-worker,969.9,878.6,562.6,569.9,955.2
183,137080711448148,459.3,130.7,299.7,28.9,13.4,420.9,assemble attention plan@24/?-work_queue,Prepare hardware matmul job@24/?-work_queue,457.4,360.4,123.9,128.7,444.6
184,137080716091467,1146.5,575.8,482.6,88.2,66.1,539.2,kernel_add_rmsnorm_71@25/0-worker,prepare streams@25/0-worker,1144.4,1048.3,607.0,613.7,1124.5
185,137080721422770,945.6,491.5,369.9,84.2,60.2,477.5,kernel_add_rmsnorm_71@25/0-worker,prepare streams@25/0-worker,942.9,846.5,540.2,546.5,929.5
186,137080726593128,851.9,488.9,340.0,23.0,11.7,814.0,assemble attention plan@24/?-work_queue,Prepare hardware matmul job@24/?-work_queue,850.0,750.1,439.5,445.7,835.2
187,137080731637526,794.7,421.7,349.9,23.1,11.1,757.6,assemble attention plan@24/?-work_queue,Prepare hardware matmul job@24/?-work_queue,792.4,702.2,403.0,408.3,778.6
188,137080736619267,835.5,438.4,367.4,29.7,11.0,797.6,assemble attention plan@24/?-work_queue,Prepare hardware matmul job@24/?-work_queue,833.4,741.3,428.2,432.6,818.9
189,137080741680212,705.2,381.9,296.4,26.9,14.6,665.5,assemble attention plan@24/?-work_queue,Prepare hardware matmul job@24/?-work_queue,703.4,608.8,367.7,371.6,689.9
190,137080746550198,511.8,136.5,351.9,23.4,10.0,468.2,assemble attention plan@24/?-work_queue,Prepare hardware matmul job@24/?-work_queue,509.3,408.4,115.8,119.9,488.3
191,137080751213137,529.0,134.1,367.3,27.6,15.5,486.2,assemble attention plan@24/?-work_queue,Prepare hardware matmul job@24/?-work_queue,527.0,430.7,125.9,134.9,512.3
192,137080755894690,534.7,137.1,373.9,23.7,11.4,498.0,assemble attention plan@24/?-work_queue,Prepare hardware matmul job@24/?-work_queue,532.8,436.5,129.6,133.4,519.2
193,137080760630856,1075.9,325.2,566.3,184.5,97.6,952.6,assemble attention plan@24/?-work_queue,Prepare hardware matmul job@24/?-work_queue,1074.3,621.5,120.4,126.7,1059.9
194,137080765905434,1343.1,323.0,844.2,175.8,95.4,1221.9,assemble attention plan@24/?-work_queue,Prepare hardware matmul job@24/?-work_queue,1340.9,896.6,116.7,155.6,1327.1
195,137080771448394,583.3,190.1,367.2,26.0,10.9,530.3,assemble attention plan@24/?-work_queue,Prepare hardware matmul job@24/?-work_queue,581.7,476.0,166.3,173.7,550.9
196,137080776216020,1755.9,758.3,751.8,245.8,91.5,1630.7,assemble attention plan@24/?-work_queue,Prepare hardware matmul job@24/?-work_queue,1753.9,1277.7,574.3,577.7,1737.5
197,137080782156096,471.0,119.6,328.3,23.1,11.6,434.4,assemble attention plan@24/?-work_queue,Prepare hardware matmul job@24/?-work_queue,469.5,374.2,107.1,112.6,455.5
198,137080786834680,538.4,220.3,296.0,22.0,10.7,500.8,assemble attention plan@24/?-work_queue,Prepare hardware matmul job@24/?-work_queue,535.9,444.0,209.5,214.2,522.2
199,137080791565878,472.1,133.7,311.0,27.4,15.8,431.1,assemble attention plan@24/?-work_queue,Prepare hardware matmul job@24/?-work_queue,470.2,374.3,122.3,126.8,456.8
200,137080796227670,1071.4,533.8,445.5,92.1,65.6,527.3,kernel_add_rmsnorm_71@25/0-worker,prepare streams@25/0-worker,1069.8,977.7,595.6,603.1,1055.4
201,137080801518593,534.1,151.7,358.8,23.5,11.7,490.5,assemble attention plan@24/?-work_queue,Prepare hardware matmul job@24/?-work_queue,532.1,432.0,133.6,137.4,512.0
202,137080806212805,1013.5,523.1,405.1,85.3,62.5,490.0,kernel_add_rmsnorm_71@25/0-worker,prepare streams@25/0-worker,1010.4,913.5,554.9,560.8,995.6
203,137080811427542,858.4,503.0,264.7,90.7,65.9,451.9,kernel_add_rmsnorm_71@25/0-worker,prepare streams@25/0-worker,856.3,759.3,520.5,524.9,842.4
204,137080816469331,1599.3,715.8,798.1,85.5,41.3,1327.9,notify_listener@25/0-worker,work_queue::do_work get_work@24/?-work_queue,1597.9,1327.9,573.9,632.7,1583.7
205,137080822270308,1964.9,805.7,761.5,397.7,227.1,1710.2,assemble attention plan@24/?-work_queue,Prepare hardware matmul job@24/?-work_queue,1963.2,1327.1,626.1,640.4,1947.2
206,137080828412097,786.8,131.6,630.6,24.5,11.0,750.3,assemble attention plan@24/?-work_queue,Prepare hardware matmul job@24/?-work_queue,783.8,694.7,131.3,142.5,770.9
207,137080833361647,443.1,126.4,291.5,25.2,11.6,401.6,assemble attention plan@24/?-work_queue,Prepare hardware matmul job@24/?-work_queue,436.4,345.4,108.1,112.3,422.8
208,137080837974689,1104.7,187.2,812.6,104.9,56.8,861.0,notify_listener@25/0-worker,work_queue::do_work get_work@24/?-work_queue,1102.8,861.0,126.3,131.8,1084.1
209,137080843258716,526.9,129.2,366.6,31.0,11.6,483.5,assemble attention plan@24/?-work_queue,Prepare hardware matmul job@24/?-work_queue,524.2,428.4,118.3,126.5,509.4
210,137080847995729,1079.3,191.5,781.4,106.4,49.4,828.9,notify_listener@25/0-worker,work_queue::do_work get_work@24/?-work_queue,1077.6,828.9,114.7,135.6,1063.1
211,137080853384301,456.8,138.4,290.9,27.4,10.3,420.2,assemble attention plan@24/?-work_queue,Prepare hardware matmul job@24/?-work_queue,455.3,365.4,126.2,134.6,440.7
212,137080858040968,514.1,123.0,366.0,25.1,10.3,477.1,assemble attention plan@24/?-work_queue,Prepare hardware matmul job@24/?-work_queue,512.6,423.4,110.7,116.1,498.8
213,137080862735525,435.8,131.0,281.6,23.2,11.1,399.6,assemble attention plan@24/?-work_queue,Prepare hardware matmul job@24/?-work_queue,434.2,342.4,110.7,122.2,420.5
214,137080867456216,1944.7,785.6,891.2,268.0,104.9,1809.5,assemble attention plan@24/?-work_queue,Prepare hardware matmul job@24/?-work_queue,1942.2,1357.2,561.4,566.5,1924.1
215,137080873635947,1689.5,672.3,777.8,239.4,92.0,1565.7,assemble attention plan@24/?-work_queue,Prepare hardware matmul job@24/?-work_queue,1687.7,1245.3,536.8,544.3,1672.7
216,137080879481860,1578.3,662.4,756.6,159.3,65.1,463.6,kernel_add_rmsnorm_71@25/0-worker,prepare streams@25/0-worker,1576.3,1230.5,530.5,545.8,1562.5
217,137080885258847,1693.0,711.0,742.1,239.9,91.2,1575.5,assemble attention plan@24/?-work_queue,Prepare hardware matmul job@24/?-work_queue,1690.3,1275.8,566.8,589.2,1676.4
218,137080891115876,1117.1,505.6,535.6,76.0,53.7,489.8,rx collecting results@147/0-RX-10,prepare streams@25/0-worker,1114.8,1025.1,544.9,549.5,1100.6
219,137080896496381,461.3,142.0,296.4,22.9,11.3,425.6,assemble attention plan@24/?-work_queue,Prepare hardware matmul job@24/?-work_queue,459.8,370.2,128.8,133.7,447.2
220,137080901112117,1125.3,548.0,504.2,73.1,46.2,540.2,rx collecting results@147/0-RX-10,prepare streams@25/0-worker,1122.6,1025.6,588.0,591.8,1102.9
221,137080906413800,518.2,129.9,363.4,24.8,13.3,472.0,assemble attention plan@24/?-work_queue,Prepare hardware matmul job@24/?-work_queue,516.0,417.1,106.4,112.7,495.1
222,137080911082871,1128.5,493.9,548.0,86.6,61.1,478.8,kernel_add_rmsnorm_71@25/0-worker,prepare streams@25/0-worker,1126.9,1026.7,541.1,544.6,1113.0
223,137080916439551,922.1,521.4,365.7,35.0,11.7,556.4,legacy tx_launch@4/0-TX-13,rx collecting results@148/0-RX-13,920.6,829.2,586.0,606.5,905.5
224,137080921540470,550.0,140.9,383.0,26.1,11.3,513.8,assemble attention plan@24/?-work_queue,Prepare hardware matmul job@24/?-work_queue,548.1,446.6,138.3,142.9,534.9
225,137080926276921,1012.7,629.8,290.7,92.2,67.9,611.3,kernel_add_rmsnorm_71@25/0-worker,prepare streams@25/0-worker,1010.5,919.1,681.0,684.4,996.8
226,137080931464310,462.6,157.0,281.1,24.5,12.0,420.1,assemble attention plan@24/?-work_queue,Prepare hardware matmul job@24/?-work_queue,460.8,363.5,135.9,143.1,442.6
227,137080936092190,1129.2,504.1,542.4,82.7,58.4,463.1,kernel_add_rmsnorm_71@25/0-worker,prepare streams@25/0-worker,1127.4,1034.1,523.2,539.8,1113.2
228,137080941426782,520.4,123.8,373.2,23.4,11.8,481.4,assemble attention plan@24/?-work_queue,Prepare hardware matmul job@24/?-work_queue,517.7,418.6,117.9,121.3,503.1
229,137080946160088,1059.1,545.5,427.4,86.2,63.1,490.7,kernel_add_rmsnorm_71@25/0-worker,prepare streams@25/0-worker,1056.8,965.4,555.9,564.2,1042.0
230,137080951458135,938.9,509.5,340.0,89.3,65.2,465.4,kernel_add_rmsnorm_71@25/0-worker,prepare streams@25/0-worker,937.0,844.4,533.1,550.3,921.8
231,137080956610713,827.8,451.5,351.3,24.9,10.4,791.4,assemble attention plan@24/?-work_queue,Prepare hardware matmul job@24/?-work_queue,826.0,736.6,430.9,436.0,811.2
232,137080961676693,777.0,373.4,379.0,24.6,10.9,734.8,assemble attention plan@24/?-work_queue,Prepare hardware matmul job@24/?-work_queue,774.2,679.1,368.6,385.7,755.9
233,137080966672179,719.6,410.8,280.7,28.1,11.7,667.3,assemble attention plan@24/?-work_queue,Prepare hardware matmul job@24/?-work_queue,717.7,611.8,365.4,374.0,689.2
234,137080971626940,752.2,425.6,304.1,22.6,11.2,714.2,assemble attention plan@24/?-work_queue,Prepare hardware matmul job@24/?-work_queue,749.8,655.2,412.1,416.3,735.3
235,137080976589926,536.4,120.6,386.2,29.6,10.7,496.6,assemble attention plan@24/?-work_queue,Prepare hardware matmul job@24/?-work_queue,533.2,434.7,103.3,108.1,517.7
236,137080981329044,522.1,131.4,359.8,30.9,11.8,484.6,assemble attention plan@24/?-work_queue,Prepare hardware matmul job@24/?-work_queue,520.6,426.6,125.4,130.8,506.8
237,137080986068930,1111.5,501.4,524.4,85.7,60.5,452.1,kernel_add_rmsnorm_71@25/0-worker,prepare streams@25/0-worker,1109.6,1015.8,513.9,521.1,1094.8
238,137080991347195,1008.3,524.6,384.2,99.5,64.0,498.0,kernel_add_rmsnorm_71@25/0-worker,prepare streams@25/0-worker,1006.3,912.5,564.2,573.0,990.7
239,137080996503833,532.5,144.1,362.5,25.8,12.1,478.9,assemble attention plan@24/?-work_queue,Prepare hardware matmul job@24/?-work_queue,531.0,424.0,124.3,128.2,507.5
240,137081001204792,1068.8,527.6,440.1,101.2,71.9,494.0,kernel_add_rmsnorm_71@25/0-worker,prepare streams@25/0-worker,1066.7,960.1,568.2,572.0,1050.5
241,137081006528383,840.0,495.1,310.7,34.2,13.3,801.8,assemble attention plan@24/?-work_queue,Prepare hardware matmul job@24/?-work_queue,838.6,739.4,488.6,493.6,825.2
242,137081011551589,670.1,172.2,468.9,29.0,10.9,632.6,assemble attention plan@24/?-work_queue,Prepare hardware matmul job@24/?-work_queue,668.0,576.0,128.0,179.5,653.6
243,137081016451430,895.3,561.1,301.0,33.1,10.4,858.8,assemble attention plan@24/?-work_queue,Prepare hardware matmul job@24/?-work_queue,892.6,803.6,564.3,568.4,878.4
244,137081021530870,842.9,506.3,311.7,24.9,12.7,804.6,assemble attention plan@24/?-work_queue,Prepare hardware matmul job@24/?-work_queue,841.5,748.5,500.9,505.7,827.5
245,137081026567548,814.7,504.0,287.2,23.6,9.8,775.1,assemble attention plan@24/?-work_queue,Prepare hardware matmul job@24/?-work_queue,813.2,718.0,476.5,481.1,793.7
246,137081031596516,884.2,467.3,395.0,21.8,9.8,835.9,assemble attention plan@24/?-work_queue,Prepare hardware matmul job@24/?-work_queue,882.7,778.1,443.7,449.8,868.6
247,137081036674327,780.0,372.9,382.8,24.3,12.1,741.9,assemble attention plan@24/?-work_queue,Prepare hardware matmul job@24/?-work_queue,778.1,675.2,372.0,377.6,763.6
248,137081041670971,699.1,409.0,269.2,20.9,9.2,663.9,assemble attention plan@24/?-work_queue,Prepare hardware matmul job@24/?-work_queue,697.1,606.9,377.6,384.0,683.3
249,137081046600054,451.2,131.7,291.3,28.2,12.0,412.1,assemble attention plan@24/?-work_queue,Prepare hardware matmul job@24/?-work_queue,448.0,348.2,92.7,101.0,434.0
250,137081051245781,499.1,123.4,347.8,27.8,12.3,460.7,assemble attention plan@24/?-work_queue,Prepare hardware matmul job@24/?-work_queue,497.4,405.2,106.5,111.6,483.0
251,137081055950203,523.9,122.6,377.6,23.7,11.4,485.9,assemble attention plan@24/?-work_queue,Prepare hardware matmul job@24/?-work_queue,521.8,430.2,116.9,122.3,507.2
252,137081060632208,755.7,448.3,280.0,27.5,12.5,712.6,assemble attention plan@24/?-work_queue,Prepare hardware matmul job@24/?-work_queue,754.0,652.4,402.5,407.5,735.0
253,137081065579918,790.2,477.4,284.4,28.5,14.7,743.2,assemble attention plan@24/?-work_queue,Prepare hardware matmul job@24/?-work_queue,787.8,687.4,446.6,450.6,767.8
254,137081070499505,525.5,132.3,355.6,37.5,23.6,470.7,assemble attention plan@24/?-work_queue,Prepare hardware matmul job@24/?-work_queue,523.9,413.4,113.8,119.3,509.2
255,137081075235803,997.4,520.7,393.5,83.2,58.3,486.7,kernel_add_rmsnorm_71@25/0-worker,prepare streams@25/0-worker,995.7,897.0,547.3,553.8,982.0
256,137081080444739,891.2,509.1,290.5,91.6,63.2,474.3,kernel_add_rmsnorm_71@25/0-worker,prepare streams@25/0-worker,888.8,793.0,539.1,549.7,875.1
257,137081085497822,1567.6,665.2,785.5,116.9,53.2,1254.8,notify_listener@25/0-worker,work_queue::do_work get_work@24/?-work_queue,1565.3,1254.8,517.5,524.8,1551.4
258,137081091309894,541.9,138.6,378.9,24.4,11.3,504.4,assemble attention plan@24/?-work_queue,Prepare hardware matmul job@24/?-work_queue,539.0,447.6,141.5,145.9,524.9
259,137081096084638,1147.6,562.9,505.0,79.7,51.1,545.0,kernel_add_rmsnorm_71@25/0-worker,prepare streams@25/0-worker,1146.0,1051.4,607.0,614.7,1127.8
260,137081101461248,463.2,155.5,283.2,24.5,12.4,418.9,assemble attention plan@24/?-work_queue,Prepare hardware matmul job@24/?-work_queue,461.0,361.9,129.9,133.7,447.1
261,137081106077769,520.2,125.2,371.0,24.0,10.7,483.6,assemble attention plan@24/?-work_queue,Prepare hardware matmul job@24/?-work_queue,517.8,421.0,114.2,118.6,504.1
262,137081110742479,1756.3,331.7,471.3,953.3,841.2,531.3,notify_listener@25/0-worker,work_queue::do_work get_work@24/?-work_queue,1754.5,531.3,121.9,125.9,1740.1
263,137081116735622,1368.6,506.0,772.0,90.6,63.4,449.9,kernel_add_rmsnorm_71@25/0-worker,prepare streams@25/0-worker,1364.9,1273.8,515.5,528.2,1350.7
264,137081122288931,1402.3,678.5,478.8,245.0,92.1,1285.4,assemble attention plan@24/?-work_queue,Prepare hardware matmul job@24/?-work_queue,1400.7,945.2,532.3,541.3,1386.5
265,137081127874869,577.6,205.2,345.4,27.0,11.8,536.0,assemble attention plan@24/?-work_queue,Prepare hardware matmul job@24/?-work_queue,575.5,479.4,186.1,192.9,557.6
266,137081132635261,744.5,427.8,292.0,24.6,11.3,700.7,assemble attention plan@24/?-work_queue,Prepare hardware matmul job@24/?-work_queue,742.6,644.0,404.6,408.7,721.9
267,137081137602961,513.3,134.1,356.6,22.6,10.1,466.3,assemble attention plan@24/?-work_queue,Prepare hardware matmul job@24/?-work_queue,511.5,410.6,109.0,115.5,498.4
268,137081142327896,531.3,144.3,363.6,23.4,10.9,494.6,assemble attention plan@24/?-work_queue,Prepare hardware matmul job@24/?-work_queue,529.6,430.3,120.1,124.5,515.6
269,137081147081255,1145.3,491.6,566.5,87.2,53.4,488.7,rx collecting results@147/0-RX-10,prepare streams@25/0-worker,1143.5,1048.1,543.4,567.0,1129.3
270,137081152473472,446.6,140.2,283.4,23.0,9.9,411.6,assemble attention plan@24/?-work_queue,Prepare hardware matmul job@24/?-work_queue,445.0,355.0,128.9,134.2,431.8
271,137081157109112,1779.3,709.5,824.4,245.4,95.6,1658.6,assemble attention plan@24/?-work_queue,Prepare hardware matmul job@24/?-work_queue,1777.7,1328.0,534.0,537.1,1764.3
272,137081163121933,1073.6,512.2,484.8,76.6,55.1,498.3,rx collecting results@149/0-RX-38,prepare streams@25/0-worker,1071.5,978.6,554.8,558.5,1054.6
273,137081168365472,961.5,522.3,352.3,87.0,64.2,483.6,kernel_add_rmsnorm_71@25/0-worker,prepare streams@25/0-worker,960.0,861.8,549.6,562.0,938.7
274,137081173530471,801.5,484.2,260.6,56.7,27.3,452.0,kernel_add_rmsnorm_71@25/0-worker,prepare streams@25/0-worker,799.0,700.7,481.2,485.4,784.1
275,137081178567395,806.9,504.7,279.1,23.0,11.5,770.1,assemble attention plan@24/?-work_queue,Prepare hardware matmul job@24/?-work_queue,804.4,705.6,472.1,477.9,791.3
276,137081183540320,900.3,507.2,367.6,25.5,10.8,863.3,assemble attention plan@24/?-work_queue,Prepare hardware matmul job@24/?-work_queue,897.8,803.9,494.1,500.2,884.3
277,137081188688574,746.6,388.6,336.3,21.7,9.9,710.7,assemble attention plan@24/?-work_queue,Prepare hardware matmul job@24/?-work_queue,744.8,654.4,353.6,359.1,730.6
278,137081193655272,554.5,127.9,403.6,22.9,9.4,515.4,assemble attention plan@24/?-work_queue,Prepare hardware matmul job@24/?-work_queue,548.5,458.9,122.4,126.0,534.9
279,137081198343791,519.3,136.2,356.8,26.2,12.1,475.4,assemble attention plan@24/?-work_queue,Prepare hardware matmul job@24/?-work_queue,517.1,417.4,115.2,119.7,497.6
280,137081203076617,959.8,524.8,351.4,83.6,59.3,487.6,rx collecting results@147/0-RX-10,prepare streams@25/0-worker,563.7,850.6,548.2,563.7,
281,137081208202404,524.4,134.2,365.3,24.8,12.1,486.5,assemble attention plan@24/?-work_queue,Prepare hardware matmul job@24/?-work_queue,522.3,425.8,110.0,116.0,508.6
282,137081212929839,547.3,162.9,356.6,27.8,12.0,509.9,assemble attention plan@24/?-work_queue,Prepare hardware matmul job@24/?-work_queue,545.9,448.3,145.3,164.3,531.2
283,137081217687383,501.2,129.8,347.9,23.5,10.9,464.0,assemble attention plan@24/?-work_queue,Prepare hardware matmul job@24/?-work_queue,498.7,406.8,102.0,105.9,484.7
284,137081222417821,943.1,516.8,331.2,95.1,69.5,469.0,kernel_add_rmsnorm_71@25/0-worker,prepare streams@25/0-worker,940.7,846.7,540.5,547.3,927.5
285,137081227586601,771.2,484.2,259.6,27.3,14.8,728.4,assemble attention plan@24/?-work_queue,Prepare hardware matmul job@24/?-work_queue,767.9,670.3,452.4,458.4,753.2
286,137081232585250,515.6,133.2,356.6,25.9,11.9,476.0,assemble attention plan@24/?-work_queue,Prepare hardware matmul job@24/?-work_queue,513.1,413.2,109.6,114.2,498.3
287,137081237282721,1758.9,723.5,783.5,251.9,92.6,1634.9,assemble attention plan@24/?-work_queue,Prepare hardware matmul job@24/?-work_queue,1757.0,1330.0,602.9,606.3,1737.4
288,137081243267199,998.7,514.8,391.8,92.2,63.8,495.6,kernel_add_rmsnorm_71@25/0-worker,prepare streams@25/0-worker,995.4,889.2,562.2,573.6,981.1
289,137081248480974,492.1,117.2,348.0,27.0,12.2,453.8,assemble attention plan@24/?-work_queue,Prepare hardware matmul job@24/?-work_queue,490.4,393.5,87.8,92.6,476.0
290,137081253188822,1033.7,526.3,390.6,116.8,74.9,527.1,kernel_add_rmsnorm_71@25/0-worker,prepare streams@25/0-worker,1032.0,940.2,603.9,631.1,1018.9
291,137081258424093,524.0,138.7,361.2,24.1,11.5,486.5,assemble attention plan@24/?-work_queue,Prepare hardware matmul job@24/?-work_queue,521.6,429.3,117.9,129.0,507.8
292,137081263141111,1104.6,489.5,524.4,90.7,64.9,477.7,kernel_add_rmsnorm_71@25/0-worker,prepare streams@25/0-worker,1102.6,1011.0,544.0,547.8,1088.2
293,137081268433874,990.6,559.5,354.3,76.8,51.5,526.8,kernel_add_rmsnorm_71@25/0-worker,prepare streams@25/0-worker,983.4,892.3,580.3,586.0,967.7
294,137081273614128,825.4,454.8,343.9,26.6,11.7,781.2,assemble attention plan@24/?-work_queue,Prepare hardware matmul job@24/?-work_queue,822.5,724.1,421.4,426.3,803.1
295,137081278613954,519.2,114.5,371.6,33.1,13.4,477.0,assemble attention plan@24/?-work_queue,Prepare hardware matmul job@24/?-work_queue,517.4,421.7,111.5,124.9,504.2
296,137081283313807,941.9,535.6,317.7,88.7,64.6,497.5,kernel_add_rmsnorm_71@25/0-worker,prepare streams@25/0-worker,939.9,841.6,564.9,577.7,926.1
297,137081288485955,510.2,129.1,357.5,23.7,11.7,473.9,assemble attention plan@24/?-work_queue,Prepare hardware matmul job@24/?-work_queue,508.5,415.5,116.8,122.4,495.0
298,137081293191614,507.0,131.0,354.3,21.7,10.4,471.1,assemble attention plan@24/?-work_queue,Prepare hardware matmul job@24/?-work_queue,505.1,417.0,113.8,118.5,491.4
299,137081298029546,459.9,135.1,299.0,25.8,10.5,419.0,assemble attention plan@24/?-work_queue,Prepare hardware matmul job@24/?-work_queue,460.5,361.7,120.4,124.5,448.1
300,137081302708428,509.0,129.2,352.3,27.5,10.4,468.0,assemble attention plan@24/?-work_queue,Prepare hardware matmul job@24/?-work_queue,506.8,404.8,102.5,106.8,487.7
301,137081307430702,991.5,509.3,380.9,101.3,61.8,482.4,kernel_add_rmsnorm_71@25/0-worker,prepare streams@25/0-worker,989.9,881.2,545.7,553.3,975.1
302,137081312615538,838.0,453.4,357.5,27.0,11.4,799.4,assemble attention plan@24/?-work_queue,Prepare hardware matmul job@24/?-work_queue,835.7,735.1,425.1,429.4,820.7
303,137081317718851,444.2,138.0,279.0,27.1,11.4,404.6,assemble attention plan@24/?-work_queue,Prepare hardware matmul job@24/?-work_queue,442.5,346.2,100.7,107.6,425.3
304,137081322344765,442.6,119.8,299.3,23.6,10.7,406.7,assemble attention plan@24/?-work_queue,Prepare hardware matmul job@24/?-work_queue,440.7,351.0,109.0,114.1,427.3
305,137081326985000,1208.1,500.6,613.4,94.1,68.2,471.4,kernel_add_rmsnorm_71@25/0-worker,prepare streams@25/0-worker,1206.2,1112.2,541.6,550.1,1191.1
306,137081332410055,456.8,139.4,292.0,25.4,11.8,414.6,assemble attention plan@24/?-work_queue,Prepare hardware matmul job@24/?-work_queue,454.9,355.4,123.8,133.7,436.3
307,137081337043830,1141.9,499.9,550.3,91.8,60.9,508.7,kernel_add_rmsnorm_71@25/0-worker,prepare streams@25/0-worker,1139.9,1041.9,571.2,581.0,1125.6
308,137081342407181,457.7,147.3,285.3,25.1,12.1,419.8,assemble attention plan@24/?-work_queue,Prepare hardware matmul job@24/?-work_queue,455.6,349.3,119.5,127.8,441.4
309,137081347064705,1120.0,531.9,501.5,86.5,64.3,485.5,kernel_add_rmsnorm_71@25/0-worker,prepare streams@25/0-worker,1117.3,1024.1,552.1,589.3,1103.4
310,137081352419716,453.5,134.3,296.0,23.3,11.6,415.6,assemble attention plan@24/?-work_queue,Prepare hardware matmul job@24/?-work_queue,451.4,359.6,126.5,130.4,437.0
311,137081357099401,1132.9,554.3,487.0,91.5,65.0,515.9,kernel_add_rmsnorm_71@25/0-worker,prepare streams@25/0-worker,1131.0,1036.0,599.6,609.6,1116.6
312,137081362436137,1636.5,649.1,815.0,172.4,68.2,505.7,kernel_add_rmsnorm_71@25/0-worker,prepare streams@25/0-worker,1634.9,1326.9,575.9,586.7,1616.4
313,137081368244000,996.6,510.9,384.9,100.8,70.5,494.9,kernel_add_rmsnorm_71@25/0-worker,prepare streams@25/0-worker,994.5,894.6,567.6,578.2,980.0
314,137081373442678,464.3,138.6,298.2,27.5,11.2,427.1,assemble attention plan@24/?-work_queue,Prepare hardware matmul job@24/?-work_queue,462.5,362.8,114.0,118.9,448.5
315,137081378095678,1104.1,534.8,475.3,94.0,69.7,510.0,kernel_add_rmsnorm_71@25/0-worker,prepare streams@25/0-worker,1102.5,1004.8,581.4,592.0,1087.9
316,137081383344539,1724.2,779.9,780.6,163.7,52.3,615.2,kernel_add_rmsnorm_71@25/0-worker,prepare streams@25/0-worker,1721.9,1372.5,669.6,673.8,1707.2
317,137081389342781,1715.5,698.5,814.1,202.9,62.0,502.1,kernel_add_rmsnorm_71@25/0-worker,prepare streams@25/0-worker,1713.0,1329.4,565.3,571.7,1698.4
318,137081395270957,521.2,141.3,354.7,25.1,12.4,478.1,assemble attention plan@24/?-work_queue,Prepare hardware matmul job@24/?-work_queue,518.4,420.3,115.2,119.8,499.6
319,137081399996605,483.4,150.7,310.2,22.5,9.9,442.1,assemble attention plan@24/?-work_queue,Prepare hardware matmul job@24/?-work_queue,481.2,384.3,132.3,136.0,467.8
320,137081404631567,442.8,135.8,281.6,25.4,13.8,404.0,assemble attention plan@24/?-work_queue,Prepare hardware matmul job@24/?-work_queue,440.6,332.8,103.7,117.2,427.4
321,137081409263749,516.2,128.7,364.8,22.7,10.7,480.5,assemble attention plan@24/?-work_queue,Prepare hardware matmul job@24/?-work_queue,513.9,419.9,115.6,121.6,500.7
322,137081413954063,544.3,158.4,361.8,24.2,10.7,507.4,assemble attention plan@24/?-work_queue,Prepare hardware matmul job@24/?-work_queue,542.0,449.0,145.3,152.1,527.8
323,137081418701537,497.0,116.1,354.0,26.9,13.4,459.0,assemble attention plan@24/?-work_queue,Prepare hardware matmul job@24/?-work_queue,495.5,402.3,100.4,105.2,481.7
324,137081423421799,453.2,146.8,282.1,24.3,11.0,413.3,assemble attention plan@24/?-work_queue,Prepare hardware matmul job@24/?-work_queue,450.8,354.8,116.0,125.2,433.7
325,137081428117104,1095.0,521.3,492.6,81.0,58.7,486.0,kernel_add_rmsnorm_71@25/0-worker,prepare streams@25/0-worker,1093.0,994.1,546.8,550.8,1077.6
326,137081433471714,526.8,131.9,370.7,24.2,11.8,489.1,assemble attention plan@24/?-work_queue,Prepare hardware matmul job@24/?-work_queue,525.1,427.1,114.6,120.2,510.8
327,137081438169555,1056.2,555.9,410.7,89.5,64.1,504.4,kernel_add_rmsnorm_71@25/0-worker,prepare streams@25/0-worker,1053.4,957.0,570.5,612.4,1038.6
328,137081443456981,822.6,496.3,249.2,77.1,54.1,445.6,kernel_add_rmsnorm_71@25/0-worker,prepare streams@25/0-worker,820.3,727.9,502.2,520.7,806.2
329,137081448439799,1716.3,706.1,772.4,237.9,89.8,1599.0,assemble attention plan@24/?-work_queue,Prepare hardware matmul job@24/?-work_queue,1714.6,1278.3,574.6,586.4,1699.2
330,137081454404690,978.7,538.9,347.9,91.9,66.7,517.9,rx collecting results@149/0-RX-38,prepare streams@25/0-worker,977.2,884.8,586.0,595.1,963.7
331,137081459626837,542.3,133.2,383.1,26.0,10.5,499.7,assemble attention plan@24/?-work_queue,Prepare hardware matmul job@24/?-work_queue,539.9,441.3,108.3,114.4,520.3
332,137081464354763,425.0,125.3,277.2,22.4,10.3,384.1,assemble attention plan@24/?-work_queue,Prepare hardware matmul job@24/?-work_queue,423.4,325.9,102.0,110.7,408.5
333,137081468990911,519.3,120.1,363.4,35.8,19.4,472.5,assemble attention plan@24/?-work_queue,Prepare hardware matmul job@24/?-work_queue,516.3,409.6,97.5,106.1,501.1
334,137081473686818,540.0,131.1,377.8,31.1,10.3,503.8,assemble attention plan@24/?-work_queue,Prepare hardware matmul job@24/?-work_queue,538.1,438.2,129.2,133.0,523.7
335,137081478378328,476.9,134.3,316.2,26.5,13.0,438.4,assemble attention plan@24/?-work_queue,Prepare hardware matmul job@24/?-work_queue,474.6,377.3,106.4,111.4,461.4
336,137081483055930,1769.9,745.9,793.4,230.6,82.3,1660.8,assemble attention plan@24/?-work_queue,Prepare hardware matmul job@24/?-work_queue,1768.0,1300.0,559.3,563.3,1753.1
337,137081489085494,1774.1,720.7,797.5,255.9,97.3,1650.3,assemble attention plan@24/?-work_queue,Prepare hardware matmul job@24/?-work_queue,1772.3,1340.8,587.1,592.3,1758.4
338,137081495087426,1130.1,579.1,455.5,95.5,68.0,549.5,kernel_add_rmsnorm_71@25/0-worker,prepare streams@25/0-worker,1128.3,1031.3,619.0,624.9,1109.3
339,137081500403640,997.3,517.9,382.0,97.4,69.7,489.1,rx collecting results@149/0-RX-38,prepare streams@25/0-worker,995.4,897.2,561.9,567.6,980.9
340,137081505623533,456.5,137.5,295.5,23.4,11.5,418.7,assemble attention plan@24/?-work_queue,Prepare hardware matmul job@24/?-work_queue,454.1,350.4,114.8,120.2,439.8
341,137081510286374,984.6,532.0,370.8,81.8,57.1,451.0,kernel_add_rmsnorm_71@25/0-worker,prepare streams@25/0-worker,982.7,889.4,509.9,534.1,968.1
342,137081515469201,976.3,556.0,388.7,31.7,12.1,938.5,assemble attention plan@24/?-work_queue,Prepare hardware matmul job@24/?-work_queue,974.6,882.7,546.4,550.8,960.3
343,137081520668089,504.6,125.7,354.8,24.1,11.7,466.5,assemble attention plan@24/?-work_queue,Prepare hardware matmul job@24/?-work_queue,502.7,408.3,100.5,105.6,488.2
344,137081525348430,462.8,146.8,290.6,25.5,11.8,420.5,assemble attention plan@24/?-work_queue,Prepare hardware matmul job@24/?-work_queue,460.8,362.5,133.6,138.4,441.4
345,137081530030977,511.7,130.3,359.8,21.6,10.4,470.5,assemble attention plan@24/?-work_queue,Prepare hardware matmul job@24/?-work_queue,509.5,413.1,113.5,118.6,495.0
346,137081534760418,532.8,132.6,372.7,27.5,12.1,495.4,assemble attention plan@24/?-work_queue,Prepare hardware matmul job@24/?-work_queue,531.1,429.8,122.3,127.3,517.4
347,137081539510305,469.5,129.7,314.1,25.7,12.5,430.6,assemble attention plan@24/?-work_queue,Prepare hardware matmul job@24/?-work_queue,467.1,373.6,131.1,144.0,453.2
348,137081544177951,1035.4,519.0,424.6,91.8,65.5,476.8,kernel_add_rmsnorm_71@25/0-worker,prepare streams@25/0-worker,1033.5,937.2,544.0,549.5,1019.7
349,137081549360972,461.2,136.8,295.6,28.7,14.8,420.5,assemble attention plan@24/?-work_queue,Prepare hardware matmul job@24/?-work_queue,459.2,362.8,130.0,136.1,445.0
350,137081553986618,517.9,138.6,355.2,24.1,11.1,473.9,assemble attention plan@24/?-work_queue,Prepare hardware matmul job@24/?-work_queue,516.0,417.1,115.3,131.5,494.8
351,137081558694606,527.5,137.5,362.2,27.8,12.6,482.2,assemble attention plan@24/?-work_queue,Prepare hardware matmul job@24/?-work_queue,525.7,423.3,114.8,118.8,509.8
352,137081563442637,881.0,506.6,278.6,95.8,69.0,468.9,kernel_add_rmsnorm_71@25/0-worker,prepare streams@25/0-worker,879.0,776.6,539.8,552.0,865.3
353,137081568531580,503.3,131.5,345.0,26.7,12.1,463.3,assemble attention plan@24/?-work_queue,Prepare hardware matmul job@24/?-work_queue,500.5,408.0,105.2,110.9,485.2
354,137081573198895,527.7,136.9,364.1,26.7,13.0,487.5,assemble attention plan@24/?-work_queue,Prepare hardware matmul job@24/?-work_queue,524.9,430.4,119.9,123.4,510.0
355,137081577916936,1648.1,654.8,744.6,248.7,89.4,1530.7,assemble attention plan@24/?-work_queue,Prepare hardware matmul job@24/?-work_queue,1646.4,1191.9,515.1,525.3,1631.0
356,137081583783034,451.6,138.0,284.3,29.2,13.5,408.1,assemble attention plan@24/?-work_queue,Prepare hardware matmul job@24/?-work_queue,449.2,352.4,125.7,129.9,431.5
357,137081588421604,470.7,134.5,313.8,22.4,10.8,425.8,assemble attention plan@24/?-work_queue,Prepare hardware matmul job@24/?-work_queue,466.6,368.5,125.7,132.0,451.1
358,137081593119471,1152.7,528.8,409.0,214.9,184.6,514.3,kernel_add_rmsnorm_71@25/0-worker,prepare streams@25/0-worker,1150.0,1049.4,700.8,704.9,1136.0
359,137081598478051,563.7,142.4,392.0,29.3,17.0,520.8,assemble attention plan@24/?-work_queue,Prepare hardware matmul job@24/?-work_queue,562.1,463.3,131.0,135.8,548.1
360,137081603268543,966.5,496.1,375.4,95.0,70.5,478.4,kernel_add_rmsnorm_71@25/0-worker,prepare streams@25/0-worker,965.0,872.3,551.0,558.7,950.6
361,137081608462366,465.9,133.3,307.9,24.7,10.9,424.8,assemble attention plan@24/?-work_queue,Prepare hardware matmul job@24/?-work_queue,464.2,368.5,126.9,135.9,445.9
362,137081613113416,1078.3,147.6,582.7,348.0,327.9,643.2,notify_listener@25/0-worker,work_queue::do_work get_work@24/?-work_queue,1076.8,643.2,125.0,128.4,1059.9
363,137081618389943,952.3,491.8,376.1,84.4,60.5,478.5,kernel_add_rmsnorm_71@25/0-worker,prepare streams@25/0-worker,950.0,847.3,540.6,544.3,935.8
364,137081623560044,1520.5,582.2,782.2,156.1,61.2,504.2,kernel_add_rmsnorm_71@25/0-worker,prepare streams@25/0-worker,1518.5,1289.2,567.7,581.4,1504.0
365,137081629384267,1660.7,682.3,775.8,202.6,61.8,454.0,kernel_add_rmsnorm_71@25/0-worker,prepare streams@25/0-worker,1658.2,1241.8,517.9,531.7,1644.3
366,137081635294061,952.6,533.7,332.6,86.2,61.4,494.7,kernel_add_rmsnorm_71@25/0-worker,prepare streams@25/0-worker,950.4,855.4,558.4,563.8,935.8
367,137081640465750,985.1,518.8,442.4,23.9,11.7,943.0,assemble attention plan@24/?-work_queue,Prepare hardware matmul job@24/?-work_queue,978.2,884.9,569.6,577.3,964.6
368,137081645696261,1416.5,551.7,778.9,85.9,62.0,503.0,kernel_add_rmsnorm_71@25/0-worker,prepare streams@25/0-worker,1414.8,1313.4,581.1,596.5,1393.0
369,137081651343548,966.7,522.9,353.5,90.3,64.6,483.3,kernel_add_rmsnorm_71@25/0-worker,prepare streams@25/0-worker,964.9,865.5,549.7,557.1,951.4
370,137081656488779,531.5,139.9,368.7,22.9,10.6,487.3,assemble attention plan@24/?-work_queue,Prepare hardware matmul job@24/?-work_queue,529.0,422.0,115.1,118.7,507.3
371,137081661229512,444.5,139.9,281.2,23.3,11.0,407.8,assemble attention plan@24/?-work_queue,Prepare hardware matmul job@24/?-work_queue,442.8,349.7,111.0,118.2,428.7
372,137081665880966,485.4,141.4,317.4,26.6,10.8,449.2,assemble attention plan@24/?-work_queue,Prepare hardware matmul job@24/?-work_queue,483.4,385.2,117.2,128.3,470.1
373,137081670580025,1498.9,564.2,784.0,150.7,65.0,482.1,kernel_add_rmsnorm_71@25/0-worker,prepare streams@25/0-worker,1496.6,1283.9,549.1,558.6,1480.7
374,137081676262266,488.6,174.0,289.1,25.6,12.4,444.8,assemble attention plan@24/?-work_queue,Prepare hardware matmul job@24/?-work_queue,487.1,386.6,142.6,150.1,466.9
375,137081680927337,536.7,153.2,358.2,25.3,12.2,482.4,assemble attention plan@24/?-work_queue,Prepare hardware matmul job@24/?-work_queue,533.8,420.0,119.0,123.4,518.8
376,137081685720766,464.5,144.1,288.0,32.4,12.0,425.9,assemble attention plan@24/?-work_queue,Prepare hardware matmul job@24/?-work_queue,461.6,354.7,124.1,128.2,447.4
377,137081690409071,458.9,139.3,296.4,23.2,11.3,421.3,assemble attention plan@24/?-work_queue,Prepare hardware matmul job@24/?-work_queue,456.4,360.8,133.4,140.5,442.6
378,137081695058434,1146.8,545.0,508.4,93.5,63.4,496.0,kernel_add_rmsnorm_71@25/0-worker,prepare streams@25/0-worker,1143.5,1043.0,572.6,585.6,1129.0
379,137081700498146,515.4,134.1,354.1,27.3,12.9,469.8,assemble attention plan@24/?-work_queue,Prepare hardware matmul job@24/?-work_queue,513.8,409.7,109.0,113.0,491.9
380,137081705188873,1074.4,606.0,367.8,100.6,74.3,603.9,kernel_add_rmsnorm_71@25/0-worker,prepare streams@25/0-worker,1071.5,967.2,680.2,701.2,1051.3
381,137081710431810,526.2,142.2,357.5,26.5,13.0,473.3,assemble attention plan@24/?-work_queue,Prepare hardware matmul job@24/?-work_queue,524.8,415.1,115.1,118.7,496.7
382,137081715180072,534.5,141.2,369.2,24.0,11.2,498.4,assemble attention plan@24/?-work_queue,Prepare hardware matmul job@24/?-work_queue,532.1,433.8,128.9,133.5,518.6
383,137081719947096,492.4,153.1,317.6,21.8,10.5,457.8,assemble attention plan@24/?-work_queue,Prepare hardware matmul job@24/?-work_queue,489.9,392.4,139.2,144.3,477.6
384,137081724679284,526.5,128.6,371.5,26.4,12.7,488.2,assemble attention plan@24/?-work_queue,Prepare hardware matmul job@24/?-work_queue,524.9,430.9,114.7,120.4,510.4
385,137081729456207,531.6,135.1,375.3,21.2,9.9,497.2,assemble attention plan@24/?-work_queue,Prepare hardware matmul job@24/?-work_queue,530.2,438.5,128.4,132.2,516.6
386,137081734170810,455.8,144.6,287.1,24.0,10.2,414.9,assemble attention plan@24/?-work_queue,Prepare hardware matmul job@24/?-work_queue,449.3,355.9,130.7,135.5,435.4
387,137081738871089,614.4,205.0,382.3,27.1,10.9,571.5,assemble attention plan@24/?-work_queue,Prepare hardware matmul job@24/?-work_queue,611.8,509.5,194.9,199.2,592.5
388,137081743669512,778.3,394.3,356.0,27.9,12.9,739.7,assemble attention plan@24/?-work_queue,Prepare hardware matmul job@24/?-work_queue,776.8,675.0,372.6,389.8,762.7
389,137081748673631,776.2,405.0,345.8,25.4,9.9,741.3,assemble attention plan@24/?-work_queue,Prepare hardware matmul job@24/?-work_queue,774.7,680.4,374.5,387.5,761.2
390,137081753656432,437.1,133.1,277.8,26.1,10.9,399.4,assemble attention plan@24/?-work_queue,Prepare hardware matmul job@24/?-work_queue,435.0,337.6,117.6,124.5,420.1
391,137081758316077,440.7,132.5,285.1,23.0,11.4,404.1,assemble attention plan@24/?-work_queue,Prepare hardware matmul job@24/?-work_queue,438.7,345.2,119.0,123.5,424.9
392,137081763004177,475.0,138.3,313.1,23.6,11.9,430.0,assemble attention plan@24/?-work_queue,Prepare hardware matmul job@24/?-work_queue,472.0,371.7,130.6,135.9,451.6
393,137081767679634,495.6,143.1,330.5,22.0,10.4,454.1,assemble attention plan@24/?-work_queue,Prepare hardware matmul job@24/?-work_queue,494.1,395.9,128.5,132.7,479.3
394,137081772417428,537.1,130.1,381.4,25.6,13.2,495.6,assemble attention plan@24/?-work_queue,Prepare hardware matmul job@24/?-work_queue,534.6,432.9,107.7,112.7,519.3
395,137081777192358,1033.3,530.8,418.4,84.1,59.5,511.6,kernel_add_rmsnorm_71@25/0-worker,prepare streams@25/0-worker,1031.8,930.2,573.2,578.9,1016.7
396,137081782463719,926.5,487.4,353.0,86.1,62.8,447.3,kernel_add_rmsnorm_71@25/0-worker,prepare streams@25/0-worker,926.2,829.9,511.7,517.1,910.6
397,137081787662841,488.2,140.6,319.4,28.3,16.0,444.7,assemble attention plan@24/?-work_queue,Prepare hardware matmul job@24/?-work_queue,484.8,386.2,137.3,141.3,470.4
398,137081792343301,927.5,539.1,297.3,91.1,65.6,507.8,kernel_add_rmsnorm_71@25/0-worker,prepare streams@25/0-worker,925.4,824.1,575.2,585.1,905.4
399,137081797458875,533.8,146.0,361.9,25.9,13.0,487.5,assemble attention plan@24/?-work_queue,Prepare hardware matmul job@24/?-work_queue,531.2,427.0,123.4,128.0,516.7
400,137081802162192,513.3,123.5,364.6,25.3,12.7,475.1,assemble attention plan@24/?-work_queue,Prepare hardware matmul job@24/?-work_queue,511.1,411.2,103.2,107.4,497.6
401,137081806956978,554.2,144.7,370.4,39.1,21.8,441.3,notify_listener@25/0-worker,work_queue::do_work get_work@24/?-work_queue,551.8,441.3,141.1,146.9,537.7
402,137081811692989,678.7,374.8,276.9,27.0,13.2,640.1,assemble attention plan@24/?-work_queue,Prepare hardware matmul job@24/?-work_queue,676.5,582.3,345.9,350.4,663.0
403,137081816625702,809.7,445.9,337.6,26.2,10.5,773.8,assemble attention plan@24/?-work_queue,Prepare hardware matmul job@24/?-work_queue,808.1,711.7,410.8,418.2,794.6
404,137081821652309,518.0,142.7,347.7,27.5,11.0,481.3,assemble attention plan@24/?-work_queue,Prepare hardware matmul job@24/?-work_queue,515.8,421.1,117.8,121.4,502.1
405,137081826402847,1792.6,782.4,771.0,239.2,85.7,1661.0,assemble attention plan@24/?-work_queue,Prepare hardware matmul job@24/?-work_queue,1791.1,1315.0,611.3,628.5,1758.4
406,137081832416326,510.9,118.6,361.3,31.0,15.6,468.1,assemble attention plan@24/?-work_queue,Prepare hardware matmul job@24/?-work_queue,508.6,408.3,100.0,105.6,494.3
407,137081837130968,1109.7,495.9,522.3,91.5,66.1,479.6,kernel_add_rmsnorm_71@25/0-worker,prepare streams@25/0-worker,1108.2,1010.4,547.3,551.9,1093.4
408,137081842545890,885.7,506.7,353.0,26.0,10.6,848.9,assemble attention plan@24/?-work_queue,Prepare hardware matmul job@24/?-work_queue,883.6,788.3,474.1,482.5,869.4
409,137081847665329,471.9,141.5,307.7,22.7,10.2,437.0,assemble attention plan@24/?-work_queue,Prepare hardware matmul job@24/?-work_queue,470.1,377.8,133.5,139.4,456.5
410,137081852382323,883.4,522.5,279.5,81.4,57.6,477.8,kernel_add_rmsnorm_71@25/0-worker,prepare streams@25/0-worker,880.3,785.4,537.4,544.8,866.1
411,137081857509422,919.7,500.9,357.4,61.4,33.6,54.5,kernel_add_rmsnorm_70@25/0-worker,Prepare hardware matmul job@24/?-work_queue,917.9,820.1,519.1,523.2,898.8
412,137081862659637,454.4,135.2,292.8,26.4,14.6,413.3,assemble attention plan@24/?-work_queue,Prepare hardware matmul job@24/?-work_queue,452.7,354.8,112.3,118.7,438.3
413,137081867361814,1699.6,753.4,790.1,156.1,58.0,520.0,kernel_add_rmsnorm_71@25/0-worker,prepare streams@25/0-worker,1697.9,1319.8,579.4,584.2,1682.6
414,137081873344260,446.1,131.5,285.9,28.7,11.4,407.1,assemble attention plan@24/?-work_queue,Prepare hardware matmul job@24/?-work_queue,443.6,347.9,120.8,125.2,429.6
415,137081877990953,520.0,135.3,358.0,26.7,11.9,481.4,assemble attention plan@24/?-work_queue,Prepare hardware matmul job@24/?-work_queue,518.5,423.2,119.6,126.3,514.7
416,137081882747652,507.9,130.5,353.9,23.4,10.0,470.0,assemble attention plan@24/?-work_queue,Prepare hardware matmul job@24/?-work_queue,505.8,411.6,100.7,107.4,490.1
417,137081887513440,478.6,142.8,312.2,23.5,10.8,436.4,assemble attention plan@24/?-work_queue,Prepare hardware matmul job@24/?-work_queue,477.1,377.6,134.6,141.2,456.9
418,137081892228276,477.5,136.6,312.3,28.6,16.4,433.6,assemble attention plan@24/?-work_queue,Prepare hardware matmul job@24/?-work_queue,475.2,375.9,126.3,131.0,460.9
419,137081896964903,524.4,133.4,356.7,34.3,13.5,483.7,assemble attention plan@24/?-work_queue,Prepare hardware matmul job@24/?-work_queue,521.6,415.1,105.8,110.7,507.2
420,137081901755885,555.0,154.1,375.1,25.8,12.4,516.0,assemble attention plan@24/?-work_queue,Prepare hardware matmul job@24/?-work_queue,552.7,455.7,140.9,146.6,538.0
421,137081906587559,519.2,122.6,365.9,30.7,13.3,418.0,notify_listener@25/0-worker,work_queue::do_work get_work@24/?-work_queue,517.5,418.0,109.3,112.9,503.5
422,137081911372957,460.7,151.5,286.6,22.5,10.3,424.2,assemble attention plan@24/?-work_queue,Prepare hardware matmul job@24/?-work_queue,458.4,364.5,138.1,142.3,444.7
423,137081916087352,1847.2,760.3,828.9,258.0,92.1,1724.0,assemble attention plan@24/?-work_queue,Prepare hardware matmul job@24/?-work_queue,1844.9,1387.5,651.6,656.1,1825.5
424,137081922220621,1738.0,716.9,784.2,237.0,89.8,1616.1,assemble attention plan@24/?-work_queue,Prepare hardware matmul job@24/?-work_queue,1736.0,1291.0,538.8,545.3,1721.1
425,137081928245860,518.2,128.4,366.6,23.2,10.6,481.7,assemble attention plan@24/?-work_queue,Prepare hardware matmul job@24/?-work_queue,516.7,413.1,113.4,117.7,502.1
426,137081932983431,1192.8,557.5,539.7,95.6,64.3,504.1,kernel_add_rmsnorm_71@25/0-worker,prepare streams@25/0-worker,1191.2,1098.6,570.6,599.4,1177.6
427,137081938425341,525.7,124.3,378.2,23.1,11.3,489.1,assemble attention plan@24/?-work_queue,Prepare hardware matmul job@24/?-work_queue,524.2,429.8,123.4,127.5,510.7
428,137081943182558,1080.7,524.6,475.0,81.2,51.5,610.1,rx collecting results@148/0-RX-13,prepare streams@25/0-worker,1078.1,982.9,663.3,671.8,1063.2
429,137081948518641,469.3,136.3,303.8,29.2,16.0,422.9,assemble attention plan@24/?-work_queue,Prepare hardware matmul job@24/?-work_queue,467.8,365.0,121.5,125.8,448.5
430,137081953217003,1046.8,521.9,427.5,97.5,72.2,470.5,kernel_add_rmsnorm_71@25/0-worker,prepare streams@25/0-worker,1044.0,940.1,544.6,548.5,1028.9
431,137081958528795,528.4,138.8,365.5,24.0,12.3,488.1,assemble attention plan@24/?-work_queue,Prepare hardware matmul job@24/?-work_queue,525.5,417.4,114.5,141.4,509.9
432,137081963255714,1034.2,532.6,409.4,92.2,66.3,472.0,kernel_add_rmsnorm_71@25/0-worker,prepare streams@25/0-worker,1032.6,935.5,540.3,594.4,1016.5
433,137081968635001,997.4,298.4,515.0,184.0,89.3,883.2,assemble attention plan@24/?-work_queue,Prepare hardware matmul job@24/?-work_queue,995.5,571.6,123.5,129.6,982.4
434,137081973835556,516.2,127.4,363.7,25.1,12.4,477.3,assemble attention plan@24/?-work_queue,Prepare hardware matmul job@24/?-work_queue,514.0,417.4,113.7,117.9,499.5
435,137081978672135,492.1,157.1,309.1,25.9,12.8,435.8,assemble attention plan@24/?-work_queue,Prepare hardware matmul job@24/?-work_queue,490.7,377.8,129.6,135.6,458.1
436,137081983374237,784.5,127.6,632.2,24.7,11.3,742.1,assemble attention plan@24/?-work_queue,Prepare hardware matmul job@24/?-work_queue,782.7,681.4,117.7,125.7,768.9
437,137081988449324,530.0,133.1,374.9,22.0,10.3,494.1,assemble attention plan@24/?-work_queue,Prepare hardware matmul job@24/?-work_queue,527.9,428.1,120.3,125.7,513.7
438,137081993202686,1019.1,538.8,382.7,97.6,68.8,499.8,kernel_add_rmsnorm_71@25/0-worker,prepare streams@25/0-worker,1017.6,922.5,571.8,591.1,1002.8
439,137081998557435,499.1,146.5,330.0,22.7,10.6,462.1,assemble attention plan@24/?-work_queue,Prepare hardware matmul job@24/?-work_queue,496.3,392.0,127.5,132.0,482.5
440,137082003274137,1060.7,608.8,359.7,92.2,68.1,571.4,kernel_add_rmsnorm_71@25/0-worker,prepare streams@25/0-worker,1058.4,954.9,642.0,648.6,1039.5
441,137082008536137,1596.5,687.4,761.8,147.3,87.4,1209.1,notify_listener@25/0-worker,work_queue::do_work get_work@24/?-work_queue,1594.0,1209.1,474.4,483.0,1564.7
442,137082014311553,947.6,532.0,328.5,87.1,59.1,489.9,kernel_add_rmsnorm_71@25/0-worker,prepare streams@25/0-worker,946.0,841.4,550.9,563.5,932.3
443,137082019507409,524.5,131.5,357.6,35.5,11.8,479.1,assemble attention plan@24/?-work_queue,Prepare hardware matmul job@24/?-work_queue,521.5,406.3,104.3,108.3,507.4
444,137082024226144,530.1,135.9,369.3,24.9,11.5,492.0,assemble attention plan@24/?-work_queue,Prepare hardware matmul job@24/?-work_queue,527.7,431.8,132.0,144.7,513.5
445,137082028958788,460.2,160.1,268.3,31.8,14.6,419.6,assemble attention plan@24/?-work_queue,Prepare hardware matmul job@24/?-work_queue,458.2,352.8,128.1,131.8,443.8
446,137082033668802,540.4,142.7,373.1,24.6,10.9,503.8,assemble attention plan@24/?-work_queue,Prepare hardware matmul job@24/?-work_queue,538.7,441.7,128.5,132.9,524.5
447,137082038474242,461.4,140.8,294.1,26.4,11.7,416.7,assemble attention plan@24/?-work_queue,Prepare hardware matmul job@24/?-work_queue,459.4,355.7,112.3,117.0,439.0
448,137082043119100,1090.1,555.3,447.0,87.8,62.8,509.3,kernel_add_rmsnorm_71@25/0-worker,prepare streams@25/0-worker,1088.0,984.8,573.7,581.7,1073.0
449,137082048449030,441.7,132.5,284.5,24.6,12.0,404.4,assemble attention plan@24/?-work_queue,Prepare hardware matmul job@24/?-work_queue,440.0,340.0,108.7,113.5,425.9
450,137082053097360,1103.1,584.7,433.2,85.2,59.9,510.3,rx collecting results@149/0-RX-38,prepare streams@25/0-worker,1100.5,1005.1,585.1,633.7,1086.2
451,137082058477252,506.0,125.2,355.1,25.7,12.3,468.0,assemble attention plan@24/?-work_queue,Prepare hardware matmul job@24/?-work_queue,504.5,406.4,106.7,115.6,490.0
452,137082063209428,527.6,132.8,371.5,23.3,11.4,491.7,assemble attention plan@24/?-work_queue,Prepare hardware matmul job@24/?-work_queue,525.4,432.4,114.3,118.8,512.7
453,137082067925306,523.9,156.6,327.2,40.0,14.9,83.6,rx collecting results@149/0-RX-38,Prepare hardware matmul job@24/?-work_queue,521.8,424.6,173.8,178.9,505.6
454,137082072665657,817.3,412.0,380.1,25.2,11.2,764.9,assemble attention plan@24/?-work_queue,Prepare hardware matmul job@24/?-work_queue,815.8,702.2,376.9,381.9,796.6
455,137082077785143,542.5,141.8,374.7,25.9,13.4,503.9,assemble attention plan@24/?-work_queue,Prepare hardware matmul job@24/?-work_queue,540.4,429.4,120.5,124.6,527.2
456,137082082551894,903.5,502.0,373.3,28.3,10.6,867.2,assemble attention plan@24/?-work_queue,Prepare hardware matmul job@24/?-work_queue,901.9,794.3,488.5,492.8,887.7
457,137082087705195,456.1,131.1,300.7,24.2,10.2,420.5,assemble attention plan@24/?-work_queue,Prepare hardware matmul job@24/?-work_queue,454.2,360.3,130.4,143.7,441.0
458,137082092548299,630.7,170.6,359.1,101.0,87.0,518.3,assemble attention plan@24/?-work_queue,Prepare hardware matmul job@24/?-work_queue,628.7,415.3,115.1,119.5,615.6
459,137082097372743,492.8,121.7,343.8,27.3,11.9,454.7,assemble attention plan@24/?-work_queue,Prepare hardware matmul job@24/?-work_queue,490.6,394.4,100.9,106.4,476.3
460,137082102067381,1140.3,573.6,472.1,94.6,64.3,522.5,kernel_add_rmsnorm_71@25/0-worker,prepare streams@25/0-worker,1138.7,1032.7,601.5,608.0,1120.2
461,137082107426223,455.5,127.2,301.8,26.5,13.1,410.7,assemble attention plan@24/?-work_queue,Prepare hardware matmul job@24/?-work_queue,454.0,349.8,107.3,116.4,437.9
462,137082112111195,2565.3,769.2,651.9,1144.2,936.6,1178.3,notify_listener@25/0-worker,work_queue::do_work get_work@24/?-work_queue,2563.5,1178.3,619.9,623.6,2549.3
463,137082119009077,1166.6,509.5,562.2,94.9,64.7,470.9,rx collecting results@149/0-RX-38,prepare streams@25/0-worker,1165.1,1060.6,537.1,543.2,1150.2
464,137082124412790,494.1,154.3,311.4,28.4,10.9,392.2,notify_listener@25/0-worker,work_queue::do_work get_work@24/?-work_queue,492.3,392.2,139.9,144.3,478.6
465,137082129197766,445.6,129.8,289.9,25.8,12.4,407.8,assemble attention plan@24/?-work_queue,Prepare hardware matmul job@24/?-work_queue,443.4,345.0,112.8,118.7,429.8
466,137082133884463,1186.9,273.2,786.3,127.5,85.6,838.4,notify_listener@25/0-worker,work_queue::do_work get_work@24/?-work_queue,1185.3,838.4,125.2,141.9,1168.5
467,137082139337430,937.2,539.3,314.5,83.4,59.2,500.4,kernel_add_rmsnorm_71@25/0-worker,prepare streams@25/0-worker,935.5,829.2,561.3,566.4,913.3
468,137082144553250,523.9,133.3,351.0,39.7,10.6,482.2,assemble attention plan@24/?-work_queue,Prepare hardware matmul job@24/?-work_queue,522.0,405.5,102.4,106.4,508.4
469,137082149315508,1070.8,562.1,399.6,109.1,85.0,558.1,kernel_add_rmsnorm_71@25/0-worker,prepare streams@25/0-worker,1069.3,954.3,644.8,656.1,1053.5
470,137082154616572,457.2,133.9,297.9,25.4,11.4,419.4,assemble attention plan@24/?-work_queue,Prepare hardware matmul job@24/?-work_queue,454.8,356.5,108.7,122.9,440.7
471,137082159245404,992.1,504.6,399.2,88.3,64.8,520.6,kernel_add_rmsnorm_71@25/0-worker,prepare streams@25/0-worker,990.2,894.6,587.0,606.6,976.6
472,137082164474858,879.2,551.3,289.3,38.6,13.0,840.3,assemble attention plan@24/?-work_queue,Prepare hardware matmul job@24/?-work_queue,876.9,775.4,540.3,544.6,863.6
473,137082169589382,864.9,480.1,352.4,32.4,11.1,826.3,assemble attention plan@24/?-work_queue,Prepare hardware matmul job@24/?-work_queue,862.9,766.0,457.4,464.2,853.4
474,137082174826652,499.1,133.9,339.7,25.6,10.5,457.6,assemble attention plan@24/?-work_queue,Prepare hardware matmul job@24/?-work_queue,497.4,392.2,122.5,127.2,484.1
475,137082179604528,843.4,468.3,348.1,26.9,12.2,803.7,assemble attention plan@24/?-work_queue,Prepare hardware matmul job@24/?-work_queue,841.4,730.4,418.3,422.4,826.2
476,137082184707836,696.3,379.2,287.1,30.0,11.7,657.8,assemble attention plan@24/?-work_queue,Prepare hardware matmul job@24/?-work_queue,693.2,584.9,334.6,338.9,681.9
477,137082189804595,527.0,137.6,363.2,26.1,13.7,488.8,assemble attention plan@24/?-work_queue,Prepare hardware matmul job@24/?-work_queue,525.2,428.5,124.6,133.4,511.9
478,137082194601142,780.0,466.9,285.7,27.4,11.5,743.1,assemble attention plan@24/?-work_queue,Prepare hardware matmul job@24/?-work_queue,778.3,677.5,437.8,441.8,764.4
479,137082199651160,1340.0,342.6,811.5,185.8,101.0,1208.3,assemble attention plan@24/?-work_queue,Prepare hardware matmul job@24/?-work_queue,1338.0,866.3,117.6,121.6,1318.6
480,137082205242734,528.1,143.8,356.5,27.8,11.0,485.3,assemble attention plan@24/?-work_queue,Prepare hardware matmul job@24/?-work_queue,525.6,422.0,122.8,126.6,511.8
481,137082210047296,515.1,130.4,359.5,25.2,12.3,470.2,assemble attention plan@24/?-work_queue,Prepare hardware matmul job@24/?-work_queue,512.8,408.4,105.4,111.2,493.5
482,137082214857808,661.6,241.4,334.5,85.7,69.2,565.9,assemble attention plan@24/?-work_queue,Prepare hardware matmul job@24/?-work_queue,659.2,499.6,196.5,202.8,645.0
483,137082219761695,1349.5,545.5,712.0,92.0,68.0,505.8,kernel_add_rmsnorm_71@25/0-worker,prepare streams@25/0-worker,1347.0,1248.1,575.3,582.1,1333.5
484,137082225396237,896.1,510.6,290.7,94.7,64.8,493.5,kernel_add_rmsnorm_71@25/0-worker,prepare streams@25/0-worker,893.7,795.4,559.8,564.7,879.5
485,137082230523388,1815.2,749.1,817.5,248.6,95.1,1693.8,assemble attention plan@24/?-work_queue,Prepare hardware matmul job@24/?-work_queue,1813.1,1369.9,605.3,639.8,1798.1
486,137082236608664,1477.2,566.5,752.6,158.0,61.2,466.7,kernel_add_rmsnorm_71@25/0-worker,prepare streams@25/0-worker,1474.7,1245.0,529.5,536.3,1455.3
487,137082242298350,495.8,143.9,328.0,24.0,11.9,456.9,assemble attention plan@24/?-work_queue,Prepare hardware matmul job@24/?-work_queue,493.6,386.3,136.9,149.8,479.5
488,137082247012360,1201.7,501.8,600.7,99.2,76.0,466.7,kernel_add_rmsnorm_71@25/0-worker,prepare streams@25/0-worker,1199.8,1105.3,544.7,621.0,1185.4
489,137082252467820,1600.0,635.3,780.5,184.3,71.5,460.7,kernel_add_rmsnorm_71@25/0-worker,prepare streams@25/0-worker,1598.5,1274.2,535.6,539.9,1583.6
490,137082258298461,1724.0,722.2,766.1,235.7,90.5,1602.8,assemble attention plan@24/?-work_queue,Prepare hardware matmul job@24/?-work_queue,1722.1,1258.5,530.8,548.0,1707.9
491,137082264280320,972.2,548.1,339.2,84.9,61.6,514.1,kernel_add_rmsnorm_71@25/0-worker,prepare streams@25/0-worker,969.7,867.5,577.7,589.8,949.9
492,137082269465250,1720.3,719.4,774.6,226.3,98.6,1580.3,assemble attention plan@24/?-work_queue,Prepare hardware matmul job@24/?-work_queue,1718.8,1264.4,548.1,566.5,1697.1
493,137082275584277,868.5,488.4,352.4,27.6,15.8,825.8,assemble attention plan@24/?-work_queue,Prepare hardware matmul job@24/?-work_queue,865.5,758.6,457.2,461.9,851.9
494,137082280692062,452.2,130.6,297.9,23.7,10.9,416.0,assemble attention plan@24/?-work_queue,Prepare hardware matmul job@24/?-work_queue,450.1,354.5,118.0,131.7,436.7
495,137082285410095,1651.5,696.1,790.1,165.3,67.9,482.4,kernel_add_rmsnorm_71@25/0-worker,prepare streams@25/0-worker,1649.7,1301.9,552.0,560.9,1635.6
496,137082291399228,955.9,536.6,335.1,84.2,60.2,510.9,kernel_add_rmsnorm_71@25/0-worker,prepare streams@25/0-worker,953.6,855.8,584.1,595.3,938.7
497,137082296652722,446.7,130.7,291.6,24.4,11.7,409.4,assemble attention plan@24/?-work_queue,Prepare hardware matmul job@24/?-work_queue,444.9,349.3,109.6,113.3,430.9
498,137082301287418,469.3,150.0,294.8,24.5,10.5,427.4,assemble attention plan@24/?-work_queue,Prepare hardware matmul job@24/?-work_queue,467.7,365.7,118.2,123.0,447.5
499,137082306016609,1179.1,535.9,556.9,86.3,61.6,494.2,kernel_add_rmsnorm_71@25/0-worker,prepare streams@25/0-worker,1176.6,1074.6,557.4,561.6,1162.0
500,137082311478821,541.3,147.1,370.4,23.9,11.9,498.4,assemble attention plan@24/?-work_queue,Prepare hardware matmul job@24/?-work_queue,539.7,431.9,116.0,120.8,519.9
501,137082316291476,962.7,546.9,308.4,107.4,82.9,488.1,kernel_add_rmsnorm_71@25/0-worker,prepare streams@25/0-worker,960.8,862.9,573.3,579.7,946.4
502,137082321515330,915.1,555.6,335.8,23.7,11.5,877.2,assemble attention plan@24/?-work_queue,Prepare hardware matmul job@24/?-work_queue,913.4,816.6,515.9,524.8,898.7
503,137082326750576,693.4,322.9,339.5,31.0,11.4,657.5,assemble attention plan@24/?-work_queue,Prepare hardware matmul job@24/?-work_queue,692.0,592.6,291.0,296.9,678.2
504,137082331708634,747.6,360.0,354.6,33.0,10.7,709.1,assemble attention plan@24/?-work_queue,Prepare hardware matmul job@24/?-work_queue,745.7,647.4,330.9,334.7,729.2
505,137082336727698,1349.1,472.9,780.0,96.2,49.3,1047.9,notify_listener@25/0-worker,work_queue::do_work get_work@24/?-work_queue,1347.4,1047.9,318.5,322.2,1333.4
506,137082342393215,467.7,145.5,298.3,23.8,12.0,429.5,assemble attention plan@24/?-work_queue,Prepare hardware matmul job@24/?-work_queue,465.0,361.1,129.7,133.5,451.7
507,137082347152272,454.5,135.7,292.4,26.4,9.9,418.4,assemble attention plan@24/?-work_queue,Prepare hardware matmul job@24/?-work_queue,452.1,357.2,108.8,123.3,438.3
508,137082351884988,1222.9,403.8,728.9,90.1,67.3,363.6,rx collecting results@150/0-RX-3b,prepare streams@25/0-worker,1220.3,1125.1,432.8,440.2,1206.4
509,137082357380971,991.8,676.9,286.3,28.6,16.3,950.7,assemble attention plan@24/?-work_queue,Prepare hardware matmul job@24/?-work_queue,990.3,888.7,647.0,651.4,976.5
510,137082362615269,535.8,146.8,361.8,27.3,12.5,478.4,assemble attention plan@24/?-work_queue,Prepare hardware matmul job@24/?-work_queue,533.5,417.3,108.2,114.3,500.7
511,137082367401707,532.7,140.5,367.2,25.0,10.2,489.6,assemble attention plan@24/?-work_queue,Prepare hardware matmul job@24/?-work_queue,530.9,427.3,124.2,127.8,517.2
512,137082372247775,541.2,145.3,371.3,24.6,11.8,503.6,assemble attention plan@24/?-work_queue,Prepare hardware matmul job@24/?-work_queue,539.4,431.4,125.5,131.6,525.5
513,137082377232990,459.7,146.6,287.3,25.8,13.0,420.8,assemble attention plan@24/?-work_queue,Prepare hardware matmul job@24/?-work_queue,457.9,358.0,126.7,132.4,442.8
514,137082381924125,1152.0,219.0,770.9,162.1,65.4,150.8,kernel_add_rmsnorm_71@25/0-worker,prepare streams@25/0-worker,1150.1,917.2,218.3,225.4,1136.2
515,137082387370468,526.0,143.4,358.3,24.3,10.2,484.6,assemble attention plan@24/?-work_queue,Prepare hardware matmul job@24/?-work_queue,524.2,423.7,116.9,121.8,505.4
516,137082392150122,1696.9,708.1,752.4,236.5,90.8,1573.8,assemble attention plan@24/?-work_queue,Prepare hardware matmul job@24/?-work_queue,1695.4,1248.6,528.3,532.9,1675.6
517,137082398192207,519.1,132.0,358.9,28.2,15.6,477.2,assemble attention plan@24/?-work_queue,Prepare hardware matmul job@24/?-work_queue,516.9,414.5,113.6,117.6,502.2
518,137082403026357,508.3,129.4,355.8,23.1,10.5,473.0,assemble attention plan@24/?-work_queue,Prepare hardware matmul job@24/?-work_queue,506.2,407.6,105.2,110.4,493.1
519,137082407834769,1269.8,414.9,759.0,95.9,64.7,373.1,kernel_add_rmsnorm_71@25/0-worker,prepare streams@25/0-worker,1267.7,1172.5,453.8,471.2,1253.3
520,137082413420499,460.2,139.8,297.3,23.0,10.6,423.2,assemble attention plan@24/?-work_queue,Prepare hardware matmul job@24/?-work_queue,457.6,363.9,124.4,128.9,443.5
521,137082418158464,537.4,144.3,366.7,26.4,12.5,499.0,assemble attention plan@24/?-work_queue,Prepare hardware matmul job@24/?-work_queue,534.8,436.1,129.4,133.7,521.3
522,137082422982712,548.9,140.9,382.0,26.1,10.9,496.6,assemble attention plan@24/?-work_queue,Prepare hardware matmul job@24/?-work_queue,546.7,436.2,117.8,121.3,518.9
523,137082427798928,1312.4,472.2,744.2,96.0,63.2,445.5,kernel_add_rmsnorm_71@25/0-worker,prepare streams@25/0-worker,1310.5,1209.2,510.4,532.7,1296.7
524,137082433399265,437.8,138.1,272.6,27.1,11.2,400.1,assemble attention plan@24/?-work_queue,Prepare hardware matmul job@24/?-work_queue,435.1,333.6,112.5,116.6,421.4
525,137082438069485,971.4,533.1,347.5,90.8,57.9,501.9,kernel_add_rmsnorm_71@25/0-worker,prepare streams@25/0-worker,969.0,863.8,561.4,566.3,956.0
526,137082443317175,1739.1,758.1,811.2,169.8,66.0,507.7,kernel_add_rmsnorm_71@25/0-worker,prepare streams@25/0-worker,1737.4,1344.0,575.6,580.3,1723.1
527,137082449333877,1046.0,571.4,382.4,92.1,59.5,543.9,kernel_add_rmsnorm_71@25/0-worker,prepare streams@25/0-worker,1043.7,924.5,605.6,615.9,1012.3
528,137082454667724,452.3,145.2,283.1,24.0,10.7,404.0,assemble attention plan@24/?-work_queue,Prepare hardware matmul job@24/?-work_queue,450.6,340.6,115.1,119.8,424.2
529,137082459420019,951.0,510.4,344.0,96.6,69.8,465.5,kernel_add_rmsnorm_71@25/0-worker,prepare streams@25/0-worker,949.3,845.9,537.1,541.8,936.0
530,137082464697144,470.0,134.6,306.7,28.8,11.1,433.8,assemble attention plan@24/?-work_queue,Prepare hardware matmul job@24/?-work_queue,467.9,364.3,114.4,131.8,454.4
531,137082469408877,523.8,147.4,350.5,26.0,11.5,485.6,assemble attention plan@24/?-work_queue,Prepare hardware matmul job@24/?-work_queue,522.2,421.3,122.8,126.7,506.6
532,137082474229373,513.5,135.3,351.1,27.1,11.5,475.0,assemble attention plan@24/?-work_queue,Prepare hardware matmul job@24/?-work_queue,510.7,413.0,107.2,111.9,496.4
533,137082478993509,520.3,133.6,364.8,21.9,10.1,477.8,assemble attention plan@24/?-work_queue,Prepare hardware matmul job@24/?-work_queue,517.9,416.8,110.5,115.0,497.3
534,137082483747891,474.7,135.4,306.8,32.5,12.0,430.7,assemble attention plan@24/?-work_queue,Prepare hardware matmul job@24/?-work_queue,472.8,369.6,121.1,125.8,456.6
535,137082488453807,911.1,541.2,287.5,82.3,52.3,506.6,kernel_add_rmsnorm_71@25/0-worker,prepare streams@25/0-worker,909.4,802.2,560.8,565.5,894.9
536,137082493679590,472.8,141.2,307.1,24.6,10.7,435.5,assemble attention plan@24/?-work_queue,Prepare hardware matmul job@24/?-work_queue,470.1,372.9,140.1,146.5,456.1
537,137082498392095,453.9,139.8,291.3,22.7,9.7,419.3,assemble attention plan@24/?-work_queue,Prepare hardware matmul job@24/?-work_queue,452.2,356.3,124.7,133.5,438.5
538,137082503107734,1095.4,540.9,468.4,86.1,59.7,499.2,kernel_add_rmsnorm_71@25/0-worker,prepare streams@25/0-worker,1092.8,996.2,560.7,567.2,1078.4
539,137082508444583,440.6,131.3,282.5,26.8,12.4,396.5,assemble attention plan@24/?-work_queue,Prepare hardware matmul job@24/?-work_queue,438.0,335.8,113.4,119.7,419.1
540,137082513142204,1069.3,542.2,443.5,83.6,61.1,505.9,kernel_add_rmsnorm_71@25/0-worker,prepare streams@25/0-worker,1067.2,964.9,568.7,573.1,1051.8
541,137082518495032,874.0,556.9,264.6,52.4,24.7,496.4,kernel_add_rmsnorm_71@25/0-worker,prepare streams@25/0-worker,871.4,765.6,522.8,527.8,858.1
542,137082523633736,460.3,130.5,305.1,24.7,11.0,423.5,assemble attention plan@24/?-work_queue,Prepare hardware matmul job@24/?-work_queue,460.3,356.2,111.4,116.9,444.8
543,137082528400260,471.5,151.7,294.6,25.2,12.7,432.1,assemble attention plan@24/?-work_queue,Prepare hardware matmul job@24/?-work_queue,468.5,368.5,138.8,143.4,455.1
544,137082533127450,1114.0,593.9,442.2,77.9,54.1,617.5,kernel_add_rmsnorm_71@25/0-worker,prepare streams@25/0-worker,1112.3,1009.0,673.2,677.1,1092.2
545,137082538580676,525.0,128.9,370.1,26.0,10.7,483.1,assemble attention plan@24/?-work_queue,Prepare hardware matmul job@24/?-work_queue,523.5,419.2,110.9,115.8,504.4
546,137082543372974,904.7,538.3,282.4,84.0,59.6,488.6,kernel_add_rmsnorm_71@25/0-worker,prepare streams@25/0-worker,903.0,800.4,550.0,558.4,888.6
547,137082548599083,830.0,479.7,325.9,24.3,11.1,793.4,assemble attention plan@24/?-work_queue,Prepare hardware matmul job@24/?-work_queue,828.2,729.3,429.7,440.8,813.9
548,137082553666487,781.4,406.0,351.7,23.7,10.9,744.4,assemble attention plan@24/?-work_queue,Prepare hardware matmul job@24/?-work_queue,779.4,681.4,380.1,385.3,765.3
549,137082558729855,465.5,137.5,299.4,28.7,13.0,424.5,assemble attention plan@24/?-work_queue,Prepare hardware matmul job@24/?-work_queue,462.0,362.5,124.3,128.5,447.9
550,137082563453168,1783.6,692.4,809.8,281.4,99.5,1653.3,assemble attention plan@24/?-work_queue,Prepare hardware matmul job@24/?-work_queue,1781.0,1324.4,554.8,562.0,1763.1
551,137082569549557,809.2,500.6,284.8,23.9,11.7,765.8,assemble attention plan@24/?-work_queue,Prepare hardware matmul job@24/?-work_queue,805.8,705.2,476.2,480.0,792.4
552,137082574596853,545.5,130.5,383.2,31.8,10.7,509.6,assemble attention plan@24/?-work_queue,Prepare hardware matmul job@24/?-work_queue,543.5,436.1,120.6,126.3,530.4
553,137082579448741,1614.3,720.4,728.8,165.1,68.9,493.0,rx collecting results@149/0-RX-38,prepare streams@25/0-worker,1612.1,1259.5,563.8,586.2,1597.7
554,137082585407473,972.7,520.9,363.5,88.3,60.5,487.1,kernel_add_rmsnorm_71@25/0-worker,prepare streams@25/0-worker,969.2,868.6,549.3,563.4,955.6
555,137082590818955,577.5,241.5,310.1,25.8,13.0,539.1,assemble attention plan@24/?-work_queue,Prepare hardware matmul job@24/?-work_queue,575.3,478.4,224.7,229.3,562.3
556,137082595667338,491.9,156.6,306.3,29.0,11.2,449.1,assemble attention plan@24/?-work_queue,Prepare hardware matmul job@24/?-work_queue,490.5,382.1,138.0,142.9,469.8
557,137082600417476,1657.5,697.4,797.2,162.8,58.3,535.5,kernel_add_rmsnorm_71@25/0-worker,prepare streams@25/0-worker,1655.7,1343.3,595.3,599.7,1640.7
558,137082606401560,882.7,518.6,264.6,99.4,66.4,473.7,kernel_add_rmsnorm_71@25/0-worker,prepare streams@25/0-worker,880.6,773.9,542.2,546.1,866.4
559,137082611588468,785.2,479.4,282.6,23.2,10.9,748.9,assemble attention plan@24/?-work_queue,Prepare hardware matmul job@24/?-work_queue,782.8,688.4,457.0,461.3,769.4
560,137082616771759,711.5,338.6,337.1,35.8,14.1,670.4,assemble attention plan@24/?-work_queue,Prepare hardware matmul job@24/?-work_queue,709.9,605.0,300.9,308.7,694.7
561,137082621746437,704.3,331.1,350.1,23.1,11.3,654.4,assemble attention plan@24/?-work_queue,Prepare hardware matmul job@24/?-work_queue,701.2,592.3,297.6,302.8,675.4
562,137082626817322,1354.2,267.4,466.1,620.8,603.3,652.8,notify_listener@25/0-worker,work_queue::do_work get_work@24/?-work_queue,1352.6,652.8,230.3,234.2,1336.4
563,137082632412330,529.1,146.7,358.5,24.0,10.4,492.6,assemble attention plan@24/?-work_queue,Prepare hardware matmul job@24/?-work_queue,526.9,423.8,124.0,129.4,513.4
564,137082637279156,471.5,142.8,306.2,22.5,9.6,434.6,assemble attention plan@24/?-work_queue,Prepare hardware matmul job@24/?-work_queue,468.2,373.8,127.3,141.4,453.7
565,137082642041274,1722.5,715.9,747.8,258.9,102.0,1594.5,assemble attention plan@24/?-work_queue,Prepare hardware matmul job@24/?-work_queue,1719.9,1246.8,531.9,535.1,1706.5
566,137082648101577,1732.3,698.0,795.0,239.4,97.7,1608.1,assemble attention plan@24/?-work_queue,Prepare hardware matmul job@24/?-work_queue,1730.8,1307.5,574.3,577.8,1715.3
567,137082654115983,1131.3,546.5,495.6,89.2,64.1,482.4,kernel_add_rmsnorm_71@25/0-worker,prepare streams@25/0-worker,1129.5,1025.4,561.2,593.8,1110.6
568,137082659574399,532.5,141.1,361.9,29.5,12.2,490.1,assemble attention plan@24/?-work_queue,Prepare hardware matmul job@24/?-work_queue,530.9,420.9,108.0,112.5,516.9
569,137082664390046,908.4,530.0,290.3,88.2,59.9,489.5,kernel_add_rmsnorm_71@25/0-worker,prepare streams@25/0-worker,905.6,801.7,551.9,556.2,892.0
570,137082669624030,816.3,452.0,337.8,26.5,12.3,776.5,assemble attention plan@24/?-work_queue,Prepare hardware matmul job@24/?-work_queue,812.6,713.4,412.9,420.2,798.6
571,137082674734281,442.5,129.8,289.7,22.9,10.3,406.8,assemble attention plan@24/?-work_queue,Prepare hardware matmul job@24/?-work_queue,439.5,344.6,109.7,116.9,427.1
572,137082679496780,447.2,133.1,290.1,23.9,11.4,410.2,assemble attention plan@24/?-work_queue,Prepare hardware matmul job@24/?-work_queue,445.1,349.2,107.4,112.5,431.2
573,137082684229493,465.8,153.6,279.8,32.4,15.6,407.2,assemble attention plan@24/?-work_queue,Prepare hardware matmul job@24/?-work_queue,463.3,344.0,121.1,126.2,433.2
574,137082688957402,543.6,158.4,362.2,23.0,9.9,501.9,assemble attention plan@24/?-work_queue,Prepare hardware matmul job@24/?-work_queue,541.8,438.8,132.6,137.5,526.7
575,137082693761021,487.8,147.6,309.7,30.5,13.2,448.5,assemble attention plan@24/?-work_queue,Prepare hardware matmul job@24/?-work_queue,484.5,368.8,122.7,126.6,471.4
576,137082698508232,907.8,530.2,344.6,33.0,11.7,870.5,assemble attention plan@24/?-work_queue,Prepare hardware matmul job@24/?-work_queue,905.4,808.6,507.2,512.5,891.9
577,137082703759960,699.2,312.4,357.6,29.2,11.1,663.1,assemble attention plan@24/?-work_queue,Prepare hardware matmul job@24/?-work_queue,697.6,597.0,284.5,289.8,683.9
578,137082708739399,704.6,321.1,360.2,23.3,10.6,666.5,assemble attention plan@24/?-work_queue,Prepare hardware matmul job@24/?-work_queue,702.7,605.5,305.0,310.4,688.1
579,137082713767673,691.4,286.3,377.8,27.4,10.9,647.4,assemble attention plan@24/?-work_queue,Prepare hardware matmul job@24/?-work_queue,689.1,581.5,277.9,285.5,668.6
580,137082718709496,457.5,133.6,298.0,26.0,12.2,419.1,assemble attention plan@24/?-work_queue,Prepare hardware matmul job@24/?-work_queue,455.6,351.8,110.7,115.1,441.1
581,137082723501326,937.5,522.9,387.9,26.7,10.6,902.2,assemble attention plan@24/?-work_queue,Prepare hardware matmul job@24/?-work_queue,935.9,836.4,517.1,533.9,923.2
582,137082728705752,534.2,151.1,358.3,24.8,11.5,495.7,assemble attention plan@24/?-work_queue,Prepare hardware matmul job@24/?-work_queue,532.0,433.0,116.3,122.4,517.7
583,137082733570750,884.2,500.2,351.3,32.7,12.4,846.2,assemble attention plan@24/?-work_queue,Prepare hardware matmul job@24/?-work_queue,882.0,779.3,471.4,479.5,868.7
584,137082738778980,466.1,145.7,294.2,26.2,11.5,423.2,assemble attention plan@24/?-work_queue,Prepare hardware matmul job@24/?-work_queue,464.4,360.5,119.5,123.4,444.5
585,137082743569334,874.5,492.2,349.9,32.4,16.7,830.1,assemble attention plan@24/?-work_queue,Prepare hardware matmul job@24/?-work_queue,871.7,763.2,467.2,472.3,856.7
586,137082748724702,724.2,354.5,339.8,30.0,10.7,687.3,assemble attention plan@24/?-work_queue,Prepare hardware matmul job@24/?-work_queue,721.8,619.6,317.7,322.2,707.5
587,137082753830641,565.8,250.9,286.8,28.1,11.7,527.8,assemble attention plan@24/?-work_queue,Prepare hardware matmul job@24/?-work_queue,563.9,461.8,215.8,226.0,549.2
588,137082758731497,725.4,401.3,298.7,25.5,10.5,686.6,assemble attention plan@24/?-work_queue,Prepare hardware matmul job@24/?-work_queue,723.3,620.8,363.5,367.5,707.8
589,137082763797897,553.6,129.7,393.6,30.3,14.7,509.6,assemble attention plan@24/?-work_queue,Prepare hardware matmul job@24/?-work_queue,551.7,443.8,110.7,114.6,534.1
590,137082768631196,819.0,448.1,347.2,23.7,10.1,777.0,assemble attention plan@24/?-work_queue,Prepare hardware matmul job@24/?-work_queue,816.5,714.6,405.0,410.3,802.4
591,137082773837541,564.0,250.1,284.0,29.9,11.5,527.5,assemble attention plan@24/?-work_queue,Prepare hardware matmul job@24/?-work_queue,562.4,454.2,211.5,216.3,549.0
592,137082778691712,543.0,134.4,385.2,23.4,10.8,504.5,assemble attention plan@24/?-work_queue,Prepare hardware matmul job@24/?-work_queue,540.7,441.2,121.3,130.1,526.0
593,137082783582944,864.0,467.6,361.0,35.3,12.1,825.9,assemble attention plan@24/?-work_queue,Prepare hardware matmul job@24/?-work_queue,862.5,758.5,453.3,458.0,848.9
594,137082788717459,580.4,137.6,416.0,26.8,12.9,528.5,assemble attention plan@24/?-work_queue,Prepare hardware matmul job@24/?-work_queue,578.5,465.8,112.3,115.9,552.2
595,137082793673598,1219.8,384.3,596.9,238.6,115.4,1070.7,assemble attention plan@24/?-work_queue,Prepare hardware matmul job@24/?-work_queue,1217.2,637.9,114.5,119.1,1196.0
596,137082799164615,1106.9,570.0,446.2,90.7,65.4,540.4,rx collecting results@147/0-RX-10,prepare streams@25/0-worker,1105.1,1000.3,607.7,624.6,1091.6
597,137082804727994,734.2,351.5,359.0,23.8,11.1,696.9,assemble attention plan@24/?-work_queue,Prepare hardware matmul job@24/?-work_queue,732.8,629.1,313.6,321.8,718.6
598,137082809729421,458.8,134.6,299.6,24.6,12.4,421.5,assemble attention plan@24/?-work_queue,Prepare hardware matmul job@24/?-work_queue,457.0,360.4,115.3,119.3,443.7
599,137082814545724,538.7,143.0,367.1,28.6,11.9,501.1,assemble attention plan@24/?-work_queue,Prepare hardware matmul job@24/?-work_queue,537.2,433.0,135.1,138.4,523.0
600,137082819353807,1711.4,757.2,781.8,172.4,60.5,533.8,kernel_add_rmsnorm_71@25/0-worker,prepare streams@25/0-worker,1709.2,1331.6,595.8,601.5,1690.2
601,137082825435926,1639.8,684.3,784.0,171.5,58.2,519.5,rx collecting results@149/0-RX-38,prepare streams@25/0-worker,1636.5,1298.6,579.0,582.9,1621.6
602,137082831457610,1791.0,688.9,790.7,311.4,106.1,1657.8,assemble attention plan@24/?-work_queue,Prepare hardware matmul job@24/?-work_queue,1788.5,1298.4,554.0,558.0,1773.9
603,137082837582046,534.2,131.2,375.4,27.6,11.3,496.5,assemble attention plan@24/?-work_queue,Prepare hardware matmul job@24/?-work_queue,532.1,434.7,116.7,122.4,518.0
604,137082842390504,1026.3,560.0,378.6,87.8,63.1,529.3,kernel_add_rmsnorm_71@25/0-worker,prepare streams@25/0-worker,1024.8,926.4,594.2,598.0,1010.5
605,137082847724192,1344.4,428.7,715.7,200.0,95.8,1217.2,assemble attention plan@24/?-work_queue,Prepare hardware matmul job@24/?-work_queue,1337.4,775.7,128.4,132.2,1323.4
606,137082853379846,902.8,526.6,280.9,95.3,67.6,488.1,kernel_add_rmsnorm_71@25/0-worker,prepare streams@25/0-worker,900.9,795.6,557.7,571.1,886.5
607,137082858614438,849.3,466.5,361.0,21.7,9.8,814.9,assemble attention plan@24/?-work_queue,Prepare hardware matmul job@24/?-work_queue,847.8,745.3,429.2,435.5,834.2
608,137082863758263,465.4,141.7,299.2,24.5,11.0,428.4,assemble attention plan@24/?-work_queue,Prepare hardware matmul job@24/?-work_queue,463.8,364.5,132.7,147.2,449.4
609,137082868546034,529.1,136.8,368.5,23.8,12.0,492.2,assemble attention plan@24/?-work_queue,Prepare hardware matmul job@24/?-work_queue,527.5,425.2,118.1,122.5,513.7
610,137082873408703,924.6,545.9,285.7,93.1,69.1,510.5,rx collecting results@150/0-RX-3b,prepare streams@25/0-worker,922.6,826.3,581.0,585.5,908.3
611,137082878737793,719.8,344.5,346.4,28.9,13.0,674.8,assemble attention plan@24/?-work_queue,Prepare hardware matmul job@24/?-work_queue,717.8,611.7,313.0,317.8,698.3
612,137082883791448,598.3,296.0,272.7,29.5,16.6,554.7,assemble attention plan@24/?-work_queue,Prepare hardware matmul job@24/?-work_queue,596.1,492.8,253.7,259.0,582.3
613,137082888699051,752.5,387.0,342.0,23.6,11.3,714.6,assemble attention plan@24/?-work_queue,Prepare hardware matmul job@24/?-work_queue,750.3,646.5,343.8,348.9,736.3
614,137082893747601,553.6,139.2,387.8,26.6,11.5,515.5,assemble attention plan@24/?-work_queue,Prepare hardware matmul job@24/?-work_queue,552.1,452.2,124.1,127.6,536.8
615,137082898634542,465.8,128.8,304.2,32.7,14.9,355.7,notify_listener@25/0-worker,work_queue::do_work get_work@24/?-work_queue,463.2,355.7,106.6,110.2,449.6
616,137082903419887,1645.2,701.0,767.6,176.6,71.4,516.5,kernel_add_rmsnorm_71@25/0-worker,prepare streams@25/0-worker,1643.4,1308.6,589.3,609.5,1628.2
617,137082909423343,526.2,139.9,360.7,25.6,11.6,483.2,assemble attention plan@24/?-work_queue,Prepare hardware matmul job@24/?-work_queue,524.0,421.0,119.2,122.9,504.7
618,137082914276660,1013.4,516.8,407.1,89.5,60.1,479.3,kernel_add_rmsnorm_71@25/0-worker,prepare streams@25/0-worker,1011.6,907.4,540.9,545.4,997.5
619,137082919638206,527.8,135.2,365.2,27.4,10.2,490.5,assemble attention plan@24/?-work_queue,Prepare hardware matmul job@24/?-work_queue,525.8,421.0,118.5,122.1,510.8
620,137082924443263,976.9,533.0,401.3,42.5,15.7,551.7,rx collecting results@150/0-RX-3b,prepare streams@25/0-worker,974.6,875.2,569.5,574.0,960.9
621,137082929711803,1359.2,525.2,742.6,91.4,41.2,1039.6,notify_listener@25/0-worker,work_queue::do_work get_work@24/?-work_queue,1357.4,1039.6,337.5,341.1,1342.3
622,137082935379539,458.6,139.3,289.9,29.4,12.0,420.5,assemble attention plan@24/?-work_queue,Prepare hardware matmul job@24/?-work_queue,456.3,357.0,120.9,125.6,442.0
623,137082940174706,540.2,142.4,369.8,27.9,13.2,496.2,assemble attention plan@24/?-work_queue,Prepare hardware matmul job@24/?-work_queue,537.8,434.1,132.0,135.6,518.6
624,137082945021674,1751.7,732.7,721.9,297.0,152.9,1572.3,assemble attention plan@24/?-work_queue,Prepare hardware matmul job@24/?-work_queue,1749.2,1224.3,545.1,550.5,1735.1
625,137082951189148,1036.1,543.2,402.4,90.4,62.9,514.0,kernel_add_rmsnorm_71@25/0-worker,prepare streams@25/0-worker,1034.1,933.4,578.6,582.4,1020.1
626,137082956575609,793.9,495.7,275.5,22.7,11.1,756.8,assemble attention plan@24/?-work_queue,Prepare hardware matmul job@24/?-work_queue,792.2,695.3,459.0,466.8,778.2
627,137082961751677,567.3,143.6,398.8,24.9,11.6,529.9,assemble attention plan@24/?-work_queue,Prepare hardware matmul job@24/?-work_queue,565.3,466.3,128.1,131.4,551.5
628,137082966627312,829.3,442.4,362.0,24.9,12.4,785.5,assemble attention plan@24/?-work_queue,Prepare hardware matmul job@24/?-work_queue,827.5,723.6,411.4,420.4,807.9
629,137082971849407,629.1,237.3,364.9,26.9,10.4,588.0,assemble attention plan@24/?-work_queue,Prepare hardware matmul job@24/?-work_queue,627.1,527.5,225.6,231.8,612.6
630,137082976814476,546.7,143.2,378.9,24.6,11.3,509.1,assemble attention plan@24/?-work_queue,Prepare hardware matmul job@24/?-work_queue,545.2,439.6,121.4,126.0,530.4
631,137082981717835,533.6,135.9,372.1,25.6,12.6,494.6,assemble attention plan@24/?-work_queue,Prepare hardware matmul job@24/?-work_queue,531.6,428.6,124.8,129.6,517.1
632,137082986565422,808.8,466.2,315.3,27.3,12.4,770.9,assemble attention plan@24/?-work_queue,Prepare hardware matmul job@24/?-work_queue,807.2,709.2,474.6,481.3,793.2
633,137082991694724,729.2,398.7,301.4,29.1,11.5,689.0,assemble attention plan@24/?-work_queue,Prepare hardware matmul job@24/?-work_queue,727.2,625.6,384.7,389.8,710.2
634,137082996736277,1370.7,470.6,755.5,144.6,67.3,435.9,kernel_add_rmsnorm_71@25/0-worker,prepare streams@25/0-worker,1368.8,1211.0,504.5,510.8,1354.0
635,137083002367695,551.7,150.5,376.7,24.5,11.7,513.8,assemble attention plan@24/?-work_queue,Prepare hardware matmul job@24/?-work_queue,549.4,442.1,133.7,137.9,535.7
636,137083007202758,472.7,142.2,306.5,24.1,11.1,435.6,assemble attention plan@24/?-work_queue,Prepare hardware matmul job@24/?-work_queue,470.6,372.2,124.1,133.8,457.0
637,137083012014322,1218.3,535.7,591.9,90.7,62.4,514.5,kernel_add_rmsnorm_71@25/0-worker,prepare streams@25/0-worker,1216.8,1107.5,578.2,581.8,1202.3
638,137083017552732,890.4,513.2,353.4,23.8,10.1,854.9,assemble attention plan@24/?-work_queue,Prepare hardware matmul job@24/?-work_queue,888.3,790.9,483.6,488.6,874.0
639,137083022894485,1785.5,748.3,797.0,240.3,97.5,1655.5,assemble attention plan@24/?-work_queue,Prepare hardware matmul job@24/?-work_queue,1783.4,1290.5,550.4,563.4,1762.6
640,137083029059663,1158.8,545.9,521.7,91.2,60.3,497.1,kernel_add_rmsnorm_71@25/0-worker,prepare streams@25/0-worker,1155.7,1042.6,559.2,574.7,1140.9
641,137083034508619,517.9,135.1,359.0,23.8,10.7,453.4,assemble attention plan@24/?-work_queue,Prepare hardware matmul job@24/?-work_queue,515.6,390.4,83.1,88.1,474.0
642,137083039313422,542.9,140.5,372.4,29.9,11.3,500.9,assemble attention plan@24/?-work_queue,Prepare hardware matmul job@24/?-work_queue,540.9,435.3,127.3,133.1,527.0
643,137083044163396,1099.6,548.4,462.3,88.9,60.0,524.6,kernel_add_rmsnorm_71@25/0-worker,prepare streams@25/0-worker,1097.0,989.9,586.4,593.1,1082.2
644,137083049628248,811.8,433.7,353.8,24.3,12.2,774.5,assemble attention plan@24/?-work_queue,Prepare hardware matmul job@24/?-work_queue,810.1,711.4,409.8,414.5,796.5
645,137083054760770,525.9,136.8,362.4,26.8,13.8,486.0,assemble attention plan@24/?-work_queue,Prepare hardware matmul job@24/?-work_queue,524.4,421.4,114.7,121.0,509.9
646,137083059583925,509.2,132.7,349.0,27.6,10.7,472.3,assemble attention plan@24/?-work_queue,Prepare hardware matmul job@24/?-work_queue,507.5,404.5,108.8,112.7,493.2
647,137083064381064,465.6,141.6,294.6,29.5,10.6,418.3,assemble attention plan@24/?-work_queue,Prepare hardware matmul job@24/?-work_queue,464.0,348.5,110.6,115.7,438.6
648,137083069180557,1063.3,549.6,403.9,109.9,79.5,507.3,kernel_add_rmsnorm_71@25/0-worker,prepare streams@25/0-worker,1060.2,955.0,588.6,594.6,1044.7
649,137083074534184,559.7,152.4,377.9,29.4,11.8,440.9,notify_listener@25/0-worker,work_queue::do_work get_work@24/?-work_queue,557.6,440.9,125.8,129.4,543.9
650,137083079380563,450.6,126.8,299.0,24.7,10.8,415.8,assemble attention plan@24/?-work_queue,Prepare hardware matmul job@24/?-work_queue,449.0,351.9,105.3,120.0,436.1
651,137083084092029,1116.9,538.5,483.4,95.0,64.2,509.7,kernel_add_rmsnorm_71@25/0-worker,prepare streams@25/0-worker,1114.5,1010.7,575.7,586.4,1099.9
652,137083089551501,808.7,521.0,262.8,24.9,10.4,773.2,assemble attention plan@24/?-work_queue,Prepare hardware matmul job@24/?-work_queue,806.8,708.9,483.0,487.5,793.6
653,137083094658808,759.1,418.5,303.8,36.8,13.9,705.0,assemble attention plan@24/?-work_queue,Prepare hardware matmul job@24/?-work_queue,756.5,637.2,388.6,393.6,728.9
654,137083099708531,449.6,141.0,279.2,29.3,11.9,405.8,assemble attention plan@24/?-work_queue,Prepare hardware matmul job@24/?-work_queue,448.0,339.8,114.0,118.6,433.3
655,137083104446819,452.2,144.1,284.8,23.2,10.0,415.5,assemble attention plan@24/?-work_queue,Prepare hardware matmul job@24/?-work_queue,449.6,346.2,120.8,124.8,435.8
656,137083109201061,1059.7,553.8,415.6,90.3,62.1,506.3,kernel_add_rmsnorm_71@25/0-worker,prepare streams@25/0-worker,1058.2,957.3,570.1,576.5,1043.7
657,137083114533835,537.4,153.4,358.4,25.5,11.8,498.6,assemble attention plan@24/?-work_queue,Prepare hardware matmul job@24/?-work_queue,535.5,429.3,118.4,122.1,520.7
658,137083119366248,995.2,551.5,357.4,86.3,62.4,513.1,kernel_add_rmsnorm_71@25/0-worker,prepare streams@25/0-worker,992.8,895.0,577.1,587.2,978.9
659,137083124658958,793.8,421.1,345.2,27.4,12.8,749.5,assemble attention plan@24/?-work_queue,Prepare hardware matmul job@24/?-work_queue,791.7,685.5,384.5,389.4,772.0
660,137083129778016,619.4,306.0,283.4,29.9,16.6,575.2,assemble attention plan@24/?-work_queue,Prepare hardware matmul job@24/?-work_queue,617.6,512.0,274.4,278.3,602.4
661,137083134696684,533.8,143.9,362.6,27.3,12.1,497.5,assemble attention plan@24/?-work_queue,Prepare hardware matmul job@24/?-work_queue,532.3,425.0,114.1,117.8,518.9
662,137083139507849,1602.5,151.2,511.1,940.2,922.7,585.8,notify_listener@25/0-worker,work_queue::do_work get_work@24/?-work_queue,1600.9,585.8,117.1,121.2,1586.3
663,137083145461618,518.3,131.5,362.9,23.9,10.8,483.2,assemble attention plan@24/?-work_queue,Prepare hardware matmul job@24/?-work_queue,516.4,418.6,122.1,126.8,502.7
664,137083150281493,474.6,161.2,288.9,24.5,12.6,435.8,assemble attention plan@24/?-work_queue,Prepare hardware matmul job@24/?-work_queue,473.1,372.2,138.1,143.0,458.3
665,137083155112691,1134.9,508.9,534.4,91.6,67.0,498.2,kernel_add_rmsnorm_71@25/0-worker,prepare streams@25/0-worker,1133.5,1029.7,567.0,571.7,1114.2
666,137083160575440,885.3,509.0,349.5,26.9,11.7,847.8,assemble attention plan@24/?-work_queue,Prepare hardware matmul job@24/?-work_queue,882.9,768.5,465.3,472.5,869.3
667,137083165837656,528.5,128.1,376.0,24.4,11.1,492.1,assemble attention plan@24/?-work_queue,Prepare hardware matmul job@24/?-work_queue,526.8,421.7,110.3,114.1,513.3
668,137083170664244,542.0,148.2,367.3,26.5,11.8,500.1,assemble attention plan@24/?-work_queue,Prepare hardware matmul job@24/?-work_queue,539.3,436.6,122.8,127.8,522.3
669,137083175552075,1523.2,635.3,752.1,135.7,92.2,1176.9,notify_listener@25/0-worker,work_queue::do_work get_work@24/?-work_queue,1520.6,1176.9,460.4,465.7,1506.6
670,137083181394983,520.7,128.5,363.4,28.9,12.8,482.4,assemble attention plan@24/?-work_queue,Prepare hardware matmul job@24/?-work_queue,519.0,420.9,113.6,117.5,504.8
671,137083186243893,533.2,144.0,362.3,26.8,11.3,489.9,assemble attention plan@24/?-work_queue,Prepare hardware matmul job@24/?-work_queue,531.1,421.2,118.7,122.7,510.3
672,137083191133359,995.8,558.1,342.4,95.2,65.8,508.7,rx collecting results@150/0-RX-3b,prepare streams@25/0-worker,993.4,886.8,577.1,584.4,978.4
673,137083196444798,1664.3,576.6,887.9,199.8,78.5,1433.1,notify_listener@25/0-worker,work_queue::do_work get_work@24/?-work_queue,1662.6,1433.1,567.2,571.2,1648.1
674,137083202443771,957.2,515.0,361.3,80.8,57.7,488.2,kernel_add_rmsnorm_71@25/0-worker,prepare streams@25/0-worker,955.9,859.0,547.9,566.1,942.2
675,137083207688636,450.6,128.4,293.8,28.4,12.0,413.0,assemble attention plan@24/?-work_queue,Prepare hardware matmul job@24/?-work_queue,448.3,350.0,111.5,117.4,434.4
676,137083212480505,536.3,141.0,368.5,26.7,11.9,492.8,assemble attention plan@24/?-work_queue,Prepare hardware matmul job@24/?-work_queue,530.8,428.9,119.0,124.0,514.3
677,137083217314146,976.7,558.5,323.3,94.9,66.0,552.7,kernel_add_rmsnorm_71@25/0-worker,prepare streams@25/0-worker,974.5,865.1,634.4,658.3,955.2
678,137083222690360,459.9,143.9,289.2,26.7,10.1,422.9,assemble attention plan@24/?-work_queue,Prepare hardware matmul job@24/?-work_queue,457.6,353.8,123.1,126.7,443.3
679,137083227397214,447.9,125.1,290.7,32.1,12.1,411.2,assemble attention plan@24/?-work_queue,Prepare hardware matmul job@24/?-work_queue,446.5,342.8,103.5,109.3,433.1
680,137083232155358,542.1,150.4,362.7,28.9,10.9,504.2,assemble attention plan@24/?-work_queue,Prepare hardware matmul job@24/?-work_queue,540.4,438.6,118.7,123.7,525.1
681,137083237142358,1763.2,757.1,745.3,260.8,101.8,1634.8,assemble attention plan@24/?-work_queue,Prepare hardware matmul job@24/?-work_queue,1761.1,1273.2,564.8,573.0,1746.6
682,137083243222117,1078.8,559.2,419.3,100.3,69.8,525.7,kernel_add_rmsnorm_71@25/0-worker,prepare streams@25/0-worker,1077.0,959.6,597.7,601.6,1046.1
683,137083248586443,815.7,489.3,295.2,31.2,12.9,766.7,assemble attention plan@24/?-work_queue,Prepare hardware matmul job@24/?-work_queue,813.6,702.7,450.9,458.8,797.6
684,137083253690947,467.7,128.8,308.4,30.5,11.1,430.7,assemble attention plan@24/?-work_queue,Prepare hardware matmul job@24/?-work_queue,465.6,360.0,119.3,126.8,451.1
685,137083258469292,516.6,128.1,360.7,27.9,14.6,475.0,assemble attention plan@24/?-work_queue,Prepare hardware matmul job@24/?-work_queue,514.5,410.3,106.7,125.2,500.0
686,137083263300128,456.8,135.8,291.7,29.4,12.2,418.8,assemble attention plan@24/?-work_queue,Prepare hardware matmul job@24/?-work_queue,454.2,351.0,117.3,120.7,440.6
687,137083268013320,1175.2,504.1,587.5,83.6,57.5,483.7,kernel_add_rmsnorm_71@25/0-worker,prepare streams@25/0-worker,1173.4,1070.4,543.4,548.5,1159.2
688,137083273516258,924.7,545.7,347.2,31.8,11.4,883.2,assemble attention plan@24/?-work_queue,Prepare hardware matmul job@24/?-work_queue,923.1,815.6,513.4,527.4,904.6
689,137083278712401,552.8,145.8,380.0,27.0,12.0,514.6,assemble attention plan@24/?-work_queue,Prepare hardware matmul job@24/?-work_queue,551.0,443.7,136.9,147.0,536.9
690,137083283618348,461.5,144.5,292.7,24.3,11.0,424.7,assemble attention plan@24/?-work_queue,Prepare hardware matmul job@24/?-work_queue,460.0,352.3,118.6,127.9,445.6
691,137083288424430,541.3,161.3,351.6,28.4,11.1,503.0,assemble attention plan@24/?-work_queue,Prepare hardware matmul job@24/?-work_queue,539.3,432.8,124.9,130.3,524.9
692,137083293297666,523.9,143.2,354.4,26.3,11.2,488.1,assemble attention plan@24/?-work_queue,Prepare hardware matmul job@24/?-work_queue,522.2,422.6,125.0,130.3,508.8
693,137083298095165,1155.0,591.5,466.9,96.6,64.2,543.3,kernel_add_rmsnorm_71@25/0-worker,prepare streams@25/0-worker,1153.1,1040.5,609.4,612.8,1124.0
694,137083303619516,837.5,467.2,342.7,27.5,12.8,791.8,assemble attention plan@24/?-work_queue,Prepare hardware matmul job@24/?-work_queue,835.8,728.1,422.5,427.8,820.1
695,137083308790595,481.8,142.4,306.1,33.4,12.3,443.5,assemble attention plan@24/?-work_queue,Prepare hardware matmul job@24/?-work_queue,480.1,371.5,122.4,127.0,465.9
696,137083313627068,447.1,129.6,289.2,28.3,10.9,410.7,assemble attention plan@24/?-work_queue,Prepare hardware matmul job@24/?-work_queue,445.4,343.7,100.7,114.5,431.6
697,137083318330124,537.5,137.2,373.2,27.1,10.3,500.9,assemble attention plan@24/?-work_queue,Prepare hardware matmul job@24/?-work_queue,535.8,433.7,118.7,123.1,521.5
698,137083323142531,1105.7,504.2,509.7,91.8,65.3,494.1,kernel_add_rmsnorm_71@25/0-worker,prepare streams@25/0-worker,1104.0,1003.7,561.3,572.0,1089.3
699,137083328536686,1570.9,564.0,828.5,178.4,90.4,1379.1,notify_listener@25/0-worker,work_queue::do_work get_work@24/?-work_queue,1569.2,1379.1,596.9,601.8,1551.0
700,137083334454228,469.5,138.1,306.4,25.0,10.4,424.9,assemble attention plan@24/?-work_queue,Prepare hardware matmul job@24/?-work_queue,467.5,358.2,114.6,118.4,446.0
701,137083339221306,1041.3,540.6,423.7,77.1,44.4,497.8,rx collecting results@148/0-RX-13,prepare streams@25/0-worker,1038.0,924.4,544.0,549.0,1024.0
702,137083344536202,525.4,135.4,365.4,24.5,9.4,488.9,assemble attention plan@24/?-work_queue,Prepare hardware matmul job@24/?-work_queue,523.4,414.8,113.1,118.6,508.8
703,137083349363848,944.1,550.0,301.0,93.0,65.8,519.1,kernel_add_rmsnorm_71@25/0-worker,prepare streams@25/0-worker,940.5,836.9,586.6,603.5,926.2
704,137083354661113,739.5,406.4,304.4,28.7,10.8,701.3,assemble attention plan@24/?-work_queue,Prepare hardware matmul job@24/?-work_queue,737.0,633.3,375.7,380.6,722.0
705,137083359698603,461.7,156.2,273.5,32.0,12.6,419.2,assemble attention plan@24/?-work_queue,Prepare hardware matmul job@24/?-work_queue,460.2,348.8,100.7,105.6,441.3
706,137083364426007,490.2,154.2,305.9,30.1,10.5,439.9,assemble attention plan@24/?-work_queue,Prepare hardware matmul job@24/?-work_queue,487.9,377.3,123.9,129.7,460.7
707,137083369242629,559.6,157.5,376.0,26.2,11.2,521.1,assemble attention plan@24/?-work_queue,Prepare hardware matmul job@24/?-work_queue,556.9,446.6,137.6,145.5,542.7
708,137083374093672,1824.4,751.7,820.1,252.6,108.9,1690.5,assemble attention plan@24/?-work_queue,Prepare hardware matmul job@24/?-work_queue,1822.6,1353.8,563.9,585.4,1809.3
709,137083380256553,468.6,147.8,294.9,25.8,11.2,431.4,assemble attention plan@24/?-work_queue,Prepare hardware matmul job@24/?-work_queue,467.0,368.1,134.7,151.6,452.3
710,137083385040891,1155.6,532.5,505.6,117.5,85.7,498.3,kernel_add_rmsnorm_71@25/0-worker,prepare streams@25/0-worker,1153.4,1048.7,585.2,593.1,1139.1
711,137083390588110,901.6,500.8,375.3,25.6,10.6,860.2,assemble attention plan@24/?-work_queue,Prepare hardware matmul job@24/?-work_queue,899.6,794.8,461.6,466.6,880.7
712,137083395792671,467.0,145.3,292.5,29.1,14.3,426.4,assemble attention plan@24/?-work_queue,Prepare hardware matmul job@24/?-work_queue,464.4,349.2,119.6,129.4,450.8
713,137083400598766,463.0,146.8,289.6,26.7,11.8,424.9,assemble attention plan@24/?-work_queue,Prepare hardware matmul job@24/?-work_queue,461.4,350.6,115.2,119.2,447.2
714,137083405356856,534.9,131.9,373.9,29.0,11.8,498.5,assemble attention plan@24/?-work_queue,Prepare hardware matmul job@24/?-work_queue,533.4,430.1,118.1,122.1,520.1
715,137083410207563,530.1,136.8,365.3,28.0,12.0,493.3,assemble attention plan@24/?-work_queue,Prepare hardware matmul job@24/?-work_queue,528.2,425.4,110.6,116.3,514.6
716,137083415064636,1173.0,514.6,558.1,100.3,70.1,467.2,kernel_add_rmsnorm_71@25/0-worker,prepare streams@25/0-worker,1169.7,1059.7,539.3,544.9,1147.9
717,137083420556320,834.7,504.1,300.9,29.7,16.0,785.7,assemble attention plan@24/?-work_queue,Prepare hardware matmul job@24/?-work_queue,832.6,720.1,470.7,476.2,815.9
718,137083425756885,546.8,150.1,361.2,35.5,12.3,433.7,notify_listener@25/0-worker,work_queue::do_work get_work@24/?-work_queue,545.1,433.7,123.5,127.1,530.8
719,137083430670970,526.8,130.8,365.1,30.8,11.6,489.0,assemble attention plan@24/?-work_queue,Prepare hardware matmul job@24/?-work_queue,524.8,414.9,109.1,118.4,510.8
720,137083435505595,882.3,504.6,343.5,34.2,12.0,845.4,assemble attention plan@24/?-work_queue,Prepare hardware matmul job@24/?-work_queue,880.0,774.4,532.0,536.8,867.8
721,137083440690675,1791.5,796.8,759.7,235.0,84.7,1679.4,assemble attention plan@24/?-work_queue,Prepare hardware matmul job@24/?-work_queue,1789.7,1317.6,599.7,620.3,1774.4
722,137083446869569,534.3,149.2,359.7,25.4,11.9,489.9,assemble attention plan@24/?-work_queue,Prepare hardware matmul job@24/?-work_queue,532.0,424.2,124.9,129.0,512.5
723,137083451888834,1183.2,309.8,779.3,94.1,54.8,834.3,notify_listener@25/0-worker,work_queue::do_work get_work@24/?-work_queue,1181.1,834.3,109.8,125.1,1166.4
724,137083457414024,456.6,146.8,281.9,28.0,12.4,419.2,assemble attention plan@24/?-work_queue,Prepare hardware matmul job@24/?-work_queue,455.0,348.0,122.1,128.6,441.4
725,137083462165867,455.5,141.5,278.1,35.8,14.2,342.9,notify_listener@25/0-worker,work_queue::do_work get_work@24/?-work_queue,452.4,342.9,113.6,119.4,438.9
726,137083466910890,504.1,189.6,288.7,25.9,10.9,466.9,assemble attention plan@24/?-work_queue,Prepare hardware matmul job@24/?-work_queue,502.3,402.6,163.9,167.7,487.6
727,137083471763419,638.7,299.7,306.8,32.1,10.9,600.5,assemble attention plan@24/?-work_queue,Prepare hardware matmul job@24/?-work_queue,636.0,535.8,276.6,282.7,621.7
728,137083476762819,634.9,320.1,289.4,25.4,11.0,592.7,assemble attention plan@24/?-work_queue,Prepare hardware matmul job@24/?-work_queue,632.2,526.9,284.2,288.6,613.1
729,137083481684557,772.7,395.1,355.0,22.6,10.6,730.6,assemble attention plan@24/?-work_queue,Prepare hardware matmul job@24/?-work_queue,771.0,668.4,360.1,365.1,756.4
730,137083486808254,1857.8,739.4,824.2,294.2,88.7,1743.4,assemble attention plan@24/?-work_queue,Prepare hardware matmul job@24/?-work_queue,1856.0,1349.1,579.9,586.5,1842.0
731,137083492990231,1186.4,545.7,550.7,90.0,63.9,509.8,kernel_add_rmsnorm_71@25/0-worker,prepare streams@25/0-worker,1184.8,1084.9,575.7,588.7,1171.1
732,137083498526587,515.5,153.9,335.8,25.7,12.1,478.1,assemble attention plan@24/?-work_queue,Prepare hardware matmul job@24/?-work_queue,513.7,411.2,117.0,121.4,500.4
733,137083503368154,994.3,536.7,359.7,97.8,65.8,504.3,kernel_add_rmsnorm_71@25/0-worker,prepare streams@25/0-worker,992.3,886.7,571.8,578.6,978.8
734,137083508713078,471.5,139.2,302.0,30.3,11.5,428.0,assemble attention plan@24/?-work_queue,Prepare hardware matmul job@24/?-work_queue,470.1,362.1,107.8,111.4,450.2
735,137083513497574,430.7,131.9,268.0,30.8,16.2,387.7,assemble attention plan@24/?-work_queue,Prepare hardware matmul job@24/?-work_queue,428.6,323.7,101.5,105.4,414.3
736,137083518294883,460.9,146.1,275.6,39.2,10.6,348.1,notify_listener@25/0-worker,work_queue::do_work get_work@24/?-work_queue,458.2,348.1,122.0,128.1,443.8
737,137083523110386,1138.8,586.6,459.7,92.6,63.6,533.8,kernel_add_rmsnorm_71@25/0-worker,prepare streams@25/0-worker,1136.6,1033.1,600.1,614.6,1122.0
738,137083528646945,458.3,130.4,297.8,30.2,12.8,350.9,notify_listener@25/0-worker,work_queue::do_work get_work@24/?-work_queue,456.3,350.9,110.8,115.1,442.8
739,137083533424376,1021.0,650.3,343.2,27.6,11.9,982.4,assemble attention plan@24/?-work_queue,Prepare hardware matmul job@24/?-work_queue,1018.5,916.4,614.2,619.6,1004.3
740,137083538811088,588.2,273.1,282.2,32.8,11.4,543.8,assemble attention plan@24/?-work_queue,Prepare hardware matmul job@24/?-work_queue,585.6,481.8,243.4,248.5,565.8
741,137083543708557,693.4,376.7,289.9,26.8,11.6,648.0,assemble attention plan@24/?-work_queue,Prepare hardware matmul job@24/?-work_queue,691.3,582.6,334.2,340.6,676.2
742,137083548737938,480.5,144.9,311.8,23.8,11.3,444.0,assemble attention plan@24/?-work_queue,Prepare hardware matmul job@24/?-work_queue,478.9,373.3,130.0,134.1,465.2
743,137083553498890,516.9,131.0,357.7,28.3,12.4,471.5,assemble attention plan@24/?-work_queue,Prepare hardware matmul job@24/?-work_queue,515.3,407.5,103.9,115.2,494.2
744,137083558351224,535.8,143.6,356.6,35.6,14.2,495.1,assemble attention plan@24/?-work_queue,Prepare hardware matmul job@24/?-work_queue,534.1,425.5,117.1,125.7,519.2
745,137083563209035,1046.3,570.4,371.3,104.6,72.8,551.8,kernel_add_rmsnorm_71@25/0-worker,prepare streams@25/0-worker,1044.3,938.9,626.9,630.9,1030.2
746,137083568599887,495.6,158.8,307.2,29.5,11.6,453.7,assemble attention plan@24/?-work_queue,Prepare hardware matmul job@24/?-work_queue,493.7,383.1,132.0,136.7,475.5
747,137083573427709,1642.9,680.5,775.6,186.7,74.5,511.7,kernel_add_rmsnorm_71@25/0-worker,prepare streams@25/0-worker,1641.2,1313.6,587.8,601.9,1625.7
748,137083579469303,518.0,140.3,350.1,27.7,10.7,481.2,assemble attention plan@24/?-work_queue,Prepare hardware matmul job@24/?-work_queue,515.3,410.5,113.3,120.5,502.0
749,137083584344146,1704.5,771.5,746.8,186.2,69.7,489.9,kernel_add_rmsnorm_71@25/0-worker,prepare streams@25/0-worker,1702.9,1277.1,561.4,583.9,1688.6
750,137083590387945,499.0,152.1,323.3,23.6,11.3,460.0,assemble attention plan@24/?-work_queue,Prepare hardware matmul job@24/?-work_queue,495.4,396.4,133.0,137.6,482.0
751,137083595230552,1806.7,776.5,769.0,261.2,90.6,1689.1,assemble attention plan@24/?-work_queue,Prepare hardware matmul job@24/?-work_queue,1805.1,1309.0,581.5,591.4,1789.7
752,137083601432750,1640.9,697.9,750.6,192.3,74.3,505.3,kernel_add_rmsnorm_71@25/0-worker,prepare streams@25/0-worker,1639.1,1290.0,581.3,597.8,1618.0
753,137083607381670,1910.2,804.3,813.3,292.5,117.5,1764.5,assemble attention plan@24/?-work_queue,Prepare hardware matmul job@24/?-work_queue,1907.6,1389.3,635.6,652.2,1892.8
754,137083613656614,802.7,362.1,414.0,26.5,13.3,763.1,assemble attention plan@24/?-work_queue,Prepare hardware matmul job@24/?-work_queue,800.4,691.8,388.5,394.5,786.9
755,137083618885765,503.7,203.3,270.5,29.9,11.8,465.5,assemble attention plan@24/?-work_queue,Prepare hardware matmul job@24/?-work_queue,501.3,398.8,171.8,177.3,487.5
756,137083623751234,535.5,145.1,364.9,25.5,12.1,497.7,assemble attention plan@24/?-work_queue,Prepare hardware matmul job@24/?-work_queue,533.2,432.4,129.1,134.3,519.3
757,137083628627234,1481.7,564.4,765.0,152.4,65.5,525.2,kernel_add_rmsnorm_71@25/0-worker,prepare streams@25/0-worker,1480.1,1306.5,593.0,602.7,1458.9
758,137083634467872,1608.5,697.9,764.4,146.2,55.0,485.3,kernel_add_rmsnorm_71@25/0-worker,prepare streams@25/0-worker,1605.9,1271.9,542.4,557.9,1591.1
759,137083640462911,1630.5,617.0,852.0,161.5,63.6,484.3,kernel_add_rmsnorm_71@25/0-worker,prepare streams@25/0-worker,1628.8,1374.6,565.7,579.9,1614.4
760,137083646414215,434.5,139.2,269.3,26.1,10.9,397.3,assemble attention plan@24/?-work_queue,Prepare hardware matmul job@24/?-work_queue,432.5,330.8,103.3,110.2,418.1
761,137083651194597,1032.6,539.2,396.1,97.3,69.5,479.0,rx collecting results@150/0-RX-3b,prepare streams@25/0-worker,1029.4,927.7,551.5,564.4,1015.3
762,137083656559308,2325.1,737.8,571.8,1015.5,878.1,1012.6,notify_listener@25/0-worker,work_queue::do_work get_work@24/?-work_queue,2323.5,1012.6,495.6,499.7,2309.5
763,137083663279290,558.2,152.4,375.6,30.1,12.2,515.9,assemble attention plan@24/?-work_queue,Prepare hardware matmul job@24/?-work_queue,556.7,451.8,134.6,139.7,537.6
764,137083668152553,549.9,151.0,371.5,27.4,11.3,507.0,assemble attention plan@24/?-work_queue,Prepare hardware matmul job@24/?-work_queue,547.2,441.7,138.7,142.2,533.2
765,137083673076391,1154.8,580.2,475.1,99.4,64.9,577.7,kernel_add_rmsnorm_71@25/0-worker,prepare streams@25/0-worker,1152.8,1041.3,643.9,648.3,1140.0
766,137083678536670,869.4,559.7,280.3,29.3,11.6,832.5,assemble attention plan@24/?-work_queue,Prepare hardware matmul job@24/?-work_queue,867.9,766.7,510.3,529.9,854.6
767,137083683785307,1331.1,527.9,711.3,91.9,67.6,474.8,kernel_add_rmsnorm_71@25/0-worker,prepare streams@25/0-worker,1329.7,1229.6,544.2,548.1,1315.3
768,137083689444340,457.6,145.6,284.9,27.1,11.5,420.2,assemble attention plan@24/?-work_queue,Prepare hardware matmul job@24/?-work_queue,455.4,353.0,120.5,128.4,441.9
769,137083694246266,958.3,560.5,308.0,89.8,62.8,529.5,kernel_add_rmsnorm_71@25/0-worker,prepare streams@25/0-worker,956.4,834.6,594.5,598.2,921.0
770,137083699526733,522.8,138.7,358.0,26.1,11.2,485.5,assemble attention plan@24/?-work_queue,Prepare hardware matmul job@24/?-work_queue,521.3,405.9,112.9,116.7,506.9
771,137083704436699,1643.5,648.4,810.1,185.0,75.0,497.9,kernel_add_rmsnorm_71@25/0-worker,prepare streams@25/0-worker,1641.7,1338.5,574.6,587.7,1627.7
772,137083710435755,908.5,534.8,271.3,102.3,77.9,483.7,kernel_add_rmsnorm_71@25/0-worker,prepare streams@25/0-worker,906.7,806.4,563.7,573.3,891.3
773,137083715678282,722.4,395.2,302.2,25.0,11.3,684.6,assemble attention plan@24/?-work_queue,Prepare hardware matmul job@24/?-work_queue,720.5,619.4,367.4,373.5,706.4
774,137083720744424,508.1,149.5,329.9,28.7,12.9,462.4,assemble attention plan@24/?-work_queue,Prepare hardware matmul job@24/?-work_queue,506.0,398.0,158.2,162.2,484.7
775,137083725599968,803.8,472.6,307.6,23.7,10.5,761.6,assemble attention plan@24/?-work_queue,Prepare hardware matmul job@24/?-work_queue,802.3,695.5,439.9,446.6,788.0
776,137083730719108,560.0,136.2,393.6,30.1,12.1,521.3,assemble attention plan@24/?-work_queue,Prepare hardware matmul job@24/?-work_queue,557.5,446.8,117.9,121.4,543.3
777,137083735607213,522.9,135.0,362.7,25.2,10.6,486.3,assemble attention plan@24/?-work_queue,Prepare hardware matmul job@24/?-work_queue,521.2,420.5,108.8,121.2,506.2
778,137083740461102,1610.7,647.1,768.0,195.6,100.3,1293.1,notify_listener@25/0-worker,work_queue::do_work get_work@24/?-work_queue,1608.8,1293.1,556.0,570.8,1595.6
779,137083746491549,530.6,148.1,357.5,25.0,12.1,486.9,assemble attention plan@24/?-work_queue,Prepare hardware matmul job@24/?-work_queue,528.2,421.8,111.3,115.2,513.1
780,137083751362131,990.0,538.6,343.2,108.2,73.9,492.7,kernel_add_rmsnorm_71@25/0-worker,prepare streams@25/0-worker,987.7,877.1,568.6,573.2,968.1
781,137083756698559,692.2,385.4,280.0,26.7,14.1,645.4,assemble attention plan@24/?-work_queue,Prepare hardware matmul job@24/?-work_queue,689.9,580.4,340.4,344.7,674.4
782,137083761689732,684.0,392.3,256.7,34.9,13.5,643.3,assemble attention plan@24/?-work_queue,Prepare hardware matmul job@24/?-work_queue,682.3,568.5,346.9,350.9,667.4
783,137083766801210,578.4,293.0,258.9,26.5,11.3,537.2,assemble attention plan@24/?-work_queue,Prepare hardware matmul job@24/?-work_queue,576.3,472.8,244.5,266.5,559.2
784,137083771703901,535.6,136.7,366.1,32.9,12.5,497.7,assemble attention plan@24/?-work_queue,Prepare hardware matmul job@24/?-work_queue,533.6,429.5,123.4,128.6,520.0
785,137083776638232,519.3,134.9,354.7,29.7,11.2,482.6,assemble attention plan@24/?-work_queue,Prepare hardware matmul job@24/?-work_queue,517.8,415.3,109.7,115.2,503.3
786,137083781430253,1008.3,602.3,373.7,32.2,10.8,967.3,assemble attention plan@24/?-work_queue,Prepare hardware matmul job@24/?-work_queue,1006.3,898.6,588.1,595.1,988.6
787,137083786880253,587.1,200.8,357.5,28.8,12.4,545.0,assemble attention plan@24/?-work_queue,Prepare hardware matmul job@24/?-work_queue,584.9,481.1,179.1,187.3,571.9
788,137083791779864,485.4,146.5,304.1,34.9,11.6,449.3,assemble attention plan@24/?-work_queue,Prepare hardware matmul job@24/?-work_queue,484.0,373.4,130.7,134.3,470.6
789,137083796648745,731.8,435.2,268.4,28.2,11.5,692.3,assemble attention plan@24/?-work_queue,Prepare hardware matmul job@24/?-work_queue,729.4,628.4,391.0,405.2,714.2
790,137083801747593,711.6,342.8,340.0,28.9,11.8,673.2,assemble attention plan@24/?-work_queue,Prepare hardware matmul job@24/?-work_queue,710.1,604.1,302.3,307.5,695.4
791,137083806866064,597.3,212.5,359.7,25.1,11.7,558.4,assemble attention plan@24/?-work_queue,Prepare hardware matmul job@24/?-work_queue,595.8,493.9,187.0,192.2,581.0
792,137083811813750,550.3,145.2,370.3,34.8,12.6,436.2,notify_listener@25/0-worker,work_queue::do_work get_work@24/?-work_queue,548.9,436.2,128.4,132.4,529.2
793,137083816736992,546.7,135.8,385.6,25.4,12.6,501.1,assemble attention plan@24/?-work_queue,Prepare hardware matmul job@24/?-work_queue,545.0,435.0,122.2,128.5,530.1
794,137083821606243,848.3,468.1,346.9,33.3,11.4,811.4,assemble attention plan@24/?-work_queue,Prepare hardware matmul job@24/?-work_queue,846.7,737.0,435.7,442.5,833.2
795,137083826875096,526.4,206.7,292.9,26.8,10.2,490.2,assemble attention plan@24/?-work_queue,Prepare hardware matmul job@24/?-work_queue,523.9,422.9,175.9,182.9,510.3
796,137083831760500,473.5,146.9,296.0,30.6,12.0,435.1,assemble attention plan@24/?-work_queue,Prepare hardware matmul job@24/?-work_queue,471.2,367.4,120.6,126.2,456.7
797,137083836625798,470.6,132.9,307.6,30.1,13.5,430.8,assemble attention plan@24/?-work_queue,Prepare hardware matmul job@24/?-work_queue,468.5,363.9,117.7,122.6,454.5
798,137083841394103,948.8,550.1,295.0,103.7,72.5,514.2,kernel_add_rmsnorm_71@25/0-worker,prepare streams@25/0-worker,947.1,836.0,589.4,610.7,928.0
799,137083846935147,505.0,179.9,295.4,29.6,11.8,468.3,assemble attention plan@24/?-work_queue,Prepare hardware matmul job@24/?-work_queue,503.5,394.9,154.5,158.3,490.0
800,137083851710501,687.2,332.7,325.1,29.4,11.8,649.5,assemble attention plan@24/?-work_queue,Prepare hardware matmul job@24/?-work_queue,685.6,577.5,331.5,343.4,671.8
801,137083856794884,533.8,148.6,359.7,25.5,12.2,495.6,assemble attention plan@24/?-work_queue,Prepare hardware matmul job@24/?-work_queue,531.2,428.1,122.3,125.9,517.4
802,137083861625930,825.6,444.2,345.7,35.7,11.0,789.8,assemble attention plan@24/?-work_queue,Prepare hardware matmul job@24/?-work_queue,823.5,721.3,418.9,422.9,810.2
803,137083866872690,538.7,219.1,290.4,29.2,9.7,499.2,assemble attention plan@24/?-work_queue,Prepare hardware matmul job@24/?-work_queue,537.2,431.4,184.5,189.4,519.1
804,137083871746927,711.7,336.0,345.5,30.2,13.1,664.7,assemble attention plan@24/?-work_queue,Prepare hardware matmul job@24/?-work_queue,708.9,596.1,298.2,302.8,693.8
805,137083876857990,1229.9,310.9,824.5,94.5,57.0,879.7,notify_listener@25/0-worker,work_queue::do_work get_work@24/?-work_queue,1227.5,879.7,122.7,128.4,1213.0
806,137083882423186,514.6,128.3,353.5,32.8,10.4,410.4,notify_listener@25/0-worker,work_queue::do_work get_work@24/?-work_queue,512.8,410.4,105.1,119.3,498.7
807,137083887325421,491.3,143.1,324.1,24.1,10.9,455.3,assemble attention plan@24/?-work_queue,Prepare hardware matmul job@24/?-work_queue,489.0,389.5,132.3,137.9,475.5
808,137083892145783,1123.1,535.7,487.5,99.9,66.4,524.8,kernel_add_rmsnorm_71@25/0-worker,prepare streams@25/0-worker,1121.1,1016.6,593.5,604.6,1106.9
809,137083897681416,777.0,401.1,347.8,28.1,10.2,734.3,assemble attention plan@24/?-work_queue,Prepare hardware matmul job@24/?-work_queue,774.5,668.7,367.8,373.5,754.2
810,137083902768748,539.0,131.8,377.1,30.1,13.3,499.1,assemble attention plan@24/?-work_queue,Prepare hardware matmul job@24/?-work_queue,539.4,426.2,106.5,110.6,522.9
811,137083907669857,710.8,404.8,278.5,27.5,12.0,673.5,assemble attention plan@24/?-work_queue,Prepare hardware matmul job@24/?-work_queue,709.1,608.7,369.8,375.3,695.1
812,137083912709393,540.3,161.5,348.7,30.0,11.1,501.1,assemble attention plan@24/?-work_queue,Prepare hardware matmul job@24/?-work_queue,537.7,430.0,124.1,128.7,522.9
813,137083917633901,534.9,141.8,364.8,28.4,15.2,493.2,assemble attention plan@24/?-work_queue,Prepare hardware matmul job@24/?-work_queue,533.2,426.0,119.5,124.9,517.9
814,137083922519186,506.6,173.8,305.6,27.3,10.9,434.9,assemble attention plan@24/?-work_queue,Prepare hardware matmul job@24/?-work_queue,505.1,369.3,120.7,134.0,455.9
815,137083927374777,452.6,137.6,289.3,25.6,10.4,408.0,assemble attention plan@24/?-work_queue,Prepare hardware matmul job@24/?-work_queue,448.8,342.7,124.3,128.7,433.9
816,137083932149547,1146.9,606.3,434.9,105.6,71.3,608.6,kernel_add_rmsnorm_71@25/0-worker,prepare streams@25/0-worker,1143.2,1028.5,681.4,724.1,1128.8
817,137083937680077,538.5,143.8,367.8,26.9,11.3,501.1,assemble attention plan@24/?-work_queue,Prepare hardware matmul job@24/?-work_queue,536.8,433.8,120.6,124.9,522.3
818,137083942521614,918.2,514.4,358.5,45.3,13.1,880.0,assemble attention plan@24/?-work_queue,Prepare hardware matmul job@24/?-work_queue,916.4,811.1,498.5,502.4,903.2
819,137083947856915,538.7,148.4,362.9,27.3,10.4,501.4,assemble attention plan@24/?-work_queue,Prepare hardware matmul job@24/?-work_queue,536.9,434.4,130.5,134.7,521.9
820,137083952743658,490.5,150.3,306.4,33.8,10.6,378.1,notify_listener@25/0-worker,work_queue::do_work get_work@24/?-work_queue,488.3,378.1,131.5,136.6,469.9
821,137083957633975,529.3,136.6,366.6,26.1,12.1,492.0,assemble attention plan@24/?-work_queue,Prepare hardware matmul job@24/?-work_queue,527.8,422.7,118.1,123.4,513.8
822,137083962488357,473.9,142.3,303.4,28.2,11.5,435.6,assemble attention plan@24/?-work_queue,Prepare hardware matmul job@24/?-work_queue,472.2,369.6,129.1,133.2,457.0
823,137083967371482,452.2,135.7,287.7,28.8,10.9,415.1,assemble attention plan@24/?-work_queue,Prepare hardware matmul job@24/?-work_queue,450.1,349.3,108.7,113.1,435.9
824,137083972130031,992.4,555.7,337.1,99.6,65.5,514.8,kernel_add_rmsnorm_71@25/0-worker,prepare streams@25/0-worker,990.6,884.2,582.6,587.3,975.9
825,137083977487639,468.7,136.9,306.8,25.0,10.0,426.3,assemble attention plan@24/?-work_queue,Prepare hardware matmul job@24/?-work_queue,466.4,361.8,135.0,139.0,445.9
826,137083982243249,1051.4,536.3,414.3,100.9,72.2,486.5,kernel_add_rmsnorm_71@25/0-worker,prepare streams@25/0-worker,1049.0,938.0,561.3,571.4,1034.7
827,137083987701828,458.4,145.5,287.3,25.6,11.6,419.7,assemble attention plan@24/?-work_queue,Prepare hardware matmul job@24/?-work_queue,457.0,345.3,118.6,124.2,441.9
828,137083992476562,1597.5,590.3,786.5,220.8,87.2,1274.3,notify_listener@25/0-worker,work_queue::do_work get_work@24/?-work_queue,1596.0,1274.3,532.8,549.2,1581.8
829,137083998507726,880.5,551.9,297.5,31.1,15.5,837.5,assemble attention plan@24/?-work_queue,Prepare hardware matmul job@24/?-work_queue,878.0,770.0,531.9,536.8,863.5
830,137084003729115,718.6,353.2,337.4,28.0,11.4,676.0,assemble attention plan@24/?-work_queue,Prepare hardware matmul job@24/?-work_queue,716.1,608.4,314.9,321.6,696.8
831,137084008823545,608.2,251.4,329.7,27.1,12.0,555.8,assemble attention plan@24/?-work_queue,Prepare hardware matmul job@24/?-work_queue,606.4,489.4,249.8,253.8,577.0
832,137084013733980,1385.8,521.4,758.5,105.9,79.7,475.3,kernel_add_rmsnorm_71@25/0-worker,prepare streams@25/0-worker,1384.3,1276.6,557.0,563.1,1369.1
833,137084019536631,542.8,144.1,372.7,26.0,12.5,504.8,assemble attention plan@24/?-work_queue,Prepare hardware matmul job@24/?-work_queue,540.8,429.7,120.1,125.5,527.3
834,137084024379289,905.0,508.4,295.4,101.2,76.5,465.7,kernel_add_rmsnorm_71@25/0-worker,prepare streams@25/0-worker,901.4,800.0,544.4,551.3,887.0
835,137084029675500,607.6,141.3,442.5,23.8,10.5,571.7,assemble attention plan@24/?-work_queue,Prepare hardware matmul job@24/?-work_queue,604.9,506.7,134.2,138.4,591.8
836,137084034651663,530.0,144.7,360.4,24.8,10.1,487.5,assemble attention plan@24/?-work_queue,Prepare hardware matmul job@24/?-work_queue,527.3,420.0,114.1,118.2,508.0
837,137084039590554,547.6,136.5,386.7,24.4,11.3,504.0,assemble attention plan@24/?-work_queue,Prepare hardware matmul job@24/?-work_queue,545.5,439.3,131.9,137.4,531.2
838,137084044433443,534.1,145.0,362.2,26.9,13.2,494.0,assemble attention plan@24/?-work_queue,Prepare hardware matmul job@24/?-work_queue,531.7,416.1,114.1,118.2,516.9
839,137084049393426,442.0,135.4,282.1,24.5,11.8,403.2,assemble attention plan@24/?-work_queue,Prepare hardware matmul job@24/?-work_queue,439.6,338.9,119.2,134.4,424.6
840,137084054110699,478.2,153.9,296.8,27.5,11.4,441.4,assemble attention plan@24/?-work_queue,Prepare hardware matmul job@24/?-work_queue,476.5,375.4,145.1,152.1,462.7
841,137084058997551,540.7,146.7,365.1,28.9,11.4,502.4,assemble attention plan@24/?-work_queue,Prepare hardware matmul job@24/?-work_queue,538.8,436.0,131.3,136.0,523.8
842,137084063847004,501.2,143.8,330.7,26.7,10.2,458.6,assemble attention plan@24/?-work_queue,Prepare hardware matmul job@24/?-work_queue,499.0,392.9,107.8,113.2,478.5
843,137084068719434,522.2,130.7,364.6,26.8,12.1,476.8,assemble attention plan@24/?-work_queue,Prepare hardware matmul job@24/?-work_queue,520.1,410.5,93.9,100.8,504.0
844,137084073535080,501.1,150.4,318.8,31.9,14.9,460.5,assemble attention plan@24/?-work_queue,Prepare hardware matmul job@24/?-work_queue,499.3,371.7,113.0,117.5,486.2
845,137084078402651,1003.2,544.8,351.1,107.3,73.5,492.5,rx collecting results@150/0-RX-3b,prepare streams@25/0-worker,1000.8,894.6,583.2,591.7,986.4
846,137084083724633,760.7,328.4,400.5,31.7,10.1,724.2,assemble attention plan@24/?-work_queue,Prepare hardware matmul job@24/?-work_queue,758.8,657.5,323.4,327.5,744.3
847,137084088844682,461.0,144.7,286.8,29.5,12.3,418.1,assemble attention plan@24/?-work_queue,Prepare hardware matmul job@24/?-work_queue,459.0,349.7,113.4,123.1,440.7
848,137084093640863,453.5,139.2,284.5,29.8,11.4,335.8,notify_listener@25/0-worker,work_queue::do_work get_work@24/?-work_queue,451.6,335.8,108.1,112.2,431.8
849,137084098437119,963.4,524.8,347.9,90.7,63.8,471.8,kernel_add_rmsnorm_71@25/0-worker,prepare streams@25/0-worker,961.7,851.8,537.6,548.5,947.3
850,137084103713492,455.2,152.8,274.4,27.9,11.5,414.5,assemble attention plan@24/?-work_queue,Prepare hardware matmul job@24/?-work_queue,452.2,347.5,123.2,144.4,436.4
851,137084108525024,926.8,552.1,349.0,25.8,10.4,889.8,assemble attention plan@24/?-work_queue,Prepare hardware matmul job@24/?-work_queue,925.1,821.6,516.0,520.1,910.5
852,137084113818794,580.6,283.5,270.4,26.8,11.2,544.7,assemble attention plan@24/?-work_queue,Prepare hardware matmul job@24/?-work_queue,578.9,479.3,234.1,242.1,565.6
853,137084118756540,705.5,320.9,356.6,28.1,11.4,662.6,assemble attention plan@24/?-work_queue,Prepare hardware matmul job@24/?-work_queue,703.4,598.5,292.2,297.1,683.7
854,137084123757586,542.4,156.4,360.7,25.4,11.7,497.4,assemble attention plan@24/?-work_queue,Prepare hardware matmul job@24/?-work_queue,540.4,432.4,125.1,132.2,524.8
855,137084128684419,538.8,134.2,377.2,27.4,13.2,499.3,assemble attention plan@24/?-work_queue,Prepare hardware matmul job@24/?-work_queue,537.3,427.8,122.2,130.4,523.2
856,137084133528721,459.2,135.4,283.8,40.0,11.3,420.8,assemble attention plan@24/?-work_queue,Prepare hardware matmul job@24/?-work_queue,455.2,343.9,105.8,109.6,441.7
857,137084138360950,992.0,542.9,348.3,100.8,67.2,508.7,kernel_add_rmsnorm_71@25/0-worker,prepare streams@25/0-worker,990.4,890.0,578.5,592.8,977.3
858,137084143690030,759.3,391.5,334.4,33.4,11.4,718.8,assemble attention plan@24/?-work_queue,Prepare hardware matmul job@24/?-work_queue,757.7,649.1,353.8,373.3,740.4
859,137084148832130,556.1,254.6,275.1,26.4,10.6,512.6,assemble attention plan@24/?-work_queue,Prepare hardware matmul job@24/?-work_queue,553.6,445.4,218.1,222.9,533.6
860,137084153708815,478.0,135.8,305.2,37.0,11.4,363.1,notify_listener@25/0-worker,work_queue::do_work get_work@24/?-work_queue,476.2,363.1,119.9,123.7,460.6
861,137084158559447,540.1,154.2,355.4,30.5,16.6,496.7,assemble attention plan@24/?-work_queue,Prepare hardware matmul job@24/?-work_queue,538.4,418.9,115.9,122.6,523.5
862,137084163413862,2379.1,766.9,658.4,953.9,748.9,1168.6,notify_listener@25/0-worker,work_queue::do_work get_work@24/?-work_queue,2376.6,1168.6,558.3,561.9,2362.3
863,137084170226880,1808.8,773.3,780.7,254.8,102.0,1679.6,assemble attention plan@24/?-work_queue,Prepare hardware matmul job@24/?-work_queue,1806.4,1300.4,569.1,576.7,1791.5
864,137084176389137,963.6,527.0,332.3,104.3,74.9,480.8,kernel_add_rmsnorm_71@25/0-worker,prepare streams@25/0-worker,962.2,860.5,557.5,563.7,947.2
865,137084181803726,675.5,284.9,364.9,25.7,12.6,631.6,assemble attention plan@24/?-work_queue,Prepare hardware matmul job@24/?-work_queue,672.3,565.5,257.8,261.3,654.3
866,137084186802156,613.8,297.0,288.5,28.3,12.4,568.2,assemble attention plan@24/?-work_queue,Prepare hardware matmul job@24/?-work_queue,611.8,502.4,254.1,258.0,591.1
867,137084191783083,521.9,137.1,357.5,27.3,13.8,480.8,assemble attention plan@24/?-work_queue,Prepare hardware matmul job@24/?-work_queue,519.3,407.3,96.8,102.1,505.2
868,137084196647417,763.5,404.0,327.3,32.2,12.9,646.3,notify_listener@25/0-worker,work_queue::do_work get_work@24/?-work_queue,761.5,646.3,397.0,403.1,748.2
869,137084201802538,661.3,280.8,351.0,29.5,11.7,624.5,assemble attention plan@24/?-work_queue,Prepare hardware matmul job@24/?-work_queue,659.8,559.0,247.8,251.7,646.7
870,137084206783571,469.3,144.7,297.1,27.5,11.2,432.3,assemble attention plan@24/?-work_queue,Prepare hardware matmul job@24/?-work_queue,466.7,365.1,130.8,135.2,453.3
871,137084211604683,481.3,146.4,306.9,28.0,11.7,436.3,assemble attention plan@24/?-work_queue,Prepare hardware matmul job@24/?-work_queue,478.9,363.9,122.4,127.3,458.1
872,137084216412082,1664.3,699.6,727.5,237.2,97.9,499.9,kernel_add_rmsnorm_71@25/0-worker,prepare streams@25/0-worker,1661.5,1286.5,599.8,604.9,1640.8
873,137084222500034,456.1,137.0,292.8,26.2,11.6,418.2,assemble attention plan@24/?-work_queue,Prepare hardware matmul job@24/?-work_queue,454.0,345.9,120.5,128.3,440.3
874,137084227258753,989.7,549.0,348.8,91.8,64.7,508.5,kernel_add_rmsnorm_71@25/0-worker,prepare streams@25/0-worker,988.1,885.0,575.1,587.1,975.0
875,137084232645400,477.0,146.9,304.7,25.4,11.3,439.5,assemble attention plan@24/?-work_queue,Prepare hardware matmul job@24/?-work_queue,475.3,372.2,126.7,131.6,460.9
876,137084237486726,1608.5,607.8,789.0,211.7,88.0,1367.8,notify_listener@25/0-worker,work_queue::do_work get_work@24/?-work_queue,1606.7,1367.8,644.3,649.9,1590.9
877,137084243498449,561.7,171.7,356.0,34.0,17.3,500.6,assemble attention plan@24/?-work_queue,Prepare hardware matmul job@24/?-work_queue,559.5,432.0,130.4,134.6,528.0
878,137084248407316,1692.8,596.2,866.8,229.7,101.0,1422.4,notify_listener@25/0-worker,work_queue::do_work get_work@24/?-work_queue,1690.4,1422.4,607.5,613.2,1675.9
879,137084254532676,529.5,140.0,360.6,28.8,10.6,491.2,assemble attention plan@24/?-work_queue,Prepare hardware matmul job@24/?-work_queue,526.5,416.4,112.3,117.1,512.5
880,137084259383966,1682.4,776.6,737.0,168.8,84.7,1319.8,notify_listener@25/0-worker,work_queue::do_work get_work@24/?-work_queue,1680.5,1319.8,629.4,639.7,1666.2
881,137084265505866,529.9,132.7,365.6,31.6,15.9,488.2,assemble attention plan@24/?-work_queue,Prepare hardware matmul job@24/?-work_queue,528.0,418.0,108.1,112.4,513.9
882,137084270351698,477.8,157.4,291.4,29.0,11.1,435.5,assemble attention plan@24/?-work_queue,Prepare hardware matmul job@24/?-work_queue,474.4,364.4,132.9,139.5,456.6
883,137084275205844,1034.4,558.8,377.7,97.9,71.7,512.1,kernel_add_rmsnorm_71@25/0-worker,prepare streams@25/0-worker,1032.6,924.9,586.1,597.0,1017.2
884,137084280610624,536.3,143.4,357.6,35.3,13.5,497.3,assemble attention plan@24/?-work_queue,Prepare hardware matmul job@24/?-work_queue,534.5,422.0,117.5,123.6,520.9
885,137084285567940,881.6,499.5,354.4,27.7,10.0,843.2,assemble attention plan@24/?-work_queue,Prepare hardware matmul job@24/?-work_queue,879.3,777.1,468.8,472.7,863.3
886,137084290806350,683.1,275.8,375.9,31.4,11.4,645.3,assemble attention plan@24/?-work_queue,Prepare hardware matmul job@24/?-work_queue,680.8,572.3,250.2,253.5,666.6
887,137084295871117,498.9,158.8,314.1,25.9,12.0,458.3,assemble attention plan@24/?-work_queue,Prepare hardware matmul job@24/?-work_queue,495.9,390.0,120.3,124.6,481.1
888,137084300675299,721.4,403.2,285.6,32.7,11.7,679.6,assemble attention plan@24/?-work_queue,Prepare hardware matmul job@24/?-work_queue,719.7,608.0,370.8,375.7,701.7
889,137084305789630,677.5,299.3,348.2,29.9,11.0,635.7,assemble attention plan@24/?-work_queue,Prepare hardware matmul job@24/?-work_queue,675.6,569.7,266.2,273.7,661.3
890,137084310780444,608.9,300.0,271.8,37.0,11.9,570.3,assemble attention plan@24/?-work_queue,Prepare hardware matmul job@24/?-work_queue,606.3,492.4,256.1,261.4,593.1
891,137084315765530,635.1,318.1,290.2,26.8,10.0,598.8,assemble attention plan@24/?-work_queue,Prepare hardware matmul job@24/?-work_queue,633.6,530.1,287.6,296.5,620.0
892,137084320710056,745.6,384.5,333.4,27.7,11.5,708.7,assemble attention plan@24/?-work_queue,Prepare hardware matmul job@24/?-work_queue,743.6,641.2,332.3,339.4,730.0
893,137084325870191,2030.1,813.0,780.5,436.6,267.4,1734.8,assemble attention plan@24/?-work_queue,Prepare hardware matmul job@24/?-work_queue,2027.7,1337.0,592.9,600.0,2012.1
894,137084332241809,544.6,155.1,362.9,26.6,11.9,499.8,assemble attention plan@24/?-work_queue,Prepare hardware matmul job@24/?-work_queue,541.3,434.0,125.1,130.8,521.9
895,137084337154129,471.8,146.3,298.5,27.1,13.9,426.4,assemble attention plan@24/?-work_queue,Prepare hardware matmul job@24/?-work_queue,469.3,360.5,127.7,132.7,455.0
896,137084341986196,517.6,143.4,351.8,22.4,9.5,481.9,assemble attention plan@24/?-work_queue,Prepare hardware matmul job@24/?-work_queue,514.7,409.2,114.0,118.1,501.3
897,137084346835157,555.0,248.9,280.8,25.3,11.4,518.8,assemble attention plan@24/?-work_queue,Prepare hardware matmul job@24/?-work_queue,553.3,451.9,218.1,229.0,539.9
898,137084351693951,1200.5,363.3,644.6,192.6,100.8,1075.0,assemble attention plan@24/?-work_queue,Prepare hardware matmul job@24/?-work_queue,1199.0,715.1,136.6,140.6,1185.4
899,137084357200226,518.3,177.1,313.7,27.6,12.7,454.2,assemble attention plan@24/?-work_queue,Prepare hardware matmul job@24/?-work_queue,516.9,388.6,121.6,125.5,477.3
900,137084362061988,1184.6,599.9,477.6,107.1,81.0,562.0,kernel_add_rmsnorm_71@25/0-worker,prepare streams@25/0-worker,1183.0,1073.4,645.0,651.3,1162.7
901,137084367617612,1858.8,785.9,758.0,314.9,169.1,1662.0,assemble attention plan@24/?-work_queue,Prepare hardware matmul job@24/?-work_queue,1856.8,1268.8,564.2,570.4,1842.0
902,137084373840248,556.8,140.3,386.6,29.9,11.2,519.6,assemble attention plan@24/?-work_queue,Prepare hardware matmul job@24/?-work_queue,555.0,448.4,127.7,135.9,540.9
903,137084378724310,676.4,360.1,291.5,24.8,11.6,635.4,assemble attention plan@24/?-work_queue,Prepare hardware matmul job@24/?-work_queue,673.5,569.7,323.8,329.1,658.4
904,137084383846992,588.8,286.4,267.9,34.4,11.1,550.0,assemble attention plan@24/?-work_queue,Prepare hardware matmul job@24/?-work_queue,585.8,478.8,246.9,251.5,571.2
905,137084388753217,1432.1,541.7,785.7,104.7,75.8,675.0,kernel_add_rmsnorm_71@25/0-worker,prepare streams@25/0-worker,1430.1,1325.1,752.8,763.6,1415.3
906,137084394552292,844.3,511.1,281.9,51.3,13.2,15.4,rx collecting results@149/0-RX-38,Launch hardware matmul job@24/?-work_queue,842.8,731.7,485.6,490.8,823.7
907,137084399743672,1139.6,393.9,539.7,206.1,108.1,1004.6,assemble attention plan@24/?-work_queue,Prepare hardware matmul job@24/?-work_queue,1137.9,587.6,127.2,131.5,1122.8
908,137084405275747,470.8,149.1,285.6,36.1,11.3,433.9,assemble attention plan@24/?-work_queue,Prepare hardware matmul job@24/?-work_queue,469.1,359.9,126.9,132.3,455.2
909,137084410108199,1123.4,555.3,476.1,91.9,61.2,507.0,kernel_add_rmsnorm_71@25/0-worker,prepare streams@25/0-worker,1121.8,1017.7,570.2,577.6,1107.9
910,137084415616964,518.9,142.8,347.9,28.2,12.7,480.0,assemble attention plan@24/?-work_queue,Prepare hardware matmul job@24/?-work_queue,516.8,410.3,114.9,120.5,502.4
911,137084420496101,887.9,582.7,281.4,23.9,10.1,846.3,assemble attention plan@24/?-work_queue,Prepare hardware matmul job@24/?-work_queue,885.5,780.5,543.0,549.3,866.5
912,137084425749146,492.6,147.9,320.4,24.3,11.5,448.8,assemble attention plan@24/?-work_queue,Prepare hardware matmul job@24/?-work_queue,491.0,382.3,136.3,140.1,475.2
913,137084430591796,471.0,147.2,296.9,26.9,12.6,433.4,assemble attention plan@24/?-work_queue,Prepare hardware matmul job@24/?-work_queue,469.5,358.7,120.3,124.2,455.7
914,137084435329633,469.4,132.7,305.3,31.4,11.9,360.6,notify_listener@25/0-worker,work_queue::do_work get_work@24/?-work_queue,467.8,360.6,109.4,120.2,454.6
915,137084440121358,466.9,138.7,297.6,30.6,12.1,428.6,assemble attention plan@24/?-work_queue,Prepare hardware matmul job@24/?-work_queue,464.9,361.4,119.8,124.9,450.8
916,137084444977250,526.4,130.3,364.1,32.0,10.9,418.6,notify_listener@25/0-worker,work_queue::do_work get_work@24/?-work_queue,524.1,418.6,112.4,119.4,509.6
917,137084449918662,611.0,215.6,367.7,27.7,11.3,566.4,assemble attention plan@24/?-work_queue,Prepare hardware matmul job@24/?-work_queue,609.0,495.7,192.8,198.4,588.4
918,137084454829066,482.2,140.0,306.7,35.5,9.7,371.4,notify_listener@25/0-worker,work_queue::do_work get_work@24/?-work_queue,480.6,371.4,124.1,129.2,465.5
919,137084459664961,543.1,139.0,374.3,29.8,12.6,505.3,assemble attention plan@24/?-work_queue,Prepare hardware matmul job@24/?-work_queue,541.3,429.8,116.4,124.9,528.1
920,137084464504444,533.8,135.3,369.3,29.2,13.3,494.3,assemble attention plan@24/?-work_queue,Prepare hardware matmul job@24/?-work_queue,532.1,426.8,122.8,128.5,517.5
921,137084469412534,1657.3,646.2,917.3,93.8,49.0,1377.8,notify_listener@25/0-worker,work_queue::do_work get_work@24/?-work_queue,1655.7,1377.8,620.6,632.6,1641.6
922,137084475400240,974.1,542.8,328.8,102.5,67.9,489.0,kernel_add_rmsnorm_71@25/0-worker,prepare streams@25/0-worker,971.7,863.4,559.0,562.4,957.5
923,137084480814526,1316.4,508.6,711.6,96.2,70.9,458.4,kernel_add_rmsnorm_71@25/0-worker,prepare streams@25/0-worker,1314.8,1199.4,531.1,544.0,1286.9
924,137084486495442,1596.5,598.6,777.9,220.0,83.6,1316.4,notify_listener@25/0-worker,work_queue::do_work get_work@24/?-work_queue,1594.7,1316.4,576.8,585.9,1578.6
925,137084492470609,472.7,138.0,303.3,31.4,16.6,430.4,assemble attention plan@24/?-work_queue,Prepare hardware matmul job@24/?-work_queue,471.0,354.3,113.1,117.7,457.1
926,137084497289110,1018.6,541.8,378.3,98.4,68.3,502.2,kernel_add_rmsnorm_71@25/0-worker,prepare streams@25/0-worker,1016.5,908.6,572.5,577.2,1002.3
927,137084502707707,1391.8,406.5,876.4,108.9,68.7,1178.8,notify_listener@25/0-worker,work_queue::do_work get_work@24/?-work_queue,1390.2,1178.8,342.1,357.7,1376.3
928,137084509632413,824.0,419.9,324.7,79.4,25.2,417.5,rx collecting results@148/0-RX-13,rx collecting results@150/0-RX-3b,818.4,703.7,464.5,480.3,804.1
929,137084514730494,577.5,156.3,393.3,27.9,10.7,535.4,assemble attention plan@24/?-work_queue,Prepare hardware matmul job@24/?-work_queue,575.8,459.0,138.4,148.0,555.9
930,137084519608695,544.2,139.2,377.1,27.9,12.6,499.7,assemble attention plan@24/?-work_queue,Prepare hardware matmul job@24/?-work_queue,542.4,428.8,120.7,128.1,522.3
931,137084524532558,535.8,150.5,357.1,28.2,11.6,497.9,assemble attention plan@24/?-work_queue,Prepare hardware matmul job@24/?-work_queue,534.3,419.9,116.3,120.5,519.5
932,137084529374028,913.0,565.8,260.5,86.7,59.3,500.2,kernel_add_rmsnorm_71@25/0-worker,prepare streams@25/0-worker,911.1,801.7,561.5,565.5,895.2
933,137084534662787,788.2,404.1,353.3,30.8,10.9,752.1,assemble attention plan@24/?-work_queue,Prepare hardware matmul job@24/?-work_queue,786.7,683.5,385.5,391.5,772.9
934,137084539796283,501.9,145.1,331.6,25.3,10.2,465.9,assemble attention plan@24/?-work_queue,Prepare hardware matmul job@24/?-work_queue,500.5,397.9,130.8,134.4,486.4
935,137084544643606,767.5,435.3,305.0,27.2,9.1,726.7,assemble attention plan@24/?-work_queue,Prepare hardware matmul job@24/?-work_queue,765.2,660.3,407.5,412.8,746.5
936,137084549780421,690.1,309.1,353.8,27.2,11.8,645.7,assemble attention plan@24/?-work_queue,Prepare hardware matmul job@24/?-work_queue,688.5,577.5,266.0,271.4,668.6
937,137084554836558,485.8,132.3,313.0,40.5,24.6,433.6,assemble attention plan@24/?-work_queue,Prepare hardware matmul job@24/?-work_queue,482.8,364.5,102.8,106.8,468.4
938,137084559627789,832.2,451.3,351.6,29.3,11.3,715.1,notify_listener@25/0-worker,work_queue::do_work get_work@24/?-work_queue,829.2,715.1,411.8,419.4,816.0
939,137084564835588,548.5,241.1,277.2,30.2,10.5,512.0,assemble attention plan@24/?-work_queue,Prepare hardware matmul job@24/?-work_queue,546.8,442.6,211.5,215.7,532.5
940,137084569694663,472.6,135.1,308.6,29.0,10.9,435.7,assemble attention plan@24/?-work_queue,Prepare hardware matmul job@24/?-work_queue,470.5,363.6,130.4,135.2,455.7
941,137084574521455,1591.1,562.2,834.9,193.9,71.2,612.7,kernel_add_rmsnorm_71@25/0-worker,prepare streams@25/0-worker,1589.5,1438.2,685.8,690.3,1576.1
942,137084580458285,766.7,137.7,597.4,31.6,11.5,651.0,notify_listener@25/0-worker,work_queue::do_work get_work@24/?-work_queue,764.6,651.0,117.2,122.3,745.8
943,137084585591985,480.1,161.1,292.3,26.6,12.5,441.6,assemble attention plan@24/?-work_queue,Prepare hardware matmul job@24/?-work_queue,477.9,348.9,119.1,122.9,464.0
944,137084590432770,1648.6,709.3,756.9,182.4,92.4,1354.6,notify_listener@25/0-worker,work_queue::do_work get_work@24/?-work_queue,1647.0,1354.6,585.0,664.8,1631.8
945,137084596472992,523.4,151.0,344.2,28.2,10.7,484.9,assemble attention plan@24/?-work_queue,Prepare hardware matmul job@24/?-work_queue,521.4,414.3,124.4,131.0,505.5
946,137084601298846,494.2,148.1,311.8,34.2,11.2,457.1,assemble attention plan@24/?-work_queue,Prepare hardware matmul job@24/?-work_queue,492.5,384.2,141.3,145.4,477.5
947,137084606192569,466.1,142.3,296.0,27.8,10.8,423.3,assemble attention plan@24/?-work_queue,Prepare hardware matmul job@24/?-work_queue,463.4,357.0,107.8,111.8,443.8
948,137084611033469,1076.7,154.0,796.6,126.1,97.4,847.9,notify_listener@25/0-worker,work_queue::do_work get_work@24/?-work_queue,1072.8,847.9,115.3,120.3,1056.4
949,137084616490305,547.4,144.0,376.2,27.2,13.8,508.1,assemble attention plan@24/?-work_queue,Prepare hardware matmul job@24/?-work_queue,545.5,434.8,125.8,130.6,532.1
950,137084621396726,436.8,138.0,268.8,30.0,11.0,326.0,notify_listener@25/0-worker,work_queue::do_work get_work@24/?-work_queue,434.7,326.0,103.4,107.6,419.5
951,137084626254523,1042.8,514.1,430.3,98.4,73.5,493.7,kernel_add_rmsnorm_71@25/0-worker,prepare streams@25/0-worker,1040.9,936.1,569.8,582.0,1025.9
952,137084631697812,705.4,379.0,294.8,31.6,11.2,667.7,assemble attention plan@24/?-work_queue,Prepare hardware matmul job@24/?-work_queue,703.1,595.0,349.4,355.4,689.4
953,137084636839186,583.3,251.2,287.1,44.9,16.2,6.7,rx collecting results@150/0-RX-3b,Launch hardware matmul job@24/?-work_queue,581.6,474.5,232.4,239.0,563.0
954,137084641850147,624.5,252.0,340.4,32.0,12.1,586.2,assemble attention plan@24/?-work_queue,Prepare hardware matmul job@24/?-work_queue,622.5,510.3,207.9,212.0,608.3
955,137084646889532,597.8,196.1,373.7,28.0,11.8,558.4,assemble attention plan@24/?-work_queue,Prepare hardware matmul job@24/?-work_queue,595.4,491.2,188.2,193.8,580.7
956,137084651894096,1185.4,218.3,819.4,147.7,109.9,886.7,notify_listener@25/0-worker,work_queue::do_work get_work@24/?-work_queue,1183.7,886.7,130.2,140.5,1169.4
957,137084657535364,891.0,360.6,334.7,195.7,160.1,100.0,rx collecting results@147/0-RX-10,Launch hardware matmul job@24/?-work_queue,889.3,779.8,511.2,517.6,874.8
958,137084662859131,624.5,221.4,367.3,35.8,12.8,579.3,assemble attention plan@24/?-work_queue,Prepare hardware matmul job@24/?-work_queue,621.8,505.2,192.7,196.6,602.0
959,137084667887379,616.5,213.3,377.9,25.2,10.6,572.6,assemble attention plan@24/?-work_queue,Prepare hardware matmul job@24/?-work_queue,614.4,502.5,199.7,204.3,599.7
960,137084672927635,580.8,185.1,364.7,31.1,11.7,541.7,assemble attention plan@24/?-work_queue,Prepare hardware matmul job@24/?-work_queue,578.7,461.4,154.0,159.2,564.3
961,137084677928783,520.5,185.0,309.8,25.7,9.5,485.0,assemble attention plan@24/?-work_queue,Prepare hardware matmul job@24/?-work_queue,518.5,414.5,159.2,169.5,504.4
962,137084682837556,1308.4,247.0,424.5,636.9,619.1,593.0,notify_listener@25/0-worker,work_queue::do_work get_work@24/?-work_queue,1306.6,593.0,217.4,221.0,1292.5
963,137084688558115,820.7,523.2,268.4,29.2,11.0,783.7,assemble attention plan@24/?-work_queue,Prepare hardware matmul job@24/?-work_queue,818.9,716.5,487.0,491.5,804.7
964,137084693776781,542.9,139.3,374.4,29.3,11.6,499.0,assemble attention plan@24/?-work_queue,Prepare hardware matmul job@24/?-work_queue,540.7,428.2,112.9,118.9,521.0
965,137084698736606,537.7,141.4,370.7,25.6,11.7,494.4,assemble attention plan@24/?-work_queue,Prepare hardware matmul job@24/?-work_queue,536.2,427.6,124.0,127.9,521.1
966,137084703677928,467.5,141.8,295.4,30.3,12.1,343.4,notify_listener@25/0-worker,work_queue::do_work get_work@24/?-work_queue,465.9,343.4,115.0,119.7,451.4
967,137084708572734,483.2,151.3,302.0,29.9,12.6,443.6,assemble attention plan@24/?-work_queue,Prepare hardware matmul job@24/?-work_queue,480.8,371.0,127.5,139.2,466.8
968,137084713471963,527.7,139.9,361.8,26.0,10.7,491.4,assemble attention plan@24/?-work_queue,Prepare hardware matmul job@24/?-work_queue,525.4,423.6,114.9,118.9,511.7
969,137084718445582,764.2,160.9,576.5,26.9,11.9,722.9,assemble attention plan@24/?-work_queue,Prepare hardware matmul job@24/?-work_queue,761.7,653.6,145.8,157.3,744.7
970,137084723626020,554.2,153.0,371.0,30.3,10.8,504.3,assemble attention plan@24/?-work_queue,Prepare hardware matmul job@24/?-work_queue,552.7,430.6,125.1,128.8,525.0
971,137084728610543,778.6,470.1,278.4,30.1,15.1,735.5,assemble attention plan@24/?-work_queue,Prepare hardware matmul job@24/?-work_queue,776.6,665.9,428.8,433.4,761.0
972,137084733783778,489.4,146.2,310.4,32.8,12.8,449.0,assemble attention plan@24/?-work_queue,Prepare hardware matmul job@24/?-work_queue,487.0,369.9,124.4,128.6,472.1
973,137084738694421,759.0,371.9,350.4,36.7,15.0,718.6,assemble attention plan@24/?-work_queue,Prepare hardware matmul job@24/?-work_queue,757.3,651.7,348.1,352.3,743.7
974,137084743878795,619.2,189.3,400.9,29.0,11.0,512.3,notify_listener@25/0-worker,work_queue::do_work get_work@24/?-work_queue,617.3,512.3,208.4,212.2,604.1
975,137084748980425,475.9,158.5,290.3,27.1,11.0,435.8,assemble attention plan@24/?-work_queue,Prepare hardware matmul job@24/?-work_queue,471.2,366.3,136.0,142.8,456.9
976,137084753965892,1395.9,282.6,1047.4,65.9,29.5,1184.2,notify_listener@25/0-worker,work_queue::do_work get_work@24/?-work_queue,1391.3,1184.2,198.7,212.7,1348.5
977,137084761350104,537.3,136.6,365.2,35.4,18.8,492.4,assemble attention plan@24/?-work_queue,Prepare hardware matmul job@24/?-work_queue,535.8,413.9,114.0,117.7,521.2
978,137084766249806,1045.0,552.9,395.2,96.9,66.0,506.8,kernel_add_rmsnorm_71@25/0-worker,prepare streams@25/0-worker,1043.5,930.4,575.0,590.6,1028.5
979,137084771754639,562.3,155.2,381.1,26.1,12.0,523.3,assemble attention plan@24/?-work_queue,Prepare hardware matmul job@24/?-work_queue,560.2,454.5,124.5,130.4,545.5
980,137084776781743,640.0,308.7,305.0,26.3,10.8,603.5,assemble attention plan@24/?-work_queue,Prepare hardware matmul job@24/?-work_queue,637.8,534.4,271.0,275.5,624.2
981,137084781852480,584.2,263.5,293.2,27.6,11.2,529.5,assemble attention plan@24/?-work_queue,Prepare hardware matmul job@24/?-work_queue,582.5,463.8,223.7,230.3,550.1
982,137084786857042,539.9,148.3,363.2,28.4,10.7,495.3,assemble attention plan@24/?-work_queue,Prepare hardware matmul job@24/?-work_queue,537.5,427.1,122.7,127.3,522.4
983,137084791855980,486.4,154.5,305.3,26.6,11.4,448.8,assemble attention plan@24/?-work_queue,Prepare hardware matmul job@24/?-work_queue,484.9,359.6,116.2,123.1,470.2
984,137084796754456,1319.3,438.9,773.6,106.9,49.0,1010.1,notify_listener@25/0-worker,work_queue::do_work get_work@24/?-work_queue,1317.4,1010.1,289.3,301.6,1303.3
985,137084802587114,531.1,140.6,364.0,26.6,11.9,493.7,assemble attention plan@24/?-work_queue,Prepare hardware matmul job@24/?-work_queue,529.3,426.4,122.4,126.3,514.9
986,137084807553627,829.8,524.8,279.7,25.3,9.8,789.1,assemble attention plan@24/?-work_queue,Prepare hardware matmul job@24/?-work_queue,822.5,721.6,492.4,504.6,808.3
987,137084812896245,609.9,203.4,380.2,26.3,11.5,566.0,assemble attention plan@24/?-work_queue,Prepare hardware matmul job@24/?-work_queue,608.2,496.2,185.3,189.8,591.1
988,137084817892886,547.6,153.0,368.3,26.3,12.4,508.6,assemble attention plan@24/?-work_queue,Prepare hardware matmul job@24/?-work_queue,545.7,436.2,132.6,136.3,531.0
989,137084822945046,1142.3,223.7,818.3,100.3,57.4,897.7,notify_listener@25/0-worker,work_queue::do_work get_work@24/?-work_queue,1139.5,897.7,148.7,154.1,1124.8
990,137084828528069,893.0,531.6,329.0,32.4,10.5,856.2,assemble attention plan@24/?-work_queue,Prepare hardware matmul job@24/?-work_queue,890.8,788.6,489.4,493.1,877.1
991,137084833979718,526.3,162.2,340.4,23.7,9.6,491.6,assemble attention plan@24/?-work_queue,Prepare hardware matmul job@24/?-work_queue,524.8,423.7,118.9,126.0,511.2
992,137084838930495,592.2,181.6,383.7,26.8,10.6,549.9,assemble attention plan@24/?-work_queue,Prepare hardware matmul job@24/?-work_queue,589.7,483.5,165.3,170.3,570.4
993,137084844042004,545.1,135.6,386.7,22.7,10.3,502.7,assemble attention plan@24/?-work_queue,Prepare hardware matmul job@24/?-work_queue,543.2,437.8,118.0,123.6,528.6
994,137084849019525,1192.3,549.2,540.1,103.0,77.9,504.6,kernel_add_rmsnorm_71@25/0-worker,prepare streams@25/0-worker,1190.8,1080.9,584.6,591.2,1174.6
995,137084854715471,1423.6,606.6,730.1,86.9,60.0,498.2,kernel_add_rmsnorm_71@25/0-worker,prepare streams@25/0-worker,1421.9,1316.2,615.3,631.2,1407.9
996,137084860568295,885.2,518.6,338.4,28.3,10.3,849.0,assemble attention plan@24/?-work_queue,Prepare hardware matmul job@24/?-work_queue,883.2,781.5,472.9,478.9,869.7
997,137084865957446,550.0,162.5,360.7,26.8,11.8,511.8,assemble attention plan@24/?-work_queue,Prepare hardware matmul job@24/?-work_queue,548.0,445.1,141.3,145.1,533.8
998,137084870907465,1268.3,569.3,584.0,115.0,71.9,539.2,kernel_add_rmsnorm_71@25/0-worker,prepare streams@25/0-worker,1266.4,1157.3,613.3,617.2,1246.2
999,137084876711412,539.7,142.8,365.2,31.6,11.8,499.1,assemble attention plan@24/?-work_queue,Prepare hardware matmul job@24/?-work_queue,537.4,423.6,120.8,125.3,521.7
1000,137084881691367,758.9,388.2,341.7,29.1,12.7,717.6,assemble attention plan@24/?-work_queue,Prepare hardware matmul job@24/?-work_queue,756.8,649.7,351.9,355.7,740.8
1001,137084886972667,471.5,158.2,285.9,27.5,10.0,436.9,assemble attention plan@24/?-work_queue,Prepare hardware matmul job@24/?-work_queue,469.9,371.4,134.4,139.8,456.7
1002,137084891870466,545.0,146.6,372.1,26.3,9.8,508.6,assemble attention plan@24/?-work_queue,Prepare hardware matmul job@24/?-work_queue,543.6,443.2,129.1,143.6,528.8
1003,137084897012698,550.7,166.2,358.2,26.3,11.3,494.1,assemble attention plan@24/?-work_queue,Prepare hardware matmul job@24/?-work_queue,549.1,425.1,126.2,131.6,515.6
1004,137084902014873,1214.8,554.7,551.3,108.8,75.1,520.0,kernel_add_rmsnorm_71@25/0-worker,prepare streams@25/0-worker,1211.8,1102.5,597.5,614.8,1196.1
1005,137084907768463,542.7,130.9,373.8,38.0,17.9,499.6,assemble attention plan@24/?-work_queue,Prepare hardware matmul job@24/?-work_queue,540.5,424.4,115.6,120.0,527.4
1006,137084912727171,737.5,357.7,353.5,26.2,11.3,699.8,assemble attention plan@24/?-work_queue,Prepare hardware matmul job@24/?-work_queue,735.3,631.9,322.0,325.7,721.0
1007,137084917976058,488.7,167.1,296.5,25.1,10.6,452.4,assemble attention plan@24/?-work_queue,Prepare hardware matmul job@24/?-work_queue,487.0,385.4,140.0,146.7,473.0
1008,137084922876809,648.2,238.3,385.6,24.2,11.0,596.0,assemble attention plan@24/?-work_queue,Prepare hardware matmul job@24/?-work_queue,646.7,528.7,217.9,222.0,617.2
1009,137084928024834,1174.1,529.7,534.9,109.5,82.0,475.8,kernel_add_rmsnorm_71@25/0-worker,prepare streams@25/0-worker,1171.5,1063.2,559.6,563.3,1156.9
1010,137084933603903,847.4,478.9,343.3,25.1,11.3,811.1,assemble attention plan@24/?-work_queue,Prepare hardware matmul job@24/?-work_queue,845.8,737.8,435.1,438.8,832.2
1011,137084938936826,1226.7,481.4,653.5,91.8,66.6,446.2,rx collecting results@147/0-RX-10,prepare streams@25/0-worker,1225.2,1120.2,515.1,525.2,1210.1
1012,137084944590188,849.3,495.7,328.1,25.5,11.8,811.2,assemble attention plan@24/?-work_queue,Prepare hardware matmul job@24/?-work_queue,847.2,743.2,446.1,450.0,832.5
1013,137084949918440,1803.6,768.3,754.9,280.5,109.6,1667.8,assemble attention plan@24/?-work_queue,Prepare hardware matmul job@24/?-work_queue,1801.9,1316.1,599.3,606.4,1787.5
1014,137084956189364,557.5,153.8,374.1,29.7,11.8,514.0,assemble attention plan@24/?-work_queue,Prepare hardware matmul job@24/?-work_queue,555.5,447.4,136.1,142.3,535.8
1015,137084961221874,1054.6,571.5,369.7,113.5,86.5,504.7,kernel_add_rmsnorm_71@25/0-worker,prepare streams@25/0-worker,1052.1,932.4,594.4,606.5,1038.0
1016,137084966744143,512.9,189.2,293.3,30.4,11.2,475.4,assemble attention plan@24/?-work_queue,Prepare hardware matmul job@24/?-work_queue,511.1,365.5,124.1,132.6,496.5
1017,137084971709043,758.8,382.8,345.5,30.6,11.0,720.9,assemble attention plan@24/?-work_queue,Prepare hardware matmul job@24/?-work_queue,757.2,641.6,336.9,340.9,742.0
1018,137084976960539,481.3,156.5,297.9,26.9,12.4,442.5,assemble attention plan@24/?-work_queue,Prepare hardware matmul job@24/?-work_queue,478.0,372.8,124.7,129.2,464.3
1019,137084981960149,507.9,165.6,304.7,37.6,11.9,463.4,assemble attention plan@24/?-work_queue,Prepare hardware matmul job@24/?-work_queue,505.5,393.7,150.0,154.4,485.6
1020,137084986919204,528.2,146.2,357.0,25.0,10.6,487.5,assemble attention plan@24/?-work_queue,Prepare hardware matmul job@24/?-work_queue,526.7,419.1,120.9,131.8,512.8
1021,137084991872907,524.9,223.3,271.4,30.3,14.3,483.4,assemble attention plan@24/?-work_queue,Prepare hardware matmul job@24/?-work_queue,523.0,409.2,181.8,185.8,508.4
1022,137084996887880,643.2,210.0,400.9,32.2,12.6,605.0,assemble attention plan@24/?-work_queue,Prepare hardware matmul job@24/?-work_queue,641.0,530.5,186.2,191.0,627.6
1023,137085001984111,1518.0,1171.0,312.2,34.8,10.5,1469.5,assemble attention plan@24/?-work_queue,Prepare hardware matmul job@24/?-work_queue,1514.3,1382.8,1154.3,1159.0,1491.5
1024,137085007940342,576.9,178.3,365.7,32.9,12.5,538.8,assemble attention plan@24/?-work_queue,Prepare hardware matmul job@24/?-work_queue,575.3,462.5,151.7,160.3,561.8
1025,137085012973518,497.4,158.7,311.8,26.8,10.4,462.5,assemble attention plan@24/?-work_queue,Prepare hardware matmul job@24/?-work_queue,495.1,381.9,138.8,145.4,482.7
1026,137085017956661,502.2,155.9,324.0,22.3,9.3,467.8,assemble attention plan@24/?-work_queue,Prepare hardware matmul job@24/?-work_queue,500.2,398.0,147.1,151.2,487.7
1027,137085022938418,541.0,149.1,367.8,24.1,10.1,502.9,assemble attention plan@24/?-work_queue,Prepare hardware matmul job@24/?-work_queue,539.1,431.7,126.6,132.6,523.4
1028,137085028018037,1412.0,392.5,795.8,223.7,115.8,1264.0,assemble attention plan@24/?-work_queue,Prepare hardware matmul job@24/?-work_queue,1410.0,857.0,120.3,124.1,1390.0
1029,137085033893159,593.0,211.5,356.1,25.4,9.6,550.7,assemble attention plan@24/?-work_queue,Prepare hardware matmul job@24/?-work_queue,591.5,480.9,164.5,168.2,577.9
1030,137085038950469,580.1,177.2,380.0,22.9,10.6,544.7,assemble attention plan@24/?-work_queue,Prepare hardware matmul job@24/?-work_queue,578.7,470.6,164.0,169.2,565.2
1031,137085043976542,1204.4,520.3,580.4,103.6,77.3,496.6,kernel_add_rmsnorm_71@25/0-worker,prepare streams@25/0-worker,1202.4,1098.8,576.2,587.3,1188.7
1032,137085049609998,452.0,140.2,287.5,24.3,11.0,416.1,assemble attention plan@24/?-work_queue,Prepare hardware matmul job@24/?-work_queue,450.0,344.4,116.1,120.1,436.8
1033,137085054578833,525.2,134.1,361.7,29.5,10.3,488.9,assemble attention plan@24/?-work_queue,Prepare hardware matmul job@24/?-work_queue,523.4,413.6,114.6,118.7,509.0
1034,137085059516452,459.1,144.3,285.8,29.0,12.7,413.9,assemble attention plan@24/?-work_queue,Prepare hardware matmul job@24/?-work_queue,456.7,344.2,109.1,114.2,437.1
1035,137085064469226,1640.5,555.1,932.0,153.4,58.0,1421.0,notify_listener@25/0-worker,work_queue::do_work get_work@24/?-work_queue,1637.7,1421.0,541.4,549.4,1623.2
1036,137085070585662,542.6,150.9,366.3,25.3,10.0,506.7,assemble attention plan@24/?-work_queue,Prepare hardware matmul job@24/?-work_queue,540.4,427.9,122.7,128.0,526.5
1037,137085075606109,622.7,149.8,440.6,32.2,14.7,580.6,assemble attention plan@24/?-work_queue,Prepare hardware matmul job@24/?-work_queue,620.6,509.6,125.2,128.8,605.6
1038,137085080704246,542.5,150.9,366.3,25.3,11.7,505.9,assemble attention plan@24/?-work_queue,Prepare hardware matmul job@24/?-work_queue,540.5,436.3,132.6,136.7,527.6
1039,137085085724589,757.0,362.7,365.0,29.3,11.9,710.1,assemble attention plan@24/?-work_queue,Prepare hardware matmul job@24/?-work_queue,755.4,639.9,325.2,331.1,732.9
1040,137085090970013,560.2,164.2,371.3,24.6,11.5,505.2,assemble attention plan@24/?-work_queue,Prepare hardware matmul job@24/?-work_queue,557.5,437.4,137.4,141.3,542.9
1041,137085096051139,1164.4,567.8,485.4,111.3,83.1,516.8,kernel_add_rmsnorm_71@25/0-worker,prepare streams@25/0-worker,1162.3,1052.0,602.3,606.9,1149.0
1042,137085101694465,540.3,155.0,361.1,24.2,9.7,506.1,assemble attention plan@24/?-work_queue,Prepare hardware matmul job@24/?-work_queue,538.8,437.1,136.8,140.6,525.8
1043,137085106753624,550.0,144.7,380.7,24.5,10.1,514.6,assemble attention plan@24/?-work_queue,Prepare hardware matmul job@24/?-work_queue,547.2,442.9,127.5,131.5,534.4
1044,137085111728074,732.9,365.4,344.0,23.4,8.7,695.0,assemble attention plan@24/?-work_queue,Prepare hardware matmul job@24/?-work_queue,731.2,626.6,326.2,330.6,713.7
1045,137085116953580,551.0,141.2,385.0,24.9,10.7,506.8,assemble attention plan@24/?-work_queue,Prepare hardware matmul job@24/?-work_queue,549.4,437.5,118.0,122.0,535.1
1046,137085121926314,505.2,185.6,291.5,28.1,10.7,468.5,assemble attention plan@24/?-work_queue,Prepare hardware matmul job@24/?-work_queue,503.4,393.4,167.5,172.4,489.0
1047,137085126950423,456.1,144.9,285.3,26.0,11.5,417.7,assemble attention plan@24/?-work_queue,Prepare hardware matmul job@24/?-work_queue,453.6,347.9,122.0,126.6,440.1
1048,137085131826642,578.5,260.6,292.4,25.5,9.9,542.5,assemble attention plan@24/?-work_queue,Prepare hardware matmul job@24/?-work_queue,576.9,474.6,230.9,236.8,563.0
1049,137085136935698,467.1,140.7,299.2,27.3,10.6,425.6,assemble attention plan@24/?-work_queue,Prepare hardware matmul job@24/?-work_queue,465.3,354.9,127.1,123.8,446.3
1050,137085141890052,1188.8,297.6,794.0,97.2,50.0,840.9,notify_listener@25/0-worker,work_queue::do_work get_work@24/?-work_queue,1186.8,840.9,118.6,125.7,1171.0
1051,137085147644330,1672.8,643.6,842.1,187.1,85.0,1562.3,assemble attention plan@24/?-work_queue,Prepare hardware matmul job@24/?-work_queue,1671.2,1141.2,399.9,403.7,1656.9
1052,137085153785604,742.3,60.5,681.8,0.0,0.0,,,,123.0,742.3,113.4,123.0,
1053,137085157325738,103.3,80.2,5.7,17.4,10.2,66.3,assemble attention plan@24/?-work_queue,Prepare hardware matmul job@24/?-work_queue,101.6,,,,
1054,137085162053313,1157.6,522.2,525.7,109.7,74.3,462.9,kernel_add_rmsnorm_71@25/0-worker,prepare streams@25/0-worker,1154.9,1040.1,538.8,543.4,1140.7
1055,137085167625233,776.3,454.7,291.9,29.6,10.6,738.2,assemble attention plan@24/?-work_queue,Prepare hardware matmul job@24/?-work_queue,773.5,669.1,428.8,432.4,758.9
1056,137085172920356,474.5,150.8,294.4,29.3,11.3,431.1,assemble attention plan@24/?-work_queue,Prepare hardware matmul job@24/?-work_queue,472.6,357.2,126.5,133.7,452.2
1057,137085177842120,646.0,250.9,369.0,26.2,10.4,602.7,assemble attention plan@24/?-work_queue,Prepare hardware matmul job@24/?-work_queue,644.6,530.0,230.5,237.5,628.1
1058,137085183033729,1167.1,541.9,522.0,103.2,74.0,492.2,kernel_add_rmsnorm_71@25/0-worker,prepare streams@25/0-worker,1165.1,1048.8,568.1,571.6,1151.8
1059,137085188688516,1848.1,758.8,817.2,272.1,104.2,1716.2,assemble attention plan@24/?-work_queue,Prepare hardware matmul job@24/?-work_queue,1847.9,1300.9,513.4,546.4,1830.8
1060,137085195105710,1005.4,546.4,347.0,111.9,80.6,509.7,kernel_add_rmsnorm_71@25/0-worker,prepare streams@25/0-worker,1003.0,892.8,592.3,598.0,988.4
1061,137085200568439,825.7,506.5,294.6,24.7,11.2,788.8,assemble attention plan@24/?-work_queue,Prepare hardware matmul job@24/?-work_queue,824.0,719.5,476.1,497.3,809.6
1062,137085205942274,548.5,142.3,376.0,30.2,10.9,505.0,assemble attention plan@24/?-work_queue,Prepare hardware matmul job@24/?-work_queue,545.6,432.4,133.7,137.8,526.1
1063,137085210911173,484.6,144.9,300.7,39.0,19.0,438.5,assemble attention plan@24/?-work_queue,Prepare hardware matmul job@24/?-work_queue,482.9,370.2,129.5,133.8,468.1
1064,137085215893690,482.1,140.1,308.6,33.4,10.9,444.8,assemble attention plan@24/?-work_queue,Prepare hardware matmul job@24/?-work_queue,480.2,367.7,112.2,117.8,465.7
1065,137085220881192,613.5,214.7,367.7,31.1,11.9,574.8,assemble attention plan@24/?-work_queue,Prepare hardware matmul job@24/?-work_queue,611.3,506.0,179.5,184.1,596.7
1066,137085225981250,477.7,162.7,282.2,32.9,10.7,439.9,assemble attention plan@24/?-work_queue,Prepare hardware matmul job@24/?-work_queue,474.0,365.9,127.9,134.8,460.2
1067,137085230899429,1188.9,310.9,771.2,106.8,59.3,902.0,notify_listener@25/0-worker,work_queue::do_work get_work@24/?-work_queue,1186.8,902.0,183.0,198.6,1166.9
1068,137085236609998,778.4,471.1,279.7,27.5,12.4,734.0,assemble attention plan@24/?-work_queue,Prepare hardware matmul job@24/?-work_queue,775.8,662.0,440.9,445.9,761.4
1069,137085241812487,677.6,313.1,332.9,31.6,10.5,641.2,assemble attention plan@24/?-work_queue,Prepare hardware matmul job@24/?-work_queue,675.8,566.8,254.8,261.5,670.6
1070,137085246978806,554.9,149.2,369.8,35.9,15.9,513.6,assemble attention plan@24/?-work_queue,Prepare hardware matmul job@24/?-work_queue,553.3,440.0,127.8,145.4,539.8
1071,137085251948886,1240.9,561.8,564.8,114.3,86.0,514.9,kernel_add_rmsnorm_71@25/0-worker,prepare streams@25/0-worker,1239.2,1133.8,603.3,619.9,1224.7
1072,137085257727184,470.8,145.1,298.0,27.8,10.9,360.7,notify_listener@25/0-worker,work_queue::do_work get_work@24/?-work_queue,469.3,360.7,116.2,122.4,454.7
1073,137085262635732,821.3,429.0,355.0,37.3,12.3,774.7,assemble attention plan@24/?-work_queue,Prepare hardware matmul job@24/?-work_queue,819.9,706.8,404.1,409.4,797.0
1074,137085268084598,543.2,152.1,358.7,32.4,12.7,503.6,assemble attention plan@24/?-work_queue,Prepare hardware matmul job@24/?-work_queue,541.0,412.7,116.2,119.7,527.5
1075,137085273097515,1139.9,538.3,497.1,104.6,73.4,483.6,kernel_add_rmsnorm_71@25/0-worker,prepare streams@25/0-worker,1138.4,1026.0,558.7,562.2,1125.1
1076,137085278809875,516.1,148.2,338.3,29.6,11.8,477.9,assemble attention plan@24/?-work_queue,Prepare hardware matmul job@24/?-work_queue,514.2,402.9,146.2,149.7,499.5
1077,137085283771975,685.5,298.5,361.7,25.4,9.4,649.8,assemble attention plan@24/?-work_queue,Prepare hardware matmul job@24/?-work_queue,683.4,579.8,271.7,276.2,669.2
1078,137085289016110,1234.2,569.4,556.8,108.1,74.5,512.5,kernel_add_rmsnorm_71@25/0-worker,prepare streams@25/0-worker,1232.8,1115.6,589.4,602.0,1213.0
1079,137085294725426,660.2,359.4,270.1,30.7,10.5,617.1,assemble attention plan@24/?-work_queue,Prepare hardware matmul job@24/?-work_queue,658.4,548.7,321.5,330.6,644.7
1080,137085299951248,572.6,179.2,366.0,27.3,10.7,457.7,notify_listener@25/0-worker,work_queue::do_work get_work@24/?-work_queue,570.5,457.7,148.5,153.1,557.0
1081,137085304958141,1140.3,246.3,779.7,114.3,60.3,885.4,notify_listener@25/0-worker,work_queue::do_work get_work@24/?-work_queue,1137.2,885.4,156.3,160.2,1124.7
1082,137085310580257,1597.1,155.7,762.6,678.7,661.8,837.6,notify_listener@25/0-worker,work_queue::do_work get_work@24/?-work_queue,1595.3,837.6,138.6,141.8,1580.8
1083,137085316612167,512.4,195.5,289.2,27.7,11.9,432.4,assemble attention plan@24/?-work_queue,Prepare hardware matmul job@24/?-work_queue,509.8,355.6,128.6,132.4,454.2
1084,137085321600341,809.3,471.4,296.0,42.0,16.6,765.5,assemble attention plan@24/?-work_queue,Prepare hardware matmul job@24/?-work_queue,806.8,686.0,442.1,447.3,791.7
1085,137085326863731,562.5,224.3,303.3,35.0,11.9,523.4,assemble attention plan@24/?-work_queue,Prepare hardware matmul job@24/?-work_queue,560.4,445.5,183.4,195.0,545.4
1086,137085331863198,549.2,229.9,285.3,34.0,15.5,507.5,assemble attention plan@24/?-work_queue,Prepare hardware matmul job@24/?-work_queue,547.8,432.2,187.5,192.1,533.0
1087,137085336836779,642.7,267.4,350.5,24.9,9.8,607.3,assemble attention plan@24/?-work_queue,Prepare hardware matmul job@24/?-work_queue,640.9,538.7,224.7,230.1,626.9
1088,137085341976534,586.8,180.9,374.9,30.9,10.9,468.5,notify_listener@25/0-worker,work_queue::do_work get_work@24/?-work_queue,584.4,468.5,158.7,163.0,565.2
1089,137085346987681,481.9,146.9,310.2,24.8,10.3,438.6,assemble attention plan@24/?-work_queue,Prepare hardware matmul job@24/?-work_queue,479.5,369.5,116.2,120.2,464.9
1090,137085351892914,1308.3,572.7,626.4,109.1,73.6,536.7,kernel_add_rmsnorm_71@25/0-worker,prepare streams@25/0-worker,1306.8,1187.9,612.8,629.2,1293.6
1091,137085357609685,767.9,465.9,270.9,31.1,11.9,730.1,assemble attention plan@24/?-work_queue,Prepare hardware matmul job@24/?-work_queue,765.6,658.0,430.0,434.5,751.9
1092,137085362841303,537.6,138.9,366.6,32.1,11.1,426.7,notify_listener@25/0-worker,work_queue::do_work get_work@24/?-work_queue,535.9,426.7,119.0,127.0,521.5
1093,137085367786583,669.8,293.9,347.9,28.0,11.0,598.2,assemble attention plan@24/?-work_queue,Prepare hardware matmul job@24/?-work_queue,666.1,525.0,281.9,286.2,619.2
1094,137085372906276,540.6,155.9,352.8,32.0,11.3,421.7,notify_listener@25/0-worker,work_queue::do_work get_work@24/?-work_queue,538.9,421.7,120.0,126.6,514.9
1095,137085377852840,543.6,150.8,365.0,27.7,12.5,504.8,assemble attention plan@24/?-work_queue,Prepare hardware matmul job@24/?-work_queue,540.9,428.8,120.5,127.5,527.5
1096,137085382876669,487.6,146.1,304.9,36.6,11.6,448.4,assemble attention plan@24/?-work_queue,Prepare hardware matmul job@24/?-work_queue,485.3,369.4,117.0,139.1,469.8
1097,137085387736712,527.8,153.4,347.6,26.9,10.1,490.9,assemble attention plan@24/?-work_queue,Prepare hardware matmul job@24/?-work_queue,525.6,421.0,122.1,126.3,510.8
1098,137085392743651,1262.1,386.1,631.5,244.5,108.6,698.5,notify_listener@25/0-worker,work_queue::do_work get_work@24/?-work_queue,1256.2,698.5,129.2,134.8,1242.2
1099,137085398455337,974.2,571.2,356.9,46.0,16.9,538.7,kernel_add_rmsnorm_71@25/0-worker,prepare streams@25/0-worker,972.6,860.2,557.6,561.3,952.8
1100,137085403888271,1226.5,206.9,804.3,215.2,94.2,969.6,notify_listener@25/0-worker,work_queue::do_work get_work@24/?-work_queue,1224.5,969.6,239.7,244.3,1209.7
1101,137085409634219,478.3,148.1,295.6,34.6,14.7,438.3,assemble attention plan@24/?-work_queue,Prepare hardware matmul job@24/?-work_queue,476.7,355.3,118.6,122.3,463.1
1102,137085414579160,680.4,150.6,490.2,39.5,15.0,638.8,assemble attention plan@24/?-work_queue,Prepare hardware matmul job@24/?-work_queue,678.4,559.0,118.2,133.9,664.1
1103,137085419737803,1339.2,458.5,765.5,115.3,55.7,1033.2,notify_listener@25/0-worker,work_queue::do_work get_work@24/?-work_queue,1337.7,1033.2,308.4,320.9,1322.8
1104,137085425568539,891.6,510.6,352.4,28.6,11.0,855.1,assemble attention plan@24/?-work_queue,Prepare hardware matmul job@24/?-work_queue,889.3,782.7,476.1,487.8,875.9
1105,137085430953591,449.5,153.8,266.6,29.1,11.0,408.1,assemble attention plan@24/?-work_queue,Prepare hardware matmul job@24/?-work_queue,447.6,338.4,119.7,124.3,432.3
1106,137085435907484,494.5,165.4,300.8,28.3,11.3,456.6,assemble attention plan@24/?-work_queue,Prepare hardware matmul job@24/?-work_queue,492.8,371.0,137.2,145.2,477.9
1107,137085440825590,581.8,262.0,287.2,32.6,12.4,467.8,notify_listener@25/0-worker,work_queue::do_work get_work@24/?-work_queue,579.7,467.8,221.3,229.7,565.1
1108,137085445886194,544.2,215.0,300.1,29.0,11.3,432.8,notify_listener@25/0-worker,work_queue::do_work get_work@24/?-work_queue,542.4,432.8,184.4,192.0,529.2
1109,137085450879046,599.9,221.5,349.0,29.4,11.5,563.0,assemble attention plan@24/?-work_queue,Prepare hardware matmul job@24/?-work_queue,597.8,493.0,186.6,192.6,584.3
1110,137085455964466,587.2,181.6,375.1,30.5,11.8,468.9,notify_listener@25/0-worker,work_queue::do_work get_work@24/?-work_queue,585.2,468.9,146.6,150.9,565.1
1111,137085460962868,1258.5,532.0,599.5,127.0,99.4,469.8,kernel_add_rmsnorm_71@25/0-worker,prepare streams@25/0-worker,1256.9,1139.0,571.9,589.1,1242.3
1112,137085466719620,685.0,364.0,283.2,37.8,13.3,565.1,notify_listener@25/0-worker,work_queue::do_work get_work@24/?-work_queue,683.5,565.1,319.0,323.4,670.6
1113,137085471851997,478.8,142.4,312.2,24.1,10.7,441.7,assemble attention plan@24/?-work_queue,Prepare hardware matmul job@24/?-work_queue,477.1,372.2,123.9,128.9,462.6
1114,137085476842803,1319.7,592.3,624.6,102.8,74.7,548.1,kernel_add_rmsnorm_71@25/0-worker,prepare streams@25/0-worker,1317.2,1210.0,626.0,640.0,1303.2
1115,137085482560858,1516.6,613.8,787.0,115.8,61.8,1207.7,notify_listener@25/0-worker,work_queue::do_work get_work@24/?-work_queue,1514.6,1207.7,474.0,478.0,1496.9
1116,137085488576128,824.9,508.7,289.2,27.1,10.9,781.9,assemble attention plan@24/?-work_queue,Prepare hardware matmul job@24/?-work_queue,823.1,707.8,453.9,458.4,801.8
1117,137085493789604,537.7,144.4,366.9,26.4,11.7,499.5,assemble attention plan@24/?-work_queue,Prepare hardware matmul job@24/?-work_queue,536.2,421.8,119.1,125.1,521.2
1118,137085498829011,573.9,262.9,279.4,31.6,14.3,532.4,assemble attention plan@24/?-work_queue,Prepare hardware matmul job@24/?-work_queue,571.8,457.2,230.8,248.1,557.2
1119,137085503800174,600.6,297.4,275.0,28.1,10.8,562.7,assemble attention plan@24/?-work_queue,Prepare hardware matmul job@24/?-work_queue,598.0,490.5,250.9,255.5,584.0
1120,137085508866354,605.7,275.0,294.0,36.7,12.7,488.7,notify_listener@25/0-worker,work_queue::do_work get_work@24/?-work_queue,603.8,488.7,229.1,234.2,588.5
1121,137085513948151,1251.7,547.9,607.1,96.7,66.8,505.8,kernel_add_rmsnorm_71@25/0-worker,prepare streams@25/0-worker,1250.2,1137.2,575.8,583.2,1230.6
1122,137085519695436,542.2,138.3,370.8,33.1,14.5,501.1,assemble attention plan@24/?-work_queue,Prepare hardware matmul job@24/?-work_queue,539.8,424.8,117.8,121.5,525.7
1123,137085524672284,801.8,409.6,355.5,36.7,11.6,763.3,assemble attention plan@24/?-work_queue,Prepare hardware matmul job@24/?-work_queue,799.4,681.5,374.1,380.7,784.8
1124,137085529964297,502.7,172.2,301.3,29.2,11.0,465.9,assemble attention plan@24/?-work_queue,Prepare hardware matmul job@24/?-work_queue,501.2,391.1,145.1,149.3,486.9
1125,137085534931174,1143.8,246.4,798.6,98.8,47.4,850.4,notify_listener@25/0-worker,work_queue::do_work get_work@24/?-work_queue,1141.5,850.4,114.7,118.6,1126.7
1126,137085540575843,803.5,495.0,276.5,31.9,10.5,760.8,assemble attention plan@24/?-work_queue,Prepare hardware matmul job@24/?-work_queue,801.6,687.3,462.8,476.8,780.9
1127,137085545825287,587.0,284.6,276.0,26.5,11.1,542.7,assemble attention plan@24/?-work_queue,Prepare hardware matmul job@24/?-work_queue,585.6,472.1,236.6,248.4,581.6
1128,137085550924390,1261.4,491.7,659.6,110.1,75.6,478.3,kernel_add_rmsnorm_71@25/0-worker,prepare streams@25/0-worker,1258.8,1140.6,556.8,561.4,1243.8
1129,137085556649003,815.4,427.6,361.1,26.8,12.9,776.4,assemble attention plan@24/?-work_queue,Prepare hardware matmul job@24/?-work_queue,813.7,708.2,400.6,407.5,799.8
1130,137085561920343,511.5,190.2,292.0,29.3,11.7,473.6,assemble attention plan@24/?-work_queue,Prepare hardware matmul job@24/?-work_queue,509.8,400.4,170.4,176.6,495.5
1131,137085566857122,620.7,250.0,342.9,27.9,10.5,577.1,assemble attention plan@24/?-work_queue,Prepare hardware matmul job@24/?-work_queue,617.3,502.6,197.0,201.4,598.4
1132,137085571950652,502.2,140.8,330.9,30.5,13.0,379.4,notify_listener@25/0-worker,work_queue::do_work get_work@24/?-work_queue,499.6,379.4,117.4,121.9,483.4
1133,137085576932248,541.6,148.7,365.6,27.4,11.4,501.5,assemble attention plan@24/?-work_queue,Prepare hardware matmul job@24/?-work_queue,538.9,423.3,111.8,117.7,523.4
1134,137085581998284,1203.3,579.6,517.4,106.4,71.6,544.4,rx collecting results@150/0-RX-3b,prepare streams@25/0-worker,1201.3,1090.9,618.3,650.0,1187.3
1135,137085587633511,752.6,451.6,271.3,29.8,9.4,717.0,assemble attention plan@24/?-work_queue,Prepare hardware matmul job@24/?-work_queue,750.9,646.6,405.8,410.0,737.1
1136,137085592915411,579.8,197.1,349.4,33.4,11.1,466.2,notify_listener@25/0-worker,work_queue::do_work get_work@24/?-work_queue,578.1,466.2,167.0,171.8,563.4
1137,137085597919102,549.1,148.2,375.7,25.2,9.8,508.2,assemble attention plan@24/?-work_queue,Prepare hardware matmul job@24/?-work_queue,546.8,436.4,135.9,141.7,528.3
1138,137085603032258,1204.4,535.9,548.7,119.7,74.4,515.6,kernel_add_rmsnorm_71@25/0-worker,prepare streams@25/0-worker,1202.5,1079.2,592.9,609.3,1186.5
1139,137085608663031,495.8,146.3,323.2,26.2,10.6,458.9,assemble attention plan@24/?-work_queue,Prepare hardware matmul job@24/?-work_queue,494.3,380.1,141.4,146.4,480.2
1140,137085613687178,695.5,392.3,264.2,38.9,13.3,581.3,notify_listener@25/0-worker,work_queue::do_work get_work@24/?-work_queue,693.4,581.3,352.6,358.4,680.0
1141,137085618828324,940.0,578.4,254.4,107.3,81.0,522.3,kernel_add_rmsnorm_71@25/0-worker,prepare streams@25/0-worker,938.0,833.8,606.2,611.0,923.8
1142,137085624283032,1021.6,578.6,339.7,103.3,74.0,505.5,kernel_add_rmsnorm_71@25/0-worker,prepare streams@25/0-worker,1020.1,909.5,581.9,586.7,1001.6
1143,137085629763306,651.2,320.7,301.0,29.4,13.7,603.9,assemble attention plan@24/?-work_queue,Prepare hardware matmul job@24/?-work_queue,649.2,535.1,275.3,278.9,627.1
1144,137085634935772,594.7,184.4,378.8,31.5,12.0,557.9,assemble attention plan@24/?-work_queue,Prepare hardware matmul job@24/?-work_queue,593.0,479.9,156.1,168.7,579.8
1145,137085639980011,490.6,153.0,311.8,25.7,11.7,453.2,assemble attention plan@24/?-work_queue,Prepare hardware matmul job@24/?-work_queue,488.5,382.7,129.8,139.6,474.9
1146,137085644941254,1241.5,549.9,575.0,116.5,85.7,508.0,kernel_add_rmsnorm_71@25/0-worker,prepare streams@25/0-worker,1239.6,1128.7,596.5,606.4,1225.6
1147,137085650706315,487.9,139.4,314.0,34.4,11.3,449.5,assemble attention plan@24/?-work_queue,Prepare hardware matmul job@24/?-work_queue,485.8,380.0,131.9,137.2,470.7
1148,137085655629946,501.1,158.1,311.2,31.8,13.1,383.3,notify_listener@25/0-worker,work_queue::do_work get_work@24/?-work_queue,498.9,383.3,135.7,139.5,481.4
1149,137085660627596,545.2,149.4,369.0,26.8,12.4,501.1,assemble attention plan@24/?-work_queue,Prepare hardware matmul job@24/?-work_queue,542.9,428.9,120.2,124.4,527.5
1150,137085665647847,479.0,163.6,282.3,33.1,17.4,434.3,assemble attention plan@24/?-work_queue,Prepare hardware matmul job@24/?-work_queue,477.5,347.7,117.9,122.0,462.6
1151,137085670576390,884.7,496.0,362.9,25.8,11.3,845.2,assemble attention plan@24/?-work_queue,Prepare hardware matmul job@24/?-work_queue,880.9,774.2,452.2,459.0,866.7
1152,137085675925901,571.2,173.5,365.7,32.0,11.6,461.6,notify_listener@25/0-worker,work_queue::do_work get_work@24/?-work_queue,569.6,461.6,163.0,168.2,555.7
1153,137085680959854,566.7,177.7,362.5,26.4,10.7,524.0,assemble attention plan@24/?-work_queue,Prepare hardware matmul job@24/?-work_queue,564.3,453.1,154.6,159.0,544.8
1154,137085686005715,484.6,138.0,311.7,34.9,12.4,369.0,notify_listener@25/0-worker,work_queue::do_work get_work@24/?-work_queue,482.6,369.0,116.2,130.9,469.4
1155,137085690948915,570.2,176.7,365.6,27.9,12.1,532.3,assemble attention plan@24/?-work_queue,Prepare hardware matmul job@24/?-work_queue,567.9,455.1,143.9,148.8,553.5
1156,137085696015448,1185.9,556.6,508.0,121.2,87.7,507.6,kernel_add_rmsnorm_71@25/0-worker,prepare streams@25/0-worker,1184.0,1069.5,598.2,613.4,1169.2
1157,137085701715459,487.8,153.5,305.1,29.1,11.4,450.8,assemble attention plan@24/?-work_queue,Prepare hardware matmul job@24/?-work_queue,486.3,380.4,129.5,134.0,472.5
1158,137085706698471,552.2,145.6,377.3,29.2,10.7,435.8,notify_listener@25/0-worker,work_queue::do_work get_work@24/?-work_queue,550.2,435.8,126.9,132.2,530.6
1159,137085711740813,724.1,338.3,353.6,32.2,10.7,677.3,assemble attention plan@24/?-work_queue,Prepare hardware matmul job@24/?-work_queue,719.2,609.4,305.5,315.8,704.0
1160,137085716950971,584.1,179.6,373.3,31.2,11.3,462.6,notify_listener@25/0-worker,work_queue::do_work get_work@24/?-work_queue,581.6,462.6,162.3,166.6,567.1
1161,137085722023821,1175.0,522.5,549.2,103.3,75.1,478.7,kernel_add_rmsnorm_71@25/0-worker,prepare streams@25/0-worker,1172.4,1064.2,556.6,581.0,1158.7
1162,137085727646191,738.4,432.5,277.6,28.3,11.5,630.5,notify_listener@25/0-worker,work_queue::do_work get_work@24/?-work_queue,736.2,630.5,394.3,400.4,721.7
1163,137085732881556,1203.2,262.2,834.4,106.6,64.0,883.1,notify_listener@25/0-worker,work_queue::do_work get_work@24/?-work_queue,1200.6,883.1,127.8,135.8,1181.4
1164,137085738605467,869.9,474.6,360.3,35.0,11.8,825.2,assemble attention plan@24/?-work_queue,Prepare hardware matmul job@24/?-work_queue,868.4,751.5,442.1,447.0,853.6
1165,137085743917377,565.2,234.8,301.8,28.6,11.0,528.2,assemble attention plan@24/?-work_queue,Prepare hardware matmul job@24/?-work_queue,563.4,448.0,209.2,219.1,549.2
1166,137085748961061,582.4,169.0,377.2,36.1,17.9,538.8,assemble attention plan@24/?-work_queue,Prepare hardware matmul job@24/?-work_queue,580.5,464.0,152.0,157.7,566.4
1167,137085753993841,528.8,143.8,352.3,32.7,10.6,493.1,assemble attention plan@24/?-work_queue,Prepare hardware matmul job@24/?-work_queue,526.4,424.2,126.9,131.8,512.7
1168,137085759024233,1952.4,786.3,775.4,390.8,133.3,1784.5,assemble attention plan@24/?-work_queue,Prepare hardware matmul job@24/?-work_queue,1950.0,1334.6,607.4,616.8,1927.4
1169,137085765490243,556.1,154.4,367.5,34.2,18.4,505.5,assemble attention plan@24/?-work_queue,Prepare hardware matmul job@24/?-work_queue,554.3,433.9,130.7,135.1,539.1
1170,137085770569134,543.2,140.6,363.7,39.0,14.5,421.6,notify_listener@25/0-worker,work_queue::do_work get_work@24/?-work_queue,541.1,421.6,114.4,122.0,527.0
1171,137085775576295,818.2,518.0,273.9,26.2,12.1,780.0,assemble attention plan@24/?-work_queue,Prepare hardware matmul job@24/?-work_queue,816.7,708.2,461.8,486.6,802.8
1172,137085780901633,574.7,194.5,348.8,31.4,11.3,461.7,notify_listener@25/0-worker,work_queue::do_work get_work@24/?-work_queue,572.5,461.7,158.2,164.0,557.7
1173,137085785948183,549.1,175.8,346.2,27.1,11.6,511.7,assemble attention plan@24/?-work_queue,Prepare hardware matmul job@24/?-work_queue,547.5,442.2,137.1,140.8,533.5
1174,137085790970732,542.7,143.9,369.1,29.7,11.5,500.8,assemble attention plan@24/?-work_queue,Prepare hardware matmul job@24/?-work_queue,540.5,426.1,121.3,127.8,522.2
1175,137085795966865,557.9,165.3,366.0,26.7,10.2,515.7,assemble attention plan@24/?-work_queue,Prepare hardware matmul job@24/?-work_queue,556.3,447.1,154.8,158.5,540.4
1176,137085801017894,1225.2,566.7,546.0,112.5,72.9,525.7,kernel_add_rmsnorm_71@25/0-worker,prepare streams@25/0-worker,1223.1,1102.3,602.0,605.0,1207.9
1177,137085806730537,1379.7,441.4,780.5,157.8,73.6,393.3,kernel_add_rmsnorm_71@25/0-worker,prepare streams@25/0-worker,1377.1,1198.1,469.5,474.1,1362.4
1178,137085812653149,632.8,176.9,422.9,32.9,12.4,517.4,notify_listener@25/0-worker,work_queue::do_work get_work@24/?-work_queue,630.5,517.4,142.0,150.4,616.2
1179,137085817715356,1410.9,590.5,724.6,95.8,63.2,545.8,rx collecting results@150/0-RX-3b,prepare streams@25/0-worker,1408.8,1297.0,611.3,618.4,1389.7
1180,137085823660285,810.4,426.3,355.3,28.9,10.2,765.5,assemble attention plan@24/?-work_queue,Prepare hardware matmul job@24/?-work_queue,808.4,691.6,385.0,390.4,791.5
1181,137085828905694,524.0,200.7,291.8,31.5,11.8,485.4,assemble attention plan@24/?-work_queue,Prepare hardware matmul job@24/?-work_queue,521.6,407.5,169.0,178.0,506.9
1182,137085833978033,2045.0,397.1,554.2,1093.7,782.0,626.4,notify_listener@25/0-worker,work_queue::do_work get_work@24/?-work_queue,2042.9,626.4,128.9,137.8,2027.8
1183,137085840507502,437.3,139.1,272.0,26.2,10.2,401.2,assemble attention plan@24/?-work_queue,Prepare hardware matmul job@24/?-work_queue,435.5,329.9,106.5,110.3,421.3
1184,137085845460199,892.9,581.2,265.4,46.3,11.3,780.6,notify_listener@25/0-worker,work_queue::do_work get_work@24/?-work_queue,891.3,780.6,557.7,563.0,876.2
1185,137085850835338,1520.8,474.1,838.5,208.1,103.1,1386.0,assemble attention plan@24/?-work_queue,Prepare hardware matmul job@24/?-work_queue,1518.6,1006.9,252.7,265.2,1499.2
1186,137085856852482,512.2,136.6,341.3,34.2,11.6,392.8,notify_listener@25/0-worker,work_queue::do_work get_work@24/?-work_queue,510.5,392.8,138.5,143.9,494.2
1187,137085861806214,555.6,160.1,368.6,26.9,11.4,518.6,assemble attention plan@24/?-work_queue,Prepare hardware matmul job@24/?-work_queue,553.2,437.5,129.2,135.4,539.5
1188,137085866865106,536.7,154.7,353.3,28.7,11.3,424.0,notify_listener@25/0-worker,work_queue::do_work get_work@24/?-work_queue,535.0,424.0,122.9,127.3,520.6
1189,137085871876465,561.4,247.9,285.0,28.5,12.6,520.5,assemble attention plan@24/?-work_queue,Prepare hardware matmul job@24/?-work_queue,559.0,447.7,203.3,206.9,543.7
1190,137085876967341,1242.4,546.7,582.4,113.4,73.9,499.3,kernel_add_rmsnorm_71@25/0-worker,prepare streams@25/0-worker,1240.0,1123.3,575.9,581.2,1222.3
1191,137085882682743,1438.1,530.2,781.8,126.1,72.8,497.3,kernel_add_rmsnorm_71@25/0-worker,prepare streams@25/0-worker,1436.1,1298.5,572.4,586.1,1415.1
1192,137085888631662,491.7,141.2,314.3,36.2,16.2,365.7,notify_listener@25/0-worker,work_queue::do_work get_work@24/?-work_queue,490.2,365.7,116.4,120.8,475.1
1193,137085893564128,890.9,515.4,349.9,25.7,11.4,853.3,assemble attention plan@24/?-work_queue,Prepare hardware matmul job@24/?-work_queue,889.5,781.4,478.2,497.0,874.9
1194,137085898940579,582.3,175.0,372.7,34.5,10.6,469.7,notify_listener@25/0-worker,work_queue::do_work get_work@24/?-work_queue,580.4,469.7,159.8,166.8,567.0
1195,137085903986966,1210.4,551.8,546.5,112.1,83.4,533.9,kernel_add_rmsnorm_71@25/0-worker,prepare streams@25/0-worker,1208.8,1101.6,619.2,629.1,1195.6
1196,137085909702107,542.7,146.3,363.7,32.7,11.6,421.4,notify_listener@25/0-worker,work_queue::do_work get_work@24/?-work_queue,540.3,421.4,119.9,126.3,521.2
1197,137085914698504,778.5,401.5,352.5,24.5,10.2,723.9,assemble attention plan@24/?-work_queue,Prepare hardware matmul job@24/?-work_queue,775.8,652.9,344.4,349.6,762.0
1198,137085920085201,1138.6,535.8,468.9,133.9,96.1,474.8,kernel_add_rmsnorm_71@25/0-worker,prepare streams@25/0-worker,1136.4,1014.0,572.8,581.8,1121.2
1199,137085925668281,542.9,156.9,358.6,27.4,10.8,506.2,assemble attention plan@24/?-work_queue,Prepare hardware matmul job@24/?-work_queue,541.1,431.5,123.4,143.6,527.4
1200,137085930729242,670.7,330.8,301.1,38.8,12.0,557.1,notify_listener@25/0-worker,work_queue::do_work get_work@24/?-work_queue,668.6,557.1,312.8,318.2,655.5
1201,137085935913312,500.5,163.9,308.3,28.3,11.4,462.8,assemble attention plan@24/?-work_queue,Prepare hardware matmul job@24/?-work_queue,498.6,389.2,140.2,149.2,484.0
1202,137085940910259,606.1,176.2,372.1,57.9,11.2,491.3,notify_listener@25/0-worker,work_queue::do_work get_work@24/?-work_queue,603.9,491.3,184.6,189.6,585.3
1203,137085945951220,1860.6,768.9,784.6,307.1,117.3,1716.4,assemble attention plan@24/?-work_queue,Prepare hardware matmul job@24/?-work_queue,1858.4,1252.4,520.0,534.2,1843.9
1204,137085952333962,1763.8,751.5,820.4,191.9,74.4,490.9,kernel_add_rmsnorm_71@25/0-worker,prepare streams@25/0-worker,1761.7,1515.8,734.7,747.3,1747.8
1205,137085958613324,851.6,477.7,344.0,29.9,12.3,811.2,assemble attention plan@24/?-work_queue,Prepare hardware matmul job@24/?-work_queue,849.3,739.5,438.3,443.9,834.0
1206,137085963977517,476.5,143.9,302.2,30.3,10.4,441.4,assemble attention plan@24/?-work_queue,Prepare hardware matmul job@24/?-work_queue,474.9,369.9,124.6,128.3,461.7
1207,137085968963739,568.5,177.0,367.3,24.1,10.8,525.9,assemble attention plan@24/?-work_queue,Prepare hardware matmul job@24/?-work_queue,566.5,455.9,156.2,161.6,546.7
1208,137085974046600,1163.6,550.3,498.6,114.6,88.0,504.4,kernel_add_rmsnorm_71@25/0-worker,prepare streams@25/0-worker,1161.0,1047.2,594.4,618.4,1146.0
1209,137085979733953,1397.0,551.9,733.2,112.0,83.5,506.4,kernel_add_rmsnorm_71@25/0-worker,prepare streams@25/0-worker,1394.4,1278.0,593.0,615.3,1379.8
1210,137085985618858,759.5,470.3,262.8,26.3,10.0,722.6,assemble attention plan@24/?-work_queue,Prepare hardware matmul job@24/?-work_queue,757.3,646.2,425.1,434.7,742.5
1211,137085990812631,542.2,145.2,369.0,28.0,11.7,503.9,assemble attention plan@24/?-work_queue,Prepare hardware matmul job@24/?-work_queue,540.1,431.5,125.2,129.1,525.7
1212,137085995878383,494.2,157.8,313.8,22.6,9.4,454.5,assemble attention plan@24/?-work_queue,Prepare hardware matmul job@24/?-work_queue,492.4,382.8,144.8,151.1,473.8
1213,137086000818844,547.1,151.4,369.8,25.9,12.1,503.8,assemble attention plan@24/?-work_queue,Prepare hardware matmul job@24/?-work_queue,544.7,433.1,121.8,125.3,525.8
1214,137086005854909,571.8,241.9,299.2,30.6,16.5,528.6,assemble attention plan@24/?-work_queue,Prepare hardware matmul job@24/?-work_queue,570.2,448.7,199.0,208.8,555.7
1215,137086010875434,1203.3,234.1,865.3,103.9,58.7,923.1,notify_listener@25/0-worker,work_queue::do_work get_work@24/?-work_queue,1201.1,923.1,144.1,150.5,1186.7
1216,137086016578685,890.0,488.0,371.7,30.3,11.5,852.6,assemble attention plan@24/?-work_queue,Prepare hardware matmul job@24/?-work_queue,888.3,777.6,465.2,470.3,874.6
1217,137086021958761,587.2,200.5,357.8,28.9,10.5,550.2,assemble attention plan@24/?-work_queue,Prepare hardware matmul job@24/?-work_queue,584.9,477.8,176.7,181.4,570.5
1218,137086027042685,1194.2,610.0,452.9,131.4,100.1,558.0,kernel_add_rmsnorm_71@25/0-worker,prepare streams@25/0-worker,1192.1,1077.1,660.4,665.6,1171.8
1219,137086032755389,549.6,150.2,369.4,30.0,15.1,507.1,assemble attention plan@24/?-work_queue,Prepare hardware matmul job@24/?-work_queue,547.5,433.3,127.0,131.0,532.5
1220,137086037782112,480.7,145.5,308.3,26.8,11.5,442.8,assemble attention plan@24/?-work_queue,Prepare hardware matmul job@24/?-work_queue,478.8,364.1,112.0,120.9,464.6
1221,137086042713836,570.6,165.6,378.5,26.5,10.6,532.0,assemble attention plan@24/?-work_queue,Prepare hardware matmul job@24/?-work_queue,569.2,459.5,148.3,155.7,553.3
1222,137086047733356,654.6,357.2,270.6,26.7,11.8,615.6,assemble attention plan@24/?-work_queue,Prepare hardware matmul job@24/?-work_queue,652.7,544.5,316.5,321.2,637.9
1223,137086052865561,566.3,151.8,387.3,27.2,12.6,520.3,assemble attention plan@24/?-work_queue,Prepare hardware matmul job@24/?-work_queue,564.2,449.1,121.8,129.5,543.6
1224,137086057861103,485.5,159.5,300.4,25.6,10.4,441.5,assemble attention plan@24/?-work_queue,Prepare hardware matmul job@24/?-work_queue,483.0,366.3,124.9,130.0,468.1
1225,137086062805450,665.6,293.3,341.9,30.4,12.4,628.0,assemble attention plan@24/?-work_queue,Prepare hardware matmul job@24/?-work_queue,663.7,548.8,246.5,251.0,650.2
1226,137086068027016,526.5,144.5,353.3,28.6,11.0,489.7,assemble attention plan@24/?-work_queue,Prepare hardware matmul job@24/?-work_queue,524.1,416.9,112.2,116.5,510.8
1227,137086073037763,543.6,148.4,366.7,28.6,9.3,505.9,assemble attention plan@24/?-work_queue,Prepare hardware matmul job@24/?-work_queue,541.1,433.2,128.6,133.5,525.2
1228,137086078066222,1199.1,567.6,509.6,122.0,91.4,511.3,kernel_add_rmsnorm_71@25/0-worker,prepare streams@25/0-worker,1196.8,1079.6,605.0,612.6,1177.1
1229,137086083739037,563.3,159.1,377.1,27.1,11.2,510.0,assemble attention plan@24/?-work_queue,Prepare hardware matmul job@24/?-work_queue,561.5,437.2,124.5,134.0,546.6
1230,137086088761955,1322.5,422.3,777.1,123.2,63.3,1003.5,notify_listener@25/0-worker,work_queue::do_work get_work@24/?-work_queue,1320.9,1003.5,286.7,290.5,1307.3
1231,137086094583009,894.0,495.3,367.7,31.1,11.4,857.5,assemble attention plan@24/?-work_queue,Prepare hardware matmul job@24/?-work_queue,892.5,784.0,476.6,481.2,879.0
1232,137086099987298,549.0,155.6,369.5,24.0,9.7,512.5,assemble attention plan@24/?-work_queue,Prepare hardware matmul job@24/?-work_queue,547.2,440.8,133.2,136.8,532.4
1233,137086105021018,1206.0,638.5,450.3,117.3,90.6,593.0,kernel_add_rmsnorm_71@25/0-worker,prepare streams@25/0-worker,1204.3,1089.4,685.8,689.6,1184.7
1234,137086110754700,1376.6,547.9,710.3,118.4,92.3,479.4,kernel_add_rmsnorm_71@25/0-worker,prepare streams@25/0-worker,1374.5,1257.2,574.3,578.8,1357.1
1235,137086116593149,805.6,501.6,278.1,25.9,11.3,767.9,assemble attention plan@24/?-work_queue,Prepare hardware matmul job@24/?-work_queue,803.7,689.2,448.3,462.5,788.9
1236,137086121895170,1212.5,275.3,831.4,105.8,66.1,887.2,notify_listener@25/0-worker,work_queue::do_work get_work@24/?-work_queue,1210.9,887.2,116.9,121.2,1196.8
1237,137086127577487,472.1,159.3,285.4,27.4,11.0,434.5,assemble attention plan@24/?-work_queue,Prepare hardware matmul job@24/?-work_queue,470.4,358.8,117.2,120.8,456.0
1238,137086132514364,545.4,148.2,364.6,32.6,11.1,506.7,assemble attention plan@24/?-work_queue,Prepare hardware matmul job@24/?-work_queue,543.4,428.8,120.0,124.6,528.5
1239,137086137509340,547.4,157.9,356.6,32.9,12.6,504.8,assemble attention plan@24/?-work_queue,Prepare hardware matmul job@24/?-work_queue,545.3,426.5,124.1,128.4,527.8
1240,137086142564531,566.2,167.9,371.3,27.0,12.2,518.9,assemble attention plan@24/?-work_queue,Prepare hardware matmul job@24/?-work_queue,564.5,444.9,124.6,129.8,549.5
1241,137086147620739,769.2,455.9,279.8,33.5,12.0,730.4,assemble attention plan@24/?-work_queue,Prepare hardware matmul job@24/?-work_queue,767.3,652.1,425.2,430.3,753.0
1242,137086152893430,1438.9,438.4,780.9,219.6,128.0,1286.0,assemble attention plan@24/?-work_queue,Prepare hardware matmul job@24/?-work_queue,1437.1,892.4,173.1,177.1,1430.8
1243,137086158843580,552.6,161.8,362.2,28.6,11.2,514.2,assemble attention plan@24/?-work_queue,Prepare hardware matmul job@24/?-work_queue,550.8,440.0,133.1,137.1,535.5
1244,137086163870986,1206.6,307.2,789.1,110.3,55.1,862.5,notify_listener@25/0-worker,work_queue::do_work get_work@24/?-work_queue,1203.7,862.5,143.9,148.4,1184.1
1245,137086169572627,477.7,158.9,292.1,26.7,13.5,431.9,assemble attention plan@24/?-work_queue,Prepare hardware matmul job@24/?-work_queue,475.3,359.3,138.1,144.6,461.2
1246,137086174555837,1523.6,651.4,769.0,103.3,50.8,1177.0,notify_listener@25/0-worker,work_queue::do_work get_work@24/?-work_queue,1521.0,1177.0,461.2,465.0,1507.2
1247,137086180606281,1436.3,391.0,823.3,221.9,132.8,1275.9,assemble attention plan@24/?-work_queue,Prepare hardware matmul job@24/?-work_queue,1433.9,874.4,129.9,134.5,1418.5
1248,137086186565214,841.9,395.9,312.2,133.8,111.0,703.2,assemble attention plan@24/?-work_queue,Prepare hardware matmul job@24/?-work_queue,839.6,408.4,143.1,154.2,824.5
1249,137086191879976,579.5,227.3,323.5,28.7,11.3,542.4,assemble attention plan@24/?-work_queue,Prepare hardware matmul job@24/?-work_queue,577.8,468.9,228.2,233.3,563.6
1250,137086196924860,493.2,149.2,319.2,24.8,9.7,452.0,assemble attention plan@24/?-work_queue,Prepare hardware matmul job@24/?-work_queue,491.3,379.3,131.3,135.3,472.9
1251,137086201901800,556.8,152.0,370.4,34.4,17.8,509.9,assemble attention plan@24/?-work_queue,Prepare hardware matmul job@24/?-work_queue,553.9,437.9,136.1,140.5,538.4
1252,137086206945465,1453.1,367.1,879.5,206.5,125.5,1302.0,assemble attention plan@24/?-work_queue,Prepare hardware matmul job@24/?-work_queue,1451.4,881.2,123.7,128.0,1437.6
1253,137086212896061,1459.7,355.3,863.5,240.9,137.8,1294.8,assemble attention plan@24/?-work_queue,Prepare hardware matmul job@24/?-work_queue,1458.1,923.1,114.7,118.6,1443.1
1254,137086218875416,1410.7,384.2,810.7,215.7,115.6,1268.4,assemble attention plan@24/?-work_queue,Prepare hardware matmul job@24/?-work_queue,1408.9,871.9,124.2,130.1,1393.8
1255,137086224785046,557.9,147.6,386.4,23.9,9.4,517.7,assemble attention plan@24/?-work_queue,Prepare hardware matmul job@24/?-work_queue,555.9,447.0,126.3,130.6,537.3
1256,137086229871873,458.4,143.7,284.6,30.0,10.7,414.8,assemble attention plan@24/?-work_queue,Prepare hardware matmul job@24/?-work_queue,456.3,337.8,112.3,116.8,440.9
1257,137086234837760,552.1,154.6,370.9,26.6,10.5,514.7,assemble attention plan@24/?-work_queue,Prepare hardware matmul job@24/?-work_queue,550.2,436.1,127.0,137.3,536.2
1258,137086239877564,534.3,210.6,292.1,31.6,12.5,495.0,assemble attention plan@24/?-work_queue,Prepare hardware matmul job@24/?-work_queue,531.6,422.8,182.2,188.6,517.1
1259,137086244892406,1200.6,282.8,804.6,113.2,55.5,916.8,notify_listener@25/0-worker,work_queue::do_work get_work@24/?-work_queue,1198.7,916.8,171.8,178.0,1183.6
1260,137086250586421,811.3,479.4,303.2,28.8,10.9,774.7,assemble attention plan@24/?-work_queue,Prepare hardware matmul job@24/?-work_queue,809.7,701.1,464.0,468.7,795.4
1261,137086255864766,598.3,229.1,326.5,42.8,11.4,554.7,assemble attention plan@24/?-work_queue,Prepare hardware matmul job@24/?-work_queue,595.9,481.9,229.2,235.5,576.0
1262,137086260977765,577.9,180.9,358.0,38.9,22.7,528.9,assemble attention plan@24/?-work_queue,Prepare hardware matmul job@24/?-work_queue,576.3,457.1,150.4,154.3,562.5
1263,137086266024244,1193.1,535.6,530.9,126.7,88.4,489.2,kernel_add_rmsnorm_71@25/0-worker,prepare streams@25/0-worker,1190.9,1072.9,580.4,589.0,1175.4
1264,137086271770005,1384.7,574.2,694.9,115.6,80.5,574.0,kernel_add_rmsnorm_71@25/0-worker,prepare streams@25/0-worker,1382.4,1272.9,657.2,677.4,1368.4
1265,137086277641733,547.5,146.9,376.3,24.3,9.4,511.6,assemble attention plan@24/?-work_queue,Prepare hardware matmul job@24/?-work_queue,545.1,440.6,120.7,125.5,530.5
1266,137086282732518,1020.6,522.9,386.4,111.3,78.0,526.2,kernel_add_rmsnorm_71@25/0-worker,prepare streams@25/0-worker,1018.8,907.3,606.1,612.6,1001.1
1267,137086288265169,527.1,141.3,357.9,28.0,10.5,483.1,assemble attention plan@24/?-work_queue,Prepare hardware matmul job@24/?-work_queue,524.1,407.1,103.5,107.5,503.5
1268,137086293310352,465.9,142.6,284.7,38.7,19.8,419.2,assemble attention plan@24/?-work_queue,Prepare hardware matmul job@24/?-work_queue,464.0,346.8,118.2,128.9,449.8
1269,137086298280002,498.1,157.6,313.6,26.9,12.1,458.9,assemble attention plan@24/?-work_queue,Prepare hardware matmul job@24/?-work_queue,494.9,380.7,131.7,147.3,481.2
1270,137086303252255,1057.8,555.1,381.6,121.1,87.4,515.5,kernel_add_rmsnorm_71@25/0-worker,prepare streams@25/0-worker,1055.4,943.2,605.5,610.3,1040.9
1271,137086308810530,658.5,274.7,351.1,32.7,10.5,621.8,assemble attention plan@24/?-work_queue,Prepare hardware matmul job@24/?-work_queue,656.5,547.9,235.1,240.0,642.2
1272,137086313958905,1163.8,226.3,787.5,150.0,118.1,870.7,notify_listener@25/0-worker,work_queue::do_work get_work@24/?-work_queue,1160.9,870.7,141.4,148.0,1143.9
1273,137086319619672,507.9,155.6,313.3,38.9,11.5,463.0,assemble attention plan@24/?-work_queue,Prepare hardware matmul job@24/?-work_queue,505.6,369.3,117.2,127.1,490.3
1274,137086324617952,567.7,164.3,374.1,29.3,11.7,530.7,assemble attention plan@24/?-work_queue,Prepare hardware matmul job@24/?-work_queue,565.8,436.9,122.8,127.5,552.3
1275,137086329650286,599.0,163.6,405.2,30.1,12.2,558.6,assemble attention plan@24/?-work_queue,Prepare hardware matmul job@24/?-work_queue,594.7,480.7,135.2,142.1,581.1
1276,137086334722589,686.3,380.0,273.0,33.2,13.2,564.5,notify_listener@25/0-worker,work_queue::do_work get_work@24/?-work_queue,683.3,564.5,337.4,342.8,669.4
1277,137086339900639,633.3,222.8,380.2,30.3,10.0,512.7,notify_listener@25/0-worker,work_queue::do_work get_work@24/?-work_queue,631.5,512.7,212.8,219.6,618.1
1278,137086345050363,493.4,151.4,305.6,36.3,15.4,442.7,assemble attention plan@24/?-work_queue,Prepare hardware matmul job@24/?-work_queue,491.0,365.3,126.2,134.1,468.1
1279,137086350038892,1193.9,549.1,523.0,121.8,93.2,498.1,kernel_add_rmsnorm_71@25/0-worker,prepare streams@25/0-worker,1191.4,1076.0,593.8,604.3,1177.2
1280,137086355729486,660.3,363.1,264.1,33.1,11.0,622.7,assemble attention plan@24/?-work_queue,Prepare hardware matmul job@24/?-work_queue,658.8,550.1,316.3,344.9,644.3
1281,137086360849471,698.5,299.6,370.5,28.3,10.6,660.5,assemble attention plan@24/?-work_queue,Prepare hardware matmul job@24/?-work_queue,695.9,587.4,277.3,284.3,681.4
1282,137086366017715,1285.3,576.0,461.8,247.5,149.9,1030.3,notify_listener@25/0-worker,work_queue::do_work get_work@24/?-work_queue,1282.7,1030.3,633.4,636.8,1268.6
1283,137086371788410,700.0,304.9,362.9,32.1,11.2,655.0,assemble attention plan@24/?-work_queue,Prepare hardware matmul job@24/?-work_queue,697.7,581.9,277.3,293.4,676.6
1284,137086376992015,548.9,157.7,356.3,34.9,15.1,420.4,notify_listener@25/0-worker,work_queue::do_work get_work@24/?-work_queue,546.8,420.4,117.5,122.4,530.2
1285,137086382015322,477.9,138.0,308.7,31.2,11.8,440.3,assemble attention plan@24/?-work_queue,Prepare hardware matmul job@24/?-work_queue,476.1,360.2,121.6,126.3,462.8
1286,137086386998833,493.2,141.8,320.2,31.2,11.4,455.8,assemble attention plan@24/?-work_queue,Prepare hardware matmul job@24/?-work_queue,491.4,380.3,125.7,132.5,477.7
1287,137086391916218,579.6,199.1,348.0,32.5,10.5,542.6,assemble attention plan@24/?-work_queue,Prepare hardware matmul job@24/?-work_queue,578.0,470.5,178.4,183.2,563.1
1288,137086396987541,469.7,154.0,280.6,35.0,13.9,346.2,notify_listener@25/0-worker,work_queue::do_work get_work@24/?-work_queue,467.4,346.2,119.5,123.4,448.4
1289,137086401932945,557.7,140.0,384.6,33.1,12.2,514.3,assemble attention plan@24/?-work_queue,Prepare hardware matmul job@24/?-work_queue,555.6,437.9,136.9,140.9,540.8
1290,137086406969975,483.7,169.1,285.8,28.7,10.5,357.7,notify_listener@25/0-worker,work_queue::do_work get_work@24/?-work_queue,481.9,357.7,136.9,141.2,467.5
1291,137086411910036,585.3,208.0,346.1,31.3,11.1,547.6,assemble attention plan@24/?-work_queue,Prepare hardware matmul job@24/?-work_queue,583.7,474.0,167.5,184.0,569.8
1292,137086417022196,1989.4,849.5,800.2,339.7,110.8,1847.2,assemble attention plan@24/?-work_queue,Prepare hardware matmul job@24/?-work_queue,1987.2,1376.9,607.9,616.0,1967.5
1293,137086423548150,863.4,511.4,319.0,33.0,13.3,824.5,assemble attention plan@24/?-work_queue,Prepare hardware matmul job@24/?-work_queue,861.0,749.3,492.9,501.9,847.5
1294,137086428924021,2138.7,836.4,900.9,401.5,154.9,1953.2,assemble attention plan@24/?-work_queue,Prepare hardware matmul job@24/?-work_queue,2136.5,1478.5,684.4,698.1,2117.6
1295,137086435603338,486.4,144.9,313.0,28.5,13.1,447.0,assemble attention plan@24/?-work_queue,Prepare hardware matmul job@24/?-work_queue,485.0,365.9,115.7,119.4,471.0
1296,137086440572122,479.6,143.8,304.4,31.3,12.8,357.6,notify_listener@25/0-worker,work_queue::do_work get_work@24/?-work_queue,477.5,357.6,117.7,121.8,462.4
1297,137086445580174,1023.6,613.9,379.8,29.9,10.7,984.3,assemble attention plan@24/?-work_queue,Prepare hardware matmul job@24/?-work_queue,1020.3,906.3,650.2,659.1,1007.2
1298,137086451088646,1140.9,580.5,439.7,120.7,87.8,553.9,kernel_add_rmsnorm_71@25/0-worker,prepare streams@25/0-worker,1138.9,1026.6,643.7,653.5,1125.0
1299,137086456728958,670.2,371.2,272.8,26.2,11.1,627.3,assemble attention plan@24/?-work_queue,Prepare hardware matmul job@24/?-work_queue,668.5,550.5,316.9,329.9,648.4
1300,137086461890158,480.9,152.4,295.4,33.1,11.9,440.8,assemble attention plan@24/?-work_queue,Prepare hardware matmul job@24/?-work_queue,476.9,357.5,126.8,120.3,462.4
1301,137086466860179,1380.8,583.1,675.7,122.0,89.4,731.8,kernel_add_rmsnorm_71@25/0-worker,prepare streams@25/0-worker,1378.9,1258.3,824.1,852.2,1364.8
1302,137086472778546,507.9,158.6,321.5,27.7,10.6,471.3,assemble attention plan@24/?-work_queue,Prepare hardware matmul job@24/?-work_queue,505.8,395.2,137.5,144.3,491.7
1303,137086477758868,625.0,307.4,283.1,34.5,10.5,588.1,assemble attention plan@24/?-work_queue,Prepare hardware matmul job@24/?-work_queue,623.2,516.0,285.3,296.8,609.0
1304,137086482904490,556.7,229.7,292.5,34.5,12.1,514.2,assemble attention plan@24/?-work_queue,Prepare hardware matmul job@24/?-work_queue,555.1,435.6,196.1,199.8,536.5
1305,137086487878382,512.4,148.0,335.3,29.1,11.6,467.3,assemble attention plan@24/?-work_queue,Prepare hardware matmul job@24/?-work_queue,510.8,393.4,132.6,138.2,496.7
1306,137086492907246,557.0,146.1,375.0,35.9,13.1,434.0,notify_listener@25/0-worker,work_queue::do_work get_work@24/?-work_queue,555.6,434.0,128.9,135.3,542.3
1307,137086497985418,556.9,157.5,372.1,27.2,10.7,521.3,assemble attention plan@24/?-work_queue,Prepare hardware matmul job@24/?-work_queue,555.4,441.5,125.4,142.6,542.4
1308,137086503036803,1197.5,542.0,535.8,119.7,85.4,491.4,kernel_add_rmsnorm_71@25/0-worker,prepare streams@25/0-worker,1195.5,1081.1,578.7,584.8,1181.4
1309,137086508803254,665.2,331.1,303.9,30.2,11.4,626.1,assemble attention plan@24/?-work_queue,Prepare hardware matmul job@24/?-work_queue,663.2,551.5,313.7,319.4,648.4
1310,137086513974831,584.2,170.7,375.4,38.0,16.3,533.7,assemble attention plan@24/?-work_queue,Prepare hardware matmul job@24/?-work_queue,581.0,458.8,156.1,160.8,561.1
1311,137086519017197,1915.0,753.2,828.7,333.1,137.4,1742.4,assemble attention plan@24/?-work_queue,Prepare hardware matmul job@24/?-work_queue,1912.4,1353.4,561.5,572.4,1897.4
1312,137086525523625,952.2,532.8,387.6,31.8,10.8,915.1,assemble attention plan@24/?-work_queue,Prepare hardware matmul job@24/?-work_queue,950.1,832.2,492.5,499.3,936.4
1313,137086530983169,1128.7,170.3,830.5,127.8,76.8,909.0,notify_listener@25/0-worker,work_queue::do_work get_work@24/?-work_queue,1126.8,909.0,154.4,170.2,1113.1
1314,137086536650647,525.4,138.9,351.9,34.5,10.6,488.5,assemble attention plan@24/?-work_queue,Prepare hardware matmul job@24/?-work_queue,522.9,413.8,111.9,130.5,508.7
1315,137086541654669,752.9,435.2,291.2,26.4,10.5,712.4,assemble attention plan@24/?-work_queue,Prepare hardware matmul job@24/?-work_queue,751.4,637.5,388.8,393.8,733.2
1316,137086546986145,554.5,154.4,367.3,32.9,11.0,511.5,assemble attention plan@24/?-work_queue,Prepare hardware matmul job@24/?-work_queue,552.1,436.0,135.5,139.6,538.7
1317,137086552021364,466.8,140.8,296.5,29.5,10.9,429.4,assemble attention plan@24/?-work_queue,Prepare hardware matmul job@24/?-work_queue,464.8,350.7,112.1,117.0,451.2
1318,137086557023738,1178.0,551.8,507.8,118.5,90.8,500.2,kernel_add_rmsnorm_71@25/0-worker,prepare streams@25/0-worker,1176.0,1065.6,593.9,607.3,1161.1
1319,137086562710239,1622.4,597.8,797.7,226.9,124.4,1470.7,assemble attention plan@24/?-work_queue,Prepare hardware matmul job@24/?-work_queue,1620.9,1082.0,342.1,351.8,1615.6
1320,137086568876709,514.1,161.7,327.7,24.7,10.4,477.9,assemble attention plan@24/?-work_queue,Prepare hardware matmul job@24/?-work_queue,512.3,403.8,156.0,168.4,498.3
1321,137086573896658,577.8,223.3,324.7,29.8,11.5,534.1,assemble attention plan@24/?-work_queue,Prepare hardware matmul job@24/?-work_queue,576.2,459.9,236.6,246.4,556.2
1322,137086578982562,484.5,146.0,311.5,27.0,13.0,443.5,assemble attention plan@24/?-work_queue,Prepare hardware matmul job@24/?-work_queue,481.5,367.2,126.5,132.8,466.2
1323,137086583911947,551.5,149.1,373.5,28.9,11.1,513.9,assemble attention plan@24/?-work_queue,Prepare hardware matmul job@24/?-work_queue,549.2,430.7,125.1,129.7,535.0
1324,137086589042565,1896.5,786.5,800.9,309.2,123.0,1745.8,assemble attention plan@24/?-work_queue,Prepare hardware matmul job@24/?-work_queue,1894.5,1338.1,585.9,593.0,1878.8
1325,137086595445325,461.7,144.6,292.9,24.3,10.1,424.6,assemble attention plan@24/?-work_queue,Prepare hardware matmul job@24/?-work_queue,458.8,351.7,129.9,134.6,445.3
1326,137086600408508,472.2,150.5,291.9,29.8,15.7,425.7,assemble attention plan@24/?-work_queue,Prepare hardware matmul job@24/?-work_queue,469.9,348.6,123.9,129.8,451.4
1327,137086605317914,566.4,167.7,374.0,24.7,11.0,508.5,assemble attention plan@24/?-work_queue,Prepare hardware matmul job@24/?-work_queue,562.8,435.2,128.6,132.7,529.5
1328,137086610339119,502.9,151.7,324.4,26.8,13.4,463.7,assemble attention plan@24/?-work_queue,Prepare hardware matmul job@24/?-work_queue,500.8,381.5,125.5,129.5,486.5
1329,137086615360577,1718.7,733.2,805.4,180.1,68.2,1394.7,notify_listener@25/0-worker,work_queue::do_work get_work@24/?-work_queue,1716.5,1394.7,655.2,686.9,1702.2
1330,137086621592151,2064.3,974.8,750.4,339.0,132.0,1904.9,assemble attention plan@24/?-work_queue,Prepare hardware matmul job@24/?-work_queue,2062.5,1441.4,730.4,734.6,2047.0
1331,137086628166386,551.4,160.7,366.1,24.7,10.5,514.0,assemble attention plan@24/?-work_queue,Prepare hardware matmul job@24/?-work_queue,549.2,440.7,136.5,140.1,535.2
1332,137086633205194,1069.3,588.2,336.1,145.0,88.7,573.3,kernel_add_rmsnorm_71@25/0-worker,prepare streams@25/0-worker,1066.8,950.8,663.9,683.2,1045.7
1333,137086638827246,560.8,158.2,375.0,27.6,13.2,521.1,assemble attention plan@24/?-work_queue,Prepare hardware matmul job@24/?-work_queue,559.1,442.9,126.3,135.5,544.2
1334,137086643900724,468.6,145.8,295.8,27.0,12.2,430.1,assemble attention plan@24/?-work_queue,Prepare hardware matmul job@24/?-work_queue,467.0,358.0,129.9,134.6,452.9
1335,137086648886101,1568.2,490.8,855.5,221.9,119.8,1422.6,assemble attention plan@24/?-work_queue,Prepare hardware matmul job@24/?-work_queue,1566.5,1003.4,203.2,214.2,1553.0
1336,137086654987963,474.0,162.4,284.9,26.8,11.7,436.5,assemble attention plan@24/?-work_queue,Prepare hardware matmul job@24/?-work_queue,470.9,360.5,141.6,145.6,457.3
1337,137086659964588,563.8,164.4,372.6,26.7,10.3,509.6,assemble attention plan@24/?-work_queue,Prepare hardware matmul job@24/?-work_queue,561.9,433.3,134.3,138.6,530.1
1338,137086665009742,482.0,149.2,304.3,28.5,12.0,442.4,assemble attention plan@24/?-work_queue,Prepare hardware matmul job@24/?-work_queue,479.6,362.4,121.2,126.7,465.3
1339,137086669919979,591.9,155.9,373.2,62.9,47.2,515.7,assemble attention plan@24/?-work_queue,Prepare hardware matmul job@24/?-work_queue,589.1,440.2,117.6,136.1,577.4
1340,137086674967372,495.8,172.7,294.0,29.1,10.6,458.1,assemble attention plan@24/?-work_queue,Prepare hardware matmul job@24/?-work_queue,493.3,377.6,143.1,152.6,478.7
1341,137086679910222,496.9,172.6,294.5,29.9,11.3,457.5,assemble attention plan@24/?-work_queue,Prepare hardware matmul job@24/?-work_queue,495.3,382.7,132.1,138.3,480.1
1342,137086684882946,509.4,150.8,326.9,31.6,16.5,452.1,assemble attention plan@24/?-work_queue,Prepare hardware matmul job@24/?-work_queue,507.6,377.7,132.4,136.6,478.5
1343,137086689833627,1326.7,509.3,687.3,130.0,102.0,441.6,kernel_add_rmsnorm_71@25/0-worker,prepare streams@25/0-worker,1325.1,1203.3,546.7,553.8,1310.2
1344,137086695669412,464.5,148.1,291.8,24.6,10.5,427.6,assemble attention plan@24/?-work_queue,Prepare hardware matmul job@24/?-work_queue,462.7,353.1,123.7,138.5,447.7
1345,137086700650831,550.8,151.7,371.6,27.5,9.9,514.2,assemble attention plan@24/?-work_queue,Prepare hardware matmul job@24/?-work_queue,548.6,437.7,123.7,129.3,534.4
1346,137086705690233,485.5,152.1,305.9,27.4,10.7,449.0,assemble attention plan@24/?-work_queue,Prepare hardware matmul job@24/?-work_queue,483.8,374.6,128.8,135.4,469.9
1347,137086710650726,484.4,168.6,289.2,26.6,9.9,442.2,assemble attention plan@24/?-work_queue,Prepare hardware matmul job@24/?-work_queue,482.9,367.2,137.2,142.2,461.4
1348,137086715636433,1483.0,568.1,781.7,133.2,89.9,509.0,kernel_add_rmsnorm_71@25/0-worker,prepare streams@25/0-worker,1481.5,1349.2,602.5,618.6,1466.1
1349,137086721614513,793.3,472.2,295.3,25.9,11.5,754.0,assemble attention plan@24/?-work_queue,Prepare hardware matmul job@24/?-work_queue,790.7,675.0,435.4,440.6,776.3
1350,137086726890772,1187.4,217.6,874.6,95.2,53.8,931.9,notify_listener@25/0-worker,work_queue::do_work get_work@24/?-work_queue,1185.5,931.9,127.7,135.2,1170.4
1351,137086732550391,849.3,314.1,339.1,196.1,165.3,135.6,rx collecting results@147/0-RX-10,Prepare hardware matmul job@24/?-work_queue,846.7,738.6,497.4,505.9,833.2
1352,137086737855965,684.8,279.4,370.8,34.6,13.0,616.8,assemble attention plan@24/?-work_queue,Prepare hardware matmul job@24/?-work_queue,683.0,543.6,228.6,233.8,640.1
1353,137086743042775,1229.5,605.4,493.9,130.2,101.0,554.8,kernel_add_rmsnorm_71@25/0-worker,prepare streams@25/0-worker,1227.8,1108.0,657.8,667.8,1212.6
1354,137086748726387,491.7,155.9,308.8,27.0,11.6,454.0,assemble attention plan@24/?-work_queue,Prepare hardware matmul job@24/?-work_queue,490.3,379.8,125.5,154.0,476.5
1355,137086753723201,540.9,137.6,378.2,25.1,12.4,501.6,assemble attention plan@24/?-work_queue,Prepare hardware matmul job@24/?-work_queue,538.6,430.8,119.4,123.2,523.4
1356,137086758808771,582.8,276.3,273.6,32.9,10.4,546.6,assemble attention plan@24/?-work_queue,Prepare hardware matmul job@24/?-work_queue,581.1,474.4,245.8,251.0,566.4
1357,137086763844320,497.2,161.0,310.1,26.1,10.2,452.3,assemble attention plan@24/?-work_queue,Prepare hardware matmul job@24/?-work_queue,493.8,379.9,130.9,134.9,473.2
1358,137086768833008,545.3,141.9,365.2,38.1,21.8,495.9,assemble attention plan@24/?-work_queue,Prepare hardware matmul job@24/?-work_queue,543.3,420.7,118.8,122.5,528.8
1359,137086773877453,623.1,228.8,343.7,50.6,18.8,533.2,compute_forward_args@24/?-work_queue,partition_listeners@24/?-work_queue,621.2,489.0,187.8,198.5,607.2
1360,137086779013902,1187.3,547.3,514.4,125.6,93.8,496.9,kernel_add_rmsnorm_71@25/0-worker,prepare streams@25/0-worker,1185.8,1073.9,593.8,612.3,1170.9
1361,137086784787655,676.5,248.2,396.2,32.1,10.8,639.3,assemble attention plan@24/?-work_queue,Prepare hardware matmul job@24/?-work_queue,675.0,565.9,257.9,262.5,660.5
1362,137086789920906,1270.6,583.2,578.1,109.3,82.6,514.4,kernel_add_rmsnorm_71@25/0-worker,prepare streams@25/0-worker,1268.4,1154.8,600.3,616.2,1249.2
1363,137086795735759,661.1,352.1,282.9,26.1,10.2,619.2,assemble attention plan@24/?-work_queue,Prepare hardware matmul job@24/?-work_queue,659.3,547.7,306.1,310.4,645.0
1364,137086800885729,511.6,146.1,336.1,29.4,12.9,472.1,assemble attention plan@24/?-work_queue,Prepare hardware matmul job@24/?-work_queue,509.8,390.0,136.0,141.3,495.1
1365,137086805926770,486.5,163.6,292.0,31.0,12.1,445.4,assemble attention plan@24/?-work_queue,Prepare hardware matmul job@24/?-work_queue,484.9,368.3,129.5,151.8,468.8
1366,137086810897308,552.7,144.4,382.7,25.6,11.4,515.4,assemble attention plan@24/?-work_queue,Prepare hardware matmul job@24/?-work_queue,551.0,443.6,132.6,140.8,537.2
1367,137086815910049,1306.2,573.8,616.5,115.9,91.2,540.8,kernel_add_rmsnorm_71@25/0-worker,prepare streams@25/0-worker,1304.1,1196.7,635.1,650.2,1290.1
1368,137086821708753,770.6,359.6,367.2,43.8,10.2,726.7,assemble attention plan@24/?-work_queue,Prepare hardware matmul job@24/?-work_queue,768.5,653.4,345.0,350.5,747.3
1369,137086826986213,550.4,153.1,367.7,29.7,11.8,511.2,assemble attention plan@24/?-work_queue,Prepare hardware matmul job@24/?-work_queue,548.8,432.8,126.4,130.4,533.7
1370,137086832057881,448.8,137.1,281.4,30.4,9.8,412.8,assemble attention plan@24/?-work_queue,Prepare hardware matmul job@24/?-work_queue,447.0,335.1,108.5,114.1,432.2
1371,137086836989379,471.7,151.1,293.5,27.1,11.6,434.4,assemble attention plan@24/?-work_queue,Prepare hardware matmul job@24/?-work_queue,469.9,358.5,125.5,132.3,455.9
1372,137086841964736,497.8,168.6,303.7,25.5,9.8,461.2,assemble attention plan@24/?-work_queue,Prepare hardware matmul job@24/?-work_queue,496.1,388.6,144.7,150.5,480.5
1373,137086846974536,519.8,162.0,333.1,24.7,10.3,477.0,assemble attention plan@24/?-work_queue,Prepare hardware matmul job@24/?-work_queue,517.8,403.4,140.0,152.6,497.5
1374,137086852021715,1198.0,523.2,561.9,112.9,84.6,471.9,kernel_add_rmsnorm_71@25/0-worker,prepare streams@25/0-worker,1194.3,1075.8,558.7,573.9,1179.6
1375,137086857692479,783.5,387.9,364.5,31.2,10.4,746.8,assemble attention plan@24/?-work_queue,Prepare hardware matmul job@24/?-work_queue,781.5,665.5,359.0,364.6,768.4
1376,137086863021131,491.5,162.4,303.8,25.4,11.3,452.8,assemble attention plan@24/?-work_queue,Prepare hardware matmul job@24/?-work_queue,488.0,380.0,132.6,137.4,474.7
1377,137086868012684,846.6,456.7,357.5,32.3,12.2,722.8,notify_listener@25/0-worker,work_queue::do_work get_work@24/?-work_queue,843.6,722.8,408.3,418.1,828.9
1378,137086873360827,569.6,187.2,352.9,29.5,11.0,514.7,assemble attention plan@24/?-work_queue,Prepare hardware matmul job@24/?-work_queue,567.2,439.1,138.7,144.8,543.8
1379,137086878370603,807.2,156.1,623.5,27.6,10.8,765.4,assemble attention plan@24/?-work_queue,Prepare hardware matmul job@24/?-work_queue,805.6,686.2,129.9,151.2,791.4
1380,137086883705508,764.3,390.5,344.6,29.2,12.1,723.7,assemble attention plan@24/?-work_queue,Prepare hardware matmul job@24/?-work_queue,761.8,639.8,335.8,343.6,746.7
1381,137086888920865,1404.0,377.3,822.6,204.1,93.0,1283.3,assemble attention plan@24/?-work_queue,Prepare hardware matmul job@24/?-work_queue,1401.8,882.7,122.7,126.5,1387.1
1382,137086894859421,1938.6,463.0,485.0,990.5,830.0,598.2,notify_listener@25/0-worker,work_queue::do_work get_work@24/?-work_queue,1936.7,598.2,204.3,208.4,1921.6
1383,137086901289049,999.1,606.5,287.4,105.2,77.8,569.4,kernel_add_rmsnorm_71@25/0-worker,prepare streams@25/0-worker,996.8,883.3,649.5,653.3,978.3
1384,137086906762876,552.0,154.4,370.7,27.0,10.8,506.9,assemble attention plan@24/?-work_queue,Prepare hardware matmul job@24/?-work_queue,550.4,431.5,120.5,125.2,535.2
1385,137086911777025,554.6,147.0,380.5,27.2,10.6,517.5,assemble attention plan@24/?-work_queue,Prepare hardware matmul job@24/?-work_queue,553.0,437.1,138.7,142.6,538.6
1386,137086916824629,570.6,151.0,393.3,26.3,9.5,534.1,assemble attention plan@24/?-work_queue,Prepare hardware matmul job@24/?-work_queue,568.1,459.3,126.3,133.1,555.0
1387,137086921863363,629.7,258.5,341.2,30.0,11.0,592.3,assemble attention plan@24/?-work_queue,Prepare hardware matmul job@24/?-work_queue,628.1,519.9,218.7,222.6,613.1
1388,137086927047827,463.8,147.9,289.0,26.9,11.0,426.5,assemble attention plan@24/?-work_queue,Prepare hardware matmul job@24/?-work_queue,461.3,352.5,114.2,118.7,447.2
1389,137086931997059,492.5,153.5,310.3,28.7,10.7,448.4,assemble attention plan@24/?-work_queue,Prepare hardware matmul job@24/?-work_queue,490.3,374.4,127.8,132.6,469.9
1390,137086937034382,1196.8,506.4,564.2,126.2,83.9,457.0,kernel_add_rmsnorm_71@25/0-worker,prepare streams@25/0-worker,1194.7,1072.1,542.9,559.0,1178.6
1391,137086942729031,536.9,142.6,359.9,34.4,11.2,498.0,assemble attention plan@24/?-work_queue,Prepare hardware matmul job@24/?-work_queue,534.6,416.8,115.6,120.5,520.1
1392,137086947813045,474.2,162.0,282.8,29.4,10.6,437.1,assemble attention plan@24/?-work_queue,Prepare hardware matmul job@24/?-work_queue,472.3,361.5,114.7,121.8,458.0
1393,137086952786051,694.5,302.9,361.9,29.7,11.9,655.0,assemble attention plan@24/?-work_queue,Prepare hardware matmul job@24/?-work_queue,692.1,579.6,273.9,278.9,677.2
1394,137086957991479,545.1,155.6,361.9,27.6,11.2,502.4,assemble attention plan@24/?-work_queue,Prepare hardware matmul job@24/?-work_queue,538.6,427.2,120.5,124.4,523.9
1395,137086963018500,487.1,153.0,308.4,25.6,11.6,440.9,assemble attention plan@24/?-work_queue,Prepare hardware matmul job@24/?-work_queue,484.5,367.2,130.6,135.2,467.9
1396,137086968021403,1879.5,854.6,745.7,279.2,97.7,1753.9,assemble attention plan@24/?-work_queue,Prepare hardware matmul job@24/?-work_queue,1877.8,1281.7,572.5,579.7,1862.8
1397,137086974394257,1895.9,772.9,850.7,272.3,134.3,1735.5,assemble attention plan@24/?-work_queue,Prepare hardware matmul job@24/?-work_queue,1893.7,1342.8,619.6,626.7,1880.2
1398,137086980812885,571.0,152.1,377.9,41.1,14.8,133.2,rx collecting results@150/0-RX-3b,prepare streams@25/0-worker,569.1,459.3,153.1,160.9,554.7
1399,137086985819212,680.7,290.5,355.6,34.6,13.5,554.6,notify_listener@25/0-worker,work_queue::do_work get_work@24/?-work_queue,678.4,554.6,240.6,245.1,657.2
1400,137086991063564,1054.1,147.1,816.5,90.5,66.4,857.3,notify_listener@25/0-worker,work_queue::do_work get_work@24/?-work_queue,1052.4,857.3,117.5,124.2,1036.4
1401,137086996605971,1514.2,486.9,901.9,125.4,101.1,1299.1,notify_listener@25/0-worker,work_queue::do_work get_work@24/?-work_queue,1512.7,1299.1,438.3,446.3,1497.9
1402,137087002667421,788.2,413.2,344.9,30.1,10.8,751.0,assemble attention plan@24/?-work_queue,Prepare hardware matmul job@24/?-work_queue,786.4,678.5,377.8,381.8,772.1
1403,137087007902672,606.1,209.4,361.8,34.8,12.3,490.9,notify_listener@25/0-worker,work_queue::do_work get_work@24/?-work_queue,604.6,490.9,193.1,197.0,590.2
1404,137087013043552,1170.0,550.8,509.2,110.0,79.4,500.9,kernel_add_rmsnorm_71@25/0-worker,prepare streams@25/0-worker,1167.7,1043.9,582.4,586.4,1136.4
1405,137087018731755,671.1,321.6,315.4,34.1,14.3,541.6,notify_listener@25/0-worker,work_queue::do_work get_work@24/?-work_queue,669.6,541.6,322.9,329.6,654.7
1406,137087023945257,579.4,176.7,368.1,34.6,16.5,536.5,assemble attention plan@24/?-work_queue,Prepare hardware matmul job@24/?-work_queue,577.0,459.6,152.4,169.5,563.0
1407,137087029012212,1193.1,512.0,548.3,132.7,95.4,463.8,kernel_add_rmsnorm_71@25/0-worker,prepare streams@25/0-worker,1191.0,1075.9,561.5,572.3,1176.4
1408,137087034739614,534.9,150.3,353.2,31.4,11.3,498.2,assemble attention plan@24/?-work_queue,Prepare hardware matmul job@24/?-work_queue,533.3,418.1,119.4,124.3,519.5
1409,137087039792312,527.7,162.7,334.8,30.2,11.1,485.6,assemble attention plan@24/?-work_queue,Prepare hardware matmul job@24/?-work_queue,526.2,407.9,154.2,168.2,506.8
1410,137087044836925,591.6,257.4,304.8,29.3,13.3,544.8,assemble attention plan@24/?-work_queue,Prepare hardware matmul job@24/?-work_queue,589.9,469.0,216.8,226.5,574.3
1411,137087049921630,571.8,150.3,373.5,48.0,17.2,482.9,partition_listeners@24/?-work_queue,gather_token_job_ids@24/?-work_queue,570.3,434.5,130.3,143.2,555.8
1412,137087055025338,1188.3,600.5,467.7,120.1,87.3,560.1,kernel_add_rmsnorm_71@25/0-worker,prepare streams@25/0-worker,1186.7,1077.7,649.8,656.4,1172.3
1413,137087060724249,662.6,352.2,281.1,29.3,11.2,547.1,notify_listener@25/0-worker,work_queue::do_work get_work@24/?-work_queue,660.4,547.1,318.5,322.6,646.1
1414,137087065916066,592.0,207.3,354.5,30.2,10.6,552.0,assemble attention plan@24/?-work_queue,Prepare hardware matmul job@24/?-work_queue,590.4,478.2,176.5,181.7,572.1
1415,137087071026485,1231.8,562.6,548.0,121.2,87.4,533.3,kernel_add_rmsnorm_71@25/0-worker,prepare streams@25/0-worker,1230.1,1107.7,623.6,641.9,1213.8
1416,137087076801899,686.5,308.6,347.9,29.9,12.4,649.7,assemble attention plan@24/?-work_queue,Prepare hardware matmul job@24/?-work_queue,685.0,568.8,260.9,272.1,671.4
1417,137087081981619,1130.4,162.9,903.0,64.4,42.2,984.2,notify_listener@25/0-worker,work_queue::do_work get_work@24/?-work_queue,1128.5,984.2,153.8,168.9,1114.5
1418,137087087667628,804.9,423.8,345.8,35.3,11.2,766.9,assemble attention plan@24/?-work_queue,Prepare hardware matmul job@24/?-work_queue,803.4,693.2,381.6,386.5,788.5
1419,137087092947565,620.8,229.4,355.4,35.9,13.0,459.3,notify_listener@25/0-worker,work_queue::do_work get_work@24/?-work_queue,617.3,459.3,153.4,165.2,561.7
1420,137087098117517,1159.4,599.9,449.3,110.3,82.4,534.7,kernel_add_rmsnorm_71@25/0-worker,prepare streams@25/0-worker,1157.8,1037.3,633.4,647.3,1142.5
1421,137087103803037,476.7,142.3,299.3,35.0,13.3,436.3,assemble attention plan@24/?-work_queue,Prepare hardware matmul job@24/?-work_queue,474.2,352.3,108.4,113.4,459.6
1422,137087108816818,591.4,269.8,285.1,36.5,15.0,549.7,assemble attention plan@24/?-work_queue,Prepare hardware matmul job@24/?-work_queue,589.6,474.2,227.3,231.3,575.1
1423,137087113889112,607.2,208.2,369.0,30.1,11.2,493.3,notify_listener@25/0-worker,work_queue::do_work get_work@24/?-work_queue,605.8,493.3,172.1,177.9,592.1
1424,137087119036527,2033.6,927.4,857.5,248.7,114.1,614.4,kernel_add_rmsnorm_71@25/0-worker,prepare streams@25/0-worker,2032.0,1549.2,730.3,734.4,2018.5
1425,137087125608695,798.9,476.6,291.4,30.9,12.0,752.9,assemble attention plan@24/?-work_queue,Prepare hardware matmul job@24/?-work_queue,797.2,678.3,446.2,451.4,774.6
1426,137087130935513,1170.6,236.5,815.5,118.7,70.9,913.8,notify_listener@25/0-worker,work_queue::do_work get_work@24/?-work_queue,1168.1,913.8,155.0,163.7,1153.5
1427,137087136649943,823.1,447.1,348.6,27.4,11.1,786.6,assemble attention plan@24/?-work_queue,Prepare hardware matmul job@24/?-work_queue,821.1,706.7,398.5,404.4,807.4
1428,137087142007640,1200.4,630.2,448.3,121.9,91.3,553.0,kernel_add_rmsnorm_71@25/0-worker,prepare streams@25/0-worker,1198.8,1087.3,647.3,681.7,1184.6
1429,137087147725949,656.2,364.1,262.0,30.1,13.1,613.7,assemble attention plan@24/?-work_queue,Prepare hardware matmul job@24/?-work_queue,653.2,538.6,312.0,319.4,637.5
1430,137087152909401,567.7,219.0,321.3,27.4,10.7,513.7,assemble attention plan@24/?-work_queue,Prepare hardware matmul job@24/?-work_queue,565.7,438.6,193.8,198.8,534.2
1431,137087157987257,501.6,157.2,318.3,26.1,11.1,457.0,assemble attention plan@24/?-work_queue,Prepare hardware matmul job@24/?-work_queue,499.8,381.3,122.4,126.2,479.2
1432,137087163036221,1961.7,875.9,789.0,296.8,103.2,536.9,kernel_add_rmsnorm_71@25/0-worker,prepare streams@25/0-worker,1959.3,1374.5,641.7,645.4,1944.9
1433,137087169566869,892.6,533.1,333.9,25.6,10.5,854.4,assemble attention plan@24/?-work_queue,Prepare hardware matmul job@24/?-work_queue,889.9,776.0,473.4,493.5,875.9
1434,137087174994959,488.3,165.4,296.6,26.3,12.3,449.7,assemble attention plan@24/?-work_queue,Prepare hardware matmul job@24/?-work_queue,485.4,373.3,133.9,140.8,471.4
1435,137087180012832,488.2,157.7,303.8,26.7,11.5,446.0,assemble attention plan@24/?-work_queue,Prepare hardware matmul job@24/?-work_queue,486.3,371.3,127.1,139.1,467.5
1436,137087185046208,1998.5,881.1,837.0,280.4,88.7,567.4,kernel_add_rmsnorm_71@25/0-worker,prepare streams@25/0-worker,1996.7,1443.5,658.3,668.7,1977.3
1437,137087191646755,1501.9,551.4,803.1,147.5,108.2,490.0,kernel_add_rmsnorm_71@25/0-worker,prepare streams@25/0-worker,1499.6,1377.1,601.5,613.2,1485.8
1438,137087197684962,557.2,155.3,369.8,32.0,15.6,514.7,assemble attention plan@24/?-work_queue,Prepare hardware matmul job@24/?-work_queue,555.5,428.3,121.2,127.3,541.4
1439,137087202735685,671.2,340.0,300.7,30.5,12.7,632.7,assemble attention plan@24/?-work_queue,Prepare hardware matmul job@24/?-work_queue,669.5,556.8,315.8,321.4,655.6
1440,137087208002004,532.5,148.9,356.2,27.3,11.9,495.4,assemble attention plan@24/?-work_queue,Prepare hardware matmul job@24/?-work_queue,530.7,421.2,125.4,130.1,517.5
1441,137087213031902,464.5,150.6,283.0,30.9,11.2,421.3,assemble attention plan@24/?-work_queue,Prepare hardware matmul job@24/?-work_queue,462.0,348.3,123.0,127.7,442.3
1442,137087218070052,536.2,136.1,368.6,31.6,17.4,492.8,assemble attention plan@24/?-work_queue,Prepare hardware matmul job@24/?-work_queue,534.5,420.8,113.4,117.9,520.6
1443,137087223092785,1027.1,141.0,806.0,80.1,54.1,859.3,notify_listener@25/0-worker,work_queue::do_work get_work@24/?-work_queue,1025.4,859.3,108.8,113.5,1011.3
1444,137087228678502,499.6,187.6,284.6,27.4,11.4,462.0,assemble attention plan@24/?-work_queue,Prepare hardware matmul job@24/?-work_queue,496.6,386.9,142.8,146.9,483.5
1445,137087233654156,619.6,153.2,440.3,26.1,11.2,580.5,assemble attention plan@24/?-work_queue,Prepare hardware matmul job@24/?-work_queue,616.8,506.1,123.4,128.5,601.9
1446,137087238845941,631.4,249.5,350.4,31.5,11.3,588.0,assemble attention plan@24/?-work_queue,Prepare hardware matmul job@24/?-work_queue,628.7,511.3,210.6,214.7,609.1
1447,137087243950785,513.9,169.2,309.6,35.1,17.9,467.8,assemble attention plan@24/?-work_queue,Prepare hardware matmul job@24/?-work_queue,511.1,390.5,145.6,150.5,496.5
1448,137087249030902,560.9,154.9,377.8,28.3,11.0,524.5,assemble attention plan@24/?-work_queue,Prepare hardware matmul job@24/?-work_queue,559.3,437.9,138.1,144.2,545.5
1449,137087254101075,533.6,145.2,353.7,34.6,12.5,494.7,assemble attention plan@24/?-work_queue,Prepare hardware matmul job@24/?-work_queue,531.5,417.8,117.0,125.3,517.4
1450,137087259219356,548.9,156.1,364.5,28.4,10.1,513.0,assemble attention plan@24/?-work_queue,Prepare hardware matmul job@24/?-work_queue,546.0,433.9,125.8,129.3,533.4
1451,137087264265386,552.8,170.1,355.5,27.2,11.4,507.8,assemble attention plan@24/?-work_queue,Prepare hardware matmul job@24/?-work_queue,550.6,431.6,133.8,139.3,528.4
1452,137087269389072,547.0,145.8,372.2,29.0,11.3,502.7,assemble attention plan@24/?-work_queue,Prepare hardware matmul job@24/?-work_queue,544.7,426.7,121.2,126.2,529.1
1453,137087274438551,1639.6,721.3,754.3,163.9,72.5,496.1,kernel_add_rmsnorm_71@25/0-worker,prepare streams@25/0-worker,1637.6,1280.4,570.9,583.2,1623.3
1454,137087280632906,533.8,143.6,359.1,31.1,15.0,491.3,assemble attention plan@24/?-work_queue,Prepare hardware matmul job@24/?-work_queue,531.5,417.9,111.0,124.7,516.3
1455,137087285652337,817.1,435.5,353.1,28.4,12.4,778.8,assemble attention plan@24/?-work_queue,Prepare hardware matmul job@24/?-work_queue,814.8,705.6,388.1,402.4,801.5
1456,137087291099864,508.5,147.2,334.6,26.7,12.4,469.6,assemble attention plan@24/?-work_queue,Prepare hardware matmul job@24/?-work_queue,507.0,394.1,122.3,126.8,492.3
1457,137087296084732,552.1,151.1,375.5,25.5,10.5,511.6,assemble attention plan@24/?-work_queue,Prepare hardware matmul job@24/?-work_queue,550.2,437.2,132.5,136.1,531.5
1458,137087301174252,1895.4,778.9,913.1,203.4,92.5,540.0,kernel_add_rmsnorm_71@25/0-worker,prepare streams@25/0-worker,1892.7,1482.3,634.8,639.3,1877.4
1459,137087307619892,777.0,469.7,277.5,29.8,10.5,739.3,assemble attention plan@24/?-work_queue,Prepare hardware matmul job@24/?-work_queue,774.5,663.0,414.3,438.0,759.6
1460,137087312968157,472.6,165.1,281.2,26.2,10.4,435.3,assemble attention plan@24/?-work_queue,Prepare hardware matmul job@24/?-work_queue,469.9,360.4,136.3,144.7,455.5
1461,137087317939018,546.5,155.8,362.8,27.9,12.9,507.3,assemble attention plan@24/?-work_queue,Prepare hardware matmul job@24/?-work_queue,544.2,432.0,125.1,130.2,530.8
1462,137087323032554,564.1,163.9,374.0,26.2,9.7,511.3,assemble attention plan@24/?-work_queue,Prepare hardware matmul job@24/?-work_queue,562.2,436.8,128.6,133.1,529.9
1463,137087328131003,549.6,158.9,362.6,28.1,11.3,509.3,assemble attention plan@24/?-work_queue,Prepare hardware matmul job@24/?-work_queue,547.1,428.7,132.8,136.8,531.3
1464,137087333254123,545.5,165.8,350.3,29.4,11.6,508.0,assemble attention plan@24/?-work_queue,Prepare hardware matmul job@24/?-work_queue,543.4,414.5,111.3,116.0,529.1
1465,137087338297172,511.4,182.2,300.2,29.0,10.7,474.0,assemble attention plan@24/?-work_queue,Prepare hardware matmul job@24/?-work_queue,509.1,376.5,135.0,140.2,495.0
1466,137087343347388,559.6,169.7,360.1,29.7,10.3,523.5,assemble attention plan@24/?-work_queue,Prepare hardware matmul job@24/?-work_queue,557.2,437.9,135.0,138.8,543.5
1467,137087348373813,504.2,168.5,300.1,35.7,14.8,379.5,notify_listener@25/0-worker,work_queue::do_work get_work@24/?-work_queue,502.6,379.5,133.7,140.8,485.0
1468,137087353427325,1655.0,710.5,789.6,154.9,69.4,1332.1,notify_listener@25/0-worker,work_queue::do_work get_work@24/?-work_queue,1652.8,1332.1,586.1,595.5,1639.3
1469,137087359632838,876.4,458.5,386.6,31.3,11.5,838.5,assemble attention plan@24/?-work_queue,Prepare hardware matmul job@24/?-work_queue,874.8,756.2,442.6,461.2,860.8
1470,137087365048441,1992.2,782.7,842.6,366.8,159.5,1806.6,assemble attention plan@24/?-work_queue,Prepare hardware matmul job@24/?-work_queue,1990.0,1340.5,597.6,606.5,1976.0
1471,137087371555198,910.5,516.6,359.9,34.0,12.7,793.1,notify_listener@25/0-worker,work_queue::do_work get_work@24/?-work_queue,909.0,793.1,482.9,487.6,894.8
1472,137087377035949,1216.2,556.1,527.3,132.8,88.6,546.1,kernel_add_rmsnorm_71@25/0-worker,prepare streams@25/0-worker,1214.7,1099.0,636.7,643.4,1196.5
1473,137087382822339,500.8,142.3,322.4,36.1,15.7,372.8,notify_listener@25/0-worker,work_queue::do_work get_work@24/?-work_queue,499.1,372.8,121.7,125.4,484.3
1474,137087387863800,476.4,163.5,280.8,32.1,10.6,438.8,assemble attention plan@24/?-work_queue,Prepare hardware matmul job@24/?-work_queue,474.7,335.4,111.6,118.7,459.8
1475,137087392951701,585.6,181.9,371.3,32.3,12.9,547.0,assemble attention plan@24/?-work_queue,Prepare hardware matmul job@24/?-work_queue,583.7,464.7,151.6,159.7,569.9
1476,137087398079986,1042.1,162.1,845.8,34.1,15.8,918.0,notify_listener@25/0-worker,work_queue::do_work get_work@24/?-work_queue,1039.9,918.0,133.2,148.9,1024.9
1477,137087403675293,799.5,424.6,340.4,34.5,13.5,675.8,notify_listener@25/0-worker,work_queue::do_work get_work@24/?-work_queue,797.6,675.8,372.8,379.0,777.1
1478,137087409017901,1069.3,600.9,350.1,118.3,86.5,578.9,kernel_add_rmsnorm_71@25/0-worker,prepare streams@25/0-worker,1067.5,944.2,667.9,676.7,1052.6
1479,137087414660652,910.6,431.5,436.1,43.0,16.9,769.5,notify_listener@25/0-worker,work_queue::do_work get_work@24/?-work_queue,908.0,769.5,380.7,384.8,894.4
1480,137087420048580,1183.7,626.0,433.2,124.5,95.6,591.7,kernel_add_rmsnorm_71@25/0-worker,prepare streams@25/0-worker,1182.1,1069.6,689.5,695.8,1167.9
1481,137087425792652,485.3,154.4,295.2,35.7,17.8,362.3,notify_listener@25/0-worker,work_queue::do_work get_work@24/?-work_queue,482.8,362.3,119.6,124.3,468.8
1482,137087430801355,1411.5,287.2,533.1,591.2,571.5,730.8,notify_listener@25/0-worker,work_queue::do_work get_work@24/?-work_queue,1409.0,730.8,285.3,289.4,1389.9
1483,137087436760209,488.7,158.8,299.4,30.5,11.3,443.6,assemble attention plan@24/?-work_queue,Prepare hardware matmul job@24/?-work_queue,487.2,362.0,127.8,132.4,471.9
1484,137087441791180,480.8,155.9,290.9,33.9,10.6,443.8,assemble attention plan@24/?-work_queue,Prepare hardware matmul job@24/?-work_queue,479.1,354.1,122.3,126.6,464.6
1485,137087446819788,587.1,304.7,256.9,25.5,10.3,549.9,assemble attention plan@24/?-work_queue,Prepare hardware matmul job@24/?-work_queue,585.0,474.1,234.6,258.0,571.0
1486,137087451937294,586.6,193.0,358.5,35.1,16.7,542.0,assemble attention plan@24/?-work_queue,Prepare hardware matmul job@24/?-work_queue,584.0,462.4,152.6,156.3,568.6
1487,137087457047808,474.1,154.6,288.9,30.7,12.4,355.5,notify_listener@25/0-worker,work_queue::do_work get_work@24/?-work_queue,472.4,355.5,126.3,130.8,458.2
1488,137087462047515,1108.6,640.8,339.0,128.7,94.1,627.0,kernel_add_rmsnorm_71@25/0-worker,prepare streams@25/0-worker,1107.0,976.7,729.4,738.8,1075.4
1489,137087467724382,719.0,371.9,315.5,31.5,12.7,595.7,notify_listener@25/0-worker,work_queue::do_work get_work@24/?-work_queue,717.4,595.7,322.1,331.0,703.3
1490,137087473021946,1091.9,164.2,806.9,120.9,71.2,873.5,notify_listener@25/0-worker,work_queue::do_work get_work@24/?-work_queue,1089.6,873.5,127.0,132.8,1075.3
1491,137087478668960,570.0,143.8,393.4,32.8,12.8,449.5,notify_listener@25/0-worker,work_queue::do_work get_work@24/?-work_queue,567.5,449.5,121.4,125.4,553.1
1492,137087483770437,634.0,309.4,300.1,24.4,9.6,597.1,assemble attention plan@24/?-work_queue,Prepare hardware matmul job@24/?-work_queue,631.5,519.1,279.7,283.2,617.0
1493,137087488934474,569.2,172.1,363.6,33.5,13.7,441.9,notify_listener@25/0-worker,work_queue::do_work get_work@24/?-work_queue,567.0,441.9,135.9,141.1,547.1
1494,137087494022229,461.4,135.2,291.2,35.0,12.3,416.3,assemble attention plan@24/?-work_queue,Prepare hardware matmul job@24/?-work_queue,459.8,341.9,118.8,123.8,445.2
1495,137087499007737,1265.7,579.5,535.5,150.7,99.3,526.4,kernel_add_rmsnorm_71@25/0-worker,prepare streams@25/0-worker,1264.1,1126.5,640.0,666.6,1260.6
1496,137087504860423,547.0,151.4,366.9,28.8,11.7,510.0,assemble attention plan@24/?-work_queue,Prepare hardware matmul job@24/?-work_queue,545.3,431.0,128.0,131.6,531.5
1497,137087509964553,479.0,150.0,295.9,33.1,13.6,360.2,notify_listener@25/0-worker,work_queue::do_work get_work@24/?-work_queue,477.1,360.2,116.3,123.4,463.7
1498,137087515055852,1177.0,586.5,461.7,128.8,99.7,524.6,kernel_add_rmsnorm_71@25/0-worker,prepare streams@25/0-worker,1173.9,1056.9,627.0,637.8,1153.3
1499,137087520697607,705.3,384.3,285.2,35.8,11.6,658.9,assemble attention plan@24/?-work_queue,Prepare hardware matmul job@24/?-work_queue,703.5,580.4,347.7,352.0,686.9
1500,137087525947226,594.2,187.9,367.0,39.3,13.4,554.2,assemble attention plan@24/?-work_queue,Prepare hardware matmul job@24/?-work_queue,592.5,470.4,168.6,173.8,577.5
1501,137087531085380,508.0,152.9,320.6,34.5,12.9,380.8,notify_listener@25/0-worker,work_queue::do_work get_work@24/?-work_queue,505.6,380.8,117.1,122.2,491.7
1502,137087536150498,562.6,148.2,377.3,37.1,15.5,519.7,assemble attention plan@24/?-work_queue,Prepare hardware matmul job@24/?-work_queue,560.5,437.6,126.2,130.8,545.3
1503,137087541215896,1077.5,582.8,354.9,139.8,106.5,554.6,kernel_add_rmsnorm_71@25/0-worker,prepare streams@25/0-worker,1071.5,952.2,664.0,676.4,1057.4
1504,137087546868482,575.0,235.9,313.4,25.6,9.5,529.1,assemble attention plan@24/?-work_queue,Prepare hardware matmul job@24/?-work_queue,572.5,452.5,210.8,216.1,557.6
1505,137087551997655,495.5,159.1,304.1,32.3,13.5,364.3,notify_listener@25/0-worker,work_queue::do_work get_work@24/?-work_queue,493.1,364.3,125.5,129.8,478.3
1506,137087557037663,1173.3,585.2,466.8,121.2,89.7,537.0,kernel_add_rmsnorm_71@25/0-worker,prepare streams@25/0-worker,1171.7,1059.6,628.7,634.0,1157.5
1507,137087562752084,469.8,150.5,289.3,29.9,11.7,350.1,notify_listener@25/0-worker,work_queue::do_work get_work@24/?-work_queue,467.9,350.1,112.3,116.7,453.0
1508,137087567794856,567.3,165.8,371.2,30.4,12.4,525.5,assemble attention plan@24/?-work_queue,Prepare hardware matmul job@24/?-work_queue,565.4,446.0,136.4,143.5,548.3
1509,137087572879336,1203.1,241.7,804.6,156.8,114.9,876.5,notify_listener@25/0-worker,work_queue::do_work get_work@24/?-work_queue,1200.8,876.5,123.2,131.6,1187.2
1510,137087578656046,482.7,153.9,293.0,35.9,12.6,442.9,assemble attention plan@24/?-work_queue,Prepare hardware matmul job@24/?-work_queue,480.3,358.8,128.3,134.0,465.2
1511,137087583643450,477.7,152.0,288.1,37.7,14.8,354.9,notify_listener@25/0-worker,work_queue::do_work get_work@24/?-work_queue,477.9,354.9,112.1,117.3,460.3
1512,137087588737489,486.5,145.0,310.9,30.6,10.4,451.2,assemble attention plan@24/?-work_queue,Prepare hardware matmul job@24/?-work_queue,484.5,371.7,116.7,124.6,471.4
1513,137087593692472,1549.4,872.3,537.1,140.0,106.9,832.8,kernel_add_rmsnorm_71@25/0-worker,prepare streams@25/0-worker,1547.1,1430.2,941.7,945.2,1532.7
1514,137087599832170,568.4,160.1,372.6,35.7,11.2,515.3,assemble attention plan@24/?-work_queue,Prepare hardware matmul job@24/?-work_queue,566.2,437.3,131.7,138.4,536.6
1515,137087604907851,498.3,149.8,310.1,38.4,19.2,453.2,assemble attention plan@24/?-work_queue,Prepare hardware matmul job@24/?-work_queue,496.6,372.9,127.7,142.6,482.8
1516,137087609999846,1114.5,163.2,862.7,88.6,70.0,903.5,notify_listener@25/0-worker,work_queue::do_work get_work@24/?-work_queue,1112.5,903.5,133.4,153.1,1097.7
1517,137087615625346,1444.6,416.8,855.1,172.8,123.5,936.7,notify_listener@25/0-worker,work_queue::do_work get_work@24/?-work_queue,1442.1,936.7,143.5,153.1,1427.2
1518,137087621673704,725.5,412.6,274.0,38.9,15.7,685.0,assemble attention plan@24/?-work_queue,Prepare hardware matmul job@24/?-work_queue,723.9,603.3,375.2,379.1,709.9
1519,137087626926074,601.1,220.7,348.9,31.5,12.7,470.0,notify_listener@25/0-worker,work_queue::do_work get_work@24/?-work_queue,597.6,470.0,170.0,174.5,575.6
1520,137087632114889,503.3,159.9,318.2,25.2,10.5,458.3,assemble attention plan@24/?-work_queue,Prepare hardware matmul job@24/?-work_queue,501.7,382.2,133.4,137.2,487.5
1521,137087637142684,576.1,160.4,381.4,34.3,14.1,447.1,notify_listener@25/0-worker,work_queue::do_work get_work@24/?-work_queue,574.5,447.1,151.1,155.1,560.3
1522,137087642313586,998.5,580.6,284.1,133.8,100.4,552.5,kernel_add_rmsnorm_71@25/0-worker,prepare streams@25/0-worker,996.0,884.5,654.6,658.6,981.5
1523,137087647864771,2089.3,927.2,783.8,378.2,120.5,1942.5,assemble attention plan@24/?-work_queue,Prepare hardware matmul job@24/?-work_queue,2087.4,1420.0,674.3,694.3,2073.0
1524,137087654580527,672.0,157.0,490.2,24.7,10.0,630.4,assemble attention plan@24/?-work_queue,Prepare hardware matmul job@24/?-work_queue,664.4,552.5,124.8,130.1,650.3
1525,137087659762006,1372.4,479.4,766.3,126.7,88.0,442.6,kernel_add_rmsnorm_71@25/0-worker,prepare streams@25/0-worker,1370.7,1244.4,533.6,553.2,1355.1
1526,137087665728601,693.3,360.2,299.2,33.9,14.7,651.7,assemble attention plan@24/?-work_queue,Prepare hardware matmul job@24/?-work_queue,690.2,568.2,314.2,318.7,676.1
1527,137087670952122,1149.2,167.7,817.1,164.4,113.8,875.7,notify_listener@25/0-worker,work_queue::do_work get_work@24/?-work_queue,1147.4,875.7,136.0,150.0,1132.3
1528,137087676722061,469.2,149.4,294.6,25.2,10.9,432.1,assemble attention plan@24/?-work_queue,Prepare hardware matmul job@24/?-work_queue,467.8,354.3,108.3,112.2,453.2
1529,137087681699570,1828.5,734.3,843.7,250.5,132.0,1670.7,assemble attention plan@24/?-work_queue,Prepare hardware matmul job@24/?-work_queue,1826.7,1141.0,345.8,355.1,1813.1
1530,137087688123113,1501.3,433.0,831.8,236.5,123.2,1344.2,assemble attention plan@24/?-work_queue,Prepare hardware matmul job@24/?-work_queue,1498.0,894.9,127.1,134.3,1477.7
1531,137087694166796,553.5,168.5,358.1,27.0,12.6,513.2,assemble attention plan@24/?-work_queue,Prepare hardware matmul job@24/?-work_queue,551.3,426.2,125.2,130.2,536.3
1532,137087699286137,542.5,149.1,361.4,32.1,10.9,506.0,assemble attention plan@24/?-work_queue,Prepare hardware matmul job@24/?-work_queue,540.7,418.3,108.7,112.7,526.5
1533,137087704369275,587.3,217.0,342.0,28.3,11.9,548.4,assemble attention plan@24/?-work_queue,Prepare hardware matmul job@24/?-work_queue,584.9,464.8,159.0,166.2,570.3
1534,137087709501498,903.9,573.2,281.7,49.1,16.9,858.7,assemble attention plan@24/?-work_queue,Prepare hardware matmul job@24/?-work_queue,901.7,780.6,534.2,546.4,886.0
1535,137087714923898,606.9,216.5,360.1,30.3,12.6,560.6,assemble attention plan@24/?-work_queue,Prepare hardware matmul job@24/?-work_queue,605.1,478.2,177.7,181.9,583.2
1536,137087720102270,1153.8,570.7,463.6,119.4,91.9,525.6,kernel_add_rmsnorm_71@25/0-worker,prepare streams@25/0-worker,1151.5,1031.5,620.0,625.8,1136.8
1537,137087725808044,568.0,148.9,383.6,35.4,11.0,530.2,assemble attention plan@24/?-work_queue,Prepare hardware matmul job@24/?-work_queue,566.4,440.5,135.2,139.1,551.9
1538,137087730925600,501.9,153.3,322.7,25.9,10.3,465.5,assemble attention plan@24/?-work_queue,Prepare hardware matmul job@24/?-work_queue,499.1,387.4,132.3,140.8,485.4
1539,137087735997294,484.5,154.4,303.4,26.7,12.4,446.3,assemble attention plan@24/?-work_queue,Prepare hardware matmul job@24/?-work_queue,484.1,368.9,128.7,132.5,468.3
1540,137087741043700,1210.0,622.5,444.5,143.1,111.9,605.3,kernel_add_rmsnorm_71@25/0-worker,prepare streams@25/0-worker,1208.4,1082.8,719.7,723.9,1187.0
1541,137087746821102,479.5,155.4,296.4,27.7,10.8,434.2,assemble attention plan@24/?-work_queue,Prepare hardware matmul job@24/?-work_queue,477.1,354.3,120.8,126.0,462.7
1542,137087751830315,473.0,159.6,287.1,26.4,10.4,436.2,assemble attention plan@24/?-work_queue,Prepare hardware matmul job@24/?-work_queue,471.3,346.6,115.8,122.1,456.5
1543,137087756869254,501.0,159.6,312.3,29.2,9.3,463.8,assemble attention plan@24/?-work_queue,Prepare hardware matmul job@24/?-work_queue,498.3,385.7,127.0,150.8,483.1
1544,137087761898356,548.4,161.5,360.6,26.3,10.4,512.3,assemble attention plan@24/?-work_queue,Prepare hardware matmul job@24/?-work_queue,546.5,434.3,134.5,140.1,532.3
1545,137087767044983,1231.7,627.0,466.7,138.0,105.6,588.4,kernel_add_rmsnorm_71@25/0-worker,prepare streams@25/0-worker,1229.8,1112.3,696.4,701.3,1214.5
1546,137087772834905,555.7,164.7,365.2,25.8,9.2,513.1,assemble attention plan@24/?-work_queue,Prepare hardware matmul job@24/?-work_queue,553.2,433.8,123.6,132.5,533.1
1547,137087777972066,552.5,147.4,370.6,34.4,15.6,509.9,assemble attention plan@24/?-work_queue,Prepare hardware matmul job@24/?-work_queue,550.1,427.0,124.6,129.6,535.4
1548,137087783105520,551.3,150.1,369.7,31.5,12.2,513.6,assemble attention plan@24/?-work_queue,Prepare hardware matmul job@24/?-work_queue,549.1,423.9,116.3,120.5,535.6
1549,137087788244065,1037.9,582.7,326.9,128.3,96.3,534.4,kernel_add_rmsnorm_71@25/0-worker,prepare streams@25/0-worker,1035.8,916.7,633.2,645.4,1022.3
1550,137087793821205,663.4,273.4,355.3,34.6,16.5,619.0,assemble attention plan@24/?-work_queue,Prepare hardware matmul job@24/?-work_queue,660.9,543.5,239.8,243.3,645.8
1551,137087799036106,2114.1,966.3,785.6,362.2,142.8,1938.9,assemble attention plan@24/?-work_queue,Prepare hardware matmul job@24/?-work_queue,2111.8,1439.6,703.5,708.7,2092.6
1552,137087805749264,525.8,151.4,347.0,27.4,10.6,482.5,assemble attention plan@24/?-work_queue,Prepare hardware matmul job@24/?-work_queue,524.1,401.8,129.3,133.3,509.4
1553,137087810819326,1647.5,555.3,830.1,262.2,102.9,1518.0,assemble attention plan@24/?-work_queue,Prepare hardware matmul job@24/?-work_queue,1645.8,1005.0,233.0,237.7,1631.5
1554,137087817065586,544.3,148.8,368.0,27.5,13.4,505.5,assemble attention plan@24/?-work_queue,Prepare hardware matmul job@24/?-work_queue,542.7,427.4,111.1,122.1,528.8
1555,137087822166189,963.2,154.1,777.8,31.3,10.3,927.5,assemble attention plan@24/?-work_queue,Prepare hardware matmul job@24/?-work_queue,961.6,845.4,119.6,129.3,947.7
1556,137087827767545,1326.9,359.9,848.5,118.5,68.3,1076.9,notify_listener@25/0-worker,work_queue::do_work get_work@24/?-work_queue,1325.2,1076.9,286.8,290.9,1305.9
1557,137087833667825,480.0,152.9,302.1,25.0,10.4,436.7,assemble attention plan@24/?-work_queue,Prepare hardware matmul job@24/?-work_queue,478.1,359.2,128.8,132.6,462.9
1558,137087838750669,673.6,326.3,307.3,39.9,10.6,637.2,assemble attention plan@24/?-work_queue,Prepare hardware matmul job@24/?-work_queue,671.6,550.5,297.2,301.6,658.0
1559,137087843963569,496.9,146.4,320.6,29.9,11.2,459.4,assemble attention plan@24/?-work_queue,Prepare hardware matmul job@24/?-work_queue,494.2,382.4,109.7,134.8,480.3
1560,137087849083985,487.5,156.1,305.2,26.1,9.7,450.5,assemble attention plan@24/?-work_queue,Prepare hardware matmul job@24/?-work_queue,485.5,371.9,132.7,136.5,470.9
1561,137087854148799,551.0,165.9,357.5,27.6,10.3,507.3,assemble attention plan@24/?-work_queue,Prepare hardware matmul job@24/?-work_queue,544.2,429.0,125.2,129.8,528.1
1562,137087859267352,473.1,150.8,297.2,25.1,10.8,428.1,assemble attention plan@24/?-work_queue,Prepare hardware matmul job@24/?-work_queue,470.9,350.8,108.4,112.6,449.5
1563,137087864269247,901.1,159.7,709.4,32.0,13.4,860.9,assemble attention plan@24/?-work_queue,Prepare hardware matmul job@24/?-work_queue,899.6,775.4,138.4,142.2,885.1
1564,137087869793354,479.5,160.3,289.8,29.4,12.8,440.2,assemble attention plan@24/?-work_queue,Prepare hardware matmul job@24/?-work_queue,477.1,351.3,125.9,131.3,462.5
1565,137087874847717,475.6,172.4,277.4,25.8,10.5,439.0,assemble attention plan@24/?-work_queue,Prepare hardware matmul job@24/?-work_queue,473.6,361.5,127.5,134.6,460.0
1566,137087879895618,543.8,216.0,297.0,30.9,14.8,502.7,assemble attention plan@24/?-work_queue,Prepare hardware matmul job@24/?-work_queue,542.0,425.6,179.0,182.7,527.2
1567,137087884999652,480.6,155.5,284.8,40.3,10.9,438.1,assemble attention plan@24/?-work_queue,Prepare hardware matmul job@24/?-work_queue,477.8,362.5,143.3,148.9,459.2
1568,137087890073205,533.7,149.4,355.9,28.3,12.0,496.4,assemble attention plan@24/?-work_queue,Prepare hardware matmul job@24/?-work_queue,532.2,412.7,112.7,117.8,518.3
1569,137087895174668,472.8,150.1,294.2,28.5,11.0,436.1,assemble attention plan@24/?-work_queue,Prepare hardware matmul job@24/?-work_queue,471.3,357.4,119.1,134.9,457.2
1570,137087900233750,549.6,163.3,362.0,24.3,9.2,513.2,assemble attention plan@24/?-work_queue,Prepare hardware matmul job@24/?-work_queue,547.2,432.6,131.0,135.7,532.2
1571,137087905330846,512.7,193.7,294.3,24.7,10.5,475.0,assemble attention plan@24/?-work_queue,Prepare hardware matmul job@24/?-work_queue,510.5,398.4,152.5,156.7,495.2
1572,137087910426982,1017.9,635.2,338.8,44.0,11.6,973.7,assemble attention plan@24/?-work_queue,Prepare hardware matmul job@24/?-work_queue,1016.3,895.6,591.7,598.1,995.3
1573,137087916022337,480.6,149.7,301.1,29.8,12.0,443.1,assemble attention plan@24/?-work_queue,Prepare hardware matmul job@24/?-work_queue,478.4,360.9,110.4,114.5,465.0
1574,137087921062869,474.5,140.8,299.5,34.2,12.7,435.6,assemble attention plan@24/?-work_queue,Prepare hardware matmul job@24/?-work_queue,472.8,349.9,113.5,117.7,458.4
1575,137087926133115,1169.0,614.5,418.3,136.2,105.5,609.2,kernel_add_rmsnorm_71@25/0-worker,prepare streams@25/0-worker,1166.9,1056.2,717.2,724.1,1153.5
1576,137087931877293,562.9,165.2,368.8,28.9,10.7,526.2,assemble attention plan@24/?-work_queue,Prepare hardware matmul job@24/?-work_queue,561.0,443.9,136.7,140.5,547.2
1577,137087936992112,494.4,155.2,304.3,34.9,10.1,451.9,assemble attention plan@24/?-work_queue,Prepare hardware matmul job@24/?-work_queue,492.8,370.9,126.3,139.2,471.9
1578,137087942065789,1008.3,532.9,420.1,55.3,28.4,949.9,assemble attention plan@24/?-work_queue,Prepare hardware matmul job@24/?-work_queue,1005.7,863.2,546.1,559.2,990.7
1579,137087947660238,544.0,148.9,363.1,32.0,10.5,507.1,assemble attention plan@24/?-work_queue,Prepare hardware matmul job@24/?-work_queue,542.3,424.1,121.6,125.4,527.5
1580,137087952812896,484.5,149.1,309.8,25.6,10.9,447.4,assemble attention plan@24/?-work_queue,Prepare hardware matmul job@24/?-work_queue,482.8,370.6,132.4,136.5,468.2
1581,137087957860886,506.4,166.6,314.2,25.6,10.2,470.0,assemble attention plan@24/?-work_queue,Prepare hardware matmul job@24/?-work_queue,504.6,392.1,138.1,151.9,490.2
1582,137087962954500,615.7,98.9,514.1,2.7,1.7,21.5,Prepare hardware matmul job@24/?-work_queue,Launch hardware matmul job@24/?-work_queue,150.8,615.7,146.9,150.8,
1583,137087964775856,306.9,250.4,10.5,46.0,14.5,6.8,work_queue::do_work get_work@24/?-work_queue,add_tokens@24/?-work_queue,304.5,,,,
1584,137087969698166,1415.3,448.7,855.8,110.7,52.9,1152.3,notify_listener@25/0-worker,work_queue::do_work get_work@24/?-work_queue,1411.7,1152.3,350.5,355.1,1395.3
1585,137087975691885,1443.3,450.2,828.4,164.8,95.4,390.6,kernel_add_rmsnorm_71@25/0-worker,prepare streams@25/0-worker,1441.6,1275.6,488.2,491.9,1426.3
1586,137087981746019,480.0,148.8,302.1,29.0,11.3,439.8,assemble attention plan@24/?-work_queue,Prepare hardware matmul job@24/?-work_queue,476.4,355.4,109.3,113.2,461.8
1587,137087986810098,1360.2,525.3,699.9,135.0,98.0,486.5,kernel_add_rmsnorm_71@25/0-worker,prepare streams@25/0-worker,1358.3,1239.5,601.5,615.3,1343.5
1588,137087992741174,1437.1,688.5,607.3,141.3,107.6,634.6,kernel_add_rmsnorm_71@25/0-worker,prepare streams@25/0-worker,1434.4,1315.8,744.8,753.1,1419.2
1589,137087998777626,566.7,168.1,363.3,35.3,11.3,522.7,assemble attention plan@24/?-work_queue,Prepare hardware matmul job@24/?-work_queue,564.3,443.1,133.1,140.3,544.3
1590,137088003955117,556.4,147.5,374.8,34.1,19.1,510.7,assemble attention plan@24/?-work_queue,Prepare hardware matmul job@24/?-work_queue,554.3,433.6,132.6,136.2,540.6
1591,137088009118288,1009.7,213.3,717.8,78.5,59.9,832.1,notify_listener@25/0-worker,work_queue::do_work get_work@24/?-work_queue,1007.7,832.1,131.8,146.3,992.3
1592,137088014748181,562.1,157.1,378.6,26.4,11.7,523.1,assemble attention plan@24/?-work_queue,Prepare hardware matmul job@24/?-work_queue,560.3,445.4,131.9,136.3,545.9
1593,137088019921204,544.6,197.3,308.8,38.4,16.0,372.4,notify_listener@25/0-worker,work_queue::do_work get_work@24/?-work_queue,541.9,372.4,122.5,133.3,527.1
1594,137088025061038,1357.3,866.5,344.7,146.1,109.6,820.7,kernel_add_rmsnorm_71@25/0-worker,prepare streams@25/0-worker,1355.0,1235.0,932.9,938.1,1336.6
1595,137088031036336,493.7,147.9,317.3,28.4,12.4,449.2,assemble attention plan@24/?-work_queue,Prepare hardware matmul job@24/?-work_queue,491.7,368.0,109.8,114.9,471.7
1596,137088036114184,1191.1,772.2,295.6,123.4,92.9,698.3,kernel_add_rmsnorm_71@25/0-worker,prepare streams@25/0-worker,1189.1,1058.1,794.0,807.0,1174.4
1597,137088041925258,538.7,153.6,357.7,27.4,9.9,500.8,assemble attention plan@24/?-work_queue,Prepare hardware matmul job@24/?-work_queue,536.6,420.2,114.1,130.9,521.5
1598,137088047058578,1192.8,648.9,415.9,128.1,101.0,595.7,kernel_add_rmsnorm_71@25/0-worker,prepare streams@25/0-worker,1191.4,1075.6,699.0,707.9,1176.4
1599,137088052922343,1191.7,187.8,886.3,117.6,58.1,961.7,notify_listener@25/0-worker,work_queue::do_work get_work@24/?-work_queue,1189.4,961.7,131.0,140.3,1175.2
1600,137088058695661,506.2,188.8,288.1,29.3,10.3,464.0,assemble attention plan@24/?-work_queue,Prepare hardware matmul job@24/?-work_queue,503.9,382.8,151.7,161.5,484.6
1601,137088063785080,628.6,315.9,283.7,29.0,10.6,592.5,assemble attention plan@24/?-work_queue,Prepare hardware matmul job@24/?-work_queue,627.0,503.9,272.3,277.0,613.4
1602,137088069041815,1179.2,604.5,440.8,133.9,104.1,516.4,kernel_add_rmsnorm_71@25/0-worker,prepare streams@25/0-worker,1177.2,1061.5,622.7,660.7,1162.7
1603,137088074856890,550.8,157.7,369.5,23.6,9.4,515.3,assemble attention plan@24/?-work_queue,Prepare hardware matmul job@24/?-work_queue,548.9,438.7,135.0,138.8,534.4
1604,137088080014030,1240.6,583.4,527.8,129.5,97.5,549.9,kernel_add_rmsnorm_71@25/0-worker,prepare streams@25/0-worker,1238.6,1122.6,650.0,663.9,1221.0
1605,137088085947156,484.8,144.4,309.0,31.4,11.4,441.9,assemble attention plan@24/?-work_queue,Prepare hardware matmul job@24/?-work_queue,483.2,364.8,126.7,137.6,468.1
1606,137088091024466,1233.1,554.1,549.7,129.3,96.1,581.6,kernel_add_rmsnorm_71@25/0-worker,prepare streams@25/0-worker,1231.5,1111.7,680.4,684.5,1218.1
1607,137088096946929,1257.6,649.0,481.1,127.6,96.5,556.8,kernel_add_rmsnorm_71@25/0-worker,prepare streams@25/0-worker,1255.8,1140.0,656.1,717.0,1241.0
1608,137088102828348,647.5,220.0,394.0,33.5,11.0,609.2,assemble attention plan@24/?-work_queue,Prepare hardware matmul job@24/?-work_queue,645.2,529.4,225.8,229.2,631.0
1609,137088108128219,1117.4,617.7,372.1,127.6,96.7,552.2,rx collecting results@148/0-RX-13,prepare streams@25/0-worker,1115.9,1000.5,651.1,655.3,1100.9
1610,137088113835677,569.2,170.9,371.1,27.2,10.5,527.5,assemble attention plan@24/?-work_queue,Prepare hardware matmul job@24/?-work_queue,567.0,445.3,134.9,139.9,548.5
1611,137088119065804,465.1,138.5,290.2,36.4,18.9,418.8,assemble attention plan@24/?-work_queue,Prepare hardware matmul job@24/?-work_queue,462.1,342.1,118.1,122.1,448.4
1612,137088124115439,1163.9,630.7,407.1,126.0,95.4,633.1,kernel_add_rmsnorm_71@25/0-worker,prepare streams@25/0-worker,1161.7,1027.2,731.2,739.3,1148.0
1613,137088129949284,583.1,188.3,366.7,28.1,10.1,547.4,assemble attention plan@24/?-work_queue,Prepare hardware matmul job@24/?-work_queue,580.7,465.1,159.9,166.0,567.4
1614,137088135092926,549.9,155.7,363.1,31.1,11.5,511.0,assemble attention plan@24/?-work_queue,Prepare hardware matmul job@24/?-work_queue,547.4,431.1,122.1,129.3,533.0
1615,137088140321536,1007.9,602.8,276.2,128.9,97.5,553.4,kernel_add_rmsnorm_71@25/0-worker,prepare streams@25/0-worker,1005.5,883.3,653.1,665.8,986.4
1616,137088145877471,1201.2,240.4,838.0,122.8,67.8,896.0,notify_listener@25/0-worker,work_queue::do_work get_work@24/?-work_queue,1199.5,896.0,122.1,131.1,1185.2
1617,137088151760021,522.9,156.7,337.1,29.0,11.1,486.6,assemble attention plan@24/?-work_queue,Prepare hardware matmul job@24/?-work_queue,521.3,400.5,122.1,133.6,507.5
1618,137088156849150,593.3,240.4,318.6,34.4,12.4,555.5,assemble attention plan@24/?-work_queue,Prepare hardware matmul job@24/?-work_queue,591.2,476.3,216.7,221.3,577.8
1619,137088162216128,1053.4,592.8,333.1,127.5,94.9,533.7,kernel_add_rmsnorm_71@25/0-worker,prepare streams@25/0-worker,1050.8,934.7,631.6,646.0,1036.4
1620,137088167828258,551.5,162.5,362.7,26.2,10.9,510.5,assemble attention plan@24/?-work_queue,Prepare hardware matmul job@24/?-work_queue,548.9,434.4,130.8,134.6,532.1
1621,137088173109339,1175.0,592.7,452.2,130.2,103.8,537.3,kernel_add_rmsnorm_71@25/0-worker,prepare streams@25/0-worker,1172.4,1053.6,643.9,650.4,1157.6
1622,137088178872775,559.5,156.7,373.6,29.2,12.3,520.0,assemble attention plan@24/?-work_queue,Prepare hardware matmul job@24/?-work_queue,557.4,429.6,117.6,124.6,542.0
1623,137088184110322,467.5,148.8,288.3,30.5,12.9,426.2,assemble attention plan@24/?-work_queue,Prepare hardware matmul job@24/?-work_queue,465.2,349.3,116.6,133.3,449.6
1624,137088189147283,483.6,166.5,288.4,28.6,10.8,447.2,assemble attention plan@24/?-work_queue,Prepare hardware matmul job@24/?-work_queue,481.4,365.8,136.6,140.7,468.2
1625,137088194322445,1039.2,632.0,268.8,138.4,107.6,558.8,kernel_add_rmsnorm_71@25/0-worker,prepare streams@25/0-worker,1037.1,907.2,669.9,681.9,1023.0
1626,137088199987599,559.8,156.5,358.2,45.1,12.2,24.8,rx collecting results@150/0-RX-3b,kernel_add_rmsnorm_70@25/0-worker,558.2,439.7,145.6,149.2,539.3
1627,137088205132996,495.0,168.3,297.6,29.1,13.1,454.3,assemble attention plan@24/?-work_queue,Prepare hardware matmul job@24/?-work_queue,492.8,361.0,131.3,135.6,477.4
1628,137088210192603,487.8,179.9,280.2,27.8,10.5,449.8,assemble attention plan@24/?-work_queue,Prepare hardware matmul job@24/?-work_queue,485.9,369.8,127.0,136.3,471.5
1629,137088215267988,509.3,152.4,327.6,29.3,11.7,470.9,assemble attention plan@24/?-work_queue,Prepare hardware matmul job@24/?-work_queue,506.6,391.7,128.3,133.9,492.6
1630,137088220400531,560.9,147.4,381.2,32.3,11.8,521.3,assemble attention plan@24/?-work_queue,Prepare hardware matmul job@24/?-work_queue,558.7,443.2,127.3,131.4,543.0
1631,137088225542288,1546.2,616.1,820.5,109.5,58.4,1257.5,notify_listener@25/0-worker,work_queue::do_work get_work@24/?-work_queue,1544.2,1257.5,502.0,526.3,1525.6
1632,137088231729120,487.7,185.0,269.1,33.7,11.3,443.8,assemble attention plan@24/?-work_queue,Prepare hardware matmul job@24/?-work_queue,485.5,362.8,129.6,135.5,470.4
1633,137088236780130,776.2,315.3,430.6,30.3,11.6,737.3,assemble attention plan@24/?-work_queue,Prepare hardware matmul job@24/?-work_queue,773.7,652.1,413.0,418.1,759.3
1634,137088242177915,1073.6,574.2,378.1,121.4,90.2,525.2,kernel_add_rmsnorm_71@25/0-worker,prepare streams@25/0-worker,1071.6,956.2,618.2,632.0,1057.3
1635,137088247844782,475.8,157.9,287.4,30.5,11.7,437.6,assemble attention plan@24/?-work_queue,Prepare hardware matmul job@24/?-work_queue,474.2,360.1,127.2,136.6,459.6
1636,137088252935798,588.8,195.6,362.5,30.7,10.4,551.9,assemble attention plan@24/?-work_queue,Prepare hardware matmul job@24/?-work_queue,587.0,471.1,165.1,169.6,572.5
1637,137088258116556,1167.0,651.7,388.7,126.6,100.0,658.0,kernel_add_rmsnorm_71@25/0-worker,prepare streams@25/0-worker,1164.7,1045.0,761.3,778.3,1144.3
1638,137088263898331,559.1,166.8,362.8,29.5,13.5,518.9,assemble attention plan@24/?-work_queue,Prepare hardware matmul job@24/?-work_queue,556.2,422.5,124.4,129.7,542.7
1639,137088269050272,529.5,153.3,350.7,25.5,10.0,492.8,assemble attention plan@24/?-work_queue,Prepare hardware matmul job@24/?-work_queue,527.6,416.2,112.9,134.7,513.0
1640,137088274187702,961.3,178.5,754.7,28.0,12.3,922.5,assemble attention plan@24/?-work_queue,Prepare hardware matmul job@24/?-work_queue,959.3,846.9,160.9,164.8,945.3
1641,137088279777298,1303.5,398.6,801.4,103.5,58.7,1009.2,notify_listener@25/0-worker,work_queue::do_work get_work@24/?-work_queue,1301.5,1009.2,278.2,282.1,1287.1
1642,137088285698452,567.4,171.5,367.5,28.4,9.7,525.6,assemble attention plan@24/?-work_queue,Prepare hardware matmul job@24/?-work_queue,565.6,445.7,136.8,141.1,545.5
1643,137088290939051,556.5,160.0,364.1,32.5,13.3,515.7,assemble attention plan@24/?-work_queue,Prepare hardware matmul job@24/?-work_queue,554.5,426.4,124.4,136.4,539.8
1644,137088296072886,503.1,153.3,315.2,34.5,11.3,465.0,assemble attention plan@24/?-work_queue,Prepare hardware matmul job@24/?-work_queue,501.6,384.3,143.1,146.7,486.8
1645,137088301159960,563.8,192.0,344.0,27.8,11.7,524.3,assemble attention plan@24/?-work_queue,Prepare hardware matmul job@24/?-work_queue,562.1,443.3,138.7,143.3,546.2
1646,137088306392164,476.4,154.9,291.1,30.5,9.8,440.5,assemble attention plan@24/?-work_queue,Prepare hardware matmul job@24/?-work_queue,474.9,358.7,128.3,133.6,460.8
1647,137088311448230,484.1,162.5,290.2,31.4,13.5,437.5,assemble attention plan@24/?-work_queue,Prepare hardware matmul job@24/?-work_queue,481.5,356.0,126.2,131.5,460.9
1648,137088316557557,487.3,144.8,300.3,42.2,21.0,439.5,assemble attention plan@24/?-work_queue,Prepare hardware matmul job@24/?-work_queue,484.8,359.1,115.2,119.7,470.9
1649,137088321616666,846.8,439.7,371.7,35.4,11.2,808.4,assemble attention plan@24/?-work_queue,Prepare hardware matmul job@24/?-work_queue,844.4,723.3,427.8,431.9,830.7
1650,137088327113225,470.8,160.8,282.9,27.2,10.1,434.8,assemble attention plan@24/?-work_queue,Prepare hardware matmul job@24/?-work_queue,468.8,356.9,128.3,133.3,454.6
1651,137088332151158,1144.2,568.8,453.7,121.6,90.4,531.2,kernel_add_rmsnorm_71@25/0-worker,prepare streams@25/0-worker,1142.8,1029.8,623.7,627.9,1129.5
1652,137088337917925,492.9,160.9,303.9,28.0,11.0,451.2,assemble attention plan@24/?-work_queue,Prepare hardware matmul job@24/?-work_queue,491.3,370.0,125.6,129.6,472.2
1653,137088343041069,1212.3,607.6,468.5,136.3,105.5,585.2,kernel_add_rmsnorm_71@25/0-worker,prepare streams@25/0-worker,1210.7,1095.0,693.2,697.0,1196.5
1654,137088348890611,573.2,156.0,385.2,31.9,10.8,533.7,assemble attention plan@24/?-work_queue,Prepare hardware matmul job@24/?-work_queue,571.1,449.8,135.2,145.4,555.7
1655,137088354051693,1197.8,566.6,511.4,119.7,91.9,510.3,kernel_add_rmsnorm_71@25/0-worker,prepare streams@25/0-worker,1195.4,1080.3,604.7,608.9,1180.8
1656,137088359900545,587.2,171.9,389.7,25.6,11.1,548.1,assemble attention plan@24/?-work_queue,Prepare hardware matmul job@24/?-work_queue,584.8,472.5,150.1,155.4,570.0
1657,137088365101430,1036.0,168.7,839.8,27.5,11.1,982.8,assemble attention plan@24/?-work_queue,Prepare hardware matmul job@24/?-work_queue,1034.2,904.4,150.4,160.1,1003.3
1658,137088370764115,712.7,347.7,336.1,28.8,11.1,669.1,assemble attention plan@24/?-work_queue,Prepare hardware matmul job@24/?-work_queue,711.1,586.5,282.8,291.3,690.1
1659,137088376029163,1182.0,530.5,527.1,124.4,88.1,484.9,kernel_add_rmsnorm_71@25/0-worker,prepare streams@25/0-worker,1179.8,1054.3,575.7,590.3,1165.5
1660,137088381840947,591.3,252.7,302.7,35.9,13.7,468.0,notify_listener@25/0-worker,work_queue::do_work get_work@24/?-work_queue,589.2,468.0,223.1,228.0,575.5
1661,137088387010478,458.7,144.9,288.1,25.7,9.5,423.1,assemble attention plan@24/?-work_queue,Prepare hardware matmul job@24/?-work_queue,456.7,344.5,124.1,146.5,442.5
1662,137088392115802,1163.4,611.1,433.2,119.0,89.7,565.9,kernel_add_rmsnorm_71@25/0-worker,prepare streams@25/0-worker,1161.1,1045.3,658.8,680.0,1144.9
1663,137088397825441,503.7,163.8,305.9,34.0,17.8,453.3,assemble attention plan@24/?-work_queue,Prepare hardware matmul job@24/?-work_queue,501.8,375.8,132.9,136.9,481.5
1664,137088402903013,578.1,219.2,329.0,30.0,13.0,539.5,assemble attention plan@24/?-work_queue,Prepare hardware matmul job@24/?-work_queue,576.6,443.7,165.1,169.1,563.0
1665,137088408047347,564.1,147.7,387.1,29.2,10.1,527.6,assemble attention plan@24/?-work_queue,Prepare hardware matmul job@24/?-work_queue,562.3,442.4,133.9,147.7,548.3
1666,137088413244605,1084.3,548.2,418.3,117.9,90.8,500.7,kernel_add_rmsnorm_71@25/0-worker,prepare streams@25/0-worker,1082.7,970.5,593.9,620.9,1068.0
1667,137088418912458,1957.6,878.6,738.2,340.7,139.7,1791.4,assemble attention plan@24/?-work_queue,Prepare hardware matmul job@24/?-work_queue,1955.9,1330.9,630.2,643.0,1941.5
1668,137088425432057,1039.9,601.3,389.1,49.5,13.2,987.6,assemble attention plan@24/?-work_queue,Prepare hardware matmul job@24/?-work_queue,1038.3,906.7,585.3,591.5,1010.4
1669,137088431041034,543.2,149.6,363.7,29.9,12.6,495.0,assemble attention plan@24/?-work_queue,Prepare hardware matmul job@24/?-work_queue,533.7,415.3,107.9,112.5,525.4
1670,137088436201865,568.8,151.9,376.1,40.8,15.2,434.6,notify_listener@25/0-worker,work_queue::do_work get_work@24/?-work_queue,565.6,434.6,116.9,122.0,552.8
1671,137088441369411,475.5,152.0,296.8,26.7,10.5,439.2,assemble attention plan@24/?-work_queue,Prepare hardware matmul job@24/?-work_queue,474.0,360.8,124.1,141.5,459.6
1672,137088446440991,1014.3,621.1,347.6,45.6,11.7,975.7,assemble attention plan@24/?-work_queue,Prepare hardware matmul job@24/?-work_queue,1012.0,890.3,575.4,579.6,998.1
1673,137088452043189,1186.0,606.0,461.4,118.7,86.9,562.3,kernel_add_rmsnorm_71@25/0-worker,prepare streams@25/0-worker,1184.3,1062.0,651.8,664.7,1165.4
1674,137088457829629,571.3,162.4,379.6,29.3,11.4,444.3,notify_listener@25/0-worker,work_queue::do_work get_work@24/?-work_queue,569.4,444.3,125.1,132.5,548.4
1675,137088463002274,548.0,149.3,369.8,28.9,12.0,510.4,assemble attention plan@24/?-work_queue,Prepare hardware matmul job@24/?-work_queue,546.5,425.1,117.7,121.5,533.1
1676,137088468159215,554.9,155.3,366.6,33.0,14.2,432.5,notify_listener@25/0-worker,work_queue::do_work get_work@24/?-work_queue,552.7,432.5,131.0,140.2,538.0
1677,137088473300918,495.5,165.0,304.2,26.3,10.6,459.4,assemble attention plan@24/?-work_queue,Prepare hardware matmul job@24/?-work_queue,493.9,381.9,134.9,139.3,480.1
1678,137088478407698,586.1,202.1,350.7,33.3,12.6,462.9,notify_listener@25/0-worker,work_queue::do_work get_work@24/?-work_queue,583.6,462.9,158.4,163.0,568.9
1679,137088483582383,554.6,154.3,366.9,33.5,18.3,505.1,assemble attention plan@24/?-work_queue,Prepare hardware matmul job@24/?-work_queue,552.6,426.8,117.0,120.9,537.0
1680,137088488703235,817.3,381.1,400.4,35.8,14.5,684.1,notify_listener@25/0-worker,work_queue::do_work get_work@24/?-work_queue,815.8,684.1,343.6,357.0,801.4
1681,137088494092214,468.5,152.8,289.1,26.6,10.6,432.3,assemble attention plan@24/?-work_queue,Prepare hardware matmul job@24/?-work_queue,466.8,355.6,119.5,142.5,452.3
1682,137088499165742,576.6,163.1,381.1,32.3,12.6,453.6,notify_listener@25/0-worker,work_queue::do_work get_work@24/?-work_queue,574.0,453.6,147.4,154.7,558.3
1683,137088504353705,906.0,163.7,582.4,160.0,137.4,659.7,notify_listener@25/0-worker,work_queue::do_work get_work@24/?-work_queue,904.4,659.7,133.9,137.6,891.3
1684,137088509835988,577.8,175.3,373.0,29.5,11.8,533.0,assemble attention plan@24/?-work_queue,Prepare hardware matmul job@24/?-work_queue,575.4,453.5,147.4,151.3,554.7
1685,137088515084484,1042.0,148.3,809.9,83.8,54.3,868.3,notify_listener@25/0-worker,work_queue::do_work get_work@24/?-work_queue,1039.8,868.3,123.2,126.8,1024.5
1686,137088520712939,594.1,162.4,403.8,27.9,10.5,556.2,assemble attention plan@24/?-work_queue,Prepare hardware matmul job@24/?-work_queue,592.6,466.9,149.3,154.1,577.1
1687,137088525925352,580.8,192.5,359.5,28.8,10.0,545.1,assemble attention plan@24/?-work_queue,Prepare hardware matmul job@24/?-work_queue,579.3,466.8,166.9,170.6,564.8
1688,137088531089070,493.6,157.8,307.9,27.9,11.9,453.9,assemble attention plan@24/?-work_queue,Prepare hardware matmul job@24/?-work_queue,491.3,372.3,132.6,138.8,476.2
1689,137088536159691,496.8,168.4,301.1,27.3,10.0,453.8,assemble attention plan@24/?-work_queue,Prepare hardware matmul job@24/?-work_queue,494.2,376.4,126.8,134.6,473.8
1690,137088541243310,1102.7,692.4,287.2,123.2,91.7,645.0,kernel_add_rmsnorm_71@25/0-worker,prepare streams@25/0-worker,1100.6,981.1,739.9,749.6,1085.7
1691,137088546950794,588.4,183.7,370.2,34.6,9.8,553.2,assemble attention plan@24/?-work_queue,Prepare hardware matmul job@24/?-work_queue,586.8,463.4,147.3,152.2,573.0
1692,137088552123988,1011.2,169.4,811.2,30.5,11.2,972.3,assemble attention plan@24/?-work_queue,Prepare hardware matmul job@24/?-work_queue,1009.5,888.3,150.0,158.4,995.0
1693,137088557844307,542.9,152.0,361.9,29.0,12.0,503.2,assemble attention plan@24/?-work_queue,Prepare hardware matmul job@24/?-work_queue,540.7,419.3,114.5,118.7,525.4
1694,137088562965549,570.3,173.9,363.7,32.7,12.8,523.7,assemble attention plan@24/?-work_queue,Prepare hardware matmul job@24/?-work_queue,567.5,441.1,138.3,143.2,546.8
1695,137088568143883,577.1,145.4,399.6,32.2,14.5,529.3,assemble attention plan@24/?-work_queue,Prepare hardware matmul job@24/?-work_queue,575.1,450.9,110.0,115.2,561.8
1696,137088573289803,561.6,152.7,372.7,36.1,10.8,525.3,assemble attention plan@24/?-work_queue,Prepare hardware matmul job@24/?-work_queue,559.2,439.2,140.3,144.3,546.0
1697,137088578470782,590.9,184.0,380.4,26.6,10.6,555.2,assemble attention plan@24/?-work_queue,Prepare hardware matmul job@24/?-work_queue,589.2,467.8,148.6,163.3,575.6
1698,137088583660232,553.2,161.6,362.9,28.7,11.8,515.2,assemble attention plan@24/?-work_queue,Prepare hardware matmul job@24/?-work_queue,550.4,436.5,133.2,136.9,536.6
1699,137088588816203,537.9,180.7,330.2,26.9,11.6,481.0,assemble attention plan@24/?-work_queue,Prepare hardware matmul job@24/?-work_queue,535.6,400.4,125.8,132.5,503.1
1700,137088593945014,557.7,152.1,376.6,29.0,12.0,509.4,assemble attention plan@24/?-work_queue,Prepare hardware matmul job@24/?-work_queue,555.2,429.9,117.0,122.4,540.0
1701,137088599144494,562.9,159.9,375.5,27.5,12.0,524.4,assemble attention plan@24/?-work_queue,Prepare hardware matmul job@24/?-work_queue,560.1,433.6,116.6,120.8,546.8
1702,137088604288089,507.4,156.9,324.3,26.2,10.6,469.7,assemble attention plan@24/?-work_queue,Prepare hardware matmul job@24/?-work_queue,505.1,389.6,149.6,153.4,490.6
1703,137088609396738,490.3,160.8,301.6,27.9,11.6,452.0,assemble attention plan@24/?-work_queue,Prepare hardware matmul job@24/?-work_queue,488.8,373.2,125.6,130.2,474.1
1704,137088614485246,494.1,165.8,299.2,29.0,11.2,450.0,assemble attention plan@24/?-work_queue,Prepare hardware matmul job@24/?-work_queue,492.2,366.8,139.6,146.5,472.2
1705,137088619598256,555.5,152.4,376.2,26.9,10.3,511.5,assemble attention plan@24/?-work_queue,Prepare hardware matmul job@24/?-work_queue,554.0,431.3,115.2,122.0,539.7
1706,137088624782173,492.4,152.3,312.9,27.2,11.0,455.6,assemble attention plan@24/?-work_queue,Prepare hardware matmul job@24/?-work_queue,490.6,371.6,120.4,123.7,477.2
1707,137088629872130,541.8,221.1,286.6,34.1,10.5,505.6,assemble attention plan@24/?-work_queue,Prepare hardware matmul job@24/?-work_queue,539.7,423.9,197.3,204.3,525.7
1708,137088635023534,1231.3,576.4,515.6,139.3,112.4,511.6,kernel_add_rmsnorm_71@25/0-worker,prepare streams@25/0-worker,1229.1,1112.6,626.8,634.3,1213.9
1709,137088640879453,1710.7,615.8,847.5,247.3,136.6,1529.8,assemble attention plan@24/?-work_queue,Prepare hardware matmul job@24/?-work_queue,1708.9,1018.8,234.9,251.4,1676.4
1710,137088647205859,473.5,146.8,292.6,34.1,16.2,431.2,assemble attention plan@24/?-work_queue,Prepare hardware matmul job@24/?-work_queue,472.0,347.9,113.5,117.8,458.1
1711,137088652295987,1100.1,617.0,348.4,134.7,103.2,563.1,kernel_add_rmsnorm_71@25/0-worker,prepare streams@25/0-worker,1098.4,973.0,668.9,674.0,1083.9
1712,137088658053597,1195.3,548.2,520.9,126.2,96.9,514.6,rx collecting results@150/0-RX-3b,prepare streams@25/0-worker,1193.9,1077.7,614.4,629.3,1179.5
1713,137088663865629,567.9,184.0,350.8,33.1,12.4,528.0,assemble attention plan@24/?-work_queue,Prepare hardware matmul job@24/?-work_queue,565.3,444.0,132.9,150.7,550.6
1714,137088669046383,1209.6,623.7,452.9,133.0,101.1,582.2,kernel_add_rmsnorm_71@25/0-worker,prepare streams@25/0-worker,1206.7,1081.7,686.1,701.0,1186.6
1715,137088674856577,549.3,158.5,360.7,30.1,12.5,510.5,assemble attention plan@24/?-work_queue,Prepare hardware matmul job@24/?-work_queue,547.6,425.1,114.3,118.1,534.2
1716,137088680012504,552.8,149.3,377.4,26.1,10.3,518.9,assemble attention plan@24/?-work_queue,Prepare hardware matmul job@24/?-work_queue,551.2,441.2,122.0,126.5,538.0
1717,137088685195858,2160.8,999.1,814.2,347.4,140.9,1993.9,assemble attention plan@24/?-work_queue,Prepare hardware matmul job@24/?-work_queue,2158.9,1501.3,732.2,739.6,2144.7
1718,137088691989927,489.6,158.5,305.3,25.7,9.5,455.1,assemble attention plan@24/?-work_queue,Prepare hardware matmul job@24/?-work_queue,488.1,373.1,130.1,134.2,473.9
1719,137088697095188,555.7,159.6,369.0,27.2,9.8,520.5,assemble attention plan@24/?-work_queue,Prepare hardware matmul job@24/?-work_queue,554.1,441.8,137.5,142.2,539.9
1720,137088702287944,466.7,161.6,276.5,28.6,9.9,430.7,assemble attention plan@24/?-work_queue,Prepare hardware matmul job@24/?-work_queue,465.1,355.6,130.9,135.4,451.6
1721,137088707403244,1727.4,582.3,1028.8,116.3,87.6,526.7,kernel_add_rmsnorm_71@25/0-worker,prepare streams@25/0-worker,1725.1,1611.5,616.9,626.3,1711.3
1722,137088713772242,555.3,161.5,368.1,25.6,9.8,519.7,assemble attention plan@24/?-work_queue,Prepare hardware matmul job@24/?-work_queue,553.6,439.3,137.7,142.5,539.8
1723,137088718889955,491.9,158.4,306.9,26.6,10.0,455.7,assemble attention plan@24/?-work_queue,Prepare hardware matmul job@24/?-work_queue,490.3,377.6,136.3,142.4,475.4
1724,137088724017767,1220.7,565.1,527.0,128.6,94.3,518.2,kernel_add_rmsnorm_71@25/0-worker,prepare streams@25/0-worker,1219.1,1105.3,615.5,623.8,1204.6
1725,137088729828583,547.4,151.0,368.0,28.4,10.9,509.9,assemble attention plan@24/?-work_queue,Prepare hardware matmul job@24/?-work_queue,544.4,432.5,119.5,128.8,530.6
1726,137088735008535,1310.6,684.3,363.7,262.5,114.2,144.7,kernel_add_rmsnorm_70@25/0-worker,Prepare hardware matmul job@24/?-work_queue,1305.2,1193.8,860.6,869.3,1291.3
1727,137088740927172,595.2,197.8,367.0,30.4,13.5,547.9,assemble attention plan@24/?-work_queue,Prepare hardware matmul job@24/?-work_queue,593.7,469.2,161.3,165.2,571.8
1728,137088746144367,552.2,156.0,365.7,30.5,10.9,508.7,assemble attention plan@24/?-work_queue,Prepare hardware matmul job@24/?-work_queue,550.1,431.5,131.8,135.4,529.4
1729,137088751308603,1065.5,557.4,368.9,139.2,98.2,487.4,kernel_add_rmsnorm_71@25/0-worker,prepare streams@25/0-worker,1064.0,932.1,599.8,613.4,1043.0
1730,137088756971206,604.4,165.1,414.3,25.1,9.7,561.2,assemble attention plan@24/?-work_queue,Prepare hardware matmul job@24/?-work_queue,602.0,485.1,160.2,170.0,581.3
1731,137088762165184,1087.2,594.6,379.3,113.3,86.2,536.6,kernel_add_rmsnorm_71@25/0-worker,prepare streams@25/0-worker,1085.4,965.2,625.5,642.0,1064.2
1732,137088767875219,538.6,144.6,366.0,28.1,9.8,418.7,notify_listener@25/0-worker,work_queue::do_work get_work@24/?-work_queue,536.5,418.7,111.2,115.0,521.5
1733,137088773011684,553.7,144.2,373.2,36.3,11.0,507.9,assemble attention plan@24/?-work_queue,Prepare hardware matmul job@24/?-work_queue,551.9,432.3,121.2,126.1,536.6
1734,137088778186783,533.5,159.4,347.0,27.2,12.3,495.5,assemble attention plan@24/?-work_queue,Prepare hardware matmul job@24/?-work_queue,532.0,415.5,138.0,142.5,518.0
1735,137088783286296,1034.0,571.1,303.0,159.9,113.8,535.0,kernel_add_rmsnorm_71@25/0-worker,prepare streams@25/0-worker,1031.6,899.0,651.6,664.3,1017.6
1736,137088788983426,504.4,151.9,318.3,34.2,10.2,468.9,assemble attention plan@24/?-work_queue,Prepare hardware matmul job@24/?-work_queue,502.0,384.4,131.0,134.7,489.3
1737,137088794059973,1161.5,617.8,410.1,133.6,99.5,504.0,kernel_add_rmsnorm_71@25/0-worker,prepare streams@25/0-worker,1158.6,1044.4,606.5,675.1,1144.2
1738,137088799885267,1229.8,213.8,930.3,85.6,66.3,1058.3,notify_listener@25/0-worker,work_queue::do_work get_work@24/?-work_queue,1227.7,1058.3,236.1,240.8,1214.7
1739,137088805710422,681.0,365.5,282.9,32.6,10.8,646.2,assemble attention plan@24/?-work_queue,Prepare hardware matmul job@24/?-work_queue,679.4,566.0,337.3,341.7,666.5
1740,137088810965705,476.9,159.8,289.6,27.4,10.0,440.7,assemble attention plan@24/?-work_queue,Prepare hardware matmul job@24/?-work_queue,474.3,363.1,136.3,141.2,461.0
1741,137088816045074,1167.2,568.2,477.4,121.6,91.1,508.3,kernel_add_rmsnorm_71@25/0-worker,prepare streams@25/0-worker,1165.2,1055.8,601.7,605.5,1151.5
1742,137088821862217,1231.6,281.2,842.0,108.4,61.4,988.2,notify_listener@25/0-worker,work_queue::do_work get_work@24/?-work_queue,1229.2,988.2,201.3,205.2,1215.3
1743,137088827695304,784.5,392.8,359.5,32.2,15.8,741.4,assemble attention plan@24/?-work_queue,Prepare hardware matmul job@24/?-work_queue,781.7,662.9,359.6,366.1,767.4
1744,137088833099830,1142.7,591.7,396.7,154.3,116.7,553.4,kernel_add_rmsnorm_71@25/0-worker,prepare streams@25/0-worker,1140.1,1028.5,672.6,676.5,1126.3
1745,137088838835866,530.2,147.6,353.1,29.4,10.1,412.6,notify_listener@25/0-worker,work_queue::do_work get_work@24/?-work_queue,527.3,412.6,112.8,117.2,513.4
1746,137088844035712,1207.5,661.7,407.7,138.1,110.0,623.9,kernel_add_rmsnorm_71@25/0-worker,prepare streams@25/0-worker,1205.7,1097.6,736.7,759.5,1192.3
1747,137088849864572,565.9,254.6,282.0,29.4,10.3,530.2,assemble attention plan@24/?-work_queue,Prepare hardware matmul job@24/?-work_queue,563.9,451.9,201.3,205.2,550.5
1748,137088855408794,470.0,143.1,299.2,27.7,9.2,435.2,assemble attention plan@24/?-work_queue,Prepare hardware matmul job@24/?-work_queue,468.5,355.0,120.0,125.3,453.9
1749,137088860463398,1644.2,601.8,835.7,206.7,89.2,548.4,rx collecting results@149/0-RX-38,prepare streams@25/0-worker,1641.9,1424.9,640.4,659.3,1627.0
1750,137088866751456,786.1,380.4,364.7,41.0,20.3,656.9,notify_listener@25/0-worker,work_queue::do_work get_work@24/?-work_queue,783.5,656.9,341.0,350.7,769.6
1751,137088872142021,555.6,145.1,381.8,28.6,10.0,520.3,assemble attention plan@24/?-work_queue,Prepare hardware matmul job@24/?-work_queue,553.8,441.6,135.9,140.1,540.2
1752,137088877316984,462.1,147.2,284.6,30.3,11.1,423.7,assemble attention plan@24/?-work_queue,Prepare hardware matmul job@24/?-work_queue,459.9,343.6,111.0,116.7,444.5
1753,137088882379796,546.2,149.0,367.8,29.5,10.0,432.8,notify_listener@25/0-worker,work_queue::do_work get_work@24/?-work_queue,544.5,432.8,122.3,127.2,531.5
1754,137088887572202,653.9,156.9,468.6,28.4,10.5,616.6,assemble attention plan@24/?-work_queue,Prepare hardware matmul job@24/?-work_queue,651.8,538.7,124.2,130.7,638.3
1755,137088892847631,482.9,159.6,296.5,26.7,10.8,440.4,assemble attention plan@24/?-work_queue,Prepare hardware matmul job@24/?-work_queue,480.1,364.7,130.7,134.4,461.1
1756,137088897981400,1135.3,162.3,864.9,108.2,65.8,913.5,notify_listener@25/0-worker,work_queue::do_work get_work@24/?-work_queue,1133.5,913.5,122.2,133.5,1111.9
1757,137088903730944,567.0,153.8,373.2,40.0,11.2,541.6,rx collecting results@148/0-RX-13,Prepare hardware matmul job@24/?-work_queue,564.6,426.4,122.8,126.8,527.6
1758,137088908900507,631.4,209.2,396.4,25.9,10.0,588.5,assemble attention plan@24/?-work_queue,Prepare hardware matmul job@24/?-work_queue,629.3,510.4,199.3,206.3,608.3
1759,137088914142530,1167.5,602.8,423.6,141.0,105.6,595.6,kernel_add_rmsnorm_71@25/0-worker,prepare streams@25/0-worker,1164.0,1044.6,703.7,725.1,1150.6
1760,137088919943405,587.0,194.0,360.8,32.2,10.6,459.2,notify_listener@25/0-worker,work_queue::do_work get_work@24/?-work_queue,585.5,459.2,157.8,163.1,570.3
1761,137088925177124,544.8,151.6,365.6,27.7,10.3,501.9,assemble attention plan@24/?-work_queue,Prepare hardware matmul job@24/?-work_queue,543.3,423.7,121.3,126.5,529.5
1762,137088930380067,1742.5,615.6,972.2,154.7,74.7,1542.4,notify_listener@25/0-worker,work_queue::do_work get_work@24/?-work_queue,1742.2,1542.4,633.4,639.2,1724.8
1763,137088936766606,480.0,146.8,300.0,33.2,9.6,443.8,assemble attention plan@24/?-work_queue,Prepare hardware matmul job@24/?-work_queue,477.3,356.9,125.4,130.2,464.2
1764,137088941874136,567.4,144.7,376.3,46.4,27.7,430.2,notify_listener@25/0-worker,work_queue::do_work get_work@24/?-work_queue,565.8,430.2,121.2,125.6,551.5
1765,137088947036160,1188.8,592.7,454.1,142.0,110.5,542.7,kernel_add_rmsnorm_71@25/0-worker,prepare streams@25/0-worker,1186.4,1070.4,654.9,682.0,1173.3
1766,137088952901394,1194.1,226.6,828.7,138.7,81.5,911.2,notify_listener@25/0-worker,work_queue::do_work get_work@24/?-work_queue,1192.4,911.2,142.1,146.0,1178.1
1767,137088958743199,733.1,345.9,359.2,28.0,10.8,696.6,assemble attention plan@24/?-work_queue,Prepare hardware matmul job@24/?-work_queue,731.4,618.7,296.2,307.0,717.4
1768,137088964094098,1166.2,601.5,434.2,130.5,101.7,560.3,kernel_add_rmsnorm_71@25/0-worker,prepare streams@25/0-worker,1164.7,1051.6,664.6,674.1,1151.5
1769,137088969952360,494.1,152.7,310.6,30.8,9.8,458.5,assemble attention plan@24/?-work_queue,Prepare hardware matmul job@24/?-work_queue,492.0,382.5,121.4,126.0,478.3
1770,137088975122318,557.9,162.2,365.4,30.3,11.7,520.3,assemble attention plan@24/?-work_queue,Prepare hardware matmul job@24/?-work_queue,556.2,440.7,130.9,136.6,542.2
1771,137088980327797,1041.4,621.7,302.0,117.7,90.9,570.2,kernel_add_rmsnorm_71@25/0-worker,prepare streams@25/0-worker,1039.6,929.7,664.1,678.7,1026.2
1772,137088985993017,482.9,152.5,302.7,27.6,9.1,447.5,assemble attention plan@24/?-work_queue,Prepare hardware matmul job@24/?-work_queue,480.4,370.7,129.9,136.6,467.0
1773,137088991092670,478.7,144.0,304.8,29.8,10.2,443.8,assemble attention plan@24/?-work_queue,Prepare hardware matmul job@24/?-work_queue,477.1,366.6,120.9,125.5,463.5
1774,137088996223559,1218.5,848.9,339.7,30.0,9.9,1182.7,assemble attention plan@24/?-work_queue,Prepare hardware matmul job@24/?-work_queue,1216.8,1107.8,816.2,822.9,1202.4
1775,137089002108946,489.2,154.0,304.8,30.4,13.3,450.7,assemble attention plan@24/?-work_queue,Prepare hardware matmul job@24/?-work_queue,487.6,374.3,138.4,143.1,474.2
1776,137089007257960,487.0,163.1,299.6,24.3,9.7,450.8,assemble attention plan@24/?-work_queue,Prepare hardware matmul job@24/?-work_queue,485.1,373.3,130.1,134.2,471.1
1777,137089012401796,1023.8,590.3,342.3,91.2,59.1,550.8,kernel_add_rmsnorm_71@25/0-worker,prepare streams@25/0-worker,1022.2,911.5,611.9,617.2,1007.7
1778,137089018100493,1150.3,638.1,383.0,129.2,104.2,613.0,kernel_add_rmsnorm_71@25/0-worker,prepare streams@25/0-worker,1148.1,1036.5,720.3,726.9,1133.7
1779,137089023886991,1636.3,451.6,933.9,250.7,140.3,1470.8,assemble attention plan@24/?-work_queue,Prepare hardware matmul job@24/?-work_queue,1634.3,976.2,122.5,135.0,1620.9
1780,137089030155387,495.1,166.3,302.5,26.3,10.0,460.9,assemble attention plan@24/?-work_queue,Prepare hardware matmul job@24/?-work_queue,493.6,382.2,126.8,132.0,480.6
1781,137089035274244,482.4,155.7,295.5,31.3,10.5,445.9,assemble attention plan@24/?-work_queue,Prepare hardware matmul job@24/?-work_queue,479.7,366.7,126.6,130.1,466.7
1782,137089040401738,480.0,152.8,302.2,25.0,9.0,445.1,assemble attention plan@24/?-work_queue,Prepare hardware matmul job@24/?-work_queue,477.3,369.7,115.2,120.5,464.3
1783,137089045522996,2430.0,810.6,588.2,1031.2,859.3,969.6,notify_listener@25/0-worker,work_queue::do_work get_work@24/?-work_queue,2427.7,969.6,516.8,521.4,2410.0
1784,137089052642717,769.0,451.2,292.4,25.3,10.1,726.9,assemble attention plan@24/?-work_queue,Prepare hardware matmul job@24/?-work_queue,767.4,648.8,402.6,408.6,747.2
1785,137089058036214,1219.9,576.7,514.8,128.4,98.5,513.3,kernel_add_rmsnorm_71@25/0-worker,prepare streams@25/0-worker,1217.9,1094.0,613.9,619.4,1195.4
1786,137089063939417,510.0,194.1,290.4,25.4,9.7,467.4,assemble attention plan@24/?-work_queue,Prepare hardware matmul job@24/?-work_queue,507.6,388.9,164.6,168.6,487.0
1787,137089069057944,1204.7,593.2,479.6,131.9,107.0,575.0,kernel_add_rmsnorm_71@25/0-worker,prepare streams@25/0-worker,1203.0,1085.3,683.9,688.0,1183.6
1788,137089074928841,546.4,152.2,366.1,28.0,10.2,501.1,assemble attention plan@24/?-work_queue,Prepare hardware matmul job@24/?-work_queue,543.0,422.1,118.2,122.0,528.1
1789,137089080083229,1145.5,555.9,459.0,130.5,101.6,485.7,kernel_add_rmsnorm_71@25/0-worker,prepare streams@25/0-worker,1141.8,1015.1,589.6,596.9,1127.3
1790,137089085850756,472.5,143.9,294.7,33.9,11.0,434.7,assemble attention plan@24/?-work_queue,Prepare hardware matmul job@24/?-work_queue,470.5,348.8,119.5,131.3,455.7
1791,137089090941455,514.0,166.8,315.0,32.2,14.1,474.8,assemble attention plan@24/?-work_queue,Prepare hardware matmul job@24/?-work_queue,512.3,379.1,136.8,141.0,498.7
1792,137089096109496,569.6,156.7,379.3,33.5,11.3,532.9,assemble attention plan@24/?-work_queue,Prepare hardware matmul job@24/?-work_queue,567.8,447.1,128.5,140.5,554.4
1793,137089101244665,470.1,148.3,293.6,28.1,10.7,435.2,assemble attention plan@24/?-work_queue,Prepare hardware matmul job@24/?-work_queue,468.6,356.0,117.0,121.6,455.5
1794,137089106345224,826.7,178.2,621.9,26.6,11.1,788.0,assemble attention plan@24/?-work_queue,Prepare hardware matmul job@24/?-work_queue,823.9,709.4,119.4,160.8,810.0
1795,137089111766763,658.3,305.9,325.2,27.3,10.2,622.8,assemble attention plan@24/?-work_queue,Prepare hardware matmul job@24/?-work_queue,656.9,546.4,298.0,307.8,643.3
1796,137089117070143,470.8,151.4,292.2,27.2,9.8,435.0,assemble attention plan@24/?-work_queue,Prepare hardware matmul job@24/?-work_queue,469.4,359.1,119.9,127.4,454.7
1797,137089122188327,465.1,150.7,290.1,24.2,9.2,430.2,assemble attention plan@24/?-work_queue,Prepare hardware matmul job@24/?-work_queue,463.4,357.4,129.6,134.4,449.6
1798,137089127263289,1010.6,552.4,332.7,125.5,94.9,541.8,kernel_add_rmsnorm_71@25/0-worker,prepare streams@25/0-worker,1008.5,895.1,639.0,664.4,995.0
1799,137089132906639,559.9,164.9,368.2,26.9,10.2,523.3,assemble attention plan@24/?-work_queue,Prepare hardware matmul job@24/?-work_queue,558.4,442.0,139.0,145.2,544.6
1800,137089138107474,1138.4,577.1,426.2,135.1,104.6,518.9,kernel_add_rmsnorm_71@25/0-worker,prepare streams@25/0-worker,1135.9,1022.8,626.2,631.1,1122.3
1801,137089143919038,507.0,199.6,278.2,29.1,8.9,472.7,assemble attention plan@24/?-work_queue,Prepare hardware matmul job@24/?-work_queue,505.3,393.3,158.3,162.6,491.7
1802,137089149049315,491.6,164.2,298.0,29.5,9.4,457.1,assemble attention plan@24/?-work_queue,Prepare hardware matmul job@24/?-work_queue,490.0,378.9,134.1,139.2,476.6
1803,137089154171895,544.5,161.5,355.1,27.9,9.9,507.9,assemble attention plan@24/?-work_queue,Prepare hardware matmul job@24/?-work_queue,542.0,430.1,132.3,138.0,528.1
1804,137089159368468,2108.5,883.7,880.9,343.9,147.4,1935.1,assemble attention plan@24/?-work_queue,Prepare hardware matmul job@24/?-work_queue,2106.3,1462.9,644.1,648.9,2092.4
1805,137089166123041,501.3,159.1,310.0,32.2,9.3,467.2,assemble attention plan@24/?-work_queue,Prepare hardware matmul job@24/?-work_queue,498.9,387.5,134.6,139.5,486.1
1806,137089171274350,573.1,173.7,368.5,30.9,9.7,536.8,assemble attention plan@24/?-work_queue,Prepare hardware matmul job@24/?-work_queue,571.3,458.0,152.1,156.0,557.1
1807,137089176482197,936.6,612.4,287.9,36.2,13.2,895.3,assemble attention plan@24/?-work_queue,Prepare hardware matmul job@24/?-work_queue,934.4,811.5,569.0,573.2,919.2
1808,137089182046336,771.6,436.3,300.7,34.6,11.6,725.8,assemble attention plan@24/?-work_queue,Prepare hardware matmul job@24/?-work_queue,769.4,640.2,387.6,393.5,748.7
1809,137089187437361,552.6,158.3,367.8,26.4,10.1,507.0,assemble attention plan@24/?-work_queue,Prepare hardware matmul job@24/?-work_queue,550.3,425.0,122.4,128.4,527.0
1810,137089192608349,796.7,478.4,292.2,26.0,9.6,753.0,assemble attention plan@24/?-work_queue,Prepare hardware matmul job@24/?-work_queue,794.9,672.5,432.4,439.9,772.8
1811,137089198108111,493.7,154.4,312.4,26.9,10.2,451.0,assemble attention plan@24/?-work_queue,Prepare hardware matmul job@24/?-work_queue,491.6,371.8,130.9,134.9,471.2
1812,137089203279446,893.2,150.8,714.5,27.9,10.8,848.5,assemble attention plan@24/?-work_queue,Prepare hardware matmul job@24/?-work_queue,891.2,772.0,117.8,126.2,876.1
1813,137089208739173,502.2,146.9,317.7,37.7,10.8,459.7,assemble attention plan@24/?-work_queue,Prepare hardware matmul job@24/?-work_queue,499.5,379.4,149.9,154.5,485.0
1814,137089213865661,491.2,151.1,313.6,26.6,9.8,447.9,assemble attention plan@24/?-work_queue,Prepare hardware matmul job@24/?-work_queue,489.0,365.7,124.7,129.5,474.4
1815,137089219005675,1236.8,606.2,488.8,141.7,111.3,585.3,kernel_add_rmsnorm_71@25/0-worker,prepare streams@25/0-worker,1234.0,1111.3,698.2,702.5,1220.3
1816,137089224852316,648.8,257.3,363.3,28.1,10.2,610.9,assemble attention plan@24/?-work_queue,Prepare hardware matmul job@24/?-work_queue,646.5,524.4,207.0,214.5,632.4
1817,137089230152454,501.6,162.5,309.7,29.5,10.0,465.1,assemble attention plan@24/?-work_queue,Prepare hardware matmul job@24/?-work_queue,500.2,372.4,120.6,124.4,485.6
1818,137089235313341,488.1,155.5,296.8,35.8,11.1,449.7,assemble attention plan@24/?-work_queue,Prepare hardware matmul job@24/?-work_queue,486.7,364.6,120.4,125.2,472.2
1819,137089240429475,559.7,145.9,368.3,45.6,21.5,435.2,work_queue::do_work get_work@24/?-work_queue,add_tokens@24/?-work_queue,558.0,425.2,124.1,133.8,543.8
1820,137089245633593,698.7,403.5,268.7,26.4,9.3,662.4,assemble attention plan@24/?-work_queue,Prepare hardware matmul job@24/?-work_queue,696.7,583.3,144.6,385.3,682.2
1821,137089250955066,500.8,190.4,278.4,32.0,9.5,464.5,assemble attention plan@24/?-work_queue,Prepare hardware matmul job@24/?-work_queue,498.0,384.5,153.5,160.2,483.9
1822,137089256108647,556.2,163.5,362.1,30.5,9.3,519.2,assemble attention plan@24/?-work_queue,Prepare hardware matmul job@24/?-work_queue,553.8,437.7,129.7,142.8,539.6
1823,137089261296114,1055.9,569.9,343.4,142.6,106.4,522.7,kernel_add_rmsnorm_71@25/0-worker,prepare streams@25/0-worker,1054.1,933.9,630.8,647.7,1040.4
1824,137089266992971,550.3,156.1,362.6,31.6,10.6,513.0,assemble attention plan@24/?-work_queue,Prepare hardware matmul job@24/?-work_queue,548.1,434.7,120.7,124.4,534.3
1825,137089272171811,539.9,157.9,354.6,27.4,9.9,505.2,assemble attention plan@24/?-work_queue,Prepare hardware matmul job@24/?-work_queue,537.9,428.7,122.6,130.8,525.4
1826,137089277414993,778.1,155.6,592.4,30.1,11.6,740.9,assemble attention plan@24/?-work_queue,Prepare hardware matmul job@24/?-work_queue,775.6,658.7,117.3,122.2,763.1
1827,137089282849360,528.6,152.7,346.6,29.3,10.2,410.5,notify_listener@25/0-worker,work_queue::do_work get_work@24/?-work_queue,525.6,410.5,132.7,137.2,511.9
1828,137089288030516,558.7,149.7,380.4,28.6,10.7,521.6,assemble attention plan@24/?-work_queue,Prepare hardware matmul job@24/?-work_queue,556.6,445.0,125.2,139.7,543.2
1829,137089293222428,2090.8,882.4,859.9,348.5,129.3,1933.8,assemble attention plan@24/?-work_queue,Prepare hardware matmul job@24/?-work_queue,2088.9,1465.2,640.5,667.2,2073.6
1830,137089300016799,1261.1,816.5,299.1,145.4,113.5,767.8,kernel_add_rmsnorm_71@25/0-worker,prepare streams@25/0-worker,1258.1,1146.1,884.4,892.4,1244.1
1831,137089305946135,496.3,161.3,306.9,28.0,10.9,376.9,notify_listener@25/0-worker,work_queue::do_work get_work@24/?-work_queue,494.2,376.9,137.3,146.2,479.9
1832,137089311111346,1006.1,153.6,826.4,26.1,9.5,972.1,assemble attention plan@24/?-work_queue,Prepare hardware matmul job@24/?-work_queue,1004.5,893.0,136.1,141.3,991.7
1833,137089316773144,539.4,152.5,357.9,29.0,10.3,503.6,assemble attention plan@24/?-work_queue,Prepare hardware matmul job@24/?-work_queue,537.7,421.9,118.2,121.9,523.6
1834,137089321971700,672.9,169.7,404.8,98.5,39.7,36.1,rx collecting results@148/0-RX-13,kernel_add_rmsnorm_70@25/0-worker,670.0,553.8,212.8,221.9,656.6
1835,137089327315610,1793.3,648.5,904.4,240.4,66.6,629.4,kernel_add_rmsnorm_71@25/0-worker,prepare streams@25/0-worker,1791.3,1541.4,698.7,703.9,1771.3
1836,137089333783397,688.6,320.8,342.9,24.9,10.1,646.2,assemble attention plan@24/?-work_queue,Prepare hardware matmul job@24/?-work_queue,687.0,567.5,264.0,268.2,666.2
1837,137089339143092,505.8,166.4,312.6,26.8,10.2,462.2,assemble attention plan@24/?-work_queue,Prepare hardware matmul job@24/?-work_queue,504.2,385.1,141.0,150.4,482.3
1838,137089344321356,1766.1,702.1,836.0,228.0,97.8,590.6,kernel_add_rmsnorm_71@25/0-worker,prepare streams@25/0-worker,1764.4,1467.1,691.4,709.9,1740.7
1839,137089350743468,1376.7,448.7,819.2,108.7,61.0,1067.5,notify_listener@25/0-worker,work_queue::do_work get_work@24/?-work_queue,1373.1,1067.5,303.7,308.4,1357.4
1840,137089356748175,685.2,312.7,346.0,26.5,9.2,641.9,assemble attention plan@24/?-work_queue,Prepare hardware matmul job@24/?-work_queue,682.9,561.5,303.9,309.5,669.0
1841,137089362108896,562.1,158.2,372.2,31.7,11.8,431.7,notify_listener@25/0-worker,work_queue::do_work get_work@24/?-work_queue,559.8,431.7,128.6,132.6,545.8
1842,137089367354358,494.2,154.3,303.9,35.9,11.4,456.5,assemble attention plan@24/?-work_queue,Prepare hardware matmul job@24/?-work_queue,492.2,366.4,121.7,125.9,478.2
1843,137089372520083,543.9,143.9,371.9,28.1,10.6,417.7,notify_listener@25/0-worker,work_queue::do_work get_work@24/?-work_queue,542.4,417.7,111.9,115.6,529.1
1844,137089377708628,574.1,160.2,385.9,28.0,10.8,537.2,assemble attention plan@24/?-work_queue,Prepare hardware matmul job@24/?-work_queue,572.7,457.0,138.5,148.6,557.9
1845,137089382947793,469.5,157.4,283.6,28.5,10.2,432.4,assemble attention plan@24/?-work_queue,Prepare hardware matmul job@24/?-work_queue,467.2,352.6,114.1,138.0,453.4
1846,137089388076410,483.5,147.4,305.6,30.5,11.0,446.1,assemble attention plan@24/?-work_queue,Prepare hardware matmul job@24/?-work_queue,481.4,366.5,111.4,125.1,467.3
1847,137089393211520,1055.6,618.8,305.1,131.8,105.4,569.9,kernel_add_rmsnorm_71@25/0-worker,prepare streams@25/0-worker,1053.2,940.4,678.1,686.1,1037.9
1848,137089398897232,470.3,154.8,287.7,27.9,11.3,433.5,assemble attention plan@24/?-work_queue,Prepare hardware matmul job@24/?-work_queue,468.8,354.2,126.5,133.8,455.3
1849,137089404057457,1693.3,598.6,835.2,259.5,141.7,1524.8,assemble attention plan@24/?-work_queue,Prepare hardware matmul job@24/?-work_queue,1690.9,895.7,121.6,126.6,1676.5
1850,137089410381490,544.4,155.6,359.6,29.3,11.0,507.2,assemble attention plan@24/?-work_queue,Prepare hardware matmul job@24/?-work_queue,542.4,424.1,122.3,128.9,527.9
1851,137089415537944,497.9,161.7,305.5,30.7,15.4,454.6,assemble attention plan@24/?-work_queue,Prepare hardware matmul job@24/?-work_queue,495.5,373.4,138.3,145.2,480.5
1852,137089420696839,615.0,172.7,415.7,26.5,10.0,579.2,assemble attention plan@24/?-work_queue,Prepare hardware matmul job@24/?-work_queue,613.4,499.1,146.9,152.3,599.0
1853,137089425957591,565.2,172.9,358.0,34.4,10.7,527.8,assemble attention plan@24/?-work_queue,Prepare hardware matmul job@24/?-work_queue,562.5,447.9,146.8,152.2,547.9
1854,137089431189875,1121.1,613.9,381.9,125.2,95.6,551.7,kernel_add_rmsnorm_71@25/0-worker,prepare streams@25/0-worker,1119.4,1002.8,649.7,661.6,1104.9
1855,137089436914287,1862.9,552.5,833.4,477.0,359.6,1476.6,assemble attention plan@24/?-work_queue,Prepare hardware matmul job@24/?-work_queue,1861.4,969.1,213.8,227.6,1846.2
1856,137089443515126,575.0,183.0,365.1,27.0,10.0,536.9,assemble attention plan@24/?-work_queue,Prepare hardware matmul job@24/?-work_queue,573.1,438.7,137.7,141.3,557.9
1857,137089448752022,504.7,149.5,320.9,34.2,11.1,467.8,assemble attention plan@24/?-work_queue,Prepare hardware matmul job@24/?-work_queue,502.4,387.3,126.6,132.1,488.6
1858,137089453914656,1637.2,488.2,854.9,294.1,132.0,977.8,notify_listener@25/0-worker,work_queue::do_work get_work@24/?-work_queue,1635.8,977.8,193.6,204.5,1620.8
1859,137089460189959,1112.5,658.3,315.5,138.7,110.0,643.5,kernel_add_rmsnorm_71@25/0-worker,prepare streams@25/0-worker,1110.7,989.6,756.0,778.2,1090.2
1860,137089465958104,488.4,161.9,301.2,25.4,11.1,434.4,assemble attention plan@24/?-work_queue,Prepare hardware matmul job@24/?-work_queue,486.7,358.0,114.5,120.0,455.1
1861,137089471065885,1194.5,564.9,485.3,144.2,108.3,507.2,kernel_add_rmsnorm_71@25/0-worker,prepare streams@25/0-worker,1192.3,1066.1,618.4,628.9,1167.2
1862,137089476913402,577.9,154.5,392.4,30.9,12.6,527.8,assemble attention plan@24/?-work_queue,Prepare hardware matmul job@24/?-work_queue,574.9,448.5,119.0,123.8,551.6
1863,137089482125111,1153.6,564.0,453.6,135.9,104.0,513.2,kernel_add_rmsnorm_71@25/0-worker,prepare streams@25/0-worker,1152.1,1028.4,620.4,629.7,1127.4
1864,137089487926235,568.0,156.3,381.7,30.0,10.9,522.1,assemble attention plan@24/?-work_queue,Prepare hardware matmul job@24/?-work_queue,566.5,442.5,131.9,138.0,549.7
1865,137089493115589,1132.3,579.8,402.7,149.9,115.6,525.5,kernel_add_rmsnorm_71@25/0-worker,prepare streams@25/0-worker,1130.7,1007.0,644.1,649.3,1116.4
1866,137089498929430,588.6,188.7,368.9,31.0,11.7,546.3,assemble attention plan@24/?-work_queue,Prepare hardware matmul job@24/?-work_queue,587.2,465.4,154.9,159.9,573.9
1867,137089504190874,1129.5,620.3,389.1,120.1,94.2,558.5,kernel_add_rmsnorm_71@25/0-worker,prepare streams@25/0-worker,1127.8,1007.6,655.6,659.8,1113.3
1868,137089510007257,476.7,165.7,277.0,34.1,10.3,440.0,assemble attention plan@24/?-work_queue,Prepare hardware matmul job@24/?-work_queue,474.5,350.8,126.3,130.7,460.4
1869,137089515201104,571.5,157.6,377.9,36.1,11.4,533.3,assemble attention plan@24/?-work_queue,Prepare hardware matmul job@24/?-work_queue,569.9,444.8,124.1,128.3,555.6
1870,137089520440762,949.8,541.6,370.7,37.5,11.6,911.8,assemble attention plan@24/?-work_queue,Prepare hardware matmul job@24/?-work_queue,947.9,825.5,601.3,613.1,933.4
1871,137089526057318,1178.9,636.4,411.5,131.0,97.0,581.5,rx collecting results@150/0-RX-3b,prepare streams@25/0-worker,1177.3,1058.3,680.8,722.3,1164.2
1872,137089531897939,559.0,167.3,365.4,26.3,10.1,521.1,assemble attention plan@24/?-work_queue,Prepare hardware matmul job@24/?-work_queue,557.6,439.2,138.3,143.4,541.7
1873,137089537129436,1174.1,621.3,424.3,128.6,100.3,565.2,kernel_add_rmsnorm_71@25/0-worker,prepare streams@25/0-worker,1172.2,1039.2,669.0,685.5,1158.4
1874,137089542989501,1604.6,481.7,837.4,285.5,147.8,1429.5,assemble attention plan@24/?-work_queue,Prepare hardware matmul job@24/?-work_queue,1602.7,899.0,126.5,139.1,1587.7
1875,137089549234802,1101.7,595.3,356.4,150.0,115.2,549.6,kernel_add_rmsnorm_71@25/0-worker,prepare streams@25/0-worker,1099.0,979.2,667.2,673.3,1084.1
1876,137089554989240,555.7,171.7,354.8,29.1,9.6,521.5,assemble attention plan@24/?-work_queue,Prepare hardware matmul job@24/?-work_queue,554.2,441.8,136.1,141.5,540.7
1877,137089560191455,517.6,162.5,322.7,32.4,12.1,393.8,notify_listener@25/0-worker,work_queue::do_work get_work@24/?-work_queue,515.3,393.8,135.4,146.3,500.7
1878,137089565405259,539.6,151.6,360.4,27.6,10.1,502.0,assemble attention plan@24/?-work_queue,Prepare hardware matmul job@24/?-work_queue,537.6,421.5,122.5,126.7,522.5
1879,137089570618543,856.6,469.2,348.9,38.5,14.2,737.6,notify_listener@25/0-worker,work_queue::do_work get_work@24/?-work_queue,854.8,737.6,430.7,443.3,840.1
1880,137089576123826,1124.0,606.5,372.6,144.9,113.5,540.1,kernel_add_rmsnorm_71@25/0-worker,prepare streams@25/0-worker,1122.3,1006.0,656.3,667.8,1107.8
1881,137089581949963,1151.0,204.6,839.4,107.1,52.3,925.2,notify_listener@25/0-worker,work_queue::do_work get_work@24/?-work_queue,1149.2,925.2,153.5,158.8,1135.8
1882,137089587814172,468.6,163.5,278.0,27.1,10.9,432.7,assemble attention plan@24/?-work_queue,Prepare hardware matmul job@24/?-work_queue,466.6,353.9,120.9,136.3,452.9
1883,137089592915024,817.3,71.2,745.2,0.9,0.3,6.5,Launch hardware matmul job@24/?-work_queue,Launch hardware matmul job@24/?-work_queue,133.1,817.3,129.0,133.1,
1884,137089594681538,392.6,331.8,15.2,45.6,16.9,11.1,work_queue::do_work get_work@24/?-work_queue,add_tokens@24/?-work_queue,391.1,,,,
1885,137089599759653,539.4,159.6,347.3,32.4,11.8,498.3,assemble attention plan@24/?-work_queue,Prepare hardware matmul job@24/?-work_queue,537.7,411.9,167.6,174.5,523.0
1886,137089605005596,494.3,151.5,313.5,29.2,11.0,458.1,assemble attention plan@24/?-work_queue,Prepare hardware matmul job@24/?-work_queue,492.4,378.7,117.7,122.1,478.8
1887,137089610167724,563.7,164.3,366.5,32.9,10.1,520.9,assemble attention plan@24/?-work_queue,Prepare hardware matmul job@24/?-work_queue,555.5,439.7,136.9,141.6,541.7
1888,137089615384691,505.7,150.8,317.7,37.2,15.7,456.2,assemble attention plan@24/?-work_queue,Prepare hardware matmul job@24/?-work_queue,503.4,368.9,112.8,116.8,483.1
1889,137089620516038,758.2,171.6,557.0,29.6,10.7,614.3,notify_listener@25/0-worker,work_queue::do_work get_work@24/?-work_queue,755.8,614.3,113.2,118.0,719.8
1890,137089625902532,547.7,230.5,290.0,27.3,10.5,500.4,assemble attention plan@24/?-work_queue,Prepare hardware matmul job@24/?-work_queue,545.9,420.2,177.5,189.4,521.4
1891,137089631123486,2112.7,953.5,787.5,371.7,137.6,1942.8,assemble attention plan@24/?-work_queue,Prepare hardware matmul job@24/?-work_queue,2110.7,1409.0,669.6,675.2,2091.6
1892,137089637944796,543.6,140.3,374.7,28.6,9.8,501.3,assemble attention plan@24/?-work_queue,Prepare hardware matmul job@24/?-work_queue,541.4,422.8,117.9,124.6,521.5
1893,137089643143903,1126.7,597.0,382.4,147.4,111.5,529.1,kernel_add_rmsnorm_71@25/0-worker,prepare streams@25/0-worker,1123.5,990.8,643.7,655.4,1109.2
1894,137089648953584,546.3,151.7,363.6,31.1,10.5,500.0,assemble attention plan@24/?-work_queue,Prepare hardware matmul job@24/?-work_queue,544.6,420.6,123.4,127.2,530.3
1895,137089654199006,953.4,161.2,761.0,31.2,12.1,820.4,notify_listener@25/0-worker,work_queue::do_work get_work@24/?-work_queue,951.9,820.4,124.8,128.4,937.7
1896,137089659836941,522.3,193.9,287.9,40.5,11.1,461.2,assemble attention plan@24/?-work_queue,Prepare hardware matmul job@24/?-work_queue,520.8,379.4,132.6,141.9,506.2
1897,137089665011678,1290.3,728.6,412.0,149.7,105.7,671.3,kernel_add_rmsnorm_71@25/0-worker,prepare streams@25/0-worker,1288.6,1156.8,780.7,785.3,1285.0
1898,137089671012617,549.9,150.3,368.7,30.9,11.4,512.1,assemble attention plan@24/?-work_queue,Prepare hardware matmul job@24/?-work_queue,548.1,427.2,115.6,120.2,534.5
1899,137089676249293,1077.2,608.2,313.2,155.8,116.3,566.4,kernel_add_rmsnorm_71@25/0-worker,prepare streams@25/0-worker,1075.1,944.3,685.8,695.5,1060.8
1900,137089682053126,481.5,146.2,304.0,31.3,10.7,446.2,assemble attention plan@24/?-work_queue,Prepare hardware matmul job@24/?-work_queue,479.9,359.0,114.6,119.5,466.9
1901,137089687209714,1114.9,631.1,345.7,138.1,101.5,544.9,kernel_add_rmsnorm_71@25/0-worker,prepare streams@25/0-worker,1113.4,987.2,649.9,664.9,1099.1
1902,137089693036376,1183.4,542.8,511.0,129.6,101.2,497.0,kernel_add_rmsnorm_71@25/0-worker,prepare streams@25/0-worker,1181.7,1065.1,600.4,604.9,1167.9
1903,137089698905281,576.2,191.1,353.4,31.7,14.3,453.5,notify_listener@25/0-worker,work_queue::do_work get_work@24/?-work_queue,574.6,453.5,140.7,150.0,561.0
1904,137089704152461,979.1,147.0,798.0,34.1,16.1,935.8,assemble attention plan@24/?-work_queue,Prepare hardware matmul job@24/?-work_queue,977.2,855.7,136.9,141.9,962.9
1905,137089709779710,639.3,304.6,299.5,35.2,14.9,515.0,notify_listener@25/0-worker,work_queue::do_work get_work@24/?-work_queue,637.7,515.0,271.6,276.5,623.6
1906,137089715092037,1130.3,549.4,443.5,137.4,110.2,503.5,kernel_add_rmsnorm_71@25/0-worker,prepare streams@25/0-worker,1127.6,1015.1,616.4,626.0,1113.8
1907,137089720919751,547.6,174.2,341.3,32.0,14.8,424.4,notify_listener@25/0-worker,work_queue::do_work get_work@24/?-work_queue,545.6,424.4,124.0,129.5,531.7
1908,137089726130494,508.4,180.6,299.1,28.7,11.5,466.8,assemble attention plan@24/?-work_queue,Prepare hardware matmul job@24/?-work_queue,504.2,385.6,138.6,147.3,489.1
1909,137089731361884,550.4,163.0,352.6,34.8,13.5,427.6,notify_listener@25/0-worker,work_queue::do_work get_work@24/?-work_queue,548.4,427.6,134.4,138.8,534.9
1910,137089736583045,1520.9,567.0,822.9,131.0,74.8,1265.4,notify_listener@25/0-worker,work_queue::do_work get_work@24/?-work_queue,1519.3,1265.4,500.5,511.5,1504.8
1911,137089742815557,551.9,163.0,363.6,25.3,10.5,515.4,assemble attention plan@24/?-work_queue,Prepare hardware matmul job@24/?-work_queue,549.7,437.5,124.5,133.0,535.9
1912,137089748011860,1251.6,623.2,494.9,133.5,100.4,565.2,kernel_add_rmsnorm_71@25/0-worker,prepare streams@25/0-worker,1250.0,1134.9,679.3,695.8,1235.7
1913,137089753994171,1114.9,167.8,827.1,120.1,60.5,886.1,notify_listener@25/0-worker,work_queue::do_work get_work@24/?-work_queue,1112.8,886.1,122.7,127.4,1099.4
1914,137089759756616,483.7,156.4,298.3,29.0,12.0,445.4,assemble attention plan@24/?-work_queue,Prepare hardware matmul job@24/?-work_queue,481.4,362.7,127.1,136.6,467.6
1915,137089764950411,504.6,179.8,297.3,27.5,10.7,466.7,assemble attention plan@24/?-work_queue,Prepare hardware matmul job@24/?-work_queue,502.1,366.0,127.5,136.6,487.6
1916,137089770140100,576.7,171.0,374.0,31.7,10.6,540.5,assemble attention plan@24/?-work_queue,Prepare hardware matmul job@24/?-work_queue,574.5,461.2,140.7,152.9,561.3
1917,137089775406006,1033.9,619.9,347.1,66.9,34.3,571.7,kernel_add_rmsnorm_71@25/0-worker,prepare streams@25/0-worker,1031.4,908.2,608.9,612.9,1012.3
1918,137089781133499,603.6,193.3,382.0,28.3,10.4,519.6,assemble attention plan@24/?-work_queue,Prepare hardware matmul job@24/?-work_queue,601.1,439.1,128.6,134.8,540.3
1919,137089786409116,1697.3,682.7,877.7,137.0,72.2,1396.1,notify_listener@25/0-worker,work_queue::do_work get_work@24/?-work_queue,1694.1,1396.1,609.5,630.6,1674.6
1920,137089792844921,659.2,253.0,372.1,34.2,14.7,611.3,assemble attention plan@24/?-work_queue,Prepare hardware matmul job@24/?-work_queue,657.3,528.7,227.3,232.8,642.7
1921,137089798193228,567.0,164.7,375.4,26.9,10.7,521.0,assemble attention plan@24/?-work_queue,Prepare hardware matmul job@24/?-work_queue,564.5,442.2,126.3,131.6,548.4
1922,137089803494372,514.8,166.6,321.7,26.5,10.4,472.0,assemble attention plan@24/?-work_queue,Prepare hardware matmul job@24/?-work_queue,513.3,383.7,128.2,132.8,492.8
1923,137089808639355,761.7,420.0,309.0,32.7,11.1,724.3,assemble attention plan@24/?-work_queue,Prepare hardware matmul job@24/?-work_queue,759.1,638.9,405.9,410.6,745.0
1924,137089814125209,2349.4,1145.4,864.0,340.1,148.6,2174.7,assemble attention plan@24/?-work_queue,Prepare hardware matmul job@24/?-work_queue,2347.6,1540.9,724.2,730.2,2333.1
1925,137089821183071,1032.7,582.9,306.8,142.9,112.6,542.7,kernel_add_rmsnorm_71@25/0-worker,prepare streams@25/0-worker,1031.1,913.2,662.6,677.5,1017.3
1926,137089826934812,472.2,156.7,283.9,31.6,13.7,350.5,notify_listener@25/0-worker,work_queue::do_work get_work@24/?-work_queue,470.3,350.5,119.8,124.6,456.7
1927,137089832094377,467.1,148.8,295.4,22.9,8.5,432.6,assemble attention plan@24/?-work_queue,Prepare hardware matmul job@24/?-work_queue,465.4,351.6,126.8,134.3,450.9
1928,137089837267165,563.9,175.0,354.9,34.0,14.5,440.8,notify_listener@25/0-worker,work_queue::do_work get_work@24/?-work_queue,562.2,440.8,137.4,143.5,548.1
1929,137089842513108,470.3,158.4,284.5,27.4,10.9,433.1,assemble attention plan@24/?-work_queue,Prepare hardware matmul job@24/?-work_queue,468.4,351.0,124.7,131.9,454.7
1930,137089847686988,783.1,396.8,354.2,32.1,14.6,660.0,notify_listener@25/0-worker,work_queue::do_work get_work@24/?-work_queue,781.2,660.0,359.5,364.0,766.5
1931,137089853229229,1082.0,628.6,299.9,153.5,123.1,584.2,kernel_add_rmsnorm_71@25/0-worker,prepare streams@25/0-worker,1080.5,959.7,710.4,715.6,1066.8
1932,137089859004675,566.4,195.2,343.0,28.1,10.3,529.9,assemble attention plan@24/?-work_queue,Prepare hardware matmul job@24/?-work_queue,564.6,448.7,145.6,149.9,550.9
1933,137089864253294,493.7,159.6,305.5,28.6,11.7,456.0,assemble attention plan@24/?-work_queue,Prepare hardware matmul job@24/?-work_queue,491.7,374.8,129.1,135.7,478.0
1934,137089869408535,783.8,171.8,580.9,31.1,11.8,664.1,notify_listener@25/0-worker,work_queue::do_work get_work@24/?-work_queue,782.1,664.1,151.4,159.1,768.0
1935,137089874878379,661.0,245.6,381.3,34.2,10.6,624.0,assemble attention plan@24/?-work_queue,Prepare hardware matmul job@24/?-work_queue,659.5,534.7,293.1,303.1,645.8
1936,137089880223791,573.7,175.2,362.0,36.6,19.5,521.0,assemble attention plan@24/?-work_queue,Prepare hardware matmul job@24/?-work_queue,571.9,439.6,131.9,138.6,550.3
1937,137089885464205,1630.2,647.6,830.0,152.6,62.6,1345.1,notify_listener@25/0-worker,work_queue::do_work get_work@24/?-work_queue,1628.6,1345.1,551.9,562.8,1603.9
1938,137089891834119,509.4,156.6,324.3,28.5,10.9,467.4,assemble attention plan@24/?-work_queue,Prepare hardware matmul job@24/?-work_queue,507.5,387.3,154.0,160.8,487.5
1939,137089897022127,490.7,152.4,312.4,25.9,10.4,448.9,assemble attention plan@24/?-work_queue,Prepare hardware matmul job@24/?-work_queue,488.6,370.4,126.8,130.6,474.7
1940,137089902240464,1048.3,599.9,295.2,153.2,112.1,548.7,kernel_add_rmsnorm_71@25/0-worker,prepare streams@25/0-worker,1046.4,919.1,663.7,671.9,1032.3
1941,137089908008905,1216.7,587.0,488.7,141.0,108.7,529.2,kernel_add_rmsnorm_71@25/0-worker,prepare streams@25/0-worker,1214.2,1088.7,640.4,644.6,1200.5
1942,137089913920073,480.0,151.4,303.1,25.5,9.4,445.3,assemble attention plan@24/?-work_queue,Prepare hardware matmul job@24/?-work_queue,477.9,359.7,112.9,119.5,464.8
1943,137089919100611,481.1,154.9,298.9,27.3,11.2,444.0,assemble attention plan@24/?-work_queue,Prepare hardware matmul job@24/?-work_queue,479.0,363.2,120.8,142.1,465.0
1944,137089924279962,514.8,153.2,332.9,28.6,10.4,478.7,assemble attention plan@24/?-work_queue,Prepare hardware matmul job@24/?-work_queue,513.1,395.0,122.8,128.8,498.9
1945,137089929455707,492.2,146.4,319.3,26.5,11.4,454.8,assemble attention plan@24/?-work_queue,Prepare hardware matmul job@24/?-work_queue,490.3,374.2,127.7,135.3,476.8
1946,137089934694864,603.2,156.6,417.8,28.8,11.5,563.8,assemble attention plan@24/?-work_queue,Prepare hardware matmul job@24/?-work_queue,601.8,486.3,119.1,124.7,586.1
1947,137089940006803,1244.0,582.7,521.5,139.8,110.1,516.1,kernel_add_rmsnorm_71@25/0-worker,prepare streams@25/0-worker,1241.8,1124.2,628.7,637.9,1227.9
1948,137089945956317,482.9,160.2,294.3,28.4,11.8,446.7,assemble attention plan@24/?-work_queue,Prepare hardware matmul job@24/?-work_queue,481.3,364.4,114.5,118.9,468.2
1949,137089951116041,474.3,160.9,282.8,30.6,11.6,436.8,assemble attention plan@24/?-work_queue,Prepare hardware matmul job@24/?-work_queue,472.3,349.7,123.8,127.9,458.0
1950,137089956332131,547.3,165.6,354.2,27.4,11.1,510.7,assemble attention plan@24/?-work_queue,Prepare hardware matmul job@24/?-work_queue,545.1,430.9,125.0,129.1,531.9
1951,137089961598918,860.9,490.9,332.3,37.7,11.0,824.6,assemble attention plan@24/?-work_queue,Prepare hardware matmul job@24/?-work_queue,859.1,741.0,440.5,453.0,845.8
1952,137089967169634,576.2,182.5,362.6,31.1,15.3,535.1,assemble attention plan@24/?-work_queue,Prepare hardware matmul job@24/?-work_queue,573.8,454.5,160.5,165.0,560.1
1953,137089972431623,546.4,153.9,358.6,33.9,11.0,508.7,assemble attention plan@24/?-work_queue,Prepare hardware matmul job@24/?-work_queue,544.3,427.0,125.1,129.4,530.3
1954,137089977686723,558.5,163.8,367.0,27.7,10.7,521.7,assemble attention plan@24/?-work_queue,Prepare hardware matmul job@24/?-work_queue,556.7,441.5,138.0,142.0,542.5
1955,137089982966296,555.6,157.7,366.9,31.0,11.2,513.2,assemble attention plan@24/?-work_queue,Prepare hardware matmul job@24/?-work_queue,553.5,431.9,122.2,126.5,534.0
1956,137089988211563,1152.4,614.7,401.7,136.1,107.2,590.4,kernel_add_rmsnorm_71@25/0-worker,prepare streams@25/0-worker,1149.9,1026.3,700.6,718.4,1129.8
1957,137089994059874,501.4,163.2,309.7,28.6,9.9,455.1,assemble attention plan@24/?-work_queue,Prepare hardware matmul job@24/?-work_queue,498.8,371.2,116.1,122.8,475.1
1958,137089999281130,1165.8,683.3,343.3,139.2,105.3,559.1,kernel_add_rmsnorm_71@25/0-worker,prepare streams@25/0-worker,677.0,1015.4,667.2,677.0,
1959,137090005208782,2623.6,1268.7,1050.9,304.1,154.1,2441.5,assemble attention plan@24/?-work_queue,Prepare hardware matmul job@24/?-work_queue,2620.8,1682.7,833.1,849.1,2606.2
1960,137090012587302,679.1,153.0,498.3,27.9,9.9,644.2,assemble attention plan@24/?-work_queue,Prepare hardware matmul job@24/?-work_queue,677.7,558.1,122.0,126.5,663.7
1961,137090018016596,460.0,153.1,276.7,30.2,12.0,423.8,assemble attention plan@24/?-work_queue,Prepare hardware matmul job@24/?-work_queue,460.2,341.9,122.0,125.9,445.8
1962,137090023247986,550.1,154.1,366.0,30.0,11.2,513.2,assemble attention plan@24/?-work_queue,Prepare hardware matmul job@24/?-work_queue,548.4,431.4,130.5,134.0,535.2
1963,137090028517340,950.1,564.5,354.1,31.5,11.8,912.5,assemble attention plan@24/?-work_queue,Prepare hardware matmul job@24/?-work_queue,948.6,828.4,515.9,532.0,934.7
1964,137090034225667,458.8,152.3,279.5,26.9,10.4,423.3,assemble attention plan@24/?-work_queue,Prepare hardware matmul job@24/?-work_queue,457.2,342.9,117.8,122.5,443.4
1965,137090039394224,1738.5,747.9,855.4,135.2,107.0,685.5,kernel_add_rmsnorm_71@25/0-worker,prepare streams@25/0-worker,1736.3,1621.0,814.6,868.9,1722.6
1966,137090045925022,568.3,152.9,386.4,28.9,10.8,531.6,assemble attention plan@24/?-work_queue,Prepare hardware matmul job@24/?-work_queue,566.6,448.5,145.7,151.8,552.6
1967,137090051206788,533.1,176.0,331.8,25.3,10.5,495.3,assemble attention plan@24/?-work_queue,Prepare hardware matmul job@24/?-work_queue,530.9,413.3,144.1,148.6,516.2
1968,137090056452296,530.0,159.2,336.8,34.0,15.9,488.4,assemble attention plan@24/?-work_queue,Prepare hardware matmul job@24/?-work_queue,528.0,408.5,155.4,163.1,514.5
1969,137090061690775,518.6,166.9,322.4,29.3,11.7,477.3,assemble attention plan@24/?-work_queue,Prepare hardware matmul job@24/?-work_queue,516.3,390.8,132.6,136.9,499.8
1970,137090066972238,480.1,155.8,295.6,28.8,11.3,436.3,assemble attention plan@24/?-work_queue,Prepare hardware matmul job@24/?-work_queue,478.0,357.2,116.1,121.1,458.0
1971,137090072190175,503.5,159.1,314.1,30.3,11.5,458.4,assemble attention plan@24/?-work_queue,Prepare hardware matmul job@24/?-work_queue,500.9,374.7,133.0,139.8,480.6
1972,137090077430792,2124.7,966.2,855.1,303.3,137.0,1951.6,assemble attention plan@24/?-work_queue,Prepare hardware matmul job@24/?-work_queue,2122.3,1392.9,584.8,593.3,2098.9
1973,137090084284170,1069.9,565.7,349.1,155.1,117.5,507.8,kernel_add_rmsnorm_71@25/0-worker,prepare streams@25/0-worker,1068.3,948.9,628.7,638.6,1054.4
1974,137090090084660,564.3,161.6,374.2,28.4,10.2,429.8,notify_listener@25/0-worker,work_queue::do_work get_work@24/?-work_queue,562.1,429.8,123.3,128.2,547.9
1975,137090095397141,2135.7,939.5,822.5,373.7,144.2,1964.9,assemble attention plan@24/?-work_queue,Prepare hardware matmul job@24/?-work_queue,2134.1,1402.0,629.8,643.9,2119.2
1976,137090102287350,559.9,157.3,372.9,29.8,12.8,521.5,assemble attention plan@24/?-work_queue,Prepare hardware matmul job@24/?-work_queue,558.3,442.0,128.4,132.7,544.9
1977,137090107579376,551.6,164.3,356.9,30.4,11.0,511.9,assemble attention plan@24/?-work_queue,Prepare hardware matmul job@24/?-work_queue,550.0,429.8,121.4,127.5,533.5
1978,137090112870443,579.2,192.9,356.2,30.2,10.8,541.6,assemble attention plan@24/?-work_queue,Prepare hardware matmul job@24/?-work_queue,577.5,430.8,125.4,142.7,563.4
1979,137090118160935,524.0,190.0,296.1,37.9,11.8,484.0,assemble attention plan@24/?-work_queue,Prepare hardware matmul job@24/?-work_queue,521.9,366.6,126.1,136.0,508.1
1980,137090123369126,2311.3,1120.0,821.6,369.7,151.1,2134.1,assemble attention plan@24/?-work_queue,Prepare hardware matmul job@24/?-work_queue,2309.7,1418.8,658.1,672.8,2296.6
1981,137090130377099,1740.0,576.4,949.9,213.7,122.5,1507.8,notify_listener@25/0-worker,work_queue::do_work get_work@24/?-work_queue,1737.7,1507.8,641.1,647.9,1724.4
1982,137090136829614,488.5,158.3,301.1,29.1,10.9,452.7,assemble attention plan@24/?-work_queue,Prepare hardware matmul job@24/?-work_queue,487.0,370.8,122.6,127.5,474.5
1983,137090142053287,518.0,171.4,309.5,37.1,14.8,373.2,notify_listener@25/0-worker,work_queue::do_work get_work@24/?-work_queue,515.0,373.2,129.3,133.1,499.5
1984,137090147266212,2340.5,524.4,636.1,1180.1,799.3,698.8,notify_listener@25/0-worker,work_queue::do_work get_work@24/?-work_queue,2338.7,698.8,115.9,119.6,2325.2
1985,137090154336597,1780.5,664.3,926.4,189.8,71.1,1545.2,notify_listener@25/0-worker,work_queue::do_work get_work@24/?-work_queue,1779.0,1545.2,677.2,687.4,1764.0
1986,137090160840606,484.7,151.4,296.0,37.3,11.3,447.8,assemble attention plan@24/?-work_queue,Prepare hardware matmul job@24/?-work_queue,482.9,365.1,120.5,135.6,469.0
1987,137090166020906,1232.3,608.3,482.8,141.2,111.2,534.2,kernel_add_rmsnorm_71@25/0-worker,prepare streams@25/0-worker,1230.4,1111.2,647.9,653.6,1215.9
1988,137090171941819,557.9,162.8,368.5,26.7,9.7,521.0,assemble attention plan@24/?-work_queue,Prepare hardware matmul job@24/?-work_queue,555.3,440.7,134.8,138.8,540.4
1989,137090177211513,2272.4,1065.8,846.9,359.7,158.2,2087.0,assemble attention plan@24/?-work_queue,Prepare hardware matmul job@24/?-work_queue,2270.1,1585.3,805.8,816.4,2256.2
1990,137090184222181,948.8,168.8,744.6,35.5,12.0,818.1,notify_listener@25/0-worker,work_queue::do_work get_work@24/?-work_queue,947.0,818.1,138.9,152.5,926.2
1991,137090189863981,495.5,171.0,293.8,30.8,10.2,450.6,assemble attention plan@24/?-work_queue,Prepare hardware matmul job@24/?-work_queue,493.2,364.6,122.5,128.5,471.1
1992,137090195062264,527.6,164.8,325.6,37.1,15.7,386.6,notify_listener@25/0-worker,work_queue::do_work get_work@24/?-work_queue,525.3,386.6,135.9,139.6,500.2
1993,137090200269417,2254.8,968.8,904.0,382.0,141.2,2080.6,assemble attention plan@24/?-work_queue,Prepare hardware matmul job@24/?-work_queue,2253.2,1541.1,722.1,741.7,2231.8
1994,137090207214039,549.9,156.7,364.4,28.8,10.8,504.9,assemble attention plan@24/?-work_queue,Prepare hardware matmul job@24/?-work_queue,548.2,419.9,107.4,112.1,527.0
1995,137090212441099,1652.9,682.2,799.6,171.1,78.3,1320.0,notify_listener@25/0-worker,work_queue::do_work get_work@24/?-work_queue,1651.0,1320.0,574.5,588.0,1635.4
1996,137090218844390,564.7,157.1,376.6,31.0,10.6,514.7,assemble attention plan@24/?-work_queue,Prepare hardware matmul job@24/?-work_queue,563.1,431.7,126.1,130.8,549.0
1997,137090224083901,1204.5,604.1,472.1,128.3,97.8,644.1,kernel_add_rmsnorm_71@25/0-worker,prepare streams@25/0-worker,1202.5,1077.6,745.2,750.5,1188.3
1998,137090229989221,493.9,175.9,287.2,30.8,12.3,433.6,assemble attention plan@24/?-work_queue,Prepare hardware matmul job@24/?-work_queue,492.1,350.5,126.4,131.0,477.5
1999,137090235177857,1144.5,559.9,423.1,161.5,121.6,534.0,kernel_add_rmsnorm_71@25/0-worker,prepare streams@25/0-worker,1142.9,1011.7,658.5,662.4,1128.0
2000,137090241030705,2020.6,1016.2,770.4,234.0,110.2,552.9,kernel_add_rmsnorm_71@25/0-worker,prepare streams@25/0-worker,2018.4,1402.3,665.1,682.7,2004.8
2001,137090247731604,571.1,160.7,375.1,35.3,13.8,444.6,notify_listener@25/0-worker,work_queue::do_work get_work@24/?-work_queue,569.4,444.6,133.9,137.6,555.7
2002,137090253032228,1207.7,617.8,439.2,150.7,120.1,513.8,kernel_add_rmsnorm_71@25/0-worker,prepare streams@25/0-worker,1205.7,1092.1,636.0,693.4,1191.4
2003,137090258965013,501.9,152.3,311.6,38.0,15.5,374.9,notify_listener@25/0-worker,work_queue::do_work get_work@24/?-work_queue,500.5,374.9,132.1,150.8,486.3
2004,137090264143755,578.6,173.0,374.9,30.8,10.9,540.5,assemble attention plan@24/?-work_queue,Prepare hardware matmul job@24/?-work_queue,577.1,456.9,133.1,139.3,562.0
2005,137090269443445,629.1,209.3,379.2,40.6,12.0,500.6,notify_listener@25/0-worker,work_queue::do_work get_work@24/?-work_queue,625.6,500.6,188.0,192.0,611.1
2006,137090274754281,556.7,158.2,371.5,27.0,10.8,516.6,assemble attention plan@24/?-work_queue,Prepare hardware matmul job@24/?-work_queue,554.3,435.6,116.7,125.5,537.5
2007,137090280031271,478.1,162.9,283.8,31.4,12.9,355.0,notify_listener@25/0-worker,work_queue::do_work get_work@24/?-work_queue,475.2,355.0,123.6,127.8,461.0
2008,137090285212711,1097.6,593.5,362.5,141.6,107.7,537.7,kernel_add_rmsnorm_71@25/0-worker,prepare streams@25/0-worker,1095.7,980.8,648.4,658.6,1081.6
2009,137090291033590,507.1,188.9,274.8,43.4,15.1,370.7,notify_listener@25/0-worker,work_queue::do_work get_work@24/?-work_queue,505.0,370.7,130.9,134.8,491.3
2010,137090296244632,1035.5,594.5,290.6,150.5,119.5,523.0,kernel_add_rmsnorm_71@25/0-worker,prepare streams@25/0-worker,1032.3,913.7,645.8,655.2,1018.5
2011,137090302022345,1219.8,610.8,454.1,154.9,108.0,602.5,kernel_add_rmsnorm_71@25/0-worker,prepare streams@25/0-worker,1217.5,1098.4,724.6,740.6,1203.7
2012,137090307929720,531.3,210.0,291.2,30.1,11.2,493.9,assemble attention plan@24/?-work_queue,Prepare hardware matmul job@24/?-work_queue,528.5,413.2,171.3,176.3,515.0
2013,137090313142830,546.0,182.1,329.6,34.3,14.6,420.3,notify_listener@25/0-worker,work_queue::do_work get_work@24/?-work_queue,544.2,420.3,154.2,165.4,530.1
2014,137090318389643,488.0,153.3,306.2,28.5,9.3,452.5,assemble attention plan@24/?-work_queue,Prepare hardware matmul job@24/?-work_queue,486.1,374.4,125.5,129.5,471.8
2015,137090323635230,1468.8,507.0,801.3,160.5,110.0,1157.7,notify_listener@25/0-worker,work_queue::do_work get_work@24/?-work_queue,1466.6,1157.7,415.8,422.1,1451.7
2016,137090329846651,1251.5,309.8,809.0,132.8,64.7,953.4,notify_listener@25/0-worker,work_queue::do_work get_work@24/?-work_queue,1249.3,953.4,210.7,222.9,1235.2
2017,137090335839962,753.8,279.2,447.9,26.8,9.6,712.9,assemble attention plan@24/?-work_queue,Prepare hardware matmul job@24/?-work_queue,752.1,630.8,384.3,389.1,733.0
2018,137090341290931,887.8,165.9,694.5,27.5,11.3,842.7,assemble attention plan@24/?-work_queue,Prepare hardware matmul job@24/?-work_queue,885.6,763.0,205.0,152.0,864.2
2019,137090346948260,545.6,158.5,361.1,26.1,11.1,492.4,assemble attention plan@24/?-work_queue,Prepare hardware matmul job@24/?-work_queue,544.0,412.9,115.5,121.3,513.5
2020,137090352195727,480.4,162.9,290.4,27.1,10.3,435.0,assemble attention plan@24/?-work_queue,Prepare hardware matmul job@24/?-work_queue,478.6,349.8,114.6,118.8,455.8
2021,137090357413929,980.1,618.7,326.2,35.2,10.1,936.0,assemble attention plan@24/?-work_queue,Prepare hardware matmul job@24/?-work_queue,978.6,852.6,602.2,608.0,956.2
2022,137090363105476,1035.6,158.0,839.8,37.9,15.1,899.2,notify_listener@25/0-worker,work_queue::do_work get_work@24/?-work_queue,1033.9,899.2,123.9,132.8,1018.9
2023,137090368887599,624.8,233.8,361.3,29.7,12.2,578.8,assemble attention plan@24/?-work_queue,Prepare hardware matmul job@24/?-work_queue,623.1,496.4,195.6,199.8,608.7
2024,137090374244655,497.1,163.5,295.2,38.4,14.6,356.6,notify_listener@25/0-worker,work_queue::do_work get_work@24/?-work_queue,495.0,356.6,117.2,124.0,480.5
2025,137090379474997,551.5,158.6,362.5,30.4,10.0,509.3,assemble attention plan@24/?-work_queue,Prepare hardware matmul job@24/?-work_queue,549.5,419.5,116.2,120.9,535.4
2026,137090384797733,502.0,153.2,292.6,56.3,18.7,429.9,setup_logits@24/?-work_queue,gather_token_data@24/?-work_queue,500.4,353.7,111.1,116.5,486.1
2027,137090390068195,1066.1,152.2,884.7,29.2,11.1,1029.9,assemble attention plan@24/?-work_queue,Prepare hardware matmul job@24/?-work_queue,1063.8,941.2,118.5,125.5,1051.2
2028,137090395922447,493.2,158.7,294.9,39.7,13.6,357.7,notify_listener@25/0-worker,work_queue::do_work get_work@24/?-work_queue,491.7,357.7,119.1,124.4,478.0
2029,137090401206348,567.1,170.3,363.9,32.9,9.7,530.7,assemble attention plan@24/?-work_queue,Prepare hardware matmul job@24/?-work_queue,564.5,441.8,137.5,141.5,550.7
2030,137090406472876,478.7,161.9,280.3,36.5,13.0,349.4,notify_listener@25/0-worker,work_queue::do_work get_work@24/?-work_queue,475.8,349.4,122.1,126.3,461.7
2031,137090411704548,770.1,379.8,350.8,39.5,11.4,731.9,assemble attention plan@24/?-work_queue,Prepare hardware matmul job@24/?-work_queue,767.5,641.2,331.1,335.4,753.7
2032,137090417260231,1095.7,646.7,309.4,139.6,104.3,584.1,kernel_add_rmsnorm_71@25/0-worker,prepare streams@25/0-worker,1093.4,966.8,710.3,726.9,1079.1
2033,137090423069275,1044.5,298.1,642.3,104.2,59.3,824.8,notify_listener@25/0-worker,work_queue::do_work get_work@24/?-work_queue,1042.3,824.8,122.7,262.2,1028.3
2034,137090428886373,1219.4,265.6,827.9,125.9,69.7,970.6,notify_listener@25/0-worker,work_queue::do_work get_work@24/?-work_queue,1217.9,970.6,202.5,217.3,1203.6
2035,137090434866231,480.9,159.9,292.5,28.5,9.9,444.4,assemble attention plan@24/?-work_queue,Prepare hardware matmul job@24/?-work_queue,479.3,363.9,120.3,127.0,464.4
2036,137090440043846,1218.4,633.5,453.8,131.2,99.4,595.3,kernel_add_rmsnorm_71@25/0-worker,prepare streams@25/0-worker,1216.4,1102.2,697.8,701.8,1202.8
2037,137090446020728,2337.9,992.2,953.4,392.3,133.3,2177.6,assemble attention plan@24/?-work_queue,Prepare hardware matmul job@24/?-work_queue,2336.1,1600.2,820.4,834.6,2321.6
2038,137090453091157,568.3,154.6,379.7,34.0,11.7,529.0,assemble attention plan@24/?-work_queue,Prepare hardware matmul job@24/?-work_queue,566.1,447.2,120.0,123.6,551.4
2039,137090458383435,594.9,162.7,407.7,24.5,10.1,557.8,assemble attention plan@24/?-work_queue,Prepare hardware matmul job@24/?-work_queue,592.3,479.6,165.6,170.1,577.4
2040,137090463696876,714.8,403.0,279.3,32.4,10.0,678.1,assemble attention plan@24/?-work_queue,Prepare hardware matmul job@24/?-work_queue,713.0,594.1,358.2,361.9,698.8
2041,137090469147856,500.9,184.6,285.6,30.6,12.4,461.2,assemble attention plan@24/?-work_queue,Prepare hardware matmul job@24/?-work_queue,498.5,374.5,136.7,140.2,484.8
2042,137090474382737,1700.1,736.4,774.1,189.6,74.9,1379.7,notify_listener@25/0-worker,work_queue::do_work get_work@24/?-work_queue,1698.5,1379.7,632.5,655.1,1685.0
2043,137090480817605,592.9,284.4,278.0,30.4,9.8,557.9,assemble attention plan@24/?-work_queue,Prepare hardware matmul job@24/?-work_queue,591.3,463.2,235.4,239.2,578.0
2044,137090486185973,1131.9,686.5,302.2,143.2,108.6,636.8,kernel_add_rmsnorm_71@25/0-worker,prepare streams@25/0-worker,1129.8,998.9,748.3,766.8,1115.9
2045,137090492055201,2045.8,951.9,843.9,250.1,125.8,828.2,kernel_add_rmsnorm_71@25/0-worker,prepare streams@25/0-worker,2044.3,1774.8,971.0,985.6,2029.2
2046,137090498886719,651.7,252.8,358.3,40.5,14.8,509.5,notify_listener@25/0-worker,work_queue::do_work get_work@24/?-work_queue,649.7,509.5,209.2,220.1,617.8
2047,137090504313479,1083.7,577.9,365.7,140.1,110.0,506.4,kernel_add_rmsnorm_71@25/0-worker,prepare streams@25/0-worker,1082.3,954.2,620.3,637.8,1055.3
2048,137090510191816,558.6,151.0,372.6,35.0,13.5,510.8,assemble attention plan@24/?-work_queue,Prepare hardware matmul job@24/?-work_queue,556.2,424.1,112.8,117.1,534.9
2049,137090515530549,508.1,168.9,310.6,28.6,11.7,456.8,assemble attention plan@24/?-work_queue,Prepare hardware matmul job@24/?-work_queue,506.7,372.5,131.5,136.7,484.3
2050,137090520769137,519.3,164.0,322.4,33.0,14.1,390.8,notify_listener@25/0-worker,work_queue::do_work get_work@24/?-work_queue,516.6,390.8,132.2,138.0,497.4
2051,137090526093172,477.1,144.3,302.7,30.2,11.1,434.6,assemble attention plan@24/?-work_queue,Prepare hardware matmul job@24/?-work_queue,475.2,354.5,112.4,121.6,454.9
2052,137090531333399,1772.6,680.6,809.0,282.9,131.4,1441.7,notify_listener@25/0-worker,work_queue::do_work get_work@24/?-work_queue,1770.7,1441.7,679.9,689.1,1748.4
2053,137090537867083,642.6,238.2,374.0,30.4,12.2,597.4,assemble attention plan@24/?-work_queue,Prepare hardware matmul job@24/?-work_queue,641.1,516.6,216.8,231.9,626.3
2054,137090543262786,1021.5,580.0,292.0,149.4,117.8,510.5,kernel_add_rmsnorm_71@25/0-worker,prepare streams@25/0-worker,1020.0,893.1,631.2,642.4,1005.0
2055,137090549111675,1024.5,149.3,841.4,33.9,11.0,987.2,assemble attention plan@24/?-work_queue,Prepare hardware matmul job@24/?-work_queue,1023.0,897.7,135.2,143.0,1009.2
2056,137090554880674,545.3,224.1,289.0,32.1,10.5,508.1,assemble attention plan@24/?-work_queue,Prepare hardware matmul job@24/?-work_queue,543.9,416.9,190.0,194.4,528.7
2057,137090560206985,929.0,197.2,697.8,34.1,10.7,805.9,notify_listener@25/0-worker,work_queue::do_work get_work@24/?-work_queue,927.2,805.9,133.1,169.3,912.5
2058,137090565870102,1232.1,262.5,848.2,121.4,74.7,958.2,notify_listener@25/0-worker,work_queue::do_work get_work@24/?-work_queue,1230.7,958.2,140.1,202.3,1216.2
2059,137090571866374,2129.4,897.3,817.4,414.7,139.0,1964.0,assemble attention plan@24/?-work_queue,Prepare hardware matmul job@24/?-work_queue,2127.5,1375.1,597.2,605.4,2114.3
2060,137090578802758,693.5,311.6,347.4,34.5,9.3,658.1,assemble attention plan@24/?-work_queue,Prepare hardware matmul job@24/?-work_queue,691.8,578.2,280.3,285.3,677.7
2061,137090584212338,1906.5,808.5,910.5,187.6,89.6,1686.5,notify_listener@25/0-worker,work_queue::do_work get_work@24/?-work_queue,1904.8,1686.5,816.5,822.6,1889.3
2062,137090590900854,691.3,227.5,434.9,28.9,11.0,655.3,assemble attention plan@24/?-work_queue,Prepare hardware matmul job@24/?-work_queue,689.6,573.6,319.1,323.8,676.5
2063,137090596320345,553.0,172.6,351.6,28.9,11.6,515.7,assemble attention plan@24/?-work_queue,Prepare hardware matmul job@24/?-work_queue,551.1,430.5,124.5,129.2,537.7
2064,137090601666141,810.6,432.0,342.3,36.2,15.6,767.3,assemble attention plan@24/?-work_queue,Prepare hardware matmul job@24/?-work_queue,808.0,684.5,372.6,378.7,794.0
2065,137090607236373,1095.2,595.4,350.9,148.9,113.9,537.2,kernel_add_rmsnorm_71@25/0-worker,prepare streams@25/0-worker,1093.6,972.1,654.2,664.2,1078.8
2066,137090613122243,480.4,163.6,283.8,32.9,11.2,442.1,assemble attention plan@24/?-work_queue,Prepare hardware matmul job@24/?-work_queue,478.4,358.0,127.6,131.5,463.7
2067,137090618351659,1055.0,566.3,349.9,138.8,106.8,519.1,kernel_add_rmsnorm_71@25/0-worker,prepare streams@25/0-worker,1053.1,936.2,628.7,640.4,1039.1
2068,137090624236322,469.0,156.2,284.1,28.7,10.3,432.4,assemble attention plan@24/?-work_queue,Prepare hardware matmul job@24/?-work_queue,467.5,350.6,124.6,130.5,452.7
2069,137090629444392,552.4,149.5,375.2,27.7,10.5,515.9,assemble attention plan@24/?-work_queue,Prepare hardware matmul job@24/?-work_queue,549.7,434.9,129.5,133.7,536.2
2070,137090634802020,567.6,209.5,328.9,29.1,10.7,531.7,assemble attention plan@24/?-work_queue,Prepare hardware matmul job@24/?-work_queue,565.9,446.4,132.0,135.5,552.6
2071,137090640082273,536.6,150.5,350.3,35.8,11.7,498.1,assemble attention plan@24/?-work_queue,Prepare hardware matmul job@24/?-work_queue,534.3,412.1,110.9,115.5,520.4
2072,137090645426507,776.0,153.8,590.8,31.5,11.0,739.0,assemble attention plan@24/?-work_queue,Prepare hardware matmul job@24/?-work_queue,775.9,652.6,120.1,133.9,760.3
2073,137090650972871,554.3,211.5,312.4,30.4,10.6,518.3,assemble attention plan@24/?-work_queue,Prepare hardware matmul job@24/?-work_queue,552.7,430.3,172.4,179.0,538.7
2074,137090656316599,1000.8,577.9,278.9,144.0,111.3,518.8,kernel_add_rmsnorm_71@25/0-worker,prepare streams@25/0-worker,998.5,875.9,633.4,639.0,984.4
2075,137090662068066,2320.8,1111.6,813.8,395.4,152.6,2142.5,assemble attention plan@24/?-work_queue,Prepare hardware matmul job@24/?-work_queue,2318.4,1585.4,814.4,829.8,2304.9
2076,137090669160255,1150.5,604.6,396.7,149.2,110.4,538.2,kernel_add_rmsnorm_71@25/0-worker,prepare streams@25/0-worker,1148.4,1016.4,652.0,656.3,1129.1
2077,137090675069608,470.9,153.3,290.8,26.7,10.8,427.5,assemble attention plan@24/?-work_queue,Prepare hardware matmul job@24/?-work_queue,469.0,347.5,122.6,130.0,448.2
2078,137090680321868,869.8,188.2,652.7,28.9,10.5,739.0,notify_listener@25/0-worker,work_queue::do_work get_work@24/?-work_queue,868.0,739.0,142.8,155.5,842.9
2079,137090685926695,493.4,156.4,308.6,28.4,9.6,450.3,assemble attention plan@24/?-work_queue,Prepare hardware matmul job@24/?-work_queue,491.2,365.9,125.3,130.4,470.9
2080,137090691202717,498.1,170.1,286.5,41.6,16.9,448.9,assemble attention plan@24/?-work_queue,Prepare hardware matmul job@24/?-work_queue,496.6,362.7,134.0,139.0,476.2
2081,137090696436979,484.2,161.4,294.1,28.7,11.6,437.0,assemble attention plan@24/?-work_queue,Prepare hardware matmul job@24/?-work_queue,482.2,357.6,127.1,130.6,459.6
2082,137090701699573,613.5,155.5,417.0,41.0,15.8,478.5,notify_listener@25/0-worker,work_queue::do_work get_work@24/?-work_queue,611.1,478.5,125.0,132.0,597.1
2083,137090707103969,577.1,158.9,378.3,39.9,13.6,445.1,notify_listener@25/0-worker,work_queue::do_work get_work@24/?-work_queue,575.0,445.1,131.6,136.7,560.2
2084,137090712466098,2628.9,957.8,529.5,1141.6,993.7,1022.8,notify_listener@25/0-worker,work_queue::do_work get_work@24/?-work_queue,2627.2,1022.8,576.9,581.3,2611.8
2085,137090719869361,1223.5,258.0,836.3,129.1,75.2,907.8,notify_listener@25/0-worker,work_queue::do_work get_work@24/?-work_queue,1221.9,907.8,129.5,140.7,1207.0
2086,137090725883369,1213.8,213.6,823.3,176.9,82.0,880.3,notify_listener@25/0-worker,work_queue::do_work get_work@24/?-work_queue,1210.8,880.3,125.6,136.1,1196.4
2087,137090731893820,1660.8,470.9,922.1,267.7,135.4,1499.9,assemble attention plan@24/?-work_queue,Prepare hardware matmul job@24/?-work_queue,1658.9,948.1,126.0,143.4,1645.4
2088,137090738374782,1718.7,666.0,874.5,178.2,89.1,1419.0,notify_listener@25/0-worker,work_queue::do_work get_work@24/?-work_queue,1717.1,1419.0,642.3,647.1,1703.7
2089,137090744884366,573.3,165.2,376.2,32.0,13.6,448.1,notify_listener@25/0-worker,work_queue::do_work get_work@24/?-work_queue,571.5,448.1,143.0,149.0,558.0
2090,137090750258995,1058.8,570.0,364.1,124.8,94.9,493.1,kernel_add_rmsnorm_71@25/0-worker,prepare streams@25/0-worker,1057.3,939.7,599.5,623.8,1043.5
2091,137090756141907,1173.1,640.7,384.9,147.4,115.8,587.8,kernel_add_rmsnorm_71@25/0-worker,prepare streams@25/0-worker,1171.3,1050.2,706.6,731.9,1157.8
2092,137090762105294,1167.7,691.6,334.1,142.0,114.1,643.7,kernel_add_rmsnorm_71@25/0-worker,prepare streams@25/0-worker,1165.4,1047.4,760.6,767.3,1150.1
2093,137090768072358,1211.3,630.3,439.7,141.3,107.3,583.3,kernel_add_rmsnorm_71@25/0-worker,prepare streams@25/0-worker,1209.8,1089.3,693.4,697.6,1196.6
2094,137090774077484,499.5,156.5,310.1,32.9,11.2,462.8,assemble attention plan@24/?-work_queue,Prepare hardware matmul job@24/?-work_queue,497.9,374.0,119.6,124.7,484.3
2095,137090779358388,570.5,147.5,385.8,37.2,13.9,444.3,notify_listener@25/0-worker,work_queue::do_work get_work@24/?-work_queue,568.6,444.3,122.1,125.9,554.6
2096,137090784716732,583.6,193.8,352.8,36.9,14.1,543.8,assemble attention plan@24/?-work_queue,Prepare hardware matmul job@24/?-work_queue,581.9,462.3,155.1,159.3,568.0
2097,137090790064282,1065.0,159.5,868.4,37.0,16.9,933.5,notify_listener@25/0-worker,work_queue::do_work get_work@24/?-work_queue,1062.9,933.5,131.4,162.2,1048.5
2098,137090795944832,558.5,162.0,365.0,31.5,12.0,522.1,assemble attention plan@24/?-work_queue,Prepare hardware matmul job@24/?-work_queue,556.6,436.7,122.0,127.4,543.4
2099,137090801276458,1124.3,634.7,350.3,139.4,106.4,571.0,kernel_add_rmsnorm_71@25/0-worker,prepare streams@25/0-worker,1121.7,997.4,680.6,729.9,1106.8
2100,137090807225857,557.5,173.2,356.3,27.9,10.3,520.8,assemble attention plan@24/?-work_queue,Prepare hardware matmul job@24/?-work_queue,555.3,436.4,136.4,140.6,540.7
2101,137090812521742,558.7,165.7,358.7,34.3,14.8,427.1,notify_listener@25/0-worker,work_queue::do_work get_work@24/?-work_queue,556.3,427.1,128.0,132.1,542.3
2102,137090817878340,547.6,155.5,361.6,30.5,9.2,511.8,assemble attention plan@24/?-work_queue,Prepare hardware matmul job@24/?-work_queue,545.5,431.8,119.0,127.6,531.6
2103,137090823208317,568.7,189.4,351.8,27.5,9.6,448.5,notify_listener@25/0-worker,work_queue::do_work get_work@24/?-work_queue,565.9,448.5,152.8,160.7,552.3
2104,137090828557839,909.6,493.2,386.0,30.4,10.7,872.1,assemble attention plan@24/?-work_queue,Prepare hardware matmul job@24/?-work_queue,907.8,792.2,484.7,497.0,893.0
2105,137090834273192,499.0,170.5,296.7,31.9,11.6,461.2,assemble attention plan@24/?-work_queue,Prepare hardware matmul job@24/?-work_queue,497.1,377.6,139.6,143.1,483.0
2106,137090839561029,559.2,180.1,351.5,27.6,10.0,522.6,assemble attention plan@24/?-work_queue,Prepare hardware matmul job@24/?-work_queue,557.7,411.9,111.6,115.8,543.2
2107,137090844920463,1221.5,320.7,753.1,147.7,113.8,272.4,kernel_add_rmsnorm_71@25/0-worker,prepare streams@25/0-worker,1218.8,1089.2,389.2,402.1,1202.1
2108,137090850959611,576.5,187.5,361.6,27.4,11.5,526.8,assemble attention plan@24/?-work_queue,Prepare hardware matmul job@24/?-work_queue,574.0,429.6,124.7,130.2,549.2
2109,137090856298712,1076.9,590.9,344.0,142.0,103.3,522.7,kernel_add_rmsnorm_71@25/0-worker,prepare streams@25/0-worker,1075.0,935.8,628.2,631.8,1049.3
2110,137090862185047,577.5,168.2,377.5,31.7,10.9,529.1,assemble attention plan@24/?-work_queue,Prepare hardware matmul job@24/?-work_queue,575.2,444.4,135.8,146.4,550.4
2111,137090867503185,491.5,154.2,306.8,30.5,13.7,355.2,notify_listener@25/0-worker,work_queue::do_work get_work@24/?-work_queue,489.3,355.2,126.5,130.2,462.6
2112,137090872793214,568.1,150.4,384.3,33.4,18.5,517.0,assemble attention plan@24/?-work_queue,Prepare hardware matmul job@24/?-work_queue,566.1,436.5,120.8,125.3,545.5
2113,137090878118457,502.2,155.2,310.4,36.7,15.0,367.8,notify_listener@25/0-worker,work_queue::do_work get_work@24/?-work_queue,499.5,367.8,124.8,129.3,484.4
2114,137090883440166,1004.7,598.5,366.6,39.6,10.7,958.3,assemble attention plan@24/?-work_queue,Prepare hardware matmul job@24/?-work_queue,1002.7,875.5,575.3,581.5,988.9
2115,137090889230843,552.1,165.1,352.1,35.0,13.3,414.9,notify_listener@25/0-worker,work_queue::do_work get_work@24/?-work_queue,550.4,414.9,109.6,113.6,536.6
2116,137090894638262,670.8,187.5,452.7,30.6,13.5,629.3,assemble attention plan@24/?-work_queue,Prepare hardware matmul job@24/?-work_queue,668.3,516.6,124.0,131.8,652.8
2117,137090900083636,562.4,154.0,378.0,30.3,13.0,432.5,notify_listener@25/0-worker,work_queue::do_work get_work@24/?-work_queue,560.7,432.5,124.8,129.2,546.7
2118,137090905493182,519.6,162.0,328.2,29.4,11.3,477.9,assemble attention plan@24/?-work_queue,Prepare hardware matmul job@24/?-work_queue,517.9,384.5,117.9,122.1,498.8
2119,137090910805609,569.8,176.2,363.0,30.6,11.8,432.2,notify_listener@25/0-worker,work_queue::do_work get_work@24/?-work_queue,567.7,432.2,127.6,131.8,554.1
2120,137090916183745,497.4,169.2,294.4,33.7,10.8,459.6,assemble attention plan@24/?-work_queue,Prepare hardware matmul job@24/?-work_queue,495.4,367.2,109.2,117.2,480.3
2121,137090921485254,489.7,144.2,311.8,33.8,12.3,365.5,notify_listener@25/0-worker,work_queue::do_work get_work@24/?-work_queue,487.8,365.5,119.4,127.2,475.0
2122,137090926807368,556.9,193.7,336.3,26.9,10.2,520.9,assemble attention plan@24/?-work_queue,Prepare hardware matmul job@24/?-work_queue,554.7,440.5,114.8,121.9,541.0
2123,137090932153895,1158.2,632.8,385.7,139.7,98.3,510.9,kernel_add_rmsnorm_71@25/0-worker,prepare streams@25/0-worker,1158.3,1026.0,629.2,687.1,1142.6
2124,137090938136623,559.1,161.9,369.0,28.2,10.2,522.1,assemble attention plan@24/?-work_queue,Prepare hardware matmul job@24/?-work_queue,557.5,438.3,129.5,135.1,542.6
2125,137090943528255,1597.2,606.9,803.8,186.4,109.3,529.9,kernel_add_rmsnorm_71@25/0-worker,prepare streams@25/0-worker,1595.6,1428.2,656.5,674.3,1581.0
2126,137090949930918,508.0,207.4,271.6,29.0,11.4,471.0,assemble attention plan@24/?-work_queue,Prepare hardware matmul job@24/?-work_queue,506.3,386.3,163.3,168.4,492.2
2127,137090955220743,914.9,152.4,727.3,35.2,13.6,789.7,notify_listener@25/0-worker,work_queue::do_work get_work@24/?-work_queue,913.4,789.7,120.3,126.0,899.1
2128,137090960981940,551.3,154.7,359.9,36.8,16.7,509.0,assemble attention plan@24/?-work_queue,Prepare hardware matmul job@24/?-work_queue,549.4,427.2,121.5,125.3,535.9
2129,137090966301823,532.5,165.3,333.7,33.5,13.6,407.7,notify_listener@25/0-worker,work_queue::do_work get_work@24/?-work_queue,529.4,407.7,135.2,146.2,516.3
2130,137090971666335,738.2,430.4,278.7,29.1,10.1,702.7,assemble attention plan@24/?-work_queue,Prepare hardware matmul job@24/?-work_queue,735.9,620.5,374.9,379.5,722.6
2131,137090977241019,1162.2,657.9,341.0,163.3,122.4,591.0,kernel_add_rmsnorm_71@25/0-worker,prepare streams@25/0-worker,1160.3,1033.2,716.5,721.5,1146.1
2132,137090983278856,581.9,198.7,352.8,30.5,10.1,543.8,assemble attention plan@24/?-work_queue,Prepare hardware matmul job@24/?-work_queue,580.4,456.1,151.3,155.4,564.7
2133,137090988636974,553.2,159.8,359.4,33.9,14.0,427.5,notify_listener@25/0-worker,work_queue::do_work get_work@24/?-work_queue,551.3,427.5,122.2,126.9,537.0
2134,137090994048728,1183.7,584.0,459.3,140.4,111.1,545.6,kernel_add_rmsnorm_71@25/0-worker,prepare streams@25/0-worker,1182.2,1061.9,658.6,663.4,1166.4
2135,137091000022862,468.7,175.9,258.6,34.2,13.1,344.0,notify_listener@25/0-worker,work_queue::do_work get_work@24/?-work_queue,466.8,344.0,125.0,129.3,452.4
2136,137091005317213,1111.3,624.0,345.1,142.3,113.3,565.0,kernel_add_rmsnorm_71@25/0-worker,prepare streams@25/0-worker,1109.3,989.1,681.3,705.5,1094.8
2137,137091011210820,938.4,189.3,711.9,37.2,15.8,801.2,notify_listener@25/0-worker,work_queue::do_work get_work@24/?-work_queue,936.4,801.2,143.2,148.3,915.7
2138,137091016936544,471.1,158.2,286.5,26.3,10.9,424.7,assemble attention plan@24/?-work_queue,Prepare hardware matmul job@24/?-work_queue,467.9,343.0,118.5,123.9,445.2
2139,137091022227481,556.7,160.6,365.9,30.2,13.2,426.9,notify_listener@25/0-worker,work_queue::do_work get_work@24/?-work_queue,555.1,426.9,124.4,130.5,535.1
2140,137091027604641,908.6,497.5,377.0,34.0,11.1,864.4,assemble attention plan@24/?-work_queue,Prepare hardware matmul job@24/?-work_queue,906.8,782.2,478.9,487.1,885.1
2141,137091033301347,519.5,153.9,328.4,37.3,14.7,384.3,notify_listener@25/0-worker,work_queue::do_work get_work@24/?-work_queue,517.4,384.3,122.0,134.9,497.4
2142,137091038636046,642.9,156.9,449.6,36.5,11.5,594.7,assemble attention plan@24/?-work_queue,Prepare hardware matmul job@24/?-work_queue,641.2,509.2,115.6,131.2,615.7
2143,137091044130814,599.1,171.1,397.0,31.0,12.2,467.9,notify_listener@25/0-worker,work_queue::do_work get_work@24/?-work_queue,596.9,467.9,150.4,165.0,582.0
2144,137091049557773,732.1,163.2,535.4,33.5,15.7,682.6,assemble attention plan@24/?-work_queue,Prepare hardware matmul job@24/?-work_queue,730.0,597.2,146.0,188.8,715.3
2145,137091055093596,505.0,165.7,303.9,35.5,15.3,367.7,notify_listener@25/0-worker,work_queue::do_work get_work@24/?-work_queue,503.5,367.7,126.5,131.1,489.6
2146,137091060456506,570.1,162.5,379.4,28.2,10.9,530.0,assemble attention plan@24/?-work_queue,Prepare hardware matmul job@24/?-work_queue,568.2,435.4,119.7,128.3,555.1
2147,137091065822938,569.7,163.3,366.7,39.7,19.0,439.2,notify_listener@25/0-worker,work_queue::do_work get_work@24/?-work_queue,568.2,439.2,128.6,134.1,553.7
2148,137091071204890,527.8,172.9,326.7,28.1,10.3,490.6,assemble attention plan@24/?-work_queue,Prepare hardware matmul job@24/?-work_queue,525.1,407.1,167.3,183.5,511.3
2149,137091076609952,475.3,160.0,284.8,30.5,12.1,346.3,notify_listener@25/0-worker,work_queue::do_work get_work@24/?-work_queue,472.2,346.3,122.2,127.1,457.3
2150,137091081906000,592.9,210.7,352.7,29.5,10.8,556.2,assemble attention plan@24/?-work_queue,Prepare hardware matmul job@24/?-work_queue,590.7,472.9,171.6,175.8,576.4
2151,137091087328277,865.1,191.0,635.7,38.5,14.9,733.2,notify_listener@25/0-worker,work_queue::do_work get_work@24/?-work_queue,863.0,733.2,138.6,144.0,848.8
2152,137091093009435,1247.3,665.5,438.8,143.0,114.9,635.7,kernel_add_rmsnorm_71@25/0-worker,prepare streams@25/0-worker,1245.6,1127.0,753.8,764.8,1229.8
2153,137091099102922,1197.8,621.8,426.1,149.9,109.3,589.5,kernel_add_rmsnorm_71@25/0-worker,prepare streams@25/0-worker,1196.3,1073.7,701.4,708.2,1182.5
2154,137091105127838,2259.4,940.0,929.3,390.2,153.7,2078.8,assemble attention plan@24/?-work_queue,Prepare hardware matmul job@24/?-work_queue,2257.3,1536.5,651.4,667.9,2242.5
2155,137091112232487,1189.1,700.0,343.0,146.2,116.6,619.8,kernel_add_rmsnorm_71@25/0-worker,prepare streams@25/0-worker,1187.1,1066.4,756.6,762.6,1172.6
2156,137091118345021,508.8,173.0,302.3,33.4,12.3,470.0,assemble attention plan@24/?-work_queue,Prepare hardware matmul job@24/?-work_queue,507.0,383.8,126.2,152.4,492.4
2157,137091123640691,834.4,449.1,354.6,30.7,11.3,795.4,assemble attention plan@24/?-work_queue,Prepare hardware matmul job@24/?-work_queue,832.3,708.6,394.8,400.2,817.6
2158,137091129393661,1707.2,632.8,818.8,255.6,122.0,1379.8,notify_listener@25/0-worker,work_queue::do_work get_work@24/?-work_queue,1705.5,1379.8,619.1,629.6,1690.4
2159,137091135973832,552.6,162.2,355.4,35.0,9.6,431.0,notify_listener@25/0-worker,work_queue::do_work get_work@24/?-work_queue,550.7,431.0,124.9,129.4,535.9
2160,137091141396263,1064.2,615.0,412.8,36.5,14.9,1023.3,assemble attention plan@24/?-work_queue,Prepare hardware matmul job@24/?-work_queue,1062.5,941.1,633.3,640.0,1048.2
2161,137091147297698,862.6,165.3,669.1,28.1,11.6,824.8,assemble attention plan@24/?-work_queue,Prepare hardware matmul job@24/?-work_queue,861.1,744.4,134.4,138.3,846.6
2162,137091153024051,1247.7,629.4,470.5,147.7,117.4,572.3,kernel_add_rmsnorm_71@25/0-worker,prepare streams@25/0-worker,1245.0,1129.5,692.9,702.8,1232.1
2163,137091159144672,478.5,160.5,288.0,30.0,11.3,440.1,assemble attention plan@24/?-work_queue,Prepare hardware matmul job@24/?-work_queue,476.1,357.2,118.0,122.6,462.1
2164,137091164478394,571.4,175.6,366.5,29.2,9.7,528.8,assemble attention plan@24/?-work_queue,Prepare hardware matmul job@24/?-work_queue,562.2,443.4,155.5,152.3,549.3
2165,137091169906207,500.2,169.4,304.3,26.4,9.9,457.5,assemble attention plan@24/?-work_queue,Prepare hardware matmul job@24/?-work_queue,498.3,371.5,128.5,132.8,477.7
2166,137091175280601,507.0,156.7,315.7,34.7,11.2,461.9,assemble attention plan@24/?-work_queue,Prepare hardware matmul job@24/?-work_queue,505.1,376.5,123.9,129.0,483.3
2167,137091180661840,814.6,434.2,352.8,27.6,10.5,771.1,assemble attention plan@24/?-work_queue,Prepare hardware matmul job@24/?-work_queue,813.1,683.2,375.1,380.3,793.1
2168,137091186395720,549.9,158.9,366.6,24.4,9.5,506.5,assemble attention plan@24/?-work_queue,Prepare hardware matmul job@24/?-work_queue,547.8,425.3,121.1,125.6,527.0
2169,137091191756441,1815.7,722.8,824.5,268.4,162.8,1615.2,assemble attention plan@24/?-work_queue,Prepare hardware matmul job@24/?-work_queue,1813.0,1035.2,294.1,299.9,1795.5
2170,137091198502250,491.0,166.3,296.7,28.0,10.7,446.0,assemble attention plan@24/?-work_queue,Prepare hardware matmul job@24/?-work_queue,488.6,358.5,125.6,130.3,474.7
2171,137091203818142,621.2,275.3,303.7,42.2,11.8,488.4,notify_listener@25/0-worker,work_queue::do_work get_work@24/?-work_queue,619.0,488.4,243.6,251.2,603.5
2172,137091209286982,893.7,191.0,672.4,30.3,10.6,855.6,assemble attention plan@24/?-work_queue,Prepare hardware matmul job@24/?-work_queue,891.5,767.1,159.9,211.6,877.3
2173,137091214990672,582.7,156.0,389.2,37.5,12.7,448.3,notify_listener@25/0-worker,work_queue::do_work get_work@24/?-work_queue,581.1,448.3,131.7,136.5,567.5
2174,137091220475492,1627.3,689.5,780.3,157.5,101.7,1271.8,notify_listener@25/0-worker,work_queue::do_work get_work@24/?-work_queue,1625.8,1271.8,540.5,546.2,1611.0
2175,137091226955576,512.8,178.4,306.1,28.3,11.0,476.8,assemble attention plan@24/?-work_queue,Prepare hardware matmul job@24/?-work_queue,511.2,393.8,152.2,167.9,498.4
2176,137091232295214,534.5,171.6,328.4,34.5,16.9,490.9,assemble attention plan@24/?-work_queue,Prepare hardware matmul job@24/?-work_queue,533.0,406.4,148.0,154.6,518.1
2177,137091237630377,572.0,164.1,380.3,27.6,10.5,534.8,assemble attention plan@24/?-work_queue,Prepare hardware matmul job@24/?-work_queue,570.3,447.8,131.9,136.3,555.6
2178,137091243039003,2133.7,916.8,800.7,416.2,184.9,1922.1,assemble attention plan@24/?-work_queue,Prepare hardware matmul job@24/?-work_queue,2131.1,1389.2,625.2,632.5,2117.3
2179,137091250004405,1123.1,180.3,912.9,29.8,11.5,1086.6,assemble attention plan@24/?-work_queue,Prepare hardware matmul job@24/?-work_queue,1121.5,1003.5,130.6,134.6,1107.8
2180,137091255944028,558.5,167.9,363.1,27.5,10.1,522.2,assemble attention plan@24/?-work_queue,Prepare hardware matmul job@24/?-work_queue,556.7,439.2,132.1,142.1,543.0
2181,137091261327786,532.9,156.8,345.5,30.6,11.2,494.3,assemble attention plan@24/?-work_queue,Prepare hardware matmul job@24/?-work_queue,530.7,406.9,111.3,117.1,516.2
2182,137091266677489,542.4,156.2,356.1,30.1,10.5,505.9,assemble attention plan@24/?-work_queue,Prepare hardware matmul job@24/?-work_queue,540.6,423.8,111.8,123.9,526.7
2183,137091272060201,506.7,159.3,322.1,25.3,10.5,470.7,assemble attention plan@24/?-work_queue,Prepare hardware matmul job@24/?-work_queue,504.8,389.7,148.0,159.8,491.4
2184,137091277392663,1019.8,544.5,437.1,38.2,33.2,587.8,kernel_add_rmsnorm_71@25/0-worker,prepare streams@25/0-worker,636.2,1019.8,623.5,636.2,
2185,137091279536027,650.4,412.3,11.7,226.4,181.4,441.2,assemble attention plan@24/?-work_queue,Prepare hardware matmul job@24/?-work_queue,648.4,,,,
2186,137091285043266,1308.1,785.8,377.5,144.7,115.3,670.0,kernel_add_rmsnorm_71@25/0-worker,prepare streams@25/0-worker,1306.0,1185.1,872.5,892.4,1290.6
2187,137091291177606,1132.8,571.7,430.7,130.4,95.4,523.4,kernel_add_rmsnorm_71@25/0-worker,prepare streams@25/0-worker,1130.1,1009.9,621.4,633.7,1116.1
2188,137091297176250,525.7,157.7,335.5,32.5,12.5,488.6,assemble attention plan@24/?-work_queue,Prepare hardware matmul job@24/?-work_queue,523.7,405.9,126.5,131.5,510.8
2189,137091302513562,711.4,172.4,507.3,31.6,11.0,673.5,assemble attention plan@24/?-work_queue,Prepare hardware matmul job@24/?-work_queue,709.1,587.5,147.5,151.8,694.6
2190,137091308044518,1201.1,618.9,442.2,140.0,106.9,561.3,kernel_add_rmsnorm_71@25/0-worker,prepare streams@25/0-worker,1198.7,1075.8,670.9,674.8,1185.3
2191,137091314060368,558.9,164.8,364.0,30.2,11.7,520.1,assemble attention plan@24/?-work_queue,Prepare hardware matmul job@24/?-work_queue,556.9,431.4,130.1,134.4,541.5
2192,137091319505581,2200.8,891.7,991.4,317.7,140.3,1455.6,notify_listener@25/0-worker,work_queue::do_work get_work@24/?-work_queue,2198.6,1455.6,527.7,542.5,2185.0
2193,137091326523788,1627.3,685.7,786.0,155.6,120.2,591.0,kernel_add_rmsnorm_71@25/0-worker,prepare streams@25/0-worker,1624.3,1484.6,713.4,719.7,1593.2
2194,137091332957574,515.2,178.9,307.1,29.2,11.5,470.1,assemble attention plan@24/?-work_queue,Prepare hardware matmul job@24/?-work_queue,513.3,384.1,161.0,168.1,492.1
2195,137091338295744,546.8,151.7,363.9,31.2,10.3,505.2,assemble attention plan@24/?-work_queue,Prepare hardware matmul job@24/?-work_queue,545.0,418.4,113.4,118.8,525.2
2196,137091343664058,599.6,159.8,410.0,29.8,10.3,555.2,assemble attention plan@24/?-work_queue,Prepare hardware matmul job@24/?-work_queue,598.0,472.2,117.2,123.4,575.8
2197,137091349140074,1146.7,579.7,433.2,133.8,103.8,516.8,kernel_add_rmsnorm_71@25/0-worker,prepare streams@25/0-worker,1144.0,1017.5,623.4,627.4,1123.2
2198,137091355128409,1010.3,159.3,824.1,27.0,11.1,964.9,assemble attention plan@24/?-work_queue,Prepare hardware matmul job@24/?-work_queue,1008.0,881.7,121.6,131.9,993.3
2199,137091360987979,559.6,172.1,359.4,28.0,9.7,514.7,assemble attention plan@24/?-work_queue,Prepare hardware matmul job@24/?-work_queue,557.5,431.5,130.9,136.5,543.6
2200,137091366402597,1695.0,678.9,814.0,202.1,80.7,527.1,kernel_add_rmsnorm_71@25/0-worker,prepare streams@25/0-worker,1693.2,1371.0,610.9,627.5,1679.2
2201,137091372945455,507.8,156.4,312.5,38.9,14.3,373.6,notify_listener@25/0-worker,work_queue::do_work get_work@24/?-work_queue,505.0,373.6,131.0,135.8,491.4
2202,137091378267486,496.7,147.8,316.4,32.5,10.3,461.5,assemble attention plan@24/?-work_queue,Prepare hardware matmul job@24/?-work_queue,495.0,370.3,119.5,124.3,482.2
2203,137091383593207,557.2,158.8,359.9,38.5,15.7,417.4,notify_listener@25/0-worker,work_queue::do_work get_work@24/?-work_queue,555.7,417.4,109.7,116.5,540.7
2204,137091389010944,554.2,152.3,359.5,42.3,13.0,432.4,work_queue::do_work get_work@24/?-work_queue,add_tokens@24/?-work_queue,552.6,423.2,112.6,118.4,539.0
2205,137091394393561,475.6,149.8,291.6,34.2,11.9,351.5,notify_listener@25/0-worker,work_queue::do_work get_work@24/?-work_queue,473.1,351.5,123.2,130.3,460.8
2206,137091399687729,708.8,411.4,270.2,27.2,10.3,672.9,assemble attention plan@24/?-work_queue,Prepare hardware matmul job@24/?-work_queue,706.6,588.8,356.8,368.8,693.4
2207,137091405248368,580.0,180.5,361.7,37.8,11.6,455.9,notify_listener@25/0-worker,work_queue::do_work get_work@24/?-work_queue,577.7,455.9,139.1,166.7,563.5
2208,137091410693558,606.5,167.0,410.5,29.0,11.5,568.0,assemble attention plan@24/?-work_queue,Prepare hardware matmul job@24/?-work_queue,604.7,481.7,121.4,140.3,590.4
2209,137091416150681,1195.7,682.5,363.3,149.9,107.3,639.8,kernel_add_rmsnorm_71@25/0-worker,prepare streams@25/0-worker,1194.2,1062.5,748.8,752.6,1179.6
2210,137091422137813,501.3,176.6,297.3,27.4,10.2,465.1,assemble attention plan@24/?-work_queue,Prepare hardware matmul job@24/?-work_queue,499.3,381.2,136.5,141.6,485.3
2211,137091427587274,554.1,161.0,356.9,36.2,14.5,425.8,notify_listener@25/0-worker,work_queue::do_work get_work@24/?-work_queue,551.6,425.8,122.2,126.5,537.7
2212,137091432973837,587.2,185.3,372.3,29.6,11.6,549.5,assemble attention plan@24/?-work_queue,Prepare hardware matmul job@24/?-work_queue,585.6,442.3,133.4,139.4,571.6
2213,137091438404724,506.8,160.2,311.8,34.8,12.6,468.0,assemble attention plan@24/?-work_queue,Prepare hardware matmul job@24/?-work_queue,505.2,380.3,130.1,135.0,491.0
2214,137091443720483,845.3,207.3,611.8,26.2,10.6,809.0,assemble attention plan@24/?-work_queue,Prepare hardware matmul job@24/?-work_queue,843.2,724.4,410.9,418.5,830.0
2215,137091449422494,1681.1,651.0,863.1,167.0,68.0,1396.6,notify_listener@25/0-worker,work_queue::do_work get_work@24/?-work_queue,1679.3,1396.6,593.2,599.9,1664.8
2216,137091455985718,501.5,176.3,296.1,29.1,10.7,464.3,assemble attention plan@24/?-work_queue,Prepare hardware matmul job@24/?-work_queue,499.3,376.5,135.3,141.0,485.5
2217,137091461345137,568.4,169.2,371.0,28.3,11.3,528.5,assemble attention plan@24/?-work_queue,Prepare hardware matmul job@24/?-work_queue,566.7,441.6,136.1,140.9,549.2
2218,137091466736782,569.4,169.0,371.9,28.5,11.8,530.3,assemble attention plan@24/?-work_queue,Prepare hardware matmul job@24/?-work_queue,567.3,444.5,137.1,144.2,552.9
2219,137091472167660,1210.3,611.2,430.1,168.9,114.3,649.9,kernel_add_rmsnorm_71@25/0-worker,prepare streams@25/0-worker,1202.6,1079.6,766.6,775.5,1188.1
2220,137091478243174,1053.7,559.5,352.5,141.7,106.1,491.1,kernel_add_rmsnorm_71@25/0-worker,prepare streams@25/0-worker,1051.8,900.4,600.1,607.8,1016.8
2221,137091484187308,1093.1,605.0,343.5,144.6,114.4,540.4,kernel_add_rmsnorm_71@25/0-worker,prepare streams@25/0-worker,1091.5,961.2,657.6,662.3,1068.5
2222,137091490147610,1000.9,160.9,801.9,38.0,18.9,859.5,notify_listener@25/0-worker,work_queue::do_work get_work@24/?-work_queue,998.5,859.5,133.8,138.2,977.0
2223,137091496008959,547.8,155.0,364.2,28.5,10.0,500.9,assemble attention plan@24/?-work_queue,Prepare hardware matmul job@24/?-work_queue,544.2,417.8,120.0,125.4,521.1
2224,137091501422511,566.0,152.5,379.1,34.4,12.0,431.0,notify_listener@25/0-worker,work_queue::do_work get_work@24/?-work_queue,564.4,431.0,114.8,119.0,540.7
2225,137091506802673,513.6,160.7,320.9,32.0,15.4,463.1,assemble attention plan@24/?-work_queue,Prepare hardware matmul job@24/?-work_queue,511.7,375.0,119.9,125.0,496.4
2226,137091512154818,1924.8,776.5,860.5,287.8,120.4,1478.4,notify_listener@25/0-worker,work_queue::do_work get_work@24/?-work_queue,1923.1,1478.4,692.3,709.7,1909.3
2227,137091519041422,492.9,153.0,312.4,27.5,10.3,366.4,notify_listener@25/0-worker,work_queue::do_work get_work@24/?-work_queue,491.0,366.4,123.1,127.6,476.5
2228,137091524444019,502.9,187.6,287.3,28.1,11.4,465.7,assemble attention plan@24/?-work_queue,Prepare hardware matmul job@24/?-work_queue,501.2,361.7,136.1,140.4,487.1
2229,137091529822758,521.5,165.6,326.4,29.4,10.8,485.0,assemble attention plan@24/?-work_queue,Prepare hardware matmul job@24/?-work_queue,519.8,393.3,149.1,170.0,505.7
2230,137091535162810,1165.7,613.7,400.7,151.3,118.7,667.3,kernel_add_rmsnorm_71@25/0-worker,prepare streams@25/0-worker,1164.2,1037.1,789.1,793.6,1149.8
2231,137091541227754,553.1,158.2,357.6,37.2,11.6,513.8,assemble attention plan@24/?-work_queue,Prepare hardware matmul job@24/?-work_queue,551.4,420.7,122.6,126.4,536.5
2232,137091546615323,1493.7,566.0,821.1,106.7,59.0,1235.5,notify_listener@25/0-worker,work_queue::do_work get_work@24/?-work_queue,1491.8,1235.5,426.4,479.5,1477.5
2233,137091552982669,482.1,156.2,292.6,33.3,13.9,356.3,notify_listener@25/0-worker,work_queue::do_work get_work@24/?-work_queue,480.5,356.3,114.0,136.3,466.4
2234,137091558321493,552.2,160.9,360.9,30.4,11.4,513.0,assemble attention plan@24/?-work_queue,Prepare hardware matmul job@24/?-work_queue,549.0,427.0,122.7,137.4,535.2
2235,137091563762934,564.0,187.5,339.2,37.4,14.1,432.7,notify_listener@25/0-worker,work_queue::do_work get_work@24/?-work_queue,561.8,432.7,151.4,202.2,547.2
2236,137091569202346,930.9,170.0,724.9,36.0,11.4,807.8,notify_listener@25/0-worker,work_queue::do_work get_work@24/?-work_queue,929.0,807.8,132.9,146.6,915.5
2237,137091575027247,570.3,165.0,375.1,30.2,11.6,446.2,notify_listener@25/0-worker,work_queue::do_work get_work@24/?-work_queue,568.4,446.2,132.2,136.1,554.8
2238,137091580403829,1682.8,737.1,766.0,179.6,89.1,1337.5,notify_listener@25/0-worker,work_queue::do_work get_work@24/?-work_queue,1680.9,1337.5,614.2,619.1,1666.5
2239,137091586993935,508.9,184.8,297.3,26.8,9.6,474.2,assemble attention plan@24/?-work_queue,Prepare hardware matmul job@24/?-work_queue,507.4,386.0,144.5,148.9,493.7
2240,137091592367071,811.8,163.5,616.2,32.1,9.9,775.5,assemble attention plan@24/?-work_queue,Prepare hardware matmul job@24/?-work_queue,811.6,688.5,121.2,130.3,795.8
2241,137091598042478,1194.5,581.2,456.9,156.4,123.4,513.7,kernel_add_rmsnorm_71@25/0-worker,prepare streams@25/0-worker,1192.7,1068.4,639.6,645.7,1179.3
2242,137091604059564,1246.7,584.2,517.1,145.5,116.9,753.7,kernel_add_rmsnorm_71@25/0-worker,prepare streams@25/0-worker,1245.0,1122.4,873.2,878.0,1229.7
2243,137091610162988,1164.7,640.5,390.6,133.6,107.7,626.1,kernel_add_rmsnorm_71@25/0-worker,prepare streams@25/0-worker,1163.1,1045.1,737.3,748.7,1149.3
2244,137091616332758,1788.7,648.4,819.3,321.0,169.6,1466.1,notify_listener@25/0-worker,work_queue::do_work get_work@24/?-work_queue,1786.6,1466.1,684.0,704.6,1772.1
2245,137091622982266,504.8,165.2,309.9,29.7,10.8,467.8,assemble attention plan@24/?-work_queue,Prepare hardware matmul job@24/?-work_queue,503.0,377.2,132.6,139.9,489.0
2246,137091628417448,561.3,162.2,369.0,30.1,12.0,437.4,notify_listener@25/0-worker,work_queue::do_work get_work@24/?-work_queue,558.9,437.4,132.2,139.0,545.2
2247,137091633829821,686.4,266.8,383.5,36.2,12.7,643.3,assemble attention plan@24/?-work_queue,Prepare hardware matmul job@24/?-work_queue,684.1,557.3,241.8,245.9,665.4
2248,137091639438535,558.8,165.3,359.8,33.7,15.4,413.1,notify_listener@25/0-worker,work_queue::do_work get_work@24/?-work_queue,556.6,413.1,111.7,116.8,523.6
2249,137091644841576,1369.1,632.9,595.9,140.3,109.2,607.8,kernel_add_rmsnorm_71@25/0-worker,prepare streams@25/0-worker,1366.3,1243.5,720.5,731.5,1346.8
2250,137091651047159,1228.6,646.5,429.8,152.2,123.1,590.8,kernel_add_rmsnorm_71@25/0-worker,prepare streams@25/0-worker,1226.4,1077.3,717.0,722.4,1187.4
2251,137091657117656,562.5,171.2,360.8,30.6,10.4,516.1,assemble attention plan@24/?-work_queue,Prepare hardware matmul job@24/?-work_queue,561.0,428.9,131.5,135.7,536.5
2252,137091662489252,564.6,171.3,362.5,30.8,11.1,518.4,assemble attention plan@24/?-work_queue,Prepare hardware matmul job@24/?-work_queue,562.8,424.8,118.4,136.3,539.8
2253,137091667936150,1711.6,620.2,829.0,262.4,134.3,1539.8,assemble attention plan@24/?-work_queue,Prepare hardware matmul job@24/?-work_queue,1709.0,883.3,121.9,126.0,1694.4
2254,137091674524251,719.0,163.9,530.9,24.1,9.1,676.8,assemble attention plan@24/?-work_queue,Prepare hardware matmul job@24/?-work_queue,716.4,595.8,133.8,140.0,702.7
2255,137091680241223,1062.1,634.3,284.9,142.8,107.3,571.4,kernel_add_rmsnorm_71@25/0-worker,prepare streams@25/0-worker,1060.0,920.2,681.5,708.7,1046.7
2256,137091686204039,485.7,163.5,292.8,29.3,10.8,448.9,assemble attention plan@24/?-work_queue,Prepare hardware matmul job@24/?-work_queue,483.6,351.7,123.2,128.6,469.6
2257,137091691541865,590.5,157.3,386.8,46.4,19.2,438.3,notify_listener@25/0-worker,work_queue::do_work get_work@24/?-work_queue,587.5,438.3,124.7,129.3,574.0
2258,137091696980520,547.3,166.4,350.2,30.8,11.4,510.2,assemble attention plan@24/?-work_queue,Prepare hardware matmul job@24/?-work_queue,545.0,422.7,120.5,145.9,531.8
2259,137091702345177,2167.0,999.8,748.3,418.9,156.3,1985.0,assemble attention plan@24/?-work_queue,Prepare hardware matmul job@24/?-work_queue,2165.5,1380.9,617.7,676.5,2151.2
2260,137091709438967,2095.8,974.8,819.5,301.5,153.5,1914.4,assemble attention plan@24/?-work_queue,Prepare hardware matmul job@24/?-work_queue,2093.3,1360.2,584.9,590.7,2078.4
2261,137091716416609,496.4,161.2,309.7,25.5,8.6,375.5,notify_listener@25/0-worker,work_queue::do_work get_work@24/?-work_queue,492.8,375.5,132.7,139.1,479.5
2262,137091721795021,493.8,162.0,304.1,27.7,11.1,456.8,assemble attention plan@24/?-work_queue,Prepare hardware matmul job@24/?-work_queue,492.1,371.4,115.0,118.9,477.7
2263,137091727147534,471.1,159.1,283.7,28.4,11.3,432.9,assemble attention plan@24/?-work_queue,Prepare hardware matmul job@24/?-work_queue,468.5,345.8,114.8,120.3,454.4
2264,137091732485234,479.0,163.5,284.9,30.6,11.3,442.6,assemble attention plan@24/?-work_queue,Prepare hardware matmul job@24/?-work_queue,476.6,353.4,120.5,124.3,463.6
2265,137091737825828,598.6,209.9,356.4,32.2,10.6,561.1,assemble attention plan@24/?-work_queue,Prepare hardware matmul job@24/?-work_queue,596.4,474.8,168.9,181.2,581.7
2266,137091743286074,1833.8,667.3,910.5,256.1,114.1,1592.5,notify_listener@25/0-worker,work_queue::do_work get_work@24/?-work_queue,1832.0,1592.5,729.8,743.0,1817.0
2267,137091749961473,1656.7,545.9,827.4,283.4,148.8,1481.5,assemble attention plan@24/?-work_queue,Prepare hardware matmul job@24/?-work_queue,1654.9,911.2,142.1,146.9,1639.7
2268,137091756480408,566.1,172.1,363.7,30.3,10.7,528.2,assemble attention plan@24/?-work_queue,Prepare hardware matmul job@24/?-work_queue,563.9,437.5,136.3,140.9,549.7
2269,137091761932872,555.8,156.9,363.6,35.2,11.5,425.5,notify_listener@25/0-worker,work_queue::do_work get_work@24/?-work_queue,553.4,425.5,120.1,127.2,539.0
2270,137091767347490,551.2,225.1,292.0,34.1,11.2,423.7,notify_listener@25/0-worker,work_queue::do_work get_work@24/?-work_queue,549.0,423.7,171.8,176.3,535.8
2271,137091772766740,747.5,315.8,404.6,27.1,9.8,711.1,assemble attention plan@24/?-work_queue,Prepare hardware matmul job@24/?-work_queue,744.9,627.5,319.4,323.4,730.7
2272,137091778382093,809.6,167.4,612.2,30.0,10.9,772.1,assemble attention plan@24/?-work_queue,Prepare hardware matmul job@24/?-work_queue,808.0,682.0,133.1,148.2,793.4
2273,137091784060545,469.3,152.8,282.3,34.1,14.9,429.2,assemble attention plan@24/?-work_queue,Prepare hardware matmul job@24/?-work_queue,467.8,344.3,108.8,112.1,454.1
2274,137091789397861,514.8,162.4,323.1,29.3,12.3,474.9,assemble attention plan@24/?-work_queue,Prepare hardware matmul job@24/?-work_queue,512.4,388.9,143.7,149.2,498.5
2275,137091794808880,501.2,164.1,303.8,33.3,11.7,459.9,assemble attention plan@24/?-work_queue,Prepare hardware matmul job@24/?-work_queue,499.5,370.4,128.5,135.5,481.9
2276,137091800183902,1212.4,624.1,450.7,137.6,106.9,670.7,kernel_add_rmsnorm_71@25/0-worker,prepare streams@25/0-worker,1210.7,1086.4,780.2,784.1,1191.8
2277,137091806260391,2128.6,960.5,754.5,413.6,152.7,1939.7,assemble attention plan@24/?-work_queue,Prepare hardware matmul job@24/?-work_queue,2126.5,1328.9,617.7,625.4,2102.7
2278,137091813274180,520.0,187.9,298.0,34.2,11.7,456.1,assemble attention plan@24/?-work_queue,Prepare hardware matmul job@24/?-work_queue,518.0,367.3,138.4,143.0,478.9
2279,137091818667173,484.7,159.8,295.2,29.7,10.8,437.9,assemble attention plan@24/?-work_queue,Prepare hardware matmul job@24/?-work_queue,482.5,349.9,117.6,121.5,459.3
2280,137091824115910,1200.6,657.0,381.4,162.1,129.0,552.3,kernel_add_rmsnorm_71@25/0-worker,prepare streams@25/0-worker,1199.0,1023.9,684.6,691.9,1156.3
2281,137091830199607,1095.8,592.2,361.3,142.3,112.3,526.8,kernel_add_rmsnorm_71@25/0-worker,prepare streams@25/0-worker,1093.8,959.7,641.8,653.3,1078.9
2282,137091836179440,1926.3,770.3,908.0,248.0,102.7,687.5,kernel_add_rmsnorm_71@25/0-worker,prepare streams@25/0-worker,1924.8,1572.0,793.2,805.4,1909.4
2283,137091843027691,505.9,158.7,311.8,35.4,12.3,456.8,assemble attention plan@24/?-work_queue,Prepare hardware matmul job@24/?-work_queue,503.4,370.3,113.0,117.7,488.4
2284,137091848420238,830.9,163.7,634.0,33.1,13.4,691.6,notify_listener@25/0-worker,work_queue::do_work get_work@24/?-work_queue,828.8,691.6,120.6,124.9,813.8
2285,137091854132863,595.0,58.8,535.1,1.1,0.5,15.9,Prepare hardware matmul job@24/?-work_queue,Launch hardware matmul job@24/?-work_queue,126.0,595.0,121.8,126.0,
2286,137091855851145,256.8,199.7,10.7,46.4,19.9,8.0,work_queue::do_work get_work@24/?-work_queue,add_tokens@24/?-work_queue,255.1,,,,
2287,137091860967562,489.8,168.0,291.5,30.3,9.8,356.8,notify_listener@25/0-worker,work_queue::do_work get_work@24/?-work_queue,488.3,356.8,126.4,137.5,474.6
2288,137091866341880,484.0,163.4,292.1,28.4,10.7,446.6,assemble attention plan@24/?-work_queue,Prepare hardware matmul job@24/?-work_queue,482.4,360.9,127.0,143.7,467.2
2289,137091871701186,1874.3,787.0,802.2,285.1,152.5,1694.7,assemble attention plan@24/?-work_queue,Prepare hardware matmul job@24/?-work_queue,1872.8,1096.5,349.1,372.1,1857.8
2290,137091878445199,572.1,164.7,372.3,35.0,16.6,522.2,assemble attention plan@24/?-work_queue,Prepare hardware matmul job@24/?-work_queue,569.5,434.6,133.5,138.4,549.6
2291,137091883885092,594.5,231.0,325.7,37.8,12.0,557.4,assemble attention plan@24/?-work_queue,Prepare hardware matmul job@24/?-work_queue,593.0,472.7,228.9,233.3,579.1
2292,137091889358553,568.2,155.7,382.3,30.2,11.0,444.8,notify_listener@25/0-worker,work_queue::do_work get_work@24/?-work_queue,566.5,444.8,119.7,125.4,553.5
2293,137091894828250,627.8,273.1,327.2,27.5,10.7,591.4,assemble attention plan@24/?-work_queue,Prepare hardware matmul job@24/?-work_queue,626.0,503.0,255.2,260.5,612.4
2294,137091900353977,512.1,158.1,321.1,32.9,10.7,475.8,assemble attention plan@24/?-work_queue,Prepare hardware matmul job@24/?-work_queue,510.4,390.0,123.0,127.1,496.7
2295,137091905729507,2158.5,947.7,835.1,375.8,145.5,1985.8,assemble attention plan@24/?-work_queue,Prepare hardware matmul job@24/?-work_queue,2156.7,1425.6,651.7,657.3,2141.5
2296,137091912805646,531.4,165.4,330.8,35.2,13.6,385.4,notify_listener@25/0-worker,work_queue::do_work get_work@24/?-work_queue,529.6,385.4,125.6,129.5,515.3
2297,137091918188566,504.3,165.2,310.9,28.2,10.6,467.4,assemble attention plan@24/?-work_queue,Prepare hardware matmul job@24/?-work_queue,502.5,381.3,134.8,141.9,488.3
2298,137091923580242,557.8,162.8,359.5,35.6,16.3,430.2,notify_listener@25/0-worker,work_queue::do_work get_work@24/?-work_queue,555.4,430.2,123.8,128.3,541.2
2299,137091929016774,1310.8,808.3,359.0,143.4,113.5,748.7,kernel_add_rmsnorm_71@25/0-worker,prepare streams@25/0-worker,1309.0,1184.4,865.0,870.4,1294.1
2300,137091935246407,562.6,157.6,364.7,40.2,15.7,425.8,notify_listener@25/0-worker,work_queue::do_work get_work@24/?-work_queue,559.3,425.8,122.7,127.4,544.9
2301,137091940662352,504.2,168.5,307.5,28.2,10.3,466.5,assemble attention plan@24/?-work_queue,Prepare hardware matmul job@24/?-work_queue,501.5,378.6,123.6,132.9,486.9
2302,137091946022314,480.5,156.5,288.8,35.1,12.7,355.8,notify_listener@25/0-worker,work_queue::do_work get_work@24/?-work_queue,478.4,355.8,130.7,141.2,465.1
2303,137091951356228,1115.5,641.8,443.3,30.3,11.5,1076.2,assemble attention plan@24/?-work_queue,Prepare hardware matmul job@24/?-work_queue,1113.3,988.6,683.3,688.2,1098.7
2304,137091957369760,828.3,171.2,621.0,36.0,12.5,702.9,notify_listener@25/0-worker,work_queue::do_work get_work@24/?-work_queue,826.6,702.9,135.8,140.5,811.7
2305,137091963093189,1204.1,713.7,337.3,153.1,118.0,664.2,kernel_add_rmsnorm_71@25/0-worker,prepare streams@25/0-worker,1202.5,1082.3,784.9,802.0,1189.0
2306,137091969178529,1145.0,595.9,393.7,155.4,110.7,552.1,kernel_add_rmsnorm_71@25/0-worker,prepare streams@25/0-worker,1139.5,1006.6,664.8,668.7,1124.8
2307,137091975166340,1626.6,504.1,839.2,283.3,167.5,1425.5,assemble attention plan@24/?-work_queue,Prepare hardware matmul job@24/?-work_queue,1625.0,913.8,154.2,158.2,1604.6
2308,137091981657352,686.1,207.7,450.2,28.1,10.0,601.0,assemble attention plan@24/?-work_queue,Prepare hardware matmul job@24/?-work_queue,683.6,514.1,117.4,124.4,620.7
2309,137091987200838,944.5,171.2,743.2,30.1,10.4,809.5,notify_listener@25/0-worker,work_queue::do_work get_work@24/?-work_queue,942.5,809.5,130.0,144.1,920.6
2310,137091993038127,1241.2,597.8,503.6,139.8,109.5,516.5,kernel_add_rmsnorm_71@25/0-worker,prepare streams@25/0-worker,1239.4,1104.7,627.7,632.4,1213.0
2311,137091999130158,1167.4,667.2,354.8,145.4,117.1,614.7,kernel_add_rmsnorm_71@25/0-worker,prepare streams@25/0-worker,1165.9,1023.8,734.2,744.7,1150.9
2312,137092005179558,1128.2,603.8,372.1,152.3,120.4,541.8,kernel_add_rmsnorm_71@25/0-worker,prepare streams@25/0-worker,1126.6,1000.2,758.5,676.0,1111.3
2313,137092011164953,574.3,170.8,374.2,29.2,12.1,528.4,assemble attention plan@24/?-work_queue,Prepare hardware matmul job@24/?-work_queue,572.7,441.7,134.3,138.2,558.0
2314,137092016653558,552.4,160.0,365.2,27.2,9.7,506.1,assemble attention plan@24/?-work_queue,Prepare hardware matmul job@24/?-work_queue,549.9,421.7,117.7,122.4,534.4
2315,137092022086756,481.7,158.5,291.1,32.1,12.2,348.5,notify_listener@25/0-worker,work_queue::do_work get_work@24/?-work_queue,480.1,348.5,116.6,121.7,465.1
2316,137092027467028,1642.9,659.0,865.9,118.0,50.9,1371.1,notify_listener@25/0-worker,work_queue::do_work get_work@24/?-work_queue,1641.2,1371.1,548.2,557.5,1627.4
2317,137092034090904,1164.8,610.1,416.4,138.4,103.6,517.5,kernel_add_rmsnorm_71@25/0-worker,prepare streams@25/0-worker,1163.2,1034.6,623.8,677.1,1148.9
2318,137092040162528,1098.5,610.4,350.0,138.0,110.1,501.0,kernel_add_rmsnorm_71@25/0-worker,prepare streams@25/0-worker,1097.0,978.4,614.2,669.5,1083.3
2319,137092046148200,513.3,164.2,317.7,31.5,13.0,385.4,notify_listener@25/0-worker,work_queue::do_work get_work@24/?-work_queue,511.4,385.4,129.6,137.6,497.9
2320,137092051575936,571.8,168.3,373.8,29.7,11.8,533.4,assemble attention plan@24/?-work_queue,Prepare hardware matmul job@24/?-work_queue,570.1,446.9,127.8,134.8,555.4
2321,137092057075457,1061.0,570.5,339.6,150.9,115.2,502.8,kernel_add_rmsnorm_71@25/0-worker,prepare streams@25/0-worker,1059.1,927.7,620.4,624.1,1045.6
2322,137092063023154,562.0,159.0,372.3,30.6,14.5,521.5,assemble attention plan@24/?-work_queue,Prepare hardware matmul job@24/?-work_queue,559.7,434.3,127.3,131.9,545.8
2323,137092068461606,491.9,159.9,298.3,33.6,13.9,362.3,notify_listener@25/0-worker,work_queue::do_work get_work@24/?-work_queue,489.7,362.3,126.5,130.5,475.5
2324,137092073849949,1273.7,312.4,836.4,124.9,102.5,1041.5,notify_listener@25/0-worker,work_queue::do_work get_work@24/?-work_queue,1272.1,1041.5,265.9,270.2,1257.9
2325,137092080069389,545.4,167.3,342.0,36.1,11.7,506.9,assemble attention plan@24/?-work_queue,Prepare hardware matmul job@24/?-work_queue,543.7,416.1,122.2,126.0,528.3
2326,137092085499418,568.0,175.6,362.5,29.9,10.9,531.0,assemble attention plan@24/?-work_queue,Prepare hardware matmul job@24/?-work_queue,566.2,441.5,134.6,138.6,552.0
2327,137092090949119,557.1,163.4,366.6,27.2,11.3,520.1,assemble attention plan@24/?-work_queue,Prepare hardware matmul job@24/?-work_queue,555.3,436.8,130.7,135.3,542.2
2328,137092096397850,2177.9,1042.5,801.9,333.5,156.1,1995.2,assemble attention plan@24/?-work_queue,Prepare hardware matmul job@24/?-work_queue,2175.3,1375.1,617.7,629.8,2161.4
2329,137092103554061,578.5,165.1,379.8,33.6,12.6,450.1,notify_listener@25/0-worker,work_queue::do_work get_work@24/?-work_queue,576.8,450.1,122.3,128.2,563.0
2330,137092109011464,1258.2,609.1,484.6,164.4,121.8,547.5,kernel_add_rmsnorm_71@25/0-worker,prepare streams@25/0-worker,1256.4,1124.4,672.5,679.6,1239.9
2331,137092115124870,1001.8,154.8,819.2,27.8,10.1,880.3,notify_listener@25/0-worker,work_queue::do_work get_work@24/?-work_queue,1000.1,880.3,123.3,135.4,986.5
2332,137092121032680,1085.1,154.3,827.8,103.1,83.3,891.3,notify_listener@25/0-worker,work_queue::do_work get_work@24/?-work_queue,1082.7,891.3,126.3,130.2,1069.7
2333,137092127047371,1260.9,785.2,323.8,151.9,118.5,712.9,kernel_add_rmsnorm_71@25/0-worker,prepare streams@25/0-worker,1255.1,1130.7,834.5,844.7,1240.3
2334,137092133170495,1141.6,570.5,436.0,135.1,107.1,555.6,kernel_add_rmsnorm_71@25/0-worker,prepare streams@25/0-worker,1139.5,1010.8,665.7,677.3,1117.8
2335,137092139307514,886.4,166.8,688.8,30.8,10.2,842.0,assemble attention plan@24/?-work_queue,Prepare hardware matmul job@24/?-work_queue,884.7,754.4,122.4,126.6,862.5
2336,137092145102102,1213.5,634.5,450.8,128.2,98.5,597.4,kernel_add_rmsnorm_71@25/0-worker,prepare streams@25/0-worker,1210.4,1079.1,707.8,718.4,1190.3
2337,137092151238249,930.1,164.8,731.2,34.0,12.6,791.4,notify_listener@25/0-worker,work_queue::do_work get_work@24/?-work_queue,928.5,791.4,123.9,130.8,903.0
2338,137092157081979,1163.4,571.0,440.4,152.0,116.1,497.8,kernel_add_rmsnorm_71@25/0-worker,prepare streams@25/0-worker,1160.9,1025.4,615.7,623.3,1139.2
2339,137092163159173,2274.6,1066.0,794.4,414.2,142.3,2076.4,assemble attention plan@24/?-work_queue,Prepare hardware matmul job@24/?-work_queue,2272.5,1458.2,714.1,722.3,2256.0
2340,137092170320095,857.2,160.5,666.9,29.8,11.2,811.7,assemble attention plan@24/?-work_queue,Prepare hardware matmul job@24/?-work_queue,855.5,726.2,115.2,134.2,839.8
2341,137092176085398,489.8,147.5,303.8,38.5,10.9,444.5,assemble attention plan@24/?-work_queue,Prepare hardware matmul job@24/?-work_queue,488.2,358.3,122.8,126.8,473.0
2342,137092181483645,746.7,162.0,551.5,33.2,12.3,608.3,notify_listener@25/0-worker,work_queue::do_work get_work@24/?-work_queue,744.0,608.3,129.0,135.1,729.7
2343,137092187132570,1176.1,617.9,416.8,141.4,108.2,544.0,kernel_add_rmsnorm_71@25/0-worker,prepare streams@25/0-worker,1174.7,1039.1,654.8,659.9,1160.5
2344,137092193210267,1920.3,591.9,1061.4,267.0,127.7,1668.0,notify_listener@25/0-worker,work_queue::do_work get_work@24/?-work_queue,1918.3,1668.0,783.0,807.5,1903.3
2345,137092200048047,1196.1,575.5,469.2,151.4,110.3,519.6,kernel_add_rmsnorm_71@25/0-worker,prepare streams@25/0-worker,1194.3,1056.7,633.1,653.8,1179.3
2346,137092206136344,493.9,164.7,299.5,29.8,11.0,456.7,assemble attention plan@24/?-work_queue,Prepare hardware matmul job@24/?-work_queue,492.2,366.5,134.6,141.2,477.8
2347,137092211528417,516.0,164.1,320.8,31.1,11.8,477.8,assemble attention plan@24/?-work_queue,Prepare hardware matmul job@24/?-work_queue,513.9,383.9,129.0,150.0,499.9
2348,137092216949808,504.5,196.4,276.6,31.5,10.7,467.5,assemble attention plan@24/?-work_queue,Prepare hardware matmul job@24/?-work_queue,502.6,379.9,153.5,173.3,488.3
2349,137092222372553,591.0,176.6,385.1,29.3,11.5,552.3,assemble attention plan@24/?-work_queue,Prepare hardware matmul job@24/?-work_queue,588.4,464.6,132.5,158.8,574.1
2350,137092227888358,621.1,224.3,369.5,27.3,9.2,585.3,assemble attention plan@24/?-work_queue,Prepare hardware matmul job@24/?-work_queue,618.2,503.2,195.8,200.1,604.4
2351,137092233388374,803.4,174.9,596.1,32.4,12.1,765.7,assemble attention plan@24/?-work_queue,Prepare hardware matmul job@24/?-work_queue,801.5,675.0,131.3,139.4,787.6
2352,137092239084638,1217.4,641.3,429.0,147.1,118.1,595.1,kernel_add_rmsnorm_71@25/0-worker,prepare streams@25/0-worker,1215.4,1095.1,716.6,727.3,1201.0
2353,137092245200208,1129.6,622.5,356.0,151.2,118.1,561.7,kernel_add_rmsnorm_71@25/0-worker,prepare streams@25/0-worker,1127.0,1001.8,682.7,687.3,1113.4
2354,137092251269520,554.4,159.5,356.7,38.2,15.2,510.9,assemble attention plan@24/?-work_queue,Prepare hardware matmul job@24/?-work_queue,552.0,420.4,115.1,119.6,537.0
2355,137092256755447,1363.3,359.9,844.0,159.4,112.1,1060.7,notify_listener@25/0-worker,work_queue::do_work get_work@24/?-work_queue,1361.3,1060.7,287.7,291.9,1347.2
2356,137092263033878,1190.3,571.2,473.2,145.8,113.8,505.0,kernel_add_rmsnorm_71@25/0-worker,prepare streams@25/0-worker,1188.3,1063.8,621.0,636.8,1174.3
2357,137092269124653,481.2,162.1,292.4,26.6,9.5,357.9,notify_listener@25/0-worker,work_queue::do_work get_work@24/?-work_queue,479.5,357.9,130.7,139.0,464.8
2358,137092274511453,561.2,161.9,364.9,34.5,11.3,523.3,assemble attention plan@24/?-work_queue,Prepare hardware matmul job@24/?-work_queue,559.4,431.3,123.1,127.5,545.3
2359,137092279984125,1133.7,167.9,859.5,106.4,72.1,906.6,notify_listener@25/0-worker,work_queue::do_work get_work@24/?-work_queue,1132.1,906.6,127.7,132.2,1118.2
2360,137092286035808,1266.5,731.8,387.9,146.8,113.0,672.4,kernel_add_rmsnorm_71@25/0-worker,prepare streams@25/0-worker,1264.4,1142.3,787.2,794.3,1250.1
2361,137092292210362,558.2,164.5,361.8,31.9,11.4,519.4,assemble attention plan@24/?-work_queue,Prepare hardware matmul job@24/?-work_queue,555.4,431.8,121.8,127.2,541.7
2362,137092297667329,631.4,224.1,382.7,24.6,9.3,594.8,assemble attention plan@24/?-work_queue,Prepare hardware matmul job@24/?-work_queue,629.5,511.6,112.8,123.0,614.9
2363,137092303180233,1122.9,625.2,345.5,152.3,117.4,568.7,kernel_add_rmsnorm_71@25/0-worker,prepare streams@25/0-worker,1120.6,995.4,689.2,694.2,1107.1
2364,137092309168443,512.5,182.5,301.5,28.6,10.0,476.2,assemble attention plan@24/?-work_queue,Prepare hardware matmul job@24/?-work_queue,509.7,370.4,127.4,135.1,496.6
2365,137092314617761,685.5,173.8,477.1,34.5,12.3,642.0,assemble attention plan@24/?-work_queue,Prepare hardware matmul job@24/?-work_queue,683.4,539.4,135.9,140.4,664.6
2366,137092320187626,558.6,162.6,368.6,27.4,10.8,516.2,assemble attention plan@24/?-work_queue,Prepare hardware matmul job@24/?-work_queue,554.7,425.5,116.4,120.6,536.6
2367,137092325618312,522.2,176.1,315.4,30.7,10.8,467.0,assemble attention plan@24/?-work_queue,Prepare hardware matmul job@24/?-work_queue,519.7,372.0,121.3,145.1,488.6
2368,137092331061929,566.1,168.1,364.1,34.0,11.7,521.5,assemble attention plan@24/?-work_queue,Prepare hardware matmul job@24/?-work_queue,564.3,430.4,127.3,159.8,543.4
2369,137092336546562,487.2,160.7,295.1,31.3,10.2,437.4,assemble attention plan@24/?-work_queue,Prepare hardware matmul job@24/?-work_queue,484.6,351.5,124.0,131.1,464.3
2370,137092342011625,570.9,154.6,375.2,41.1,16.5,522.4,assemble attention plan@24/?-work_queue,Prepare hardware matmul job@24/?-work_queue,568.7,431.0,119.4,126.9,554.0
2371,137092347443523,593.8,175.8,387.6,30.5,11.5,543.5,assemble attention plan@24/?-work_queue,Prepare hardware matmul job@24/?-work_queue,591.7,452.6,136.1,145.8,576.9
2372,137092352947386,480.3,168.7,281.9,29.8,10.1,346.4,notify_listener@25/0-worker,work_queue::do_work get_work@24/?-work_queue,477.8,346.4,123.0,136.6,462.4
2373,137092358358761,561.3,160.6,369.7,31.0,10.6,525.1,assemble attention plan@24/?-work_queue,Prepare hardware matmul job@24/?-work_queue,559.4,430.2,124.8,130.1,545.9
2374,137092363855796,580.3,190.4,357.7,32.2,12.7,416.9,notify_listener@25/0-worker,work_queue::do_work get_work@24/?-work_queue,578.6,416.9,116.4,119.9,564.7
2375,137092369338443,1103.7,688.4,373.1,42.2,13.3,1064.6,assemble attention plan@24/?-work_queue,Prepare hardware matmul job@24/?-work_queue,1101.4,969.9,704.8,710.0,1088.0
2376,137092375389997,567.3,160.7,373.2,33.4,10.6,531.4,assemble attention plan@24/?-work_queue,Prepare hardware matmul job@24/?-work_queue,565.8,441.5,137.1,141.0,551.8
2377,137092380865898,593.9,255.8,309.4,28.6,8.8,559.6,assemble attention plan@24/?-work_queue,Prepare hardware matmul job@24/?-work_queue,592.0,471.9,215.9,235.7,578.7
2378,137092386441311,583.0,179.7,372.2,31.1,10.8,540.7,assemble attention plan@24/?-work_queue,Prepare hardware matmul job@24/?-work_queue,580.9,438.1,124.6,128.4,566.2
2379,137092391901383,1677.3,558.1,838.9,280.3,169.1,1480.8,assemble attention plan@24/?-work_queue,Prepare hardware matmul job@24/?-work_queue,1674.4,892.7,113.8,131.1,1661.5
2380,137092398533631,525.4,168.2,320.9,36.4,17.8,388.5,notify_listener@25/0-worker,work_queue::do_work get_work@24/?-work_queue,523.8,388.5,136.8,143.5,509.9
2381,137092404016253,1274.7,589.2,537.8,147.6,112.7,627.4,kernel_add_rmsnorm_71@25/0-worker,prepare streams@25/0-worker,1272.6,1146.2,741.8,754.4,1258.1
2382,137092410204317,575.7,202.0,341.0,32.6,10.4,449.1,notify_listener@25/0-worker,work_queue::do_work get_work@24/?-work_queue,574.2,449.1,137.9,142.1,560.9
2383,137092415697486,783.9,400.2,347.3,36.3,10.7,747.3,assemble attention plan@24/?-work_queue,Prepare hardware matmul job@24/?-work_queue,782.2,658.5,349.0,355.0,768.1
2384,137092421410627,500.3,165.2,303.7,31.4,10.5,463.0,assemble attention plan@24/?-work_queue,Prepare hardware matmul job@24/?-work_queue,498.4,373.6,141.2,151.1,483.4
2385,137092426841890,549.3,167.6,352.2,29.5,11.4,511.1,assemble attention plan@24/?-work_queue,Prepare hardware matmul job@24/?-work_queue,547.7,422.6,117.2,121.8,532.8
2386,137092432319004,2344.0,674.8,1663.2,6.1,2.6,49.8,Prepare hardware matmul job@24/?-work_queue,Launch hardware matmul job@24/?-work_queue,727.0,2344.0,722.9,727.0,
2387,137092434738029,343.1,276.4,11.3,55.3,22.1,7.3,work_queue::do_work get_work@24/?-work_queue,add_tokens@24/?-work_queue,341.3,,,,
2388,137092440036108,1284.6,657.5,474.0,153.2,106.5,707.0,kernel_add_rmsnorm_71@25/0-worker,prepare streams@25/0-worker,1283.2,1155.2,815.3,829.7,1268.9
2389,137092446211155,552.9,153.9,369.8,29.2,10.5,517.1,assemble attention plan@24/?-work_queue,Prepare hardware matmul job@24/?-work_queue,551.3,427.1,126.8,131.4,537.6
2390,137092451692949,619.6,162.7,417.6,39.4,14.2,488.3,notify_listener@25/0-worker,work_queue::do_work get_work@24/?-work_queue,618.0,488.3,124.2,128.3,603.7
2391,137092457240157,507.9,182.0,295.0,30.9,10.4,378.9,notify_listener@25/0-worker,work_queue::do_work get_work@24/?-work_queue,505.8,378.9,134.6,143.6,491.6
2392,137092462669563,607.7,173.7,395.2,38.8,16.0,464.3,notify_listener@25/0-worker,work_queue::do_work get_work@24/?-work_queue,606.2,464.3,135.3,255.2,586.8
2393,137092468176928,479.1,160.0,290.0,29.2,10.4,437.1,assemble attention plan@24/?-work_queue,Prepare hardware matmul job@24/?-work_queue,477.5,347.2,118.0,129.8,457.0
2394,137092473619795,572.8,161.0,371.5,40.2,16.4,429.7,notify_listener@25/0-worker,work_queue::do_work get_work@24/?-work_queue,569.8,429.7,124.1,128.8,549.3
2395,137092479076392,498.7,151.2,308.9,38.7,11.5,438.9,assemble attention plan@24/?-work_queue,Prepare hardware matmul job@24/?-work_queue,496.4,351.3,110.7,114.7,460.7
2396,137092484501475,583.5,176.2,372.8,34.5,13.4,443.2,notify_listener@25/0-worker,work_queue::do_work get_work@24/?-work_queue,581.6,443.2,128.1,140.2,559.1
2397,137092489996440,555.4,161.1,364.0,30.2,11.9,509.7,assemble attention plan@24/?-work_queue,Prepare hardware matmul job@24/?-work_queue,553.5,420.6,114.7,119.3,531.6
2398,137092495490669,527.7,167.7,327.0,33.0,13.0,386.0,notify_listener@25/0-worker,work_queue::do_work get_work@24/?-work_queue,525.7,386.0,134.8,139.5,506.8
2399,137092500916539,589.3,213.1,344.0,32.2,11.5,543.0,assemble attention plan@24/?-work_queue,Prepare hardware matmul job@24/?-work_queue,586.9,455.1,184.8,191.4,573.0
2400,137092506382457,583.3,187.4,362.2,33.7,13.3,444.4,notify_listener@25/0-worker,work_queue::do_work get_work@24/?-work_queue,581.7,444.4,133.7,139.5,565.9
2401,137092511927672,564.3,208.8,322.2,33.3,11.8,525.1,assemble attention plan@24/?-work_queue,Prepare hardware matmul job@24/?-work_queue,562.1,428.2,174.0,179.6,547.5
2402,137092517461453,572.9,163.4,370.9,38.6,15.0,531.1,assemble attention plan@24/?-work_queue,Prepare hardware matmul job@24/?-work_queue,571.4,428.4,118.2,122.1,557.4
2403,137092522949514,562.5,166.8,354.5,41.1,17.3,519.9,assemble attention plan@24/?-work_queue,Prepare hardware matmul job@24/?-work_queue,561.0,433.6,128.6,148.4,547.9
2404,137092528436690,481.9,166.6,283.1,32.2,13.0,352.8,notify_listener@25/0-worker,work_queue::do_work get_work@24/?-work_queue,479.3,352.8,118.6,141.5,465.8
2405,137092533854012,581.6,268.7,280.7,32.2,10.7,544.4,assemble attention plan@24/?-work_queue,Prepare hardware matmul job@24/?-work_queue,579.5,455.2,221.9,237.0,565.3
2406,137092539441590,490.1,160.1,294.2,35.9,13.2,362.0,notify_listener@25/0-worker,work_queue::do_work get_work@24/?-work_queue,488.3,362.0,116.1,127.8,474.7
2407,137092544854758,479.3,170.7,276.4,32.2,11.4,443.0,assemble attention plan@24/?-work_queue,Prepare hardware matmul job@24/?-work_queue,477.3,356.1,131.8,140.6,464.5
2408,137092550304506,575.8,168.0,369.8,38.0,17.4,443.3,notify_listener@25/0-worker,work_queue::do_work get_work@24/?-work_queue,574.1,443.3,132.9,140.6,559.7
2409,137092555814660,571.8,175.8,363.9,32.2,12.6,532.3,assemble attention plan@24/?-work_queue,Prepare hardware matmul job@24/?-work_queue,568.6,443.6,127.9,132.9,555.0
2410,137092561330191,573.0,178.8,358.2,36.0,15.2,440.8,notify_listener@25/0-worker,work_queue::do_work get_work@24/?-work_queue,570.7,440.8,139.5,145.1,557.2
2411,137092566849215,560.1,158.5,373.2,28.3,9.4,523.3,assemble attention plan@24/?-work_queue,Prepare hardware matmul job@24/?-work_queue,558.4,434.7,124.0,130.6,543.4
2412,137092572313181,1745.4,504.7,911.9,328.9,167.3,1551.7,assemble attention plan@24/?-work_queue,Prepare hardware matmul job@24/?-work_queue,1742.9,975.6,118.5,123.7,1729.9
2413,137092578979878,525.0,179.6,319.3,26.2,10.2,487.9,assemble attention plan@24/?-work_queue,Prepare hardware matmul job@24/?-work_queue,522.4,403.4,148.0,152.0,508.0
2414,137092584430789,561.6,165.7,363.8,32.1,11.9,435.7,notify_listener@25/0-worker,work_queue::do_work get_work@24/?-work_queue,559.8,435.7,127.9,136.1,545.6
2415,137092589913969,1708.4,547.8,860.5,300.0,174.2,1508.2,assemble attention plan@24/?-work_queue,Prepare hardware matmul job@24/?-work_queue,1706.9,932.2,144.9,149.2,1693.3
2416,137092596600425,646.0,159.2,455.7,31.0,11.1,608.3,assemble attention plan@24/?-work_queue,Prepare hardware matmul job@24/?-work_queue,643.2,516.4,135.0,141.8,629.7
2417,137092602151028,996.0,187.3,778.3,30.4,11.9,951.1,assemble attention plan@24/?-work_queue,Prepare hardware matmul job@24/?-work_queue,993.4,860.3,147.9,152.6,973.3
2418,137092608117008,504.2,162.7,313.0,28.5,11.4,460.7,assemble attention plan@24/?-work_queue,Prepare hardware matmul job@24/?-work_queue,503.7,371.2,129.7,133.5,483.1
2419,137092613538050,570.3,171.4,362.9,35.9,15.5,520.5,assemble attention plan@24/?-work_queue,Prepare hardware matmul job@24/?-work_queue,568.4,420.1,121.2,126.3,546.3
2420,137092619025681,581.7,175.4,374.2,32.1,11.0,533.8,assemble attention plan@24/?-work_queue,Prepare hardware matmul job@24/?-work_queue,579.8,444.9,138.0,144.7,555.2
2421,137092624558103,929.8,539.4,353.0,37.3,15.0,788.5,notify_listener@25/0-worker,work_queue::do_work get_work@24/?-work_queue,927.7,788.5,479.9,485.4,904.1
2422,137092630493880,529.6,163.2,337.5,28.9,11.0,480.2,assemble attention plan@24/?-work_queue,Prepare hardware matmul job@24/?-work_queue,528.0,392.7,136.7,140.3,512.5
2423,137092635978702,517.8,177.9,303.9,36.1,16.1,377.2,notify_listener@25/0-worker,work_queue::do_work get_work@24/?-work_queue,515.1,377.2,130.6,143.8,501.9
2424,137092641439521,807.4,158.0,332.0,317.4,286.2,384.2,notify_listener@25/0-worker,work_queue::do_work get_work@24/?-work_queue,804.6,384.2,112.1,116.1,791.1
2425,137092647152103,1140.2,639.6,353.9,146.6,112.0,584.1,kernel_add_rmsnorm_71@25/0-worker,prepare streams@25/0-worker,1137.4,997.2,698.8,714.9,1121.7
2426,137092653229854,1117.6,662.0,309.6,146.0,108.1,617.6,kernel_add_rmsnorm_71@25/0-worker,prepare streams@25/0-worker,1116.2,979.5,728.2,731.6,1102.4
2427,137092659279988,1084.5,616.6,328.1,139.7,107.8,532.9,kernel_add_rmsnorm_71@25/0-worker,prepare streams@25/0-worker,1082.3,952.4,643.2,676.0,1068.1
2428,137092665326415,549.4,168.5,352.2,28.8,10.4,512.0,assemble attention plan@24/?-work_queue,Prepare hardware matmul job@24/?-work_queue,546.5,421.2,119.1,130.3,533.0
2429,137092670849582,564.5,161.7,369.4,33.4,14.0,433.4,notify_listener@25/0-worker,work_queue::do_work get_work@24/?-work_queue,561.7,433.4,120.9,126.5,548.4
2430,137092676433321,508.1,178.8,300.0,29.4,10.0,472.1,assemble attention plan@24/?-work_queue,Prepare hardware matmul job@24/?-work_queue,506.6,381.2,134.2,141.1,492.6
2431,137092681870535,628.9,232.7,358.9,37.4,15.4,495.3,notify_listener@25/0-worker,work_queue::do_work get_work@24/?-work_queue,626.5,495.3,195.5,199.4,612.6
2432,137092687434573,555.0,163.5,361.8,29.6,11.2,516.5,assemble attention plan@24/?-work_queue,Prepare hardware matmul job@24/?-work_queue,551.9,424.0,118.6,124.8,537.6
2433,137092692893504,561.5,234.0,293.6,34.0,14.2,431.9,notify_listener@25/0-worker,work_queue::do_work get_work@24/?-work_queue,559.7,431.9,188.2,197.2,546.1
2434,137092698395225,526.5,168.0,331.3,27.2,10.9,489.8,assemble attention plan@24/?-work_queue,Prepare hardware matmul job@24/?-work_queue,524.9,403.1,121.9,128.1,511.8
2435,137092703821165,579.4,167.0,367.4,45.0,16.5,535.2,assemble attention plan@24/?-work_queue,Prepare hardware matmul job@24/?-work_queue,577.1,437.7,124.2,127.8,562.6
2436,137092709358135,560.5,198.3,330.1,32.1,11.7,422.0,notify_listener@25/0-worker,work_queue::do_work get_work@24/?-work_queue,558.8,422.0,159.3,175.7,543.4
2437,137092714870829,572.5,251.1,286.9,34.5,12.8,441.3,notify_listener@25/0-worker,work_queue::do_work get_work@24/?-work_queue,570.5,441.3,192.2,196.9,557.4
2438,137092720377317,518.1,190.4,293.9,33.7,9.9,483.1,assemble attention plan@24/?-work_queue,Prepare hardware matmul job@24/?-work_queue,516.6,392.3,142.1,149.3,503.4
2439,137092725809334,682.3,286.7,357.9,37.7,15.4,547.2,notify_listener@25/0-worker,work_queue::do_work get_work@24/?-work_queue,678.8,547.2,251.8,255.8,664.7
2440,137092731443595,491.6,168.6,293.5,29.5,9.9,454.4,assemble attention plan@24/?-work_queue,Prepare hardware matmul job@24/?-work_queue,489.2,364.5,136.1,141.3,474.8
2441,137092736897506,1208.5,222.7,822.0,163.9,118.9,882.7,notify_listener@25/0-worker,work_queue::do_work get_work@24/?-work_queue,1206.5,882.7,125.4,139.7,1184.7
2442,137092743053041,1234.5,609.2,479.3,146.1,114.4,550.4,kernel_add_rmsnorm_71@25/0-worker,prepare streams@25/0-worker,1232.1,1098.6,667.4,671.4,1210.8
2443,137092749202302,1076.7,596.8,343.2,136.7,108.9,548.8,kernel_add_rmsnorm_71@25/0-worker,prepare streams@25/0-worker,1075.3,947.0,659.9,668.7,1052.8
2444,137092755211133,586.8,188.7,367.8,30.3,10.8,515.2,assemble attention plan@24/?-work_queue,Prepare hardware matmul job@24/?-work_queue,584.7,424.0,110.7,118.0,536.7
2445,137092760684849,1463.9,440.1,887.1,136.7,83.1,1193.0,notify_listener@25/0-worker,work_queue::do_work get_work@24/?-work_queue,1462.4,1193.0,354.7,361.9,1439.4
2446,137092767120453,576.1,169.0,366.5,40.6,16.9,422.1,notify_listener@25/0-worker,work_queue::do_work get_work@24/?-work_queue,574.0,422.1,116.0,119.7,551.7
2447,137092772613211,568.9,154.6,382.7,31.5,11.6,523.3,assemble attention plan@24/?-work_queue,Prepare hardware matmul job@24/?-work_queue,566.4,433.0,118.4,123.1,545.5
2448,137092778108462,1040.5,165.7,841.7,33.1,14.3,895.7,notify_listener@25/0-worker,work_queue::do_work get_work@24/?-work_queue,1038.6,895.7,121.2,133.6,1012.6
2449,137092784071956,1181.5,614.0,428.7,138.9,109.8,547.9,kernel_add_rmsnorm_71@25/0-worker,prepare streams@25/0-worker,1180.1,1045.2,660.5,676.7,1164.4
2450,137092790213309,588.3,201.1,354.6,32.6,12.9,440.9,notify_listener@25/0-worker,work_queue::do_work get_work@24/?-work_queue,586.4,440.9,127.5,131.9,572.9
2451,137092795740139,684.8,372.8,274.1,37.9,14.6,644.7,assemble attention plan@24/?-work_queue,Prepare hardware matmul job@24/?-work_queue,683.2,541.1,303.1,307.7,669.9
2452,137092801387157,1733.8,673.9,808.1,251.8,120.0,1393.8,notify_listener@25/0-worker,work_queue::do_work get_work@24/?-work_queue,1732.2,1393.8,638.1,645.6,1718.7
2453,137092808061526,1252.6,631.5,480.9,140.1,111.7,610.6,kernel_add_rmsnorm_71@25/0-worker,prepare streams@25/0-worker,1249.9,1117.7,725.3,742.7,1236.3
2454,137092814293033,891.5,163.0,698.0,30.5,11.0,853.9,assemble attention plan@24/?-work_queue,Prepare hardware matmul job@24/?-work_queue,890.0,755.4,114.0,118.2,875.2
2455,137092820103020,552.4,163.0,361.4,28.0,10.3,516.3,assemble attention plan@24/?-work_queue,Prepare hardware matmul job@24/?-work_queue,550.5,427.7,113.8,132.3,536.9
2456,137092825604928,801.3,511.9,253.3,36.1,10.8,763.5,assemble attention plan@24/?-work_queue,Prepare hardware matmul job@24/?-work_queue,798.8,671.1,429.7,467.1,784.5
2457,137092831420013,988.0,580.2,363.8,44.1,13.0,856.9,notify_listener@25/0-worker,work_queue::do_work get_work@24/?-work_queue,986.3,856.9,597.0,610.1,972.0
2458,137092837396768,518.6,182.1,306.8,29.7,10.9,388.1,notify_listener@25/0-worker,work_queue::do_work get_work@24/?-work_queue,517.1,388.1,136.6,148.6,503.1
2459,137092842795588,533.2,185.8,311.7,35.8,15.3,399.9,notify_listener@25/0-worker,work_queue::do_work get_work@24/?-work_queue,531.6,399.9,140.8,145.2,516.8
2460,137092848235750,932.5,178.9,726.1,27.4,11.1,894.2,assemble attention plan@24/?-work_queue,Prepare hardware matmul job@24/?-work_queue,932.6,805.5,139.1,155.9,916.6
2461,137092854088793,493.0,161.2,299.3,32.4,12.2,362.9,notify_listener@25/0-worker,work_queue::do_work get_work@24/?-work_queue,491.2,362.9,122.4,128.1,477.3
2462,137092859532066,701.9,166.3,509.0,26.6,10.9,663.9,assemble attention plan@24/?-work_queue,Prepare hardware matmul job@24/?-work_queue,700.1,577.5,129.5,135.7,685.0
2463,137092865126957,1011.8,171.8,806.5,33.6,16.3,882.2,notify_listener@25/0-worker,work_queue::do_work get_work@24/?-work_queue,1010.3,882.2,151.3,155.5,996.5
2464,137092871107777,1143.9,585.5,420.1,138.3,105.7,540.9,kernel_add_rmsnorm_71@25/0-worker,prepare streams@25/0-worker,1142.2,1019.2,649.2,662.1,1127.7
2465,137092877220805,557.1,166.6,357.6,32.9,12.8,424.4,notify_listener@25/0-worker,work_queue::do_work get_work@24/?-work_queue,555.5,424.4,125.0,129.2,540.1
2466,137092882741379,739.8,361.6,349.2,29.0,12.4,701.0,assemble attention plan@24/?-work_queue,Prepare hardware matmul job@24/?-work_queue,737.8,613.2,305.9,312.3,723.7
2467,137092888431481,582.1,171.5,369.1,41.5,17.1,438.6,notify_listener@25/0-worker,work_queue::do_work get_work@24/?-work_queue,580.4,438.6,123.9,128.9,562.4
2468,137092893927860,495.8,165.7,297.7,32.5,13.0,456.4,assemble attention plan@24/?-work_queue,Prepare hardware matmul job@24/?-work_queue,493.9,365.3,124.3,132.7,479.9
2469,137092899379299,1092.7,699.4,354.7,38.6,13.6,961.3,notify_listener@25/0-worker,work_queue::do_work get_work@24/?-work_queue,1090.7,961.3,658.0,662.5,1076.8
2470,137092905446932,979.4,503.2,385.8,90.4,38.2,145.3,kernel_add_rmsnorm_70@25/0-worker,Prepare hardware matmul job@24/?-work_queue,971.4,850.2,595.1,600.2,958.2
2471,137092911383752,569.8,167.9,362.3,39.6,15.4,430.3,notify_listener@25/0-worker,work_queue::do_work get_work@24/?-work_queue,567.6,430.3,124.5,128.9,544.8
2472,137092916890601,635.4,243.1,364.9,27.4,11.3,591.3,assemble attention plan@24/?-work_queue,Prepare hardware matmul job@24/?-work_queue,633.2,506.2,195.0,201.0,612.2
2473,137092922447139,502.5,165.4,303.8,33.3,14.6,363.8,notify_listener@25/0-worker,work_queue::do_work get_work@24/?-work_queue,500.1,363.8,118.8,123.4,477.7
2474,137092927897939,612.1,225.5,353.7,33.0,10.7,564.9,assemble attention plan@24/?-work_queue,Prepare hardware matmul job@24/?-work_queue,609.5,477.6,181.4,186.2,586.1
2475,137092933484134,492.9,168.6,289.4,34.9,14.6,351.9,notify_listener@25/0-worker,work_queue::do_work get_work@24/?-work_queue,489.7,351.9,123.3,127.3,474.5
2476,137092938881831,582.9,234.1,316.9,31.9,11.3,536.3,assemble attention plan@24/?-work_queue,Prepare hardware matmul job@24/?-work_queue,580.4,445.2,198.2,203.1,566.2
2477,137092944421688,953.7,603.7,306.9,43.1,13.3,816.8,notify_listener@25/0-worker,work_queue::do_work get_work@24/?-work_queue,951.9,816.8,595.2,600.2,938.1
2478,137092950341667,1008.8,580.2,279.9,148.7,120.9,511.4,kernel_add_rmsnorm_71@25/0-worker,prepare streams@25/0-worker,1006.6,873.4,635.1,639.8,993.5
2479,137092956294499,568.0,155.8,369.0,43.3,13.8,430.4,notify_listener@25/0-worker,work_queue::do_work get_work@24/?-work_queue,568.0,430.4,129.4,135.2,564.0
2480,137092961793308,575.1,164.2,379.2,31.7,11.4,538.1,assemble attention plan@24/?-work_queue,Prepare hardware matmul job@24/?-work_queue,572.5,437.9,120.6,124.0,559.7
2481,137092967341980,2354.8,1045.6,956.4,352.8,155.5,2172.6,assemble attention plan@24/?-work_queue,Prepare hardware matmul job@24/?-work_queue,2352.9,1509.3,673.7,689.5,2338.1
2482,137092974674542,520.0,161.4,329.1,29.4,11.0,482.2,assemble attention plan@24/?-work_queue,Prepare hardware matmul job@24/?-work_queue,518.1,390.9,137.4,158.7,503.5
2483,137092980138516,492.3,165.9,292.1,34.2,14.8,450.9,assemble attention plan@24/?-work_queue,Prepare hardware matmul job@24/?-work_queue,490.0,360.8,123.0,133.0,476.1
2484,137092985593592,605.9,163.9,408.9,33.1,11.6,566.5,assemble attention plan@24/?-work_queue,Prepare hardware matmul job@24/?-work_queue,603.8,475.0,119.7,136.8,588.4
2485,137092991130833,1032.9,613.8,268.0,151.1,115.2,553.0,kernel_add_rmsnorm_71@25/0-worker,prepare streams@25/0-worker,1031.1,904.2,671.1,677.5,1016.6
2486,137092997126938,1194.8,571.5,466.1,157.2,118.1,565.9,kernel_add_rmsnorm_71@25/0-worker,prepare streams@25/0-worker,1192.9,1062.2,686.6,702.6,1178.8
2487,137093003235627,1100.5,632.3,326.3,141.9,111.8,618.5,kernel_add_rmsnorm_71@25/0-worker,prepare streams@25/0-worker,1098.3,973.8,733.2,747.5,1084.8
2488,137093009326271,1065.5,553.8,354.0,157.7,121.5,502.9,kernel_add_rmsnorm_71@25/0-worker,prepare streams@25/0-worker,1063.6,935.7,627.1,634.2,1049.2
2489,137093015359267,485.5,171.1,285.4,29.0,10.1,449.5,assemble attention plan@24/?-work_queue,Prepare hardware matmul job@24/?-work_queue,483.4,362.4,132.4,150.2,469.7
2490,137093020816082,553.5,157.3,356.2,40.1,16.4,422.3,notify_listener@25/0-worker,work_queue::do_work get_work@24/?-work_queue,551.9,422.3,120.1,123.7,538.6
2491,137093026337451,1059.6,595.0,323.0,141.6,109.0,519.0,kernel_add_rmsnorm_71@25/0-worker,prepare streams@25/0-worker,1058.1,934.0,631.1,653.5,1044.3
2492,137093032381968,826.6,153.5,636.0,37.1,15.3,695.0,notify_listener@25/0-worker,work_queue::do_work get_work@24/?-work_queue,825.1,695.0,116.2,122.3,810.4
2493,137093038171968,541.8,223.2,289.7,28.9,11.0,504.3,assemble attention plan@24/?-work_queue,Prepare hardware matmul job@24/?-work_queue,540.1,354.1,110.8,115.1,525.7
2494,137093043721235,792.7,396.4,359.9,36.4,17.2,627.6,notify_listener@25/0-worker,work_queue::do_work get_work@24/?-work_queue,791.1,627.6,325.2,329.4,777.3
2495,137093049547343,591.7,185.3,372.8,33.6,10.4,554.5,assemble attention plan@24/?-work_queue,Prepare hardware matmul job@24/?-work_queue,589.1,441.4,128.5,136.6,575.3
2496,137093055147109,1127.6,621.5,351.1,154.9,114.1,554.5,kernel_add_rmsnorm_71@25/0-worker,prepare streams@25/0-worker,1125.3,991.0,671.3,676.2,1111.2
2497,137093061245156,508.0,187.2,291.4,29.5,9.6,471.4,assemble attention plan@24/?-work_queue,Prepare hardware matmul job@24/?-work_queue,507.6,363.6,137.7,156.1,491.7
2498,137093066754027,563.9,161.8,368.0,34.1,15.2,429.2,notify_listener@25/0-worker,work_queue::do_work get_work@24/?-work_queue,562.2,429.2,116.9,121.4,549.0
2499,137093072317370,521.4,184.2,299.5,37.7,18.7,469.6,assemble attention plan@24/?-work_queue,Prepare hardware matmul job@24/?-work_queue,519.8,380.7,142.5,148.1,498.2
2500,137093077784462,485.2,161.5,286.4,37.3,15.5,344.4,notify_listener@25/0-worker,work_queue::do_work get_work@24/?-work_queue,482.5,344.4,119.8,125.1,472.4
2501,137093083236016,919.7,162.6,724.7,32.4,10.9,876.1,assemble attention plan@24/?-work_queue,Prepare hardware matmul job@24/?-work_queue,918.1,781.6,114.1,123.7,897.0
2502,137093089166390,590.8,172.8,382.8,35.2,13.4,446.3,notify_listener@25/0-worker,work_queue::do_work get_work@24/?-work_queue,589.0,446.3,121.4,128.1,564.0
2503,137093094765999,1712.5,521.8,924.8,265.9,136.5,1534.5,assemble attention plan@24/?-work_queue,Prepare hardware matmul job@24/?-work_queue,1711.0,979.1,113.9,120.7,1681.5
2504,137093101404605,1710.7,664.7,842.0,204.0,124.4,1369.8,notify_listener@25/0-worker,work_queue::do_work get_work@24/?-work_queue,1709.0,1369.8,612.0,622.2,1693.2
2505,137093108060215,560.9,164.2,367.7,29.0,10.4,514.5,assemble attention plan@24/?-work_queue,Prepare hardware matmul job@24/?-work_queue,559.0,426.2,120.9,124.5,542.4
2506,137093113584018,694.4,184.0,476.5,33.9,12.8,532.4,notify_listener@25/0-worker,work_queue::do_work get_work@24/?-work_queue,692.0,532.4,118.0,132.8,674.7
2507,137093119232417,1109.6,598.1,357.6,153.9,115.9,534.1,kernel_add_rmsnorm_71@25/0-worker,prepare streams@25/0-worker,1107.7,972.3,652.7,656.4,1093.5
2508,137093125270895,509.5,163.4,314.0,32.1,12.9,371.0,notify_listener@25/0-worker,work_queue::do_work get_work@24/?-work_queue,507.3,371.0,124.5,134.5,492.6
2509,137093130713593,561.7,167.8,364.7,29.2,12.1,522.1,assemble attention plan@24/?-work_queue,Prepare hardware matmul job@24/?-work_queue,560.2,427.4,130.5,135.5,544.6
2510,137093136267869,568.8,163.8,370.7,34.3,13.9,429.3,notify_listener@25/0-worker,work_queue::do_work get_work@24/?-work_queue,565.8,429.3,124.6,128.5,552.3
2511,137093141839649,554.8,197.2,328.9,28.8,11.0,518.6,assemble attention plan@24/?-work_queue,Prepare hardware matmul job@24/?-work_queue,553.1,428.9,114.2,159.3,539.3
2512,137093147379744,475.9,165.1,277.2,33.6,14.9,341.4,notify_listener@25/0-worker,work_queue::do_work get_work@24/?-work_queue,473.5,341.4,121.1,127.2,459.3
2513,137093152846943,554.3,162.0,363.0,29.3,9.8,519.0,assemble attention plan@24/?-work_queue,Prepare hardware matmul job@24/?-work_queue,552.7,433.1,122.1,128.1,539.0
2514,137093158426937,962.4,632.9,287.1,42.4,14.6,830.6,notify_listener@25/0-worker,work_queue::do_work get_work@24/?-work_queue,959.5,830.6,588.5,601.5,945.7
2515,137093164400359,1041.9,552.2,344.7,145.0,108.4,489.3,kernel_add_rmsnorm_71@25/0-worker,prepare streams@25/0-worker,1039.5,910.4,602.4,607.4,1024.9
2516,137093170475462,574.0,163.6,369.9,40.5,15.7,431.5,notify_listener@25/0-worker,work_queue::do_work get_work@24/?-work_queue,571.6,431.5,123.7,128.8,557.8
2517,137093176063066,508.3,171.2,308.2,28.9,10.6,471.3,assemble attention plan@24/?-work_queue,Prepare hardware matmul job@24/?-work_queue,506.6,383.1,129.5,135.9,491.7
2518,137093181622327,868.4,440.5,393.7,34.2,14.4,737.8,notify_listener@25/0-worker,work_queue::do_work get_work@24/?-work_queue,866.9,737.8,425.9,430.2,853.4
2519,137093187479365,996.3,597.3,369.8,29.1,11.4,959.4,assemble attention plan@24/?-work_queue,Prepare hardware matmul job@24/?-work_queue,994.4,873.6,558.2,566.5,981.0
2520,137093193495940,478.4,160.8,285.3,32.2,13.6,352.4,notify_listener@25/0-worker,work_queue::do_work get_work@24/?-work_queue,476.7,352.4,121.7,128.3,462.5
2521,137093198949671,611.6,227.7,351.4,32.5,10.7,484.7,notify_listener@25/0-worker,work_queue::do_work get_work@24/?-work_queue,609.5,484.7,179.7,183.7,605.6
2522,137093204568800,511.5,168.2,308.7,34.6,13.6,373.3,notify_listener@25/0-worker,work_queue::do_work get_work@24/?-work_queue,508.9,373.3,131.0,136.6,494.9
2523,137093210088391,1166.1,608.7,420.7,136.7,107.2,565.1,kernel_add_rmsnorm_71@25/0-worker,prepare streams@25/0-worker,1164.0,1039.1,674.9,686.1,1149.9
2524,137093216284173,490.2,173.9,280.7,35.6,14.1,356.7,notify_listener@25/0-worker,work_queue::do_work get_work@24/?-work_queue,487.8,356.7,127.3,133.3,473.9
2525,137093221732013,813.0,414.9,364.7,33.5,10.8,775.6,assemble attention plan@24/?-work_queue,Prepare hardware matmul job@24/?-work_queue,811.5,688.5,380.1,383.8,796.8
2526,137093227633184,806.1,464.1,306.5,35.5,13.3,669.8,notify_listener@25/0-worker,work_queue::do_work get_work@24/?-work_queue,798.7,669.8,421.0,432.1,784.3
2527,137093233465079,967.5,603.3,336.3,27.9,10.6,923.1,assemble attention plan@24/?-work_queue,Prepare hardware matmul job@24/?-work_queue,965.7,837.6,575.2,580.1,944.2
2528,137093239381686,500.6,160.3,310.2,30.1,11.5,363.7,notify_listener@25/0-worker,work_queue::do_work get_work@24/?-work_queue,498.2,363.7,119.4,125.4,477.2
2529,137093244877094,1674.6,571.0,838.3,265.4,148.9,1487.9,assemble attention plan@24/?-work_queue,Prepare hardware matmul job@24/?-work_queue,1672.6,882.6,131.7,138.8,1647.5
2530,137093251598930,902.0,500.0,370.9,31.1,12.6,761.4,notify_listener@25/0-worker,work_queue::do_work get_work@24/?-work_queue,899.7,761.4,443.9,456.4,874.7
2531,137093257552480,548.6,156.5,359.4,32.7,17.7,494.5,assemble attention plan@24/?-work_queue,Prepare hardware matmul job@24/?-work_queue,546.5,406.9,105.3,110.2,522.8
2532,137093263069078,567.4,167.7,367.5,32.2,11.6,427.7,notify_listener@25/0-worker,work_queue::do_work get_work@24/?-work_queue,564.0,427.7,119.3,124.1,548.4
2533,137093268627392,2008.5,977.1,748.0,283.4,160.7,1815.3,assemble attention plan@24/?-work_queue,Prepare hardware matmul job@24/?-work_queue,2005.9,1180.7,418.5,425.5,1991.7
2534,137093275649936,578.4,166.8,376.1,35.5,15.9,431.8,notify_listener@25/0-worker,work_queue::do_work get_work@24/?-work_queue,575.5,431.8,122.3,129.2,560.7
2535,137093281206053,1090.5,624.4,327.6,138.5,110.4,545.8,kernel_add_rmsnorm_71@25/0-worker,prepare streams@25/0-worker,1089.0,956.4,669.0,682.0,1074.9
2536,137093287296552,571.6,164.3,367.5,39.7,11.4,430.5,notify_listener@25/0-worker,work_queue::do_work get_work@24/?-work_queue,570.1,430.5,120.2,126.2,555.4
2537,137093292859572,558.5,161.3,367.8,29.3,10.3,421.7,notify_listener@25/0-worker,work_queue::do_work get_work@24/?-work_queue,556.4,421.7,115.5,122.4,542.2
2538,137093298451755,2192.0,905.7,805.2,481.1,161.4,2004.3,assemble attention plan@24/?-work_queue,Prepare hardware matmul job@24/?-work_queue,2189.9,1385.9,623.8,635.9,2176.3
2539,137093305750682,496.1,149.9,305.4,40.9,20.4,359.6,notify_listener@25/0-worker,work_queue::do_work get_work@24/?-work_queue,494.2,359.6,115.3,119.9,479.9
2540,137093311237328,1105.5,638.3,327.0,140.2,107.5,518.3,kernel_add_rmsnorm_71@25/0-worker,prepare streams@25/0-worker,1103.6,975.8,644.2,706.2,1089.0
2541,137093317378906,857.0,324.7,501.1,31.1,11.1,819.7,assemble attention plan@24/?-work_queue,Prepare hardware matmul job@24/?-work_queue,854.9,726.1,126.9,298.3,841.2
2542,137093323273021,558.8,165.7,362.1,31.0,12.7,427.8,notify_listener@25/0-worker,work_queue::do_work get_work@24/?-work_queue,556.1,427.8,119.6,125.2,541.5
2543,137093328815784,557.9,164.0,362.0,31.9,11.5,521.5,assemble attention plan@24/?-work_queue,Prepare hardware matmul job@24/?-work_queue,556.4,430.5,122.4,127.7,542.7
2544,137093334466507,911.2,604.6,260.9,45.7,13.4,779.2,notify_listener@25/0-worker,work_queue::do_work get_work@24/?-work_queue,908.6,779.2,550.9,556.1,895.0
2545,137093340428604,971.6,635.2,307.2,29.1,9.8,935.3,assemble attention plan@24/?-work_queue,Prepare hardware matmul job@24/?-work_queue,969.8,846.4,609.9,615.9,955.3
2546,137093346511283,564.0,165.8,362.3,36.0,12.3,424.9,notify_listener@25/0-worker,work_queue::do_work get_work@24/?-work_queue,561.0,424.9,121.2,126.1,546.9
2547,137093352033781,1248.5,611.1,491.8,145.7,104.9,575.7,kernel_add_rmsnorm_71@25/0-worker,prepare streams@25/0-worker,1246.0,1117.2,682.3,687.4,1231.7
2548,137093358306063,567.1,160.6,375.9,30.6,13.0,439.0,notify_listener@25/0-worker,work_queue::do_work get_work@24/?-work_queue,565.5,439.0,135.1,139.6,550.8
2549,137093363836850,566.2,161.6,367.3,37.3,12.1,527.4,assemble attention plan@24/?-work_queue,Prepare hardware matmul job@24/?-work_queue,564.5,435.9,126.4,131.0,550.5
2550,137093369410327,576.9,164.7,380.8,31.4,13.3,449.5,notify_listener@25/0-worker,work_queue::do_work get_work@24/?-work_queue,574.8,449.5,137.5,142.2,560.6
2551,137093375013551,1274.9,652.5,482.8,139.6,106.9,601.7,kernel_add_rmsnorm_71@25/0-worker,prepare streams@25/0-worker,1273.0,1146.5,711.5,732.3,1258.7
2552,137093381315188,528.8,180.8,313.6,34.5,11.6,401.2,notify_listener@25/0-worker,work_queue::do_work get_work@24/?-work_queue,526.5,401.2,137.8,142.3,511.8
2553,137093386828736,570.2,163.9,376.2,30.1,9.3,528.0,assemble attention plan@24/?-work_queue,Prepare hardware matmul job@24/?-work_queue,563.5,437.9,131.9,137.7,548.2
2554,137093392436288,521.8,177.9,306.8,37.2,13.2,365.7,notify_listener@25/0-worker,work_queue::do_work get_work@24/?-work_queue,520.4,365.7,122.8,126.9,483.3
2555,137093397984477,587.1,200.5,359.2,27.4,10.4,537.9,assemble attention plan@24/?-work_queue,Prepare hardware matmul job@24/?-work_queue,585.3,424.4,125.6,129.5,557.9
2556,137093403567686,917.4,529.9,352.1,35.4,13.1,777.2,notify_listener@25/0-worker,work_queue::do_work get_work@24/?-work_queue,913.7,777.2,474.2,479.2,892.6
2557,137093409473197,502.3,157.8,315.2,29.2,11.9,457.4,assemble attention plan@24/?-work_queue,Prepare hardware matmul job@24/?-work_queue,499.3,370.5,121.9,126.6,479.1
2558,137093415019057,1232.9,592.7,505.3,135.0,102.2,526.2,kernel_add_rmsnorm_71@25/0-worker,prepare streams@25/0-worker,1230.9,1088.4,631.7,639.3,1215.3
2559,137093421261776,510.8,179.9,296.7,34.1,12.2,461.7,assemble attention plan@24/?-work_queue,Prepare hardware matmul job@24/?-work_queue,509.3,371.2,136.6,143.4,493.7
2560,137093426740661,753.1,358.1,363.0,31.9,12.8,615.7,notify_listener@25/0-worker,work_queue::do_work get_work@24/?-work_queue,750.5,615.7,305.7,312.2,735.2
2561,137093432495937,1020.1,574.8,414.8,30.5,11.1,983.1,assemble attention plan@24/?-work_queue,Prepare hardware matmul job@24/?-work_queue,1017.6,860.4,541.4,546.6,1004.5
2562,137093438511771,2376.3,747.0,704.0,925.4,707.8,752.3,notify_listener@25/0-worker,work_queue::do_work get_work@24/?-work_queue,2374.0,752.3,120.4,124.1,2358.9
2563,137093445985526,595.3,185.2,376.8,33.2,14.0,553.3,assemble attention plan@24/?-work_queue,Prepare hardware matmul job@24/?-work_queue,593.5,462.8,138.0,153.9,577.9
2564,137093451509773,1608.8,588.5,810.1,210.2,157.7,1275.9,notify_listener@25/0-worker,work_queue::do_work get_work@24/?-work_queue,1606.6,1275.9,512.6,517.0,1591.5
2565,137093458132678,997.0,159.8,805.0,32.2,9.3,963.1,assemble attention plan@24/?-work_queue,Prepare hardware matmul job@24/?-work_queue,995.5,872.2,112.2,116.3,982.0
2566,137093464125121,516.1,168.6,313.5,33.9,13.1,384.1,notify_listener@25/0-worker,work_queue::do_work get_work@24/?-work_queue,514.4,384.1,136.6,142.0,501.0
2567,137093469637398,480.7,173.1,277.4,30.3,11.5,354.9,notify_listener@25/0-worker,work_queue::do_work get_work@24/?-work_queue,478.8,354.9,127.1,136.3,465.1
2568,137093475094698,513.5,165.4,319.2,28.9,12.3,386.6,notify_listener@25/0-worker,work_queue::do_work get_work@24/?-work_queue,510.7,386.6,154.2,160.3,496.2
2569,137093480578085,563.9,161.6,376.4,26.0,10.6,525.1,assemble attention plan@24/?-work_queue,Prepare hardware matmul job@24/?-work_queue,561.0,435.2,122.9,130.6,546.3
2570,137093486133541,482.2,162.5,282.0,37.7,15.5,348.6,notify_listener@25/0-worker,work_queue::do_work get_work@24/?-work_queue,480.0,348.6,119.3,129.1,465.9
2571,137093491590936,662.2,172.5,461.4,28.4,10.5,625.2,assemble attention plan@24/?-work_queue,Prepare hardware matmul job@24/?-work_queue,660.7,536.8,132.6,137.5,645.2
2572,137093497269561,554.2,172.1,349.2,32.9,12.6,423.1,notify_listener@25/0-worker,work_queue::do_work get_work@24/?-work_queue,552.5,423.1,117.5,121.8,538.3
2573,137093502768443,522.9,168.9,328.0,26.0,10.9,485.1,assemble attention plan@24/?-work_queue,Prepare hardware matmul job@24/?-work_queue,521.2,400.3,129.9,138.0,506.6
2574,137093508392434,495.8,155.1,308.0,32.6,11.5,459.4,assemble attention plan@24/?-work_queue,Prepare hardware matmul job@24/?-work_queue,493.6,369.3,122.6,126.5,480.2
2575,137093513851791,521.2,169.2,314.1,37.9,11.8,481.8,assemble attention plan@24/?-work_queue,Prepare hardware matmul job@24/?-work_queue,519.4,396.3,141.4,147.0,504.7
2576,137093519462475,572.4,165.3,368.5,38.6,15.9,528.1,assemble attention plan@24/?-work_queue,Prepare hardware matmul job@24/?-work_queue,569.4,434.6,128.3,132.2,555.0
2577,137093524988438,563.5,174.3,359.3,29.9,11.0,525.4,assemble attention plan@24/?-work_queue,Prepare hardware matmul job@24/?-work_queue,561.3,433.9,124.7,128.9,547.3
2578,137093530542668,940.0,548.0,354.5,37.5,13.5,802.9,notify_listener@25/0-worker,work_queue::do_work get_work@24/?-work_queue,934.8,802.9,496.1,500.0,919.9
2579,137093536634182,568.4,165.6,368.8,34.1,15.4,520.1,assemble attention plan@24/?-work_queue,Prepare hardware matmul job@24/?-work_queue,566.6,432.8,121.5,132.5,546.0
2580,137093542204138,1148.6,641.1,355.2,152.2,117.5,642.5,kernel_add_rmsnorm_71@25/0-worker,prepare streams@25/0-worker,1146.0,1011.0,762.8,778.6,1127.4
2581,137093548341808,1103.2,617.5,353.7,132.0,102.7,531.5,kernel_add_rmsnorm_71@25/0-worker,prepare streams@25/0-worker,1101.3,940.9,636.6,643.5,1075.6
2582,137093554491657,761.6,168.3,556.9,36.4,12.6,609.4,notify_listener@25/0-worker,work_queue::do_work get_work@24/?-work_queue,759.0,609.4,130.2,134.7,727.4
2583,137093560266976,576.9,162.0,388.5,26.5,10.0,529.4,assemble attention plan@24/?-work_queue,Prepare hardware matmul job@24/?-work_queue,575.3,441.1,122.8,128.3,560.7
2584,137093565840037,2217.2,945.5,812.0,459.6,285.0,559.4,kernel_add_rmsnorm_71@25/0-worker,prepare streams@25/0-worker,2217.0,1627.1,846.7,852.5,2200.2
2585,137093573097367,550.6,166.0,357.4,27.2,11.2,504.8,assemble attention plan@24/?-work_queue,Prepare hardware matmul job@24/?-work_queue,548.5,419.0,116.7,120.3,534.4
2586,137093578691316,628.7,165.1,432.9,30.7,13.1,490.5,notify_listener@25/0-worker,work_queue::do_work get_work@24/?-work_queue,627.2,490.5,115.1,120.4,613.0
2587,137093584288355,541.7,169.1,342.1,30.5,10.0,406.9,notify_listener@25/0-worker,work_queue::do_work get_work@24/?-work_queue,539.1,406.9,151.1,155.4,524.6
2588,137093589820299,567.4,152.4,376.2,38.8,12.7,432.6,notify_listener@25/0-worker,work_queue::do_work get_work@24/?-work_queue,565.5,432.6,127.0,130.7,552.0
2589,137093595384792,481.4,151.8,301.2,28.3,11.3,444.2,assemble attention plan@24/?-work_queue,Prepare hardware matmul job@24/?-work_queue,479.6,349.1,103.7,108.1,465.7
2590,137093600871521,1232.6,247.9,838.1,146.6,93.7,929.2,notify_listener@25/0-worker,work_queue::do_work get_work@24/?-work_queue,1230.3,929.2,138.9,183.3,1216.7
2591,137093607080581,492.2,168.6,295.9,27.8,12.3,454.7,assemble attention plan@24/?-work_queue,Prepare hardware matmul job@24/?-work_queue,490.6,366.4,125.4,133.4,476.9
2592,137093612587990,833.1,509.2,286.6,37.3,12.1,701.7,notify_listener@25/0-worker,work_queue::do_work get_work@24/?-work_queue,830.9,701.7,454.4,460.2,816.8
2593,137093618471435,663.3,165.8,456.7,40.8,19.1,518.3,notify_listener@25/0-worker,work_queue::do_work get_work@24/?-work_queue,661.7,518.3,117.0,122.6,648.5
2594,137093624159668,1202.4,690.3,367.9,144.2,109.2,628.3,kernel_add_rmsnorm_71@25/0-worker,prepare streams@25/0-worker,1200.2,1069.3,755.0,768.5,1186.5
2595,137093630444911,505.9,170.7,298.4,36.8,17.1,460.7,assemble attention plan@24/?-work_queue,Prepare hardware matmul job@24/?-work_queue,503.0,368.1,128.6,134.1,488.4
2596,137093635940440,602.8,210.6,355.1,37.2,15.2,465.3,notify_listener@25/0-worker,work_queue::do_work get_work@24/?-work_queue,601.4,465.3,162.4,172.4,586.0
2597,137093641589431,896.6,494.0,368.2,34.3,11.1,857.9,assemble attention plan@24/?-work_queue,Prepare hardware matmul job@24/?-work_queue,894.1,764.9,447.7,451.8,879.6
2598,137093647519921,712.5,158.2,518.6,35.6,16.4,577.8,notify_listener@25/0-worker,work_queue::do_work get_work@24/?-work_queue,710.5,577.8,124.8,132.1,695.9
2599,137093653266991,899.6,152.3,717.5,29.8,10.3,862.7,assemble attention plan@24/?-work_queue,Prepare hardware matmul job@24/?-work_queue,897.2,774.8,128.1,132.3,883.6
2600,137093659162981,1133.8,675.0,315.2,143.7,102.1,619.3,kernel_add_rmsnorm_71@25/0-worker,prepare streams@25/0-worker,1132.3,1001.3,724.2,734.0,1118.2
2601,137093665379609,1755.9,622.0,974.4,159.5,107.2,564.1,kernel_add_rmsnorm_71@25/0-worker,prepare streams@25/0-worker,1753.9,1606.2,674.3,686.8,1738.3
2602,137093672234064,1110.4,630.8,330.2,149.5,117.7,565.3,kernel_add_rmsnorm_71@25/0-worker,prepare streams@25/0-worker,1108.3,978.6,686.0,691.1,1093.8
2603,137093678393099,497.8,170.3,294.1,33.4,11.1,460.0,assemble attention plan@24/?-work_queue,Prepare hardware matmul job@24/?-work_queue,495.2,369.3,134.7,140.5,480.9
2604,137093683870780,535.7,195.2,305.7,34.8,14.2,398.9,notify_listener@25/0-worker,work_queue::do_work get_work@24/?-work_queue,534.2,398.9,151.6,207.3,515.4
2605,137093689408594,564.7,162.7,361.8,40.2,12.3,116.4,rx collecting results@147/0-RX-10,prepare streams@25/0-worker,563.0,433.1,131.2,135.5,542.9
2606,137093694991331,567.4,168.3,360.6,38.4,17.4,421.5,notify_listener@25/0-worker,work_queue::do_work get_work@24/?-work_queue,565.9,421.5,118.3,123.1,546.4
2607,137093700592622,512.9,175.9,307.3,29.8,11.4,462.2,assemble attention plan@24/?-work_queue,Prepare hardware matmul job@24/?-work_queue,510.7,368.7,123.2,132.9,483.4
2608,137093706089611,579.9,170.1,378.3,31.5,11.7,443.3,notify_listener@25/0-worker,work_queue::do_work get_work@24/?-work_queue,577.5,443.3,127.5,131.0,556.5
2609,137093711682889,743.3,419.7,291.2,32.4,10.7,696.2,assemble attention plan@24/?-work_queue,Prepare hardware matmul job@24/?-work_queue,740.7,610.2,365.5,379.7,726.1
2610,137093717495593,570.7,170.6,370.2,30.0,11.2,520.3,assemble attention plan@24/?-work_queue,Prepare hardware matmul job@24/?-work_queue,568.3,425.7,112.8,117.5,552.2
2611,137093723097175,572.9,169.9,366.5,36.5,17.1,528.9,assemble attention plan@24/?-work_queue,Prepare hardware matmul job@24/?-work_queue,570.9,426.1,119.6,123.6,556.4
2612,137093728621395,649.8,161.0,446.8,42.0,14.5,505.3,notify_listener@25/0-worker,work_queue::do_work get_work@24/?-work_queue,647.5,505.3,135.0,154.8,634.1
2613,137093734259280,498.0,173.8,280.9,43.4,11.2,459.8,assemble attention plan@24/?-work_queue,Prepare hardware matmul job@24/?-work_queue,496.3,358.3,132.3,136.5,481.6
2614,137093739809811,632.2,290.3,305.8,36.1,13.3,498.9,notify_listener@25/0-worker,work_queue::do_work get_work@24/?-work_queue,630.5,498.9,266.0,283.9,616.5
2615,137093745462881,1638.7,686.1,775.6,177.1,87.4,1334.5,notify_listener@25/0-worker,work_queue::do_work get_work@24/?-work_queue,1637.0,1334.5,553.3,616.4,1622.6
2616,137093752121250,1133.7,600.8,387.7,145.2,109.1,539.0,kernel_add_rmsnorm_71@25/0-worker,prepare streams@25/0-worker,1132.0,1002.0,650.6,668.4,1117.9
2617,137093758288071,2206.3,949.7,873.3,383.3,157.5,2021.5,assemble attention plan@24/?-work_queue,Prepare hardware matmul job@24/?-work_queue,2204.2,1465.6,653.3,663.0,2189.5
2618,137093765544875,876.0,533.5,310.3,32.2,13.8,745.6,notify_listener@25/0-worker,work_queue::do_work get_work@24/?-work_queue,874.0,745.6,494.2,499.5,860.5
2619,137093771437529,1656.9,689.3,798.9,168.6,72.3,1335.7,notify_listener@25/0-worker,work_queue::do_work get_work@24/?-work_queue,1654.6,1335.7,578.4,587.5,1639.8
2620,137093778173111,968.4,173.7,759.5,35.3,12.7,837.0,notify_listener@25/0-worker,work_queue::do_work get_work@24/?-work_queue,966.8,837.0,142.5,154.2,953.2
2621,137093784155766,599.4,207.0,365.2,27.3,9.7,561.5,assemble attention plan@24/?-work_queue,Prepare hardware matmul job@24/?-work_queue,597.1,440.3,134.1,137.9,582.6
2622,137093789811580,625.5,219.6,371.6,34.2,15.5,459.4,notify_listener@25/0-worker,work_queue::do_work get_work@24/?-work_queue,623.6,459.4,153.5,158.9,609.9
2623,137093795462435,584.5,178.9,376.6,29.0,9.9,548.6,assemble attention plan@24/?-work_queue,Prepare hardware matmul job@24/?-work_queue,582.6,443.0,127.0,132.8,568.8
2624,137093801042947,2074.3,927.2,844.2,302.9,129.4,1748.1,notify_listener@25/0-worker,work_queue::do_work get_work@24/?-work_queue,2072.2,1748.1,969.9,975.7,2058.9
2625,137093808121582,491.5,162.2,300.4,28.9,10.7,454.4,assemble attention plan@24/?-work_queue,Prepare hardware matmul job@24/?-work_queue,489.5,361.6,125.4,130.3,475.0
2626,137093813647576,852.7,456.0,358.0,38.7,14.4,713.0,notify_listener@25/0-worker,work_queue::do_work get_work@24/?-work_queue,850.4,713.0,403.7,415.7,829.6
2627,137093819496409,585.9,165.7,385.6,34.6,16.7,533.8,assemble attention plan@24/?-work_queue,Prepare hardware matmul job@24/?-work_queue,583.0,437.4,132.8,136.4,560.9
2628,137093825137041,588.1,188.7,365.3,34.0,15.1,426.7,notify_listener@25/0-worker,work_queue::do_work get_work@24/?-work_queue,586.2,426.7,120.0,125.8,564.0
2629,137093830793333,710.3,330.0,347.3,33.0,12.1,660.6,assemble attention plan@24/?-work_queue,Prepare hardware matmul job@24/?-work_queue,705.9,563.7,254.3,262.6,691.8
2630,137093836548672,760.7,190.3,536.0,34.4,14.9,599.9,notify_listener@25/0-worker,work_queue::do_work get_work@24/?-work_queue,758.2,599.9,132.1,139.7,743.9
2631,137093842300049,575.8,178.9,366.4,30.6,11.8,536.6,assemble attention plan@24/?-work_queue,Prepare hardware matmul job@24/?-work_queue,573.9,437.9,137.0,141.6,559.4
2632,137093847857446,543.2,194.8,309.1,39.4,15.4,381.1,notify_listener@25/0-worker,work_queue::do_work get_work@24/?-work_queue,540.7,381.1,140.1,154.8,526.1
2633,137093853406908,577.0,179.2,366.6,31.2,10.9,539.8,assemble attention plan@24/?-work_queue,Prepare hardware matmul job@24/?-work_queue,574.3,436.8,129.9,136.0,560.8
2634,137093859027577,1264.8,584.5,537.8,142.4,111.7,509.4,kernel_add_rmsnorm_71@25/0-worker,prepare streams@25/0-worker,1265.2,1120.6,623.5,649.6,1248.7
2635,137093865482484,2066.2,862.6,903.5,300.1,141.8,1895.9,assemble attention plan@24/?-work_queue,Prepare hardware matmul job@24/?-work_queue,2063.5,998.5,120.2,182.2,2048.0
2636,137093872635709,571.8,171.0,366.6,34.3,14.6,436.0,notify_listener@25/0-worker,work_queue::do_work get_work@24/?-work_queue,570.0,436.0,121.9,125.7,555.1
2637,137093878189636,555.4,166.1,356.7,32.6,11.8,517.0,assemble attention plan@24/?-work_queue,Prepare hardware matmul job@24/?-work_queue,552.4,428.4,125.1,132.7,539.2
2638,137093883843326,659.9,260.3,366.5,33.1,12.8,527.1,notify_listener@25/0-worker,work_queue::do_work get_work@24/?-work_queue,658.2,527.1,217.9,222.1,645.0
2639,137093889613316,782.6,487.4,264.8,30.4,10.6,745.1,assemble attention plan@24/?-work_queue,Prepare hardware matmul job@24/?-work_queue,780.6,654.6,431.4,436.4,766.1
2640,137093895395079,811.8,175.9,602.4,33.5,14.1,680.0,notify_listener@25/0-worker,work_queue::do_work get_work@24/?-work_queue,810.1,680.0,136.4,149.8,796.1
2641,137093901202895,573.8,175.6,365.5,32.7,10.7,534.7,assemble attention plan@24/?-work_queue,Prepare hardware matmul job@24/?-work_queue,570.1,444.3,129.3,134.2,555.9
2642,137093906834303,566.8,159.1,374.0,33.7,12.2,435.7,notify_listener@25/0-worker,work_queue::do_work get_work@24/?-work_queue,565.0,435.7,117.3,122.4,551.7
2643,137093912425359,553.0,161.9,354.3,36.8,15.3,510.4,assemble attention plan@24/?-work_queue,Prepare hardware matmul job@24/?-work_queue,550.3,418.2,121.3,125.2,536.3
2644,137093918014005,1269.8,627.6,493.1,149.1,110.9,566.9,kernel_add_rmsnorm_71@25/0-worker,prepare streams@25/0-worker,1268.1,1134.5,680.3,688.1,1254.0
2645,137093924306602,493.9,177.3,287.0,29.6,10.2,456.7,assemble attention plan@24/?-work_queue,Prepare hardware matmul job@24/?-work_queue,491.8,367.6,117.5,125.7,477.2
2646,137093929762337,2039.3,854.7,807.5,377.1,174.4,1838.5,assemble attention plan@24/?-work_queue,Prepare hardware matmul job@24/?-work_queue,2037.7,1091.3,332.6,336.5,2023.6
2647,137093936853096,652.8,261.3,353.0,38.5,10.5,615.9,assemble attention plan@24/?-work_queue,Prepare hardware matmul job@24/?-work_queue,650.4,523.2,219.8,225.5,637.1
2648,137093942508117,578.9,185.3,360.9,32.7,15.5,440.2,notify_listener@25/0-worker,work_queue::do_work get_work@24/?-work_queue,577.4,440.2,143.7,148.2,562.7
2649,137093948110356,556.7,171.5,354.6,30.6,10.8,512.7,assemble attention plan@24/?-work_queue,Prepare hardware matmul job@24/?-work_queue,555.2,419.9,119.0,122.5,533.9
2650,137093953667098,601.2,162.0,406.5,32.7,13.2,461.3,notify_listener@25/0-worker,work_queue::do_work get_work@24/?-work_queue,598.4,461.3,113.3,116.7,579.1
2651,137093959322853,494.5,177.7,288.7,28.2,10.9,431.6,assemble attention plan@24/?-work_queue,Prepare hardware matmul job@24/?-work_queue,491.6,343.1,113.2,117.2,452.3
2652,137093964822402,564.7,167.3,359.4,38.0,14.8,421.9,notify_listener@25/0-worker,work_queue::do_work get_work@24/?-work_queue,563.1,421.9,116.9,123.2,540.5
2653,137093970449467,954.5,612.1,290.4,52.0,22.5,541.5,kernel_add_rmsnorm_71@25/0-worker,prepare streams@25/0-worker,952.0,817.8,570.8,586.9,929.0
2654,137093976446895,1667.9,636.0,858.6,173.4,117.2,1344.8,notify_listener@25/0-worker,work_queue::do_work get_work@24/?-work_queue,1666.4,1344.8,575.3,586.9,1653.0
2655,137093983195047,572.9,170.4,373.3,29.2,10.3,527.7,assemble attention plan@24/?-work_queue,Prepare hardware matmul job@24/?-work_queue,571.5,433.9,123.3,130.7,555.1
2656,137093988794408,548.6,170.4,343.8,34.5,13.8,405.0,notify_listener@25/0-worker,work_queue::do_work get_work@24/?-work_queue,546.9,405.0,127.5,138.4,533.0
2657,137093994336090,515.4,178.7,301.3,35.4,11.4,477.3,assemble attention plan@24/?-work_queue,Prepare hardware matmul job@24/?-work_queue,513.6,378.5,138.9,149.9,499.2
2658,137093999978836,1158.4,178.9,832.8,146.7,127.3,910.7,notify_listener@25/0-worker,work_queue::do_work get_work@24/?-work_queue,1156.7,910.7,124.3,140.4,1143.0
2659,137094006155205,574.9,171.8,367.7,35.4,16.6,527.6,assemble attention plan@24/?-work_queue,Prepare hardware matmul job@24/?-work_queue,572.4,436.9,124.7,130.3,555.9
2660,137094011765996,637.4,338.4,262.6,36.4,14.5,507.7,notify_listener@25/0-worker,work_queue::do_work get_work@24/?-work_queue,635.9,507.7,280.3,296.1,622.1
2661,137094017446534,939.8,592.3,269.7,77.8,45.9,519.7,kernel_add_rmsnorm_71@25/0-worker,prepare streams@25/0-worker,938.5,807.5,567.9,577.1,925.6
2662,137094023401415,1703.6,208.8,572.6,922.2,874.3,623.8,notify_listener@25/0-worker,work_queue::do_work get_work@24/?-work_queue,1701.9,623.8,123.0,126.7,1688.3
2663,137094030177430,1148.5,619.8,391.9,136.8,105.6,567.3,kernel_add_rmsnorm_71@25/0-worker,prepare streams@25/0-worker,1146.5,1020.9,675.4,681.0,1132.3
2664,137094036360825,1736.9,669.4,790.4,277.1,120.4,1407.1,notify_listener@25/0-worker,work_queue::do_work get_work@24/?-work_queue,1735.2,1407.1,651.6,659.8,1721.9
2665,137094043152021,500.0,170.3,298.8,30.9,11.4,462.2,assemble attention plan@24/?-work_queue,Prepare hardware matmul job@24/?-work_queue,497.6,371.7,127.4,135.7,483.5
2666,137094048728468,537.5,170.4,333.4,33.7,14.6,406.5,notify_listener@25/0-worker,work_queue::do_work get_work@24/?-work_queue,535.4,406.5,136.6,142.1,521.7
2667,137094054337945,865.3,183.0,654.7,27.5,10.9,826.3,assemble attention plan@24/?-work_queue,Prepare hardware matmul job@24/?-work_queue,862.8,737.6,130.9,141.0,848.0
2668,137094060219277,1109.2,549.4,408.6,151.2,117.1,529.2,kernel_add_rmsnorm_71@25/0-worker,prepare streams@25/0-worker,1107.2,976.1,649.1,653.2,1092.4
2669,137094066400348,1052.9,643.9,354.2,54.8,26.4,587.7,kernel_add_rmsnorm_71@25/0-worker,prepare streams@25/0-worker,1051.0,924.2,616.6,621.0,1036.1
2670,137094072546367,579.0,188.3,351.6,39.2,17.2,432.7,notify_listener@25/0-worker,work_queue::do_work get_work@24/?-work_queue,577.2,432.7,131.7,139.8,563.5
2671,137094078215983,576.6,174.8,372.8,29.0,11.3,540.4,assemble attention plan@24/?-work_queue,Prepare hardware matmul job@24/?-work_queue,575.1,450.8,149.7,153.9,561.8
2672,137094083835798,1401.2,760.0,492.2,148.9,117.1,692.0,kernel_add_rmsnorm_71@25/0-worker,prepare streams@25/0-worker,1399.4,1270.3,811.4,815.4,1385.0
2673,137094090320571,1783.8,698.7,852.9,232.2,110.0,579.4,kernel_add_rmsnorm_71@25/0-worker,prepare streams@25/0-worker,1782.2,1484.4,691.7,696.4,1767.6
2674,137094097141883,1203.2,698.6,370.9,133.8,104.2,660.5,kernel_add_rmsnorm_71@25/0-worker,prepare streams@25/0-worker,1201.4,1073.6,767.6,773.6,1186.6
2675,137094103433591,2557.5,1103.2,851.1,603.3,347.9,2178.3,assemble attention plan@24/?-work_queue,Prepare hardware matmul job@24/?-work_queue,2550.8,1518.7,738.0,742.5,2536.2
2676,137094111062948,561.7,165.3,363.5,32.9,12.1,513.5,assemble attention plan@24/?-work_queue,Prepare hardware matmul job@24/?-work_queue,559.4,419.7,111.6,115.2,536.3
2677,137094116641791,796.1,433.2,334.4,28.6,9.2,753.3,assemble attention plan@24/?-work_queue,Prepare hardware matmul job@24/?-work_queue,793.6,665.1,397.4,402.4,772.6
2678,137094122577074,503.3,172.6,303.5,27.2,9.2,459.3,assemble attention plan@24/?-work_queue,Prepare hardware matmul job@24/?-work_queue,501.0,364.0,116.2,123.2,478.6
2679,137094128126930,579.7,154.6,392.2,33.0,12.7,445.8,notify_listener@25/0-worker,work_queue::do_work get_work@24/?-work_queue,578.0,445.8,145.4,149.9,557.8
2680,137094133742591,670.0,358.2,281.2,30.6,10.4,624.9,assemble attention plan@24/?-work_queue,Prepare hardware matmul job@24/?-work_queue,668.1,533.1,298.3,303.2,645.7
2681,137094139499299,514.5,178.6,303.7,32.3,14.3,373.1,notify_listener@25/0-worker,work_queue::do_work get_work@24/?-work_queue,511.7,373.1,126.0,131.2,492.0
2682,137094145118784,576.6,158.1,390.7,27.8,11.7,530.6,assemble attention plan@24/?-work_queue,Prepare hardware matmul job@24/?-work_queue,574.4,442.1,124.5,129.1,560.6
2683,137094150718643,610.4,175.1,398.6,36.7,15.1,468.7,notify_listener@25/0-worker,work_queue::do_work get_work@24/?-work_queue,608.2,468.7,136.0,148.8,593.2
2684,137094156446583,2357.3,1084.9,979.6,292.8,142.8,2185.8,assemble attention plan@24/?-work_queue,Prepare hardware matmul job@24/?-work_queue,2355.0,1481.3,570.7,588.7,2338.8
2685,137094163846832,585.8,183.9,374.0,27.9,10.1,548.6,assemble attention plan@24/?-work_queue,Prepare hardware matmul job@24/?-work_queue,584.7,455.6,145.7,167.6,569.4
2686,137094169609677,639.2,167.3,443.5,28.4,11.2,507.2,notify_listener@25/0-worker,work_queue::do_work get_work@24/?-work_queue,636.6,507.2,122.2,128.1,622.2
2687,137094175297590,878.1,164.5,680.2,33.3,11.0,841.8,assemble attention plan@24/?-work_queue,Prepare hardware matmul job@24/?-work_queue,876.6,749.4,147.2,161.5,863.2
2688,137094181298280,1821.1,710.5,842.8,267.8,117.9,1533.5,notify_listener@25/0-worker,work_queue::do_work get_work@24/?-work_queue,1818.2,1533.5,734.1,748.7,1803.8
2689,137094188245982,1199.7,694.7,350.8,154.2,118.4,627.8,kernel_add_rmsnorm_71@25/0-worker,prepare streams@25/0-worker,1197.9,1066.9,749.0,761.1,1183.5
2690,137094194534280,739.6,188.0,514.8,36.9,16.3,601.1,notify_listener@25/0-worker,work_queue::do_work get_work@24/?-work_queue,737.2,601.1,149.1,153.3,723.0
2691,137094200400296,1713.7,636.8,885.6,191.4,82.3,1380.0,notify_listener@25/0-worker,work_queue::do_work get_work@24/?-work_queue,1712.2,1380.0,615.5,625.7,1696.7
2692,137094207260364,517.9,165.0,321.3,31.6,12.1,386.0,notify_listener@25/0-worker,work_queue::do_work get_work@24/?-work_queue,516.3,386.0,139.1,145.7,501.2
2693,137094212862376,651.8,272.2,345.3,34.3,11.6,614.2,assemble attention plan@24/?-work_queue,Prepare hardware matmul job@24/?-work_queue,649.7,521.9,218.3,226.0,636.0
2694,137094218678816,574.1,174.3,367.2,32.6,14.6,439.6,notify_listener@25/0-worker,work_queue::do_work get_work@24/?-work_queue,571.6,439.6,135.6,139.7,557.9
2695,137094224375848,2275.8,1195.7,795.5,284.6,150.9,2095.8,assemble attention plan@24/?-work_queue,Prepare hardware matmul job@24/?-work_queue,2273.2,1412.7,665.1,687.2,2257.9
2696,137094231788176,513.4,166.0,312.0,35.4,15.0,379.4,notify_listener@25/0-worker,work_queue::do_work get_work@24/?-work_queue,511.7,379.4,134.9,139.4,497.6
2697,137094237404830,1038.6,647.4,349.2,42.0,10.8,1000.9,assemble attention plan@24/?-work_queue,Prepare hardware matmul job@24/?-work_queue,1036.8,909.4,610.7,615.1,1021.6
2698,137094243628814,489.8,173.0,285.8,31.0,11.8,351.3,notify_listener@25/0-worker,work_queue::do_work get_work@24/?-work_queue,486.7,351.3,125.2,133.2,472.2
2699,137094249233137,1858.3,795.5,897.8,165.0,71.1,1529.6,notify_listener@25/0-worker,work_queue::do_work get_work@24/?-work_queue,1856.8,1529.6,783.7,801.9,1838.3
2700,137094256198028,576.8,158.8,382.4,35.6,11.5,531.3,assemble attention plan@24/?-work_queue,Prepare hardware matmul job@24/?-work_queue,574.9,435.8,118.1,121.7,553.3
2701,137094261846506,523.4,171.5,324.3,27.6,10.1,478.9,assemble attention plan@24/?-work_queue,Prepare hardware matmul job@24/?-work_queue,522.3,387.8,121.6,126.7,500.2
2702,137094267519531,581.6,171.8,380.1,29.8,12.3,532.0,assemble attention plan@24/?-work_queue,Prepare hardware matmul job@24/?-work_queue,579.7,436.5,120.9,125.0,554.5
2703,137094273182703,1103.7,583.6,365.8,154.2,119.6,519.9,kernel_add_rmsnorm_71@25/0-worker,prepare streams@25/0-worker,1101.8,960.6,642.1,647.2,1081.6
2704,137094279438779,1022.9,611.6,352.9,58.3,18.3,556.1,kernel_add_rmsnorm_71@25/0-worker,prepare streams@25/0-worker,1021.3,883.1,576.8,583.6,1006.9
2705,137094285546506,522.0,168.9,316.1,37.0,15.0,375.1,notify_listener@25/0-worker,work_queue::do_work get_work@24/?-work_queue,520.0,375.1,127.7,141.8,503.8
2706,137094291264520,593.3,181.4,380.4,31.5,11.1,543.3,assemble attention plan@24/?-work_queue,Prepare hardware matmul job@24/?-work_queue,591.5,444.9,131.7,137.7,576.7
2707,137094296980516,591.4,176.7,369.2,45.5,20.2,543.0,assemble attention plan@24/?-work_queue,Prepare hardware matmul job@24/?-work_queue,588.9,442.8,137.8,142.7,573.7
2708,137094302691372,783.2,421.4,329.9,31.9,9.9,746.8,assemble attention plan@24/?-work_queue,Prepare hardware matmul job@24/?-work_queue,781.7,639.8,390.3,399.2,767.7
2709,137094308663027,505.9,181.0,279.0,45.9,12.4,367.0,notify_listener@25/0-worker,work_queue::do_work get_work@24/?-work_queue,503.8,367.0,141.0,155.8,491.0
2710,137094314320702,571.3,166.5,370.1,34.7,11.9,532.8,assemble attention plan@24/?-work_queue,Prepare hardware matmul job@24/?-work_queue,569.8,437.6,127.7,139.5,555.7
2711,137094320009815,2407.2,1089.5,886.1,431.6,172.2,2208.8,assemble attention plan@24/?-work_queue,Prepare hardware matmul job@24/?-work_queue,2405.4,1562.5,722.9,770.8,2391.1
2712,137094327570561,871.6,519.9,319.2,32.5,11.1,835.1,assemble attention plan@24/?-work_queue,Prepare hardware matmul job@24/?-work_queue,869.9,742.7,468.1,473.7,855.6
2713,137094333547091,513.5,166.9,313.2,33.5,13.5,375.1,notify_listener@25/0-worker,work_queue::do_work get_work@24/?-work_queue,512.0,375.1,135.4,141.6,497.4
2714,137094339231460,1158.6,673.7,342.6,142.3,111.6,601.9,kernel_add_rmsnorm_71@25/0-worker,prepare streams@25/0-worker,1156.5,1026.9,716.7,724.8,1142.3
2715,137094345487628,974.8,588.0,344.6,42.1,15.0,840.7,notify_listener@25/0-worker,work_queue::do_work get_work@24/?-work_queue,973.1,840.7,527.7,533.3,958.1
2716,137094351634226,514.0,169.6,313.9,30.5,11.6,475.2,assemble attention plan@24/?-work_queue,Prepare hardware matmul job@24/?-work_queue,511.6,383.1,133.9,139.6,497.4
2717,137094357229485,558.4,165.0,358.6,34.9,11.3,428.8,notify_listener@25/0-worker,work_queue::do_work get_work@24/?-work_queue,556.8,428.8,126.6,131.8,542.8
2718,137094362890688,558.0,181.3,348.2,28.6,9.6,521.5,assemble attention plan@24/?-work_queue,Prepare hardware matmul job@24/?-work_queue,555.3,427.6,134.9,141.2,541.8
2719,137094368629401,633.1,170.3,430.1,32.7,12.1,500.5,notify_listener@25/0-worker,work_queue::do_work get_work@24/?-work_queue,631.4,500.5,127.2,132.0,617.8
2720,137094374401948,572.0,181.6,356.2,34.1,11.1,437.6,notify_listener@25/0-worker,work_queue::do_work get_work@24/?-work_queue,570.1,437.6,130.5,142.7,556.0
2721,137094380071786,2297.0,1087.0,816.9,393.1,122.1,2147.0,assemble attention plan@24/?-work_queue,Prepare hardware matmul job@24/?-work_queue,2295.4,1482.7,734.4,752.7,2279.9
2722,137094387560175,479.2,167.0,280.4,31.8,14.1,439.6,assemble attention plan@24/?-work_queue,Prepare hardware matmul job@24/?-work_queue,477.8,350.1,126.4,130.2,463.9
2723,137094393171245,981.1,167.3,775.2,38.6,14.8,937.1,assemble attention plan@24/?-work_queue,Prepare hardware matmul job@24/?-work_queue,978.8,839.1,128.2,132.4,961.4
2724,137094399273668,524.9,172.1,320.0,32.8,9.6,390.6,notify_listener@25/0-worker,work_queue::do_work get_work@24/?-work_queue,522.9,390.6,129.1,133.6,500.8
2725,137094404906132,652.7,214.8,407.5,30.3,10.5,518.8,notify_listener@25/0-worker,work_queue::do_work get_work@24/?-work_queue,650.5,518.8,204.8,215.0,630.5
2726,137094410720698,604.1,169.5,406.3,28.3,11.5,555.1,assemble attention plan@24/?-work_queue,Prepare hardware matmul job@24/?-work_queue,601.9,467.3,124.9,131.6,587.1
2727,137094416467084,955.1,583.8,339.2,32.1,11.3,820.5,notify_listener@25/0-worker,work_queue::do_work get_work@24/?-work_queue,953.7,820.5,572.9,579.1,940.0
2728,137094422554790,558.9,170.8,361.0,27.1,9.4,523.6,assemble attention plan@24/?-work_queue,Prepare hardware matmul job@24/?-work_queue,556.6,416.9,114.9,118.5,543.1
2729,137094428231649,1150.7,629.4,381.2,140.1,108.3,573.4,kernel_add_rmsnorm_71@25/0-worker,prepare streams@25/0-worker,1147.7,1010.2,684.0,701.9,1133.9
2730,137094434534641,496.4,179.5,288.9,27.9,10.4,454.1,assemble attention plan@24/?-work_queue,Prepare hardware matmul job@24/?-work_queue,494.3,363.7,133.7,154.2,479.5
2731,137094440132123,507.4,159.7,314.8,32.9,14.2,379.2,notify_listener@25/0-worker,work_queue::do_work get_work@24/?-work_queue,505.9,379.2,130.2,150.8,492.4
2732,137094445789503,689.4,320.1,336.6,32.7,11.1,650.7,assemble attention plan@24/?-work_queue,Prepare hardware matmul job@24/?-work_queue,687.2,556.4,254.7,260.1,672.9
2733,137094451585500,664.8,169.4,461.2,34.2,13.9,528.8,notify_listener@25/0-worker,work_queue::do_work get_work@24/?-work_queue,663.1,528.8,115.9,120.0,647.6
2734,137094457450727,1665.0,606.0,802.8,256.2,108.4,495.0,kernel_add_rmsnorm_71@25/0-worker,prepare streams@25/0-worker,1662.8,1379.2,605.8,611.0,1648.6
2735,137094464296966,1071.7,561.2,348.0,162.5,124.3,500.8,kernel_add_rmsnorm_71@25/0-worker,prepare streams@25/0-worker,1069.8,939.7,628.0,639.1,1055.7
2736,137094470503533,572.6,173.8,370.4,28.4,10.4,536.9,assemble attention plan@24/?-work_queue,Prepare hardware matmul job@24/?-work_queue,570.8,443.3,128.5,132.7,557.3
2737,137094476234711,922.2,184.3,706.6,31.4,11.7,789.8,notify_listener@25/0-worker,work_queue::do_work get_work@24/?-work_queue,919.4,789.8,128.3,137.4,904.8
2738,137094482339293,845.9,182.1,628.7,35.1,11.5,711.9,notify_listener@25/0-worker,work_queue::do_work get_work@24/?-work_queue,843.1,711.9,128.1,134.1,828.8
2739,137094488356384,1762.2,661.5,818.7,282.0,138.6,1444.7,notify_listener@25/0-worker,work_queue::do_work get_work@24/?-work_queue,1760.7,1444.7,680.8,685.2,1745.3
2740,137094495280519,506.2,166.2,310.4,29.5,11.2,469.2,assemble attention plan@24/?-work_queue,Prepare hardware matmul job@24/?-work_queue,504.4,374.3,132.3,137.0,490.4
2741,137094500912126,559.0,223.2,298.0,37.7,15.9,424.7,notify_listener@25/0-worker,work_queue::do_work get_work@24/?-work_queue,557.0,424.7,184.4,215.7,543.0
2742,137094506694393,549.6,168.7,353.9,27.0,10.3,513.4,assemble attention plan@24/?-work_queue,Prepare hardware matmul job@24/?-work_queue,548.0,420.9,118.3,122.2,534.2
2743,137094512382937,563.5,175.5,350.9,37.1,14.1,431.1,notify_listener@25/0-worker,work_queue::do_work get_work@24/?-work_queue,561.3,431.1,127.8,132.8,547.6
2744,137094518157261,980.4,168.1,783.6,28.7,11.9,942.6,assemble attention plan@24/?-work_queue,Prepare hardware matmul job@24/?-work_queue,978.8,852.6,125.9,131.4,964.2
2745,137094524267219,1034.5,576.6,297.2,160.7,114.3,538.4,kernel_add_rmsnorm_71@25/0-worker,prepare streams@25/0-worker,1031.8,902.3,655.5,661.9,1016.5
2746,137094530420908,499.2,163.7,302.9,32.7,11.0,461.5,assemble attention plan@24/?-work_queue,Prepare hardware matmul job@24/?-work_queue,497.5,371.2,124.9,129.8,483.6
2747,137094536095583,1037.8,164.7,810.4,62.7,42.8,875.7,notify_listener@25/0-worker,work_queue::do_work get_work@24/?-work_queue,1036.0,875.7,129.6,133.8,1020.8
2748,137094542333892,580.9,166.6,368.4,45.9,12.4,444.2,notify_listener@25/0-worker,work_queue::do_work get_work@24/?-work_queue,574.4,444.2,136.1,140.3,560.2
2749,137094548078395,563.9,163.5,365.5,34.9,16.0,422.1,notify_listener@25/0-worker,work_queue::do_work get_work@24/?-work_queue,562.2,422.1,117.3,122.3,540.7
2750,137094553818378,521.6,180.8,303.6,37.3,11.1,475.9,assemble attention plan@24/?-work_queue,Prepare hardware matmul job@24/?-work_queue,519.7,380.4,131.0,139.3,497.9
2751,137094559508811,782.3,161.1,584.5,36.6,14.8,640.4,notify_listener@25/0-worker,work_queue::do_work get_work@24/?-work_queue,779.7,640.4,139.3,143.9,759.6
2752,137094565420017,570.2,171.3,370.6,28.3,10.4,422.0,notify_listener@25/0-worker,work_queue::do_work get_work@24/?-work_queue,567.2,422.0,117.4,123.7,540.2
2753,137094571094713,569.8,165.1,372.1,32.5,11.7,429.7,notify_listener@25/0-worker,work_queue::do_work get_work@24/?-work_queue,568.1,429.7,122.1,126.9,553.6
2754,137094576842372,593.4,191.7,372.9,28.8,10.7,537.7,assemble attention plan@24/?-work_queue,Prepare hardware matmul job@24/?-work_queue,590.7,441.8,130.1,138.0,575.7
2755,137094582628484,575.7,162.8,373.6,39.3,16.3,427.0,notify_listener@25/0-worker,work_queue::do_work get_work@24/?-work_queue,573.9,427.0,122.1,126.3,559.0
2756,137094588319190,1143.7,636.6,356.5,150.6,119.4,558.4,kernel_add_rmsnorm_71@25/0-worker,prepare streams@25/0-worker,1142.2,997.7,680.1,691.4,1127.0
2757,137094594627395,509.5,163.7,303.9,41.9,21.0,363.1,notify_listener@25/0-worker,work_queue::do_work get_work@24/?-work_queue,507.5,363.1,123.6,144.9,492.6
2758,137094600271781,568.5,168.2,375.7,24.6,9.7,534.3,assemble attention plan@24/?-work_queue,Prepare hardware matmul job@24/?-work_queue,566.9,436.0,126.3,130.7,553.8
2759,137094605991539,567.8,164.3,367.2,36.3,15.0,436.5,notify_listener@25/0-worker,work_queue::do_work get_work@24/?-work_queue,565.9,436.5,131.6,147.4,551.3
2760,137094611682749,568.5,156.7,383.1,28.8,10.7,532.2,assemble attention plan@24/?-work_queue,Prepare hardware matmul job@24/?-work_queue,567.1,439.9,123.4,127.5,552.9
2761,137094617397581,509.3,162.1,314.3,33.0,12.1,378.9,notify_listener@25/0-worker,work_queue::do_work get_work@24/?-work_queue,507.0,378.9,115.4,128.7,492.3
2762,137094623090912,1980.4,493.0,537.3,950.1,900.2,599.8,notify_listener@25/0-worker,work_queue::do_work get_work@24/?-work_queue,1979.1,599.8,121.7,126.3,1963.2
2763,137094630298057,561.1,165.0,363.7,32.4,12.2,523.8,assemble attention plan@24/?-work_queue,Prepare hardware matmul job@24/?-work_queue,559.6,432.9,123.4,127.3,545.4
2764,137094635969976,508.3,190.6,290.3,27.4,9.8,378.4,notify_listener@25/0-worker,work_queue::do_work get_work@24/?-work_queue,506.2,378.4,147.4,152.0,491.8
2765,137094641666696,644.4,175.9,434.2,34.2,12.3,606.4,assemble attention plan@24/?-work_queue,Prepare hardware matmul job@24/?-work_queue,642.7,512.1,137.7,147.2,629.5
2766,137094647478109,774.5,178.6,563.7,32.1,13.3,643.2,notify_listener@25/0-worker,work_queue::do_work get_work@24/?-work_queue,772.8,643.2,138.1,152.7,758.7
2767,137094653454420,752.4,167.4,556.4,28.5,10.8,715.6,assemble attention plan@24/?-work_queue,Prepare hardware matmul job@24/?-work_queue,750.7,624.0,120.6,124.4,736.1
2768,137094659372143,586.0,162.8,388.0,35.2,15.6,452.1,notify_listener@25/0-worker,work_queue::do_work get_work@24/?-work_queue,584.2,452.1,144.0,156.6,570.2
2769,137094665112302,1180.0,718.5,303.6,157.9,122.8,652.4,kernel_add_rmsnorm_71@25/0-worker,prepare streams@25/0-worker,1177.3,1050.8,777.7,823.4,1163.3
2770,137094671505161,537.8,170.6,335.5,31.7,12.7,398.7,notify_listener@25/0-worker,work_queue::do_work get_work@24/?-work_queue,535.7,398.7,125.4,128.9,521.1
2771,137094677169403,504.3,164.4,305.7,34.1,14.5,463.5,assemble attention plan@24/?-work_queue,Prepare hardware matmul job@24/?-work_queue,502.5,371.6,128.9,135.4,489.1
2772,137094682839454,518.7,171.2,313.1,34.3,14.5,386.5,notify_listener@25/0-worker,work_queue::do_work get_work@24/?-work_queue,516.3,386.5,126.3,138.0,503.3
2773,137094688460868,1730.6,561.5,860.2,308.9,174.6,1529.5,assemble attention plan@24/?-work_queue,Prepare hardware matmul job@24/?-work_queue,1728.2,921.8,117.5,178.4,1714.5
2774,137094695376516,2426.3,1039.3,964.1,423.0,160.4,2221.6,assemble attention plan@24/?-work_queue,Prepare hardware matmul job@24/?-work_queue,2424.6,1528.2,637.3,645.9,2392.9
2775,137094702980678,501.8,167.5,304.9,29.3,10.9,456.1,assemble attention plan@24/?-work_queue,Prepare hardware matmul job@24/?-work_queue,499.2,364.2,130.7,136.8,477.0
2776,137094708633952,494.8,160.8,298.4,35.6,14.0,343.7,notify_listener@25/0-worker,work_queue::do_work get_work@24/?-work_queue,493.0,343.7,118.6,124.3,466.9
2777,137094714236965,572.6,183.2,361.9,27.6,10.0,529.7,assemble attention plan@24/?-work_queue,Prepare hardware matmul job@24/?-work_queue,569.7,437.1,131.3,135.2,549.8
2778,137094720042247,1239.7,612.7,482.0,145.0,115.6,624.6,kernel_add_rmsnorm_71@25/0-worker,prepare streams@25/0-worker,1239.4,1099.7,742.1,759.4,1216.1
2779,137094726490819,767.5,162.8,575.8,28.9,10.1,722.7,assemble attention plan@24/?-work_queue,Prepare hardware matmul job@24/?-work_queue,765.0,632.9,131.9,136.5,749.7
2780,137094732404297,1707.0,643.0,803.4,260.6,116.2,1368.4,notify_listener@25/0-worker,work_queue::do_work get_work@24/?-work_queue,1702.6,1368.4,608.3,619.8,1691.9
2781,137094739270114,1100.3,604.3,352.0,143.9,107.9,602.3,kernel_add_rmsnorm_71@25/0-worker,prepare streams@25/0-worker,1098.0,960.1,713.5,723.5,1082.8
2782,137094745595827,561.2,175.1,351.5,34.6,12.8,420.7,notify_listener@25/0-worker,work_queue::do_work get_work@24/?-work_queue,559.8,420.7,119.9,124.2,546.5
2783,137094751351804,1764.2,685.2,850.7,228.4,102.3,572.0,kernel_add_rmsnorm_71@25/0-worker,prepare streams@25/0-worker,1762.6,1475.8,677.0,690.0,1748.4
2784,137094758272082,1036.5,565.1,310.8,160.6,116.3,503.7,kernel_add_rmsnorm_71@25/0-worker,prepare streams@25/0-worker,1035.0,893.1,622.9,628.3,1021.1
2785,137094764453655,488.2,174.6,281.1,32.5,10.6,358.9,notify_listener@25/0-worker,work_queue::do_work get_work@24/?-work_queue,486.1,358.9,115.5,139.0,472.1
2786,137094770127935,1021.3,165.2,820.3,35.8,16.1,881.3,notify_listener@25/0-worker,work_queue::do_work get_work@24/?-work_queue,1017.9,881.3,134.5,141.8,1004.0
2787,137094776280551,1144.2,601.4,388.5,154.3,113.6,597.9,kernel_add_rmsnorm_71@25/0-worker,prepare streams@25/0-worker,1142.4,1013.3,713.2,724.1,1128.2
2788,137094782569649,574.2,171.9,369.2,33.1,13.3,442.6,notify_listener@25/0-worker,work_queue::do_work get_work@24/?-work_queue,572.4,442.6,126.9,133.5,558.2
2789,137094788260299,909.3,188.4,693.9,27.0,9.9,872.2,assemble attention plan@24/?-work_queue,Prepare hardware matmul job@24/?-work_queue,906.7,781.3,163.7,175.1,892.4
2790,137094794375785,2309.4,1080.5,845.1,383.8,148.9,2134.9,assemble attention plan@24/?-work_queue,Prepare hardware matmul job@24/?-work_queue,2307.1,1440.5,653.3,666.5,2293.8
2791,137094801901818,630.3,224.8,375.4,30.1,11.3,593.0,assemble attention plan@24/?-work_queue,Prepare hardware matmul job@24/?-work_queue,628.2,502.2,189.8,193.6,614.2
2792,137094807649710,689.3,283.6,371.8,33.8,14.0,556.6,notify_listener@25/0-worker,work_queue::do_work get_work@24/?-work_queue,687.8,556.6,234.3,248.9,673.1
2793,137094813541193,564.1,176.6,356.9,30.6,10.9,427.8,notify_listener@25/0-worker,work_queue::do_work get_work@24/?-work_queue,561.6,427.8,124.9,131.7,548.1
2794,137094819274867,572.5,164.4,374.6,33.5,12.6,440.0,notify_listener@25/0-worker,work_queue::do_work get_work@24/?-work_queue,570.0,440.0,126.6,131.3,554.5
2795,137094825003175,548.5,155.4,362.4,30.7,11.5,510.6,assemble attention plan@24/?-work_queue,Prepare hardware matmul job@24/?-work_queue,546.6,422.8,110.2,114.8,532.2
2796,137094830744339,689.7,375.6,280.1,34.0,12.8,558.1,notify_listener@25/0-worker,work_queue::do_work get_work@24/?-work_queue,687.2,558.1,318.1,326.4,673.2
2797,137094836640003,800.3,483.0,291.4,25.9,10.4,762.2,assemble attention plan@24/?-work_queue,Prepare hardware matmul job@24/?-work_queue,797.7,651.1,402.7,407.9,782.9
2798,137094842696360,516.6,181.2,303.5,31.9,14.0,385.0,notify_listener@25/0-worker,work_queue::do_work get_work@24/?-work_queue,514.5,385.0,137.5,142.3,500.9
2799,137094848341142,494.8,165.0,297.6,32.2,10.0,365.0,notify_listener@25/0-worker,work_queue::do_work get_work@24/?-work_queue,488.4,365.0,126.9,132.6,474.0
2800,137094854018807,1260.0,601.7,514.5,143.7,110.4,526.6,kernel_add_rmsnorm_71@25/0-worker,prepare streams@25/0-worker,1256.9,1116.8,639.9,652.4,1234.2
2801,137094860446798,2201.7,1061.7,844.3,295.7,115.4,2053.5,assemble attention plan@24/?-work_queue,Prepare hardware matmul job@24/?-work_queue,2199.5,1349.9,569.8,577.4,2179.0
2802,137094867801633,617.9,183.6,396.3,38.0,15.6,455.5,notify_listener@25/0-worker,work_queue::do_work get_work@24/?-work_queue,615.9,455.5,148.5,185.3,576.3
2803,137094873604825,817.3,491.4,284.5,41.5,16.3,762.7,assemble attention plan@24/?-work_queue,Prepare hardware matmul job@24/?-work_queue,815.6,667.2,437.1,442.5,789.8
2804,137094879665413,928.4,443.8,449.5,35.1,14.8,784.4,notify_listener@25/0-worker,work_queue::do_work get_work@24/?-work_queue,926.4,784.4,530.2,537.1,904.9
2805,137094885732002,535.6,171.4,336.4,27.8,11.0,492.2,assemble attention plan@24/?-work_queue,Prepare hardware matmul job@24/?-work_queue,533.8,400.5,133.7,146.9,513.1
2806,137094891458789,790.6,173.6,585.4,31.5,12.3,651.3,notify_listener@25/0-worker,work_queue::do_work get_work@24/?-work_queue,789.0,651.3,123.5,128.0,772.8
2807,137094897472882,509.7,166.8,314.8,28.1,10.5,462.0,assemble attention plan@24/?-work_queue,Prepare hardware matmul job@24/?-work_queue,506.7,369.0,108.9,115.7,491.9
2808,137094903179745,511.5,179.6,299.7,32.3,12.5,366.6,notify_listener@25/0-worker,work_queue::do_work get_work@24/?-work_queue,509.6,366.6,125.4,130.6,495.3
2809,137094908845347,658.3,261.2,359.0,38.1,10.8,620.2,assemble attention plan@24/?-work_queue,Prepare hardware matmul job@24/?-work_queue,656.2,520.9,213.3,217.2,642.1
2810,137094914734370,573.2,165.3,377.1,30.8,11.7,435.9,notify_listener@25/0-worker,work_queue::do_work get_work@24/?-work_queue,571.3,435.9,115.5,122.2,557.7
2811,137094920541568,938.5,563.0,343.4,32.2,10.6,900.8,assemble attention plan@24/?-work_queue,Prepare hardware matmul job@24/?-work_queue,936.6,801.0,495.4,502.3,921.8
2812,137094926646322,510.7,164.3,313.6,32.8,13.6,374.3,notify_listener@25/0-worker,work_queue::do_work get_work@24/?-work_queue,508.9,374.3,117.3,136.2,495.5
2813,137094932307272,478.5,164.9,285.8,27.9,10.1,441.5,assemble attention plan@24/?-work_queue,Prepare hardware matmul job@24/?-work_queue,476.7,351.5,128.8,132.8,462.5
2814,137094937988899,576.1,167.0,371.9,37.2,16.0,438.7,notify_listener@25/0-worker,work_queue::do_work get_work@24/?-work_queue,574.2,438.7,126.3,137.3,560.0
2815,137094943757138,546.8,156.8,360.6,29.4,9.9,510.0,assemble attention plan@24/?-work_queue,Prepare hardware matmul job@24/?-work_queue,545.0,418.2,119.7,124.1,529.9
2816,137094949458482,766.8,170.5,562.4,34.0,12.6,633.6,notify_listener@25/0-worker,work_queue::do_work get_work@24/?-work_queue,764.7,633.6,129.8,148.3,751.0
2817,137094955415817,993.2,612.4,273.4,107.5,76.3,518.5,kernel_add_rmsnorm_71@25/0-worker,prepare streams@25/0-worker,991.9,859.1,597.1,602.4,975.5
2818,137094961627496,576.4,168.4,373.9,34.1,15.9,438.5,notify_listener@25/0-worker,work_queue::do_work get_work@24/?-work_queue,574.8,438.5,130.5,139.8,560.2
2819,137094967401078,1694.1,673.2,815.7,205.2,73.1,537.5,kernel_add_rmsnorm_71@25/0-worker,prepare streams@25/0-worker,1691.7,1383.4,612.4,616.8,1677.0
2820,137094974272958,491.9,160.7,295.4,35.7,13.3,358.0,notify_listener@25/0-worker,work_queue::do_work get_work@24/?-work_queue,490.2,358.0,118.9,122.8,476.1
2821,137094979958620,538.2,187.7,319.6,30.9,11.0,499.6,assemble attention plan@24/?-work_queue,Prepare hardware matmul job@24/?-work_queue,536.6,402.8,138.6,147.3,522.4
2822,137094985691127,596.5,187.0,373.3,36.2,13.8,454.9,notify_listener@25/0-worker,work_queue::do_work get_work@24/?-work_queue,593.7,454.9,130.5,143.8,580.2
2823,137094991480582,1011.4,613.0,362.3,36.0,12.5,972.1,assemble attention plan@24/?-work_queue,Prepare hardware matmul job@24/?-work_queue,1008.8,875.6,565.2,570.6,994.8
2824,137094997702005,577.3,168.3,375.9,33.1,12.7,440.7,notify_listener@25/0-worker,work_queue::do_work get_work@24/?-work_queue,575.1,440.7,127.6,132.9,561.2
2825,137095003458260,1770.1,908.4,833.3,28.5,11.0,1731.4,assemble attention plan@24/?-work_queue,Prepare hardware matmul job@24/?-work_queue,1767.9,1604.1,961.4,977.8,1753.1
2826,137095010492533,588.1,171.1,382.8,34.3,12.6,438.5,notify_listener@25/0-worker,work_queue::do_work get_work@24/?-work_queue,586.2,438.5,125.9,130.4,571.0
2827,137095016227410,581.0,188.6,360.3,32.0,10.8,544.0,assemble attention plan@24/?-work_queue,Prepare hardware matmul job@24/?-work_queue,579.4,431.6,129.6,133.2,565.5
2828,137095022017943,1231.6,575.2,507.7,148.7,115.9,501.0,kernel_add_rmsnorm_71@25/0-worker,prepare streams@25/0-worker,1230.1,1086.9,619.8,625.8,1216.8
2829,137095028444134,530.8,165.8,324.1,40.8,22.5,386.8,notify_listener@25/0-worker,work_queue::do_work get_work@24/?-work_queue,528.7,386.8,135.5,148.6,515.1
2830,137095034147927,565.9,161.1,371.1,33.6,14.2,426.3,notify_listener@25/0-worker,work_queue::do_work get_work@24/?-work_queue,563.5,426.3,121.6,125.9,550.7
2831,137095039892861,511.2,177.5,304.7,29.1,10.2,475.0,assemble attention plan@24/?-work_queue,Prepare hardware matmul job@24/?-work_queue,509.5,381.5,135.5,141.0,495.3
2832,137095045611501,498.8,169.6,293.2,36.0,13.7,358.6,notify_listener@25/0-worker,work_queue::do_work get_work@24/?-work_queue,498.6,358.6,117.2,122.5,482.5
2833,137095051265833,568.8,181.9,357.2,29.8,10.5,532.7,assemble attention plan@24/?-work_queue,Prepare hardware matmul job@24/?-work_queue,567.3,441.7,140.3,145.2,553.2
2834,137095057070999,581.5,166.5,378.2,36.9,15.7,444.0,notify_listener@25/0-worker,work_queue::do_work get_work@24/?-work_queue,579.5,444.0,123.4,129.9,566.2
2835,137095062821129,681.6,306.7,339.7,35.2,16.0,639.5,assemble attention plan@24/?-work_queue,Prepare hardware matmul job@24/?-work_queue,679.8,542.8,238.2,242.9,666.1
2836,137095068646601,511.4,175.4,305.2,30.8,12.4,378.0,notify_listener@25/0-worker,work_queue::do_work get_work@24/?-work_queue,509.5,378.0,129.5,136.4,496.6
2837,137095074477067,2251.0,1059.4,903.6,288.1,142.3,2081.3,assemble attention plan@24/?-work_queue,Prepare hardware matmul job@24/?-work_queue,2248.4,1403.5,567.8,583.1,2233.7
2838,137095081956460,479.9,170.0,281.6,28.2,9.7,349.9,notify_listener@25/0-worker,work_queue::do_work get_work@24/?-work_queue,477.4,349.9,120.3,128.6,463.0
2839,137095087655091,670.7,180.1,459.0,31.6,12.0,631.9,assemble attention plan@24/?-work_queue,Prepare hardware matmul job@24/?-work_queue,668.0,538.2,144.3,153.7,653.2
2840,137095093482337,985.0,601.2,351.2,32.6,10.8,947.7,assemble attention plan@24/?-work_queue,Prepare hardware matmul job@24/?-work_queue,983.1,854.6,552.2,560.0,968.6
2841,137095099679883,825.8,350.8,439.6,35.5,13.0,689.5,notify_listener@25/0-worker,work_queue::do_work get_work@24/?-work_queue,823.4,689.5,366.2,372.1,808.5
2842,137095105688937,581.5,183.7,368.3,29.6,10.1,539.2,assemble attention plan@24/?-work_queue,Prepare hardware matmul job@24/?-work_queue,579.2,442.3,131.8,136.0,558.8
2843,137095111418717,600.1,172.1,396.4,31.6,11.3,453.6,notify_listener@25/0-worker,work_queue::do_work get_work@24/?-work_queue,598.2,453.6,118.2,123.1,570.6
2844,137095117202334,1174.3,630.8,394.7,148.8,119.0,586.6,kernel_add_rmsnorm_71@25/0-worker,prepare streams@25/0-worker,1172.5,1034.5,726.6,738.2,1151.6
2845,137095123531986,519.4,176.0,308.3,35.1,13.3,377.5,notify_listener@25/0-worker,work_queue::do_work get_work@24/?-work_queue,517.3,377.5,138.2,143.2,497.0
2846,137095129289307,556.6,161.9,363.9,30.8,10.6,514.5,assemble attention plan@24/?-work_queue,Prepare hardware matmul job@24/?-work_queue,554.9,420.3,123.8,128.4,535.2
2847,137095135043000,1205.4,589.9,475.2,140.3,105.3,505.0,kernel_add_rmsnorm_71@25/0-worker,prepare streams@25/0-worker,1203.4,1056.0,612.1,621.3,1173.3
2848,137095141450908,575.9,189.0,354.7,32.3,10.6,523.6,assemble attention plan@24/?-work_queue,Prepare hardware matmul job@24/?-work_queue,574.0,425.7,128.0,133.2,543.7
2849,137095147246214,1863.2,704.0,900.4,258.8,117.0,1513.9,notify_listener@25/0-worker,work_queue::do_work get_work@24/?-work_queue,1860.9,1513.9,774.6,779.7,1846.4
2850,137095154360748,1775.5,615.0,958.6,201.8,96.2,552.5,kernel_add_rmsnorm_71@25/0-worker,prepare streams@25/0-worker,1773.3,1549.1,796.4,661.5,1757.9
2851,137095161331838,879.2,172.6,674.8,31.8,16.2,836.9,assemble attention plan@24/?-work_queue,Prepare hardware matmul job@24/?-work_queue,877.6,732.4,127.7,131.8,863.4
2852,137095167434548,569.1,166.5,374.8,27.8,10.2,529.2,assemble attention plan@24/?-work_queue,Prepare hardware matmul job@24/?-work_queue,564.5,436.4,123.8,130.0,549.8
2853,137095173198260,580.6,181.5,366.5,32.6,11.6,542.6,assemble attention plan@24/?-work_queue,Prepare hardware matmul job@24/?-work_queue,578.9,446.4,134.7,152.4,565.0
2854,137095179097133,492.9,169.3,287.7,36.0,14.8,353.3,notify_listener@25/0-worker,work_queue::do_work get_work@24/?-work_queue,491.4,353.3,116.9,138.4,477.1
2855,137095184723162,509.7,171.2,308.7,29.8,11.8,471.1,assemble attention plan@24/?-work_queue,Prepare hardware matmul job@24/?-work_queue,507.4,378.2,129.6,138.6,493.6
2856,137095190436456,1672.3,632.3,818.1,221.9,116.9,1354.4,notify_listener@25/0-worker,work_queue::do_work get_work@24/?-work_queue,1670.7,1354.4,584.9,608.3,1656.6
2857,137095197286965,1847.7,786.9,909.8,151.0,115.5,775.9,kernel_add_rmsnorm_71@25/0-worker,prepare streams@25/0-worker,1845.5,1709.7,894.3,901.3,1829.2
2858,137095204374615,558.0,163.1,368.7,26.2,11.4,518.9,assemble attention plan@24/?-work_queue,Prepare hardware matmul job@24/?-work_queue,555.7,427.5,124.6,133.9,540.7
2859,137095210167894,561.1,172.4,359.9,28.8,10.7,523.6,assemble attention plan@24/?-work_queue,Prepare hardware matmul job@24/?-work_queue,558.7,433.8,127.8,140.2,544.4
2860,137095215964628,493.6,187.1,276.6,29.9,10.4,457.6,assemble attention plan@24/?-work_queue,Prepare hardware matmul job@24/?-work_queue,492.0,364.6,139.1,147.1,478.2
2861,137095221600477,670.0,205.0,432.0,32.9,13.7,537.5,notify_listener@25/0-worker,work_queue::do_work get_work@24/?-work_queue,668.3,537.5,149.9,161.6,653.9
2862,137095227532303,2506.6,973.7,528.6,1004.3,816.4,979.2,notify_listener@25/0-worker,work_queue::do_work get_work@24/?-work_queue,2504.7,979.2,496.7,500.8,2490.2
2863,137095235279743,511.4,165.2,318.6,27.6,9.4,477.0,assemble attention plan@24/?-work_queue,Prepare hardware matmul job@24/?-work_queue,509.7,385.5,125.4,129.8,496.9
2864,137095240953557,530.3,206.9,293.8,29.7,11.3,492.8,assemble attention plan@24/?-work_queue,Prepare hardware matmul job@24/?-work_queue,528.0,400.6,161.2,166.3,514.2
2865,137095246657270,640.7,171.0,437.5,32.2,10.4,602.3,assemble attention plan@24/?-work_queue,Prepare hardware matmul job@24/?-work_queue,637.6,509.6,123.5,182.2,623.3
2866,137095252551231,695.8,180.9,476.8,38.1,15.2,555.5,notify_listener@25/0-worker,work_queue::do_work get_work@24/?-work_queue,693.3,555.5,129.9,150.8,679.9
2867,137095258483894,558.0,167.8,346.9,43.3,20.8,510.4,assemble attention plan@24/?-work_queue,Prepare hardware matmul job@24/?-work_queue,556.2,417.2,111.1,116.7,541.8
2868,137095264215634,938.0,181.1,724.3,32.6,12.5,805.0,notify_listener@25/0-worker,work_queue::do_work get_work@24/?-work_queue,936.1,805.0,150.6,154.7,922.0
2869,137095270388896,848.6,175.4,643.1,30.1,10.8,812.0,assemble attention plan@24/?-work_queue,Prepare hardware matmul job@24/?-work_queue,846.6,717.5,136.6,185.0,833.5
2870,137095276439651,1699.1,647.9,841.6,209.6,143.6,1375.0,notify_listener@25/0-worker,work_queue::do_work get_work@24/?-work_queue,1697.5,1375.0,579.0,582.8,1664.9
2871,137095283406525,2289.1,1039.4,902.8,346.9,134.3,2121.4,assemble attention plan@24/?-work_queue,Prepare hardware matmul job@24/?-work_queue,2287.4,1478.6,718.0,642.5,2265.5
2872,137095290896417,578.7,166.4,382.5,29.9,10.3,532.8,assemble attention plan@24/?-work_queue,Prepare hardware matmul job@24/?-work_queue,576.5,433.9,117.3,122.2,553.2
2873,137095296687902,748.4,427.7,287.1,33.6,14.0,590.7,notify_listener@25/0-worker,work_queue::do_work get_work@24/?-work_queue,746.1,590.7,355.4,360.7,708.8
2874,137095302706160,566.1,168.9,368.0,29.2,10.2,423.2,notify_listener@25/0-worker,work_queue::do_work get_work@24/?-work_queue,564.3,423.2,112.3,118.6,543.7
2875,137095308503246,593.8,174.1,384.8,34.9,15.2,442.6,notify_listener@25/0-worker,work_queue::do_work get_work@24/?-work_queue,591.1,442.6,129.1,133.3,567.9
2876,137095314300139,1030.0,592.1,295.3,142.5,113.1,521.5,kernel_add_rmsnorm_71@25/0-worker,prepare streams@25/0-worker,1027.2,883.2,636.9,641.0,1000.0
2877,137095320556303,531.7,181.3,317.6,32.8,13.0,380.8,notify_listener@25/0-worker,work_queue::do_work get_work@24/?-work_queue,529.8,380.8,121.0,126.7,506.1
2878,137095326286482,578.4,166.2,384.3,27.8,10.5,535.2,assemble attention plan@24/?-work_queue,Prepare hardware matmul job@24/?-work_queue,576.1,439.0,134.0,138.0,556.3
2879,137095332069196,569.5,163.8,368.8,36.9,17.4,427.0,notify_listener@25/0-worker,work_queue::do_work get_work@24/?-work_queue,567.7,427.0,121.2,126.0,552.8
2880,137095337879123,1240.5,263.5,828.1,148.8,95.1,887.5,notify_listener@25/0-worker,work_queue::do_work get_work@24/?-work_queue,1238.9,887.5,132.5,140.7,1222.9
2881,137095344282965,508.6,174.0,293.1,41.5,14.8,361.4,notify_listener@25/0-worker,work_queue::do_work get_work@24/?-work_queue,506.6,361.4,131.9,138.0,492.2
2882,137095350068093,2410.7,1154.7,881.9,374.0,129.4,2253.8,assemble attention plan@24/?-work_queue,Prepare hardware matmul job@24/?-work_queue,2408.8,1560.7,745.5,751.5,2394.2
2883,137095357687568,557.1,151.5,364.0,41.6,16.1,514.6,assemble attention plan@24/?-work_queue,Prepare hardware matmul job@24/?-work_queue,555.4,418.0,119.5,123.2,540.8
2884,137095363445258,566.9,182.8,356.5,27.5,10.3,525.4,assemble attention plan@24/?-work_queue,Prepare hardware matmul job@24/?-work_queue,565.2,432.6,129.1,150.6,545.8
2885,137095369178605,1160.3,738.1,288.0,134.2,108.8,597.1,kernel_add_rmsnorm_71@25/0-worker,prepare streams@25/0-worker,1158.7,1035.1,708.2,720.4,1145.4
2886,137095375527245,993.3,564.7,337.9,90.7,68.3,793.8,notify_listener@25/0-worker,work_queue::do_work get_work@24/?-work_queue,990.5,793.8,516.8,522.2,976.5
2887,137095381723876,507.5,165.9,312.0,29.6,10.7,372.0,notify_listener@25/0-worker,work_queue::do_work get_work@24/?-work_queue,505.1,372.0,124.4,128.3,490.9
2888,137095387463290,955.3,593.4,296.4,65.5,23.6,527.3,kernel_add_rmsnorm_71@25/0-worker,prepare streams@25/0-worker,952.4,809.9,553.3,560.4,938.5
2889,137095393594883,835.9,512.2,291.1,32.5,11.1,701.3,notify_listener@25/0-worker,work_queue::do_work get_work@24/?-work_queue,834.4,701.3,451.9,459.8,819.0
2890,137095399686468,2455.7,1075.4,935.2,445.1,175.5,2252.6,assemble attention plan@24/?-work_queue,Prepare hardware matmul job@24/?-work_queue,2453.7,1646.0,857.6,875.0,2439.5
2891,137095407371566,2262.1,1060.6,808.0,393.5,151.6,2083.3,assemble attention plan@24/?-work_queue,Prepare hardware matmul job@24/?-work_queue,2260.5,1418.0,640.2,660.3,2245.7
2892,137095414825508,606.3,194.7,382.9,28.8,10.4,568.5,assemble attention plan@24/?-work_queue,Prepare hardware matmul job@24/?-work_queue,604.5,475.1,148.4,153.0,589.7
2893,137095420619064,512.9,174.0,307.0,31.9,12.5,473.9,assemble attention plan@24/?-work_queue,Prepare hardware matmul job@24/?-work_queue,511.1,369.6,126.8,134.3,496.4
2894,137095426369053,2379.4,1030.1,982.4,367.0,159.9,2194.1,assemble attention plan@24/?-work_queue,Prepare hardware matmul job@24/?-work_queue,2377.8,1579.3,647.5,653.5,2363.9
2895,137095434013198,1228.5,637.3,436.8,154.4,122.4,565.0,kernel_add_rmsnorm_71@25/0-worker,prepare streams@25/0-worker,1226.9,1095.5,689.4,694.6,1212.4
2896,137095440442922,493.2,166.7,295.1,31.4,12.1,454.5,assemble attention plan@24/?-work_queue,Prepare hardware matmul job@24/?-work_queue,490.0,359.0,132.0,136.6,476.6
2897,137095446135410,1161.3,605.1,420.0,136.3,103.9,535.8,kernel_add_rmsnorm_71@25/0-worker,prepare streams@25/0-worker,1153.2,1030.7,642.9,646.9,1144.6
2898,137095452498345,545.9,162.4,342.5,41.0,16.1,396.7,notify_listener@25/0-worker,work_queue::do_work get_work@24/?-work_queue,544.1,396.7,129.7,134.1,525.4
2899,137095458219601,941.4,162.5,742.9,36.0,15.7,886.9,assemble attention plan@24/?-work_queue,Prepare hardware matmul job@24/?-work_queue,939.0,793.9,116.8,121.4,912.7
2900,137095464323790,571.1,178.5,358.6,34.0,14.7,411.2,notify_listener@25/0-worker,work_queue::do_work get_work@24/?-work_queue,568.8,411.2,104.0,108.4,529.7
2901,137095470100174,580.8,157.4,393.4,30.0,10.8,535.7,assemble attention plan@24/?-work_queue,Prepare hardware matmul job@24/?-work_queue,577.7,442.5,126.5,140.5,556.3
2902,137095475895952,1795.1,528.9,933.0,333.2,157.2,1607.0,assemble attention plan@24/?-work_queue,Prepare hardware matmul job@24/?-work_queue,1793.2,981.3,119.0,124.4,1773.9
2903,137095482934581,1194.1,213.8,852.2,128.2,73.0,944.3,notify_listener@25/0-worker,work_queue::do_work get_work@24/?-work_queue,1192.7,944.3,176.3,191.2,1176.8
2904,137095489298571,1134.2,627.1,347.4,159.8,125.2,564.0,kernel_add_rmsnorm_71@25/0-worker,prepare streams@25/0-worker,1132.2,996.9,691.4,695.5,1117.0
2905,137095495669546,850.7,455.0,361.9,33.8,14.4,694.5,notify_listener@25/0-worker,work_queue::do_work get_work@24/?-work_queue,848.2,694.5,375.7,389.7,833.4
2906,137095501806608,472.4,161.4,281.8,29.2,10.5,429.0,assemble attention plan@24/?-work_queue,Prepare hardware matmul job@24/?-work_queue,470.2,334.9,111.0,116.6,455.2
2907,137095507479862,572.9,170.5,366.6,35.8,12.7,427.7,notify_listener@25/0-worker,work_queue::do_work get_work@24/?-work_queue,571.2,427.7,119.8,126.1,556.7
2908,137095513257491,503.7,175.4,297.2,31.2,12.2,366.0,notify_listener@25/0-worker,work_queue::do_work get_work@24/?-work_queue,501.7,366.0,116.6,123.4,487.5
2909,137095518943980,683.4,167.1,482.3,34.0,12.0,544.6,notify_listener@25/0-worker,work_queue::do_work get_work@24/?-work_queue,681.4,544.6,244.2,249.2,667.3
2910,137095524904154,1207.6,263.4,818.2,125.9,76.7,872.6,notify_listener@25/0-worker,work_queue::do_work get_work@24/?-work_queue,1205.5,872.6,117.0,131.0,1191.6
2911,137095531325459,1069.0,588.4,334.3,146.3,110.8,506.3,kernel_add_rmsnorm_71@25/0-worker,prepare streams@25/0-worker,1065.8,935.0,619.6,625.9,1051.8
2912,137095537587344,489.1,171.7,289.2,28.2,10.6,452.2,assemble attention plan@24/?-work_queue,Prepare hardware matmul job@24/?-work_queue,486.8,358.1,124.0,141.0,473.1
2913,137095543263267,1102.3,590.1,357.3,154.8,117.6,515.3,kernel_add_rmsnorm_71@25/0-worker,prepare streams@25/0-worker,1100.3,962.9,635.9,645.9,1084.2
2914,137095549620905,566.6,167.2,367.1,32.3,10.6,429.8,notify_listener@25/0-worker,work_queue::do_work get_work@24/?-work_queue,564.2,429.8,122.6,128.0,549.9
2915,137095555431613,2441.1,997.1,876.2,567.7,368.1,2046.3,assemble attention plan@24/?-work_queue,Prepare hardware matmul job@24/?-work_queue,2439.3,1350.8,583.6,588.7,2425.0
2916,137095563143069,1126.7,642.9,334.1,149.7,119.3,566.5,kernel_add_rmsnorm_71@25/0-worker,prepare streams@25/0-worker,1124.1,997.9,688.6,694.8,1110.1
2917,137095569489240,2188.7,1036.6,856.9,295.3,172.1,1988.7,assemble attention plan@24/?-work_queue,Prepare hardware matmul job@24/?-work_queue,2186.7,1312.9,526.0,530.1,2171.4
2918,137095576994342,495.4,188.1,274.4,32.9,13.7,360.3,notify_listener@25/0-worker,work_queue::do_work get_work@24/?-work_queue,492.6,360.3,138.7,143.4,478.7
2919,137095582709729,568.6,167.6,374.7,26.3,10.1,531.7,assemble attention plan@24/?-work_queue,Prepare hardware matmul job@24/?-work_queue,566.7,439.7,132.7,137.7,551.8
2920,137095588494073,995.8,597.0,356.8,41.9,12.9,861.6,notify_listener@25/0-worker,work_queue::do_work get_work@24/?-work_queue,993.8,861.6,548.7,556.4,980.1
2921,137095594691960,794.1,451.3,317.5,25.3,8.6,758.6,assemble attention plan@24/?-work_queue,Prepare hardware matmul job@24/?-work_queue,792.1,669.1,389.1,395.2,778.2
2922,137095600758560,748.6,278.0,437.1,33.5,13.6,612.1,notify_listener@25/0-worker,work_queue::do_work get_work@24/?-work_queue,747.1,612.1,298.3,305.3,732.5
2923,137095606774859,562.1,175.0,357.6,29.5,10.5,524.7,assemble attention plan@24/?-work_queue,Prepare hardware matmul job@24/?-work_queue,560.2,434.4,123.9,131.3,545.2
2924,137095612573768,844.9,512.3,297.9,34.7,13.2,712.2,notify_listener@25/0-worker,work_queue::do_work get_work@24/?-work_queue,843.4,712.2,467.8,486.2,829.1
2925,137095618643024,555.3,172.8,351.5,31.0,11.2,515.3,assemble attention plan@24/?-work_queue,Prepare hardware matmul job@24/?-work_queue,551.8,423.3,115.4,125.8,537.9
2926,137095624453920,2232.1,1027.2,856.5,348.3,158.9,2045.5,assemble attention plan@24/?-work_queue,Prepare hardware matmul job@24/?-work_queue,2229.7,1355.8,592.7,602.6,2215.2
2927,137095631885682,505.2,178.6,293.7,32.9,10.7,468.7,assemble attention plan@24/?-work_queue,Prepare hardware matmul job@24/?-work_queue,503.4,373.2,137.1,141.8,489.2
2928,137095637605134,817.2,492.3,279.9,45.0,14.1,682.1,notify_listener@25/0-worker,work_queue::do_work get_work@24/?-work_queue,815.5,682.1,438.0,444.8,801.2
2929,137095643701360,704.8,399.5,272.3,33.0,11.6,567.9,notify_listener@25/0-worker,work_queue::do_work get_work@24/?-work_queue,703.2,567.9,344.5,349.5,685.0
2930,137095649728882,770.5,376.3,353.9,40.3,16.8,621.8,notify_listener@25/0-worker,work_queue::do_work get_work@24/?-work_queue,768.8,621.8,314.3,318.7,745.8
2931,137095655760742,559.4,156.5,371.6,31.3,15.5,510.6,assemble attention plan@24/?-work_queue,Prepare hardware matmul job@24/?-work_queue,556.5,418.9,108.0,111.7,535.6
2932,137095661566826,519.3,189.4,296.6,33.4,14.0,371.3,notify_listener@25/0-worker,work_queue::do_work get_work@24/?-work_queue,517.8,371.3,133.1,138.4,496.7
2933,137095667315910,593.8,178.9,386.2,28.7,11.3,455.7,notify_listener@25/0-worker,work_queue::do_work get_work@24/?-work_queue,591.7,455.7,136.7,140.9,570.2
2934,137095673169757,583.0,175.6,373.5,33.9,14.6,437.8,notify_listener@25/0-worker,work_queue::do_work get_work@24/?-work_queue,580.1,437.8,123.3,128.5,566.3
2935,137095678960430,505.8,166.9,307.3,31.6,11.9,460.1,assemble attention plan@24/?-work_queue,Prepare hardware matmul job@24/?-work_queue,503.6,364.9,107.1,115.1,489.7
2936,137095684741246,569.6,157.6,377.6,34.3,11.9,429.3,notify_listener@25/0-worker,work_queue::do_work get_work@24/?-work_queue,568.0,429.3,113.1,117.0,554.0
2937,137095690499865,735.8,159.8,548.2,27.8,9.9,691.6,assemble attention plan@24/?-work_queue,Prepare hardware matmul job@24/?-work_queue,733.6,599.4,113.4,117.2,719.0
2938,137095696604657,505.0,180.0,294.6,30.4,12.1,358.8,notify_listener@25/0-worker,work_queue::do_work get_work@24/?-work_queue,502.8,358.8,128.7,133.7,488.3
2939,137095702277681,742.8,415.9,283.9,43.1,13.2,587.7,notify_listener@25/0-worker,work_queue::do_work get_work@24/?-work_queue,741.2,587.7,347.1,355.3,719.9
2940,137095708315623,1811.1,542.4,856.0,412.7,187.2,1595.0,assemble attention plan@24/?-work_queue,Prepare hardware matmul job@24/?-work_queue,1808.4,915.7,138.8,144.7,1793.7
2941,137095715359322,1999.7,850.0,815.4,334.4,124.6,1846.1,assemble attention plan@24/?-work_queue,Prepare hardware matmul job@24/?-work_queue,1997.3,1129.8,372.7,384.0,1982.6
2942,137095722580557,717.5,180.3,506.6,30.6,11.3,679.4,assemble attention plan@24/?-work_queue,Prepare hardware matmul job@24/?-work_queue,715.6,573.8,129.4,146.5,700.7
2943,137095728510889,494.3,177.0,287.1,30.2,10.5,454.2,assemble attention plan@24/?-work_queue,Prepare hardware matmul job@24/?-work_queue,488.4,357.3,112.2,134.7,474.4
2944,137095734239702,1171.8,672.9,361.8,137.1,104.0,667.6,kernel_add_rmsnorm_71@25/0-worker,prepare streams@25/0-worker,1170.1,1043.8,774.4,780.4,1156.0
2945,137095740589593,571.6,173.6,364.7,33.3,14.8,432.8,notify_listener@25/0-worker,work_queue::do_work get_work@24/?-work_queue,569.7,432.8,119.5,123.3,555.8
2946,137095746392865,2217.4,1026.2,902.0,289.2,133.6,2054.5,assemble attention plan@24/?-work_queue,Prepare hardware matmul job@24/?-work_queue,2215.2,1390.8,627.8,634.4,2199.6
2947,137095753866701,589.0,219.9,322.8,46.3,15.9,546.7,assemble attention plan@24/?-work_queue,Prepare hardware matmul job@24/?-work_queue,587.1,448.8,207.5,211.3,573.6
2948,137095759664036,827.8,395.1,404.5,28.1,9.9,790.6,assemble attention plan@24/?-work_queue,Prepare hardware matmul job@24/?-work_queue,826.2,696.1,383.5,387.8,811.1
2949,137095765685053,550.8,164.3,347.8,38.7,16.7,411.0,notify_listener@25/0-worker,work_queue::do_work get_work@24/?-work_queue,548.8,411.0,110.6,116.2,535.4
2950,137095771447698,500.4,174.4,297.1,28.8,9.8,464.6,assemble attention plan@24/?-work_queue,Prepare hardware matmul job@24/?-work_queue,498.8,368.7,134.5,140.7,484.7
2951,137095777185350,1089.8,622.2,329.6,138.1,102.9,549.8,kernel_add_rmsnorm_71@25/0-worker,prepare streams@25/0-worker,1088.1,957.6,655.5,662.9,1073.9
2952,137095783457995,569.8,170.3,371.4,28.1,9.9,529.9,assemble attention plan@24/?-work_queue,Prepare hardware matmul job@24/?-work_queue,568.3,436.8,121.6,125.5,553.9
2953,137095789236638,2498.0,1278.4,877.7,341.9,147.1,2323.9,assemble attention plan@24/?-work_queue,Prepare hardware matmul job@24/?-work_queue,2496.0,1613.9,803.4,808.3,2481.1
2954,137095796939032,638.9,222.2,365.8,50.9,29.6,488.4,notify_listener@25/0-worker,work_queue::do_work get_work@24/?-work_queue,636.7,488.4,187.7,195.2,622.7
2955,137095802713877,542.4,177.5,332.2,32.7,14.1,400.4,notify_listener@25/0-worker,work_queue::do_work get_work@24/?-work_queue,535.0,400.4,121.0,125.1,521.4
2956,137095808405048,574.0,180.4,366.5,27.1,10.4,519.4,assemble attention plan@24/?-work_queue,Prepare hardware matmul job@24/?-work_queue,571.9,425.1,123.9,128.4,540.4
2957,137095814181032,507.4,169.7,304.6,33.2,13.8,362.0,notify_listener@25/0-worker,work_queue::do_work get_work@24/?-work_queue,505.7,362.0,124.3,128.9,482.8
2958,137095819934808,1796.4,678.2,823.4,294.7,160.2,1600.4,assemble attention plan@24/?-work_queue,Prepare hardware matmul job@24/?-work_queue,1794.3,924.5,173.0,189.9,1771.6
2959,137095827017551,1264.6,597.2,512.5,154.9,119.1,517.3,kernel_add_rmsnorm_71@25/0-worker,prepare streams@25/0-worker,1263.1,1121.7,638.9,646.0,1241.1
2960,137095833475502,755.7,163.9,561.5,30.2,12.3,709.0,assemble attention plan@24/?-work_queue,Prepare hardware matmul job@24/?-work_queue,754.1,616.5,117.5,122.6,731.7
2961,137095839484858,487.2,169.3,280.1,37.8,14.8,336.7,notify_listener@25/0-worker,work_queue::do_work get_work@24/?-work_queue,485.7,336.7,110.5,115.3,460.3
2962,137095845186436,2384.9,1048.1,549.7,787.1,483.9,1170.5,notify_listener@25/0-worker,work_queue::do_work get_work@24/?-work_queue,2383.1,1170.5,653.2,656.8,2367.8
2963,137095852834715,586.1,187.4,367.1,31.6,15.3,534.6,assemble attention plan@24/?-work_queue,Prepare hardware matmul job@24/?-work_queue,583.6,435.7,129.2,133.9,567.9
2964,137095858631498,595.3,180.4,377.7,37.3,15.4,442.9,notify_listener@25/0-worker,work_queue::do_work get_work@24/?-work_queue,592.9,442.9,123.7,128.8,578.9
2965,137095864451181,780.4,168.8,582.9,28.6,10.7,731.9,assemble attention plan@24/?-work_queue,Prepare hardware matmul job@24/?-work_queue,778.4,634.9,117.0,122.0,763.4
2966,137095870539015,895.6,461.2,397.5,36.9,13.8,753.4,notify_listener@25/0-worker,work_queue::do_work get_work@24/?-work_queue,893.6,753.4,504.5,512.2,880.4
2967,137095876606544,2410.6,1105.2,882.1,423.3,147.1,2233.1,assemble attention plan@24/?-work_queue,Prepare hardware matmul job@24/?-work_queue,2410.6,1467.6,697.7,708.6,2390.4
2968,137095884278135,1040.9,603.8,304.6,132.5,104.1,520.4,kernel_add_rmsnorm_71@25/0-worker,prepare streams@25/0-worker,1038.4,897.4,641.5,655.2,1023.4
2969,137095890512549,573.6,170.5,370.7,32.4,10.6,535.0,assemble attention plan@24/?-work_queue,Prepare hardware matmul job@24/?-work_queue,571.3,430.2,127.0,133.9,556.7
2970,137095896308375,2255.3,1098.6,751.8,404.9,156.5,2071.3,assemble attention plan@24/?-work_queue,Prepare hardware matmul job@24/?-work_queue,2252.9,1381.6,658.2,734.4,2238.7
2971,137095903863127,583.6,184.0,367.3,32.4,13.8,444.8,notify_listener@25/0-worker,work_queue::do_work get_work@24/?-work_queue,581.4,444.8,126.7,147.9,567.3
2972,137095909725579,695.9,373.0,287.9,35.0,11.3,561.5,notify_listener@25/0-worker,work_queue::do_work get_work@24/?-work_queue,693.9,561.5,316.7,321.1,679.8
2973,137095915625932,2046.7,866.8,849.7,330.2,158.7,1861.0,assemble attention plan@24/?-work_queue,Prepare hardware matmul job@24/?-work_queue,2044.6,1187.4,420.0,433.7,2029.1
2974,137095922955662,550.3,182.8,334.0,33.5,9.6,514.6,assemble attention plan@24/?-work_queue,Prepare hardware matmul job@24/?-work_queue,548.7,420.5,118.5,130.1,534.4
2975,137095928718107,622.9,189.7,391.6,41.6,22.2,478.3,notify_listener@25/0-worker,work_queue::do_work get_work@24/?-work_queue,621.3,478.3,131.2,135.3,608.0
2976,137095934541773,940.7,559.2,351.0,30.5,11.6,902.8,assemble attention plan@24/?-work_queue,Prepare hardware matmul job@24/?-work_queue,938.5,806.2,499.1,507.5,924.2
2977,137095940688564,496.6,164.5,302.0,30.1,12.7,362.8,notify_listener@25/0-worker,work_queue::do_work get_work@24/?-work_queue,494.4,362.8,125.2,128.9,480.5
2978,137095946498076,568.2,160.4,379.3,28.6,10.0,530.7,assemble attention plan@24/?-work_queue,Prepare hardware matmul job@24/?-work_queue,566.7,433.3,133.5,137.8,551.7
2979,137095952293980,576.2,160.0,378.3,37.8,15.6,533.9,assemble attention plan@24/?-work_queue,Prepare hardware matmul job@24/?-work_queue,576.1,436.2,128.5,132.2,560.0
2980,137095958083505,1182.5,632.3,398.7,151.5,122.4,578.0,kernel_add_rmsnorm_71@25/0-worker,prepare streams@25/0-worker,1180.7,1051.4,702.9,710.7,1167.5
2981,137095964442974,586.1,176.9,371.0,38.2,15.6,445.7,notify_listener@25/0-worker,work_queue::do_work get_work@24/?-work_queue,584.0,445.7,140.0,144.5,570.0
2982,137095970294433,2429.8,1132.6,875.9,421.3,157.4,2246.0,assemble attention plan@24/?-work_queue,Prepare hardware matmul job@24/?-work_queue,2428.1,1528.3,720.4,728.5,2413.9
2983,137095977946807,503.0,162.4,310.1,30.5,10.9,466.7,assemble attention plan@24/?-work_queue,Prepare hardware matmul job@24/?-work_queue,501.3,371.4,120.7,133.0,487.5
2984,137095983649586,571.3,171.1,371.8,28.5,9.8,437.0,notify_listener@25/0-worker,work_queue::do_work get_work@24/?-work_queue,568.1,437.0,127.8,132.7,554.5
2985,137095989434457,571.0,175.9,365.9,29.2,12.5,529.0,assemble attention plan@24/?-work_queue,Prepare hardware matmul job@24/?-work_queue,569.4,433.9,123.5,129.9,551.6
2986,137095995255560,531.7,176.2,318.9,36.6,15.1,392.1,notify_listener@25/0-worker,work_queue::do_work get_work@24/?-work_queue,529.5,392.1,148.9,154.8,515.0
2987,137096001046305,1240.1,633.2,472.1,134.8,101.3,572.8,kernel_add_rmsnorm_71@25/0-worker,prepare streams@25/0-worker,1238.3,1110.7,676.6,683.3,1222.7
2988,137096007521562,581.2,179.8,369.8,31.6,12.9,441.1,notify_listener@25/0-worker,work_queue::do_work get_work@24/?-work_queue,579.3,441.1,135.6,142.0,565.1
2989,137096013336969,588.5,173.9,386.8,27.8,10.7,545.8,assemble attention plan@24/?-work_queue,Prepare hardware matmul job@24/?-work_queue,580.9,451.0,131.4,135.6,567.2
2990,137096019204225,1099.8,628.5,329.0,142.2,105.3,558.8,kernel_add_rmsnorm_71@25/0-worker,prepare streams@25/0-worker,1098.2,955.0,667.2,679.7,1077.0
2991,137096025506086,977.5,586.2,363.7,27.7,9.4,844.7,notify_listener@25/0-worker,work_queue::do_work get_work@24/?-work_queue,975.5,844.7,537.5,544.0,957.8
2992,137096031800460,655.9,301.3,319.1,35.5,12.9,509.4,notify_listener@25/0-worker,work_queue::do_work get_work@24/?-work_queue,654.4,509.4,254.2,260.6,628.9
2993,137096037680771,575.9,176.8,369.9,29.2,11.5,434.9,notify_listener@25/0-worker,work_queue::do_work get_work@24/?-work_queue,572.5,434.9,122.3,128.7,551.5
2994,137096043587766,724.6,176.9,511.7,36.0,15.5,573.6,notify_listener@25/0-worker,work_queue::do_work get_work@24/?-work_queue,722.1,573.6,134.1,197.4,697.8
2995,137096049530607,907.9,579.8,288.6,39.5,17.4,856.1,assemble attention plan@24/?-work_queue,Prepare hardware matmul job@24/?-work_queue,905.5,762.5,507.9,515.4,890.4
2996,137096055697756,612.4,179.6,397.7,35.1,15.9,465.8,notify_listener@25/0-worker,work_queue::do_work get_work@24/?-work_queue,609.4,465.8,130.6,143.4,595.1
2997,137096061518417,870.3,564.3,266.2,39.7,10.8,733.0,notify_listener@25/0-worker,work_queue::do_work get_work@24/?-work_queue,868.7,733.0,498.0,506.0,855.5
2998,137096067643264,591.8,177.7,377.9,36.3,16.8,441.4,notify_listener@25/0-worker,work_queue::do_work get_work@24/?-work_queue,590.0,441.4,125.8,130.6,575.9
2999,137096073510919,568.0,164.4,359.2,44.5,14.2,484.3,resize@24/?-work_queue,construct_minibatches@24/?-work_queue,566.5,420.0,120.6,127.6,551.3
3000,137096079359077,2409.0,1116.3,823.1,469.6,172.3,2210.2,assemble attention plan@24/?-work_queue,Prepare hardware matmul job@24/?-work_queue,2407.4,1417.5,659.0,664.0,2392.5
3001,137096087036981,2271.2,1035.8,853.1,382.3,146.7,2098.4,assemble attention plan@24/?-work_queue,Prepare hardware matmul job@24/?-work_queue,2269.6,1451.9,659.5,704.2,2254.9
3002,137096094621596,818.0,483.6,304.5,29.9,11.9,778.4,assemble attention plan@24/?-work_queue,Prepare hardware matmul job@24/?-work_queue,815.0,683.2,417.3,436.8,800.8
3003,137096100726267,699.7,377.8,287.9,34.0,14.4,563.5,notify_listener@25/0-worker,work_queue::do_work get_work@24/?-work_queue,697.4,563.5,321.9,334.1,683.9
3004,137096106658583,723.0,192.4,494.5,36.2,12.3,579.8,notify_listener@25/0-worker,work_queue::do_work get_work@24/?-work_queue,720.9,579.8,119.8,123.7,707.0
3005,137096112591602,834.6,519.3,277.7,37.7,16.6,688.2,notify_listener@25/0-worker,work_queue::do_work get_work@24/?-work_queue,832.7,688.2,445.3,449.7,818.9
3006,137096118662930,585.3,199.2,356.3,29.8,10.2,548.0,assemble attention plan@24/?-work_queue,Prepare hardware matmul job@24/?-work_queue,582.6,425.0,117.8,123.3,569.0
3007,137096124442730,514.1,180.0,297.9,36.1,16.9,373.3,notify_listener@25/0-worker,work_queue::do_work get_work@24/?-work_queue,512.1,373.3,145.3,149.2,498.0
3008,137096130131332,1204.9,682.8,370.2,151.9,124.1,634.5,kernel_add_rmsnorm_71@25/0-worker,prepare streams@25/0-worker,1203.3,1072.0,761.1,765.6,1189.2
3009,137096136532645,711.9,185.6,490.8,35.5,15.8,567.4,notify_listener@25/0-worker,work_queue::do_work get_work@24/?-work_queue,709.5,567.4,126.4,143.5,695.4
3010,137096142457766,760.6,172.9,559.3,28.4,11.7,722.6,assemble attention plan@24/?-work_queue,Prepare hardware matmul job@24/?-work_queue,757.6,627.3,118.2,123.7,744.4
3011,137096148407551,557.2,170.0,349.3,38.0,16.4,513.0,assemble attention plan@24/?-work_queue,Prepare hardware matmul job@24/?-work_queue,554.8,413.8,120.2,123.7,539.9
3012,137096154147402,565.3,165.5,368.7,31.1,10.8,529.7,assemble attention plan@24/?-work_queue,Prepare hardware matmul job@24/?-work_queue,565.3,433.6,123.9,128.9,550.2
3013,137096159919099,629.0,172.2,425.6,31.2,12.4,494.1,notify_listener@25/0-worker,work_queue::do_work get_work@24/?-work_queue,622.7,494.1,244.9,249.0,609.6
3014,137096165756323,730.4,357.6,335.2,37.6,12.6,681.8,assemble attention plan@24/?-work_queue,Prepare hardware matmul job@24/?-work_queue,727.7,587.6,288.5,294.2,704.7
3015,137096171678672,819.7,429.6,355.4,34.6,14.7,669.4,notify_listener@25/0-worker,work_queue::do_work get_work@24/?-work_queue,817.4,669.4,365.6,376.8,794.5
3016,137096177688193,564.7,167.2,368.3,29.2,10.8,522.4,assemble attention plan@24/?-work_queue,Prepare hardware matmul job@24/?-work_queue,563.1,426.4,121.2,125.8,542.8
3017,137096183460376,574.0,174.0,367.3,32.7,13.4,426.7,notify_listener@25/0-worker,work_queue::do_work get_work@24/?-work_queue,571.4,426.7,120.1,128.0,551.4
3018,137096189254866,1789.4,592.5,911.3,285.5,160.7,1593.9,assemble attention plan@24/?-work_queue,Prepare hardware matmul job@24/?-work_queue,1786.4,960.6,127.3,131.7,1765.3
3019,137096196258149,590.8,164.5,394.3,31.9,14.3,449.2,notify_listener@25/0-worker,work_queue::do_work get_work@24/?-work_queue,588.9,449.2,134.4,145.3,568.4
3020,137096202067210,560.7,163.5,365.2,32.0,8.7,519.1,assemble attention plan@24/?-work_queue,Prepare hardware matmul job@24/?-work_queue,559.0,423.9,122.2,128.6,544.4
3021,137096207805845,567.8,170.0,364.3,33.6,12.9,424.6,notify_listener@25/0-worker,work_queue::do_work get_work@24/?-work_queue,565.5,424.6,112.0,117.1,551.2
3022,137096213675030,732.9,434.0,267.3,31.7,12.2,681.2,assemble attention plan@24/?-work_queue,Prepare hardware matmul job@24/?-work_queue,730.2,587.2,362.4,368.7,715.3
3023,137096219564115,1572.2,551.3,858.3,162.6,114.8,1224.4,notify_listener@25/0-worker,work_queue::do_work get_work@24/?-work_queue,1569.6,1224.4,480.6,486.3,1555.5
3024,137096226380801,583.2,186.4,358.9,37.9,11.9,545.0,assemble attention plan@24/?-work_queue,Prepare hardware matmul job@24/?-work_queue,581.3,437.0,130.5,135.9,567.1
3025,137096232175738,563.7,159.4,369.5,34.8,13.2,418.7,notify_listener@25/0-worker,work_queue::do_work get_work@24/?-work_queue,562.0,418.7,116.5,123.2,547.1
3026,137096237937770,580.2,170.1,379.0,31.2,10.3,543.8,assemble attention plan@24/?-work_queue,Prepare hardware matmul job@24/?-work_queue,578.2,447.5,121.6,141.0,564.7
3027,137096243744176,691.7,358.9,292.3,40.5,14.9,651.2,assemble attention plan@24/?-work_queue,Prepare hardware matmul job@24/?-work_queue,689.3,548.9,296.1,300.6,675.4
3028,137096249710397,558.6,168.9,360.3,29.4,10.6,519.3,assemble attention plan@24/?-work_queue,Prepare hardware matmul job@24/?-work_queue,556.3,423.2,115.1,129.7,541.6
3029,137096255433717,497.3,164.6,298.6,34.1,13.4,361.6,notify_listener@25/0-worker,work_queue::do_work get_work@24/?-work_queue,494.5,361.6,117.8,122.2,480.0
3030,137096261182811,509.8,180.2,300.2,29.4,11.1,474.1,assemble attention plan@24/?-work_queue,Prepare hardware matmul job@24/?-work_queue,508.1,380.2,129.9,135.0,495.4
3031,137096266927403,563.1,164.8,367.8,30.5,11.3,429.5,notify_listener@25/0-worker,work_queue::do_work get_work@24/?-work_queue,561.6,429.5,132.9,137.9,547.1
3032,137096272687619,572.2,176.9,363.8,31.5,11.5,433.2,notify_listener@25/0-worker,work_queue::do_work get_work@24/?-work_queue,570.1,433.2,127.8,132.4,555.6
3033,137096278454838,953.0,605.7,271.3,76.0,26.5,531.4,kernel_add_rmsnorm_71@25/0-worker,prepare streams@25/0-worker,951.0,814.0,563.3,575.1,936.4
3034,137096284673843,730.2,393.8,305.6,30.8,12.5,689.1,assemble attention plan@24/?-work_queue,Prepare hardware matmul job@24/?-work_queue,726.9,593.7,365.6,371.7,712.2
3035,137096290669221,502.4,166.4,301.7,34.4,14.2,359.8,notify_listener@25/0-worker,work_queue::do_work get_work@24/?-work_queue,500.5,359.8,128.3,133.4,485.1
3036,137096296354472,505.7,188.6,287.0,30.1,10.6,368.1,notify_listener@25/0-worker,work_queue::do_work get_work@24/?-work_queue,503.3,368.1,127.2,131.0,489.6
3037,137096302075390,1214.2,615.9,437.7,160.5,122.5,562.2,kernel_add_rmsnorm_71@25/0-worker,prepare streams@25/0-worker,1212.1,1077.5,687.1,698.4,1198.3
3038,137096308515463,585.9,177.3,381.4,27.2,10.0,550.6,assemble attention plan@24/?-work_queue,Prepare hardware matmul job@24/?-work_queue,584.0,451.3,123.2,127.9,570.3
3039,137096314324742,519.5,173.8,311.5,34.1,14.1,380.1,notify_listener@25/0-worker,work_queue::do_work get_work@24/?-work_queue,516.4,380.1,122.4,127.8,502.0
3040,137096320080132,582.4,189.7,355.5,37.2,11.5,545.4,assemble attention plan@24/?-work_queue,Prepare hardware matmul job@24/?-work_queue,580.8,445.9,138.5,144.4,567.3
3041,137096325832636,1803.7,622.9,851.9,328.9,144.2,1628.2,assemble attention plan@24/?-work_queue,Prepare hardware matmul job@24/?-work_queue,1801.5,910.2,128.5,132.8,1783.5
3042,137096332914131,513.1,186.7,296.5,29.9,10.2,451.7,assemble attention plan@24/?-work_queue,Prepare hardware matmul job@24/?-work_queue,511.4,356.6,118.5,125.2,473.8
3043,137096338675165,675.2,191.8,445.7,37.7,14.5,613.3,assemble attention plan@24/?-work_queue,Prepare hardware matmul job@24/?-work_queue,673.2,511.7,121.9,125.3,638.4
3044,137096344569645,1552.6,560.0,837.9,154.7,92.4,1254.0,notify_listener@25/0-worker,work_queue::do_work get_work@24/?-work_queue,1550.5,1254.0,467.1,471.0,1529.3
3045,137096351385779,2263.0,1051.9,800.0,411.1,164.3,2062.4,assemble attention plan@24/?-work_queue,Prepare hardware matmul job@24/?-work_queue,2261.3,1374.9,629.3,644.6,2237.0
3046,137096358907431,1213.7,236.5,852.6,124.6,74.9,892.0,notify_listener@25/0-worker,work_queue::do_work get_work@24/?-work_queue,1211.8,892.0,115.6,119.3,1186.6
3047,137096365324888,573.2,166.3,373.2,33.8,12.1,431.5,notify_listener@25/0-worker,work_queue::do_work get_work@24/?-work_queue,571.3,431.5,122.5,126.8,554.2
3048,137096371138112,1184.8,649.1,391.4,144.3,109.7,582.5,kernel_add_rmsnorm_71@25/0-worker,prepare streams@25/0-worker,1181.2,1042.1,694.8,706.4,1166.5
3049,137096377514345,536.8,169.3,327.0,40.5,16.5,484.5,assemble attention plan@24/?-work_queue,Prepare hardware matmul job@24/?-work_queue,534.5,383.2,120.5,125.8,519.9
3050,137096383407082,583.2,163.5,383.1,36.6,18.3,537.9,assemble attention plan@24/?-work_queue,Prepare hardware matmul job@24/?-work_queue,581.3,445.2,134.9,139.5,567.3
3051,137096389176598,1132.3,604.9,386.1,141.3,109.0,511.6,kernel_add_rmsnorm_71@25/0-worker,prepare streams@25/0-worker,1129.8,965.6,622.7,629.8,1115.3
3052,137096395539728,1592.3,570.7,891.5,130.2,76.7,1323.3,notify_listener@25/0-worker,work_queue::do_work get_work@24/?-work_queue,1590.7,1323.3,512.7,564.6,1575.9
3053,137096402359865,1048.9,585.7,318.8,144.4,109.6,519.9,kernel_add_rmsnorm_71@25/0-worker,prepare streams@25/0-worker,1045.9,901.3,632.4,636.0,1030.9
3054,137096408630677,574.6,178.8,363.8,32.0,12.6,536.5,assemble attention plan@24/?-work_queue,Prepare hardware matmul job@24/?-work_queue,573.0,428.1,118.5,122.8,559.1
3055,137096414436270,521.7,183.9,307.3,30.5,11.7,388.9,notify_listener@25/0-worker,work_queue::do_work get_work@24/?-work_queue,519.6,388.9,143.9,165.9,505.8
3056,137096420277906,565.7,173.9,366.1,25.8,9.6,530.5,assemble attention plan@24/?-work_queue,Prepare hardware matmul job@24/?-work_queue,563.5,435.5,125.6,130.2,550.2
3057,137096426057299,1203.0,591.7,465.3,145.9,107.1,522.1,kernel_add_rmsnorm_71@25/0-worker,prepare streams@25/0-worker,1201.0,1062.1,646.3,655.8,1185.8
3058,137096432543850,2167.0,956.0,943.0,268.0,137.9,2002.4,assemble attention plan@24/?-work_queue,Prepare hardware matmul job@24/?-work_queue,2165.0,1368.0,481.9,487.7,2151.1
3059,137096439988727,545.1,193.6,309.3,42.2,17.1,502.1,assemble attention plan@24/?-work_queue,Prepare hardware matmul job@24/?-work_queue,543.0,378.9,129.3,134.5,529.2
3060,137096445726639,544.3,183.1,332.1,29.1,11.0,506.3,assemble attention plan@24/?-work_queue,Prepare hardware matmul job@24/?-work_queue,541.4,407.3,136.0,140.2,527.4
3061,137096451509892,720.6,172.3,514.9,33.4,13.6,581.2,notify_listener@25/0-worker,work_queue::do_work get_work@24/?-work_queue,717.4,581.2,120.8,124.9,703.9
3062,137096457505568,1068.4,471.7,588.9,7.9,3.0,38.1,Prepare hardware matmul job@24/?-work_queue,Launch hardware matmul job@24/?-work_queue,520.3,1068.4,516.2,520.3,
3063,137096459612761,777.7,576.3,10.5,190.9,145.5,605.5,assemble attention plan@24/?-work_queue,Prepare hardware matmul job@24/?-work_queue,776.3,,,,
3064,137096465697321,579.9,180.7,369.6,29.6,10.9,444.2,notify_listener@25/0-worker,work_queue::do_work get_work@24/?-work_queue,578.1,444.2,141.7,146.5,563.5
3065,137096471475411,556.7,187.7,342.0,27.0,9.6,512.8,assemble attention plan@24/?-work_queue,Prepare hardware matmul job@24/?-work_queue,554.4,415.2,161.7,165.5,540.4
3066,137096477281092,564.3,177.7,353.9,32.6,11.8,524.6,assemble attention plan@24/?-work_queue,Prepare hardware matmul job@24/?-work_queue,562.8,428.8,131.3,137.4,547.6
3067,137096483102551,589.6,186.3,367.7,35.7,16.2,447.9,notify_listener@25/0-worker,work_queue::do_work get_work@24/?-work_queue,587.2,447.9,123.7,134.4,573.1
3068,137096488965715,506.4,177.6,298.3,30.6,9.5,471.0,assemble attention plan@24/?-work_queue,Prepare hardware matmul job@24/?-work_queue,504.6,377.6,130.6,138.0,490.8
3069,137096494684468,647.2,172.4,440.6,34.2,13.3,507.5,notify_listener@25/0-worker,work_queue::do_work get_work@24/?-work_queue,644.7,507.5,130.7,134.5,630.8
3070,137096500578252,891.9,505.4,353.6,32.8,9.3,855.5,assemble attention plan@24/?-work_queue,Prepare hardware matmul job@24/?-work_queue,889.6,762.9,463.9,467.9,874.8
3071,137096506706678,801.5,380.8,382.9,37.8,13.9,657.8,notify_listener@25/0-worker,work_queue::do_work get_work@24/?-work_queue,794.9,657.8,351.2,355.9,780.3
3072,137096512698955,570.6,172.3,366.9,31.3,11.2,431.4,notify_listener@25/0-worker,work_queue::do_work get_work@24/?-work_queue,568.6,431.4,124.6,128.9,547.6
3073,137096518517029,572.0,171.8,362.4,37.7,14.3,423.6,notify_listener@25/0-worker,work_queue::do_work get_work@24/?-work_queue,570.2,423.6,118.1,125.9,551.9
3074,137096524311725,1141.7,601.0,363.4,177.3,142.7,516.9,kernel_add_rmsnorm_71@25/0-worker,prepare streams@25/0-worker,1139.8,985.3,662.8,671.9,1108.4
3075,137096530646042,570.2,168.5,364.3,37.5,14.8,421.8,notify_listener@25/0-worker,work_queue::do_work get_work@24/?-work_queue,568.6,421.8,112.1,117.2,542.7
3076,137096536444609,2431.2,1079.1,839.4,512.7,362.3,2033.9,assemble attention plan@24/?-work_queue,Prepare hardware matmul job@24/?-work_queue,2429.1,1338.4,570.5,574.6,2415.8
3077,137096544150725,584.8,180.8,372.8,31.2,12.3,439.9,notify_listener@25/0-worker,work_queue::do_work get_work@24/?-work_queue,583.1,439.9,135.0,139.6,568.6
3078,137096549942282,563.9,166.1,367.5,30.3,10.8,518.6,assemble attention plan@24/?-work_queue,Prepare hardware matmul job@24/?-work_queue,561.0,421.2,113.2,118.6,547.6
3079,137096555828264,692.4,287.7,348.9,55.8,30.6,633.5,assemble attention plan@24/?-work_queue,Prepare hardware matmul job@24/?-work_queue,689.9,531.9,223.9,230.3,675.1
3080,137096561701452,722.1,381.1,306.3,34.7,10.9,685.2,assemble attention plan@24/?-work_queue,Prepare hardware matmul job@24/?-work_queue,719.3,582.4,337.5,343.2,706.1
3081,137096567662468,492.8,165.7,283.2,43.9,16.0,344.7,notify_listener@25/0-worker,work_queue::do_work get_work@24/?-work_queue,490.9,344.7,114.3,121.7,476.5
3082,137096573357624,604.5,172.9,384.0,47.6,12.4,446.9,notify_listener@25/0-worker,work_queue::do_work get_work@24/?-work_queue,601.9,446.9,132.1,139.0,586.6
3083,137096579181736,1164.8,590.8,424.8,149.2,109.6,530.9,kernel_add_rmsnorm_71@25/0-worker,prepare streams@25/0-worker,1162.8,1015.8,642.9,685.2,1149.4
3084,137096585536408,514.4,175.1,310.3,28.9,11.0,476.4,assemble attention plan@24/?-work_queue,Prepare hardware matmul job@24/?-work_queue,511.3,375.6,122.2,141.8,497.5
3085,137096591284820,1146.0,617.7,388.8,139.6,107.2,556.2,kernel_add_rmsnorm_71@25/0-worker,prepare streams@25/0-worker,1144.4,1011.5,666.2,676.2,1130.5
3086,137096597606147,678.9,174.0,477.5,27.3,11.2,641.3,assemble attention plan@24/?-work_queue,Prepare hardware matmul job@24/?-work_queue,676.6,547.5,126.8,138.1,662.7
3087,137096603569259,848.9,525.6,286.3,37.0,14.5,709.0,notify_listener@25/0-worker,work_queue::do_work get_work@24/?-work_queue,846.4,709.0,469.1,474.8,833.0
3088,137096609585291,582.5,194.2,356.1,32.3,11.6,543.8,assemble attention plan@24/?-work_queue,Prepare hardware matmul job@24/?-work_queue,580.1,447.1,130.8,140.5,565.9
3089,137096615361831,577.3,175.3,297.8,104.2,80.2,363.2,notify_listener@25/0-worker,work_queue::do_work get_work@24/?-work_queue,575.3,363.2,123.1,127.2,561.0
3090,137096621122256,1151.0,615.9,384.8,150.3,118.9,550.1,kernel_add_rmsnorm_71@25/0-worker,prepare streams@25/0-worker,1149.0,1015.5,671.9,677.1,1133.9
3091,137096627564606,495.1,179.0,281.2,34.9,12.7,352.4,notify_listener@25/0-worker,work_queue::do_work get_work@24/?-work_queue,493.4,352.4,123.3,133.2,478.3
3092,137096633277621,519.2,188.2,291.7,39.4,16.6,476.6,assemble attention plan@24/?-work_queue,Prepare hardware matmul job@24/?-work_queue,517.5,373.7,133.9,141.0,503.8
3093,137096639012225,1232.7,601.3,470.5,161.0,128.3,544.8,kernel_add_rmsnorm_71@25/0-worker,prepare streams@25/0-worker,1230.6,1096.7,675.2,686.7,1216.4
3094,137096645443144,1047.8,460.9,440.6,146.3,95.8,202.7,kernel_add_rmsnorm_70@25/0-worker,Launch hardware matmul job@24/?-work_queue,1046.1,895.9,594.0,599.1,1031.6
3095,137096651706516,499.0,168.9,296.9,33.2,13.4,359.1,notify_listener@25/0-worker,work_queue::do_work get_work@24/?-work_queue,496.9,359.1,117.3,122.3,482.3
3096,137096657387943,2313.8,1184.9,838.6,290.4,148.3,2138.7,assemble attention plan@24/?-work_queue,Prepare hardware matmul job@24/?-work_queue,2311.4,1420.5,660.1,667.8,2297.1
3097,137096664958148,513.6,179.9,300.8,32.9,13.5,371.8,notify_listener@25/0-worker,work_queue::do_work get_work@24/?-work_queue,511.5,371.8,129.0,133.3,493.0
3098,137096670652482,623.0,182.1,411.9,29.0,9.8,479.2,notify_listener@25/0-worker,work_queue::do_work get_work@24/?-work_queue,620.6,479.2,125.4,135.0,598.5
3099,137096676526373,534.6,192.2,308.9,33.6,13.2,383.0,notify_listener@25/0-worker,work_queue::do_work get_work@24/?-work_queue,531.9,383.0,134.2,138.7,511.3
3100,137096682273584,1176.2,639.0,384.2,152.9,112.3,599.4,kernel_add_rmsnorm_71@25/0-worker,prepare streams@25/0-worker,1173.6,1019.0,714.1,722.9,1136.3
3101,137096688685319,748.8,404.9,304.7,39.2,12.3,604.0,notify_listener@25/0-worker,work_queue::do_work get_work@24/?-work_queue,745.7,604.0,365.9,372.9,724.2
3102,137096694673563,494.2,170.1,296.2,27.9,10.7,447.6,assemble attention plan@24/?-work_queue,Prepare hardware matmul job@24/?-work_queue,490.4,352.4,117.9,121.5,475.3
3103,137096700430066,1036.4,629.6,361.4,45.4,12.8,890.3,notify_listener@25/0-worker,work_queue::do_work get_work@24/?-work_queue,1033.6,890.3,586.6,592.4,1019.5
3104,137096706677536,478.4,168.1,282.8,27.5,10.1,442.9,assemble attention plan@24/?-work_queue,Prepare hardware matmul job@24/?-work_queue,476.6,339.1,114.6,119.9,463.0
3105,137096712406016,802.6,163.8,601.6,37.3,13.8,659.7,notify_listener@25/0-worker,work_queue::do_work get_work@24/?-work_queue,800.5,659.7,119.4,125.9,785.1
3106,137096718436805,967.3,598.2,282.8,86.3,45.9,530.4,kernel_add_rmsnorm_71@25/0-worker,prepare streams@25/0-worker,965.3,821.5,578.3,583.5,949.9
3107,137096724752218,686.3,328.9,324.0,33.4,12.3,547.6,notify_listener@25/0-worker,work_queue::do_work get_work@24/?-work_queue,683.1,547.6,303.9,330.7,669.6
3108,137096730644507,526.8,169.3,324.3,33.2,16.4,483.0,assemble attention plan@24/?-work_queue,Prepare hardware matmul job@24/?-work_queue,524.1,388.3,126.0,131.9,509.8
3109,137096736477141,762.2,184.8,540.7,36.6,13.3,619.4,notify_listener@25/0-worker,work_queue::do_work get_work@24/?-work_queue,760.8,619.4,130.3,148.0,746.5
3110,137096742452192,971.4,631.2,312.9,27.3,9.3,936.5,assemble attention plan@24/?-work_queue,Prepare hardware matmul job@24/?-work_queue,969.9,840.6,582.9,587.8,955.7
3111,137096748628760,534.2,195.1,296.0,43.1,16.4,384.8,notify_listener@25/0-worker,work_queue::do_work get_work@24/?-work_queue,532.2,384.8,139.9,150.0,518.0
3112,137096754381876,584.2,191.7,363.5,28.9,9.7,447.1,notify_listener@25/0-worker,work_queue::do_work get_work@24/?-work_queue,582.5,447.1,143.8,155.4,567.8
3113,137096760240682,507.9,168.3,306.5,33.1,15.5,367.0,notify_listener@25/0-worker,work_queue::do_work get_work@24/?-work_queue,506.3,367.0,136.1,141.7,492.0
3114,137096765986515,479.9,170.7,279.9,29.3,10.8,441.6,assemble attention plan@24/?-work_queue,Prepare hardware matmul job@24/?-work_queue,477.7,344.8,114.2,122.5,462.6
3115,137096771708252,732.7,398.0,296.9,37.9,16.2,595.6,notify_listener@25/0-worker,work_queue::do_work get_work@24/?-work_queue,730.1,595.6,340.4,345.9,716.7
3116,137096777675938,492.8,172.3,293.2,27.4,11.7,454.0,assemble attention plan@24/?-work_queue,Prepare hardware matmul job@24/?-work_queue,491.2,361.2,125.7,131.0,475.6
3117,137096783394243,1733.5,632.7,857.6,243.2,118.8,1486.9,notify_listener@25/0-worker,work_queue::do_work get_work@24/?-work_queue,1731.2,1486.9,672.7,687.0,1716.0
3118,137096790379841,1042.3,717.7,290.9,33.7,11.6,1004.8,assemble attention plan@24/?-work_queue,Prepare hardware matmul job@24/?-work_queue,1040.3,909.1,660.5,667.9,1026.4
3119,137096796693598,553.7,169.8,351.1,32.9,15.3,413.5,notify_listener@25/0-worker,work_queue::do_work get_work@24/?-work_queue,550.8,413.5,129.5,135.0,536.8
3120,137096802491610,506.1,170.6,300.6,34.9,10.8,468.4,assemble attention plan@24/?-work_queue,Prepare hardware matmul job@24/?-work_queue,503.3,372.7,134.0,140.0,489.6
3121,137096808189711,957.7,170.2,754.1,33.4,13.3,820.5,notify_listener@25/0-worker,work_queue::do_work get_work@24/?-work_queue,955.4,820.5,120.1,124.3,941.4
3122,137096814363155,876.0,207.8,630.9,37.3,11.4,834.4,assemble attention plan@24/?-work_queue,Prepare hardware matmul job@24/?-work_queue,873.2,740.1,155.0,161.5,856.7
3123,137096820459167,967.4,633.5,293.5,40.4,13.9,818.6,notify_listener@25/0-worker,work_queue::do_work get_work@24/?-work_queue,965.1,818.6,580.0,586.2,945.3
3124,137096826654951,506.6,164.2,304.2,38.3,17.6,456.8,assemble attention plan@24/?-work_queue,Prepare hardware matmul job@24/?-work_queue,505.1,358.1,113.9,118.3,484.0
3125,137096832412725,500.1,170.8,296.8,32.6,12.8,357.8,notify_listener@25/0-worker,work_queue::do_work get_work@24/?-work_queue,498.6,357.8,132.4,136.3,478.0
3126,137096838114739,578.0,172.6,375.3,30.2,12.1,531.6,assemble attention plan@24/?-work_queue,Prepare hardware matmul job@24/?-work_queue,575.1,433.9,116.3,122.9,554.2
3127,137096843939343,611.9,209.5,369.1,33.4,14.3,466.4,notify_listener@25/0-worker,work_queue::do_work get_work@24/?-work_queue,609.8,466.4,158.8,163.3,595.5
3128,137096849844039,673.0,262.0,381.2,29.9,10.2,628.6,assemble attention plan@24/?-work_queue,Prepare hardware matmul job@24/?-work_queue,670.1,534.4,235.4,240.6,655.5
3129,137096855763863,660.7,303.9,315.7,41.1,15.2,514.2,notify_listener@25/0-worker,work_queue::do_work get_work@24/?-work_queue,658.0,514.2,281.8,291.0,644.0
3130,137096861698891,600.7,170.1,395.3,35.3,10.5,563.8,assemble attention plan@24/?-work_queue,Prepare hardware matmul job@24/?-work_queue,599.0,458.1,124.9,129.7,585.2
3131,137096867580220,870.1,499.3,338.5,32.2,13.2,728.4,notify_listener@25/0-worker,work_queue::do_work get_work@24/?-work_queue,867.7,728.4,455.7,459.7,853.6
3132,137096873721210,493.0,166.3,300.3,26.4,10.5,455.3,assemble attention plan@24/?-work_queue,Prepare hardware matmul job@24/?-work_queue,490.3,353.2,112.8,117.0,476.3
3133,137096879522043,925.4,548.2,342.0,35.2,14.0,784.1,notify_listener@25/0-worker,work_queue::do_work get_work@24/?-work_queue,923.9,784.1,522.5,545.4,910.0
3134,137096885690806,582.2,179.2,374.8,28.1,9.4,548.0,assemble attention plan@24/?-work_queue,Prepare hardware matmul job@24/?-work_queue,580.1,449.1,133.1,143.1,567.1
3135,137096891684004,604.7,180.6,387.4,36.7,15.5,457.4,notify_listener@25/0-worker,work_queue::do_work get_work@24/?-work_queue,602.8,457.4,125.1,131.9,588.7
3136,137096897611936,887.5,499.4,356.2,31.9,11.8,849.5,assemble attention plan@24/?-work_queue,Prepare hardware matmul job@24/?-work_queue,885.6,748.8,451.6,455.8,871.2
3137,137096903796113,568.3,171.4,363.1,33.8,15.2,428.1,notify_listener@25/0-worker,work_queue::do_work get_work@24/?-work_queue,565.9,428.1,124.5,128.7,551.6
3138,137096909654499,616.3,176.0,408.3,31.9,11.7,576.5,assemble attention plan@24/?-work_queue,Prepare hardware matmul job@24/?-work_queue,614.9,478.3,131.8,139.0,598.7
3139,137096915507496,871.9,573.3,251.1,47.4,15.5,730.9,notify_listener@25/0-worker,work_queue::do_work get_work@24/?-work_queue,869.3,730.9,507.4,513.0,855.6
3140,137096921712702,497.9,178.9,282.2,36.9,17.6,454.3,assemble attention plan@24/?-work_queue,Prepare hardware matmul job@24/?-work_queue,496.3,358.1,127.4,133.2,482.3
3141,137096927498002,578.1,180.5,363.7,33.8,12.1,435.2,notify_listener@25/0-worker,work_queue::do_work get_work@24/?-work_queue,575.4,435.2,121.8,126.3,561.7
3142,137096933383734,599.3,214.2,354.8,30.3,11.0,562.8,assemble attention plan@24/?-work_queue,Prepare hardware matmul job@24/?-work_queue,597.3,465.1,156.8,164.7,583.5
3143,137096939206517,963.9,194.6,736.0,33.3,12.2,826.8,notify_listener@25/0-worker,work_queue::do_work get_work@24/?-work_queue,961.8,826.8,142.5,154.8,948.1
3144,137096945482876,941.6,605.5,303.5,32.6,11.3,903.4,assemble attention plan@24/?-work_queue,Prepare hardware matmul job@24/?-work_queue,939.7,807.9,554.6,559.2,925.1
3145,137096951695363,718.1,394.2,273.0,50.8,14.2,28.4,rx collecting results@148/0-RX-13,kernel_add_rmsnorm_70@25/0-worker,716.4,578.7,347.0,355.3,702.9
3146,137096957693919,712.0,393.5,286.4,32.1,9.6,674.9,assemble attention plan@24/?-work_queue,Prepare hardware matmul job@24/?-work_queue,709.6,581.1,347.8,352.3,695.4
3147,137096963672747,824.4,426.2,359.8,38.4,13.4,685.8,notify_listener@25/0-worker,work_queue::do_work get_work@24/?-work_queue,822.7,685.8,368.7,373.8,808.8
3148,137096969850201,498.1,183.6,288.6,25.8,9.8,457.6,assemble attention plan@24/?-work_queue,Prepare hardware matmul job@24/?-work_queue,496.4,363.8,126.9,135.1,477.1
3149,137096975619475,800.1,484.6,281.2,34.2,13.1,654.2,notify_listener@25/0-worker,work_queue::do_work get_work@24/?-work_queue,797.1,654.2,420.1,430.4,774.0
3150,137096981727774,593.8,202.1,364.2,27.5,11.6,527.3,assemble attention plan@24/?-work_queue,Prepare hardware matmul job@24/?-work_queue,592.3,431.9,131.6,142.7,549.0
3151,137096987558276,849.4,549.2,264.8,35.3,13.1,699.7,notify_listener@25/0-worker,work_queue::do_work get_work@24/?-work_queue,847.3,699.7,478.5,485.7,822.2
3152,137096993694724,796.1,399.8,361.7,34.6,10.7,752.0,assemble attention plan@24/?-work_queue,Prepare hardware matmul job@24/?-work_queue,794.1,654.7,349.1,354.8,773.2
3153,137096999722658,1408.5,369.3,838.2,201.0,142.6,1076.8,notify_listener@25/0-worker,work_queue::do_work get_work@24/?-work_queue,1406.5,1076.8,323.9,338.5,1384.3
3154,137097006385984,563.4,170.7,359.9,32.9,10.9,519.7,assemble attention plan@24/?-work_queue,Prepare hardware matmul job@24/?-work_queue,561.2,424.9,124.2,128.4,546.1
3155,137097012235716,953.3,182.0,736.0,35.3,13.2,799.2,notify_listener@25/0-worker,work_queue::do_work get_work@24/?-work_queue,949.8,799.2,132.0,136.7,934.3
3156,137097018507851,929.1,524.5,368.8,35.9,16.3,886.7,assemble attention plan@24/?-work_queue,Prepare hardware matmul job@24/?-work_queue,927.4,786.0,531.9,537.6,913.4
3157,137097024731363,568.4,174.3,359.9,34.2,13.3,418.5,notify_listener@25/0-worker,work_queue::do_work get_work@24/?-work_queue,566.4,418.5,125.1,129.1,552.9
3158,137097030605668,503.0,172.3,298.1,32.7,10.9,463.7,assemble attention plan@24/?-work_queue,Prepare hardware matmul job@24/?-work_queue,501.1,357.9,113.9,118.7,485.2
3159,137097036465017,766.2,166.3,559.1,40.8,15.4,619.3,notify_listener@25/0-worker,work_queue::do_work get_work@24/?-work_queue,764.4,619.3,118.8,127.5,751.6
3160,137097042477536,494.7,178.9,285.9,29.9,10.5,356.8,notify_listener@25/0-worker,work_queue::do_work get_work@24/?-work_queue,493.1,356.8,124.6,139.9,478.0
3161,137097048248045,584.5,175.0,369.9,39.6,15.5,447.1,notify_listener@25/0-worker,work_queue::do_work get_work@24/?-work_queue,583.1,447.1,130.0,134.9,569.0
3162,137097054106713,1161.4,642.0,371.0,148.4,115.6,583.3,kernel_add_rmsnorm_71@25/0-worker,prepare streams@25/0-worker,1159.9,1027.8,701.5,707.3,1144.6
3163,137097060627987,978.5,377.9,597.6,3.1,1.7,38.2,legacy tx_launch@4/0-TX-13,legacy tx_launch@4/0-TX-13,414.3,978.5,410.7,414.3,
3164,137097062663242,847.7,627.6,11.2,208.9,156.0,664.4,assemble attention plan@24/?-work_queue,Prepare hardware matmul job@24/?-work_queue,845.7,,,,
3165,137097068828143,727.2,314.4,379.2,33.6,9.4,689.9,assemble attention plan@24/?-work_queue,Prepare hardware matmul job@24/?-work_queue,724.9,596.0,283.9,288.9,710.4
3166,137097074820070,2468.2,1158.4,843.0,466.7,156.9,2285.1,assemble attention plan@24/?-work_queue,Prepare hardware matmul job@24/?-work_queue,2466.7,1514.4,738.7,762.6,2453.2
3167,137097082637282,1480.7,515.4,814.0,151.2,93.7,1163.1,notify_listener@25/0-worker,work_queue::do_work get_work@24/?-work_queue,1478.6,1163.1,404.2,446.0,1464.8
3168,137097089383407,573.0,174.7,361.8,36.5,14.8,435.4,notify_listener@25/0-worker,work_queue::do_work get_work@24/?-work_queue,571.0,435.4,126.6,130.7,557.3
3169,137097095225217,1182.1,679.7,352.9,149.6,113.6,624.5,kernel_add_rmsnorm_71@25/0-worker,prepare streams@25/0-worker,1180.5,1048.5,740.7,747.1,1166.9
3170,137097101696497,520.9,182.5,305.7,32.7,13.8,383.2,notify_listener@25/0-worker,work_queue::do_work get_work@24/?-work_queue,519.0,383.2,135.0,139.2,503.9
3171,137097107537453,897.6,550.7,309.1,37.8,11.8,859.0,assemble attention plan@24/?-work_queue,Prepare hardware matmul job@24/?-work_queue,895.0,761.2,513.9,519.0,881.4
3172,137097113737730,769.6,375.2,356.9,37.5,15.1,626.8,notify_listener@25/0-worker,work_queue::do_work get_work@24/?-work_queue,766.9,626.8,315.1,320.9,754.1
3173,137097119836918,580.5,185.2,359.4,35.9,15.5,538.7,assemble attention plan@24/?-work_queue,Prepare hardware matmul job@24/?-work_queue,578.0,438.5,134.1,141.6,563.7
3174,137097125741664,613.9,178.2,402.0,33.7,13.3,471.0,notify_listener@25/0-worker,work_queue::do_work get_work@24/?-work_queue,611.3,471.0,135.3,139.4,596.6
3175,137097131649900,665.0,198.9,438.0,28.1,11.5,621.1,assemble attention plan@24/?-work_queue,Prepare hardware matmul job@24/?-work_queue,663.2,525.0,142.5,148.6,642.9
3176,137097137601723,817.3,442.6,343.0,31.7,11.6,774.5,assemble attention plan@24/?-work_queue,Prepare hardware matmul job@24/?-work_queue,815.3,677.0,439.8,444.3,796.1
3177,137097143737968,549.1,187.0,329.2,32.9,11.3,405.6,notify_listener@25/0-worker,work_queue::do_work get_work@24/?-work_queue,547.0,405.6,156.7,161.3,524.6
3178,137097149595713,855.9,496.9,323.2,35.8,13.1,711.4,notify_listener@25/0-worker,work_queue::do_work get_work@24/?-work_queue,854.3,711.4,446.7,451.1,833.9
3179,137097155740053,505.8,167.5,309.1,29.2,11.0,461.4,assemble attention plan@24/?-work_queue,Prepare hardware matmul job@24/?-work_queue,503.4,363.1,119.6,123.4,488.9
3180,137097161521576,525.5,171.7,316.2,37.5,14.6,477.0,assemble attention plan@24/?-work_queue,Prepare hardware matmul job@24/?-work_queue,523.9,376.4,123.7,127.6,509.7
3181,137097167328245,503.6,182.6,292.8,28.2,11.5,465.1,assemble attention plan@24/?-work_queue,Prepare hardware matmul job@24/?-work_queue,501.8,362.1,124.3,130.3,487.0
3182,137097173117353,1152.4,580.3,433.9,138.2,99.8,519.6,kernel_add_rmsnorm_71@25/0-worker,prepare streams@25/0-worker,1150.1,1000.5,621.9,632.3,1135.6
3183,137097179539750,600.8,201.0,372.3,27.4,10.0,563.4,assemble attention plan@24/?-work_queue,Prepare hardware matmul job@24/?-work_queue,598.9,441.5,134.5,147.3,584.4
3184,137097185457576,489.7,170.4,279.3,39.9,21.0,341.6,notify_listener@25/0-worker,work_queue::do_work get_work@24/?-work_queue,487.4,341.6,119.5,133.1,473.3
3185,137097191270247,494.2,174.4,292.9,26.9,11.1,458.1,assemble attention plan@24/?-work_queue,Prepare hardware matmul job@24/?-work_queue,492.7,363.5,128.0,133.8,487.3
3186,137097197030373,516.5,174.6,310.0,32.0,12.8,383.0,notify_listener@25/0-worker,work_queue::do_work get_work@24/?-work_queue,514.6,383.0,131.4,135.7,501.3
3187,137097202895751,493.7,181.9,285.3,26.5,11.0,457.1,assemble attention plan@24/?-work_queue,Prepare hardware matmul job@24/?-work_queue,492.1,362.7,135.8,141.3,478.2
3188,137097208742119,494.9,174.4,284.6,36.0,14.8,353.6,notify_listener@25/0-worker,work_queue::do_work get_work@24/?-work_queue,491.4,353.6,122.3,126.4,477.4
3189,137097214477583,939.8,588.1,314.6,37.1,14.2,898.5,assemble attention plan@24/?-work_queue,Prepare hardware matmul job@24/?-work_queue,937.8,801.9,560.6,565.7,922.8
3190,137097220734661,530.7,177.1,319.1,34.5,15.3,389.9,notify_listener@25/0-worker,work_queue::do_work get_work@24/?-work_queue,529.2,389.9,121.7,127.0,515.4
3191,137097226533196,710.4,196.6,485.5,28.3,10.3,674.0,assemble attention plan@24/?-work_queue,Prepare hardware matmul job@24/?-work_queue,708.8,576.6,159.8,170.4,694.2
3192,137097232626231,574.7,181.4,354.5,38.8,15.2,433.9,notify_listener@25/0-worker,work_queue::do_work get_work@24/?-work_queue,571.3,433.9,128.4,139.8,557.8
3193,137097238501785,2311.6,1045.4,988.6,277.6,164.8,2118.7,assemble attention plan@24/?-work_queue,Prepare hardware matmul job@24/?-work_queue,2309.6,1477.6,561.2,566.5,2294.8
3194,137097246156531,996.2,193.2,767.3,35.6,14.6,852.3,notify_listener@25/0-worker,work_queue::do_work get_work@24/?-work_queue,994.5,852.3,145.4,156.9,980.2
3195,137097252504294,561.3,171.7,359.8,29.8,11.5,524.2,assemble attention plan@24/?-work_queue,Prepare hardware matmul job@24/?-work_queue,559.3,422.8,122.0,126.7,545.5
3196,137097258371979,1112.6,710.3,364.8,37.6,13.7,974.1,notify_listener@25/0-worker,work_queue::do_work get_work@24/?-work_queue,1111.2,974.1,667.3,671.7,1097.1
3197,137097264810488,1848.7,721.6,835.4,291.7,156.1,1644.4,assemble attention plan@24/?-work_queue,Prepare hardware matmul job@24/?-work_queue,1846.8,919.8,159.9,172.1,1810.9
3198,137097271990082,486.0,172.9,283.2,29.9,13.3,342.2,notify_listener@25/0-worker,work_queue::do_work get_work@24/?-work_queue,484.6,342.2,118.8,124.0,461.6
3199,137097277773195,624.4,203.7,388.2,32.6,10.4,581.9,assemble attention plan@24/?-work_queue,Prepare hardware matmul job@24/?-work_queue,622.5,437.2,127.9,132.5,602.3
3200,137097283746348,627.1,202.1,388.7,36.4,11.9,449.1,notify_listener@25/0-worker,work_queue::do_work get_work@24/?-work_queue,624.4,449.1,120.1,124.6,587.9
3201,137097289707660,801.4,416.7,352.3,32.5,10.8,756.5,assemble attention plan@24/?-work_queue,Prepare hardware matmul job@24/?-work_queue,798.6,639.9,333.6,337.9,777.4
3202,137097295874614,1894.3,672.3,901.1,320.9,133.4,1721.4,assemble attention plan@24/?-work_queue,Prepare hardware matmul job@24/?-work_queue,1892.9,963.9,138.5,143.9,1877.4
3203,137097303117353,1036.2,183.8,817.1,35.4,17.1,993.6,assemble attention plan@24/?-work_queue,Prepare hardware matmul job@24/?-work_queue,1034.3,892.1,137.9,147.8,1020.7
3204,137097309446963,503.1,168.2,297.6,37.3,14.1,353.1,notify_listener@25/0-worker,work_queue::do_work get_work@24/?-work_queue,501.0,353.1,114.3,119.2,487.2
3205,137097315259615,2488.7,1021.2,920.6,546.8,355.6,2105.2,assemble attention plan@24/?-work_queue,Prepare hardware matmul job@24/?-work_queue,2486.2,1508.8,755.1,760.3,2471.8
3206,137097323139675,505.3,168.1,309.8,27.3,10.7,468.8,assemble attention plan@24/?-work_queue,Prepare hardware matmul job@24/?-work_queue,503.7,373.0,119.8,139.2,499.5
3207,137097328938064,491.8,172.2,284.5,35.1,14.2,350.9,notify_listener@25/0-worker,work_queue::do_work get_work@24/?-work_queue,489.7,350.9,121.5,129.1,475.5
3208,137097334806365,584.7,186.4,369.6,28.7,10.4,549.4,assemble attention plan@24/?-work_queue,Prepare hardware matmul job@24/?-work_queue,583.2,452.1,139.7,166.4,569.5
3209,137097340692956,642.0,183.0,428.1,30.8,12.4,504.6,notify_listener@25/0-worker,work_queue::do_work get_work@24/?-work_queue,638.5,504.6,135.8,139.6,625.7
3210,137097346671209,816.8,436.8,348.7,31.3,9.1,780.3,assemble attention plan@24/?-work_queue,Prepare hardware matmul job@24/?-work_queue,814.9,684.7,376.0,383.0,799.0
3211,137097352829993,509.1,194.6,281.5,32.9,14.1,368.3,notify_listener@25/0-worker,work_queue::do_work get_work@24/?-work_queue,507.6,368.3,138.1,141.9,491.1
3212,137097358662850,653.8,173.2,446.9,33.7,9.8,518.7,notify_listener@25/0-worker,work_queue::do_work get_work@24/?-work_queue,651.0,518.7,125.7,130.3,637.5
3213,137097364657783,561.4,166.9,363.5,31.1,12.8,424.6,notify_listener@25/0-worker,work_queue::do_work get_work@24/?-work_queue,558.4,424.6,123.4,127.8,543.8
3214,137097370511953,507.7,184.6,296.1,27.0,8.9,369.4,notify_listener@25/0-worker,work_queue::do_work get_work@24/?-work_queue,504.3,369.4,132.0,138.5,484.5
3215,137097376370372,852.1,177.5,640.9,33.7,13.6,714.7,notify_listener@25/0-worker,work_queue::do_work get_work@24/?-work_queue,850.2,714.7,128.6,132.5,835.7
3216,137097382598235,849.4,527.1,291.0,31.4,10.3,811.0,assemble attention plan@24/?-work_queue,Prepare hardware matmul job@24/?-work_queue,846.6,692.5,447.8,464.0,832.4
3217,137097388813884,676.4,352.7,289.0,34.7,13.1,541.5,notify_listener@25/0-worker,work_queue::do_work get_work@24/?-work_queue,674.3,541.5,297.8,304.4,661.1
3218,137097394830518,507.8,171.6,305.0,31.2,11.8,469.6,assemble attention plan@24/?-work_queue,Prepare hardware matmul job@24/?-work_queue,505.5,372.0,138.8,145.8,491.3
3219,137097400671087,575.4,168.3,369.2,37.9,13.2,433.4,notify_listener@25/0-worker,work_queue::do_work get_work@24/?-work_queue,572.3,433.4,127.4,131.0,557.6
3220,137097406589439,571.0,171.8,367.6,31.6,12.2,424.0,notify_listener@25/0-worker,work_queue::do_work get_work@24/?-work_queue,563.0,424.0,116.5,120.1,548.6
3221,137097412562530,730.1,173.7,522.3,34.1,13.4,682.7,assemble attention plan@24/?-work_queue,Prepare hardware matmul job@24/?-work_queue,727.3,581.7,127.2,131.0,705.8
3222,137097418589688,494.5,176.6,288.4,29.5,10.8,344.8,notify_listener@25/0-worker,work_queue::do_work get_work@24/?-work_queue,491.5,344.8,115.5,121.2,472.4
3223,137097424385707,510.1,161.4,315.0,33.8,14.3,366.7,notify_listener@25/0-worker,work_queue::do_work get_work@24/?-work_queue,507.8,366.7,123.7,131.4,487.2
3224,137097430247371,1127.5,622.0,356.2,149.3,116.6,531.6,kernel_add_rmsnorm_71@25/0-worker,prepare streams@25/0-worker,1125.9,979.0,664.7,672.8,1104.2
3225,137097436743163,774.7,346.5,393.5,34.7,16.1,603.3,notify_listener@25/0-worker,work_queue::do_work get_work@24/?-work_queue,772.8,603.3,298.0,305.3,728.1
3226,137097442827519,686.0,286.5,366.5,33.0,11.0,642.3,assemble attention plan@24/?-work_queue,Prepare hardware matmul job@24/?-work_queue,682.9,546.9,220.3,227.5,669.7
3227,137097448854818,518.6,173.8,313.9,30.9,13.2,373.0,notify_listener@25/0-worker,work_queue::do_work get_work@24/?-work_queue,516.3,373.0,114.5,118.0,510.1
3228,137097454701316,638.5,186.5,422.1,29.9,10.0,601.3,assemble attention plan@24/?-work_queue,Prepare hardware matmul job@24/?-work_queue,635.8,492.9,138.7,143.2,621.3
3229,137097460700832,514.4,168.1,307.0,39.3,19.4,370.5,notify_listener@25/0-worker,work_queue::do_work get_work@24/?-work_queue,512.3,370.5,122.7,127.8,497.5
3230,137097466546577,592.8,179.6,381.4,31.7,12.5,553.6,assemble attention plan@24/?-work_queue,Prepare hardware matmul job@24/?-work_queue,590.8,456.1,129.9,144.7,576.5
3231,137097472499662,497.1,170.5,295.4,31.1,11.6,362.5,notify_listener@25/0-worker,work_queue::do_work get_work@24/?-work_queue,495.0,362.5,125.6,134.6,481.4
3232,137097478308289,1077.3,599.1,337.1,141.1,107.2,520.8,kernel_add_rmsnorm_71@25/0-worker,prepare streams@25/0-worker,1075.0,939.4,630.5,645.0,1061.6
3233,137097484724708,574.1,179.6,359.8,34.7,16.3,435.0,notify_listener@25/0-worker,work_queue::do_work get_work@24/?-work_queue,572.2,435.0,132.1,136.3,557.8
3234,137097490617013,511.7,179.3,299.0,33.4,11.3,375.2,notify_listener@25/0-worker,work_queue::do_work get_work@24/?-work_queue,510.0,375.2,137.9,144.8,495.2
3235,137097496507411,523.2,173.4,315.7,34.2,12.1,383.4,notify_listener@25/0-worker,work_queue::do_work get_work@24/?-work_queue,520.0,383.4,132.5,141.6,506.2
3236,137097502388458,836.9,203.5,605.4,28.0,11.4,797.5,assemble attention plan@24/?-work_queue,Prepare hardware matmul job@24/?-work_queue,833.3,699.1,142.3,168.3,819.5
3237,137097508594398,688.0,172.7,480.4,34.9,14.4,647.3,assemble attention plan@24/?-work_queue,Prepare hardware matmul job@24/?-work_queue,685.9,548.8,129.7,137.0,671.8
3238,137097514621491,812.6,455.5,322.8,34.3,11.0,774.8,assemble attention plan@24/?-work_queue,Prepare hardware matmul job@24/?-work_queue,810.4,680.1,419.4,424.5,797.4
3239,137097520798477,713.9,312.6,368.3,33.0,12.8,577.0,notify_listener@25/0-worker,work_queue::do_work get_work@24/?-work_queue,711.8,577.0,261.4,268.6,697.2
3240,137097526909866,676.0,250.6,396.9,28.5,9.8,640.3,assemble attention plan@24/?-work_queue,Prepare hardware matmul job@24/?-work_queue,673.0,544.3,202.9,208.4,660.4
3241,137097532936332,571.2,171.8,367.9,31.6,12.3,429.7,notify_listener@25/0-worker,work_queue::do_work get_work@24/?-work_queue,568.3,429.7,124.5,128.9,549.7
3242,137097538902759,1231.6,169.3,946.7,115.6,77.8,999.9,notify_listener@25/0-worker,work_queue::do_work get_work@24/?-work_queue,1229.7,999.9,120.9,127.3,1207.9
3243,137097545466402,954.2,593.0,329.0,32.2,13.5,811.7,notify_listener@25/0-worker,work_queue::do_work get_work@24/?-work_queue,952.1,811.7,571.5,578.6,931.9
3244,137097551777326,587.4,217.9,341.6,27.9,10.3,542.1,assemble attention plan@24/?-work_queue,Prepare hardware matmul job@24/?-work_queue,585.8,445.1,120.5,129.4,563.9
3245,137097557708713,782.1,372.0,376.7,33.3,13.2,635.0,notify_listener@25/0-worker,work_queue::do_work get_work@24/?-work_queue,780.6,635.0,337.1,344.2,758.7
3246,137097563870120,582.1,251.0,302.4,28.6,9.4,446.2,notify_listener@25/0-worker,work_queue::do_work get_work@24/?-work_queue,579.7,446.2,217.4,224.3,563.9
3247,137097569803027,529.9,175.5,319.7,34.8,15.8,382.5,notify_listener@25/0-worker,work_queue::do_work get_work@24/?-work_queue,525.5,382.5,131.6,136.1,510.5
3248,137097575655919,563.3,170.4,362.5,30.4,11.0,526.7,assemble attention plan@24/?-work_queue,Prepare hardware matmul job@24/?-work_queue,561.9,423.2,118.1,125.2,548.1
3249,137097581534653,515.2,173.4,301.9,39.9,15.6,359.6,notify_listener@25/0-worker,work_queue::do_work get_work@24/?-work_queue,512.6,359.6,121.5,126.3,499.5
3250,137097587412635,1004.6,625.1,294.2,85.3,50.4,550.8,kernel_add_rmsnorm_71@25/0-worker,prepare streams@25/0-worker,1002.5,870.2,603.6,617.8,989.5
3251,137097593806876,523.2,201.6,285.3,36.3,15.1,384.3,notify_listener@25/0-worker,work_queue::do_work get_work@24/?-work_queue,520.8,384.3,132.5,166.5,506.3
3252,137097599728767,501.1,164.7,309.2,27.2,9.6,465.1,assemble attention plan@24/?-work_queue,Prepare hardware matmul job@24/?-work_queue,499.2,370.2,122.0,139.3,485.3
3253,137097605643238,511.8,165.4,310.3,36.2,13.5,472.1,assemble attention plan@24/?-work_queue,Prepare hardware matmul job@24/?-work_queue,509.3,370.4,127.7,131.7,495.7
3254,137097611465527,760.8,163.1,567.0,30.7,11.7,722.9,assemble attention plan@24/?-work_queue,Prepare hardware matmul job@24/?-work_queue,759.1,624.3,116.8,122.3,744.9
3255,137097617571303,607.4,164.2,409.8,33.3,12.3,471.9,notify_listener@25/0-worker,work_queue::do_work get_work@24/?-work_queue,605.4,471.9,122.4,127.3,591.4
3256,137097623531832,497.4,174.3,287.4,35.8,11.4,455.3,assemble attention plan@24/?-work_queue,Prepare hardware matmul job@24/?-work_queue,494.7,356.1,127.5,133.0,481.0
3257,137097629398077,504.9,176.4,294.0,34.4,14.3,366.1,notify_listener@25/0-worker,work_queue::do_work get_work@24/?-work_queue,502.3,366.1,129.4,134.8,488.7
3258,137097635431588,577.6,190.7,358.3,28.6,10.3,537.2,assemble attention plan@24/?-work_queue,Prepare hardware matmul job@24/?-work_queue,574.9,437.8,135.3,141.3,556.8
3259,137097641348503,851.1,174.0,641.4,35.7,15.9,709.7,notify_listener@25/0-worker,work_queue::do_work get_work@24/?-work_queue,848.9,709.7,129.4,133.5,834.8
3260,137097647504755,912.7,592.1,282.2,38.4,12.0,874.0,assemble attention plan@24/?-work_queue,Prepare hardware matmul job@24/?-work_queue,910.9,775.0,536.5,540.7,896.4
3261,137097653763032,572.3,180.8,361.3,30.2,12.0,436.1,notify_listener@25/0-worker,work_queue::do_work get_work@24/?-work_queue,570.0,436.1,125.2,130.6,555.3
3262,137097659661571,621.2,193.9,395.2,32.1,11.0,584.3,assemble attention plan@24/?-work_queue,Prepare hardware matmul job@24/?-work_queue,618.5,444.9,120.9,126.4,605.3
3263,137097665669085,787.0,423.4,327.0,36.6,14.5,629.0,notify_listener@25/0-worker,work_queue::do_work get_work@24/?-work_queue,785.3,629.0,375.7,381.7,771.3
3264,137097671859741,564.3,187.2,297.8,79.4,58.3,364.7,notify_listener@25/0-worker,work_queue::do_work get_work@24/?-work_queue,562.6,364.7,123.4,127.7,548.5
3265,137097677783399,1437.0,701.4,591.0,144.7,108.9,645.4,kernel_add_rmsnorm_71@25/0-worker,prepare streams@25/0-worker,1435.2,1295.1,756.0,761.7,1420.6
3266,137097684586703,2099.2,1022.3,806.5,270.4,128.4,1945.2,assemble attention plan@24/?-work_queue,Prepare hardware matmul job@24/?-work_queue,2097.7,1213.6,462.7,470.1,2083.8
3267,137097692016883,2617.7,1243.0,921.4,453.3,156.9,2430.0,assemble attention plan@24/?-work_queue,Prepare hardware matmul job@24/?-work_queue,2616.1,1684.4,816.5,823.4,2597.5
3268,137097700036548,568.1,173.7,364.9,29.4,11.3,524.1,assemble attention plan@24/?-work_queue,Prepare hardware matmul job@24/?-work_queue,566.1,424.8,115.2,120.8,545.7
3269,137097705986930,518.2,170.9,310.9,36.4,13.0,472.2,assemble attention plan@24/?-work_queue,Prepare hardware matmul job@24/?-work_queue,516.3,372.8,123.4,127.8,495.2
3270,137097711929704,512.8,168.7,314.5,29.6,11.4,467.6,assemble attention plan@24/?-work_queue,Prepare hardware matmul job@24/?-work_queue,510.3,367.3,118.5,123.0,490.2
3271,137097717792087,560.3,177.6,348.8,34.0,14.1,411.8,notify_listener@25/0-worker,work_queue::do_work get_work@24/?-work_queue,558.6,411.8,122.2,137.8,544.8
3272,137097723719323,785.2,363.0,389.2,33.0,11.8,741.6,assemble attention plan@24/?-work_queue,Prepare hardware matmul job@24/?-work_queue,783.7,642.1,324.0,332.1,769.6
3273,137097730315667,2458.6,1203.2,849.1,406.4,122.6,2310.3,assemble attention plan@24/?-work_queue,Prepare hardware matmul job@24/?-work_queue,2457.0,1448.9,646.7,651.2,2443.9
3274,137097738252745,1083.0,641.7,296.7,144.6,106.6,561.7,kernel_add_rmsnorm_71@25/0-worker,prepare streams@25/0-worker,1081.4,935.5,671.9,678.4,1067.3
3275,137097744706737,735.0,376.7,324.6,33.7,9.5,699.1,assemble attention plan@24/?-work_queue,Prepare hardware matmul job@24/?-work_queue,733.4,595.5,340.2,344.8,719.8
3276,137097750882925,1223.6,238.8,853.2,131.6,83.0,908.5,notify_listener@25/0-worker,work_queue::do_work get_work@24/?-work_queue,1221.5,908.5,126.9,132.1,1208.1
3277,137097757451719,490.1,164.4,295.4,30.4,9.9,355.1,notify_listener@25/0-worker,work_queue::do_work get_work@24/?-work_queue,488.5,355.1,119.7,137.2,473.3
3278,137097763343347,882.1,207.2,640.0,34.8,12.7,741.1,notify_listener@25/0-worker,work_queue::do_work get_work@24/?-work_queue,879.7,741.1,129.1,181.7,865.5
3279,137097769580350,570.0,183.8,357.1,29.1,11.1,434.8,notify_listener@25/0-worker,work_queue::do_work get_work@24/?-work_queue,568.2,434.8,126.6,134.5,554.3
3280,137097775554722,1579.7,524.3,886.4,169.0,121.0,1331.9,notify_listener@25/0-worker,work_queue::do_work get_work@24/?-work_queue,1577.3,1331.9,530.9,541.0,1562.4
3281,137097782541917,1598.3,589.7,805.6,203.0,106.3,533.4,kernel_add_rmsnorm_71@25/0-worker,prepare streams@25/0-worker,1595.6,1390.7,643.0,649.7,1582.0
3282,137097789558746,1586.9,587.9,823.7,175.2,112.8,509.5,kernel_add_rmsnorm_71@25/0-worker,prepare streams@25/0-worker,1584.0,1418.7,625.6,633.2,1571.0
3283,137097796547401,587.6,175.6,379.3,32.7,12.9,449.6,notify_listener@25/0-worker,work_queue::do_work get_work@24/?-work_queue,585.6,449.6,138.4,143.6,571.2
3284,137097802477044,585.1,179.0,367.4,38.7,15.1,435.4,notify_listener@25/0-worker,work_queue::do_work get_work@24/?-work_queue,583.2,435.4,128.5,134.9,569.4
3285,137097808395624,816.6,171.5,608.2,36.9,15.6,774.4,assemble attention plan@24/?-work_queue,Prepare hardware matmul job@24/?-work_queue,813.8,676.5,129.5,184.9,799.7
3286,137097814581770,919.5,535.1,349.6,34.8,13.2,778.7,notify_listener@25/0-worker,work_queue::do_work get_work@24/?-work_queue,917.4,778.7,462.7,472.1,902.9
3287,137097820933990,607.1,207.7,367.5,31.9,9.9,571.7,assemble attention plan@24/?-work_queue,Prepare hardware matmul job@24/?-work_queue,605.4,475.8,151.8,158.2,591.9
3288,137097826958923,586.3,182.8,366.5,36.9,15.3,445.9,notify_listener@25/0-worker,work_queue::do_work get_work@24/?-work_queue,584.3,445.9,138.6,142.9,570.2
3289,137097832973151,504.7,173.0,303.3,28.4,8.7,465.8,assemble attention plan@24/?-work_queue,Prepare hardware matmul job@24/?-work_queue,503.2,369.6,137.1,140.8,485.2
3290,137097838841627,512.3,166.3,311.0,35.0,13.4,367.1,notify_listener@25/0-worker,work_queue::do_work get_work@24/?-work_queue,509.7,367.1,112.5,116.1,489.1
3291,137097844768096,577.7,183.0,365.8,28.9,10.7,532.3,assemble attention plan@24/?-work_queue,Prepare hardware matmul job@24/?-work_queue,574.5,430.7,120.1,130.1,552.6
3292,137097850705972,492.4,168.2,291.0,33.2,12.7,346.6,notify_listener@25/0-worker,work_queue::do_work get_work@24/?-work_queue,490.2,346.6,112.8,118.6,469.9
3293,137097856634899,532.2,189.8,314.7,27.6,9.0,476.2,assemble attention plan@24/?-work_queue,Prepare hardware matmul job@24/?-work_queue,529.5,380.5,124.6,128.8,495.2
3294,137097862565786,521.7,177.2,312.1,32.4,13.3,369.2,notify_listener@25/0-worker,work_queue::do_work get_work@24/?-work_queue,520.0,369.2,111.8,122.7,497.7
3295,137097868506831,985.5,599.5,357.2,28.9,8.9,941.6,assemble attention plan@24/?-work_queue,Prepare hardware matmul job@24/?-work_queue,983.0,845.2,532.4,537.0,968.7
3296,137097874894818,1265.2,220.5,826.2,218.5,110.4,154.0,kernel_add_rmsnorm_71@25/0-worker,prepare streams@25/0-worker,1263.7,1034.1,267.3,280.2,1248.5
3297,137097881593436,1489.5,472.2,866.6,150.7,92.9,917.1,notify_listener@25/0-worker,work_queue::do_work get_work@24/?-work_queue,1487.1,917.1,123.8,131.1,1472.8
3298,137097888608958,663.7,166.0,454.9,42.8,15.2,511.6,notify_listener@25/0-worker,work_queue::do_work get_work@24/?-work_queue,661.5,511.6,123.3,132.2,647.3
3299,137097894640720,780.1,457.1,289.7,33.4,10.5,741.8,assemble attention plan@24/?-work_queue,Prepare hardware matmul job@24/?-work_queue,780.1,641.9,413.4,417.7,762.7
3300,137097900897495,2311.6,1018.5,909.0,384.1,132.1,2153.3,assemble attention plan@24/?-work_queue,Prepare hardware matmul job@24/?-work_queue,2310.0,1485.5,609.7,617.5,2295.6
3301,137097908626446,705.4,220.5,448.0,36.9,15.5,662.3,assemble attention plan@24/?-work_queue,Prepare hardware matmul job@24/?-work_queue,703.2,560.6,192.8,199.3,688.8
3302,137097914708141,802.5,398.7,360.7,43.2,16.2,652.5,notify_listener@25/0-worker,work_queue::do_work get_work@24/?-work_queue,800.4,652.5,339.1,346.8,787.1
3303,137097920911806,553.6,234.1,291.1,28.4,9.1,518.2,assemble attention plan@24/?-work_queue,Prepare hardware matmul job@24/?-work_queue,551.8,422.1,194.2,198.1,537.6
3304,137097926899995,578.3,165.0,381.4,31.9,11.8,445.3,notify_listener@25/0-worker,work_queue::do_work get_work@24/?-work_queue,576.7,445.3,130.4,139.1,562.2
3305,137097932891248,632.9,247.0,356.4,29.5,9.0,597.0,assemble attention plan@24/?-work_queue,Prepare hardware matmul job@24/?-work_queue,630.6,499.3,191.8,200.0,616.3
3306,137097939013341,1243.7,587.3,496.0,160.3,123.8,508.4,kernel_add_rmsnorm_71@25/0-worker,prepare streams@25/0-worker,1242.1,1099.0,634.3,641.6,1228.5
3307,137097945637549,550.6,167.4,351.9,31.3,10.0,513.9,assemble attention plan@24/?-work_queue,Prepare hardware matmul job@24/?-work_queue,549.2,413.5,110.3,115.2,534.8
3308,137097951641597,872.0,479.7,357.6,34.6,11.9,733.5,notify_listener@25/0-worker,work_queue::do_work get_work@24/?-work_queue,869.6,733.5,422.6,427.9,855.7
3309,137097957971714,1328.9,694.4,501.9,132.6,104.2,645.9,kernel_add_rmsnorm_71@25/0-worker,prepare streams@25/0-worker,1327.3,1193.6,751.8,755.7,1312.9
3310,137097964737421,518.7,163.5,318.5,36.7,15.4,373.7,notify_listener@25/0-worker,work_queue::do_work get_work@24/?-work_queue,515.1,373.7,119.8,126.2,501.0
3311,137097970635996,1540.2,544.5,723.9,271.9,232.0,492.4,kernel_add_rmsnorm_71@25/0-worker,prepare streams@25/0-worker,1538.5,1407.7,727.6,752.0,1524.3
3312,137097977571509,687.4,181.2,476.5,29.7,11.2,546.8,notify_listener@25/0-worker,work_queue::do_work get_work@24/?-work_queue,685.4,546.8,126.9,130.8,671.4
3313,137097983658198,524.9,169.0,326.0,30.0,10.5,381.9,notify_listener@25/0-worker,work_queue::do_work get_work@24/?-work_queue,523.5,381.9,126.9,134.0,505.3
3314,137097989622229,829.7,496.9,288.3,44.5,14.8,645.4,notify_listener@25/0-worker,work_queue::do_work get_work@24/?-work_queue,827.1,645.4,421.4,426.7,785.3
3315,137097995836864,1824.6,688.3,848.3,288.1,150.2,1637.6,assemble attention plan@24/?-work_queue,Prepare hardware matmul job@24/?-work_queue,1823.0,917.6,141.2,150.3,1797.7
3316,137098003117923,539.7,185.8,320.5,33.5,13.2,387.1,notify_listener@25/0-worker,work_queue::do_work get_work@24/?-work_queue,539.7,387.1,136.1,139.8,521.6
3317,137098009062517,518.7,178.2,306.3,34.2,15.5,468.1,assemble attention plan@24/?-work_queue,Prepare hardware matmul job@24/?-work_queue,517.1,368.9,110.6,115.6,502.2
3318,137098015098345,1234.4,629.6,455.2,149.5,112.6,575.6,kernel_add_rmsnorm_71@25/0-worker,prepare streams@25/0-worker,1232.1,1075.7,691.4,700.5,1218.0
3319,137098021746111,531.9,175.9,322.0,34.0,12.5,378.8,notify_listener@25/0-worker,work_queue::do_work get_work@24/?-work_queue,530.4,378.8,117.0,120.6,516.2
3320,137098027741139,1430.5,507.8,775.9,146.9,109.3,418.7,kernel_add_rmsnorm_71@25/0-worker,prepare streams@25/0-worker,1428.0,1273.8,530.0,535.7,1413.8
3321,137098034594633,848.5,523.1,296.4,29.1,10.4,695.9,notify_listener@25/0-worker,work_queue::do_work get_work@24/?-work_queue,846.1,695.9,451.9,457.2,833.2
3322,137098040920088,521.7,173.6,315.1,33.0,13.6,377.5,notify_listener@25/0-worker,work_queue::do_work get_work@24/?-work_queue,518.7,377.5,125.9,152.0,504.9
3323,137098046862182,1243.3,271.3,841.1,130.9,77.3,919.6,notify_listener@25/0-worker,work_queue::do_work get_work@24/?-work_queue,1241.2,919.6,133.7,149.2,1226.3
3324,137098053565855,853.5,535.9,286.1,31.5,12.5,712.1,notify_listener@25/0-worker,work_queue::do_work get_work@24/?-work_queue,852.2,712.1,473.6,479.1,837.1
3325,137098059886200,1230.8,222.1,873.7,135.1,83.2,939.3,notify_listener@25/0-worker,work_queue::do_work get_work@24/?-work_queue,1229.1,939.3,128.7,139.2,1214.8
3326,137098066536707,592.5,185.1,363.5,43.9,14.2,442.3,notify_listener@25/0-worker,work_queue::do_work get_work@24/?-work_queue,590.6,442.3,136.2,147.9,576.9
3327,137098072590848,577.6,187.5,358.7,31.4,11.2,541.3,assemble attention plan@24/?-work_queue,Prepare hardware matmul job@24/?-work_queue,575.6,441.7,136.1,149.7,562.1
3328,137098078615356,880.5,488.1,358.1,34.4,12.7,741.1,notify_listener@25/0-worker,work_queue::do_work get_work@24/?-work_queue,878.5,741.1,428.3,433.7,865.3
3329,137098084917984,526.8,174.4,325.2,27.1,8.9,389.5,notify_listener@25/0-worker,work_queue::do_work get_work@24/?-work_queue,524.3,389.5,124.6,131.7,510.1
3330,137098090887039,1227.3,238.6,835.9,152.9,103.8,899.5,notify_listener@25/0-worker,work_queue::do_work get_work@24/?-work_queue,1225.2,899.5,128.7,136.1,1211.5
3331,137098097519566,832.2,320.8,337.5,174.0,156.1,650.2,assemble attention plan@24/?-work_queue,Prepare hardware matmul job@24/?-work_queue,830.0,417.3,159.5,163.9,816.3
3332,137098103728120,822.7,394.2,393.5,34.9,12.8,681.0,notify_listener@25/0-worker,work_queue::do_work get_work@24/?-work_queue,820.1,681.0,349.8,354.7,805.7
3333,137098109937912,588.8,173.8,379.3,35.8,14.4,546.5,assemble attention plan@24/?-work_queue,Prepare hardware matmul job@24/?-work_queue,586.4,447.3,124.7,130.8,571.7
3334,137098115879619,589.9,190.5,370.4,29.0,11.7,447.1,notify_listener@25/0-worker,work_queue::do_work get_work@24/?-work_queue,587.3,447.1,138.6,149.1,569.0
3335,137098121826774,586.5,183.2,373.9,29.4,11.1,431.2,notify_listener@25/0-worker,work_queue::do_work get_work@24/?-work_queue,583.8,431.2,118.3,123.1,548.8
3336,137098127869372,1833.7,671.9,861.0,300.8,153.0,1645.9,assemble attention plan@24/?-work_queue,Prepare hardware matmul job@24/?-work_queue,1831.5,912.8,125.0,148.1,1809.9
3337,137098135137467,2233.9,1029.5,824.5,379.9,140.3,2060.4,assemble attention plan@24/?-work_queue,Prepare hardware matmul job@24/?-work_queue,2232.2,1415.5,638.9,642.7,2210.4
3338,137098142799540,1311.3,268.3,918.5,124.5,76.7,967.4,notify_listener@25/0-worker,work_queue::do_work get_work@24/?-work_queue,1309.4,967.4,119.2,126.2,1285.3
3339,137098149496798,1639.7,602.2,860.6,176.9,123.3,1315.6,notify_listener@25/0-worker,work_queue::do_work get_work@24/?-work_queue,1637.7,1315.6,526.2,530.2,1613.1
3340,137098156557126,824.3,338.7,295.7,189.9,160.7,628.2,assemble attention plan@24/?-work_queue,Prepare hardware matmul job@24/?-work_queue,822.1,374.6,135.3,140.1,800.1
3341,137098162781881,600.2,168.3,380.7,51.2,18.3,562.5,Prepare hardware matmul job@24/?-work_queue,kernel_index_rmsnorm@25/0-worker,598.3,440.1,120.2,124.8,583.5
3342,137098168758005,2218.5,989.8,812.0,416.7,164.8,2014.1,assemble attention plan@24/?-work_queue,Prepare hardware matmul job@24/?-work_queue,2216.3,1299.0,532.3,540.3,2202.9
3343,137098176375722,1757.5,670.6,844.1,242.8,114.1,1423.0,notify_listener@25/0-worker,work_queue::do_work get_work@24/?-work_queue,1755.8,1423.0,645.2,654.9,1740.8
3344,137098183539165,1615.0,592.0,840.1,182.9,115.7,540.7,kernel_add_rmsnorm_71@25/0-worker,prepare streams@25/0-worker,1612.0,1433.0,659.0,669.7,1597.7
3345,137098190548755,544.0,192.3,316.0,35.7,14.3,388.4,notify_listener@25/0-worker,work_queue::do_work get_work@24/?-work_queue,541.6,388.4,134.5,150.3,527.3
3346,137098196472218,919.2,624.6,257.8,36.8,10.6,881.9,assemble attention plan@24/?-work_queue,Prepare hardware matmul job@24/?-work_queue,917.5,783.1,547.4,569.9,903.2
3347,137098202752123,1327.2,341.9,844.2,141.2,90.4,898.8,notify_listener@25/0-worker,work_queue::do_work get_work@24/?-work_queue,1325.0,898.8,110.7,129.7,1310.8
3348,137098209512515,515.7,174.3,309.3,32.1,10.3,369.1,notify_listener@25/0-worker,work_queue::do_work get_work@24/?-work_queue,513.3,369.1,123.0,128.2,498.4
3349,137098215454636,944.3,570.9,337.4,36.0,13.6,904.2,assemble attention plan@24/?-work_queue,Prepare hardware matmul job@24/?-work_queue,942.5,802.5,575.3,581.0,927.6
3350,137098221842528,515.6,191.1,296.0,28.5,10.4,478.4,assemble attention plan@24/?-work_queue,Prepare hardware matmul job@24/?-work_queue,514.1,377.4,137.2,142.7,499.5
3351,137098227707414,562.5,164.9,362.7,34.9,13.3,423.6,notify_listener@25/0-worker,work_queue::do_work get_work@24/?-work_queue,560.6,423.6,115.3,119.3,546.2
3352,137098233616804,834.2,491.5,311.8,30.9,10.9,796.4,assemble attention plan@24/?-work_queue,Prepare hardware matmul job@24/?-work_queue,831.1,694.5,425.6,434.5,818.4
3353,137098239835171,601.8,183.3,386.4,32.1,13.8,461.7,notify_listener@25/0-worker,work_queue::do_work get_work@24/?-work_queue,599.4,461.7,151.0,160.5,586.3
3354,137098245850289,527.0,178.4,320.4,28.2,9.6,491.0,assemble attention plan@24/?-work_queue,Prepare hardware matmul job@24/?-work_queue,525.5,389.2,130.7,146.7,510.6
3355,137098251721475,514.9,171.4,310.5,33.0,12.6,373.3,notify_listener@25/0-worker,work_queue::do_work get_work@24/?-work_queue,513.2,373.3,115.4,119.3,499.4
3356,137098257655357,775.3,451.6,290.7,33.0,11.8,736.2,assemble attention plan@24/?-work_queue,Prepare hardware matmul job@24/?-work_queue,773.7,634.7,388.4,394.7,759.8
3357,137098263775266,730.3,341.1,353.9,35.3,15.9,581.5,notify_listener@25/0-worker,work_queue::do_work get_work@24/?-work_queue,728.7,581.5,281.1,289.0,713.4
3358,137098269950197,514.9,204.3,280.2,30.4,9.6,478.1,assemble attention plan@24/?-work_queue,Prepare hardware matmul job@24/?-work_queue,512.2,379.3,152.6,156.5,498.2
3359,137098275844259,516.7,177.3,309.2,30.2,12.8,379.9,notify_listener@25/0-worker,work_queue::do_work get_work@24/?-work_queue,514.8,379.9,137.3,141.6,501.7
3360,137098281858041,1374.8,723.3,523.1,128.4,99.8,660.9,kernel_add_rmsnorm_71@25/0-worker,prepare streams@25/0-worker,1373.0,1237.5,763.3,767.3,1358.9
3361,137098288661067,791.8,478.6,275.9,37.3,13.3,650.7,notify_listener@25/0-worker,work_queue::do_work get_work@24/?-work_queue,789.4,650.7,425.0,430.2,774.7
3362,137098294867941,1248.8,272.4,849.4,127.0,77.3,917.7,notify_listener@25/0-worker,work_queue::do_work get_work@24/?-work_queue,1246.5,917.7,147.9,152.6,1225.1
3363,137098301495165,1884.6,632.4,953.1,299.1,142.2,1706.8,assemble attention plan@24/?-work_queue,Prepare hardware matmul job@24/?-work_queue,1882.5,1000.0,142.7,149.9,1859.7
3364,137098308811099,721.3,74.5,646.8,0.0,0.0,,,,131.9,721.3,128.2,131.9,
3365,137098310666623,817.2,594.9,12.9,209.3,157.0,627.9,assemble attention plan@24/?-work_queue,Prepare hardware matmul job@24/?-work_queue,814.8,,,,
3366,137098316904654,518.7,177.8,308.9,32.0,13.7,471.2,assemble attention plan@24/?-work_queue,Prepare hardware matmul job@24/?-work_queue,517.1,370.5,124.7,133.6,502.8
3367,137098322843859,1331.4,482.4,707.4,141.7,110.1,388.9,kernel_add_rmsnorm_71@25/0-worker,prepare streams@25/0-worker,1329.6,1185.4,501.0,509.2,1315.7
3368,137098329648140,508.4,174.8,303.4,30.1,10.7,462.8,assemble attention plan@24/?-work_queue,Prepare hardware matmul job@24/?-work_queue,506.8,362.7,119.3,123.8,491.9
3369,137098335614123,1545.8,641.2,761.8,142.8,109.6,579.3,kernel_add_rmsnorm_71@25/0-worker,prepare streams@25/0-worker,1544.2,1398.6,691.8,696.2,1530.0
3370,137098342613597,1544.5,627.6,769.0,147.8,116.7,580.9,kernel_add_rmsnorm_71@25/0-worker,prepare streams@25/0-worker,1542.1,1398.9,700.7,710.6,1528.5
3371,137098349542474,886.0,547.7,278.1,60.3,26.5,734.0,work_queue::do_work get_work@24/?-work_queue,add_tokens@24/?-work_queue,883.9,718.9,486.6,492.0,868.9
3372,137098355877783,636.7,240.7,368.7,27.3,9.7,600.3,assemble attention plan@24/?-work_queue,Prepare hardware matmul job@24/?-work_queue,634.9,498.5,182.0,204.8,619.9
3373,137098361941785,526.9,208.8,280.9,37.2,13.8,386.0,notify_listener@25/0-worker,work_queue::do_work get_work@24/?-work_queue,525.0,386.0,154.8,158.9,511.7
3374,137098367963169,526.0,214.0,283.6,28.4,10.1,489.9,assemble attention plan@24/?-work_queue,Prepare hardware matmul job@24/?-work_queue,523.9,394.8,159.7,165.7,510.1
3375,137098373890289,522.1,179.8,312.0,30.3,11.4,380.7,notify_listener@25/0-worker,work_queue::do_work get_work@24/?-work_queue,520.6,380.7,128.6,144.3,505.2
3376,137098379832625,684.8,305.8,345.0,34.0,9.6,542.3,notify_listener@25/0-worker,work_queue::do_work get_work@24/?-work_queue,682.6,542.3,233.5,242.0,668.4
3377,137098386014487,2064.0,975.6,803.3,285.2,112.7,1461.3,notify_listener@25/0-worker,work_queue::do_work get_work@24/?-work_queue,2062.3,1461.3,696.1,707.0,2047.2
3378,137098393578170,529.6,189.2,307.9,32.4,10.2,384.7,notify_listener@25/0-worker,work_queue::do_work get_work@24/?-work_queue,527.5,384.7,132.0,136.0,515.0
3379,137098399661847,509.4,183.3,294.1,32.0,13.8,364.7,notify_listener@25/0-worker,work_queue::do_work get_work@24/?-work_queue,507.5,364.7,123.3,127.9,493.7
3380,137098405601867,569.4,173.8,369.6,26.1,9.0,534.6,assemble attention plan@24/?-work_queue,Prepare hardware matmul job@24/?-work_queue,567.4,436.9,121.3,130.1,553.3
3381,137098411587610,632.8,187.8,412.8,32.2,12.3,493.4,notify_listener@25/0-worker,work_queue::do_work get_work@24/?-work_queue,631.2,493.4,142.0,146.4,617.9
3382,137098417662898,1421.3,439.3,845.5,136.5,82.1,907.9,notify_listener@25/0-worker,work_queue::do_work get_work@24/?-work_queue,1419.5,907.9,119.6,123.6,1405.2
3383,137098424486617,589.5,183.0,369.7,36.8,11.8,443.9,notify_listener@25/0-worker,work_queue::do_work get_work@24/?-work_queue,587.3,443.9,132.0,139.4,573.5
3384,137098430581359,1383.7,592.6,480.6,310.5,174.4,1183.3,assemble attention plan@24/?-work_queue,Prepare hardware matmul job@24/?-work_queue,1382.1,547.3,129.6,133.4,1367.5
3385,137098437440413,619.2,223.3,361.6,34.3,13.8,470.2,notify_listener@25/0-worker,work_queue::do_work get_work@24/?-work_queue,616.7,470.2,155.3,163.3,602.9
3386,137098443467026,921.4,576.3,294.5,50.5,9.5,62.5,rx collecting results@150/0-RX-3b,kernel_add_rmsnorm_70@25/0-worker,919.7,784.7,550.7,559.0,905.9
3387,137098449814660,593.6,177.2,379.1,37.3,15.8,446.5,notify_listener@25/0-worker,work_queue::do_work get_work@24/?-work_queue,592.0,446.5,128.5,138.0,578.2
3388,137098455931212,553.0,187.2,334.5,31.3,10.9,508.0,assemble attention plan@24/?-work_queue,Prepare hardware matmul job@24/?-work_queue,549.7,406.4,135.5,142.3,530.1
3389,137098461919596,608.2,169.2,404.7,34.3,12.5,462.7,notify_listener@25/0-worker,work_queue::do_work get_work@24/?-work_queue,606.7,462.7,133.2,141.9,585.9
3390,137098467964871,525.6,185.8,313.3,26.4,10.1,479.3,assemble attention plan@24/?-work_queue,Prepare hardware matmul job@24/?-work_queue,523.1,377.5,116.1,122.4,499.8
3391,137098473958406,604.6,187.5,385.6,31.6,11.8,447.7,notify_listener@25/0-worker,work_queue::do_work get_work@24/?-work_queue,602.7,447.7,131.1,138.0,570.4
3392,137098479988150,576.5,176.1,368.9,31.4,11.1,430.0,notify_listener@25/0-worker,work_queue::do_work get_work@24/?-work_queue,574.1,430.0,131.1,135.1,553.4
3393,137098485903436,575.4,169.6,363.3,42.5,14.2,428.0,notify_listener@25/0-worker,work_queue::do_work get_work@24/?-work_queue,572.2,428.0,121.5,131.8,558.4
3394,137098491848316,581.1,274.9,273.8,32.4,10.8,431.9,notify_listener@25/0-worker,work_queue::do_work get_work@24/?-work_queue,578.0,431.9,199.3,203.9,563.1
3395,137098497849503,639.7,286.0,316.1,37.6,14.0,487.0,notify_listener@25/0-worker,work_queue::do_work get_work@24/?-work_queue,638.0,487.0,232.2,243.3,623.9
3396,137098503870791,1252.4,288.7,835.5,128.2,72.8,893.5,notify_listener@25/0-worker,work_queue::do_work get_work@24/?-work_queue,1250.9,893.5,138.8,156.8,1234.5
3397,137098510512987,512.6,190.2,288.7,33.7,13.7,357.5,notify_listener@25/0-worker,work_queue::do_work get_work@24/?-work_queue,509.7,357.5,128.4,147.8,482.2
3398,137098516374104,833.2,178.7,619.0,35.4,16.1,791.5,assemble attention plan@24/?-work_queue,Prepare hardware matmul job@24/?-work_queue,831.0,693.1,129.3,133.7,817.7
3399,137098522674912,763.5,431.6,296.5,35.4,14.0,618.2,notify_listener@25/0-worker,work_queue::do_work get_work@24/?-work_queue,761.9,618.2,367.2,374.4,747.2
3400,137098528841714,538.9,195.3,315.4,28.2,10.1,502.1,assemble attention plan@24/?-work_queue,Prepare hardware matmul job@24/?-work_queue,537.1,396.0,130.9,134.6,521.6
3401,137098534769059,1891.1,743.6,775.2,372.3,177.8,1687.9,assemble attention plan@24/?-work_queue,Prepare hardware matmul job@24/?-work_queue,1889.4,874.8,142.4,147.8,1875.8
3402,137098542091964,1993.8,863.1,861.7,268.9,120.2,581.3,kernel_add_rmsnorm_71@25/0-worker,prepare streams@25/0-worker,1992.1,1523.3,719.6,736.6,1978.8
3403,137098549469032,584.3,195.0,359.6,29.7,10.7,546.9,assemble attention plan@24/?-work_queue,Prepare hardware matmul job@24/?-work_queue,582.4,439.3,133.6,139.9,568.4
3404,137098555428652,569.5,171.4,369.9,28.1,11.2,433.4,notify_listener@25/0-worker,work_queue::do_work get_work@24/?-work_queue,566.8,433.4,123.9,135.2,553.2
3405,137098561367595,1117.1,732.0,354.9,30.2,12.0,1079.0,assemble attention plan@24/?-work_queue,Prepare hardware matmul job@24/?-work_queue,1114.1,981.8,671.1,676.3,1100.8
3406,137098567857385,578.8,264.0,281.0,33.7,14.6,438.8,notify_listener@25/0-worker,work_queue::do_work get_work@24/?-work_queue,576.4,438.8,209.0,214.1,562.1
3407,137098573794966,715.2,221.9,309.9,183.4,134.0,93.9,kernel_add_rmsnorm_70@25/0-worker,Prepare hardware matmul job@24/?-work_queue,711.7,576.6,320.8,325.8,697.4
3408,137098579955579,496.0,175.6,288.2,32.2,14.3,348.3,notify_listener@25/0-worker,work_queue::do_work get_work@24/?-work_queue,494.5,348.3,121.2,125.5,474.0
3409,137098585834882,687.5,291.2,369.9,26.4,9.5,642.1,assemble attention plan@24/?-work_queue,Prepare hardware matmul job@24/?-work_queue,685.1,543.1,235.1,239.8,661.0
3410,137098591981273,592.1,170.1,390.2,31.8,15.2,441.2,notify_listener@25/0-worker,work_queue::do_work get_work@24/?-work_queue,590.6,441.2,133.7,138.4,567.4
3411,137098597917750,595.1,194.5,373.0,27.7,10.0,538.4,assemble attention plan@24/?-work_queue,Prepare hardware matmul job@24/?-work_queue,593.3,439.9,134.1,138.5,558.4
3412,137098603997323,521.3,179.1,307.4,34.8,13.5,370.9,notify_listener@25/0-worker,work_queue::do_work get_work@24/?-work_queue,519.5,370.9,127.7,134.5,495.6
3413,137098609919637,529.1,175.9,323.6,29.6,11.7,481.2,assemble attention plan@24/?-work_queue,Prepare hardware matmul job@24/?-work_queue,526.3,380.7,124.8,129.6,511.4
3414,137098615887348,2031.4,674.7,827.4,529.3,333.2,1657.7,assemble attention plan@24/?-work_queue,Prepare hardware matmul job@24/?-work_queue,2028.0,913.1,166.6,170.1,2013.6
3415,137098623317814,535.4,186.2,320.1,29.2,10.4,498.0,assemble attention plan@24/?-work_queue,Prepare hardware matmul job@24/?-work_queue,533.5,384.5,130.3,134.3,518.9
3416,137098629249674,2482.9,1229.0,834.6,419.4,157.8,2298.6,assemble attention plan@24/?-work_queue,Prepare hardware matmul job@24/?-work_queue,2481.2,1547.3,740.1,749.2,2466.4
3417,137098637220381,585.0,170.2,381.3,33.5,11.2,546.7,assemble attention plan@24/?-work_queue,Prepare hardware matmul job@24/?-work_queue,581.5,437.9,120.0,124.9,567.7
3418,137098643221157,488.6,168.3,286.9,33.4,13.1,347.8,notify_listener@25/0-worker,work_queue::do_work get_work@24/?-work_queue,486.7,347.8,109.9,126.4,472.6
3419,137098649193116,513.8,172.0,311.0,30.8,11.3,476.8,assemble attention plan@24/?-work_queue,Prepare hardware matmul job@24/?-work_queue,511.5,374.4,114.2,133.7,498.1
3420,137098655225387,493.2,171.7,289.8,31.7,12.1,350.1,notify_listener@25/0-worker,work_queue::do_work get_work@24/?-work_queue,489.8,350.1,131.1,135.0,475.9
3421,137098661204300,565.5,174.1,361.4,30.1,10.7,427.6,notify_listener@25/0-worker,work_queue::do_work get_work@24/?-work_queue,563.2,427.6,119.6,124.5,548.7
3422,137098667179570,589.0,189.4,362.6,36.9,15.2,446.3,notify_listener@25/0-worker,work_queue::do_work get_work@24/?-work_queue,586.9,446.3,123.9,128.5,572.9
3423,137098673163273,561.1,178.1,354.5,28.5,11.6,522.5,assemble attention plan@24/?-work_queue,Prepare hardware matmul job@24/?-work_queue,558.6,422.3,119.9,124.6,545.0
3424,137098679087084,531.8,180.8,318.9,32.1,12.7,388.7,notify_listener@25/0-worker,work_queue::do_work get_work@24/?-work_queue,530.0,388.7,139.0,144.2,515.3
3425,137098685027766,1109.4,169.4,840.9,99.2,80.8,903.6,notify_listener@25/0-worker,work_queue::do_work get_work@24/?-work_queue,1107.6,903.6,129.2,148.5,1094.5
3426,137098691515814,544.0,217.9,293.7,32.4,12.9,397.5,notify_listener@25/0-worker,work_queue::do_work get_work@24/?-work_queue,541.6,397.5,156.0,160.5,527.6
3427,137098697491585,742.7,178.9,535.1,28.7,10.9,601.4,notify_listener@25/0-worker,work_queue::do_work get_work@24/?-work_queue,741.0,601.4,124.8,141.7,727.3
3428,137098703667032,776.4,432.9,304.4,39.1,15.7,633.0,notify_listener@25/0-worker,work_queue::do_work get_work@24/?-work_queue,774.5,633.0,378.7,386.3,760.5
3429,137098709846059,612.2,272.3,307.6,32.3,11.7,574.5,assemble attention plan@24/?-work_queue,Prepare hardware matmul job@24/?-work_queue,610.0,477.7,242.7,247.7,596.6
3430,137098715867451,599.6,185.8,371.7,42.2,15.6,433.8,notify_listener@25/0-worker,work_queue::do_work get_work@24/?-work_queue,582.7,433.8,123.6,128.7,567.7
3431,137098721883006,1249.0,264.6,846.4,138.0,88.2,900.6,notify_listener@25/0-worker,work_queue::do_work get_work@24/?-work_queue,1246.3,900.6,133.2,138.1,1217.7
3432,137098728531158,541.9,212.0,298.4,31.4,11.9,364.4,notify_listener@25/0-worker,work_queue::do_work get_work@24/?-work_queue,540.2,364.4,120.3,128.4,499.6
3433,137098734464845,1655.2,659.8,855.2,140.2,87.5,1322.8,notify_listener@25/0-worker,work_queue::do_work get_work@24/?-work_queue,1653.4,1322.8,557.8,572.2,1638.9
3434,137098741518392,585.1,183.9,368.5,32.7,14.2,431.3,notify_listener@25/0-worker,work_queue::do_work get_work@24/?-work_queue,581.5,431.3,124.3,129.1,566.9
3435,137098747519611,582.2,179.1,364.8,38.3,11.4,544.1,assemble attention plan@24/?-work_queue,Prepare hardware matmul job@24/?-work_queue,579.0,426.7,115.9,120.7,566.2
3436,137098753491068,527.2,185.5,307.1,34.6,14.5,361.6,notify_listener@25/0-worker,work_queue::do_work get_work@24/?-work_queue,524.3,361.6,110.3,115.4,501.5
3437,137098759443779,975.5,622.3,310.2,43.0,10.9,937.0,assemble attention plan@24/?-work_queue,Prepare hardware matmul job@24/?-work_queue,973.5,837.4,586.9,599.7,959.1
3438,137098765820102,1363.8,568.0,647.4,148.4,118.8,496.3,kernel_add_rmsnorm_71@25/0-worker,prepare streams@25/0-worker,1364.0,1224.1,617.1,621.9,1346.7
3439,137098772626449,680.4,196.3,454.5,29.6,10.5,642.2,assemble attention plan@24/?-work_queue,Prepare hardware matmul job@24/?-work_queue,678.0,542.6,130.8,158.0,663.0
3440,137098778722465,771.1,384.6,349.8,36.6,14.3,628.6,notify_listener@25/0-worker,work_queue::do_work get_work@24/?-work_queue,769.1,628.6,321.3,328.6,755.0
3441,137098784905975,581.8,180.0,372.6,29.1,11.6,544.7,assemble attention plan@24/?-work_queue,Prepare hardware matmul job@24/?-work_queue,579.5,442.8,126.2,130.2,567.0
3442,137098790870160,2598.8,1350.1,791.5,457.2,170.9,2400.4,assemble attention plan@24/?-work_queue,Prepare hardware matmul job@24/?-work_queue,2596.0,1600.0,840.9,848.1,2582.0
3443,137098798934070,527.7,232.0,267.5,28.2,10.8,492.1,assemble attention plan@24/?-work_queue,Prepare hardware matmul job@24/?-work_queue,525.8,386.1,160.8,165.1,512.4
3444,137098804864332,581.6,181.3,367.1,33.2,13.9,438.6,notify_listener@25/0-worker,work_queue::do_work get_work@24/?-work_queue,580.2,438.6,130.2,142.4,565.7
3445,137098810857542,1771.3,679.6,813.2,278.5,141.7,1604.4,assemble attention plan@24/?-work_queue,Prepare hardware matmul job@24/?-work_queue,1769.8,886.7,124.4,128.8,1755.9
3446,137098818085948,542.5,170.0,332.1,40.4,16.1,393.6,notify_listener@25/0-worker,work_queue::do_work get_work@24/?-work_queue,540.4,393.6,120.3,124.1,526.9
3447,137098824045211,1232.0,620.4,470.0,141.5,109.8,545.3,kernel_add_rmsnorm_71@25/0-worker,prepare streams@25/0-worker,1230.5,1094.2,656.9,662.2,1216.2
3448,137098830737022,1339.2,481.3,697.1,160.8,114.2,768.1,notify_listener@25/0-worker,work_queue::do_work get_work@24/?-work_queue,1337.4,768.1,127.8,135.4,1322.4
3449,137098837486161,1660.0,645.8,876.2,138.0,106.4,589.1,kernel_add_rmsnorm_71@25/0-worker,prepare streams@25/0-worker,1658.1,1526.3,698.0,709.3,1643.7
3450,137098844638052,1597.6,881.0,556.0,160.6,116.6,798.3,kernel_add_rmsnorm_71@25/0-worker,prepare streams@25/0-worker,1595.8,1449.0,917.7,921.7,1577.6
3451,137098851647952,573.5,166.8,375.3,31.4,9.3,531.2,assemble attention plan@24/?-work_queue,Prepare hardware matmul job@24/?-work_queue,572.0,431.1,126.7,130.8,551.4
3452,137098857695843,731.8,416.3,281.5,34.1,12.6,581.2,notify_listener@25/0-worker,work_queue::do_work get_work@24/?-work_queue,730.3,581.2,346.7,351.6,705.9
3453,137098863815478,508.4,167.7,312.1,28.5,10.5,464.9,assemble attention plan@24/?-work_queue,Prepare hardware matmul job@24/?-work_queue,507.1,365.8,116.2,121.5,485.2
3454,137098870079567,1245.6,633.8,457.7,154.1,118.6,533.0,kernel_add_rmsnorm_71@25/0-worker,prepare streams@25/0-worker,1243.8,1092.8,673.4,722.8,1223.8
3455,137098876750769,576.2,172.9,372.4,30.8,9.4,536.3,assemble attention plan@24/?-work_queue,Prepare hardware matmul job@24/?-work_queue,573.9,435.4,121.0,128.7,559.2
3456,137098882779236,580.9,222.8,319.7,38.4,15.9,379.1,notify_listener@25/0-worker,work_queue::do_work get_work@24/?-work_queue,578.2,379.1,130.6,136.1,563.1
3457,137098888843823,1307.1,222.2,948.9,136.0,80.1,1005.0,notify_listener@25/0-worker,work_queue::do_work get_work@24/?-work_queue,1304.7,1005.0,117.7,124.7,1291.6
3458,137098895619574,1563.0,519.4,819.6,224.0,101.4,660.0,kernel_add_rmsnorm_71@25/0-worker,prepare streams@25/0-worker,1561.6,1419.4,763.4,777.5,1547.9
3459,137098902676745,761.5,424.8,299.2,37.5,10.4,725.5,assemble attention plan@24/?-work_queue,Prepare hardware matmul job@24/?-work_queue,760.1,620.9,379.2,393.2,746.0
3460,137098908834413,2208.2,981.9,808.5,417.8,136.3,1381.9,notify_listener@25/0-worker,work_queue::do_work get_work@24/?-work_queue,2205.4,1381.9,617.7,622.6,2191.1
3461,137098916518960,543.4,195.8,316.8,30.9,11.4,505.2,assemble attention plan@24/?-work_queue,Prepare hardware matmul job@24/?-work_queue,540.1,398.4,154.3,160.8,526.7
3462,137098922497503,537.6,188.7,299.6,49.3,15.1,485.9,assemble attention plan@24/?-work_queue,Prepare hardware matmul job@24/?-work_queue,535.9,381.2,138.9,142.9,522.0
3463,137098928449152,2591.5,1409.9,834.8,346.8,176.2,2386.3,assemble attention plan@24/?-work_queue,Prepare hardware matmul job@24/?-work_queue,2588.0,1356.2,573.5,587.2,2573.8
3464,137098936489194,1597.5,620.2,817.5,159.8,91.6,878.6,notify_listener@25/0-worker,work_queue::do_work get_work@24/?-work_queue,1595.8,878.6,114.9,132.9,1581.4
3465,137098943507040,2580.3,920.2,661.5,998.6,825.7,1303.2,notify_listener@25/0-worker,work_queue::do_work get_work@24/?-work_queue,2578.6,1303.2,720.9,724.9,2564.7
3466,137098951498086,761.2,181.3,551.3,28.7,10.0,724.1,assemble attention plan@24/?-work_queue,Prepare hardware matmul job@24/?-work_queue,758.3,619.9,135.9,145.5,744.0
3467,137098957682086,636.7,168.6,433.7,34.4,15.4,494.6,notify_listener@25/0-worker,work_queue::do_work get_work@24/?-work_queue,635.0,494.6,122.9,126.7,619.6
3468,137098963727782,504.0,172.4,299.7,31.9,10.9,364.9,notify_listener@25/0-worker,work_queue::do_work get_work@24/?-work_queue,501.2,364.9,113.5,123.9,487.4
3469,137098969690319,813.2,415.4,362.9,34.8,17.5,667.5,notify_listener@25/0-worker,work_queue::do_work get_work@24/?-work_queue,809.7,667.5,358.8,368.4,796.6
3470,137098975979101,1320.9,700.6,474.6,145.8,116.5,619.9,kernel_add_rmsnorm_71@25/0-worker,prepare streams@25/0-worker,1318.7,1182.4,738.2,741.7,1304.7
3471,137098982747341,1334.3,429.7,725.9,178.7,126.2,787.9,notify_listener@25/0-worker,work_queue::do_work get_work@24/?-work_queue,1332.5,787.9,126.6,130.5,1318.5
3472,137098989510815,912.0,589.2,288.9,33.8,11.4,871.5,assemble attention plan@24/?-work_queue,Prepare hardware matmul job@24/?-work_queue,906.9,768.9,529.0,533.9,892.9
3473,137098995865445,2179.7,967.7,815.5,396.5,127.2,1379.2,notify_listener@25/0-worker,work_queue::do_work get_work@24/?-work_queue,2177.7,1379.2,608.3,612.5,2158.0
3474,137099003512435,536.5,182.6,320.2,33.7,17.1,487.3,assemble attention plan@24/?-work_queue,Prepare hardware matmul job@24/?-work_queue,533.8,387.7,137.8,143.5,515.2
3475,137099009464702,1678.1,600.8,850.7,226.6,142.6,1349.8,notify_listener@25/0-worker,work_queue::do_work get_work@24/?-work_queue,1675.9,1349.8,554.3,562.3,1652.0
3476,137099016617689,1543.4,595.1,802.9,145.3,113.0,512.0,kernel_add_rmsnorm_71@25/0-worker,prepare streams@25/0-worker,1539.7,1392.4,628.0,645.3,1516.7
3477,137099023685728,813.5,434.2,346.1,33.2,14.3,622.2,notify_listener@25/0-worker,work_queue::do_work get_work@24/?-work_queue,811.6,622.2,367.8,372.1,798.2
3478,137099029875715,675.3,273.8,367.4,34.0,14.4,627.9,assemble attention plan@24/?-work_queue,Prepare hardware matmul job@24/?-work_queue,673.7,513.2,196.5,200.8,659.4
3479,137099036055487,1229.0,625.2,445.1,158.7,122.1,561.0,kernel_add_rmsnorm_71@25/0-worker,prepare streams@25/0-worker,1226.8,1071.9,685.3,690.6,1212.7
3480,137099042714622,747.1,429.1,290.6,27.4,9.8,710.5,assemble attention plan@24/?-work_queue,Prepare hardware matmul job@24/?-work_queue,745.6,578.9,328.5,338.0,731.5
3481,137099048978109,562.1,191.3,336.9,33.9,14.2,412.9,notify_listener@25/0-worker,work_queue::do_work get_work@24/?-work_queue,560.1,412.9,133.5,138.4,547.4
3482,137099054970473,2480.4,1132.9,958.5,388.9,160.5,2294.3,assemble attention plan@24/?-work_queue,Prepare hardware matmul job@24/?-work_queue,2478.6,1575.9,660.5,705.7,2464.7
3483,137099062947802,1300.6,544.2,615.4,141.0,113.5,487.0,kernel_add_rmsnorm_71@25/0-worker,prepare streams@25/0-worker,1298.0,1163.0,602.7,641.6,1284.1
3484,137099069668269,603.4,175.3,396.4,31.7,12.7,463.0,notify_listener@25/0-worker,work_queue::do_work get_work@24/?-work_queue,601.8,463.0,122.4,133.1,587.7
3485,137099075714113,573.9,177.0,368.7,28.3,10.8,537.5,assemble attention plan@24/?-work_queue,Prepare hardware matmul job@24/?-work_queue,572.5,436.7,125.3,131.2,559.0
3486,137099081707924,504.6,171.8,300.3,32.5,13.4,362.2,notify_listener@25/0-worker,work_queue::do_work get_work@24/?-work_queue,502.4,362.2,126.5,131.4,487.8
3487,137099087653452,495.1,172.2,293.3,29.6,10.0,458.3,assemble attention plan@24/?-work_queue,Prepare hardware matmul job@24/?-work_queue,492.8,355.0,116.9,120.7,479.3
3488,137099093605865,1539.7,556.8,795.7,187.2,113.7,477.9,kernel_add_rmsnorm_71@25/0-worker,prepare streams@25/0-worker,1538.2,1358.6,594.4,599.9,1523.2
3489,137099100654682,2231.2,1104.6,718.3,408.3,153.9,2049.6,assemble attention plan@24/?-work_queue,Prepare hardware matmul job@24/?-work_queue,2229.0,1355.7,641.0,651.2,2213.8
3490,137099108356316,588.2,181.7,379.3,27.1,11.1,551.3,assemble attention plan@24/?-work_queue,Prepare hardware matmul job@24/?-work_queue,586.3,450.9,136.2,144.0,572.6
3491,137099114382940,508.5,177.2,296.7,34.6,14.5,361.9,notify_listener@25/0-worker,work_queue::do_work get_work@24/?-work_queue,506.8,361.9,119.7,124.2,492.7
3492,137099120388285,583.4,187.4,369.1,26.9,9.4,547.9,assemble attention plan@24/?-work_queue,Prepare hardware matmul job@24/?-work_queue,580.9,448.3,131.3,143.3,566.6
3493,137099126401174,528.5,187.3,305.9,35.3,13.2,386.1,notify_listener@25/0-worker,work_queue::do_work get_work@24/?-work_queue,527.0,386.1,138.1,142.4,513.2
3494,137099132420997,1638.7,608.9,885.2,144.6,85.4,956.4,notify_listener@25/0-worker,work_queue::do_work get_work@24/?-work_queue,1637.1,956.4,147.5,151.5,1622.4
3495,137099139471010,1668.3,630.9,779.3,258.1,118.9,1419.1,notify_listener@25/0-worker,work_queue::do_work get_work@24/?-work_queue,1666.5,1419.1,676.3,681.6,1652.5
3496,137099146576794,1033.8,550.5,304.6,178.7,154.0,853.9,assemble attention plan@24/?-work_queue,Prepare hardware matmul job@24/?-work_queue,1031.3,377.2,138.4,147.6,1018.2
3497,137099153091351,1189.5,647.1,386.4,155.9,113.7,574.3,kernel_add_rmsnorm_71@25/0-worker,prepare streams@25/0-worker,1186.7,1041.4,690.7,698.9,1170.2
3498,137099159758138,1807.2,620.2,901.4,285.6,156.5,1616.8,assemble attention plan@24/?-work_queue,Prepare hardware matmul job@24/?-work_queue,1805.1,962.6,127.3,131.8,1783.4
3499,137099167128650,516.8,169.6,304.8,42.4,24.7,361.0,notify_listener@25/0-worker,work_queue::do_work get_work@24/?-work_queue,515.0,361.0,130.6,134.8,494.4
3500,137099173085757,1188.7,615.2,420.3,153.2,125.4,540.6,kernel_add_rmsnorm_71@25/0-worker,prepare streams@25/0-worker,1187.0,1046.4,669.0,681.1,1167.1
3501,137099179798148,1337.3,310.9,847.1,179.3,115.2,1040.1,notify_listener@25/0-worker,work_queue::do_work get_work@24/?-work_queue,1335.2,1040.1,255.7,279.9,1320.2
3502,137099186579085,1581.2,655.0,783.6,142.6,113.1,573.0,kernel_add_rmsnorm_71@25/0-worker,prepare streams@25/0-worker,1578.2,1430.6,689.4,701.2,1562.5
3503,137099193608214,1451.0,753.4,529.8,167.7,113.4,594.9,notify_listener@25/0-worker,work_queue::do_work get_work@24/?-work_queue,1449.3,594.9,127.7,133.5,1434.2
3504,137099200510906,591.8,182.4,380.6,28.9,11.2,554.8,assemble attention plan@24/?-work_queue,Prepare hardware matmul job@24/?-work_queue,589.6,435.2,124.2,129.6,575.7
3505,137099206587069,848.0,507.7,303.6,36.6,15.2,707.3,notify_listener@25/0-worker,work_queue::do_work get_work@24/?-work_queue,845.5,707.3,456.6,476.2,831.8
3506,137099212886786,1243.4,202.2,819.0,222.2,99.6,154.6,kernel_add_rmsnorm_71@25/0-worker,prepare streams@25/0-worker,1241.8,1011.9,256.1,260.6,1227.3
3507,137099219580670,582.5,180.7,367.6,34.2,12.2,441.2,notify_listener@25/0-worker,work_queue::do_work get_work@24/?-work_queue,580.5,441.2,127.3,132.8,566.6
3508,137099225600993,1441.1,628.6,532.4,280.1,135.7,1277.6,assemble attention plan@24/?-work_queue,Prepare hardware matmul job@24/?-work_queue,1437.6,599.0,132.2,137.3,1423.8
3509,137099232544467,1606.1,585.2,876.5,144.4,109.5,513.6,kernel_add_rmsnorm_71@25/0-worker,prepare streams@25/0-worker,1604.3,1465.3,626.6,642.5,1589.3
3510,137099239631448,567.7,169.6,366.7,31.3,15.0,526.6,assemble attention plan@24/?-work_queue,Prepare hardware matmul job@24/?-work_queue,565.6,426.1,122.8,127.8,551.5
3511,137099245750159,744.3,363.4,346.9,34.0,12.6,602.6,notify_listener@25/0-worker,work_queue::do_work get_work@24/?-work_queue,742.2,602.6,295.9,301.4,727.5
3512,137099251928878,556.5,171.5,358.6,26.4,9.6,521.7,assemble attention plan@24/?-work_queue,Prepare hardware matmul job@24/?-work_queue,555.1,422.8,120.9,126.7,540.9
3513,137099257936255,635.0,241.5,356.7,36.7,13.8,491.3,notify_listener@25/0-worker,work_queue::do_work get_work@24/?-work_queue,633.0,491.3,185.8,193.6,618.5
3514,137099264040053,1234.2,639.3,459.6,135.4,105.1,620.6,kernel_add_rmsnorm_71@25/0-worker,prepare streams@25/0-worker,1232.6,1092.8,727.7,732.5,1217.1
3515,137099270770642,673.5,345.8,289.7,38.0,12.4,533.8,notify_listener@25/0-worker,work_queue::do_work get_work@24/?-work_queue,671.4,533.8,288.5,294.4,658.1
3516,137099276919084,1221.3,251.1,792.1,178.1,112.0,191.0,kernel_add_rmsnorm_71@25/0-worker,prepare streams@25/0-worker,1219.8,1046.3,304.5,309.5,1205.1
3517,137099283643808,863.3,467.1,363.2,33.0,11.0,726.7,notify_listener@25/0-worker,work_queue::do_work get_work@24/?-work_queue,861.1,726.7,403.1,414.7,848.1
3518,137099290016524,1767.1,635.4,852.0,279.7,151.6,1584.6,assemble attention plan@24/?-work_queue,Prepare hardware matmul job@24/?-work_queue,1761.6,894.8,129.1,133.1,1746.5
3519,137099297388160,1027.5,634.8,291.4,101.3,67.5,559.3,kernel_add_rmsnorm_71@25/0-worker,prepare streams@25/0-worker,1024.7,872.2,630.9,635.4,1000.4
3520,137099303898861,575.3,222.7,323.4,29.1,10.8,531.2,assemble attention plan@24/?-work_queue,Prepare hardware matmul job@24/?-work_queue,573.4,396.6,144.5,149.7,553.5
3521,137099310018404,1293.4,639.2,497.7,156.5,114.4,545.4,kernel_add_rmsnorm_71@25/0-worker,prepare streams@25/0-worker,1291.9,1127.5,661.5,668.5,1272.1
3522,137099316756258,1376.5,380.8,850.9,144.8,92.5,1076.6,notify_listener@25/0-worker,work_queue::do_work get_work@24/?-work_queue,1374.4,1076.6,290.2,301.9,1355.1
3523,137099323564222,961.8,483.6,303.1,175.1,150.7,776.4,assemble attention plan@24/?-work_queue,Prepare hardware matmul job@24/?-work_queue,959.2,374.8,128.2,132.0,943.8
3524,137099329924096,1238.5,307.5,790.1,141.0,115.0,234.1,kernel_add_rmsnorm_71@25/0-worker,prepare streams@25/0-worker,1237.0,1088.6,350.4,355.4,1220.4
3525,137099336573525,608.4,178.9,397.5,31.9,12.0,568.9,assemble attention plan@24/?-work_queue,Prepare hardware matmul job@24/?-work_queue,606.6,455.9,140.8,149.1,592.9
3526,137099342605642,1452.2,734.9,576.8,140.6,76.7,640.8,notify_listener@25/0-worker,work_queue::do_work get_work@24/?-work_queue,1449.4,640.8,125.0,129.9,1434.5
3527,137099349470780,574.3,175.1,363.2,36.0,17.2,421.2,notify_listener@25/0-worker,work_queue::do_work get_work@24/?-work_queue,572.6,421.2,112.3,115.8,557.9
3528,137099355506011,903.5,569.9,302.2,31.4,10.6,867.2,assemble attention plan@24/?-work_queue,Prepare hardware matmul job@24/?-work_queue,901.8,766.6,510.8,527.8,887.8
3529,137099361893095,2147.5,780.6,894.6,472.2,152.9,1152.4,notify_listener@25/0-worker,work_queue::do_work get_work@24/?-work_queue,2144.5,1152.4,373.6,383.9,2131.1
3530,137099369532299,719.4,234.9,312.4,172.1,151.3,540.2,assemble attention plan@24/?-work_queue,Prepare hardware matmul job@24/?-work_queue,717.1,371.1,127.7,134.4,702.2
3531,137099375648510,539.5,181.7,321.4,36.3,14.1,387.6,notify_listener@25/0-worker,work_queue::do_work get_work@24/?-work_queue,537.1,387.6,129.4,133.6,522.6
3532,137099381653274,756.1,461.1,266.6,28.4,9.8,720.0,assemble attention plan@24/?-work_queue,Prepare hardware matmul job@24/?-work_queue,753.8,619.5,389.6,394.5,740.2
3533,137099387829331,617.9,216.1,364.9,36.9,18.6,465.0,notify_listener@25/0-worker,work_queue::do_work get_work@24/?-work_queue,615.8,465.0,149.1,153.6,601.4
3534,137099393926743,635.0,213.9,390.1,30.9,9.5,496.6,notify_listener@25/0-worker,work_queue::do_work get_work@24/?-work_queue,632.2,496.6,182.8,187.3,618.8
3535,137099400015642,1244.2,644.9,448.8,150.5,110.9,574.3,kernel_add_rmsnorm_71@25/0-worker,prepare streams@25/0-worker,1242.7,1099.2,687.8,692.2,1228.3
3536,137099406686962,637.5,180.7,427.1,29.7,9.6,599.9,assemble attention plan@24/?-work_queue,Prepare hardware matmul job@24/?-work_queue,635.1,496.5,120.9,125.9,619.1
3537,137099412731742,497.7,173.4,288.0,36.3,14.1,352.2,notify_listener@25/0-worker,work_queue::do_work get_work@24/?-work_queue,496.2,352.2,114.4,121.5,481.8
3538,137099418689270,1455.9,489.8,838.6,127.5,98.5,466.7,kernel_add_rmsnorm_71@25/0-worker,prepare streams@25/0-worker,1454.3,1319.3,566.6,570.6,1440.3
3539,137099425664275,587.9,181.7,370.9,35.3,13.3,444.5,notify_listener@25/0-worker,work_queue::do_work get_work@24/?-work_queue,586.3,444.5,134.4,145.5,572.6
3540,137099431646517,823.9,468.0,322.5,33.3,9.1,789.3,assemble attention plan@24/?-work_queue,Prepare hardware matmul job@24/?-work_queue,822.2,688.8,417.0,422.6,808.6
3541,137099438076291,2017.6,590.5,1203.7,223.4,168.8,1517.3,notify_listener@25/0-worker,work_queue::do_work get_work@24/?-work_queue,2014.3,1517.3,347.1,368.1,1996.9
3542,137099445604575,1601.0,687.2,767.7,146.1,109.1,601.1,kernel_add_rmsnorm_71@25/0-worker,prepare streams@25/0-worker,1598.6,1441.8,712.4,718.1,1578.6
3543,137099452585007,2652.3,1199.3,1017.2,435.8,152.5,2462.1,assemble attention plan@24/?-work_queue,Prepare hardware matmul job@24/?-work_queue,2649.6,1641.5,676.4,692.8,2626.5
3544,137099460699508,730.0,420.6,277.5,31.9,11.6,578.1,notify_listener@25/0-worker,work_queue::do_work get_work@24/?-work_queue,727.8,578.1,342.1,346.4,704.0
3545,137099466860080,608.6,279.5,294.2,34.9,13.8,460.2,notify_listener@25/0-worker,work_queue::do_work get_work@24/?-work_queue,606.7,460.2,223.7,228.3,588.1
3546,137099472868424,1849.4,687.9,866.1,295.4,154.4,1663.8,assemble attention plan@24/?-work_queue,Prepare hardware matmul job@24/?-work_queue,1846.9,929.6,142.3,148.8,1828.6
3547,137099480221854,1132.6,625.7,369.0,137.9,104.1,544.0,kernel_add_rmsnorm_71@25/0-worker,prepare streams@25/0-worker,1129.7,977.4,651.1,661.2,1114.8
3548,137099486758484,525.2,186.3,309.5,29.3,10.4,375.5,notify_listener@25/0-worker,work_queue::do_work get_work@24/?-work_queue,523.2,375.5,132.2,136.1,508.0
3549,137099492738345,533.6,193.5,304.8,35.4,13.4,360.6,notify_listener@25/0-worker,work_queue::do_work get_work@24/?-work_queue,531.4,360.6,115.4,119.8,516.4
3550,137099498748797,718.5,361.2,315.2,42.1,11.9,680.1,assemble attention plan@24/?-work_queue,Prepare hardware matmul job@24/?-work_queue,716.5,564.4,298.2,302.8,702.5
3551,137099504922085,592.0,170.8,378.2,42.9,10.8,441.1,notify_listener@25/0-worker,work_queue::do_work get_work@24/?-work_queue,590.0,441.1,121.8,126.7,576.0
3552,137099510977173,600.1,187.2,380.0,33.0,10.3,563.7,assemble attention plan@24/?-work_queue,Prepare hardware matmul job@24/?-work_queue,598.3,459.5,145.5,149.3,584.4
3553,137099516992452,1327.4,696.8,478.7,152.0,119.3,602.3,kernel_add_rmsnorm_71@25/0-worker,prepare streams@25/0-worker,1325.1,1162.9,723.0,727.1,1311.6
3554,137099523834294,518.8,186.4,305.2,27.2,9.4,367.9,notify_listener@25/0-worker,work_queue::do_work get_work@24/?-work_queue,517.1,367.9,117.6,122.2,502.8
3555,137099529793875,640.6,193.2,409.6,37.8,14.2,491.3,notify_listener@25/0-worker,work_queue::do_work get_work@24/?-work_queue,638.6,491.3,133.4,143.6,624.8
3556,137099535876151,602.9,206.4,363.8,32.6,9.4,566.3,assemble attention plan@24/?-work_queue,Prepare hardware matmul job@24/?-work_queue,599.8,448.3,142.4,147.5,585.4
3557,137099541912441,2366.2,1134.3,813.8,418.1,123.7,2216.0,assemble attention plan@24/?-work_queue,Prepare hardware matmul job@24/?-work_queue,2363.7,1291.9,537.1,541.3,2350.6
3558,137099549750429,695.9,370.2,281.7,44.0,14.3,655.4,assemble attention plan@24/?-work_queue,Prepare hardware matmul job@24/?-work_queue,693.7,549.2,301.8,314.6,680.2
3559,137099556018125,2321.4,1062.9,817.0,441.6,149.6,2145.2,assemble attention plan@24/?-work_queue,Prepare hardware matmul job@24/?-work_queue,2319.1,1399.8,605.9,610.8,2305.4
3560,137099563803365,585.3,195.6,357.2,32.5,10.8,440.7,notify_listener@25/0-worker,work_queue::do_work get_work@24/?-work_queue,583.8,440.7,132.1,138.0,568.4
3561,137099569815954,538.7,189.2,314.9,34.6,14.9,392.8,notify_listener@25/0-worker,work_queue::do_work get_work@24/?-work_queue,537.2,392.8,140.6,145.2,522.6
3562,137099575737567,755.3,337.7,387.2,30.3,10.3,719.3,assemble attention plan@24/?-work_queue,Prepare hardware matmul job@24/?-work_queue,753.1,615.6,311.1,320.3,739.6
3563,137099581920031,646.7,225.0,383.1,38.6,16.0,501.3,notify_listener@25/0-worker,work_queue::do_work get_work@24/?-work_queue,644.8,501.3,177.5,181.6,631.2
3564,137099588088314,526.0,169.8,325.6,30.5,10.7,489.1,assemble attention plan@24/?-work_queue,Prepare hardware matmul job@24/?-work_queue,523.7,385.6,126.3,131.2,509.4
3565,137099594064374,606.7,70.7,535.4,0.5,0.1,5.5,Launch hardware matmul job@24/?-work_queue,Launch hardware matmul job@24/?-work_queue,131.4,606.7,127.7,131.4,
3566,137099596014280,135.5,112.9,4.9,17.8,8.7,98.8,assemble attention plan@24/?-work_queue,Prepare hardware matmul job@24/?-work_queue,132.5,,,,
3567,137099601622099,543.3,201.7,305.4,36.2,17.5,370.2,notify_listener@25/0-worker,work_queue::do_work get_work@24/?-work_queue,541.5,370.2,126.3,130.1,527.2
3568,137099607573665,1237.2,732.2,315.1,190.0,158.1,1045.5,assemble attention plan@24/?-work_queue,Prepare hardware matmul job@24/?-work_queue,1235.3,380.3,143.0,149.8,1215.8
3569,137099614397238,502.1,174.4,297.9,29.8,10.7,461.6,assemble attention plan@24/?-work_queue,Prepare hardware matmul job@24/?-work_queue,500.0,352.5,105.5,110.3,481.9
3570,137099620445649,2448.2,1129.0,886.4,432.9,149.9,2263.6,assemble attention plan@24/?-work_queue,Prepare hardware matmul job@24/?-work_queue,2446.7,1527.0,719.8,730.7,2424.4
3571,137099628435711,488.2,176.5,282.0,29.7,11.1,343.3,notify_listener@25/0-worker,work_queue::do_work get_work@24/?-work_queue,486.1,343.3,122.1,128.6,465.7
3572,137099635917495,2194.3,725.1,1210.6,258.6,163.5,1267.3,notify_listener@25/0-worker,work_queue::do_work get_work@24/?-work_queue,2191.2,1267.3,125.2,129.1,2176.0
3573,137099643583847,1516.4,370.9,973.1,172.4,98.7,1019.8,notify_listener@25/0-worker,work_queue::do_work get_work@24/?-work_queue,1514.0,1019.8,120.8,124.2,1498.6
3574,137099650504715,531.0,189.5,297.7,43.8,12.8,361.0,notify_listener@25/0-worker,work_queue::do_work get_work@24/?-work_queue,528.8,361.0,115.8,119.6,516.4
3575,137099656524632,602.5,180.3,381.1,41.1,16.8,559.0,assemble attention plan@24/?-work_queue,Prepare hardware matmul job@24/?-work_queue,600.3,436.3,125.0,128.9,586.2
3576,137099662627846,2319.6,1063.4,834.1,422.2,153.7,2138.4,assemble attention plan@24/?-work_queue,Prepare hardware matmul job@24/?-work_queue,2317.1,1449.5,669.3,700.6,2303.1
3577,137099670416778,575.6,192.7,354.5,28.4,10.0,435.1,notify_listener@25/0-worker,work_queue::do_work get_work@24/?-work_queue,573.8,435.1,127.9,137.2,560.2
3578,137099676538457,1276.8,659.4,373.4,244.0,176.2,1074.5,assemble attention plan@24/?-work_queue,Prepare hardware matmul job@24/?-work_queue,1268.6,446.8,131.2,140.6,1261.2
3579,137099683294138,521.4,177.9,312.0,31.5,11.5,483.6,assemble attention plan@24/?-work_queue,Prepare hardware matmul job@24/?-work_queue,519.8,378.8,131.8,136.9,505.1
3580,137099689324792,871.4,182.1,656.0,33.3,10.8,727.8,notify_listener@25/0-worker,work_queue::do_work get_work@24/?-work_queue,869.8,727.8,134.4,138.2,855.3
3581,137099695638214,860.3,459.6,366.9,33.8,11.0,822.5,assemble attention plan@24/?-work_queue,Prepare hardware matmul job@24/?-work_queue,857.7,722.2,413.6,418.6,843.2
3582,137099701974097,591.0,196.0,364.3,30.7,11.0,449.8,notify_listener@25/0-worker,work_queue::do_work get_work@24/?-work_queue,582.7,449.8,135.2,139.4,575.6
3583,137099708086988,2056.4,891.4,1030.1,134.9,99.4,821.7,kernel_add_rmsnorm_71@25/0-worker,prepare streams@25/0-worker,2054.0,1921.1,922.7,931.5,2040.5
3584,137099715608294,819.2,362.3,423.2,33.6,13.0,673.7,notify_listener@25/0-worker,work_queue::do_work get_work@24/?-work_queue,817.6,673.7,440.1,447.9,803.9
3585,137099721913541,586.0,189.6,365.1,31.4,9.6,439.8,notify_listener@25/0-worker,work_queue::do_work get_work@24/?-work_queue,583.8,439.8,132.0,138.4,567.2
3586,137099727947509,569.0,213.1,325.3,30.6,11.0,419.8,notify_listener@25/0-worker,work_queue::do_work get_work@24/?-work_queue,552.2,419.8,144.0,153.7,544.7
3587,137099733990350,520.3,171.6,315.6,33.0,9.7,478.3,assemble attention plan@24/?-work_queue,Prepare hardware matmul job@24/?-work_queue,518.5,376.2,130.0,137.3,498.0
3588,137099739940921,616.8,210.6,369.9,36.4,14.4,464.5,notify_listener@25/0-worker,work_queue::do_work get_work@24/?-work_queue,614.3,464.5,158.5,163.0,592.1
3589,137099746130426,516.7,181.4,307.6,27.7,9.2,476.4,assemble attention plan@24/?-work_queue,Prepare hardware matmul job@24/?-work_queue,514.4,376.9,133.3,139.6,495.0
3590,137099752106318,597.9,166.2,392.3,39.4,13.0,446.2,notify_listener@25/0-worker,work_queue::do_work get_work@24/?-work_queue,595.3,446.2,115.9,120.8,581.6
3591,137099758225405,585.7,183.7,367.3,34.6,14.8,534.9,assemble attention plan@24/?-work_queue,Prepare hardware matmul job@24/?-work_queue,583.7,432.6,124.1,130.4,568.7
3592,137099764267436,954.8,203.0,711.6,40.3,14.7,776.9,notify_listener@25/0-worker,work_queue::do_work get_work@24/?-work_queue,952.6,776.9,112.0,116.0,937.5
3593,137099770712766,791.6,401.9,361.4,28.3,9.5,748.9,assemble attention plan@24/?-work_queue,Prepare hardware matmul job@24/?-work_queue,788.0,649.0,342.0,345.8,774.0
3594,137099776916443,2039.4,761.3,831.7,446.4,145.4,1017.8,notify_listener@25/0-worker,work_queue::do_work get_work@24/?-work_queue,2036.8,1017.8,239.0,268.1,2022.7
3595,137099784475562,491.1,175.7,286.4,28.9,10.4,454.9,assemble attention plan@24/?-work_queue,Prepare hardware matmul job@24/?-work_queue,489.1,345.5,114.9,119.7,475.5
3596,137099790467508,996.9,621.0,328.0,47.9,14.0,852.2,notify_listener@25/0-worker,work_queue::do_work get_work@24/?-work_queue,994.0,852.2,552.0,566.4,980.7
3597,137099796952908,542.7,210.0,298.9,33.9,9.6,505.9,assemble attention plan@24/?-work_queue,Prepare hardware matmul job@24/?-work_queue,541.1,404.9,160.5,169.5,526.2
3598,137099803044185,1246.0,601.6,477.8,166.5,132.3,536.5,kernel_add_rmsnorm_71@25/0-worker,prepare streams@25/0-worker,1243.6,1102.2,670.8,691.9,1230.1
3599,137099809721230,588.4,234.6,321.9,32.0,10.1,551.1,assemble attention plan@24/?-work_queue,Prepare hardware matmul job@24/?-work_queue,586.7,448.8,170.3,179.7,571.7
3600,137099815767159,729.7,336.4,355.9,37.4,15.0,582.5,notify_listener@25/0-worker,work_queue::do_work get_work@24/?-work_queue,728.0,582.5,277.2,281.9,714.2
3601,137099821992764,530.8,201.5,301.7,27.6,9.3,496.0,assemble attention plan@24/?-work_queue,Prepare hardware matmul job@24/?-work_queue,529.1,394.9,151.4,156.7,515.3
3602,137099828092014,2305.1,1032.1,826.4,446.6,150.3,2129.2,assemble attention plan@24/?-work_queue,Prepare hardware matmul job@24/?-work_queue,2303.7,1400.3,611.0,630.4,2289.4
3603,137099837553395,2941.3,1375.9,1154.1,411.3,187.1,2724.8,assemble attention plan@24/?-work_queue,Prepare hardware matmul job@24/?-work_queue,2938.9,1367.1,244.7,278.7,2923.5
3604,137099845974560,1313.5,594.5,563.8,155.2,124.1,540.7,kernel_add_rmsnorm_71@25/0-worker,prepare streams@25/0-worker,1310.9,1165.4,666.9,672.5,1295.2
3605,137099852724704,2333.2,1085.4,922.3,325.4,131.1,1491.6,notify_listener@25/0-worker,work_queue::do_work get_work@24/?-work_queue,2331.0,1491.6,617.3,660.8,2318.8
3606,137099860529142,973.2,571.2,369.7,32.4,10.8,935.0,assemble attention plan@24/?-work_queue,Prepare hardware matmul job@24/?-work_queue,970.4,828.5,514.7,519.0,956.3
3607,137099866967608,527.0,199.5,289.3,38.3,15.1,377.5,notify_listener@25/0-worker,work_queue::do_work get_work@24/?-work_queue,524.9,377.5,148.9,153.0,511.1
3608,137099873038509,1254.3,616.7,481.6,156.0,122.7,548.5,kernel_add_rmsnorm_71@25/0-worker,prepare streams@25/0-worker,1252.5,1108.5,673.2,677.5,1238.3
3609,137099879787674,762.6,353.7,367.7,41.2,14.5,593.0,notify_listener@25/0-worker,work_queue::do_work get_work@24/?-work_queue,760.3,593.0,290.2,294.4,741.7
3610,137099886074778,518.9,179.9,308.8,30.2,10.9,363.1,notify_listener@25/0-worker,work_queue::do_work get_work@24/?-work_queue,515.1,363.1,121.3,125.9,491.4
3611,137099892091401,1835.1,647.1,834.6,353.3,152.0,1650.6,assemble attention plan@24/?-work_queue,Prepare hardware matmul job@24/?-work_queue,1833.3,886.4,118.2,126.1,1813.8
3612,137099899442486,1061.1,608.9,384.1,68.1,36.5,537.5,kernel_add_rmsnorm_71@25/0-worker,prepare streams@25/0-worker,1058.8,913.7,580.4,592.0,1038.5
3613,137099906023538,1283.8,650.7,479.9,153.2,109.4,584.1,kernel_add_rmsnorm_71@25/0-worker,prepare streams@25/0-worker,1281.5,1135.6,695.3,698.9,1267.8
3614,137099912795104,1381.5,553.8,679.0,148.7,111.1,478.1,kernel_add_rmsnorm_71@25/0-worker,prepare streams@25/0-worker,1379.5,1238.4,590.9,595.9,1365.2
3615,137099919703669,729.0,380.2,312.3,36.5,15.7,575.4,notify_listener@25/0-worker,work_queue::do_work get_work@24/?-work_queue,726.3,575.4,347.1,352.2,711.8
3616,137099925919230,504.9,178.0,294.8,32.1,10.4,468.4,assemble attention plan@24/?-work_queue,Prepare hardware matmul job@24/?-work_queue,502.6,359.3,124.7,129.1,488.7
3617,137099931892706,521.8,175.4,308.4,38.1,11.7,369.8,notify_listener@25/0-worker,work_queue::do_work get_work@24/?-work_queue,519.5,369.8,125.1,129.3,505.1
3618,137099937922001,506.7,182.2,296.0,28.5,10.6,352.0,notify_listener@25/0-worker,work_queue::do_work get_work@24/?-work_queue,504.5,352.0,124.3,129.1,490.0
3619,137099943913625,1229.2,257.9,763.0,208.3,99.1,154.2,kernel_add_rmsnorm_71@25/0-worker,prepare streams@25/0-worker,1227.7,1009.4,255.0,305.7,1214.5
3620,137099950746173,761.5,364.4,363.2,33.9,10.5,620.1,notify_listener@25/0-worker,work_queue::do_work get_work@24/?-work_queue,759.5,620.1,302.9,308.6,745.4
3621,137099956978226,567.6,189.4,340.9,37.3,15.3,420.1,notify_listener@25/0-worker,work_queue::do_work get_work@24/?-work_queue,566.1,420.1,129.5,133.8,551.3
3622,137099963084224,1214.7,601.3,475.3,138.1,107.6,533.8,kernel_add_rmsnorm_71@25/0-worker,prepare streams@25/0-worker,1213.2,1076.3,644.4,648.4,1199.5
3623,137099969823470,579.0,173.1,370.7,35.2,13.3,540.9,assemble attention plan@24/?-work_queue,Prepare hardware matmul job@24/?-work_queue,577.0,433.2,116.7,122.6,563.5
3624,137099975891499,1235.6,212.5,880.4,142.7,86.4,926.1,notify_listener@25/0-worker,work_queue::do_work get_work@24/?-work_queue,1233.8,926.1,124.0,128.1,1219.5
3625,137099982631212,647.1,184.9,429.7,32.5,13.1,507.6,notify_listener@25/0-worker,work_queue::do_work get_work@24/?-work_queue,645.0,507.6,133.0,142.6,632.1
3626,137099988744087,585.4,181.7,375.6,28.1,9.5,444.7,notify_listener@25/0-worker,work_queue::do_work get_work@24/?-work_queue,583.7,444.7,130.6,137.0,568.7
3627,137099994767578,668.8,330.1,306.9,31.8,13.4,530.0,notify_listener@25/0-worker,work_queue::do_work get_work@24/?-work_queue,667.3,530.0,296.6,302.2,654.1
3628,137100000936304,841.0,370.9,439.9,30.1,9.8,797.6,assemble attention plan@24/?-work_queue,Prepare hardware matmul job@24/?-work_queue,837.4,684.9,436.8,441.9,818.3
3629,137100007246867,497.4,174.4,290.7,32.3,12.6,345.8,notify_listener@25/0-worker,work_queue::do_work get_work@24/?-work_queue,495.0,345.8,117.9,123.2,473.2
3630,137100013273649,615.6,202.0,382.9,30.7,10.3,567.2,assemble attention plan@24/?-work_queue,Prepare hardware matmul job@24/?-work_queue,613.2,457.8,145.4,150.9,588.9
3631,137100019413574,1072.4,607.0,355.4,110.0,71.2,529.4,kernel_add_rmsnorm_71@25/0-worker,prepare streams@25/0-worker,1070.4,914.9,603.6,610.1,1046.4
3632,137100026142281,1148.8,649.2,353.7,145.8,116.4,589.2,kernel_add_rmsnorm_71@25/0-worker,prepare streams@25/0-worker,1146.6,1007.4,707.7,711.8,1133.1
3633,137100032752904,703.4,354.0,311.0,38.4,13.5,554.7,notify_listener@25/0-worker,work_queue::do_work get_work@24/?-work_queue,701.0,554.7,291.3,295.3,687.4
3634,137100038974294,616.7,189.6,387.5,39.6,11.1,579.3,assemble attention plan@24/?-work_queue,Prepare hardware matmul job@24/?-work_queue,614.1,468.7,135.0,139.2,600.6
3635,137100045089046,1233.1,607.6,463.0,162.6,120.8,541.3,kernel_add_rmsnorm_71@25/0-worker,prepare streams@25/0-worker,1230.3,1074.3,665.2,675.9,1215.6
3636,137100051847691,2031.9,736.1,963.1,332.7,149.7,1856.4,assemble attention plan@24/?-work_queue,Prepare hardware matmul job@24/?-work_queue,2030.1,1027.8,131.9,136.1,2015.9
3637,137100059516270,574.9,181.0,358.1,35.8,15.7,425.5,notify_listener@25/0-worker,work_queue::do_work get_work@24/?-work_queue,573.2,425.5,120.6,134.4,559.3
3638,137100065618273,567.9,169.8,371.5,26.6,9.4,531.2,assemble attention plan@24/?-work_queue,Prepare hardware matmul job@24/?-work_queue,566.3,432.6,114.0,126.1,551.3
3639,137100071709650,516.6,184.1,293.8,38.7,15.1,474.8,assemble attention plan@24/?-work_queue,Prepare hardware matmul job@24/?-work_queue,514.3,368.5,129.9,135.4,499.6
3640,137100077733079,1523.6,575.4,783.7,164.5,128.3,679.8,kernel_add_rmsnorm_71@25/0-worker,prepare streams@25/0-worker,1521.4,1381.7,809.7,814.4,1506.6
3641,137100084749815,573.8,171.2,365.9,36.8,17.4,427.8,notify_listener@25/0-worker,work_queue::do_work get_work@24/?-work_queue,572.2,427.8,116.8,121.4,558.2
3642,137100090812759,1319.6,205.2,968.6,145.7,90.6,1048.6,notify_listener@25/0-worker,work_queue::do_work get_work@24/?-work_queue,1317.5,1048.6,137.3,148.3,1302.7
3643,137100097672596,589.5,179.0,376.3,34.2,14.1,442.7,notify_listener@25/0-worker,work_queue::do_work get_work@24/?-work_queue,587.4,442.7,126.5,130.6,573.2
3644,137100103743833,808.9,406.5,371.2,31.2,10.2,772.7,assemble attention plan@24/?-work_queue,Prepare hardware matmul job@24/?-work_queue,806.9,669.8,354.7,359.5,793.1
3645,137100110081276,591.1,181.3,371.4,38.5,15.6,441.1,notify_listener@25/0-worker,work_queue::do_work get_work@24/?-work_queue,589.4,441.1,116.4,121.5,575.8
3646,137100116138799,1234.4,638.0,452.9,143.5,114.4,657.0,kernel_add_rmsnorm_71@25/0-worker,prepare streams@25/0-worker,1232.7,1094.8,775.1,786.2,1218.7
3647,137100122922695,568.6,198.2,317.8,52.5,15.1,426.2,notify_listener@25/0-worker,work_queue::do_work get_work@24/?-work_queue,567.0,426.2,183.5,187.6,552.8
3648,137100128974425,577.2,179.4,371.4,26.5,9.8,540.6,assemble attention plan@24/?-work_queue,Prepare hardware matmul job@24/?-work_queue,575.1,438.6,131.5,135.8,561.2
3649,137100135092950,497.0,168.8,283.9,44.3,16.4,350.2,notify_listener@25/0-worker,work_queue::do_work get_work@24/?-work_queue,494.8,350.2,118.5,124.8,481.3
3650,137100141095097,1199.8,685.5,372.9,141.5,109.9,654.9,kernel_add_rmsnorm_71@25/0-worker,prepare streams@25/0-worker,1197.9,1054.8,767.5,773.7,1179.3
3651,137100147845085,518.4,177.1,310.2,31.1,11.3,372.3,notify_listener@25/0-worker,work_queue::do_work get_work@24/?-work_queue,516.2,372.3,126.8,131.5,497.8
3652,137100153899642,674.3,231.2,412.4,30.7,11.3,628.9,assemble attention plan@24/?-work_queue,Prepare hardware matmul job@24/?-work_queue,671.7,522.2,214.3,220.8,651.6
3653,137100160090676,485.1,166.5,282.7,35.9,12.2,336.5,notify_listener@25/0-worker,work_queue::do_work get_work@24/?-work_queue,483.3,336.5,111.6,115.5,461.0
3654,137100166032436,1223.9,619.0,468.8,136.2,111.0,541.3,kernel_add_rmsnorm_71@25/0-worker,prepare streams@25/0-worker,1221.4,1078.0,653.9,657.8,1199.4
3655,137100172754878,568.2,182.0,346.2,40.1,15.2,404.5,notify_listener@25/0-worker,work_queue::do_work get_work@24/?-work_queue,565.7,404.5,117.6,122.5,538.8
3656,137100178814176,548.3,190.3,330.2,27.8,9.9,401.0,notify_listener@25/0-worker,work_queue::do_work get_work@24/?-work_queue,545.7,401.0,128.7,133.0,530.9
3657,137100184880485,1799.0,646.5,831.5,321.0,158.8,1606.3,assemble attention plan@24/?-work_queue,Prepare hardware matmul job@24/?-work_queue,1796.6,880.8,123.6,140.0,1782.1
3658,137100192202932,530.3,172.2,324.6,33.5,11.5,381.9,notify_listener@25/0-worker,work_queue::do_work get_work@24/?-work_queue,528.4,381.9,124.6,133.1,513.7
3659,137100198267277,516.9,179.2,308.4,29.3,10.1,475.9,assemble attention plan@24/?-work_queue,Prepare hardware matmul job@24/?-work_queue,514.9,373.7,125.2,129.9,500.0
3660,137100204377407,517.4,175.9,314.4,27.2,10.8,479.4,assemble attention plan@24/?-work_queue,Prepare hardware matmul job@24/?-work_queue,515.6,370.3,122.6,129.5,500.6
3661,137100210354264,1023.4,570.5,288.8,164.1,113.1,497.4,kernel_add_rmsnorm_71@25/0-worker,prepare streams@25/0-worker,1021.4,867.3,613.9,621.1,1007.0
3662,137100216906719,707.4,222.6,346.5,138.4,108.1,135.4,kernel_add_rmsnorm_71@25/0-worker,prepare streams@25/0-worker,707.7,549.5,245.2,249.3,703.8
3663,137100223125652,524.5,169.7,309.8,45.0,17.1,365.7,notify_listener@25/0-worker,work_queue::do_work get_work@24/?-work_queue,522.9,365.7,113.3,117.5,507.5
3664,137100229150878,1166.6,632.9,384.0,149.7,116.4,524.5,kernel_add_rmsnorm_71@25/0-worker,prepare streams@25/0-worker,1164.0,1022.0,643.8,686.2,1149.2
3665,137100235822167,499.1,176.8,288.1,34.2,13.6,351.9,notify_listener@25/0-worker,work_queue::do_work get_work@24/?-work_queue,497.6,351.9,111.9,125.3,482.2
3666,137100241817690,1360.3,191.7,629.5,539.1,521.0,711.2,notify_listener@25/0-worker,work_queue::do_work get_work@24/?-work_queue,1358.0,711.2,139.9,143.8,1344.2
3667,137100248707136,572.6,177.5,360.4,34.7,14.6,425.1,notify_listener@25/0-worker,work_queue::do_work get_work@24/?-work_queue,570.8,425.1,116.9,122.1,556.2
3668,137100254814767,1395.2,559.3,674.1,161.9,132.3,476.2,kernel_add_rmsnorm_71@25/0-worker,prepare streams@25/0-worker,1392.5,1246.4,610.2,614.4,1378.6
3669,137100261688654,534.7,187.7,309.9,37.1,14.1,386.6,notify_listener@25/0-worker,work_queue::do_work get_work@24/?-work_queue,531.2,386.6,120.6,133.9,516.6
3670,137100267748366,753.2,360.2,358.7,34.3,10.6,716.8,assemble attention plan@24/?-work_queue,Prepare hardware matmul job@24/?-work_queue,751.7,611.9,296.9,302.7,737.8
3671,137100274053502,2029.0,902.3,830.9,295.7,115.6,1411.5,notify_listener@25/0-worker,work_queue::do_work get_work@24/?-work_queue,2026.8,1411.5,624.9,629.1,2011.7
3672,137100281637318,527.4,181.8,313.9,31.6,10.9,489.7,assemble attention plan@24/?-work_queue,Prepare hardware matmul job@24/?-work_queue,525.5,385.7,126.0,130.0,512.1
3673,137100287627061,1095.6,601.2,293.1,201.3,162.9,907.0,assemble attention plan@24/?-work_queue,Prepare hardware matmul job@24/?-work_queue,1093.2,352.2,120.8,124.9,1079.7
3674,137100294239184,938.5,189.8,722.6,26.1,9.9,901.7,assemble attention plan@24/?-work_queue,Prepare hardware matmul job@24/?-work_queue,936.1,800.7,141.9,146.5,922.0
3675,137100300659871,1693.7,634.4,745.3,314.0,152.5,1515.0,assemble attention plan@24/?-work_queue,Prepare hardware matmul job@24/?-work_queue,1691.9,816.6,112.5,116.1,1677.7
3676,137100307903167,1249.5,197.0,915.7,136.8,110.2,138.8,kernel_add_rmsnorm_71@25/0-worker,prepare streams@25/0-worker,1247.9,1108.1,251.1,256.1,1232.8
3677,137100314636520,652.6,189.7,426.9,36.0,13.9,503.3,notify_listener@25/0-worker,work_queue::do_work get_work@24/?-work_queue,650.5,503.3,142.6,162.5,635.7
3678,137100320828443,533.4,196.3,303.5,33.7,9.9,494.6,assemble attention plan@24/?-work_queue,Prepare hardware matmul job@24/?-work_queue,531.6,387.5,134.9,140.0,514.9
3679,137100326846309,550.0,189.7,326.5,33.8,14.6,395.0,notify_listener@25/0-worker,work_queue::do_work get_work@24/?-work_queue,547.5,395.0,129.5,135.0,524.7
3680,137100332940683,1197.5,210.6,850.9,136.0,86.1,902.6,notify_listener@25/0-worker,work_queue::do_work get_work@24/?-work_queue,1195.9,902.6,114.6,118.3,1170.0
3681,137100339618807,1522.7,539.7,786.2,196.8,142.8,1163.5,notify_listener@25/0-worker,work_queue::do_work get_work@24/?-work_queue,1520.7,1163.5,439.6,451.8,1494.4
3682,137100346659836,589.6,178.4,379.3,31.9,11.7,434.7,notify_listener@25/0-worker,work_queue::do_work get_work@24/?-work_queue,588.1,434.7,119.6,125.3,572.7
3683,137100352743015,594.2,171.1,392.1,31.0,12.0,448.2,notify_listener@25/0-worker,work_queue::do_work get_work@24/?-work_queue,591.7,448.2,120.9,125.2,578.2
3684,137100358891874,1768.5,644.5,861.9,262.1,118.8,1617.1,assemble attention plan@24/?-work_queue,Prepare hardware matmul job@24/?-work_queue,1766.4,915.2,114.4,128.2,1752.3
3685,137100366174272,597.5,193.0,368.2,36.2,12.3,439.4,notify_listener@25/0-worker,work_queue::do_work get_work@24/?-work_queue,595.6,439.4,131.0,135.0,581.1
3686,137100372333623,529.1,197.7,302.4,29.0,10.1,492.5,assemble attention plan@24/?-work_queue,Prepare hardware matmul job@24/?-work_queue,526.6,360.9,121.1,127.5,512.6
3687,137100378339310,515.7,189.0,280.8,45.9,15.9,356.6,notify_listener@25/0-worker,work_queue::do_work get_work@24/?-work_queue,512.8,356.6,128.3,132.2,498.7
3688,137100384502170,486.6,165.1,282.9,38.5,10.8,449.9,assemble attention plan@24/?-work_queue,Prepare hardware matmul job@24/?-work_queue,484.6,343.2,107.8,112.6,470.2
3689,137100390512844,964.4,570.9,345.3,48.2,15.5,821.3,notify_listener@25/0-worker,work_queue::do_work get_work@24/?-work_queue,962.5,821.3,505.2,509.9,949.4
3690,137100397029792,1253.5,655.7,447.9,149.9,120.1,593.7,kernel_add_rmsnorm_71@25/0-worker,prepare streams@25/0-worker,1250.9,1100.7,715.4,740.4,1236.6
3691,137100403827404,553.9,177.0,342.8,34.1,13.6,411.0,notify_listener@25/0-worker,work_queue::do_work get_work@24/?-work_queue,551.9,411.0,103.2,108.7,537.1
3692,137100409892981,575.6,248.5,299.7,27.3,9.2,539.7,assemble attention plan@24/?-work_queue,Prepare hardware matmul job@24/?-work_queue,573.4,434.8,183.9,189.3,559.0
3693,137100415987338,593.3,186.3,375.8,31.2,12.0,451.6,notify_listener@25/0-worker,work_queue::do_work get_work@24/?-work_queue,590.6,451.6,130.9,135.8,576.4
3694,137100422080998,588.4,207.6,345.5,35.4,11.4,551.2,assemble attention plan@24/?-work_queue,Prepare hardware matmul job@24/?-work_queue,586.6,445.6,139.7,145.2,572.8
3695,137100428226938,1202.6,679.2,371.2,152.2,111.2,614.1,kernel_add_rmsnorm_71@25/0-worker,prepare streams@25/0-worker,1200.2,1061.0,727.6,737.1,1185.2
3696,137100434991082,496.7,171.5,290.5,34.7,9.6,460.0,assemble attention plan@24/?-work_queue,Prepare hardware matmul job@24/?-work_queue,495.0,356.8,124.6,129.8,480.6
3697,137100440966139,506.7,171.4,296.2,39.0,19.3,360.1,notify_listener@25/0-worker,work_queue::do_work get_work@24/?-work_queue,504.9,360.1,123.5,127.9,491.1
3698,137100447038326,1260.4,621.1,495.3,144.0,113.2,590.0,kernel_add_rmsnorm_71@25/0-worker,prepare streams@25/0-worker,1257.5,1124.3,704.7,710.4,1242.9
3699,137100453815196,2428.2,1120.5,853.4,454.3,175.3,2226.0,assemble attention plan@24/?-work_queue,Prepare hardware matmul job@24/?-work_queue,2426.7,1514.0,721.3,743.0,2412.1
3700,137100461859467,1239.8,307.6,815.2,117.0,70.1,880.8,notify_listener@25/0-worker,work_queue::do_work get_work@24/?-work_queue,1238.4,880.8,127.7,138.2,1223.3
3701,137100468606057,2272.3,999.4,840.2,432.6,157.2,2088.2,assemble attention plan@24/?-work_queue,Prepare hardware matmul job@24/?-work_queue,2270.7,1411.5,625.5,630.1,2256.0
3702,137100476466669,550.6,192.2,331.7,26.7,10.7,506.2,assemble attention plan@24/?-work_queue,Prepare hardware matmul job@24/?-work_queue,549.0,403.7,130.6,136.2,526.9
3703,137100482538090,1171.3,490.4,305.3,375.6,342.1,803.0,assemble attention plan@24/?-work_queue,Prepare hardware matmul job@24/?-work_queue,1168.6,395.6,148.3,151.8,1154.8
3704,137100489254392,587.4,166.7,371.7,49.0,22.5,435.9,notify_listener@25/0-worker,work_queue::do_work get_work@24/?-work_queue,585.3,435.9,118.1,122.6,571.9
3705,137100495358281,854.7,177.4,643.9,33.4,12.5,708.5,notify_listener@25/0-worker,work_queue::do_work get_work@24/?-work_queue,852.6,708.5,120.7,125.1,834.2
3706,137100501750951,764.5,365.4,368.9,30.2,11.1,721.2,assemble attention plan@24/?-work_queue,Prepare hardware matmul job@24/?-work_queue,762.3,615.3,300.4,304.7,743.8
3707,137100508020240,1283.3,659.9,478.6,144.8,110.7,586.9,kernel_add_rmsnorm_71@25/0-worker,prepare streams@25/0-worker,1281.2,1132.1,698.9,713.2,1262.0
3708,137100514968185,593.5,183.1,377.7,32.6,12.4,440.7,notify_listener@25/0-worker,work_queue::do_work get_work@24/?-work_queue,591.7,440.7,126.3,129.9,576.2
3709,137100521028742,511.3,182.5,298.1,30.7,11.8,356.9,notify_listener@25/0-worker,work_queue::do_work get_work@24/?-work_queue,509.0,356.9,118.2,122.9,494.5
3710,137100527195525,518.5,184.6,304.7,29.2,9.8,480.9,assemble attention plan@24/?-work_queue,Prepare hardware matmul job@24/?-work_queue,515.0,370.9,119.5,124.2,500.9
3711,137100533220111,607.3,176.9,397.8,32.6,12.6,457.2,notify_listener@25/0-worker,work_queue::do_work get_work@24/?-work_queue,605.1,457.2,159.8,164.4,590.6
3712,137100539388383,1750.9,620.0,850.5,280.4,129.9,557.0,kernel_add_rmsnorm_71@25/0-worker,prepare streams@25/0-worker,1749.2,1471.8,689.8,699.5,1733.3
3713,137100546637951,1520.5,573.4,801.4,145.7,108.9,472.4,kernel_add_rmsnorm_71@25/0-worker,prepare streams@25/0-worker,1519.0,1368.9,584.3,639.7,1504.7
3714,137100553654609,1489.8,522.7,781.3,185.8,108.2,447.1,kernel_add_rmsnorm_71@25/0-worker,prepare streams@25/0-worker,1487.2,1302.8,557.1,562.9,1472.9
3715,137100560655821,1388.4,735.0,401.7,251.6,119.7,485.1,notify_listener@25/0-worker,work_queue::do_work get_work@24/?-work_queue,1386.2,485.1,131.0,136.9,1372.1
3716,137100567602096,1083.3,595.6,300.6,187.1,156.4,899.1,assemble attention plan@24/?-work_queue,Prepare hardware matmul job@24/?-work_queue,1080.8,366.0,114.3,119.1,1065.8
3717,137100574203192,1140.3,613.6,374.2,152.5,120.0,538.0,kernel_add_rmsnorm_71@25/0-worker,prepare streams@25/0-worker,1138.6,999.3,660.5,671.3,1124.8
3718,137100580865032,523.9,205.0,291.3,27.6,11.3,485.8,assemble attention plan@24/?-work_queue,Prepare hardware matmul job@24/?-work_queue,522.1,383.2,132.2,142.1,507.4
3719,137100586870875,673.3,250.9,384.0,38.4,15.3,631.5,assemble attention plan@24/?-work_queue,Prepare hardware matmul job@24/?-work_queue,671.8,527.1,227.4,231.1,657.0
3720,137100593039595,1224.5,666.4,396.7,161.4,127.0,600.4,kernel_add_rmsnorm_71@25/0-worker,prepare streams@25/0-worker,1222.9,1087.1,729.1,732.6,1208.3
3721,137100599713525,1441.6,495.6,803.4,142.7,108.6,437.1,kernel_add_rmsnorm_71@25/0-worker,prepare streams@25/0-worker,1439.5,1300.9,547.3,551.5,1426.6
3722,137100606718398,1369.5,402.7,832.6,134.2,80.3,896.5,notify_listener@25/0-worker,work_queue::do_work get_work@24/?-work_queue,1367.4,896.5,127.5,131.6,1352.7
3723,137100613582002,514.2,181.4,298.0,34.8,14.3,363.7,notify_listener@25/0-worker,work_queue::do_work get_work@24/?-work_queue,512.5,363.7,134.9,140.4,498.1
3724,137100619595969,689.1,203.9,456.5,28.7,10.5,648.2,assemble attention plan@24/?-work_queue,Prepare hardware matmul job@24/?-work_queue,686.6,546.1,147.3,155.8,668.9
3725,137100625784442,711.5,329.9,348.8,32.7,13.5,564.7,notify_listener@25/0-worker,work_queue::do_work get_work@24/?-work_queue,708.8,564.7,256.7,261.9,689.1
3726,137100631981063,518.1,173.3,319.3,25.5,10.1,476.6,assemble attention plan@24/?-work_queue,Prepare hardware matmul job@24/?-work_queue,516.5,375.1,121.0,125.6,497.1
3727,137100637995478,602.7,177.6,395.8,29.2,12.0,451.8,notify_listener@25/0-worker,work_queue::do_work get_work@24/?-work_queue,600.1,451.8,130.3,134.1,580.9
3728,137100644111980,1748.6,615.0,858.8,274.8,157.5,1558.1,assemble attention plan@24/?-work_queue,Prepare hardware matmul job@24/?-work_queue,1746.3,905.3,115.3,118.9,1725.5
3729,137100651356502,516.0,183.2,298.4,34.5,15.9,363.8,notify_listener@25/0-worker,work_queue::do_work get_work@24/?-work_queue,513.8,363.8,118.9,123.7,500.0
3730,137100657352815,522.5,187.6,306.1,28.9,11.0,477.0,assemble attention plan@24/?-work_queue,Prepare hardware matmul job@24/?-work_queue,518.1,372.4,124.6,135.1,502.8
3731,137100663423486,574.5,181.6,362.3,30.6,11.0,423.9,notify_listener@25/0-worker,work_queue::do_work get_work@24/?-work_queue,572.8,423.9,130.1,134.5,557.6
3732,137100669470343,492.8,175.7,284.3,32.9,11.2,340.9,notify_listener@25/0-worker,work_queue::do_work get_work@24/?-work_queue,491.0,340.9,111.2,115.0,475.6
3733,137100675526035,538.6,187.5,313.7,37.4,11.3,380.9,notify_listener@25/0-worker,work_queue::do_work get_work@24/?-work_queue,535.2,380.9,133.0,139.6,520.6
3734,137100681563256,1519.8,513.5,827.8,178.5,88.2,890.2,notify_listener@25/0-worker,work_queue::do_work get_work@24/?-work_queue,1517.7,890.2,132.3,136.6,1502.8
3735,137100688650679,776.7,452.1,288.5,36.2,15.7,733.5,assemble attention plan@24/?-work_queue,Prepare hardware matmul job@24/?-work_queue,774.6,626.1,393.4,408.9,760.0
3736,137100694934985,581.4,170.7,381.4,29.3,10.6,544.8,assemble attention plan@24/?-work_queue,Prepare hardware matmul job@24/?-work_queue,579.5,439.9,123.7,138.8,565.9
3737,137100700993371,585.7,183.7,370.2,31.7,10.1,441.7,notify_listener@25/0-worker,work_queue::do_work get_work@24/?-work_queue,582.4,441.7,123.9,130.5,568.1
3738,137100707083480,511.5,177.0,307.0,27.5,9.8,477.1,assemble attention plan@24/?-work_queue,Prepare hardware matmul job@24/?-work_queue,509.7,372.9,126.9,131.8,496.7
3739,137100713110827,590.1,184.9,365.8,39.4,18.5,437.7,notify_listener@25/0-worker,work_queue::do_work get_work@24/?-work_queue,588.4,437.7,128.1,133.5,574.1
3740,137100719261113,1863.8,701.4,844.0,318.3,183.2,1653.4,assemble attention plan@24/?-work_queue,Prepare hardware matmul job@24/?-work_queue,1861.7,910.0,129.2,133.2,1847.4
3741,137100726662010,514.7,181.6,299.5,33.5,12.1,369.4,notify_listener@25/0-worker,work_queue::do_work get_work@24/?-work_queue,513.2,369.4,121.4,126.8,498.9
3742,137100732682104,1803.3,680.8,845.0,277.5,153.2,1623.3,assemble attention plan@24/?-work_queue,Prepare hardware matmul job@24/?-work_queue,1801.2,914.1,133.0,138.4,1787.1
3743,137100740077479,2023.3,812.4,948.1,262.8,114.0,1566.6,notify_listener@25/0-worker,work_queue::do_work get_work@24/?-work_queue,2020.3,1566.6,707.1,712.0,2004.4
3744,137100747655553,1387.5,670.6,435.1,281.8,138.0,1221.8,assemble attention plan@24/?-work_queue,Prepare hardware matmul job@24/?-work_queue,1385.9,490.0,126.9,132.7,1370.6
3745,137100754540973,703.0,172.9,497.1,33.0,12.1,560.0,notify_listener@25/0-worker,work_queue::do_work get_work@24/?-work_queue,701.6,560.0,123.8,130.2,687.1
3746,137100760748920,506.9,179.7,299.9,27.3,9.5,472.0,assemble attention plan@24/?-work_queue,Prepare hardware matmul job@24/?-work_queue,504.9,367.4,135.7,139.5,491.3
3747,137100766726251,716.9,383.2,295.1,38.6,13.5,566.0,notify_listener@25/0-worker,work_queue::do_work get_work@24/?-work_queue,715.0,566.0,325.6,332.4,700.7
3748,137100772997547,580.9,174.4,373.2,33.4,9.5,545.5,assemble attention plan@24/?-work_queue,Prepare hardware matmul job@24/?-work_queue,578.7,438.2,132.6,138.1,565.4
3749,137100779107520,1216.9,680.5,390.0,146.4,109.9,595.1,kernel_add_rmsnorm_71@25/0-worker,prepare streams@25/0-worker,1213.8,1062.7,708.1,713.6,1194.6
3750,137100785857872,551.1,198.3,322.2,30.5,10.9,482.1,assemble attention plan@24/?-work_queue,Prepare hardware matmul job@24/?-work_queue,548.0,375.7,124.0,127.9,504.1
3751,137100791970477,561.0,207.2,316.7,37.1,15.1,510.8,assemble attention plan@24/?-work_queue,Prepare hardware matmul job@24/?-work_queue,558.6,400.2,140.3,144.2,536.8
3752,137100798090068,513.1,181.5,302.3,29.3,10.2,468.1,assemble attention plan@24/?-work_queue,Prepare hardware matmul job@24/?-work_queue,511.2,362.6,116.5,123.4,496.9
3753,137100804114136,527.4,184.8,308.8,33.8,12.5,475.9,assemble attention plan@24/?-work_queue,Prepare hardware matmul job@24/?-work_queue,522.9,367.6,119.1,124.5,508.5
3754,137100810118010,1043.4,178.8,832.0,32.6,10.9,891.5,notify_listener@25/0-worker,work_queue::do_work get_work@24/?-work_queue,1041.8,891.5,129.4,135.7,1026.9
3755,137100816666873,586.3,179.4,369.7,37.2,12.7,432.7,notify_listener@25/0-worker,work_queue::do_work get_work@24/?-work_queue,584.6,432.7,129.8,134.0,569.6
3756,137100822750573,695.7,363.0,292.9,39.8,11.2,657.0,assemble attention plan@24/?-work_queue,Prepare hardware matmul job@24/?-work_queue,693.1,542.7,299.0,305.2,678.4
3757,137100828940021,560.4,166.8,361.9,31.7,12.2,414.0,notify_listener@25/0-worker,work_queue::do_work get_work@24/?-work_queue,558.3,414.0,114.4,124.5,543.2
3758,137100835039842,2421.3,1173.0,846.0,402.2,175.3,2218.2,assemble attention plan@24/?-work_queue,Prepare hardware matmul job@24/?-work_queue,2419.6,1475.1,687.7,722.7,2404.2
3759,137100843008935,1238.7,601.1,496.5,141.2,108.7,518.4,kernel_add_rmsnorm_71@25/0-worker,prepare streams@25/0-worker,1236.5,1095.3,628.5,638.1,1221.7
3760,137100849776923,691.4,346.7,311.2,33.6,11.3,652.8,assemble attention plan@24/?-work_queue,Prepare hardware matmul job@24/?-work_queue,689.5,547.9,277.9,282.6,675.4
3761,137100855986223,1157.7,194.8,847.3,115.7,94.8,929.5,notify_listener@25/0-worker,work_queue::do_work get_work@24/?-work_queue,1154.1,929.5,131.1,135.4,1141.0
3762,137100862683849,1473.5,450.5,887.4,135.6,82.4,1165.9,notify_listener@25/0-worker,work_queue::do_work get_work@24/?-work_queue,1471.3,1165.9,367.2,380.2,1457.3
3763,137100869706454,529.5,191.5,301.1,36.9,13.9,372.0,notify_listener@25/0-worker,work_queue::do_work get_work@24/?-work_queue,527.1,372.0,126.8,130.5,512.6
3764,137100875762536,564.6,181.3,356.6,26.7,9.6,529.3,assemble attention plan@24/?-work_queue,Prepare hardware matmul job@24/?-work_queue,562.8,425.2,112.1,116.5,549.1
3765,137100881846953,508.0,189.2,283.4,35.4,12.4,359.9,notify_listener@25/0-worker,work_queue::do_work get_work@24/?-work_queue,505.7,359.9,130.7,135.1,490.0
3766,137100887838343,647.5,166.3,477.3,3.9,1.8,89.2,Launch hardware matmul job@24/?-work_queue,Prepare hardware matmul job@24/?-work_queue,224.0,647.5,220.1,224.0,
3767,137100889736081,348.3,272.3,12.3,63.7,21.9,9.1,work_queue::do_work get_work@24/?-work_queue,add_tokens@24/?-work_queue,346.3,,,,
3768,137100895617371,536.5,190.9,291.9,53.8,20.1,378.8,notify_listener@25/0-worker,work_queue::do_work get_work@24/?-work_queue,534.4,378.8,140.9,145.4,519.1
3769,137100901606395,587.1,185.4,372.5,29.1,10.8,549.5,assemble attention plan@24/?-work_queue,Prepare hardware matmul job@24/?-work_queue,585.5,444.0,129.2,139.1,570.6
3770,137100907761440,1925.1,761.1,823.2,340.8,152.3,1744.5,assemble attention plan@24/?-work_queue,Prepare hardware matmul job@24/?-work_queue,1922.4,881.8,122.6,128.2,1906.8
3771,137100915246589,510.9,180.8,300.1,30.0,9.7,471.8,assemble attention plan@24/?-work_queue,Prepare hardware matmul job@24/?-work_queue,508.6,365.6,130.6,137.6,491.4
3772,137100921298371,1840.6,664.9,884.3,291.4,133.1,1505.0,notify_listener@25/0-worker,work_queue::do_work get_work@24/?-work_queue,1838.6,1505.0,716.8,722.1,1819.6
3773,137100928670164,547.5,184.5,334.1,29.0,10.9,502.7,assemble attention plan@24/?-work_queue,Prepare hardware matmul job@24/?-work_queue,545.2,399.1,123.8,131.4,523.6
3774,137100934734269,593.9,180.8,379.0,34.1,14.9,437.3,notify_listener@25/0-worker,work_queue::do_work get_work@24/?-work_queue,592.2,437.3,120.2,132.2,574.8
3775,137100940834142,536.3,186.7,317.5,32.1,10.0,390.6,notify_listener@25/0-worker,work_queue::do_work get_work@24/?-work_queue,534.2,390.6,132.4,136.6,520.9
3776,137100946874275,1287.1,378.9,849.3,58.9,36.9,1106.1,notify_listener@25/0-worker,work_queue::do_work get_work@24/?-work_queue,1284.9,1106.1,111.2,115.1,1270.8
3777,137100953720031,472.4,70.7,400.8,0.9,0.2,15.3,rx collecting results@150/0-RX-3b,Launch hardware matmul job@24/?-work_queue,128.7,472.4,122.0,128.7,
