f1_ts,f1f3_us,n_slices,work_us,wait_us,idle_us,us:fill_logits_buffer,us:waiting_for_logits,us:notify_listener,us:setup_logits,us:compute_forward_args,us:construct_minibatches,us:finalize_ranges,us:add_tokens,us:assemble attention plan,us:matmul enqueue,us:Prepare hardware matmul job,us:Launch hardware matmul job,us:legacy hw_prepare,us:legacy tx_launch,us:tx submitting activation DMA request,us:rx collecting results,us:Free scratchpads,us:other
256292186094024,328.53,28,12.49,306.25,9.79,302.62,179.28,310.69,0.0,0.0,0.0,0.0,0.0,0.0,1.02,0.0,2.13,0.0,20.61,3.52,664.22,0.0,7.29
256292191025796,336.95,28,6.49,321.25,9.2,319.57,182.9,325.64,0.0,0.0,0.0,0.0,0.0,0.0,1.16,0.0,2.22,0.0,9.68,3.52,683.01,0.0,2.11
256292196025404,741.09,28,7.32,724.72,9.05,650.67,186.75,730.65,0.0,0.0,0.0,0.0,0.0,0.0,1.45,0.0,3.92,0.0,8.61,3.45,701.23,0.0,1.38
256292202081512,803.06,28,6.91,739.15,57.01,665.68,178.71,744.09,0.0,0.0,0.0,0.0,0.0,0.0,1.4,0.0,2.44,0.0,10.0,3.66,684.55,0.0,1.96
256292208006233,259.55,28,8.13,243.43,7.99,244.25,182.31,249.95,0.0,0.0,0.0,0.0,0.0,0.0,1.75,0.0,4.23,0.0,12.79,3.72,661.76,0.0,1.61
256292212952382,814.78,28,7.46,748.41,58.91,676.12,188.47,753.46,0.0,0.0,0.0,0.0,0.0,0.0,1.15,0.0,2.29,0.0,13.11,3.88,657.13,0.0,2.4
256292218360704,661.76,28,7.75,646.01,8.0,640.24,170.32,651.69,0.0,0.0,0.0,0.0,0.0,0.0,1.52,0.0,4.27,0.0,9.02,3.51,649.97,0.0,2.07
256292223699848,420.96,28,6.89,361.52,52.54,360.48,175.56,366.91,0.0,0.0,0.0,0.0,0.0,0.0,1.11,0.0,2.09,0.0,9.65,4.35,649.65,0.0,1.51
256292228863077,310.91,28,7.91,242.57,60.42,242.44,173.9,248.08,0.0,0.0,0.0,0.0,0.0,0.0,1.39,0.0,4.01,0.0,8.23,3.5,675.19,0.0,2.41
256292233843190,316.44,28,7.57,248.77,60.1,248.41,181.82,254.03,0.0,0.0,0.0,0.0,0.0,0.0,1.11,0.0,2.48,0.0,13.4,3.52,667.73,0.0,2.31
256292238932693,363.42,28,11.97,290.72,60.73,294.35,178.86,300.37,0.0,0.0,0.0,0.0,0.0,0.0,4.99,0.0,7.71,0.0,14.44,3.46,672.95,0.0,2.24
256292243870577,356.27,28,7.26,297.07,51.94,295.94,175.07,301.88,0.0,0.0,0.0,0.0,0.0,0.0,1.14,0.0,2.17,0.0,8.74,3.41,671.86,0.0,2.45
256292249013494,310.89,28,8.68,293.91,8.31,295.18,184.85,300.64,0.0,0.0,0.0,0.0,0.0,0.0,1.97,0.0,4.81,0.0,24.98,3.68,668.65,0.0,1.94
256292253533358,243.19,28,5.35,232.17,5.67,231.18,180.32,236.27,0.0,0.0,0.0,0.0,0.0,0.0,1.01,0.0,2.01,0.0,8.16,3.53,673.76,0.0,1.25
256292258054893,323.24,28,8.38,308.51,6.34,307.04,175.13,313.1,0.0,0.0,0.0,0.0,0.0,0.0,1.37,0.0,2.88,0.0,8.99,3.5,663.63,0.0,3.36
256292262992392,984.23,28,18.63,942.2,23.39,640.85,197.71,947.97,0.0,0.0,0.0,0.0,0.0,0.0,1.26,0.0,2.44,0.0,21.71,3.6,690.23,0.0,12.58
256292269040759,311.77,28,9.56,294.36,7.85,295.94,172.28,301.86,0.0,0.0,0.0,0.0,0.0,0.0,1.88,0.0,4.85,0.0,9.37,3.5,655.33,0.0,2.06
256292273964649,290.35,28,7.64,238.1,44.61,237.04,175.04,243.16,0.0,0.0,0.0,0.0,0.0,0.0,1.2,0.0,2.33,0.0,8.28,3.51,679.0,0.0,2.59
256292278462959,246.72,28,7.16,232.95,6.61,232.67,169.27,238.5,0.0,0.0,0.0,0.0,0.0,0.0,1.57,0.0,4.18,0.0,7.95,3.41,659.46,0.0,1.61
256292283048925,243.07,28,5.85,228.94,8.28,227.22,169.92,233.07,0.0,0.0,0.0,0.0,0.0,0.0,1.04,0.0,2.17,0.0,8.13,3.53,666.42,0.0,1.71
256292287879933,365.94,28,93.15,221.53,51.26,306.86,266.11,312.41,0.0,0.0,0.0,0.0,0.0,0.0,3.09,0.0,6.34,0.0,190.05,92.14,678.02,0.0,2.27
256292292428085,249.02,28,6.41,236.16,6.45,234.93,179.03,240.62,0.0,0.0,0.0,0.0,0.0,0.0,1.15,0.0,2.16,0.0,9.1,3.48,681.47,0.0,1.94
256292297028004,234.44,28,9.01,217.74,7.69,219.16,171.84,225.03,0.0,0.0,0.0,0.0,0.0,0.0,2.2,0.0,4.91,0.0,9.3,3.48,662.29,0.0,1.73
256292301804941,347.35,28,6.97,281.81,58.57,280.23,186.72,286.01,0.0,0.0,0.0,0.0,0.0,0.0,1.25,0.0,2.23,0.0,8.05,3.44,694.8,0.0,2.76
256292306773251,401.85,28,10.14,333.22,58.48,336.1,172.72,341.38,0.0,0.0,0.0,0.0,0.0,0.0,2.53,0.0,5.7,0.0,14.47,3.48,653.95,0.0,1.99
256292311810685,344.04,28,7.56,287.47,49.01,286.4,231.32,292.47,0.0,0.0,0.0,0.0,0.0,0.0,1.04,0.0,2.01,0.0,68.02,4.05,664.61,0.0,2.57
256292316724758,413.84,28,9.05,352.19,52.6,353.34,178.1,358.83,0.0,0.0,0.0,0.0,0.0,0.0,1.86,0.0,4.83,0.0,11.72,3.55,658.26,0.0,2.41
256292321726360,770.86,28,7.75,708.76,54.34,650.27,181.78,713.93,0.0,0.0,0.0,0.0,0.0,0.0,1.29,0.0,2.26,0.0,12.35,3.54,675.55,0.0,2.59
256292327212549,313.21,28,7.84,298.11,7.26,298.75,173.94,304.89,0.0,0.0,0.0,0.0,0.0,0.0,1.46,0.0,4.1,0.0,15.22,3.55,671.55,0.0,1.06
256292332025715,1035.44,28,17.51,429.31,588.62,376.29,183.93,445.76,0.0,0.0,0.0,0.0,0.0,0.0,12.29,0.0,13.78,0.0,18.14,3.74,661.65,0.0,1.06
256292338025099,260.34,28,18.94,234.53,6.87,246.92,175.26,252.42,0.0,0.0,0.0,0.0,0.0,0.0,2.29,0.0,15.64,0.0,16.41,3.68,671.24,0.0,1.04
256292342814213,380.67,28,7.03,321.54,52.11,320.85,170.25,326.52,0.0,0.0,0.0,0.0,0.0,0.0,1.23,0.0,2.26,0.0,8.9,3.47,662.85,0.0,2.05
256292347932755,281.17,28,7.74,225.89,47.55,225.59,173.22,231.21,0.0,0.0,0.0,0.0,0.0,0.0,1.5,0.0,4.16,0.0,9.92,3.46,676.92,0.0,2.41
256292352791613,356.24,28,6.54,281.28,68.43,280.1,174.44,285.35,0.0,0.0,0.0,0.0,0.0,0.0,1.06,0.0,2.1,0.0,8.88,3.58,671.36,0.0,2.47
256292357863679,302.23,28,9.33,241.41,51.49,241.84,180.4,248.04,0.0,0.0,0.0,0.0,0.0,0.0,2.63,0.0,4.72,0.0,11.34,3.43,650.76,0.0,2.7
256292362739878,391.86,28,6.97,325.35,59.55,323.45,182.28,329.99,0.0,0.0,0.0,0.0,0.0,0.0,1.14,0.0,2.49,0.0,15.14,3.5,670.11,0.0,2.32
256292367386119,248.86,28,8.1,233.38,7.38,233.78,177.27,239.88,0.0,0.0,0.0,0.0,0.0,0.0,1.6,0.0,4.46,0.0,17.59,3.52,667.62,0.0,1.59
256292372025525,689.26,28,5.88,675.93,7.45,633.57,185.06,679.92,0.0,0.0,0.0,0.0,0.0,0.0,1.02,0.0,2.11,0.0,9.18,3.57,682.4,0.0,1.89
256292377707162,452.2,28,8.07,391.57,52.55,392.05,187.35,398.04,0.0,0.0,0.0,0.0,0.0,0.0,1.65,0.0,4.44,0.0,159.74,3.46,556.21,0.0,1.6
256292382744239,434.06,28,21.46,363.08,49.51,361.63,179.66,369.29,0.0,0.0,0.0,0.0,0.0,0.0,1.54,0.0,2.81,0.0,22.25,3.65,653.56,0.0,15.0
256292387779918,779.52,28,9.93,713.66,55.93,646.17,186.28,720.91,0.0,0.0,0.0,0.0,0.0,0.0,1.6,0.0,4.34,0.0,8.02,3.5,667.29,0.0,2.68
256292393582642,554.14,28,5.96,497.92,50.26,496.18,179.02,502.28,0.0,0.0,0.0,0.0,0.0,0.0,0.99,0.0,1.96,0.0,10.11,3.6,661.3,0.0,1.6
256292398763792,417.13,28,119.12,241.41,56.6,352.38,290.88,358.48,0.0,0.0,0.0,0.0,0.0,0.0,3.27,0.0,7.16,0.0,221.51,118.0,564.34,0.0,2.05
256292403846447,844.61,28,20.14,767.52,56.95,680.99,182.58,772.56,0.0,0.0,0.0,0.0,0.0,0.0,1.29,0.0,2.34,0.0,28.96,3.57,666.4,0.0,14.67
256292409743454,751.98,28,9.98,682.5,59.5,627.95,180.53,690.25,0.0,0.0,0.0,0.0,0.0,0.0,2.1,0.0,5.89,0.0,10.29,3.64,672.24,0.0,2.22
256292415558663,526.56,28,5.81,465.07,55.69,463.44,176.42,469.25,0.0,0.0,0.0,0.0,0.0,0.0,1.08,0.0,2.13,0.0,8.44,3.56,675.46,0.0,1.62
256292420683345,476.02,28,123.05,289.87,63.11,402.11,171.69,410.32,0.0,0.0,0.0,0.0,0.0,0.0,117.3,0.0,119.46,0.0,9.31,3.46,671.87,0.0,2.46
256292425429693,247.22,28,17.2,222.01,8.01,230.61,181.97,236.91,0.0,0.0,0.0,0.0,0.0,0.0,1.11,0.0,13.16,0.0,8.88,3.61,671.18,0.0,2.3
256292430298875,794.5,28,9.81,726.65,58.03,660.32,177.57,734.47,0.0,0.0,0.0,0.0,0.0,0.0,3.23,0.0,4.43,0.0,9.11,3.44,691.51,0.0,2.0
256292436025264,313.09,28,7.13,296.42,9.54,291.02,174.17,301.08,0.0,0.0,0.0,0.0,0.0,0.0,1.27,0.0,2.37,0.0,16.69,3.53,638.83,0.0,2.47
256292440564737,250.28,28,9.38,232.42,8.48,233.41,180.01,239.87,0.0,0.0,0.0,0.0,0.0,0.0,1.73,0.0,4.63,0.0,15.61,3.44,650.09,0.0,1.93
256292445530070,565.25,28,63.62,445.34,56.29,489.48,228.53,497.07,0.0,0.0,0.0,0.0,0.0,0.0,1.52,0.0,2.55,0.0,67.25,50.11,651.7,0.0,11.88
256292450765793,403.69,28,115.32,236.76,51.61,344.0,178.16,349.73,0.0,0.0,0.0,0.0,0.0,0.0,4.8,0.0,111.12,0.0,17.55,3.51,649.66,0.0,2.35
256292455750343,434.61,28,20.33,358.26,56.02,353.43,187.22,363.61,0.0,0.0,0.0,0.0,0.0,0.0,1.25,0.0,2.3,0.0,14.38,3.56,678.55,0.0,14.48
256292460772651,769.0,28,117.14,597.72,54.14,640.1,195.74,712.54,0.0,0.0,0.0,0.0,0.0,0.0,1.58,0.0,113.03,0.0,21.88,3.65,690.19,0.0,2.31
256292466518410,563.44,28,144.8,369.86,48.78,491.65,187.38,499.77,0.0,0.0,0.0,0.0,0.0,0.0,3.34,0.0,127.62,0.0,16.48,3.55,659.81,0.0,14.55
256292471737257,480.08,28,9.27,299.03,171.78,299.74,175.84,305.7,0.0,0.0,0.0,0.0,0.0,0.0,1.66,0.0,4.56,0.0,10.58,3.45,673.13,0.0,2.6
256292477047990,307.94,28,6.81,293.2,7.93,291.0,175.17,297.78,0.0,0.0,0.0,0.0,0.0,0.0,1.11,0.0,2.12,0.0,10.46,3.45,661.78,0.0,2.23
256292481928369,291.37,28,8.88,229.59,52.9,230.56,173.31,236.42,0.0,0.0,0.0,0.0,0.0,0.0,2.09,0.0,4.45,0.0,8.51,3.47,678.07,0.0,2.05
256292486807392,865.25,28,7.03,803.44,54.79,705.69,179.97,807.91,0.0,0.0,0.0,0.0,0.0,0.0,1.12,0.0,2.1,0.0,7.99,3.44,674.12,0.0,2.56
256292492603273,506.04,28,9.09,446.69,50.27,448.94,199.33,454.45,0.0,0.0,0.0,0.0,0.0,0.0,1.59,0.0,4.16,0.0,30.6,4.48,674.02,0.0,1.32
256292497689656,431.65,28,7.64,361.93,62.08,361.74,226.73,367.14,0.0,0.0,0.0,0.0,0.0,0.0,1.05,0.0,2.01,0.0,69.42,3.45,652.99,0.0,2.43
256292502698108,455.91,28,8.33,390.57,57.01,391.66,181.53,396.86,0.0,0.0,0.0,0.0,0.0,0.0,1.55,0.0,4.17,0.0,8.65,3.52,678.97,0.0,2.04
256292507704900,364.62,28,7.3,300.03,57.3,299.44,179.46,305.05,0.0,0.0,0.0,0.0,0.0,0.0,1.09,0.0,2.1,0.0,11.59,3.57,642.02,0.0,2.28
256292512257158,314.51,28,6.83,299.74,7.94,298.92,173.25,304.72,0.0,0.0,0.0,0.0,0.0,0.0,1.14,0.0,2.35,0.0,7.83,3.44,650.83,0.0,1.85
256292516838014,314.87,28,7.61,299.14,8.13,298.13,181.92,304.29,0.0,0.0,0.0,0.0,0.0,0.0,1.01,0.0,1.98,0.0,10.88,3.56,653.82,0.0,2.45
256292521801281,392.17,28,21.06,316.34,54.76,312.76,181.54,321.76,0.0,0.0,0.0,0.0,0.0,0.0,1.01,0.0,2.04,0.0,12.93,3.61,666.69,0.0,15.64
256292526453569,312.56,28,6.77,297.81,7.98,297.0,174.13,302.07,0.0,0.0,0.0,0.0,0.0,0.0,0.98,0.0,1.92,0.0,9.25,3.48,665.67,0.0,2.51
256292531086659,315.18,28,7.0,300.17,8.01,300.09,173.65,305.73,0.0,0.0,0.0,0.0,0.0,0.0,1.39,0.0,4.18,0.0,10.12,3.5,658.9,0.0,1.43
256292536319704,786.36,28,6.82,720.53,59.01,660.7,180.41,725.28,0.0,0.0,0.0,0.0,0.0,0.0,1.14,0.0,2.27,0.0,12.07,3.46,683.4,0.0,2.07
256292542387683,664.91,28,10.62,596.26,58.03,598.73,223.22,604.92,0.0,0.0,0.0,0.0,0.0,0.0,2.68,0.0,5.79,0.0,57.81,3.68,653.26,0.0,1.96
256292547234276,247.96,28,5.93,235.19,6.83,234.91,185.25,240.07,0.0,0.0,0.0,0.0,0.0,0.0,1.02,0.0,1.99,0.0,14.13,3.62,664.03,0.0,1.06
256292552025984,274.36,28,9.16,257.49,7.71,259.39,175.65,265.08,0.0,0.0,0.0,0.0,0.0,0.0,2.02,0.0,5.07,0.0,10.11,3.42,671.69,0.0,1.57
256292557001666,743.91,28,8.54,727.46,7.91,670.83,296.5,733.51,0.0,0.0,0.0,0.0,0.0,0.0,1.12,0.0,2.31,0.0,244.01,3.75,637.96,0.0,2.49
256292562683591,361.45,28,14.51,291.85,55.09,294.08,181.33,299.35,0.0,0.0,0.0,0.0,0.0,0.0,1.74,0.0,4.71,0.0,20.43,3.56,663.15,0.0,7.01
256292567941634,787.41,28,6.25,717.33,63.83,651.48,178.25,722.31,0.0,0.0,0.0,0.0,0.0,0.0,1.07,0.0,2.17,0.0,9.56,3.58,663.53,0.0,1.23
256292573666116,449.49,28,6.63,385.7,57.16,385.31,177.79,391.08,0.0,0.0,0.0,0.0,0.0,0.0,1.61,0.0,4.51,0.0,8.58,3.5,677.78,0.0,1.25
256292578332664,242.32,28,7.28,227.77,7.27,227.29,171.02,232.87,0.0,0.0,0.0,0.0,0.0,0.0,1.15,0.0,2.12,0.0,15.34,3.5,646.6,0.0,2.18
256292583081163,238.76,28,8.06,223.94,6.76,224.44,176.48,230.37,0.0,0.0,0.0,0.0,0.0,0.0,1.71,0.0,4.28,0.0,9.25,3.42,657.72,0.0,1.63
256292588026225,731.18,28,6.95,715.24,8.99,640.95,184.63,719.82,0.0,0.0,0.0,0.0,0.0,0.0,1.12,0.0,2.14,0.0,8.08,3.43,654.05,0.0,2.38
256292593863399,297.0,28,7.03,237.31,52.65,236.34,175.23,242.27,0.0,0.0,0.0,0.0,0.0,0.0,1.39,0.0,4.01,0.0,9.11,3.47,683.35,0.0,2.08
256292598364559,237.06,28,6.06,223.14,7.86,222.21,171.56,227.79,0.0,0.0,0.0,0.0,0.0,0.0,1.13,0.0,2.16,0.0,8.26,3.58,664.9,0.0,1.41
256292603038612,732.14,28,9.08,713.9,9.16,657.51,212.22,720.65,0.0,0.0,0.0,0.0,0.0,0.0,1.64,0.0,4.51,0.0,65.11,4.04,657.37,0.0,2.33
256292608638952,755.05,28,18.26,689.04,47.75,622.16,220.22,695.01,0.0,0.0,0.0,0.0,0.0,0.0,2.25,0.0,3.26,0.0,61.42,3.54,667.83,0.0,11.46
256292614086252,721.14,28,6.24,707.33,7.57,649.69,179.03,712.25,0.0,0.0,0.0,0.0,0.0,0.0,1.43,0.0,4.04,0.0,8.34,3.43,670.77,0.0,1.32
256292619801780,356.28,28,21.67,280.91,53.7,276.97,190.4,285.89,0.0,0.0,0.0,0.0,0.0,0.0,1.4,0.0,2.44,0.0,18.99,3.69,654.71,0.0,16.69
256292624381752,319.92,28,8.16,302.04,9.72,302.57,176.73,308.31,0.0,0.0,0.0,0.0,0.0,0.0,1.69,0.0,4.34,0.0,9.72,3.58,663.84,0.0,1.89
256292629032137,733.16,28,5.85,718.49,8.82,656.56,174.14,722.94,0.0,0.0,0.0,0.0,0.0,0.0,1.15,0.0,2.23,0.0,8.57,3.48,660.95,0.0,1.41
256292634753052,831.34,28,7.64,763.29,60.41,672.0,186.19,768.22,0.0,0.0,0.0,0.0,0.0,0.0,1.09,0.0,2.25,0.0,10.32,3.49,682.23,0.0,2.72
256292640530048,578.17,28,6.55,523.67,47.95,522.5,185.89,528.25,0.0,0.0,0.0,0.0,0.0,0.0,1.15,0.0,2.18,0.0,14.9,3.53,669.31,0.0,1.97
256292645737490,390.04,28,9.49,321.22,59.33,322.59,184.75,328.28,0.0,0.0,0.0,0.0,0.0,0.0,1.44,0.0,5.36,0.0,7.83,3.58,688.7,0.0,2.43
256292650823224,753.14,28,7.73,687.96,57.45,634.12,178.61,693.13,0.0,0.0,0.0,0.0,0.0,0.0,1.23,0.0,2.18,0.0,10.43,3.48,660.47,0.0,2.56
256292656557397,523.25,28,7.86,462.3,53.08,462.97,175.27,468.3,0.0,0.0,0.0,0.0,0.0,0.0,1.31,0.0,3.97,0.0,10.58,3.57,675.4,0.0,1.86
256292661357052,675.88,28,5.59,662.25,8.05,660.65,173.41,666.08,0.0,0.0,0.0,0.0,0.0,0.0,1.3,0.0,2.33,0.0,8.25,3.53,661.72,0.0,1.75
256292666642587,486.14,28,9.83,432.27,44.04,433.96,170.85,439.85,0.0,0.0,0.0,0.0,0.0,0.0,2.97,0.0,5.58,0.0,15.62,3.67,656.89,0.0,2.25
256292671800932,785.0,28,6.3,719.47,59.23,650.44,177.65,723.67,0.0,0.0,0.0,0.0,0.0,0.0,1.05,0.0,2.07,0.0,9.0,3.44,636.99,0.0,2.1
256292677641785,505.97,28,9.01,445.14,51.81,446.71,168.94,452.05,0.0,0.0,0.0,0.0,0.0,0.0,2.67,0.0,5.34,0.0,9.64,3.53,631.14,0.0,2.11
256292682778305,384.83,28,7.25,322.21,55.38,310.59,169.46,326.9,0.0,0.0,0.0,0.0,0.0,0.0,1.18,0.0,2.15,0.0,7.86,3.47,632.08,0.0,2.55
256292687753335,386.36,28,25.59,301.96,58.8,299.73,179.4,308.82,0.0,0.0,0.0,0.0,0.0,0.0,2.52,0.0,3.58,0.0,16.66,3.59,644.9,0.0,18.43
256292692743038,386.35,28,7.08,324.74,54.53,323.61,188.66,329.16,0.0,0.0,0.0,0.0,0.0,0.0,1.06,0.0,2.07,0.0,10.96,3.58,690.46,0.0,2.66
256292697377479,238.92,28,7.61,224.44,6.87,224.1,172.24,230.25,0.0,0.0,0.0,0.0,0.0,0.0,1.6,0.0,4.5,0.0,8.56,3.44,668.83,0.0,1.8
256292702254446,751.84,28,7.59,688.71,55.54,633.1,200.84,694.06,0.0,0.0,0.0,0.0,0.0,0.0,1.11,0.0,2.18,0.0,51.91,3.57,659.83,0.0,2.25
256292707754961,427.33,28,10.83,361.55,54.95,364.5,183.66,369.99,0.0,0.0,0.0,0.0,0.0,0.0,1.46,0.0,4.71,0.0,11.92,4.46,669.97,0.0,2.39
256292712826308,365.26,28,7.32,299.17,58.77,298.16,172.1,304.11,0.0,0.0,0.0,0.0,0.0,0.0,1.22,0.0,2.27,0.0,10.48,3.47,657.18,0.0,2.38
256292717871236,292.3,28,8.49,225.02,58.79,225.99,173.26,231.44,0.0,0.0,0.0,0.0,0.0,0.0,1.88,0.0,4.76,0.0,7.99,3.43,665.84,0.0,2.07
256292722799409,350.03,28,7.59,282.06,60.38,280.95,176.8,287.01,0.0,0.0,0.0,0.0,0.0,0.0,1.21,0.0,2.17,0.0,9.02,3.52,659.63,0.0,2.65
256292727400519,311.35,28,7.84,295.95,7.55,296.08,166.72,301.74,0.0,0.0,0.0,0.0,0.0,0.0,1.72,0.0,4.54,0.0,7.81,3.43,650.02,0.0,2.06
256292732048221,312.78,28,6.52,298.45,7.81,298.23,182.16,303.85,0.0,0.0,0.0,0.0,0.0,0.0,1.14,0.0,2.19,0.0,11.66,3.59,671.62,0.0,1.12
256292736774093,249.25,28,8.17,232.9,8.19,233.76,169.98,239.11,0.0,0.0,0.0,0.0,0.0,0.0,1.7,0.0,4.65,0.0,17.02,3.52,652.18,0.0,1.96
256292741719458,778.88,28,7.26,710.2,61.42,649.89,175.98,715.16,0.0,0.0,0.0,0.0,0.0,0.0,1.15,0.0,2.13,0.0,10.73,3.55,653.14,0.0,2.29
256292747512790,572.99,28,9.19,514.77,49.03,515.4,177.38,521.57,0.0,0.0,0.0,0.0,0.0,0.0,2.26,0.0,4.97,0.0,17.66,3.52,669.92,0.0,2.4
256292752739842,769.85,28,7.94,704.0,57.91,643.25,188.58,709.14,0.0,0.0,0.0,0.0,0.0,0.0,1.25,0.0,2.35,0.0,7.72,3.39,665.38,0.0,2.8
256292758568195,518.33,28,69.09,392.25,56.99,452.44,228.33,459.41,0.0,0.0,0.0,0.0,0.0,0.0,1.93,0.0,4.49,0.0,76.19,64.89,665.58,0.0,1.93
256292763732795,439.21,28,8.51,368.13,62.58,368.07,187.73,374.13,0.0,0.0,0.0,0.0,0.0,0.0,1.41,0.0,2.46,0.0,15.83,3.55,669.2,0.0,2.5
256292768797119,789.79,28,8.64,724.07,57.08,665.69,177.36,730.58,0.0,0.0,0.0,0.0,0.0,0.0,1.85,0.0,4.56,0.0,9.58,3.57,660.11,0.0,2.13
256292774582022,514.0,28,20.55,431.3,62.15,427.59,197.18,435.88,0.0,0.0,0.0,0.0,0.0,0.0,1.19,0.0,2.22,0.0,15.56,3.48,652.53,0.0,15.1
256292779719013,401.05,28,10.66,344.08,46.3,346.34,170.62,352.16,0.0,0.0,0.0,0.0,0.0,0.0,3.11,0.0,5.82,0.0,12.81,3.67,645.39,0.0,2.58
256292784755768,386.96,28,21.2,308.31,57.45,304.39,179.67,313.14,0.0,0.0,0.0,0.0,0.0,0.0,1.1,0.0,2.07,0.0,19.06,3.55,668.2,0.0,16.2
256292789975758,775.55,28,8.88,729.64,37.03,652.79,166.02,736.47,0.0,0.0,0.0,0.0,0.0,0.0,1.63,0.0,4.22,0.0,13.02,3.45,642.4,0.0,2.05
256292795231686,321.59,28,6.8,308.2,6.59,305.45,179.57,312.58,0.0,0.0,0.0,0.0,0.0,0.0,1.03,0.0,2.02,0.0,8.42,3.5,662.82,0.0,2.42
256292799828042,260.58,28,8.29,243.82,8.47,244.75,181.55,250.11,0.0,0.0,0.0,0.0,0.0,0.0,1.7,0.0,4.07,0.0,9.92,3.53,677.04,0.0,2.0
256292804367436,314.2,28,5.44,300.87,7.88,299.4,172.11,304.78,0.0,0.0,0.0,0.0,0.0,0.0,1.14,0.0,2.16,0.0,8.5,3.6,661.96,0.0,1.53
256292809032318,319.96,28,17.0,295.4,7.57,305.56,177.5,310.94,0.0,0.0,0.0,0.0,0.0,0.0,1.57,0.0,14.56,0.0,8.89,3.48,674.0,0.0,1.45
256292813578997,526.89,28,10.46,508.65,7.78,510.87,183.57,516.99,0.0,0.0,0.0,0.0,0.0,0.0,4.36,0.0,5.45,0.0,17.82,3.48,668.8,0.0,2.12
256292818376492,640.38,28,6.63,626.78,6.98,626.47,175.27,631.92,0.0,0.0,0.0,0.0,0.0,0.0,1.61,0.0,4.14,0.0,8.56,3.54,646.68,0.0,1.48
256292823802985,773.1,28,6.63,708.44,58.04,649.62,176.99,713.05,0.0,0.0,0.0,0.0,0.0,0.0,1.07,0.0,2.04,0.0,8.29,3.55,660.13,0.0,2.01
256292829663728,448.23,28,8.98,383.41,55.83,384.35,179.81,390.04,0.0,0.0,0.0,0.0,0.0,0.0,1.78,0.0,4.47,0.0,7.98,3.55,663.1,0.0,2.36
256292834429725,800.99,28,6.13,786.6,8.26,714.31,177.14,790.79,0.0,0.0,0.0,0.0,0.0,0.0,1.12,0.0,2.15,0.0,8.55,3.49,661.23,0.0,1.94
256292840081415,319.17,28,7.38,303.51,8.29,303.51,173.4,309.04,0.0,0.0,0.0,0.0,0.0,0.0,1.52,0.0,3.91,0.0,10.36,3.47,660.63,0.0,1.85
256292845005430,1005.17,28,5.96,652.45,346.76,508.41,178.57,657.2,0.0,0.0,0.0,0.0,0.0,0.0,1.08,0.0,2.1,0.0,16.98,3.55,661.07,0.0,1.21
256292850266521,265.71,28,8.03,249.13,8.55,248.84,174.32,255.3,0.0,0.0,0.0,0.0,0.0,0.0,1.48,0.0,4.12,0.0,9.67,3.42,674.33,0.0,1.86
256292854770772,388.56,28,6.18,375.11,7.27,374.05,174.09,379.69,0.0,0.0,0.0,0.0,0.0,0.0,1.16,0.0,2.14,0.0,10.73,3.5,646.34,0.0,1.59
256292859800169,346.63,28,7.68,288.82,50.13,289.02,240.33,294.4,0.0,0.0,0.0,0.0,0.0,0.0,1.46,0.0,4.17,0.0,75.1,3.62,675.87,0.0,2.1
256292864819294,406.41,28,7.96,340.78,57.67,340.87,177.42,346.33,0.0,0.0,0.0,0.0,0.0,0.0,1.14,0.0,2.12,0.0,7.8,3.43,655.96,0.0,2.41
256292870008513,311.48,28,7.67,295.26,8.56,295.23,169.09,301.17,0.0,0.0,0.0,0.0,0.0,0.0,1.75,0.0,4.9,0.0,9.45,3.49,655.75,0.0,1.76
256292874582194,526.63,28,7.09,510.68,8.86,510.39,179.21,515.89,0.0,0.0,0.0,0.0,0.0,0.0,1.3,0.0,2.25,0.0,11.56,3.57,659.17,0.0,1.88
256292879385995,242.57,28,7.0,228.01,7.56,227.69,171.71,233.33,0.0,0.0,0.0,0.0,0.0,0.0,1.56,0.0,3.96,0.0,8.12,3.46,664.92,0.0,1.68
256292884422062,763.16,28,6.56,694.38,62.22,630.68,170.64,698.31,0.0,0.0,0.0,0.0,0.0,0.0,1.21,0.0,2.26,0.0,7.87,3.49,651.27,0.0,2.63
256292890274334,738.11,28,7.88,671.53,58.69,671.75,185.0,677.65,0.0,0.0,0.0,0.0,0.0,0.0,1.68,0.0,2.74,0.0,10.14,3.51,678.77,0.0,1.76
256292895415923,242.1,28,6.3,228.4,7.4,227.59,173.12,233.54,0.0,0.0,0.0,0.0,0.0,0.0,1.53,0.0,2.6,0.0,8.62,3.56,662.77,0.0,1.16
256292900072608,257.16,28,7.74,241.88,7.54,242.42,167.62,248.17,0.0,0.0,0.0,0.0,0.0,0.0,1.95,0.0,4.78,0.0,9.21,3.51,658.79,0.0,1.45
256292905006779,275.98,28,6.71,261.22,8.05,260.78,169.91,266.18,0.0,0.0,0.0,0.0,0.0,0.0,1.25,0.0,2.22,0.0,9.16,3.57,649.38,0.0,1.74
256292910013916,315.27,28,8.3,298.9,8.08,299.55,177.1,305.31,0.0,0.0,0.0,0.0,0.0,0.0,1.74,0.0,4.63,0.0,8.47,3.46,684.26,0.0,1.89
256292915022820,308.98,28,6.21,295.28,7.48,294.45,176.5,300.2,0.0,0.0,0.0,0.0,0.0,0.0,1.48,0.0,2.53,0.0,9.54,3.5,661.62,0.0,1.29
256292919999715,822.14,28,7.83,762.66,51.65,697.82,193.73,768.18,0.0,0.0,0.0,0.0,0.0,0.0,1.1,0.0,2.23,0.0,14.01,3.51,682.61,0.0,2.3
256292925853084,389.52,28,20.84,315.93,52.75,309.89,181.05,320.65,0.0,0.0,0.0,0.0,0.0,0.0,1.09,0.0,2.09,0.0,18.05,3.56,673.97,0.0,15.84
256292930963282,847.07,28,7.62,772.73,66.72,700.46,186.76,778.07,0.0,0.0,0.0,0.0,0.0,0.0,1.12,0.0,2.37,0.0,12.66,3.59,631.06,0.0,2.29
256292936895322,366.36,28,7.14,303.9,55.32,302.53,172.91,308.72,0.0,0.0,0.0,0.0,0.0,0.0,1.06,0.0,2.11,0.0,10.02,3.53,656.83,0.0,2.33
256292942025066,268.41,28,8.44,252.78,7.19,253.28,172.9,259.09,0.0,0.0,0.0,0.0,0.0,0.0,1.97,0.0,4.55,0.0,11.87,3.46,657.29,0.0,2.13
256292947023998,709.34,28,5.63,695.08,8.64,655.0,174.64,698.97,0.0,0.0,0.0,0.0,0.0,0.0,1.0,0.0,2.01,0.0,8.97,3.54,658.93,0.0,1.74
256292952660495,824.95,28,8.53,759.08,57.34,653.1,187.49,765.42,0.0,0.0,0.0,0.0,0.0,0.0,1.5,0.0,4.13,0.0,9.04,3.41,666.19,0.0,2.19
256292958149576,251.44,28,6.24,236.66,8.53,235.88,170.32,241.37,0.0,0.0,0.0,0.0,0.0,0.0,1.16,0.0,2.1,0.0,8.9,3.54,659.46,0.0,1.54
256292963027723,732.6,28,8.81,715.53,8.26,648.66,171.08,722.47,0.0,0.0,0.0,0.0,0.0,0.0,1.84,0.0,4.96,0.0,8.54,3.42,633.54,0.0,1.87
256292968749986,424.99,28,7.02,359.11,58.86,358.12,190.46,363.72,0.0,0.0,0.0,0.0,0.0,0.0,1.06,0.0,2.06,0.0,12.81,3.46,678.29,0.0,2.41
256292973870710,367.43,28,8.64,295.7,63.1,296.53,188.31,302.13,0.0,0.0,0.0,0.0,0.0,0.0,1.71,0.0,4.18,0.0,8.42,3.47,654.21,0.0,2.21
256292978492833,565.09,28,6.67,546.29,12.13,545.34,176.46,550.7,0.0,0.0,0.0,0.0,0.0,0.0,1.11,0.0,2.16,0.0,8.64,3.47,675.18,0.0,2.27
256292983776490,364.74,28,9.06,290.88,64.79,292.08,178.65,297.42,0.0,0.0,0.0,0.0,0.0,0.0,1.85,0.0,4.35,0.0,8.56,3.56,655.67,0.0,2.53
256292988871481,306.26,28,6.0,232.51,67.76,230.61,174.5,236.66,0.0,0.0,0.0,0.0,0.0,0.0,1.19,0.0,2.21,0.0,8.31,3.51,669.81,0.0,1.85
256292994076107,761.93,28,9.74,693.75,58.43,631.92,166.85,701.23,0.0,0.0,0.0,0.0,0.0,0.0,2.15,0.0,5.09,0.0,8.93,3.5,651.48,0.0,2.27
256292999718846,468.34,28,8.02,386.02,74.3,380.76,198.37,391.36,0.0,0.0,0.0,0.0,0.0,0.0,1.01,0.0,2.23,0.0,8.5,3.49,673.64,0.0,2.67
256293004896827,278.77,28,10.82,218.2,49.76,220.04,176.27,226.44,0.0,0.0,0.0,0.0,0.0,0.0,2.23,0.0,5.64,0.0,16.57,3.62,670.65,0.0,2.58
256293009426319,314.54,28,6.18,300.82,7.54,298.84,178.27,305.51,0.0,0.0,0.0,0.0,0.0,0.0,1.36,0.0,2.31,0.0,8.91,3.57,673.4,0.0,1.49
256293014111523,309.31,28,7.34,295.09,6.88,296.11,170.58,301.31,0.0,0.0,0.0,0.0,0.0,0.0,1.86,0.0,4.54,0.0,9.28,3.48,657.16,0.0,1.12
256293019026376,311.55,28,6.47,296.99,8.09,296.4,175.33,301.63,0.0,0.0,0.0,0.0,0.0,0.0,1.02,0.0,2.11,0.0,8.99,3.52,670.88,0.0,1.83
256293024075098,691.68,28,8.46,674.16,9.06,641.79,189.21,681.21,0.0,0.0,0.0,0.0,0.0,0.0,1.86,0.0,4.57,0.0,11.26,3.54,679.08,0.0,1.41
256293029763795,416.53,28,7.53,342.66,66.34,342.51,183.19,347.81,0.0,0.0,0.0,0.0,0.0,0.0,1.11,0.0,2.17,0.0,9.2,3.61,676.95,0.0,2.38
256293035025283,260.76,28,8.16,243.7,8.91,244.73,169.76,250.1,0.0,0.0,0.0,0.0,0.0,0.0,1.91,0.0,4.84,0.0,8.0,3.48,665.07,0.0,1.75
256293040023762,745.59,28,7.39,727.65,10.56,661.68,171.8,732.79,0.0,0.0,0.0,0.0,0.0,0.0,1.08,0.0,2.17,0.0,13.22,3.54,627.41,0.0,2.25
256293045738921,434.84,28,8.01,370.26,56.57,371.05,186.28,376.65,0.0,0.0,0.0,0.0,0.0,0.0,1.85,0.0,4.27,0.0,9.06,3.95,696.36,0.0,1.62
256293050981046,730.12,28,6.65,691.77,31.71,632.03,178.84,696.55,0.0,0.0,0.0,0.0,0.0,0.0,1.15,0.0,2.34,0.0,19.55,3.52,638.8,0.0,1.87
256293056881912,368.75,28,8.58,302.41,57.75,302.73,172.9,308.43,0.0,0.0,0.0,0.0,0.0,0.0,1.67,0.0,4.53,0.0,8.79,3.45,648.18,0.0,2.56
256293061546519,256.83,28,10.88,237.71,8.24,236.95,181.18,242.31,0.0,0.0,0.0,0.0,0.0,0.0,0.99,0.0,1.99,0.0,13.69,3.46,659.06,0.0,6.28
256293066062356,306.03,28,8.47,290.11,7.45,291.35,172.86,297.05,0.0,0.0,0.0,0.0,0.0,0.0,2.24,0.0,4.82,0.0,7.97,3.46,670.96,0.0,1.53
256293071029801,242.46,28,5.93,228.53,8.0,226.74,181.72,232.9,0.0,0.0,0.0,0.0,0.0,0.0,1.22,0.0,2.45,0.0,8.63,3.53,687.66,0.0,1.57
256293075976398,747.3,28,22.45,689.04,35.81,630.91,197.87,694.84,0.0,0.0,0.0,0.0,0.0,0.0,1.18,0.0,2.29,0.0,36.29,3.54,650.89,0.0,16.62
256293081703383,426.61,28,6.9,367.9,51.81,367.36,184.68,372.6,0.0,0.0,0.0,0.0,0.0,0.0,1.02,0.0,2.03,0.0,8.23,3.59,666.56,0.0,2.21
256293086369536,243.49,28,8.05,227.6,7.84,227.98,183.52,233.39,0.0,0.0,0.0,0.0,0.0,0.0,1.68,0.0,4.17,0.0,7.97,3.44,685.02,0.0,2.26
256293091064198,259.54,28,6.3,245.94,7.3,245.16,172.36,250.55,0.0,0.0,0.0,0.0,0.0,0.0,1.08,0.0,2.04,0.0,8.67,3.59,667.72,0.0,1.7
256293095905007,310.67,28,9.69,240.66,60.32,241.94,179.56,247.88,0.0,0.0,0.0,0.0,0.0,0.0,2.0,0.0,4.95,0.0,15.1,3.5,657.48,0.0,2.47
256293100904098,808.71,28,7.12,746.31,55.28,659.05,179.43,750.96,0.0,0.0,0.0,0.0,0.0,0.0,1.27,0.0,2.29,0.0,14.62,3.53,663.22,0.0,2.47
256293106598768,819.32,28,8.06,752.76,58.5,671.46,187.34,758.71,0.0,0.0,0.0,0.0,0.0,0.0,1.44,0.0,3.89,0.0,7.91,3.45,677.98,0.0,2.11
256293112066984,750.37,28,5.71,735.15,9.5,670.04,183.98,739.01,0.0,0.0,0.0,0.0,0.0,0.0,1.15,0.0,2.11,0.0,8.27,3.51,686.1,0.0,1.86
256293117645892,462.55,28,9.82,392.82,59.91,394.59,173.01,400.06,0.0,0.0,0.0,0.0,0.0,0.0,2.01,0.0,5.37,0.0,12.56,3.56,654.44,0.0,2.59
256293122821358,378.49,28,7.12,319.46,51.92,318.85,174.7,324.42,0.0,0.0,0.0,0.0,0.0,0.0,1.01,0.0,2.03,0.0,9.98,3.51,658.51,0.0,2.16
256293127857216,365.06,28,8.32,300.07,56.68,300.71,173.2,306.26,0.0,0.0,0.0,0.0,0.0,0.0,1.61,0.0,4.03,0.0,8.27,3.48,657.56,0.0,2.12
256293132479859,310.95,28,4.72,299.19,7.05,296.78,174.97,302.7,0.0,0.0,0.0,0.0,0.0,0.0,1.24,0.0,2.27,0.0,10.06,3.48,665.51,0.0,1.21
256293137037038,309.7,28,6.99,295.07,7.64,295.08,176.25,300.77,0.0,0.0,0.0,0.0,0.0,0.0,1.82,0.0,4.3,0.0,11.02,3.63,665.3,0.0,1.29
256293141960122,306.36,28,7.85,249.77,48.74,249.55,185.93,254.93,0.0,0.0,0.0,0.0,0.0,0.0,0.99,0.0,2.1,0.0,27.61,3.58,671.17,0.0,2.69
256293146972072,754.03,28,8.19,707.64,38.2,667.34,181.08,713.34,0.0,0.0,0.0,0.0,0.0,0.0,1.1,0.0,2.17,0.0,13.5,3.53,674.05,0.0,2.49
256293152610063,522.84,28,6.86,449.23,66.75,448.58,183.11,453.92,0.0,0.0,0.0,0.0,0.0,0.0,1.16,0.0,2.13,0.0,9.55,3.55,669.72,0.0,2.17
256293157790490,395.37,28,9.17,338.53,47.67,339.53,178.27,345.31,0.0,0.0,0.0,0.0,0.0,0.0,2.57,0.0,5.0,0.0,8.6,3.49,672.56,0.0,2.39
256293162471597,250.37,28,7.04,235.33,8.01,235.15,173.26,240.5,0.0,0.0,0.0,0.0,0.0,0.0,1.18,0.0,2.12,0.0,9.41,3.59,664.0,0.0,1.86
256293167701402,420.64,28,8.85,358.77,53.01,359.9,187.08,365.43,0.0,0.0,0.0,0.0,0.0,0.0,2.38,0.0,5.29,0.0,9.81,3.48,693.13,0.0,2.2
256293172822339,381.3,28,6.41,314.3,60.59,313.04,172.12,318.56,0.0,0.0,0.0,0.0,0.0,0.0,1.05,0.0,2.02,0.0,8.94,3.46,648.05,0.0,2.15
256293177833782,371.42,28,9.67,310.61,51.14,312.71,177.5,318.12,0.0,0.0,0.0,0.0,0.0,0.0,3.41,0.0,6.41,0.0,8.67,3.45,664.71,0.0,2.16
256293182849377,363.95,28,7.72,298.09,58.14,297.44,173.01,303.0,0.0,0.0,0.0,0.0,0.0,0.0,1.0,0.0,1.97,0.0,8.4,3.42,671.85,0.0,2.81
256293187876600,364.92,28,7.8,302.03,55.09,302.33,174.35,308.44,0.0,0.0,0.0,0.0,0.0,0.0,2.13,0.0,5.08,0.0,10.85,3.55,666.57,0.0,1.39
256293192876987,365.46,28,7.14,298.01,60.32,296.78,238.49,302.7,0.0,0.0,0.0,0.0,0.0,0.0,1.1,0.0,2.07,0.0,76.03,3.39,639.9,0.0,2.44
256293197492956,259.78,28,7.64,244.23,7.91,244.96,175.77,250.49,0.0,0.0,0.0,0.0,0.0,0.0,1.55,0.0,4.18,0.0,9.51,3.48,670.34,0.0,1.38
256293202041581,247.24,28,11.83,226.28,9.13,226.19,179.3,231.71,0.0,0.0,0.0,0.0,0.0,0.0,1.03,0.0,2.19,0.0,10.81,3.45,659.17,0.0,6.4
256293207027406,308.58,28,8.93,290.82,8.83,291.42,174.68,297.62,0.0,0.0,0.0,0.0,0.0,0.0,1.96,0.0,4.55,0.0,12.27,3.48,667.21,0.0,2.12
256293211551451,309.59,28,5.73,297.64,6.22,296.25,176.79,301.83,0.0,0.0,0.0,0.0,0.0,0.0,1.11,0.0,2.06,0.0,8.27,3.46,678.12,0.0,1.54
256293216592729,813.28,28,23.57,737.59,52.12,663.92,186.6,742.84,0.0,0.0,0.0,0.0,0.0,0.0,1.33,0.0,2.37,0.0,15.13,3.59,666.51,0.0,18.15
256293222065030,799.69,28,6.38,784.44,8.87,715.2,181.55,789.0,0.0,0.0,0.0,0.0,0.0,0.0,1.22,0.0,2.25,0.0,8.56,3.47,682.72,0.0,1.82
256293227680851,295.72,28,8.66,222.85,64.21,223.1,170.23,229.01,0.0,0.0,0.0,0.0,0.0,0.0,1.65,0.0,4.5,0.0,13.84,3.53,648.65,0.0,2.5
256293232602531,505.31,28,6.39,439.47,59.45,438.16,177.23,443.84,0.0,0.0,0.0,0.0,0.0,0.0,1.41,0.0,2.47,0.0,8.3,3.56,682.23,0.0,2.02
256293237965664,770.21,28,10.12,713.06,47.04,655.55,174.12,720.63,0.0,0.0,0.0,0.0,0.0,0.0,2.2,0.0,5.34,0.0,8.57,3.48,655.5,0.0,2.54
256293243485323,569.0,28,8.11,551.77,9.11,551.24,182.11,557.13,0.0,0.0,0.0,0.0,0.0,0.0,1.11,0.0,2.2,0.0,11.83,3.46,675.72,0.0,2.75
256293248672024,445.31,28,9.75,377.78,57.78,379.23,179.52,385.24,0.0,0.0,0.0,0.0,0.0,0.0,1.52,0.0,4.5,0.0,18.55,3.5,651.35,0.0,2.29
256293253844224,367.5,28,6.94,299.86,60.7,297.39,179.43,304.47,0.0,0.0,0.0,0.0,0.0,0.0,1.13,0.0,2.13,0.0,9.13,3.62,688.22,0.0,2.33
256293258464712,244.91,28,7.49,229.17,8.25,229.98,168.63,235.44,0.0,0.0,0.0,0.0,0.0,0.0,1.6,0.0,4.32,0.0,10.05,3.51,645.5,0.0,1.21
256293263055713,758.51,28,6.33,739.39,12.8,675.9,184.78,743.86,0.0,0.0,0.0,0.0,0.0,0.0,1.05,0.0,2.22,0.0,8.35,3.5,683.2,0.0,1.86
256293268933147,299.09,28,8.75,231.48,58.86,231.82,176.17,238.01,0.0,0.0,0.0,0.0,0.0,0.0,1.75,0.0,4.52,0.0,14.58,3.38,672.17,0.0,2.21
256293273893851,820.79,28,7.4,755.34,58.05,688.32,186.47,759.99,0.0,0.0,0.0,0.0,0.0,0.0,1.17,0.0,2.18,0.0,10.42,3.46,668.92,0.0,2.75
256293279857281,302.96,28,8.91,244.94,49.11,245.49,180.42,251.22,0.0,0.0,0.0,0.0,0.0,0.0,1.71,0.0,4.41,0.0,8.51,3.49,660.07,0.0,2.63
256293284867829,361.22,28,8.44,298.75,54.03,298.15,183.03,304.27,0.0,0.0,0.0,0.0,0.0,0.0,1.28,0.0,2.25,0.0,8.52,3.67,672.86,0.0,2.91
256293289895234,310.23,28,9.89,244.65,55.69,246.8,169.65,252.27,0.0,0.0,0.0,0.0,0.0,0.0,2.53,0.0,5.26,0.0,12.46,3.51,637.59,0.0,2.26
256293294787712,354.27,28,8.29,287.74,58.25,287.68,180.14,293.31,0.0,0.0,0.0,0.0,0.0,0.0,1.03,0.0,2.04,0.0,18.65,3.52,651.27,0.0,2.72
256293299779483,404.95,28,8.77,338.51,57.67,339.49,184.07,345.13,0.0,0.0,0.0,0.0,0.0,0.0,1.55,0.0,4.22,0.0,9.53,3.5,670.67,0.0,2.15
256293304822396,341.06,28,21.42,266.2,53.45,263.78,178.99,271.63,0.0,0.0,0.0,0.0,0.0,0.0,1.37,0.0,2.34,0.0,12.29,3.49,667.92,0.0,15.83
256293309824750,363.75,28,20.9,291.97,50.88,288.85,180.45,297.71,0.0,0.0,0.0,0.0,0.0,0.0,1.89,0.0,3.14,0.0,8.42,3.47,662.46,0.0,15.06
256293314820943,351.53,28,6.63,285.46,59.43,282.88,177.11,289.59,0.0,0.0,0.0,0.0,0.0,0.0,1.19,0.0,2.18,0.0,9.9,3.53,680.33,0.0,2.46
256293319819689,335.86,28,8.11,276.19,51.55,276.31,231.06,281.92,0.0,0.0,0.0,0.0,0.0,0.0,1.63,0.0,4.31,0.0,64.48,3.43,666.03,0.0,2.38
256293324821880,334.41,28,6.02,269.63,58.76,268.04,176.76,273.2,0.0,0.0,0.0,0.0,0.0,0.0,1.03,0.0,2.11,0.0,7.83,3.43,666.75,0.0,2.45
256293329881255,371.77,28,7.72,305.92,58.13,306.14,166.47,311.55,0.0,0.0,0.0,0.0,0.0,0.0,1.81,0.0,4.51,0.0,8.31,3.6,653.31,0.0,2.09
256293334922665,794.26,28,8.62,727.28,58.35,668.85,195.5,733.22,0.0,0.0,0.0,0.0,0.0,0.0,1.37,0.0,2.38,0.0,11.16,3.56,642.25,0.0,2.68
256293340596829,759.62,28,9.11,687.44,63.08,624.97,175.3,694.26,0.0,0.0,0.0,0.0,0.0,0.0,1.91,0.0,4.49,0.0,11.49,3.57,653.0,0.0,2.28
256293346668705,480.18,28,6.71,420.0,53.47,418.54,174.09,424.56,0.0,0.0,0.0,0.0,0.0,0.0,1.0,0.0,2.04,0.0,10.9,3.52,649.56,0.0,2.15
256293351786443,770.33,28,6.59,705.85,57.89,644.15,81.92,710.06,0.0,0.0,0.0,0.0,0.0,0.0,0.96,0.0,2.13,0.0,9.21,3.51,660.0,0.0,2.38
256293357596260,1175.76,28,5.31,345.81,824.65,281.57,167.33,350.13,0.0,0.0,0.0,0.0,0.0,0.0,1.5,0.0,2.46,0.0,8.46,3.56,645.14,0.0,0.98
256293363744256,388.47,28,10.59,320.57,57.31,322.51,166.2,328.42,0.0,0.0,0.0,0.0,0.0,0.0,2.83,0.0,4.94,0.0,11.68,3.56,656.02,0.0,2.74
256293368503679,725.55,28,6.52,709.19,9.84,649.8,180.13,713.74,0.0,0.0,0.0,0.0,0.0,0.0,1.02,0.0,2.12,0.0,8.62,3.55,674.5,0.0,1.97
256293374036407,256.9,28,9.21,239.86,7.82,241.85,177.76,247.31,0.0,0.0,0.0,0.0,0.0,0.0,1.67,0.0,5.25,0.0,10.39,3.45,658.33,0.0,1.76
256293379012296,780.76,28,23.68,704.84,52.24,640.86,185.92,711.05,0.0,0.0,0.0,0.0,0.0,0.0,1.54,0.0,2.89,0.0,17.29,3.6,678.59,0.0,17.2
256293384849073,357.75,28,11.26,298.15,48.34,301.83,168.56,307.23,0.0,0.0,0.0,0.0,0.0,0.0,2.33,0.0,6.38,0.0,8.03,3.46,645.38,0.0,2.18
256293389869097,362.89,28,7.09,305.98,49.82,305.18,174.34,310.57,0.0,0.0,0.0,0.0,0.0,0.0,1.0,0.0,1.99,0.0,8.15,3.51,650.44,0.0,2.5
256293394539666,315.59,28,8.36,300.64,6.59,302.22,176.48,307.55,0.0,0.0,0.0,0.0,0.0,0.0,1.75,0.0,4.7,0.0,16.53,3.51,666.11,0.0,1.45
256293399105008,233.79,28,7.62,218.43,7.74,218.89,177.15,224.13,0.0,0.0,0.0,0.0,0.0,0.0,1.16,0.0,2.16,0.0,12.41,3.54,656.69,0.0,1.93
256293404049284,857.67,28,8.29,795.51,53.88,709.19,196.59,801.37,0.0,0.0,0.0,0.0,0.0,0.0,1.77,0.0,5.01,0.0,8.35,3.43,672.54,0.0,2.43
256293409647661,492.12,28,8.1,428.0,56.01,427.76,180.56,433.33,0.0,0.0,0.0,0.0,0.0,0.0,1.3,0.0,2.32,0.0,22.92,3.5,642.2,0.0,2.77
256293414824389,329.74,28,8.62,262.74,58.37,263.97,185.71,269.24,0.0,0.0,0.0,0.0,0.0,0.0,1.57,0.0,4.24,0.0,7.93,3.56,679.95,0.0,2.13
256293419898472,322.38,28,8.53,264.5,49.34,264.83,179.59,270.86,0.0,0.0,0.0,0.0,0.0,0.0,2.59,0.0,3.64,0.0,8.94,3.59,652.78,0.0,2.18
256293424845855,313.29,28,9.54,249.5,54.24,250.87,172.04,256.86,0.0,0.0,0.0,0.0,0.0,0.0,2.48,0.0,5.98,0.0,14.48,3.45,645.95,0.0,2.18
256293429445066,606.17,28,5.08,593.17,7.92,591.56,178.06,597.14,0.0,0.0,0.0,0.0,0.0,0.0,1.1,0.0,2.13,0.0,8.54,3.59,680.95,0.0,1.11
256293434706037,456.85,28,19.27,378.87,58.72,375.49,178.58,383.18,0.0,0.0,0.0,0.0,0.0,0.0,1.2,0.0,2.31,0.0,16.5,3.63,658.64,0.0,14.73
256293439867550,391.19,28,6.58,330.24,54.38,329.5,178.19,334.87,0.0,0.0,0.0,0.0,0.0,0.0,1.26,0.0,2.26,0.0,8.59,3.53,646.52,0.0,1.95
256293444869398,308.45,28,8.27,245.73,54.46,245.82,170.24,251.52,0.0,0.0,0.0,0.0,0.0,0.0,1.8,0.0,4.33,0.0,8.1,3.49,667.58,0.0,2.47
256293450036637,249.46,28,6.08,235.27,8.12,234.02,176.67,239.42,0.0,0.0,0.0,0.0,0.0,0.0,1.16,0.0,2.14,0.0,9.89,3.48,663.48,0.0,1.93
256293454925617,745.21,28,7.71,678.65,58.85,640.44,163.23,683.89,0.0,0.0,0.0,0.0,0.0,0.0,1.79,0.0,4.42,0.0,8.03,3.43,638.06,0.0,2.44
256293460587649,519.77,28,25.59,439.42,54.77,436.06,202.36,444.1,0.0,0.0,0.0,0.0,0.0,0.0,1.11,0.0,2.11,0.0,16.09,3.47,692.67,0.0,20.81
256293465387096,729.16,28,8.07,710.89,10.19,651.22,179.16,717.32,0.0,0.0,0.0,0.0,0.0,0.0,1.58,0.0,4.73,0.0,11.03,3.54,676.71,0.0,1.65
256293471046186,311.5,28,6.15,297.75,7.61,295.11,173.83,301.9,0.0,0.0,0.0,0.0,0.0,0.0,1.16,0.0,2.16,0.0,8.08,3.46,663.77,0.0,1.99
256293476035321,807.43,28,8.65,790.44,8.33,722.04,187.89,797.54,0.0,0.0,0.0,0.0,0.0,0.0,2.08,0.0,4.84,0.0,8.42,3.53,703.05,0.0,1.56
256293481591982,497.15,28,6.25,436.81,54.09,436.03,175.39,441.2,0.0,0.0,0.0,0.0,0.0,0.0,1.05,0.0,2.03,0.0,10.29,3.51,665.99,0.0,1.85
256293486751258,387.03,28,93.56,237.96,55.51,323.3,256.11,329.42,0.0,0.0,0.0,0.0,0.0,0.0,1.54,0.0,4.38,0.0,149.41,89.36,616.24,0.0,2.07
256293491758819,393.56,28,6.8,323.72,63.04,322.4,179.05,328.25,0.0,0.0,0.0,0.0,0.0,0.0,1.07,0.0,2.06,0.0,9.93,3.48,667.62,0.0,2.27
256293496773541,361.41,28,8.69,301.61,51.11,302.39,186.51,307.96,0.0,0.0,0.0,0.0,0.0,0.0,1.6,0.0,4.38,0.0,26.19,3.46,666.27,0.0,2.35
256293501828332,369.99,28,8.25,306.66,55.08,306.18,188.99,312.15,0.0,0.0,0.0,0.0,0.0,0.0,1.01,0.0,1.99,0.0,26.37,3.5,659.75,0.0,2.76
256293506481641,246.63,28,7.92,231.01,7.7,232.31,177.5,237.71,0.0,0.0,0.0,0.0,0.0,0.0,1.93,0.0,4.7,0.0,11.12,3.51,675.05,0.0,1.22
256293511122849,309.79,28,7.91,292.55,9.33,292.35,174.54,297.8,0.0,0.0,0.0,0.0,0.0,0.0,1.24,0.0,2.22,0.0,13.7,3.53,652.15,0.0,2.66
256293515717562,250.43,28,9.05,232.76,8.61,234.41,184.06,239.7,0.0,0.0,0.0,0.0,0.0,0.0,1.79,0.0,4.64,0.0,10.93,3.56,675.86,0.0,2.11
256293520689796,447.83,28,7.37,388.74,51.72,388.95,220.3,394.3,0.0,0.0,0.0,0.0,0.0,0.0,1.06,0.0,2.06,0.0,69.3,3.5,647.86,0.0,1.81
256293525438600,312.88,28,6.65,297.43,8.79,282.62,170.81,302.15,0.0,0.0,0.0,0.0,0.0,0.0,1.16,0.0,2.2,0.0,10.46,3.49,655.93,0.0,1.94
256293530035277,251.86,28,6.59,237.84,7.43,236.72,189.25,243.03,0.0,0.0,0.0,0.0,0.0,0.0,1.27,0.0,2.42,0.0,48.21,3.53,662.36,0.0,1.4
256293534548831,303.09,28,7.3,289.06,6.73,289.38,182.54,295.05,0.0,0.0,0.0,0.0,0.0,0.0,1.41,0.0,4.0,0.0,10.3,3.54,684.46,0.0,1.31
256293539535191,356.23,28,7.35,302.63,46.25,302.56,174.12,307.85,0.0,0.0,0.0,0.0,0.0,0.0,1.39,0.0,2.35,0.0,8.03,3.44,656.6,0.0,2.12
256293544590543,525.84,28,8.02,468.77,49.05,469.06,176.22,474.66,0.0,0.0,0.0,0.0,0.0,0.0,1.45,0.0,4.27,0.0,8.59,3.44,677.19,0.0,2.13
256293549778639,405.27,28,22.05,327.95,55.27,323.25,186.6,333.13,0.0,0.0,0.0,0.0,0.0,0.0,1.11,0.0,2.11,0.0,12.71,3.52,670.24,0.0,16.43
256293555027811,723.68,28,7.84,706.75,9.09,648.29,178.16,712.4,0.0,0.0,0.0,0.0,0.0,0.0,1.57,0.0,4.4,0.0,8.43,3.56,679.9,0.0,2.19
256293560506608,263.88,28,6.12,250.22,7.54,249.22,172.91,254.68,0.0,0.0,0.0,0.0,0.0,0.0,1.27,0.0,2.25,0.0,8.74,3.59,665.25,0.0,1.66
256293565087993,734.35,28,7.01,719.81,7.53,658.2,178.71,725.47,0.0,0.0,0.0,0.0,0.0,0.0,1.87,0.0,4.38,0.0,10.01,3.53,666.99,0.0,1.35
256293570699187,420.53,28,7.1,355.72,57.7,354.43,177.65,360.39,0.0,0.0,0.0,0.0,0.0,0.0,1.13,0.0,2.2,0.0,14.06,3.56,663.6,0.0,2.43
256293575758498,382.33,28,24.2,297.92,60.21,294.53,231.23,304.52,0.0,0.0,0.0,0.0,0.0,0.0,1.8,0.0,3.07,0.0,76.72,3.6,666.88,0.0,17.53
256293580782512,365.53,28,7.43,301.7,56.4,300.4,172.63,306.5,0.0,0.0,0.0,0.0,0.0,0.0,1.02,0.0,1.96,0.0,10.53,3.51,659.02,0.0,2.63
256293585855398,311.97,28,8.2,240.7,63.08,240.2,179.63,246.2,0.0,0.0,0.0,0.0,0.0,0.0,0.99,0.0,2.04,0.0,14.62,3.46,664.78,0.0,2.69
256293590861382,363.29,28,6.78,295.27,61.24,294.19,177.65,299.78,0.0,0.0,0.0,0.0,0.0,0.0,0.96,0.0,1.97,0.0,10.84,3.45,682.27,0.0,2.27
256293595860265,392.58,28,23.13,305.51,63.94,303.12,182.24,310.91,0.0,0.0,0.0,0.0,0.0,0.0,1.05,0.0,2.8,0.0,18.45,3.55,642.58,0.0,17.09
256293601004736,319.77,28,6.37,305.67,7.73,304.75,175.15,310.25,0.0,0.0,0.0,0.0,0.0,0.0,1.12,0.0,2.17,0.0,9.22,3.53,660.98,0.0,1.79
256293605948398,800.11,28,24.7,712.88,62.54,648.92,188.42,717.84,0.0,0.0,0.0,0.0,0.0,0.0,1.18,0.0,2.3,0.0,16.45,3.48,646.11,0.0,18.92
256293611312930,313.12,28,6.08,298.17,8.87,296.75,178.11,302.19,0.0,0.0,0.0,0.0,0.0,0.0,1.09,0.0,2.14,0.0,9.87,3.6,672.73,0.0,2.06
256293616389764,658.11,28,10.05,588.9,59.16,590.38,195.41,596.63,0.0,0.0,0.0,0.0,0.0,0.0,2.08,0.0,4.86,0.0,10.54,3.47,692.81,0.0,2.32
256293621336071,310.08,28,5.72,297.37,6.99,295.48,170.88,301.99,0.0,0.0,0.0,0.0,0.0,0.0,1.11,0.0,2.14,0.0,11.51,3.61,658.26,0.0,1.1
256293626030297,718.38,28,7.2,701.74,9.44,641.16,163.7,707.33,0.0,0.0,0.0,0.0,0.0,0.0,1.62,0.0,4.31,0.0,8.79,3.89,642.62,0.0,1.61
256293631266084,836.19,28,106.08,720.6,9.5,643.17,173.8,726.46,0.0,0.0,0.0,0.0,0.0,0.0,1.35,0.0,2.39,0.0,11.46,3.48,649.28,0.0,100.21
256293637029428,306.62,28,7.94,290.69,8.0,291.64,175.17,297.07,0.0,0.0,0.0,0.0,0.0,0.0,1.71,0.0,4.61,0.0,8.17,3.46,656.84,0.0,1.55
256293642023265,309.0,28,5.68,295.83,7.48,294.1,174.6,299.63,0.0,0.0,0.0,0.0,0.0,0.0,1.1,0.0,2.16,0.0,8.06,3.4,657.13,0.0,1.89
256293647031137,260.3,28,7.65,245.39,7.26,246.19,173.37,251.66,0.0,0.0,0.0,0.0,0.0,0.0,1.78,0.0,4.32,0.0,8.43,3.46,669.92,0.0,1.38
256293652020037,302.27,28,6.15,288.72,7.4,287.0,172.76,293.55,0.0,0.0,0.0,0.0,0.0,0.0,0.98,0.0,2.04,0.0,9.09,3.66,656.41,0.0,1.32
256293657036332,700.04,28,7.76,683.53,8.75,626.47,171.35,689.89,0.0,0.0,0.0,0.0,0.0,0.0,1.91,0.0,4.51,0.0,12.33,3.54,649.61,0.0,1.39
256293662759310,380.44,28,8.26,320.78,51.4,320.74,182.75,326.32,0.0,0.0,0.0,0.0,0.0,0.0,0.99,0.0,1.98,0.0,15.37,3.8,661.21,0.0,2.67
256293667906162,340.13,28,10.69,266.73,62.72,269.38,174.62,275.07,0.0,0.0,0.0,0.0,0.0,0.0,2.24,0.0,6.41,0.0,11.0,3.55,657.59,0.0,2.34
256293673004062,717.79,28,6.95,701.65,9.18,636.65,179.0,706.36,0.0,0.0,0.0,0.0,0.0,0.0,1.01,0.0,2.11,0.0,8.52,3.5,665.05,0.0,2.24
256293678807366,381.31,28,8.74,316.92,55.65,317.65,173.97,323.34,0.0,0.0,0.0,0.0,0.0,0.0,1.83,0.0,4.62,0.0,8.92,3.45,654.29,0.0,2.32
256293684006282,813.45,28,6.86,796.61,9.98,719.26,177.28,801.49,0.0,0.0,0.0,0.0,0.0,0.0,1.26,0.0,2.37,0.0,9.12,3.48,666.7,0.0,1.98
256293690023776,249.55,28,7.03,235.92,6.6,236.23,171.1,241.69,0.0,0.0,0.0,0.0,0.0,0.0,1.46,0.0,4.05,0.0,9.15,3.57,666.9,0.0,1.26
256293695031029,230.57,28,5.96,217.04,7.57,216.12,174.02,221.3,0.0,0.0,0.0,0.0,0.0,0.0,1.13,0.0,2.24,0.0,9.03,3.45,664.3,0.0,1.7
256293699579117,494.45,28,7.93,479.11,7.41,479.52,174.24,485.01,0.0,0.0,0.0,0.0,0.0,0.0,1.96,0.0,4.37,0.0,7.89,3.48,682.15,0.0,2.03
256293704862704,364.24,28,7.37,301.02,55.84,300.51,183.56,305.9,0.0,0.0,0.0,0.0,0.0,0.0,1.11,0.0,2.14,0.0,22.22,3.54,657.09,0.0,2.5
256293710005918,763.76,28,12.05,702.55,49.16,635.2,169.58,712.35,0.0,0.0,0.0,0.0,0.0,0.0,3.89,0.0,7.94,0.0,15.91,3.53,642.5,0.0,2.25
256293715913571,365.12,28,6.27,298.94,59.92,297.26,176.51,302.95,0.0,0.0,0.0,0.0,0.0,0.0,1.22,0.0,2.35,0.0,8.05,3.45,676.53,0.0,2.25
256293721009904,310.54,28,7.74,295.34,7.46,296.25,174.18,301.8,0.0,0.0,0.0,0.0,0.0,0.0,1.96,0.0,4.79,0.0,8.78,3.46,672.75,0.0,1.28
256293726022551,324.31,28,5.71,310.9,7.7,309.73,173.05,315.2,0.0,0.0,0.0,0.0,0.0,0.0,1.06,0.0,2.11,0.0,8.52,3.48,664.18,0.0,1.41
256293731054697,761.75,28,12.08,738.69,10.98,669.44,179.34,744.55,0.0,0.0,0.0,0.0,0.0,0.0,1.26,0.0,2.48,0.0,26.41,3.52,635.49,0.0,6.22
256293736723756,438.18,28,5.95,376.86,55.37,374.74,174.92,380.7,0.0,0.0,0.0,0.0,0.0,0.0,1.25,0.0,2.28,0.0,8.13,3.53,666.49,0.0,2.11
256293742016717,262.1,28,8.44,245.56,8.1,246.2,173.4,252.52,0.0,0.0,0.0,0.0,0.0,0.0,2.04,0.0,4.7,0.0,9.52,3.51,669.86,0.0,1.48
256293747016243,748.86,28,6.05,734.37,8.44,640.99,178.65,738.83,0.0,0.0,0.0,0.0,0.0,0.0,1.16,0.0,2.19,0.0,8.61,3.55,661.39,0.0,1.59
256293752786960,873.42,28,10.02,802.11,61.28,741.87,175.9,809.65,0.0,0.0,0.0,0.0,0.0,0.0,1.64,0.0,4.52,0.0,18.85,3.52,663.12,0.0,2.49
256293758804100,343.53,28,7.45,279.78,56.3,279.92,175.37,285.02,0.0,0.0,0.0,0.0,0.0,0.0,1.13,0.0,2.2,0.0,10.96,3.62,662.97,0.0,2.2
256293764004053,751.0,28,8.77,733.0,9.23,674.2,179.81,740.0,0.0,0.0,0.0,0.0,0.0,0.0,2.01,0.0,4.92,0.0,8.38,3.48,675.1,0.0,1.77
256293769739188,390.26,28,4.95,331.72,53.59,330.33,172.28,335.63,0.0,0.0,0.0,0.0,0.0,0.0,1.17,0.0,2.13,0.0,8.17,3.52,639.76,0.0,1.04
256293774975731,830.52,28,8.77,786.41,35.34,692.42,175.08,792.61,0.0,0.0,0.0,0.0,0.0,0.0,1.57,0.0,4.4,0.0,10.13,3.52,650.57,0.0,2.57
256293780272012,309.48,28,6.72,296.0,6.75,294.79,187.48,300.59,0.0,0.0,0.0,0.0,0.0,0.0,0.98,0.0,1.98,0.0,25.59,3.57,674.54,0.0,2.13
256293785028783,314.52,28,13.66,292.65,8.2,295.17,169.78,300.5,0.0,0.0,0.0,0.0,0.0,0.0,1.97,0.0,5.23,0.0,10.02,3.47,646.09,0.0,5.82
256293790026511,815.97,28,6.5,799.58,9.89,633.27,181.3,804.59,0.0,0.0,0.0,0.0,0.0,0.0,1.16,0.0,2.29,0.0,54.43,3.57,629.17,0.0,1.5
256293795680361,442.0,28,8.99,378.69,54.32,379.11,176.68,385.24,0.0,0.0,0.0,0.0,0.0,0.0,1.78,0.0,4.29,0.0,10.97,3.56,676.91,0.0,2.44
256293800934633,358.64,28,6.61,296.59,55.44,296.12,169.14,300.98,0.0,0.0,0.0,0.0,0.0,0.0,1.13,0.0,2.13,0.0,8.02,3.51,644.87,0.0,2.23
256293805597113,736.76,28,8.14,718.71,9.91,656.81,188.28,724.58,0.0,0.0,0.0,0.0,0.0,0.0,1.86,0.0,4.67,0.0,8.6,3.52,681.81,0.0,2.22
256293811073473,251.78,28,5.29,238.11,8.39,237.09,168.21,242.19,0.0,0.0,0.0,0.0,0.0,0.0,1.09,0.0,2.1,0.0,9.02,3.47,653.06,0.0,1.2
256293816006361,315.95,28,7.82,300.75,7.37,299.57,173.72,305.0,0.0,0.0,0.0,0.0,0.0,0.0,1.38,0.0,3.48,0.0,11.5,3.53,662.83,0.0,2.93
256293820637443,452.12,28,6.54,438.46,7.11,437.31,171.97,443.29,0.0,0.0,0.0,0.0,0.0,0.0,1.43,0.0,2.41,0.0,8.0,3.51,657.34,0.0,1.72
256293825780411,404.6,28,8.7,332.68,63.22,333.87,173.79,339.19,0.0,0.0,0.0,0.0,0.0,0.0,1.94,0.0,4.39,0.0,9.15,3.54,657.18,0.0,2.19
256293830822538,336.26,28,14.59,264.69,56.98,261.97,180.98,269.68,0.0,0.0,0.0,0.0,0.0,0.0,0.98,0.0,1.96,0.0,18.1,3.5,675.46,0.0,9.5
256293835820797,324.59,28,9.35,267.04,48.21,267.76,179.2,273.84,0.0,0.0,0.0,0.0,0.0,0.0,1.57,0.0,4.52,0.0,8.33,3.54,655.96,0.0,2.54
256293840828920,327.5,28,7.1,264.16,56.24,263.48,171.09,269.06,0.0,0.0,0.0,0.0,0.0,0.0,1.18,0.0,2.16,0.0,8.46,3.49,659.11,0.0,2.19
256293846016406,247.95,28,7.36,232.04,8.55,231.74,175.11,237.75,0.0,0.0,0.0,0.0,0.0,0.0,1.47,0.0,4.27,0.0,8.71,3.66,682.37,0.0,1.64
256293850522858,554.1,28,45.48,501.32,7.3,539.38,210.73,545.27,0.0,0.0,0.0,0.0,0.0,0.0,1.19,0.0,2.19,0.0,48.81,43.79,649.69,0.0,1.53
256293855820139,410.04,28,8.35,346.76,54.93,347.31,175.37,352.87,0.0,0.0,0.0,0.0,0.0,0.0,1.77,0.0,4.63,0.0,10.18,3.55,637.59,0.0,2.25
256293860939449,798.98,28,8.0,724.36,66.62,657.87,181.25,730.33,0.0,0.0,0.0,0.0,0.0,0.0,1.93,0.0,3.16,0.0,24.48,3.69,660.16,0.0,2.03
256293866808388,391.99,28,9.9,321.09,61.01,321.59,174.24,328.69,0.0,0.0,0.0,0.0,0.0,0.0,2.38,0.0,5.33,0.0,9.59,3.56,666.7,0.0,2.29
256293871901711,1087.82,28,5.28,443.57,638.98,375.68,168.41,447.71,0.0,0.0,0.0,0.0,0.0,0.0,1.12,0.0,2.1,0.0,8.44,3.68,655.65,0.0,1.13
256293877709847,449.62,28,18.23,375.4,55.99,373.88,181.03,380.87,0.0,0.0,0.0,0.0,0.0,0.0,1.23,0.0,2.31,0.0,10.78,3.55,678.01,0.0,12.76
256293882832205,376.26,28,8.02,310.33,57.91,310.43,192.18,315.71,0.0,0.0,0.0,0.0,0.0,0.0,1.13,0.0,2.07,0.0,11.49,3.55,671.41,0.0,2.63
256293887890281,410.59,28,20.66,337.59,52.34,335.31,186.37,343.29,0.0,0.0,0.0,0.0,0.0,0.0,2.03,0.0,3.07,0.0,11.62,3.76,683.98,0.0,14.72
256293892971867,746.25,28,7.24,698.33,40.67,634.77,197.66,703.56,0.0,0.0,0.0,0.0,0.0,0.0,1.17,0.0,2.35,0.0,13.36,3.58,694.29,0.0,2.02
256293898676771,482.89,28,20.07,401.71,61.11,395.79,190.64,407.57,0.0,0.0,0.0,0.0,0.0,0.0,1.64,0.0,2.73,0.0,11.63,3.63,677.18,0.0,14.21
256293903483780,313.58,28,6.0,298.28,9.29,296.22,178.79,302.35,0.0,0.0,0.0,0.0,0.0,0.0,0.98,0.0,2.06,0.0,8.23,3.42,671.23,0.0,1.93
256293908502087,598.77,28,8.64,535.97,54.16,536.85,173.98,542.49,0.0,0.0,0.0,0.0,0.0,0.0,1.89,0.0,4.49,0.0,7.92,3.42,635.06,0.0,2.13
256293913797604,393.0,28,78.26,260.64,54.1,330.97,244.39,336.47,0.0,0.0,0.0,0.0,0.0,0.0,1.28,0.0,2.24,0.0,82.74,75.75,668.89,0.0,2.43
256293918883964,377.96,28,8.83,316.49,52.64,312.96,175.64,322.7,0.0,0.0,0.0,0.0,0.0,0.0,1.63,0.0,4.14,0.0,8.44,3.46,666.01,0.0,2.62
256293923975815,790.5,28,7.39,748.75,34.36,666.38,255.31,753.73,0.0,0.0,0.0,0.0,0.0,0.0,0.99,0.0,2.1,0.0,97.2,3.47,667.01,0.0,2.41
256293929287399,723.75,28,7.84,708.48,7.43,684.64,185.26,715.07,0.0,0.0,0.0,0.0,0.0,0.0,1.98,0.0,4.98,0.0,18.13,3.52,666.85,0.0,1.24
256293934675297,436.32,28,7.01,377.5,51.82,375.64,175.78,382.14,0.0,0.0,0.0,0.0,0.0,0.0,1.05,0.0,2.06,0.0,18.16,3.52,639.33,0.0,2.37
256293939831198,796.45,28,19.36,714.29,62.8,653.02,182.02,719.27,0.0,0.0,0.0,0.0,0.0,0.0,1.1,0.0,2.35,0.0,17.73,3.52,649.89,0.0,14.0
256293945294834,755.55,28,6.64,740.33,8.59,675.72,201.07,745.12,0.0,0.0,0.0,0.0,0.0,0.0,0.99,0.0,1.98,0.0,39.94,3.77,658.6,0.0,1.84
256293951024752,255.29,28,46.6,201.04,7.66,224.75,192.04,246.09,0.0,0.0,0.0,0.0,0.0,0.0,1.09,0.0,43.24,0.0,22.46,3.48,676.99,0.0,1.55
256293955910825,766.9,28,9.57,703.94,53.39,640.87,179.68,711.24,0.0,0.0,0.0,0.0,0.0,0.0,2.55,0.0,3.74,0.0,26.35,3.57,647.85,0.0,2.27
256293961699333,422.05,28,8.71,353.58,59.76,353.39,188.53,359.68,0.0,0.0,0.0,0.0,0.0,0.0,2.18,0.0,4.95,0.0,8.09,3.39,677.4,0.0,2.62
256293966787179,791.65,28,6.42,727.73,57.5,667.31,175.62,732.6,0.0,0.0,0.0,0.0,0.0,0.0,1.24,0.0,2.29,0.0,13.26,3.49,685.53,0.0,1.55
256293972709794,771.15,28,8.71,702.23,60.21,665.98,174.02,708.52,0.0,0.0,0.0,0.0,0.0,0.0,1.7,0.0,4.24,0.0,12.02,3.45,661.92,0.0,2.42
256293978625833,476.35,28,6.98,411.87,57.5,410.51,172.11,416.55,0.0,0.0,0.0,0.0,0.0,0.0,1.29,0.0,2.26,0.0,9.79,3.52,658.35,0.0,2.29
256293983764225,416.2,28,8.47,351.67,56.06,351.63,175.28,357.58,0.0,0.0,0.0,0.0,0.0,0.0,1.5,0.0,3.93,0.0,9.89,3.48,659.26,0.0,2.57
256293988884839,326.4,28,21.94,245.25,59.21,241.69,172.68,250.0,0.0,0.0,0.0,0.0,0.0,0.0,1.33,0.0,2.29,0.0,14.34,3.75,653.63,0.0,17.08
256293993950754,809.19,28,10.16,739.91,59.12,673.83,230.6,747.79,0.0,0.0,0.0,0.0,0.0,0.0,1.59,0.0,5.73,0.0,74.95,3.6,625.93,0.0,2.28
256293999644807,459.55,28,6.28,402.23,51.04,400.04,183.6,406.36,0.0,0.0,0.0,0.0,0.0,0.0,1.14,0.0,2.07,0.0,8.23,3.5,683.04,0.0,2.15
256294004765163,369.89,28,10.52,304.13,55.24,306.58,175.45,312.15,0.0,0.0,0.0,0.0,0.0,0.0,2.23,0.0,5.21,0.0,13.49,3.49,662.19,0.0,2.5
256294010017233,288.99,28,6.57,231.04,51.38,229.63,176.12,235.25,0.0,0.0,0.0,0.0,0.0,0.0,1.01,0.0,2.12,0.0,9.65,3.58,678.76,0.0,2.33
256294014538995,309.38,28,7.93,293.26,8.19,294.57,170.86,300.21,0.0,0.0,0.0,0.0,0.0,0.0,1.9,0.0,5.16,0.0,8.31,3.46,654.22,0.0,0.98
256294019664981,451.82,28,6.91,382.54,62.37,380.68,175.47,387.08,0.0,0.0,0.0,0.0,0.0,0.0,1.01,0.0,1.99,0.0,7.86,3.44,663.76,0.0,2.37
256294024770588,407.86,28,8.85,343.34,55.66,343.75,227.12,349.83,0.0,0.0,0.0,0.0,0.0,0.0,1.73,0.0,4.4,0.0,60.16,3.66,655.01,0.0,2.37
256294029881597,302.82,28,7.55,239.69,55.58,236.97,178.38,244.58,0.0,0.0,0.0,0.0,0.0,0.0,1.08,0.0,2.02,0.0,13.57,3.46,669.54,0.0,2.66
256294034938829,316.02,28,9.96,249.48,56.59,250.87,173.61,256.9,0.0,0.0,0.0,0.0,0.0,0.0,1.48,0.0,3.49,0.0,12.36,5.09,667.5,0.0,2.54
256294040006332,247.39,28,5.92,233.24,8.23,231.9,170.88,237.51,0.0,0.0,0.0,0.0,0.0,0.0,1.13,0.0,2.12,0.0,15.69,3.53,654.56,0.0,1.65
256294045114331,763.3,28,7.1,700.13,56.07,638.0,175.71,705.19,0.0,0.0,0.0,0.0,0.0,0.0,1.47,0.0,4.18,0.0,8.68,3.49,665.79,0.0,2.03
256294050580454,719.02,28,5.65,705.35,8.02,639.24,177.34,709.39,0.0,0.0,0.0,0.0,0.0,0.0,1.17,0.0,2.19,0.0,8.47,3.52,664.26,0.0,1.61
256294056082944,318.29,28,8.09,302.96,7.24,303.74,183.96,309.74,0.0,0.0,0.0,0.0,0.0,0.0,1.43,0.0,4.21,0.0,22.9,3.61,680.78,0.0,1.31
256294061025679,885.39,28,99.88,776.38,9.14,694.8,189.0,783.54,0.0,0.0,0.0,0.0,0.0,0.0,2.56,0.0,3.85,0.0,7.83,3.4,668.88,0.0,92.71
256294067027316,311.22,28,8.52,294.92,7.78,295.84,169.54,301.75,0.0,0.0,0.0,0.0,0.0,0.0,1.71,0.0,4.68,0.0,9.57,3.5,664.52,0.0,1.69
256294072110974,857.6,28,6.95,796.76,53.89,724.03,172.77,801.6,0.0,0.0,0.0,0.0,0.0,0.0,1.08,0.0,2.06,0.0,11.09,3.7,654.75,0.0,2.11
256294077860024,301.13,28,7.58,235.04,58.51,233.21,172.19,239.81,0.0,0.0,0.0,0.0,0.0,0.0,1.1,0.0,2.35,0.0,8.91,3.53,652.85,0.0,2.81
256294082994695,317.86,28,6.31,293.77,17.79,292.61,175.22,298.29,0.0,0.0,0.0,0.0,0.0,0.0,1.11,0.0,2.46,0.0,8.45,3.46,682.75,0.0,1.78
256294088028839,707.99,28,8.51,690.48,8.99,632.4,173.52,697.33,0.0,0.0,0.0,0.0,0.0,0.0,1.82,0.0,4.75,0.0,8.33,3.59,675.01,0.0,1.67
256294093766744,374.97,28,6.09,310.99,57.9,308.83,182.64,314.87,0.0,0.0,0.0,0.0,0.0,0.0,1.11,0.0,2.07,0.0,8.09,3.47,648.68,0.0,2.2
256294098958574,769.1,28,8.0,708.94,52.16,652.79,170.31,714.38,0.0,0.0,0.0,0.0,0.0,0.0,1.47,0.0,2.84,0.0,10.66,3.49,638.64,0.0,2.48
256294104764982,433.05,28,7.62,364.28,61.14,363.92,175.64,369.89,0.0,0.0,0.0,0.0,0.0,0.0,1.17,0.0,2.11,0.0,12.57,3.5,624.55,0.0,2.01
256294110023220,251.7,28,8.36,235.43,7.92,236.32,172.22,242.27,0.0,0.0,0.0,0.0,0.0,0.0,1.91,0.0,4.62,0.0,9.02,3.46,662.15,0.0,1.52
256294115028086,312.19,28,6.1,297.7,8.39,296.22,170.22,302.21,0.0,0.0,0.0,0.0,0.0,0.0,1.21,0.0,2.3,0.0,8.48,3.58,656.7,0.0,1.58
256294120148813,783.59,28,11.06,720.5,52.02,654.05,168.89,729.19,0.0,0.0,0.0,0.0,0.0,0.0,2.51,0.0,5.96,0.0,9.51,3.52,634.56,0.0,2.38
256294126081460,762.81,28,8.16,705.93,48.72,641.52,177.12,711.72,0.0,0.0,0.0,0.0,0.0,0.0,1.22,0.0,2.32,0.0,17.97,3.47,654.83,0.0,2.38
256294131310195,238.19,28,8.18,222.32,7.69,223.08,170.31,229.17,0.0,0.0,0.0,0.0,0.0,0.0,2.13,0.0,5.06,0.0,8.34,3.5,657.41,0.0,1.33
256294136038727,710.42,28,117.17,584.08,9.17,635.23,286.88,699.64,0.0,0.0,0.0,0.0,0.0,0.0,1.0,0.0,2.14,0.0,121.89,116.69,552.97,0.0,1.61
256294141443279,232.58,28,7.99,215.97,8.62,216.72,166.06,222.43,0.0,0.0,0.0,0.0,0.0,0.0,1.73,0.0,4.15,0.0,9.7,3.56,641.76,0.0,1.54
256294146034924,715.27,28,6.46,700.32,8.49,628.8,186.42,704.83,0.0,0.0,0.0,0.0,0.0,0.0,1.3,0.0,2.35,0.0,8.33,3.51,679.37,0.0,1.95
256294151483880,251.97,28,7.93,235.66,8.39,236.6,170.74,242.46,0.0,0.0,0.0,0.0,0.0,0.0,1.74,0.0,4.55,0.0,10.43,3.55,663.42,0.0,1.13
256294156041164,721.3,28,6.11,707.36,7.83,637.63,172.81,711.85,0.0,0.0,0.0,0.0,0.0,0.0,1.04,0.0,2.09,0.0,8.36,3.5,655.97,0.0,1.62
256294162005586,316.24,28,6.85,301.19,8.2,300.28,175.18,306.15,0.0,0.0,0.0,0.0,0.0,0.0,1.03,0.0,2.19,0.0,8.49,3.48,661.87,0.0,1.88
256294167012767,312.44,28,6.04,298.56,7.84,296.71,179.21,302.84,0.0,0.0,0.0,0.0,0.0,0.0,1.01,0.0,2.17,0.0,8.33,3.54,672.96,0.0,1.77
256294172031231,249.68,28,8.1,233.25,8.33,233.78,172.85,239.74,0.0,0.0,0.0,0.0,0.0,0.0,2.15,0.0,4.98,0.0,14.49,3.51,659.6,0.0,1.61
256294177005714,250.82,28,5.2,237.45,8.17,235.79,182.72,241.43,0.0,0.0,0.0,0.0,0.0,0.0,1.05,0.0,2.07,0.0,8.43,3.51,683.98,0.0,1.22
256294181930411,782.05,28,10.52,716.54,54.98,630.67,178.86,724.45,0.0,0.0,0.0,0.0,0.0,0.0,2.0,0.0,4.97,0.0,28.29,3.49,654.56,0.0,2.61
256294187866900,302.16,28,7.0,235.89,59.27,234.38,182.32,240.13,0.0,0.0,0.0,0.0,0.0,0.0,1.05,0.0,2.03,0.0,8.41,3.45,693.15,0.0,2.75
256294192890838,292.39,28,10.26,236.72,45.42,238.52,173.78,244.49,0.0,0.0,0.0,0.0,0.0,0.0,2.0,0.0,5.49,0.0,8.77,3.47,670.01,0.0,2.48
256294198012721,775.82,28,6.05,760.33,9.44,688.9,194.83,764.22,0.0,0.0,0.0,0.0,0.0,0.0,1.33,0.0,2.35,0.0,9.29,3.57,698.1,0.0,2.12
256294203726742,436.89,28,7.54,369.24,60.11,369.01,169.7,374.73,0.0,0.0,0.0,0.0,0.0,0.0,1.79,0.0,4.47,0.0,8.57,3.56,644.16,0.0,2.02
256294208505325,313.35,28,6.32,300.78,6.25,299.99,171.88,305.61,0.0,0.0,0.0,0.0,0.0,0.0,1.44,0.0,2.4,0.0,9.05,3.51,653.39,0.0,1.49
256294213542983,565.49,28,7.91,505.78,51.8,506.17,184.43,512.01,0.0,0.0,0.0,0.0,0.0,0.0,1.52,0.0,4.08,0.0,14.64,3.63,676.18,0.0,1.67
256294218844669,784.57,28,6.8,723.75,54.02,635.64,176.39,728.12,0.0,0.0,0.0,0.0,0.0,0.0,1.1,0.0,2.07,0.0,7.89,3.44,656.4,0.0,2.42
256294224231376,701.64,28,7.91,686.0,7.73,632.91,188.15,692.48,0.0,0.0,0.0,0.0,0.0,0.0,1.75,0.0,5.17,0.0,10.95,3.48,686.6,0.0,1.44
256294230044649,311.49,28,6.22,296.46,8.81,295.06,158.85,301.05,0.0,0.0,0.0,0.0,0.0,0.0,1.24,0.0,2.29,0.0,9.28,3.45,654.18,0.0,1.64
256294235025809,248.96,28,19.21,221.26,8.49,233.09,178.49,238.66,0.0,0.0,0.0,0.0,0.0,0.0,13.07,0.0,15.57,0.0,14.94,3.58,666.84,0.0,1.8
256294239623313,467.98,28,76.05,385.06,6.86,453.69,186.47,459.77,0.0,0.0,0.0,0.0,0.0,0.0,1.63,0.0,72.17,0.0,16.53,3.43,668.92,0.0,1.34
256294244853737,469.1,28,113.84,303.76,51.5,409.45,182.02,415.43,0.0,0.0,0.0,0.0,0.0,0.0,2.11,0.0,109.03,0.0,17.76,3.56,651.86,0.0,2.18
256294250005979,710.47,28,48.23,653.41,8.83,631.63,185.07,700.04,0.0,0.0,0.0,0.0,0.0,0.0,43.01,0.0,44.12,0.0,9.03,3.43,653.37,0.0,1.6
256294255707629,441.7,28,121.53,266.12,54.06,379.9,173.61,385.49,0.0,0.0,0.0,0.0,0.0,0.0,5.85,0.0,117.56,0.0,14.47,3.55,661.53,0.0,2.16
256294260841336,462.43,28,114.83,290.9,56.69,397.76,184.85,403.33,0.0,0.0,0.0,0.0,0.0,0.0,1.5,0.0,109.33,0.0,14.3,3.54,660.37,0.0,2.4
256294266004525,236.92,28,7.86,220.98,8.09,221.29,180.07,226.94,0.0,0.0,0.0,0.0,0.0,0.0,1.72,0.0,4.39,0.0,8.22,3.53,672.59,0.0,1.9
256294270554547,324.76,28,5.34,312.07,7.35,310.4,170.13,315.97,0.0,0.0,0.0,0.0,0.0,0.0,1.16,0.0,2.19,0.0,8.74,3.51,665.28,0.0,1.45
256294275608625,553.57,28,6.72,495.87,50.99,295.01,282.37,500.5,0.0,0.0,0.0,0.0,0.0,0.0,1.17,0.0,2.2,0.0,123.44,3.6,670.52,0.0,2.08
256294280880242,370.93,28,7.07,306.47,57.4,305.0,180.63,311.31,0.0,0.0,0.0,0.0,0.0,0.0,1.15,0.0,2.18,0.0,9.53,3.55,675.79,0.0,2.23
256294286006856,957.12,28,122.71,774.33,60.07,815.68,184.85,894.82,0.0,0.0,0.0,0.0,0.0,0.0,4.06,0.0,118.45,0.0,18.84,3.55,659.68,0.0,2.23
256294291826898,397.89,28,6.46,336.72,54.71,334.65,191.28,341.01,0.0,0.0,0.0,0.0,0.0,0.0,1.1,0.0,2.27,0.0,9.82,3.51,671.81,0.0,2.17
256294296964558,773.99,28,9.88,718.44,45.67,654.16,163.99,725.5,0.0,0.0,0.0,0.0,0.0,0.0,1.7,0.0,3.92,0.0,179.36,3.56,650.27,0.0,2.82
256294302722779,490.36,28,134.87,302.51,52.98,428.48,177.68,434.59,0.0,0.0,0.0,0.0,0.0,0.0,128.17,0.0,129.31,0.0,9.44,3.55,647.78,0.0,2.79
256294307540424,531.19,28,21.68,502.2,7.31,498.2,183.45,507.43,0.0,0.0,0.0,0.0,0.0,0.0,1.23,0.0,2.38,0.0,8.19,3.42,690.66,0.0,15.88
256294312812969,753.93,28,6.89,689.6,57.45,627.7,179.32,694.14,0.0,0.0,0.0,0.0,0.0,0.0,1.14,0.0,2.27,0.0,8.52,3.56,657.02,0.0,2.35
256294318649305,458.77,28,13.46,382.94,62.36,387.59,186.11,393.19,0.0,0.0,0.0,0.0,0.0,0.0,3.89,0.0,7.39,0.0,124.92,3.44,560.91,0.0,3.22
256294323927498,362.94,28,7.33,297.6,58.01,296.92,177.35,302.6,0.0,0.0,0.0,0.0,0.0,0.0,1.09,0.0,2.1,0.0,30.98,3.44,626.26,0.0,2.33
256294328574226,240.34,28,7.6,225.29,7.46,225.29,176.13,231.48,0.0,0.0,0.0,0.0,0.0,0.0,1.87,0.0,4.47,0.0,8.28,3.42,676.95,0.0,1.41
256294333585751,800.68,28,6.5,735.92,58.25,669.57,174.52,740.17,0.0,0.0,0.0,0.0,0.0,0.0,1.04,0.0,2.09,0.0,8.09,3.48,650.61,0.0,2.25
256294339079659,761.32,28,8.53,743.7,9.1,652.12,190.3,750.77,0.0,0.0,0.0,0.0,0.0,0.0,1.74,0.0,4.59,0.0,8.97,3.62,649.0,0.0,1.46
256294344676108,370.05,28,8.61,297.34,64.11,296.4,172.63,302.23,0.0,0.0,0.0,0.0,0.0,0.0,1.11,0.0,2.19,0.0,9.44,3.51,657.0,0.0,3.72
256294349401285,636.7,28,8.18,620.7,7.82,621.77,181.62,627.25,0.0,0.0,0.0,0.0,0.0,0.0,2.31,0.0,5.07,0.0,8.49,3.49,701.73,0.0,1.63
256294354347129,316.48,28,9.49,299.66,7.33,298.78,173.21,304.19,0.0,0.0,0.0,0.0,0.0,0.0,1.08,0.0,2.07,0.0,11.66,3.5,661.1,0.0,4.95
256294359047642,260.59,28,8.95,242.92,8.72,243.99,166.9,249.7,0.0,0.0,0.0,0.0,0.0,0.0,1.88,0.0,4.52,0.0,9.13,3.52,654.11,0.0,2.17
256294363571522,234.57,28,5.89,221.22,7.47,220.28,169.15,225.76,0.0,0.0,0.0,0.0,0.0,0.0,1.12,0.0,2.08,0.0,8.68,3.47,658.83,0.0,1.34
256294368138254,307.75,28,7.58,291.42,8.75,291.45,180.17,297.29,0.0,0.0,0.0,0.0,0.0,0.0,1.81,0.0,4.21,0.0,15.63,3.57,682.97,0.0,1.71
256294373026788,768.65,28,6.04,753.68,8.94,667.06,189.7,757.74,0.0,0.0,0.0,0.0,0.0,0.0,1.15,0.0,2.2,0.0,8.77,3.53,688.04,0.0,1.97
256294378908830,879.35,28,85.83,739.42,54.1,746.75,176.72,822.67,0.0,0.0,0.0,0.0,0.0,0.0,75.82,0.0,80.46,0.0,56.9,4.23,611.01,0.0,2.58
256294384291970,239.86,28,27.06,205.35,7.45,209.34,180.16,230.15,0.0,0.0,0.0,0.0,0.0,0.0,1.15,0.0,22.97,0.0,14.59,3.5,665.75,0.0,2.26
256294389044511,726.66,28,97.65,619.41,9.6,643.64,175.51,716.03,0.0,0.0,0.0,0.0,0.0,0.0,1.85,0.0,94.24,0.0,13.07,3.51,630.73,0.0,1.03
256294394635653,470.59,28,22.42,367.63,80.53,383.31,181.73,388.78,0.0,0.0,0.0,0.0,0.0,0.0,1.2,0.0,2.31,0.0,25.82,20.84,656.41,0.0,1.27
256294399741754,438.57,28,13.37,362.82,62.38,359.69,225.53,367.69,0.0,0.0,0.0,0.0,0.0,0.0,1.08,0.0,2.17,0.0,75.55,3.63,643.32,0.0,8.0
256294404921162,371.57,28,7.02,302.54,62.01,301.67,176.73,307.06,0.0,0.0,0.0,0.0,0.0,0.0,0.98,0.0,1.95,0.0,8.78,3.52,665.28,0.0,2.5
256294409991694,741.81,28,9.3,712.31,20.2,645.96,178.74,719.36,0.0,0.0,0.0,0.0,0.0,0.0,1.57,0.0,4.43,0.0,10.72,3.54,652.76,0.0,2.25
256294415722599,407.89,28,6.72,347.93,53.25,346.56,183.66,352.49,0.0,0.0,0.0,0.0,0.0,0.0,1.16,0.0,2.17,0.0,10.01,3.55,687.46,0.0,2.1
256294421023625,248.05,28,8.3,232.6,7.15,233.28,167.89,239.6,0.0,0.0,0.0,0.0,0.0,0.0,1.9,0.0,5.29,0.0,8.9,3.46,658.72,0.0,1.31
256294426024295,709.8,28,6.95,693.65,9.2,631.57,170.59,698.25,0.0,0.0,0.0,0.0,0.0,0.0,1.02,0.0,2.16,0.0,8.41,3.57,656.73,0.0,2.34
256294431828651,384.52,28,22.63,309.03,52.86,303.38,183.82,314.58,0.0,0.0,0.0,0.0,0.0,0.0,1.28,0.0,2.41,0.0,19.25,3.52,662.79,0.0,16.69
256294436519280,319.05,28,5.68,303.9,9.47,296.37,175.26,308.08,0.0,0.0,0.0,0.0,0.0,0.0,1.11,0.0,2.16,0.0,8.87,3.49,664.38,0.0,1.51
256294441553150,531.94,28,8.93,461.52,61.5,462.56,231.56,468.21,0.0,0.0,0.0,0.0,0.0,0.0,1.92,0.0,4.71,0.0,70.74,3.63,627.38,0.0,2.24
256294446437824,233.93,28,6.15,220.16,7.62,219.29,169.59,224.6,0.0,0.0,0.0,0.0,0.0,0.0,1.05,0.0,2.04,0.0,20.78,3.47,646.49,0.0,1.72
256294451314226,700.37,28,8.43,635.5,56.44,636.01,171.16,641.72,0.0,0.0,0.0,0.0,0.0,0.0,1.44,0.0,4.09,0.0,9.85,3.48,658.86,0.0,2.21
256294456755147,853.0,28,92.95,698.8,61.26,700.64,254.79,789.41,0.0,0.0,0.0,0.0,0.0,0.0,1.03,0.0,2.03,0.0,95.9,91.49,670.02,0.0,2.27
256294462724039,407.36,28,10.16,341.69,55.5,343.03,172.67,349.26,0.0,0.0,0.0,0.0,0.0,0.0,1.62,0.0,4.52,0.0,11.92,3.49,612.0,0.0,2.6
256294468007058,257.0,28,6.35,242.42,8.23,241.26,174.2,246.99,0.0,0.0,0.0,0.0,0.0,0.0,1.14,0.0,2.19,0.0,8.79,3.5,662.34,0.0,1.78
256294472595996,308.77,28,8.64,292.78,7.34,294.14,173.94,299.91,0.0,0.0,0.0,0.0,0.0,0.0,1.9,0.0,4.74,0.0,10.05,3.65,659.77,0.0,1.52
256294477885279,369.46,28,6.78,299.26,63.42,297.73,172.79,303.33,0.0,0.0,0.0,0.0,0.0,0.0,1.07,0.0,2.08,0.0,8.26,3.43,658.48,0.0,2.71
256294482642871,703.49,28,8.62,685.74,9.12,627.48,179.73,692.32,0.0,0.0,0.0,0.0,0.0,0.0,1.84,0.0,5.12,0.0,8.23,3.47,671.83,0.0,2.04
256294488546592,568.95,28,6.86,509.91,52.18,508.63,188.92,514.41,0.0,0.0,0.0,0.0,0.0,0.0,1.0,0.0,2.01,0.0,8.21,3.57,718.9,0.0,2.36
256294494049472,795.18,28,62.55,670.2,62.43,641.57,212.42,730.18,0.0,0.0,0.0,0.0,0.0,0.0,2.17,0.0,5.08,0.0,61.29,56.17,652.12,0.0,2.56
256294499307045,237.31,28,6.55,222.78,7.97,220.77,170.55,226.81,0.0,0.0,0.0,0.0,0.0,0.0,1.05,0.0,2.02,0.0,8.32,3.52,660.37,0.0,2.52
256294503887304,241.87,28,9.08,226.4,6.39,228.21,180.61,233.75,0.0,0.0,0.0,0.0,0.0,0.0,2.27,0.0,5.28,0.0,25.48,3.44,652.97,0.0,1.57
256294508832974,323.3,28,6.53,260.84,55.94,259.44,173.04,265.22,0.0,0.0,0.0,0.0,0.0,0.0,1.01,0.0,2.01,0.0,8.19,3.44,672.09,0.0,2.15
256294513973718,762.79,28,10.07,712.83,39.89,655.04,175.73,720.48,0.0,0.0,0.0,0.0,0.0,0.0,2.64,0.0,5.34,0.0,11.01,3.69,681.64,0.0,2.41
256294520035958,716.85,28,5.69,701.44,9.72,639.3,176.71,705.82,0.0,0.0,0.0,0.0,0.0,0.0,1.15,0.0,2.16,0.0,9.32,3.43,677.88,0.0,1.31
256294525797811,788.26,28,9.12,727.49,51.65,648.29,182.9,734.34,0.0,0.0,0.0,0.0,0.0,0.0,1.99,0.0,4.57,0.0,22.55,3.64,650.14,0.0,2.27
256294531815511,339.33,28,7.11,275.83,56.39,273.33,176.52,280.56,0.0,0.0,0.0,0.0,0.0,0.0,1.08,0.0,2.03,0.0,10.56,3.47,671.07,0.0,2.38
256294536932769,364.22,28,9.55,299.07,55.59,300.21,171.72,306.07,0.0,0.0,0.0,0.0,0.0,0.0,2.03,0.0,5.0,0.0,9.43,3.55,646.7,0.0,2.55
256294542051135,748.62,28,19.03,719.62,9.96,652.7,223.98,726.63,0.0,0.0,0.0,0.0,0.0,0.0,1.22,0.0,2.23,0.0,70.55,5.21,664.77,0.0,11.59
256294547524472,237.23,28,5.7,225.48,6.06,224.24,170.22,230.02,0.0,0.0,0.0,0.0,0.0,0.0,1.1,0.0,2.14,0.0,8.98,3.58,660.37,0.0,1.15
256294552662347,448.62,28,6.59,383.19,58.84,381.63,187.3,387.44,0.0,0.0,0.0,0.0,0.0,0.0,0.98,0.0,2.1,0.0,9.02,3.57,690.89,0.0,2.34
256294557453495,226.26,28,7.48,210.14,8.64,210.92,171.84,216.36,0.0,0.0,0.0,0.0,0.0,0.0,1.73,0.0,4.83,0.0,8.12,3.5,680.29,0.0,1.25
256294562082973,751.77,28,6.31,734.48,10.98,668.63,177.04,738.73,0.0,0.0,0.0,0.0,0.0,0.0,1.07,0.0,2.02,0.0,10.79,3.46,655.94,0.0,2.07
256294568005427,255.15,28,8.54,237.68,8.94,238.98,171.35,244.4,0.0,0.0,0.0,0.0,0.0,0.0,2.0,0.0,4.94,0.0,10.7,3.53,656.1,0.0,1.82
256294573025479,309.33,28,5.9,296.52,6.91,294.84,175.86,300.9,0.0,0.0,0.0,0.0,0.0,0.0,1.13,0.0,2.25,0.0,8.13,3.6,661.02,0.0,1.52
256294577725672,247.86,28,8.35,230.82,8.68,231.99,170.33,237.43,0.0,0.0,0.0,0.0,0.0,0.0,1.68,0.0,4.84,0.0,7.94,3.39,665.74,0.0,1.74
256294582816369,339.1,28,7.97,267.92,63.21,267.96,175.88,273.5,0.0,0.0,0.0,0.0,0.0,0.0,1.06,0.0,2.1,0.0,12.36,3.48,654.68,0.0,2.39
256294588006069,814.79,28,9.14,794.25,11.4,719.38,191.98,802.0,0.0,0.0,0.0,0.0,0.0,0.0,2.09,0.0,5.18,0.0,40.4,3.58,653.21,0.0,1.4
256294593567000,254.26,28,5.9,240.92,7.45,232.42,168.11,245.2,0.0,0.0,0.0,0.0,0.0,0.0,1.09,0.0,2.1,0.0,8.56,3.46,657.46,0.0,1.62
256294598748697,427.07,28,7.75,365.0,54.31,364.52,171.44,370.57,0.0,0.0,0.0,0.0,0.0,0.0,1.58,0.0,4.24,0.0,7.9,3.46,660.63,0.0,2.18
256294603546986,238.78,28,6.47,225.01,7.31,223.4,178.21,229.55,0.0,0.0,0.0,0.0,0.0,0.0,1.11,0.0,2.19,0.0,8.0,3.53,671.15,0.0,1.93
256294608090255,739.9,28,7.69,724.21,8.0,655.28,169.55,730.53,0.0,0.0,0.0,0.0,0.0,0.0,1.63,0.0,4.55,0.0,10.68,3.5,654.26,0.0,1.37
256294613777891,345.63,28,5.52,333.05,7.06,331.88,177.15,337.25,0.0,0.0,0.0,0.0,0.0,0.0,1.28,0.0,2.24,0.0,8.47,3.51,683.62,0.0,1.32
256294618959775,778.51,28,8.98,721.01,48.52,654.48,197.95,727.8,0.0,0.0,0.0,0.0,0.0,0.0,1.66,0.0,4.54,0.0,13.5,3.55,677.74,0.0,2.19
256294625005820,718.4,28,6.09,701.59,10.72,633.98,177.25,706.26,0.0,0.0,0.0,0.0,0.0,0.0,1.19,0.0,2.27,0.0,12.77,3.49,666.28,0.0,1.42
256294630993062,819.18,28,13.67,780.02,25.5,722.55,196.13,791.24,0.0,0.0,0.0,0.0,0.0,0.0,3.73,0.0,7.67,0.0,31.43,3.55,663.56,0.0,2.45
256294636897169,789.84,28,6.79,727.14,55.91,649.92,181.03,731.73,0.0,0.0,0.0,0.0,0.0,0.0,1.19,0.0,2.19,0.0,10.04,3.55,667.09,0.0,2.2
256294642533706,313.67,28,6.67,300.05,6.95,300.25,173.65,305.61,0.0,0.0,0.0,0.0,0.0,0.0,1.71,0.0,4.43,0.0,8.08,3.5,675.36,0.0,1.11
256294647692204,449.52,28,6.3,385.15,58.07,384.17,173.62,389.44,0.0,0.0,0.0,0.0,0.0,0.0,1.27,0.0,2.38,0.0,9.4,3.55,664.01,0.0,2.02
256294653004318,735.24,28,8.67,717.26,9.32,642.26,171.39,724.33,0.0,0.0,0.0,0.0,0.0,0.0,1.62,0.0,4.44,0.0,8.45,3.52,666.0,0.0,1.6
256294658773399,410.23,28,8.68,352.09,49.46,352.76,242.98,358.03,0.0,0.0,0.0,0.0,0.0,0.0,1.01,0.0,1.98,0.0,71.41,4.55,679.24,0.0,2.74
256294664040470,238.92,28,8.9,222.15,7.87,223.18,167.01,229.19,0.0,0.0,0.0,0.0,0.0,0.0,2.03,0.0,4.93,0.0,8.04,3.46,655.67,0.0,1.86
256294669040332,306.85,28,14.05,283.73,9.07,290.47,183.53,295.94,0.0,0.0,0.0,0.0,0.0,0.0,1.08,0.0,2.25,0.0,17.6,12.75,672.11,0.0,1.84
256294673769447,257.58,28,9.11,241.19,7.28,239.75,174.38,248.04,0.0,0.0,0.0,0.0,0.0,0.0,1.92,0.0,4.45,0.0,10.03,3.55,665.83,0.0,2.26
256294678767177,368.6,28,7.34,304.7,56.56,304.74,177.41,309.77,0.0,0.0,0.0,0.0,0.0,0.0,1.12,0.0,2.2,0.0,9.42,3.5,634.14,0.0,2.27
256294683932266,366.52,28,9.23,300.01,57.28,301.18,190.47,307.17,0.0,0.0,0.0,0.0,0.0,0.0,1.74,0.0,4.92,0.0,24.59,3.42,647.39,0.0,2.07
256294689025104,735.81,28,6.2,720.34,9.27,650.95,182.79,724.59,0.0,0.0,0.0,0.0,0.0,0.0,1.17,0.0,2.23,0.0,8.04,3.46,678.91,0.0,1.96
256294694760583,411.64,28,8.17,346.91,56.57,346.95,181.67,352.53,0.0,0.0,0.0,0.0,0.0,0.0,0.99,0.0,2.17,0.0,8.25,3.45,665.37,0.0,2.55
256294699934827,395.94,28,17.62,319.97,58.35,318.63,174.0,324.03,0.0,0.0,0.0,0.0,0.0,0.0,1.12,0.0,2.25,0.0,7.98,3.41,658.81,0.0,13.48
256294705041538,312.16,28,8.81,294.51,8.83,296.19,174.21,301.71,0.0,0.0,0.0,0.0,0.0,0.0,2.17,0.0,5.35,0.0,24.15,3.49,647.36,0.0,1.62
256294710032554,313.94,28,5.79,299.81,8.34,298.09,181.75,304.0,0.0,0.0,0.0,0.0,0.0,0.0,1.07,0.0,2.13,0.0,8.39,3.43,694.47,0.0,1.6
256294714665420,258.74,28,10.53,240.33,7.88,240.69,174.05,246.57,0.0,0.0,0.0,0.0,0.0,0.0,1.22,0.0,3.38,0.0,15.04,3.52,644.81,0.0,4.2
256294719703478,459.04,28,7.28,400.5,51.26,398.81,179.81,405.71,0.0,0.0,0.0,0.0,0.0,0.0,1.11,0.0,2.1,0.0,19.33,3.51,671.59,0.0,2.07
256294724549286,553.12,28,7.9,538.61,6.61,539.4,243.06,545.2,0.0,0.0,0.0,0.0,0.0,0.0,1.68,0.0,4.38,0.0,85.07,3.44,660.08,0.0,1.3
256294729460077,589.04,28,6.12,576.13,6.79,575.23,177.9,580.63,0.0,0.0,0.0,0.0,0.0,0.0,1.08,0.0,2.07,0.0,8.17,3.49,676.41,0.0,1.62
256294734782796,410.46,28,9.19,350.41,50.85,352.09,219.11,357.64,0.0,0.0,0.0,0.0,0.0,0.0,1.67,0.0,4.48,0.0,65.89,3.5,649.55,0.0,1.96
256294739982442,749.75,28,6.49,712.3,30.97,631.82,179.3,716.51,0.0,0.0,0.0,0.0,0.0,0.0,1.26,0.0,2.45,0.0,8.18,3.52,655.48,0.0,2.28
256294745759310,371.78,28,7.46,311.49,52.83,311.04,169.72,316.95,0.0,0.0,0.0,0.0,0.0,0.0,1.58,0.0,4.21,0.0,10.03,3.59,646.26,0.0,2.0
256294750963491,775.62,28,6.2,721.97,47.45,652.25,183.69,726.11,0.0,0.0,0.0,0.0,0.0,0.0,1.13,0.0,2.32,0.0,10.07,3.52,668.75,0.0,2.06
256294756874853,788.77,28,10.89,716.62,61.26,661.61,187.91,725.69,0.0,0.0,0.0,0.0,0.0,0.0,2.64,0.0,6.17,0.0,22.08,3.5,658.59,0.0,1.82
256294762802902,388.04,28,6.07,331.0,50.97,329.62,177.18,334.96,0.0,0.0,0.0,0.0,0.0,0.0,1.14,0.0,2.11,0.0,9.32,3.51,673.31,0.0,2.11
256294767563249,545.25,28,8.34,530.32,6.59,531.63,179.82,537.26,0.0,0.0,0.0,0.0,0.0,0.0,1.89,0.0,4.68,0.0,10.65,3.52,662.73,0.0,1.4
256294772493959,315.7,28,5.31,302.27,8.12,300.6,182.65,306.22,0.0,0.0,0.0,0.0,0.0,0.0,1.01,0.0,2.07,0.0,11.14,3.52,682.73,0.0,1.36
256294777189336,250.63,28,17.15,225.27,8.21,234.81,174.53,240.66,0.0,0.0,0.0,0.0,0.0,0.0,1.75,0.0,4.94,0.0,21.04,12.65,650.38,0.0,1.76
256294782035658,747.02,28,6.24,732.28,8.5,664.82,179.79,736.78,0.0,0.0,0.0,0.0,0.0,0.0,1.17,0.0,2.16,0.0,8.71,3.56,674.31,0.0,1.75
256294787790353,400.1,28,10.86,330.64,58.6,333.94,180.57,339.28,0.0,0.0,0.0,0.0,0.0,0.0,2.05,0.0,5.13,0.0,25.87,3.51,663.41,0.0,2.22
256294792930668,794.42,28,6.4,738.75,49.27,674.86,177.72,743.07,0.0,0.0,0.0,0.0,0.0,0.0,1.09,0.0,2.07,0.0,8.0,3.53,668.3,0.0,2.08
256294798743618,385.4,28,10.84,322.27,52.28,324.98,219.16,330.32,0.0,0.0,0.0,0.0,0.0,0.0,2.01,0.0,6.1,0.0,53.7,3.67,661.57,0.0,2.8
256294804006850,322.88,28,10.37,304.34,8.17,304.08,175.55,309.62,0.0,0.0,0.0,0.0,0.0,0.0,1.51,0.0,2.67,0.0,14.12,3.44,662.93,0.0,5.09
256294808729683,312.67,28,8.09,295.89,8.69,295.9,171.48,302.24,0.0,0.0,0.0,0.0,0.0,0.0,1.8,0.0,4.89,0.0,9.68,3.54,669.29,0.0,1.74
256294813813148,345.32,28,6.39,281.77,57.16,280.7,180.86,286.46,0.0,0.0,0.0,0.0,0.0,0.0,1.04,0.0,2.03,0.0,14.85,3.48,681.93,0.0,1.7
256294818927646,302.92,28,7.44,235.63,59.84,212.41,179.08,240.99,0.0,0.0,0.0,0.0,0.0,0.0,1.46,0.0,2.62,0.0,10.7,3.48,654.67,0.0,2.09
256294824023029,721.86,28,6.49,706.75,8.62,639.43,224.52,711.94,0.0,0.0,0.0,0.0,0.0,0.0,1.11,0.0,2.13,0.0,67.37,3.58,680.06,0.0,1.3
256294829752879,379.81,28,8.19,315.19,56.44,316.08,179.85,321.59,0.0,0.0,0.0,0.0,0.0,0.0,1.61,0.0,4.56,0.0,8.63,3.48,656.9,0.0,1.78
256294834933823,354.89,28,6.66,298.56,49.66,297.59,175.11,303.03,0.0,0.0,0.0,0.0,0.0,0.0,1.08,0.0,2.03,0.0,8.16,3.49,662.03,0.0,2.2
256294840011095,312.3,28,8.54,296.02,7.75,297.0,173.54,302.81,0.0,0.0,0.0,0.0,0.0,0.0,1.78,0.0,4.91,0.0,9.91,3.44,674.37,0.0,1.75
256294845032213,321.17,28,8.23,305.58,7.36,302.39,174.36,309.54,0.0,0.0,0.0,0.0,0.0,0.0,1.02,0.0,2.11,0.0,8.07,3.44,660.74,0.0,3.98
256294849789882,239.25,28,7.64,224.36,7.26,225.16,176.46,230.66,0.0,0.0,0.0,0.0,0.0,0.0,1.57,0.0,4.42,0.0,9.65,3.55,659.99,0.0,1.34
256294854870259,364.65,28,6.57,299.51,58.57,298.48,191.12,303.83,0.0,0.0,0.0,0.0,0.0,0.0,1.34,0.0,2.28,0.0,10.83,3.45,664.48,0.0,2.25
256294860006790,238.55,28,8.64,223.0,6.91,224.42,180.6,230.14,0.0,0.0,0.0,0.0,0.0,0.0,1.88,0.0,4.79,0.0,14.16,3.56,676.26,0.0,1.5
256294865000024,745.82,28,6.83,727.86,11.12,635.17,174.71,732.7,0.0,0.0,0.0,0.0,0.0,0.0,1.02,0.0,2.17,0.0,13.18,3.47,636.19,0.0,1.99
256294870814863,372.95,28,8.86,308.78,55.31,309.95,174.53,315.21,0.0,0.0,0.0,0.0,0.0,0.0,1.65,0.0,4.54,0.0,76.22,3.47,622.29,0.0,2.43
256294875963726,756.57,28,7.7,692.88,55.98,633.16,180.88,697.92,0.0,0.0,0.0,0.0,0.0,0.0,1.04,0.0,2.15,0.0,10.19,3.77,675.24,0.0,2.67
256294881716988,398.19,28,9.03,381.01,8.15,382.58,189.31,387.99,0.0,0.0,0.0,0.0,0.0,0.0,1.79,0.0,4.49,0.0,9.12,3.55,687.2,0.0,2.06
256294886911486,793.75,28,7.16,725.86,60.74,643.63,183.99,730.77,0.0,0.0,0.0,0.0,0.0,0.0,1.36,0.0,2.37,0.0,8.56,3.54,703.11,0.0,2.25
256294893008807,798.95,28,120.0,625.1,53.85,651.92,184.17,743.08,0.0,0.0,0.0,0.0,0.0,0.0,115.69,0.0,116.89,0.0,11.22,3.57,686.79,0.0,2.01
256294899183554,798.35,28,6.0,730.62,61.73,666.95,185.4,734.94,0.0,0.0,0.0,0.0,0.0,0.0,1.12,0.0,2.23,0.0,8.97,3.49,694.37,0.0,1.68
256294905029964,308.28,28,8.35,292.02,7.91,292.85,171.92,298.62,0.0,0.0,0.0,0.0,0.0,0.0,1.74,0.0,4.66,0.0,12.95,3.43,655.03,0.0,1.75
256294910027719,764.86,28,6.06,751.23,7.57,683.76,181.85,756.02,0.0,0.0,0.0,0.0,0.0,0.0,1.24,0.0,2.59,0.0,8.05,3.48,682.45,0.0,1.26
256294915782698,396.92,28,10.29,333.41,53.21,335.82,178.8,341.4,0.0,0.0,0.0,0.0,0.0,0.0,2.41,0.0,5.2,0.0,9.32,3.5,666.37,0.0,2.3
256294921032298,896.33,28,5.71,555.02,335.6,491.13,165.66,559.47,0.0,0.0,0.0,0.0,0.0,0.0,1.12,0.0,2.18,0.0,9.41,3.62,648.02,0.0,1.26
256294926535008,306.98,28,7.93,291.94,7.11,293.2,168.23,298.32,0.0,0.0,0.0,0.0,0.0,0.0,1.63,0.0,4.56,0.0,8.26,3.47,669.49,0.0,1.55
256294931592008,524.94,28,102.43,373.12,49.39,371.19,184.48,378.85,0.0,0.0,0.0,0.0,0.0,0.0,1.16,0.0,3.43,0.0,14.22,3.59,663.95,0.0,96.69
256294936919480,854.82,28,8.92,782.79,63.11,711.41,187.07,789.66,0.0,0.0,0.0,0.0,0.0,0.0,1.67,0.0,4.37,0.0,10.81,3.53,697.62,0.0,2.06
256294943024040,246.43,28,6.77,232.05,7.61,231.05,179.28,236.89,0.0,0.0,0.0,0.0,0.0,0.0,1.34,0.0,2.34,0.0,18.05,3.61,665.93,0.0,1.93
256294948193558,776.4,28,8.35,715.46,52.6,644.72,171.92,721.37,0.0,0.0,0.0,0.0,0.0,0.0,1.56,0.0,4.08,0.0,9.65,3.49,657.84,0.0,2.44
256294953809075,870.88,28,6.1,808.53,56.24,733.2,176.61,812.76,0.0,0.0,0.0,0.0,0.0,0.0,1.39,0.0,2.36,0.0,8.21,3.47,681.19,0.0,1.87
256294960005959,725.09,28,7.87,708.2,9.03,648.59,179.29,714.29,0.0,0.0,0.0,0.0,0.0,0.0,1.86,0.0,4.47,0.0,8.28,3.52,666.73,0.0,1.77
256294965964442,777.47,28,6.46,721.29,49.72,658.62,181.1,725.98,0.0,0.0,0.0,0.0,0.0,0.0,1.01,0.0,2.04,0.0,8.5,3.51,675.08,0.0,1.78
256294971850384,309.56,28,9.67,230.17,69.73,232.45,183.22,238.23,0.0,0.0,0.0,0.0,0.0,0.0,2.56,0.0,5.12,0.0,19.3,3.58,670.37,0.0,1.61
256294976962516,737.64,28,6.65,684.98,46.02,644.6,175.27,689.79,0.0,0.0,0.0,0.0,0.0,0.0,1.02,0.0,2.15,0.0,9.18,3.56,658.8,0.0,1.84
256294982867162,809.21,28,8.46,739.43,61.31,669.85,169.22,745.66,0.0,0.0,0.0,0.0,0.0,0.0,2.23,0.0,4.8,0.0,11.35,3.5,654.8,0.0,2.23
256294988349106,236.94,28,6.53,222.93,7.48,222.77,171.29,227.98,0.0,0.0,0.0,0.0,0.0,0.0,1.13,0.0,2.12,0.0,8.68,3.53,663.26,0.0,1.48
256294993037057,316.58,28,9.09,299.33,8.16,301.97,196.98,306.93,0.0,0.0,0.0,0.0,0.0,0.0,1.89,0.0,4.8,0.0,57.77,3.57,663.04,0.0,1.49
256294998039935,722.0,28,6.87,706.66,8.46,644.22,179.61,711.64,0.0,0.0,0.0,0.0,0.0,0.0,1.34,0.0,2.38,0.0,11.16,3.52,653.94,0.0,1.89
256295003944824,325.34,28,8.19,307.21,9.95,304.49,172.73,312.3,0.0,0.0,0.0,0.0,0.0,0.0,1.8,0.0,3.75,0.0,9.59,3.54,670.7,0.0,3.1
256295009124038,380.43,28,6.97,315.96,57.5,313.45,174.33,320.28,0.0,0.0,0.0,0.0,0.0,0.0,0.96,0.0,1.99,0.0,9.89,3.47,668.65,0.0,2.65
256295014028754,248.15,28,8.56,231.79,7.8,232.15,171.37,238.79,0.0,0.0,0.0,0.0,0.0,0.0,1.88,0.0,4.63,0.0,9.43,3.46,665.24,0.0,1.56
256295019006041,259.76,28,6.51,244.74,8.51,232.5,181.2,249.53,0.0,0.0,0.0,0.0,0.0,0.0,1.08,0.0,2.12,0.0,10.97,3.45,653.41,0.0,1.71
256295024004422,236.92,28,8.94,219.42,8.56,220.61,178.38,226.63,0.0,0.0,0.0,0.0,0.0,0.0,1.93,0.0,5.37,0.0,12.73,3.51,676.63,0.0,1.73
256295029006008,692.8,28,5.58,679.53,7.69,628.59,176.65,683.74,0.0,0.0,0.0,0.0,0.0,0.0,1.07,0.0,2.06,0.0,8.38,3.65,674.68,0.0,1.37
256295034749522,384.8,28,8.89,320.67,55.25,322.32,184.41,327.69,0.0,0.0,0.0,0.0,0.0,0.0,1.83,0.0,4.69,0.0,17.95,3.55,653.5,0.0,1.86
256295039907616,291.86,28,7.29,231.28,53.29,230.6,177.93,235.91,0.0,0.0,0.0,0.0,0.0,0.0,1.22,0.0,2.24,0.0,8.19,3.47,668.42,0.0,2.66
256295044986759,755.77,28,16.0,713.88,25.89,651.11,173.9,720.09,0.0,0.0,0.0,0.0,0.0,0.0,1.58,0.0,2.92,0.0,16.0,4.87,660.8,0.0,9.45
256295050364710,670.8,28,5.94,656.22,8.64,655.32,172.33,660.84,0.0,0.0,0.0,0.0,0.0,0.0,1.13,0.0,2.14,0.0,12.01,3.6,655.61,0.0,1.32
256295055391550,645.85,28,7.18,628.76,9.91,629.5,170.99,634.64,0.0,0.0,0.0,0.0,0.0,0.0,1.73,0.0,4.44,0.0,8.37,3.48,666.02,0.0,1.3
256295060984800,747.26,28,6.83,709.49,30.93,645.22,187.2,714.4,0.0,0.0,0.0,0.0,0.0,0.0,1.43,0.0,2.57,0.0,9.59,3.48,707.26,0.0,1.9
256295066758894,378.58,28,10.41,310.85,57.33,313.06,180.88,318.75,0.0,0.0,0.0,0.0,0.0,0.0,3.54,0.0,6.11,0.0,10.47,3.47,667.42,0.0,2.32
256295071951494,851.1,28,8.43,782.4,60.27,698.68,605.63,788.41,0.0,0.0,0.0,0.0,0.0,0.0,1.32,0.0,2.5,0.0,10.04,4.01,653.32,0.0,2.37
256295077696808,452.89,28,13.25,431.68,7.97,434.54,178.87,443.7,0.0,0.0,0.0,0.0,0.0,0.0,2.0,0.0,4.91,0.0,30.28,7.72,655.6,0.0,1.23
256295082986516,753.59,28,6.86,721.53,25.19,655.47,175.57,726.05,0.0,0.0,0.0,0.0,0.0,0.0,1.04,0.0,2.2,0.0,8.43,3.57,657.72,0.0,2.29
256295088473169,304.28,28,8.85,287.38,8.05,289.05,173.66,294.36,0.0,0.0,0.0,0.0,0.0,0.0,1.97,0.0,4.72,0.0,9.44,3.53,655.04,0.0,1.88
256295093556819,530.25,28,6.24,469.16,54.85,468.14,174.27,473.77,0.0,0.0,0.0,0.0,0.0,0.0,1.19,0.0,2.2,0.0,9.02,3.59,662.9,0.0,1.63
256295098942798,359.07,28,20.55,287.32,51.2,299.57,174.61,305.69,0.0,0.0,0.0,0.0,0.0,0.0,1.44,0.0,17.26,0.0,9.74,3.46,669.31,0.0,2.18
256295104035948,719.51,28,6.45,705.46,7.6,666.09,183.32,710.72,0.0,0.0,0.0,0.0,0.0,0.0,1.25,0.0,2.43,0.0,24.31,3.51,660.86,0.0,1.2
256295109398176,710.68,28,8.14,694.05,8.5,633.19,185.66,700.36,0.0,0.0,0.0,0.0,0.0,0.0,1.64,0.0,3.65,0.0,10.86,3.47,669.95,0.0,1.83
256295115039163,773.05,28,9.67,755.98,7.4,692.59,188.43,764.55,0.0,0.0,0.0,0.0,0.0,0.0,1.23,0.0,6.33,0.0,11.35,3.5,680.53,0.0,1.1
256295120826915,340.48,28,8.74,287.51,44.23,288.49,184.54,293.87,0.0,0.0,0.0,0.0,0.0,0.0,1.61,0.0,4.22,0.0,7.74,3.53,660.52,0.0,2.38
256295125996621,723.16,28,9.43,699.8,13.93,636.41,202.67,706.67,0.0,0.0,0.0,0.0,0.0,0.0,1.49,0.0,2.6,0.0,33.73,5.39,694.22,0.0,2.55
256295131954384,1024.13,28,22.97,946.03,55.14,648.69,205.27,952.03,0.0,0.0,0.0,0.0,0.0,0.0,1.3,0.0,2.54,0.0,12.56,4.26,715.64,0.0,16.86
256295137389925,649.56,28,10.21,631.31,8.04,629.81,179.13,636.18,0.0,0.0,0.0,0.0,0.0,0.0,1.21,0.0,2.23,0.0,16.2,3.52,640.51,0.0,5.21
256295142819485,375.22,28,10.74,316.36,48.11,319.13,180.51,324.93,0.0,0.0,0.0,0.0,0.0,0.0,2.33,0.0,6.26,0.0,23.11,3.55,646.7,0.0,2.18
256295147595164,307.82,28,5.71,293.87,8.23,292.4,169.4,298.2,0.0,0.0,0.0,0.0,0.0,0.0,1.1,0.0,2.2,0.0,8.61,3.45,664.34,0.0,1.38
256295152825662,326.45,28,8.15,272.84,45.47,272.72,196.91,279.08,0.0,0.0,0.0,0.0,0.0,0.0,1.41,0.0,4.27,0.0,39.79,3.54,664.44,0.0,1.91
256295157947606,805.36,28,6.29,739.37,59.7,671.55,177.8,743.72,0.0,0.0,0.0,0.0,0.0,0.0,1.19,0.0,2.36,0.0,8.39,3.58,666.71,0.0,1.94
256295163839443,376.07,28,8.49,313.85,53.73,314.64,185.9,320.12,0.0,0.0,0.0,0.0,0.0,0.0,1.6,0.0,4.61,0.0,8.03,3.53,649.3,0.0,2.12
256295169024088,749.8,28,6.51,733.34,9.95,660.85,180.15,738.48,0.0,0.0,0.0,0.0,0.0,0.0,1.09,0.0,2.25,0.0,14.58,3.56,676.69,0.0,1.31
256295174376481,708.52,28,7.49,691.97,9.07,632.37,172.07,698.2,0.0,0.0,0.0,0.0,0.0,0.0,2.06,0.0,4.69,0.0,13.66,3.53,666.86,0.0,1.26
256295180042772,310.61,28,6.38,296.62,7.61,295.9,173.92,301.32,0.0,0.0,0.0,0.0,0.0,0.0,1.11,0.0,2.09,0.0,8.84,3.63,659.38,0.0,1.68
256295185031482,312.87,28,5.93,299.54,7.4,298.62,173.62,304.08,0.0,0.0,0.0,0.0,0.0,0.0,1.16,0.0,2.23,0.0,8.49,3.62,657.7,0.0,1.39
256295189746498,246.93,28,7.11,232.13,7.7,231.74,170.47,237.28,0.0,0.0,0.0,0.0,0.0,0.0,1.22,0.0,2.39,0.0,7.97,3.61,657.55,0.0,1.96
256295194846144,368.11,28,10.21,300.79,57.11,303.37,171.81,308.87,0.0,0.0,0.0,0.0,0.0,0.0,2.59,0.0,7.19,0.0,15.05,3.49,675.5,0.0,2.13
256295200005697,313.36,28,5.93,299.29,8.14,296.56,171.3,303.85,0.0,0.0,0.0,0.0,0.0,0.0,1.32,0.0,2.4,0.0,8.34,3.51,664.55,0.0,1.37
256295205033083,305.82,28,8.34,291.13,6.35,292.43,169.55,298.13,0.0,0.0,0.0,0.0,0.0,0.0,1.94,0.0,4.85,0.0,9.21,3.53,655.0,0.0,1.33
256295210022791,713.63,28,6.22,698.27,9.14,631.3,178.15,703.32,0.0,0.0,0.0,0.0,0.0,0.0,1.02,0.0,2.06,0.0,10.49,3.57,668.57,0.0,1.16
256295215857429,364.75,28,11.37,293.66,59.72,297.32,176.07,302.58,0.0,0.0,0.0,0.0,0.0,0.0,2.16,0.0,5.45,0.0,9.72,4.89,662.44,0.0,2.44
256295221020237,777.72,28,7.01,718.4,52.31,656.75,171.04,723.35,0.0,0.0,0.0,0.0,0.0,0.0,1.18,0.0,2.39,0.0,9.75,3.49,652.55,0.0,2.06
256295226420842,313.52,28,7.15,298.88,7.49,298.94,180.18,304.59,0.0,0.0,0.0,0.0,0.0,0.0,1.72,0.0,4.48,0.0,8.31,3.47,686.54,0.0,1.44
256295231549922,532.17,28,8.16,472.75,51.25,471.81,182.78,478.34,0.0,0.0,0.0,0.0,0.0,0.0,1.07,0.0,2.09,0.0,14.38,3.54,660.35,0.0,2.58
256295236951234,764.32,28,8.49,699.8,56.03,635.76,175.43,706.58,0.0,0.0,0.0,0.0,0.0,0.0,1.74,0.0,4.56,0.0,8.22,3.5,686.07,0.0,1.71
256295243007549,302.67,28,5.54,290.75,6.38,289.36,171.36,295.09,0.0,0.0,0.0,0.0,0.0,0.0,1.12,0.0,2.21,0.0,8.39,3.53,664.46,0.0,1.21
256295247712011,268.27,28,7.12,253.68,7.48,254.59,175.54,259.79,0.0,0.0,0.0,0.0,0.0,0.0,1.94,0.0,4.96,0.0,10.36,3.62,684.7,0.0,1.01
256295252782978,430.8,28,7.2,360.13,63.47,358.45,179.09,364.76,0.0,0.0,0.0,0.0,0.0,0.0,1.15,0.0,2.13,0.0,8.09,3.45,689.25,0.0,2.57
256295258024556,315.39,28,12.43,296.24,6.72,296.79,172.03,302.66,0.0,0.0,0.0,0.0,0.0,0.0,1.68,0.0,3.97,0.0,11.27,3.46,654.93,0.0,5.6
256295263027779,313.91,28,6.03,299.92,7.96,298.86,175.71,304.22,0.0,0.0,0.0,0.0,0.0,0.0,1.26,0.0,2.39,0.0,8.5,3.46,674.28,0.0,1.73
256295268033831,257.42,28,8.62,239.97,8.82,241.65,170.18,246.91,0.0,0.0,0.0,0.0,0.0,0.0,1.89,0.0,4.84,0.0,13.99,3.62,657.42,0.0,1.69
256295273005203,303.05,28,6.66,288.79,7.6,288.43,173.73,293.85,0.0,0.0,0.0,0.0,0.0,0.0,1.26,0.0,2.32,0.0,8.6,3.55,664.63,0.0,1.6
256295278023224,734.58,28,9.38,716.24,8.97,654.19,180.95,724.0,0.0,0.0,0.0,0.0,0.0,0.0,1.76,0.0,4.97,0.0,14.23,3.57,676.08,0.0,1.62
256295283633825,308.49,28,9.32,290.77,8.39,292.75,163.47,298.15,0.0,0.0,0.0,0.0,0.0,0.0,1.23,0.0,7.28,0.0,8.71,3.52,654.05,0.0,1.94
256295288396061,638.54,28,31.94,597.66,8.95,621.51,201.06,628.02,0.0,0.0,0.0,0.0,0.0,0.0,25.97,0.0,28.2,0.0,11.22,3.72,687.3,0.0,1.58
256295293845334,314.53,28,7.7,255.6,51.22,255.35,179.55,260.96,0.0,0.0,0.0,0.0,0.0,0.0,1.39,0.0,2.83,0.0,12.16,3.57,651.53,0.0,2.35
256295298927454,286.56,28,9.55,231.83,45.18,233.34,184.87,239.01,0.0,0.0,0.0,0.0,0.0,0.0,1.94,0.0,4.88,0.0,19.65,3.59,656.14,0.0,2.38
256295303666035,725.42,28,6.26,710.54,8.62,648.64,167.56,714.74,0.0,0.0,0.0,0.0,0.0,0.0,1.11,0.0,2.19,0.0,8.66,3.58,652.98,0.0,2.06
256295309720884,413.7,28,12.77,343.52,57.41,344.44,181.81,353.87,0.0,0.0,0.0,0.0,0.0,0.0,2.11,0.0,4.82,0.0,26.18,6.56,652.81,0.0,2.39
256295314958447,813.57,28,8.52,749.11,55.95,656.82,179.1,755.2,0.0,0.0,0.0,0.0,0.0,0.0,1.24,0.0,2.61,0.0,19.52,3.48,679.92,0.0,2.43
256295320975939,779.21,28,8.44,734.64,36.12,668.53,172.95,741.18,0.0,0.0,0.0,0.0,0.0,0.0,2.01,0.0,5.04,0.0,14.26,3.54,667.18,0.0,1.9
256295326755114,423.24,28,6.87,364.78,51.59,362.96,174.24,369.38,0.0,0.0,0.0,0.0,0.0,0.0,1.35,0.0,2.43,0.0,7.82,3.49,654.73,0.0,2.27
256295331999629,752.28,28,23.84,697.86,30.58,633.7,184.25,703.21,0.0,0.0,0.0,0.0,0.0,0.0,1.26,0.0,2.39,0.0,15.76,3.93,656.92,0.0,18.13
256295338004881,744.15,28,6.77,728.54,8.84,628.81,178.05,733.1,0.0,0.0,0.0,0.0,0.0,0.0,1.14,0.0,2.36,0.0,8.51,3.54,685.3,0.0,2.21
256295343989438,771.65,28,8.77,737.86,25.03,672.09,198.01,744.86,0.0,0.0,0.0,0.0,0.0,0.0,1.82,0.0,4.33,0.0,26.01,3.5,651.06,0.0,1.77
256295349512853,338.36,28,6.41,325.73,6.21,325.77,181.54,330.89,0.0,0.0,0.0,0.0,0.0,0.0,1.3,0.0,2.32,0.0,16.59,3.5,686.46,0.0,1.25
256295354737051,391.25,28,63.59,267.15,60.5,322.88,228.64,328.53,0.0,0.0,0.0,0.0,0.0,0.0,1.76,0.0,4.74,0.0,63.81,59.23,665.4,0.0,2.22
256295359550555,235.29,28,5.71,220.61,8.97,219.21,170.62,224.8,0.0,0.0,0.0,0.0,0.0,0.0,1.3,0.0,2.4,0.0,8.37,3.49,660.96,0.0,1.52
256295364534558,543.67,28,18.22,476.17,49.28,473.55,181.06,481.77,0.0,0.0,0.0,0.0,0.0,0.0,1.34,0.0,2.42,0.0,10.29,3.43,682.58,0.0,12.38
256295369918945,316.71,28,6.82,251.97,57.93,251.93,169.75,256.87,0.0,0.0,0.0,0.0,0.0,0.0,1.16,0.0,2.52,0.0,7.83,3.43,653.36,0.0,1.92
256295375033523,688.22,28,9.14,670.37,8.71,635.12,175.44,677.99,0.0,0.0,0.0,0.0,0.0,0.0,2.34,0.0,5.39,0.0,9.54,3.5,647.45,0.0,1.52
256295380959421,774.97,28,7.08,719.46,48.42,654.13,173.36,724.48,0.0,0.0,0.0,0.0,0.0,0.0,1.32,0.0,2.56,0.0,8.83,3.48,660.27,0.0,2.07
256295386972635,906.95,28,8.5,857.9,40.56,756.36,169.56,864.72,0.0,0.0,0.0,0.0,0.0,0.0,1.9,0.0,5.13,0.0,11.49,3.56,645.0,0.0,1.68
256295393027407,336.88,28,5.62,323.53,7.74,321.96,170.86,327.69,0.0,0.0,0.0,0.0,0.0,0.0,1.04,0.0,2.31,0.0,8.1,3.51,657.25,0.0,1.45
256295398029930,313.36,28,8.99,297.05,7.32,299.07,179.41,304.49,0.0,0.0,0.0,0.0,0.0,0.0,1.57,0.0,4.69,0.0,18.24,3.53,685.04,0.0,1.54
256295403202889,806.66,28,7.38,732.88,66.39,686.75,182.55,738.23,0.0,0.0,0.0,0.0,0.0,0.0,1.05,0.0,2.05,0.0,14.37,3.59,670.03,0.0,2.04
256295408803158,427.38,28,8.47,362.78,56.12,351.45,180.09,369.1,0.0,0.0,0.0,0.0,0.0,0.0,1.82,0.0,4.55,0.0,13.27,3.52,671.03,0.0,2.16
256295413678760,228.95,28,5.28,215.6,8.07,213.47,170.88,219.8,0.0,0.0,0.0,0.0,0.0,0.0,1.22,0.0,2.18,0.0,10.2,3.6,648.79,0.0,1.07
256295418750387,382.75,28,9.29,316.65,56.8,317.67,180.4,323.54,0.0,0.0,0.0,0.0,0.0,0.0,1.52,0.0,4.32,0.0,10.98,3.47,677.73,0.0,2.41
256295424037847,737.59,28,5.89,723.3,8.39,648.2,173.09,727.58,0.0,0.0,0.0,0.0,0.0,0.0,1.01,0.0,2.02,0.0,8.33,3.51,660.75,0.0,1.61
256295429990940,741.22,28,8.28,710.98,21.96,647.77,181.26,717.71,0.0,0.0,0.0,0.0,0.0,0.0,1.7,0.0,4.3,0.0,11.7,3.62,663.92,0.0,1.55
256295435949633,854.57,28,6.65,789.45,58.47,713.83,175.59,794.08,0.0,0.0,0.0,0.0,0.0,0.0,1.1,0.0,2.23,0.0,8.15,3.51,681.74,0.0,2.02
256295441796253,390.56,28,8.91,330.37,51.28,332.2,178.56,337.43,0.0,0.0,0.0,0.0,0.0,0.0,1.8,0.0,4.77,0.0,15.98,3.73,664.06,0.0,1.85
256295447004159,760.02,28,75.85,674.42,9.75,675.02,241.61,748.73,0.0,0.0,0.0,0.0,0.0,0.0,1.32,0.0,2.59,0.0,79.64,74.5,685.9,0.0,1.5
256295452595184,738.9,28,7.05,720.83,11.02,637.28,172.48,725.98,0.0,0.0,0.0,0.0,0.0,0.0,1.73,0.0,4.42,0.0,8.21,3.52,673.49,0.0,1.77
256295458644783,1365.12,28,5.45,549.59,810.08,484.75,169.52,553.83,0.0,0.0,0.0,0.0,0.0,0.0,1.05,0.0,2.06,0.0,8.68,3.56,650.13,0.0,1.21
256295464896984,285.82,28,9.15,221.69,54.99,223.4,171.56,229.09,0.0,0.0,0.0,0.0,0.0,0.0,1.49,0.0,4.57,0.0,10.28,3.51,661.24,0.0,1.74
256295469991498,806.52,28,15.74,769.5,21.28,673.92,196.88,774.46,0.0,0.0,0.0,0.0,0.0,0.0,1.44,0.0,2.52,0.0,9.01,3.48,689.69,0.0,10.12
256295475677451,257.11,28,7.28,240.96,8.86,241.44,173.05,247.1,0.0,0.0,0.0,0.0,0.0,0.0,1.56,0.0,4.37,0.0,9.06,3.46,665.15,0.0,1.15
256295480834378,373.57,28,7.1,310.12,56.35,309.69,180.05,315.37,0.0,0.0,0.0,0.0,0.0,0.0,1.08,0.0,2.44,0.0,10.53,3.49,665.42,0.0,1.85
256295486144303,830.72,28,21.95,745.94,62.82,667.53,179.23,750.16,0.0,0.0,0.0,0.0,0.0,0.0,1.79,0.0,2.87,0.0,13.27,3.5,644.33,0.0,17.14
256295491822084,857.15,28,6.73,786.45,63.96,714.2,183.88,790.98,0.0,0.0,0.0,0.0,0.0,0.0,1.11,0.0,2.03,0.0,9.35,3.42,668.01,0.0,2.21
256295497868225,320.58,28,8.91,254.47,57.2,255.54,178.65,261.67,0.0,0.0,0.0,0.0,0.0,0.0,1.71,0.0,4.8,0.0,8.63,3.42,665.01,0.0,1.72
256295503004792,246.39,28,7.27,230.79,8.32,230.36,173.52,235.84,0.0,0.0,0.0,0.0,0.0,0.0,1.34,0.0,2.38,0.0,9.66,3.37,661.41,0.0,2.22
256295508022851,259.55,28,8.65,242.14,8.76,243.61,176.43,249.11,0.0,0.0,0.0,0.0,0.0,0.0,1.81,0.0,4.71,0.0,13.64,3.47,672.96,0.0,1.69
256295513028372,746.82,28,5.97,731.14,9.71,663.08,176.17,735.52,0.0,0.0,0.0,0.0,0.0,0.0,1.52,0.0,2.73,0.0,8.93,3.48,667.98,0.0,1.59
256295518802164,393.15,28,9.65,326.73,56.76,327.35,177.5,333.84,0.0,0.0,0.0,0.0,0.0,0.0,1.56,0.0,4.86,0.0,18.58,3.54,648.2,0.0,2.54
256295523957058,738.1,28,7.05,679.42,51.63,637.92,176.36,683.69,0.0,0.0,0.0,0.0,0.0,0.0,1.21,0.0,2.42,0.0,7.94,3.49,645.6,0.0,2.74
256295529821702,382.18,28,8.68,310.49,63.01,311.57,173.71,317.04,0.0,0.0,0.0,0.0,0.0,0.0,1.67,0.0,4.33,0.0,8.21,3.43,671.01,0.0,2.13
256295535006423,307.94,28,6.14,294.47,7.34,293.37,183.87,299.03,0.0,0.0,0.0,0.0,0.0,0.0,1.14,0.0,2.2,0.0,10.51,3.52,689.81,0.0,1.58
256295540030852,311.86,28,6.57,296.99,8.31,294.05,169.49,301.76,0.0,0.0,0.0,0.0,0.0,0.0,1.11,0.0,2.18,0.0,9.41,3.45,655.32,0.0,1.71
256295545033985,297.56,28,6.77,282.84,7.96,281.77,176.82,287.58,0.0,0.0,0.0,0.0,0.0,0.0,1.06,0.0,2.13,0.0,9.99,3.56,665.24,0.0,2.03
256295550032838,727.85,28,9.57,708.99,9.28,628.16,175.35,716.59,0.0,0.0,0.0,0.0,0.0,0.0,1.89,0.0,5.25,0.0,8.25,3.42,651.72,0.0,1.97
256295555812609,345.77,28,22.48,264.17,59.12,261.69,187.36,269.16,0.0,0.0,0.0,0.0,0.0,0.0,1.09,0.0,2.11,0.0,18.95,3.6,663.59,0.0,17.15
256295560975445,755.61,28,8.51,710.62,36.47,643.57,180.13,716.84,0.0,0.0,0.0,0.0,0.0,0.0,1.47,0.0,4.27,0.0,8.31,3.49,664.26,0.0,2.29
256295566899993,293.45,28,8.14,233.43,51.88,233.45,175.97,238.95,0.0,0.0,0.0,0.0,0.0,0.0,1.17,0.0,2.14,0.0,16.81,3.56,651.54,0.0,2.63
256295571633476,310.58,28,8.2,294.69,7.69,295.4,176.71,301.19,0.0,0.0,0.0,0.0,0.0,0.0,1.74,0.0,4.64,0.0,7.79,3.42,671.85,0.0,1.7
256295576739452,480.53,28,81.11,340.75,58.67,339.1,183.49,346.35,0.0,0.0,0.0,0.0,0.0,0.0,1.2,0.0,2.44,0.0,14.65,3.5,670.7,0.0,75.3
256295581651252,309.59,28,7.42,295.69,6.48,295.07,172.53,301.19,0.0,0.0,0.0,0.0,0.0,0.0,1.84,0.0,4.12,0.0,8.45,3.39,680.05,0.0,1.81
256295586791315,354.51,28,6.35,286.92,61.24,284.91,177.74,290.84,0.0,0.0,0.0,0.0,0.0,0.0,1.02,0.0,2.06,0.0,8.54,3.48,683.29,0.0,2.3
256295591940185,817.99,28,12.02,739.12,66.85,665.6,172.05,747.76,0.0,0.0,0.0,0.0,0.0,0.0,2.69,0.0,6.74,0.0,16.52,3.6,650.15,0.0,3.11
256295597753969,378.83,28,7.08,315.25,56.5,313.95,194.16,319.74,0.0,0.0,0.0,0.0,0.0,0.0,1.25,0.0,2.28,0.0,9.7,3.66,725.29,0.0,2.46
256295603018353,793.77,28,9.29,725.07,59.41,660.87,172.32,732.06,0.0,0.0,0.0,0.0,0.0,0.0,1.69,0.0,4.37,0.0,11.38,4.0,650.15,0.0,2.14
256295608434184,606.75,28,5.91,591.96,8.88,589.53,177.95,595.62,0.0,0.0,0.0,0.0,0.0,0.0,1.08,0.0,2.15,0.0,8.16,3.41,661.07,0.0,2.12
256295613844136,318.18,28,9.93,246.82,61.43,249.41,166.47,254.75,0.0,0.0,0.0,0.0,0.0,0.0,3.82,0.0,7.03,0.0,9.85,3.46,654.86,0.0,1.86
256295619014259,307.1,28,6.74,292.62,7.73,291.57,180.76,297.21,0.0,0.0,0.0,0.0,0.0,0.0,1.0,0.0,2.1,0.0,8.58,3.51,674.61,0.0,2.15
256295624022614,250.88,28,8.09,233.89,8.9,234.77,170.69,239.93,0.0,0.0,0.0,0.0,0.0,0.0,1.56,0.0,4.43,0.0,8.12,3.43,665.89,0.0,2.06
256295629034525,751.42,28,6.78,734.85,9.8,665.76,186.2,740.05,0.0,0.0,0.0,0.0,0.0,0.0,1.28,0.0,2.34,0.0,12.98,3.55,664.53,0.0,1.58
256295635004344,253.18,28,7.12,237.73,8.33,231.75,169.75,243.58,0.0,0.0,0.0,0.0,0.0,0.0,1.73,0.0,4.53,0.0,9.61,3.49,666.41,0.0,1.27
256295640021608,250.98,28,6.31,237.03,7.65,235.83,176.1,241.73,0.0,0.0,0.0,0.0,0.0,0.0,1.09,0.0,2.38,0.0,9.23,3.44,673.86,0.0,1.61
256295645024268,231.99,28,8.57,214.97,8.45,213.89,174.9,221.47,0.0,0.0,0.0,0.0,0.0,0.0,1.49,0.0,4.24,0.0,10.67,3.5,665.97,0.0,2.08
256295650023214,322.62,28,5.5,308.85,8.27,306.78,175.66,312.44,0.0,0.0,0.0,0.0,0.0,0.0,1.03,0.0,2.05,0.0,8.1,3.44,680.03,0.0,1.92
256295654752468,241.75,28,13.12,222.31,6.32,228.35,177.48,234.15,0.0,0.0,0.0,0.0,0.0,0.0,7.61,0.0,10.77,0.0,14.59,3.57,669.78,0.0,1.27
256295659411043,635.9,28,34.52,594.11,7.27,621.28,165.77,626.96,0.0,0.0,0.0,0.0,0.0,0.0,1.44,0.0,31.06,0.0,8.44,3.42,650.5,0.0,1.68
256295664878249,301.21,28,10.1,211.4,79.72,213.77,173.22,219.21,0.0,0.0,0.0,0.0,0.0,0.0,1.9,0.0,5.65,0.0,9.47,3.46,663.34,0.0,2.29
256295670006409,770.02,28,16.78,743.48,9.76,665.06,183.07,750.23,0.0,0.0,0.0,0.0,0.0,0.0,2.11,0.0,3.6,0.0,11.43,3.59,651.39,0.0,10.04
256295675858376,363.06,28,8.32,299.22,55.52,300.21,174.24,305.82,0.0,0.0,0.0,0.0,0.0,0.0,1.99,0.0,5.12,0.0,9.28,3.57,661.24,0.0,1.72
256295681070402,789.22,28,7.37,727.17,54.67,649.46,185.47,732.05,0.0,0.0,0.0,0.0,0.0,0.0,1.39,0.0,2.61,0.0,8.18,3.51,678.58,0.0,2.5
256295687082356,293.72,28,9.63,225.95,58.15,226.49,176.58,232.78,0.0,0.0,0.0,0.0,0.0,0.0,1.89,0.0,4.59,0.0,9.78,3.43,678.75,0.0,2.8
256295692026184,308.32,28,5.94,295.51,6.86,294.35,175.25,300.0,0.0,0.0,0.0,0.0,0.0,0.0,1.18,0.0,2.25,0.0,8.97,3.54,674.46,0.0,1.45
256295696720256,432.62,28,8.52,416.71,7.39,418.36,193.07,423.93,0.0,0.0,0.0,0.0,0.0,0.0,2.12,0.0,4.92,0.0,19.29,3.49,687.57,0.0,1.3
256295701990655,872.12,28,8.5,822.25,41.38,744.34,175.34,828.8,0.0,0.0,0.0,0.0,0.0,0.0,1.08,0.0,2.34,0.0,19.52,4.7,658.18,0.0,1.95
256295707411690,234.83,28,8.04,220.01,6.77,219.83,170.78,226.27,0.0,0.0,0.0,0.0,0.0,0.0,1.66,0.0,4.73,0.0,8.47,3.49,661.12,0.0,1.79
256295712084720,231.17,28,6.29,218.42,6.47,218.16,174.48,223.43,0.0,0.0,0.0,0.0,0.0,0.0,1.42,0.0,2.38,0.0,9.13,3.51,670.03,0.0,1.27
256295717025791,311.42,28,8.61,294.4,8.4,295.6,175.11,301.37,0.0,0.0,0.0,0.0,0.0,0.0,1.7,0.0,4.71,0.0,9.69,3.43,676.1,0.0,1.65
256295722025315,232.53,28,6.41,217.25,8.87,215.54,172.98,221.56,0.0,0.0,0.0,0.0,0.0,0.0,1.06,0.0,2.18,0.0,8.19,3.4,667.51,0.0,2.1
256295727021583,711.2,28,9.3,693.06,8.83,628.09,175.84,700.56,0.0,0.0,0.0,0.0,0.0,0.0,1.63,0.0,4.5,0.0,9.55,3.47,663.12,0.0,1.8
256295732815658,379.19,28,6.9,319.86,52.43,319.53,173.79,324.73,0.0,0.0,0.0,0.0,0.0,0.0,1.05,0.0,2.35,0.0,9.82,3.44,662.67,0.0,2.03
256295737988643,742.92,28,10.75,710.23,21.95,642.76,170.82,718.56,0.0,0.0,0.0,0.0,0.0,0.0,2.06,0.0,5.12,0.0,12.21,4.72,651.14,0.0,2.41
256295744006463,725.16,28,6.68,709.6,8.88,640.41,189.45,714.28,0.0,0.0,0.0,0.0,0.0,0.0,1.2,0.0,2.17,0.0,8.65,3.49,686.55,0.0,2.0
256295749398403,332.16,28,5.56,318.49,8.11,317.03,172.49,322.47,0.0,0.0,0.0,0.0,0.0,0.0,1.15,0.0,2.27,0.0,8.38,3.44,673.63,0.0,1.58
256295754572856,554.55,28,7.23,487.74,59.58,486.3,183.09,492.54,0.0,0.0,0.0,0.0,0.0,0.0,1.38,0.0,2.42,0.0,12.1,3.59,648.37,0.0,2.44
256295760003894,723.39,28,7.1,705.5,10.78,636.86,183.66,711.05,0.0,0.0,0.0,0.0,0.0,0.0,1.55,0.0,4.64,0.0,8.49,3.53,648.99,0.0,1.55
256295765975443,761.55,28,7.2,718.49,35.87,654.53,183.12,723.56,0.0,0.0,0.0,0.0,0.0,0.0,1.13,0.0,2.34,0.0,19.57,3.53,674.94,0.0,2.12
256295772006354,760.15,28,9.54,739.68,10.94,633.57,183.51,747.46,0.0,0.0,0.0,0.0,0.0,0.0,2.18,0.0,5.5,0.0,16.24,3.58,680.19,0.0,1.75
256295777961451,352.26,28,6.51,297.53,48.21,295.79,175.38,302.12,0.0,0.0,0.0,0.0,0.0,0.0,1.16,0.0,2.31,0.0,10.52,3.52,677.18,0.0,1.92
256295782713505,257.27,28,6.96,242.58,7.73,242.61,168.42,248.41,0.0,0.0,0.0,0.0,0.0,0.0,1.67,0.0,4.36,0.0,10.12,3.53,655.36,0.0,1.13
256295788025417,306.94,28,6.97,292.3,7.67,292.29,171.98,297.53,0.0,0.0,0.0,0.0,0.0,0.0,1.33,0.0,2.54,0.0,8.99,3.65,664.74,0.0,1.74
256295793171386,836.03,28,9.31,777.79,48.92,709.29,174.43,785.42,0.0,0.0,0.0,0.0,0.0,0.0,2.17,0.0,5.59,0.0,9.31,3.58,646.79,0.0,1.69
256295799053784,821.37,28,7.03,754.65,59.69,672.51,173.65,759.3,0.0,0.0,0.0,0.0,0.0,0.0,1.13,0.0,2.18,0.0,10.13,3.51,653.15,0.0,2.38
256295805088446,765.75,28,6.79,706.11,52.86,634.6,172.31,711.12,0.0,0.0,0.0,0.0,0.0,0.0,1.47,0.0,3.72,0.0,8.59,3.41,659.74,0.0,1.63
256295810856022,313.17,28,7.4,256.85,48.92,256.62,194.15,262.15,0.0,0.0,0.0,0.0,0.0,0.0,1.56,0.0,2.71,0.0,9.79,3.54,649.78,0.0,2.1
256295815575811,312.17,28,7.9,296.63,7.64,296.59,171.89,302.72,0.0,0.0,0.0,0.0,0.0,0.0,2.09,0.0,4.84,0.0,11.11,3.54,662.56,0.0,1.81
256295820756722,438.46,28,6.96,380.58,50.92,379.23,185.74,384.87,0.0,0.0,0.0,0.0,0.0,0.0,1.33,0.0,2.33,0.0,14.18,3.52,650.9,0.0,2.68
256295826032150,254.38,28,7.74,238.42,8.21,239.05,174.61,244.45,0.0,0.0,0.0,0.0,0.0,0.0,1.65,0.0,4.68,0.0,11.72,3.55,663.9,0.0,1.71
256295831030430,235.73,28,6.35,221.82,7.56,220.73,174.79,226.39,0.0,0.0,0.0,0.0,0.0,0.0,1.48,0.0,2.53,0.0,10.23,3.49,660.25,0.0,1.78
256295836021209,822.52,28,8.76,804.41,9.35,733.18,192.09,811.78,0.0,0.0,0.0,0.0,0.0,0.0,1.69,0.0,4.69,0.0,39.02,3.61,661.25,0.0,1.39
256295842036318,346.43,28,7.37,330.85,8.21,330.82,178.72,336.5,0.0,0.0,0.0,0.0,0.0,0.0,1.15,0.0,2.38,0.0,20.26,3.43,656.23,0.0,1.72
256295847030814,307.85,28,6.44,292.18,9.23,291.61,173.39,297.1,0.0,0.0,0.0,0.0,0.0,0.0,1.53,0.0,4.15,0.0,8.03,3.52,667.68,0.0,1.44
256295852235843,769.56,28,6.49,714.14,48.94,634.75,169.47,718.89,0.0,0.0,0.0,0.0,0.0,0.0,1.66,0.0,2.73,0.0,8.48,3.53,657.76,0.0,1.73
256295857815016,772.03,28,13.02,701.98,57.03,638.98,177.23,712.71,0.0,0.0,0.0,0.0,0.0,0.0,2.96,0.0,6.56,0.0,10.71,6.27,660.5,0.0,2.29
256295863384472,250.62,28,11.73,231.74,7.15,229.99,177.25,236.24,0.0,0.0,0.0,0.0,0.0,0.0,1.22,0.0,2.16,0.0,7.49,3.41,680.24,0.0,7.22
256295868524433,759.09,28,10.94,689.86,58.29,644.43,171.73,698.81,0.0,0.0,0.0,0.0,0.0,0.0,2.35,0.0,5.84,0.0,8.16,3.42,661.58,0.0,1.99
256295874601389,495.93,28,6.71,428.04,61.18,426.62,179.14,432.66,0.0,0.0,0.0,0.0,0.0,0.0,1.18,0.0,2.32,0.0,10.15,3.55,668.88,0.0,2.09
256295879897378,313.74,28,7.91,254.04,51.8,253.75,173.4,259.64,0.0,0.0,0.0,0.0,0.0,0.0,1.47,0.0,4.26,0.0,8.31,3.52,677.17,0.0,2.17
256295885005116,732.45,28,6.32,716.87,9.27,676.83,184.77,721.65,0.0,0.0,0.0,0.0,0.0,0.0,1.01,0.0,2.16,0.0,21.47,3.51,667.61,0.0,1.53
256295890826020,327.2,28,8.52,266.76,51.93,266.79,167.81,273.3,0.0,0.0,0.0,0.0,0.0,0.0,1.87,0.0,4.71,0.0,8.39,3.49,650.25,0.0,1.98
256295896010322,763.64,28,8.49,746.05,9.1,635.46,199.0,752.55,0.0,0.0,0.0,0.0,0.0,0.0,1.2,0.0,2.48,0.0,41.46,5.2,679.18,0.0,1.99
256295901624177,305.81,28,7.17,291.06,7.58,290.7,174.68,296.9,0.0,0.0,0.0,0.0,0.0,0.0,1.97,0.0,5.01,0.0,8.8,3.42,681.88,0.0,1.33
256295906851135,920.38,28,118.32,742.55,59.51,663.14,193.6,747.9,0.0,0.0,0.0,0.0,0.0,0.0,1.17,0.0,2.36,0.0,29.45,3.63,642.22,0.0,112.33
256295912900219,292.28,28,7.97,220.5,63.81,220.53,165.52,226.48,0.0,0.0,0.0,0.0,0.0,0.0,1.61,0.0,4.4,0.0,8.52,3.5,648.82,0.0,1.99
256295918006527,704.59,28,6.07,689.57,8.95,626.8,169.3,694.23,0.0,0.0,0.0,0.0,0.0,0.0,1.66,0.0,2.8,0.0,8.97,3.46,656.02,0.0,1.41
256295923824727,382.58,28,60.23,262.53,59.82,297.6,168.44,306.22,0.0,0.0,0.0,0.0,0.0,0.0,41.99,0.0,43.17,0.0,16.53,3.53,654.92,0.0,16.18
256295929025438,763.46,28,6.55,745.83,11.08,673.74,191.23,750.57,0.0,0.0,0.0,0.0,0.0,0.0,1.17,0.0,2.21,0.0,9.09,3.58,679.94,0.0,1.81
256295935158539,796.43,28,44.55,692.63,59.25,654.8,136.07,735.22,0.0,0.0,0.0,0.0,0.0,0.0,1.96,0.0,42.59,0.0,8.95,3.79,654.34,0.0,1.96
256295940834767,368.87,28,10.26,301.51,57.1,302.71,174.93,308.98,0.0,0.0,0.0,0.0,0.0,0.0,3.38,0.0,4.43,0.0,9.85,3.5,643.75,0.0,2.79
256295946007353,735.07,28,9.16,716.51,9.4,647.51,179.79,724.11,0.0,0.0,0.0,0.0,0.0,0.0,2.01,0.0,4.83,0.0,15.89,3.58,662.51,0.0,1.56
256295952026899,753.75,28,18.76,724.46,10.53,669.36,175.43,741.72,0.0,0.0,0.0,0.0,0.0,0.0,1.27,0.0,17.14,0.0,8.26,3.47,694.58,0.0,1.5
256295957808280,380.72,28,34.44,298.66,47.63,325.49,151.22,330.9,0.0,0.0,0.0,0.0,0.0,0.0,2.06,0.0,31.52,0.0,14.07,3.54,671.61,0.0,2.2
256295963024657,231.96,28,10.34,213.92,7.71,216.94,175.34,222.59,0.0,0.0,0.0,0.0,0.0,0.0,5.97,0.0,7.24,0.0,9.54,3.79,665.18,0.0,1.67
256295967681721,433.87,28,35.12,390.67,8.08,417.35,166.5,423.72,0.0,0.0,0.0,0.0,0.0,0.0,28.36,0.0,30.82,0.0,8.8,3.52,644.98,0.0,2.07
256295972936971,310.26,28,22.13,233.55,54.58,246.6,176.88,252.89,0.0,0.0,0.0,0.0,0.0,0.0,1.14,0.0,16.86,0.0,24.34,3.48,656.71,0.0,2.66
256295978032059,239.18,28,14.88,216.0,8.31,223.11,173.99,229.4,0.0,0.0,0.0,0.0,0.0,0.0,1.93,0.0,10.88,0.0,13.33,3.53,651.75,0.0,1.42
256295982856834,312.44,28,6.15,297.6,8.69,294.52,174.38,301.88,0.0,0.0,0.0,0.0,0.0,0.0,1.03,0.0,2.23,0.0,8.63,3.49,673.33,0.0,1.88
256295987985607,731.71,28,8.99,694.93,27.8,655.96,172.83,702.51,0.0,0.0,0.0,0.0,0.0,0.0,1.98,0.0,4.86,0.0,9.46,3.46,645.31,0.0,1.4
256295993842661,361.12,28,6.07,293.26,61.79,292.73,163.2,297.99,0.0,0.0,0.0,0.0,0.0,0.0,1.31,0.0,2.35,0.0,8.99,3.55,645.58,0.0,1.34
256295999006088,248.94,28,8.23,232.81,7.91,232.2,176.1,239.67,0.0,0.0,0.0,0.0,0.0,0.0,1.68,0.0,4.56,0.0,8.73,3.56,677.98,0.0,1.36
256296004025093,311.7,28,6.65,297.44,7.61,296.08,171.42,301.71,0.0,0.0,0.0,0.0,0.0,0.0,1.13,0.0,2.12,0.0,8.28,3.52,663.24,0.0,2.38
256296009024690,751.97,28,8.16,733.65,10.16,660.05,172.54,740.54,0.0,0.0,0.0,0.0,0.0,0.0,1.67,0.0,4.6,0.0,10.04,3.51,654.83,0.0,1.27
256296015027248,314.57,28,6.26,300.96,7.35,299.17,181.03,305.63,0.0,0.0,0.0,0.0,0.0,0.0,1.14,0.0,2.21,0.0,8.84,3.48,669.36,0.0,1.59
256296020025601,753.07,28,6.76,732.84,13.47,650.64,178.29,738.16,0.0,0.0,0.0,0.0,0.0,0.0,1.59,0.0,3.91,0.0,9.03,3.54,675.85,0.0,1.42
256296025719566,399.88,28,5.84,385.86,8.18,383.38,176.7,390.14,0.0,0.0,0.0,0.0,0.0,0.0,1.33,0.0,2.28,0.0,7.93,3.47,664.48,0.0,1.56
256296031007161,768.33,28,9.89,749.1,9.33,663.89,341.07,756.99,0.0,0.0,0.0,0.0,0.0,0.0,1.66,0.0,4.47,0.0,18.54,3.72,666.04,0.0,2.0
256296036878188,356.73,28,6.6,296.95,53.18,293.88,171.82,301.06,0.0,0.0,0.0,0.0,0.0,0.0,1.32,0.0,2.33,0.0,8.05,3.42,663.36,0.0,2.35
256296042005805,731.31,28,8.31,713.04,9.96,633.76,177.26,719.55,0.0,0.0,0.0,0.0,0.0,0.0,1.76,0.0,4.24,0.0,8.19,3.56,684.93,0.0,1.8
256296047875641,814.82,28,6.28,751.38,57.16,662.82,184.96,755.43,0.0,0.0,0.0,0.0,0.0,0.0,1.14,0.0,2.21,0.0,8.0,3.5,674.98,0.0,2.23
256296053372094,261.04,28,8.17,246.07,6.8,246.65,185.93,252.69,0.0,0.0,0.0,0.0,0.0,0.0,1.83,0.0,4.32,0.0,8.72,3.53,697.83,0.0,1.56
256296058081157,253.0,28,6.23,238.07,8.71,236.5,171.86,242.69,0.0,0.0,0.0,0.0,0.0,0.0,1.59,0.0,2.53,0.0,10.01,3.48,654.6,0.0,1.6
256296062741565,378.77,28,6.56,365.04,7.18,364.04,175.48,370.09,0.0,0.0,0.0,0.0,0.0,0.0,1.55,0.0,4.2,0.0,8.13,3.47,667.71,0.0,1.5
256296068027753,805.07,28,5.6,789.48,9.99,686.5,191.16,793.72,0.0,0.0,0.0,0.0,0.0,0.0,1.25,0.0,2.47,0.0,8.18,3.57,704.06,0.0,1.35
256296073719938,314.72,28,8.42,298.37,7.93,299.27,182.19,305.27,0.0,0.0,0.0,0.0,0.0,0.0,1.94,0.0,4.45,0.0,7.98,3.43,678.96,0.0,1.51
256296078932729,300.6,28,6.6,232.54,61.46,231.22,172.46,237.09,0.0,0.0,0.0,0.0,0.0,0.0,1.19,0.0,2.24,0.0,13.19,3.47,653.38,0.0,2.05
256296084032464,236.89,28,7.32,221.57,8.01,221.98,170.53,227.75,0.0,0.0,0.0,0.0,0.0,0.0,1.94,0.0,5.04,0.0,8.35,3.48,672.84,0.0,1.14
256296089033521,741.73,28,5.83,725.24,10.65,654.73,192.31,729.74,0.0,0.0,0.0,0.0,0.0,0.0,1.17,0.0,2.22,0.0,8.42,3.56,683.91,0.0,1.33
256296095028848,249.84,28,8.01,233.44,8.39,232.16,182.82,239.8,0.0,0.0,0.0,0.0,0.0,0.0,1.72,0.0,4.75,0.0,8.21,3.41,665.23,0.0,1.65
256296100026214,318.89,28,10.38,300.34,8.17,299.76,185.67,305.65,0.0,0.0,0.0,0.0,0.0,0.0,1.03,0.0,2.04,0.0,16.38,3.54,669.7,0.0,5.07
256296105047040,723.81,28,8.11,706.97,8.73,632.68,192.27,713.7,0.0,0.0,0.0,0.0,0.0,0.0,2.29,0.0,5.14,0.0,14.66,3.53,711.09,0.0,1.37
256296111017742,305.82,28,6.13,291.47,8.21,290.71,170.67,296.17,0.0,0.0,0.0,0.0,0.0,0.0,1.15,0.0,2.14,0.0,8.77,3.65,664.53,0.0,1.44
256296116225790,783.17,28,9.28,715.04,58.85,698.59,187.38,722.48,0.0,0.0,0.0,0.0,0.0,0.0,1.73,0.0,4.75,0.0,18.37,3.51,676.46,0.0,1.84
256296121935235,302.85,28,7.58,230.77,64.49,229.44,174.0,235.66,0.0,0.0,0.0,0.0,0.0,0.0,1.07,0.0,2.31,0.0,11.19,4.89,662.13,0.0,2.7
256296127032787,259.55,28,8.7,243.95,6.9,244.89,180.52,251.33,0.0,0.0,0.0,0.0,0.0,0.0,1.93,0.0,5.22,0.0,27.29,3.83,662.65,0.0,1.32
256296131749255,318.76,28,6.19,304.42,8.16,302.64,175.55,309.02,0.0,0.0,0.0,0.0,0.0,0.0,1.22,0.0,2.2,0.0,12.39,3.53,668.03,0.0,1.58
256296136923101,310.68,28,27.74,228.39,54.55,229.91,176.71,239.21,0.0,0.0,0.0,0.0,0.0,0.0,2.27,0.0,3.5,0.0,21.88,9.37,656.83,0.0,16.27
256296141702363,312.95,28,5.72,298.9,8.33,296.88,173.49,303.21,0.0,0.0,0.0,0.0,0.0,0.0,1.14,0.0,2.08,0.0,9.02,3.5,666.13,0.0,1.41
256296146874168,352.14,28,7.07,297.09,47.97,295.84,185.85,302.09,0.0,0.0,0.0,0.0,0.0,0.0,1.25,0.0,2.28,0.0,14.68,3.6,682.83,0.0,2.07
256296152021160,757.06,28,5.82,742.21,9.04,671.93,177.22,746.63,0.0,0.0,0.0,0.0,0.0,0.0,1.47,0.0,2.53,0.0,8.33,3.52,654.37,0.0,1.4
256296157995913,319.83,28,13.45,290.42,15.97,296.79,171.8,302.53,0.0,0.0,0.0,0.0,0.0,0.0,1.78,0.0,5.16,0.0,13.32,8.0,662.22,0.0,1.33
256296163028930,312.49,28,6.08,298.43,7.99,297.39,169.38,303.2,0.0,0.0,0.0,0.0,0.0,0.0,1.04,0.0,2.24,0.0,11.94,3.49,648.61,0.0,1.3
256296168034257,250.46,28,8.08,234.96,7.42,236.29,174.72,241.69,0.0,0.0,0.0,0.0,0.0,0.0,2.14,0.0,5.59,0.0,11.04,3.48,676.93,0.0,1.35
256296173040077,251.04,28,6.68,235.45,8.91,234.19,172.69,240.02,0.0,0.0,0.0,0.0,0.0,0.0,1.16,0.0,2.25,0.0,9.19,3.51,657.96,0.0,2.11
256296178025577,248.84,28,7.75,233.18,7.91,233.82,171.29,239.38,0.0,0.0,0.0,0.0,0.0,0.0,1.77,0.0,4.56,0.0,10.42,3.46,659.01,0.0,1.55
256296182733949,250.01,28,6.1,238.08,5.83,236.72,174.16,242.75,0.0,0.0,0.0,0.0,0.0,0.0,1.59,0.0,2.58,0.0,8.65,3.48,659.62,0.0,1.43
256296187795516,355.82,28,9.51,288.11,58.19,289.38,182.16,295.44,0.0,0.0,0.0,0.0,0.0,0.0,2.26,0.0,5.51,0.0,17.25,3.52,659.92,0.0,2.19
256296193006340,725.75,28,5.55,710.25,9.95,636.85,173.44,714.46,0.0,0.0,0.0,0.0,0.0,0.0,1.12,0.0,2.16,0.0,8.9,3.5,657.94,0.0,1.35
256296198416120,234.48,28,10.5,216.93,7.06,218.83,176.39,224.26,0.0,0.0,0.0,0.0,0.0,0.0,1.62,0.0,4.76,0.0,11.32,3.54,659.07,0.0,3.16
256296203804203,911.89,28,7.16,844.66,60.08,727.42,175.94,849.39,0.0,0.0,0.0,0.0,0.0,0.0,1.08,0.0,2.13,0.0,12.34,3.44,648.11,0.0,2.43
256296209789158,398.99,28,12.88,328.86,57.24,333.75,174.33,339.65,0.0,0.0,0.0,0.0,0.0,0.0,3.23,0.0,7.86,0.0,10.53,3.49,663.89,0.0,2.09
256296215005675,232.02,28,6.95,217.29,7.78,216.39,179.87,222.44,0.0,0.0,0.0,0.0,0.0,0.0,1.17,0.0,2.22,0.0,9.84,4.18,687.58,0.0,1.81
256296220162471,799.41,28,7.25,735.62,56.54,658.46,176.24,740.96,0.0,0.0,0.0,0.0,0.0,0.0,1.65,0.0,4.2,0.0,8.51,3.46,665.13,0.0,1.9
256296225861573,307.65,28,7.13,244.32,56.19,243.29,178.56,249.02,0.0,0.0,0.0,0.0,0.0,0.0,1.16,0.0,2.34,0.0,10.17,3.56,667.79,0.0,2.44
256296230966513,958.82,28,8.59,905.66,44.58,694.95,178.99,912.22,0.0,0.0,0.0,0.0,0.0,0.0,1.74,0.0,4.78,0.0,10.86,3.49,684.36,0.0,2.02
256296236874869,350.98,28,7.15,288.18,55.64,219.33,183.01,228.06,0.0,0.0,0.0,0.0,0.0,0.0,1.06,0.0,1.98,0.0,12.29,3.49,668.0,0.0,2.21
256296241693967,311.31,28,7.46,296.42,7.43,295.22,173.95,302.26,0.0,0.0,0.0,0.0,0.0,0.0,1.62,0.0,4.58,0.0,8.46,3.43,675.56,0.0,1.61
256296246858312,309.21,28,6.57,250.85,51.79,249.51,171.63,255.2,0.0,0.0,0.0,0.0,0.0,0.0,0.98,0.0,1.99,0.0,9.98,3.53,646.05,0.0,2.22
256296252066642,829.14,28,13.96,757.83,57.36,654.64,166.19,769.75,0.0,0.0,0.0,0.0,0.0,0.0,3.27,0.0,11.06,0.0,8.04,3.47,655.47,0.0,2.04
256296257903932,826.56,28,25.48,745.88,55.2,688.24,170.1,769.08,0.0,0.0,0.0,0.0,0.0,0.0,18.08,0.0,19.65,0.0,15.58,3.55,614.74,0.0,2.28
256296263803052,341.54,28,10.41,277.1,54.02,279.67,184.88,285.49,0.0,0.0,0.0,0.0,0.0,0.0,1.98,0.0,5.28,0.0,12.41,3.55,681.84,0.0,2.03
256296268595493,248.78,28,5.88,235.26,7.64,233.69,180.71,239.42,0.0,0.0,0.0,0.0,0.0,0.0,1.08,0.0,2.2,0.0,8.36,3.43,676.44,0.0,1.73
256296273312831,698.69,28,8.54,681.8,8.36,681.75,171.82,688.0,0.0,0.0,0.0,0.0,0.0,0.0,1.93,0.0,4.53,0.0,7.96,3.51,660.16,0.0,2.22
256296278829596,805.23,28,20.62,728.08,56.53,658.57,194.47,732.79,0.0,0.0,0.0,0.0,0.0,0.0,1.23,0.0,2.22,0.0,20.77,3.56,678.87,0.0,15.51
256296284966959,761.89,28,11.32,705.53,45.04,634.4,181.66,714.7,0.0,0.0,0.0,0.0,0.0,0.0,2.14,0.0,4.94,0.0,12.47,6.93,669.29,0.0,2.07
256296291004473,309.68,28,5.87,295.72,8.08,294.37,171.82,299.91,0.0,0.0,0.0,0.0,0.0,0.0,1.21,0.0,2.19,0.0,8.31,3.51,656.69,0.0,1.69
256296296040846,268.78,28,8.95,251.05,8.78,252.08,170.75,258.26,0.0,0.0,0.0,0.0,0.0,0.0,1.88,0.0,4.77,0.0,10.36,3.61,653.89,0.0,1.74
256296301033411,736.86,28,6.22,721.73,8.91,636.3,175.22,726.12,0.0,0.0,0.0,0.0,0.0,0.0,1.16,0.0,2.29,0.0,8.38,3.52,679.17,0.0,1.83
256296306976863,753.3,28,10.3,710.56,32.44,650.47,178.06,718.68,0.0,0.0,0.0,0.0,0.0,0.0,1.82,0.0,4.83,0.0,18.44,4.53,657.67,0.0,2.18
256296312882312,396.51,28,6.29,323.04,67.18,322.03,172.82,327.27,0.0,0.0,0.0,0.0,0.0,0.0,1.17,0.0,2.12,0.0,8.27,3.5,669.78,0.0,2.07
256296318026607,763.5,28,8.44,744.56,10.49,641.52,176.47,751.31,0.0,0.0,0.0,0.0,0.0,0.0,2.12,0.0,4.97,0.0,9.42,3.6,661.51,0.0,1.69
256296323890780,307.1,28,11.52,238.6,56.97,236.52,182.51,243.64,0.0,0.0,0.0,0.0,0.0,0.0,1.0,0.0,1.98,0.0,11.62,3.5,645.82,0.0,6.49
256296329006644,236.0,28,8.05,219.5,8.46,220.31,171.82,225.83,0.0,0.0,0.0,0.0,0.0,0.0,1.78,0.0,4.62,0.0,9.89,3.52,654.64,0.0,1.72
256296334010228,309.81,28,5.63,297.01,7.17,296.23,169.81,301.36,0.0,0.0,0.0,0.0,0.0,0.0,1.29,0.0,2.34,0.0,8.48,3.59,656.98,0.0,1.28
256296339043720,229.66,28,7.39,214.56,7.71,214.78,171.28,220.13,0.0,0.0,0.0,0.0,0.0,0.0,1.55,0.0,4.17,0.0,11.61,3.54,667.65,0.0,1.82
256296344028029,232.15,28,6.24,217.79,8.13,216.51,175.09,222.52,0.0,0.0,0.0,0.0,0.0,0.0,1.51,0.0,2.55,0.0,8.4,3.5,670.07,0.0,1.5
256296349022545,247.13,28,8.76,230.83,7.54,231.69,176.0,237.94,0.0,0.0,0.0,0.0,0.0,0.0,1.72,0.0,4.44,0.0,8.2,3.4,666.59,0.0,1.65
256296354027174,304.29,28,6.44,290.04,7.82,288.96,173.27,294.64,0.0,0.0,0.0,0.0,0.0,0.0,1.15,0.0,2.23,0.0,11.33,3.56,669.89,0.0,1.83
256296358771950,355.68,28,7.84,338.69,9.16,338.88,171.5,344.54,0.0,0.0,0.0,0.0,0.0,0.0,1.96,0.0,4.55,0.0,8.08,3.48,670.08,0.0,1.95
256296364006272,318.37,28,6.73,304.17,7.47,303.41,176.37,309.04,0.0,0.0,0.0,0.0,0.0,0.0,1.26,0.0,2.28,0.0,8.36,3.53,678.21,0.0,1.86
256296368727282,389.5,28,8.31,373.15,8.04,374.0,179.32,380.23,0.0,0.0,0.0,0.0,0.0,0.0,1.95,0.0,5.15,0.0,8.48,3.4,666.94,0.0,1.23
256296374003929,309.79,28,6.29,296.23,7.27,295.01,176.84,300.8,0.0,0.0,0.0,0.0,0.0,0.0,1.19,0.0,2.28,0.0,8.88,3.45,682.09,0.0,1.72
256296379102241,764.2,28,9.58,706.69,47.92,630.85,177.79,714.12,0.0,0.0,0.0,0.0,0.0,0.0,1.84,0.0,4.95,0.0,8.1,3.47,668.16,0.0,2.15
256296384830074,334.67,28,6.92,266.05,61.71,263.74,176.13,270.74,0.0,0.0,0.0,0.0,0.0,0.0,1.15,0.0,2.16,0.0,8.42,3.44,672.11,0.0,2.23
256296390031212,311.01,28,7.47,294.71,8.83,294.42,174.63,300.98,0.0,0.0,0.0,0.0,0.0,0.0,1.9,0.0,4.97,0.0,8.62,3.41,671.59,0.0,1.21
256296395198033,768.66,28,7.28,704.39,57.0,636.22,187.42,709.36,0.0,0.0,0.0,0.0,0.0,0.0,1.13,0.0,2.1,0.0,14.37,3.53,650.4,0.0,2.3
256296401029917,226.44,28,8.65,209.61,8.18,210.67,181.76,216.53,0.0,0.0,0.0,0.0,0.0,0.0,1.94,0.0,4.71,0.0,7.95,3.38,686.17,0.0,1.73
256296406027831,317.17,28,9.69,300.17,7.32,299.88,178.25,305.31,0.0,0.0,0.0,0.0,0.0,0.0,1.15,0.0,2.15,0.0,10.44,3.51,661.4,0.0,4.55
256296411026237,765.67,28,7.52,750.66,7.49,668.47,187.42,756.82,0.0,0.0,0.0,0.0,0.0,0.0,1.51,0.0,4.5,0.0,8.0,3.47,682.29,0.0,1.36
256296416849219,350.91,28,6.35,295.9,48.66,294.47,172.8,300.25,0.0,0.0,0.0,0.0,0.0,0.0,1.2,0.0,2.29,0.0,8.85,3.53,667.2,0.0,2.0
256296421985519,759.36,28,9.63,723.21,26.52,655.55,172.67,730.78,0.0,0.0,0.0,0.0,0.0,0.0,1.9,0.0,4.41,0.0,10.81,4.28,652.44,0.0,2.06
256296427831700,407.65,28,42.26,309.07,56.32,343.04,205.11,349.14,0.0,0.0,0.0,0.0,0.0,0.0,1.17,0.0,2.54,0.0,45.5,40.69,677.29,0.0,2.19
256296432697374,248.84,28,8.37,231.94,8.52,232.6,175.53,238.89,0.0,0.0,0.0,0.0,0.0,0.0,1.83,0.0,4.25,0.0,10.04,3.59,655.8,0.0,1.43
256296437989793,756.7,28,6.57,724.44,25.7,660.82,175.9,729.23,0.0,0.0,0.0,0.0,0.0,0.0,1.0,0.0,2.11,0.0,10.99,3.51,661.78,0.0,1.77
256296443391253,312.92,28,8.82,295.23,8.87,296.28,170.35,302.52,0.0,0.0,0.0,0.0,0.0,0.0,2.08,0.0,4.95,0.0,7.99,3.49,647.71,0.0,1.53
256296448584625,840.88,28,5.61,773.88,61.39,698.66,174.86,778.2,0.0,0.0,0.0,0.0,0.0,0.0,1.08,0.0,2.32,0.0,7.86,3.45,662.04,0.0,1.29
256296454338596,310.78,28,7.75,296.28,6.75,296.63,169.36,302.25,0.0,0.0,0.0,0.0,0.0,0.0,2.0,0.0,4.88,0.0,10.54,3.7,651.51,0.0,1.79
256296459069791,764.69,28,5.31,749.78,9.61,671.4,175.89,753.78,0.0,0.0,0.0,0.0,0.0,0.0,1.17,0.0,2.14,0.0,8.8,3.56,680.52,0.0,1.31
256296464854908,365.44,28,7.65,299.29,58.5,298.76,176.52,304.53,0.0,0.0,0.0,0.0,0.0,0.0,1.28,0.0,3.21,0.0,10.83,3.5,678.62,0.0,2.29
256296469631974,482.8,28,6.16,468.52,8.13,466.57,177.93,472.38,0.0,0.0,0.0,0.0,0.0,0.0,1.15,0.0,2.08,0.0,8.23,3.52,668.66,0.0,2.12
256296474914697,368.83,28,8.88,301.53,58.42,301.92,177.8,308.45,0.0,0.0,0.0,0.0,0.0,0.0,2.86,0.0,5.66,0.0,13.36,3.53,664.48,0.0,1.95
256296479657851,439.66,28,6.42,424.35,8.89,421.42,180.78,428.94,0.0,0.0,0.0,0.0,0.0,0.0,1.17,0.0,2.18,0.0,10.06,3.45,670.8,0.0,1.83
256296485003578,732.38,28,9.1,712.16,11.12,648.47,177.26,719.03,0.0,0.0,0.0,0.0,0.0,0.0,2.0,0.0,5.11,0.0,9.72,3.73,684.96,0.0,2.23
256296490933305,365.27,28,6.98,299.28,59.02,298.02,172.17,303.9,0.0,0.0,0.0,0.0,0.0,0.0,1.23,0.0,2.24,0.0,8.0,3.55,646.97,0.0,2.35
256296495701504,309.64,28,7.83,293.81,8.0,291.86,177.35,298.76,0.0,0.0,0.0,0.0,0.0,0.0,1.02,0.0,2.27,0.0,10.85,3.49,675.56,0.0,2.88
256296500794661,353.5,28,21.43,274.02,58.05,271.14,176.9,279.77,0.0,0.0,0.0,0.0,0.0,0.0,1.53,0.0,2.56,0.0,19.33,3.67,672.61,0.0,15.2
256296506005613,241.2,28,12.19,220.32,8.69,220.91,173.34,227.04,0.0,0.0,0.0,0.0,0.0,0.0,1.68,0.0,4.45,0.0,10.7,3.41,653.67,0.0,5.47
256296510673010,466.16,28,5.43,453.65,7.08,451.74,181.44,457.73,0.0,0.0,0.0,0.0,0.0,0.0,1.09,0.0,2.05,0.0,8.1,3.43,664.78,0.0,1.35
256296515930586,851.79,28,11.19,773.85,66.74,705.11,179.4,782.71,0.0,0.0,0.0,0.0,0.0,0.0,1.72,0.0,6.29,0.0,15.5,3.9,664.24,0.0,2.33
256296521407679,399.51,28,5.66,294.7,99.15,240.04,171.35,298.69,0.0,0.0,0.0,0.0,0.0,0.0,1.08,0.0,2.0,0.0,8.51,3.61,648.91,0.0,1.43
256296526181046,251.01,28,9.74,232.51,8.75,234.52,201.02,240.47,0.0,0.0,0.0,0.0,0.0,0.0,1.9,0.0,5.11,0.0,46.42,3.95,669.37,0.0,1.78
256296531033358,724.96,28,31.08,685.81,8.07,642.2,190.37,715.48,0.0,0.0,0.0,0.0,0.0,0.0,1.02,0.0,2.03,0.0,33.59,28.62,682.55,0.0,1.33
256296536367151,248.77,28,8.19,233.16,7.41,231.66,179.3,239.56,0.0,0.0,0.0,0.0,0.0,0.0,1.6,0.0,4.56,0.0,8.24,3.44,673.52,0.0,1.8
256296541043641,317.68,28,5.41,303.5,8.77,301.68,180.81,307.69,0.0,0.0,0.0,0.0,0.0,0.0,1.38,0.0,2.44,0.0,9.56,3.46,687.06,0.0,1.16
256296546029710,250.5,28,7.45,234.22,8.84,233.81,170.99,239.85,0.0,0.0,0.0,0.0,0.0,0.0,2.05,0.0,4.83,0.0,12.28,3.49,668.33,0.0,1.73
256296551030628,322.23,28,5.86,308.16,8.21,307.02,181.46,312.74,0.0,0.0,0.0,0.0,0.0,0.0,1.17,0.0,2.16,0.0,8.4,3.5,682.45,0.0,1.28
256296556036495,715.09,28,8.44,698.41,8.24,630.77,183.37,705.55,0.0,0.0,0.0,0.0,0.0,0.0,1.97,0.0,4.79,0.0,12.88,3.6,684.48,0.0,1.3
256296561769465,464.85,28,183.26,226.36,55.24,222.39,178.05,228.05,0.0,0.0,0.0,0.0,0.0,0.0,2.08,0.0,3.41,0.0,9.62,3.49,669.47,0.0,181.36
256296567025911,311.43,28,7.32,296.7,7.41,297.01,169.23,302.51,0.0,0.0,0.0,0.0,0.0,0.0,1.43,0.0,4.3,0.0,8.55,3.58,664.22,0.0,1.51
256296572026842,748.21,28,6.2,731.95,10.06,662.2,195.97,736.72,0.0,0.0,0.0,0.0,0.0,0.0,1.2,0.0,2.25,0.0,10.23,3.49,698.87,0.0,1.42
256296577817891,398.0,28,20.71,315.91,61.38,313.87,176.14,322.52,0.0,0.0,0.0,0.0,0.0,0.0,2.73,0.0,3.88,0.0,10.37,3.8,666.83,0.0,13.95
256296582678185,421.67,28,5.96,408.22,7.49,406.15,170.19,412.7,0.0,0.0,0.0,0.0,0.0,0.0,1.01,0.0,2.41,0.0,8.13,3.51,648.9,0.0,1.47
256296587924600,375.33,28,15.36,295.01,64.96,303.16,180.11,308.36,0.0,0.0,0.0,0.0,0.0,0.0,4.93,0.0,10.41,0.0,33.92,3.85,663.35,0.0,2.01
256296593025906,707.14,28,6.57,691.22,9.36,647.73,171.59,696.09,0.0,0.0,0.0,0.0,0.0,0.0,1.3,0.0,2.44,0.0,8.51,3.59,658.25,0.0,1.7
256296598383085,250.59,28,8.65,235.67,6.28,236.55,174.3,242.9,0.0,0.0,0.0,0.0,0.0,0.0,1.99,0.0,5.1,0.0,10.22,3.52,657.24,0.0,1.42
256296603093854,265.42,28,5.76,250.63,9.04,249.11,176.28,254.99,0.0,0.0,0.0,0.0,0.0,0.0,1.35,0.0,2.42,0.0,8.35,3.41,678.9,0.0,1.4
256296608029568,248.38,28,7.5,232.29,8.59,232.56,167.17,238.14,0.0,0.0,0.0,0.0,0.0,0.0,1.51,0.0,4.14,0.0,9.84,3.53,651.4,0.0,1.6
256296613034539,246.76,28,5.35,233.33,8.08,231.9,175.19,237.22,0.0,0.0,0.0,0.0,0.0,0.0,1.0,0.0,2.01,0.0,8.45,3.51,678.96,0.0,1.4
256296618033429,777.56,28,28.55,740.08,8.93,689.34,160.83,767.65,0.0,0.0,0.0,0.0,0.0,0.0,2.07,0.0,26.34,0.0,53.33,3.47,619.43,0.0,0.98
256296623727482,386.13,28,54.23,324.73,7.17,370.21,220.1,377.22,0.0,0.0,0.0,0.0,0.0,0.0,5.83,0.0,7.2,0.0,51.19,46.79,680.16,0.0,1.74
256296628938664,867.11,28,58.34,738.31,70.46,696.62,174.9,793.88,0.0,0.0,0.0,0.0,0.0,0.0,6.86,0.0,53.65,0.0,21.33,5.33,668.3,0.0,2.73
256296635028016,310.22,28,6.71,295.18,8.32,294.46,185.58,300.4,0.0,0.0,0.0,0.0,0.0,0.0,1.13,0.0,2.2,0.0,25.36,3.49,667.91,0.0,1.5
256296640027829,240.34,28,8.45,223.23,8.67,224.65,176.93,230.16,0.0,0.0,0.0,0.0,0.0,0.0,1.79,0.0,4.93,0.0,7.91,3.42,683.1,0.0,1.51
256296644680452,312.4,28,6.15,298.14,8.11,297.51,176.64,302.77,0.0,0.0,0.0,0.0,0.0,0.0,1.34,0.0,2.43,0.0,8.37,3.56,679.31,0.0,1.52
256296649789783,372.79,28,8.4,311.6,52.79,312.2,173.12,318.15,0.0,0.0,0.0,0.0,0.0,0.0,1.8,0.0,4.47,0.0,8.69,3.55,672.87,0.0,1.72
256296654998654,752.17,28,6.23,731.83,14.11,660.92,175.95,736.25,0.0,0.0,0.0,0.0,0.0,0.0,1.07,0.0,2.33,0.0,8.27,3.5,670.24,0.0,1.8
256296660796629,783.35,28,8.11,712.39,62.85,646.0,178.46,718.63,0.0,0.0,0.0,0.0,0.0,0.0,1.62,0.0,4.42,0.0,10.09,3.56,662.89,0.0,1.67
256296666778089,377.01,28,24.29,291.22,61.5,290.82,181.53,300.11,0.0,0.0,0.0,0.0,0.0,0.0,1.12,0.0,2.13,0.0,40.72,6.9,630.83,0.0,15.26
256296672006421,246.36,28,7.28,231.4,7.69,230.84,169.29,237.39,0.0,0.0,0.0,0.0,0.0,0.0,1.81,0.0,4.73,0.0,9.65,3.5,658.97,0.0,1.29
256296676705322,230.57,28,5.3,218.06,7.22,216.32,178.97,222.18,0.0,0.0,0.0,0.0,0.0,0.0,0.98,0.0,1.98,0.0,8.18,3.6,675.24,0.0,1.18
256296681790748,398.65,28,11.69,330.92,56.04,335.37,180.4,340.82,0.0,0.0,0.0,0.0,0.0,0.0,3.24,0.0,7.03,0.0,11.7,7.13,681.47,0.0,1.79
256296687012191,306.53,28,6.46,291.65,8.42,290.42,181.32,296.12,0.0,0.0,0.0,0.0,0.0,0.0,1.47,0.0,2.56,0.0,10.38,3.47,679.87,0.0,1.87
256296691736263,318.98,28,7.38,304.76,6.84,304.68,168.5,310.73,0.0,0.0,0.0,0.0,0.0,0.0,1.68,0.0,4.29,0.0,9.63,3.55,651.78,0.0,1.32
256296696931191,816.54,28,7.51,734.68,74.35,664.18,177.32,739.99,0.0,0.0,0.0,0.0,0.0,0.0,1.43,0.0,2.82,0.0,9.88,3.56,669.44,0.0,2.06
256296703021953,705.38,28,7.87,689.1,8.42,628.41,168.98,695.66,0.0,0.0,0.0,0.0,0.0,0.0,1.85,0.0,5.12,0.0,7.84,3.44,661.9,0.0,1.31
256296708562733,252.26,28,6.21,238.43,7.62,237.06,172.26,243.21,0.0,0.0,0.0,0.0,0.0,0.0,1.48,0.0,2.62,0.0,9.54,3.6,660.85,0.0,1.43
256296713624661,486.43,28,8.42,412.19,65.82,413.16,189.17,419.13,0.0,0.0,0.0,0.0,0.0,0.0,2.03,0.0,4.75,0.0,14.01,3.54,676.4,0.0,1.48
256296718987887,329.44,28,6.29,298.99,24.16,298.14,174.12,303.63,0.0,0.0,0.0,0.0,0.0,0.0,1.14,0.0,2.23,0.0,14.42,3.6,668.44,0.0,1.64
256296724048040,761.73,28,9.66,743.74,8.32,647.46,179.61,750.9,0.0,0.0,0.0,0.0,0.0,0.0,2.48,0.0,5.88,0.0,15.08,3.52,668.41,0.0,2.5
256296729831389,383.06,28,7.3,309.21,66.55,308.88,179.06,314.67,0.0,0.0,0.0,0.0,0.0,0.0,1.21,0.0,2.41,0.0,13.59,3.59,669.34,0.0,1.84
256296734649294,252.85,28,7.24,238.14,7.47,237.88,175.27,243.97,0.0,0.0,0.0,0.0,0.0,0.0,1.57,0.0,4.36,0.0,8.19,3.5,683.75,0.0,1.41
256296739856996,308.88,28,6.62,247.16,55.11,245.56,173.74,251.97,0.0,0.0,0.0,0.0,0.0,0.0,1.12,0.0,2.41,0.0,8.86,3.5,668.05,0.0,1.8
256296744991541,761.14,28,13.44,691.0,56.69,630.35,174.03,702.14,0.0,0.0,0.0,0.0,0.0,0.0,2.25,0.0,6.34,0.0,11.54,5.9,642.11,0.0,2.3
256296750595826,526.46,28,6.86,511.59,8.01,511.11,174.23,516.5,0.0,0.0,0.0,0.0,0.0,0.0,1.17,0.0,2.17,0.0,11.85,3.53,653.43,0.0,1.94
256296755991431,753.32,28,8.4,722.04,22.88,637.85,176.38,728.61,0.0,0.0,0.0,0.0,0.0,0.0,2.06,0.0,5.26,0.0,8.77,3.51,651.82,0.0,1.83
256296762005943,751.72,28,6.92,735.91,8.89,656.15,180.63,741.16,0.0,0.0,0.0,0.0,0.0,0.0,1.56,0.0,2.59,0.0,9.4,3.62,660.57,0.0,1.66
256296768023382,715.72,28,8.06,696.99,10.67,637.47,187.71,703.87,0.0,0.0,0.0,0.0,0.0,0.0,2.35,0.0,5.13,0.0,9.22,3.45,667.19,0.0,1.18
256296774025742,720.33,28,6.2,703.83,10.3,640.28,173.95,708.16,0.0,0.0,0.0,0.0,0.0,0.0,1.15,0.0,2.14,0.0,8.21,3.53,679.52,0.0,1.86
256296779371811,248.08,28,7.47,232.97,7.64,232.05,168.94,238.23,0.0,0.0,0.0,0.0,0.0,0.0,1.68,0.0,4.28,0.0,8.35,3.4,667.24,0.0,2.21
256296784058317,308.96,28,6.13,294.94,7.89,293.08,172.56,299.23,0.0,0.0,0.0,0.0,0.0,0.0,1.14,0.0,2.09,0.0,8.61,3.85,666.96,0.0,1.84
256296789031097,243.89,28,9.58,226.31,8.0,228.19,175.53,234.06,0.0,0.0,0.0,0.0,0.0,0.0,2.1,0.0,4.98,0.0,11.88,3.48,674.29,0.0,1.84
256296794032882,766.6,28,5.46,753.52,7.62,699.15,175.45,757.69,0.0,0.0,0.0,0.0,0.0,0.0,1.36,0.0,2.38,0.0,8.84,3.56,668.52,0.0,1.29
256296800023312,311.32,28,8.26,295.9,7.16,296.79,173.81,302.29,0.0,0.0,0.0,0.0,0.0,0.0,1.4,0.0,4.61,0.0,10.79,3.47,666.62,0.0,1.87
256296805035197,307.37,28,6.08,295.0,6.28,294.79,173.03,299.64,0.0,0.0,0.0,0.0,0.0,0.0,1.28,0.0,2.4,0.0,9.04,3.47,651.98,0.0,1.44
256296810033924,313.61,28,10.8,295.38,7.43,296.51,176.13,302.24,0.0,0.0,0.0,0.0,0.0,0.0,1.7,0.0,4.57,0.0,14.53,3.54,655.53,0.0,3.94
256296814797190,741.13,28,8.25,724.67,8.21,653.61,188.75,731.21,0.0,0.0,0.0,0.0,0.0,0.0,1.5,0.0,2.48,0.0,9.8,5.3,689.63,0.0,1.71
256296820535276,529.82,28,8.55,512.28,8.99,513.1,187.53,519.06,0.0,0.0,0.0,0.0,0.0,0.0,1.78,0.0,5.17,0.0,7.78,3.5,706.79,0.0,1.77
256296825923966,801.52,28,7.33,736.45,57.75,666.72,183.42,741.58,0.0,0.0,0.0,0.0,0.0,0.0,1.28,0.0,2.41,0.0,9.13,3.49,646.57,0.0,2.2
256296831698770,255.24,28,8.34,237.16,9.75,237.73,176.44,243.81,0.0,0.0,0.0,0.0,0.0,0.0,1.61,0.0,4.56,0.0,13.21,3.6,671.63,0.0,1.68
256296836968614,769.19,28,8.78,716.88,43.53,653.57,177.95,723.36,0.0,0.0,0.0,0.0,0.0,0.0,1.16,0.0,2.31,0.0,19.57,4.37,665.74,0.0,2.3
256296842781707,252.73,28,6.15,237.29,9.29,235.97,184.6,241.74,0.0,0.0,0.0,0.0,0.0,0.0,1.1,0.0,2.37,0.0,9.31,3.59,684.16,0.0,1.7
256296847862561,369.33,28,6.56,300.77,62.0,298.78,180.24,305.05,0.0,0.0,0.0,0.0,0.0,0.0,1.16,0.0,2.13,0.0,13.84,3.48,672.73,0.0,2.27
256296853127348,840.97,28,8.79,772.9,59.28,664.39,199.07,779.67,0.0,0.0,0.0,0.0,0.0,0.0,1.88,0.0,4.93,0.0,7.85,3.53,699.71,0.0,2.03
256296858878681,399.74,28,6.08,327.2,66.47,325.49,169.63,330.99,0.0,0.0,0.0,0.0,0.0,0.0,1.17,0.0,2.27,0.0,7.88,3.41,654.43,0.0,2.29
256296864022773,717.46,28,9.55,697.26,10.65,631.06,172.26,705.48,0.0,0.0,0.0,0.0,0.0,0.0,1.88,0.0,4.64,0.0,11.85,4.99,656.85,0.0,1.33
256296869856146,363.95,28,6.71,302.36,54.88,300.33,174.09,306.91,0.0,0.0,0.0,0.0,0.0,0.0,1.0,0.0,2.06,0.0,8.43,3.57,663.97,0.0,2.17
256296875068235,876.94,28,9.01,804.92,63.01,732.86,166.18,811.82,0.0,0.0,0.0,0.0,0.0,0.0,1.88,0.0,4.38,0.0,8.8,3.47,637.12,0.0,2.11
256296881034548,229.69,28,6.3,216.6,6.78,215.07,173.48,221.17,0.0,0.0,0.0,0.0,0.0,0.0,1.35,0.0,2.42,0.0,8.01,3.58,676.41,0.0,1.74
256296886029751,247.66,28,7.72,232.39,7.56,232.48,172.53,238.71,0.0,0.0,0.0,0.0,0.0,0.0,1.84,0.0,4.81,0.0,12.31,3.52,660.82,0.0,1.4
256296891038855,763.22,28,7.14,746.09,10.0,660.75,177.16,751.06,0.0,0.0,0.0,0.0,0.0,0.0,1.53,0.0,2.76,0.0,7.99,3.51,665.28,0.0,2.17
256296896775798,363.3,28,7.18,302.65,53.46,301.94,184.38,308.11,0.0,0.0,0.0,0.0,0.0,0.0,1.52,0.0,4.31,0.0,8.81,3.5,671.2,0.0,1.72
256296902005159,767.48,28,7.44,707.0,53.04,639.41,182.53,712.34,0.0,0.0,0.0,0.0,0.0,0.0,1.38,0.0,2.52,0.0,19.02,3.61,666.59,0.0,2.09
256296907804528,350.75,28,8.88,278.38,63.49,278.31,183.54,284.9,0.0,0.0,0.0,0.0,0.0,0.0,1.72,0.0,4.25,0.0,60.69,3.46,619.77,0.0,2.36
256296913006264,729.94,28,6.67,714.52,8.75,647.95,173.8,719.19,0.0,0.0,0.0,0.0,0.0,0.0,1.19,0.0,2.24,0.0,8.56,3.54,664.68,0.0,2.0
256296918796228,350.04,28,9.39,284.22,56.44,285.21,177.63,291.27,0.0,0.0,0.0,0.0,0.0,0.0,2.06,0.0,4.72,0.0,10.23,3.56,665.87,0.0,2.34
256296924005918,810.22,28,6.56,793.88,9.78,718.13,177.56,798.46,0.0,0.0,0.0,0.0,0.0,0.0,1.14,0.0,2.17,0.0,8.84,3.46,671.24,0.0,1.98
256296929871902,305.63,28,8.57,228.05,69.0,227.94,177.93,234.48,0.0,0.0,0.0,0.0,0.0,0.0,1.96,0.0,5.02,0.0,8.0,3.48,657.76,0.0,2.14
256296935025800,765.84,28,5.54,749.77,10.53,663.16,181.6,753.95,0.0,0.0,0.0,0.0,0.0,0.0,1.24,0.0,2.42,0.0,8.44,3.44,660.55,0.0,1.37
256296941036315,263.44,28,7.65,247.68,8.11,248.05,171.44,253.65,0.0,0.0,0.0,0.0,0.0,0.0,1.87,0.0,4.79,0.0,10.91,3.51,654.47,0.0,1.68
256296946028185,226.22,28,8.37,209.46,8.38,210.52,166.41,216.31,0.0,0.0,0.0,0.0,0.0,0.0,1.32,0.0,6.67,0.0,9.74,3.68,651.71,0.0,1.52
256296951021987,317.75,28,13.34,296.47,7.94,302.45,180.63,308.17,0.0,0.0,0.0,0.0,0.0,0.0,6.39,0.0,9.55,0.0,18.45,3.59,660.65,0.0,1.64
256296956030567,259.75,28,22.07,229.28,8.39,241.97,193.43,249.62,0.0,0.0,0.0,0.0,0.0,0.0,1.07,0.0,17.08,0.0,47.89,4.14,668.77,0.0,1.73
256296961034833,281.56,28,17.2,256.14,8.22,265.08,179.32,271.59,0.0,0.0,0.0,0.0,0.0,0.0,2.12,0.0,12.29,0.0,16.29,3.58,653.41,0.0,1.75
256296966031610,251.54,28,6.34,236.64,8.57,235.74,179.31,241.44,0.0,0.0,0.0,0.0,0.0,0.0,1.53,0.0,2.56,0.0,8.7,3.47,670.32,0.0,1.54
256296971028392,262.8,28,11.33,243.35,8.11,244.16,170.32,250.58,0.0,0.0,0.0,0.0,0.0,0.0,1.98,0.0,4.92,0.0,8.18,3.47,650.17,0.0,4.11
256296976023979,327.19,28,5.79,313.41,7.98,311.43,211.06,317.58,0.0,0.0,0.0,0.0,0.0,0.0,1.37,0.0,2.41,0.0,8.83,3.63,732.21,0.0,1.62
256296981040905,248.92,28,8.39,232.48,8.05,233.36,168.47,239.3,0.0,0.0,0.0,0.0,0.0,0.0,1.78,0.0,5.25,0.0,9.81,3.46,663.53,0.0,1.57
256296986043805,231.76,28,7.12,216.19,8.46,215.61,173.79,221.35,0.0,0.0,0.0,0.0,0.0,0.0,1.24,0.0,2.23,0.0,10.85,3.55,659.87,0.0,1.95
256296991032487,328.07,28,12.51,306.7,8.86,308.34,180.69,313.9,0.0,0.0,0.0,0.0,0.0,0.0,2.05,0.0,5.39,0.0,11.16,3.49,677.06,0.0,5.3
256296996036477,304.07,28,5.58,290.69,7.8,288.67,169.33,294.71,0.0,0.0,0.0,0.0,0.0,0.0,1.16,0.0,2.43,0.0,8.03,3.48,661.57,0.0,1.56
256297001036222,779.81,28,12.21,759.22,8.38,684.11,209.08,765.89,0.0,0.0,0.0,0.0,0.0,0.0,1.75,0.0,2.96,0.0,45.79,5.14,661.26,0.0,5.54
256297006884089,287.17,28,6.86,223.19,57.12,222.65,172.46,228.06,0.0,0.0,0.0,0.0,0.0,0.0,1.0,0.0,2.0,0.0,10.56,3.53,654.4,0.0,1.99
256297011676513,315.91,28,9.36,298.52,8.04,299.82,170.01,305.56,0.0,0.0,0.0,0.0,0.0,0.0,1.61,0.0,4.74,0.0,10.08,3.46,661.92,0.0,2.31
256297016828511,809.76,28,5.88,745.3,58.59,655.51,177.39,748.76,0.0,0.0,0.0,0.0,0.0,0.0,1.03,0.0,2.02,0.0,8.07,3.38,677.41,0.0,2.41
256297022974299,316.14,28,8.79,255.35,52.0,256.22,168.59,262.05,0.0,0.0,0.0,0.0,0.0,0.0,1.88,0.0,5.13,0.0,10.06,3.47,644.72,0.0,2.1
256297027744220,320.94,28,5.75,308.54,6.65,306.85,171.95,312.96,0.0,0.0,0.0,0.0,0.0,0.0,1.07,0.0,2.2,0.0,8.58,3.45,670.19,0.0,1.33
256297032997408,317.44,28,8.52,293.97,14.95,294.76,171.64,300.19,0.0,0.0,0.0,0.0,0.0,0.0,1.78,0.0,4.47,0.0,11.69,3.56,650.94,0.0,2.07
256297038032847,744.63,28,5.34,729.89,9.4,646.9,174.68,733.58,0.0,0.0,0.0,0.0,0.0,0.0,1.11,0.0,2.1,0.0,8.63,3.52,658.25,0.0,1.62
256297044035555,876.42,28,8.51,859.14,8.77,666.66,179.89,866.06,0.0,0.0,0.0,0.0,0.0,0.0,1.65,0.0,4.81,0.0,14.2,3.47,676.53,0.0,1.58
256297049953246,1092.56,28,6.22,398.44,687.9,303.7,168.27,403.37,0.0,0.0,0.0,0.0,0.0,0.0,1.37,0.0,2.52,0.0,9.22,3.56,646.02,0.0,1.29
256297056052250,317.79,28,9.52,300.21,8.06,302.38,180.7,308.38,0.0,0.0,0.0,0.0,0.0,0.0,2.17,0.0,5.19,0.0,23.45,3.5,668.74,0.0,1.34
256297061042818,318.25,28,5.66,305.39,7.19,303.6,172.78,309.74,0.0,0.0,0.0,0.0,0.0,0.0,1.15,0.0,2.12,0.0,8.58,3.49,667.29,0.0,1.31
256297066034030,307.94,28,8.66,291.62,7.66,291.73,166.32,298.45,0.0,0.0,0.0,0.0,0.0,0.0,1.71,0.0,4.69,0.0,8.42,3.46,651.88,0.0,1.83
256297071087530,741.96,28,6.22,727.06,8.68,660.32,182.72,731.86,0.0,0.0,0.0,0.0,0.0,0.0,1.33,0.0,2.46,0.0,8.56,3.56,677.25,0.0,1.43
256297076950455,786.41,28,11.54,714.23,60.64,647.07,216.85,723.62,0.0,0.0,0.0,0.0,0.0,0.0,1.77,0.0,5.14,0.0,54.04,5.08,685.27,0.0,2.15
256297082461482,305.55,28,5.85,291.16,8.53,289.85,168.54,295.72,0.0,0.0,0.0,0.0,0.0,0.0,1.35,0.0,2.46,0.0,8.28,3.49,653.99,0.0,1.29
256297087633281,764.42,28,8.91,699.86,55.66,635.05,185.61,706.39,0.0,0.0,0.0,0.0,0.0,0.0,1.69,0.0,4.56,0.0,9.96,3.46,665.09,0.0,2.38
256297093753353,422.25,28,9.05,349.67,63.53,351.38,201.55,356.86,0.0,0.0,0.0,0.0,0.0,0.0,1.12,0.0,2.23,0.0,41.05,5.78,659.05,0.0,1.86
256297099023641,245.67,28,8.68,230.42,6.57,231.94,171.56,237.71,0.0,0.0,0.0,0.0,0.0,0.0,1.78,0.0,4.9,0.0,11.84,3.46,662.01,0.0,1.39
256297104027576,325.12,28,10.8,305.85,8.47,305.32,175.67,310.89,0.0,0.0,0.0,0.0,0.0,0.0,1.08,0.0,2.09,0.0,10.79,3.48,653.67,0.0,5.76
256297108833658,253.98,28,6.96,238.83,8.2,238.16,181.59,244.6,0.0,0.0,0.0,0.0,0.0,0.0,1.53,0.0,4.23,0.0,7.91,3.46,684.34,0.0,1.18
256297113940790,790.49,28,7.56,714.56,68.37,633.31,191.75,719.92,0.0,0.0,0.0,0.0,0.0,0.0,1.5,0.0,2.62,0.0,8.81,3.48,691.26,0.0,2.2
256297119991283,250.9,28,9.07,220.54,21.28,222.22,172.4,227.89,0.0,0.0,0.0,0.0,0.0,0.0,1.72,0.0,4.82,0.0,11.59,3.49,666.33,0.0,1.73
256297124717311,430.28,28,5.21,418.26,6.82,415.96,177.77,421.98,0.0,0.0,0.0,0.0,0.0,0.0,1.1,0.0,2.06,0.0,8.46,3.54,659.46,0.0,1.49
256297129669496,299.6,28,8.37,283.54,7.69,284.34,175.34,289.86,0.0,0.0,0.0,0.0,0.0,0.0,1.86,0.0,4.53,0.0,8.26,3.5,666.19,0.0,2.05
256297134881026,369.27,28,38.34,272.0,58.92,302.34,163.49,308.19,0.0,0.0,0.0,0.0,0.0,0.0,1.52,0.0,35.27,0.0,9.08,3.45,656.32,0.0,2.15
256297140037146,721.38,28,107.89,606.36,7.13,638.82,177.26,713.1,0.0,0.0,0.0,0.0,0.0,0.0,102.88,0.0,104.75,0.0,13.64,3.52,646.41,0.0,1.15
256297145877277,339.71,28,18.65,263.19,57.87,273.49,183.54,279.8,0.0,0.0,0.0,0.0,0.0,0.0,1.97,0.0,12.67,0.0,14.5,3.94,671.86,0.0,2.04
256297151024572,251.35,28,7.72,235.99,7.64,236.14,169.7,241.82,0.0,0.0,0.0,0.0,0.0,0.0,1.61,0.0,4.11,0.0,8.96,3.53,662.71,0.0,1.89
256297156027216,734.6,28,10.33,714.62,9.64,638.6,194.78,719.47,0.0,0.0,0.0,0.0,0.0,0.0,1.41,0.0,2.79,0.0,9.31,3.6,669.6,0.0,5.48
256297161830440,326.76,28,15.58,253.76,57.42,261.83,203.26,267.24,0.0,0.0,0.0,0.0,0.0,0.0,5.71,0.0,10.09,0.0,49.84,4.93,661.24,0.0,2.1
256297167022818,249.0,28,6.44,235.31,7.25,235.13,172.92,240.83,0.0,0.0,0.0,0.0,0.0,0.0,1.38,0.0,2.8,0.0,15.37,3.46,646.76,0.0,0.91
256297172028232,727.79,28,7.55,711.56,8.68,640.62,169.96,717.83,0.0,0.0,0.0,0.0,0.0,0.0,1.79,0.0,4.48,0.0,12.49,3.58,651.76,0.0,1.27
256297177882714,287.87,28,7.38,227.88,52.61,226.84,181.95,232.9,0.0,0.0,0.0,0.0,0.0,0.0,1.25,0.0,2.51,0.0,21.06,3.67,659.29,0.0,2.36
256297183025963,248.75,28,8.85,231.25,8.65,232.01,173.34,238.24,0.0,0.0,0.0,0.0,0.0,0.0,1.97,0.0,4.7,0.0,14.43,3.57,669.24,0.0,1.87
256297188037382,754.11,28,5.54,740.21,8.37,663.98,177.34,744.49,0.0,0.0,0.0,0.0,0.0,0.0,1.17,0.0,2.26,0.0,8.72,3.43,661.77,0.0,1.25
256297193973009,861.44,28,9.02,756.05,96.37,686.68,181.24,762.8,0.0,0.0,0.0,0.0,0.0,0.0,1.06,0.0,2.21,0.0,17.92,5.63,655.66,0.0,2.28
256297199929488,298.97,28,12.34,222.21,64.42,225.77,173.1,231.74,0.0,0.0,0.0,0.0,0.0,0.0,1.2,0.0,2.3,0.0,19.64,8.02,647.35,0.0,2.8
256297205026458,745.31,28,7.33,728.81,9.16,643.53,180.45,734.91,0.0,0.0,0.0,0.0,0.0,0.0,1.78,0.0,4.48,0.0,9.97,3.6,669.74,0.0,1.22
256297210941642,785.09,28,5.92,708.41,70.77,640.84,177.45,712.18,0.0,0.0,0.0,0.0,0.0,0.0,1.09,0.0,2.15,0.0,8.21,3.43,664.88,0.0,2.15
256297216958030,760.6,28,8.5,700.64,51.47,639.76,172.53,706.73,0.0,0.0,0.0,0.0,0.0,0.0,1.61,0.0,4.31,0.0,11.51,3.55,664.96,0.0,2.34
256297222907526,381.66,28,11.61,302.2,67.85,299.96,181.14,306.44,0.0,0.0,0.0,0.0,0.0,0.0,1.03,0.0,2.05,0.0,16.76,3.55,671.54,0.0,7.37
256297228025732,727.48,28,7.83,712.46,7.19,671.11,187.65,719.13,0.0,0.0,0.0,0.0,0.0,0.0,2.11,0.0,4.99,0.0,11.34,3.57,686.08,0.0,1.16
256297234031881,343.29,28,11.31,324.82,7.15,325.51,175.99,330.81,0.0,0.0,0.0,0.0,0.0,0.0,1.45,0.0,2.45,0.0,12.18,3.54,647.94,0.0,5.33
256297239034652,244.94,28,9.03,227.39,8.52,228.04,173.16,234.72,0.0,0.0,0.0,0.0,0.0,0.0,1.57,0.0,4.23,0.0,21.47,3.66,646.77,0.0,1.63
256297244028231,309.51,28,6.85,294.31,8.35,293.81,173.65,299.41,0.0,0.0,0.0,0.0,0.0,0.0,1.19,0.0,2.46,0.0,9.04,3.43,670.31,0.0,1.72
256297249034725,255.19,28,8.46,238.61,8.11,238.63,170.75,245.46,0.0,0.0,0.0,0.0,0.0,0.0,1.74,0.0,4.56,0.0,8.33,3.52,652.51,0.0,1.61
256297254030856,230.61,28,6.07,216.55,7.98,215.12,178.75,220.94,0.0,0.0,0.0,0.0,0.0,0.0,1.3,0.0,2.45,0.0,8.94,3.47,671.03,0.0,1.69
256297259299903,713.12,28,10.88,640.71,61.53,643.1,169.28,649.39,0.0,0.0,0.0,0.0,0.0,0.0,2.13,0.0,6.58,0.0,8.96,3.51,641.73,0.0,2.19
256297264538333,308.38,28,6.53,294.33,7.53,293.19,177.77,299.41,0.0,0.0,0.0,0.0,0.0,0.0,1.34,0.0,2.35,0.0,10.11,3.5,672.39,0.0,1.45
256297269739369,435.9,28,19.83,354.14,61.93,349.46,188.88,359.6,0.0,0.0,0.0,0.0,0.0,0.0,1.15,0.0,2.47,0.0,19.28,3.56,676.53,0.0,14.09
256297275026338,346.64,28,5.64,332.58,8.42,330.16,181.43,336.46,0.0,0.0,0.0,0.0,0.0,0.0,1.12,0.0,2.12,0.0,10.81,3.59,676.47,0.0,1.76
256297280291090,882.82,28,23.62,801.51,57.68,728.38,172.18,806.06,0.0,0.0,0.0,0.0,0.0,0.0,1.18,0.0,2.33,0.0,11.61,3.46,644.53,0.0,18.61
256297286362890,256.47,28,11.34,236.83,8.3,236.93,177.14,242.75,0.0,0.0,0.0,0.0,0.0,0.0,1.37,0.0,2.38,0.0,17.34,3.54,667.08,0.0,5.42
256297291144611,311.43,28,6.74,297.13,7.56,295.52,171.29,302.72,0.0,0.0,0.0,0.0,0.0,0.0,1.38,0.0,4.24,0.0,8.71,3.57,664.29,0.0,1.05
256297296053291,230.01,28,5.84,216.53,7.63,215.02,176.22,220.87,0.0,0.0,0.0,0.0,0.0,0.0,1.24,0.0,2.33,0.0,8.3,3.43,669.59,0.0,1.37
256297301044223,789.89,28,6.9,773.33,9.66,671.46,172.23,778.92,0.0,0.0,0.0,0.0,0.0,0.0,1.78,0.0,4.63,0.0,8.76,3.58,667.82,0.0,1.18
256297307003313,750.43,28,6.39,734.72,9.32,654.38,176.31,739.5,0.0,0.0,0.0,0.0,0.0,0.0,1.26,0.0,2.34,0.0,8.7,3.48,673.41,0.0,1.61
256297312468422,248.72,28,6.68,235.18,6.86,234.72,169.85,240.36,0.0,0.0,0.0,0.0,0.0,0.0,1.54,0.0,3.9,0.0,9.29,3.49,670.73,0.0,1.5
256297317619725,478.97,28,6.21,422.0,50.76,419.94,185.41,426.22,0.0,0.0,0.0,0.0,0.0,0.0,1.1,0.0,2.12,0.0,7.86,3.54,690.03,0.0,1.99
256297322996237,811.29,28,8.47,786.59,16.23,716.3,173.79,792.92,0.0,0.0,0.0,0.0,0.0,0.0,1.66,0.0,4.3,0.0,8.43,3.7,669.49,0.0,2.14
256297329028438,250.58,28,6.2,235.57,8.8,233.49,180.3,240.06,0.0,0.0,0.0,0.0,0.0,0.0,1.25,0.0,2.31,0.0,8.61,3.67,685.17,0.0,1.71
256297334024705,269.75,28,7.98,254.06,7.7,254.29,169.65,260.27,0.0,0.0,0.0,0.0,0.0,0.0,1.71,0.0,4.39,0.0,8.56,3.44,662.37,0.0,1.77
256297339033676,331.93,28,5.84,318.58,7.51,316.37,180.14,323.03,0.0,0.0,0.0,0.0,0.0,0.0,1.0,0.0,2.04,0.0,9.25,3.53,669.28,0.0,1.39
256297344036354,739.15,28,12.45,717.85,8.85,646.41,184.19,722.83,0.0,0.0,0.0,0.0,0.0,0.0,1.18,0.0,2.22,0.0,16.78,3.53,669.31,0.0,6.95
256297350006175,248.56,28,7.04,234.02,7.5,233.26,173.81,239.2,0.0,0.0,0.0,0.0,0.0,0.0,1.46,0.0,2.46,0.0,10.46,3.46,669.49,0.0,1.87
256297354767025,356.72,28,42.28,306.47,7.98,340.67,178.98,346.97,0.0,0.0,0.0,0.0,0.0,0.0,35.3,0.0,36.97,0.0,18.16,4.54,669.47,0.0,1.78
256297360004098,740.42,28,5.82,723.83,10.77,643.03,193.33,728.35,0.0,0.0,0.0,0.0,0.0,0.0,1.28,0.0,2.44,0.0,8.56,3.5,689.13,0.0,1.31
256297365813620,333.17,28,9.6,269.23,54.35,270.5,178.45,276.59,0.0,0.0,0.0,0.0,0.0,0.0,1.72,0.0,4.7,0.0,19.68,3.54,663.11,0.0,2.24
256297371033866,771.45,28,6.47,754.83,10.16,678.99,188.43,759.56,0.0,0.0,0.0,0.0,0.0,0.0,1.24,0.0,2.38,0.0,16.0,3.47,674.29,0.0,1.74
256297377085554,308.08,28,7.71,293.25,7.11,294.06,175.41,299.64,0.0,0.0,0.0,0.0,0.0,0.0,1.79,0.0,4.42,0.0,10.86,3.46,671.17,0.0,1.32
256297382039438,243.63,28,11.75,224.64,7.24,224.18,173.78,230.58,0.0,0.0,0.0,0.0,0.0,0.0,1.65,0.0,2.61,0.0,13.74,3.58,647.04,0.0,5.76
256297387030868,738.56,28,8.09,721.59,8.88,650.49,185.32,727.91,0.0,0.0,0.0,0.0,0.0,0.0,1.47,0.0,4.28,0.0,8.48,3.51,683.97,0.0,1.65
256297392914284,300.56,28,6.89,238.53,55.14,237.96,188.51,243.39,0.0,0.0,0.0,0.0,0.0,0.0,1.42,0.0,2.54,0.0,15.06,3.5,675.42,0.0,2.04
256297398028039,266.24,28,12.65,243.99,9.6,245.85,176.88,251.33,0.0,0.0,0.0,0.0,0.0,0.0,1.62,0.0,3.85,0.0,19.29,3.58,663.22,0.0,5.31
256297403032508,311.51,28,6.22,297.58,7.71,296.67,174.51,302.34,0.0,0.0,0.0,0.0,0.0,0.0,1.59,0.0,2.59,0.0,7.98,3.48,669.17,0.0,1.46
256297408036302,244.77,28,9.0,227.55,8.23,229.25,175.05,235.22,0.0,0.0,0.0,0.0,0.0,0.0,2.67,0.0,5.83,0.0,14.83,3.61,654.48,0.0,1.32
256297412790831,389.48,28,43.6,337.03,8.84,373.26,198.8,378.84,0.0,0.0,0.0,0.0,0.0,0.0,1.05,0.0,2.02,0.0,45.64,41.27,658.63,0.0,1.8
256297417710159,310.92,28,8.12,293.74,9.07,295.06,174.53,300.44,0.0,0.0,0.0,0.0,0.0,0.0,1.69,0.0,4.62,0.0,10.67,3.44,657.81,0.0,1.41
256297422933679,284.66,28,7.55,219.32,57.79,218.61,175.88,224.83,0.0,0.0,0.0,0.0,0.0,0.0,1.44,0.0,2.48,0.0,7.72,3.5,657.32,0.0,2.01
256297428027054,756.25,28,8.25,737.75,10.26,657.05,173.16,744.29,0.0,0.0,0.0,0.0,0.0,0.0,1.82,0.0,4.25,0.0,11.95,3.73,648.13,0.0,1.71
256297433868712,364.64,28,6.55,298.82,59.26,297.42,181.94,303.78,0.0,0.0,0.0,0.0,0.0,0.0,1.51,0.0,2.45,0.0,14.58,3.56,680.71,0.0,1.59
256297439038513,731.17,28,7.92,711.83,11.41,639.96,228.97,718.23,0.0,0.0,0.0,0.0,0.0,0.0,1.84,0.0,4.23,0.0,63.06,3.61,651.95,0.0,1.53
256297444503075,235.4,28,5.32,222.48,7.59,220.42,176.13,226.31,0.0,0.0,0.0,0.0,0.0,0.0,1.2,0.0,2.17,0.0,8.44,3.46,672.27,0.0,1.5
256297449681545,464.14,28,12.5,396.38,55.26,400.1,174.25,406.23,0.0,0.0,0.0,0.0,0.0,0.0,3.13,0.0,7.31,0.0,16.26,3.66,678.41,0.0,2.65
256297455033007,313.54,28,10.03,296.61,6.89,295.82,174.55,302.07,0.0,0.0,0.0,0.0,0.0,0.0,1.5,0.0,2.56,0.0,8.89,3.44,653.92,0.0,4.58
256297460034986,323.27,28,12.42,303.91,6.94,303.21,173.66,311.14,0.0,0.0,0.0,0.0,0.0,0.0,1.93,0.0,5.16,0.0,10.28,3.42,660.63,0.0,5.19
256297465041103,802.51,28,6.14,785.24,11.13,699.35,171.55,789.83,0.0,0.0,0.0,0.0,0.0,0.0,1.43,0.0,2.36,0.0,10.67,3.58,660.39,0.0,1.53
256297471042844,249.79,28,8.7,233.5,7.59,234.56,171.78,240.72,0.0,0.0,0.0,0.0,0.0,0.0,1.65,0.0,4.97,0.0,8.89,3.52,663.03,0.0,1.48
256297476036496,761.9,28,6.55,745.46,9.89,656.83,177.0,750.16,0.0,0.0,0.0,0.0,0.0,0.0,1.19,0.0,2.43,0.0,8.42,3.54,669.54,0.0,1.85
256297481893978,289.03,28,10.17,221.69,57.16,224.37,179.03,229.7,0.0,0.0,0.0,0.0,0.0,0.0,1.6,0.0,4.59,0.0,18.25,3.88,658.17,0.0,2.17
256297487030015,307.32,28,6.16,294.27,6.89,293.25,170.35,299.0,0.0,0.0,0.0,0.0,0.0,0.0,1.38,0.0,2.41,0.0,9.62,3.44,663.18,0.0,1.43
256297492037061,254.78,28,7.37,240.46,6.95,240.79,169.09,246.59,0.0,0.0,0.0,0.0,0.0,0.0,1.77,0.0,4.66,0.0,8.53,3.46,665.13,0.0,1.24
256297497029749,316.03,28,5.93,301.79,8.31,299.68,178.85,306.16,0.0,0.0,0.0,0.0,0.0,0.0,1.29,0.0,2.37,0.0,9.5,3.52,685.44,0.0,1.56
256297502031506,314.99,28,8.22,298.42,8.35,298.89,172.09,304.94,0.0,0.0,0.0,0.0,0.0,0.0,1.83,0.0,4.51,0.0,8.95,3.46,659.63,0.0,1.7
256297507040981,254.49,28,6.28,240.02,8.19,238.57,175.63,244.85,0.0,0.0,0.0,0.0,0.0,0.0,1.36,0.0,2.43,0.0,8.34,3.46,672.08,0.0,1.44
256297512033127,755.66,28,8.37,738.22,9.07,654.14,181.89,745.03,0.0,0.0,0.0,0.0,0.0,0.0,2.1,0.0,5.03,0.0,10.29,3.98,674.6,0.0,1.56
256297518027925,286.54,28,11.02,266.52,9.0,264.73,178.91,271.57,0.0,0.0,0.0,0.0,0.0,0.0,1.34,0.0,2.34,0.0,12.95,3.45,655.49,0.0,5.97
256297523028355,710.67,28,7.77,692.48,10.43,651.61,178.58,699.18,0.0,0.0,0.0,0.0,0.0,0.0,2.1,0.0,4.95,0.0,8.18,3.54,666.07,0.0,1.06
256297528925530,7806.07,28,5.78,644.59,7155.71,552.64,173.64,649.15,0.0,0.0,0.0,0.0,0.0,0.0,1.17,0.0,2.26,0.0,8.98,3.52,663.25,0.0,1.22
256297541370422,663.29,28,7.64,647.75,7.89,645.06,176.86,654.0,0.0,0.0,0.0,0.0,0.0,0.0,1.82,0.0,4.25,0.0,10.46,3.59,637.79,0.0,1.33
256297546534835,250.75,28,5.92,236.91,7.91,234.25,170.07,241.09,0.0,0.0,0.0,0.0,0.0,0.0,1.34,0.0,2.5,0.0,9.19,3.45,664.57,0.0,1.74
256297551350560,254.22,28,21.01,224.29,8.92,225.51,181.8,232.24,0.0,0.0,0.0,0.0,0.0,0.0,1.59,0.0,4.45,0.0,20.61,3.54,656.41,0.0,13.02
256297556086864,308.89,28,6.16,294.07,8.66,292.17,176.36,298.37,0.0,0.0,0.0,0.0,0.0,0.0,1.04,0.0,1.99,0.0,9.21,3.56,681.17,0.0,1.85
256297561033177,259.08,28,8.67,242.34,8.07,240.65,166.92,249.15,0.0,0.0,0.0,0.0,0.0,0.0,2.0,0.0,5.01,0.0,9.11,3.48,651.35,0.0,1.86
256297566031111,764.16,28,6.14,748.34,9.68,666.34,178.64,753.09,0.0,0.0,0.0,0.0,0.0,0.0,1.22,0.0,2.23,0.0,8.76,3.58,676.09,0.0,1.4
256297571954325,764.75,28,8.32,699.2,57.23,632.53,177.44,705.75,0.0,0.0,0.0,0.0,0.0,0.0,1.99,0.0,5.32,0.0,13.72,3.44,684.63,0.0,1.77
256297577891251,306.63,28,7.74,236.51,62.37,236.06,173.37,242.02,0.0,0.0,0.0,0.0,0.0,0.0,1.28,0.0,2.4,0.0,9.27,4.3,662.27,0.0,2.23
256297583023653,708.59,28,7.01,691.61,9.96,649.07,173.71,697.27,0.0,0.0,0.0,0.0,0.0,0.0,1.69,0.0,4.14,0.0,11.97,3.44,667.54,0.0,1.36
256297588892617,380.76,28,9.77,301.6,69.39,301.16,195.76,308.91,0.0,0.0,0.0,0.0,0.0,0.0,1.0,0.0,2.05,0.0,20.4,5.48,669.35,0.0,2.3
256297593769792,316.64,28,6.45,301.24,8.96,299.57,182.91,305.55,0.0,0.0,0.0,0.0,0.0,0.0,1.14,0.0,2.3,0.0,8.65,3.52,693.9,0.0,2.0
256297599004390,743.11,28,7.13,725.23,10.75,648.51,182.88,730.63,0.0,0.0,0.0,0.0,0.0,0.0,1.12,0.0,2.21,0.0,9.49,4.04,689.99,0.0,1.62
256297604932379,873.65,28,12.85,806.1,54.7,743.95,172.08,816.65,0.0,0.0,0.0,0.0,0.0,0.0,3.73,0.0,6.6,0.0,10.36,5.71,652.64,0.0,2.24
256297611087067,726.26,28,25.3,690.15,10.81,640.99,182.25,713.69,0.0,0.0,0.0,0.0,0.0,0.0,21.04,0.0,22.28,0.0,11.72,3.6,701.31,0.0,1.67
256297617117968,775.76,28,51.78,662.51,61.47,638.03,178.96,711.75,0.0,0.0,0.0,0.0,0.0,0.0,3.88,0.0,47.43,0.0,11.08,3.44,676.23,0.0,2.54
256297622941772,786.91,28,6.59,710.31,70.01,634.08,186.12,714.64,0.0,0.0,0.0,0.0,0.0,0.0,1.01,0.0,2.34,0.0,16.44,3.67,676.82,0.0,2.17
256297629024761,727.16,28,34.37,685.17,7.63,659.61,186.41,717.64,0.0,0.0,0.0,0.0,0.0,0.0,1.97,0.0,4.64,0.0,36.29,30.36,667.51,0.0,1.6
256297635010113,227.91,28,6.08,215.05,6.77,213.11,175.48,219.75,0.0,0.0,0.0,0.0,0.0,0.0,1.18,0.0,2.39,0.0,10.13,3.61,674.91,0.0,1.29
256297640030706,315.83,28,7.27,300.45,8.11,300.07,170.76,305.9,0.0,0.0,0.0,0.0,0.0,0.0,1.59,0.0,4.33,0.0,9.57,3.59,671.38,0.0,1.58
256297645040964,752.78,28,5.25,738.69,8.84,668.84,188.95,742.81,0.0,0.0,0.0,0.0,0.0,0.0,1.31,0.0,2.3,0.0,8.66,3.51,700.46,0.0,1.14
256297651006649,724.91,28,7.91,707.08,9.92,644.43,181.4,712.94,0.0,0.0,0.0,0.0,0.0,0.0,1.64,0.0,4.22,0.0,18.53,3.58,669.06,0.0,2.05
256297656901574,385.63,28,17.95,310.1,57.58,306.5,177.15,317.01,0.0,0.0,0.0,0.0,0.0,0.0,1.26,0.0,2.26,0.0,12.82,4.66,636.45,0.0,11.04
256297662031981,715.05,28,7.25,699.48,8.32,650.38,174.2,705.72,0.0,0.0,0.0,0.0,0.0,0.0,2.04,0.0,4.62,0.0,8.36,3.48,664.82,0.0,1.01
256297668020117,798.09,28,6.87,780.0,11.23,691.16,178.0,784.57,0.0,0.0,0.0,0.0,0.0,0.0,1.29,0.0,2.39,0.0,8.85,3.6,680.84,0.0,2.3
256297674030613,741.11,28,9.08,724.27,7.76,656.52,174.33,731.76,0.0,0.0,0.0,0.0,0.0,0.0,1.74,0.0,5.18,0.0,17.52,3.52,656.9,0.0,1.59
256297679923391,838.08,28,15.55,750.83,71.7,679.72,178.07,764.34,0.0,0.0,0.0,0.0,0.0,0.0,1.18,0.0,2.22,0.0,22.32,16.74,631.35,0.0,2.04
256297686021107,320.46,28,12.23,301.02,7.21,301.01,171.36,307.72,0.0,0.0,0.0,0.0,0.0,0.0,1.75,0.0,4.8,0.0,12.69,3.51,638.83,0.0,5.52
256297690862859,337.1,28,6.2,323.6,7.3,321.62,171.34,328.15,0.0,0.0,0.0,0.0,0.0,0.0,1.37,0.0,2.54,0.0,8.33,3.63,661.06,0.0,1.65
256297696029778,1003.92,28,7.78,370.61,625.53,293.95,169.53,377.08,0.0,0.0,0.0,0.0,0.0,0.0,1.84,0.0,4.85,0.0,8.23,3.6,651.83,0.0,1.31
256297701945605,830.9,28,7.45,761.9,61.54,685.38,176.28,767.15,0.0,0.0,0.0,0.0,0.0,0.0,1.26,0.0,2.4,0.0,13.14,4.23,657.92,0.0,2.21
256297707947317,827.4,28,24.16,733.68,69.57,660.49,181.98,740.0,0.0,0.0,0.0,0.0,0.0,0.0,1.92,0.0,3.02,0.0,19.74,3.55,628.96,0.0,17.84
256297714032993,267.64,28,6.18,254.64,6.82,253.5,167.4,259.36,0.0,0.0,0.0,0.0,0.0,0.0,1.1,0.0,2.12,0.0,8.78,3.47,652.87,0.0,1.46
256297719029539,246.99,28,8.95,229.99,8.05,231.96,172.15,237.57,0.0,0.0,0.0,0.0,0.0,0.0,2.27,0.0,5.27,0.0,12.65,3.55,673.01,0.0,1.37
256297723801655,258.8,28,6.33,245.34,7.14,244.34,180.58,250.13,0.0,0.0,0.0,0.0,0.0,0.0,1.18,0.0,2.24,0.0,9.39,3.42,679.8,0.0,1.54
256297728972079,875.63,28,17.88,817.65,40.1,714.31,181.38,823.48,0.0,0.0,0.0,0.0,0.0,0.0,1.35,0.0,2.54,0.0,12.89,4.69,639.97,0.0,11.71
256297734971467,797.55,28,21.73,736.08,39.74,656.75,173.0,741.4,0.0,0.0,0.0,0.0,0.0,0.0,1.26,0.0,2.33,0.0,9.89,4.2,656.84,0.0,16.01
256297740846510,318.22,28,10.52,255.39,52.31,258.07,189.15,263.85,0.0,0.0,0.0,0.0,0.0,0.0,2.35,0.0,4.86,0.0,39.98,4.27,660.77,0.0,2.04
256297745674513,306.12,28,5.77,293.81,6.54,292.38,177.01,298.23,0.0,0.0,0.0,0.0,0.0,0.0,1.34,0.0,2.35,0.0,8.33,3.51,687.66,0.0,1.35
256297750907584,366.03,28,8.22,299.11,58.7,298.93,175.29,305.16,0.0,0.0,0.0,0.0,0.0,0.0,1.87,0.0,4.6,0.0,8.24,3.58,674.63,0.0,2.17
256297756265359,795.7,28,7.44,719.49,68.77,644.81,178.54,724.69,0.0,0.0,0.0,0.0,0.0,0.0,1.25,0.0,2.54,0.0,8.55,3.45,665.96,0.0,2.24
256297762557108,552.02,28,26.27,455.63,70.11,473.64,195.5,479.7,0.0,0.0,0.0,0.0,0.0,0.0,2.13,0.0,5.08,0.0,30.29,23.55,673.34,0.0,2.21
256297768011789,778.63,28,12.93,755.68,10.02,639.76,169.1,766.67,0.0,0.0,0.0,0.0,0.0,0.0,1.54,0.0,10.1,0.0,10.76,3.52,675.32,0.0,1.94
256297773891442,308.95,28,40.4,205.59,62.96,238.04,170.03,243.7,0.0,0.0,0.0,0.0,0.0,0.0,1.9,0.0,36.17,0.0,8.8,3.6,668.06,0.0,2.29
256297779027925,350.37,28,32.52,309.31,8.54,313.9,177.32,340.08,0.0,0.0,0.0,0.0,0.0,0.0,26.36,0.0,27.62,0.0,20.31,3.54,652.02,0.0,1.76
256297784045342,257.96,28,12.84,236.41,8.7,237.84,175.3,244.2,0.0,0.0,0.0,0.0,0.0,0.0,2.07,0.0,5.56,0.0,23.66,3.52,659.22,0.0,5.05
256297788789969,256.41,28,6.02,243.49,6.89,241.3,176.72,247.9,0.0,0.0,0.0,0.0,0.0,0.0,1.07,0.0,2.25,0.0,8.94,3.47,679.22,0.0,1.62
256297793920064,318.33,28,9.67,243.56,65.1,243.79,179.48,250.59,0.0,0.0,0.0,0.0,0.0,0.0,1.91,0.0,5.19,0.0,12.47,3.44,665.51,0.0,2.64
256297799121069,846.42,28,7.46,778.8,60.17,679.47,196.71,784.27,0.0,0.0,0.0,0.0,0.0,0.0,1.2,0.0,2.61,0.0,8.88,3.5,698.15,0.0,1.98
256297804971065,792.52,28,8.0,743.17,41.35,668.64,172.9,749.38,0.0,0.0,0.0,0.0,0.0,0.0,1.94,0.0,4.71,0.0,15.54,3.6,645.12,0.0,1.79
256297810515613,310.36,28,5.25,297.56,7.55,295.72,177.21,301.67,0.0,0.0,0.0,0.0,0.0,0.0,1.25,0.0,2.2,0.0,8.71,3.42,678.35,0.0,1.13
256297815779020,810.1,28,8.55,729.79,71.76,664.67,179.13,736.37,0.0,0.0,0.0,0.0,0.0,0.0,1.96,0.0,4.66,0.0,9.45,3.49,652.41,0.0,1.95
256297821899018,371.59,28,12.38,291.66,67.55,290.45,176.68,297.18,0.0,0.0,0.0,0.0,0.0,0.0,1.19,0.0,2.49,0.0,14.02,3.48,660.69,0.0,6.86
256297826766657,360.15,28,24.71,328.19,7.25,344.23,187.96,350.47,0.0,0.0,0.0,0.0,0.0,0.0,1.92,0.0,4.52,0.0,27.79,22.5,682.69,0.0,2.44
256297831623020,465.58,28,5.96,451.97,7.65,450.44,177.44,456.63,0.0,0.0,0.0,0.0,0.0,0.0,1.01,0.0,2.04,0.0,9.48,3.56,666.48,0.0,1.3
256297837024146,744.65,28,8.84,725.88,9.93,657.17,176.35,732.86,0.0,0.0,0.0,0.0,0.0,0.0,2.29,0.0,4.88,0.0,13.32,3.57,657.68,0.0,1.86
256297843013475,323.52,28,9.39,305.94,8.19,305.13,181.66,311.14,0.0,0.0,0.0,0.0,0.0,0.0,1.43,0.0,2.6,0.0,16.56,3.57,665.19,0.0,4.19
256297847848789,337.78,28,9.88,320.36,7.54,322.64,210.0,328.95,0.0,0.0,0.0,0.0,0.0,0.0,1.46,0.0,4.16,0.0,51.93,5.14,670.3,0.0,1.29
256297853024835,728.3,28,5.59,716.32,6.39,646.19,194.1,720.74,0.0,0.0,0.0,0.0,0.0,0.0,1.2,0.0,2.24,0.0,8.16,3.56,678.15,0.0,1.17
256297858451579,314.96,28,8.17,298.7,8.1,297.19,174.84,305.46,0.0,0.0,0.0,0.0,0.0,0.0,1.63,0.0,4.48,0.0,8.79,3.47,669.13,0.0,1.4
256297863707580,891.77,28,6.3,823.05,62.42,719.74,173.38,827.22,0.0,0.0,0.0,0.0,0.0,0.0,1.18,0.0,2.23,0.0,9.27,3.54,638.63,0.0,2.14
256297870082210,785.48,28,48.05,679.08,58.35,644.95,202.13,725.02,0.0,0.0,0.0,0.0,0.0,0.0,1.85,0.0,4.46,0.0,52.46,46.42,658.45,0.0,2.03
256297875968212,774.88,28,6.79,723.94,44.16,656.6,171.93,729.17,0.0,0.0,0.0,0.0,0.0,0.0,1.27,0.0,2.52,0.0,12.97,3.57,650.37,0.0,1.55
256297881950534,260.45,28,7.4,245.18,7.87,235.11,177.65,251.06,0.0,0.0,0.0,0.0,0.0,0.0,1.68,0.0,4.3,0.0,9.48,3.52,678.21,0.0,1.53
256297887026637,878.14,28,6.15,861.38,10.62,748.51,180.27,865.83,0.0,0.0,0.0,0.0,0.0,0.0,1.23,0.0,2.21,0.0,8.31,3.53,662.33,0.0,1.71
256297893012912,235.37,28,8.61,218.82,7.94,219.77,162.08,226.31,0.0,0.0,0.0,0.0,0.0,0.0,2.0,0.0,5.23,0.0,11.23,3.56,651.88,0.0,1.12
256297898030895,317.61,28,6.57,302.46,8.59,298.85,177.49,307.54,0.0,0.0,0.0,0.0,0.0,0.0,1.2,0.0,2.36,0.0,12.38,3.53,668.39,0.0,1.49
256297903321904,791.85,28,8.35,724.81,58.69,649.88,179.7,731.24,0.0,0.0,0.0,0.0,0.0,0.0,1.73,0.0,4.85,0.0,8.32,3.55,639.07,0.0,1.92
256297909643449,494.21,28,27.51,412.47,54.23,408.93,180.38,418.47,0.0,0.0,0.0,0.0,0.0,0.0,1.46,0.0,2.44,0.0,9.08,4.54,658.42,0.0,21.4
256297915029070,266.88,28,10.71,247.59,8.58,247.15,174.74,253.34,0.0,0.0,0.0,0.0,0.0,0.0,1.52,0.0,4.2,0.0,12.42,3.61,666.24,0.0,4.58
256297920035262,248.66,28,6.61,233.39,8.66,231.7,171.28,238.01,0.0,0.0,0.0,0.0,0.0,0.0,1.27,0.0,2.53,0.0,9.62,3.44,669.93,0.0,1.98
256297925031265,738.66,28,12.55,716.85,9.26,637.67,176.44,722.32,0.0,0.0,0.0,0.0,0.0,0.0,1.31,0.0,2.44,0.0,10.4,4.82,660.14,0.0,6.63
256297930884226,298.12,28,20.57,220.62,56.92,217.8,174.33,226.6,0.0,0.0,0.0,0.0,0.0,0.0,1.42,0.0,2.51,0.0,12.21,3.61,647.48,0.0,14.45
256297936037322,784.61,28,8.16,765.2,11.24,690.26,195.13,771.99,0.0,0.0,0.0,0.0,0.0,0.0,2.1,0.0,4.73,0.0,26.24,3.64,665.39,0.0,1.36
256297941962212,791.79,28,8.72,732.69,50.38,664.87,184.74,739.62,0.0,0.0,0.0,0.0,0.0,0.0,1.03,0.0,2.18,0.0,10.92,6.1,668.2,0.0,1.8
256297947971823,768.22,28,20.96,706.93,40.32,638.37,188.15,713.3,0.0,0.0,0.0,0.0,0.0,0.0,1.3,0.0,2.39,0.0,25.88,4.51,671.18,0.0,14.53
256297953958219,964.26,28,6.82,905.28,52.16,781.03,175.79,910.34,0.0,0.0,0.0,0.0,0.0,0.0,1.23,0.0,2.64,0.0,8.0,3.46,679.46,0.0,1.76
256297959955628,785.5,28,9.53,720.72,55.24,667.7,181.25,727.76,0.0,0.0,0.0,0.0,0.0,0.0,1.77,0.0,4.53,0.0,12.92,3.69,688.2,0.0,2.49
256297965907551,307.31,28,6.2,238.21,62.91,236.17,174.23,242.72,0.0,0.0,0.0,0.0,0.0,0.0,0.96,0.0,1.98,0.0,8.29,3.54,667.31,0.0,1.69
256297971028997,323.19,28,9.37,303.97,9.85,304.44,173.29,311.48,0.0,0.0,0.0,0.0,0.0,0.0,1.56,0.0,4.45,0.0,18.98,3.49,661.74,0.0,1.86
256297976038683,748.58,28,6.26,733.42,8.9,657.03,174.63,738.14,0.0,0.0,0.0,0.0,0.0,0.0,1.24,0.0,2.34,0.0,12.84,3.57,672.21,0.0,1.54
256297982036594,267.35,28,12.33,246.78,8.24,248.71,171.25,254.54,0.0,0.0,0.0,0.0,0.0,0.0,1.99,0.0,4.76,0.0,11.81,3.54,648.28,0.0,4.57
256297987030085,246.81,28,6.51,231.91,8.39,230.53,175.91,236.92,0.0,0.0,0.0,0.0,0.0,0.0,1.59,0.0,2.7,0.0,10.95,3.51,668.75,0.0,1.5
256297992032493,247.26,28,7.9,232.15,7.21,232.98,175.42,238.8,0.0,0.0,0.0,0.0,0.0,0.0,1.91,0.0,4.9,0.0,9.47,3.52,660.89,0.0,1.21
256297997074844,307.57,28,6.12,292.51,8.94,291.12,176.93,296.93,0.0,0.0,0.0,0.0,0.0,0.0,1.16,0.0,2.13,0.0,9.88,3.56,674.15,0.0,1.71
256298002031860,306.62,28,5.75,292.92,7.96,291.2,172.81,297.04,0.0,0.0,0.0,0.0,0.0,0.0,0.99,0.0,2.17,0.0,7.8,3.49,657.02,0.0,1.62
256298006837831,247.96,28,6.74,233.8,7.43,231.72,169.35,238.49,0.0,0.0,0.0,0.0,0.0,0.0,1.21,0.0,2.21,0.0,9.8,3.56,653.45,0.0,2.05
256298012006777,755.68,28,8.46,736.49,10.74,657.7,175.66,743.01,0.0,0.0,0.0,0.0,0.0,0.0,2.37,0.0,5.21,0.0,8.76,3.48,651.19,0.0,1.94
256298017958246,785.02,28,8.76,723.77,52.49,639.25,177.29,729.37,0.0,0.0,0.0,0.0,0.0,0.0,1.2,0.0,2.44,0.0,10.95,5.3,664.3,0.0,3.16
256298023904486,369.71,28,10.49,292.16,67.06,292.44,172.36,300.89,0.0,0.0,0.0,0.0,0.0,0.0,4.69,0.0,7.8,0.0,11.37,3.51,660.97,0.0,1.76
256298028820265,313.06,28,5.99,298.9,8.16,296.33,174.04,303.07,0.0,0.0,0.0,0.0,0.0,0.0,1.22,0.0,2.27,0.0,8.56,3.48,675.35,0.0,1.82
256298034005071,778.78,28,9.0,760.76,9.02,681.95,165.86,768.07,0.0,0.0,0.0,0.0,0.0,0.0,1.87,0.0,4.85,0.0,15.11,3.83,619.16,0.0,1.68
256298039895908,271.82,28,11.42,252.15,8.25,249.61,172.85,257.83,0.0,0.0,0.0,0.0,0.0,0.0,1.45,0.0,2.59,0.0,10.18,3.43,648.01,0.0,5.68
256298045005603,844.88,28,7.25,829.3,8.33,737.13,181.91,834.73,0.0,0.0,0.0,0.0,0.0,0.0,1.73,0.0,4.45,0.0,9.02,3.52,681.8,0.0,1.81
256298051023685,314.66,28,6.95,300.44,7.28,298.19,171.13,305.55,0.0,0.0,0.0,0.0,0.0,0.0,1.49,0.0,2.79,0.0,9.2,3.66,652.24,0.0,1.83
256298056168968,836.73,28,8.6,760.94,67.19,645.58,176.01,767.58,0.0,0.0,0.0,0.0,0.0,0.0,1.6,0.0,4.43,0.0,10.65,3.52,650.55,0.0,1.96
256298062010802,305.28,28,6.79,291.95,6.54,289.65,174.91,296.75,0.0,0.0,0.0,0.0,0.0,0.0,1.47,0.0,2.61,0.0,8.53,3.43,691.19,0.0,1.99
256298067035913,314.72,28,22.81,283.94,7.97,298.67,179.29,305.28,0.0,0.0,0.0,0.0,0.0,0.0,16.81,0.0,19.05,0.0,11.38,3.46,664.73,0.0,1.47
256298072029675,264.03,28,11.6,244.62,7.81,245.65,182.16,254.63,0.0,0.0,0.0,0.0,0.0,0.0,1.31,0.0,7.45,0.0,21.6,3.55,659.47,0.0,1.59
256298077026561,236.48,28,12.62,215.61,8.25,215.92,174.71,223.01,0.0,0.0,0.0,0.0,0.0,0.0,2.42,0.0,5.75,0.0,13.35,3.5,658.47,0.0,5.21
256298081813899,314.29,28,6.2,299.99,8.1,296.63,173.0,304.74,0.0,0.0,0.0,0.0,0.0,0.0,1.44,0.0,2.53,0.0,8.6,3.44,663.14,0.0,1.44
256298087005142,800.7,28,9.42,782.6,8.68,687.37,185.4,790.3,0.0,0.0,0.0,0.0,0.0,0.0,1.95,0.0,5.07,0.0,14.17,3.52,651.56,0.0,1.72
256298092533883,312.86,28,6.37,298.53,7.97,294.96,183.38,303.54,0.0,0.0,0.0,0.0,0.0,0.0,1.34,0.0,2.5,0.0,9.53,3.51,693.19,0.0,1.35
256298097745838,304.24,28,7.4,233.86,62.98,232.84,176.98,239.29,0.0,0.0,0.0,0.0,0.0,0.0,1.68,0.0,4.29,0.0,9.08,3.47,680.6,0.0,1.97
256298102995378,737.66,28,7.69,714.72,15.25,637.58,178.09,720.77,0.0,0.0,0.0,0.0,0.0,0.0,1.57,0.0,2.67,0.0,12.84,4.94,660.24,0.0,1.64
256298108891775,304.3,28,12.22,231.7,60.39,235.26,178.51,241.47,0.0,0.0,0.0,0.0,0.0,0.0,2.26,0.0,5.48,0.0,16.08,5.6,661.52,0.0,2.45
256298114028375,319.36,28,14.56,296.94,7.85,296.0,183.82,302.71,0.0,0.0,0.0,0.0,0.0,0.0,1.18,0.0,2.24,0.0,17.26,3.53,652.22,0.0,8.8
256298118839102,245.24,28,7.68,229.83,7.73,229.47,174.05,235.95,0.0,0.0,0.0,0.0,0.0,0.0,1.78,0.0,4.52,0.0,9.23,3.45,667.12,0.0,1.56
256298124027690,773.91,28,6.8,757.44,9.67,673.09,176.74,762.23,0.0,0.0,0.0,0.0,0.0,0.0,1.52,0.0,2.69,0.0,8.45,3.49,669.18,0.0,2.01
256298129992554,334.76,28,9.03,305.32,20.42,305.83,175.92,312.18,0.0,0.0,0.0,0.0,0.0,0.0,2.04,0.0,4.93,0.0,16.78,3.47,668.59,0.0,2.16
256298134857713,313.62,28,5.58,299.8,8.23,297.62,173.31,303.87,0.0,0.0,0.0,0.0,0.0,0.0,1.17,0.0,2.12,0.0,9.67,3.48,671.29,0.0,1.51
256298139679911,326.42,28,7.34,309.89,9.19,308.71,171.37,315.65,0.0,0.0,0.0,0.0,0.0,0.0,1.87,0.0,4.86,0.0,8.84,3.54,650.46,0.0,1.57
256298144903519,370.44,28,6.97,303.06,60.42,301.35,177.26,307.98,0.0,0.0,0.0,0.0,0.0,0.0,1.03,0.0,2.04,0.0,10.73,3.6,673.67,0.0,2.04
256298149789969,261.81,28,10.15,242.64,9.02,241.12,176.36,248.38,0.0,0.0,0.0,0.0,0.0,0.0,1.37,0.0,3.39,0.0,10.91,3.64,667.25,0.0,4.41
256298154980684,744.72,28,9.12,705.39,30.21,634.44,183.97,712.32,0.0,0.0,0.0,0.0,0.0,0.0,1.56,0.0,2.82,0.0,28.58,4.1,656.13,0.0,2.2
256298160486845,574.97,28,8.49,558.12,8.36,557.84,175.57,564.69,0.0,0.0,0.0,0.0,0.0,0.0,1.86,0.0,5.15,0.0,13.14,3.55,672.85,0.0,1.91
256298166007037,727.78,28,6.09,710.7,10.99,641.48,189.5,715.11,0.0,0.0,0.0,0.0,0.0,0.0,1.18,0.0,2.17,0.0,8.74,3.55,685.12,0.0,1.68
256298171958940,814.62,28,55.72,703.33,55.57,682.45,211.31,757.23,0.0,0.0,0.0,0.0,0.0,0.0,2.2,0.0,5.36,0.0,64.87,56.23,683.47,0.0,1.82
256298177903054,332.04,28,24.42,240.64,66.98,236.71,179.18,247.36,0.0,0.0,0.0,0.0,0.0,0.0,1.31,0.0,2.26,0.0,11.38,5.56,649.75,0.0,16.99
256298183033374,236.57,28,9.34,219.86,7.37,219.73,171.57,227.06,0.0,0.0,0.0,0.0,0.0,0.0,2.06,0.0,4.69,0.0,8.6,3.48,662.57,0.0,2.14
256298188026638,726.76,28,6.2,710.52,10.04,637.35,177.53,714.83,0.0,0.0,0.0,0.0,0.0,0.0,1.21,0.0,2.61,0.0,8.45,3.72,644.68,0.0,1.88
256298193897223,389.03,28,9.54,306.97,72.52,308.2,177.43,314.44,0.0,0.0,0.0,0.0,0.0,0.0,1.94,0.0,4.69,0.0,13.05,3.57,666.28,0.0,2.07
256298198845873,341.1,28,7.09,325.71,8.3,324.76,194.74,330.76,0.0,0.0,0.0,0.0,0.0,0.0,1.22,0.0,2.25,0.0,19.64,3.58,668.27,0.0,2.04
256298204022590,241.57,28,12.59,220.77,8.21,221.94,168.61,227.7,0.0,0.0,0.0,0.0,0.0,0.0,1.5,0.0,4.32,0.0,11.54,3.57,642.92,0.0,5.66
256298208787935,346.83,28,6.16,333.93,6.75,332.55,176.68,338.56,0.0,0.0,0.0,0.0,0.0,0.0,1.24,0.0,2.2,0.0,8.71,3.46,651.9,0.0,1.52
256298214028266,269.36,28,8.45,251.34,9.56,252.53,173.71,258.31,0.0,0.0,0.0,0.0,0.0,0.0,1.74,0.0,4.77,0.0,11.66,3.53,661.65,0.0,1.48
256298218819000,320.08,28,7.37,305.17,7.54,302.15,176.87,310.3,0.0,0.0,0.0,0.0,0.0,0.0,1.24,0.0,2.24,0.0,13.9,3.46,678.62,0.0,2.24
256298224032293,258.45,28,8.46,242.11,7.87,242.72,169.41,249.28,0.0,0.0,0.0,0.0,0.0,0.0,1.7,0.0,4.9,0.0,8.96,3.49,657.4,0.0,1.29
256298229034678,244.78,28,6.68,229.37,8.72,228.15,173.22,234.16,0.0,0.0,0.0,0.0,0.0,0.0,1.46,0.0,2.48,0.0,9.18,3.52,672.67,0.0,1.74
256298234032689,1009.75,28,8.4,460.63,540.71,393.49,167.41,467.8,0.0,0.0,0.0,0.0,0.0,0.0,1.89,0.0,4.81,0.0,14.2,3.62,652.59,0.0,1.23
256298240004742,833.78,28,6.41,771.23,56.15,665.56,186.06,775.86,0.0,0.0,0.0,0.0,0.0,0.0,1.57,0.0,2.68,0.0,9.46,3.65,681.85,0.0,1.77
256298245886660,404.54,28,28.67,312.19,63.68,311.77,183.6,319.64,0.0,0.0,0.0,0.0,0.0,0.0,1.6,0.0,2.64,0.0,16.17,6.56,666.75,0.0,21.16
256298251028052,314.55,28,5.89,300.3,8.35,298.46,175.06,304.39,0.0,0.0,0.0,0.0,0.0,0.0,1.37,0.0,2.33,0.0,8.47,3.49,684.98,0.0,1.81
256298256032529,753.28,28,115.6,627.14,10.54,656.8,277.86,740.91,0.0,0.0,0.0,0.0,0.0,0.0,2.06,0.0,5.3,0.0,119.63,110.69,646.56,0.0,1.83
256298261966812,832.67,28,7.03,781.03,44.62,710.02,178.58,785.91,0.0,0.0,0.0,0.0,0.0,0.0,1.57,0.0,2.78,0.0,8.03,3.54,672.68,0.0,2.15
256298267910050,790.38,28,53.34,678.85,58.19,643.56,170.78,730.19,0.0,0.0,0.0,0.0,0.0,0.0,2.17,0.0,50.42,0.0,13.86,3.5,677.36,0.0,2.0
256298273892264,365.53,28,55.23,248.1,62.21,294.98,164.65,301.39,0.0,0.0,0.0,0.0,0.0,0.0,1.53,0.0,52.42,0.0,9.83,3.89,657.28,0.0,1.94
256298279216903,788.94,28,8.88,708.81,71.25,637.14,175.92,715.73,0.0,0.0,0.0,0.0,0.0,0.0,1.87,0.0,3.16,0.0,13.97,4.37,676.16,0.0,1.96
256298285112933,310.79,28,5.78,296.74,8.27,295.37,176.83,301.06,0.0,0.0,0.0,0.0,0.0,0.0,1.03,0.0,2.23,0.0,8.47,3.43,681.68,0.0,1.46
256298290029925,258.27,28,8.25,241.08,8.93,239.26,175.18,246.2,0.0,0.0,0.0,0.0,0.0,0.0,1.33,0.0,3.47,0.0,12.25,3.52,667.47,0.0,2.51
256298295028520,320.68,28,9.82,302.84,8.02,301.62,176.3,307.23,0.0,0.0,0.0,0.0,0.0,0.0,1.12,0.0,2.26,0.0,14.17,3.46,651.4,0.0,5.31
256298299914080,320.78,28,8.0,305.1,7.68,305.48,172.2,311.12,0.0,0.0,0.0,0.0,0.0,0.0,1.64,0.0,4.28,0.0,7.91,3.42,660.55,0.0,1.83
256298305029164,310.53,28,5.98,296.25,8.3,293.87,177.01,300.25,0.0,0.0,0.0,0.0,0.0,0.0,1.08,0.0,2.09,0.0,9.14,3.58,666.79,0.0,1.92
256298310031480,708.07,28,10.56,689.06,8.45,640.48,170.89,697.9,0.0,0.0,0.0,0.0,0.0,0.0,3.12,0.0,6.49,0.0,11.48,3.65,635.73,0.0,1.7
256298315850235,250.69,28,5.76,237.16,7.77,235.21,176.28,241.53,0.0,0.0,0.0,0.0,0.0,0.0,1.5,0.0,2.49,0.0,9.05,3.54,680.42,0.0,1.39
256298321005985,230.2,28,6.79,215.32,8.08,214.52,169.5,220.61,0.0,0.0,0.0,0.0,0.0,0.0,1.52,0.0,4.18,0.0,11.12,3.49,653.86,0.0,1.39
256298326028628,239.22,28,6.93,223.42,8.87,221.58,173.6,228.15,0.0,0.0,0.0,0.0,0.0,0.0,1.31,0.0,2.35,0.0,8.27,3.51,665.74,0.0,2.2
256298331053715,250.28,28,6.9,235.46,7.91,225.68,180.77,240.45,0.0,0.0,0.0,0.0,0.0,0.0,1.24,0.0,2.26,0.0,13.01,3.51,673.21,0.0,1.92
256298336033289,307.92,28,7.34,292.58,8.0,290.67,177.79,297.97,0.0,0.0,0.0,0.0,0.0,0.0,1.39,0.0,2.74,0.0,13.25,3.41,668.13,0.0,1.94
256298341038106,318.4,28,8.69,302.15,7.57,302.3,167.53,308.93,0.0,0.0,0.0,0.0,0.0,0.0,1.98,0.0,5.11,0.0,10.09,3.46,653.51,0.0,1.9
256298346459909,607.48,28,6.53,534.5,66.45,531.39,187.46,539.24,0.0,0.0,0.0,0.0,0.0,0.0,1.4,0.0,2.46,0.0,11.39,3.4,684.64,0.0,1.79
256298351634832,241.46,28,8.85,225.65,6.96,225.84,174.79,232.66,0.0,0.0,0.0,0.0,0.0,0.0,1.98,0.0,4.55,0.0,10.73,3.44,657.68,0.0,1.83
256298356832460,330.62,28,34.92,233.32,62.37,259.8,205.94,266.34,0.0,0.0,0.0,0.0,0.0,0.0,1.17,0.0,2.19,0.0,38.3,33.06,674.21,0.0,1.91
256298362019772,251.28,28,11.98,232.3,7.0,234.15,177.9,240.31,0.0,0.0,0.0,0.0,0.0,0.0,2.09,0.0,5.33,0.0,17.73,3.56,667.41,0.0,3.98
256298367026881,752.51,28,5.76,737.62,9.14,661.48,174.42,742.11,0.0,0.0,0.0,0.0,0.0,0.0,1.2,0.0,2.23,0.0,8.39,3.44,670.11,0.0,1.27
256298372758738,515.72,28,8.15,498.8,8.78,419.61,185.67,504.64,0.0,0.0,0.0,0.0,0.0,0.0,1.5,0.0,4.24,0.0,27.84,3.46,660.54,0.0,2.22
256298378715645,463.52,28,11.13,385.12,67.27,387.08,212.19,394.41,0.0,0.0,0.0,0.0,0.0,0.0,1.0,0.0,2.14,0.0,52.22,7.96,693.04,0.0,1.84
256298384020997,306.89,28,7.82,290.58,8.49,290.79,166.52,296.83,0.0,0.0,0.0,0.0,0.0,0.0,1.71,0.0,4.9,0.0,9.51,3.47,656.35,0.0,1.57
256298388888620,245.61,28,7.7,228.94,8.97,228.24,175.39,234.31,0.0,0.0,0.0,0.0,0.0,0.0,1.65,0.0,2.64,0.0,8.97,3.51,664.99,0.0,2.34
256298394027865,310.21,28,7.42,294.41,8.38,293.64,172.05,299.66,0.0,0.0,0.0,0.0,0.0,0.0,1.64,0.0,3.95,0.0,8.26,3.44,676.88,0.0,2.16
256298399039572,313.48,28,11.89,293.44,8.15,293.12,185.27,299.41,0.0,0.0,0.0,0.0,0.0,0.0,1.48,0.0,2.64,0.0,18.81,3.53,652.64,0.0,5.93
256298404187931,743.89,28,9.13,678.27,56.49,634.91,177.83,685.33,0.0,0.0,0.0,0.0,0.0,0.0,1.83,0.0,4.25,0.0,10.64,4.15,675.06,0.0,2.06
256298410027673,314.01,28,8.86,297.25,7.91,297.74,170.11,304.67,0.0,0.0,0.0,0.0,0.0,0.0,5.31,0.0,6.36,0.0,9.62,3.49,670.06,0.0,1.44
256298415035189,709.99,28,68.82,632.59,8.57,651.06,220.53,699.67,0.0,0.0,0.0,0.0,0.0,0.0,1.86,0.0,5.28,0.0,70.48,63.22,657.47,0.0,1.74
256298421005877,765.41,28,6.91,749.74,8.77,662.36,183.91,754.94,0.0,0.0,0.0,0.0,0.0,0.0,1.09,0.0,2.04,0.0,11.37,3.63,665.65,0.0,1.7
256298426466780,241.63,28,8.14,224.73,8.76,225.42,170.64,231.46,0.0,0.0,0.0,0.0,0.0,0.0,2.04,0.0,4.96,0.0,10.37,3.44,663.35,0.0,1.41
256298431223813,243.81,28,19.0,217.04,7.76,227.91,188.57,234.56,0.0,0.0,0.0,0.0,0.0,0.0,1.56,0.0,2.72,0.0,20.8,16.51,658.49,0.0,1.49
256298436423777,369.57,28,9.79,301.51,58.27,302.98,169.49,309.29,0.0,0.0,0.0,0.0,0.0,0.0,1.97,0.0,4.8,0.0,8.94,3.48,652.99,0.0,2.01
256298442027312,311.63,28,6.23,296.71,8.69,293.38,169.35,301.05,0.0,0.0,0.0,0.0,0.0,0.0,1.26,0.0,2.26,0.0,10.94,3.49,639.45,0.0,1.89
256298447035433,762.98,28,18.05,734.67,10.25,662.69,174.86,740.12,0.0,0.0,0.0,0.0,0.0,0.0,1.29,0.0,2.4,0.0,10.84,3.53,643.39,0.0,12.3
256298452951972,785.39,28,7.58,717.54,60.27,635.5,194.26,723.26,0.0,0.0,0.0,0.0,0.0,0.0,1.26,0.0,2.38,0.0,16.41,3.83,695.45,0.0,1.86
256298458988757,773.58,28,7.61,737.17,28.8,654.0,184.58,742.44,0.0,0.0,0.0,0.0,0.0,0.0,1.27,0.0,2.46,0.0,12.58,4.57,654.3,0.0,2.34
256298465034171,739.84,28,6.77,724.15,8.92,652.21,186.73,729.17,0.0,0.0,0.0,0.0,0.0,0.0,1.29,0.0,2.31,0.0,9.43,3.5,685.36,0.0,1.75
256298470878129,365.62,28,9.34,294.29,61.99,294.56,186.92,301.37,0.0,0.0,0.0,0.0,0.0,0.0,1.47,0.0,4.14,0.0,9.46,4.37,661.29,0.0,2.26
256298476038413,312.13,28,6.63,298.65,6.85,295.89,178.42,303.47,0.0,0.0,0.0,0.0,0.0,0.0,1.43,0.0,2.38,0.0,10.18,3.4,676.98,0.0,1.82
256298481066417,260.56,28,13.84,239.51,7.21,242.28,178.19,247.88,0.0,0.0,0.0,0.0,0.0,0.0,2.04,0.0,5.24,0.0,16.56,3.57,663.71,0.0,5.47
256298486042216,752.69,28,15.58,727.87,9.24,651.57,221.36,736.37,0.0,0.0,0.0,0.0,0.0,0.0,1.4,0.0,2.5,0.0,63.26,6.0,677.5,0.0,7.08
256298491912019,296.95,28,11.92,223.04,61.99,225.92,185.69,232.22,0.0,0.0,0.0,0.0,0.0,0.0,2.56,0.0,5.83,0.0,24.32,3.52,666.0,0.0,2.74
256298497032858,772.67,28,6.0,756.98,9.7,668.38,186.71,760.91,0.0,0.0,0.0,0.0,0.0,0.0,1.1,0.0,2.16,0.0,8.0,3.54,692.51,0.0,2.07
256298502932245,385.92,28,12.76,306.21,66.95,307.6,177.37,313.69,0.0,0.0,0.0,0.0,0.0,0.0,2.25,0.0,5.26,0.0,23.02,3.5,658.65,0.0,5.23
256298508044768,307.92,28,16.23,282.83,8.85,290.93,181.0,297.18,0.0,0.0,0.0,0.0,0.0,0.0,1.33,0.0,2.42,0.0,20.18,14.72,660.36,0.0,1.88
256298513040524,311.51,28,8.87,294.56,8.08,295.67,173.22,301.51,0.0,0.0,0.0,0.0,0.0,0.0,1.92,0.0,4.47,0.0,8.83,3.47,678.08,0.0,1.92
256298518028857,719.67,28,12.08,697.98,9.61,647.56,179.15,703.53,0.0,0.0,0.0,0.0,0.0,0.0,1.44,0.0,2.44,0.0,9.56,3.82,667.84,0.0,6.21
256298524028231,311.83,28,9.23,295.23,7.37,296.48,173.92,302.35,0.0,0.0,0.0,0.0,0.0,0.0,1.79,0.0,4.49,0.0,18.82,3.53,667.28,0.0,2.11
256298529031231,315.95,28,14.01,293.25,8.69,299.62,174.76,305.65,0.0,0.0,0.0,0.0,0.0,0.0,1.34,0.0,2.43,0.0,16.43,11.44,674.21,0.0,1.61
256298534029551,317.03,28,8.26,300.08,8.68,298.87,174.15,306.42,0.0,0.0,0.0,0.0,0.0,0.0,1.89,0.0,4.98,0.0,10.02,3.49,659.58,0.0,1.92
256298539033398,318.49,28,9.49,300.56,8.43,297.83,173.21,305.39,0.0,0.0,0.0,0.0,0.0,0.0,1.43,0.0,2.47,0.0,9.36,3.48,660.58,0.0,4.67
256298544037829,247.98,28,7.67,232.77,7.54,232.18,173.36,238.77,0.0,0.0,0.0,0.0,0.0,0.0,1.89,0.0,4.84,0.0,8.55,3.47,674.97,0.0,1.67
256298549037533,834.5,28,109.06,714.96,10.48,642.39,190.23,720.98,0.0,0.0,0.0,0.0,0.0,0.0,1.48,0.0,2.6,0.0,26.26,3.59,685.85,0.0,102.96
256298554981581,769.5,28,17.91,717.76,33.83,675.03,177.52,723.85,0.0,0.0,0.0,0.0,0.0,0.0,1.1,0.0,2.46,0.0,13.78,4.38,658.48,0.0,11.82
256298560514133,318.58,28,5.92,304.56,8.1,301.59,171.64,308.54,0.0,0.0,0.0,0.0,0.0,0.0,1.27,0.0,2.33,0.0,9.54,3.49,650.45,0.0,1.94
256298565762789,446.68,28,10.03,369.91,66.74,370.83,170.93,378.2,0.0,0.0,0.0,0.0,0.0,0.0,2.19,0.0,5.09,0.0,16.4,3.55,630.35,0.0,1.75
256298571041113,321.17,28,11.99,300.51,8.66,298.98,175.22,305.9,0.0,0.0,0.0,0.0,0.0,0.0,1.32,0.0,2.34,0.0,17.02,3.49,648.38,0.0,6.45
256298576038474,237.96,28,10.14,219.3,8.51,222.34,173.07,227.97,0.0,0.0,0.0,0.0,0.0,0.0,2.75,0.0,5.98,0.0,13.93,3.55,668.98,0.0,1.47
256298581023722,740.45,28,24.75,706.61,9.08,651.12,183.45,729.52,0.0,0.0,0.0,0.0,0.0,0.0,2.85,0.0,22.01,0.0,10.89,3.49,662.52,0.0,1.85
256298586832278,354.18,28,44.09,246.9,63.19,282.81,173.55,288.64,0.0,0.0,0.0,0.0,0.0,0.0,2.34,0.0,40.41,0.0,11.52,3.52,666.64,0.0,2.34
256298592030853,251.44,28,11.03,231.97,8.44,235.29,176.52,241.25,0.0,0.0,0.0,0.0,0.0,0.0,5.71,0.0,7.23,0.0,12.91,3.48,671.97,0.0,1.74
256298597051231,738.58,28,8.76,717.81,12.01,643.53,179.12,724.05,0.0,0.0,0.0,0.0,0.0,0.0,1.87,0.0,5.1,0.0,11.75,3.6,678.47,0.0,2.52
256298603043988,314.02,28,6.55,300.25,7.22,298.36,172.99,304.85,0.0,0.0,0.0,0.0,0.0,0.0,1.26,0.0,2.38,0.0,8.52,3.43,660.98,0.0,1.95
256298608026628,252.34,28,9.45,234.07,8.82,234.9,170.45,241.17,0.0,0.0,0.0,0.0,0.0,0.0,1.69,0.0,4.94,0.0,11.77,3.44,668.86,0.0,2.35
256298613029178,312.98,28,6.73,297.24,9.01,295.28,169.35,301.78,0.0,0.0,0.0,0.0,0.0,0.0,1.11,0.0,2.07,0.0,9.68,3.56,654.83,0.0,2.19
256298618061006,245.51,28,12.25,224.85,8.41,225.1,177.6,232.09,0.0,0.0,0.0,0.0,0.0,0.0,1.96,0.0,4.94,0.0,16.31,3.56,655.12,0.0,5.02
256298622850804,297.91,28,7.68,281.43,8.81,281.09,178.4,287.06,0.0,0.0,0.0,0.0,0.0,0.0,1.21,0.0,2.3,0.0,12.16,4.46,668.7,0.0,2.04
256298628024270,735.64,28,8.62,718.82,8.2,632.53,193.43,725.52,0.0,0.0,0.0,0.0,0.0,0.0,1.98,0.0,4.47,0.0,8.31,3.55,686.04,0.0,1.92
256298634020827,778.93,28,32.2,736.78,9.94,669.99,196.95,767.14,0.0,0.0,0.0,0.0,0.0,0.0,1.31,0.0,2.39,0.0,36.08,31.18,674.4,0.0,1.84
256298640032988,759.88,28,20.08,728.06,11.75,651.03,171.66,737.93,0.0,0.0,0.0,0.0,0.0,0.0,1.2,0.0,2.38,0.0,17.32,9.75,640.15,0.0,9.88
256298645950349,823.32,28,6.76,755.71,60.85,657.98,172.49,760.49,0.0,0.0,0.0,0.0,0.0,0.0,1.3,0.0,2.53,0.0,13.36,3.54,639.63,0.0,1.98
256298651907921,382.21,28,8.92,302.34,70.95,302.4,174.94,308.74,0.0,0.0,0.0,0.0,0.0,0.0,1.76,0.0,4.26,0.0,15.47,3.58,657.62,0.0,2.43
256298657039151,263.91,28,5.45,249.95,8.51,247.87,169.35,254.28,0.0,0.0,0.0,0.0,0.0,0.0,1.2,0.0,2.18,0.0,8.47,3.58,652.93,0.0,1.13
256298662039456,801.78,28,9.18,780.47,12.13,686.68,181.82,787.82,0.0,0.0,0.0,0.0,0.0,0.0,1.7,0.0,4.81,0.0,14.91,3.53,679.01,0.0,1.83
256298667531973,319.45,28,6.25,305.51,7.7,303.46,171.62,309.91,0.0,0.0,0.0,0.0,0.0,0.0,1.19,0.0,2.24,0.0,8.65,3.52,672.75,0.0,1.85
256298672912005,390.34,28,26.64,296.49,67.21,292.57,177.05,303.7,0.0,0.0,0.0,0.0,0.0,0.0,2.42,0.0,3.5,0.0,18.88,4.63,648.24,0.0,18.95
256298677838346,345.12,28,6.14,330.81,8.16,329.07,171.85,335.07,0.0,0.0,0.0,0.0,0.0,0.0,1.33,0.0,2.26,0.0,8.73,3.58,655.98,0.0,1.89
256298683029863,319.19,28,13.19,297.1,8.9,297.7,177.1,303.93,0.0,0.0,0.0,0.0,0.0,0.0,1.83,0.0,4.86,0.0,14.43,3.42,663.78,0.0,6.35
256298688047365,733.03,28,6.37,717.66,9.0,637.09,185.56,722.48,0.0,0.0,0.0,0.0,0.0,0.0,1.28,0.0,2.33,0.0,9.32,3.8,658.11,0.0,1.56
256298693915805,385.17,28,10.67,303.72,70.77,305.23,183.44,311.91,0.0,0.0,0.0,0.0,0.0,0.0,3.31,0.0,5.88,0.0,27.74,3.61,665.5,0.0,2.48
256298698850796,326.38,28,6.1,312.38,7.9,299.6,180.12,316.63,0.0,0.0,0.0,0.0,0.0,0.0,1.35,0.0,2.33,0.0,8.91,3.5,677.37,0.0,1.85
256298703679182,428.99,28,8.89,411.81,8.29,411.32,182.93,418.65,0.0,0.0,0.0,0.0,0.0,0.0,1.96,0.0,4.42,0.0,10.0,4.58,671.91,0.0,2.05
256298708669758,311.79,28,5.78,297.42,8.59,293.94,174.97,301.49,0.0,0.0,0.0,0.0,0.0,0.0,1.22,0.0,2.3,0.0,8.81,3.46,667.07,0.0,1.71
256298713919659,306.83,28,8.58,233.32,64.93,233.51,172.46,239.85,0.0,0.0,0.0,0.0,0.0,0.0,1.61,0.0,4.41,0.0,7.68,3.45,642.89,0.0,2.04
256298719031740,315.06,28,5.75,300.25,9.05,297.92,177.62,304.45,0.0,0.0,0.0,0.0,0.0,0.0,1.4,0.0,2.67,0.0,8.75,3.45,671.0,0.0,1.56
256298724057051,250.11,28,8.94,232.31,8.86,232.81,173.25,239.49,0.0,0.0,0.0,0.0,0.0,0.0,2.19,0.0,5.27,0.0,12.3,3.53,676.94,0.0,1.76
256298728830141,251.35,28,11.73,231.25,8.36,235.02,178.06,241.19,0.0,0.0,0.0,0.0,0.0,0.0,1.5,0.0,8.07,0.0,15.16,3.62,673.2,0.0,1.79
256298733998575,253.36,28,9.0,224.41,19.95,225.14,173.24,231.74,0.0,0.0,0.0,0.0,0.0,0.0,1.75,0.0,5.11,0.0,11.98,3.56,651.66,0.0,1.67
256298738818861,312.61,28,7.42,297.13,8.07,295.6,176.22,302.52,0.0,0.0,0.0,0.0,0.0,0.0,1.51,0.0,3.19,0.0,8.39,3.55,682.88,0.0,2.02
256298744027410,787.51,28,5.67,771.92,9.93,676.52,179.78,776.12,0.0,0.0,0.0,0.0,0.0,0.0,1.19,0.0,2.28,0.0,8.91,3.54,679.98,0.0,1.47
256298750160086,309.05,28,7.38,291.98,9.68,290.51,175.77,297.09,0.0,0.0,0.0,0.0,0.0,0.0,1.49,0.0,2.46,0.0,8.1,3.43,671.73,0.0,2.27
256298755053163,317.75,28,7.62,300.84,9.28,298.54,165.73,306.39,0.0,0.0,0.0,0.0,0.0,0.0,1.74,0.0,4.35,0.0,9.32,3.51,654.03,0.0,2.08
256298760191719,821.5,28,9.63,759.14,52.73,680.89,174.3,767.1,0.0,0.0,0.0,0.0,0.0,0.0,1.61,0.0,2.71,0.0,15.07,6.49,651.2,0.0,1.68
256298765510114,1230.19,28,7.44,572.39,650.36,496.24,162.08,578.38,0.0,0.0,0.0,0.0,0.0,0.0,1.83,0.0,4.98,0.0,8.91,3.53,639.09,0.0,1.46
256298772008669,760.93,28,6.17,744.93,9.82,655.93,175.57,749.53,0.0,0.0,0.0,0.0,0.0,0.0,1.52,0.0,2.59,0.0,13.51,3.4,664.74,0.0,1.57
256298777897381,315.38,28,7.66,247.21,60.51,245.9,169.58,252.34,0.0,0.0,0.0,0.0,0.0,0.0,1.53,0.0,4.21,0.0,8.28,3.45,641.86,0.0,2.45
256298783336550,825.0,28,9.09,751.44,64.47,675.78,172.25,756.93,0.0,0.0,0.0,0.0,0.0,0.0,1.3,0.0,2.36,0.0,18.63,3.54,627.57,0.0,3.6
256298789846812,399.95,28,8.83,307.62,83.5,308.14,169.12,314.28,0.0,0.0,0.0,0.0,0.0,0.0,2.08,0.0,4.92,0.0,10.21,3.47,659.23,0.0,2.17
256298794823216,433.82,28,7.28,417.56,8.99,328.34,178.09,422.01,0.0,0.0,0.0,0.0,0.0,0.0,1.17,0.0,2.15,0.0,10.59,4.63,671.6,0.0,2.83
256298800828403,331.28,28,10.53,255.73,65.02,255.44,171.52,263.01,0.0,0.0,0.0,0.0,0.0,0.0,1.94,0.0,4.43,0.0,17.09,3.57,647.2,0.0,3.25
256298806152027,361.87,28,6.19,293.72,61.95,292.12,172.75,298.24,0.0,0.0,0.0,0.0,0.0,0.0,1.13,0.0,2.26,0.0,11.39,3.45,661.82,0.0,1.67
256298811082801,226.03,28,6.8,211.43,7.81,211.1,170.97,217.11,0.0,0.0,0.0,0.0,0.0,0.0,1.88,0.0,4.59,0.0,8.43,3.42,670.02,0.0,1.12
256298816041201,758.38,28,7.55,740.99,9.84,664.58,186.61,746.45,0.0,0.0,0.0,0.0,0.0,0.0,1.45,0.0,2.47,0.0,10.34,3.77,675.74,0.0,2.09
256298822008211,757.15,28,12.93,732.73,11.49,650.03,185.94,739.2,0.0,0.0,0.0,0.0,0.0,0.0,2.96,0.0,4.44,0.0,26.81,3.65,650.26,0.0,6.46
256298827949554,807.2,28,28.55,707.72,70.93,629.29,191.15,717.66,0.0,0.0,0.0,0.0,0.0,0.0,1.59,0.0,2.73,0.0,13.09,7.49,663.27,0.0,18.33
256298834028806,252.18,28,7.35,235.6,9.24,234.52,172.28,240.88,0.0,0.0,0.0,0.0,0.0,0.0,1.66,0.0,4.4,0.0,8.57,3.52,664.34,0.0,2.06
256298839041273,257.71,28,6.41,242.53,8.77,240.55,178.46,247.26,0.0,0.0,0.0,0.0,0.0,0.0,1.13,0.0,2.16,0.0,8.41,3.73,677.55,0.0,1.68
256298844055826,255.35,28,7.93,239.09,8.32,238.05,172.5,245.23,0.0,0.0,0.0,0.0,0.0,0.0,2.12,0.0,4.7,0.0,11.09,3.48,657.82,0.0,1.79
256298849031641,316.97,28,7.04,301.68,8.24,300.73,177.89,306.84,0.0,0.0,0.0,0.0,0.0,0.0,1.42,0.0,2.57,0.0,9.96,3.42,657.54,0.0,1.89
256298854411710,645.47,28,11.15,562.16,72.16,563.77,181.66,571.11,0.0,0.0,0.0,0.0,0.0,0.0,3.23,0.0,7.29,0.0,9.16,3.5,673.68,0.0,2.21
256298860070223,802.22,28,6.66,732.67,62.89,646.06,242.26,737.26,0.0,0.0,0.0,0.0,0.0,0.0,1.22,0.0,2.29,0.0,84.44,3.48,665.2,0.0,2.07
256298866424065,633.86,28,11.2,559.19,63.47,562.03,178.64,568.29,0.0,0.0,0.0,0.0,0.0,0.0,3.33,0.0,7.61,0.0,12.15,3.61,658.86,0.0,2.1
256298871997068,769.37,28,46.97,706.37,16.03,665.27,176.2,751.57,0.0,0.0,0.0,0.0,0.0,0.0,1.58,0.0,43.34,0.0,20.33,3.53,649.97,0.0,1.77
256298878062005,885.13,28,10.49,803.0,71.64,717.66,186.82,811.08,0.0,0.0,0.0,0.0,0.0,0.0,1.78,0.0,5.05,0.0,9.93,4.57,694.22,0.0,2.41
256298884087863,238.45,28,6.63,222.58,9.24,220.5,172.85,227.0,0.0,0.0,0.0,0.0,0.0,0.0,1.15,0.0,2.25,0.0,8.67,3.46,654.34,0.0,2.21
256298889039747,828.72,28,8.95,809.36,10.41,721.5,248.14,816.52,0.0,0.0,0.0,0.0,0.0,0.0,1.92,0.0,4.5,0.0,80.36,3.6,660.03,0.0,1.76
256298894990093,787.3,28,9.63,748.21,29.47,666.46,177.09,755.87,0.0,0.0,0.0,0.0,0.0,0.0,1.24,0.0,2.57,0.0,17.05,5.75,649.53,0.0,1.96
256298900484795,590.4,28,8.47,572.59,9.34,573.01,169.85,579.11,0.0,0.0,0.0,0.0,0.0,0.0,2.11,0.0,5.19,0.0,9.35,3.49,648.65,0.0,1.94
256298906034925,255.86,28,6.03,242.56,7.27,240.41,174.95,247.05,0.0,0.0,0.0,0.0,0.0,0.0,1.22,0.0,2.24,0.0,9.93,3.52,662.34,0.0,1.54
256298911164008,943.7,28,10.07,862.32,71.31,666.62,175.73,870.56,0.0,0.0,0.0,0.0,0.0,0.0,1.84,0.0,5.02,0.0,12.42,4.83,660.33,0.0,1.83
256298917578829,524.53,28,7.18,438.87,78.48,435.29,191.68,444.31,0.0,0.0,0.0,0.0,0.0,0.0,1.35,0.0,2.37,0.0,14.44,3.77,679.79,0.0,1.73
256298922665206,234.25,28,8.46,217.52,8.27,216.47,176.15,223.64,0.0,0.0,0.0,0.0,0.0,0.0,1.51,0.0,3.99,0.0,14.37,3.5,665.34,0.0,2.34
256298927956348,844.32,28,7.75,780.42,56.14,680.72,194.31,785.65,0.0,0.0,0.0,0.0,0.0,0.0,1.14,0.0,2.41,0.0,13.65,3.62,692.55,0.0,2.52
256298933978436,817.08,28,12.46,771.38,33.24,692.04,247.87,780.16,0.0,0.0,0.0,0.0,0.0,0.0,1.61,0.0,2.86,0.0,84.33,5.92,674.75,0.0,3.69
256298939951812,863.2,28,6.71,793.42,63.06,716.66,173.89,797.78,0.0,0.0,0.0,0.0,0.0,0.0,1.13,0.0,2.4,0.0,12.5,3.53,673.47,0.0,2.35
256298945545026,312.02,28,8.19,295.74,8.09,294.85,170.99,301.64,0.0,0.0,0.0,0.0,0.0,0.0,1.55,0.0,4.42,0.0,9.15,3.58,670.35,0.0,2.29
256298950807367,819.44,28,68.24,683.42,67.77,657.04,220.89,749.1,0.0,0.0,0.0,0.0,0.0,0.0,1.48,0.0,2.56,0.0,69.73,64.97,658.37,0.0,2.57
256298957014266,784.61,28,9.54,714.46,60.62,640.64,175.09,721.42,0.0,0.0,0.0,0.0,0.0,0.0,1.75,0.0,4.62,0.0,11.68,3.56,676.65,0.0,2.58
256298962523219,251.03,28,6.09,236.62,8.32,233.88,172.33,241.15,0.0,0.0,0.0,0.0,0.0,0.0,1.12,0.0,2.19,0.0,9.85,3.47,667.72,0.0,1.57
256298967905799,330.95,28,10.35,249.11,71.49,251.08,175.49,257.32,0.0,0.0,0.0,0.0,0.0,0.0,2.92,0.0,6.11,0.0,8.6,3.45,655.92,0.0,2.13
256298972815039,489.76,28,6.03,475.58,8.16,391.06,186.34,480.14,0.0,0.0,0.0,0.0,0.0,0.0,1.45,0.0,2.49,0.0,9.93,3.48,690.39,0.0,1.46
256298978864327,387.92,28,9.33,303.3,75.29,303.45,190.2,309.97,0.0,0.0,0.0,0.0,0.0,0.0,2.1,0.0,4.49,0.0,20.02,3.46,662.51,0.0,2.66
256298984037659,847.46,28,6.3,831.34,9.83,725.62,182.59,835.94,0.0,0.0,0.0,0.0,0.0,0.0,1.2,0.0,2.34,0.0,8.52,3.54,678.76,0.0,1.7
256298990022036,310.6,28,8.66,294.34,7.59,294.06,175.87,300.99,0.0,0.0,0.0,0.0,0.0,0.0,1.95,0.0,5.02,0.0,11.44,3.49,681.55,0.0,2.01
256298995046485,844.78,28,7.93,825.66,11.19,646.27,168.79,744.04,0.0,0.0,0.0,0.0,0.0,0.0,1.46,0.0,2.45,0.0,8.9,4.27,641.72,0.0,2.54
256299000973335,805.85,28,11.39,749.63,44.83,672.78,200.31,758.45,0.0,0.0,0.0,0.0,0.0,0.0,3.0,0.0,6.2,0.0,18.4,3.51,674.73,0.0,2.58
256299007005181,232.07,28,7.14,214.92,10.01,213.38,183.89,220.46,0.0,0.0,0.0,0.0,0.0,0.0,1.11,0.0,2.19,0.0,14.46,3.56,675.24,0.0,1.6
256299012031711,730.0,28,9.0,711.04,9.96,639.83,196.96,718.69,0.0,0.0,0.0,0.0,0.0,0.0,2.2,0.0,5.95,0.0,16.89,3.68,670.76,0.0,1.35
256299017905493,381.44,28,6.75,304.78,69.91,302.34,180.19,309.13,0.0,0.0,0.0,0.0,0.0,0.0,1.02,0.0,2.21,0.0,13.94,3.57,658.11,0.0,2.4
256299023028445,270.32,28,9.24,251.75,9.33,253.03,167.78,259.37,0.0,0.0,0.0,0.0,0.0,0.0,2.32,0.0,5.29,0.0,9.51,3.48,659.49,0.0,1.62
256299028041259,248.14,28,7.16,232.25,8.73,229.99,179.49,237.63,0.0,0.0,0.0,0.0,0.0,0.0,1.38,0.0,2.86,0.0,17.19,3.54,681.13,0.0,1.77
256299033275699,745.96,28,11.71,673.26,60.99,675.85,249.15,682.6,0.0,0.0,0.0,0.0,0.0,0.0,2.93,0.0,6.34,0.0,80.51,4.65,651.72,0.0,2.37
256299038999907,324.15,28,6.0,302.94,15.2,300.12,179.75,307.55,0.0,0.0,0.0,0.0,0.0,0.0,1.19,0.0,2.28,0.0,10.06,3.59,674.58,0.0,1.4
256299044089843,250.22,28,9.71,231.84,8.67,233.11,170.56,239.5,0.0,0.0,0.0,0.0,0.0,0.0,2.17,0.0,5.45,0.0,10.12,3.44,655.98,0.0,2.06
256299049356762,871.39,28,26.79,768.33,76.27,670.08,178.07,772.65,0.0,0.0,0.0,0.0,0.0,0.0,1.32,0.0,2.74,0.0,12.94,3.5,648.16,0.0,21.97
256299056117355,802.26,28,11.8,727.38,63.08,650.75,183.6,736.74,0.0,0.0,0.0,0.0,0.0,0.0,3.48,0.0,7.54,0.0,9.19,3.47,659.86,0.0,2.44
256299062007825,256.58,28,6.68,240.76,9.14,237.74,182.57,245.5,0.0,0.0,0.0,0.0,0.0,0.0,1.28,0.0,2.49,0.0,10.25,3.47,665.96,0.0,1.94
256299067257817,781.98,28,10.55,703.1,68.33,642.44,182.99,711.43,0.0,0.0,0.0,0.0,0.0,0.0,2.06,0.0,5.34,0.0,18.11,3.56,667.99,0.0,2.2
256299073729212,446.91,28,6.78,363.56,76.57,361.38,167.56,368.3,0.0,0.0,0.0,0.0,0.0,0.0,1.56,0.0,2.56,0.0,10.24,3.52,634.47,0.0,2.04
256299079047350,793.31,28,8.87,774.82,9.62,700.05,181.27,781.82,0.0,0.0,0.0,0.0,0.0,0.0,2.3,0.0,5.04,0.0,13.99,3.65,673.86,0.0,1.87
256299085012299,779.67,28,5.96,764.2,9.5,662.93,175.67,768.21,0.0,0.0,0.0,0.0,0.0,0.0,1.32,0.0,2.54,0.0,9.51,3.53,658.81,0.0,1.95
256299091088367,315.96,28,7.67,299.93,8.36,299.77,171.36,305.83,0.0,0.0,0.0,0.0,0.0,0.0,1.77,0.0,4.63,0.0,9.08,3.42,665.07,0.0,1.77
256299096034603,308.83,28,6.4,293.05,9.38,291.92,176.08,298.08,0.0,0.0,0.0,0.0,0.0,0.0,1.3,0.0,2.27,0.0,11.02,3.53,665.35,0.0,1.38
256299101047322,310.4,28,7.43,294.36,8.61,294.0,179.79,299.84,0.0,0.0,0.0,0.0,0.0,0.0,1.62,0.0,4.25,0.0,10.51,3.53,669.83,0.0,1.92
256299105914179,326.4,28,7.21,311.77,7.42,310.53,168.08,316.84,0.0,0.0,0.0,0.0,0.0,0.0,1.42,0.0,2.39,0.0,8.34,3.59,646.81,0.0,2.13
256299111035355,236.66,28,8.49,218.81,9.36,219.06,170.13,225.5,0.0,0.0,0.0,0.0,0.0,0.0,1.7,0.0,4.69,0.0,10.72,3.4,667.34,0.0,1.8
256299116032396,309.01,28,6.29,294.08,8.64,292.29,171.69,298.64,0.0,0.0,0.0,0.0,0.0,0.0,1.2,0.0,2.21,0.0,8.27,3.47,663.8,0.0,1.73
256299121051452,248.28,28,7.54,232.49,8.25,230.74,172.12,238.59,0.0,0.0,0.0,0.0,0.0,0.0,1.97,0.0,4.62,0.0,8.45,3.41,677.27,0.0,1.44
256299126027025,742.86,28,7.24,726.23,9.4,673.11,177.59,731.56,0.0,0.0,0.0,0.0,0.0,0.0,1.33,0.0,2.51,0.0,13.28,3.56,661.86,0.0,1.91
256299131613806,238.86,28,7.55,223.1,8.2,220.57,177.35,228.61,0.0,0.0,0.0,0.0,0.0,0.0,1.78,0.0,4.42,0.0,15.55,3.46,668.88,0.0,2.04
256299136425697,621.02,28,7.17,604.08,9.77,602.2,151.08,609.01,0.0,0.0,0.0,0.0,0.0,0.0,1.31,0.0,2.3,0.0,8.93,3.49,677.14,0.0,2.24
256299142031304,291.57,28,14.69,267.57,9.3,274.14,181.04,280.6,0.0,0.0,0.0,0.0,0.0,0.0,2.18,0.0,11.01,0.0,16.21,3.49,666.03,0.0,1.67
256299147040567,741.37,28,5.97,724.67,10.72,640.96,171.21,728.88,0.0,0.0,0.0,0.0,0.0,0.0,1.14,0.0,2.26,0.0,9.42,3.51,664.15,0.0,1.76
256299152960261,362.09,28,7.42,301.39,53.28,300.3,173.19,307.07,0.0,0.0,0.0,0.0,0.0,0.0,1.52,0.0,3.0,0.0,10.34,3.44,661.05,0.0,1.74
256299158028753,769.01,28,6.47,748.93,13.62,649.73,194.56,753.73,0.0,0.0,0.0,0.0,0.0,0.0,1.44,0.0,2.44,0.0,19.91,3.44,663.13,0.0,1.66
256299164045274,255.66,28,9.16,237.78,8.72,239.1,171.11,245.07,0.0,0.0,0.0,0.0,0.0,0.0,1.93,0.0,4.47,0.0,18.33,3.67,649.88,0.0,1.87
256299169041511,831.49,28,6.7,815.35,9.44,723.44,177.67,820.05,0.0,0.0,0.0,0.0,0.0,0.0,1.28,0.0,2.21,0.0,8.37,3.58,652.39,0.0,1.93
256299174978085,267.25,28,7.41,221.99,37.86,220.05,172.82,227.25,0.0,0.0,0.0,0.0,0.0,0.0,1.82,0.0,4.14,0.0,11.4,3.45,668.82,0.0,1.94
256299180035345,248.38,28,7.28,233.21,7.89,231.97,176.45,238.33,0.0,0.0,0.0,0.0,0.0,0.0,1.27,0.0,2.32,0.0,16.66,3.58,662.84,0.0,2.16
256299185035977,230.54,28,7.13,215.18,8.22,214.54,166.84,220.85,0.0,0.0,0.0,0.0,0.0,0.0,1.72,0.0,4.79,0.0,8.74,3.46,656.71,0.0,1.47
256299190231886,780.72,28,7.42,709.25,64.05,663.27,175.93,714.23,0.0,0.0,0.0,0.0,0.0,0.0,1.27,0.0,2.33,0.0,8.42,3.5,670.77,0.0,2.44
256299196026201,760.18,28,8.27,741.4,10.51,697.03,171.92,747.84,0.0,0.0,0.0,0.0,0.0,0.0,1.51,0.0,4.23,0.0,8.9,3.44,650.55,0.0,1.83
256299202029045,311.28,28,6.9,295.68,8.69,294.07,174.03,300.66,0.0,0.0,0.0,0.0,0.0,0.0,1.65,0.0,2.65,0.0,8.38,3.57,659.42,0.0,1.92
256299207035626,743.78,28,8.02,725.74,10.02,648.43,181.2,732.51,0.0,0.0,0.0,0.0,0.0,0.0,2.37,0.0,5.44,0.0,8.51,3.49,680.86,0.0,1.25
256299213009443,758.83,28,6.37,742.75,9.7,658.0,180.88,747.32,0.0,0.0,0.0,0.0,0.0,0.0,1.28,0.0,2.3,0.0,8.67,3.48,678.95,0.0,1.8
256299218963998,851.58,28,8.74,784.82,58.02,694.55,177.29,791.51,0.0,0.0,0.0,0.0,0.0,0.0,2.06,0.0,5.05,0.0,10.15,3.84,663.75,0.0,2.05
256299225011798,314.16,28,6.11,299.23,8.82,295.81,172.69,303.77,0.0,0.0,0.0,0.0,0.0,0.0,1.08,0.0,2.11,0.0,8.78,3.44,663.73,0.0,1.57
256299229889017,257.97,28,11.91,239.21,6.85,239.11,177.29,246.3,0.0,0.0,0.0,0.0,0.0,0.0,1.84,0.0,4.52,0.0,21.71,3.66,655.41,0.0,4.82
256299235039318,761.88,28,6.93,745.95,9.0,667.7,174.28,751.28,0.0,0.0,0.0,0.0,0.0,0.0,1.69,0.0,2.67,0.0,8.42,3.57,662.71,0.0,1.61
256299240953533,865.39,28,8.71,778.57,78.11,705.84,182.39,784.89,0.0,0.0,0.0,0.0,0.0,0.0,1.9,0.0,4.8,0.0,10.61,3.95,694.27,0.0,2.38
256299246943779,402.74,28,18.03,330.5,54.21,329.0,173.5,336.19,0.0,0.0,0.0,0.0,0.0,0.0,1.39,0.0,2.54,0.0,13.31,3.45,656.63,0.0,12.34
256299251939644,241.46,28,13.11,220.67,7.68,221.57,180.47,228.19,0.0,0.0,0.0,0.0,0.0,0.0,1.84,0.0,5.34,0.0,12.92,3.45,666.29,0.0,5.59
256299257113138,796.92,28,7.42,727.97,61.53,647.52,173.19,732.69,0.0,0.0,0.0,0.0,0.0,0.0,1.29,0.0,2.35,0.0,8.79,3.48,669.18,0.0,2.71
256299262575618,812.03,28,13.86,788.18,10.0,704.66,188.9,793.65,0.0,0.0,0.0,0.0,0.0,0.0,1.51,0.0,2.55,0.0,10.04,4.45,686.93,0.0,7.93
256299268425425,308.55,28,6.1,293.13,9.31,290.87,175.49,297.95,0.0,0.0,0.0,0.0,0.0,0.0,1.38,0.0,2.37,0.0,8.77,3.48,668.09,0.0,1.28
256299273320116,314.42,28,8.07,298.65,7.7,298.12,168.28,304.97,0.0,0.0,0.0,0.0,0.0,0.0,1.81,0.0,4.39,0.0,9.1,3.56,642.53,0.0,1.75
256299278684400,456.42,28,7.96,386.04,62.42,384.88,176.12,391.66,0.0,0.0,0.0,0.0,0.0,0.0,1.25,0.0,2.24,0.0,11.32,4.24,637.04,0.0,2.34
256299284028744,318.52,28,8.54,302.81,7.17,301.51,171.35,309.38,0.0,0.0,0.0,0.0,0.0,0.0,2.0,0.0,4.94,0.0,12.54,3.47,667.41,0.0,1.97
256299289035563,763.41,28,7.01,745.35,11.05,660.24,179.79,750.28,0.0,0.0,0.0,0.0,0.0,0.0,1.26,0.0,2.41,0.0,10.88,3.52,677.57,0.0,2.08
256299295050545,305.4,28,8.59,289.55,7.26,289.75,164.96,296.57,0.0,0.0,0.0,0.0,0.0,0.0,1.96,0.0,4.74,0.0,9.9,3.61,648.36,0.0,1.57
256299300044878,232.79,28,11.67,212.28,8.84,215.77,182.37,222.07,0.0,0.0,0.0,0.0,0.0,0.0,1.52,0.0,8.92,0.0,11.87,3.5,674.95,0.0,1.88
256299305035243,764.84,28,51.69,703.47,9.69,676.13,186.41,753.32,0.0,0.0,0.0,0.0,0.0,0.0,39.01,0.0,45.28,0.0,17.34,4.98,652.38,0.0,1.83
256299310961914,880.35,28,7.86,823.74,48.76,721.87,184.37,829.45,0.0,0.0,0.0,0.0,0.0,0.0,1.45,0.0,2.71,0.0,10.8,3.47,656.48,0.0,2.15
256299316996944,1306.36,28,7.83,406.1,892.43,331.97,166.34,412.5,0.0,0.0,0.0,0.0,0.0,0.0,2.04,0.0,5.05,0.0,8.72,3.6,654.59,0.0,1.43
256299323468814,819.76,28,18.81,789.13,11.82,668.25,216.21,796.9,0.0,0.0,0.0,0.0,0.0,0.0,1.85,0.0,2.82,0.0,58.87,5.5,650.99,0.0,10.99
256299329331369,256.67,28,9.34,238.42,8.9,239.15,175.83,245.88,0.0,0.0,0.0,0.0,0.0,0.0,2.13,0.0,5.45,0.0,11.93,3.54,675.66,0.0,1.88
256299334603545,546.52,28,7.74,470.09,68.69,318.99,218.67,474.85,0.0,0.0,0.0,0.0,0.0,0.0,1.16,0.0,2.43,0.0,60.96,3.43,665.6,0.0,2.98
256299340030269,247.6,28,9.06,230.56,7.98,230.56,167.44,238.1,0.0,0.0,0.0,0.0,0.0,0.0,2.29,0.0,5.31,0.0,10.48,3.48,656.22,0.0,1.52
256299345028360,766.29,28,22.96,729.85,13.49,651.95,182.42,735.66,0.0,0.0,0.0,0.0,0.0,0.0,1.68,0.0,2.98,0.0,18.04,3.53,667.05,0.0,16.82
256299351007448,256.18,28,13.78,233.88,8.52,235.48,172.31,241.99,0.0,0.0,0.0,0.0,0.0,0.0,2.01,0.0,5.24,0.0,15.43,3.53,659.42,0.0,5.68
256299356094683,265.94,28,7.46,250.3,8.19,247.2,172.39,255.33,0.0,0.0,0.0,0.0,0.0,0.0,1.29,0.0,2.28,0.0,11.67,3.51,657.51,0.0,2.42
256299361048056,306.76,28,8.63,288.9,9.23,288.88,171.68,295.63,0.0,0.0,0.0,0.0,0.0,0.0,1.61,0.0,4.62,0.0,8.22,3.43,658.88,0.0,1.9
256299366052559,314.0,28,6.48,298.86,8.66,296.66,174.26,303.4,0.0,0.0,0.0,0.0,0.0,0.0,1.35,0.0,2.37,0.0,8.35,3.4,669.74,0.0,1.94
256299371057666,760.72,28,8.86,742.26,9.6,663.39,171.4,749.54,0.0,0.0,0.0,0.0,0.0,0.0,1.99,0.0,4.6,0.0,12.55,4.22,660.2,0.0,1.58
256299377010911,851.18,28,7.65,767.83,75.7,683.55,188.94,773.21,0.0,0.0,0.0,0.0,0.0,0.0,1.15,0.0,2.25,0.0,11.57,4.28,674.5,0.0,2.27
256299383032108,240.74,28,8.74,222.78,9.23,222.36,173.77,229.5,0.0,0.0,0.0,0.0,0.0,0.0,2.13,0.0,5.11,0.0,15.08,3.46,659.85,0.0,2.02
256299388036681,323.47,28,6.74,308.9,7.83,307.75,176.78,314.27,0.0,0.0,0.0,0.0,0.0,0.0,1.3,0.0,2.38,0.0,13.08,3.48,656.73,0.0,1.36
256299393114243,259.82,28,8.5,243.33,8.0,244.18,172.05,250.14,0.0,0.0,0.0,0.0,0.0,0.0,1.93,0.0,4.58,0.0,10.95,3.46,668.06,0.0,1.69
256299398041558,339.92,28,6.01,325.22,8.69,323.24,173.44,329.81,0.0,0.0,0.0,0.0,0.0,0.0,1.51,0.0,2.49,0.0,8.63,3.51,664.29,0.0,1.42
256299403058984,317.79,28,10.32,297.91,9.56,298.41,181.09,306.24,0.0,0.0,0.0,0.0,0.0,0.0,2.29,0.0,5.3,0.0,15.2,3.6,672.94,0.0,1.99
256299408340262,383.31,28,7.28,300.62,75.42,298.69,175.15,305.65,0.0,0.0,0.0,0.0,0.0,0.0,1.14,0.0,2.15,0.0,11.87,3.61,650.25,0.0,2.25
256299413353399,317.33,28,8.37,301.42,7.54,300.09,173.98,308.45,0.0,0.0,0.0,0.0,0.0,0.0,1.82,0.0,4.72,0.0,17.09,3.49,668.61,0.0,1.33
256299418615773,493.25,28,6.44,421.47,65.34,418.04,181.97,425.77,0.0,0.0,0.0,0.0,0.0,0.0,1.53,0.0,2.58,0.0,8.9,3.87,683.7,0.0,2.14
256299424031194,319.25,28,18.4,292.69,8.17,297.6,173.36,305.06,0.0,0.0,0.0,0.0,0.0,0.0,1.55,0.0,4.31,0.0,17.64,9.61,654.85,0.0,5.95
256299429032427,306.21,28,6.26,291.94,8.01,289.39,174.37,295.9,0.0,0.0,0.0,0.0,0.0,0.0,1.52,0.0,2.47,0.0,7.94,3.47,675.87,0.0,2.14
256299434064649,311.17,28,7.92,295.31,7.93,294.4,174.06,300.93,0.0,0.0,0.0,0.0,0.0,0.0,1.81,0.0,4.48,0.0,16.14,3.52,668.51,0.0,2.16
256299438943178,315.15,28,5.86,301.33,7.96,294.38,178.9,305.01,0.0,0.0,0.0,0.0,0.0,0.0,1.34,0.0,2.42,0.0,7.99,3.51,665.0,0.0,1.87
256299444060649,875.04,28,9.35,855.78,9.91,725.87,192.06,863.01,0.0,0.0,0.0,0.0,0.0,0.0,1.74,0.0,5.0,0.0,33.12,3.6,656.66,0.0,2.02
256299449983520,347.54,28,7.19,309.15,31.2,307.22,173.24,314.38,0.0,0.0,0.0,0.0,0.0,0.0,1.24,0.0,2.55,0.0,9.59,3.46,661.23,0.0,1.91
256299455441770,632.66,28,44.37,525.34,62.95,559.38,228.68,566.81,0.0,0.0,0.0,0.0,0.0,0.0,1.48,0.0,2.71,0.0,47.67,41.45,663.32,0.0,2.75
256299461030755,837.81,28,6.54,821.32,9.96,733.35,177.92,825.59,0.0,0.0,0.0,0.0,0.0,0.0,1.38,0.0,2.65,0.0,8.55,3.44,669.71,0.0,2.26
256299467035998,257.88,28,7.48,242.23,8.17,241.55,176.13,248.29,0.0,0.0,0.0,0.0,0.0,0.0,1.68,0.0,4.78,0.0,8.95,3.45,689.01,0.0,1.42
256299472033886,333.75,28,6.64,318.06,9.05,315.28,177.04,322.46,0.0,0.0,0.0,0.0,0.0,0.0,1.25,0.0,2.37,0.0,8.89,3.52,673.85,0.0,2.24
256299476955842,326.9,28,9.58,308.83,8.48,308.69,177.88,316.32,0.0,0.0,0.0,0.0,0.0,0.0,1.97,0.0,4.78,0.0,8.99,4.32,671.5,0.0,2.09
256299482206236,791.01,28,7.13,723.39,60.49,634.9,177.64,728.04,0.0,0.0,0.0,0.0,0.0,0.0,1.3,0.0,2.48,0.0,8.94,3.58,664.18,0.0,2.48
256299488032079,315.5,28,13.32,292.69,9.49,292.33,177.1,299.62,0.0,0.0,0.0,0.0,0.0,0.0,1.81,0.0,4.67,0.0,11.42,3.58,670.58,0.0,6.39
256299493046178,248.98,28,6.3,234.88,7.8,232.51,177.73,239.69,0.0,0.0,0.0,0.0,0.0,0.0,1.68,0.0,2.65,0.0,9.51,3.47,675.26,0.0,1.48
256299498032422,233.34,28,8.56,215.5,9.28,213.77,177.88,221.71,0.0,0.0,0.0,0.0,0.0,0.0,1.94,0.0,4.89,0.0,8.22,3.43,674.4,0.0,2.36
256299503082005,784.77,28,6.22,767.74,10.81,680.74,187.74,772.19,0.0,0.0,0.0,0.0,0.0,0.0,0.97,0.0,2.03,0.0,14.22,3.5,668.78,0.0,1.77
256299509096164,240.52,28,8.03,224.35,8.14,223.76,177.8,231.0,0.0,0.0,0.0,0.0,0.0,0.0,1.64,0.0,4.42,0.0,16.97,3.55,655.71,0.0,1.38
256299514039499,309.41,28,5.56,296.39,7.46,293.02,177.24,300.32,0.0,0.0,0.0,0.0,0.0,0.0,1.31,0.0,2.28,0.0,8.03,3.54,654.27,0.0,1.63
256299519055421,303.32,28,7.65,288.13,7.53,286.88,172.06,294.07,0.0,0.0,0.0,0.0,0.0,0.0,2.08,0.0,4.6,0.0,8.07,3.48,669.11,0.0,1.71
256299524221023,790.11,28,8.18,713.22,68.71,666.06,173.87,719.19,0.0,0.0,0.0,0.0,0.0,0.0,1.83,0.0,2.93,0.0,16.36,3.47,645.34,0.0,2.21
256299530032960,261.84,28,9.15,244.62,8.06,244.76,172.84,251.84,0.0,0.0,0.0,0.0,0.0,0.0,1.7,0.0,4.82,0.0,9.08,3.5,681.41,0.0,1.93
256299535036020,271.98,28,6.61,255.81,9.56,243.22,174.29,260.51,0.0,0.0,0.0,0.0,0.0,0.0,1.28,0.0,2.4,0.0,8.93,3.48,663.92,0.0,1.91
256299539984856,256.92,28,12.64,237.11,7.17,241.13,171.9,248.42,0.0,0.0,0.0,0.0,0.0,0.0,1.95,0.0,4.37,0.0,13.85,8.95,665.1,0.0,1.33
256299545036950,308.18,28,7.07,293.09,8.01,289.6,177.9,298.0,0.0,0.0,0.0,0.0,0.0,0.0,1.45,0.0,2.63,0.0,11.25,3.51,649.83,0.0,2.16
256299550054514,903.33,28,126.43,766.55,10.36,673.45,197.13,774.65,0.0,0.0,0.0,0.0,0.0,0.0,3.76,0.0,4.85,0.0,19.68,4.35,686.48,0.0,118.31
256299556008974,834.6,28,7.01,764.67,62.92,668.42,175.75,769.53,0.0,0.0,0.0,0.0,0.0,0.0,1.37,0.0,2.39,0.0,13.42,3.51,647.0,0.0,2.15
256299562068968,743.01,28,12.56,718.93,11.51,639.04,187.02,729.34,0.0,0.0,0.0,0.0,0.0,0.0,3.78,0.0,7.02,0.0,12.12,3.81,682.71,0.0,2.15
256299567953838,286.59,28,6.24,221.62,58.73,219.55,171.07,225.88,0.0,0.0,0.0,0.0,0.0,0.0,1.0,0.0,2.29,0.0,8.37,3.46,667.38,0.0,1.97
256299573260306,751.41,28,12.22,669.32,69.87,671.89,280.54,679.29,0.0,0.0,0.0,0.0,0.0,0.0,2.92,0.0,6.61,0.0,232.37,3.61,578.25,0.0,2.25
256299579155278,308.68,28,6.69,292.58,9.41,290.66,175.08,297.16,0.0,0.0,0.0,0.0,0.0,0.0,1.47,0.0,2.43,0.0,8.96,3.55,672.31,0.0,2.11
256299584417086,646.57,28,10.28,568.3,67.99,568.63,169.76,576.01,0.0,0.0,0.0,0.0,0.0,0.0,1.87,0.0,4.89,0.0,11.93,3.95,649.45,0.0,2.57
256299590023498,313.49,28,6.31,298.84,8.34,295.45,175.24,303.49,0.0,0.0,0.0,0.0,0.0,0.0,1.28,0.0,2.33,0.0,8.67,3.51,672.91,0.0,1.66
256299595040967,253.71,28,15.36,230.45,7.91,236.78,174.35,244.05,0.0,0.0,0.0,0.0,0.0,0.0,8.45,0.0,11.02,0.0,14.55,3.52,665.48,0.0,1.75
256299600033030,801.49,28,6.86,777.15,17.48,689.6,188.46,782.59,0.0,0.0,0.0,0.0,0.0,0.0,1.46,0.0,2.65,0.0,8.48,3.46,700.01,0.0,1.43
256299606163872,847.77,28,57.13,717.87,72.77,678.18,208.67,772.77,0.0,0.0,0.0,0.0,0.0,0.0,7.36,0.0,13.51,0.0,61.62,55.12,651.03,0.0,2.23
256299612006503,791.02,28,6.99,773.11,10.92,680.54,180.19,777.99,0.0,0.0,0.0,0.0,0.0,0.0,1.34,0.0,2.52,0.0,8.85,3.54,667.98,0.0,2.11
256299617988352,808.25,28,10.72,767.06,30.46,645.38,191.66,776.04,0.0,0.0,0.0,0.0,0.0,0.0,4.04,0.0,8.08,0.0,15.28,3.46,674.86,0.0,1.75
256299624007666,768.16,28,6.72,749.58,11.86,644.18,181.27,754.78,0.0,0.0,0.0,0.0,0.0,0.0,1.22,0.0,2.26,0.0,11.23,3.85,672.59,0.0,1.52
256299629955320,954.83,28,23.25,871.54,60.03,775.7,219.55,880.16,0.0,0.0,0.0,0.0,0.0,0.0,2.4,0.0,3.56,0.0,66.88,5.82,647.4,0.0,14.02
256299636032222,767.07,28,6.69,748.07,12.3,647.69,172.93,752.86,0.0,0.0,0.0,0.0,0.0,0.0,1.52,0.0,2.67,0.0,8.11,3.48,654.1,0.0,1.91
256299642007021,311.65,28,7.94,295.14,8.57,293.9,176.93,301.64,0.0,0.0,0.0,0.0,0.0,0.0,2.09,0.0,4.94,0.0,8.32,3.37,672.92,0.0,1.44
256299647132897,823.3,28,7.49,735.53,80.29,652.7,179.36,740.85,0.0,0.0,0.0,0.0,0.0,0.0,1.45,0.0,2.39,0.0,13.99,3.5,637.87,0.0,2.16
256299652614095,312.0,28,8.02,296.14,7.84,295.75,164.14,302.21,0.0,0.0,0.0,0.0,0.0,0.0,1.93,0.0,4.73,0.0,10.17,3.48,643.7,0.0,1.95
256299658014132,767.22,28,6.65,751.64,8.94,671.53,171.86,756.42,0.0,0.0,0.0,0.0,0.0,0.0,1.2,0.0,2.3,0.0,8.24,3.5,652.27,0.0,1.86
256299664007981,250.38,28,8.92,234.1,7.35,234.45,172.83,241.45,0.0,0.0,0.0,0.0,0.0,0.0,1.88,0.0,4.69,0.0,9.58,3.53,665.41,0.0,1.57
256299669568166,529.93,28,6.69,441.14,82.1,438.48,180.21,446.0,0.0,0.0,0.0,0.0,0.0,0.0,1.23,0.0,2.36,0.0,19.69,3.65,675.67,0.0,1.83
256299674749109,239.73,28,9.23,222.56,7.95,222.21,167.62,229.43,0.0,0.0,0.0,0.0,0.0,0.0,1.93,0.0,4.59,0.0,10.0,3.51,645.28,0.0,2.35
256299680068741,958.39,28,7.76,835.24,115.39,736.82,175.04,840.77,0.0,0.0,0.0,0.0,0.0,0.0,1.46,0.0,2.65,0.0,10.82,3.53,643.47,0.0,2.24
256299686036863,761.94,28,8.52,745.13,8.3,661.84,176.36,751.98,0.0,0.0,0.0,0.0,0.0,0.0,1.86,0.0,4.59,0.0,8.73,3.62,660.98,0.0,1.66
256299692027824,793.67,28,6.14,778.82,8.71,642.03,181.81,783.09,0.0,0.0,0.0,0.0,0.0,0.0,1.19,0.0,2.2,0.0,8.93,3.51,679.17,0.0,1.87
256299698009264,815.8,28,9.98,729.19,76.64,643.29,180.97,736.78,0.0,0.0,0.0,0.0,0.0,0.0,2.7,0.0,5.71,0.0,12.13,3.53,666.4,0.0,2.39
256299704046064,252.28,28,6.75,236.47,9.06,233.98,174.24,241.07,0.0,0.0,0.0,0.0,0.0,0.0,1.56,0.0,2.57,0.0,8.08,3.43,664.09,0.0,2.15
256299709032088,307.95,28,8.16,290.81,8.99,290.77,176.62,297.46,0.0,0.0,0.0,0.0,0.0,0.0,2.25,0.0,5.34,0.0,8.6,3.39,686.48,0.0,1.5
256299714069057,782.52,28,6.66,765.66,10.2,678.14,185.5,770.63,0.0,0.0,0.0,0.0,0.0,0.0,1.28,0.0,2.24,0.0,9.07,3.55,685.11,0.0,1.69
256299720065324,267.76,28,7.42,252.43,7.91,251.06,173.04,258.35,0.0,0.0,0.0,0.0,0.0,0.0,2.09,0.0,4.87,0.0,8.81,3.47,667.26,0.0,1.5
256299725051417,321.06,28,7.08,304.97,9.01,302.95,174.22,309.71,0.0,0.0,0.0,0.0,0.0,0.0,1.26,0.0,2.29,0.0,8.9,3.46,663.88,0.0,2.34
256299730088521,253.49,28,8.67,235.91,8.91,235.52,169.9,242.79,0.0,0.0,0.0,0.0,0.0,0.0,1.82,0.0,4.92,0.0,10.64,3.44,663.93,0.0,1.79
256299735083364,748.69,28,6.95,731.63,10.1,644.05,182.1,736.57,0.0,0.0,0.0,0.0,0.0,0.0,1.03,0.0,1.97,0.0,9.15,3.43,636.77,0.0,2.02
256299741007757,742.93,28,44.54,687.5,10.89,643.35,171.32,730.04,0.0,0.0,0.0,0.0,0.0,0.0,3.42,0.0,41.14,0.0,16.87,4.13,668.67,0.0,1.99
256299746986423,262.21,28,7.05,226.23,28.92,224.04,167.44,231.56,0.0,0.0,0.0,0.0,0.0,0.0,1.2,0.0,2.4,0.0,11.64,3.42,643.83,0.0,1.73
256299752029784,747.89,28,10.59,727.02,10.28,647.39,178.82,735.69,0.0,0.0,0.0,0.0,0.0,0.0,2.1,0.0,4.89,0.0,10.79,5.44,684.77,0.0,1.92
256299758008426,748.06,28,6.43,731.62,10.02,636.47,177.48,735.8,0.0,0.0,0.0,0.0,0.0,0.0,1.35,0.0,2.34,0.0,8.66,3.54,659.45,0.0,2.24
256299763987083,773.49,28,13.66,733.36,26.47,668.2,187.07,743.3,0.0,0.0,0.0,0.0,0.0,0.0,3.2,0.0,6.29,0.0,20.05,6.39,665.54,0.0,3.71
256299769584033,511.84,28,6.21,496.91,8.72,494.1,176.66,501.06,0.0,0.0,0.0,0.0,0.0,0.0,1.21,0.0,2.18,0.0,8.78,3.54,658.48,0.0,2.06
256299775006571,274.93,28,8.84,256.07,10.03,255.6,172.7,263.08,0.0,0.0,0.0,0.0,0.0,0.0,2.04,0.0,4.92,0.0,9.18,3.44,663.14,0.0,1.82
256299780044837,316.62,28,7.08,298.92,10.62,295.99,176.06,303.57,0.0,0.0,0.0,0.0,0.0,0.0,1.55,0.0,2.48,0.0,8.69,3.52,678.75,0.0,2.43
256299785057559,260.39,28,8.22,242.24,9.93,241.35,173.44,248.33,0.0,0.0,0.0,0.0,0.0,0.0,1.58,0.0,4.06,0.0,10.36,3.45,672.83,0.0,2.13
256299789929086,319.39,28,6.62,305.5,7.27,303.29,176.14,310.02,0.0,0.0,0.0,0.0,0.0,0.0,1.5,0.0,2.6,0.0,8.74,3.45,679.29,0.0,2.1
256299794867127,320.19,28,10.91,302.01,7.27,301.59,170.08,308.29,0.0,0.0,0.0,0.0,0.0,0.0,2.0,0.0,5.01,0.0,13.69,3.51,643.04,0.0,4.63
256299800044124,306.27,28,6.97,290.9,8.4,289.3,175.14,295.98,0.0,0.0,0.0,0.0,0.0,0.0,1.41,0.0,2.36,0.0,10.36,3.59,663.05,0.0,1.9
256299805035673,233.27,28,8.53,216.33,8.4,216.4,169.32,222.96,0.0,0.0,0.0,0.0,0.0,0.0,2.18,0.0,5.03,0.0,9.14,3.51,660.16,0.0,1.9
256299810057018,254.81,28,6.4,239.65,8.77,235.62,170.54,244.17,0.0,0.0,0.0,0.0,0.0,0.0,1.74,0.0,2.72,0.0,8.8,3.54,659.77,0.0,1.88
256299815030924,237.68,28,9.79,218.87,9.03,219.09,179.0,226.64,0.0,0.0,0.0,0.0,0.0,0.0,1.84,0.0,5.05,0.0,14.77,3.5,670.66,0.0,2.01
256299820038332,794.45,28,6.72,777.93,9.81,690.71,181.21,782.56,0.0,0.0,0.0,0.0,0.0,0.0,1.09,0.0,2.23,0.0,11.34,3.48,668.44,0.0,2.08
256299826006958,740.87,28,10.29,718.83,11.75,642.77,170.31,726.99,0.0,0.0,0.0,0.0,0.0,0.0,2.73,0.0,5.84,0.0,10.71,4.44,645.37,0.0,2.13
256299832036366,307.29,28,6.5,293.29,7.5,289.98,172.41,298.21,0.0,0.0,0.0,0.0,0.0,0.0,1.45,0.0,2.58,0.0,8.63,3.55,667.75,0.0,1.58
256299837042565,743.37,28,9.81,725.0,8.56,641.97,181.34,732.72,0.0,0.0,0.0,0.0,0.0,0.0,2.11,0.0,5.19,0.0,17.32,3.54,653.63,0.0,2.09
256299843042909,759.33,28,6.78,742.22,10.34,659.86,192.5,747.05,0.0,0.0,0.0,0.0,0.0,0.0,1.4,0.0,2.47,0.0,8.6,3.52,692.76,0.0,1.95
256299848960553,817.58,28,22.04,737.27,58.27,662.42,192.79,743.51,0.0,0.0,0.0,0.0,0.0,0.0,1.48,0.0,2.71,0.0,22.56,3.93,676.12,0.0,15.4
256299855008789,806.31,28,6.84,754.36,45.11,675.64,175.92,759.19,0.0,0.0,0.0,0.0,0.0,0.0,1.15,0.0,2.48,0.0,9.44,3.47,664.84,0.0,2.01
256299861009193,356.43,28,7.61,234.69,114.12,234.38,159.88,241.03,0.0,0.0,0.0,0.0,0.0,0.0,2.23,0.0,5.0,0.0,8.7,3.55,638.44,0.0,1.27
256299866072341,313.25,28,6.0,298.06,9.19,295.52,174.02,302.95,0.0,0.0,0.0,0.0,0.0,0.0,1.39,0.0,2.38,0.0,14.7,3.48,665.88,0.0,1.11
256299871381963,669.61,28,54.71,541.4,73.5,584.74,122.48,593.91,0.0,0.0,0.0,0.0,0.0,0.0,2.32,0.0,50.71,0.0,10.5,3.59,650.83,0.0,2.2
256299877033657,252.88,28,17.38,227.77,7.73,231.96,171.71,239.61,0.0,0.0,0.0,0.0,0.0,0.0,8.07,0.0,9.5,0.0,13.33,3.64,649.31,0.0,5.54
256299882045364,233.78,28,9.34,215.52,8.93,216.26,171.0,222.85,0.0,0.0,0.0,0.0,0.0,0.0,2.36,0.0,5.42,0.0,10.82,3.56,662.53,0.0,2.0
256299887067410,769.39,28,6.94,751.82,10.63,659.49,188.78,757.35,0.0,0.0,0.0,0.0,0.0,0.0,1.26,0.0,2.3,0.0,29.98,4.32,677.23,0.0,1.41
256299893552538,808.62,28,10.77,724.68,73.17,659.38,177.73,733.66,0.0,0.0,0.0,0.0,0.0,0.0,2.47,0.0,6.72,0.0,19.65,3.58,663.79,0.0,1.79
256299899958439,755.16,28,7.04,691.38,56.74,640.19,170.56,696.5,0.0,0.0,0.0,0.0,0.0,0.0,1.23,0.0,2.42,0.0,10.59,3.49,653.67,0.0,1.93
256299906037014,255.22,28,8.95,238.06,8.22,237.69,172.22,245.19,0.0,0.0,0.0,0.0,0.0,0.0,2.16,0.0,5.05,0.0,9.49,3.47,670.04,0.0,1.81
256299911069045,858.96,28,6.71,843.16,9.09,739.78,188.49,847.97,0.0,0.0,0.0,0.0,0.0,0.0,1.57,0.0,2.51,0.0,9.17,3.53,723.35,0.0,1.9
256299917090407,831.15,28,8.43,749.95,72.77,669.64,175.45,756.35,0.0,0.0,0.0,0.0,0.0,0.0,1.65,0.0,4.3,0.0,8.9,3.48,669.88,0.0,2.02
256299923024595,315.14,28,5.83,302.3,7.01,298.91,179.66,306.46,0.0,0.0,0.0,0.0,0.0,0.0,1.33,0.0,2.39,0.0,8.7,3.73,674.63,0.0,1.67
256299928045245,763.74,28,54.13,700.31,9.3,644.28,220.01,752.64,0.0,0.0,0.0,0.0,0.0,0.0,2.28,0.0,4.93,0.0,58.82,49.38,646.87,0.0,1.8
256299934037827,764.04,28,5.82,747.83,10.39,672.05,171.63,751.83,0.0,0.0,0.0,0.0,0.0,0.0,1.52,0.0,2.58,0.0,9.79,3.42,648.31,0.0,1.81
256299939566109,512.18,28,7.57,495.44,9.18,493.9,171.44,500.78,0.0,0.0,0.0,0.0,0.0,0.0,1.8,0.0,4.46,0.0,8.33,3.46,660.72,0.0,2.22
256299945018239,314.92,28,6.12,301.01,7.79,297.5,170.99,305.33,0.0,0.0,0.0,0.0,0.0,0.0,1.15,0.0,2.32,0.0,8.88,3.45,666.02,0.0,1.8
256299950034227,232.52,28,8.4,215.33,8.79,214.63,179.92,222.47,0.0,0.0,0.0,0.0,0.0,0.0,2.08,0.0,5.12,0.0,23.04,3.51,652.88,0.0,1.26
256299955040266,757.51,28,6.86,741.23,9.42,659.86,181.23,746.3,0.0,0.0,0.0,0.0,0.0,0.0,1.33,0.0,2.34,0.0,10.85,5.08,685.34,0.0,1.79
256299960979441,898.26,28,8.57,812.6,77.09,723.75,180.55,818.94,0.0,0.0,0.0,0.0,0.0,0.0,1.54,0.0,2.71,0.0,10.99,5.66,686.14,0.0,2.23
256299966642207,309.41,28,6.03,294.73,8.66,291.3,171.43,298.98,0.0,0.0,0.0,0.0,0.0,0.0,1.24,0.0,2.19,0.0,8.89,3.46,666.4,0.0,1.78
256299971844055,344.27,28,8.28,327.77,8.21,326.83,169.21,334.22,0.0,0.0,0.0,0.0,0.0,0.0,1.94,0.0,4.76,0.0,11.4,3.6,654.79,0.0,1.83
256299976875622,313.24,28,7.27,299.2,6.77,297.16,178.19,304.11,0.0,0.0,0.0,0.0,0.0,0.0,1.36,0.0,2.31,0.0,10.58,3.69,677.33,0.0,2.37
256299982226589,783.57,28,15.57,701.38,66.62,646.54,191.51,714.73,0.0,0.0,0.0,0.0,0.0,0.0,4.68,0.0,6.36,0.0,11.88,6.99,681.33,0.0,2.21
256299988032374,267.46,28,16.42,243.37,7.68,251.11,180.7,258.04,0.0,0.0,0.0,0.0,0.0,0.0,10.45,0.0,11.61,0.0,20.25,3.54,660.37,0.0,1.75
256299993059321,235.08,28,9.35,217.24,8.49,216.88,173.5,224.53,0.0,0.0,0.0,0.0,0.0,0.0,1.98,0.0,4.83,0.0,14.09,3.62,654.25,0.0,2.06
256299998037327,757.84,28,9.21,737.66,10.96,653.89,256.07,744.93,0.0,0.0,0.0,0.0,0.0,0.0,1.42,0.0,2.7,0.0,99.59,5.29,664.14,0.0,1.95
256300006090539,886.96,28,9.4,865.3,12.26,719.83,197.87,870.62,0.0,0.0,0.0,0.0,0.0,0.0,1.67,0.0,2.8,0.0,11.74,3.83,676.62,0.0,4.07
256300012032186,314.11,28,22.53,281.54,10.04,292.15,200.52,301.28,0.0,0.0,0.0,0.0,0.0,0.0,1.39,0.0,2.54,0.0,35.88,17.62,675.59,0.0,2.79
256300017053114,826.53,28,25.23,790.35,10.94,661.12,172.52,795.47,0.0,0.0,0.0,0.0,0.0,0.0,1.2,0.0,2.25,0.0,10.75,4.54,641.04,0.0,19.52
256300023030401,311.45,28,6.98,295.56,8.9,290.99,171.22,300.23,0.0,0.0,0.0,0.0,0.0,0.0,1.17,0.0,2.18,0.0,9.58,3.46,666.12,0.0,2.31
256300028051737,760.22,28,7.95,743.21,9.06,646.34,173.31,749.29,0.0,0.0,0.0,0.0,0.0,0.0,1.83,0.0,4.3,0.0,8.93,3.61,676.54,0.0,1.86
256300034024631,324.75,28,13.34,303.46,7.95,306.82,183.3,314.96,0.0,0.0,0.0,0.0,0.0,0.0,1.46,0.0,2.48,0.0,16.26,11.96,675.51,0.0,1.84
256300039039900,746.26,28,9.04,728.19,9.03,659.07,184.45,735.1,0.0,0.0,0.0,0.0,0.0,0.0,2.78,0.0,4.98,0.0,9.55,3.4,689.27,0.0,2.01
256300045072031,838.87,28,7.29,761.31,70.26,638.45,184.58,766.59,0.0,0.0,0.0,0.0,0.0,0.0,1.43,0.0,2.56,0.0,11.28,3.55,670.39,0.0,1.88
256300051033459,251.03,28,9.04,233.41,8.59,232.78,182.44,240.2,0.0,0.0,0.0,0.0,0.0,0.0,1.7,0.0,4.48,0.0,11.93,3.49,670.26,0.0,2.24
256300056137413,808.64,28,7.33,733.52,67.78,637.74,253.76,739.14,0.0,0.0,0.0,0.0,0.0,0.0,1.69,0.0,2.7,0.0,81.34,4.33,659.65,0.0,1.71
256300062025086,752.19,28,8.73,733.6,9.86,640.19,191.07,740.28,0.0,0.0,0.0,0.0,0.0,0.0,2.02,0.0,5.36,0.0,8.59,3.45,666.99,0.0,2.05
256300067637978,462.81,28,7.61,446.13,9.08,443.39,185.72,451.12,0.0,0.0,0.0,0.0,0.0,0.0,1.17,0.0,2.28,0.0,8.1,3.43,674.71,0.0,2.61
256300073031867,312.39,28,9.38,294.48,8.53,293.98,172.66,301.8,0.0,0.0,0.0,0.0,0.0,0.0,2.27,0.0,5.13,0.0,8.77,3.44,680.13,0.0,2.06
256300078067361,902.51,28,6.71,886.42,9.38,781.3,184.4,891.09,0.0,0.0,0.0,0.0,0.0,0.0,1.56,0.0,2.65,0.0,8.98,3.59,655.58,0.0,2.04
256300084008195,769.06,28,46.68,713.01,9.37,656.94,179.89,757.58,0.0,0.0,0.0,0.0,0.0,0.0,3.41,0.0,38.86,0.0,18.01,6.59,651.37,0.0,2.1
256300090159208,820.53,28,6.58,733.34,80.61,640.64,176.93,737.88,0.0,0.0,0.0,0.0,0.0,0.0,1.48,0.0,2.66,0.0,8.92,3.45,673.58,0.0,2.05
256300096552631,1056.18,28,8.73,975.33,72.12,644.11,182.31,981.74,0.0,0.0,0.0,0.0,0.0,0.0,1.17,0.0,2.4,0.0,13.73,6.45,672.81,0.0,2.32
256300103063818,843.23,28,9.1,759.09,75.04,665.86,183.75,765.86,0.0,0.0,0.0,0.0,0.0,0.0,1.22,0.0,2.26,0.0,20.49,4.99,677.45,0.0,2.33
256300109065317,852.64,28,10.9,757.78,83.96,649.18,171.27,766.17,0.0,0.0,0.0,0.0,0.0,0.0,2.14,0.0,5.65,0.0,10.9,3.95,656.0,0.0,2.51
256300114662109,765.31,28,6.21,747.92,11.18,664.36,186.43,751.79,0.0,0.0,0.0,0.0,0.0,0.0,1.13,0.0,2.06,0.0,8.33,3.45,678.05,0.0,2.31
256300121008893,793.43,28,10.54,769.4,13.49,682.45,200.1,774.92,0.0,0.0,0.0,0.0,0.0,0.0,1.28,0.0,2.49,0.0,14.64,3.62,662.17,0.0,5.02
256300127029337,839.78,28,7.18,818.37,14.23,724.17,182.87,823.23,0.0,0.0,0.0,0.0,0.0,0.0,1.33,0.0,2.38,0.0,8.49,3.51,639.4,0.0,2.33
256300133030262,757.51,28,9.94,737.42,10.16,679.6,173.22,744.71,0.0,0.0,0.0,0.0,0.0,0.0,2.29,0.0,5.53,0.0,10.34,4.82,663.74,0.0,2.65
256300139048265,791.37,28,7.27,763.28,20.82,674.22,177.99,767.81,0.0,0.0,0.0,0.0,0.0,0.0,1.16,0.0,2.18,0.0,9.65,3.55,663.84,0.0,2.74
256300145765087,810.73,28,10.81,715.28,84.63,633.8,167.09,723.46,0.0,0.0,0.0,0.0,0.0,0.0,1.98,0.0,5.25,0.0,9.62,5.06,616.22,0.0,2.63
256300152266820,853.64,28,7.2,769.29,77.15,685.08,186.03,774.3,0.0,0.0,0.0,0.0,0.0,0.0,1.17,0.0,2.29,0.0,12.36,3.69,653.4,0.0,2.19
256300158777396,830.98,28,24.97,729.32,76.69,645.43,184.21,734.31,0.0,0.0,0.0,0.0,0.0,0.0,1.36,0.0,2.48,0.0,9.15,3.47,673.91,0.0,19.81
256300165025511,314.22,28,6.01,299.91,8.3,296.47,172.29,303.75,0.0,0.0,0.0,0.0,0.0,0.0,1.3,0.0,2.49,0.0,7.93,3.48,662.75,0.0,2.17
256300170087168,752.93,28,11.88,730.83,10.22,649.83,186.07,740.88,0.0,0.0,0.0,0.0,0.0,0.0,2.06,0.0,5.33,0.0,24.27,5.96,678.88,0.0,1.83
256300176610136,506.1,28,5.9,413.0,87.2,410.26,173.58,417.72,0.0,0.0,0.0,0.0,0.0,0.0,1.44,0.0,2.48,0.0,8.77,3.48,675.17,0.0,1.18
256300182036466,264.99,28,8.47,247.11,9.41,246.57,174.57,253.92,0.0,0.0,0.0,0.0,0.0,0.0,1.83,0.0,4.82,0.0,11.05,3.48,685.1,0.0,1.67
256300187083139,258.97,28,6.96,242.98,9.03,239.72,170.31,248.13,0.0,0.0,0.0,0.0,0.0,0.0,1.41,0.0,2.79,0.0,8.65,3.46,657.43,0.0,1.81
256300192095455,250.62,28,7.28,234.64,8.7,232.37,176.85,240.19,0.0,0.0,0.0,0.0,0.0,0.0,1.84,0.0,4.59,0.0,11.66,3.45,667.21,0.0,1.73
256300197087354,311.32,28,11.27,291.6,8.45,294.29,188.66,300.92,0.0,0.0,0.0,0.0,0.0,0.0,1.27,0.0,7.52,0.0,12.57,3.47,680.53,0.0,1.95
256300202096717,326.61,28,24.51,292.81,9.28,307.81,178.17,315.11,0.0,0.0,0.0,0.0,0.0,0.0,2.24,0.0,18.73,0.0,24.57,3.57,649.87,0.0,2.22
256300207099045,258.13,28,7.14,240.99,9.99,238.67,179.12,245.79,0.0,0.0,0.0,0.0,0.0,0.0,1.33,0.0,2.44,0.0,9.26,3.42,689.02,0.0,2.35
256300212441850,903.68,28,14.26,767.92,121.5,657.83,187.09,780.47,0.0,0.0,0.0,0.0,0.0,0.0,4.46,0.0,8.56,0.0,20.17,7.65,677.1,0.0,1.71
256300219034891,319.08,28,5.53,305.6,7.94,297.28,179.86,309.65,0.0,0.0,0.0,0.0,0.0,0.0,1.34,0.0,2.36,0.0,9.58,3.42,691.51,0.0,1.48
256300224049838,251.37,28,8.52,235.16,7.69,234.39,174.55,241.89,0.0,0.0,0.0,0.0,0.0,0.0,1.62,0.0,5.19,0.0,8.24,3.48,666.11,0.0,1.8
256300229054469,314.53,28,6.89,298.63,9.01,295.56,172.78,303.42,0.0,0.0,0.0,0.0,0.0,0.0,1.63,0.0,2.72,0.0,14.29,3.56,646.38,0.0,2.1
256300234445889,637.63,28,7.53,535.8,94.3,532.82,192.32,541.16,0.0,0.0,0.0,0.0,0.0,0.0,1.71,0.0,4.33,0.0,10.71,3.54,690.04,0.0,2.17
256300240036348,755.14,28,5.92,739.48,9.75,647.23,183.21,743.83,0.0,0.0,0.0,0.0,0.0,0.0,1.27,0.0,2.31,0.0,8.47,3.5,666.95,0.0,1.57
256300246068977,797.09,28,9.59,775.83,11.67,666.74,180.37,783.4,0.0,0.0,0.0,0.0,0.0,0.0,1.9,0.0,4.6,0.0,10.7,4.51,679.02,0.0,2.01
256300252022920,313.14,28,6.21,297.94,8.99,294.83,168.2,302.43,0.0,0.0,0.0,0.0,0.0,0.0,1.33,0.0,2.39,0.0,8.47,3.54,659.67,0.0,1.73
256300257079641,311.16,28,8.8,292.72,9.64,291.85,173.58,298.83,0.0,0.0,0.0,0.0,0.0,0.0,1.54,0.0,4.14,0.0,9.02,3.44,674.2,0.0,2.69
256300262079673,234.04,28,6.99,217.97,9.08,215.61,174.09,222.57,0.0,0.0,0.0,0.0,0.0,0.0,1.25,0.0,2.22,0.0,8.96,3.44,669.76,0.0,2.38
256300267079270,316.01,28,7.06,301.24,7.71,298.81,175.13,306.21,0.0,0.0,0.0,0.0,0.0,0.0,1.16,0.0,2.44,0.0,10.89,3.52,660.25,0.0,2.1
256300272098186,773.99,28,8.49,756.13,9.37,664.73,181.6,762.13,0.0,0.0,0.0,0.0,0.0,0.0,1.35,0.0,2.38,0.0,10.49,5.07,657.06,0.0,2.49
256300277738573,382.55,28,8.03,365.9,8.62,365.84,169.8,372.23,0.0,0.0,0.0,0.0,0.0,0.0,2.08,0.0,4.42,0.0,11.37,3.47,648.62,0.0,1.69
256300283031661,237.29,28,6.61,221.31,9.37,219.14,175.58,226.25,0.0,0.0,0.0,0.0,0.0,0.0,1.23,0.0,2.22,0.0,9.45,3.46,667.26,0.0,1.67
256300288053493,309.75,28,8.41,293.69,7.65,294.2,174.71,300.71,0.0,0.0,0.0,0.0,0.0,0.0,1.81,0.0,5.0,0.0,9.59,3.5,676.18,0.0,1.39
256300293554881,820.33,28,8.76,731.79,79.77,652.92,187.64,738.58,0.0,0.0,0.0,0.0,0.0,0.0,1.19,0.0,2.21,0.0,19.04,4.62,667.32,0.0,1.93
256300300007004,813.44,28,9.76,790.42,13.26,662.75,168.68,798.06,0.0,0.0,0.0,0.0,0.0,0.0,1.86,0.0,4.31,0.0,10.58,5.55,641.54,0.0,2.12
256300305662793,308.75,28,6.65,294.13,7.97,290.59,170.34,298.75,0.0,0.0,0.0,0.0,0.0,0.0,1.37,0.0,2.36,0.0,8.67,3.53,657.87,0.0,2.04
256300310727778,259.14,28,8.63,242.31,8.2,238.98,178.48,249.07,0.0,0.0,0.0,0.0,0.0,0.0,2.07,0.0,4.92,0.0,10.82,3.5,663.44,0.0,1.86
256300316026398,316.58,28,5.45,302.33,8.8,298.35,183.98,306.06,0.0,0.0,0.0,0.0,0.0,0.0,1.01,0.0,2.11,0.0,8.27,3.6,684.81,0.0,1.72
256300321484743,626.73,28,12.6,533.39,80.74,536.59,179.69,544.06,0.0,0.0,0.0,0.0,0.0,0.0,3.21,0.0,6.18,0.0,15.97,5.04,640.53,0.0,1.85
256300327035612,249.29,28,7.12,226.98,15.19,224.56,177.24,231.82,0.0,0.0,0.0,0.0,0.0,0.0,1.32,0.0,2.51,0.0,8.09,3.52,676.44,0.0,2.27
256300332075663,327.23,28,7.92,311.69,7.62,308.96,172.91,317.95,0.0,0.0,0.0,0.0,0.0,0.0,1.65,0.0,4.28,0.0,16.57,3.54,642.34,0.0,1.66
256300337095797,230.53,28,5.48,217.06,7.99,212.72,176.75,220.91,0.0,0.0,0.0,0.0,0.0,0.0,1.18,0.0,2.16,0.0,9.24,3.53,681.07,0.0,1.62
256300342022200,234.93,28,8.19,218.64,8.1,217.07,173.61,225.08,0.0,0.0,0.0,0.0,0.0,0.0,1.86,0.0,4.64,0.0,8.6,3.44,674.97,0.0,1.75
256300347043415,775.61,28,19.18,745.59,10.85,650.8,177.95,763.47,0.0,0.0,0.0,0.0,0.0,0.0,4.99,0.0,16.07,0.0,9.56,3.51,672.42,0.0,1.3
256300353448095,636.26,28,68.47,490.33,77.46,549.48,178.99,556.51,0.0,0.0,0.0,0.0,0.0,0.0,59.57,0.0,64.89,0.0,12.52,3.4,690.45,0.0,2.25
256300359209703,799.81,28,8.29,723.1,68.42,642.87,180.76,728.97,0.0,0.0,0.0,0.0,0.0,0.0,1.46,0.0,2.83,0.0,9.77,4.28,668.96,0.0,2.43
256300365037050,764.4,28,23.12,729.13,12.15,644.9,185.91,739.15,0.0,0.0,0.0,0.0,0.0,0.0,1.74,0.0,2.88,0.0,13.81,8.59,642.34,0.0,12.86
256300371035748,857.77,28,6.75,841.25,9.77,756.28,176.77,846.05,0.0,0.0,0.0,0.0,0.0,0.0,1.29,0.0,2.27,0.0,9.45,3.58,678.4,0.0,1.95
256300377097937,828.66,28,8.46,737.54,82.66,657.81,176.12,743.98,0.0,0.0,0.0,0.0,0.0,0.0,1.67,0.0,5.16,0.0,8.97,3.5,656.72,0.0,2.02
256300383024953,271.7,28,12.78,240.86,18.06,237.1,202.08,246.36,0.0,0.0,0.0,0.0,0.0,0.0,1.58,0.0,2.78,0.0,35.62,3.48,688.72,0.0,7.28
256300388086084,313.58,28,8.65,295.39,9.54,295.06,178.4,301.9,0.0,0.0,0.0,0.0,0.0,0.0,1.93,0.0,4.54,0.0,9.06,3.38,683.05,0.0,2.14
256300393448548,667.84,28,6.55,588.43,72.86,572.36,177.45,593.46,0.0,0.0,0.0,0.0,0.0,0.0,1.25,0.0,2.59,0.0,13.18,3.58,664.71,0.0,1.52
256300399034695,256.33,28,8.87,238.84,8.61,232.55,171.16,245.78,0.0,0.0,0.0,0.0,0.0,0.0,1.96,0.0,4.7,0.0,8.29,3.48,671.02,0.0,1.94
256300404045133,231.56,28,7.78,214.58,9.19,212.66,174.51,219.9,0.0,0.0,0.0,0.0,0.0,0.0,1.5,0.0,2.45,0.0,11.4,3.58,661.93,0.0,2.46
256300409072375,237.54,28,9.02,219.85,8.68,219.36,173.99,226.39,0.0,0.0,0.0,0.0,0.0,0.0,1.98,0.0,4.57,0.0,8.11,3.46,660.06,0.0,2.47
256300413967426,354.75,28,26.33,319.39,9.04,307.23,192.16,325.16,0.0,0.0,0.0,0.0,0.0,0.0,1.38,0.0,2.42,0.0,20.35,3.58,671.91,0.0,20.33
256300419099116,983.15,28,7.18,677.74,298.24,580.13,162.56,683.46,0.0,0.0,0.0,0.0,0.0,0.0,1.84,0.0,4.57,0.0,8.84,3.57,644.5,0.0,1.46
256300425246640,767.66,28,6.9,682.71,78.06,647.49,177.18,686.99,0.0,0.0,0.0,0.0,0.0,0.0,1.3,0.0,2.3,0.0,9.01,3.5,671.29,0.0,2.62
256300431028946,776.69,28,9.94,755.22,11.53,672.53,209.4,762.66,0.0,0.0,0.0,0.0,0.0,0.0,1.38,0.0,2.65,0.0,53.66,4.92,651.72,0.0,2.37
256300437030591,767.94,28,7.86,744.39,15.7,653.34,180.68,749.6,0.0,0.0,0.0,0.0,0.0,0.0,1.44,0.0,2.75,0.0,10.37,3.59,658.39,0.0,2.65
256300443028652,892.57,28,26.2,856.05,10.32,648.84,178.79,864.65,0.0,0.0,0.0,0.0,0.0,0.0,5.03,0.0,6.21,0.0,9.63,3.62,683.83,0.0,17.28
256300448638801,307.49,28,7.07,293.37,7.04,290.9,176.07,298.39,0.0,0.0,0.0,0.0,0.0,0.0,1.43,0.0,2.39,0.0,8.23,3.37,677.83,0.0,2.05
256300454028539,318.34,28,17.57,290.09,10.67,296.52,189.99,306.2,0.0,0.0,0.0,0.0,0.0,0.0,1.75,0.0,4.25,0.0,24.82,17.14,662.51,0.0,1.41
256300459089700,755.97,28,7.2,738.62,10.15,638.38,171.97,744.06,0.0,0.0,0.0,0.0,0.0,0.0,1.41,0.0,2.44,0.0,14.04,3.79,659.87,0.0,1.76
256300465033047,841.43,28,12.4,818.83,10.2,736.08,180.48,825.1,0.0,0.0,0.0,0.0,0.0,0.0,1.65,0.0,2.83,0.0,16.48,3.66,672.85,0.0,6.13
256300471070800,840.69,28,6.84,745.31,88.53,647.88,177.22,750.31,0.0,0.0,0.0,0.0,0.0,0.0,1.12,0.0,2.27,0.0,9.59,3.58,666.84,0.0,1.84
256300477031140,317.92,28,8.49,299.99,9.44,297.89,177.34,306.83,0.0,0.0,0.0,0.0,0.0,0.0,1.6,0.0,4.49,0.0,19.18,3.46,656.52,0.0,1.65
256300482076412,310.21,28,6.86,295.89,7.45,293.6,177.03,300.85,0.0,0.0,0.0,0.0,0.0,0.0,1.53,0.0,2.62,0.0,17.38,3.45,659.72,0.0,1.8
256300487084717,736.8,28,8.48,715.66,12.65,636.54,187.34,722.74,0.0,0.0,0.0,0.0,0.0,0.0,1.81,0.0,4.43,0.0,10.16,3.52,680.77,0.0,1.41
256300493029656,867.74,28,21.86,834.66,11.22,741.12,172.63,839.55,0.0,0.0,0.0,0.0,0.0,0.0,1.4,0.0,2.48,0.0,11.43,4.87,653.57,0.0,16.5
256300499026687,266.39,28,13.07,244.98,8.34,244.48,183.3,252.31,0.0,0.0,0.0,0.0,0.0,0.0,1.81,0.0,4.6,0.0,16.25,3.58,657.69,0.0,5.75
256300504053666,806.61,28,7.64,788.35,10.62,690.73,196.75,794.24,0.0,0.0,0.0,0.0,0.0,0.0,1.53,0.0,2.5,0.0,36.01,4.12,676.41,0.0,1.75
256300510024533,281.63,28,18.05,254.93,8.64,261.65,178.69,271.08,0.0,0.0,0.0,0.0,0.0,0.0,2.52,0.0,13.69,0.0,19.8,3.52,666.01,0.0,1.91
256300515083339,236.32,28,6.39,221.24,8.69,216.46,172.9,225.54,0.0,0.0,0.0,0.0,0.0,0.0,1.23,0.0,2.29,0.0,8.87,3.43,672.26,0.0,2.09
256300520480351,604.34,28,8.6,529.41,66.33,528.26,184.46,535.79,0.0,0.0,0.0,0.0,0.0,0.0,1.29,0.0,2.33,0.0,23.19,5.04,651.4,0.0,2.2
256300526042456,797.12,28,16.21,769.57,11.34,680.8,210.93,776.05,0.0,0.0,0.0,0.0,0.0,0.0,1.09,0.0,2.06,0.0,55.27,4.44,650.25,0.0,9.71
256300532019740,749.67,28,8.88,728.51,12.28,644.87,193.18,735.8,0.0,0.0,0.0,0.0,0.0,0.0,2.49,0.0,5.28,0.0,11.57,3.55,687.72,0.0,1.59
256300538027874,819.55,28,17.81,789.17,12.57,700.13,186.54,793.96,0.0,0.0,0.0,0.0,0.0,0.0,1.62,0.0,2.59,0.0,20.08,3.55,676.75,0.0,12.31
256300544027327,247.6,28,8.96,228.78,9.86,228.7,168.26,235.54,0.0,0.0,0.0,0.0,0.0,0.0,2.17,0.0,5.2,0.0,8.9,3.58,654.26,0.0,2.2
256300549076130,746.3,28,6.74,727.85,11.7,638.42,174.38,732.48,0.0,0.0,0.0,0.0,0.0,0.0,1.19,0.0,2.12,0.0,9.37,3.69,658.37,0.0,2.12
256300555094431,850.84,28,10.59,766.37,73.87,685.21,174.2,774.82,0.0,0.0,0.0,0.0,0.0,0.0,2.74,0.0,5.46,0.0,10.4,3.48,638.67,0.0,2.15
256300561837688,388.59,28,6.8,302.66,79.13,300.28,171.27,307.46,0.0,0.0,0.0,0.0,0.0,0.0,1.21,0.0,2.37,0.0,8.35,3.55,667.02,0.0,2.0
256300567052602,776.89,28,8.43,758.51,9.94,651.3,191.96,765.07,0.0,0.0,0.0,0.0,0.0,0.0,1.87,0.0,4.97,0.0,10.3,3.51,697.34,0.0,1.88
256300572695208,755.69,28,7.38,737.34,10.96,642.65,177.76,742.13,0.0,0.0,0.0,0.0,0.0,0.0,1.38,0.0,2.38,0.0,15.43,3.63,651.46,0.0,2.59
256300579037267,793.67,28,6.5,775.71,11.46,674.3,183.05,780.43,0.0,0.0,0.0,0.0,0.0,0.0,0.98,0.0,2.02,0.0,16.58,3.68,655.74,0.0,1.79
256300585026288,845.5,28,9.63,827.65,8.22,745.03,169.08,835.27,0.0,0.0,0.0,0.0,0.0,0.0,2.32,0.0,5.65,0.0,9.73,3.52,647.45,0.0,2.01
256300591243259,771.21,28,6.38,697.08,67.75,637.47,179.27,701.19,0.0,0.0,0.0,0.0,0.0,0.0,1.13,0.0,2.22,0.0,8.43,3.53,672.79,0.0,2.27
256300597029966,754.69,28,7.84,736.78,10.07,647.55,178.71,742.18,0.0,0.0,0.0,0.0,0.0,0.0,1.4,0.0,2.5,0.0,9.91,3.59,677.06,0.0,2.44
256300603028010,753.52,28,8.97,734.76,9.79,639.01,220.59,741.75,0.0,0.0,0.0,0.0,0.0,0.0,1.45,0.0,2.51,0.0,60.36,5.79,668.55,0.0,1.99
256300608661649,447.12,28,15.08,423.73,8.31,419.9,173.24,429.51,0.0,0.0,0.0,0.0,0.0,0.0,1.9,0.0,3.05,0.0,8.71,3.83,664.95,0.0,9.3
256300614031236,313.84,28,6.75,298.97,8.12,292.69,183.0,303.64,0.0,0.0,0.0,0.0,0.0,0.0,1.27,0.0,2.24,0.0,8.74,3.45,687.43,0.0,2.08
256300619081497,307.09,28,8.61,290.56,7.91,289.42,193.39,296.95,0.0,0.0,0.0,0.0,0.0,0.0,1.57,0.0,2.76,0.0,41.25,3.79,655.19,0.0,2.23
256300624538421,563.12,28,9.36,484.16,69.61,482.49,180.09,490.96,0.0,0.0,0.0,0.0,0.0,0.0,1.18,0.0,2.27,0.0,10.7,5.67,643.07,0.0,2.55
256300630036930,760.74,28,7.04,741.28,12.43,651.51,188.59,745.4,0.0,0.0,0.0,0.0,0.0,0.0,1.29,0.0,2.3,0.0,10.24,3.5,679.88,0.0,2.87
256300636078126,314.44,28,7.39,297.83,9.21,294.55,175.51,302.79,0.0,0.0,0.0,0.0,0.0,0.0,1.53,0.0,2.66,0.0,8.47,3.54,674.32,0.0,2.44
256300641609785,837.38,28,8.13,749.19,80.06,658.54,181.97,754.39,0.0,0.0,0.0,0.0,0.0,0.0,1.44,0.0,2.43,0.0,8.88,3.52,690.48,0.0,2.93
256300648026386,750.77,28,6.83,734.43,9.51,641.79,177.4,739.23,0.0,0.0,0.0,0.0,0.0,0.0,1.46,0.0,2.65,0.0,8.51,3.46,662.8,0.0,2.03
256300653697602,789.94,28,6.5,774.41,9.02,662.25,182.38,778.66,0.0,0.0,0.0,0.0,0.0,0.0,1.21,0.0,2.32,0.0,8.74,3.55,697.23,0.0,2.26
256300660005156,825.79,28,90.83,724.5,10.45,702.1,174.98,801.98,0.0,0.0,0.0,0.0,0.0,0.0,76.23,0.0,77.45,0.0,17.15,3.48,673.73,0.0,12.51
256300666600100,987.8,28,188.93,725.24,73.63,806.46,178.81,911.65,0.0,0.0,0.0,0.0,0.0,0.0,2.8,0.0,184.61,0.0,190.37,3.47,659.72,0.0,2.51
256300673025481,758.56,28,7.24,732.28,19.04,648.87,178.92,737.24,0.0,0.0,0.0,0.0,0.0,0.0,1.35,0.0,2.49,0.0,8.4,3.54,656.36,0.0,2.28
256300679031858,861.64,28,96.48,754.67,10.49,658.55,179.03,763.3,0.0,0.0,0.0,0.0,0.0,0.0,3.79,0.0,5.19,0.0,23.6,3.53,645.45,0.0,87.85
256300685606612,508.19,28,8.43,417.8,81.96,416.42,180.14,423.99,0.0,0.0,0.0,0.0,0.0,0.0,1.25,0.0,2.47,0.0,9.49,4.52,663.13,0.0,2.24
256300691039161,253.0,28,7.16,237.1,8.74,233.96,173.58,242.36,0.0,0.0,0.0,0.0,0.0,0.0,1.52,0.0,2.65,0.0,9.26,3.82,661.38,0.0,1.9
256300695989106,759.84,28,11.31,736.12,12.4,654.41,186.3,743.33,0.0,0.0,0.0,0.0,0.0,0.0,1.19,0.0,4.0,0.0,15.28,3.83,666.41,0.0,4.04
256300702036381,784.54,28,6.86,765.1,12.59,675.92,175.12,769.85,0.0,0.0,0.0,0.0,0.0,0.0,1.55,0.0,2.59,0.0,9.47,3.51,640.21,0.0,2.11
256300708030955,787.44,28,7.28,769.68,10.48,719.91,182.7,774.65,0.0,0.0,0.0,0.0,0.0,0.0,1.53,0.0,3.04,0.0,8.9,3.54,674.77,0.0,2.26
256300714030518,781.28,28,7.57,762.66,11.05,651.89,182.41,768.08,0.0,0.0,0.0,0.0,0.0,0.0,1.58,0.0,2.57,0.0,9.56,4.3,675.58,0.0,1.99
256300719675687,236.93,28,6.41,222.5,8.02,218.72,173.32,226.71,0.0,0.0,0.0,0.0,0.0,0.0,1.55,0.0,2.5,0.0,9.36,3.46,654.33,0.0,2.2
256300724578407,239.85,28,5.86,224.96,9.03,222.13,167.08,228.97,0.0,0.0,0.0,0.0,0.0,0.0,1.35,0.0,2.44,0.0,8.75,3.53,651.48,0.0,1.8
256300729949165,912.07,28,9.15,815.52,87.4,714.76,188.17,822.3,0.0,0.0,0.0,0.0,0.0,0.0,1.41,0.0,2.52,0.0,15.25,5.23,668.34,0.0,2.25
256300735696752,235.37,28,6.44,219.03,9.9,215.32,174.35,222.97,0.0,0.0,0.0,0.0,0.0,0.0,1.22,0.0,2.32,0.0,8.83,3.37,670.53,0.0,2.5
256300741032099,313.55,28,6.89,296.58,10.08,294.4,174.1,301.34,0.0,0.0,0.0,0.0,0.0,0.0,1.17,0.0,2.18,0.0,8.78,3.55,665.29,0.0,2.13
256300746488845,602.67,28,9.52,509.78,83.37,509.37,180.23,516.98,0.0,0.0,0.0,0.0,0.0,0.0,1.58,0.0,2.56,0.0,11.38,5.66,673.76,0.0,2.33
256300752065439,838.73,28,7.0,749.31,82.42,658.93,185.1,754.79,0.0,0.0,0.0,0.0,0.0,0.0,1.3,0.0,2.66,0.0,20.04,3.55,662.57,0.0,1.52
256300758595196,958.81,28,20.59,862.95,75.27,726.91,193.29,867.6,0.0,0.0,0.0,0.0,0.0,0.0,1.41,0.0,2.54,0.0,14.16,3.5,665.73,0.0,15.78
256300765035070,752.29,28,6.86,734.12,11.3,647.87,174.29,739.08,0.0,0.0,0.0,0.0,0.0,0.0,1.66,0.0,2.72,0.0,8.72,3.5,676.76,0.0,1.91
256300771088744,784.8,28,10.15,762.17,12.48,674.78,181.05,769.82,0.0,0.0,0.0,0.0,0.0,0.0,1.34,0.0,2.44,0.0,14.93,8.31,657.99,0.0,2.5
256300777095229,252.82,28,6.99,236.22,9.61,232.99,175.25,240.75,0.0,0.0,0.0,0.0,0.0,0.0,1.33,0.0,2.3,0.0,8.65,3.56,664.03,0.0,2.46
256300782015833,241.99,28,6.04,225.88,10.08,223.03,170.54,230.64,0.0,0.0,0.0,0.0,0.0,0.0,1.54,0.0,2.56,0.0,9.93,3.54,660.02,0.0,1.27
256300787073527,234.67,28,6.49,219.43,8.75,216.97,177.88,224.2,0.0,0.0,0.0,0.0,0.0,0.0,1.77,0.0,2.9,0.0,8.86,3.43,685.36,0.0,1.72
256300792038993,254.28,28,6.95,231.27,16.06,229.04,167.94,235.96,0.0,0.0,0.0,0.0,0.0,0.0,1.89,0.0,2.92,0.0,9.45,3.43,649.22,0.0,2.26
256300797053431,783.71,28,6.15,767.43,10.13,668.02,186.28,771.92,0.0,0.0,0.0,0.0,0.0,0.0,1.35,0.0,2.34,0.0,8.68,3.55,685.79,0.0,1.66
256300803007745,247.27,28,6.42,232.26,8.59,229.52,172.77,236.88,0.0,0.0,0.0,0.0,0.0,0.0,1.39,0.0,2.58,0.0,9.44,3.43,670.18,0.0,1.8
256300808041567,751.81,28,7.63,731.49,12.68,641.35,204.93,736.9,0.0,0.0,0.0,0.0,0.0,0.0,1.55,0.0,2.67,0.0,53.35,3.44,693.93,0.0,2.23
256300814030158,316.39,28,6.96,301.02,8.41,298.54,175.93,305.74,0.0,0.0,0.0,0.0,0.0,0.0,1.28,0.0,2.37,0.0,8.95,3.45,676.42,0.0,2.24
256300819065521,273.24,28,6.15,258.32,8.77,253.98,174.83,262.77,0.0,0.0,0.0,0.0,0.0,0.0,1.35,0.0,2.4,0.0,8.11,3.4,670.79,0.0,1.7
256300824100450,253.59,28,6.93,238.0,8.65,234.55,177.25,242.77,0.0,0.0,0.0,0.0,0.0,0.0,1.28,0.0,2.32,0.0,9.18,3.42,679.93,0.0,2.17
256300829088782,262.25,28,5.75,248.23,8.27,244.12,173.88,252.04,0.0,0.0,0.0,0.0,0.0,0.0,1.33,0.0,2.27,0.0,9.44,3.52,657.67,0.0,1.93
256300834058158,251.82,28,6.68,236.01,9.13,233.81,173.25,240.9,0.0,0.0,0.0,0.0,0.0,0.0,1.99,0.0,2.96,0.0,8.72,3.49,656.8,0.0,1.79
256300839053823,772.71,28,7.29,755.8,9.62,663.97,201.82,761.58,0.0,0.0,0.0,0.0,0.0,0.0,1.43,0.0,2.5,0.0,11.65,3.56,713.99,0.0,1.5
256300845603470,520.83,28,26.06,415.02,79.75,407.88,189.04,420.64,0.0,0.0,0.0,0.0,0.0,0.0,1.55,0.0,2.54,0.0,13.89,3.88,662.61,0.0,20.39
256300850795211,318.96,28,7.72,302.57,8.67,300.72,176.67,308.76,0.0,0.0,0.0,0.0,0.0,0.0,1.53,0.0,2.71,0.0,26.55,3.48,668.13,0.0,1.53
256300856032551,256.02,28,6.84,240.44,8.74,238.46,181.92,245.3,0.0,0.0,0.0,0.0,0.0,0.0,1.55,0.0,2.71,0.0,12.3,3.54,678.14,0.0,1.98
256300861058210,304.03,28,7.31,288.36,8.36,286.86,176.03,293.55,0.0,0.0,0.0,0.0,0.0,0.0,1.2,0.0,2.52,0.0,10.09,3.48,663.87,0.0,2.12
256300866090969,802.98,28,7.33,782.98,12.67,688.99,188.07,788.51,0.0,0.0,0.0,0.0,0.0,0.0,1.66,0.0,2.78,0.0,9.9,3.47,668.33,0.0,1.8
256300872517207,583.09,28,8.58,495.87,78.63,494.64,200.98,502.3,0.0,0.0,0.0,0.0,0.0,0.0,1.5,0.0,2.9,0.0,61.1,3.53,641.25,0.0,2.16
256300878029031,280.19,28,6.61,264.61,8.97,261.88,179.92,269.34,0.0,0.0,0.0,0.0,0.0,0.0,1.41,0.0,2.32,0.0,8.62,3.54,676.97,0.0,1.87
256300883076264,813.16,28,22.63,780.84,9.69,683.41,185.69,788.62,0.0,0.0,0.0,0.0,0.0,0.0,3.3,0.0,4.26,0.0,14.69,3.75,685.3,0.0,14.63
256300889237098,910.17,28,12.65,809.75,87.76,685.15,188.88,819.67,0.0,0.0,0.0,0.0,0.0,0.0,1.39,0.0,2.39,0.0,15.35,9.56,668.04,0.0,2.73
256300895959242,870.25,28,7.3,801.37,61.58,713.01,188.85,806.39,0.0,0.0,0.0,0.0,0.0,0.0,1.37,0.0,2.66,0.0,9.84,3.55,679.84,0.0,2.28
256300902030922,314.27,28,6.48,299.04,8.75,296.11,174.0,303.39,0.0,0.0,0.0,0.0,0.0,0.0,1.04,0.0,2.02,0.0,8.09,3.42,673.48,0.0,2.13
256300907048118,311.33,28,6.52,296.2,8.62,282.15,175.74,300.61,0.0,0.0,0.0,0.0,0.0,0.0,1.33,0.0,2.37,0.0,8.92,3.56,672.3,0.0,2.11
256300912084716,331.9,28,6.69,316.4,8.8,313.82,179.69,321.41,0.0,0.0,0.0,0.0,0.0,0.0,1.38,0.0,2.4,0.0,9.82,3.5,677.38,0.0,1.69
256300917069606,802.35,28,7.67,785.18,9.5,661.47,189.13,790.49,0.0,0.0,0.0,0.0,0.0,0.0,1.17,0.0,2.12,0.0,17.14,3.51,663.5,0.0,2.36
256300923111678,255.39,28,7.17,239.0,9.22,236.67,176.48,244.03,0.0,0.0,0.0,0.0,0.0,0.0,1.33,0.0,2.29,0.0,12.93,3.46,649.84,0.0,2.13
256300928086354,784.18,28,6.39,767.95,9.84,662.01,176.29,772.39,0.0,0.0,0.0,0.0,0.0,0.0,1.29,0.0,2.25,0.0,8.2,3.51,667.39,0.0,1.95
256300934033004,750.23,28,6.79,733.42,10.02,677.69,176.0,738.35,0.0,0.0,0.0,0.0,0.0,0.0,1.37,0.0,2.5,0.0,8.89,3.44,670.61,0.0,1.85
256300939952528,253.09,28,6.63,239.09,7.38,236.59,173.55,243.79,0.0,0.0,0.0,0.0,0.0,0.0,1.23,0.0,2.15,0.0,11.41,3.52,662.46,0.0,1.92
256300945164962,937.2,28,7.56,846.65,82.99,768.16,183.55,851.63,0.0,0.0,0.0,0.0,0.0,0.0,1.54,0.0,2.61,0.0,13.65,3.5,697.55,0.0,2.58
256300951749443,863.92,28,7.55,774.87,81.49,670.51,185.24,779.42,0.0,0.0,0.0,0.0,0.0,0.0,1.22,0.0,2.19,0.0,10.12,3.52,657.04,0.0,3.01
256300958031721,336.95,28,7.14,320.29,9.52,318.08,185.47,325.01,0.0,0.0,0.0,0.0,0.0,0.0,1.34,0.0,2.4,0.0,24.46,3.48,668.83,0.0,2.32
256300963071895,321.54,28,7.26,304.05,10.23,300.71,171.55,309.01,0.0,0.0,0.0,0.0,0.0,0.0,1.4,0.0,2.49,0.0,8.97,3.58,661.33,0.0,2.3
256300968651350,387.17,28,6.11,302.92,78.14,300.22,168.96,307.37,0.0,0.0,0.0,0.0,0.0,0.0,1.3,0.0,2.29,0.0,13.05,3.71,657.6,0.0,1.58
256300973748681,775.55,28,6.66,758.03,10.86,659.81,172.6,762.68,0.0,0.0,0.0,0.0,0.0,0.0,1.48,0.0,2.44,0.0,8.66,3.47,661.96,0.0,2.01
256300980006620,311.8,28,6.64,296.15,9.01,293.47,173.75,300.47,0.0,0.0,0.0,0.0,0.0,0.0,1.47,0.0,2.45,0.0,8.43,3.54,667.09,0.0,2.2
256300985045888,372.24,28,9.17,353.08,10.0,346.49,167.55,357.39,0.0,0.0,0.0,0.0,0.0,0.0,1.45,0.0,2.5,0.0,8.93,3.62,654.27,0.0,4.7
256300990110430,236.06,28,6.33,220.79,8.94,217.74,168.31,225.45,0.0,0.0,0.0,0.0,0.0,0.0,1.39,0.0,2.36,0.0,9.32,3.58,645.93,0.0,1.66
256300995054223,242.23,28,14.31,218.55,9.37,222.91,179.34,230.23,0.0,0.0,0.0,0.0,0.0,0.0,9.76,0.0,10.76,0.0,15.2,3.48,672.5,0.0,2.62
256301000281442,764.75,28,7.6,680.19,76.96,678.47,177.61,685.57,0.0,0.0,0.0,0.0,0.0,0.0,1.5,0.0,2.86,0.0,10.38,5.07,651.84,0.0,2.22
256301005718536,314.53,28,6.6,298.6,9.33,295.59,173.77,303.0,0.0,0.0,0.0,0.0,0.0,0.0,1.41,0.0,2.44,0.0,9.14,3.47,668.17,0.0,2.2
256301011029399,794.12,28,7.06,776.15,10.9,683.45,171.34,781.0,0.0,0.0,0.0,0.0,0.0,0.0,1.42,0.0,2.6,0.0,8.85,3.66,658.49,0.0,2.21
256301016667281,437.16,28,8.53,419.3,9.34,418.42,194.73,424.99,0.0,0.0,0.0,0.0,0.0,0.0,1.41,0.0,2.55,0.0,12.99,3.78,675.94,0.0,2.84
256301022043547,251.82,28,15.86,226.59,9.37,223.83,181.84,231.77,0.0,0.0,0.0,0.0,0.0,0.0,1.22,0.0,2.41,0.0,17.67,3.48,671.7,0.0,10.69
256301027556427,561.75,28,7.78,476.83,77.14,474.93,188.08,482.34,0.0,0.0,0.0,0.0,0.0,0.0,1.32,0.0,2.32,0.0,13.11,3.87,685.38,0.0,2.26
256301033042910,314.39,28,7.3,297.2,9.88,295.42,168.24,302.62,0.0,0.0,0.0,0.0,0.0,0.0,1.52,0.0,2.6,0.0,10.28,3.57,654.24,0.0,1.89
256301038540612,904.56,28,8.54,814.2,81.82,724.29,180.86,820.26,0.0,0.0,0.0,0.0,0.0,0.0,1.25,0.0,2.29,0.0,10.63,4.46,673.99,0.0,2.48
256301044650707,315.15,28,6.28,300.6,8.27,297.9,179.91,304.62,0.0,0.0,0.0,0.0,0.0,0.0,1.18,0.0,2.26,0.0,8.27,3.41,669.99,0.0,2.26
256301050030569,316.79,28,6.85,299.92,10.02,294.55,176.39,304.05,0.0,0.0,0.0,0.0,0.0,0.0,1.22,0.0,2.2,0.0,8.42,3.42,663.57,0.0,2.71
256301055128706,305.56,28,6.51,290.13,8.92,287.88,179.26,294.83,0.0,0.0,0.0,0.0,0.0,0.0,1.15,0.0,2.13,0.0,8.27,3.42,666.43,0.0,1.8
256301060443802,860.29,28,7.26,763.78,89.25,679.86,177.59,769.11,0.0,0.0,0.0,0.0,0.0,0.0,1.5,0.0,2.53,0.0,10.98,3.46,636.55,0.0,1.92
256301067037461,731.95,28,6.71,715.98,9.25,664.69,174.66,721.1,0.0,0.0,0.0,0.0,0.0,0.0,1.39,0.0,2.36,0.0,12.36,3.44,660.61,0.0,1.6
256301073618654,508.3,28,6.58,421.87,79.85,418.58,181.1,426.13,0.0,0.0,0.0,0.0,0.0,0.0,1.15,0.0,2.23,0.0,8.7,3.58,685.66,0.0,2.32
256301079043891,314.23,28,6.29,298.68,9.26,296.14,178.43,303.03,0.0,0.0,0.0,0.0,0.0,0.0,1.15,0.0,2.24,0.0,10.64,3.41,672.06,0.0,1.94
256301084080328,272.01,28,7.61,256.7,7.7,254.39,175.04,262.51,0.0,0.0,0.0,0.0,0.0,0.0,1.39,0.0,2.5,0.0,13.41,3.56,658.24,0.0,1.8
256301089619587,858.6,28,7.51,786.68,64.41,658.41,191.38,791.51,0.0,0.0,0.0,0.0,0.0,0.0,1.43,0.0,2.61,0.0,7.94,3.41,671.97,0.0,2.64
256301096039650,847.09,28,7.07,830.19,9.83,724.49,174.51,834.7,0.0,0.0,0.0,0.0,0.0,0.0,1.27,0.0,2.42,0.0,12.04,3.53,664.07,0.0,2.56
256301102706957,425.95,28,8.47,328.62,88.86,326.52,183.65,335.02,0.0,0.0,0.0,0.0,0.0,0.0,1.15,0.0,2.26,0.0,10.94,5.14,669.4,0.0,2.07
256301108034689,731.08,28,7.41,713.77,9.89,662.49,172.87,719.0,0.0,0.0,0.0,0.0,0.0,0.0,1.34,0.0,2.41,0.0,14.02,3.46,652.02,0.0,2.18
256301114070351,815.08,28,7.83,741.13,66.13,648.41,186.18,746.85,0.0,0.0,0.0,0.0,0.0,0.0,1.75,0.0,2.79,0.0,23.24,3.57,669.11,0.0,2.1
256301120084011,813.03,28,6.63,741.76,64.64,682.71,178.15,746.05,0.0,0.0,0.0,0.0,0.0,0.0,1.52,0.0,2.53,0.0,9.09,3.41,672.87,0.0,2.34
256301126044988,313.14,28,11.98,292.08,9.08,294.56,164.99,301.99,0.0,0.0,0.0,0.0,0.0,0.0,1.49,0.0,9.03,0.0,9.48,3.44,656.58,0.0,2.07
256301131064220,253.94,28,8.18,236.26,9.5,234.64,182.68,242.17,0.0,0.0,0.0,0.0,0.0,0.0,1.45,0.0,2.6,0.0,14.13,3.53,666.19,0.0,2.28
256301136051781,818.7,28,7.62,800.66,10.41,702.06,178.43,805.88,0.0,0.0,0.0,0.0,0.0,0.0,1.29,0.0,2.35,0.0,10.41,3.95,655.64,0.0,2.4
256301142040628,787.27,28,8.47,767.47,11.33,675.56,181.28,773.52,0.0,0.0,0.0,0.0,0.0,0.0,1.59,0.0,2.82,0.0,10.84,3.44,671.1,0.0,2.36
256301148119540,870.76,28,30.01,763.99,76.76,666.77,226.92,771.5,0.0,0.0,0.0,0.0,0.0,0.0,1.24,0.0,2.47,0.0,72.56,5.76,648.51,0.0,21.77
256301153712421,435.18,28,8.57,417.24,9.37,414.43,195.54,423.03,0.0,0.0,0.0,0.0,0.0,0.0,1.24,0.0,2.24,0.0,23.06,3.55,686.41,0.0,2.77
256301159158743,848.8,28,8.0,763.85,76.95,672.11,186.28,769.44,0.0,0.0,0.0,0.0,0.0,0.0,1.42,0.0,2.71,0.0,16.34,3.48,642.2,0.0,2.4
256301165812819,392.82,28,7.05,318.81,66.95,316.34,180.48,323.44,0.0,0.0,0.0,0.0,0.0,0.0,1.17,0.0,2.13,0.0,16.31,3.85,651.96,0.0,2.43
256301171055296,797.81,28,8.41,779.78,9.62,665.29,178.89,786.0,0.0,0.0,0.0,0.0,0.0,0.0,1.62,0.0,2.62,0.0,15.23,3.59,669.35,0.0,2.2
256301177032624,314.15,28,5.71,299.36,9.09,295.15,168.93,303.22,0.0,0.0,0.0,0.0,0.0,0.0,1.34,0.0,2.3,0.0,8.54,3.49,655.79,0.0,1.85
256301182085398,258.77,28,7.73,242.62,8.42,238.85,180.97,247.76,0.0,0.0,0.0,0.0,0.0,0.0,1.17,0.0,2.18,0.0,9.94,3.42,671.43,0.0,2.6
256301187531632,569.12,28,7.12,478.47,83.53,475.49,178.2,483.18,0.0,0.0,0.0,0.0,0.0,0.0,1.19,0.0,2.25,0.0,12.56,3.52,678.56,0.0,2.41
256301193211825,800.31,28,7.82,709.68,82.81,667.61,171.58,715.23,0.0,0.0,0.0,0.0,0.0,0.0,1.3,0.0,2.35,0.0,15.05,3.56,658.45,0.0,2.28
256301199029653,986.15,28,22.18,954.78,9.18,655.72,180.24,960.23,0.0,0.0,0.0,0.0,0.0,0.0,1.65,0.0,3.18,0.0,9.42,3.45,661.95,0.0,16.44
256301205030441,744.88,28,7.09,726.99,10.8,670.31,175.34,731.92,0.0,0.0,0.0,0.0,0.0,0.0,1.46,0.0,2.66,0.0,9.32,3.48,651.52,0.0,2.17
256301211525401,571.11,28,6.67,469.66,94.78,463.54,182.29,473.99,0.0,0.0,0.0,0.0,0.0,0.0,1.2,0.0,2.26,0.0,8.22,3.47,690.55,0.0,2.35
256301217516343,609.89,28,27.5,500.59,81.79,494.19,173.98,505.01,0.0,0.0,0.0,0.0,0.0,0.0,1.53,0.0,2.48,0.0,9.62,3.71,650.56,0.0,22.53
256301222842242,744.91,28,5.74,729.68,9.49,562.97,174.64,733.47,0.0,0.0,0.0,0.0,0.0,0.0,1.37,0.0,2.5,0.0,8.66,3.47,672.51,0.0,1.89
256301229027340,264.5,28,6.44,243.75,14.32,240.07,173.23,248.78,0.0,0.0,0.0,0.0,0.0,0.0,1.21,0.0,2.19,0.0,16.78,3.58,657.83,0.0,1.29
256301234068031,794.76,28,6.55,775.02,13.19,663.92,180.24,779.39,0.0,0.0,0.0,0.0,0.0,0.0,1.32,0.0,2.28,0.0,8.5,3.61,666.11,0.0,2.08
256301240033623,768.74,28,26.61,732.07,10.06,647.81,182.65,744.56,0.0,0.0,0.0,0.0,0.0,0.0,2.24,0.0,3.29,0.0,19.65,10.38,654.68,0.0,14.12
256301246651309,976.56,28,7.51,901.67,67.38,678.12,181.13,906.05,0.0,0.0,0.0,0.0,0.0,0.0,1.4,0.0,2.38,0.0,10.54,3.51,674.48,0.0,3.13
256301252914392,276.4,28,7.16,259.54,9.71,253.99,171.7,264.22,0.0,0.0,0.0,0.0,0.0,0.0,1.44,0.0,2.39,0.0,8.28,3.54,661.5,0.0,2.47
256301258031377,245.99,28,9.05,227.99,8.95,201.63,179.96,210.26,0.0,0.0,0.0,0.0,0.0,0.0,1.73,0.0,2.95,0.0,20.57,3.46,659.52,0.0,3.31
256301263752147,438.72,28,10.2,339.25,89.26,339.83,174.54,347.09,0.0,0.0,0.0,0.0,0.0,0.0,1.78,0.0,2.9,0.0,14.47,4.94,683.14,0.0,2.37
256301268845890,819.49,28,36.59,772.64,10.26,712.88,177.25,806.79,0.0,0.0,0.0,0.0,0.0,0.0,29.71,0.0,31.13,0.0,9.56,3.99,661.25,0.0,2.43
256301275027604,798.88,28,6.81,782.72,9.35,723.95,175.28,787.41,0.0,0.0,0.0,0.0,0.0,0.0,1.19,0.0,2.25,0.0,9.64,3.47,657.75,0.0,2.05
256301281031279,755.03,28,7.0,738.24,9.79,688.37,171.02,743.4,0.0,0.0,0.0,0.0,0.0,0.0,1.24,0.0,2.34,0.0,9.01,4.39,640.58,0.0,1.84
256301286685557,767.68,28,7.75,750.62,9.31,655.07,174.4,755.92,0.0,0.0,0.0,0.0,0.0,0.0,1.45,0.0,2.59,0.0,9.27,3.41,660.01,0.0,2.44
256301293088472,406.39,28,13.53,316.98,75.88,315.65,176.17,322.7,0.0,0.0,0.0,0.0,0.0,0.0,1.24,0.0,2.25,0.0,10.95,3.46,655.51,0.0,7.81
256301298620906,488.13,28,7.6,397.27,83.26,394.87,188.59,402.14,0.0,0.0,0.0,0.0,0.0,0.0,1.32,0.0,2.27,0.0,10.16,3.49,670.34,0.0,2.73
256301304034813,235.78,28,5.97,221.9,7.91,219.03,169.78,226.24,0.0,0.0,0.0,0.0,0.0,0.0,1.31,0.0,2.57,0.0,8.63,3.45,664.85,0.0,1.63
256301308935099,260.86,28,8.18,243.71,8.97,241.74,232.26,248.97,0.0,0.0,0.0,0.0,0.0,0.0,1.52,0.0,2.52,0.0,53.28,3.76,662.66,0.0,2.92
256301314032700,252.43,28,6.29,238.04,8.1,234.69,174.08,242.6,0.0,0.0,0.0,0.0,0.0,0.0,1.3,0.0,2.25,0.0,8.31,3.43,674.31,0.0,1.73
256301318948286,315.37,28,6.37,301.01,7.99,298.09,184.82,305.36,0.0,0.0,0.0,0.0,0.0,0.0,1.32,0.0,2.28,0.0,8.97,3.48,677.15,0.0,2.02
256301323947562,769.24,28,6.86,753.51,8.87,641.62,176.14,758.45,0.0,0.0,0.0,0.0,0.0,0.0,1.35,0.0,2.3,0.0,8.53,3.54,666.74,0.0,1.92
256301330056950,310.34,28,11.93,289.09,9.33,287.56,183.13,294.55,0.0,0.0,0.0,0.0,0.0,0.0,1.55,0.0,2.52,0.0,11.68,3.43,677.72,0.0,6.47
256301335503406,576.28,28,9.79,498.27,68.23,499.06,181.97,506.05,0.0,0.0,0.0,0.0,0.0,0.0,1.58,0.0,2.61,0.0,20.15,5.87,662.06,0.0,2.01
256301341033615,251.17,28,6.32,235.37,9.48,233.0,174.2,240.24,0.0,0.0,0.0,0.0,0.0,0.0,1.14,0.0,2.13,0.0,10.96,3.51,671.13,0.0,1.44
256301346478472,608.29,28,8.4,518.96,80.92,517.72,177.88,525.08,0.0,0.0,0.0,0.0,0.0,0.0,1.4,0.0,2.38,0.0,12.94,4.11,657.68,0.0,2.29
256301352039735,811.77,28,21.95,778.76,11.06,679.67,195.85,785.33,0.0,0.0,0.0,0.0,0.0,0.0,2.11,0.0,3.17,0.0,39.13,3.59,628.54,0.0,15.19
256301358179956,313.88,28,6.84,299.65,7.39,298.01,179.84,304.8,0.0,0.0,0.0,0.0,0.0,0.0,1.27,0.0,2.18,0.0,9.89,3.48,670.91,0.0,1.7
256301363664734,466.22,28,7.4,388.51,70.31,386.14,172.77,393.51,0.0,0.0,0.0,0.0,0.0,0.0,1.17,0.0,2.13,0.0,9.86,3.62,652.73,0.0,2.41
256301368889313,240.52,28,7.29,224.4,8.83,220.9,177.96,228.9,0.0,0.0,0.0,0.0,0.0,0.0,1.34,0.0,2.34,0.0,9.38,3.46,664.9,0.0,2.79
256301373816455,322.32,28,9.87,302.91,9.54,301.74,182.75,309.2,0.0,0.0,0.0,0.0,0.0,0.0,1.4,0.0,2.46,0.0,13.07,4.39,675.4,0.0,3.51
256301379040096,812.21,28,23.66,778.58,9.97,669.92,185.35,784.51,0.0,0.0,0.0,0.0,0.0,0.0,1.3,0.0,2.47,0.0,16.34,3.72,669.06,0.0,17.57
256301384690560,229.2,28,6.11,214.86,8.23,211.63,169.87,219.08,0.0,0.0,0.0,0.0,0.0,0.0,1.13,0.0,2.12,0.0,9.54,3.55,665.59,0.0,1.89
256301389640699,243.62,28,11.03,224.33,8.25,221.97,171.68,229.82,0.0,0.0,0.0,0.0,0.0,0.0,1.55,0.0,2.63,0.0,11.52,3.5,664.98,0.0,5.54
256301394570284,513.48,28,9.35,495.23,8.91,494.63,178.1,502.32,0.0,0.0,0.0,0.0,0.0,0.0,1.58,0.0,2.63,0.0,12.43,5.97,654.8,0.0,2.25
256301400030440,264.39,28,10.58,244.56,9.25,246.45,172.72,253.08,0.0,0.0,0.0,0.0,0.0,0.0,1.44,0.0,7.74,0.0,10.5,3.43,662.14,0.0,2.05
256301405073482,262.57,28,13.09,240.64,8.84,244.81,178.31,251.75,0.0,0.0,0.0,0.0,0.0,0.0,7.82,0.0,9.2,0.0,13.67,3.5,659.09,0.0,1.98
256301410461569,882.66,28,6.59,804.13,71.94,724.42,189.01,809.13,0.0,0.0,0.0,0.0,0.0,0.0,1.24,0.0,2.32,0.0,10.72,3.46,677.25,0.0,1.58
256301417029320,319.09,28,11.86,298.49,8.74,296.89,180.84,304.2,0.0,0.0,0.0,0.0,0.0,0.0,1.34,0.0,2.35,0.0,18.22,3.51,671.67,0.0,6.16
256301422065338,248.69,28,6.32,234.49,7.87,232.62,176.39,239.4,0.0,0.0,0.0,0.0,0.0,0.0,1.62,0.0,2.61,0.0,8.84,3.65,682.12,0.0,1.41
256301427047895,239.47,28,6.86,224.0,8.61,222.1,184.76,228.83,0.0,0.0,0.0,0.0,0.0,0.0,1.06,0.0,2.04,0.0,11.29,3.54,680.53,0.0,1.94
256301432286846,748.72,28,6.04,663.48,79.2,661.06,191.84,667.88,0.0,0.0,0.0,0.0,0.0,0.0,1.36,0.0,2.37,0.0,9.84,3.5,692.63,0.0,1.49
256301438042605,248.46,28,6.66,232.78,9.02,230.83,172.76,237.1,0.0,0.0,0.0,0.0,0.0,0.0,1.29,0.0,2.33,0.0,10.26,3.58,667.35,0.0,2.33
256301443085691,764.92,28,7.35,743.79,13.78,659.99,177.04,748.6,0.0,0.0,0.0,0.0,0.0,0.0,1.35,0.0,2.28,0.0,11.87,3.96,655.91,0.0,2.54
256301448707580,320.23,28,6.66,305.56,8.01,303.58,178.85,310.33,0.0,0.0,0.0,0.0,0.0,0.0,1.53,0.0,2.5,0.0,8.89,3.51,674.75,0.0,1.89
256301454039697,868.69,28,19.4,839.94,9.35,735.76,177.05,845.26,0.0,0.0,0.0,0.0,0.0,0.0,1.3,0.0,2.27,0.0,14.63,3.55,649.63,0.0,14.08
256301460033447,311.83,28,9.71,293.09,9.03,293.85,181.24,301.21,0.0,0.0,0.0,0.0,0.0,0.0,1.04,0.0,2.13,0.0,15.62,9.02,678.17,0.0,1.6
256301465101850,309.63,28,6.44,294.31,8.88,290.08,174.26,298.19,0.0,0.0,0.0,0.0,0.0,0.0,1.31,0.0,2.32,0.0,10.57,3.44,659.89,0.0,2.56
256301470646982,833.56,28,7.31,746.74,79.51,671.4,177.53,751.94,0.0,0.0,0.0,0.0,0.0,0.0,1.18,0.0,2.3,0.0,10.96,3.55,668.55,0.0,2.11
256301477029790,757.72,28,8.56,737.16,12.0,647.41,180.93,742.78,0.0,0.0,0.0,0.0,0.0,0.0,1.28,0.0,2.44,0.0,12.61,3.46,663.39,0.0,2.94
256301483031096,318.73,28,9.04,293.34,16.35,292.18,177.44,298.98,0.0,0.0,0.0,0.0,0.0,0.0,1.61,0.0,3.03,0.0,18.03,3.58,661.88,0.0,3.15
256301488085790,254.73,28,6.43,239.76,8.53,237.11,179.76,244.35,0.0,0.0,0.0,0.0,0.0,0.0,1.52,0.0,2.49,0.0,9.43,3.45,672.6,0.0,1.84
256301493085293,234.8,28,5.57,220.75,8.48,216.84,173.83,224.22,0.0,0.0,0.0,0.0,0.0,0.0,1.38,0.0,2.29,0.0,10.36,3.52,660.31,0.0,2.1
256301498046962,321.58,28,7.48,305.54,8.57,302.92,177.08,310.97,0.0,0.0,0.0,0.0,0.0,0.0,1.79,0.0,2.73,0.0,11.35,3.5,667.65,0.0,2.05
256301503552571,556.23,28,72.68,407.57,75.98,469.42,234.88,477.54,0.0,0.0,0.0,0.0,0.0,0.0,1.52,0.0,2.91,0.0,79.32,70.16,639.38,0.0,2.71
256301509035398,764.75,28,22.46,728.42,13.88,638.56,186.68,735.2,0.0,0.0,0.0,0.0,0.0,0.0,1.62,0.0,2.86,0.0,15.27,4.48,680.43,0.0,15.45
256301515023008,313.73,28,6.75,298.28,8.69,294.94,174.81,302.99,0.0,0.0,0.0,0.0,0.0,0.0,1.27,0.0,2.28,0.0,10.24,3.54,653.99,0.0,2.04
256301520083981,315.8,28,6.82,299.29,9.69,293.61,179.35,303.8,0.0,0.0,0.0,0.0,0.0,0.0,1.14,0.0,2.09,0.0,10.45,3.63,672.32,0.0,2.3
256301525592787,530.53,28,9.88,434.33,86.31,434.74,191.21,442.04,0.0,0.0,0.0,0.0,0.0,0.0,1.55,0.0,2.55,0.0,35.46,5.41,646.7,0.0,2.17
256301531032896,244.06,28,7.18,229.53,7.35,227.57,172.18,234.56,0.0,0.0,0.0,0.0,0.0,0.0,1.24,0.0,2.23,0.0,9.37,3.53,662.09,0.0,2.15
256301536075688,262.18,28,14.16,239.62,8.4,245.22,172.48,251.67,0.0,0.0,0.0,0.0,0.0,0.0,1.82,0.0,12.05,0.0,17.94,3.54,663.6,0.0,2.11
256301541448294,1337.98,28,26.11,707.41,604.46,504.68,168.99,731.76,0.0,0.0,0.0,0.0,0.0,0.0,21.36,0.0,22.53,0.0,9.18,3.58,649.03,0.0,1.76
256301547734353,418.41,28,8.28,400.2,9.92,398.9,184.2,406.19,0.0,0.0,0.0,0.0,0.0,0.0,1.06,0.0,2.2,0.0,90.46,4.51,573.19,0.0,2.3
256301553066540,313.56,28,7.75,296.97,8.84,294.55,180.57,302.33,0.0,0.0,0.0,0.0,0.0,0.0,1.52,0.0,2.7,0.0,12.01,3.85,673.06,0.0,2.39
256301558095989,232.25,28,8.29,216.03,7.94,213.99,176.71,221.57,0.0,0.0,0.0,0.0,0.0,0.0,1.77,0.0,2.83,0.0,13.05,3.51,671.8,0.0,2.67
256301563056013,308.97,28,8.3,290.98,9.7,288.93,172.37,296.38,0.0,0.0,0.0,0.0,0.0,0.0,1.27,0.0,2.22,0.0,12.1,3.48,650.7,0.0,2.78
256301568080137,795.99,28,13.8,771.18,11.01,677.78,206.14,783.01,0.0,0.0,0.0,0.0,0.0,0.0,1.43,0.0,2.39,0.0,53.41,10.67,657.5,0.0,1.97
256301574026151,306.06,28,7.44,290.04,8.59,287.05,175.63,295.05,0.0,0.0,0.0,0.0,0.0,0.0,1.3,0.0,2.4,0.0,16.13,3.53,668.39,0.0,2.42
256301579110179,726.33,28,6.62,709.52,10.2,651.47,179.24,713.84,0.0,0.0,0.0,0.0,0.0,0.0,1.2,0.0,2.2,0.0,8.55,3.44,660.17,0.0,2.3
256301585189923,253.01,28,7.7,237.24,8.07,235.61,186.72,242.55,0.0,0.0,0.0,0.0,0.0,0.0,1.43,0.0,2.56,0.0,10.47,3.44,677.89,0.0,2.39
256301590597065,529.92,28,7.08,439.06,83.78,435.8,177.94,443.77,0.0,0.0,0.0,0.0,0.0,0.0,1.49,0.0,2.47,0.0,9.16,3.48,666.06,0.0,2.37
256301596296015,896.45,28,7.91,812.38,76.16,644.98,172.65,818.08,0.0,0.0,0.0,0.0,0.0,0.0,1.24,0.0,2.32,0.0,12.99,3.91,647.31,0.0,2.21
256301602963567,891.61,28,6.77,801.12,83.72,674.74,187.25,805.43,0.0,0.0,0.0,0.0,0.0,0.0,1.15,0.0,2.25,0.0,12.27,3.55,675.53,0.0,2.45
256301608708771,332.36,28,7.06,316.34,8.96,312.79,173.89,320.98,0.0,0.0,0.0,0.0,0.0,0.0,1.21,0.0,2.21,0.0,9.66,3.47,675.63,0.0,2.42
256301614036355,740.03,28,7.19,721.87,10.97,667.76,170.47,726.97,0.0,0.0,0.0,0.0,0.0,0.0,1.31,0.0,2.35,0.0,9.05,3.6,658.43,0.0,2.09
256301620656368,475.01,28,9.65,395.95,69.41,395.72,176.93,403.66,0.0,0.0,0.0,0.0,0.0,0.0,1.41,0.0,2.32,0.0,12.36,6.84,669.59,0.0,1.94
256301626046721,308.05,28,8.28,290.69,9.08,288.95,169.53,295.85,0.0,0.0,0.0,0.0,0.0,0.0,1.41,0.0,2.46,0.0,9.5,3.48,651.38,0.0,3.12
256301631105541,759.57,28,8.51,739.67,11.4,643.84,187.76,746.1,0.0,0.0,0.0,0.0,0.0,0.0,2.62,0.0,3.69,0.0,14.35,3.43,661.09,0.0,2.07
256301636680458,432.8,28,7.36,415.21,10.23,413.14,183.81,420.33,0.0,0.0,0.0,0.0,0.0,0.0,1.37,0.0,2.31,0.0,10.52,3.52,654.58,0.0,2.24
256301642280870,848.9,28,8.2,755.13,85.57,661.23,185.96,760.8,0.0,0.0,0.0,0.0,0.0,0.0,1.4,0.0,2.6,0.0,13.04,3.44,667.56,0.0,2.53
256301648466063,604.96,28,7.95,587.23,9.79,583.84,185.1,592.67,0.0,0.0,0.0,0.0,0.0,0.0,1.59,0.0,2.79,0.0,10.26,3.52,662.18,0.0,2.5
256301653770510,382.47,28,6.75,367.63,8.09,363.58,180.4,372.49,0.0,0.0,0.0,0.0,0.0,0.0,1.52,0.0,2.8,0.0,12.67,3.58,665.88,0.0,1.89
256301659033920,761.4,28,6.93,745.9,8.57,645.8,171.24,750.55,0.0,0.0,0.0,0.0,0.0,0.0,1.26,0.0,2.28,0.0,8.82,3.51,660.82,0.0,2.29
256301665241500,766.06,28,7.58,748.49,9.99,662.85,190.92,753.49,0.0,0.0,0.0,0.0,0.0,0.0,1.58,0.0,2.68,0.0,9.59,3.63,690.97,0.0,2.58
256301671203953,817.81,28,24.36,710.61,82.85,648.97,200.49,717.38,0.0,0.0,0.0,0.0,0.0,0.0,1.72,0.0,2.73,0.0,19.21,4.82,658.75,0.0,17.45
256301677826198,393.23,28,9.23,307.87,76.13,306.49,172.97,314.14,0.0,0.0,0.0,0.0,0.0,0.0,1.54,0.0,2.66,0.0,12.94,4.02,657.12,0.0,2.76
256301683291662,748.41,28,9.0,652.14,87.26,651.89,146.68,658.61,0.0,0.0,0.0,0.0,0.0,0.0,1.6,0.0,2.57,0.0,13.38,5.35,694.48,0.0,2.53
256301689028169,242.74,28,13.66,220.99,8.09,226.15,174.9,232.78,0.0,0.0,0.0,0.0,0.0,0.0,1.26,0.0,9.2,0.0,15.13,3.47,651.65,0.0,1.87
256301693990636,895.45,28,12.68,872.89,9.88,734.96,229.83,877.02,0.0,0.0,0.0,0.0,0.0,0.0,1.3,0.0,2.65,0.0,66.37,3.59,668.7,0.0,8.31
256301700029522,770.45,28,7.27,753.83,9.34,652.38,185.4,759.14,0.0,0.0,0.0,0.0,0.0,0.0,1.38,0.0,2.52,0.0,10.24,3.5,654.13,0.0,1.97
256301706168522,797.36,28,19.63,764.63,13.1,665.12,178.04,769.27,0.0,0.0,0.0,0.0,0.0,0.0,1.44,0.0,2.71,0.0,9.92,3.46,661.43,0.0,14.73
256301712248825,805.75,28,7.51,715.74,82.49,674.77,179.11,720.83,0.0,0.0,0.0,0.0,0.0,0.0,1.32,0.0,2.43,0.0,10.6,3.5,671.62,0.0,2.42
256301719011947,768.62,28,9.18,748.34,11.09,658.88,232.55,755.09,0.0,0.0,0.0,0.0,0.0,0.0,1.67,0.0,2.69,0.0,68.45,4.83,655.88,0.0,2.43
256301725613224,511.64,28,10.05,416.3,85.29,416.87,183.42,424.19,0.0,0.0,0.0,0.0,0.0,0.0,1.71,0.0,2.72,0.0,16.82,6.16,659.46,0.0,2.16
256301731034632,877.92,28,12.74,854.31,10.87,760.98,180.92,860.72,0.0,0.0,0.0,0.0,0.0,0.0,1.95,0.0,3.23,0.0,15.11,4.14,641.01,0.0,6.32
256301737033047,313.95,28,6.68,298.36,8.91,295.62,182.09,303.2,0.0,0.0,0.0,0.0,0.0,0.0,1.33,0.0,2.36,0.0,10.28,3.6,686.13,0.0,1.84
256301742639702,518.9,28,8.8,441.37,68.73,439.88,220.93,447.45,0.0,0.0,0.0,0.0,0.0,0.0,1.36,0.0,2.56,0.0,67.45,5.76,662.53,0.0,2.73
256301748191206,825.83,28,8.96,740.6,76.28,737.95,189.34,746.77,0.0,0.0,0.0,0.0,0.0,0.0,1.26,0.0,2.37,0.0,9.4,4.33,678.88,0.0,2.78
256301754024302,818.5,28,6.95,802.49,9.06,693.54,178.88,807.18,0.0,0.0,0.0,0.0,0.0,0.0,1.31,0.0,2.43,0.0,9.0,3.46,678.74,0.0,2.26
256301760675000,851.09,28,24.63,755.52,70.94,638.88,182.47,760.65,0.0,0.0,0.0,0.0,0.0,0.0,1.45,0.0,2.5,0.0,8.7,3.55,673.22,0.0,19.04
256301767029770,248.79,28,7.77,231.94,9.09,230.51,203.44,237.29,0.0,0.0,0.0,0.0,0.0,0.0,1.25,0.0,2.38,0.0,38.11,3.56,652.37,0.0,2.41
256301772066059,311.26,28,7.82,294.45,8.99,292.63,174.03,300.04,0.0,0.0,0.0,0.0,0.0,0.0,1.63,0.0,2.7,0.0,10.66,3.56,664.07,0.0,2.23
256301777536246,588.65,28,6.03,497.86,84.76,494.39,184.3,502.21,0.0,0.0,0.0,0.0,0.0,0.0,1.23,0.0,2.39,0.0,8.23,3.44,696.28,0.0,1.67
256301783067432,854.64,28,7.43,770.99,76.22,685.06,190.07,776.4,0.0,0.0,0.0,0.0,0.0,0.0,1.35,0.0,2.4,0.0,16.0,4.23,679.69,0.0,2.02
256301789027937,253.72,28,7.03,238.42,8.28,235.3,176.26,243.26,0.0,0.0,0.0,0.0,0.0,0.0,1.43,0.0,2.54,0.0,9.74,3.66,681.7,0.0,2.19
256301794061823,320.69,28,6.31,305.75,8.63,302.47,177.52,310.33,0.0,0.0,0.0,0.0,0.0,0.0,1.21,0.0,2.37,0.0,9.39,3.5,671.64,0.0,1.73
256301799137024,820.58,28,5.34,803.51,11.73,667.21,171.73,807.51,0.0,0.0,0.0,0.0,0.0,0.0,1.09,0.0,2.06,0.0,8.85,3.44,665.0,0.0,1.33
256301805026841,776.95,28,8.71,756.85,11.39,667.85,172.48,762.57,0.0,0.0,0.0,0.0,0.0,0.0,1.34,0.0,2.41,0.0,8.5,3.82,657.86,0.0,3.0
256301811028984,784.1,28,7.24,765.07,11.79,676.12,180.07,770.32,0.0,0.0,0.0,0.0,0.0,0.0,1.61,0.0,2.68,0.0,10.22,3.53,652.54,0.0,1.98
256301817107824,754.79,28,8.78,734.34,11.68,649.62,180.48,741.17,0.0,0.0,0.0,0.0,0.0,0.0,1.45,0.0,2.39,0.0,12.46,5.39,659.64,0.0,1.94
256301823089497,863.62,28,7.66,764.56,91.41,676.61,180.83,769.85,0.0,0.0,0.0,0.0,0.0,0.0,1.43,0.0,2.56,0.0,17.15,3.52,675.96,0.0,2.36
256301829125339,883.55,28,8.45,798.94,76.16,734.19,190.89,805.1,0.0,0.0,0.0,0.0,0.0,0.0,1.5,0.0,2.56,0.0,9.83,3.6,658.05,0.0,2.29
256301835748354,407.73,28,7.65,329.3,70.77,326.51,182.55,333.93,0.0,0.0,0.0,0.0,0.0,0.0,1.22,0.0,2.29,0.0,11.91,3.64,695.51,0.0,3.03
256301841466561,823.64,28,8.85,738.35,76.44,685.32,179.74,745.29,0.0,0.0,0.0,0.0,0.0,0.0,2.18,0.0,3.45,0.0,13.8,3.49,634.29,0.0,1.91
256301848033180,315.49,28,7.2,299.81,8.49,297.49,176.22,304.59,0.0,0.0,0.0,0.0,0.0,0.0,1.4,0.0,2.51,0.0,8.97,3.48,682.74,0.0,2.41
256301853622043,858.97,28,5.78,775.85,77.34,661.97,176.11,780.38,0.0,0.0,0.0,0.0,0.0,0.0,1.31,0.0,2.25,0.0,8.4,3.46,682.9,0.0,1.25
256301860037385,781.65,28,6.98,764.91,9.77,662.78,178.99,769.85,0.0,0.0,0.0,0.0,0.0,0.0,1.55,0.0,2.54,0.0,12.94,3.5,669.38,0.0,2.03
256301866036669,321.97,28,9.57,304.2,8.21,298.89,170.22,308.66,0.0,0.0,0.0,0.0,0.0,0.0,1.23,0.0,2.63,0.0,8.38,3.41,659.46,0.0,5.11
256301871152481,265.21,28,6.97,249.99,8.25,246.95,169.93,254.61,0.0,0.0,0.0,0.0,0.0,0.0,1.34,0.0,2.29,0.0,9.41,3.56,652.92,0.0,2.35
256301876137373,870.26,28,5.81,856.72,7.72,769.61,174.79,860.95,0.0,0.0,0.0,0.0,0.0,0.0,1.47,0.0,2.58,0.0,8.55,3.49,676.45,0.0,1.59
256301882820494,393.88,28,8.49,309.97,75.42,307.75,174.38,315.62,0.0,0.0,0.0,0.0,0.0,0.0,1.49,0.0,2.47,0.0,10.04,4.86,622.95,0.0,2.84
256301888046736,232.81,28,7.31,218.22,7.28,215.28,183.11,223.31,0.0,0.0,0.0,0.0,0.0,0.0,1.34,0.0,2.42,0.0,11.77,3.5,657.34,0.0,2.22
256301893093310,824.69,28,7.44,803.82,13.44,703.55,176.7,808.88,0.0,0.0,0.0,0.0,0.0,0.0,1.4,0.0,2.4,0.0,8.98,3.56,651.28,0.0,2.38
256301899029878,804.92,28,7.79,786.23,10.9,682.24,177.64,792.02,0.0,0.0,0.0,0.0,0.0,0.0,1.2,0.0,2.23,0.0,12.1,3.56,668.64,0.0,2.0
256301905743386,482.81,28,7.2,364.2,111.41,361.37,181.73,368.78,0.0,0.0,0.0,0.0,0.0,0.0,1.43,0.0,2.46,0.0,11.35,3.59,680.91,0.0,2.62
256301911465955,609.54,28,7.5,509.36,92.68,507.34,183.91,514.77,0.0,0.0,0.0,0.0,0.0,0.0,1.31,0.0,2.59,0.0,19.83,3.51,653.1,0.0,2.08
256301917110695,753.48,28,6.96,734.76,11.77,639.64,177.91,739.13,0.0,0.0,0.0,0.0,0.0,0.0,1.14,0.0,2.25,0.0,20.75,3.48,656.6,0.0,2.58
256301923730361,418.83,28,7.44,320.43,90.96,308.66,185.24,325.31,0.0,0.0,0.0,0.0,0.0,0.0,1.24,0.0,2.22,0.0,10.64,3.54,690.0,0.0,2.56
256301929042363,775.66,28,7.68,758.53,9.45,641.24,169.35,763.96,0.0,0.0,0.0,0.0,0.0,0.0,1.72,0.0,2.73,0.0,11.97,3.56,631.61,0.0,2.25
256301935031014,759.17,28,67.22,682.47,9.47,663.89,214.81,739.69,0.0,0.0,0.0,0.0,0.0,0.0,1.93,0.0,2.98,0.0,74.17,56.02,646.97,0.0,10.0
256301941659408,851.98,28,7.26,764.96,79.75,656.7,172.15,769.8,0.0,0.0,0.0,0.0,0.0,0.0,1.19,0.0,2.17,0.0,11.83,3.68,638.39,0.0,2.42
256301948087245,921.0,28,7.89,825.95,87.16,720.11,170.09,831.74,0.0,0.0,0.0,0.0,0.0,0.0,1.54,0.0,2.99,0.0,10.34,5.18,651.18,0.0,2.1
256301954337606,676.54,28,8.58,658.42,9.53,643.58,191.99,663.63,0.0,0.0,0.0,0.0,0.0,0.0,1.2,0.0,2.18,0.0,22.26,3.49,684.43,0.0,3.38
256301960038525,825.34,28,6.55,808.08,10.72,683.55,189.09,812.76,0.0,0.0,0.0,0.0,0.0,0.0,1.22,0.0,2.26,0.0,32.53,3.47,694.49,0.0,1.86
256301966209942,809.88,28,6.87,711.02,91.99,679.04,197.72,715.78,0.0,0.0,0.0,0.0,0.0,0.0,1.35,0.0,2.39,0.0,8.41,3.47,687.71,0.0,2.11
256301972811595,402.83,28,6.09,321.32,75.42,317.97,166.91,326.01,0.0,0.0,0.0,0.0,0.0,0.0,1.43,0.0,2.4,0.0,8.82,3.44,643.24,0.0,1.41
256301977984768,816.58,28,8.96,796.6,11.02,691.8,173.34,801.75,0.0,0.0,0.0,0.0,0.0,0.0,1.25,0.0,2.33,0.0,29.3,3.43,633.8,0.0,3.8
256301984054794,749.18,28,8.11,730.43,10.64,658.83,184.9,735.9,0.0,0.0,0.0,0.0,0.0,0.0,1.57,0.0,2.66,0.0,19.97,3.54,680.13,0.0,2.64
256301990898218,914.22,28,11.29,818.85,84.08,672.17,182.47,827.13,0.0,0.0,0.0,0.0,0.0,0.0,1.16,0.0,2.24,0.0,20.32,7.01,642.81,0.0,3.01
256301996712155,430.63,28,54.66,367.89,8.08,411.96,174.65,420.49,0.0,0.0,0.0,0.0,0.0,0.0,4.66,0.0,50.82,0.0,10.99,3.89,645.82,0.0,2.06
256302002039320,762.06,28,14.73,734.83,12.5,647.99,188.64,746.47,0.0,0.0,0.0,0.0,0.0,0.0,5.6,0.0,7.5,0.0,12.63,4.69,666.21,0.0,3.09
256302008083537,782.25,28,8.39,702.24,71.62,650.12,173.12,708.84,0.0,0.0,0.0,0.0,0.0,0.0,1.6,0.0,2.65,0.0,10.15,5.2,638.42,0.0,1.79
256302013795770,770.26,28,7.6,747.92,14.73,643.39,178.77,752.82,0.0,0.0,0.0,0.0,0.0,0.0,1.13,0.0,2.11,0.0,10.25,3.49,674.26,0.0,2.71
256302020039177,743.07,28,8.16,724.87,10.05,665.98,189.16,731.26,0.0,0.0,0.0,0.0,0.0,0.0,1.54,0.0,2.5,0.0,21.53,4.65,678.35,0.0,1.76
256302026063435,255.94,28,6.63,240.18,9.13,234.97,174.61,244.95,0.0,0.0,0.0,0.0,0.0,0.0,1.32,0.0,2.28,0.0,9.56,3.52,665.85,0.0,1.86
256302031091844,833.77,28,7.19,814.82,11.76,681.96,177.68,820.24,0.0,0.0,0.0,0.0,0.0,0.0,1.48,0.0,2.41,0.0,10.86,3.51,663.98,0.0,1.77
256302037040456,236.43,28,7.53,218.76,10.14,215.89,181.53,224.19,0.0,0.0,0.0,0.0,0.0,0.0,1.43,0.0,2.73,0.0,14.37,3.46,677.42,0.0,2.1
256302042536671,891.55,28,7.19,794.28,90.08,687.68,177.11,799.16,0.0,0.0,0.0,0.0,0.0,0.0,1.16,0.0,2.37,0.0,15.58,3.56,673.32,0.0,2.3
256302049053940,893.31,28,20.87,860.01,12.42,739.32,178.85,863.41,0.0,0.0,0.0,0.0,0.0,0.0,1.73,0.0,2.73,0.0,12.41,4.17,653.57,0.0,14.94
256302054751132,415.36,28,5.93,400.37,9.06,396.15,188.14,404.59,0.0,0.0,0.0,0.0,0.0,0.0,1.2,0.0,2.21,0.0,8.45,3.5,687.14,0.0,1.71
256302060416656,846.99,28,8.02,757.9,81.07,651.8,177.93,763.64,0.0,0.0,0.0,0.0,0.0,0.0,1.62,0.0,2.6,0.0,11.16,3.46,620.78,0.0,2.28
256302067030236,310.62,28,6.49,294.96,9.16,291.27,174.84,299.38,0.0,0.0,0.0,0.0,0.0,0.0,1.22,0.0,2.19,0.0,8.27,3.5,682.83,0.0,2.07
256302072594745,522.9,28,7.2,424.89,90.81,421.64,176.61,429.64,0.0,0.0,0.0,0.0,0.0,0.0,1.48,0.0,2.53,0.0,10.54,3.5,673.97,0.0,2.45
256302078049900,796.0,28,7.82,775.33,12.85,648.0,185.94,780.83,0.0,0.0,0.0,0.0,0.0,0.0,1.67,0.0,2.64,0.0,10.07,3.51,654.51,0.0,2.32
256302084046102,317.45,28,6.4,302.03,9.01,298.08,173.63,306.92,0.0,0.0,0.0,0.0,0.0,0.0,1.45,0.0,2.52,0.0,8.85,3.56,668.39,0.0,1.52
256302089122471,311.87,28,7.3,296.06,8.51,292.88,171.54,301.15,0.0,0.0,0.0,0.0,0.0,0.0,1.39,0.0,2.36,0.0,11.3,3.55,656.45,0.0,2.21
256302094644671,495.7,28,7.04,409.56,79.1,405.99,177.18,414.68,0.0,0.0,0.0,0.0,0.0,0.0,1.46,0.0,2.51,0.0,8.9,4.3,659.1,0.0,1.92
256302100032482,318.06,28,6.62,301.12,10.33,292.54,175.72,305.75,0.0,0.0,0.0,0.0,0.0,0.0,1.25,0.0,2.27,0.0,8.57,3.45,658.77,0.0,1.99
256302105110946,256.05,28,6.3,241.59,8.17,237.51,170.65,246.35,0.0,0.0,0.0,0.0,0.0,0.0,1.37,0.0,2.34,0.0,10.33,3.5,652.87,0.0,1.53
256302110485576,302.72,28,6.41,287.51,8.8,284.43,173.07,292.57,0.0,0.0,0.0,0.0,0.0,0.0,1.43,0.0,2.47,0.0,8.73,3.58,667.86,0.0,1.35
256302115621636,248.0,28,5.83,233.81,8.35,227.63,173.53,238.27,0.0,0.0,0.0,0.0,0.0,0.0,1.51,0.0,2.72,0.0,8.85,3.51,667.49,0.0,1.38
256302120667437,1358.66,28,6.27,737.56,614.83,460.88,168.72,742.16,0.0,0.0,0.0,0.0,0.0,0.0,1.36,0.0,2.47,0.0,9.55,3.65,652.41,0.0,1.67
256302127034325,794.8,28,39.38,744.29,11.13,647.72,181.35,780.21,0.0,0.0,0.0,0.0,0.0,0.0,1.93,0.0,35.03,0.0,10.87,3.49,670.36,0.0,3.46
256302133031424,311.81,28,7.48,295.03,9.3,293.3,176.17,300.32,0.0,0.0,0.0,0.0,0.0,0.0,1.7,0.0,2.91,0.0,10.66,3.41,673.31,0.0,2.19
256302138545300,576.79,28,6.58,497.5,72.71,493.52,172.41,502.13,0.0,0.0,0.0,0.0,0.0,0.0,1.65,0.0,2.79,0.0,8.66,3.56,655.64,0.0,1.95
256302144037359,320.38,28,7.67,303.24,9.47,300.44,174.48,308.72,0.0,0.0,0.0,0.0,0.0,0.0,1.52,0.0,2.62,0.0,10.13,3.44,668.1,0.0,2.19
256302149130263,338.33,28,6.43,323.11,8.8,318.67,180.12,327.83,0.0,0.0,0.0,0.0,0.0,0.0,1.29,0.0,2.37,0.0,9.99,3.45,678.38,0.0,1.7
256302154763519,432.83,28,8.68,342.89,81.26,340.98,172.72,348.58,0.0,0.0,0.0,0.0,0.0,0.0,1.73,0.0,2.81,0.0,19.14,5.63,659.15,0.0,2.98
256302159962045,317.12,28,7.25,300.49,9.38,297.55,177.04,305.26,0.0,0.0,0.0,0.0,0.0,0.0,1.2,0.0,2.18,0.0,8.63,3.47,664.63,0.0,2.49
256302165108580,242.84,28,7.5,227.02,8.33,225.4,175.59,232.57,0.0,0.0,0.0,0.0,0.0,0.0,1.45,0.0,2.6,0.0,14.03,3.48,659.08,0.0,1.94
256302170535890,555.58,28,6.8,466.01,82.76,461.81,186.71,470.17,0.0,0.0,0.0,0.0,0.0,0.0,1.29,0.0,2.29,0.0,8.58,3.45,675.43,0.0,2.48
256302176043961,775.79,28,7.44,757.69,10.65,641.71,181.71,762.83,0.0,0.0,0.0,0.0,0.0,0.0,1.39,0.0,2.35,0.0,8.91,3.88,667.55,0.0,2.31
256302181771669,319.34,28,7.14,303.03,9.17,301.48,170.26,308.13,0.0,0.0,0.0,0.0,0.0,0.0,1.14,0.0,2.22,0.0,9.14,3.46,656.44,0.0,2.04
256302186846679,348.64,28,7.85,331.41,9.38,328.54,173.54,336.34,0.0,0.0,0.0,0.0,0.0,0.0,1.61,0.0,2.56,0.0,17.03,3.45,655.02,0.0,2.92
256302192065892,777.09,28,8.48,754.12,14.49,637.48,187.73,760.76,0.0,0.0,0.0,0.0,0.0,0.0,1.49,0.0,2.78,0.0,12.3,5.67,672.65,0.0,1.84
256302198394727,881.15,28,7.12,791.08,82.94,678.5,178.01,796.08,0.0,0.0,0.0,0.0,0.0,0.0,1.3,0.0,2.25,0.0,12.09,3.62,671.46,0.0,2.12
256302205030774,266.87,28,10.07,247.86,8.94,245.02,178.19,252.65,0.0,0.0,0.0,0.0,0.0,0.0,1.56,0.0,2.55,0.0,12.5,3.44,656.82,0.0,5.28
256302210628399,938.4,28,6.36,854.44,77.6,752.04,179.34,859.25,0.0,0.0,0.0,0.0,0.0,0.0,1.36,0.0,2.65,0.0,9.53,3.65,690.88,0.0,1.56
256302217026578,741.81,28,6.98,724.15,10.68,648.91,170.72,728.92,0.0,0.0,0.0,0.0,0.0,0.0,1.18,0.0,2.2,0.0,11.73,3.98,645.58,0.0,2.21
256302223101413,240.25,28,7.37,223.82,9.06,221.83,176.44,228.75,0.0,0.0,0.0,0.0,0.0,0.0,1.24,0.0,2.56,0.0,10.07,3.47,660.75,0.0,2.44
256302228112058,229.39,28,5.9,215.19,8.3,213.0,175.68,219.62,0.0,0.0,0.0,0.0,0.0,0.0,1.33,0.0,2.32,0.0,10.12,3.48,677.69,0.0,1.39
256302233118118,315.63,28,5.65,300.76,9.22,297.18,173.9,304.59,0.0,0.0,0.0,0.0,0.0,0.0,1.56,0.0,2.52,0.0,8.5,3.45,652.43,0.0,1.7
256302238592319,548.94,28,24.27,435.68,88.99,430.97,192.88,441.03,0.0,0.0,0.0,0.0,0.0,0.0,1.68,0.0,2.7,0.0,31.86,3.71,659.41,0.0,18.64
256302243960461,311.67,28,7.21,295.4,9.06,291.5,179.6,299.77,0.0,0.0,0.0,0.0,0.0,0.0,1.05,0.0,2.1,0.0,8.96,3.41,674.98,0.0,2.68
256302249076528,238.42,28,7.34,222.19,8.89,220.24,177.41,227.27,0.0,0.0,0.0,0.0,0.0,0.0,1.59,0.0,2.56,0.0,9.23,3.46,671.36,0.0,2.15
256302254099024,316.85,28,7.9,299.85,9.09,298.14,175.39,305.41,0.0,0.0,0.0,0.0,0.0,0.0,1.76,0.0,2.73,0.0,20.46,3.55,661.69,0.0,2.35
256302259588268,523.62,28,7.4,421.01,95.22,418.06,174.6,425.5,0.0,0.0,0.0,0.0,0.0,0.0,1.29,0.0,2.26,0.0,14.35,3.48,661.45,0.0,2.91
256302265044880,761.14,28,7.87,741.17,12.1,643.35,191.81,747.11,0.0,0.0,0.0,0.0,0.0,0.0,1.73,0.0,2.97,0.0,12.59,3.74,677.65,0.0,1.94
256302271027514,790.65,28,16.28,761.87,12.51,660.88,185.42,766.79,0.0,0.0,0.0,0.0,0.0,0.0,1.51,0.0,2.59,0.0,11.09,3.49,683.45,0.0,11.32
256302277867701,881.7,28,8.84,778.28,94.58,682.28,189.14,784.62,0.0,0.0,0.0,0.0,0.0,0.0,1.46,0.0,2.44,0.0,18.5,4.68,653.06,0.0,2.5
256302284614713,343.08,28,6.6,246.11,90.37,242.11,175.22,250.6,0.0,0.0,0.0,0.0,0.0,0.0,1.2,0.0,2.17,0.0,9.17,3.46,661.24,0.0,2.11
256302290038293,790.14,28,28.93,751.74,9.48,667.34,165.95,778.33,0.0,0.0,0.0,0.0,0.0,0.0,2.06,0.0,25.75,0.0,10.23,4.2,664.14,0.0,2.34
256302296039068,772.62,28,73.17,689.94,9.52,651.5,194.65,760.94,0.0,0.0,0.0,0.0,0.0,0.0,1.7,0.0,67.03,0.0,14.13,4.87,688.73,0.0,2.17
256302302773639,441.35,28,37.8,310.19,93.35,338.26,167.7,344.98,0.0,0.0,0.0,0.0,0.0,0.0,2.99,0.0,31.17,0.0,11.7,5.72,649.18,0.0,3.02
256302308054563,771.62,28,7.33,752.28,12.01,637.14,177.76,757.18,0.0,0.0,0.0,0.0,0.0,0.0,1.57,0.0,2.53,0.0,8.76,3.53,671.27,0.0,2.43
256302314671676,962.8,28,8.46,865.42,88.92,634.1,289.9,871.1,0.0,0.0,0.0,0.0,0.0,0.0,1.42,0.0,2.72,0.0,133.15,3.97,668.79,0.0,2.78
256302321068377,248.4,28,6.86,233.88,7.66,230.9,177.28,238.73,0.0,0.0,0.0,0.0,0.0,0.0,1.72,0.0,2.71,0.0,9.88,3.41,659.37,0.0,2.0
256302326091323,772.52,28,8.49,752.76,11.27,653.14,213.18,759.54,0.0,0.0,0.0,0.0,0.0,0.0,1.06,0.0,2.01,0.0,54.92,5.55,655.01,0.0,1.71
256302332031283,245.02,28,7.88,229.24,7.9,227.6,182.49,234.74,0.0,0.0,0.0,0.0,0.0,0.0,1.74,0.0,2.77,0.0,11.12,3.43,667.35,0.0,2.38
256302337548368,397.26,28,6.63,308.19,82.44,306.38,177.9,313.07,0.0,0.0,0.0,0.0,0.0,0.0,1.51,0.0,2.54,0.0,13.88,3.44,664.59,0.0,1.75
256302343040154,828.63,28,23.21,794.57,10.85,673.64,169.08,801.2,0.0,0.0,0.0,0.0,0.0,0.0,2.97,0.0,4.02,0.0,11.51,3.65,653.02,0.0,16.48
256302349034965,838.65,28,45.23,780.88,12.54,658.99,200.0,824.12,0.0,0.0,0.0,0.0,0.0,0.0,1.8,0.0,2.73,0.0,52.01,47.58,665.96,0.0,1.99
256302355078573,931.54,28,9.32,836.09,86.13,749.15,181.82,842.79,0.0,0.0,0.0,0.0,0.0,0.0,1.71,0.0,2.73,0.0,18.64,4.86,644.9,0.0,2.62
256302362174736,818.55,28,18.54,711.22,88.79,640.25,180.1,717.18,0.0,0.0,0.0,0.0,0.0,0.0,2.3,0.0,3.37,0.0,16.14,3.47,645.75,0.0,12.58
256302369039093,787.83,28,6.85,768.85,12.14,668.83,181.92,773.65,0.0,0.0,0.0,0.0,0.0,0.0,1.42,0.0,2.48,0.0,10.54,3.45,674.58,0.0,2.04
256302375237751,776.31,28,7.39,679.37,89.55,664.82,182.14,684.51,0.0,0.0,0.0,0.0,0.0,0.0,1.55,0.0,2.83,0.0,8.43,3.63,672.79,0.0,2.25
256302381043625,781.28,28,8.6,758.65,14.03,656.2,191.35,765.0,0.0,0.0,0.0,0.0,0.0,0.0,1.47,0.0,2.93,0.0,14.22,3.42,678.01,0.0,2.25
256302387279211,759.98,28,7.21,652.31,100.47,649.36,171.05,657.15,0.0,0.0,0.0,0.0,0.0,0.0,1.38,0.0,2.55,0.0,8.82,3.62,649.24,0.0,2.36
256302393092347,314.96,28,7.25,299.29,8.43,293.78,178.12,304.09,0.0,0.0,0.0,0.0,0.0,0.0,1.31,0.0,2.31,0.0,12.24,3.56,671.07,0.0,2.44
256302398647321,870.29,28,23.44,766.47,80.38,661.22,244.29,773.08,0.0,0.0,0.0,0.0,0.0,0.0,1.88,0.0,2.87,0.0,71.48,5.08,671.34,0.0,15.5
256302405031120,255.09,28,6.21,240.31,8.56,235.58,178.76,244.61,0.0,0.0,0.0,0.0,0.0,0.0,1.44,0.0,2.46,0.0,8.54,3.5,684.25,0.0,1.91
256302410596652,546.59,28,8.18,444.63,93.77,441.86,172.36,450.55,0.0,0.0,0.0,0.0,0.0,0.0,1.47,0.0,2.43,0.0,10.16,5.04,657.13,0.0,2.26
256302415961791,340.62,28,6.47,325.45,8.7,321.64,175.04,329.82,0.0,0.0,0.0,0.0,0.0,0.0,1.44,0.0,2.44,0.0,8.97,3.43,681.64,0.0,2.1
256302421529826,598.71,28,7.58,507.19,83.94,503.6,200.96,512.24,0.0,0.0,0.0,0.0,0.0,0.0,1.11,0.0,2.05,0.0,48.91,3.44,649.32,0.0,2.53
256302427272384,746.3,28,7.58,651.1,87.63,647.59,183.13,655.76,0.0,0.0,0.0,0.0,0.0,0.0,1.41,0.0,2.4,0.0,8.52,3.42,665.62,0.0,2.91
256302433044426,747.92,28,7.33,728.97,11.63,639.51,193.58,733.91,0.0,0.0,0.0,0.0,0.0,0.0,1.56,0.0,2.6,0.0,9.62,3.52,700.09,0.0,2.39
256302439036656,975.06,28,20.19,945.44,9.43,758.8,186.55,952.66,0.0,0.0,0.0,0.0,0.0,0.0,3.18,0.0,4.19,0.0,17.06,4.46,653.53,0.0,12.35
256302446100576,928.45,28,8.34,773.44,146.67,678.36,175.18,779.09,0.0,0.0,0.0,0.0,0.0,0.0,2.8,0.0,3.88,0.0,9.74,3.45,666.87,0.0,2.69
256302452880733,954.64,28,8.67,859.25,86.72,750.61,173.12,864.62,0.0,0.0,0.0,0.0,0.0,0.0,1.4,0.0,2.72,0.0,10.12,4.0,648.55,0.0,3.3
256302459029436,252.89,28,6.28,237.71,8.9,232.71,170.39,242.14,0.0,0.0,0.0,0.0,0.0,0.0,1.38,0.0,2.31,0.0,8.43,3.5,667.65,0.0,1.85
256302464109730,252.77,28,7.47,234.83,10.46,231.21,178.54,239.87,0.0,0.0,0.0,0.0,0.0,0.0,1.58,0.0,2.59,0.0,14.07,3.46,668.08,0.0,2.44
256302469200468,280.89,28,7.44,263.95,9.49,261.31,180.17,268.92,0.0,0.0,0.0,0.0,0.0,0.0,1.48,0.0,2.44,0.0,8.23,3.45,670.49,0.0,2.48
256302474651129,498.56,28,7.47,403.69,87.4,400.26,185.27,408.5,0.0,0.0,0.0,0.0,0.0,0.0,1.25,0.0,2.22,0.0,7.91,3.46,687.36,0.0,2.66
256302480489746,590.2,28,7.88,497.57,84.74,494.12,177.63,502.95,0.0,0.0,0.0,0.0,0.0,0.0,1.25,0.0,2.35,0.0,24.46,3.71,647.62,0.0,2.51
256302486054842,322.41,28,7.39,305.75,9.27,303.28,173.25,310.88,0.0,0.0,0.0,0.0,0.0,0.0,1.31,0.0,2.3,0.0,10.01,3.58,669.54,0.0,2.25
256302491927693,855.72,28,7.47,756.5,91.75,650.68,173.68,761.94,0.0,0.0,0.0,0.0,0.0,0.0,1.62,0.0,2.61,0.0,9.65,3.73,668.08,0.0,2.03
256302498033850,244.84,28,6.92,228.01,9.91,224.57,173.07,232.92,0.0,0.0,0.0,0.0,0.0,0.0,1.37,0.0,2.38,0.0,9.25,3.47,665.96,0.0,2.01
256302503555723,839.55,28,8.76,751.08,79.71,642.17,186.24,758.51,0.0,0.0,0.0,0.0,0.0,0.0,1.64,0.0,2.74,0.0,11.32,5.45,657.81,0.0,1.33
256302510041404,754.11,28,7.65,733.29,13.17,646.44,175.39,738.45,0.0,0.0,0.0,0.0,0.0,0.0,1.57,0.0,2.59,0.0,8.66,3.49,658.79,0.0,2.49
256302515807579,306.42,28,6.06,291.11,9.26,287.81,171.95,295.24,0.0,0.0,0.0,0.0,0.0,0.0,1.07,0.0,2.16,0.0,8.47,3.46,667.69,0.0,1.93
256302521036828,756.45,28,6.92,739.74,9.79,640.64,181.3,744.72,0.0,0.0,0.0,0.0,0.0,0.0,1.53,0.0,2.54,0.0,12.11,3.65,661.42,0.0,1.94
256302527298925,714.75,28,7.42,698.81,8.52,681.65,183.66,703.81,0.0,0.0,0.0,0.0,0.0,0.0,1.93,0.0,2.89,0.0,8.93,3.5,675.41,0.0,2.19
256302533255669,769.51,28,7.17,668.81,93.53,666.23,174.52,673.49,0.0,0.0,0.0,0.0,0.0,0.0,1.51,0.0,2.45,0.0,8.54,3.4,666.83,0.0,2.49
256302539035028,854.05,28,22.87,820.31,10.87,716.33,187.0,826.77,0.0,0.0,0.0,0.0,0.0,0.0,1.51,0.0,2.54,0.0,15.84,4.38,671.67,0.0,15.94
256302544867037,296.98,28,9.34,278.93,8.72,278.46,173.39,285.75,0.0,0.0,0.0,0.0,0.0,0.0,1.43,0.0,2.4,0.0,11.18,5.63,665.93,0.0,2.52
256302550061513,253.6,28,6.64,237.97,8.99,235.95,180.39,243.04,0.0,0.0,0.0,0.0,0.0,0.0,1.49,0.0,2.62,0.0,8.73,3.42,669.3,0.0,1.58
256302555530965,581.72,28,8.21,496.54,76.96,377.04,307.09,386.59,0.0,0.0,0.0,0.0,0.0,0.0,1.48,0.0,2.56,0.0,148.15,3.74,659.76,0.0,2.49
256302561043211,321.28,28,7.46,303.98,9.85,298.38,184.97,308.96,0.0,0.0,0.0,0.0,0.0,0.0,1.44,0.0,2.42,0.0,9.55,3.55,666.44,0.0,2.38
256302566600531,508.24,28,7.61,404.0,96.63,401.95,200.16,409.61,0.0,0.0,0.0,0.0,0.0,0.0,1.1,0.0,2.04,0.0,10.3,4.78,692.05,0.0,2.0
256302572064874,802.03,28,7.86,782.12,12.05,680.69,189.41,787.53,0.0,0.0,0.0,0.0,0.0,0.0,1.46,0.0,2.59,0.0,17.88,3.5,689.01,0.0,2.45
256302578745927,401.44,28,6.69,310.96,83.79,306.59,183.19,315.32,0.0,0.0,0.0,0.0,0.0,0.0,1.34,0.0,2.31,0.0,7.99,3.5,702.51,0.0,2.33
256302584032872,319.35,28,6.64,302.96,9.75,300.08,169.17,308.05,0.0,0.0,0.0,0.0,0.0,0.0,1.45,0.0,2.49,0.0,10.23,3.62,645.29,0.0,1.55
256302589636359,483.75,28,8.43,378.59,96.74,376.38,198.82,383.97,0.0,0.0,0.0,0.0,0.0,0.0,1.14,0.0,2.23,0.0,18.51,3.48,663.23,0.0,2.74
256302595033478,252.71,28,6.27,236.54,9.9,232.13,176.12,240.85,0.0,0.0,0.0,0.0,0.0,0.0,1.41,0.0,2.49,0.0,9.06,3.43,670.87,0.0,1.97
256302600557968,547.57,28,48.06,403.9,95.6,437.95,171.54,449.14,0.0,0.0,0.0,0.0,0.0,0.0,4.57,0.0,44.34,0.0,16.09,3.49,668.6,0.0,2.83
256302605984901,778.36,28,53.76,714.29,10.3,660.46,180.48,765.83,0.0,0.0,0.0,0.0,0.0,0.0,43.94,0.0,45.35,0.0,27.48,7.06,674.1,0.0,2.22
256302612268002,863.0,28,28.99,760.57,73.44,678.68,188.72,787.02,0.0,0.0,0.0,0.0,0.0,0.0,3.15,0.0,22.77,0.0,19.04,4.03,656.69,0.0,2.54
256302618659776,489.67,28,8.4,471.96,9.31,470.17,181.66,477.54,0.0,0.0,0.0,0.0,0.0,0.0,1.15,0.0,2.38,0.0,14.08,3.49,657.31,0.0,2.81
256302623958792,255.19,28,7.84,238.22,9.13,236.45,176.35,244.12,0.0,0.0,0.0,0.0,0.0,0.0,1.14,0.0,2.2,0.0,13.2,4.86,658.62,0.0,1.94
256302629565021,563.3,28,7.62,473.53,82.15,471.06,184.87,478.9,0.0,0.0,0.0,0.0,0.0,0.0,1.38,0.0,2.46,0.0,8.32,3.6,640.11,0.0,2.25
256302635046643,872.5,28,7.61,855.24,9.65,756.07,176.91,860.81,0.0,0.0,0.0,0.0,0.0,0.0,1.85,0.0,2.92,0.0,12.4,3.54,658.29,0.0,2.04
256302641036407,249.77,28,6.77,234.03,8.97,230.88,171.01,238.76,0.0,0.0,0.0,0.0,0.0,0.0,1.86,0.0,2.88,0.0,9.0,3.55,657.71,0.0,2.04
256302646671916,456.34,28,7.8,359.51,89.03,358.0,181.19,365.99,0.0,0.0,0.0,0.0,0.0,0.0,1.35,0.0,2.33,0.0,13.34,5.63,632.25,0.0,1.32
256302652036645,319.96,28,7.21,301.77,10.98,298.97,167.64,306.54,0.0,0.0,0.0,0.0,0.0,0.0,1.34,0.0,2.63,0.0,12.63,3.43,648.85,0.0,2.44
256302657660473,864.51,28,11.35,766.55,86.62,653.17,220.01,775.53,0.0,0.0,0.0,0.0,0.0,0.0,1.23,0.0,2.2,0.0,67.02,8.96,651.54,0.0,2.36
256302663958572,315.65,28,7.12,298.1,10.42,294.5,173.91,302.83,0.0,0.0,0.0,0.0,0.0,0.0,1.36,0.0,2.45,0.0,9.33,3.56,676.99,0.0,2.4
256302669565319,545.46,28,7.89,452.28,85.29,449.41,173.81,458.27,0.0,0.0,0.0,0.0,0.0,0.0,1.36,0.0,2.46,0.0,10.77,4.69,657.29,0.0,1.9
256302675087477,264.86,28,7.23,248.5,9.12,245.64,176.16,253.9,0.0,0.0,0.0,0.0,0.0,0.0,1.35,0.0,2.3,0.0,13.37,3.54,668.23,0.0,1.83
256302680641998,529.37,28,22.19,391.55,115.63,386.6,188.59,397.62,0.0,0.0,0.0,0.0,0.0,0.0,1.54,0.0,2.54,0.0,17.91,6.65,681.3,0.0,15.46
256302686083658,252.04,28,7.37,235.79,8.88,233.35,181.9,241.35,0.0,0.0,0.0,0.0,0.0,0.0,1.87,0.0,2.81,0.0,12.17,3.55,691.97,0.0,1.81
256302691112733,818.75,28,5.88,800.14,12.73,690.42,173.78,804.32,0.0,0.0,0.0,0.0,0.0,0.0,1.44,0.0,2.5,0.0,9.54,3.44,662.42,0.0,1.7
256302697797544,1337.11,28,6.35,393.91,936.86,276.45,171.06,398.94,0.0,0.0,0.0,0.0,0.0,0.0,1.3,0.0,2.48,0.0,17.19,3.58,656.04,0.0,1.31
256302705160802,846.23,28,7.68,745.96,92.59,666.71,173.78,751.14,0.0,0.0,0.0,0.0,0.0,0.0,1.54,0.0,2.67,0.0,9.51,3.77,653.99,0.0,2.5
256302711860280,322.78,28,7.84,240.91,74.02,239.18,178.53,246.33,0.0,0.0,0.0,0.0,0.0,0.0,1.37,0.0,2.71,0.0,12.13,3.68,654.14,0.0,2.37
256302717035488,765.91,28,8.82,745.94,11.14,637.35,171.1,751.28,0.0,0.0,0.0,0.0,0.0,0.0,1.54,0.0,2.52,0.0,13.0,3.62,651.84,0.0,3.48
256302723679194,457.39,28,7.49,381.05,68.84,379.04,175.77,386.23,0.0,0.0,0.0,0.0,0.0,0.0,1.25,0.0,2.21,0.0,8.7,3.51,664.03,0.0,2.31
256302729068512,762.8,28,8.09,744.48,10.23,644.23,186.17,749.63,0.0,0.0,0.0,0.0,0.0,0.0,1.3,0.0,2.25,0.0,10.45,3.47,652.61,0.0,2.94
256302735030607,328.03,28,7.25,310.57,10.2,308.77,173.53,315.53,0.0,0.0,0.0,0.0,0.0,0.0,1.43,0.0,2.52,0.0,10.64,3.47,660.3,0.0,2.19
256302740597261,512.23,28,8.01,415.36,88.86,412.53,170.95,420.56,0.0,0.0,0.0,0.0,0.0,0.0,1.33,0.0,2.29,0.0,12.33,3.7,656.32,0.0,2.8
256302746014962,315.11,28,7.89,297.66,9.56,295.5,175.45,302.89,0.0,0.0,0.0,0.0,0.0,0.0,1.38,0.0,2.43,0.0,14.75,3.66,657.34,0.0,2.65
256302751657672,463.98,28,7.02,372.02,84.94,368.31,141.24,376.77,0.0,0.0,0.0,0.0,0.0,0.0,1.23,0.0,2.24,0.0,10.91,3.94,665.2,0.0,2.27
256302757085934,786.52,28,41.51,733.33,11.68,667.78,174.35,772.27,0.0,0.0,0.0,0.0,0.0,0.0,2.22,0.0,37.02,0.0,11.91,4.49,676.61,0.0,2.57
256302762751793,528.6,28,7.97,505.93,14.7,401.04,176.54,510.55,0.0,0.0,0.0,0.0,0.0,0.0,1.4,0.0,2.5,0.0,10.84,3.47,668.43,0.0,3.34
256302769035206,319.7,28,7.17,303.56,8.97,300.28,181.04,308.44,0.0,0.0,0.0,0.0,0.0,0.0,1.42,0.0,2.51,0.0,9.73,3.4,672.36,0.0,2.29
256302774642090,472.73,28,7.26,386.59,78.88,384.31,186.7,391.5,0.0,0.0,0.0,0.0,0.0,0.0,1.39,0.0,2.48,0.0,12.68,3.54,668.61,0.0,2.32
256302780522863,317.53,28,6.89,220.64,90.0,217.66,174.79,225.69,0.0,0.0,0.0,0.0,0.0,0.0,1.49,0.0,2.46,0.0,9.4,3.5,672.16,0.0,1.83
256302786010149,768.02,28,11.54,743.88,12.59,640.64,190.25,753.33,0.0,0.0,0.0,0.0,0.0,0.0,1.4,0.0,2.36,0.0,13.95,8.09,667.18,0.0,2.1
256302792717445,419.22,28,7.42,332.25,79.56,330.07,191.19,337.66,0.0,0.0,0.0,0.0,0.0,0.0,1.63,0.0,2.59,0.0,16.98,3.64,681.2,0.0,2.0
256302798075796,328.38,28,7.66,313.0,7.71,309.95,171.18,318.44,0.0,0.0,0.0,0.0,0.0,0.0,1.22,0.0,2.17,0.0,10.61,3.49,651.0,0.0,2.22
256302803863031,392.5,28,8.92,307.34,76.24,305.83,174.64,313.29,0.0,0.0,0.0,0.0,0.0,0.0,1.46,0.0,2.43,0.0,19.0,3.52,667.2,0.0,2.97
256302809625768,355.2,28,7.76,236.67,110.76,235.24,182.32,242.32,0.0,0.0,0.0,0.0,0.0,0.0,1.77,0.0,2.84,0.0,15.74,3.49,654.17,0.0,2.12
256302814798383,439.74,28,7.14,422.05,10.55,323.66,173.04,427.57,0.0,0.0,0.0,0.0,0.0,0.0,1.5,0.0,2.71,0.0,9.72,3.5,659.17,0.0,1.62
256302821033115,249.66,28,7.56,233.18,8.92,231.78,169.75,238.61,0.0,0.0,0.0,0.0,0.0,0.0,1.59,0.0,2.75,0.0,11.37,3.42,657.12,0.0,2.13
256302826604406,516.78,28,6.65,421.38,88.75,419.07,174.37,425.86,0.0,0.0,0.0,0.0,0.0,0.0,1.37,0.0,2.33,0.0,8.88,3.62,651.52,0.0,2.17
256302832421683,657.45,28,9.29,562.15,86.01,562.0,197.39,569.32,0.0,0.0,0.0,0.0,0.0,0.0,1.53,0.0,2.67,0.0,11.88,5.41,709.4,0.0,2.12
256302838066330,310.95,28,7.16,294.35,9.44,291.82,177.82,299.46,0.0,0.0,0.0,0.0,0.0,0.0,1.2,0.0,2.2,0.0,14.06,3.48,660.25,0.0,2.05
256302843763898,384.79,28,7.82,295.48,81.5,293.1,188.15,300.86,0.0,0.0,0.0,0.0,0.0,0.0,1.36,0.0,2.34,0.0,11.72,3.6,662.78,0.0,2.43
256302849030361,815.85,28,6.78,797.06,12.01,673.08,174.12,801.96,0.0,0.0,0.0,0.0,0.0,0.0,1.45,0.0,2.58,0.0,10.56,3.55,660.76,0.0,1.87
256302855031304,791.09,28,6.33,774.97,9.78,675.65,176.87,779.66,0.0,0.0,0.0,0.0,0.0,0.0,1.55,0.0,2.53,0.0,9.2,3.49,681.18,0.0,1.64
256302861241632,771.19,28,7.33,682.96,80.91,671.45,175.57,688.23,0.0,0.0,0.0,0.0,0.0,0.0,1.33,0.0,2.35,0.0,14.99,3.56,659.06,0.0,2.05
256302866873249,740.27,28,7.78,722.43,10.07,629.32,187.6,727.87,0.0,0.0,0.0,0.0,0.0,0.0,1.29,0.0,2.22,0.0,20.2,3.46,681.09,0.0,2.34
256302873286175,756.98,28,8.63,655.87,92.49,654.42,177.41,662.17,0.0,0.0,0.0,0.0,0.0,0.0,1.83,0.0,2.85,0.0,8.58,3.45,672.87,0.0,2.33
256302879039548,275.18,28,7.26,258.07,9.85,251.63,173.95,263.36,0.0,0.0,0.0,0.0,0.0,0.0,1.35,0.0,2.3,0.0,11.58,3.46,661.13,0.0,1.97
256302884608428,505.13,28,7.69,404.44,92.99,400.32,171.91,409.63,0.0,0.0,0.0,0.0,0.0,0.0,1.38,0.0,2.53,0.0,10.66,3.48,645.85,0.0,2.51
256302890064501,772.01,28,10.88,750.55,10.58,649.73,189.71,759.81,0.0,0.0,0.0,0.0,0.0,0.0,1.73,0.0,2.68,0.0,12.22,7.12,651.9,0.0,1.62
256302896042968,235.39,28,7.52,218.41,9.46,215.71,175.51,223.59,0.0,0.0,0.0,0.0,0.0,0.0,1.4,0.0,2.39,0.0,10.44,3.49,652.91,0.0,2.34
256302901596924,509.64,28,7.25,415.22,87.18,412.31,185.24,420.08,0.0,0.0,0.0,0.0,0.0,0.0,1.48,0.0,2.47,0.0,10.12,3.66,691.66,0.0,2.38
256302906933115,794.71,28,5.99,774.26,14.46,671.06,171.05,778.7,0.0,0.0,0.0,0.0,0.0,0.0,1.45,0.0,2.39,0.0,8.93,3.57,657.2,0.0,1.55
256302913038563,807.24,28,7.29,790.06,9.89,681.0,182.64,795.05,0.0,0.0,0.0,0.0,0.0,0.0,1.53,0.0,2.58,0.0,8.7,3.49,680.83,0.0,2.31
256302919169546,836.07,28,45.3,705.57,85.2,650.9,174.07,748.5,0.0,0.0,0.0,0.0,0.0,0.0,39.83,0.0,41.1,0.0,11.42,3.93,666.95,0.0,2.37
256302925092829,919.23,28,113.83,717.74,87.66,745.38,174.46,829.88,0.0,0.0,0.0,0.0,0.0,0.0,3.3,0.0,109.29,0.0,11.56,5.44,655.29,0.0,1.69
256302931039689,762.02,28,7.66,744.03,10.33,684.79,180.52,749.4,0.0,0.0,0.0,0.0,0.0,0.0,1.99,0.0,3.37,0.0,12.58,3.5,667.72,0.0,2.3
256302937891049,399.75,28,8.39,295.91,95.45,292.99,186.46,301.68,0.0,0.0,0.0,0.0,0.0,0.0,1.25,0.0,2.21,0.0,22.04,3.56,671.74,0.0,2.62
256302943587786,585.62,28,22.72,480.39,82.51,474.37,195.14,486.51,0.0,0.0,0.0,0.0,0.0,0.0,1.67,0.0,2.74,0.0,18.61,3.6,659.79,0.0,16.39
256302949082220,265.12,28,7.07,248.57,9.47,245.73,175.59,253.56,0.0,0.0,0.0,0.0,0.0,0.0,1.29,0.0,2.24,0.0,9.96,3.64,670.24,0.0,2.08
256302954612801,499.19,28,7.26,405.14,86.79,402.3,176.36,410.06,0.0,0.0,0.0,0.0,0.0,0.0,1.35,0.0,2.31,0.0,8.46,3.46,661.34,0.0,2.34
256302959992759,785.83,28,11.4,760.6,13.83,654.68,178.6,770.53,0.0,0.0,0.0,0.0,0.0,0.0,1.59,0.0,2.84,0.0,24.34,15.43,651.56,0.0,1.47
256302966258264,775.0,28,7.14,680.43,87.43,676.68,174.89,685.24,0.0,0.0,0.0,0.0,0.0,0.0,1.44,0.0,2.53,0.0,9.17,3.54,654.12,0.0,2.33
256302972042116,319.9,28,7.07,302.49,10.34,292.67,180.45,307.61,0.0,0.0,0.0,0.0,0.0,0.0,1.23,0.0,2.31,0.0,10.6,3.55,681.23,0.0,1.95
256302977636431,506.52,28,7.86,402.62,96.04,397.9,175.09,408.33,0.0,0.0,0.0,0.0,0.0,0.0,1.52,0.0,2.5,0.0,8.87,4.15,652.25,0.0,2.15
256302983005844,805.98,28,6.38,788.42,11.19,670.89,178.04,792.6,0.0,0.0,0.0,0.0,0.0,0.0,1.71,0.0,2.78,0.0,11.18,3.92,665.17,0.0,2.2
256302988835743,791.64,28,6.18,774.4,11.07,667.35,176.87,778.97,0.0,0.0,0.0,0.0,0.0,0.0,1.39,0.0,2.38,0.0,8.69,3.45,671.46,0.0,1.6
256302995107831,872.11,28,6.06,769.02,97.03,665.8,178.76,773.09,0.0,0.0,0.0,0.0,0.0,0.0,1.06,0.0,2.19,0.0,8.98,3.59,672.58,0.0,1.99
256303001375360,315.42,28,6.71,299.19,9.53,295.61,178.21,303.89,0.0,0.0,0.0,0.0,0.0,0.0,1.64,0.0,2.71,0.0,9.75,3.48,667.89,0.0,2.01
256303007005501,801.73,28,8.69,781.91,11.13,670.49,267.01,787.76,0.0,0.0,0.0,0.0,0.0,0.0,1.62,0.0,2.68,0.0,101.16,3.87,662.84,0.0,2.83
256303013623501,411.92,28,12.33,311.05,88.55,296.69,180.23,316.81,0.0,0.0,0.0,0.0,0.0,0.0,1.31,0.0,2.26,0.0,20.98,3.5,654.02,0.0,6.56
256303019041371,797.56,28,7.26,780.19,10.1,654.03,170.09,784.92,0.0,0.0,0.0,0.0,0.0,0.0,1.22,0.0,2.3,0.0,9.23,3.4,653.42,0.0,2.54
256303025258274,797.66,28,8.2,694.72,94.73,691.14,184.03,700.72,0.0,0.0,0.0,0.0,0.0,0.0,1.69,0.0,2.92,0.0,16.48,3.58,656.64,0.0,2.21
256303031050185,327.67,28,7.08,300.26,20.33,296.88,179.17,305.22,0.0,0.0,0.0,0.0,0.0,0.0,1.6,0.0,2.74,0.0,11.02,3.44,672.47,0.0,2.12
256303036771521,431.81,28,9.25,340.67,81.9,338.1,179.69,347.26,0.0,0.0,0.0,0.0,0.0,0.0,1.66,0.0,2.76,0.0,10.95,4.15,680.07,0.0,2.65
256303042077646,813.91,28,7.17,796.74,10.0,681.42,172.98,801.52,0.0,0.0,0.0,0.0,0.0,0.0,1.78,0.0,2.76,0.0,8.89,3.51,653.91,0.0,2.39
256303048914627,333.3,28,7.68,315.13,10.48,312.52,172.68,320.44,0.0,0.0,0.0,0.0,0.0,0.0,1.6,0.0,2.74,0.0,9.06,3.46,653.8,0.0,2.38
256303054139312,809.46,28,7.24,789.0,13.22,650.09,234.3,794.32,0.0,0.0,0.0,0.0,0.0,0.0,1.54,0.0,2.7,0.0,60.92,3.84,651.8,0.0,1.92
256303060961789,808.4,28,8.46,706.47,93.47,647.95,174.9,712.64,0.0,0.0,0.0,0.0,0.0,0.0,1.57,0.0,2.67,0.0,10.65,4.47,662.44,0.0,2.29
256303066827402,773.03,28,7.38,753.33,12.32,653.01,183.88,758.76,0.0,0.0,0.0,0.0,0.0,0.0,1.98,0.0,3.17,0.0,8.38,3.4,705.56,0.0,1.95
256303073029625,281.07,28,6.82,264.68,9.57,261.87,173.52,269.47,0.0,0.0,0.0,0.0,0.0,0.0,1.88,0.0,3.08,0.0,8.44,3.52,674.2,0.0,2.03
256303078658688,845.52,28,53.77,699.95,91.8,683.05,215.38,751.04,0.0,0.0,0.0,0.0,0.0,0.0,1.48,0.0,2.72,0.0,111.88,50.1,649.61,0.0,2.67
256303085472729,608.72,28,8.2,511.55,88.97,509.92,168.75,516.98,0.0,0.0,0.0,0.0,0.0,0.0,1.44,0.0,2.47,0.0,9.88,3.61,643.41,0.0,2.77
256303090909436,255.44,28,5.86,240.25,9.33,236.43,176.37,244.16,0.0,0.0,0.0,0.0,0.0,0.0,1.31,0.0,2.25,0.0,8.5,3.4,671.57,0.0,1.94
256303096042914,310.39,28,6.89,294.42,9.07,292.45,174.99,299.7,0.0,0.0,0.0,0.0,0.0,0.0,1.5,0.0,2.48,0.0,11.43,3.44,667.12,0.0,1.62
256303101640177,891.16,28,24.23,771.37,95.56,658.1,213.63,777.84,0.0,0.0,0.0,0.0,0.0,0.0,2.3,0.0,3.29,0.0,56.32,3.73,661.97,0.0,17.77
256303108413197,859.28,28,7.68,767.63,83.97,671.99,181.75,773.07,0.0,0.0,0.0,0.0,0.0,0.0,1.68,0.0,2.67,0.0,9.81,3.53,669.41,0.0,2.25
256303115042193,764.71,28,6.96,748.85,8.9,649.36,178.24,753.84,0.0,0.0,0.0,0.0,0.0,0.0,1.47,0.0,2.46,0.0,17.76,3.53,655.8,0.0,1.97
256303120818698,329.73,28,10.96,309.67,9.1,306.65,177.89,314.6,0.0,0.0,0.0,0.0,0.0,0.0,1.41,0.0,2.4,0.0,8.77,3.58,665.77,0.0,6.03
256303126084521,237.11,28,6.27,221.88,8.96,218.81,168.87,226.39,0.0,0.0,0.0,0.0,0.0,0.0,1.32,0.0,2.25,0.0,8.62,3.56,651.67,0.0,1.76
256303131719698,482.14,28,7.75,380.96,93.43,378.13,178.31,385.77,0.0,0.0,0.0,0.0,0.0,0.0,1.51,0.0,2.49,0.0,8.81,3.49,674.99,0.0,2.94
256303137087353,309.66,28,6.84,293.95,8.86,290.07,172.68,298.67,0.0,0.0,0.0,0.0,0.0,0.0,1.67,0.0,2.64,0.0,9.92,3.42,652.26,0.0,2.13
256303142813038,415.35,28,26.01,301.03,88.3,297.49,187.31,307.94,0.0,0.0,0.0,0.0,0.0,0.0,2.92,0.0,4.16,0.0,16.84,3.49,666.9,0.0,18.99
256303148596394,847.82,28,10.74,742.48,94.6,651.26,181.42,751.03,0.0,0.0,0.0,0.0,0.0,0.0,1.58,0.0,2.59,0.0,15.86,7.48,676.0,0.0,2.19
256303155038352,273.49,28,7.5,256.56,9.43,245.8,175.17,262.15,0.0,0.0,0.0,0.0,0.0,0.0,1.44,0.0,2.55,0.0,15.34,3.74,651.14,0.0,1.91
256303160558282,544.05,28,6.14,453.74,84.18,447.72,174.2,458.61,0.0,0.0,0.0,0.0,0.0,0.0,1.44,0.0,2.41,0.0,8.55,3.58,661.85,0.0,1.27
256303166062596,842.21,28,5.63,826.61,9.98,740.09,182.25,830.75,0.0,0.0,0.0,0.0,0.0,0.0,1.51,0.0,2.47,0.0,10.66,3.47,688.5,0.0,1.49
256303171828613,355.73,28,10.07,335.56,10.1,334.98,176.62,343.1,0.0,0.0,0.0,0.0,0.0,0.0,1.38,0.0,2.54,0.0,14.49,6.81,666.2,0.0,2.53
256303177113059,895.22,28,10.45,874.85,9.92,777.86,174.44,882.94,0.0,0.0,0.0,0.0,0.0,0.0,1.33,0.0,2.31,0.0,17.06,8.24,664.25,0.0,2.23
256303183031590,251.53,28,7.25,234.88,9.41,232.48,179.93,240.06,0.0,0.0,0.0,0.0,0.0,0.0,1.25,0.0,2.25,0.0,11.64,3.57,671.95,0.0,2.06
256303188579703,853.46,28,24.89,740.42,88.14,636.21,184.58,747.05,0.0,0.0,0.0,0.0,0.0,0.0,1.66,0.0,2.77,0.0,21.77,4.16,664.15,0.0,17.95
256303195029364,862.25,28,23.42,826.97,11.86,682.81,182.4,832.54,0.0,0.0,0.0,0.0,0.0,0.0,1.49,0.0,2.65,0.0,28.02,4.25,638.49,0.0,17.41
256303200891903,795.82,28,8.17,773.23,14.42,666.97,185.23,778.44,0.0,0.0,0.0,0.0,0.0,0.0,1.67,0.0,3.04,0.0,8.75,3.58,687.38,0.0,2.96
256303206811344,270.97,28,10.15,251.71,9.11,248.06,170.09,256.51,0.0,0.0,0.0,0.0,0.0,0.0,1.38,0.0,2.33,0.0,12.81,3.57,642.46,0.0,5.34
256303212313935,727.82,28,8.28,637.67,81.87,635.5,290.09,643.36,0.0,0.0,0.0,0.0,0.0,0.0,1.74,0.0,2.86,0.0,104.18,3.64,667.97,0.0,2.59
256303218332283,343.73,28,7.43,248.63,87.67,245.32,170.94,254.16,0.0,0.0,0.0,0.0,0.0,0.0,1.28,0.0,2.29,0.0,9.98,3.53,657.5,0.0,1.91
256303224027137,791.83,28,7.33,773.69,10.81,670.09,181.16,779.1,0.0,0.0,0.0,0.0,0.0,0.0,1.42,0.0,2.46,0.0,11.54,4.02,674.62,0.0,1.92
256303229850416,359.82,28,6.59,343.3,9.93,337.41,176.72,348.17,0.0,0.0,0.0,0.0,0.0,0.0,1.45,0.0,2.43,0.0,10.42,3.54,666.2,0.0,1.73
256303235538767,570.99,28,6.36,484.36,80.28,480.5,178.25,489.3,0.0,0.0,0.0,0.0,0.0,0.0,1.68,0.0,2.74,0.0,8.49,3.63,684.94,0.0,1.42
256303241080089,792.32,28,52.03,729.14,11.14,673.88,181.68,779.03,0.0,0.0,0.0,0.0,0.0,0.0,3.84,0.0,47.72,0.0,17.59,3.83,662.98,0.0,2.14
256303247291731,893.86,28,90.56,716.74,86.55,714.43,185.92,805.07,0.0,0.0,0.0,0.0,0.0,0.0,61.28,0.0,63.84,0.0,49.52,34.99,652.33,0.0,2.23
256303254408423,652.96,28,8.14,564.53,80.29,561.85,173.66,570.27,0.0,0.0,0.0,0.0,0.0,0.0,1.69,0.0,2.65,0.0,11.45,3.59,659.51,0.0,2.4
256303260042231,720.75,28,6.21,704.59,9.95,642.66,175.8,709.21,0.0,0.0,0.0,0.0,0.0,0.0,1.91,0.0,3.08,0.0,10.78,3.57,678.63,0.0,1.59
256303265871126,335.66,28,6.95,319.9,8.81,317.65,177.64,324.71,0.0,0.0,0.0,0.0,0.0,0.0,1.53,0.0,2.53,0.0,18.08,3.51,661.58,0.0,2.14
256303271129807,327.99,28,7.82,311.15,9.01,309.25,177.66,316.55,0.0,0.0,0.0,0.0,0.0,0.0,1.47,0.0,2.44,0.0,14.57,3.64,656.81,0.0,2.42
256303276983600,894.14,28,7.17,851.28,35.69,724.4,172.06,856.33,0.0,0.0,0.0,0.0,0.0,0.0,1.26,0.0,2.62,0.0,9.02,3.65,666.13,0.0,2.12
256303283841646,1534.92,28,6.1,718.53,810.29,602.88,162.62,723.14,0.0,0.0,0.0,0.0,0.0,0.0,1.45,0.0,2.64,0.0,8.36,3.52,639.94,0.0,1.49
256303291143402,864.91,28,6.97,765.39,92.55,674.49,176.29,770.13,0.0,0.0,0.0,0.0,0.0,0.0,1.54,0.0,2.66,0.0,8.66,3.48,659.32,0.0,2.23
256303297085425,253.16,28,7.79,234.7,10.67,231.49,180.48,240.02,0.0,0.0,0.0,0.0,0.0,0.0,1.26,0.0,2.22,0.0,16.67,3.56,675.74,0.0,2.47
256303302222360,786.08,28,8.46,767.41,10.21,674.95,204.16,773.4,0.0,0.0,0.0,0.0,0.0,0.0,1.29,0.0,2.25,0.0,51.69,4.34,673.62,0.0,2.47
256303308034367,313.69,28,11.82,292.29,9.58,287.82,171.01,297.12,0.0,0.0,0.0,0.0,0.0,0.0,1.92,0.0,3.07,0.0,15.51,3.58,644.92,0.0,6.99
256303313767041,973.02,28,8.42,880.7,83.9,770.92,195.22,886.27,0.0,0.0,0.0,0.0,0.0,0.0,1.66,0.0,2.81,0.0,11.1,3.47,673.92,0.0,2.85
256303320849272,348.08,28,8.89,244.81,94.37,242.49,235.98,250.74,0.0,0.0,0.0,0.0,0.0,0.0,1.35,0.0,2.37,0.0,78.85,4.74,652.18,0.0,2.7
256303326101406,229.49,28,7.11,214.24,8.14,211.34,169.86,219.62,0.0,0.0,0.0,0.0,0.0,0.0,1.84,0.0,2.93,0.0,10.87,3.52,656.34,0.0,1.73
256303331769156,444.49,28,27.07,328.85,88.56,325.2,181.4,335.68,0.0,0.0,0.0,0.0,0.0,0.0,1.33,0.0,2.36,0.0,18.15,4.6,645.97,0.0,20.2
256303337489203,849.01,28,7.35,750.74,90.91,678.51,243.46,755.86,0.0,0.0,0.0,0.0,0.0,0.0,1.39,0.0,2.37,0.0,71.39,3.49,717.85,0.0,2.1
256303343848322,343.11,28,118.83,214.58,9.7,322.59,286.21,330.35,0.0,0.0,0.0,0.0,0.0,0.0,1.52,0.0,2.58,0.0,235.95,115.55,668.37,0.0,2.92
256303349080814,319.63,28,6.83,303.7,9.09,300.6,176.75,308.77,0.0,0.0,0.0,0.0,0.0,0.0,1.62,0.0,2.55,0.0,13.58,3.5,670.81,0.0,1.77
256303354824267,411.6,28,23.74,300.94,86.92,295.67,176.14,306.08,0.0,0.0,0.0,0.0,0.0,0.0,1.41,0.0,2.38,0.0,9.56,3.45,643.72,0.0,18.6
256303360080607,890.76,28,7.39,873.04,10.33,739.31,185.3,878.66,0.0,0.0,0.0,0.0,0.0,0.0,1.61,0.0,2.56,0.0,9.09,4.38,670.18,0.0,1.77
256303365955658,253.09,28,7.48,236.43,9.19,232.77,190.07,241.82,0.0,0.0,0.0,0.0,0.0,0.0,1.52,0.0,2.64,0.0,15.4,3.48,664.23,0.0,2.08
256303371112351,322.8,28,7.39,306.75,8.65,302.89,178.39,311.93,0.0,0.0,0.0,0.0,0.0,0.0,1.3,0.0,2.69,0.0,9.91,3.52,669.01,0.0,2.21
256303376955262,897.8,28,17.46,807.55,72.79,712.59,184.54,822.51,0.0,0.0,0.0,0.0,0.0,0.0,1.69,0.0,3.2,0.0,18.73,11.84,654.49,0.0,2.5
256303383807884,426.07,28,31.02,298.35,96.69,295.58,184.76,305.73,0.0,0.0,0.0,0.0,0.0,0.0,2.66,0.0,4.11,0.0,16.66,3.5,654.1,0.0,23.41
256303389562489,533.65,28,6.91,445.34,81.4,441.66,181.18,450.7,0.0,0.0,0.0,0.0,0.0,0.0,1.68,0.0,2.67,0.0,9.41,3.51,676.72,0.0,1.55
256303395095134,233.29,28,6.46,216.94,9.89,205.83,179.84,221.91,0.0,0.0,0.0,0.0,0.0,0.0,1.28,0.0,2.31,0.0,11.91,3.53,674.23,0.0,1.48
256303400744435,402.51,28,38.54,276.58,87.39,301.83,184.62,312.15,0.0,0.0,0.0,0.0,0.0,0.0,31.58,0.0,32.92,0.0,10.5,3.52,669.94,0.0,2.97
256303406066474,944.97,28,7.17,844.71,93.1,670.23,178.02,849.66,0.0,0.0,0.0,0.0,0.0,0.0,1.6,0.0,2.87,0.0,13.06,3.81,652.63,0.0,2.22
256303412521514,262.96,28,7.02,247.7,8.24,243.96,173.54,252.32,0.0,0.0,0.0,0.0,0.0,0.0,1.36,0.0,2.33,0.0,9.33,3.41,665.95,0.0,2.39
256303418433079,888.06,28,7.28,787.71,93.07,680.83,186.44,792.87,0.0,0.0,0.0,0.0,0.0,0.0,1.55,0.0,2.58,0.0,11.58,3.47,670.7,0.0,2.12
256303425054579,310.83,28,6.57,295.85,8.41,293.51,180.32,300.49,0.0,0.0,0.0,0.0,0.0,0.0,1.42,0.0,2.5,0.0,8.6,3.53,676.45,0.0,1.94
256303430667878,514.84,28,26.55,400.6,87.69,397.5,194.01,407.52,0.0,0.0,0.0,0.0,0.0,0.0,1.7,0.0,2.71,0.0,15.34,7.65,677.4,0.0,19.63
256303436127184,321.45,28,7.36,305.15,8.94,302.88,179.82,310.65,0.0,0.0,0.0,0.0,0.0,0.0,1.37,0.0,2.29,0.0,11.29,3.51,688.29,0.0,1.86
256303441726932,881.43,28,9.57,784.88,86.99,675.6,205.29,792.07,0.0,0.0,0.0,0.0,0.0,0.0,1.51,0.0,2.46,0.0,51.55,4.89,649.37,0.0,2.22
256303447889900,793.76,28,94.36,687.43,11.97,681.67,255.21,779.4,0.0,0.0,0.0,0.0,0.0,0.0,1.21,0.0,2.17,0.0,98.21,91.5,644.22,0.0,2.4
256303454038561,792.43,28,7.91,771.0,13.52,668.73,200.52,776.66,0.0,0.0,0.0,0.0,0.0,0.0,1.29,0.0,2.33,0.0,10.95,5.69,687.72,0.0,2.25
256303460908485,309.77,28,8.63,227.45,73.68,225.76,183.47,233.55,0.0,0.0,0.0,0.0,0.0,0.0,1.62,0.0,2.8,0.0,56.92,4.11,618.51,0.0,2.53
256303466107819,791.12,28,8.72,771.83,10.57,663.62,183.43,777.13,0.0,0.0,0.0,0.0,0.0,0.0,1.38,0.0,2.32,0.0,16.18,5.22,675.34,0.0,3.28
256303472065279,255.85,28,6.53,240.48,8.84,236.29,174.83,245.34,0.0,0.0,0.0,0.0,0.0,0.0,1.38,0.0,2.38,0.0,12.63,3.52,659.46,0.0,1.66
256303477637371,527.43,28,9.83,426.95,90.65,426.49,177.33,434.5,0.0,0.0,0.0,0.0,0.0,0.0,1.39,0.0,2.47,0.0,14.2,6.48,658.78,0.0,2.28
256303483930479,882.8,28,8.06,786.1,88.64,663.45,179.42,791.3,0.0,0.0,0.0,0.0,0.0,0.0,1.55,0.0,2.77,0.0,13.95,3.55,679.05,0.0,2.86
256303489890943,261.9,28,6.32,247.11,8.47,243.4,177.89,251.47,0.0,0.0,0.0,0.0,0.0,0.0,1.45,0.0,2.43,0.0,10.38,3.51,670.99,0.0,1.95
256303495082983,259.04,28,5.61,245.17,8.26,241.0,175.15,249.0,0.0,0.0,0.0,0.0,0.0,0.0,1.14,0.0,2.06,0.0,9.21,3.45,675.74,0.0,1.78
256303500269164,311.03,28,6.42,296.15,8.47,292.25,180.38,300.73,0.0,0.0,0.0,0.0,0.0,0.0,1.29,0.0,2.22,0.0,8.66,3.43,684.35,0.0,1.84
256303505916854,973.2,28,9.89,870.51,92.8,756.07,187.64,877.67,0.0,0.0,0.0,0.0,0.0,0.0,1.47,0.0,2.9,0.0,14.25,6.23,673.43,0.0,2.73
256303512868872,392.77,28,8.8,289.63,94.33,287.98,177.76,295.61,0.0,0.0,0.0,0.0,0.0,0.0,1.45,0.0,2.66,0.0,49.55,3.56,630.31,0.0,2.83
256303518810313,396.48,28,7.8,313.47,75.21,309.72,180.91,318.35,0.0,0.0,0.0,0.0,0.0,0.0,1.5,0.0,2.43,0.0,9.19,3.51,672.17,0.0,2.91
256303524577118,538.36,28,6.23,448.11,84.02,443.4,179.34,452.7,0.0,0.0,0.0,0.0,0.0,0.0,1.19,0.0,2.17,0.0,7.89,3.48,671.07,0.0,1.64
256303530081000,860.21,28,11.17,837.22,11.82,736.41,194.76,845.65,0.0,0.0,0.0,0.0,0.0,0.0,1.46,0.0,2.59,0.0,15.69,5.84,667.78,0.0,2.74
256303536043489,814.22,28,8.37,794.35,11.51,681.09,228.2,800.08,0.0,0.0,0.0,0.0,0.0,0.0,1.14,0.0,2.12,0.0,62.57,3.61,651.0,0.0,2.63
256303542795829,865.63,28,7.11,767.89,90.62,664.68,188.67,772.55,0.0,0.0,0.0,0.0,0.0,0.0,1.36,0.0,2.35,0.0,13.78,3.57,689.87,0.0,2.45
256303549034843,760.26,28,6.69,741.9,11.67,658.88,185.51,747.01,0.0,0.0,0.0,0.0,0.0,0.0,1.79,0.0,2.92,0.0,12.29,3.54,641.29,0.0,1.59
256303555044048,339.88,28,6.74,324.29,8.85,320.26,176.8,328.38,0.0,0.0,0.0,0.0,0.0,0.0,1.53,0.0,2.57,0.0,8.72,3.49,674.24,0.0,2.65
256303560898549,892.33,28,9.2,774.32,108.82,682.38,177.71,780.33,0.0,0.0,0.0,0.0,0.0,0.0,1.26,0.0,2.44,0.0,10.22,3.98,648.38,0.0,3.18
256303567890842,403.96,28,25.89,284.03,94.04,299.57,172.4,307.36,0.0,0.0,0.0,0.0,0.0,0.0,1.28,0.0,22.12,0.0,28.04,3.64,661.42,0.0,2.56
256303573174137,794.23,28,28.34,756.42,9.48,667.06,174.84,783.09,0.0,0.0,0.0,0.0,0.0,0.0,24.17,0.0,25.33,0.0,12.11,3.49,650.16,0.0,1.67
256303579037062,329.41,28,7.08,304.2,18.13,301.22,178.68,309.58,0.0,0.0,0.0,0.0,0.0,0.0,1.94,0.0,3.12,0.0,13.82,3.54,663.12,0.0,1.71
256303584785229,890.54,28,9.46,791.75,89.33,682.32,209.51,798.12,0.0,0.0,0.0,0.0,0.0,0.0,1.71,0.0,3.21,0.0,54.74,3.49,658.12,0.0,3.09
256303590942721,315.74,28,11.04,296.02,8.68,297.19,180.45,304.65,0.0,0.0,0.0,0.0,0.0,0.0,1.33,0.0,2.62,0.0,12.21,7.17,663.89,0.0,2.41
256303596524154,610.64,28,8.96,514.71,86.98,513.24,185.88,521.11,0.0,0.0,0.0,0.0,0.0,0.0,1.32,0.0,2.59,0.0,17.91,4.84,690.87,0.0,2.56
256303602083669,314.2,28,5.6,299.92,8.68,289.55,176.85,303.95,0.0,0.0,0.0,0.0,0.0,0.0,1.56,0.0,2.54,0.0,9.23,3.46,661.52,0.0,1.57
256303607759902,445.32,28,28.62,328.15,88.56,323.12,185.81,333.92,0.0,0.0,0.0,0.0,0.0,0.0,1.63,0.0,2.56,0.0,16.9,3.49,658.62,0.0,22.74
256303613599718,541.06,28,8.4,439.48,93.17,436.89,189.49,445.2,0.0,0.0,0.0,0.0,0.0,0.0,1.38,0.0,2.34,0.0,9.25,4.7,686.19,0.0,2.69
256303619073921,805.31,28,7.47,784.12,13.72,678.74,165.94,789.16,0.0,0.0,0.0,0.0,0.0,0.0,1.43,0.0,2.43,0.0,14.12,3.75,639.88,0.0,2.43
256303625877759,336.91,28,7.92,244.33,84.67,240.96,181.98,249.04,0.0,0.0,0.0,0.0,0.0,0.0,1.44,0.0,2.38,0.0,10.59,3.9,672.47,0.0,3.2
256303631762777,441.67,28,8.48,332.65,100.54,328.29,178.1,337.81,0.0,0.0,0.0,0.0,0.0,0.0,1.35,0.0,2.34,0.0,12.75,3.58,673.19,0.0,3.33
256303637695613,710.77,28,7.02,613.79,89.96,507.6,179.82,618.41,0.0,0.0,0.0,0.0,0.0,0.0,1.32,0.0,2.25,0.0,11.49,3.5,664.19,0.0,2.4
256303644588356,520.21,28,7.79,416.14,96.28,411.85,172.33,421.67,0.0,0.0,0.0,0.0,0.0,0.0,1.51,0.0,2.46,0.0,12.93,3.58,658.69,0.0,2.26
256303650828709,341.72,28,9.02,250.43,82.28,245.07,173.9,256.45,0.0,0.0,0.0,0.0,0.0,0.0,1.49,0.0,2.42,0.0,14.96,4.17,637.33,0.0,2.99
256303656096440,313.98,28,7.54,296.84,9.6,294.2,175.73,302.26,0.0,0.0,0.0,0.0,0.0,0.0,1.45,0.0,2.4,0.0,11.14,3.48,664.74,0.0,2.12
256303661995151,842.72,28,8.8,811.52,22.4,681.88,184.07,818.07,0.0,0.0,0.0,0.0,0.0,0.0,1.45,0.0,2.56,0.0,15.91,5.21,670.82,0.0,2.26
256303668791506,421.33,28,27.55,298.69,95.09,295.61,177.34,307.03,0.0,0.0,0.0,0.0,0.0,0.0,2.93,0.0,3.88,0.0,14.19,5.16,654.54,0.0,18.51
256303674639908,876.75,28,8.34,771.56,96.85,649.61,183.79,777.39,0.0,0.0,0.0,0.0,0.0,0.0,1.5,0.0,2.49,0.0,13.11,3.92,664.15,0.0,2.52
256303681168465,938.29,28,9.6,831.95,96.74,747.22,192.48,839.14,0.0,0.0,0.0,0.0,0.0,0.0,1.63,0.0,2.68,0.0,18.77,4.51,675.65,0.0,2.41
256303688086562,320.02,28,10.92,298.82,10.28,291.21,175.06,304.48,0.0,0.0,0.0,0.0,0.0,0.0,2.0,0.0,3.06,0.0,11.89,3.42,652.12,0.0,5.16
256303693763083,404.48,28,7.96,302.26,94.27,295.24,174.54,307.6,0.0,0.0,0.0,0.0,0.0,0.0,1.43,0.0,2.42,0.0,10.0,4.53,663.96,0.0,2.61
256303699557719,889.14,28,22.57,761.46,105.11,661.83,185.03,767.79,0.0,0.0,0.0,0.0,0.0,0.0,1.76,0.0,2.73,0.0,15.23,5.09,678.57,0.0,15.96
256303706034632,901.23,28,6.67,883.77,10.79,781.76,193.78,888.82,0.0,0.0,0.0,0.0,0.0,0.0,1.43,0.0,2.58,0.0,8.48,3.92,693.54,0.0,1.63
256303712316209,734.07,28,6.65,643.25,84.16,638.89,175.84,647.95,0.0,0.0,0.0,0.0,0.0,0.0,1.58,0.0,2.54,0.0,9.35,3.56,677.93,0.0,1.96
256303718037647,312.74,28,7.17,296.88,8.68,293.82,173.19,302.01,0.0,0.0,0.0,0.0,0.0,0.0,1.21,0.0,2.4,0.0,8.15,3.49,662.95,0.0,2.04
256303723740763,405.06,28,11.34,304.15,89.57,304.06,192.37,312.8,0.0,0.0,0.0,0.0,0.0,0.0,1.37,0.0,2.35,0.0,17.63,8.07,682.82,0.0,2.69
256303729104588,770.8,28,6.12,755.14,9.54,648.6,183.59,759.42,0.0,0.0,0.0,0.0,0.0,0.0,1.48,0.0,2.4,0.0,9.71,3.6,684.76,0.0,1.84
256303735515721,560.4,28,7.2,544.48,8.73,542.38,246.11,550.31,0.0,0.0,0.0,0.0,0.0,0.0,1.36,0.0,2.3,0.0,75.07,4.63,673.07,0.0,1.36
256303741335196,889.7,28,9.14,793.5,87.06,684.57,180.28,800.15,0.0,0.0,0.0,0.0,0.0,0.0,1.67,0.0,2.83,0.0,13.11,5.93,661.09,0.0,2.49
256303747877725,331.7,28,7.48,315.08,9.14,311.58,168.72,319.56,0.0,0.0,0.0,0.0,0.0,0.0,1.5,0.0,2.49,0.0,11.49,3.41,654.61,0.0,2.99
256303753619860,502.1,28,22.28,396.33,83.49,409.01,179.06,417.27,0.0,0.0,0.0,0.0,0.0,0.0,5.21,0.0,18.21,0.0,22.38,4.4,640.58,0.0,1.33
256303759130028,747.62,28,7.82,728.95,10.85,650.7,211.35,734.98,0.0,0.0,0.0,0.0,0.0,0.0,1.36,0.0,2.49,0.0,9.66,4.74,699.3,0.0,1.79
256303765039845,947.31,28,136.62,798.45,12.24,683.74,180.7,805.04,0.0,0.0,0.0,0.0,0.0,0.0,3.07,0.0,4.5,0.0,12.14,3.49,662.19,0.0,130.03
256303771089267,778.34,28,11.85,753.23,13.27,665.52,174.31,762.4,0.0,0.0,0.0,0.0,0.0,0.0,1.21,0.0,2.18,0.0,16.45,8.42,671.08,0.0,2.67
256303777929289,859.52,28,9.54,762.7,87.28,662.07,180.17,769.38,0.0,0.0,0.0,0.0,0.0,0.0,1.08,0.0,2.47,0.0,16.8,5.06,666.25,0.0,2.86
256303783940136,344.73,28,18.52,316.07,10.15,310.82,183.67,321.83,0.0,0.0,0.0,0.0,0.0,0.0,1.33,0.0,2.61,0.0,21.22,3.66,647.9,0.0,12.25
256303789177905,242.06,28,6.92,225.93,9.21,222.92,175.83,230.3,0.0,0.0,0.0,0.0,0.0,0.0,1.24,0.0,2.21,0.0,8.26,3.4,670.66,0.0,2.54
256303795009070,238.28,28,7.25,221.81,9.22,219.42,174.09,226.65,0.0,0.0,0.0,0.0,0.0,0.0,1.57,0.0,2.59,0.0,9.83,3.57,654.88,0.0,2.41
256303800727668,927.87,28,30.97,812.21,84.69,716.76,181.64,818.01,0.0,0.0,0.0,0.0,0.0,0.0,1.53,0.0,2.49,0.0,13.35,4.41,654.66,0.0,25.02
256303807810941,314.05,28,7.22,221.74,85.09,219.01,173.97,226.31,0.0,0.0,0.0,0.0,0.0,0.0,1.46,0.0,2.42,0.0,8.52,3.44,663.77,0.0,2.65
256303813601775,543.53,28,7.1,434.79,101.63,431.71,183.96,439.55,0.0,0.0,0.0,0.0,0.0,0.0,1.38,0.0,2.35,0.0,11.29,3.49,665.99,0.0,2.32
256303819602939,536.13,28,6.74,438.88,90.51,435.94,179.62,443.59,0.0,0.0,0.0,0.0,0.0,0.0,1.3,0.0,2.39,0.0,8.43,3.5,675.69,0.0,1.93
256303825085578,323.51,28,6.77,307.41,9.34,304.47,170.46,312.03,0.0,0.0,0.0,0.0,0.0,0.0,1.57,0.0,2.5,0.0,11.69,3.47,642.42,0.0,2.15
256303830811329,402.7,28,7.27,305.75,89.68,301.62,174.92,310.51,0.0,0.0,0.0,0.0,0.0,0.0,1.3,0.0,2.44,0.0,64.7,3.59,611.41,0.0,2.51
256303836700235,440.9,28,7.71,342.0,91.2,338.55,167.68,347.23,0.0,0.0,0.0,0.0,0.0,0.0,1.41,0.0,2.42,0.0,10.72,4.44,629.0,0.0,2.48
256303842102660,314.22,28,6.51,298.95,8.76,295.27,172.7,303.27,0.0,0.0,0.0,0.0,0.0,0.0,1.58,0.0,2.52,0.0,8.55,3.4,675.79,0.0,2.19
256303847347859,693.52,28,6.78,677.63,9.12,673.42,176.14,682.25,0.0,0.0,0.0,0.0,0.0,0.0,1.47,0.0,2.57,0.0,8.66,3.73,680.77,0.0,2.15
256303853086247,855.54,28,8.99,833.74,12.81,732.42,175.86,840.61,0.0,0.0,0.0,0.0,0.0,0.0,1.41,0.0,2.33,0.0,13.75,5.87,653.81,0.0,2.12
256303859039899,310.02,28,8.08,292.65,9.29,289.91,179.69,297.96,0.0,0.0,0.0,0.0,0.0,0.0,1.9,0.0,2.87,0.0,10.98,3.44,671.19,0.0,2.77
256303864719879,459.07,28,9.34,350.89,98.84,349.28,182.43,357.92,0.0,0.0,0.0,0.0,0.0,0.0,1.64,0.0,2.59,0.0,18.84,4.65,684.4,0.0,2.31
256303870614553,499.84,28,7.0,393.79,99.05,389.74,178.55,398.61,0.0,0.0,0.0,0.0,0.0,0.0,1.67,0.0,2.68,0.0,9.65,3.63,670.91,0.0,2.18
256303876094069,1220.99,28,6.02,571.66,643.31,462.11,165.78,576.38,0.0,0.0,0.0,0.0,0.0,0.0,1.64,0.0,2.63,0.0,9.18,3.62,653.13,0.0,1.3
256303883033556,247.8,28,7.08,230.9,9.83,226.58,172.83,235.9,0.0,0.0,0.0,0.0,0.0,0.0,1.53,0.0,2.57,0.0,10.47,3.45,655.43,0.0,2.08
256303888274036,736.96,28,7.33,720.62,9.01,649.88,178.71,725.87,0.0,0.0,0.0,0.0,0.0,0.0,1.37,0.0,2.41,0.0,12.73,3.62,670.88,0.0,2.08
256303894003248,805.16,28,10.09,783.76,11.31,681.13,217.67,790.56,0.0,0.0,0.0,0.0,0.0,0.0,1.53,0.0,2.65,0.0,65.69,4.81,675.4,0.0,3.29
256303900896876,413.06,28,8.18,308.64,96.24,305.2,179.16,313.91,0.0,0.0,0.0,0.0,0.0,0.0,1.5,0.0,2.61,0.0,12.28,3.81,673.21,0.0,2.9
256303906717460,871.16,28,8.61,771.62,90.93,668.56,184.39,777.22,0.0,0.0,0.0,0.0,0.0,0.0,1.49,0.0,2.49,0.0,10.48,3.65,681.8,0.0,3.01
256303912940014,811.69,28,9.08,792.37,10.25,684.59,197.64,799.27,0.0,0.0,0.0,0.0,0.0,0.0,1.52,0.0,2.51,0.0,10.64,5.6,684.32,0.0,2.17
256303918893798,913.29,28,7.39,894.66,11.24,675.52,174.32,899.3,0.0,0.0,0.0,0.0,0.0,0.0,1.49,0.0,2.41,0.0,9.03,3.85,658.55,0.0,2.75
256303925955526,829.82,28,10.21,761.36,58.25,655.62,131.3,768.52,0.0,0.0,0.0,0.0,0.0,0.0,1.55,0.0,2.8,0.0,25.85,5.42,663.1,0.0,3.06
256303933010844,775.83,28,28.29,735.99,11.55,648.47,177.29,761.35,0.0,0.0,0.0,0.0,0.0,0.0,3.01,0.0,23.12,0.0,19.0,4.07,657.08,0.0,2.92
256303939449949,323.21,28,11.27,302.61,9.33,300.09,179.25,308.06,0.0,0.0,0.0,0.0,0.0,0.0,1.65,0.0,3.01,0.0,10.99,3.46,656.15,0.0,5.82
256303944666661,257.93,28,7.29,241.73,8.91,237.54,171.89,246.57,0.0,0.0,0.0,0.0,0.0,0.0,1.56,0.0,2.6,0.0,10.24,3.66,668.86,0.0,2.45
256303950040268,319.75,28,6.19,303.66,9.91,299.14,176.64,307.99,0.0,0.0,0.0,0.0,0.0,0.0,1.22,0.0,2.22,0.0,9.4,3.42,670.49,0.0,1.86
256303955807029,777.8,28,7.38,665.1,105.32,555.2,176.42,669.73,0.0,0.0,0.0,0.0,0.0,0.0,1.53,0.0,2.94,0.0,8.38,3.42,660.78,0.0,2.75
256303962532351,578.32,28,6.98,481.29,90.04,478.09,195.46,486.08,0.0,0.0,0.0,0.0,0.0,0.0,1.53,0.0,2.49,0.0,9.51,3.46,673.0,0.0,2.2
256303968713915,462.88,28,8.57,350.89,103.42,349.04,198.49,357.31,0.0,0.0,0.0,0.0,0.0,0.0,1.33,0.0,2.34,0.0,38.26,4.07,668.38,0.0,2.16
256303974135645,788.71,28,6.43,770.58,11.69,661.95,188.63,775.32,0.0,0.0,0.0,0.0,0.0,0.0,1.25,0.0,2.21,0.0,8.9,3.69,689.76,0.0,1.7
256303981011716,774.67,28,7.34,755.52,11.81,657.19,175.89,760.82,0.0,0.0,0.0,0.0,0.0,0.0,1.61,0.0,2.61,0.0,8.97,3.69,666.09,0.0,2.04
256303987896425,358.81,28,24.59,244.78,89.45,238.74,178.06,246.97,0.0,0.0,0.0,0.0,0.0,0.0,1.37,0.0,2.87,0.0,12.1,3.46,658.06,0.0,18.96
256303993173320,802.52,28,9.06,780.71,12.75,679.2,181.33,787.09,0.0,0.0,0.0,0.0,0.0,0.0,1.48,0.0,2.58,0.0,10.38,4.87,667.11,0.0,2.68
256303999017886,838.07,28,8.63,816.97,12.47,717.56,172.1,823.04,0.0,0.0,0.0,0.0,0.0,0.0,1.47,0.0,2.53,0.0,9.55,4.64,643.3,0.0,2.56
256304004956859,828.28,28,9.35,806.48,12.46,692.44,183.47,813.25,0.0,0.0,0.0,0.0,0.0,0.0,1.44,0.0,2.52,0.0,10.39,5.24,665.15,0.0,2.58
256304011090740,846.97,28,24.7,811.92,10.34,681.02,177.12,818.82,0.0,0.0,0.0,0.0,0.0,0.0,1.48,0.0,2.45,0.0,10.4,4.71,650.86,0.0,17.55
256304017401381,667.25,28,8.19,578.06,81.0,574.93,173.75,583.3,0.0,0.0,0.0,0.0,0.0,0.0,1.41,0.0,2.46,0.0,11.56,3.53,652.2,0.0,2.95
256304023069789,799.75,28,9.84,779.67,10.24,673.75,229.19,787.26,0.0,0.0,0.0,0.0,0.0,0.0,1.34,0.0,2.51,0.0,66.77,5.75,645.35,0.0,2.24
256304030042800,314.78,28,7.94,297.0,9.83,294.1,177.13,302.73,0.0,0.0,0.0,0.0,0.0,0.0,1.66,0.0,2.87,0.0,17.42,3.67,649.2,0.0,2.21
256304035788112,416.53,28,7.35,319.47,89.71,316.54,174.96,324.25,0.0,0.0,0.0,0.0,0.0,0.0,1.46,0.0,2.44,0.0,8.63,3.79,653.74,0.0,2.57
256304041621285,533.34,28,8.5,429.9,94.93,425.12,186.93,435.32,0.0,0.0,0.0,0.0,0.0,0.0,1.5,0.0,2.47,0.0,20.32,3.53,658.42,0.0,3.08
256304047201087,776.58,28,11.32,754.94,10.32,682.21,250.28,763.58,0.0,0.0,0.0,0.0,0.0,0.0,1.5,0.0,2.44,0.0,102.84,6.77,681.41,0.0,2.68
256304052990147,858.51,28,10.25,838.93,9.33,696.52,225.07,847.0,0.0,0.0,0.0,0.0,0.0,0.0,3.43,0.0,4.54,0.0,61.62,4.46,672.32,0.0,2.18
256304059007519,798.27,28,7.5,777.17,13.6,655.37,173.71,782.05,0.0,0.0,0.0,0.0,0.0,0.0,1.51,0.0,2.71,0.0,9.63,3.5,654.83,0.0,2.62
256304065773539,386.05,28,7.22,283.81,95.02,278.38,173.59,288.51,0.0,0.0,0.0,0.0,0.0,0.0,1.38,0.0,2.37,0.0,8.78,3.49,658.85,0.0,2.51
256304071631913,517.75,28,8.35,419.07,90.33,413.96,186.18,424.69,0.0,0.0,0.0,0.0,0.0,0.0,1.49,0.0,2.46,0.0,14.31,3.57,694.19,0.0,2.73
256304077559653,563.39,28,6.44,471.83,85.12,468.06,185.6,476.57,0.0,0.0,0.0,0.0,0.0,0.0,1.35,0.0,2.28,0.0,8.7,3.47,688.98,0.0,1.7
256304083565703,550.74,28,8.2,451.8,90.74,445.37,169.55,456.79,0.0,0.0,0.0,0.0,0.0,0.0,1.21,0.0,2.44,0.0,11.38,3.79,651.44,0.0,3.2
256304089560870,388.0,28,6.4,299.88,81.72,294.67,170.59,304.86,0.0,0.0,0.0,0.0,0.0,0.0,1.49,0.0,2.61,0.0,8.41,3.54,657.33,0.0,1.42
256304095042873,814.86,28,8.16,795.96,10.73,671.22,176.21,801.59,0.0,0.0,0.0,0.0,0.0,0.0,1.69,0.0,2.64,0.0,13.18,3.62,655.11,0.0,2.54
256304100944599,396.83,28,8.98,376.9,10.96,368.18,178.49,382.24,0.0,0.0,0.0,0.0,0.0,0.0,1.57,0.0,2.55,0.0,9.8,4.58,672.24,0.0,3.63
256304106767900,409.08,28,7.9,312.21,88.96,307.04,183.45,317.17,0.0,0.0,0.0,0.0,0.0,0.0,1.43,0.0,2.48,0.0,8.66,3.78,658.26,0.0,2.92
256304112648476,503.41,28,8.03,412.35,83.03,407.38,184.2,417.67,0.0,0.0,0.0,0.0,0.0,0.0,1.48,0.0,2.45,0.0,11.19,3.62,654.74,0.0,2.72
256304118679759,884.31,28,25.43,773.62,85.25,646.59,177.26,780.38,0.0,0.0,0.0,0.0,0.0,0.0,2.53,0.0,3.5,0.0,18.49,3.47,650.72,0.0,18.46
256304125055760,336.29,28,8.03,319.21,9.05,316.21,178.8,324.82,0.0,0.0,0.0,0.0,0.0,0.0,1.38,0.0,2.36,0.0,14.24,3.48,657.55,0.0,2.42
256304130849341,405.64,28,8.87,303.08,93.69,299.63,172.88,309.06,0.0,0.0,0.0,0.0,0.0,0.0,1.46,0.0,2.52,0.0,9.92,3.46,663.58,0.0,2.89
256304136670540,571.49,28,260.06,223.21,88.22,221.49,179.91,231.39,0.0,0.0,0.0,0.0,0.0,0.0,5.05,0.0,6.53,0.0,11.48,3.47,668.17,0.0,251.87
256304142711775,432.9,28,12.36,337.47,83.06,336.6,229.48,346.42,0.0,0.0,0.0,0.0,0.0,0.0,1.4,0.0,2.44,0.0,64.13,7.1,662.55,0.0,3.41
256304148659229,512.71,28,8.6,414.76,89.35,412.85,183.28,421.11,0.0,0.0,0.0,0.0,0.0,0.0,1.51,0.0,2.49,0.0,14.25,4.94,663.18,0.0,2.25
256304154122725,810.75,28,6.99,791.69,12.07,675.57,184.48,796.5,0.0,0.0,0.0,0.0,0.0,0.0,1.43,0.0,2.37,0.0,8.74,3.44,660.78,0.0,2.17
256304160008905,390.59,28,7.53,304.84,78.22,301.62,182.11,310.69,0.0,0.0,0.0,0.0,0.0,0.0,1.45,0.0,2.53,0.0,15.63,3.44,658.41,0.0,1.65
256304165847717,338.31,28,7.36,243.14,87.8,237.41,180.15,247.7,0.0,0.0,0.0,0.0,0.0,0.0,1.49,0.0,2.53,0.0,8.57,3.44,669.33,0.0,2.81
256304171704158,877.55,28,7.93,784.52,85.1,666.25,179.12,789.62,0.0,0.0,0.0,0.0,0.0,0.0,1.31,0.0,2.3,0.0,11.66,4.64,677.42,0.0,2.83
256304178093167,812.25,28,7.04,792.51,12.71,670.11,180.61,797.17,0.0,0.0,0.0,0.0,0.0,0.0,1.37,0.0,2.35,0.0,17.05,3.46,683.9,0.0,2.38
256304184225834,789.93,28,10.21,694.16,85.56,680.19,181.32,701.53,0.0,0.0,0.0,0.0,0.0,0.0,1.35,0.0,2.35,0.0,15.07,6.32,638.67,0.0,2.85
256304190077638,884.8,28,8.17,865.09,11.54,730.86,183.58,870.84,0.0,0.0,0.0,0.0,0.0,0.0,1.81,0.0,2.9,0.0,10.24,4.32,660.27,0.0,2.42
256304196071975,252.57,28,7.93,234.92,9.72,231.27,177.78,240.19,0.0,0.0,0.0,0.0,0.0,0.0,1.64,0.0,2.68,0.0,8.68,3.44,675.48,0.0,2.66
256304201309746,704.52,28,9.03,685.67,9.82,650.27,179.27,692.26,0.0,0.0,0.0,0.0,0.0,0.0,1.39,0.0,2.47,0.0,10.65,5.38,664.22,0.0,2.44
256304207050177,807.25,28,9.34,787.32,10.58,682.82,192.33,794.27,0.0,0.0,0.0,0.0,0.0,0.0,1.54,0.0,2.55,0.0,14.64,5.13,650.91,0.0,2.4
256304213079877,814.17,28,8.32,795.92,9.94,679.85,188.04,802.28,0.0,0.0,0.0,0.0,0.0,0.0,1.73,0.0,2.81,0.0,10.8,4.06,683.46,0.0,1.96
256304219094848,254.84,28,7.13,239.58,8.12,237.19,176.45,244.84,0.0,0.0,0.0,0.0,0.0,0.0,1.37,0.0,2.29,0.0,12.44,3.6,655.82,0.0,1.87
256304224407385,645.53,28,11.01,625.61,8.92,626.5,221.41,634.37,0.0,0.0,0.0,0.0,0.0,0.0,1.58,0.0,2.66,0.0,66.69,6.7,648.19,0.0,2.24
256304230464421,622.55,28,6.59,520.85,95.11,517.46,183.42,525.31,0.0,0.0,0.0,0.0,0.0,0.0,1.3,0.0,2.31,0.0,8.67,3.54,676.25,0.0,2.13
256304236547982,878.65,28,8.84,786.35,83.46,687.99,180.83,792.29,0.0,0.0,0.0,0.0,0.0,0.0,1.46,0.0,2.7,0.0,16.25,3.99,665.5,0.0,2.9
256304243047428,273.03,28,6.91,258.1,8.02,254.21,173.54,263.14,0.0,0.0,0.0,0.0,0.0,0.0,1.63,0.0,2.82,0.0,9.45,3.58,669.24,0.0,1.87
256304248826385,961.95,28,8.23,832.73,120.99,685.45,177.52,838.08,0.0,0.0,0.0,0.0,0.0,0.0,2.1,0.0,3.13,0.0,9.38,3.54,651.87,0.0,2.88
256304255989234,800.51,28,11.39,710.63,78.48,655.84,189.67,719.15,0.0,0.0,0.0,0.0,0.0,0.0,1.16,0.0,2.31,0.0,18.51,7.15,672.74,0.0,2.71
256304262095991,336.5,28,8.71,318.53,9.25,315.72,173.69,324.02,0.0,0.0,0.0,0.0,0.0,0.0,1.37,0.0,2.44,0.0,13.68,3.47,654.46,0.0,3.22
256304267399393,647.27,28,7.23,629.99,10.05,625.42,182.94,634.22,0.0,0.0,0.0,0.0,0.0,0.0,1.46,0.0,2.52,0.0,9.05,3.54,667.13,0.0,3.0
256304273091100,808.77,28,6.6,790.86,11.31,673.73,173.58,795.36,0.0,0.0,0.0,0.0,0.0,0.0,1.62,0.0,2.61,0.0,15.69,3.79,658.35,0.0,2.1
256304278964366,800.84,28,6.55,784.5,9.79,678.7,176.15,788.43,0.0,0.0,0.0,0.0,0.0,0.0,1.39,0.0,2.36,0.0,10.41,3.49,658.15,0.0,2.62
256304284952715,243.94,28,7.66,226.85,9.43,224.64,209.17,232.42,0.0,0.0,0.0,0.0,0.0,0.0,1.57,0.0,2.54,0.0,51.11,3.73,673.43,0.0,2.1
256304290626105,529.09,28,9.02,424.17,95.9,420.76,178.1,430.06,0.0,0.0,0.0,0.0,0.0,0.0,1.56,0.0,2.86,0.0,14.18,3.64,638.11,0.0,3.13
256304296619381,508.39,28,10.38,414.21,83.79,412.85,247.53,422.15,0.0,0.0,0.0,0.0,0.0,0.0,1.13,0.0,2.08,0.0,97.46,5.86,658.46,0.0,2.45
256304302085269,310.28,28,6.34,295.35,8.59,292.04,182.6,299.95,0.0,0.0,0.0,0.0,0.0,0.0,1.68,0.0,2.64,0.0,10.36,3.49,686.4,0.0,1.74
256304307865433,817.73,28,7.45,723.76,86.52,661.52,182.93,728.96,0.0,0.0,0.0,0.0,0.0,0.0,1.48,0.0,2.5,0.0,9.53,4.01,675.7,0.0,2.25
256304314885413,398.76,28,28.8,274.25,95.71,291.98,165.97,300.44,0.0,0.0,0.0,0.0,0.0,0.0,1.51,0.0,25.23,0.0,8.37,3.41,665.6,0.0,2.62
256304320817439,408.62,28,118.95,201.72,87.95,309.13,174.66,318.1,0.0,0.0,0.0,0.0,0.0,0.0,1.62,0.0,114.61,0.0,106.16,3.61,659.07,0.0,2.57
256304326618761,945.56,28,76.71,775.71,93.14,754.76,175.8,849.68,0.0,0.0,0.0,0.0,0.0,0.0,69.97,0.0,70.99,0.0,19.17,3.54,659.28,0.0,2.74
256304333510256,895.67,28,11.18,786.86,97.64,686.0,230.18,795.77,0.0,0.0,0.0,0.0,0.0,0.0,1.25,0.0,2.23,0.0,77.19,6.68,658.05,0.0,2.27
256304339896773,317.56,28,7.69,301.19,8.67,296.95,180.82,306.06,0.0,0.0,0.0,0.0,0.0,0.0,1.96,0.0,3.03,0.0,8.42,3.46,671.31,0.0,2.83
256304345732372,463.64,28,27.91,358.44,77.28,353.56,204.68,365.07,0.0,0.0,0.0,0.0,0.0,0.0,1.68,0.0,2.68,0.0,49.01,4.56,651.02,0.0,20.86
256304351642125,486.47,28,46.45,321.89,118.13,356.49,171.73,365.4,0.0,0.0,0.0,0.0,0.0,0.0,1.71,0.0,42.61,0.0,12.77,3.5,647.61,0.0,2.94
256304357093821,863.4,28,64.1,788.49,10.82,739.98,242.02,849.62,0.0,0.0,0.0,0.0,0.0,0.0,55.64,0.0,56.94,0.0,103.88,4.2,659.66,0.0,2.96
256304363052141,794.67,28,8.31,774.4,11.96,673.76,183.91,780.74,0.0,0.0,0.0,0.0,0.0,0.0,1.78,0.0,2.77,0.0,19.35,4.25,667.35,0.0,1.97
256304369978018,830.52,28,8.41,779.58,42.53,675.22,172.51,785.26,0.0,0.0,0.0,0.0,0.0,0.0,1.55,0.0,2.78,0.0,75.97,3.48,577.67,0.0,2.72
256304376054422,255.38,28,7.4,239.37,8.62,233.85,182.49,245.03,0.0,0.0,0.0,0.0,0.0,0.0,1.85,0.0,2.92,0.0,9.7,3.46,679.7,0.0,1.74
256304381307695,703.78,28,7.26,687.38,9.13,658.47,173.37,692.17,0.0,0.0,0.0,0.0,0.0,0.0,1.48,0.0,2.42,0.0,9.22,3.55,667.74,0.0,2.48
256304387466811,649.21,28,6.72,546.54,95.96,542.17,194.09,551.32,0.0,0.0,0.0,0.0,0.0,0.0,1.61,0.0,2.79,0.0,8.96,3.95,679.18,0.0,1.91
256304393694947,968.62,28,7.14,875.13,86.36,770.07,214.1,880.0,0.0,0.0,0.0,0.0,0.0,0.0,1.57,0.0,2.63,0.0,52.69,3.6,657.97,0.0,2.27
256304400062941,241.81,28,6.79,225.63,9.4,221.42,174.65,230.08,0.0,0.0,0.0,0.0,0.0,0.0,1.38,0.0,2.37,0.0,8.9,3.48,668.6,0.0,2.34
256304405299964,714.64,28,6.43,699.14,9.07,662.75,173.82,703.73,0.0,0.0,0.0,0.0,0.0,0.0,1.28,0.0,2.27,0.0,8.91,3.46,650.12,0.0,1.85
256304411092911,253.46,28,7.12,238.01,8.32,234.23,174.53,243.15,0.0,0.0,0.0,0.0,0.0,0.0,1.59,0.0,2.63,0.0,8.74,3.38,676.34,0.0,1.99
256304416324628,689.47,28,8.04,671.97,9.46,661.46,176.76,677.71,0.0,0.0,0.0,0.0,0.0,0.0,1.55,0.0,2.5,0.0,10.95,4.23,659.96,0.0,2.3
256304422612873,846.5,28,9.44,741.03,96.04,641.98,185.74,747.59,0.0,0.0,0.0,0.0,0.0,0.0,1.67,0.0,3.65,0.0,16.77,4.61,656.34,0.0,2.87
256304429082418,312.49,28,6.17,297.86,8.46,292.8,171.52,302.03,0.0,0.0,0.0,0.0,0.0,0.0,1.39,0.0,2.34,0.0,8.46,3.45,663.25,0.0,2.0
256304434960735,928.51,28,29.93,843.45,55.14,699.79,177.65,848.8,0.0,0.0,0.0,0.0,0.0,0.0,1.38,0.0,2.5,0.0,13.6,4.7,664.58,0.0,22.89
256304442036692,325.88,28,7.49,309.38,9.01,305.47,179.92,314.83,0.0,0.0,0.0,0.0,0.0,0.0,1.32,0.0,2.31,0.0,16.01,3.62,661.37,0.0,2.04
256304447798394,939.12,28,8.97,841.1,89.04,703.47,222.8,846.86,0.0,0.0,0.0,0.0,0.0,0.0,1.34,0.0,2.29,0.0,74.0,3.49,669.84,0.0,3.19
256304454449736,804.46,28,7.37,781.89,15.2,627.5,175.34,786.18,0.0,0.0,0.0,0.0,0.0,0.0,1.66,0.0,2.64,0.0,8.44,3.56,662.96,0.0,3.08
256304460870146,362.34,28,6.97,346.26,9.12,340.47,170.18,350.98,0.0,0.0,0.0,0.0,0.0,0.0,1.56,0.0,2.72,0.0,8.56,3.48,658.91,0.0,2.25
256304466788751,377.99,28,8.46,275.81,93.73,272.62,178.07,281.85,0.0,0.0,0.0,0.0,0.0,0.0,1.39,0.0,2.43,0.0,14.49,4.36,670.35,0.0,2.42
256304472668235,505.82,28,6.12,406.71,92.98,402.12,172.17,411.47,0.0,0.0,0.0,0.0,0.0,0.0,1.36,0.0,2.58,0.0,9.25,3.48,674.4,0.0,1.37
256304478752940,520.37,28,6.4,423.54,90.43,419.04,402.58,428.3,0.0,0.0,0.0,0.0,0.0,0.0,1.53,0.0,2.44,0.0,9.58,3.69,910.94,0.0,1.65
256304484702362,475.93,28,8.35,382.32,85.25,379.47,179.07,388.17,0.0,0.0,0.0,0.0,0.0,0.0,1.54,0.0,2.57,0.0,12.03,4.48,650.33,0.0,2.51
256304490712612,422.39,28,8.67,327.36,86.37,324.41,179.25,332.98,0.0,0.0,0.0,0.0,0.0,0.0,1.5,0.0,2.6,0.0,11.84,3.52,666.0,0.0,3.0
256304496124690,808.35,28,6.29,791.81,10.25,689.42,173.42,796.3,0.0,0.0,0.0,0.0,0.0,0.0,1.19,0.0,2.15,0.0,9.98,3.61,662.18,0.0,1.63
256304502088061,305.86,28,6.39,290.07,9.4,286.47,170.92,294.48,0.0,0.0,0.0,0.0,0.0,0.0,1.07,0.0,2.01,0.0,9.05,3.51,655.94,0.0,1.81
256304507360659,729.83,28,8.57,711.22,10.04,708.43,269.55,717.42,0.0,0.0,0.0,0.0,0.0,0.0,1.6,0.0,2.6,0.0,106.63,4.3,664.74,0.0,2.38
256304513650856,511.02,28,7.51,417.23,86.27,410.72,182.1,423.31,0.0,0.0,0.0,0.0,0.0,0.0,1.38,0.0,2.51,0.0,10.36,4.66,673.82,0.0,1.43
256304519565968,546.06,28,27.79,436.6,81.68,454.49,192.37,463.15,0.0,0.0,0.0,0.0,0.0,0.0,1.39,0.0,2.38,0.0,31.45,26.21,672.61,0.0,1.23
256304525220059,770.66,28,6.88,753.07,10.71,652.42,179.66,757.66,0.0,0.0,0.0,0.0,0.0,0.0,1.4,0.0,2.38,0.0,9.59,3.43,654.33,0.0,2.28
256304531438602,866.23,28,7.65,778.62,79.95,671.08,173.5,783.6,0.0,0.0,0.0,0.0,0.0,0.0,2.01,0.0,3.01,0.0,9.77,4.48,658.96,0.0,2.68
256304538546096,860.64,28,7.22,760.26,93.16,665.42,177.99,764.99,0.0,0.0,0.0,0.0,0.0,0.0,1.47,0.0,2.65,0.0,7.71,3.48,665.24,0.0,2.5
256304545031665,322.66,28,6.66,306.23,9.77,302.18,176.76,310.86,0.0,0.0,0.0,0.0,0.0,0.0,1.43,0.0,2.51,0.0,9.11,3.55,671.4,0.0,2.03
256304550906211,351.43,28,17.71,244.04,89.68,242.43,175.14,250.12,0.0,0.0,0.0,0.0,0.0,0.0,1.47,0.0,2.58,0.0,24.18,3.66,646.84,0.0,11.57
256304556667040,490.33,28,7.9,388.43,94.0,384.78,170.58,393.59,0.0,0.0,0.0,0.0,0.0,0.0,1.4,0.0,2.48,0.0,10.81,3.48,634.5,0.0,2.74
256304562561071,569.84,28,8.27,479.39,82.18,475.8,180.05,484.96,0.0,0.0,0.0,0.0,0.0,0.0,1.42,0.0,2.42,0.0,11.79,3.47,661.66,0.0,2.69
256304568096832,315.35,28,7.8,298.2,9.34,294.52,174.37,303.67,0.0,0.0,0.0,0.0,0.0,0.0,1.7,0.0,2.65,0.0,11.23,3.51,663.5,0.0,2.34
256304573900003,930.55,28,8.39,810.13,112.03,672.64,124.37,815.79,0.0,0.0,0.0,0.0,0.0,0.0,1.45,0.0,2.78,0.0,10.65,3.54,669.9,0.0,2.73
256304581009752,839.28,28,92.73,715.32,31.24,686.62,182.78,805.3,0.0,0.0,0.0,0.0,0.0,0.0,85.31,0.0,86.43,0.0,21.7,6.19,670.25,0.0,2.75
256304587063488,253.76,28,13.0,231.72,9.03,234.58,177.17,243.09,0.0,0.0,0.0,0.0,0.0,0.0,7.53,0.0,8.78,0.0,14.79,3.48,651.97,0.0,1.64
256304592686196,509.9,28,24.54,330.82,154.55,324.7,175.5,336.73,0.0,0.0,0.0,0.0,0.0,0.0,1.52,0.0,2.77,0.0,10.23,3.95,668.46,0.0,18.63
256304598669465,493.01,28,6.69,401.88,84.44,397.62,177.92,406.48,0.0,0.0,0.0,0.0,0.0,0.0,1.54,0.0,2.87,0.0,9.51,3.48,654.95,0.0,2.09
256304604753086,390.61,28,8.09,302.3,80.23,299.36,174.59,307.81,0.0,0.0,0.0,0.0,0.0,0.0,1.69,0.0,2.8,0.0,18.9,3.47,654.53,0.0,2.58
256304610631302,530.76,28,9.69,424.15,96.92,421.55,176.19,431.08,0.0,0.0,0.0,0.0,0.0,0.0,1.5,0.0,2.5,0.0,10.23,5.31,663.55,0.0,2.7
256304616573089,528.74,28,6.15,436.94,85.65,433.69,185.66,441.83,0.0,0.0,0.0,0.0,0.0,0.0,1.5,0.0,2.47,0.0,9.4,3.59,690.14,0.0,1.26
256304622097429,236.53,28,7.77,219.38,9.38,216.54,180.53,224.26,0.0,0.0,0.0,0.0,0.0,0.0,1.32,0.0,2.65,0.0,8.38,3.47,684.53,0.0,2.89
256304627889861,898.36,28,12.75,773.13,112.48,673.67,185.53,779.47,0.0,0.0,0.0,0.0,0.0,0.0,1.64,0.0,2.8,0.0,10.86,4.91,685.73,0.0,6.17
256304634027542,349.88,28,35.59,304.85,9.44,300.9,174.58,310.68,0.0,0.0,0.0,0.0,0.0,0.0,1.51,0.0,2.65,0.0,20.16,3.55,649.56,0.0,29.75
256304640029171,929.34,28,7.84,909.98,11.51,774.68,178.87,915.55,0.0,0.0,0.0,0.0,0.0,0.0,1.49,0.0,2.56,0.0,13.9,4.2,668.09,0.0,2.19
256304647033380,739.39,28,55.13,672.97,11.29,659.57,229.9,725.55,0.0,0.0,0.0,0.0,0.0,0.0,1.19,0.0,2.18,0.0,59.54,53.81,662.76,0.0,2.49
256304653081591,898.8,28,9.12,879.69,9.99,769.87,195.81,886.12,0.0,0.0,0.0,0.0,0.0,0.0,1.6,0.0,2.52,0.0,16.49,4.75,655.15,0.0,2.61
256304660044264,790.26,28,9.37,770.48,10.41,662.0,183.05,777.65,0.0,0.0,0.0,0.0,0.0,0.0,1.61,0.0,2.71,0.0,10.62,5.56,660.71,0.0,2.1
256304665983763,311.93,28,6.92,296.18,8.83,292.41,173.52,300.61,0.0,0.0,0.0,0.0,0.0,0.0,1.36,0.0,2.3,0.0,7.95,3.46,645.23,0.0,2.38
256304671788789,892.19,28,7.53,792.35,92.3,685.84,176.6,796.75,0.0,0.0,0.0,0.0,0.0,0.0,1.16,0.0,2.27,0.0,8.36,3.58,661.02,0.0,3.13
256304680084732,322.92,28,7.69,303.08,12.15,296.83,182.56,308.99,0.0,0.0,0.0,0.0,0.0,0.0,1.75,0.0,3.12,0.0,13.91,3.55,668.34,0.0,1.78
256304686011505,899.28,28,7.16,881.13,10.99,717.69,182.56,885.57,0.0,0.0,0.0,0.0,0.0,0.0,1.26,0.0,2.27,0.0,8.4,3.5,667.53,0.0,2.72
256304691966000,957.99,28,6.92,940.79,10.28,687.83,166.31,945.4,0.0,0.0,0.0,0.0,0.0,0.0,1.38,0.0,2.47,0.0,9.05,3.46,652.26,0.0,2.31
256304698048281,244.02,28,8.01,226.6,9.41,221.03,178.91,232.38,0.0,0.0,0.0,0.0,0.0,0.0,1.96,0.0,2.96,0.0,12.1,3.51,675.0,0.0,2.22
256304703282451,740.27,28,61.64,668.63,10.01,718.21,222.36,727.58,0.0,0.0,0.0,0.0,0.0,0.0,1.37,0.0,2.33,0.0,69.08,60.26,671.79,0.0,2.69
256304709505414,394.69,28,6.05,307.85,80.79,303.32,180.21,312.22,0.0,0.0,0.0,0.0,0.0,0.0,1.37,0.0,2.37,0.0,8.81,3.45,671.41,0.0,1.67
256304715046603,236.52,28,6.85,220.01,9.66,215.47,171.93,224.72,0.0,0.0,0.0,0.0,0.0,0.0,1.65,0.0,2.76,0.0,8.17,3.44,657.75,0.0,2.14
256304720722083,881.4,28,10.41,781.49,89.5,680.03,197.22,788.9,0.0,0.0,0.0,0.0,0.0,0.0,1.4,0.0,2.4,0.0,13.51,5.71,689.02,0.0,3.0
256304727062587,314.51,28,6.73,298.19,9.59,293.61,184.11,302.8,0.0,0.0,0.0,0.0,0.0,0.0,1.31,0.0,2.25,0.0,12.11,3.53,656.09,0.0,2.11
256304732886570,904.39,28,11.88,766.69,125.83,666.67,180.37,775.25,0.0,0.0,0.0,0.0,0.0,0.0,1.93,0.0,3.25,0.0,13.32,6.04,675.93,0.0,3.31
256304739977399,754.08,28,8.37,706.73,38.98,645.81,199.46,712.38,0.0,0.0,0.0,0.0,0.0,0.0,1.3,0.0,2.43,0.0,9.06,3.76,688.6,0.0,2.71
256304746498571,609.62,28,7.63,492.55,109.45,484.86,179.48,497.83,0.0,0.0,0.0,0.0,0.0,0.0,1.25,0.0,2.25,0.0,10.25,4.45,668.66,0.0,2.31
256304752100485,800.06,28,9.04,780.48,10.54,660.3,185.0,787.61,0.0,0.0,0.0,0.0,0.0,0.0,1.81,0.0,2.88,0.0,10.19,4.99,658.91,0.0,1.91
256304758060682,259.51,28,7.19,242.71,9.62,238.43,179.2,247.54,0.0,0.0,0.0,0.0,0.0,0.0,1.64,0.0,2.74,0.0,9.48,3.59,662.35,0.0,2.35
256304763357478,684.43,28,6.46,668.51,9.45,662.51,173.91,673.14,0.0,0.0,0.0,0.0,0.0,0.0,1.47,0.0,2.4,0.0,9.32,3.55,664.83,0.0,1.84
256304769080041,816.08,28,24.4,780.89,10.78,649.2,192.73,788.51,0.0,0.0,0.0,0.0,0.0,0.0,3.78,0.0,4.78,0.0,10.74,3.55,670.28,0.0,16.07
256304775083372,312.92,28,7.06,296.87,8.99,292.05,177.27,301.52,0.0,0.0,0.0,0.0,0.0,0.0,1.41,0.0,2.35,0.0,9.07,3.46,669.1,0.0,2.41
256304780959119,871.75,28,8.24,807.01,56.51,649.95,189.22,812.36,0.0,0.0,0.0,0.0,0.0,0.0,1.3,0.0,2.35,0.0,65.59,3.81,608.08,0.0,2.89
256304787076855,235.08,28,8.27,217.08,9.73,214.63,175.41,222.93,0.0,0.0,0.0,0.0,0.0,0.0,1.59,0.0,2.9,0.0,10.11,3.51,646.56,0.0,2.42
256304792322020,244.69,28,7.08,228.48,9.13,224.91,174.37,233.28,0.0,0.0,0.0,0.0,0.0,0.0,1.7,0.0,2.63,0.0,9.96,3.56,673.64,0.0,2.12
256304797998415,778.13,28,9.65,753.16,15.32,647.75,186.26,759.68,0.0,0.0,0.0,0.0,0.0,0.0,1.63,0.0,2.91,0.0,17.11,5.18,657.27,0.0,3.13
256304804004754,848.0,28,7.99,827.02,12.99,708.47,188.81,832.6,0.0,0.0,0.0,0.0,0.0,0.0,1.61,0.0,2.79,0.0,9.82,3.59,674.65,0.0,2.41
256304810062735,320.83,28,6.57,304.81,9.45,300.63,176.13,309.83,0.0,0.0,0.0,0.0,0.0,0.0,1.42,0.0,2.37,0.0,12.33,3.62,673.24,0.0,1.55
256304815850887,386.06,28,8.31,253.59,124.17,250.6,173.73,258.97,0.0,0.0,0.0,0.0,0.0,0.0,1.7,0.0,2.81,0.0,10.23,3.66,657.68,0.0,2.92
256304821664768,504.08,28,8.45,399.07,96.55,396.16,194.73,404.74,0.0,0.0,0.0,0.0,0.0,0.0,1.43,0.0,2.66,0.0,11.85,3.67,691.93,0.0,2.79
256304827770906,898.85,28,8.9,791.87,98.08,682.61,187.66,797.51,0.0,0.0,0.0,0.0,0.0,0.0,1.49,0.0,2.45,0.0,8.34,3.56,670.17,0.0,3.26
256304834057627,310.25,28,7.52,293.82,8.92,290.81,176.69,299.03,0.0,0.0,0.0,0.0,0.0,0.0,1.75,0.0,2.71,0.0,10.5,3.55,673.1,0.0,2.31
256304839854504,428.69,28,10.7,310.9,107.09,307.9,186.25,318.86,0.0,0.0,0.0,0.0,0.0,0.0,1.52,0.0,2.66,0.0,17.48,7.01,650.12,0.0,2.72
256304845298197,739.45,28,9.02,719.46,10.97,698.27,186.7,725.7,0.0,0.0,0.0,0.0,0.0,0.0,1.62,0.0,2.61,0.0,8.87,3.87,655.12,0.0,2.64
256304851102809,312.88,28,7.2,296.54,9.14,292.62,170.07,301.66,0.0,0.0,0.0,0.0,0.0,0.0,1.35,0.0,2.28,0.0,9.42,3.47,656.09,0.0,2.08
256304857029954,333.14,28,8.21,314.41,10.53,308.63,173.65,319.73,0.0,0.0,0.0,0.0,0.0,0.0,1.63,0.0,2.74,0.0,17.34,3.63,665.64,0.0,2.88
256304862444811,617.18,28,7.94,599.05,10.19,595.09,179.48,604.72,0.0,0.0,0.0,0.0,0.0,0.0,1.41,0.0,2.37,0.0,9.58,4.5,668.08,0.0,2.27
256304868075949,255.05,28,7.03,239.16,8.86,236.16,170.05,244.27,0.0,0.0,0.0,0.0,0.0,0.0,1.77,0.0,2.74,0.0,8.63,3.62,648.99,0.0,1.92
256304873365862,661.91,28,6.51,646.39,9.0,642.69,168.97,650.82,0.0,0.0,0.0,0.0,0.0,0.0,1.54,0.0,2.48,0.0,8.42,3.47,652.43,0.0,2.08
256304879077126,251.76,28,6.62,236.06,9.08,231.87,177.08,241.25,0.0,0.0,0.0,0.0,0.0,0.0,1.68,0.0,2.68,0.0,11.72,3.49,672.52,0.0,1.43
256304884941171,967.99,28,8.98,883.62,75.39,771.31,196.22,890.58,0.0,0.0,0.0,0.0,0.0,0.0,1.55,0.0,2.72,0.0,13.53,6.02,662.73,0.0,1.93
256304892031975,253.88,28,7.27,236.58,10.03,232.43,172.13,241.45,0.0,0.0,0.0,0.0,0.0,0.0,1.45,0.0,2.65,0.0,10.04,3.48,659.08,0.0,2.4
256304897877947,413.48,28,7.82,321.12,84.54,317.05,218.74,326.61,0.0,0.0,0.0,0.0,0.0,0.0,1.5,0.0,2.68,0.0,63.94,3.57,673.29,0.0,2.32
256304903853284,366.19,28,7.99,270.67,87.54,267.12,244.51,275.95,0.0,0.0,0.0,0.0,0.0,0.0,1.34,0.0,2.36,0.0,82.0,3.88,682.76,0.0,2.71
256304909772852,426.64,28,9.32,324.56,92.76,320.99,181.17,331.06,0.0,0.0,0.0,0.0,0.0,0.0,1.43,0.0,2.48,0.0,11.19,5.31,673.01,0.0,2.83
256304915704582,479.69,28,8.69,376.87,94.13,373.8,191.41,382.83,0.0,0.0,0.0,0.0,0.0,0.0,1.29,0.0,2.4,0.0,22.03,3.56,674.78,0.0,2.73
256304921209549,304.8,28,6.37,289.85,8.58,284.85,177.58,294.29,0.0,0.0,0.0,0.0,0.0,0.0,1.37,0.0,2.67,0.0,8.45,3.41,676.16,0.0,1.92
256304927009069,805.54,28,13.62,781.2,10.73,665.14,196.64,788.25,0.0,0.0,0.0,0.0,0.0,0.0,2.49,0.0,3.55,0.0,21.5,4.16,652.0,0.0,6.57
256304933101117,314.99,28,8.11,297.34,9.54,293.84,179.41,303.06,0.0,0.0,0.0,0.0,0.0,0.0,1.63,0.0,2.61,0.0,15.59,3.58,664.62,0.0,2.39
256304938446094,284.08,28,7.48,266.73,9.88,262.67,175.96,271.45,0.0,0.0,0.0,0.0,0.0,0.0,1.69,0.0,2.6,0.0,8.22,3.43,663.74,0.0,2.76
256304944120358,888.46,28,8.68,800.25,79.53,689.34,261.68,806.27,0.0,0.0,0.0,0.0,0.0,0.0,1.68,0.0,2.97,0.0,103.55,3.89,655.74,0.0,2.65
256304950955835,817.87,28,13.82,792.67,11.38,671.58,181.85,799.47,0.0,0.0,0.0,0.0,0.0,0.0,1.62,0.0,2.58,0.0,27.45,4.62,667.57,0.0,7.02
256304957078301,318.93,28,7.75,301.96,9.22,298.17,178.22,306.89,0.0,0.0,0.0,0.0,0.0,0.0,1.26,0.0,2.52,0.0,12.24,3.63,669.08,0.0,2.81
256304962873365,356.17,28,8.63,250.02,97.52,246.02,175.38,255.93,0.0,0.0,0.0,0.0,0.0,0.0,1.51,0.0,2.47,0.0,10.35,3.95,654.29,0.0,2.72
256304968715351,898.43,28,7.62,802.37,88.44,685.81,182.13,807.42,0.0,0.0,0.0,0.0,0.0,0.0,1.51,0.0,2.58,0.0,10.44,4.51,649.46,0.0,2.57
256304975084419,230.93,28,9.19,212.42,9.32,209.47,181.87,218.66,0.0,0.0,0.0,0.0,0.0,0.0,1.55,0.0,2.56,0.0,15.33,3.68,668.4,0.0,2.94
256304980878459,364.47,28,7.12,259.43,97.92,251.25,180.93,264.23,0.0,0.0,0.0,0.0,0.0,0.0,1.3,0.0,2.25,0.0,9.89,3.54,670.44,0.0,2.32
256304986264895,751.44,28,8.64,733.28,9.53,729.49,184.52,738.81,0.0,0.0,0.0,0.0,0.0,0.0,1.31,0.0,2.43,0.0,8.98,4.42,682.36,0.0,3.11
256304992089108,232.22,28,16.67,206.48,9.07,212.26,173.6,220.96,0.0,0.0,0.0,0.0,0.0,0.0,1.46,0.0,12.65,0.0,14.76,3.49,662.1,0.0,2.19
256304997340158,685.85,28,52.42,623.35,10.09,665.74,188.44,673.77,0.0,0.0,0.0,0.0,0.0,0.0,5.2,0.0,48.44,0.0,16.1,3.66,688.43,0.0,1.99
256305003265187,327.4,28,8.36,308.77,10.26,302.64,176.73,313.59,0.0,0.0,0.0,0.0,0.0,0.0,1.39,0.0,2.5,0.0,9.06,3.81,654.75,0.0,3.55
256305009027847,313.92,28,9.15,295.01,9.76,291.49,175.41,301.03,0.0,0.0,0.0,0.0,0.0,0.0,1.41,0.0,2.48,0.0,17.18,3.54,653.78,0.0,3.13
256305015009513,795.0,28,8.2,773.61,13.18,643.41,184.41,778.72,0.0,0.0,0.0,0.0,0.0,0.0,1.56,0.0,2.58,0.0,11.83,3.71,680.47,0.0,2.91
256305021084894,261.41,28,7.09,246.57,7.75,243.07,183.19,251.79,0.0,0.0,0.0,0.0,0.0,0.0,1.5,0.0,2.58,0.0,10.18,3.69,675.31,0.0,1.86
256305026399412,248.71,28,6.81,233.13,8.77,229.22,175.92,237.41,0.0,0.0,0.0,0.0,0.0,0.0,1.55,0.0,2.5,0.0,8.81,3.45,663.82,0.0,2.52
256305032032592,896.97,28,7.46,879.53,9.98,769.7,188.76,884.63,0.0,0.0,0.0,0.0,0.0,0.0,1.59,0.0,2.6,0.0,11.59,3.46,695.96,0.0,2.35
256305038090142,241.02,28,7.81,224.65,8.56,222.52,176.75,230.25,0.0,0.0,0.0,0.0,0.0,0.0,1.47,0.0,2.42,0.0,18.97,3.66,664.46,0.0,2.21
256305043765075,445.42,28,30.43,322.09,92.9,317.84,184.2,329.43,0.0,0.0,0.0,0.0,0.0,0.0,1.97,0.0,3.34,0.0,24.0,4.53,672.26,0.0,22.7
256305049748089,398.24,28,8.32,297.43,92.5,294.53,179.89,302.96,0.0,0.0,0.0,0.0,0.0,0.0,1.48,0.0,2.48,0.0,11.11,3.62,636.87,0.0,2.78
256305055173545,233.39,28,6.58,217.49,9.32,213.09,169.47,222.22,0.0,0.0,0.0,0.0,0.0,0.0,1.53,0.0,2.64,0.0,8.03,3.41,659.7,0.0,1.85
256305060568927,532.59,28,7.49,513.88,11.22,500.1,182.29,518.73,0.0,0.0,0.0,0.0,0.0,0.0,1.68,0.0,2.63,0.0,60.05,3.52,641.14,0.0,2.64
256305066579367,554.04,28,7.67,461.14,85.23,458.59,178.25,467.3,0.0,0.0,0.0,0.0,0.0,0.0,1.68,0.0,2.64,0.0,11.48,4.31,661.13,0.0,1.51
256305072676086,1800.66,28,6.38,506.91,1287.37,395.83,165.92,511.7,0.0,0.0,0.0,0.0,0.0,0.0,1.33,0.0,2.41,0.0,9.47,3.8,640.26,0.0,1.59
256305080066552,252.91,28,6.93,236.69,9.29,231.09,176.97,241.34,0.0,0.0,0.0,0.0,0.0,0.0,1.52,0.0,2.5,0.0,9.77,3.5,666.71,0.0,2.28
256305085801635,370.09,28,7.46,275.79,86.84,269.34,170.52,280.14,0.0,0.0,0.0,0.0,0.0,0.0,1.31,0.0,2.3,0.0,8.31,3.46,661.7,0.0,3.11
256305091642236,518.21,28,9.36,422.16,86.69,418.92,173.83,428.35,0.0,0.0,0.0,0.0,0.0,0.0,1.58,0.0,2.67,0.0,10.4,5.52,654.68,0.0,3.17
256305097648878,511.44,28,8.34,407.09,96.0,266.97,305.66,413.0,0.0,0.0,0.0,0.0,0.0,0.0,1.77,0.0,2.96,0.0,142.77,3.66,681.46,0.0,2.43
256305103668963,500.64,28,11.0,397.23,92.4,395.69,178.87,405.11,0.0,0.0,0.0,0.0,0.0,0.0,1.54,0.0,2.59,0.0,14.09,5.33,654.21,0.0,3.08
256305109230877,788.62,28,7.99,770.82,9.81,767.57,190.81,776.66,0.0,0.0,0.0,0.0,0.0,0.0,1.71,0.0,2.73,0.0,9.04,3.9,691.38,0.0,2.15
256305115068290,242.29,28,7.2,225.78,9.31,222.55,177.4,230.82,0.0,0.0,0.0,0.0,0.0,0.0,1.81,0.0,2.83,0.0,12.8,3.56,658.29,0.0,2.16
256305120807930,765.82,28,16.84,663.81,85.17,563.38,174.69,678.37,0.0,0.0,0.0,0.0,0.0,0.0,12.46,0.0,13.48,0.0,13.91,3.42,694.96,0.0,2.28
256305127078745,305.36,28,14.7,281.73,8.93,286.75,173.37,294.22,0.0,0.0,0.0,0.0,0.0,0.0,1.62,0.0,10.72,0.0,15.06,3.47,668.46,0.0,2.2
256305132837122,412.34,28,9.43,313.98,88.93,311.26,181.73,320.23,0.0,0.0,0.0,0.0,0.0,0.0,1.36,0.0,2.75,0.0,10.06,4.78,663.57,0.0,3.18
256305138314589,832.07,28,11.36,809.71,11.0,695.29,175.83,817.57,0.0,0.0,0.0,0.0,0.0,0.0,1.3,0.0,2.52,0.0,13.44,7.65,672.99,0.0,3.5
256305145041851,786.78,28,11.74,764.37,10.67,668.35,188.81,773.95,0.0,0.0,0.0,0.0,0.0,0.0,2.28,0.0,3.65,0.0,11.35,6.7,653.01,0.0,2.15
256305151563654,550.38,28,7.48,533.22,9.69,529.45,204.38,538.21,0.0,0.0,0.0,0.0,0.0,0.0,1.58,0.0,2.88,0.0,8.69,3.42,683.28,0.0,2.49
256305157183332,345.43,28,7.68,327.68,10.07,321.54,180.16,332.67,0.0,0.0,0.0,0.0,0.0,0.0,1.24,0.0,2.21,0.0,11.97,3.49,689.18,0.0,2.69
256305163029060,322.79,28,7.83,305.85,9.12,302.08,171.77,310.8,0.0,0.0,0.0,0.0,0.0,0.0,1.41,0.0,2.37,0.0,10.37,3.46,659.54,0.0,2.88
256305168430064,623.33,28,8.79,605.26,9.28,604.31,183.13,611.92,0.0,0.0,0.0,0.0,0.0,0.0,1.47,0.0,2.85,0.0,12.05,5.34,679.78,0.0,2.13
256305174596294,514.55,28,6.91,400.85,106.78,397.65,177.84,406.05,0.0,0.0,0.0,0.0,0.0,0.0,1.44,0.0,2.66,0.0,9.46,3.5,681.34,0.0,1.72
256305180704364,878.3,28,9.73,779.17,89.39,680.91,186.06,785.62,0.0,0.0,0.0,0.0,0.0,0.0,1.54,0.0,2.54,0.0,19.08,4.51,664.29,0.0,3.29
256305187624199,533.22,28,6.51,436.42,90.29,432.68,180.44,441.2,0.0,0.0,0.0,0.0,0.0,0.0,1.46,0.0,2.61,0.0,11.8,3.47,669.65,0.0,1.73
256305193684056,401.25,28,6.88,301.27,93.1,296.87,174.95,306.01,0.0,0.0,0.0,0.0,0.0,0.0,1.61,0.0,3.19,0.0,9.15,3.56,675.63,0.0,2.14
256305199653442,484.56,28,6.67,385.0,92.89,377.56,178.28,389.26,0.0,0.0,0.0,0.0,0.0,0.0,1.3,0.0,2.25,0.0,9.46,3.67,666.87,0.0,2.4
256305205747637,447.19,28,9.04,348.51,89.64,345.8,185.57,354.62,0.0,0.0,0.0,0.0,0.0,0.0,1.72,0.0,2.73,0.0,20.42,3.52,672.97,0.0,2.78
256305211802189,363.11,28,9.18,264.51,89.43,262.9,192.09,270.56,0.0,0.0,0.0,0.0,0.0,0.0,1.47,0.0,2.45,0.0,24.51,4.07,692.86,0.0,3.12
256305217721916,446.15,28,7.59,341.77,96.79,338.65,185.24,346.37,0.0,0.0,0.0,0.0,0.0,0.0,1.4,0.0,2.51,0.0,7.91,3.41,701.11,0.0,2.99
256305223716190,497.39,28,11.51,395.32,90.55,222.08,182.36,233.11,0.0,0.0,0.0,0.0,0.0,0.0,1.55,0.0,2.56,0.0,13.67,7.87,673.26,0.0,2.77
256305229262986,747.95,28,7.23,731.23,9.49,683.09,173.46,735.9,0.0,0.0,0.0,0.0,0.0,0.0,1.39,0.0,2.37,0.0,17.95,3.46,645.19,0.0,2.48
256305235494740,604.43,28,10.88,497.19,96.36,493.9,191.46,505.99,0.0,0.0,0.0,0.0,0.0,0.0,1.42,0.0,2.42,0.0,15.32,7.44,681.13,0.0,2.08
256305241571935,888.03,28,8.25,780.04,99.74,663.84,189.24,785.41,0.0,0.0,0.0,0.0,0.0,0.0,1.51,0.0,2.49,0.0,12.51,4.25,687.16,0.0,2.88
256305248052333,318.35,28,7.96,301.64,8.75,298.75,180.2,307.03,0.0,0.0,0.0,0.0,0.0,0.0,1.52,0.0,2.57,0.0,12.06,3.4,665.2,0.0,2.57
256305253867530,400.52,28,9.77,304.84,85.91,299.38,174.69,311.37,0.0,0.0,0.0,0.0,0.0,0.0,1.9,0.0,3.0,0.0,17.45,3.52,655.78,0.0,3.24
256305259830804,436.87,28,9.17,330.93,96.77,327.83,217.52,336.81,0.0,0.0,0.0,0.0,0.0,0.0,1.44,0.0,2.44,0.0,58.28,3.44,663.71,0.0,3.29
256305265779463,376.3,28,8.87,275.1,92.33,271.2,185.35,280.86,0.0,0.0,0.0,0.0,0.0,0.0,1.57,0.0,2.74,0.0,23.19,3.54,673.22,0.0,3.11
256305271605095,510.89,28,7.93,397.72,105.24,394.19,180.53,402.69,0.0,0.0,0.0,0.0,0.0,0.0,1.71,0.0,2.84,0.0,9.12,3.42,675.91,0.0,2.96
256305277184020,797.8,28,6.37,778.43,13.0,660.89,181.51,782.65,0.0,0.0,0.0,0.0,0.0,0.0,1.37,0.0,2.36,0.0,9.15,3.53,675.92,0.0,2.15
256305283496488,878.65,28,8.2,764.93,105.52,647.77,185.97,770.49,0.0,0.0,0.0,0.0,0.0,0.0,1.26,0.0,2.29,0.0,20.8,3.48,655.6,0.0,2.64
256305290192203,821.39,28,10.99,801.7,8.7,744.58,180.43,810.66,0.0,0.0,0.0,0.0,0.0,0.0,1.85,0.0,2.83,0.0,14.74,9.54,674.05,0.0,2.03
256305296016102,1729.78,28,18.98,638.76,1072.04,518.19,170.17,655.8,0.0,0.0,0.0,0.0,0.0,0.0,14.15,0.0,15.23,0.0,8.46,3.53,654.96,0.0,1.94
256305303691477,827.81,28,18.53,796.95,12.33,658.47,186.65,812.98,0.0,0.0,0.0,0.0,0.0,0.0,7.38,0.0,8.49,0.0,22.16,8.41,663.38,0.0,2.5
256305310071500,255.84,28,6.86,238.47,10.51,234.7,178.61,242.97,0.0,0.0,0.0,0.0,0.0,0.0,1.82,0.0,2.87,0.0,9.05,3.39,682.12,0.0,2.23
256305315815144,408.16,28,9.57,310.27,88.32,307.39,186.94,316.57,0.0,0.0,0.0,0.0,0.0,0.0,1.62,0.0,2.6,0.0,34.07,3.71,660.61,0.0,3.27
256305321267112,236.23,28,8.11,217.56,10.57,213.86,174.43,222.37,0.0,0.0,0.0,0.0,0.0,0.0,1.5,0.0,2.74,0.0,7.7,3.34,660.23,0.0,3.29
256305327030058,732.9,28,24.85,697.18,10.87,641.13,185.56,707.78,0.0,0.0,0.0,0.0,0.0,0.0,1.58,0.0,2.63,0.0,19.44,9.44,655.47,0.0,14.24
256305333097845,319.05,28,6.73,302.2,10.13,297.48,171.13,306.46,0.0,0.0,0.0,0.0,0.0,0.0,1.46,0.0,2.48,0.0,8.2,3.45,663.34,0.0,2.14
256305338873922,346.32,28,9.14,234.85,102.33,232.28,182.54,241.01,0.0,0.0,0.0,0.0,0.0,0.0,1.48,0.0,2.49,0.0,10.07,5.05,677.55,0.0,2.98
256305344304208,717.29,28,8.06,699.2,10.03,692.14,188.84,704.19,0.0,0.0,0.0,0.0,0.0,0.0,1.28,0.0,2.37,0.0,8.09,3.8,677.94,0.0,3.07
256305350114050,341.18,28,6.72,325.29,9.16,320.72,173.39,330.26,0.0,0.0,0.0,0.0,0.0,0.0,1.67,0.0,2.62,0.0,8.84,3.63,659.09,0.0,1.75
256305356016087,868.41,28,7.87,849.25,11.3,736.1,179.67,854.56,0.0,0.0,0.0,0.0,0.0,0.0,1.57,0.0,2.61,0.0,8.73,3.69,664.57,0.0,2.56
256305363012866,813.52,28,6.49,795.4,11.63,658.43,181.92,799.2,0.0,0.0,0.0,0.0,0.0,0.0,1.39,0.0,2.36,0.0,8.15,3.49,696.63,0.0,2.62
256305370039104,814.18,28,8.45,792.49,13.24,675.68,188.29,798.24,0.0,0.0,0.0,0.0,0.0,0.0,1.53,0.0,2.79,0.0,13.04,3.5,688.56,0.0,2.71
256305377261498,945.35,28,26.31,825.66,93.38,663.01,178.47,833.44,0.0,0.0,0.0,0.0,0.0,0.0,2.1,0.0,3.23,0.0,15.42,5.98,657.6,0.0,18.52
256305384435566,634.21,28,7.61,525.71,100.89,522.46,180.91,530.78,0.0,0.0,0.0,0.0,0.0,0.0,1.79,0.0,2.83,0.0,11.79,3.62,681.14,0.0,2.53
256305390599680,408.21,28,6.9,302.76,98.55,293.21,173.06,307.55,0.0,0.0,0.0,0.0,0.0,0.0,1.79,0.0,2.81,0.0,9.03,3.47,668.05,0.0,2.11
256305397035821,319.48,28,7.17,303.4,8.91,299.65,174.07,308.34,0.0,0.0,0.0,0.0,0.0,0.0,1.57,0.0,2.58,0.0,8.53,3.5,672.53,0.0,2.22
256305403005628,795.85,28,8.63,775.34,11.88,663.09,191.23,781.21,0.0,0.0,0.0,0.0,0.0,0.0,1.45,0.0,2.66,0.0,17.45,3.6,686.39,0.0,2.76
256305409913321,931.44,28,8.47,819.74,103.23,708.35,186.76,825.45,0.0,0.0,0.0,0.0,0.0,0.0,1.57,0.0,2.81,0.0,20.64,3.49,655.01,0.0,2.77
256305416979824,856.26,28,9.83,810.58,35.86,689.86,187.06,817.41,0.0,0.0,0.0,0.0,0.0,0.0,1.45,0.0,2.81,0.0,18.67,7.23,696.6,0.0,3.0
256305423067743,332.73,28,7.38,314.64,10.71,311.48,173.12,319.69,0.0,0.0,0.0,0.0,0.0,0.0,1.41,0.0,2.6,0.0,8.31,3.41,662.57,0.0,2.34
256305428898584,877.13,28,11.26,766.47,99.41,660.8,175.22,775.02,0.0,0.0,0.0,0.0,0.0,0.0,1.38,0.0,5.32,0.0,21.55,3.54,676.97,0.0,2.62
256305435094234,784.17,28,10.26,761.71,12.2,654.01,182.13,769.65,0.0,0.0,0.0,0.0,0.0,0.0,1.66,0.0,2.64,0.0,11.36,6.52,677.25,0.0,2.32
256305441093992,787.71,28,7.94,767.96,11.8,658.35,175.93,774.23,0.0,0.0,0.0,0.0,0.0,0.0,1.48,0.0,2.55,0.0,12.24,4.56,648.27,0.0,1.67
256305447538492,584.51,28,7.71,567.65,9.15,563.58,173.31,572.96,0.0,0.0,0.0,0.0,0.0,0.0,1.53,0.0,2.53,0.0,12.06,3.5,651.19,0.0,2.39
256305453666735,467.0,28,22.41,346.99,97.6,356.27,199.99,366.21,0.0,0.0,0.0,0.0,0.0,0.0,2.0,0.0,3.0,0.0,23.81,17.82,669.65,0.0,3.19
256305459617073,499.46,28,69.39,336.53,93.54,394.85,232.32,403.22,0.0,0.0,0.0,0.0,0.0,0.0,1.53,0.0,2.53,0.0,82.17,66.68,648.52,0.0,2.64
256305465722224,902.71,28,7.05,802.36,93.3,681.11,175.35,807.05,0.0,0.0,0.0,0.0,0.0,0.0,1.62,0.0,2.74,0.0,11.88,3.48,657.85,0.0,2.3
256305472636673,243.32,28,8.32,224.29,10.7,222.51,175.45,229.69,0.0,0.0,0.0,0.0,0.0,0.0,1.59,0.0,2.7,0.0,10.34,3.44,660.5,0.0,2.93
256305478043851,257.61,28,8.04,240.54,9.04,237.09,177.02,246.28,0.0,0.0,0.0,0.0,0.0,0.0,1.75,0.0,2.93,0.0,13.52,3.52,671.15,0.0,2.29
256305483348284,690.21,28,61.49,618.39,10.33,668.1,162.8,677.12,0.0,0.0,0.0,0.0,0.0,0.0,7.95,0.0,57.8,0.0,10.91,3.42,657.59,0.0,2.77
256305489086654,313.54,28,13.04,291.44,9.06,293.02,175.37,302.07,0.0,0.0,0.0,0.0,0.0,0.0,1.83,0.0,9.57,0.0,14.8,3.58,667.06,0.0,2.4
256305494457211,621.6,28,66.91,545.51,9.17,600.86,183.07,609.55,0.0,0.0,0.0,0.0,0.0,0.0,58.15,0.0,59.33,0.0,15.86,6.06,659.76,0.0,2.88
256305500574978,958.05,28,11.23,846.58,100.24,758.63,176.97,855.01,0.0,0.0,0.0,0.0,0.0,0.0,1.49,0.0,2.7,0.0,17.75,6.37,629.47,0.0,2.81
256305507061967,330.25,28,7.51,312.97,9.77,309.17,181.6,318.04,0.0,0.0,0.0,0.0,0.0,0.0,1.33,0.0,2.42,0.0,11.64,3.47,676.12,0.0,2.44
256305512486972,321.73,28,8.52,304.0,9.21,300.87,173.8,310.01,0.0,0.0,0.0,0.0,0.0,0.0,1.61,0.0,2.96,0.0,21.31,3.51,654.6,0.0,2.5
256305517854944,368.59,28,8.16,350.48,9.95,348.15,178.96,356.13,0.0,0.0,0.0,0.0,0.0,0.0,1.55,0.0,2.74,0.0,19.39,3.92,652.22,0.0,2.52
256305523319765,694.63,28,8.0,676.04,10.59,654.67,178.81,681.12,0.0,0.0,0.0,0.0,0.0,0.0,1.46,0.0,2.43,0.0,9.91,3.53,657.31,0.0,2.92
256305529099480,786.28,28,8.43,766.95,10.9,661.39,187.55,773.27,0.0,0.0,0.0,0.0,0.0,0.0,1.79,0.0,2.88,0.0,15.22,3.45,678.88,0.0,2.1
256305535093313,818.75,28,7.98,800.41,10.35,684.64,175.62,806.24,0.0,0.0,0.0,0.0,0.0,0.0,1.77,0.0,2.91,0.0,24.22,3.49,639.72,0.0,2.15
256305541544833,880.68,28,6.71,770.22,103.75,677.48,180.29,775.44,0.0,0.0,0.0,0.0,0.0,0.0,1.42,0.0,2.4,0.0,10.7,3.85,678.91,0.0,1.49
256305547991233,945.0,28,10.74,914.46,19.8,805.17,186.45,923.32,0.0,0.0,0.0,0.0,0.0,0.0,1.52,0.0,2.84,0.0,17.5,8.04,680.78,0.0,1.89
256305555027205,783.74,28,7.8,765.28,10.65,659.45,209.22,770.49,0.0,0.0,0.0,0.0,0.0,0.0,1.46,0.0,2.5,0.0,51.36,3.44,664.53,0.0,2.55
256305561075988,266.12,28,13.72,243.16,9.24,245.0,179.75,255.16,0.0,0.0,0.0,0.0,0.0,0.0,1.9,0.0,3.08,0.0,18.41,11.16,662.05,0.0,1.72
256305566863040,413.52,28,9.6,308.56,95.37,304.68,179.16,314.55,0.0,0.0,0.0,0.0,0.0,0.0,1.71,0.0,2.83,0.0,19.54,4.87,657.68,0.0,3.47
256305573025626,274.68,28,7.13,258.09,9.46,253.86,176.21,262.16,0.0,0.0,0.0,0.0,0.0,0.0,1.43,0.0,2.49,0.0,8.65,3.46,676.88,0.0,3.06
256305578879664,343.81,28,9.83,246.95,87.03,245.16,178.69,253.67,0.0,0.0,0.0,0.0,0.0,0.0,1.45,0.0,2.46,0.0,13.94,4.97,668.17,0.0,3.12
256305584302047,759.82,28,33.49,715.57,10.75,668.25,186.99,746.42,0.0,0.0,0.0,0.0,0.0,0.0,1.63,0.0,2.78,0.0,35.11,29.79,676.87,0.0,2.64
256305590897301,312.78,28,6.67,297.43,8.68,292.9,178.96,301.91,0.0,0.0,0.0,0.0,0.0,0.0,1.33,0.0,2.32,0.0,9.87,3.49,664.64,0.0,2.19
256305596828444,452.05,28,8.84,346.6,96.61,343.65,172.37,352.55,0.0,0.0,0.0,0.0,0.0,0.0,1.48,0.0,2.54,0.0,9.85,4.83,640.47,0.0,2.88
256305602812932,398.38,28,7.94,298.5,91.94,215.51,179.32,303.56,0.0,0.0,0.0,0.0,0.0,0.0,1.28,0.0,2.38,0.0,10.87,3.47,667.62,0.0,2.88
256305608711810,431.96,28,26.12,316.51,89.33,310.42,192.39,323.15,0.0,0.0,0.0,0.0,0.0,0.0,1.69,0.0,2.73,0.0,17.91,4.24,657.79,0.0,19.15
256305614753781,400.37,28,7.54,301.72,91.12,297.72,169.21,306.52,0.0,0.0,0.0,0.0,0.0,0.0,1.43,0.0,2.65,0.0,8.51,3.64,658.89,0.0,2.73
256305620654934,485.1,28,8.08,382.53,94.49,379.22,173.16,387.68,0.0,0.0,0.0,0.0,0.0,0.0,1.51,0.0,2.49,0.0,10.03,3.92,626.85,0.0,2.93
256305626670683,867.76,28,8.34,765.95,93.47,652.85,183.94,771.44,0.0,0.0,0.0,0.0,0.0,0.0,1.54,0.0,2.55,0.0,16.55,3.59,686.05,0.0,2.85
256305633595428,895.22,28,78.18,728.26,88.78,687.11,236.25,804.75,0.0,0.0,0.0,0.0,0.0,0.0,1.45,0.0,2.5,0.0,83.4,76.06,669.84,0.0,1.52
256305640060008,271.88,28,7.79,254.91,9.19,252.58,177.99,260.31,0.0,0.0,0.0,0.0,0.0,0.0,1.77,0.0,2.71,0.0,10.65,3.53,677.14,0.0,2.39
256305645841607,921.85,28,8.84,808.79,104.21,687.23,181.35,814.07,0.0,0.0,0.0,0.0,0.0,0.0,1.44,0.0,2.62,0.0,18.08,3.56,657.47,0.0,3.39
256305652494990,608.83,28,6.62,507.45,94.76,502.74,176.83,511.91,0.0,0.0,0.0,0.0,0.0,0.0,1.46,0.0,2.48,0.0,8.57,3.59,674.25,0.0,2.16
256305658621856,535.51,28,68.32,374.85,92.35,431.5,190.2,440.46,0.0,0.0,0.0,0.0,0.0,0.0,4.88,0.0,62.18,0.0,11.78,6.22,667.27,0.0,2.71
256305664735665,459.32,28,11.11,291.58,156.63,290.7,178.69,299.31,0.0,0.0,0.0,0.0,0.0,0.0,1.77,0.0,2.9,0.0,23.95,6.28,647.63,0.0,3.38
256305670241145,235.34,28,7.78,218.93,8.63,216.11,178.29,224.38,0.0,0.0,0.0,0.0,0.0,0.0,1.69,0.0,2.81,0.0,10.73,3.55,682.13,0.0,2.32
256305676010756,786.27,28,9.41,767.11,9.74,647.58,173.14,773.94,0.0,0.0,0.0,0.0,0.0,0.0,1.66,0.0,2.81,0.0,11.13,5.17,661.08,0.0,2.58
256305682413865,662.07,28,7.62,562.98,91.47,560.04,180.5,568.97,0.0,0.0,0.0,0.0,0.0,0.0,1.68,0.0,2.64,0.0,10.09,3.55,658.95,0.0,1.63
256305688621115,535.25,28,6.82,446.01,82.42,442.34,172.73,450.71,0.0,0.0,0.0,0.0,0.0,0.0,1.45,0.0,2.43,0.0,10.11,3.48,661.86,0.0,2.12
256305694679494,449.99,28,8.06,343.55,98.37,340.44,196.21,348.99,0.0,0.0,0.0,0.0,0.0,0.0,1.62,0.0,2.57,0.0,24.86,3.94,671.8,0.0,2.63
256305700623209,529.97,28,7.71,420.08,102.17,416.09,180.26,424.95,0.0,0.0,0.0,0.0,0.0,0.0,1.36,0.0,2.37,0.0,12.21,3.51,669.18,0.0,2.85
256305706777441,437.62,28,29.27,326.54,81.81,318.8,184.3,332.05,0.0,0.0,0.0,0.0,0.0,0.0,1.65,0.0,2.67,0.0,14.86,3.56,644.4,0.0,23.09
256305712262672,311.15,28,7.32,293.62,10.22,290.07,176.01,298.36,0.0,0.0,0.0,0.0,0.0,0.0,1.62,0.0,2.64,0.0,19.44,3.44,663.49,0.0,2.58
256305718080615,893.28,28,9.2,793.72,90.36,676.6,177.35,800.03,0.0,0.0,0.0,0.0,0.0,0.0,1.43,0.0,2.44,0.0,12.92,4.14,643.4,0.0,2.9
256305726026342,846.23,28,8.33,822.35,15.54,670.39,177.98,827.8,0.0,0.0,0.0,0.0,0.0,0.0,1.55,0.0,2.72,0.0,16.84,3.49,665.97,0.0,2.88
256305732097040,335.57,28,5.41,320.94,9.22,315.64,177.99,324.86,0.0,0.0,0.0,0.0,0.0,0.0,1.5,0.0,2.62,0.0,9.18,3.61,680.12,0.0,1.49
256305738048896,804.49,28,7.91,784.71,11.87,649.95,224.79,790.02,0.0,0.0,0.0,0.0,0.0,0.0,1.37,0.0,2.49,0.0,60.41,3.5,652.27,0.0,2.59
256305744104846,797.74,28,7.62,778.76,11.37,674.25,182.96,784.16,0.0,0.0,0.0,0.0,0.0,0.0,1.57,0.0,2.77,0.0,9.32,3.52,659.27,0.0,2.21
256305750157126,244.05,28,8.31,226.08,9.66,222.08,178.72,231.7,0.0,0.0,0.0,0.0,0.0,0.0,1.64,0.0,2.58,0.0,15.42,3.54,676.61,0.0,2.69
256305755969764,973.75,28,11.66,910.23,51.86,779.48,193.1,919.99,0.0,0.0,0.0,0.0,0.0,0.0,1.61,0.0,2.91,0.0,18.56,9.39,665.58,0.0,1.9
256305762958494,245.56,28,7.66,228.48,9.42,225.68,211.06,233.45,0.0,0.0,0.0,0.0,0.0,0.0,1.38,0.0,2.41,0.0,47.98,3.7,670.41,0.0,2.69
256305768272044,742.36,28,6.66,726.37,9.33,679.09,181.45,730.81,0.0,0.0,0.0,0.0,0.0,0.0,1.45,0.0,2.38,0.0,8.59,3.52,668.56,0.0,2.21
256305774529509,1021.36,28,7.23,915.14,98.99,667.34,177.68,920.32,0.0,0.0,0.0,0.0,0.0,0.0,1.92,0.0,2.88,0.0,10.3,4.59,672.61,0.0,2.04
256305781020254,308.63,28,6.7,293.3,8.64,290.73,171.29,298.48,0.0,0.0,0.0,0.0,0.0,0.0,1.81,0.0,2.98,0.0,9.46,3.44,664.64,0.0,1.52
256305786960311,850.57,28,8.57,787.09,54.92,671.42,176.91,792.81,0.0,0.0,0.0,0.0,0.0,0.0,1.61,0.0,2.85,0.0,14.48,3.52,667.15,0.0,2.84
256305793542629,902.3,28,8.43,795.82,98.06,686.47,176.11,801.85,0.0,0.0,0.0,0.0,0.0,0.0,2.17,0.0,3.25,0.0,17.14,3.53,641.76,0.0,2.4
256305800777796,425.8,28,7.78,331.25,86.78,328.09,175.28,336.26,0.0,0.0,0.0,0.0,0.0,0.0,1.46,0.0,2.48,0.0,12.14,3.47,656.12,0.0,2.76
256305806654724,468.21,28,7.47,380.05,80.68,376.01,178.0,384.67,0.0,0.0,0.0,0.0,0.0,0.0,1.58,0.0,2.85,0.0,10.07,3.49,672.97,0.0,2.74
256305812762496,442.4,28,9.17,343.45,89.78,341.14,177.05,349.33,0.0,0.0,0.0,0.0,0.0,0.0,1.53,0.0,2.55,0.0,9.85,5.19,676.84,0.0,3.29
256305818779844,378.36,28,7.72,277.92,92.72,273.42,177.33,282.59,0.0,0.0,0.0,0.0,0.0,0.0,1.41,0.0,2.38,0.0,9.74,3.66,675.39,0.0,3.05
256305824688847,418.31,28,8.8,322.26,87.24,229.15,172.05,327.95,0.0,0.0,0.0,0.0,0.0,0.0,1.54,0.0,2.78,0.0,17.44,3.52,654.09,0.0,3.11
256305831030540,805.57,28,7.47,780.21,17.89,651.63,179.66,785.73,0.0,0.0,0.0,0.0,0.0,0.0,1.66,0.0,2.77,0.0,13.68,4.28,648.33,0.0,1.95
256305837089485,314.94,28,8.45,296.89,9.6,295.74,182.09,303.19,0.0,0.0,0.0,0.0,0.0,0.0,1.63,0.0,3.09,0.0,18.61,3.52,673.11,0.0,2.15
256305842902955,402.78,28,12.19,294.83,95.76,292.76,178.38,300.28,0.0,0.0,0.0,0.0,0.0,0.0,1.53,0.0,2.82,0.0,12.04,3.52,671.72,0.0,6.72
256305848361480,674.49,28,6.92,657.01,10.57,653.54,177.53,661.71,0.0,0.0,0.0,0.0,0.0,0.0,1.53,0.0,2.5,0.0,8.52,3.46,655.32,0.0,2.21
256305854609654,883.53,28,7.24,773.19,103.11,672.8,176.15,778.64,0.0,0.0,0.0,0.0,0.0,0.0,1.74,0.0,2.72,0.0,13.3,3.76,674.74,0.0,1.79
256305861083079,258.25,28,6.31,241.3,10.64,236.37,171.74,246.13,0.0,0.0,0.0,0.0,0.0,0.0,1.57,0.0,2.54,0.0,9.71,3.51,658.86,0.0,1.48
256305866792683,413.35,28,9.55,316.31,87.49,313.7,213.46,322.68,0.0,0.0,0.0,0.0,0.0,0.0,1.48,0.0,2.41,0.0,53.25,4.68,664.03,0.0,3.18
256305872715650,467.84,28,7.06,365.74,95.04,361.43,183.24,369.97,0.0,0.0,0.0,0.0,0.0,0.0,1.15,0.0,2.19,0.0,9.64,3.53,694.16,0.0,2.83
256305878274038,741.34,28,22.92,708.5,9.92,676.45,201.38,714.09,0.0,0.0,0.0,0.0,0.0,0.0,1.97,0.0,2.92,0.0,18.1,3.83,715.1,0.0,16.96
256305884628437,522.31,28,7.48,430.63,84.2,426.4,190.32,435.26,0.0,0.0,0.0,0.0,0.0,0.0,1.48,0.0,2.43,0.0,8.29,3.43,669.82,0.0,2.84
256305890821956,407.76,28,7.29,306.83,93.64,299.65,174.57,311.0,0.0,0.0,0.0,0.0,0.0,0.0,1.39,0.0,2.31,0.0,9.19,3.46,659.03,0.0,3.12
256305896821421,410.79,28,7.97,309.26,93.56,306.12,182.85,314.28,0.0,0.0,0.0,0.0,0.0,0.0,1.34,0.0,2.31,0.0,9.29,3.52,666.31,0.0,2.96
256305902283126,775.77,28,7.51,757.74,10.52,673.89,178.62,762.78,0.0,0.0,0.0,0.0,0.0,0.0,1.35,0.0,2.33,0.0,10.42,3.66,673.62,0.0,2.46
256305909044610,324.79,28,7.05,308.48,9.25,305.26,176.17,313.06,0.0,0.0,0.0,0.0,0.0,0.0,1.66,0.0,2.67,0.0,9.35,3.6,670.26,0.0,2.47
256305915206201,852.45,28,8.22,743.08,101.15,688.89,188.34,748.29,0.0,0.0,0.0,0.0,0.0,0.0,1.49,0.0,2.5,0.0,19.39,3.62,666.71,0.0,3.01
256305922037307,328.96,28,7.63,312.72,8.61,310.1,180.03,318.6,0.0,0.0,0.0,0.0,0.0,0.0,1.81,0.0,2.94,0.0,13.45,3.57,671.81,0.0,1.75
256305927900101,884.88,28,77.46,694.66,112.76,649.82,244.82,769.19,0.0,0.0,0.0,0.0,0.0,0.0,1.57,0.0,2.65,0.0,84.37,75.36,674.35,0.0,2.93
256305934589050,516.99,28,7.12,427.04,82.83,421.06,171.41,432.16,0.0,0.0,0.0,0.0,0.0,0.0,1.82,0.0,2.79,0.0,9.01,3.56,658.54,0.0,2.0
256305940202735,805.73,28,7.9,788.45,9.38,673.27,202.95,793.38,0.0,0.0,0.0,0.0,0.0,0.0,1.43,0.0,2.38,0.0,19.37,4.29,673.01,0.0,2.97
256305946872181,335.25,28,7.93,317.33,9.99,313.72,175.48,322.11,0.0,0.0,0.0,0.0,0.0,0.0,1.68,0.0,2.74,0.0,7.97,3.57,670.04,0.0,3.16
256305952810561,910.57,28,8.14,806.18,96.25,697.31,174.36,811.69,0.0,0.0,0.0,0.0,0.0,0.0,1.75,0.0,2.85,0.0,12.93,3.56,633.73,0.0,2.63
256305960164426,848.51,28,9.11,739.42,99.97,693.1,187.12,745.62,0.0,0.0,0.0,0.0,0.0,0.0,1.68,0.0,2.69,0.0,15.18,3.5,647.75,0.0,2.91
256305966948800,326.96,28,10.85,307.62,8.49,306.62,182.1,315.78,0.0,0.0,0.0,0.0,0.0,0.0,1.58,0.0,2.59,0.0,15.15,6.33,672.95,0.0,2.63
256305972820208,904.02,28,9.28,796.86,97.88,684.9,169.92,802.7,0.0,0.0,0.0,0.0,0.0,0.0,1.61,0.0,2.59,0.0,13.29,5.23,657.36,0.0,3.17
256305979092346,311.09,28,7.38,295.4,8.31,291.96,193.51,300.83,0.0,0.0,0.0,0.0,0.0,0.0,1.61,0.0,2.6,0.0,34.48,3.6,668.12,0.0,1.95
256305984922543,988.94,28,7.53,886.57,94.85,657.35,180.35,891.8,0.0,0.0,0.0,0.0,0.0,0.0,1.53,0.0,3.16,0.0,8.74,3.47,683.79,0.0,2.3
256305991623327,499.6,28,6.62,389.6,103.38,385.92,180.38,394.71,0.0,0.0,0.0,0.0,0.0,0.0,1.68,0.0,2.68,0.0,13.15,3.54,668.17,0.0,1.51
256305997237793,290.37,28,7.18,273.52,9.67,269.83,187.26,278.6,0.0,0.0,0.0,0.0,0.0,0.0,1.47,0.0,2.72,0.0,19.86,3.56,666.38,0.0,2.1
256306003029738,808.65,28,7.32,790.0,11.33,669.4,181.75,794.69,0.0,0.0,0.0,0.0,0.0,0.0,1.46,0.0,2.44,0.0,8.77,3.46,675.26,0.0,2.64
256306009083993,316.34,28,7.03,299.97,9.33,296.24,174.6,305.6,0.0,0.0,0.0,0.0,0.0,0.0,1.44,0.0,2.59,0.0,10.7,3.52,661.38,0.0,1.4
256306014529942,551.72,28,72.73,468.92,10.07,530.25,120.79,539.15,0.0,0.0,0.0,0.0,0.0,0.0,1.69,0.0,70.2,0.0,16.03,3.71,652.34,0.0,2.5
256306020667248,464.83,28,74.43,305.73,84.66,366.97,189.16,377.13,0.0,0.0,0.0,0.0,0.0,0.0,67.63,0.0,68.72,0.0,16.92,3.6,689.23,0.0,3.04
256306026800249,359.16,28,7.12,262.51,89.53,256.35,175.42,266.89,0.0,0.0,0.0,0.0,0.0,0.0,1.49,0.0,2.48,0.0,9.98,3.58,666.84,0.0,2.74
256306032725011,459.98,28,8.69,364.56,86.73,360.52,185.58,370.11,0.0,0.0,0.0,0.0,0.0,0.0,1.72,0.0,2.67,0.0,13.79,3.71,674.24,0.0,3.14
256306038697543,398.75,28,8.37,300.64,89.74,294.34,176.39,306.17,0.0,0.0,0.0,0.0,0.0,0.0,1.75,0.0,2.7,0.0,13.12,3.66,673.39,0.0,2.85
256306044233508,776.71,28,8.69,758.53,9.5,648.08,179.66,763.79,0.0,0.0,0.0,0.0,0.0,0.0,1.41,0.0,2.4,0.0,12.85,3.59,678.79,0.0,3.43
256306050560051,568.92,28,6.01,474.27,88.65,470.75,178.87,478.78,0.0,0.0,0.0,0.0,0.0,0.0,1.75,0.0,2.69,0.0,10.46,3.47,675.31,0.0,1.5
256306056832061,334.51,28,8.1,236.31,90.11,232.51,179.57,241.85,0.0,0.0,0.0,0.0,0.0,0.0,1.39,0.0,2.38,0.0,11.04,4.28,669.13,0.0,2.55
256306062859539,411.91,28,6.65,316.28,88.98,311.58,171.47,320.44,0.0,0.0,0.0,0.0,0.0,0.0,1.29,0.0,2.22,0.0,8.26,3.44,649.0,0.0,2.39
256306068898169,399.14,28,8.51,302.39,88.25,298.6,182.19,308.17,0.0,0.0,0.0,0.0,0.0,0.0,1.41,0.0,2.38,0.0,18.3,3.82,657.25,0.0,2.73
256306075005315,829.7,28,10.11,807.85,11.74,685.75,177.12,815.72,0.0,0.0,0.0,0.0,0.0,0.0,1.56,0.0,2.76,0.0,26.65,5.11,640.49,0.0,2.24
256306081535676,561.69,28,6.04,469.12,86.54,462.74,182.72,473.9,0.0,0.0,0.0,0.0,0.0,0.0,1.14,0.0,2.25,0.0,8.62,3.53,681.25,0.0,1.25
256306087215694,795.68,28,9.7,777.0,8.98,699.51,233.35,784.25,0.0,0.0,0.0,0.0,0.0,0.0,1.44,0.0,2.89,0.0,74.43,5.34,663.72,0.0,2.45
256306093591720,904.5,28,6.79,810.19,87.52,689.24,177.68,815.35,0.0,0.0,0.0,0.0,0.0,0.0,1.39,0.0,2.52,0.0,8.89,3.65,678.15,0.0,1.63
256306100542245,853.8,28,7.54,759.36,86.89,646.63,175.84,765.22,0.0,0.0,0.0,0.0,0.0,0.0,1.46,0.0,2.68,0.0,12.55,4.85,651.95,0.0,1.68
256306107095473,241.76,28,7.64,224.82,9.31,220.96,175.2,230.35,0.0,0.0,0.0,0.0,0.0,0.0,1.48,0.0,2.55,0.0,11.12,3.7,661.31,0.0,2.1
256306112844907,1025.36,28,86.63,830.68,108.05,691.69,182.43,837.54,0.0,0.0,0.0,0.0,0.0,0.0,2.06,0.0,3.39,0.0,13.47,4.24,680.47,0.0,79.53
256306119744714,399.03,28,6.62,383.39,9.02,378.0,191.7,387.53,0.0,0.0,0.0,0.0,0.0,0.0,1.45,0.0,2.42,0.0,8.83,3.54,693.88,0.0,2.35
256306125797635,366.2,28,7.89,267.91,90.4,263.58,176.39,272.97,0.0,0.0,0.0,0.0,0.0,0.0,1.49,0.0,2.45,0.0,9.62,3.67,654.21,0.0,2.83
256306131345235,673.99,28,8.26,656.25,9.48,653.65,183.78,661.93,0.0,0.0,0.0,0.0,0.0,0.0,1.44,0.0,2.42,0.0,9.78,3.72,674.06,0.0,2.58
256306137522256,567.58,28,6.75,471.6,89.22,466.46,178.06,476.21,0.0,0.0,0.0,0.0,0.0,0.0,1.31,0.0,2.26,0.0,8.63,3.48,677.94,0.0,2.15
256306143690254,848.23,28,6.44,324.75,517.04,230.59,170.33,329.59,0.0,0.0,0.0,0.0,0.0,0.0,1.35,0.0,2.4,0.0,19.08,3.64,649.31,0.0,1.6
256306150464820,844.63,28,6.38,742.53,95.72,677.43,195.82,747.01,0.0,0.0,0.0,0.0,0.0,0.0,1.57,0.0,2.54,0.0,12.14,3.46,659.39,0.0,1.89
256306157072663,242.5,28,5.92,227.88,8.69,223.92,176.06,232.55,0.0,0.0,0.0,0.0,0.0,0.0,1.7,0.0,2.71,0.0,8.91,3.65,672.42,0.0,1.25
256306162878718,412.36,28,7.46,305.55,99.35,301.57,201.31,310.11,0.0,0.0,0.0,0.0,0.0,0.0,1.26,0.0,2.19,0.0,19.47,3.4,660.6,0.0,2.9
256306168883607,963.86,28,8.6,861.95,93.31,778.26,261.45,867.44,0.0,0.0,0.0,0.0,0.0,0.0,1.36,0.0,2.36,0.0,104.07,4.01,679.88,0.0,3.04
256306175613141,918.22,28,7.19,819.93,91.1,702.61,174.95,825.04,0.0,0.0,0.0,0.0,0.0,0.0,1.73,0.0,2.76,0.0,9.91,3.88,652.67,0.0,2.09
256306182079584,813.2,28,54.01,745.88,13.3,653.47,164.5,797.75,0.0,0.0,0.0,0.0,0.0,0.0,3.56,0.0,50.83,0.0,12.84,5.38,673.2,0.0,2.14
256306188082974,787.93,28,47.42,727.37,13.14,649.56,183.26,773.25,0.0,0.0,0.0,0.0,0.0,0.0,6.67,0.0,42.89,0.0,16.66,4.96,663.96,0.0,1.53
256306194105851,308.82,28,7.21,292.5,9.11,286.69,176.55,297.8,0.0,0.0,0.0,0.0,0.0,0.0,1.69,0.0,2.77,0.0,12.0,3.45,653.07,0.0,1.91
256306199512196,309.17,28,7.47,292.28,9.42,289.78,184.32,297.76,0.0,0.0,0.0,0.0,0.0,0.0,1.89,0.0,3.0,0.0,19.68,3.67,672.79,0.0,1.99
256306205054063,788.68,28,8.38,768.48,11.82,661.92,181.46,774.84,0.0,0.0,0.0,0.0,0.0,0.0,2.01,0.0,3.37,0.0,10.06,3.45,675.1,0.0,2.02
256306211568549,566.51,28,8.46,443.56,114.49,440.67,180.57,448.75,0.0,0.0,0.0,0.0,0.0,0.0,1.4,0.0,2.51,0.0,14.76,3.54,663.52,0.0,3.27
256306218031882,259.95,28,7.19,244.12,8.64,238.58,171.38,249.06,0.0,0.0,0.0,0.0,0.0,0.0,1.67,0.0,2.74,0.0,8.29,3.43,673.61,0.0,2.26
256306223431686,816.47,28,9.61,792.45,14.42,662.07,233.91,798.86,0.0,0.0,0.0,0.0,0.0,0.0,2.6,0.0,3.68,0.0,59.32,4.12,721.35,0.0,3.19
256306230549008,1078.21,28,6.57,975.56,96.08,833.21,185.18,980.71,0.0,0.0,0.0,0.0,0.0,0.0,1.4,0.0,2.39,0.0,12.94,3.51,671.89,0.0,1.42
256306237564119,588.9,28,7.82,498.93,82.15,495.86,185.31,504.77,0.0,0.0,0.0,0.0,0.0,0.0,1.31,0.0,2.29,0.0,12.51,6.38,673.59,0.0,1.98
256306244007993,244.18,28,7.37,227.06,9.74,222.43,175.9,231.97,0.0,0.0,0.0,0.0,0.0,0.0,1.71,0.0,2.71,0.0,8.05,3.45,672.07,0.0,2.46
256306249807467,354.7,28,8.49,254.0,92.21,251.33,180.37,260.16,0.0,0.0,0.0,0.0,0.0,0.0,1.64,0.0,2.67,0.0,13.96,4.48,675.65,0.0,2.33
256306256010913,792.73,28,7.61,774.0,11.12,661.85,184.88,779.26,0.0,0.0,0.0,0.0,0.0,0.0,1.47,0.0,2.5,0.0,12.83,3.54,678.56,0.0,2.35
256306262679092,898.79,28,9.03,783.34,106.42,674.41,178.66,789.47,0.0,0.0,0.0,0.0,0.0,0.0,1.48,0.0,2.6,0.0,12.4,3.93,644.38,0.0,2.9
256306269610826,519.37,28,6.34,419.06,93.98,415.82,174.44,423.7,0.0,0.0,0.0,0.0,0.0,0.0,1.36,0.0,2.33,0.0,8.48,3.43,662.5,0.0,1.69
256306275805512,869.86,28,10.91,768.76,90.2,657.68,186.08,776.71,0.0,0.0,0.0,0.0,0.0,0.0,3.22,0.0,4.19,0.0,19.89,3.76,672.25,0.0,2.96
256306282516625,597.48,28,7.59,580.69,9.2,578.74,174.38,585.98,0.0,0.0,0.0,0.0,0.0,0.0,1.47,0.0,2.47,0.0,14.09,3.54,647.87,0.0,2.29
256306288616386,504.2,28,9.82,398.6,95.78,397.24,172.53,405.44,0.0,0.0,0.0,0.0,0.0,0.0,1.55,0.0,2.61,0.0,16.91,4.24,648.88,0.0,2.97
256306294677481,485.89,28,7.7,387.07,91.11,383.71,183.02,392.12,0.0,0.0,0.0,0.0,0.0,0.0,1.31,0.0,2.42,0.0,14.26,3.61,674.89,0.0,2.66
256306300275113,331.49,28,6.72,315.53,9.24,311.55,172.15,320.61,0.0,0.0,0.0,0.0,0.0,0.0,1.51,0.0,2.48,0.0,9.66,3.57,669.75,0.0,1.64
256306305723720,787.56,28,8.54,764.52,14.5,658.64,169.72,769.59,0.0,0.0,0.0,0.0,0.0,0.0,1.62,0.0,2.75,0.0,9.31,3.46,643.21,0.0,3.47
256306312121405,265.55,28,7.58,248.01,9.96,236.11,179.36,253.59,0.0,0.0,0.0,0.0,0.0,0.0,1.74,0.0,2.82,0.0,20.01,3.47,656.64,0.0,2.0
256306318007667,786.39,28,8.41,766.73,11.25,655.2,178.48,772.93,0.0,0.0,0.0,0.0,0.0,0.0,1.64,0.0,2.68,0.0,12.0,3.52,658.29,0.0,2.21
256306324105280,313.11,28,7.74,296.47,8.9,293.58,176.75,301.72,0.0,0.0,0.0,0.0,0.0,0.0,1.59,0.0,2.62,0.0,10.27,3.49,660.47,0.0,2.49
256306330015033,325.39,28,16.18,298.91,10.3,304.31,181.43,312.49,0.0,0.0,0.0,0.0,0.0,0.0,1.4,0.0,2.44,0.0,18.91,12.99,667.0,0.0,2.6
256306335510728,577.03,28,7.45,560.28,9.3,555.51,181.39,564.87,0.0,0.0,0.0,0.0,0.0,0.0,1.45,0.0,2.5,0.0,10.44,3.41,675.45,0.0,2.86
256306341628762,500.83,28,7.78,398.91,94.14,394.43,187.16,403.91,0.0,0.0,0.0,0.0,0.0,0.0,1.7,0.0,2.76,0.0,11.53,3.87,657.29,0.0,2.77
256306347713716,864.37,28,8.62,768.74,87.0,658.25,187.27,774.37,0.0,0.0,0.0,0.0,0.0,0.0,1.59,0.0,2.75,0.0,24.01,3.58,650.47,0.0,3.0
256306354094445,265.05,28,14.52,241.22,9.31,245.24,169.69,253.39,0.0,0.0,0.0,0.0,0.0,0.0,1.55,0.0,11.16,0.0,18.15,3.74,653.61,0.0,2.35
256306359902247,345.72,28,39.75,230.79,75.18,232.42,181.02,253.08,0.0,0.0,0.0,0.0,0.0,0.0,18.68,0.0,19.9,0.0,11.21,3.45,661.92,0.0,17.31
256306365779253,491.75,28,159.44,247.17,85.14,267.36,179.19,403.67,0.0,0.0,0.0,0.0,0.0,0.0,1.81,0.0,153.96,0.0,9.33,3.45,662.98,0.0,2.94
256306371868160,439.93,28,9.59,336.47,93.88,333.85,168.53,343.13,0.0,0.0,0.0,0.0,0.0,0.0,1.4,0.0,2.7,0.0,12.64,6.24,646.94,0.0,2.92
256306377996452,832.75,28,25.76,783.0,23.99,675.19,188.01,788.85,0.0,0.0,0.0,0.0,0.0,0.0,1.5,0.0,2.62,0.0,14.16,3.57,661.13,0.0,19.57
256306385026959,908.62,28,22.03,875.17,11.42,754.17,180.92,880.2,0.0,0.0,0.0,0.0,0.0,0.0,1.8,0.0,2.9,0.0,18.23,3.5,656.02,0.0,16.4
256306391598886,850.98,28,7.37,727.19,116.43,654.99,179.96,732.02,0.0,0.0,0.0,0.0,0.0,0.0,1.39,0.0,2.36,0.0,8.68,3.46,680.52,0.0,2.54
256306398084458,801.29,28,6.69,783.93,10.67,674.2,177.55,789.04,0.0,0.0,0.0,0.0,0.0,0.0,3.0,0.0,4.01,0.0,10.31,3.39,647.95,0.0,1.58
256306404657189,880.12,28,8.16,767.5,104.46,662.54,188.71,772.79,0.0,0.0,0.0,0.0,0.0,0.0,1.72,0.0,2.94,0.0,12.62,3.46,660.14,0.0,2.86
256306411639503,481.73,28,6.01,389.3,86.41,383.96,172.11,394.21,0.0,0.0,0.0,0.0,0.0,0.0,1.56,0.0,2.5,0.0,8.37,3.63,655.92,0.0,1.1
256306417711847,431.12,28,8.01,322.97,100.14,319.21,193.38,328.06,0.0,0.0,0.0,0.0,0.0,0.0,1.54,0.0,2.52,0.0,9.31,3.72,681.57,0.0,2.93
256306423744718,408.81,28,8.0,308.46,92.36,305.09,175.89,313.37,0.0,0.0,0.0,0.0,0.0,0.0,1.53,0.0,2.58,0.0,8.52,3.49,682.16,0.0,3.08
256306429308200,760.16,28,7.12,742.2,10.84,659.32,175.69,747.24,0.0,0.0,0.0,0.0,0.0,0.0,1.5,0.0,2.5,0.0,12.17,3.52,646.53,0.0,2.09
256306435991650,771.0,28,9.37,750.05,11.58,647.37,176.57,755.38,0.0,0.0,0.0,0.0,0.0,0.0,1.97,0.0,3.71,0.0,13.89,3.75,663.62,0.0,4.04
256306442675342,440.81,28,7.89,423.08,9.84,420.13,178.86,428.36,0.0,0.0,0.0,0.0,0.0,0.0,1.54,0.0,2.55,0.0,14.4,3.91,649.53,0.0,2.62
256306448733529,456.12,28,7.42,357.69,91.01,353.72,185.97,362.62,0.0,0.0,0.0,0.0,0.0,0.0,1.45,0.0,2.62,0.0,11.82,3.62,664.87,0.0,2.49
256306454822614,411.84,28,7.93,312.58,91.33,309.47,175.14,317.33,0.0,0.0,0.0,0.0,0.0,0.0,1.35,0.0,2.3,0.0,10.17,3.53,661.03,0.0,3.19
256306460808955,399.75,28,77.86,234.13,87.76,301.08,253.67,309.13,0.0,0.0,0.0,0.0,0.0,0.0,1.57,0.0,2.49,0.0,79.91,73.72,672.17,0.0,2.86
256306466352457,675.77,28,7.58,658.82,9.36,655.37,176.84,663.83,0.0,0.0,0.0,0.0,0.0,0.0,1.46,0.0,2.42,0.0,11.31,3.49,657.94,0.0,2.58
256306472594111,524.61,28,7.47,411.23,105.91,407.74,198.63,416.04,0.0,0.0,0.0,0.0,0.0,0.0,1.5,0.0,2.52,0.0,19.26,3.43,688.67,0.0,2.66
256306478785784,891.15,28,7.89,786.34,96.92,679.88,171.71,791.13,0.0,0.0,0.0,0.0,0.0,0.0,1.45,0.0,2.65,0.0,9.02,3.47,648.75,0.0,3.09
256306485632745,894.57,28,7.11,788.77,98.7,687.37,174.1,794.15,0.0,0.0,0.0,0.0,0.0,0.0,1.51,0.0,2.5,0.0,8.92,3.52,638.67,0.0,1.73
256306492563665,548.27,28,6.6,447.71,93.96,443.85,192.65,452.94,0.0,0.0,0.0,0.0,0.0,0.0,1.93,0.0,3.03,0.0,8.86,3.6,685.49,0.0,1.37
256306498819298,856.86,28,8.21,751.61,97.04,647.66,181.53,757.03,0.0,0.0,0.0,0.0,0.0,0.0,1.89,0.0,3.02,0.0,12.46,3.43,664.98,0.0,2.79
256306505651057,507.68,28,6.91,409.81,90.96,406.85,184.8,414.68,0.0,0.0,0.0,0.0,0.0,0.0,1.52,0.0,2.6,0.0,9.16,3.51,697.08,0.0,2.04
256306511728135,476.56,28,8.01,372.07,96.47,367.91,182.27,376.68,0.0,0.0,0.0,0.0,0.0,0.0,1.46,0.0,2.62,0.0,9.3,3.52,682.48,0.0,3.4
256306517832782,400.44,28,7.86,303.53,89.05,300.96,179.78,308.38,0.0,0.0,0.0,0.0,0.0,0.0,1.44,0.0,2.54,0.0,93.34,3.46,583.17,0.0,3.01
256306523787976,431.62,28,8.26,329.66,93.7,326.12,181.2,334.98,0.0,0.0,0.0,0.0,0.0,0.0,1.54,0.0,2.54,0.0,9.93,3.53,651.37,0.0,2.94
256306529973687,922.37,28,8.66,838.43,75.28,699.93,226.84,844.13,0.0,0.0,0.0,0.0,0.0,0.0,1.38,0.0,2.5,0.0,65.9,3.6,664.57,0.0,2.96
256306536520855,597.63,28,6.19,493.28,98.17,489.49,185.61,497.78,0.0,0.0,0.0,0.0,0.0,0.0,1.5,0.0,2.46,0.0,8.28,3.45,668.74,0.0,1.67
256306542679091,474.84,28,9.18,386.25,79.41,383.39,174.23,392.17,0.0,0.0,0.0,0.0,0.0,0.0,1.41,0.0,2.5,0.0,13.34,3.53,642.1,0.0,3.26
256306548731919,486.69,28,8.93,395.63,82.13,393.57,192.74,402.23,0.0,0.0,0.0,0.0,0.0,0.0,1.43,0.0,2.38,0.0,11.3,5.26,695.55,0.0,2.34
256306554806246,323.82,28,8.18,223.13,92.51,219.57,176.71,228.71,0.0,0.0,0.0,0.0,0.0,0.0,1.51,0.0,2.61,0.0,14.81,3.59,669.47,0.0,2.59
256306560764023,386.98,28,9.28,295.28,82.42,293.11,176.86,301.84,0.0,0.0,0.0,0.0,0.0,0.0,1.53,0.0,2.99,0.0,10.93,5.42,644.55,0.0,2.72
256306566319563,707.02,28,7.25,691.49,8.28,688.59,183.1,696.8,0.0,0.0,0.0,0.0,0.0,0.0,1.53,0.0,2.6,0.0,8.66,3.84,667.69,0.0,1.94
256306572679767,461.13,28,79.19,278.04,103.91,345.74,171.47,354.95,0.0,0.0,0.0,0.0,0.0,0.0,2.76,0.0,76.02,0.0,17.62,5.41,653.44,0.0,2.27
256306578817981,357.67,28,48.09,217.84,91.74,254.4,178.32,262.85,0.0,0.0,0.0,0.0,0.0,0.0,2.41,0.0,42.32,0.0,19.39,3.59,660.58,0.0,3.08
256306584771113,423.34,28,9.1,324.29,89.95,322.26,172.96,329.89,0.0,0.0,0.0,0.0,0.0,0.0,1.82,0.0,3.06,0.0,11.02,4.37,667.18,0.0,3.51
256306590806307,414.42,28,7.78,309.77,96.87,307.74,177.86,315.13,0.0,0.0,0.0,0.0,0.0,0.0,1.48,0.0,2.62,0.0,14.15,3.51,658.44,0.0,2.43
256306596831203,356.96,28,7.83,258.19,90.94,253.25,173.77,263.33,0.0,0.0,0.0,0.0,0.0,0.0,1.79,0.0,3.0,0.0,9.56,3.72,674.99,0.0,2.69
256306602755877,445.3,28,9.49,336.34,99.47,335.31,172.92,342.61,0.0,0.0,0.0,0.0,0.0,0.0,1.54,0.0,2.68,0.0,20.16,3.65,659.97,0.0,3.16
256306608826428,413.54,28,8.33,303.52,101.69,300.92,170.63,308.93,0.0,0.0,0.0,0.0,0.0,0.0,1.64,0.0,2.63,0.0,9.37,3.49,654.48,0.0,2.91
256306614403374,250.71,28,7.99,233.38,9.33,230.69,181.14,238.34,0.0,0.0,0.0,0.0,0.0,0.0,1.76,0.0,2.88,0.0,9.78,3.55,689.14,0.0,3.04
256306620036020,246.45,28,8.28,221.3,16.86,218.99,190.05,227.62,0.0,0.0,0.0,0.0,0.0,0.0,1.93,0.0,2.95,0.0,19.82,3.57,678.94,0.0,1.97
256306625903760,326.34,28,11.63,227.12,87.59,226.92,173.35,235.96,0.0,0.0,0.0,0.0,0.0,0.0,1.83,0.0,2.93,0.0,18.82,9.9,646.59,0.0,2.79
256306631798611,365.93,28,63.37,218.58,83.97,270.31,222.79,279.36,0.0,0.0,0.0,0.0,0.0,0.0,1.55,0.0,2.52,0.0,64.79,60.17,646.97,0.0,2.59
256306637737515,881.55,28,7.04,777.12,97.39,664.69,183.0,781.89,0.0,0.0,0.0,0.0,0.0,0.0,1.6,0.0,2.56,0.0,8.12,3.41,689.78,0.0,2.27
256306644360229,310.03,28,7.15,293.32,9.56,290.42,169.43,298.31,0.0,0.0,0.0,0.0,0.0,0.0,1.93,0.0,2.93,0.0,8.81,3.47,654.74,0.0,2.15
256306650028148,267.14,28,8.35,249.81,8.97,246.58,178.18,254.95,0.0,0.0,0.0,0.0,0.0,0.0,1.48,0.0,2.54,0.0,12.12,3.53,655.12,0.0,3.22
256306655923605,870.65,28,9.91,769.08,91.65,657.02,196.49,775.77,0.0,0.0,0.0,0.0,0.0,0.0,1.66,0.0,2.92,0.0,20.87,5.71,667.03,0.0,3.22
256306662628083,891.26,28,6.01,778.12,107.14,679.46,178.76,782.79,0.0,0.0,0.0,0.0,0.0,0.0,1.39,0.0,2.5,0.0,8.18,3.56,654.39,0.0,1.33
256306669609668,889.37,28,7.77,790.43,91.16,661.32,180.05,795.12,0.0,0.0,0.0,0.0,0.0,0.0,1.75,0.0,2.75,0.0,12.56,3.48,672.25,0.0,3.09
256306676122995,885.22,28,7.14,868.51,9.57,772.45,181.95,873.45,0.0,0.0,0.0,0.0,0.0,0.0,1.68,0.0,2.8,0.0,10.48,3.55,671.82,0.0,2.19
256306682156109,777.86,28,7.55,758.51,11.8,651.73,187.37,763.66,0.0,0.0,0.0,0.0,0.0,0.0,1.82,0.0,2.79,0.0,9.03,3.63,670.87,0.0,2.3
256306688582951,410.23,28,8.06,299.63,102.53,295.7,175.43,304.55,0.0,0.0,0.0,0.0,0.0,0.0,1.82,0.0,2.79,0.0,8.32,3.45,679.18,0.0,3.15
256306694557485,539.96,28,9.8,434.07,96.08,432.49,173.28,440.91,0.0,0.0,0.0,0.0,0.0,0.0,1.49,0.0,2.51,0.0,23.42,5.28,630.04,0.0,2.96
256306700740434,960.15,28,8.54,853.76,97.85,745.2,173.48,858.86,0.0,0.0,0.0,0.0,0.0,0.0,1.5,0.0,2.46,0.0,9.12,3.59,655.07,0.0,3.44
256306707537985,362.87,28,6.38,238.47,118.02,234.07,176.87,243.18,0.0,0.0,0.0,0.0,0.0,0.0,1.57,0.0,2.55,0.0,9.3,3.49,669.8,0.0,1.67
256306713196534,815.0,28,25.27,780.92,8.81,688.12,180.51,785.78,0.0,0.0,0.0,0.0,0.0,0.0,1.69,0.0,2.62,0.0,22.58,3.57,633.76,0.0,19.87
256306719601930,545.74,28,27.19,423.85,94.7,418.98,186.31,431.51,0.0,0.0,0.0,0.0,0.0,0.0,2.4,0.0,3.38,0.0,17.02,5.68,669.56,0.0,19.07
256306725798344,392.07,28,8.73,286.64,96.7,270.36,182.03,291.99,0.0,0.0,0.0,0.0,0.0,0.0,1.47,0.0,2.49,0.0,8.16,3.65,669.08,0.0,3.37
256306731800679,363.31,28,9.93,257.3,96.09,254.33,178.9,264.17,0.0,0.0,0.0,0.0,0.0,0.0,1.53,0.0,2.54,0.0,15.67,6.19,666.73,0.0,3.06
256306737797760,959.24,28,23.29,833.3,102.64,702.63,194.11,839.19,0.0,0.0,0.0,0.0,0.0,0.0,2.15,0.0,3.21,0.0,19.98,3.55,680.26,0.0,17.1
256306744559775,579.21,28,6.48,471.86,100.87,468.48,181.84,476.53,0.0,0.0,0.0,0.0,0.0,0.0,1.66,0.0,2.66,0.0,8.53,3.5,660.97,0.0,1.8
256306751014928,822.87,28,8.29,800.42,14.16,687.71,182.63,806.59,0.0,0.0,0.0,0.0,0.0,0.0,1.54,0.0,2.66,0.0,14.69,4.63,661.92,0.0,1.96
256306757677290,463.53,28,22.45,357.27,83.81,350.24,184.19,362.04,0.0,0.0,0.0,0.0,0.0,0.0,1.57,0.0,2.52,0.0,12.25,3.97,679.25,0.0,16.68
256306763292913,1351.22,28,7.16,578.22,765.84,465.43,164.81,583.44,0.0,0.0,0.0,0.0,0.0,0.0,1.76,0.0,2.78,0.0,8.93,3.59,650.62,0.0,1.94
256306770519576,570.94,28,43.34,430.2,97.4,464.03,165.53,471.67,0.0,0.0,0.0,0.0,0.0,0.0,2.75,0.0,40.39,0.0,8.06,3.45,667.89,0.0,1.87
256306776703324,933.91,28,315.62,510.11,108.18,707.79,180.92,822.93,0.0,0.0,0.0,0.0,0.0,0.0,2.0,0.0,309.21,0.0,214.67,5.4,665.83,0.0,2.8
256306783731436,457.72,28,17.85,349.35,90.52,356.23,185.04,365.46,0.0,0.0,0.0,0.0,0.0,0.0,10.62,0.0,11.7,0.0,17.23,4.41,680.08,0.0,1.75
256306789780431,365.11,28,9.15,267.03,88.92,263.74,176.57,272.82,0.0,0.0,0.0,0.0,0.0,0.0,1.69,0.0,2.93,0.0,12.26,3.52,676.42,0.0,3.36
256306795722837,879.25,28,11.7,775.87,91.68,672.27,191.06,784.41,0.0,0.0,0.0,0.0,0.0,0.0,1.5,0.0,2.61,0.0,15.78,7.22,672.04,0.0,3.16
256306802096993,264.44,28,6.15,248.21,10.08,244.63,178.03,252.54,0.0,0.0,0.0,0.0,0.0,0.0,1.74,0.0,2.74,0.0,8.97,3.49,680.53,0.0,1.82
256306807535931,556.14,28,7.53,539.11,9.5,533.93,175.8,544.05,0.0,0.0,0.0,0.0,0.0,0.0,1.5,0.0,2.6,0.0,10.35,3.74,673.5,0.0,2.59
256306813700661,429.54,28,7.68,334.95,86.91,331.19,181.3,339.95,0.0,0.0,0.0,0.0,0.0,0.0,1.54,0.0,2.63,0.0,8.2,3.44,672.14,0.0,2.68
256306819753235,444.39,28,9.72,341.82,92.84,339.73,187.03,348.69,0.0,0.0,0.0,0.0,0.0,0.0,1.68,0.0,2.65,0.0,14.4,5.25,684.2,0.0,2.85
256306825821429,911.2,28,8.72,801.26,101.22,690.68,209.15,806.98,0.0,0.0,0.0,0.0,0.0,0.0,1.75,0.0,2.68,0.0,62.7,3.56,637.18,0.0,3.0
256306832916440,958.58,28,9.42,849.68,99.48,758.39,175.63,856.23,0.0,0.0,0.0,0.0,0.0,0.0,1.5,0.0,2.58,0.0,11.49,4.97,649.95,0.0,2.76
256306839194275,776.26,28,8.0,757.22,11.04,648.13,173.52,762.91,0.0,0.0,0.0,0.0,0.0,0.0,1.79,0.0,2.85,0.0,10.19,3.99,639.54,0.0,2.31
256306845583106,558.19,28,7.55,458.14,92.5,454.64,188.65,463.2,0.0,0.0,0.0,0.0,0.0,0.0,1.71,0.0,2.73,0.0,22.29,3.56,650.21,0.0,2.48
256306851349240,682.48,28,46.41,627.05,9.01,661.6,212.25,670.35,0.0,0.0,0.0,0.0,0.0,0.0,1.61,0.0,2.78,0.0,48.82,44.05,669.07,0.0,3.12
256306857721609,447.18,28,8.49,348.43,90.26,344.38,170.85,353.74,0.0,0.0,0.0,0.0,0.0,0.0,1.41,0.0,2.44,0.0,13.53,3.56,641.7,0.0,3.19
256306863806679,400.88,28,9.38,300.93,90.57,298.07,274.78,306.74,0.0,0.0,0.0,0.0,0.0,0.0,1.53,0.0,2.71,0.0,117.07,4.26,658.86,0.0,3.58
256306869948358,857.87,28,9.11,774.69,74.07,664.17,182.78,780.79,0.0,0.0,0.0,0.0,0.0,0.0,1.56,0.0,2.88,0.0,17.75,3.75,651.06,0.0,3.01
256306876634432,849.01,28,9.54,738.06,101.41,643.5,185.02,744.78,0.0,0.0,0.0,0.0,0.0,0.0,1.51,0.0,2.48,0.0,11.91,5.03,678.03,0.0,2.81
256306883100380,323.34,28,6.48,307.46,9.41,303.4,174.1,311.87,0.0,0.0,0.0,0.0,0.0,0.0,1.38,0.0,2.37,0.0,10.11,3.63,664.48,0.0,2.07
256306888557375,562.39,28,8.1,544.56,9.73,541.24,179.59,549.78,0.0,0.0,0.0,0.0,0.0,0.0,1.6,0.0,2.83,0.0,17.13,3.56,679.97,0.0,2.88
256306894790466,368.81,28,8.44,263.47,96.91,259.91,185.37,268.87,0.0,0.0,0.0,0.0,0.0,0.0,1.74,0.0,2.91,0.0,13.41,3.53,660.82,0.0,3.04
256306900814474,401.42,28,7.72,302.02,91.68,298.59,179.91,306.59,0.0,0.0,0.0,0.0,0.0,0.0,1.72,0.0,2.68,0.0,8.38,3.38,669.2,0.0,3.15
256306906857973,885.83,28,8.47,783.33,94.02,683.44,177.01,788.64,0.0,0.0,0.0,0.0,0.0,0.0,1.53,0.0,2.53,0.0,8.13,3.7,666.99,0.0,3.16
256306914036020,954.88,28,10.73,932.34,11.8,812.16,180.1,940.14,0.0,0.0,0.0,0.0,0.0,0.0,1.71,0.0,2.79,0.0,14.52,9.72,667.65,0.0,2.93
256306920174653,808.67,28,48.37,748.61,11.69,661.06,211.06,794.29,0.0,0.0,0.0,0.0,0.0,0.0,1.74,0.0,2.79,0.0,53.3,44.2,675.3,0.0,2.69
256306926936435,319.24,28,7.36,302.59,9.28,298.82,174.42,307.44,0.0,0.0,0.0,0.0,0.0,0.0,1.64,0.0,2.59,0.0,8.08,3.52,671.42,0.0,2.52
256306932459202,613.35,28,8.11,596.73,8.51,592.88,172.82,601.79,0.0,0.0,0.0,0.0,0.0,0.0,1.49,0.0,2.65,0.0,9.09,3.59,657.77,0.0,3.05
256306938298396,252.69,28,6.7,237.41,8.58,233.15,177.68,242.23,0.0,0.0,0.0,0.0,0.0,0.0,1.43,0.0,2.38,0.0,10.24,3.61,672.12,0.0,1.88
256306944092468,856.93,28,8.35,764.01,84.58,657.38,189.71,769.51,0.0,0.0,0.0,0.0,0.0,0.0,1.64,0.0,2.71,0.0,11.41,3.48,698.87,0.0,2.84
256306950203795,783.45,28,7.22,761.14,15.09,660.48,171.18,766.13,0.0,0.0,0.0,0.0,0.0,0.0,1.71,0.0,2.81,0.0,9.0,3.57,666.39,0.0,2.23
256306956187229,312.76,28,7.6,296.44,8.72,293.37,178.35,302.0,0.0,0.0,0.0,0.0,0.0,0.0,1.44,0.0,2.46,0.0,18.16,3.52,669.79,0.0,2.05
256306961771315,791.38,28,8.03,772.1,11.26,659.4,184.9,777.05,0.0,0.0,0.0,0.0,0.0,0.0,1.59,0.0,2.72,0.0,8.7,3.44,653.14,0.0,3.07
256306968966161,291.41,28,7.98,233.22,50.21,228.96,175.72,238.59,0.0,0.0,0.0,0.0,0.0,0.0,1.68,0.0,3.01,0.0,10.95,3.46,658.2,0.0,2.61
256306974449070,250.59,28,7.47,234.87,8.26,230.92,170.07,240.09,0.0,0.0,0.0,0.0,0.0,0.0,1.93,0.0,2.88,0.0,8.47,3.48,652.07,0.0,2.25
256306979884423,322.22,28,7.29,306.59,8.34,303.01,172.92,311.43,0.0,0.0,0.0,0.0,0.0,0.0,1.37,0.0,2.53,0.0,8.83,3.44,658.54,0.0,2.45
256306985416814,243.24,28,7.82,226.86,8.56,224.1,179.03,232.94,0.0,0.0,0.0,0.0,0.0,0.0,1.7,0.0,2.7,0.0,13.13,3.46,668.88,0.0,1.75
256306991030517,808.94,28,10.57,786.38,11.99,671.51,176.19,794.92,0.0,0.0,0.0,0.0,0.0,0.0,1.41,0.0,2.54,0.0,18.55,7.09,653.26,0.0,2.02
256306997576981,532.85,28,125.83,318.0,89.02,432.32,297.99,440.77,0.0,0.0,0.0,0.0,0.0,0.0,1.37,0.0,2.41,0.0,250.39,121.81,671.22,0.0,3.05
256307003881177,404.34,28,7.69,298.73,97.93,293.04,175.24,303.64,0.0,0.0,0.0,0.0,0.0,0.0,1.48,0.0,2.59,0.0,12.38,3.59,657.42,0.0,2.77
256307010024534,317.83,28,7.32,301.94,8.56,296.95,180.9,307.0,0.0,0.0,0.0,0.0,0.0,0.0,1.59,0.0,2.68,0.0,11.0,3.47,681.05,0.0,2.26
256307015534699,542.15,28,7.73,525.41,9.01,522.67,178.7,530.86,0.0,0.0,0.0,0.0,0.0,0.0,1.5,0.0,2.49,0.0,9.96,3.93,674.45,0.0,2.27
256307021753118,399.73,28,7.43,297.61,94.69,293.75,175.26,302.32,0.0,0.0,0.0,0.0,0.0,0.0,1.49,0.0,2.51,0.0,9.2,3.66,654.25,0.0,2.72
256307027868005,435.97,28,7.62,334.8,93.55,331.32,171.42,339.55,0.0,0.0,0.0,0.0,0.0,0.0,1.52,0.0,2.47,0.0,8.63,3.59,646.28,0.0,2.88
256307033533867,314.41,28,7.58,297.28,9.55,294.65,174.9,302.21,0.0,0.0,0.0,0.0,0.0,0.0,1.4,0.0,2.33,0.0,10.21,3.45,669.6,0.0,2.65
256307039036434,310.36,28,6.92,294.55,8.89,291.34,177.59,299.47,0.0,0.0,0.0,0.0,0.0,0.0,1.57,0.0,2.75,0.0,8.01,3.51,669.31,0.0,2.0
256307044552145,252.47,28,18.4,225.2,8.87,232.37,169.45,241.5,0.0,0.0,0.0,0.0,0.0,0.0,13.3,0.0,14.35,0.0,11.71,3.62,659.37,0.0,2.1
256307050537544,555.64,28,70.26,395.82,89.56,455.47,177.79,463.73,0.0,0.0,0.0,0.0,0.0,0.0,6.22,0.0,66.11,0.0,12.12,3.53,660.2,0.0,2.35
256307056769745,858.45,28,9.47,758.86,90.13,648.97,175.47,765.2,0.0,0.0,0.0,0.0,0.0,0.0,1.38,0.0,2.54,0.0,11.76,4.56,659.9,0.0,3.13
256307063542750,555.13,28,8.79,449.98,96.35,446.54,176.72,455.36,0.0,0.0,0.0,0.0,0.0,0.0,1.58,0.0,2.79,0.0,10.1,3.87,647.42,0.0,3.33
256307069357217,684.58,28,9.08,665.59,9.91,663.25,177.87,671.9,0.0,0.0,0.0,0.0,0.0,0.0,1.7,0.0,2.78,0.0,10.54,5.0,677.72,0.0,2.76
256307075696680,907.48,28,8.84,815.91,82.74,703.6,182.91,821.56,0.0,0.0,0.0,0.0,0.0,0.0,1.64,0.0,2.76,0.0,13.22,3.48,648.86,0.0,3.19
256307082961255,918.34,28,9.24,855.16,53.94,743.3,184.94,861.43,0.0,0.0,0.0,0.0,0.0,0.0,1.62,0.0,2.76,0.0,12.21,4.52,654.39,0.0,2.97
256307090231558,787.56,28,8.47,691.92,87.17,689.28,192.18,697.88,0.0,0.0,0.0,0.0,0.0,0.0,1.41,0.0,2.41,0.0,22.43,3.67,682.62,0.0,2.51
256307096687680,887.85,28,7.79,785.5,94.56,686.42,186.07,790.16,0.0,0.0,0.0,0.0,0.0,0.0,1.38,0.0,2.37,0.0,11.91,3.46,670.41,0.0,3.12
256307103188788,775.79,28,7.57,754.54,13.68,655.46,188.8,759.95,0.0,0.0,0.0,0.0,0.0,0.0,1.23,0.0,2.43,0.0,8.34,3.44,680.81,0.0,2.17
256307110369903,693.03,28,7.25,592.52,93.27,589.45,170.8,597.49,0.0,0.0,0.0,0.0,0.0,0.0,1.64,0.0,2.78,0.0,9.96,3.47,636.08,0.0,2.27
256307116871165,346.11,28,8.01,237.33,100.77,233.15,180.38,242.17,0.0,0.0,0.0,0.0,0.0,0.0,1.67,0.0,2.65,0.0,9.31,3.52,664.38,0.0,3.17
256307122819681,448.21,28,26.36,327.1,94.75,316.33,175.74,332.27,0.0,0.0,0.0,0.0,0.0,0.0,1.58,0.0,2.59,0.0,12.64,3.54,656.04,0.0,20.73
256307129009806,778.62,28,6.78,757.29,14.56,651.03,173.41,762.1,0.0,0.0,0.0,0.0,0.0,0.0,1.5,0.0,2.64,0.0,9.25,3.46,664.61,0.0,1.97
256307135830572,406.35,28,8.13,304.16,94.06,301.35,186.24,309.55,0.0,0.0,0.0,0.0,0.0,0.0,1.89,0.0,2.95,0.0,14.62,3.55,658.62,0.0,2.74
256307141985903,822.47,28,10.9,773.84,37.73,669.78,213.23,782.19,0.0,0.0,0.0,0.0,0.0,0.0,1.43,0.0,2.55,0.0,47.69,5.81,684.33,0.0,2.55
256307148633404,866.72,28,8.58,745.94,112.2,650.29,169.86,751.38,0.0,0.0,0.0,0.0,0.0,0.0,1.52,0.0,2.52,0.0,12.05,3.56,629.96,0.0,3.15
256307155476623,320.1,28,8.99,300.55,10.56,297.11,176.62,306.42,0.0,0.0,0.0,0.0,0.0,0.0,1.52,0.0,2.68,0.0,12.17,3.57,654.7,0.0,3.12
256307161477379,604.82,28,6.84,500.37,97.61,497.07,176.08,505.38,0.0,0.0,0.0,0.0,0.0,0.0,1.8,0.0,2.89,0.0,8.89,3.61,666.6,0.0,1.83
256307167792195,425.47,28,9.29,315.2,100.98,312.98,223.27,322.18,0.0,0.0,0.0,0.0,0.0,0.0,1.46,0.0,2.55,0.0,67.39,4.53,661.0,0.0,2.31
256307173889403,354.66,28,24.5,233.88,96.28,230.79,172.65,238.94,0.0,0.0,0.0,0.0,0.0,0.0,1.71,0.0,3.94,0.0,14.24,4.19,656.45,0.0,19.27
256307180026967,869.63,28,7.58,852.06,10.0,752.23,182.06,857.05,0.0,0.0,0.0,0.0,0.0,0.0,1.75,0.0,2.84,0.0,8.19,3.49,658.61,0.0,2.54
256307186851844,301.95,28,28.56,263.39,10.0,257.46,174.3,269.4,0.0,0.0,0.0,0.0,0.0,0.0,1.94,0.0,3.05,0.0,11.74,3.49,664.07,0.0,22.28
256307192903566,335.49,28,8.8,244.79,81.9,242.93,196.74,250.84,0.0,0.0,0.0,0.0,0.0,0.0,1.42,0.0,2.54,0.0,40.45,4.23,654.79,0.0,2.75
256307198471653,773.45,28,8.47,750.06,14.92,638.88,180.33,755.71,0.0,0.0,0.0,0.0,0.0,0.0,1.46,0.0,2.73,0.0,16.5,3.67,659.33,0.0,2.82
256307205644849,469.65,28,7.43,383.64,78.58,380.6,188.21,388.65,0.0,0.0,0.0,0.0,0.0,0.0,1.51,0.0,2.8,0.0,8.05,3.52,682.33,0.0,2.42
256307211747883,451.3,28,10.68,343.49,97.12,342.27,191.59,351.58,0.0,0.0,0.0,0.0,0.0,0.0,2.4,0.0,3.37,0.0,19.88,6.56,668.51,0.0,2.56
256307218008983,768.14,28,7.83,745.94,14.38,641.51,182.75,751.3,0.0,0.0,0.0,0.0,0.0,0.0,1.55,0.0,2.73,0.0,9.92,3.78,664.8,0.0,2.46
256307224686119,494.33,28,9.14,390.11,95.08,386.61,172.73,396.33,0.0,0.0,0.0,0.0,0.0,0.0,1.54,0.0,2.56,0.0,14.44,4.98,658.21,0.0,2.92
256307230382825,664.3,28,7.43,647.96,8.91,643.5,173.71,652.9,0.0,0.0,0.0,0.0,0.0,0.0,1.5,0.0,2.44,0.0,8.71,3.56,670.43,0.0,2.48
256307236404802,639.67,28,7.07,624.34,8.26,619.3,194.69,629.22,0.0,0.0,0.0,0.0,0.0,0.0,1.43,0.0,2.47,0.0,9.79,3.59,710.38,0.0,2.19
256307242778694,395.2,28,7.82,299.23,88.15,295.08,210.61,304.18,0.0,0.0,0.0,0.0,0.0,0.0,1.57,0.0,2.55,0.0,58.96,3.5,658.08,0.0,2.68
256307248497442,603.85,28,6.76,587.08,10.02,583.22,200.64,591.67,0.0,0.0,0.0,0.0,0.0,0.0,1.46,0.0,2.52,0.0,8.51,3.46,710.93,0.0,2.16
256307254816308,412.71,28,26.65,296.29,89.76,288.89,184.77,302.18,0.0,0.0,0.0,0.0,0.0,0.0,2.75,0.0,3.97,0.0,14.18,5.42,671.48,0.0,20.4
256307261012989,779.53,28,7.92,760.01,11.6,652.55,179.62,765.39,0.0,0.0,0.0,0.0,0.0,0.0,1.66,0.0,2.98,0.0,12.63,3.7,666.08,0.0,2.54
256307267850377,316.57,28,7.4,300.24,8.94,297.02,189.49,305.45,0.0,0.0,0.0,0.0,0.0,0.0,1.45,0.0,2.41,0.0,31.92,3.69,654.38,0.0,2.18
256307273950323,841.15,28,40.98,730.09,70.08,638.77,181.85,769.03,0.0,0.0,0.0,0.0,0.0,0.0,3.69,0.0,38.03,0.0,12.29,3.55,700.72,0.0,2.04
256307280874275,799.89,28,10.85,773.94,15.11,672.2,188.78,781.69,0.0,0.0,0.0,0.0,0.0,0.0,2.51,0.0,3.61,0.0,14.44,5.02,683.06,0.0,3.1
256307287583290,558.08,28,8.18,459.77,90.13,456.31,178.51,465.02,0.0,0.0,0.0,0.0,0.0,0.0,1.87,0.0,3.25,0.0,8.29,3.51,677.15,0.0,2.92
256307293431854,624.65,28,11.28,603.17,10.2,603.62,203.44,611.45,0.0,0.0,0.0,0.0,0.0,0.0,1.69,0.0,2.93,0.0,59.74,7.25,642.03,0.0,3.0
256307299749101,401.53,28,8.9,305.49,87.13,302.44,184.76,311.42,0.0,0.0,0.0,0.0,0.0,0.0,1.63,0.0,2.67,0.0,15.78,3.55,661.68,0.0,2.98
256307305919829,895.99,28,8.48,792.42,95.08,651.51,185.33,797.92,0.0,0.0,0.0,0.0,0.0,0.0,1.67,0.0,2.87,0.0,12.57,3.77,668.8,0.0,2.98
256307312649917,473.39,28,9.85,369.18,94.37,368.29,186.88,376.03,0.0,0.0,0.0,0.0,0.0,0.0,1.64,0.0,2.64,0.0,9.96,4.93,653.59,0.0,3.0
256307318957216,830.7,28,8.03,763.58,59.09,653.67,211.64,769.05,0.0,0.0,0.0,0.0,0.0,0.0,1.42,0.0,2.63,0.0,48.34,3.64,673.87,0.0,2.56
256307325967439,841.36,28,8.13,785.48,47.74,677.02,188.39,791.15,0.0,0.0,0.0,0.0,0.0,0.0,1.68,0.0,2.83,0.0,14.13,3.71,675.96,0.0,2.46
256307332247811,313.87,28,7.0,298.35,8.53,294.61,175.5,302.74,0.0,0.0,0.0,0.0,0.0,0.0,1.37,0.0,2.36,0.0,8.55,3.52,673.12,0.0,2.6
256307338030824,883.09,28,9.16,862.01,11.91,752.51,183.12,868.41,0.0,0.0,0.0,0.0,0.0,0.0,1.6,0.0,2.74,0.0,20.48,3.65,638.32,0.0,2.76
256307345054145,232.6,28,7.56,216.29,8.75,214.49,175.34,222.25,0.0,0.0,0.0,0.0,0.0,0.0,1.94,0.0,3.17,0.0,20.86,3.57,659.99,0.0,1.6
256307350532368,235.66,28,6.71,220.1,8.86,217.34,181.14,224.64,0.0,0.0,0.0,0.0,0.0,0.0,1.5,0.0,2.48,0.0,8.45,3.53,678.35,0.0,2.16
256307356591416,516.68,28,7.56,424.13,84.99,420.84,179.69,429.41,0.0,0.0,0.0,0.0,0.0,0.0,1.43,0.0,2.37,0.0,13.3,3.5,673.88,0.0,2.28
256307362974882,860.95,28,8.08,811.3,41.57,686.16,194.0,816.66,0.0,0.0,0.0,0.0,0.0,0.0,1.97,0.0,3.2,0.0,9.79,3.51,709.09,0.0,2.72
256307369729700,854.11,28,7.27,748.11,98.73,647.01,179.15,752.66,0.0,0.0,0.0,0.0,0.0,0.0,1.41,0.0,2.37,0.0,12.31,3.57,682.79,0.0,2.61
256307376685502,447.64,28,9.25,343.75,94.65,341.54,180.56,349.99,0.0,0.0,0.0,0.0,0.0,0.0,1.45,0.0,2.39,0.0,11.01,4.61,688.09,0.0,2.87
256307382399942,651.21,28,6.67,635.03,9.51,630.3,178.24,639.81,0.0,0.0,0.0,0.0,0.0,0.0,1.66,0.0,2.59,0.0,8.12,3.47,659.32,0.0,1.9
256307388302899,1313.97,28,6.43,568.74,738.8,456.48,163.03,573.23,0.0,0.0,0.0,0.0,0.0,0.0,1.3,0.0,2.4,0.0,9.24,3.79,641.03,0.0,1.94
256307395720426,418.54,28,7.88,327.77,82.89,323.35,192.96,332.71,0.0,0.0,0.0,0.0,0.0,0.0,1.7,0.0,2.83,0.0,12.36,3.58,663.06,0.0,2.94
256307401364710,242.84,28,7.17,226.52,9.14,222.17,172.5,231.69,0.0,0.0,0.0,0.0,0.0,0.0,1.91,0.0,3.15,0.0,9.2,3.56,666.83,0.0,2.01
256307407027922,815.31,28,8.51,793.85,12.95,681.18,188.19,799.9,0.0,0.0,0.0,0.0,0.0,0.0,2.1,0.0,3.39,0.0,13.66,3.57,630.18,0.0,2.46
256307413679605,890.9,28,54.24,748.59,88.08,673.55,165.4,799.8,0.0,0.0,0.0,0.0,0.0,0.0,3.62,0.0,50.35,0.0,8.66,3.5,666.14,0.0,3.02
256307421006795,847.8,28,7.39,827.44,12.96,690.35,182.21,832.27,0.0,0.0,0.0,0.0,0.0,0.0,1.59,0.0,2.6,0.0,13.61,3.85,675.49,0.0,2.56
256307428047204,239.28,28,7.09,223.55,8.64,220.02,179.99,228.39,0.0,0.0,0.0,0.0,0.0,0.0,1.48,0.0,2.64,0.0,13.6,3.51,667.41,0.0,2.25
256307433485969,601.15,28,8.61,583.45,9.09,581.28,195.08,589.44,0.0,0.0,0.0,0.0,0.0,0.0,1.49,0.0,2.73,0.0,10.8,3.83,697.94,0.0,2.62
256307439342053,265.59,28,7.63,249.06,8.9,246.19,171.95,254.57,0.0,0.0,0.0,0.0,0.0,0.0,1.9,0.0,2.94,0.0,9.58,3.58,657.14,0.0,2.12
256307445056468,866.37,28,8.24,846.85,11.27,740.48,180.1,852.62,0.0,0.0,0.0,0.0,0.0,0.0,1.59,0.0,2.58,0.0,12.48,3.44,654.57,0.0,2.48
256307451308059,703.37,28,7.43,687.02,8.91,663.43,190.9,691.91,0.0,0.0,0.0,0.0,0.0,0.0,1.62,0.0,2.57,0.0,9.79,4.67,677.88,0.0,2.55
256307457960450,865.37,28,8.03,801.79,55.54,673.85,185.92,807.15,0.0,0.0,0.0,0.0,0.0,0.0,1.47,0.0,2.61,0.0,9.69,3.67,671.52,0.0,2.67
256307464769353,435.33,28,8.34,334.65,92.35,330.13,185.18,339.45,0.0,0.0,0.0,0.0,0.0,0.0,1.6,0.0,2.54,0.0,10.52,3.56,672.13,0.0,3.53
256307470406433,640.23,28,8.75,623.12,8.36,620.98,187.76,629.07,0.0,0.0,0.0,0.0,0.0,0.0,1.58,0.0,2.65,0.0,8.89,3.97,659.75,0.0,2.8
256307476969484,844.15,28,7.92,792.57,43.66,676.15,173.68,798.14,0.0,0.0,0.0,0.0,0.0,0.0,1.8,0.0,2.99,0.0,8.62,3.55,662.57,0.0,2.16
256307483733973,454.76,28,10.16,353.13,91.47,351.67,176.52,360.41,0.0,0.0,0.0,0.0,0.0,0.0,1.48,0.0,2.58,0.0,19.0,5.22,634.11,0.0,2.67
256307490006074,800.94,28,7.05,782.1,11.78,664.48,182.32,786.31,0.0,0.0,0.0,0.0,0.0,0.0,1.41,0.0,2.58,0.0,8.84,3.45,683.69,0.0,2.84
256307496834522,393.6,28,9.34,296.59,87.67,294.11,180.54,302.87,0.0,0.0,0.0,0.0,0.0,0.0,1.59,0.0,2.85,0.0,11.62,4.4,686.4,0.0,3.05
256307502985821,870.07,28,8.39,829.91,31.76,710.71,184.82,835.45,0.0,0.0,0.0,0.0,0.0,0.0,1.5,0.0,2.64,0.0,22.48,3.58,679.34,0.0,2.86
256307509247697,756.85,28,9.32,737.79,9.73,656.28,170.12,744.1,0.0,0.0,0.0,0.0,0.0,0.0,1.58,0.0,2.82,0.0,11.79,5.82,645.66,0.0,3.01
256307515271203,310.37,28,7.8,292.87,9.71,289.81,176.52,297.93,0.0,0.0,0.0,0.0,0.0,0.0,1.66,0.0,2.7,0.0,19.09,3.62,657.58,0.0,2.74
256307521038232,918.12,28,113.55,793.35,11.22,685.93,179.19,800.02,0.0,0.0,0.0,0.0,0.0,0.0,2.52,0.0,3.5,0.0,17.45,3.81,662.9,0.0,106.78
256307527719976,456.32,28,8.49,353.49,94.34,350.62,182.64,359.18,0.0,0.0,0.0,0.0,0.0,0.0,1.37,0.0,2.39,0.0,14.45,4.74,667.84,0.0,2.79
256307533902000,398.8,28,10.99,296.87,90.94,295.37,179.41,304.63,0.0,0.0,0.0,0.0,0.0,0.0,1.64,0.0,2.77,0.0,11.89,5.4,669.26,0.0,3.23
256307539999216,800.52,28,9.54,775.86,15.11,655.66,176.09,782.52,0.0,0.0,0.0,0.0,0.0,0.0,1.76,0.0,2.91,0.0,12.64,4.98,649.74,0.0,2.88
256307546776288,421.38,28,7.48,318.72,95.19,315.24,168.34,323.3,0.0,0.0,0.0,0.0,0.0,0.0,1.48,0.0,2.45,0.0,9.28,3.54,631.05,0.0,2.9
256307553006282,895.27,28,7.01,877.29,10.97,769.2,175.75,881.92,0.0,0.0,0.0,0.0,0.0,0.0,1.64,0.0,2.63,0.0,8.64,3.48,662.73,0.0,2.38
256307559702702,484.19,28,10.51,372.11,101.58,371.02,184.4,379.45,0.0,0.0,0.0,0.0,0.0,0.0,1.68,0.0,2.72,0.0,12.62,4.86,675.15,0.0,3.16
256307565856173,396.67,28,11.11,293.97,91.59,293.27,174.41,302.39,0.0,0.0,0.0,0.0,0.0,0.0,4.82,0.0,5.81,0.0,8.95,3.63,653.58,0.0,2.7
256307571539203,536.78,28,100.02,427.8,8.96,509.28,184.7,522.52,0.0,0.0,0.0,0.0,0.0,0.0,91.39,0.0,92.61,0.0,15.59,4.01,688.73,0.0,5.31
256307577833616,424.55,28,7.79,321.43,95.33,315.29,185.44,326.76,0.0,0.0,0.0,0.0,0.0,0.0,1.54,0.0,2.57,0.0,11.96,3.61,665.3,0.0,2.46
256307583926578,861.26,28,11.14,768.21,81.91,660.82,173.6,776.51,0.0,0.0,0.0,0.0,0.0,0.0,1.59,0.0,2.79,0.0,12.48,6.4,658.5,0.0,2.84
256307591111094,883.62,28,8.78,783.32,91.51,675.57,200.65,789.38,0.0,0.0,0.0,0.0,0.0,0.0,1.58,0.0,2.55,0.0,10.61,3.57,698.88,0.0,2.67
256307597763086,858.02,28,10.13,759.25,88.64,658.9,266.44,766.6,0.0,0.0,0.0,0.0,0.0,0.0,1.56,0.0,2.6,0.0,96.93,5.53,680.95,0.0,2.78
256307604741846,447.16,28,9.78,352.36,85.03,351.12,276.24,359.45,0.0,0.0,0.0,0.0,0.0,0.0,1.49,0.0,2.42,0.0,118.35,4.68,681.35,0.0,2.68
256307610838907,339.13,28,9.09,238.01,92.03,235.35,172.36,244.07,0.0,0.0,0.0,0.0,0.0,0.0,1.45,0.0,2.41,0.0,10.87,4.98,657.32,0.0,3.03
256307616860599,344.81,28,8.48,244.6,91.73,241.81,177.67,250.29,0.0,0.0,0.0,0.0,0.0,0.0,1.86,0.0,3.09,0.0,10.45,4.07,675.95,0.0,2.8
256307623226673,787.11,28,8.39,677.98,100.74,668.36,227.0,683.48,0.0,0.0,0.0,0.0,0.0,0.0,1.7,0.0,2.74,0.0,65.34,3.55,675.74,0.0,2.89
256307629760030,433.08,28,10.06,332.74,90.28,332.44,177.83,339.93,0.0,0.0,0.0,0.0,0.0,0.0,1.98,0.0,2.99,0.0,12.72,8.14,657.78,0.0,2.88
256307635937111,857.99,28,8.2,775.03,74.76,658.55,179.13,780.77,0.0,0.0,0.0,0.0,0.0,0.0,1.5,0.0,2.75,0.0,12.59,3.66,653.26,0.0,2.46
256307642711252,463.3,28,7.1,371.95,84.25,367.34,181.7,376.25,0.0,0.0,0.0,0.0,0.0,0.0,1.47,0.0,2.7,0.0,8.79,3.54,681.64,0.0,2.76
256307648940800,843.87,28,8.47,762.28,73.13,654.21,177.83,767.72,0.0,0.0,0.0,0.0,0.0,0.0,1.57,0.0,2.74,0.0,10.36,3.49,663.62,0.0,3.02
256307655869040,357.24,28,7.67,250.65,98.92,245.82,176.01,255.55,0.0,0.0,0.0,0.0,0.0,0.0,1.61,0.0,2.68,0.0,9.59,3.44,663.28,0.0,2.77
256307661456229,267.31,28,7.19,250.32,9.8,247.92,180.67,255.72,0.0,0.0,0.0,0.0,0.0,0.0,1.61,0.0,2.57,0.0,10.35,3.55,675.4,0.0,1.79
256307667003445,820.01,28,7.43,801.77,10.81,668.36,180.29,807.07,0.0,0.0,0.0,0.0,0.0,0.0,1.57,0.0,2.66,0.0,8.62,3.43,652.37,0.0,2.13
256307673240676,766.27,28,6.07,750.95,9.26,664.32,180.64,755.41,0.0,0.0,0.0,0.0,0.0,0.0,1.31,0.0,2.64,0.0,9.21,3.76,688.89,0.0,1.6
256307679816205,399.49,28,8.94,303.92,86.64,301.96,180.68,310.25,0.0,0.0,0.0,0.0,0.0,0.0,1.5,0.0,2.49,0.0,11.37,5.3,650.43,0.0,2.6
256307685455288,254.42,28,6.62,237.82,9.99,234.56,177.26,242.4,0.0,0.0,0.0,0.0,0.0,0.0,1.51,0.0,2.54,0.0,8.09,3.54,668.82,0.0,2.04
256307691041453,904.36,28,6.96,885.25,12.16,650.5,178.76,890.16,0.0,0.0,0.0,0.0,0.0,0.0,1.91,0.0,2.94,0.0,11.96,3.54,659.43,0.0,2.04
256307697769366,378.24,28,8.07,274.26,95.9,271.41,176.03,279.88,0.0,0.0,0.0,0.0,0.0,0.0,1.49,0.0,2.52,0.0,9.86,4.33,665.63,0.0,2.45
256307703981401,830.95,28,10.95,784.92,35.08,689.68,186.57,793.0,0.0,0.0,0.0,0.0,0.0,0.0,1.67,0.0,2.82,0.0,17.48,6.94,674.08,0.0,2.88
256307710746099,408.58,28,8.44,311.86,88.28,308.19,177.68,316.93,0.0,0.0,0.0,0.0,0.0,0.0,1.68,0.0,2.8,0.0,9.35,3.43,670.97,0.0,3.37
256307716850408,346.84,28,8.45,235.26,103.13,232.2,183.85,241.24,0.0,0.0,0.0,0.0,0.0,0.0,1.22,0.0,2.33,0.0,11.02,5.04,676.39,0.0,2.47
256307722906449,339.21,28,8.78,248.35,82.08,244.35,177.15,254.29,0.0,0.0,0.0,0.0,0.0,0.0,1.65,0.0,2.91,0.0,12.49,3.72,653.9,0.0,2.82
256307728463339,317.14,28,7.65,300.38,9.11,296.04,178.4,305.84,0.0,0.0,0.0,0.0,0.0,0.0,1.66,0.0,2.85,0.0,10.1,3.45,668.31,0.0,2.19
256307734074737,763.27,28,7.46,744.93,10.88,640.7,190.52,750.42,0.0,0.0,0.0,0.0,0.0,0.0,1.68,0.0,2.79,0.0,9.34,3.51,690.2,0.0,1.97
256307740852632,338.34,28,40.76,287.55,10.03,317.45,176.09,325.1,0.0,0.0,0.0,0.0,0.0,0.0,4.39,0.0,35.73,0.0,22.77,3.94,666.79,0.0,3.21
256307746943531,873.24,28,42.63,760.49,70.12,695.77,177.78,800.77,0.0,0.0,0.0,0.0,0.0,0.0,36.81,0.0,37.99,0.0,17.59,3.52,657.6,0.0,2.35
256307753747013,454.15,28,22.19,333.82,98.13,328.81,184.56,339.09,0.0,0.0,0.0,0.0,0.0,0.0,1.51,0.0,2.52,0.0,25.64,3.53,651.68,0.0,16.88
256307759911913,960.79,28,12.22,850.59,97.99,763.72,183.56,860.01,0.0,0.0,0.0,0.0,0.0,0.0,1.93,0.0,3.17,0.0,17.02,7.95,684.12,0.0,2.8
256307767041670,798.41,28,9.66,777.34,11.4,667.79,179.84,783.95,0.0,0.0,0.0,0.0,0.0,0.0,2.1,0.0,3.21,0.0,16.75,4.18,654.68,0.0,3.05
256307774032901,802.93,28,8.17,782.56,12.2,680.27,194.94,788.22,0.0,0.0,0.0,0.0,0.0,0.0,1.56,0.0,2.64,0.0,13.9,3.59,663.15,0.0,2.51
256307780773978,509.5,28,7.99,492.25,9.26,489.42,381.81,498.28,0.0,0.0,0.0,0.0,0.0,0.0,1.44,0.0,2.81,0.0,219.59,4.05,682.82,0.0,1.96
256307786956779,841.01,28,11.14,773.12,56.75,666.27,189.89,781.51,0.0,0.0,0.0,0.0,0.0,0.0,1.45,0.0,2.61,0.0,14.85,7.11,681.13,0.0,2.75
256307793669480,495.71,28,9.32,398.67,87.72,397.16,181.31,404.87,0.0,0.0,0.0,0.0,0.0,0.0,1.42,0.0,2.36,0.0,10.63,5.58,666.31,0.0,3.09
256307799825217,357.63,28,8.73,258.06,90.84,255.69,236.79,263.96,0.0,0.0,0.0,0.0,0.0,0.0,1.56,0.0,2.57,0.0,83.46,5.16,657.76,0.0,2.83
256307805924709,902.51,28,9.31,805.35,87.86,673.71,198.17,811.35,0.0,0.0,0.0,0.0,0.0,0.0,1.63,0.0,2.77,0.0,20.83,3.97,664.88,0.0,3.18
256307812676568,507.31,28,28.0,378.81,100.5,370.17,174.82,384.23,0.0,0.0,0.0,0.0,0.0,0.0,2.76,0.0,3.85,0.0,12.33,3.53,654.62,0.0,21.61
256307818916551,915.99,28,9.4,811.31,95.28,691.83,181.56,817.3,0.0,0.0,0.0,0.0,0.0,0.0,1.58,0.0,2.81,0.0,18.02,3.94,666.62,0.0,3.41
256307826029323,324.38,28,7.47,307.77,9.13,304.93,178.42,312.69,0.0,0.0,0.0,0.0,0.0,0.0,1.37,0.0,2.53,0.0,11.93,3.5,666.8,0.0,2.55
256307831578038,504.03,28,8.19,486.68,9.16,483.59,190.66,492.03,0.0,0.0,0.0,0.0,0.0,0.0,1.56,0.0,2.55,0.0,9.26,3.5,652.13,0.0,2.84
256307837944544,846.44,28,9.16,768.76,68.52,643.2,174.4,775.64,0.0,0.0,0.0,0.0,0.0,0.0,1.66,0.0,2.75,0.0,10.14,5.09,649.04,0.0,2.28
256307844810233,412.22,28,8.14,307.05,97.03,303.7,175.19,312.43,0.0,0.0,0.0,0.0,0.0,0.0,1.64,0.0,2.6,0.0,11.79,4.17,639.86,0.0,2.76
256307850938191,836.43,28,9.05,755.69,71.69,649.9,180.66,762.69,0.0,0.0,0.0,0.0,0.0,0.0,1.7,0.0,2.84,0.0,22.21,5.83,665.62,0.0,2.05
256307857695107,499.39,28,7.47,388.96,102.95,385.22,184.36,393.05,0.0,0.0,0.0,0.0,0.0,0.0,1.31,0.0,2.27,0.0,8.55,3.48,659.51,0.0,3.39
256307863902899,391.13,28,13.62,288.4,89.11,290.93,185.3,299.15,0.0,0.0,0.0,0.0,0.0,0.0,1.54,0.0,2.51,0.0,20.07,8.24,655.39,0.0,2.88
256307869989993,818.27,28,26.26,766.68,25.33,656.86,198.48,772.31,0.0,0.0,0.0,0.0,0.0,0.0,2.7,0.0,3.88,0.0,19.29,3.59,661.89,0.0,20.08
256307876230091,783.32,28,7.88,765.81,9.62,737.53,181.53,770.83,0.0,0.0,0.0,0.0,0.0,0.0,1.84,0.0,2.85,0.0,11.92,3.53,667.33,0.0,2.87
256307882684426,467.92,28,9.01,368.91,90.0,366.24,185.13,375.26,0.0,0.0,0.0,0.0,0.0,0.0,1.47,0.0,2.51,0.0,11.21,3.85,651.32,0.0,2.65
256307888410880,315.83,28,7.62,299.22,8.99,296.59,178.82,304.25,0.0,0.0,0.0,0.0,0.0,0.0,1.58,0.0,2.58,0.0,13.68,3.54,672.33,0.0,2.6
256307894618840,862.52,28,7.17,762.15,93.19,659.27,173.57,767.48,0.0,0.0,0.0,0.0,0.0,0.0,1.53,0.0,2.51,0.0,11.91,3.6,652.05,0.0,1.84
256307901179305,835.92,28,8.28,816.73,10.92,705.91,174.62,822.66,0.0,0.0,0.0,0.0,0.0,0.0,1.58,0.0,2.83,0.0,14.96,3.68,571.1,0.0,2.35
256307908072994,309.79,28,8.23,292.3,9.25,289.46,175.66,297.68,0.0,0.0,0.0,0.0,0.0,0.0,1.18,0.0,2.16,0.0,10.5,3.48,666.88,0.0,2.85
256307913696920,314.74,28,6.63,299.14,8.96,277.85,176.99,303.15,0.0,0.0,0.0,0.0,0.0,0.0,1.22,0.0,2.17,0.0,9.08,3.46,677.57,0.0,2.62
256307919734838,1050.87,28,28.19,937.06,85.62,736.87,184.46,943.22,0.0,0.0,0.0,0.0,0.0,0.0,2.08,0.0,3.26,0.0,13.72,3.46,646.97,0.0,21.62
256307926672481,500.48,28,7.19,400.51,92.78,396.74,178.76,405.82,0.0,0.0,0.0,0.0,0.0,0.0,1.64,0.0,2.58,0.0,9.01,3.47,659.87,0.0,1.88
256307932450725,611.31,28,7.79,593.85,9.66,591.04,180.82,599.04,0.0,0.0,0.0,0.0,0.0,0.0,1.42,0.0,2.4,0.0,9.03,3.69,671.14,0.0,2.6
256307938799821,358.88,28,10.6,251.42,96.85,249.86,183.73,258.38,0.0,0.0,0.0,0.0,0.0,0.0,1.46,0.0,2.46,0.0,13.32,5.17,666.24,0.0,3.62
256307944392221,652.59,28,7.68,634.05,10.86,630.32,179.49,638.82,0.0,0.0,0.0,0.0,0.0,0.0,1.49,0.0,2.51,0.0,8.29,3.42,676.57,0.0,2.92
256307950720503,448.33,28,7.78,342.75,97.8,337.56,189.25,347.37,0.0,0.0,0.0,0.0,0.0,0.0,1.65,0.0,2.69,0.0,7.95,3.44,680.79,0.0,3.16
256307956916477,906.31,28,7.3,802.22,96.79,680.01,177.62,807.13,0.0,0.0,0.0,0.0,0.0,0.0,1.5,0.0,2.84,0.0,8.37,3.4,680.48,0.0,2.39
256307963629432,488.18,28,7.15,389.48,91.54,385.93,188.07,394.35,0.0,0.0,0.0,0.0,0.0,0.0,1.51,0.0,2.71,0.0,10.03,3.63,682.49,0.0,2.29
256307969362451,683.82,28,8.21,666.18,9.43,662.14,176.89,671.81,0.0,0.0,0.0,0.0,0.0,0.0,1.55,0.0,2.66,0.0,14.22,3.56,651.8,0.0,2.58
256307975815537,354.69,28,8.3,263.34,83.05,261.1,189.09,268.95,0.0,0.0,0.0,0.0,0.0,0.0,1.62,0.0,2.64,0.0,27.2,3.73,659.97,0.0,2.69
256307981900379,956.94,28,10.35,851.68,94.91,744.76,182.68,859.45,0.0,0.0,0.0,0.0,0.0,0.0,1.47,0.0,2.52,0.0,12.21,6.52,679.32,0.0,2.58
256307988740180,445.61,28,8.38,342.29,94.94,337.37,186.66,347.11,0.0,0.0,0.0,0.0,0.0,0.0,1.33,0.0,2.34,0.0,10.61,3.99,668.38,0.0,3.56
256307994987474,804.82,28,10.47,765.95,28.39,655.99,171.87,773.51,0.0,0.0,0.0,0.0,0.0,0.0,3.24,0.0,4.44,0.0,19.99,4.26,647.95,0.0,2.92
256308001668281,500.15,28,39.77,364.24,96.14,393.23,161.59,400.87,0.0,0.0,0.0,0.0,0.0,0.0,2.65,0.0,35.75,0.0,10.98,5.04,654.17,0.0,3.14
256308008005519,801.23,28,66.92,723.22,11.1,674.98,181.55,787.02,0.0,0.0,0.0,0.0,0.0,0.0,3.74,0.0,60.53,0.0,23.49,5.16,666.76,0.0,3.11
256308014740116,399.43,28,9.05,308.32,82.05,304.13,176.37,314.33,0.0,0.0,0.0,0.0,0.0,0.0,1.57,0.0,2.59,0.0,17.62,3.99,640.48,0.0,3.04
256308021024371,1019.99,28,6.67,483.54,529.79,398.16,176.56,488.6,0.0,0.0,0.0,0.0,0.0,0.0,1.58,0.0,2.66,0.0,9.33,3.77,664.79,0.0,1.6
256308027810713,358.89,28,8.08,259.3,91.5,252.75,175.61,264.08,0.0,0.0,0.0,0.0,0.0,0.0,1.55,0.0,2.65,0.0,10.56,3.49,667.91,0.0,3.18
256308033547846,315.87,28,7.04,299.49,9.34,295.31,176.92,304.2,0.0,0.0,0.0,0.0,0.0,0.0,1.39,0.0,2.38,0.0,8.85,3.56,674.85,0.0,2.32
256308039584132,949.07,28,10.46,852.84,85.77,754.07,174.26,860.29,0.0,0.0,0.0,0.0,0.0,0.0,1.58,0.0,2.55,0.0,12.3,6.75,658.52,0.0,3.0
256308047005166,815.29,28,7.43,796.7,11.17,670.15,174.5,801.63,0.0,0.0,0.0,0.0,0.0,0.0,1.49,0.0,2.67,0.0,8.86,3.52,645.06,0.0,2.49
256308053712883,488.83,28,7.93,393.18,87.73,389.98,171.03,398.04,0.0,0.0,0.0,0.0,0.0,0.0,1.4,0.0,2.46,0.0,8.99,3.48,633.85,0.0,3.07
256308059473177,243.63,28,6.68,227.53,9.42,221.81,174.81,232.29,0.0,0.0,0.0,0.0,0.0,0.0,1.42,0.0,2.44,0.0,9.21,3.47,665.8,0.0,1.92
256308065059596,838.75,28,7.23,821.45,10.06,676.58,180.86,826.73,0.0,0.0,0.0,0.0,0.0,0.0,1.64,0.0,2.67,0.0,15.51,4.22,649.3,0.0,1.96
256308072096254,863.3,28,6.53,845.63,11.14,734.8,175.51,850.76,0.0,0.0,0.0,0.0,0.0,0.0,1.53,0.0,2.46,0.0,9.15,3.63,670.7,0.0,1.4
256308078773647,872.73,28,10.35,766.31,96.06,690.46,177.51,773.73,0.0,0.0,0.0,0.0,0.0,0.0,1.63,0.0,2.64,0.0,10.66,5.93,674.01,0.0,2.94
256308085722134,464.39,28,8.25,361.88,94.26,354.69,180.71,367.28,0.0,0.0,0.0,0.0,0.0,0.0,1.54,0.0,2.91,0.0,12.48,3.58,676.02,0.0,2.84
256308092005076,878.37,28,9.12,857.68,11.58,747.23,179.36,863.99,0.0,0.0,0.0,0.0,0.0,0.0,1.79,0.0,2.89,0.0,9.21,3.56,660.17,0.0,2.8
256308098713393,469.7,28,27.74,350.57,91.38,345.01,268.87,357.99,0.0,0.0,0.0,0.0,0.0,0.0,2.63,0.0,3.76,0.0,104.29,5.27,656.45,0.0,19.47
256308104935387,887.08,28,9.86,798.46,78.77,669.88,180.31,805.65,0.0,0.0,0.0,0.0,0.0,0.0,1.7,0.0,2.95,0.0,20.43,6.51,652.32,0.0,2.53
256308111872125,315.96,28,7.71,299.08,9.17,294.15,175.38,304.27,0.0,0.0,0.0,0.0,0.0,0.0,1.68,0.0,2.71,0.0,7.9,3.47,669.6,0.0,2.52
256308118005562,797.81,28,6.87,780.49,10.46,673.47,178.6,785.4,0.0,0.0,0.0,0.0,0.0,0.0,1.7,0.0,2.69,0.0,9.42,3.64,678.64,0.0,1.96
256308124744079,442.7,28,7.91,343.04,91.75,337.73,262.66,347.56,0.0,0.0,0.0,0.0,0.0,0.0,1.41,0.0,2.38,0.0,8.77,3.65,746.07,0.0,3.38
256308130427636,629.75,28,8.95,610.86,9.94,608.52,186.72,616.89,0.0,0.0,0.0,0.0,0.0,0.0,1.24,0.0,2.22,0.0,9.78,4.89,681.06,0.0,2.92
256308136387847,234.36,28,6.54,219.05,8.77,214.92,175.17,223.99,0.0,0.0,0.0,0.0,0.0,0.0,1.81,0.0,2.88,0.0,7.91,3.56,673.07,0.0,1.61
256308142029797,315.0,28,6.97,298.61,9.42,294.18,176.92,303.51,0.0,0.0,0.0,0.0,0.0,0.0,1.61,0.0,2.65,0.0,9.01,3.52,677.49,0.0,2.07
256308148004272,997.41,28,8.86,900.76,87.79,780.91,178.34,907.24,0.0,0.0,0.0,0.0,0.0,0.0,1.47,0.0,2.71,0.0,11.0,4.25,650.43,0.0,2.38
256308155029628,234.94,28,5.36,220.12,9.47,214.34,174.94,223.76,0.0,0.0,0.0,0.0,0.0,0.0,1.33,0.0,2.48,0.0,10.25,3.44,674.78,0.0,1.72
256308160556456,555.23,28,9.31,535.24,10.67,532.76,183.6,541.58,0.0,0.0,0.0,0.0,0.0,0.0,1.6,0.0,2.88,0.0,12.9,4.99,669.1,0.0,2.89
256308166447784,830.66,28,7.36,813.01,10.29,684.76,188.49,817.56,0.0,0.0,0.0,0.0,0.0,0.0,1.4,0.0,2.36,0.0,11.25,3.51,660.62,0.0,2.6
256308173592714,535.08,28,7.69,436.23,91.16,432.06,179.7,440.93,0.0,0.0,0.0,0.0,0.0,0.0,1.63,0.0,2.68,0.0,14.99,3.5,672.41,0.0,2.92
256308179899147,356.12,28,8.39,243.29,104.44,239.7,176.91,248.99,0.0,0.0,0.0,0.0,0.0,0.0,1.6,0.0,2.86,0.0,11.0,3.46,662.23,0.0,2.64
256308185937967,841.8,28,10.99,755.62,75.19,655.61,185.3,763.52,0.0,0.0,0.0,0.0,0.0,0.0,1.79,0.0,3.09,0.0,12.77,6.61,675.32,0.0,3.09
256308192838604,436.19,28,23.22,329.95,83.01,324.08,174.06,335.46,0.0,0.0,0.0,0.0,0.0,0.0,1.58,0.0,2.53,0.0,9.38,3.79,648.69,0.0,17.48
256308198560152,265.6,28,8.59,246.64,10.37,244.15,166.94,252.21,0.0,0.0,0.0,0.0,0.0,0.0,1.52,0.0,2.56,0.0,9.76,3.51,653.34,0.0,3.01
256308204576329,562.27,28,7.04,462.4,92.82,459.25,176.51,467.5,0.0,0.0,0.0,0.0,0.0,0.0,1.6,0.0,2.82,0.0,8.19,3.54,666.02,0.0,1.95
256308210449171,331.34,28,7.02,315.56,8.76,311.8,182.05,320.17,0.0,0.0,0.0,0.0,0.0,0.0,1.64,0.0,2.66,0.0,8.71,3.48,680.2,0.0,2.41
256308216090606,312.66,28,6.84,296.72,9.1,292.54,169.31,302.09,0.0,0.0,0.0,0.0,0.0,0.0,1.64,0.0,2.69,0.0,9.98,3.51,653.05,0.0,1.46
256308222027817,840.45,28,23.14,806.11,11.19,686.51,189.72,812.31,0.0,0.0,0.0,0.0,0.0,0.0,1.54,0.0,2.6,0.0,24.0,4.59,662.65,0.0,16.6
256308228822784,1008.26,28,8.93,904.17,95.16,794.25,188.81,909.99,0.0,0.0,0.0,0.0,0.0,0.0,1.37,0.0,2.39,0.0,8.46,3.5,670.52,0.0,3.12
256308236026893,803.07,28,10.49,781.85,10.72,676.35,179.49,789.91,0.0,0.0,0.0,0.0,0.0,0.0,1.68,0.0,2.67,0.0,13.18,7.39,665.91,0.0,2.43
256308242839623,308.23,28,8.05,290.38,9.8,288.38,183.85,295.79,0.0,0.0,0.0,0.0,0.0,0.0,1.55,0.0,2.55,0.0,19.88,4.08,665.92,0.0,2.64
256308248933787,870.4,28,26.52,764.64,79.24,666.09,186.66,770.92,0.0,0.0,0.0,0.0,0.0,0.0,1.6,0.0,2.79,0.0,14.18,4.96,672.21,0.0,20.14
256308255725905,463.99,28,10.17,361.45,92.37,359.58,186.7,368.8,0.0,0.0,0.0,0.0,0.0,0.0,1.61,0.0,2.6,0.0,9.48,4.75,678.97,0.0,2.82
256308261906203,392.24,28,7.66,297.87,86.7,293.22,176.42,302.43,0.0,0.0,0.0,0.0,0.0,0.0,1.49,0.0,2.46,0.0,8.68,3.41,668.5,0.0,3.1
256308268032718,321.38,28,7.4,305.04,8.94,302.03,174.36,310.04,0.0,0.0,0.0,0.0,0.0,0.0,1.5,0.0,2.72,0.0,9.99,3.5,662.55,0.0,2.4
256308274030466,314.91,28,7.94,296.49,10.49,293.53,174.23,301.89,0.0,0.0,0.0,0.0,0.0,0.0,1.63,0.0,2.6,0.0,8.33,3.45,669.28,0.0,2.54
256308280023639,872.4,28,7.71,849.68,15.01,740.11,176.43,854.5,0.0,0.0,0.0,0.0,0.0,0.0,1.64,0.0,2.67,0.0,8.91,3.92,669.59,0.0,2.9
256308287064137,312.81,28,6.44,297.36,9.01,294.05,181.28,302.47,0.0,0.0,0.0,0.0,0.0,0.0,1.47,0.0,2.53,0.0,9.75,3.46,673.85,0.0,1.33
256308292628028,505.2,28,7.76,488.59,8.84,485.9,175.15,493.75,0.0,0.0,0.0,0.0,0.0,0.0,1.74,0.0,2.72,0.0,8.69,3.5,678.71,0.0,2.6
256308298963078,818.62,28,8.12,759.08,51.43,646.38,179.89,764.46,0.0,0.0,0.0,0.0,0.0,0.0,1.59,0.0,2.94,0.0,10.23,3.51,668.98,0.0,2.73
256308305775626,262.01,28,19.33,232.53,10.15,229.87,170.89,238.7,0.0,0.0,0.0,0.0,0.0,0.0,1.68,0.0,2.81,0.0,15.12,3.83,647.41,0.0,13.16
256308311343389,254.69,28,8.08,236.37,10.24,233.0,176.4,241.65,0.0,0.0,0.0,0.0,0.0,0.0,1.79,0.0,2.83,0.0,12.03,3.52,664.62,0.0,2.8
256308317032743,310.35,28,7.1,293.57,9.68,290.91,171.17,298.86,0.0,0.0,0.0,0.0,0.0,0.0,1.61,0.0,2.89,0.0,8.47,3.6,666.67,0.0,1.81
256308323040883,786.96,28,7.64,768.73,10.6,661.18,166.09,773.61,0.0,0.0,0.0,0.0,0.0,0.0,1.63,0.0,2.77,0.0,8.8,3.49,634.29,0.0,2.76
256308329782198,372.71,28,7.72,276.26,88.73,271.12,176.51,281.25,0.0,0.0,0.0,0.0,0.0,0.0,1.6,0.0,2.56,0.0,8.71,3.49,658.52,0.0,2.73
256308335894672,413.99,28,9.02,317.9,87.06,314.92,170.12,323.89,0.0,0.0,0.0,0.0,0.0,0.0,1.81,0.0,2.83,0.0,10.01,5.35,659.83,0.0,3.04
256308342020696,763.72,28,7.25,746.07,10.39,649.96,172.64,750.82,0.0,0.0,0.0,0.0,0.0,0.0,1.39,0.0,2.47,0.0,8.49,3.42,664.82,0.0,2.5
256308348303677,761.77,28,7.56,742.85,11.36,656.49,247.73,747.62,0.0,0.0,0.0,0.0,0.0,0.0,1.53,0.0,2.54,0.0,85.25,3.57,690.18,0.0,2.79
256308355095146,236.16,28,6.37,220.97,8.82,217.78,171.7,226.1,0.0,0.0,0.0,0.0,0.0,0.0,1.65,0.0,2.63,0.0,11.12,3.54,649.16,0.0,1.23
256308361005099,850.22,28,7.14,831.68,11.4,728.2,194.3,836.57,0.0,0.0,0.0,0.0,0.0,0.0,1.86,0.0,2.92,0.0,13.64,3.44,685.57,0.0,2.25
256308367802171,417.97,28,8.54,312.38,97.05,308.31,184.16,317.59,0.0,0.0,0.0,0.0,0.0,0.0,1.47,0.0,2.53,0.0,14.46,3.5,655.66,0.0,3.34
256308373986474,325.82,28,8.4,289.76,27.67,287.11,169.69,295.55,0.0,0.0,0.0,0.0,0.0,0.0,1.82,0.0,2.97,0.0,12.28,3.47,646.88,0.0,2.6
256308379638984,314.77,28,7.17,297.46,10.14,294.32,181.94,302.08,0.0,0.0,0.0,0.0,0.0,0.0,1.53,0.0,2.55,0.0,9.23,3.44,683.44,0.0,2.55
256308385266534,750.62,28,8.5,732.06,10.07,728.19,177.31,737.81,0.0,0.0,0.0,0.0,0.0,0.0,1.85,0.0,2.95,0.0,15.18,3.49,673.27,0.0,2.74
256308391819172,394.65,28,62.7,243.46,88.49,295.95,168.6,303.45,0.0,0.0,0.0,0.0,0.0,0.0,5.46,0.0,56.3,0.0,13.97,5.45,631.87,0.0,2.71
256308397933858,828.88,28,9.14,742.27,77.46,684.45,184.4,748.01,0.0,0.0,0.0,0.0,0.0,0.0,1.67,0.0,3.12,0.0,13.09,6.4,666.72,0.0,3.41
256308404787929,869.23,28,10.03,758.49,100.7,661.08,190.92,765.77,0.0,0.0,0.0,0.0,0.0,0.0,1.81,0.0,2.88,0.0,12.25,6.89,684.14,0.0,2.76
256308411226308,787.34,28,6.79,771.73,8.82,732.25,180.82,775.97,0.0,0.0,0.0,0.0,0.0,0.0,1.66,0.0,2.65,0.0,9.31,3.77,661.99,0.0,2.55
256308417783704,450.9,28,8.74,349.76,92.4,346.64,182.31,355.38,0.0,0.0,0.0,0.0,0.0,0.0,1.5,0.0,2.46,0.0,12.34,5.01,684.66,0.0,3.12
256308423540947,565.95,28,11.32,544.76,9.87,544.42,182.26,552.72,0.0,0.0,0.0,0.0,0.0,0.0,1.62,0.0,2.62,0.0,10.36,5.83,660.28,0.0,3.36
256308429870426,967.03,28,8.3,773.56,185.17,667.67,173.93,778.95,0.0,0.0,0.0,0.0,0.0,0.0,1.57,0.0,2.51,0.0,10.54,3.67,667.3,0.0,2.91
256308436879719,265.73,28,7.92,247.55,10.26,244.16,171.1,252.58,0.0,0.0,0.0,0.0,0.0,0.0,1.51,0.0,2.54,0.0,12.8,3.44,654.38,0.0,2.89
256308442990717,860.71,28,9.52,828.67,22.51,692.92,174.11,835.4,0.0,0.0,0.0,0.0,0.0,0.0,1.44,0.0,2.49,0.0,11.92,5.78,648.9,0.0,2.8
256308449751428,441.17,28,10.14,337.16,93.86,335.67,184.65,344.11,0.0,0.0,0.0,0.0,0.0,0.0,1.53,0.0,2.65,0.0,18.11,4.55,653.79,0.0,3.2
256308456076092,916.0,28,7.58,802.9,105.52,677.97,181.16,807.78,0.0,0.0,0.0,0.0,0.0,0.0,1.74,0.0,2.96,0.0,9.75,3.44,678.85,0.0,2.7
256308463248768,249.09,28,7.41,231.86,9.81,227.25,177.37,236.7,0.0,0.0,0.0,0.0,0.0,0.0,1.69,0.0,2.65,0.0,9.35,3.48,682.26,0.0,2.57
256308469028714,286.42,28,7.23,270.27,8.92,266.52,174.34,275.25,0.0,0.0,0.0,0.0,0.0,0.0,1.77,0.0,2.85,0.0,10.88,3.48,666.0,0.0,2.25
256308475025928,815.91,28,21.55,783.59,10.77,676.02,184.65,787.67,0.0,0.0,0.0,0.0,0.0,0.0,1.53,0.0,2.99,0.0,9.81,3.49,664.96,0.0,17.09
256308481268903,742.43,28,9.08,722.92,10.43,681.68,184.19,729.3,0.0,0.0,0.0,0.0,0.0,0.0,1.96,0.0,3.06,0.0,11.12,4.97,675.67,0.0,2.7
256308487825193,352.82,28,8.52,246.67,97.63,244.45,175.63,252.71,0.0,0.0,0.0,0.0,0.0,0.0,1.58,0.0,2.63,0.0,11.61,5.16,674.55,0.0,2.48
256308493971329,831.47,28,7.92,779.11,44.44,652.05,186.38,784.7,0.0,0.0,0.0,0.0,0.0,0.0,1.76,0.0,2.97,0.0,15.01,3.65,662.59,0.0,2.34
256308501254082,759.98,28,7.51,659.56,92.91,656.17,184.1,664.85,0.0,0.0,0.0,0.0,0.0,0.0,1.46,0.0,2.52,0.0,10.57,3.48,676.78,0.0,2.22
256308507900435,321.93,28,9.04,222.6,90.29,220.57,173.97,228.83,0.0,0.0,0.0,0.0,0.0,0.0,1.53,0.0,2.82,0.0,15.03,6.76,664.75,0.0,2.81
256308514025347,262.12,28,7.2,246.02,8.91,242.88,173.4,250.92,0.0,0.0,0.0,0.0,0.0,0.0,2.14,0.0,3.25,0.0,8.34,3.37,657.43,0.0,2.29
256308520025379,897.74,28,8.87,876.16,12.72,756.16,186.79,882.83,0.0,0.0,0.0,0.0,0.0,0.0,1.69,0.0,2.75,0.0,18.88,4.63,674.28,0.0,2.2
256308526985516,242.62,28,10.39,222.9,9.34,221.99,180.17,230.56,0.0,0.0,0.0,0.0,0.0,0.0,2.7,0.0,3.87,0.0,22.75,8.12,663.8,0.0,2.73
256308532915196,888.29,28,15.21,771.56,101.53,678.34,219.34,784.07,0.0,0.0,0.0,0.0,0.0,0.0,1.37,0.0,2.52,0.0,67.81,11.08,679.55,0.0,2.69
256308539831470,367.62,28,8.43,257.16,102.03,254.65,170.43,262.6,0.0,0.0,0.0,0.0,0.0,0.0,1.58,0.0,2.65,0.0,13.0,3.6,651.57,0.0,3.0
256308545985706,271.06,28,7.08,236.67,27.31,233.78,174.49,241.83,0.0,0.0,0.0,0.0,0.0,0.0,1.57,0.0,2.7,0.0,9.27,3.49,659.53,0.0,1.93
256308552023021,804.62,28,19.91,775.05,9.66,667.15,183.58,779.75,0.0,0.0,0.0,0.0,0.0,0.0,1.42,0.0,2.38,0.0,10.27,3.62,654.9,0.0,14.78
256308558799197,406.91,28,8.45,314.0,84.46,311.67,177.84,319.57,0.0,0.0,0.0,0.0,0.0,0.0,1.72,0.0,2.75,0.0,20.83,3.51,658.15,0.0,2.87
256308565037228,834.66,28,8.01,812.51,14.14,680.64,176.18,817.43,0.0,0.0,0.0,0.0,0.0,0.0,1.72,0.0,2.88,0.0,9.38,3.65,660.86,0.0,3.03
256308571281648,727.74,28,6.81,710.07,10.85,672.54,183.81,714.94,0.0,0.0,0.0,0.0,0.0,0.0,1.6,0.0,2.68,0.0,8.8,3.51,681.73,0.0,1.94
256308577754301,444.4,28,8.39,345.72,90.3,342.55,174.63,350.54,0.0,0.0,0.0,0.0,0.0,0.0,1.42,0.0,2.38,0.0,9.04,3.51,670.37,0.0,3.57
256308584004703,737.09,28,8.7,715.99,12.4,658.65,185.45,721.72,0.0,0.0,0.0,0.0,0.0,0.0,1.75,0.0,2.87,0.0,15.51,4.38,677.36,0.0,2.97
256308590192497,257.24,28,8.41,239.43,9.4,237.1,173.66,244.62,0.0,0.0,0.0,0.0,0.0,0.0,1.72,0.0,3.12,0.0,9.19,3.46,668.26,0.0,3.22
256308595740077,386.75,28,9.57,367.49,9.69,366.36,179.4,374.38,0.0,0.0,0.0,0.0,0.0,0.0,1.51,0.0,2.81,0.0,17.18,5.66,674.0,0.0,2.68
256308601426501,314.11,28,6.62,299.26,8.22,294.06,175.7,303.98,0.0,0.0,0.0,0.0,0.0,0.0,1.51,0.0,2.62,0.0,10.24,3.51,670.66,0.0,1.91
256308606998037,793.59,28,72.02,709.45,12.12,660.64,236.33,778.69,0.0,0.0,0.0,0.0,0.0,0.0,2.97,0.0,4.08,0.0,75.61,70.12,673.48,0.0,2.67
256308614033506,287.98,28,8.03,270.92,9.03,269.05,180.08,276.82,0.0,0.0,0.0,0.0,0.0,0.0,1.65,0.0,2.79,0.0,26.27,3.42,666.48,0.0,2.13
256308619609002,508.27,28,9.24,490.51,8.52,488.83,185.28,497.29,0.0,0.0,0.0,0.0,0.0,0.0,1.54,0.0,2.63,0.0,12.49,5.28,672.17,0.0,2.46
256308625365616,675.68,28,6.93,659.6,9.16,656.21,178.13,664.15,0.0,0.0,0.0,0.0,0.0,0.0,1.31,0.0,2.33,0.0,8.88,3.49,672.2,0.0,2.37
256308631323062,690.16,28,7.76,673.38,9.01,655.77,182.7,678.08,0.0,0.0,0.0,0.0,0.0,0.0,1.66,0.0,2.79,0.0,13.45,3.52,660.01,0.0,3.06
256308637717185,418.41,28,8.29,321.48,88.64,318.2,184.64,326.26,0.0,0.0,0.0,0.0,0.0,0.0,1.64,0.0,2.65,0.0,7.97,3.47,676.64,0.0,3.51
256308643397163,247.95,28,7.43,230.71,9.81,227.45,173.65,235.42,0.0,0.0,0.0,0.0,0.0,0.0,1.53,0.0,2.52,0.0,8.65,3.49,670.75,0.0,2.73
256308648884011,1228.78,28,7.77,420.81,800.2,297.66,169.64,425.55,0.0,0.0,0.0,0.0,0.0,0.0,1.49,0.0,2.46,0.0,9.15,3.57,650.12,0.0,3.03
256308656647134,498.07,28,7.25,396.99,93.83,394.97,178.58,402.51,0.0,0.0,0.0,0.0,0.0,0.0,1.75,0.0,3.19,0.0,8.97,3.58,672.25,0.0,1.73
256308662947763,1029.66,28,7.88,954.51,67.28,674.01,175.12,959.98,0.0,0.0,0.0,0.0,0.0,0.0,1.58,0.0,2.72,0.0,8.9,3.9,649.12,0.0,2.4
256308669883761,323.65,28,7.82,225.34,90.49,222.16,176.96,229.96,0.0,0.0,0.0,0.0,0.0,0.0,1.51,0.0,2.57,0.0,9.6,3.52,661.97,0.0,3.2
256308675478077,580.08,28,7.01,563.63,9.44,559.7,185.01,568.47,0.0,0.0,0.0,0.0,0.0,0.0,1.49,0.0,2.48,0.0,14.01,3.49,672.14,0.0,2.17
256308681923113,926.84,28,8.07,831.82,86.95,725.32,175.47,837.24,0.0,0.0,0.0,0.0,0.0,0.0,1.65,0.0,2.79,0.0,11.69,3.69,669.12,0.0,2.65
256308688322234,698.78,28,8.71,680.5,9.57,678.78,198.48,686.12,0.0,0.0,0.0,0.0,0.0,0.0,1.53,0.0,2.53,0.0,9.03,4.51,696.31,0.0,3.1
256308694374322,267.95,28,6.62,251.94,9.38,248.4,175.73,256.64,0.0,0.0,0.0,0.0,0.0,0.0,1.52,0.0,2.46,0.0,11.31,3.59,658.5,0.0,1.93
256308699930519,246.9,28,9.4,227.81,9.68,224.67,173.15,232.96,0.0,0.0,0.0,0.0,0.0,0.0,1.7,0.0,2.64,0.0,10.12,3.46,664.82,0.0,4.26
256308705944320,917.62,28,30.54,817.15,69.93,662.66,175.9,825.91,0.0,0.0,0.0,0.0,0.0,0.0,1.7,0.0,3.67,0.0,17.95,7.39,661.11,0.0,21.78
256308712885166,320.89,28,6.58,304.96,9.35,302.45,179.82,309.36,0.0,0.0,0.0,0.0,0.0,0.0,1.47,0.0,2.42,0.0,9.5,3.5,679.28,0.0,2.18
256308719004857,802.49,28,9.5,781.41,11.58,675.0,187.56,788.54,0.0,0.0,0.0,0.0,0.0,0.0,1.66,0.0,2.85,0.0,18.25,4.94,662.78,0.0,2.37
256308725769126,435.03,28,9.17,324.99,100.87,322.04,176.98,331.25,0.0,0.0,0.0,0.0,0.0,0.0,1.53,0.0,2.5,0.0,11.62,5.24,681.09,0.0,2.9
256308731880917,344.72,28,7.85,252.2,84.66,249.8,169.25,257.45,0.0,0.0,0.0,0.0,0.0,0.0,1.54,0.0,2.64,0.0,10.78,3.48,644.27,0.0,2.61
256308738004122,791.38,28,6.84,773.23,11.32,652.79,175.93,778.04,0.0,0.0,0.0,0.0,0.0,0.0,1.59,0.0,2.67,0.0,12.92,3.49,654.64,0.0,2.02
256308745080793,243.1,28,6.38,227.04,9.69,224.21,172.05,231.97,0.0,0.0,0.0,0.0,0.0,0.0,1.62,0.0,2.7,0.0,9.03,3.41,667.75,0.0,1.44
256308751021461,849.66,28,7.77,830.04,11.85,678.41,184.09,835.77,0.0,0.0,0.0,0.0,0.0,0.0,1.56,0.0,2.56,0.0,11.23,4.62,678.68,0.0,2.04
256308757354986,677.42,28,8.09,660.65,8.69,658.7,187.24,666.49,0.0,0.0,0.0,0.0,0.0,0.0,1.63,0.0,2.62,0.0,17.04,3.61,672.78,0.0,2.24
256308763890427,398.39,28,9.12,299.32,89.95,297.32,170.43,305.52,0.0,0.0,0.0,0.0,0.0,0.0,1.63,0.0,2.72,0.0,10.51,5.16,640.74,0.0,2.77
256308770030949,266.9,28,7.75,249.67,9.47,247.16,170.07,254.95,0.0,0.0,0.0,0.0,0.0,0.0,1.51,0.0,2.7,0.0,11.52,3.63,654.92,0.0,2.47
256308775598850,338.49,28,6.28,323.08,9.13,317.71,180.26,327.52,0.0,0.0,0.0,0.0,0.0,0.0,1.39,0.0,2.51,0.0,8.36,3.44,685.21,0.0,1.84
256308781801197,417.52,28,9.17,309.53,98.82,305.93,179.79,315.6,0.0,0.0,0.0,0.0,0.0,0.0,1.6,0.0,2.74,0.0,26.51,4.46,648.71,0.0,3.1
256308787975574,919.89,28,10.46,870.61,38.81,752.74,162.09,878.47,0.0,0.0,0.0,0.0,0.0,0.0,2.66,0.0,3.81,0.0,13.65,4.35,659.93,0.0,2.61
256308794848218,406.52,28,13.41,295.85,97.26,297.73,217.73,306.37,0.0,0.0,0.0,0.0,0.0,0.0,1.6,0.0,2.94,0.0,59.8,8.59,658.87,0.0,2.89
256308800923609,904.28,28,10.56,807.37,86.34,706.11,193.26,814.95,0.0,0.0,0.0,0.0,0.0,0.0,1.76,0.0,2.94,0.0,13.68,5.93,670.98,0.0,2.9
256308807741342,401.2,28,8.89,299.16,93.14,296.33,181.46,305.02,0.0,0.0,0.0,0.0,0.0,0.0,1.49,0.0,2.66,0.0,11.3,3.93,658.06,0.0,3.03
256308813946088,831.2,28,8.52,755.95,66.73,648.31,172.88,761.62,0.0,0.0,0.0,0.0,0.0,0.0,1.67,0.0,2.79,0.0,11.9,3.91,660.98,0.0,2.85
256308820954257,1051.51,28,24.39,925.82,101.3,777.62,174.37,932.34,0.0,0.0,0.0,0.0,0.0,0.0,2.13,0.0,3.23,0.0,21.07,3.51,628.26,0.0,17.87
256308827698337,466.77,28,9.53,368.42,88.82,366.46,179.0,375.52,0.0,0.0,0.0,0.0,0.0,0.0,1.58,0.0,2.66,0.0,10.71,5.7,662.57,0.0,2.38
256308833969786,841.81,28,33.86,760.51,47.44,651.55,171.73,770.9,0.0,0.0,0.0,0.0,0.0,0.0,3.57,0.0,4.91,0.0,17.12,8.74,650.49,0.0,22.86
256308840793619,446.24,28,9.25,341.08,95.91,338.81,175.23,347.19,0.0,0.0,0.0,0.0,0.0,0.0,1.59,0.0,2.7,0.0,10.37,4.23,664.79,0.0,3.14
256308846542071,532.54,28,8.78,514.79,8.97,512.99,229.44,520.8,0.0,0.0,0.0,0.0,0.0,0.0,1.66,0.0,3.01,0.0,77.78,3.75,656.23,0.0,2.77
256308852892324,342.78,28,7.95,240.59,94.23,237.27,172.51,245.64,0.0,0.0,0.0,0.0,0.0,0.0,1.78,0.0,2.84,0.0,8.72,3.52,668.56,0.0,2.9
256308859030215,313.19,28,7.84,296.37,8.99,293.5,177.37,301.91,0.0,0.0,0.0,0.0,0.0,0.0,1.61,0.0,2.68,0.0,16.43,3.52,670.27,0.0,2.29
256308864717877,432.34,28,8.83,413.15,10.35,408.41,172.44,419.31,0.0,0.0,0.0,0.0,0.0,0.0,1.74,0.0,2.88,0.0,11.25,4.81,664.12,0.0,2.68
256308871002201,772.75,28,7.75,753.26,11.74,646.6,178.85,758.36,0.0,0.0,0.0,0.0,0.0,0.0,1.5,0.0,2.77,0.0,9.77,3.44,670.51,0.0,2.65
256308877292818,717.69,28,7.85,700.26,9.58,668.5,194.48,705.21,0.0,0.0,0.0,0.0,0.0,0.0,1.58,0.0,2.63,0.0,8.45,3.51,704.98,0.0,2.9
256308883756323,389.95,28,9.69,278.97,101.29,276.63,172.7,285.65,0.0,0.0,0.0,0.0,0.0,0.0,1.54,0.0,2.51,0.0,13.78,4.88,645.04,0.0,3.01
256308889984542,316.61,28,7.74,223.69,85.19,218.71,173.08,228.8,0.0,0.0,0.0,0.0,0.0,0.0,1.61,0.0,2.88,0.0,9.88,3.44,655.68,0.0,2.62
256308895581927,520.01,28,11.03,498.72,10.27,497.01,227.64,506.73,0.0,0.0,0.0,0.0,0.0,0.0,1.48,0.0,2.59,0.0,65.41,6.45,657.93,0.0,3.02
256308901920073,902.04,28,8.2,799.97,93.88,680.1,175.87,805.32,0.0,0.0,0.0,0.0,0.0,0.0,1.51,0.0,2.63,0.0,12.29,3.81,665.73,0.0,2.85
256308908722416,417.45,28,9.78,323.46,84.21,321.61,182.97,330.38,0.0,0.0,0.0,0.0,0.0,0.0,1.33,0.0,2.36,0.0,12.35,5.81,660.92,0.0,2.81
256308914910998,366.92,28,13.78,253.98,99.16,251.25,177.99,260.49,0.0,0.0,0.0,0.0,0.0,0.0,1.81,0.0,2.94,0.0,20.71,3.58,654.02,0.0,7.26
256308921005016,841.0,28,10.41,816.69,13.9,701.86,193.78,824.15,0.0,0.0,0.0,0.0,0.0,0.0,1.56,0.0,2.61,0.0,23.96,5.77,640.63,0.0,2.95
256308928307687,704.27,28,89.07,605.59,9.61,669.57,249.51,691.96,0.0,0.0,0.0,0.0,0.0,0.0,1.4,0.0,2.37,0.0,90.55,86.1,660.53,0.0,2.7
256308934326548,237.79,28,7.37,221.05,9.37,218.13,176.18,226.26,0.0,0.0,0.0,0.0,0.0,0.0,1.38,0.0,2.35,0.0,9.18,3.55,676.62,0.0,2.16
256308940029632,324.54,28,7.12,307.79,9.63,304.79,178.77,313.27,0.0,0.0,0.0,0.0,0.0,0.0,1.49,0.0,2.56,0.0,20.38,3.49,668.84,0.0,1.64
256308946022605,323.34,28,7.29,305.14,10.92,302.07,172.49,309.8,0.0,0.0,0.0,0.0,0.0,0.0,1.5,0.0,2.46,0.0,8.94,3.53,655.43,0.0,2.63
256308952294334,886.07,28,10.38,785.35,90.33,668.82,201.29,793.33,0.0,0.0,0.0,0.0,0.0,0.0,1.52,0.0,2.74,0.0,47.59,6.92,660.83,0.0,2.41
256308959802195,403.83,28,7.41,304.81,91.62,300.83,175.88,309.23,0.0,0.0,0.0,0.0,0.0,0.0,1.44,0.0,2.42,0.0,8.39,3.49,664.2,0.0,2.9
256308965975014,860.0,28,10.05,811.25,38.7,683.06,180.56,818.34,0.0,0.0,0.0,0.0,0.0,0.0,1.63,0.0,3.03,0.0,14.57,5.07,657.61,0.0,2.96
256308972761112,398.41,28,7.71,298.89,91.81,289.69,181.49,303.01,0.0,0.0,0.0,0.0,0.0,0.0,1.57,0.0,2.61,0.0,9.79,3.55,674.88,0.0,3.59
256308978929885,885.94,28,9.32,794.6,82.02,658.85,172.45,801.01,0.0,0.0,0.0,0.0,0.0,0.0,1.74,0.0,3.03,0.0,14.3,6.12,640.18,0.0,2.91
256308985331528,702.52,28,19.54,672.57,10.41,666.36,178.22,677.71,0.0,0.0,0.0,0.0,0.0,0.0,1.47,0.0,2.45,0.0,10.95,4.64,660.01,0.0,14.24
256308991816437,375.61,28,8.9,249.76,116.95,247.3,176.25,255.7,0.0,0.0,0.0,0.0,0.0,0.0,1.86,0.0,2.81,0.0,12.41,4.71,658.21,0.0,2.96
256308997982581,873.78,28,8.22,830.17,35.39,669.28,180.98,836.0,0.0,0.0,0.0,0.0,0.0,0.0,1.48,0.0,2.64,0.0,14.44,3.62,664.14,0.0,2.39
256309005075665,258.97,28,7.05,241.63,10.29,238.86,169.24,247.04,0.0,0.0,0.0,0.0,0.0,0.0,1.51,0.0,2.53,0.0,11.78,3.55,660.78,0.0,1.64
256309011099845,896.67,28,38.6,770.69,87.38,667.81,180.56,806.5,0.0,0.0,0.0,0.0,0.0,0.0,3.57,0.0,32.34,0.0,12.8,4.42,654.42,0.0,2.79
256309017763809,387.41,28,8.6,286.05,92.76,282.67,176.73,291.85,0.0,0.0,0.0,0.0,0.0,0.0,1.76,0.0,2.91,0.0,12.57,3.66,668.25,0.0,2.8
256309023915545,853.1,28,14.26,752.47,86.37,644.93,217.48,759.71,0.0,0.0,0.0,0.0,0.0,0.0,1.5,0.0,2.74,0.0,21.42,5.66,672.96,0.0,6.66
256309031031206,311.54,28,7.0,295.74,8.8,293.21,178.12,300.5,0.0,0.0,0.0,0.0,0.0,0.0,1.69,0.0,2.81,0.0,10.27,3.52,660.4,0.0,2.24
256309037013999,794.43,28,7.41,774.88,12.14,668.01,223.56,779.66,0.0,0.0,0.0,0.0,0.0,0.0,1.46,0.0,2.45,0.0,57.48,3.46,688.6,0.0,2.63
256309044073598,809.77,28,6.96,790.51,12.29,680.0,187.66,795.97,0.0,0.0,0.0,0.0,0.0,0.0,1.75,0.0,2.88,0.0,13.71,4.19,683.53,0.0,1.51
256309050808444,400.13,28,8.86,299.31,91.96,297.54,178.02,305.23,0.0,0.0,0.0,0.0,0.0,0.0,1.56,0.0,2.71,0.0,13.99,5.03,664.37,0.0,2.94
256309056554654,891.34,28,7.67,872.12,11.55,762.5,168.89,877.53,0.0,0.0,0.0,0.0,0.0,0.0,1.53,0.0,2.47,0.0,9.21,3.44,636.75,0.0,2.25
256309063847186,403.24,28,8.55,303.4,91.28,300.57,175.33,308.78,0.0,0.0,0.0,0.0,0.0,0.0,1.51,0.0,2.6,0.0,11.6,4.71,664.32,0.0,3.14
256309070005907,786.91,28,8.63,767.5,10.79,668.57,178.82,773.41,0.0,0.0,0.0,0.0,0.0,0.0,1.86,0.0,2.87,0.0,10.36,4.41,647.84,0.0,2.72
256309077791098,422.53,28,7.49,314.89,100.15,310.74,173.26,319.31,0.0,0.0,0.0,0.0,0.0,0.0,1.48,0.0,2.54,0.0,13.45,3.47,662.41,0.0,2.95
256309083558211,346.73,28,6.4,330.66,9.67,327.4,173.3,334.72,0.0,0.0,0.0,0.0,0.0,0.0,1.52,0.0,2.5,0.0,9.34,3.54,680.74,0.0,2.34
256309089709836,469.03,28,8.0,354.12,106.91,350.6,223.76,359.62,0.0,0.0,0.0,0.0,0.0,0.0,1.52,0.0,2.53,0.0,71.41,3.55,644.37,0.0,2.5
256309095505973,783.59,28,6.83,764.4,12.35,646.53,168.92,769.14,0.0,0.0,0.0,0.0,0.0,0.0,1.61,0.0,2.69,0.0,8.16,3.52,649.63,0.0,2.09
256309102747890,440.26,28,7.95,339.9,92.41,337.19,182.64,344.72,0.0,0.0,0.0,0.0,0.0,0.0,1.67,0.0,2.87,0.0,10.75,3.82,689.3,0.0,2.94
256309109005684,832.8,28,6.87,814.18,11.75,681.7,183.25,818.74,0.0,0.0,0.0,0.0,0.0,0.0,1.46,0.0,2.47,0.0,8.57,3.43,672.74,0.0,2.14
256309115902345,320.72,28,7.3,304.24,9.18,300.46,174.22,309.17,0.0,0.0,0.0,0.0,0.0,0.0,1.82,0.0,2.83,0.0,8.85,3.45,670.52,0.0,2.22
256309121525273,312.3,28,8.06,295.34,8.9,292.51,180.51,300.46,0.0,0.0,0.0,0.0,0.0,0.0,1.4,0.0,2.4,0.0,9.34,3.45,687.23,0.0,2.82
256309127302439,708.56,28,13.78,684.94,9.83,661.88,189.49,691.3,0.0,0.0,0.0,0.0,0.0,0.0,1.36,0.0,2.54,0.0,9.76,3.88,681.94,0.0,7.43
256309133880848,342.08,28,9.01,241.69,91.38,237.53,183.28,247.5,0.0,0.0,0.0,0.0,0.0,0.0,1.47,0.0,2.46,0.0,13.92,4.18,674.96,0.0,3.2
256309139580947,536.57,28,7.73,519.04,9.81,516.04,182.23,524.07,0.0,0.0,0.0,0.0,0.0,0.0,1.42,0.0,2.37,0.0,9.12,4.46,671.68,0.0,2.69
256309145961537,844.3,28,9.19,772.04,63.08,674.28,198.0,778.32,0.0,0.0,0.0,0.0,0.0,0.0,1.54,0.0,2.72,0.0,16.81,3.56,692.69,0.0,2.9
256309152802995,362.03,28,8.16,258.35,95.52,254.55,175.75,263.39,0.0,0.0,0.0,0.0,0.0,0.0,1.43,0.0,2.6,0.0,10.44,3.92,661.22,0.0,3.12
256309158884898,410.73,28,43.67,276.73,90.33,308.33,207.06,317.08,0.0,0.0,0.0,0.0,0.0,0.0,1.52,0.0,2.52,0.0,46.14,39.63,670.0,0.0,3.27
256309165004622,889.4,28,7.58,871.3,10.52,763.28,180.31,876.5,0.0,0.0,0.0,0.0,0.0,0.0,1.69,0.0,2.85,0.0,8.91,3.77,665.89,0.0,2.39
256309172151834,318.05,28,6.88,301.32,9.85,298.16,178.18,305.93,0.0,0.0,0.0,0.0,0.0,0.0,1.55,0.0,2.58,0.0,9.44,3.46,678.61,0.0,2.28
256309178024462,314.78,28,7.13,298.79,8.86,296.53,175.01,304.07,0.0,0.0,0.0,0.0,0.0,0.0,1.57,0.0,2.71,0.0,8.52,3.41,661.79,0.0,1.85
256309184025877,821.58,28,7.28,802.64,11.65,668.16,194.75,807.97,0.0,0.0,0.0,0.0,0.0,0.0,1.43,0.0,2.56,0.0,16.0,3.46,675.64,0.0,1.95
256309190774489,409.48,28,7.42,300.82,101.23,299.15,170.01,305.62,0.0,0.0,0.0,0.0,0.0,0.0,1.58,0.0,2.65,0.0,15.77,3.49,649.71,0.0,2.59
256309196932005,854.55,28,13.03,762.13,79.39,670.56,261.13,772.69,0.0,0.0,0.0,0.0,0.0,0.0,1.53,0.0,2.63,0.0,95.57,9.06,674.06,0.0,2.42
256309203754026,430.17,28,8.81,318.7,102.66,317.29,176.3,324.75,0.0,0.0,0.0,0.0,0.0,0.0,1.66,0.0,2.67,0.0,12.2,4.81,662.53,0.0,2.76
256309209898087,337.3,28,9.37,239.32,88.62,237.02,181.58,245.35,0.0,0.0,0.0,0.0,0.0,0.0,1.56,0.0,2.7,0.0,11.33,4.5,663.49,0.0,3.33
256309215567486,538.67,28,87.05,441.82,9.8,440.33,178.94,451.09,0.0,0.0,0.0,0.0,0.0,0.0,5.47,0.0,6.57,0.0,17.68,3.5,652.23,0.0,77.78
256309221877643,408.22,28,8.96,302.56,96.69,299.54,177.8,308.55,0.0,0.0,0.0,0.0,0.0,0.0,2.5,0.0,3.5,0.0,9.67,4.02,667.29,0.0,2.98
256309228022258,853.76,28,21.58,821.87,10.31,683.15,146.77,827.16,0.0,0.0,0.0,0.0,0.0,0.0,1.48,0.0,2.5,0.0,22.54,3.54,675.5,0.0,15.94
256309234744942,439.5,28,53.69,291.92,93.89,334.48,170.54,342.36,0.0,0.0,0.0,0.0,0.0,0.0,2.68,0.0,49.55,0.0,13.51,3.62,654.21,0.0,3.25
256309241006785,818.77,28,8.28,798.35,12.14,651.37,180.91,804.13,0.0,0.0,0.0,0.0,0.0,0.0,1.62,0.0,3.04,0.0,15.16,3.53,665.95,0.0,2.5
256309247291610,718.77,28,7.41,701.64,9.71,648.72,182.82,706.42,0.0,0.0,0.0,0.0,0.0,0.0,1.55,0.0,2.57,0.0,8.37,3.51,657.98,0.0,2.63
256309253345745,691.13,28,15.21,664.39,11.53,668.66,188.85,676.56,0.0,0.0,0.0,0.0,0.0,0.0,2.04,0.0,3.25,0.0,14.03,9.1,659.25,0.0,3.04
256309259433092,615.05,28,8.68,596.44,9.93,593.99,178.66,602.19,0.0,0.0,0.0,0.0,0.0,0.0,1.4,0.0,2.34,0.0,9.33,4.32,666.84,0.0,2.92
256309265787386,439.55,28,8.21,346.8,84.54,339.21,236.76,351.87,0.0,0.0,0.0,0.0,0.0,0.0,1.55,0.0,2.56,0.0,80.57,3.76,654.13,0.0,3.13
256309271589913,281.51,28,8.36,263.63,9.52,261.79,180.8,269.04,0.0,0.0,0.0,0.0,0.0,0.0,1.71,0.0,2.7,0.0,11.39,3.48,665.47,0.0,2.79
256309277165310,778.87,28,8.08,759.16,11.63,642.91,174.32,764.59,0.0,0.0,0.0,0.0,0.0,0.0,1.46,0.0,2.6,0.0,14.06,3.52,656.78,0.0,2.65
256309284199828,495.62,28,6.46,382.17,106.99,378.5,171.42,387.02,0.0,0.0,0.0,0.0,0.0,0.0,1.62,0.0,2.66,0.0,9.39,3.71,648.77,0.0,1.61
256309290079092,838.36,28,6.79,819.18,12.39,702.49,234.56,824.41,0.0,0.0,0.0,0.0,0.0,0.0,1.67,0.0,2.65,0.0,69.88,3.72,687.22,0.0,1.57
256309296353028,684.19,28,11.95,662.04,10.2,662.66,176.76,671.29,0.0,0.0,0.0,0.0,0.0,0.0,1.46,0.0,2.66,0.0,13.92,7.41,673.28,0.0,2.69
256309302841764,418.74,28,25.99,301.95,90.81,295.69,187.4,307.41,0.0,0.0,0.0,0.0,0.0,0.0,3.04,0.0,4.23,0.0,14.86,3.52,667.85,0.0,20.05
256309308625230,498.95,28,6.63,480.98,11.34,476.49,180.71,485.78,0.0,0.0,0.0,0.0,0.0,0.0,1.56,0.0,2.77,0.0,8.87,3.64,673.28,0.0,1.83
256309314893346,890.8,28,27.76,766.54,96.5,644.62,181.56,774.03,0.0,0.0,0.0,0.0,0.0,0.0,1.78,0.0,3.0,0.0,16.38,7.55,686.8,0.0,20.2
256309322081056,319.82,28,7.29,303.85,8.69,300.72,174.72,308.73,0.0,0.0,0.0,0.0,0.0,0.0,1.54,0.0,2.54,0.0,9.3,3.48,664.57,0.0,2.41
256309328028252,834.05,28,7.21,815.27,11.58,696.73,185.63,819.76,0.0,0.0,0.0,0.0,0.0,0.0,1.56,0.0,2.66,0.0,8.51,3.41,684.65,0.0,2.68
256309334810527,403.07,28,8.79,310.14,84.13,306.61,171.43,315.74,0.0,0.0,0.0,0.0,0.0,0.0,1.46,0.0,2.52,0.0,9.34,4.27,651.81,0.0,3.2
256309340516886,552.79,28,7.43,534.39,10.98,530.56,195.69,539.03,0.0,0.0,0.0,0.0,0.0,0.0,1.51,0.0,2.49,0.0,7.79,3.42,686.36,0.0,2.78
256309346511749,569.04,28,7.74,551.34,9.97,547.75,181.72,556.23,0.0,0.0,0.0,0.0,0.0,0.0,1.8,0.0,2.92,0.0,11.03,3.7,659.39,0.0,2.85
256309352363307,669.31,28,8.85,650.64,9.82,648.08,182.58,656.81,0.0,0.0,0.0,0.0,0.0,0.0,1.53,0.0,2.71,0.0,15.43,4.5,639.55,0.0,2.68
256309358898815,359.79,28,14.64,247.4,97.76,245.77,175.92,253.95,0.0,0.0,0.0,0.0,0.0,0.0,1.78,0.0,3.02,0.0,23.57,3.52,644.11,0.0,8.09
256309365004881,790.18,28,7.05,769.52,13.61,661.07,179.03,774.44,0.0,0.0,0.0,0.0,0.0,0.0,1.77,0.0,2.88,0.0,10.03,3.55,678.84,0.0,2.13
256309372664285,999.9,28,6.36,899.06,94.48,785.7,176.85,903.35,0.0,0.0,0.0,0.0,0.0,0.0,1.64,0.0,2.63,0.0,9.56,3.43,661.0,0.0,2.07
256309379257374,310.56,28,8.0,293.59,8.97,290.92,173.39,298.41,0.0,0.0,0.0,0.0,0.0,0.0,1.61,0.0,2.71,0.0,9.72,3.48,650.86,0.0,3.18
256309385041813,247.66,28,6.9,231.08,9.68,228.99,172.38,236.38,0.0,0.0,0.0,0.0,0.0,0.0,1.44,0.0,2.5,0.0,9.75,3.45,657.83,0.0,1.6
256309390993161,815.41,28,11.89,780.51,23.01,653.13,276.03,789.57,0.0,0.0,0.0,0.0,0.0,0.0,1.6,0.0,2.84,0.0,95.33,6.8,682.54,0.0,2.83
256309397891119,318.85,28,14.3,220.41,84.15,218.81,182.89,226.65,0.0,0.0,0.0,0.0,0.0,0.0,1.86,0.0,2.83,0.0,16.97,3.49,663.91,0.0,7.99
256309403549778,527.42,28,11.34,506.22,9.86,506.45,176.5,514.61,0.0,0.0,0.0,0.0,0.0,0.0,1.92,0.0,2.93,0.0,13.94,6.43,658.37,0.0,2.94
256309409857699,338.57,28,7.43,243.96,87.17,240.05,182.5,248.71,0.0,0.0,0.0,0.0,0.0,0.0,1.47,0.0,2.47,0.0,15.64,3.48,672.08,0.0,2.69
256309415879640,378.43,28,28.27,248.55,101.61,244.77,173.25,257.98,0.0,0.0,0.0,0.0,0.0,0.0,1.55,0.0,7.06,0.0,15.44,3.46,662.62,0.0,18.42
256309421950563,1001.61,28,9.88,930.26,61.47,840.16,188.53,937.41,0.0,0.0,0.0,0.0,0.0,0.0,1.84,0.0,3.21,0.0,12.17,4.8,672.52,0.0,2.74
256309429065752,256.11,28,6.71,240.85,8.55,238.01,177.38,246.16,0.0,0.0,0.0,0.0,0.0,0.0,1.78,0.0,2.93,0.0,8.91,3.55,667.76,0.0,1.41
256309434707282,329.83,28,7.53,313.38,8.92,307.95,177.2,318.38,0.0,0.0,0.0,0.0,0.0,0.0,1.74,0.0,2.68,0.0,10.03,3.58,660.13,0.0,2.52
256309440786891,417.64,28,7.67,322.29,87.69,319.26,176.23,327.16,0.0,0.0,0.0,0.0,0.0,0.0,1.69,0.0,2.71,0.0,11.74,3.51,661.39,0.0,2.79
256309447003588,785.77,28,9.16,765.22,11.39,654.89,187.5,771.85,0.0,0.0,0.0,0.0,0.0,0.0,1.72,0.0,2.85,0.0,13.79,5.38,667.15,0.0,2.54
256309453769930,425.29,28,10.42,317.26,97.62,317.42,184.94,324.68,0.0,0.0,0.0,0.0,0.0,0.0,1.51,0.0,2.46,0.0,10.53,5.17,682.0,0.0,2.95
256309459898285,323.75,28,8.3,231.11,84.34,223.82,170.84,236.48,0.0,0.0,0.0,0.0,0.0,0.0,1.42,0.0,2.45,0.0,9.06,3.94,661.56,0.0,2.93
256309466012377,873.64,28,15.51,845.51,12.62,685.76,180.25,851.09,0.0,0.0,0.0,0.0,0.0,0.0,3.09,0.0,4.09,0.0,11.85,5.82,667.45,0.0,9.19
256309473199981,250.12,28,7.33,222.14,20.65,218.86,174.41,227.21,0.0,0.0,0.0,0.0,0.0,0.0,1.67,0.0,2.66,0.0,8.82,3.59,661.13,0.0,2.26
256309479037445,812.9,28,7.75,795.51,9.65,672.36,184.44,800.96,0.0,0.0,0.0,0.0,0.0,0.0,2.55,0.0,3.65,0.0,24.39,3.53,669.94,0.0,2.29
256309485770045,396.77,28,9.92,287.23,99.62,284.84,182.99,294.4,0.0,0.0,0.0,0.0,0.0,0.0,1.39,0.0,2.52,0.0,16.62,5.59,676.68,0.0,2.74
256309491912021,870.91,28,11.34,762.7,96.87,653.34,181.71,771.1,0.0,0.0,0.0,0.0,0.0,0.0,1.8,0.0,3.06,0.0,15.24,8.89,662.11,0.0,2.94
256309498737264,409.6,28,8.38,306.15,95.07,303.53,179.14,311.97,0.0,0.0,0.0,0.0,0.0,0.0,1.62,0.0,2.77,0.0,10.07,3.49,636.95,0.0,2.56
256309504994483,861.03,28,37.63,803.6,19.8,657.02,259.83,819.31,0.0,0.0,0.0,0.0,0.0,0.0,1.68,0.0,2.94,0.0,105.22,14.37,671.57,0.0,21.1
256309511738361,447.24,28,9.37,349.35,88.52,347.12,177.99,355.55,0.0,0.0,0.0,0.0,0.0,0.0,1.5,0.0,2.66,0.0,15.6,3.55,660.84,0.0,3.17
256309517985027,830.82,28,9.57,792.2,29.05,679.67,179.25,797.95,0.0,0.0,0.0,0.0,0.0,0.0,1.78,0.0,2.87,0.0,12.52,4.06,683.76,0.0,3.42
256309524869815,329.12,28,7.59,228.26,93.27,225.43,170.04,232.73,0.0,0.0,0.0,0.0,0.0,0.0,1.73,0.0,2.7,0.0,10.26,3.53,648.26,0.0,2.93
256309530502180,569.91,28,8.03,552.43,9.46,550.01,181.7,557.66,0.0,0.0,0.0,0.0,0.0,0.0,1.5,0.0,2.64,0.0,11.24,3.54,679.24,0.0,2.67
256309536882640,343.45,28,36.21,215.69,91.56,241.22,169.57,249.16,0.0,0.0,0.0,0.0,0.0,0.0,2.03,0.0,31.41,0.0,11.54,3.46,661.57,0.0,2.73
256309542984319,929.0,28,26.8,872.26,29.94,763.31,175.47,879.1,0.0,0.0,0.0,0.0,0.0,0.0,1.92,0.0,3.02,0.0,13.13,6.25,661.88,0.0,19.44
256309550076041,814.08,28,9.78,793.28,11.02,664.46,187.89,800.86,0.0,0.0,0.0,0.0,0.0,0.0,1.72,0.0,2.98,0.0,23.41,4.6,651.61,0.0,2.2
256309556718835,462.31,28,9.08,350.83,102.4,347.46,185.96,356.85,0.0,0.0,0.0,0.0,0.0,0.0,1.65,0.0,2.69,0.0,9.68,4.6,680.29,0.0,3.07
256309563027824,790.95,28,11.8,768.86,10.29,656.49,195.06,778.07,0.0,0.0,0.0,0.0,0.0,0.0,1.47,0.0,2.48,0.0,13.18,8.07,679.57,0.0,2.59
256309569760575,448.54,28,23.99,325.2,99.35,318.61,192.72,331.46,0.0,0.0,0.0,0.0,0.0,0.0,1.52,0.0,2.54,0.0,13.28,4.3,664.5,0.0,17.7
256309575574300,508.88,28,9.19,490.03,9.66,488.73,228.68,496.34,0.0,0.0,0.0,0.0,0.0,0.0,1.64,0.0,2.66,0.0,65.87,4.29,655.96,0.0,2.88
256309581891582,360.47,28,11.84,248.11,100.51,249.27,185.9,256.88,0.0,0.0,0.0,0.0,0.0,0.0,1.57,0.0,2.57,0.0,12.71,6.19,675.3,0.0,3.08
256309588021772,810.15,28,8.36,790.86,10.93,662.6,239.84,796.67,0.0,0.0,0.0,0.0,0.0,0.0,1.46,0.0,2.47,0.0,103.63,4.18,647.4,0.0,2.45
256309595052852,864.0,28,9.53,843.08,11.39,723.68,184.71,850.9,0.0,0.0,0.0,0.0,0.0,0.0,1.42,0.0,2.38,0.0,19.64,7.19,636.47,0.0,1.71
256309601882093,395.97,28,7.78,298.25,89.94,294.75,176.84,303.15,0.0,0.0,0.0,0.0,0.0,0.0,1.62,0.0,2.67,0.0,7.98,3.4,652.21,0.0,2.87
256309608030749,901.15,28,24.3,864.79,12.05,657.29,197.31,870.91,0.0,0.0,0.0,0.0,0.0,0.0,1.35,0.0,2.37,0.0,30.54,5.14,665.73,0.0,17.9
256309614993044,788.96,28,6.71,768.24,14.01,667.69,172.64,773.49,0.0,0.0,0.0,0.0,0.0,0.0,1.62,0.0,2.7,0.0,12.47,3.5,668.93,0.0,1.47
256309622038563,816.87,28,12.25,792.14,12.48,644.5,179.75,801.95,0.0,0.0,0.0,0.0,0.0,0.0,1.96,0.0,2.95,0.0,16.24,7.6,643.6,0.0,2.44
256309628827434,402.35,28,8.0,298.32,96.04,296.55,175.86,303.75,0.0,0.0,0.0,0.0,0.0,0.0,1.58,0.0,2.82,0.0,11.22,4.07,651.37,0.0,2.56
256309634584237,534.87,28,7.14,518.18,9.55,515.68,176.33,523.31,0.0,0.0,0.0,0.0,0.0,0.0,1.5,0.0,2.55,0.0,9.03,3.55,656.1,0.0,2.01
256309640951718,1021.29,28,8.9,949.96,62.43,661.48,173.44,956.38,0.0,0.0,0.0,0.0,0.0,0.0,1.67,0.0,2.91,0.0,11.41,6.42,654.62,0.0,2.49
256309648721570,905.4,28,6.34,804.46,94.59,691.3,190.39,809.55,0.0,0.0,0.0,0.0,0.0,0.0,1.66,0.0,2.66,0.0,9.68,3.54,688.25,0.0,1.26
256309656027174,898.63,28,6.89,881.18,10.57,759.89,180.36,885.9,0.0,0.0,0.0,0.0,0.0,0.0,1.54,0.0,2.73,0.0,9.97,3.49,670.2,0.0,2.16
256309662863532,436.96,28,8.66,332.76,95.54,330.02,173.5,338.28,0.0,0.0,0.0,0.0,0.0,0.0,1.68,0.0,2.67,0.0,8.07,3.55,645.94,0.0,3.14
256309669035071,837.93,28,8.33,817.85,11.75,697.08,179.81,824.18,0.0,0.0,0.0,0.0,0.0,0.0,1.51,0.0,2.87,0.0,13.31,4.37,671.68,0.0,2.0
256309676108930,315.77,28,6.26,299.69,9.83,295.66,169.96,304.33,0.0,0.0,0.0,0.0,0.0,0.0,1.5,0.0,2.44,0.0,9.26,3.45,656.45,0.0,1.62
256309682028974,314.24,28,7.35,297.81,9.08,294.09,170.18,302.62,0.0,0.0,0.0,0.0,0.0,0.0,1.61,0.0,2.65,0.0,7.84,3.41,664.4,0.0,2.53
256309687714037,332.26,28,17.14,304.66,10.47,302.31,178.18,319.08,0.0,0.0,0.0,0.0,0.0,0.0,1.55,0.0,2.51,0.0,19.56,13.06,668.78,0.0,2.71
256309693793917,441.51,28,30.29,311.44,99.78,310.81,251.3,322.14,0.0,0.0,0.0,0.0,0.0,0.0,2.86,0.0,3.84,0.0,86.62,8.28,653.7,0.0,19.17
256309700024778,774.16,28,7.93,754.07,12.16,641.7,183.99,759.98,0.0,0.0,0.0,0.0,0.0,0.0,1.63,0.0,2.74,0.0,14.89,3.72,663.69,0.0,2.02
256309706790322,370.1,28,8.57,270.19,91.34,267.62,180.12,276.06,0.0,0.0,0.0,0.0,0.0,0.0,1.78,0.0,2.96,0.0,8.63,3.43,660.78,0.0,2.7
256309712488059,583.57,28,8.9,565.73,8.94,562.8,179.31,572.25,0.0,0.0,0.0,0.0,0.0,0.0,1.75,0.0,2.73,0.0,11.19,5.09,666.56,0.0,2.37
256309718768706,413.45,28,25.89,297.04,90.53,293.32,181.51,304.25,0.0,0.0,0.0,0.0,0.0,0.0,2.99,0.0,3.96,0.0,15.4,3.65,663.06,0.0,18.57
256309724941770,834.02,28,9.45,747.85,76.73,657.45,176.34,754.6,0.0,0.0,0.0,0.0,0.0,0.0,1.88,0.0,3.2,0.0,10.71,5.49,666.65,0.0,2.69
256309731784307,377.97,28,9.58,268.24,100.15,266.62,168.72,274.86,0.0,0.0,0.0,0.0,0.0,0.0,1.41,0.0,2.35,0.0,11.71,6.2,646.98,0.0,2.96
256309737910950,915.38,28,11.02,802.57,101.8,679.26,187.15,810.49,0.0,0.0,0.0,0.0,0.0,0.0,1.56,0.0,2.9,0.0,14.76,5.82,671.31,0.0,3.09
256309744807203,937.89,28,9.72,838.36,89.81,722.79,178.63,844.92,0.0,0.0,0.0,0.0,0.0,0.0,1.77,0.0,2.91,0.0,11.65,5.21,665.17,0.0,3.15
256309752582122,879.02,28,7.25,771.26,100.51,658.09,180.25,777.0,0.0,0.0,0.0,0.0,0.0,0.0,1.51,0.0,2.47,0.0,13.22,4.72,665.38,0.0,1.52
256309760020824,775.07,28,9.46,750.93,14.68,651.84,183.59,757.58,0.0,0.0,0.0,0.0,0.0,0.0,1.65,0.0,2.96,0.0,11.34,4.88,677.12,0.0,2.81
256309766776798,463.26,28,7.87,360.02,95.36,356.21,176.66,364.83,0.0,0.0,0.0,0.0,0.0,0.0,1.68,0.0,2.6,0.0,12.56,3.56,654.8,0.0,2.99
256309773025720,738.01,28,7.76,717.92,12.33,650.36,178.41,722.75,0.0,0.0,0.0,0.0,0.0,0.0,1.37,0.0,2.41,0.0,8.52,3.47,632.11,0.0,2.93
256309780091538,855.21,28,7.56,836.74,10.9,683.95,186.42,842.51,0.0,0.0,0.0,0.0,0.0,0.0,1.88,0.0,3.95,0.0,11.2,3.98,679.31,0.0,1.79
256309786811806,431.75,28,7.05,320.28,104.41,316.8,172.85,324.34,0.0,0.0,0.0,0.0,0.0,0.0,1.64,0.0,2.62,0.0,9.63,3.52,658.61,0.0,2.71
256309793033025,777.39,28,7.28,756.01,14.11,638.91,191.82,761.39,0.0,0.0,0.0,0.0,0.0,0.0,1.87,0.0,2.94,0.0,9.43,3.64,692.41,0.0,1.9
256309799752372,408.31,28,53.48,262.01,92.81,301.51,164.77,312.75,0.0,0.0,0.0,0.0,0.0,0.0,2.4,0.0,49.67,0.0,9.14,3.46,669.33,0.0,2.75
256309805531250,543.28,28,42.16,491.8,9.32,521.66,181.07,531.42,0.0,0.0,0.0,0.0,0.0,0.0,5.73,0.0,37.3,0.0,11.91,3.62,651.55,0.0,2.54
256309811912139,890.4,28,29.3,764.14,96.96,651.32,174.64,771.61,0.0,0.0,0.0,0.0,0.0,0.0,2.79,0.0,3.99,0.0,10.93,5.59,660.28,0.0,21.37
256309819043517,257.26,28,7.73,239.98,9.55,234.64,173.2,246.07,0.0,0.0,0.0,0.0,0.0,0.0,1.66,0.0,3.31,0.0,9.45,3.55,654.5,0.0,1.64
256309825023034,836.5,28,9.47,812.01,15.02,684.43,187.13,818.9,0.0,0.0,0.0,0.0,0.0,0.0,2.13,0.0,3.29,0.0,9.31,4.37,670.58,0.0,2.57
256309831432833,327.3,28,7.43,310.18,9.69,307.37,174.73,315.03,0.0,0.0,0.0,0.0,0.0,0.0,1.83,0.0,2.83,0.0,8.48,3.46,672.84,0.0,2.59
256309837635093,523.19,28,7.71,416.31,99.18,413.97,191.3,421.66,0.0,0.0,0.0,0.0,0.0,0.0,1.66,0.0,2.76,0.0,11.65,3.93,670.74,0.0,2.35
256309843594271,253.69,28,7.06,237.25,9.37,234.14,171.53,242.22,0.0,0.0,0.0,0.0,0.0,0.0,1.42,0.0,2.5,0.0,9.62,3.44,669.88,0.0,2.09
256309849585971,527.27,28,8.03,422.13,97.11,418.46,177.84,427.3,0.0,0.0,0.0,0.0,0.0,0.0,1.68,0.0,2.77,0.0,12.88,3.84,665.38,0.0,2.87
256309856002557,823.31,28,8.38,802.75,12.18,689.48,187.55,808.86,0.0,0.0,0.0,0.0,0.0,0.0,1.64,0.0,2.8,0.0,15.78,3.65,671.33,0.0,2.27
256309863084493,312.92,28,7.65,295.94,9.33,288.95,172.65,301.33,0.0,0.0,0.0,0.0,0.0,0.0,1.45,0.0,2.53,0.0,9.73,3.45,655.39,0.0,2.26
256309868770919,381.49,28,7.6,363.28,10.61,359.64,178.49,368.19,0.0,0.0,0.0,0.0,0.0,0.0,1.4,0.0,2.35,0.0,9.07,3.83,658.4,0.0,2.69
256309874553457,333.15,28,5.97,317.03,10.15,311.26,188.55,321.43,0.0,0.0,0.0,0.0,0.0,0.0,1.44,0.0,2.39,0.0,8.12,3.48,680.57,0.0,1.58
256309880771210,933.62,28,27.42,799.01,107.19,668.5,220.94,805.02,0.0,0.0,0.0,0.0,0.0,0.0,1.48,0.0,2.56,0.0,67.44,3.68,667.04,0.0,21.19
256309887330364,252.01,28,7.25,235.01,9.76,230.51,177.91,240.03,0.0,0.0,0.0,0.0,0.0,0.0,1.64,0.0,2.62,0.0,9.66,3.45,675.12,0.0,2.23
256309893046360,794.05,28,5.69,775.64,12.71,654.12,176.11,779.95,0.0,0.0,0.0,0.0,0.0,0.0,1.37,0.0,2.34,0.0,8.51,3.79,659.57,0.0,1.39
256309900100383,316.91,28,5.74,302.03,9.14,298.7,181.27,306.61,0.0,0.0,0.0,0.0,0.0,0.0,1.34,0.0,2.31,0.0,8.54,3.41,683.95,0.0,1.16
256309905746514,312.23,28,7.71,294.23,10.28,291.19,178.18,299.83,0.0,0.0,0.0,0.0,0.0,0.0,1.41,0.0,2.67,0.0,18.19,3.66,671.61,0.0,2.09
256309911514278,555.51,28,23.59,521.21,10.72,515.09,189.58,527.0,0.0,0.0,0.0,0.0,0.0,0.0,1.68,0.0,2.77,0.0,16.37,3.91,669.82,0.0,17.4
256309917910134,876.24,28,11.22,759.89,105.13,650.01,187.71,768.43,0.0,0.0,0.0,0.0,0.0,0.0,1.41,0.0,2.59,0.0,21.66,6.72,649.15,0.0,2.67
256309924837914,1359.6,28,6.68,505.58,847.33,388.4,166.49,510.49,0.0,0.0,0.0,0.0,0.0,0.0,1.56,0.0,2.64,0.0,9.12,3.54,649.16,0.0,1.77
256309932822085,900.56,28,8.39,788.44,103.73,656.01,304.72,793.83,0.0,0.0,0.0,0.0,0.0,0.0,1.55,0.0,2.54,0.0,216.82,3.65,666.21,0.0,3.0
256309940035994,315.14,28,7.04,298.24,9.86,295.86,176.68,303.53,0.0,0.0,0.0,0.0,0.0,0.0,1.84,0.0,2.79,0.0,9.25,3.46,662.34,0.0,1.76
256309946024353,769.71,28,7.35,751.92,10.44,644.43,166.46,757.34,0.0,0.0,0.0,0.0,0.0,0.0,1.75,0.0,2.92,0.0,8.28,3.5,624.62,0.0,1.94
256309952404444,636.0,28,7.04,619.5,9.46,615.68,260.54,624.3,0.0,0.0,0.0,0.0,0.0,0.0,1.5,0.0,2.46,0.0,101.65,3.48,669.21,0.0,2.24
256309958902404,341.67,28,10.1,239.28,92.29,238.69,171.19,246.69,0.0,0.0,0.0,0.0,0.0,0.0,1.64,0.0,2.68,0.0,12.96,6.04,655.76,0.0,2.69
256309965022860,800.57,28,25.33,761.3,13.94,660.01,181.58,768.93,0.0,0.0,0.0,0.0,0.0,0.0,1.6,0.0,3.07,0.0,11.63,6.03,668.75,0.0,17.47
256309971806403,405.47,28,56.33,259.13,90.01,304.86,172.13,312.84,0.0,0.0,0.0,0.0,0.0,0.0,51.71,0.0,52.8,0.0,14.05,3.67,653.57,0.0,2.62
256309978023953,796.05,28,71.67,714.09,10.29,653.79,171.61,783.22,0.0,0.0,0.0,0.0,0.0,0.0,7.81,0.0,67.27,0.0,18.14,3.61,652.6,0.0,2.54
256309984749269,402.7,28,78.17,230.89,93.64,298.05,228.89,306.26,0.0,0.0,0.0,0.0,0.0,0.0,6.71,0.0,7.76,0.0,84.17,70.28,642.21,0.0,2.79
256309990549607,524.86,28,8.55,506.44,9.88,504.82,193.84,512.23,0.0,0.0,0.0,0.0,0.0,0.0,1.85,0.0,2.94,0.0,10.76,4.19,693.81,0.0,2.76
256309996938391,983.05,28,7.49,885.85,89.71,676.06,178.47,890.82,0.0,0.0,0.0,0.0,0.0,0.0,1.71,0.0,2.9,0.0,8.07,3.42,668.0,0.0,2.52
256310005265653,768.29,28,11.38,745.87,11.05,739.36,198.24,752.88,0.0,0.0,0.0,0.0,0.0,0.0,2.1,0.0,3.38,0.0,14.76,3.71,702.8,0.0,4.37
256310012005863,843.95,28,9.57,824.16,10.22,689.38,179.96,831.59,0.0,0.0,0.0,0.0,0.0,0.0,1.69,0.0,2.94,0.0,16.46,5.91,658.95,0.0,2.13
256310018966925,919.51,28,9.4,859.28,50.83,681.12,172.62,866.25,0.0,0.0,0.0,0.0,0.0,0.0,1.54,0.0,2.68,0.0,12.79,6.72,662.93,0.0,2.44
256310025871383,922.07,28,8.48,811.6,101.98,682.06,191.31,817.23,0.0,0.0,0.0,0.0,0.0,0.0,1.81,0.0,2.77,0.0,15.32,3.59,655.41,0.0,2.86
256310032947906,841.97,28,9.84,767.53,64.59,663.22,178.18,774.86,0.0,0.0,0.0,0.0,0.0,0.0,1.52,0.0,2.77,0.0,11.41,5.59,651.48,0.0,2.52
256310039380037,657.47,28,8.19,640.42,8.86,636.83,188.65,646.1,0.0,0.0,0.0,0.0,0.0,0.0,1.72,0.0,2.74,0.0,12.32,3.66,668.09,0.0,2.5
256310045933462,324.9,28,6.2,242.56,76.14,236.86,175.13,246.68,0.0,0.0,0.0,0.0,0.0,0.0,1.45,0.0,2.64,0.0,8.14,3.36,659.91,0.0,2.08
256310051724771,469.55,28,7.09,451.95,10.51,321.6,176.19,456.65,0.0,0.0,0.0,0.0,0.0,0.0,1.59,0.0,2.6,0.0,8.38,3.43,684.64,0.0,2.39
256310058873660,424.24,28,8.21,318.05,97.98,314.57,175.46,323.08,0.0,0.0,0.0,0.0,0.0,0.0,1.58,0.0,2.57,0.0,19.96,3.51,627.94,0.0,3.18
256310065030698,792.5,28,59.45,719.79,13.26,661.57,219.81,777.33,0.0,0.0,0.0,0.0,0.0,0.0,1.48,0.0,2.51,0.0,62.96,56.05,672.94,0.0,1.91
256310071826802,359.66,28,9.29,254.84,95.52,253.06,178.14,261.1,0.0,0.0,0.0,0.0,0.0,0.0,1.45,0.0,2.52,0.0,11.03,4.8,669.8,0.0,2.99
256310077567794,511.57,28,6.67,495.36,9.55,490.09,169.87,499.9,0.0,0.0,0.0,0.0,0.0,0.0,1.62,0.0,2.74,0.0,8.84,3.51,642.38,0.0,2.12
256310083935911,877.84,28,174.68,626.37,76.8,664.75,207.01,797.64,0.0,0.0,0.0,0.0,0.0,0.0,4.67,0.0,168.59,0.0,19.81,3.62,701.93,0.0,3.4
256310090912744,902.01,28,9.96,794.75,97.29,674.2,184.2,801.86,0.0,0.0,0.0,0.0,0.0,0.0,1.38,0.0,2.56,0.0,16.27,6.74,669.65,0.0,2.86
256310098005907,938.24,28,6.86,916.26,15.11,741.63,177.31,921.41,0.0,0.0,0.0,0.0,0.0,0.0,1.59,0.0,2.77,0.0,8.88,3.5,651.3,0.0,1.72
256310105566488,549.36,28,10.89,449.07,89.41,448.11,185.46,457.04,0.0,0.0,0.0,0.0,0.0,0.0,1.43,0.0,2.41,0.0,18.07,5.95,652.64,0.0,2.92
256310112023522,795.0,28,8.93,771.23,14.84,667.71,177.45,777.9,0.0,0.0,0.0,0.0,0.0,0.0,1.5,0.0,2.46,0.0,10.09,4.91,666.65,0.0,2.25
256310118380628,312.74,28,8.0,295.51,9.23,291.17,175.41,299.72,0.0,0.0,0.0,0.0,0.0,0.0,1.3,0.0,2.32,0.0,9.0,3.46,659.68,0.0,3.35
256310124106904,351.22,28,6.06,336.18,8.98,331.56,173.45,340.73,0.0,0.0,0.0,0.0,0.0,0.0,1.33,0.0,2.27,0.0,9.69,3.54,677.03,0.0,1.51
256310130133952,864.03,28,6.8,769.13,88.1,648.67,171.39,774.47,0.0,0.0,0.0,0.0,0.0,0.0,1.58,0.0,2.59,0.0,9.61,3.49,649.12,0.0,1.46
256310136957472,851.22,28,9.43,783.97,57.82,677.46,178.17,790.85,0.0,0.0,0.0,0.0,0.0,0.0,1.51,0.0,2.68,0.0,10.86,5.19,682.24,0.0,2.53
256310144681748,492.39,28,9.73,387.15,95.51,386.96,172.69,395.56,0.0,0.0,0.0,0.0,0.0,0.0,1.52,0.0,2.57,0.0,18.7,6.59,652.75,0.0,1.29
256310151022506,880.85,28,5.83,864.99,10.03,751.75,179.69,868.79,0.0,0.0,0.0,0.0,0.0,0.0,1.52,0.0,2.76,0.0,9.25,3.48,668.47,0.0,2.03
256310157942654,881.93,28,8.86,801.43,71.64,663.71,178.88,806.95,0.0,0.0,0.0,0.0,0.0,0.0,1.46,0.0,2.75,0.0,21.08,3.55,651.91,0.0,3.34
256310165387362,321.66,28,20.32,290.88,10.46,300.97,182.81,308.72,0.0,0.0,0.0,0.0,0.0,0.0,1.4,0.0,2.37,0.0,24.53,18.36,651.33,0.0,2.48
256310171537523,574.74,28,8.94,469.27,96.52,467.67,185.53,476.12,0.0,0.0,0.0,0.0,0.0,0.0,1.52,0.0,2.51,0.0,14.13,4.83,665.99,0.0,2.1
256310178024884,878.48,28,30.83,833.55,14.1,671.89,183.16,840.48,0.0,0.0,0.0,0.0,0.0,0.0,3.93,0.0,5.03,0.0,18.27,3.54,636.52,0.0,23.44
256310184816462,364.03,28,9.27,259.04,95.73,257.21,172.14,265.19,0.0,0.0,0.0,0.0,0.0,0.0,1.64,0.0,2.78,0.0,11.18,5.34,653.06,0.0,3.11
256310190581059,503.0,28,8.19,485.41,9.4,483.16,180.43,490.86,0.0,0.0,0.0,0.0,0.0,0.0,1.48,0.0,2.51,0.0,9.58,3.63,667.34,0.0,2.74
256310196925412,918.41,28,13.04,820.91,84.46,683.55,260.03,830.81,0.0,0.0,0.0,0.0,0.0,0.0,1.42,0.0,2.73,0.0,108.21,8.18,641.98,0.0,3.15
256310203914695,945.62,28,8.8,839.3,97.52,671.08,185.18,845.19,0.0,0.0,0.0,0.0,0.0,0.0,1.79,0.0,3.0,0.0,17.64,3.75,684.54,0.0,2.92
256310211088971,312.7,28,7.74,295.35,9.61,290.25,176.38,301.26,0.0,0.0,0.0,0.0,0.0,0.0,1.44,0.0,2.39,0.0,14.76,3.52,667.69,0.0,1.82
256310217032867,753.49,28,8.55,732.28,12.67,671.92,168.47,739.0,0.0,0.0,0.0,0.0,0.0,0.0,1.48,0.0,2.64,0.0,11.0,5.84,639.91,0.0,1.83
256310223807366,360.56,28,10.76,259.69,90.11,260.02,173.56,267.76,0.0,0.0,0.0,0.0,0.0,0.0,1.62,0.0,2.81,0.0,13.71,6.76,653.18,0.0,2.69
256310230019818,792.47,28,7.57,772.41,12.49,645.15,184.12,777.42,0.0,0.0,0.0,0.0,0.0,0.0,1.7,0.0,2.72,0.0,8.13,3.43,686.33,0.0,2.52
256310236856293,409.56,28,58.02,258.35,93.2,304.86,122.78,313.36,0.0,0.0,0.0,0.0,0.0,0.0,1.45,0.0,55.01,0.0,10.16,3.94,664.38,0.0,3.0
256310243010862,330.66,28,8.2,312.53,9.94,310.51,190.78,318.2,0.0,0.0,0.0,0.0,0.0,0.0,1.68,0.0,2.97,0.0,22.81,3.5,670.31,0.0,2.53
256310249094697,846.93,28,7.91,744.91,94.11,643.65,167.57,750.04,0.0,0.0,0.0,0.0,0.0,0.0,2.03,0.0,3.13,0.0,8.25,3.47,630.91,0.0,2.74
256310256132788,835.93,28,8.87,814.29,12.77,676.98,173.17,821.07,0.0,0.0,0.0,0.0,0.0,0.0,1.51,0.0,2.62,0.0,10.34,5.2,657.8,0.0,2.09
256310262380816,261.8,28,8.91,243.76,9.13,242.15,180.62,249.81,0.0,0.0,0.0,0.0,0.0,0.0,1.61,0.0,2.86,0.0,9.9,3.46,665.39,0.0,2.87
256310268076174,254.1,28,9.51,234.89,9.69,234.82,176.49,242.29,0.0,0.0,0.0,0.0,0.0,0.0,2.27,0.0,5.52,0.0,10.34,3.5,665.79,0.0,2.12
256310274026106,251.85,28,8.49,233.4,9.95,231.06,186.11,238.74,0.0,0.0,0.0,0.0,0.0,0.0,1.54,0.0,2.6,0.0,8.04,3.42,672.06,0.0,3.15
256310279710011,401.84,28,8.7,383.34,9.8,381.61,180.99,389.2,0.0,0.0,0.0,0.0,0.0,0.0,1.63,0.0,2.81,0.0,13.31,3.5,649.12,0.0,2.85
256310285956118,843.15,28,13.42,764.19,65.53,643.48,176.95,774.88,0.0,0.0,0.0,0.0,0.0,0.0,2.73,0.0,6.92,0.0,13.66,5.27,660.88,0.0,2.74
256310293046522,262.02,28,7.63,245.06,9.33,241.7,171.95,250.69,0.0,0.0,0.0,0.0,0.0,0.0,1.55,0.0,2.54,0.0,16.51,3.65,649.8,0.0,2.0
256310298675001,237.77,28,10.64,217.12,10.0,217.59,171.74,224.84,0.0,0.0,0.0,0.0,0.0,0.0,1.95,0.0,5.47,0.0,8.02,3.46,654.37,0.0,2.93
256310304802550,358.98,28,7.58,253.35,98.04,249.51,181.36,258.06,0.0,0.0,0.0,0.0,0.0,0.0,1.6,0.0,2.7,0.0,11.71,3.52,667.89,0.0,2.88
256310310587042,502.27,28,12.76,479.23,10.28,480.42,171.52,488.95,0.0,0.0,0.0,0.0,0.0,0.0,2.67,0.0,5.23,0.0,12.48,4.73,641.02,0.0,3.04
256310317012377,814.68,28,8.43,793.59,12.66,678.22,171.0,799.27,0.0,0.0,0.0,0.0,0.0,0.0,1.34,0.0,2.49,0.0,11.37,5.41,591.35,0.0,2.75
256310323882667,411.64,28,14.48,305.37,91.79,308.5,209.66,316.22,0.0,0.0,0.0,0.0,0.0,0.0,3.15,0.0,6.36,0.0,40.71,5.29,672.7,0.0,3.62
256310329689564,420.57,28,11.62,399.75,9.2,397.78,187.11,407.53,0.0,0.0,0.0,0.0,0.0,0.0,1.68,0.0,2.61,0.0,11.58,6.01,641.31,0.0,3.84
256310336007351,806.87,28,10.84,782.74,13.29,676.18,186.93,790.67,0.0,0.0,0.0,0.0,0.0,0.0,2.1,0.0,5.29,0.0,14.81,3.58,679.82,0.0,2.91
256310342862726,408.74,28,9.26,308.99,90.49,306.75,181.6,315.56,0.0,0.0,0.0,0.0,0.0,0.0,1.89,0.0,2.91,0.0,9.33,4.29,669.02,0.0,2.69
256310349029581,261.94,28,9.98,242.0,9.97,241.67,206.54,249.53,0.0,0.0,0.0,0.0,0.0,0.0,2.19,0.0,5.2,0.0,40.43,3.58,668.73,0.0,2.44
256310354755840,407.01,28,7.51,388.95,10.54,384.99,193.2,393.78,0.0,0.0,0.0,0.0,0.0,0.0,1.58,0.0,2.53,0.0,9.49,3.49,685.67,0.0,2.69
256310361004681,943.81,28,12.8,834.55,96.46,721.72,182.9,844.37,0.0,0.0,0.0,0.0,0.0,0.0,2.31,0.0,5.11,0.0,16.6,5.7,692.54,0.0,2.98
256310367926942,887.17,28,10.5,787.99,88.68,661.14,179.62,795.3,0.0,0.0,0.0,0.0,0.0,0.0,1.63,0.0,2.97,0.0,11.74,5.07,668.21,0.0,3.19
256310375068605,237.49,28,9.49,217.96,10.04,217.22,170.87,225.89,0.0,0.0,0.0,0.0,0.0,0.0,1.98,0.0,4.92,0.0,11.4,3.47,658.18,0.0,1.56
256310380756593,241.65,28,8.5,222.79,10.35,208.43,180.56,228.94,0.0,0.0,0.0,0.0,0.0,0.0,1.45,0.0,2.52,0.0,10.56,3.63,671.02,0.0,2.35
256310386860596,890.52,28,11.07,786.35,93.1,679.79,177.27,794.39,0.0,0.0,0.0,0.0,0.0,0.0,2.1,0.0,6.0,0.0,10.81,4.22,659.53,0.0,3.03
256310393781779,902.41,28,8.82,799.27,94.32,669.34,179.94,805.13,0.0,0.0,0.0,0.0,0.0,0.0,1.71,0.0,2.72,0.0,16.09,3.93,655.56,0.0,2.96
256310401414697,655.65,28,51.28,511.31,93.06,552.42,172.05,560.89,0.0,0.0,0.0,0.0,0.0,0.0,3.16,0.0,47.37,0.0,13.99,5.48,656.71,0.0,1.7
256310407939192,902.64,28,9.96,819.95,72.73,691.01,180.24,827.11,0.0,0.0,0.0,0.0,0.0,0.0,1.82,0.0,3.01,0.0,12.64,4.31,642.86,0.0,2.8
256310415093512,885.28,28,10.36,863.08,11.84,755.63,175.53,871.33,0.0,0.0,0.0,0.0,0.0,0.0,3.13,0.0,6.26,0.0,17.39,3.62,658.77,0.0,2.11
256310421875386,412.36,28,9.3,307.72,95.34,301.63,169.12,313.56,0.0,0.0,0.0,0.0,0.0,0.0,2.92,0.0,3.85,0.0,8.48,3.77,638.8,0.0,3.46
256310428027195,824.88,28,11.69,801.97,11.22,686.82,177.91,811.53,0.0,0.0,0.0,0.0,0.0,0.0,3.75,0.0,7.34,0.0,11.27,4.83,661.35,0.0,2.12
256310435110464,227.76,28,6.36,212.47,8.93,208.67,169.15,217.16,0.0,0.0,0.0,0.0,0.0,0.0,1.55,0.0,2.54,0.0,8.72,3.51,658.03,0.0,1.67
256310440730947,390.33,28,10.25,369.88,10.2,366.55,185.78,377.19,0.0,0.0,0.0,0.0,0.0,0.0,2.86,0.0,5.67,0.0,16.5,3.49,672.41,0.0,2.93
256310446978334,298.08,28,8.7,244.59,44.79,241.47,193.06,250.64,0.0,0.0,0.0,0.0,0.0,0.0,1.88,0.0,3.2,0.0,15.83,3.49,667.32,0.0,2.65
256310453031930,238.13,28,9.73,218.62,9.78,218.4,178.52,226.38,0.0,0.0,0.0,0.0,0.0,0.0,2.23,0.0,5.28,0.0,9.18,3.42,678.48,0.0,1.97
256310459176384,881.36,28,9.36,773.48,98.52,680.37,180.23,780.03,0.0,0.0,0.0,0.0,0.0,0.0,1.35,0.0,2.57,0.0,10.07,4.82,679.74,0.0,2.8
256310466868512,914.77,28,31.37,770.56,112.84,657.76,181.93,780.32,0.0,0.0,0.0,0.0,0.0,0.0,1.92,0.0,2.96,0.0,44.76,9.79,641.42,0.0,20.44
256310473827702,432.06,28,28.12,313.99,89.95,307.04,178.49,321.07,0.0,0.0,0.0,0.0,0.0,0.0,2.43,0.0,3.71,0.0,13.57,3.81,642.99,0.0,20.61
256310480026347,792.61,28,9.69,771.21,11.71,649.46,177.41,778.9,0.0,0.0,0.0,0.0,0.0,0.0,2.17,0.0,5.22,0.0,13.46,3.63,661.83,0.0,2.0
256310486817633,414.18,28,8.95,307.65,97.58,300.1,169.47,313.08,0.0,0.0,0.0,0.0,0.0,0.0,1.42,0.0,2.42,0.0,14.61,3.72,630.32,0.0,3.4
256310493024360,798.05,28,10.72,776.61,10.73,659.46,178.6,784.5,0.0,0.0,0.0,0.0,0.0,0.0,2.17,0.0,5.15,0.0,11.35,3.59,653.0,0.0,2.82
256310500071878,312.9,28,6.08,298.53,8.28,294.4,175.13,303.28,0.0,0.0,0.0,0.0,0.0,0.0,1.54,0.0,2.45,0.0,8.33,3.41,675.89,0.0,1.34
256310506037814,840.62,28,10.42,818.92,11.28,682.54,187.6,827.79,0.0,0.0,0.0,0.0,0.0,0.0,2.77,0.0,6.26,0.0,21.02,5.66,676.07,0.0,1.55
256310512957316,905.06,28,11.73,834.74,58.59,716.99,185.05,843.95,0.0,0.0,0.0,0.0,0.0,0.0,1.84,0.0,3.05,0.0,15.39,9.35,653.01,0.0,2.52
256310520015303,885.83,28,9.84,786.87,89.13,675.86,177.81,793.76,0.0,0.0,0.0,0.0,0.0,0.0,2.88,0.0,5.97,0.0,11.15,3.68,659.47,0.0,2.94
256310527578564,532.16,28,7.89,430.38,93.89,426.73,176.05,435.41,0.0,0.0,0.0,0.0,0.0,0.0,1.35,0.0,2.33,0.0,8.86,4.1,665.21,0.0,2.85
256310533607571,774.28,28,9.34,752.35,12.59,644.32,186.44,759.88,0.0,0.0,0.0,0.0,0.0,0.0,2.23,0.0,5.46,0.0,13.06,3.99,673.55,0.0,1.81
256310540884968,870.83,28,10.01,762.04,98.78,660.64,176.97,769.55,0.0,0.0,0.0,0.0,0.0,0.0,1.46,0.0,2.42,0.0,10.54,5.86,635.61,0.0,2.45
256310548512029,858.59,28,7.47,753.25,97.88,657.3,174.47,759.05,0.0,0.0,0.0,0.0,0.0,0.0,2.05,0.0,4.88,0.0,9.71,3.57,673.33,0.0,1.66
256310555441290,655.57,28,60.85,584.65,10.08,634.57,169.45,643.01,0.0,0.0,0.0,0.0,0.0,0.0,7.97,0.0,56.73,0.0,11.25,3.5,658.4,0.0,2.49
256310561512198,554.36,28,10.34,534.55,9.48,533.33,177.64,542.86,0.0,0.0,0.0,0.0,0.0,0.0,3.66,0.0,7.2,0.0,10.04,4.77,665.69,0.0,2.02
256310567967149,976.67,28,8.26,866.25,102.16,729.52,176.94,871.87,0.0,0.0,0.0,0.0,0.0,0.0,1.48,0.0,2.64,0.0,18.05,3.66,663.11,0.0,2.65
256310575765938,386.62,28,11.2,286.07,89.35,286.08,185.51,294.68,0.0,0.0,0.0,0.0,0.0,0.0,3.37,0.0,6.63,0.0,10.97,5.1,671.28,0.0,2.59
256310581625959,1248.36,28,6.08,1069.62,172.66,993.68,173.19,1074.37,0.0,0.0,0.0,0.0,0.0,0.0,1.46,0.0,2.4,0.0,8.77,3.5,655.86,0.0,1.33
256310589542364,585.3,28,9.39,485.26,90.66,482.7,186.64,491.89,0.0,0.0,0.0,0.0,0.0,0.0,2.04,0.0,4.55,0.0,10.51,3.64,674.13,0.0,2.75
256310595559387,515.83,28,8.57,498.44,8.82,495.36,175.59,503.55,0.0,0.0,0.0,0.0,0.0,0.0,1.64,0.0,2.78,0.0,8.96,3.57,640.76,0.0,3.46
256310601964334,840.57,28,11.15,779.83,49.59,674.13,172.9,788.77,0.0,0.0,0.0,0.0,0.0,0.0,1.97,0.0,4.92,0.0,11.39,5.67,661.93,0.0,2.22
256310608903009,323.4,28,9.54,221.79,92.07,217.7,177.08,229.19,0.0,0.0,0.0,0.0,0.0,0.0,1.52,0.0,2.56,0.0,14.36,5.41,654.05,0.0,2.14
256310615030468,831.59,28,26.08,788.13,17.38,680.17,178.04,793.58,0.0,0.0,0.0,0.0,0.0,0.0,1.56,0.0,2.62,0.0,9.25,3.92,651.95,0.0,20.18
256310622005710,783.12,28,9.66,761.27,12.19,665.56,176.95,769.26,0.0,0.0,0.0,0.0,0.0,0.0,1.53,0.0,2.98,0.0,13.17,5.84,654.64,0.0,1.67
256310629092108,292.72,28,7.29,275.95,9.48,273.9,173.49,282.13,0.0,0.0,0.0,0.0,0.0,0.0,1.98,0.0,4.74,0.0,11.15,3.47,671.64,0.0,1.1
256310635281118,896.33,28,8.58,796.44,91.3,687.86,180.36,803.16,0.0,0.0,0.0,0.0,0.0,0.0,1.75,0.0,2.86,0.0,10.61,5.26,663.7,0.0,1.86
256310642993235,820.38,28,11.47,775.74,33.17,660.75,182.62,785.1,0.0,0.0,0.0,0.0,0.0,0.0,3.49,0.0,7.07,0.0,15.69,3.62,682.92,0.0,2.12
256310649417684,981.17,28,10.17,959.05,11.95,703.42,183.72,966.48,0.0,0.0,0.0,0.0,0.0,0.0,1.96,0.0,2.91,0.0,12.46,5.81,662.78,0.0,2.74
256310656853414,361.55,28,16.07,246.56,98.93,241.04,176.66,259.43,0.0,0.0,0.0,0.0,0.0,0.0,2.63,0.0,7.49,0.0,11.77,6.94,653.2,0.0,3.19
256310663024014,851.17,28,9.43,825.59,16.16,670.99,186.21,832.14,0.0,0.0,0.0,0.0,0.0,0.0,1.5,0.0,2.56,0.0,10.88,3.99,669.94,0.0,2.87
256310669916523,865.39,28,12.32,751.85,101.21,655.32,166.69,761.52,0.0,0.0,0.0,0.0,0.0,0.0,3.19,0.0,6.1,0.0,12.12,5.85,644.74,0.0,2.63
256310676847255,347.23,28,7.7,246.61,92.92,243.92,233.75,251.54,0.0,0.0,0.0,0.0,0.0,0.0,1.37,0.0,2.43,0.0,66.81,3.61,667.14,0.0,2.76
256310683024408,949.11,28,10.02,926.5,12.59,804.68,164.79,933.66,0.0,0.0,0.0,0.0,0.0,0.0,2.31,0.0,5.91,0.0,10.96,3.52,643.85,0.0,2.85
256310689884924,412.34,28,7.99,311.97,92.38,307.29,181.76,317.46,0.0,0.0,0.0,0.0,0.0,0.0,1.31,0.0,2.28,0.0,9.2,4.28,679.73,0.0,2.49
256310696033687,252.09,28,9.28,234.31,8.5,232.75,177.28,241.93,0.0,0.0,0.0,0.0,0.0,0.0,2.05,0.0,5.34,0.0,17.68,3.49,675.91,0.0,1.65
256310702032081,322.43,28,8.35,304.09,9.99,302.03,184.08,310.21,0.0,0.0,0.0,0.0,0.0,0.0,1.56,0.0,2.53,0.0,36.8,3.59,653.49,0.0,2.23
256310708024710,277.92,28,17.19,251.26,9.46,258.09,172.97,266.6,0.0,0.0,0.0,0.0,0.0,0.0,2.38,0.0,12.75,0.0,17.19,3.48,648.53,0.0,1.85
256310713763521,364.63,28,8.33,346.85,9.46,344.54,167.94,352.81,0.0,0.0,0.0,0.0,0.0,0.0,1.75,0.0,3.05,0.0,9.16,3.88,641.57,0.0,2.37
256310719598514,487.8,28,9.0,469.5,9.3,467.92,190.1,476.23,0.0,0.0,0.0,0.0,0.0,0.0,2.01,0.0,5.19,0.0,11.62,4.08,704.6,0.0,2.28
256310726034838,855.79,28,45.48,798.57,11.74,682.64,214.98,842.07,0.0,0.0,0.0,0.0,0.0,0.0,1.48,0.0,2.73,0.0,48.0,43.01,669.85,0.0,1.98
256310733645681,521.96,28,10.1,408.63,103.23,408.12,180.75,416.19,0.0,0.0,0.0,0.0,0.0,0.0,2.13,0.0,4.89,0.0,18.96,3.58,660.97,0.0,2.54
256310739665457,480.68,28,7.95,462.88,9.86,460.73,209.26,468.56,0.0,0.0,0.0,0.0,0.0,0.0,1.52,0.0,2.58,0.0,52.45,3.68,686.83,0.0,2.27
256310746008365,801.92,28,10.53,771.28,20.1,663.27,172.06,779.4,0.0,0.0,0.0,0.0,0.0,0.0,1.68,0.0,3.01,0.0,19.09,6.42,653.53,0.0,2.42
256310753676403,492.24,28,7.09,399.16,85.99,395.96,171.92,404.41,0.0,0.0,0.0,0.0,0.0,0.0,1.65,0.0,2.87,0.0,8.59,3.57,650.82,0.0,1.84
256310759612782,512.39,28,7.93,495.95,8.51,491.11,168.6,501.51,0.0,0.0,0.0,0.0,0.0,0.0,1.79,0.0,4.3,0.0,8.95,3.53,629.36,0.0,2.25
256310766031142,313.68,28,6.18,298.35,9.14,294.45,176.1,302.99,0.0,0.0,0.0,0.0,0.0,0.0,1.45,0.0,2.53,0.0,8.28,3.44,670.22,0.0,1.55
256310772038615,780.05,28,6.73,762.19,11.13,652.5,177.58,767.48,0.0,0.0,0.0,0.0,0.0,0.0,1.82,0.0,4.38,0.0,10.28,3.59,688.48,0.0,1.44
256310778465271,602.53,28,7.04,586.38,9.11,583.39,177.03,591.25,0.0,0.0,0.0,0.0,0.0,0.0,1.6,0.0,2.87,0.0,8.74,3.42,646.05,0.0,2.17
256310784959620,813.88,28,10.15,748.43,55.3,655.96,172.65,755.86,0.0,0.0,0.0,0.0,0.0,0.0,2.17,0.0,4.99,0.0,13.1,3.68,646.54,0.0,2.73
256310792042921,935.84,28,31.05,894.02,10.77,788.73,231.47,903.32,0.0,0.0,0.0,0.0,0.0,0.0,2.33,0.0,3.5,0.0,73.87,5.81,672.86,0.0,21.74
256310799660874,465.5,28,9.13,361.62,94.75,358.89,182.7,368.42,0.0,0.0,0.0,0.0,0.0,0.0,2.53,0.0,5.67,0.0,8.75,3.51,655.96,0.0,2.33
256310805583392,503.56,28,7.41,486.75,9.41,483.65,177.07,491.71,0.0,0.0,0.0,0.0,0.0,0.0,1.54,0.0,2.48,0.0,9.63,3.6,674.87,0.0,2.44
256310811614330,475.86,28,10.53,456.17,9.16,454.99,175.34,463.84,0.0,0.0,0.0,0.0,0.0,0.0,1.9,0.0,5.44,0.0,8.71,3.55,657.49,0.0,2.85
256310818006694,237.43,28,6.84,220.93,9.66,217.44,185.51,225.49,0.0,0.0,0.0,0.0,0.0,0.0,1.5,0.0,2.51,0.0,20.31,3.48,678.95,0.0,2.28
256310824025117,319.89,28,8.46,303.15,8.27,300.29,177.72,309.47,0.0,0.0,0.0,0.0,0.0,0.0,2.09,0.0,4.98,0.0,8.89,3.46,672.59,0.0,2.15
256310830040485,317.49,28,7.79,300.35,9.34,297.32,191.61,306.22,0.0,0.0,0.0,0.0,0.0,0.0,1.51,0.0,2.46,0.0,26.42,3.4,678.56,0.0,1.93
256310835889844,331.51,28,13.24,309.13,9.13,302.51,175.14,316.48,0.0,0.0,0.0,0.0,0.0,0.0,1.75,0.0,2.79,0.0,15.26,5.75,631.96,0.0,5.56
256310842031623,313.24,28,6.64,296.59,10.01,293.45,176.28,301.39,0.0,0.0,0.0,0.0,0.0,0.0,1.45,0.0,2.45,0.0,8.81,3.64,664.74,0.0,1.84
256310848307646,735.71,28,10.41,632.21,93.08,631.32,191.16,640.28,0.0,0.0,0.0,0.0,0.0,0.0,2.24,0.0,5.34,0.0,17.8,3.6,675.79,0.0,2.35
256310854903727,832.07,28,8.87,726.67,96.53,664.59,183.79,731.66,0.0,0.0,0.0,0.0,0.0,0.0,1.5,0.0,2.65,0.0,8.66,3.46,667.33,0.0,3.88
256310861510728,556.96,28,11.04,536.91,9.01,537.24,179.88,545.85,0.0,0.0,0.0,0.0,0.0,0.0,2.46,0.0,5.4,0.0,14.1,5.89,671.64,0.0,2.1
256310867933580,874.18,28,9.18,780.95,84.04,674.29,236.39,787.48,0.0,0.0,0.0,0.0,0.0,0.0,1.68,0.0,3.02,0.0,89.8,3.54,677.7,0.0,2.66
256310874508930,560.06,28,11.24,539.35,9.47,537.63,183.33,547.64,0.0,0.0,0.0,0.0,0.0,0.0,3.35,0.0,4.72,0.0,12.09,3.56,650.54,0.0,2.96
256310881025299,846.55,28,19.98,814.73,11.84,726.23,186.55,821.12,0.0,0.0,0.0,0.0,0.0,0.0,1.47,0.0,2.62,0.0,22.79,6.5,660.85,0.0,13.59
256310887446012,623.6,28,14.04,599.66,9.9,601.63,173.39,610.85,0.0,0.0,0.0,0.0,0.0,0.0,2.47,0.0,5.42,0.0,20.6,7.72,575.61,0.0,2.85
256310894031715,806.39,28,8.16,784.67,13.56,676.51,184.01,789.98,0.0,0.0,0.0,0.0,0.0,0.0,1.39,0.0,2.33,0.0,10.62,3.92,678.64,0.0,2.85
256310900559751,524.0,28,10.15,504.38,9.46,503.28,176.29,511.91,0.0,0.0,0.0,0.0,0.0,0.0,2.21,0.0,5.3,0.0,8.8,3.42,657.75,0.0,2.63
256310907007418,236.21,28,7.31,219.82,9.08,215.53,176.11,224.64,0.0,0.0,0.0,0.0,0.0,0.0,1.32,0.0,2.29,0.0,8.66,3.46,657.26,0.0,2.48
256310913254189,758.44,28,9.6,654.73,94.11,654.77,185.69,662.72,0.0,0.0,0.0,0.0,0.0,0.0,3.2,0.0,7.03,0.0,10.81,4.54,677.45,0.0,1.61
256310919991102,897.5,28,8.17,862.95,26.39,657.96,188.79,869.64,0.0,0.0,0.0,0.0,0.0,0.0,1.47,0.0,2.6,0.0,10.44,5.26,671.88,0.0,1.48
256310927159264,837.09,28,25.55,801.13,10.41,683.72,181.35,807.13,0.0,0.0,0.0,0.0,0.0,0.0,1.44,0.0,2.47,0.0,18.51,3.63,653.69,0.0,19.45
256310933948368,384.8,28,11.18,308.05,65.56,304.66,175.02,313.16,0.0,0.0,0.0,0.0,0.0,0.0,1.8,0.0,3.02,0.0,16.68,3.44,658.74,0.0,6.08
256310939896450,268.04,28,10.17,248.46,9.41,247.24,180.82,255.69,0.0,0.0,0.0,0.0,0.0,0.0,2.15,0.0,4.92,0.0,26.2,3.58,654.65,0.0,2.94
256310946021637,805.35,28,7.16,787.21,10.98,666.16,181.61,791.98,0.0,0.0,0.0,0.0,0.0,0.0,1.47,0.0,2.49,0.0,9.15,3.45,669.49,0.0,2.39
256310952558778,517.75,28,8.46,500.09,9.19,496.81,172.46,506.03,0.0,0.0,0.0,0.0,0.0,0.0,1.83,0.0,4.54,0.0,11.14,3.64,660.7,0.0,2.53
256310958949211,856.97,28,9.26,784.19,63.52,714.92,186.35,790.39,0.0,0.0,0.0,0.0,0.0,0.0,1.19,0.0,2.28,0.0,18.04,3.93,679.48,0.0,3.05
256310966630542,521.71,28,12.19,421.67,87.85,421.34,178.92,430.83,0.0,0.0,0.0,0.0,0.0,0.0,3.55,0.0,7.23,0.0,21.77,3.64,667.53,0.0,3.03
256310973028330,818.59,28,6.86,798.42,13.31,675.36,179.11,803.33,0.0,0.0,0.0,0.0,0.0,0.0,1.6,0.0,2.61,0.0,8.95,3.58,676.51,0.0,1.95
256310979543560,529.9,28,11.35,509.54,9.01,509.74,177.6,518.32,0.0,0.0,0.0,0.0,0.0,0.0,2.39,0.0,5.46,0.0,8.52,3.87,648.81,0.0,2.57
256310985981211,904.43,28,8.54,806.63,89.25,701.4,177.66,812.84,0.0,0.0,0.0,0.0,0.0,0.0,1.58,0.0,2.74,0.0,15.0,3.46,631.49,0.0,2.34
256310992945821,851.44,28,10.1,771.89,69.45,660.48,176.61,779.31,0.0,0.0,0.0,0.0,0.0,0.0,2.08,0.0,5.16,0.0,17.38,4.33,656.79,0.0,2.67
256310999885944,342.44,28,7.6,243.19,91.65,239.28,167.26,247.74,0.0,0.0,0.0,0.0,0.0,0.0,1.79,0.0,2.81,0.0,8.37,3.43,631.66,0.0,3.05
256311005720299,428.76,28,10.01,408.72,10.03,407.49,168.37,415.95,0.0,0.0,0.0,0.0,0.0,0.0,2.15,0.0,5.18,0.0,17.35,3.55,632.45,0.0,2.78
256311012029114,888.22,28,7.67,869.41,11.15,771.8,171.36,874.57,0.0,0.0,0.0,0.0,0.0,0.0,1.45,0.0,2.45,0.0,8.24,3.78,649.97,0.0,2.51
256311019288172,263.35,28,9.93,243.63,9.8,242.5,168.54,250.76,0.0,0.0,0.0,0.0,0.0,0.0,2.06,0.0,4.92,0.0,14.97,3.42,640.11,0.0,2.8
256311025401187,671.55,28,7.33,569.45,94.77,566.44,221.8,575.09,0.0,0.0,0.0,0.0,0.0,0.0,1.75,0.0,2.85,0.0,63.16,3.67,665.5,0.0,1.69
256311031580075,543.73,28,9.27,525.31,9.15,523.79,185.55,532.32,0.0,0.0,0.0,0.0,0.0,0.0,1.86,0.0,4.75,0.0,15.27,3.57,666.13,0.0,2.25
256311037946712,306.09,28,8.09,226.65,71.36,221.25,182.34,232.16,0.0,0.0,0.0,0.0,0.0,0.0,1.56,0.0,2.81,0.0,9.75,3.45,673.35,0.0,2.57
256311043801750,252.69,28,19.25,223.36,10.07,228.67,175.1,239.96,0.0,0.0,0.0,0.0,0.0,0.0,2.61,0.0,14.49,0.0,15.55,3.91,658.45,0.0,2.65
256311049912167,879.15,28,11.67,765.84,101.64,651.39,180.5,774.94,0.0,0.0,0.0,0.0,0.0,0.0,1.59,0.0,2.79,0.0,14.24,7.61,668.08,0.0,2.57
256311057166115,235.07,28,9.27,216.79,9.01,214.21,174.94,223.48,0.0,0.0,0.0,0.0,0.0,0.0,2.1,0.0,4.92,0.0,10.06,3.56,678.57,0.0,2.58
256311063032913,247.65,28,6.22,231.66,9.77,228.84,175.16,236.18,0.0,0.0,0.0,0.0,0.0,0.0,1.39,0.0,2.39,0.0,7.97,3.45,663.52,0.0,1.7
256311069079542,329.1,28,9.36,309.99,9.75,308.31,173.33,317.28,0.0,0.0,0.0,0.0,0.0,0.0,2.1,0.0,5.32,0.0,11.59,3.47,657.48,0.0,2.07
256311075028124,256.27,28,8.61,237.99,9.67,235.5,216.24,244.18,0.0,0.0,0.0,0.0,0.0,0.0,1.39,0.0,2.54,0.0,75.32,3.64,666.91,0.0,2.43
256311081261934,750.95,28,8.49,651.83,90.63,638.66,166.95,658.86,0.0,0.0,0.0,0.0,0.0,0.0,2.11,0.0,5.25,0.0,13.19,3.59,642.16,0.0,1.46
256311087948664,875.85,28,9.19,801.88,64.77,678.48,183.97,808.64,0.0,0.0,0.0,0.0,0.0,0.0,1.45,0.0,2.75,0.0,10.1,4.98,694.78,0.0,2.43
256311095031458,783.07,28,13.34,757.3,12.43,656.93,184.06,768.02,0.0,0.0,0.0,0.0,0.0,0.0,3.34,0.0,6.89,0.0,17.23,7.31,696.95,0.0,2.62
256311102007195,798.69,28,19.57,765.1,14.02,665.12,176.5,781.71,0.0,0.0,0.0,0.0,0.0,0.0,1.32,0.0,2.43,0.0,23.64,18.53,648.52,0.0,2.97
256311108888168,351.94,28,13.12,242.39,96.43,243.58,181.99,252.62,0.0,0.0,0.0,0.0,0.0,0.0,3.05,0.0,7.77,0.0,14.54,3.71,684.64,0.0,2.89
256311115031281,246.28,28,7.78,228.9,9.6,224.85,172.7,233.85,0.0,0.0,0.0,0.0,0.0,0.0,1.68,0.0,2.7,0.0,10.12,3.58,657.54,0.0,2.83
256311121034752,825.13,28,9.01,804.13,11.99,691.13,181.97,811.78,0.0,0.0,0.0,0.0,0.0,0.0,2.32,0.0,5.38,0.0,11.79,3.49,680.2,0.0,1.36
256311127923593,871.17,28,8.52,773.81,88.84,659.84,198.72,779.9,0.0,0.0,0.0,0.0,0.0,0.0,1.6,0.0,2.85,0.0,62.51,4.0,642.89,0.0,2.41
256311135865080,390.42,28,7.42,294.64,88.37,291.35,176.91,300.62,0.0,0.0,0.0,0.0,0.0,0.0,1.93,0.0,4.68,0.0,11.5,3.58,679.94,0.0,1.43
256311142030465,317.43,28,6.32,301.28,9.84,296.76,175.72,305.33,0.0,0.0,0.0,0.0,0.0,0.0,1.34,0.0,2.4,0.0,9.28,3.47,673.2,0.0,2.27
256311148034830,310.16,28,7.69,293.9,8.57,291.99,178.09,299.68,0.0,0.0,0.0,0.0,0.0,0.0,1.95,0.0,4.97,0.0,8.28,3.43,675.61,0.0,1.84
256311153862453,308.8,28,77.07,222.21,9.52,288.42,242.55,296.6,0.0,0.0,0.0,0.0,0.0,0.0,1.53,0.0,2.52,0.0,82.17,74.3,652.33,0.0,2.68
256311160031545,819.6,28,11.08,795.87,12.65,674.0,175.82,804.42,0.0,0.0,0.0,0.0,0.0,0.0,2.97,0.0,6.31,0.0,11.23,3.46,653.18,0.0,2.53
256311167072282,319.05,28,6.18,303.33,9.54,298.67,174.09,308.04,0.0,0.0,0.0,0.0,0.0,0.0,1.49,0.0,2.47,0.0,8.21,3.44,670.88,0.0,1.47
256311172880541,320.57,28,9.77,301.17,9.64,300.05,182.25,308.78,0.0,0.0,0.0,0.0,0.0,0.0,1.8,0.0,4.71,0.0,24.04,3.52,675.41,0.0,2.15
256311178707686,853.75,28,7.56,834.63,11.55,728.49,231.85,839.94,0.0,0.0,0.0,0.0,0.0,0.0,1.37,0.0,2.46,0.0,69.98,3.54,663.52,0.0,2.26
256311185749394,393.05,28,88.08,295.8,9.17,290.37,190.4,301.93,0.0,0.0,0.0,0.0,0.0,0.0,2.12,0.0,3.27,0.0,15.98,3.54,652.3,0.0,81.95
256311191607236,485.28,28,23.11,452.51,9.65,447.17,184.84,461.31,0.0,0.0,0.0,0.0,0.0,0.0,3.09,0.0,4.12,0.0,19.5,6.28,676.86,0.0,14.17
256311198028929,251.44,28,9.72,231.9,9.82,230.23,175.64,238.95,0.0,0.0,0.0,0.0,0.0,0.0,1.94,0.0,5.06,0.0,10.24,3.52,660.03,0.0,2.67
256311204033042,254.31,28,7.88,238.0,8.42,234.56,176.67,243.44,0.0,0.0,0.0,0.0,0.0,0.0,1.61,0.0,2.66,0.0,20.39,3.56,672.14,0.0,2.45
256311210041974,311.65,28,9.41,293.76,8.48,293.83,194.4,301.45,0.0,0.0,0.0,0.0,0.0,0.0,2.49,0.0,5.77,0.0,30.99,3.62,667.0,0.0,1.72
256311216028299,775.25,28,9.2,754.57,11.48,649.74,184.67,761.06,0.0,0.0,0.0,0.0,0.0,0.0,2.99,0.0,4.06,0.0,16.04,3.73,656.3,0.0,2.71
256311222960840,905.54,28,8.29,820.3,76.94,719.14,196.38,826.02,0.0,0.0,0.0,0.0,0.0,0.0,1.72,0.0,2.93,0.0,12.91,3.61,692.55,0.0,2.58
256311230033256,2000.19,28,6.51,757.64,1236.05,591.55,175.0,762.63,0.0,0.0,0.0,0.0,0.0,0.0,1.63,0.0,2.62,0.0,39.31,3.51,631.42,0.0,1.52
256311239213863,406.55,28,8.94,304.28,93.33,301.87,168.88,311.51,0.0,0.0,0.0,0.0,0.0,0.0,2.28,0.0,5.26,0.0,8.94,3.51,657.04,0.0,1.71
256311245558606,541.5,28,31.33,413.81,96.36,435.08,145.21,443.42,0.0,0.0,0.0,0.0,0.0,0.0,1.67,0.0,29.43,0.0,12.8,4.7,662.19,0.0,1.72
256311252006160,801.5,28,55.78,734.05,11.67,675.18,174.63,787.12,0.0,0.0,0.0,0.0,0.0,0.0,47.87,0.0,50.15,0.0,10.26,4.95,653.66,0.0,2.7
256311258485699,659.49,28,203.58,446.43,9.48,639.19,184.5,647.36,0.0,0.0,0.0,0.0,0.0,0.0,4.35,0.0,199.05,0.0,16.96,3.9,656.8,0.0,2.65
256311265026304,724.6,28,10.45,703.85,10.3,645.45,187.53,711.98,0.0,0.0,0.0,0.0,0.0,0.0,2.18,0.0,5.43,0.0,8.84,3.65,673.23,0.0,2.32
256311272013374,816.6,28,8.37,795.7,12.53,682.0,175.79,801.5,0.0,0.0,0.0,0.0,0.0,0.0,1.71,0.0,2.71,0.0,10.23,4.81,656.68,0.0,2.57
256311279584182,531.33,28,7.44,411.36,112.53,408.43,198.09,417.24,0.0,0.0,0.0,0.0,0.0,0.0,1.99,0.0,4.67,0.0,8.27,3.52,677.87,0.0,1.56
256311286015559,235.35,28,6.44,219.13,9.78,215.0,180.5,223.02,0.0,0.0,0.0,0.0,0.0,0.0,1.31,0.0,2.32,0.0,11.52,3.59,672.62,0.0,2.55
256311292029842,323.36,28,8.58,304.96,9.82,303.24,173.44,312.17,0.0,0.0,0.0,0.0,0.0,0.0,2.17,0.0,5.22,0.0,11.57,3.5,645.35,0.0,1.37
256311298153692,855.63,28,7.48,758.71,89.45,696.17,172.82,763.88,0.0,0.0,0.0,0.0,0.0,0.0,1.6,0.0,2.81,0.0,7.89,3.46,663.74,0.0,2.31
256311305003619,793.26,28,11.99,769.7,11.57,655.97,173.95,779.14,0.0,0.0,0.0,0.0,0.0,0.0,2.37,0.0,5.71,0.0,14.89,5.47,644.87,0.0,2.54
256311312021143,843.33,28,7.49,823.49,12.35,676.31,179.16,828.48,0.0,0.0,0.0,0.0,0.0,0.0,1.79,0.0,2.87,0.0,10.63,3.48,668.91,0.0,2.5
256311319970125,925.75,28,11.32,779.53,134.9,674.84,174.1,788.12,0.0,0.0,0.0,0.0,0.0,0.0,2.24,0.0,5.55,0.0,13.57,4.78,667.46,0.0,2.73
256311327198759,807.12,28,9.36,787.67,10.09,689.3,177.58,794.05,0.0,0.0,0.0,0.0,0.0,0.0,1.87,0.0,2.85,0.0,9.72,4.9,675.4,0.0,2.97
256311333970885,950.37,28,14.34,890.67,45.36,759.28,181.75,901.87,0.0,0.0,0.0,0.0,0.0,0.0,3.48,0.0,8.52,0.0,15.7,4.42,665.35,0.0,3.15
256311341298102,713.38,28,6.85,696.15,10.38,669.42,176.23,700.43,0.0,0.0,0.0,0.0,0.0,0.0,1.59,0.0,2.52,0.0,8.45,3.54,658.97,0.0,2.57
256311348026774,889.78,28,9.91,867.83,12.04,754.98,176.62,875.11,0.0,0.0,0.0,0.0,0.0,0.0,1.92,0.0,4.97,0.0,14.97,3.64,655.02,0.0,2.63
256311355501895,596.12,28,8.81,578.42,8.88,576.78,177.42,584.93,0.0,0.0,0.0,0.0,0.0,0.0,1.61,0.0,2.6,0.0,13.94,4.59,656.78,0.0,2.3
256311361637882,777.6,28,11.08,754.85,11.67,653.9,169.97,763.05,0.0,0.0,0.0,0.0,0.0,0.0,3.26,0.0,6.23,0.0,11.26,3.46,644.43,0.0,2.88
256311368856059,406.18,28,7.31,299.58,99.3,296.56,177.41,304.13,0.0,0.0,0.0,0.0,0.0,0.0,1.48,0.0,2.46,0.0,8.84,3.49,662.02,0.0,2.76
256311375034500,244.64,28,9.62,226.43,8.58,227.02,174.04,234.49,0.0,0.0,0.0,0.0,0.0,0.0,2.13,0.0,5.59,0.0,14.18,3.74,652.89,0.0,1.57
256311381031161,252.57,28,6.71,236.45,9.41,232.77,169.96,241.26,0.0,0.0,0.0,0.0,0.0,0.0,1.43,0.0,2.47,0.0,10.37,3.52,644.26,0.0,1.9
256311387024836,893.31,28,13.59,867.89,11.83,780.38,177.58,879.11,0.0,0.0,0.0,0.0,0.0,0.0,4.78,0.0,8.47,0.0,16.36,3.71,658.08,0.0,2.37
256311393550709,322.43,28,7.21,305.47,9.75,300.82,177.97,310.19,0.0,0.0,0.0,0.0,0.0,0.0,1.44,0.0,2.44,0.0,7.99,3.44,665.58,0.0,2.49
256311399947983,837.06,28,12.56,759.26,65.24,657.63,176.04,768.61,0.0,0.0,0.0,0.0,0.0,0.0,2.78,0.0,6.78,0.0,18.06,4.18,647.41,0.0,3.21
256311406993986,938.77,28,7.79,911.09,19.89,757.29,179.59,915.89,0.0,0.0,0.0,0.0,0.0,0.0,1.47,0.0,2.62,0.0,12.7,3.58,658.25,0.0,2.99
256311413520946,557.52,28,10.91,536.84,9.77,537.43,177.7,544.88,0.0,0.0,0.0,0.0,0.0,0.0,2.49,0.0,5.51,0.0,17.23,4.54,671.88,0.0,2.87
256311420026563,317.69,28,8.96,299.43,9.3,297.6,178.58,305.48,0.0,0.0,0.0,0.0,0.0,0.0,1.65,0.0,2.93,0.0,16.26,3.57,645.84,0.0,2.92
256311425848421,311.36,28,9.28,292.09,9.99,290.99,173.29,298.79,0.0,0.0,0.0,0.0,0.0,0.0,2.21,0.0,5.33,0.0,12.43,3.51,654.38,0.0,2.58
256311432026477,249.4,28,6.52,233.09,9.79,229.23,167.62,237.18,0.0,0.0,0.0,0.0,0.0,0.0,1.32,0.0,2.59,0.0,9.36,3.43,649.72,0.0,2.43
256311438033970,232.83,28,9.42,214.38,9.02,213.34,177.23,222.05,0.0,0.0,0.0,0.0,0.0,0.0,2.08,0.0,5.38,0.0,12.75,3.47,659.44,0.0,1.75
256311443813651,324.41,28,7.38,305.47,11.56,302.57,174.46,310.4,0.0,0.0,0.0,0.0,0.0,0.0,1.52,0.0,2.49,0.0,8.4,3.53,657.77,0.0,2.45
256311450027524,250.47,28,8.62,231.66,10.19,230.37,170.43,238.27,0.0,0.0,0.0,0.0,0.0,0.0,1.94,0.0,5.1,0.0,8.37,3.47,659.85,0.0,2.01
256311455794128,389.1,28,7.33,372.64,9.13,369.48,178.65,377.43,0.0,0.0,0.0,0.0,0.0,0.0,1.64,0.0,2.61,0.0,14.27,3.51,660.5,0.0,2.54
256311462082740,926.83,28,24.97,811.49,90.37,674.23,187.2,820.18,0.0,0.0,0.0,0.0,0.0,0.0,3.07,0.0,4.61,0.0,24.82,4.84,662.17,0.0,16.27
256311469721803,452.91,28,7.46,349.58,95.87,346.4,183.26,354.61,0.0,0.0,0.0,0.0,0.0,0.0,1.41,0.0,2.4,0.0,13.95,3.91,673.88,0.0,2.43
256311476031446,737.03,28,9.85,716.21,10.97,659.52,210.17,724.0,0.0,0.0,0.0,0.0,0.0,0.0,2.2,0.0,5.19,0.0,50.95,4.76,655.05,0.0,2.06
256311482470001,587.63,28,7.42,569.83,10.38,565.0,178.62,574.42,0.0,0.0,0.0,0.0,0.0,0.0,1.61,0.0,2.62,0.0,8.65,3.43,665.88,0.0,2.82
256311488980166,818.6,28,11.37,771.08,36.16,655.95,179.59,779.81,0.0,0.0,0.0,0.0,0.0,0.0,2.5,0.0,5.49,0.0,15.72,3.93,680.68,0.0,2.63
256311496028999,316.09,28,7.42,299.44,9.23,296.09,176.57,304.41,0.0,0.0,0.0,0.0,0.0,0.0,1.67,0.0,2.61,0.0,12.24,3.52,674.33,0.0,2.45
256311501879406,273.93,28,11.92,252.91,9.09,253.83,195.38,261.86,0.0,0.0,0.0,0.0,0.0,0.0,2.88,0.0,6.31,0.0,23.96,3.56,670.96,0.0,2.98
256311508028399,817.6,28,6.96,799.62,11.02,666.16,177.64,804.49,0.0,0.0,0.0,0.0,0.0,0.0,1.69,0.0,2.81,0.0,10.92,3.53,654.89,0.0,2.09
256311514484167,597.38,28,7.44,579.82,10.12,573.3,166.21,585.86,0.0,0.0,0.0,0.0,0.0,0.0,2.29,0.0,4.91,0.0,8.84,3.54,651.07,0.0,1.29
256311521024706,786.33,28,8.66,765.5,12.17,651.7,177.51,771.63,0.0,0.0,0.0,0.0,0.0,0.0,1.6,0.0,2.8,0.0,13.87,4.06,663.14,0.0,2.52
256311527477990,247.9,28,8.36,230.45,9.09,228.24,177.48,236.66,0.0,0.0,0.0,0.0,0.0,0.0,1.89,0.0,4.88,0.0,8.43,3.46,678.7,0.0,2.15
256311533661205,486.41,28,7.43,378.51,100.47,374.05,171.99,383.19,0.0,0.0,0.0,0.0,0.0,0.0,1.46,0.0,2.47,0.0,8.11,3.5,653.73,0.0,2.75
256311539630786,465.85,28,8.82,447.08,9.95,444.07,183.25,454.17,0.0,0.0,0.0,0.0,0.0,0.0,2.09,0.0,4.87,0.0,18.16,3.54,659.74,0.0,1.73
256311546016535,928.15,28,24.77,893.22,10.16,765.24,179.73,900.2,0.0,0.0,0.0,0.0,0.0,0.0,1.65,0.0,2.6,0.0,9.73,5.24,659.93,0.0,17.66
256311553004011,838.43,28,11.96,814.18,12.3,692.62,169.49,823.79,0.0,0.0,0.0,0.0,0.0,0.0,2.89,0.0,6.3,0.0,20.63,5.28,640.11,0.0,2.35
256311560286921,258.8,28,8.3,240.15,10.36,237.14,171.73,245.34,0.0,0.0,0.0,0.0,0.0,0.0,1.41,0.0,2.43,0.0,13.08,3.57,648.11,0.0,3.11
256311566060748,242.57,28,8.16,224.86,9.56,222.83,181.86,231.83,0.0,0.0,0.0,0.0,0.0,0.0,2.13,0.0,4.91,0.0,18.47,3.42,670.42,0.0,1.19
256311571778428,334.7,28,6.84,318.35,9.51,314.58,173.59,323.01,0.0,0.0,0.0,0.0,0.0,0.0,1.72,0.0,2.71,0.0,8.41,3.42,677.18,0.0,2.17
256311578025247,256.16,28,16.94,229.42,9.8,236.21,169.18,244.06,0.0,0.0,0.0,0.0,0.0,0.0,2.64,0.0,12.29,0.0,13.92,3.48,646.55,0.0,2.29
256311584032486,259.92,28,6.14,245.06,8.72,240.93,172.05,249.86,0.0,0.0,0.0,0.0,0.0,0.0,1.59,0.0,2.74,0.0,9.35,3.58,671.1,0.0,1.34
256311590029470,240.17,28,7.62,222.57,9.98,203.43,194.57,228.18,0.0,0.0,0.0,0.0,0.0,0.0,1.64,0.0,2.77,0.0,37.16,3.63,652.1,0.0,1.95
256311596250238,783.68,28,6.93,676.86,99.9,674.11,189.24,682.38,0.0,0.0,0.0,0.0,0.0,0.0,1.47,0.0,2.61,0.0,17.21,3.7,670.34,0.0,1.29
256311602546419,314.45,28,8.45,296.59,9.41,295.61,166.92,303.2,0.0,0.0,0.0,0.0,0.0,0.0,2.27,0.0,5.33,0.0,10.55,3.51,658.57,0.0,1.84
256311608859842,421.56,28,25.36,296.35,99.85,291.59,181.9,302.47,0.0,0.0,0.0,0.0,0.0,0.0,1.85,0.0,2.93,0.0,10.37,5.41,683.69,0.0,19.09
256311615033907,253.15,28,8.34,235.96,8.84,233.81,179.4,243.2,0.0,0.0,0.0,0.0,0.0,0.0,2.24,0.0,5.57,0.0,8.83,3.42,677.03,0.0,1.1
256311620806536,331.49,28,7.23,314.51,9.75,309.53,171.07,319.18,0.0,0.0,0.0,0.0,0.0,0.0,1.5,0.0,2.53,0.0,9.95,3.59,658.91,0.0,2.56
256311627061504,873.28,28,8.36,776.31,88.61,670.97,187.09,782.05,0.0,0.0,0.0,0.0,0.0,0.0,1.61,0.0,2.69,0.0,12.88,3.75,687.84,0.0,2.62
256311634284177,725.93,28,7.56,709.03,9.34,666.51,174.94,714.14,0.0,0.0,0.0,0.0,0.0,0.0,1.41,0.0,2.39,0.0,8.56,3.73,641.68,0.0,2.45
256311640476588,609.89,28,9.4,590.95,9.54,576.69,178.66,597.88,0.0,0.0,0.0,0.0,0.0,0.0,2.01,0.0,4.69,0.0,11.59,3.59,675.36,0.0,2.47
256311646608124,485.1,28,8.36,466.86,9.89,458.12,185.13,472.08,0.0,0.0,0.0,0.0,0.0,0.0,1.39,0.0,2.34,0.0,12.89,5.2,672.11,0.0,3.14
256311653028372,254.59,28,7.85,236.59,10.14,233.99,173.95,242.29,0.0,0.0,0.0,0.0,0.0,0.0,1.83,0.0,4.55,0.0,8.87,3.53,667.49,0.0,2.16
256311658814633,359.75,28,6.64,343.77,9.33,340.72,178.5,348.4,0.0,0.0,0.0,0.0,0.0,0.0,1.45,0.0,2.43,0.0,11.68,3.77,683.89,0.0,2.01
256311665027782,246.24,28,10.77,225.52,9.95,225.61,178.81,233.82,0.0,0.0,0.0,0.0,0.0,0.0,2.55,0.0,5.7,0.0,16.35,3.48,662.0,0.0,2.48
256311671047570,327.44,28,6.38,312.63,8.42,309.77,174.54,317.57,0.0,0.0,0.0,0.0,0.0,0.0,1.48,0.0,2.59,0.0,10.23,3.46,671.68,0.0,1.45
256311676924333,272.99,28,9.13,255.75,8.11,254.0,177.28,262.16,0.0,0.0,0.0,0.0,0.0,0.0,1.94,0.0,4.87,0.0,11.76,4.5,677.68,0.0,2.71
256311683040599,249.45,28,7.67,232.69,9.09,230.64,170.34,238.19,0.0,0.0,0.0,0.0,0.0,0.0,1.7,0.0,2.84,0.0,10.16,3.51,662.46,0.0,2.17
256311689035292,818.17,28,9.73,798.61,9.83,665.31,186.73,806.47,0.0,0.0,0.0,0.0,0.0,0.0,2.23,0.0,6.44,0.0,14.3,4.63,693.44,0.0,1.87
256311696004753,859.0,28,10.61,836.29,12.1,695.44,205.04,844.64,0.0,0.0,0.0,0.0,0.0,0.0,1.3,0.0,2.28,0.0,46.48,7.5,698.97,0.0,2.27
256311703042784,316.31,28,5.96,300.75,9.6,297.0,173.7,305.28,0.0,0.0,0.0,0.0,0.0,0.0,1.42,0.0,2.55,0.0,9.08,3.48,658.62,0.0,1.44
256311709206549,888.81,28,6.3,791.96,90.55,677.81,169.09,796.83,0.0,0.0,0.0,0.0,0.0,0.0,1.37,0.0,2.44,0.0,12.69,3.55,649.79,0.0,1.42
256311716962360,863.43,28,27.01,781.12,55.3,678.02,185.39,789.37,0.0,0.0,0.0,0.0,0.0,0.0,2.58,0.0,3.94,0.0,23.29,5.08,663.66,0.0,18.66
256311724072237,919.56,28,46.67,773.58,99.31,697.52,217.16,818.25,0.0,0.0,0.0,0.0,0.0,0.0,1.44,0.0,2.47,0.0,51.47,45.91,666.62,0.0,2.0
256311731023501,936.17,28,16.25,908.49,11.43,761.86,169.43,914.03,0.0,0.0,0.0,0.0,0.0,0.0,1.81,0.0,2.93,0.0,10.78,3.59,651.29,0.0,10.71
256311738701599,897.38,28,10.38,789.36,97.64,677.77,183.3,796.65,0.0,0.0,0.0,0.0,0.0,0.0,2.83,0.0,4.34,0.0,14.13,3.61,675.71,0.0,3.09
256311745435267,244.97,28,15.78,219.58,9.61,219.2,172.55,227.11,0.0,0.0,0.0,0.0,0.0,0.0,1.87,0.0,5.26,0.0,18.29,3.46,654.96,0.0,8.25
256311751606440,535.62,28,11.94,425.92,97.75,427.72,176.62,434.89,0.0,0.0,0.0,0.0,0.0,0.0,4.86,0.0,6.01,0.0,18.66,3.52,659.06,0.0,2.98
256311758026453,331.27,28,17.56,303.91,9.81,309.57,174.96,318.89,0.0,0.0,0.0,0.0,0.0,0.0,2.45,0.0,11.68,0.0,22.66,3.49,661.63,0.0,2.58
256311764169471,839.71,28,6.22,745.93,87.56,666.71,179.97,750.79,0.0,0.0,0.0,0.0,0.0,0.0,1.58,0.0,2.58,0.0,16.48,3.64,647.48,0.0,1.37
256311770993540,818.25,28,12.89,781.73,23.64,680.67,198.13,792.2,0.0,0.0,0.0,0.0,0.0,0.0,2.63,0.0,6.17,0.0,13.6,5.67,696.3,0.0,2.42
256311778595468,918.12,28,8.8,808.74,100.58,687.49,258.64,815.75,0.0,0.0,0.0,0.0,0.0,0.0,1.63,0.0,2.72,0.0,104.14,6.08,655.27,0.0,1.8
256311785945073,921.17,28,12.52,842.98,65.67,733.9,189.1,853.13,0.0,0.0,0.0,0.0,0.0,0.0,3.06,0.0,6.59,0.0,10.41,4.8,671.01,0.0,2.37
256311793170089,836.63,28,9.71,816.36,10.57,701.35,175.56,823.1,0.0,0.0,0.0,0.0,0.0,0.0,1.56,0.0,2.51,0.0,12.1,4.95,635.53,0.0,2.96
256311799967231,831.96,28,14.03,767.76,50.17,674.89,187.52,778.84,0.0,0.0,0.0,0.0,0.0,0.0,2.99,0.0,6.87,0.0,19.7,7.59,653.64,0.0,2.95
256311807595645,555.52,28,7.95,447.49,100.09,444.47,212.7,452.85,0.0,0.0,0.0,0.0,0.0,0.0,1.45,0.0,2.44,0.0,58.77,3.58,625.31,0.0,2.58
256311814006120,868.06,28,10.04,842.43,15.59,741.62,168.35,850.09,0.0,0.0,0.0,0.0,0.0,0.0,3.07,0.0,6.53,0.0,8.83,3.53,653.03,0.0,2.39
256311820973882,843.35,28,9.62,794.03,39.71,666.44,180.98,801.17,0.0,0.0,0.0,0.0,0.0,0.0,1.71,0.0,2.91,0.0,14.68,4.24,655.63,0.0,2.47
256311828125872,768.06,28,7.67,750.68,9.71,647.81,191.86,756.9,0.0,0.0,0.0,0.0,0.0,0.0,2.14,0.0,5.0,0.0,10.77,3.55,707.1,0.0,1.45
256311835085695,886.14,28,7.71,780.65,97.78,673.91,181.33,786.1,0.0,0.0,0.0,0.0,0.0,0.0,1.56,0.0,2.62,0.0,9.76,3.82,674.53,0.0,2.25
256311842006057,760.07,28,13.39,736.56,10.12,649.01,173.27,747.56,0.0,0.0,0.0,0.0,0.0,0.0,2.39,0.0,5.26,0.0,15.28,7.94,649.85,0.0,2.39
256311848987976,857.53,28,9.0,822.65,25.89,714.23,175.04,828.88,0.0,0.0,0.0,0.0,0.0,0.0,1.49,0.0,2.57,0.0,13.61,4.06,649.27,0.0,2.77
256311856454785,599.38,28,9.93,579.83,9.62,579.14,173.21,587.83,0.0,0.0,0.0,0.0,0.0,0.0,2.13,0.0,5.27,0.0,17.62,3.78,657.73,0.0,1.93
256311863006234,925.19,28,8.36,905.24,11.59,683.25,327.67,911.18,0.0,0.0,0.0,0.0,0.0,0.0,1.66,0.0,3.0,0.0,168.45,3.63,649.48,0.0,2.42
256311870025334,260.47,28,9.64,241.5,9.33,239.67,173.43,248.62,0.0,0.0,0.0,0.0,0.0,0.0,2.06,0.0,5.24,0.0,8.19,3.45,663.4,0.0,2.52
256311875828975,246.89,28,6.98,230.78,9.13,226.06,177.33,235.44,0.0,0.0,0.0,0.0,0.0,0.0,1.29,0.0,2.24,0.0,9.26,3.53,684.74,0.0,2.32
256311881675867,245.76,28,9.03,227.03,9.69,224.67,181.51,233.41,0.0,0.0,0.0,0.0,0.0,0.0,2.15,0.0,5.16,0.0,11.93,3.49,684.22,0.0,2.66
256311887806848,1255.03,28,7.27,596.76,651.0,491.78,177.41,602.65,0.0,0.0,0.0,0.0,0.0,0.0,1.49,0.0,2.74,0.0,19.65,3.55,662.86,0.0,1.38
256311896004784,824.43,28,11.36,800.34,12.74,677.6,188.77,808.92,0.0,0.0,0.0,0.0,0.0,0.0,2.47,0.0,5.39,0.0,17.09,7.04,668.44,0.0,2.78
256311903552218,549.08,28,7.72,441.93,99.43,438.49,177.47,447.04,0.0,0.0,0.0,0.0,0.0,0.0,1.52,0.0,2.51,0.0,10.96,3.48,650.0,0.0,2.61
256311910026130,780.22,28,9.84,759.29,11.09,658.08,179.9,766.65,0.0,0.0,0.0,0.0,0.0,0.0,2.41,0.0,5.57,0.0,9.96,3.46,652.82,0.0,2.48
256311916975744,793.53,28,7.83,742.18,43.51,648.99,185.65,747.26,0.0,0.0,0.0,0.0,0.0,0.0,1.42,0.0,2.6,0.0,13.47,3.5,681.77,0.0,2.76
256311924019964,324.48,28,15.97,299.09,9.43,296.26,177.46,312.52,0.0,0.0,0.0,0.0,0.0,0.0,2.16,0.0,4.78,0.0,16.7,10.33,661.89,0.0,2.53
256311930030362,269.67,28,6.24,253.73,9.69,250.2,170.59,258.38,0.0,0.0,0.0,0.0,0.0,0.0,1.4,0.0,2.61,0.0,9.14,3.47,653.79,0.0,1.59
256311935790188,317.46,28,7.91,300.45,9.11,297.93,173.74,306.65,0.0,0.0,0.0,0.0,0.0,0.0,2.26,0.0,4.96,0.0,9.33,3.43,672.22,0.0,1.71
256311942085572,919.81,28,8.16,817.43,94.22,676.6,177.42,823.48,0.0,0.0,0.0,0.0,0.0,0.0,1.33,0.0,2.34,0.0,19.24,4.85,644.47,0.0,2.12
256311949370414,671.25,28,9.53,651.71,10.01,649.95,193.25,658.6,0.0,0.0,0.0,0.0,0.0,0.0,2.56,0.0,5.54,0.0,8.93,3.5,682.15,0.0,2.64
256311955558708,518.34,28,6.45,500.92,10.96,496.87,180.62,505.15,0.0,0.0,0.0,0.0,0.0,0.0,1.32,0.0,2.42,0.0,10.58,3.46,697.87,0.0,2.22
256311962006864,963.35,28,12.91,937.0,13.44,770.39,184.28,947.68,0.0,0.0,0.0,0.0,0.0,0.0,2.71,0.0,6.14,0.0,11.73,6.46,657.21,0.0,2.23
256311968567650,258.07,28,6.74,241.91,9.42,237.85,173.44,246.66,0.0,0.0,0.0,0.0,0.0,0.0,1.67,0.0,2.63,0.0,9.22,3.46,665.7,0.0,1.87
256311974856298,389.29,28,14.93,285.2,89.16,285.82,176.76,296.97,0.0,0.0,0.0,0.0,0.0,0.0,2.75,0.0,7.57,0.0,15.9,5.99,659.78,0.0,2.99
256311981039665,240.28,28,6.41,224.32,9.56,221.7,176.29,229.28,0.0,0.0,0.0,0.0,0.0,0.0,1.59,0.0,2.78,0.0,11.49,3.56,668.73,0.0,1.44
256311987029373,316.78,28,9.05,297.93,9.8,297.18,173.34,305.14,0.0,0.0,0.0,0.0,0.0,0.0,2.35,0.0,5.62,0.0,11.82,3.47,665.39,0.0,1.84
256311992882300,350.05,28,9.3,331.53,9.22,330.24,183.76,338.06,0.0,0.0,0.0,0.0,0.0,0.0,1.52,0.0,2.45,0.0,13.06,5.05,650.71,0.0,2.77
256311998812919,319.09,28,8.07,302.78,8.24,301.16,170.03,309.27,0.0,0.0,0.0,0.0,0.0,0.0,2.06,0.0,4.84,0.0,9.35,3.52,660.45,0.0,1.58
256312005018107,817.11,28,7.61,798.95,10.54,679.8,140.1,804.1,0.0,0.0,0.0,0.0,0.0,0.0,1.45,0.0,2.49,0.0,9.29,3.85,670.57,0.0,2.46
256312012014814,1052.11,28,10.56,1029.11,12.44,791.81,185.9,1037.44,0.0,0.0,0.0,0.0,0.0,0.0,2.15,0.0,5.12,0.0,9.68,4.53,679.92,0.0,2.23
256312019032097,806.76,28,7.61,788.02,11.13,699.23,176.82,793.19,0.0,0.0,0.0,0.0,0.0,0.0,1.55,0.0,2.68,0.0,9.68,3.52,653.18,0.0,2.44
256312025965040,890.27,28,13.47,818.17,58.63,699.65,216.34,828.88,0.0,0.0,0.0,0.0,0.0,0.0,2.27,0.0,5.22,0.0,68.61,5.97,664.51,0.0,2.75
256312032678866,450.62,28,9.24,431.67,9.71,428.26,182.81,438.11,0.0,0.0,0.0,0.0,0.0,0.0,1.54,0.0,2.49,0.0,9.9,4.93,669.57,0.0,2.8
256312039025593,842.7,28,24.15,806.56,11.98,685.69,181.01,812.97,0.0,0.0,0.0,0.0,0.0,0.0,1.59,0.0,2.7,0.0,9.94,3.93,647.44,0.0,17.52
256312046025977,760.56,28,7.62,742.22,10.72,677.49,175.22,747.19,0.0,0.0,0.0,0.0,0.0,0.0,1.44,0.0,2.57,0.0,11.26,3.49,649.81,0.0,2.64
256312052488509,606.4,28,58.9,538.65,8.84,586.8,233.03,595.58,0.0,0.0,0.0,0.0,0.0,0.0,1.93,0.0,4.62,0.0,65.24,59.21,655.66,0.0,1.98
256312059017035,261.8,28,6.79,245.73,9.28,234.65,168.78,250.06,0.0,0.0,0.0,0.0,0.0,0.0,1.64,0.0,2.67,0.0,9.86,3.48,654.98,0.0,2.46
256312065027762,313.04,28,9.44,294.76,8.85,293.12,182.6,302.08,0.0,0.0,0.0,0.0,0.0,0.0,2.21,0.0,5.3,0.0,17.54,3.5,671.11,0.0,2.11
256312070879220,259.93,28,7.5,243.37,9.06,239.35,174.05,248.13,0.0,0.0,0.0,0.0,0.0,0.0,1.62,0.0,2.59,0.0,9.05,3.69,675.32,0.0,2.74
256312076698761,458.39,28,11.9,437.64,8.85,437.99,169.98,446.6,0.0,0.0,0.0,0.0,0.0,0.0,3.69,0.0,7.05,0.0,58.13,3.67,592.42,0.0,2.86
256312082681946,324.96,28,6.82,309.45,8.69,299.07,174.31,313.87,0.0,0.0,0.0,0.0,0.0,0.0,1.48,0.0,2.44,0.0,8.65,3.52,670.83,0.0,2.4
256312088987107,923.25,28,10.38,886.5,26.37,684.9,184.3,893.65,0.0,0.0,0.0,0.0,0.0,0.0,1.69,0.0,2.8,0.0,12.79,5.49,671.06,0.0,3.16
256312096015015,991.53,28,8.2,887.7,95.63,693.04,175.24,893.08,0.0,0.0,0.0,0.0,0.0,0.0,1.62,0.0,2.57,0.0,12.26,3.99,638.74,0.0,2.82
256312103891833,332.38,28,13.96,228.21,90.22,229.01,178.84,239.13,0.0,0.0,0.0,0.0,0.0,0.0,2.52,0.0,5.15,0.0,35.26,7.48,654.53,0.0,3.03
256312110027539,244.04,28,6.82,229.09,8.13,223.83,178.92,233.95,0.0,0.0,0.0,0.0,0.0,0.0,1.48,0.0,2.65,0.0,10.84,3.47,668.71,0.0,1.92
256312116032492,321.13,28,8.47,303.44,9.23,300.66,176.17,309.99,0.0,0.0,0.0,0.0,0.0,0.0,1.88,0.0,4.6,0.0,14.26,3.46,665.94,0.0,1.92
256312122039199,314.1,28,8.04,296.94,9.11,293.69,175.74,302.77,0.0,0.0,0.0,0.0,0.0,0.0,1.38,0.0,2.37,0.0,10.35,3.58,650.14,0.0,2.22
256312128041587,1363.74,28,6.94,1342.82,13.98,718.91,214.62,1348.21,0.0,0.0,0.0,0.0,0.0,0.0,1.4,0.0,2.46,0.0,11.3,3.52,685.43,0.0,1.55
256312135515397,568.77,28,7.56,551.29,9.92,546.01,169.42,556.6,0.0,0.0,0.0,0.0,0.0,0.0,1.47,0.0,2.57,0.0,8.89,4.2,629.62,0.0,2.25
256312142005879,806.18,28,13.6,781.8,10.77,653.38,174.73,793.02,0.0,0.0,0.0,0.0,0.0,0.0,3.98,0.0,8.39,0.0,16.11,3.52,656.96,0.0,2.38
256312148913527,395.82,28,10.89,304.14,80.79,302.16,177.94,312.36,0.0,0.0,0.0,0.0,0.0,0.0,1.61,0.0,2.7,0.0,14.29,5.85,672.84,0.0,2.67
256312154854875,789.46,28,12.73,764.6,12.12,653.02,165.96,774.29,0.0,0.0,0.0,0.0,0.0,0.0,4.09,0.0,8.21,0.0,10.23,5.07,633.82,0.0,3.04
256312161481275,590.67,28,11.08,570.06,9.53,569.78,175.52,578.78,0.0,0.0,0.0,0.0,0.0,0.0,1.44,0.0,2.43,0.0,12.56,6.6,658.84,0.0,2.35
256312168004325,914.7,28,9.39,818.01,87.3,702.97,167.16,824.86,0.0,0.0,0.0,0.0,0.0,0.0,2.05,0.0,5.29,0.0,9.84,3.63,624.96,0.0,2.54
256312175749021,435.86,28,8.61,335.56,91.7,332.5,178.36,340.81,0.0,0.0,0.0,0.0,0.0,0.0,1.54,0.0,2.47,0.0,16.07,3.48,662.38,0.0,3.35
256312181785775,402.1,28,10.8,382.11,9.19,376.79,174.46,387.33,0.0,0.0,0.0,0.0,0.0,0.0,2.19,0.0,3.22,0.0,11.92,3.67,664.31,0.0,5.59
256312188024115,763.16,28,10.0,743.69,9.47,681.64,179.62,751.29,0.0,0.0,0.0,0.0,0.0,0.0,1.45,0.0,2.57,0.0,12.49,5.11,662.67,0.0,2.4
256312195713165,396.97,28,7.5,298.09,91.38,294.51,181.89,302.95,0.0,0.0,0.0,0.0,0.0,0.0,1.52,0.0,2.71,0.0,9.09,3.51,673.01,0.0,2.65
256312202029388,318.03,28,7.29,300.88,9.86,297.26,177.75,305.84,0.0,0.0,0.0,0.0,0.0,0.0,1.65,0.0,2.64,0.0,8.9,3.58,672.32,0.0,2.33
256312207959143,829.85,28,11.03,808.54,10.28,684.68,167.49,817.26,0.0,0.0,0.0,0.0,0.0,0.0,2.31,0.0,4.55,0.0,12.16,5.63,655.83,0.0,2.31
256312214987729,902.93,28,58.16,813.28,31.5,697.75,180.87,868.09,0.0,0.0,0.0,0.0,0.0,0.0,48.3,0.0,49.57,0.0,17.38,6.03,650.66,0.0,3.35
256312221583202,278.37,28,10.14,258.48,9.75,258.82,182.52,266.3,0.0,0.0,0.0,0.0,0.0,0.0,2.22,0.0,5.6,0.0,13.26,3.52,669.86,0.0,2.32
256312227517455,565.91,28,14.32,541.38,10.21,540.48,197.05,549.81,0.0,0.0,0.0,0.0,0.0,0.0,1.5,0.0,2.73,0.0,15.55,6.14,678.1,0.0,5.9
256312233610933,521.13,28,27.0,484.05,10.08,481.03,191.34,492.32,0.0,0.0,0.0,0.0,0.0,0.0,1.5,0.0,2.86,0.0,23.68,5.8,649.84,0.0,18.61
256312240038277,251.72,28,7.7,235.1,8.92,232.37,178.47,240.69,0.0,0.0,0.0,0.0,0.0,0.0,1.62,0.0,2.68,0.0,11.64,3.47,665.68,0.0,2.11
256312246308501,404.9,28,7.94,302.36,94.6,300.72,168.98,308.82,0.0,0.0,0.0,0.0,0.0,0.0,2.04,0.0,4.75,0.0,8.54,3.52,655.86,0.0,1.48
256312252694795,434.99,28,6.66,336.04,92.3,331.99,176.59,340.85,0.0,0.0,0.0,0.0,0.0,0.0,1.41,0.0,2.57,0.0,8.41,3.46,665.61,0.0,1.84
256312258691788,311.32,28,8.9,293.31,9.11,290.7,172.09,300.13,0.0,0.0,0.0,0.0,0.0,0.0,2.33,0.0,5.22,0.0,11.05,3.52,674.37,0.0,2.04
256312264544327,532.33,28,8.43,513.51,10.39,509.43,180.83,518.82,0.0,0.0,0.0,0.0,0.0,0.0,1.54,0.0,2.49,0.0,11.14,3.52,677.51,0.0,3.12
256312271017253,825.01,28,10.27,804.31,10.43,685.84,175.08,812.04,0.0,0.0,0.0,0.0,0.0,0.0,1.81,0.0,5.07,0.0,8.65,3.89,664.13,0.0,2.55
256312278666063,456.43,28,6.8,369.15,80.47,365.62,174.34,374.24,0.0,0.0,0.0,0.0,0.0,0.0,1.41,0.0,2.63,0.0,13.18,3.48,668.21,0.0,1.72
256312285024974,253.93,28,9.91,234.0,10.02,234.01,171.61,241.22,0.0,0.0,0.0,0.0,0.0,0.0,2.3,0.0,5.06,0.0,13.97,3.49,651.28,0.0,2.69
256312291036824,881.39,28,9.41,861.4,10.58,764.0,180.66,869.28,0.0,0.0,0.0,0.0,0.0,0.0,1.35,0.0,2.44,0.0,11.12,6.2,673.73,0.0,1.53
256312297945912,856.52,28,15.67,772.0,68.85,679.72,178.69,784.77,0.0,0.0,0.0,0.0,0.0,0.0,4.6,0.0,8.78,0.0,15.98,5.2,666.17,0.0,2.9
256312304490268,576.86,28,7.17,560.41,9.27,557.85,192.23,565.03,0.0,0.0,0.0,0.0,0.0,0.0,1.63,0.0,2.64,0.0,11.74,3.56,677.77,0.0,2.55
256312311024110,776.4,28,10.71,753.09,12.6,665.44,191.57,761.46,0.0,0.0,0.0,0.0,0.0,0.0,2.42,0.0,5.33,0.0,9.57,4.71,688.15,0.0,2.34
256312318198923,317.46,28,7.05,300.32,10.09,297.53,174.56,305.09,0.0,0.0,0.0,0.0,0.0,0.0,1.29,0.0,2.29,0.0,8.74,3.51,669.39,0.0,2.28
256312324005652,773.05,28,8.5,753.49,11.06,645.87,166.57,760.55,0.0,0.0,0.0,0.0,0.0,0.0,2.29,0.0,5.38,0.0,8.76,3.54,643.49,0.0,1.44
256312331119363,326.75,28,6.46,311.74,8.55,304.83,173.22,316.62,0.0,0.0,0.0,0.0,0.0,0.0,1.84,0.0,2.78,0.0,10.0,3.55,673.02,0.0,1.58
256312336972454,317.15,28,9.72,297.7,9.73,297.64,170.44,304.92,0.0,0.0,0.0,0.0,0.0,0.0,2.7,0.0,5.46,0.0,8.57,3.41,645.29,0.0,2.5
256312343028798,907.31,28,6.21,890.37,10.74,778.89,177.66,895.14,0.0,0.0,0.0,0.0,0.0,0.0,1.59,0.0,2.57,0.0,8.66,3.56,670.89,0.0,1.43
256312350065951,911.36,28,8.4,794.64,108.32,682.01,168.22,800.68,0.0,0.0,0.0,0.0,0.0,0.0,1.95,0.0,4.66,0.0,8.39,3.41,664.28,0.0,2.35
256312357074956,846.73,28,23.81,738.96,83.96,681.59,191.49,747.73,0.0,0.0,0.0,0.0,0.0,0.0,3.86,0.0,4.9,0.0,16.4,5.66,672.12,0.0,15.03
256312363961585,854.02,28,9.61,791.41,53.0,657.92,174.75,798.04,0.0,0.0,0.0,0.0,0.0,0.0,2.33,0.0,5.52,0.0,9.33,3.53,664.04,0.0,2.98
256312370927168,880.89,28,9.27,788.48,83.14,663.62,194.5,794.88,0.0,0.0,0.0,0.0,0.0,0.0,1.84,0.0,3.14,0.0,11.0,4.04,673.41,0.0,2.87
256312378703614,430.33,28,14.05,327.0,89.28,330.47,174.86,338.34,0.0,0.0,0.0,0.0,0.0,0.0,2.76,0.0,7.61,0.0,13.02,5.53,651.85,0.0,2.72
256312385027340,784.06,28,6.42,763.83,13.81,667.77,177.26,768.04,0.0,0.0,0.0,0.0,0.0,0.0,1.56,0.0,2.71,0.0,8.02,3.48,675.37,0.0,2.21
256312392233065,252.82,28,9.28,234.65,8.9,232.71,190.94,241.37,0.0,0.0,0.0,0.0,0.0,0.0,1.9,0.0,4.63,0.0,32.69,3.51,664.25,0.0,2.56
256312398020992,815.03,28,7.73,796.21,11.09,688.73,175.72,801.97,0.0,0.0,0.0,0.0,0.0,0.0,1.46,0.0,2.49,0.0,11.37,4.88,645.14,0.0,1.98
256312405021119,806.98,28,14.94,779.98,12.05,721.11,169.38,792.29,0.0,0.0,0.0,0.0,0.0,0.0,3.75,0.0,8.44,0.0,15.37,7.46,652.78,0.0,2.63
256312411965061,842.38,28,9.27,783.91,49.2,665.05,178.08,790.49,0.0,0.0,0.0,0.0,0.0,0.0,1.64,0.0,3.09,0.0,12.16,4.76,639.8,0.0,2.69
256312419683816,501.71,28,28.44,370.95,102.33,366.26,192.46,378.05,0.0,0.0,0.0,0.0,0.0,0.0,1.91,0.0,2.94,0.0,12.8,7.75,687.09,0.0,21.07
256312426035063,799.5,28,33.5,754.77,11.22,673.54,169.48,785.75,0.0,0.0,0.0,0.0,0.0,0.0,28.88,0.0,29.89,0.0,8.31,3.61,666.13,0.0,2.53
256312433030269,803.65,28,13.52,776.52,13.61,683.23,171.55,787.26,0.0,0.0,0.0,0.0,0.0,0.0,4.87,0.0,6.86,0.0,72.4,4.8,656.06,0.0,2.78
256312440605197,506.04,28,8.98,399.07,97.99,396.34,172.21,404.47,0.0,0.0,0.0,0.0,0.0,0.0,1.44,0.0,2.67,0.0,11.11,3.51,638.89,0.0,3.56
256312447025909,800.67,28,12.85,775.09,12.73,664.2,172.43,785.62,0.0,0.0,0.0,0.0,0.0,0.0,5.47,0.0,9.65,0.0,14.08,3.45,678.01,0.0,2.31
256312453984685,858.88,28,9.81,815.02,34.05,662.55,180.61,822.01,0.0,0.0,0.0,0.0,0.0,0.0,1.8,0.0,2.84,0.0,19.97,4.49,648.73,0.0,2.82
256312461586624,565.15,28,13.38,447.64,104.14,447.9,309.42,458.0,0.0,0.0,0.0,0.0,0.0,0.0,3.45,0.0,7.53,0.0,270.4,3.62,652.11,0.0,3.01
256312468122436,882.37,28,7.69,783.24,91.44,671.5,184.64,788.45,0.0,0.0,0.0,0.0,0.0,0.0,1.64,0.0,2.6,0.0,10.0,4.96,669.18,0.0,2.48
256312475893427,915.9,28,16.37,799.63,99.9,687.06,172.12,813.01,0.0,0.0,0.0,0.0,0.0,0.0,7.89,0.0,11.62,0.0,13.84,5.81,653.58,0.0,2.99
256312483794510,866.62,28,7.42,760.17,99.03,658.16,182.15,765.13,0.0,0.0,0.0,0.0,0.0,0.0,1.62,0.0,2.62,0.0,8.54,3.52,690.34,0.0,2.45
256312491084962,319.44,28,9.48,299.98,9.98,294.68,173.81,307.62,0.0,0.0,0.0,0.0,0.0,0.0,2.18,0.0,5.03,0.0,16.25,3.57,653.76,0.0,1.84
256312497047464,245.3,28,7.23,228.76,9.31,225.75,177.96,234.21,0.0,0.0,0.0,0.0,0.0,0.0,1.66,0.0,2.61,0.0,11.41,3.69,667.42,0.0,1.78
256312503406634,653.49,28,8.42,557.33,87.74,555.15,184.23,563.89,0.0,0.0,0.0,0.0,0.0,0.0,2.37,0.0,5.22,0.0,8.39,3.6,668.53,0.0,1.86
256312509538937,564.9,28,6.73,549.74,8.43,544.53,174.73,553.68,0.0,0.0,0.0,0.0,0.0,0.0,1.56,0.0,2.53,0.0,8.61,3.61,654.51,0.0,2.79
256312516027366,311.98,28,9.71,292.94,9.32,291.11,170.94,299.96,0.0,0.0,0.0,0.0,0.0,0.0,1.94,0.0,4.61,0.0,12.38,3.71,654.16,0.0,2.7
256312522433810,640.16,28,7.42,546.91,85.83,542.68,188.96,551.7,0.0,0.0,0.0,0.0,0.0,0.0,1.27,0.0,2.22,0.0,8.78,3.56,700.07,0.0,2.63
256312529075086,863.12,28,9.47,758.6,95.05,643.5,170.37,764.67,0.0,0.0,0.0,0.0,0.0,0.0,2.13,0.0,4.75,0.0,13.91,3.46,642.42,0.0,3.4
256312535978092,943.38,28,8.71,896.96,37.71,674.7,175.41,903.07,0.0,0.0,0.0,0.0,0.0,0.0,1.72,0.0,2.96,0.0,10.65,4.29,662.05,0.0,2.6
256312542534972,260.32,28,8.88,243.11,8.33,241.88,173.23,249.95,0.0,0.0,0.0,0.0,0.0,0.0,2.02,0.0,4.71,0.0,9.04,3.64,656.55,0.0,2.04
256312548969817,1137.57,28,6.53,456.77,674.27,360.47,165.4,461.65,0.0,0.0,0.0,0.0,0.0,0.0,1.42,0.0,2.53,0.0,9.52,3.57,642.74,0.0,1.65
256312556034011,780.25,28,11.41,755.23,13.6,649.73,175.34,764.26,0.0,0.0,0.0,0.0,0.0,0.0,3.14,0.0,7.28,0.0,10.88,3.78,636.21,0.0,2.35
256312563114045,311.76,28,6.23,296.97,8.55,293.28,177.59,301.67,0.0,0.0,0.0,0.0,0.0,0.0,1.52,0.0,2.64,0.0,8.42,3.46,672.85,0.0,1.54
256312569005747,315.19,28,8.61,297.19,9.4,295.53,170.62,304.54,0.0,0.0,0.0,0.0,0.0,0.0,2.17,0.0,5.1,0.0,9.51,3.62,656.8,0.0,1.25
256312574906531,271.51,28,9.34,250.98,11.19,249.06,179.72,257.52,0.0,0.0,0.0,0.0,0.0,0.0,1.51,0.0,2.61,0.0,8.9,4.04,656.41,0.0,2.8
256312581027994,784.62,28,8.05,763.02,13.54,646.57,182.97,768.72,0.0,0.0,0.0,0.0,0.0,0.0,1.64,0.0,2.71,0.0,13.67,4.09,674.22,0.0,2.35
256312587500820,594.3,28,7.42,577.74,9.14,573.97,179.35,582.35,0.0,0.0,0.0,0.0,0.0,0.0,1.47,0.0,2.44,0.0,8.63,3.58,689.29,0.0,2.81
256312594044538,323.63,28,9.38,304.69,9.57,303.52,179.26,311.3,0.0,0.0,0.0,0.0,0.0,0.0,1.88,0.0,4.74,0.0,8.52,3.58,662.7,0.0,2.72
256312600040627,785.52,28,6.83,766.95,11.75,665.91,176.68,772.27,0.0,0.0,0.0,0.0,0.0,0.0,1.47,0.0,2.65,0.0,8.62,3.56,674.96,0.0,1.5
256312606915258,894.91,28,11.86,787.61,95.44,667.91,190.72,796.56,0.0,0.0,0.0,0.0,0.0,0.0,2.46,0.0,6.01,0.0,21.5,4.9,651.5,0.0,2.9
256312613514145,553.38,28,7.34,536.35,9.68,532.96,185.88,541.32,0.0,0.0,0.0,0.0,0.0,0.0,1.37,0.0,2.52,0.0,8.84,3.72,688.94,0.0,2.37
256312620029675,826.83,28,13.08,800.6,13.15,672.44,176.64,811.32,0.0,0.0,0.0,0.0,0.0,0.0,4.68,0.0,8.8,0.0,15.7,3.61,659.72,0.0,2.36
256312627879265,349.38,28,31.4,219.26,98.71,238.82,175.89,247.85,0.0,0.0,0.0,0.0,0.0,0.0,1.63,0.0,27.54,0.0,10.69,4.84,656.28,0.0,2.82
256312634078506,879.79,28,12.11,778.97,88.71,678.33,183.11,789.51,0.0,0.0,0.0,0.0,0.0,0.0,3.74,0.0,7.17,0.0,16.02,3.52,674.66,0.0,1.51
256312640976935,838.68,28,9.78,791.39,37.52,686.69,182.78,798.77,0.0,0.0,0.0,0.0,0.0,0.0,2.54,0.0,3.79,0.0,14.68,3.6,664.56,0.0,2.39
256312648645488,481.98,28,31.38,349.17,101.43,340.61,177.8,356.27,0.0,0.0,0.0,0.0,0.0,0.0,2.47,0.0,3.66,0.0,14.64,5.18,645.23,0.0,23.85
256312655024864,330.46,28,7.85,312.84,9.77,310.95,177.97,318.29,0.0,0.0,0.0,0.0,0.0,0.0,1.28,0.0,2.32,0.0,14.61,3.66,653.04,0.0,2.4
256312661064510,249.11,28,7.94,231.17,10.0,213.87,173.67,237.35,0.0,0.0,0.0,0.0,0.0,0.0,2.0,0.0,4.84,0.0,9.1,3.66,669.63,0.0,1.76
256312666848704,345.56,28,7.64,328.27,9.65,325.11,174.4,333.33,0.0,0.0,0.0,0.0,0.0,0.0,1.53,0.0,2.68,0.0,10.04,3.45,661.1,0.0,2.57
256312673029537,272.07,28,21.85,239.34,10.88,238.96,181.36,246.84,0.0,0.0,0.0,0.0,0.0,0.0,1.98,0.0,5.38,0.0,23.2,3.62,674.48,0.0,14.35
256312679044461,312.87,28,7.78,294.34,10.75,292.42,179.03,300.58,0.0,0.0,0.0,0.0,0.0,0.0,1.54,0.0,2.72,0.0,19.1,3.63,672.41,0.0,1.54
256312685041431,265.58,28,9.07,246.95,9.56,244.75,179.46,254.8,0.0,0.0,0.0,0.0,0.0,0.0,2.37,0.0,5.56,0.0,12.88,3.54,667.7,0.0,1.22
256312691039621,800.49,28,7.94,777.77,14.78,674.01,181.53,783.91,0.0,0.0,0.0,0.0,0.0,0.0,2.02,0.0,3.11,0.0,8.34,3.88,663.17,0.0,1.8
256312698014846,831.31,28,10.51,808.61,12.19,709.72,214.26,816.6,0.0,0.0,0.0,0.0,0.0,0.0,2.22,0.0,5.19,0.0,61.36,3.54,669.38,0.0,2.52
256312705004080,779.05,28,9.12,759.35,10.58,656.5,176.39,765.46,0.0,0.0,0.0,0.0,0.0,0.0,1.68,0.0,2.85,0.0,9.11,4.6,665.53,0.0,3.01
256312712071221,887.67,28,27.47,776.04,84.16,654.26,232.63,783.92,0.0,0.0,0.0,0.0,0.0,0.0,2.2,0.0,3.43,0.0,75.92,4.69,660.18,0.0,19.35
256312719949577,853.12,28,29.33,757.72,66.08,652.23,187.54,767.08,0.0,0.0,0.0,0.0,0.0,0.0,3.17,0.0,4.35,0.0,20.36,6.75,666.11,0.0,19.74
256312727171532,256.34,28,10.21,236.63,9.5,237.1,177.18,244.53,0.0,0.0,0.0,0.0,0.0,0.0,2.2,0.0,5.73,0.0,11.44,3.53,663.0,0.0,2.31
256312732958430,352.77,28,6.09,337.14,9.54,334.37,174.14,341.85,0.0,0.0,0.0,0.0,0.0,0.0,1.43,0.0,2.42,0.0,9.0,3.51,672.82,0.0,1.38
256312738909230,321.59,28,10.37,301.31,9.9,299.72,178.76,308.89,0.0,0.0,0.0,0.0,0.0,0.0,2.22,0.0,5.21,0.0,9.76,4.98,660.09,0.0,2.8
256312745034308,779.71,28,6.5,762.24,10.96,699.91,171.91,767.28,0.0,0.0,0.0,0.0,0.0,0.0,1.57,0.0,2.6,0.0,8.78,3.41,657.16,0.0,1.46
256312752005492,803.78,28,9.5,782.97,11.32,664.8,179.89,790.22,0.0,0.0,0.0,0.0,0.0,0.0,2.06,0.0,4.83,0.0,8.44,3.47,657.98,0.0,2.25
256312759098807,308.35,28,5.27,294.06,9.02,289.69,173.14,298.13,0.0,0.0,0.0,0.0,0.0,0.0,1.53,0.0,2.6,0.0,9.09,3.5,664.41,0.0,1.2
256312765055852,251.93,28,8.25,234.33,9.35,232.03,169.69,241.28,0.0,0.0,0.0,0.0,0.0,0.0,1.94,0.0,5.0,0.0,12.69,3.63,658.53,0.0,1.31
256312771101265,314.15,28,5.52,299.87,8.76,296.37,177.26,304.18,0.0,0.0,0.0,0.0,0.0,0.0,1.49,0.0,2.42,0.0,8.91,3.48,672.33,0.0,1.21
256312777092970,315.41,28,8.23,297.18,9.99,296.48,171.93,304.07,0.0,0.0,0.0,0.0,0.0,0.0,2.04,0.0,4.78,0.0,8.34,3.42,658.03,0.0,1.35
256312783076646,252.54,28,6.09,236.96,9.49,233.82,170.81,241.57,0.0,0.0,0.0,0.0,0.0,0.0,1.47,0.0,2.43,0.0,8.29,3.45,652.9,0.0,1.48
256312789089796,246.36,28,9.0,227.35,10.01,227.47,174.85,234.83,0.0,0.0,0.0,0.0,0.0,0.0,2.16,0.0,4.95,0.0,11.61,3.4,672.27,0.0,1.52
256312795041925,321.64,28,6.43,305.49,9.72,302.53,173.81,310.47,0.0,0.0,0.0,0.0,0.0,0.0,1.64,0.0,2.58,0.0,9.34,3.48,663.62,0.0,1.45
256312801039556,770.01,28,8.19,749.99,11.83,648.57,171.33,756.18,0.0,0.0,0.0,0.0,0.0,0.0,2.27,0.0,4.82,0.0,10.94,3.46,648.37,0.0,2.0
256312808006259,826.52,28,8.95,803.94,13.63,661.08,177.22,810.64,0.0,0.0,0.0,0.0,0.0,0.0,1.29,0.0,2.23,0.0,11.98,6.25,655.96,0.0,2.25
256312814600573,485.12,28,9.87,465.19,10.07,464.63,189.09,472.62,0.0,0.0,0.0,0.0,0.0,0.0,2.16,0.0,4.82,0.0,24.24,3.45,665.95,0.0,2.44
256312820679803,442.76,28,8.51,425.47,8.78,423.11,186.72,431.6,0.0,0.0,0.0,0.0,0.0,0.0,1.53,0.0,2.49,0.0,10.44,4.87,673.15,0.0,2.38
256312827023148,268.9,28,9.79,249.54,9.58,248.27,177.41,256.73,0.0,0.0,0.0,0.0,0.0,0.0,2.0,0.0,4.93,0.0,12.75,3.46,652.15,0.0,2.6
256312833032249,252.29,28,6.02,236.37,9.89,232.95,176.0,241.23,0.0,0.0,0.0,0.0,0.0,0.0,1.36,0.0,2.68,0.0,9.07,3.54,674.37,0.0,1.16
256312838850748,299.32,28,10.15,279.82,9.36,278.89,168.09,287.72,0.0,0.0,0.0,0.0,0.0,0.0,1.7,0.0,4.81,0.0,9.97,5.16,651.77,0.0,2.25
256312845025452,896.34,28,6.76,874.39,15.18,736.69,179.02,878.92,0.0,0.0,0.0,0.0,0.0,0.0,1.45,0.0,2.47,0.0,7.84,3.43,664.91,0.0,2.23
256312851628464,482.64,28,10.96,461.54,10.15,461.85,183.25,469.98,0.0,0.0,0.0,0.0,0.0,0.0,2.6,0.0,5.6,0.0,13.95,5.08,659.6,0.0,2.52
256312858031189,253.32,28,6.65,237.28,9.39,232.87,171.32,241.93,0.0,0.0,0.0,0.0,0.0,0.0,1.46,0.0,2.44,0.0,8.06,3.4,659.11,0.0,2.0
256312863891970,414.57,28,17.02,388.47,9.08,381.09,187.41,394.99,0.0,0.0,0.0,0.0,0.0,0.0,1.39,0.0,2.58,0.0,22.89,4.25,671.2,0.0,10.5
256312869841024,344.7,28,7.15,328.8,8.75,325.12,174.83,333.66,0.0,0.0,0.0,0.0,0.0,0.0,1.36,0.0,2.48,0.0,10.51,3.66,668.83,0.0,2.29
256312875782805,348.91,28,12.41,326.74,9.76,322.1,177.57,333.72,0.0,0.0,0.0,0.0,0.0,0.0,1.93,0.0,3.09,0.0,15.65,4.04,646.23,0.0,5.28
256312882029919,797.45,28,6.94,778.47,12.03,650.17,167.9,783.17,0.0,0.0,0.0,0.0,0.0,0.0,1.42,0.0,2.44,0.0,8.81,3.6,650.81,0.0,2.25
256312889798219,360.68,28,9.56,258.68,92.44,258.18,170.62,266.05,0.0,0.0,0.0,0.0,0.0,0.0,2.23,0.0,5.18,0.0,10.51,3.62,648.95,0.0,2.2
256312896028940,325.51,28,7.44,308.79,9.28,305.94,179.48,313.82,0.0,0.0,0.0,0.0,0.0,0.0,1.73,0.0,2.96,0.0,9.05,3.58,673.51,0.0,2.41
256312902078255,310.95,28,14.85,286.68,9.42,291.83,169.07,300.22,0.0,0.0,0.0,0.0,0.0,0.0,1.89,0.0,12.12,0.0,11.06,3.49,660.5,0.0,1.31
256312908046469,330.94,28,10.85,310.3,9.79,310.22,168.42,319.68,0.0,0.0,0.0,0.0,0.0,0.0,1.44,0.0,8.41,0.0,9.05,3.5,656.76,0.0,1.47
256312914041481,777.53,28,9.41,756.52,11.6,659.69,177.14,764.64,0.0,0.0,0.0,0.0,0.0,0.0,2.52,0.0,4.61,0.0,9.93,4.58,655.05,0.0,1.29
256312921004528,829.32,28,10.37,806.34,12.61,657.59,176.59,813.95,0.0,0.0,0.0,0.0,0.0,0.0,1.67,0.0,2.77,0.0,12.19,5.58,660.65,0.0,2.76
256312932082638,909.93,28,8.45,888.54,12.93,705.37,176.63,895.01,0.0,0.0,0.0,0.0,0.0,0.0,1.93,0.0,4.65,0.0,20.96,3.49,635.31,0.0,1.98
256312939004113,1003.49,28,136.1,857.5,9.89,716.79,180.53,865.85,0.0,0.0,0.0,0.0,0.0,0.0,2.76,0.0,3.97,0.0,15.51,5.17,673.32,0.0,127.75
256312946007764,794.46,28,14.67,767.16,12.63,663.85,174.36,779.53,0.0,0.0,0.0,0.0,0.0,0.0,4.94,0.0,8.57,0.0,12.6,7.03,669.67,0.0,2.3
256312953006644,262.12,28,7.49,244.66,9.98,240.88,175.14,249.93,0.0,0.0,0.0,0.0,0.0,0.0,1.45,0.0,2.39,0.0,8.77,3.53,673.84,0.0,2.22
256312958807417,328.05,28,9.45,309.6,9.01,308.45,178.54,316.68,0.0,0.0,0.0,0.0,0.0,0.0,2.58,0.0,5.59,0.0,11.61,3.63,670.95,0.0,2.37
256312965069528,242.41,28,7.87,224.58,9.97,220.77,171.67,229.44,0.0,0.0,0.0,0.0,0.0,0.0,1.63,0.0,2.68,0.0,9.63,3.41,663.69,0.0,3.01
256312971046531,318.15,28,7.43,301.44,9.28,298.06,176.4,307.31,0.0,0.0,0.0,0.0,0.0,0.0,2.12,0.0,4.96,0.0,14.48,3.47,664.13,0.0,1.56
256312977044652,252.25,28,7.38,235.7,9.17,231.2,173.87,241.21,0.0,0.0,0.0,0.0,0.0,0.0,1.64,0.0,2.73,0.0,11.16,3.48,668.47,0.0,1.87
256312983036986,281.24,28,29.59,242.43,9.22,261.45,199.13,270.3,0.0,0.0,0.0,0.0,0.0,0.0,2.4,0.0,4.94,0.0,39.81,24.28,670.96,0.0,1.72
256312989049592,806.88,28,7.52,786.26,13.1,677.14,179.15,792.06,0.0,0.0,0.0,0.0,0.0,0.0,1.52,0.0,2.49,0.0,10.13,4.62,659.96,0.0,1.72
256312996007634,828.25,28,8.27,809.39,10.59,683.16,176.29,815.83,0.0,0.0,0.0,0.0,0.0,0.0,1.71,0.0,4.5,0.0,9.21,3.65,648.09,0.0,1.83
256313003006479,826.12,28,9.96,804.73,11.44,738.24,183.65,812.61,0.0,0.0,0.0,0.0,0.0,0.0,1.77,0.0,2.71,0.0,12.29,6.46,662.95,0.0,2.08
256313010017302,847.08,28,23.82,809.21,14.05,695.8,320.43,814.96,0.0,0.0,0.0,0.0,0.0,0.0,1.45,0.0,2.75,0.0,12.81,3.91,664.62,0.0,17.73
256313017864253,338.95,28,9.9,231.95,97.1,230.22,174.47,239.26,0.0,0.0,0.0,0.0,0.0,0.0,1.23,0.0,2.3,0.0,12.1,6.26,665.25,0.0,2.54
256313024032329,800.84,28,17.22,770.18,13.44,679.12,178.12,784.78,0.0,0.0,0.0,0.0,0.0,0.0,7.21,0.0,11.89,0.0,10.97,5.48,646.2,0.0,2.62
256313031026244,790.35,28,6.98,772.65,10.72,660.59,188.38,777.38,0.0,0.0,0.0,0.0,0.0,0.0,1.33,0.0,2.51,0.0,8.39,3.41,688.5,0.0,2.25
256313038264182,746.16,28,7.89,728.27,10.0,647.49,179.87,734.38,0.0,0.0,0.0,0.0,0.0,0.0,1.97,0.0,4.8,0.0,8.56,3.47,681.25,0.0,1.78
256313045023432,832.07,28,7.89,807.79,16.39,701.6,205.74,813.32,0.0,0.0,0.0,0.0,0.0,0.0,1.45,0.0,2.43,0.0,9.71,4.49,667.74,0.0,2.36
256313052325258,685.88,28,10.13,666.92,8.83,661.88,188.85,674.76,0.0,0.0,0.0,0.0,0.0,0.0,2.69,0.0,6.29,0.0,13.97,4.96,679.9,0.0,2.29
256313059006420,879.76,28,8.31,857.09,14.36,752.51,170.63,863.12,0.0,0.0,0.0,0.0,0.0,0.0,1.49,0.0,2.57,0.0,9.76,4.82,670.15,0.0,2.28
256313066577518,528.13,28,10.33,425.7,92.1,424.1,172.66,433.66,0.0,0.0,0.0,0.0,0.0,0.0,2.35,0.0,5.7,0.0,10.08,4.95,659.07,0.0,2.38
256313073034334,786.28,28,7.89,765.92,12.47,657.43,171.8,771.09,0.0,0.0,0.0,0.0,0.0,0.0,1.44,0.0,2.42,0.0,8.64,3.65,653.26,0.0,2.73
256313080697871,503.38,28,9.44,395.0,98.93,392.29,165.41,401.77,0.0,0.0,0.0,0.0,0.0,0.0,2.11,0.0,4.9,0.0,8.87,4.3,648.65,0.0,2.66
256313087032146,316.48,28,7.25,299.89,9.34,296.62,172.42,305.13,0.0,0.0,0.0,0.0,0.0,0.0,1.47,0.0,2.61,0.0,9.64,3.45,655.61,0.0,2.0
256313093071952,241.36,28,9.04,221.67,10.66,221.45,176.4,229.55,0.0,0.0,0.0,0.0,0.0,0.0,2.45,0.0,5.46,0.0,9.04,3.47,658.63,0.0,1.16
256313099043117,236.09,28,7.84,218.81,9.44,217.59,190.97,225.21,0.0,0.0,0.0,0.0,0.0,0.0,1.88,0.0,3.1,0.0,53.58,3.74,666.83,0.0,1.44
256313104880124,245.89,28,8.74,227.16,9.98,225.46,177.71,233.49,0.0,0.0,0.0,0.0,0.0,0.0,2.27,0.0,4.93,0.0,10.59,3.49,666.42,0.0,2.41
256313111039750,811.75,28,8.42,790.62,12.71,646.16,182.5,796.77,0.0,0.0,0.0,0.0,0.0,0.0,1.57,0.0,2.57,0.0,12.52,5.35,668.93,0.0,2.26
256313118662723,472.22,28,6.52,375.68,90.02,371.27,168.91,379.88,0.0,0.0,0.0,0.0,0.0,0.0,1.48,0.0,2.6,0.0,8.93,3.44,647.69,0.0,2.33
256313125022627,840.28,28,12.62,817.21,10.45,659.76,240.22,827.5,0.0,0.0,0.0,0.0,0.0,0.0,1.53,0.0,2.66,0.0,96.22,8.47,686.71,0.0,2.33
256313132004265,857.83,28,16.68,827.99,13.17,733.12,174.05,842.27,0.0,0.0,0.0,0.0,0.0,0.0,2.09,0.0,5.26,0.0,22.02,10.36,645.75,0.0,2.4
256313138979858,810.61,28,60.4,712.22,37.99,655.93,118.4,769.81,0.0,0.0,0.0,0.0,0.0,0.0,1.77,0.0,57.48,0.0,9.04,4.12,661.38,0.0,2.81
256313145999685,779.4,28,57.53,708.04,13.82,654.1,184.64,763.62,0.0,0.0,0.0,0.0,0.0,0.0,50.74,0.0,53.12,0.0,10.52,4.07,662.56,0.0,1.95
256313152535076,539.14,28,73.22,457.52,8.4,519.95,194.06,528.46,0.0,0.0,0.0,0.0,0.0,0.0,7.52,0.0,67.54,0.0,17.02,7.14,651.91,0.0,2.29
256313158671721,534.13,28,146.34,378.89,8.91,513.52,239.92,523.38,0.0,0.0,0.0,0.0,0.0,0.0,6.64,0.0,141.0,0.0,95.68,4.75,653.13,0.0,1.84
256313165059839,825.58,28,12.12,801.14,12.32,658.81,189.69,811.91,0.0,0.0,0.0,0.0,0.0,0.0,1.74,0.0,3.43,0.0,15.44,8.54,612.53,0.0,1.35
256313172025671,874.23,28,10.02,852.34,11.87,741.67,174.85,860.15,0.0,0.0,0.0,0.0,0.0,0.0,2.31,0.0,5.55,0.0,9.52,3.46,659.37,0.0,2.2
256313178604850,496.52,28,7.41,479.81,9.3,476.11,183.24,484.97,0.0,0.0,0.0,0.0,0.0,0.0,1.53,0.0,2.64,0.0,9.39,3.66,678.59,0.0,2.25
256313185030184,266.04,28,26.0,230.58,9.46,245.5,189.46,254.07,0.0,0.0,0.0,0.0,0.0,0.0,2.16,0.0,5.23,0.0,51.15,19.64,653.31,0.0,2.5
256313191035440,882.48,28,5.73,866.1,10.64,748.96,178.38,870.7,0.0,0.0,0.0,0.0,0.0,0.0,1.49,0.0,2.44,0.0,9.97,3.47,681.66,0.0,1.13
256313198683146,480.31,28,11.05,382.31,86.95,381.74,171.76,390.55,0.0,0.0,0.0,0.0,0.0,0.0,2.75,0.0,5.95,0.0,9.86,4.21,665.57,0.0,2.81
256313205023066,1248.33,28,6.14,653.03,589.15,532.65,162.98,657.77,0.0,0.0,0.0,0.0,0.0,0.0,1.49,0.0,2.5,0.0,8.74,3.58,636.78,0.0,1.41
256313212979750,804.97,28,6.93,762.65,35.38,660.23,178.99,767.06,0.0,0.0,0.0,0.0,0.0,0.0,1.5,0.0,2.78,0.0,9.95,4.46,679.62,0.0,2.53
256313220165049,825.46,28,25.59,790.43,9.44,649.49,182.48,799.07,0.0,0.0,0.0,0.0,0.0,0.0,1.8,0.0,2.75,0.0,17.33,6.94,662.6,0.0,16.84
256313227002277,862.26,28,11.78,837.9,12.58,730.91,185.92,847.23,0.0,0.0,0.0,0.0,0.0,0.0,2.08,0.0,4.6,0.0,14.28,6.88,709.84,0.0,2.45
256313233598486,313.9,28,7.74,297.45,8.71,294.93,179.59,302.84,0.0,0.0,0.0,0.0,0.0,0.0,1.55,0.0,2.56,0.0,9.94,3.44,678.14,0.0,2.35
256313239954910,807.03,28,14.02,733.07,59.94,641.65,169.95,744.74,0.0,0.0,0.0,0.0,0.0,0.0,2.37,0.0,5.75,0.0,15.68,8.58,664.46,0.0,2.36
256313247822996,418.01,28,7.43,312.7,97.88,309.31,178.75,317.76,0.0,0.0,0.0,0.0,0.0,0.0,1.32,0.0,2.35,0.0,19.02,3.63,660.44,0.0,2.37
256313254029736,799.86,28,9.54,776.78,13.54,677.61,185.73,784.56,0.0,0.0,0.0,0.0,0.0,0.0,2.36,0.0,5.34,0.0,17.31,3.54,687.23,0.0,1.76
256313261015093,787.81,28,7.47,770.17,10.17,657.78,188.96,775.26,0.0,0.0,0.0,0.0,0.0,0.0,1.47,0.0,2.59,0.0,16.11,3.54,667.38,0.0,2.38
256313268007061,321.19,28,14.18,296.72,10.29,297.02,173.15,304.87,0.0,0.0,0.0,0.0,0.0,0.0,2.51,0.0,5.79,0.0,13.41,3.48,658.2,0.0,6.03
256313274084798,304.28,28,5.86,288.66,9.76,284.89,175.62,293.26,0.0,0.0,0.0,0.0,0.0,0.0,1.46,0.0,2.46,0.0,8.47,3.49,681.01,0.0,1.26
256313279971082,325.38,28,10.76,305.24,9.39,303.14,181.12,313.55,0.0,0.0,0.0,0.0,0.0,0.0,2.76,0.0,5.96,0.0,15.45,7.19,665.78,0.0,2.45
256313286311367,737.38,28,7.23,637.87,92.28,635.03,170.47,643.31,0.0,0.0,0.0,0.0,0.0,0.0,1.68,0.0,2.72,0.0,11.09,3.46,644.54,0.0,1.79
256313293022318,795.36,28,10.35,773.37,11.64,672.81,174.9,780.84,0.0,0.0,0.0,0.0,0.0,0.0,2.14,0.0,5.21,0.0,8.8,3.47,660.94,0.0,2.88
256313300026889,778.11,28,7.25,759.8,11.06,648.64,170.13,764.75,0.0,0.0,0.0,0.0,0.0,0.0,1.55,0.0,2.57,0.0,8.55,3.55,652.88,0.0,2.3
256313307708503,436.37,28,10.17,320.11,106.09,318.35,181.44,326.9,0.0,0.0,0.0,0.0,0.0,0.0,2.39,0.0,5.57,0.0,8.99,3.48,676.54,0.0,3.38
256313314025305,252.48,28,7.01,235.85,9.63,232.53,170.28,241.05,0.0,0.0,0.0,0.0,0.0,0.0,1.59,0.0,2.73,0.0,11.45,3.57,653.58,0.0,1.81
256313320050001,784.99,28,8.62,765.81,10.56,653.53,179.95,772.94,0.0,0.0,0.0,0.0,0.0,0.0,2.16,0.0,5.06,0.0,8.19,3.54,663.42,0.0,1.49
256313326565902,314.84,28,6.7,298.31,9.82,293.5,173.5,302.71,0.0,0.0,0.0,0.0,0.0,0.0,1.31,0.0,2.3,0.0,8.34,3.52,670.87,0.0,2.31
256313332879191,328.87,28,17.53,221.01,90.33,228.13,192.74,235.59,0.0,0.0,0.0,0.0,0.0,0.0,3.29,0.0,7.14,0.0,18.99,13.22,672.96,0.0,2.95
256313339031957,348.53,28,7.27,331.67,9.58,329.83,181.92,337.52,0.0,0.0,0.0,0.0,0.0,0.0,1.43,0.0,2.43,0.0,18.2,4.43,669.2,0.0,1.43
256313345003912,314.27,28,8.13,296.57,9.57,294.82,173.38,303.05,0.0,0.0,0.0,0.0,0.0,0.0,2.43,0.0,5.0,0.0,8.34,3.4,675.77,0.0,1.65
256313351036567,819.49,28,7.76,797.06,14.67,689.46,173.22,803.09,0.0,0.0,0.0,0.0,0.0,0.0,1.62,0.0,2.66,0.0,17.48,3.7,631.48,0.0,1.73
256313357996723,876.36,28,9.9,848.4,18.06,732.8,178.13,855.99,0.0,0.0,0.0,0.0,0.0,0.0,2.87,0.0,5.97,0.0,9.86,4.29,675.38,0.0,2.31
256313364989710,267.39,28,7.36,233.39,26.64,229.99,176.57,238.8,0.0,0.0,0.0,0.0,0.0,0.0,1.5,0.0,2.64,0.0,12.06,3.54,666.16,0.0,1.88
256313370867090,315.25,28,12.53,293.44,9.28,294.97,178.7,303.43,0.0,0.0,0.0,0.0,0.0,0.0,2.43,0.0,5.45,0.0,11.49,6.96,667.32,0.0,2.54
256313377037896,771.39,28,6.26,751.49,13.64,647.15,168.25,756.45,0.0,0.0,0.0,0.0,0.0,0.0,1.61,0.0,2.6,0.0,10.48,3.42,618.26,0.0,1.3
256313384006884,866.07,28,8.21,839.02,18.84,665.05,171.22,845.33,0.0,0.0,0.0,0.0,0.0,0.0,2.36,0.0,5.38,0.0,9.49,3.5,667.12,0.0,1.91
256313391029504,345.44,28,7.01,328.49,9.93,324.37,175.99,333.42,0.0,0.0,0.0,0.0,0.0,0.0,1.65,0.0,2.77,0.0,9.93,3.75,657.87,0.0,2.09
256313397065801,806.35,28,9.26,785.48,11.62,674.46,183.09,793.12,0.0,0.0,0.0,0.0,0.0,0.0,2.22,0.0,4.65,0.0,10.52,4.22,675.27,0.0,1.62
256313403586747,793.33,28,8.07,773.16,12.1,665.76,180.19,778.36,0.0,0.0,0.0,0.0,0.0,0.0,1.65,0.0,2.84,0.0,13.94,3.59,661.86,0.0,2.87
256313410978693,837.58,28,11.87,783.52,42.19,655.41,176.02,792.95,0.0,0.0,0.0,0.0,0.0,0.0,2.34,0.0,5.92,0.0,14.16,4.95,673.28,0.0,2.43
256313418688552,943.62,28,8.21,828.38,107.04,724.9,185.64,833.78,0.0,0.0,0.0,0.0,0.0,0.0,1.39,0.0,2.44,0.0,58.5,3.86,621.3,0.0,2.81
256313425573159,508.27,28,11.24,486.53,10.5,486.84,179.54,495.3,0.0,0.0,0.0,0.0,0.0,0.0,2.23,0.0,5.26,0.0,15.9,4.46,659.07,0.0,2.47
256313431702386,311.33,28,6.84,295.05,9.44,291.23,176.31,299.67,0.0,0.0,0.0,0.0,0.0,0.0,1.6,0.0,2.61,0.0,8.0,3.56,674.93,0.0,2.22
256313438027484,831.64,28,9.02,808.6,14.01,651.22,165.85,815.98,0.0,0.0,0.0,0.0,0.0,0.0,2.73,0.0,6.0,0.0,10.12,3.56,650.64,0.0,1.65
256313445432171,622.2,28,7.84,605.18,9.18,602.02,175.18,610.37,0.0,0.0,0.0,0.0,0.0,0.0,1.51,0.0,2.48,0.0,8.95,4.14,666.01,0.0,2.65
256313451691018,447.78,28,9.75,429.09,8.94,428.11,179.62,436.42,0.0,0.0,0.0,0.0,0.0,0.0,2.38,0.0,5.26,0.0,15.79,3.47,664.96,0.0,2.43
256313458035335,312.55,28,6.67,296.09,9.79,293.56,180.49,301.45,0.0,0.0,0.0,0.0,0.0,0.0,1.69,0.0,3.07,0.0,12.26,3.54,676.29,0.0,1.31
256313464494819,343.24,28,7.58,237.97,97.69,236.3,169.31,244.24,0.0,0.0,0.0,0.0,0.0,0.0,2.08,0.0,4.97,0.0,9.01,3.49,672.08,0.0,1.31
256313470876304,354.0,28,7.3,251.07,95.63,246.3,180.61,255.82,0.0,0.0,0.0,0.0,0.0,0.0,1.72,0.0,2.72,0.0,9.19,3.44,660.45,0.0,2.55
256313476796181,378.04,28,70.28,299.08,8.68,358.38,183.69,366.91,0.0,0.0,0.0,0.0,0.0,0.0,2.36,0.0,63.93,0.0,15.59,7.07,694.16,0.0,2.45
256313483033240,336.3,28,22.89,303.43,9.97,306.81,182.97,316.97,0.0,0.0,0.0,0.0,0.0,0.0,1.77,0.0,10.57,0.0,37.4,3.78,657.03,0.0,9.36
256313489041555,250.75,28,8.89,232.84,9.02,231.8,170.82,240.5,0.0,0.0,0.0,0.0,0.0,0.0,2.19,0.0,5.14,0.0,8.92,3.42,645.67,0.0,1.23
256313495037206,262.12,28,6.81,246.31,8.99,242.78,174.65,251.7,0.0,0.0,0.0,0.0,0.0,0.0,1.58,0.0,2.77,0.0,10.88,3.56,659.56,0.0,1.42
256313501037399,802.54,28,7.43,783.72,11.39,668.1,168.22,789.77,0.0,0.0,0.0,0.0,0.0,0.0,2.1,0.0,5.03,0.0,8.7,3.48,644.2,0.0,1.38
256313507585321,529.92,28,6.63,514.15,9.14,510.74,177.27,519.18,0.0,0.0,0.0,0.0,0.0,0.0,1.77,0.0,2.97,0.0,8.82,3.47,654.51,0.0,1.6
256313514025292,259.02,28,9.69,239.08,10.24,239.47,180.68,246.41,0.0,0.0,0.0,0.0,0.0,0.0,2.04,0.0,4.88,0.0,21.41,3.44,668.51,0.0,2.36
256313520043464,783.22,28,6.07,766.48,10.67,665.86,169.94,771.11,0.0,0.0,0.0,0.0,0.0,0.0,1.52,0.0,2.53,0.0,8.53,3.64,666.03,0.0,1.44
256313527929157,987.46,28,9.28,895.22,82.96,787.68,172.26,902.36,0.0,0.0,0.0,0.0,0.0,0.0,1.66,0.0,3.08,0.0,12.74,4.42,637.7,0.0,2.13
256313534627086,266.96,28,7.88,248.25,10.82,246.12,177.45,253.57,0.0,0.0,0.0,0.0,0.0,0.0,1.54,0.0,2.51,0.0,12.14,3.53,663.36,0.0,2.57
256313540994403,845.4,28,10.45,810.27,24.68,663.17,176.65,817.42,0.0,0.0,0.0,0.0,0.0,0.0,2.38,0.0,5.31,0.0,10.59,3.53,684.53,0.0,3.23
256313548267874,257.89,28,6.88,242.39,8.61,234.73,169.2,247.13,0.0,0.0,0.0,0.0,0.0,0.0,1.36,0.0,2.35,0.0,9.37,3.55,654.9,0.0,2.15
256313554096399,243.07,28,8.02,226.82,8.23,224.68,175.43,233.46,0.0,0.0,0.0,0.0,0.0,0.0,2.1,0.0,5.03,0.0,12.65,3.54,648.94,0.0,1.39
256313560055644,244.03,28,6.57,228.85,8.61,225.93,183.65,234.18,0.0,0.0,0.0,0.0,0.0,0.0,1.65,0.0,2.72,0.0,9.36,3.43,683.73,0.0,1.24
256313566066103,254.37,28,8.82,236.1,9.45,236.02,180.28,243.57,0.0,0.0,0.0,0.0,0.0,0.0,2.08,0.0,4.8,0.0,15.09,3.52,670.23,0.0,1.35
256313572062448,803.92,28,7.63,785.19,11.09,680.67,175.19,791.32,0.0,0.0,0.0,0.0,0.0,0.0,1.36,0.0,2.34,0.0,11.6,4.53,656.06,0.0,1.5
256313579656720,450.39,28,13.0,427.55,9.85,429.6,189.06,437.72,0.0,0.0,0.0,0.0,0.0,0.0,3.1,0.0,7.43,0.0,10.34,3.53,691.73,0.0,2.83
256313586190119,796.9,28,6.19,778.07,12.64,667.97,186.32,782.77,0.0,0.0,0.0,0.0,0.0,0.0,1.32,0.0,2.33,0.0,8.89,3.58,683.91,0.0,1.49
256313592610277,274.75,28,9.07,256.29,9.39,254.84,177.14,263.43,0.0,0.0,0.0,0.0,0.0,0.0,2.07,0.0,4.91,0.0,9.57,3.43,679.8,0.0,1.93
256313598892683,337.32,28,7.84,242.89,86.59,239.5,182.85,248.13,0.0,0.0,0.0,0.0,0.0,0.0,1.69,0.0,2.72,0.0,9.62,3.51,677.63,0.0,2.6
256313605029820,789.41,28,6.28,773.27,9.85,663.64,181.51,778.22,0.0,0.0,0.0,0.0,0.0,0.0,1.48,0.0,2.59,0.0,8.33,3.58,681.43,0.0,1.34
256313612008431,816.06,28,9.2,793.4,13.46,661.12,176.89,800.09,0.0,0.0,0.0,0.0,0.0,0.0,1.55,0.0,2.65,0.0,11.37,4.22,670.13,0.0,2.51
256313619034698,813.18,28,10.3,788.19,14.68,685.58,175.96,796.75,0.0,0.0,0.0,0.0,0.0,0.0,2.52,0.0,5.67,0.0,17.1,4.22,657.13,0.0,1.75
256313626676592,870.63,28,8.19,767.74,94.71,669.37,178.16,773.1,0.0,0.0,0.0,0.0,0.0,0.0,1.46,0.0,2.48,0.0,8.42,3.46,650.98,0.0,2.83
256313634015711,823.75,28,8.89,804.74,10.12,668.77,194.72,811.52,0.0,0.0,0.0,0.0,0.0,0.0,1.9,0.0,4.6,0.0,8.57,3.54,692.12,0.0,2.11
256313641014898,247.19,28,7.02,230.28,9.89,226.23,170.96,235.12,0.0,0.0,0.0,0.0,0.0,0.0,1.57,0.0,2.9,0.0,8.72,3.43,655.12,0.0,2.18
256313647040354,322.84,28,8.67,304.02,10.15,301.95,171.81,311.23,0.0,0.0,0.0,0.0,0.0,0.0,2.19,0.0,4.95,0.0,15.89,3.49,654.34,0.0,1.46
256313652970355,240.4,28,7.35,223.81,9.25,220.38,174.58,229.16,0.0,0.0,0.0,0.0,0.0,0.0,1.49,0.0,2.46,0.0,9.61,3.61,659.95,0.0,1.99
256313658808945,333.06,28,8.97,315.09,8.99,313.3,177.1,322.37,0.0,0.0,0.0,0.0,0.0,0.0,2.22,0.0,5.16,0.0,21.57,3.54,651.3,0.0,1.7
256313665029376,810.81,28,279.47,513.94,17.4,665.25,185.38,790.85,0.0,0.0,0.0,0.0,0.0,0.0,3.0,0.0,276.01,0.0,21.04,3.94,661.74,0.0,2.56
256313672005927,945.01,28,90.24,844.19,10.58,646.35,183.12,932.44,0.0,0.0,0.0,0.0,0.0,0.0,8.11,0.0,85.15,0.0,11.41,4.69,670.27,0.0,1.99
256313679427019,820.89,28,7.5,799.44,13.96,685.17,171.3,804.29,0.0,0.0,0.0,0.0,0.0,0.0,1.7,0.0,2.79,0.0,9.17,3.56,646.81,0.0,2.65
256313686647208,454.13,28,10.35,434.1,9.68,433.68,179.98,442.38,0.0,0.0,0.0,0.0,0.0,0.0,2.34,0.0,6.56,0.0,15.36,3.53,677.76,0.0,2.07
256313693027929,880.16,28,6.3,859.66,14.2,740.09,188.08,864.26,0.0,0.0,0.0,0.0,0.0,0.0,1.64,0.0,2.96,0.0,8.24,3.48,692.21,0.0,1.7
256313701005613,844.85,28,19.05,811.48,14.31,662.56,174.49,818.61,0.0,0.0,0.0,0.0,0.0,0.0,2.9,0.0,4.15,0.0,12.88,3.42,645.07,0.0,11.77
256313708731226,451.6,28,7.91,349.32,94.38,345.89,188.03,354.75,0.0,0.0,0.0,0.0,0.0,0.0,1.56,0.0,2.6,0.0,9.53,3.52,650.2,0.0,2.48
256313715030313,795.21,28,15.53,769.46,10.23,716.5,188.1,782.64,0.0,0.0,0.0,0.0,0.0,0.0,5.9,0.0,11.36,0.0,13.67,3.5,663.36,0.0,2.35
256313721648444,311.92,28,6.54,296.34,9.04,292.52,175.87,301.13,0.0,0.0,0.0,0.0,0.0,0.0,1.56,0.0,2.65,0.0,8.05,3.41,673.96,0.0,1.75
256313728043169,771.02,28,10.49,749.93,10.6,648.92,179.53,758.14,0.0,0.0,0.0,0.0,0.0,0.0,1.9,0.0,4.6,0.0,12.32,5.3,696.86,0.0,2.28
256313735275303,733.32,28,7.36,715.53,10.42,649.8,174.87,720.41,0.0,0.0,0.0,0.0,0.0,0.0,1.73,0.0,2.72,0.0,14.71,3.54,650.01,0.0,2.48
256313742026544,319.8,28,8.42,300.39,10.99,296.61,175.84,307.38,0.0,0.0,0.0,0.0,0.0,0.0,2.21,0.0,5.15,0.0,8.96,3.6,668.02,0.0,1.43
256313747950582,262.21,28,8.04,244.71,9.47,241.75,173.49,250.25,0.0,0.0,0.0,0.0,0.0,0.0,1.5,0.0,2.56,0.0,13.65,3.74,655.88,0.0,2.5
256313754070303,276.3,28,8.63,257.08,10.59,255.38,174.9,264.48,0.0,0.0,0.0,0.0,0.0,0.0,2.35,0.0,5.21,0.0,12.87,3.49,671.63,0.0,1.22
256313760060517,322.95,28,5.87,307.89,9.19,303.26,170.2,312.51,0.0,0.0,0.0,0.0,0.0,0.0,1.44,0.0,2.49,0.0,9.83,3.46,659.63,0.0,1.25
256313766012088,323.28,28,7.61,305.19,10.49,302.08,172.29,311.39,0.0,0.0,0.0,0.0,0.0,0.0,2.12,0.0,5.05,0.0,8.46,3.4,668.42,0.0,1.41
256313772042469,249.51,28,6.15,235.23,8.13,231.11,172.32,239.96,0.0,0.0,0.0,0.0,0.0,0.0,1.47,0.0,2.44,0.0,8.32,3.42,662.1,0.0,1.42
256313777876016,250.24,28,9.54,232.25,8.45,231.96,181.79,239.47,0.0,0.0,0.0,0.0,0.0,0.0,2.16,0.0,5.15,0.0,15.02,3.66,659.13,0.0,2.32
256313783752903,236.56,28,7.16,220.09,9.31,216.82,175.91,224.68,0.0,0.0,0.0,0.0,0.0,0.0,1.64,0.0,2.6,0.0,8.5,3.63,664.51,0.0,2.57
256313790022825,796.24,28,8.54,775.78,11.91,649.89,175.05,782.8,0.0,0.0,0.0,0.0,0.0,0.0,2.12,0.0,4.89,0.0,12.52,3.56,656.55,0.0,1.53
256313796991547,792.67,28,9.21,761.96,21.5,660.02,172.91,768.31,0.0,0.0,0.0,0.0,0.0,0.0,1.52,0.0,2.8,0.0,9.41,4.69,662.81,0.0,2.86
256313804007314,315.98,28,8.39,297.32,10.27,295.79,180.0,303.89,0.0,0.0,0.0,0.0,0.0,0.0,1.86,0.0,4.8,0.0,25.55,3.63,655.76,0.0,1.82
256313810034197,823.47,28,6.36,796.24,20.87,685.96,176.19,801.1,0.0,0.0,0.0,0.0,0.0,0.0,1.88,0.0,2.88,0.0,8.6,3.43,648.66,0.0,1.5
256313816564571,318.36,28,9.09,298.28,11.0,296.8,177.95,305.16,0.0,0.0,0.0,0.0,0.0,0.0,1.83,0.0,4.51,0.0,13.93,3.58,675.23,0.0,2.21
256313822904140,856.6,28,7.55,754.98,94.07,655.02,180.02,760.27,0.0,0.0,0.0,0.0,0.0,0.0,1.68,0.0,3.17,0.0,11.4,3.52,667.88,0.0,2.26
256313829572921,328.08,28,10.08,308.19,9.81,307.86,172.44,316.49,0.0,0.0,0.0,0.0,0.0,0.0,2.05,0.0,5.16,0.0,15.14,9.29,657.11,0.0,1.78
256313836005152,262.61,28,6.52,246.48,9.6,242.47,171.78,251.22,0.0,0.0,0.0,0.0,0.0,0.0,1.4,0.0,2.38,0.0,8.5,3.44,667.93,0.0,1.78
256313842034796,787.62,28,11.54,765.53,10.55,666.1,174.02,775.59,0.0,0.0,0.0,0.0,0.0,0.0,3.08,0.0,7.1,0.0,11.9,5.15,676.93,0.0,1.48
256313848957876,875.26,28,7.31,795.64,72.31,683.94,185.17,800.23,0.0,0.0,0.0,0.0,0.0,0.0,1.66,0.0,2.81,0.0,8.82,3.54,683.64,0.0,2.73
256313855554741,554.49,28,10.24,534.82,9.43,534.7,236.84,543.02,0.0,0.0,0.0,0.0,0.0,0.0,2.12,0.0,5.08,0.0,185.06,3.93,549.32,0.0,2.04
256313862028079,1729.67,28,6.2,392.92,1330.55,335.23,165.51,397.76,0.0,0.0,0.0,0.0,0.0,0.0,1.43,0.0,2.6,0.0,9.15,3.55,639.86,0.0,1.36
256313870737217,408.52,28,11.1,301.75,95.67,301.62,180.93,310.47,0.0,0.0,0.0,0.0,0.0,0.0,3.17,0.0,6.33,0.0,16.32,3.82,669.42,0.0,2.38
256313876756946,376.41,28,11.39,356.46,8.56,353.92,160.03,365.3,0.0,0.0,0.0,0.0,0.0,0.0,4.17,0.0,5.29,0.0,10.78,3.55,676.85,0.0,2.55
256313883028140,237.91,28,18.22,209.44,10.25,216.95,178.24,226.12,0.0,0.0,0.0,0.0,0.0,0.0,11.04,0.0,14.07,0.0,16.16,3.52,666.33,0.0,1.54
256313889414989,1082.59,28,292.02,700.95,89.62,664.31,178.29,991.51,0.0,0.0,0.0,0.0,0.0,0.0,287.01,0.0,288.21,0.0,10.33,3.62,649.44,0.0,1.46
256313897054689,352.63,28,16.08,326.71,9.84,332.34,176.51,341.39,0.0,0.0,0.0,0.0,0.0,0.0,2.53,0.0,11.44,0.0,19.49,3.59,662.27,0.0,1.4
256313903071353,313.25,28,6.36,297.4,9.49,293.3,175.3,302.04,0.0,0.0,0.0,0.0,0.0,0.0,1.81,0.0,2.94,0.0,9.3,3.43,671.72,0.0,1.72
256313909026974,254.69,28,8.37,236.49,9.83,233.81,170.98,242.93,0.0,0.0,0.0,0.0,0.0,0.0,2.12,0.0,4.91,0.0,8.55,3.55,671.22,0.0,1.93
256313915059407,319.42,28,7.05,302.24,10.13,298.78,176.91,307.74,0.0,0.0,0.0,0.0,0.0,0.0,1.67,0.0,2.76,0.0,11.04,3.49,657.18,0.0,1.55
256313920974989,375.94,29,50.44,315.18,10.31,302.74,171.61,364.0,0.0,0.0,0.0,0.0,0.0,0.0,2.08,0.0,5.28,0.0,11.41,3.45,661.92,0.0,42.8
256313927419155,1754.86,28,6.78,994.8,753.29,727.75,173.09,999.6,0.0,0.0,0.0,0.0,0.0,0.0,1.52,0.0,2.56,0.0,8.38,3.55,661.36,0.0,1.97
