f1_ts,f1f3_us,n_slices,work_us,wait_us,idle_us,us:fill_logits_buffer,us:waiting_for_logits,us:notify_listener,us:setup_logits,us:compute_forward_args,us:construct_minibatches,us:finalize_ranges,us:add_tokens,us:assemble attention plan,us:matmul enqueue,us:Prepare hardware matmul job,us:Launch hardware matmul job,us:legacy hw_prepare,us:legacy tx_launch,us:tx submitting activation DMA request,us:rx collecting results,us:Free scratchpads,us:other
256550940967966,323.87,28,7.68,307.58,8.61,304.26,178.16,312.12,0.0,0.0,0.0,0.0,0.0,0.0,1.29,0.0,2.32,0.0,9.3,3.53,658.44,0.0,2.49
256550946047837,316.46,28,6.66,302.11,7.7,300.66,176.98,306.83,0.0,0.0,0.0,0.0,0.0,0.0,1.24,0.0,2.19,0.0,9.21,3.65,666.18,0.0,1.94
256550951189757,771.56,28,7.15,707.25,57.15,633.88,211.38,712.14,0.0,0.0,0.0,0.0,0.0,0.0,1.35,0.0,2.48,0.0,8.62,3.55,697.33,0.0,2.22
256550956883012,313.6,28,6.18,299.59,7.83,298.68,175.12,304.75,0.0,0.0,0.0,0.0,0.0,0.0,1.35,0.0,2.73,0.0,9.4,3.52,672.04,0.0,1.0
256550961544941,318.04,28,6.45,302.56,9.03,301.76,175.12,307.83,0.0,0.0,0.0,0.0,0.0,0.0,1.58,0.0,2.63,0.0,13.14,3.44,663.03,0.0,1.12
256550966853249,365.26,28,7.79,298.84,58.62,298.17,194.13,304.03,0.0,0.0,0.0,0.0,0.0,0.0,1.26,0.0,2.22,0.0,27.11,3.54,654.29,0.0,2.55
256550972031287,326.82,28,6.81,313.65,6.35,311.74,173.99,318.81,0.0,0.0,0.0,0.0,0.0,0.0,1.67,0.0,2.81,0.0,9.87,3.5,660.01,0.0,1.66
256550977031350,733.44,28,6.95,716.85,9.64,644.53,275.77,722.0,0.0,0.0,0.0,0.0,0.0,0.0,1.31,0.0,2.28,0.0,19.13,3.65,734.19,0.0,1.79
256550983034822,253.59,28,6.89,238.44,8.25,238.25,171.63,243.67,0.0,0.0,0.0,0.0,0.0,0.0,1.39,0.0,2.59,0.0,8.76,3.6,668.45,0.0,1.67
256550988021567,255.59,28,6.9,241.07,7.63,240.36,175.95,246.19,0.0,0.0,0.0,0.0,0.0,0.0,1.13,0.0,2.54,0.0,12.7,3.6,669.93,0.0,1.78
256550993022935,701.74,28,6.47,685.87,9.4,627.53,215.25,690.37,0.0,0.0,0.0,0.0,0.0,0.0,1.16,0.0,2.31,0.0,14.05,3.55,686.07,0.0,1.97
256550998936681,363.45,28,8.23,302.27,52.95,301.45,188.92,308.28,0.0,0.0,0.0,0.0,0.0,0.0,1.23,0.0,2.2,0.0,39.51,3.81,664.44,0.0,2.22
256551004062257,255.2,28,7.58,238.45,9.17,238.28,180.06,243.84,0.0,0.0,0.0,0.0,0.0,0.0,1.6,0.0,2.87,0.0,13.12,3.55,665.9,0.0,2.19
256551009027139,313.17,28,6.54,298.98,7.64,297.85,169.33,303.92,0.0,0.0,0.0,0.0,0.0,0.0,1.19,0.0,2.21,0.0,9.76,3.46,649.46,0.0,1.57
256551014027090,321.58,28,7.7,305.58,8.3,305.14,177.56,311.29,0.0,0.0,0.0,0.0,0.0,0.0,1.45,0.0,2.7,0.0,8.1,3.54,661.79,0.0,1.99
256551019020817,963.63,28,6.96,944.95,11.72,642.25,235.34,949.99,0.0,0.0,0.0,0.0,0.0,0.0,1.35,0.0,2.59,0.0,10.83,3.61,711.35,0.0,1.92
256551025004921,738.14,28,8.36,720.33,9.45,658.93,229.27,726.89,0.0,0.0,0.0,0.0,0.0,0.0,1.4,0.0,2.85,0.0,74.0,3.71,673.34,0.0,1.8
256551030835507,365.2,28,6.66,303.61,54.93,301.85,175.36,307.84,0.0,0.0,0.0,0.0,0.0,0.0,1.25,0.0,2.19,0.0,12.39,3.56,658.77,0.0,2.21
256551036012131,248.82,28,6.09,234.35,8.38,232.4,169.35,238.62,0.0,0.0,0.0,0.0,0.0,0.0,1.23,0.0,2.6,0.0,7.88,3.51,658.3,0.0,1.82
256551041020361,260.03,28,5.62,246.9,7.51,245.75,178.53,251.19,0.0,0.0,0.0,0.0,0.0,0.0,1.3,0.0,2.27,0.0,8.88,3.47,666.04,0.0,1.33
256551046023016,317.57,28,6.43,304.49,6.65,300.44,180.32,309.13,0.0,0.0,0.0,0.0,0.0,0.0,1.27,0.0,2.39,0.0,23.67,3.5,677.7,0.0,1.8
256551051026865,323.34,28,8.01,306.98,8.35,307.44,174.72,313.05,0.0,0.0,0.0,0.0,0.0,0.0,1.4,0.0,2.64,0.0,13.36,3.5,652.28,0.0,1.94
256551056032671,313.12,28,6.35,298.98,7.78,297.59,176.72,303.45,0.0,0.0,0.0,0.0,0.0,0.0,1.13,0.0,2.31,0.0,9.7,3.44,670.3,0.0,1.88
256551060809532,316.44,28,6.54,302.14,7.76,300.94,172.05,306.83,0.0,0.0,0.0,0.0,0.0,0.0,1.25,0.0,2.19,0.0,12.6,3.47,657.52,0.0,1.85
256551065931301,861.83,28,18.89,788.73,54.21,711.61,250.92,794.35,0.0,0.0,0.0,0.0,0.0,0.0,1.18,0.0,2.18,0.0,15.43,3.9,729.0,0.0,13.07
256551071985051,349.48,28,18.02,303.64,27.82,314.09,296.56,319.63,0.0,0.0,0.0,0.0,0.0,0.0,1.4,0.0,12.24,0.0,16.28,5.62,664.17,0.0,2.03
256551077024384,251.4,28,16.57,227.5,7.34,233.92,186.76,239.92,0.0,0.0,0.0,0.0,0.0,0.0,1.26,0.0,10.59,0.0,17.37,3.59,667.15,0.0,4.14
256551082023176,251.2,28,16.62,227.58,6.99,237.53,181.23,242.95,0.0,0.0,0.0,0.0,0.0,0.0,1.14,0.0,12.74,0.0,16.73,3.53,651.45,0.0,1.26
256551087133497,876.67,28,7.22,707.92,161.54,632.72,211.9,713.02,0.0,0.0,0.0,0.0,0.0,0.0,1.46,0.0,2.77,0.0,11.08,3.46,688.31,0.0,2.05
256551093034242,246.1,28,6.62,230.71,8.77,229.84,175.75,235.49,0.0,0.0,0.0,0.0,0.0,0.0,1.18,0.0,2.34,0.0,8.85,3.44,663.32,0.0,1.84
256551098024131,312.4,28,6.75,298.13,7.53,297.78,175.71,303.25,0.0,0.0,0.0,0.0,0.0,0.0,1.66,0.0,2.79,0.0,8.91,3.51,674.18,0.0,1.62
256551103028416,249.6,28,7.06,234.74,7.8,235.16,179.33,240.63,0.0,0.0,0.0,0.0,0.0,0.0,1.24,0.0,2.36,0.0,14.33,3.54,668.23,0.0,1.16
256551108498539,372.44,28,8.16,303.98,60.3,304.16,183.29,309.89,0.0,0.0,0.0,0.0,0.0,0.0,1.26,0.0,2.32,0.0,32.36,3.61,648.52,0.0,2.24
256551113305595,308.85,28,6.93,294.4,7.52,293.45,180.64,299.16,0.0,0.0,0.0,0.0,0.0,0.0,1.22,0.0,2.35,0.0,11.12,3.5,656.7,0.0,2.17
256551118453859,782.47,28,8.03,725.88,48.56,666.88,210.29,732.18,0.0,0.0,0.0,0.0,0.0,0.0,1.41,0.0,2.76,0.0,8.56,3.93,662.5,0.0,1.69
256551124108944,306.08,28,5.88,293.1,7.1,292.21,167.75,298.05,0.0,0.0,0.0,0.0,0.0,0.0,1.41,0.0,2.4,0.0,8.89,3.46,656.6,0.0,0.93
256551129288423,1121.71,28,312.4,749.13,60.18,663.17,215.43,755.14,0.0,0.0,0.0,0.0,0.0,0.0,1.18,0.0,2.38,0.0,17.35,3.83,689.04,0.0,306.18
256551135762361,757.89,28,6.74,698.32,52.83,634.17,202.63,703.6,0.0,0.0,0.0,0.0,0.0,0.0,1.38,0.0,2.46,0.0,8.92,3.56,645.96,0.0,1.46
256551141793113,400.45,28,7.8,342.75,49.9,338.88,182.37,348.54,0.0,0.0,0.0,0.0,0.0,0.0,1.39,0.0,2.69,0.0,14.16,3.64,672.66,0.0,2.01
256551147029189,310.29,28,6.58,295.67,8.04,295.43,177.62,300.74,0.0,0.0,0.0,0.0,0.0,0.0,1.55,0.0,2.56,0.0,11.1,3.57,653.95,0.0,1.51
256551151733533,390.94,28,7.35,374.78,8.81,374.38,204.99,380.05,0.0,0.0,0.0,0.0,0.0,0.0,1.31,0.0,2.41,0.0,9.29,3.46,691.65,0.0,2.08
256551157038256,249.1,28,6.99,233.91,8.2,233.28,178.56,239.55,0.0,0.0,0.0,0.0,0.0,0.0,1.69,0.0,2.81,0.0,9.71,3.52,664.91,0.0,1.35
256551162027649,314.86,28,6.43,300.3,8.13,299.25,175.67,305.13,0.0,0.0,0.0,0.0,0.0,0.0,1.37,0.0,2.52,0.0,9.48,3.47,667.32,0.0,1.6
256551167040810,310.79,28,6.92,295.28,8.59,294.62,177.69,300.15,0.0,0.0,0.0,0.0,0.0,0.0,1.49,0.0,2.67,0.0,10.22,3.51,665.15,0.0,2.05
256551172024343,322.6,28,7.04,305.93,9.62,305.6,174.62,310.9,0.0,0.0,0.0,0.0,0.0,0.0,1.4,0.0,2.5,0.0,11.36,3.55,662.06,0.0,2.07
256551177176131,741.67,28,6.99,686.12,48.56,628.55,278.15,691.41,0.0,0.0,0.0,0.0,0.0,0.0,1.48,0.0,2.5,0.0,87.35,3.63,677.74,0.0,1.66
256551182788894,350.83,28,7.0,287.46,56.37,287.44,178.35,292.54,0.0,0.0,0.0,0.0,0.0,0.0,1.27,0.0,2.37,0.0,12.62,3.53,639.88,0.0,1.85
256551187972000,758.88,28,6.72,712.14,40.01,654.27,226.92,717.12,0.0,0.0,0.0,0.0,0.0,0.0,1.15,0.0,2.32,0.0,19.72,3.48,654.66,0.0,1.75
256551193910416,292.1,28,9.17,227.69,55.24,226.02,186.74,234.51,0.0,0.0,0.0,0.0,0.0,0.0,1.61,0.0,2.97,0.0,17.85,3.85,645.32,0.0,2.35
256551199042355,246.5,28,7.14,231.76,7.6,231.09,176.25,237.28,0.0,0.0,0.0,0.0,0.0,0.0,1.81,0.0,2.94,0.0,12.01,3.48,658.39,0.0,1.61
256551204027940,309.32,28,6.56,294.44,8.32,294.09,175.73,299.38,0.0,0.0,0.0,0.0,0.0,0.0,1.42,0.0,2.61,0.0,8.22,3.48,663.1,0.0,1.62
256551209027643,308.7,28,5.47,294.44,8.79,293.59,176.94,298.79,0.0,0.0,0.0,0.0,0.0,0.0,1.66,0.0,2.81,0.0,8.34,3.48,680.4,0.0,1.12
256551214029455,313.76,28,6.74,298.22,8.79,297.98,173.02,303.29,0.0,0.0,0.0,0.0,0.0,0.0,1.23,0.0,2.38,0.0,9.02,3.54,667.14,0.0,1.68
256551219111291,756.34,28,7.98,694.23,54.13,634.71,254.02,700.28,0.0,0.0,0.0,0.0,0.0,0.0,1.47,0.0,2.57,0.0,29.12,3.49,684.05,0.0,1.93
256551225164890,786.02,28,8.09,719.87,58.06,661.35,276.28,725.94,0.0,0.0,0.0,0.0,0.0,0.0,1.58,0.0,2.73,0.0,9.51,3.47,709.0,0.0,2.02
256551231048327,405.73,28,7.6,390.08,8.06,243.68,174.12,395.19,0.0,0.0,0.0,0.0,0.0,0.0,1.38,0.0,2.49,0.0,9.38,3.46,658.51,0.0,2.49
256551236026452,270.54,28,7.86,242.33,20.35,240.9,171.37,247.95,0.0,0.0,0.0,0.0,0.0,0.0,1.37,0.0,2.73,0.0,12.59,3.65,654.6,0.0,2.24
256551241020776,241.6,28,6.94,226.76,7.9,225.78,180.76,232.08,0.0,0.0,0.0,0.0,0.0,0.0,1.43,0.0,2.57,0.0,12.41,3.51,673.42,0.0,1.62
256551246027788,252.5,28,7.29,237.11,8.1,237.41,172.1,242.63,0.0,0.0,0.0,0.0,0.0,0.0,1.67,0.0,2.89,0.0,12.16,3.53,648.34,0.0,1.76
256551251030907,251.13,28,6.18,236.61,8.33,235.03,174.74,241.16,0.0,0.0,0.0,0.0,0.0,0.0,1.16,0.0,2.29,0.0,8.15,3.52,665.2,0.0,1.64
256551256024751,233.16,28,7.09,217.8,8.27,217.28,176.55,222.88,0.0,0.0,0.0,0.0,0.0,0.0,1.12,0.0,2.48,0.0,12.44,3.54,664.36,0.0,1.97
256551261032808,241.07,28,13.99,219.18,7.91,226.61,176.14,231.73,0.0,0.0,0.0,0.0,0.0,0.0,1.4,0.0,10.69,0.0,11.02,3.55,660.2,0.0,1.44
256551265655413,460.77,28,86.82,366.59,7.36,446.52,248.36,452.2,0.0,0.0,0.0,0.0,0.0,0.0,81.69,0.0,83.01,0.0,14.32,3.53,709.98,0.0,1.21
256551270956433,807.19,28,6.9,743.21,57.08,686.24,224.99,749.03,0.0,0.0,0.0,0.0,0.0,0.0,1.19,0.0,2.32,0.0,11.91,3.66,675.01,0.0,1.08
256551276823107,380.86,28,7.51,312.92,60.44,313.21,190.83,318.19,0.0,0.0,0.0,0.0,0.0,0.0,1.38,0.0,2.45,0.0,20.4,3.56,618.78,0.0,2.23
256551282003676,332.08,28,7.74,316.83,7.52,317.88,178.29,323.02,0.0,0.0,0.0,0.0,0.0,0.0,1.33,0.0,2.68,0.0,18.06,3.51,668.05,0.0,1.55
256551287032674,325.13,28,19.83,297.21,8.09,308.49,191.22,315.17,0.0,0.0,0.0,0.0,0.0,0.0,1.58,0.0,2.71,0.0,24.96,15.68,664.75,0.0,1.87
256551292041493,251.55,28,6.58,237.71,7.26,237.28,181.12,242.79,0.0,0.0,0.0,0.0,0.0,0.0,1.89,0.0,2.89,0.0,9.31,3.52,669.15,0.0,1.5
256551297181385,775.98,28,7.11,703.08,65.79,645.03,214.01,708.16,0.0,0.0,0.0,0.0,0.0,0.0,1.4,0.0,2.61,0.0,21.2,3.5,702.28,0.0,1.93
256551302975780,268.02,28,6.47,225.41,36.13,225.28,172.69,230.38,0.0,0.0,0.0,0.0,0.0,0.0,1.24,0.0,2.7,0.0,8.12,3.42,657.98,0.0,1.5
256551308024488,317.88,28,6.62,303.91,7.35,304.15,189.13,309.11,0.0,0.0,0.0,0.0,0.0,0.0,1.32,0.0,2.44,0.0,19.93,3.47,684.06,0.0,1.42
256551313036335,312.87,28,7.78,297.19,7.91,297.92,177.71,303.26,0.0,0.0,0.0,0.0,0.0,0.0,1.19,0.0,2.42,0.0,11.3,3.66,669.99,0.0,1.71
256551318029637,321.23,28,5.87,306.12,9.24,305.49,174.13,310.77,0.0,0.0,0.0,0.0,0.0,0.0,1.1,0.0,2.1,0.0,9.41,3.43,667.35,0.0,1.22
256551323040967,243.88,28,6.07,229.66,8.15,229.16,169.08,234.12,0.0,0.0,0.0,0.0,0.0,0.0,1.25,0.0,2.45,0.0,10.98,3.55,647.32,0.0,1.61
256551328130204,747.84,28,8.12,687.17,52.54,633.18,193.58,693.18,0.0,0.0,0.0,0.0,0.0,0.0,1.17,0.0,2.39,0.0,16.52,3.62,665.58,0.0,2.12
256551333890593,368.71,28,8.01,303.44,57.26,304.5,178.26,309.67,0.0,0.0,0.0,0.0,0.0,0.0,1.96,0.0,3.16,0.0,14.65,3.54,640.48,0.0,1.72
256551338587043,491.13,28,6.37,477.69,7.08,477.38,213.58,482.75,0.0,0.0,0.0,0.0,0.0,0.0,1.34,0.0,2.47,0.0,8.39,3.58,686.36,0.0,1.31
256551344026512,263.68,28,6.34,249.69,7.65,235.02,180.79,254.85,0.0,0.0,0.0,0.0,0.0,0.0,1.5,0.0,2.64,0.0,10.87,3.57,671.52,0.0,1.19
256551349033803,1059.47,28,6.1,355.34,698.04,313.62,170.65,360.4,0.0,0.0,0.0,0.0,0.0,0.0,1.47,0.0,2.57,0.0,8.88,3.54,652.89,0.0,1.04
256551355068557,317.5,28,6.18,303.08,8.25,302.77,176.44,307.79,0.0,0.0,0.0,0.0,0.0,0.0,1.47,0.0,2.54,0.0,10.95,3.51,666.23,0.0,1.46
256551360030600,311.7,28,6.12,297.64,7.94,297.23,172.61,302.05,0.0,0.0,0.0,0.0,0.0,0.0,1.1,0.0,2.15,0.0,10.9,3.53,662.26,0.0,1.71
256551365034406,310.79,28,7.97,294.96,7.86,296.16,174.62,301.28,0.0,0.0,0.0,0.0,0.0,0.0,1.51,0.0,2.9,0.0,17.78,3.51,657.32,0.0,1.65
256551370025972,329.4,28,6.44,313.92,9.04,313.71,177.45,318.88,0.0,0.0,0.0,0.0,0.0,0.0,1.18,0.0,2.42,0.0,17.65,3.55,650.48,0.0,1.48
256551375036244,237.48,28,7.12,223.55,6.8,223.3,195.41,228.98,0.0,0.0,0.0,0.0,0.0,0.0,1.22,0.0,2.45,0.0,38.97,3.52,678.22,0.0,1.69
256551380216070,356.18,28,8.22,297.87,50.08,298.79,176.23,304.03,0.0,0.0,0.0,0.0,0.0,0.0,1.82,0.0,3.03,0.0,16.48,3.74,658.71,0.0,2.07
256551385062113,715.84,28,7.05,700.3,8.48,646.43,220.11,705.89,0.0,0.0,0.0,0.0,0.0,0.0,1.8,0.0,3.0,0.0,11.92,3.46,686.97,0.0,1.46
256551390801792,381.44,28,8.1,318.75,54.59,319.27,213.37,324.51,0.0,0.0,0.0,0.0,0.0,0.0,1.21,0.0,2.31,0.0,76.81,3.75,651.25,0.0,2.35
256551396005813,744.52,28,8.3,684.26,51.96,630.38,223.08,690.4,0.0,0.0,0.0,0.0,0.0,0.0,1.58,0.0,2.6,0.0,25.16,3.61,673.43,0.0,2.16
256551401950094,810.54,28,7.63,743.31,59.59,679.63,227.31,749.22,0.0,0.0,0.0,0.0,0.0,0.0,1.21,0.0,2.43,0.0,9.61,3.47,699.25,0.0,1.73
256551407946680,797.88,28,7.12,725.53,65.24,663.85,259.8,730.84,0.0,0.0,0.0,0.0,0.0,0.0,1.12,0.0,2.53,0.0,16.73,3.53,750.76,0.0,1.78
256551413951793,739.82,28,8.11,674.08,57.63,638.05,237.89,679.99,0.0,0.0,0.0,0.0,0.0,0.0,1.27,0.0,2.4,0.0,11.56,3.51,694.94,0.0,2.2
256551419421588,235.62,28,8.67,217.85,9.1,218.75,176.39,223.82,0.0,0.0,0.0,0.0,0.0,0.0,1.2,0.0,2.48,0.0,10.71,3.5,657.56,0.0,2.7
256551424071940,318.48,28,6.09,304.37,8.02,303.97,171.85,309.24,0.0,0.0,0.0,0.0,0.0,0.0,1.21,0.0,2.28,0.0,10.16,3.62,651.12,0.0,1.22
256551429029431,307.39,28,5.73,294.01,7.64,293.42,178.26,298.56,0.0,0.0,0.0,0.0,0.0,0.0,1.12,0.0,2.25,0.0,10.76,3.5,670.76,0.0,1.19
256551434023011,731.92,28,6.39,717.16,8.37,656.52,207.69,721.95,0.0,0.0,0.0,0.0,0.0,0.0,1.22,0.0,2.44,0.0,8.1,3.47,667.48,0.0,1.6
256551439824970,799.8,28,7.24,732.35,60.21,663.92,232.89,737.38,0.0,0.0,0.0,0.0,0.0,0.0,1.15,0.0,2.17,0.0,8.28,3.46,721.23,0.0,2.19
256551445923671,290.85,28,8.13,232.99,49.73,233.56,172.41,238.86,0.0,0.0,0.0,0.0,0.0,0.0,1.15,0.0,2.42,0.0,9.07,3.45,631.76,0.0,2.26
256551450624795,259.21,28,5.01,246.79,7.42,245.06,176.9,250.67,0.0,0.0,0.0,0.0,0.0,0.0,1.32,0.0,2.26,0.0,8.47,3.42,673.66,0.0,1.12
256551455793336,394.13,28,8.1,324.67,61.36,324.88,196.86,330.06,0.0,0.0,0.0,0.0,0.0,0.0,1.32,0.0,2.52,0.0,30.94,3.46,629.79,0.0,2.71
256551461029392,320.21,28,6.77,305.83,7.62,305.47,180.01,310.95,0.0,0.0,0.0,0.0,0.0,0.0,1.53,0.0,2.84,0.0,8.29,3.47,675.7,0.0,1.65
256551465751226,270.44,28,8.21,254.18,8.05,255.25,181.56,259.99,0.0,0.0,0.0,0.0,0.0,0.0,1.09,0.0,2.18,0.0,11.45,3.62,666.86,0.0,2.4
256551470875632,309.36,28,7.43,242.42,59.5,241.89,194.78,247.64,0.0,0.0,0.0,0.0,0.0,0.0,1.21,0.0,2.37,0.0,22.72,3.45,669.58,0.0,2.12
256551476010387,250.27,28,6.41,235.91,7.94,235.4,172.62,240.51,0.0,0.0,0.0,0.0,0.0,0.0,1.17,0.0,2.27,0.0,8.54,3.45,662.39,0.0,1.81
256551481029337,731.32,28,7.19,714.72,9.42,646.98,230.2,719.9,0.0,0.0,0.0,0.0,0.0,0.0,1.37,0.0,2.39,0.0,16.59,3.52,709.6,0.0,2.0
256551486872418,372.8,28,7.96,307.32,57.53,305.01,179.75,312.5,0.0,0.0,0.0,0.0,0.0,0.0,1.55,0.0,2.74,0.0,17.7,3.5,653.6,0.0,2.51
256551492038103,735.59,28,6.97,719.38,9.23,664.44,201.75,724.23,0.0,0.0,0.0,0.0,0.0,0.0,1.82,0.0,2.89,0.0,8.17,3.39,676.11,0.0,2.12
256551498024028,725.02,28,6.75,709.97,8.3,656.46,190.23,714.54,0.0,0.0,0.0,0.0,0.0,0.0,1.61,0.0,2.71,0.0,8.19,3.49,670.93,0.0,2.06
256551503819084,331.67,28,7.21,269.66,54.8,267.64,186.8,274.66,0.0,0.0,0.0,0.0,0.0,0.0,1.28,0.0,2.27,0.0,7.92,3.5,645.35,0.0,2.16
256551508539234,559.54,28,7.24,544.78,7.51,543.09,221.98,549.73,0.0,0.0,0.0,0.0,0.0,0.0,1.14,0.0,2.31,0.0,67.21,3.48,681.08,0.0,2.29
256551513503443,313.47,28,5.92,300.36,7.19,299.4,179.84,305.06,0.0,0.0,0.0,0.0,0.0,0.0,1.22,0.0,2.41,0.0,21.19,3.52,672.29,0.0,1.16
256551518777076,388.77,28,136.25,196.88,55.63,325.62,179.68,330.9,0.0,0.0,0.0,0.0,0.0,0.0,131.08,0.0,132.26,0.0,9.64,3.44,630.55,0.0,2.19
256551523949991,759.81,28,117.35,585.6,56.87,641.31,216.0,701.06,0.0,0.0,0.0,0.0,0.0,0.0,2.72,0.0,113.47,0.0,9.56,3.48,696.32,0.0,1.89
256551529738490,415.61,28,86.64,271.92,57.05,350.27,171.54,355.7,0.0,0.0,0.0,0.0,0.0,0.0,2.31,0.0,80.69,0.0,11.77,3.97,661.81,0.0,2.86
256551535026181,712.06,28,7.4,696.02,8.63,629.0,259.79,701.48,0.0,0.0,0.0,0.0,0.0,0.0,1.49,0.0,2.78,0.0,24.71,3.59,689.3,0.0,1.9
256551540836408,324.23,28,7.4,258.19,58.64,257.7,184.21,263.84,0.0,0.0,0.0,0.0,0.0,0.0,1.26,0.0,2.47,0.0,8.06,3.52,653.26,0.0,1.64
256551545997434,246.17,28,5.94,224.9,15.32,223.98,183.12,229.32,0.0,0.0,0.0,0.0,0.0,0.0,1.33,0.0,2.38,0.0,9.64,3.53,685.58,0.0,1.53
256551551024096,243.51,28,5.99,229.68,7.84,229.22,172.72,234.21,0.0,0.0,0.0,0.0,0.0,0.0,1.23,0.0,2.35,0.0,9.1,3.47,663.27,0.0,1.46
256551556037837,748.42,28,6.98,732.05,9.39,667.82,228.44,736.96,0.0,0.0,0.0,0.0,0.0,0.0,1.46,0.0,2.42,0.0,10.6,3.5,697.71,0.0,2.03
256551562027537,233.01,28,6.29,218.77,7.94,217.4,183.96,223.31,0.0,0.0,0.0,0.0,0.0,0.0,1.23,0.0,2.39,0.0,8.99,3.49,669.29,0.0,1.74
256551567065335,239.13,28,7.05,223.83,8.25,224.25,177.49,229.62,0.0,0.0,0.0,0.0,0.0,0.0,2.16,0.0,3.26,0.0,8.81,3.45,667.62,0.0,1.26
256551572043852,320.34,28,7.38,305.06,7.9,301.22,175.65,310.49,0.0,0.0,0.0,0.0,0.0,0.0,1.45,0.0,2.57,0.0,11.1,3.46,657.6,0.0,1.96
256551577230945,736.3,28,6.59,682.02,47.68,629.88,199.81,686.64,0.0,0.0,0.0,0.0,0.0,0.0,1.26,0.0,2.43,0.0,7.79,3.44,651.19,0.0,1.93
256551583025832,320.63,28,7.08,305.85,7.69,306.17,181.83,311.24,0.0,0.0,0.0,0.0,0.0,0.0,1.56,0.0,2.78,0.0,12.99,3.5,656.38,0.0,1.69
256551588035544,723.69,28,6.23,709.14,8.32,648.88,231.19,714.18,0.0,0.0,0.0,0.0,0.0,0.0,1.4,0.0,2.5,0.0,18.35,3.54,683.27,0.0,1.19
256551594005376,244.53,28,6.4,229.83,8.29,228.95,175.91,234.72,0.0,0.0,0.0,0.0,0.0,0.0,1.54,0.0,2.75,0.0,9.42,3.5,662.77,0.0,1.52
256551598706010,254.37,28,6.96,238.23,9.18,237.83,178.9,243.48,0.0,0.0,0.0,0.0,0.0,0.0,1.36,0.0,2.43,0.0,8.27,3.54,669.03,0.0,1.71
256551604007630,244.72,28,6.47,230.54,7.71,229.86,181.13,235.24,0.0,0.0,0.0,0.0,0.0,0.0,1.27,0.0,2.4,0.0,19.82,3.54,677.84,0.0,1.77
256551609036615,235.8,28,6.57,220.96,8.27,221.2,172.68,226.12,0.0,0.0,0.0,0.0,0.0,0.0,1.28,0.0,2.38,0.0,9.64,3.52,654.88,0.0,1.42
256551613623458,321.52,28,14.48,299.38,7.67,307.12,181.96,311.96,0.0,0.0,0.0,0.0,0.0,0.0,1.23,0.0,2.35,0.0,18.52,13.26,672.3,0.0,1.9
256551618858542,308.29,28,6.25,249.07,52.97,249.16,179.53,254.24,0.0,0.0,0.0,0.0,0.0,0.0,1.13,0.0,2.28,0.0,22.11,3.57,622.47,0.0,1.01
256551623565049,308.99,28,7.03,294.62,7.33,294.75,178.28,299.79,0.0,0.0,0.0,0.0,0.0,0.0,1.24,0.0,2.35,0.0,21.73,3.6,659.22,0.0,1.86
256551628979564,757.5,28,6.94,717.41,33.15,651.15,231.55,722.51,0.0,0.0,0.0,0.0,0.0,0.0,1.17,0.0,2.31,0.0,11.15,3.59,692.64,0.0,1.83
256551635025296,726.23,28,6.54,711.99,7.69,653.17,238.85,716.8,0.0,0.0,0.0,0.0,0.0,0.0,1.44,0.0,2.63,0.0,16.8,3.49,731.24,0.0,1.71
256551641006985,779.21,28,7.79,717.41,54.01,645.34,230.63,723.17,0.0,0.0,0.0,0.0,0.0,0.0,1.19,0.0,2.32,0.0,17.61,3.44,672.72,0.0,2.03
256551646837126,367.59,28,7.24,305.1,55.25,304.36,181.07,310.18,0.0,0.0,0.0,0.0,0.0,0.0,1.33,0.0,2.4,0.0,12.37,3.62,649.1,0.0,2.13
256551652065587,757.83,28,7.22,697.15,53.46,642.29,229.95,702.13,0.0,0.0,0.0,0.0,0.0,0.0,1.18,0.0,2.34,0.0,14.51,3.47,677.1,0.0,2.17
256551657888406,357.57,28,6.57,302.74,48.27,302.67,181.16,307.89,0.0,0.0,0.0,0.0,0.0,0.0,1.13,0.0,2.24,0.0,18.23,3.52,651.01,0.0,1.32
256551663029638,255.65,28,6.77,240.72,8.17,239.6,181.46,245.61,0.0,0.0,0.0,0.0,0.0,0.0,1.2,0.0,2.45,0.0,9.94,3.55,688.69,0.0,1.84
256551668028461,255.4,28,31.72,216.26,7.43,225.57,194.64,232.48,0.0,0.0,0.0,0.0,0.0,0.0,1.24,0.0,2.2,0.0,33.27,15.56,657.17,0.0,15.5
256551673038966,235.94,28,7.05,219.71,9.19,218.61,171.81,223.87,0.0,0.0,0.0,0.0,0.0,0.0,1.33,0.0,2.34,0.0,9.07,3.5,660.8,0.0,2.15
256551678031793,248.93,28,7.0,234.13,7.8,234.06,178.07,239.23,0.0,0.0,0.0,0.0,0.0,0.0,1.29,0.0,2.49,0.0,10.63,3.53,662.41,0.0,1.89
256551683171096,786.35,28,7.63,721.18,57.54,653.96,207.47,727.32,0.0,0.0,0.0,0.0,0.0,0.0,1.6,0.0,2.61,0.0,9.28,3.54,689.46,0.0,1.48
256551688934103,290.06,28,6.95,226.23,56.88,225.7,170.4,231.0,0.0,0.0,0.0,0.0,0.0,0.0,1.11,0.0,2.32,0.0,9.38,3.56,645.54,0.0,2.07
256551694157957,793.54,28,6.91,736.96,49.67,682.56,220.51,742.27,0.0,0.0,0.0,0.0,0.0,0.0,1.44,0.0,2.5,0.0,23.54,3.62,698.33,0.0,1.6
256551699883445,362.06,28,7.48,296.82,57.75,295.96,182.66,302.47,0.0,0.0,0.0,0.0,0.0,0.0,1.7,0.0,2.87,0.0,12.27,3.55,656.27,0.0,1.83
256551705023423,250.97,28,6.39,237.08,7.51,236.47,171.85,242.28,0.0,0.0,0.0,0.0,0.0,0.0,1.38,0.0,2.57,0.0,10.35,3.44,658.99,0.0,1.15
256551710030868,712.79,28,6.29,697.66,8.84,642.94,203.41,702.57,0.0,0.0,0.0,0.0,0.0,0.0,1.47,0.0,2.66,0.0,8.25,3.45,690.6,0.0,1.38
256551715959981,772.02,28,9.22,712.37,50.43,657.12,233.18,719.86,0.0,0.0,0.0,0.0,0.0,0.0,2.72,0.0,4.05,0.0,10.55,3.49,708.63,0.0,1.72
256551721882836,429.87,28,74.53,296.73,58.61,364.26,189.47,369.39,0.0,0.0,0.0,0.0,0.0,0.0,68.43,0.0,69.5,0.0,18.42,3.56,666.57,0.0,1.87
256551727034417,238.78,28,6.78,223.87,8.13,223.92,171.38,229.45,0.0,0.0,0.0,0.0,0.0,0.0,1.51,0.0,2.89,0.0,8.97,3.47,657.65,0.0,1.21
256551731705589,316.35,28,6.51,302.85,6.99,301.83,173.8,307.78,0.0,0.0,0.0,0.0,0.0,0.0,1.2,0.0,2.52,0.0,8.76,3.49,654.44,0.0,1.59
256551736389027,319.08,28,5.17,306.52,7.38,305.51,176.09,310.66,0.0,0.0,0.0,0.0,0.0,0.0,1.56,0.0,2.67,0.0,9.0,3.5,665.06,0.0,1.03
256551741819863,379.07,28,7.68,319.19,52.2,319.0,191.25,325.02,0.0,0.0,0.0,0.0,0.0,0.0,1.34,0.0,2.42,0.0,15.32,3.43,648.93,0.0,1.83
256551747021738,307.89,28,6.79,293.16,7.94,290.05,176.81,298.26,0.0,0.0,0.0,0.0,0.0,0.0,1.1,0.0,2.31,0.0,8.83,3.59,671.83,0.0,1.63
256551752040622,308.7,28,6.33,295.16,7.21,294.14,169.77,299.59,0.0,0.0,0.0,0.0,0.0,0.0,1.26,0.0,2.59,0.0,8.06,3.48,659.72,0.0,1.82
256551757034395,309.2,28,6.2,296.79,6.21,296.55,175.42,301.93,0.0,0.0,0.0,0.0,0.0,0.0,1.46,0.0,2.51,0.0,9.44,3.47,652.07,0.0,1.06
256551762047771,274.53,28,15.24,251.75,7.54,259.6,175.04,264.91,0.0,0.0,0.0,0.0,0.0,0.0,1.5,0.0,2.58,0.0,26.03,13.1,643.94,0.0,2.08
256551766740287,247.76,28,6.05,234.02,7.69,233.33,175.07,238.49,0.0,0.0,0.0,0.0,0.0,0.0,1.25,0.0,2.29,0.0,8.57,3.46,668.64,0.0,1.58
256551771381193,309.51,28,6.76,294.96,7.79,295.05,177.0,300.02,0.0,0.0,0.0,0.0,0.0,0.0,1.16,0.0,2.21,0.0,10.91,3.46,662.64,0.0,1.7
256551776104572,316.25,28,6.03,301.11,9.12,300.15,176.0,305.43,0.0,0.0,0.0,0.0,0.0,0.0,1.34,0.0,2.27,0.0,8.26,3.46,691.28,0.0,1.71
256551781034066,253.85,28,6.36,239.04,8.45,238.06,182.06,243.48,0.0,0.0,0.0,0.0,0.0,0.0,1.39,0.0,2.58,0.0,9.12,3.47,696.35,0.0,1.87
256551786034580,316.48,28,6.21,302.1,8.16,301.52,172.36,307.02,0.0,0.0,0.0,0.0,0.0,0.0,1.22,0.0,2.4,0.0,10.01,3.56,663.42,0.0,1.27
256551791039198,316.5,28,7.42,300.21,8.87,299.03,185.68,305.62,0.0,0.0,0.0,0.0,0.0,0.0,1.25,0.0,2.36,0.0,14.76,3.55,675.45,0.0,2.0
256551796030846,308.99,28,6.61,295.1,7.28,295.04,173.51,300.16,0.0,0.0,0.0,0.0,0.0,0.0,1.56,0.0,2.56,0.0,10.04,3.54,651.75,0.0,1.54
256551801275253,784.58,28,6.67,719.63,58.27,664.46,237.97,724.38,0.0,0.0,0.0,0.0,0.0,0.0,1.76,0.0,2.87,0.0,10.71,3.45,713.87,0.0,1.92
256551807074363,726.99,28,6.55,712.19,8.25,662.12,256.61,717.14,0.0,0.0,0.0,0.0,0.0,0.0,1.31,0.0,2.58,0.0,14.36,3.5,729.82,0.0,1.6
256551813005166,715.22,28,7.22,700.55,7.46,645.73,249.82,706.4,0.0,0.0,0.0,0.0,0.0,0.0,1.17,0.0,2.33,0.0,73.2,3.53,709.57,0.0,1.37
256551819014662,311.67,28,6.53,296.63,8.51,295.7,184.24,301.87,0.0,0.0,0.0,0.0,0.0,0.0,1.16,0.0,2.32,0.0,16.16,3.54,661.97,0.0,1.29
256551824343394,300.09,28,7.04,241.41,51.64,241.51,174.87,246.87,0.0,0.0,0.0,0.0,0.0,0.0,1.5,0.0,2.78,0.0,8.84,3.41,671.65,0.0,1.59
256551829116215,259.45,28,6.18,245.87,7.4,245.26,172.98,250.45,0.0,0.0,0.0,0.0,0.0,0.0,1.11,0.0,2.19,0.0,7.94,3.6,661.5,0.0,1.54
256551834033683,321.5,28,7.97,305.8,7.73,306.52,176.87,312.16,0.0,0.0,0.0,0.0,0.0,0.0,1.57,0.0,2.86,0.0,20.86,3.54,657.26,0.0,1.57
256551839034886,327.68,28,7.71,311.7,8.27,311.77,175.89,317.41,0.0,0.0,0.0,0.0,0.0,0.0,1.37,0.0,2.6,0.0,18.75,3.52,640.57,0.0,1.98
256551844056609,250.78,28,6.45,236.35,7.98,235.39,169.36,240.94,0.0,0.0,0.0,0.0,0.0,0.0,1.74,0.0,2.95,0.0,7.99,3.52,657.26,0.0,1.85
256551849031865,242.71,28,6.19,228.1,8.41,226.93,179.53,232.71,0.0,0.0,0.0,0.0,0.0,0.0,1.14,0.0,2.29,0.0,10.81,3.53,670.78,0.0,1.53
256551853679211,314.84,28,8.95,298.64,7.26,297.9,174.43,303.45,0.0,0.0,0.0,0.0,0.0,0.0,1.25,0.0,2.5,0.0,11.24,3.5,646.45,0.0,4.14
256551858469202,589.74,28,6.72,575.58,7.44,574.65,226.39,580.44,0.0,0.0,0.0,0.0,0.0,0.0,1.08,0.0,2.2,0.0,9.32,3.48,677.76,0.0,1.81
256551863933841,357.55,28,9.25,291.96,56.33,295.0,173.56,300.19,0.0,0.0,0.0,0.0,0.0,0.0,1.14,0.0,2.35,0.0,12.29,6.42,645.48,0.0,1.03
256551869236718,285.13,28,7.19,225.18,52.76,225.16,176.6,230.53,0.0,0.0,0.0,0.0,0.0,0.0,1.47,0.0,2.69,0.0,13.21,3.51,674.4,0.0,1.75
256551873984854,291.17,28,5.27,243.87,42.03,242.67,168.65,248.14,0.0,0.0,0.0,0.0,0.0,0.0,1.2,0.0,2.29,0.0,9.37,3.57,650.69,0.0,0.99
256551879028087,265.98,28,5.88,251.84,8.26,250.85,168.48,256.12,0.0,0.0,0.0,0.0,0.0,0.0,1.15,0.0,2.23,0.0,9.13,3.46,655.99,0.0,1.6
256551884032206,244.58,28,7.0,229.95,7.63,229.17,179.87,235.1,0.0,0.0,0.0,0.0,0.0,0.0,1.57,0.0,2.68,0.0,13.94,3.44,668.8,0.0,1.85
256551889034868,704.31,28,6.24,688.92,9.15,630.49,217.68,693.97,0.0,0.0,0.0,0.0,0.0,0.0,1.11,0.0,2.16,0.0,12.44,3.59,708.22,0.0,1.13
256551894887060,788.56,28,8.61,724.6,55.35,648.87,249.22,730.89,0.0,0.0,0.0,0.0,0.0,0.0,1.72,0.0,2.87,0.0,13.85,3.5,681.43,0.0,2.24
256551900998568,256.77,28,7.03,237.07,12.66,236.61,177.9,242.53,0.0,0.0,0.0,0.0,0.0,0.0,1.29,0.0,2.65,0.0,13.71,3.49,652.41,0.0,1.58
256551906028802,237.41,28,6.13,222.88,8.4,222.27,173.63,227.63,0.0,0.0,0.0,0.0,0.0,0.0,1.22,0.0,2.47,0.0,8.9,3.61,654.53,0.0,1.38
256551911028140,246.04,28,6.57,231.77,7.7,229.26,180.02,236.68,0.0,0.0,0.0,0.0,0.0,0.0,1.19,0.0,2.32,0.0,12.89,3.46,659.13,0.0,1.66
256551916028287,313.9,28,6.59,299.17,8.15,298.02,178.03,303.85,0.0,0.0,0.0,0.0,0.0,0.0,1.5,0.0,2.73,0.0,9.59,3.53,681.23,0.0,1.91
256551921025730,737.59,28,108.51,621.21,7.87,666.8,266.59,727.79,0.0,0.0,0.0,0.0,0.0,0.0,104.46,0.0,105.63,0.0,26.15,3.59,700.75,0.0,1.93
256551926897573,306.02,28,8.16,244.29,53.57,245.24,179.75,250.26,0.0,0.0,0.0,0.0,0.0,0.0,1.21,0.0,2.52,0.0,11.17,3.45,659.6,0.0,2.19
256551932022876,266.05,28,16.34,242.34,7.36,251.53,194.71,257.15,0.0,0.0,0.0,0.0,0.0,0.0,10.25,0.0,11.27,0.0,31.89,3.54,672.58,0.0,1.53
256551937354573,683.46,28,6.67,620.36,56.43,619.92,236.49,625.26,0.0,0.0,0.0,0.0,0.0,0.0,1.46,0.0,2.8,0.0,18.62,3.51,699.58,0.0,1.77
256551943005813,248.66,28,7.18,233.29,8.19,233.07,181.77,238.61,0.0,0.0,0.0,0.0,0.0,0.0,1.2,0.0,2.5,0.0,29.7,3.49,648.53,0.0,1.83
256551948026147,723.0,28,7.18,707.03,8.79,645.13,227.36,712.52,0.0,0.0,0.0,0.0,0.0,0.0,1.88,0.0,3.27,0.0,15.8,3.48,687.75,0.0,1.69
256551953976899,743.78,28,5.54,701.1,37.13,636.52,231.97,705.68,0.0,0.0,0.0,0.0,0.0,0.0,1.2,0.0,2.49,0.0,8.09,3.44,713.69,0.0,0.97
256551959470344,255.48,28,6.97,242.24,6.27,241.76,192.81,247.19,0.0,0.0,0.0,0.0,0.0,0.0,1.33,0.0,2.43,0.0,7.89,3.41,687.7,0.0,2.02
256551964827426,734.46,28,6.67,675.39,52.39,623.69,217.24,680.39,0.0,0.0,0.0,0.0,0.0,0.0,1.24,0.0,2.36,0.0,7.85,3.44,687.35,0.0,1.67
256551970917983,361.96,28,6.87,299.57,55.52,299.14,178.02,304.55,0.0,0.0,0.0,0.0,0.0,0.0,1.26,0.0,2.48,0.0,8.23,3.5,667.87,0.0,1.89
256551976028837,264.99,28,6.43,250.43,8.13,249.16,177.33,255.21,0.0,0.0,0.0,0.0,0.0,0.0,1.15,0.0,2.26,0.0,9.46,3.44,666.99,0.0,1.65
256551980748174,315.12,28,6.42,301.24,7.46,300.4,176.77,306.17,0.0,0.0,0.0,0.0,0.0,0.0,1.21,0.0,2.28,0.0,8.43,3.46,676.71,0.0,1.49
256551985932941,370.74,28,11.58,300.91,58.24,302.89,197.12,310.45,0.0,0.0,0.0,0.0,0.0,0.0,1.53,0.0,2.72,0.0,26.01,7.34,675.64,0.0,2.01
256551991222986,311.57,28,6.77,243.54,61.25,232.0,175.13,248.55,0.0,0.0,0.0,0.0,0.0,0.0,1.28,0.0,2.48,0.0,8.77,3.65,675.35,0.0,1.76
256551996067329,309.49,28,5.5,296.93,7.07,295.63,172.63,301.35,0.0,0.0,0.0,0.0,0.0,0.0,1.27,0.0,2.31,0.0,8.36,3.52,661.34,0.0,1.06
256552001277079,297.46,28,7.33,235.42,54.72,234.97,176.42,240.27,0.0,0.0,0.0,0.0,0.0,0.0,1.24,0.0,2.41,0.0,8.96,3.57,671.08,0.0,2.45
256552006073614,723.42,28,7.29,707.2,8.93,640.33,208.38,712.51,0.0,0.0,0.0,0.0,0.0,0.0,1.25,0.0,2.31,0.0,14.65,3.65,660.43,0.0,1.98
256552011371050,656.73,28,6.66,640.81,9.25,639.56,225.26,645.25,0.0,0.0,0.0,0.0,0.0,0.0,1.27,0.0,2.4,0.0,58.38,3.53,665.25,0.0,2.22
256552017005001,763.92,28,5.46,745.19,13.27,674.53,216.51,749.68,0.0,0.0,0.0,0.0,0.0,0.0,1.15,0.0,2.24,0.0,15.22,3.49,700.94,0.0,0.97
256552023041958,689.24,28,6.72,674.81,7.71,621.98,228.6,679.85,0.0,0.0,0.0,0.0,0.0,0.0,1.28,0.0,2.39,0.0,27.45,3.76,669.76,0.0,1.68
256552028924665,287.75,28,7.51,222.73,57.5,222.77,175.98,228.46,0.0,0.0,0.0,0.0,0.0,0.0,1.2,0.0,2.27,0.0,13.4,3.59,666.87,0.0,1.79
256552034028587,255.55,28,6.52,240.66,8.37,235.13,169.46,245.35,0.0,0.0,0.0,0.0,0.0,0.0,1.27,0.0,2.38,0.0,9.11,3.45,647.2,0.0,1.82
256552039036063,321.07,28,7.81,305.3,7.97,305.08,176.38,311.42,0.0,0.0,0.0,0.0,0.0,0.0,1.6,0.0,2.7,0.0,21.14,3.51,653.66,0.0,1.68
256552044565014,550.83,28,7.63,488.65,54.55,488.19,214.8,494.15,0.0,0.0,0.0,0.0,0.0,0.0,1.29,0.0,2.49,0.0,14.98,3.56,696.89,0.0,2.12
256552050019659,313.94,28,6.55,300.38,7.0,299.8,174.95,305.12,0.0,0.0,0.0,0.0,0.0,0.0,1.35,0.0,2.48,0.0,11.26,3.45,657.16,0.0,1.81
256552054771420,256.05,28,7.8,240.01,8.24,240.14,178.97,245.53,0.0,0.0,0.0,0.0,0.0,0.0,1.33,0.0,2.46,0.0,8.1,3.48,673.33,0.0,2.27
256552059869774,333.43,28,7.0,267.25,59.19,266.33,186.37,272.13,0.0,0.0,0.0,0.0,0.0,0.0,1.47,0.0,2.47,0.0,8.45,3.47,646.21,0.0,2.07
256552065019883,320.7,28,7.03,305.54,8.13,305.3,172.92,310.7,0.0,0.0,0.0,0.0,0.0,0.0,1.28,0.0,2.44,0.0,11.92,3.48,650.01,0.0,1.87
256552070026258,313.34,28,6.95,298.92,7.48,299.16,180.01,304.49,0.0,0.0,0.0,0.0,0.0,0.0,1.27,0.0,2.44,0.0,14.67,3.57,646.99,0.0,1.36
256552075035601,314.82,28,5.81,301.25,7.75,300.41,189.28,305.78,0.0,0.0,0.0,0.0,0.0,0.0,1.15,0.0,2.39,0.0,22.37,3.44,671.45,0.0,1.29
256552079800549,379.32,28,8.61,360.53,10.19,357.98,244.59,366.52,0.0,0.0,0.0,0.0,0.0,0.0,1.29,0.0,2.45,0.0,85.82,3.54,653.45,0.0,2.61
256552085025357,738.83,28,20.08,708.91,9.84,650.21,200.54,714.39,0.0,0.0,0.0,0.0,0.0,0.0,1.66,0.0,2.79,0.0,30.85,3.53,653.44,0.0,14.41
256552090960139,827.76,28,7.29,751.46,69.01,686.99,193.35,756.63,0.0,0.0,0.0,0.0,0.0,0.0,1.18,0.0,2.48,0.0,17.74,3.56,658.42,0.0,2.13
256552097025816,315.44,28,6.36,302.14,6.94,301.78,174.03,307.07,0.0,0.0,0.0,0.0,0.0,0.0,1.28,0.0,2.44,0.0,9.71,3.64,672.16,0.0,1.42
256552102029030,311.51,28,6.33,296.88,8.31,295.31,192.25,301.82,0.0,0.0,0.0,0.0,0.0,0.0,1.22,0.0,2.36,0.0,23.4,3.45,672.88,0.0,1.39
256552107035901,682.9,28,7.18,667.75,7.96,627.87,189.95,672.95,0.0,0.0,0.0,0.0,0.0,0.0,1.39,0.0,2.39,0.0,8.19,3.51,619.63,0.0,1.99
256552112854319,367.2,28,6.87,301.51,58.83,300.75,181.29,306.13,0.0,0.0,0.0,0.0,0.0,0.0,1.28,0.0,2.27,0.0,13.78,3.56,671.31,0.0,2.25
256552118034230,276.81,28,6.47,263.08,7.26,262.36,172.56,267.76,0.0,0.0,0.0,0.0,0.0,0.0,1.16,0.0,2.35,0.0,7.96,3.53,656.58,0.0,1.74
256552123043556,719.61,28,112.75,595.42,11.44,629.23,102.05,705.93,0.0,0.0,0.0,0.0,0.0,0.0,1.58,0.0,110.53,0.0,27.21,3.48,665.15,0.0,2.22
256552129005534,720.37,28,108.6,602.02,9.75,646.04,236.16,709.07,0.0,0.0,0.0,0.0,0.0,0.0,104.06,0.0,105.25,0.0,8.81,3.47,694.58,0.0,1.56
256552134803462,395.35,28,7.36,331.48,56.51,330.93,186.88,336.46,0.0,0.0,0.0,0.0,0.0,0.0,1.29,0.0,2.36,0.0,18.04,3.51,666.93,0.0,2.19
256552140013169,727.0,28,7.47,711.44,8.08,641.0,256.26,717.23,0.0,0.0,0.0,0.0,0.0,0.0,1.62,0.0,2.72,0.0,34.62,3.48,687.11,0.0,1.68
256552146024483,799.85,28,76.59,711.87,11.39,695.66,234.43,786.08,0.0,0.0,0.0,0.0,0.0,0.0,70.26,0.0,71.41,0.0,11.92,3.61,711.58,0.0,2.37
256552152029848,246.58,28,7.01,230.83,8.74,230.58,174.89,236.05,0.0,0.0,0.0,0.0,0.0,0.0,1.46,0.0,2.67,0.0,8.6,3.51,661.97,0.0,1.78
256552157029418,742.09,28,8.56,720.72,12.81,660.74,243.66,726.83,0.0,0.0,0.0,0.0,0.0,0.0,1.35,0.0,2.59,0.0,92.32,3.54,690.09,0.0,2.43
256552162848383,365.83,28,7.32,303.82,54.69,303.35,195.13,308.88,0.0,0.0,0.0,0.0,0.0,0.0,1.23,0.0,2.34,0.0,24.57,3.48,638.99,0.0,2.26
256552168025513,231.94,28,6.57,216.07,9.3,214.61,180.49,220.55,0.0,0.0,0.0,0.0,0.0,0.0,1.32,0.0,2.51,0.0,22.86,3.56,648.01,0.0,2.09
256552172746829,237.49,28,6.4,222.38,8.71,221.51,170.82,227.2,0.0,0.0,0.0,0.0,0.0,0.0,1.61,0.0,2.85,0.0,9.18,3.59,663.0,0.0,1.58
256552178040272,322.62,28,6.93,308.32,7.37,308.47,184.79,313.75,0.0,0.0,0.0,0.0,0.0,0.0,1.7,0.0,2.87,0.0,11.66,3.5,665.98,0.0,1.5
256552182823830,314.53,28,6.3,299.14,9.09,298.8,178.14,304.28,0.0,0.0,0.0,0.0,0.0,0.0,1.12,0.0,2.35,0.0,10.06,3.55,676.51,0.0,1.15
256552188016318,244.21,28,6.79,229.11,8.31,228.74,175.73,234.18,0.0,0.0,0.0,0.0,0.0,0.0,1.31,0.0,2.63,0.0,9.44,3.48,667.6,0.0,1.72
256552193035832,311.19,28,7.26,296.3,7.63,296.3,172.06,301.64,0.0,0.0,0.0,0.0,0.0,0.0,1.36,0.0,2.57,0.0,9.83,3.51,644.87,0.0,1.92
256552198314665,716.83,28,6.38,656.08,54.36,654.53,209.08,660.84,0.0,0.0,0.0,0.0,0.0,0.0,1.41,0.0,2.64,0.0,8.38,3.57,693.81,0.0,1.62
256552203519588,249.18,28,5.93,235.64,7.6,235.09,173.89,240.2,0.0,0.0,0.0,0.0,0.0,0.0,1.39,0.0,2.5,0.0,8.04,3.45,669.69,0.0,1.38
256552208726352,440.08,28,6.98,374.21,58.89,374.23,184.31,379.61,0.0,0.0,0.0,0.0,0.0,0.0,1.27,0.0,2.54,0.0,7.73,3.38,647.15,0.0,1.58
256552214096295,315.32,28,6.01,300.59,8.72,299.73,178.72,305.27,0.0,0.0,0.0,0.0,0.0,0.0,1.4,0.0,2.48,0.0,10.47,3.51,670.1,0.0,1.33
256552219033210,307.72,28,6.57,293.27,7.88,292.63,168.84,298.33,0.0,0.0,0.0,0.0,0.0,0.0,1.86,0.0,3.27,0.0,8.05,3.51,656.08,0.0,1.51
256552223824015,314.05,28,7.17,299.97,6.91,299.8,174.42,305.18,0.0,0.0,0.0,0.0,0.0,0.0,1.43,0.0,2.74,0.0,8.83,3.51,658.0,0.0,1.96
256552229021450,726.24,28,5.86,712.6,7.79,655.26,204.1,717.34,0.0,0.0,0.0,0.0,0.0,0.0,1.69,0.0,2.78,0.0,8.67,3.73,648.52,0.0,1.07
256552234954994,757.86,28,69.38,632.21,56.27,627.51,284.0,699.2,0.0,0.0,0.0,0.0,0.0,0.0,1.22,0.0,2.52,0.0,77.0,65.55,691.16,0.0,2.39
256552241228121,741.78,28,7.17,675.73,58.88,620.15,228.74,681.22,0.0,0.0,0.0,0.0,0.0,0.0,1.31,0.0,2.51,0.0,10.11,3.5,694.06,0.0,1.67
256552246516813,238.2,28,7.01,224.67,6.51,225.23,179.87,230.44,0.0,0.0,0.0,0.0,0.0,0.0,1.4,0.0,2.48,0.0,14.42,3.54,661.4,0.0,1.24
256552251770828,367.67,28,6.79,306.07,54.81,306.51,207.61,311.6,0.0,0.0,0.0,0.0,0.0,0.0,1.18,0.0,2.38,0.0,16.06,3.49,646.98,0.0,1.26
256552257015433,313.03,28,6.53,298.15,8.35,297.94,175.55,303.0,0.0,0.0,0.0,0.0,0.0,0.0,1.32,0.0,2.64,0.0,8.19,3.53,677.32,0.0,1.68
256552262033153,719.11,28,18.88,691.98,8.26,628.3,260.68,696.48,0.0,0.0,0.0,0.0,0.0,0.0,1.18,0.0,2.19,0.0,15.22,3.49,719.07,0.0,13.91
256552268023676,312.0,28,6.18,298.06,7.76,297.1,177.7,302.49,0.0,0.0,0.0,0.0,0.0,0.0,1.24,0.0,2.31,0.0,8.9,3.52,657.41,0.0,1.75
256552273028544,312.08,28,6.25,297.95,7.87,297.18,170.63,302.6,0.0,0.0,0.0,0.0,0.0,0.0,1.21,0.0,2.41,0.0,7.81,3.46,660.47,0.0,1.61
256552277830120,252.84,28,6.72,239.16,6.96,238.96,182.54,243.99,0.0,0.0,0.0,0.0,0.0,0.0,1.25,0.0,2.51,0.0,11.28,3.44,666.55,0.0,1.85
256552282549467,518.49,28,6.97,503.1,8.41,502.66,247.44,507.83,0.0,0.0,0.0,0.0,0.0,0.0,1.53,0.0,2.63,0.0,8.4,3.52,740.29,0.0,2.2
256552287939419,357.78,28,8.42,296.74,52.62,297.45,258.51,302.63,0.0,0.0,0.0,0.0,0.0,0.0,1.26,0.0,2.4,0.0,114.47,3.55,684.58,0.0,2.53
256552293037655,714.41,28,7.31,694.46,12.64,631.49,213.37,699.89,0.0,0.0,0.0,0.0,0.0,0.0,1.34,0.0,2.5,0.0,12.0,3.55,681.66,0.0,1.88
256552299022657,700.85,28,6.77,686.2,7.88,630.52,214.79,691.25,0.0,0.0,0.0,0.0,0.0,0.0,1.23,0.0,2.45,0.0,7.9,3.41,702.57,0.0,1.72
256552304693998,457.07,28,9.61,435.79,11.67,437.12,223.68,443.21,0.0,0.0,0.0,0.0,0.0,0.0,1.29,0.0,2.24,0.0,11.55,5.78,701.9,0.0,2.19
256552310004923,262.82,28,6.31,248.61,7.9,248.55,172.71,253.64,0.0,0.0,0.0,0.0,0.0,0.0,1.14,0.0,2.36,0.0,9.51,3.46,649.98,0.0,1.28
256552315029107,687.39,28,7.42,668.65,11.32,636.77,237.3,674.03,0.0,0.0,0.0,0.0,0.0,0.0,1.63,0.0,2.7,0.0,7.79,3.52,709.87,0.0,2.02
256552321028619,316.61,28,5.79,303.65,7.17,292.46,167.91,308.17,0.0,0.0,0.0,0.0,0.0,0.0,1.24,0.0,2.36,0.0,8.69,3.45,659.33,0.0,1.26
256552326303667,745.94,28,6.96,684.29,54.68,631.64,205.1,689.31,0.0,0.0,0.0,0.0,0.0,0.0,1.28,0.0,2.45,0.0,8.31,3.52,678.47,0.0,1.95
256552332058899,716.58,28,87.05,621.5,8.04,642.83,221.6,706.72,0.0,0.0,0.0,0.0,0.0,0.0,2.36,0.0,82.64,0.0,12.85,3.5,673.73,0.0,1.83
256552338023374,257.97,28,7.17,242.82,7.99,242.43,187.63,248.06,0.0,0.0,0.0,0.0,0.0,0.0,1.82,0.0,3.11,0.0,15.28,3.52,669.28,0.0,1.93
256552342766493,229.0,28,6.58,214.47,7.95,213.79,178.69,219.58,0.0,0.0,0.0,0.0,0.0,0.0,1.21,0.0,2.41,0.0,8.51,3.45,675.63,0.0,1.48
256552347444987,606.3,28,6.75,592.21,7.34,591.42,204.29,597.06,0.0,0.0,0.0,0.0,0.0,0.0,1.28,0.0,2.23,0.0,13.75,3.52,668.74,0.0,1.9
256552352558249,250.98,28,6.46,236.43,8.09,235.71,171.41,240.87,0.0,0.0,0.0,0.0,0.0,0.0,1.22,0.0,2.32,0.0,8.18,3.54,659.55,0.0,2.02
256552357672886,472.18,28,7.5,409.42,55.26,410.05,206.07,415.4,0.0,0.0,0.0,0.0,0.0,0.0,1.46,0.0,2.45,0.0,23.19,3.55,670.33,0.0,1.51
256552363031456,276.33,28,6.3,263.14,6.88,261.9,167.24,267.67,0.0,0.0,0.0,0.0,0.0,0.0,1.19,0.0,2.38,0.0,10.78,3.52,638.08,0.0,1.77
256552367727463,387.56,28,6.17,373.11,8.28,372.22,214.9,377.74,0.0,0.0,0.0,0.0,0.0,0.0,1.15,0.0,2.25,0.0,8.54,3.48,707.76,0.0,1.54
256552373061184,746.83,28,6.52,685.16,55.15,626.48,193.65,689.51,0.0,0.0,0.0,0.0,0.0,0.0,1.15,0.0,2.25,0.0,18.62,3.52,657.34,0.0,2.16
256552379030070,311.84,28,5.76,298.64,7.44,298.27,170.89,303.22,0.0,0.0,0.0,0.0,0.0,0.0,1.21,0.0,2.34,0.0,8.61,3.52,661.96,0.0,1.18
256552384283759,765.21,28,7.01,701.38,56.82,663.48,204.8,706.34,0.0,0.0,0.0,0.0,0.0,0.0,1.53,0.0,2.61,0.0,8.36,3.46,648.4,0.0,2.04
256552390475706,773.53,28,7.62,711.34,54.57,643.4,188.13,716.68,0.0,0.0,0.0,0.0,0.0,0.0,1.57,0.0,2.79,0.0,9.73,3.51,672.09,0.0,2.24
256552396036769,310.93,28,6.23,297.2,7.51,296.92,174.72,302.14,0.0,0.0,0.0,0.0,0.0,0.0,1.28,0.0,2.35,0.0,8.86,3.45,680.07,0.0,1.28
256552400774669,391.74,28,50.43,334.57,6.73,378.45,221.7,383.43,0.0,0.0,0.0,0.0,0.0,0.0,1.45,0.0,2.41,0.0,53.83,48.51,710.06,0.0,1.57
256552406028657,1118.17,28,5.64,291.35,821.19,234.93,165.9,295.95,0.0,0.0,0.0,0.0,0.0,0.0,1.32,0.0,2.4,0.0,8.67,3.54,638.46,0.0,1.04
256552412051330,315.54,28,35.69,272.14,7.71,300.97,197.6,306.46,0.0,0.0,0.0,0.0,0.0,0.0,1.24,0.0,2.33,0.0,61.65,35.12,659.41,0.0,1.37
256552417306671,784.98,28,7.68,727.57,49.72,663.83,205.61,732.97,0.0,0.0,0.0,0.0,0.0,0.0,1.39,0.0,2.5,0.0,20.07,3.61,651.02,0.0,2.27
256552423057382,258.35,28,6.29,244.22,7.85,242.53,180.36,249.09,0.0,0.0,0.0,0.0,0.0,0.0,1.33,0.0,2.63,0.0,10.83,3.44,661.15,0.0,1.42
256552428030201,249.0,28,8.06,232.73,8.2,232.87,178.82,238.55,0.0,0.0,0.0,0.0,0.0,0.0,1.27,0.0,2.66,0.0,14.38,3.51,657.54,0.0,2.24
256552433038673,313.49,28,7.32,297.85,8.32,297.28,189.08,303.15,0.0,0.0,0.0,0.0,0.0,0.0,1.25,0.0,2.37,0.0,20.98,3.47,665.13,0.0,2.0
256552438252912,753.63,28,7.49,681.71,64.44,637.61,243.67,687.1,0.0,0.0,0.0,0.0,0.0,0.0,1.12,0.0,2.48,0.0,74.48,3.67,716.84,0.0,2.08
256552443952463,762.85,28,6.55,697.99,58.3,638.62,229.45,703.1,0.0,0.0,0.0,0.0,0.0,0.0,1.15,0.0,2.29,0.0,7.97,3.45,675.09,0.0,1.44
256552450045010,733.09,28,6.29,717.25,9.55,655.52,213.2,722.17,0.0,0.0,0.0,0.0,0.0,0.0,1.38,0.0,2.49,0.0,9.96,3.6,688.98,0.0,1.36
256552456005420,320.94,28,6.3,307.85,6.79,307.43,171.87,313.03,0.0,0.0,0.0,0.0,0.0,0.0,1.3,0.0,2.78,0.0,8.47,3.54,650.2,0.0,1.11
256552460717620,318.96,28,9.04,301.84,8.08,301.55,176.6,307.15,0.0,0.0,0.0,0.0,0.0,0.0,1.21,0.0,2.25,0.0,12.86,3.52,655.57,0.0,3.73
256552466004749,242.98,28,7.29,227.34,8.35,227.53,178.06,232.76,0.0,0.0,0.0,0.0,0.0,0.0,1.12,0.0,2.27,0.0,11.9,3.62,666.43,0.0,1.87
256552470773363,390.55,28,6.19,376.32,8.03,376.13,199.56,381.49,0.0,0.0,0.0,0.0,0.0,0.0,1.29,0.0,2.42,0.0,10.9,3.47,669.05,0.0,1.01
256552476024114,238.54,28,6.07,225.47,7.0,224.93,185.92,230.13,0.0,0.0,0.0,0.0,0.0,0.0,1.42,0.0,2.58,0.0,13.54,3.64,691.91,0.0,1.42
256552480719645,250.65,28,6.34,235.92,8.38,234.26,171.06,240.61,0.0,0.0,0.0,0.0,0.0,0.0,1.21,0.0,2.27,0.0,9.2,3.58,664.27,0.0,1.65
256552485888497,363.86,28,8.2,301.07,54.59,301.21,195.28,307.07,0.0,0.0,0.0,0.0,0.0,0.0,1.17,0.0,2.66,0.0,14.51,3.42,648.14,0.0,2.12
256552491191725,767.81,28,20.51,693.85,53.45,630.25,241.38,699.89,0.0,0.0,0.0,0.0,0.0,0.0,1.81,0.0,2.99,0.0,27.24,3.56,717.87,0.0,14.13
256552497027218,309.56,28,12.46,288.77,8.33,295.11,177.97,300.21,0.0,0.0,0.0,0.0,0.0,0.0,1.36,0.0,10.56,0.0,15.34,3.48,666.1,0.0,1.01
256552502033969,322.69,28,17.87,296.87,7.95,308.16,181.05,313.26,0.0,0.0,0.0,0.0,0.0,0.0,11.56,0.0,12.71,0.0,23.15,3.73,669.05,0.0,1.43
256552507030003,250.37,28,6.92,236.32,7.12,236.38,182.91,241.52,0.0,0.0,0.0,0.0,0.0,0.0,1.54,0.0,2.51,0.0,11.38,3.5,685.54,0.0,1.72
256552512190788,801.98,28,7.7,738.54,55.74,660.09,203.61,744.07,0.0,0.0,0.0,0.0,0.0,0.0,1.58,0.0,2.78,0.0,10.29,3.54,665.11,0.0,2.13
256552517920032,299.13,28,17.44,228.5,53.18,238.39,197.46,243.63,0.0,0.0,0.0,0.0,0.0,0.0,1.23,0.0,11.48,0.0,39.46,3.65,657.4,0.0,2.31
256552523030083,312.51,28,8.52,296.54,7.44,298.25,176.06,303.36,0.0,0.0,0.0,0.0,0.0,0.0,1.45,0.0,3.13,0.0,19.63,3.99,660.44,0.0,1.7
256552528028467,313.51,28,6.26,299.48,7.77,298.9,176.03,304.17,0.0,0.0,0.0,0.0,0.0,0.0,1.21,0.0,2.38,0.0,15.14,3.6,664.8,0.0,1.57
256552533030742,704.82,28,5.83,689.76,9.22,625.87,185.32,694.15,0.0,0.0,0.0,0.0,0.0,0.0,1.28,0.0,2.42,0.0,8.08,3.43,675.34,0.0,1.45
256552538863270,372.69,28,7.03,307.11,58.56,306.99,184.1,312.2,0.0,0.0,0.0,0.0,0.0,0.0,1.21,0.0,2.31,0.0,16.88,3.58,634.96,0.0,1.93
256552544103681,311.94,28,6.5,296.47,8.97,295.31,171.41,301.38,0.0,0.0,0.0,0.0,0.0,0.0,1.5,0.0,2.69,0.0,10.46,3.76,660.12,0.0,1.59
256552549076853,245.45,28,6.78,230.81,7.86,229.22,175.56,235.87,0.0,0.0,0.0,0.0,0.0,0.0,1.57,0.0,2.71,0.0,10.32,3.48,658.5,0.0,1.72
256552554027724,254.96,28,5.62,240.81,8.54,239.62,171.27,245.02,0.0,0.0,0.0,0.0,0.0,0.0,1.39,0.0,2.48,0.0,8.46,3.55,660.5,0.0,1.41
256552559028072,322.03,28,5.81,307.92,8.3,307.31,175.51,312.35,0.0,0.0,0.0,0.0,0.0,0.0,1.11,0.0,2.27,0.0,10.14,3.51,668.85,0.0,1.39
256552564033218,246.89,28,6.8,231.68,8.41,231.79,175.09,236.65,0.0,0.0,0.0,0.0,0.0,0.0,1.5,0.0,2.56,0.0,9.38,3.44,663.08,0.0,1.83
256552569042583,255.81,28,7.33,239.86,8.62,240.69,181.29,245.75,0.0,0.0,0.0,0.0,0.0,0.0,1.89,0.0,3.11,0.0,24.08,3.49,662.51,0.0,1.44
256552574029680,234.97,28,6.58,221.07,7.32,220.8,173.36,225.77,0.0,0.0,0.0,0.0,0.0,0.0,1.5,0.0,2.73,0.0,8.04,3.4,658.99,0.0,1.85
256552579033577,237.0,28,6.93,222.23,7.83,222.15,177.06,227.36,0.0,0.0,0.0,0.0,0.0,0.0,1.25,0.0,2.68,0.0,9.05,3.5,673.77,0.0,1.81
256552584032270,312.93,28,7.53,298.24,7.16,299.09,175.61,304.17,0.0,0.0,0.0,0.0,0.0,0.0,1.62,0.0,2.88,0.0,12.55,3.43,669.91,0.0,1.6
256552589491724,577.82,28,52.92,473.75,51.15,520.23,209.69,525.25,0.0,0.0,0.0,0.0,0.0,0.0,1.27,0.0,2.49,0.0,57.2,51.7,681.32,0.0,1.42
256552595063114,763.39,28,7.97,696.94,58.49,629.04,215.26,702.84,0.0,0.0,0.0,0.0,0.0,0.0,1.14,0.0,2.39,0.0,25.61,3.52,657.9,0.0,2.07
256552601027748,253.03,28,6.41,238.0,8.61,237.41,174.14,242.47,0.0,0.0,0.0,0.0,0.0,0.0,1.26,0.0,2.42,0.0,8.25,3.54,674.96,0.0,1.95
256552606031031,271.55,28,6.17,256.7,8.68,256.21,170.44,261.33,0.0,0.0,0.0,0.0,0.0,0.0,1.82,0.0,2.96,0.0,9.89,3.62,652.07,0.0,1.55
256552611041834,316.18,28,6.24,302.05,7.89,301.23,172.23,306.98,0.0,0.0,0.0,0.0,0.0,0.0,1.19,0.0,2.33,0.0,10.48,3.52,649.55,0.0,1.31
256552616035383,308.57,28,5.68,295.62,7.26,294.62,173.55,299.92,0.0,0.0,0.0,0.0,0.0,0.0,1.31,0.0,2.42,0.0,11.38,3.44,656.64,0.0,1.39
256552620806737,250.51,28,6.1,237.2,7.2,236.43,173.64,241.69,0.0,0.0,0.0,0.0,0.0,0.0,1.22,0.0,2.32,0.0,9.34,3.45,669.8,0.0,1.62
256552626011092,733.01,28,6.61,717.32,9.09,653.55,227.42,722.43,0.0,0.0,0.0,0.0,0.0,0.0,1.15,0.0,2.39,0.0,15.86,3.52,681.46,0.0,1.45
256552632005140,740.47,28,5.97,725.71,8.8,663.75,240.55,730.62,0.0,0.0,0.0,0.0,0.0,0.0,1.38,0.0,2.44,0.0,13.46,3.68,735.34,0.0,1.03
256552637860107,374.26,28,8.19,312.32,53.75,313.11,190.1,318.5,0.0,0.0,0.0,0.0,0.0,0.0,1.42,0.0,2.75,0.0,14.29,3.47,612.72,0.0,1.97
256552643031423,737.5,28,5.82,722.87,8.82,654.9,204.12,727.39,0.0,0.0,0.0,0.0,0.0,0.0,1.27,0.0,2.42,0.0,8.52,3.6,698.0,0.0,1.26
256552649025154,326.17,28,21.44,296.58,8.14,296.05,171.4,301.79,0.0,0.0,0.0,0.0,0.0,0.0,1.14,0.0,2.31,0.0,17.35,3.49,636.86,0.0,16.23
256552654033847,312.61,28,6.95,298.17,7.5,297.67,177.75,303.61,0.0,0.0,0.0,0.0,0.0,0.0,1.63,0.0,2.8,0.0,10.48,3.63,668.8,0.0,1.5
256552659027276,247.94,28,6.46,233.49,7.99,232.93,179.26,238.35,0.0,0.0,0.0,0.0,0.0,0.0,1.27,0.0,2.4,0.0,13.29,3.48,676.87,0.0,1.59
256552664034714,718.27,28,6.24,703.42,8.61,645.13,202.91,708.36,0.0,0.0,0.0,0.0,0.0,0.0,1.3,0.0,2.55,0.0,15.94,3.59,671.77,0.0,1.3
256552670014102,258.21,28,5.72,243.05,9.43,242.75,176.83,247.79,0.0,0.0,0.0,0.0,0.0,0.0,1.19,0.0,2.4,0.0,8.63,3.47,675.52,0.0,0.99
256552675033147,314.07,28,5.84,301.42,6.8,300.47,172.75,306.1,0.0,0.0,0.0,0.0,0.0,0.0,1.49,0.0,2.56,0.0,8.72,3.56,660.35,0.0,1.15
256552680040310,313.01,28,6.17,298.9,7.93,298.31,186.97,303.9,0.0,0.0,0.0,0.0,0.0,0.0,1.17,0.0,2.29,0.0,28.69,3.61,658.18,0.0,1.17
256552685026620,311.38,28,6.34,297.77,7.27,297.23,171.88,302.5,0.0,0.0,0.0,0.0,0.0,0.0,1.11,0.0,2.31,0.0,9.38,3.48,654.32,0.0,1.61
256552690034386,255.99,28,6.29,242.41,7.3,241.88,174.06,246.91,0.0,0.0,0.0,0.0,0.0,0.0,1.35,0.0,2.45,0.0,12.23,3.48,655.47,0.0,1.79
256552694709785,315.02,28,5.51,301.47,8.04,300.66,172.63,306.01,0.0,0.0,0.0,0.0,0.0,0.0,1.31,0.0,2.44,0.0,9.7,3.52,656.0,0.0,0.97
256552699444629,242.44,28,7.36,227.05,8.04,226.84,171.61,232.23,0.0,0.0,0.0,0.0,0.0,0.0,1.32,0.0,2.41,0.0,11.96,3.5,645.04,0.0,2.16
256552704122628,264.53,28,6.66,249.41,8.46,248.29,181.81,255.01,0.0,0.0,0.0,0.0,0.0,0.0,1.29,0.0,2.44,0.0,19.37,3.54,669.95,0.0,1.03
256552709780685,777.37,28,6.3,714.65,56.42,648.04,196.94,718.89,0.0,0.0,0.0,0.0,0.0,0.0,1.25,0.0,2.47,0.0,8.87,3.62,714.38,0.0,1.8
256552715967501,739.45,28,6.47,686.46,46.52,630.02,216.18,691.4,0.0,0.0,0.0,0.0,0.0,0.0,1.15,0.0,2.31,0.0,9.07,3.84,726.29,0.0,1.52
256552722067034,785.92,28,7.08,724.72,54.12,662.76,190.04,729.47,0.0,0.0,0.0,0.0,0.0,0.0,1.59,0.0,2.75,0.0,10.49,3.6,669.38,0.0,2.19
256552728030887,306.75,28,6.79,292.0,7.95,291.9,178.31,297.05,0.0,0.0,0.0,0.0,0.0,0.0,1.34,0.0,2.34,0.0,8.23,3.5,678.0,0.0,1.74
256552733053653,324.15,28,6.17,309.98,8.0,309.22,176.88,314.43,0.0,0.0,0.0,0.0,0.0,0.0,1.26,0.0,2.56,0.0,10.35,3.46,648.88,0.0,1.66
256552738034177,258.67,28,6.61,244.27,7.79,243.94,171.5,249.07,0.0,0.0,0.0,0.0,0.0,0.0,1.09,0.0,2.2,0.0,7.8,3.44,660.8,0.0,1.75
256552743036775,761.54,28,7.83,744.17,9.54,680.19,247.79,750.17,0.0,0.0,0.0,0.0,0.0,0.0,2.01,0.0,3.34,0.0,24.04,3.44,702.16,0.0,1.77
256552749004727,317.45,28,6.16,303.75,7.53,303.2,194.18,308.75,0.0,0.0,0.0,0.0,0.0,0.0,1.33,0.0,2.44,0.0,32.66,3.47,660.78,0.0,1.17
256552754027297,234.15,28,6.1,219.71,8.34,219.28,174.12,224.38,0.0,0.0,0.0,0.0,0.0,0.0,1.17,0.0,2.31,0.0,9.98,3.48,658.73,0.0,1.39
256552759042262,314.32,28,5.95,299.93,8.44,298.14,173.38,303.96,0.0,0.0,0.0,0.0,0.0,0.0,1.41,0.0,2.38,0.0,8.31,3.51,670.19,0.0,1.87
256552764205692,788.37,28,8.01,726.02,54.33,658.82,255.42,731.88,0.0,0.0,0.0,0.0,0.0,0.0,1.23,0.0,2.35,0.0,36.31,3.66,705.33,0.0,2.11
256552770032530,783.32,28,6.96,766.84,9.52,706.97,241.64,772.21,0.0,0.0,0.0,0.0,0.0,0.0,1.41,0.0,2.63,0.0,25.1,3.5,706.84,0.0,1.59
256552775973968,781.95,28,7.33,729.2,45.42,674.74,195.16,734.88,0.0,0.0,0.0,0.0,0.0,0.0,1.19,0.0,2.42,0.0,8.48,3.9,679.59,0.0,1.65
256552782022488,309.88,28,7.06,294.43,8.39,294.27,176.13,299.63,0.0,0.0,0.0,0.0,0.0,0.0,1.47,0.0,2.61,0.0,7.98,3.41,674.59,0.0,1.85
256552787031406,253.38,28,6.24,239.22,7.92,238.82,176.87,243.83,0.0,0.0,0.0,0.0,0.0,0.0,1.13,0.0,2.43,0.0,8.18,3.55,676.82,0.0,1.64
256552792035358,717.0,28,5.4,701.77,9.83,638.8,221.52,705.84,0.0,0.0,0.0,0.0,0.0,0.0,1.15,0.0,2.14,0.0,8.53,3.47,709.72,0.0,1.24
256552798079137,768.95,28,6.5,712.55,49.9,653.46,221.29,717.51,0.0,0.0,0.0,0.0,0.0,0.0,1.26,0.0,2.47,0.0,22.92,3.54,646.97,0.0,1.54
256552804011120,259.48,28,6.16,245.12,8.2,242.85,173.24,249.8,0.0,0.0,0.0,0.0,0.0,0.0,1.17,0.0,2.36,0.0,9.01,3.48,665.23,0.0,1.48
256552809101303,788.95,28,7.21,730.3,51.43,658.86,237.17,735.31,0.0,0.0,0.0,0.0,0.0,0.0,1.2,0.0,2.59,0.0,11.94,3.48,712.35,0.0,2.16
256552814512566,787.17,28,6.87,773.77,6.52,710.36,249.11,778.87,0.0,0.0,0.0,0.0,0.0,0.0,1.1,0.0,2.23,0.0,9.15,3.52,698.66,0.0,1.75
256552820192803,236.84,28,6.89,222.78,7.18,222.98,174.53,228.16,0.0,0.0,0.0,0.0,0.0,0.0,1.27,0.0,2.46,0.0,10.3,3.47,668.34,0.0,1.51
256552824869054,279.76,28,6.58,265.66,7.52,265.61,176.39,270.76,0.0,0.0,0.0,0.0,0.0,0.0,1.18,0.0,2.39,0.0,11.3,3.49,642.59,0.0,1.48
256552830009568,735.95,28,6.02,720.51,9.42,658.42,194.0,725.2,0.0,0.0,0.0,0.0,0.0,0.0,1.17,0.0,2.29,0.0,8.01,3.48,666.43,0.0,1.33
256552835433769,234.42,28,5.25,222.4,6.77,220.87,168.73,226.26,0.0,0.0,0.0,0.0,0.0,0.0,1.24,0.0,2.26,0.0,8.25,3.54,649.03,0.0,1.38
256552840748369,382.35,28,7.05,320.02,55.28,318.83,204.14,324.93,0.0,0.0,0.0,0.0,0.0,0.0,1.27,0.0,2.68,0.0,23.08,3.5,659.23,0.0,2.03
256552846014864,314.45,28,6.67,300.4,7.38,300.58,179.71,305.58,0.0,0.0,0.0,0.0,0.0,0.0,1.53,0.0,2.69,0.0,10.39,3.52,674.37,0.0,1.49
256552850764448,281.98,28,6.79,266.81,8.38,261.04,177.01,271.95,0.0,0.0,0.0,0.0,0.0,0.0,1.23,0.0,2.33,0.0,11.1,3.5,658.12,0.0,1.65
256552855979839,274.88,28,7.16,234.8,32.92,234.16,183.08,240.19,0.0,0.0,0.0,0.0,0.0,0.0,1.21,0.0,2.55,0.0,10.19,3.47,679.57,0.0,1.77
256552860691792,261.52,28,6.24,247.44,7.84,246.78,179.42,252.11,0.0,0.0,0.0,0.0,0.0,0.0,1.18,0.0,2.31,0.0,10.38,3.45,685.88,0.0,1.57
256552865969608,873.8,28,6.5,819.81,47.49,749.14,206.79,824.81,0.0,0.0,0.0,0.0,0.0,0.0,1.3,0.0,2.5,0.0,15.65,3.52,669.42,0.0,1.48
256552871885583,316.91,28,74.47,190.37,52.08,257.19,174.96,262.63,0.0,0.0,0.0,0.0,0.0,0.0,70.2,0.0,71.46,0.0,11.4,3.49,646.44,0.0,2.12
256552877132494,897.27,28,6.71,709.72,180.84,680.73,230.47,714.23,0.0,0.0,0.0,0.0,0.0,0.0,1.29,0.0,2.64,0.0,8.77,3.51,734.33,0.0,2.13
256552883053034,239.83,28,5.95,225.14,8.73,224.33,182.4,229.48,0.0,0.0,0.0,0.0,0.0,0.0,1.43,0.0,2.48,0.0,8.26,3.48,682.3,0.0,1.6
256552888027062,691.89,28,6.69,676.22,8.98,626.21,213.05,681.15,0.0,0.0,0.0,0.0,0.0,0.0,1.51,0.0,2.75,0.0,9.57,3.5,704.52,0.0,1.76
256552894005449,253.56,28,5.98,238.98,8.6,238.82,177.9,243.78,0.0,0.0,0.0,0.0,0.0,0.0,1.18,0.0,2.56,0.0,9.47,3.5,672.25,0.0,1.18
256552899294700,714.88,28,6.73,645.03,63.12,622.52,213.1,650.17,0.0,0.0,0.0,0.0,0.0,0.0,1.42,0.0,2.65,0.0,13.68,3.51,668.56,0.0,1.58
256552905024897,326.57,28,23.63,294.55,8.38,310.87,183.11,316.39,0.0,0.0,0.0,0.0,0.0,0.0,1.12,0.0,2.3,0.0,27.94,20.49,670.83,0.0,1.79
256552910038737,251.21,28,6.5,236.5,8.21,236.28,177.02,241.34,0.0,0.0,0.0,0.0,0.0,0.0,1.4,0.0,2.8,0.0,11.01,3.49,662.1,0.0,1.66
256552915029381,687.4,28,5.81,671.02,10.57,618.97,212.75,675.79,0.0,0.0,0.0,0.0,0.0,0.0,1.56,0.0,2.78,0.0,9.05,3.53,705.32,0.0,1.04
256552920921118,306.01,28,6.96,238.41,60.64,238.27,201.79,243.45,0.0,0.0,0.0,0.0,0.0,0.0,1.18,0.0,2.14,0.0,8.99,3.42,679.49,0.0,1.9
256552926095334,757.12,28,7.4,692.81,56.91,628.93,232.43,697.74,0.0,0.0,0.0,0.0,0.0,0.0,1.37,0.0,2.61,0.0,10.12,3.56,724.79,0.0,2.47
256552932052610,250.72,28,7.06,235.77,7.89,235.57,169.59,240.78,0.0,0.0,0.0,0.0,0.0,0.0,1.36,0.0,2.46,0.0,11.14,3.43,635.41,0.0,2.01
256552937032084,1020.78,28,5.85,518.32,496.61,425.55,164.53,523.18,0.0,0.0,0.0,0.0,0.0,0.0,1.45,0.0,2.69,0.0,8.61,3.6,646.62,0.0,0.99
256552943060510,309.1,28,8.07,293.03,8.0,294.21,183.44,299.35,0.0,0.0,0.0,0.0,0.0,0.0,1.48,0.0,2.74,0.0,33.74,3.58,663.95,0.0,1.75
256552948033464,707.18,28,8.71,689.47,9.0,655.58,242.47,695.69,0.0,0.0,0.0,0.0,0.0,0.0,1.73,0.0,2.84,0.0,23.88,3.6,673.34,0.0,2.27
256552954023976,785.79,28,22.0,753.22,10.57,696.19,238.94,758.41,0.0,0.0,0.0,0.0,0.0,0.0,1.24,0.0,2.5,0.0,13.85,3.44,724.09,0.0,16.07
256552960054284,226.82,28,5.74,213.44,7.64,212.17,172.6,217.31,0.0,0.0,0.0,0.0,0.0,0.0,1.28,0.0,2.51,0.0,9.34,3.54,647.24,0.0,1.87
256552965036278,317.78,28,5.82,304.82,7.14,304.28,173.48,309.38,0.0,0.0,0.0,0.0,0.0,0.0,1.33,0.0,2.3,0.0,8.37,3.53,659.99,0.0,1.25
256552969875963,320.15,28,11.31,301.2,7.64,300.69,178.24,307.16,0.0,0.0,0.0,0.0,0.0,0.0,1.38,0.0,2.43,0.0,16.2,3.54,660.75,0.0,5.35
256552975033539,256.28,28,6.67,240.83,8.78,240.32,178.41,246.15,0.0,0.0,0.0,0.0,0.0,0.0,1.71,0.0,2.75,0.0,8.87,3.5,664.67,0.0,1.34
256552980281400,915.77,28,8.16,855.5,52.12,624.55,224.7,861.6,0.0,0.0,0.0,0.0,0.0,0.0,1.24,0.0,2.46,0.0,33.07,3.65,702.04,0.0,2.06
256552986096613,242.98,28,7.04,227.96,7.98,227.84,173.36,233.18,0.0,0.0,0.0,0.0,0.0,0.0,1.53,0.0,2.55,0.0,9.18,3.51,650.57,0.0,1.82
256552991080942,258.19,28,7.23,243.15,7.81,243.36,182.54,248.5,0.0,0.0,0.0,0.0,0.0,0.0,1.47,0.0,2.62,0.0,16.79,3.47,652.98,0.0,1.85
256552996058191,252.48,28,6.09,238.25,8.14,237.56,173.59,242.83,0.0,0.0,0.0,0.0,0.0,0.0,1.62,0.0,2.7,0.0,9.78,3.5,662.3,0.0,1.51
256553001031536,308.51,28,6.45,293.34,8.72,292.67,170.86,298.17,0.0,0.0,0.0,0.0,0.0,0.0,1.19,0.0,2.31,0.0,13.02,3.55,644.98,0.0,1.62
256553006030747,237.27,28,6.62,222.21,8.44,222.13,174.17,227.1,0.0,0.0,0.0,0.0,0.0,0.0,1.33,0.0,2.44,0.0,8.2,3.43,665.28,0.0,1.72
256553011081527,238.47,28,7.56,222.78,8.12,222.95,175.02,228.4,0.0,0.0,0.0,0.0,0.0,0.0,1.83,0.0,2.99,0.0,11.4,3.47,658.63,0.0,1.95
256553016156655,782.65,28,90.83,636.92,54.89,661.09,271.03,726.06,0.0,0.0,0.0,0.0,0.0,0.0,1.24,0.0,2.38,0.0,92.98,87.71,653.64,0.0,1.68
256553022037081,228.47,28,6.59,214.19,7.69,214.12,188.18,219.4,0.0,0.0,0.0,0.0,0.0,0.0,1.23,0.0,2.44,0.0,14.69,3.5,674.22,0.0,1.38
256553027030798,238.91,28,5.71,225.05,8.15,223.34,176.51,229.42,0.0,0.0,0.0,0.0,0.0,0.0,1.38,0.0,2.44,0.0,10.48,3.44,664.17,0.0,1.33
256553032026595,247.75,28,7.46,231.86,8.42,231.71,179.19,237.49,0.0,0.0,0.0,0.0,0.0,0.0,1.35,0.0,2.51,0.0,12.58,3.59,670.03,0.0,1.84
256553037030283,276.69,28,6.22,261.74,8.74,261.15,173.88,266.5,0.0,0.0,0.0,0.0,0.0,0.0,1.45,0.0,2.67,0.0,8.4,3.54,655.82,0.0,1.46
256553041784831,350.23,28,6.5,335.27,8.45,333.99,202.05,340.07,0.0,0.0,0.0,0.0,0.0,0.0,1.42,0.0,2.49,0.0,9.95,3.52,669.05,0.0,1.7
256553047058732,769.62,28,7.51,702.2,59.92,644.21,199.09,707.76,0.0,0.0,0.0,0.0,0.0,0.0,1.15,0.0,2.38,0.0,20.17,3.52,669.45,0.0,1.93
256553053033647,251.91,28,7.08,236.91,7.92,237.03,174.93,242.29,0.0,0.0,0.0,0.0,0.0,0.0,1.4,0.0,2.51,0.0,8.25,3.54,664.97,0.0,1.7
256553058028510,254.29,28,6.28,239.77,8.24,238.88,178.43,244.51,0.0,0.0,0.0,0.0,0.0,0.0,1.29,0.0,2.48,0.0,9.52,3.49,680.13,0.0,1.54
256553063042896,309.61,28,6.03,296.28,7.31,294.19,173.1,301.03,0.0,0.0,0.0,0.0,0.0,0.0,1.47,0.0,2.71,0.0,9.19,3.48,658.18,0.0,1.27
256553068272094,733.84,28,16.89,656.36,60.6,622.78,243.95,662.15,0.0,0.0,0.0,0.0,0.0,0.0,1.46,0.0,2.63,0.0,15.99,3.57,732.11,0.0,11.01
256553073956690,743.94,28,7.05,682.87,54.02,626.27,260.47,688.16,0.0,0.0,0.0,0.0,0.0,0.0,1.25,0.0,2.73,0.0,25.5,3.96,687.81,0.0,1.76
256553079995917,742.41,28,6.51,717.73,18.16,634.75,203.37,722.48,0.0,0.0,0.0,0.0,0.0,0.0,1.5,0.0,2.63,0.0,8.15,3.44,667.43,0.0,1.77
256553085910133,279.17,28,7.34,219.24,52.59,218.69,177.25,224.3,0.0,0.0,0.0,0.0,0.0,0.0,1.47,0.0,2.67,0.0,8.25,3.48,633.48,0.0,2.21
256553091021960,752.77,28,6.65,736.77,9.35,660.89,203.9,741.22,0.0,0.0,0.0,0.0,0.0,0.0,1.22,0.0,2.28,0.0,8.05,3.42,709.93,0.0,2.21
256553097028398,251.78,28,6.27,237.28,8.23,235.98,179.79,242.09,0.0,0.0,0.0,0.0,0.0,0.0,1.31,0.0,2.44,0.0,8.53,3.45,678.67,0.0,1.46
256553102034845,309.2,28,6.88,294.8,7.52,295.38,163.88,300.24,0.0,0.0,0.0,0.0,0.0,0.0,1.38,0.0,2.62,0.0,8.59,3.64,665.96,0.0,1.44
256553107030187,311.37,28,12.34,292.21,6.82,297.94,181.68,303.12,0.0,0.0,0.0,0.0,0.0,0.0,1.65,0.0,10.01,0.0,14.79,3.47,661.33,0.0,1.43
256553112038706,709.44,28,111.41,589.94,8.09,641.82,221.69,699.78,0.0,0.0,0.0,0.0,0.0,0.0,2.11,0.0,107.48,0.0,10.06,3.4,677.59,0.0,1.58
256553117639861,249.79,28,6.85,235.28,7.66,235.16,177.21,240.2,0.0,0.0,0.0,0.0,0.0,0.0,1.34,0.0,2.43,0.0,8.73,3.39,670.46,0.0,1.94
256553122396316,637.54,28,5.96,623.51,8.08,622.68,207.7,628.3,0.0,0.0,0.0,0.0,0.0,0.0,1.3,0.0,2.38,0.0,8.82,3.46,709.21,0.0,1.16
256553128004985,308.39,28,5.26,296.04,7.1,294.71,169.99,300.25,0.0,0.0,0.0,0.0,0.0,0.0,1.22,0.0,2.45,0.0,8.26,3.47,657.83,0.0,1.04
256553133031177,798.93,28,5.98,784.25,8.71,715.39,238.97,788.74,0.0,0.0,0.0,0.0,0.0,0.0,1.33,0.0,2.67,0.0,9.66,3.48,717.35,0.0,1.48
256553139015692,316.96,28,6.89,302.62,7.44,303.05,176.71,308.24,0.0,0.0,0.0,0.0,0.0,0.0,1.2,0.0,2.16,0.0,11.49,3.56,660.89,0.0,1.28
256553144103712,233.6,28,10.2,215.11,8.29,215.99,180.4,221.18,0.0,0.0,0.0,0.0,0.0,0.0,1.48,0.0,2.57,0.0,16.77,3.62,644.72,0.0,4.13
256553149042175,240.8,28,7.31,225.09,8.41,225.26,171.84,230.7,0.0,0.0,0.0,0.0,0.0,0.0,1.65,0.0,2.72,0.0,9.13,3.47,641.85,0.0,1.7
256553154035855,247.92,28,6.44,233.63,7.86,232.72,172.88,238.26,0.0,0.0,0.0,0.0,0.0,0.0,1.44,0.0,2.54,0.0,8.5,3.51,667.26,0.0,1.8
256553159034775,253.02,28,6.62,238.25,8.15,237.48,175.97,242.71,0.0,0.0,0.0,0.0,0.0,0.0,1.22,0.0,2.41,0.0,8.54,3.58,682.28,0.0,2.16
256553164519247,769.66,28,7.95,706.27,55.45,649.08,249.98,712.37,0.0,0.0,0.0,0.0,0.0,0.0,1.42,0.0,2.63,0.0,10.77,3.52,696.02,0.0,1.8
256553170868241,309.93,28,6.93,248.13,54.88,247.57,189.71,253.13,0.0,0.0,0.0,0.0,0.0,0.0,1.25,0.0,2.31,0.0,28.48,3.51,642.21,0.0,1.92
256553176034589,321.15,28,6.14,307.85,7.17,307.19,169.42,312.56,0.0,0.0,0.0,0.0,0.0,0.0,1.19,0.0,2.3,0.0,8.63,3.67,656.78,0.0,1.43
256553181031051,306.81,28,6.17,294.58,6.05,294.7,178.51,299.52,0.0,0.0,0.0,0.0,0.0,0.0,1.12,0.0,2.27,0.0,10.61,3.56,662.54,0.0,1.23
256553186056251,250.86,28,6.95,236.39,7.52,236.53,188.03,241.9,0.0,0.0,0.0,0.0,0.0,0.0,1.58,0.0,2.73,0.0,26.44,3.6,655.09,0.0,1.44
256553191025843,715.99,28,7.49,697.97,10.53,624.27,225.2,703.24,0.0,0.0,0.0,0.0,0.0,0.0,1.14,0.0,2.29,0.0,15.37,3.67,700.45,0.0,2.19
256553197026991,310.64,28,6.11,297.38,7.15,296.98,171.27,302.15,0.0,0.0,0.0,0.0,0.0,0.0,1.2,0.0,2.38,0.0,10.13,3.64,659.08,0.0,1.34
256553202069008,317.78,28,5.81,303.79,8.18,302.83,177.21,308.28,0.0,0.0,0.0,0.0,0.0,0.0,1.42,0.0,2.38,0.0,8.56,3.5,675.9,0.0,1.28
256553207027403,306.82,28,6.44,292.63,7.75,292.06,174.44,297.61,0.0,0.0,0.0,0.0,0.0,0.0,1.54,0.0,2.7,0.0,8.14,3.44,663.28,0.0,1.46
256553212028411,235.05,28,6.65,219.62,8.79,218.93,177.13,224.36,0.0,0.0,0.0,0.0,0.0,0.0,1.18,0.0,2.45,0.0,7.82,3.46,665.7,0.0,1.91
256553217035394,242.05,28,6.05,228.81,7.19,228.11,174.29,233.24,0.0,0.0,0.0,0.0,0.0,0.0,1.27,0.0,2.35,0.0,8.19,3.52,664.03,0.0,1.63
256553222023584,763.71,28,6.01,749.8,7.9,689.8,232.76,754.53,0.0,0.0,0.0,0.0,0.0,0.0,1.38,0.0,2.64,0.0,8.3,3.5,731.39,0.0,1.28
256553228035176,246.41,28,6.62,232.3,7.49,232.28,169.27,237.44,0.0,0.0,0.0,0.0,0.0,0.0,1.48,0.0,2.48,0.0,10.33,3.42,649.53,0.0,1.48
256553232769174,388.77,28,6.52,373.71,8.54,373.45,221.9,378.51,0.0,0.0,0.0,0.0,0.0,0.0,1.24,0.0,2.32,0.0,11.3,3.56,685.87,0.0,1.72
256553237696269,248.18,28,7.52,232.79,7.88,233.5,172.39,238.74,0.0,0.0,0.0,0.0,0.0,0.0,1.34,0.0,2.33,0.0,13.93,3.67,634.76,0.0,1.56
256553242962630,786.72,28,7.97,730.37,48.38,668.48,233.74,736.14,0.0,0.0,0.0,0.0,0.0,0.0,1.18,0.0,2.31,0.0,11.36,3.49,699.31,0.0,2.17
256553249005139,306.59,28,6.19,292.71,7.69,290.89,176.51,297.54,0.0,0.0,0.0,0.0,0.0,0.0,1.21,0.0,2.33,0.0,11.8,3.72,675.99,0.0,1.36
256553254028073,236.51,28,6.82,221.62,8.07,221.49,171.08,226.86,0.0,0.0,0.0,0.0,0.0,0.0,1.5,0.0,2.88,0.0,9.98,3.51,653.11,0.0,1.57
256553258767390,252.78,28,15.24,229.14,8.41,236.93,181.07,242.82,0.0,0.0,0.0,0.0,0.0,0.0,1.28,0.0,12.67,0.0,14.75,3.52,656.67,0.0,1.55
256553263478733,597.5,28,101.23,487.96,8.31,582.43,223.06,587.43,0.0,0.0,0.0,0.0,0.0,0.0,3.26,0.0,97.73,0.0,14.49,3.49,660.82,0.0,1.68
256553269029377,311.34,28,21.44,283.1,6.81,297.26,191.64,303.02,0.0,0.0,0.0,0.0,0.0,0.0,1.69,0.0,2.87,0.0,26.39,20.84,680.77,0.0,1.33
256553274036047,246.87,28,6.16,233.53,7.19,232.83,171.19,238.33,0.0,0.0,0.0,0.0,0.0,0.0,1.36,0.0,2.61,0.0,8.09,3.44,661.54,0.0,1.35
256553279022392,239.71,28,6.31,226.06,7.33,225.28,174.01,231.15,0.0,0.0,0.0,0.0,0.0,0.0,1.14,0.0,2.29,0.0,10.65,3.49,662.1,0.0,1.22
256553283766411,364.49,28,6.67,351.22,6.6,350.76,286.17,356.39,0.0,0.0,0.0,0.0,0.0,0.0,1.3,0.0,2.39,0.0,120.76,3.55,653.1,0.0,1.5
256553289022672,248.06,28,6.73,233.44,7.89,233.81,181.78,239.15,0.0,0.0,0.0,0.0,0.0,0.0,1.77,0.0,2.9,0.0,16.58,3.61,649.27,0.0,1.02
256553293761072,397.29,28,6.18,384.04,7.06,383.55,225.75,389.13,0.0,0.0,0.0,0.0,0.0,0.0,1.24,0.0,2.32,0.0,17.22,3.51,685.24,0.0,1.1
256553299023986,712.8,28,7.12,696.33,9.34,638.6,238.27,701.63,0.0,0.0,0.0,0.0,0.0,0.0,1.24,0.0,2.54,0.0,16.12,3.53,730.27,0.0,1.82
256553304992212,876.95,28,6.46,847.13,23.35,772.09,237.3,851.9,0.0,0.0,0.0,0.0,0.0,0.0,1.37,0.0,2.59,0.0,10.53,3.62,681.06,0.0,1.69
256553311005096,241.77,28,6.46,227.58,7.73,226.09,177.26,232.06,0.0,0.0,0.0,0.0,0.0,0.0,1.22,0.0,2.22,0.0,9.25,3.5,672.61,0.0,1.98
256553316029208,311.65,28,6.67,297.39,7.59,297.07,173.03,302.61,0.0,0.0,0.0,0.0,0.0,0.0,1.25,0.0,2.36,0.0,12.59,3.48,653.82,0.0,1.44
256553320885535,251.12,28,5.86,236.28,8.98,235.57,178.13,240.71,0.0,0.0,0.0,0.0,0.0,0.0,1.42,0.0,2.38,0.0,8.59,3.46,675.27,0.0,1.42
256553326037886,231.49,28,7.34,216.35,7.8,216.57,188.22,221.93,0.0,0.0,0.0,0.0,0.0,0.0,1.3,0.0,2.49,0.0,28.7,3.92,660.78,0.0,1.75
256553331532941,777.92,28,7.99,714.85,55.07,650.06,244.07,721.0,0.0,0.0,0.0,0.0,0.0,0.0,1.53,0.0,2.71,0.0,21.8,3.5,711.79,0.0,1.85
256553338004529,248.31,28,7.09,232.07,9.15,232.23,171.69,237.41,0.0,0.0,0.0,0.0,0.0,0.0,1.29,0.0,2.54,0.0,11.95,3.48,647.97,0.0,1.76
256553342713189,308.54,28,6.75,294.8,6.99,294.83,177.06,300.33,0.0,0.0,0.0,0.0,0.0,0.0,1.32,0.0,2.51,0.0,10.58,3.55,661.88,0.0,1.22
256553347974783,767.84,28,7.44,722.56,37.84,633.6,251.2,728.11,0.0,0.0,0.0,0.0,0.0,0.0,1.15,0.0,2.36,0.0,27.43,3.53,689.79,0.0,1.89
256553353976002,758.49,28,5.83,716.34,36.31,680.46,221.67,720.97,0.0,0.0,0.0,0.0,0.0,0.0,1.43,0.0,2.51,0.0,21.5,3.59,659.8,0.0,1.21
256553359988783,766.51,28,7.15,734.51,24.85,673.23,212.92,740.15,0.0,0.0,0.0,0.0,0.0,0.0,1.63,0.0,3.02,0.0,8.12,3.48,669.18,0.0,1.51
256553365943754,294.16,28,8.98,232.44,52.74,234.33,171.72,239.73,0.0,0.0,0.0,0.0,0.0,0.0,1.38,0.0,2.56,0.0,16.63,7.23,662.27,0.0,1.69
256553371029577,304.02,28,6.72,289.79,7.5,289.51,170.88,294.62,0.0,0.0,0.0,0.0,0.0,0.0,1.48,0.0,2.65,0.0,7.98,3.52,661.0,0.0,1.89
256553376030149,312.04,28,6.06,298.9,7.08,297.23,181.02,303.89,0.0,0.0,0.0,0.0,0.0,0.0,1.61,0.0,2.74,0.0,9.04,3.51,669.43,0.0,1.03
256553380807412,318.26,28,6.59,303.82,7.85,303.24,177.68,308.73,0.0,0.0,0.0,0.0,0.0,0.0,1.49,0.0,2.69,0.0,10.5,3.63,670.41,0.0,1.68
256553386016232,249.34,28,6.24,236.15,6.94,235.66,170.09,240.96,0.0,0.0,0.0,0.0,0.0,0.0,1.24,0.0,2.35,0.0,8.78,3.49,653.37,0.0,1.43
256553391027828,738.47,28,6.84,722.96,8.68,659.75,221.38,728.41,0.0,0.0,0.0,0.0,0.0,0.0,1.8,0.0,3.17,0.0,8.05,3.49,724.55,0.0,1.38
256553397035440,238.44,28,6.21,224.32,7.92,224.07,173.23,229.41,0.0,0.0,0.0,0.0,0.0,0.0,1.39,0.0,2.5,0.0,10.93,3.5,646.95,0.0,1.12
256553401750264,315.2,28,17.38,291.11,6.71,301.69,177.35,307.4,0.0,0.0,0.0,0.0,0.0,0.0,1.51,0.0,2.56,0.0,24.86,16.29,652.14,0.0,1.09
256553407005861,305.85,28,6.08,292.25,7.51,291.86,173.87,297.0,0.0,0.0,0.0,0.0,0.0,0.0,1.36,0.0,2.38,0.0,9.46,3.48,670.07,0.0,1.33
256553412034303,250.73,28,6.52,236.0,8.21,235.59,175.56,241.05,0.0,0.0,0.0,0.0,0.0,0.0,1.64,0.0,2.71,0.0,12.46,3.61,658.59,0.0,1.47
256553417030484,313.59,28,6.78,298.59,8.22,298.28,181.04,303.93,0.0,0.0,0.0,0.0,0.0,0.0,1.58,0.0,2.58,0.0,8.2,3.45,676.57,0.0,1.45
256553422031084,316.69,28,7.6,302.07,7.02,303.35,178.86,308.5,0.0,0.0,0.0,0.0,0.0,0.0,1.25,0.0,2.76,0.0,28.23,3.66,647.89,0.0,1.18
256553427035991,252.47,28,5.72,238.58,8.17,237.23,172.49,242.56,0.0,0.0,0.0,0.0,0.0,0.0,1.38,0.0,2.48,0.0,8.84,3.49,663.31,0.0,1.75
256553431771913,243.39,28,6.54,228.33,8.52,227.94,168.54,233.22,0.0,0.0,0.0,0.0,0.0,0.0,1.13,0.0,2.44,0.0,8.31,3.45,651.18,0.0,1.65
256553436972105,268.34,28,6.71,223.28,38.35,222.8,178.42,228.38,0.0,0.0,0.0,0.0,0.0,0.0,1.41,0.0,2.69,0.0,8.94,3.55,674.23,0.0,1.61
256553442033088,255.64,28,6.37,241.26,8.01,240.18,181.03,245.98,0.0,0.0,0.0,0.0,0.0,0.0,1.35,0.0,2.5,0.0,9.49,3.49,677.36,0.0,1.65
256553447031665,304.74,28,6.79,290.14,7.82,290.3,183.69,295.56,0.0,0.0,0.0,0.0,0.0,0.0,1.21,0.0,2.39,0.0,10.76,3.45,652.44,0.0,1.36
256553452028818,235.12,28,6.99,220.12,8.02,220.43,173.73,225.58,0.0,0.0,0.0,0.0,0.0,0.0,1.39,0.0,2.48,0.0,8.3,3.43,662.7,0.0,1.52
256553457033258,246.58,28,14.11,223.8,8.66,231.2,181.68,236.28,0.0,0.0,0.0,0.0,0.0,0.0,1.28,0.0,10.18,0.0,13.9,3.47,693.24,0.0,1.63
256553462030413,1547.36,28,16.82,444.67,1085.87,395.81,164.35,460.49,0.0,0.0,0.0,0.0,0.0,0.0,1.51,0.0,13.55,0.0,9.42,3.61,637.18,0.0,0.98
256553469004778,323.41,28,7.61,307.35,8.45,307.66,177.23,312.83,0.0,0.0,0.0,0.0,0.0,0.0,1.32,0.0,2.67,0.0,13.99,3.53,664.71,0.0,2.12
256553474032452,704.13,28,6.44,688.38,9.3,633.04,205.5,692.9,0.0,0.0,0.0,0.0,0.0,0.0,1.17,0.0,2.26,0.0,8.38,3.45,703.23,0.0,1.93
256553480010535,716.27,28,6.97,699.57,9.72,636.8,211.53,704.9,0.0,0.0,0.0,0.0,0.0,0.0,1.19,0.0,2.42,0.0,23.09,3.62,670.97,0.0,1.65
256553485619456,255.03,28,6.65,240.92,7.46,240.36,171.33,245.89,0.0,0.0,0.0,0.0,0.0,0.0,1.47,0.0,2.64,0.0,8.41,3.48,650.5,0.0,1.69
256553490389888,649.01,28,11.37,628.5,9.14,625.96,230.7,633.22,0.0,0.0,0.0,0.0,0.0,0.0,1.11,0.0,2.1,0.0,14.68,3.57,692.9,0.0,6.12
256553496005130,310.07,28,7.37,294.2,8.49,294.74,175.0,299.68,0.0,0.0,0.0,0.0,0.0,0.0,1.1,0.0,2.44,0.0,14.41,3.65,662.29,0.0,1.89
256553500832747,244.79,28,6.92,230.07,7.79,229.08,180.02,235.19,0.0,0.0,0.0,0.0,0.0,0.0,1.1,0.0,2.18,0.0,9.56,3.47,673.41,0.0,1.8
256553506030787,314.2,28,6.27,300.13,7.8,298.99,188.61,305.06,0.0,0.0,0.0,0.0,0.0,0.0,1.28,0.0,2.43,0.0,19.68,3.54,670.67,0.0,1.21
256553511062739,225.83,28,6.0,213.3,6.53,212.73,175.07,217.87,0.0,0.0,0.0,0.0,0.0,0.0,1.6,0.0,2.58,0.0,8.97,3.65,660.85,0.0,1.43
256553516311096,780.91,28,6.49,715.43,58.99,654.63,247.7,720.12,0.0,0.0,0.0,0.0,0.0,0.0,1.14,0.0,2.21,0.0,8.67,3.48,699.25,0.0,1.79
256553522099392,308.47,28,6.18,294.19,8.11,293.88,174.09,298.88,0.0,0.0,0.0,0.0,0.0,0.0,1.55,0.0,2.81,0.0,8.16,3.58,655.71,0.0,1.49
256553527093253,316.78,28,6.26,302.51,8.01,300.32,183.53,306.79,0.0,0.0,0.0,0.0,0.0,0.0,1.45,0.0,2.45,0.0,9.44,3.5,681.39,0.0,1.82
256553532078975,320.76,28,8.09,305.0,7.67,305.3,185.38,310.88,0.0,0.0,0.0,0.0,0.0,0.0,1.36,0.0,2.64,0.0,25.6,3.48,658.37,0.0,2.2
256553537040649,259.23,28,7.05,244.71,7.47,244.42,180.36,249.9,0.0,0.0,0.0,0.0,0.0,0.0,1.33,0.0,2.44,0.0,15.1,3.53,666.04,0.0,1.86
256553542768910,371.25,28,6.46,307.35,57.44,306.8,200.3,312.45,0.0,0.0,0.0,0.0,0.0,0.0,1.27,0.0,2.34,0.0,19.74,3.53,660.51,0.0,1.35
256553548029984,335.32,28,10.55,317.09,7.69,320.67,189.31,325.86,0.0,0.0,0.0,0.0,0.0,0.0,1.37,0.0,2.75,0.0,30.56,6.02,661.71,0.0,1.78
256553553070469,313.64,28,6.62,298.58,8.43,298.38,181.31,303.6,0.0,0.0,0.0,0.0,0.0,0.0,1.57,0.0,2.58,0.0,14.74,3.53,650.97,0.0,1.6
256553557867587,692.57,28,6.58,678.17,7.82,620.75,193.57,683.41,0.0,0.0,0.0,0.0,0.0,0.0,1.27,0.0,2.39,0.0,9.15,3.51,688.9,0.0,1.34
256553564025363,702.86,28,6.55,687.87,8.43,625.46,199.82,692.72,0.0,0.0,0.0,0.0,0.0,0.0,1.66,0.0,2.63,0.0,10.98,3.57,663.77,0.0,1.71
256553570023954,681.21,28,6.8,665.8,8.61,633.26,210.5,671.04,0.0,0.0,0.0,0.0,0.0,0.0,1.28,0.0,2.71,0.0,8.5,3.44,689.07,0.0,1.56
256553576185516,807.33,28,7.28,744.04,56.01,689.19,238.63,749.47,0.0,0.0,0.0,0.0,0.0,0.0,1.36,0.0,2.44,0.0,15.92,3.53,716.23,0.0,1.85
256553581559697,311.43,28,5.13,298.82,7.47,298.05,178.34,303.02,0.0,0.0,0.0,0.0,0.0,0.0,1.21,0.0,2.25,0.0,8.0,3.52,664.94,0.0,0.93
256553586949086,776.93,28,7.94,708.22,60.77,642.26,201.78,713.68,0.0,0.0,0.0,0.0,0.0,0.0,1.17,0.0,2.62,0.0,10.9,3.57,657.33,0.0,2.46
256553593024518,312.44,28,6.56,298.25,7.62,298.2,183.82,303.35,0.0,0.0,0.0,0.0,0.0,0.0,1.14,0.0,2.27,0.0,9.15,3.48,678.62,0.0,1.47
256553598218740,769.02,28,7.82,707.37,53.83,632.8,220.41,713.35,0.0,0.0,0.0,0.0,0.0,0.0,1.22,0.0,2.54,0.0,31.41,3.52,668.27,0.0,1.75
256553604031359,319.6,28,6.03,305.34,8.23,304.72,168.57,310.21,0.0,0.0,0.0,0.0,0.0,0.0,1.41,0.0,2.59,0.0,9.35,3.48,653.82,0.0,1.16
256553609028351,255.18,28,7.79,238.89,8.5,239.33,177.88,244.67,0.0,0.0,0.0,0.0,0.0,0.0,1.67,0.0,2.66,0.0,10.51,3.5,674.63,0.0,2.01
256553614045321,309.36,28,6.9,294.98,7.48,295.06,172.46,300.32,0.0,0.0,0.0,0.0,0.0,0.0,1.42,0.0,2.72,0.0,12.24,3.5,647.73,0.0,1.56
256553619204451,745.15,28,7.08,687.98,50.09,653.35,226.52,693.04,0.0,0.0,0.0,0.0,0.0,0.0,1.23,0.0,2.2,0.0,9.38,3.54,702.14,0.0,2.02
256553625037799,713.16,28,7.62,695.43,10.11,639.96,202.91,700.93,0.0,0.0,0.0,0.0,0.0,0.0,1.62,0.0,2.76,0.0,27.89,3.51,659.6,0.0,2.11
256553630899395,380.01,28,18.41,291.77,69.84,288.56,186.71,296.89,0.0,0.0,0.0,0.0,0.0,0.0,1.18,0.0,2.11,0.0,8.79,3.48,669.69,0.0,12.81
256553636028797,261.96,28,5.99,248.2,7.77,210.06,177.04,252.78,0.0,0.0,0.0,0.0,0.0,0.0,1.23,0.0,2.67,0.0,7.92,3.42,673.32,0.0,1.41
256553641038988,312.3,28,6.77,296.97,8.55,296.42,176.24,302.46,0.0,0.0,0.0,0.0,0.0,0.0,1.49,0.0,2.48,0.0,8.84,3.51,671.37,0.0,1.28
256553645858881,313.19,28,9.65,297.03,6.51,297.13,179.31,302.9,0.0,0.0,0.0,0.0,0.0,0.0,1.32,0.0,2.33,0.0,17.53,3.54,663.12,0.0,3.78
256553651021778,753.98,28,5.82,739.07,9.08,655.86,199.2,743.3,0.0,0.0,0.0,0.0,0.0,0.0,1.13,0.0,2.23,0.0,8.19,3.51,680.9,0.0,1.59
256553657003569,257.86,28,6.26,243.21,8.4,242.29,179.44,248.37,0.0,0.0,0.0,0.0,0.0,0.0,1.38,0.0,2.62,0.0,10.34,3.51,677.27,0.0,1.1
256553662202979,801.57,28,8.32,734.56,58.7,662.81,268.07,740.62,0.0,0.0,0.0,0.0,0.0,0.0,1.35,0.0,2.59,0.0,107.03,3.74,673.06,0.0,2.25
256553668015210,261.87,28,9.73,244.26,7.88,238.31,173.93,249.81,0.0,0.0,0.0,0.0,0.0,0.0,1.48,0.0,2.76,0.0,9.1,3.44,656.26,0.0,4.18
256553672747036,240.34,28,15.84,217.16,7.34,225.72,181.81,231.42,0.0,0.0,0.0,0.0,0.0,0.0,1.12,0.0,12.4,0.0,17.92,3.57,670.33,0.0,1.58
256553677947372,357.0,28,13.34,294.16,49.51,293.28,185.51,299.04,0.0,0.0,0.0,0.0,0.0,0.0,1.21,0.0,2.42,0.0,20.68,3.51,655.45,0.0,8.38
256553683310482,760.25,28,7.58,695.9,56.77,637.93,245.46,701.7,0.0,0.0,0.0,0.0,0.0,0.0,1.21,0.0,2.54,0.0,80.19,3.54,706.56,0.0,1.66
256553689084589,223.81,28,6.0,210.35,7.45,209.93,176.27,215.04,0.0,0.0,0.0,0.0,0.0,0.0,1.14,0.0,2.24,0.0,18.51,3.53,649.05,0.0,1.31
256553694049356,709.12,28,7.71,692.57,8.83,629.01,223.83,698.18,0.0,0.0,0.0,0.0,0.0,0.0,1.59,0.0,2.79,0.0,19.87,3.6,673.41,0.0,2.1
256553700022030,310.11,28,5.89,296.58,7.64,296.01,180.94,301.43,0.0,0.0,0.0,0.0,0.0,0.0,1.09,0.0,2.19,0.0,15.36,3.58,678.21,0.0,1.04
256553704842270,253.02,28,5.95,239.09,7.99,239.1,175.78,244.07,0.0,0.0,0.0,0.0,0.0,0.0,1.45,0.0,2.38,0.0,8.8,3.48,665.76,0.0,0.96
256553710037821,315.83,28,7.0,301.01,7.81,301.11,172.11,306.21,0.0,0.0,0.0,0.0,0.0,0.0,1.16,0.0,2.25,0.0,8.93,3.46,662.73,0.0,1.8
256553714876767,317.61,28,5.9,304.09,7.62,303.15,177.2,308.46,0.0,0.0,0.0,0.0,0.0,0.0,1.16,0.0,2.31,0.0,11.07,3.45,673.32,0.0,1.53
256553719702647,259.25,28,6.48,244.81,7.96,244.31,172.93,249.39,0.0,0.0,0.0,0.0,0.0,0.0,1.37,0.0,2.5,0.0,7.87,3.46,674.4,0.0,1.89
256553724987066,772.1,28,7.33,738.54,26.23,645.49,222.02,744.61,0.0,0.0,0.0,0.0,0.0,0.0,1.26,0.0,2.56,0.0,13.34,3.57,697.47,0.0,1.26
256553731004849,252.87,28,7.29,236.77,8.8,237.17,176.39,242.32,0.0,0.0,0.0,0.0,0.0,0.0,1.26,0.0,2.39,0.0,15.31,3.58,651.8,0.0,1.74
256553736076008,692.26,28,6.86,677.36,8.03,621.94,360.99,682.52,0.0,0.0,0.0,0.0,0.0,0.0,1.19,0.0,2.35,0.0,158.45,3.47,685.99,0.0,1.7
256553741501606,236.84,28,5.86,223.09,7.9,222.1,176.43,227.18,0.0,0.0,0.0,0.0,0.0,0.0,1.23,0.0,2.35,0.0,8.04,3.44,674.78,0.0,1.77
256553746837702,403.58,28,7.68,340.02,55.87,223.6,186.57,229.52,0.0,0.0,0.0,0.0,0.0,0.0,1.15,0.0,2.12,0.0,28.15,3.47,636.74,0.0,2.09
256553752035328,307.91,28,6.61,293.72,7.58,293.61,178.72,298.75,0.0,0.0,0.0,0.0,0.0,0.0,1.45,0.0,2.68,0.0,10.9,3.58,663.96,0.0,1.58
256553757083177,237.25,28,6.74,222.24,8.26,221.82,178.03,227.36,0.0,0.0,0.0,0.0,0.0,0.0,1.21,0.0,2.25,0.0,12.93,3.52,665.52,0.0,1.62
256553762064094,251.73,28,6.24,237.27,8.22,235.53,179.49,241.88,0.0,0.0,0.0,0.0,0.0,0.0,1.15,0.0,2.22,0.0,9.4,3.42,675.01,0.0,1.62
256553767046264,275.8,28,7.39,259.95,8.47,260.43,183.75,265.45,0.0,0.0,0.0,0.0,0.0,0.0,1.55,0.0,2.61,0.0,12.42,3.63,680.46,0.0,1.88
256553772050200,313.16,28,6.55,298.65,7.96,298.07,168.97,303.32,0.0,0.0,0.0,0.0,0.0,0.0,1.21,0.0,2.6,0.0,10.93,3.52,646.47,0.0,1.88
256553777032450,721.97,28,6.49,706.37,9.12,647.24,239.37,711.24,0.0,0.0,0.0,0.0,0.0,0.0,1.58,0.0,2.71,0.0,8.45,3.52,733.37,0.0,1.62
256553783169415,803.88,28,47.49,698.0,58.38,634.13,216.69,743.47,0.0,0.0,0.0,0.0,0.0,0.0,1.17,0.0,2.45,0.0,49.48,45.03,726.94,0.0,1.97
256553789006614,792.08,28,6.81,774.86,10.41,637.52,231.37,779.99,0.0,0.0,0.0,0.0,0.0,0.0,1.26,0.0,2.41,0.0,8.54,3.57,716.2,0.0,1.68
256553795045277,846.13,28,7.73,782.5,55.91,717.68,221.43,788.22,0.0,0.0,0.0,0.0,0.0,0.0,1.19,0.0,2.23,0.0,23.81,3.49,628.25,0.0,2.01
256553800504946,310.67,28,5.74,297.26,7.67,296.35,180.12,301.63,0.0,0.0,0.0,0.0,0.0,0.0,1.2,0.0,2.25,0.0,12.04,3.55,663.34,0.0,1.37
256553805866325,360.13,28,6.65,302.78,50.71,301.74,187.41,307.62,0.0,0.0,0.0,0.0,0.0,0.0,1.31,0.0,2.41,0.0,20.06,3.46,651.22,0.0,1.76
256553810743451,262.01,28,6.59,248.16,7.26,245.08,174.06,253.5,0.0,0.0,0.0,0.0,0.0,0.0,1.51,0.0,2.7,0.0,10.15,3.56,663.18,0.0,1.25
256553816004847,741.54,28,5.9,725.98,9.67,661.36,209.29,731.0,0.0,0.0,0.0,0.0,0.0,0.0,1.23,0.0,2.38,0.0,14.73,3.56,682.09,0.0,0.88
256553822174428,788.86,28,7.84,729.77,51.25,654.72,223.4,735.53,0.0,0.0,0.0,0.0,0.0,0.0,1.55,0.0,2.63,0.0,15.44,3.52,696.5,0.0,2.08
256553828034933,249.59,28,6.39,236.38,6.82,235.07,172.42,240.95,0.0,0.0,0.0,0.0,0.0,0.0,1.34,0.0,2.63,0.0,8.29,3.5,663.64,0.0,1.73
256553833030382,268.43,28,6.82,254.25,7.36,253.95,184.91,259.4,0.0,0.0,0.0,0.0,0.0,0.0,1.87,0.0,2.87,0.0,8.22,3.5,680.43,0.0,1.5
256553838035356,322.48,28,6.49,308.34,7.65,307.46,174.56,313.19,0.0,0.0,0.0,0.0,0.0,0.0,1.45,0.0,2.79,0.0,8.43,3.6,663.03,0.0,1.63
256553843028838,257.88,28,7.26,243.46,7.17,243.55,177.88,249.02,0.0,0.0,0.0,0.0,0.0,0.0,1.71,0.0,2.84,0.0,17.53,3.59,652.12,0.0,1.64
256553847778442,315.76,28,6.96,300.48,8.32,299.81,178.73,305.52,0.0,0.0,0.0,0.0,0.0,0.0,1.26,0.0,2.42,0.0,18.97,3.56,666.33,0.0,1.92
256553853123366,895.41,28,6.68,827.39,61.34,703.49,218.6,832.02,0.0,0.0,0.0,0.0,0.0,0.0,1.38,0.0,2.36,0.0,18.5,3.51,671.93,0.0,1.98
256553859006590,237.84,28,6.98,223.93,6.94,223.47,177.76,229.19,0.0,0.0,0.0,0.0,0.0,0.0,1.35,0.0,2.5,0.0,9.66,3.52,683.36,0.0,1.72
256553864030787,310.4,28,6.89,296.25,7.26,295.88,174.46,301.66,0.0,0.0,0.0,0.0,0.0,0.0,1.46,0.0,2.67,0.0,9.73,3.48,677.77,0.0,1.47
256553869033411,321.23,28,5.78,308.03,7.41,307.01,172.23,312.47,0.0,0.0,0.0,0.0,0.0,0.0,1.35,0.0,2.77,0.0,9.74,3.45,662.46,0.0,1.33
256553873914386,230.99,28,6.5,217.33,7.17,215.55,178.85,221.89,0.0,0.0,0.0,0.0,0.0,0.0,1.23,0.0,2.3,0.0,11.18,3.48,675.75,0.0,1.93
256553879025936,312.89,28,15.87,288.38,8.65,297.05,172.94,302.2,0.0,0.0,0.0,0.0,0.0,0.0,1.39,0.0,12.95,0.0,11.67,3.56,657.67,0.0,1.99
256553884025002,247.31,28,15.95,223.06,8.3,231.78,182.85,237.53,0.0,0.0,0.0,0.0,0.0,0.0,1.6,0.0,12.61,0.0,15.53,3.5,679.68,0.0,1.48
256553889031182,248.23,28,6.99,233.79,7.46,233.93,173.91,239.25,0.0,0.0,0.0,0.0,0.0,0.0,1.43,0.0,2.5,0.0,14.33,3.46,644.98,0.0,1.53
256553894037148,326.32,28,6.64,303.08,16.61,302.52,176.34,307.87,0.0,0.0,0.0,0.0,0.0,0.0,1.59,0.0,2.59,0.0,9.13,3.5,670.55,0.0,1.77
256553899339052,784.77,28,7.92,717.26,59.59,642.8,204.46,723.19,0.0,0.0,0.0,0.0,0.0,0.0,1.61,0.0,2.75,0.0,15.18,3.48,662.78,0.0,1.89
256553905855908,302.21,28,6.04,237.39,58.79,235.75,170.76,241.49,0.0,0.0,0.0,0.0,0.0,0.0,1.35,0.0,2.45,0.0,9.54,3.47,658.2,0.0,1.56
256553911037049,250.35,28,6.85,235.13,8.37,234.42,174.03,240.08,0.0,0.0,0.0,0.0,0.0,0.0,1.3,0.0,2.53,0.0,11.4,3.52,665.57,0.0,1.44
256553916506858,788.79,28,6.39,724.71,57.68,647.21,193.63,729.09,0.0,0.0,0.0,0.0,0.0,0.0,1.21,0.0,2.7,0.0,10.84,3.49,667.46,0.0,1.81
256553922241100,237.77,28,25.2,205.67,6.9,223.5,192.67,229.3,0.0,0.0,0.0,0.0,0.0,0.0,1.41,0.0,2.46,0.0,28.06,23.15,670.42,0.0,1.56
256553927080853,246.67,28,6.88,231.45,8.33,231.1,176.28,236.75,0.0,0.0,0.0,0.0,0.0,0.0,1.48,0.0,2.44,0.0,8.77,3.48,668.54,0.0,1.58
256553932077359,229.21,28,6.26,215.18,7.76,214.32,176.49,219.61,0.0,0.0,0.0,0.0,0.0,0.0,1.11,0.0,2.28,0.0,8.44,3.44,681.07,0.0,1.67
256553937446808,794.57,28,6.36,730.1,58.1,663.21,200.47,734.5,0.0,0.0,0.0,0.0,0.0,0.0,1.42,0.0,2.4,0.0,8.57,3.49,710.09,0.0,1.81
256553943758508,382.43,28,7.21,318.86,56.36,318.59,227.69,324.18,0.0,0.0,0.0,0.0,0.0,0.0,1.15,0.0,2.42,0.0,69.27,3.52,664.84,0.0,1.89
256553949117057,777.55,28,6.52,710.03,61.0,641.98,203.9,714.56,0.0,0.0,0.0,0.0,0.0,0.0,1.49,0.0,2.54,0.0,9.36,3.52,660.43,0.0,1.96
256553955031710,249.52,28,6.55,235.65,7.31,234.21,174.31,240.55,0.0,0.0,0.0,0.0,0.0,0.0,1.14,0.0,2.31,0.0,12.94,3.74,656.25,0.0,1.66
256553960479917,764.09,28,7.33,698.79,57.96,635.88,230.48,704.08,0.0,0.0,0.0,0.0,0.0,0.0,1.21,0.0,2.46,0.0,28.48,3.49,688.45,0.0,2.04
256553966730419,579.8,28,223.78,298.92,57.1,297.78,181.78,303.84,0.0,0.0,0.0,0.0,0.0,0.0,1.21,0.0,2.27,0.0,16.38,3.56,670.17,0.0,218.67
256553972199939,840.87,28,6.87,781.62,52.38,713.72,220.98,786.67,0.0,0.0,0.0,0.0,0.0,0.0,1.2,0.0,2.2,0.0,19.18,3.54,666.11,0.0,1.72
256553978578499,508.81,28,7.02,442.45,59.34,441.74,220.56,447.23,0.0,0.0,0.0,0.0,0.0,0.0,1.26,0.0,2.55,0.0,8.4,3.53,704.09,0.0,2.12
256553984045741,235.72,28,6.89,220.41,8.41,219.55,170.56,225.15,0.0,0.0,0.0,0.0,0.0,0.0,1.7,0.0,2.72,0.0,8.52,3.57,652.15,0.0,2.07
256553988860037,343.9,28,6.32,330.35,7.23,327.43,170.91,334.91,0.0,0.0,0.0,0.0,0.0,0.0,1.21,0.0,2.28,0.0,10.57,3.51,652.33,0.0,1.77
256553994048694,232.04,28,6.3,217.29,8.45,216.28,178.09,221.97,0.0,0.0,0.0,0.0,0.0,0.0,1.23,0.0,2.42,0.0,11.61,3.46,676.78,0.0,1.62
256553998808797,319.94,28,5.88,306.89,7.16,305.65,169.02,311.64,0.0,0.0,0.0,0.0,0.0,0.0,1.58,0.0,2.79,0.0,9.06,3.51,643.69,0.0,1.13
256554004026251,242.6,28,6.58,226.69,9.32,226.08,194.98,231.6,0.0,0.0,0.0,0.0,0.0,0.0,1.32,0.0,2.6,0.0,21.6,3.52,676.17,0.0,1.68
256554008879577,709.9,28,6.64,695.53,7.73,627.52,191.04,700.49,0.0,0.0,0.0,0.0,0.0,0.0,1.32,0.0,2.41,0.0,9.28,3.59,704.59,0.0,1.65
256554014434089,314.45,28,6.98,300.25,7.22,299.7,191.09,305.54,0.0,0.0,0.0,0.0,0.0,0.0,1.08,0.0,2.33,0.0,25.39,3.47,664.95,0.0,1.69
256554019356386,310.41,28,6.14,296.83,7.44,295.68,178.24,301.5,0.0,0.0,0.0,0.0,0.0,0.0,1.12,0.0,2.23,0.0,10.23,3.52,674.9,0.0,1.48
256554024696782,454.85,28,6.54,397.38,50.94,396.31,206.21,402.13,0.0,0.0,0.0,0.0,0.0,0.0,1.38,0.0,2.42,0.0,8.13,3.52,712.97,0.0,1.63
256554030028277,252.66,28,7.54,236.64,8.48,236.89,172.54,242.22,0.0,0.0,0.0,0.0,0.0,0.0,1.51,0.0,2.75,0.0,16.68,3.52,651.03,0.0,1.95
256554035041121,252.24,28,6.3,238.13,7.81,237.92,179.39,243.35,0.0,0.0,0.0,0.0,0.0,0.0,1.55,0.0,2.65,0.0,9.39,3.5,663.54,0.0,1.08
256554040324218,711.58,28,7.6,645.58,58.39,645.64,226.81,651.31,0.0,0.0,0.0,0.0,0.0,0.0,1.1,0.0,2.18,0.0,81.75,3.55,649.37,0.0,1.87
256554046014245,745.49,28,6.52,730.51,8.46,651.41,224.78,735.19,0.0,0.0,0.0,0.0,0.0,0.0,1.25,0.0,2.28,0.0,20.77,3.48,684.96,0.0,1.75
256554052004866,757.7,28,9.87,695.24,52.59,631.48,215.63,702.73,0.0,0.0,0.0,0.0,0.0,0.0,2.85,0.0,4.27,0.0,11.26,3.56,679.98,0.0,2.04
256554057778212,235.74,28,16.39,211.41,7.93,221.21,193.54,226.42,0.0,0.0,0.0,0.0,0.0,0.0,1.22,0.0,12.53,0.0,37.03,3.53,654.35,0.0,1.24
256554063071043,899.68,28,20.18,716.84,162.66,649.67,211.76,721.37,0.0,0.0,0.0,0.0,0.0,0.0,1.23,0.0,2.33,0.0,22.33,3.65,679.56,0.0,14.3
256554069005375,248.47,28,6.7,232.96,8.81,232.61,175.7,238.28,0.0,0.0,0.0,0.0,0.0,0.0,1.55,0.0,3.0,0.0,9.03,3.52,674.3,0.0,1.38
256554074048811,716.75,28,7.07,700.96,8.72,631.98,191.49,706.12,0.0,0.0,0.0,0.0,0.0,0.0,1.15,0.0,2.33,0.0,12.12,3.56,676.55,0.0,1.91
256554080021402,250.14,28,6.68,236.6,6.86,235.36,170.29,241.47,0.0,0.0,0.0,0.0,0.0,0.0,1.21,0.0,2.17,0.0,8.18,3.84,659.85,0.0,1.7
256554084779225,310.28,28,6.4,297.15,6.73,296.15,176.93,302.22,0.0,0.0,0.0,0.0,0.0,0.0,1.44,0.0,2.57,0.0,13.95,3.46,667.78,0.0,1.34
256554090025076,719.36,28,6.55,704.19,8.62,654.09,252.78,708.94,0.0,0.0,0.0,0.0,0.0,0.0,1.27,0.0,2.21,0.0,14.06,3.49,704.3,0.0,1.61
256554095489225,574.5,28,6.67,559.83,8.0,558.87,219.8,564.77,0.0,0.0,0.0,0.0,0.0,0.0,1.67,0.0,2.84,0.0,8.15,3.46,680.28,0.0,1.73
256554100594835,233.29,28,5.45,220.25,7.59,218.3,173.37,224.11,0.0,0.0,0.0,0.0,0.0,0.0,1.23,0.0,2.5,0.0,10.67,3.47,669.51,0.0,1.59
256554105901138,290.98,28,7.99,223.22,59.77,223.42,172.6,228.99,0.0,0.0,0.0,0.0,0.0,0.0,1.39,0.0,2.56,0.0,11.39,4.12,662.97,0.0,2.22
256554111045221,247.28,28,7.82,229.91,9.54,230.11,175.68,236.11,0.0,0.0,0.0,0.0,0.0,0.0,1.54,0.0,2.73,0.0,18.33,3.46,647.41,0.0,1.63
256554116037085,238.73,28,6.25,226.24,6.24,226.2,180.23,231.45,0.0,0.0,0.0,0.0,0.0,0.0,1.43,0.0,2.56,0.0,10.56,3.41,680.61,0.0,0.95
256554121045504,306.0,28,5.86,291.84,8.3,291.0,176.07,296.5,0.0,0.0,0.0,0.0,0.0,0.0,1.44,0.0,2.51,0.0,8.75,3.57,674.71,0.0,1.2
256554126582218,547.62,28,20.53,468.48,58.6,464.03,228.61,473.65,0.0,0.0,0.0,0.0,0.0,0.0,1.17,0.0,2.41,0.0,29.25,3.56,696.19,0.0,14.72
256554132057299,248.29,28,6.43,233.25,8.61,232.49,171.33,238.1,0.0,0.0,0.0,0.0,0.0,0.0,1.19,0.0,2.28,0.0,8.16,3.5,654.74,0.0,1.58
256554137036270,723.53,28,6.98,706.86,9.69,640.22,269.59,712.36,0.0,0.0,0.0,0.0,0.0,0.0,1.27,0.0,2.39,0.0,19.11,3.58,722.72,0.0,1.48
256554143033562,700.32,28,5.79,686.54,7.98,626.81,236.67,691.25,0.0,0.0,0.0,0.0,0.0,0.0,1.21,0.0,2.37,0.0,9.4,3.48,715.73,0.0,1.08
256554149037752,266.26,28,7.09,250.01,9.15,248.33,177.38,255.27,0.0,0.0,0.0,0.0,0.0,0.0,1.39,0.0,2.54,0.0,8.13,3.51,661.92,0.0,1.78
256554154077449,717.08,28,6.71,702.36,8.01,633.46,202.77,707.49,0.0,0.0,0.0,0.0,0.0,0.0,1.25,0.0,2.35,0.0,11.14,3.5,654.82,0.0,1.56
256554159792900,336.72,28,6.56,323.18,6.98,323.12,211.08,328.11,0.0,0.0,0.0,0.0,0.0,0.0,1.19,0.0,2.27,0.0,11.06,3.56,690.32,0.0,1.63
256554165039437,234.08,28,6.33,219.59,8.16,219.51,183.37,224.68,0.0,0.0,0.0,0.0,0.0,0.0,1.29,0.0,2.49,0.0,22.45,3.59,657.32,0.0,1.25
256554170061170,732.58,28,6.58,716.47,9.53,657.13,222.17,721.2,0.0,0.0,0.0,0.0,0.0,0.0,1.36,0.0,2.52,0.0,7.98,3.46,694.43,0.0,1.84
256554176020644,251.98,28,6.76,237.2,8.02,237.05,174.69,242.51,0.0,0.0,0.0,0.0,0.0,0.0,1.32,0.0,2.51,0.0,12.35,3.62,656.08,0.0,1.45
256554180849565,228.6,28,6.04,214.69,7.88,213.68,177.16,219.45,0.0,0.0,0.0,0.0,0.0,0.0,1.12,0.0,2.34,0.0,8.22,3.54,660.96,0.0,1.27
256554186179636,750.03,28,7.97,685.21,56.85,631.32,208.88,691.07,0.0,0.0,0.0,0.0,0.0,0.0,1.14,0.0,2.31,0.0,25.7,3.6,681.52,0.0,2.07
256554192035531,321.34,28,17.93,296.25,7.15,306.59,182.01,312.47,0.0,0.0,0.0,0.0,0.0,0.0,1.4,0.0,2.71,0.0,22.45,16.44,652.59,0.0,1.72
256554197031017,262.4,28,7.11,247.75,7.55,247.49,177.73,253.38,0.0,0.0,0.0,0.0,0.0,0.0,1.75,0.0,2.89,0.0,13.99,3.5,658.1,0.0,1.46
256554202046161,245.25,28,6.52,231.23,7.5,230.59,173.44,236.27,0.0,0.0,0.0,0.0,0.0,0.0,1.74,0.0,2.86,0.0,8.51,3.42,674.26,0.0,1.48
256554207343737,696.28,28,20.75,622.89,52.64,618.98,223.36,628.1,0.0,0.0,0.0,0.0,0.0,0.0,1.43,0.0,2.4,0.0,13.89,3.48,667.15,0.0,14.87
256554213027710,246.91,28,6.51,231.53,8.87,230.45,180.93,236.11,0.0,0.0,0.0,0.0,0.0,0.0,1.29,0.0,2.49,0.0,7.72,3.41,664.33,0.0,1.93
256554218043295,252.1,28,6.71,236.21,9.17,236.16,182.91,241.32,0.0,0.0,0.0,0.0,0.0,0.0,1.56,0.0,2.67,0.0,10.49,3.5,682.77,0.0,1.59
256554223036599,249.44,28,7.12,234.56,7.75,234.78,177.6,239.83,0.0,0.0,0.0,0.0,0.0,0.0,1.13,0.0,2.36,0.0,17.42,3.54,656.25,0.0,1.85
256554228030415,307.4,28,6.43,292.65,8.32,291.94,169.0,297.77,0.0,0.0,0.0,0.0,0.0,0.0,1.52,0.0,2.6,0.0,8.64,3.48,646.31,0.0,1.31
256554233054976,241.33,28,6.69,225.92,8.71,221.56,166.58,230.91,0.0,0.0,0.0,0.0,0.0,0.0,1.17,0.0,2.44,0.0,27.43,3.59,675.98,0.0,1.71
256554238038433,753.7,28,153.15,590.05,10.5,661.98,235.86,739.7,0.0,0.0,0.0,0.0,0.0,0.0,1.34,0.0,147.78,0.0,25.25,3.54,692.98,0.0,3.5
256554243992308,881.23,28,169.58,697.1,14.56,795.26,208.75,864.5,0.0,0.0,0.0,0.0,0.0,0.0,162.45,0.0,163.64,0.0,74.15,6.13,625.93,0.0,2.17
256554250012247,310.99,28,6.54,295.66,8.79,294.99,172.4,300.51,0.0,0.0,0.0,0.0,0.0,0.0,1.15,0.0,2.12,0.0,10.0,3.46,661.07,0.0,1.69
256554255053450,703.86,28,75.28,619.77,8.81,633.36,252.07,693.45,0.0,0.0,0.0,0.0,0.0,0.0,1.39,0.0,2.59,0.0,78.83,73.68,697.16,0.0,1.6
256554261054235,794.51,28,7.36,729.15,58.01,668.71,228.97,734.57,0.0,0.0,0.0,0.0,0.0,0.0,1.25,0.0,2.75,0.0,15.33,3.42,687.25,0.0,1.92
256554267053137,313.47,28,6.26,300.04,7.17,299.62,172.38,304.88,0.0,0.0,0.0,0.0,0.0,0.0,1.32,0.0,2.42,0.0,8.2,3.45,658.16,0.0,1.41
256554272055786,310.79,28,6.14,297.16,7.48,295.11,170.57,301.86,0.0,0.0,0.0,0.0,0.0,0.0,1.4,0.0,2.46,0.0,9.16,3.56,658.03,0.0,1.4
256554277059734,715.73,28,6.03,696.7,13.0,633.01,236.38,700.94,0.0,0.0,0.0,0.0,0.0,0.0,1.21,0.0,2.33,0.0,14.06,3.45,708.1,0.0,1.78
256554283032269,318.82,28,6.17,304.53,8.12,303.71,176.55,309.22,0.0,0.0,0.0,0.0,0.0,0.0,1.34,0.0,2.31,0.0,8.19,3.49,652.43,0.0,1.48
256554288054927,236.15,28,6.93,220.27,8.95,220.38,171.85,225.56,0.0,0.0,0.0,0.0,0.0,0.0,1.57,0.0,2.61,0.0,12.09,3.48,652.43,0.0,1.64
256554293040393,235.25,28,17.85,209.83,7.57,221.08,185.79,226.01,0.0,0.0,0.0,0.0,0.0,0.0,1.1,0.0,2.31,0.0,23.7,15.44,675.41,0.0,1.67
256554298031407,248.88,28,7.21,233.16,8.51,217.54,175.72,238.31,0.0,0.0,0.0,0.0,0.0,0.0,1.36,0.0,2.46,0.0,11.97,3.57,670.03,0.0,2.06
256554303332215,778.28,28,7.22,725.9,45.16,656.58,225.44,730.77,0.0,0.0,0.0,0.0,0.0,0.0,1.73,0.0,2.77,0.0,15.56,3.5,688.46,0.0,2.24
256554309664959,484.44,28,7.26,422.29,54.88,421.04,195.73,427.27,0.0,0.0,0.0,0.0,0.0,0.0,1.24,0.0,2.59,0.0,8.31,3.5,671.26,0.0,2.24
256554315042279,249.23,28,5.46,235.94,7.82,234.55,175.23,240.43,0.0,0.0,0.0,0.0,0.0,0.0,1.13,0.0,2.27,0.0,9.65,3.55,660.99,0.0,0.98
256554320073118,721.93,28,12.09,701.45,8.39,645.56,228.03,711.9,0.0,0.0,0.0,0.0,0.0,0.0,1.55,0.0,2.63,0.0,33.12,9.02,678.4,0.0,1.63
256554326076571,270.86,28,6.37,255.99,8.49,254.91,166.96,260.22,0.0,0.0,0.0,0.0,0.0,0.0,1.13,0.0,2.39,0.0,8.37,3.44,656.86,0.0,2.15
256554331075665,310.98,28,6.36,297.62,7.0,296.94,171.28,302.43,0.0,0.0,0.0,0.0,0.0,0.0,1.28,0.0,2.33,0.0,8.06,3.48,658.3,0.0,1.55
256554336097818,320.21,28,9.48,303.14,7.59,302.82,176.61,308.67,0.0,0.0,0.0,0.0,0.0,0.0,1.28,0.0,2.41,0.0,12.51,3.5,656.44,0.0,3.95
256554341082080,244.84,28,5.98,231.6,7.27,230.27,173.36,236.17,0.0,0.0,0.0,0.0,0.0,0.0,1.32,0.0,2.38,0.0,10.83,3.52,667.48,0.0,1.41
256554345957990,313.15,28,6.41,298.46,8.28,297.84,174.33,302.68,0.0,0.0,0.0,0.0,0.0,0.0,1.13,0.0,2.23,0.0,7.93,3.46,636.11,0.0,2.19
256554351039646,241.5,28,6.86,225.98,8.67,225.19,175.05,230.94,0.0,0.0,0.0,0.0,0.0,0.0,1.28,0.0,2.38,0.0,11.33,3.41,650.43,0.0,1.9
256554355958279,313.77,28,6.37,297.92,9.49,296.43,174.31,302.38,0.0,0.0,0.0,0.0,0.0,0.0,1.25,0.0,2.41,0.0,10.52,3.39,657.54,0.0,1.9
256554361037641,245.21,28,7.26,231.11,6.83,231.04,173.04,236.66,0.0,0.0,0.0,0.0,0.0,0.0,1.58,0.0,2.77,0.0,10.87,3.48,658.23,0.0,1.71
256554366056298,772.23,28,6.25,755.97,10.02,678.15,233.13,760.82,0.0,0.0,0.0,0.0,0.0,0.0,1.31,0.0,2.49,0.0,8.27,3.45,672.65,0.0,1.39
256554372033038,710.98,28,6.79,695.7,8.5,632.4,205.38,701.01,0.0,0.0,0.0,0.0,0.0,0.0,1.69,0.0,2.87,0.0,26.17,3.55,678.45,0.0,1.47
256554378032035,700.06,28,6.98,685.46,7.62,631.52,195.93,690.84,0.0,0.0,0.0,0.0,0.0,0.0,1.53,0.0,2.88,0.0,8.28,3.56,660.06,0.0,1.6
256554383544802,278.23,28,6.14,263.7,8.39,262.36,180.88,267.88,0.0,0.0,0.0,0.0,0.0,0.0,1.1,0.0,2.19,0.0,8.92,3.44,687.19,0.0,1.96
256554388872436,344.54,28,7.34,285.54,51.66,284.96,273.98,290.54,0.0,0.0,0.0,0.0,0.0,0.0,1.21,0.0,2.34,0.0,104.41,3.54,644.6,0.0,2.23
256554394030259,312.39,28,6.07,298.67,7.65,298.19,182.65,303.37,0.0,0.0,0.0,0.0,0.0,0.0,1.24,0.0,2.39,0.0,14.75,3.57,669.98,0.0,1.19
256554399048832,253.52,28,7.36,236.93,9.23,237.38,173.75,242.8,0.0,0.0,0.0,0.0,0.0,0.0,1.58,0.0,2.81,0.0,12.32,3.5,650.37,0.0,1.23
256554404044205,249.04,28,7.34,233.43,8.27,232.64,173.36,238.78,0.0,0.0,0.0,0.0,0.0,0.0,1.22,0.0,2.55,0.0,13.98,3.54,651.66,0.0,1.78
256554409043003,248.23,28,19.06,220.89,8.27,220.62,180.33,226.58,0.0,0.0,0.0,0.0,0.0,0.0,1.36,0.0,2.46,0.0,17.58,3.56,659.87,0.0,13.38
256554414263337,786.77,28,7.21,721.8,57.77,663.72,211.63,727.16,0.0,0.0,0.0,0.0,0.0,0.0,1.54,0.0,2.68,0.0,23.32,3.65,706.22,0.0,1.8
256554420084644,732.27,28,5.66,717.22,9.39,650.64,219.24,721.59,0.0,0.0,0.0,0.0,0.0,0.0,1.29,0.0,2.36,0.0,8.29,3.5,710.72,0.0,1.25
256554425934002,296.44,28,29.86,214.66,51.92,236.85,180.21,242.07,0.0,0.0,0.0,0.0,0.0,0.0,24.39,0.0,25.6,0.0,10.99,3.49,676.04,0.0,2.44
256554431029876,241.27,28,41.89,191.0,8.38,224.85,207.37,231.65,0.0,0.0,0.0,0.0,0.0,0.0,1.5,0.0,11.92,0.0,40.6,29.61,664.87,0.0,1.25
256554435863007,727.14,28,6.63,712.46,8.05,648.31,219.97,717.03,0.0,0.0,0.0,0.0,0.0,0.0,1.29,0.0,2.46,0.0,8.67,3.44,708.59,0.0,1.98
256554442025937,317.88,28,6.36,303.22,8.3,302.63,172.6,308.04,0.0,0.0,0.0,0.0,0.0,0.0,1.7,0.0,2.85,0.0,8.96,3.42,675.92,0.0,1.47
256554447035910,713.91,28,7.44,698.28,8.18,631.58,224.96,704.18,0.0,0.0,0.0,0.0,0.0,0.0,1.28,0.0,2.35,0.0,22.08,3.55,691.35,0.0,1.54
256554453016854,313.94,28,6.58,298.87,8.49,298.39,180.1,303.87,0.0,0.0,0.0,0.0,0.0,0.0,1.25,0.0,2.4,0.0,20.99,3.48,651.42,0.0,1.58
256554458355255,796.95,28,7.46,733.08,56.41,672.83,219.64,739.02,0.0,0.0,0.0,0.0,0.0,0.0,1.11,0.0,2.26,0.0,14.0,3.68,688.5,0.0,1.51
256554464680292,483.98,28,7.23,423.75,53.0,421.57,218.02,428.99,0.0,0.0,0.0,0.0,0.0,0.0,1.42,0.0,2.57,0.0,13.25,3.54,681.26,0.0,1.85
256554470031044,724.32,28,7.08,705.54,11.7,637.22,221.58,710.6,0.0,0.0,0.0,0.0,0.0,0.0,1.14,0.0,2.37,0.0,16.41,3.48,693.63,0.0,2.02
256554476004872,304.31,28,5.9,290.35,8.07,289.59,170.0,294.93,0.0,0.0,0.0,0.0,0.0,0.0,1.53,0.0,2.52,0.0,8.28,3.55,664.73,0.0,1.32
256554481571100,541.99,28,7.25,474.89,59.85,473.73,213.12,480.13,0.0,0.0,0.0,0.0,0.0,0.0,1.3,0.0,2.4,0.0,22.72,3.53,676.93,0.0,1.99
256554487048426,319.31,28,10.0,301.53,7.77,294.89,172.32,307.59,0.0,0.0,0.0,0.0,0.0,0.0,1.46,0.0,2.55,0.0,13.01,3.53,647.87,0.0,3.92
256554492055121,308.97,28,6.0,295.44,7.54,294.58,172.62,300.03,0.0,0.0,0.0,0.0,0.0,0.0,1.21,0.0,2.27,0.0,8.16,3.46,650.09,0.0,1.4
256554497055934,308.53,28,6.43,293.51,8.59,292.62,173.25,298.44,0.0,0.0,0.0,0.0,0.0,0.0,1.46,0.0,2.54,0.0,11.46,3.39,650.87,0.0,1.46
256554502099018,314.99,28,5.99,300.24,8.77,299.04,173.04,304.83,0.0,0.0,0.0,0.0,0.0,0.0,1.17,0.0,2.5,0.0,8.91,3.46,659.1,0.0,1.39
256554507098536,273.61,28,6.42,259.49,7.71,258.73,168.56,264.47,0.0,0.0,0.0,0.0,0.0,0.0,1.18,0.0,2.28,0.0,9.74,3.58,642.14,0.0,1.44
256554512070129,744.65,28,6.8,728.0,9.85,665.11,233.26,733.21,0.0,0.0,0.0,0.0,0.0,0.0,1.21,0.0,2.33,0.0,10.41,3.52,720.41,0.0,1.55
256554517843243,344.32,28,6.22,330.4,7.71,329.72,174.6,335.18,0.0,0.0,0.0,0.0,0.0,0.0,1.21,0.0,2.41,0.0,10.05,3.54,656.78,0.0,1.44
256554523063107,751.28,28,7.41,733.49,10.38,662.7,225.79,739.03,0.0,0.0,0.0,0.0,0.0,0.0,1.5,0.0,2.47,0.0,8.93,3.63,667.08,0.0,1.87
256554529295184,301.54,28,7.48,236.54,57.51,236.07,183.36,242.13,0.0,0.0,0.0,0.0,0.0,0.0,1.34,0.0,2.5,0.0,16.35,3.58,649.75,0.0,1.84
256554534680811,413.92,28,6.08,306.88,100.97,305.51,167.17,311.88,0.0,0.0,0.0,0.0,0.0,0.0,1.49,0.0,2.69,0.0,8.57,3.62,651.31,0.0,1.05
256554539688246,234.94,28,5.81,220.33,8.8,218.59,179.88,224.4,0.0,0.0,0.0,0.0,0.0,0.0,1.23,0.0,2.35,0.0,8.82,3.53,674.33,0.0,1.73
256554544481586,574.93,28,7.54,558.12,9.27,557.77,214.06,563.72,0.0,0.0,0.0,0.0,0.0,0.0,1.23,0.0,2.33,0.0,12.94,3.65,690.8,0.0,1.89
256554550022792,321.69,28,7.93,306.17,7.59,306.7,179.44,312.21,0.0,0.0,0.0,0.0,0.0,0.0,1.32,0.0,2.57,0.0,17.1,3.56,646.24,0.0,1.89
256554555052758,743.66,28,6.61,727.54,9.5,667.88,192.63,732.44,0.0,0.0,0.0,0.0,0.0,0.0,1.33,0.0,2.55,0.0,9.12,3.58,690.12,0.0,1.71
256554561025452,241.38,28,6.26,227.6,7.52,226.34,171.26,232.27,0.0,0.0,0.0,0.0,0.0,0.0,1.36,0.0,2.6,0.0,8.35,3.56,661.98,0.0,1.59
256554566267908,740.65,28,6.57,676.16,57.92,646.78,204.47,681.02,0.0,0.0,0.0,0.0,0.0,0.0,1.37,0.0,2.52,0.0,8.68,3.55,673.52,0.0,1.68
256554572026513,303.17,28,7.3,288.2,7.66,288.68,178.95,294.02,0.0,0.0,0.0,0.0,0.0,0.0,1.64,0.0,2.78,0.0,13.72,3.44,670.4,0.0,1.49
256554577066007,247.08,28,6.55,232.69,7.84,232.47,181.78,237.56,0.0,0.0,0.0,0.0,0.0,0.0,1.32,0.0,2.56,0.0,10.96,3.58,671.96,0.0,1.69
256554582061249,311.94,28,6.31,298.31,7.32,297.1,172.17,302.81,0.0,0.0,0.0,0.0,0.0,0.0,1.22,0.0,2.4,0.0,8.31,3.5,658.85,0.0,1.79
256554586961671,319.72,28,6.82,303.52,9.38,303.88,170.93,308.74,0.0,0.0,0.0,0.0,0.0,0.0,1.41,0.0,2.46,0.0,8.56,3.48,637.11,0.0,1.6
256554592075204,744.7,28,19.53,716.07,9.1,645.52,230.01,721.03,0.0,0.0,0.0,0.0,0.0,0.0,1.25,0.0,2.41,0.0,23.9,3.52,696.77,0.0,13.6
256554598071354,313.15,28,6.7,298.94,7.52,298.65,190.29,304.23,0.0,0.0,0.0,0.0,0.0,0.0,1.27,0.0,2.55,0.0,30.34,3.52,674.98,0.0,1.41
256554602981990,307.62,28,7.31,292.0,8.31,292.31,184.59,297.5,0.0,0.0,0.0,0.0,0.0,0.0,1.42,0.0,2.5,0.0,14.55,3.63,659.8,0.0,1.79
256554608031130,746.51,28,6.76,732.14,7.6,658.59,251.73,737.34,0.0,0.0,0.0,0.0,0.0,0.0,1.33,0.0,2.73,0.0,63.67,3.65,738.66,0.0,1.56
256554614010448,303.75,28,6.8,289.11,7.83,289.25,182.59,294.62,0.0,0.0,0.0,0.0,0.0,0.0,1.49,0.0,2.75,0.0,25.2,3.54,661.87,0.0,1.3
256554618910632,252.57,28,6.56,238.53,7.48,236.54,183.91,243.09,0.0,0.0,0.0,0.0,0.0,0.0,1.33,0.0,2.53,0.0,10.26,3.47,646.15,0.0,2.0
256554624029207,248.2,28,6.09,234.47,7.64,232.0,174.93,239.25,0.0,0.0,0.0,0.0,0.0,0.0,1.59,0.0,2.74,0.0,8.61,3.56,671.02,0.0,1.3
256554629068128,251.79,28,5.71,236.91,9.17,235.44,177.13,240.89,0.0,0.0,0.0,0.0,0.0,0.0,1.44,0.0,2.6,0.0,9.1,3.4,671.09,0.0,1.72
256554633923715,289.28,28,21.89,259.07,8.32,254.93,184.78,264.04,0.0,0.0,0.0,0.0,0.0,0.0,1.34,0.0,2.36,0.0,11.02,3.48,623.56,0.0,16.41
256554639218185,780.53,28,7.82,711.78,60.92,650.45,243.36,717.47,0.0,0.0,0.0,0.0,0.0,0.0,1.12,0.0,2.22,0.0,85.4,3.46,694.05,0.0,2.14
256554644565534,259.73,28,6.33,245.26,8.14,244.57,174.92,250.1,0.0,0.0,0.0,0.0,0.0,0.0,1.15,0.0,2.25,0.0,9.26,3.51,669.0,0.0,1.49
256554649912513,298.56,28,7.49,232.89,58.18,233.48,173.74,238.37,0.0,0.0,0.0,0.0,0.0,0.0,1.63,0.0,2.85,0.0,8.01,3.46,665.59,0.0,2.01
256554655033516,249.47,28,5.56,235.53,8.38,234.04,174.29,239.9,0.0,0.0,0.0,0.0,0.0,0.0,1.42,0.0,2.72,0.0,9.46,3.52,668.98,0.0,1.18
256554660030130,709.24,28,6.95,693.24,9.05,625.23,200.13,698.28,0.0,0.0,0.0,0.0,0.0,0.0,1.63,0.0,2.88,0.0,8.5,3.5,666.47,0.0,1.75
256554666030091,317.48,28,7.31,302.55,7.62,302.4,179.9,307.98,0.0,0.0,0.0,0.0,0.0,0.0,1.54,0.0,2.93,0.0,10.47,3.52,682.1,0.0,1.78
256554671059551,800.48,28,6.66,786.29,7.53,722.95,217.13,791.12,0.0,0.0,0.0,0.0,0.0,0.0,1.09,0.0,2.19,0.0,10.79,3.51,699.62,0.0,1.84
256554677025326,304.53,28,6.75,290.97,6.82,291.04,175.61,296.34,0.0,0.0,0.0,0.0,0.0,0.0,1.45,0.0,2.6,0.0,12.79,3.56,662.3,0.0,1.38
256554681951747,241.39,28,6.71,226.76,7.92,225.64,178.47,231.69,0.0,0.0,0.0,0.0,0.0,0.0,1.15,0.0,2.53,0.0,8.86,3.46,670.5,0.0,1.78
256554686818808,307.97,28,6.42,294.07,7.48,292.66,175.57,299.19,0.0,0.0,0.0,0.0,0.0,0.0,1.37,0.0,2.5,0.0,8.15,3.48,679.17,0.0,1.3
256554692033179,303.06,28,6.49,288.26,8.31,287.64,172.34,293.1,0.0,0.0,0.0,0.0,0.0,0.0,1.44,0.0,2.61,0.0,9.4,3.51,663.87,0.0,1.65
256554697078454,247.02,28,6.49,232.19,8.34,231.01,179.02,236.86,0.0,0.0,0.0,0.0,0.0,0.0,1.25,0.0,2.38,0.0,8.02,3.43,676.07,0.0,1.82
256554701899975,260.28,28,6.39,246.74,7.15,246.01,173.79,251.8,0.0,0.0,0.0,0.0,0.0,0.0,1.3,0.0,2.4,0.0,11.2,3.46,665.88,0.0,1.32
256554707036246,260.2,28,5.74,246.76,7.7,234.75,173.71,251.22,0.0,0.0,0.0,0.0,0.0,0.0,1.38,0.0,2.37,0.0,10.22,3.55,676.67,0.0,1.28
256554711828564,257.49,28,6.1,245.15,6.24,242.88,176.85,249.77,0.0,0.0,0.0,0.0,0.0,0.0,1.13,0.0,2.17,0.0,11.14,3.75,668.95,0.0,1.48
256554717233343,808.08,28,7.18,747.03,53.86,661.28,227.76,752.15,0.0,0.0,0.0,0.0,0.0,0.0,1.3,0.0,2.31,0.0,20.42,3.52,685.02,0.0,2.06
256554723686799,798.38,28,7.99,735.62,54.77,673.21,226.91,741.28,0.0,0.0,0.0,0.0,0.0,0.0,1.1,0.0,2.16,0.0,23.41,3.55,703.05,0.0,2.28
256554729931469,354.01,28,7.8,297.48,48.73,297.65,176.82,303.25,0.0,0.0,0.0,0.0,0.0,0.0,1.53,0.0,2.84,0.0,17.76,3.49,620.37,0.0,2.01
256554735061223,312.81,28,7.12,297.68,8.0,297.21,173.88,302.62,0.0,0.0,0.0,0.0,0.0,0.0,1.59,0.0,2.77,0.0,10.48,3.54,652.86,0.0,2.19
256554740039792,228.33,28,5.7,214.78,7.85,200.83,172.84,219.38,0.0,0.0,0.0,0.0,0.0,0.0,1.3,0.0,2.45,0.0,12.55,3.59,653.21,0.0,1.1
256554745042536,744.47,28,6.89,727.94,9.63,663.74,219.06,732.66,0.0,0.0,0.0,0.0,0.0,0.0,1.28,0.0,2.43,0.0,8.42,3.48,728.61,0.0,2.17
256554751040071,307.43,28,6.52,292.84,8.07,292.07,181.4,298.05,0.0,0.0,0.0,0.0,0.0,0.0,1.17,0.0,2.65,0.0,8.83,3.51,672.27,0.0,1.31
256554756047346,276.98,28,6.91,260.79,9.28,258.72,171.68,265.68,0.0,0.0,0.0,0.0,0.0,0.0,1.37,0.0,2.42,0.0,8.15,3.54,651.57,0.0,2.0
256554761044216,314.21,28,5.6,300.3,8.31,298.9,175.02,304.85,0.0,0.0,0.0,0.0,0.0,0.0,1.11,0.0,2.35,0.0,11.17,3.44,667.4,0.0,1.05
256554766055246,314.33,28,6.24,300.9,7.19,299.2,177.46,305.6,0.0,0.0,0.0,0.0,0.0,0.0,1.36,0.0,2.48,0.0,12.46,3.58,661.31,0.0,1.53
256554771067922,252.84,28,14.75,230.03,8.06,237.18,184.08,243.34,0.0,0.0,0.0,0.0,0.0,0.0,10.31,0.0,11.62,0.0,21.98,3.52,664.71,0.0,1.44
256554776068020,318.26,28,5.99,304.87,7.4,303.4,181.61,309.62,0.0,0.0,0.0,0.0,0.0,0.0,1.31,0.0,2.56,0.0,15.22,3.51,675.03,0.0,1.24
256554780931146,243.94,28,6.5,229.2,8.24,227.9,174.11,234.07,0.0,0.0,0.0,0.0,0.0,0.0,1.78,0.0,2.83,0.0,8.12,3.51,679.32,0.0,1.63
256554785721347,235.42,28,6.0,221.65,7.76,220.06,178.36,226.17,0.0,0.0,0.0,0.0,0.0,0.0,1.3,0.0,2.35,0.0,11.77,3.56,658.13,0.0,1.49
256554791005003,730.7,28,7.06,714.91,8.73,654.6,225.58,720.62,0.0,0.0,0.0,0.0,0.0,0.0,1.22,0.0,2.5,0.0,77.18,3.53,670.56,0.0,1.34
256554797021163,314.57,28,7.65,299.08,7.84,298.55,176.5,304.51,0.0,0.0,0.0,0.0,0.0,0.0,1.12,0.0,2.28,0.0,12.65,3.51,655.54,0.0,2.21
256554802080038,240.26,28,5.97,225.49,8.8,223.33,178.88,230.04,0.0,0.0,0.0,0.0,0.0,0.0,1.6,0.0,2.53,0.0,10.81,3.5,680.97,0.0,1.43
256554807085108,244.22,28,6.38,230.4,7.44,229.68,174.83,235.41,0.0,0.0,0.0,0.0,0.0,0.0,1.7,0.0,2.77,0.0,10.52,3.56,668.45,0.0,1.37
256554811916344,309.34,28,5.83,293.98,9.53,292.49,173.93,298.87,0.0,0.0,0.0,0.0,0.0,0.0,1.44,0.0,2.5,0.0,8.37,3.55,672.76,0.0,0.94
256554817079168,728.49,28,6.59,712.52,9.37,647.14,208.04,717.23,0.0,0.0,0.0,0.0,0.0,0.0,1.34,0.0,2.58,0.0,12.73,3.5,657.84,0.0,1.89
256554823028808,268.67,28,8.72,250.85,9.11,250.49,181.09,256.03,0.0,0.0,0.0,0.0,0.0,0.0,1.34,0.0,2.38,0.0,19.91,3.51,657.39,0.0,3.54
256554828029639,245.33,28,5.67,231.12,8.54,229.64,173.19,235.42,0.0,0.0,0.0,0.0,0.0,0.0,1.37,0.0,2.51,0.0,9.69,3.48,661.7,0.0,1.37
256554833362825,758.36,28,8.28,698.95,51.13,643.57,232.44,704.97,0.0,0.0,0.0,0.0,0.0,0.0,1.43,0.0,2.59,0.0,12.09,3.45,710.82,0.0,2.24
256554839939577,380.56,28,6.58,315.48,58.5,310.72,180.27,320.21,0.0,0.0,0.0,0.0,0.0,0.0,1.18,0.0,2.38,0.0,18.34,3.57,654.39,0.0,1.84
256554845053543,238.16,28,6.74,224.71,6.71,223.51,179.16,229.82,0.0,0.0,0.0,0.0,0.0,0.0,1.37,0.0,2.29,0.0,7.99,3.46,662.77,0.0,1.63
256554850103708,315.94,28,6.51,299.16,10.27,296.68,177.95,303.82,0.0,0.0,0.0,0.0,0.0,0.0,1.28,0.0,2.26,0.0,9.52,3.49,661.45,0.0,1.85
256554855008518,714.66,28,5.75,699.84,9.07,636.28,233.67,704.1,0.0,0.0,0.0,0.0,0.0,0.0,1.12,0.0,2.3,0.0,8.73,3.52,739.32,0.0,1.4
256554861023974,232.91,28,7.05,216.57,9.28,215.76,177.52,221.46,0.0,0.0,0.0,0.0,0.0,0.0,1.27,0.0,2.6,0.0,22.07,3.6,662.5,0.0,2.17
256554866061822,732.9,28,6.7,714.93,11.27,655.65,249.16,720.43,0.0,0.0,0.0,0.0,0.0,0.0,1.5,0.0,2.64,0.0,19.84,3.48,675.79,0.0,1.2
256554871580921,252.14,28,6.85,238.18,7.1,237.16,168.61,242.93,0.0,0.0,0.0,0.0,0.0,0.0,1.1,0.0,2.37,0.0,9.56,3.47,652.73,0.0,2.1
256554877006936,262.29,28,7.32,246.91,8.05,246.75,181.32,252.5,0.0,0.0,0.0,0.0,0.0,0.0,1.68,0.0,2.71,0.0,10.27,3.57,666.15,0.0,1.74
256554881950396,255.5,28,7.81,240.15,7.54,233.84,180.21,244.64,0.0,0.0,0.0,0.0,0.0,0.0,1.36,0.0,2.43,0.0,10.99,3.52,672.86,0.0,3.32
256554887028331,258.66,28,6.82,243.6,8.24,241.74,171.92,248.85,0.0,0.0,0.0,0.0,0.0,0.0,1.41,0.0,2.46,0.0,9.13,3.48,652.89,0.0,1.57
256554892037088,785.7,28,6.53,768.75,10.41,696.9,221.94,773.55,0.0,0.0,0.0,0.0,0.0,0.0,1.23,0.0,2.53,0.0,27.71,3.48,689.54,0.0,1.73
256554898013228,738.27,28,6.38,723.13,8.76,658.27,182.58,728.01,0.0,0.0,0.0,0.0,0.0,0.0,1.36,0.0,2.55,0.0,11.54,3.47,642.42,0.0,1.5
256554904031388,724.23,28,6.5,708.55,9.18,631.13,225.28,712.94,0.0,0.0,0.0,0.0,0.0,0.0,1.33,0.0,2.47,0.0,8.22,3.44,725.04,0.0,2.12
256554910025259,239.88,28,6.2,225.41,8.27,223.53,172.28,230.12,0.0,0.0,0.0,0.0,0.0,0.0,1.42,0.0,2.56,0.0,13.48,3.43,650.75,0.0,1.48
256554915027473,307.35,28,6.39,292.81,8.15,291.68,171.71,297.58,0.0,0.0,0.0,0.0,0.0,0.0,1.3,0.0,2.54,0.0,9.72,3.43,652.65,0.0,1.58
256554920047105,709.25,28,6.03,695.12,8.1,634.17,209.38,699.64,0.0,0.0,0.0,0.0,0.0,0.0,1.24,0.0,2.42,0.0,16.74,3.56,675.12,0.0,1.51
256554926010041,724.45,28,7.26,708.03,9.16,650.41,224.65,713.38,0.0,0.0,0.0,0.0,0.0,0.0,1.37,0.0,2.62,0.0,11.06,3.48,682.74,0.0,1.91
256554931562154,316.63,28,7.55,301.91,7.18,302.17,192.0,308.2,0.0,0.0,0.0,0.0,0.0,0.0,1.93,0.0,3.07,0.0,33.86,3.49,666.24,0.0,1.24
256554936933998,357.89,28,7.88,303.3,46.71,303.22,196.19,309.1,0.0,0.0,0.0,0.0,0.0,0.0,1.35,0.0,2.42,0.0,16.01,3.4,670.81,0.0,2.06
256554941929894,314.57,28,7.61,299.97,6.99,299.56,178.03,305.93,0.0,0.0,0.0,0.0,0.0,0.0,1.31,0.0,2.6,0.0,15.45,3.52,674.36,0.0,1.66
256554947031746,727.53,28,7.14,710.33,10.06,647.06,204.0,715.39,0.0,0.0,0.0,0.0,0.0,0.0,1.49,0.0,2.59,0.0,14.26,3.48,669.35,0.0,2.0
256554953017700,318.09,28,6.04,302.07,9.97,299.5,175.7,306.54,0.0,0.0,0.0,0.0,0.0,0.0,1.21,0.0,2.22,0.0,12.02,3.5,671.56,0.0,1.56
256554957993597,331.36,28,6.46,314.54,10.36,301.32,178.97,319.84,0.0,0.0,0.0,0.0,0.0,0.0,1.35,0.0,2.45,0.0,15.69,3.61,666.65,0.0,1.16
256554963049863,765.53,28,98.1,657.41,10.02,666.25,201.7,753.52,0.0,0.0,0.0,0.0,0.0,0.0,2.6,0.0,94.32,0.0,10.75,3.55,672.5,0.0,1.97
256554969027271,923.12,28,125.42,786.63,11.08,800.48,214.91,910.36,0.0,0.0,0.0,0.0,0.0,0.0,119.08,0.0,120.22,0.0,15.51,3.52,670.11,0.0,1.69
256554975024649,316.36,28,7.06,300.87,8.43,299.66,174.58,306.19,0.0,0.0,0.0,0.0,0.0,0.0,1.45,0.0,2.49,0.0,9.83,3.37,666.42,0.0,1.75
256554980072918,249.09,28,6.48,234.95,7.67,234.52,178.31,240.18,0.0,0.0,0.0,0.0,0.0,0.0,1.36,0.0,2.6,0.0,8.69,3.42,686.23,0.0,1.24
256554985045736,822.81,28,5.93,807.68,9.2,733.04,195.99,812.73,0.0,0.0,0.0,0.0,0.0,0.0,1.38,0.0,2.67,0.0,9.37,3.53,689.0,0.0,0.89
256554990579204,315.66,28,7.1,299.48,9.07,299.26,179.77,304.9,0.0,0.0,0.0,0.0,0.0,0.0,1.39,0.0,2.7,0.0,14.88,3.54,657.68,0.0,1.69
256554995462541,596.12,28,5.21,582.29,8.62,580.71,226.09,586.67,0.0,0.0,0.0,0.0,0.0,0.0,1.18,0.0,2.25,0.0,8.38,3.61,717.81,0.0,0.83
256555001374182,672.99,28,8.48,601.25,63.26,599.84,255.4,607.49,0.0,0.0,0.0,0.0,0.0,0.0,1.3,0.0,2.56,0.0,86.97,3.69,681.68,0.0,2.24
256555006789391,348.99,28,8.38,332.51,8.09,329.01,205.16,337.73,0.0,0.0,0.0,0.0,0.0,0.0,1.94,0.0,3.13,0.0,15.29,3.6,681.4,0.0,3.12
256555012029668,315.42,28,7.36,300.08,7.98,299.29,179.35,305.57,0.0,0.0,0.0,0.0,0.0,0.0,1.53,0.0,2.85,0.0,9.97,3.46,671.89,0.0,1.87
256555017046457,251.36,28,6.96,236.42,7.97,235.69,177.01,241.66,0.0,0.0,0.0,0.0,0.0,0.0,1.99,0.0,2.92,0.0,10.3,3.61,674.81,0.0,1.72
256555022038983,745.78,28,7.37,729.39,9.02,661.94,208.22,734.85,0.0,0.0,0.0,0.0,0.0,0.0,1.53,0.0,2.77,0.0,10.09,3.51,711.73,0.0,1.91
256555028025328,699.97,28,5.81,685.31,8.85,623.01,245.87,689.74,0.0,0.0,0.0,0.0,0.0,0.0,1.35,0.0,2.41,0.0,11.81,3.63,688.66,0.0,1.38
256555034034802,228.36,28,6.52,214.18,7.67,213.99,180.61,219.57,0.0,0.0,0.0,0.0,0.0,0.0,1.44,0.0,2.88,0.0,11.12,3.44,678.71,0.0,1.06
256555039137304,241.86,28,6.64,227.43,7.8,226.43,172.76,232.74,0.0,0.0,0.0,0.0,0.0,0.0,1.23,0.0,2.67,0.0,10.22,3.54,665.47,0.0,1.33
256555043991646,786.5,28,10.96,765.89,9.65,690.05,232.44,772.7,0.0,0.0,0.0,0.0,0.0,0.0,1.33,0.0,2.77,0.0,25.41,4.67,686.95,0.0,4.06
256555050007093,357.61,28,7.01,343.24,7.35,342.3,335.6,349.2,0.0,0.0,0.0,0.0,0.0,0.0,1.54,0.0,3.17,0.0,8.33,3.44,672.24,0.0,1.06
256555054923577,319.22,28,6.62,304.93,7.67,303.69,181.52,309.67,0.0,0.0,0.0,0.0,0.0,0.0,1.2,0.0,2.49,0.0,8.42,3.44,680.02,0.0,1.85
256555060269583,737.43,28,9.52,668.52,59.39,636.82,215.37,676.45,0.0,0.0,0.0,0.0,0.0,0.0,1.58,0.0,3.03,0.0,52.22,5.46,717.96,0.0,1.59
256555066024654,291.82,28,5.98,257.34,28.5,256.52,164.76,262.26,0.0,0.0,0.0,0.0,0.0,0.0,1.33,0.0,2.51,0.0,8.8,3.62,641.41,0.0,1.06
256555071066546,315.68,28,7.1,300.42,8.16,299.9,185.15,305.88,0.0,0.0,0.0,0.0,0.0,0.0,1.27,0.0,2.45,0.0,14.54,3.54,658.79,0.0,1.64
256555076057030,262.93,28,10.02,244.91,8.0,244.18,184.19,250.73,0.0,0.0,0.0,0.0,0.0,0.0,1.28,0.0,2.73,0.0,20.4,3.58,672.86,0.0,4.2
256555081309354,699.47,28,8.0,640.26,51.21,633.74,235.45,646.73,0.0,0.0,0.0,0.0,0.0,0.0,1.79,0.0,2.87,0.0,31.49,3.94,751.39,0.0,1.49
256555087021354,314.26,28,6.63,299.78,7.84,299.44,168.98,304.87,0.0,0.0,0.0,0.0,0.0,0.0,1.37,0.0,2.56,0.0,7.71,3.42,648.61,0.0,1.54
256555092062056,302.36,28,17.1,276.85,8.41,286.33,165.29,292.32,0.0,0.0,0.0,0.0,0.0,0.0,1.37,0.0,15.26,0.0,8.92,3.43,686.52,0.0,1.63
256555097042962,754.4,28,30.8,714.45,9.16,672.46,257.8,744.04,0.0,0.0,0.0,0.0,0.0,0.0,26.22,0.0,27.79,0.0,29.13,3.47,726.44,0.0,1.2
256555103342230,763.88,28,6.92,707.92,49.04,631.16,191.24,713.2,0.0,0.0,0.0,0.0,0.0,0.0,1.48,0.0,3.02,0.0,11.05,3.45,640.96,0.0,1.55
256555109644926,808.31,28,7.35,744.43,56.53,665.62,221.93,749.79,0.0,0.0,0.0,0.0,0.0,0.0,1.61,0.0,2.81,0.0,21.78,3.6,695.56,0.0,1.74
256555116004819,308.21,28,7.4,292.88,7.92,292.7,174.32,298.31,0.0,0.0,0.0,0.0,0.0,0.0,1.22,0.0,2.55,0.0,7.98,3.41,661.55,0.0,1.98
256555121046225,748.83,28,7.03,732.79,9.0,660.07,185.03,738.05,0.0,0.0,0.0,0.0,0.0,0.0,1.72,0.0,3.02,0.0,8.48,3.51,693.59,0.0,1.77
256555127020738,306.49,28,6.42,293.12,6.95,292.4,174.11,297.84,0.0,0.0,0.0,0.0,0.0,0.0,1.74,0.0,2.81,0.0,10.35,3.56,654.98,0.0,1.7
256555131883421,323.59,28,6.45,309.62,7.52,309.13,176.84,314.79,0.0,0.0,0.0,0.0,0.0,0.0,1.53,0.0,2.93,0.0,9.24,3.44,671.64,0.0,1.27
256555137043165,311.58,28,6.51,298.23,6.84,298.15,177.47,303.65,0.0,0.0,0.0,0.0,0.0,0.0,1.33,0.0,2.45,0.0,13.61,3.54,663.39,0.0,1.08
256555142051574,239.72,28,7.51,223.48,8.73,223.89,176.93,229.24,0.0,0.0,0.0,0.0,0.0,0.0,1.86,0.0,3.07,0.0,13.47,3.51,665.13,0.0,1.75
256555146908086,257.77,28,6.77,241.18,9.81,239.71,188.09,246.27,0.0,0.0,0.0,0.0,0.0,0.0,1.33,0.0,2.65,0.0,11.95,3.47,649.71,0.0,1.69
256555152032132,248.44,28,7.12,233.5,7.82,233.27,176.82,238.77,0.0,0.0,0.0,0.0,0.0,0.0,1.38,0.0,2.68,0.0,8.28,3.46,669.32,0.0,1.85
256555157030577,316.69,28,9.78,297.67,9.24,288.79,171.93,303.21,0.0,0.0,0.0,0.0,0.0,0.0,1.57,0.0,3.02,0.0,11.89,3.49,646.91,0.0,4.23
256555162088120,717.11,28,6.8,701.21,9.11,631.01,232.01,706.28,0.0,0.0,0.0,0.0,0.0,0.0,1.75,0.0,2.98,0.0,20.86,3.6,687.39,0.0,1.62
256555168021483,744.94,28,6.36,729.71,8.87,667.96,222.5,734.76,0.0,0.0,0.0,0.0,0.0,0.0,1.59,0.0,2.92,0.0,8.33,3.51,712.99,0.0,1.31
256555173536998,532.67,28,6.09,517.98,8.6,512.46,223.51,522.6,0.0,0.0,0.0,0.0,0.0,0.0,1.21,0.0,2.53,0.0,12.3,3.54,692.75,0.0,1.44
256555179024344,310.57,28,6.43,296.18,7.97,296.0,177.13,301.35,0.0,0.0,0.0,0.0,0.0,0.0,1.56,0.0,2.74,0.0,8.47,3.48,676.96,0.0,1.24
256555184079241,245.93,28,6.37,230.97,8.59,230.25,181.18,235.92,0.0,0.0,0.0,0.0,0.0,0.0,1.33,0.0,2.7,0.0,14.25,3.52,678.58,0.0,1.42
256555189047238,316.71,28,6.38,302.92,7.4,302.23,172.73,308.16,0.0,0.0,0.0,0.0,0.0,0.0,1.23,0.0,2.29,0.0,10.42,3.58,654.82,0.0,1.15
256555194066671,246.54,28,6.38,231.29,8.87,229.92,172.94,235.95,0.0,0.0,0.0,0.0,0.0,0.0,1.28,0.0,2.44,0.0,8.78,3.46,667.58,0.0,1.73
256555199052282,312.71,28,7.02,298.09,7.61,297.36,170.29,303.11,0.0,0.0,0.0,0.0,0.0,0.0,1.48,0.0,2.85,0.0,8.68,3.45,654.2,0.0,1.99
256555204063241,333.19,28,8.26,316.4,8.52,317.18,170.03,322.8,0.0,0.0,0.0,0.0,0.0,0.0,1.43,0.0,2.91,0.0,19.62,3.48,643.8,0.0,1.87
256555209013617,339.19,28,5.38,324.38,9.43,322.29,177.66,328.4,0.0,0.0,0.0,0.0,0.0,0.0,1.19,0.0,2.64,0.0,8.32,3.4,687.96,0.0,1.35
256555214058527,306.83,28,6.02,292.76,8.05,292.29,172.2,297.57,0.0,0.0,0.0,0.0,0.0,0.0,1.23,0.0,2.5,0.0,7.88,3.51,659.64,0.0,1.21
256555219047424,239.16,28,6.01,225.86,7.29,222.62,170.79,230.4,0.0,0.0,0.0,0.0,0.0,0.0,1.6,0.0,2.55,0.0,11.0,3.49,653.81,0.0,1.48
256555224031183,315.0,28,34.79,272.12,8.09,295.91,180.95,302.41,0.0,0.0,0.0,0.0,0.0,0.0,26.92,0.0,28.5,0.0,64.98,3.44,672.62,0.0,4.51
256555229439451,625.58,28,8.23,565.33,52.02,565.5,195.87,571.47,0.0,0.0,0.0,0.0,0.0,0.0,1.91,0.0,2.97,0.0,8.44,3.52,698.73,0.0,1.96
256555235027489,788.22,28,6.39,769.08,12.75,697.88,212.61,774.2,0.0,0.0,0.0,0.0,0.0,0.0,1.65,0.0,3.12,0.0,8.18,3.43,677.07,0.0,1.27
256555240651083,250.91,28,6.25,236.81,7.85,235.72,170.97,241.87,0.0,0.0,0.0,0.0,0.0,0.0,1.31,0.0,2.73,0.0,10.43,3.52,650.74,0.0,1.19
256555246006845,777.99,28,8.5,709.95,59.54,646.12,255.05,716.39,0.0,0.0,0.0,0.0,0.0,0.0,1.75,0.0,3.41,0.0,158.7,3.6,694.01,0.0,2.05
256555252024509,250.23,28,6.48,236.65,7.1,236.28,176.93,241.56,0.0,0.0,0.0,0.0,0.0,0.0,1.19,0.0,2.61,0.0,12.01,3.58,656.9,0.0,1.57
256555257037739,249.57,28,6.37,235.65,7.55,234.88,173.56,240.37,0.0,0.0,0.0,0.0,0.0,0.0,1.24,0.0,2.37,0.0,10.9,3.58,662.98,0.0,1.65
256555262041741,320.26,28,7.1,305.14,8.02,304.5,180.7,310.31,0.0,0.0,0.0,0.0,0.0,0.0,1.61,0.0,2.7,0.0,9.89,3.57,656.94,0.0,1.93
256555266937555,315.16,28,8.35,298.89,7.92,298.77,185.38,305.59,0.0,0.0,0.0,0.0,0.0,0.0,1.63,0.0,2.95,0.0,30.05,4.44,633.6,0.0,1.45
256555272046221,303.96,28,6.38,289.64,7.94,289.22,179.38,294.5,0.0,0.0,0.0,0.0,0.0,0.0,1.35,0.0,2.47,0.0,11.18,3.51,657.85,0.0,1.34
256555276952331,314.72,28,7.95,298.4,8.37,298.99,174.69,304.5,0.0,0.0,0.0,0.0,0.0,0.0,1.99,0.0,3.5,0.0,13.42,3.58,656.07,0.0,1.61
256555282030750,254.58,28,7.57,238.98,8.02,238.83,176.65,244.8,0.0,0.0,0.0,0.0,0.0,0.0,1.26,0.0,3.05,0.0,8.23,3.6,651.77,0.0,1.63
256555286882471,236.25,28,6.23,222.15,7.87,221.66,173.48,226.99,0.0,0.0,0.0,0.0,0.0,0.0,1.4,0.0,2.79,0.0,9.23,3.47,643.04,0.0,1.39
256555292035856,310.01,28,6.55,295.89,7.57,295.15,172.81,300.74,0.0,0.0,0.0,0.0,0.0,0.0,1.71,0.0,2.85,0.0,10.29,3.42,654.75,0.0,1.7
256555297056526,747.6,28,5.76,731.37,10.47,636.26,203.04,736.14,0.0,0.0,0.0,0.0,0.0,0.0,1.44,0.0,2.53,0.0,8.13,3.55,683.71,0.0,0.99
256555303034909,266.02,28,6.99,250.4,8.63,241.24,177.22,256.06,0.0,0.0,0.0,0.0,0.0,0.0,1.27,0.0,2.92,0.0,15.34,3.5,650.7,0.0,1.33
256555308049845,734.37,28,6.55,716.45,11.37,647.24,240.53,721.25,0.0,0.0,0.0,0.0,0.0,0.0,1.4,0.0,2.62,0.0,8.21,3.5,726.59,0.0,1.75
256555314263651,309.61,28,7.78,238.06,63.77,238.77,177.18,243.72,0.0,0.0,0.0,0.0,0.0,0.0,1.6,0.0,2.58,0.0,17.65,3.81,662.25,0.0,2.09
256555319747429,382.02,28,6.73,319.96,55.33,319.09,213.33,324.68,0.0,0.0,0.0,0.0,0.0,0.0,1.45,0.0,2.49,0.0,8.38,3.77,673.84,0.0,2.01
256555325030228,254.95,28,7.2,238.57,9.19,237.6,180.19,244.06,0.0,0.0,0.0,0.0,0.0,0.0,1.49,0.0,2.93,0.0,10.51,3.49,682.39,0.0,1.7
256555330040546,313.92,28,8.56,295.97,9.38,294.38,179.41,301.56,0.0,0.0,0.0,0.0,0.0,0.0,1.37,0.0,2.48,0.0,12.71,3.45,660.03,0.0,2.98
256555335010663,309.08,28,6.41,294.81,7.87,294.27,171.9,299.92,0.0,0.0,0.0,0.0,0.0,0.0,1.56,0.0,3.1,0.0,9.21,3.5,664.23,0.0,1.29
256555340030816,318.3,28,6.98,303.49,7.83,303.07,175.84,308.4,0.0,0.0,0.0,0.0,0.0,0.0,1.36,0.0,2.72,0.0,8.61,3.43,662.68,0.0,2.06
256555345070744,326.34,28,6.51,310.76,9.06,309.2,176.42,315.85,0.0,0.0,0.0,0.0,0.0,0.0,1.14,0.0,2.58,0.0,9.39,3.6,670.03,0.0,1.43
256555350057884,705.82,28,7.33,690.0,8.5,625.9,197.86,695.71,0.0,0.0,0.0,0.0,0.0,0.0,1.47,0.0,3.04,0.0,9.16,3.47,691.42,0.0,1.61
256555355910705,242.37,28,7.9,226.3,8.16,226.07,177.19,232.3,0.0,0.0,0.0,0.0,0.0,0.0,1.73,0.0,3.23,0.0,13.76,3.52,668.25,0.0,1.9
256555361028455,312.51,28,6.86,296.5,9.15,296.14,175.16,301.71,0.0,0.0,0.0,0.0,0.0,0.0,1.38,0.0,2.75,0.0,8.88,3.59,668.65,0.0,1.66
256555366067171,740.05,28,12.2,718.2,9.65,668.19,217.41,729.4,0.0,0.0,0.0,0.0,0.0,0.0,2.72,0.0,10.23,0.0,8.08,3.43,686.73,0.0,1.0
256555371800895,253.04,28,24.65,221.02,7.37,238.32,179.68,244.54,0.0,0.0,0.0,0.0,0.0,0.0,1.38,0.0,20.85,0.0,16.09,3.56,665.26,0.0,1.12
256555377120501,767.3,28,8.97,708.92,49.41,653.91,252.34,715.96,0.0,0.0,0.0,0.0,0.0,0.0,1.82,0.0,3.47,0.0,22.45,4.66,710.82,0.0,1.93
256555383050168,715.19,28,6.88,697.77,10.55,637.61,211.29,702.8,0.0,0.0,0.0,0.0,0.0,0.0,1.71,0.0,3.17,0.0,8.0,3.48,686.09,0.0,1.85
256555388832303,255.03,28,7.94,240.05,7.03,240.99,179.4,246.34,0.0,0.0,0.0,0.0,0.0,0.0,1.11,0.0,2.78,0.0,14.33,3.51,671.13,0.0,1.65
256555394024871,746.15,28,7.76,727.32,11.08,636.88,220.55,733.27,0.0,0.0,0.0,0.0,0.0,0.0,1.32,0.0,3.02,0.0,17.09,3.58,701.15,0.0,1.81
256555400022659,231.73,28,7.64,215.67,8.42,216.2,171.49,221.81,0.0,0.0,0.0,0.0,0.0,0.0,1.71,0.0,3.41,0.0,10.64,3.79,650.39,0.0,1.5
256555405029290,311.52,28,6.03,297.71,7.78,296.65,171.88,302.2,0.0,0.0,0.0,0.0,0.0,0.0,1.25,0.0,2.59,0.0,8.91,3.47,654.09,0.0,1.55
256555410053997,233.38,28,7.07,217.44,8.87,217.77,178.89,223.07,0.0,0.0,0.0,0.0,0.0,0.0,1.57,0.0,2.9,0.0,14.81,3.49,662.32,0.0,1.44
256555415032230,240.0,28,7.09,224.46,8.45,224.35,177.2,230.06,0.0,0.0,0.0,0.0,0.0,0.0,1.47,0.0,2.76,0.0,12.79,3.59,671.22,0.0,1.48
256555420420684,774.93,28,7.75,710.71,56.48,635.41,191.9,716.68,0.0,0.0,0.0,0.0,0.0,0.0,1.5,0.0,2.66,0.0,12.88,3.51,684.26,0.0,1.76
256555426900491,362.91,28,7.21,292.69,63.0,292.63,194.17,298.1,0.0,0.0,0.0,0.0,0.0,0.0,1.45,0.0,2.89,0.0,25.58,3.59,655.87,0.0,1.8
256555432358574,778.75,28,6.98,709.34,62.43,643.94,224.15,714.44,0.0,0.0,0.0,0.0,0.0,0.0,1.39,0.0,2.41,0.0,15.03,3.52,674.38,0.0,1.81
256555438685211,434.63,28,8.29,367.08,59.26,368.13,210.0,373.56,0.0,0.0,0.0,0.0,0.0,0.0,1.46,0.0,2.95,0.0,23.53,3.81,687.61,0.0,1.81
256555444027836,727.13,28,7.11,709.57,10.45,637.7,216.47,714.99,0.0,0.0,0.0,0.0,0.0,0.0,1.37,0.0,2.56,0.0,34.74,3.54,662.36,0.0,1.7
256555449962693,763.25,28,7.54,693.58,62.13,636.15,228.54,699.53,0.0,0.0,0.0,0.0,0.0,0.0,1.22,0.0,2.68,0.0,17.51,3.94,693.06,0.0,1.58
256555456023819,713.24,28,7.05,696.96,9.23,625.22,199.06,702.28,0.0,0.0,0.0,0.0,0.0,0.0,1.31,0.0,2.67,0.0,8.77,3.48,689.21,0.0,1.73
256555461569930,310.08,28,6.57,296.59,6.92,296.12,172.22,301.59,0.0,0.0,0.0,0.0,0.0,0.0,1.15,0.0,2.27,0.0,10.25,3.54,656.18,0.0,1.57
256555466943841,822.9,28,22.35,735.62,64.92,659.35,235.27,742.76,0.0,0.0,0.0,0.0,0.0,0.0,1.26,0.0,2.48,0.0,59.09,5.03,661.41,0.0,14.96
256555473030088,313.58,28,7.84,298.05,7.69,298.36,172.58,303.74,0.0,0.0,0.0,0.0,0.0,0.0,1.59,0.0,2.95,0.0,11.18,3.52,642.81,0.0,2.15
256555478074163,737.82,28,6.43,723.32,8.07,659.54,192.58,728.18,0.0,0.0,0.0,0.0,0.0,0.0,1.71,0.0,2.68,0.0,9.29,3.58,670.84,0.0,1.42
256555484029240,238.86,28,6.03,224.48,8.36,223.37,173.54,229.13,0.0,0.0,0.0,0.0,0.0,0.0,1.32,0.0,2.63,0.0,8.16,3.41,662.83,0.0,1.38
256555489045912,252.18,28,9.65,235.34,7.19,234.33,176.25,240.88,0.0,0.0,0.0,0.0,0.0,0.0,1.15,0.0,2.41,0.0,9.7,3.47,665.77,0.0,4.11
256555494030866,271.19,28,5.48,257.7,8.01,254.44,174.89,262.17,0.0,0.0,0.0,0.0,0.0,0.0,1.32,0.0,2.61,0.0,15.8,3.48,661.39,0.0,1.01
256555499469608,767.78,28,7.79,699.54,60.45,638.86,222.59,705.54,0.0,0.0,0.0,0.0,0.0,0.0,1.5,0.0,2.88,0.0,17.52,3.57,671.21,0.0,1.79
256555505761344,377.59,28,20.67,299.74,57.17,295.83,182.18,305.54,0.0,0.0,0.0,0.0,0.0,0.0,1.39,0.0,2.65,0.0,14.13,3.51,635.05,0.0,14.51
256555510770454,252.29,28,5.46,239.64,7.2,238.56,171.12,244.13,0.0,0.0,0.0,0.0,0.0,0.0,1.16,0.0,2.41,0.0,8.07,3.59,662.11,0.0,0.97
256555516024175,758.87,28,35.63,715.11,8.12,670.52,222.18,748.76,0.0,0.0,0.0,0.0,0.0,0.0,1.24,0.0,2.65,0.0,39.33,33.85,676.89,0.0,1.99
256555521616120,239.34,28,6.34,224.64,8.36,223.99,179.0,229.6,0.0,0.0,0.0,0.0,0.0,0.0,1.39,0.0,2.72,0.0,10.25,3.45,673.0,0.0,1.38
256555526937088,848.52,28,7.87,792.17,48.48,722.59,215.85,798.2,0.0,0.0,0.0,0.0,0.0,0.0,1.33,0.0,2.81,0.0,8.03,3.49,675.47,0.0,1.84
256555533038507,246.44,28,6.86,231.31,8.27,230.49,178.39,236.27,0.0,0.0,0.0,0.0,0.0,0.0,1.39,0.0,2.85,0.0,8.4,3.44,670.22,0.0,1.9
256555538032816,229.56,28,7.07,214.57,7.93,214.62,172.56,220.08,0.0,0.0,0.0,0.0,0.0,0.0,1.18,0.0,2.73,0.0,17.41,3.54,649.13,0.0,1.55
256555543028898,310.44,28,6.7,295.47,8.27,295.15,180.99,300.59,0.0,0.0,0.0,0.0,0.0,0.0,1.72,0.0,2.77,0.0,10.11,3.61,667.66,0.0,1.58
256555548062657,728.07,28,6.92,712.42,8.72,654.19,190.07,717.62,0.0,0.0,0.0,0.0,0.0,0.0,1.64,0.0,2.69,0.0,23.5,3.63,675.94,0.0,1.72
256555554032282,252.18,28,6.48,238.24,7.46,237.53,168.86,243.43,0.0,0.0,0.0,0.0,0.0,0.0,1.49,0.0,3.12,0.0,8.89,3.52,655.56,0.0,1.29
256555559047942,238.55,28,6.81,225.2,6.54,224.89,177.49,230.43,0.0,0.0,0.0,0.0,0.0,0.0,1.25,0.0,2.74,0.0,18.51,3.48,656.53,0.0,1.58
256555564054431,253.16,28,7.05,237.67,8.44,237.88,181.28,243.42,0.0,0.0,0.0,0.0,0.0,0.0,1.45,0.0,2.96,0.0,14.89,3.47,665.1,0.0,1.3
256555569042546,315.61,28,6.9,300.9,7.8,301.37,172.22,306.71,0.0,0.0,0.0,0.0,0.0,0.0,1.29,0.0,2.72,0.0,10.55,3.47,654.8,0.0,1.09
256555574063500,736.16,28,6.18,721.55,8.43,643.05,222.8,726.0,0.0,0.0,0.0,0.0,0.0,0.0,1.56,0.0,2.67,0.0,16.24,3.46,662.71,0.0,1.72
256555580017142,719.9,28,42.6,666.24,11.06,630.23,222.21,706.98,0.0,0.0,0.0,0.0,0.0,0.0,1.35,0.0,2.49,0.0,52.89,41.32,693.22,0.0,1.86
256555585648030,237.54,28,7.38,221.46,8.69,221.16,175.09,227.06,0.0,0.0,0.0,0.0,0.0,0.0,1.23,0.0,2.57,0.0,10.02,3.55,661.93,0.0,1.79
256555591004806,243.85,28,6.65,228.74,8.46,228.7,183.46,233.96,0.0,0.0,0.0,0.0,0.0,0.0,1.29,0.0,2.38,0.0,16.54,3.49,657.13,0.0,1.43
256555595939589,233.77,28,6.39,218.97,8.41,217.5,175.0,223.57,0.0,0.0,0.0,0.0,0.0,0.0,1.31,0.0,2.54,0.0,10.07,3.54,658.42,0.0,1.79
256555601041307,1449.2,28,6.91,1127.91,314.38,1082.14,183.58,1133.78,0.0,0.0,0.0,0.0,0.0,0.0,1.69,0.0,3.04,0.0,25.48,3.65,652.8,0.0,1.04
256555608019447,249.64,28,7.07,235.44,7.13,234.97,177.12,240.76,0.0,0.0,0.0,0.0,0.0,0.0,1.23,0.0,2.49,0.0,13.16,3.54,657.02,0.0,1.75
256555613038779,307.56,28,6.33,292.19,9.04,290.93,173.83,297.31,0.0,0.0,0.0,0.0,0.0,0.0,1.24,0.0,2.69,0.0,9.36,3.56,672.7,0.0,1.22
256555618083114,248.87,28,6.39,234.7,7.78,233.36,170.41,239.69,0.0,0.0,0.0,0.0,0.0,0.0,1.08,0.0,2.38,0.0,8.56,3.55,658.12,0.0,1.39
256555623102603,258.03,28,7.06,244.04,6.93,243.83,168.81,249.77,0.0,0.0,0.0,0.0,0.0,0.0,1.52,0.0,2.89,0.0,8.97,3.5,644.7,0.0,1.33
256555628031030,247.56,28,6.53,233.42,7.61,233.5,181.38,238.63,0.0,0.0,0.0,0.0,0.0,0.0,1.32,0.0,2.61,0.0,7.97,3.43,685.67,0.0,1.32
256555633049496,745.49,28,7.8,729.23,8.47,668.06,220.72,735.12,0.0,0.0,0.0,0.0,0.0,0.0,1.51,0.0,3.03,0.0,11.44,3.8,693.3,0.0,1.91
256555639023886,236.11,28,6.67,220.8,8.65,220.45,182.42,225.79,0.0,0.0,0.0,0.0,0.0,0.0,1.22,0.0,2.71,0.0,11.57,3.51,668.71,0.0,1.68
256555644038494,243.97,28,13.97,221.8,8.19,228.32,180.81,234.18,0.0,0.0,0.0,0.0,0.0,0.0,2.14,0.0,3.55,0.0,15.96,10.39,665.36,0.0,1.6
256555649066832,321.88,28,9.79,304.18,7.9,302.37,175.33,309.65,0.0,0.0,0.0,0.0,0.0,0.0,1.35,0.0,2.77,0.0,13.97,3.54,659.8,0.0,4.22
256555654081515,227.86,28,5.86,212.13,9.87,211.81,177.0,216.97,0.0,0.0,0.0,0.0,0.0,0.0,1.18,0.0,2.53,0.0,10.02,3.47,676.88,0.0,0.98
256555659058270,324.52,28,7.08,309.62,7.82,309.63,175.56,315.0,0.0,0.0,0.0,0.0,0.0,0.0,1.37,0.0,2.67,0.0,20.28,3.51,653.16,0.0,1.7
256555663964340,311.46,28,6.41,296.48,8.58,292.96,173.46,301.85,0.0,0.0,0.0,0.0,0.0,0.0,1.39,0.0,2.95,0.0,16.84,3.44,657.67,0.0,1.01
256555668951624,315.94,28,5.88,302.28,7.78,301.37,171.06,307.13,0.0,0.0,0.0,0.0,0.0,0.0,1.49,0.0,2.46,0.0,8.23,3.48,662.74,0.0,1.02
256555674037142,724.3,28,6.54,706.42,11.34,639.44,206.82,711.46,0.0,0.0,0.0,0.0,0.0,0.0,1.44,0.0,2.73,0.0,11.76,3.6,644.53,0.0,1.51
256555680099749,245.72,28,6.17,232.6,6.96,231.5,172.04,237.4,0.0,0.0,0.0,0.0,0.0,0.0,1.49,0.0,2.7,0.0,8.84,3.38,669.81,0.0,1.36
256555685034068,259.49,28,7.13,243.9,8.46,242.8,174.39,249.46,0.0,0.0,0.0,0.0,0.0,0.0,1.23,0.0,2.83,0.0,7.95,3.43,659.52,0.0,1.57
256555690059076,805.94,28,6.71,787.08,12.16,718.29,240.71,792.58,0.0,0.0,0.0,0.0,0.0,0.0,1.28,0.0,2.53,0.0,8.99,3.51,722.09,0.0,1.2
256555696011285,760.28,28,6.55,745.28,8.45,668.0,213.16,750.12,0.0,0.0,0.0,0.0,0.0,0.0,1.5,0.0,2.72,0.0,9.24,3.69,700.92,0.0,1.71
256555702048674,758.59,28,6.48,742.68,9.43,674.16,203.74,747.65,0.0,0.0,0.0,0.0,0.0,0.0,1.32,0.0,2.46,0.0,8.39,3.53,689.46,0.0,1.51
256555708025828,307.54,28,7.43,292.15,7.96,291.2,174.56,297.76,0.0,0.0,0.0,0.0,0.0,0.0,1.68,0.0,2.76,0.0,9.03,3.59,666.42,0.0,1.79
256555713071711,253.34,28,9.18,236.92,7.25,236.12,178.51,241.99,0.0,0.0,0.0,0.0,0.0,0.0,1.53,0.0,2.98,0.0,10.53,3.45,666.65,0.0,3.75
256555718044750,232.23,28,5.9,219.37,6.96,217.65,170.97,223.78,0.0,0.0,0.0,0.0,0.0,0.0,1.37,0.0,2.59,0.0,8.57,3.46,648.66,0.0,1.46
256555723033814,245.5,28,10.59,226.26,8.65,226.72,172.08,232.53,0.0,0.0,0.0,0.0,0.0,0.0,1.51,0.0,2.77,0.0,13.5,3.57,639.35,0.0,4.32
256555728043732,248.42,28,10.48,229.65,8.29,233.51,171.3,238.71,0.0,0.0,0.0,0.0,0.0,0.0,1.16,0.0,8.12,0.0,9.54,3.55,666.86,0.0,1.42
256555733034803,771.35,28,11.97,749.76,9.62,689.75,216.09,760.0,0.0,0.0,0.0,0.0,0.0,0.0,1.92,0.0,7.67,0.0,24.93,3.5,653.84,0.0,1.7
256555739032770,747.48,28,6.8,725.48,15.2,661.64,207.86,730.32,0.0,0.0,0.0,0.0,0.0,0.0,1.31,0.0,2.88,0.0,16.06,3.49,674.34,0.0,1.96
256555744569772,263.86,28,7.88,246.88,9.1,246.82,175.62,253.0,0.0,0.0,0.0,0.0,0.0,0.0,1.66,0.0,3.22,0.0,16.54,3.52,662.81,0.0,1.76
256555749861183,830.42,28,6.99,770.05,53.38,694.13,199.34,775.2,0.0,0.0,0.0,0.0,0.0,0.0,1.2,0.0,2.67,0.0,13.59,3.48,678.84,0.0,1.81
256555755633460,316.18,28,6.87,300.63,8.68,299.94,176.11,305.94,0.0,0.0,0.0,0.0,0.0,0.0,1.69,0.0,2.73,0.0,10.45,3.45,650.41,0.0,1.53
256555761004745,231.42,28,6.91,215.16,9.35,214.69,177.82,220.34,0.0,0.0,0.0,0.0,0.0,0.0,1.58,0.0,3.07,0.0,9.93,3.42,674.71,0.0,1.73
256555766039203,707.94,28,7.04,690.49,10.41,629.95,211.68,696.12,0.0,0.0,0.0,0.0,0.0,0.0,1.4,0.0,3.01,0.0,8.28,3.44,711.24,0.0,1.32
256555772005730,244.07,28,6.36,229.36,8.35,228.58,175.85,234.26,0.0,0.0,0.0,0.0,0.0,0.0,1.11,0.0,2.86,0.0,8.19,3.46,665.27,0.0,1.46
256555777052388,709.25,28,7.24,691.49,10.52,628.47,193.33,696.29,0.0,0.0,0.0,0.0,0.0,0.0,1.25,0.0,2.59,0.0,9.19,3.58,691.97,0.0,2.4
256555783034866,801.34,28,7.47,783.5,10.37,709.86,210.75,789.1,0.0,0.0,0.0,0.0,0.0,0.0,1.38,0.0,2.65,0.0,18.37,3.61,662.41,0.0,1.85
256555788957300,239.18,28,6.95,224.18,8.04,224.2,177.72,229.54,0.0,0.0,0.0,0.0,0.0,0.0,1.21,0.0,2.55,0.0,8.83,3.46,655.57,0.0,1.6
256555794151857,793.63,28,7.93,729.02,56.67,669.71,212.35,735.06,0.0,0.0,0.0,0.0,0.0,0.0,1.78,0.0,3.31,0.0,25.02,3.49,657.41,0.0,1.88
256555800030104,307.94,28,6.27,293.31,8.36,291.08,177.48,297.6,0.0,0.0,0.0,0.0,0.0,0.0,1.34,0.0,2.48,0.0,9.27,3.54,669.0,0.0,1.98
256555804916949,325.57,28,7.51,309.12,8.94,309.06,177.41,314.64,0.0,0.0,0.0,0.0,0.0,0.0,1.29,0.0,2.37,0.0,11.54,3.59,674.76,0.0,1.99
256555809927969,264.76,28,7.26,248.04,9.46,247.95,174.46,253.73,0.0,0.0,0.0,0.0,0.0,0.0,1.91,0.0,2.88,0.0,14.04,3.48,651.48,0.0,1.57
256555814773409,254.61,28,7.06,238.73,8.82,237.36,170.82,244.0,0.0,0.0,0.0,0.0,0.0,0.0,1.65,0.0,2.85,0.0,10.72,3.61,648.5,0.0,1.79
256555820026468,274.08,28,22.54,242.91,8.63,240.01,192.95,248.77,0.0,0.0,0.0,0.0,0.0,0.0,1.49,0.0,2.63,0.0,9.73,4.96,647.31,0.0,15.91
256555825037041,311.09,28,6.11,298.66,6.33,298.22,173.57,303.6,0.0,0.0,0.0,0.0,0.0,0.0,1.57,0.0,2.96,0.0,8.49,3.53,656.12,0.0,1.17
256555830063412,726.87,28,6.3,711.64,8.92,654.73,201.33,716.49,0.0,0.0,0.0,0.0,0.0,0.0,1.22,0.0,2.52,0.0,8.84,3.5,663.26,0.0,1.46
256555836006677,315.32,28,6.64,300.2,8.48,300.1,178.19,305.53,0.0,0.0,0.0,0.0,0.0,0.0,1.52,0.0,3.07,0.0,10.36,3.46,663.58,0.0,1.32
256555841052293,229.46,28,7.2,213.34,8.93,211.86,183.9,218.73,0.0,0.0,0.0,0.0,0.0,0.0,1.79,0.0,3.13,0.0,15.92,3.6,666.3,0.0,1.81
256555846031292,237.66,28,7.24,221.42,9.0,220.99,173.57,226.78,0.0,0.0,0.0,0.0,0.0,0.0,1.28,0.0,2.75,0.0,8.32,3.41,664.18,0.0,1.85
256555851029518,309.94,28,6.04,295.19,8.71,294.62,171.97,300.09,0.0,0.0,0.0,0.0,0.0,0.0,1.55,0.0,3.03,0.0,8.06,3.44,661.01,0.0,1.14
256555856051363,715.21,28,7.16,700.64,7.41,640.65,246.3,706.67,0.0,0.0,0.0,0.0,0.0,0.0,1.67,0.0,3.21,0.0,15.52,3.45,700.24,0.0,1.13
256555862024402,321.2,28,7.92,304.61,8.67,304.52,178.2,310.93,0.0,0.0,0.0,0.0,0.0,0.0,1.43,0.0,2.62,0.0,20.9,3.7,657.94,0.0,1.6
256555866983293,318.0,28,6.13,302.45,9.43,300.81,181.52,307.38,0.0,0.0,0.0,0.0,0.0,0.0,1.31,0.0,2.61,0.0,9.47,3.61,667.71,0.0,1.2
256555872042051,325.03,28,6.17,310.31,8.54,308.43,179.92,314.93,0.0,0.0,0.0,0.0,0.0,0.0,1.33,0.0,2.64,0.0,8.83,3.53,675.05,0.0,1.55
256555877052819,315.29,28,6.84,299.82,8.62,298.71,171.06,305.12,0.0,0.0,0.0,0.0,0.0,0.0,1.57,0.0,2.98,0.0,9.67,3.54,660.64,0.0,1.55
256555882078537,310.69,28,5.84,296.35,8.5,295.48,180.15,301.11,0.0,0.0,0.0,0.0,0.0,0.0,1.51,0.0,2.77,0.0,9.96,3.55,680.44,0.0,1.08
256555887051636,725.04,28,21.16,694.45,9.44,633.93,208.28,701.35,0.0,0.0,0.0,0.0,0.0,0.0,1.5,0.0,2.57,0.0,49.1,4.49,661.58,0.0,14.1
256555893023210,708.18,28,5.96,693.61,8.62,631.84,204.71,698.17,0.0,0.0,0.0,0.0,0.0,0.0,1.22,0.0,2.72,0.0,10.7,3.61,682.05,0.0,1.4
256555898606002,511.61,28,13.33,489.85,8.42,485.77,212.89,495.3,0.0,0.0,0.0,0.0,0.0,0.0,1.12,0.0,2.14,0.0,12.41,3.52,683.38,0.0,7.67
256555904034306,314.35,28,7.58,297.97,8.8,297.46,175.49,303.64,0.0,0.0,0.0,0.0,0.0,0.0,1.49,0.0,3.1,0.0,14.48,3.41,664.14,0.0,1.86
256555909006031,238.41,28,6.52,223.61,8.29,222.68,174.89,228.74,0.0,0.0,0.0,0.0,0.0,0.0,1.34,0.0,2.84,0.0,7.69,3.5,657.07,0.0,1.38
256555914034034,311.14,28,6.42,296.61,8.12,295.86,179.33,301.95,0.0,0.0,0.0,0.0,0.0,0.0,1.24,0.0,2.69,0.0,8.14,3.46,676.66,0.0,1.07
256555919045379,315.37,28,6.63,300.42,8.33,293.36,176.03,305.32,0.0,0.0,0.0,0.0,0.0,0.0,1.38,0.0,2.51,0.0,8.3,3.44,665.5,0.0,1.72
256555924076938,320.47,28,6.57,299.39,14.52,298.17,168.86,304.54,0.0,0.0,0.0,0.0,0.0,0.0,1.29,0.0,2.74,0.0,9.53,3.6,658.57,0.0,1.27
256555929071742,730.3,28,7.8,712.87,9.62,636.21,219.61,719.7,0.0,0.0,0.0,0.0,0.0,0.0,2.01,0.0,3.63,0.0,9.29,4.5,710.16,0.0,0.97
256555935041991,312.19,28,7.98,296.45,7.75,295.77,176.81,303.02,0.0,0.0,0.0,0.0,0.0,0.0,1.61,0.0,3.11,0.0,13.14,3.47,661.71,0.0,1.42
256555939974133,321.79,28,6.54,306.9,8.34,306.44,179.84,312.49,0.0,0.0,0.0,0.0,0.0,0.0,1.46,0.0,2.93,0.0,11.16,3.54,665.39,0.0,0.95
256555945079314,239.94,28,7.6,223.06,9.29,222.75,175.29,228.69,0.0,0.0,0.0,0.0,0.0,0.0,1.61,0.0,2.82,0.0,14.35,3.51,652.14,0.0,1.97
256555950034911,686.77,28,7.99,668.52,10.26,629.94,207.19,674.32,0.0,0.0,0.0,0.0,0.0,0.0,1.7,0.0,2.94,0.0,17.79,3.71,710.14,0.0,1.97
256555956037792,728.16,28,7.47,707.03,13.65,638.72,243.62,712.66,0.0,0.0,0.0,0.0,0.0,0.0,1.33,0.0,2.83,0.0,101.06,3.41,664.58,0.0,1.82
256555962023149,235.35,28,6.35,220.07,8.92,219.06,168.85,224.92,0.0,0.0,0.0,0.0,0.0,0.0,1.5,0.0,2.87,0.0,9.74,3.48,644.95,0.0,1.51
256555967049380,310.19,28,6.72,295.73,7.75,294.99,179.65,300.82,0.0,0.0,0.0,0.0,0.0,0.0,1.56,0.0,3.11,0.0,14.4,3.53,660.73,0.0,1.63
256555972040190,728.31,28,5.87,712.83,9.61,634.67,233.87,717.4,0.0,0.0,0.0,0.0,0.0,0.0,1.43,0.0,2.89,0.0,10.58,3.54,723.57,0.0,1.3
256555977860449,332.44,28,7.32,317.3,7.81,317.64,198.03,323.19,0.0,0.0,0.0,0.0,0.0,0.0,1.49,0.0,2.86,0.0,45.91,4.2,646.41,0.0,1.44
256555982779382,372.93,28,7.48,357.77,7.68,357.59,213.91,363.49,0.0,0.0,0.0,0.0,0.0,0.0,1.48,0.0,2.96,0.0,19.03,3.79,659.95,0.0,1.76
256555988034396,321.1,28,7.47,306.09,7.54,305.85,176.26,311.81,0.0,0.0,0.0,0.0,0.0,0.0,1.55,0.0,2.89,0.0,8.22,3.37,665.98,0.0,1.75
256555993080060,255.74,28,7.03,239.61,9.1,239.3,177.16,244.94,0.0,0.0,0.0,0.0,0.0,0.0,1.33,0.0,2.72,0.0,17.82,3.5,653.14,0.0,1.71
256555998091775,315.53,28,7.11,300.44,7.98,299.5,179.91,305.68,0.0,0.0,0.0,0.0,0.0,0.0,1.37,0.0,2.5,0.0,10.33,3.52,652.56,0.0,1.87
256556003025195,861.06,28,6.69,794.75,59.63,711.25,207.68,799.74,0.0,0.0,0.0,0.0,0.0,0.0,1.42,0.0,2.59,0.0,9.29,3.59,686.09,0.0,1.69
256556009023114,236.72,28,7.13,222.09,7.5,221.19,181.01,227.68,0.0,0.0,0.0,0.0,0.0,0.0,1.4,0.0,3.03,0.0,16.96,3.65,685.7,0.0,1.54
256556014034293,238.35,28,6.93,223.3,8.12,221.63,175.34,228.5,0.0,0.0,0.0,0.0,0.0,0.0,1.61,0.0,3.02,0.0,10.07,3.52,667.66,0.0,1.73
256556018932668,324.97,28,6.36,310.76,7.85,307.9,175.37,315.57,0.0,0.0,0.0,0.0,0.0,0.0,1.43,0.0,2.96,0.0,11.04,3.47,658.78,0.0,1.36
256556024034944,224.9,28,6.39,211.32,7.19,209.5,181.31,216.29,0.0,0.0,0.0,0.0,0.0,0.0,1.5,0.0,3.05,0.0,9.54,3.45,674.84,0.0,1.42
256556029037636,312.13,28,6.47,298.69,6.97,297.08,174.27,304.16,0.0,0.0,0.0,0.0,0.0,0.0,1.92,0.0,3.49,0.0,10.03,3.48,665.88,0.0,0.98
256556034047025,747.95,28,6.86,732.57,8.51,658.19,206.46,737.82,0.0,0.0,0.0,0.0,0.0,0.0,1.52,0.0,2.82,0.0,9.72,3.49,687.06,0.0,1.62
256556040048205,713.59,28,7.72,691.37,14.5,628.88,219.92,697.31,0.0,0.0,0.0,0.0,0.0,0.0,1.82,0.0,3.21,0.0,15.91,3.49,689.82,0.0,1.78
256556046033070,245.11,28,6.33,230.62,8.15,228.72,173.78,235.04,0.0,0.0,0.0,0.0,0.0,0.0,1.65,0.0,2.91,0.0,8.88,3.46,665.96,0.0,1.9
256556051048584,265.85,28,6.58,251.3,7.97,250.09,176.14,256.51,0.0,0.0,0.0,0.0,0.0,0.0,1.46,0.0,2.78,0.0,8.16,3.48,662.21,0.0,1.37
256556056064770,247.24,28,6.81,232.29,8.13,231.18,179.14,237.39,0.0,0.0,0.0,0.0,0.0,0.0,1.68,0.0,3.0,0.0,11.44,3.4,675.83,0.0,1.72
256556061066436,247.07,28,6.58,231.96,8.53,229.72,171.72,236.99,0.0,0.0,0.0,0.0,0.0,0.0,1.6,0.0,2.68,0.0,8.86,3.57,650.44,0.0,1.5
256556066042445,307.53,28,7.83,291.06,8.64,290.76,186.09,297.01,0.0,0.0,0.0,0.0,0.0,0.0,1.74,0.0,3.26,0.0,23.25,3.67,668.66,0.0,1.87
256556071070307,317.45,28,6.34,302.3,8.81,301.32,179.49,307.37,0.0,0.0,0.0,0.0,0.0,0.0,1.8,0.0,2.88,0.0,8.4,3.45,661.09,0.0,1.26
256556076074947,708.16,28,6.94,692.44,8.78,624.45,215.51,697.89,0.0,0.0,0.0,0.0,0.0,0.0,1.45,0.0,3.12,0.0,18.0,3.43,701.99,0.0,1.49
256556082028788,248.01,28,6.12,234.38,7.51,233.06,176.94,239.42,0.0,0.0,0.0,0.0,0.0,0.0,1.28,0.0,2.6,0.0,8.39,3.44,669.01,0.0,1.08
256556087061767,758.95,28,6.63,743.41,8.91,666.52,204.11,748.08,0.0,0.0,0.0,0.0,0.0,0.0,1.22,0.0,2.58,0.0,8.06,3.55,685.93,0.0,1.96
256556093023015,245.14,28,7.02,229.39,8.74,228.26,173.19,234.69,0.0,0.0,0.0,0.0,0.0,0.0,1.68,0.0,3.19,0.0,12.89,3.5,654.41,0.0,1.71
256556097910330,247.91,28,6.82,233.51,7.59,231.98,174.87,238.64,0.0,0.0,0.0,0.0,0.0,0.0,1.54,0.0,3.07,0.0,9.41,3.45,660.72,0.0,1.69
256556103030452,270.94,28,6.28,257.21,7.45,255.88,171.58,262.23,0.0,0.0,0.0,0.0,0.0,0.0,1.69,0.0,2.8,0.0,9.78,3.53,656.33,0.0,1.26
256556108069897,247.6,28,6.59,231.62,9.38,230.71,174.0,236.81,0.0,0.0,0.0,0.0,0.0,0.0,1.45,0.0,3.01,0.0,10.45,3.52,648.55,0.0,1.37
256556113065770,713.51,28,6.64,696.23,10.63,630.52,193.14,700.9,0.0,0.0,0.0,0.0,0.0,0.0,1.73,0.0,2.8,0.0,9.52,3.41,693.38,0.0,1.97
256556119037631,317.79,28,6.92,303.1,7.77,302.07,177.69,308.45,0.0,0.0,0.0,0.0,0.0,0.0,1.38,0.0,2.62,0.0,20.08,3.43,668.57,0.0,1.57
256556124098188,255.32,28,7.61,240.21,7.5,230.24,173.99,245.45,0.0,0.0,0.0,0.0,0.0,0.0,1.3,0.0,2.67,0.0,11.13,3.72,648.37,0.0,2.36
256556129005989,1106.73,28,5.96,310.29,790.48,234.36,162.59,315.2,0.0,0.0,0.0,0.0,0.0,0.0,1.29,0.0,2.77,0.0,8.78,3.53,641.23,0.0,1.04
256556135687958,439.84,28,8.0,370.44,61.4,356.64,223.75,376.26,0.0,0.0,0.0,0.0,0.0,0.0,1.57,0.0,3.05,0.0,10.78,3.52,701.39,0.0,2.17
256556141029382,257.34,28,7.74,240.79,8.81,239.76,172.54,246.27,0.0,0.0,0.0,0.0,0.0,0.0,1.66,0.0,2.88,0.0,9.76,3.46,653.49,0.0,2.26
256556146098183,309.04,28,6.33,294.37,8.35,293.06,171.21,298.95,0.0,0.0,0.0,0.0,0.0,0.0,1.28,0.0,2.62,0.0,9.28,3.54,651.84,0.0,1.75
256556151088914,235.0,28,7.16,220.29,7.55,220.38,174.02,225.78,0.0,0.0,0.0,0.0,0.0,0.0,1.26,0.0,2.62,0.0,14.0,3.52,660.22,0.0,1.67
256556156100879,245.5,28,6.77,231.55,7.18,230.96,170.07,236.72,0.0,0.0,0.0,0.0,0.0,0.0,1.71,0.0,3.17,0.0,8.02,3.41,649.69,0.0,1.6
256556160992929,728.3,28,7.69,705.57,15.03,639.99,234.82,711.39,0.0,0.0,0.0,0.0,0.0,0.0,1.71,0.0,3.56,0.0,17.77,3.46,694.02,0.0,1.88
256556166970573,335.73,28,7.78,316.9,11.05,317.56,177.31,323.06,0.0,0.0,0.0,0.0,0.0,0.0,1.74,0.0,3.08,0.0,20.18,3.67,643.14,0.0,1.63
256556172045356,310.2,28,7.14,294.18,8.88,294.05,173.19,299.58,0.0,0.0,0.0,0.0,0.0,0.0,1.27,0.0,2.8,0.0,11.02,3.45,667.55,0.0,1.65
256556177645336,463.68,28,8.23,391.75,63.69,391.75,209.18,398.07,0.0,0.0,0.0,0.0,0.0,0.0,1.55,0.0,3.16,0.0,16.37,3.48,701.74,0.0,1.91
256556183033899,313.86,28,6.78,297.68,9.4,296.91,178.21,302.81,0.0,0.0,0.0,0.0,0.0,0.0,1.5,0.0,2.84,0.0,12.41,3.42,671.31,0.0,1.65
256556188095845,316.79,28,7.41,300.4,8.99,299.2,177.84,306.11,0.0,0.0,0.0,0.0,0.0,0.0,1.55,0.0,3.05,0.0,12.06,3.47,670.09,0.0,1.68
256556193086074,745.08,28,7.28,728.28,9.52,656.72,204.49,734.06,0.0,0.0,0.0,0.0,0.0,0.0,1.27,0.0,2.35,0.0,20.18,4.43,650.64,0.0,1.46
256556199086283,236.18,28,6.53,220.84,8.81,219.81,175.39,225.59,0.0,0.0,0.0,0.0,0.0,0.0,1.25,0.0,2.65,0.0,9.25,3.47,679.91,0.0,1.78
256556204059981,252.35,28,6.52,237.23,8.61,237.29,184.49,242.54,0.0,0.0,0.0,0.0,0.0,0.0,1.58,0.0,2.86,0.0,17.54,3.49,662.28,0.0,1.2
256556209075940,227.94,28,7.06,212.36,8.53,211.89,167.99,217.7,0.0,0.0,0.0,0.0,0.0,0.0,1.51,0.0,2.9,0.0,8.46,3.51,652.97,0.0,1.72
256556213961041,316.31,28,7.98,298.97,9.36,299.14,172.19,304.92,0.0,0.0,0.0,0.0,0.0,0.0,1.65,0.0,2.97,0.0,8.28,3.56,661.8,0.0,2.01
256556219023929,250.22,28,7.39,235.09,7.74,235.0,178.07,240.8,0.0,0.0,0.0,0.0,0.0,0.0,1.54,0.0,2.93,0.0,8.78,3.46,670.5,0.0,1.69
256556224339169,856.77,28,10.81,785.95,60.0,708.83,218.76,795.15,0.0,0.0,0.0,0.0,0.0,0.0,5.51,0.0,6.8,0.0,9.43,3.68,700.01,0.0,1.61
256556230903249,823.19,28,9.17,751.5,62.51,672.16,203.7,759.09,0.0,0.0,0.0,0.0,0.0,0.0,1.54,0.0,3.27,0.0,14.7,6.3,688.02,0.0,1.57
256556237041028,741.06,28,7.42,723.65,9.99,645.12,240.14,729.49,0.0,0.0,0.0,0.0,0.0,0.0,1.13,0.0,2.6,0.0,20.45,3.6,726.04,0.0,1.57
256556243241139,767.97,28,8.89,696.29,62.79,637.8,222.17,702.93,0.0,0.0,0.0,0.0,0.0,0.0,2.12,0.0,3.65,0.0,17.15,3.92,693.3,0.0,2.03
256556249028884,253.99,28,7.31,237.47,9.2,227.2,182.59,243.08,0.0,0.0,0.0,0.0,0.0,0.0,1.52,0.0,3.08,0.0,13.94,3.46,664.93,0.0,1.7
256556254071639,310.03,28,6.11,296.11,7.81,295.0,180.1,300.62,0.0,0.0,0.0,0.0,0.0,0.0,1.24,0.0,2.56,0.0,9.96,3.44,655.98,0.0,1.6
256556259073667,752.46,28,12.09,731.69,8.68,655.49,253.87,736.59,0.0,0.0,0.0,0.0,0.0,0.0,1.26,0.0,2.38,0.0,14.47,3.53,730.43,0.0,6.55
256556264713058,440.71,28,7.32,425.1,8.3,424.58,214.47,430.32,0.0,0.0,0.0,0.0,0.0,0.0,1.54,0.0,2.75,0.0,15.54,3.63,688.33,0.0,2.09
256556270033884,812.78,28,7.21,795.87,9.7,731.03,198.2,801.37,0.0,0.0,0.0,0.0,0.0,0.0,1.55,0.0,2.69,0.0,12.76,3.56,674.5,0.0,1.7
256556276108859,234.58,28,6.82,220.78,6.97,220.25,182.1,226.55,0.0,0.0,0.0,0.0,0.0,0.0,1.6,0.0,3.01,0.0,15.98,3.43,655.57,0.0,1.05
256556281048125,743.0,28,6.66,725.04,11.3,658.41,198.93,730.17,0.0,0.0,0.0,0.0,0.0,0.0,1.32,0.0,2.36,0.0,9.08,3.46,648.85,0.0,1.53
256556287034598,249.64,28,6.45,235.6,7.59,234.81,184.16,240.54,0.0,0.0,0.0,0.0,0.0,0.0,1.3,0.0,2.53,0.0,14.57,3.47,662.35,0.0,1.51
256556291967912,267.29,28,7.97,251.4,7.92,251.94,172.29,257.43,0.0,0.0,0.0,0.0,0.0,0.0,1.4,0.0,2.74,0.0,11.19,3.55,646.69,0.0,1.91
256556297112625,699.95,28,7.26,684.06,8.62,628.85,254.84,689.66,0.0,0.0,0.0,0.0,0.0,0.0,1.51,0.0,2.84,0.0,26.32,3.59,750.25,0.0,1.67
256556303028152,720.73,28,7.95,703.34,9.44,635.6,216.95,709.73,0.0,0.0,0.0,0.0,0.0,0.0,1.49,0.0,2.98,0.0,17.3,3.54,689.29,0.0,1.56
256556309067139,311.91,28,6.8,297.26,7.85,296.86,174.28,302.27,0.0,0.0,0.0,0.0,0.0,0.0,1.42,0.0,2.75,0.0,13.12,3.64,647.33,0.0,1.77
256556314082396,253.13,28,6.87,238.67,7.59,238.32,172.88,244.32,0.0,0.0,0.0,0.0,0.0,0.0,1.41,0.0,2.71,0.0,9.51,3.48,660.62,0.0,1.22
256556319124088,309.52,28,6.75,295.35,7.42,294.14,181.39,300.67,0.0,0.0,0.0,0.0,0.0,0.0,1.51,0.0,2.64,0.0,16.33,3.47,678.3,0.0,1.43
256556324088152,313.0,28,5.41,297.64,9.94,295.6,175.51,301.96,0.0,0.0,0.0,0.0,0.0,0.0,1.36,0.0,2.45,0.0,8.2,3.47,666.74,0.0,1.09
256556329173128,308.31,28,8.2,292.66,7.45,292.62,174.35,299.05,0.0,0.0,0.0,0.0,0.0,0.0,1.58,0.0,3.05,0.0,11.97,3.48,655.84,0.0,1.81
256556334648636,487.89,28,7.63,430.5,49.76,428.5,239.35,435.76,0.0,0.0,0.0,0.0,0.0,0.0,1.57,0.0,2.82,0.0,16.57,3.58,706.09,0.0,2.37
256556339954094,236.62,28,7.87,221.01,7.74,221.1,180.68,226.85,0.0,0.0,0.0,0.0,0.0,0.0,1.53,0.0,3.13,0.0,15.34,3.62,650.64,0.0,2.02
256556345043510,244.41,28,6.41,230.27,7.73,229.02,174.19,235.19,0.0,0.0,0.0,0.0,0.0,0.0,1.34,0.0,2.53,0.0,12.11,3.57,654.8,0.0,1.49
256556350088873,272.18,28,7.37,255.29,9.52,255.73,175.6,261.2,0.0,0.0,0.0,0.0,0.0,0.0,1.28,0.0,2.61,0.0,10.39,3.52,671.43,0.0,1.45
256556354999097,322.33,28,7.35,299.12,15.86,298.45,177.55,304.63,0.0,0.0,0.0,0.0,0.0,0.0,1.97,0.0,3.38,0.0,8.04,3.44,658.66,0.0,1.83
256556360636512,500.67,28,6.4,442.64,51.63,441.36,245.99,447.55,0.0,0.0,0.0,0.0,0.0,0.0,1.3,0.0,2.52,0.0,12.87,3.56,711.4,0.0,1.5
256556366040887,245.98,28,7.37,230.29,8.32,230.02,176.82,235.75,0.0,0.0,0.0,0.0,0.0,0.0,1.61,0.0,2.71,0.0,16.29,3.52,659.71,0.0,1.91
256556371082254,315.08,28,6.9,299.8,8.37,299.36,178.14,305.37,0.0,0.0,0.0,0.0,0.0,0.0,1.64,0.0,2.9,0.0,17.29,3.48,661.37,0.0,1.25
256556376108000,230.34,28,7.18,215.3,7.86,214.79,181.68,220.85,0.0,0.0,0.0,0.0,0.0,0.0,1.84,0.0,3.11,0.0,17.14,3.46,661.79,0.0,1.41
256556381631049,516.92,28,8.5,438.88,69.53,436.47,211.84,445.44,0.0,0.0,0.0,0.0,0.0,0.0,1.39,0.0,2.36,0.0,10.64,5.14,670.51,0.0,1.93
256556387040338,711.99,28,7.9,693.65,10.44,628.95,246.81,699.44,0.0,0.0,0.0,0.0,0.0,0.0,1.39,0.0,2.84,0.0,14.09,3.65,722.18,0.0,2.11
256556393030028,313.21,28,6.92,297.32,8.97,296.63,180.8,302.38,0.0,0.0,0.0,0.0,0.0,0.0,1.6,0.0,2.73,0.0,8.39,3.44,673.88,0.0,1.86
256556398088231,227.89,28,11.86,208.06,7.97,212.9,175.09,218.38,0.0,0.0,0.0,0.0,0.0,0.0,6.06,0.0,7.76,0.0,13.76,3.5,655.04,0.0,1.54
256556403110390,753.74,28,6.69,735.42,11.63,665.43,219.27,740.33,0.0,0.0,0.0,0.0,0.0,0.0,1.6,0.0,2.58,0.0,8.71,3.46,686.63,0.0,1.78
256556409027585,312.32,28,7.17,297.74,7.4,297.63,177.25,303.45,0.0,0.0,0.0,0.0,0.0,0.0,1.63,0.0,3.34,0.0,12.23,3.55,651.37,0.0,1.45
256556414098618,274.2,28,6.19,259.66,8.34,258.08,174.5,264.68,0.0,0.0,0.0,0.0,0.0,0.0,1.26,0.0,2.75,0.0,14.19,3.5,655.63,0.0,1.17
256556419100384,721.51,28,6.81,705.13,9.57,633.9,233.22,710.65,0.0,0.0,0.0,0.0,0.0,0.0,1.44,0.0,2.74,0.0,17.26,3.59,669.12,0.0,1.28
256556425050316,257.71,28,6.86,242.32,8.54,240.9,179.85,247.7,0.0,0.0,0.0,0.0,0.0,0.0,1.89,0.0,2.99,0.0,10.92,3.51,683.6,0.0,1.37
256556430080844,251.72,28,7.28,236.22,8.22,235.63,171.79,241.56,0.0,0.0,0.0,0.0,0.0,0.0,1.36,0.0,2.82,0.0,12.37,3.63,660.59,0.0,1.82
256556435092571,247.55,28,7.49,231.81,8.26,231.17,175.8,237.37,0.0,0.0,0.0,0.0,0.0,0.0,1.36,0.0,2.66,0.0,12.35,3.52,676.23,0.0,1.79
256556440005976,310.28,28,5.92,295.55,8.81,294.99,173.07,300.4,0.0,0.0,0.0,0.0,0.0,0.0,1.39,0.0,2.67,0.0,8.84,3.51,667.43,0.0,1.07
256556445108768,314.5,28,5.89,300.52,8.09,298.69,174.05,305.25,0.0,0.0,0.0,0.0,0.0,0.0,1.56,0.0,2.71,0.0,8.7,3.42,668.41,0.0,1.16
256556450090196,316.7,28,6.76,301.54,8.4,300.64,182.57,306.46,0.0,0.0,0.0,0.0,0.0,0.0,1.6,0.0,2.94,0.0,11.13,3.47,672.29,0.0,1.81
256556455640623,497.95,28,7.6,435.06,55.29,434.67,232.57,440.65,0.0,0.0,0.0,0.0,0.0,0.0,1.43,0.0,2.68,0.0,18.87,3.67,708.39,0.0,1.82
256556461032422,235.79,28,7.42,219.49,8.87,218.81,177.93,225.18,0.0,0.0,0.0,0.0,0.0,0.0,1.69,0.0,2.83,0.0,14.53,3.54,645.45,0.0,1.73
256556466086620,731.63,28,19.55,702.36,9.73,632.92,268.29,709.18,0.0,0.0,0.0,0.0,0.0,0.0,1.87,0.0,3.28,0.0,16.98,4.6,704.74,0.0,12.4
256556472031224,252.35,28,6.64,237.5,8.21,236.7,174.57,242.68,0.0,0.0,0.0,0.0,0.0,0.0,1.38,0.0,2.36,0.0,13.06,3.57,648.04,0.0,1.47
256556477079460,725.93,28,7.24,708.84,9.85,635.25,213.24,714.18,0.0,0.0,0.0,0.0,0.0,0.0,1.7,0.0,2.65,0.0,20.82,3.54,718.2,0.0,1.9
256556483036774,314.71,28,8.35,298.55,7.81,296.74,176.14,304.58,0.0,0.0,0.0,0.0,0.0,0.0,1.25,0.0,2.89,0.0,13.57,3.48,657.72,0.0,2.32
256556488751658,382.7,28,7.12,322.66,52.92,322.07,204.34,327.79,0.0,0.0,0.0,0.0,0.0,0.0,1.66,0.0,2.88,0.0,27.77,3.44,653.12,0.0,1.99
256556494031695,240.83,28,6.17,226.73,7.93,225.63,172.94,231.9,0.0,0.0,0.0,0.0,0.0,0.0,1.54,0.0,3.16,0.0,7.84,3.46,663.98,0.0,1.0
256556499080292,721.83,28,51.46,662.18,8.19,635.36,233.68,712.4,0.0,0.0,0.0,0.0,0.0,0.0,1.28,0.0,2.78,0.0,69.04,49.64,695.46,0.0,1.24
256556505059758,241.06,28,7.16,225.91,7.98,225.69,173.41,231.28,0.0,0.0,0.0,0.0,0.0,0.0,1.48,0.0,3.0,0.0,8.36,3.47,666.36,0.0,1.79
256556510078492,309.61,28,7.14,293.84,8.63,291.43,173.08,299.41,0.0,0.0,0.0,0.0,0.0,0.0,1.38,0.0,2.81,0.0,11.11,3.5,658.72,0.0,1.52
256556515624774,517.1,28,6.77,458.38,51.95,457.31,244.7,463.58,0.0,0.0,0.0,0.0,0.0,0.0,1.62,0.0,2.62,0.0,18.96,3.57,709.24,0.0,1.56
256556521046511,306.38,28,6.73,291.1,8.55,291.5,185.34,296.55,0.0,0.0,0.0,0.0,0.0,0.0,1.59,0.0,2.99,0.0,25.71,3.58,668.37,0.0,1.12
256556526085107,309.06,28,5.86,295.25,7.96,293.98,171.75,300.12,0.0,0.0,0.0,0.0,0.0,0.0,1.31,0.0,2.65,0.0,10.27,3.48,661.04,0.0,0.99
256556531657942,455.55,28,6.99,396.94,51.63,391.47,229.69,402.48,0.0,0.0,0.0,0.0,0.0,0.0,1.26,0.0,2.69,0.0,15.44,3.67,694.31,0.0,1.45
256556537045034,307.96,28,6.49,292.81,8.66,291.62,176.87,297.95,0.0,0.0,0.0,0.0,0.0,0.0,1.65,0.0,3.01,0.0,10.35,3.55,660.95,0.0,1.22
256556542094568,318.83,28,18.77,291.19,8.87,302.14,183.85,308.23,0.0,0.0,0.0,0.0,0.0,0.0,1.82,0.0,3.16,0.0,23.22,16.44,680.9,0.0,1.74
256556547084918,315.12,28,6.69,301.41,7.01,299.98,173.53,306.85,0.0,0.0,0.0,0.0,0.0,0.0,1.8,0.0,3.39,0.0,8.95,3.51,671.29,0.0,1.25
256556552588177,502.79,28,134.2,314.26,54.33,440.75,207.65,446.58,0.0,0.0,0.0,0.0,0.0,0.0,129.68,0.0,131.18,0.0,14.77,3.7,640.54,0.0,1.88
256556558040047,253.25,28,11.84,230.32,11.09,234.71,174.08,240.49,0.0,0.0,0.0,0.0,0.0,0.0,1.6,0.0,8.33,0.0,13.35,3.5,641.95,0.0,1.64
256556563087484,237.38,28,6.41,222.4,8.57,221.56,175.37,227.14,0.0,0.0,0.0,0.0,0.0,0.0,1.27,0.0,2.69,0.0,7.88,3.46,655.31,0.0,1.63
256556568031892,307.68,28,6.4,294.91,6.37,294.13,173.47,299.67,0.0,0.0,0.0,0.0,0.0,0.0,1.27,0.0,2.61,0.0,10.79,3.42,663.36,0.0,1.64
256556573089150,313.33,28,6.42,297.89,9.02,295.74,174.9,302.47,0.0,0.0,0.0,0.0,0.0,0.0,1.54,0.0,2.67,0.0,8.13,3.42,664.28,0.0,1.84
256556578731568,889.02,28,6.04,825.49,57.49,660.73,218.97,829.83,0.0,0.0,0.0,0.0,0.0,0.0,1.61,0.0,2.92,0.0,7.92,3.44,709.34,0.0,1.55
256556585047358,717.12,28,7.03,701.39,8.7,637.77,224.46,706.75,0.0,0.0,0.0,0.0,0.0,0.0,1.51,0.0,2.59,0.0,20.45,3.55,692.25,0.0,1.66
256556591061906,714.35,28,83.81,623.22,7.32,632.74,243.86,705.97,0.0,0.0,0.0,0.0,0.0,0.0,1.7,0.0,3.0,0.0,88.65,81.84,679.31,0.0,1.06
256556597074557,725.4,28,6.96,710.21,8.23,663.36,219.33,715.48,0.0,0.0,0.0,0.0,0.0,0.0,1.33,0.0,2.66,0.0,8.24,3.47,722.57,0.0,1.7
256556603065883,742.05,28,18.29,714.06,9.71,643.41,236.21,718.91,0.0,0.0,0.0,0.0,0.0,0.0,1.41,0.0,2.48,0.0,9.01,3.58,690.36,0.0,12.79
256556608750770,247.49,28,7.12,232.24,8.13,231.93,172.03,237.58,0.0,0.0,0.0,0.0,0.0,0.0,1.56,0.0,2.9,0.0,9.24,3.44,653.04,0.0,1.78
256556614027503,4889.55,28,5.84,242.69,4641.02,241.48,165.73,247.6,0.0,0.0,0.0,0.0,0.0,0.0,1.41,0.0,2.81,0.0,9.11,3.61,644.58,0.0,0.88
256556623783571,258.3,28,7.53,241.48,9.29,239.93,176.44,247.65,0.0,0.0,0.0,0.0,0.0,0.0,1.57,0.0,2.83,0.0,12.03,3.57,663.13,0.0,1.36
256556629031094,830.17,28,7.33,814.28,8.56,745.72,217.0,820.2,0.0,0.0,0.0,0.0,0.0,0.0,1.69,0.0,3.11,0.0,15.04,3.57,691.77,0.0,1.42
256556634792215,378.59,28,6.18,365.06,7.35,364.06,202.33,369.9,0.0,0.0,0.0,0.0,0.0,0.0,1.19,0.0,2.49,0.0,21.06,3.49,658.47,0.0,1.34
256556640085910,243.04,28,7.42,226.32,9.31,226.57,178.57,231.95,0.0,0.0,0.0,0.0,0.0,0.0,1.27,0.0,2.77,0.0,12.99,3.62,664.15,0.0,1.72
256556645110419,315.63,28,6.79,300.29,8.55,298.68,171.37,305.44,0.0,0.0,0.0,0.0,0.0,0.0,1.4,0.0,2.71,0.0,8.0,3.4,659.18,0.0,1.64
256556650095699,718.72,28,7.41,702.19,9.11,629.78,247.32,707.92,0.0,0.0,0.0,0.0,0.0,0.0,1.49,0.0,2.92,0.0,26.09,3.49,696.35,0.0,1.69
256556656097958,310.12,28,6.39,294.81,8.92,293.41,171.41,299.88,0.0,0.0,0.0,0.0,0.0,0.0,1.44,0.0,2.61,0.0,8.02,3.37,650.43,0.0,1.32
256556661089734,722.91,28,6.62,707.97,8.31,639.13,219.19,713.45,0.0,0.0,0.0,0.0,0.0,0.0,1.16,0.0,2.54,0.0,10.76,3.64,679.03,0.0,1.15
256556666776775,374.11,28,6.33,359.07,8.71,356.87,204.44,363.5,0.0,0.0,0.0,0.0,0.0,0.0,1.51,0.0,2.65,0.0,8.74,3.4,670.06,0.0,1.73
256556672042334,321.72,28,7.11,306.53,8.08,305.28,183.69,311.68,0.0,0.0,0.0,0.0,0.0,0.0,1.26,0.0,2.68,0.0,19.46,3.48,656.55,0.0,1.96
256556677689104,432.22,28,17.23,351.7,63.29,351.02,207.39,358.96,0.0,0.0,0.0,0.0,0.0,0.0,3.35,0.0,4.65,0.0,14.17,3.49,678.44,0.0,9.9
256556683034338,248.71,28,6.21,235.33,7.18,231.57,184.41,239.97,0.0,0.0,0.0,0.0,0.0,0.0,1.45,0.0,2.58,0.0,17.36,3.55,648.52,0.0,1.56
256556688084411,314.55,28,5.75,301.32,7.48,300.0,178.59,305.7,0.0,0.0,0.0,0.0,0.0,0.0,1.53,0.0,2.62,0.0,10.48,3.45,666.45,0.0,1.37
256556693096026,315.03,28,6.94,299.49,8.6,298.95,176.4,304.58,0.0,0.0,0.0,0.0,0.0,0.0,1.39,0.0,2.6,0.0,9.56,3.64,659.49,0.0,1.85
256556698918182,855.91,28,6.77,781.47,67.67,681.48,194.37,786.36,0.0,0.0,0.0,0.0,0.0,0.0,1.33,0.0,2.3,0.0,9.43,3.46,669.04,0.0,1.88
256556705045808,733.93,28,6.55,716.7,10.68,638.93,233.27,721.71,0.0,0.0,0.0,0.0,0.0,0.0,1.45,0.0,2.5,0.0,70.77,3.66,672.76,0.0,1.54
256556711596718,497.45,28,7.53,439.46,50.46,438.96,201.9,445.64,0.0,0.0,0.0,0.0,0.0,0.0,1.35,0.0,2.69,0.0,54.14,4.5,663.42,0.0,1.35
256556717030184,237.38,28,7.31,221.15,8.91,220.74,181.37,226.69,0.0,0.0,0.0,0.0,0.0,0.0,1.63,0.0,3.05,0.0,11.25,3.49,657.41,0.0,1.77
256556722062128,236.26,28,6.73,222.1,7.43,221.58,178.01,227.5,0.0,0.0,0.0,0.0,0.0,0.0,1.31,0.0,2.67,0.0,11.63,3.58,660.14,0.0,1.32
256556727471762,594.87,28,8.77,526.05,60.05,525.55,231.13,532.51,0.0,0.0,0.0,0.0,0.0,0.0,1.65,0.0,3.03,0.0,25.45,3.51,716.32,0.0,2.23
256556733311157,721.06,28,20.19,647.76,53.1,645.25,228.99,653.73,0.0,0.0,0.0,0.0,0.0,0.0,1.61,0.0,2.93,0.0,32.38,3.51,695.58,0.0,13.75
256556739025493,251.54,28,9.39,235.01,7.14,236.0,177.03,243.07,0.0,0.0,0.0,0.0,0.0,0.0,1.34,0.0,7.18,0.0,14.13,3.48,655.37,0.0,1.33
256556744100984,259.17,28,6.91,243.5,8.76,242.15,180.66,249.21,0.0,0.0,0.0,0.0,0.0,0.0,1.51,0.0,2.85,0.0,16.04,3.48,667.07,0.0,1.2
256556749115350,775.9,28,7.14,709.82,58.94,637.85,218.86,715.21,0.0,0.0,0.0,0.0,0.0,0.0,1.47,0.0,2.97,0.0,9.11,3.5,691.99,0.0,1.75
256556755845739,318.9,28,8.17,251.07,59.66,251.36,188.54,257.52,0.0,0.0,0.0,0.0,0.0,0.0,1.36,0.0,2.63,0.0,10.9,4.42,656.91,0.0,1.72
256556761039040,301.94,28,5.85,287.86,8.23,286.23,172.14,292.36,0.0,0.0,0.0,0.0,0.0,0.0,1.2,0.0,2.48,0.0,9.1,3.47,661.62,0.0,1.36
256556766648692,462.3,28,7.51,408.16,46.62,407.94,218.82,413.69,0.0,0.0,0.0,0.0,0.0,0.0,1.31,0.0,2.73,0.0,8.06,3.51,693.0,0.0,1.99
256556772151078,797.0,28,7.22,732.4,57.38,664.32,205.44,738.01,0.0,0.0,0.0,0.0,0.0,0.0,1.62,0.0,2.88,0.0,10.85,3.53,687.37,0.0,1.6
256556778728283,1237.66,28,6.05,306.75,924.86,262.22,165.6,311.86,0.0,0.0,0.0,0.0,0.0,0.0,1.47,0.0,2.77,0.0,9.31,3.6,641.71,0.0,0.94
256556785745703,771.91,28,6.66,705.88,59.38,629.79,198.87,710.39,0.0,0.0,0.0,0.0,0.0,0.0,1.5,0.0,2.97,0.0,8.69,3.54,697.89,0.0,2.13
256556792033650,320.37,28,9.93,303.19,7.24,303.58,173.48,309.47,0.0,0.0,0.0,0.0,0.0,0.0,1.47,0.0,3.15,0.0,10.91,3.43,646.85,0.0,3.65
256556797671108,461.94,28,6.72,363.73,91.5,362.28,210.99,369.4,0.0,0.0,0.0,0.0,0.0,0.0,1.43,0.0,3.02,0.0,16.05,3.57,676.01,0.0,1.03
256556803661306,769.26,28,8.0,689.42,71.85,636.5,238.54,695.84,0.0,0.0,0.0,0.0,0.0,0.0,1.34,0.0,2.94,0.0,8.85,3.49,725.2,0.0,1.58
256556810029091,313.77,28,6.95,298.0,8.82,297.16,176.22,303.25,0.0,0.0,0.0,0.0,0.0,0.0,1.41,0.0,2.81,0.0,11.45,3.51,654.95,0.0,1.7
256556815650310,483.37,28,8.16,409.89,65.32,408.58,235.2,415.88,0.0,0.0,0.0,0.0,0.0,0.0,1.61,0.0,2.55,0.0,17.84,3.52,677.16,0.0,2.1
256556821036034,246.71,28,8.44,230.51,7.76,230.9,172.05,237.22,0.0,0.0,0.0,0.0,0.0,0.0,1.55,0.0,3.09,0.0,18.06,3.65,639.42,0.0,1.72
256556826060696,733.44,28,6.99,717.34,9.11,650.76,201.39,722.4,0.0,0.0,0.0,0.0,0.0,0.0,1.44,0.0,2.8,0.0,8.97,3.51,691.38,0.0,1.94
256556832363263,801.48,28,9.78,732.16,59.54,670.7,199.8,739.75,0.0,0.0,0.0,0.0,0.0,0.0,1.75,0.0,3.08,0.0,11.23,5.01,659.09,0.0,2.12
256556838891513,367.51,28,7.12,303.84,56.55,302.63,182.13,308.84,0.0,0.0,0.0,0.0,0.0,0.0,1.36,0.0,2.94,0.0,7.76,3.42,675.77,0.0,2.08
256556844062405,247.9,28,6.77,233.9,7.24,232.87,178.26,239.3,0.0,0.0,0.0,0.0,0.0,0.0,1.82,0.0,3.22,0.0,10.53,3.47,658.03,0.0,1.37
256556849076003,309.62,28,6.59,294.21,8.82,293.92,177.32,299.79,0.0,0.0,0.0,0.0,0.0,0.0,1.23,0.0,2.61,0.0,12.05,3.5,655.07,0.0,1.01
256556854586017,539.29,28,7.08,474.4,57.8,473.1,234.59,479.39,0.0,0.0,0.0,0.0,0.0,0.0,1.36,0.0,2.6,0.0,11.88,3.58,704.27,0.0,1.85
256556860327778,829.19,28,7.1,759.36,62.74,687.59,235.56,764.44,0.0,0.0,0.0,0.0,0.0,0.0,1.55,0.0,2.93,0.0,8.41,3.46,678.11,0.0,1.87
256556866888620,362.08,28,6.5,299.16,56.42,297.38,166.9,303.46,0.0,0.0,0.0,0.0,0.0,0.0,1.67,0.0,2.77,0.0,8.07,3.51,620.28,0.0,2.19
256556872571028,527.06,28,7.6,433.52,85.94,432.63,195.99,439.3,0.0,0.0,0.0,0.0,0.0,0.0,1.63,0.0,2.98,0.0,17.46,3.49,657.82,0.0,1.82
256556878039362,734.2,28,7.87,717.54,8.8,652.89,231.93,723.41,0.0,0.0,0.0,0.0,0.0,0.0,1.4,0.0,2.98,0.0,19.85,3.91,697.87,0.0,1.99
256556883703310,413.48,28,21.19,382.3,9.99,376.16,197.79,388.93,0.0,0.0,0.0,0.0,0.0,0.0,2.87,0.0,4.05,0.0,10.8,3.69,661.49,0.0,14.02
256556889035413,820.82,28,28.77,782.05,10.0,710.85,235.88,809.56,0.0,0.0,0.0,0.0,0.0,0.0,23.15,0.0,24.96,0.0,23.61,3.57,690.33,0.0,1.16
256556895095572,321.0,28,12.12,298.25,10.63,301.78,181.57,309.01,0.0,0.0,0.0,0.0,0.0,0.0,1.16,0.0,9.03,0.0,12.45,3.5,678.37,0.0,1.19
256556900088469,724.37,28,5.71,708.79,9.87,633.44,182.34,713.25,0.0,0.0,0.0,0.0,0.0,0.0,1.35,0.0,2.75,0.0,9.12,3.5,656.23,0.0,1.12
256556906028363,834.74,28,6.4,817.71,10.63,744.93,227.44,822.83,0.0,0.0,0.0,0.0,0.0,0.0,1.43,0.0,2.44,0.0,15.49,3.59,683.22,0.0,1.28
256556912091722,228.11,28,6.5,212.66,8.95,212.0,174.55,218.07,0.0,0.0,0.0,0.0,0.0,0.0,1.44,0.0,2.88,0.0,10.6,3.41,669.76,0.0,1.09
256556917865688,394.74,28,23.17,302.81,68.76,298.73,172.63,309.82,0.0,0.0,0.0,0.0,0.0,0.0,1.36,0.0,2.31,0.0,10.0,5.51,637.19,0.0,15.56
256556923035827,773.91,28,6.08,757.89,9.94,642.95,204.8,762.49,0.0,0.0,0.0,0.0,0.0,0.0,1.39,0.0,2.44,0.0,9.11,3.55,687.4,0.0,1.49
256556929032835,313.55,28,5.98,299.43,8.14,298.1,169.52,304.14,0.0,0.0,0.0,0.0,0.0,0.0,1.25,0.0,2.61,0.0,10.51,3.54,642.52,0.0,1.27
256556934068120,314.63,28,6.31,299.37,8.95,297.81,175.61,304.64,0.0,0.0,0.0,0.0,0.0,0.0,1.53,0.0,2.95,0.0,9.64,3.5,683.01,0.0,1.04
256556939689022,802.86,28,7.75,739.27,55.84,658.77,265.67,745.12,0.0,0.0,0.0,0.0,0.0,0.0,1.35,0.0,2.83,0.0,36.59,3.62,727.18,0.0,1.84
256556945578963,313.77,28,6.85,299.61,7.31,299.04,174.72,305.08,0.0,0.0,0.0,0.0,0.0,0.0,1.23,0.0,2.64,0.0,17.68,3.58,652.43,0.0,1.39
256556950629075,248.26,28,9.45,230.79,8.02,229.03,182.03,235.72,0.0,0.0,0.0,0.0,0.0,0.0,1.41,0.0,2.72,0.0,16.71,3.47,653.95,0.0,4.52
256556956163160,848.05,28,7.49,775.89,64.67,683.78,230.28,781.44,0.0,0.0,0.0,0.0,0.0,0.0,1.46,0.0,2.95,0.0,8.79,4.2,696.5,0.0,1.9
256556962314175,752.5,28,5.88,736.75,9.86,668.48,206.0,741.49,0.0,0.0,0.0,0.0,0.0,0.0,1.12,0.0,2.54,0.0,8.41,3.51,695.58,0.0,1.14
256556968406928,239.02,28,7.04,224.3,7.68,224.03,181.24,229.92,0.0,0.0,0.0,0.0,0.0,0.0,1.55,0.0,2.84,0.0,18.27,3.52,652.6,0.0,1.43
256556973344310,322.95,28,6.85,310.32,5.79,294.87,185.8,315.82,0.0,0.0,0.0,0.0,0.0,0.0,1.69,0.0,3.03,0.0,24.96,3.45,657.22,0.0,1.35
256556978673501,234.12,28,7.67,216.68,9.78,213.38,176.71,222.24,0.0,0.0,0.0,0.0,0.0,0.0,1.72,0.0,3.23,0.0,8.56,3.45,677.74,0.0,2.11
256556984040723,247.32,28,7.75,230.09,9.47,229.72,183.55,236.34,0.0,0.0,0.0,0.0,0.0,0.0,1.93,0.0,3.5,0.0,21.13,3.56,670.1,0.0,1.5
256556989530463,333.37,28,11.85,235.55,85.97,236.15,175.63,242.34,0.0,0.0,0.0,0.0,0.0,0.0,1.99,0.0,3.67,0.0,19.81,3.51,654.5,0.0,5.04
256556995073579,806.79,28,8.11,737.8,60.87,646.34,231.45,744.06,0.0,0.0,0.0,0.0,0.0,0.0,1.71,0.0,3.22,0.0,12.87,3.65,698.19,0.0,1.81
256557001031254,315.57,28,6.29,302.21,7.06,299.99,167.32,307.2,0.0,0.0,0.0,0.0,0.0,0.0,1.38,0.0,3.06,0.0,8.96,3.55,639.02,0.0,1.3
256557006097969,739.97,28,13.88,716.17,9.93,639.89,236.99,722.03,0.0,0.0,0.0,0.0,0.0,0.0,1.26,0.0,2.32,0.0,27.99,3.66,721.79,0.0,7.89
256557012034111,248.08,28,6.48,233.37,8.23,232.5,172.68,238.44,0.0,0.0,0.0,0.0,0.0,0.0,1.73,0.0,3.28,0.0,15.37,3.52,651.45,0.0,1.41
256557017552483,804.78,28,7.24,731.76,65.78,638.98,241.77,737.53,0.0,0.0,0.0,0.0,0.0,0.0,1.71,0.0,3.3,0.0,14.11,3.63,699.65,0.0,1.42
256557024042176,230.79,28,13.52,209.29,7.98,214.83,177.98,221.32,0.0,0.0,0.0,0.0,0.0,0.0,1.54,0.0,10.11,0.0,15.37,3.66,670.97,0.0,1.49
256557029071274,326.05,28,6.81,311.4,7.84,310.37,166.81,316.7,0.0,0.0,0.0,0.0,0.0,0.0,1.96,0.0,3.49,0.0,9.02,3.46,641.51,0.0,1.48
256557034514335,360.98,28,7.3,300.12,53.57,298.76,182.5,305.23,0.0,0.0,0.0,0.0,0.0,0.0,1.46,0.0,2.68,0.0,11.3,3.63,652.29,0.0,2.19
256557040034142,243.72,28,7.11,228.67,7.93,228.16,185.01,234.27,0.0,0.0,0.0,0.0,0.0,0.0,1.52,0.0,2.83,0.0,18.75,3.55,670.2,0.0,1.52
256557045033215,238.96,28,6.57,224.57,7.82,210.42,168.39,229.43,0.0,0.0,0.0,0.0,0.0,0.0,1.21,0.0,2.43,0.0,8.98,3.53,652.64,0.0,1.71
256557050429065,640.82,28,7.19,577.07,56.56,575.22,209.39,582.52,0.0,0.0,0.0,0.0,0.0,0.0,2.05,0.0,3.49,0.0,9.78,3.58,693.78,0.0,1.75
256557056041139,247.11,28,6.97,231.6,8.54,229.55,169.87,237.13,0.0,0.0,0.0,0.0,0.0,0.0,1.7,0.0,3.11,0.0,9.39,3.45,651.11,0.0,1.4
256557061083075,265.87,28,6.57,251.46,7.84,250.32,177.65,256.45,0.0,0.0,0.0,0.0,0.0,0.0,1.95,0.0,2.9,0.0,8.19,3.46,677.58,0.0,1.58
256557066101871,248.99,28,6.83,233.89,8.26,233.04,177.85,239.12,0.0,0.0,0.0,0.0,0.0,0.0,1.54,0.0,2.65,0.0,13.41,3.72,659.2,0.0,1.6
256557071551231,534.25,28,54.83,420.01,59.41,467.57,232.13,473.82,0.0,0.0,0.0,0.0,0.0,0.0,1.11,0.0,2.35,0.0,60.12,55.47,659.63,0.0,1.03
256557077033620,254.09,28,7.39,237.47,9.23,236.57,173.77,242.9,0.0,0.0,0.0,0.0,0.0,0.0,1.64,0.0,2.87,0.0,8.22,3.44,665.88,0.0,1.96
256557082071069,321.92,28,6.51,307.07,8.34,305.51,177.37,311.87,0.0,0.0,0.0,0.0,0.0,0.0,1.36,0.0,2.59,0.0,11.77,3.47,666.42,0.0,1.7
256557087595014,506.0,28,7.01,434.85,64.14,433.56,215.71,440.0,0.0,0.0,0.0,0.0,0.0,0.0,1.67,0.0,3.13,0.0,9.11,3.47,713.65,0.0,1.73
256557093038576,233.35,28,7.08,219.23,7.03,218.97,180.54,225.13,0.0,0.0,0.0,0.0,0.0,0.0,1.74,0.0,3.15,0.0,8.05,3.44,658.88,0.0,1.18
256557098067991,312.38,28,6.89,296.88,8.6,295.52,178.13,302.09,0.0,0.0,0.0,0.0,0.0,0.0,1.61,0.0,3.03,0.0,8.57,3.44,665.52,0.0,1.68
256557103151088,742.51,28,6.18,728.03,8.3,649.68,208.99,733.05,0.0,0.0,0.0,0.0,0.0,0.0,1.29,0.0,2.64,0.0,18.0,3.52,649.89,0.0,1.16
256557109622546,781.08,28,7.99,706.31,66.78,639.53,223.75,712.47,0.0,0.0,0.0,0.0,0.0,0.0,1.45,0.0,2.62,0.0,19.61,3.54,690.92,0.0,1.83
256557116030925,252.14,28,25.2,217.91,9.02,232.28,182.88,237.75,0.0,0.0,0.0,0.0,0.0,0.0,1.3,0.0,2.62,0.0,27.92,19.3,640.06,0.0,5.37
256557120997629,739.88,28,7.88,718.67,13.33,665.96,196.57,724.64,0.0,0.0,0.0,0.0,0.0,0.0,1.87,0.0,3.21,0.0,11.95,3.54,694.1,0.0,1.91
256557127036067,754.78,28,7.42,738.16,9.21,666.88,213.26,743.71,0.0,0.0,0.0,0.0,0.0,0.0,1.55,0.0,2.98,0.0,23.23,3.55,648.61,0.0,1.87
256557133025159,771.44,28,11.59,749.3,10.54,678.89,209.5,755.45,0.0,0.0,0.0,0.0,0.0,0.0,2.28,0.0,3.62,0.0,20.87,3.59,664.88,0.0,5.25
256557138723882,390.81,28,12.72,370.1,8.0,374.5,276.07,381.34,0.0,0.0,0.0,0.0,0.0,0.0,1.41,0.0,2.98,0.0,111.72,9.11,682.25,0.0,1.46
256557144295338,777.27,28,8.19,707.05,62.03,638.62,211.35,712.85,0.0,0.0,0.0,0.0,0.0,0.0,1.32,0.0,2.72,0.0,22.49,3.75,666.89,0.0,2.39
256557150268566,317.07,28,6.51,301.27,9.3,298.36,179.9,305.88,0.0,0.0,0.0,0.0,0.0,0.0,1.28,0.0,2.37,0.0,14.85,3.49,647.68,0.0,1.9
256557155773815,771.18,28,9.07,703.41,58.69,631.29,221.98,710.62,0.0,0.0,0.0,0.0,0.0,0.0,3.7,0.0,5.08,0.0,30.05,3.49,698.84,0.0,1.85
256557162031250,310.04,28,7.04,295.93,7.07,295.79,177.73,301.82,0.0,0.0,0.0,0.0,0.0,0.0,1.76,0.0,2.85,0.0,10.82,3.5,667.45,0.0,1.15
256557167467021,601.71,28,6.77,525.66,69.29,525.59,231.52,531.42,0.0,0.0,0.0,0.0,0.0,0.0,1.75,0.0,2.86,0.0,33.55,3.54,686.43,0.0,1.0
256557172879725,239.02,28,5.76,225.23,8.03,223.01,178.82,229.35,0.0,0.0,0.0,0.0,0.0,0.0,1.22,0.0,2.32,0.0,9.16,3.47,675.65,0.0,1.63
256557178037807,718.63,28,6.76,700.4,11.47,636.36,200.28,705.42,0.0,0.0,0.0,0.0,0.0,0.0,1.34,0.0,2.66,0.0,10.93,3.65,679.2,0.0,1.72
256557184031256,252.78,28,6.72,237.62,8.44,236.21,181.54,242.83,0.0,0.0,0.0,0.0,0.0,0.0,1.58,0.0,3.06,0.0,9.74,3.45,671.18,0.0,1.5
256557189061817,733.58,28,36.97,686.77,9.83,645.89,180.89,722.12,0.0,0.0,0.0,0.0,0.0,0.0,1.46,0.0,35.16,0.0,46.78,33.06,666.62,0.0,1.63
256557195031481,250.69,28,14.49,228.03,8.17,231.62,187.3,237.78,0.0,0.0,0.0,0.0,0.0,0.0,6.51,0.0,7.73,0.0,21.3,3.58,656.9,0.0,4.74
256557200044675,259.34,28,8.21,241.72,9.41,241.73,178.75,247.87,0.0,0.0,0.0,0.0,0.0,0.0,1.39,0.0,2.63,0.0,16.7,3.53,671.75,0.0,2.06
256557205137082,249.18,28,6.97,234.02,8.19,232.98,183.66,239.72,0.0,0.0,0.0,0.0,0.0,0.0,1.62,0.0,3.11,0.0,12.57,3.51,679.09,0.0,1.27
256557210094290,314.09,28,8.8,297.43,7.86,298.97,169.82,304.39,0.0,0.0,0.0,0.0,0.0,0.0,1.79,0.0,3.61,0.0,16.47,3.56,644.36,0.0,1.84
256557215688952,383.23,28,11.62,307.4,64.2,306.59,184.89,313.73,0.0,0.0,0.0,0.0,0.0,0.0,1.75,0.0,2.7,0.0,17.32,3.63,659.44,0.0,5.29
256557221034692,311.85,28,7.23,296.55,8.07,295.54,174.71,301.41,0.0,0.0,0.0,0.0,0.0,0.0,1.53,0.0,2.97,0.0,10.73,3.52,665.67,0.0,2.37
256557226617457,532.62,28,7.51,463.11,62.0,463.1,211.41,468.9,0.0,0.0,0.0,0.0,0.0,0.0,1.31,0.0,2.72,0.0,14.6,3.62,704.63,0.0,1.72
256557232043980,773.33,28,17.31,748.01,8.01,667.51,460.57,763.67,0.0,0.0,0.0,0.0,0.0,0.0,1.62,0.0,2.75,0.0,317.23,13.34,656.81,0.0,1.65
256557238245016,814.9,28,20.07,741.38,53.45,664.31,189.28,745.93,0.0,0.0,0.0,0.0,0.0,0.0,1.12,0.0,2.11,0.0,14.4,3.57,665.03,0.0,15.17
256557244849626,319.71,28,6.88,252.23,60.6,251.72,177.33,257.29,0.0,0.0,0.0,0.0,0.0,0.0,1.67,0.0,3.09,0.0,9.21,3.53,667.18,0.0,1.83
256557250034808,254.33,28,6.29,241.2,6.84,240.2,180.69,246.06,0.0,0.0,0.0,0.0,0.0,0.0,1.23,0.0,2.72,0.0,8.76,3.49,670.31,0.0,1.43
256557255080246,267.96,28,7.93,251.0,9.03,249.69,173.61,256.55,0.0,0.0,0.0,0.0,0.0,0.0,1.43,0.0,2.65,0.0,12.42,3.53,647.72,0.0,2.38
256557260123840,314.58,28,7.24,298.44,8.89,296.81,179.58,303.42,0.0,0.0,0.0,0.0,0.0,0.0,1.4,0.0,2.48,0.0,11.59,3.53,671.12,0.0,2.27
256557265096489,264.68,28,6.85,249.84,7.99,249.34,171.64,255.2,0.0,0.0,0.0,0.0,0.0,0.0,1.66,0.0,3.15,0.0,11.05,3.5,654.7,0.0,1.49
256557270092599,732.62,28,8.09,714.01,10.52,646.25,195.18,719.38,0.0,0.0,0.0,0.0,0.0,0.0,1.87,0.0,2.89,0.0,21.61,3.63,646.45,0.0,2.69
256557275697359,314.14,28,7.21,297.94,8.99,290.94,175.83,303.26,0.0,0.0,0.0,0.0,0.0,0.0,1.08,0.0,2.41,0.0,12.22,3.72,662.69,0.0,1.89
256557281054106,235.62,28,7.34,219.58,8.7,217.13,173.77,225.2,0.0,0.0,0.0,0.0,0.0,0.0,1.72,0.0,2.88,0.0,10.25,3.53,659.39,0.0,1.71
256557286076712,309.47,28,6.2,296.23,7.05,294.01,172.11,300.7,0.0,0.0,0.0,0.0,0.0,0.0,1.54,0.0,3.0,0.0,8.06,3.43,660.34,0.0,1.72
256557291629010,526.77,28,10.27,466.44,50.06,468.15,196.91,474.64,0.0,0.0,0.0,0.0,0.0,0.0,1.26,0.0,2.89,0.0,35.85,5.84,680.84,0.0,2.07
256557297180867,761.78,28,9.07,695.42,57.29,631.34,210.84,702.19,0.0,0.0,0.0,0.0,0.0,0.0,1.81,0.0,3.36,0.0,22.27,3.51,642.39,0.0,2.3
256557303208274,801.31,28,9.01,730.6,61.7,645.15,268.97,737.95,0.0,0.0,0.0,0.0,0.0,0.0,1.68,0.0,2.9,0.0,44.03,4.46,695.92,0.0,1.64
256557309034167,733.03,28,6.05,718.68,8.3,679.74,226.02,723.58,0.0,0.0,0.0,0.0,0.0,0.0,1.47,0.0,2.5,0.0,9.5,3.65,711.2,0.0,1.16
256557315246571,762.51,28,7.56,688.95,66.0,656.0,190.3,694.9,0.0,0.0,0.0,0.0,0.0,0.0,1.35,0.0,2.83,0.0,8.69,3.54,691.55,0.0,1.61
256557321029667,746.85,28,7.48,729.51,9.86,657.59,197.27,735.29,0.0,0.0,0.0,0.0,0.0,0.0,1.78,0.0,3.38,0.0,14.84,3.5,685.01,0.0,1.7
256557327077811,753.87,28,9.46,736.27,8.13,657.17,209.15,744.25,0.0,0.0,0.0,0.0,0.0,0.0,1.42,0.0,2.55,0.0,11.98,6.69,704.64,0.0,1.49
256557333079962,773.06,28,6.86,707.39,58.81,670.48,219.59,712.31,0.0,0.0,0.0,0.0,0.0,0.0,1.52,0.0,2.54,0.0,10.06,3.52,678.8,0.0,1.94
256557339088179,1443.95,28,6.22,424.09,1013.63,354.93,168.33,429.17,0.0,0.0,0.0,0.0,0.0,0.0,1.58,0.0,2.86,0.0,8.57,3.54,659.45,0.0,1.13
256557346075003,234.1,28,6.62,219.6,7.88,218.43,170.66,224.75,0.0,0.0,0.0,0.0,0.0,0.0,1.72,0.0,2.84,0.0,9.52,3.48,660.13,0.0,1.48
256557351104136,714.74,28,64.65,639.04,11.05,624.83,276.17,702.25,0.0,0.0,0.0,0.0,0.0,0.0,1.66,0.0,3.62,0.0,73.79,60.66,688.83,0.0,1.43
256557357035624,243.22,28,6.57,228.97,7.68,228.14,177.76,233.69,0.0,0.0,0.0,0.0,0.0,0.0,1.51,0.0,2.84,0.0,8.41,3.44,677.33,0.0,1.85
256557362076311,822.81,28,6.81,804.36,11.64,730.68,246.21,809.64,0.0,0.0,0.0,0.0,0.0,0.0,1.48,0.0,2.75,0.0,13.27,3.48,763.43,0.0,1.54
256557367765117,313.43,28,10.17,295.24,8.02,295.0,181.0,301.05,0.0,0.0,0.0,0.0,0.0,0.0,1.21,0.0,2.27,0.0,15.71,3.54,666.36,0.0,4.36
256557373321149,800.42,28,8.83,724.88,66.71,655.18,202.66,731.3,0.0,0.0,0.0,0.0,0.0,0.0,1.68,0.0,2.96,0.0,52.94,3.59,673.07,0.0,2.28
256557379935017,810.16,28,7.37,728.0,74.79,666.14,221.94,734.11,0.0,0.0,0.0,0.0,0.0,0.0,1.57,0.0,3.16,0.0,33.78,3.6,650.12,0.0,1.24
256557385764892,311.77,28,7.33,295.15,9.29,291.99,182.97,300.23,0.0,0.0,0.0,0.0,0.0,0.0,1.57,0.0,3.06,0.0,14.55,3.45,662.55,0.0,2.25
256557391032433,334.76,28,17.32,309.5,7.94,308.92,182.47,315.24,0.0,0.0,0.0,0.0,0.0,0.0,1.73,0.0,2.77,0.0,19.47,3.56,662.64,0.0,11.59
256557396662803,496.27,28,6.63,426.18,63.46,425.31,196.62,431.4,0.0,0.0,0.0,0.0,0.0,0.0,1.45,0.0,3.09,0.0,8.31,3.44,666.55,0.0,1.41
256557402049294,247.15,28,6.51,232.33,8.31,231.92,176.08,237.47,0.0,0.0,0.0,0.0,0.0,0.0,1.4,0.0,3.07,0.0,10.75,3.53,661.7,0.0,1.38
256557407329850,715.76,28,30.98,627.12,57.66,650.18,234.06,656.46,0.0,0.0,0.0,0.0,0.0,0.0,2.48,0.0,26.8,0.0,11.61,3.49,693.61,0.0,1.6
256557413215339,809.53,28,7.79,695.69,106.05,642.76,215.39,701.38,0.0,0.0,0.0,0.0,0.0,0.0,1.45,0.0,2.94,0.0,14.18,3.42,680.77,0.0,2.1
256557419781847,848.09,28,8.04,770.76,69.29,665.02,208.44,776.83,0.0,0.0,0.0,0.0,0.0,0.0,1.37,0.0,3.19,0.0,17.52,3.66,673.21,0.0,1.97
256557426034643,255.32,28,9.83,237.37,8.11,237.07,179.08,243.13,0.0,0.0,0.0,0.0,0.0,0.0,1.33,0.0,2.76,0.0,14.96,3.41,654.16,0.0,4.07
256557431070059,757.73,28,7.07,739.05,11.6,664.78,217.17,744.98,0.0,0.0,0.0,0.0,0.0,0.0,1.46,0.0,2.93,0.0,34.91,3.76,668.18,0.0,1.14
256557437030269,241.76,28,7.5,225.0,9.26,224.66,176.27,230.55,0.0,0.0,0.0,0.0,0.0,0.0,1.5,0.0,2.59,0.0,11.43,3.48,660.65,0.0,1.94
256557442075913,746.07,28,6.82,728.34,10.91,657.9,205.63,733.43,0.0,0.0,0.0,0.0,0.0,0.0,1.35,0.0,2.41,0.0,10.49,3.58,695.15,0.0,1.73
256557448028324,704.0,28,7.91,686.6,9.49,625.29,217.32,692.38,0.0,0.0,0.0,0.0,0.0,0.0,1.84,0.0,2.99,0.0,15.01,3.85,687.97,0.0,2.13
256557454042540,247.98,28,6.87,231.42,9.69,231.15,178.24,237.11,0.0,0.0,0.0,0.0,0.0,0.0,1.43,0.0,2.89,0.0,11.04,3.52,667.7,0.0,1.18
256557459110522,322.57,28,7.07,306.21,9.29,303.37,172.78,311.03,0.0,0.0,0.0,0.0,0.0,0.0,1.57,0.0,2.6,0.0,12.2,3.64,657.55,0.0,2.25
256557464731876,398.48,28,8.84,328.55,61.09,329.03,219.5,335.26,0.0,0.0,0.0,0.0,0.0,0.0,1.54,0.0,3.22,0.0,19.91,3.49,668.02,0.0,2.13
256557470412091,781.2,28,7.97,704.86,68.36,638.71,245.36,710.26,0.0,0.0,0.0,0.0,0.0,0.0,1.61,0.0,2.69,0.0,10.51,3.51,717.84,0.0,2.54
256557477007665,247.49,28,7.2,232.39,7.9,230.99,175.73,237.6,0.0,0.0,0.0,0.0,0.0,0.0,1.44,0.0,2.7,0.0,9.81,3.55,668.0,0.0,1.99
256557482575619,548.29,28,8.06,479.94,60.29,475.29,194.15,485.4,0.0,0.0,0.0,0.0,0.0,0.0,1.51,0.0,2.69,0.0,19.83,3.53,649.4,0.0,2.29
256557488060267,720.32,28,9.1,700.71,10.51,633.34,243.09,706.24,0.0,0.0,0.0,0.0,0.0,0.0,1.41,0.0,2.63,0.0,14.73,3.65,702.21,0.0,3.58
256557493684413,243.66,28,6.58,229.25,7.83,227.42,168.7,233.5,0.0,0.0,0.0,0.0,0.0,0.0,1.67,0.0,3.13,0.0,9.54,3.41,651.29,0.0,2.33
256557499074884,811.77,28,9.22,743.62,58.94,672.25,216.1,750.86,0.0,0.0,0.0,0.0,0.0,0.0,1.46,0.0,2.61,0.0,56.3,4.63,668.17,0.0,1.98
256557505069456,241.81,28,7.05,226.46,8.29,225.63,175.21,231.74,0.0,0.0,0.0,0.0,0.0,0.0,1.23,0.0,2.51,0.0,7.75,3.43,640.87,0.0,1.78
256557510527740,822.68,28,10.22,749.45,63.02,656.57,226.81,757.97,0.0,0.0,0.0,0.0,0.0,0.0,1.4,0.0,2.82,0.0,49.53,6.39,663.82,0.0,1.69
256557517023761,714.12,28,10.2,696.02,7.91,632.88,243.38,702.26,0.0,0.0,0.0,0.0,0.0,0.0,1.8,0.0,2.99,0.0,25.64,3.56,700.46,0.0,3.96
256557523042884,317.02,28,6.23,302.44,8.35,299.95,175.57,307.57,0.0,0.0,0.0,0.0,0.0,0.0,1.3,0.0,2.67,0.0,17.03,3.66,650.93,0.0,1.09
256557528085684,268.96,28,7.18,253.38,8.4,251.96,181.09,258.56,0.0,0.0,0.0,0.0,0.0,0.0,1.54,0.0,2.63,0.0,19.97,3.59,658.67,0.0,1.99
256557533096080,247.32,28,7.66,231.2,8.46,230.88,174.74,237.05,0.0,0.0,0.0,0.0,0.0,0.0,1.82,0.0,3.3,0.0,8.29,3.44,668.06,0.0,1.81
256557538738968,437.86,28,8.63,370.35,58.89,370.46,215.58,376.54,0.0,0.0,0.0,0.0,0.0,0.0,1.55,0.0,3.02,0.0,27.87,3.46,669.06,0.0,2.15
256557543940657,324.68,28,12.1,304.09,8.48,303.05,177.69,311.69,0.0,0.0,0.0,0.0,0.0,0.0,1.86,0.0,2.96,0.0,17.33,5.97,655.17,0.0,4.51
256557549050888,811.31,28,8.52,793.56,9.23,728.64,232.84,800.02,0.0,0.0,0.0,0.0,0.0,0.0,1.96,0.0,3.4,0.0,18.73,3.73,704.56,0.0,2.06
256557555038299,750.5,28,43.95,696.62,9.92,646.36,204.92,724.86,0.0,0.0,0.0,0.0,0.0,0.0,1.58,0.0,28.93,0.0,15.55,3.45,712.72,0.0,15.03
256557561028186,233.29,28,10.51,213.67,9.11,216.19,172.98,222.39,0.0,0.0,0.0,0.0,0.0,0.0,5.56,0.0,6.83,0.0,10.84,3.54,650.56,0.0,1.79
256557566062005,755.44,28,43.58,703.37,8.49,658.35,247.35,744.85,0.0,0.0,0.0,0.0,0.0,0.0,4.14,0.0,40.52,0.0,10.55,4.53,726.9,0.0,2.1
256557572493501,583.46,28,30.89,493.48,59.09,516.01,232.12,522.2,0.0,0.0,0.0,0.0,0.0,0.0,3.26,0.0,26.14,0.0,40.53,3.52,665.41,0.0,2.14
256557577815702,361.88,28,8.25,345.42,8.22,346.0,248.96,351.95,0.0,0.0,0.0,0.0,0.0,0.0,1.52,0.0,3.06,0.0,100.08,3.54,647.63,0.0,1.66
256557582855960,620.41,28,7.6,597.83,14.98,526.74,216.67,603.38,0.0,0.0,0.0,0.0,0.0,0.0,1.49,0.0,2.89,0.0,10.47,3.47,699.12,0.0,2.0
256557589308709,802.28,28,20.33,715.61,66.35,638.89,236.77,722.09,0.0,0.0,0.0,0.0,0.0,0.0,1.77,0.0,2.99,0.0,12.67,4.32,698.46,0.0,13.61
256557595279668,259.04,28,5.95,244.13,8.96,242.34,175.09,248.7,0.0,0.0,0.0,0.0,0.0,0.0,1.26,0.0,2.62,0.0,9.74,3.5,671.64,0.0,1.38
256557600874465,352.56,28,9.05,285.77,57.73,286.57,187.32,292.88,0.0,0.0,0.0,0.0,0.0,0.0,1.35,0.0,2.89,0.0,18.53,5.04,655.09,0.0,1.95
256557606076890,733.08,28,8.1,714.74,10.24,640.1,228.11,720.84,0.0,0.0,0.0,0.0,0.0,0.0,1.66,0.0,3.33,0.0,11.79,3.48,660.05,0.0,2.0
256557612106608,308.85,28,6.5,293.41,8.94,292.0,172.38,298.48,0.0,0.0,0.0,0.0,0.0,0.0,1.54,0.0,2.75,0.0,9.69,3.54,667.9,0.0,1.43
256557617111931,308.9,28,6.18,295.78,6.95,293.89,177.33,300.31,0.0,0.0,0.0,0.0,0.0,0.0,1.35,0.0,2.68,0.0,8.41,3.55,680.06,0.0,1.63
256557622637949,821.36,28,6.71,754.0,60.65,637.51,225.21,759.5,0.0,0.0,0.0,0.0,0.0,0.0,1.22,0.0,2.17,0.0,12.48,3.57,686.96,0.0,1.13
256557629032753,308.81,28,7.47,293.03,8.31,292.69,182.05,298.81,0.0,0.0,0.0,0.0,0.0,0.0,1.53,0.0,2.8,0.0,19.45,3.57,652.17,0.0,1.7
256557634626155,520.38,28,7.7,446.81,65.88,446.15,214.4,452.4,0.0,0.0,0.0,0.0,0.0,0.0,1.79,0.0,2.81,0.0,17.05,3.56,679.85,0.0,2.11
256557640040015,255.56,28,7.3,239.1,9.16,238.51,185.04,244.43,0.0,0.0,0.0,0.0,0.0,0.0,1.29,0.0,2.72,0.0,9.93,3.52,669.95,0.0,1.97
256557645095557,318.87,28,10.6,300.21,8.06,299.64,179.93,305.63,0.0,0.0,0.0,0.0,0.0,0.0,1.48,0.0,2.91,0.0,21.45,3.45,654.8,0.0,5.18
256557650105166,250.68,28,14.74,226.79,9.15,234.12,190.34,240.21,0.0,0.0,0.0,0.0,0.0,0.0,1.44,0.0,2.76,0.0,21.95,11.45,666.51,0.0,1.33
256557655721087,800.07,28,9.06,723.13,67.88,639.17,216.97,730.16,0.0,0.0,0.0,0.0,0.0,0.0,1.67,0.0,3.17,0.0,13.03,3.89,689.48,0.0,2.0
256557662202693,809.11,28,18.31,722.84,67.96,667.19,216.78,728.43,0.0,0.0,0.0,0.0,0.0,0.0,1.3,0.0,2.39,0.0,16.57,4.21,707.64,0.0,12.44
256557668778442,787.16,28,8.45,719.0,59.72,636.86,175.83,725.34,0.0,0.0,0.0,0.0,0.0,0.0,1.37,0.0,2.3,0.0,27.31,4.58,644.54,0.0,2.08
256557674691975,413.54,28,7.75,396.7,9.09,395.91,243.23,402.46,0.0,0.0,0.0,0.0,0.0,0.0,1.65,0.0,3.0,0.0,18.04,3.48,690.25,0.0,1.99
256557680333949,709.28,28,8.44,639.91,60.93,639.49,214.39,646.24,0.0,0.0,0.0,0.0,0.0,0.0,1.56,0.0,2.78,0.0,10.99,4.54,710.46,0.0,2.11
256557685804346,380.32,28,7.8,364.23,8.29,287.87,176.45,369.92,0.0,0.0,0.0,0.0,0.0,0.0,1.42,0.0,2.95,0.0,16.66,3.52,657.89,0.0,2.11
256557691478734,325.65,28,7.34,309.86,8.45,308.05,176.87,315.37,0.0,0.0,0.0,0.0,0.0,0.0,1.52,0.0,3.03,0.0,10.64,3.62,658.35,0.0,1.83
256557697070277,785.86,28,7.72,714.23,63.91,634.67,213.62,719.66,0.0,0.0,0.0,0.0,0.0,0.0,1.88,0.0,3.13,0.0,9.4,3.6,697.54,0.0,2.23
256557703488190,603.85,28,24.67,511.2,67.97,508.26,212.1,518.1,0.0,0.0,0.0,0.0,0.0,0.0,1.49,0.0,2.62,0.0,28.04,4.84,679.09,0.0,17.22
256557709298889,823.59,28,20.51,714.99,88.09,650.29,246.28,720.7,0.0,0.0,0.0,0.0,0.0,0.0,2.16,0.0,3.29,0.0,15.41,3.71,625.74,0.0,14.1
256557715410942,309.36,28,6.47,295.14,7.75,293.38,184.43,300.35,0.0,0.0,0.0,0.0,0.0,0.0,1.75,0.0,2.85,0.0,9.54,3.52,692.44,0.0,1.22
256557720951603,807.21,28,8.85,736.42,61.94,667.1,247.0,743.14,0.0,0.0,0.0,0.0,0.0,0.0,2.61,0.0,3.89,0.0,33.11,3.58,729.68,0.0,2.13
256557727733777,615.51,28,12.29,501.68,101.54,434.67,177.62,507.8,0.0,0.0,0.0,0.0,0.0,0.0,1.89,0.0,3.43,0.0,13.82,3.62,661.04,0.0,6.16
256557733983722,803.09,28,19.2,750.47,33.42,664.88,244.8,756.86,0.0,0.0,0.0,0.0,0.0,0.0,2.76,0.0,4.04,0.0,12.2,4.67,692.16,0.0,12.16
256557740735243,890.96,28,7.99,830.67,52.3,748.64,194.12,836.42,0.0,0.0,0.0,0.0,0.0,0.0,1.36,0.0,2.51,0.0,18.82,3.5,659.06,0.0,2.25
256557747038488,739.18,28,20.37,710.41,8.39,638.49,234.37,718.45,0.0,0.0,0.0,0.0,0.0,0.0,3.52,0.0,4.85,0.0,17.31,3.48,714.01,0.0,12.04
256557753099629,246.11,28,7.02,230.91,8.17,229.59,180.64,236.42,0.0,0.0,0.0,0.0,0.0,0.0,1.58,0.0,3.28,0.0,8.15,3.5,669.33,0.0,1.52
256557758597613,312.18,28,7.69,235.53,68.96,235.01,183.28,241.44,0.0,0.0,0.0,0.0,0.0,0.0,1.72,0.0,2.78,0.0,13.53,3.54,658.62,0.0,1.78
256557764029169,227.68,28,7.07,213.16,7.45,210.56,168.97,218.26,0.0,0.0,0.0,0.0,0.0,0.0,1.8,0.0,2.91,0.0,8.15,3.41,660.96,0.0,1.97
256557769050725,754.37,28,7.25,737.87,9.25,662.67,210.23,743.56,0.0,0.0,0.0,0.0,0.0,0.0,1.58,0.0,2.73,0.0,9.09,3.66,689.59,0.0,1.56
256557775040871,248.8,28,7.64,231.81,9.35,230.97,175.62,237.7,0.0,0.0,0.0,0.0,0.0,0.0,1.81,0.0,3.02,0.0,14.16,3.51,655.92,0.0,1.75
256557780081481,266.71,28,7.6,250.82,8.3,249.32,177.43,256.39,0.0,0.0,0.0,0.0,0.0,0.0,1.72,0.0,3.0,0.0,12.19,3.55,666.01,0.0,2.03
256557785703251,855.01,28,22.1,770.75,62.16,627.22,226.36,777.32,0.0,0.0,0.0,0.0,0.0,0.0,1.66,0.0,2.71,0.0,9.19,4.19,675.96,0.0,15.21
256557792257869,754.27,28,8.16,670.88,75.23,641.26,215.83,676.73,0.0,0.0,0.0,0.0,0.0,0.0,1.56,0.0,3.0,0.0,14.51,3.51,686.43,0.0,2.2
256557798766710,835.86,28,6.6,754.0,75.25,679.93,194.23,758.95,0.0,0.0,0.0,0.0,0.0,0.0,1.67,0.0,3.02,0.0,8.62,3.52,684.37,0.0,1.57
256557804714946,317.46,28,7.11,301.01,9.34,299.15,175.68,305.69,0.0,0.0,0.0,0.0,0.0,0.0,1.22,0.0,2.96,0.0,10.56,3.45,678.66,0.0,2.13
256557810030236,319.48,28,7.35,302.46,9.68,301.79,176.94,308.37,0.0,0.0,0.0,0.0,0.0,0.0,1.79,0.0,3.16,0.0,19.94,3.43,658.87,0.0,1.4
256557815082408,312.22,28,6.52,296.8,8.89,294.18,179.13,301.37,0.0,0.0,0.0,0.0,0.0,0.0,1.38,0.0,2.45,0.0,10.61,3.57,658.95,0.0,1.95
256557820880105,789.51,28,7.76,711.87,69.88,639.89,195.49,717.08,0.0,0.0,0.0,0.0,0.0,0.0,1.54,0.0,2.5,0.0,8.7,3.51,673.81,0.0,2.55
256557827033605,254.0,28,7.37,237.54,9.08,236.09,170.47,243.04,0.0,0.0,0.0,0.0,0.0,0.0,1.94,0.0,3.65,0.0,8.97,3.43,658.58,0.0,1.88
256557832102330,306.33,28,7.0,291.59,7.74,289.43,169.61,296.6,0.0,0.0,0.0,0.0,0.0,0.0,1.63,0.0,2.98,0.0,8.95,3.47,653.28,0.0,1.93
256557837739552,406.59,28,7.24,333.88,65.48,332.38,197.99,339.02,0.0,0.0,0.0,0.0,0.0,0.0,1.2,0.0,2.54,0.0,9.39,3.48,668.07,0.0,2.08
256557842917112,267.91,28,7.72,252.27,7.92,239.66,181.59,258.01,0.0,0.0,0.0,0.0,0.0,0.0,1.51,0.0,3.31,0.0,11.13,3.43,681.93,0.0,1.98
256557848040281,791.17,28,6.67,774.31,10.19,701.3,258.68,779.36,0.0,0.0,0.0,0.0,0.0,0.0,1.27,0.0,2.79,0.0,23.28,3.47,695.09,0.0,1.62
256557854131928,750.81,28,62.83,679.45,8.53,654.93,226.54,740.46,0.0,0.0,0.0,0.0,0.0,0.0,1.55,0.0,3.17,0.0,68.31,59.22,679.6,0.0,1.73
256557860037394,741.75,28,6.74,724.86,10.14,648.37,243.82,730.14,0.0,0.0,0.0,0.0,0.0,0.0,1.53,0.0,2.87,0.0,16.4,3.57,689.24,0.0,1.47
256557866054191,315.29,28,7.36,299.59,8.34,296.27,178.87,305.24,0.0,0.0,0.0,0.0,0.0,0.0,1.56,0.0,3.25,0.0,9.44,3.47,666.39,0.0,1.71
256557871115339,316.64,28,6.26,302.07,8.31,299.89,175.59,307.13,0.0,0.0,0.0,0.0,0.0,0.0,1.55,0.0,2.68,0.0,8.13,3.53,683.06,0.0,1.21
256557876702009,425.54,28,41.28,316.93,67.33,344.59,199.12,355.6,0.0,0.0,0.0,0.0,0.0,0.0,36.62,0.0,37.64,0.0,12.17,4.24,647.89,0.0,2.44
256557882363659,427.78,28,12.15,299.9,115.73,300.11,177.74,306.29,0.0,0.0,0.0,0.0,0.0,0.0,1.83,0.0,3.34,0.0,16.73,3.55,655.82,0.0,5.75
256557887984421,341.15,28,6.79,303.25,31.12,301.8,190.22,308.15,0.0,0.0,0.0,0.0,0.0,0.0,1.3,0.0,2.71,0.0,24.7,3.55,655.96,0.0,1.84
256557893082435,238.62,28,7.88,222.89,7.86,221.63,169.13,228.6,0.0,0.0,0.0,0.0,0.0,0.0,1.52,0.0,3.09,0.0,9.67,3.43,652.28,0.0,2.17
256557898058467,243.63,28,10.95,224.14,8.55,221.68,183.81,229.9,0.0,0.0,0.0,0.0,0.0,0.0,1.29,0.0,2.63,0.0,15.89,3.41,682.95,0.0,5.09
256557903095724,319.36,28,7.47,301.69,10.21,297.24,179.28,307.13,0.0,0.0,0.0,0.0,0.0,0.0,1.42,0.0,2.72,0.0,13.77,3.5,663.56,0.0,1.96
256557908630119,1420.33,28,12.68,406.51,1001.14,336.46,166.27,417.56,0.0,0.0,0.0,0.0,0.0,0.0,1.67,0.0,2.75,0.0,15.7,9.82,642.65,0.0,1.55
256557915325288,803.99,28,7.24,722.75,74.0,643.1,216.28,727.81,0.0,0.0,0.0,0.0,0.0,0.0,1.73,0.0,3.16,0.0,23.19,3.48,648.89,0.0,2.18
256557921945328,821.4,28,7.52,741.28,72.6,645.18,233.5,746.54,0.0,0.0,0.0,0.0,0.0,0.0,1.51,0.0,2.68,0.0,19.23,3.5,706.82,0.0,2.26
256557928223532,792.07,28,8.27,725.32,58.48,724.39,232.13,731.17,0.0,0.0,0.0,0.0,0.0,0.0,1.39,0.0,2.67,0.0,19.75,3.6,703.99,0.0,2.42
256557934268786,372.7,28,6.54,308.81,57.35,307.37,180.44,314.26,0.0,0.0,0.0,0.0,0.0,0.0,1.48,0.0,3.1,0.0,11.59,3.52,676.5,0.0,1.09
256557939871891,303.15,28,8.04,225.51,69.61,222.53,181.35,231.0,0.0,0.0,0.0,0.0,0.0,0.0,1.59,0.0,2.92,0.0,15.89,3.47,643.03,0.0,2.46
256557945505354,615.01,28,6.98,535.8,72.23,532.89,197.9,540.7,0.0,0.0,0.0,0.0,0.0,0.0,1.56,0.0,2.5,0.0,14.01,3.47,665.22,0.0,2.05
256557951038308,780.66,28,11.4,761.03,8.23,670.93,235.77,770.79,0.0,0.0,0.0,0.0,0.0,0.0,1.76,0.0,3.26,0.0,13.58,7.87,707.29,0.0,1.64
256557957038133,309.27,28,10.19,291.52,7.56,290.58,174.35,297.59,0.0,0.0,0.0,0.0,0.0,0.0,1.67,0.0,3.08,0.0,11.07,3.48,647.86,0.0,4.12
256557962096048,311.88,28,7.44,295.86,8.58,294.45,176.53,300.88,0.0,0.0,0.0,0.0,0.0,0.0,1.52,0.0,2.85,0.0,10.22,3.62,658.47,0.0,2.17
256557967607408,370.4,28,9.85,298.92,61.63,297.91,180.42,305.5,0.0,0.0,0.0,0.0,0.0,0.0,1.32,0.0,2.81,0.0,13.52,3.77,653.16,0.0,3.27
256557973310905,885.2,28,8.57,805.79,70.83,712.59,244.35,811.98,0.0,0.0,0.0,0.0,0.0,0.0,1.61,0.0,2.69,0.0,61.82,3.58,691.73,0.0,2.39
256557979431459,622.86,28,6.96,605.52,10.37,603.49,229.83,610.43,0.0,0.0,0.0,0.0,0.0,0.0,1.36,0.0,2.97,0.0,8.58,3.54,712.6,0.0,2.0
256557985029536,257.9,28,7.22,242.07,8.61,240.7,175.14,247.46,0.0,0.0,0.0,0.0,0.0,0.0,1.65,0.0,3.08,0.0,10.29,3.51,668.81,0.0,1.82
256557990064315,825.33,28,7.38,806.66,11.3,724.58,211.91,811.93,0.0,0.0,0.0,0.0,0.0,0.0,1.33,0.0,2.83,0.0,10.75,3.5,713.46,0.0,2.1
256557996028741,250.08,28,6.72,235.06,8.29,232.45,173.66,239.89,0.0,0.0,0.0,0.0,0.0,0.0,1.42,0.0,2.48,0.0,8.08,3.53,662.42,0.0,1.89
256558001067792,732.44,28,6.74,715.47,10.23,632.33,250.54,720.83,0.0,0.0,0.0,0.0,0.0,0.0,2.28,0.0,3.23,0.0,13.32,3.52,738.52,0.0,1.38
256558007026499,238.21,28,7.79,221.65,8.78,220.76,179.66,227.58,0.0,0.0,0.0,0.0,0.0,0.0,1.79,0.0,3.21,0.0,18.68,3.47,668.46,0.0,1.86
256558012080658,249.22,28,7.31,231.9,10.01,230.57,177.5,237.44,0.0,0.0,0.0,0.0,0.0,0.0,1.95,0.0,3.18,0.0,13.43,3.54,667.02,0.0,1.77
256558017108392,225.79,28,7.78,210.65,7.37,209.13,180.31,216.39,0.0,0.0,0.0,0.0,0.0,0.0,1.52,0.0,3.11,0.0,9.69,3.45,666.85,0.0,2.01
256558022642351,501.94,28,8.83,408.34,84.77,403.21,230.43,414.08,0.0,0.0,0.0,0.0,0.0,0.0,2.21,0.0,3.25,0.0,14.25,3.51,692.48,0.0,2.7
256558028383018,669.59,28,8.86,575.5,85.24,574.33,208.19,581.92,0.0,0.0,0.0,0.0,0.0,0.0,1.71,0.0,3.19,0.0,10.38,4.07,693.6,0.0,2.44
256558033843286,309.56,28,36.72,263.59,9.25,290.15,180.53,298.51,0.0,0.0,0.0,0.0,0.0,0.0,3.03,0.0,31.92,0.0,8.45,3.97,641.75,0.0,1.73
256558039279122,761.94,28,55.79,640.92,65.23,675.95,243.12,687.4,0.0,0.0,0.0,0.0,0.0,0.0,4.79,0.0,43.2,0.0,13.48,6.48,704.86,0.0,9.0
256558045045980,319.54,28,7.87,302.39,9.28,300.23,184.03,308.23,0.0,0.0,0.0,0.0,0.0,0.0,1.43,0.0,2.75,0.0,15.6,3.62,655.89,0.0,2.03
256558050822475,343.51,28,9.19,262.63,71.69,261.07,175.22,269.21,0.0,0.0,0.0,0.0,0.0,0.0,3.1,0.0,4.24,0.0,13.87,3.72,655.6,0.0,2.55
256558056059026,249.19,28,6.59,232.71,9.88,230.15,181.12,237.97,0.0,0.0,0.0,0.0,0.0,0.0,1.54,0.0,2.82,0.0,11.25,3.46,679.91,0.0,1.32
256558061078670,323.53,28,7.09,307.16,9.27,305.52,174.83,312.43,0.0,0.0,0.0,0.0,0.0,0.0,1.82,0.0,3.04,0.0,10.05,3.47,661.39,0.0,1.83
256558066180667,825.75,28,9.79,807.75,8.21,714.24,195.09,815.81,0.0,0.0,0.0,0.0,0.0,0.0,3.6,0.0,5.17,0.0,19.9,3.57,616.88,0.0,1.73
256558072033776,749.67,28,7.18,731.9,10.59,629.73,223.43,737.04,0.0,0.0,0.0,0.0,0.0,0.0,1.46,0.0,2.8,0.0,8.69,3.46,709.62,0.0,2.03
256558078037277,744.39,28,7.82,725.5,11.07,642.43,239.19,731.36,0.0,0.0,0.0,0.0,0.0,0.0,1.64,0.0,3.12,0.0,18.0,3.57,714.26,0.0,1.96
256558084026991,241.64,28,6.27,217.07,18.29,214.05,176.42,221.82,0.0,0.0,0.0,0.0,0.0,0.0,1.3,0.0,2.81,0.0,9.44,3.46,676.62,0.0,1.51
256558089073960,312.57,28,7.29,297.21,8.07,294.37,171.34,302.46,0.0,0.0,0.0,0.0,0.0,0.0,1.87,0.0,3.44,0.0,11.54,3.5,652.39,0.0,1.91
256558094682050,483.18,28,8.36,399.67,75.15,398.85,203.19,405.99,0.0,0.0,0.0,0.0,0.0,0.0,1.51,0.0,2.9,0.0,20.4,3.52,666.78,0.0,2.02
256558100068617,311.83,28,7.37,295.82,8.65,294.04,177.42,301.17,0.0,0.0,0.0,0.0,0.0,0.0,1.85,0.0,3.25,0.0,12.99,3.6,657.19,0.0,2.02
256558105613963,769.12,28,8.21,698.43,62.48,639.81,235.55,704.0,0.0,0.0,0.0,0.0,0.0,0.0,1.89,0.0,3.12,0.0,17.34,3.42,682.19,0.0,2.64
256558111733132,393.97,28,7.56,377.12,9.29,376.02,216.31,382.82,0.0,0.0,0.0,0.0,0.0,0.0,1.27,0.0,2.59,0.0,10.52,3.72,696.0,0.0,1.86
256558117045474,335.88,28,7.14,321.49,7.25,320.13,173.81,326.53,0.0,0.0,0.0,0.0,0.0,0.0,1.49,0.0,2.79,0.0,10.63,3.5,671.03,0.0,2.1
256558122740349,444.1,28,8.46,362.22,73.42,361.15,203.68,368.12,0.0,0.0,0.0,0.0,0.0,0.0,1.76,0.0,3.03,0.0,25.9,3.49,658.74,0.0,2.55
256558128459409,793.67,28,8.92,712.36,72.39,640.99,231.44,718.83,0.0,0.0,0.0,0.0,0.0,0.0,1.82,0.0,2.99,0.0,15.93,3.55,677.85,0.0,2.45
256558135018606,824.81,28,8.16,805.63,11.01,707.08,227.54,811.7,0.0,0.0,0.0,0.0,0.0,0.0,1.7,0.0,2.85,0.0,18.42,3.46,691.85,0.0,2.09
256558141774854,368.05,28,8.46,297.9,61.7,296.36,179.11,304.33,0.0,0.0,0.0,0.0,0.0,0.0,1.34,0.0,2.72,0.0,9.54,4.51,637.62,0.0,2.03
256558147051199,760.38,28,7.34,743.89,9.14,668.21,200.15,749.69,0.0,0.0,0.0,0.0,0.0,0.0,1.59,0.0,2.78,0.0,10.5,4.37,679.32,0.0,1.54
256558153040380,765.35,28,8.31,747.07,9.97,668.09,232.54,753.67,0.0,0.0,0.0,0.0,0.0,0.0,1.64,0.0,3.15,0.0,19.99,3.46,686.41,0.0,1.71
256558159348645,695.1,28,7.11,618.84,69.15,617.38,200.03,624.41,0.0,0.0,0.0,0.0,0.0,0.0,2.1,0.0,3.52,0.0,12.46,3.5,704.61,0.0,1.52
256558165032090,728.44,28,7.17,710.95,10.32,638.98,225.47,716.38,0.0,0.0,0.0,0.0,0.0,0.0,1.35,0.0,2.92,0.0,10.37,4.51,685.67,0.0,1.74
256558171671245,455.94,28,6.77,375.22,73.96,373.65,238.61,380.39,0.0,0.0,0.0,0.0,0.0,0.0,1.48,0.0,2.99,0.0,29.52,3.58,686.14,0.0,1.43
256558177036526,759.66,28,7.3,743.0,9.37,665.06,193.93,748.48,0.0,0.0,0.0,0.0,0.0,0.0,1.25,0.0,2.59,0.0,13.47,3.51,646.98,0.0,1.82
256558183712242,425.46,28,68.86,283.69,72.91,343.44,193.1,350.26,0.0,0.0,0.0,0.0,0.0,0.0,3.46,0.0,65.72,0.0,10.66,3.44,636.29,0.0,2.29
256558189370295,799.25,28,8.5,726.5,64.25,644.46,253.64,732.84,0.0,0.0,0.0,0.0,0.0,0.0,1.93,0.0,3.39,0.0,27.0,3.72,765.33,0.0,2.16
256558196007399,247.69,28,6.44,232.55,8.7,230.82,177.36,237.5,0.0,0.0,0.0,0.0,0.0,0.0,1.48,0.0,2.62,0.0,14.72,3.43,658.9,0.0,1.49
256558201071537,748.99,28,7.27,731.89,9.83,654.55,260.79,737.4,0.0,0.0,0.0,0.0,0.0,0.0,1.43,0.0,2.68,0.0,9.65,3.84,717.19,0.0,1.76
256558207048993,242.76,28,8.46,226.2,8.11,225.03,176.21,232.25,0.0,0.0,0.0,0.0,0.0,0.0,1.65,0.0,2.99,0.0,12.13,3.52,652.65,0.0,2.41
256558212414098,645.41,28,8.68,571.1,65.63,570.21,247.71,577.65,0.0,0.0,0.0,0.0,0.0,0.0,2.64,0.0,3.61,0.0,20.09,3.48,702.73,0.0,2.13
256558218056795,310.06,28,7.24,294.36,8.46,293.17,176.03,300.01,0.0,0.0,0.0,0.0,0.0,0.0,1.93,0.0,3.46,0.0,10.52,3.5,666.49,0.0,1.6
256558223550671,568.28,28,6.78,493.61,67.89,491.35,215.96,498.23,0.0,0.0,0.0,0.0,0.0,0.0,1.37,0.0,2.75,0.0,8.29,3.46,678.59,0.0,2.16
256558228899644,257.08,28,7.04,242.15,7.9,239.95,175.56,246.85,0.0,0.0,0.0,0.0,0.0,0.0,1.39,0.0,2.51,0.0,11.76,3.55,659.38,0.0,2.34
256558234036507,778.64,28,10.33,758.98,9.32,688.55,222.56,766.68,0.0,0.0,0.0,0.0,0.0,0.0,3.32,0.0,4.45,0.0,18.25,3.47,673.89,0.0,2.63
256558240313709,706.28,28,9.81,634.51,61.96,633.97,219.13,641.77,0.0,0.0,0.0,0.0,0.0,0.0,1.82,0.0,2.91,0.0,10.73,4.76,654.33,0.0,2.54
256558245766836,363.06,28,7.77,346.19,9.1,344.25,225.97,351.62,0.0,0.0,0.0,0.0,0.0,0.0,1.61,0.0,3.02,0.0,11.33,3.55,706.79,0.0,2.34
256558250889018,736.07,28,7.15,717.3,11.62,653.47,210.76,722.78,0.0,0.0,0.0,0.0,0.0,0.0,1.5,0.0,2.79,0.0,12.66,3.48,699.94,0.0,1.68
256558257168722,841.47,28,8.14,749.9,83.42,708.22,215.02,755.83,0.0,0.0,0.0,0.0,0.0,0.0,1.56,0.0,3.04,0.0,11.29,3.54,692.29,0.0,2.19
256558263035619,731.32,28,8.52,712.57,10.22,636.68,219.11,719.04,0.0,0.0,0.0,0.0,0.0,0.0,1.8,0.0,3.02,0.0,19.98,4.11,670.04,0.0,2.06
256558269114081,757.29,28,7.74,738.76,10.79,672.65,219.03,744.59,0.0,0.0,0.0,0.0,0.0,0.0,2.0,0.0,3.17,0.0,8.78,3.55,717.14,0.0,1.81
256558275259252,754.53,28,8.32,678.3,67.91,667.43,241.89,684.17,0.0,0.0,0.0,0.0,0.0,0.0,1.45,0.0,2.69,0.0,9.0,3.54,712.98,0.0,2.46
256558281292637,753.56,28,8.26,672.33,72.98,671.03,181.03,678.09,0.0,0.0,0.0,0.0,0.0,0.0,1.28,0.0,2.88,0.0,8.83,3.74,634.09,0.0,2.43
256558286816339,243.04,28,6.63,227.79,8.62,225.69,182.01,232.47,0.0,0.0,0.0,0.0,0.0,0.0,1.58,0.0,2.57,0.0,10.93,3.55,660.93,0.0,1.96
256558291790162,314.75,28,7.34,299.38,8.04,296.98,182.07,304.46,0.0,0.0,0.0,0.0,0.0,0.0,1.51,0.0,2.81,0.0,8.5,3.51,690.38,0.0,2.26
256558296897696,296.89,28,8.55,279.78,8.56,279.07,183.07,286.36,0.0,0.0,0.0,0.0,0.0,0.0,1.65,0.0,2.92,0.0,22.75,3.66,642.06,0.0,1.97
256558301886778,800.6,28,6.98,784.57,9.05,700.52,242.28,790.17,0.0,0.0,0.0,0.0,0.0,0.0,1.49,0.0,2.87,0.0,15.66,3.44,700.01,0.0,1.38
256558308069193,262.29,28,7.43,245.68,9.19,243.79,173.4,251.5,0.0,0.0,0.0,0.0,0.0,0.0,1.79,0.0,3.11,0.0,9.85,3.53,658.87,0.0,1.6
256558313096313,322.41,28,7.83,305.77,8.81,302.57,176.45,311.58,0.0,0.0,0.0,0.0,0.0,0.0,1.78,0.0,3.02,0.0,15.71,3.62,651.79,0.0,1.98
256558318619842,496.81,28,7.21,432.85,56.75,430.94,227.82,438.02,0.0,0.0,0.0,0.0,0.0,0.0,1.39,0.0,2.45,0.0,28.99,3.54,689.14,0.0,1.99
256558323841755,348.61,28,7.01,332.51,9.09,331.48,180.15,338.52,0.0,0.0,0.0,0.0,0.0,0.0,1.65,0.0,3.21,0.0,14.03,3.55,643.93,0.0,0.99
256558329419452,652.29,28,7.26,575.84,69.2,574.16,217.59,581.09,0.0,0.0,0.0,0.0,0.0,0.0,1.47,0.0,2.86,0.0,9.66,3.73,704.22,0.0,1.97
256558335345791,696.29,28,8.02,611.03,77.25,607.73,224.16,616.64,0.0,0.0,0.0,0.0,0.0,0.0,1.56,0.0,2.82,0.0,10.76,3.53,700.48,0.0,2.35
256558341028884,230.58,28,11.46,211.08,8.04,213.79,175.85,220.71,0.0,0.0,0.0,0.0,0.0,0.0,1.61,0.0,8.62,0.0,14.56,3.43,656.95,0.0,1.82
256558346073396,835.83,28,11.9,806.83,17.1,701.82,234.58,816.7,0.0,0.0,0.0,0.0,0.0,0.0,2.02,0.0,3.43,0.0,16.39,8.23,720.47,0.0,2.03
256558352035272,244.49,28,8.38,227.58,8.53,226.72,180.26,233.89,0.0,0.0,0.0,0.0,0.0,0.0,1.97,0.0,3.6,0.0,11.92,3.47,668.62,0.0,2.07
256558357012077,753.4,28,7.08,737.56,8.77,658.34,226.74,742.47,0.0,0.0,0.0,0.0,0.0,0.0,1.66,0.0,3.0,0.0,9.02,3.61,734.1,0.0,2.17
256558363031398,315.26,28,6.85,299.97,8.45,297.84,174.15,305.3,0.0,0.0,0.0,0.0,0.0,0.0,1.48,0.0,3.14,0.0,7.92,3.44,657.61,0.0,1.51
256558368088888,749.26,28,7.38,731.97,9.91,652.11,215.48,737.82,0.0,0.0,0.0,0.0,0.0,0.0,1.43,0.0,2.66,0.0,12.3,3.49,675.23,0.0,1.52
256558374253417,764.74,28,9.83,679.1,75.81,680.12,225.22,686.45,0.0,0.0,0.0,0.0,0.0,0.0,1.78,0.0,2.84,0.0,20.34,5.47,682.81,0.0,2.48
256558380033240,254.6,28,7.82,237.57,9.21,236.61,179.25,242.88,0.0,0.0,0.0,0.0,0.0,0.0,1.78,0.0,3.11,0.0,12.99,3.5,649.96,0.0,2.49
256558385086954,249.54,28,7.08,234.09,8.38,232.21,178.08,239.09,0.0,0.0,0.0,0.0,0.0,0.0,2.03,0.0,2.96,0.0,15.47,3.52,662.6,0.0,2.07
256558390047081,760.23,28,8.27,742.26,9.69,660.4,210.71,748.13,0.0,0.0,0.0,0.0,0.0,0.0,1.42,0.0,3.13,0.0,8.9,3.78,716.04,0.0,2.4
256558396272054,758.88,28,9.51,682.25,67.13,682.14,323.24,689.79,0.0,0.0,0.0,0.0,0.0,0.0,1.43,0.0,2.72,0.0,133.29,5.77,664.07,0.0,1.93
256558402038479,734.73,28,9.67,716.42,8.64,666.39,218.06,723.98,0.0,0.0,0.0,0.0,0.0,0.0,1.75,0.0,3.34,0.0,14.33,4.22,675.34,0.0,2.11
256558408031212,235.22,28,7.73,219.29,8.2,217.08,179.36,224.7,0.0,0.0,0.0,0.0,0.0,0.0,1.57,0.0,3.42,0.0,11.86,3.49,669.21,0.0,2.32
256558413080599,237.61,28,7.06,221.05,9.49,219.37,176.12,226.51,0.0,0.0,0.0,0.0,0.0,0.0,1.91,0.0,3.18,0.0,8.85,3.44,659.24,0.0,1.6
256558418095084,315.64,28,6.74,298.82,10.07,297.54,185.43,304.26,0.0,0.0,0.0,0.0,0.0,0.0,1.44,0.0,2.49,0.0,10.99,3.62,663.29,0.0,1.3
256558423700662,440.96,28,8.05,364.16,68.76,362.84,230.6,370.19,0.0,0.0,0.0,0.0,0.0,0.0,1.49,0.0,3.33,0.0,10.02,4.03,711.74,0.0,2.01
256558429033297,320.29,28,6.76,304.33,9.19,302.35,176.75,309.62,0.0,0.0,0.0,0.0,0.0,0.0,1.51,0.0,2.59,0.0,12.52,3.47,675.84,0.0,1.48
256558434684102,438.35,28,8.93,364.62,64.79,363.99,229.44,371.5,0.0,0.0,0.0,0.0,0.0,0.0,1.58,0.0,2.53,0.0,9.95,5.04,705.02,0.0,2.02
256558440040471,323.64,28,7.23,306.44,9.97,304.52,178.44,311.7,0.0,0.0,0.0,0.0,0.0,0.0,1.42,0.0,2.6,0.0,13.52,3.53,675.71,0.0,1.98
256558445127785,322.5,28,6.95,306.59,8.95,301.83,179.61,311.64,0.0,0.0,0.0,0.0,0.0,0.0,1.53,0.0,2.7,0.0,10.21,3.7,678.23,0.0,1.9
256558450763158,808.26,28,8.64,724.8,74.82,632.99,211.41,730.79,0.0,0.0,0.0,0.0,0.0,0.0,1.61,0.0,2.67,0.0,10.19,3.92,715.4,0.0,2.65
256558457042839,228.84,28,7.54,212.79,8.5,211.52,169.23,218.66,0.0,0.0,0.0,0.0,0.0,0.0,1.7,0.0,3.16,0.0,8.94,3.47,652.2,0.0,1.68
256558462085603,245.79,28,8.37,230.04,7.39,230.26,176.5,236.75,0.0,0.0,0.0,0.0,0.0,0.0,1.6,0.0,3.1,0.0,21.05,3.61,649.41,0.0,1.66
256558467095549,852.81,28,9.69,831.48,11.64,756.53,197.19,839.38,0.0,0.0,0.0,0.0,0.0,0.0,1.78,0.0,3.08,0.0,43.57,5.04,684.37,0.0,1.78
256558473750232,1490.15,28,6.62,396.64,1086.89,325.41,166.98,401.36,0.0,0.0,0.0,0.0,0.0,0.0,1.3,0.0,2.74,0.0,9.61,3.57,649.69,0.0,1.5
256558480995761,248.51,28,8.5,218.37,21.64,217.11,177.71,224.25,0.0,0.0,0.0,0.0,0.0,0.0,1.77,0.0,3.12,0.0,13.25,3.46,663.41,0.0,2.61
256558486072615,315.31,28,7.5,299.64,8.16,298.67,179.94,305.52,0.0,0.0,0.0,0.0,0.0,0.0,2.08,0.0,3.06,0.0,13.12,3.55,665.28,0.0,1.62
256558491116616,308.06,28,7.0,291.94,9.12,289.96,177.92,297.08,0.0,0.0,0.0,0.0,0.0,0.0,1.74,0.0,3.05,0.0,20.36,3.49,659.21,0.0,1.8
256558496203791,317.05,28,7.82,299.79,9.43,298.85,171.77,305.67,0.0,0.0,0.0,0.0,0.0,0.0,1.59,0.0,3.08,0.0,11.45,3.59,652.44,0.0,1.94
256558501739381,399.7,28,7.43,313.84,78.42,311.34,185.55,319.26,0.0,0.0,0.0,0.0,0.0,0.0,1.57,0.0,2.86,0.0,15.62,3.48,648.33,0.0,2.02
256558507058387,316.62,28,8.21,298.77,9.63,296.35,173.64,305.12,0.0,0.0,0.0,0.0,0.0,0.0,2.15,0.0,3.29,0.0,11.8,3.53,661.36,0.0,1.86
256558512755496,830.19,28,6.71,748.35,75.13,657.23,156.17,753.87,0.0,0.0,0.0,0.0,0.0,0.0,1.38,0.0,2.76,0.0,12.7,3.52,654.64,0.0,1.17
256558519147242,860.28,28,40.7,753.42,66.17,707.03,242.58,792.65,0.0,0.0,0.0,0.0,0.0,0.0,2.2,0.0,37.46,0.0,8.52,3.74,712.91,0.0,1.44
256558525039054,730.69,28,10.44,709.56,10.7,636.17,199.96,718.06,0.0,0.0,0.0,0.0,0.0,0.0,1.18,0.0,2.72,0.0,18.05,6.96,676.59,0.0,1.94
256558531031916,792.37,28,19.91,762.3,10.15,701.39,253.87,779.68,0.0,0.0,0.0,0.0,0.0,0.0,1.45,0.0,3.21,0.0,24.32,15.81,725.44,0.0,2.54
256558537068214,791.1,28,25.41,756.6,9.09,667.06,282.25,769.37,0.0,0.0,0.0,0.0,0.0,0.0,1.76,0.0,2.95,0.0,71.86,9.98,724.16,0.0,12.48
256558543274842,718.65,28,7.76,700.53,10.36,629.36,215.59,705.9,0.0,0.0,0.0,0.0,0.0,0.0,1.7,0.0,2.61,0.0,14.35,3.48,674.52,0.0,2.35
256558549176707,862.95,28,130.59,649.19,83.17,643.83,246.08,654.22,0.0,0.0,0.0,0.0,0.0,0.0,1.22,0.0,2.4,0.0,31.49,3.44,682.94,0.0,125.16
256558555044113,305.21,28,7.68,288.45,9.07,286.77,174.01,293.41,0.0,0.0,0.0,0.0,0.0,0.0,1.47,0.0,2.79,0.0,16.09,3.58,668.6,0.0,2.53
256558560169514,244.34,28,8.08,227.15,9.1,226.96,180.43,232.99,0.0,0.0,0.0,0.0,0.0,0.0,1.8,0.0,3.47,0.0,15.5,3.69,670.0,0.0,2.02
256558565225089,263.92,28,6.22,248.79,8.91,247.21,176.22,253.73,0.0,0.0,0.0,0.0,0.0,0.0,1.32,0.0,2.72,0.0,9.23,3.46,659.52,0.0,1.28
256558570739533,447.6,28,7.48,370.77,69.35,369.52,203.57,376.3,0.0,0.0,0.0,0.0,0.0,0.0,1.83,0.0,2.8,0.0,15.0,3.55,684.08,0.0,1.87
256558576070950,317.78,28,8.15,301.71,7.91,300.78,176.62,307.76,0.0,0.0,0.0,0.0,0.0,0.0,1.7,0.0,2.87,0.0,13.65,3.6,668.21,0.0,2.11
256558581093678,757.18,28,7.37,739.07,10.74,657.38,258.49,744.29,0.0,0.0,0.0,0.0,0.0,0.0,1.58,0.0,2.91,0.0,21.03,3.48,716.25,0.0,2.15
256558587272022,770.78,28,6.73,751.33,12.72,660.82,221.91,755.61,0.0,0.0,0.0,0.0,0.0,0.0,1.79,0.0,2.79,0.0,11.69,3.58,702.36,0.0,2.43
256558593905336,385.21,28,7.64,303.23,74.34,302.06,172.12,308.73,0.0,0.0,0.0,0.0,0.0,0.0,1.5,0.0,3.09,0.0,9.96,3.52,658.73,0.0,2.15
256558599636050,513.07,28,8.53,440.46,64.08,440.0,252.66,446.95,0.0,0.0,0.0,0.0,0.0,0.0,2.52,0.0,3.54,0.0,33.73,4.65,678.85,0.0,1.96
256558605281350,731.19,28,7.3,647.39,76.51,628.27,217.64,652.3,0.0,0.0,0.0,0.0,0.0,0.0,1.79,0.0,2.95,0.0,7.8,3.48,686.0,0.0,2.33
256558610853134,243.13,28,6.27,228.54,8.32,226.22,169.33,233.63,0.0,0.0,0.0,0.0,0.0,0.0,1.7,0.0,2.84,0.0,8.5,3.44,646.56,0.0,1.17
256558616303339,729.47,28,7.21,649.91,72.35,647.26,217.37,654.88,0.0,0.0,0.0,0.0,0.0,0.0,1.88,0.0,3.38,0.0,8.32,3.86,678.83,0.0,2.18
256558622033554,725.15,28,7.23,709.64,8.28,631.09,221.96,715.05,0.0,0.0,0.0,0.0,0.0,0.0,2.04,0.0,3.12,0.0,27.3,3.51,685.58,0.0,1.81
256558628029496,780.45,28,9.17,760.01,11.27,687.48,230.12,767.02,0.0,0.0,0.0,0.0,0.0,0.0,1.6,0.0,2.72,0.0,21.26,6.35,699.35,0.0,2.16
256558634775435,322.56,28,7.59,254.33,60.64,253.07,184.64,259.78,0.0,0.0,0.0,0.0,0.0,0.0,1.33,0.0,2.52,0.0,17.45,3.54,667.94,0.0,2.14
256558640047473,247.79,28,6.36,232.84,8.59,230.69,174.68,237.5,0.0,0.0,0.0,0.0,0.0,0.0,1.59,0.0,2.94,0.0,9.35,3.54,666.27,0.0,1.69
256558645093722,785.49,28,8.22,768.4,8.87,671.05,232.73,774.34,0.0,0.0,0.0,0.0,0.0,0.0,1.83,0.0,2.91,0.0,11.13,3.46,726.77,0.0,2.25
256558650735792,382.37,28,6.93,366.8,8.64,364.01,198.12,371.75,0.0,0.0,0.0,0.0,0.0,0.0,1.32,0.0,2.51,0.0,19.78,3.49,668.42,0.0,1.99
256558655902783,781.32,28,6.73,765.35,9.23,666.84,215.97,770.43,0.0,0.0,0.0,0.0,0.0,0.0,1.41,0.0,2.94,0.0,8.52,3.4,710.99,0.0,1.65
256558662267028,755.88,28,7.79,679.23,68.86,670.39,202.29,684.74,0.0,0.0,0.0,0.0,0.0,0.0,1.23,0.0,2.78,0.0,8.39,3.63,647.37,0.0,2.27
256558668306043,838.32,28,52.9,706.33,79.09,672.74,222.39,756.34,0.0,0.0,0.0,0.0,0.0,0.0,1.52,0.0,48.1,0.0,9.3,3.56,687.77,0.0,2.89
256558674962289,905.32,28,47.22,806.52,51.59,774.33,217.14,851.66,0.0,0.0,0.0,0.0,0.0,0.0,40.35,0.0,41.65,0.0,33.59,3.49,697.22,0.0,2.07
256558681351809,816.76,28,7.71,748.12,60.93,648.11,214.9,753.95,0.0,0.0,0.0,0.0,0.0,0.0,1.59,0.0,2.96,0.0,16.22,3.51,718.67,0.0,1.88
256558687478884,320.45,28,11.1,300.13,9.22,298.51,183.88,305.65,0.0,0.0,0.0,0.0,0.0,0.0,1.59,0.0,2.7,0.0,17.59,3.51,643.65,0.0,5.58
256558692579376,504.02,28,6.48,488.58,8.97,487.33,257.8,493.84,0.0,0.0,0.0,0.0,0.0,0.0,1.29,0.0,2.85,0.0,19.19,3.56,706.42,0.0,1.17
256558697847564,503.97,28,6.88,487.12,9.96,429.22,198.64,491.99,0.0,0.0,0.0,0.0,0.0,0.0,1.6,0.0,2.75,0.0,8.07,3.55,685.68,0.0,2.01
256558704365224,372.74,28,7.57,299.08,66.09,297.3,174.62,304.85,0.0,0.0,0.0,0.0,0.0,0.0,1.57,0.0,3.05,0.0,12.62,3.53,667.36,0.0,1.79
256558710016291,261.47,28,6.92,246.0,8.56,231.58,181.65,250.61,0.0,0.0,0.0,0.0,0.0,0.0,1.28,0.0,2.47,0.0,15.05,3.5,645.63,0.0,2.18
256558715681311,953.07,28,8.38,868.35,76.34,781.68,221.66,874.41,0.0,0.0,0.0,0.0,0.0,0.0,1.75,0.0,2.83,0.0,19.54,3.5,730.81,0.0,2.27
256558722234895,776.58,28,8.03,698.32,70.23,680.49,196.47,703.55,0.0,0.0,0.0,0.0,0.0,0.0,1.46,0.0,2.53,0.0,11.74,3.6,696.35,0.0,2.68
256558728571224,829.82,28,7.37,742.63,79.82,655.67,217.8,747.9,0.0,0.0,0.0,0.0,0.0,0.0,1.7,0.0,2.8,0.0,13.97,3.46,676.79,0.0,1.99
256558735042917,254.24,28,7.13,239.16,7.95,237.82,171.58,244.25,0.0,0.0,0.0,0.0,0.0,0.0,1.68,0.0,3.04,0.0,11.36,3.56,655.22,0.0,2.05
256558740102497,748.12,28,19.43,717.36,11.33,637.32,245.32,724.21,0.0,0.0,0.0,0.0,0.0,0.0,2.24,0.0,3.37,0.0,22.43,3.81,715.91,0.0,12.58
256558745787628,392.43,28,23.73,358.13,10.57,353.9,191.68,364.5,0.0,0.0,0.0,0.0,0.0,0.0,1.32,0.0,2.46,0.0,28.86,4.16,656.91,0.0,17.11
256558751071160,312.22,28,8.11,295.91,8.2,295.78,175.65,302.54,0.0,0.0,0.0,0.0,0.0,0.0,2.06,0.0,3.99,0.0,12.43,3.6,660.52,0.0,1.48
256558756259851,803.19,28,13.8,778.82,10.57,639.66,207.88,784.98,0.0,0.0,0.0,0.0,0.0,0.0,1.84,0.0,3.23,0.0,17.59,4.52,684.19,0.0,7.25
256558762882232,374.84,28,7.95,311.48,55.41,310.89,185.52,316.99,0.0,0.0,0.0,0.0,0.0,0.0,1.6,0.0,2.81,0.0,20.29,3.56,644.36,0.0,2.44
256558768068433,260.38,28,7.06,244.61,8.71,243.28,177.47,250.02,0.0,0.0,0.0,0.0,0.0,0.0,1.68,0.0,3.19,0.0,8.05,3.45,659.91,0.0,1.58
256558773660719,502.14,28,25.53,405.76,70.85,405.34,223.6,414.08,0.0,0.0,0.0,0.0,0.0,0.0,1.33,0.0,2.33,0.0,19.7,7.77,673.43,0.0,16.68
256558779060252,247.6,28,7.45,232.2,7.95,230.34,173.73,237.54,0.0,0.0,0.0,0.0,0.0,0.0,1.56,0.0,2.94,0.0,11.12,3.5,657.9,0.0,2.11
256558784082085,246.5,28,18.25,219.5,8.74,218.69,175.6,225.92,0.0,0.0,0.0,0.0,0.0,0.0,1.45,0.0,2.75,0.0,23.64,3.67,653.4,0.0,11.84
256558789143347,232.26,28,13.13,209.61,9.52,210.07,173.69,221.04,0.0,0.0,0.0,0.0,0.0,0.0,8.23,0.0,9.71,0.0,8.4,3.49,662.78,0.0,1.71
256558794704173,881.38,28,27.02,775.88,78.49,651.47,218.81,782.5,0.0,0.0,0.0,0.0,0.0,0.0,1.37,0.0,2.52,0.0,37.1,5.97,665.67,0.0,19.75
256558801255767,249.72,28,7.69,233.01,9.02,231.02,173.25,238.57,0.0,0.0,0.0,0.0,0.0,0.0,1.28,0.0,2.72,0.0,11.14,3.56,650.72,0.0,2.14
256558806829859,799.53,28,8.58,720.79,70.15,635.69,210.76,726.89,0.0,0.0,0.0,0.0,0.0,0.0,1.38,0.0,2.98,0.0,11.29,3.79,681.62,0.0,2.48
256558813075056,319.06,28,6.99,303.13,8.94,301.19,174.13,308.2,0.0,0.0,0.0,0.0,0.0,0.0,1.73,0.0,2.79,0.0,8.95,3.48,671.83,0.0,1.92
256558818719989,414.95,28,9.72,327.83,77.4,327.96,204.47,334.97,0.0,0.0,0.0,0.0,0.0,0.0,1.59,0.0,2.79,0.0,16.17,4.62,648.99,0.0,2.54
256558824044390,745.31,28,8.96,726.22,10.13,648.29,223.05,733.13,0.0,0.0,0.0,0.0,0.0,0.0,1.7,0.0,3.0,0.0,13.5,3.91,690.02,0.0,2.05
256558830032393,250.49,28,6.92,234.59,8.98,232.42,177.26,238.84,0.0,0.0,0.0,0.0,0.0,0.0,1.67,0.0,2.7,0.0,8.5,3.45,667.78,0.0,2.61
256558835681986,798.16,28,7.89,710.95,79.32,638.22,210.03,716.09,0.0,0.0,0.0,0.0,0.0,0.0,1.89,0.0,2.98,0.0,10.73,3.49,665.11,0.0,2.6
256558842547180,807.04,28,7.72,734.12,65.2,658.04,239.95,739.62,0.0,0.0,0.0,0.0,0.0,0.0,1.78,0.0,3.25,0.0,20.2,3.66,706.83,0.0,2.22
256558849173226,832.63,28,8.63,750.44,73.57,672.5,204.66,756.49,0.0,0.0,0.0,0.0,0.0,0.0,1.46,0.0,2.9,0.0,13.67,4.3,691.52,0.0,2.52
256558854882868,244.77,28,7.47,228.39,8.91,227.09,170.61,233.58,0.0,0.0,0.0,0.0,0.0,0.0,1.63,0.0,2.8,0.0,8.55,3.44,648.29,0.0,2.24
256558860048083,862.24,28,7.64,845.28,9.32,730.48,223.31,850.8,0.0,0.0,0.0,0.0,0.0,0.0,2.22,0.0,3.26,0.0,11.49,3.48,679.81,0.0,2.12
256558866114874,251.34,28,6.2,237.0,8.15,235.15,176.31,241.5,0.0,0.0,0.0,0.0,0.0,0.0,1.46,0.0,2.84,0.0,9.25,3.45,666.52,0.0,1.69
256558871134786,738.32,28,6.28,722.34,9.7,635.13,209.33,727.4,0.0,0.0,0.0,0.0,0.0,0.0,1.2,0.0,2.63,0.0,8.91,3.48,714.36,0.0,1.23
256558877052883,237.45,28,8.14,220.21,9.1,218.68,177.41,226.14,0.0,0.0,0.0,0.0,0.0,0.0,1.6,0.0,3.03,0.0,23.9,3.7,654.16,0.0,2.21
256558882094887,734.26,28,9.05,713.68,11.52,637.49,236.77,720.19,0.0,0.0,0.0,0.0,0.0,0.0,2.84,0.0,4.71,0.0,9.64,3.63,689.96,0.0,2.42
256558888092458,308.32,28,7.01,293.39,7.91,291.76,174.52,298.64,0.0,0.0,0.0,0.0,0.0,0.0,1.56,0.0,2.89,0.0,8.43,3.46,670.61,0.0,1.76
256558893686631,436.3,28,9.03,363.47,63.8,363.73,226.2,370.22,0.0,0.0,0.0,0.0,0.0,0.0,3.29,0.0,4.84,0.0,32.75,3.59,682.44,0.0,2.28
256558899068791,261.92,28,7.01,246.86,8.05,244.17,174.55,251.94,0.0,0.0,0.0,0.0,0.0,0.0,1.58,0.0,2.84,0.0,9.7,3.49,653.77,0.0,1.93
256558904654221,459.9,28,9.79,389.61,60.5,388.56,220.46,396.96,0.0,0.0,0.0,0.0,0.0,0.0,1.43,0.0,2.54,0.0,14.19,5.48,703.51,0.0,2.42
256558910058677,325.04,28,7.8,308.69,8.55,307.54,172.13,314.38,0.0,0.0,0.0,0.0,0.0,0.0,1.85,0.0,3.14,0.0,9.37,3.48,641.21,0.0,2.12
256558915685249,438.97,28,8.07,363.2,67.7,361.71,220.02,368.76,0.0,0.0,0.0,0.0,0.0,0.0,2.7,0.0,3.98,0.0,9.79,3.87,697.86,0.0,2.46
256558921016955,319.24,28,7.19,303.26,8.79,300.65,177.59,308.27,0.0,0.0,0.0,0.0,0.0,0.0,1.58,0.0,2.97,0.0,8.37,3.38,672.04,0.0,2.15
256558926091080,241.1,28,7.73,224.88,8.48,223.7,183.16,230.84,0.0,0.0,0.0,0.0,0.0,0.0,1.71,0.0,3.12,0.0,13.53,3.48,654.03,0.0,1.74
256558931201951,319.3,28,12.4,298.85,8.04,302.76,171.95,309.25,0.0,0.0,0.0,0.0,0.0,0.0,1.74,0.0,9.55,0.0,13.99,3.54,653.14,0.0,1.97
256558936250684,230.75,28,15.18,206.85,8.72,213.42,175.73,219.75,0.0,0.0,0.0,0.0,0.0,0.0,8.74,0.0,10.32,0.0,16.87,3.49,650.03,0.0,2.28
256558941908861,381.02,28,8.51,298.65,73.87,297.83,187.7,304.4,0.0,0.0,0.0,0.0,0.0,0.0,1.25,0.0,2.98,0.0,31.8,3.65,651.8,0.0,2.73
256558947104643,771.7,28,6.99,755.04,9.67,673.15,187.41,760.54,0.0,0.0,0.0,0.0,0.0,0.0,1.58,0.0,2.92,0.0,12.83,3.58,665.1,0.0,1.5
256558953429504,942.24,28,8.6,849.07,84.57,761.47,206.83,855.13,0.0,0.0,0.0,0.0,0.0,0.0,1.45,0.0,2.75,0.0,13.31,3.5,676.38,0.0,2.54
256558960337749,710.79,28,8.87,622.78,79.14,622.42,231.5,629.66,0.0,0.0,0.0,0.0,0.0,0.0,2.28,0.0,3.6,0.0,25.27,3.51,691.4,0.0,1.93
256558966194812,823.92,28,9.07,725.54,89.32,648.82,219.77,732.29,0.0,0.0,0.0,0.0,0.0,0.0,3.08,0.0,4.14,0.0,8.97,3.46,679.2,0.0,2.31
256558972955047,840.18,28,9.24,742.9,88.04,673.95,201.1,749.49,0.0,0.0,0.0,0.0,0.0,0.0,1.64,0.0,3.26,0.0,18.68,3.56,637.17,0.0,2.65
256558979055653,309.82,28,6.8,294.71,8.31,292.95,176.04,300.09,0.0,0.0,0.0,0.0,0.0,0.0,1.56,0.0,2.94,0.0,11.92,3.55,664.77,0.0,1.42
256558984652169,502.35,28,7.61,415.99,78.75,414.71,230.78,421.4,0.0,0.0,0.0,0.0,0.0,0.0,1.72,0.0,3.06,0.0,13.94,3.45,684.74,0.0,2.15
256558989958867,316.82,28,9.67,298.68,8.47,298.71,179.17,305.16,0.0,0.0,0.0,0.0,0.0,0.0,1.89,0.0,2.95,0.0,16.54,3.53,659.58,0.0,3.19
256558995053132,805.26,28,9.32,786.09,9.85,657.0,220.83,793.31,0.0,0.0,0.0,0.0,0.0,0.0,1.43,0.0,2.53,0.0,18.73,5.4,706.0,0.0,2.1
256559001040086,769.1,28,8.42,750.34,10.34,665.5,225.53,756.2,0.0,0.0,0.0,0.0,0.0,0.0,1.52,0.0,2.97,0.0,155.09,3.49,550.55,0.0,2.56
256559007227228,787.66,28,8.69,705.67,73.3,694.4,227.81,712.01,0.0,0.0,0.0,0.0,0.0,0.0,1.66,0.0,3.15,0.0,26.82,3.59,667.99,0.0,2.26
256559013033524,316.12,28,10.94,296.85,8.33,296.19,178.56,302.75,0.0,0.0,0.0,0.0,0.0,0.0,1.43,0.0,2.81,0.0,19.26,3.49,659.89,0.0,5.03
256559018117009,726.73,28,8.14,710.57,8.02,642.78,202.59,716.16,0.0,0.0,0.0,0.0,0.0,0.0,1.71,0.0,2.78,0.0,11.87,3.44,649.79,0.0,2.5
256559023858805,330.73,28,97.02,224.22,9.49,311.89,258.49,319.23,0.0,0.0,0.0,0.0,0.0,0.0,1.45,0.0,2.92,0.0,98.83,93.41,627.21,0.0,2.01
256559028919708,259.42,28,7.5,244.01,7.92,241.9,172.72,249.18,0.0,0.0,0.0,0.0,0.0,0.0,1.33,0.0,2.73,0.0,10.0,3.6,657.49,0.0,2.33
256559034097866,759.86,28,7.15,741.16,11.55,659.63,225.77,746.31,0.0,0.0,0.0,0.0,0.0,0.0,1.55,0.0,2.77,0.0,8.93,3.61,740.24,0.0,1.97
256559040037222,252.11,28,7.42,236.62,8.07,234.03,172.52,241.94,0.0,0.0,0.0,0.0,0.0,0.0,1.62,0.0,3.04,0.0,9.61,3.46,661.2,0.0,2.1
256559045616275,1281.49,28,6.71,430.19,844.59,334.87,164.18,435.37,0.0,0.0,0.0,0.0,0.0,0.0,1.58,0.0,2.92,0.0,9.45,3.53,639.95,0.0,1.53
256559052948291,973.13,28,23.83,872.04,77.26,783.06,215.84,877.7,0.0,0.0,0.0,0.0,0.0,0.0,1.5,0.0,2.73,0.0,13.7,5.02,693.76,0.0,17.71
256559059874598,309.23,28,10.04,228.77,70.42,228.28,181.13,236.12,0.0,0.0,0.0,0.0,0.0,0.0,1.7,0.0,3.44,0.0,19.96,4.67,646.85,0.0,2.35
256559064955274,746.57,28,8.23,727.96,10.38,639.91,199.17,734.18,0.0,0.0,0.0,0.0,0.0,0.0,2.03,0.0,3.32,0.0,18.26,3.57,674.48,0.0,2.01
256559071298184,829.3,28,6.85,750.82,71.63,670.36,205.22,756.04,0.0,0.0,0.0,0.0,0.0,0.0,1.82,0.0,2.91,0.0,12.19,3.46,681.33,0.0,1.56
256559077681567,316.28,28,7.97,299.64,8.67,298.4,182.29,305.62,0.0,0.0,0.0,0.0,0.0,0.0,1.65,0.0,3.22,0.0,15.32,3.51,673.5,0.0,1.99
256559083319635,799.92,28,8.33,714.81,76.78,639.66,223.81,721.06,0.0,0.0,0.0,0.0,0.0,0.0,2.01,0.0,3.48,0.0,11.78,3.49,715.94,0.0,2.08
256559089578139,523.15,28,9.57,502.88,10.7,503.2,217.32,510.41,0.0,0.0,0.0,0.0,0.0,0.0,2.65,0.0,4.11,0.0,18.84,3.49,686.28,0.0,1.98
256559094944282,768.16,28,6.74,751.36,10.06,665.38,214.8,756.45,0.0,0.0,0.0,0.0,0.0,0.0,1.77,0.0,3.01,0.0,8.73,3.49,711.93,0.0,1.65
256559101359898,691.54,28,45.44,573.43,72.66,609.85,268.0,616.76,0.0,0.0,0.0,0.0,0.0,0.0,39.73,0.0,41.31,0.0,31.34,5.79,732.23,0.0,2.11
256559106893240,252.74,28,15.7,228.44,8.6,235.55,175.44,242.1,0.0,0.0,0.0,0.0,0.0,0.0,1.73,0.0,11.53,0.0,17.19,3.53,654.31,0.0,2.05
256559112036120,759.23,28,7.21,731.27,20.75,646.14,231.65,737.06,0.0,0.0,0.0,0.0,0.0,0.0,2.06,0.0,3.46,0.0,9.19,3.88,650.79,0.0,1.17
256559118732044,790.21,28,8.03,703.5,78.68,629.81,208.27,709.22,0.0,0.0,0.0,0.0,0.0,0.0,2.03,0.0,3.16,0.0,22.38,4.46,680.27,0.0,2.1
256559125072979,717.41,28,8.39,699.25,9.76,632.93,224.75,705.22,0.0,0.0,0.0,0.0,0.0,0.0,1.42,0.0,2.53,0.0,17.14,3.69,687.02,0.0,2.21
256559130836460,253.92,28,8.03,236.67,9.22,232.87,173.48,242.28,0.0,0.0,0.0,0.0,0.0,0.0,1.78,0.0,3.48,0.0,8.94,3.46,676.47,0.0,2.28
256559136041648,772.33,28,9.73,751.82,10.77,667.22,237.08,759.28,0.0,0.0,0.0,0.0,0.0,0.0,1.47,0.0,2.77,0.0,17.69,5.64,701.37,0.0,2.07
256559142999251,238.15,28,7.83,212.62,17.69,210.9,179.47,218.79,0.0,0.0,0.0,0.0,0.0,0.0,1.56,0.0,2.92,0.0,19.74,3.57,661.38,0.0,1.67
256559148095473,241.44,28,7.57,226.0,7.87,223.98,176.04,231.26,0.0,0.0,0.0,0.0,0.0,0.0,1.59,0.0,3.02,0.0,11.48,3.53,664.9,0.0,2.31
256559153713462,809.52,28,7.71,729.62,72.2,647.03,210.62,735.53,0.0,0.0,0.0,0.0,0.0,0.0,1.77,0.0,3.05,0.0,20.79,3.56,674.41,0.0,1.79
256559160248052,763.0,28,8.02,675.57,79.4,633.46,188.12,681.54,0.0,0.0,0.0,0.0,0.0,0.0,1.49,0.0,3.17,0.0,18.61,3.48,653.63,0.0,2.02
256559166034554,736.21,28,8.08,718.66,9.47,638.62,224.57,724.94,0.0,0.0,0.0,0.0,0.0,0.0,1.64,0.0,2.71,0.0,11.61,4.36,674.24,0.0,1.77
256559172065277,262.72,28,7.02,247.53,8.18,245.54,178.5,252.25,0.0,0.0,0.0,0.0,0.0,0.0,1.6,0.0,2.65,0.0,11.99,3.58,684.18,0.0,2.29
256559177743327,814.65,28,6.93,725.22,82.51,659.45,241.13,730.8,0.0,0.0,0.0,0.0,0.0,0.0,2.19,0.0,3.16,0.0,15.32,3.53,732.87,0.0,1.26
256559184112107,315.83,28,6.93,300.52,8.37,296.56,172.22,306.14,0.0,0.0,0.0,0.0,0.0,0.0,1.66,0.0,2.72,0.0,11.8,3.56,661.7,0.0,1.31
256559189823513,400.87,28,8.52,311.73,80.61,310.95,187.09,318.23,0.0,0.0,0.0,0.0,0.0,0.0,1.6,0.0,2.84,0.0,23.29,3.66,648.74,0.0,2.03
256559195846846,392.61,28,8.58,308.85,75.18,307.24,179.35,315.27,0.0,0.0,0.0,0.0,0.0,0.0,2.12,0.0,3.3,0.0,24.39,3.63,643.31,0.0,2.16
256559201079132,251.19,28,8.04,233.61,9.54,232.41,175.81,239.4,0.0,0.0,0.0,0.0,0.0,0.0,1.44,0.0,2.79,0.0,14.99,3.63,651.83,0.0,2.24
256559206608739,497.64,28,7.46,402.89,87.29,402.39,189.1,409.15,0.0,0.0,0.0,0.0,0.0,0.0,1.35,0.0,2.64,0.0,14.53,4.45,648.99,0.0,1.18
256559212494259,619.54,28,21.06,518.65,79.83,516.89,215.24,525.86,0.0,0.0,0.0,0.0,0.0,0.0,1.75,0.0,2.83,0.0,16.79,4.61,659.7,0.0,13.62
256559218060254,308.94,28,7.28,293.7,7.96,292.57,176.16,299.24,0.0,0.0,0.0,0.0,0.0,0.0,1.83,0.0,3.32,0.0,11.69,3.51,665.49,0.0,1.75
256559223720022,447.18,28,7.58,369.44,70.16,368.07,211.91,375.24,0.0,0.0,0.0,0.0,0.0,0.0,1.84,0.0,3.18,0.0,12.19,3.52,689.44,0.0,1.78
256559229008185,248.26,28,8.27,231.8,8.19,230.66,179.53,237.66,0.0,0.0,0.0,0.0,0.0,0.0,2.04,0.0,3.43,0.0,14.97,3.56,660.86,0.0,2.4
256559234602584,836.46,28,10.74,748.66,77.05,653.17,185.08,756.48,0.0,0.0,0.0,0.0,0.0,0.0,1.43,0.0,2.41,0.0,15.53,6.11,646.2,0.0,2.53
256559241045924,731.16,28,7.56,713.95,9.65,639.36,231.93,719.61,0.0,0.0,0.0,0.0,0.0,0.0,1.8,0.0,3.22,0.0,12.01,3.55,694.9,0.0,1.91
256559247033006,325.56,28,7.3,310.03,8.23,308.76,178.02,315.44,0.0,0.0,0.0,0.0,0.0,0.0,1.77,0.0,3.18,0.0,13.0,3.46,675.5,0.0,1.89
256559252702773,807.62,28,10.41,725.06,72.15,644.22,254.4,732.54,0.0,0.0,0.0,0.0,0.0,0.0,1.3,0.0,2.66,0.0,12.67,5.62,687.81,0.0,2.81
256559259037962,747.38,28,50.74,683.62,13.01,639.01,190.65,732.72,0.0,0.0,0.0,0.0,0.0,0.0,2.51,0.0,47.57,0.0,9.27,4.13,667.02,0.0,1.64
256559265028928,240.3,28,13.41,217.25,9.64,221.49,176.65,228.18,0.0,0.0,0.0,0.0,0.0,0.0,1.37,0.0,8.24,0.0,23.4,3.62,648.13,0.0,2.47
256559270566174,577.89,28,7.97,488.89,81.02,488.04,200.8,495.28,0.0,0.0,0.0,0.0,0.0,0.0,1.86,0.0,3.26,0.0,11.13,3.92,659.06,0.0,1.56
256559276045916,732.93,28,8.72,714.26,9.95,634.24,209.21,720.88,0.0,0.0,0.0,0.0,0.0,0.0,2.12,0.0,3.38,0.0,10.78,3.78,663.13,0.0,2.11
256559282038642,733.04,28,17.43,706.58,9.04,631.33,245.29,711.98,0.0,0.0,0.0,0.0,0.0,0.0,1.98,0.0,2.97,0.0,24.08,3.45,728.38,0.0,11.75
256559287841412,249.39,28,7.08,233.8,8.51,232.38,169.74,238.8,0.0,0.0,0.0,0.0,0.0,0.0,1.5,0.0,2.98,0.0,9.63,3.48,655.96,0.0,2.07
256559293044803,276.14,28,6.84,260.9,8.4,259.03,175.85,266.21,0.0,0.0,0.0,0.0,0.0,0.0,1.9,0.0,3.31,0.0,10.06,3.59,663.05,0.0,1.34
256559298664733,790.2,28,7.94,701.05,81.21,624.92,217.67,706.34,0.0,0.0,0.0,0.0,0.0,0.0,1.67,0.0,3.28,0.0,24.07,3.56,684.91,0.0,2.58
256559305057715,268.9,28,6.55,253.48,8.87,250.94,176.67,258.51,0.0,0.0,0.0,0.0,0.0,0.0,1.63,0.0,2.94,0.0,8.66,3.57,662.71,0.0,1.52
256559310677952,487.93,28,8.81,403.58,75.54,402.19,217.33,409.94,0.0,0.0,0.0,0.0,0.0,0.0,1.73,0.0,2.81,0.0,26.3,3.56,682.5,0.0,2.44
256559316632434,825.17,28,7.82,733.71,83.65,663.46,225.66,738.95,0.0,0.0,0.0,0.0,0.0,0.0,1.35,0.0,2.59,0.0,11.94,3.89,693.93,0.0,2.52
256559323435945,625.42,28,7.58,542.69,75.14,541.21,208.76,547.94,0.0,0.0,0.0,0.0,0.0,0.0,1.92,0.0,3.08,0.0,14.41,3.6,684.14,0.0,2.08
256559329072082,237.52,28,7.51,220.62,9.39,219.46,181.8,226.32,0.0,0.0,0.0,0.0,0.0,0.0,1.64,0.0,2.96,0.0,16.72,3.54,665.71,0.0,1.76
256559334713893,828.47,28,8.14,738.58,81.75,666.88,217.84,745.45,0.0,0.0,0.0,0.0,0.0,0.0,1.7,0.0,3.21,0.0,11.91,4.07,656.68,0.0,1.25
256559341509358,582.34,28,8.49,485.18,88.67,484.93,237.76,491.85,0.0,0.0,0.0,0.0,0.0,0.0,2.35,0.0,3.86,0.0,25.62,3.44,672.67,0.0,1.8
256559347364925,685.42,28,7.74,594.98,82.71,590.8,224.69,600.6,0.0,0.0,0.0,0.0,0.0,0.0,1.45,0.0,2.68,0.0,14.95,3.58,691.55,0.0,2.02
256559353400420,676.14,28,7.39,587.42,81.34,585.44,233.81,593.4,0.0,0.0,0.0,0.0,0.0,0.0,1.77,0.0,3.32,0.0,19.72,3.48,722.06,0.0,1.3
256559358881287,330.19,28,19.22,302.08,8.89,296.42,183.02,308.14,0.0,0.0,0.0,0.0,0.0,0.0,2.41,0.0,3.44,0.0,14.58,5.26,667.02,0.0,12.7
256559364071665,307.23,28,7.09,292.56,7.58,291.56,176.82,297.73,0.0,0.0,0.0,0.0,0.0,0.0,1.42,0.0,2.87,0.0,9.69,3.43,667.04,0.0,1.92
256559369671414,314.75,28,7.28,231.0,76.48,228.67,168.8,235.58,0.0,0.0,0.0,0.0,0.0,0.0,1.49,0.0,2.43,0.0,10.17,3.52,645.99,0.0,2.5
256559375043680,319.64,28,8.67,300.56,10.41,290.09,178.42,306.89,0.0,0.0,0.0,0.0,0.0,0.0,1.69,0.0,3.01,0.0,20.29,3.5,645.07,0.0,2.3
256559380749679,435.27,28,6.31,353.4,75.56,351.63,189.78,358.6,0.0,0.0,0.0,0.0,0.0,0.0,1.63,0.0,2.92,0.0,8.29,3.48,675.06,0.0,1.11
256559386097899,846.64,28,7.5,824.64,14.5,731.07,222.97,829.89,0.0,0.0,0.0,0.0,0.0,0.0,1.94,0.0,3.0,0.0,9.55,3.44,705.88,0.0,2.23
256559392028932,240.66,28,7.97,223.08,9.61,221.69,173.62,228.8,0.0,0.0,0.0,0.0,0.0,0.0,1.64,0.0,3.46,0.0,10.64,3.46,659.69,0.0,2.25
256559397101416,240.9,28,7.72,224.84,8.34,223.64,182.77,230.49,0.0,0.0,0.0,0.0,0.0,0.0,1.35,0.0,2.69,0.0,21.25,3.48,665.26,0.0,2.07
256559402685263,889.64,28,13.35,804.31,71.98,714.93,248.29,815.03,0.0,0.0,0.0,0.0,0.0,0.0,5.29,0.0,6.28,0.0,13.54,4.45,734.06,0.0,2.63
256559409008097,788.0,28,8.63,766.37,13.0,673.08,194.96,773.22,0.0,0.0,0.0,0.0,0.0,0.0,1.35,0.0,2.71,0.0,14.04,6.0,649.81,0.0,1.7
256559415775750,838.51,28,8.14,752.9,77.47,661.28,188.35,758.04,0.0,0.0,0.0,0.0,0.0,0.0,1.38,0.0,2.86,0.0,8.59,3.71,639.57,0.0,2.78
256559422787219,826.81,28,7.66,739.68,79.47,659.93,230.03,744.7,0.0,0.0,0.0,0.0,0.0,0.0,1.27,0.0,2.42,0.0,26.27,3.47,658.96,0.0,2.53
256559429676316,835.38,28,7.51,752.75,75.12,660.64,199.81,758.65,0.0,0.0,0.0,0.0,0.0,0.0,1.47,0.0,2.57,0.0,11.42,3.81,703.62,0.0,1.51
256559436436650,797.41,28,7.69,722.34,67.38,644.32,219.95,728.1,0.0,0.0,0.0,0.0,0.0,0.0,1.56,0.0,3.03,0.0,12.35,3.49,713.13,0.0,1.94
256559443036676,761.85,28,8.15,744.71,8.99,695.48,204.23,750.66,0.0,0.0,0.0,0.0,0.0,0.0,1.65,0.0,2.93,0.0,12.4,3.63,687.41,0.0,2.2
256559449081524,788.88,28,6.78,762.15,19.96,670.31,200.85,767.67,0.0,0.0,0.0,0.0,0.0,0.0,1.71,0.0,2.82,0.0,16.68,3.47,672.29,0.0,1.26
256559455941035,898.24,28,9.32,813.93,74.99,719.21,558.91,820.96,0.0,0.0,0.0,0.0,0.0,0.0,1.73,0.0,3.17,0.0,19.51,4.21,689.33,0.0,2.28
256559463036119,794.07,28,8.66,773.96,11.46,678.49,208.54,780.43,0.0,0.0,0.0,0.0,0.0,0.0,1.68,0.0,3.05,0.0,16.38,3.63,670.38,0.0,1.99
256559470037290,721.94,28,7.3,706.26,8.38,666.65,198.71,711.54,0.0,0.0,0.0,0.0,0.0,0.0,1.63,0.0,3.04,0.0,21.24,3.53,646.9,0.0,1.99
256559476890148,800.13,28,8.87,716.31,74.95,642.84,237.94,722.6,0.0,0.0,0.0,0.0,0.0,0.0,1.71,0.0,2.69,0.0,17.6,4.63,710.16,0.0,2.47
256559483903905,332.51,28,22.5,229.22,80.78,240.91,182.95,248.81,0.0,0.0,0.0,0.0,0.0,0.0,1.47,0.0,2.82,0.0,29.15,18.48,651.22,0.0,2.9
256559489493018,755.55,28,7.97,737.14,10.44,658.02,201.7,742.79,0.0,0.0,0.0,0.0,0.0,0.0,2.29,0.0,3.27,0.0,10.27,3.58,660.55,0.0,2.32
256559496207548,822.1,28,8.27,803.97,9.87,724.77,203.81,810.39,0.0,0.0,0.0,0.0,0.0,0.0,1.56,0.0,2.94,0.0,15.31,3.48,649.77,0.0,1.84
256559503073228,321.55,28,12.03,299.8,9.73,299.15,179.21,306.48,0.0,0.0,0.0,0.0,0.0,0.0,1.68,0.0,3.14,0.0,16.93,3.62,654.07,0.0,5.27
256559509034136,280.91,28,7.52,264.43,8.97,262.3,174.74,270.05,0.0,0.0,0.0,0.0,0.0,0.0,2.18,0.0,3.24,0.0,12.02,3.45,653.53,0.0,1.9
256559515019471,252.68,28,6.57,236.32,9.79,234.43,176.95,240.89,0.0,0.0,0.0,0.0,0.0,0.0,1.38,0.0,2.43,0.0,15.5,3.48,671.64,0.0,2.0
256559520440759,266.17,28,7.48,248.97,9.71,246.08,172.69,254.12,0.0,0.0,0.0,0.0,0.0,0.0,1.45,0.0,2.75,0.0,10.71,3.58,648.0,0.0,2.34
256559526030576,253.08,28,7.48,236.0,9.6,231.75,189.43,241.68,0.0,0.0,0.0,0.0,0.0,0.0,1.75,0.0,3.07,0.0,15.45,3.6,676.28,0.0,1.77
256559531151964,741.26,28,7.67,720.49,13.1,639.29,228.94,725.68,0.0,0.0,0.0,0.0,0.0,0.0,1.53,0.0,2.67,0.0,16.28,3.44,705.46,0.0,2.49
256559537047034,234.44,28,6.53,220.02,7.9,217.12,173.29,224.68,0.0,0.0,0.0,0.0,0.0,0.0,1.37,0.0,2.48,0.0,10.06,3.4,658.31,0.0,1.86
256559542721874,321.57,28,8.16,236.94,76.47,235.6,173.18,242.83,0.0,0.0,0.0,0.0,0.0,0.0,1.51,0.0,2.93,0.0,9.23,3.57,640.22,0.0,2.27
256559548049014,316.46,28,6.43,301.63,8.41,299.79,173.94,306.84,0.0,0.0,0.0,0.0,0.0,0.0,1.26,0.0,2.62,0.0,13.56,3.65,663.16,0.0,1.22
256559553707404,421.72,28,8.22,333.37,80.13,331.98,214.06,338.96,0.0,0.0,0.0,0.0,0.0,0.0,1.7,0.0,2.83,0.0,11.35,3.52,697.44,0.0,2.63
256559559441451,632.16,28,8.22,550.19,73.75,547.66,250.53,555.55,0.0,0.0,0.0,0.0,0.0,0.0,1.83,0.0,2.93,0.0,31.48,3.64,700.4,0.0,2.86
256559565046779,311.28,28,6.93,295.28,9.07,293.07,174.45,301.03,0.0,0.0,0.0,0.0,0.0,0.0,1.68,0.0,2.96,0.0,12.21,3.5,662.71,0.0,1.18
256559570763056,816.84,28,8.63,725.28,82.92,642.89,240.17,731.59,0.0,0.0,0.0,0.0,0.0,0.0,1.88,0.0,3.02,0.0,17.96,3.98,693.3,0.0,2.24
256559577742717,833.23,28,8.07,747.14,78.02,668.09,185.47,752.69,0.0,0.0,0.0,0.0,0.0,0.0,1.58,0.0,2.88,0.0,8.97,3.54,689.61,0.0,2.47
256559584750546,432.19,28,7.11,349.68,75.41,348.44,179.72,354.87,0.0,0.0,0.0,0.0,0.0,0.0,1.63,0.0,2.57,0.0,10.63,3.58,657.64,0.0,1.89
256559590076081,315.74,28,6.75,300.89,8.09,299.06,168.16,306.19,0.0,0.0,0.0,0.0,0.0,0.0,1.55,0.0,3.01,0.0,8.91,3.62,657.65,0.0,1.45
256559595822187,394.41,28,8.99,305.97,79.45,305.29,201.38,312.44,0.0,0.0,0.0,0.0,0.0,0.0,1.66,0.0,2.8,0.0,39.27,3.69,640.91,0.0,2.5
256559601046254,250.57,28,6.83,236.9,6.85,234.94,170.95,241.95,0.0,0.0,0.0,0.0,0.0,0.0,1.39,0.0,2.53,0.0,15.53,3.63,651.75,0.0,1.77
256559606193853,758.86,28,7.38,739.63,11.85,646.42,201.42,745.89,0.0,0.0,0.0,0.0,0.0,0.0,2.17,0.0,3.34,0.0,13.71,3.7,657.21,0.0,1.11
256559612030590,263.78,28,7.06,247.46,9.25,233.73,171.98,252.54,0.0,0.0,0.0,0.0,0.0,0.0,1.6,0.0,3.1,0.0,8.41,3.46,663.9,0.0,1.97
256559617174306,820.01,28,9.8,800.58,9.63,682.77,220.74,807.36,0.0,0.0,0.0,0.0,0.0,0.0,1.44,0.0,2.82,0.0,61.33,4.01,678.47,0.0,2.98
256559623412414,677.2,28,134.49,471.41,71.3,467.97,205.31,477.3,0.0,0.0,0.0,0.0,0.0,0.0,1.56,0.0,2.58,0.0,17.83,3.54,641.15,0.0,128.37
256559629009862,379.76,28,6.76,295.0,78.0,293.21,186.92,300.68,0.0,0.0,0.0,0.0,0.0,0.0,1.64,0.0,2.77,0.0,23.04,3.46,661.27,0.0,1.09
256559634188073,321.0,28,7.93,304.75,8.32,297.14,177.74,310.45,0.0,0.0,0.0,0.0,0.0,0.0,1.61,0.0,3.02,0.0,10.96,3.45,678.39,0.0,2.23
256559639863919,1937.68,28,6.6,443.05,1488.04,356.15,164.1,448.32,0.0,0.0,0.0,0.0,0.0,0.0,2.0,0.0,2.97,0.0,9.2,3.59,642.68,0.0,1.32
256559647315013,832.87,28,8.58,745.76,78.53,653.4,211.82,752.25,0.0,0.0,0.0,0.0,0.0,0.0,1.87,0.0,3.07,0.0,9.44,3.68,678.4,0.0,2.08
256559653810403,329.77,28,8.46,312.73,8.58,311.84,188.18,318.99,0.0,0.0,0.0,0.0,0.0,0.0,1.87,0.0,3.25,0.0,17.06,3.74,691.89,0.0,2.2
256559660092777,921.66,28,9.37,840.67,71.63,792.25,188.92,848.55,0.0,0.0,0.0,0.0,0.0,0.0,2.18,0.0,4.25,0.0,14.34,6.61,652.25,0.0,1.45
256559666790150,370.19,28,8.02,277.51,84.66,272.09,187.13,282.73,0.0,0.0,0.0,0.0,0.0,0.0,1.82,0.0,3.15,0.0,14.2,3.47,620.76,0.0,2.77
256559672062888,770.89,28,9.93,747.68,13.29,644.35,222.82,756.01,0.0,0.0,0.0,0.0,0.0,0.0,1.71,0.0,3.23,0.0,30.52,5.88,692.54,0.0,1.6
256559678032864,240.8,28,11.31,220.83,8.66,218.93,179.15,226.91,0.0,0.0,0.0,0.0,0.0,0.0,1.66,0.0,3.1,0.0,11.02,3.41,668.92,0.0,5.22
256559683750177,814.08,28,8.49,716.61,88.98,632.97,187.79,722.59,0.0,0.0,0.0,0.0,0.0,0.0,1.55,0.0,3.23,0.0,10.79,4.4,681.23,0.0,2.52
256559689796349,317.16,28,7.87,300.73,8.55,297.86,166.54,306.31,0.0,0.0,0.0,0.0,0.0,0.0,1.86,0.0,2.97,0.0,12.69,3.52,641.77,0.0,2.3
256559695046693,312.37,28,12.87,290.5,9.0,294.64,179.23,301.42,0.0,0.0,0.0,0.0,0.0,0.0,6.85,0.0,8.95,0.0,14.76,3.48,662.9,0.0,1.95
256559700260055,333.12,28,16.14,309.06,7.91,311.27,182.59,323.34,0.0,0.0,0.0,0.0,0.0,0.0,1.61,0.0,12.0,0.0,19.53,3.54,660.57,0.0,1.87
256559705970475,879.37,28,9.38,732.94,137.05,631.89,197.36,739.66,0.0,0.0,0.0,0.0,0.0,0.0,2.09,0.0,3.43,0.0,13.5,3.57,653.99,0.0,2.66
256559713047785,897.01,28,7.87,803.54,85.6,716.08,225.34,808.58,0.0,0.0,0.0,0.0,0.0,0.0,1.21,0.0,2.52,0.0,18.3,3.56,676.28,0.0,2.64
256559720009576,762.41,28,7.5,744.35,10.57,663.15,211.89,749.56,0.0,0.0,0.0,0.0,0.0,0.0,1.72,0.0,2.9,0.0,9.59,3.7,672.23,0.0,2.28
256559726794941,403.6,28,7.76,314.75,81.08,312.79,175.49,319.85,0.0,0.0,0.0,0.0,0.0,0.0,1.23,0.0,2.55,0.0,12.52,3.52,645.2,0.0,2.55
256559732075016,753.03,28,6.38,735.93,10.71,657.73,228.34,740.82,0.0,0.0,0.0,0.0,0.0,0.0,1.71,0.0,2.8,0.0,9.85,3.61,696.16,0.0,1.5
256559738222811,795.55,28,10.06,712.02,73.47,713.75,219.67,720.4,0.0,0.0,0.0,0.0,0.0,0.0,2.12,0.0,3.36,0.0,19.78,5.43,660.21,0.0,1.57
256559744039046,804.32,28,8.5,786.43,9.39,676.57,206.6,792.62,0.0,0.0,0.0,0.0,0.0,0.0,1.36,0.0,2.51,0.0,24.0,4.58,656.36,0.0,2.31
256559750323879,866.65,28,8.18,774.06,84.41,672.04,246.99,780.14,0.0,0.0,0.0,0.0,0.0,0.0,1.71,0.0,2.84,0.0,30.22,4.03,701.82,0.0,2.1
256559756829510,589.15,28,10.2,566.19,12.77,463.58,197.47,572.07,0.0,0.0,0.0,0.0,0.0,0.0,1.42,0.0,2.48,0.0,13.18,3.48,722.51,0.0,4.32
256559763033949,236.32,28,6.7,221.36,8.26,219.94,178.45,226.35,0.0,0.0,0.0,0.0,0.0,0.0,1.26,0.0,2.54,0.0,10.25,3.68,671.21,0.0,1.71
256559768681951,481.0,28,7.7,384.85,88.45,383.12,211.22,389.95,0.0,0.0,0.0,0.0,0.0,0.0,1.46,0.0,2.56,0.0,51.59,3.56,690.09,0.0,2.52
256559774079814,253.42,28,9.98,235.13,8.31,232.42,181.37,239.71,0.0,0.0,0.0,0.0,0.0,0.0,1.47,0.0,2.53,0.0,14.59,3.5,661.05,0.0,5.4
256559779939975,817.92,28,8.6,727.77,81.56,636.73,218.59,733.87,0.0,0.0,0.0,0.0,0.0,0.0,1.86,0.0,3.19,0.0,13.17,3.72,722.71,0.0,2.47
256559786812600,920.53,28,9.27,831.04,80.22,742.93,214.92,837.76,0.0,0.0,0.0,0.0,0.0,0.0,2.01,0.0,3.26,0.0,14.31,3.49,656.71,0.0,2.52
256559793044615,265.57,28,7.35,248.61,9.62,246.19,173.91,253.82,0.0,0.0,0.0,0.0,0.0,0.0,1.68,0.0,3.03,0.0,9.36,3.49,669.22,0.0,2.14
256559798688665,438.45,28,7.07,354.24,77.15,352.35,221.59,359.81,0.0,0.0,0.0,0.0,0.0,0.0,1.22,0.0,2.29,0.0,24.02,3.54,673.29,0.0,1.5
256559804110018,318.99,28,7.46,302.68,8.85,301.76,176.56,308.1,0.0,0.0,0.0,0.0,0.0,0.0,1.86,0.0,3.16,0.0,9.3,3.46,674.05,0.0,2.03
256559809846999,382.8,28,7.29,301.52,73.99,295.45,174.39,306.26,0.0,0.0,0.0,0.0,0.0,0.0,1.19,0.0,2.58,0.0,8.83,3.44,669.16,0.0,2.52
256559815499610,328.44,28,6.63,313.0,8.81,309.85,178.41,317.34,0.0,0.0,0.0,0.0,0.0,0.0,1.37,0.0,2.48,0.0,8.16,3.41,670.28,0.0,2.3
256559821067296,748.77,28,7.31,730.49,10.98,640.62,219.19,735.96,0.0,0.0,0.0,0.0,0.0,0.0,1.36,0.0,2.68,0.0,24.15,3.58,709.23,0.0,1.83
256559828032588,774.24,28,7.82,755.08,11.34,668.07,238.47,760.49,0.0,0.0,0.0,0.0,0.0,0.0,1.67,0.0,3.0,0.0,10.92,3.54,692.22,0.0,2.11
256559834708721,893.48,28,7.92,802.81,82.75,646.53,237.13,808.47,0.0,0.0,0.0,0.0,0.0,0.0,1.6,0.0,2.79,0.0,83.54,4.12,698.43,0.0,1.83
256559841666411,499.05,28,8.9,391.46,98.68,385.62,201.2,397.86,0.0,0.0,0.0,0.0,0.0,0.0,1.28,0.0,2.57,0.0,20.53,3.93,689.14,0.0,2.4
256559847740189,443.38,28,7.78,363.65,71.95,358.72,201.66,368.59,0.0,0.0,0.0,0.0,0.0,0.0,1.6,0.0,3.08,0.0,10.45,3.6,682.34,0.0,2.64
256559853681009,303.64,28,7.61,286.78,9.25,284.67,175.25,292.06,0.0,0.0,0.0,0.0,0.0,0.0,1.5,0.0,2.63,0.0,9.65,3.46,670.17,0.0,2.33
256559859291020,768.82,28,8.2,750.59,10.03,656.28,231.34,756.68,0.0,0.0,0.0,0.0,0.0,0.0,1.73,0.0,2.86,0.0,9.34,4.11,710.81,0.0,2.09
256559866859267,397.85,28,7.14,307.06,83.65,304.4,181.51,311.45,0.0,0.0,0.0,0.0,0.0,0.0,1.18,0.0,2.22,0.0,14.44,3.48,646.79,0.0,2.65
256559873067627,318.76,28,8.69,301.11,8.96,299.51,178.99,307.35,0.0,0.0,0.0,0.0,0.0,0.0,1.67,0.0,2.92,0.0,18.04,3.49,662.13,0.0,2.45
256559879029337,255.56,28,11.18,235.28,9.11,233.94,181.47,240.92,0.0,0.0,0.0,0.0,0.0,0.0,1.81,0.0,3.1,0.0,13.99,3.48,658.12,0.0,5.29
256559884987074,260.98,28,8.49,221.58,30.9,219.88,180.93,227.9,0.0,0.0,0.0,0.0,0.0,0.0,1.73,0.0,3.3,0.0,10.81,3.58,676.79,0.0,2.16
256559890557108,523.9,28,6.94,508.41,8.55,503.25,218.95,513.23,0.0,0.0,0.0,0.0,0.0,0.0,1.48,0.0,2.57,0.0,11.36,3.5,699.29,0.0,2.07
256559896737690,871.76,28,8.15,786.0,77.61,684.69,192.14,791.88,0.0,0.0,0.0,0.0,0.0,0.0,1.44,0.0,2.98,0.0,11.87,3.58,666.99,0.0,2.27
256559903265640,309.97,28,7.94,292.91,9.12,290.11,174.49,298.51,0.0,0.0,0.0,0.0,0.0,0.0,1.6,0.0,2.66,0.0,10.74,3.53,657.88,0.0,2.34
256559909344216,708.81,28,22.83,597.74,88.23,593.45,213.84,603.74,0.0,0.0,0.0,0.0,0.0,0.0,1.64,0.0,2.79,0.0,18.71,3.54,671.4,0.0,16.5
256559915852765,815.5,28,9.55,730.55,75.4,634.17,226.66,737.62,0.0,0.0,0.0,0.0,0.0,0.0,3.22,0.0,4.45,0.0,18.38,3.54,721.38,0.0,2.48
256559922048643,868.58,28,7.1,850.31,11.17,740.34,217.42,855.52,0.0,0.0,0.0,0.0,0.0,0.0,1.56,0.0,2.63,0.0,9.47,3.6,705.73,0.0,1.89
256559928433864,856.14,28,8.37,763.89,83.89,661.76,238.78,769.44,0.0,0.0,0.0,0.0,0.0,0.0,1.47,0.0,2.67,0.0,23.55,3.44,703.12,0.0,2.81
256559934746614,270.18,28,6.72,253.42,10.03,251.49,176.17,258.64,0.0,0.0,0.0,0.0,0.0,0.0,1.61,0.0,3.05,0.0,10.3,3.5,667.23,0.0,1.5
256559940240861,319.47,28,7.24,303.12,9.11,299.92,171.48,308.35,0.0,0.0,0.0,0.0,0.0,0.0,1.74,0.0,3.09,0.0,11.75,3.44,654.99,0.0,2.01
256559945950805,370.5,28,7.65,299.84,63.01,296.91,175.56,305.37,0.0,0.0,0.0,0.0,0.0,0.0,1.76,0.0,3.25,0.0,8.64,3.48,666.3,0.0,2.1
256559951745664,844.36,28,21.81,736.81,85.75,629.74,250.94,743.2,0.0,0.0,0.0,0.0,0.0,0.0,2.11,0.0,3.41,0.0,36.47,3.65,670.36,0.0,14.74
256559957853570,297.6,28,7.56,280.17,9.87,278.4,173.49,285.27,0.0,0.0,0.0,0.0,0.0,0.0,1.66,0.0,2.83,0.0,9.23,3.56,620.61,0.0,2.41
256559963045568,850.04,28,155.06,613.17,81.81,649.84,202.34,765.98,0.0,0.0,0.0,0.0,0.0,0.0,3.44,0.0,149.54,0.0,12.99,4.28,674.74,0.0,2.25
256559969041732,357.49,28,9.48,339.22,8.79,336.81,169.89,345.69,0.0,0.0,0.0,0.0,0.0,0.0,2.21,0.0,3.41,0.0,13.67,3.47,650.64,0.0,3.01
256559975115274,893.47,28,8.69,783.33,101.44,667.72,214.07,789.7,0.0,0.0,0.0,0.0,0.0,0.0,1.55,0.0,3.03,0.0,17.32,3.59,676.15,0.0,2.33
256559980866249,242.9,28,7.48,227.06,8.36,224.62,169.77,232.15,0.0,0.0,0.0,0.0,0.0,0.0,1.51,0.0,2.91,0.0,11.04,3.4,662.77,0.0,2.4
256559986053900,886.4,28,23.23,851.75,11.41,739.88,222.4,858.29,0.0,0.0,0.0,0.0,0.0,0.0,2.06,0.0,3.29,0.0,32.89,3.51,679.52,0.0,16.43
256559992362193,974.98,28,7.97,887.28,79.73,643.76,194.9,893.14,0.0,0.0,0.0,0.0,0.0,0.0,1.4,0.0,2.98,0.0,15.4,4.47,661.39,0.0,2.11
256559998854034,785.94,28,9.99,765.58,10.37,664.53,225.54,773.19,0.0,0.0,0.0,0.0,0.0,0.0,1.33,0.0,2.39,0.0,19.25,5.22,703.76,0.0,2.38
256560006260724,269.72,28,9.47,250.98,9.27,248.54,184.32,257.55,0.0,0.0,0.0,0.0,0.0,0.0,1.58,0.0,3.04,0.0,24.91,3.57,661.65,0.0,2.86
256560011954363,879.1,28,8.72,804.01,66.37,680.98,196.89,809.89,0.0,0.0,0.0,0.0,0.0,0.0,1.52,0.0,2.85,0.0,16.79,3.65,668.06,0.0,2.85
256560018040719,809.51,28,8.73,790.51,10.27,683.72,211.19,796.69,0.0,0.0,0.0,0.0,0.0,0.0,1.7,0.0,3.13,0.0,19.71,3.6,692.41,0.0,2.55
256560024345977,389.23,28,8.65,292.77,87.81,289.96,188.24,298.96,0.0,0.0,0.0,0.0,0.0,0.0,1.52,0.0,2.79,0.0,21.04,3.48,675.1,0.0,2.38
256560029600073,524.45,28,8.09,506.94,9.41,505.3,189.65,513.63,0.0,0.0,0.0,0.0,0.0,0.0,1.31,0.0,2.78,0.0,13.16,5.44,653.87,0.0,1.41
256560035049148,835.78,28,8.33,748.16,79.29,641.21,222.63,754.34,0.0,0.0,0.0,0.0,0.0,0.0,1.62,0.0,2.93,0.0,19.3,3.88,697.78,0.0,2.15
256560041033654,791.44,28,8.04,772.62,10.78,676.05,216.72,778.85,0.0,0.0,0.0,0.0,0.0,0.0,1.63,0.0,3.46,0.0,16.36,3.42,661.14,0.0,1.81
256560047474581,326.39,28,6.84,310.48,9.07,307.58,179.03,315.42,0.0,0.0,0.0,0.0,0.0,0.0,1.49,0.0,2.68,0.0,9.64,3.45,671.28,0.0,1.9
256560053028111,322.31,28,16.51,296.21,9.58,301.39,183.96,310.47,0.0,0.0,0.0,0.0,0.0,0.0,1.43,0.0,2.84,0.0,21.95,13.32,670.43,0.0,2.25
256560058225428,320.01,28,11.24,300.28,8.49,300.52,171.19,309.56,0.0,0.0,0.0,0.0,0.0,0.0,1.74,0.0,9.28,0.0,9.62,3.46,672.75,0.0,1.96
256560063401042,288.81,28,17.23,264.18,7.4,270.73,178.7,279.18,0.0,0.0,0.0,0.0,0.0,0.0,11.79,0.0,12.9,0.0,15.81,3.59,672.0,0.0,2.23
256560069101960,884.05,28,10.01,780.7,93.34,668.36,201.22,787.62,0.0,0.0,0.0,0.0,0.0,0.0,2.21,0.0,3.54,0.0,18.25,3.53,675.3,0.0,2.95
256560075497176,316.31,28,8.41,299.3,8.6,299.17,179.2,305.4,0.0,0.0,0.0,0.0,0.0,0.0,1.54,0.0,3.38,0.0,15.01,3.46,672.22,0.0,2.31
256560080687162,247.74,28,7.24,231.97,8.54,229.87,175.3,237.21,0.0,0.0,0.0,0.0,0.0,0.0,1.68,0.0,2.86,0.0,8.16,3.44,657.89,0.0,2.0
256560086248677,764.97,28,8.28,669.72,86.98,647.38,230.84,675.4,0.0,0.0,0.0,0.0,0.0,0.0,2.16,0.0,3.55,0.0,12.84,3.51,689.9,0.0,2.54
256560092092973,320.62,28,7.46,303.12,10.03,299.66,169.43,308.33,0.0,0.0,0.0,0.0,0.0,0.0,1.59,0.0,2.54,0.0,12.07,3.47,631.74,0.0,2.25
256560097920090,942.17,28,20.16,829.13,92.88,736.27,238.18,835.89,0.0,0.0,0.0,0.0,0.0,0.0,1.82,0.0,3.76,0.0,54.28,4.25,692.75,0.0,12.86
256560104054803,325.68,28,7.38,309.99,8.31,305.45,175.99,315.72,0.0,0.0,0.0,0.0,0.0,0.0,1.58,0.0,2.62,0.0,14.11,3.6,659.55,0.0,1.54
256560109773109,871.57,28,9.43,779.3,82.85,683.15,187.25,785.91,0.0,0.0,0.0,0.0,0.0,0.0,1.23,0.0,2.73,0.0,16.39,5.46,666.84,0.0,2.62
256560116048290,234.36,28,7.98,217.84,8.54,216.59,181.59,223.51,0.0,0.0,0.0,0.0,0.0,0.0,1.63,0.0,3.25,0.0,12.32,3.58,673.89,0.0,2.31
256560121913850,874.87,28,8.06,773.42,93.38,655.43,223.78,780.08,0.0,0.0,0.0,0.0,0.0,0.0,1.75,0.0,3.05,0.0,20.27,3.61,665.59,0.0,1.4
256560129183929,825.0,28,9.05,729.6,86.36,638.39,252.99,735.96,0.0,0.0,0.0,0.0,0.0,0.0,1.99,0.0,3.27,0.0,18.36,3.56,703.73,0.0,2.67
256560135048931,766.84,28,7.72,747.15,11.96,636.87,207.31,752.58,0.0,0.0,0.0,0.0,0.0,0.0,1.59,0.0,2.68,0.0,12.58,5.01,690.85,0.0,2.3
256560141398573,664.68,28,7.47,579.8,77.41,576.71,219.93,585.27,0.0,0.0,0.0,0.0,0.0,0.0,1.74,0.0,3.0,0.0,11.54,3.53,711.02,0.0,2.0
256560147070725,256.62,28,10.36,236.37,9.89,236.16,177.09,242.78,0.0,0.0,0.0,0.0,0.0,0.0,1.88,0.0,2.97,0.0,23.0,3.44,648.91,0.0,3.96
256560152685270,945.94,28,7.26,848.4,90.28,743.55,231.61,853.25,0.0,0.0,0.0,0.0,0.0,0.0,1.62,0.0,2.67,0.0,9.73,4.91,717.67,0.0,2.3
256560159037386,230.3,28,7.05,215.17,8.08,213.33,177.25,220.35,0.0,0.0,0.0,0.0,0.0,0.0,1.32,0.0,2.72,0.0,10.17,3.52,670.64,0.0,1.74
256560164580547,400.0,28,8.14,312.35,79.51,309.88,179.06,318.09,0.0,0.0,0.0,0.0,0.0,0.0,1.31,0.0,2.6,0.0,14.3,3.58,648.94,0.0,2.4
256560170544214,580.2,28,8.39,489.06,82.74,488.04,203.51,495.2,0.0,0.0,0.0,0.0,0.0,0.0,1.51,0.0,2.9,0.0,13.59,3.9,668.12,0.0,2.25
256560176071454,257.17,28,6.47,243.0,7.7,237.94,171.49,247.8,0.0,0.0,0.0,0.0,0.0,0.0,1.29,0.0,2.66,0.0,10.69,3.48,655.33,0.0,1.68
256560181700413,469.14,28,7.98,377.91,83.24,375.41,222.64,383.45,0.0,0.0,0.0,0.0,0.0,0.0,1.54,0.0,2.84,0.0,28.75,3.51,667.06,0.0,2.44
256560187084835,792.11,28,6.51,773.38,12.22,678.8,259.85,778.37,0.0,0.0,0.0,0.0,0.0,0.0,1.44,0.0,2.56,0.0,19.32,3.41,742.28,0.0,1.48
256560193460090,609.09,28,7.87,522.38,78.84,521.56,244.35,528.18,0.0,0.0,0.0,0.0,0.0,0.0,1.63,0.0,3.12,0.0,25.71,3.55,714.52,0.0,2.07
256560199046726,316.94,28,8.03,299.81,9.1,299.43,185.29,306.04,0.0,0.0,0.0,0.0,0.0,0.0,1.77,0.0,2.83,0.0,14.64,3.52,659.3,0.0,1.75
256560204755939,392.07,28,7.41,308.63,76.03,306.08,181.7,313.46,0.0,0.0,0.0,0.0,0.0,0.0,1.39,0.0,2.77,0.0,17.95,3.46,625.41,0.0,2.58
256560210089849,259.67,28,6.21,245.85,7.61,243.17,170.99,250.76,0.0,0.0,0.0,0.0,0.0,0.0,1.62,0.0,2.6,0.0,9.4,3.48,649.04,0.0,1.29
256560215697585,476.34,28,19.2,382.51,74.63,377.3,216.54,387.35,0.0,0.0,0.0,0.0,0.0,0.0,1.46,0.0,2.78,0.0,12.05,3.57,677.56,0.0,13.76
256560221514721,616.34,28,23.61,516.42,76.31,511.25,260.55,523.33,0.0,0.0,0.0,0.0,0.0,0.0,1.97,0.0,3.23,0.0,9.87,4.85,699.95,0.0,16.08
256560227056870,311.51,28,8.47,292.82,10.22,291.91,178.29,298.82,0.0,0.0,0.0,0.0,0.0,0.0,1.85,0.0,3.28,0.0,16.74,3.55,640.54,0.0,2.47
256560232732907,406.91,28,64.31,266.28,76.33,304.41,172.58,314.46,0.0,0.0,0.0,0.0,0.0,0.0,6.39,0.0,45.78,0.0,12.03,5.25,610.4,0.0,15.77
256560238076873,1453.78,28,6.86,461.71,985.21,346.46,173.52,467.29,0.0,0.0,0.0,0.0,0.0,0.0,1.78,0.0,3.16,0.0,15.72,3.6,642.59,0.0,1.28
256560245733980,853.08,28,8.13,756.07,88.88,665.64,199.59,762.2,0.0,0.0,0.0,0.0,0.0,0.0,1.92,0.0,3.12,0.0,16.43,4.42,707.13,0.0,1.99
256560252041056,246.79,28,7.34,230.33,9.12,228.48,179.73,235.5,0.0,0.0,0.0,0.0,0.0,0.0,1.99,0.0,3.16,0.0,15.19,3.57,668.34,0.0,2.02
256560257690849,472.0,28,7.84,376.97,87.19,375.91,205.6,382.73,0.0,0.0,0.0,0.0,0.0,0.0,1.46,0.0,2.81,0.0,9.25,3.58,684.07,0.0,2.08
256560263071071,311.65,28,8.08,295.49,8.08,293.84,178.42,301.02,0.0,0.0,0.0,0.0,0.0,0.0,1.44,0.0,2.7,0.0,11.65,3.47,650.28,0.0,2.55
256560268234426,323.09,28,12.29,300.6,10.2,303.55,175.44,310.73,0.0,0.0,0.0,0.0,0.0,0.0,1.38,0.0,2.45,0.0,17.01,10.97,660.19,0.0,2.13
256560273868656,328.28,28,7.22,247.07,73.99,244.18,173.65,251.71,0.0,0.0,0.0,0.0,0.0,0.0,1.29,0.0,2.38,0.0,10.11,3.56,662.68,0.0,2.53
256560279094806,240.66,28,7.44,223.81,9.41,222.25,178.7,229.22,0.0,0.0,0.0,0.0,0.0,0.0,1.67,0.0,2.88,0.0,15.0,3.52,658.0,0.0,1.98
256560284779060,883.07,28,10.3,781.38,91.38,671.51,226.76,789.36,0.0,0.0,0.0,0.0,0.0,0.0,1.79,0.0,3.09,0.0,10.86,4.9,673.93,0.0,2.32
256560291708014,470.47,28,9.87,389.31,71.29,389.46,210.7,396.77,0.0,0.0,0.0,0.0,0.0,0.0,1.58,0.0,2.86,0.0,60.16,4.73,671.4,0.0,2.3
256560297093447,757.01,28,8.1,738.74,10.18,690.69,226.0,743.76,0.0,0.0,0.0,0.0,0.0,0.0,1.74,0.0,3.04,0.0,25.92,3.55,680.91,0.0,3.04
256560304010044,834.67,28,8.7,749.28,76.69,655.39,245.31,755.5,0.0,0.0,0.0,0.0,0.0,0.0,1.46,0.0,2.59,0.0,17.82,3.72,703.2,0.0,2.38
256560310360645,321.86,28,6.53,306.4,8.92,301.15,171.68,311.42,0.0,0.0,0.0,0.0,0.0,0.0,1.49,0.0,2.73,0.0,8.02,3.5,659.41,0.0,1.52
256560316109239,828.78,28,7.01,736.66,85.11,638.43,205.97,741.28,0.0,0.0,0.0,0.0,0.0,0.0,1.45,0.0,2.64,0.0,10.08,3.48,672.21,0.0,2.38
256560322061812,741.19,28,7.26,722.26,11.67,642.52,213.28,727.85,0.0,0.0,0.0,0.0,0.0,0.0,1.69,0.0,2.81,0.0,10.01,3.46,703.94,0.0,1.62
256560328873997,384.95,28,9.33,304.97,70.65,303.87,189.95,311.75,0.0,0.0,0.0,0.0,0.0,0.0,2.71,0.0,4.02,0.0,19.26,3.49,652.44,0.0,2.55
256560334631254,863.58,28,8.03,765.43,90.12,655.5,220.82,771.17,0.0,0.0,0.0,0.0,0.0,0.0,1.85,0.0,3.03,0.0,10.34,3.49,681.5,0.0,2.29
256560341425387,862.61,28,10.9,771.88,79.83,677.95,213.77,780.48,0.0,0.0,0.0,0.0,0.0,0.0,1.53,0.0,2.78,0.0,56.02,5.82,642.64,0.0,2.3
256560348277680,760.1,28,23.21,654.26,82.63,648.08,200.56,660.22,0.0,0.0,0.0,0.0,0.0,0.0,1.41,0.0,2.54,0.0,10.88,4.01,685.63,0.0,16.66
256560354060622,829.02,28,7.12,812.31,9.58,728.5,225.27,817.5,0.0,0.0,0.0,0.0,0.0,0.0,1.6,0.0,2.81,0.0,8.22,3.46,686.27,0.0,1.94
256560359873944,749.9,28,7.74,731.61,10.56,650.28,237.84,737.23,0.0,0.0,0.0,0.0,0.0,0.0,1.7,0.0,2.8,0.0,21.09,3.55,684.63,0.0,2.12
256560366724531,821.31,28,7.71,735.04,78.56,648.77,282.63,740.74,0.0,0.0,0.0,0.0,0.0,0.0,1.39,0.0,2.48,0.0,131.56,3.75,630.99,0.0,2.01
256560372875288,315.36,28,7.36,298.51,9.49,295.32,176.78,303.64,0.0,0.0,0.0,0.0,0.0,0.0,1.75,0.0,2.94,0.0,8.01,3.48,682.73,0.0,2.19
256560378063734,758.53,28,8.29,737.07,13.16,648.76,222.91,742.71,0.0,0.0,0.0,0.0,0.0,0.0,1.67,0.0,2.92,0.0,14.72,3.88,681.92,0.0,2.65
256560384350841,707.84,28,24.48,604.38,78.97,599.5,218.71,610.64,0.0,0.0,0.0,0.0,0.0,0.0,1.9,0.0,3.02,0.0,19.44,3.59,666.61,0.0,17.87
256560390493657,619.22,28,7.86,528.24,83.12,526.63,197.68,533.95,0.0,0.0,0.0,0.0,0.0,0.0,1.92,0.0,2.83,0.0,8.42,3.49,686.17,0.0,2.15
256560396020371,329.69,28,10.91,310.19,8.59,308.59,182.37,316.46,0.0,0.0,0.0,0.0,0.0,0.0,1.57,0.0,3.03,0.0,16.43,3.53,653.25,0.0,4.64
256560401758755,434.4,28,9.16,340.96,84.27,339.95,186.64,347.6,0.0,0.0,0.0,0.0,0.0,0.0,1.93,0.0,3.18,0.0,13.3,3.54,624.16,0.0,2.44
256560407102242,764.72,28,8.88,746.17,9.67,656.86,209.86,752.86,0.0,0.0,0.0,0.0,0.0,0.0,2.7,0.0,3.92,0.0,15.6,3.59,643.27,0.0,2.19
256560412907696,260.36,28,9.03,241.41,9.92,240.02,180.8,248.07,0.0,0.0,0.0,0.0,0.0,0.0,1.9,0.0,3.17,0.0,15.86,3.5,663.08,0.0,2.37
256560418104725,262.06,28,6.88,246.4,8.77,243.32,172.49,251.04,0.0,0.0,0.0,0.0,0.0,0.0,1.32,0.0,2.66,0.0,9.99,3.53,667.3,0.0,2.24
256560423758941,384.96,28,9.18,296.17,79.61,295.84,194.4,302.38,0.0,0.0,0.0,0.0,0.0,0.0,1.57,0.0,2.84,0.0,36.46,3.58,665.24,0.0,2.94
256560429528091,604.05,28,22.68,494.96,86.42,486.93,229.58,500.51,0.0,0.0,0.0,0.0,0.0,0.0,1.51,0.0,2.58,0.0,18.93,3.7,656.26,0.0,16.4
256560435800173,817.04,28,13.14,711.94,91.96,635.44,223.35,722.12,0.0,0.0,0.0,0.0,0.0,0.0,3.13,0.0,4.35,0.0,18.24,6.57,666.24,0.0,2.81
256560442033804,315.79,28,11.68,294.92,9.19,294.66,177.92,301.28,0.0,0.0,0.0,0.0,0.0,0.0,1.55,0.0,2.88,0.0,16.94,3.54,655.35,0.0,5.32
256560447240088,751.79,28,7.36,733.13,11.3,641.09,210.05,738.21,0.0,0.0,0.0,0.0,0.0,0.0,1.68,0.0,3.06,0.0,9.61,3.54,676.82,0.0,2.22
256560453060512,871.85,28,7.48,851.21,13.16,751.19,195.82,856.57,0.0,0.0,0.0,0.0,0.0,0.0,2.33,0.0,3.4,0.0,21.2,3.49,674.21,0.0,2.12
256560460026047,776.04,28,8.69,755.27,12.07,661.18,219.03,761.77,0.0,0.0,0.0,0.0,0.0,0.0,1.63,0.0,2.8,0.0,27.43,4.43,670.92,0.0,2.2
256560466198533,1072.73,28,8.2,973.53,91.0,649.6,197.27,979.24,0.0,0.0,0.0,0.0,0.0,0.0,1.55,0.0,2.94,0.0,8.66,3.56,662.56,0.0,2.5
256560472842658,345.87,28,7.35,329.91,8.6,327.98,197.29,335.04,0.0,0.0,0.0,0.0,0.0,0.0,1.49,0.0,2.56,0.0,8.85,3.5,653.81,0.0,2.22
256560478112945,772.39,28,6.14,755.19,11.06,661.02,229.21,759.97,0.0,0.0,0.0,0.0,0.0,0.0,1.41,0.0,2.72,0.0,17.99,3.63,689.33,0.0,1.36
256560484913835,871.35,28,18.79,766.38,86.18,670.24,214.41,774.09,0.0,0.0,0.0,0.0,0.0,0.0,2.22,0.0,4.74,0.0,9.54,3.86,669.49,0.0,11.08
256560491300866,719.61,28,10.19,700.39,9.03,698.8,206.04,707.05,0.0,0.0,0.0,0.0,0.0,0.0,1.53,0.0,2.87,0.0,20.36,4.39,664.9,0.0,3.52
256560496854726,594.64,28,7.08,577.49,10.08,487.12,181.56,582.66,0.0,0.0,0.0,0.0,0.0,0.0,1.68,0.0,2.74,0.0,9.85,3.45,670.11,0.0,1.91
256560503072139,236.32,28,7.1,219.76,9.47,218.28,197.03,225.19,0.0,0.0,0.0,0.0,0.0,0.0,1.57,0.0,2.78,0.0,26.11,3.42,664.67,0.0,1.67
256560508709133,876.51,28,8.72,767.47,100.32,676.67,196.3,773.68,0.0,0.0,0.0,0.0,0.0,0.0,1.47,0.0,2.6,0.0,20.11,3.61,644.9,0.0,2.51
256560515058014,908.61,28,9.36,887.86,11.38,668.66,247.72,895.06,0.0,0.0,0.0,0.0,0.0,0.0,1.6,0.0,3.17,0.0,17.24,4.71,712.37,0.0,2.16
256560521438544,826.98,28,8.7,743.65,74.63,652.61,194.97,749.89,0.0,0.0,0.0,0.0,0.0,0.0,1.95,0.0,3.36,0.0,12.19,3.67,660.5,0.0,2.45
256560528039785,231.87,28,6.82,215.34,9.71,213.07,173.2,219.91,0.0,0.0,0.0,0.0,0.0,0.0,2.06,0.0,3.41,0.0,9.07,3.44,665.37,0.0,2.25
256560533632106,515.66,28,7.36,429.39,78.91,424.24,213.06,434.15,0.0,0.0,0.0,0.0,0.0,0.0,1.3,0.0,2.36,0.0,10.21,3.5,643.7,0.0,2.6
256560539123175,340.45,28,9.25,322.27,8.92,321.84,174.4,328.96,0.0,0.0,0.0,0.0,0.0,0.0,1.91,0.0,3.15,0.0,14.2,3.54,654.57,0.0,2.56
256560544862491,408.31,28,9.73,303.05,95.52,296.72,180.99,310.02,0.0,0.0,0.0,0.0,0.0,0.0,3.11,0.0,4.2,0.0,23.75,3.56,626.34,0.0,2.77
256560550698117,863.71,28,6.57,779.4,77.75,704.85,214.09,784.76,0.0,0.0,0.0,0.0,0.0,0.0,1.7,0.0,2.75,0.0,14.34,3.46,658.3,0.0,1.16
256560557123004,311.27,28,30.59,272.38,8.29,294.28,181.35,300.73,0.0,0.0,0.0,0.0,0.0,0.0,1.98,0.0,26.28,0.0,29.49,18.29,671.23,0.0,2.25
256560562864482,329.4,28,14.39,233.27,81.74,237.57,176.82,244.87,0.0,0.0,0.0,0.0,0.0,0.0,1.6,0.0,9.94,0.0,14.76,3.48,652.98,0.0,2.63
256560568055957,265.3,28,17.02,239.71,8.56,246.74,182.96,254.28,0.0,0.0,0.0,0.0,0.0,0.0,1.38,0.0,11.64,0.0,27.9,3.51,665.33,0.0,2.46
256560573196593,238.04,28,8.36,219.33,10.35,217.74,177.86,225.41,0.0,0.0,0.0,0.0,0.0,0.0,1.77,0.0,3.21,0.0,20.75,3.57,658.71,0.0,2.28
256560578932289,874.57,28,8.16,778.44,87.97,662.94,194.11,784.05,0.0,0.0,0.0,0.0,0.0,0.0,1.6,0.0,2.85,0.0,9.23,3.97,664.68,0.0,2.54
256560585900053,397.46,28,14.05,302.4,81.01,306.85,187.45,313.35,0.0,0.0,0.0,0.0,0.0,0.0,1.65,0.0,2.85,0.0,27.39,9.69,659.72,0.0,3.02
256560591691167,471.01,28,9.98,376.03,84.99,376.39,226.27,383.34,0.0,0.0,0.0,0.0,0.0,0.0,1.63,0.0,2.77,0.0,22.43,5.95,661.58,0.0,2.67
256560597084949,239.92,28,7.91,224.14,7.88,221.8,178.43,229.78,0.0,0.0,0.0,0.0,0.0,0.0,1.19,0.0,2.79,0.0,16.01,3.54,662.24,0.0,2.27
256560602874464,398.77,28,9.21,299.69,89.88,298.66,173.12,305.57,0.0,0.0,0.0,0.0,0.0,0.0,1.51,0.0,2.71,0.0,15.47,3.5,653.56,0.0,3.32
256560608886264,840.66,28,8.31,751.5,80.85,652.43,203.98,757.2,0.0,0.0,0.0,0.0,0.0,0.0,1.52,0.0,2.95,0.0,17.41,3.66,693.61,0.0,2.62
256560615038824,315.71,28,6.62,301.0,8.09,298.52,176.54,305.27,0.0,0.0,0.0,0.0,0.0,0.0,1.32,0.0,2.53,0.0,8.32,3.49,683.03,0.0,2.35
256560620779732,821.01,28,9.07,728.04,83.9,643.22,227.47,733.97,0.0,0.0,0.0,0.0,0.0,0.0,1.42,0.0,2.83,0.0,8.98,3.72,693.62,0.0,3.14
256560626796872,382.11,28,9.31,363.29,9.51,363.65,239.21,370.33,0.0,0.0,0.0,0.0,0.0,0.0,2.06,0.0,3.27,0.0,84.62,3.81,646.77,0.0,2.28
256560632032497,243.22,28,8.84,225.14,9.23,223.59,172.73,230.74,0.0,0.0,0.0,0.0,0.0,0.0,1.69,0.0,2.98,0.0,9.09,3.45,653.22,0.0,3.24
256560637170730,318.77,28,6.78,303.13,8.86,301.59,179.54,308.05,0.0,0.0,0.0,0.0,0.0,0.0,1.74,0.0,2.69,0.0,8.66,3.52,686.24,0.0,1.86
256560642389948,644.74,28,9.66,626.1,8.98,625.73,213.32,632.43,0.0,0.0,0.0,0.0,0.0,0.0,1.22,0.0,2.58,0.0,25.87,4.93,654.55,0.0,3.23
256560648507152,880.23,28,7.53,792.13,80.56,706.02,237.77,797.63,0.0,0.0,0.0,0.0,0.0,0.0,1.89,0.0,3.12,0.0,10.2,3.46,702.1,0.0,2.03
256560655030664,248.09,28,7.29,232.64,8.17,231.06,174.44,238.11,0.0,0.0,0.0,0.0,0.0,0.0,1.63,0.0,3.08,0.0,9.23,3.46,668.43,0.0,1.81
256560660873556,399.98,28,8.79,295.41,95.78,294.88,178.04,301.4,0.0,0.0,0.0,0.0,0.0,0.0,1.33,0.0,2.65,0.0,18.27,3.48,646.95,0.0,2.67
256560666205018,315.2,28,7.12,298.84,9.24,293.29,173.17,303.58,0.0,0.0,0.0,0.0,0.0,0.0,1.44,0.0,2.76,0.0,9.68,3.54,667.48,0.0,2.38
256560671469110,603.54,28,6.49,587.17,9.88,583.37,211.61,591.82,0.0,0.0,0.0,0.0,0.0,0.0,1.4,0.0,2.48,0.0,14.77,3.59,670.6,0.0,1.83
256560677086776,263.31,28,7.5,248.19,7.62,246.63,173.54,253.85,0.0,0.0,0.0,0.0,0.0,0.0,1.61,0.0,2.92,0.0,13.88,3.5,654.99,0.0,1.84
256560682219966,789.06,28,47.96,731.2,9.9,716.67,222.12,776.21,0.0,0.0,0.0,0.0,0.0,0.0,1.48,0.0,2.69,0.0,49.61,44.55,680.65,0.0,2.89
256560688447672,907.38,28,11.49,812.72,83.17,642.34,254.21,822.26,0.0,0.0,0.0,0.0,0.0,0.0,2.34,0.0,3.54,0.0,80.02,6.78,687.76,0.0,1.85
256560695034090,255.37,28,6.07,241.36,7.94,238.02,171.44,246.03,0.0,0.0,0.0,0.0,0.0,0.0,1.48,0.0,2.6,0.0,10.64,3.5,665.97,0.0,1.41
256560700155575,309.79,28,6.6,293.56,9.63,291.63,180.1,298.9,0.0,0.0,0.0,0.0,0.0,0.0,1.8,0.0,3.29,0.0,13.13,3.51,659.67,0.0,1.23
256560705908604,390.02,28,10.32,300.47,79.24,298.52,180.6,307.7,0.0,0.0,0.0,0.0,0.0,0.0,1.34,0.0,2.47,0.0,27.73,4.76,640.87,0.0,3.08
256560711745882,394.74,28,6.87,299.53,88.34,297.49,183.39,304.38,0.0,0.0,0.0,0.0,0.0,0.0,1.47,0.0,2.76,0.0,18.92,3.44,681.3,0.0,2.0
256560717079936,793.58,28,19.14,763.77,10.67,667.89,217.44,770.32,0.0,0.0,0.0,0.0,0.0,0.0,1.32,0.0,2.42,0.0,20.81,4.55,704.44,0.0,12.16
256560723045658,311.84,28,6.81,295.54,9.49,292.52,171.4,300.45,0.0,0.0,0.0,0.0,0.0,0.0,1.43,0.0,2.93,0.0,10.4,3.47,669.99,0.0,1.89
256560728747493,457.16,28,8.49,353.27,95.4,351.46,182.08,359.18,0.0,0.0,0.0,0.0,0.0,0.0,2.37,0.0,3.56,0.0,20.97,3.49,638.78,0.0,2.59
256560734593132,413.03,28,18.17,299.52,95.33,305.16,183.7,312.19,0.0,0.0,0.0,0.0,0.0,0.0,8.52,0.0,9.95,0.0,19.95,3.48,671.29,0.0,5.51
256560741025214,755.36,28,9.32,736.4,9.64,646.72,223.59,743.56,0.0,0.0,0.0,0.0,0.0,0.0,1.53,0.0,2.72,0.0,25.94,5.65,657.6,0.0,2.16
256560747074945,274.74,28,7.25,259.14,8.34,256.02,180.13,264.22,0.0,0.0,0.0,0.0,0.0,0.0,1.7,0.0,3.1,0.0,9.68,3.48,673.76,0.0,2.18
256560752751707,396.68,28,7.46,308.53,80.69,306.81,183.09,313.41,0.0,0.0,0.0,0.0,0.0,0.0,1.62,0.0,2.72,0.0,9.74,3.52,665.74,0.0,2.56
256560758104404,747.84,28,7.77,725.21,14.86,637.9,274.7,731.15,0.0,0.0,0.0,0.0,0.0,0.0,1.38,0.0,2.64,0.0,21.37,3.77,710.48,0.0,1.83
256560764045824,323.18,28,7.82,306.5,8.86,304.81,176.4,312.07,0.0,0.0,0.0,0.0,0.0,0.0,1.86,0.0,3.13,0.0,8.91,3.43,657.94,0.0,2.23
256560769806693,420.56,28,8.26,319.1,93.19,316.21,176.75,324.74,0.0,0.0,0.0,0.0,0.0,0.0,1.34,0.0,2.8,0.0,9.88,3.47,681.65,0.0,2.62
256560775660343,464.82,28,8.23,369.92,86.67,368.3,218.47,375.73,0.0,0.0,0.0,0.0,0.0,0.0,1.7,0.0,3.06,0.0,23.19,3.52,700.27,0.0,2.42
256560781098201,739.28,28,7.55,721.21,10.52,643.62,207.73,727.04,0.0,0.0,0.0,0.0,0.0,0.0,1.61,0.0,2.67,0.0,64.11,3.69,645.68,0.0,1.72
256560786895584,259.42,28,7.07,244.06,8.3,242.71,169.17,249.26,0.0,0.0,0.0,0.0,0.0,0.0,1.35,0.0,2.5,0.0,7.72,3.42,645.73,0.0,1.86
256560792025955,831.84,28,7.39,812.73,11.72,727.9,214.41,817.84,0.0,0.0,0.0,0.0,0.0,0.0,1.47,0.0,2.9,0.0,8.91,3.51,709.77,0.0,2.28
256560798979664,271.21,28,7.29,227.18,36.73,224.18,178.2,232.29,0.0,0.0,0.0,0.0,0.0,0.0,1.75,0.0,3.21,0.0,10.87,3.45,655.03,0.0,2.19
256560804183059,779.78,28,7.86,761.28,10.64,656.04,209.46,766.2,0.0,0.0,0.0,0.0,0.0,0.0,1.24,0.0,2.27,0.0,9.88,3.9,686.4,0.0,2.94
256560810526155,546.01,28,8.18,528.96,8.87,526.4,197.82,534.22,0.0,0.0,0.0,0.0,0.0,0.0,1.46,0.0,2.41,0.0,13.07,5.98,678.1,0.0,2.92
256560815962718,255.23,28,7.17,239.25,8.81,236.9,175.97,244.45,0.0,0.0,0.0,0.0,0.0,0.0,1.41,0.0,2.92,0.0,9.95,3.56,643.74,0.0,1.97
256560821882407,406.67,28,10.77,316.88,79.01,315.39,172.37,322.35,0.0,0.0,0.0,0.0,0.0,0.0,1.41,0.0,2.55,0.0,15.43,3.55,641.67,0.0,5.31
256560827223553,1384.05,28,6.79,343.64,1033.61,259.74,165.86,348.78,0.0,0.0,0.0,0.0,0.0,0.0,1.5,0.0,2.83,0.0,8.74,3.56,648.64,0.0,1.64
256560834435749,673.07,28,9.37,585.67,78.03,585.73,218.9,592.96,0.0,0.0,0.0,0.0,0.0,0.0,1.53,0.0,2.71,0.0,24.86,4.58,662.08,0.0,2.08
256560840061101,773.14,28,6.34,685.88,80.92,638.19,217.53,690.91,0.0,0.0,0.0,0.0,0.0,0.0,1.85,0.0,3.06,0.0,8.37,3.49,706.07,0.0,1.29
256560846046470,813.36,28,11.12,790.46,11.78,680.35,256.67,798.97,0.0,0.0,0.0,0.0,0.0,0.0,1.42,0.0,2.62,0.0,19.19,6.49,735.95,0.0,2.61
256560851874779,750.19,28,7.66,730.75,11.79,641.7,225.75,736.07,0.0,0.0,0.0,0.0,0.0,0.0,1.51,0.0,2.9,0.0,15.71,3.51,712.68,0.0,2.29
256560858038219,756.6,28,7.82,739.06,9.72,646.75,218.34,744.67,0.0,0.0,0.0,0.0,0.0,0.0,1.85,0.0,3.09,0.0,15.88,3.51,693.89,0.0,2.21
256560864959691,874.83,28,24.21,791.4,59.23,680.44,226.62,798.0,0.0,0.0,0.0,0.0,0.0,0.0,2.12,0.0,3.29,0.0,18.23,4.54,701.39,0.0,17.25
256560871967606,812.26,28,7.08,752.12,53.06,661.25,192.68,757.14,0.0,0.0,0.0,0.0,0.0,0.0,1.43,0.0,2.54,0.0,12.47,3.57,657.6,0.0,2.06
256560878893725,353.65,28,6.34,252.74,94.57,248.82,171.17,257.03,0.0,0.0,0.0,0.0,0.0,0.0,1.41,0.0,3.05,0.0,9.24,3.55,653.42,0.0,2.04
256560884613551,521.28,28,59.35,371.94,89.98,422.49,245.22,429.31,0.0,0.0,0.0,0.0,0.0,0.0,54.65,0.0,55.86,0.0,11.19,4.23,719.1,0.0,1.9
256560890568527,561.38,28,43.9,434.2,83.28,469.44,245.49,476.39,0.0,0.0,0.0,0.0,0.0,0.0,5.08,0.0,39.8,0.0,11.77,4.11,716.46,0.0,1.7
256560896072434,834.91,28,9.48,814.82,10.6,727.68,194.35,822.91,0.0,0.0,0.0,0.0,0.0,0.0,2.25,0.0,3.79,0.0,10.53,5.19,675.47,0.0,1.37
256560902050985,781.17,28,7.42,758.86,14.89,668.0,231.22,765.13,0.0,0.0,0.0,0.0,0.0,0.0,1.81,0.0,3.17,0.0,10.74,3.88,699.54,0.0,1.16
256560908387320,651.54,28,6.96,633.5,11.08,631.38,219.75,638.86,0.0,0.0,0.0,0.0,0.0,0.0,1.42,0.0,2.61,0.0,17.56,3.54,671.43,0.0,1.57
256560914097008,235.66,28,6.83,220.13,8.69,216.77,176.83,224.93,0.0,0.0,0.0,0.0,0.0,0.0,1.72,0.0,2.9,0.0,9.03,3.44,659.58,0.0,2.0
256560919195551,772.08,28,8.14,753.1,10.84,635.83,214.5,758.59,0.0,0.0,0.0,0.0,0.0,0.0,1.62,0.0,2.81,0.0,23.14,3.48,648.05,0.0,2.64
256560924939795,811.8,28,7.41,792.68,11.72,710.89,215.31,797.93,0.0,0.0,0.0,0.0,0.0,0.0,1.94,0.0,3.28,0.0,10.41,3.44,715.15,0.0,2.15
256560931041561,319.46,28,7.75,294.63,17.09,293.14,175.8,300.2,0.0,0.0,0.0,0.0,0.0,0.0,1.95,0.0,3.02,0.0,16.01,3.49,663.4,0.0,2.17
256560936866379,404.29,28,8.21,305.81,90.26,303.27,187.35,311.33,0.0,0.0,0.0,0.0,0.0,0.0,1.55,0.0,2.84,0.0,21.04,3.48,660.12,0.0,2.53
256560942654108,382.87,28,7.32,301.72,73.83,299.77,172.34,306.94,0.0,0.0,0.0,0.0,0.0,0.0,1.49,0.0,2.44,0.0,11.23,3.47,655.15,0.0,2.08
256560947937223,288.59,28,7.72,271.41,9.46,266.15,174.5,277.11,0.0,0.0,0.0,0.0,0.0,0.0,1.71,0.0,2.86,0.0,10.64,3.55,657.66,0.0,2.02
256560953661026,504.12,28,7.21,409.92,87.0,407.43,178.06,414.84,0.0,0.0,0.0,0.0,0.0,0.0,1.81,0.0,2.92,0.0,8.61,3.47,679.03,0.0,2.27
256560959036463,775.58,28,8.02,754.09,13.47,665.46,194.44,759.67,0.0,0.0,0.0,0.0,0.0,0.0,1.98,0.0,3.21,0.0,12.63,3.59,640.53,0.0,2.44
256560965031296,798.34,28,24.58,761.2,12.56,669.72,247.33,768.7,0.0,0.0,0.0,0.0,0.0,0.0,1.86,0.0,3.12,0.0,18.14,6.15,669.62,0.0,16.3
256560971036443,868.92,28,9.18,849.04,10.71,758.78,191.03,855.59,0.0,0.0,0.0,0.0,0.0,0.0,1.44,0.0,2.77,0.0,15.36,4.58,670.73,0.0,2.63
256560977037468,770.1,28,6.64,750.92,12.53,665.26,228.69,756.09,0.0,0.0,0.0,0.0,0.0,0.0,1.75,0.0,2.99,0.0,15.61,3.57,680.74,0.0,1.48
256560982933529,747.52,28,7.25,727.43,12.84,640.22,212.54,732.68,0.0,0.0,0.0,0.0,0.0,0.0,1.72,0.0,3.03,0.0,10.19,3.49,685.09,0.0,2.01
256560989837954,390.51,28,8.3,306.41,75.81,304.79,185.62,312.31,0.0,0.0,0.0,0.0,0.0,0.0,1.42,0.0,2.94,0.0,17.14,4.71,643.55,0.0,2.32
256560995691306,1008.33,28,8.18,913.04,87.11,822.06,236.39,918.79,0.0,0.0,0.0,0.0,0.0,0.0,1.91,0.0,3.02,0.0,18.0,3.51,696.34,0.0,2.43
256561002036905,304.27,28,7.69,288.0,8.58,285.99,171.95,293.15,0.0,0.0,0.0,0.0,0.0,0.0,1.9,0.0,3.04,0.0,9.54,3.47,668.14,0.0,2.53
256561007834562,393.84,28,11.7,303.27,78.87,302.81,178.85,312.18,0.0,0.0,0.0,0.0,0.0,0.0,2.6,0.0,4.49,0.0,21.02,4.78,653.86,0.0,2.64
256561013641681,824.69,28,7.07,739.1,78.53,650.17,227.9,744.73,0.0,0.0,0.0,0.0,0.0,0.0,1.48,0.0,2.61,0.0,22.98,3.63,680.53,0.0,1.43
256561020084368,274.84,28,7.43,258.57,8.84,255.16,175.45,263.9,0.0,0.0,0.0,0.0,0.0,0.0,1.6,0.0,3.18,0.0,10.31,3.53,654.57,0.0,2.09
256561025703025,431.04,28,8.74,338.2,84.1,334.23,215.1,344.36,0.0,0.0,0.0,0.0,0.0,0.0,1.51,0.0,2.65,0.0,18.68,4.2,685.57,0.0,2.59
256561031116107,764.64,28,9.12,742.31,13.21,646.88,175.79,749.43,0.0,0.0,0.0,0.0,0.0,0.0,1.23,0.0,2.36,0.0,21.61,6.04,664.26,0.0,2.0
256561036892206,251.22,28,13.91,229.16,8.15,233.16,176.88,241.36,0.0,0.0,0.0,0.0,0.0,0.0,1.54,0.0,9.62,0.0,14.43,3.46,651.16,0.0,1.71
256561042047231,250.21,28,7.89,233.96,8.36,232.74,187.33,240.14,0.0,0.0,0.0,0.0,0.0,0.0,1.92,0.0,3.7,0.0,24.52,3.52,677.24,0.0,1.59
256561047167575,818.06,28,21.86,786.22,9.98,698.2,195.83,791.76,0.0,0.0,0.0,0.0,0.0,0.0,1.32,0.0,2.59,0.0,18.77,3.54,637.23,0.0,16.03
256561053078197,956.04,28,169.15,776.82,10.08,683.37,246.55,784.34,0.0,0.0,0.0,0.0,0.0,0.0,3.52,0.0,4.55,0.0,16.29,3.61,699.76,0.0,161.0
256561060034086,786.38,28,8.16,768.3,9.92,651.51,208.73,774.15,0.0,0.0,0.0,0.0,0.0,0.0,1.42,0.0,2.82,0.0,23.26,3.55,646.82,0.0,2.31
256561065881008,243.34,28,5.63,228.03,9.68,225.43,173.79,232.44,0.0,0.0,0.0,0.0,0.0,0.0,1.54,0.0,2.75,0.0,8.08,3.46,668.5,0.0,1.22
256561071093122,763.72,28,9.59,743.52,10.61,643.82,240.37,750.65,0.0,0.0,0.0,0.0,0.0,0.0,2.76,0.0,3.87,0.0,25.68,4.35,681.5,0.0,2.46
256561077074111,743.91,28,7.19,725.45,11.27,639.11,231.42,731.1,0.0,0.0,0.0,0.0,0.0,0.0,1.4,0.0,2.77,0.0,12.62,3.68,722.03,0.0,1.54
256561082950955,749.2,28,10.09,728.78,10.33,651.2,195.95,734.62,0.0,0.0,0.0,0.0,0.0,0.0,1.62,0.0,2.97,0.0,11.4,3.45,685.16,0.0,4.26
256561089047709,760.59,28,8.29,738.13,14.17,649.83,236.87,744.46,0.0,0.0,0.0,0.0,0.0,0.0,1.4,0.0,2.82,0.0,42.22,3.75,715.05,0.0,1.96
256561094905579,261.66,28,6.32,246.14,9.2,242.61,182.07,250.54,0.0,0.0,0.0,0.0,0.0,0.0,1.52,0.0,2.62,0.0,7.89,3.48,673.34,0.0,1.91
256561100087745,766.36,28,7.12,748.66,10.58,660.53,368.72,753.57,0.0,0.0,0.0,0.0,0.0,0.0,1.68,0.0,2.87,0.0,171.88,3.49,686.03,0.0,2.22
256561106428234,804.39,28,9.35,708.84,86.2,628.49,212.28,715.74,0.0,0.0,0.0,0.0,0.0,0.0,2.13,0.0,3.41,0.0,24.01,3.49,659.87,0.0,2.45
256561113041041,253.24,28,7.3,236.8,9.14,235.05,178.6,242.19,0.0,0.0,0.0,0.0,0.0,0.0,2.0,0.0,3.1,0.0,11.33,3.59,666.37,0.0,1.92
256561118746957,875.66,28,9.47,779.63,86.56,704.96,209.21,786.14,0.0,0.0,0.0,0.0,0.0,0.0,1.57,0.0,2.69,0.0,25.2,4.3,676.3,0.0,2.64
256561125058096,239.46,28,7.19,223.33,8.94,220.84,173.56,228.66,0.0,0.0,0.0,0.0,0.0,0.0,1.46,0.0,2.8,0.0,10.95,3.5,667.17,0.0,1.86
256561130748784,442.78,28,21.52,339.09,82.18,330.59,182.25,344.05,0.0,0.0,0.0,0.0,0.0,0.0,1.58,0.0,2.73,0.0,16.02,3.51,643.23,0.0,16.21
256561136734774,445.39,28,20.52,339.71,85.16,335.86,186.58,346.02,0.0,0.0,0.0,0.0,0.0,0.0,2.04,0.0,3.17,0.0,22.03,3.59,667.54,0.0,13.77
256561142112385,764.17,28,7.38,746.11,10.69,667.33,217.45,751.44,0.0,0.0,0.0,0.0,0.0,0.0,1.69,0.0,2.97,0.0,24.18,3.7,653.77,0.0,2.04
256561148925438,934.06,28,8.82,836.88,88.36,726.29,221.2,843.09,0.0,0.0,0.0,0.0,0.0,0.0,1.79,0.0,3.29,0.0,18.54,3.57,704.01,0.0,2.61
256561154910466,294.12,28,10.29,275.78,8.05,274.23,176.05,281.76,0.0,0.0,0.0,0.0,0.0,0.0,1.58,0.0,2.74,0.0,12.43,3.52,666.13,0.0,4.31
256561160633286,818.7,28,10.13,738.19,70.38,649.19,207.37,746.44,0.0,0.0,0.0,0.0,0.0,0.0,1.96,0.0,3.17,0.0,53.35,5.09,665.55,0.0,1.87
256561167750654,937.88,28,7.74,840.38,89.76,705.27,194.94,845.74,0.0,0.0,0.0,0.0,0.0,0.0,1.45,0.0,2.65,0.0,13.82,3.52,672.5,0.0,2.33
256561174717759,474.24,28,7.92,376.78,89.54,365.12,215.85,382.74,0.0,0.0,0.0,0.0,0.0,0.0,1.54,0.0,2.92,0.0,23.05,3.47,671.51,0.0,1.97
256561180099150,255.92,28,7.3,240.33,8.29,237.72,183.11,245.5,0.0,0.0,0.0,0.0,0.0,0.0,1.86,0.0,2.92,0.0,16.28,3.76,665.69,0.0,2.13
256561185265097,315.94,28,6.85,300.95,8.14,298.33,179.31,306.12,0.0,0.0,0.0,0.0,0.0,0.0,1.5,0.0,2.5,0.0,8.97,3.52,676.5,0.0,1.68
256561190990132,764.55,28,7.96,727.21,29.38,638.15,217.22,733.31,0.0,0.0,0.0,0.0,0.0,0.0,1.54,0.0,2.83,0.0,18.66,4.46,676.99,0.0,1.86
256561198008557,907.76,28,46.48,847.76,13.52,766.61,210.6,892.34,0.0,0.0,0.0,0.0,0.0,0.0,1.8,0.0,43.67,0.0,17.0,5.79,662.31,0.0,1.9
256561205007519,774.21,28,47.07,716.06,11.07,662.33,377.68,760.68,0.0,0.0,0.0,0.0,0.0,0.0,5.46,0.0,42.71,0.0,200.63,3.63,645.01,0.0,2.4
256561210891755,236.73,28,8.21,219.44,9.08,218.26,183.87,225.61,0.0,0.0,0.0,0.0,0.0,0.0,1.65,0.0,3.5,0.0,14.03,3.41,677.73,0.0,2.04
256561216050493,844.43,28,6.67,825.64,12.13,735.31,209.74,830.84,0.0,0.0,0.0,0.0,0.0,0.0,1.57,0.0,2.8,0.0,9.28,3.52,715.45,0.0,1.46
256561222985085,331.79,28,7.94,292.38,31.47,291.35,171.29,298.31,0.0,0.0,0.0,0.0,0.0,0.0,1.88,0.0,3.15,0.0,9.82,3.64,650.01,0.0,2.01
256561228825243,361.2,28,9.33,275.85,76.02,276.21,212.92,282.86,0.0,0.0,0.0,0.0,0.0,0.0,1.48,0.0,2.78,0.0,58.52,4.24,665.64,0.0,2.31
256561234191254,784.58,28,9.33,765.11,10.14,666.81,200.35,772.35,0.0,0.0,0.0,0.0,0.0,0.0,1.66,0.0,3.1,0.0,11.18,5.75,669.67,0.0,2.05
256561240039596,746.15,28,7.29,727.49,11.37,642.83,259.55,732.78,0.0,0.0,0.0,0.0,0.0,0.0,1.63,0.0,3.1,0.0,12.98,3.48,730.78,0.0,2.01
256561246030957,319.56,28,10.56,299.86,9.13,298.18,186.95,305.78,0.0,0.0,0.0,0.0,0.0,0.0,1.79,0.0,3.08,0.0,17.47,3.54,670.65,0.0,4.65
256561251816371,404.31,28,10.75,305.48,88.07,305.82,248.66,313.82,0.0,0.0,0.0,0.0,0.0,0.0,1.68,0.0,2.97,0.0,93.98,5.6,663.3,0.0,2.41
256561257157857,311.17,28,6.84,294.74,9.59,292.39,174.78,299.73,0.0,0.0,0.0,0.0,0.0,0.0,1.3,0.0,2.77,0.0,8.65,3.51,664.59,0.0,1.64
256561262844877,408.8,28,8.31,308.4,92.09,305.95,199.38,313.98,0.0,0.0,0.0,0.0,0.0,0.0,1.37,0.0,2.48,0.0,14.36,3.54,658.72,0.0,2.5
256561268777877,861.53,28,8.45,768.89,84.2,657.01,212.75,774.76,0.0,0.0,0.0,0.0,0.0,0.0,1.76,0.0,3.12,0.0,13.74,3.48,678.39,0.0,2.52
256561275334767,681.21,28,8.34,663.46,9.4,647.76,214.85,669.75,0.0,0.0,0.0,0.0,0.0,0.0,1.5,0.0,2.72,0.0,9.52,4.72,682.38,0.0,2.05
256561280965887,320.28,28,9.61,301.09,9.59,301.0,178.61,308.38,0.0,0.0,0.0,0.0,0.0,0.0,1.55,0.0,2.89,0.0,16.21,5.18,628.37,0.0,2.31
256561286704204,464.69,28,10.22,369.81,84.66,368.15,213.38,377.39,0.0,0.0,0.0,0.0,0.0,0.0,2.94,0.0,4.1,0.0,24.57,5.51,649.58,0.0,2.58
256561292102208,310.09,28,6.99,294.77,8.34,292.37,179.88,299.87,0.0,0.0,0.0,0.0,0.0,0.0,1.71,0.0,2.87,0.0,9.28,3.51,687.83,0.0,1.87
256561298010951,843.12,28,9.46,824.31,9.35,725.19,213.37,831.71,0.0,0.0,0.0,0.0,0.0,0.0,1.5,0.0,2.54,0.0,11.97,5.75,680.91,0.0,2.06
256561304995571,782.23,28,8.51,745.83,27.89,652.19,243.41,751.51,0.0,0.0,0.0,0.0,0.0,0.0,1.52,0.0,2.85,0.0,21.33,3.5,707.63,0.0,2.81
256561311053794,253.68,28,8.11,236.23,9.34,224.94,178.81,241.39,0.0,0.0,0.0,0.0,0.0,0.0,1.71,0.0,2.82,0.0,11.08,3.51,672.53,0.0,2.95
256561316251598,316.13,28,6.99,299.12,10.02,296.43,174.09,304.24,0.0,0.0,0.0,0.0,0.0,0.0,1.44,0.0,2.85,0.0,8.91,3.51,665.46,0.0,1.87
256561321482173,250.23,28,23.05,218.19,8.99,232.51,196.57,239.64,0.0,0.0,0.0,0.0,0.0,0.0,1.39,0.0,2.54,0.0,26.51,20.08,689.84,0.0,1.6
256561327193568,815.86,28,288.98,445.67,81.22,637.17,248.56,732.67,0.0,0.0,0.0,0.0,0.0,0.0,2.77,0.0,285.7,0.0,176.16,171.24,719.56,0.0,1.97
256561333066325,778.6,28,7.53,756.21,14.87,663.65,208.76,761.76,0.0,0.0,0.0,0.0,0.0,0.0,2.0,0.0,3.6,0.0,14.55,3.48,682.3,0.0,1.98
256561338930952,264.65,28,7.86,248.17,8.61,245.45,179.04,253.59,0.0,0.0,0.0,0.0,0.0,0.0,1.44,0.0,2.69,0.0,13.8,3.4,658.91,0.0,2.45
256561344701469,858.88,28,23.83,760.64,74.42,644.63,413.25,766.25,0.0,0.0,0.0,0.0,0.0,0.0,1.75,0.0,2.98,0.0,198.37,3.74,683.74,0.0,17.87
256561351675880,458.74,28,7.89,360.34,90.5,359.54,224.57,366.74,0.0,0.0,0.0,0.0,0.0,0.0,1.98,0.0,3.19,0.0,68.28,3.8,667.75,0.0,1.4
256561357083143,752.56,28,24.77,716.24,11.55,636.63,203.13,723.57,0.0,0.0,0.0,0.0,0.0,0.0,2.97,0.0,4.24,0.0,17.16,5.18,673.64,0.0,16.9
256561363071078,308.97,28,7.79,292.75,8.43,291.42,179.32,298.38,0.0,0.0,0.0,0.0,0.0,0.0,1.7,0.0,2.83,0.0,10.31,3.71,659.5,0.0,2.16
256561368889524,332.94,28,8.03,314.71,10.2,308.82,195.25,320.86,0.0,0.0,0.0,0.0,0.0,0.0,1.58,0.0,2.64,0.0,104.29,3.7,578.5,0.0,1.88
256561374675137,452.28,28,8.72,356.58,86.98,353.39,211.45,362.83,0.0,0.0,0.0,0.0,0.0,0.0,1.73,0.0,2.77,0.0,65.86,3.48,659.12,0.0,2.47
256561380101103,252.97,28,6.95,235.69,10.33,232.7,173.53,240.83,0.0,0.0,0.0,0.0,0.0,0.0,1.58,0.0,2.63,0.0,17.22,3.58,654.87,0.0,1.8
256561386028181,331.32,28,6.91,314.27,10.15,311.54,175.74,319.08,0.0,0.0,0.0,0.0,0.0,0.0,1.5,0.0,2.6,0.0,9.92,3.47,666.38,0.0,2.09
256561391817330,397.05,28,77.19,228.12,91.75,294.26,242.35,302.22,0.0,0.0,0.0,0.0,0.0,0.0,1.62,0.0,2.95,0.0,97.75,72.36,634.9,0.0,3.08
256561397122325,323.64,28,7.09,306.81,9.74,304.88,176.55,312.0,0.0,0.0,0.0,0.0,0.0,0.0,1.29,0.0,2.61,0.0,9.55,3.49,663.19,0.0,1.91
256561402850326,389.97,28,7.74,306.3,75.93,304.27,173.15,311.45,0.0,0.0,0.0,0.0,0.0,0.0,1.65,0.0,2.8,0.0,9.45,3.49,623.91,0.0,2.42
256561408684280,484.14,28,6.89,400.95,76.31,398.77,218.29,406.53,0.0,0.0,0.0,0.0,0.0,0.0,1.5,0.0,3.01,0.0,18.27,3.5,690.14,0.0,1.24
256561414706786,440.22,28,8.36,326.98,104.89,325.4,202.9,333.04,0.0,0.0,0.0,0.0,0.0,0.0,1.76,0.0,2.95,0.0,17.14,4.57,654.88,0.0,2.21
256561420086056,960.25,28,5.95,501.82,452.49,279.33,165.47,506.06,0.0,0.0,0.0,0.0,0.0,0.0,1.32,0.0,2.51,0.0,9.38,3.64,641.96,0.0,1.42
256561426039963,777.07,28,10.06,755.2,11.81,656.71,225.88,762.69,0.0,0.0,0.0,0.0,0.0,0.0,1.84,0.0,2.92,0.0,14.42,6.38,707.13,0.0,2.38
256561432060126,803.64,28,24.54,766.22,12.88,660.73,244.8,771.93,0.0,0.0,0.0,0.0,0.0,0.0,1.35,0.0,2.5,0.0,13.38,3.65,703.68,0.0,18.39
256561438058615,801.14,28,8.04,782.37,10.73,677.67,289.69,788.21,0.0,0.0,0.0,0.0,0.0,0.0,1.49,0.0,2.63,0.0,197.52,3.58,576.12,0.0,2.17
256561443911820,321.69,28,8.09,303.66,9.95,302.64,168.75,309.92,0.0,0.0,0.0,0.0,0.0,0.0,1.93,0.0,3.19,0.0,12.88,3.81,637.75,0.0,1.8
256561449731564,458.11,28,9.38,368.25,80.48,368.67,197.14,375.68,0.0,0.0,0.0,0.0,0.0,0.0,1.7,0.0,2.91,0.0,23.96,4.54,650.32,0.0,1.93
256561462171978,1212.15,28,8.71,1090.06,113.38,908.5,204.45,1096.19,0.0,0.0,0.0,0.0,0.0,0.0,1.8,0.0,3.41,0.0,15.02,4.11,694.48,0.0,2.58
256561468888834,321.85,28,11.34,300.58,9.92,297.42,188.95,306.85,0.0,0.0,0.0,0.0,0.0,0.0,1.69,0.0,2.8,0.0,27.32,3.46,671.48,0.0,5.08
256561474621032,853.26,28,7.83,748.95,96.48,649.22,191.25,754.38,0.0,0.0,0.0,0.0,0.0,0.0,1.59,0.0,2.66,0.0,8.46,3.89,653.8,0.0,2.39
256561481401707,656.28,28,9.63,578.15,68.5,574.81,219.53,585.28,0.0,0.0,0.0,0.0,0.0,0.0,3.43,0.0,4.58,0.0,9.76,3.46,684.93,0.0,2.5
256561486966963,315.06,28,8.19,298.53,8.34,293.96,173.57,304.6,0.0,0.0,0.0,0.0,0.0,0.0,1.53,0.0,2.85,0.0,10.03,3.9,645.38,0.0,2.12
256561492746479,394.44,28,58.04,271.94,64.45,317.88,183.7,326.87,0.0,0.0,0.0,0.0,0.0,0.0,50.05,0.0,51.42,0.0,12.71,4.47,646.69,0.0,3.04
256561498082839,788.32,28,8.29,768.28,11.76,674.13,203.79,774.8,0.0,0.0,0.0,0.0,0.0,0.0,1.8,0.0,3.21,0.0,9.31,4.68,685.82,0.0,1.76
256561504498306,578.17,28,7.75,561.52,8.91,559.6,238.47,566.99,0.0,0.0,0.0,0.0,0.0,0.0,1.48,0.0,2.59,0.0,17.41,4.24,677.43,0.0,2.1
256561510077975,315.64,28,6.35,300.2,9.09,296.89,177.11,304.91,0.0,0.0,0.0,0.0,0.0,0.0,1.47,0.0,2.63,0.0,9.36,3.46,676.15,0.0,1.64
256561515889814,869.76,28,8.62,778.41,82.74,670.85,222.83,784.44,0.0,0.0,0.0,0.0,0.0,0.0,1.52,0.0,2.7,0.0,23.69,3.55,704.09,0.0,2.37
256561522049335,250.48,28,9.24,232.24,9.0,230.56,179.79,238.3,0.0,0.0,0.0,0.0,0.0,0.0,1.8,0.0,3.37,0.0,10.71,3.46,668.82,0.0,3.17
256561527788398,887.5,28,10.04,788.09,89.37,673.68,211.41,795.88,0.0,0.0,0.0,0.0,0.0,0.0,1.7,0.0,3.07,0.0,16.5,6.93,667.31,0.0,2.25
256561534432459,872.23,28,7.11,772.3,92.82,667.37,216.54,777.79,0.0,0.0,0.0,0.0,0.0,0.0,2.02,0.0,3.45,0.0,14.96,3.62,678.35,0.0,1.57
256561541049402,792.65,28,60.25,720.8,11.6,681.39,253.96,779.72,0.0,0.0,0.0,0.0,0.0,0.0,1.24,0.0,2.34,0.0,63.89,58.5,672.77,0.0,1.3
256561548028439,323.52,28,10.33,303.57,9.61,300.07,180.03,309.38,0.0,0.0,0.0,0.0,0.0,0.0,1.4,0.0,3.05,0.0,12.93,3.56,651.19,0.0,4.52
256561553809629,414.5,28,10.14,306.04,98.31,306.47,180.99,313.89,0.0,0.0,0.0,0.0,0.0,0.0,2.29,0.0,3.42,0.0,20.84,6.78,659.73,0.0,2.27
256561559701125,472.27,28,8.87,379.72,83.68,376.53,209.8,386.35,0.0,0.0,0.0,0.0,0.0,0.0,1.62,0.0,2.83,0.0,11.38,5.32,653.38,0.0,2.21
256561565101239,240.56,28,7.16,224.45,8.96,222.1,173.37,229.92,0.0,0.0,0.0,0.0,0.0,0.0,1.59,0.0,2.78,0.0,10.76,3.62,655.78,0.0,1.68
256561571009759,859.64,28,24.24,738.68,96.72,654.82,224.49,744.22,0.0,0.0,0.0,0.0,0.0,0.0,1.53,0.0,2.61,0.0,25.99,3.62,706.69,0.0,18.01
256561577481161,859.55,28,7.98,760.14,91.42,664.69,231.94,765.99,0.0,0.0,0.0,0.0,0.0,0.0,1.35,0.0,2.46,0.0,20.66,4.74,667.23,0.0,2.08
256561584108704,747.35,28,7.2,730.35,9.8,640.95,218.93,735.6,0.0,0.0,0.0,0.0,0.0,0.0,1.54,0.0,2.88,0.0,9.89,3.52,704.27,0.0,1.95
256561591005706,793.21,28,8.53,774.47,10.2,662.2,202.18,780.39,0.0,0.0,0.0,0.0,0.0,0.0,1.67,0.0,2.99,0.0,15.22,3.61,676.57,0.0,2.62
256561597395591,654.32,28,8.09,636.58,9.64,635.06,233.46,642.83,0.0,0.0,0.0,0.0,0.0,0.0,1.51,0.0,2.69,0.0,26.68,3.56,702.89,0.0,1.84
256561602980148,328.67,28,7.61,311.81,9.25,310.5,180.1,317.53,0.0,0.0,0.0,0.0,0.0,0.0,1.59,0.0,2.87,0.0,13.28,3.59,663.09,0.0,1.89
256561608773572,428.0,28,7.78,330.64,89.58,327.93,196.62,335.9,0.0,0.0,0.0,0.0,0.0,0.0,1.19,0.0,2.54,0.0,28.62,3.52,644.47,0.0,2.52
256561614680936,487.13,28,6.28,403.74,77.12,400.68,232.1,408.69,0.0,0.0,0.0,0.0,0.0,0.0,1.49,0.0,2.56,0.0,10.93,3.61,730.08,0.0,1.31
256561620106073,255.72,28,7.62,238.69,9.41,236.18,172.55,244.07,0.0,0.0,0.0,0.0,0.0,0.0,1.26,0.0,2.53,0.0,11.34,3.52,663.56,0.0,2.24
256561625847398,386.07,28,9.35,299.17,77.56,298.16,180.84,306.01,0.0,0.0,0.0,0.0,0.0,0.0,1.61,0.0,2.84,0.0,23.99,5.51,671.38,0.0,2.45
256561631746399,443.77,28,23.58,324.84,95.34,321.28,201.67,332.27,0.0,0.0,0.0,0.0,0.0,0.0,3.12,0.0,4.45,0.0,15.5,3.43,646.17,0.0,15.7
256561637096173,316.46,28,7.25,300.24,8.98,297.6,173.76,305.5,0.0,0.0,0.0,0.0,0.0,0.0,1.53,0.0,2.65,0.0,8.8,3.5,661.27,0.0,1.99
256561642903811,343.88,28,7.8,251.7,84.38,249.57,190.46,257.65,0.0,0.0,0.0,0.0,0.0,0.0,1.58,0.0,2.95,0.0,15.24,3.6,663.86,0.0,1.85
256561648649320,472.46,28,7.26,378.59,86.61,376.48,237.75,384.56,0.0,0.0,0.0,0.0,0.0,0.0,1.92,0.0,3.16,0.0,12.49,3.47,695.72,0.0,1.29
256561654086070,772.98,28,5.58,756.04,11.35,661.18,206.45,760.28,0.0,0.0,0.0,0.0,0.0,0.0,1.88,0.0,2.92,0.0,8.89,3.49,702.3,0.0,1.35
256561660491987,883.8,28,55.9,739.1,88.8,711.6,247.41,793.05,0.0,0.0,0.0,0.0,0.0,0.0,51.94,0.0,52.89,0.0,28.45,3.81,693.82,0.0,1.95
256561666859669,255.15,28,7.92,238.41,8.81,223.28,177.53,244.06,0.0,0.0,0.0,0.0,0.0,0.0,1.88,0.0,3.4,0.0,15.15,3.56,668.53,0.0,2.28
256561672072657,789.53,28,6.99,770.1,12.44,666.07,214.43,775.87,0.0,0.0,0.0,0.0,0.0,0.0,2.0,0.0,3.31,0.0,9.96,3.52,680.85,0.0,1.22
256561679028715,754.17,28,7.62,735.6,10.96,681.47,207.0,741.34,0.0,0.0,0.0,0.0,0.0,0.0,1.35,0.0,2.82,0.0,19.07,3.47,661.63,0.0,1.88
256561685038528,753.34,28,6.61,735.26,11.47,642.9,210.52,740.09,0.0,0.0,0.0,0.0,0.0,0.0,1.49,0.0,2.73,0.0,8.5,3.5,683.36,0.0,1.78
256561691088796,781.25,28,8.66,761.17,11.41,673.18,225.09,768.07,0.0,0.0,0.0,0.0,0.0,0.0,2.65,0.0,3.97,0.0,12.51,3.75,673.49,0.0,1.77
256561697503598,827.82,28,8.81,735.35,83.66,652.83,211.54,741.82,0.0,0.0,0.0,0.0,0.0,0.0,1.77,0.0,2.91,0.0,13.55,4.74,682.94,0.0,2.34
256561704054622,243.01,28,11.92,222.09,8.99,220.23,186.27,228.14,0.0,0.0,0.0,0.0,0.0,0.0,2.0,0.0,3.31,0.0,15.86,3.53,670.96,0.0,5.88
256561709798113,415.17,28,22.86,318.68,73.63,314.69,190.93,325.58,0.0,0.0,0.0,0.0,0.0,0.0,1.5,0.0,2.57,0.0,13.53,6.55,641.19,0.0,15.51
256561715775268,837.18,28,7.89,735.59,93.7,644.23,232.19,741.44,0.0,0.0,0.0,0.0,0.0,0.0,1.66,0.0,3.03,0.0,8.8,3.42,681.14,0.0,2.04
256561722051279,749.01,28,7.38,730.06,11.56,645.57,205.45,734.88,0.0,0.0,0.0,0.0,0.0,0.0,1.22,0.0,2.29,0.0,16.89,3.53,670.78,0.0,2.57
256561728044376,313.7,28,8.41,295.92,9.36,294.39,180.26,301.46,0.0,0.0,0.0,0.0,0.0,0.0,1.45,0.0,2.65,0.0,12.57,3.48,666.21,0.0,2.88
256561733341959,254.18,28,8.58,236.4,9.2,234.78,176.25,241.8,0.0,0.0,0.0,0.0,0.0,0.0,1.89,0.0,2.93,0.0,12.46,3.5,655.93,0.0,3.0
256561739034005,799.7,28,22.86,765.49,11.35,670.24,190.81,771.37,0.0,0.0,0.0,0.0,0.0,0.0,1.77,0.0,2.92,0.0,9.53,4.41,699.53,0.0,16.37
256561746231966,781.32,28,23.93,656.59,100.8,643.43,216.81,662.7,0.0,0.0,0.0,0.0,0.0,0.0,1.94,0.0,3.22,0.0,28.23,3.75,658.33,0.0,17.05
256561751926937,746.86,28,8.16,727.99,10.71,647.38,211.86,733.96,0.0,0.0,0.0,0.0,0.0,0.0,1.88,0.0,3.21,0.0,11.37,3.58,696.93,0.0,2.19
256561758945127,850.78,28,9.29,771.51,69.98,683.58,244.16,778.49,0.0,0.0,0.0,0.0,0.0,0.0,1.78,0.0,2.94,0.0,22.04,5.09,698.34,0.0,2.32
256561765415882,641.43,28,8.22,622.92,10.29,621.14,258.67,629.03,0.0,0.0,0.0,0.0,0.0,0.0,1.93,0.0,3.01,0.0,9.54,4.97,691.6,0.0,2.1
256561771073481,316.44,28,7.3,299.49,9.64,296.64,167.32,304.3,0.0,0.0,0.0,0.0,0.0,0.0,1.66,0.0,2.83,0.0,8.91,3.5,644.1,0.0,2.49
256561776841319,364.21,28,26.24,245.24,92.73,239.85,184.99,253.02,0.0,0.0,0.0,0.0,0.0,0.0,2.05,0.0,3.2,0.0,26.33,4.82,639.97,0.0,18.22
256561782164118,309.64,28,7.43,293.59,8.62,291.62,175.02,299.51,0.0,0.0,0.0,0.0,0.0,0.0,1.65,0.0,2.72,0.0,14.25,3.69,659.84,0.0,1.51
256561788007622,769.98,28,7.6,747.62,14.76,655.38,244.35,753.0,0.0,0.0,0.0,0.0,0.0,0.0,1.47,0.0,2.67,0.0,10.33,3.59,729.62,0.0,2.22
256561794063051,756.04,28,8.71,733.94,13.38,650.08,246.13,740.9,0.0,0.0,0.0,0.0,0.0,0.0,1.96,0.0,3.42,0.0,35.39,4.3,714.63,0.0,1.75
256561800048451,778.49,28,9.39,757.06,12.03,670.66,233.17,764.4,0.0,0.0,0.0,0.0,0.0,0.0,2.35,0.0,3.79,0.0,18.59,3.54,706.61,0.0,2.06
256561806584257,789.75,28,70.79,706.15,12.81,679.77,218.37,774.58,0.0,0.0,0.0,0.0,0.0,0.0,66.36,0.0,67.45,0.0,8.72,3.49,683.48,0.0,2.35
256561812896139,266.88,28,8.06,249.76,9.05,247.94,183.56,255.72,0.0,0.0,0.0,0.0,0.0,0.0,1.7,0.0,3.24,0.0,16.43,3.49,660.8,0.0,2.1
256561818598231,314.41,28,7.7,225.95,80.77,222.64,180.92,231.36,0.0,0.0,0.0,0.0,0.0,0.0,1.58,0.0,2.71,0.0,14.89,3.49,662.3,0.0,2.28
256561824052974,768.47,28,7.7,748.36,12.41,659.73,203.7,754.06,0.0,0.0,0.0,0.0,0.0,0.0,1.22,0.0,2.5,0.0,11.32,4.9,693.69,0.0,1.99
256561831091034,903.82,28,24.91,782.47,96.44,669.3,228.92,787.53,0.0,0.0,0.0,0.0,0.0,0.0,1.66,0.0,2.87,0.0,10.05,3.72,714.73,0.0,19.39
256561836987915,316.71,28,16.36,291.6,8.75,299.36,174.58,306.56,0.0,0.0,0.0,0.0,0.0,0.0,10.51,0.0,12.12,0.0,40.03,3.49,658.66,0.0,1.4
256561842281965,780.32,28,7.41,762.88,10.04,671.97,221.59,768.06,0.0,0.0,0.0,0.0,0.0,0.0,1.67,0.0,3.12,0.0,12.22,3.52,672.54,0.0,2.22
256561849029695,315.59,28,7.45,298.94,9.2,297.26,181.83,304.57,0.0,0.0,0.0,0.0,0.0,0.0,1.66,0.0,3.11,0.0,14.13,3.48,662.77,0.0,1.81
256561854837049,394.52,28,7.29,305.68,81.56,303.33,185.25,310.43,0.0,0.0,0.0,0.0,0.0,0.0,1.55,0.0,2.75,0.0,13.62,3.67,643.21,0.0,2.42
256561860847089,900.44,28,7.27,810.53,82.65,727.45,216.38,815.61,0.0,0.0,0.0,0.0,0.0,0.0,1.76,0.0,3.09,0.0,17.34,3.52,659.16,0.0,1.99
256561867621798,265.09,28,7.78,247.58,9.74,245.64,177.19,252.85,0.0,0.0,0.0,0.0,0.0,0.0,1.57,0.0,2.6,0.0,13.3,3.54,673.81,0.0,2.5
256561873104818,316.55,28,7.49,300.64,8.43,298.94,180.62,305.89,0.0,0.0,0.0,0.0,0.0,0.0,1.49,0.0,2.66,0.0,12.19,3.47,670.18,0.0,2.24
256561878898000,337.15,28,7.78,233.25,96.12,230.04,176.77,238.14,0.0,0.0,0.0,0.0,0.0,0.0,1.67,0.0,3.04,0.0,14.92,3.43,649.99,0.0,2.88
256561884197678,796.97,28,8.85,777.39,10.73,668.68,233.85,783.16,0.0,0.0,0.0,0.0,0.0,0.0,1.48,0.0,2.6,0.0,18.36,3.53,663.98,0.0,2.98
256561889958734,240.37,28,10.01,220.97,9.4,220.49,188.65,228.3,0.0,0.0,0.0,0.0,0.0,0.0,1.47,0.0,2.51,0.0,10.42,5.56,652.84,0.0,2.65
256561895180103,244.07,28,7.4,228.35,8.31,225.95,176.98,233.53,0.0,0.0,0.0,0.0,0.0,0.0,1.79,0.0,3.12,0.0,10.75,3.53,669.87,0.0,2.22
256561900447538,605.77,28,7.74,589.51,8.52,585.78,216.07,595.25,0.0,0.0,0.0,0.0,0.0,0.0,1.88,0.0,3.14,0.0,14.92,3.52,648.95,0.0,1.88
256561906096363,855.34,28,10.83,832.62,11.89,738.97,256.8,841.13,0.0,0.0,0.0,0.0,0.0,0.0,1.98,0.0,3.29,0.0,15.37,7.13,682.17,0.0,2.29
256561912568220,586.8,28,160.59,416.65,9.55,410.63,212.43,422.54,0.0,0.0,0.0,0.0,0.0,0.0,1.81,0.0,3.12,0.0,12.01,3.52,669.93,0.0,154.46
256561918667544,458.91,28,8.61,362.0,88.3,357.91,227.71,368.46,0.0,0.0,0.0,0.0,0.0,0.0,1.63,0.0,2.93,0.0,12.11,3.73,719.43,0.0,2.13
256561924686842,451.16,28,6.27,366.24,78.66,362.36,207.94,371.28,0.0,0.0,0.0,0.0,0.0,0.0,1.6,0.0,2.67,0.0,10.03,3.6,683.09,0.0,1.23
256561930113990,774.08,28,7.89,756.24,9.95,666.25,190.58,762.31,0.0,0.0,0.0,0.0,0.0,0.0,1.6,0.0,2.9,0.0,14.65,3.97,653.85,0.0,1.81
256561936116898,855.6,28,55.02,707.47,93.11,651.04,210.59,760.16,0.0,0.0,0.0,0.0,0.0,0.0,2.83,0.0,50.28,0.0,9.93,4.14,692.88,0.0,2.27
256561942069651,256.26,28,7.14,235.81,13.31,233.7,174.37,241.44,0.0,0.0,0.0,0.0,0.0,0.0,1.91,0.0,3.06,0.0,14.52,3.72,653.11,0.0,1.52
256561947842035,891.45,28,8.14,794.04,89.27,694.81,237.52,799.67,0.0,0.0,0.0,0.0,0.0,0.0,1.49,0.0,2.77,0.0,8.8,3.57,726.07,0.0,2.48
256561954452512,607.44,28,12.52,586.4,8.52,575.84,220.02,593.94,0.0,0.0,0.0,0.0,0.0,0.0,2.6,0.0,5.16,0.0,22.91,3.57,680.43,0.0,4.69
256561960084240,309.86,28,7.59,292.87,9.4,290.37,177.24,298.32,0.0,0.0,0.0,0.0,0.0,0.0,1.65,0.0,2.92,0.0,9.9,3.67,671.37,0.0,2.13
256561965895483,904.86,28,7.44,802.67,94.75,725.43,205.51,807.8,0.0,0.0,0.0,0.0,0.0,0.0,1.41,0.0,2.71,0.0,10.4,3.99,686.09,0.0,2.31
256561972472840,601.55,28,8.09,503.5,89.96,501.02,248.64,509.19,0.0,0.0,0.0,0.0,0.0,0.0,1.98,0.0,3.17,0.0,57.93,4.36,688.14,0.0,2.16
256561978075467,782.86,28,11.68,759.96,11.22,666.91,329.28,766.45,0.0,0.0,0.0,0.0,0.0,0.0,1.73,0.0,2.9,0.0,138.24,4.15,656.39,0.0,5.19
256561984079280,775.92,28,7.57,754.57,13.79,656.99,209.54,760.13,0.0,0.0,0.0,0.0,0.0,0.0,1.81,0.0,2.78,0.0,16.37,3.56,674.58,0.0,1.75
256561991034183,316.04,28,8.38,299.39,8.27,294.55,178.41,305.33,0.0,0.0,0.0,0.0,0.0,0.0,1.7,0.0,2.99,0.0,11.96,3.56,661.12,0.0,2.41
256561997007546,773.98,28,7.7,755.87,10.41,663.08,212.75,761.53,0.0,0.0,0.0,0.0,0.0,0.0,1.94,0.0,3.2,0.0,16.95,4.62,695.8,0.0,2.04
256562003072989,317.58,28,8.16,300.38,9.03,299.23,183.66,306.49,0.0,0.0,0.0,0.0,0.0,0.0,1.59,0.0,3.04,0.0,30.86,3.53,644.82,0.0,2.06
256562008926714,895.62,28,9.6,800.13,85.89,699.0,236.08,807.29,0.0,0.0,0.0,0.0,0.0,0.0,1.93,0.0,3.37,0.0,20.44,6.19,706.96,0.0,2.33
256562015461506,839.97,28,12.95,732.82,94.21,668.36,236.16,743.88,0.0,0.0,0.0,0.0,0.0,0.0,2.5,0.0,4.01,0.0,12.38,7.62,662.57,0.0,1.83
256562022253294,790.44,28,98.87,602.74,88.84,647.58,255.2,698.93,0.0,0.0,0.0,0.0,0.0,0.0,1.96,0.0,3.15,0.0,119.75,96.2,655.0,0.0,2.37
256562029338897,1703.75,28,6.66,432.8,1264.3,299.01,169.39,437.94,0.0,0.0,0.0,0.0,0.0,0.0,1.8,0.0,3.15,0.0,8.99,3.6,652.23,0.0,1.46
256562036500774,594.29,28,9.01,472.76,112.51,470.72,202.12,479.4,0.0,0.0,0.0,0.0,0.0,0.0,1.95,0.0,3.14,0.0,10.66,4.62,664.3,0.0,2.13
256562042566054,887.5,28,8.32,788.19,90.99,680.96,239.81,794.4,0.0,0.0,0.0,0.0,0.0,0.0,1.83,0.0,2.9,0.0,23.68,3.67,690.22,0.0,2.07
256562049093249,235.02,28,7.93,218.17,8.91,214.08,172.98,223.87,0.0,0.0,0.0,0.0,0.0,0.0,1.97,0.0,3.11,0.0,17.28,3.65,652.26,0.0,2.23
256562054999439,824.02,28,9.48,791.42,23.11,677.66,202.85,798.3,0.0,0.0,0.0,0.0,0.0,0.0,1.64,0.0,3.28,0.0,24.09,4.45,648.15,0.0,2.61
256562061044865,321.57,28,5.81,306.7,9.05,302.73,181.27,311.23,0.0,0.0,0.0,0.0,0.0,0.0,1.87,0.0,2.96,0.0,9.03,3.5,663.54,0.0,1.29
256562066403888,276.87,28,7.03,261.64,8.19,257.56,176.44,266.65,0.0,0.0,0.0,0.0,0.0,0.0,1.44,0.0,3.04,0.0,8.32,3.65,679.88,0.0,2.03
256562072254246,342.22,28,11.84,241.55,88.84,238.53,179.96,247.3,0.0,0.0,0.0,0.0,0.0,0.0,1.89,0.0,3.02,0.0,18.98,3.51,666.05,0.0,6.09
256562078094628,881.28,28,45.81,747.57,87.9,685.28,215.6,791.14,0.0,0.0,0.0,0.0,0.0,0.0,5.24,0.0,40.59,0.0,14.58,3.61,684.33,0.0,2.23
256562085036552,769.76,28,9.01,750.83,9.93,651.0,233.83,757.4,0.0,0.0,0.0,0.0,0.0,0.0,2.36,0.0,3.78,0.0,19.2,3.79,726.58,0.0,2.43
256562092006593,795.76,28,9.75,773.35,12.66,672.7,214.23,780.61,0.0,0.0,0.0,0.0,0.0,0.0,2.72,0.0,3.94,0.0,21.92,6.13,669.93,0.0,2.5
256562098649123,860.85,28,10.56,770.28,80.01,655.54,237.84,778.42,0.0,0.0,0.0,0.0,0.0,0.0,3.69,0.0,4.88,0.0,9.93,3.66,688.01,0.0,2.38
256562106009053,312.88,28,7.26,297.35,8.27,293.22,169.04,302.86,0.0,0.0,0.0,0.0,0.0,0.0,1.53,0.0,2.69,0.0,12.32,3.52,640.16,0.0,1.76
256562111299545,718.34,28,9.2,699.11,10.03,696.64,240.93,705.92,0.0,0.0,0.0,0.0,0.0,0.0,1.75,0.0,2.83,0.0,20.69,4.62,712.43,0.0,2.38
256562117467506,646.86,28,8.79,545.21,92.87,542.59,206.31,551.5,0.0,0.0,0.0,0.0,0.0,0.0,1.99,0.0,3.31,0.0,10.92,3.54,691.11,0.0,2.5
256562123693993,439.11,28,7.9,350.02,81.18,346.96,212.57,355.74,0.0,0.0,0.0,0.0,0.0,0.0,1.52,0.0,2.95,0.0,11.94,3.92,644.21,0.0,2.18
256562129082759,244.09,28,7.57,228.47,8.06,226.1,172.96,233.98,0.0,0.0,0.0,0.0,0.0,0.0,2.11,0.0,3.26,0.0,8.83,3.5,671.34,0.0,1.88
256562134284978,325.23,28,11.21,304.46,9.56,302.73,179.13,310.52,0.0,0.0,0.0,0.0,0.0,0.0,1.54,0.0,2.76,0.0,29.04,3.5,650.71,0.0,5.15
256562140024175,788.36,28,11.15,764.33,12.88,652.59,220.35,773.19,0.0,0.0,0.0,0.0,0.0,0.0,1.87,0.0,3.01,0.0,19.13,7.76,651.97,0.0,2.29
256562146073950,251.62,28,7.78,234.36,9.49,232.72,175.71,240.5,0.0,0.0,0.0,0.0,0.0,0.0,1.88,0.0,3.07,0.0,10.47,3.75,664.5,0.0,1.64
256562152049733,790.32,28,8.32,768.81,13.19,661.92,260.46,775.14,0.0,0.0,0.0,0.0,0.0,0.0,1.54,0.0,2.87,0.0,13.37,3.57,715.66,0.0,1.98
256562157955319,338.91,28,9.77,319.93,9.21,316.72,181.92,324.73,0.0,0.0,0.0,0.0,0.0,0.0,1.51,0.0,2.59,0.0,10.62,3.39,670.6,0.0,4.97
256562163754508,465.4,28,139.27,237.39,88.75,233.64,178.91,244.39,0.0,0.0,0.0,0.0,0.0,0.0,3.08,0.0,4.17,0.0,21.59,4.31,641.64,0.0,132.18
256562169773868,851.84,28,8.76,761.25,81.83,669.55,212.48,767.68,0.0,0.0,0.0,0.0,0.0,0.0,1.2,0.0,2.38,0.0,11.57,5.03,672.36,0.0,2.33
256562176038933,775.47,28,144.7,622.64,8.13,691.42,355.86,765.44,0.0,0.0,0.0,0.0,0.0,0.0,2.09,0.0,3.25,0.0,147.84,142.54,677.7,0.0,1.89
256562182972870,893.95,28,7.78,796.02,90.14,674.37,242.39,801.54,0.0,0.0,0.0,0.0,0.0,0.0,1.75,0.0,3.15,0.0,30.46,3.57,688.2,0.0,2.22
256562189470761,838.59,28,8.31,738.79,91.49,647.54,243.63,744.64,0.0,0.0,0.0,0.0,0.0,0.0,1.75,0.0,3.22,0.0,22.02,3.55,677.87,0.0,2.46
256562196069397,791.57,28,7.57,773.73,10.26,680.11,213.29,779.44,0.0,0.0,0.0,0.0,0.0,0.0,1.82,0.0,3.03,0.0,13.03,3.5,700.72,0.0,1.84
256562202475957,629.57,28,10.53,531.19,87.86,531.9,226.86,539.48,0.0,0.0,0.0,0.0,0.0,0.0,1.7,0.0,3.13,0.0,10.93,5.83,708.17,0.0,2.23
256562208633648,510.97,28,9.52,422.79,78.66,419.97,220.18,429.82,0.0,0.0,0.0,0.0,0.0,0.0,2.62,0.0,3.72,0.0,20.54,4.12,700.83,0.0,2.42
256562214708165,457.1,28,10.22,380.23,66.65,379.73,219.56,388.27,0.0,0.0,0.0,0.0,0.0,0.0,1.63,0.0,2.73,0.0,17.8,5.74,659.77,0.0,2.15
256562220756990,428.89,28,8.03,340.25,80.61,337.24,179.0,345.56,0.0,0.0,0.0,0.0,0.0,0.0,1.48,0.0,2.51,0.0,21.11,3.48,651.58,0.0,2.71
256562226159491,871.33,28,9.54,852.05,9.74,768.74,275.25,859.93,0.0,0.0,0.0,0.0,0.0,0.0,1.6,0.0,3.03,0.0,70.53,5.1,695.39,0.0,1.66
256562233433620,871.39,28,11.65,761.27,98.47,650.52,221.05,769.63,0.0,0.0,0.0,0.0,0.0,0.0,4.55,0.0,6.94,0.0,24.32,3.47,672.99,0.0,2.92
256562240056211,311.06,28,7.95,294.27,8.83,293.51,177.47,300.53,0.0,0.0,0.0,0.0,0.0,0.0,1.43,0.0,2.72,0.0,15.3,3.53,670.34,0.0,1.7
256562245909886,408.83,28,7.95,319.49,81.39,317.94,182.03,325.26,0.0,0.0,0.0,0.0,0.0,0.0,1.85,0.0,2.95,0.0,22.5,3.54,626.13,0.0,2.15
256562251954936,882.77,28,25.22,761.35,96.2,635.48,227.15,766.77,0.0,0.0,0.0,0.0,0.0,0.0,1.69,0.0,2.9,0.0,20.92,4.02,678.06,0.0,19.19
256562258940791,823.47,28,7.71,738.88,76.88,649.58,206.2,744.43,0.0,0.0,0.0,0.0,0.0,0.0,1.6,0.0,2.8,0.0,17.31,3.51,677.83,0.0,2.15
256562265066970,771.25,28,8.4,751.93,10.92,672.22,182.65,758.0,0.0,0.0,0.0,0.0,0.0,0.0,1.4,0.0,2.66,0.0,10.49,5.42,664.66,0.0,2.33
256562271088027,788.94,28,10.67,767.28,10.99,686.46,204.54,775.95,0.0,0.0,0.0,0.0,0.0,0.0,1.72,0.0,2.81,0.0,22.31,6.64,671.33,0.0,2.0
256562277059428,243.7,28,6.71,229.18,7.81,227.42,178.13,234.34,0.0,0.0,0.0,0.0,0.0,0.0,1.82,0.0,3.15,0.0,17.14,3.42,652.35,0.0,1.51
256562282800508,382.29,28,8.47,292.08,81.73,290.32,197.7,298.39,0.0,0.0,0.0,0.0,0.0,0.0,1.49,0.0,2.98,0.0,25.45,3.46,647.43,0.0,2.16
256562288227543,330.06,28,6.98,314.41,8.67,303.87,174.23,319.55,0.0,0.0,0.0,0.0,0.0,0.0,1.74,0.0,2.86,0.0,9.86,3.5,671.55,0.0,1.8
256562294055860,801.53,28,7.84,718.48,75.2,662.03,200.66,724.0,0.0,0.0,0.0,0.0,0.0,0.0,1.64,0.0,2.81,0.0,8.9,3.99,630.72,0.0,2.33
256562301008371,770.49,28,7.91,746.64,15.94,650.03,262.93,752.47,0.0,0.0,0.0,0.0,0.0,0.0,1.58,0.0,2.7,0.0,17.37,4.89,715.93,0.0,2.06
256562308182051,826.83,28,8.06,735.3,83.48,655.04,207.95,740.8,0.0,0.0,0.0,0.0,0.0,0.0,1.6,0.0,2.8,0.0,22.6,3.74,655.9,0.0,2.36
256562314568074,932.27,28,7.16,839.89,85.22,738.55,209.82,844.82,0.0,0.0,0.0,0.0,0.0,0.0,1.51,0.0,2.9,0.0,9.62,3.68,699.69,0.0,1.67
256562320946205,247.92,28,7.43,231.13,9.36,228.59,178.64,236.14,0.0,0.0,0.0,0.0,0.0,0.0,1.79,0.0,2.87,0.0,10.65,3.48,655.05,0.0,2.42
256562326161636,797.26,28,19.26,766.03,11.97,671.27,236.85,773.03,0.0,0.0,0.0,0.0,0.0,0.0,2.51,0.0,3.6,0.0,29.85,3.52,673.12,0.0,12.18
256562333041633,850.38,28,8.04,832.74,9.59,712.11,223.68,838.53,0.0,0.0,0.0,0.0,0.0,0.0,1.73,0.0,2.92,0.0,20.1,3.58,649.5,0.0,2.26
256562339485194,598.77,28,7.42,495.54,95.82,491.33,212.74,500.56,0.0,0.0,0.0,0.0,0.0,0.0,1.71,0.0,2.84,0.0,8.96,3.8,660.71,0.0,2.38
256562345623327,492.87,28,7.6,397.97,87.3,395.79,202.79,403.55,0.0,0.0,0.0,0.0,0.0,0.0,1.86,0.0,2.92,0.0,17.73,3.5,671.39,0.0,1.99
256562351642477,479.99,28,7.55,388.77,83.67,386.59,214.84,394.89,0.0,0.0,0.0,0.0,0.0,0.0,1.51,0.0,2.72,0.0,9.1,3.72,670.17,0.0,1.43
256562357110692,793.4,28,20.48,762.13,10.79,675.92,227.15,768.44,0.0,0.0,0.0,0.0,0.0,0.0,1.67,0.0,3.16,0.0,15.58,3.65,660.27,0.0,13.97
256562363056834,956.8,28,8.77,937.15,10.89,713.51,240.89,943.32,0.0,0.0,0.0,0.0,0.0,0.0,2.2,0.0,3.66,0.0,9.61,4.45,686.24,0.0,2.6
256562369085300,801.07,28,7.65,783.13,10.29,682.84,200.02,788.71,0.0,0.0,0.0,0.0,0.0,0.0,1.72,0.0,2.9,0.0,14.79,3.49,692.11,0.0,2.07
256562376027054,720.74,28,8.35,704.21,8.18,653.8,210.3,710.39,0.0,0.0,0.0,0.0,0.0,0.0,1.89,0.0,3.23,0.0,19.17,4.57,669.62,0.0,2.17
256562383007007,757.71,28,8.37,739.09,10.26,644.61,225.76,744.91,0.0,0.0,0.0,0.0,0.0,0.0,1.76,0.0,2.96,0.0,14.54,3.5,693.43,0.0,2.54
256562390025005,831.16,28,7.84,814.18,9.13,730.41,215.43,820.0,0.0,0.0,0.0,0.0,0.0,0.0,1.89,0.0,3.11,0.0,15.81,3.51,679.79,0.0,2.02
256562396006781,779.8,28,7.23,761.52,11.04,647.98,221.35,766.57,0.0,0.0,0.0,0.0,0.0,0.0,1.4,0.0,2.69,0.0,8.1,3.47,707.64,0.0,2.18
256562401962305,320.45,28,7.58,303.68,9.19,300.21,172.14,309.07,0.0,0.0,0.0,0.0,0.0,0.0,1.52,0.0,2.58,0.0,12.71,3.61,640.09,0.0,2.19
256562407251032,756.65,28,9.13,737.6,9.92,635.38,239.38,744.1,0.0,0.0,0.0,0.0,0.0,0.0,1.52,0.0,2.59,0.0,10.8,4.61,741.36,0.0,2.64
256562413757201,415.34,28,53.49,353.86,7.99,397.29,198.65,405.29,0.0,0.0,0.0,0.0,0.0,0.0,49.21,0.0,50.58,0.0,10.41,3.44,664.44,0.0,2.07
256562419781176,927.47,28,92.58,756.27,78.63,732.57,230.88,834.76,0.0,0.0,0.0,0.0,0.0,0.0,12.05,0.0,76.36,0.0,14.32,3.53,678.58,0.0,14.09
256562426066294,270.79,28,5.87,255.51,9.41,251.96,171.68,259.98,0.0,0.0,0.0,0.0,0.0,0.0,1.63,0.0,2.93,0.0,8.93,3.52,668.38,0.0,1.4
256562431859623,861.88,28,7.89,762.56,91.44,676.63,217.59,768.2,0.0,0.0,0.0,0.0,0.0,0.0,1.57,0.0,2.76,0.0,16.19,3.7,698.08,0.0,2.25
256562438074527,844.08,28,8.81,824.52,10.76,729.91,208.08,831.77,0.0,0.0,0.0,0.0,0.0,0.0,1.9,0.0,3.12,0.0,15.55,6.2,689.53,0.0,1.55
256562443982570,315.21,28,7.22,298.27,9.72,294.93,175.4,303.25,0.0,0.0,0.0,0.0,0.0,0.0,1.64,0.0,2.75,0.0,8.81,3.49,643.57,0.0,2.21
256562449331973,257.14,28,7.28,240.12,9.74,235.59,175.85,245.36,0.0,0.0,0.0,0.0,0.0,0.0,1.79,0.0,3.23,0.0,10.94,3.47,658.16,0.0,2.04
256562454595767,238.96,28,9.03,220.88,9.05,217.21,174.94,226.77,0.0,0.0,0.0,0.0,0.0,0.0,1.85,0.0,3.15,0.0,9.16,3.48,654.69,0.0,3.13
256562460402116,820.33,28,8.24,729.18,82.91,636.3,241.07,735.23,0.0,0.0,0.0,0.0,0.0,0.0,2.1,0.0,3.49,0.0,19.34,3.52,701.32,0.0,2.1
256562467033964,257.65,28,8.02,241.22,8.41,238.53,178.32,247.01,0.0,0.0,0.0,0.0,0.0,0.0,1.64,0.0,2.8,0.0,13.26,3.53,663.92,0.0,2.24
256562472785917,893.36,28,10.27,795.28,87.81,681.63,239.61,802.14,0.0,0.0,0.0,0.0,0.0,0.0,2.14,0.0,3.67,0.0,20.76,3.95,701.96,0.0,3.42
256562479870108,333.31,28,7.99,234.75,90.57,229.33,179.37,240.17,0.0,0.0,0.0,0.0,0.0,0.0,1.41,0.0,2.73,0.0,11.87,3.47,644.04,0.0,2.52
256562485771222,384.81,28,8.79,280.86,95.16,277.06,242.89,287.25,0.0,0.0,0.0,0.0,0.0,0.0,1.77,0.0,2.95,0.0,83.65,4.24,666.59,0.0,2.35
256562491169773,843.72,28,16.68,814.79,12.25,758.4,261.14,820.42,0.0,0.0,0.0,0.0,0.0,0.0,1.62,0.0,2.69,0.0,19.93,3.46,724.62,0.0,10.53
256562498028545,751.3,28,7.39,733.52,10.4,644.79,199.17,738.86,0.0,0.0,0.0,0.0,0.0,0.0,1.74,0.0,3.05,0.0,13.07,3.51,657.52,0.0,1.83
256562505028076,786.42,28,7.53,764.74,14.16,667.72,211.71,769.6,0.0,0.0,0.0,0.0,0.0,0.0,1.53,0.0,2.64,0.0,9.62,4.55,703.5,0.0,2.66
256562511728100,427.19,28,7.4,410.83,8.96,407.72,227.82,416.23,0.0,0.0,0.0,0.0,0.0,0.0,1.51,0.0,2.92,0.0,14.53,3.58,700.86,0.0,2.0
256562517861013,403.85,28,8.95,311.05,83.85,309.2,190.33,317.32,0.0,0.0,0.0,0.0,0.0,0.0,1.75,0.0,2.97,0.0,18.18,3.52,664.82,0.0,2.67
256562523870532,417.36,28,7.37,318.4,91.6,314.71,185.59,323.71,0.0,0.0,0.0,0.0,0.0,0.0,1.45,0.0,2.72,0.0,9.91,3.47,674.34,0.0,1.97
256562529962333,864.92,28,8.77,767.37,88.78,664.87,235.69,773.35,0.0,0.0,0.0,0.0,0.0,0.0,1.81,0.0,3.11,0.0,17.68,3.85,695.34,0.0,2.79
256562537016424,240.72,28,6.9,224.76,9.06,222.38,171.49,229.75,0.0,0.0,0.0,0.0,0.0,0.0,1.68,0.0,3.06,0.0,10.81,3.66,654.84,0.0,1.9
256562542828095,974.99,28,7.26,790.17,177.56,699.11,238.83,794.98,0.0,0.0,0.0,0.0,0.0,0.0,1.45,0.0,2.52,0.0,15.17,3.74,682.64,0.0,2.39
256562550007145,315.64,28,8.24,298.09,9.31,295.08,182.07,303.58,0.0,0.0,0.0,0.0,0.0,0.0,1.64,0.0,2.83,0.0,14.63,3.69,666.87,0.0,2.75
256562555327496,310.57,28,7.14,294.7,8.73,292.6,183.16,300.32,0.0,0.0,0.0,0.0,0.0,0.0,1.52,0.0,2.86,0.0,11.64,3.6,666.76,0.0,1.52
256562561029016,783.82,28,7.81,766.43,9.58,664.73,212.28,771.97,0.0,0.0,0.0,0.0,0.0,0.0,2.05,0.0,3.55,0.0,13.82,3.55,675.4,0.0,2.27
256562567637341,513.86,28,7.31,422.06,84.49,418.92,205.56,426.85,0.0,0.0,0.0,0.0,0.0,0.0,1.57,0.0,2.69,0.0,8.41,3.49,690.13,0.0,2.52
256562573655546,336.0,28,12.59,238.84,84.57,235.7,177.75,245.38,0.0,0.0,0.0,0.0,0.0,0.0,1.72,0.0,3.01,0.0,18.5,3.52,669.18,0.0,6.05
256562579434295,839.24,28,8.89,747.69,82.66,660.63,220.88,754.16,0.0,0.0,0.0,0.0,0.0,0.0,1.94,0.0,3.34,0.0,22.88,3.71,665.09,0.0,2.32
256562586102492,249.84,28,7.58,234.23,8.02,231.99,171.96,239.95,0.0,0.0,0.0,0.0,0.0,0.0,1.41,0.0,2.87,0.0,10.08,3.41,653.67,0.0,1.86
256562591382876,250.09,28,7.6,232.4,10.09,229.43,172.39,237.53,0.0,0.0,0.0,0.0,0.0,0.0,1.93,0.0,3.12,0.0,10.6,3.56,656.56,0.0,2.47
256562597210582,882.59,28,9.73,778.59,94.27,702.98,228.14,786.4,0.0,0.0,0.0,0.0,0.0,0.0,1.72,0.0,3.18,0.0,10.73,6.01,710.15,0.0,1.92
256562603905902,793.5,28,9.02,774.33,10.15,686.07,190.07,781.17,0.0,0.0,0.0,0.0,0.0,0.0,1.5,0.0,2.71,0.0,17.86,5.64,678.95,0.0,2.17
256562610050680,245.7,28,8.31,228.03,9.36,225.59,175.73,233.56,0.0,0.0,0.0,0.0,0.0,0.0,1.73,0.0,3.15,0.0,10.27,3.57,661.56,0.0,2.79
256562615809569,911.52,28,8.41,805.63,97.48,718.1,239.59,811.95,0.0,0.0,0.0,0.0,0.0,0.0,2.92,0.0,4.08,0.0,9.96,3.75,686.86,0.0,2.09
256562622972663,818.42,28,9.15,762.1,47.17,641.82,217.14,769.17,0.0,0.0,0.0,0.0,0.0,0.0,1.64,0.0,3.48,0.0,13.05,4.59,681.66,0.0,2.08
256562629549694,826.24,28,7.49,723.3,95.45,628.01,207.24,728.52,0.0,0.0,0.0,0.0,0.0,0.0,1.43,0.0,2.67,0.0,9.91,3.56,661.59,0.0,2.27
256562635994132,788.91,28,8.72,759.19,21.01,669.76,226.93,765.2,0.0,0.0,0.0,0.0,0.0,0.0,1.52,0.0,2.9,0.0,17.2,5.85,688.85,0.0,2.7
256562642072159,279.23,28,6.31,263.62,9.29,261.09,177.53,268.14,0.0,0.0,0.0,0.0,0.0,0.0,1.72,0.0,2.86,0.0,16.76,3.46,664.95,0.0,1.79
256562647362524,477.14,28,7.09,318.68,151.38,316.06,164.28,324.14,0.0,0.0,0.0,0.0,0.0,0.0,1.6,0.0,3.07,0.0,9.38,3.58,646.23,0.0,1.62
256562653042438,324.75,28,12.9,303.19,8.66,303.32,185.16,310.86,0.0,0.0,0.0,0.0,0.0,0.0,1.75,0.0,3.12,0.0,21.7,6.27,672.05,0.0,5.14
256562658920333,856.03,28,9.45,753.66,92.92,647.84,203.03,760.35,0.0,0.0,0.0,0.0,0.0,0.0,1.72,0.0,2.89,0.0,19.94,4.5,675.55,0.0,2.76
256562665084837,313.46,28,7.99,296.19,9.28,294.19,175.19,301.58,0.0,0.0,0.0,0.0,0.0,0.0,1.76,0.0,2.86,0.0,8.28,3.44,675.78,0.0,2.61
256562671014547,267.38,28,23.0,234.93,9.46,231.7,183.12,240.79,0.0,0.0,0.0,0.0,0.0,0.0,1.55,0.0,3.01,0.0,29.92,3.66,657.78,0.0,17.13
256562676875479,334.66,28,8.48,234.18,92.0,230.04,193.46,239.49,0.0,0.0,0.0,0.0,0.0,0.0,1.46,0.0,2.55,0.0,12.98,3.62,677.27,0.0,3.1
256562682745175,400.69,28,9.09,298.32,93.28,296.84,192.26,304.39,0.0,0.0,0.0,0.0,0.0,0.0,1.6,0.0,2.99,0.0,28.49,4.04,644.38,0.0,2.89
256562688839245,336.18,28,24.4,218.5,93.27,213.43,201.26,224.74,0.0,0.0,0.0,0.0,0.0,0.0,1.78,0.0,2.99,0.0,35.5,3.67,643.72,0.0,17.74
256562694782991,886.81,28,8.83,794.95,83.03,660.24,232.35,801.24,0.0,0.0,0.0,0.0,0.0,0.0,1.44,0.0,2.77,0.0,25.29,3.52,681.46,0.0,2.54
256562701869492,323.7,28,8.4,243.5,71.79,241.2,180.46,249.13,0.0,0.0,0.0,0.0,0.0,0.0,1.76,0.0,2.8,0.0,8.36,3.69,663.78,0.0,2.77
256562707817845,404.67,28,7.37,307.46,89.83,304.14,182.81,312.9,0.0,0.0,0.0,0.0,0.0,0.0,1.67,0.0,2.77,0.0,65.14,3.5,606.75,0.0,1.93
256562713816216,817.39,28,9.21,723.86,84.31,636.5,243.69,730.29,0.0,0.0,0.0,0.0,0.0,0.0,1.51,0.0,2.52,0.0,71.42,3.94,717.15,0.0,2.75
256562720851380,388.56,28,8.23,296.64,83.69,295.01,179.01,302.63,0.0,0.0,0.0,0.0,0.0,0.0,1.41,0.0,2.67,0.0,9.06,4.11,641.2,0.0,2.18
256562726838618,868.05,28,8.19,765.11,94.76,674.36,204.19,770.82,0.0,0.0,0.0,0.0,0.0,0.0,1.52,0.0,2.59,0.0,8.81,3.73,688.51,0.0,2.43
256562733083366,793.57,28,7.82,774.92,10.82,675.0,216.1,780.75,0.0,0.0,0.0,0.0,0.0,0.0,1.57,0.0,3.0,0.0,30.94,3.6,661.99,0.0,2.0
256562739073578,316.74,28,6.49,300.78,9.47,297.88,177.97,305.84,0.0,0.0,0.0,0.0,0.0,0.0,1.57,0.0,2.71,0.0,14.75,3.59,682.0,0.0,1.43
256562744970716,812.48,28,8.72,704.86,98.9,665.56,225.01,711.26,0.0,0.0,0.0,0.0,0.0,0.0,1.63,0.0,2.83,0.0,11.83,4.1,731.45,0.0,2.32
256562751058144,880.13,28,9.65,860.96,9.52,760.12,320.02,867.97,0.0,0.0,0.0,0.0,0.0,0.0,3.07,0.0,4.13,0.0,113.59,4.3,670.09,0.0,2.63
256562757594177,792.14,28,9.07,698.98,84.1,655.36,219.13,705.85,0.0,0.0,0.0,0.0,0.0,0.0,1.69,0.0,3.05,0.0,12.43,4.8,711.46,0.0,2.19
256562764521023,329.78,28,6.96,221.04,101.78,214.01,175.95,226.28,0.0,0.0,0.0,0.0,0.0,0.0,1.45,0.0,2.49,0.0,15.96,3.6,662.18,0.0,1.49
256562770038429,873.03,28,9.57,853.7,9.76,764.12,208.27,861.56,0.0,0.0,0.0,0.0,0.0,0.0,1.7,0.0,3.28,0.0,24.24,6.18,662.36,0.0,1.63
256562777117922,864.63,28,9.56,768.94,86.13,670.78,226.54,775.87,0.0,0.0,0.0,0.0,0.0,0.0,1.5,0.0,2.92,0.0,30.92,5.77,684.93,0.0,2.62
256562783096231,749.2,28,9.66,728.28,11.26,641.08,282.08,735.96,0.0,0.0,0.0,0.0,0.0,0.0,1.72,0.0,3.07,0.0,11.57,5.43,734.88,0.0,1.94
256562789530412,837.43,28,9.13,730.71,97.58,641.85,236.32,737.46,0.0,0.0,0.0,0.0,0.0,0.0,2.33,0.0,3.5,0.0,22.39,3.62,698.54,0.0,2.38
256562796677246,451.87,28,9.7,343.91,98.26,343.75,232.91,351.12,0.0,0.0,0.0,0.0,0.0,0.0,1.62,0.0,2.99,0.0,11.3,6.42,714.71,0.0,2.49
256562802729232,456.05,28,8.22,359.95,87.88,354.54,191.05,365.39,0.0,0.0,0.0,0.0,0.0,0.0,1.44,0.0,2.37,0.0,19.86,3.46,624.38,0.0,2.73
256562808733689,920.86,28,8.18,825.77,86.91,723.54,221.63,831.5,0.0,0.0,0.0,0.0,0.0,0.0,1.63,0.0,3.0,0.0,53.88,3.48,654.69,0.0,2.46
256562815078287,761.07,28,7.13,743.86,10.09,640.82,217.29,748.82,0.0,0.0,0.0,0.0,0.0,0.0,1.63,0.0,2.74,0.0,9.01,3.52,708.36,0.0,2.13
256562821587529,878.44,28,7.36,799.27,71.81,722.15,245.25,804.44,0.0,0.0,0.0,0.0,0.0,0.0,1.46,0.0,2.87,0.0,13.01,3.46,705.4,0.0,2.2
256562828897989,875.83,28,8.56,757.56,109.72,676.07,227.8,763.39,0.0,0.0,0.0,0.0,0.0,0.0,1.56,0.0,3.2,0.0,73.06,3.6,650.76,0.0,2.72
256562835110082,309.23,28,8.71,292.81,7.71,291.52,186.47,299.11,0.0,0.0,0.0,0.0,0.0,0.0,1.62,0.0,2.87,0.0,14.09,3.74,668.0,0.0,2.41
256562841006537,249.65,28,12.32,227.3,10.03,226.17,179.47,233.34,0.0,0.0,0.0,0.0,0.0,0.0,1.71,0.0,3.08,0.0,19.06,3.5,664.5,0.0,6.26
256562846955611,880.18,28,9.03,807.16,63.99,668.87,211.31,813.14,0.0,0.0,0.0,0.0,0.0,0.0,1.74,0.0,3.08,0.0,20.28,3.58,668.88,0.0,3.05
256562854007257,830.85,28,11.62,768.03,51.2,677.38,222.27,777.21,0.0,0.0,0.0,0.0,0.0,0.0,1.7,0.0,2.96,0.0,14.08,6.92,692.22,0.0,2.44
256562860037163,339.01,28,9.94,318.95,10.12,316.5,182.22,323.77,0.0,0.0,0.0,0.0,0.0,0.0,1.77,0.0,3.0,0.0,16.46,3.49,663.3,0.0,5.12
256562865410874,766.55,28,7.75,746.9,11.9,656.52,190.91,752.16,0.0,0.0,0.0,0.0,0.0,0.0,1.49,0.0,2.52,0.0,11.4,3.54,673.46,0.0,2.47
256562872060133,852.77,28,8.94,830.91,12.93,741.29,224.47,837.11,0.0,0.0,0.0,0.0,0.0,0.0,1.34,0.0,2.89,0.0,13.18,3.69,737.97,0.0,2.73
256562878456942,622.0,28,9.49,529.23,83.28,528.7,306.72,536.55,0.0,0.0,0.0,0.0,0.0,0.0,1.62,0.0,2.56,0.0,107.04,5.55,680.51,0.0,2.02
256562884746622,411.11,28,8.55,312.02,90.54,301.33,197.97,317.62,0.0,0.0,0.0,0.0,0.0,0.0,1.5,0.0,2.74,0.0,24.42,3.56,663.32,0.0,2.95
256562890780980,412.03,28,8.97,324.97,78.09,318.43,183.32,331.08,0.0,0.0,0.0,0.0,0.0,0.0,1.96,0.0,2.98,0.0,20.93,3.52,647.91,0.0,2.8
256562896740305,401.09,28,63.05,253.93,84.11,306.73,188.65,313.96,0.0,0.0,0.0,0.0,0.0,0.0,3.78,0.0,58.86,0.0,8.93,3.61,640.27,0.0,3.02
256562902726195,462.61,28,9.55,371.53,81.53,369.44,203.49,377.81,0.0,0.0,0.0,0.0,0.0,0.0,1.59,0.0,3.17,0.0,12.49,3.47,655.48,0.0,3.27
256562908733990,314.95,28,8.47,216.13,90.35,213.76,177.85,221.66,0.0,0.0,0.0,0.0,0.0,0.0,1.57,0.0,2.92,0.0,12.49,3.53,670.34,0.0,2.87
256562914616778,498.37,28,7.81,420.06,70.5,417.34,200.66,425.53,0.0,0.0,0.0,0.0,0.0,0.0,1.72,0.0,3.1,0.0,8.73,3.48,683.32,0.0,2.28
256562920691435,483.22,28,6.71,390.08,86.43,386.47,188.89,394.84,0.0,0.0,0.0,0.0,0.0,0.0,1.4,0.0,2.77,0.0,8.59,3.46,669.14,0.0,1.94
256562926832965,394.25,28,7.61,290.4,96.24,287.04,179.63,295.5,0.0,0.0,0.0,0.0,0.0,0.0,1.62,0.0,2.67,0.0,9.29,3.52,680.53,0.0,2.51
256562932816546,352.47,28,8.47,265.67,78.34,260.22,180.29,271.54,0.0,0.0,0.0,0.0,0.0,0.0,1.8,0.0,2.83,0.0,17.48,4.35,655.88,0.0,2.59
256562938238882,758.58,28,8.05,740.09,10.43,644.82,187.76,745.7,0.0,0.0,0.0,0.0,0.0,0.0,1.41,0.0,2.6,0.0,9.82,3.57,645.93,0.0,2.44
256562944067464,791.62,28,7.78,772.64,11.2,675.11,197.07,778.33,0.0,0.0,0.0,0.0,0.0,0.0,1.74,0.0,3.15,0.0,10.32,3.66,699.89,0.0,2.06
256562950099905,773.77,28,11.88,749.81,12.08,650.94,200.67,759.49,0.0,0.0,0.0,0.0,0.0,0.0,1.57,0.0,2.64,0.0,12.18,7.38,648.74,0.0,2.2
256562956550995,559.2,28,8.67,541.38,9.15,539.31,255.23,547.74,0.0,0.0,0.0,0.0,0.0,0.0,1.99,0.0,3.33,0.0,24.11,3.98,720.76,0.0,2.2
256562962733730,969.88,28,9.16,868.67,92.05,778.82,231.84,875.18,0.0,0.0,0.0,0.0,0.0,0.0,1.65,0.0,2.9,0.0,21.61,4.04,708.28,0.0,2.65
256562969455253,757.98,28,9.25,737.05,11.68,638.56,251.46,743.74,0.0,0.0,0.0,0.0,0.0,0.0,1.49,0.0,2.57,0.0,94.21,4.8,676.47,0.0,2.57
256562976090582,820.38,28,7.37,801.88,11.12,709.06,216.12,807.01,0.0,0.0,0.0,0.0,0.0,0.0,2.08,0.0,3.03,0.0,8.84,3.46,709.24,0.0,2.24
256562982111722,230.98,28,6.84,215.0,9.13,211.82,172.36,219.89,0.0,0.0,0.0,0.0,0.0,0.0,1.6,0.0,3.17,0.0,11.53,3.49,655.33,0.0,1.96
256562987978662,779.6,28,11.11,730.58,37.9,642.9,202.94,738.89,0.0,0.0,0.0,0.0,0.0,0.0,1.71,0.0,2.93,0.0,17.77,6.34,677.71,0.0,2.81
256562995026373,830.87,28,8.11,811.83,10.92,677.58,268.71,817.44,0.0,0.0,0.0,0.0,0.0,0.0,1.63,0.0,2.83,0.0,28.82,3.54,717.12,0.0,2.5
256563001053875,782.18,28,9.54,761.86,10.78,664.13,183.73,769.0,0.0,0.0,0.0,0.0,0.0,0.0,2.06,0.0,3.48,0.0,18.07,5.41,641.34,0.0,2.4
256563007091949,248.57,28,6.79,232.81,8.97,230.7,171.0,237.83,0.0,0.0,0.0,0.0,0.0,0.0,1.6,0.0,2.69,0.0,9.84,3.49,652.82,0.0,1.77
256563012446727,607.07,28,20.59,574.73,11.75,568.37,243.62,580.39,0.0,0.0,0.0,0.0,0.0,0.0,2.11,0.0,3.23,0.0,30.64,3.95,661.55,0.0,14.44
256563018121481,257.02,28,6.6,240.53,9.88,237.08,182.22,245.69,0.0,0.0,0.0,0.0,0.0,0.0,1.62,0.0,2.9,0.0,8.15,3.6,675.77,0.0,1.42
256563023977799,829.8,28,9.0,782.06,38.74,690.95,214.72,788.57,0.0,0.0,0.0,0.0,0.0,0.0,1.75,0.0,2.95,0.0,26.1,3.57,650.73,0.0,2.48
256563031029463,742.85,28,8.37,722.96,11.52,669.91,216.43,729.25,0.0,0.0,0.0,0.0,0.0,0.0,1.85,0.0,2.97,0.0,22.3,3.81,730.91,0.0,2.08
256563037097879,791.52,28,7.52,772.46,11.54,672.92,218.03,778.04,0.0,0.0,0.0,0.0,0.0,0.0,1.78,0.0,2.88,0.0,8.76,3.55,710.01,0.0,1.94
256563043742880,394.14,28,7.63,306.18,80.33,302.98,169.74,311.07,0.0,0.0,0.0,0.0,0.0,0.0,1.4,0.0,2.94,0.0,9.84,3.41,646.4,0.0,2.73
256563049763901,346.46,28,30.83,221.82,93.81,205.1,171.8,249.88,0.0,0.0,0.0,0.0,0.0,0.0,25.65,0.0,26.93,0.0,13.85,3.52,650.43,0.0,2.75
256563056006969,236.55,28,9.53,218.1,8.92,217.47,180.87,225.23,0.0,0.0,0.0,0.0,0.0,0.0,1.46,0.0,3.42,0.0,16.03,3.76,669.33,0.0,2.35
256563061914012,333.64,28,13.96,236.4,83.28,235.56,183.08,247.45,0.0,0.0,0.0,0.0,0.0,0.0,6.41,0.0,7.74,0.0,23.77,3.69,670.13,0.0,2.54
256563067906659,978.89,28,14.63,874.25,90.01,758.96,224.6,886.13,0.0,0.0,0.0,0.0,0.0,0.0,1.66,0.0,9.45,0.0,23.06,10.61,682.67,0.0,2.57
256563075027482,776.66,28,7.91,758.09,10.66,657.23,215.12,763.29,0.0,0.0,0.0,0.0,0.0,0.0,1.49,0.0,2.72,0.0,12.01,3.56,669.86,0.0,2.53
256563082040965,780.62,28,7.75,763.0,9.86,666.1,190.33,768.26,0.0,0.0,0.0,0.0,0.0,0.0,1.74,0.0,3.0,0.0,9.7,3.72,678.23,0.0,2.39
256563088684936,851.72,28,12.81,747.79,91.12,650.36,212.83,754.26,0.0,0.0,0.0,0.0,0.0,0.0,3.42,0.0,4.47,0.0,21.94,3.8,677.36,0.0,6.15
256563095406550,318.9,28,8.05,302.05,8.8,299.97,175.31,307.28,0.0,0.0,0.0,0.0,0.0,0.0,1.53,0.0,2.87,0.0,11.25,3.59,657.0,0.0,2.82
256563100866198,332.49,28,8.31,314.46,9.73,312.73,179.27,320.03,0.0,0.0,0.0,0.0,0.0,0.0,1.55,0.0,2.71,0.0,13.95,3.61,666.81,0.0,2.73
256563106280628,754.21,28,7.92,736.66,9.62,636.63,206.51,742.12,0.0,0.0,0.0,0.0,0.0,0.0,1.42,0.0,2.73,0.0,10.5,3.5,673.36,0.0,2.46
256563112794137,338.77,28,7.82,321.64,9.31,319.5,199.58,326.9,0.0,0.0,0.0,0.0,0.0,0.0,1.64,0.0,2.69,0.0,8.81,3.49,686.75,0.0,2.56
256563118759412,430.69,28,8.52,343.34,78.83,341.46,184.36,349.45,0.0,0.0,0.0,0.0,0.0,0.0,1.55,0.0,3.14,0.0,12.14,4.41,690.76,0.0,2.38
256563124904211,418.29,28,9.67,317.16,91.46,316.59,173.57,323.98,0.0,0.0,0.0,0.0,0.0,0.0,1.69,0.0,3.15,0.0,8.58,3.67,658.71,0.0,2.85
256563130430358,617.55,28,7.84,599.83,9.87,597.62,219.59,605.27,0.0,0.0,0.0,0.0,0.0,0.0,1.97,0.0,3.29,0.0,14.36,3.49,698.77,0.0,2.41
256563136761559,843.22,28,7.86,740.19,95.18,650.69,188.5,745.46,0.0,0.0,0.0,0.0,0.0,0.0,1.46,0.0,2.43,0.0,11.75,3.53,648.93,0.0,2.58
256563143066081,767.6,28,9.1,746.58,11.91,642.03,274.52,754.05,0.0,0.0,0.0,0.0,0.0,0.0,1.66,0.0,3.04,0.0,19.82,5.9,735.06,0.0,1.64
256563150025362,842.46,28,7.2,824.03,11.23,663.78,223.22,829.01,0.0,0.0,0.0,0.0,0.0,0.0,1.38,0.0,2.59,0.0,15.57,3.53,697.72,0.0,2.22
256563156080968,764.94,28,8.94,742.08,13.91,657.59,213.37,749.44,0.0,0.0,0.0,0.0,0.0,0.0,1.64,0.0,2.93,0.0,19.25,6.13,686.41,0.0,1.59
256563163028896,318.54,28,6.91,302.32,9.31,299.47,171.37,307.25,0.0,0.0,0.0,0.0,0.0,0.0,1.73,0.0,2.96,0.0,8.62,3.4,661.62,0.0,1.98
256563168447663,777.46,28,7.52,758.48,11.46,670.24,214.63,763.98,0.0,0.0,0.0,0.0,0.0,0.0,1.61,0.0,2.94,0.0,9.85,3.46,697.82,0.0,2.02
256563174978409,880.61,28,14.98,855.0,10.63,781.64,241.36,867.75,0.0,0.0,0.0,0.0,0.0,0.0,1.65,0.0,2.7,0.0,79.33,10.37,698.84,0.0,2.23
256563181174440,865.85,28,11.78,841.94,12.13,712.49,221.51,851.69,0.0,0.0,0.0,0.0,0.0,0.0,3.37,0.0,5.06,0.0,20.07,5.68,670.06,0.0,1.8
256563188372664,694.85,28,8.09,589.21,97.55,583.17,246.49,595.33,0.0,0.0,0.0,0.0,0.0,0.0,1.65,0.0,2.83,0.0,19.85,4.19,699.77,0.0,1.97
256563194170147,310.53,28,7.07,294.06,9.4,290.85,179.54,298.83,0.0,0.0,0.0,0.0,0.0,0.0,1.52,0.0,2.56,0.0,9.2,3.4,682.16,0.0,2.12
256563200067424,821.23,28,9.13,724.88,87.23,672.34,249.83,731.04,0.0,0.0,0.0,0.0,0.0,0.0,1.78,0.0,2.82,0.0,26.77,3.52,711.28,0.0,2.79
256563206104563,321.29,28,7.8,304.58,8.91,302.06,175.31,310.31,0.0,0.0,0.0,0.0,0.0,0.0,1.63,0.0,2.67,0.0,9.88,3.52,665.06,0.0,2.07
256563211967446,817.2,28,9.57,758.78,48.85,653.54,215.93,766.14,0.0,0.0,0.0,0.0,0.0,0.0,1.77,0.0,2.91,0.0,21.75,4.45,678.82,0.0,2.21
256563218626194,853.33,28,44.34,722.55,86.45,652.39,257.41,764.8,0.0,0.0,0.0,0.0,0.0,0.0,39.61,0.0,40.73,0.0,31.03,3.44,690.45,0.0,1.84
256563225566726,847.87,28,8.37,744.45,95.05,641.49,238.65,750.04,0.0,0.0,0.0,0.0,0.0,0.0,1.65,0.0,2.79,0.0,25.05,3.45,700.4,0.0,2.77
256563232633941,936.77,28,8.41,833.77,94.6,736.73,226.21,840.01,0.0,0.0,0.0,0.0,0.0,0.0,1.65,0.0,2.99,0.0,12.05,4.07,698.7,0.0,2.13
256563239087293,322.26,28,8.28,304.87,9.11,302.84,184.86,310.72,0.0,0.0,0.0,0.0,0.0,0.0,1.77,0.0,3.08,0.0,21.03,3.64,657.37,0.0,2.41
256563245073032,936.0,28,8.04,832.3,95.67,680.94,199.3,837.64,0.0,0.0,0.0,0.0,0.0,0.0,1.77,0.0,3.01,0.0,12.66,3.48,672.98,0.0,2.61
256563252038804,767.95,28,8.44,749.25,10.26,644.75,227.14,755.38,0.0,0.0,0.0,0.0,0.0,0.0,1.91,0.0,3.43,0.0,8.47,3.51,729.21,0.0,2.3
256563258106437,238.32,28,6.71,223.3,8.31,220.05,172.94,228.34,0.0,0.0,0.0,0.0,0.0,0.0,1.91,0.0,2.99,0.0,9.02,3.47,657.42,0.0,1.67
256563263474611,794.71,28,9.05,772.99,12.67,672.02,245.7,779.52,0.0,0.0,0.0,0.0,0.0,0.0,1.93,0.0,3.25,0.0,20.7,4.05,701.54,0.0,2.52
256563270079510,1327.46,28,7.12,385.11,935.24,289.4,161.06,390.5,0.0,0.0,0.0,0.0,0.0,0.0,1.5,0.0,2.91,0.0,10.06,3.54,634.6,0.0,1.73
256563277544109,585.75,28,10.56,477.74,97.45,473.6,224.25,485.77,0.0,0.0,0.0,0.0,0.0,0.0,1.96,0.0,3.24,0.0,28.1,5.97,672.01,0.0,2.47
256563284022901,883.38,28,9.32,863.31,10.75,779.46,228.58,869.77,0.0,0.0,0.0,0.0,0.0,0.0,1.73,0.0,2.96,0.0,13.7,5.03,674.53,0.0,2.85
256563290097920,287.9,28,7.26,271.63,9.01,268.18,183.82,276.94,0.0,0.0,0.0,0.0,0.0,0.0,1.4,0.0,2.57,0.0,18.52,3.47,659.9,0.0,1.94
256563295978803,796.31,28,6.83,748.79,40.69,636.48,257.51,753.55,0.0,0.0,0.0,0.0,0.0,0.0,1.43,0.0,2.79,0.0,22.96,3.5,686.97,0.0,2.07
256563302625856,910.34,28,7.96,815.64,86.73,669.22,209.88,821.29,0.0,0.0,0.0,0.0,0.0,0.0,1.53,0.0,2.69,0.0,16.75,4.01,691.69,0.0,2.28
256563309685783,502.0,28,8.19,397.84,95.97,395.95,226.47,403.6,0.0,0.0,0.0,0.0,0.0,0.0,1.45,0.0,2.53,0.0,21.79,3.54,672.0,0.0,2.43
256563315315074,717.35,28,7.92,699.42,10.01,683.51,208.28,705.38,0.0,0.0,0.0,0.0,0.0,0.0,1.46,0.0,2.57,0.0,14.92,4.1,676.0,0.0,1.94
256563321684117,303.38,28,6.78,216.21,80.39,213.76,170.25,221.77,0.0,0.0,0.0,0.0,0.0,0.0,1.91,0.0,3.27,0.0,9.65,3.46,659.63,0.0,1.2
256563327671844,814.75,28,10.21,715.81,88.74,630.59,204.74,723.31,0.0,0.0,0.0,0.0,0.0,0.0,2.19,0.0,3.47,0.0,12.11,5.33,665.44,0.0,2.71
256563335007855,764.33,28,8.34,744.77,11.21,643.85,217.21,751.0,0.0,0.0,0.0,0.0,0.0,0.0,1.78,0.0,3.22,0.0,20.24,3.73,682.19,0.0,2.12
256563341088914,804.38,28,9.4,783.99,10.99,695.86,227.74,790.88,0.0,0.0,0.0,0.0,0.0,0.0,1.57,0.0,2.84,0.0,27.57,4.88,712.96,0.0,2.47
256563348032347,315.35,28,9.02,297.01,9.31,294.43,173.99,303.23,0.0,0.0,0.0,0.0,0.0,0.0,1.77,0.0,2.95,0.0,13.11,3.47,654.47,0.0,2.81
256563354005377,757.56,28,7.39,738.97,11.21,643.52,230.26,744.27,0.0,0.0,0.0,0.0,0.0,0.0,1.52,0.0,2.83,0.0,9.73,4.7,708.25,0.0,2.08
256563360111968,763.35,28,10.68,742.05,10.62,650.17,298.02,750.53,0.0,0.0,0.0,0.0,0.0,0.0,4.47,0.0,5.76,0.0,100.76,3.9,692.54,0.0,2.19
256563366088847,756.62,28,8.84,735.46,12.32,645.83,219.78,742.26,0.0,0.0,0.0,0.0,0.0,0.0,1.7,0.0,2.79,0.0,11.49,4.01,646.26,0.0,2.04
256563372110079,252.22,28,8.43,234.34,9.45,231.41,176.78,240.63,0.0,0.0,0.0,0.0,0.0,0.0,1.56,0.0,2.83,0.0,12.03,3.46,660.11,0.0,2.13
256563377927695,836.58,28,8.47,743.03,85.08,641.96,238.58,748.98,0.0,0.0,0.0,0.0,0.0,0.0,1.76,0.0,3.08,0.0,17.66,3.56,681.33,0.0,2.52
256563384790204,866.01,28,8.19,764.31,93.52,653.81,230.71,769.97,0.0,0.0,0.0,0.0,0.0,0.0,1.55,0.0,3.14,0.0,28.0,3.54,682.2,0.0,2.32
256563391096951,834.4,28,7.23,816.22,10.94,719.15,212.28,821.49,0.0,0.0,0.0,0.0,0.0,0.0,1.58,0.0,2.61,0.0,16.08,3.82,676.38,0.0,1.95
256563397688557,483.35,28,9.05,373.67,100.62,371.48,212.32,380.23,0.0,0.0,0.0,0.0,0.0,0.0,1.8,0.0,3.04,0.0,21.99,3.52,657.8,0.0,2.49
256563403818479,340.56,28,8.11,247.39,85.06,245.48,183.58,252.7,0.0,0.0,0.0,0.0,0.0,0.0,1.29,0.0,2.5,0.0,17.83,3.51,642.9,0.0,2.81
256563409913152,867.2,28,65.37,704.74,97.09,653.19,251.53,767.6,0.0,0.0,0.0,0.0,0.0,0.0,57.39,0.0,58.92,0.0,15.37,7.91,690.76,0.0,2.51
256563416116324,794.95,28,7.53,776.74,10.68,680.92,229.47,782.16,0.0,0.0,0.0,0.0,0.0,0.0,1.55,0.0,3.12,0.0,9.67,3.55,724.25,0.0,2.1
256563422649989,468.41,28,9.0,372.32,87.09,372.36,202.41,379.14,0.0,0.0,0.0,0.0,0.0,0.0,3.22,0.0,4.65,0.0,16.05,3.46,659.61,0.0,2.18
256563428820354,837.34,28,8.21,725.45,103.68,638.73,209.36,731.07,0.0,0.0,0.0,0.0,0.0,0.0,1.75,0.0,3.03,0.0,9.02,4.16,669.02,0.0,2.38
256563435098641,260.63,28,8.17,242.91,9.55,240.94,179.93,248.49,0.0,0.0,0.0,0.0,0.0,0.0,1.6,0.0,2.59,0.0,16.53,3.6,666.27,0.0,2.59
256563441030627,839.92,28,8.28,820.44,11.2,731.88,213.98,826.07,0.0,0.0,0.0,0.0,0.0,0.0,1.65,0.0,2.83,0.0,15.34,3.57,684.6,0.0,2.65
256563447679050,870.2,28,6.08,772.75,91.38,668.33,195.11,776.84,0.0,0.0,0.0,0.0,0.0,0.0,1.5,0.0,2.94,0.0,9.89,3.46,713.12,0.0,1.99
256563454906020,335.41,28,19.44,225.47,90.51,227.77,176.57,241.96,0.0,0.0,0.0,0.0,0.0,0.0,12.65,0.0,14.11,0.0,18.72,3.5,647.68,0.0,2.9
256563460967207,839.94,28,27.22,760.62,52.1,666.94,215.19,769.01,0.0,0.0,0.0,0.0,0.0,0.0,2.71,0.0,4.05,0.0,23.05,7.18,665.85,0.0,17.55
256563467114576,252.03,28,6.42,235.91,9.69,233.45,169.77,240.61,0.0,0.0,0.0,0.0,0.0,0.0,1.59,0.0,2.73,0.0,12.71,3.54,652.43,0.0,1.73
256563472990582,804.71,28,7.97,770.28,26.46,677.19,207.14,776.32,0.0,0.0,0.0,0.0,0.0,0.0,1.5,0.0,2.87,0.0,11.99,3.96,698.18,0.0,1.94
256563479124173,238.75,28,7.85,222.18,8.72,221.05,181.94,227.86,0.0,0.0,0.0,0.0,0.0,0.0,1.6,0.0,2.98,0.0,16.2,3.53,659.83,0.0,2.16
256563485026925,763.45,28,8.29,745.31,9.85,648.39,224.2,751.1,0.0,0.0,0.0,0.0,0.0,0.0,1.58,0.0,2.69,0.0,17.25,4.2,675.31,0.0,2.5
256563491833482,323.11,28,9.12,304.12,9.87,300.62,190.91,310.44,0.0,0.0,0.0,0.0,0.0,0.0,2.19,0.0,3.78,0.0,32.03,4.29,635.27,0.0,2.64
256563497965481,838.76,28,9.79,773.02,55.95,675.99,212.42,780.21,0.0,0.0,0.0,0.0,0.0,0.0,2.36,0.0,3.65,0.0,27.57,3.54,655.4,0.0,2.6
256563504747134,404.46,28,9.1,297.93,97.43,295.87,180.09,304.55,0.0,0.0,0.0,0.0,0.0,0.0,1.67,0.0,2.88,0.0,12.48,4.75,640.77,0.0,2.42
256563510908029,399.49,28,12.6,296.72,90.17,294.67,173.01,302.7,0.0,0.0,0.0,0.0,0.0,0.0,1.63,0.0,3.05,0.0,16.53,3.45,653.35,0.0,6.61
256563516917765,861.98,28,7.5,758.26,96.22,652.97,218.64,763.84,0.0,0.0,0.0,0.0,0.0,0.0,1.62,0.0,2.78,0.0,32.78,4.23,666.59,0.0,1.92
256563524149790,841.46,28,8.46,744.47,88.53,645.88,216.1,750.61,0.0,0.0,0.0,0.0,0.0,0.0,1.49,0.0,2.85,0.0,12.02,4.03,702.94,0.0,2.32
256563530697343,435.14,28,8.7,330.45,96.0,328.77,206.44,336.94,0.0,0.0,0.0,0.0,0.0,0.0,3.01,0.0,4.04,0.0,15.65,3.7,693.74,0.0,2.17
256563536294499,326.84,28,6.69,311.32,8.83,308.68,177.63,316.32,0.0,0.0,0.0,0.0,0.0,0.0,1.92,0.0,2.96,0.0,8.55,3.47,672.45,0.0,1.69
256563542261104,776.88,28,9.22,683.52,84.14,681.96,215.98,690.19,0.0,0.0,0.0,0.0,0.0,0.0,1.98,0.0,3.16,0.0,67.25,3.9,676.63,0.0,2.29
256563548702808,330.57,28,8.55,228.72,93.3,225.77,180.41,234.44,0.0,0.0,0.0,0.0,0.0,0.0,1.58,0.0,2.78,0.0,15.35,3.55,659.68,0.0,2.77
256563554168976,321.26,28,7.09,305.24,8.94,302.89,172.95,310.71,0.0,0.0,0.0,0.0,0.0,0.0,1.56,0.0,2.67,0.0,11.65,3.73,655.55,0.0,1.6
256563559640061,233.23,28,14.12,209.57,9.53,213.69,177.24,221.29,0.0,0.0,0.0,0.0,0.0,0.0,8.44,0.0,9.93,0.0,11.58,3.58,668.02,0.0,2.4
256563565090607,817.5,28,11.35,792.68,13.47,681.37,258.64,802.5,0.0,0.0,0.0,0.0,0.0,0.0,1.76,0.0,3.2,0.0,26.12,6.88,701.91,0.0,1.53
256563571101587,745.69,28,10.63,724.72,10.34,670.5,227.85,732.69,0.0,0.0,0.0,0.0,0.0,0.0,1.79,0.0,3.25,0.0,25.35,4.72,675.03,0.0,2.67
256563577141932,248.62,28,9.87,229.92,8.83,228.38,171.49,236.23,0.0,0.0,0.0,0.0,0.0,0.0,1.76,0.0,2.93,0.0,13.12,3.74,653.35,0.0,3.52
256563583029562,318.26,28,7.6,300.76,9.9,297.77,178.06,306.39,0.0,0.0,0.0,0.0,0.0,0.0,1.68,0.0,2.83,0.0,9.34,3.55,669.65,0.0,1.97
256563589007318,787.12,28,8.55,768.48,10.09,672.9,235.54,775.0,0.0,0.0,0.0,0.0,0.0,0.0,1.42,0.0,2.49,0.0,19.71,4.06,685.88,0.0,2.0
256563595092584,765.5,28,7.45,748.18,9.86,700.07,211.72,753.25,0.0,0.0,0.0,0.0,0.0,0.0,1.48,0.0,2.81,0.0,8.58,3.49,709.72,0.0,2.38
256563601676308,493.41,28,8.32,399.62,85.46,394.9,202.72,405.37,0.0,0.0,0.0,0.0,0.0,0.0,1.35,0.0,2.81,0.0,14.61,3.58,671.82,0.0,2.57
256563607890819,875.18,28,8.2,764.82,102.16,680.11,218.96,770.21,0.0,0.0,0.0,0.0,0.0,0.0,1.74,0.0,3.13,0.0,9.5,3.47,691.35,0.0,2.81
256563614714355,420.12,28,6.58,330.19,83.36,327.59,208.02,335.34,0.0,0.0,0.0,0.0,0.0,0.0,1.64,0.0,2.94,0.0,20.73,3.43,678.33,0.0,1.37
256563620259886,751.58,28,10.61,732.09,8.88,672.25,198.65,740.85,0.0,0.0,0.0,0.0,0.0,0.0,1.4,0.0,2.69,0.0,12.63,7.96,684.94,0.0,1.85
256563626759082,870.35,28,8.47,763.57,98.31,671.4,228.73,769.16,0.0,0.0,0.0,0.0,0.0,0.0,1.7,0.0,2.82,0.0,18.77,3.5,689.44,0.0,2.85
256563633863182,335.67,28,7.24,227.64,100.79,224.55,180.95,232.77,0.0,0.0,0.0,0.0,0.0,0.0,1.77,0.0,2.99,0.0,16.66,3.5,664.16,0.0,2.07
256563639876265,868.1,28,14.27,759.43,94.4,674.15,287.57,766.44,0.0,0.0,0.0,0.0,0.0,0.0,3.27,0.0,4.62,0.0,39.5,3.79,735.76,0.0,6.56
256563646731784,657.32,28,9.32,552.24,95.76,475.98,191.84,558.56,0.0,0.0,0.0,0.0,0.0,0.0,1.54,0.0,2.97,0.0,14.59,3.46,697.86,0.0,3.0
256563653092133,314.61,28,8.39,297.12,9.1,295.24,190.58,303.31,0.0,0.0,0.0,0.0,0.0,0.0,1.77,0.0,2.98,0.0,11.78,3.61,677.8,0.0,2.2
256563659180718,833.33,28,8.71,738.97,85.66,737.56,246.45,745.3,0.0,0.0,0.0,0.0,0.0,0.0,1.51,0.0,2.87,0.0,21.33,3.75,681.29,0.0,2.37
256563665776417,378.95,28,8.06,275.18,95.71,273.15,174.4,280.86,0.0,0.0,0.0,0.0,0.0,0.0,1.43,0.0,2.51,0.0,10.39,4.09,649.3,0.0,2.25
256563671887015,338.19,28,8.0,243.1,87.08,240.22,183.74,248.6,0.0,0.0,0.0,0.0,0.0,0.0,1.7,0.0,3.17,0.0,10.59,3.5,639.48,0.0,2.48
256563677968443,880.46,28,10.04,784.1,86.32,676.91,239.35,791.76,0.0,0.0,0.0,0.0,0.0,0.0,1.82,0.0,3.25,0.0,20.06,5.06,720.68,0.0,2.37
256563684710034,445.43,28,8.61,428.56,8.26,427.13,230.09,435.21,0.0,0.0,0.0,0.0,0.0,0.0,1.7,0.0,2.9,0.0,11.93,5.24,702.6,0.0,1.96
256563690965849,1040.64,28,9.27,809.49,221.88,680.93,216.85,816.22,0.0,0.0,0.0,0.0,0.0,0.0,1.64,0.0,2.92,0.0,10.84,4.61,714.78,0.0,2.54
256563697654766,518.38,28,9.57,428.17,80.63,423.67,187.9,434.42,0.0,0.0,0.0,0.0,0.0,0.0,1.43,0.0,2.89,0.0,18.9,4.46,637.22,0.0,2.92
256563703874916,905.01,28,36.53,756.77,111.71,649.13,209.45,761.67,0.0,0.0,0.0,0.0,0.0,0.0,3.34,0.0,4.56,0.0,25.69,3.54,656.5,0.0,29.05
256563711461853,322.97,28,7.37,222.28,93.32,219.3,173.22,227.47,0.0,0.0,0.0,0.0,0.0,0.0,1.32,0.0,2.89,0.0,11.51,3.53,660.32,0.0,2.18
256563717076004,838.08,28,8.01,819.28,10.79,678.32,186.17,824.99,0.0,0.0,0.0,0.0,0.0,0.0,1.75,0.0,2.86,0.0,13.86,3.57,657.48,0.0,2.2
256563724041845,790.53,28,25.91,751.63,12.99,661.52,241.49,759.39,0.0,0.0,0.0,0.0,0.0,0.0,3.73,0.0,5.44,0.0,37.71,3.68,679.72,0.0,17.57
256563730652623,411.4,28,6.8,299.95,104.65,296.44,173.79,304.65,0.0,0.0,0.0,0.0,0.0,0.0,1.65,0.0,2.69,0.0,8.49,3.6,658.43,0.0,1.99
256563736243483,248.29,28,7.76,230.92,9.62,228.48,172.45,236.28,0.0,0.0,0.0,0.0,0.0,0.0,1.53,0.0,2.92,0.0,10.14,3.59,662.53,0.0,2.39
256563742085827,339.43,28,8.0,243.02,88.4,239.93,177.29,248.56,0.0,0.0,0.0,0.0,0.0,0.0,1.58,0.0,2.97,0.0,11.84,3.55,659.97,0.0,2.37
256563747633219,469.36,28,51.18,408.95,9.23,449.41,249.43,457.5,0.0,0.0,0.0,0.0,0.0,0.0,5.56,0.0,46.69,0.0,14.12,3.54,692.79,0.0,2.61
256563753722448,512.69,28,120.66,298.54,93.49,408.7,180.97,416.35,0.0,0.0,0.0,0.0,0.0,0.0,113.28,0.0,114.69,0.0,9.98,3.48,629.13,0.0,2.81
256563759985795,824.77,28,36.94,756.35,31.48,693.92,209.22,791.2,0.0,0.0,0.0,0.0,0.0,0.0,28.47,0.0,30.03,0.0,17.59,5.55,675.23,0.0,2.09
256563766693096,926.14,28,8.72,829.35,88.07,735.25,221.4,835.63,0.0,0.0,0.0,0.0,0.0,0.0,1.84,0.0,3.56,0.0,8.85,3.42,691.57,0.0,2.44
256563773980944,289.46,28,7.26,246.4,35.8,244.59,176.69,251.7,0.0,0.0,0.0,0.0,0.0,0.0,1.8,0.0,3.37,0.0,11.0,3.51,666.09,0.0,1.95
256563779397956,649.79,28,8.12,631.22,10.44,629.59,218.49,636.5,0.0,0.0,0.0,0.0,0.0,0.0,1.67,0.0,2.76,0.0,17.01,3.58,687.57,0.0,2.84
256563785231939,806.65,28,10.53,784.84,11.28,679.05,212.02,792.89,0.0,0.0,0.0,0.0,0.0,0.0,1.6,0.0,3.06,0.0,51.64,5.77,699.66,0.0,2.45
256563792039447,783.19,28,9.23,762.77,11.19,680.88,250.56,769.57,0.0,0.0,0.0,0.0,0.0,0.0,1.99,0.0,3.34,0.0,19.62,6.36,738.75,0.0,2.43
256563799242888,868.37,28,13.79,769.66,84.92,663.78,252.61,780.37,0.0,0.0,0.0,0.0,0.0,0.0,4.24,0.0,6.09,0.0,17.31,4.97,695.36,0.0,3.08
256563806074819,267.66,28,9.09,248.95,9.62,238.19,175.93,255.24,0.0,0.0,0.0,0.0,0.0,0.0,1.49,0.0,2.92,0.0,16.94,3.57,658.69,0.0,2.8
256563811609470,516.41,28,43.61,463.31,9.5,495.61,217.79,504.25,0.0,0.0,0.0,0.0,0.0,0.0,1.6,0.0,2.86,0.0,63.37,43.26,681.96,0.0,2.67
256563817906802,947.94,28,28.38,817.62,101.94,732.85,211.65,827.75,0.0,0.0,0.0,0.0,0.0,0.0,1.67,0.0,3.24,0.0,24.09,7.59,685.04,0.0,17.7
256563824757635,887.87,28,23.32,852.06,12.48,635.5,194.27,750.77,0.0,0.0,0.0,0.0,0.0,0.0,2.48,0.0,3.7,0.0,14.42,3.48,673.59,0.0,17.3
256563831107299,791.48,28,7.64,772.95,10.89,676.88,208.52,778.08,0.0,0.0,0.0,0.0,0.0,0.0,1.34,0.0,2.52,0.0,12.93,3.65,672.63,0.0,2.51
256563837869094,409.56,28,9.16,308.39,92.02,306.78,193.24,314.81,0.0,0.0,0.0,0.0,0.0,0.0,1.66,0.0,2.98,0.0,15.68,4.21,641.24,0.0,2.69
256563843438994,622.76,28,7.54,605.9,9.33,602.76,228.72,610.8,0.0,0.0,0.0,0.0,0.0,0.0,1.49,0.0,2.59,0.0,21.33,3.59,689.57,0.0,2.63
256563849252980,255.7,28,7.61,238.33,9.76,235.75,173.76,243.4,0.0,0.0,0.0,0.0,0.0,0.0,1.58,0.0,2.8,0.0,9.0,3.4,662.77,0.0,2.54
256563854612053,516.31,28,7.76,498.58,9.96,496.51,219.85,503.93,0.0,0.0,0.0,0.0,0.0,0.0,1.83,0.0,2.92,0.0,9.05,4.3,715.63,0.0,2.37
256563860873186,343.51,28,8.57,230.26,104.68,228.22,205.71,236.27,0.0,0.0,0.0,0.0,0.0,0.0,2.0,0.0,3.52,0.0,10.39,3.52,662.55,0.0,2.56
256563866987203,766.82,28,8.13,726.72,31.97,642.2,194.94,732.53,0.0,0.0,0.0,0.0,0.0,0.0,1.56,0.0,2.69,0.0,11.31,4.49,707.49,0.0,2.31
256563873661053,910.0,28,9.62,815.03,85.35,734.35,247.73,822.09,0.0,0.0,0.0,0.0,0.0,0.0,1.67,0.0,2.94,0.0,24.87,4.29,712.98,0.0,2.55
256563880935630,881.48,28,8.31,794.53,78.64,691.69,214.11,799.98,0.0,0.0,0.0,0.0,0.0,0.0,1.69,0.0,2.88,0.0,22.33,3.54,662.78,0.0,2.86
256563887145501,778.01,28,6.46,760.6,10.94,655.0,232.18,765.82,0.0,0.0,0.0,0.0,0.0,0.0,1.59,0.0,3.0,0.0,11.98,3.58,686.05,0.0,1.24
256563893668238,455.27,28,8.51,359.09,87.68,358.9,231.58,366.38,0.0,0.0,0.0,0.0,0.0,0.0,1.6,0.0,2.94,0.0,16.18,5.25,700.61,0.0,1.15
256563899326390,1389.15,28,6.52,442.93,939.7,301.06,169.04,447.9,0.0,0.0,0.0,0.0,0.0,0.0,1.61,0.0,3.0,0.0,9.57,3.61,661.32,0.0,1.26
256563907030395,250.0,28,6.91,233.98,9.11,225.35,171.41,239.04,0.0,0.0,0.0,0.0,0.0,0.0,1.77,0.0,3.09,0.0,8.87,3.59,658.89,0.0,1.59
256563913007940,832.71,28,7.96,813.73,11.02,680.43,231.33,819.47,0.0,0.0,0.0,0.0,0.0,0.0,1.44,0.0,2.87,0.0,20.9,3.57,686.21,0.0,1.89
256563919661407,505.72,28,8.25,409.51,87.96,407.27,187.2,415.23,0.0,0.0,0.0,0.0,0.0,0.0,1.57,0.0,2.72,0.0,11.41,3.47,663.91,0.0,2.53
256563925333562,868.33,28,11.12,846.15,11.06,751.52,207.36,855.67,0.0,0.0,0.0,0.0,0.0,0.0,1.7,0.0,3.08,0.0,16.04,6.56,656.47,0.0,1.59
256563932779777,425.01,28,12.26,324.85,87.89,321.65,178.21,334.34,0.0,0.0,0.0,0.0,0.0,0.0,4.78,0.0,6.07,0.0,16.89,3.52,627.9,0.0,2.77
256563938404933,640.57,28,39.55,589.87,11.15,619.9,244.24,628.13,0.0,0.0,0.0,0.0,0.0,0.0,5.68,0.0,34.76,0.0,14.82,4.39,726.35,0.0,1.29
256563944182694,811.22,28,8.22,789.84,13.16,669.01,227.86,795.85,0.0,0.0,0.0,0.0,0.0,0.0,1.86,0.0,3.1,0.0,12.96,4.67,697.97,0.0,2.21
256563950690701,461.7,28,26.49,348.6,86.61,364.83,229.16,372.29,0.0,0.0,0.0,0.0,0.0,0.0,1.56,0.0,3.0,0.0,28.84,20.75,681.63,0.0,2.74
256563956314823,874.67,28,7.04,852.11,15.52,752.29,258.13,856.95,0.0,0.0,0.0,0.0,0.0,0.0,1.57,0.0,2.57,0.0,9.02,3.48,681.64,0.0,2.07
256563963626324,877.06,28,9.08,759.54,108.44,669.23,195.8,766.52,0.0,0.0,0.0,0.0,0.0,0.0,3.84,0.0,5.28,0.0,15.01,3.66,660.6,0.0,2.1
256563970104019,251.85,28,8.69,234.43,8.73,232.36,189.79,240.71,0.0,0.0,0.0,0.0,0.0,0.0,1.62,0.0,2.72,0.0,40.91,3.55,638.86,0.0,2.42
256563976065889,854.2,28,8.23,747.11,98.85,654.29,235.34,752.62,0.0,0.0,0.0,0.0,0.0,0.0,1.7,0.0,2.8,0.0,10.15,4.44,696.63,0.0,2.7
256563982660806,503.29,28,9.22,415.04,79.03,410.43,237.05,421.83,0.0,0.0,0.0,0.0,0.0,0.0,1.58,0.0,3.02,0.0,26.16,4.61,714.67,0.0,2.42
256563988890996,328.85,28,8.22,230.27,90.37,228.59,189.13,235.79,0.0,0.0,0.0,0.0,0.0,0.0,1.5,0.0,2.92,0.0,33.93,3.41,652.86,0.0,2.69
256563994947482,855.3,28,19.9,736.75,98.65,647.88,249.89,749.1,0.0,0.0,0.0,0.0,0.0,0.0,2.6,0.0,3.9,0.0,18.19,11.02,697.87,0.0,6.55
256564001767372,830.77,28,8.81,731.13,90.83,645.95,223.69,737.11,0.0,0.0,0.0,0.0,0.0,0.0,1.7,0.0,3.08,0.0,23.77,3.78,688.41,0.0,2.76
256564008651071,956.59,28,7.9,861.21,87.48,692.88,194.65,866.83,0.0,0.0,0.0,0.0,0.0,0.0,1.45,0.0,2.53,0.0,12.86,3.5,692.58,0.0,2.27
256564015720512,427.15,28,6.95,351.14,69.06,290.09,174.9,356.86,0.0,0.0,0.0,0.0,0.0,0.0,1.68,0.0,2.92,0.0,19.24,3.59,638.11,0.0,1.23
256564022663887,852.06,28,10.11,760.13,81.82,641.76,273.69,767.42,0.0,0.0,0.0,0.0,0.0,0.0,3.11,0.0,4.16,0.0,61.96,3.66,688.33,0.0,2.82
256564029769680,391.94,28,19.78,276.66,95.5,266.29,184.83,282.25,0.0,0.0,0.0,0.0,0.0,0.0,1.7,0.0,2.76,0.0,13.13,3.6,661.01,0.0,13.83
256564035310574,711.65,28,10.19,692.24,9.22,690.75,233.06,699.62,0.0,0.0,0.0,0.0,0.0,0.0,1.59,0.0,2.78,0.0,25.69,6.45,684.95,0.0,2.81
256564041758458,1196.92,28,8.19,1081.78,106.94,956.16,220.97,1087.32,0.0,0.0,0.0,0.0,0.0,0.0,1.46,0.0,2.83,0.0,53.64,3.51,655.31,0.0,2.58
256564048641528,524.49,28,6.06,424.29,94.14,419.99,207.88,429.0,0.0,0.0,0.0,0.0,0.0,0.0,1.52,0.0,2.66,0.0,8.94,3.53,724.74,0.0,1.31
256564054921876,908.76,28,10.79,805.62,92.35,675.12,202.26,811.18,0.0,0.0,0.0,0.0,0.0,0.0,1.83,0.0,3.21,0.0,20.28,6.83,669.95,0.0,3.49
256564061646401,472.29,28,6.35,378.45,87.49,373.0,186.44,383.52,0.0,0.0,0.0,0.0,0.0,0.0,1.51,0.0,2.63,0.0,15.36,3.48,670.35,0.0,1.18
256564067895254,403.42,28,7.64,304.23,91.55,294.03,187.08,308.95,0.0,0.0,0.0,0.0,0.0,0.0,1.92,0.0,3.06,0.0,11.6,3.56,667.62,0.0,2.62
256564074009464,833.73,28,7.78,814.06,11.89,671.1,254.91,819.26,0.0,0.0,0.0,0.0,0.0,0.0,1.57,0.0,2.74,0.0,32.47,3.5,694.59,0.0,2.52
256564081287546,850.52,28,8.01,743.1,99.41,643.61,225.6,748.35,0.0,0.0,0.0,0.0,0.0,0.0,1.41,0.0,2.48,0.0,22.45,3.6,662.4,0.0,2.75
256564088083037,242.13,28,6.36,226.41,9.35,219.95,172.97,230.88,0.0,0.0,0.0,0.0,0.0,0.0,1.59,0.0,2.68,0.0,11.7,3.43,653.43,0.0,1.67
256564093507915,602.39,28,8.05,584.52,9.82,580.27,207.25,590.29,0.0,0.0,0.0,0.0,0.0,0.0,1.52,0.0,2.98,0.0,10.05,3.53,674.6,0.0,2.29
256564099834168,358.86,28,9.07,275.06,74.72,270.01,179.85,281.42,0.0,0.0,0.0,0.0,0.0,0.0,1.53,0.0,2.67,0.0,10.23,4.78,649.23,0.0,2.63
256564105367242,676.5,28,200.43,466.96,9.11,632.84,217.4,646.6,0.0,0.0,0.0,0.0,0.0,0.0,3.7,0.0,176.74,0.0,18.25,5.86,673.75,0.0,19.54
256564111749795,847.75,28,9.52,753.81,84.42,660.78,188.51,760.49,0.0,0.0,0.0,0.0,0.0,0.0,3.43,0.0,4.74,0.0,15.46,3.42,656.26,0.0,2.81
256564118491636,616.01,28,7.95,597.94,10.12,595.03,196.71,603.19,0.0,0.0,0.0,0.0,0.0,0.0,1.72,0.0,3.29,0.0,8.61,3.71,680.47,0.0,2.69
256564124822589,344.58,28,8.18,255.6,80.8,251.71,176.25,260.9,0.0,0.0,0.0,0.0,0.0,0.0,1.52,0.0,2.7,0.0,14.25,3.61,643.19,0.0,2.57
256564130866535,401.16,28,7.69,303.38,90.08,300.3,175.67,308.78,0.0,0.0,0.0,0.0,0.0,0.0,1.59,0.0,3.08,0.0,15.34,3.56,654.18,0.0,2.05
256564136955754,836.32,28,8.83,766.39,61.1,676.7,218.41,772.95,0.0,0.0,0.0,0.0,0.0,0.0,1.59,0.0,3.05,0.0,21.74,3.73,683.02,0.0,2.27
256564144037303,862.02,28,6.92,842.8,12.3,756.65,217.37,848.38,0.0,0.0,0.0,0.0,0.0,0.0,1.72,0.0,3.14,0.0,18.25,3.61,680.22,0.0,1.34
256564150674370,848.49,28,8.39,743.61,96.49,646.57,227.86,749.13,0.0,0.0,0.0,0.0,0.0,0.0,1.39,0.0,2.6,0.0,21.19,3.52,693.47,0.0,2.69
256564158026792,756.33,28,8.42,737.33,10.58,647.64,250.01,742.93,0.0,0.0,0.0,0.0,0.0,0.0,1.8,0.0,2.91,0.0,8.6,3.44,693.43,0.0,2.82
256564164652268,502.16,28,10.12,404.8,87.24,401.07,263.2,412.48,0.0,0.0,0.0,0.0,0.0,0.0,4.41,0.0,5.36,0.0,27.98,5.26,723.07,0.0,2.43
256564170947477,905.41,28,8.35,827.43,69.63,722.78,221.4,832.93,0.0,0.0,0.0,0.0,0.0,0.0,1.6,0.0,2.71,0.0,14.31,3.67,675.74,0.0,2.85
256564177113119,776.42,28,9.94,753.69,12.79,651.39,222.25,760.71,0.0,0.0,0.0,0.0,0.0,0.0,2.25,0.0,3.46,0.0,17.39,4.71,686.44,0.0,2.9
256564183756224,389.36,28,10.63,294.53,84.2,295.48,178.64,302.77,0.0,0.0,0.0,0.0,0.0,0.0,1.79,0.0,3.02,0.0,17.29,6.3,651.08,0.0,2.37
256564189902349,392.04,28,8.27,303.59,80.18,301.08,191.35,309.0,0.0,0.0,0.0,0.0,0.0,0.0,1.62,0.0,2.86,0.0,18.59,3.63,674.86,0.0,2.86
256564195470819,611.94,28,10.48,591.8,9.66,591.29,245.83,599.82,0.0,0.0,0.0,0.0,0.0,0.0,1.67,0.0,2.75,0.0,85.68,5.27,691.38,0.0,2.46
256564201705041,923.8,28,7.32,820.68,95.8,722.0,205.91,825.12,0.0,0.0,0.0,0.0,0.0,0.0,1.59,0.0,2.68,0.0,12.31,3.55,663.6,0.0,2.75
256564209031334,239.71,28,8.67,221.44,9.59,219.51,178.7,227.49,0.0,0.0,0.0,0.0,0.0,0.0,1.84,0.0,3.29,0.0,13.67,3.58,657.1,0.0,2.62
256564214417520,629.49,28,7.64,612.31,9.54,607.87,242.49,617.23,0.0,0.0,0.0,0.0,0.0,0.0,1.4,0.0,2.56,0.0,10.84,3.49,724.4,0.0,2.72
256564220817445,966.14,28,9.19,862.82,94.13,764.61,200.46,869.31,0.0,0.0,0.0,0.0,0.0,0.0,1.54,0.0,2.93,0.0,12.76,3.55,676.82,0.0,2.71
256564228245347,780.67,28,7.7,684.78,88.19,679.91,224.65,690.0,0.0,0.0,0.0,0.0,0.0,0.0,1.53,0.0,2.74,0.0,19.97,3.54,676.58,0.0,2.21
256564234754695,389.35,28,10.0,299.79,79.56,299.72,184.61,307.72,0.0,0.0,0.0,0.0,0.0,0.0,1.66,0.0,2.93,0.0,10.78,5.92,655.47,0.0,2.02
256564240800202,338.85,28,8.09,237.61,93.15,234.04,172.97,242.79,0.0,0.0,0.0,0.0,0.0,0.0,1.35,0.0,2.53,0.0,11.16,3.51,658.72,0.0,2.91
256564246853102,876.49,28,9.52,780.3,86.67,670.85,242.44,786.81,0.0,0.0,0.0,0.0,0.0,0.0,1.52,0.0,2.97,0.0,107.56,3.56,671.09,0.0,2.99
256564253673052,927.09,28,7.33,846.53,73.23,760.18,223.23,852.24,0.0,0.0,0.0,0.0,0.0,0.0,1.83,0.0,2.95,0.0,15.82,3.54,674.92,0.0,1.62
256564260713993,421.92,28,10.19,329.06,82.67,328.08,205.67,336.79,0.0,0.0,0.0,0.0,0.0,0.0,1.98,0.0,3.35,0.0,10.15,5.25,709.76,0.0,2.46
256564266859277,858.43,28,9.03,751.47,97.93,657.71,216.69,757.61,0.0,0.0,0.0,0.0,0.0,0.0,1.46,0.0,2.74,0.0,10.81,3.58,676.67,0.0,2.71
256564273701330,484.6,28,85.41,298.57,100.62,367.73,192.29,381.41,0.0,0.0,0.0,0.0,0.0,0.0,62.7,0.0,64.18,0.0,90.96,80.61,652.81,0.0,2.56
256564279905332,899.51,28,7.88,805.02,86.61,670.12,233.07,810.17,0.0,0.0,0.0,0.0,0.0,0.0,1.64,0.0,3.07,0.0,11.08,3.6,705.04,0.0,2.73
256564286210749,797.11,28,10.96,777.32,8.83,687.06,258.52,786.07,0.0,0.0,0.0,0.0,0.0,0.0,1.86,0.0,3.17,0.0,11.37,6.27,715.9,0.0,2.21
256564292724845,428.73,28,11.23,323.27,94.24,307.83,191.89,331.47,0.0,0.0,0.0,0.0,0.0,0.0,3.33,0.0,4.69,0.0,17.26,4.82,658.99,0.0,3.03
256564298860448,408.7,28,10.37,301.78,96.55,302.46,179.4,309.52,0.0,0.0,0.0,0.0,0.0,0.0,1.5,0.0,2.77,0.0,12.8,5.33,659.93,0.0,2.48
256564304413662,239.54,28,8.55,221.24,9.75,218.68,177.31,226.99,0.0,0.0,0.0,0.0,0.0,0.0,1.78,0.0,2.92,0.0,16.2,3.62,653.92,0.0,2.8
256564310491751,595.08,28,8.71,496.27,90.1,495.05,226.76,502.5,0.0,0.0,0.0,0.0,0.0,0.0,2.23,0.0,3.55,0.0,26.27,3.79,717.5,0.0,2.48
256564316760603,827.93,28,8.73,740.73,78.47,653.37,200.97,746.73,0.0,0.0,0.0,0.0,0.0,0.0,1.51,0.0,2.61,0.0,11.24,4.23,678.97,0.0,2.72
256564323534821,540.75,28,7.8,524.04,8.91,521.43,216.89,528.92,0.0,0.0,0.0,0.0,0.0,0.0,1.6,0.0,2.78,0.0,8.87,3.5,727.85,0.0,2.92
256564329219379,787.3,28,7.05,770.19,10.06,662.65,220.51,775.16,0.0,0.0,0.0,0.0,0.0,0.0,1.52,0.0,2.62,0.0,18.54,3.57,649.65,0.0,2.09
256564335757737,460.78,28,9.68,356.79,94.31,290.7,182.29,363.85,0.0,0.0,0.0,0.0,0.0,0.0,1.89,0.0,2.98,0.0,17.37,5.62,628.16,0.0,2.61
256564341927861,1103.36,28,9.62,989.59,104.15,664.03,209.26,996.4,0.0,0.0,0.0,0.0,0.0,0.0,3.44,0.0,4.8,0.0,11.31,4.62,665.55,0.0,2.67
256564348978136,251.99,28,7.55,235.06,9.38,231.66,165.7,240.18,0.0,0.0,0.0,0.0,0.0,0.0,1.62,0.0,2.9,0.0,9.66,3.45,633.92,0.0,2.42
256564354971215,848.9,28,10.87,790.32,47.71,670.06,220.01,798.55,0.0,0.0,0.0,0.0,0.0,0.0,1.78,0.0,2.89,0.0,14.93,7.95,674.59,0.0,2.64
256564361754579,441.18,28,11.07,337.48,92.63,336.54,177.33,345.71,0.0,0.0,0.0,0.0,0.0,0.0,1.46,0.0,2.94,0.0,14.74,7.08,652.85,0.0,2.83
256564367890662,874.69,28,74.3,708.26,92.13,678.33,245.48,779.8,0.0,0.0,0.0,0.0,0.0,0.0,1.44,0.0,2.51,0.0,101.48,71.71,721.18,0.0,2.71
256564375039433,235.75,28,7.74,218.64,9.37,216.74,176.98,224.11,0.0,0.0,0.0,0.0,0.0,0.0,1.77,0.0,3.14,0.0,11.25,3.44,657.25,0.0,2.28
256564381009549,917.63,28,7.66,895.21,14.76,758.71,212.72,900.19,0.0,0.0,0.0,0.0,0.0,0.0,1.59,0.0,2.72,0.0,9.09,3.47,663.0,0.0,2.68
256564387944511,772.67,28,9.04,753.12,10.5,657.79,224.88,758.7,0.0,0.0,0.0,0.0,0.0,0.0,1.74,0.0,3.47,0.0,16.07,4.03,716.22,0.0,3.43
256564394580571,520.94,28,8.55,502.64,9.74,501.56,240.16,509.12,0.0,0.0,0.0,0.0,0.0,0.0,1.65,0.0,2.74,0.0,18.89,4.34,678.13,0.0,2.08
256564400895981,399.44,28,8.27,309.22,81.95,302.7,173.41,314.99,0.0,0.0,0.0,0.0,0.0,0.0,1.84,0.0,3.2,0.0,9.51,4.37,667.97,0.0,2.5
256564407027113,269.38,28,7.0,251.96,10.42,243.37,167.34,256.15,0.0,0.0,0.0,0.0,0.0,0.0,1.58,0.0,2.71,0.0,8.58,3.47,648.56,0.0,2.62
256564412997158,259.18,28,6.92,234.09,18.17,230.37,172.06,239.15,0.0,0.0,0.0,0.0,0.0,0.0,1.75,0.0,3.02,0.0,10.62,3.56,645.93,0.0,1.86
256564418962836,918.88,28,12.0,837.92,68.96,741.36,217.96,846.96,0.0,0.0,0.0,0.0,0.0,0.0,4.74,0.0,6.06,0.0,11.93,4.07,696.89,0.0,2.76
256564425840251,325.67,28,8.86,233.89,82.93,232.96,182.78,240.05,0.0,0.0,0.0,0.0,0.0,0.0,2.05,0.0,3.46,0.0,15.35,3.52,630.08,0.0,2.69
256564431785041,378.21,28,8.75,281.12,88.34,279.23,173.01,286.88,0.0,0.0,0.0,0.0,0.0,0.0,1.53,0.0,2.83,0.0,12.85,3.76,659.26,0.0,2.95
256564438009206,874.95,28,22.74,766.12,86.08,659.43,221.86,771.74,0.0,0.0,0.0,0.0,0.0,0.0,2.31,0.0,3.47,0.0,9.61,4.21,701.29,0.0,16.65
256564445050681,852.0,28,27.02,813.97,11.01,688.96,250.46,838.03,0.0,0.0,0.0,0.0,0.0,0.0,1.84,0.0,2.88,0.0,77.89,22.75,633.98,0.0,2.96
256564452046096,316.16,28,7.93,298.82,9.41,297.74,181.33,305.19,0.0,0.0,0.0,0.0,0.0,0.0,2.12,0.0,3.48,0.0,14.04,3.72,666.38,0.0,1.56
256564457539333,533.4,28,9.81,513.79,9.8,513.05,199.22,521.31,0.0,0.0,0.0,0.0,0.0,0.0,1.9,0.0,2.95,0.0,21.8,5.35,670.73,0.0,2.3
256564463985395,797.69,28,8.31,754.05,35.33,652.27,245.27,760.21,0.0,0.0,0.0,0.0,0.0,0.0,1.78,0.0,3.53,0.0,102.71,4.18,698.38,0.0,2.15
256564470826400,376.31,28,7.98,272.82,95.51,271.13,210.01,278.18,0.0,0.0,0.0,0.0,0.0,0.0,1.7,0.0,2.67,0.0,44.56,3.63,660.75,0.0,2.55
256564477046753,250.98,28,8.48,233.0,9.5,229.81,178.18,238.72,0.0,0.0,0.0,0.0,0.0,0.0,1.86,0.0,2.95,0.0,11.43,3.53,655.33,0.0,2.77
256564483022662,875.0,28,7.89,855.05,12.06,737.64,221.88,860.27,0.0,0.0,0.0,0.0,0.0,0.0,1.46,0.0,2.59,0.0,11.55,3.56,681.35,0.0,2.67
256564489918799,276.81,28,18.25,246.91,11.64,244.31,229.88,257.35,0.0,0.0,0.0,0.0,0.0,0.0,3.26,0.0,7.36,0.0,86.63,4.28,636.12,0.0,7.2
256564495377482,766.36,28,8.7,746.19,11.47,649.94,219.89,752.15,0.0,0.0,0.0,0.0,0.0,0.0,1.97,0.0,3.17,0.0,30.44,3.59,707.61,0.0,2.74
256564502888676,853.84,28,11.74,737.3,104.8,635.59,211.57,746.47,0.0,0.0,0.0,0.0,0.0,0.0,2.96,0.0,4.04,0.0,34.24,7.0,660.37,0.0,2.46
256564509687752,419.43,28,9.21,400.22,10.0,399.31,210.63,406.98,0.0,0.0,0.0,0.0,0.0,0.0,1.48,0.0,2.59,0.0,19.31,5.63,668.2,0.0,2.45
256564516034656,318.36,28,6.93,301.92,9.51,298.32,181.06,306.74,0.0,0.0,0.0,0.0,0.0,0.0,1.73,0.0,2.88,0.0,8.54,3.42,683.12,0.0,2.12
256564521497305,312.56,28,7.63,296.08,8.85,293.65,178.19,301.63,0.0,0.0,0.0,0.0,0.0,0.0,1.56,0.0,2.7,0.0,19.88,3.52,657.75,0.0,2.08
256564527051745,249.72,28,7.26,233.2,9.26,230.62,172.2,238.66,0.0,0.0,0.0,0.0,0.0,0.0,1.58,0.0,2.79,0.0,9.93,3.5,663.93,0.0,1.8
256564533005609,746.5,28,13.15,723.1,10.25,644.09,210.95,733.82,0.0,0.0,0.0,0.0,0.0,0.0,1.58,0.0,2.79,0.0,20.4,10.45,664.13,0.0,2.43
256564539716247,1584.43,28,17.35,409.21,1157.87,322.21,171.28,425.14,0.0,0.0,0.0,0.0,0.0,0.0,1.35,0.0,2.56,0.0,20.49,15.36,635.79,0.0,1.16
256564547374821,670.74,28,8.32,652.69,9.73,649.82,223.45,658.48,0.0,0.0,0.0,0.0,0.0,0.0,1.53,0.0,2.9,0.0,8.73,3.69,668.64,0.0,2.53
256564553840615,887.37,28,8.59,784.76,94.01,675.87,199.34,790.42,0.0,0.0,0.0,0.0,0.0,0.0,1.21,0.0,2.49,0.0,23.09,3.51,695.73,0.0,2.88
256564561032487,768.45,28,7.41,750.71,10.32,651.93,203.73,755.58,0.0,0.0,0.0,0.0,0.0,0.0,1.61,0.0,2.83,0.0,15.94,3.73,677.85,0.0,2.33
256564567746086,444.75,28,7.39,346.02,91.34,343.1,184.87,351.12,0.0,0.0,0.0,0.0,0.0,0.0,1.43,0.0,2.67,0.0,17.06,4.05,647.17,0.0,2.29
256564573866339,402.95,28,8.04,300.32,94.6,298.37,181.16,305.99,0.0,0.0,0.0,0.0,0.0,0.0,1.88,0.0,2.91,0.0,16.99,3.55,669.88,0.0,2.35
256564580008341,832.03,28,56.95,763.61,11.46,729.03,217.48,818.31,0.0,0.0,0.0,0.0,0.0,0.0,3.39,0.0,51.98,0.0,69.54,3.54,669.99,0.0,2.26
256564586797297,412.32,28,8.61,308.01,95.7,306.37,179.19,313.82,0.0,0.0,0.0,0.0,0.0,0.0,1.73,0.0,3.09,0.0,18.86,3.52,628.77,0.0,2.79
256564592925619,913.93,28,9.43,814.07,90.43,724.87,344.85,820.66,0.0,0.0,0.0,0.0,0.0,0.0,2.87,0.0,4.49,0.0,158.09,5.27,659.41,0.0,2.83
256564599182878,774.57,28,7.81,756.6,10.16,639.48,222.95,762.05,0.0,0.0,0.0,0.0,0.0,0.0,1.8,0.0,3.21,0.0,13.75,3.46,676.8,0.0,2.36
256564606062122,849.35,28,6.66,829.72,12.98,651.25,219.16,835.19,0.0,0.0,0.0,0.0,0.0,0.0,1.64,0.0,2.72,0.0,10.51,4.61,666.55,0.0,1.18
256564612864525,864.61,28,10.08,766.51,88.01,676.19,230.76,773.53,0.0,0.0,0.0,0.0,0.0,0.0,1.82,0.0,2.92,0.0,13.64,4.81,698.96,0.0,3.06
256564620294803,744.64,28,10.19,631.85,102.59,630.2,205.41,639.55,0.0,0.0,0.0,0.0,0.0,0.0,3.88,0.0,5.22,0.0,25.0,3.47,655.78,0.0,2.5
256564626791081,373.8,28,18.36,267.5,87.93,261.67,193.68,273.5,0.0,0.0,0.0,0.0,0.0,0.0,1.62,0.0,2.84,0.0,21.36,3.91,621.71,0.0,12.06
256564632392251,792.45,28,8.46,774.67,9.31,682.39,246.83,780.82,0.0,0.0,0.0,0.0,0.0,0.0,1.43,0.0,3.09,0.0,88.61,3.45,705.78,0.0,2.32
256564639006975,871.28,28,7.04,853.92,10.32,778.15,197.95,859.15,0.0,0.0,0.0,0.0,0.0,0.0,1.89,0.0,3.01,0.0,13.42,3.49,683.11,0.0,1.75
256564645194898,778.69,28,9.45,757.36,11.88,665.89,224.37,765.17,0.0,0.0,0.0,0.0,0.0,0.0,2.05,0.0,3.64,0.0,14.76,5.46,685.68,0.0,1.64
256564651251318,756.27,28,8.33,737.36,10.58,644.26,227.25,743.07,0.0,0.0,0.0,0.0,0.0,0.0,1.5,0.0,2.73,0.0,18.1,3.48,687.33,0.0,2.62
256564657985983,761.32,28,50.56,700.24,10.51,696.95,210.32,748.66,0.0,0.0,0.0,0.0,0.0,0.0,8.92,0.0,10.35,0.0,74.23,50.36,712.97,0.0,2.14
256564665251552,852.12,28,8.22,748.27,95.63,657.58,232.66,753.87,0.0,0.0,0.0,0.0,0.0,0.0,1.66,0.0,2.95,0.0,13.59,3.48,708.7,0.0,2.62
256564672641761,520.94,28,11.3,416.14,93.5,413.27,248.17,424.78,0.0,0.0,0.0,0.0,0.0,0.0,2.04,0.0,3.25,0.0,73.39,5.74,652.41,0.0,2.65
256564678921378,881.67,28,7.56,780.61,93.5,679.78,227.44,785.85,0.0,0.0,0.0,0.0,0.0,0.0,1.49,0.0,2.61,0.0,12.32,3.5,679.55,0.0,2.31
256564686047876,804.36,28,8.83,784.37,11.16,681.47,208.78,790.86,0.0,0.0,0.0,0.0,0.0,0.0,1.81,0.0,3.28,0.0,15.99,3.53,683.59,0.0,2.33
256564692172783,837.08,28,7.5,819.47,10.12,739.32,216.92,824.4,0.0,0.0,0.0,0.0,0.0,0.0,1.28,0.0,2.54,0.0,11.52,3.53,700.54,0.0,2.56
256564698976680,274.91,28,8.07,257.66,9.17,255.49,190.03,263.7,0.0,0.0,0.0,0.0,0.0,0.0,1.52,0.0,3.0,0.0,18.21,4.71,652.79,0.0,2.0
256564705009197,843.66,28,8.78,740.33,94.55,643.04,216.44,746.62,0.0,0.0,0.0,0.0,0.0,0.0,1.57,0.0,2.92,0.0,20.15,4.86,664.82,0.0,2.44
256564712041187,316.8,28,9.05,298.21,9.54,297.0,181.85,304.78,0.0,0.0,0.0,0.0,0.0,0.0,1.88,0.0,3.1,0.0,21.7,3.47,678.05,0.0,2.48
256564717565655,318.9,28,7.58,302.31,9.01,299.79,177.38,307.61,0.0,0.0,0.0,0.0,0.0,0.0,1.64,0.0,3.01,0.0,9.35,3.43,666.32,0.0,2.27
256564723624139,858.11,28,20.27,746.83,91.01,671.47,249.84,765.49,0.0,0.0,0.0,0.0,0.0,0.0,1.58,0.0,2.93,0.0,65.21,17.18,695.32,0.0,1.53
256564730738256,446.77,28,8.35,348.25,90.17,348.19,240.12,355.36,0.0,0.0,0.0,0.0,0.0,0.0,1.47,0.0,2.92,0.0,75.78,4.83,702.49,0.0,1.24
256564737009263,879.35,28,14.42,745.39,119.54,653.75,231.19,757.7,0.0,0.0,0.0,0.0,0.0,0.0,7.77,0.0,9.0,0.0,9.55,3.6,717.81,0.0,2.1
256564743739438,450.59,28,10.13,354.14,86.32,347.93,189.35,360.24,0.0,0.0,0.0,0.0,0.0,0.0,2.73,0.0,4.43,0.0,10.42,3.6,640.86,0.0,3.59
256564750102431,909.82,28,8.02,801.39,100.4,717.91,227.02,807.1,0.0,0.0,0.0,0.0,0.0,0.0,1.98,0.0,3.5,0.0,11.02,3.6,686.87,0.0,2.22
256564757659208,503.64,28,94.92,316.21,92.51,399.72,259.94,408.63,0.0,0.0,0.0,0.0,0.0,0.0,1.47,0.0,2.73,0.0,111.79,91.87,672.07,0.0,2.5
256564763867314,341.51,28,10.29,244.0,87.22,244.54,185.26,251.79,0.0,0.0,0.0,0.0,0.0,0.0,1.61,0.0,3.2,0.0,25.34,5.46,629.14,0.0,2.5
256564769408734,633.12,28,7.2,616.08,9.84,612.0,219.33,620.98,0.0,0.0,0.0,0.0,0.0,0.0,1.57,0.0,2.65,0.0,10.44,4.1,693.21,0.0,2.31
256564775377217,814.29,28,7.87,797.49,8.92,690.7,220.58,803.16,0.0,0.0,0.0,0.0,0.0,0.0,1.53,0.0,2.88,0.0,14.73,4.12,688.34,0.0,2.18
256564782815135,602.96,28,6.36,258.94,337.66,255.35,165.71,263.83,0.0,0.0,0.0,0.0,0.0,0.0,1.52,0.0,2.63,0.0,9.34,3.62,638.3,0.0,1.47
256564788656159,491.37,28,55.53,425.26,10.58,470.58,242.12,479.01,0.0,0.0,0.0,0.0,0.0,0.0,1.58,0.0,2.9,0.0,61.32,54.25,725.38,0.0,1.78
256564794867607,408.66,28,8.75,315.14,84.77,312.92,192.77,321.47,0.0,0.0,0.0,0.0,0.0,0.0,1.85,0.0,2.91,0.0,14.23,3.44,645.65,0.0,2.4
256564801009041,839.06,28,9.09,818.04,11.93,725.16,257.67,824.36,0.0,0.0,0.0,0.0,0.0,0.0,1.76,0.0,3.31,0.0,13.86,6.77,731.39,0.0,2.77
256564808031981,309.54,28,7.58,293.66,8.29,290.48,170.1,298.8,0.0,0.0,0.0,0.0,0.0,0.0,1.56,0.0,2.98,0.0,8.42,3.48,660.14,0.0,2.44
256564814223916,835.99,28,7.93,730.17,97.9,673.21,212.11,736.08,0.0,0.0,0.0,0.0,0.0,0.0,1.61,0.0,2.76,0.0,13.23,4.07,687.56,0.0,2.02
256564821077457,797.4,28,7.09,778.58,11.73,673.35,213.67,783.67,0.0,0.0,0.0,0.0,0.0,0.0,1.6,0.0,2.53,0.0,25.74,3.58,683.83,0.0,2.0
256564827823580,360.45,28,10.95,337.66,11.84,333.57,181.91,345.7,0.0,0.0,0.0,0.0,0.0,0.0,2.92,0.0,5.29,0.0,14.77,3.55,651.27,0.0,2.91
256564833978628,270.75,28,8.17,226.27,36.31,223.38,177.63,232.01,0.0,0.0,0.0,0.0,0.0,0.0,1.7,0.0,2.93,0.0,15.47,3.54,666.25,0.0,2.43
256564839446520,615.39,28,10.22,595.53,9.64,595.07,260.59,603.6,0.0,0.0,0.0,0.0,0.0,0.0,1.58,0.0,2.61,0.0,108.55,6.15,663.87,0.0,2.07
256564845877953,864.5,28,8.91,770.89,84.69,671.04,236.93,777.32,0.0,0.0,0.0,0.0,0.0,0.0,1.76,0.0,2.98,0.0,18.87,3.5,691.06,0.0,2.44
256564852700297,826.24,28,7.56,733.5,85.17,642.14,218.67,738.64,0.0,0.0,0.0,0.0,0.0,0.0,1.76,0.0,3.12,0.0,16.59,3.96,658.82,0.0,2.28
256564860029763,854.47,28,7.41,834.98,12.08,749.46,217.47,840.3,0.0,0.0,0.0,0.0,0.0,0.0,1.51,0.0,2.6,0.0,10.9,3.48,689.37,0.0,2.08
256564867070532,253.78,28,6.97,237.02,9.78,233.76,169.16,242.13,0.0,0.0,0.0,0.0,0.0,0.0,1.82,0.0,3.19,0.0,10.08,3.55,656.86,0.0,1.86
256564873035083,783.79,28,7.92,761.12,14.75,660.05,230.53,766.82,0.0,0.0,0.0,0.0,0.0,0.0,1.57,0.0,2.78,0.0,11.46,3.63,668.93,0.0,2.22
256564879750833,395.61,28,7.75,292.85,95.02,289.7,171.98,298.09,0.0,0.0,0.0,0.0,0.0,0.0,1.64,0.0,2.91,0.0,9.66,3.5,645.03,0.0,2.45
256564885361817,676.34,28,7.95,659.55,8.84,656.74,209.97,664.89,0.0,0.0,0.0,0.0,0.0,0.0,1.59,0.0,2.79,0.0,10.21,4.59,693.97,0.0,2.6
256564891877534,852.34,28,14.26,756.64,81.43,671.41,217.17,767.88,0.0,0.0,0.0,0.0,0.0,0.0,1.69,0.0,9.45,0.0,22.64,3.54,698.5,0.0,2.97
256564898746736,886.23,28,9.38,779.02,97.83,684.76,199.74,785.45,0.0,0.0,0.0,0.0,0.0,0.0,1.8,0.0,3.2,0.0,31.87,4.07,667.84,0.0,2.87
256564905191548,775.68,28,55.55,707.98,12.15,653.0,238.18,760.8,0.0,0.0,0.0,0.0,0.0,0.0,1.58,0.0,2.64,0.0,71.33,53.4,695.32,0.0,2.66
256564912101938,875.83,28,13.18,848.85,13.79,752.15,228.88,859.69,0.0,0.0,0.0,0.0,0.0,0.0,4.88,0.0,5.83,0.0,14.32,6.34,676.38,0.0,2.34
256564919066256,312.89,28,8.0,295.28,9.61,292.66,179.44,301.25,0.0,0.0,0.0,0.0,0.0,0.0,1.65,0.0,3.22,0.0,15.58,3.82,654.18,0.0,2.03
256564924590305,500.09,28,8.07,481.78,10.25,478.38,208.78,487.35,0.0,0.0,0.0,0.0,0.0,0.0,1.51,0.0,2.63,0.0,17.63,3.55,677.74,0.0,2.5
256564930321017,691.75,28,11.68,669.21,10.87,657.75,233.51,678.49,0.0,0.0,0.0,0.0,0.0,0.0,3.13,0.0,4.4,0.0,79.21,5.77,662.13,0.0,2.4
256564936813220,868.39,28,8.16,767.91,92.32,675.13,240.37,773.36,0.0,0.0,0.0,0.0,0.0,0.0,2.09,0.0,3.28,0.0,18.66,3.69,722.57,0.0,2.71
256564943782070,880.74,28,9.1,784.03,87.6,681.19,225.87,790.57,0.0,0.0,0.0,0.0,0.0,0.0,1.54,0.0,2.98,0.0,12.66,3.56,664.14,0.0,2.57
256564950583339,841.47,28,8.01,823.37,10.08,669.64,219.65,828.71,0.0,0.0,0.0,0.0,0.0,0.0,1.71,0.0,3.02,0.0,15.07,3.51,697.73,0.0,2.67
256564957376625,792.83,28,8.02,774.08,10.73,679.82,209.61,779.75,0.0,0.0,0.0,0.0,0.0,0.0,1.82,0.0,3.45,0.0,11.1,3.42,696.12,0.0,2.35
256564964646578,798.89,28,9.49,776.28,13.11,687.57,201.51,782.68,0.0,0.0,0.0,0.0,0.0,0.0,1.6,0.0,2.67,0.0,9.09,4.42,677.58,0.0,3.09
256564971491354,584.7,28,8.4,566.49,9.81,565.09,213.16,572.55,0.0,0.0,0.0,0.0,0.0,0.0,1.82,0.0,3.05,0.0,15.09,3.47,690.89,0.0,2.35
256564977893675,399.6,28,13.77,289.26,96.57,292.9,175.76,300.42,0.0,0.0,0.0,0.0,0.0,0.0,1.67,0.0,3.03,0.0,14.65,9.05,647.83,0.0,2.54
256564983889601,249.26,28,9.89,229.07,10.3,227.25,180.06,236.33,0.0,0.0,0.0,0.0,0.0,0.0,1.64,0.0,3.06,0.0,19.43,4.43,670.24,0.0,2.63
256564989958483,887.77,28,7.4,818.58,61.79,684.46,233.63,823.71,0.0,0.0,0.0,0.0,0.0,0.0,1.75,0.0,3.11,0.0,10.2,3.48,716.84,0.0,2.27
256564996293330,718.83,28,7.46,700.45,10.91,671.55,222.25,705.46,0.0,0.0,0.0,0.0,0.0,0.0,1.6,0.0,2.81,0.0,13.79,3.53,673.67,0.0,2.45
256565003190807,821.11,28,10.53,800.56,10.01,710.67,220.13,807.05,0.0,0.0,0.0,0.0,0.0,0.0,1.51,0.0,2.77,0.0,24.08,5.47,660.68,0.0,3.9
256565009844458,967.05,28,11.85,847.47,107.73,706.73,220.62,856.32,0.0,0.0,0.0,0.0,0.0,0.0,1.73,0.0,3.02,0.0,27.88,6.82,701.73,0.0,2.96
256565016755298,862.87,28,9.91,766.38,86.58,660.34,259.96,773.54,0.0,0.0,0.0,0.0,0.0,0.0,1.74,0.0,3.05,0.0,36.08,4.88,712.84,0.0,2.75
256565024172726,252.16,28,14.21,228.14,9.81,231.36,173.41,239.83,0.0,0.0,0.0,0.0,0.0,0.0,7.97,0.0,9.76,0.0,17.93,3.54,649.46,0.0,2.52
256565030087591,887.08,28,9.25,782.66,95.16,679.76,220.8,789.09,0.0,0.0,0.0,0.0,0.0,0.0,1.85,0.0,3.19,0.0,23.66,3.56,722.21,0.0,2.76
256565037080173,249.69,28,10.46,228.9,10.33,220.68,176.0,234.09,0.0,0.0,0.0,0.0,0.0,0.0,1.49,0.0,3.1,0.0,14.16,3.5,659.09,0.0,4.97
256565043018858,810.72,28,7.33,791.04,12.36,672.23,225.26,796.22,0.0,0.0,0.0,0.0,0.0,0.0,1.78,0.0,2.97,0.0,21.56,3.51,691.9,0.0,2.15
256565049259622,748.41,28,8.04,730.95,9.41,643.63,189.87,736.56,0.0,0.0,0.0,0.0,0.0,0.0,1.56,0.0,2.73,0.0,9.5,4.01,669.87,0.0,2.44
256565055786523,949.12,28,26.04,832.34,90.75,739.33,219.13,838.26,0.0,0.0,0.0,0.0,0.0,0.0,1.57,0.0,2.89,0.0,11.7,5.78,702.58,0.0,19.47
256565062798770,426.22,28,22.81,314.1,89.31,305.08,186.76,319.18,0.0,0.0,0.0,0.0,0.0,0.0,2.73,0.0,3.92,0.0,13.21,3.5,637.28,0.0,16.86
256565068428055,623.42,28,23.29,590.72,9.41,584.62,233.6,596.15,0.0,0.0,0.0,0.0,0.0,0.0,1.85,0.0,3.18,0.0,10.98,4.58,721.9,0.0,17.19
256565074308578,706.56,28,7.78,687.88,10.91,662.09,251.43,692.8,0.0,0.0,0.0,0.0,0.0,0.0,1.6,0.0,2.7,0.0,18.41,3.68,719.36,0.0,2.82
256565080263067,746.03,28,8.28,728.72,9.03,671.1,257.96,734.07,0.0,0.0,0.0,0.0,0.0,0.0,1.58,0.0,2.88,0.0,23.36,3.52,725.99,0.0,2.93
256565086274292,735.94,28,7.94,717.54,10.46,666.56,215.36,723.26,0.0,0.0,0.0,0.0,0.0,0.0,1.63,0.0,2.89,0.0,12.26,4.47,689.99,0.0,2.22
256565092190821,253.44,28,6.89,236.61,9.93,233.48,172.79,241.28,0.0,0.0,0.0,0.0,0.0,0.0,1.33,0.0,2.47,0.0,10.12,3.45,649.28,0.0,2.23
256565098044013,330.68,28,8.13,313.07,9.49,311.32,177.43,318.97,0.0,0.0,0.0,0.0,0.0,0.0,1.62,0.0,3.13,0.0,15.04,3.52,664.09,0.0,2.23
256565103613037,510.3,28,10.73,488.82,10.75,490.26,234.03,497.14,0.0,0.0,0.0,0.0,0.0,0.0,1.55,0.0,2.82,0.0,15.44,6.86,706.3,0.0,2.37
256565109361676,670.97,28,10.65,650.66,9.65,651.85,219.35,659.03,0.0,0.0,0.0,0.0,0.0,0.0,3.94,0.0,5.24,0.0,31.59,4.68,671.61,0.0,2.28
256565115823993,357.19,28,10.19,254.57,92.42,252.31,174.75,262.07,0.0,0.0,0.0,0.0,0.0,0.0,3.45,0.0,5.03,0.0,17.98,3.51,644.23,0.0,2.67
256565121483140,576.7,28,7.41,560.41,8.89,557.78,217.93,565.7,0.0,0.0,0.0,0.0,0.0,0.0,1.51,0.0,2.83,0.0,28.37,3.6,652.92,0.0,2.11
256565127816145,346.78,28,7.62,253.55,85.61,251.39,183.8,258.92,0.0,0.0,0.0,0.0,0.0,0.0,1.56,0.0,2.8,0.0,14.82,3.49,665.37,0.0,1.98
256565134014086,928.73,28,9.52,823.03,96.18,671.91,235.27,830.1,0.0,0.0,0.0,0.0,0.0,0.0,1.74,0.0,3.28,0.0,25.14,5.66,690.72,0.0,2.42
256565140917692,319.68,28,8.28,301.13,10.27,298.86,176.31,306.82,0.0,0.0,0.0,0.0,0.0,0.0,1.9,0.0,3.23,0.0,12.06,4.18,657.51,0.0,2.58
256565147008420,781.46,28,8.6,761.35,11.52,670.0,192.86,766.86,0.0,0.0,0.0,0.0,0.0,0.0,1.5,0.0,2.72,0.0,12.55,3.52,662.0,0.0,2.82
256565154031733,322.16,28,7.85,304.87,9.44,302.73,176.51,310.59,0.0,0.0,0.0,0.0,0.0,0.0,1.7,0.0,3.0,0.0,23.99,3.47,656.07,0.0,2.13
256565160025460,782.29,28,6.98,764.0,11.31,667.66,242.6,769.11,0.0,0.0,0.0,0.0,0.0,0.0,1.59,0.0,2.95,0.0,13.99,3.42,725.63,0.0,1.83
256565166227868,780.26,28,9.91,759.63,10.72,681.69,249.54,766.61,0.0,0.0,0.0,0.0,0.0,0.0,1.73,0.0,3.12,0.0,17.07,4.7,745.2,0.0,2.92
256565173080810,770.89,28,9.57,749.47,11.85,651.24,219.47,756.75,0.0,0.0,0.0,0.0,0.0,0.0,1.58,0.0,3.03,0.0,11.7,5.11,727.13,0.0,2.3
256565179749221,399.55,28,8.12,302.7,88.73,299.95,172.52,308.09,0.0,0.0,0.0,0.0,0.0,0.0,1.63,0.0,3.04,0.0,16.03,3.75,632.94,0.0,2.72
256565186008025,879.65,28,8.17,782.06,89.42,661.17,212.4,787.22,0.0,0.0,0.0,0.0,0.0,0.0,1.57,0.0,2.94,0.0,10.14,3.58,669.64,0.0,2.96
256565193098714,256.71,28,15.19,231.91,9.61,237.36,177.81,244.76,0.0,0.0,0.0,0.0,0.0,0.0,1.68,0.0,10.54,0.0,20.05,3.57,654.73,0.0,2.27
256565199025147,237.98,28,7.34,213.69,16.95,211.57,171.46,219.04,0.0,0.0,0.0,0.0,0.0,0.0,1.68,0.0,2.93,0.0,10.38,3.57,660.39,0.0,1.99
256565205008817,863.47,28,9.13,844.05,10.29,753.85,264.03,850.77,0.0,0.0,0.0,0.0,0.0,0.0,1.66,0.0,3.05,0.0,35.08,4.63,707.66,0.0,2.41
256565211234428,254.29,28,7.63,237.75,8.9,236.34,174.47,243.26,0.0,0.0,0.0,0.0,0.0,0.0,1.53,0.0,2.86,0.0,10.64,3.44,664.89,0.0,2.12
256565216733583,394.12,28,6.9,378.52,8.7,375.82,214.51,383.42,0.0,0.0,0.0,0.0,0.0,0.0,1.52,0.0,2.65,0.0,9.88,4.9,694.21,0.0,1.99
256565222880796,352.7,28,8.71,248.46,95.53,246.62,180.89,254.66,0.0,0.0,0.0,0.0,0.0,0.0,1.49,0.0,2.9,0.0,22.78,5.03,657.74,0.0,2.46
256565228502389,315.98,28,8.06,297.75,10.17,294.79,177.24,303.25,0.0,0.0,0.0,0.0,0.0,0.0,1.66,0.0,2.77,0.0,10.87,3.53,663.62,0.0,2.56
256565234105245,320.72,28,7.5,303.55,9.68,288.66,179.95,308.48,0.0,0.0,0.0,0.0,0.0,0.0,1.51,0.0,2.78,0.0,9.32,3.46,666.94,0.0,2.49
256565239732726,255.84,28,8.41,238.72,8.71,236.88,177.83,244.68,0.0,0.0,0.0,0.0,0.0,0.0,1.42,0.0,2.56,0.0,14.98,3.53,662.48,0.0,2.46
256565245800507,918.98,28,20.92,795.75,102.31,686.71,285.02,802.71,0.0,0.0,0.0,0.0,0.0,0.0,2.05,0.0,3.36,0.0,134.02,4.15,672.06,0.0,13.41
256565253030121,249.25,28,7.97,232.5,8.78,222.94,177.23,238.14,0.0,0.0,0.0,0.0,0.0,0.0,1.65,0.0,3.16,0.0,12.61,3.48,662.63,0.0,2.33
256565259033553,313.8,28,7.13,298.0,8.67,295.81,178.4,303.15,0.0,0.0,0.0,0.0,0.0,0.0,1.79,0.0,3.38,0.0,11.02,3.67,671.46,0.0,1.98
256565264656258,236.52,28,7.89,218.94,9.69,216.64,171.68,224.44,0.0,0.0,0.0,0.0,0.0,0.0,1.46,0.0,2.52,0.0,9.09,3.5,653.48,0.0,2.38
256565270847538,433.88,28,42.38,272.17,119.33,304.69,202.91,312.51,0.0,0.0,0.0,0.0,0.0,0.0,1.59,0.0,3.07,0.0,66.22,40.79,637.72,0.0,2.0
256565277023046,912.35,28,8.31,894.24,9.8,646.71,196.97,900.2,0.0,0.0,0.0,0.0,0.0,0.0,1.55,0.0,3.01,0.0,10.58,3.56,668.63,0.0,2.35
256565284062817,862.75,28,7.62,753.4,101.74,650.56,203.02,759.58,0.0,0.0,0.0,0.0,0.0,0.0,2.22,0.0,3.69,0.0,16.66,3.44,655.12,0.0,1.44
256565291056635,800.14,28,21.81,766.72,11.61,648.39,217.38,772.87,0.0,0.0,0.0,0.0,0.0,0.0,2.64,0.0,3.95,0.0,22.61,4.01,693.5,0.0,14.42
256565298006460,778.5,28,7.36,761.15,9.99,651.96,227.47,766.2,0.0,0.0,0.0,0.0,0.0,0.0,1.42,0.0,2.81,0.0,8.9,3.49,732.19,0.0,2.28
256565304836747,409.74,28,9.86,306.31,93.58,301.37,184.49,313.12,0.0,0.0,0.0,0.0,0.0,0.0,1.78,0.0,2.85,0.0,19.23,3.99,638.14,0.0,3.01
256565311014651,257.26,28,8.34,240.33,8.59,238.76,179.23,246.63,0.0,0.0,0.0,0.0,0.0,0.0,1.54,0.0,2.81,0.0,19.55,3.5,658.43,0.0,2.04
256565317008295,798.8,28,9.93,779.16,9.72,688.3,209.86,786.4,0.0,0.0,0.0,0.0,0.0,0.0,1.55,0.0,3.02,0.0,12.22,6.0,701.27,0.0,2.69
256565323805601,691.98,28,7.96,589.65,94.36,506.37,202.97,595.03,0.0,0.0,0.0,0.0,0.0,0.0,1.7,0.0,3.15,0.0,13.59,3.5,694.76,0.0,2.51
256565330811989,347.02,28,8.69,248.14,90.2,246.36,187.62,254.12,0.0,0.0,0.0,0.0,0.0,0.0,1.43,0.0,2.69,0.0,17.5,3.52,629.47,0.0,2.7
256565336912992,336.53,28,14.17,239.48,82.88,241.12,177.0,250.86,0.0,0.0,0.0,0.0,0.0,0.0,1.62,0.0,8.45,0.0,17.03,3.64,648.82,0.0,2.71
256565343008705,233.77,28,8.45,216.57,8.76,212.63,173.55,222.34,0.0,0.0,0.0,0.0,0.0,0.0,1.59,0.0,2.94,0.0,12.19,3.62,661.62,0.0,2.67
256565349008200,801.87,28,9.16,782.37,10.34,678.92,216.07,788.88,0.0,0.0,0.0,0.0,0.0,0.0,2.02,0.0,3.52,0.0,62.49,3.54,668.56,0.0,2.65
256565356026668,312.75,28,6.35,298.43,7.97,296.69,178.47,303.49,0.0,0.0,0.0,0.0,0.0,0.0,1.58,0.0,2.95,0.0,10.54,3.49,677.05,0.0,1.3
256565361580821,314.81,28,8.12,298.56,8.14,295.74,182.36,303.16,0.0,0.0,0.0,0.0,0.0,0.0,1.91,0.0,3.12,0.0,16.2,3.48,652.87,0.0,3.04
256565367734348,423.49,28,26.67,294.25,102.56,285.51,183.06,300.0,0.0,0.0,0.0,0.0,0.0,0.0,1.64,0.0,3.2,0.0,14.84,3.79,641.79,0.0,20.59
256565374119224,922.99,28,9.26,827.36,86.36,749.1,291.62,834.03,0.0,0.0,0.0,0.0,0.0,0.0,1.63,0.0,3.22,0.0,93.89,3.45,711.7,0.0,2.59
256565381665256,503.97,28,58.02,364.38,81.57,412.86,204.36,419.99,0.0,0.0,0.0,0.0,0.0,0.0,4.12,0.0,54.76,0.0,10.12,4.35,660.82,0.0,2.39
256565387962870,859.59,28,44.62,726.98,87.99,657.66,223.99,769.01,0.0,0.0,0.0,0.0,0.0,0.0,37.9,0.0,39.44,0.0,15.4,3.48,719.02,0.0,2.59
256565395082713,800.2,28,9.43,780.06,10.7,682.45,213.31,787.59,0.0,0.0,0.0,0.0,0.0,0.0,2.11,0.0,3.82,0.0,17.88,4.5,675.44,0.0,1.9
256565401306513,738.88,28,8.64,718.91,11.33,645.23,195.16,724.93,0.0,0.0,0.0,0.0,0.0,0.0,1.5,0.0,2.9,0.0,10.78,5.14,686.69,0.0,2.62
256565408088672,780.08,28,9.29,758.57,12.22,658.23,221.09,765.97,0.0,0.0,0.0,0.0,0.0,0.0,1.37,0.0,2.78,0.0,16.4,6.01,694.23,0.0,1.9
256565414821934,978.21,28,8.57,876.21,93.44,801.25,206.5,882.07,0.0,0.0,0.0,0.0,0.0,0.0,1.53,0.0,2.67,0.0,14.07,4.86,679.38,0.0,2.7
256565421290467,238.89,28,9.22,220.4,9.27,219.08,179.04,226.44,0.0,0.0,0.0,0.0,0.0,0.0,1.81,0.0,3.21,0.0,16.06,3.55,670.13,0.0,3.12
256565427077855,842.16,28,8.93,821.8,11.43,722.48,221.25,828.77,0.0,0.0,0.0,0.0,0.0,0.0,1.79,0.0,3.2,0.0,58.64,3.77,712.76,0.0,1.97
256565433265035,315.62,28,7.74,298.98,8.91,296.48,179.01,304.17,0.0,0.0,0.0,0.0,0.0,0.0,1.66,0.0,2.77,0.0,13.88,3.59,668.13,0.0,2.54
256565438829710,347.07,28,8.76,328.87,9.44,325.36,182.8,334.73,0.0,0.0,0.0,0.0,0.0,0.0,1.52,0.0,3.25,0.0,18.89,3.41,661.79,0.0,2.9
256565445006859,878.42,28,7.67,773.31,97.45,660.92,190.74,778.59,0.0,0.0,0.0,0.0,0.0,0.0,1.7,0.0,3.06,0.0,10.5,5.13,638.28,0.0,2.35
256565451867384,331.19,28,8.37,314.02,8.8,312.31,178.63,320.01,0.0,0.0,0.0,0.0,0.0,0.0,1.42,0.0,2.79,0.0,70.63,3.5,620.17,0.0,2.38
256565457494775,251.26,28,7.03,236.42,7.8,233.78,182.28,241.59,0.0,0.0,0.0,0.0,0.0,0.0,1.84,0.0,3.01,0.0,11.21,3.52,667.05,0.0,1.87
256565462992709,855.53,28,8.66,827.3,19.56,742.09,239.42,834.05,0.0,0.0,0.0,0.0,0.0,0.0,2.0,0.0,3.56,0.0,12.03,4.39,665.3,0.0,1.91
256565470120677,316.12,28,7.33,300.22,8.57,297.85,174.79,305.72,0.0,0.0,0.0,0.0,0.0,0.0,1.9,0.0,3.04,0.0,13.1,3.55,649.62,0.0,1.7
256565476241267,818.26,28,11.24,711.19,95.83,646.32,216.54,719.85,0.0,0.0,0.0,0.0,0.0,0.0,1.69,0.0,3.05,0.0,22.89,6.82,669.31,0.0,2.41
256565483736567,463.5,28,10.99,348.27,104.24,347.48,193.63,357.6,0.0,0.0,0.0,0.0,0.0,0.0,1.59,0.0,2.69,0.0,13.48,7.97,659.3,0.0,1.21
256565490026459,770.41,28,8.06,750.23,12.12,645.83,252.08,756.23,0.0,0.0,0.0,0.0,0.0,0.0,1.61,0.0,3.08,0.0,32.47,3.64,691.69,0.0,2.06
256565496818828,423.47,28,127.01,225.47,70.99,222.52,177.59,231.3,0.0,0.0,0.0,0.0,0.0,0.0,1.62,0.0,3.09,0.0,13.79,3.55,647.94,0.0,121.16
256565503008051,860.83,28,8.23,766.56,86.04,673.35,224.69,772.54,0.0,0.0,0.0,0.0,0.0,0.0,1.64,0.0,3.0,0.0,14.22,3.6,726.35,0.0,2.21
256565509940953,841.18,28,24.51,741.61,75.06,658.84,233.69,763.35,0.0,0.0,0.0,0.0,0.0,0.0,1.94,0.0,3.54,0.0,31.67,19.65,681.13,0.0,2.76
256565516855954,349.0,28,9.99,248.03,90.98,246.91,186.81,255.41,0.0,0.0,0.0,0.0,0.0,0.0,1.79,0.0,3.27,0.0,25.08,4.55,641.05,0.0,2.61
256565523007114,832.53,28,9.75,810.42,12.36,715.74,261.71,817.52,0.0,0.0,0.0,0.0,0.0,0.0,1.43,0.0,2.59,0.0,12.26,5.38,743.29,0.0,2.65
256565529821466,892.86,28,106.72,681.67,104.47,663.21,306.91,785.97,0.0,0.0,0.0,0.0,0.0,0.0,1.67,0.0,3.22,0.0,108.55,102.64,689.72,0.0,2.37
256565537032544,321.93,28,6.11,307.44,8.39,303.55,174.09,312.02,0.0,0.0,0.0,0.0,0.0,0.0,1.55,0.0,2.83,0.0,8.37,3.42,659.37,0.0,1.53
256565543027780,233.57,28,7.96,216.17,9.44,213.68,175.39,221.8,0.0,0.0,0.0,0.0,0.0,0.0,1.79,0.0,3.19,0.0,13.53,3.5,663.12,0.0,2.26
256565549018160,232.49,28,7.8,216.15,8.53,212.86,172.51,221.52,0.0,0.0,0.0,0.0,0.0,0.0,1.45,0.0,2.67,0.0,10.65,3.5,655.95,0.0,2.37
256565555006623,761.13,28,7.96,742.66,10.51,638.0,280.1,748.31,0.0,0.0,0.0,0.0,0.0,0.0,1.48,0.0,2.73,0.0,124.78,3.64,694.73,0.0,2.24
256565561842068,864.11,28,7.76,771.07,85.27,683.9,215.0,776.09,0.0,0.0,0.0,0.0,0.0,0.0,1.47,0.0,2.59,0.0,20.87,3.87,692.89,0.0,2.64
256565568783255,348.12,28,8.64,329.98,9.5,328.36,224.7,336.58,0.0,0.0,0.0,0.0,0.0,0.0,2.63,0.0,4.03,0.0,17.71,3.45,675.79,0.0,2.04
256565574402432,320.96,28,8.14,304.28,8.54,301.84,172.01,310.26,0.0,0.0,0.0,0.0,0.0,0.0,1.88,0.0,3.3,0.0,14.79,3.52,641.51,0.0,2.16
256565580579722,881.94,28,88.02,696.41,97.5,685.26,234.92,782.06,0.0,0.0,0.0,0.0,0.0,0.0,82.25,0.0,83.52,0.0,26.5,3.87,710.89,0.0,2.31
256565587228220,280.87,28,14.72,256.91,9.24,261.02,178.68,268.64,0.0,0.0,0.0,0.0,0.0,0.0,1.43,0.0,8.98,0.0,16.72,3.46,648.87,0.0,2.99
256565593286798,926.69,28,8.65,827.78,90.26,735.95,233.35,833.85,0.0,0.0,0.0,0.0,0.0,0.0,1.58,0.0,3.03,0.0,9.93,3.54,690.97,0.0,2.58
256565600263959,748.51,28,11.03,727.84,9.64,668.78,237.66,735.94,0.0,0.0,0.0,0.0,0.0,0.0,1.54,0.0,2.78,0.0,11.53,6.11,698.32,0.0,2.93
256565606293365,718.77,28,8.93,700.77,9.07,685.4,206.16,706.98,0.0,0.0,0.0,0.0,0.0,0.0,1.93,0.0,3.24,0.0,16.37,3.61,674.33,0.0,2.73
256565612925928,880.96,28,9.87,783.49,87.61,685.34,233.9,790.65,0.0,0.0,0.0,0.0,0.0,0.0,2.86,0.0,4.36,0.0,18.59,3.67,687.43,0.0,2.64
256565619277557,734.88,28,10.18,714.88,9.82,674.71,215.11,721.77,0.0,0.0,0.0,0.0,0.0,0.0,3.06,0.0,4.86,0.0,16.95,4.79,675.07,0.0,3.27
256565625304097,321.14,28,7.19,303.42,10.53,301.36,169.06,308.92,0.0,0.0,0.0,0.0,0.0,0.0,1.51,0.0,2.98,0.0,8.91,3.52,637.71,0.0,1.69
256565631056411,311.12,28,8.37,294.2,8.55,290.21,180.04,299.19,0.0,0.0,0.0,0.0,0.0,0.0,1.56,0.0,3.15,0.0,11.56,3.54,669.88,0.0,2.97
256565636664611,232.69,28,8.06,215.05,9.58,212.12,175.21,220.45,0.0,0.0,0.0,0.0,0.0,0.0,1.76,0.0,2.98,0.0,10.89,3.43,666.27,0.0,2.66
256565642725060,970.77,28,7.93,866.49,96.35,760.38,199.38,872.06,0.0,0.0,0.0,0.0,0.0,0.0,1.67,0.0,2.96,0.0,14.27,3.55,682.87,0.0,2.36
256565649268592,742.26,28,8.22,723.83,10.22,679.71,224.05,729.7,0.0,0.0,0.0,0.0,0.0,0.0,1.36,0.0,2.48,0.0,18.57,3.63,682.27,0.0,2.34
256565655898021,396.89,28,9.99,301.18,85.72,299.93,180.49,308.3,0.0,0.0,0.0,0.0,0.0,0.0,1.76,0.0,3.09,0.0,14.1,4.7,632.97,0.0,2.84
256565661612078,548.39,28,6.62,383.55,158.22,331.27,167.94,388.44,0.0,0.0,0.0,0.0,0.0,0.0,1.53,0.0,2.64,0.0,10.03,3.57,645.77,0.0,1.74
256565667423929,320.97,28,9.11,302.35,9.51,299.27,175.82,308.74,0.0,0.0,0.0,0.0,0.0,0.0,1.77,0.0,3.02,0.0,16.17,3.52,660.3,0.0,2.72
256565672975965,253.67,28,7.01,238.85,7.81,234.86,169.79,243.39,0.0,0.0,0.0,0.0,0.0,0.0,1.55,0.0,2.81,0.0,8.39,3.44,658.05,0.0,2.47
256565679008229,319.38,28,7.95,301.65,9.78,298.94,181.78,307.02,0.0,0.0,0.0,0.0,0.0,0.0,1.77,0.0,3.02,0.0,11.24,3.49,664.83,0.0,2.58
256565685037863,758.32,28,8.97,738.62,10.73,643.02,220.6,744.76,0.0,0.0,0.0,0.0,0.0,0.0,1.8,0.0,3.06,0.0,10.34,3.63,684.52,0.0,2.82
256565691834396,829.74,28,9.9,733.55,86.29,642.99,226.69,740.5,0.0,0.0,0.0,0.0,0.0,0.0,3.67,0.0,4.88,0.0,14.98,3.47,689.02,0.0,2.95
256565698841562,926.16,28,8.32,822.49,95.36,740.03,203.64,828.01,0.0,0.0,0.0,0.0,0.0,0.0,1.42,0.0,2.76,0.0,12.94,3.48,656.96,0.0,2.8
256565705825434,360.28,28,9.51,247.41,103.36,244.38,197.03,253.76,0.0,0.0,0.0,0.0,0.0,0.0,1.72,0.0,2.86,0.0,11.2,4.2,647.66,0.0,3.16
256565712019594,755.18,28,9.6,734.94,10.65,642.21,239.66,742.18,0.0,0.0,0.0,0.0,0.0,0.0,2.01,0.0,3.34,0.0,44.46,4.59,650.78,0.0,2.35
256565719038370,790.43,28,8.26,770.72,11.45,681.59,200.66,776.53,0.0,0.0,0.0,0.0,0.0,0.0,1.53,0.0,3.06,0.0,20.38,3.8,673.2,0.0,2.45
256565726234522,777.41,28,8.32,682.1,87.0,650.29,234.42,687.56,0.0,0.0,0.0,0.0,0.0,0.0,1.68,0.0,2.78,0.0,9.65,3.47,711.93,0.0,2.85
256565732941966,938.37,28,9.73,830.77,97.87,728.12,237.42,837.59,0.0,0.0,0.0,0.0,0.0,0.0,1.67,0.0,2.95,0.0,36.51,3.86,680.2,0.0,2.91
256565739899289,875.71,28,19.51,758.33,97.88,678.99,244.44,774.89,0.0,0.0,0.0,0.0,0.0,0.0,13.3,0.0,14.66,0.0,34.16,3.71,696.66,0.0,2.88
256565746815511,353.37,28,8.61,254.99,89.77,252.79,181.98,260.97,0.0,0.0,0.0,0.0,0.0,0.0,1.65,0.0,2.87,0.0,25.49,3.79,627.3,0.0,2.63
256565753008323,324.29,28,8.2,306.9,9.2,303.32,176.67,312.7,0.0,0.0,0.0,0.0,0.0,0.0,1.6,0.0,2.86,0.0,14.54,3.6,663.51,0.0,2.39
256565759269169,884.56,28,9.05,780.6,94.9,680.48,220.97,786.59,0.0,0.0,0.0,0.0,0.0,0.0,1.92,0.0,3.27,0.0,9.1,4.22,686.45,0.0,3.06
256565766776809,424.3,28,12.35,316.69,95.26,308.05,217.88,321.96,0.0,0.0,0.0,0.0,0.0,0.0,2.52,0.0,3.68,0.0,43.72,3.49,656.5,0.0,5.96
256565773008094,240.03,28,8.65,222.71,8.66,222.12,182.87,229.63,0.0,0.0,0.0,0.0,0.0,0.0,1.77,0.0,3.3,0.0,13.7,3.62,667.58,0.0,1.74
256565779138680,889.77,28,8.91,781.89,98.96,672.46,237.65,788.21,0.0,0.0,0.0,0.0,0.0,0.0,2.56,0.0,3.86,0.0,17.37,3.52,721.39,0.0,2.6
256565786088642,891.15,28,10.01,869.01,12.12,774.89,216.69,877.41,0.0,0.0,0.0,0.0,0.0,0.0,2.77,0.0,5.34,0.0,25.1,3.47,702.46,0.0,1.62
256565793008922,852.13,28,9.18,755.38,87.56,655.31,213.66,761.88,0.0,0.0,0.0,0.0,0.0,0.0,1.83,0.0,3.09,0.0,15.19,4.22,680.37,0.0,2.68
256565799820692,412.05,28,10.35,316.5,85.2,315.16,180.03,323.91,0.0,0.0,0.0,0.0,0.0,0.0,2.37,0.0,3.8,0.0,26.0,5.78,615.69,0.0,2.94
256565805516361,561.16,28,8.72,543.19,9.26,540.41,225.93,548.44,0.0,0.0,0.0,0.0,0.0,0.0,1.57,0.0,2.71,0.0,11.62,3.78,697.6,0.0,3.35
256565811945378,947.32,28,13.89,850.55,82.89,754.01,233.51,856.84,0.0,0.0,0.0,0.0,0.0,0.0,1.62,0.0,2.81,0.0,16.81,5.46,687.64,0.0,5.62
256565818881684,400.96,28,8.47,312.57,79.93,309.89,176.89,317.93,0.0,0.0,0.0,0.0,0.0,0.0,1.75,0.0,2.96,0.0,17.73,3.57,635.44,0.0,3.11
256565825083287,926.67,28,10.9,827.04,88.73,672.36,220.89,834.48,0.0,0.0,0.0,0.0,0.0,0.0,3.05,0.0,4.35,0.0,19.26,3.73,642.83,0.0,2.81
256565832026852,251.58,28,8.32,233.45,9.81,231.37,180.29,239.06,0.0,0.0,0.0,0.0,0.0,0.0,1.71,0.0,2.88,0.0,12.29,3.47,671.93,0.0,2.71
256565837651610,851.52,28,8.68,830.75,12.09,736.07,200.07,836.64,0.0,0.0,0.0,0.0,0.0,0.0,1.86,0.0,3.01,0.0,10.71,3.62,666.71,0.0,2.77
256565845448954,623.72,28,8.95,520.34,94.43,515.65,223.37,526.35,0.0,0.0,0.0,0.0,0.0,0.0,2.09,0.0,3.31,0.0,25.0,3.54,681.55,0.0,2.94
256565851569436,253.76,28,8.84,232.44,12.49,225.23,173.83,238.55,0.0,0.0,0.0,0.0,0.0,0.0,1.95,0.0,3.34,0.0,16.54,3.56,655.72,0.0,2.58
256565857469049,647.07,28,7.78,544.59,94.7,541.63,190.73,549.75,0.0,0.0,0.0,0.0,0.0,0.0,1.62,0.0,2.79,0.0,14.79,3.53,685.65,0.0,2.41
256565863971273,366.49,28,11.81,309.24,45.43,306.75,174.84,315.92,0.0,0.0,0.0,0.0,0.0,0.0,1.63,0.0,3.16,0.0,8.66,3.52,657.88,0.0,5.13
256565870143844,867.52,28,8.44,757.03,102.04,659.14,222.19,762.58,0.0,0.0,0.0,0.0,0.0,0.0,1.86,0.0,2.98,0.0,20.89,3.76,653.81,0.0,2.9
256565876879228,353.01,28,7.52,243.93,101.57,240.35,173.71,249.06,0.0,0.0,0.0,0.0,0.0,0.0,1.78,0.0,3.2,0.0,11.32,3.62,667.28,0.0,2.38
256565883013178,271.42,28,7.63,253.29,10.5,249.62,175.98,258.29,0.0,0.0,0.0,0.0,0.0,0.0,1.78,0.0,3.0,0.0,14.92,3.48,650.08,0.0,2.63
256565889014856,1067.3,28,211.25,844.38,11.67,957.13,382.25,1053.02,0.0,0.0,0.0,0.0,0.0,0.0,1.43,0.0,2.71,0.0,223.83,207.57,667.75,0.0,2.62
256565896753310,915.27,28,15.35,798.17,101.76,682.28,223.38,807.17,0.0,0.0,0.0,0.0,0.0,0.0,4.58,0.0,5.93,0.0,25.07,3.52,697.64,0.0,6.16
256565904027457,744.1,28,7.04,727.08,9.97,670.63,237.57,732.01,0.0,0.0,0.0,0.0,0.0,0.0,1.5,0.0,2.86,0.0,15.99,3.52,679.58,0.0,2.06
256565910220686,786.44,28,8.52,768.58,9.35,679.62,220.1,774.05,0.0,0.0,0.0,0.0,0.0,0.0,1.96,0.0,3.2,0.0,17.08,4.36,671.32,0.0,3.04
256565916340342,685.62,28,20.4,655.02,10.2,648.39,209.57,660.31,0.0,0.0,0.0,0.0,0.0,0.0,2.05,0.0,3.28,0.0,15.01,3.49,669.66,0.0,14.65
256565922879459,979.49,28,51.86,847.62,80.01,780.33,210.28,896.52,0.0,0.0,0.0,0.0,0.0,0.0,2.94,0.0,4.12,0.0,54.31,46.86,674.7,0.0,2.96
256565929266228,745.86,28,45.45,689.52,10.89,660.22,227.82,732.86,0.0,0.0,0.0,0.0,0.0,0.0,3.9,0.0,41.49,0.0,12.57,3.48,673.74,0.0,2.11
256565936060296,254.53,28,7.4,238.09,9.05,235.75,173.68,243.83,0.0,0.0,0.0,0.0,0.0,0.0,2.07,0.0,3.59,0.0,10.22,3.62,669.41,0.0,1.63
256565942133159,955.58,28,26.74,837.45,91.39,679.15,193.28,845.98,0.0,0.0,0.0,0.0,0.0,0.0,3.7,0.0,5.06,0.0,11.63,5.07,661.5,0.0,17.54
256565949929318,901.32,28,8.17,797.6,95.55,675.35,244.02,802.97,0.0,0.0,0.0,0.0,0.0,0.0,1.6,0.0,2.83,0.0,10.69,3.54,702.98,0.0,2.68
256565956842892,365.89,28,24.93,251.79,89.17,246.32,187.15,259.95,0.0,0.0,0.0,0.0,0.0,0.0,3.41,0.0,4.62,0.0,10.7,4.16,648.37,0.0,16.49
256565963184721,826.29,28,9.36,723.64,93.29,667.79,204.28,730.1,0.0,0.0,0.0,0.0,0.0,0.0,1.5,0.0,2.91,0.0,17.57,3.88,686.79,0.0,2.64
256565969829072,420.05,28,9.02,311.98,99.04,306.92,220.38,318.6,0.0,0.0,0.0,0.0,0.0,0.0,1.57,0.0,2.65,0.0,66.04,4.04,637.26,0.0,2.33
256565975569682,326.44,28,8.55,308.26,9.63,306.37,181.09,314.2,0.0,0.0,0.0,0.0,0.0,0.0,1.55,0.0,3.12,0.0,12.23,3.48,665.14,0.0,2.6
256565981705166,477.93,28,7.99,381.25,88.69,377.96,221.85,386.7,0.0,0.0,0.0,0.0,0.0,0.0,1.86,0.0,3.13,0.0,16.48,3.54,697.88,0.0,2.46
256565988007610,804.03,28,7.96,781.62,14.46,663.8,207.86,786.77,0.0,0.0,0.0,0.0,0.0,0.0,1.57,0.0,2.75,0.0,13.58,3.57,665.39,0.0,2.81
256565994795073,362.92,28,8.87,260.73,93.32,259.44,184.37,267.05,0.0,0.0,0.0,0.0,0.0,0.0,1.45,0.0,3.38,0.0,18.58,4.7,633.97,0.0,2.53
256566001030199,240.06,28,7.31,222.69,10.06,220.59,172.77,227.95,0.0,0.0,0.0,0.0,0.0,0.0,1.61,0.0,2.81,0.0,8.21,3.42,668.66,0.0,2.05
256566006593484,252.64,28,8.13,235.16,9.35,231.82,170.58,240.74,0.0,0.0,0.0,0.0,0.0,0.0,1.65,0.0,3.02,0.0,8.79,3.4,660.01,0.0,2.53
256566012758615,430.0,28,9.0,329.33,91.67,326.76,186.36,335.88,0.0,0.0,0.0,0.0,0.0,0.0,1.45,0.0,2.59,0.0,28.7,4.2,649.43,0.0,2.22
256566019177732,833.94,28,9.53,732.09,92.32,668.14,252.72,738.89,0.0,0.0,0.0,0.0,0.0,0.0,1.9,0.0,3.2,0.0,97.54,3.67,667.7,0.0,2.65
256566026013212,815.87,28,7.61,792.42,15.84,681.89,222.45,797.56,0.0,0.0,0.0,0.0,0.0,0.0,1.78,0.0,2.86,0.0,14.69,3.61,705.31,0.0,2.47
256566033516654,925.18,28,8.23,832.14,84.81,728.04,231.41,837.88,0.0,0.0,0.0,0.0,0.0,0.0,1.51,0.0,2.91,0.0,29.64,3.63,682.97,0.0,2.49
256566040984831,878.85,28,11.38,831.24,36.22,682.02,216.15,839.96,0.0,0.0,0.0,0.0,0.0,0.0,3.12,0.0,5.92,0.0,28.42,3.68,685.55,0.0,2.64
256566047731442,948.19,28,8.21,843.67,96.3,694.85,229.82,849.28,0.0,0.0,0.0,0.0,0.0,0.0,1.99,0.0,3.44,0.0,78.41,3.82,681.22,0.0,2.54
256566054841770,975.07,28,8.16,871.75,95.16,784.81,250.08,877.31,0.0,0.0,0.0,0.0,0.0,0.0,1.73,0.0,2.97,0.0,13.69,3.53,722.02,0.0,2.57
256566061998448,841.09,28,9.05,812.98,19.06,651.33,224.96,819.44,0.0,0.0,0.0,0.0,0.0,0.0,1.84,0.0,3.22,0.0,20.27,4.61,666.0,0.0,2.59
256566068814418,839.01,28,8.08,734.38,96.55,623.18,214.95,739.7,0.0,0.0,0.0,0.0,0.0,0.0,1.56,0.0,2.7,0.0,14.64,3.51,701.48,0.0,2.73
256566075802284,417.17,28,13.23,310.02,93.93,303.02,179.09,315.71,0.0,0.0,0.0,0.0,0.0,0.0,1.59,0.0,2.83,0.0,18.09,3.64,639.49,0.0,7.3
256566082034783,768.5,28,9.0,748.68,10.82,646.9,236.7,754.96,0.0,0.0,0.0,0.0,0.0,0.0,1.85,0.0,3.08,0.0,19.31,4.95,727.0,0.0,2.46
256566088845502,362.03,28,8.46,260.59,92.98,255.55,236.43,266.74,0.0,0.0,0.0,0.0,0.0,0.0,1.6,0.0,2.96,0.0,91.37,3.89,639.02,0.0,2.31
256566094450140,618.37,28,19.98,588.3,10.08,581.36,182.7,595.32,0.0,0.0,0.0,0.0,0.0,0.0,2.13,0.0,3.74,0.0,16.37,3.47,641.0,0.0,12.78
256566100860348,359.92,28,9.14,230.71,120.06,221.51,195.8,236.93,0.0,0.0,0.0,0.0,0.0,0.0,1.52,0.0,2.67,0.0,25.42,3.65,676.43,0.0,2.84
256566107006490,928.84,28,10.25,856.88,61.71,761.01,198.31,863.77,0.0,0.0,0.0,0.0,0.0,0.0,1.65,0.0,2.94,0.0,27.27,4.14,662.32,0.0,3.17
256566113251441,756.71,28,8.58,738.3,9.82,645.13,203.64,743.75,0.0,0.0,0.0,0.0,0.0,0.0,1.54,0.0,2.91,0.0,12.15,3.55,683.59,0.0,2.91
256566119281681,726.94,28,13.12,703.21,10.62,651.01,240.8,712.88,0.0,0.0,0.0,0.0,0.0,0.0,2.93,0.0,4.32,0.0,14.07,6.03,708.97,0.0,3.32
256566125778019,383.5,28,63.01,237.04,83.44,289.12,177.7,297.04,0.0,0.0,0.0,0.0,0.0,0.0,55.83,0.0,57.15,0.0,19.74,4.03,644.17,0.0,2.79
256566132015100,758.26,28,10.81,734.72,12.73,641.3,223.88,743.27,0.0,0.0,0.0,0.0,0.0,0.0,2.29,0.0,3.62,0.0,22.61,5.83,690.76,0.0,2.07
256566138866778,335.58,28,8.6,235.64,91.33,233.74,172.62,241.34,0.0,0.0,0.0,0.0,0.0,0.0,1.87,0.0,3.18,0.0,12.06,3.42,633.71,0.0,2.69
256566145024538,873.81,28,8.42,854.46,10.93,750.36,188.1,860.1,0.0,0.0,0.0,0.0,0.0,0.0,1.72,0.0,3.03,0.0,12.81,3.6,656.79,0.0,2.58
256566152076768,238.35,28,8.6,220.35,9.41,218.47,172.04,225.77,0.0,0.0,0.0,0.0,0.0,0.0,1.71,0.0,3.07,0.0,9.85,3.46,656.46,0.0,2.99
256566158011510,884.84,28,118.83,755.57,10.44,704.79,212.96,761.88,0.0,0.0,0.0,0.0,0.0,0.0,1.72,0.0,3.04,0.0,10.62,5.42,655.44,0.0,112.4
256566165077706,789.74,28,14.28,764.85,10.61,657.15,215.87,776.29,0.0,0.0,0.0,0.0,0.0,0.0,4.46,0.0,6.27,0.0,17.31,5.73,673.59,0.0,2.68
256566171767128,425.33,28,9.62,328.04,87.67,327.67,187.45,335.0,0.0,0.0,0.0,0.0,0.0,0.0,1.55,0.0,2.7,0.0,25.77,4.27,635.42,0.0,2.65
256566178012004,815.59,28,8.39,795.36,11.84,683.37,228.03,801.18,0.0,0.0,0.0,0.0,0.0,0.0,1.63,0.0,3.11,0.0,61.61,3.5,666.58,0.0,2.57
256566184939292,839.16,28,8.44,743.79,86.93,657.27,251.66,749.54,0.0,0.0,0.0,0.0,0.0,0.0,1.9,0.0,3.27,0.0,22.86,4.41,709.95,0.0,2.69
256566191251131,309.98,28,7.89,292.12,9.97,289.95,173.11,297.55,0.0,0.0,0.0,0.0,0.0,0.0,1.59,0.0,2.84,0.0,9.89,3.53,659.61,0.0,2.46
256566197039461,865.72,28,8.99,843.19,13.54,740.82,249.94,849.79,0.0,0.0,0.0,0.0,0.0,0.0,2.13,0.0,3.32,0.0,20.47,3.48,698.45,0.0,2.39
256566203907465,898.73,28,9.74,785.53,103.45,682.38,204.12,792.64,0.0,0.0,0.0,0.0,0.0,0.0,1.65,0.0,3.01,0.0,16.0,4.1,662.84,0.0,2.63
256566211030556,257.77,28,6.6,242.26,8.91,233.53,177.78,246.89,0.0,0.0,0.0,0.0,0.0,0.0,1.48,0.0,2.6,0.0,11.54,3.52,666.25,0.0,1.97
256566216587790,499.65,28,9.02,481.83,8.8,479.36,215.57,488.3,0.0,0.0,0.0,0.0,0.0,0.0,1.83,0.0,3.0,0.0,25.65,4.76,675.32,0.0,2.55
256566222876620,408.53,28,8.22,303.38,96.92,296.62,197.07,308.28,0.0,0.0,0.0,0.0,0.0,0.0,1.73,0.0,2.91,0.0,32.5,3.5,658.71,0.0,3.26
256566229020968,774.06,28,11.71,751.38,10.97,653.3,246.44,760.11,0.0,0.0,0.0,0.0,0.0,0.0,1.83,0.0,3.4,0.0,18.55,5.33,707.3,0.0,2.98
256566235254430,265.53,28,7.81,249.36,8.36,246.5,176.47,254.63,0.0,0.0,0.0,0.0,0.0,0.0,1.62,0.0,2.94,0.0,9.08,3.53,660.55,0.0,2.54
256566241027014,820.56,28,8.1,800.41,12.05,680.23,214.31,806.11,0.0,0.0,0.0,0.0,0.0,0.0,1.8,0.0,3.02,0.0,19.81,3.57,678.53,0.0,2.4
256566247738632,902.95,28,9.13,811.78,82.04,685.06,253.12,818.29,0.0,0.0,0.0,0.0,0.0,0.0,1.46,0.0,2.91,0.0,21.8,4.5,711.83,0.0,2.62
256566255032536,855.84,28,8.9,835.77,11.17,738.41,206.85,842.36,0.0,0.0,0.0,0.0,0.0,0.0,1.74,0.0,3.3,0.0,15.82,3.64,652.76,0.0,2.29
256566261839223,363.2,28,7.7,264.05,91.45,261.88,179.74,269.0,0.0,0.0,0.0,0.0,0.0,0.0,1.57,0.0,2.82,0.0,22.46,4.81,653.73,0.0,2.67
256566268006297,860.15,28,10.95,839.21,9.99,744.96,213.84,847.66,0.0,0.0,0.0,0.0,0.0,0.0,2.74,0.0,4.06,0.0,12.34,6.6,690.77,0.0,2.51
256566274313531,336.72,28,9.98,316.32,10.42,297.84,175.7,321.95,0.0,0.0,0.0,0.0,0.0,0.0,1.55,0.0,2.72,0.0,17.85,3.47,654.42,0.0,4.34
256566280058546,790.21,28,7.45,769.05,13.71,676.99,248.05,774.33,0.0,0.0,0.0,0.0,0.0,0.0,1.65,0.0,3.12,0.0,9.11,3.54,693.01,0.0,2.17
256566286847336,419.83,28,94.16,244.67,81.01,216.6,200.56,336.05,0.0,0.0,0.0,0.0,0.0,0.0,1.49,0.0,90.38,0.0,128.52,3.52,650.79,0.0,2.78
256566293015597,840.55,28,8.96,813.7,17.89,686.32,250.68,820.82,0.0,0.0,0.0,0.0,0.0,0.0,2.38,0.0,3.83,0.0,9.64,4.8,714.75,0.0,1.81
256566299269768,737.71,28,12.01,715.02,10.68,638.76,225.48,721.27,0.0,0.0,0.0,0.0,0.0,0.0,1.65,0.0,2.94,0.0,12.98,3.67,693.51,0.0,5.61
256566305909564,946.1,28,10.33,833.07,102.7,732.37,200.64,840.51,0.0,0.0,0.0,0.0,0.0,0.0,1.85,0.0,3.38,0.0,14.6,5.11,653.95,0.0,2.89
256566312749385,1227.73,28,7.01,450.37,770.35,361.53,173.73,455.6,0.0,0.0,0.0,0.0,0.0,0.0,1.82,0.0,3.0,0.0,8.88,3.67,664.63,0.0,1.78
256566320089172,312.6,28,8.05,295.87,8.68,294.86,179.12,302.02,0.0,0.0,0.0,0.0,0.0,0.0,1.8,0.0,3.12,0.0,13.5,3.49,667.73,0.0,1.91
256566326035732,757.37,28,8.38,735.43,13.56,648.71,185.27,741.75,0.0,0.0,0.0,0.0,0.0,0.0,1.53,0.0,2.88,0.0,16.25,4.09,633.32,0.0,2.06
256566332910441,945.02,28,27.14,815.54,102.34,656.3,213.14,820.77,0.0,0.0,0.0,0.0,0.0,0.0,1.54,0.0,2.88,0.0,30.9,4.08,683.82,0.0,21.4
256566339993842,763.23,28,6.99,739.67,16.58,647.69,237.22,744.77,0.0,0.0,0.0,0.0,0.0,0.0,1.66,0.0,2.94,0.0,8.31,3.47,736.86,0.0,1.84
256566346771305,396.14,28,12.46,374.01,9.67,376.25,206.25,384.02,0.0,0.0,0.0,0.0,0.0,0.0,1.88,0.0,3.43,0.0,27.6,7.21,641.0,0.0,2.46
256566352513003,566.47,28,8.31,547.6,10.56,540.39,207.9,552.96,0.0,0.0,0.0,0.0,0.0,0.0,1.41,0.0,2.59,0.0,9.99,3.62,696.88,0.0,2.8
256566359009734,792.92,28,10.02,769.83,13.07,675.12,220.96,777.22,0.0,0.0,0.0,0.0,0.0,0.0,1.72,0.0,3.02,0.0,14.16,4.57,684.65,0.0,2.62
256566366035276,860.38,28,8.45,840.31,11.62,736.05,236.16,846.18,0.0,0.0,0.0,0.0,0.0,0.0,2.04,0.0,3.32,0.0,12.98,3.5,719.83,0.0,2.59
256566372940876,243.82,28,7.8,227.3,8.72,225.02,184.49,232.79,0.0,0.0,0.0,0.0,0.0,0.0,1.84,0.0,3.34,0.0,13.92,3.45,677.69,0.0,2.31
256566379086560,832.02,28,9.12,730.08,92.82,640.1,197.74,736.92,0.0,0.0,0.0,0.0,0.0,0.0,1.52,0.0,3.05,0.0,12.69,4.64,687.76,0.0,2.28
256566385958039,794.48,28,11.11,726.87,56.49,647.72,249.42,735.35,0.0,0.0,0.0,0.0,0.0,0.0,1.54,0.0,3.0,0.0,17.56,7.17,715.74,0.0,2.63
256566392820833,344.98,28,9.31,232.79,102.87,230.49,188.8,239.11,0.0,0.0,0.0,0.0,0.0,0.0,1.41,0.0,2.71,0.0,29.56,3.64,632.43,0.0,2.96
256566399005324,753.58,28,7.82,734.47,11.29,645.08,238.79,740.78,0.0,0.0,0.0,0.0,0.0,0.0,1.75,0.0,3.34,0.0,16.13,4.77,705.23,0.0,1.5
256566405810767,411.97,28,8.83,302.86,100.28,301.49,186.62,309.36,0.0,0.0,0.0,0.0,0.0,0.0,1.58,0.0,2.8,0.0,16.03,3.69,671.24,0.0,2.33
256566412024997,283.21,28,9.41,264.17,9.63,259.02,178.56,270.69,0.0,0.0,0.0,0.0,0.0,0.0,2.16,0.0,3.64,0.0,15.55,3.65,654.57,0.0,2.89
256566418026389,1021.54,28,24.48,987.87,9.2,819.46,237.87,994.14,0.0,0.0,0.0,0.0,0.0,0.0,1.64,0.0,2.87,0.0,28.26,3.63,672.07,0.0,17.97
256566424981709,835.66,28,10.02,791.84,33.79,686.7,204.53,799.42,0.0,0.0,0.0,0.0,0.0,0.0,1.57,0.0,2.9,0.0,11.25,4.85,655.4,0.0,2.45
256566432057500,768.25,28,8.65,750.54,9.07,658.02,204.75,757.28,0.0,0.0,0.0,0.0,0.0,0.0,1.55,0.0,2.78,0.0,9.49,4.77,660.67,0.0,1.91
256566438307853,720.43,28,7.97,703.0,9.45,654.58,209.46,708.37,0.0,0.0,0.0,0.0,0.0,0.0,1.58,0.0,2.92,0.0,9.14,3.58,707.69,0.0,2.61
256566445640728,480.5,28,7.85,371.1,101.55,368.68,199.5,376.87,0.0,0.0,0.0,0.0,0.0,0.0,1.7,0.0,3.04,0.0,15.15,3.52,671.13,0.0,2.08
256566452065516,850.38,28,65.8,695.76,88.81,654.27,234.21,758.75,0.0,0.0,0.0,0.0,0.0,0.0,3.12,0.0,61.97,0.0,24.17,7.77,680.05,0.0,2.81
256566459501077,583.9,28,7.92,478.23,97.76,475.24,237.75,484.01,0.0,0.0,0.0,0.0,0.0,0.0,1.58,0.0,3.11,0.0,15.18,3.46,692.14,0.0,2.13
256566465982939,791.04,28,9.73,748.39,32.92,653.92,226.1,755.38,0.0,0.0,0.0,0.0,0.0,0.0,1.93,0.0,3.39,0.0,22.07,3.6,690.73,0.0,2.74
256566472326147,707.73,28,11.31,687.24,9.19,688.15,221.56,696.12,0.0,0.0,0.0,0.0,0.0,0.0,2.92,0.0,4.17,0.0,12.93,6.16,702.72,0.0,2.42
256566478877585,422.57,28,8.51,315.35,98.71,313.15,183.52,321.02,0.0,0.0,0.0,0.0,0.0,0.0,1.55,0.0,2.92,0.0,20.68,3.5,639.91,0.0,2.83
256566484620463,312.87,28,8.47,294.74,9.66,293.56,176.5,300.97,0.0,0.0,0.0,0.0,0.0,0.0,2.04,0.0,3.52,0.0,17.66,3.54,655.18,0.0,2.24
256566490954434,801.6,28,11.29,729.47,60.84,634.8,227.53,738.37,0.0,0.0,0.0,0.0,0.0,0.0,1.61,0.0,2.93,0.0,22.37,7.52,694.44,0.0,2.38
256566497893433,897.57,28,13.78,772.75,111.03,649.22,218.2,783.73,0.0,0.0,0.0,0.0,0.0,0.0,1.75,0.0,8.58,0.0,26.93,3.91,688.19,0.0,2.81
256566504932120,762.37,28,7.08,742.24,13.06,655.09,214.41,747.67,0.0,0.0,0.0,0.0,0.0,0.0,1.62,0.0,2.98,0.0,10.24,4.48,651.43,0.0,1.58
256566512067582,251.54,28,7.0,235.57,8.97,233.25,183.87,240.74,0.0,0.0,0.0,0.0,0.0,0.0,1.51,0.0,2.52,0.0,9.4,3.52,681.08,0.0,1.78
256566518031388,806.94,28,7.38,788.3,11.26,684.69,211.53,793.47,0.0,0.0,0.0,0.0,0.0,0.0,1.58,0.0,3.01,0.0,11.95,3.51,702.38,0.0,2.18
256566525515157,588.12,28,7.3,478.66,102.16,476.66,260.94,484.0,0.0,0.0,0.0,0.0,0.0,0.0,1.59,0.0,2.61,0.0,13.64,3.62,692.41,0.0,1.96
256566532032983,879.03,28,8.48,860.67,9.88,752.1,224.45,866.34,0.0,0.0,0.0,0.0,0.0,0.0,1.57,0.0,2.75,0.0,9.86,3.56,716.68,0.0,2.8
256566538388591,650.95,28,14.34,627.11,9.51,627.67,221.92,636.71,0.0,0.0,0.0,0.0,0.0,0.0,1.48,0.0,3.37,0.0,12.97,6.82,720.86,0.0,4.74
256566545032040,791.64,28,7.97,773.84,9.83,679.23,199.87,779.4,0.0,0.0,0.0,0.0,0.0,0.0,1.98,0.0,3.35,0.0,8.96,3.5,660.36,0.0,2.4
256566551354692,241.71,28,8.14,224.97,8.6,222.76,181.05,230.7,0.0,0.0,0.0,0.0,0.0,0.0,1.79,0.0,2.96,0.0,9.31,3.47,682.55,0.0,2.41
256566557079825,785.09,28,7.84,762.09,15.16,670.32,224.78,767.65,0.0,0.0,0.0,0.0,0.0,0.0,1.48,0.0,2.85,0.0,8.7,3.51,719.98,0.0,2.28
256566563529215,573.8,28,9.11,553.94,10.75,552.4,208.13,560.17,0.0,0.0,0.0,0.0,0.0,0.0,1.63,0.0,2.93,0.0,14.41,4.77,669.26,0.0,2.89
256566570084522,825.16,28,8.77,732.77,83.62,645.05,220.91,738.99,0.0,0.0,0.0,0.0,0.0,0.0,1.67,0.0,3.08,0.0,65.73,3.52,700.11,0.0,2.54
256566576365792,253.24,28,7.45,236.93,8.86,234.65,179.4,242.03,0.0,0.0,0.0,0.0,0.0,0.0,1.48,0.0,2.62,0.0,9.82,3.65,683.3,0.0,2.34
256566582550514,860.39,28,7.39,757.42,95.58,657.98,239.68,762.73,0.0,0.0,0.0,0.0,0.0,0.0,1.79,0.0,3.09,0.0,17.95,3.5,688.38,0.0,2.09
256566589453135,623.47,28,8.27,605.29,9.9,602.59,224.27,610.78,0.0,0.0,0.0,0.0,0.0,0.0,1.47,0.0,2.63,0.0,24.82,3.65,664.1,0.0,2.79
256566596020876,801.31,28,8.89,781.93,10.49,677.52,226.06,788.53,0.0,0.0,0.0,0.0,0.0,0.0,2.02,0.0,3.31,0.0,19.62,3.48,684.87,0.0,2.29
256566602904745,391.76,28,12.08,289.29,90.39,290.95,177.84,298.75,0.0,0.0,0.0,0.0,0.0,0.0,1.75,0.0,3.16,0.0,17.94,7.45,676.39,0.0,2.58
256566608694544,240.58,28,8.56,222.92,9.1,220.17,173.75,229.26,0.0,0.0,0.0,0.0,0.0,0.0,1.97,0.0,3.51,0.0,10.15,3.63,647.17,0.0,2.22
256566614391690,314.52,28,7.02,298.28,9.23,296.39,173.21,303.88,0.0,0.0,0.0,0.0,0.0,0.0,1.54,0.0,2.83,0.0,13.95,3.54,641.81,0.0,1.42
256566619999869,752.34,28,10.51,725.94,15.89,636.59,222.39,734.18,0.0,0.0,0.0,0.0,0.0,0.0,2.02,0.0,3.54,0.0,17.19,6.13,701.04,0.0,2.24
256566626990160,762.16,28,8.15,729.28,24.73,644.12,236.02,735.08,0.0,0.0,0.0,0.0,0.0,0.0,1.74,0.0,3.31,0.0,17.6,3.58,712.79,0.0,2.35
256566633945515,809.14,28,7.91,731.21,70.02,647.02,198.82,736.28,0.0,0.0,0.0,0.0,0.0,0.0,1.55,0.0,2.83,0.0,9.79,3.65,677.22,0.0,2.84
256566641030556,329.27,28,8.12,311.61,9.54,308.87,176.53,317.47,0.0,0.0,0.0,0.0,0.0,0.0,1.75,0.0,2.91,0.0,11.37,3.44,650.52,0.0,2.26
256566646723582,429.96,28,56.58,364.15,9.23,406.51,174.13,418.31,0.0,0.0,0.0,0.0,0.0,0.0,2.65,0.0,54.17,0.0,11.02,6.17,653.23,0.0,2.42
256566653005685,267.0,28,13.29,244.41,9.29,247.79,174.17,255.09,0.0,0.0,0.0,0.0,0.0,0.0,7.55,0.0,8.76,0.0,13.51,3.6,668.12,0.0,2.61
256566659163868,783.51,28,8.63,690.04,84.84,642.31,305.71,696.66,0.0,0.0,0.0,0.0,0.0,0.0,2.23,0.0,3.68,0.0,75.2,3.63,711.39,0.0,2.02
256566666088341,762.54,28,8.8,742.03,11.72,658.92,206.28,748.33,0.0,0.0,0.0,0.0,0.0,0.0,1.85,0.0,3.13,0.0,11.0,4.0,682.49,0.0,2.49
256566672932322,854.63,28,7.95,762.58,84.1,647.58,203.95,767.72,0.0,0.0,0.0,0.0,0.0,0.0,1.87,0.0,3.25,0.0,11.88,3.66,688.16,0.0,2.81
256566680424304,844.18,28,8.23,732.79,103.16,656.54,185.7,738.44,0.0,0.0,0.0,0.0,0.0,0.0,1.54,0.0,2.85,0.0,61.55,3.53,592.05,0.0,2.58
256566688110775,881.88,28,9.46,774.25,98.16,678.69,246.82,781.13,0.0,0.0,0.0,0.0,0.0,0.0,1.51,0.0,2.66,0.0,11.42,4.98,701.28,0.0,2.58
256566695671070,517.48,28,9.47,414.62,93.38,414.56,208.48,421.94,0.0,0.0,0.0,0.0,0.0,0.0,1.45,0.0,2.68,0.0,17.23,7.81,696.08,0.0,2.12
256566702038522,808.93,28,11.34,786.99,10.6,690.72,279.62,795.5,0.0,0.0,0.0,0.0,0.0,0.0,1.81,0.0,3.2,0.0,123.74,5.3,678.02,0.0,2.83
256566708363184,320.12,28,11.72,299.67,8.73,298.18,182.53,305.94,0.0,0.0,0.0,0.0,0.0,0.0,1.53,0.0,2.87,0.0,17.13,3.52,647.88,0.0,5.45
256566713998239,777.61,28,9.84,752.99,14.78,651.68,207.4,760.73,0.0,0.0,0.0,0.0,0.0,0.0,1.77,0.0,3.31,0.0,16.09,5.76,694.01,0.0,2.1
256566721004398,791.85,28,10.76,767.0,14.09,674.37,232.04,775.1,0.0,0.0,0.0,0.0,0.0,0.0,2.78,0.0,4.11,0.0,20.36,4.88,705.71,0.0,2.66
256566727885245,402.75,28,9.13,310.77,82.84,309.45,212.39,317.17,0.0,0.0,0.0,0.0,0.0,0.0,1.44,0.0,2.9,0.0,54.43,3.5,641.48,0.0,2.74
256566733686012,261.66,28,7.41,245.25,9.0,243.17,176.56,250.01,0.0,0.0,0.0,0.0,0.0,0.0,1.53,0.0,2.69,0.0,10.17,3.42,678.96,0.0,2.64
256566739294014,715.48,28,10.68,694.36,10.45,672.99,245.44,702.2,0.0,0.0,0.0,0.0,0.0,0.0,3.71,0.0,5.22,0.0,24.46,3.52,702.7,0.0,2.83
256566746029791,796.55,28,7.9,777.45,11.21,677.01,241.29,783.04,0.0,0.0,0.0,0.0,0.0,0.0,1.69,0.0,3.0,0.0,16.0,3.78,720.34,0.0,2.29
256566753005480,828.97,28,9.63,808.5,10.84,724.6,224.04,815.7,0.0,0.0,0.0,0.0,0.0,0.0,1.65,0.0,3.03,0.0,83.22,4.69,649.67,0.0,2.39
256566760064355,795.47,28,8.83,774.26,12.38,681.26,230.87,780.38,0.0,0.0,0.0,0.0,0.0,0.0,1.52,0.0,2.69,0.0,16.35,3.83,703.24,0.0,2.71
256566767004259,772.55,28,8.13,752.32,12.09,651.39,195.46,758.25,0.0,0.0,0.0,0.0,0.0,0.0,1.68,0.0,3.17,0.0,9.33,3.54,682.62,0.0,2.2
256566773955745,808.78,28,8.46,741.04,59.28,649.05,207.28,747.66,0.0,0.0,0.0,0.0,0.0,0.0,1.64,0.0,2.92,0.0,14.46,4.12,689.62,0.0,1.84
256566781064528,802.09,28,8.94,780.46,12.69,684.2,239.56,786.79,0.0,0.0,0.0,0.0,0.0,0.0,1.6,0.0,3.03,0.0,19.21,3.61,692.32,0.0,2.5
256566787973495,769.24,28,9.51,719.19,40.53,652.28,221.5,726.08,0.0,0.0,0.0,0.0,0.0,0.0,2.75,0.0,4.17,0.0,24.58,3.53,704.48,0.0,2.49
256566794956010,827.09,28,9.27,733.34,84.49,645.31,246.59,740.07,0.0,0.0,0.0,0.0,0.0,0.0,1.67,0.0,2.88,0.0,14.1,6.03,740.77,0.0,2.54
256566802004866,794.29,28,11.77,770.35,12.17,678.22,217.37,779.26,0.0,0.0,0.0,0.0,0.0,0.0,1.59,0.0,3.1,0.0,14.91,7.65,683.03,0.0,2.86
256566808367648,270.41,28,13.55,247.95,8.91,252.5,173.15,259.52,0.0,0.0,0.0,0.0,0.0,0.0,1.89,0.0,8.94,0.0,13.93,3.51,654.13,0.0,1.97
256566814023436,769.1,28,7.52,749.81,11.77,656.38,220.45,755.08,0.0,0.0,0.0,0.0,0.0,0.0,1.78,0.0,3.13,0.0,8.78,3.48,702.35,0.0,2.23
256566820957008,952.8,28,8.18,860.67,83.95,646.92,237.51,866.3,0.0,0.0,0.0,0.0,0.0,0.0,1.67,0.0,2.86,0.0,42.06,3.54,686.1,0.0,2.55
256566827402600,638.72,28,8.55,620.05,10.12,617.43,207.32,625.91,0.0,0.0,0.0,0.0,0.0,0.0,1.71,0.0,2.83,0.0,10.19,5.1,675.39,0.0,2.69
256566834004631,785.54,28,9.32,760.2,16.02,675.93,189.47,766.64,0.0,0.0,0.0,0.0,0.0,0.0,1.56,0.0,3.1,0.0,10.35,3.69,658.68,0.0,2.88
256566840886195,390.96,28,8.31,298.82,83.83,296.84,174.37,304.14,0.0,0.0,0.0,0.0,0.0,0.0,1.53,0.0,3.0,0.0,10.34,3.44,660.68,0.0,2.99
256566847034457,789.9,28,7.21,772.16,10.54,674.56,237.6,777.7,0.0,0.0,0.0,0.0,0.0,0.0,1.66,0.0,3.18,0.0,22.75,3.56,717.82,0.0,1.63
256566854106336,760.96,28,9.54,740.44,10.97,640.52,233.29,747.68,0.0,0.0,0.0,0.0,0.0,0.0,2.66,0.0,3.8,0.0,18.35,4.67,676.22,0.0,2.28
256566860944768,1003.37,28,9.48,905.84,88.05,796.32,240.04,912.53,0.0,0.0,0.0,0.0,0.0,0.0,1.68,0.0,3.19,0.0,15.3,3.56,705.28,0.0,2.78
256566868081677,315.43,28,6.69,299.88,8.86,297.68,175.11,304.77,0.0,0.0,0.0,0.0,0.0,0.0,1.68,0.0,2.91,0.0,9.34,3.48,671.48,0.0,1.8
256566874036632,774.11,28,6.24,757.42,10.45,663.42,214.51,761.86,0.0,0.0,0.0,0.0,0.0,0.0,1.71,0.0,2.97,0.0,8.6,3.54,691.26,0.0,1.81
256566880483113,578.87,28,18.74,550.36,9.76,544.38,221.33,556.32,0.0,0.0,0.0,0.0,0.0,0.0,1.48,0.0,2.52,0.0,33.47,4.33,678.09,0.0,12.2
256566887032919,795.57,28,7.59,778.3,9.68,665.28,225.87,783.8,0.0,0.0,0.0,0.0,0.0,0.0,1.5,0.0,2.78,0.0,16.14,3.48,689.03,0.0,2.06
256566893454115,607.17,28,8.46,590.01,8.7,588.41,190.25,596.36,0.0,0.0,0.0,0.0,0.0,0.0,1.63,0.0,2.78,0.0,26.29,3.56,670.08,0.0,2.12
256566899996255,856.58,28,60.62,692.99,102.97,661.55,225.29,751.0,0.0,0.0,0.0,0.0,0.0,0.0,1.59,0.0,3.05,0.0,68.56,57.89,693.61,0.0,2.53
256566906465657,606.64,28,7.02,589.92,9.7,586.31,200.29,595.07,0.0,0.0,0.0,0.0,0.0,0.0,1.61,0.0,2.72,0.0,11.92,3.52,670.79,0.0,1.87
256566913023985,915.68,28,8.25,896.56,10.87,788.19,200.02,902.52,0.0,0.0,0.0,0.0,0.0,0.0,1.76,0.0,3.17,0.0,14.41,4.07,664.27,0.0,2.29
256566920100521,807.27,28,7.65,788.62,11.01,687.76,229.87,794.65,0.0,0.0,0.0,0.0,0.0,0.0,1.54,0.0,2.69,0.0,13.78,4.18,702.51,0.0,1.61
256566926980130,271.09,28,10.56,225.81,34.72,222.78,183.01,231.78,0.0,0.0,0.0,0.0,0.0,0.0,1.79,0.0,3.27,0.0,12.78,3.59,662.44,0.0,4.59
256566932690959,239.81,28,7.66,222.39,9.76,218.89,196.04,227.63,0.0,0.0,0.0,0.0,0.0,0.0,1.64,0.0,2.83,0.0,35.61,3.66,668.1,0.0,2.42
256566938906118,878.54,28,9.06,764.13,105.34,665.65,250.48,770.84,0.0,0.0,0.0,0.0,0.0,0.0,1.85,0.0,3.21,0.0,89.9,3.49,676.16,0.0,2.36
256566945927435,250.42,28,8.72,232.25,9.45,230.19,183.05,237.87,0.0,0.0,0.0,0.0,0.0,0.0,1.8,0.0,3.07,0.0,8.66,3.66,666.3,0.0,3.03
256566952014640,311.74,28,9.16,294.11,8.47,292.28,175.19,300.07,0.0,0.0,0.0,0.0,0.0,0.0,1.7,0.0,2.99,0.0,14.43,3.53,654.84,0.0,3.15
256566957725332,254.31,28,8.44,236.59,9.28,233.46,184.0,241.93,0.0,0.0,0.0,0.0,0.0,0.0,1.45,0.0,2.6,0.0,12.54,3.58,678.04,0.0,3.07
256566963832412,416.44,28,20.31,306.72,89.42,302.72,207.78,314.23,0.0,0.0,0.0,0.0,0.0,0.0,2.48,0.0,3.56,0.0,58.06,4.14,655.03,0.0,12.6
256566970031113,1665.51,28,6.54,615.27,1043.69,521.63,173.6,620.59,0.0,0.0,0.0,0.0,0.0,0.0,1.65,0.0,2.9,0.0,9.37,3.53,659.29,0.0,1.23
256566978050096,320.71,28,8.34,302.69,9.69,299.94,176.17,308.61,0.0,0.0,0.0,0.0,0.0,0.0,2.15,0.0,3.28,0.0,10.17,3.43,660.64,0.0,2.39
256566983703503,238.26,28,6.89,220.22,11.15,217.23,180.69,225.06,0.0,0.0,0.0,0.0,0.0,0.0,1.59,0.0,2.83,0.0,10.88,3.4,665.66,0.0,2.04
256566989887717,326.73,28,9.16,222.99,94.58,221.65,176.56,229.63,0.0,0.0,0.0,0.0,0.0,0.0,1.87,0.0,3.02,0.0,13.82,4.84,649.43,0.0,2.5
256566996194669,813.38,28,24.58,696.09,92.71,662.09,238.66,703.29,0.0,0.0,0.0,0.0,0.0,0.0,1.73,0.0,2.94,0.0,12.74,5.52,685.13,0.0,16.59
256567002992716,889.75,28,8.13,825.27,56.35,676.39,199.5,830.97,0.0,0.0,0.0,0.0,0.0,0.0,1.63,0.0,2.96,0.0,13.72,3.53,667.58,0.0,2.42
256567010719701,424.01,28,14.05,302.98,106.98,301.69,182.71,311.69,0.0,0.0,0.0,0.0,0.0,0.0,1.51,0.0,2.55,0.0,28.93,7.01,653.21,0.0,5.34
256567016528553,575.2,28,181.2,384.73,9.27,556.13,335.15,563.92,0.0,0.0,0.0,0.0,0.0,0.0,1.71,0.0,2.95,0.0,192.6,180.05,694.18,0.0,2.01
256567023010861,911.5,28,52.77,842.98,15.75,795.33,189.87,893.44,0.0,0.0,0.0,0.0,0.0,0.0,45.56,0.0,46.97,0.0,12.34,4.34,671.91,0.0,2.31
256567029938816,847.29,28,9.26,762.2,75.83,659.48,243.59,768.28,0.0,0.0,0.0,0.0,0.0,0.0,1.59,0.0,3.03,0.0,31.44,3.97,683.06,0.0,3.05
256567036924570,942.48,28,8.94,845.2,88.34,744.16,211.46,851.99,0.0,0.0,0.0,0.0,0.0,0.0,1.71,0.0,3.34,0.0,21.33,3.92,670.62,0.0,2.12
256567044027207,315.97,28,7.51,300.03,8.42,296.71,170.21,305.45,0.0,0.0,0.0,0.0,0.0,0.0,1.93,0.0,3.06,0.0,9.28,3.46,659.44,0.0,2.09
256567050237163,876.98,28,8.69,785.88,82.41,684.08,228.12,792.41,0.0,0.0,0.0,0.0,0.0,0.0,1.69,0.0,3.06,0.0,12.16,3.75,717.56,0.0,2.17
256567057852776,401.92,28,8.95,299.27,93.7,298.13,188.53,305.52,0.0,0.0,0.0,0.0,0.0,0.0,1.35,0.0,2.75,0.0,21.9,3.49,643.64,0.0,2.7
256567064026723,894.81,28,8.73,874.32,11.75,647.77,232.68,880.5,0.0,0.0,0.0,0.0,0.0,0.0,1.55,0.0,2.86,0.0,18.8,4.03,676.76,0.0,2.53
256567071175085,862.47,28,9.43,768.55,84.49,679.76,233.54,775.28,0.0,0.0,0.0,0.0,0.0,0.0,1.57,0.0,2.78,0.0,74.11,3.95,677.72,0.0,2.69
256567078247425,766.08,28,8.64,748.05,9.39,746.19,214.47,754.04,0.0,0.0,0.0,0.0,0.0,0.0,1.75,0.0,2.92,0.0,18.93,3.82,652.67,0.0,2.64
256567084936008,880.12,28,9.19,790.74,80.19,683.09,208.8,797.2,0.0,0.0,0.0,0.0,0.0,0.0,1.48,0.0,2.84,0.0,16.96,3.67,670.14,0.0,2.69
256567091990079,1017.75,28,10.98,996.71,10.05,713.78,249.44,1002.5,0.0,0.0,0.0,0.0,0.0,0.0,1.64,0.0,2.87,0.0,25.35,3.67,684.84,0.0,5.13
256567099005371,811.94,28,51.23,749.52,11.2,694.78,242.91,798.16,0.0,0.0,0.0,0.0,0.0,0.0,2.53,0.0,4.3,0.0,64.33,49.15,709.19,0.0,2.59
256567105968966,289.23,28,7.26,273.04,8.93,270.25,172.8,278.42,0.0,0.0,0.0,0.0,0.0,0.0,1.54,0.0,2.68,0.0,8.22,3.39,657.25,0.0,1.88
256567111633412,331.19,28,11.36,310.8,9.04,308.6,177.12,316.96,0.0,0.0,0.0,0.0,0.0,0.0,1.8,0.0,3.04,0.0,15.67,3.58,664.22,0.0,5.19
256567118023278,809.09,28,9.78,789.09,10.23,675.99,205.86,796.29,0.0,0.0,0.0,0.0,0.0,0.0,1.69,0.0,2.88,0.0,9.63,4.35,678.14,0.0,2.56
256567125010849,807.15,28,10.0,786.82,10.32,696.3,224.36,794.55,0.0,0.0,0.0,0.0,0.0,0.0,1.56,0.0,3.28,0.0,58.78,5.73,686.5,0.0,2.27
256567131381049,675.44,28,7.64,658.63,9.17,652.71,216.62,663.53,0.0,0.0,0.0,0.0,0.0,0.0,1.81,0.0,3.0,0.0,14.55,3.63,661.49,0.0,2.74
256567137979368,833.1,28,24.44,773.16,35.5,683.55,269.35,783.1,0.0,0.0,0.0,0.0,0.0,0.0,3.12,0.0,5.68,0.0,12.32,6.87,722.12,0.0,14.48
256567145739547,450.5,28,7.75,340.31,102.45,337.25,183.8,345.6,0.0,0.0,0.0,0.0,0.0,0.0,1.72,0.0,3.14,0.0,17.94,3.5,646.38,0.0,2.46
256567151581017,264.06,28,8.05,247.14,8.86,245.53,178.59,253.19,0.0,0.0,0.0,0.0,0.0,0.0,1.81,0.0,3.31,0.0,13.38,3.54,668.9,0.0,2.01
256567157829277,414.56,28,9.08,305.09,100.4,302.62,185.54,311.45,0.0,0.0,0.0,0.0,0.0,0.0,1.95,0.0,3.25,0.0,25.15,5.56,646.28,0.0,2.71
256567164026397,757.63,28,8.52,738.77,10.34,644.36,228.21,744.87,0.0,0.0,0.0,0.0,0.0,0.0,1.94,0.0,3.78,0.0,24.91,3.52,662.77,0.0,2.42
256567170331373,678.11,28,8.22,658.31,11.58,646.3,235.42,664.65,0.0,0.0,0.0,0.0,0.0,0.0,1.54,0.0,2.9,0.0,22.6,4.02,685.64,0.0,1.88
256567176944810,834.54,28,8.99,754.6,70.94,663.98,208.56,761.02,0.0,0.0,0.0,0.0,0.0,0.0,1.61,0.0,2.75,0.0,53.36,3.67,662.78,0.0,2.58
256567183995916,816.21,28,9.38,790.75,16.08,678.8,214.31,797.53,0.0,0.0,0.0,0.0,0.0,0.0,1.81,0.0,4.02,0.0,12.33,3.56,680.92,0.0,2.6
256567191690542,459.98,28,7.91,339.61,112.46,337.04,209.18,345.08,0.0,0.0,0.0,0.0,0.0,0.0,1.47,0.0,2.82,0.0,12.06,3.48,685.72,0.0,2.41
256567198017841,759.47,28,9.33,738.87,11.27,649.19,178.76,745.52,0.0,0.0,0.0,0.0,0.0,0.0,1.82,0.0,3.25,0.0,27.83,4.41,711.92,0.0,2.68
256567204463496,643.67,28,61.03,572.23,10.41,621.26,225.52,630.22,0.0,0.0,0.0,0.0,0.0,0.0,5.62,0.0,56.49,0.0,24.38,4.35,683.23,0.0,2.84
256567211044484,867.07,28,10.01,760.28,96.78,650.48,193.25,767.55,0.0,0.0,0.0,0.0,0.0,0.0,1.53,0.0,3.0,0.0,22.98,5.05,641.62,0.0,2.73
256567217407064,320.78,28,8.4,302.2,10.17,300.04,172.59,307.84,0.0,0.0,0.0,0.0,0.0,0.0,1.56,0.0,2.86,0.0,13.83,3.58,643.57,0.0,2.77
256567223696656,429.78,28,8.74,337.67,83.38,336.33,219.19,343.55,0.0,0.0,0.0,0.0,0.0,0.0,1.77,0.0,3.15,0.0,8.84,3.54,699.59,0.0,2.84
256567230340207,904.07,28,9.23,797.12,97.72,683.69,228.87,803.88,0.0,0.0,0.0,0.0,0.0,0.0,2.06,0.0,3.18,0.0,19.41,3.57,695.78,0.0,2.47
256567237918503,320.36,28,9.33,219.68,91.35,218.16,176.9,226.12,0.0,0.0,0.0,0.0,0.0,0.0,1.57,0.0,2.98,0.0,9.76,3.45,646.65,0.0,2.89
256567244025391,252.79,28,12.4,229.95,10.44,228.22,186.11,236.0,0.0,0.0,0.0,0.0,0.0,0.0,1.72,0.0,3.49,0.0,17.32,3.4,691.03,0.0,6.35
256567250031957,798.39,28,50.0,737.87,10.53,674.5,220.75,785.26,0.0,0.0,0.0,0.0,0.0,0.0,1.6,0.0,3.04,0.0,55.56,48.94,663.49,0.0,2.6
256567257026558,270.97,28,8.2,253.01,9.76,250.76,182.17,258.85,0.0,0.0,0.0,0.0,0.0,0.0,2.0,0.0,3.39,0.0,12.01,3.47,663.08,0.0,2.36
256567263037954,858.41,28,7.86,840.25,10.3,750.79,242.81,845.65,0.0,0.0,0.0,0.0,0.0,0.0,1.84,0.0,3.17,0.0,9.0,3.64,709.33,0.0,2.46
256567269998458,863.84,28,8.58,755.65,99.61,659.53,242.66,761.19,0.0,0.0,0.0,0.0,0.0,0.0,1.71,0.0,3.29,0.0,8.99,3.99,708.38,0.0,3.02
256567276961477,852.52,28,15.0,780.25,57.26,690.37,224.82,785.68,0.0,0.0,0.0,0.0,0.0,0.0,1.79,0.0,3.31,0.0,11.79,3.96,659.18,0.0,8.47
256567284129266,772.41,28,9.43,752.39,10.59,657.1,200.04,759.21,0.0,0.0,0.0,0.0,0.0,0.0,1.73,0.0,2.98,0.0,13.65,3.84,661.55,0.0,2.6
256567290931108,1130.57,28,8.13,1037.96,84.49,679.07,249.49,1043.79,0.0,0.0,0.0,0.0,0.0,0.0,1.51,0.0,3.0,0.0,29.44,3.58,735.41,0.0,2.29
256567298834644,415.32,28,9.08,308.61,97.62,306.36,180.18,315.14,0.0,0.0,0.0,0.0,0.0,0.0,1.58,0.0,2.83,0.0,20.9,3.69,628.19,0.0,2.56
256567304705665,405.03,28,8.16,387.62,9.25,385.87,239.43,393.62,0.0,0.0,0.0,0.0,0.0,0.0,1.51,0.0,2.83,0.0,65.07,3.79,707.62,0.0,2.15
256567310636187,314.64,28,8.86,296.15,9.63,294.78,180.38,302.04,0.0,0.0,0.0,0.0,0.0,0.0,1.56,0.0,3.14,0.0,13.4,3.49,666.86,0.0,2.97
256567316900086,341.81,28,11.4,237.96,92.46,229.13,174.51,243.3,0.0,0.0,0.0,0.0,0.0,0.0,1.47,0.0,2.89,0.0,18.2,3.53,662.07,0.0,5.19
256567322687274,423.87,28,7.9,406.55,9.42,402.62,241.66,411.51,0.0,0.0,0.0,0.0,0.0,0.0,1.69,0.0,2.99,0.0,13.54,3.52,708.26,0.0,2.92
256567329064793,905.39,28,11.05,802.16,92.18,668.05,199.13,810.76,0.0,0.0,0.0,0.0,0.0,0.0,1.62,0.0,3.31,0.0,19.66,6.38,645.88,0.0,2.45
256567336921447,862.47,28,12.26,764.93,85.28,644.29,232.86,772.22,0.0,0.0,0.0,0.0,0.0,0.0,3.47,0.0,4.91,0.0,25.91,3.58,666.24,0.0,4.71
256567344054762,313.59,28,7.42,296.68,9.48,292.06,178.42,301.65,0.0,0.0,0.0,0.0,0.0,0.0,1.9,0.0,3.15,0.0,9.55,3.54,668.37,0.0,2.45
256567350033050,854.11,28,50.16,791.93,12.01,724.07,261.99,840.16,0.0,0.0,0.0,0.0,0.0,0.0,3.89,0.0,47.33,0.0,9.13,3.52,723.48,0.0,1.94
256567357212819,324.61,28,8.84,298.34,17.43,0.0,175.88,304.59,0.0,0.0,0.0,0.0,0.0,0.0,1.66,0.0,2.96,0.0,14.54,3.48,663.65,0.0,2.56
256567362952298,313.78,28,7.01,297.43,9.34,292.63,174.21,302.3,0.0,0.0,0.0,0.0,0.0,0.0,1.58,0.0,2.8,0.0,9.13,3.44,669.19,0.0,2.13
256567369156011,850.07,28,8.34,751.5,90.23,646.53,236.94,757.46,0.0,0.0,0.0,0.0,0.0,0.0,1.75,0.0,3.01,0.0,10.31,3.87,692.73,0.0,2.38
256567375990512,873.73,28,7.31,840.65,25.78,713.93,211.23,845.9,0.0,0.0,0.0,0.0,0.0,0.0,1.63,0.0,3.15,0.0,9.28,3.51,680.19,0.0,2.05
256567382395113,644.69,28,8.94,627.28,8.46,624.37,237.57,632.55,0.0,0.0,0.0,0.0,0.0,0.0,1.48,0.0,2.68,0.0,23.07,3.51,664.6,0.0,3.49
256567389033872,805.08,28,9.14,784.0,11.93,686.04,222.51,790.62,0.0,0.0,0.0,0.0,0.0,0.0,1.8,0.0,3.2,0.0,23.56,4.19,654.88,0.0,2.52
256567396005460,770.85,28,7.68,751.32,11.86,653.86,198.67,756.69,0.0,0.0,0.0,0.0,0.0,0.0,1.71,0.0,2.94,0.0,9.9,3.48,692.52,0.0,2.31
256567403050252,814.81,28,9.29,796.18,9.34,678.21,209.03,803.12,0.0,0.0,0.0,0.0,0.0,0.0,2.08,0.0,3.4,0.0,10.05,4.43,690.81,0.0,2.35
256567409397688,310.03,28,7.19,294.61,8.23,291.52,175.88,299.74,0.0,0.0,0.0,0.0,0.0,0.0,1.87,0.0,3.08,0.0,8.02,3.43,664.05,0.0,2.07
256567415809282,877.01,28,7.77,776.2,93.04,671.0,238.38,781.63,0.0,0.0,0.0,0.0,0.0,0.0,1.75,0.0,3.1,0.0,23.29,3.47,693.77,0.0,2.33
256567423052544,792.35,28,8.27,671.79,112.29,0.0,233.57,678.31,0.0,0.0,0.0,0.0,0.0,0.0,1.75,0.0,2.98,0.0,29.57,3.55,662.88,0.0,1.74
256567429934609,935.81,28,29.08,827.73,79.0,736.22,250.2,836.12,0.0,0.0,0.0,0.0,0.0,0.0,4.36,0.0,5.96,0.0,24.16,3.52,675.97,0.0,20.49
256567437019798,252.28,28,7.65,235.06,9.58,232.05,176.35,240.5,0.0,0.0,0.0,0.0,0.0,0.0,1.57,0.0,2.9,0.0,9.52,3.57,680.33,0.0,2.2
256567443046373,812.42,28,9.28,789.76,13.38,672.41,231.61,796.47,0.0,0.0,0.0,0.0,0.0,0.0,1.84,0.0,3.07,0.0,27.04,3.65,701.79,0.0,2.56
256567449974962,899.95,28,9.82,785.2,104.93,678.37,223.58,792.01,0.0,0.0,0.0,0.0,0.0,0.0,1.58,0.0,2.92,0.0,21.96,4.46,663.85,0.0,2.88
256567457773063,393.45,28,31.78,265.47,96.21,258.71,181.41,272.54,0.0,0.0,0.0,0.0,0.0,0.0,1.42,0.0,2.52,0.0,25.41,5.57,636.54,0.0,23.99
256567463577440,510.99,28,8.24,494.29,8.46,492.69,221.38,500.03,0.0,0.0,0.0,0.0,0.0,0.0,1.82,0.0,2.92,0.0,13.32,3.51,683.25,0.0,2.5
256567469531457,231.75,28,7.46,215.24,9.06,212.57,176.26,220.49,0.0,0.0,0.0,0.0,0.0,0.0,1.72,0.0,3.23,0.0,8.91,3.47,672.53,0.0,2.2
256567475783165,419.57,28,8.59,310.48,100.5,0.0,183.65,316.27,0.0,0.0,0.0,0.0,0.0,0.0,1.8,0.0,3.52,0.0,26.26,3.55,662.73,0.0,2.8
256567482026827,778.45,28,10.41,649.01,119.03,0.0,219.94,656.64,0.0,0.0,0.0,0.0,0.0,0.0,1.62,0.0,3.19,0.0,17.09,4.5,736.22,0.0,2.77
256567489068310,285.08,28,6.62,260.09,18.37,0.0,175.83,265.35,0.0,0.0,0.0,0.0,0.0,0.0,1.63,0.0,2.83,0.0,8.7,3.36,674.37,0.0,1.36
256567495041286,250.47,28,7.56,233.08,9.83,230.59,176.67,238.36,0.0,0.0,0.0,0.0,0.0,0.0,1.64,0.0,2.98,0.0,9.8,3.77,670.38,0.0,2.26
256567501031007,731.14,28,7.31,713.57,10.26,659.09,216.35,718.75,0.0,0.0,0.0,0.0,0.0,0.0,1.52,0.0,2.83,0.0,13.18,3.48,678.29,0.0,2.13
256567507974359,887.28,28,11.06,788.57,87.65,690.71,205.64,796.45,0.0,0.0,0.0,0.0,0.0,0.0,1.8,0.0,2.96,0.0,23.92,5.39,671.86,0.0,3.18
256567515540706,935.52,28,7.95,835.71,91.86,725.08,238.38,841.48,0.0,0.0,0.0,0.0,0.0,0.0,1.58,0.0,2.94,0.0,8.95,4.21,699.98,0.0,1.94
256567522764834,241.93,28,8.13,223.38,10.42,218.4,158.14,229.13,0.0,0.0,0.0,0.0,0.0,0.0,1.69,0.0,3.07,0.0,10.82,3.48,661.53,0.0,2.38
256567528990153,804.24,28,61.85,715.51,26.88,668.27,219.73,774.84,0.0,0.0,0.0,0.0,0.0,0.0,2.54,0.0,58.25,0.0,11.45,4.66,686.17,0.0,2.52
256567536005960,792.2,28,6.93,774.88,10.39,678.54,185.8,779.75,0.0,0.0,0.0,0.0,0.0,0.0,1.65,0.0,3.25,0.0,9.22,3.44,653.26,0.0,2.07
256567543038362,841.8,28,11.07,818.38,12.35,728.52,212.22,826.99,0.0,0.0,0.0,0.0,0.0,0.0,1.93,0.0,3.38,0.0,19.14,6.97,691.9,0.0,2.47
256567549421009,242.44,28,7.95,224.66,9.84,223.41,175.69,230.12,0.0,0.0,0.0,0.0,0.0,0.0,1.82,0.0,3.26,0.0,10.66,3.54,665.38,0.0,2.48
256567555085831,248.03,28,7.11,231.05,9.87,229.14,173.79,236.33,0.0,0.0,0.0,0.0,0.0,0.0,1.58,0.0,2.92,0.0,9.66,3.57,659.17,0.0,1.83
256567561035644,783.98,28,7.62,766.07,10.29,666.32,185.22,771.87,0.0,0.0,0.0,0.0,0.0,0.0,1.81,0.0,3.06,0.0,8.36,3.96,650.28,0.0,1.8
256567567422996,880.52,28,7.5,736.79,136.23,0.0,211.66,742.34,0.0,0.0,0.0,0.0,0.0,0.0,1.6,0.0,2.78,0.0,21.57,3.55,642.24,0.0,1.96
256567574399399,266.86,28,8.47,249.03,9.36,248.1,176.36,255.13,0.0,0.0,0.0,0.0,0.0,0.0,1.68,0.0,3.19,0.0,13.59,3.54,665.36,0.0,2.37
256567580113991,320.97,28,7.65,296.06,17.26,0.0,172.31,301.34,0.0,0.0,0.0,0.0,0.0,0.0,1.37,0.0,2.6,0.0,12.96,3.57,657.46,0.0,2.36
256567586033870,782.24,28,7.8,763.62,10.82,665.36,211.28,769.0,0.0,0.0,0.0,0.0,0.0,0.0,1.75,0.0,2.98,0.0,13.7,3.51,693.28,0.0,2.36
256567593027171,258.34,28,8.6,239.32,10.42,237.78,179.0,245.3,0.0,0.0,0.0,0.0,0.0,0.0,1.84,0.0,3.13,0.0,15.44,3.45,670.12,0.0,2.62
256567598740497,383.54,28,12.37,355.67,15.5,0.0,255.09,363.01,0.0,0.0,0.0,0.0,0.0,0.0,3.29,0.0,4.54,0.0,98.43,3.8,614.53,0.0,5.03
256567604521191,555.64,28,8.13,537.63,9.87,533.04,241.86,542.99,0.0,0.0,0.0,0.0,0.0,0.0,1.49,0.0,2.51,0.0,9.66,4.53,694.99,0.0,2.78
256567611030640,781.71,28,7.92,763.77,10.02,671.34,187.58,768.83,0.0,0.0,0.0,0.0,0.0,0.0,1.56,0.0,2.73,0.0,8.38,3.55,663.82,0.0,2.79
256567617390429,652.88,28,8.36,627.54,16.98,0.0,246.58,633.61,0.0,0.0,0.0,0.0,0.0,0.0,1.87,0.0,3.2,0.0,15.07,3.63,696.89,0.0,2.29
256567623508457,574.97,28,9.8,540.24,24.92,0.0,283.03,547.6,0.0,0.0,0.0,0.0,0.0,0.0,2.27,0.0,3.71,0.0,83.64,4.41,653.32,0.0,2.45
256567629516683,1412.0,28,6.25,361.67,1044.08,272.5,168.18,366.57,0.0,0.0,0.0,0.0,0.0,0.0,1.56,0.0,2.73,0.0,8.86,3.62,650.95,0.0,1.35
256567636961312,812.05,28,10.47,748.33,53.26,648.12,216.46,756.26,0.0,0.0,0.0,0.0,0.0,0.0,2.96,0.0,4.73,0.0,62.05,3.75,669.89,0.0,2.53
256567643463769,321.09,28,8.45,303.65,8.99,302.41,186.29,309.39,0.0,0.0,0.0,0.0,0.0,0.0,1.67,0.0,2.9,0.0,12.15,3.54,661.89,0.0,2.72
256567649252855,269.16,28,8.99,250.95,9.21,250.21,188.98,257.29,0.0,0.0,0.0,0.0,0.0,0.0,1.64,0.0,3.22,0.0,28.29,3.68,666.15,0.0,2.66
256567655053553,250.72,28,6.66,234.81,9.24,231.55,176.47,239.29,0.0,0.0,0.0,0.0,0.0,0.0,1.36,0.0,2.43,0.0,8.84,3.54,683.34,0.0,2.18
256567661030521,322.29,28,8.46,297.38,16.45,0.0,178.3,303.7,0.0,0.0,0.0,0.0,0.0,0.0,1.94,0.0,3.43,0.0,13.46,3.46,653.79,0.0,2.14
256567667033138,755.78,28,6.75,734.42,14.6,644.92,198.21,739.84,0.0,0.0,0.0,0.0,0.0,0.0,1.62,0.0,2.87,0.0,11.24,4.3,690.49,0.0,1.34
256567674086668,240.81,28,6.59,224.36,9.85,221.42,187.83,229.31,0.0,0.0,0.0,0.0,0.0,0.0,1.57,0.0,2.9,0.0,21.08,3.44,669.92,0.0,1.63
256567679757402,369.68,28,9.09,342.54,18.06,0.0,233.61,348.93,0.0,0.0,0.0,0.0,0.0,0.0,1.63,0.0,2.81,0.0,15.78,5.0,687.37,0.0,2.46
256567686030471,233.69,28,7.14,217.35,9.19,213.66,171.02,222.47,0.0,0.0,0.0,0.0,0.0,0.0,1.67,0.0,3.01,0.0,10.36,3.54,651.69,0.0,2.02
256567692034215,241.19,28,11.13,220.71,9.35,218.0,179.06,226.3,0.0,0.0,0.0,0.0,0.0,0.0,1.65,0.0,2.83,0.0,17.13,3.44,666.43,0.0,5.54
256567698032895,247.14,28,17.01,221.55,8.58,228.26,176.98,235.78,0.0,0.0,0.0,0.0,0.0,0.0,1.74,0.0,3.37,0.0,23.21,12.93,654.4,0.0,2.78
256567703739966,425.54,28,8.47,406.94,10.13,405.6,222.92,413.15,0.0,0.0,0.0,0.0,0.0,0.0,1.6,0.0,3.06,0.0,19.36,4.38,695.78,0.0,2.26
256567710029856,795.31,28,8.7,665.69,120.93,0.0,216.48,672.56,0.0,0.0,0.0,0.0,0.0,0.0,1.84,0.0,3.11,0.0,19.26,4.36,663.47,0.0,1.82
256567717780031,912.32,28,73.46,746.67,92.19,690.22,236.26,817.16,0.0,0.0,0.0,0.0,0.0,0.0,4.05,0.0,69.84,0.0,22.99,4.71,698.06,0.0,2.71
256567724958522,922.8,28,50.65,813.87,58.28,753.32,221.31,862.02,0.0,0.0,0.0,0.0,0.0,0.0,3.92,0.0,46.35,0.0,18.02,3.55,655.62,0.0,2.44
256567732017203,253.62,28,13.57,230.5,9.56,234.12,172.02,241.86,0.0,0.0,0.0,0.0,0.0,0.0,8.06,0.0,9.21,0.0,8.56,3.48,658.61,0.0,2.2
256567738027448,741.2,28,25.14,706.36,9.7,646.48,259.22,715.53,0.0,0.0,0.0,0.0,0.0,0.0,4.11,0.0,6.2,0.0,30.73,6.48,729.06,0.0,15.32
256567744755431,369.92,28,11.04,348.03,10.85,348.85,225.64,356.61,0.0,0.0,0.0,0.0,0.0,0.0,2.09,0.0,3.42,0.0,30.61,5.16,634.44,0.0,2.46
256567751023544,1025.01,28,9.59,639.38,376.04,0.0,233.8,646.91,0.0,0.0,0.0,0.0,0.0,0.0,1.79,0.0,2.91,0.0,22.54,5.31,686.77,0.0,2.02
256567758225652,1003.16,28,28.47,755.29,219.39,0.0,236.3,761.22,0.0,0.0,0.0,0.0,0.0,0.0,1.79,0.0,2.79,0.0,21.86,3.53,703.05,0.0,22.16
256567765857043,321.89,28,8.18,219.51,94.19,218.01,179.61,225.7,0.0,0.0,0.0,0.0,0.0,0.0,1.76,0.0,3.33,0.0,13.52,3.59,658.7,0.0,2.0
256567772027783,794.44,28,8.44,772.83,13.17,676.11,215.6,779.35,0.0,0.0,0.0,0.0,0.0,0.0,1.57,0.0,2.79,0.0,14.99,4.74,686.02,0.0,1.89
256567779133718,909.99,28,8.52,801.56,99.91,727.65,203.89,807.9,0.0,0.0,0.0,0.0,0.0,0.0,2.44,0.0,3.74,0.0,11.29,3.49,697.6,0.0,2.17
256567786752936,402.59,28,7.85,298.76,95.98,295.39,174.96,304.02,0.0,0.0,0.0,0.0,0.0,0.0,2.09,0.0,3.09,0.0,7.73,3.4,671.72,0.0,2.54
256567793025595,773.03,28,7.68,754.15,11.21,642.97,215.05,759.84,0.0,0.0,0.0,0.0,0.0,0.0,1.72,0.0,2.96,0.0,18.04,3.5,658.92,0.0,1.99
256567799480774,271.28,28,11.55,250.08,9.65,248.02,187.07,256.44,0.0,0.0,0.0,0.0,0.0,0.0,1.6,0.0,2.8,0.0,16.17,3.58,666.01,0.0,5.19
256567805862954,412.64,28,9.25,306.32,97.07,304.96,190.76,312.58,0.0,0.0,0.0,0.0,0.0,0.0,1.46,0.0,2.86,0.0,8.63,3.53,670.22,0.0,2.87
256567811786192,263.0,28,7.78,245.77,9.45,243.54,174.19,251.54,0.0,0.0,0.0,0.0,0.0,0.0,1.78,0.0,2.95,0.0,8.74,3.46,672.46,0.0,2.0
256567818004579,854.67,28,7.5,835.95,11.22,737.07,267.97,841.28,0.0,0.0,0.0,0.0,0.0,0.0,1.6,0.0,3.25,0.0,26.4,3.7,707.24,0.0,2.08
256567825031892,777.54,28,7.47,759.37,10.69,638.26,215.33,763.89,0.0,0.0,0.0,0.0,0.0,0.0,1.62,0.0,2.74,0.0,10.97,3.94,684.53,0.0,2.75
256567831410646,639.25,28,8.83,620.94,9.48,619.14,211.38,628.04,0.0,0.0,0.0,0.0,0.0,0.0,1.69,0.0,2.97,0.0,12.13,5.47,677.91,0.0,1.73
256567838006132,801.46,28,10.2,780.25,11.01,670.64,225.79,788.01,0.0,0.0,0.0,0.0,0.0,0.0,2.16,0.0,3.4,0.0,21.5,4.43,680.87,0.0,2.44
256567845103873,233.33,28,7.28,217.07,8.98,214.79,173.1,222.48,0.0,0.0,0.0,0.0,0.0,0.0,1.81,0.0,3.19,0.0,8.62,3.5,666.04,0.0,1.86
256567851032761,778.52,28,9.71,757.04,11.77,647.36,214.32,764.13,0.0,0.0,0.0,0.0,0.0,0.0,1.68,0.0,2.99,0.0,12.2,4.6,675.7,0.0,2.6
256567858004855,790.45,28,16.52,666.02,107.91,0.0,217.48,675.8,0.0,0.0,0.0,0.0,0.0,0.0,2.85,0.0,4.15,0.0,13.28,8.32,658.58,0.0,6.09
256567864975042,831.16,28,8.73,664.32,158.1,0.0,215.72,670.37,0.0,0.0,0.0,0.0,0.0,0.0,1.71,0.0,3.16,0.0,8.61,3.47,688.11,0.0,2.69
256567871448058,335.85,28,7.1,319.46,9.29,311.46,176.76,324.74,0.0,0.0,0.0,0.0,0.0,0.0,1.64,0.0,3.03,0.0,11.03,3.47,662.58,0.0,1.78
256567877884597,427.64,28,22.07,296.07,109.5,298.67,179.78,306.74,0.0,0.0,0.0,0.0,0.0,0.0,1.79,0.0,3.09,0.0,19.48,9.43,646.33,0.0,11.4
256567884036978,762.28,28,7.0,744.62,10.66,650.18,206.97,750.05,0.0,0.0,0.0,0.0,0.0,0.0,1.65,0.0,3.38,0.0,11.2,3.43,693.53,0.0,1.57
256567891017794,268.77,28,7.38,243.66,17.73,0.0,186.97,248.46,0.0,0.0,0.0,0.0,0.0,0.0,1.57,0.0,2.75,0.0,11.73,3.55,677.22,0.0,2.48
256567897153637,320.01,28,7.43,220.77,91.81,217.09,180.66,226.16,0.0,0.0,0.0,0.0,0.0,0.0,1.68,0.0,3.25,0.0,9.79,3.51,682.51,0.0,1.9
256567903051099,314.74,28,7.32,298.5,8.92,295.59,177.28,303.72,0.0,0.0,0.0,0.0,0.0,0.0,1.51,0.0,2.67,0.0,9.53,3.43,675.44,0.0,2.06
256567909031547,797.81,28,7.4,671.52,118.89,0.0,215.62,677.22,0.0,0.0,0.0,0.0,0.0,0.0,1.45,0.0,3.03,0.0,9.8,3.5,667.67,0.0,1.65
256567916097151,884.89,28,67.46,609.35,208.08,0.0,251.53,674.24,0.0,0.0,0.0,0.0,0.0,0.0,5.14,0.0,64.09,0.0,26.02,3.6,720.61,0.0,2.45
256567923822955,398.33,28,8.81,306.05,83.47,304.01,183.37,312.15,0.0,0.0,0.0,0.0,0.0,0.0,1.77,0.0,3.45,0.0,9.27,4.23,648.57,0.0,2.71
256567929678380,329.39,28,8.04,299.89,21.45,0.0,176.46,305.56,0.0,0.0,0.0,0.0,0.0,0.0,1.61,0.0,3.05,0.0,14.7,3.58,658.5,0.0,2.34
256567936014951,763.44,28,7.97,743.23,12.24,638.82,237.32,748.99,0.0,0.0,0.0,0.0,0.0,0.0,1.65,0.0,3.08,0.0,14.18,3.52,716.44,0.0,2.21
256567943044283,246.62,28,6.69,230.46,9.47,228.17,179.82,235.32,0.0,0.0,0.0,0.0,0.0,0.0,1.44,0.0,2.88,0.0,11.08,3.47,672.84,0.0,1.7
256567949028789,788.6,28,7.74,645.69,135.17,0.0,220.62,651.33,0.0,0.0,0.0,0.0,0.0,0.0,1.83,0.0,3.22,0.0,13.11,3.6,690.44,0.0,2.02
256567956082317,319.95,28,7.35,302.99,9.61,301.27,175.18,308.75,0.0,0.0,0.0,0.0,0.0,0.0,1.71,0.0,2.95,0.0,10.91,3.5,667.81,0.0,1.58
256567961850204,770.93,28,9.41,750.37,11.16,646.55,217.72,757.16,0.0,0.0,0.0,0.0,0.0,0.0,1.52,0.0,3.01,0.0,16.49,4.5,686.35,0.0,2.62
256567969070868,249.25,28,7.17,226.08,16.0,0.0,176.35,231.43,0.0,0.0,0.0,0.0,0.0,0.0,1.61,0.0,2.79,0.0,9.58,3.46,674.62,0.0,1.79
256567975032404,312.02,28,9.52,293.36,9.14,292.55,177.35,299.9,0.0,0.0,0.0,0.0,0.0,0.0,1.82,0.0,3.26,0.0,16.65,3.55,641.62,0.0,2.98
256567981044977,245.67,28,7.18,229.46,9.03,225.6,170.81,234.46,0.0,0.0,0.0,0.0,0.0,0.0,1.51,0.0,2.68,0.0,9.78,3.48,664.63,0.0,2.19
256567986795862,338.93,28,8.95,312.58,17.41,0.0,199.49,319.23,0.0,0.0,0.0,0.0,0.0,0.0,1.76,0.0,2.87,0.0,18.05,4.57,680.78,0.0,2.28
256567992664827,313.05,28,8.37,294.29,10.4,291.38,176.28,299.95,0.0,0.0,0.0,0.0,0.0,0.0,1.56,0.0,2.64,0.0,8.56,3.41,675.38,0.0,2.71
256567998923883,852.29,28,8.94,753.7,89.65,643.96,210.87,760.88,0.0,0.0,0.0,0.0,0.0,0.0,1.47,0.0,2.65,0.0,11.89,5.6,671.1,0.0,1.75
256568006010228,255.05,28,8.22,237.54,9.29,235.96,178.24,243.36,0.0,0.0,0.0,0.0,0.0,0.0,1.89,0.0,3.19,0.0,14.21,3.63,654.65,0.0,2.4
256568011757520,391.55,28,10.7,370.92,9.93,370.97,254.3,379.35,0.0,0.0,0.0,0.0,0.0,0.0,3.36,0.0,4.53,0.0,101.42,5.59,665.81,0.0,2.27
256568018024779,783.25,28,9.09,641.8,132.36,0.0,207.24,648.26,0.0,0.0,0.0,0.0,0.0,0.0,1.58,0.0,2.94,0.0,11.86,3.53,670.96,0.0,2.62
256568025126032,316.16,28,6.97,300.25,8.94,295.7,172.78,305.49,0.0,0.0,0.0,0.0,0.0,0.0,1.56,0.0,2.67,0.0,11.7,3.56,652.02,0.0,1.72
256568031167843,322.31,28,7.14,298.3,16.87,0.0,172.59,303.59,0.0,0.0,0.0,0.0,0.0,0.0,1.75,0.0,3.27,0.0,15.15,3.51,642.33,0.0,1.85
256568037096836,328.08,28,7.04,310.97,10.07,308.11,179.57,316.27,0.0,0.0,0.0,0.0,0.0,0.0,1.63,0.0,2.76,0.0,11.18,3.48,669.29,0.0,1.72
256568043029626,308.76,28,7.98,291.71,9.07,288.64,170.94,297.38,0.0,0.0,0.0,0.0,0.0,0.0,1.48,0.0,2.71,0.0,12.73,3.49,657.82,0.0,2.31
256568048831076,355.88,28,8.61,330.15,17.13,0.0,182.04,336.01,0.0,0.0,0.0,0.0,0.0,0.0,1.77,0.0,3.15,0.0,16.44,3.51,645.93,0.0,2.71
256568055031874,778.74,28,8.01,639.06,131.66,0.0,218.12,645.0,0.0,0.0,0.0,0.0,0.0,0.0,1.65,0.0,3.16,0.0,26.94,3.55,695.53,0.0,2.08
256568062094364,835.94,28,8.3,684.6,143.04,0.0,238.35,690.91,0.0,0.0,0.0,0.0,0.0,0.0,1.7,0.0,3.0,0.0,20.8,4.2,699.26,0.0,1.91
256568069023615,861.56,28,9.01,680.5,172.06,0.0,208.81,687.09,0.0,0.0,0.0,0.0,0.0,0.0,1.79,0.0,2.96,0.0,31.44,3.63,673.05,0.0,2.41
256568076810881,355.54,28,8.07,261.21,86.26,257.75,181.64,267.92,0.0,0.0,0.0,0.0,0.0,0.0,1.5,0.0,2.9,0.0,19.2,4.92,636.32,0.0,1.36
256568083029997,828.8,28,8.09,808.0,12.71,673.75,200.79,813.9,0.0,0.0,0.0,0.0,0.0,0.0,1.59,0.0,2.94,0.0,14.03,5.45,685.88,0.0,2.19
256568089488699,287.82,28,8.07,270.94,8.81,267.17,176.96,276.57,0.0,0.0,0.0,0.0,0.0,0.0,1.74,0.0,2.85,0.0,12.32,3.52,672.47,0.0,2.44
256568095851972,900.01,28,8.29,790.46,101.25,681.34,242.13,796.22,0.0,0.0,0.0,0.0,0.0,0.0,1.58,0.0,2.73,0.0,14.92,3.49,715.92,0.0,2.5
256568103081807,809.38,28,8.0,781.43,19.95,672.25,217.1,788.22,0.0,0.0,0.0,0.0,0.0,0.0,1.76,0.0,3.22,0.0,21.88,5.01,700.76,0.0,1.22
256568110156473,809.48,28,9.15,790.78,9.55,684.72,203.45,797.47,0.0,0.0,0.0,0.0,0.0,0.0,1.57,0.0,2.92,0.0,17.39,4.71,667.72,0.0,2.46
256568116502502,562.57,28,7.67,545.97,8.93,543.76,209.24,551.25,0.0,0.0,0.0,0.0,0.0,0.0,1.7,0.0,3.17,0.0,11.24,3.7,679.64,0.0,2.39
256568123026174,320.59,28,12.1,299.91,8.58,298.05,180.69,305.8,0.0,0.0,0.0,0.0,0.0,0.0,1.53,0.0,2.79,0.0,21.4,3.6,662.27,0.0,5.99
256568129064856,243.77,28,8.42,225.76,9.59,224.75,181.56,231.9,0.0,0.0,0.0,0.0,0.0,0.0,2.0,0.0,3.46,0.0,8.31,3.38,664.81,0.0,2.28
256568134785273,400.21,28,12.48,378.45,9.27,380.4,204.88,388.32,0.0,0.0,0.0,0.0,0.0,0.0,1.75,0.0,2.88,0.0,22.57,7.89,673.73,0.0,2.61
256568141028098,810.49,28,9.84,789.73,10.92,679.87,228.05,795.92,0.0,0.0,0.0,0.0,0.0,0.0,2.0,0.0,3.54,0.0,22.05,3.72,689.15,0.0,3.65
256568148008740,881.43,28,6.89,864.45,10.09,754.06,209.74,869.36,0.0,0.0,0.0,0.0,0.0,0.0,1.62,0.0,2.93,0.0,9.69,4.14,687.15,0.0,1.99
256568155047061,812.4,28,6.41,792.36,13.62,696.8,194.39,797.28,0.0,0.0,0.0,0.0,0.0,0.0,1.3,0.0,2.54,0.0,9.17,3.54,669.05,0.0,1.35
256568162676946,479.25,28,8.43,364.58,106.24,362.96,217.02,370.71,0.0,0.0,0.0,0.0,0.0,0.0,1.53,0.0,2.81,0.0,11.19,4.25,692.58,0.0,2.3
256568169024618,798.03,28,10.18,774.2,13.66,678.18,230.34,781.75,0.0,0.0,0.0,0.0,0.0,0.0,1.7,0.0,3.31,0.0,29.49,4.24,673.42,0.0,2.62
256568176097934,263.77,28,5.89,248.91,8.97,244.84,169.88,253.48,0.0,0.0,0.0,0.0,0.0,0.0,1.39,0.0,2.55,0.0,9.59,3.46,645.0,0.0,1.32
256568182041133,794.36,28,9.66,659.74,124.96,0.0,243.94,668.05,0.0,0.0,0.0,0.0,0.0,0.0,1.71,0.0,3.25,0.0,20.52,5.13,703.22,0.0,1.33
256568189334331,701.36,28,11.4,671.78,18.17,0.0,256.08,680.26,0.0,0.0,0.0,0.0,0.0,0.0,1.47,0.0,2.58,0.0,25.8,6.16,713.52,0.0,2.66
256568196006538,241.83,28,8.38,224.0,9.44,221.73,173.77,229.59,0.0,0.0,0.0,0.0,0.0,0.0,1.63,0.0,3.16,0.0,11.07,3.55,664.69,0.0,2.72
256568202033837,883.92,28,6.41,862.63,14.88,764.14,228.52,867.83,0.0,0.0,0.0,0.0,0.0,0.0,1.7,0.0,2.96,0.0,10.05,3.94,706.89,0.0,1.21
256568209757289,438.39,28,7.96,326.52,103.91,0.0,180.5,332.81,0.0,0.0,0.0,0.0,0.0,0.0,1.55,0.0,2.78,0.0,17.0,5.98,648.67,0.0,1.67
256568215671018,436.87,28,9.13,417.27,10.47,415.03,197.9,423.79,0.0,0.0,0.0,0.0,0.0,0.0,1.78,0.0,3.19,0.0,9.98,4.71,689.09,0.0,2.61
256568222027161,761.05,28,7.47,743.51,10.07,645.15,228.84,748.86,0.0,0.0,0.0,0.0,0.0,0.0,1.59,0.0,3.08,0.0,8.4,3.53,699.39,0.0,2.12
256568228988436,388.78,28,11.32,292.62,84.84,0.0,188.88,298.0,0.0,0.0,0.0,0.0,0.0,0.0,1.77,0.0,3.09,0.0,23.17,3.45,665.55,0.0,5.94
256568235035407,788.56,28,7.01,770.11,11.45,670.65,211.03,775.21,0.0,0.0,0.0,0.0,0.0,0.0,1.66,0.0,3.05,0.0,9.29,3.52,703.52,0.0,1.87
256568241919589,864.37,28,7.99,651.03,205.35,0.0,214.22,656.5,0.0,0.0,0.0,0.0,0.0,0.0,1.54,0.0,2.78,0.0,17.19,3.46,658.0,0.0,2.52
256568249811371,417.84,28,7.19,309.65,101.0,306.1,176.42,314.72,0.0,0.0,0.0,0.0,0.0,0.0,1.82,0.0,3.24,0.0,15.38,3.6,618.97,0.0,2.09
256568256028506,330.49,28,11.76,308.56,10.17,305.9,177.63,314.85,0.0,0.0,0.0,0.0,0.0,0.0,1.56,0.0,2.82,0.0,13.47,3.47,656.68,0.0,5.47
256568262242954,1012.22,28,7.42,917.37,87.43,790.1,196.72,922.89,0.0,0.0,0.0,0.0,0.0,0.0,1.83,0.0,3.3,0.0,8.52,3.5,698.79,0.0,1.85
256568269924609,889.47,28,9.5,790.8,89.17,685.18,214.0,797.73,0.0,0.0,0.0,0.0,0.0,0.0,1.61,0.0,3.49,0.0,37.21,6.15,681.39,0.0,2.56
256568277080801,905.48,28,9.19,759.89,136.4,652.4,225.32,766.68,0.0,0.0,0.0,0.0,0.0,0.0,1.77,0.0,3.16,0.0,24.25,5.23,675.57,0.0,2.4
256568284356871,1265.72,28,6.97,281.84,976.91,0.0,161.12,287.52,0.0,0.0,0.0,0.0,0.0,0.0,2.16,0.0,3.47,0.0,9.78,3.63,631.69,0.0,1.29
256568291989499,1018.29,28,10.17,980.95,27.16,654.75,425.97,988.7,0.0,0.0,0.0,0.0,0.0,0.0,1.8,0.0,3.04,0.0,279.25,5.98,657.21,0.0,2.42
256568299900612,1002.05,28,7.8,884.98,109.27,658.87,218.65,891.48,0.0,0.0,0.0,0.0,0.0,0.0,2.2,0.0,3.45,0.0,10.32,4.8,673.77,0.0,1.25
256568306960715,890.09,28,8.98,790.69,90.42,692.01,207.57,797.08,0.0,0.0,0.0,0.0,0.0,0.0,1.71,0.0,2.99,0.0,19.75,3.54,676.85,0.0,2.59
256568314313326,312.86,28,7.33,295.91,9.62,292.31,176.03,300.96,0.0,0.0,0.0,0.0,0.0,0.0,1.69,0.0,2.95,0.0,8.26,3.47,681.02,0.0,2.29
256568320103632,272.63,28,6.41,257.41,8.81,254.55,176.47,262.57,0.0,0.0,0.0,0.0,0.0,0.0,1.83,0.0,2.88,0.0,11.6,3.42,667.16,0.0,1.25
256568325851003,346.61,28,8.17,329.47,8.97,327.3,184.99,335.28,0.0,0.0,0.0,0.0,0.0,0.0,1.6,0.0,2.78,0.0,16.84,4.05,616.04,0.0,2.36
256568331642397,262.61,28,8.02,245.28,9.31,242.85,175.81,250.79,0.0,0.0,0.0,0.0,0.0,0.0,1.57,0.0,3.14,0.0,10.82,3.5,666.06,0.0,2.51
256568337389518,646.69,28,8.47,619.92,18.29,0.0,237.86,626.02,0.0,0.0,0.0,0.0,0.0,0.0,1.49,0.0,2.8,0.0,21.23,4.1,738.97,0.0,2.38
256568343574306,316.26,28,8.0,299.46,8.8,296.49,176.09,305.68,0.0,0.0,0.0,0.0,0.0,0.0,1.86,0.0,3.12,0.0,12.75,3.59,656.86,0.0,1.78
256568349413507,640.17,28,7.46,624.26,8.45,621.52,190.25,629.85,0.0,0.0,0.0,0.0,0.0,0.0,1.55,0.0,2.8,0.0,14.98,3.62,656.64,0.0,1.87
256568356023712,782.54,28,6.94,763.95,11.66,654.94,221.03,768.92,0.0,0.0,0.0,0.0,0.0,0.0,1.52,0.0,2.68,0.0,25.53,3.58,669.2,0.0,1.96
256568363007306,801.22,28,11.6,671.36,118.25,0.0,230.0,680.81,0.0,0.0,0.0,0.0,0.0,0.0,1.72,0.0,3.04,0.0,19.83,7.17,711.02,0.0,2.15
256568370078433,946.52,28,9.63,842.28,94.61,789.91,225.4,849.31,0.0,0.0,0.0,0.0,0.0,0.0,2.62,0.0,4.14,0.0,8.86,3.45,695.29,0.0,2.6
256568377374344,669.47,28,10.3,641.99,17.18,0.0,223.64,649.68,0.0,0.0,0.0,0.0,0.0,0.0,1.51,0.0,2.95,0.0,70.05,4.73,663.74,0.0,2.61
256568383991975,800.73,28,8.69,768.67,23.38,648.82,240.98,775.25,0.0,0.0,0.0,0.0,0.0,0.0,2.51,0.0,3.96,0.0,16.69,3.59,683.45,0.0,2.1
256568391011389,800.3,28,22.7,667.35,110.25,0.0,207.4,678.25,0.0,0.0,0.0,0.0,0.0,0.0,3.73,0.0,4.82,0.0,15.59,6.8,689.94,0.0,11.8
256568397448895,614.12,28,7.41,590.66,16.05,0.0,224.54,596.22,0.0,0.0,0.0,0.0,0.0,0.0,1.59,0.0,2.9,0.0,11.29,3.64,690.8,0.0,1.86
256568403568874,511.66,28,7.92,487.18,16.56,0.0,211.72,492.7,0.0,0.0,0.0,0.0,0.0,0.0,1.57,0.0,2.78,0.0,11.05,3.49,703.97,0.0,2.4
256568410079990,852.25,28,8.93,748.43,94.9,659.04,220.7,754.97,0.0,0.0,0.0,0.0,0.0,0.0,1.75,0.0,3.04,0.0,15.52,3.5,684.22,0.0,2.38
256568417819919,352.26,28,10.95,243.66,97.65,243.68,181.34,251.42,0.0,0.0,0.0,0.0,0.0,0.0,1.59,0.0,2.98,0.0,15.25,6.48,650.52,0.0,3.19
256568424168718,836.9,28,9.09,745.14,82.67,653.46,198.97,752.18,0.0,0.0,0.0,0.0,0.0,0.0,1.63,0.0,3.09,0.0,17.86,4.68,654.53,0.0,2.05
256568431779329,402.86,28,8.98,296.09,97.8,292.1,193.9,302.49,0.0,0.0,0.0,0.0,0.0,0.0,1.68,0.0,2.85,0.0,34.68,3.61,620.53,0.0,2.52
256568438032522,818.65,28,9.64,796.59,12.42,675.98,202.78,803.56,0.0,0.0,0.0,0.0,0.0,0.0,1.62,0.0,3.15,0.0,12.73,5.02,668.61,0.0,2.67
256568444535903,315.46,28,13.23,284.08,18.14,0.0,193.51,294.78,0.0,0.0,0.0,0.0,0.0,0.0,7.63,0.0,8.91,0.0,14.82,3.46,679.83,0.0,2.54
256568450335615,757.54,28,99.89,648.22,9.42,652.6,223.0,745.86,0.0,0.0,0.0,0.0,0.0,0.0,11.47,0.0,95.03,0.0,18.97,3.5,686.19,0.0,2.26
256568457950325,854.91,28,11.3,780.28,63.34,680.89,230.44,788.59,0.0,0.0,0.0,0.0,0.0,0.0,1.74,0.0,3.17,0.0,28.97,7.18,672.57,0.0,2.99
256568464997251,781.57,28,9.77,757.21,14.6,657.5,230.07,764.73,0.0,0.0,0.0,0.0,0.0,0.0,1.82,0.0,3.69,0.0,30.97,5.29,668.89,0.0,2.06
256568472762176,435.76,28,26.9,317.66,91.2,315.63,187.98,328.1,0.0,0.0,0.0,0.0,0.0,0.0,3.0,0.0,4.44,0.0,31.19,6.24,623.23,0.0,16.23
256568479026544,791.34,28,9.29,663.58,118.48,0.0,210.07,669.83,0.0,0.0,0.0,0.0,0.0,0.0,2.55,0.0,4.23,0.0,9.18,3.52,657.59,0.0,2.82
256568486132389,867.36,28,10.66,845.73,10.98,748.79,239.07,854.21,0.0,0.0,0.0,0.0,0.0,0.0,2.2,0.0,3.5,0.0,16.49,5.7,705.3,0.0,2.18
256568492536251,261.89,28,7.88,245.81,8.2,243.44,175.03,251.66,0.0,0.0,0.0,0.0,0.0,0.0,1.7,0.0,3.23,0.0,12.74,3.52,653.57,0.0,2.02
256568498755624,437.92,28,9.4,328.36,100.16,0.0,188.57,334.74,0.0,0.0,0.0,0.0,0.0,0.0,1.64,0.0,2.92,0.0,30.29,3.45,653.09,0.0,3.02
256568504657939,445.85,28,8.93,417.38,19.54,0.0,186.15,424.74,0.0,0.0,0.0,0.0,0.0,0.0,1.5,0.0,2.78,0.0,10.32,5.83,650.34,0.0,1.57
256568511025398,804.77,28,8.58,673.15,123.03,0.0,213.57,678.92,0.0,0.0,0.0,0.0,0.0,0.0,2.13,0.0,3.27,0.0,18.39,3.54,708.0,0.0,2.77
256568517415183,629.34,28,8.6,610.93,9.81,609.0,241.05,616.76,0.0,0.0,0.0,0.0,0.0,0.0,1.56,0.0,2.85,0.0,18.72,3.63,693.43,0.0,2.77
256568524005946,259.68,28,7.89,242.22,9.57,239.56,169.79,247.59,0.0,0.0,0.0,0.0,0.0,0.0,1.62,0.0,3.1,0.0,12.51,3.49,643.26,0.0,2.51
256568529837574,305.32,28,7.98,287.91,9.44,286.76,185.7,293.62,0.0,0.0,0.0,0.0,0.0,0.0,1.71,0.0,3.08,0.0,20.45,3.42,663.11,0.0,2.26
256568535699145,417.13,28,8.6,392.1,16.43,0.0,237.98,398.36,0.0,0.0,0.0,0.0,0.0,0.0,1.71,0.0,3.01,0.0,18.3,3.52,684.69,0.0,2.34
256568542058079,723.43,28,7.19,705.9,10.35,651.46,224.88,710.9,0.0,0.0,0.0,0.0,0.0,0.0,1.65,0.0,3.02,0.0,14.71,3.57,685.65,0.0,2.19
256568548995034,800.46,28,7.86,772.25,20.35,641.85,203.94,777.54,0.0,0.0,0.0,0.0,0.0,0.0,1.65,0.0,2.87,0.0,10.81,3.5,676.27,0.0,2.57
256568556005395,793.94,28,8.43,671.34,114.18,0.0,227.15,677.21,0.0,0.0,0.0,0.0,0.0,0.0,1.44,0.0,2.8,0.0,11.85,3.87,707.14,0.0,2.54
256568563758014,437.28,28,82.12,246.19,108.97,0.0,242.82,326.5,0.0,0.0,0.0,0.0,0.0,0.0,1.51,0.0,2.66,0.0,98.23,80.43,640.03,0.0,1.8
256568570173525,326.57,28,8.84,234.18,83.54,232.09,183.39,239.85,0.0,0.0,0.0,0.0,0.0,0.0,1.89,0.0,3.49,0.0,14.52,3.52,669.81,0.0,3.08
256568576091668,316.92,28,7.0,293.51,16.41,0.0,177.42,298.9,0.0,0.0,0.0,0.0,0.0,0.0,1.44,0.0,2.89,0.0,16.67,3.51,668.12,0.0,1.58
256568582033614,806.22,28,11.53,784.45,10.25,670.67,249.21,793.13,0.0,0.0,0.0,0.0,0.0,0.0,1.67,0.0,2.9,0.0,29.57,6.54,728.12,0.0,2.85
256568589243935,774.93,28,9.92,755.75,9.27,753.58,219.61,763.02,0.0,0.0,0.0,0.0,0.0,0.0,1.53,0.0,2.77,0.0,66.61,5.04,714.49,0.0,2.65
256568596004892,744.69,28,8.93,724.19,11.57,669.32,229.6,730.99,0.0,0.0,0.0,0.0,0.0,0.0,1.56,0.0,2.7,0.0,30.46,4.92,688.59,0.0,2.12
256568602980510,906.16,28,8.75,862.61,34.8,773.97,244.7,869.06,0.0,0.0,0.0,0.0,0.0,0.0,1.56,0.0,2.86,0.0,13.07,4.3,742.4,0.0,2.3
256568610024032,859.2,28,17.38,747.7,94.13,655.77,245.93,763.18,0.0,0.0,0.0,0.0,0.0,0.0,9.62,0.0,10.98,0.0,17.49,5.32,711.51,0.0,1.89
256568618023547,833.22,28,13.08,806.57,13.57,686.24,229.97,817.42,0.0,0.0,0.0,0.0,0.0,0.0,1.83,0.0,4.23,0.0,15.96,7.07,685.76,0.0,2.17
256568625180512,320.98,28,8.76,295.97,16.25,0.0,178.9,302.24,0.0,0.0,0.0,0.0,0.0,0.0,1.75,0.0,3.23,0.0,14.6,3.49,666.39,0.0,2.47
256568631435425,643.38,28,8.43,542.62,92.33,540.13,236.43,549.03,0.0,0.0,0.0,0.0,0.0,0.0,2.05,0.0,3.13,0.0,14.8,4.09,718.64,0.0,2.02
256568638162675,901.67,28,9.06,790.99,101.62,689.77,210.72,797.16,0.0,0.0,0.0,0.0,0.0,0.0,1.47,0.0,2.81,0.0,16.84,4.04,669.34,0.0,2.89
256568645294195,715.66,28,8.09,696.77,10.8,680.95,206.56,702.16,0.0,0.0,0.0,0.0,0.0,0.0,1.63,0.0,2.78,0.0,11.21,3.54,705.33,0.0,2.69
256568651442637,253.98,28,8.01,236.03,9.93,233.13,175.63,241.61,0.0,0.0,0.0,0.0,0.0,0.0,1.73,0.0,3.41,0.0,7.8,3.5,679.81,0.0,2.44
256568657703019,341.17,28,7.79,235.38,98.0,0.0,175.66,241.86,0.0,0.0,0.0,0.0,0.0,0.0,1.72,0.0,3.57,0.0,9.65,3.45,662.54,0.0,1.25
256568664016663,817.77,28,8.26,799.63,9.88,672.04,216.36,805.98,0.0,0.0,0.0,0.0,0.0,0.0,1.47,0.0,2.77,0.0,23.74,4.14,666.38,0.0,1.91
256568671101756,320.01,28,6.49,305.11,8.41,299.91,172.83,309.68,0.0,0.0,0.0,0.0,0.0,0.0,1.65,0.0,2.79,0.0,11.9,3.53,655.26,0.0,1.91
256568677036236,765.8,28,8.79,744.82,12.19,648.77,211.22,751.94,0.0,0.0,0.0,0.0,0.0,0.0,1.57,0.0,2.93,0.0,14.2,5.76,683.47,0.0,1.6
256568684005443,763.19,28,9.08,743.19,10.93,645.34,225.09,750.24,0.0,0.0,0.0,0.0,0.0,0.0,2.79,0.0,4.37,0.0,19.91,3.48,659.75,0.0,2.0
256568691005476,795.93,28,8.85,777.12,9.96,683.95,239.19,783.77,0.0,0.0,0.0,0.0,0.0,0.0,2.17,0.0,3.78,0.0,23.97,5.0,711.98,0.0,2.2
256568697485785,594.16,28,7.97,575.46,10.73,572.91,220.28,581.35,0.0,0.0,0.0,0.0,0.0,0.0,1.63,0.0,2.76,0.0,19.61,3.82,702.24,0.0,2.08
256568704006568,858.44,28,7.52,841.54,9.38,744.97,223.46,846.97,0.0,0.0,0.0,0.0,0.0,0.0,1.51,0.0,3.22,0.0,15.12,3.54,701.8,0.0,2.1
256568711763682,390.8,28,9.43,284.33,97.04,0.0,222.63,290.96,0.0,0.0,0.0,0.0,0.0,0.0,2.3,0.0,4.03,0.0,63.75,3.59,639.6,0.0,2.74
256568718027067,264.45,28,6.98,248.76,8.72,245.92,174.0,253.8,0.0,0.0,0.0,0.0,0.0,0.0,1.73,0.0,3.14,0.0,7.89,3.42,660.54,0.0,1.94
256568724035481,787.23,28,7.75,668.6,110.87,0.0,244.09,673.96,0.0,0.0,0.0,0.0,0.0,0.0,1.73,0.0,3.55,0.0,9.04,3.49,717.03,0.0,2.4
256568730996602,798.34,28,13.05,669.94,115.35,0.0,198.28,680.0,0.0,0.0,0.0,0.0,0.0,0.0,1.58,0.0,2.98,0.0,14.33,9.17,670.55,0.0,2.98
256568738099044,760.33,28,9.45,741.36,9.52,651.75,223.03,749.04,0.0,0.0,0.0,0.0,0.0,0.0,2.43,0.0,3.58,0.0,11.03,5.03,685.5,0.0,1.74
256568744415766,310.17,28,6.63,295.08,8.45,289.94,173.34,300.24,0.0,0.0,0.0,0.0,0.0,0.0,1.55,0.0,2.93,0.0,8.06,3.42,670.81,0.0,1.48
256568750895057,417.32,28,19.2,302.31,95.82,299.36,188.66,307.79,0.0,0.0,0.0,0.0,0.0,0.0,1.58,0.0,2.96,0.0,22.68,3.63,673.16,0.0,13.51
256568756785022,356.23,28,10.37,336.16,9.7,337.6,205.28,344.73,0.0,0.0,0.0,0.0,0.0,0.0,1.94,0.0,3.5,0.0,14.09,6.17,575.97,0.0,1.79
256568762648244,749.77,28,9.37,730.41,9.99,640.68,220.5,737.51,0.0,0.0,0.0,0.0,0.0,0.0,1.77,0.0,2.89,0.0,56.59,4.8,690.35,0.0,2.27
256568769905884,409.09,28,11.51,303.46,94.13,302.26,179.22,310.1,0.0,0.0,0.0,0.0,0.0,0.0,2.01,0.0,3.37,0.0,16.94,3.55,655.71,0.0,4.87
256568776078471,311.42,28,11.47,283.52,16.43,0.0,173.15,292.64,0.0,0.0,0.0,0.0,0.0,0.0,1.77,0.0,8.99,0.0,10.31,3.38,679.76,0.0,2.35
256568782064575,761.09,28,43.3,707.44,10.34,642.06,220.31,748.38,0.0,0.0,0.0,0.0,0.0,0.0,2.6,0.0,39.09,0.0,22.3,3.49,665.71,0.0,2.36
256568788970919,811.95,28,113.33,558.34,140.28,0.0,192.24,656.01,0.0,0.0,0.0,0.0,0.0,0.0,3.19,0.0,95.1,0.0,10.66,4.69,662.19,0.0,14.59
256568795940015,868.52,28,24.07,763.82,80.62,662.48,220.72,770.33,0.0,0.0,0.0,0.0,0.0,0.0,1.7,0.0,3.17,0.0,17.58,3.54,727.49,0.0,17.36
256568803122940,766.33,28,6.93,654.69,104.7,0.0,206.3,659.96,0.0,0.0,0.0,0.0,0.0,0.0,1.55,0.0,2.87,0.0,10.19,3.73,700.77,0.0,1.66
256568809499490,330.3,28,8.71,311.52,10.06,303.8,179.39,317.41,0.0,0.0,0.0,0.0,0.0,0.0,1.71,0.0,3.18,0.0,15.65,3.55,652.9,0.0,2.83
256568815946035,893.21,28,8.29,817.94,66.98,674.05,208.45,823.81,0.0,0.0,0.0,0.0,0.0,0.0,1.67,0.0,3.1,0.0,16.09,3.82,668.5,0.0,2.42
256568823025869,318.88,28,6.63,302.82,9.42,296.51,170.17,307.66,0.0,0.0,0.0,0.0,0.0,0.0,1.64,0.0,3.03,0.0,8.61,3.41,660.57,0.0,1.79
256568829056079,864.26,28,6.76,725.39,132.11,0.0,185.11,730.4,0.0,0.0,0.0,0.0,0.0,0.0,1.5,0.0,2.79,0.0,64.01,3.61,603.24,0.0,1.73
256568835520669,308.92,28,7.99,292.43,8.51,290.33,174.84,297.84,0.0,0.0,0.0,0.0,0.0,0.0,1.71,0.0,3.16,0.0,11.79,3.53,657.32,0.0,2.58
256568841832404,338.55,28,9.42,223.89,105.24,0.0,184.36,229.96,0.0,0.0,0.0,0.0,0.0,0.0,1.56,0.0,2.72,0.0,28.35,4.66,664.92,0.0,3.35
256568848027006,246.68,28,7.84,229.54,9.3,227.17,174.43,235.17,0.0,0.0,0.0,0.0,0.0,0.0,1.81,0.0,3.5,0.0,12.92,3.51,666.96,0.0,2.19
256568854032780,790.54,28,10.18,769.11,11.26,671.16,219.72,776.65,0.0,0.0,0.0,0.0,0.0,0.0,1.98,0.0,3.36,0.0,30.86,4.2,684.46,0.0,2.62
256568861021426,768.66,28,11.98,637.05,119.63,0.0,211.22,646.76,0.0,0.0,0.0,0.0,0.0,0.0,1.68,0.0,3.52,0.0,16.68,7.18,687.22,0.0,2.27
256568868092647,810.97,28,7.15,789.15,14.67,664.59,208.93,794.01,0.0,0.0,0.0,0.0,0.0,0.0,1.53,0.0,2.69,0.0,9.38,3.54,706.91,0.0,2.29
256568874508121,559.51,28,9.86,539.41,10.25,539.36,222.5,546.71,0.0,0.0,0.0,0.0,0.0,0.0,3.86,0.0,5.09,0.0,12.3,5.41,661.05,0.0,2.56
256568881025499,863.89,28,8.73,843.07,12.09,760.0,234.83,849.36,0.0,0.0,0.0,0.0,0.0,0.0,1.51,0.0,2.87,0.0,11.76,3.49,715.17,0.0,2.37
256568887978396,342.54,28,7.07,301.43,34.04,297.54,173.9,306.32,0.0,0.0,0.0,0.0,0.0,0.0,1.4,0.0,2.65,0.0,12.01,3.59,652.76,0.0,2.17
256568893843249,345.47,28,9.21,319.87,16.39,0.0,180.62,326.73,0.0,0.0,0.0,0.0,0.0,0.0,1.88,0.0,3.11,0.0,17.16,4.23,645.5,0.0,2.32
256568900027517,244.15,28,7.68,220.45,16.02,0.0,176.94,226.04,0.0,0.0,0.0,0.0,0.0,0.0,1.78,0.0,3.07,0.0,8.82,3.45,663.05,0.0,1.9
256568906059302,325.46,28,6.96,301.36,17.13,0.0,176.34,305.98,0.0,0.0,0.0,0.0,0.0,0.0,1.46,0.0,2.76,0.0,10.63,3.43,657.8,0.0,2.34
256568912036700,757.03,28,7.73,738.6,10.69,633.63,221.39,744.03,0.0,0.0,0.0,0.0,0.0,0.0,1.57,0.0,2.77,0.0,10.27,5.48,709.93,0.0,2.31
256568918992813,333.82,28,7.91,296.79,29.13,0.0,182.47,302.4,0.0,0.0,0.0,0.0,0.0,0.0,1.85,0.0,3.15,0.0,12.52,3.71,672.04,0.0,2.3
256568924808687,372.45,28,9.09,346.95,16.41,0.0,190.27,354.01,0.0,0.0,0.0,0.0,0.0,0.0,1.68,0.0,3.13,0.0,20.41,3.93,655.41,0.0,2.04
256568931028268,801.06,28,6.84,783.4,10.82,675.42,205.43,788.44,0.0,0.0,0.0,0.0,0.0,0.0,1.66,0.0,3.05,0.0,8.27,3.5,674.03,0.0,1.81
256568938005666,858.1,28,10.82,836.0,11.29,709.65,237.91,843.8,0.0,0.0,0.0,0.0,0.0,0.0,1.66,0.0,3.37,0.0,26.54,5.18,674.95,0.0,2.77
256568944514993,1252.42,28,13.34,472.33,766.74,373.14,162.99,483.88,0.0,0.0,0.0,0.0,0.0,0.0,1.65,0.0,9.97,0.0,9.64,3.56,645.56,0.0,1.72
256568952061754,325.63,28,18.25,299.04,8.34,307.71,176.9,315.62,0.0,0.0,0.0,0.0,0.0,0.0,1.6,0.0,13.29,0.0,21.23,3.87,652.8,0.0,1.67
256568958051403,790.93,28,9.72,771.11,10.1,677.84,218.39,778.26,0.0,0.0,0.0,0.0,0.0,0.0,2.39,0.0,3.75,0.0,17.49,3.5,704.82,0.0,2.47
256568965035620,314.08,28,7.64,298.18,8.26,295.58,178.57,303.8,0.0,0.0,0.0,0.0,0.0,0.0,1.73,0.0,3.43,0.0,11.9,3.5,669.08,0.0,2.02
256568970849365,245.21,28,8.38,226.31,10.52,223.8,182.7,231.34,0.0,0.0,0.0,0.0,0.0,0.0,1.44,0.0,2.56,0.0,19.91,3.52,662.54,0.0,3.05
256568977026334,794.3,28,7.33,775.75,11.22,670.0,217.48,781.13,0.0,0.0,0.0,0.0,0.0,0.0,1.63,0.0,3.07,0.0,17.75,3.49,674.73,0.0,1.95
256568984095245,875.58,28,8.64,773.63,93.3,673.69,203.71,779.61,0.0,0.0,0.0,0.0,0.0,0.0,1.93,0.0,3.24,0.0,17.2,3.46,677.77,0.0,2.41
256568991140526,929.34,28,10.55,905.25,13.54,799.76,200.27,912.07,0.0,0.0,0.0,0.0,0.0,0.0,2.97,0.0,4.05,0.0,23.91,3.65,650.84,0.0,3.72
256568998792965,424.7,28,28.96,299.52,96.22,295.96,174.47,309.02,0.0,0.0,0.0,0.0,0.0,0.0,2.41,0.0,3.49,0.0,13.15,7.0,657.49,0.0,19.02
256569005029189,793.64,28,8.57,774.0,11.07,682.27,245.0,780.42,0.0,0.0,0.0,0.0,0.0,0.0,1.69,0.0,3.11,0.0,16.01,3.61,706.04,0.0,2.08
256569012099415,276.59,28,7.8,259.08,9.71,256.85,187.42,264.72,0.0,0.0,0.0,0.0,0.0,0.0,1.71,0.0,2.91,0.0,16.48,3.62,664.71,0.0,2.17
256569018032379,804.03,28,8.12,784.09,11.82,654.35,191.01,789.98,0.0,0.0,0.0,0.0,0.0,0.0,1.48,0.0,3.03,0.0,10.35,3.7,644.89,0.0,2.22
256569025010595,273.96,28,7.88,255.83,10.25,252.49,183.33,261.29,0.0,0.0,0.0,0.0,0.0,0.0,1.53,0.0,2.78,0.0,10.93,3.42,675.67,0.0,2.42
256569031047687,775.33,28,7.9,755.58,11.85,653.88,233.62,761.64,0.0,0.0,0.0,0.0,0.0,0.0,1.59,0.0,2.76,0.0,10.34,4.33,684.61,0.0,1.84
256569038836307,420.42,28,9.73,313.87,96.82,309.56,185.63,320.31,0.0,0.0,0.0,0.0,0.0,0.0,1.88,0.0,3.28,0.0,21.46,5.47,635.76,0.0,2.83
256569045027638,241.74,28,7.59,225.23,8.93,222.08,175.16,230.24,0.0,0.0,0.0,0.0,0.0,0.0,1.61,0.0,3.02,0.0,8.49,3.49,664.26,0.0,2.45
256569051239452,777.3,28,6.85,664.19,106.26,661.29,200.76,669.35,0.0,0.0,0.0,0.0,0.0,0.0,1.55,0.0,3.06,0.0,9.23,3.48,669.24,0.0,1.64
256569057480706,322.03,28,7.59,304.98,9.46,299.2,177.96,309.86,0.0,0.0,0.0,0.0,0.0,0.0,1.83,0.0,3.0,0.0,8.5,3.43,674.52,0.0,2.63
256569063904988,861.39,28,8.37,746.62,106.4,646.98,205.25,752.36,0.0,0.0,0.0,0.0,0.0,0.0,1.71,0.0,3.19,0.0,11.76,4.67,634.51,0.0,2.32
256569070947682,848.34,28,24.34,642.85,181.15,0.0,214.21,648.96,0.0,0.0,0.0,0.0,0.0,0.0,2.78,0.0,4.11,0.0,24.87,3.92,666.9,0.0,17.33
256569078090123,257.39,28,7.43,241.13,8.83,237.81,179.81,246.15,0.0,0.0,0.0,0.0,0.0,0.0,1.48,0.0,2.63,0.0,11.05,3.55,667.02,0.0,2.18
256569084030910,785.84,28,53.03,721.46,11.35,665.38,219.87,771.77,0.0,0.0,0.0,0.0,0.0,0.0,1.82,0.0,3.36,0.0,64.03,50.87,692.28,0.0,2.71
256569091016808,804.78,28,9.6,784.48,10.7,672.19,196.05,791.03,0.0,0.0,0.0,0.0,0.0,0.0,1.75,0.0,3.02,0.0,16.57,3.86,685.67,0.0,3.05
256569098123032,883.03,28,70.61,710.77,101.66,673.7,262.75,778.32,0.0,0.0,0.0,0.0,0.0,0.0,4.92,0.0,66.58,0.0,14.55,3.49,685.33,0.0,3.04
256569105343885,678.97,28,12.99,656.41,9.58,655.38,232.75,666.34,0.0,0.0,0.0,0.0,0.0,0.0,3.28,0.0,5.13,0.0,21.49,7.06,726.22,0.0,3.03
256569111515106,586.09,28,9.74,567.18,9.16,566.52,233.9,575.14,0.0,0.0,0.0,0.0,0.0,0.0,1.76,0.0,3.1,0.0,82.58,5.25,669.74,0.0,1.78
256569118032107,797.95,28,9.98,777.55,10.42,685.22,217.01,784.86,0.0,0.0,0.0,0.0,0.0,0.0,2.26,0.0,3.5,0.0,16.41,4.91,699.58,0.0,2.64
256569125005041,754.11,28,9.07,733.98,11.06,649.63,234.39,740.59,0.0,0.0,0.0,0.0,0.0,0.0,2.51,0.0,3.69,0.0,23.32,4.32,694.38,0.0,2.44
256569131958398,838.61,28,11.11,741.29,86.22,652.92,254.1,749.51,0.0,0.0,0.0,0.0,0.0,0.0,1.82,0.0,3.12,0.0,30.03,5.95,716.51,0.0,2.88
256569139075447,320.4,28,6.3,305.73,8.37,302.97,180.01,310.71,0.0,0.0,0.0,0.0,0.0,0.0,1.59,0.0,2.7,0.0,10.74,3.51,671.58,0.0,1.32
256569145090289,764.47,28,9.18,743.76,11.53,642.58,218.34,750.76,0.0,0.0,0.0,0.0,0.0,0.0,1.6,0.0,2.98,0.0,26.58,4.98,692.55,0.0,2.17
256569152029070,239.35,28,7.32,223.06,8.97,220.29,176.45,227.98,0.0,0.0,0.0,0.0,0.0,0.0,1.56,0.0,2.69,0.0,15.01,3.46,669.33,0.0,2.4
256569158273263,765.92,28,8.54,657.67,99.71,653.22,197.44,663.95,0.0,0.0,0.0,0.0,0.0,0.0,1.62,0.0,2.88,0.0,15.7,3.52,641.18,0.0,2.22
256569165029756,830.48,28,7.86,812.6,10.02,722.41,218.2,818.09,0.0,0.0,0.0,0.0,0.0,0.0,1.65,0.0,3.15,0.0,10.57,3.52,661.53,0.0,2.36
256569172105749,817.42,28,8.59,797.96,10.87,670.28,228.81,804.43,0.0,0.0,0.0,0.0,0.0,0.0,2.1,0.0,3.2,0.0,22.59,4.2,667.83,0.0,1.95
256569179005324,805.46,28,8.99,786.12,10.36,680.19,271.99,792.71,0.0,0.0,0.0,0.0,0.0,0.0,1.95,0.0,3.45,0.0,22.22,3.56,747.4,0.0,2.22
256569186005131,252.0,28,7.94,233.17,10.89,231.13,183.31,238.61,0.0,0.0,0.0,0.0,0.0,0.0,1.66,0.0,2.98,0.0,15.54,3.58,662.94,0.0,2.5
256569192037109,856.38,28,8.27,734.6,113.52,0.0,196.35,740.55,0.0,0.0,0.0,0.0,0.0,0.0,1.82,0.0,3.39,0.0,16.1,3.54,661.47,0.0,2.29
256569199025040,765.74,28,7.58,745.39,12.78,645.36,205.25,750.81,0.0,0.0,0.0,0.0,0.0,0.0,1.63,0.0,2.92,0.0,8.33,3.49,655.28,0.0,2.15
256569205961531,858.28,28,12.28,773.81,72.19,681.55,220.28,783.6,0.0,0.0,0.0,0.0,0.0,0.0,1.61,0.0,3.12,0.0,17.11,7.31,676.71,0.0,2.5
256569212481199,330.76,28,7.64,313.17,9.95,311.57,173.84,318.95,0.0,0.0,0.0,0.0,0.0,0.0,1.73,0.0,2.88,0.0,15.42,3.58,646.67,0.0,1.86
256569218842397,335.24,28,8.97,237.11,89.17,234.71,180.72,243.48,0.0,0.0,0.0,0.0,0.0,0.0,1.67,0.0,3.24,0.0,14.62,3.62,654.97,0.0,2.6
256569225029367,240.02,28,7.69,215.02,17.31,0.0,179.68,220.07,0.0,0.0,0.0,0.0,0.0,0.0,1.79,0.0,3.07,0.0,13.03,3.52,667.48,0.0,2.65
256569231035310,794.86,28,8.03,775.53,11.3,675.28,196.51,781.2,0.0,0.0,0.0,0.0,0.0,0.0,1.7,0.0,2.9,0.0,12.23,3.56,648.37,0.0,2.27
256569238005169,879.51,28,7.98,858.26,13.28,653.94,229.51,755.8,0.0,0.0,0.0,0.0,0.0,0.0,1.6,0.0,2.83,0.0,26.82,3.6,691.71,0.0,2.35
256569245827319,410.95,28,21.86,298.51,90.57,0.0,211.61,306.12,0.0,0.0,0.0,0.0,0.0,0.0,1.67,0.0,2.93,0.0,42.2,5.74,679.7,0.0,13.59
256569252032447,328.87,28,9.41,302.33,17.13,0.0,176.28,307.47,0.0,0.0,0.0,0.0,0.0,0.0,1.73,0.0,2.9,0.0,13.08,3.47,653.85,0.0,4.26
256569258039619,262.26,28,10.02,242.47,9.77,242.41,178.84,249.45,0.0,0.0,0.0,0.0,0.0,0.0,1.68,0.0,3.4,0.0,24.09,3.58,665.51,0.0,3.04
256569263849951,640.37,28,9.18,619.99,11.21,473.79,208.99,626.47,0.0,0.0,0.0,0.0,0.0,0.0,1.85,0.0,2.96,0.0,13.32,3.73,681.43,0.0,2.7
256569271034636,804.19,28,101.04,693.56,9.6,689.47,205.54,792.42,0.0,0.0,0.0,0.0,0.0,0.0,4.42,0.0,97.97,0.0,17.79,3.92,668.08,0.0,2.17
256569278054415,253.62,28,6.96,235.86,10.81,233.15,172.66,240.55,0.0,0.0,0.0,0.0,0.0,0.0,1.7,0.0,3.07,0.0,10.61,3.45,663.88,0.0,2.19
256569284033655,757.75,28,9.34,737.93,10.48,644.62,204.13,744.78,0.0,0.0,0.0,0.0,0.0,0.0,1.76,0.0,3.2,0.0,61.69,4.8,639.8,0.0,2.49
256569291151347,767.64,28,9.82,747.21,10.61,657.19,186.53,754.38,0.0,0.0,0.0,0.0,0.0,0.0,1.4,0.0,2.58,0.0,15.39,5.32,649.21,0.0,2.65
256569297500976,578.73,28,8.56,561.54,8.63,559.74,280.5,567.67,0.0,0.0,0.0,0.0,0.0,0.0,1.74,0.0,2.99,0.0,114.48,3.5,683.23,0.0,2.42
256569304006988,735.23,28,6.65,716.68,11.89,657.55,202.88,721.13,0.0,0.0,0.0,0.0,0.0,0.0,1.74,0.0,2.75,0.0,11.04,3.58,675.35,0.0,2.18
256569310980027,818.29,28,9.16,773.37,35.76,677.61,211.56,779.72,0.0,0.0,0.0,0.0,0.0,0.0,1.75,0.0,3.19,0.0,24.57,4.27,665.41,0.0,2.81
256569318020766,939.68,28,8.59,919.58,11.51,669.66,202.65,925.98,0.0,0.0,0.0,0.0,0.0,0.0,1.58,0.0,3.09,0.0,14.9,4.76,663.21,0.0,2.13
256569325010505,805.04,28,8.44,784.48,12.12,672.3,243.77,790.87,0.0,0.0,0.0,0.0,0.0,0.0,1.77,0.0,2.94,0.0,30.16,4.24,711.81,0.0,2.05
256569331591842,503.08,28,8.85,485.6,8.64,484.21,406.79,491.89,0.0,0.0,0.0,0.0,0.0,0.0,1.54,0.0,2.74,0.0,224.01,5.0,672.59,0.0,2.56
256569338032482,820.59,28,13.04,796.24,11.31,688.38,214.01,806.89,0.0,0.0,0.0,0.0,0.0,0.0,2.52,0.0,4.02,0.0,54.57,6.91,687.25,0.0,2.38
256569345008927,774.3,28,83.95,580.36,109.99,0.0,240.37,661.7,0.0,0.0,0.0,0.0,0.0,0.0,1.81,0.0,3.03,0.0,91.63,80.61,661.87,0.0,2.58
256569351462780,605.62,28,6.2,590.04,9.37,587.34,237.57,594.76,0.0,0.0,0.0,0.0,0.0,0.0,1.65,0.0,2.81,0.0,8.55,3.4,758.06,0.0,1.44
256569358023499,811.12,28,9.46,789.57,12.09,709.15,225.23,796.5,0.0,0.0,0.0,0.0,0.0,0.0,2.98,0.0,4.17,0.0,24.73,3.54,671.12,0.0,2.53
256569364513177,243.12,28,11.2,222.25,9.67,222.19,177.24,231.17,0.0,0.0,0.0,0.0,0.0,0.0,1.59,0.0,2.72,0.0,17.11,9.09,667.49,0.0,2.25
256569370850576,341.67,28,8.52,243.05,90.1,241.14,186.22,248.89,0.0,0.0,0.0,0.0,0.0,0.0,1.57,0.0,2.79,0.0,21.03,4.64,650.62,0.0,2.62
256569377029067,311.05,28,7.16,286.23,17.67,0.0,182.22,291.53,0.0,0.0,0.0,0.0,0.0,0.0,1.71,0.0,2.85,0.0,12.21,3.6,691.0,0.0,1.85
256569382800702,333.22,28,9.1,315.74,8.38,315.5,191.59,322.87,0.0,0.0,0.0,0.0,0.0,0.0,1.67,0.0,2.92,0.0,9.45,4.89,626.08,0.0,1.97
256569389026860,256.88,28,6.59,234.75,15.54,0.0,177.5,239.19,0.0,0.0,0.0,0.0,0.0,0.0,1.79,0.0,3.02,0.0,8.3,3.46,668.01,0.0,2.16
256569395029315,291.67,28,6.96,262.01,22.7,0.0,179.24,267.39,0.0,0.0,0.0,0.0,0.0,0.0,1.73,0.0,2.91,0.0,8.78,3.41,682.28,0.0,1.58
256569401034566,782.73,28,8.11,763.41,11.21,666.16,209.96,768.95,0.0,0.0,0.0,0.0,0.0,0.0,1.56,0.0,3.21,0.0,16.59,3.5,656.3,0.0,2.52
256569407503740,566.92,28,8.04,549.53,9.36,547.07,223.98,555.12,0.0,0.0,0.0,0.0,0.0,0.0,1.74,0.0,2.84,0.0,15.76,3.46,714.84,0.0,2.44
256569413576325,259.71,28,23.57,226.86,9.28,234.26,192.92,248.61,0.0,0.0,0.0,0.0,0.0,0.0,1.6,0.0,2.76,0.0,29.68,19.63,666.41,0.0,1.82
256569419352161,806.25,28,18.98,774.51,12.77,659.2,247.24,782.22,0.0,0.0,0.0,0.0,0.0,0.0,2.84,0.0,5.46,0.0,31.72,4.49,703.93,0.0,10.69
256569427028818,789.33,28,7.68,653.4,128.24,0.0,224.37,659.08,0.0,0.0,0.0,0.0,0.0,0.0,1.72,0.0,3.14,0.0,11.31,3.48,711.64,0.0,2.0
256569433520641,240.35,28,7.44,224.24,8.68,222.09,165.13,229.36,0.0,0.0,0.0,0.0,0.0,0.0,1.59,0.0,3.08,0.0,9.74,3.48,668.88,0.0,2.31
256569439943208,333.59,28,15.86,248.5,69.23,250.84,173.36,258.61,0.0,0.0,0.0,0.0,0.0,0.0,1.79,0.0,7.98,0.0,17.03,3.63,649.32,0.0,5.75
256569446043512,311.65,28,6.88,294.85,9.92,292.81,175.61,300.2,0.0,0.0,0.0,0.0,0.0,0.0,1.77,0.0,3.31,0.0,7.78,3.43,665.43,0.0,1.49
256569452031226,319.1,28,7.39,296.02,15.69,0.0,171.84,301.81,0.0,0.0,0.0,0.0,0.0,0.0,1.53,0.0,3.14,0.0,12.38,3.53,660.56,0.0,1.53
256569457930335,326.9,28,7.42,310.59,8.9,305.62,190.15,315.73,0.0,0.0,0.0,0.0,0.0,0.0,1.86,0.0,3.12,0.0,16.12,3.47,645.72,0.0,2.28
256569463742748,763.58,28,9.07,743.02,11.48,626.85,211.97,749.84,0.0,0.0,0.0,0.0,0.0,0.0,1.47,0.0,2.78,0.0,14.79,5.12,695.49,0.0,2.26
256569470453891,598.7,28,8.16,581.06,9.47,578.2,230.82,586.61,0.0,0.0,0.0,0.0,0.0,0.0,1.62,0.0,2.77,0.0,10.9,3.51,695.06,0.0,2.61
256569477020824,781.65,28,8.73,662.83,110.09,0.0,225.38,669.0,0.0,0.0,0.0,0.0,0.0,0.0,2.0,0.0,3.19,0.0,53.9,3.5,704.76,0.0,2.56
256569484834430,340.86,28,11.56,231.79,97.51,229.88,176.55,238.0,0.0,0.0,0.0,0.0,0.0,0.0,1.57,0.0,3.08,0.0,17.12,3.54,658.19,0.0,5.35
256569490690898,463.81,28,8.43,446.43,8.95,443.36,197.01,452.09,0.0,0.0,0.0,0.0,0.0,0.0,1.52,0.0,2.71,0.0,9.67,3.65,683.59,0.0,2.77
256569497023492,828.74,28,8.48,809.59,10.66,718.47,214.02,815.0,0.0,0.0,0.0,0.0,0.0,0.0,1.57,0.0,3.06,0.0,17.91,3.58,672.93,0.0,3.04
256569503592132,631.99,28,207.47,415.63,8.89,207.0,365.73,620.21,0.0,0.0,0.0,0.0,0.0,0.0,1.67,0.0,2.84,0.0,223.62,205.13,693.83,0.0,2.75
256569510033086,876.76,28,7.95,736.69,132.12,0.0,223.39,742.21,0.0,0.0,0.0,0.0,0.0,0.0,1.69,0.0,3.02,0.0,8.96,3.73,637.4,0.0,2.23
256569517026967,892.47,28,8.29,680.54,203.64,0.0,214.85,686.61,0.0,0.0,0.0,0.0,0.0,0.0,1.97,0.0,3.46,0.0,13.15,3.5,709.61,0.0,2.22
256569523582328,500.75,28,7.52,483.74,9.49,480.18,206.5,488.78,0.0,0.0,0.0,0.0,0.0,0.0,1.64,0.0,2.88,0.0,7.99,3.52,678.23,0.0,2.38
256569530025412,844.39,28,8.8,823.37,12.23,685.77,244.36,830.01,0.0,0.0,0.0,0.0,0.0,0.0,1.72,0.0,3.05,0.0,80.33,3.6,693.39,0.0,2.15
256569537006318,785.97,28,11.01,762.95,12.01,658.32,194.6,770.86,0.0,0.0,0.0,0.0,0.0,0.0,1.71,0.0,2.88,0.0,35.86,5.73,664.93,0.0,3.1
256569544062415,359.18,28,10.51,258.97,89.7,256.31,187.45,264.54,0.0,0.0,0.0,0.0,0.0,0.0,1.8,0.0,2.99,0.0,16.63,3.51,662.44,0.0,4.89
256569550027056,335.87,28,7.66,318.98,9.22,315.46,171.25,324.21,0.0,0.0,0.0,0.0,0.0,0.0,1.69,0.0,3.08,0.0,9.08,3.43,657.58,0.0,2.44
256569555894168,315.36,28,6.85,299.25,9.26,296.03,173.25,304.62,0.0,0.0,0.0,0.0,0.0,0.0,1.57,0.0,2.87,0.0,16.03,3.52,655.31,0.0,1.44
256569561762410,329.83,28,6.69,298.46,24.68,0.0,170.32,303.54,0.0,0.0,0.0,0.0,0.0,0.0,1.45,0.0,2.54,0.0,9.23,3.46,654.92,0.0,1.61
256569568034047,801.65,28,8.75,673.76,119.15,0.0,210.58,680.36,0.0,0.0,0.0,0.0,0.0,0.0,1.82,0.0,3.1,0.0,14.37,3.79,667.11,0.0,2.14
256569575721435,453.73,28,9.04,356.42,88.27,353.76,190.09,362.94,0.0,0.0,0.0,0.0,0.0,0.0,1.79,0.0,3.34,0.0,16.13,3.57,648.92,0.0,2.51
256569581701311,452.4,28,9.68,434.25,8.47,433.94,198.28,441.99,0.0,0.0,0.0,0.0,0.0,0.0,1.51,0.0,2.98,0.0,43.99,5.18,659.28,0.0,1.94
256569587661826,488.12,28,25.34,452.47,10.31,449.3,197.95,461.05,0.0,0.0,0.0,0.0,0.0,0.0,3.09,0.0,4.53,0.0,20.75,8.36,687.31,0.0,14.92
256569594030989,759.67,28,8.64,738.52,12.51,645.39,209.87,744.77,0.0,0.0,0.0,0.0,0.0,0.0,2.12,0.0,3.5,0.0,27.44,3.49,661.18,0.0,2.35
256569601004352,1232.09,28,6.51,385.25,840.33,265.19,162.69,390.12,0.0,0.0,0.0,0.0,0.0,0.0,1.74,0.0,2.93,0.0,8.61,3.58,632.63,0.0,1.54
256569609056760,879.4,28,60.65,807.64,11.11,766.41,255.7,866.91,0.0,0.0,0.0,0.0,0.0,0.0,6.72,0.0,58.4,0.0,9.53,3.44,681.69,0.0,1.38
256569616765281,442.48,28,159.6,188.41,94.46,0.0,177.08,345.26,0.0,0.0,0.0,0.0,0.0,0.0,1.69,0.0,154.1,0.0,20.25,3.72,650.08,0.0,2.75
256569623036280,822.22,28,54.64,756.68,10.91,710.6,187.24,808.77,0.0,0.0,0.0,0.0,0.0,0.0,6.81,0.0,49.65,0.0,13.77,4.11,685.65,0.0,2.55
256569629503016,261.08,28,7.72,235.9,17.46,0.0,175.12,241.15,0.0,0.0,0.0,0.0,0.0,0.0,1.48,0.0,2.95,0.0,8.95,3.52,663.93,0.0,2.47
256569635805363,425.24,28,26.36,312.58,86.31,300.0,180.98,320.55,0.0,0.0,0.0,0.0,0.0,0.0,1.74,0.0,4.79,0.0,22.4,3.57,649.3,0.0,18.0
256569642065820,320.74,28,7.82,302.83,10.09,300.91,177.49,308.46,0.0,0.0,0.0,0.0,0.0,0.0,1.4,0.0,2.74,0.0,13.29,3.48,645.67,0.0,2.19
256569647879189,335.63,28,8.18,317.98,9.46,315.65,183.7,323.4,0.0,0.0,0.0,0.0,0.0,0.0,1.68,0.0,3.17,0.0,8.36,3.47,672.4,0.0,2.76
256569654032878,308.49,28,7.2,284.72,16.57,0.0,178.5,290.05,0.0,0.0,0.0,0.0,0.0,0.0,1.55,0.0,2.83,0.0,15.33,3.52,652.14,0.0,1.86
256569659834569,328.0,28,8.16,310.86,8.98,310.11,185.47,317.74,0.0,0.0,0.0,0.0,0.0,0.0,1.58,0.0,3.15,0.0,36.89,3.73,652.11,0.0,1.28
256569666027828,267.75,28,6.95,250.33,10.47,246.3,170.43,255.34,0.0,0.0,0.0,0.0,0.0,0.0,1.58,0.0,2.73,0.0,8.37,3.52,658.31,0.0,1.94
256569672040584,869.63,28,7.79,849.89,11.95,755.66,217.89,855.08,0.0,0.0,0.0,0.0,0.0,0.0,1.73,0.0,3.33,0.0,16.71,3.57,694.45,0.0,2.29
256569679887233,411.41,28,7.93,303.87,99.61,299.66,180.19,309.12,0.0,0.0,0.0,0.0,0.0,0.0,1.61,0.0,3.09,0.0,19.55,3.55,638.25,0.0,2.69
256569686038918,252.29,28,7.54,236.13,8.62,232.03,170.28,241.56,0.0,0.0,0.0,0.0,0.0,0.0,1.9,0.0,3.36,0.0,9.2,3.52,659.04,0.0,2.11
256569692427662,838.89,28,7.45,739.76,91.68,637.76,228.9,745.36,0.0,0.0,0.0,0.0,0.0,0.0,1.52,0.0,2.87,0.0,21.58,3.57,682.46,0.0,1.68
256569699755026,369.42,28,111.93,248.12,9.38,349.51,276.75,357.39,0.0,0.0,0.0,0.0,0.0,0.0,1.59,0.0,3.04,0.0,124.76,107.81,658.41,0.0,2.64
256569706038673,799.1,28,9.0,780.04,10.06,663.54,231.31,786.63,0.0,0.0,0.0,0.0,0.0,0.0,1.72,0.0,2.89,0.0,21.07,4.36,644.89,0.0,2.41
256569713021448,811.49,28,7.62,793.73,10.14,680.52,206.13,799.13,0.0,0.0,0.0,0.0,0.0,0.0,1.67,0.0,3.1,0.0,12.36,3.53,662.37,0.0,2.22
256569720010290,262.22,28,8.02,244.52,9.67,241.62,171.54,250.1,0.0,0.0,0.0,0.0,0.0,0.0,1.65,0.0,2.8,0.0,10.57,3.47,650.99,0.0,2.44
256569725784720,238.31,28,9.74,212.04,16.53,0.0,177.31,218.33,0.0,0.0,0.0,0.0,0.0,0.0,1.87,0.0,3.44,0.0,20.3,3.65,655.92,0.0,3.45
256569732073489,863.95,28,8.37,666.61,188.97,0.0,216.65,672.47,0.0,0.0,0.0,0.0,0.0,0.0,1.71,0.0,3.1,0.0,22.81,3.53,690.86,0.0,2.5
256569739888596,409.5,28,18.24,298.59,92.67,0.0,194.3,304.58,0.0,0.0,0.0,0.0,0.0,0.0,1.5,0.0,2.53,0.0,52.14,3.59,663.82,0.0,12.11
256569746029969,808.35,28,10.2,785.24,12.91,677.2,237.78,793.19,0.0,0.0,0.0,0.0,0.0,0.0,1.78,0.0,2.91,0.0,13.73,5.34,678.2,0.0,2.19
256569753006191,766.28,28,9.0,745.45,11.83,650.65,429.66,752.02,0.0,0.0,0.0,0.0,0.0,0.0,1.6,0.0,2.74,0.0,236.79,4.85,664.99,0.0,2.42
256569760022545,826.6,28,21.89,794.21,10.5,677.99,273.64,799.93,0.0,0.0,0.0,0.0,0.0,0.0,2.04,0.0,3.18,0.0,30.3,3.78,706.91,0.0,15.47
256569766596612,497.55,28,24.47,462.7,10.38,456.39,209.52,469.86,0.0,0.0,0.0,0.0,0.0,0.0,2.98,0.0,5.2,0.0,11.5,3.6,683.76,0.0,17.31
256569773030930,921.04,28,71.87,834.9,14.27,742.14,239.54,841.44,0.0,0.0,0.0,0.0,0.0,0.0,1.88,0.0,2.92,0.0,13.44,4.92,702.09,0.0,64.37
256569780383472,665.15,28,28.37,626.16,10.63,642.02,240.77,652.07,0.0,0.0,0.0,0.0,0.0,0.0,2.31,0.0,3.6,0.0,43.31,24.29,654.46,0.0,2.46
256569787020824,766.72,28,9.55,746.84,10.32,667.12,222.81,753.7,0.0,0.0,0.0,0.0,0.0,0.0,1.83,0.0,3.46,0.0,28.63,4.5,685.5,0.0,2.41
256569794023133,799.14,28,7.32,781.34,10.48,674.15,222.49,786.64,0.0,0.0,0.0,0.0,0.0,0.0,1.55,0.0,2.75,0.0,16.64,3.58,666.33,0.0,2.01
256569801006218,772.69,28,7.64,753.1,11.95,659.28,208.89,758.07,0.0,0.0,0.0,0.0,0.0,0.0,1.68,0.0,2.83,0.0,12.57,3.57,654.48,0.0,2.64
256569808030890,311.94,28,8.56,293.7,9.69,291.79,169.39,299.87,0.0,0.0,0.0,0.0,0.0,0.0,1.81,0.0,3.18,0.0,11.31,3.49,650.35,0.0,2.36
256569814047704,756.47,28,9.16,737.45,9.86,645.21,252.17,744.15,0.0,0.0,0.0,0.0,0.0,0.0,1.75,0.0,3.23,0.0,14.93,4.28,731.88,0.0,2.46
256569821741764,400.32,28,8.06,302.35,89.91,300.78,169.12,307.81,0.0,0.0,0.0,0.0,0.0,0.0,1.55,0.0,2.9,0.0,8.88,3.42,640.28,0.0,2.56
256569827725067,392.2,28,8.38,374.69,9.14,373.36,220.14,380.67,0.0,0.0,0.0,0.0,0.0,0.0,1.58,0.0,3.13,0.0,33.57,3.53,672.81,0.0,2.37
256569833678875,247.85,28,7.25,232.1,8.5,229.72,181.37,237.06,0.0,0.0,0.0,0.0,0.0,0.0,1.59,0.0,3.04,0.0,17.01,3.43,662.3,0.0,2.29
256569840027334,253.0,28,7.18,235.49,10.34,232.88,173.17,240.22,0.0,0.0,0.0,0.0,0.0,0.0,1.72,0.0,2.83,0.0,11.34,3.44,668.86,0.0,2.44
256569845873908,331.39,28,8.13,305.58,17.68,0.0,187.99,310.85,0.0,0.0,0.0,0.0,0.0,0.0,1.61,0.0,3.1,0.0,20.85,3.49,662.09,0.0,2.86
256569852029953,788.97,28,6.67,666.16,116.13,0.0,249.58,670.83,0.0,0.0,0.0,0.0,0.0,0.0,1.67,0.0,2.78,0.0,14.24,3.56,713.9,0.0,1.99
256569859024102,766.32,28,7.94,745.02,13.36,653.2,238.27,750.28,0.0,0.0,0.0,0.0,0.0,0.0,1.5,0.0,2.63,0.0,19.16,3.45,670.66,0.0,2.62
256569865560665,341.23,28,7.74,323.32,10.16,320.62,185.79,328.82,0.0,0.0,0.0,0.0,0.0,0.0,1.62,0.0,2.69,0.0,10.66,3.66,681.96,0.0,2.22
256569871465624,791.91,28,8.34,662.75,120.82,0.0,216.12,667.67,0.0,0.0,0.0,0.0,0.0,0.0,1.56,0.0,2.75,0.0,14.35,3.48,678.23,0.0,3.42
256569878870969,336.1,28,9.02,317.04,10.04,315.26,174.09,323.39,0.0,0.0,0.0,0.0,0.0,0.0,1.66,0.0,2.83,0.0,11.17,6.11,662.46,0.0,2.64
256569884772003,399.39,28,9.07,381.56,8.76,381.26,194.26,388.57,0.0,0.0,0.0,0.0,0.0,0.0,1.62,0.0,2.83,0.0,11.1,5.42,672.54,0.0,2.06
256569890811485,328.74,28,6.99,312.37,9.38,307.48,186.57,317.04,0.0,0.0,0.0,0.0,0.0,0.0,1.6,0.0,2.65,0.0,10.34,3.54,693.39,0.0,2.32
256569897037234,313.72,28,8.31,296.49,8.92,295.34,172.85,302.72,0.0,0.0,0.0,0.0,0.0,0.0,1.61,0.0,3.28,0.0,19.39,3.56,649.23,0.0,2.08
256569903040262,234.62,28,6.41,218.72,9.49,214.79,176.52,223.78,0.0,0.0,0.0,0.0,0.0,0.0,1.52,0.0,2.8,0.0,10.32,3.67,653.77,0.0,1.34
256569909048299,315.27,28,8.1,298.34,8.83,296.23,179.72,304.51,0.0,0.0,0.0,0.0,0.0,0.0,1.92,0.0,3.18,0.0,13.95,3.62,679.8,0.0,1.93
256569915082901,816.07,28,24.1,781.21,10.76,666.37,218.41,787.9,0.0,0.0,0.0,0.0,0.0,0.0,2.4,0.0,3.55,0.0,21.67,3.97,676.79,0.0,17.32
256569922023037,785.66,28,7.96,654.75,122.96,0.0,221.93,660.68,0.0,0.0,0.0,0.0,0.0,0.0,1.88,0.0,3.17,0.0,24.76,4.04,716.5,0.0,2.02
256569929127957,338.08,28,8.74,233.33,96.0,0.0,183.69,239.65,0.0,0.0,0.0,0.0,0.0,0.0,1.72,0.0,2.98,0.0,27.47,3.55,653.58,0.0,2.42
256569935076850,317.32,28,8.51,299.2,9.61,297.39,173.74,305.57,0.0,0.0,0.0,0.0,0.0,0.0,1.77,0.0,2.81,0.0,13.7,3.56,652.26,0.0,2.14
256569941060451,263.24,28,7.93,239.28,16.03,0.0,179.48,245.12,0.0,0.0,0.0,0.0,0.0,0.0,1.57,0.0,2.91,0.0,14.26,3.54,656.71,0.0,2.08
256569947053270,318.38,28,6.81,301.94,9.63,299.0,174.81,306.87,0.0,0.0,0.0,0.0,0.0,0.0,1.54,0.0,2.65,0.0,8.92,3.44,666.8,0.0,1.88
256569953056334,317.48,28,6.64,301.11,9.73,298.67,174.43,306.28,0.0,0.0,0.0,0.0,0.0,0.0,1.71,0.0,2.79,0.0,10.75,3.46,653.61,0.0,1.47
256569959042455,246.85,28,7.26,229.96,9.63,226.7,182.46,235.3,0.0,0.0,0.0,0.0,0.0,0.0,1.71,0.0,2.79,0.0,18.79,3.49,651.56,0.0,1.92
256569965042192,249.63,28,16.13,216.74,16.76,0.0,184.19,230.22,0.0,0.0,0.0,0.0,0.0,0.0,1.72,0.0,11.63,0.0,16.81,3.52,659.36,0.0,2.65
256569970821908,319.79,28,15.7,293.8,10.29,296.24,176.6,304.33,0.0,0.0,0.0,0.0,0.0,0.0,1.52,0.0,8.19,0.0,15.25,3.44,657.17,0.0,5.12
256569977040995,811.09,28,21.11,671.56,118.42,0.0,229.79,679.49,0.0,0.0,0.0,0.0,0.0,0.0,4.02,0.0,5.28,0.0,9.17,4.38,691.5,0.0,12.04
256569984019905,255.63,28,7.37,239.15,9.11,234.88,183.34,244.01,0.0,0.0,0.0,0.0,0.0,0.0,1.72,0.0,2.9,0.0,15.99,3.56,646.52,0.0,2.5
256569990061694,887.72,28,8.83,869.95,8.95,786.36,180.12,877.02,0.0,0.0,0.0,0.0,0.0,0.0,1.89,0.0,3.06,0.0,12.87,5.45,596.51,0.0,1.76
256569998070843,951.0,28,8.91,844.8,97.29,696.16,226.49,851.08,0.0,0.0,0.0,0.0,0.0,0.0,2.0,0.0,3.4,0.0,19.94,5.5,683.06,0.0,2.56
256570006329215,264.52,28,8.66,244.54,11.32,238.35,174.68,249.98,0.0,0.0,0.0,0.0,0.0,0.0,2.09,0.0,3.35,0.0,15.12,3.65,648.68,0.0,2.6
256570013063650,925.17,28,8.53,819.82,96.82,680.87,202.29,825.53,0.0,0.0,0.0,0.0,0.0,0.0,1.52,0.0,2.62,0.0,19.26,4.3,670.26,0.0,2.51
256570021025422,830.13,28,7.72,810.45,11.96,693.41,181.55,815.81,0.0,0.0,0.0,0.0,0.0,0.0,1.85,0.0,3.16,0.0,12.69,3.53,688.89,0.0,2.36
256570028305798,261.73,28,7.86,244.54,9.33,239.64,174.22,250.34,0.0,0.0,0.0,0.0,0.0,0.0,1.83,0.0,2.91,0.0,9.59,3.44,659.61,0.0,2.06
256570034160379,244.9,28,7.18,227.95,9.77,222.08,173.3,232.78,0.0,0.0,0.0,0.0,0.0,0.0,1.47,0.0,2.6,0.0,10.3,3.39,651.56,0.0,2.27
256570040087638,242.82,28,6.65,216.77,19.4,0.0,172.5,221.8,0.0,0.0,0.0,0.0,0.0,0.0,1.49,0.0,2.66,0.0,12.39,3.59,645.83,0.0,1.59
256570045921523,334.57,28,8.4,315.65,10.52,302.23,180.2,321.25,0.0,0.0,0.0,0.0,0.0,0.0,1.64,0.0,2.59,0.0,13.49,4.65,664.9,0.0,2.58
256570052026713,809.74,28,6.92,792.07,10.75,671.05,218.71,796.88,0.0,0.0,0.0,0.0,0.0,0.0,1.47,0.0,2.67,0.0,17.58,3.5,687.54,0.0,2.09
256570059026401,238.44,28,6.33,221.76,10.34,217.31,172.7,226.39,0.0,0.0,0.0,0.0,0.0,0.0,1.76,0.0,2.9,0.0,8.25,3.42,664.66,0.0,1.7
256570064952873,256.79,28,7.87,239.49,9.43,236.48,174.6,244.9,0.0,0.0,0.0,0.0,0.0,0.0,1.57,0.0,2.74,0.0,15.47,3.49,656.24,0.0,2.39
256570071028569,289.26,28,7.55,262.9,18.81,0.0,173.58,268.76,0.0,0.0,0.0,0.0,0.0,0.0,1.66,0.0,2.86,0.0,10.59,3.46,654.21,0.0,1.69
256570076949077,315.16,28,57.39,247.61,10.16,291.59,187.11,303.47,0.0,0.0,0.0,0.0,0.0,0.0,50.9,0.0,52.38,0.0,20.87,3.48,668.51,0.0,1.53
256570083036158,319.41,28,7.14,302.86,9.4,297.24,169.24,308.09,0.0,0.0,0.0,0.0,0.0,0.0,1.64,0.0,2.76,0.0,10.34,3.45,655.98,0.0,1.92
256570089082369,257.8,28,7.55,230.68,19.56,0.0,180.51,236.12,0.0,0.0,0.0,0.0,0.0,0.0,1.73,0.0,3.07,0.0,12.76,3.51,672.86,0.0,2.08
256570094929956,268.62,28,6.89,250.8,10.93,245.96,169.5,256.09,0.0,0.0,0.0,0.0,0.0,0.0,1.91,0.0,3.07,0.0,8.45,3.44,660.04,0.0,1.6
256570101057244,808.22,28,8.1,788.75,11.37,675.16,246.11,794.51,0.0,0.0,0.0,0.0,0.0,0.0,1.58,0.0,2.74,0.0,13.64,3.88,708.98,0.0,2.33
256570108141956,900.73,28,10.92,783.25,106.56,675.28,213.99,791.36,0.0,0.0,0.0,0.0,0.0,0.0,2.24,0.0,3.69,0.0,11.62,5.69,704.28,0.0,2.76
256570116026854,810.33,28,8.02,790.26,12.04,665.33,223.07,796.05,0.0,0.0,0.0,0.0,0.0,0.0,1.79,0.0,3.1,0.0,9.04,4.21,686.93,0.0,2.23
256570123025262,260.07,28,7.55,234.14,18.39,0.0,186.77,239.83,0.0,0.0,0.0,0.0,0.0,0.0,1.63,0.0,2.84,0.0,16.48,3.58,678.05,0.0,1.86
256570129054259,318.31,28,6.97,301.97,9.37,299.45,176.73,307.22,0.0,0.0,0.0,0.0,0.0,0.0,1.52,0.0,2.74,0.0,13.26,3.55,656.45,0.0,1.7
256570135010830,241.47,28,6.76,225.33,9.39,221.74,177.25,230.62,0.0,0.0,0.0,0.0,0.0,0.0,1.65,0.0,2.91,0.0,9.65,3.49,669.25,0.0,1.35
256570141069629,270.48,28,6.56,239.0,24.92,234.56,174.89,243.56,0.0,0.0,0.0,0.0,0.0,0.0,1.56,0.0,2.76,0.0,8.58,3.43,660.25,0.0,2.0
256570147092332,808.11,28,7.61,790.78,9.71,669.35,247.22,796.9,0.0,0.0,0.0,0.0,0.0,0.0,1.93,0.0,3.1,0.0,12.57,4.03,720.12,0.0,1.49
256570154849416,346.5,28,7.61,238.31,100.58,234.26,181.82,243.51,0.0,0.0,0.0,0.0,0.0,0.0,1.5,0.0,2.76,0.0,11.69,3.51,658.27,0.0,2.41
256570161042396,323.49,28,8.16,295.57,19.76,0.0,178.53,301.42,0.0,0.0,0.0,0.0,0.0,0.0,1.64,0.0,2.85,0.0,15.61,3.67,659.6,0.0,2.27
256570167075691,804.43,28,7.34,786.16,10.93,673.75,220.79,791.2,0.0,0.0,0.0,0.0,0.0,0.0,1.52,0.0,2.57,0.0,96.53,3.59,603.29,0.0,2.3
256570174693344,482.33,28,8.39,376.18,97.77,373.63,207.91,381.79,0.0,0.0,0.0,0.0,0.0,0.0,1.55,0.0,2.57,0.0,8.91,4.22,670.95,0.0,2.68
256570181206987,841.29,28,7.1,633.42,200.77,0.0,192.61,638.99,0.0,0.0,0.0,0.0,0.0,0.0,1.58,0.0,2.6,0.0,22.9,3.69,652.74,0.0,1.51
256570189010017,888.51,28,24.91,853.49,10.11,734.9,206.64,863.32,0.0,0.0,0.0,0.0,0.0,0.0,4.06,0.0,5.48,0.0,13.24,6.08,662.99,0.0,14.85
256570196935839,883.81,28,8.31,688.81,186.68,0.0,204.48,693.89,0.0,0.0,0.0,0.0,0.0,0.0,1.57,0.0,2.84,0.0,8.83,3.46,699.26,0.0,3.04
256570204178046,782.51,28,9.54,762.58,10.39,652.78,243.46,769.77,0.0,0.0,0.0,0.0,0.0,0.0,1.6,0.0,3.07,0.0,21.8,4.79,711.81,0.0,2.35
256570210642291,312.7,28,7.09,296.93,8.69,293.83,174.38,302.08,0.0,0.0,0.0,0.0,0.0,0.0,1.65,0.0,2.81,0.0,8.91,3.52,667.86,0.0,1.93
256570217107633,848.65,28,38.56,714.61,95.48,647.19,164.72,750.57,0.0,0.0,0.0,0.0,0.0,0.0,2.11,0.0,36.03,0.0,11.55,5.51,655.21,0.0,2.54
256570224830644,396.03,28,48.44,249.02,98.57,286.54,206.84,294.75,0.0,0.0,0.0,0.0,0.0,0.0,39.56,0.0,40.58,0.0,50.57,6.24,633.23,0.0,2.69
256570231032559,251.22,28,7.41,228.14,15.67,0.0,185.39,233.65,0.0,0.0,0.0,0.0,0.0,0.0,1.58,0.0,3.19,0.0,7.91,3.42,654.76,0.0,1.9
256570237031886,317.07,28,7.19,300.52,9.36,298.03,176.45,305.68,0.0,0.0,0.0,0.0,0.0,0.0,1.54,0.0,2.64,0.0,10.12,3.43,666.65,0.0,1.99
256570242960971,911.5,28,8.86,891.71,10.93,803.35,224.76,898.18,0.0,0.0,0.0,0.0,0.0,0.0,1.55,0.0,2.93,0.0,18.08,3.54,695.23,0.0,2.39
256570250973287,814.57,28,9.75,761.34,43.49,654.0,228.66,768.38,0.0,0.0,0.0,0.0,0.0,0.0,1.81,0.0,2.89,0.0,9.93,4.92,689.21,0.0,2.7
256570257628493,1286.63,28,6.22,460.11,820.3,359.25,164.25,464.98,0.0,0.0,0.0,0.0,0.0,0.0,1.77,0.0,2.94,0.0,9.48,3.5,636.36,0.0,1.35
256570265858087,401.11,28,8.67,296.42,96.03,294.76,179.89,302.1,0.0,0.0,0.0,0.0,0.0,0.0,1.57,0.0,2.53,0.0,14.44,3.53,664.89,0.0,2.98
256570272037960,791.24,28,8.01,771.26,11.97,678.76,250.52,777.31,0.0,0.0,0.0,0.0,0.0,0.0,1.61,0.0,3.02,0.0,11.16,3.48,703.09,0.0,1.96
256570279865157,353.3,28,24.93,230.53,97.84,0.0,211.03,236.16,0.0,0.0,0.0,0.0,0.0,0.0,1.49,0.0,2.57,0.0,58.72,3.91,669.11,0.0,19.31
256570286040651,316.72,28,7.88,299.91,8.93,298.45,173.11,305.77,0.0,0.0,0.0,0.0,0.0,0.0,1.77,0.0,3.15,0.0,11.03,3.62,653.53,0.0,2.02
256570292047095,765.38,28,8.13,746.25,11.0,646.66,220.52,752.72,0.0,0.0,0.0,0.0,0.0,0.0,1.54,0.0,2.57,0.0,11.82,5.96,692.12,0.0,1.46
256570299981074,932.17,28,27.21,869.99,34.96,748.54,205.03,877.46,0.0,0.0,0.0,0.0,0.0,0.0,2.4,0.0,3.92,0.0,15.08,4.48,667.81,0.0,19.14
256570308008444,792.08,28,7.4,772.7,11.99,674.08,266.83,778.55,0.0,0.0,0.0,0.0,0.0,0.0,1.73,0.0,2.65,0.0,19.37,4.28,718.08,0.0,1.54
256570315799399,378.45,28,26.48,258.95,93.02,252.81,190.53,264.66,0.0,0.0,0.0,0.0,0.0,0.0,1.72,0.0,2.98,0.0,12.69,4.6,637.98,0.0,20.33
256570321812746,329.93,28,10.49,309.15,10.28,308.83,180.4,316.91,0.0,0.0,0.0,0.0,0.0,0.0,1.59,0.0,2.52,0.0,12.9,5.24,627.7,0.0,2.73
256570327795653,362.47,28,9.86,343.39,9.22,320.48,206.72,350.16,0.0,0.0,0.0,0.0,0.0,0.0,1.49,0.0,2.64,0.0,27.39,4.13,660.35,0.0,3.1
256570334055954,260.26,28,7.74,243.96,8.55,241.28,178.57,249.79,0.0,0.0,0.0,0.0,0.0,0.0,1.71,0.0,2.99,0.0,16.52,3.57,654.88,0.0,1.91
256570340066503,810.8,28,6.82,791.99,11.99,686.39,225.69,797.6,0.0,0.0,0.0,0.0,0.0,0.0,1.98,0.0,3.15,0.0,15.64,3.63,707.22,0.0,1.21
256570347026728,315.95,28,9.4,289.8,16.74,0.0,185.16,294.8,0.0,0.0,0.0,0.0,0.0,0.0,1.85,0.0,2.81,0.0,15.03,3.48,663.17,0.0,4.4
256570353051891,334.66,28,7.61,311.22,15.83,0.0,168.57,316.64,0.0,0.0,0.0,0.0,0.0,0.0,1.82,0.0,3.06,0.0,9.14,3.5,641.86,0.0,2.19
256570359094304,314.57,28,6.4,299.41,8.77,296.47,170.12,304.64,0.0,0.0,0.0,0.0,0.0,0.0,1.78,0.0,2.79,0.0,12.85,3.5,647.32,0.0,1.16
256570365024371,326.74,28,6.96,311.16,8.61,309.04,175.17,316.48,0.0,0.0,0.0,0.0,0.0,0.0,1.67,0.0,2.9,0.0,9.91,3.47,666.55,0.0,1.65
256570371119974,318.71,28,6.29,303.54,8.88,300.06,175.48,308.65,0.0,0.0,0.0,0.0,0.0,0.0,1.61,0.0,2.68,0.0,11.81,3.54,654.58,0.0,1.17
256570377089573,250.35,28,7.82,224.87,17.67,0.0,174.31,230.78,0.0,0.0,0.0,0.0,0.0,0.0,2.02,0.0,3.12,0.0,11.83,3.58,650.89,0.0,1.91
256570383084274,783.46,28,6.88,656.02,120.56,0.0,249.59,660.9,0.0,0.0,0.0,0.0,0.0,0.0,1.59,0.0,2.66,0.0,8.78,3.61,699.95,0.0,2.0
256570389592187,495.35,28,7.35,478.27,9.73,475.41,198.41,483.25,0.0,0.0,0.0,0.0,0.0,0.0,1.58,0.0,2.7,0.0,14.59,3.44,662.46,0.0,2.36
256570396028831,811.45,28,37.4,762.87,11.18,671.93,218.84,798.57,0.0,0.0,0.0,0.0,0.0,0.0,3.67,0.0,33.82,0.0,25.26,3.79,644.97,0.0,1.7
256570403896590,351.22,28,19.0,236.43,95.79,234.38,174.53,242.34,0.0,0.0,0.0,0.0,0.0,0.0,1.93,0.0,3.11,0.0,17.13,3.5,641.56,0.0,13.05
256570410060013,317.97,28,7.1,302.68,8.19,300.35,184.16,308.31,0.0,0.0,0.0,0.0,0.0,0.0,2.15,0.0,3.39,0.0,11.76,3.49,662.0,0.0,1.39
256570416066710,827.97,28,150.28,665.44,12.25,655.57,276.61,776.82,0.0,0.0,0.0,0.0,0.0,0.0,1.71,0.0,2.96,0.0,125.54,110.61,728.88,0.0,38.41
256570423028365,256.98,28,11.6,228.17,17.22,0.0,182.9,233.89,0.0,0.0,0.0,0.0,0.0,0.0,1.48,0.0,2.52,0.0,23.43,3.61,668.44,0.0,5.88
256570428991649,826.3,28,13.19,797.72,15.39,675.47,235.77,805.9,0.0,0.0,0.0,0.0,0.0,0.0,1.89,0.0,3.41,0.0,12.62,5.76,718.17,0.0,4.8
256570436872239,894.17,28,9.08,795.45,89.64,680.78,208.28,801.9,0.0,0.0,0.0,0.0,0.0,0.0,1.89,0.0,3.01,0.0,11.03,3.63,692.55,0.0,2.63
256570444892815,347.55,28,17.17,227.41,102.97,226.67,179.14,234.06,0.0,0.0,0.0,0.0,0.0,0.0,1.63,0.0,2.99,0.0,15.82,3.69,657.41,0.0,10.51
256570450872995,332.86,28,9.92,313.04,9.91,311.95,171.95,320.05,0.0,0.0,0.0,0.0,0.0,0.0,1.56,0.0,2.81,0.0,13.17,6.66,650.71,0.0,2.9
256570456870341,335.56,28,9.96,316.46,9.15,313.18,183.95,323.87,0.0,0.0,0.0,0.0,0.0,0.0,1.57,0.0,2.74,0.0,18.78,5.09,632.7,0.0,2.54
256570462854310,269.6,28,7.58,244.07,17.94,0.0,179.86,249.25,0.0,0.0,0.0,0.0,0.0,0.0,1.7,0.0,2.79,0.0,9.06,3.65,678.9,0.0,2.4
256570469034188,786.53,28,7.62,769.07,9.85,666.75,211.09,774.37,0.0,0.0,0.0,0.0,0.0,0.0,1.83,0.0,3.11,0.0,9.77,3.65,669.54,0.0,2.31
256570476781534,431.24,28,8.07,324.04,99.12,321.02,180.9,329.57,0.0,0.0,0.0,0.0,0.0,0.0,1.6,0.0,2.85,0.0,17.87,3.51,645.02,0.0,2.55
256570483266625,398.58,28,6.71,304.13,87.74,300.98,171.44,309.35,0.0,0.0,0.0,0.0,0.0,0.0,1.53,0.0,3.03,0.0,8.92,3.59,664.09,0.0,1.41
256570489905498,394.35,28,13.09,285.24,96.02,0.0,174.6,295.68,0.0,0.0,0.0,0.0,0.0,0.0,5.95,0.0,7.17,0.0,24.87,9.59,644.58,0.0,2.65
256570496065075,765.5,28,9.63,639.83,116.03,0.0,210.87,647.06,0.0,0.0,0.0,0.0,0.0,0.0,1.74,0.0,2.77,0.0,20.27,4.47,696.36,0.0,2.4
256570503777090,435.56,28,24.7,308.22,102.65,0.0,186.92,315.21,0.0,0.0,0.0,0.0,0.0,0.0,1.61,0.0,2.87,0.0,21.29,5.17,644.69,0.0,17.21
256570509840709,262.43,28,6.98,246.03,9.42,241.44,174.41,250.72,0.0,0.0,0.0,0.0,0.0,0.0,1.59,0.0,2.79,0.0,9.72,3.45,674.22,0.0,2.28
256570516038693,858.22,28,9.64,837.7,10.88,734.26,246.22,845.01,0.0,0.0,0.0,0.0,0.0,0.0,1.6,0.0,2.89,0.0,31.19,5.41,691.42,0.0,2.33
256570523857867,900.65,28,10.09,791.22,99.34,684.38,233.32,798.73,0.0,0.0,0.0,0.0,0.0,0.0,1.5,0.0,2.75,0.0,16.4,5.5,700.52,0.0,2.59
256570531822848,346.91,28,8.22,247.7,90.99,246.12,189.97,253.44,0.0,0.0,0.0,0.0,0.0,0.0,1.56,0.0,2.88,0.0,26.75,3.55,648.97,0.0,2.48
256570537852655,347.75,28,7.96,330.4,9.39,327.8,182.01,336.42,0.0,0.0,0.0,0.0,0.0,0.0,1.85,0.0,2.91,0.0,17.49,3.56,650.83,0.0,1.95
256570544034133,319.8,28,6.56,296.2,17.04,0.0,185.09,301.1,0.0,0.0,0.0,0.0,0.0,0.0,1.81,0.0,3.05,0.0,9.25,3.56,689.21,0.0,1.6
256570550029911,862.92,28,7.6,843.15,12.17,662.47,209.18,772.98,0.0,0.0,0.0,0.0,0.0,0.0,1.53,0.0,2.97,0.0,16.56,3.53,659.11,0.0,1.58
256570557641190,808.49,28,12.37,785.68,10.44,671.73,337.63,795.41,0.0,0.0,0.0,0.0,0.0,0.0,1.43,0.0,2.58,0.0,199.03,8.23,688.3,0.0,2.63
256570565051714,799.08,28,6.62,781.78,10.68,684.39,227.65,786.86,0.0,0.0,0.0,0.0,0.0,0.0,1.61,0.0,2.81,0.0,9.05,3.48,735.25,0.0,1.5
256570572905518,343.46,28,8.64,229.17,105.65,226.01,175.77,235.18,0.0,0.0,0.0,0.0,0.0,0.0,1.75,0.0,3.24,0.0,13.35,3.47,663.61,0.0,2.61
256570579084678,240.18,28,7.08,224.19,8.9,221.43,182.43,229.37,0.0,0.0,0.0,0.0,0.0,0.0,1.67,0.0,2.74,0.0,9.69,3.43,675.78,0.0,1.89
256570585082940,758.81,28,64.99,683.6,10.21,644.96,241.41,746.99,0.0,0.0,0.0,0.0,0.0,0.0,60.26,0.0,61.61,0.0,8.61,3.45,678.15,0.0,1.61
256570592954156,915.84,28,9.52,739.07,167.25,0.0,240.38,745.53,0.0,0.0,0.0,0.0,0.0,0.0,1.61,0.0,2.71,0.0,16.57,4.3,695.64,0.0,3.0
256570600156005,853.41,28,8.06,757.61,87.74,659.61,197.94,763.07,0.0,0.0,0.0,0.0,0.0,0.0,1.77,0.0,2.95,0.0,10.02,3.44,648.56,0.0,2.59
256570606702369,316.01,28,7.44,298.87,9.71,296.43,172.84,303.87,0.0,0.0,0.0,0.0,0.0,0.0,1.7,0.0,2.74,0.0,9.41,3.47,674.93,0.0,2.44
256570613024993,791.77,28,8.7,772.65,10.41,670.75,210.23,779.37,0.0,0.0,0.0,0.0,0.0,0.0,1.51,0.0,2.74,0.0,14.38,3.98,687.51,0.0,1.98
256570620904218,848.65,28,8.17,735.03,105.46,645.63,249.09,741.1,0.0,0.0,0.0,0.0,0.0,0.0,1.76,0.0,3.05,0.0,20.54,3.57,677.79,0.0,2.08
256570628029502,749.72,28,6.79,645.59,97.34,0.0,213.85,650.78,0.0,0.0,0.0,0.0,0.0,0.0,1.55,0.0,2.73,0.0,8.36,3.57,713.24,0.0,1.6
256570635032604,324.22,28,8.63,306.01,9.58,304.42,181.12,311.85,0.0,0.0,0.0,0.0,0.0,0.0,1.78,0.0,2.89,0.0,18.27,3.58,670.51,0.0,2.79
256570641587863,518.24,28,7.07,409.47,101.7,406.63,231.65,414.84,0.0,0.0,0.0,0.0,0.0,0.0,1.59,0.0,2.73,0.0,10.08,4.17,697.96,0.0,1.44
256570647795978,385.15,28,8.26,367.39,9.49,364.95,196.79,373.2,0.0,0.0,0.0,0.0,0.0,0.0,1.69,0.0,2.75,0.0,9.24,3.46,659.35,0.0,2.45
256570654039726,327.13,28,7.22,310.6,9.3,308.68,175.27,316.1,0.0,0.0,0.0,0.0,0.0,0.0,1.85,0.0,3.05,0.0,10.04,3.59,660.63,0.0,1.73
256570660715077,908.29,28,9.44,806.68,92.17,681.41,212.86,814.72,0.0,0.0,0.0,0.0,0.0,0.0,1.75,0.0,2.84,0.0,18.22,5.75,654.08,0.0,1.4
256570668027618,322.3,28,10.62,301.68,10.0,298.23,178.72,306.69,0.0,0.0,0.0,0.0,0.0,0.0,1.56,0.0,2.61,0.0,14.46,3.5,662.61,0.0,5.61
256570674105984,239.9,28,6.62,215.8,17.48,0.0,173.55,220.6,0.0,0.0,0.0,0.0,0.0,0.0,1.5,0.0,2.64,0.0,15.18,3.49,657.92,0.0,1.83
256570680092306,312.96,28,7.28,296.37,9.31,293.61,182.43,302.34,0.0,0.0,0.0,0.0,0.0,0.0,2.08,0.0,3.02,0.0,16.73,3.49,673.84,0.0,1.31
256570686087363,322.99,28,7.16,307.43,8.41,305.23,179.6,313.06,0.0,0.0,0.0,0.0,0.0,0.0,1.68,0.0,2.92,0.0,15.62,3.6,680.38,0.0,1.52
256570692110717,270.51,28,6.63,254.5,9.38,251.0,182.66,259.71,0.0,0.0,0.0,0.0,0.0,0.0,1.49,0.0,2.42,0.0,15.47,3.46,649.14,0.0,1.42
256570698108834,261.16,28,7.27,244.92,8.96,241.97,182.36,250.35,0.0,0.0,0.0,0.0,0.0,0.0,1.51,0.0,2.57,0.0,17.32,3.53,647.56,0.0,1.84
256570704106357,326.94,28,5.84,312.3,8.8,307.69,171.19,316.38,0.0,0.0,0.0,0.0,0.0,0.0,1.5,0.0,2.65,0.0,8.83,3.49,650.59,0.0,1.75
256570710645358,472.52,28,7.93,381.02,83.57,373.95,242.35,386.78,0.0,0.0,0.0,0.0,0.0,0.0,1.46,0.0,2.67,0.0,20.31,3.53,697.99,0.0,1.73
256570717028427,806.61,28,9.09,785.38,12.13,670.94,214.06,792.64,0.0,0.0,0.0,0.0,0.0,0.0,1.85,0.0,2.84,0.0,15.51,5.74,669.91,0.0,1.82
256570724029586,326.31,28,8.33,301.49,16.5,0.0,181.95,307.72,0.0,0.0,0.0,0.0,0.0,0.0,1.86,0.0,3.27,0.0,7.88,3.42,667.09,0.0,2.1
256570730066234,790.62,28,7.28,772.59,10.75,671.86,209.5,778.15,0.0,0.0,0.0,0.0,0.0,0.0,1.63,0.0,2.67,0.0,12.86,3.81,715.69,0.0,1.72
256570737026060,918.82,28,7.32,899.5,12.0,788.09,257.6,904.56,0.0,0.0,0.0,0.0,0.0,0.0,1.5,0.0,2.71,0.0,24.78,3.84,706.7,0.0,2.02
256570744034742,235.13,28,7.48,217.98,9.68,215.08,171.91,223.25,0.0,0.0,0.0,0.0,0.0,0.0,1.73,0.0,3.15,0.0,8.59,3.48,660.18,0.0,2.15
256570750045772,796.87,28,7.13,779.56,10.18,678.71,209.51,784.21,0.0,0.0,0.0,0.0,0.0,0.0,1.59,0.0,2.69,0.0,16.07,3.63,659.63,0.0,2.46
256570757029628,321.49,28,7.16,305.32,9.0,302.12,170.5,310.44,0.0,0.0,0.0,0.0,0.0,0.0,1.76,0.0,2.85,0.0,8.49,3.54,654.59,0.0,2.05
256570763071360,261.22,28,8.3,243.63,9.3,241.75,180.77,249.96,0.0,0.0,0.0,0.0,0.0,0.0,1.61,0.0,2.66,0.0,19.92,3.68,666.08,0.0,1.95
256570769062052,760.5,28,51.38,698.59,10.54,645.69,205.4,748.46,0.0,0.0,0.0,0.0,0.0,0.0,1.93,0.0,46.27,0.0,16.36,5.25,711.86,0.0,1.51
256570776024225,800.37,28,44.53,646.62,109.22,0.0,215.43,688.75,0.0,0.0,0.0,0.0,0.0,0.0,4.6,0.0,37.27,0.0,15.08,5.12,668.84,0.0,2.39
256570783028008,789.0,28,12.23,764.77,12.0,678.78,213.4,774.7,0.0,0.0,0.0,0.0,0.0,0.0,3.3,0.0,5.59,0.0,14.49,5.38,681.7,0.0,2.3
256570790174063,834.21,28,7.53,816.53,10.14,747.63,224.59,822.03,0.0,0.0,0.0,0.0,0.0,0.0,1.53,0.0,2.62,0.0,10.09,4.87,707.37,0.0,2.03
256570797028634,311.97,28,6.47,295.96,9.54,291.7,172.5,301.0,0.0,0.0,0.0,0.0,0.0,0.0,1.83,0.0,2.78,0.0,8.5,3.54,660.52,0.0,1.43
256570803064717,803.64,28,7.98,785.22,10.44,676.45,253.51,790.85,0.0,0.0,0.0,0.0,0.0,0.0,1.5,0.0,2.65,0.0,19.47,3.49,721.29,0.0,2.35
256570810864396,411.38,28,10.71,303.82,96.85,301.36,189.23,311.6,0.0,0.0,0.0,0.0,0.0,0.0,3.19,0.0,4.13,0.0,12.84,4.49,658.53,0.0,2.86
256570817057295,258.05,28,7.67,233.82,16.56,0.0,177.54,239.18,0.0,0.0,0.0,0.0,0.0,0.0,1.63,0.0,2.67,0.0,10.79,3.5,662.77,0.0,2.31
256570822953668,231.32,28,7.66,215.0,8.66,212.37,172.04,220.48,0.0,0.0,0.0,0.0,0.0,0.0,1.78,0.0,2.85,0.0,17.1,3.56,654.97,0.0,2.17
256570828898258,316.62,28,8.55,298.13,9.93,296.0,171.41,303.94,0.0,0.0,0.0,0.0,0.0,0.0,1.56,0.0,2.68,0.0,14.7,3.59,642.72,0.0,2.75
256570835485105,595.92,28,6.99,491.7,97.23,489.53,181.92,497.05,0.0,0.0,0.0,0.0,0.0,0.0,2.05,0.0,3.23,0.0,9.34,3.54,690.83,0.0,1.64
256570842090386,317.87,28,7.12,300.88,9.87,292.51,170.47,306.52,0.0,0.0,0.0,0.0,0.0,0.0,1.72,0.0,2.76,0.0,10.37,3.49,641.1,0.0,1.49
256570848035008,821.84,28,8.25,802.93,10.66,672.41,228.6,809.69,0.0,0.0,0.0,0.0,0.0,0.0,2.22,0.0,3.44,0.0,22.34,4.09,689.95,0.0,1.47
256570855027234,782.2,28,6.54,765.65,10.0,651.84,214.36,770.02,0.0,0.0,0.0,0.0,0.0,0.0,2.01,0.0,3.25,0.0,8.8,3.43,677.75,0.0,2.14
256570862029220,255.56,28,8.22,237.0,10.34,234.87,175.34,242.9,0.0,0.0,0.0,0.0,0.0,0.0,1.75,0.0,2.82,0.0,13.24,3.64,663.01,0.0,2.33
256570868065053,795.87,28,8.14,777.28,10.44,684.05,208.72,783.58,0.0,0.0,0.0,0.0,0.0,0.0,1.53,0.0,2.78,0.0,15.77,3.52,688.12,0.0,1.84
256570875880256,340.23,28,14.46,229.56,96.2,222.93,178.37,234.65,0.0,0.0,0.0,0.0,0.0,0.0,1.51,0.0,2.74,0.0,21.94,3.54,645.05,0.0,8.9
256570881871348,239.73,28,7.54,215.89,16.31,0.0,176.3,221.31,0.0,0.0,0.0,0.0,0.0,0.0,1.46,0.0,2.66,0.0,10.28,3.55,665.57,0.0,2.11
256570888048410,765.13,28,10.05,743.41,11.67,645.4,209.31,751.5,0.0,0.0,0.0,0.0,0.0,0.0,2.78,0.0,4.48,0.0,15.56,3.62,650.0,0.0,1.94
256570895024690,771.6,28,8.62,752.75,10.22,656.04,255.23,758.63,0.0,0.0,0.0,0.0,0.0,0.0,1.63,0.0,3.28,0.0,19.95,3.5,747.13,0.0,2.74
256570903019746,807.83,28,7.37,672.82,127.63,0.0,219.97,678.38,0.0,0.0,0.0,0.0,0.0,0.0,1.71,0.0,2.81,0.0,9.97,4.44,703.4,0.0,1.81
256570910877067,320.2,28,8.12,227.54,84.54,223.47,176.81,232.86,0.0,0.0,0.0,0.0,0.0,0.0,1.43,0.0,2.62,0.0,14.53,3.52,669.8,0.0,2.79
256570917296526,739.71,28,9.42,644.7,85.6,642.78,226.21,652.74,0.0,0.0,0.0,0.0,0.0,0.0,2.16,0.0,3.77,0.0,33.97,5.06,685.36,0.0,1.29
256570924030377,1136.25,28,6.26,498.33,631.65,343.65,161.11,503.17,0.0,0.0,0.0,0.0,0.0,0.0,1.59,0.0,2.71,0.0,9.15,3.56,634.21,0.0,1.41
256570931719437,258.31,28,7.12,242.95,8.24,239.79,177.21,248.07,0.0,0.0,0.0,0.0,0.0,0.0,1.42,0.0,2.38,0.0,12.48,3.43,669.43,0.0,2.0
256570938034719,269.25,28,6.94,253.59,8.72,249.85,174.54,258.6,0.0,0.0,0.0,0.0,0.0,0.0,1.52,0.0,2.57,0.0,10.27,3.48,670.41,0.0,1.93
256570944066333,317.43,28,7.56,292.17,17.7,0.0,176.75,297.63,0.0,0.0,0.0,0.0,0.0,0.0,1.46,0.0,2.38,0.0,13.54,3.59,663.54,0.0,2.1
256570950094311,251.25,28,5.69,236.03,9.53,231.55,176.65,239.85,0.0,0.0,0.0,0.0,0.0,0.0,1.63,0.0,2.92,0.0,17.7,3.41,664.82,0.0,1.52
256570956608137,945.13,28,6.29,841.19,97.64,739.78,222.76,846.13,0.0,0.0,0.0,0.0,0.0,0.0,1.6,0.0,2.58,0.0,12.18,3.54,713.15,0.0,1.36
256570964125713,880.54,28,178.57,690.97,11.01,664.59,230.01,772.28,0.0,0.0,0.0,0.0,0.0,0.0,5.12,0.0,80.54,0.0,12.2,3.73,687.51,0.0,97.17
256570971028924,793.86,28,9.06,774.65,10.15,677.55,194.19,780.66,0.0,0.0,0.0,0.0,0.0,0.0,1.86,0.0,3.03,0.0,9.58,4.3,702.03,0.0,2.76
256570978913234,898.69,28,24.23,777.02,97.44,680.63,205.34,783.24,0.0,0.0,0.0,0.0,0.0,0.0,1.85,0.0,3.18,0.0,12.05,3.89,666.81,0.0,17.32
256570987006494,809.1,28,9.77,786.4,12.94,679.07,213.92,793.66,0.0,0.0,0.0,0.0,0.0,0.0,3.16,0.0,4.27,0.0,23.49,4.73,681.01,0.0,2.51
256570993637115,871.28,28,9.42,850.35,11.51,753.38,235.43,856.89,0.0,0.0,0.0,0.0,0.0,0.0,1.58,0.0,3.03,0.0,27.66,3.52,710.72,0.0,2.88
256571001100094,768.64,28,6.36,750.73,11.56,649.07,227.68,755.77,0.0,0.0,0.0,0.0,0.0,0.0,1.64,0.0,2.77,0.0,14.45,3.77,679.63,0.0,1.31
256571008027589,800.04,28,8.67,780.16,11.21,676.87,207.65,786.87,0.0,0.0,0.0,0.0,0.0,0.0,1.5,0.0,2.83,0.0,56.11,4.66,668.58,0.0,1.96
256571014704881,855.17,28,21.73,822.74,10.71,734.17,243.99,828.34,0.0,0.0,0.0,0.0,0.0,0.0,1.94,0.0,3.06,0.0,31.41,3.58,735.33,0.0,15.81
256571022046372,797.77,28,8.7,777.93,11.13,679.81,223.55,783.97,0.0,0.0,0.0,0.0,0.0,0.0,2.0,0.0,3.32,0.0,9.74,3.41,694.75,0.0,2.67
256571029038692,793.38,28,7.57,772.87,12.94,665.01,199.63,778.52,0.0,0.0,0.0,0.0,0.0,0.0,1.56,0.0,2.69,0.0,22.18,3.56,662.87,0.0,1.92
256571035646388,507.31,28,8.7,488.8,9.81,486.87,233.17,494.79,0.0,0.0,0.0,0.0,0.0,0.0,1.79,0.0,2.89,0.0,11.92,3.9,710.75,0.0,2.71
256571042103827,773.41,28,9.55,750.65,13.21,651.29,220.42,758.5,0.0,0.0,0.0,0.0,0.0,0.0,3.16,0.0,4.32,0.0,17.1,4.48,690.74,0.0,1.7
256571049027683,890.14,28,7.69,871.38,11.07,712.75,217.66,876.83,0.0,0.0,0.0,0.0,0.0,0.0,1.5,0.0,2.65,0.0,15.39,3.47,693.21,0.0,2.24
256571056029442,769.55,28,7.88,750.21,11.45,653.23,234.09,755.46,0.0,0.0,0.0,0.0,0.0,0.0,1.72,0.0,2.84,0.0,18.3,3.61,673.76,0.0,2.64
256571063035350,835.74,28,24.68,798.94,12.12,698.18,225.25,805.41,0.0,0.0,0.0,0.0,0.0,0.0,1.58,0.0,2.73,0.0,17.54,4.64,678.31,0.0,17.68
256571070033203,852.97,28,7.16,834.4,11.4,675.73,230.24,838.82,0.0,0.0,0.0,0.0,0.0,0.0,1.94,0.0,3.02,0.0,8.74,3.47,702.54,0.0,2.73
256571076720142,398.21,28,8.2,380.18,9.83,378.03,216.18,385.91,0.0,0.0,0.0,0.0,0.0,0.0,1.71,0.0,2.96,0.0,14.06,4.29,646.11,0.0,2.47
256571083037490,746.48,28,7.07,726.22,13.19,636.09,192.44,731.41,0.0,0.0,0.0,0.0,0.0,0.0,1.87,0.0,3.19,0.0,9.42,3.5,678.82,0.0,1.87
256571090854248,351.11,28,10.87,242.53,97.71,236.75,182.42,250.38,0.0,0.0,0.0,0.0,0.0,0.0,2.52,0.0,3.58,0.0,16.93,5.33,663.0,0.0,2.96
256571097544010,552.28,28,8.34,435.38,108.56,0.0,206.91,441.69,0.0,0.0,0.0,0.0,0.0,0.0,1.54,0.0,2.81,0.0,13.45,4.28,682.82,0.0,2.0
256571104030801,873.55,28,8.49,647.85,217.21,0.0,248.37,654.31,0.0,0.0,0.0,0.0,0.0,0.0,1.8,0.0,3.09,0.0,32.25,3.97,680.96,0.0,2.03
256571111983863,281.07,28,8.25,243.64,29.18,240.53,176.96,249.24,0.0,0.0,0.0,0.0,0.0,0.0,1.57,0.0,2.81,0.0,11.29,3.43,662.05,0.0,2.65
256571118046358,789.29,28,96.01,677.88,15.39,660.78,257.54,771.49,0.0,0.0,0.0,0.0,0.0,0.0,1.6,0.0,2.67,0.0,174.28,169.78,689.73,0.0,2.41
256571124662177,320.91,28,7.73,303.62,9.56,298.79,182.67,308.98,0.0,0.0,0.0,0.0,0.0,0.0,1.54,0.0,2.63,0.0,20.75,3.44,671.88,0.0,2.37
256571131025326,254.43,28,6.85,238.23,9.35,233.45,175.9,242.68,0.0,0.0,0.0,0.0,0.0,0.0,1.6,0.0,2.81,0.0,9.65,3.43,658.36,0.0,2.4
256571137063571,772.64,28,7.17,755.35,10.12,643.83,224.74,761.04,0.0,0.0,0.0,0.0,0.0,0.0,1.89,0.0,2.84,0.0,10.85,3.51,708.21,0.0,1.49
256571144033013,752.12,28,7.99,635.33,108.79,0.0,241.36,641.13,0.0,0.0,0.0,0.0,0.0,0.0,1.77,0.0,3.07,0.0,17.07,3.49,670.53,0.0,2.19
256571151031171,247.78,28,8.05,231.37,8.35,229.13,171.44,237.42,0.0,0.0,0.0,0.0,0.0,0.0,2.19,0.0,3.78,0.0,8.19,3.52,640.35,0.0,1.96
256571157027400,254.76,28,16.69,228.69,9.38,235.47,160.61,242.96,0.0,0.0,0.0,0.0,0.0,0.0,2.03,0.0,14.4,0.0,8.89,3.44,647.39,0.0,2.28
256571163079535,281.34,28,7.61,255.99,17.74,0.0,177.56,262.05,0.0,0.0,0.0,0.0,0.0,0.0,1.49,0.0,2.57,0.0,17.05,3.58,664.82,0.0,1.56
256571168966779,254.92,28,6.55,238.88,9.49,235.3,178.51,243.18,0.0,0.0,0.0,0.0,0.0,0.0,1.79,0.0,2.86,0.0,8.77,3.5,685.87,0.0,2.25
256571174976059,268.23,28,8.3,251.43,8.5,250.0,181.81,257.38,0.0,0.0,0.0,0.0,0.0,0.0,1.85,0.0,3.46,0.0,17.84,3.58,678.98,0.0,2.33
256571181071780,847.71,28,10.15,825.22,12.34,732.95,214.8,833.39,0.0,0.0,0.0,0.0,0.0,0.0,1.51,0.0,2.76,0.0,13.89,5.57,677.7,0.0,1.98
256571188031842,794.63,28,7.51,776.58,10.55,662.38,216.24,782.37,0.0,0.0,0.0,0.0,0.0,0.0,1.74,0.0,2.88,0.0,11.28,3.61,658.98,0.0,1.71
256571194623398,471.57,28,8.19,453.9,9.48,450.61,218.75,459.44,0.0,0.0,0.0,0.0,0.0,0.0,1.74,0.0,3.18,0.0,12.49,3.6,680.53,0.0,2.65
256571200748955,373.85,28,8.91,355.2,9.75,352.8,197.82,361.43,0.0,0.0,0.0,0.0,0.0,0.0,1.7,0.0,2.73,0.0,11.38,4.6,679.16,0.0,2.68
256571206804882,336.0,28,8.04,319.21,8.75,312.48,188.98,325.04,0.0,0.0,0.0,0.0,0.0,0.0,1.55,0.0,2.87,0.0,8.56,3.95,677.66,0.0,2.21
256571213028449,799.82,28,8.56,674.17,117.09,0.0,233.25,680.54,0.0,0.0,0.0,0.0,0.0,0.0,1.63,0.0,2.86,0.0,20.56,3.52,697.33,0.0,2.19
256571220776241,423.86,28,10.85,323.49,89.52,324.06,183.82,331.94,0.0,0.0,0.0,0.0,0.0,0.0,1.66,0.0,3.01,0.0,12.23,7.08,644.19,0.0,2.38
256571227030516,778.65,28,7.33,761.63,9.68,668.5,219.65,767.24,0.0,0.0,0.0,0.0,0.0,0.0,1.66,0.0,2.88,0.0,62.08,4.35,690.35,0.0,1.7
256571234792617,392.44,28,8.49,293.2,90.74,290.69,179.25,298.35,0.0,0.0,0.0,0.0,0.0,0.0,1.76,0.0,3.07,0.0,16.02,3.56,660.46,0.0,2.87
256571241093449,883.98,28,10.27,860.67,13.04,638.55,237.17,868.77,0.0,0.0,0.0,0.0,0.0,0.0,3.59,0.0,4.55,0.0,22.47,6.4,661.68,0.0,1.95
256571247697272,463.5,28,8.7,433.44,21.36,0.0,215.19,439.55,0.0,0.0,0.0,0.0,0.0,0.0,1.52,0.0,2.75,0.0,23.01,3.52,672.65,0.0,2.59
256571253847905,319.66,28,5.82,304.18,9.67,300.4,172.11,308.4,0.0,0.0,0.0,0.0,0.0,0.0,1.55,0.0,2.67,0.0,8.16,3.46,657.49,0.0,1.59
256571260106531,259.24,28,6.93,242.79,9.51,239.95,176.82,248.17,0.0,0.0,0.0,0.0,0.0,0.0,1.67,0.0,2.7,0.0,12.7,3.49,665.05,0.0,1.46
256571266110609,744.52,28,7.83,725.52,11.17,636.39,233.36,732.03,0.0,0.0,0.0,0.0,0.0,0.0,1.65,0.0,2.94,0.0,20.66,6.2,706.14,0.0,1.32
256571273029845,874.21,28,6.88,761.71,105.63,0.0,202.02,766.11,0.0,0.0,0.0,0.0,0.0,0.0,1.56,0.0,2.81,0.0,9.52,3.58,695.77,0.0,2.48
256571280032298,250.64,28,7.34,234.62,8.68,231.96,172.35,240.01,0.0,0.0,0.0,0.0,0.0,0.0,1.52,0.0,2.84,0.0,11.79,3.47,656.05,0.0,1.95
256571285945715,876.36,28,10.27,855.94,10.15,742.32,209.12,863.35,0.0,0.0,0.0,0.0,0.0,0.0,3.02,0.0,4.08,0.0,16.59,4.16,656.31,0.0,2.85
256571293235591,774.16,28,14.65,673.39,86.12,652.42,195.67,681.41,0.0,0.0,0.0,0.0,0.0,0.0,3.87,0.0,5.02,0.0,29.15,4.97,636.4,0.0,6.39
256571300176213,847.61,28,46.03,605.82,195.76,0.0,215.57,649.6,0.0,0.0,0.0,0.0,0.0,0.0,1.99,0.0,3.23,0.0,49.58,41.48,679.15,0.0,2.26
256571308026932,787.02,28,7.18,769.38,10.46,679.13,225.5,774.34,0.0,0.0,0.0,0.0,0.0,0.0,1.92,0.0,3.18,0.0,10.81,3.46,688.93,0.0,2.23
256571315093637,852.56,28,10.69,757.33,84.54,665.77,205.79,765.0,0.0,0.0,0.0,0.0,0.0,0.0,3.63,0.0,4.73,0.0,27.66,3.58,656.33,0.0,3.02
256571322023498,780.5,28,8.0,759.67,12.83,670.37,204.64,765.16,0.0,0.0,0.0,0.0,0.0,0.0,1.55,0.0,2.79,0.0,11.38,3.7,654.27,0.0,2.46
256571329943482,890.4,28,10.54,783.07,96.79,671.29,187.05,791.31,0.0,0.0,0.0,0.0,0.0,0.0,1.47,0.0,2.58,0.0,17.74,5.74,677.12,0.0,2.31
256571337028351,849.36,28,25.34,810.79,13.23,719.39,241.14,818.49,0.0,0.0,0.0,0.0,0.0,0.0,2.06,0.0,3.38,0.0,24.54,6.07,697.64,0.0,16.86
256571343725263,433.99,28,78.23,346.68,9.08,414.57,198.51,421.77,0.0,0.0,0.0,0.0,0.0,0.0,73.14,0.0,74.22,0.0,11.94,4.12,645.26,0.0,3.14
256571350432880,656.29,28,66.21,500.58,89.51,545.1,253.9,565.11,0.0,0.0,0.0,0.0,0.0,0.0,7.31,0.0,62.67,0.0,28.36,3.86,712.05,0.0,1.62
256571357039390,774.86,28,46.45,717.1,11.3,649.83,253.36,761.25,0.0,0.0,0.0,0.0,0.0,0.0,4.59,0.0,41.55,0.0,22.47,5.3,678.77,0.0,2.27
256571363628250,261.53,28,7.28,245.35,8.9,239.01,174.92,250.64,0.0,0.0,0.0,0.0,0.0,0.0,1.73,0.0,3.01,0.0,10.99,3.43,667.68,0.0,1.99
256571369625256,754.33,28,8.59,735.04,10.7,631.99,255.47,741.36,0.0,0.0,0.0,0.0,0.0,0.0,1.57,0.0,2.68,0.0,9.7,4.54,709.35,0.0,2.25
256571377027366,764.85,28,8.39,745.95,10.51,651.45,211.2,751.6,0.0,0.0,0.0,0.0,0.0,0.0,1.62,0.0,3.1,0.0,21.02,3.51,658.29,0.0,2.74
256571385010474,811.31,28,8.76,791.48,11.08,683.11,247.35,797.3,0.0,0.0,0.0,0.0,0.0,0.0,1.85,0.0,3.03,0.0,31.21,3.53,702.48,0.0,2.93
256571392027375,849.65,28,9.39,828.25,12.01,733.59,230.49,834.18,0.0,0.0,0.0,0.0,0.0,0.0,1.65,0.0,2.89,0.0,17.99,3.93,690.78,0.0,3.46
256571398648022,318.19,28,7.21,301.63,9.35,298.2,171.24,306.71,0.0,0.0,0.0,0.0,0.0,0.0,1.53,0.0,2.6,0.0,9.47,3.5,658.58,0.0,2.13
256571405027086,858.43,28,8.03,839.03,11.36,732.48,237.23,844.85,0.0,0.0,0.0,0.0,0.0,0.0,1.59,0.0,2.65,0.0,20.38,4.67,717.35,0.0,2.22
256571412039476,324.78,28,7.02,306.46,11.3,303.32,174.39,311.81,0.0,0.0,0.0,0.0,0.0,0.0,1.74,0.0,3.04,0.0,13.28,3.65,663.0,0.0,1.65
256571418053070,251.52,28,7.44,235.05,9.03,233.39,183.57,241.01,0.0,0.0,0.0,0.0,0.0,0.0,1.61,0.0,2.72,0.0,13.12,3.63,659.29,0.0,1.48
256571424082756,799.35,28,8.32,672.23,118.79,0.0,246.2,679.25,0.0,0.0,0.0,0.0,0.0,0.0,1.59,0.0,2.66,0.0,17.81,4.37,706.93,0.0,1.3
256571431252875,835.38,28,8.32,723.92,103.14,641.39,233.47,729.77,0.0,0.0,0.0,0.0,0.0,0.0,1.73,0.0,2.98,0.0,17.93,4.62,684.58,0.0,2.27
256571439021676,238.87,28,7.67,222.62,8.58,219.67,169.67,228.16,0.0,0.0,0.0,0.0,0.0,0.0,2.12,0.0,3.27,0.0,10.15,3.51,664.35,0.0,1.95
256571445589144,401.21,28,5.99,303.32,91.9,299.87,175.93,307.95,0.0,0.0,0.0,0.0,0.0,0.0,1.68,0.0,2.71,0.0,8.89,3.55,669.7,0.0,1.28
256571453032331,921.61,28,8.13,902.9,10.58,796.5,229.62,908.59,0.0,0.0,0.0,0.0,0.0,0.0,1.53,0.0,2.67,0.0,26.74,3.66,691.87,0.0,2.37
256571460030515,778.13,28,8.47,758.15,11.52,663.42,215.37,762.92,0.0,0.0,0.0,0.0,0.0,0.0,1.85,0.0,3.09,0.0,11.84,3.53,688.49,0.0,3.4
256571467082788,865.73,28,51.29,728.64,85.8,674.72,215.84,777.39,0.0,0.0,0.0,0.0,0.0,0.0,1.87,0.0,3.04,0.0,57.38,48.9,672.41,0.0,2.24
256571473677584,461.73,28,17.96,434.36,9.41,428.43,221.26,440.01,0.0,0.0,0.0,0.0,0.0,0.0,1.59,0.0,2.71,0.0,25.22,4.28,653.02,0.0,11.55
256571480249628,858.58,28,72.37,695.26,90.95,669.75,234.05,765.43,0.0,0.0,0.0,0.0,0.0,0.0,2.11,0.0,3.17,0.0,76.97,69.18,692.43,0.0,1.89
256571488143318,789.03,28,8.63,770.55,9.85,670.97,196.37,776.5,0.0,0.0,0.0,0.0,0.0,0.0,2.88,0.0,4.12,0.0,15.05,3.61,664.92,0.0,2.41
256571495030558,796.64,28,9.29,676.62,110.73,0.0,220.44,683.26,0.0,0.0,0.0,0.0,0.0,0.0,1.97,0.0,3.1,0.0,59.6,3.57,675.4,0.0,2.63
256571502028824,256.95,28,7.16,241.68,8.12,238.96,169.49,246.78,0.0,0.0,0.0,0.0,0.0,0.0,1.58,0.0,2.71,0.0,8.53,3.56,653.84,0.0,2.06
256571508021608,244.88,28,7.53,228.36,8.98,226.52,177.12,234.12,0.0,0.0,0.0,0.0,0.0,0.0,1.58,0.0,2.87,0.0,11.78,4.78,661.75,0.0,1.72
256571514006548,241.31,28,7.79,224.94,8.57,222.39,171.97,230.35,0.0,0.0,0.0,0.0,0.0,0.0,1.54,0.0,2.77,0.0,9.86,3.48,661.64,0.0,2.13
256571520060321,907.75,28,131.59,760.4,15.76,659.77,209.63,766.47,0.0,0.0,0.0,0.0,0.0,0.0,2.41,0.0,3.39,0.0,11.31,4.38,666.53,0.0,124.59
256571527026196,860.82,28,8.77,684.12,167.93,0.0,214.99,690.69,0.0,0.0,0.0,0.0,0.0,0.0,1.75,0.0,3.22,0.0,28.7,4.12,678.82,0.0,2.15
256571534183008,827.54,28,26.69,705.79,95.06,684.86,226.51,712.98,0.0,0.0,0.0,0.0,0.0,0.0,3.5,0.0,4.61,0.0,60.53,4.14,636.2,0.0,18.61
256571541042265,323.94,28,9.6,297.53,16.81,0.0,176.34,304.03,0.0,0.0,0.0,0.0,0.0,0.0,1.87,0.0,3.23,0.0,11.93,3.61,656.9,0.0,3.1
256571547127094,768.2,28,7.37,749.56,11.26,647.94,211.88,755.31,0.0,0.0,0.0,0.0,0.0,0.0,1.62,0.0,2.88,0.0,16.89,3.65,729.96,0.0,1.57
256571554033758,784.88,28,8.08,765.48,11.33,667.92,224.4,770.95,0.0,0.0,0.0,0.0,0.0,0.0,1.68,0.0,2.84,0.0,21.68,3.52,692.74,0.0,2.6
256571561030167,784.62,28,22.07,751.34,11.21,652.97,216.74,757.7,0.0,0.0,0.0,0.0,0.0,0.0,1.69,0.0,3.15,0.0,18.93,3.49,670.28,0.0,15.68
256571567668166,270.6,28,6.75,255.15,8.69,251.54,173.8,259.8,0.0,0.0,0.0,0.0,0.0,0.0,1.64,0.0,2.69,0.0,8.82,3.5,670.74,0.0,2.09
256571574026317,805.32,28,6.97,676.22,122.13,0.0,201.99,680.98,0.0,0.0,0.0,0.0,0.0,0.0,1.38,0.0,2.49,0.0,8.17,3.45,692.16,0.0,2.19
256571581316885,693.73,28,6.7,676.88,10.16,653.97,229.64,681.71,0.0,0.0,0.0,0.0,0.0,0.0,1.51,0.0,2.67,0.0,8.01,3.52,687.8,0.0,1.67
256571588038615,246.28,28,7.81,221.62,16.85,0.0,174.61,226.84,0.0,0.0,0.0,0.0,0.0,0.0,1.64,0.0,2.68,0.0,13.94,3.64,660.9,0.0,2.36
256571594024782,787.51,28,7.92,768.55,11.03,670.23,211.42,774.72,0.0,0.0,0.0,0.0,0.0,0.0,1.75,0.0,2.8,0.0,16.93,3.53,668.28,0.0,1.68
256571601319909,871.84,28,6.15,463.67,402.02,373.98,169.69,468.49,0.0,0.0,0.0,0.0,0.0,0.0,1.53,0.0,2.56,0.0,8.84,3.66,657.23,0.0,1.33
256571608046212,235.07,28,5.9,214.1,15.07,0.0,173.04,218.21,0.0,0.0,0.0,0.0,0.0,0.0,1.52,0.0,2.48,0.0,10.54,3.59,660.51,0.0,1.78
256571614073455,321.43,28,7.43,297.22,16.77,0.0,177.31,302.84,0.0,0.0,0.0,0.0,0.0,0.0,1.6,0.0,2.82,0.0,13.13,3.63,653.7,0.0,1.82
256571620479964,612.14,28,7.12,592.82,12.19,584.74,230.81,598.5,0.0,0.0,0.0,0.0,0.0,0.0,1.69,0.0,2.71,0.0,18.15,3.66,720.23,0.0,1.45
256571627030316,271.56,28,7.27,255.38,8.92,252.23,175.46,260.7,0.0,0.0,0.0,0.0,0.0,0.0,1.64,0.0,2.88,0.0,9.31,3.89,673.08,0.0,1.94
256571633064023,794.41,28,6.84,669.85,117.72,0.0,213.17,675.4,0.0,0.0,0.0,0.0,0.0,0.0,1.86,0.0,2.95,0.0,9.05,4.78,694.45,0.0,1.3
256571640036049,265.2,28,8.09,239.5,17.62,0.0,185.17,245.3,0.0,0.0,0.0,0.0,0.0,0.0,2.0,0.0,3.25,0.0,27.6,3.53,653.04,0.0,2.29
256571646072405,315.46,28,7.8,298.93,8.73,295.47,175.09,304.55,0.0,0.0,0.0,0.0,0.0,0.0,1.62,0.0,2.92,0.0,11.74,3.52,668.12,0.0,1.92
256571652640544,508.75,28,6.52,410.5,91.73,264.07,194.6,415.86,0.0,0.0,0.0,0.0,0.0,0.0,1.65,0.0,2.79,0.0,13.55,3.83,659.7,0.0,1.15
256571659028680,243.93,28,6.58,220.43,16.92,0.0,178.62,225.55,0.0,0.0,0.0,0.0,0.0,0.0,1.63,0.0,2.76,0.0,8.74,3.48,664.34,0.0,1.46
256571664963591,242.26,28,17.91,214.69,9.66,222.46,180.43,230.11,0.0,0.0,0.0,0.0,0.0,0.0,1.71,0.0,2.93,0.0,23.21,14.8,665.15,0.0,2.49
256571670901866,261.27,28,9.06,242.96,9.25,242.12,181.64,249.46,0.0,0.0,0.0,0.0,0.0,0.0,1.65,0.0,2.7,0.0,10.18,5.75,634.02,0.0,2.56
256571676885500,335.51,28,11.0,307.89,16.61,0.0,182.78,316.39,0.0,0.0,0.0,0.0,0.0,0.0,1.81,0.0,2.85,0.0,19.2,6.32,656.0,0.0,2.5
256571682861088,780.22,28,9.96,759.31,10.94,645.81,214.28,765.99,0.0,0.0,0.0,0.0,0.0,0.0,2.04,0.0,3.21,0.0,26.31,3.55,671.36,0.0,3.2
256571690287320,721.22,28,8.45,703.65,9.12,650.02,243.32,709.96,0.0,0.0,0.0,0.0,0.0,0.0,1.76,0.0,2.99,0.0,9.59,4.8,671.42,0.0,2.13
256571696794235,344.41,28,8.54,327.53,8.35,326.4,247.89,333.93,0.0,0.0,0.0,0.0,0.0,0.0,1.74,0.0,2.93,0.0,89.13,3.93,696.09,0.0,2.14
256571702817047,382.33,28,83.21,290.21,8.92,363.42,205.96,370.91,0.0,0.0,0.0,0.0,0.0,0.0,8.6,0.0,77.95,0.0,200.15,3.54,671.28,0.0,2.5
256571709052022,251.74,28,7.11,235.83,8.8,234.17,175.28,241.52,0.0,0.0,0.0,0.0,0.0,0.0,1.86,0.0,3.53,0.0,10.61,3.53,668.29,0.0,1.38
256571715056041,269.44,28,8.11,251.91,9.42,250.46,181.65,258.44,0.0,0.0,0.0,0.0,0.0,0.0,1.84,0.0,3.26,0.0,13.77,3.53,672.0,0.0,1.58
256571721064284,769.52,28,8.64,749.62,11.26,648.08,248.2,756.19,0.0,0.0,0.0,0.0,0.0,0.0,2.13,0.0,3.08,0.0,15.77,4.02,704.3,0.0,2.07
256571728029488,884.81,28,74.08,801.08,9.64,779.44,248.94,873.43,0.0,0.0,0.0,0.0,0.0,0.0,1.58,0.0,2.97,0.0,86.28,75.05,666.11,0.0,1.65
256571734665457,435.77,28,6.61,419.05,10.11,416.56,225.06,423.93,0.0,0.0,0.0,0.0,0.0,0.0,1.87,0.0,2.92,0.0,11.25,3.51,721.96,0.0,1.69
256571741035675,309.97,28,6.6,294.56,8.81,291.98,181.99,299.53,0.0,0.0,0.0,0.0,0.0,0.0,1.66,0.0,2.97,0.0,10.54,3.48,661.31,0.0,1.61
256571747087336,768.79,28,6.42,752.69,9.68,661.81,206.86,757.91,0.0,0.0,0.0,0.0,0.0,0.0,1.61,0.0,2.91,0.0,10.21,3.58,688.25,0.0,1.19
256571754027291,806.62,28,6.92,789.16,10.54,687.77,186.42,794.35,0.0,0.0,0.0,0.0,0.0,0.0,1.93,0.0,3.14,0.0,13.81,3.5,642.01,0.0,1.68
256571761384442,240.58,28,7.55,223.93,9.1,221.24,186.84,229.08,0.0,0.0,0.0,0.0,0.0,0.0,1.95,0.0,2.87,0.0,14.99,3.48,676.98,0.0,2.41
256571767857513,419.15,28,9.29,293.78,116.08,0.0,175.4,300.19,0.0,0.0,0.0,0.0,0.0,0.0,2.03,0.0,3.54,0.0,17.41,3.61,634.72,0.0,2.88
256571774005419,311.5,28,6.15,296.57,8.78,294.02,172.67,301.62,0.0,0.0,0.0,0.0,0.0,0.0,1.65,0.0,3.11,0.0,8.56,3.73,671.45,0.0,1.09
256571780098271,330.07,28,6.54,314.42,9.12,311.12,174.15,319.66,0.0,0.0,0.0,0.0,0.0,0.0,1.63,0.0,2.83,0.0,8.87,3.48,664.9,0.0,1.3
256571786706560,454.05,28,83.04,276.45,94.56,274.04,189.4,284.6,0.0,0.0,0.0,0.0,0.0,0.0,2.3,0.0,4.44,0.0,16.48,3.99,644.75,0.0,74.61
256571793033377,784.53,28,4.92,768.74,10.86,671.78,228.41,772.5,0.0,0.0,0.0,0.0,0.0,0.0,1.53,0.0,2.62,0.0,7.74,3.45,725.36,0.0,1.16
256571800025130,756.08,28,8.4,637.41,110.27,0.0,234.23,643.98,0.0,0.0,0.0,0.0,0.0,0.0,2.03,0.0,3.31,0.0,10.37,4.67,706.22,0.0,1.83
256571807027818,316.08,28,6.93,299.29,9.87,296.69,175.07,304.31,0.0,0.0,0.0,0.0,0.0,0.0,1.75,0.0,3.19,0.0,12.82,3.56,658.14,0.0,1.88
256571813116062,784.92,28,6.86,768.06,10.01,667.66,215.35,773.76,0.0,0.0,0.0,0.0,0.0,0.0,1.46,0.0,2.56,0.0,13.28,3.61,720.26,0.0,1.16
256571819648984,243.35,28,7.11,227.19,9.06,224.94,178.38,232.35,0.0,0.0,0.0,0.0,0.0,0.0,1.38,0.0,2.43,0.0,9.97,3.53,667.67,0.0,1.95
256571825601227,486.74,28,7.46,463.2,16.09,0.0,219.53,468.3,0.0,0.0,0.0,0.0,0.0,0.0,1.58,0.0,2.61,0.0,11.15,3.62,697.25,0.0,2.33
256571832058889,235.81,28,8.18,210.45,17.19,0.0,184.71,216.41,0.0,0.0,0.0,0.0,0.0,0.0,1.76,0.0,2.94,0.0,17.62,3.67,666.51,0.0,2.22
256571838018095,825.31,28,6.1,808.07,11.14,715.02,185.63,813.0,0.0,0.0,0.0,0.0,0.0,0.0,1.64,0.0,2.75,0.0,8.78,3.48,681.93,0.0,1.14
256571845156939,342.26,28,8.04,235.2,99.02,0.0,175.74,241.04,0.0,0.0,0.0,0.0,0.0,0.0,1.72,0.0,3.28,0.0,9.81,3.41,660.04,0.0,2.15
256571851226508,269.14,28,7.59,251.22,10.33,249.33,173.86,256.85,0.0,0.0,0.0,0.0,0.0,0.0,1.61,0.0,2.91,0.0,8.73,3.52,656.21,0.0,1.93
256571857771382,384.1,28,8.49,284.42,91.19,282.37,185.44,290.42,0.0,0.0,0.0,0.0,0.0,0.0,1.39,0.0,2.64,0.0,25.84,3.9,647.52,0.0,2.47
256571864046186,316.51,28,7.37,299.96,9.17,297.63,178.47,305.22,0.0,0.0,0.0,0.0,0.0,0.0,1.65,0.0,3.16,0.0,9.65,3.53,675.48,0.0,2.12
256571870093824,779.21,28,6.83,760.85,11.53,665.54,239.69,766.36,0.0,0.0,0.0,0.0,0.0,0.0,1.76,0.0,2.8,0.0,15.86,3.53,704.36,0.0,1.31
256571876740923,380.93,28,10.72,360.93,9.27,361.87,282.68,369.43,0.0,0.0,0.0,0.0,0.0,0.0,1.72,0.0,2.99,0.0,121.72,7.6,663.57,0.0,2.22
256571882792881,341.74,28,7.47,315.71,18.56,0.0,198.29,320.75,0.0,0.0,0.0,0.0,0.0,0.0,1.86,0.0,3.06,0.0,16.68,3.48,663.01,0.0,2.36
256571889029100,245.61,28,7.42,229.18,9.01,227.14,175.94,234.26,0.0,0.0,0.0,0.0,0.0,0.0,1.92,0.0,3.06,0.0,9.14,3.5,666.0,0.0,2.34
256571895034584,326.76,28,15.71,294.53,16.53,0.0,171.9,308.64,0.0,0.0,0.0,0.0,0.0,0.0,10.12,0.0,11.42,0.0,8.18,3.47,649.21,0.0,1.59
256571901062185,239.91,28,7.89,222.65,9.37,219.61,182.38,228.25,0.0,0.0,0.0,0.0,0.0,0.0,1.58,0.0,2.91,0.0,15.01,3.52,681.39,0.0,2.29
256571907060632,793.28,28,8.07,774.12,11.09,672.28,222.35,780.84,0.0,0.0,0.0,0.0,0.0,0.0,2.0,0.0,3.1,0.0,28.36,3.63,680.35,0.0,1.35
256571914930870,884.86,28,8.41,792.76,83.69,677.36,207.15,798.91,0.0,0.0,0.0,0.0,0.0,0.0,1.52,0.0,2.67,0.0,25.19,3.47,673.03,0.0,2.27
256571922029753,254.23,28,7.94,236.2,10.09,232.11,182.01,241.76,0.0,0.0,0.0,0.0,0.0,0.0,1.77,0.0,2.83,0.0,9.9,3.49,651.89,0.0,2.33
256571928019288,310.08,28,6.91,293.45,9.71,289.86,181.51,298.85,0.0,0.0,0.0,0.0,0.0,0.0,1.5,0.0,2.92,0.0,11.18,3.54,665.67,0.0,1.45
256571934050550,797.28,28,7.76,666.67,122.85,0.0,220.66,672.9,0.0,0.0,0.0,0.0,0.0,0.0,1.55,0.0,2.79,0.0,17.76,3.49,680.02,0.0,1.48
256571941624788,483.25,28,7.59,465.2,10.46,462.0,222.66,470.89,0.0,0.0,0.0,0.0,0.0,0.0,1.9,0.0,3.09,0.0,19.87,3.84,696.33,0.0,1.84
256571948080447,788.53,28,6.96,769.02,12.55,667.44,201.17,773.92,0.0,0.0,0.0,0.0,0.0,0.0,2.06,0.0,3.44,0.0,10.5,3.58,700.13,0.0,1.96
256571954779220,357.61,28,7.75,339.11,10.75,334.81,196.01,344.19,0.0,0.0,0.0,0.0,0.0,0.0,1.71,0.0,2.97,0.0,8.96,3.83,660.96,0.0,2.41
256571961222794,791.41,28,7.01,696.81,87.59,679.15,224.45,702.07,0.0,0.0,0.0,0.0,0.0,0.0,1.69,0.0,3.0,0.0,15.08,3.46,692.82,0.0,1.67
256571968043270,244.09,28,6.92,226.78,10.39,223.65,177.56,231.91,0.0,0.0,0.0,0.0,0.0,0.0,1.48,0.0,2.55,0.0,15.21,3.45,665.19,0.0,1.78
256571974571627,529.83,28,6.92,430.76,92.14,427.31,186.86,435.9,0.0,0.0,0.0,0.0,0.0,0.0,1.87,0.0,3.08,0.0,11.21,3.55,675.5,0.0,1.68
256571981037734,304.96,28,8.2,287.95,8.81,286.12,174.08,293.81,0.0,0.0,0.0,0.0,0.0,0.0,1.48,0.0,2.95,0.0,17.1,3.48,644.82,0.0,2.34
256571986973090,316.91,28,7.0,301.43,8.48,298.88,178.9,306.16,0.0,0.0,0.0,0.0,0.0,0.0,1.49,0.0,2.67,0.0,8.58,3.45,671.6,0.0,2.26
256571993126306,872.56,28,6.83,854.42,11.32,761.37,200.39,859.84,0.0,0.0,0.0,0.0,0.0,0.0,1.67,0.0,2.7,0.0,42.31,3.47,657.54,0.0,1.41
256571999734343,322.87,28,9.07,303.34,10.47,297.91,185.13,309.65,0.0,0.0,0.0,0.0,0.0,0.0,1.63,0.0,2.92,0.0,12.32,3.42,656.95,0.0,2.72
256572006030377,260.17,28,6.67,245.19,8.31,241.49,171.59,250.15,0.0,0.0,0.0,0.0,0.0,0.0,2.02,0.0,3.06,0.0,10.54,3.43,648.2,0.0,1.71
256572012572026,532.92,28,8.11,422.2,102.61,419.39,204.39,428.53,0.0,0.0,0.0,0.0,0.0,0.0,1.54,0.0,2.63,0.0,12.9,4.7,654.45,0.0,1.79
256572019239387,776.88,28,8.19,674.62,94.07,648.42,202.72,680.64,0.0,0.0,0.0,0.0,0.0,0.0,1.99,0.0,3.18,0.0,9.46,3.79,664.94,0.0,2.17
256572026027879,252.27,28,7.78,227.0,17.49,0.0,179.13,232.54,0.0,0.0,0.0,0.0,0.0,0.0,1.68,0.0,2.88,0.0,9.34,3.46,687.46,0.0,2.22
256572032080206,808.09,28,9.42,664.71,133.96,0.0,204.04,672.69,0.0,0.0,0.0,0.0,0.0,0.0,2.14,0.0,3.31,0.0,14.83,5.56,678.52,0.0,1.45
256572038705365,418.2,28,7.58,306.91,103.71,0.0,175.82,311.74,0.0,0.0,0.0,0.0,0.0,0.0,1.38,0.0,2.79,0.0,9.31,3.45,659.55,0.0,2.76
256572046008879,793.6,28,48.79,611.37,133.44,0.0,223.25,657.83,0.0,0.0,0.0,0.0,0.0,0.0,1.85,0.0,3.06,0.0,68.63,45.8,682.36,0.0,2.33
256572053982630,861.13,28,8.83,810.05,42.26,690.61,255.47,816.67,0.0,0.0,0.0,0.0,0.0,0.0,2.43,0.0,3.56,0.0,15.44,3.92,766.71,0.0,2.21
256572061248444,900.67,28,7.86,805.57,87.24,698.93,216.85,811.21,0.0,0.0,0.0,0.0,0.0,0.0,1.57,0.0,2.77,0.0,22.89,4.18,655.32,0.0,2.22
256572069181666,828.95,28,7.98,731.03,89.95,648.41,211.5,736.39,0.0,0.0,0.0,0.0,0.0,0.0,1.91,0.0,3.01,0.0,10.44,3.55,720.37,0.0,2.62
256572076026868,256.27,28,7.35,240.07,8.85,236.72,168.48,245.53,0.0,0.0,0.0,0.0,0.0,0.0,1.86,0.0,3.07,0.0,12.29,3.58,643.54,0.0,1.89
256572082073200,275.9,28,7.43,259.37,9.09,256.73,179.82,265.41,0.0,0.0,0.0,0.0,0.0,0.0,1.6,0.0,2.65,0.0,12.73,3.61,650.64,0.0,1.35
256572088073184,802.1,28,7.6,783.16,11.34,678.36,214.73,789.6,0.0,0.0,0.0,0.0,0.0,0.0,1.63,0.0,2.89,0.0,22.95,3.55,687.19,0.0,1.16
256572094790915,404.09,28,184.58,209.38,10.13,378.91,182.12,392.16,0.0,0.0,0.0,0.0,0.0,0.0,2.23,0.0,181.0,0.0,23.94,3.51,647.96,0.0,1.79
256572101062166,780.82,28,58.22,710.64,11.96,655.76,209.41,767.42,0.0,0.0,0.0,0.0,0.0,0.0,5.34,0.0,53.56,0.0,17.32,4.1,681.07,0.0,1.44
256572109028726,314.54,28,7.48,288.06,19.0,0.0,180.17,293.34,0.0,0.0,0.0,0.0,0.0,0.0,1.98,0.0,2.98,0.0,11.72,3.5,675.75,0.0,2.21
256572115081356,310.48,28,6.43,294.65,9.4,291.61,172.79,300.0,0.0,0.0,0.0,0.0,0.0,0.0,2.05,0.0,3.32,0.0,8.37,3.56,669.05,0.0,1.07
256572121075157,774.69,28,6.75,757.09,10.85,667.08,224.64,762.25,0.0,0.0,0.0,0.0,0.0,0.0,2.03,0.0,3.29,0.0,10.38,3.48,706.75,0.0,1.59
256572128040464,252.29,28,8.38,234.28,9.62,233.57,175.21,240.45,0.0,0.0,0.0,0.0,0.0,0.0,1.54,0.0,2.73,0.0,20.04,3.58,641.54,0.0,2.22
256572134083178,311.56,28,6.73,295.83,9.01,292.27,177.56,301.11,0.0,0.0,0.0,0.0,0.0,0.0,1.79,0.0,2.84,0.0,10.17,3.5,669.7,0.0,1.45
256572140104368,808.95,28,6.67,793.2,9.08,673.47,190.52,798.26,0.0,0.0,0.0,0.0,0.0,0.0,1.57,0.0,2.75,0.0,10.46,4.13,673.17,0.0,1.61
256572147046553,806.78,28,7.56,788.42,10.8,684.42,207.99,793.64,0.0,0.0,0.0,0.0,0.0,0.0,1.56,0.0,2.71,0.0,10.16,3.5,676.77,0.0,2.34
256572154163560,846.59,28,8.02,747.0,91.57,652.09,245.77,752.59,0.0,0.0,0.0,0.0,0.0,0.0,1.68,0.0,2.89,0.0,17.39,3.56,692.63,0.0,2.39
256572162025116,838.08,28,8.08,721.1,108.9,0.0,195.37,726.95,0.0,0.0,0.0,0.0,0.0,0.0,1.54,0.0,2.45,0.0,17.31,3.56,689.63,0.0,2.17
256572168679029,309.92,28,7.25,294.0,8.67,291.62,179.15,299.19,0.0,0.0,0.0,0.0,0.0,0.0,1.54,0.0,2.62,0.0,20.24,3.55,658.36,0.0,2.06
256572176007900,325.12,28,8.73,306.73,9.66,304.9,197.69,312.78,0.0,0.0,0.0,0.0,0.0,0.0,1.67,0.0,3.11,0.0,33.15,3.67,675.17,0.0,2.61
256572182433660,864.17,28,29.14,741.92,93.11,645.8,250.57,769.67,0.0,0.0,0.0,0.0,0.0,0.0,1.74,0.0,2.89,0.0,42.74,26.23,688.4,0.0,1.27
256572190035281,363.32,28,7.7,345.62,10.01,342.64,177.04,351.07,0.0,0.0,0.0,0.0,0.0,0.0,1.57,0.0,2.69,0.0,14.49,3.46,663.25,0.0,2.2
256572196669068,928.76,28,7.32,684.57,236.88,0.0,216.26,690.48,0.0,0.0,0.0,0.0,0.0,0.0,1.97,0.0,3.11,0.0,15.6,4.3,676.88,0.0,1.33
256572204030685,809.01,28,8.6,789.01,11.4,679.02,428.19,794.65,0.0,0.0,0.0,0.0,0.0,0.0,1.69,0.0,2.81,0.0,190.1,3.55,702.03,0.0,2.91
256572210623327,811.73,28,21.49,682.0,108.24,0.0,192.68,688.04,0.0,0.0,0.0,0.0,0.0,0.0,2.09,0.0,3.47,0.0,9.38,4.78,633.11,0.0,14.47
256572218039116,886.88,28,8.83,865.93,12.12,760.03,255.17,872.26,0.0,0.0,0.0,0.0,0.0,0.0,1.78,0.0,3.03,0.0,16.3,4.66,704.4,0.0,2.46
256572224784594,338.36,28,6.63,320.71,11.01,227.04,178.21,325.84,0.0,0.0,0.0,0.0,0.0,0.0,1.75,0.0,2.88,0.0,10.96,3.51,670.26,0.0,1.48
256572232175216,833.8,28,9.59,641.12,183.1,0.0,230.06,648.56,0.0,0.0,0.0,0.0,0.0,0.0,3.49,0.0,4.9,0.0,20.28,3.53,682.06,0.0,2.1
256572239661107,282.87,28,10.02,264.12,8.73,261.43,183.01,270.12,0.0,0.0,0.0,0.0,0.0,0.0,1.45,0.0,2.51,0.0,19.15,3.5,645.85,0.0,4.01
256572246031278,318.61,28,8.78,299.06,10.77,296.53,174.77,305.42,0.0,0.0,0.0,0.0,0.0,0.0,1.69,0.0,3.23,0.0,16.35,3.46,656.59,0.0,2.35
256572252117662,311.54,28,6.87,295.9,8.77,293.77,175.61,301.34,0.0,0.0,0.0,0.0,0.0,0.0,1.6,0.0,2.9,0.0,10.81,3.46,658.72,0.0,1.26
256572258876606,1255.87,28,7.47,389.17,859.22,290.11,170.19,395.21,0.0,0.0,0.0,0.0,0.0,0.0,1.81,0.0,3.11,0.0,18.32,3.75,645.19,0.0,1.44
256572266305669,738.75,28,7.29,643.62,87.84,641.9,197.17,649.65,0.0,0.0,0.0,0.0,0.0,0.0,1.95,0.0,3.33,0.0,13.34,3.7,653.43,0.0,1.25
256572273039628,894.39,28,53.44,830.36,10.59,776.92,214.27,881.97,0.0,0.0,0.0,0.0,0.0,0.0,4.15,0.0,49.72,0.0,10.57,3.87,671.72,0.0,1.83
256572280581067,504.38,28,54.11,432.49,17.78,0.0,206.91,484.49,0.0,0.0,0.0,0.0,0.0,0.0,1.91,0.0,47.55,0.0,17.8,5.36,671.27,0.0,2.11
256572287049546,251.12,28,8.3,232.82,10.0,231.87,181.87,239.67,0.0,0.0,0.0,0.0,0.0,0.0,1.75,0.0,3.32,0.0,21.66,3.54,656.28,0.0,1.44
256572293079340,317.73,28,7.42,301.04,9.27,298.52,175.99,306.85,0.0,0.0,0.0,0.0,0.0,0.0,1.5,0.0,3.0,0.0,11.19,3.51,658.63,0.0,1.59
256572299102932,238.62,28,6.05,222.18,10.39,219.27,175.62,226.81,0.0,0.0,0.0,0.0,0.0,0.0,1.54,0.0,2.72,0.0,9.01,3.57,663.9,0.0,1.41
256572305707786,426.79,28,7.62,328.52,90.65,325.51,211.91,334.45,0.0,0.0,0.0,0.0,0.0,0.0,2.01,0.0,3.21,0.0,27.98,3.48,676.71,0.0,1.67
256572312477939,854.14,28,6.57,658.1,189.47,0.0,303.09,663.15,0.0,0.0,0.0,0.0,0.0,0.0,1.71,0.0,2.85,0.0,101.98,3.79,683.7,0.0,1.4
256572319708140,421.83,28,7.72,403.52,10.6,302.18,175.0,408.76,0.0,0.0,0.0,0.0,0.0,0.0,1.61,0.0,2.69,0.0,11.9,3.43,661.0,0.0,2.44
256572327308799,732.82,28,6.79,629.19,96.84,623.73,221.34,634.33,0.0,0.0,0.0,0.0,0.0,0.0,1.53,0.0,2.84,0.0,9.47,3.49,710.45,0.0,1.59
256572334053174,318.84,28,8.28,301.69,8.87,299.62,186.81,307.83,0.0,0.0,0.0,0.0,0.0,0.0,1.66,0.0,2.78,0.0,11.15,3.49,658.25,0.0,2.14
256572340551583,584.9,28,7.8,484.84,92.26,482.65,292.44,491.37,0.0,0.0,0.0,0.0,0.0,0.0,1.53,0.0,2.74,0.0,102.67,4.45,674.05,0.0,1.26
256572347040189,322.56,28,6.76,306.49,9.32,303.14,176.64,311.75,0.0,0.0,0.0,0.0,0.0,0.0,1.76,0.0,2.9,0.0,11.42,3.51,663.93,0.0,1.5
256572353070844,251.59,28,7.41,235.06,9.12,230.57,172.26,240.57,0.0,0.0,0.0,0.0,0.0,0.0,1.62,0.0,2.82,0.0,8.96,3.46,659.26,0.0,1.9
256572359050636,244.76,28,7.55,220.27,16.94,0.0,181.28,226.56,0.0,0.0,0.0,0.0,0.0,0.0,1.78,0.0,3.03,0.0,13.41,3.62,672.96,0.0,1.24
256572365088341,796.05,28,8.2,778.59,9.27,655.0,220.95,785.12,0.0,0.0,0.0,0.0,0.0,0.0,1.51,0.0,2.57,0.0,11.04,4.63,696.86,0.0,1.67
256572372430912,248.92,28,7.39,232.15,9.38,214.01,172.1,237.06,0.0,0.0,0.0,0.0,0.0,0.0,1.6,0.0,2.79,0.0,9.63,3.49,652.93,0.0,2.48
256572378968346,864.27,28,8.6,778.26,77.41,675.63,228.79,784.06,0.0,0.0,0.0,0.0,0.0,0.0,1.69,0.0,3.1,0.0,17.65,3.5,685.2,0.0,2.77
256572385755870,378.49,28,7.04,354.88,16.56,0.0,199.27,359.77,0.0,0.0,0.0,0.0,0.0,0.0,1.61,0.0,2.63,0.0,9.78,3.5,697.4,0.0,2.12
256572392059421,798.15,28,10.2,667.71,120.24,0.0,377.52,676.03,0.0,0.0,0.0,0.0,0.0,0.0,1.54,0.0,2.64,0.0,234.56,6.35,703.46,0.0,1.79
256572399035768,320.61,28,8.95,301.74,9.92,299.04,182.72,307.98,0.0,0.0,0.0,0.0,0.0,0.0,1.64,0.0,2.94,0.0,19.98,3.61,665.55,0.0,2.71
256572405658040,469.18,28,7.44,362.71,99.02,0.0,213.18,368.25,0.0,0.0,0.0,0.0,0.0,0.0,1.7,0.0,2.94,0.0,13.31,3.54,690.03,0.0,1.84
256572412420057,684.79,28,7.72,590.29,86.78,588.08,206.64,596.27,0.0,0.0,0.0,0.0,0.0,0.0,1.92,0.0,2.86,0.0,17.73,3.63,663.64,0.0,1.71
256572419030433,318.14,28,8.04,293.07,17.03,0.0,177.92,299.02,0.0,0.0,0.0,0.0,0.0,0.0,1.69,0.0,2.96,0.0,13.34,3.56,670.17,0.0,2.09
256572425586326,516.18,28,7.38,416.41,92.39,414.05,216.27,421.95,0.0,0.0,0.0,0.0,0.0,0.0,1.61,0.0,2.67,0.0,20.29,3.63,684.57,0.0,1.84
256572431909924,754.9,28,8.19,736.95,9.77,639.42,202.02,743.32,0.0,0.0,0.0,0.0,0.0,0.0,2.06,0.0,3.21,0.0,20.97,3.51,647.83,0.0,1.81
256572439760330,445.49,28,73.75,274.06,97.68,334.22,111.93,345.22,0.0,0.0,0.0,0.0,0.0,0.0,3.07,0.0,71.19,0.0,16.1,5.05,640.78,0.0,2.56
256572446500919,932.78,28,69.85,761.04,101.89,700.51,220.63,828.02,0.0,0.0,0.0,0.0,0.0,0.0,57.7,0.0,62.56,0.0,18.94,4.42,658.02,0.0,2.87
256572454101155,232.94,28,6.55,216.65,9.75,214.13,174.82,221.67,0.0,0.0,0.0,0.0,0.0,0.0,1.58,0.0,2.68,0.0,8.49,3.56,672.38,0.0,1.53
256572460098987,236.9,28,7.23,220.42,9.24,218.0,176.66,225.78,0.0,0.0,0.0,0.0,0.0,0.0,1.71,0.0,2.97,0.0,13.32,3.54,652.91,0.0,1.87
256572466620938,891.06,28,6.45,802.69,81.92,707.59,210.96,807.52,0.0,0.0,0.0,0.0,0.0,0.0,1.7,0.0,2.99,0.0,9.03,3.48,698.72,0.0,1.59
256572474476986,359.13,28,6.45,262.12,90.56,258.11,176.02,266.96,0.0,0.0,0.0,0.0,0.0,0.0,1.55,0.0,2.51,0.0,14.14,3.43,657.2,0.0,1.44
256572481016076,820.91,28,10.87,797.6,12.45,655.16,217.08,805.94,0.0,0.0,0.0,0.0,0.0,0.0,1.65,0.0,2.76,0.0,22.54,6.21,683.62,0.0,2.52
256572488483348,318.85,28,7.21,302.75,8.88,299.49,176.92,307.59,0.0,0.0,0.0,0.0,0.0,0.0,1.63,0.0,2.67,0.0,10.37,3.54,667.52,0.0,2.38
256572495026430,260.52,28,8.46,241.93,10.14,239.89,172.6,247.7,0.0,0.0,0.0,0.0,0.0,0.0,2.1,0.0,3.28,0.0,13.18,3.51,660.31,0.0,2.66
256572500984270,331.57,28,16.58,304.28,10.7,300.81,176.14,316.05,0.0,0.0,0.0,0.0,0.0,0.0,1.55,0.0,10.22,0.0,17.81,3.5,657.59,0.0,4.57
256572507103779,310.48,28,6.07,294.42,10.0,290.8,170.92,299.24,0.0,0.0,0.0,0.0,0.0,0.0,1.41,0.0,2.5,0.0,9.33,3.46,662.37,0.0,1.25
256572513306514,320.51,28,7.68,302.42,10.41,299.26,175.65,307.46,0.0,0.0,0.0,0.0,0.0,0.0,1.59,0.0,2.96,0.0,7.77,3.44,652.99,0.0,2.63
256572519871021,363.85,28,9.0,256.63,98.22,253.59,191.99,263.0,0.0,0.0,0.0,0.0,0.0,0.0,1.45,0.0,2.72,0.0,39.01,3.65,672.62,0.0,2.63
256572526111191,314.22,28,6.42,297.99,9.81,295.89,190.47,303.2,0.0,0.0,0.0,0.0,0.0,0.0,1.55,0.0,2.83,0.0,29.86,3.6,661.32,0.0,1.21
256572532713383,466.56,28,6.11,363.51,96.94,359.6,203.62,368.4,0.0,0.0,0.0,0.0,0.0,0.0,1.55,0.0,2.53,0.0,10.31,3.52,669.93,0.0,1.22
256572539038328,790.51,28,7.3,773.76,9.45,674.79,211.82,779.73,0.0,0.0,0.0,0.0,0.0,0.0,2.05,0.0,3.16,0.0,22.86,3.48,642.24,0.0,1.32
256572546351470,276.46,28,8.12,245.78,22.55,0.0,172.26,251.01,0.0,0.0,0.0,0.0,0.0,0.0,1.59,0.0,2.71,0.0,15.82,3.59,646.71,0.0,2.9
256572552332375,681.19,28,8.11,663.84,9.25,646.69,283.08,669.75,0.0,0.0,0.0,0.0,0.0,0.0,1.51,0.0,2.85,0.0,76.66,3.98,698.97,0.0,2.19
256572559245973,769.4,28,8.93,653.6,106.87,0.0,206.03,660.03,0.0,0.0,0.0,0.0,0.0,0.0,1.67,0.0,2.76,0.0,11.14,4.53,692.76,0.0,2.5
256572566041925,324.26,28,6.54,307.25,10.48,304.29,174.47,312.4,0.0,0.0,0.0,0.0,0.0,0.0,1.65,0.0,2.72,0.0,9.28,3.57,670.52,0.0,1.35
256572572674364,498.16,28,8.66,393.05,96.45,391.95,233.56,400.34,0.0,0.0,0.0,0.0,0.0,0.0,1.64,0.0,2.75,0.0,16.84,4.53,694.23,0.0,1.37
256572579068850,331.91,28,6.45,316.26,9.2,313.05,183.55,321.46,0.0,0.0,0.0,0.0,0.0,0.0,2.0,0.0,3.06,0.0,19.44,3.42,651.48,0.0,1.24
256572585093244,313.57,28,7.03,297.54,9.0,294.89,176.15,303.38,0.0,0.0,0.0,0.0,0.0,0.0,1.71,0.0,3.09,0.0,11.06,3.45,656.47,0.0,1.19
256572591582352,562.4,28,8.37,459.98,94.05,457.96,223.31,466.93,0.0,0.0,0.0,0.0,0.0,0.0,1.56,0.0,2.79,0.0,10.32,4.47,678.17,0.0,1.29
256572598280273,863.44,28,6.8,767.37,89.27,660.63,192.03,772.97,0.0,0.0,0.0,0.0,0.0,0.0,1.45,0.0,2.79,0.0,9.87,3.53,669.79,0.0,1.2
256572605633607,491.16,28,9.86,472.12,9.19,368.88,187.38,479.15,0.0,0.0,0.0,0.0,0.0,0.0,1.52,0.0,2.6,0.0,15.69,8.28,685.87,0.0,2.6
256572612052816,776.47,28,9.88,753.72,12.87,656.61,239.86,761.08,0.0,0.0,0.0,0.0,0.0,0.0,1.61,0.0,2.78,0.0,25.26,4.69,717.18,0.0,2.42
256572619279091,884.89,28,8.13,771.29,105.48,672.41,266.87,777.12,0.0,0.0,0.0,0.0,0.0,0.0,1.81,0.0,3.03,0.0,31.76,3.62,712.47,0.0,2.08
256572627027853,770.35,28,115.56,644.75,10.03,654.98,252.47,757.59,0.0,0.0,0.0,0.0,0.0,0.0,2.78,0.0,112.25,0.0,92.68,3.51,695.03,0.0,2.44
256572634034553,877.02,28,7.7,857.34,11.98,750.26,197.92,862.51,0.0,0.0,0.0,0.0,0.0,0.0,1.67,0.0,3.09,0.0,9.12,3.53,664.77,0.0,2.34
256572641180066,830.92,28,8.3,722.52,100.1,678.54,195.07,729.35,0.0,0.0,0.0,0.0,0.0,0.0,1.68,0.0,3.25,0.0,15.01,5.03,661.49,0.0,1.35
256572648215587,797.96,28,7.59,694.21,96.16,658.37,210.75,699.13,0.0,0.0,0.0,0.0,0.0,0.0,1.77,0.0,3.04,0.0,8.42,3.54,705.83,0.0,2.53
256572655692270,259.38,28,14.48,235.48,9.42,240.07,175.85,247.99,0.0,0.0,0.0,0.0,0.0,0.0,1.56,0.0,2.6,0.0,16.73,11.59,668.83,0.0,1.98
256572662293954,964.24,28,8.85,862.45,92.94,759.24,244.09,868.74,0.0,0.0,0.0,0.0,0.0,0.0,1.76,0.0,3.08,0.0,24.36,3.72,705.49,0.0,2.56
256572670682456,489.84,28,6.48,382.07,101.3,378.53,221.41,387.23,0.0,0.0,0.0,0.0,0.0,0.0,1.52,0.0,3.2,0.0,8.88,3.45,723.77,0.0,1.32
256572677049155,762.11,28,9.03,742.23,10.85,655.31,204.86,750.02,0.0,0.0,0.0,0.0,0.0,0.0,2.08,0.0,3.3,0.0,13.28,5.04,663.0,0.0,1.23
256572683765984,361.08,28,8.76,342.46,9.87,341.05,228.87,348.7,0.0,0.0,0.0,0.0,0.0,0.0,1.49,0.0,2.57,0.0,58.76,4.32,708.51,0.0,2.51
256572690243439,848.68,28,8.59,638.88,201.21,0.0,201.82,645.9,0.0,0.0,0.0,0.0,0.0,0.0,1.63,0.0,2.75,0.0,16.64,5.28,639.52,0.0,1.53
256572698054069,877.05,28,6.84,749.67,120.54,0.0,188.28,754.82,0.0,0.0,0.0,0.0,0.0,0.0,1.69,0.0,2.99,0.0,8.55,3.59,686.5,0.0,1.63
256572706006847,785.57,28,7.88,651.38,126.31,0.0,225.71,657.29,0.0,0.0,0.0,0.0,0.0,0.0,1.41,0.0,2.57,0.0,18.22,4.08,710.19,0.0,1.96
256572713040170,799.49,28,45.74,629.59,124.16,0.0,202.41,672.73,0.0,0.0,0.0,0.0,0.0,0.0,1.73,0.0,2.8,0.0,53.37,42.53,647.21,0.0,2.61
256572720031688,912.52,28,6.64,894.74,11.14,778.67,214.49,899.47,0.0,0.0,0.0,0.0,0.0,0.0,1.55,0.0,2.69,0.0,10.78,3.77,686.5,0.0,1.91
256572727136773,874.88,28,7.8,786.57,80.51,680.7,231.93,792.11,0.0,0.0,0.0,0.0,0.0,0.0,1.78,0.0,3.04,0.0,10.49,3.59,702.01,0.0,2.21
256572735125315,881.96,28,7.73,792.33,81.9,680.25,229.65,797.42,0.0,0.0,0.0,0.0,0.0,0.0,2.01,0.0,3.15,0.0,10.62,3.51,716.32,0.0,2.59
256572741762824,393.36,28,8.28,376.45,8.63,373.23,231.71,382.7,0.0,0.0,0.0,0.0,0.0,0.0,1.53,0.0,2.63,0.0,54.2,4.31,729.98,0.0,2.02
256572748033012,255.03,28,6.73,220.47,27.83,0.0,176.17,225.39,0.0,0.0,0.0,0.0,0.0,0.0,1.79,0.0,3.15,0.0,8.25,3.5,663.6,0.0,1.8
256572754008048,255.37,28,7.68,229.3,18.39,0.0,181.17,234.95,0.0,0.0,0.0,0.0,0.0,0.0,1.57,0.0,2.71,0.0,12.19,3.55,660.05,0.0,2.0
256572760070429,317.93,28,7.69,299.63,10.6,296.65,175.05,305.6,0.0,0.0,0.0,0.0,0.0,0.0,1.54,0.0,2.58,0.0,10.7,3.45,648.0,0.0,1.67
256572766693500,874.62,28,8.59,765.52,100.51,665.25,226.89,771.44,0.0,0.0,0.0,0.0,0.0,0.0,1.71,0.0,3.0,0.0,11.46,3.71,731.28,0.0,2.67
256572773691624,887.34,28,8.68,866.87,11.78,742.08,197.25,872.6,0.0,0.0,0.0,0.0,0.0,0.0,1.52,0.0,2.71,0.0,15.0,3.54,666.12,0.0,2.92
256572780775330,357.37,28,46.56,302.03,8.78,337.96,201.47,345.95,0.0,0.0,0.0,0.0,0.0,0.0,4.6,0.0,38.4,0.0,12.12,7.45,671.65,0.0,2.63
256572787067051,766.29,28,41.88,714.44,9.97,645.27,208.77,754.83,0.0,0.0,0.0,0.0,0.0,0.0,6.07,0.0,38.44,0.0,10.8,4.08,682.72,0.0,1.49
256572794977859,832.7,28,8.99,782.19,41.52,656.74,227.71,788.4,0.0,0.0,0.0,0.0,0.0,0.0,1.54,0.0,2.66,0.0,75.58,4.91,688.17,0.0,2.51
256572802431753,622.58,28,7.77,605.14,9.67,602.65,229.92,610.57,0.0,0.0,0.0,0.0,0.0,0.0,1.6,0.0,2.81,0.0,9.96,4.08,663.66,0.0,2.34
256572809378495,678.25,28,7.81,578.76,91.68,575.77,216.51,584.35,0.0,0.0,0.0,0.0,0.0,0.0,1.62,0.0,2.87,0.0,24.28,3.68,696.64,0.0,2.15
256572815827011,370.66,28,9.16,351.77,9.73,350.23,179.95,358.4,0.0,0.0,0.0,0.0,0.0,0.0,2.11,0.0,3.18,0.0,9.01,4.33,651.47,0.0,2.53
256572822062254,240.5,28,6.29,225.39,8.83,222.13,182.34,230.16,0.0,0.0,0.0,0.0,0.0,0.0,1.68,0.0,2.73,0.0,10.6,3.59,677.13,0.0,1.51
256572828110278,314.08,28,6.2,298.61,9.27,295.25,173.37,303.33,0.0,0.0,0.0,0.0,0.0,0.0,1.52,0.0,2.51,0.0,14.51,3.5,652.07,0.0,1.47
256572834635458,323.54,28,6.21,223.1,94.23,219.52,166.92,227.95,0.0,0.0,0.0,0.0,0.0,0.0,1.52,0.0,2.48,0.0,8.68,3.54,655.48,0.0,1.36
256572841298433,902.92,28,7.11,799.62,96.19,681.09,250.84,805.16,0.0,0.0,0.0,0.0,0.0,0.0,1.64,0.0,3.03,0.0,21.02,3.47,712.42,0.0,1.57
256572849030714,310.39,28,7.72,293.19,9.49,289.23,176.5,298.78,0.0,0.0,0.0,0.0,0.0,0.0,1.79,0.0,2.97,0.0,8.28,3.49,657.7,0.0,2.12
256572855108607,248.53,28,6.25,231.84,10.44,222.5,169.16,236.21,0.0,0.0,0.0,0.0,0.0,0.0,1.58,0.0,2.64,0.0,10.34,3.52,651.96,0.0,1.68
256572861105701,801.62,28,6.85,783.28,11.49,672.35,198.94,788.37,0.0,0.0,0.0,0.0,0.0,0.0,1.78,0.0,2.86,0.0,8.18,3.5,720.59,0.0,1.76
256572868180913,875.22,28,8.16,725.98,141.07,0.0,242.8,731.89,0.0,0.0,0.0,0.0,0.0,0.0,1.73,0.0,3.03,0.0,8.75,3.64,680.54,0.0,2.13
256572876033637,815.74,28,10.87,791.07,13.81,669.88,254.25,799.25,0.0,0.0,0.0,0.0,0.0,0.0,2.33,0.0,3.67,0.0,91.74,6.39,689.44,0.0,2.67
256572882746717,325.82,28,11.54,304.73,9.55,303.49,176.31,311.05,0.0,0.0,0.0,0.0,0.0,0.0,1.59,0.0,2.73,0.0,22.86,3.58,648.2,0.0,5.22
256572889032929,325.03,28,7.6,301.5,15.94,0.0,173.31,307.62,0.0,0.0,0.0,0.0,0.0,0.0,1.6,0.0,2.7,0.0,12.21,3.48,665.03,0.0,1.48
256572895088060,761.07,28,6.81,650.4,103.86,0.0,229.99,655.94,0.0,0.0,0.0,0.0,0.0,0.0,1.6,0.0,2.55,0.0,16.66,5.36,688.98,0.0,1.27
256572902276876,763.59,28,7.93,659.51,96.16,657.99,215.73,665.68,0.0,0.0,0.0,0.0,0.0,0.0,1.58,0.0,3.01,0.0,81.98,3.93,618.09,0.0,1.75
256572909304251,740.93,28,7.38,639.74,93.8,637.43,208.72,645.83,0.0,0.0,0.0,0.0,0.0,0.0,1.55,0.0,2.57,0.0,15.1,3.52,668.48,0.0,1.29
256572916030854,809.58,28,6.45,792.21,10.93,678.26,198.51,797.15,0.0,0.0,0.0,0.0,0.0,0.0,1.57,0.0,2.65,0.0,15.66,3.48,704.15,0.0,1.5
256572922747056,232.3,28,8.11,206.93,17.26,0.0,171.86,212.55,0.0,0.0,0.0,0.0,0.0,0.0,1.72,0.0,2.92,0.0,10.89,3.48,653.99,0.0,2.49
256572928732123,433.09,28,8.96,415.9,8.24,414.79,356.82,422.64,0.0,0.0,0.0,0.0,0.0,0.0,1.47,0.0,2.57,0.0,199.71,5.69,693.33,0.0,2.21
256572934917191,1262.48,28,7.78,446.53,808.17,339.69,158.67,452.68,0.0,0.0,0.0,0.0,0.0,0.0,2.03,0.0,3.34,0.0,8.78,3.69,641.3,0.0,1.63
256572943030124,280.79,28,13.17,258.03,9.58,261.81,176.06,269.17,0.0,0.0,0.0,0.0,0.0,0.0,6.79,0.0,7.91,0.0,19.59,3.5,648.94,0.0,2.04
256572949099173,810.47,28,6.72,789.92,13.83,664.32,212.82,795.1,0.0,0.0,0.0,0.0,0.0,0.0,1.47,0.0,2.7,0.0,10.44,3.72,691.75,0.0,1.54
256572956231477,779.83,28,6.74,681.63,91.46,657.66,212.24,687.06,0.0,0.0,0.0,0.0,0.0,0.0,1.89,0.0,3.25,0.0,16.33,3.55,672.3,0.0,1.31
256572962820183,366.8,28,8.39,348.15,10.25,346.92,199.48,354.25,0.0,0.0,0.0,0.0,0.0,0.0,1.62,0.0,2.7,0.0,28.2,3.49,631.4,0.0,2.2
256572969062332,819.52,28,7.36,801.43,10.73,678.43,197.37,807.75,0.0,0.0,0.0,0.0,0.0,0.0,1.58,0.0,2.65,0.0,9.27,4.38,676.75,0.0,1.04
256572976042054,315.67,28,6.62,300.5,8.55,296.06,170.53,305.69,0.0,0.0,0.0,0.0,0.0,0.0,1.79,0.0,3.21,0.0,12.59,3.58,656.95,0.0,1.43
256572982532279,910.93,28,7.52,812.28,91.14,730.31,231.97,818.36,0.0,0.0,0.0,0.0,0.0,0.0,1.87,0.0,2.99,0.0,14.98,4.69,694.38,0.0,1.3
256572990771971,430.82,28,7.88,321.0,101.94,318.6,188.5,326.45,0.0,0.0,0.0,0.0,0.0,0.0,1.51,0.0,2.67,0.0,23.07,3.52,608.36,0.0,2.43
256572997063302,260.46,28,5.89,239.02,15.55,0.0,175.83,243.73,0.0,0.0,0.0,0.0,0.0,0.0,1.7,0.0,2.77,0.0,8.1,3.41,653.08,0.0,1.18
256573003722781,452.68,28,6.17,353.09,93.43,350.46,187.87,358.15,0.0,0.0,0.0,0.0,0.0,0.0,1.65,0.0,2.66,0.0,9.11,3.67,686.48,0.0,1.1
256573010059021,791.13,28,7.0,772.7,11.43,663.98,254.64,778.4,0.0,0.0,0.0,0.0,0.0,0.0,1.71,0.0,2.86,0.0,16.85,4.34,699.05,0.0,1.3
256573018012389,914.0,28,8.55,810.39,95.06,659.75,203.8,816.62,0.0,0.0,0.0,0.0,0.0,0.0,1.68,0.0,2.99,0.0,8.74,4.05,726.76,0.0,2.32
256573025038135,311.71,28,7.36,294.85,9.5,291.94,171.71,299.83,0.0,0.0,0.0,0.0,0.0,0.0,1.49,0.0,2.8,0.0,11.28,3.45,646.8,0.0,2.35
256573031784325,907.66,28,8.54,790.0,109.12,665.62,253.64,797.4,0.0,0.0,0.0,0.0,0.0,0.0,1.65,0.0,2.84,0.0,24.16,5.67,691.01,0.0,1.14
256573039919651,899.99,28,8.49,793.68,97.81,675.41,247.89,799.48,0.0,0.0,0.0,0.0,0.0,0.0,1.81,0.0,3.41,0.0,9.06,3.99,673.65,0.0,2.7
256573047029663,328.98,28,6.12,313.02,9.83,308.67,174.98,317.34,0.0,0.0,0.0,0.0,0.0,0.0,1.77,0.0,2.83,0.0,10.38,3.55,671.46,0.0,1.8
256573053821271,398.12,28,8.43,307.27,82.41,299.77,181.13,313.01,0.0,0.0,0.0,0.0,0.0,0.0,1.55,0.0,2.5,0.0,22.09,3.7,637.35,0.0,2.62
256573060069446,239.11,28,6.91,223.06,9.15,219.81,182.98,228.65,0.0,0.0,0.0,0.0,0.0,0.0,1.68,0.0,2.81,0.0,17.15,3.4,652.35,0.0,1.32
256573066438153,639.98,28,7.87,539.38,92.73,537.43,251.48,546.07,0.0,0.0,0.0,0.0,0.0,0.0,1.64,0.0,2.99,0.0,19.43,4.86,695.08,0.0,1.18
256573073048577,811.34,28,9.69,789.74,11.91,686.92,236.27,797.92,0.0,0.0,0.0,0.0,0.0,0.0,3.52,0.0,4.91,0.0,25.61,4.93,689.84,0.0,1.51
256573080218167,850.33,28,7.82,737.2,105.3,648.91,221.54,743.25,0.0,0.0,0.0,0.0,0.0,0.0,1.62,0.0,2.6,0.0,16.76,4.27,671.58,0.0,1.71
256573087743028,247.31,28,7.43,230.21,9.68,226.71,179.72,235.58,0.0,0.0,0.0,0.0,0.0,0.0,1.53,0.0,2.64,0.0,23.6,3.49,653.23,0.0,2.05
256573093833942,815.6,28,8.65,795.88,11.07,677.13,170.53,802.44,0.0,0.0,0.0,0.0,0.0,0.0,1.51,0.0,2.55,0.0,12.92,4.1,625.61,0.0,2.08
256573101034982,904.68,28,9.74,882.64,12.29,771.52,246.55,890.41,0.0,0.0,0.0,0.0,0.0,0.0,2.38,0.0,4.23,0.0,9.34,3.53,720.85,0.0,1.98
256573108237393,381.85,28,7.73,273.06,101.06,269.78,182.0,278.05,0.0,0.0,0.0,0.0,0.0,0.0,1.76,0.0,3.2,0.0,12.2,3.46,687.25,0.0,2.56
256573114413804,342.66,28,12.5,313.84,16.32,0.0,181.55,324.12,0.0,0.0,0.0,0.0,0.0,0.0,1.57,0.0,2.75,0.0,17.0,10.16,691.79,0.0,2.22
256573121015416,260.41,28,6.4,236.87,17.14,0.0,182.78,241.52,0.0,0.0,0.0,0.0,0.0,0.0,1.75,0.0,3.1,0.0,10.04,3.46,667.77,0.0,1.75
256573127493568,255.54,28,6.96,238.24,10.34,236.69,167.29,244.08,0.0,0.0,0.0,0.0,0.0,0.0,3.0,0.0,4.22,0.0,9.23,3.56,653.42,0.0,1.12
256573134035482,316.74,28,6.86,301.85,8.02,296.44,174.5,306.66,0.0,0.0,0.0,0.0,0.0,0.0,1.48,0.0,2.46,0.0,8.6,3.4,666.5,0.0,2.06
256573140694607,896.16,28,5.57,781.72,108.88,679.06,203.43,785.95,0.0,0.0,0.0,0.0,0.0,0.0,1.64,0.0,3.01,0.0,10.16,3.44,689.45,0.0,1.32
256573148033120,247.96,28,7.93,229.9,10.13,226.35,183.89,235.49,0.0,0.0,0.0,0.0,0.0,0.0,1.77,0.0,3.17,0.0,14.93,3.5,661.33,0.0,2.34
256573154098223,775.88,28,7.02,756.04,12.81,652.99,237.23,761.67,0.0,0.0,0.0,0.0,0.0,0.0,1.54,0.0,2.58,0.0,9.85,3.54,686.36,0.0,1.38
256573161042504,237.73,28,7.79,220.14,9.8,218.16,178.28,226.15,0.0,0.0,0.0,0.0,0.0,0.0,2.34,0.0,3.51,0.0,10.8,3.45,667.32,0.0,1.78
256573167689986,883.44,28,6.76,774.83,101.85,676.01,222.03,780.29,0.0,0.0,0.0,0.0,0.0,0.0,1.68,0.0,3.13,0.0,24.14,3.63,684.51,0.0,1.3
256573176071066,891.94,28,8.64,790.64,92.66,680.13,203.96,797.2,0.0,0.0,0.0,0.0,0.0,0.0,1.69,0.0,2.94,0.0,28.66,4.71,664.63,0.0,2.0
256573184156729,850.04,28,8.79,739.47,101.78,645.38,204.54,746.08,0.0,0.0,0.0,0.0,0.0,0.0,2.0,0.0,3.12,0.0,20.31,3.48,672.87,0.0,2.18
256573191035086,257.9,28,7.2,241.73,8.97,239.58,182.07,247.53,0.0,0.0,0.0,0.0,0.0,0.0,1.61,0.0,2.61,0.0,11.97,3.6,666.19,0.0,1.4
256573197101248,260.21,28,6.31,237.29,16.61,0.0,172.85,242.33,0.0,0.0,0.0,0.0,0.0,0.0,1.69,0.0,2.79,0.0,9.08,3.55,656.25,0.0,1.25
256573203140396,320.93,28,6.94,305.48,8.51,303.15,173.79,311.14,0.0,0.0,0.0,0.0,0.0,0.0,1.67,0.0,2.86,0.0,11.93,3.6,646.79,0.0,1.27
256573209765621,435.94,28,8.24,323.04,104.66,0.0,179.62,328.84,0.0,0.0,0.0,0.0,0.0,0.0,1.74,0.0,2.87,0.0,17.39,3.45,663.09,0.0,2.4
256573216085642,318.7,28,6.45,303.92,8.33,300.03,183.48,308.88,0.0,0.0,0.0,0.0,0.0,0.0,1.51,0.0,2.69,0.0,22.08,3.51,671.0,0.0,1.5
256573222695046,437.01,28,8.59,330.48,97.94,0.0,192.45,336.37,0.0,0.0,0.0,0.0,0.0,0.0,1.67,0.0,2.98,0.0,15.29,3.65,658.63,0.0,2.65
256573229035777,772.25,28,9.07,750.33,12.84,645.4,233.09,758.17,0.0,0.0,0.0,0.0,0.0,0.0,1.69,0.0,2.77,0.0,23.34,5.97,694.22,0.0,1.24
256573236038827,821.21,28,8.87,672.88,139.46,0.0,220.43,679.4,0.0,0.0,0.0,0.0,0.0,0.0,1.54,0.0,2.88,0.0,23.74,4.38,668.31,0.0,2.35
256573242817081,320.56,28,11.32,291.9,17.34,0.0,177.59,301.05,0.0,0.0,0.0,0.0,0.0,0.0,1.6,0.0,2.79,0.0,16.51,7.12,664.78,0.0,2.18
256573248894605,320.33,28,7.01,296.96,16.36,0.0,175.56,301.55,0.0,0.0,0.0,0.0,0.0,0.0,1.65,0.0,2.69,0.0,10.09,3.58,660.65,0.0,2.41
256573255080460,311.43,28,6.65,296.38,8.4,293.55,178.93,301.66,0.0,0.0,0.0,0.0,0.0,0.0,1.66,0.0,2.94,0.0,13.02,3.42,679.24,0.0,1.36
256573261680469,879.38,28,8.6,769.13,101.65,665.07,234.41,774.87,0.0,0.0,0.0,0.0,0.0,0.0,1.67,0.0,2.94,0.0,31.36,3.5,705.1,0.0,2.83
256573269037999,796.96,28,8.52,777.57,10.87,669.95,255.39,784.83,0.0,0.0,0.0,0.0,0.0,0.0,1.49,0.0,2.55,0.0,22.68,4.79,717.58,0.0,1.26
256573275805838,331.83,28,8.26,313.61,9.96,311.78,185.37,319.73,0.0,0.0,0.0,0.0,0.0,0.0,1.52,0.0,2.83,0.0,18.96,3.52,658.07,0.0,2.13
256573282068240,321.38,28,6.67,305.6,9.11,302.97,178.16,310.77,0.0,0.0,0.0,0.0,0.0,0.0,1.67,0.0,2.91,0.0,8.24,3.44,674.04,0.0,1.5
256573288731761,871.93,28,8.88,652.08,210.97,0.0,190.31,658.32,0.0,0.0,0.0,0.0,0.0,0.0,1.84,0.0,2.88,0.0,11.3,3.45,671.47,0.0,2.65
256573296737224,420.25,28,8.71,275.51,136.03,270.11,204.63,282.33,0.0,0.0,0.0,0.0,0.0,0.0,1.79,0.0,3.16,0.0,9.55,5.23,627.8,0.0,1.88
256573303049336,239.69,28,6.98,224.24,8.48,222.08,174.41,230.04,0.0,0.0,0.0,0.0,0.0,0.0,2.24,0.0,3.79,0.0,11.69,3.47,649.77,0.0,1.18
256573309841247,345.91,28,11.4,241.44,93.08,240.9,188.64,250.07,0.0,0.0,0.0,0.0,0.0,0.0,2.35,0.0,3.49,0.0,12.91,7.08,633.17,0.0,2.76
256573316059814,756.52,28,9.56,736.65,10.31,641.77,220.52,744.81,0.0,0.0,0.0,0.0,0.0,0.0,2.7,0.0,4.14,0.0,16.46,4.63,695.67,0.0,1.4
256573322865778,807.09,28,7.55,788.53,11.01,675.62,222.94,793.67,0.0,0.0,0.0,0.0,0.0,0.0,1.78,0.0,2.82,0.0,8.91,3.48,684.26,0.0,2.31
256573330033124,257.9,28,11.36,236.26,10.28,239.07,175.81,246.38,0.0,0.0,0.0,0.0,0.0,0.0,7.18,0.0,8.81,0.0,13.46,4.51,663.32,0.0,1.24
256573336458013,373.13,28,6.6,257.5,109.03,254.96,170.88,262.68,0.0,0.0,0.0,0.0,0.0,0.0,1.78,0.0,2.91,0.0,9.46,3.63,656.17,0.0,1.3
256573343026677,780.85,28,6.95,761.26,12.64,637.8,227.87,766.75,0.0,0.0,0.0,0.0,0.0,0.0,2.15,0.0,3.36,0.0,12.83,3.51,666.12,0.0,1.45
256573350838850,371.11,28,22.1,253.69,95.32,249.65,184.03,260.19,0.0,0.0,0.0,0.0,0.0,0.0,1.51,0.0,2.49,0.0,23.17,4.51,637.83,0.0,15.11
256573357088805,784.75,28,7.36,767.24,10.15,673.43,254.24,773.24,0.0,0.0,0.0,0.0,0.0,0.0,1.67,0.0,2.78,0.0,19.06,3.53,701.23,0.0,1.34
256573365008254,256.35,28,6.82,240.3,9.22,237.81,179.67,245.28,0.0,0.0,0.0,0.0,0.0,0.0,1.55,0.0,2.64,0.0,9.39,3.46,663.49,0.0,1.85
256573371082803,764.89,28,6.83,747.31,10.75,649.44,209.41,752.67,0.0,0.0,0.0,0.0,0.0,0.0,1.56,0.0,3.11,0.0,12.09,3.8,677.93,0.0,1.44
256573377750410,408.54,28,7.45,391.74,9.35,388.3,225.37,396.8,0.0,0.0,0.0,0.0,0.0,0.0,1.76,0.0,2.86,0.0,10.26,3.48,710.07,0.0,2.38
256573384073012,771.12,28,8.73,751.11,11.28,644.05,227.08,758.54,0.0,0.0,0.0,0.0,0.0,0.0,1.53,0.0,2.77,0.0,11.93,5.46,677.04,0.0,1.3
256573391039855,889.64,28,8.24,778.3,103.1,0.0,233.82,784.96,0.0,0.0,0.0,0.0,0.0,0.0,3.45,0.0,4.76,0.0,24.66,3.68,699.78,0.0,1.52
256573398044981,310.07,28,7.1,285.89,17.08,0.0,178.7,291.39,0.0,0.0,0.0,0.0,0.0,0.0,1.66,0.0,2.87,0.0,13.89,3.48,656.23,0.0,1.6
256573404648076,512.69,28,6.69,407.37,98.62,404.21,201.17,412.5,0.0,0.0,0.0,0.0,0.0,0.0,1.67,0.0,2.58,0.0,18.57,3.61,666.86,0.0,1.49
256573411049750,788.28,28,6.91,671.89,109.48,0.0,242.21,677.42,0.0,0.0,0.0,0.0,0.0,0.0,3.52,0.0,4.62,0.0,18.25,3.58,691.73,0.0,1.38
256573418166452,870.66,28,7.98,761.28,101.4,659.59,212.91,767.38,0.0,0.0,0.0,0.0,0.0,0.0,1.55,0.0,2.81,0.0,15.45,3.58,685.47,0.0,1.83
256573425030324,313.34,28,7.51,295.82,10.01,293.06,175.07,301.65,0.0,0.0,0.0,0.0,0.0,0.0,1.79,0.0,3.08,0.0,13.8,3.47,645.6,0.0,1.61
256573431648896,511.74,28,28.02,395.28,88.44,397.91,242.08,408.37,0.0,0.0,0.0,0.0,0.0,0.0,3.41,0.0,4.5,0.0,64.53,12.02,678.93,0.0,14.36
256573438492471,882.54,28,6.64,783.1,92.8,675.75,217.57,788.49,0.0,0.0,0.0,0.0,0.0,0.0,1.69,0.0,2.73,0.0,13.88,3.61,675.59,0.0,1.19
256573446096785,264.0,28,6.05,248.11,9.84,244.95,180.65,252.94,0.0,0.0,0.0,0.0,0.0,0.0,1.53,0.0,2.63,0.0,8.64,3.53,679.67,0.0,1.19
256573452681543,403.86,28,6.17,302.48,95.21,297.65,172.03,307.27,0.0,0.0,0.0,0.0,0.0,0.0,1.61,0.0,2.62,0.0,8.54,3.53,660.65,0.0,1.39
256573459036023,780.2,28,66.31,703.57,10.32,651.1,215.6,768.62,0.0,0.0,0.0,0.0,0.0,0.0,3.74,0.0,63.98,0.0,9.07,3.61,669.12,0.0,1.23
256573466036362,816.45,28,52.19,753.63,10.64,678.99,221.09,803.41,0.0,0.0,0.0,0.0,0.0,0.0,2.8,0.0,48.03,0.0,17.12,3.53,681.43,0.0,2.37
256573473091505,233.09,28,6.26,218.46,8.37,215.58,175.16,223.43,0.0,0.0,0.0,0.0,0.0,0.0,1.47,0.0,2.52,0.0,8.06,3.47,661.72,0.0,1.29
256573479717429,880.89,28,8.63,782.91,89.35,691.26,202.06,790.28,0.0,0.0,0.0,0.0,0.0,0.0,2.23,0.0,3.53,0.0,16.86,3.84,661.74,0.0,1.26
256573487031367,246.73,28,6.95,230.02,9.76,227.0,174.89,234.86,0.0,0.0,0.0,0.0,0.0,0.0,2.12,0.0,3.3,0.0,16.86,3.51,655.72,0.0,2.11
256573493087013,777.33,28,8.88,757.88,10.57,667.1,210.53,765.42,0.0,0.0,0.0,0.0,0.0,0.0,1.86,0.0,3.12,0.0,17.53,5.34,692.93,0.0,1.33
256573500029819,310.87,28,6.33,294.74,9.79,291.82,173.6,299.82,0.0,0.0,0.0,0.0,0.0,0.0,1.7,0.0,2.77,0.0,9.56,3.68,665.52,0.0,1.25
256573506092632,851.4,28,8.66,830.46,12.28,725.77,214.49,837.74,0.0,0.0,0.0,0.0,0.0,0.0,1.61,0.0,2.6,0.0,11.84,5.94,707.97,0.0,1.38
256573513257290,773.7,28,6.49,682.97,84.23,680.37,198.83,688.3,0.0,0.0,0.0,0.0,0.0,0.0,1.52,0.0,2.64,0.0,13.2,3.63,679.9,0.0,1.16
256573520054367,254.76,28,6.66,238.34,9.76,235.76,174.49,243.6,0.0,0.0,0.0,0.0,0.0,0.0,1.84,0.0,3.14,0.0,9.43,3.5,665.95,0.0,1.39
256573526059078,314.74,28,7.04,297.58,10.13,295.42,176.18,302.88,0.0,0.0,0.0,0.0,0.0,0.0,1.92,0.0,2.99,0.0,11.17,3.45,668.76,0.0,1.73
256573532744743,446.75,28,9.45,323.67,113.62,322.67,188.07,330.1,0.0,0.0,0.0,0.0,0.0,0.0,1.69,0.0,2.74,0.0,21.17,4.68,650.28,0.0,3.03
256573538943397,786.77,28,11.51,763.49,11.77,660.08,199.96,768.54,0.0,0.0,0.0,0.0,0.0,0.0,1.64,0.0,2.74,0.0,14.28,3.47,679.64,0.0,6.46
256573546038890,247.81,28,6.64,231.4,9.77,228.49,173.03,236.17,0.0,0.0,0.0,0.0,0.0,0.0,1.59,0.0,2.57,0.0,9.31,3.8,661.48,0.0,1.88
256573552122416,315.31,28,6.05,300.22,9.04,297.09,172.41,304.87,0.0,0.0,0.0,0.0,0.0,0.0,1.65,0.0,2.82,0.0,8.14,3.5,669.5,0.0,1.4
256573558799739,962.17,28,8.71,857.72,95.74,773.05,217.29,863.42,0.0,0.0,0.0,0.0,0.0,0.0,1.62,0.0,2.85,0.0,22.4,3.48,681.31,0.0,3.0
256573566040825,249.31,28,7.25,233.3,8.76,231.7,177.9,238.78,0.0,0.0,0.0,0.0,0.0,0.0,1.47,0.0,2.58,0.0,14.48,3.52,654.32,0.0,1.77
256573572114015,769.44,28,6.61,753.16,9.67,660.14,231.02,758.51,0.0,0.0,0.0,0.0,0.0,0.0,1.82,0.0,3.15,0.0,9.15,3.45,742.24,0.0,1.25
256573579347420,952.97,28,8.58,858.74,85.66,683.99,229.33,865.89,0.0,0.0,0.0,0.0,0.0,0.0,1.78,0.0,2.85,0.0,21.48,5.29,673.34,0.0,1.43
256573587069185,319.18,28,6.68,302.58,9.92,300.41,173.46,307.88,0.0,0.0,0.0,0.0,0.0,0.0,1.53,0.0,2.48,0.0,16.06,3.51,648.87,0.0,1.39
256573593782537,374.49,28,9.1,278.41,86.98,276.39,179.71,284.81,0.0,0.0,0.0,0.0,0.0,0.0,1.64,0.0,2.72,0.0,17.32,4.1,643.8,0.0,2.69
256573600611792,874.77,28,6.83,765.82,102.12,683.68,236.75,771.1,0.0,0.0,0.0,0.0,0.0,0.0,1.7,0.0,3.05,0.0,25.01,3.64,700.62,0.0,1.54
256573608085335,337.67,28,7.19,321.5,8.98,319.61,176.58,327.1,0.0,0.0,0.0,0.0,0.0,0.0,1.54,0.0,2.58,0.0,21.28,3.55,660.42,0.0,1.59
256573614751032,1496.85,28,6.87,474.48,1015.51,381.7,165.87,479.68,0.0,0.0,0.0,0.0,0.0,0.0,1.76,0.0,2.94,0.0,9.39,3.59,644.86,0.0,1.67
256573623190307,819.96,28,10.01,662.1,147.86,0.0,245.28,669.82,0.0,0.0,0.0,0.0,0.0,0.0,1.6,0.0,3.07,0.0,29.07,5.27,703.82,0.0,2.28
256573630295631,846.18,28,8.46,738.97,98.75,647.33,216.73,746.06,0.0,0.0,0.0,0.0,0.0,0.0,1.64,0.0,3.0,0.0,26.85,4.76,670.96,0.0,1.35
256573638456318,626.62,28,6.48,490.79,129.35,488.14,190.69,495.93,0.0,0.0,0.0,0.0,0.0,0.0,1.84,0.0,2.92,0.0,24.7,3.49,657.8,0.0,1.33
256573644881387,786.66,28,9.08,765.85,11.72,666.67,210.87,772.31,0.0,0.0,0.0,0.0,0.0,0.0,1.47,0.0,2.86,0.0,15.96,3.6,702.52,0.0,2.63
256573652744315,408.4,28,7.9,301.29,99.22,299.31,236.76,306.91,0.0,0.0,0.0,0.0,0.0,0.0,1.77,0.0,2.85,0.0,87.62,3.56,626.79,0.0,2.28
256573658973610,314.37,28,7.73,297.67,8.97,294.7,170.59,303.06,0.0,0.0,0.0,0.0,0.0,0.0,1.67,0.0,2.9,0.0,11.43,3.5,658.83,0.0,2.34
256573665784036,390.92,28,6.13,288.0,96.79,284.35,176.9,293.05,0.0,0.0,0.0,0.0,0.0,0.0,1.85,0.0,3.1,0.0,16.75,3.46,622.76,0.0,1.04
256573672088250,932.66,28,6.83,830.97,94.87,757.56,226.88,836.43,0.0,0.0,0.0,0.0,0.0,0.0,1.74,0.0,2.8,0.0,25.84,3.59,677.12,0.0,1.36
256573680178493,1132.44,29,235.25,790.35,106.84,667.51,234.66,1023.68,0.0,0.0,0.0,0.0,0.0,0.0,1.62,0.0,2.99,0.0,17.7,3.58,687.06,0.0,229.25
256573688047998,549.23,28,7.54,327.65,214.04,303.93,174.61,333.06,0.0,0.0,0.0,0.0,0.0,0.0,1.68,0.0,2.79,0.0,11.1,3.43,663.43,0.0,2.11
