f1_ts,f1f3_us,n_slices,work_us,wait_us,idle_us,us:fill_logits_buffer,us:waiting_for_logits,us:notify_listener,us:setup_logits,us:compute_forward_args,us:construct_minibatches,us:finalize_ranges,us:add_tokens,us:assemble attention plan,us:matmul enqueue,us:Prepare hardware matmul job,us:Launch hardware matmul job,us:legacy hw_prepare,us:legacy tx_launch,us:tx submitting activation DMA request,us:rx collecting results,us:Free scratchpads,us:other
256935027076413,322.6,28,7.77,307.58,7.25,303.9,188.07,311.78,0.0,0.0,0.0,0.0,0.0,0.0,1.26,0.0,2.28,0.0,15.82,3.55,686.78,0.0,3.0
256935032027206,254.32,28,6.03,240.49,7.8,238.5,183.37,244.95,0.0,0.0,0.0,0.0,0.0,0.0,1.36,0.0,2.38,0.0,10.57,3.48,695.5,0.0,1.56
256935037027347,234.19,28,5.6,221.67,6.92,219.39,184.63,225.72,0.0,0.0,0.0,0.0,0.0,0.0,1.22,0.0,2.28,0.0,8.66,3.43,706.76,0.0,1.54
256935042053609,300.2,28,21.47,271.88,6.85,285.15,185.54,292.2,0.0,0.0,0.0,0.0,0.0,0.0,1.49,0.0,2.48,0.0,27.71,20.53,655.46,0.0,1.15
256935047025799,739.92,28,6.13,725.04,8.76,630.09,261.67,729.64,0.0,0.0,0.0,0.0,0.0,0.0,1.27,0.0,2.28,0.0,8.55,3.53,758.83,0.0,1.52
256935052839299,319.28,28,7.23,259.96,52.09,258.79,199.11,264.91,0.0,0.0,0.0,0.0,0.0,0.0,1.18,0.0,2.2,0.0,22.11,3.5,643.19,0.0,2.28
256935057960790,762.31,28,7.71,704.22,50.38,626.65,238.04,709.85,0.0,0.0,0.0,0.0,0.0,0.0,1.29,0.0,2.48,0.0,22.86,3.52,675.36,0.0,2.08
256935063836557,285.92,28,6.32,229.62,49.99,229.15,195.75,234.97,0.0,0.0,0.0,0.0,0.0,0.0,1.14,0.0,2.31,0.0,27.25,3.65,704.07,0.0,0.97
256935068426563,247.84,28,6.3,234.51,7.03,233.72,177.79,239.66,0.0,0.0,0.0,0.0,0.0,0.0,1.56,0.0,2.62,0.0,8.71,3.54,677.27,0.0,1.15
256935073767146,398.19,28,6.25,343.74,48.19,342.72,197.7,348.85,0.0,0.0,0.0,0.0,0.0,0.0,1.5,0.0,2.5,0.0,8.17,3.46,715.93,0.0,1.15
256935078485073,317.79,28,6.2,303.88,7.71,302.09,179.63,308.38,0.0,0.0,0.0,0.0,0.0,0.0,1.11,0.0,2.11,0.0,7.75,3.39,691.02,0.0,1.7
256935083779410,765.86,28,6.07,706.43,53.36,631.47,206.86,711.42,0.0,0.0,0.0,0.0,0.0,0.0,1.37,0.0,2.38,0.0,16.93,3.66,701.49,0.0,1.07
256935089910893,288.97,28,6.53,234.42,48.02,234.1,198.19,239.79,0.0,0.0,0.0,0.0,0.0,0.0,1.63,0.0,2.63,0.0,29.9,3.58,671.39,0.0,1.16
256935095006228,334.42,28,6.75,320.67,7.01,320.3,178.45,326.11,0.0,0.0,0.0,0.0,0.0,0.0,1.24,0.0,2.21,0.0,12.8,3.46,676.0,0.0,1.31
256935099703891,403.88,28,5.73,390.61,7.54,388.95,249.1,394.9,0.0,0.0,0.0,0.0,0.0,0.0,1.35,0.0,2.41,0.0,9.19,3.6,735.77,0.0,1.44
256935104860096,374.06,28,7.34,310.74,55.99,208.68,183.92,315.75,0.0,0.0,0.0,0.0,0.0,0.0,1.24,0.0,2.22,0.0,12.71,3.48,665.73,0.0,2.32
256935109986079,286.6,28,21.43,241.07,24.11,253.63,190.02,260.3,0.0,0.0,0.0,0.0,0.0,0.0,1.26,0.0,2.36,0.0,27.21,18.63,687.75,0.0,2.19
256935115007912,810.28,28,8.06,748.1,54.12,673.86,279.57,754.1,0.0,0.0,0.0,0.0,0.0,0.0,1.38,0.0,2.42,0.0,27.02,3.58,718.98,0.0,2.06
256935120744600,427.85,28,8.06,366.89,52.9,366.92,210.53,372.62,0.0,0.0,0.0,0.0,0.0,0.0,1.13,0.0,2.12,0.0,19.32,3.62,646.58,0.0,2.32
256935125974908,360.36,28,7.9,318.2,34.25,318.03,173.22,323.72,0.0,0.0,0.0,0.0,0.0,0.0,1.26,0.0,2.35,0.0,12.15,3.46,649.77,0.0,2.39
256935130638984,304.05,28,6.06,290.73,7.26,289.57,188.72,295.15,0.0,0.0,0.0,0.0,0.0,0.0,1.25,0.0,2.31,0.0,8.59,3.62,710.23,0.0,1.64
256935135806087,367.66,28,6.0,308.01,53.65,305.88,180.78,312.58,0.0,0.0,0.0,0.0,0.0,0.0,1.12,0.0,2.09,0.0,9.08,3.46,691.74,0.0,1.43
256935140967629,770.77,28,6.35,718.96,45.46,642.07,236.99,723.71,0.0,0.0,0.0,0.0,0.0,0.0,1.41,0.0,2.51,0.0,8.71,3.65,742.86,0.0,1.54
256935146866947,354.43,28,7.77,301.73,44.93,300.9,177.94,307.09,0.0,0.0,0.0,0.0,0.0,0.0,1.43,0.0,2.39,0.0,10.24,3.53,666.22,0.0,2.29
256935152017988,257.4,28,5.99,243.26,8.15,241.73,184.47,247.55,0.0,0.0,0.0,0.0,0.0,0.0,1.12,0.0,2.17,0.0,8.3,3.44,687.39,0.0,1.7
256935157008885,254.15,28,6.91,239.53,7.71,239.03,186.5,244.73,0.0,0.0,0.0,0.0,0.0,0.0,1.13,0.0,2.14,0.0,20.36,3.59,674.63,0.0,1.71
256935162024172,312.23,28,5.84,298.86,7.53,297.36,181.2,303.44,0.0,0.0,0.0,0.0,0.0,0.0,1.36,0.0,2.49,0.0,8.3,3.46,675.58,0.0,1.25
256935166602680,316.13,28,6.0,302.19,7.94,301.37,174.11,306.93,0.0,0.0,0.0,0.0,0.0,0.0,1.14,0.0,2.15,0.0,11.47,3.44,659.02,0.0,1.26
256935171661996,447.78,28,6.09,394.68,47.02,393.62,219.58,399.47,0.0,0.0,0.0,0.0,0.0,0.0,1.33,0.0,2.32,0.0,20.89,3.58,671.5,0.0,1.3
256935176883261,372.25,28,8.23,308.9,55.12,300.69,186.97,314.61,0.0,0.0,0.0,0.0,0.0,0.0,1.17,0.0,2.14,0.0,17.24,3.57,676.37,0.0,2.52
256935182023718,369.74,28,7.71,303.06,58.97,302.0,180.08,308.1,0.0,0.0,0.0,0.0,0.0,0.0,1.18,0.0,2.18,0.0,16.77,3.58,668.76,0.0,2.67
256935187030854,309.42,28,5.92,296.64,6.86,295.76,178.73,301.22,0.0,0.0,0.0,0.0,0.0,0.0,1.29,0.0,2.28,0.0,9.19,3.48,680.43,0.0,1.34
256935191692785,439.31,28,6.23,424.97,8.12,423.49,226.55,429.2,0.0,0.0,0.0,0.0,0.0,0.0,1.19,0.0,2.17,0.0,8.35,3.56,708.22,0.0,1.99
256935196895055,299.21,28,7.81,236.26,55.14,235.7,182.9,241.46,0.0,0.0,0.0,0.0,0.0,0.0,1.25,0.0,2.26,0.0,9.63,3.49,692.41,0.0,2.58
256935201507626,560.63,28,6.27,546.3,8.06,544.81,250.21,550.89,0.0,0.0,0.0,0.0,0.0,0.0,1.54,0.0,2.5,0.0,12.08,3.53,770.18,0.0,1.67
256935206829633,362.96,28,7.16,306.24,49.56,305.7,182.11,311.52,0.0,0.0,0.0,0.0,0.0,0.0,1.25,0.0,2.44,0.0,13.97,3.53,679.71,0.0,1.88
256935211519404,256.23,28,6.94,242.08,7.21,241.72,181.2,247.82,0.0,0.0,0.0,0.0,0.0,0.0,1.9,0.0,2.93,0.0,22.2,3.5,664.71,0.0,1.2
256935216104262,304.83,28,6.54,289.26,9.03,287.7,174.31,293.89,0.0,0.0,0.0,0.0,0.0,0.0,1.14,0.0,2.16,0.0,8.98,3.6,666.54,0.0,1.91
256935221026100,316.82,28,15.64,294.24,6.94,302.92,186.13,308.56,0.0,0.0,0.0,0.0,0.0,0.0,1.32,0.0,2.41,0.0,20.35,14.66,691.67,0.0,1.32
256935226023480,312.15,28,6.13,298.35,7.68,297.52,184.04,302.84,0.0,0.0,0.0,0.0,0.0,0.0,1.55,0.0,2.58,0.0,14.57,3.47,673.54,0.0,1.64
256935231024136,306.71,28,5.82,294.11,6.78,293.36,174.29,298.76,0.0,0.0,0.0,0.0,0.0,0.0,1.22,0.0,2.33,0.0,8.63,3.52,677.53,0.0,1.18
256935236029109,318.23,28,6.15,304.08,8.0,301.89,174.45,308.4,0.0,0.0,0.0,0.0,0.0,0.0,1.15,0.0,2.16,0.0,9.22,3.48,678.69,0.0,1.83
256935240635980,307.76,28,6.13,295.3,6.33,294.44,179.96,299.85,0.0,0.0,0.0,0.0,0.0,0.0,1.21,0.0,2.35,0.0,13.69,3.65,670.68,0.0,1.58
256935245661508,450.82,28,6.32,396.09,48.41,395.41,223.99,401.35,0.0,0.0,0.0,0.0,0.0,0.0,1.19,0.0,2.53,0.0,9.18,3.51,703.47,0.0,1.07
256935250906899,777.34,28,101.34,625.69,50.31,639.47,173.74,725.42,0.0,0.0,0.0,0.0,0.0,0.0,97.34,0.0,98.78,0.0,15.54,3.56,696.58,0.0,1.61
256935256829900,368.12,28,106.68,206.89,54.55,305.72,196.56,311.24,0.0,0.0,0.0,0.0,0.0,0.0,2.96,0.0,101.74,0.0,18.08,3.55,674.72,0.0,2.33
256935261956012,868.3,28,106.84,706.73,54.73,730.53,239.5,811.54,0.0,0.0,0.0,0.0,0.0,0.0,2.69,0.0,101.02,0.0,9.77,3.79,721.69,0.0,2.04
256935267783311,322.58,28,5.7,237.91,78.97,236.57,166.0,242.38,0.0,0.0,0.0,0.0,0.0,0.0,1.53,0.0,2.64,0.0,9.04,3.56,645.95,0.0,1.23
256935272876299,798.31,28,20.69,722.36,55.26,635.57,255.09,727.23,0.0,0.0,0.0,0.0,0.0,0.0,1.36,0.0,2.36,0.0,14.74,3.52,698.93,0.0,15.55
256935278728926,286.74,28,6.01,231.61,49.11,230.49,178.89,236.47,0.0,0.0,0.0,0.0,0.0,0.0,1.14,0.0,2.08,0.0,13.7,3.47,679.14,0.0,1.15
256935283996191,741.09,28,8.3,698.0,34.79,628.17,259.72,704.02,0.0,0.0,0.0,0.0,0.0,0.0,1.5,0.0,2.75,0.0,10.79,3.57,693.33,0.0,2.27
256935289405900,316.99,28,5.51,304.64,6.83,303.41,181.63,308.91,0.0,0.0,0.0,0.0,0.0,0.0,1.14,0.0,2.14,0.0,10.05,3.53,678.41,0.0,1.24
256935294073902,310.46,28,6.38,296.57,7.52,295.66,180.65,301.68,0.0,0.0,0.0,0.0,0.0,0.0,1.43,0.0,2.42,0.0,9.34,3.58,679.52,0.0,1.27
256935299029003,314.78,28,6.37,300.31,8.09,299.25,176.92,305.13,0.0,0.0,0.0,0.0,0.0,0.0,1.45,0.0,2.55,0.0,11.09,3.53,670.01,0.0,1.55
256935304037191,307.19,28,6.18,293.87,7.13,293.43,178.96,298.85,0.0,0.0,0.0,0.0,0.0,0.0,1.25,0.0,2.3,0.0,10.58,3.52,686.54,0.0,1.2
256935309036234,309.68,28,7.41,295.64,6.63,296.53,180.9,301.82,0.0,0.0,0.0,0.0,0.0,0.0,1.89,0.0,3.05,0.0,20.8,3.53,668.0,0.0,1.23
256935313652539,253.05,28,8.63,236.04,8.38,217.85,187.3,241.37,0.0,0.0,0.0,0.0,0.0,0.0,1.14,0.0,2.11,0.0,10.87,3.44,684.13,0.0,3.3
256935318765304,373.68,28,6.17,319.6,47.91,319.17,205.58,324.73,0.0,0.0,0.0,0.0,0.0,0.0,1.51,0.0,2.48,0.0,22.8,3.45,629.08,0.0,1.03
256935323983028,798.97,28,13.28,753.26,32.43,679.51,251.58,764.22,0.0,0.0,0.0,0.0,0.0,0.0,1.17,0.0,2.33,0.0,67.7,9.34,744.64,0.0,2.32
256935329998403,256.47,28,6.36,236.38,13.73,235.75,177.28,241.47,0.0,0.0,0.0,0.0,0.0,0.0,1.3,0.0,2.42,0.0,8.45,3.41,677.86,0.0,1.27
256935335011291,315.01,28,6.23,301.33,7.46,300.42,185.37,306.11,0.0,0.0,0.0,0.0,0.0,0.0,1.43,0.0,2.54,0.0,14.84,3.6,670.93,0.0,1.44
256935340025465,316.53,28,6.64,302.85,7.04,301.12,181.08,307.5,0.0,0.0,0.0,0.0,0.0,0.0,1.18,0.0,2.13,0.0,19.61,3.58,669.5,0.0,1.99
256935345033691,302.99,28,5.46,290.54,6.98,289.15,176.95,294.77,0.0,0.0,0.0,0.0,0.0,0.0,1.34,0.0,2.39,0.0,8.58,3.6,679.11,0.0,1.24
256935350028910,249.16,28,6.58,234.34,8.24,234.28,175.51,239.69,0.0,0.0,0.0,0.0,0.0,0.0,1.33,0.0,2.32,0.0,15.14,3.61,674.09,0.0,1.23
256935355026988,305.63,28,6.86,290.79,7.98,289.95,175.36,295.88,0.0,0.0,0.0,0.0,0.0,0.0,1.54,0.0,2.57,0.0,8.57,3.53,681.07,0.0,1.77
256935359699499,246.73,28,5.1,233.52,8.11,231.41,180.94,237.39,0.0,0.0,0.0,0.0,0.0,0.0,1.23,0.0,2.17,0.0,9.87,3.48,693.04,0.0,1.22
256935364912671,302.74,28,7.29,246.33,49.12,245.42,184.28,251.04,0.0,0.0,0.0,0.0,0.0,0.0,1.45,0.0,2.5,0.0,10.39,3.55,677.68,0.0,2.5
256935370025030,309.15,28,7.41,293.9,7.84,294.02,179.51,299.73,0.0,0.0,0.0,0.0,0.0,0.0,1.71,0.0,2.67,0.0,10.71,3.45,670.49,0.0,1.58
256935375039935,247.23,28,7.15,232.12,7.97,231.21,172.72,237.12,0.0,0.0,0.0,0.0,0.0,0.0,1.21,0.0,2.26,0.0,10.82,3.55,652.5,0.0,2.14
256935380048884,308.62,28,6.77,294.35,7.5,293.82,176.61,299.58,0.0,0.0,0.0,0.0,0.0,0.0,1.3,0.0,2.35,0.0,8.71,3.44,669.44,0.0,1.53
256935384642971,250.4,28,6.25,237.21,6.94,235.74,178.76,242.01,0.0,0.0,0.0,0.0,0.0,0.0,1.13,0.0,2.12,0.0,10.98,3.5,677.8,0.0,1.44
256935389685818,457.12,28,19.77,392.69,44.66,388.54,259.12,397.7,0.0,0.0,0.0,0.0,0.0,0.0,1.14,0.0,2.17,0.0,24.9,3.57,676.34,0.0,14.62
256935394965155,764.47,28,21.68,697.66,45.13,621.73,247.32,702.97,0.0,0.0,0.0,0.0,0.0,0.0,1.18,0.0,2.33,0.0,13.9,3.65,709.68,0.0,15.7
256935400818733,789.45,28,7.27,734.5,47.67,661.89,252.69,739.49,0.0,0.0,0.0,0.0,0.0,0.0,1.21,0.0,2.23,0.0,10.51,3.58,729.37,0.0,2.29
256935406248263,305.49,28,6.19,293.06,6.23,292.63,183.06,298.05,0.0,0.0,0.0,0.0,0.0,0.0,1.84,0.0,2.79,0.0,8.69,3.46,688.39,0.0,1.21
256935411039162,233.11,28,6.71,218.85,7.55,218.55,187.89,223.97,0.0,0.0,0.0,0.0,0.0,0.0,1.35,0.0,2.29,0.0,25.35,3.57,664.29,0.0,1.59
256935416027822,241.96,28,6.18,228.62,7.16,227.9,179.67,233.51,0.0,0.0,0.0,0.0,0.0,0.0,1.18,0.0,2.12,0.0,10.21,3.6,686.51,0.0,1.28
256935420630569,257.0,28,6.17,241.53,9.3,239.51,184.02,246.24,0.0,0.0,0.0,0.0,0.0,0.0,1.45,0.0,2.5,0.0,8.58,3.67,689.12,0.0,1.46
256935425685924,352.49,28,6.38,297.86,48.25,295.73,180.73,302.08,0.0,0.0,0.0,0.0,0.0,0.0,1.38,0.0,2.34,0.0,9.82,3.51,680.82,0.0,2.16
256935430920958,297.31,28,7.21,238.78,51.32,237.62,180.22,243.43,0.0,0.0,0.0,0.0,0.0,0.0,1.27,0.0,2.27,0.0,11.9,3.56,654.14,0.0,2.56
256935435984430,747.97,28,6.78,714.37,26.83,638.88,237.57,719.2,0.0,0.0,0.0,0.0,0.0,0.0,1.13,0.0,2.24,0.0,9.32,3.54,742.29,0.0,1.95
256935441975661,748.05,28,7.71,705.82,34.52,629.11,233.59,711.02,0.0,0.0,0.0,0.0,0.0,0.0,1.22,0.0,2.41,0.0,18.01,3.5,704.79,0.0,2.51
256935447407560,249.31,28,5.74,236.3,7.26,233.69,181.13,240.48,0.0,0.0,0.0,0.0,0.0,0.0,1.22,0.0,2.25,0.0,26.2,3.51,666.23,0.0,1.57
256935452079743,246.48,28,6.21,232.53,7.74,231.52,177.92,237.59,0.0,0.0,0.0,0.0,0.0,0.0,1.49,0.0,2.48,0.0,13.34,3.5,670.55,0.0,1.15
256935456713739,306.47,28,6.01,292.46,8.0,291.94,180.58,297.55,0.0,0.0,0.0,0.0,0.0,0.0,1.31,0.0,2.34,0.0,8.45,3.46,688.82,0.0,0.92
256935461769069,418.62,28,7.6,359.44,51.57,359.5,244.88,364.87,0.0,0.0,0.0,0.0,0.0,0.0,1.23,0.0,2.27,0.0,88.09,3.51,609.25,0.0,2.17
256935467006599,250.76,28,6.63,236.58,7.55,235.53,179.65,241.64,0.0,0.0,0.0,0.0,0.0,0.0,1.26,0.0,2.26,0.0,14.06,3.61,674.96,0.0,1.57
256935471600797,307.13,28,6.43,293.5,7.2,293.08,185.49,298.75,0.0,0.0,0.0,0.0,0.0,0.0,1.17,0.0,2.15,0.0,16.79,3.54,680.67,0.0,1.18
256935476806065,335.38,28,6.67,293.0,35.71,292.17,182.27,298.3,0.0,0.0,0.0,0.0,0.0,0.0,1.16,0.0,2.19,0.0,11.65,3.53,649.29,0.0,1.38
256935481908864,293.34,28,7.49,239.76,46.09,239.02,188.72,244.54,0.0,0.0,0.0,0.0,0.0,0.0,1.21,0.0,2.19,0.0,23.13,3.54,627.17,0.0,2.71
256935487005462,326.57,28,6.95,311.62,8.0,311.15,194.94,316.5,0.0,0.0,0.0,0.0,0.0,0.0,1.65,0.0,2.67,0.0,9.32,3.43,695.05,0.0,2.06
256935492036807,242.0,28,6.71,227.9,7.4,227.76,178.6,233.36,0.0,0.0,0.0,0.0,0.0,0.0,1.41,0.0,2.39,0.0,9.37,3.52,672.87,0.0,1.25
256935497027068,262.73,28,6.34,249.18,7.21,248.74,176.65,253.97,0.0,0.0,0.0,0.0,0.0,0.0,1.35,0.0,2.46,0.0,14.85,3.65,667.06,0.0,1.55
256935502023515,308.61,28,6.51,295.29,6.81,295.82,177.19,300.8,0.0,0.0,0.0,0.0,0.0,0.0,1.67,0.0,2.76,0.0,11.81,3.56,670.45,0.0,1.0
256935506626139,254.05,28,5.73,240.89,7.44,239.12,177.48,245.11,0.0,0.0,0.0,0.0,0.0,0.0,1.12,0.0,2.09,0.0,10.63,3.53,677.52,0.0,1.51
256935511618678,481.95,28,5.96,421.65,54.34,420.2,260.93,426.47,0.0,0.0,0.0,0.0,0.0,0.0,1.24,0.0,2.26,0.0,9.18,3.42,708.44,0.0,1.15
256935516467802,242.08,28,5.91,229.42,6.75,228.69,175.76,233.92,0.0,0.0,0.0,0.0,0.0,0.0,1.45,0.0,2.4,0.0,11.48,3.64,674.66,0.0,1.41
256935521057047,354.25,28,7.07,337.77,9.41,337.47,176.25,343.52,0.0,0.0,0.0,0.0,0.0,0.0,1.3,0.0,2.35,0.0,11.78,3.5,663.4,0.0,1.33
256935525769489,311.82,28,5.83,298.63,7.36,297.93,184.69,303.52,0.0,0.0,0.0,0.0,0.0,0.0,1.42,0.0,2.38,0.0,10.0,3.57,685.22,0.0,0.93
256935530392737,237.71,28,6.19,225.22,6.3,224.59,174.49,229.94,0.0,0.0,0.0,0.0,0.0,0.0,1.11,0.0,2.06,0.0,10.09,3.43,661.23,0.0,1.47
256935535049094,247.59,28,5.91,233.7,7.98,232.77,180.89,238.44,0.0,0.0,0.0,0.0,0.0,0.0,1.57,0.0,2.66,0.0,11.71,3.52,683.32,0.0,1.17
256935540024321,746.79,28,6.27,731.09,9.43,624.66,256.36,736.18,0.0,0.0,0.0,0.0,0.0,0.0,1.44,0.0,2.53,0.0,8.75,3.58,760.84,0.0,1.18
256935545778599,394.4,28,8.07,334.67,51.66,335.1,249.44,340.91,0.0,0.0,0.0,0.0,0.0,0.0,1.56,0.0,2.55,0.0,105.75,3.69,621.22,0.0,1.83
256935550531008,327.9,28,5.39,314.72,7.79,313.05,177.14,318.62,0.0,0.0,0.0,0.0,0.0,0.0,1.22,0.0,2.18,0.0,9.7,3.49,665.75,0.0,1.49
256935555126746,258.86,28,6.98,245.3,6.59,245.71,191.03,251.04,0.0,0.0,0.0,0.0,0.0,0.0,1.43,0.0,2.38,0.0,27.71,3.5,672.69,0.0,1.24
256935560031145,315.66,28,6.34,301.43,7.88,300.89,181.65,306.4,0.0,0.0,0.0,0.0,0.0,0.0,1.23,0.0,2.19,0.0,10.77,3.44,677.74,0.0,1.37
256935564656242,315.47,28,6.07,301.9,7.5,300.46,185.0,306.5,0.0,0.0,0.0,0.0,0.0,0.0,1.28,0.0,2.31,0.0,11.56,3.49,692.84,0.0,1.46
256935569339992,238.46,28,6.02,225.65,6.8,224.6,177.53,230.14,0.0,0.0,0.0,0.0,0.0,0.0,1.32,0.0,2.38,0.0,9.44,3.42,665.39,0.0,1.52
256935574353073,678.81,28,7.29,618.51,53.01,618.74,265.15,623.78,0.0,0.0,0.0,0.0,0.0,0.0,1.32,0.0,2.44,0.0,8.39,3.62,700.12,0.0,2.02
256935579893628,295.29,28,7.49,237.66,50.14,237.61,177.07,243.04,0.0,0.0,0.0,0.0,0.0,0.0,1.16,0.0,2.32,0.0,12.62,3.46,672.52,0.0,2.11
256935585026698,231.37,28,6.64,217.07,7.66,216.87,175.23,222.04,0.0,0.0,0.0,0.0,0.0,0.0,1.3,0.0,2.36,0.0,9.43,3.54,650.84,0.0,1.67
256935590025794,242.7,28,5.73,229.16,7.81,228.24,176.13,233.9,0.0,0.0,0.0,0.0,0.0,0.0,1.67,0.0,2.62,0.0,8.1,3.56,680.49,0.0,0.99
256935594583073,306.36,28,14.92,284.34,7.1,292.04,183.27,297.79,0.0,0.0,0.0,0.0,0.0,0.0,10.57,0.0,11.62,0.0,11.72,3.51,692.38,0.0,1.48
256935599684642,756.74,28,7.92,704.84,43.98,632.46,235.28,711.42,0.0,0.0,0.0,0.0,0.0,0.0,2.06,0.0,3.14,0.0,9.36,3.44,693.95,0.0,1.34
256935605683272,450.25,28,5.57,396.75,47.94,396.01,247.51,401.43,0.0,0.0,0.0,0.0,0.0,0.0,1.5,0.0,2.49,0.0,10.53,3.52,757.41,0.0,0.89
256935610994346,331.84,28,13.8,298.63,19.41,305.24,173.07,310.62,0.0,0.0,0.0,0.0,0.0,0.0,1.3,0.0,11.1,0.0,17.07,3.51,649.73,0.0,1.82
256935616024965,250.11,28,5.49,237.81,6.81,236.11,171.68,241.91,0.0,0.0,0.0,0.0,0.0,0.0,1.37,0.0,2.66,0.0,12.31,3.45,663.47,0.0,1.4
256935620548545,258.04,28,45.66,205.69,6.69,224.03,132.81,250.02,0.0,0.0,0.0,0.0,0.0,0.0,1.5,0.0,44.33,0.0,11.43,3.6,664.21,0.0,1.33
256935625035046,239.43,28,6.39,225.29,7.74,224.34,175.06,230.19,0.0,0.0,0.0,0.0,0.0,0.0,1.22,0.0,2.39,0.0,10.23,3.56,662.19,0.0,1.5
256935630009696,316.43,28,6.96,301.78,7.7,300.64,175.94,307.43,0.0,0.0,0.0,0.0,0.0,0.0,1.37,0.0,2.39,0.0,10.38,3.49,681.63,0.0,1.31
256935635055390,823.21,28,6.74,764.09,52.38,689.27,234.93,769.15,0.0,0.0,0.0,0.0,0.0,0.0,1.36,0.0,2.37,0.0,9.35,3.62,697.44,0.0,1.68
256935640639353,252.01,28,7.11,237.24,7.66,237.29,179.42,242.48,0.0,0.0,0.0,0.0,0.0,0.0,1.23,0.0,2.26,0.0,13.91,3.5,669.29,0.0,1.87
256935645769878,725.13,28,6.38,666.7,52.04,625.4,193.03,671.77,0.0,0.0,0.0,0.0,0.0,0.0,1.28,0.0,2.3,0.0,19.18,3.54,638.57,0.0,1.32
256935651972836,803.13,28,138.2,627.79,37.14,674.11,182.81,750.04,0.0,0.0,0.0,0.0,0.0,0.0,1.43,0.0,121.65,0.0,20.02,3.51,696.95,0.0,15.6
256935657284144,248.85,28,14.31,227.46,7.08,235.12,177.44,240.83,0.0,0.0,0.0,0.0,0.0,0.0,1.26,0.0,11.57,0.0,12.79,3.49,676.44,0.0,0.94
256935662037745,319.62,28,18.78,293.11,7.73,304.48,194.69,310.07,0.0,0.0,0.0,0.0,0.0,0.0,12.65,0.0,13.87,0.0,25.48,3.66,679.43,0.0,1.82
256935667026787,314.93,28,13.57,293.48,7.89,300.0,175.34,305.36,0.0,0.0,0.0,0.0,0.0,0.0,1.44,0.0,10.73,0.0,16.48,3.52,675.22,0.0,1.68
256935672028434,261.26,28,7.79,245.1,8.37,245.99,183.56,251.3,0.0,0.0,0.0,0.0,0.0,0.0,1.54,0.0,2.62,0.0,18.34,3.59,673.74,0.0,1.59
256935677023958,321.42,28,6.1,300.66,14.67,299.58,182.71,305.79,0.0,0.0,0.0,0.0,0.0,0.0,1.3,0.0,2.34,0.0,21.9,3.62,660.68,0.0,0.96
256935682027496,253.4,28,6.18,239.86,7.36,238.84,183.16,244.4,0.0,0.0,0.0,0.0,0.0,0.0,1.31,0.0,2.52,0.0,13.49,3.57,675.09,0.0,1.64
256935687023946,304.23,28,6.45,290.7,7.07,290.06,171.41,295.9,0.0,0.0,0.0,0.0,0.0,0.0,1.47,0.0,2.53,0.0,11.16,3.56,656.92,0.0,1.25
256935692262209,314.62,28,6.44,255.7,52.48,252.37,183.1,260.46,0.0,0.0,0.0,0.0,0.0,0.0,1.13,0.0,2.32,0.0,8.44,3.47,694.9,0.0,1.68
256935697039702,741.04,28,7.03,723.68,10.33,639.77,223.67,728.74,0.0,0.0,0.0,0.0,0.0,0.0,1.35,0.0,2.34,0.0,9.08,3.44,723.61,0.0,1.96
256935702961939,824.52,28,22.19,753.85,48.48,675.61,258.96,759.17,0.0,0.0,0.0,0.0,0.0,0.0,1.23,0.0,2.34,0.0,74.63,3.46,713.1,0.0,16.39
256935709011980,244.5,28,6.33,229.26,8.91,228.59,185.27,233.8,0.0,0.0,0.0,0.0,0.0,0.0,1.43,0.0,2.45,0.0,12.87,3.41,665.56,0.0,1.78
256935713561852,312.87,28,6.11,298.75,8.01,298.15,193.65,303.46,0.0,0.0,0.0,0.0,0.0,0.0,1.17,0.0,2.11,0.0,31.4,3.61,684.41,0.0,1.4
256935718696340,430.54,28,7.47,373.28,49.78,373.13,242.95,378.92,0.0,0.0,0.0,0.0,0.0,0.0,1.2,0.0,2.19,0.0,12.85,3.51,689.55,0.0,1.84
256935723499163,562.64,28,6.59,547.6,8.45,545.75,222.97,552.26,0.0,0.0,0.0,0.0,0.0,0.0,1.46,0.0,2.44,0.0,8.43,3.46,723.9,0.0,1.92
256935728423839,314.87,28,7.62,299.92,7.33,299.7,173.14,305.64,0.0,0.0,0.0,0.0,0.0,0.0,1.59,0.0,2.58,0.0,15.04,3.58,660.7,0.0,1.9
256935733034582,760.54,28,9.5,739.73,11.31,650.11,236.81,747.24,0.0,0.0,0.0,0.0,0.0,0.0,1.19,0.0,2.24,0.0,15.44,6.41,684.81,0.0,1.99
256935739024922,253.56,28,6.44,239.49,7.64,238.85,178.99,244.61,0.0,0.0,0.0,0.0,0.0,0.0,1.3,0.0,2.42,0.0,12.54,3.51,665.7,0.0,1.32
256935743604061,317.33,28,6.54,303.38,7.41,303.38,173.1,308.68,0.0,0.0,0.0,0.0,0.0,0.0,1.39,0.0,2.37,0.0,9.79,3.62,654.8,0.0,1.24
256935748769397,367.15,28,6.42,308.37,52.35,307.83,196.1,313.55,0.0,0.0,0.0,0.0,0.0,0.0,1.35,0.0,2.37,0.0,9.23,3.5,695.78,0.0,1.24
256935753989951,756.77,28,6.4,698.84,51.54,630.44,253.25,703.94,0.0,0.0,0.0,0.0,0.0,0.0,1.26,0.0,2.39,0.0,8.96,3.49,693.84,0.0,1.29
256935759791751,350.22,28,6.42,295.51,48.29,295.0,182.57,300.29,0.0,0.0,0.0,0.0,0.0,0.0,1.15,0.0,2.16,0.0,15.72,3.5,656.73,0.0,1.64
256935765006378,234.48,28,6.63,219.94,7.91,219.24,185.37,224.71,0.0,0.0,0.0,0.0,0.0,0.0,1.38,0.0,2.75,0.0,16.62,3.49,683.19,0.0,1.86
256935769589106,237.79,28,6.43,224.27,7.09,223.9,186.32,229.07,0.0,0.0,0.0,0.0,0.0,0.0,1.14,0.0,2.1,0.0,18.21,3.44,675.1,0.0,1.62
256935774699850,680.25,28,5.83,378.66,295.77,274.49,172.65,383.36,0.0,0.0,0.0,0.0,0.0,0.0,1.62,0.0,2.66,0.0,8.64,3.5,644.8,0.0,1.12
256935780115652,311.25,28,5.59,298.27,7.39,296.87,177.94,302.46,0.0,0.0,0.0,0.0,0.0,0.0,1.22,0.0,2.24,0.0,8.07,3.46,680.47,0.0,1.4
256935784761306,251.35,28,7.43,236.57,7.35,235.32,183.13,242.27,0.0,0.0,0.0,0.0,0.0,0.0,1.55,0.0,2.55,0.0,15.37,3.66,671.63,0.0,1.73
256935789895387,376.79,28,8.07,321.18,47.54,321.57,193.65,326.95,0.0,0.0,0.0,0.0,0.0,0.0,1.28,0.0,2.27,0.0,11.21,3.51,652.94,0.0,2.29
256935795028649,312.74,28,6.06,300.29,6.39,298.46,180.68,304.73,0.0,0.0,0.0,0.0,0.0,0.0,1.3,0.0,2.33,0.0,10.25,3.46,697.64,0.0,1.63
256935799670392,308.83,28,5.79,295.19,7.84,294.23,184.43,299.65,0.0,0.0,0.0,0.0,0.0,0.0,1.5,0.0,2.53,0.0,10.66,3.5,700.72,0.0,1.34
256935804768838,419.49,28,6.44,358.13,54.93,356.74,190.03,362.24,0.0,0.0,0.0,0.0,0.0,0.0,1.28,0.0,2.25,0.0,11.68,3.45,665.18,0.0,2.33
256935810003269,241.53,28,6.43,227.35,7.75,226.17,176.04,231.9,0.0,0.0,0.0,0.0,0.0,0.0,1.45,0.0,2.65,0.0,9.87,3.49,672.91,0.0,1.89
256935814627838,314.92,28,6.77,301.04,7.11,300.92,176.34,306.32,0.0,0.0,0.0,0.0,0.0,0.0,1.26,0.0,2.21,0.0,10.25,3.46,663.28,0.0,1.49
256935819758802,424.82,28,7.86,361.69,55.27,362.22,189.74,367.57,0.0,0.0,0.0,0.0,0.0,0.0,1.41,0.0,2.42,0.0,11.46,3.51,655.02,0.0,1.99
256935825012540,243.98,28,6.39,229.93,7.65,229.3,170.5,234.69,0.0,0.0,0.0,0.0,0.0,0.0,1.69,0.0,2.75,0.0,8.1,3.5,659.78,0.0,1.63
256935830031686,256.57,28,5.44,244.26,6.86,243.39,177.24,248.79,0.0,0.0,0.0,0.0,0.0,0.0,1.26,0.0,2.24,0.0,12.57,3.52,675.72,0.0,0.92
256935835015528,316.4,28,5.55,303.36,7.5,302.35,181.93,307.65,0.0,0.0,0.0,0.0,0.0,0.0,1.13,0.0,2.12,0.0,8.11,3.52,689.77,0.0,1.25
256935840024198,313.48,28,5.93,300.4,7.14,299.46,179.69,305.0,0.0,0.0,0.0,0.0,0.0,0.0,1.35,0.0,2.36,0.0,8.48,3.48,678.3,0.0,1.34
256935845014772,307.15,28,5.5,294.03,7.63,292.46,178.36,298.15,0.0,0.0,0.0,0.0,0.0,0.0,1.46,0.0,2.43,0.0,8.01,3.44,681.76,0.0,1.37
256935850028835,319.26,28,6.63,304.73,7.91,303.75,177.68,309.63,0.0,0.0,0.0,0.0,0.0,0.0,1.18,0.0,2.2,0.0,11.25,3.6,673.66,0.0,1.72
256935854719325,254.72,28,6.95,239.82,7.95,240.41,185.93,245.72,0.0,0.0,0.0,0.0,0.0,0.0,1.77,0.0,2.77,0.0,12.5,3.59,665.21,0.0,1.05
256935859858406,308.66,28,7.5,244.94,56.22,244.0,191.37,249.8,0.0,0.0,0.0,0.0,0.0,0.0,1.17,0.0,2.21,0.0,24.76,3.52,657.96,0.0,2.52
256935865005933,240.18,28,7.48,225.71,7.0,225.72,186.49,231.73,0.0,0.0,0.0,0.0,0.0,0.0,1.56,0.0,2.61,0.0,36.14,3.54,662.8,0.0,1.45
256935869564206,307.99,28,6.61,293.04,8.34,292.58,180.68,298.43,0.0,0.0,0.0,0.0,0.0,0.0,1.24,0.0,2.21,0.0,12.46,3.54,685.88,0.0,1.22
256935874742743,266.52,28,5.4,214.57,46.55,212.88,181.58,218.5,0.0,0.0,0.0,0.0,0.0,0.0,1.39,0.0,2.42,0.0,27.97,3.47,651.03,0.0,1.48
256935879847495,374.16,28,7.72,322.24,44.2,316.33,180.19,327.8,0.0,0.0,0.0,0.0,0.0,0.0,1.26,0.0,2.33,0.0,12.76,3.52,643.94,0.0,2.16
256935885023047,309.07,28,6.88,295.1,7.09,295.03,183.16,300.4,0.0,0.0,0.0,0.0,0.0,0.0,1.21,0.0,2.23,0.0,13.02,3.58,666.7,0.0,1.58
256935889668573,270.28,28,6.35,257.31,6.61,256.28,180.05,261.53,0.0,0.0,0.0,0.0,0.0,0.0,1.26,0.0,2.32,0.0,8.02,3.44,696.46,0.0,2.13
256935894852390,350.9,28,102.72,194.94,53.24,289.34,178.24,295.3,0.0,0.0,0.0,0.0,0.0,0.0,98.36,0.0,99.46,0.0,32.67,3.51,664.7,0.0,2.36
256935900011293,317.8,28,5.85,297.33,14.62,296.28,172.83,301.88,0.0,0.0,0.0,0.0,0.0,0.0,1.17,0.0,2.19,0.0,9.11,3.56,678.09,0.0,1.3
256935905026752,750.91,28,8.53,721.64,20.74,650.32,258.38,727.7,0.0,0.0,0.0,0.0,0.0,0.0,1.37,0.0,2.55,0.0,13.68,3.51,730.7,0.0,2.47
256935910492787,314.63,28,7.23,300.69,6.71,301.43,183.9,306.89,0.0,0.0,0.0,0.0,0.0,0.0,1.97,0.0,3.04,0.0,11.92,3.58,685.5,0.0,1.04
256935915684415,447.81,28,7.93,381.2,58.68,381.56,257.48,386.98,0.0,0.0,0.0,0.0,0.0,0.0,1.32,0.0,2.49,0.0,27.68,3.52,724.02,0.0,2.16
256935921006459,311.43,28,6.11,298.11,7.21,297.28,177.68,302.74,0.0,0.0,0.0,0.0,0.0,0.0,1.14,0.0,2.49,0.0,8.86,3.55,680.06,0.0,1.48
256935925654730,244.98,28,6.87,231.09,7.03,230.22,181.58,235.96,0.0,0.0,0.0,0.0,0.0,0.0,1.53,0.0,2.54,0.0,9.53,3.5,696.09,0.0,2.0
256935930741307,421.76,28,7.23,359.4,55.13,212.86,208.5,364.64,0.0,0.0,0.0,0.0,0.0,0.0,1.34,0.0,2.48,0.0,15.66,3.53,696.83,0.0,1.99
256935935973962,813.62,28,7.31,769.53,36.78,677.35,215.34,774.75,0.0,0.0,0.0,0.0,0.0,0.0,1.33,0.0,2.57,0.0,17.92,3.75,688.82,0.0,2.09
256935941861779,358.86,28,7.46,298.97,52.43,298.51,183.78,304.07,0.0,0.0,0.0,0.0,0.0,0.0,1.29,0.0,2.33,0.0,10.43,3.57,675.34,0.0,2.35
256935946542339,529.25,28,7.4,510.26,11.59,509.68,259.71,515.55,0.0,0.0,0.0,0.0,0.0,0.0,1.43,0.0,2.45,0.0,14.96,3.51,720.43,0.0,2.11
256935951452544,313.37,28,6.58,299.13,7.67,293.01,177.55,303.53,0.0,0.0,0.0,0.0,0.0,0.0,1.18,0.0,2.16,0.0,10.44,3.48,686.82,0.0,2.17
256935956097136,241.35,28,5.24,229.73,6.39,228.3,183.73,233.91,0.0,0.0,0.0,0.0,0.0,0.0,1.3,0.0,2.3,0.0,8.56,3.48,682.51,0.0,1.05
256935961034942,258.27,28,6.36,243.81,8.11,243.19,182.47,248.39,0.0,0.0,0.0,0.0,0.0,0.0,1.23,0.0,2.26,0.0,9.3,3.56,703.12,0.0,1.78
256935966031533,313.1,28,7.21,297.6,8.29,297.67,177.13,302.98,0.0,0.0,0.0,0.0,0.0,0.0,1.73,0.0,2.75,0.0,8.32,3.45,680.24,0.0,1.83
256935971033634,317.3,28,5.65,304.56,7.09,302.92,172.38,308.47,0.0,0.0,0.0,0.0,0.0,0.0,1.45,0.0,2.45,0.0,8.37,3.46,669.2,0.0,1.73
256935976024558,313.44,28,6.72,298.6,8.11,298.05,185.96,303.68,0.0,0.0,0.0,0.0,0.0,0.0,1.64,0.0,2.64,0.0,9.66,3.64,686.55,0.0,1.65
256935981029197,314.74,28,6.87,301.33,6.54,301.52,180.09,306.96,0.0,0.0,0.0,0.0,0.0,0.0,1.57,0.0,2.6,0.0,19.86,3.58,682.71,0.0,1.24
256935986304140,730.92,28,8.2,663.27,59.45,663.74,252.66,669.23,0.0,0.0,0.0,0.0,0.0,0.0,1.39,0.0,2.45,0.0,11.29,3.51,724.8,0.0,2.24
256935991402401,631.52,28,6.85,615.93,8.75,615.45,219.41,621.03,0.0,0.0,0.0,0.0,0.0,0.0,1.35,0.0,2.3,0.0,21.13,3.57,676.47,0.0,1.74
256935996989795,334.39,28,7.43,301.57,25.4,300.94,184.6,306.65,0.0,0.0,0.0,0.0,0.0,0.0,1.31,0.0,2.37,0.0,13.35,3.48,666.62,0.0,2.34
256936002033542,316.09,28,6.63,302.36,7.1,302.41,178.69,307.71,0.0,0.0,0.0,0.0,0.0,0.0,1.13,0.0,2.36,0.0,10.29,3.57,684.24,0.0,1.28
256936006690481,308.92,28,6.03,296.04,6.85,295.12,181.69,300.79,0.0,0.0,0.0,0.0,0.0,0.0,1.13,0.0,2.11,0.0,8.25,3.48,695.85,0.0,1.28
256936012011146,242.57,28,6.64,228.79,7.14,228.75,177.0,234.18,0.0,0.0,0.0,0.0,0.0,0.0,1.56,0.0,2.76,0.0,8.23,3.54,684.51,0.0,1.25
256936017026417,757.18,28,7.89,737.24,12.05,658.72,226.7,743.03,0.0,0.0,0.0,0.0,0.0,0.0,1.23,0.0,2.28,0.0,10.63,3.52,682.05,0.0,2.1
256936023028723,257.06,28,6.74,241.25,9.06,239.72,179.95,245.97,0.0,0.0,0.0,0.0,0.0,0.0,1.64,0.0,2.85,0.0,17.66,3.45,672.05,0.0,2.02
256936028082651,784.5,28,8.54,727.96,47.99,656.26,235.91,733.93,0.0,0.0,0.0,0.0,0.0,0.0,1.35,0.0,2.36,0.0,11.97,3.61,685.86,0.0,2.57
256936034018881,244.38,28,5.99,230.28,8.11,216.08,184.23,235.3,0.0,0.0,0.0,0.0,0.0,0.0,1.26,0.0,2.26,0.0,20.58,3.6,670.29,0.0,0.97
256936039016483,241.52,28,6.42,227.87,7.23,227.76,174.3,233.02,0.0,0.0,0.0,0.0,0.0,0.0,1.26,0.0,2.24,0.0,9.21,3.5,669.41,0.0,1.28
256936044027991,244.01,28,22.06,212.61,9.34,223.84,188.84,229.14,0.0,0.0,0.0,0.0,0.0,0.0,1.18,0.0,2.42,0.0,27.27,14.86,691.75,0.0,5.53
256936049030482,316.01,28,7.4,298.68,9.93,298.78,184.98,303.92,0.0,0.0,0.0,0.0,0.0,0.0,1.16,0.0,2.2,0.0,22.72,3.6,661.31,0.0,2.17
256936054035506,309.3,28,6.66,295.15,7.5,294.69,182.34,300.39,0.0,0.0,0.0,0.0,0.0,0.0,1.24,0.0,2.38,0.0,19.17,3.59,688.65,0.0,1.42
256936058692886,326.5,28,9.85,309.15,7.5,307.73,185.27,313.76,0.0,0.0,0.0,0.0,0.0,0.0,1.47,0.0,2.54,0.0,15.07,3.5,673.64,0.0,5.24
256936063904245,306.47,28,6.69,240.34,59.44,239.91,177.21,245.28,0.0,0.0,0.0,0.0,0.0,0.0,1.28,0.0,2.32,0.0,9.45,3.54,684.46,0.0,1.75
256936069006529,265.78,28,6.71,251.08,7.99,250.73,183.29,256.4,0.0,0.0,0.0,0.0,0.0,0.0,1.3,0.0,2.3,0.0,10.62,3.57,673.52,0.0,1.39
256936074027297,316.8,28,6.57,302.55,7.69,301.61,177.59,307.21,0.0,0.0,0.0,0.0,0.0,0.0,1.43,0.0,2.6,0.0,11.52,3.53,667.83,0.0,1.9
256936079046558,307.04,28,6.8,293.71,6.53,292.94,175.84,298.41,0.0,0.0,0.0,0.0,0.0,0.0,1.33,0.0,2.31,0.0,12.07,3.43,663.77,0.0,2.1
256936083689545,318.81,28,5.65,305.97,7.19,304.17,193.04,310.31,0.0,0.0,0.0,0.0,0.0,0.0,1.41,0.0,2.39,0.0,18.76,3.51,663.9,0.0,1.31
256936088910689,405.06,28,45.03,305.95,54.08,341.41,210.9,348.59,0.0,0.0,0.0,0.0,0.0,0.0,1.15,0.0,2.2,0.0,50.97,43.59,647.06,0.0,2.39
256936094026808,236.54,28,6.76,222.67,7.11,222.86,180.56,227.83,0.0,0.0,0.0,0.0,0.0,0.0,1.45,0.0,2.48,0.0,12.03,3.47,690.22,0.0,1.59
256936098611439,306.07,28,6.38,292.09,7.6,291.75,178.18,296.98,0.0,0.0,0.0,0.0,0.0,0.0,1.56,0.0,2.54,0.0,9.1,3.46,688.99,0.0,1.49
256936103277188,251.09,28,7.16,236.76,7.17,237.35,188.19,242.55,0.0,0.0,0.0,0.0,0.0,0.0,1.53,0.0,2.63,0.0,14.54,3.59,676.37,0.0,1.37
256936108030905,236.03,28,6.6,222.04,7.39,222.32,177.91,227.7,0.0,0.0,0.0,0.0,0.0,0.0,1.54,0.0,2.59,0.0,11.57,3.53,673.81,0.0,0.94
256936113025264,243.23,28,6.5,228.44,8.29,227.56,177.46,232.88,0.0,0.0,0.0,0.0,0.0,0.0,1.15,0.0,2.17,0.0,10.18,3.53,664.96,0.0,2.06
256936118026695,311.68,28,6.56,297.79,7.33,297.04,178.73,302.73,0.0,0.0,0.0,0.0,0.0,0.0,1.51,0.0,2.56,0.0,8.27,3.63,686.14,0.0,1.61
256936123034580,308.47,28,5.69,295.56,7.22,294.56,168.71,299.9,0.0,0.0,0.0,0.0,0.0,0.0,1.42,0.0,2.44,0.0,8.55,3.44,661.13,0.0,1.36
256936128266577,742.37,28,7.0,686.29,49.08,668.69,244.25,691.01,0.0,0.0,0.0,0.0,0.0,0.0,1.39,0.0,2.37,0.0,13.82,3.66,708.42,0.0,2.28
256936133838920,326.01,28,7.13,261.48,57.4,260.62,179.06,266.54,0.0,0.0,0.0,0.0,0.0,0.0,1.29,0.0,2.24,0.0,13.81,3.54,644.04,0.0,2.07
256936139029252,247.56,28,6.42,233.66,7.48,233.22,176.2,238.61,0.0,0.0,0.0,0.0,0.0,0.0,1.26,0.0,2.31,0.0,8.09,3.44,696.16,0.0,1.47
256936144021030,714.12,28,131.41,571.5,11.21,634.41,229.41,691.21,0.0,0.0,0.0,0.0,0.0,0.0,115.99,0.0,117.11,0.0,9.59,3.49,704.12,0.0,11.7
256936149310886,322.86,28,16.34,298.93,7.59,307.34,177.32,313.08,0.0,0.0,0.0,0.0,0.0,0.0,1.33,0.0,10.81,0.0,11.12,3.52,670.75,0.0,2.19
256936153970474,320.36,28,5.86,307.44,7.07,306.45,177.53,311.96,0.0,0.0,0.0,0.0,0.0,0.0,1.42,0.0,2.61,0.0,9.03,3.5,687.55,0.0,1.33
256936158656358,245.56,28,5.69,232.5,7.37,231.85,175.5,237.27,0.0,0.0,0.0,0.0,0.0,0.0,1.64,0.0,2.64,0.0,10.44,3.52,678.98,0.0,0.92
256936163825147,367.54,28,7.11,315.23,45.2,314.59,183.4,320.31,0.0,0.0,0.0,0.0,0.0,0.0,1.47,0.0,2.49,0.0,8.98,3.49,650.71,0.0,2.02
256936168585173,314.89,28,7.85,298.98,8.07,299.31,177.6,304.57,0.0,0.0,0.0,0.0,0.0,0.0,1.73,0.0,2.93,0.0,9.63,3.48,671.95,0.0,2.25
256936173753051,382.22,28,6.88,324.16,51.19,322.99,210.56,328.82,0.0,0.0,0.0,0.0,0.0,0.0,1.24,0.0,2.21,0.0,11.75,3.49,655.96,0.0,2.21
256936178521096,307.94,28,5.66,295.38,6.91,293.88,172.96,299.61,0.0,0.0,0.0,0.0,0.0,0.0,1.33,0.0,2.38,0.0,7.98,3.46,663.97,0.0,1.42
256936183712567,739.11,28,6.51,671.56,61.03,624.54,227.27,676.3,0.0,0.0,0.0,0.0,0.0,0.0,1.5,0.0,2.52,0.0,7.98,3.48,696.53,0.0,1.77
256936189240120,258.22,28,6.28,245.09,6.85,244.85,175.39,250.4,0.0,0.0,0.0,0.0,0.0,0.0,1.7,0.0,2.72,0.0,8.53,3.5,675.74,0.0,0.97
256936194057728,245.45,28,6.38,231.64,7.43,230.52,179.69,236.24,0.0,0.0,0.0,0.0,0.0,0.0,1.37,0.0,2.43,0.0,12.6,3.56,685.95,0.0,1.78
256936199031027,262.04,28,6.25,248.58,7.21,247.72,179.11,253.48,0.0,0.0,0.0,0.0,0.0,0.0,1.84,0.0,2.85,0.0,26.27,3.53,671.97,0.0,1.36
256936204029656,310.74,28,6.07,297.79,6.89,296.63,174.48,302.96,0.0,0.0,0.0,0.0,0.0,0.0,1.19,0.0,2.21,0.0,9.44,3.56,675.61,0.0,0.9
256936209034132,307.09,28,6.11,293.36,7.62,292.83,180.45,298.09,0.0,0.0,0.0,0.0,0.0,0.0,1.44,0.0,2.39,0.0,9.35,3.57,690.91,0.0,1.38
256936213687391,258.62,28,15.27,236.7,6.65,245.01,190.68,250.29,0.0,0.0,0.0,0.0,0.0,0.0,1.45,0.0,2.39,0.0,19.44,13.74,683.21,0.0,1.68
256936218282845,227.02,28,6.14,214.36,6.52,214.25,179.9,219.27,0.0,0.0,0.0,0.0,0.0,0.0,1.53,0.0,2.46,0.0,11.16,3.57,664.93,0.0,1.23
256936223047491,234.07,28,6.54,219.78,7.74,219.2,179.75,224.64,0.0,0.0,0.0,0.0,0.0,0.0,1.45,0.0,2.56,0.0,9.38,3.59,674.99,0.0,1.69
256936228028709,306.09,28,6.51,291.91,7.67,291.51,179.64,296.88,0.0,0.0,0.0,0.0,0.0,0.0,1.45,0.0,2.49,0.0,11.08,3.62,674.65,0.0,1.53
256936233059410,781.79,28,6.74,720.79,54.25,645.15,235.6,725.72,0.0,0.0,0.0,0.0,0.0,0.0,1.22,0.0,2.46,0.0,19.85,3.56,754.03,0.0,1.81
256936238361193,285.75,28,6.17,260.88,18.69,260.13,179.29,265.63,0.0,0.0,0.0,0.0,0.0,0.0,1.35,0.0,2.34,0.0,9.34,3.52,676.63,0.0,1.43
256936243055422,315.33,28,6.93,300.63,7.77,300.06,176.97,305.67,0.0,0.0,0.0,0.0,0.0,0.0,1.21,0.0,2.3,0.0,10.8,3.68,681.87,0.0,1.89
256936247687724,307.11,28,5.67,295.24,6.2,294.08,173.53,299.27,0.0,0.0,0.0,0.0,0.0,0.0,1.39,0.0,2.35,0.0,7.96,3.41,664.98,0.0,1.64
256936252896052,299.41,28,8.13,239.45,51.83,239.85,186.27,245.23,0.0,0.0,0.0,0.0,0.0,0.0,1.31,0.0,2.25,0.0,15.13,3.52,672.07,0.0,2.36
256936258155707,808.84,28,7.63,750.33,50.88,680.63,247.38,755.57,0.0,0.0,0.0,0.0,0.0,0.0,1.29,0.0,2.3,0.0,18.28,3.47,688.25,0.0,2.4
256936263320874,306.53,28,6.43,293.28,6.81,293.05,179.84,298.43,0.0,0.0,0.0,0.0,0.0,0.0,1.28,0.0,2.28,0.0,11.86,3.49,689.28,0.0,1.29
256936267946145,315.11,28,6.23,301.59,7.29,301.13,180.44,306.6,0.0,0.0,0.0,0.0,0.0,0.0,1.52,0.0,2.58,0.0,9.73,3.57,685.82,0.0,1.22
256936273029084,328.06,28,6.04,313.68,8.35,312.91,179.64,318.29,0.0,0.0,0.0,0.0,0.0,0.0,1.27,0.0,2.29,0.0,9.12,3.41,691.79,0.0,1.43
256936277674310,304.97,28,5.58,292.29,7.1,291.04,167.75,296.72,0.0,0.0,0.0,0.0,0.0,0.0,1.38,0.0,2.38,0.0,9.02,3.56,652.39,0.0,1.15
256936282322183,315.34,28,5.94,302.35,7.05,301.63,181.62,307.15,0.0,0.0,0.0,0.0,0.0,0.0,1.23,0.0,2.21,0.0,10.46,3.59,683.67,0.0,1.14
256936287056281,307.47,28,15.17,284.34,7.97,292.87,180.94,297.97,0.0,0.0,0.0,0.0,0.0,0.0,1.28,0.0,2.23,0.0,19.85,13.08,666.95,0.0,1.54
256936292027137,319.98,28,5.79,304.49,9.7,303.3,176.19,309.15,0.0,0.0,0.0,0.0,0.0,0.0,1.25,0.0,2.52,0.0,8.64,3.6,683.15,0.0,1.12
256936297030854,313.94,28,5.98,300.09,7.88,299.4,179.13,304.81,0.0,0.0,0.0,0.0,0.0,0.0,1.62,0.0,2.65,0.0,8.81,3.44,682.59,0.0,1.25
256936302030805,311.32,28,5.74,298.22,7.36,297.68,186.85,302.79,0.0,0.0,0.0,0.0,0.0,0.0,1.27,0.0,2.36,0.0,8.57,3.54,699.3,0.0,1.17
256936306635157,246.65,28,6.13,233.97,6.55,233.62,180.51,238.93,0.0,0.0,0.0,0.0,0.0,0.0,1.31,0.0,2.39,0.0,8.08,3.44,692.48,0.0,1.17
256936311911105,302.8,28,7.12,240.45,55.23,240.92,182.49,246.21,0.0,0.0,0.0,0.0,0.0,0.0,1.28,0.0,2.29,0.0,15.49,3.56,629.02,0.0,1.35
256936316607521,235.24,28,6.34,219.75,9.15,219.69,177.79,224.65,0.0,0.0,0.0,0.0,0.0,0.0,1.59,0.0,2.6,0.0,8.05,3.52,677.35,0.0,1.44
256936321946862,821.93,28,92.47,675.36,54.1,681.85,336.94,764.6,0.0,0.0,0.0,0.0,0.0,0.0,1.25,0.0,2.38,0.0,94.16,88.9,706.74,0.0,3.23
256936327367940,316.11,28,6.08,302.5,7.53,301.23,174.97,306.92,0.0,0.0,0.0,0.0,0.0,0.0,1.5,0.0,2.47,0.0,8.5,3.58,679.11,0.0,1.66
256936332021780,315.88,28,25.18,284.06,6.64,299.52,184.47,304.98,0.0,0.0,0.0,0.0,0.0,0.0,1.53,0.0,2.52,0.0,29.19,19.23,664.26,0.0,4.26
256936336658655,241.01,28,11.34,221.92,7.74,222.47,186.57,227.84,0.0,0.0,0.0,0.0,0.0,0.0,1.36,0.0,2.39,0.0,16.34,3.53,664.21,0.0,5.42
256936341237933,244.43,28,10.97,226.33,7.12,212.35,186.41,232.2,0.0,0.0,0.0,0.0,0.0,0.0,1.35,0.0,2.29,0.0,21.11,3.65,681.39,0.0,5.1
256936345781359,346.68,28,5.84,333.64,7.19,332.5,222.82,338.14,0.0,0.0,0.0,0.0,0.0,0.0,1.29,0.0,2.26,0.0,8.52,3.43,705.77,0.0,1.34
256936350443207,311.23,28,18.39,284.72,8.12,295.62,192.42,301.24,0.0,0.0,0.0,0.0,0.0,0.0,1.29,0.0,2.26,0.0,22.38,17.43,673.91,0.0,1.87
256936355091447,245.73,28,5.54,233.42,6.77,232.09,170.21,237.54,0.0,0.0,0.0,0.0,0.0,0.0,1.2,0.0,2.15,0.0,9.68,3.45,657.24,0.0,1.42
256936360028825,265.25,28,4.97,252.02,8.25,249.95,182.35,255.91,0.0,0.0,0.0,0.0,0.0,0.0,1.41,0.0,2.48,0.0,9.86,3.56,682.37,0.0,1.08
256936365028797,251.17,28,9.4,234.42,7.35,233.71,178.5,239.5,0.0,0.0,0.0,0.0,0.0,0.0,1.28,0.0,2.25,0.0,10.9,3.49,672.56,0.0,4.32
256936369616397,467.06,28,6.26,453.4,7.4,452.57,210.66,457.97,0.0,0.0,0.0,0.0,0.0,0.0,1.49,0.0,2.41,0.0,8.13,3.48,722.99,0.0,1.69
256936374980134,260.94,28,7.2,223.16,30.58,223.75,188.81,228.82,0.0,0.0,0.0,0.0,0.0,0.0,1.38,0.0,2.49,0.0,27.18,3.68,683.67,0.0,1.54
256936379598757,245.07,28,9.77,228.14,7.16,227.31,180.41,234.05,0.0,0.0,0.0,0.0,0.0,0.0,1.3,0.0,2.32,0.0,15.31,3.59,665.79,0.0,3.85
256936384747191,426.43,28,7.05,367.44,51.94,367.06,211.54,372.44,0.0,0.0,0.0,0.0,0.0,0.0,1.23,0.0,2.24,0.0,14.56,3.55,675.75,0.0,2.05
256936389488070,227.39,28,6.41,214.49,6.49,214.36,182.65,219.61,0.0,0.0,0.0,0.0,0.0,0.0,1.33,0.0,2.29,0.0,10.76,3.57,676.99,0.0,1.29
256936394531124,277.74,28,6.1,220.32,51.32,220.04,177.11,225.49,0.0,0.0,0.0,0.0,0.0,0.0,1.48,0.0,2.48,0.0,9.95,3.51,676.03,0.0,0.93
256936399746186,388.51,28,5.99,325.33,57.2,324.8,200.38,329.95,0.0,0.0,0.0,0.0,0.0,0.0,1.39,0.0,2.39,0.0,9.46,3.56,645.73,0.0,1.37
256936404461328,588.88,28,5.33,576.35,7.19,574.79,230.76,580.37,0.0,0.0,0.0,0.0,0.0,0.0,1.41,0.0,2.43,0.0,9.04,3.46,728.71,0.0,1.32
256936409351878,316.36,28,7.09,301.31,7.96,300.91,178.6,306.52,0.0,0.0,0.0,0.0,0.0,0.0,1.26,0.0,2.22,0.0,9.71,3.59,686.45,0.0,1.89
256936414091485,254.48,28,7.02,240.26,7.21,240.45,177.17,245.75,0.0,0.0,0.0,0.0,0.0,0.0,1.65,0.0,2.68,0.0,14.24,3.55,672.81,0.0,1.53
256936419040297,247.89,28,6.01,234.15,7.73,233.53,190.03,238.86,0.0,0.0,0.0,0.0,0.0,0.0,1.44,0.0,2.44,0.0,23.81,3.48,679.24,0.0,1.3
256936424030036,323.3,28,6.9,308.75,7.66,308.42,176.2,314.09,0.0,0.0,0.0,0.0,0.0,0.0,1.41,0.0,2.52,0.0,14.88,3.51,654.47,0.0,1.56
256936429053459,335.1,28,5.88,321.46,7.76,320.66,184.85,325.97,0.0,0.0,0.0,0.0,0.0,0.0,1.54,0.0,2.51,0.0,9.14,3.61,675.97,0.0,1.37
256936433762249,310.57,28,7.12,296.81,6.65,297.01,176.04,302.17,0.0,0.0,0.0,0.0,0.0,0.0,1.59,0.0,2.58,0.0,11.62,3.57,666.74,0.0,1.76
256936438415900,236.14,28,6.36,222.22,7.56,221.6,180.02,227.32,0.0,0.0,0.0,0.0,0.0,0.0,1.58,0.0,2.52,0.0,12.87,3.52,673.75,0.0,1.26
256936443088394,349.45,28,5.66,336.88,6.9,334.55,182.49,341.17,0.0,0.0,0.0,0.0,0.0,0.0,1.11,0.0,2.07,0.0,9.11,3.46,689.74,0.0,1.37
256936448029313,227.74,28,6.58,214.5,6.66,213.74,181.98,219.54,0.0,0.0,0.0,0.0,0.0,0.0,1.22,0.0,2.33,0.0,9.01,3.52,663.42,0.0,1.54
256936453022993,237.41,28,6.44,223.13,7.84,222.51,175.66,228.08,0.0,0.0,0.0,0.0,0.0,0.0,1.36,0.0,2.34,0.0,10.91,3.54,672.57,0.0,1.49
256936457574367,314.56,28,7.43,299.81,7.32,300.2,185.62,305.31,0.0,0.0,0.0,0.0,0.0,0.0,1.19,0.0,2.23,0.0,24.05,3.55,673.19,0.0,1.94
256936462844896,361.77,28,5.9,297.34,58.53,296.21,175.16,301.49,0.0,0.0,0.0,0.0,0.0,0.0,1.33,0.0,2.31,0.0,8.32,3.49,636.5,0.0,1.71
256936468029135,319.67,28,6.07,306.57,7.03,305.83,184.32,311.41,0.0,0.0,0.0,0.0,0.0,0.0,1.2,0.0,2.17,0.0,12.11,3.5,690.69,0.0,1.23
256936473033757,273.95,28,5.83,261.12,7.0,260.18,187.64,265.96,0.0,0.0,0.0,0.0,0.0,0.0,1.38,0.0,2.44,0.0,9.12,3.5,686.1,0.0,0.99
256936478026534,256.1,28,5.7,242.8,7.6,242.09,179.47,247.58,0.0,0.0,0.0,0.0,0.0,0.0,1.26,0.0,2.27,0.0,10.7,3.6,689.54,0.0,0.92
256936483026819,325.87,28,9.76,308.11,8.0,307.46,190.5,313.34,0.0,0.0,0.0,0.0,0.0,0.0,1.29,0.0,2.37,0.0,29.92,3.55,661.31,0.0,4.53
256936487688950,238.4,28,6.29,223.51,8.6,223.54,176.03,228.69,0.0,0.0,0.0,0.0,0.0,0.0,1.35,0.0,2.31,0.0,11.3,3.54,671.49,0.0,1.11
256936492721381,754.56,28,7.12,699.44,48.0,626.24,234.78,704.78,0.0,0.0,0.0,0.0,0.0,0.0,1.62,0.0,2.67,0.0,12.17,3.57,732.56,0.0,1.77
256936498240269,312.67,28,19.48,285.52,7.66,298.35,187.5,303.94,0.0,0.0,0.0,0.0,0.0,0.0,1.55,0.0,2.66,0.0,22.87,17.83,666.37,0.0,1.06
256936503360334,275.34,28,6.72,217.9,50.71,217.93,184.83,223.18,0.0,0.0,0.0,0.0,0.0,0.0,1.49,0.0,2.5,0.0,8.41,3.46,666.41,0.0,1.45
256936508029810,246.52,28,6.02,233.37,7.12,232.19,183.24,238.24,0.0,0.0,0.0,0.0,0.0,0.0,1.15,0.0,2.21,0.0,17.59,3.56,684.67,0.0,1.15
256936513025939,246.44,28,5.76,233.59,7.1,232.35,175.83,238.12,0.0,0.0,0.0,0.0,0.0,0.0,1.41,0.0,2.38,0.0,8.21,3.51,679.08,0.0,1.22
256936518029789,318.51,28,6.36,304.43,7.72,304.17,176.79,309.43,0.0,0.0,0.0,0.0,0.0,0.0,1.45,0.0,2.47,0.0,8.43,3.49,665.43,0.0,1.36
256936522645212,259.72,28,5.49,247.07,7.15,246.08,177.9,251.43,0.0,0.0,0.0,0.0,0.0,0.0,1.23,0.0,2.19,0.0,10.26,3.51,667.7,0.0,1.14
256936527503349,341.85,28,8.16,326.32,7.38,324.1,181.52,330.61,0.0,0.0,0.0,0.0,0.0,0.0,1.42,0.0,2.4,0.0,11.25,3.49,682.16,0.0,3.87
256936532741598,385.97,28,6.38,336.1,43.49,335.33,217.72,341.01,0.0,0.0,0.0,0.0,0.0,0.0,1.14,0.0,2.16,0.0,12.34,3.53,698.84,0.0,1.47
256936537936632,355.01,28,5.76,299.65,49.6,299.07,181.64,304.33,0.0,0.0,0.0,0.0,0.0,0.0,1.24,0.0,2.27,0.0,9.16,3.53,683.11,0.0,1.08
256936543026259,346.96,28,10.76,328.4,7.8,328.53,199.39,334.4,0.0,0.0,0.0,0.0,0.0,0.0,1.25,0.0,2.27,0.0,34.23,3.73,676.98,0.0,4.75
256936548037659,237.91,28,6.18,224.07,7.66,223.83,183.48,229.22,0.0,0.0,0.0,0.0,0.0,0.0,1.62,0.0,2.66,0.0,8.55,3.56,689.28,0.0,1.03
256936553011969,316.46,28,6.67,302.76,7.04,302.31,178.56,308.17,0.0,0.0,0.0,0.0,0.0,0.0,1.4,0.0,2.42,0.0,13.15,3.53,675.42,0.0,1.26
256936558026376,264.03,28,8.33,249.2,6.5,248.26,181.75,253.75,0.0,0.0,0.0,0.0,0.0,0.0,1.19,0.0,2.22,0.0,8.13,3.43,686.26,0.0,3.78
256936563027154,303.54,28,6.37,289.44,7.73,288.68,176.81,294.43,0.0,0.0,0.0,0.0,0.0,0.0,1.71,0.0,2.76,0.0,9.95,3.49,683.16,0.0,1.38
256936567723206,235.73,28,6.31,222.11,7.31,221.56,178.06,226.82,0.0,0.0,0.0,0.0,0.0,0.0,1.38,0.0,2.63,0.0,10.37,3.48,678.17,0.0,1.6
256936572799772,303.5,28,7.04,243.51,52.95,243.0,183.36,248.63,0.0,0.0,0.0,0.0,0.0,0.0,1.36,0.0,2.42,0.0,11.38,3.61,686.9,0.0,1.83
256936577413206,308.63,28,11.8,288.66,8.17,293.6,175.56,298.96,0.0,0.0,0.0,0.0,0.0,0.0,1.2,0.0,9.4,0.0,11.88,3.54,670.59,0.0,1.5
256936582088200,259.84,28,16.35,234.9,8.6,244.61,194.1,250.09,0.0,0.0,0.0,0.0,0.0,0.0,10.61,0.0,11.63,0.0,15.99,3.56,675.02,0.0,1.16
256936587039737,725.49,28,10.98,704.39,10.12,632.28,218.45,710.43,0.0,0.0,0.0,0.0,0.0,0.0,1.71,0.0,3.11,0.0,13.52,3.54,688.94,0.0,4.95
256936593005117,316.45,28,7.16,301.3,7.99,301.18,178.83,306.82,0.0,0.0,0.0,0.0,0.0,0.0,1.35,0.0,2.53,0.0,14.96,3.6,664.64,0.0,1.65
256936597629786,312.71,28,6.23,298.9,7.58,298.97,178.41,303.9,0.0,0.0,0.0,0.0,0.0,0.0,1.51,0.0,2.51,0.0,9.35,3.51,668.94,0.0,1.23
256936602258971,310.13,28,5.64,298.05,6.44,297.21,176.82,302.47,0.0,0.0,0.0,0.0,0.0,0.0,1.27,0.0,2.27,0.0,9.0,3.56,684.3,0.0,1.21
256936607071866,228.03,28,6.4,214.68,6.95,214.55,177.94,219.95,0.0,0.0,0.0,0.0,0.0,0.0,1.72,0.0,2.67,0.0,9.1,3.47,673.58,0.0,1.12
256936612029899,310.52,28,6.67,294.96,8.89,293.83,180.22,300.0,0.0,0.0,0.0,0.0,0.0,0.0,1.63,0.0,2.59,0.0,8.62,3.49,688.41,0.0,1.63
256936617032498,246.35,28,6.13,233.16,7.06,232.69,175.61,238.2,0.0,0.0,0.0,0.0,0.0,0.0,1.19,0.0,2.24,0.0,9.92,3.59,682.47,0.0,1.09
256936621584301,227.13,28,6.01,213.88,7.24,213.37,179.58,218.69,0.0,0.0,0.0,0.0,0.0,0.0,1.21,0.0,2.17,0.0,9.39,3.52,685.52,0.0,1.2
256936626103734,311.44,28,5.22,299.43,6.8,298.22,182.41,303.59,0.0,0.0,0.0,0.0,0.0,0.0,1.43,0.0,2.47,0.0,10.04,3.5,694.38,0.0,1.05
256936630744867,252.71,28,4.98,239.47,8.26,237.69,183.4,243.41,0.0,0.0,0.0,0.0,0.0,0.0,1.23,0.0,2.2,0.0,8.06,3.47,684.28,0.0,1.03
256936635346655,278.34,28,6.06,264.81,7.47,264.21,182.8,269.65,0.0,0.0,0.0,0.0,0.0,0.0,1.2,0.0,2.19,0.0,8.13,3.44,686.69,0.0,1.21
256936640057265,267.03,28,21.11,238.22,7.71,238.06,191.32,244.17,0.0,0.0,0.0,0.0,0.0,0.0,1.38,0.0,2.44,0.0,20.2,3.52,671.09,0.0,15.15
256936645029453,325.89,28,6.35,312.57,6.97,311.74,179.75,317.95,0.0,0.0,0.0,0.0,0.0,0.0,1.19,0.0,2.18,0.0,13.85,3.53,659.23,0.0,0.97
256936650033301,253.63,28,7.45,239.17,7.01,237.41,183.32,244.17,0.0,0.0,0.0,0.0,0.0,0.0,1.51,0.0,2.68,0.0,19.07,3.53,660.86,0.0,2.46
256936654604068,255.11,28,6.35,242.22,6.54,242.51,188.63,247.63,0.0,0.0,0.0,0.0,0.0,0.0,1.42,0.0,2.53,0.0,17.99,3.57,678.01,0.0,0.94
256936659693078,460.55,28,17.11,393.51,49.93,389.82,255.06,399.23,0.0,0.0,0.0,0.0,0.0,0.0,1.31,0.0,2.36,0.0,30.88,3.58,681.93,0.0,11.38
256936664524825,234.16,28,6.63,220.19,7.34,220.25,173.39,225.74,0.0,0.0,0.0,0.0,0.0,0.0,1.58,0.0,2.68,0.0,9.74,3.52,664.56,0.0,1.08
256936669095567,247.06,28,5.92,232.64,8.5,231.8,177.39,237.34,0.0,0.0,0.0,0.0,0.0,0.0,1.28,0.0,2.23,0.0,8.37,3.48,681.83,0.0,1.22
256936674031775,239.73,28,10.87,220.19,8.66,220.34,197.6,226.41,0.0,0.0,0.0,0.0,0.0,0.0,1.48,0.0,2.48,0.0,41.13,3.74,693.14,0.0,4.65
256936679028175,235.91,28,5.84,221.77,8.3,221.22,172.18,226.53,0.0,0.0,0.0,0.0,0.0,0.0,1.33,0.0,2.49,0.0,10.28,3.43,659.9,0.0,1.09
256936683608410,255.03,28,6.5,241.08,7.45,237.96,176.18,245.3,0.0,0.0,0.0,0.0,0.0,0.0,1.14,0.0,2.12,0.0,8.69,3.42,683.21,0.0,2.28
256936688197851,272.85,28,5.99,259.71,7.15,258.99,177.34,264.52,0.0,0.0,0.0,0.0,0.0,0.0,1.59,0.0,2.55,0.0,8.18,3.53,693.93,0.0,1.18
256936693445995,632.35,28,8.21,573.99,50.15,574.52,257.36,580.0,0.0,0.0,0.0,0.0,0.0,0.0,1.53,0.0,2.54,0.0,11.6,3.56,729.54,0.0,2.13
256936699005346,261.72,28,5.66,248.43,7.63,247.07,176.79,252.95,0.0,0.0,0.0,0.0,0.0,0.0,1.38,0.0,2.43,0.0,8.31,3.54,688.17,0.0,1.15
256936704029559,242.27,28,5.53,228.43,8.31,227.12,182.97,232.75,0.0,0.0,0.0,0.0,0.0,0.0,1.24,0.0,2.34,0.0,9.22,3.51,699.16,0.0,1.2
256936709034090,254.39,28,6.38,238.14,9.88,238.0,175.77,243.52,0.0,0.0,0.0,0.0,0.0,0.0,1.57,0.0,2.58,0.0,9.3,3.51,659.74,0.0,1.0
256936714036376,937.67,28,14.49,910.92,12.26,719.8,206.03,916.27,0.0,0.0,0.0,0.0,0.0,0.0,1.26,0.0,2.3,0.0,19.46,3.51,651.97,0.0,8.68
256936719997189,315.79,28,7.9,294.05,13.83,294.15,179.05,299.87,0.0,0.0,0.0,0.0,0.0,0.0,1.53,0.0,2.75,0.0,13.69,3.54,671.05,0.0,2.09
256936725027417,305.79,28,5.83,292.19,7.77,290.91,169.32,296.44,0.0,0.0,0.0,0.0,0.0,0.0,1.38,0.0,2.35,0.0,8.08,3.47,662.11,0.0,1.58
256936730036829,247.92,28,7.12,234.26,6.54,231.71,173.21,238.88,0.0,0.0,0.0,0.0,0.0,0.0,1.4,0.0,2.5,0.0,15.83,3.5,664.42,0.0,2.5
256936735038557,298.85,28,6.52,285.77,6.56,284.62,184.54,290.73,0.0,0.0,0.0,0.0,0.0,0.0,1.19,0.0,2.27,0.0,8.58,3.48,685.49,0.0,1.57
256936739719179,240.22,28,8.34,225.09,6.79,223.62,183.72,230.01,0.0,0.0,0.0,0.0,0.0,0.0,1.5,0.0,2.48,0.0,8.19,3.39,681.35,0.0,3.42
256936745016143,246.31,28,5.99,232.84,7.48,231.79,176.18,237.29,0.0,0.0,0.0,0.0,0.0,0.0,1.47,0.0,2.56,0.0,8.73,3.47,685.73,0.0,1.54
256936750027869,309.61,28,6.26,296.0,7.35,295.41,179.39,300.87,0.0,0.0,0.0,0.0,0.0,0.0,1.38,0.0,2.5,0.0,8.02,3.43,693.58,0.0,1.39
256936755032327,318.14,28,5.82,303.84,8.49,302.37,180.3,308.37,0.0,0.0,0.0,0.0,0.0,0.0,1.42,0.0,2.55,0.0,8.4,3.53,690.07,0.0,1.29
256936760033142,261.27,28,6.91,247.66,6.7,247.22,186.13,253.31,0.0,0.0,0.0,0.0,0.0,0.0,1.46,0.0,2.5,0.0,19.89,3.52,675.75,0.0,1.25
256936765033841,315.06,28,6.37,300.53,8.16,299.41,177.56,305.21,0.0,0.0,0.0,0.0,0.0,0.0,1.31,0.0,2.29,0.0,9.92,3.6,680.68,0.0,1.68
256936769737743,755.9,28,5.86,547.84,202.2,470.02,165.56,552.59,0.0,0.0,0.0,0.0,0.0,0.0,1.45,0.0,2.42,0.0,8.86,3.63,647.2,0.0,1.11
256936775842748,360.7,28,6.57,300.94,53.19,300.69,178.5,306.19,0.0,0.0,0.0,0.0,0.0,0.0,1.46,0.0,2.44,0.0,10.13,3.62,683.34,0.0,1.31
256936781028344,241.14,28,5.92,227.85,7.37,226.52,176.83,232.46,0.0,0.0,0.0,0.0,0.0,0.0,1.4,0.0,2.42,0.0,8.7,3.48,670.66,0.0,1.31
256936786044598,313.43,28,9.57,296.17,7.69,295.78,180.69,301.41,0.0,0.0,0.0,0.0,0.0,0.0,1.49,0.0,2.57,0.0,14.61,3.54,664.82,0.0,4.16
256936790716088,312.6,28,7.08,297.93,7.59,297.9,175.3,303.79,0.0,0.0,0.0,0.0,0.0,0.0,1.59,0.0,2.63,0.0,11.24,3.53,667.67,0.0,1.22
256936795897185,281.89,28,6.7,224.98,50.21,221.43,177.12,229.67,0.0,0.0,0.0,0.0,0.0,0.0,1.34,0.0,2.33,0.0,12.48,3.53,653.66,0.0,2.01
256936800942651,310.39,28,6.27,297.25,6.88,295.25,180.51,301.96,0.0,0.0,0.0,0.0,0.0,0.0,1.14,0.0,2.08,0.0,9.05,3.54,680.41,0.0,1.56
256936806171405,817.09,28,17.48,746.44,53.18,664.16,238.85,751.79,0.0,0.0,0.0,0.0,0.0,0.0,1.57,0.0,2.73,0.0,15.99,3.48,693.09,0.0,12.01
256936811698407,310.4,28,6.29,297.39,6.71,296.1,175.6,302.37,0.0,0.0,0.0,0.0,0.0,0.0,1.55,0.0,2.54,0.0,10.95,3.6,670.01,0.0,1.32
256936816347597,251.68,28,9.9,235.01,6.76,232.88,183.15,240.1,0.0,0.0,0.0,0.0,0.0,0.0,1.29,0.0,2.28,0.0,18.85,3.62,675.61,0.0,4.81
256936821082565,258.64,28,5.53,244.55,8.56,243.31,180.25,248.93,0.0,0.0,0.0,0.0,0.0,0.0,1.27,0.0,2.26,0.0,8.04,3.47,680.95,0.0,1.16
256936826035009,321.94,28,9.44,305.3,7.19,304.25,187.29,310.45,0.0,0.0,0.0,0.0,0.0,0.0,1.27,0.0,2.37,0.0,19.26,3.54,675.29,0.0,4.29
256936831041987,336.37,28,9.71,319.91,6.75,318.94,184.81,324.98,0.0,0.0,0.0,0.0,0.0,0.0,1.26,0.0,2.22,0.0,17.99,3.56,670.74,0.0,4.64
256936836034285,237.99,28,5.94,223.85,8.2,222.76,171.52,228.38,0.0,0.0,0.0,0.0,0.0,0.0,1.56,0.0,2.57,0.0,8.71,3.48,671.86,0.0,1.42
256936841036545,312.76,28,6.42,300.16,6.18,299.2,186.0,305.36,0.0,0.0,0.0,0.0,0.0,0.0,1.19,0.0,2.24,0.0,10.41,3.57,701.9,0.0,1.22
256936845734815,310.62,28,5.94,296.66,8.03,295.75,178.28,301.34,0.0,0.0,0.0,0.0,0.0,0.0,1.17,0.0,2.17,0.0,9.78,3.59,693.19,0.0,1.25
256936851038022,228.65,28,18.25,203.81,6.59,214.66,193.55,220.79,0.0,0.0,0.0,0.0,0.0,0.0,1.47,0.0,2.57,0.0,22.45,15.88,690.41,0.0,1.27
256936856037049,309.5,28,6.33,294.78,8.38,293.64,178.93,299.48,0.0,0.0,0.0,0.0,0.0,0.0,1.5,0.0,2.51,0.0,8.51,3.59,674.26,0.0,1.64
256936861036654,309.59,28,7.43,295.28,6.88,293.8,180.94,299.16,0.0,0.0,0.0,0.0,0.0,0.0,1.26,0.0,2.23,0.0,10.32,3.55,681.66,0.0,3.11
256936865820421,285.2,28,6.9,271.04,7.27,270.92,185.75,276.75,0.0,0.0,0.0,0.0,0.0,0.0,1.72,0.0,2.74,0.0,16.12,3.49,666.31,0.0,1.19
256936870979282,741.0,28,5.61,704.05,31.35,657.2,241.28,708.25,0.0,0.0,0.0,0.0,0.0,0.0,1.23,0.0,2.39,0.0,10.7,3.52,723.86,0.0,1.4
256936876858563,311.43,28,6.54,253.01,51.88,251.87,180.39,257.49,0.0,0.0,0.0,0.0,0.0,0.0,1.41,0.0,2.46,0.0,8.47,3.62,672.95,0.0,2.06
256936882005053,251.13,28,6.23,236.79,8.11,235.84,180.45,241.63,0.0,0.0,0.0,0.0,0.0,0.0,1.29,0.0,2.3,0.0,8.78,3.56,679.6,0.0,1.36
256936887026129,251.6,28,6.67,238.06,6.87,236.74,183.94,243.2,0.0,0.0,0.0,0.0,0.0,0.0,1.55,0.0,2.68,0.0,13.42,3.51,676.82,0.0,1.53
256936891669212,302.93,28,5.94,288.98,8.01,287.94,179.43,293.68,0.0,0.0,0.0,0.0,0.0,0.0,1.23,0.0,2.27,0.0,8.02,3.42,690.44,0.0,1.24
256936896930055,353.42,28,6.33,294.81,52.29,293.24,172.99,299.04,0.0,0.0,0.0,0.0,0.0,0.0,1.21,0.0,2.31,0.0,8.71,3.5,665.45,0.0,2.1
256936902030291,314.06,28,6.56,300.29,7.21,299.99,198.63,305.4,0.0,0.0,0.0,0.0,0.0,0.0,1.15,0.0,2.18,0.0,9.83,3.48,713.52,0.0,1.46
256936907030827,255.58,28,5.02,241.96,8.6,240.55,179.33,245.92,0.0,0.0,0.0,0.0,0.0,0.0,1.52,0.0,2.64,0.0,9.07,3.47,691.3,0.0,1.07
256936912037746,229.26,28,7.19,215.73,6.34,215.32,177.25,220.76,0.0,0.0,0.0,0.0,0.0,0.0,1.5,0.0,2.49,0.0,8.02,3.46,671.83,0.0,2.16
256936916623517,231.38,28,6.21,217.92,7.25,217.55,176.72,222.87,0.0,0.0,0.0,0.0,0.0,0.0,1.47,0.0,2.42,0.0,12.59,3.46,672.02,0.0,1.26
256936921818641,380.53,28,13.12,300.84,66.57,300.09,190.32,306.87,0.0,0.0,0.0,0.0,0.0,0.0,1.64,0.0,2.63,0.0,20.66,3.58,673.39,0.0,7.1
256936927201822,790.45,28,7.68,730.42,52.35,647.95,213.6,736.3,0.0,0.0,0.0,0.0,0.0,0.0,1.28,0.0,2.24,0.0,12.51,4.38,680.96,0.0,1.8
256936932909696,252.42,28,6.39,235.92,10.11,235.12,174.5,241.12,0.0,0.0,0.0,0.0,0.0,0.0,1.37,0.0,2.38,0.0,11.78,3.57,666.35,0.0,1.19
256936937584371,495.89,28,6.27,480.96,8.67,480.07,230.69,486.07,0.0,0.0,0.0,0.0,0.0,0.0,1.33,0.0,2.31,0.0,8.19,3.55,710.08,0.0,1.15
256936942434621,332.9,28,6.27,318.42,8.22,317.83,179.66,323.57,0.0,0.0,0.0,0.0,0.0,0.0,1.25,0.0,2.25,0.0,10.84,3.54,686.88,0.0,1.12
256936947706278,426.8,28,6.88,357.49,62.44,356.11,244.77,362.43,0.0,0.0,0.0,0.0,0.0,0.0,1.32,0.0,2.4,0.0,12.52,3.51,691.67,0.0,1.73
256936953005433,326.94,28,9.1,310.13,7.71,307.5,181.98,314.14,0.0,0.0,0.0,0.0,0.0,0.0,1.39,0.0,2.41,0.0,9.45,3.48,673.16,0.0,5.09
256936958030797,313.15,28,8.98,296.65,7.51,297.29,182.65,302.45,0.0,0.0,0.0,0.0,0.0,0.0,1.25,0.0,2.41,0.0,16.15,3.48,656.36,0.0,3.18
256936963037820,253.04,28,6.41,239.22,7.41,238.9,186.55,244.42,0.0,0.0,0.0,0.0,0.0,0.0,1.52,0.0,2.57,0.0,12.47,3.54,691.28,0.0,1.22
256936967653863,304.4,28,5.59,292.13,6.68,290.52,181.75,296.44,0.0,0.0,0.0,0.0,0.0,0.0,1.23,0.0,2.19,0.0,8.3,3.56,688.71,0.0,1.28
256936972850118,365.14,28,6.91,299.87,58.35,299.2,180.09,304.87,0.0,0.0,0.0,0.0,0.0,0.0,1.26,0.0,2.23,0.0,18.29,3.57,642.37,0.0,1.91
256936978012417,728.21,28,7.57,712.21,8.43,628.29,220.05,718.15,0.0,0.0,0.0,0.0,0.0,0.0,1.91,0.0,3.1,0.0,14.47,3.49,704.62,0.0,1.62
256936983898934,305.88,28,6.72,243.3,55.86,242.32,182.71,248.24,0.0,0.0,0.0,0.0,0.0,0.0,1.24,0.0,2.29,0.0,9.87,3.53,668.35,0.0,1.77
256936989020672,246.66,28,6.04,232.54,8.09,230.74,176.75,237.42,0.0,0.0,0.0,0.0,0.0,0.0,1.41,0.0,2.56,0.0,10.38,3.54,668.2,0.0,1.15
256936994035247,307.61,28,6.28,293.66,7.67,293.31,175.63,298.62,0.0,0.0,0.0,0.0,0.0,0.0,1.77,0.0,2.79,0.0,9.68,3.5,686.22,0.0,1.33
256936999033571,319.81,28,7.63,305.04,7.15,305.31,194.82,311.05,0.0,0.0,0.0,0.0,0.0,0.0,1.54,0.0,2.54,0.0,24.04,3.57,683.85,0.0,1.62
256937004033151,242.94,28,5.32,230.19,7.43,228.08,182.33,234.24,0.0,0.0,0.0,0.0,0.0,0.0,1.26,0.0,2.29,0.0,8.64,3.51,707.24,0.0,1.27
256937009035815,316.34,28,6.25,301.99,8.11,300.85,168.8,306.76,0.0,0.0,0.0,0.0,0.0,0.0,1.16,0.0,2.23,0.0,9.89,3.59,648.04,0.0,1.47
256937013824142,239.31,28,6.05,226.74,6.52,225.83,178.09,231.52,0.0,0.0,0.0,0.0,0.0,0.0,1.38,0.0,2.39,0.0,9.55,3.51,671.66,0.0,1.27
256937019043038,239.74,28,8.56,223.13,8.05,224.62,196.83,229.99,0.0,0.0,0.0,0.0,0.0,0.0,1.52,0.0,2.87,0.0,42.42,3.98,680.25,0.0,1.7
256937023670622,318.92,28,16.46,294.9,7.56,304.66,180.23,310.19,0.0,0.0,0.0,0.0,0.0,0.0,10.97,0.0,12.21,0.0,14.81,3.53,663.5,0.0,1.18
256937028370221,305.83,28,5.8,292.56,7.46,291.51,176.06,297.13,0.0,0.0,0.0,0.0,0.0,0.0,1.36,0.0,2.44,0.0,10.93,3.48,673.22,0.0,1.24
256937033112154,309.92,28,9.19,293.2,7.52,292.52,181.25,297.81,0.0,0.0,0.0,0.0,0.0,0.0,1.15,0.0,2.21,0.0,11.53,3.41,674.94,0.0,4.58
256937038034328,252.41,28,5.68,238.66,8.08,236.98,174.99,242.87,0.0,0.0,0.0,0.0,0.0,0.0,1.44,0.0,2.47,0.0,7.97,3.41,669.41,0.0,1.47
256937043036588,276.61,28,5.77,264.85,6.0,263.96,183.2,269.41,0.0,0.0,0.0,0.0,0.0,0.0,1.57,0.0,2.62,0.0,10.14,3.52,693.73,0.0,1.21
256937047678929,325.29,28,10.03,308.58,6.68,304.7,175.12,313.08,0.0,0.0,0.0,0.0,0.0,0.0,1.42,0.0,2.4,0.0,10.84,3.54,661.57,0.0,5.52
256937053011841,310.89,28,28.35,274.63,7.91,295.44,196.54,301.48,0.0,0.0,0.0,0.0,0.0,0.0,1.18,0.0,2.35,0.0,30.83,25.19,688.3,0.0,1.5
256937057697761,318.75,28,14.13,296.93,7.69,303.43,188.33,309.61,0.0,0.0,0.0,0.0,0.0,0.0,10.46,0.0,11.42,0.0,15.62,3.55,661.74,0.0,1.45
256937063004482,254.96,28,8.03,238.59,8.33,239.28,192.78,244.91,0.0,0.0,0.0,0.0,0.0,0.0,1.56,0.0,2.7,0.0,22.43,3.62,674.79,0.0,1.72
256937068025060,307.6,28,5.86,294.69,7.05,293.49,176.6,299.29,0.0,0.0,0.0,0.0,0.0,0.0,1.36,0.0,2.43,0.0,11.62,3.52,662.34,0.0,1.27
256937073031371,719.04,28,6.68,703.91,8.45,624.86,228.65,709.22,0.0,0.0,0.0,0.0,0.0,0.0,1.53,0.0,2.58,0.0,14.01,3.51,673.52,0.0,1.37
256937078555650,250.9,28,6.78,236.62,7.5,236.16,175.85,241.51,0.0,0.0,0.0,0.0,0.0,0.0,1.82,0.0,2.8,0.0,10.12,3.46,673.92,0.0,1.88
256937083713476,440.2,28,7.72,376.33,56.15,376.63,290.88,382.25,0.0,0.0,0.0,0.0,0.0,0.0,1.4,0.0,2.4,0.0,190.99,3.52,713.8,0.0,1.81
256937089026219,237.08,28,6.14,224.13,6.81,223.42,176.2,228.87,0.0,0.0,0.0,0.0,0.0,0.0,1.46,0.0,2.45,0.0,9.07,3.49,686.44,0.0,1.4
256937093642590,244.77,28,6.43,231.68,6.66,230.71,179.62,236.44,0.0,0.0,0.0,0.0,0.0,0.0,1.33,0.0,2.31,0.0,9.1,3.51,693.66,0.0,1.67
256937098293479,312.15,28,6.89,298.11,7.15,293.22,177.72,303.31,0.0,0.0,0.0,0.0,0.0,0.0,1.37,0.0,2.35,0.0,18.15,3.64,672.09,0.0,1.7
256937103060623,275.46,28,10.19,257.63,7.63,252.82,190.87,262.87,0.0,0.0,0.0,0.0,0.0,0.0,1.2,0.0,2.18,0.0,29.34,3.57,658.83,0.0,4.95
256937108032463,308.69,28,5.51,295.63,7.55,294.12,173.77,299.93,0.0,0.0,0.0,0.0,0.0,0.0,1.25,0.0,2.32,0.0,9.51,3.55,668.82,0.0,1.21
256937113040217,255.02,28,5.95,241.95,7.12,240.57,173.39,246.39,0.0,0.0,0.0,0.0,0.0,0.0,1.45,0.0,2.56,0.0,9.02,3.57,662.12,0.0,1.51
256937117695932,332.93,28,5.72,320.67,6.54,319.14,190.72,325.17,0.0,0.0,0.0,0.0,0.0,0.0,1.17,0.0,2.22,0.0,10.9,3.5,693.43,0.0,1.22
256937123006020,312.02,28,5.38,299.79,6.85,298.2,177.02,303.9,0.0,0.0,0.0,0.0,0.0,0.0,1.27,0.0,2.26,0.0,10.12,3.49,679.32,0.0,1.26
256937128035541,306.9,28,6.19,293.54,7.17,292.29,188.57,298.41,0.0,0.0,0.0,0.0,0.0,0.0,1.53,0.0,2.64,0.0,21.77,3.49,680.16,0.0,1.32
256937133214943,794.93,28,6.26,738.28,50.39,674.01,262.5,743.18,0.0,0.0,0.0,0.0,0.0,0.0,1.33,0.0,2.41,0.0,16.99,3.65,694.21,0.0,1.36
256937138997776,356.19,28,6.34,334.27,15.58,332.96,178.55,339.19,0.0,0.0,0.0,0.0,0.0,0.0,1.16,0.0,2.27,0.0,10.3,3.54,675.98,0.0,1.43
256937143821874,308.57,28,7.2,293.58,7.78,294.28,175.39,299.4,0.0,0.0,0.0,0.0,0.0,0.0,2.09,0.0,3.05,0.0,14.51,3.56,666.8,0.0,1.38
256937149023203,237.07,28,6.74,222.13,8.2,221.83,174.26,227.06,0.0,0.0,0.0,0.0,0.0,0.0,1.28,0.0,2.37,0.0,9.05,3.51,672.03,0.0,1.82
256937154045619,247.37,28,5.76,234.65,6.96,233.84,181.41,239.23,0.0,0.0,0.0,0.0,0.0,0.0,1.22,0.0,2.29,0.0,10.09,3.6,688.88,0.0,1.18
256937159030113,275.01,28,6.14,261.09,7.77,259.04,188.41,265.56,0.0,0.0,0.0,0.0,0.0,0.0,1.15,0.0,2.18,0.0,13.81,3.6,678.47,0.0,1.68
256937164027224,252.21,28,7.03,237.25,7.93,235.91,177.19,241.84,0.0,0.0,0.0,0.0,0.0,0.0,1.38,0.0,2.43,0.0,10.58,3.46,668.47,0.0,2.45
256937168702538,258.04,28,6.53,244.62,6.9,244.02,179.83,249.68,0.0,0.0,0.0,0.0,0.0,0.0,1.24,0.0,2.23,0.0,13.27,3.62,672.69,0.0,1.47
256937173911515,301.79,28,6.48,238.79,56.52,237.98,178.84,243.44,0.0,0.0,0.0,0.0,0.0,0.0,1.29,0.0,2.28,0.0,9.31,3.59,677.87,0.0,1.83
256937179037188,247.33,28,6.18,234.54,6.62,233.97,183.17,239.37,0.0,0.0,0.0,0.0,0.0,0.0,1.34,0.0,2.43,0.0,10.43,3.55,680.66,0.0,1.35
256937184029658,310.07,28,6.14,296.57,7.36,296.11,177.64,301.42,0.0,0.0,0.0,0.0,0.0,0.0,1.33,0.0,2.32,0.0,10.84,3.52,673.77,0.0,1.3
256937188735893,231.71,28,25.07,200.25,6.39,218.21,187.19,224.25,0.0,0.0,0.0,0.0,0.0,0.0,1.31,0.0,2.31,0.0,28.03,22.85,675.34,0.0,1.06
256937193938469,359.82,28,5.56,308.05,46.21,306.46,178.88,312.19,0.0,0.0,0.0,0.0,0.0,0.0,1.2,0.0,2.18,0.0,9.07,3.52,680.82,0.0,1.41
256937199024956,312.23,28,5.97,300.42,5.84,299.63,178.33,305.25,0.0,0.0,0.0,0.0,0.0,0.0,1.38,0.0,2.47,0.0,8.92,3.48,693.11,0.0,1.15
256937204033393,225.82,28,5.5,212.96,7.35,211.54,172.83,217.23,0.0,0.0,0.0,0.0,0.0,0.0,1.22,0.0,2.19,0.0,8.14,3.41,673.89,0.0,1.23
256937209241636,277.66,28,5.57,224.9,47.19,223.23,173.18,228.86,0.0,0.0,0.0,0.0,0.0,0.0,1.22,0.0,2.24,0.0,8.09,3.44,664.79,0.0,1.61
256937214081773,310.21,28,6.99,295.82,7.4,295.66,178.23,301.19,0.0,0.0,0.0,0.0,0.0,0.0,1.45,0.0,2.53,0.0,10.56,3.63,681.33,0.0,1.61
256937219043179,273.01,28,6.68,258.75,7.58,257.56,177.38,263.44,0.0,0.0,0.0,0.0,0.0,0.0,1.39,0.0,2.46,0.0,10.47,3.45,675.73,0.0,1.98
256937223706510,315.14,28,5.75,300.62,8.77,299.45,171.06,305.15,0.0,0.0,0.0,0.0,0.0,0.0,1.25,0.0,2.32,0.0,8.73,3.6,667.84,0.0,1.21
256937229005827,258.57,28,5.83,245.27,7.47,244.73,176.12,249.96,0.0,0.0,0.0,0.0,0.0,0.0,1.29,0.0,2.41,0.0,8.78,3.51,670.11,0.0,1.14
256937234446151,629.88,28,6.86,573.83,49.19,573.68,242.27,579.07,0.0,0.0,0.0,0.0,0.0,0.0,1.32,0.0,2.46,0.0,19.25,3.46,706.81,0.0,1.63
256937240015359,308.43,28,5.49,295.53,7.4,294.5,176.13,299.75,0.0,0.0,0.0,0.0,0.0,0.0,1.28,0.0,2.31,0.0,8.77,3.5,677.52,0.0,1.27
256937244739469,307.78,28,6.17,294.49,7.12,294.09,186.51,299.74,0.0,0.0,0.0,0.0,0.0,0.0,1.59,0.0,2.56,0.0,10.87,3.58,697.73,0.0,0.92
256937249964240,814.33,28,20.12,747.61,46.6,669.78,274.78,752.69,0.0,0.0,0.0,0.0,0.0,0.0,1.44,0.0,2.52,0.0,22.97,3.47,712.29,0.0,14.63
256937255408858,312.11,28,5.8,299.62,6.69,297.92,178.62,304.14,0.0,0.0,0.0,0.0,0.0,0.0,1.54,0.0,2.56,0.0,8.1,3.55,687.13,0.0,1.28
256937260132533,229.47,28,6.39,215.78,7.3,201.22,172.49,220.66,0.0,0.0,0.0,0.0,0.0,0.0,1.45,0.0,2.43,0.0,9.1,3.47,673.98,0.0,1.51
256937265039942,235.87,28,6.19,223.6,6.09,222.42,185.79,228.15,0.0,0.0,0.0,0.0,0.0,0.0,1.15,0.0,2.15,0.0,9.4,3.54,684.99,0.0,1.63
256937269667530,432.17,28,5.05,419.64,7.49,417.82,230.08,423.64,0.0,0.0,0.0,0.0,0.0,0.0,1.38,0.0,2.34,0.0,9.35,3.61,675.47,0.0,1.05
256937275006268,1088.54,28,5.87,456.62,626.04,375.39,168.85,461.34,0.0,0.0,0.0,0.0,0.0,0.0,1.5,0.0,2.55,0.0,8.87,3.52,659.4,0.0,1.16
256937281044321,249.46,28,6.78,234.16,8.52,233.42,186.97,239.42,0.0,0.0,0.0,0.0,0.0,0.0,1.26,0.0,2.27,0.0,29.91,3.55,678.72,0.0,1.51
256937286024521,312.51,28,5.97,300.0,6.54,299.0,178.82,304.74,0.0,0.0,0.0,0.0,0.0,0.0,1.52,0.0,2.64,0.0,10.9,3.54,691.86,0.0,1.23
256937291037271,312.9,28,5.91,299.04,7.96,298.35,171.94,303.56,0.0,0.0,0.0,0.0,0.0,0.0,1.23,0.0,2.2,0.0,9.0,3.51,663.45,0.0,1.38
256937296035537,253.62,28,5.57,240.78,7.27,238.95,177.32,244.81,0.0,0.0,0.0,0.0,0.0,0.0,1.28,0.0,2.35,0.0,9.42,3.44,687.62,0.0,1.53
256937300680265,311.1,28,4.82,298.71,7.57,297.09,177.81,302.7,0.0,0.0,0.0,0.0,0.0,0.0,1.14,0.0,2.12,0.0,8.93,3.52,682.16,0.0,0.83
256937305865141,366.77,28,6.86,298.32,61.59,297.71,245.56,303.49,0.0,0.0,0.0,0.0,0.0,0.0,1.27,0.0,2.3,0.0,82.97,3.69,666.02,0.0,1.69
256937311031036,241.72,28,7.09,226.63,8.0,226.1,178.74,231.63,0.0,0.0,0.0,0.0,0.0,0.0,1.41,0.0,2.38,0.0,11.94,3.47,692.84,0.0,2.09
256937316034688,314.16,28,5.35,301.88,6.93,301.04,178.03,306.35,0.0,0.0,0.0,0.0,0.0,0.0,1.21,0.0,2.21,0.0,8.54,3.51,683.64,0.0,0.88
256937320765623,310.31,28,6.43,297.04,6.84,296.61,175.78,301.94,0.0,0.0,0.0,0.0,0.0,0.0,1.73,0.0,2.74,0.0,8.06,3.5,680.0,0.0,1.54
256937325996763,736.03,28,7.57,713.79,14.67,638.09,229.89,719.58,0.0,0.0,0.0,0.0,0.0,0.0,1.22,0.0,2.3,0.0,19.49,3.48,704.36,0.0,1.78
256937331529593,253.5,28,6.6,240.02,6.87,239.75,175.41,245.04,0.0,0.0,0.0,0.0,0.0,0.0,1.62,0.0,2.61,0.0,8.96,3.46,684.3,0.0,1.58
256937336703634,362.98,28,7.63,306.5,48.84,307.0,183.11,312.19,0.0,0.0,0.0,0.0,0.0,0.0,1.27,0.0,2.3,0.0,17.93,3.56,661.99,0.0,1.94
256937341468900,320.31,28,5.45,307.55,7.3,305.8,177.83,312.0,0.0,0.0,0.0,0.0,0.0,0.0,1.37,0.0,2.33,0.0,8.53,3.54,689.14,0.0,1.0
256937346671000,473.47,28,6.69,420.36,46.43,419.43,246.35,425.41,0.0,0.0,0.0,0.0,0.0,0.0,1.23,0.0,2.28,0.0,13.37,3.54,695.07,0.0,1.64
256937352030014,318.18,28,7.87,302.05,8.26,302.63,188.14,308.16,0.0,0.0,0.0,0.0,0.0,0.0,1.48,0.0,2.47,0.0,19.96,3.64,705.63,0.0,1.75
256937357043767,252.95,28,6.43,234.66,11.87,234.16,186.31,240.19,0.0,0.0,0.0,0.0,0.0,0.0,1.15,0.0,2.14,0.0,14.19,3.48,684.74,0.0,0.89
256937361808410,237.78,28,34.6,196.83,6.36,225.03,178.46,230.59,0.0,0.0,0.0,0.0,0.0,0.0,31.84,0.0,32.88,0.0,14.2,3.53,674.58,0.0,0.83
256937366421210,306.72,28,6.52,292.91,7.29,293.06,181.31,298.32,0.0,0.0,0.0,0.0,0.0,0.0,1.43,0.0,2.58,0.0,17.11,3.52,671.67,0.0,1.11
256937371647131,281.91,28,6.15,229.91,45.85,228.98,186.01,234.39,0.0,0.0,0.0,0.0,0.0,0.0,1.46,0.0,2.43,0.0,9.79,3.52,684.13,0.0,1.67
256937376322256,308.3,28,5.14,295.62,7.53,290.29,182.47,299.8,0.0,0.0,0.0,0.0,0.0,0.0,1.26,0.0,2.32,0.0,9.33,3.57,678.14,0.0,0.97
256937381079709,313.81,28,12.6,294.18,7.03,300.67,175.42,305.64,0.0,0.0,0.0,0.0,0.0,0.0,9.58,0.0,10.6,0.0,11.36,3.49,680.63,0.0,1.14
256937386029119,251.07,28,14.99,229.51,6.57,237.77,182.37,243.09,0.0,0.0,0.0,0.0,0.0,0.0,1.2,0.0,11.73,0.0,17.91,3.56,659.1,0.0,1.41
256937391037306,722.09,28,114.86,596.8,10.42,629.2,211.74,710.26,0.0,0.0,0.0,0.0,0.0,0.0,1.23,0.0,111.59,0.0,17.77,3.59,653.91,0.0,1.41
256937396893561,441.64,28,7.99,389.58,44.07,390.1,212.86,395.62,0.0,0.0,0.0,0.0,0.0,0.0,1.59,0.0,2.8,0.0,131.38,3.69,683.14,0.0,1.95
256937401752001,304.85,28,6.37,291.3,7.19,290.45,178.82,296.16,0.0,0.0,0.0,0.0,0.0,0.0,1.41,0.0,2.57,0.0,9.13,3.5,667.11,0.0,1.5
256937406959548,778.05,28,7.78,718.67,51.61,637.94,243.5,724.41,0.0,0.0,0.0,0.0,0.0,0.0,1.23,0.0,2.48,0.0,31.78,3.5,690.24,0.0,2.0
256937412454854,252.12,28,6.26,239.0,6.86,238.32,180.94,243.6,0.0,0.0,0.0,0.0,0.0,0.0,1.3,0.0,2.29,0.0,8.48,3.74,670.46,0.0,1.67
256937417107936,235.53,28,6.82,222.38,6.34,222.56,175.1,227.81,0.0,0.0,0.0,0.0,0.0,0.0,1.58,0.0,2.63,0.0,11.84,3.46,665.13,0.0,1.39
256937422025022,315.32,28,10.84,295.88,8.59,295.65,180.75,301.17,0.0,0.0,0.0,0.0,0.0,0.0,1.2,0.0,2.25,0.0,13.58,3.57,671.93,0.0,5.55
256937427035085,256.61,28,10.86,238.19,7.56,238.47,181.79,243.83,0.0,0.0,0.0,0.0,0.0,0.0,1.19,0.0,2.23,0.0,16.93,3.51,671.52,0.0,5.22
256937431658068,307.22,28,4.86,296.55,5.81,294.76,171.75,300.6,0.0,0.0,0.0,0.0,0.0,0.0,1.41,0.0,2.4,0.0,8.8,3.58,666.95,0.0,0.81
256937436378309,308.51,28,6.32,294.61,7.57,293.8,176.4,299.1,0.0,0.0,0.0,0.0,0.0,0.0,1.24,0.0,2.2,0.0,8.68,3.57,679.8,0.0,1.84
256937441830658,326.41,28,6.23,275.09,45.09,274.31,181.44,279.39,0.0,0.0,0.0,0.0,0.0,0.0,1.33,0.0,2.33,0.0,15.35,3.52,683.13,0.0,1.84
256937447024903,315.2,28,10.28,296.76,8.16,296.01,186.97,301.9,0.0,0.0,0.0,0.0,0.0,0.0,1.36,0.0,2.4,0.0,17.12,3.5,680.43,0.0,5.15
256937451719332,250.68,28,14.99,228.25,7.44,235.63,184.7,241.34,0.0,0.0,0.0,0.0,0.0,0.0,1.55,0.0,2.51,0.0,18.98,13.27,669.35,0.0,1.9
256937456349109,258.65,28,5.76,245.17,7.72,243.99,176.37,249.29,0.0,0.0,0.0,0.0,0.0,0.0,1.33,0.0,2.3,0.0,7.96,3.49,674.22,0.0,1.64
256937461081210,258.56,28,6.99,243.58,7.98,243.5,189.22,248.97,0.0,0.0,0.0,0.0,0.0,0.0,1.38,0.0,2.42,0.0,22.6,3.43,672.44,0.0,1.6
256937466043837,341.38,28,6.19,327.42,7.77,325.08,178.18,331.95,0.0,0.0,0.0,0.0,0.0,0.0,1.22,0.0,2.42,0.0,10.09,3.46,673.45,0.0,1.66
256937471033699,726.17,28,6.09,711.12,8.96,629.1,225.46,715.74,0.0,0.0,0.0,0.0,0.0,0.0,1.42,0.0,2.65,0.0,8.69,3.58,716.38,0.0,1.47
256937476881209,355.13,28,5.88,296.59,52.65,295.21,174.97,300.63,0.0,0.0,0.0,0.0,0.0,0.0,1.21,0.0,2.18,0.0,8.54,3.53,668.47,0.0,1.85
256937482023536,307.46,28,7.26,291.98,8.21,292.84,181.36,298.01,0.0,0.0,0.0,0.0,0.0,0.0,1.8,0.0,2.8,0.0,11.27,3.48,671.29,0.0,1.24
256937486742819,302.57,28,5.19,288.64,8.74,287.32,181.54,292.93,0.0,0.0,0.0,0.0,0.0,0.0,1.29,0.0,2.25,0.0,8.8,3.51,683.18,0.0,0.91
256937492005788,319.18,28,5.64,306.04,7.49,297.38,177.75,310.4,0.0,0.0,0.0,0.0,0.0,0.0,1.23,0.0,2.19,0.0,11.6,3.59,674.18,0.0,1.28
256937497036880,245.21,28,10.07,227.68,7.46,227.38,179.25,233.04,0.0,0.0,0.0,0.0,0.0,0.0,1.51,0.0,2.62,0.0,16.86,3.56,664.46,0.0,4.72
256937502033252,250.57,28,6.08,238.33,6.16,237.69,178.68,243.16,0.0,0.0,0.0,0.0,0.0,0.0,1.38,0.0,2.39,0.0,11.85,3.58,664.59,0.0,1.25
256937507029743,276.34,28,6.15,261.68,8.51,259.99,182.66,265.74,0.0,0.0,0.0,0.0,0.0,0.0,1.69,0.0,2.7,0.0,11.12,3.48,685.82,0.0,2.09
256937512038009,246.35,28,5.58,234.1,6.66,232.35,176.38,238.67,0.0,0.0,0.0,0.0,0.0,0.0,1.44,0.0,2.53,0.0,10.9,3.44,674.95,0.0,1.01
256937517294651,821.23,28,20.39,753.82,47.02,666.31,276.69,758.92,0.0,0.0,0.0,0.0,0.0,0.0,1.14,0.0,2.18,0.0,29.46,3.46,727.0,0.0,14.74
256937523072415,246.63,28,6.32,233.35,6.96,233.15,170.76,238.56,0.0,0.0,0.0,0.0,0.0,0.0,1.41,0.0,2.58,0.0,9.21,3.58,664.97,0.0,1.11
256937527798465,320.18,28,9.64,303.07,7.46,302.32,180.4,307.87,0.0,0.0,0.0,0.0,0.0,0.0,1.42,0.0,2.4,0.0,11.8,3.52,662.16,0.0,4.84
256937533023054,239.17,28,7.26,224.73,7.17,224.6,180.93,230.02,0.0,0.0,0.0,0.0,0.0,0.0,1.41,0.0,2.6,0.0,8.73,3.45,666.67,0.0,1.98
256937538042260,305.98,28,6.71,291.67,7.59,291.43,179.54,296.78,0.0,0.0,0.0,0.0,0.0,0.0,1.44,0.0,2.49,0.0,10.56,3.48,687.35,0.0,1.61
256937543047473,320.63,28,5.99,307.9,6.74,306.93,182.17,312.71,0.0,0.0,0.0,0.0,0.0,0.0,1.36,0.0,2.38,0.0,15.35,3.64,663.16,0.0,1.18
256937548096240,315.12,28,10.26,296.86,7.99,296.96,181.43,302.6,0.0,0.0,0.0,0.0,0.0,0.0,1.53,0.0,2.5,0.0,18.23,3.52,645.5,0.0,4.52
256937553339124,744.76,28,6.99,683.34,54.43,680.02,233.69,688.52,0.0,0.0,0.0,0.0,0.0,0.0,1.18,0.0,2.17,0.0,7.88,3.53,735.96,0.0,1.81
256937558948188,829.82,28,23.6,745.36,60.86,664.01,240.88,749.69,0.0,0.0,0.0,0.0,0.0,0.0,1.32,0.0,2.42,0.0,19.99,3.58,655.68,0.0,18.93
256937564861219,334.94,28,8.24,270.11,56.58,269.73,178.87,275.14,0.0,0.0,0.0,0.0,0.0,0.0,1.61,0.0,2.61,0.0,11.38,3.55,675.27,0.0,3.21
256937570033276,271.35,28,38.02,225.12,8.21,238.47,187.29,245.27,0.0,0.0,0.0,0.0,0.0,0.0,1.35,0.0,2.35,0.0,36.99,18.78,670.38,0.0,17.87
256937575119778,302.21,28,7.21,248.78,46.22,247.98,181.39,253.91,0.0,0.0,0.0,0.0,0.0,0.0,1.36,0.0,2.4,0.0,8.96,3.47,689.48,0.0,2.08
256937580047163,253.82,28,17.0,229.02,7.79,235.87,182.63,241.36,0.0,0.0,0.0,0.0,0.0,0.0,1.43,0.0,2.5,0.0,25.65,12.65,654.28,0.0,4.66
256937584773158,312.95,28,5.2,300.5,7.26,299.36,176.57,304.85,0.0,0.0,0.0,0.0,0.0,0.0,1.26,0.0,2.25,0.0,9.81,3.51,670.09,0.0,0.84
256937589581333,236.02,28,8.25,220.99,6.78,219.29,177.75,225.72,0.0,0.0,0.0,0.0,0.0,0.0,1.21,0.0,2.4,0.0,11.52,3.54,677.24,0.0,3.52
256937594772687,797.2,28,5.79,739.53,51.87,647.47,184.25,744.16,0.0,0.0,0.0,0.0,0.0,0.0,1.42,0.0,2.38,0.0,7.96,3.41,665.62,0.0,1.16
256937601004844,244.62,28,9.98,227.06,7.59,226.53,177.7,232.11,0.0,0.0,0.0,0.0,0.0,0.0,1.24,0.0,2.33,0.0,14.12,3.48,661.08,0.0,4.92
256937605701245,409.4,28,5.94,393.8,9.66,392.98,221.94,398.72,0.0,0.0,0.0,0.0,0.0,0.0,1.44,0.0,2.47,0.0,8.37,3.54,698.51,0.0,1.01
256937611017894,310.47,28,10.1,293.67,6.7,293.34,184.2,299.41,0.0,0.0,0.0,0.0,0.0,0.0,1.47,0.0,2.65,0.0,15.19,3.59,700.1,0.0,4.36
256937615816184,240.92,28,7.29,226.08,7.55,223.75,177.38,230.91,0.0,0.0,0.0,0.0,0.0,0.0,1.26,0.0,2.26,0.0,12.38,3.5,687.61,0.0,2.46
256937620481376,310.18,28,5.73,296.65,7.8,295.71,183.96,301.29,0.0,0.0,0.0,0.0,0.0,0.0,1.56,0.0,2.59,0.0,9.26,3.63,681.75,0.0,1.09
256937625700215,763.82,28,6.59,702.21,55.02,624.28,228.06,707.76,0.0,0.0,0.0,0.0,0.0,0.0,1.79,0.0,2.83,0.0,19.94,3.5,705.38,0.0,1.04
256937631279221,247.29,28,6.48,233.02,7.79,232.57,179.34,238.12,0.0,0.0,0.0,0.0,0.0,0.0,1.12,0.0,2.13,0.0,10.72,3.68,665.18,0.0,1.38
256937635992059,316.03,28,7.97,300.9,7.16,301.27,200.71,307.69,0.0,0.0,0.0,0.0,0.0,0.0,1.5,0.0,3.14,0.0,40.19,3.65,669.61,0.0,1.17
256937640800098,316.13,28,6.59,302.99,6.55,302.96,178.35,308.43,0.0,0.0,0.0,0.0,0.0,0.0,1.21,0.0,2.23,0.0,11.18,3.56,676.26,0.0,1.15
256937646004563,248.43,28,5.55,234.34,8.54,233.08,177.72,238.59,0.0,0.0,0.0,0.0,0.0,0.0,1.53,0.0,2.69,0.0,9.73,3.51,681.45,0.0,1.3
256937651053956,314.75,28,6.79,299.8,8.16,298.29,183.72,304.56,0.0,0.0,0.0,0.0,0.0,0.0,1.45,0.0,2.44,0.0,10.43,3.5,670.4,0.0,2.02
256937656036857,235.19,28,6.34,222.11,6.73,221.73,179.27,227.24,0.0,0.0,0.0,0.0,0.0,0.0,1.83,0.0,2.79,0.0,9.45,3.46,668.38,0.0,1.21
256937660781854,255.34,28,15.61,232.31,7.42,241.5,165.41,246.8,0.0,0.0,0.0,0.0,0.0,0.0,1.34,0.0,14.19,0.0,8.21,3.4,684.2,0.0,1.12
256937665460308,229.3,28,5.24,217.16,6.9,215.3,179.15,221.2,0.0,0.0,0.0,0.0,0.0,0.0,1.39,0.0,2.37,0.0,10.29,3.52,681.43,0.0,1.19
256937670789655,359.65,28,17.33,291.5,50.82,301.19,178.37,307.38,0.0,0.0,0.0,0.0,0.0,0.0,13.82,0.0,14.87,0.0,11.12,3.5,701.09,0.0,1.45
256937675676323,312.39,28,14.64,290.09,7.66,297.85,189.1,303.28,0.0,0.0,0.0,0.0,0.0,0.0,1.28,0.0,11.4,0.0,11.06,3.42,686.12,0.0,1.45
256937680452889,251.86,28,24.78,220.56,6.52,236.07,200.49,241.56,0.0,0.0,0.0,0.0,0.0,0.0,1.48,0.0,2.49,0.0,34.32,19.3,679.07,0.0,3.78
256937685730907,843.34,28,67.58,724.24,51.52,708.76,338.69,790.06,0.0,0.0,0.0,0.0,0.0,0.0,1.58,0.0,2.58,0.0,211.2,64.94,679.94,0.0,1.76
256937691390775,252.85,28,14.84,231.09,6.92,239.38,177.98,244.77,0.0,0.0,0.0,0.0,0.0,0.0,1.32,0.0,11.86,0.0,15.32,3.54,679.93,0.0,1.16
256937696094182,249.47,28,16.52,225.66,7.29,234.73,193.58,240.34,0.0,0.0,0.0,0.0,0.0,0.0,1.26,0.0,12.86,0.0,18.38,3.46,688.52,0.0,1.84
256937700767974,251.31,28,14.44,229.17,7.7,236.32,179.5,242.05,0.0,0.0,0.0,0.0,0.0,0.0,1.31,0.0,11.1,0.0,11.07,3.47,674.76,0.0,1.56
256937705923655,394.43,28,8.37,294.35,91.71,293.97,183.86,300.26,0.0,0.0,0.0,0.0,0.0,0.0,1.28,0.0,2.38,0.0,17.41,3.53,694.12,0.0,2.46
256937711052797,239.13,28,6.6,226.66,5.88,226.11,175.16,232.04,0.0,0.0,0.0,0.0,0.0,0.0,1.44,0.0,2.57,0.0,9.87,3.5,674.91,0.0,1.22
256937715728541,242.69,28,5.69,229.13,7.86,228.34,173.45,233.64,0.0,0.0,0.0,0.0,0.0,0.0,1.25,0.0,2.2,0.0,9.06,3.49,661.43,0.0,1.18
256937721004617,309.57,28,6.74,293.82,9.01,293.85,178.55,299.23,0.0,0.0,0.0,0.0,0.0,0.0,1.53,0.0,2.74,0.0,8.75,3.45,681.06,0.0,1.33
256937726075508,314.35,28,5.76,301.15,7.43,299.9,181.93,305.78,0.0,0.0,0.0,0.0,0.0,0.0,1.4,0.0,2.4,0.0,9.52,3.47,699.09,0.0,1.14
256937731065534,731.81,28,5.46,718.87,7.48,647.2,260.27,723.07,0.0,0.0,0.0,0.0,0.0,0.0,1.35,0.0,2.32,0.0,10.23,3.51,716.44,0.0,1.26
256937736702293,258.91,28,5.9,246.72,6.29,245.99,181.78,251.51,0.0,0.0,0.0,0.0,0.0,0.0,1.14,0.0,2.09,0.0,9.95,3.49,680.07,0.0,1.11
256937741952478,786.21,28,7.36,721.65,57.2,645.51,235.76,727.03,0.0,0.0,0.0,0.0,0.0,0.0,1.54,0.0,2.62,0.0,12.61,3.6,692.45,0.0,1.98
256937748027280,259.57,28,6.42,244.12,9.03,243.31,187.54,248.86,0.0,0.0,0.0,0.0,0.0,0.0,1.4,0.0,2.47,0.0,7.88,3.44,683.98,0.0,1.68
256937752716247,247.95,28,15.17,226.58,6.2,234.97,182.0,240.49,0.0,0.0,0.0,0.0,0.0,0.0,1.66,0.0,2.66,0.0,18.42,13.46,673.29,0.0,1.26
256937758005083,254.77,28,5.89,241.11,7.77,240.66,180.68,245.8,0.0,0.0,0.0,0.0,0.0,0.0,1.57,0.0,2.62,0.0,9.18,3.46,691.57,0.0,1.2
256937763457929,631.86,28,6.43,566.0,59.43,565.7,248.11,571.22,0.0,0.0,0.0,0.0,0.0,0.0,1.29,0.0,2.29,0.0,12.24,3.58,724.25,0.0,1.22
256937769024503,305.55,28,6.87,291.42,7.26,290.19,177.32,297.11,0.0,0.0,0.0,0.0,0.0,0.0,1.73,0.0,2.97,0.0,19.17,3.5,672.83,0.0,1.17
256937773788841,265.2,28,9.31,248.86,7.03,232.62,186.62,253.81,0.0,0.0,0.0,0.0,0.0,0.0,1.14,0.0,2.09,0.0,14.64,3.63,674.1,0.0,4.36
256937778459921,317.45,28,8.73,300.85,7.87,299.97,191.44,305.51,0.0,0.0,0.0,0.0,0.0,0.0,1.13,0.0,2.17,0.0,12.23,3.44,701.32,0.0,4.07
256937783815529,1594.49,28,6.12,385.54,1202.83,301.62,169.24,390.34,0.0,0.0,0.0,0.0,0.0,0.0,1.7,0.0,2.75,0.0,8.72,3.6,645.45,0.0,1.32
256937790380526,247.01,28,9.55,228.82,8.63,228.36,181.08,233.73,0.0,0.0,0.0,0.0,0.0,0.0,1.39,0.0,2.41,0.0,7.97,3.49,665.71,0.0,4.57
256937795101913,249.49,28,5.65,235.31,8.53,234.27,178.91,239.75,0.0,0.0,0.0,0.0,0.0,0.0,1.32,0.0,2.34,0.0,8.97,3.59,689.04,0.0,1.21
256937799850497,321.32,28,9.5,304.15,7.67,303.56,179.96,309.32,0.0,0.0,0.0,0.0,0.0,0.0,1.32,0.0,2.27,0.0,9.64,3.6,667.88,0.0,4.34
256937805030768,306.74,28,6.41,292.92,7.4,291.55,176.32,297.59,0.0,0.0,0.0,0.0,0.0,0.0,1.28,0.0,2.31,0.0,11.35,3.53,677.02,0.0,1.74
256937810035279,312.35,28,6.1,297.97,8.28,297.2,178.62,302.98,0.0,0.0,0.0,0.0,0.0,0.0,1.25,0.0,2.29,0.0,11.4,3.5,679.02,0.0,1.09
256937815052678,258.25,28,10.86,239.5,7.89,239.81,189.14,245.3,0.0,0.0,0.0,0.0,0.0,0.0,1.47,0.0,2.47,0.0,27.18,3.62,686.43,0.0,5.05
256937820028066,325.43,28,11.45,305.91,8.07,306.11,183.89,311.64,0.0,0.0,0.0,0.0,0.0,0.0,1.22,0.0,2.23,0.0,14.7,3.56,673.6,0.0,5.67
256937824771310,309.94,28,5.86,295.96,8.12,294.7,180.64,300.19,0.0,0.0,0.0,0.0,0.0,0.0,1.4,0.0,2.44,0.0,9.24,3.49,676.45,0.0,1.63
256937830005205,309.38,28,6.87,294.45,8.05,293.47,186.3,299.74,0.0,0.0,0.0,0.0,0.0,0.0,1.36,0.0,2.67,0.0,9.67,3.57,705.26,0.0,1.59
256937835033800,342.51,28,10.28,324.84,7.39,324.97,176.86,330.44,0.0,0.0,0.0,0.0,0.0,0.0,1.11,0.0,2.08,0.0,12.13,3.53,661.95,0.0,4.68
256937840036228,232.28,28,6.02,219.33,6.93,218.25,191.43,224.24,0.0,0.0,0.0,0.0,0.0,0.0,1.19,0.0,2.17,0.0,8.83,3.46,695.66,0.0,1.11
256937844649039,315.56,28,5.98,303.14,6.44,302.3,176.66,307.87,0.0,0.0,0.0,0.0,0.0,0.0,1.27,0.0,2.32,0.0,9.6,3.47,670.19,0.0,1.25
256937849929768,359.53,28,6.95,303.29,49.29,303.25,195.43,308.89,0.0,0.0,0.0,0.0,0.0,0.0,1.32,0.0,2.33,0.0,17.17,3.7,675.58,0.0,1.35
256937855047675,282.3,28,8.66,266.3,7.33,265.68,188.74,271.75,0.0,0.0,0.0,0.0,0.0,0.0,1.76,0.0,2.73,0.0,23.66,3.58,696.47,0.0,3.22
256937859802030,250.68,28,5.72,238.22,6.75,236.8,173.19,242.82,0.0,0.0,0.0,0.0,0.0,0.0,1.33,0.0,2.38,0.0,8.89,3.52,667.42,0.0,1.11
256937865008625,306.26,28,6.55,292.04,7.67,291.21,180.53,297.02,0.0,0.0,0.0,0.0,0.0,0.0,1.55,0.0,2.7,0.0,8.23,3.49,686.49,0.0,1.57
256937869861635,251.77,28,10.44,233.89,7.45,233.3,184.99,239.04,0.0,0.0,0.0,0.0,0.0,0.0,1.38,0.0,2.33,0.0,17.39,3.53,691.12,0.0,5.28
256937875057007,968.55,28,6.21,734.42,227.92,650.73,269.19,738.95,0.0,0.0,0.0,0.0,0.0,0.0,1.37,0.0,2.38,0.0,27.83,3.51,729.83,0.0,1.66
256937881030837,242.79,28,11.61,224.13,7.06,224.35,188.37,230.38,0.0,0.0,0.0,0.0,0.0,0.0,1.5,0.0,2.61,0.0,46.94,3.63,657.86,0.0,5.36
256937885683333,314.88,28,6.48,301.75,6.65,300.13,181.81,306.44,0.0,0.0,0.0,0.0,0.0,0.0,1.32,0.0,2.34,0.0,8.66,3.53,688.76,0.0,1.79
256937891005685,243.51,28,6.13,229.61,7.76,228.87,174.56,234.75,0.0,0.0,0.0,0.0,0.0,0.0,1.22,0.0,2.37,0.0,8.3,3.5,669.19,0.0,1.0
256937896027978,312.56,28,13.56,291.72,7.28,297.68,174.68,304.1,0.0,0.0,0.0,0.0,0.0,0.0,1.74,0.0,11.4,0.0,9.94,3.61,675.0,0.0,1.19
256937900832765,239.3,28,7.17,225.47,6.66,225.54,185.46,231.52,0.0,0.0,0.0,0.0,0.0,0.0,1.61,0.0,2.67,0.0,13.78,3.55,704.61,0.0,1.12
256937905527295,235.28,28,5.58,222.74,6.96,221.45,176.31,227.13,0.0,0.0,0.0,0.0,0.0,0.0,1.26,0.0,2.27,0.0,8.69,3.45,681.28,0.0,1.19
256937910857011,357.75,28,6.72,299.66,51.36,298.99,177.6,304.54,0.0,0.0,0.0,0.0,0.0,0.0,1.62,0.0,2.82,0.0,7.86,3.43,679.66,0.0,1.84
256937915664503,266.95,28,6.39,253.11,7.46,252.67,175.37,258.26,0.0,0.0,0.0,0.0,0.0,0.0,1.14,0.0,2.14,0.0,10.87,3.5,671.2,0.0,1.24
256937920417377,249.46,28,6.21,235.94,7.32,235.51,172.77,241.1,0.0,0.0,0.0,0.0,0.0,0.0,1.16,0.0,2.14,0.0,10.02,3.48,660.69,0.0,1.04
256937925797217,389.48,28,6.87,330.15,52.46,328.84,181.74,335.36,0.0,0.0,0.0,0.0,0.0,0.0,1.24,0.0,2.2,0.0,13.66,3.58,673.05,0.0,1.66
256937931041614,248.57,28,6.1,233.87,8.61,232.75,182.93,238.59,0.0,0.0,0.0,0.0,0.0,0.0,1.17,0.0,2.2,0.0,7.65,3.49,690.4,0.0,1.38
256937935777749,250.79,28,6.1,237.26,7.43,236.43,176.35,241.98,0.0,0.0,0.0,0.0,0.0,0.0,1.22,0.0,2.2,0.0,12.19,3.59,661.64,0.0,1.39
256937941011358,243.5,28,7.34,228.73,7.44,226.65,179.97,232.94,0.0,0.0,0.0,0.0,0.0,0.0,1.75,0.0,2.81,0.0,14.11,3.54,666.33,0.0,2.82
256937946069644,311.06,28,5.73,298.17,7.16,297.0,177.6,302.71,0.0,0.0,0.0,0.0,0.0,0.0,1.49,0.0,2.48,0.0,9.11,3.44,673.55,0.0,1.2
256937951045100,250.1,28,17.01,225.59,7.51,235.17,183.53,241.47,0.0,0.0,0.0,0.0,0.0,0.0,1.38,0.0,2.38,0.0,20.88,15.42,670.45,0.0,1.12
256937956028978,221.56,28,5.04,209.45,7.06,207.85,180.54,213.33,0.0,0.0,0.0,0.0,0.0,0.0,1.23,0.0,2.24,0.0,11.6,3.49,679.82,0.0,1.17
256937960755223,243.72,28,11.48,224.92,7.32,224.54,183.84,230.78,0.0,0.0,0.0,0.0,0.0,0.0,1.51,0.0,2.47,0.0,20.3,3.59,666.04,0.0,5.61
256937965501562,245.96,28,5.76,233.7,6.5,232.18,179.93,238.13,0.0,0.0,0.0,0.0,0.0,0.0,1.43,0.0,2.43,0.0,9.67,3.52,695.65,0.0,1.33
256937970264721,268.97,28,7.32,254.31,7.34,254.37,178.78,260.13,0.0,0.0,0.0,0.0,0.0,0.0,1.67,0.0,2.64,0.0,14.15,3.51,657.08,0.0,1.5
256937975083104,242.3,28,6.36,227.93,8.01,227.5,177.97,233.12,0.0,0.0,0.0,0.0,0.0,0.0,1.49,0.0,2.56,0.0,10.72,3.59,678.6,0.0,1.17
256937979784278,382.78,28,5.61,370.31,6.86,231.11,212.73,241.4,0.0,0.0,0.0,0.0,0.0,0.0,1.52,0.0,2.48,0.0,8.63,3.42,686.55,0.0,1.17
256937985014592,254.46,28,5.57,240.4,8.5,237.29,177.19,244.63,0.0,0.0,0.0,0.0,0.0,0.0,1.29,0.0,2.35,0.0,10.06,3.47,682.46,0.0,1.34
256937990028572,316.88,28,10.12,298.38,8.38,297.02,183.16,302.92,0.0,0.0,0.0,0.0,0.0,0.0,1.41,0.0,2.41,0.0,10.97,3.59,675.98,0.0,5.4
256937995042501,758.82,28,6.79,740.93,11.1,665.11,218.68,746.37,0.0,0.0,0.0,0.0,0.0,0.0,1.49,0.0,2.55,0.0,22.56,3.61,654.04,0.0,1.29
256938000470980,238.22,28,6.05,224.31,7.85,223.2,174.71,229.12,0.0,0.0,0.0,0.0,0.0,0.0,1.48,0.0,2.46,0.0,11.63,3.53,675.74,0.0,1.08
256938005661358,453.38,28,6.82,388.76,57.8,387.16,215.79,393.61,0.0,0.0,0.0,0.0,0.0,0.0,1.56,0.0,2.53,0.0,8.56,3.5,681.72,0.0,1.74
256938011023915,250.48,28,6.97,235.63,7.88,235.39,174.67,240.94,0.0,0.0,0.0,0.0,0.0,0.0,1.48,0.0,2.48,0.0,15.04,3.67,649.76,0.0,1.54
256938016103484,232.25,28,6.43,218.05,7.77,215.95,190.43,223.16,0.0,0.0,0.0,0.0,0.0,0.0,1.41,0.0,2.47,0.0,29.79,3.53,664.22,0.0,1.17
256938020774891,311.98,28,5.96,298.99,7.04,297.51,177.2,303.77,0.0,0.0,0.0,0.0,0.0,0.0,1.5,0.0,2.54,0.0,9.4,3.51,670.23,0.0,1.07
256938025604654,248.21,28,6.02,234.89,7.3,233.16,184.11,239.5,0.0,0.0,0.0,0.0,0.0,0.0,1.19,0.0,2.2,0.0,8.51,3.49,694.75,0.0,1.41
256938030366398,283.91,28,6.79,268.77,8.35,268.52,186.89,274.27,0.0,0.0,0.0,0.0,0.0,0.0,1.72,0.0,2.73,0.0,9.1,3.47,687.53,0.0,1.29
256938035070749,247.11,28,6.23,233.61,7.27,232.6,175.81,238.69,0.0,0.0,0.0,0.0,0.0,0.0,1.64,0.0,2.63,0.0,13.22,3.61,666.69,0.0,1.15
256938040041767,259.91,28,6.97,245.8,7.14,242.98,182.9,250.84,0.0,0.0,0.0,0.0,0.0,0.0,1.33,0.0,2.41,0.0,12.03,3.52,687.1,0.0,1.94
256938045035711,255.76,28,5.68,242.03,8.05,239.53,182.68,246.6,0.0,0.0,0.0,0.0,0.0,0.0,1.19,0.0,2.17,0.0,11.56,3.52,678.52,0.0,1.11
256938050036128,339.04,28,6.36,325.43,7.25,324.75,179.6,330.45,0.0,0.0,0.0,0.0,0.0,0.0,1.25,0.0,2.27,0.0,8.71,3.62,667.05,0.0,1.34
256938054851016,236.1,28,5.84,222.68,7.58,221.69,177.91,227.41,0.0,0.0,0.0,0.0,0.0,0.0,1.5,0.0,2.58,0.0,8.69,3.48,668.65,0.0,1.11
256938060016283,235.45,28,6.37,221.22,7.87,221.12,164.31,226.45,0.0,0.0,0.0,0.0,0.0,0.0,1.31,0.0,2.51,0.0,10.71,3.45,664.22,0.0,1.13
256938064712219,247.92,28,11.0,229.25,7.67,229.42,173.16,235.23,0.0,0.0,0.0,0.0,0.0,0.0,1.23,0.0,2.28,0.0,21.03,3.69,655.73,0.0,5.02
256938069909743,355.95,28,55.16,249.71,51.09,296.82,200.68,303.3,0.0,0.0,0.0,0.0,0.0,0.0,1.45,0.0,51.75,0.0,22.25,3.5,677.79,0.0,1.56
256938074793531,312.72,28,6.3,300.2,6.22,299.25,184.47,305.3,0.0,0.0,0.0,0.0,0.0,0.0,1.56,0.0,2.67,0.0,8.63,3.56,694.03,0.0,1.19
256938079620571,318.44,28,5.67,304.99,7.78,289.17,182.39,309.83,0.0,0.0,0.0,0.0,0.0,0.0,1.28,0.0,2.65,0.0,8.61,3.52,703.47,0.0,0.83
256938084953422,903.67,28,6.01,834.75,62.92,712.5,213.92,839.55,0.0,0.0,0.0,0.0,0.0,0.0,1.31,0.0,2.4,0.0,8.49,3.48,671.19,0.0,1.2
256938090983517,333.47,28,6.41,301.03,26.03,300.35,175.99,306.02,0.0,0.0,0.0,0.0,0.0,0.0,1.58,0.0,2.73,0.0,8.39,3.46,669.05,0.0,1.42
256938095764141,313.87,28,6.22,299.92,7.73,298.91,176.49,304.64,0.0,0.0,0.0,0.0,0.0,0.0,1.22,0.0,2.21,0.0,10.27,3.6,684.65,0.0,1.49
256938100618376,255.54,28,6.01,241.73,7.8,240.05,176.77,246.6,0.0,0.0,0.0,0.0,0.0,0.0,1.48,0.0,2.45,0.0,9.38,3.54,678.07,0.0,1.09
256938105989498,768.27,28,7.13,738.15,22.99,655.49,201.89,743.56,0.0,0.0,0.0,0.0,0.0,0.0,1.65,0.0,2.78,0.0,10.78,3.58,687.32,0.0,1.6
256938111727018,250.49,28,5.39,237.01,8.08,235.47,177.7,241.27,0.0,0.0,0.0,0.0,0.0,0.0,1.39,0.0,2.38,0.0,8.43,3.54,681.73,0.0,1.07
256938116437021,313.77,28,7.01,298.9,7.86,297.51,191.78,303.9,0.0,0.0,0.0,0.0,0.0,0.0,1.5,0.0,2.45,0.0,13.94,3.62,681.63,0.0,1.96
256938122025953,305.34,28,5.94,292.04,7.35,290.66,182.75,296.3,0.0,0.0,0.0,0.0,0.0,0.0,1.24,0.0,2.26,0.0,9.35,3.48,690.3,0.0,1.68
256938127039308,312.16,28,6.27,297.42,8.47,292.09,177.3,302.36,0.0,0.0,0.0,0.0,0.0,0.0,1.44,0.0,2.52,0.0,8.49,3.5,685.71,0.0,1.33
256938131840203,309.64,28,11.75,290.09,7.8,290.63,186.27,295.92,0.0,0.0,0.0,0.0,0.0,0.0,1.23,0.0,2.27,0.0,20.32,3.57,671.43,0.0,5.91
256938137032402,311.92,28,6.06,299.81,6.05,298.76,180.37,304.8,0.0,0.0,0.0,0.0,0.0,0.0,1.17,0.0,2.22,0.0,9.21,3.5,685.23,0.0,1.07
256938142615514,486.95,28,7.64,415.82,63.49,416.04,212.21,421.46,0.0,0.0,0.0,0.0,0.0,0.0,1.14,0.0,2.15,0.0,15.9,3.5,663.57,0.0,2.0
256938148028874,278.84,28,9.06,261.97,7.82,260.39,177.65,266.58,0.0,0.0,0.0,0.0,0.0,0.0,1.26,0.0,2.29,0.0,9.85,3.53,676.03,0.0,4.44
256938153042165,342.23,28,9.81,324.74,7.68,324.14,180.1,330.25,0.0,0.0,0.0,0.0,0.0,0.0,1.29,0.0,2.46,0.0,14.26,3.51,668.51,0.0,4.3
256938158059713,795.9,28,6.19,779.94,9.77,697.81,249.95,784.91,0.0,0.0,0.0,0.0,0.0,0.0,1.69,0.0,2.68,0.0,8.14,3.49,726.34,0.0,1.22
256938163461931,338.54,28,9.48,320.94,8.12,322.16,190.13,328.93,0.0,0.0,0.0,0.0,0.0,0.0,1.4,0.0,2.4,0.0,27.16,5.59,678.48,0.0,1.49
256938168287454,317.79,28,5.93,304.51,7.35,303.45,181.62,309.26,0.0,0.0,0.0,0.0,0.0,0.0,1.52,0.0,2.49,0.0,10.24,3.56,681.32,0.0,1.18
256938173545982,567.75,28,7.57,506.74,53.44,507.32,226.72,512.84,0.0,0.0,0.0,0.0,0.0,0.0,1.53,0.0,2.62,0.0,13.99,3.57,703.03,0.0,1.47
256938179027418,229.6,28,6.31,215.39,7.9,214.73,187.5,220.37,0.0,0.0,0.0,0.0,0.0,0.0,1.6,0.0,2.63,0.0,10.04,3.49,667.81,0.0,1.33
256938183746147,263.88,28,10.57,231.53,21.79,231.83,183.19,237.44,0.0,0.0,0.0,0.0,0.0,0.0,1.32,0.0,2.32,0.0,16.05,3.6,677.94,0.0,4.65
256938188494244,315.19,28,5.44,302.99,6.77,300.85,184.68,307.46,0.0,0.0,0.0,0.0,0.0,0.0,1.28,0.0,2.27,0.0,8.96,3.63,702.76,0.0,0.96
256938193284343,231.34,28,5.85,218.61,6.89,217.23,180.78,223.4,0.0,0.0,0.0,0.0,0.0,0.0,1.4,0.0,2.44,0.0,10.48,3.48,662.68,0.0,1.06
256938198063353,314.23,28,5.92,301.89,6.42,299.89,182.44,306.42,0.0,0.0,0.0,0.0,0.0,0.0,1.28,0.0,2.31,0.0,9.22,3.53,688.74,0.0,1.39
256938203036725,257.33,28,8.64,241.26,7.43,240.49,175.91,246.33,0.0,0.0,0.0,0.0,0.0,0.0,1.24,0.0,2.3,0.0,14.84,3.56,656.47,0.0,3.58
256938208033858,316.88,28,5.76,305.16,5.96,303.87,177.99,309.77,0.0,0.0,0.0,0.0,0.0,0.0,1.7,0.0,2.71,0.0,9.62,3.59,668.19,0.0,1.15
256938213030984,321.61,28,6.29,305.9,9.41,305.13,189.48,311.09,0.0,0.0,0.0,0.0,0.0,0.0,1.62,0.0,2.69,0.0,12.88,3.5,665.24,0.0,1.1
256938217774985,264.29,28,9.09,247.4,7.8,246.31,175.99,252.22,0.0,0.0,0.0,0.0,0.0,0.0,1.18,0.0,2.23,0.0,11.28,3.51,660.69,0.0,4.27
256938222485286,249.99,28,6.09,235.13,8.76,234.04,177.36,239.88,0.0,0.0,0.0,0.0,0.0,0.0,1.65,0.0,2.77,0.0,8.18,3.43,677.03,0.0,1.34
256938227741114,396.68,28,20.51,322.55,53.62,318.91,213.34,328.16,0.0,0.0,0.0,0.0,0.0,0.0,1.31,0.0,2.35,0.0,133.63,3.54,562.88,0.0,14.68
256938233029241,247.25,28,10.36,229.36,7.54,229.42,189.09,235.39,0.0,0.0,0.0,0.0,0.0,0.0,1.37,0.0,2.5,0.0,37.0,3.53,665.68,0.0,4.33
256938237794449,316.62,28,6.35,303.25,7.01,302.09,179.34,308.48,0.0,0.0,0.0,0.0,0.0,0.0,1.54,0.0,2.52,0.0,8.03,3.59,693.82,0.0,1.13
256938242576187,314.55,28,5.38,301.74,7.43,300.29,186.47,306.05,0.0,0.0,0.0,0.0,0.0,0.0,1.12,0.0,2.09,0.0,9.39,3.52,699.81,0.0,1.07
256938247879376,270.28,28,13.06,210.89,46.33,217.37,173.77,222.74,0.0,0.0,0.0,0.0,0.0,0.0,1.4,0.0,11.66,0.0,9.96,3.53,682.24,0.0,1.21
256938252646123,241.93,28,6.91,227.86,7.16,226.88,184.3,233.47,0.0,0.0,0.0,0.0,0.0,0.0,1.32,0.0,2.32,0.0,18.0,3.6,668.46,0.0,1.3
256938257864133,294.88,28,17.0,226.06,51.83,235.66,174.36,241.63,0.0,0.0,0.0,0.0,0.0,0.0,1.55,0.0,13.4,0.0,16.89,3.5,662.67,0.0,1.43
256938263028039,273.73,28,6.29,259.09,8.36,258.72,177.98,264.12,0.0,0.0,0.0,0.0,0.0,0.0,1.38,0.0,2.52,0.0,9.28,3.46,676.18,0.0,1.25
256938267774630,246.71,28,5.98,234.57,6.16,233.49,176.53,239.15,0.0,0.0,0.0,0.0,0.0,0.0,1.32,0.0,2.41,0.0,7.93,3.48,684.06,0.0,1.41
256938272492252,323.3,28,7.5,307.89,7.91,299.69,183.74,313.2,0.0,0.0,0.0,0.0,0.0,0.0,1.72,0.0,2.89,0.0,8.55,3.46,688.7,0.0,2.19
256938277914315,286.01,28,5.61,232.86,47.54,231.09,182.15,237.23,0.0,0.0,0.0,0.0,0.0,0.0,1.28,0.0,2.23,0.0,8.71,3.48,710.43,0.0,1.23
256938283031628,321.54,28,7.3,306.33,7.91,306.47,175.38,312.12,0.0,0.0,0.0,0.0,0.0,0.0,1.25,0.0,2.27,0.0,15.17,3.52,647.7,0.0,1.51
256938288551142,1149.97,28,5.78,537.73,606.47,462.13,171.82,542.44,0.0,0.0,0.0,0.0,0.0,0.0,1.58,0.0,2.58,0.0,8.52,3.58,658.88,0.0,1.07
256938294650211,233.02,28,6.33,219.15,7.55,218.76,174.57,224.26,0.0,0.0,0.0,0.0,0.0,0.0,1.55,0.0,2.58,0.0,10.05,3.44,669.59,0.0,1.21
256938299371860,312.74,28,7.24,298.3,7.2,298.6,190.01,304.35,0.0,0.0,0.0,0.0,0.0,0.0,1.62,0.0,2.6,0.0,10.98,3.45,686.7,0.0,1.18
256938304672745,483.35,28,6.83,407.91,68.61,405.89,226.2,413.25,0.0,0.0,0.0,0.0,0.0,0.0,1.59,0.0,2.6,0.0,14.19,3.46,707.29,0.0,1.49
256938309608860,304.48,28,17.98,279.74,6.76,291.0,177.54,296.52,0.0,0.0,0.0,0.0,0.0,0.0,1.49,0.0,2.59,0.0,25.27,17.45,647.99,0.0,1.2
256938314446374,314.96,28,6.05,301.65,7.26,298.57,180.9,306.5,0.0,0.0,0.0,0.0,0.0,0.0,1.23,0.0,2.21,0.0,9.15,3.52,692.41,0.0,1.2
256938319239691,248.53,28,6.65,234.75,7.13,234.09,191.48,239.78,0.0,0.0,0.0,0.0,0.0,0.0,1.43,0.0,2.49,0.0,24.89,3.51,671.63,0.0,1.57
256938324631305,502.96,28,6.77,445.52,50.68,444.61,236.46,450.68,0.0,0.0,0.0,0.0,0.0,0.0,1.21,0.0,2.19,0.0,17.34,3.45,704.64,0.0,1.42
256938330205924,878.84,28,20.85,814.5,43.5,731.56,242.27,819.88,0.0,0.0,0.0,0.0,0.0,0.0,1.38,0.0,2.44,0.0,29.77,3.49,689.47,0.0,14.92
256938336061290,309.78,28,5.72,296.88,7.18,295.74,181.77,301.42,0.0,0.0,0.0,0.0,0.0,0.0,1.5,0.0,2.5,0.0,9.4,3.5,708.85,0.0,1.18
256938340845046,338.35,28,6.14,325.29,6.91,323.87,179.04,330.05,0.0,0.0,0.0,0.0,0.0,0.0,1.14,0.0,2.1,0.0,12.28,3.5,687.79,0.0,1.39
256938346057920,250.47,28,5.48,236.84,8.15,235.71,174.19,241.28,0.0,0.0,0.0,0.0,0.0,0.0,1.25,0.0,2.22,0.0,9.57,3.51,674.63,0.0,1.04
256938351049248,317.99,28,7.74,301.06,9.19,300.83,180.86,307.01,0.0,0.0,0.0,0.0,0.0,0.0,1.34,0.0,2.42,0.0,17.16,3.59,666.83,0.0,1.78
256938355849445,242.71,28,5.53,229.4,7.78,227.72,177.02,233.41,0.0,0.0,0.0,0.0,0.0,0.0,1.13,0.0,2.13,0.0,10.43,3.52,677.33,0.0,1.51
256938360613057,314.71,28,5.8,302.93,5.98,302.04,177.55,307.59,0.0,0.0,0.0,0.0,0.0,0.0,1.34,0.0,2.33,0.0,8.12,3.49,685.84,0.0,1.14
256938365926498,355.61,28,6.81,296.09,52.72,295.18,179.3,301.37,0.0,0.0,0.0,0.0,0.0,0.0,1.13,0.0,2.17,0.0,9.82,3.55,669.08,0.0,1.53
256938371054570,325.19,28,7.12,310.75,7.33,310.14,176.85,316.04,0.0,0.0,0.0,0.0,0.0,0.0,1.49,0.0,2.55,0.0,9.5,3.51,667.11,0.0,1.82
256938376043595,248.61,28,6.08,234.48,8.05,233.0,183.01,239.44,0.0,0.0,0.0,0.0,0.0,0.0,1.69,0.0,2.72,0.0,8.74,3.45,682.97,0.0,1.13
256938381061028,252.78,28,6.95,238.82,7.01,239.21,179.44,244.65,0.0,0.0,0.0,0.0,0.0,0.0,1.42,0.0,2.46,0.0,12.61,3.61,675.34,0.0,1.13
256938386037856,301.19,28,6.15,288.63,6.42,288.11,180.44,293.65,0.0,0.0,0.0,0.0,0.0,0.0,1.39,0.0,2.38,0.0,9.03,3.49,679.72,0.0,1.12
256938390851180,323.65,28,7.75,308.52,7.38,308.4,180.74,314.24,0.0,0.0,0.0,0.0,0.0,0.0,1.32,0.0,2.29,0.0,22.41,3.92,669.53,0.0,2.03
256938396030668,309.42,28,6.1,296.03,7.29,294.78,185.59,300.84,0.0,0.0,0.0,0.0,0.0,0.0,1.29,0.0,2.49,0.0,9.16,3.57,693.7,0.0,1.29
256938401056091,335.13,28,5.93,320.64,8.55,319.18,194.86,325.16,0.0,0.0,0.0,0.0,0.0,0.0,1.46,0.0,2.5,0.0,12.45,3.47,680.58,0.0,1.42
256938406063993,246.2,28,5.48,232.42,8.3,230.64,175.93,236.83,0.0,0.0,0.0,0.0,0.0,0.0,1.32,0.0,2.32,0.0,8.56,3.62,661.74,0.0,1.07
256938411045405,302.86,28,6.41,288.37,8.08,287.96,182.37,293.52,0.0,0.0,0.0,0.0,0.0,0.0,1.53,0.0,2.57,0.0,10.63,3.65,687.67,0.0,1.25
256938415818570,241.28,28,8.18,225.22,7.88,223.37,175.65,229.79,0.0,0.0,0.0,0.0,0.0,0.0,1.46,0.0,2.52,0.0,13.3,3.62,657.99,0.0,3.32
256938420975767,349.36,28,6.88,308.96,33.52,308.45,175.19,313.97,0.0,0.0,0.0,0.0,0.0,0.0,1.46,0.0,2.62,0.0,9.44,3.46,674.93,0.0,1.87
256938425841411,308.83,28,5.78,295.96,7.1,295.31,187.99,300.91,0.0,0.0,0.0,0.0,0.0,0.0,1.3,0.0,2.33,0.0,10.78,3.45,680.45,0.0,0.82
256938431006351,234.5,28,6.09,222.16,6.24,221.3,196.07,226.88,0.0,0.0,0.0,0.0,0.0,0.0,1.23,0.0,2.2,0.0,23.7,3.59,663.09,0.0,1.38
256938435725972,323.16,28,5.25,309.84,8.07,305.69,179.78,313.79,0.0,0.0,0.0,0.0,0.0,0.0,1.61,0.0,2.61,0.0,8.17,3.48,679.93,0.0,1.3
256938440483910,300.62,28,6.65,286.7,7.27,286.54,196.67,292.33,0.0,0.0,0.0,0.0,0.0,0.0,1.47,0.0,2.46,0.0,22.59,3.48,685.75,0.0,1.02
256938445296144,246.36,28,6.1,233.59,6.67,232.59,173.25,238.37,0.0,0.0,0.0,0.0,0.0,0.0,1.93,0.0,2.94,0.0,8.24,3.46,670.7,0.0,1.2
256938450040884,258.84,28,6.44,244.09,8.3,243.36,178.13,249.18,0.0,0.0,0.0,0.0,0.0,0.0,1.56,0.0,2.6,0.0,9.37,3.53,669.82,0.0,1.22
256938455040143,258.98,28,10.75,240.87,7.36,229.41,181.74,246.51,0.0,0.0,0.0,0.0,0.0,0.0,1.25,0.0,2.23,0.0,16.52,3.53,664.76,0.0,4.99
256938459805559,255.15,28,7.65,240.78,6.72,239.84,185.67,245.9,0.0,0.0,0.0,0.0,0.0,0.0,1.6,0.0,2.57,0.0,15.43,3.58,689.67,0.0,2.52
256938464563089,235.89,28,5.39,220.96,9.55,218.75,176.79,224.81,0.0,0.0,0.0,0.0,0.0,0.0,1.25,0.0,2.38,0.0,9.81,3.51,677.05,0.0,1.53
256938469733622,393.86,28,6.43,329.53,57.91,328.42,214.31,334.37,0.0,0.0,0.0,0.0,0.0,0.0,1.33,0.0,2.34,0.0,12.04,3.56,666.54,0.0,1.58
256938474612511,316.81,28,38.59,269.87,8.36,296.81,202.03,302.35,0.0,0.0,0.0,0.0,0.0,0.0,1.35,0.0,2.34,0.0,42.14,31.26,666.66,0.0,6.01
256938479834282,394.91,28,7.38,336.51,51.02,336.6,178.86,342.3,0.0,0.0,0.0,0.0,0.0,0.0,1.39,0.0,2.37,0.0,11.76,3.59,672.82,0.0,1.52
256938485028874,305.7,28,12.5,285.65,7.55,291.1,165.03,297.07,0.0,0.0,0.0,0.0,0.0,0.0,1.64,0.0,11.35,0.0,8.81,3.49,678.22,0.0,1.02
256938490045156,245.14,28,15.05,221.7,8.38,229.98,186.85,235.64,0.0,0.0,0.0,0.0,0.0,0.0,1.49,0.0,12.32,0.0,17.59,3.59,674.68,0.0,1.11
256938494769553,356.03,28,15.66,333.07,7.3,340.84,184.57,347.48,0.0,0.0,0.0,0.0,0.0,0.0,1.23,0.0,10.79,0.0,24.18,3.62,676.77,0.0,1.25
256938500029955,273.95,28,9.17,257.68,7.1,256.14,181.66,262.36,0.0,0.0,0.0,0.0,0.0,0.0,1.19,0.0,2.29,0.0,16.21,3.44,661.51,0.0,4.49
256938505036024,317.97,28,5.47,306.43,6.06,304.41,174.65,310.81,0.0,0.0,0.0,0.0,0.0,0.0,1.39,0.0,2.39,0.0,9.51,3.59,670.63,0.0,1.1
256938510032698,260.51,28,6.94,245.4,8.17,245.99,177.09,251.22,0.0,0.0,0.0,0.0,0.0,0.0,1.19,0.0,2.43,0.0,15.45,3.6,677.14,0.0,1.12
256938514777042,314.36,28,6.29,301.82,6.24,300.95,178.46,307.09,0.0,0.0,0.0,0.0,0.0,0.0,1.66,0.0,2.66,0.0,8.92,3.47,688.74,0.0,1.03
256938519528474,243.25,28,5.99,230.35,6.9,229.81,174.6,235.22,0.0,0.0,0.0,0.0,0.0,0.0,1.31,0.0,2.32,0.0,10.36,3.52,663.01,0.0,1.12
256938524780282,403.51,28,7.45,339.63,56.43,339.16,252.73,344.8,0.0,0.0,0.0,0.0,0.0,0.0,1.29,0.0,2.26,0.0,79.48,3.58,668.49,0.0,2.28
256938529678141,310.49,28,6.28,296.57,7.64,295.12,176.21,301.31,0.0,0.0,0.0,0.0,0.0,0.0,1.49,0.0,2.5,0.0,12.63,3.53,667.42,0.0,1.45
256938534456891,308.14,28,7.15,292.69,8.31,292.04,173.68,297.79,0.0,0.0,0.0,0.0,0.0,0.0,1.14,0.0,2.13,0.0,10.41,3.59,659.89,0.0,2.04
256938539269741,313.46,28,6.31,299.98,7.18,298.42,172.78,304.9,0.0,0.0,0.0,0.0,0.0,0.0,1.72,0.0,2.86,0.0,9.02,3.45,668.16,0.0,1.38
256938544080826,309.72,28,5.46,297.67,6.6,295.77,179.09,301.91,0.0,0.0,0.0,0.0,0.0,0.0,1.16,0.0,2.14,0.0,8.21,3.48,695.04,0.0,1.22
256938548919837,248.84,28,4.98,235.37,8.49,233.2,182.68,239.03,0.0,0.0,0.0,0.0,0.0,0.0,1.19,0.0,2.17,0.0,9.0,3.59,678.18,0.0,1.32
256938553648068,252.04,28,5.79,237.19,9.06,234.17,181.65,241.82,0.0,0.0,0.0,0.0,0.0,0.0,1.22,0.0,2.21,0.0,8.27,3.42,693.26,0.0,1.16
256938558419364,312.44,28,5.84,298.02,8.58,296.46,179.03,302.61,0.0,0.0,0.0,0.0,0.0,0.0,1.45,0.0,2.48,0.0,11.02,3.46,666.17,0.0,1.09
256938563850582,363.58,28,5.93,302.42,55.23,301.47,182.91,306.96,0.0,0.0,0.0,0.0,0.0,0.0,1.11,0.0,2.1,0.0,9.61,3.46,692.46,0.0,1.25
256938568734238,326.91,28,5.27,314.31,7.32,312.0,186.55,318.14,0.0,0.0,0.0,0.0,0.0,0.0,1.1,0.0,2.1,0.0,8.45,3.46,690.25,0.0,1.44
256938573500694,246.35,28,6.96,231.07,8.31,229.17,178.5,235.71,0.0,0.0,0.0,0.0,0.0,0.0,1.44,0.0,2.41,0.0,11.35,3.44,663.35,0.0,2.33
256938578284569,261.57,28,10.65,244.2,6.72,243.37,186.26,249.94,0.0,0.0,0.0,0.0,0.0,0.0,1.28,0.0,2.24,0.0,14.42,3.5,681.33,0.0,4.91
256938583102845,303.58,28,6.19,289.75,7.64,288.38,174.86,294.32,0.0,0.0,0.0,0.0,0.0,0.0,1.45,0.0,2.46,0.0,8.64,3.54,674.03,0.0,1.62
256938588040287,309.78,28,6.08,296.07,7.63,294.67,183.69,300.81,0.0,0.0,0.0,0.0,0.0,0.0,1.69,0.0,2.72,0.0,10.06,3.52,697.84,0.0,1.29
256938593424728,649.89,28,4.56,580.68,64.65,578.67,217.75,584.44,0.0,0.0,0.0,0.0,0.0,0.0,1.28,0.0,2.31,0.0,8.3,3.51,716.04,0.0,0.8
256938598570982,229.09,28,6.13,216.86,6.1,215.25,172.47,221.75,0.0,0.0,0.0,0.0,0.0,0.0,1.48,0.0,2.48,0.0,9.56,3.5,658.79,0.0,1.21
256938603974406,265.59,28,7.88,222.82,34.88,222.87,177.67,228.6,0.0,0.0,0.0,0.0,0.0,0.0,1.58,0.0,2.73,0.0,14.52,3.55,660.03,0.0,1.97
256938608782569,253.69,28,5.97,240.53,7.19,239.38,174.28,245.38,0.0,0.0,0.0,0.0,0.0,0.0,1.58,0.0,2.56,0.0,8.81,3.44,687.03,0.0,1.12
256938614029694,301.14,28,5.55,288.33,7.25,287.14,177.24,292.7,0.0,0.0,0.0,0.0,0.0,0.0,1.25,0.0,2.28,0.0,9.3,3.57,675.74,0.0,1.19
256938619076834,325.08,28,5.79,311.5,7.79,309.49,186.25,316.14,0.0,0.0,0.0,0.0,0.0,0.0,1.23,0.0,2.23,0.0,8.41,3.37,704.33,0.0,1.15
256938624035404,308.2,28,6.37,294.13,7.7,293.03,184.09,299.22,0.0,0.0,0.0,0.0,0.0,0.0,1.56,0.0,2.7,0.0,10.27,3.64,681.72,0.0,1.28
256938628887287,250.77,28,7.37,235.9,7.51,235.33,181.92,240.93,0.0,0.0,0.0,0.0,0.0,0.0,1.37,0.0,2.5,0.0,12.27,3.54,678.73,0.0,2.33
256938634042005,348.84,28,6.09,334.1,8.65,333.26,181.82,338.9,0.0,0.0,0.0,0.0,0.0,0.0,1.3,0.0,2.29,0.0,13.98,3.58,675.56,0.0,1.29
256938638915151,312.21,28,5.61,299.15,7.45,298.12,178.92,303.59,0.0,0.0,0.0,0.0,0.0,0.0,1.46,0.0,2.48,0.0,7.82,3.58,680.62,0.0,1.17
256938643691017,239.32,28,6.23,225.62,7.47,224.15,183.54,230.74,0.0,0.0,0.0,0.0,0.0,0.0,1.41,0.0,2.38,0.0,11.19,3.48,699.76,0.0,1.11
256938648403091,258.86,28,6.52,245.21,7.13,244.91,183.17,250.48,0.0,0.0,0.0,0.0,0.0,0.0,1.84,0.0,2.85,0.0,10.64,3.48,682.8,0.0,1.25
256938653762712,358.69,28,6.14,303.54,49.01,302.58,176.09,308.31,0.0,0.0,0.0,0.0,0.0,0.0,1.22,0.0,2.28,0.0,9.68,3.54,679.46,0.0,1.33
256938659026409,241.83,28,7.28,226.83,7.72,225.91,184.77,232.09,0.0,0.0,0.0,0.0,0.0,0.0,1.54,0.0,2.57,0.0,9.16,3.42,687.54,0.0,2.02
256938663756710,324.72,28,10.67,305.16,8.89,304.06,182.08,310.76,0.0,0.0,0.0,0.0,0.0,0.0,1.12,0.0,2.09,0.0,10.69,3.56,672.12,0.0,5.07
256938669017415,317.62,28,10.05,300.88,6.69,300.54,183.55,306.54,0.0,0.0,0.0,0.0,0.0,0.0,1.26,0.0,2.33,0.0,16.82,3.53,667.21,0.0,4.39
256938674042996,263.65,28,6.28,249.5,7.87,248.57,181.73,254.33,0.0,0.0,0.0,0.0,0.0,0.0,1.29,0.0,2.32,0.0,8.74,3.54,674.25,0.0,1.45
256938679031101,308.39,28,6.42,293.68,8.29,292.37,175.96,298.32,0.0,0.0,0.0,0.0,0.0,0.0,1.15,0.0,2.19,0.0,9.18,3.52,677.3,0.0,1.78
256938683806384,257.3,28,6.77,242.02,8.52,241.46,180.22,247.34,0.0,0.0,0.0,0.0,0.0,0.0,1.63,0.0,2.6,0.0,9.31,3.46,659.36,0.0,1.45
256938689000007,731.57,28,6.35,712.7,12.51,640.33,209.71,717.42,0.0,0.0,0.0,0.0,0.0,0.0,1.44,0.0,2.65,0.0,7.84,3.47,682.5,0.0,1.63
256938694707033,250.79,28,6.17,236.9,7.72,236.45,178.13,241.9,0.0,0.0,0.0,0.0,0.0,0.0,1.34,0.0,2.34,0.0,9.11,3.48,690.1,0.0,1.18
256938700035738,237.3,28,8.1,221.95,7.24,221.0,177.03,227.56,0.0,0.0,0.0,0.0,0.0,0.0,1.71,0.0,2.71,0.0,11.82,3.51,668.18,0.0,2.5
256938705033727,239.3,28,5.16,227.08,7.06,225.3,174.97,231.29,0.0,0.0,0.0,0.0,0.0,0.0,1.31,0.0,2.32,0.0,8.9,3.42,675.32,0.0,0.95
256938710036338,314.88,28,9.54,298.04,7.29,297.59,183.65,303.28,0.0,0.0,0.0,0.0,0.0,0.0,1.45,0.0,2.49,0.0,9.23,3.5,660.47,0.0,4.31
256938714919807,230.3,28,6.12,216.82,7.36,214.69,181.26,221.42,0.0,0.0,0.0,0.0,0.0,0.0,1.14,0.0,2.12,0.0,8.41,3.54,687.19,0.0,1.52
256938720120747,310.93,28,7.61,295.85,7.47,296.66,185.69,302.13,0.0,0.0,0.0,0.0,0.0,0.0,2.04,0.0,3.09,0.0,21.64,3.54,673.94,0.0,1.33
256938725050717,330.3,28,5.8,316.72,7.77,315.05,178.65,320.8,0.0,0.0,0.0,0.0,0.0,0.0,1.29,0.0,2.42,0.0,8.66,3.52,687.07,0.0,1.26
256938729922043,271.1,28,5.39,258.91,6.8,257.29,185.98,263.02,0.0,0.0,0.0,0.0,0.0,0.0,1.1,0.0,2.1,0.0,8.84,3.44,686.07,0.0,1.27
256938736362568,1370.23,28,30.82,1307.33,32.08,1060.52,196.64,1315.37,0.0,0.0,0.0,0.0,0.0,0.0,3.03,0.0,5.11,0.0,24.95,4.03,707.99,0.0,22.47
256938743774748,939.36,28,6.89,853.82,78.65,661.6,265.06,859.02,0.0,0.0,0.0,0.0,0.0,0.0,1.25,0.0,2.28,0.0,14.33,3.55,709.92,0.0,1.69
256938750005345,1005.82,28,134.68,845.09,26.05,917.37,255.68,978.4,0.0,0.0,0.0,0.0,0.0,0.0,128.75,0.0,129.76,0.0,18.91,3.56,674.51,0.0,1.36
256938756012182,252.04,28,6.32,236.43,9.29,234.6,181.32,241.23,0.0,0.0,0.0,0.0,0.0,0.0,1.31,0.0,2.46,0.0,11.66,3.56,672.92,0.0,1.52
256938761039809,239.26,28,7.13,223.96,8.17,223.32,175.93,229.29,0.0,0.0,0.0,0.0,0.0,0.0,1.5,0.0,2.46,0.0,12.77,3.57,659.32,0.0,1.8
256938765729262,230.02,28,5.88,217.49,6.66,216.28,173.99,222.12,0.0,0.0,0.0,0.0,0.0,0.0,1.3,0.0,2.44,0.0,9.77,3.56,677.25,0.0,1.24
256938771024349,313.47,28,5.38,301.78,6.31,300.56,181.59,306.34,0.0,0.0,0.0,0.0,0.0,0.0,1.4,0.0,2.43,0.0,8.41,3.42,681.67,0.0,0.82
256938775828771,315.61,28,6.79,300.45,8.37,297.84,176.66,305.3,0.0,0.0,0.0,0.0,0.0,0.0,1.42,0.0,2.38,0.0,10.98,3.48,671.03,0.0,1.9
256938781148640,357.01,28,12.88,293.48,50.65,293.09,193.12,299.35,0.0,0.0,0.0,0.0,0.0,0.0,1.16,0.0,2.41,0.0,21.84,3.54,679.5,0.0,6.92
256938786078297,310.6,28,7.88,294.83,7.89,294.01,190.41,299.81,0.0,0.0,0.0,0.0,0.0,0.0,1.14,0.0,2.12,0.0,24.44,3.47,666.21,0.0,2.84
256938791098679,257.4,28,9.09,239.82,8.49,238.4,175.1,244.74,0.0,0.0,0.0,0.0,0.0,0.0,1.23,0.0,2.17,0.0,13.77,3.46,658.75,0.0,4.12
256938795840562,1093.16,28,6.03,486.36,600.77,406.75,164.44,491.35,0.0,0.0,0.0,0.0,0.0,0.0,2.09,0.0,3.03,0.0,8.2,3.55,641.33,0.0,1.04
256938802049762,317.57,28,5.94,304.57,7.07,302.19,175.74,309.42,0.0,0.0,0.0,0.0,0.0,0.0,1.55,0.0,2.54,0.0,9.1,3.48,680.05,0.0,1.09
256938807052371,259.36,28,6.02,245.78,7.56,243.81,181.37,250.43,0.0,0.0,0.0,0.0,0.0,0.0,1.24,0.0,2.28,0.0,9.21,3.52,698.59,0.0,1.36
256938812647936,792.88,28,5.82,728.29,58.77,639.24,244.26,732.97,0.0,0.0,0.0,0.0,0.0,0.0,1.39,0.0,2.38,0.0,68.13,3.54,755.0,0.0,1.14
256938819033102,326.13,28,6.28,311.25,8.61,310.01,180.79,316.15,0.0,0.0,0.0,0.0,0.0,0.0,1.36,0.0,2.4,0.0,8.22,3.41,670.34,0.0,1.37
256938824031878,306.65,28,6.05,293.16,7.45,291.1,178.26,297.92,0.0,0.0,0.0,0.0,0.0,0.0,1.23,0.0,2.24,0.0,16.7,3.5,677.27,0.0,1.29
256938828837521,311.43,28,6.53,297.87,7.03,297.17,173.35,303.17,0.0,0.0,0.0,0.0,0.0,0.0,1.13,0.0,2.09,0.0,14.27,3.48,657.12,0.0,1.23
256938834037178,245.1,28,6.66,229.97,8.48,229.1,176.41,235.08,0.0,0.0,0.0,0.0,0.0,0.0,1.68,0.0,2.69,0.0,8.5,3.48,672.5,0.0,1.54
256938838822029,310.34,28,8.96,294.49,6.89,292.83,200.22,299.53,0.0,0.0,0.0,0.0,0.0,0.0,1.24,0.0,2.25,0.0,19.47,3.65,696.64,0.0,3.82
256938844028021,239.19,28,6.9,224.43,7.85,223.92,183.85,229.71,0.0,0.0,0.0,0.0,0.0,0.0,1.47,0.0,2.49,0.0,14.7,3.56,676.63,0.0,1.62
256938848774143,318.83,28,6.41,305.45,6.97,304.84,183.65,310.72,0.0,0.0,0.0,0.0,0.0,0.0,1.47,0.0,2.5,0.0,13.39,3.52,679.56,0.0,1.13
256938854024092,258.26,28,5.89,245.16,7.21,243.55,181.26,249.98,0.0,0.0,0.0,0.0,0.0,0.0,1.76,0.0,2.76,0.0,8.44,3.57,685.93,0.0,1.07
256938859055450,247.87,28,6.42,234.35,7.09,233.96,181.99,239.59,0.0,0.0,0.0,0.0,0.0,0.0,1.52,0.0,2.52,0.0,9.14,3.51,677.96,0.0,1.19
256938863802564,318.54,28,6.09,304.81,7.65,304.03,178.24,309.63,0.0,0.0,0.0,0.0,0.0,0.0,1.22,0.0,2.22,0.0,9.44,3.47,673.56,0.0,1.26
256938869029745,734.63,28,6.93,718.76,8.94,634.98,234.48,723.81,0.0,0.0,0.0,0.0,0.0,0.0,1.79,0.0,2.8,0.0,13.02,3.54,671.87,0.0,1.88
256938875037105,317.7,28,9.92,299.51,8.27,299.09,185.19,305.12,0.0,0.0,0.0,0.0,0.0,0.0,1.36,0.0,2.37,0.0,14.97,3.58,684.86,0.0,4.32
256938879816381,319.37,28,6.3,303.21,9.85,302.67,194.12,308.19,0.0,0.0,0.0,0.0,0.0,0.0,1.82,0.0,2.82,0.0,27.73,3.58,682.03,0.0,1.33
256938885028696,307.87,28,6.28,293.8,7.8,292.79,177.4,298.51,0.0,0.0,0.0,0.0,0.0,0.0,1.25,0.0,2.25,0.0,9.86,3.59,668.86,0.0,1.56
256938890059274,243.98,28,6.07,229.38,8.53,228.01,183.51,234.13,0.0,0.0,0.0,0.0,0.0,0.0,1.57,0.0,2.54,0.0,8.7,3.44,687.5,0.0,1.32
256938895048454,313.24,28,6.02,300.53,6.68,297.89,177.41,305.54,0.0,0.0,0.0,0.0,0.0,0.0,1.37,0.0,2.41,0.0,10.5,3.47,659.47,0.0,1.02
256938900048814,305.06,28,5.66,292.51,6.89,291.21,176.21,296.95,0.0,0.0,0.0,0.0,0.0,0.0,1.32,0.0,2.38,0.0,9.06,3.55,679.94,0.0,1.22
256938904944911,313.4,28,6.91,298.76,7.72,298.59,181.15,304.07,0.0,0.0,0.0,0.0,0.0,0.0,1.41,0.0,2.44,0.0,11.51,3.46,678.44,0.0,1.6
256938910275036,1004.27,28,200.56,749.04,54.68,658.24,236.78,754.49,0.0,0.0,0.0,0.0,0.0,0.0,1.2,0.0,2.17,0.0,18.29,3.62,674.59,0.0,194.76
256938916740659,415.17,28,6.24,355.44,53.49,353.32,208.52,359.72,0.0,0.0,0.0,0.0,0.0,0.0,1.26,0.0,2.28,0.0,7.94,3.48,696.17,0.0,1.96
256938922023233,248.04,28,5.62,236.13,6.3,234.53,174.22,240.53,0.0,0.0,0.0,0.0,0.0,0.0,1.15,0.0,2.23,0.0,10.37,3.76,663.26,0.0,1.21
256938927052878,255.1,28,5.53,242.91,6.66,241.43,183.53,247.37,0.0,0.0,0.0,0.0,0.0,0.0,1.31,0.0,2.37,0.0,11.39,3.63,699.99,0.0,1.07
256938932039372,310.88,28,6.35,296.59,7.95,296.0,184.03,301.55,0.0,0.0,0.0,0.0,0.0,0.0,1.33,0.0,2.31,0.0,8.06,3.47,692.41,0.0,1.38
256938937032623,252.47,28,6.28,238.84,7.35,236.97,181.96,243.69,0.0,0.0,0.0,0.0,0.0,0.0,1.52,0.0,2.63,0.0,8.25,3.46,687.28,0.0,1.43
256938941810241,313.0,28,7.42,298.32,7.26,297.44,184.82,303.84,0.0,0.0,0.0,0.0,0.0,0.0,1.44,0.0,2.62,0.0,11.43,3.52,702.28,0.0,1.9
256938946639591,310.32,28,39.02,263.93,7.37,296.29,214.85,301.7,0.0,0.0,0.0,0.0,0.0,0.0,1.32,0.0,2.29,0.0,67.81,61.94,696.72,0.0,1.26
256938951455203,602.24,28,6.74,587.24,8.26,585.93,209.78,592.08,0.0,0.0,0.0,0.0,0.0,0.0,1.19,0.0,2.17,0.0,8.66,3.57,692.32,0.0,1.9
256938956609087,302.03,28,4.86,290.66,6.51,287.46,182.64,294.44,0.0,0.0,0.0,0.0,0.0,0.0,1.24,0.0,2.2,0.0,8.12,3.49,672.72,0.0,1.08
256938961872542,299.41,28,6.51,245.95,46.96,243.11,181.14,250.87,0.0,0.0,0.0,0.0,0.0,0.0,1.57,0.0,2.61,0.0,11.94,3.56,644.08,0.0,1.59
256938966706009,251.02,28,6.07,238.06,6.9,236.91,182.84,243.15,0.0,0.0,0.0,0.0,0.0,0.0,1.75,0.0,2.74,0.0,11.55,3.52,681.03,0.0,0.97
256938972026059,315.16,28,6.91,300.49,7.76,299.87,174.89,305.63,0.0,0.0,0.0,0.0,0.0,0.0,1.61,0.0,2.68,0.0,14.41,3.73,660.6,0.0,1.71
256938977032255,316.4,28,4.89,304.5,7.0,301.54,179.23,308.06,0.0,0.0,0.0,0.0,0.0,0.0,1.27,0.0,2.24,0.0,8.73,3.56,685.64,0.0,1.18
256938981829847,252.97,28,6.68,239.74,6.55,238.13,183.69,245.26,0.0,0.0,0.0,0.0,0.0,0.0,1.38,0.0,2.34,0.0,14.38,3.48,693.29,0.0,1.16
256938986609993,310.35,28,7.04,295.28,8.03,294.47,174.61,300.88,0.0,0.0,0.0,0.0,0.0,0.0,1.57,0.0,2.55,0.0,12.33,3.51,644.98,0.0,1.35
256938992027823,805.65,28,127.3,624.27,54.08,662.1,392.48,749.75,0.0,0.0,0.0,0.0,0.0,0.0,1.41,0.0,2.53,0.0,145.78,123.75,708.06,0.0,1.8
256938998006360,232.62,28,6.76,218.01,7.84,217.31,177.13,223.15,0.0,0.0,0.0,0.0,0.0,0.0,1.44,0.0,2.5,0.0,9.72,3.58,672.89,0.0,1.63
256939003039509,243.08,28,6.91,228.52,7.65,227.99,177.19,233.81,0.0,0.0,0.0,0.0,0.0,0.0,1.6,0.0,2.61,0.0,16.8,3.5,654.88,0.0,1.62
256939007797800,252.82,28,6.73,239.32,6.77,239.0,179.36,244.84,0.0,0.0,0.0,0.0,0.0,0.0,1.72,0.0,2.74,0.0,9.38,3.58,685.64,0.0,1.22
256939012977892,744.79,28,7.53,705.03,32.23,656.61,250.5,710.6,0.0,0.0,0.0,0.0,0.0,0.0,1.72,0.0,2.93,0.0,19.08,3.51,694.79,0.0,1.96
256939019035518,238.11,28,16.81,213.73,7.57,221.39,169.54,229.21,0.0,0.0,0.0,0.0,0.0,0.0,13.31,0.0,14.42,0.0,12.46,3.6,668.31,0.0,1.33
256939024030708,260.33,28,19.79,233.29,7.26,240.85,179.0,247.94,0.0,0.0,0.0,0.0,0.0,0.0,1.49,0.0,12.87,0.0,14.85,3.48,666.42,0.0,5.09
256939029042591,745.32,28,86.42,649.5,9.39,636.76,261.1,734.26,0.0,0.0,0.0,0.0,0.0,0.0,4.81,0.0,82.99,0.0,13.25,3.57,693.81,0.0,1.54
256939034948009,761.59,28,7.27,692.72,61.61,644.68,228.6,698.34,0.0,0.0,0.0,0.0,0.0,0.0,1.29,0.0,2.52,0.0,20.27,3.8,685.99,0.0,1.64
256939041020270,261.47,28,6.13,246.98,8.36,243.21,190.04,252.12,0.0,0.0,0.0,0.0,0.0,0.0,1.64,0.0,2.67,0.0,27.74,3.5,679.75,0.0,1.0
256939046030987,310.35,28,6.33,295.74,8.28,294.15,176.32,300.38,0.0,0.0,0.0,0.0,0.0,0.0,1.28,0.0,2.33,0.0,8.28,3.42,668.36,0.0,1.68
256939050868839,355.08,28,6.24,341.31,7.53,339.46,183.28,346.12,0.0,0.0,0.0,0.0,0.0,0.0,1.41,0.0,2.42,0.0,15.29,3.51,677.19,0.0,1.43
256939055724849,246.5,28,6.5,232.89,7.12,223.26,179.82,238.04,0.0,0.0,0.0,0.0,0.0,0.0,1.46,0.0,2.44,0.0,10.33,3.63,662.18,0.0,1.34
256939061116871,239.3,28,6.92,225.59,6.78,223.59,198.89,231.2,0.0,0.0,0.0,0.0,0.0,0.0,1.1,0.0,2.07,0.0,31.73,3.54,669.89,0.0,1.31
256939066047621,356.36,28,7.74,341.67,6.95,340.45,186.66,347.48,0.0,0.0,0.0,0.0,0.0,0.0,1.54,0.0,2.5,0.0,25.25,3.53,681.34,0.0,1.94
256939070942751,319.62,28,5.97,306.03,7.62,303.63,179.68,310.6,0.0,0.0,0.0,0.0,0.0,0.0,1.32,0.0,2.3,0.0,9.9,3.52,684.88,0.0,1.4
256939076041934,313.76,28,6.79,298.64,8.32,297.88,185.55,304.32,0.0,0.0,0.0,0.0,0.0,0.0,1.35,0.0,2.42,0.0,12.6,3.58,690.68,0.0,1.12
256939081061512,239.6,28,6.64,225.47,7.49,224.12,180.3,230.76,0.0,0.0,0.0,0.0,0.0,0.0,1.42,0.0,2.55,0.0,11.17,3.54,674.68,0.0,1.35
256939086075912,310.13,28,6.23,297.26,6.64,295.36,171.54,302.25,0.0,0.0,0.0,0.0,0.0,0.0,1.47,0.0,2.44,0.0,9.91,3.51,671.16,0.0,1.24
256939091050851,261.74,28,6.75,247.98,7.01,247.42,180.72,253.25,0.0,0.0,0.0,0.0,0.0,0.0,1.62,0.0,2.67,0.0,16.22,3.57,667.88,0.0,1.48
256939096041268,245.55,28,6.84,231.14,7.56,230.71,175.58,236.44,0.0,0.0,0.0,0.0,0.0,0.0,1.59,0.0,2.64,0.0,9.03,3.45,674.57,0.0,1.52
256939100899337,317.45,28,5.4,304.78,7.26,302.93,172.03,309.02,0.0,0.0,0.0,0.0,0.0,0.0,1.22,0.0,2.15,0.0,10.63,3.64,656.87,0.0,1.17
256939106063994,312.63,28,6.04,298.88,7.71,297.85,182.42,303.48,0.0,0.0,0.0,0.0,0.0,0.0,1.16,0.0,2.13,0.0,9.84,3.53,679.33,0.0,1.44
256939110935532,318.14,28,5.48,305.55,7.11,301.27,172.09,309.8,0.0,0.0,0.0,0.0,0.0,0.0,1.28,0.0,2.24,0.0,8.05,3.57,654.4,0.0,1.23
256939115734702,238.47,28,7.83,222.51,8.13,220.01,174.34,226.78,0.0,0.0,0.0,0.0,0.0,0.0,1.31,0.0,2.28,0.0,9.35,3.46,677.29,0.0,3.21
256939121158778,896.12,28,250.06,594.67,51.39,589.95,229.0,600.4,0.0,0.0,0.0,0.0,0.0,0.0,1.34,0.0,2.36,0.0,16.86,3.5,701.12,0.0,244.2
256939127033345,245.55,28,9.8,227.92,7.84,227.34,186.21,232.97,0.0,0.0,0.0,0.0,0.0,0.0,1.25,0.0,2.27,0.0,20.86,3.48,670.59,0.0,4.74
256939131760768,233.85,28,5.73,220.22,7.9,218.41,178.62,224.72,0.0,0.0,0.0,0.0,0.0,0.0,1.38,0.0,2.32,0.0,8.74,3.42,685.7,0.0,1.23
256939137025355,235.16,28,6.47,221.87,6.82,220.87,181.69,227.26,0.0,0.0,0.0,0.0,0.0,0.0,1.61,0.0,2.68,0.0,9.48,3.58,688.62,0.0,1.07
256939142052886,318.0,28,6.02,305.04,6.94,304.51,177.67,310.09,0.0,0.0,0.0,0.0,0.0,0.0,1.5,0.0,2.49,0.0,11.88,3.58,687.15,0.0,0.98
256939147075886,262.1,28,6.49,248.39,7.22,248.02,176.03,253.67,0.0,0.0,0.0,0.0,0.0,0.0,1.61,0.0,2.56,0.0,9.95,3.47,685.18,0.0,1.21
256939152057436,249.15,28,6.19,235.14,7.83,234.43,181.08,240.09,0.0,0.0,0.0,0.0,0.0,0.0,1.62,0.0,2.63,0.0,11.66,3.55,683.66,0.0,1.24
256939157038254,309.03,28,5.64,294.78,8.62,293.5,175.01,299.07,0.0,0.0,0.0,0.0,0.0,0.0,1.37,0.0,2.34,0.0,8.67,3.52,680.27,0.0,1.35
256939161849411,249.27,28,6.76,235.65,6.86,235.14,176.81,240.81,0.0,0.0,0.0,0.0,0.0,0.0,1.51,0.0,2.54,0.0,10.0,3.5,663.65,0.0,1.6
256939167025648,254.58,28,7.17,238.78,8.63,238.77,177.83,244.34,0.0,0.0,0.0,0.0,0.0,0.0,1.95,0.0,2.99,0.0,18.5,3.52,660.83,0.0,1.62
256939172238104,363.64,28,7.05,306.87,49.73,306.02,185.62,312.45,0.0,0.0,0.0,0.0,0.0,0.0,1.31,0.0,2.38,0.0,27.69,3.61,677.76,0.0,1.46
256939177661642,479.48,28,7.88,416.76,54.84,416.53,253.27,422.94,0.0,0.0,0.0,0.0,0.0,0.0,1.82,0.0,2.78,0.0,18.28,3.64,718.1,0.0,1.69
256939182596303,309.13,28,5.41,295.95,7.77,294.06,180.75,300.27,0.0,0.0,0.0,0.0,0.0,0.0,1.3,0.0,2.27,0.0,8.2,3.5,679.16,0.0,1.09
256939187864288,306.05,28,6.96,247.17,51.92,246.21,183.04,252.2,0.0,0.0,0.0,0.0,0.0,0.0,1.15,0.0,2.09,0.0,11.44,3.49,653.76,0.0,1.93
256939193030177,297.83,28,5.45,284.91,7.46,283.71,177.43,289.13,0.0,0.0,0.0,0.0,0.0,0.0,1.31,0.0,2.35,0.0,8.54,3.57,660.68,0.0,1.24
256939197900786,320.74,28,9.92,302.8,8.01,302.46,175.59,308.24,0.0,0.0,0.0,0.0,0.0,0.0,1.66,0.0,2.8,0.0,10.17,3.46,662.31,0.0,4.49
256939202683801,323.98,28,6.23,308.59,9.17,306.92,176.42,313.12,0.0,0.0,0.0,0.0,0.0,0.0,1.45,0.0,2.39,0.0,8.39,3.46,680.56,0.0,1.69
256939207536780,269.88,28,5.79,256.61,7.48,255.84,175.56,261.41,0.0,0.0,0.0,0.0,0.0,0.0,1.31,0.0,2.3,0.0,9.95,3.57,675.25,0.0,0.99
256939212865417,304.52,28,5.83,247.78,50.91,246.55,179.51,252.31,0.0,0.0,0.0,0.0,0.0,0.0,1.39,0.0,2.38,0.0,8.55,3.57,656.97,0.0,1.11
256939218027796,736.23,28,6.34,716.61,13.28,649.02,229.82,721.28,0.0,0.0,0.0,0.0,0.0,0.0,1.28,0.0,2.24,0.0,8.45,3.58,709.35,0.0,1.67
256939224006121,316.02,28,6.02,302.12,7.87,285.19,180.82,307.07,0.0,0.0,0.0,0.0,0.0,0.0,2.09,0.0,3.22,0.0,13.52,3.62,684.04,0.0,1.06
256939229038103,305.15,28,6.54,291.4,7.21,290.57,172.28,296.75,0.0,0.0,0.0,0.0,0.0,0.0,1.46,0.0,2.52,0.0,10.13,3.59,656.08,0.0,1.18
256939234051274,308.77,28,6.21,294.76,7.81,292.31,171.51,299.89,0.0,0.0,0.0,0.0,0.0,0.0,1.52,0.0,2.73,0.0,42.67,3.53,666.27,0.0,1.08
256939238872611,240.38,28,6.36,227.31,6.71,226.06,186.94,232.49,0.0,0.0,0.0,0.0,0.0,0.0,1.81,0.0,2.95,0.0,9.37,3.48,687.13,0.0,1.18
256939243607125,249.9,28,7.81,235.25,6.85,234.97,188.77,240.78,0.0,0.0,0.0,0.0,0.0,0.0,1.21,0.0,2.34,0.0,9.27,3.53,688.71,0.0,2.28
256939248991620,247.6,28,18.6,208.91,20.09,217.36,180.73,223.27,0.0,0.0,0.0,0.0,0.0,0.0,1.59,0.0,13.48,0.0,17.66,3.59,672.12,0.0,4.25
256939253762012,313.67,28,7.09,300.41,6.17,299.98,182.1,306.24,0.0,0.0,0.0,0.0,0.0,0.0,1.19,0.0,2.33,0.0,14.66,3.5,680.5,0.0,1.26
256939259012622,251.21,28,15.16,228.96,7.09,236.82,191.28,242.91,0.0,0.0,0.0,0.0,0.0,0.0,1.26,0.0,11.33,0.0,18.46,3.53,671.1,0.0,1.22
256939264035086,256.16,28,7.36,240.32,8.47,240.9,183.24,246.58,0.0,0.0,0.0,0.0,0.0,0.0,1.6,0.0,2.65,0.0,25.39,3.62,640.21,0.0,1.1
256939269033736,313.09,28,6.87,297.51,8.71,296.73,177.71,302.96,0.0,0.0,0.0,0.0,0.0,0.0,1.44,0.0,2.49,0.0,10.47,3.56,668.24,0.0,1.43
256939274042355,311.99,28,5.75,297.54,8.69,296.39,180.42,302.23,0.0,0.0,0.0,0.0,0.0,0.0,1.47,0.0,2.51,0.0,9.31,3.51,691.02,0.0,1.06
256939278841855,321.87,28,6.02,308.64,7.21,308.25,178.58,313.75,0.0,0.0,0.0,0.0,0.0,0.0,1.87,0.0,3.11,0.0,8.62,3.43,686.27,0.0,0.91
256939284033426,343.23,28,6.1,328.64,8.5,326.88,181.57,333.63,0.0,0.0,0.0,0.0,0.0,0.0,1.45,0.0,2.55,0.0,8.89,3.46,700.7,0.0,1.11
256939289052287,310.31,28,5.92,298.01,6.39,296.91,186.03,302.75,0.0,0.0,0.0,0.0,0.0,0.0,1.37,0.0,2.46,0.0,9.29,3.55,691.96,0.0,1.18
256939294038927,307.26,28,6.82,293.58,6.86,292.38,172.57,299.14,0.0,0.0,0.0,0.0,0.0,0.0,1.34,0.0,2.67,0.0,10.71,3.63,660.36,0.0,1.25
256939299043626,327.7,28,7.26,301.53,18.91,301.47,180.5,307.54,0.0,0.0,0.0,0.0,0.0,0.0,1.72,0.0,2.72,0.0,20.75,3.73,669.09,0.0,1.25
256939304087458,305.83,28,5.91,293.35,6.58,291.88,177.96,298.21,0.0,0.0,0.0,0.0,0.0,0.0,1.66,0.0,2.64,0.0,8.89,3.69,670.68,0.0,1.04
256939309062208,436.62,28,5.57,320.16,110.89,318.03,171.13,324.57,0.0,0.0,0.0,0.0,0.0,0.0,1.45,0.0,2.42,0.0,8.68,3.57,656.69,0.0,1.15
256939314073309,248.43,28,6.57,233.43,8.43,232.85,179.89,238.56,0.0,0.0,0.0,0.0,0.0,0.0,1.44,0.0,2.86,0.0,10.33,3.63,670.66,0.0,1.32
256939319036290,269.25,28,6.27,255.39,7.58,254.74,179.24,260.5,0.0,0.0,0.0,0.0,0.0,0.0,1.36,0.0,2.47,0.0,10.65,3.6,689.31,0.0,1.16
256939323767916,345.0,28,5.71,331.79,7.5,328.5,182.05,336.68,0.0,0.0,0.0,0.0,0.0,0.0,1.38,0.0,2.35,0.0,12.34,3.48,677.83,0.0,0.82
256939329055953,788.57,28,6.36,771.53,10.68,665.78,210.22,776.42,0.0,0.0,0.0,0.0,0.0,0.0,1.55,0.0,2.64,0.0,8.03,3.47,643.52,0.0,1.47
256939334483273,249.11,28,7.15,232.93,9.03,232.21,184.07,238.38,0.0,0.0,0.0,0.0,0.0,0.0,1.26,0.0,2.4,0.0,26.26,3.5,665.62,0.0,1.52
256939339799698,403.17,28,7.31,337.15,58.71,336.85,199.58,343.09,0.0,0.0,0.0,0.0,0.0,0.0,1.44,0.0,2.4,0.0,9.15,3.58,690.47,0.0,1.32
256939345094054,234.87,28,6.72,221.68,6.47,220.35,175.13,226.57,0.0,0.0,0.0,0.0,0.0,0.0,1.37,0.0,2.38,0.0,8.63,3.42,662.31,0.0,1.84
256939350052250,234.71,28,6.02,222.17,6.52,221.1,186.66,227.03,0.0,0.0,0.0,0.0,0.0,0.0,1.47,0.0,2.46,0.0,20.57,3.44,663.73,0.0,1.16
256939355035383,317.26,28,8.65,300.63,7.97,299.88,182.13,306.02,0.0,0.0,0.0,0.0,0.0,0.0,1.38,0.0,2.38,0.0,20.01,3.57,667.46,0.0,3.27
256939360066569,732.41,28,6.34,717.16,8.91,627.94,233.24,722.27,0.0,0.0,0.0,0.0,0.0,0.0,1.5,0.0,2.52,0.0,14.49,3.52,692.59,0.0,1.1
256939366033680,236.44,28,6.51,221.97,7.96,220.26,184.62,226.92,0.0,0.0,0.0,0.0,0.0,0.0,1.49,0.0,2.49,0.0,15.87,3.53,689.25,0.0,1.42
256939370791276,245.72,28,6.45,231.56,7.71,230.59,186.34,236.93,0.0,0.0,0.0,0.0,0.0,0.0,1.43,0.0,2.47,0.0,8.6,3.51,681.39,0.0,0.99
256939376034410,312.39,28,5.43,298.81,8.15,296.88,182.67,303.43,0.0,0.0,0.0,0.0,0.0,0.0,1.2,0.0,2.2,0.0,12.31,3.56,682.51,0.0,0.81
256939381063463,314.24,28,6.4,300.3,7.54,295.91,181.18,305.4,0.0,0.0,0.0,0.0,0.0,0.0,1.45,0.0,2.42,0.0,8.55,3.43,684.66,0.0,1.17
256939386121857,330.14,28,5.57,316.47,8.11,314.65,178.72,321.08,0.0,0.0,0.0,0.0,0.0,0.0,1.42,0.0,2.44,0.0,10.65,3.49,683.0,0.0,0.82
256939391111023,312.04,28,5.75,298.94,7.35,297.38,174.81,303.6,0.0,0.0,0.0,0.0,0.0,0.0,1.26,0.0,2.23,0.0,9.29,3.47,674.35,0.0,0.98
256939396082126,341.1,28,6.22,327.38,7.5,326.15,176.73,331.8,0.0,0.0,0.0,0.0,0.0,0.0,1.3,0.0,2.28,0.0,8.25,3.5,673.59,0.0,1.63
256939400897957,317.11,28,9.42,300.45,7.24,300.37,182.64,305.85,0.0,0.0,0.0,0.0,0.0,0.0,1.51,0.0,2.51,0.0,13.19,3.5,680.66,0.0,4.02
256939406030426,305.8,28,17.07,280.7,8.03,289.54,195.12,296.1,0.0,0.0,0.0,0.0,0.0,0.0,1.46,0.0,2.53,0.0,23.66,16.74,682.56,0.0,1.52
256939410857858,323.23,28,10.24,304.65,8.34,303.79,179.21,309.56,0.0,0.0,0.0,0.0,0.0,0.0,1.12,0.0,2.11,0.0,20.75,3.54,649.72,0.0,5.25
256939415642575,255.24,28,10.08,236.72,8.44,234.48,184.08,242.11,0.0,0.0,0.0,0.0,0.0,0.0,1.37,0.0,2.43,0.0,15.76,3.55,672.86,0.0,4.7
256939420989205,742.94,28,6.78,713.82,22.35,628.49,231.13,718.65,0.0,0.0,0.0,0.0,0.0,0.0,1.26,0.0,2.39,0.0,9.18,3.5,719.45,0.0,1.95
256939427034083,314.92,28,9.81,297.72,7.39,296.75,179.38,303.24,0.0,0.0,0.0,0.0,0.0,0.0,1.5,0.0,2.61,0.0,19.78,3.48,659.96,0.0,4.29
256939432046173,317.37,28,10.24,299.98,7.15,298.95,203.96,305.86,0.0,0.0,0.0,0.0,0.0,0.0,1.32,0.0,2.34,0.0,35.6,3.53,676.8,0.0,4.36
256939436929062,309.63,28,6.82,294.28,8.53,293.7,189.83,299.68,0.0,0.0,0.0,0.0,0.0,0.0,1.82,0.0,2.81,0.0,10.52,3.51,695.74,0.0,1.42
256939442051734,335.45,28,6.61,320.53,8.31,320.08,183.33,325.74,0.0,0.0,0.0,0.0,0.0,0.0,1.49,0.0,2.48,0.0,8.59,3.44,699.86,0.0,1.4
256939447081430,256.17,28,6.22,242.57,7.38,240.39,178.53,247.33,0.0,0.0,0.0,0.0,0.0,0.0,1.61,0.0,2.56,0.0,8.46,3.56,686.62,0.0,1.43
256939452035495,247.09,28,6.93,232.02,8.14,231.17,181.52,237.08,0.0,0.0,0.0,0.0,0.0,0.0,1.29,0.0,2.34,0.0,11.95,3.62,668.09,0.0,1.87
256939456835177,318.21,28,6.0,303.95,8.26,302.59,183.07,308.71,0.0,0.0,0.0,0.0,0.0,0.0,1.22,0.0,2.22,0.0,13.56,3.65,693.47,0.0,1.13
256939461672277,321.77,28,6.71,307.99,7.07,307.34,181.58,313.32,0.0,0.0,0.0,0.0,0.0,0.0,1.46,0.0,2.47,0.0,11.97,3.51,679.08,0.0,1.28
256939467023550,231.93,28,6.39,217.58,7.96,216.6,176.77,222.66,0.0,0.0,0.0,0.0,0.0,0.0,1.73,0.0,2.75,0.0,9.82,3.49,680.59,0.0,1.31
256939471738831,247.13,28,6.28,233.48,7.37,232.23,172.98,238.55,0.0,0.0,0.0,0.0,0.0,0.0,1.49,0.0,2.49,0.0,11.13,3.56,657.99,0.0,1.2
256939476508550,320.66,28,6.51,306.56,7.58,304.37,183.57,311.67,0.0,0.0,0.0,0.0,0.0,0.0,1.49,0.0,2.44,0.0,8.43,3.39,684.63,0.0,1.41
256939481889364,278.61,28,6.7,218.61,53.3,217.14,183.37,223.39,0.0,0.0,0.0,0.0,0.0,0.0,1.39,0.0,2.41,0.0,16.96,3.5,640.75,0.0,1.92
256939486702266,235.47,28,6.74,221.21,7.52,221.19,179.72,226.75,0.0,0.0,0.0,0.0,0.0,0.0,1.37,0.0,2.33,0.0,14.5,3.52,682.04,0.0,1.19
256939491949737,283.59,28,7.52,229.43,46.64,229.85,181.56,235.61,0.0,0.0,0.0,0.0,0.0,0.0,2.96,0.0,3.97,0.0,16.13,5.62,686.8,0.0,1.34
256939496743523,312.56,28,6.92,298.08,7.56,297.88,176.24,303.44,0.0,0.0,0.0,0.0,0.0,0.0,1.77,0.0,2.71,0.0,9.87,3.5,673.19,0.0,1.56
256939502008682,314.47,28,7.14,299.32,8.0,299.13,180.72,305.2,0.0,0.0,0.0,0.0,0.0,0.0,1.51,0.0,2.63,0.0,9.5,3.49,682.37,0.0,1.27
256939507622017,484.49,28,6.87,428.89,48.73,427.13,256.5,433.92,0.0,0.0,0.0,0.0,0.0,0.0,1.25,0.0,2.3,0.0,10.3,3.5,707.41,0.0,1.84
256939513035071,340.62,28,8.98,323.34,8.3,321.58,179.35,328.4,0.0,0.0,0.0,0.0,0.0,0.0,1.44,0.0,2.49,0.0,16.62,3.64,667.92,0.0,3.5
256939518040151,323.9,28,7.42,309.27,7.21,309.5,188.71,315.21,0.0,0.0,0.0,0.0,0.0,0.0,1.55,0.0,2.55,0.0,25.27,3.54,676.5,0.0,1.33
256939523044751,308.47,28,22.75,277.05,8.67,288.29,174.93,293.97,0.0,0.0,0.0,0.0,0.0,0.0,14.85,0.0,15.89,0.0,11.52,3.51,660.96,0.0,5.82
256939527850489,352.77,28,133.22,211.48,8.07,336.59,211.52,342.88,0.0,0.0,0.0,0.0,0.0,0.0,1.46,0.0,115.34,0.0,23.55,17.87,685.42,0.0,1.7
256939532723180,257.34,28,31.05,218.65,7.63,225.68,179.7,247.96,0.0,0.0,0.0,0.0,0.0,0.0,1.45,0.0,28.29,0.0,12.41,3.56,679.2,0.0,1.74
256939537973731,760.91,28,9.92,714.34,36.65,633.24,263.2,722.5,0.0,0.0,0.0,0.0,0.0,0.0,3.47,0.0,4.68,0.0,12.0,3.47,711.59,0.0,1.77
256939544029301,238.84,28,6.47,225.06,7.31,224.1,186.35,229.9,0.0,0.0,0.0,0.0,0.0,0.0,1.34,0.0,2.37,0.0,32.5,3.47,673.37,0.0,1.63
256939549052401,258.15,28,6.05,243.31,8.79,242.64,177.02,248.11,0.0,0.0,0.0,0.0,0.0,0.0,1.54,0.0,2.59,0.0,8.68,3.44,662.78,0.0,1.25
256939554085331,261.08,28,7.07,246.84,7.17,245.95,176.32,252.23,0.0,0.0,0.0,0.0,0.0,0.0,1.59,0.0,2.55,0.0,8.55,3.42,677.36,0.0,1.68
256939558828788,343.07,28,9.47,325.99,7.62,324.94,184.67,331.35,0.0,0.0,0.0,0.0,0.0,0.0,1.28,0.0,2.22,0.0,11.28,3.46,688.27,0.0,4.11
256939563747181,408.46,28,5.72,393.55,9.18,392.2,208.68,398.14,0.0,0.0,0.0,0.0,0.0,0.0,1.18,0.0,2.17,0.0,11.99,3.57,714.05,0.0,1.14
256939568656649,251.38,28,6.17,238.01,7.2,234.97,177.13,242.91,0.0,0.0,0.0,0.0,0.0,0.0,1.15,0.0,2.09,0.0,14.93,3.59,662.57,0.0,1.27
256939573461266,313.62,28,9.29,297.2,7.14,295.76,183.57,302.26,0.0,0.0,0.0,0.0,0.0,0.0,1.41,0.0,2.39,0.0,15.3,3.45,676.79,0.0,4.23
256939578810089,337.7,28,6.86,280.56,50.28,279.08,184.2,285.55,0.0,0.0,0.0,0.0,0.0,0.0,1.45,0.0,2.4,0.0,24.38,3.5,642.95,0.0,1.87
256939584028860,250.44,28,6.5,235.86,8.08,234.62,175.72,240.97,0.0,0.0,0.0,0.0,0.0,0.0,1.25,0.0,2.46,0.0,9.03,3.49,671.16,0.0,1.39
256939589034079,235.07,28,6.18,221.28,7.61,220.81,186.88,226.09,0.0,0.0,0.0,0.0,0.0,0.0,1.28,0.0,2.29,0.0,22.65,3.46,670.54,0.0,1.37
256939594420378,815.34,28,6.92,755.66,52.76,677.89,212.76,760.85,0.0,0.0,0.0,0.0,0.0,0.0,1.55,0.0,2.73,0.0,10.59,3.55,732.56,0.0,1.74
256939600735497,389.98,28,6.18,333.6,50.21,332.01,208.07,337.96,0.0,0.0,0.0,0.0,0.0,0.0,1.14,0.0,2.07,0.0,16.73,3.6,702.17,0.0,1.81
256939606029794,241.32,28,10.43,222.78,8.11,221.74,183.83,228.22,0.0,0.0,0.0,0.0,0.0,0.0,1.22,0.0,2.2,0.0,13.82,3.52,666.51,0.0,4.98
256939610786788,244.35,28,6.2,231.64,6.51,230.66,174.6,236.51,0.0,0.0,0.0,0.0,0.0,0.0,1.43,0.0,2.38,0.0,9.41,3.52,675.08,0.0,1.21
256939615596623,280.83,28,6.71,265.78,8.34,265.56,174.51,271.2,0.0,0.0,0.0,0.0,0.0,0.0,1.5,0.0,2.44,0.0,15.21,3.62,660.83,0.0,1.29
256939620468844,250.74,28,9.93,233.33,7.49,231.73,184.21,238.23,0.0,0.0,0.0,0.0,0.0,0.0,1.27,0.0,2.28,0.0,22.98,3.49,670.86,0.0,4.89
256939625882739,310.21,28,6.76,245.09,58.37,244.94,177.45,250.14,0.0,0.0,0.0,0.0,0.0,0.0,1.33,0.0,2.29,0.0,15.77,3.55,641.41,0.0,1.71
256939631047007,249.96,28,5.76,236.48,7.72,235.03,182.13,241.08,0.0,0.0,0.0,0.0,0.0,0.0,1.35,0.0,2.37,0.0,10.69,3.59,677.08,0.0,1.16
256939636051664,244.93,28,6.77,231.04,7.13,230.85,176.95,236.25,0.0,0.0,0.0,0.0,0.0,0.0,1.41,0.0,2.37,0.0,12.65,3.54,662.36,0.0,1.56
256939641058165,301.68,28,5.77,288.07,7.84,286.59,178.98,292.64,0.0,0.0,0.0,0.0,0.0,0.0,1.31,0.0,2.3,0.0,8.42,3.49,685.68,0.0,1.2
256939646037389,307.94,28,6.87,293.77,7.29,293.22,173.81,299.23,0.0,0.0,0.0,0.0,0.0,0.0,1.25,0.0,2.22,0.0,10.25,3.51,674.94,0.0,1.42
256939651067095,246.64,28,5.83,232.84,7.97,231.15,183.23,237.07,0.0,0.0,0.0,0.0,0.0,0.0,1.22,0.0,2.24,0.0,9.64,3.53,681.66,0.0,1.6
256939656049126,306.91,28,6.54,293.32,7.05,292.37,178.13,298.51,0.0,0.0,0.0,0.0,0.0,0.0,1.57,0.0,2.54,0.0,10.31,3.56,669.99,0.0,1.35
256939661050566,307.23,28,5.67,294.23,7.32,291.24,185.57,298.7,0.0,0.0,0.0,0.0,0.0,0.0,1.24,0.0,2.2,0.0,9.09,3.51,699.73,0.0,1.2
256939666470607,593.34,28,6.43,527.18,59.74,525.49,216.34,531.61,0.0,0.0,0.0,0.0,0.0,0.0,1.45,0.0,2.58,0.0,8.1,3.39,710.11,0.0,2.0
256939672216605,358.09,28,6.75,298.88,52.46,297.87,182.53,304.06,0.0,0.0,0.0,0.0,0.0,0.0,1.68,0.0,2.91,0.0,7.84,3.44,689.09,0.0,1.56
256939677125623,310.38,28,5.94,297.12,7.32,295.88,175.71,301.39,0.0,0.0,0.0,0.0,0.0,0.0,1.31,0.0,2.31,0.0,11.1,3.49,666.12,0.0,1.67
256939682042666,323.91,28,9.99,306.78,7.15,306.4,183.47,312.55,0.0,0.0,0.0,0.0,0.0,0.0,1.36,0.0,2.46,0.0,16.47,3.64,675.71,0.0,4.22
256939687078207,310.25,28,9.68,292.8,7.77,290.5,176.95,298.04,0.0,0.0,0.0,0.0,0.0,0.0,1.54,0.0,2.52,0.0,11.42,3.44,674.14,0.0,4.43
256939692091252,307.71,28,6.21,294.28,7.22,292.63,179.88,299.37,0.0,0.0,0.0,0.0,0.0,0.0,1.26,0.0,2.24,0.0,8.04,3.44,684.13,0.0,1.13
256939697050070,347.2,28,24.57,315.85,6.78,330.07,193.37,335.9,0.0,0.0,0.0,0.0,0.0,0.0,1.13,0.0,2.13,0.0,31.22,18.95,678.08,0.0,4.53
256939701997452,241.21,28,7.87,222.9,10.44,222.5,194.09,228.53,0.0,0.0,0.0,0.0,0.0,0.0,1.64,0.0,2.75,0.0,33.08,3.47,678.86,0.0,2.24
256939706765172,316.58,28,6.28,302.69,7.61,301.58,179.87,307.71,0.0,0.0,0.0,0.0,0.0,0.0,1.57,0.0,2.57,0.0,9.36,3.53,692.36,0.0,1.26
256939712033459,316.68,28,5.95,301.91,8.82,300.42,183.01,306.77,0.0,0.0,0.0,0.0,0.0,0.0,1.37,0.0,2.42,0.0,8.14,3.45,691.15,0.0,1.09
256939716927713,311.76,28,6.46,298.82,6.49,297.63,173.64,303.88,0.0,0.0,0.0,0.0,0.0,0.0,1.56,0.0,2.54,0.0,10.41,3.57,665.28,0.0,1.4
256939722035708,312.0,28,6.71,297.42,7.86,296.08,180.47,302.98,0.0,0.0,0.0,0.0,0.0,0.0,1.76,0.0,2.82,0.0,8.92,3.52,679.33,0.0,1.15
256939726977487,315.05,28,6.04,301.56,7.45,300.19,183.19,306.1,0.0,0.0,0.0,0.0,0.0,0.0,1.42,0.0,2.45,0.0,9.3,3.53,686.27,0.0,1.51
256939732038331,267.87,28,6.67,254.39,6.81,253.29,204.11,259.64,0.0,0.0,0.0,0.0,0.0,0.0,1.55,0.0,2.59,0.0,40.03,3.67,677.78,0.0,1.42
256939736791291,332.71,28,5.78,319.88,7.05,317.82,174.91,324.42,0.0,0.0,0.0,0.0,0.0,0.0,1.54,0.0,2.61,0.0,8.75,3.51,671.21,0.0,1.24
256939742033276,260.7,28,5.61,246.85,8.25,227.26,174.31,251.52,0.0,0.0,0.0,0.0,0.0,0.0,1.38,0.0,2.45,0.0,8.55,3.77,677.06,0.0,0.94
256939747474829,795.72,28,7.29,729.64,58.78,662.49,249.02,735.71,0.0,0.0,0.0,0.0,0.0,0.0,1.38,0.0,2.47,0.0,31.54,3.59,709.66,0.0,1.22
256939753732029,437.37,28,5.64,374.87,56.87,373.38,215.82,379.5,0.0,0.0,0.0,0.0,0.0,0.0,1.11,0.0,2.09,0.0,8.18,3.47,679.71,0.0,1.0
256939758706572,423.4,28,5.66,409.74,8.0,407.14,215.21,414.15,0.0,0.0,0.0,0.0,0.0,0.0,1.5,0.0,2.48,0.0,8.92,3.48,707.32,0.0,1.16
256939763626748,461.39,28,6.41,447.29,7.69,445.67,223.72,451.88,0.0,0.0,0.0,0.0,0.0,0.0,1.72,0.0,2.73,0.0,8.24,3.4,700.97,0.0,1.82
256939769028564,246.08,28,5.82,231.56,8.7,228.68,186.71,236.14,0.0,0.0,0.0,0.0,0.0,0.0,1.51,0.0,2.58,0.0,13.7,3.62,664.87,0.0,1.24
256939774044534,247.81,28,5.78,234.52,7.51,232.27,183.8,239.33,0.0,0.0,0.0,0.0,0.0,0.0,1.46,0.0,2.44,0.0,8.42,3.56,678.7,0.0,0.97
256939779036159,228.38,28,6.9,214.5,6.97,213.84,197.28,220.05,0.0,0.0,0.0,0.0,0.0,0.0,1.32,0.0,2.32,0.0,35.43,3.48,671.11,0.0,1.35
256939783814624,313.53,28,5.82,300.7,7.01,298.48,180.76,305.43,0.0,0.0,0.0,0.0,0.0,0.0,1.41,0.0,2.43,0.0,12.37,3.64,677.19,0.0,1.09
256939789027846,247.28,28,7.66,230.92,8.7,230.25,182.56,236.56,0.0,0.0,0.0,0.0,0.0,0.0,1.32,0.0,2.48,0.0,12.44,3.44,690.98,0.0,2.01
256939793855439,310.5,28,5.94,297.94,6.62,296.2,171.79,302.72,0.0,0.0,0.0,0.0,0.0,0.0,1.34,0.0,2.64,0.0,11.37,3.54,663.83,0.0,1.16
256939799059262,241.53,28,6.6,227.93,7.01,227.35,182.01,233.29,0.0,0.0,0.0,0.0,0.0,0.0,1.31,0.0,2.29,0.0,14.42,3.57,679.76,0.0,1.23
256939804051983,312.52,28,6.54,298.73,7.24,298.5,183.22,304.12,0.0,0.0,0.0,0.0,0.0,0.0,1.54,0.0,2.66,0.0,12.03,3.53,664.83,0.0,1.16
256939809063394,312.82,28,6.15,297.78,8.9,296.87,177.16,302.51,0.0,0.0,0.0,0.0,0.0,0.0,1.55,0.0,2.74,0.0,8.08,3.47,666.44,0.0,1.42
256939814051889,319.85,28,10.97,301.5,7.38,301.33,179.84,307.62,0.0,0.0,0.0,0.0,0.0,0.0,1.44,0.0,2.45,0.0,19.97,3.79,680.93,0.0,4.85
256939819079983,987.0,28,15.56,403.81,567.63,332.89,165.71,418.02,0.0,0.0,0.0,0.0,0.0,0.0,12.24,0.0,13.23,0.0,8.55,3.58,653.74,0.0,1.34
256939825877013,290.23,28,79.0,153.72,57.52,225.16,105.0,230.88,0.0,0.0,0.0,0.0,0.0,0.0,1.51,0.0,77.06,0.0,8.78,3.48,695.04,0.0,1.83
256939830740674,253.22,28,15.62,230.57,7.03,239.17,194.79,244.88,0.0,0.0,0.0,0.0,0.0,0.0,10.66,0.0,11.78,0.0,26.71,3.52,667.07,0.0,1.31
256939836025547,226.33,28,6.02,213.9,6.41,213.19,178.59,218.74,0.0,0.0,0.0,0.0,0.0,0.0,1.34,0.0,2.38,0.0,8.7,3.47,694.91,0.0,1.18
256939841032882,240.43,28,7.02,225.69,7.71,218.62,186.11,231.51,0.0,0.0,0.0,0.0,0.0,0.0,1.76,0.0,2.92,0.0,9.78,3.51,677.63,0.0,1.21
256939846045830,337.74,28,10.37,319.69,7.68,318.9,190.26,325.34,0.0,0.0,0.0,0.0,0.0,0.0,1.46,0.0,2.6,0.0,17.86,3.5,669.11,0.0,4.72
256939851088525,273.64,28,11.88,253.5,8.25,252.93,181.84,260.11,0.0,0.0,0.0,0.0,0.0,0.0,1.96,0.0,3.02,0.0,18.05,3.59,670.7,0.0,5.28
256939855994465,257.99,28,6.53,233.65,17.81,232.41,173.93,238.38,0.0,0.0,0.0,0.0,0.0,0.0,1.45,0.0,2.56,0.0,12.6,3.56,672.34,0.0,1.79
256939861034373,309.33,28,6.11,296.57,6.65,295.68,174.94,301.38,0.0,0.0,0.0,0.0,0.0,0.0,1.67,0.0,2.66,0.0,9.39,3.42,671.97,0.0,1.3
256939866064380,309.98,28,6.13,295.96,7.89,294.73,181.77,300.47,0.0,0.0,0.0,0.0,0.0,0.0,1.77,0.0,2.74,0.0,7.99,3.49,696.45,0.0,1.57
256939871067730,248.79,28,6.26,235.55,6.97,234.98,194.44,240.39,0.0,0.0,0.0,0.0,0.0,0.0,1.53,0.0,2.49,0.0,26.55,3.55,670.21,0.0,1.34
256939875926326,256.56,28,6.32,242.96,7.29,242.64,176.45,248.35,0.0,0.0,0.0,0.0,0.0,0.0,1.49,0.0,2.5,0.0,10.72,3.61,678.53,0.0,0.92
256939880788323,237.12,28,5.7,223.75,7.67,222.14,177.46,228.23,0.0,0.0,0.0,0.0,0.0,0.0,1.17,0.0,2.14,0.0,11.04,3.53,679.82,0.0,1.22
256939885641927,320.58,28,5.61,308.08,6.89,305.97,186.83,312.41,0.0,0.0,0.0,0.0,0.0,0.0,1.2,0.0,2.17,0.0,9.4,3.52,698.74,0.0,1.28
256939891069985,253.08,28,7.42,237.65,8.01,236.71,178.37,243.05,0.0,0.0,0.0,0.0,0.0,0.0,1.19,0.0,2.31,0.0,10.94,3.56,674.54,0.0,2.03
256939896111010,306.08,28,6.0,291.97,8.11,290.27,179.22,296.3,0.0,0.0,0.0,0.0,0.0,0.0,1.22,0.0,2.21,0.0,8.3,3.52,678.85,0.0,1.67
256939901078394,232.13,28,5.85,218.92,7.36,217.5,178.55,223.56,0.0,0.0,0.0,0.0,0.0,0.0,1.56,0.0,2.52,0.0,10.86,3.51,683.28,0.0,1.22
256939905915629,255.89,28,9.87,238.05,7.98,237.16,188.76,244.19,0.0,0.0,0.0,0.0,0.0,0.0,1.47,0.0,2.56,0.0,18.41,3.58,678.79,0.0,3.73
256939911082806,266.08,28,7.12,252.41,6.55,251.61,175.58,257.3,0.0,0.0,0.0,0.0,0.0,0.0,1.65,0.0,2.7,0.0,11.4,3.49,667.32,0.0,2.23
256939916094510,729.0,28,80.74,638.65,9.6,632.64,245.87,718.0,0.0,0.0,0.0,0.0,0.0,0.0,1.4,0.0,2.42,0.0,83.45,78.93,715.95,0.0,1.4
256939921646458,450.83,28,6.03,436.09,8.71,434.99,217.48,440.62,0.0,0.0,0.0,0.0,0.0,0.0,1.55,0.0,2.58,0.0,17.53,3.57,679.02,0.0,1.5
256939926700863,328.47,28,8.52,310.71,9.25,308.69,178.88,314.96,0.0,0.0,0.0,0.0,0.0,0.0,1.27,0.0,2.3,0.0,9.01,3.69,684.46,0.0,4.12
256939932032373,251.46,28,7.6,235.82,8.04,235.87,187.38,241.35,0.0,0.0,0.0,0.0,0.0,0.0,1.58,0.0,2.56,0.0,15.72,3.6,694.05,0.0,2.07
256939937050027,304.46,28,6.04,290.2,8.22,289.24,181.62,295.17,0.0,0.0,0.0,0.0,0.0,0.0,1.29,0.0,2.49,0.0,21.66,3.48,666.9,0.0,1.06
256939941943186,312.29,28,5.42,298.61,8.25,294.47,173.22,302.29,0.0,0.0,0.0,0.0,0.0,0.0,1.39,0.0,2.4,0.0,8.95,3.45,673.53,0.0,1.74
256939946883320,245.97,28,6.23,231.91,7.83,230.84,183.16,236.75,0.0,0.0,0.0,0.0,0.0,0.0,1.72,0.0,2.66,0.0,8.06,3.49,701.9,0.0,1.39
256939952037870,315.46,28,5.58,302.39,7.49,299.69,186.65,306.75,0.0,0.0,0.0,0.0,0.0,0.0,1.24,0.0,2.29,0.0,9.24,3.52,672.56,0.0,1.22
256939956931594,241.43,28,7.79,226.08,7.56,223.81,183.44,230.22,0.0,0.0,0.0,0.0,0.0,0.0,1.19,0.0,2.17,0.0,18.8,3.56,670.67,0.0,3.64
256939962027653,756.48,28,20.76,726.03,9.69,635.89,241.77,731.58,0.0,0.0,0.0,0.0,0.0,0.0,1.5,0.0,2.58,0.0,25.59,3.65,686.63,0.0,14.86
256939967608009,249.0,28,7.32,234.39,7.3,233.22,177.53,239.79,0.0,0.0,0.0,0.0,0.0,0.0,1.6,0.0,2.63,0.0,13.43,3.5,668.85,0.0,1.91
256939973092553,820.95,28,8.19,751.08,61.69,661.91,217.48,756.31,0.0,0.0,0.0,0.0,0.0,0.0,1.44,0.0,2.54,0.0,14.14,4.35,704.96,0.0,2.95
256939979694916,459.63,28,13.63,382.97,63.02,379.34,237.07,388.04,0.0,0.0,0.0,0.0,0.0,0.0,1.21,0.0,2.19,0.0,19.81,3.65,739.99,0.0,8.57
256939985038894,262.44,28,6.3,248.56,7.58,246.08,177.94,253.44,0.0,0.0,0.0,0.0,0.0,0.0,1.5,0.0,2.48,0.0,11.49,3.51,687.82,0.0,1.42
256939990054863,249.62,28,7.91,232.41,9.31,230.78,177.84,237.42,0.0,0.0,0.0,0.0,0.0,0.0,1.55,0.0,2.6,0.0,10.27,3.52,674.81,0.0,2.77
256939994985957,254.17,28,42.36,203.93,7.88,237.15,209.17,244.63,0.0,0.0,0.0,0.0,0.0,0.0,1.93,0.0,2.94,0.0,70.95,59.27,676.68,0.0,1.66
256939999880091,238.65,28,5.86,224.44,8.36,223.07,187.23,228.98,0.0,0.0,0.0,0.0,0.0,0.0,1.48,0.0,2.44,0.0,9.41,3.52,688.06,0.0,1.31
256940004988288,317.67,28,11.19,298.54,7.95,296.02,185.03,303.91,0.0,0.0,0.0,0.0,0.0,0.0,1.99,0.0,4.65,0.0,17.83,3.5,668.1,0.0,4.08
256940009893735,352.45,28,6.73,337.72,8.01,334.17,236.17,342.7,0.0,0.0,0.0,0.0,0.0,0.0,1.44,0.0,2.7,0.0,78.94,3.45,643.5,0.0,1.46
256940015041809,312.77,28,11.53,293.02,8.22,291.34,179.5,298.96,0.0,0.0,0.0,0.0,0.0,0.0,1.43,0.0,2.45,0.0,13.35,3.49,661.88,0.0,5.6
256940020103288,308.0,28,6.52,292.77,8.71,290.7,175.37,298.04,0.0,0.0,0.0,0.0,0.0,0.0,1.43,0.0,2.48,0.0,10.38,3.53,666.86,0.0,1.25
256940025012283,244.99,28,6.4,231.34,7.24,229.63,174.04,236.06,0.0,0.0,0.0,0.0,0.0,0.0,1.68,0.0,2.8,0.0,8.57,3.56,674.64,0.0,1.69
256940029882217,306.77,28,4.96,293.46,8.34,290.27,178.3,297.36,0.0,0.0,0.0,0.0,0.0,0.0,1.21,0.0,2.17,0.0,8.97,3.45,679.16,0.0,1.06
256940034877216,325.25,28,5.72,310.73,8.8,307.27,171.24,314.68,0.0,0.0,0.0,0.0,0.0,0.0,1.53,0.0,2.52,0.0,10.57,3.48,660.97,0.0,1.76
256940039812569,316.57,28,6.33,302.19,8.06,300.12,180.26,307.27,0.0,0.0,0.0,0.0,0.0,0.0,1.4,0.0,2.41,0.0,13.93,3.54,665.87,0.0,1.25
256940044693607,246.31,28,5.47,234.22,6.62,232.31,184.28,238.66,0.0,0.0,0.0,0.0,0.0,0.0,1.33,0.0,2.35,0.0,9.35,3.48,698.05,0.0,1.03
256940050016271,325.44,28,5.94,312.3,7.2,309.79,180.88,316.98,0.0,0.0,0.0,0.0,0.0,0.0,1.5,0.0,2.48,0.0,8.82,3.58,694.3,0.0,1.26
256940055117297,233.15,28,5.93,219.99,7.23,217.83,180.8,224.79,0.0,0.0,0.0,0.0,0.0,0.0,1.45,0.0,2.41,0.0,9.24,3.48,685.48,0.0,1.12
256940060065458,330.51,28,10.04,312.74,7.74,311.46,187.28,318.48,0.0,0.0,0.0,0.0,0.0,0.0,1.46,0.0,2.45,0.0,22.91,3.52,670.33,0.0,4.29
256940065090350,315.13,28,6.0,301.19,7.94,297.94,182.14,305.99,0.0,0.0,0.0,0.0,0.0,0.0,1.43,0.0,2.43,0.0,9.21,3.51,679.21,0.0,1.2
256940070020533,254.56,28,8.32,239.72,6.52,237.74,187.11,245.31,0.0,0.0,0.0,0.0,0.0,0.0,1.23,0.0,2.26,0.0,13.9,3.51,668.53,0.0,2.74
256940074964858,229.52,28,6.68,214.8,8.04,213.91,187.14,220.39,0.0,0.0,0.0,0.0,0.0,0.0,1.47,0.0,2.48,0.0,27.45,3.48,675.84,0.0,1.09
256940079838560,319.46,28,6.04,305.5,7.92,303.24,180.55,310.18,0.0,0.0,0.0,0.0,0.0,0.0,1.3,0.0,2.38,0.0,9.84,3.53,685.73,0.0,1.35
256940085041862,322.86,28,6.83,307.91,8.11,305.02,178.19,312.94,0.0,0.0,0.0,0.0,0.0,0.0,1.24,0.0,2.22,0.0,10.55,3.51,673.94,0.0,1.8
256940090471699,600.72,28,6.59,540.76,53.37,538.29,266.01,545.93,0.0,0.0,0.0,0.0,0.0,0.0,1.48,0.0,2.46,0.0,9.85,3.5,714.8,0.0,1.42
256940095753309,243.9,28,6.64,229.76,7.5,227.15,184.95,234.62,0.0,0.0,0.0,0.0,0.0,0.0,1.35,0.0,2.59,0.0,8.46,3.58,692.04,0.0,1.78
256940100640323,257.6,28,6.5,243.97,7.12,241.65,182.62,248.7,0.0,0.0,0.0,0.0,0.0,0.0,1.65,0.0,2.89,0.0,12.49,3.5,694.85,0.0,1.77
256940106014041,249.76,28,6.26,236.37,7.13,234.83,177.16,241.4,0.0,0.0,0.0,0.0,0.0,0.0,1.5,0.0,2.99,0.0,11.66,3.45,680.91,0.0,1.23
256940111052758,248.3,28,5.91,234.72,7.67,233.29,180.22,239.63,0.0,0.0,0.0,0.0,0.0,0.0,1.47,0.0,2.57,0.0,15.83,3.49,672.71,0.0,1.0
256940115986919,235.59,28,6.66,220.58,8.34,219.59,179.39,225.86,0.0,0.0,0.0,0.0,0.0,0.0,1.5,0.0,2.58,0.0,13.28,3.62,685.82,0.0,1.38
256940120836885,312.24,28,6.09,298.48,7.67,295.45,178.79,303.37,0.0,0.0,0.0,0.0,0.0,0.0,1.2,0.0,2.3,0.0,9.95,3.55,686.38,0.0,1.2
256940125773105,256.76,28,8.1,240.34,8.32,239.73,178.94,245.56,0.0,0.0,0.0,0.0,0.0,0.0,1.31,0.0,2.26,0.0,9.05,3.46,674.25,0.0,2.88
256940131028278,237.13,28,5.99,222.42,8.72,220.51,174.3,226.82,0.0,0.0,0.0,0.0,0.0,0.0,1.41,0.0,2.39,0.0,8.28,3.65,675.26,0.0,1.59
256940136075071,237.38,28,6.93,223.31,7.15,222.62,199.9,229.08,0.0,0.0,0.0,0.0,0.0,0.0,1.33,0.0,2.5,0.0,36.14,3.51,673.87,0.0,1.16
256940141055509,313.79,28,10.51,295.96,7.31,295.65,185.47,301.55,0.0,0.0,0.0,0.0,0.0,0.0,1.27,0.0,2.22,0.0,17.57,3.57,667.22,0.0,4.93
256940146023981,254.08,28,5.88,241.73,6.47,239.98,175.9,246.19,0.0,0.0,0.0,0.0,0.0,0.0,1.29,0.0,2.34,0.0,9.24,3.52,671.43,0.0,1.43
256940150862990,242.45,28,6.34,227.51,8.61,226.32,171.11,232.24,0.0,0.0,0.0,0.0,0.0,0.0,1.4,0.0,2.36,0.0,8.94,3.52,662.08,0.0,1.6
256940155762437,312.08,28,6.76,298.15,7.17,296.53,178.15,303.38,0.0,0.0,0.0,0.0,0.0,0.0,1.43,0.0,2.42,0.0,11.16,3.55,663.99,0.0,1.53
256940161055249,246.41,28,6.21,232.16,8.04,225.78,182.68,237.11,0.0,0.0,0.0,0.0,0.0,0.0,1.56,0.0,2.81,0.0,10.69,3.62,693.78,0.0,1.25
256940166064056,243.96,28,6.2,229.96,7.8,229.18,176.54,235.04,0.0,0.0,0.0,0.0,0.0,0.0,1.25,0.0,2.29,0.0,9.68,3.58,662.07,0.0,1.12
256940170892396,251.51,28,5.99,237.72,7.8,235.66,190.54,242.36,0.0,0.0,0.0,0.0,0.0,0.0,1.28,0.0,2.27,0.0,8.29,3.46,702.41,0.0,1.34
256940175776537,319.88,28,6.75,303.68,9.45,303.33,173.31,309.13,0.0,0.0,0.0,0.0,0.0,0.0,1.41,0.0,2.45,0.0,11.4,3.68,658.1,0.0,1.3
256940180692102,233.22,28,6.61,219.97,6.64,218.6,177.99,225.12,0.0,0.0,0.0,0.0,0.0,0.0,1.37,0.0,2.54,0.0,17.21,3.45,683.06,0.0,1.46
256940186013117,747.37,28,6.74,733.04,7.6,636.64,237.39,738.17,0.0,0.0,0.0,0.0,0.0,0.0,1.42,0.0,2.37,0.0,8.57,3.53,753.45,0.0,1.6
256940192011422,794.55,28,5.92,780.49,8.14,678.31,242.2,785.32,0.0,0.0,0.0,0.0,0.0,0.0,1.21,0.0,2.26,0.0,10.43,3.52,729.61,0.0,1.08
256940197633562,309.16,28,6.6,294.16,8.39,293.52,177.56,299.34,0.0,0.0,0.0,0.0,0.0,0.0,1.41,0.0,2.37,0.0,11.82,3.5,678.89,0.0,1.43
256940202557355,306.97,28,6.68,293.63,6.66,293.36,180.44,299.08,0.0,0.0,0.0,0.0,0.0,0.0,1.78,0.0,2.84,0.0,18.97,3.64,673.46,0.0,1.23
256940207583874,361.76,28,6.59,348.63,6.54,347.06,183.06,353.83,0.0,0.0,0.0,0.0,0.0,0.0,1.57,0.0,2.78,0.0,13.94,3.53,688.63,0.0,1.4
256940212525000,257.37,28,10.57,238.78,8.01,237.57,180.85,243.71,0.0,0.0,0.0,0.0,0.0,0.0,1.2,0.0,2.17,0.0,10.46,3.53,673.13,0.0,5.64
256940217417114,313.44,28,5.82,300.75,6.87,297.59,177.85,305.26,0.0,0.0,0.0,0.0,0.0,0.0,1.25,0.0,2.41,0.0,8.3,3.44,672.58,0.0,1.31
256940222995833,255.18,28,6.07,233.51,15.6,231.65,180.25,238.25,0.0,0.0,0.0,0.0,0.0,0.0,1.5,0.0,2.57,0.0,8.13,3.44,678.39,0.0,1.33
256940227892385,251.32,28,5.48,239.19,6.65,237.35,176.83,243.45,0.0,0.0,0.0,0.0,0.0,0.0,1.24,0.0,2.22,0.0,8.39,3.51,677.7,0.0,1.22
256940233030541,299.19,28,6.2,286.07,6.92,285.32,182.8,291.25,0.0,0.0,0.0,0.0,0.0,0.0,1.54,0.0,2.54,0.0,11.94,3.53,693.85,0.0,1.03
256940238073855,314.09,28,7.04,298.8,8.25,298.18,173.54,304.03,0.0,0.0,0.0,0.0,0.0,0.0,1.45,0.0,2.57,0.0,10.04,3.56,666.34,0.0,1.81
256940242987379,311.17,28,7.52,295.77,7.88,295.48,176.94,302.0,0.0,0.0,0.0,0.0,0.0,0.0,1.38,0.0,2.34,0.0,10.23,4.96,683.01,0.0,1.29
256940248047044,309.33,28,5.9,296.1,7.32,294.95,173.99,300.89,0.0,0.0,0.0,0.0,0.0,0.0,1.5,0.0,2.51,0.0,11.55,3.5,653.27,0.0,1.11
256940253483435,586.97,28,32.85,504.37,49.75,529.94,235.4,535.98,0.0,0.0,0.0,0.0,0.0,0.0,1.48,0.0,29.84,0.0,8.46,3.48,675.28,0.0,1.24
256940258707768,319.11,28,6.03,304.83,8.24,302.89,179.01,309.22,0.0,0.0,0.0,0.0,0.0,0.0,1.4,0.0,2.59,0.0,8.9,3.48,686.36,0.0,1.65
256940264027644,323.89,28,10.7,304.32,8.88,306.6,179.77,313.51,0.0,0.0,0.0,0.0,0.0,0.0,1.55,0.0,2.55,0.0,14.54,8.37,662.73,0.0,1.51
256940269072062,309.83,28,10.25,292.34,7.24,291.6,183.89,298.23,0.0,0.0,0.0,0.0,0.0,0.0,1.32,0.0,2.27,0.0,18.58,3.62,667.73,0.0,4.36
256940273994638,749.01,28,6.81,730.48,11.73,637.15,278.0,735.46,0.0,0.0,0.0,0.0,0.0,0.0,1.85,0.0,2.92,0.0,11.15,3.53,774.3,0.0,1.67
256940279643266,5430.66,28,5.45,242.91,5182.31,241.17,165.51,247.21,0.0,0.0,0.0,0.0,0.0,0.0,1.14,0.0,2.24,0.0,8.66,3.58,652.54,0.0,1.14
256940289865299,331.44,28,13.92,309.83,7.69,315.43,308.9,322.56,0.0,0.0,0.0,0.0,0.0,0.0,1.46,0.0,2.41,0.0,142.62,11.17,677.3,0.0,1.19
256940294820405,319.92,28,7.0,305.33,7.58,304.5,176.65,310.49,0.0,0.0,0.0,0.0,0.0,0.0,1.31,0.0,2.25,0.0,11.46,3.56,687.07,0.0,1.84
256940300032127,305.06,28,5.85,292.41,6.81,290.63,184.21,296.94,0.0,0.0,0.0,0.0,0.0,0.0,1.31,0.0,2.3,0.0,9.52,3.51,686.47,0.0,1.32
256940305065344,235.13,28,6.42,222.29,6.41,221.47,178.15,227.5,0.0,0.0,0.0,0.0,0.0,0.0,1.41,0.0,2.42,0.0,10.68,3.64,667.91,0.0,1.21
256940310061540,348.67,28,5.26,336.56,6.86,333.8,185.43,340.31,0.0,0.0,0.0,0.0,0.0,0.0,1.34,0.0,2.29,0.0,9.46,3.37,697.85,0.0,1.51
256940315069202,308.96,28,6.35,293.96,8.65,289.21,182.33,298.53,0.0,0.0,0.0,0.0,0.0,0.0,1.37,0.0,2.38,0.0,8.95,3.7,695.72,0.0,1.78
256940320092435,233.71,28,5.37,222.06,6.28,219.68,181.92,226.43,0.0,0.0,0.0,0.0,0.0,0.0,1.34,0.0,2.3,0.0,8.3,3.52,693.75,0.0,1.0
256940324925448,311.02,28,7.58,295.99,7.46,296.16,188.84,301.78,0.0,0.0,0.0,0.0,0.0,0.0,1.65,0.0,2.6,0.0,26.77,3.57,676.84,0.0,1.78
256940330463615,598.73,28,6.9,543.71,48.12,542.27,210.66,549.0,0.0,0.0,0.0,0.0,0.0,0.0,1.33,0.0,2.41,0.0,10.6,3.72,668.76,0.0,1.61
256940335731172,255.75,28,8.92,239.97,6.86,239.06,181.65,245.16,0.0,0.0,0.0,0.0,0.0,0.0,1.31,0.0,2.25,0.0,8.16,3.43,665.0,0.0,3.73
256940341030802,257.24,28,6.11,243.37,7.76,242.15,175.24,248.12,0.0,0.0,0.0,0.0,0.0,0.0,1.6,0.0,2.7,0.0,8.43,3.49,677.14,0.0,1.36
256940345903654,338.95,28,10.57,320.28,8.1,320.07,181.34,326.45,0.0,0.0,0.0,0.0,0.0,0.0,1.79,0.0,2.85,0.0,17.89,3.48,681.45,0.0,4.4
256940351046108,252.93,28,6.61,238.06,8.25,229.57,176.37,243.3,0.0,0.0,0.0,0.0,0.0,0.0,1.54,0.0,2.56,0.0,9.54,3.49,677.89,0.0,1.38
256940356061957,316.03,28,5.92,302.1,8.01,301.18,184.81,307.04,0.0,0.0,0.0,0.0,0.0,0.0,1.45,0.0,2.41,0.0,20.74,3.54,680.23,0.0,0.97
256940361027520,315.06,28,6.61,300.41,8.05,298.57,180.37,305.41,0.0,0.0,0.0,0.0,0.0,0.0,1.83,0.0,2.84,0.0,11.93,3.48,669.05,0.0,1.6
256940366058365,245.93,28,9.94,228.82,7.18,227.7,184.17,233.93,0.0,0.0,0.0,0.0,0.0,0.0,1.6,0.0,2.55,0.0,17.73,3.58,678.96,0.0,4.69
256940371048502,245.86,28,6.62,231.52,7.72,230.31,177.11,236.85,0.0,0.0,0.0,0.0,0.0,0.0,1.92,0.0,3.12,0.0,9.67,3.62,668.04,0.0,1.28
256940375936210,312.5,28,6.84,298.05,7.6,293.27,180.58,303.6,0.0,0.0,0.0,0.0,0.0,0.0,1.27,0.0,2.25,0.0,12.31,3.5,675.99,0.0,1.29
256940380863583,312.92,28,6.16,300.08,6.67,298.86,182.08,305.04,0.0,0.0,0.0,0.0,0.0,0.0,1.28,0.0,2.35,0.0,11.49,3.56,693.6,0.0,1.09
256940386038265,326.86,28,7.07,312.63,7.16,311.85,172.61,317.99,0.0,0.0,0.0,0.0,0.0,0.0,1.63,0.0,2.66,0.0,11.8,3.57,668.64,0.0,1.6
256940391077800,283.7,28,6.15,269.33,8.22,268.04,190.0,274.08,0.0,0.0,0.0,0.0,0.0,0.0,1.41,0.0,2.37,0.0,8.67,3.48,695.9,0.0,1.34
256940396071338,322.41,28,6.34,308.51,7.56,306.81,178.19,313.5,0.0,0.0,0.0,0.0,0.0,0.0,1.45,0.0,2.44,0.0,11.88,3.53,669.5,0.0,1.34
256940401105568,747.36,28,6.44,732.83,8.1,643.86,221.23,737.48,0.0,0.0,0.0,0.0,0.0,0.0,1.21,0.0,2.28,0.0,13.21,3.53,692.01,0.0,1.7
256940407029659,316.18,28,8.76,298.74,8.68,297.69,183.4,303.41,0.0,0.0,0.0,0.0,0.0,0.0,1.27,0.0,2.41,0.0,12.99,3.43,674.5,0.0,4.02
256940411971670,322.51,28,6.39,307.22,8.9,305.37,172.28,311.95,0.0,0.0,0.0,0.0,0.0,0.0,1.4,0.0,2.48,0.0,10.52,3.68,651.42,0.0,1.66
256940416929177,237.38,28,7.49,222.75,7.14,221.67,178.99,227.75,0.0,0.0,0.0,0.0,0.0,0.0,1.17,0.0,2.17,0.0,7.96,3.45,675.32,0.0,2.5
256940422044488,314.67,28,5.82,301.2,7.65,298.75,173.62,305.81,0.0,0.0,0.0,0.0,0.0,0.0,1.3,0.0,2.38,0.0,8.92,3.5,657.79,0.0,1.21
256940427043725,254.28,28,5.75,240.76,7.77,239.0,174.48,245.17,0.0,0.0,0.0,0.0,0.0,0.0,1.29,0.0,2.44,0.0,9.43,3.51,661.83,0.0,1.34
256940432073005,250.01,28,5.78,210.54,33.69,208.7,165.59,215.11,0.0,0.0,0.0,0.0,0.0,0.0,1.44,0.0,2.38,0.0,8.22,3.53,651.41,0.0,1.22
256940436917857,234.3,28,6.37,220.59,7.34,218.89,175.37,225.37,0.0,0.0,0.0,0.0,0.0,0.0,1.48,0.0,2.58,0.0,8.31,3.41,680.97,0.0,1.59
256940442039828,251.74,28,6.57,237.84,7.33,236.72,179.24,242.7,0.0,0.0,0.0,0.0,0.0,0.0,1.36,0.0,2.35,0.0,12.44,3.68,667.21,0.0,1.71
256940447056369,305.64,28,6.3,291.12,8.22,289.54,176.11,295.98,0.0,0.0,0.0,0.0,0.0,0.0,1.38,0.0,2.43,0.0,10.14,3.57,683.38,0.0,1.43
256940452011300,253.09,28,6.44,238.14,8.51,236.96,183.26,243.43,0.0,0.0,0.0,0.0,0.0,0.0,1.33,0.0,2.46,0.0,9.89,3.53,677.66,0.0,1.15
256940456862124,323.47,28,10.42,304.72,8.33,303.4,184.97,310.01,0.0,0.0,0.0,0.0,0.0,0.0,1.48,0.0,2.4,0.0,15.48,3.54,661.75,0.0,5.13
256940461801513,255.65,28,8.12,239.67,7.86,239.28,179.75,245.7,0.0,0.0,0.0,0.0,0.0,0.0,1.48,0.0,2.46,0.0,16.22,3.57,670.73,0.0,2.1
256940466643643,314.98,28,5.4,303.22,6.36,300.1,182.05,307.2,0.0,0.0,0.0,0.0,0.0,0.0,1.4,0.0,2.34,0.0,13.29,3.56,677.92,0.0,1.42
256940471539306,249.61,28,7.15,234.32,8.15,233.03,183.99,239.53,0.0,0.0,0.0,0.0,0.0,0.0,1.61,0.0,2.56,0.0,10.94,3.52,673.52,0.0,1.93
256940476916142,288.45,28,8.01,229.75,50.69,229.46,187.78,235.61,0.0,0.0,0.0,0.0,0.0,0.0,1.29,0.0,2.26,0.0,17.59,3.6,669.8,0.0,2.15
256940482035886,329.91,28,12.28,307.31,10.33,306.65,178.87,313.2,0.0,0.0,0.0,0.0,0.0,0.0,1.1,0.0,2.26,0.0,18.78,3.63,668.54,0.0,6.38
256940487076211,738.73,28,7.1,721.44,10.19,637.99,232.94,726.71,0.0,0.0,0.0,0.0,0.0,0.0,1.44,0.0,2.4,0.0,20.22,3.7,690.32,0.0,1.83
256940492607054,313.7,28,10.42,294.63,8.65,293.85,185.07,300.02,0.0,0.0,0.0,0.0,0.0,0.0,1.55,0.0,2.56,0.0,12.45,3.56,662.73,0.0,5.02
256940497520872,242.51,28,7.43,226.83,8.26,226.46,180.11,232.4,0.0,0.0,0.0,0.0,0.0,0.0,1.42,0.0,2.36,0.0,9.09,3.43,658.47,0.0,1.86
256940502959052,866.02,28,7.93,806.2,51.89,723.11,227.84,812.5,0.0,0.0,0.0,0.0,0.0,0.0,1.75,0.0,2.83,0.0,14.13,3.79,669.38,0.0,1.64
256940509024789,270.33,28,5.21,257.63,7.49,254.48,179.29,261.73,0.0,0.0,0.0,0.0,0.0,0.0,1.38,0.0,2.39,0.0,9.42,3.58,677.23,0.0,1.11
256940513943041,322.31,28,6.74,308.7,6.87,307.7,183.3,314.04,0.0,0.0,0.0,0.0,0.0,0.0,1.58,0.0,2.55,0.0,9.05,3.52,678.65,0.0,1.4
256940518860703,311.89,28,6.5,298.69,6.69,297.46,179.06,303.76,0.0,0.0,0.0,0.0,0.0,0.0,1.52,0.0,2.45,0.0,11.85,3.45,679.72,0.0,1.43
256940524040462,758.11,28,6.43,742.98,8.7,642.13,221.98,747.71,0.0,0.0,0.0,0.0,0.0,0.0,1.41,0.0,2.41,0.0,9.28,3.44,724.5,0.0,1.71
256940529587604,250.64,28,6.27,236.69,7.68,235.59,179.45,241.6,0.0,0.0,0.0,0.0,0.0,0.0,1.73,0.0,2.68,0.0,9.43,3.45,683.28,0.0,1.36
256940534442834,236.84,28,6.05,224.06,6.74,223.71,177.92,229.3,0.0,0.0,0.0,0.0,0.0,0.0,1.3,0.0,2.42,0.0,14.85,3.58,661.49,0.0,0.81
256940539313002,236.47,28,6.06,221.96,8.45,220.13,183.81,226.45,0.0,0.0,0.0,0.0,0.0,0.0,1.29,0.0,2.26,0.0,16.62,3.54,674.04,0.0,1.57
256940544696404,376.89,28,6.52,303.21,67.15,302.35,185.3,308.63,0.0,0.0,0.0,0.0,0.0,0.0,1.35,0.0,2.35,0.0,10.05,3.47,685.05,0.0,1.1
256940549710227,233.31,28,13.37,212.31,7.63,215.69,188.42,221.89,0.0,0.0,0.0,0.0,0.0,0.0,1.47,0.0,7.48,0.0,15.57,3.53,685.22,0.0,3.79
256940555005988,312.8,28,6.1,295.34,11.36,293.26,175.69,300.02,0.0,0.0,0.0,0.0,0.0,0.0,1.29,0.0,2.62,0.0,9.88,3.46,681.98,0.0,1.41
256940559942692,263.74,28,10.68,245.32,7.73,244.43,186.48,251.27,0.0,0.0,0.0,0.0,0.0,0.0,1.33,0.0,2.49,0.0,12.1,3.55,674.02,0.0,4.73
256940564800511,245.59,28,6.91,232.03,6.65,231.47,183.55,237.65,0.0,0.0,0.0,0.0,0.0,0.0,1.54,0.0,2.87,0.0,9.84,3.6,677.66,0.0,1.29
256940569686131,268.82,28,6.57,253.81,8.44,252.74,181.19,258.77,0.0,0.0,0.0,0.0,0.0,0.0,1.28,0.0,2.28,0.0,9.13,3.47,679.29,0.0,1.58
256940575023484,256.34,28,5.97,242.92,7.45,241.64,178.13,247.75,0.0,0.0,0.0,0.0,0.0,0.0,1.74,0.0,3.0,0.0,8.17,3.53,685.01,0.0,1.14
256940579918088,311.0,28,6.85,296.41,7.73,295.41,179.6,301.4,0.0,0.0,0.0,0.0,0.0,0.0,1.54,0.0,2.59,0.0,8.61,3.52,701.48,0.0,1.86
256940585338202,802.52,28,7.22,732.9,62.41,639.31,237.97,738.32,0.0,0.0,0.0,0.0,0.0,0.0,1.56,0.0,2.54,0.0,10.27,3.54,714.7,0.0,1.8
256940591324991,252.51,28,7.01,237.35,8.15,236.1,181.76,242.72,0.0,0.0,0.0,0.0,0.0,0.0,1.53,0.0,2.46,0.0,11.92,3.69,689.25,0.0,1.64
256940596720147,367.43,28,5.86,304.17,57.4,302.16,178.62,308.98,0.0,0.0,0.0,0.0,0.0,0.0,1.41,0.0,2.37,0.0,12.2,3.6,688.91,0.0,1.05
256940601743786,236.49,28,6.42,222.03,8.04,221.3,177.25,227.09,0.0,0.0,0.0,0.0,0.0,0.0,1.56,0.0,2.59,0.0,8.94,3.57,673.98,0.0,1.36
256940606585587,249.16,28,6.74,234.87,7.55,234.11,178.4,240.19,0.0,0.0,0.0,0.0,0.0,0.0,1.54,0.0,2.61,0.0,10.28,3.51,679.25,0.0,1.42
256940611488095,229.65,28,6.88,214.07,8.7,213.48,181.61,219.54,0.0,0.0,0.0,0.0,0.0,0.0,1.43,0.0,2.4,0.0,19.04,3.56,663.87,0.0,1.41
256940616304656,244.39,28,5.68,230.0,8.71,227.51,180.5,234.57,0.0,0.0,0.0,0.0,0.0,0.0,1.39,0.0,2.38,0.0,8.39,3.5,688.74,0.0,1.11
256940621781929,305.46,28,6.59,231.14,67.73,229.81,178.66,236.19,0.0,0.0,0.0,0.0,0.0,0.0,1.26,0.0,2.23,0.0,9.04,3.54,683.99,0.0,1.54
256940627032397,309.91,28,6.04,295.63,8.24,293.98,175.26,300.03,0.0,0.0,0.0,0.0,0.0,0.0,1.71,0.0,2.83,0.0,9.88,3.59,652.1,0.0,1.64
256940631996397,272.92,28,7.72,254.94,10.25,243.24,186.17,260.18,0.0,0.0,0.0,0.0,0.0,0.0,1.32,0.0,2.35,0.0,27.09,3.7,656.72,0.0,2.49
256940636863215,263.95,28,6.19,250.4,7.36,248.9,181.33,255.46,0.0,0.0,0.0,0.0,0.0,0.0,1.41,0.0,2.38,0.0,16.4,3.53,672.17,0.0,1.13
256940642046517,261.48,28,11.11,242.97,7.4,243.05,183.13,248.98,0.0,0.0,0.0,0.0,0.0,0.0,1.6,0.0,2.67,0.0,23.22,3.58,644.86,0.0,5.11
256940646936774,252.87,28,6.29,238.24,8.34,236.14,180.45,242.78,0.0,0.0,0.0,0.0,0.0,0.0,1.38,0.0,2.38,0.0,9.31,3.5,667.08,0.0,1.75
256940651782652,242.98,28,10.85,223.82,8.31,222.9,181.98,229.14,0.0,0.0,0.0,0.0,0.0,0.0,1.32,0.0,2.27,0.0,22.99,3.46,660.38,0.0,5.53
256940657027242,303.87,28,5.46,291.67,6.73,289.88,183.8,295.67,0.0,0.0,0.0,0.0,0.0,0.0,1.3,0.0,2.54,0.0,8.17,3.44,691.29,0.0,1.46
256940661969373,254.68,28,10.2,236.33,8.15,235.44,181.61,241.4,0.0,0.0,0.0,0.0,0.0,0.0,1.27,0.0,2.24,0.0,13.68,3.47,680.55,0.0,5.13
256940666807055,249.13,28,6.1,234.96,8.07,232.78,184.74,239.51,0.0,0.0,0.0,0.0,0.0,0.0,1.37,0.0,2.63,0.0,8.65,3.47,683.13,0.0,1.54
256940671672209,235.14,28,6.88,221.02,7.24,219.59,174.8,225.91,0.0,0.0,0.0,0.0,0.0,0.0,1.48,0.0,2.41,0.0,10.17,3.56,654.88,0.0,1.99
256940677072666,821.47,28,22.27,734.72,64.48,629.47,238.99,740.87,0.0,0.0,0.0,0.0,0.0,0.0,1.25,0.0,3.02,0.0,27.81,3.64,694.78,0.0,16.1
256940683107902,246.28,28,6.54,232.25,7.48,231.64,174.54,237.48,0.0,0.0,0.0,0.0,0.0,0.0,1.59,0.0,2.59,0.0,11.79,3.53,671.04,0.0,1.23
256940687983525,304.37,28,8.39,287.62,8.36,288.4,178.48,293.95,0.0,0.0,0.0,0.0,0.0,0.0,1.52,0.0,2.61,0.0,10.31,5.07,689.0,0.0,2.06
256940693067100,312.24,28,6.17,299.16,6.91,297.98,175.6,303.59,0.0,0.0,0.0,0.0,0.0,0.0,1.52,0.0,2.48,0.0,8.26,3.53,676.33,0.0,1.74
256940697992446,315.19,28,7.46,300.19,7.54,299.88,183.78,305.39,0.0,0.0,0.0,0.0,0.0,0.0,1.71,0.0,3.2,0.0,9.54,3.73,690.07,0.0,2.26
256940702938104,254.79,28,12.49,234.46,7.85,239.62,183.6,245.8,0.0,0.0,0.0,0.0,0.0,0.0,1.55,0.0,9.44,0.0,15.21,3.82,672.08,0.0,1.15
256940708040354,246.99,28,7.75,231.54,7.7,232.21,189.56,238.11,0.0,0.0,0.0,0.0,0.0,0.0,1.58,0.0,2.97,0.0,17.18,3.6,679.71,0.0,1.18
256940712937156,244.08,28,5.75,230.55,7.78,229.09,178.87,235.41,0.0,0.0,0.0,0.0,0.0,0.0,1.18,0.0,2.16,0.0,11.08,3.5,674.03,0.0,0.89
256940718055443,238.53,28,7.69,222.77,8.07,222.46,181.51,228.85,0.0,0.0,0.0,0.0,0.0,0.0,1.46,0.0,2.59,0.0,18.3,3.49,666.02,0.0,1.61
256940722908567,259.38,28,14.6,237.19,7.59,237.49,182.38,246.99,0.0,0.0,0.0,0.0,0.0,0.0,1.62,0.0,2.89,0.0,22.2,7.26,633.35,0.0,4.8
256940728313998,367.81,28,12.17,291.89,63.75,290.15,176.4,296.11,0.0,0.0,0.0,0.0,0.0,0.0,1.24,0.0,2.31,0.0,8.22,3.41,670.94,0.0,7.95
256940733940208,850.9,28,6.65,769.56,74.7,673.18,231.07,774.16,0.0,0.0,0.0,0.0,0.0,0.0,1.27,0.0,2.38,0.0,8.82,3.64,670.32,0.0,2.05
256940739590944,313.96,28,6.97,299.11,7.89,298.31,179.67,304.75,0.0,0.0,0.0,0.0,0.0,0.0,1.76,0.0,2.82,0.0,12.47,3.55,679.57,0.0,1.32
256940745023252,322.62,28,10.99,303.54,8.1,301.08,186.04,309.61,0.0,0.0,0.0,0.0,0.0,0.0,1.46,0.0,2.56,0.0,20.45,3.69,665.31,0.0,4.92
256940750080401,249.62,28,5.59,235.65,8.38,233.21,175.88,239.57,0.0,0.0,0.0,0.0,0.0,0.0,1.35,0.0,2.35,0.0,8.89,3.5,669.28,0.0,1.68
256940754941794,263.7,28,6.63,248.48,8.59,246.75,169.94,253.09,0.0,0.0,0.0,0.0,0.0,0.0,1.47,0.0,2.49,0.0,8.51,3.46,663.2,0.0,2.02
256940760041850,239.75,28,6.55,224.47,8.72,222.59,178.73,229.37,0.0,0.0,0.0,0.0,0.0,0.0,1.57,0.0,2.58,0.0,9.39,3.85,677.97,0.0,1.66
256940764893726,252.4,28,5.82,239.67,6.91,237.8,178.97,243.96,0.0,0.0,0.0,0.0,0.0,0.0,1.18,0.0,2.1,0.0,9.03,3.58,686.42,0.0,1.53
256940770039223,335.36,28,13.02,314.59,7.75,312.52,182.31,319.47,0.0,0.0,0.0,0.0,0.0,0.0,1.38,0.0,2.58,0.0,17.04,3.52,665.81,0.0,8.13
256940775092523,304.85,28,5.71,292.06,7.08,290.03,178.24,296.38,0.0,0.0,0.0,0.0,0.0,0.0,1.29,0.0,2.25,0.0,9.53,3.54,672.25,0.0,1.39
256940780046359,236.61,28,6.2,223.11,7.3,221.49,175.82,227.98,0.0,0.0,0.0,0.0,0.0,0.0,1.51,0.0,2.45,0.0,11.41,3.43,673.0,0.0,1.32
256940785039479,260.77,28,6.87,245.19,8.71,243.59,185.47,250.17,0.0,0.0,0.0,0.0,0.0,0.0,1.4,0.0,2.43,0.0,13.6,3.72,678.52,0.0,1.89
256940789856814,319.85,28,6.81,306.71,6.33,305.19,178.47,311.93,0.0,0.0,0.0,0.0,0.0,0.0,1.42,0.0,2.58,0.0,12.03,3.65,673.28,0.0,1.6
256940794845884,312.81,28,5.71,299.87,7.23,298.13,179.45,304.17,0.0,0.0,0.0,0.0,0.0,0.0,1.58,0.0,2.49,0.0,7.84,3.58,686.27,0.0,1.42
256940799754684,312.41,28,5.64,298.54,8.23,296.03,177.26,302.75,0.0,0.0,0.0,0.0,0.0,0.0,1.51,0.0,2.48,0.0,8.27,3.44,670.18,0.0,1.43
256940804664290,325.71,28,7.07,311.09,7.56,309.75,180.06,315.73,0.0,0.0,0.0,0.0,0.0,0.0,1.53,0.0,2.53,0.0,13.35,3.46,694.13,0.0,2.43
256940810025055,247.49,28,6.29,233.99,7.22,231.99,176.91,238.84,0.0,0.0,0.0,0.0,0.0,0.0,1.52,0.0,2.58,0.0,9.59,3.56,677.56,0.0,1.43
256940814888924,258.87,28,6.08,244.71,8.08,243.44,182.08,249.32,0.0,0.0,0.0,0.0,0.0,0.0,1.13,0.0,2.16,0.0,10.66,3.53,694.3,0.0,1.47
256940819744945,244.29,28,5.8,230.85,7.64,229.3,180.79,235.58,0.0,0.0,0.0,0.0,0.0,0.0,1.25,0.0,2.34,0.0,12.43,3.44,687.99,0.0,1.08
256940825030211,254.31,28,6.85,240.04,7.42,238.74,181.01,245.41,0.0,0.0,0.0,0.0,0.0,0.0,1.63,0.0,2.9,0.0,12.25,3.56,675.71,0.0,1.48
256940829931183,323.81,28,8.22,308.56,7.04,306.74,175.64,312.94,0.0,0.0,0.0,0.0,0.0,0.0,1.34,0.0,2.28,0.0,12.35,3.42,666.31,0.0,3.84
256940835047616,236.05,28,6.85,222.02,7.18,221.44,178.09,227.31,0.0,0.0,0.0,0.0,0.0,0.0,1.36,0.0,2.56,0.0,10.44,3.47,688.28,0.0,1.55
256940839908592,317.91,28,5.4,305.39,7.12,303.22,175.87,309.45,0.0,0.0,0.0,0.0,0.0,0.0,1.27,0.0,2.23,0.0,9.04,3.46,683.61,0.0,1.33
256940845037201,307.65,28,11.17,288.23,8.25,291.91,178.6,298.14,0.0,0.0,0.0,0.0,0.0,0.0,1.19,0.0,8.99,0.0,14.67,3.61,667.48,0.0,1.26
256940849923477,239.49,28,11.39,218.77,9.33,221.71,178.64,228.21,0.0,0.0,0.0,0.0,0.0,0.0,1.41,0.0,6.87,0.0,15.18,3.54,653.85,0.0,1.92
256940855037455,324.31,28,6.45,303.9,13.97,302.5,175.1,308.81,0.0,0.0,0.0,0.0,0.0,0.0,1.57,0.0,2.83,0.0,13.59,3.52,660.2,0.0,1.54
256940859991226,259.18,28,8.22,242.33,8.62,239.92,177.09,248.11,0.0,0.0,0.0,0.0,0.0,0.0,1.44,0.0,3.62,0.0,9.92,4.29,656.53,0.0,2.45
256940864837281,307.49,28,6.51,293.12,7.87,291.38,180.14,298.08,0.0,0.0,0.0,0.0,0.0,0.0,1.61,0.0,2.74,0.0,8.24,3.44,674.14,0.0,1.54
256940870030870,251.47,28,7.29,235.87,8.32,219.47,185.48,241.12,0.0,0.0,0.0,0.0,0.0,0.0,1.35,0.0,2.43,0.0,15.6,3.52,696.51,0.0,2.04
256940874908390,268.94,28,6.8,253.93,8.21,252.45,178.69,259.15,0.0,0.0,0.0,0.0,0.0,0.0,1.21,0.0,2.32,0.0,9.29,3.55,677.02,0.0,1.58
256940879771415,246.76,28,6.68,232.94,7.14,231.81,178.64,238.06,0.0,0.0,0.0,0.0,0.0,0.0,1.59,0.0,2.58,0.0,8.69,3.53,698.68,0.0,1.56
256940885032886,245.16,28,6.43,230.89,7.84,229.74,180.56,236.15,0.0,0.0,0.0,0.0,0.0,0.0,1.55,0.0,2.59,0.0,9.55,3.78,694.55,0.0,1.17
256940890079819,236.04,28,5.45,222.28,8.31,219.9,180.54,226.34,0.0,0.0,0.0,0.0,0.0,0.0,1.32,0.0,2.34,0.0,9.46,3.46,694.25,0.0,1.39
256940894887601,240.28,28,6.54,226.04,7.7,224.68,181.15,230.82,0.0,0.0,0.0,0.0,0.0,0.0,1.32,0.0,2.34,0.0,8.31,3.39,674.22,0.0,1.76
256940900038282,747.08,28,6.37,731.88,8.83,641.45,190.12,736.84,0.0,0.0,0.0,0.0,0.0,0.0,1.23,0.0,2.47,0.0,8.62,3.47,672.84,0.0,1.41
256940905610049,225.32,28,6.09,210.98,8.25,209.73,170.39,215.69,0.0,0.0,0.0,0.0,0.0,0.0,1.38,0.0,2.31,0.0,8.68,3.46,662.57,0.0,1.39
256940910968949,278.06,28,6.86,221.51,49.69,220.83,181.62,226.69,0.0,0.0,0.0,0.0,0.0,0.0,1.16,0.0,2.41,0.0,15.59,3.57,681.31,0.0,1.59
256940916047454,320.7,28,5.81,308.07,6.82,306.41,178.65,312.35,0.0,0.0,0.0,0.0,0.0,0.0,1.28,0.0,2.25,0.0,11.53,3.5,681.75,0.0,1.53
256940921057757,273.32,28,6.65,258.6,8.07,257.46,176.76,263.83,0.0,0.0,0.0,0.0,0.0,0.0,1.5,0.0,2.62,0.0,9.46,3.49,662.81,0.0,1.42
256940926058364,250.99,28,6.67,236.53,7.79,235.13,181.81,241.56,0.0,0.0,0.0,0.0,0.0,0.0,1.42,0.0,2.47,0.0,14.29,3.65,679.4,0.0,1.64
256940930942955,264.44,28,6.17,250.32,7.95,248.6,174.27,254.86,0.0,0.0,0.0,0.0,0.0,0.0,1.38,0.0,2.31,0.0,10.04,3.57,660.03,0.0,1.63
256940936080137,788.4,28,6.29,773.43,8.68,680.87,212.56,778.37,0.0,0.0,0.0,0.0,0.0,0.0,1.85,0.0,2.85,0.0,8.79,3.57,707.22,0.0,1.35
256940941672027,524.19,28,5.99,389.39,128.81,388.14,180.88,394.14,0.0,0.0,0.0,0.0,0.0,0.0,1.66,0.0,2.72,0.0,9.74,3.53,677.21,0.0,1.24
256940946854642,232.88,28,7.45,217.98,7.44,216.85,177.68,222.54,0.0,0.0,0.0,0.0,0.0,0.0,1.31,0.0,2.27,0.0,10.42,3.5,667.23,0.0,2.89
256940952047965,298.86,28,7.36,284.03,7.48,281.19,176.11,289.32,0.0,0.0,0.0,0.0,0.0,0.0,2.02,0.0,3.08,0.0,10.37,3.51,661.05,0.0,2.07
256940956968122,249.58,28,9.8,231.97,7.81,230.5,183.83,237.07,0.0,0.0,0.0,0.0,0.0,0.0,1.69,0.0,2.73,0.0,15.08,3.45,663.08,0.0,4.7
256940962047352,323.88,28,6.91,309.71,7.26,307.77,171.87,314.81,0.0,0.0,0.0,0.0,0.0,0.0,1.53,0.0,2.54,0.0,10.56,3.47,658.31,0.0,1.81
256940967063445,311.06,28,5.65,298.72,6.69,296.25,182.29,303.09,0.0,0.0,0.0,0.0,0.0,0.0,1.3,0.0,2.31,0.0,10.08,3.57,683.37,0.0,1.22
256940972110081,248.24,28,6.47,224.39,17.37,221.35,174.07,229.21,0.0,0.0,0.0,0.0,0.0,0.0,1.52,0.0,2.48,0.0,9.52,3.49,669.5,0.0,1.58
256940976970852,253.2,28,6.75,238.5,7.95,237.22,178.34,243.74,0.0,0.0,0.0,0.0,0.0,0.0,1.29,0.0,2.24,0.0,11.43,3.48,678.07,0.0,1.5
256940982045932,301.33,28,6.74,287.02,7.56,286.21,176.33,292.57,0.0,0.0,0.0,0.0,0.0,0.0,1.67,0.0,2.65,0.0,9.44,3.52,656.23,0.0,1.19
256940986945506,331.87,28,10.58,311.66,9.63,308.6,180.71,317.29,0.0,0.0,0.0,0.0,0.0,0.0,1.24,0.0,2.23,0.0,16.16,3.52,679.87,0.0,4.95
256940991925009,261.9,28,7.23,246.32,8.34,245.57,171.71,251.48,0.0,0.0,0.0,0.0,0.0,0.0,1.29,0.0,2.24,0.0,11.76,3.52,660.93,0.0,2.07
256940997032782,246.91,28,5.95,231.27,9.69,229.65,174.36,236.07,0.0,0.0,0.0,0.0,0.0,0.0,1.43,0.0,2.46,0.0,8.57,3.5,680.03,0.0,1.15
256941002042346,318.14,28,6.16,303.09,8.88,302.18,176.52,308.23,0.0,0.0,0.0,0.0,0.0,0.0,1.6,0.0,2.61,0.0,8.54,3.51,660.72,0.0,1.03
256941006999288,753.92,28,8.06,733.38,12.48,647.21,225.45,739.08,0.0,0.0,0.0,0.0,0.0,0.0,1.67,0.0,2.85,0.0,15.26,3.55,697.15,0.0,2.36
256941013026062,773.67,28,65.09,699.05,9.53,662.13,174.33,762.69,0.0,0.0,0.0,0.0,0.0,0.0,4.37,0.0,60.71,0.0,10.82,5.61,693.75,0.0,1.38
256941018635072,249.14,28,14.6,226.6,7.94,232.58,181.36,239.24,0.0,0.0,0.0,0.0,0.0,0.0,1.26,0.0,10.15,0.0,20.96,3.49,661.98,0.0,1.85
256941023493188,235.04,28,11.08,215.91,8.05,214.27,188.19,220.75,0.0,0.0,0.0,0.0,0.0,0.0,1.67,0.0,2.68,0.0,14.55,3.52,684.61,0.0,5.94
256941028505855,239.65,28,6.21,223.9,9.54,222.57,178.67,228.48,0.0,0.0,0.0,0.0,0.0,0.0,1.72,0.0,2.69,0.0,12.46,3.52,681.33,0.0,1.42
256941033876420,366.58,28,7.96,295.97,62.65,295.7,180.12,301.85,0.0,0.0,0.0,0.0,0.0,0.0,1.66,0.0,2.69,0.0,9.19,4.46,678.83,0.0,1.97
256941038941652,254.92,28,6.5,241.22,7.21,240.64,180.09,246.23,0.0,0.0,0.0,0.0,0.0,0.0,1.67,0.0,2.69,0.0,11.82,3.51,676.94,0.0,1.48
256941044060959,314.8,28,6.03,301.46,7.31,299.82,179.12,305.94,0.0,0.0,0.0,0.0,0.0,0.0,1.58,0.0,2.77,0.0,9.11,3.52,695.34,0.0,1.43
256941049005092,316.68,28,5.99,303.42,7.27,300.45,183.59,308.12,0.0,0.0,0.0,0.0,0.0,0.0,1.63,0.0,2.61,0.0,10.68,3.65,682.51,0.0,1.28
256941054080516,326.32,28,5.98,312.87,7.47,310.62,174.48,317.11,0.0,0.0,0.0,0.0,0.0,0.0,1.78,0.0,2.75,0.0,13.18,3.5,670.11,0.0,1.61
256941059096009,753.56,28,6.28,734.43,12.85,640.01,200.32,739.19,0.0,0.0,0.0,0.0,0.0,0.0,1.48,0.0,2.56,0.0,11.26,3.48,716.87,0.0,1.46
256941064940718,312.32,28,6.27,296.73,9.31,295.51,174.81,301.39,0.0,0.0,0.0,0.0,0.0,0.0,1.41,0.0,2.36,0.0,8.47,3.55,666.62,0.0,1.6
256941070055023,236.71,28,7.35,222.04,7.32,221.96,176.7,227.84,0.0,0.0,0.0,0.0,0.0,0.0,1.41,0.0,2.38,0.0,12.72,3.66,670.21,0.0,1.41
256941075054682,234.03,28,6.03,219.64,8.36,217.83,174.51,224.18,0.0,0.0,0.0,0.0,0.0,0.0,1.47,0.0,2.42,0.0,8.96,3.49,679.65,0.0,1.39
256941079924517,249.0,28,6.0,234.27,8.73,231.66,179.09,238.75,0.0,0.0,0.0,0.0,0.0,0.0,1.45,0.0,2.57,0.0,11.44,3.49,681.26,0.0,1.46
256941085034340,702.28,28,7.05,685.98,9.24,635.56,227.32,690.87,0.0,0.0,0.0,0.0,0.0,0.0,1.93,0.0,3.03,0.0,8.05,3.44,732.23,0.0,1.96
256941090949517,247.27,28,5.55,233.8,7.92,230.86,179.4,237.84,0.0,0.0,0.0,0.0,0.0,0.0,1.44,0.0,2.81,0.0,10.32,3.54,683.11,0.0,1.46
256941095786314,312.38,28,6.23,299.25,6.9,297.86,182.44,304.08,0.0,0.0,0.0,0.0,0.0,0.0,1.66,0.0,2.61,0.0,8.22,3.39,681.54,0.0,1.39
256941100742846,277.67,28,10.26,260.44,6.97,258.2,190.58,264.99,0.0,0.0,0.0,0.0,0.0,0.0,1.22,0.0,2.16,0.0,18.58,3.62,670.52,0.0,5.71
256941105595183,246.5,28,5.53,233.02,7.95,231.04,184.54,237.53,0.0,0.0,0.0,0.0,0.0,0.0,1.42,0.0,2.44,0.0,11.19,3.47,677.95,0.0,1.02
256941110462058,262.18,28,7.41,247.4,7.37,246.96,173.72,252.86,0.0,0.0,0.0,0.0,0.0,0.0,1.49,0.0,2.48,0.0,12.2,3.52,664.4,0.0,1.95
256941115291687,321.87,28,11.42,301.85,8.59,300.95,176.03,307.63,0.0,0.0,0.0,0.0,0.0,0.0,1.35,0.0,2.29,0.0,14.43,3.63,672.06,0.0,5.64
256941120264102,309.36,28,5.93,296.17,7.26,294.45,178.71,300.7,0.0,0.0,0.0,0.0,0.0,0.0,1.24,0.0,2.28,0.0,9.6,3.52,666.0,0.0,1.41
256941125145795,238.79,28,6.07,225.63,7.08,223.87,186.69,230.12,0.0,0.0,0.0,0.0,0.0,0.0,1.4,0.0,2.36,0.0,9.93,3.58,683.43,0.0,1.58
256941130018986,316.07,28,6.26,301.69,8.13,293.46,182.34,306.1,0.0,0.0,0.0,0.0,0.0,0.0,1.36,0.0,2.56,0.0,8.56,3.5,688.42,0.0,1.84
256941134909591,263.55,28,6.83,249.62,7.1,246.63,179.27,254.74,0.0,0.0,0.0,0.0,0.0,0.0,1.6,0.0,2.57,0.0,8.77,3.44,698.13,0.0,1.71
256941140036576,231.49,28,20.68,203.35,7.45,215.25,188.58,222.52,0.0,0.0,0.0,0.0,0.0,0.0,17.05,0.0,18.09,0.0,15.13,3.52,667.77,0.0,1.52
256941144842946,256.55,28,14.57,233.09,8.88,239.62,197.96,246.49,0.0,0.0,0.0,0.0,0.0,0.0,1.24,0.0,10.38,0.0,34.54,3.59,660.8,0.0,1.18
256941150033921,318.72,28,6.45,304.5,7.77,303.49,172.58,309.45,0.0,0.0,0.0,0.0,0.0,0.0,1.1,0.0,2.14,0.0,10.56,3.56,667.83,0.0,1.5
256941154950422,245.04,28,46.72,190.33,7.99,229.37,215.58,235.23,0.0,0.0,0.0,0.0,0.0,0.0,1.31,0.0,2.6,0.0,55.93,44.22,651.12,0.0,1.82
256941159800688,270.44,28,6.54,256.49,7.42,256.29,176.07,261.85,0.0,0.0,0.0,0.0,0.0,0.0,1.85,0.0,2.87,0.0,14.37,3.57,665.09,0.0,1.18
256941165033751,325.14,28,6.51,309.42,9.21,308.94,181.74,314.93,0.0,0.0,0.0,0.0,0.0,0.0,1.85,0.0,2.96,0.0,13.02,3.53,686.4,0.0,1.0
256941169993335,794.76,28,8.3,778.26,8.2,679.41,242.27,783.22,0.0,0.0,0.0,0.0,0.0,0.0,1.36,0.0,2.57,0.0,9.28,4.21,728.55,0.0,3.34
256941176050912,246.12,28,6.81,230.85,8.45,229.33,176.99,236.25,0.0,0.0,0.0,0.0,0.0,0.0,1.38,0.0,2.42,0.0,16.32,3.71,673.41,0.0,1.42
256941180937919,272.28,28,19.75,244.13,8.4,243.9,186.82,250.49,0.0,0.0,0.0,0.0,0.0,0.0,1.47,0.0,2.7,0.0,28.22,3.66,668.73,0.0,13.4
256941186041349,308.84,28,6.77,292.85,9.22,291.8,180.66,297.92,0.0,0.0,0.0,0.0,0.0,0.0,1.45,0.0,2.53,0.0,11.83,3.43,676.37,0.0,1.71
256941191080254,310.43,28,6.73,296.22,7.47,295.26,185.44,301.23,0.0,0.0,0.0,0.0,0.0,0.0,1.45,0.0,2.42,0.0,9.13,3.56,694.97,0.0,1.73
256941196112985,247.54,28,5.79,233.06,8.7,231.62,176.99,237.79,0.0,0.0,0.0,0.0,0.0,0.0,1.44,0.0,2.42,0.0,9.13,3.45,671.09,0.0,1.06
256941201015747,226.56,28,5.94,213.41,7.21,211.96,182.62,218.1,0.0,0.0,0.0,0.0,0.0,0.0,1.43,0.0,2.57,0.0,9.0,3.58,673.47,0.0,1.25
256941205857244,237.96,28,7.24,223.13,7.58,222.26,180.81,228.3,0.0,0.0,0.0,0.0,0.0,0.0,1.56,0.0,2.52,0.0,9.7,3.49,660.45,0.0,2.08
256941210716120,247.44,28,6.62,232.54,8.28,232.11,174.38,237.53,0.0,0.0,0.0,0.0,0.0,0.0,1.31,0.0,2.24,0.0,11.18,3.79,662.46,0.0,1.63
256941216037300,264.03,28,6.53,248.67,8.83,246.88,175.44,253.35,0.0,0.0,0.0,0.0,0.0,0.0,1.39,0.0,2.37,0.0,14.45,3.66,671.09,0.0,1.77
256941221073051,334.87,28,6.58,320.53,7.76,319.35,175.74,325.47,0.0,0.0,0.0,0.0,0.0,0.0,1.37,0.0,2.57,0.0,10.73,3.5,665.78,0.0,1.63
256941226080039,760.71,28,6.84,745.06,8.8,639.13,240.68,750.03,0.0,0.0,0.0,0.0,0.0,0.0,1.83,0.0,2.89,0.0,9.41,3.53,716.16,0.0,1.87
256941231597175,309.4,28,6.87,294.32,8.21,293.65,176.89,299.38,0.0,0.0,0.0,0.0,0.0,0.0,1.64,0.0,2.62,0.0,9.49,3.66,681.16,0.0,1.81
256941236492065,316.7,28,11.62,297.46,7.61,297.34,182.88,303.63,0.0,0.0,0.0,0.0,0.0,0.0,1.34,0.0,2.48,0.0,14.89,3.72,669.45,0.0,5.45
256941241989846,250.52,28,6.51,220.62,23.39,218.83,175.44,225.78,0.0,0.0,0.0,0.0,0.0,0.0,1.38,0.0,2.5,0.0,12.54,3.61,667.84,0.0,1.35
256941246830662,237.38,28,10.79,219.18,7.4,218.03,187.28,224.75,0.0,0.0,0.0,0.0,0.0,0.0,1.26,0.0,2.25,0.0,18.35,3.51,668.73,0.0,5.23
256941251679798,317.6,28,5.99,303.89,7.72,302.14,176.5,308.63,0.0,0.0,0.0,0.0,0.0,0.0,1.46,0.0,2.43,0.0,8.54,3.55,687.45,0.0,1.24
256941257031394,853.33,28,6.84,837.72,8.76,753.15,233.89,842.97,0.0,0.0,0.0,0.0,0.0,0.0,1.54,0.0,2.55,0.0,8.85,3.53,717.13,0.0,1.6
256941263097040,228.64,28,7.0,214.98,6.65,214.39,185.32,220.15,0.0,0.0,0.0,0.0,0.0,0.0,1.54,0.0,2.56,0.0,9.9,3.46,680.9,0.0,1.84
256941267923154,315.75,28,6.36,301.79,7.6,301.06,189.16,306.86,0.0,0.0,0.0,0.0,0.0,0.0,1.42,0.0,2.39,0.0,11.36,3.44,702.19,0.0,1.29
256941272898228,250.83,28,6.46,237.22,7.14,235.58,180.31,242.09,0.0,0.0,0.0,0.0,0.0,0.0,1.34,0.0,2.4,0.0,8.6,3.56,692.12,0.0,1.6
256941277764536,273.24,28,6.82,259.52,6.91,258.28,176.67,264.6,0.0,0.0,0.0,0.0,0.0,0.0,1.42,0.0,2.39,0.0,8.51,3.39,657.11,0.0,1.73
256941283037130,323.02,28,7.41,308.48,7.12,306.61,182.06,313.94,0.0,0.0,0.0,0.0,0.0,0.0,1.53,0.0,2.7,0.0,14.12,3.5,679.76,0.0,1.95
256941288013670,257.9,28,8.93,240.91,8.07,242.24,175.8,248.63,0.0,0.0,0.0,0.0,0.0,0.0,1.63,0.0,6.82,0.0,12.17,3.53,677.39,0.0,1.2
256941293048480,250.27,28,11.44,231.45,7.39,234.8,184.94,241.53,0.0,0.0,0.0,0.0,0.0,0.0,6.36,0.0,7.43,0.0,18.53,3.62,664.11,0.0,1.35
256941298046110,257.4,28,7.15,242.26,7.99,241.49,181.71,247.93,0.0,0.0,0.0,0.0,0.0,0.0,1.93,0.0,3.02,0.0,9.71,3.47,677.08,0.0,1.49
256941302958917,239.16,28,6.52,224.53,8.11,223.46,173.9,229.65,0.0,0.0,0.0,0.0,0.0,0.0,1.27,0.0,2.4,0.0,12.75,3.49,664.18,0.0,1.39
256941307809000,331.57,28,7.32,314.21,10.04,313.69,192.82,319.94,0.0,0.0,0.0,0.0,0.0,0.0,1.45,0.0,2.4,0.0,12.11,3.65,662.32,0.0,1.59
256941312788253,311.92,28,7.01,296.36,8.55,294.87,178.73,301.2,0.0,0.0,0.0,0.0,0.0,0.0,1.49,0.0,2.45,0.0,14.09,3.51,666.25,0.0,2.17
256941317710042,233.41,28,5.87,219.24,8.3,213.4,177.08,223.61,0.0,0.0,0.0,0.0,0.0,0.0,1.54,0.0,2.48,0.0,9.75,3.48,678.55,0.0,1.5
256941322605726,310.42,28,6.25,296.41,7.77,295.48,183.68,301.39,0.0,0.0,0.0,0.0,0.0,0.0,1.65,0.0,2.61,0.0,10.11,3.46,682.4,0.0,1.26
256941327506667,309.15,28,6.58,295.23,7.34,293.93,172.46,299.66,0.0,0.0,0.0,0.0,0.0,0.0,1.2,0.0,2.16,0.0,9.99,3.43,656.13,0.0,2.15
256941333006056,267.36,28,6.23,253.31,7.83,251.93,185.21,258.37,0.0,0.0,0.0,0.0,0.0,0.0,1.87,0.0,2.9,0.0,10.53,3.59,688.45,0.0,1.17
256941338046993,327.07,28,5.83,313.28,7.97,303.29,180.98,317.74,0.0,0.0,0.0,0.0,0.0,0.0,1.32,0.0,2.4,0.0,12.01,3.61,683.01,0.0,1.37
256941343065080,264.17,28,7.34,249.13,7.7,248.97,179.24,254.85,0.0,0.0,0.0,0.0,0.0,0.0,1.23,0.0,2.19,0.0,17.15,3.54,657.67,0.0,1.62
256941347958337,248.49,28,5.06,235.64,7.79,233.12,178.29,239.52,0.0,0.0,0.0,0.0,0.0,0.0,1.36,0.0,2.44,0.0,8.69,3.56,680.64,0.0,1.04
256941352815216,248.44,28,6.78,234.29,7.36,232.44,179.9,239.38,0.0,0.0,0.0,0.0,0.0,0.0,1.78,0.0,2.69,0.0,12.86,3.59,683.7,0.0,1.55
256941357635936,250.72,28,6.52,237.18,7.02,235.47,175.99,242.32,0.0,0.0,0.0,0.0,0.0,0.0,1.47,0.0,2.44,0.0,11.21,3.56,672.95,0.0,1.24
256941362491568,309.72,28,6.16,295.9,7.66,294.96,174.96,300.9,0.0,0.0,0.0,0.0,0.0,0.0,1.52,0.0,2.52,0.0,9.42,3.55,667.29,0.0,1.16
256941367443244,235.19,28,6.38,221.23,7.58,219.78,176.84,225.88,0.0,0.0,0.0,0.0,0.0,0.0,1.39,0.0,2.37,0.0,9.07,3.54,687.39,0.0,1.53
256941372853529,402.81,28,6.65,339.9,56.26,336.18,178.62,344.14,0.0,0.0,0.0,0.0,0.0,0.0,1.27,0.0,2.31,0.0,8.11,3.43,647.18,0.0,2.14
256941378066305,311.9,28,8.16,296.66,7.08,297.32,182.1,303.12,0.0,0.0,0.0,0.0,0.0,0.0,1.98,0.0,3.01,0.0,41.98,3.74,652.08,0.0,1.51
256941383071247,314.12,28,6.76,297.71,9.65,286.38,178.71,302.91,0.0,0.0,0.0,0.0,0.0,0.0,1.36,0.0,2.33,0.0,12.6,3.61,658.24,0.0,1.54
256941387986854,250.41,28,10.06,232.43,7.91,234.82,183.12,240.7,0.0,0.0,0.0,0.0,0.0,0.0,1.38,0.0,2.34,0.0,19.63,7.69,677.82,0.0,1.75
256941393045918,313.55,28,7.31,297.51,8.72,295.19,176.94,302.46,0.0,0.0,0.0,0.0,0.0,0.0,1.54,0.0,2.58,0.0,10.28,3.5,677.13,0.0,2.25
256941397970470,311.94,28,6.62,297.49,7.82,295.99,178.11,302.51,0.0,0.0,0.0,0.0,0.0,0.0,1.51,0.0,2.44,0.0,8.35,3.44,671.99,0.0,1.6
256941402914478,265.2,28,12.17,243.12,9.92,240.69,186.44,249.89,0.0,0.0,0.0,0.0,0.0,0.0,1.56,0.0,2.59,0.0,13.62,4.29,664.6,0.0,5.39
256941407808062,330.25,28,6.64,315.42,8.19,309.84,188.69,320.23,0.0,0.0,0.0,0.0,0.0,0.0,1.34,0.0,2.31,0.0,11.72,3.45,623.66,0.0,1.84
256941412749106,381.91,28,8.32,365.58,8.0,355.53,223.46,372.75,0.0,0.0,0.0,0.0,0.0,0.0,2.71,0.0,4.04,0.0,9.01,3.5,662.85,0.0,1.15
256941418033747,325.66,28,11.92,305.45,8.29,308.45,188.85,316.09,0.0,0.0,0.0,0.0,0.0,0.0,1.56,0.0,6.98,0.0,23.09,3.67,659.9,0.0,1.26
256941422951237,250.06,28,8.48,232.76,8.81,233.28,171.96,239.03,0.0,0.0,0.0,0.0,0.0,0.0,1.43,0.0,2.77,0.0,14.36,3.49,643.53,0.0,2.22
256941427835348,252.03,28,6.85,237.43,7.75,236.45,179.98,242.44,0.0,0.0,0.0,0.0,0.0,0.0,1.39,0.0,2.35,0.0,10.04,3.54,681.53,0.0,1.77
256941432678472,305.29,28,6.99,290.1,8.19,288.19,176.5,294.98,0.0,0.0,0.0,0.0,0.0,0.0,1.45,0.0,2.4,0.0,9.74,3.47,671.6,0.0,2.12
256941438027739,312.34,28,7.68,296.72,7.94,296.51,180.98,302.8,0.0,0.0,0.0,0.0,0.0,0.0,1.35,0.0,2.85,0.0,18.03,3.58,674.28,0.0,1.61
256941443071779,310.3,28,6.41,295.73,8.17,293.85,180.29,300.96,0.0,0.0,0.0,0.0,0.0,0.0,1.44,0.0,2.41,0.0,12.97,3.57,683.2,0.0,1.17
256941448044422,979.41,28,6.1,466.58,506.72,376.31,176.46,471.6,0.0,0.0,0.0,0.0,0.0,0.0,1.53,0.0,2.57,0.0,8.94,3.55,652.52,0.0,1.08
256941454041981,314.19,28,6.94,298.94,8.31,297.89,173.21,304.04,0.0,0.0,0.0,0.0,0.0,0.0,1.78,0.0,2.73,0.0,10.83,3.73,669.58,0.0,1.84
256941458974346,259.45,28,6.51,245.18,7.76,243.14,178.57,249.88,0.0,0.0,0.0,0.0,0.0,0.0,1.46,0.0,2.49,0.0,11.94,3.73,674.22,0.0,1.81
256941464033891,339.51,28,6.61,324.66,8.24,322.57,178.95,329.28,0.0,0.0,0.0,0.0,0.0,0.0,1.51,0.0,2.48,0.0,11.28,3.5,663.26,0.0,1.69
256941469052185,775.75,28,6.57,760.93,8.25,656.53,228.44,766.03,0.0,0.0,0.0,0.0,0.0,0.0,1.48,0.0,2.48,0.0,9.19,3.6,742.44,0.0,1.42
256941474717593,396.29,28,20.86,366.52,8.91,361.95,226.5,371.57,0.0,0.0,0.0,0.0,0.0,0.0,1.73,0.0,2.75,0.0,16.7,3.58,680.9,0.0,15.53
256941479706763,243.22,28,6.22,228.57,8.43,225.97,180.12,233.25,0.0,0.0,0.0,0.0,0.0,0.0,1.59,0.0,2.54,0.0,12.05,3.48,672.03,0.0,1.43
256941484533648,251.7,28,6.95,236.9,7.85,227.75,180.33,241.52,0.0,0.0,0.0,0.0,0.0,0.0,1.66,0.0,2.7,0.0,9.26,3.42,680.91,0.0,2.27
256941489340247,306.51,28,7.11,290.82,8.57,290.26,182.47,296.54,0.0,0.0,0.0,0.0,0.0,0.0,1.61,0.0,2.7,0.0,17.45,3.61,668.74,0.0,1.25
256941494315657,238.31,28,7.23,221.85,9.23,220.33,187.93,227.26,0.0,0.0,0.0,0.0,0.0,0.0,1.62,0.0,2.61,0.0,11.77,3.52,684.29,0.0,1.75
256941499786730,420.55,28,6.18,347.98,66.39,345.45,183.88,352.65,0.0,0.0,0.0,0.0,0.0,0.0,1.59,0.0,2.55,0.0,9.54,3.68,704.29,0.0,1.43
256941504948030,310.36,28,6.99,295.9,7.48,291.97,176.22,301.05,0.0,0.0,0.0,0.0,0.0,0.0,1.66,0.0,2.65,0.0,11.06,3.54,661.67,0.0,1.83
256941509848115,253.75,28,6.24,239.14,8.37,237.55,180.54,243.99,0.0,0.0,0.0,0.0,0.0,0.0,1.23,0.0,2.16,0.0,9.4,3.65,677.7,0.0,1.4
256941515031089,258.42,28,6.21,244.38,7.82,241.92,177.26,248.81,0.0,0.0,0.0,0.0,0.0,0.0,1.36,0.0,2.35,0.0,12.83,3.63,676.21,0.0,1.78
256941520041936,253.73,28,7.55,237.54,8.64,236.43,190.0,243.02,0.0,0.0,0.0,0.0,0.0,0.0,1.56,0.0,2.65,0.0,17.64,3.52,681.16,0.0,2.06
256941525039344,315.37,28,10.25,296.83,8.29,298.62,190.75,305.18,0.0,0.0,0.0,0.0,0.0,0.0,1.39,0.0,7.42,0.0,21.23,3.55,665.81,0.0,1.9
256941529919644,237.06,28,23.61,206.32,7.14,222.5,182.54,228.57,0.0,0.0,0.0,0.0,0.0,0.0,18.79,0.0,20.24,0.0,16.43,3.75,673.56,0.0,1.35
256941534812822,319.13,28,15.71,296.04,7.39,303.8,189.69,310.18,0.0,0.0,0.0,0.0,0.0,0.0,1.58,0.0,10.55,0.0,23.55,3.59,678.0,0.0,1.56
256941539791823,397.12,28,8.98,379.25,8.89,379.51,204.31,386.04,0.0,0.0,0.0,0.0,0.0,0.0,1.7,0.0,3.04,0.0,25.6,4.07,691.13,0.0,2.18
256941544805283,235.52,28,9.98,217.41,8.13,215.73,178.74,223.1,0.0,0.0,0.0,0.0,0.0,0.0,1.54,0.0,2.59,0.0,11.84,3.45,657.87,0.0,4.25
256941549633388,305.38,28,6.1,292.21,7.08,290.62,182.81,296.92,0.0,0.0,0.0,0.0,0.0,0.0,1.45,0.0,2.56,0.0,9.61,3.57,699.92,0.0,1.39
256941554570882,308.17,28,6.09,295.0,7.09,293.96,173.23,299.93,0.0,0.0,0.0,0.0,0.0,0.0,1.86,0.0,2.95,0.0,10.44,3.46,662.63,0.0,1.15
256941559987692,269.73,28,7.06,238.47,24.2,236.9,178.02,244.04,0.0,0.0,0.0,0.0,0.0,0.0,1.44,0.0,2.68,0.0,14.93,3.61,668.78,0.0,1.5
256941565082432,809.45,28,6.83,791.98,10.64,699.53,229.1,796.66,0.0,0.0,0.0,0.0,0.0,0.0,1.62,0.0,2.62,0.0,9.32,3.47,728.39,0.0,2.15
256941571042203,250.04,28,6.11,234.62,9.31,232.28,176.81,239.05,0.0,0.0,0.0,0.0,0.0,0.0,1.27,0.0,2.27,0.0,9.4,3.52,677.92,0.0,1.69
256941576086822,306.86,28,6.45,293.27,7.15,291.93,182.81,298.24,0.0,0.0,0.0,0.0,0.0,0.0,1.6,0.0,2.58,0.0,9.78,3.55,680.51,0.0,1.47
256941581076424,244.94,28,6.09,231.75,7.1,230.1,182.55,236.56,0.0,0.0,0.0,0.0,0.0,0.0,1.34,0.0,2.3,0.0,11.34,3.54,694.72,0.0,1.24
256941586003728,764.43,28,6.85,747.9,9.68,660.02,211.97,753.09,0.0,0.0,0.0,0.0,0.0,0.0,2.0,0.0,2.99,0.0,9.42,3.52,691.55,0.0,1.66
256941592028217,317.91,28,5.92,302.47,9.52,297.87,179.48,307.22,0.0,0.0,0.0,0.0,0.0,0.0,1.35,0.0,2.45,0.0,9.72,3.48,692.46,0.0,1.17
256941596978015,308.39,28,7.96,293.2,7.23,291.87,182.35,298.7,0.0,0.0,0.0,0.0,0.0,0.0,1.46,0.0,2.4,0.0,14.4,3.6,672.97,0.0,2.45
256941602107254,744.14,28,8.84,726.35,8.96,638.77,237.37,733.79,0.0,0.0,0.0,0.0,0.0,0.0,1.16,0.0,2.08,0.0,15.06,5.37,681.36,0.0,1.39
256941607656185,448.78,28,6.9,433.41,8.47,432.12,210.79,438.62,0.0,0.0,0.0,0.0,0.0,0.0,1.43,0.0,2.38,0.0,12.63,3.62,715.9,0.0,1.69
256941613039332,233.84,28,6.24,219.92,7.69,218.88,172.13,225.1,0.0,0.0,0.0,0.0,0.0,0.0,1.49,0.0,2.55,0.0,9.52,3.51,666.27,0.0,1.05
256941617873219,314.7,28,5.93,300.93,7.84,297.82,182.58,304.75,0.0,0.0,0.0,0.0,0.0,0.0,1.14,0.0,2.13,0.0,8.52,3.4,678.25,0.0,2.11
256941623033475,309.36,28,6.86,293.66,8.84,291.87,180.67,298.68,0.0,0.0,0.0,0.0,0.0,0.0,1.33,0.0,2.31,0.0,10.04,3.44,692.02,0.0,1.84
256941628076535,766.69,28,7.04,749.78,9.86,641.54,339.54,754.89,0.0,0.0,0.0,0.0,0.0,0.0,1.17,0.0,2.1,0.0,143.81,3.56,672.77,0.0,1.94
256941633653656,317.13,28,7.25,302.66,7.23,300.58,174.37,307.41,0.0,0.0,0.0,0.0,0.0,0.0,1.48,0.0,2.46,0.0,7.99,3.5,670.08,0.0,2.5
256941638636305,475.55,28,21.33,444.98,9.24,439.04,227.13,450.41,0.0,0.0,0.0,0.0,0.0,0.0,1.25,0.0,2.37,0.0,14.26,4.03,690.94,0.0,15.49
256941644036223,313.69,28,7.04,299.29,7.37,297.67,181.18,304.36,0.0,0.0,0.0,0.0,0.0,0.0,1.23,0.0,2.34,0.0,9.14,3.5,692.63,0.0,1.97
256941648991533,307.04,28,6.82,292.72,7.5,289.8,182.42,298.22,0.0,0.0,0.0,0.0,0.0,0.0,1.94,0.0,3.17,0.0,11.29,3.56,675.67,0.0,1.32
256941654068713,250.05,28,6.27,234.24,9.54,232.29,173.56,239.47,0.0,0.0,0.0,0.0,0.0,0.0,1.42,0.0,2.38,0.0,10.06,3.85,671.03,0.0,1.03
256941659077115,236.89,28,5.88,223.43,7.58,221.32,179.48,227.98,0.0,0.0,0.0,0.0,0.0,0.0,1.35,0.0,2.33,0.0,9.11,3.52,690.04,0.0,1.33
256941663986105,251.74,28,8.85,234.8,8.08,235.05,188.21,241.76,0.0,0.0,0.0,0.0,0.0,0.0,1.48,0.0,2.56,0.0,13.21,7.21,700.85,0.0,1.89
256941668859405,305.85,28,6.07,291.15,8.63,289.61,178.88,295.81,0.0,0.0,0.0,0.0,0.0,0.0,1.4,0.0,2.45,0.0,9.74,3.54,670.87,0.0,1.41
256941673782705,240.15,28,8.96,223.12,8.07,224.63,171.55,231.08,0.0,0.0,0.0,0.0,0.0,0.0,1.52,0.0,7.08,0.0,11.79,3.51,670.73,0.0,1.0
256941678638729,312.92,28,7.58,298.37,6.97,297.78,184.69,303.95,0.0,0.0,0.0,0.0,0.0,0.0,1.74,0.0,2.73,0.0,15.67,3.5,676.87,0.0,2.0
256941683578324,315.19,28,15.06,291.99,8.13,294.68,187.56,301.84,0.0,0.0,0.0,0.0,0.0,0.0,1.39,0.0,7.53,0.0,25.07,3.48,665.97,0.0,5.11
256941689015523,244.49,28,7.38,229.07,8.03,227.74,178.81,234.31,0.0,0.0,0.0,0.0,0.0,0.0,1.6,0.0,2.67,0.0,8.9,3.46,685.15,0.0,2.14
256941694052924,318.75,28,6.64,303.97,8.13,301.64,174.35,308.75,0.0,0.0,0.0,0.0,0.0,0.0,1.49,0.0,2.45,0.0,16.06,3.47,659.52,0.0,1.87
256941698982665,335.82,28,6.45,322.03,7.34,320.14,181.23,326.76,0.0,0.0,0.0,0.0,0.0,0.0,1.41,0.0,2.43,0.0,10.29,3.63,665.91,0.0,1.72
256941703986562,326.7,28,13.17,305.01,8.52,307.8,183.07,313.99,0.0,0.0,0.0,0.0,0.0,0.0,4.8,0.0,5.92,0.0,15.53,3.51,682.21,0.0,4.19
256941709064898,308.44,28,6.29,294.61,7.54,293.17,179.9,299.18,0.0,0.0,0.0,0.0,0.0,0.0,1.24,0.0,2.21,0.0,9.75,3.5,694.94,0.0,1.72
256941714066199,315.29,28,7.11,301.07,7.11,297.88,188.16,306.25,0.0,0.0,0.0,0.0,0.0,0.0,1.26,0.0,2.4,0.0,13.91,3.53,670.81,0.0,1.93
256941719012496,310.85,28,6.79,296.67,7.38,294.82,175.52,301.41,0.0,0.0,0.0,0.0,0.0,0.0,1.65,0.0,2.69,0.0,10.02,3.48,669.28,0.0,2.05
256941723979733,316.46,28,7.27,300.85,8.34,299.44,180.41,306.45,0.0,0.0,0.0,0.0,0.0,0.0,1.51,0.0,2.72,0.0,16.51,3.65,673.23,0.0,1.67
256941728903944,328.23,28,9.62,310.82,7.78,310.04,183.11,315.99,0.0,0.0,0.0,0.0,0.0,0.0,1.55,0.0,2.52,0.0,14.45,3.48,673.86,0.0,4.46
256941733846436,252.48,28,10.93,233.2,8.35,236.36,182.33,242.88,0.0,0.0,0.0,0.0,0.0,0.0,1.52,0.0,2.47,0.0,14.25,8.54,694.17,0.0,1.24
256941738736034,323.61,28,6.96,308.27,8.38,305.48,179.09,313.07,0.0,0.0,0.0,0.0,0.0,0.0,1.37,0.0,2.54,0.0,9.04,3.48,672.44,0.0,2.07
256941744035335,750.94,28,6.55,733.4,10.99,633.14,236.94,738.23,0.0,0.0,0.0,0.0,0.0,0.0,1.55,0.0,2.65,0.0,15.49,3.48,714.21,0.0,1.69
256941749642174,456.85,28,7.0,441.2,8.65,439.46,212.26,446.64,0.0,0.0,0.0,0.0,0.0,0.0,1.61,0.0,2.56,0.0,10.29,3.69,676.56,0.0,1.56
256941755047149,313.62,28,6.01,298.67,8.94,296.12,177.62,303.22,0.0,0.0,0.0,0.0,0.0,0.0,1.32,0.0,2.3,0.0,9.62,3.58,662.98,0.0,1.44
256941760086139,323.21,28,6.28,308.62,8.31,305.79,179.34,313.19,0.0,0.0,0.0,0.0,0.0,0.0,1.55,0.0,2.69,0.0,8.13,3.49,682.47,0.0,1.71
256941765098678,307.86,28,6.91,294.0,6.95,292.55,176.68,299.21,0.0,0.0,0.0,0.0,0.0,0.0,1.24,0.0,2.19,0.0,11.12,3.56,652.81,0.0,1.67
256941770089527,305.55,28,6.6,291.13,7.81,288.52,181.14,295.79,0.0,0.0,0.0,0.0,0.0,0.0,1.3,0.0,2.27,0.0,9.9,3.55,692.06,0.0,1.9
256941775048338,862.23,28,7.98,798.5,55.75,657.68,224.56,805.18,0.0,0.0,0.0,0.0,0.0,0.0,1.49,0.0,2.53,0.0,10.42,4.45,661.51,0.0,1.3
256941781036065,310.41,28,7.32,294.94,8.15,292.25,181.35,300.35,0.0,0.0,0.0,0.0,0.0,0.0,1.42,0.0,2.5,0.0,12.69,3.51,662.86,0.0,1.79
256941786069635,310.98,28,6.73,297.23,7.03,294.26,184.09,302.07,0.0,0.0,0.0,0.0,0.0,0.0,1.33,0.0,2.25,0.0,24.36,3.52,663.17,0.0,1.68
256941791085041,249.67,28,6.42,235.51,7.73,233.26,186.34,240.03,0.0,0.0,0.0,0.0,0.0,0.0,1.7,0.0,2.93,0.0,8.27,3.41,705.71,0.0,1.75
256941796089459,278.27,28,7.49,262.61,8.17,260.94,178.46,267.92,0.0,0.0,0.0,0.0,0.0,0.0,1.74,0.0,2.76,0.0,14.86,3.61,659.56,0.0,2.0
256941801064211,258.15,28,6.9,243.05,8.19,241.3,177.94,248.51,0.0,0.0,0.0,0.0,0.0,0.0,1.49,0.0,2.58,0.0,12.02,3.54,664.89,0.0,1.26
256941805937406,265.37,28,14.22,242.8,8.35,245.64,193.77,255.38,0.0,0.0,0.0,0.0,0.0,0.0,9.02,0.0,10.2,0.0,22.5,3.54,685.95,0.0,1.61
256941811036051,328.85,28,12.73,307.55,8.57,309.29,174.54,318.71,0.0,0.0,0.0,0.0,0.0,0.0,1.3,0.0,8.05,0.0,15.49,3.64,645.96,0.0,1.57
256941815996124,262.05,28,6.41,241.67,13.97,240.22,175.27,246.67,0.0,0.0,0.0,0.0,0.0,0.0,1.25,0.0,2.7,0.0,9.28,3.49,675.36,0.0,1.41
256941820869084,331.42,28,6.77,317.52,7.13,315.73,180.89,322.19,0.0,0.0,0.0,0.0,0.0,0.0,1.18,0.0,2.24,0.0,10.01,3.49,695.24,0.0,2.09
256941826042524,240.26,28,5.77,227.09,7.41,225.31,180.69,231.63,0.0,0.0,0.0,0.0,0.0,0.0,1.52,0.0,2.51,0.0,8.24,3.56,679.61,0.0,1.22
256941831044320,315.76,28,6.49,300.11,9.16,297.53,180.6,304.98,0.0,0.0,0.0,0.0,0.0,0.0,1.62,0.0,2.62,0.0,16.0,3.58,676.35,0.0,1.62
256941835989712,780.89,28,9.12,762.05,9.72,661.11,228.13,770.06,0.0,0.0,0.0,0.0,0.0,0.0,1.28,0.0,5.56,0.0,12.21,3.51,723.68,0.0,1.11
256941842030908,339.15,28,10.61,319.4,9.13,316.07,184.06,324.63,0.0,0.0,0.0,0.0,0.0,0.0,1.35,0.0,2.37,0.0,15.98,3.61,688.23,0.0,5.38
256941847117381,318.58,28,6.17,304.51,7.9,302.29,179.57,309.44,0.0,0.0,0.0,0.0,0.0,0.0,1.32,0.0,2.38,0.0,9.93,3.53,661.86,0.0,1.25
256941852095449,255.08,28,7.12,240.33,7.63,239.12,185.56,245.68,0.0,0.0,0.0,0.0,0.0,0.0,1.65,0.0,2.63,0.0,13.57,3.55,668.07,0.0,1.77
256941857466719,802.65,28,7.24,716.03,79.37,632.01,254.41,721.6,0.0,0.0,0.0,0.0,0.0,0.0,1.75,0.0,2.79,0.0,21.7,3.48,725.22,0.0,1.68
256941864041263,251.19,28,6.39,236.91,7.89,234.52,182.55,241.78,0.0,0.0,0.0,0.0,0.0,0.0,1.78,0.0,2.71,0.0,14.63,3.49,665.65,0.0,1.52
256941869053316,831.04,28,6.78,814.97,9.29,714.95,216.57,820.68,0.0,0.0,0.0,0.0,0.0,0.0,1.45,0.0,2.55,0.0,10.85,3.5,710.07,0.0,1.07
256941875028078,248.97,28,6.66,234.21,8.1,231.35,174.88,239.14,0.0,0.0,0.0,0.0,0.0,0.0,1.29,0.0,2.28,0.0,9.57,3.58,676.1,0.0,1.72
256941880051197,249.59,28,6.78,235.69,7.12,232.73,187.82,240.68,0.0,0.0,0.0,0.0,0.0,0.0,1.41,0.0,2.54,0.0,13.06,3.71,677.27,0.0,1.79
256941884951849,250.69,28,8.37,234.21,8.1,232.71,176.68,240.3,0.0,0.0,0.0,0.0,0.0,0.0,1.45,0.0,2.41,0.0,16.8,4.34,663.8,0.0,2.29
256941890072437,240.61,28,11.11,221.32,8.18,220.33,172.19,226.73,0.0,0.0,0.0,0.0,0.0,0.0,1.56,0.0,2.54,0.0,11.55,3.5,644.12,0.0,5.71
256941894995535,317.35,28,6.68,297.71,12.96,295.1,185.38,303.09,0.0,0.0,0.0,0.0,0.0,0.0,1.88,0.0,2.99,0.0,8.63,3.54,664.89,0.0,1.3
256941900052275,244.62,28,6.77,229.83,8.02,215.53,180.03,235.04,0.0,0.0,0.0,0.0,0.0,0.0,1.73,0.0,2.73,0.0,12.37,3.51,675.67,0.0,1.56
256941905059574,240.39,28,7.44,224.82,8.13,223.2,183.32,230.1,0.0,0.0,0.0,0.0,0.0,0.0,1.51,0.0,2.47,0.0,22.27,3.58,666.15,0.0,2.16
256941909947090,309.29,28,6.29,295.51,7.48,293.5,176.32,300.22,0.0,0.0,0.0,0.0,0.0,0.0,1.66,0.0,2.6,0.0,9.39,3.5,677.45,0.0,1.59
256941914890786,318.39,28,6.14,304.57,7.68,301.42,172.71,309.18,0.0,0.0,0.0,0.0,0.0,0.0,1.38,0.0,2.59,0.0,9.92,3.66,661.06,0.0,1.53
256941920125772,315.61,28,7.37,299.1,9.15,295.72,172.7,303.65,0.0,0.0,0.0,0.0,0.0,0.0,1.24,0.0,2.27,0.0,9.89,3.49,662.94,0.0,2.45
256941925699692,456.91,28,8.24,386.32,62.35,385.36,241.05,392.38,0.0,0.0,0.0,0.0,0.0,0.0,1.5,0.0,2.5,0.0,11.59,3.6,682.36,0.0,2.14
256941930802803,319.32,28,6.37,303.62,9.33,301.57,176.29,308.66,0.0,0.0,0.0,0.0,0.0,0.0,1.6,0.0,2.57,0.0,10.58,3.67,678.48,0.0,1.34
256941935814048,325.93,28,10.26,307.58,8.09,305.64,175.89,313.06,0.0,0.0,0.0,0.0,0.0,0.0,1.53,0.0,2.55,0.0,14.58,3.55,663.91,0.0,4.78
256941940805684,241.8,28,6.6,228.47,6.74,225.97,179.47,233.72,0.0,0.0,0.0,0.0,0.0,0.0,1.45,0.0,2.37,0.0,11.3,3.48,674.12,0.0,1.34
256941946041541,321.69,28,5.76,308.23,7.71,305.55,172.37,312.67,0.0,0.0,0.0,0.0,0.0,0.0,1.44,0.0,2.52,0.0,8.75,3.56,668.17,0.0,1.31
256941951054906,314.15,28,7.28,298.32,8.55,297.06,179.18,303.92,0.0,0.0,0.0,0.0,0.0,0.0,1.49,0.0,2.62,0.0,11.49,3.59,669.49,0.0,1.68
256941956580587,563.12,28,258.83,237.44,66.84,487.35,172.78,494.37,0.0,0.0,0.0,0.0,0.0,0.0,1.41,0.0,253.97,0.0,162.87,5.71,723.56,0.0,1.91
256941961808069,873.56,28,12.91,345.5,515.16,228.73,164.47,357.32,0.0,0.0,0.0,0.0,0.0,0.0,1.7,0.0,10.01,0.0,8.91,3.67,643.9,0.0,1.05
256941967591617,316.27,28,7.05,300.22,9.0,297.73,182.13,304.92,0.0,0.0,0.0,0.0,0.0,0.0,1.21,0.0,2.27,0.0,17.85,3.51,653.15,0.0,2.35
256941972574631,256.95,28,7.56,241.7,7.69,239.43,178.95,247.12,0.0,0.0,0.0,0.0,0.0,0.0,1.35,0.0,2.52,0.0,10.95,3.61,679.2,0.0,2.13
256941978011140,319.68,28,7.37,305.16,7.15,304.19,180.46,310.73,0.0,0.0,0.0,0.0,0.0,0.0,1.61,0.0,2.65,0.0,13.28,3.49,670.79,0.0,1.8
256941983077996,989.85,28,7.83,972.58,9.44,902.21,222.75,978.55,0.0,0.0,0.0,0.0,0.0,0.0,1.61,0.0,2.59,0.0,11.6,4.51,723.92,0.0,1.85
256941989937557,812.11,28,7.11,732.57,72.43,676.78,232.13,737.97,0.0,0.0,0.0,0.0,0.0,0.0,1.55,0.0,3.17,0.0,12.55,3.55,730.88,0.0,1.71
256941995684560,251.57,28,7.7,235.85,8.01,231.19,179.63,240.76,0.0,0.0,0.0,0.0,0.0,0.0,1.44,0.0,2.5,0.0,11.37,3.53,662.18,0.0,2.79
256942001031674,820.9,28,17.29,793.54,10.07,687.39,216.13,799.69,0.0,0.0,0.0,0.0,0.0,0.0,3.84,0.0,4.85,0.0,16.29,3.49,673.75,0.0,9.92
256942006687109,324.14,28,6.23,310.22,7.69,307.67,181.6,315.04,0.0,0.0,0.0,0.0,0.0,0.0,1.32,0.0,2.38,0.0,9.93,3.48,682.02,0.0,1.4
256942011648762,316.01,28,6.79,299.9,9.32,296.14,177.24,304.94,0.0,0.0,0.0,0.0,0.0,0.0,1.5,0.0,2.47,0.0,12.14,3.54,674.61,0.0,1.75
256942016681450,258.31,28,6.06,244.72,7.53,241.5,179.64,249.0,0.0,0.0,0.0,0.0,0.0,0.0,1.85,0.0,2.8,0.0,9.39,3.71,678.11,0.0,1.78
256942021576327,233.12,28,10.48,214.33,8.31,210.89,178.4,219.6,0.0,0.0,0.0,0.0,0.0,0.0,1.51,0.0,2.47,0.0,17.41,3.52,670.92,0.0,5.21
256942027031014,772.89,28,9.28,750.95,12.65,638.02,224.0,758.41,0.0,0.0,0.0,0.0,0.0,0.0,1.71,0.0,2.9,0.0,16.57,4.57,688.51,0.0,1.81
256942033106023,246.95,28,6.78,232.27,7.9,227.05,175.48,237.13,0.0,0.0,0.0,0.0,0.0,0.0,1.45,0.0,2.53,0.0,10.85,3.73,676.07,0.0,1.93
256942037999069,785.42,28,8.23,759.25,17.93,656.46,247.0,765.38,0.0,0.0,0.0,0.0,0.0,0.0,1.8,0.0,2.96,0.0,11.3,3.51,688.61,0.0,2.1
256942043618518,248.47,28,6.9,232.15,9.42,229.87,183.24,237.07,0.0,0.0,0.0,0.0,0.0,0.0,1.5,0.0,2.59,0.0,12.4,3.48,688.41,0.0,1.98
256942049010921,267.16,28,7.1,251.54,8.52,249.17,189.11,257.07,0.0,0.0,0.0,0.0,0.0,0.0,1.47,0.0,2.49,0.0,19.36,3.76,669.42,0.0,1.57
256942054061903,250.29,28,7.29,234.78,8.23,229.35,180.09,239.5,0.0,0.0,0.0,0.0,0.0,0.0,1.24,0.0,2.21,0.0,9.3,3.57,672.41,0.0,2.57
256942059069209,324.03,28,7.37,307.57,9.09,305.11,185.0,313.28,0.0,0.0,0.0,0.0,0.0,0.0,1.37,0.0,2.51,0.0,11.5,3.48,675.66,0.0,1.66
256942064124492,317.32,28,7.98,300.75,8.58,299.41,187.22,306.51,0.0,0.0,0.0,0.0,0.0,0.0,1.61,0.0,2.54,0.0,21.84,3.48,676.36,0.0,2.23
256942069079511,240.31,28,7.59,224.71,8.01,221.57,181.62,230.25,0.0,0.0,0.0,0.0,0.0,0.0,1.65,0.0,2.59,0.0,12.08,3.66,674.87,0.0,2.05
256942074033756,241.29,28,8.06,225.02,8.2,222.51,186.22,231.12,0.0,0.0,0.0,0.0,0.0,0.0,1.7,0.0,2.7,0.0,15.27,3.61,677.8,0.0,1.97
256942078929029,249.57,28,6.97,233.58,9.02,231.04,183.41,238.69,0.0,0.0,0.0,0.0,0.0,0.0,1.45,0.0,2.4,0.0,9.52,3.49,676.68,0.0,1.86
256942083881570,310.95,28,6.85,295.4,8.7,293.4,185.23,300.74,0.0,0.0,0.0,0.0,0.0,0.0,1.55,0.0,2.71,0.0,16.04,3.48,685.77,0.0,1.52
256942089048892,237.62,28,5.39,223.89,8.33,219.27,184.76,227.6,0.0,0.0,0.0,0.0,0.0,0.0,1.45,0.0,2.47,0.0,19.74,3.57,676.15,0.0,1.69
256942094052259,325.36,28,7.08,309.81,8.47,303.85,185.4,315.15,0.0,0.0,0.0,0.0,0.0,0.0,2.12,0.0,3.28,0.0,17.82,3.65,687.37,0.0,1.74
256942099018319,313.39,28,14.09,290.04,9.26,293.6,185.27,300.87,0.0,0.0,0.0,0.0,0.0,0.0,6.11,0.0,7.23,0.0,19.55,3.6,676.18,0.0,3.26
256942104085359,329.69,28,8.36,312.32,9.01,307.31,185.41,318.25,0.0,0.0,0.0,0.0,0.0,0.0,1.18,0.0,2.18,0.0,35.53,3.81,661.85,0.0,2.37
256942109112398,317.76,28,8.6,301.88,7.28,295.84,185.92,308.44,0.0,0.0,0.0,0.0,0.0,0.0,2.04,0.0,2.99,0.0,15.8,3.58,656.89,0.0,2.04
256942114107100,251.15,28,7.25,234.63,9.26,232.13,183.9,240.13,0.0,0.0,0.0,0.0,0.0,0.0,1.87,0.0,2.85,0.0,8.09,3.48,687.81,0.0,1.75
256942119034507,245.9,28,7.0,229.91,8.99,228.66,181.29,235.21,0.0,0.0,0.0,0.0,0.0,0.0,1.44,0.0,2.56,0.0,14.83,3.53,672.33,0.0,1.7
256942123965900,308.06,28,5.96,294.46,7.64,291.7,179.59,298.63,0.0,0.0,0.0,0.0,0.0,0.0,1.17,0.0,2.15,0.0,9.71,3.57,687.01,0.0,1.8
256942128952638,310.79,28,7.49,296.18,7.12,295.31,181.86,302.06,0.0,0.0,0.0,0.0,0.0,0.0,1.4,0.0,2.41,0.0,9.43,4.85,670.92,0.0,1.61
256942134056918,318.82,28,6.9,302.77,9.16,300.57,174.7,307.91,0.0,0.0,0.0,0.0,0.0,0.0,2.02,0.0,2.95,0.0,10.33,3.51,677.87,0.0,1.76
256942139734651,441.77,28,7.33,354.87,79.57,353.25,197.85,360.19,0.0,0.0,0.0,0.0,0.0,0.0,1.52,0.0,2.58,0.0,9.01,3.49,676.16,0.0,2.01
256942145051663,317.1,28,8.0,300.22,8.88,298.91,176.66,305.8,0.0,0.0,0.0,0.0,0.0,0.0,1.5,0.0,2.49,0.0,20.03,3.56,661.27,0.0,2.42
256942150049502,240.31,28,6.83,225.9,7.59,222.65,178.36,231.06,0.0,0.0,0.0,0.0,0.0,0.0,1.31,0.0,2.27,0.0,8.64,3.47,681.37,0.0,1.67
256942155068965,312.85,28,6.93,296.04,9.88,294.07,178.98,301.75,0.0,0.0,0.0,0.0,0.0,0.0,1.52,0.0,2.5,0.0,10.73,3.52,667.68,0.0,1.21
256942160064315,313.57,28,6.76,298.1,8.72,296.28,179.33,303.28,0.0,0.0,0.0,0.0,0.0,0.0,1.27,0.0,2.28,0.0,16.57,3.47,652.95,0.0,1.57
256942165083490,246.57,28,6.74,231.78,8.05,229.0,185.75,236.8,0.0,0.0,0.0,0.0,0.0,0.0,1.19,0.0,2.13,0.0,8.67,3.47,683.3,0.0,1.72
256942170502239,609.93,28,6.62,529.38,73.93,526.36,214.37,534.52,0.0,0.0,0.0,0.0,0.0,0.0,1.72,0.0,2.68,0.0,9.28,3.47,662.72,0.0,1.48
256942176034811,251.32,28,6.99,235.37,8.97,234.22,177.71,241.1,0.0,0.0,0.0,0.0,0.0,0.0,1.49,0.0,2.46,0.0,11.18,3.66,672.05,0.0,1.26
256942181102771,260.49,28,7.85,244.06,8.58,242.09,183.54,249.79,0.0,0.0,0.0,0.0,0.0,0.0,1.55,0.0,2.64,0.0,11.48,3.43,676.41,0.0,2.11
256942186076758,323.8,28,7.85,307.43,8.52,306.94,178.67,313.63,0.0,0.0,0.0,0.0,0.0,0.0,1.59,0.0,2.67,0.0,20.61,3.59,667.76,0.0,1.65
256942191087571,239.26,28,7.95,222.88,8.43,221.61,184.57,229.08,0.0,0.0,0.0,0.0,0.0,0.0,1.77,0.0,2.73,0.0,15.86,3.47,693.59,0.0,1.75
256942196070413,328.78,28,11.59,308.9,8.29,311.48,181.4,318.77,0.0,0.0,0.0,0.0,0.0,0.0,1.51,0.0,2.6,0.0,15.87,9.6,669.22,0.0,1.72
256942201075723,239.7,28,6.9,225.22,7.57,209.97,181.81,230.56,0.0,0.0,0.0,0.0,0.0,0.0,1.46,0.0,2.48,0.0,13.7,3.64,682.5,0.0,1.56
256942206059142,244.47,28,6.6,229.71,8.17,226.94,173.97,234.52,0.0,0.0,0.0,0.0,0.0,0.0,1.53,0.0,2.65,0.0,11.44,3.5,663.46,0.0,1.79
256942211061774,250.87,28,7.92,235.05,7.9,231.73,181.91,240.82,0.0,0.0,0.0,0.0,0.0,0.0,1.7,0.0,2.78,0.0,10.86,3.49,685.23,0.0,2.15
256942216019564,272.64,28,8.15,256.91,7.58,238.16,183.34,262.78,0.0,0.0,0.0,0.0,0.0,0.0,1.88,0.0,3.03,0.0,29.9,3.5,662.84,0.0,2.28
256942220929518,331.32,28,5.93,317.73,7.66,314.05,178.34,322.23,0.0,0.0,0.0,0.0,0.0,0.0,1.27,0.0,2.35,0.0,9.76,3.62,666.3,0.0,1.43
256942226084314,267.09,28,6.78,251.5,8.81,249.4,180.46,256.58,0.0,0.0,0.0,0.0,0.0,0.0,2.01,0.0,3.02,0.0,13.9,3.5,657.2,0.0,1.69
256942231061027,245.14,28,13.76,223.55,7.83,228.59,179.15,235.95,0.0,0.0,0.0,0.0,0.0,0.0,2.15,0.0,10.32,0.0,10.97,3.52,670.99,0.0,1.35
256942236053266,319.99,28,10.13,300.63,9.23,301.49,173.71,308.96,0.0,0.0,0.0,0.0,0.0,0.0,1.38,0.0,6.49,0.0,17.03,3.57,649.58,0.0,1.81
256942241074210,233.55,28,7.19,218.96,7.4,217.5,190.22,224.91,0.0,0.0,0.0,0.0,0.0,0.0,1.48,0.0,2.48,0.0,20.02,3.47,685.69,0.0,1.24
256942246013995,326.61,28,7.6,309.91,9.09,308.21,179.16,315.26,0.0,0.0,0.0,0.0,0.0,0.0,1.89,0.0,3.08,0.0,10.76,3.52,661.74,0.0,2.25
256942251063953,248.04,28,6.71,234.19,7.14,232.17,172.68,239.22,0.0,0.0,0.0,0.0,0.0,0.0,1.59,0.0,2.58,0.0,12.8,3.48,643.76,0.0,1.68
256942255983473,251.38,28,7.22,235.99,8.17,233.71,182.82,241.13,0.0,0.0,0.0,0.0,0.0,0.0,1.62,0.0,2.67,0.0,33.27,3.44,657.99,0.0,2.08
256942261472063,759.93,28,8.84,688.36,62.73,640.51,250.22,694.8,0.0,0.0,0.0,0.0,0.0,0.0,1.57,0.0,2.82,0.0,19.29,3.62,698.3,0.0,2.4
256942267534937,580.71,28,8.41,563.38,8.93,560.85,213.86,569.07,0.0,0.0,0.0,0.0,0.0,0.0,1.7,0.0,2.66,0.0,16.65,3.57,694.92,0.0,2.71
256942272791186,572.21,28,5.82,556.98,9.41,432.94,181.0,561.15,0.0,0.0,0.0,0.0,0.0,0.0,1.79,0.0,2.77,0.0,9.87,3.48,668.22,0.0,1.65
256942278633230,327.19,28,11.18,308.0,8.01,306.66,194.25,314.3,0.0,0.0,0.0,0.0,0.0,0.0,1.55,0.0,2.65,0.0,43.17,3.65,650.31,0.0,4.88
256942283623546,473.25,28,6.75,457.35,9.15,455.37,241.05,462.47,0.0,0.0,0.0,0.0,0.0,0.0,1.56,0.0,2.51,0.0,11.88,3.51,697.36,0.0,1.63
256942288758130,309.75,28,6.48,296.26,7.01,292.9,181.29,301.21,0.0,0.0,0.0,0.0,0.0,0.0,1.58,0.0,2.57,0.0,8.97,3.45,676.04,0.0,1.53
256942293749435,345.01,28,6.56,329.52,8.93,327.13,178.39,334.07,0.0,0.0,0.0,0.0,0.0,0.0,1.28,0.0,2.27,0.0,8.34,3.5,681.54,0.0,2.01
256942298841214,319.51,28,8.08,302.51,8.92,301.57,179.41,308.66,0.0,0.0,0.0,0.0,0.0,0.0,1.89,0.0,2.97,0.0,14.22,3.54,660.83,0.0,1.94
256942303829455,240.46,28,6.82,225.05,8.6,223.39,183.65,230.05,0.0,0.0,0.0,0.0,0.0,0.0,1.57,0.0,2.5,0.0,7.91,3.53,709.05,0.0,1.82
256942309033383,249.63,28,7.75,233.98,7.91,229.89,174.85,239.67,0.0,0.0,0.0,0.0,0.0,0.0,1.79,0.0,2.86,0.0,14.67,3.6,657.39,0.0,2.06
256942313943562,259.92,28,11.51,241.14,7.27,241.05,179.46,247.58,0.0,0.0,0.0,0.0,0.0,0.0,2.03,0.0,2.99,0.0,18.63,3.45,670.18,0.0,5.07
256942318923061,308.74,28,6.57,294.1,8.07,291.71,177.66,298.77,0.0,0.0,0.0,0.0,0.0,0.0,1.4,0.0,2.37,0.0,10.45,3.49,687.4,0.0,1.9
256942323896565,323.76,28,7.26,307.62,8.88,306.03,179.46,313.17,0.0,0.0,0.0,0.0,0.0,0.0,1.58,0.0,2.77,0.0,10.46,3.54,627.84,0.0,1.71
256942328935056,254.84,28,6.88,240.15,7.81,237.49,175.81,244.96,0.0,0.0,0.0,0.0,0.0,0.0,1.38,0.0,2.51,0.0,9.61,3.51,675.36,0.0,2.08
256942334075162,270.09,28,6.94,254.94,8.2,253.43,190.91,260.42,0.0,0.0,0.0,0.0,0.0,0.0,1.72,0.0,2.81,0.0,11.79,3.64,683.84,0.0,1.47
256942339080549,318.24,28,7.44,301.61,9.18,299.47,179.06,306.34,0.0,0.0,0.0,0.0,0.0,0.0,1.32,0.0,2.45,0.0,11.0,3.41,673.78,0.0,2.71
256942344516084,568.81,28,6.6,482.09,80.12,478.45,269.39,486.75,0.0,0.0,0.0,0.0,0.0,0.0,1.26,0.0,2.57,0.0,11.35,3.53,730.24,0.0,1.94
256942349784876,387.9,28,9.52,369.95,8.43,370.27,217.26,377.68,0.0,0.0,0.0,0.0,0.0,0.0,1.79,0.0,2.95,0.0,14.79,6.13,667.47,0.0,1.77
256942355325526,716.12,28,10.47,631.27,74.38,631.62,233.18,640.01,0.0,0.0,0.0,0.0,0.0,0.0,1.47,0.0,2.52,0.0,15.42,8.18,723.44,0.0,1.73
256942361029432,314.83,28,6.26,299.3,9.27,296.6,183.4,303.84,0.0,0.0,0.0,0.0,0.0,0.0,1.47,0.0,2.46,0.0,12.95,3.54,679.14,0.0,1.71
256942366075417,238.41,28,13.68,217.23,7.5,222.46,177.15,229.23,0.0,0.0,0.0,0.0,0.0,0.0,8.87,0.0,9.86,0.0,24.31,3.58,661.41,0.0,1.58
256942371106757,241.9,28,7.47,220.22,14.21,219.21,183.05,225.74,0.0,0.0,0.0,0.0,0.0,0.0,1.83,0.0,2.94,0.0,13.89,3.44,686.37,0.0,1.95
256942375989699,769.7,28,11.66,748.45,9.59,661.23,215.97,758.52,0.0,0.0,0.0,0.0,0.0,0.0,3.47,0.0,5.83,0.0,19.96,6.8,692.57,0.0,1.45
256942382049414,225.43,28,6.9,211.17,7.36,209.68,181.6,216.36,0.0,0.0,0.0,0.0,0.0,0.0,1.58,0.0,2.55,0.0,15.71,3.57,674.47,0.0,1.57
256942387048979,309.4,28,8.01,292.41,8.98,289.73,177.37,297.03,0.0,0.0,0.0,0.0,0.0,0.0,1.42,0.0,2.5,0.0,10.35,3.46,673.0,0.0,2.74
256942392114608,250.71,28,7.33,235.79,7.59,234.51,175.21,241.17,0.0,0.0,0.0,0.0,0.0,0.0,1.51,0.0,2.49,0.0,13.94,3.51,646.47,0.0,1.79
256942397594703,528.7,28,6.5,448.52,73.67,446.52,284.95,453.65,0.0,0.0,0.0,0.0,0.0,0.0,1.68,0.0,2.67,0.0,11.86,3.64,740.72,0.0,1.38
256942402850647,252.66,28,6.81,237.87,7.98,235.52,183.84,242.94,0.0,0.0,0.0,0.0,0.0,0.0,1.44,0.0,2.39,0.0,10.3,3.53,688.7,0.0,1.74
256942408273027,742.3,28,6.34,656.07,79.89,643.4,265.35,660.54,0.0,0.0,0.0,0.0,0.0,0.0,1.3,0.0,2.54,0.0,26.55,3.49,730.68,0.0,1.86
256942414041493,790.36,28,7.22,773.3,9.84,676.09,255.78,778.69,0.0,0.0,0.0,0.0,0.0,0.0,1.79,0.0,2.9,0.0,19.3,3.71,729.0,0.0,1.83
256942420233085,342.8,28,5.8,329.68,7.32,327.1,171.65,334.19,0.0,0.0,0.0,0.0,0.0,0.0,1.33,0.0,2.46,0.0,9.03,3.49,665.99,0.0,1.28
256942425270774,312.87,28,6.78,296.92,9.16,295.06,182.74,301.85,0.0,0.0,0.0,0.0,0.0,0.0,1.62,0.0,2.62,0.0,9.14,3.47,705.54,0.0,1.85
256942430803047,363.56,28,7.55,286.44,69.58,220.78,194.18,291.99,0.0,0.0,0.0,0.0,0.0,0.0,1.74,0.0,2.87,0.0,17.92,3.5,620.31,0.0,2.0
256942435835090,258.61,28,6.72,244.37,7.52,240.93,183.39,249.48,0.0,0.0,0.0,0.0,0.0,0.0,1.6,0.0,3.0,0.0,9.04,3.48,694.31,0.0,1.62
256942441032285,312.33,28,6.63,297.12,8.59,295.05,174.15,301.91,0.0,0.0,0.0,0.0,0.0,0.0,1.49,0.0,2.66,0.0,8.84,3.46,679.0,0.0,1.83
256942445995283,821.3,28,10.73,797.48,13.09,679.35,259.36,803.62,0.0,0.0,0.0,0.0,0.0,0.0,1.79,0.0,2.75,0.0,19.49,3.56,743.37,0.0,4.59
256942452039832,805.27,28,6.92,787.69,10.67,665.54,225.69,792.59,0.0,0.0,0.0,0.0,0.0,0.0,1.62,0.0,2.59,0.0,8.75,3.55,660.26,0.0,2.02
256942458557700,569.99,28,55.34,431.76,82.88,478.29,252.57,485.23,0.0,0.0,0.0,0.0,0.0,0.0,1.62,0.0,2.62,0.0,72.13,52.71,679.19,0.0,1.86
256942463908771,309.42,28,5.98,296.01,7.43,293.29,180.32,300.37,0.0,0.0,0.0,0.0,0.0,0.0,1.48,0.0,2.47,0.0,11.79,3.56,662.8,0.0,1.61
256942468896657,329.19,28,7.54,314.17,7.49,312.94,176.89,319.69,0.0,0.0,0.0,0.0,0.0,0.0,1.44,0.0,2.73,0.0,10.54,3.52,683.79,0.0,2.02
256942473928470,267.04,28,7.16,252.29,7.59,250.91,177.62,257.7,0.0,0.0,0.0,0.0,0.0,0.0,1.57,0.0,2.67,0.0,21.62,3.65,668.17,0.0,1.74
256942478859036,333.45,28,13.62,311.58,8.24,316.88,188.56,323.73,0.0,0.0,0.0,0.0,0.0,0.0,1.48,0.0,8.46,0.0,29.13,3.68,672.96,0.0,1.47
256942484057826,1193.79,28,6.28,514.92,672.59,340.16,165.22,519.95,0.0,0.0,0.0,0.0,0.0,0.0,1.8,0.0,3.05,0.0,9.06,3.65,646.94,0.0,1.25
256942491008002,836.91,28,7.58,774.93,54.4,669.88,254.79,780.46,0.0,0.0,0.0,0.0,0.0,0.0,1.59,0.0,2.77,0.0,17.84,3.54,706.98,0.0,2.06
256942497038048,313.1,28,6.17,298.71,8.21,295.47,171.57,303.14,0.0,0.0,0.0,0.0,0.0,0.0,1.25,0.0,2.59,0.0,8.56,3.41,667.28,0.0,1.74
256942502077610,321.95,28,6.52,306.7,8.73,304.03,187.17,311.44,0.0,0.0,0.0,0.0,0.0,0.0,1.63,0.0,2.68,0.0,11.93,3.84,682.76,0.0,1.79
256942507587393,548.33,28,7.97,432.44,107.92,432.34,260.64,438.64,0.0,0.0,0.0,0.0,0.0,0.0,1.76,0.0,2.85,0.0,26.38,3.44,723.15,0.0,1.77
256942512825816,235.56,28,6.75,219.95,8.85,218.1,183.54,224.58,0.0,0.0,0.0,0.0,0.0,0.0,1.31,0.0,2.26,0.0,13.17,3.54,681.3,0.0,2.12
256942517751628,321.71,28,10.42,302.49,8.79,301.59,186.61,308.18,0.0,0.0,0.0,0.0,0.0,0.0,1.59,0.0,2.69,0.0,12.13,3.46,688.26,0.0,4.71
256942522771622,287.86,28,7.82,271.77,8.28,271.18,180.24,277.74,0.0,0.0,0.0,0.0,0.0,0.0,1.55,0.0,2.49,0.0,11.99,3.49,682.31,0.0,1.85
256942528312818,376.77,28,7.5,299.91,69.37,298.15,186.23,305.7,0.0,0.0,0.0,0.0,0.0,0.0,1.69,0.0,2.77,0.0,10.61,3.49,688.77,0.0,1.71
256942533431356,259.14,28,6.98,244.35,7.82,242.26,180.8,249.25,0.0,0.0,0.0,0.0,0.0,0.0,1.47,0.0,2.71,0.0,10.94,3.45,673.24,0.0,2.08
256942538936555,915.37,28,7.24,747.09,161.04,654.81,241.72,752.1,0.0,0.0,0.0,0.0,0.0,0.0,1.4,0.0,2.8,0.0,12.59,3.66,686.8,0.0,2.23
256942545060242,255.33,28,6.77,239.34,9.21,236.65,178.91,244.39,0.0,0.0,0.0,0.0,0.0,0.0,1.51,0.0,2.51,0.0,12.27,3.48,675.05,0.0,1.73
256942550067453,311.22,28,6.04,297.0,8.19,294.67,177.32,301.87,0.0,0.0,0.0,0.0,0.0,0.0,1.46,0.0,2.43,0.0,8.44,3.47,662.9,0.0,1.16
256942555094077,231.73,28,7.16,216.84,7.72,214.32,174.91,221.78,0.0,0.0,0.0,0.0,0.0,0.0,1.48,0.0,2.43,0.0,12.01,3.55,672.34,0.0,2.23
256942559987038,311.59,28,10.14,294.18,7.27,295.19,181.05,302.56,0.0,0.0,0.0,0.0,0.0,0.0,1.39,0.0,2.31,0.0,14.39,7.47,662.83,0.0,1.76
256942564985130,254.55,28,17.78,227.99,8.79,236.92,179.59,243.94,0.0,0.0,0.0,0.0,0.0,0.0,1.34,0.0,2.44,0.0,42.54,26.59,648.36,0.0,1.82
256942569895275,223.85,28,6.36,209.47,8.02,207.47,187.14,214.11,0.0,0.0,0.0,0.0,0.0,0.0,1.55,0.0,2.61,0.0,10.05,3.51,686.19,0.0,1.72
256942575034208,241.94,28,6.74,226.92,8.28,224.5,181.46,231.55,0.0,0.0,0.0,0.0,0.0,0.0,1.38,0.0,2.46,0.0,10.51,3.54,665.31,0.0,2.1
256942580064588,251.53,28,7.25,235.85,8.43,233.85,183.24,241.05,0.0,0.0,0.0,0.0,0.0,0.0,1.75,0.0,2.69,0.0,13.57,3.47,694.26,0.0,2.05
256942585027485,306.06,28,7.15,291.37,7.55,290.36,184.21,296.99,0.0,0.0,0.0,0.0,0.0,0.0,1.86,0.0,2.96,0.0,10.12,3.6,666.84,0.0,1.53
256942590066958,248.34,28,6.34,234.33,7.66,230.52,198.64,239.59,0.0,0.0,0.0,0.0,0.0,0.0,1.66,0.0,2.6,0.0,31.26,3.53,677.02,0.0,1.08
256942595079203,257.74,28,6.41,243.86,7.47,242.33,178.19,248.88,0.0,0.0,0.0,0.0,0.0,0.0,1.58,0.0,2.53,0.0,11.59,3.52,665.54,0.0,1.39
256942600081462,315.86,28,14.73,293.07,8.06,299.33,170.01,306.05,0.0,0.0,0.0,0.0,0.0,0.0,11.14,0.0,12.12,0.0,10.34,3.69,668.99,0.0,1.75
256942605103782,323.55,28,8.2,306.09,9.26,305.34,190.58,312.19,0.0,0.0,0.0,0.0,0.0,0.0,1.55,0.0,2.58,0.0,40.34,3.52,673.33,0.0,2.1
256942610109536,239.21,28,23.24,208.56,7.41,222.9,182.77,230.37,0.0,0.0,0.0,0.0,0.0,0.0,1.47,0.0,19.14,0.0,23.93,3.59,669.87,0.0,1.44
256942615151723,862.65,28,8.79,780.23,73.63,749.0,236.57,786.4,0.0,0.0,0.0,0.0,0.0,0.0,1.54,0.0,2.54,0.0,10.13,5.5,710.31,0.0,2.54
256942621035085,249.23,28,6.59,234.03,8.61,232.25,175.05,238.7,0.0,0.0,0.0,0.0,0.0,0.0,1.39,0.0,2.51,0.0,9.4,3.5,675.86,0.0,1.91
256942626023296,311.7,28,6.82,296.12,8.75,293.83,180.75,301.13,0.0,0.0,0.0,0.0,0.0,0.0,1.29,0.0,2.5,0.0,8.68,3.44,678.16,0.0,1.81
256942631083551,310.32,28,6.87,295.01,8.44,293.45,180.09,299.98,0.0,0.0,0.0,0.0,0.0,0.0,1.57,0.0,2.67,0.0,17.15,3.49,674.26,0.0,1.86
256942636118400,314.18,28,6.1,300.45,7.63,298.85,179.84,304.89,0.0,0.0,0.0,0.0,0.0,0.0,1.54,0.0,2.53,0.0,10.77,3.5,680.59,0.0,1.66
256942641082339,255.46,28,6.42,240.89,8.14,239.27,172.47,245.65,0.0,0.0,0.0,0.0,0.0,0.0,1.68,0.0,2.75,0.0,7.64,3.38,676.57,0.0,1.62
256942646104461,341.22,28,6.27,326.4,8.55,324.4,176.3,331.42,0.0,0.0,0.0,0.0,0.0,0.0,1.26,0.0,2.26,0.0,11.01,3.46,672.12,0.0,1.24
256942651708063,471.61,28,6.23,379.12,86.26,376.06,212.7,383.46,0.0,0.0,0.0,0.0,0.0,0.0,1.34,0.0,2.29,0.0,10.26,3.54,699.55,0.0,1.59
256942656870689,832.4,28,6.57,817.86,7.98,717.92,238.9,822.72,0.0,0.0,0.0,0.0,0.0,0.0,1.21,0.0,2.21,0.0,9.51,3.57,728.97,0.0,1.68
256942662615814,473.19,28,6.76,457.12,9.3,455.06,243.35,461.96,0.0,0.0,0.0,0.0,0.0,0.0,1.47,0.0,2.43,0.0,9.96,3.69,717.75,0.0,1.92
256942668342364,716.22,28,7.73,631.76,76.72,630.42,256.21,637.43,0.0,0.0,0.0,0.0,0.0,0.0,1.61,0.0,2.9,0.0,19.87,3.51,719.48,0.0,2.0
256942674033733,234.44,28,6.46,220.12,7.86,218.96,176.98,225.31,0.0,0.0,0.0,0.0,0.0,0.0,1.63,0.0,2.62,0.0,10.23,3.54,679.45,0.0,1.27
256942679079982,314.59,28,6.64,299.81,8.15,298.21,184.99,304.68,0.0,0.0,0.0,0.0,0.0,0.0,1.3,0.0,2.23,0.0,11.07,3.57,686.09,0.0,1.77
256942684673220,848.11,28,8.33,757.29,82.49,648.1,199.66,763.23,0.0,0.0,0.0,0.0,0.0,0.0,1.3,0.0,2.27,0.0,18.51,4.54,643.22,0.0,2.31
256942690749486,315.03,28,8.18,298.63,8.22,298.36,182.26,304.82,0.0,0.0,0.0,0.0,0.0,0.0,1.91,0.0,2.86,0.0,19.02,3.7,660.12,0.0,2.0
256942695726881,242.08,28,7.34,226.21,8.53,224.33,179.47,231.87,0.0,0.0,0.0,0.0,0.0,0.0,1.73,0.0,2.84,0.0,16.11,3.62,681.53,0.0,1.69
256942700705615,435.82,28,7.67,418.46,9.68,416.55,202.02,423.38,0.0,0.0,0.0,0.0,0.0,0.0,1.4,0.0,2.53,0.0,11.19,3.56,688.26,0.0,2.75
256942706035573,276.19,28,6.1,262.78,7.31,259.06,180.51,267.19,0.0,0.0,0.0,0.0,0.0,0.0,1.38,0.0,2.34,0.0,9.35,3.51,680.1,0.0,1.69
256942711559268,564.91,28,6.33,474.15,84.43,471.43,239.27,478.61,0.0,0.0,0.0,0.0,0.0,0.0,1.49,0.0,2.48,0.0,8.22,3.45,719.68,0.0,1.87
256942717352762,696.17,28,5.92,610.83,79.42,606.85,231.54,615.42,0.0,0.0,0.0,0.0,0.0,0.0,1.56,0.0,2.66,0.0,8.72,3.49,700.91,0.0,1.33
256942723351574,847.03,28,8.72,764.34,73.97,664.92,253.12,770.18,0.0,0.0,0.0,0.0,0.0,0.0,1.64,0.0,2.75,0.0,13.45,3.65,741.11,0.0,2.54
256942729561997,255.48,28,7.74,239.87,7.87,238.4,187.17,245.89,0.0,0.0,0.0,0.0,0.0,0.0,1.96,0.0,3.19,0.0,12.72,3.57,677.93,0.0,1.72
256942734532580,302.73,28,8.31,286.21,8.21,286.4,177.22,292.77,0.0,0.0,0.0,0.0,0.0,0.0,1.97,0.0,2.97,0.0,32.09,3.6,671.26,0.0,1.75
256942739549761,238.84,28,11.97,218.35,8.51,221.63,177.58,228.07,0.0,0.0,0.0,0.0,0.0,0.0,1.59,0.0,7.93,0.0,11.92,3.59,675.48,0.0,2.25
256942745073990,798.24,28,9.67,710.43,78.13,660.47,237.1,717.55,0.0,0.0,0.0,0.0,0.0,0.0,1.85,0.0,3.23,0.0,18.13,3.89,701.8,0.0,2.56
256942750711740,241.04,28,7.25,224.15,9.64,221.6,187.09,229.11,0.0,0.0,0.0,0.0,0.0,0.0,1.56,0.0,2.78,0.0,9.54,3.47,699.87,0.0,2.28
256942756035169,313.45,28,7.21,297.38,8.86,294.78,179.32,302.32,0.0,0.0,0.0,0.0,0.0,0.0,1.44,0.0,2.43,0.0,10.16,3.54,672.79,0.0,2.27
256942761096848,252.46,28,6.83,237.49,8.13,235.32,179.6,242.85,0.0,0.0,0.0,0.0,0.0,0.0,1.37,0.0,2.4,0.0,10.25,3.44,683.24,0.0,1.47
256942766104673,318.25,28,8.5,300.51,9.24,298.96,178.97,306.58,0.0,0.0,0.0,0.0,0.0,0.0,1.43,0.0,2.64,0.0,13.36,3.44,665.63,0.0,2.43
256942771130341,311.68,28,6.72,295.77,9.19,294.24,173.51,300.47,0.0,0.0,0.0,0.0,0.0,0.0,1.34,0.0,2.49,0.0,8.79,3.44,666.95,0.0,2.02
256942776134251,327.3,28,7.6,311.8,7.9,310.28,177.77,317.06,0.0,0.0,0.0,0.0,0.0,0.0,1.62,0.0,2.55,0.0,11.02,3.48,679.84,0.0,2.35
256942781238625,773.87,28,6.99,757.21,9.68,674.69,236.56,761.97,0.0,0.0,0.0,0.0,0.0,0.0,1.26,0.0,2.22,0.0,11.69,3.48,689.65,0.0,2.22
256942786747043,245.06,28,6.42,230.78,7.87,229.03,181.06,235.66,0.0,0.0,0.0,0.0,0.0,0.0,1.36,0.0,2.29,0.0,8.45,3.55,696.86,0.0,1.53
256942791694742,328.0,28,7.11,312.37,8.53,311.26,172.91,317.44,0.0,0.0,0.0,0.0,0.0,0.0,1.62,0.0,2.55,0.0,10.13,3.54,665.5,0.0,1.94
256942796751090,321.99,28,7.14,306.59,8.26,303.92,186.22,310.4,0.0,0.0,0.0,0.0,0.0,0.0,1.29,0.0,2.23,0.0,8.45,3.67,689.74,0.0,3.0
256942802043474,241.04,28,6.55,226.32,8.17,224.72,175.77,231.23,0.0,0.0,0.0,0.0,0.0,0.0,1.68,0.0,2.78,0.0,9.31,3.63,680.43,0.0,1.63
256942807050208,259.23,28,6.65,244.53,8.05,242.6,179.05,249.19,0.0,0.0,0.0,0.0,0.0,0.0,1.27,0.0,2.31,0.0,8.59,3.5,687.66,0.0,1.99
256942812122083,310.57,28,7.24,293.66,9.67,290.88,178.13,298.22,0.0,0.0,0.0,0.0,0.0,0.0,1.71,0.0,2.69,0.0,8.25,3.43,687.24,0.0,2.6
256942817229109,236.11,28,7.86,220.04,8.21,219.17,178.64,225.57,0.0,0.0,0.0,0.0,0.0,0.0,1.79,0.0,2.8,0.0,8.73,3.41,669.06,0.0,2.33
256942822180857,249.99,28,6.2,235.0,8.8,233.02,181.98,239.57,0.0,0.0,0.0,0.0,0.0,0.0,1.49,0.0,2.45,0.0,9.05,3.58,673.01,0.0,1.61
256942827751746,340.43,28,7.03,255.96,77.44,254.71,180.9,261.15,0.0,0.0,0.0,0.0,0.0,0.0,1.46,0.0,2.47,0.0,17.04,3.59,670.59,0.0,1.71
256942833038917,831.97,28,7.67,814.37,9.93,712.93,249.87,820.37,0.0,0.0,0.0,0.0,0.0,0.0,1.58,0.0,2.62,0.0,24.0,4.46,709.98,0.0,1.67
256942838715831,262.88,28,6.47,247.5,8.91,245.35,178.66,252.21,0.0,0.0,0.0,0.0,0.0,0.0,1.43,0.0,2.37,0.0,10.68,3.53,670.05,0.0,1.77
256942843673613,316.42,28,6.08,301.75,8.59,299.66,183.35,306.4,0.0,0.0,0.0,0.0,0.0,0.0,1.52,0.0,2.49,0.0,11.77,3.6,677.94,0.0,1.43
256942849257704,865.6,28,6.95,777.65,80.99,685.43,218.78,782.43,0.0,0.0,0.0,0.0,0.0,0.0,1.57,0.0,2.62,0.0,8.84,3.64,690.02,0.0,2.07
256942856015455,238.83,28,7.06,222.8,8.97,220.86,181.1,228.38,0.0,0.0,0.0,0.0,0.0,0.0,1.63,0.0,2.84,0.0,12.02,3.64,693.1,0.0,1.29
256942861059072,312.94,28,6.88,298.12,7.94,295.96,171.98,303.01,0.0,0.0,0.0,0.0,0.0,0.0,1.69,0.0,2.87,0.0,9.03,3.51,660.05,0.0,1.99
256942866099255,243.37,28,6.72,228.37,8.28,226.89,182.34,233.65,0.0,0.0,0.0,0.0,0.0,0.0,1.7,0.0,2.77,0.0,9.14,3.48,684.26,0.0,1.44
256942871141492,317.24,28,12.77,295.75,8.72,300.11,183.3,307.15,0.0,0.0,0.0,0.0,0.0,0.0,8.25,0.0,9.45,0.0,11.11,3.6,665.51,0.0,1.38
256942876703728,423.29,28,98.49,245.29,79.51,335.19,189.39,341.99,0.0,0.0,0.0,0.0,0.0,0.0,1.7,0.0,93.53,0.0,19.69,4.81,671.49,0.0,1.79
256942881883569,302.48,28,8.72,276.59,17.16,276.34,196.09,283.05,0.0,0.0,0.0,0.0,0.0,0.0,1.35,0.0,2.53,0.0,33.72,4.51,668.08,0.0,2.26
256942887061336,320.19,28,8.88,302.31,8.99,301.42,182.34,308.81,0.0,0.0,0.0,0.0,0.0,0.0,1.76,0.0,3.03,0.0,21.54,3.58,650.67,0.0,2.39
256942892191754,279.24,28,6.37,265.61,7.27,264.22,175.71,270.73,0.0,0.0,0.0,0.0,0.0,0.0,1.57,0.0,2.83,0.0,8.68,3.5,674.04,0.0,1.25
256942897225463,338.91,28,7.32,318.62,12.97,316.91,192.44,324.53,0.0,0.0,0.0,0.0,0.0,0.0,1.32,0.0,2.43,0.0,23.68,3.48,664.19,0.0,1.41
256942902355645,331.68,28,13.64,308.65,9.39,308.25,190.26,314.68,0.0,0.0,0.0,0.0,0.0,0.0,1.72,0.0,2.71,0.0,11.64,3.44,694.88,0.0,7.61
256942907333197,313.92,28,6.39,298.91,8.62,296.22,178.75,303.73,0.0,0.0,0.0,0.0,0.0,0.0,1.41,0.0,2.69,0.0,9.19,3.55,688.39,0.0,1.57
256942912451456,257.43,28,6.46,243.09,7.87,240.99,182.89,248.15,0.0,0.0,0.0,0.0,0.0,0.0,1.5,0.0,2.46,0.0,8.8,3.43,676.0,0.0,1.4
256942918008384,785.36,28,24.95,746.71,13.7,642.13,228.0,752.64,0.0,0.0,0.0,0.0,0.0,0.0,1.38,0.0,2.76,0.0,12.65,3.89,666.35,0.0,18.29
256942923795953,383.23,28,9.1,365.07,9.06,365.04,208.96,371.97,0.0,0.0,0.0,0.0,0.0,0.0,1.35,0.0,2.38,0.0,11.81,5.14,666.87,0.0,2.2
256942928911512,355.1,28,6.37,338.24,10.49,335.99,184.63,343.08,0.0,0.0,0.0,0.0,0.0,0.0,1.57,0.0,2.58,0.0,10.22,3.4,680.68,0.0,1.52
256942934059891,228.04,28,7.45,212.57,8.02,211.1,181.35,218.03,0.0,0.0,0.0,0.0,0.0,0.0,1.57,0.0,2.56,0.0,9.2,3.51,678.22,0.0,2.0
256942939034855,863.46,28,8.86,839.15,15.45,686.8,236.43,845.77,0.0,0.0,0.0,0.0,0.0,0.0,1.7,0.0,2.87,0.0,13.05,4.52,691.65,0.0,2.23
256942945040261,797.28,28,7.37,779.62,10.29,652.98,284.79,784.83,0.0,0.0,0.0,0.0,0.0,0.0,1.26,0.0,2.47,0.0,57.49,3.68,705.07,0.0,2.04
256942950727778,423.04,28,115.78,294.05,13.21,384.32,266.69,393.11,0.0,0.0,0.0,0.0,0.0,0.0,2.08,0.0,3.2,0.0,160.83,99.88,717.2,0.0,16.08
256942956072713,776.29,28,7.21,754.63,14.45,660.75,247.09,759.66,0.0,0.0,0.0,0.0,0.0,0.0,1.81,0.0,2.92,0.0,8.68,3.5,734.08,0.0,2.04
256942962038610,261.04,28,7.14,245.14,8.75,243.13,175.53,250.31,0.0,0.0,0.0,0.0,0.0,0.0,1.65,0.0,2.65,0.0,12.35,3.53,669.09,0.0,1.83
256942967066211,365.9,28,20.69,336.8,8.42,335.47,180.01,343.05,0.0,0.0,0.0,0.0,0.0,0.0,1.82,0.0,2.88,0.0,25.11,3.54,652.55,0.0,14.27
256942972676377,480.63,28,7.77,401.08,71.77,398.98,235.41,406.97,0.0,0.0,0.0,0.0,0.0,0.0,1.58,0.0,2.6,0.0,38.35,3.6,709.53,0.0,1.57
256942978063944,313.72,28,7.32,297.56,8.83,295.08,182.17,303.05,0.0,0.0,0.0,0.0,0.0,0.0,1.95,0.0,3.03,0.0,18.18,3.5,679.46,0.0,1.39
256942983669765,480.26,28,7.79,403.81,68.66,401.92,260.25,409.34,0.0,0.0,0.0,0.0,0.0,0.0,1.53,0.0,2.56,0.0,16.88,3.89,724.39,0.0,2.16
256942988973090,877.32,28,6.86,859.91,10.56,746.87,245.1,864.68,0.0,0.0,0.0,0.0,0.0,0.0,1.53,0.0,2.72,0.0,10.17,3.55,729.64,0.0,1.81
256942995043092,320.21,28,6.87,304.77,8.57,302.14,176.48,310.08,0.0,0.0,0.0,0.0,0.0,0.0,1.52,0.0,2.49,0.0,9.27,3.44,675.5,0.0,1.55
256943000193082,309.13,28,5.78,295.51,7.84,292.32,187.68,299.85,0.0,0.0,0.0,0.0,0.0,0.0,1.46,0.0,2.41,0.0,9.21,3.63,708.46,0.0,1.43
256943005774400,421.01,28,7.58,336.8,76.63,0.0,191.44,342.59,0.0,0.0,0.0,0.0,0.0,0.0,1.53,0.0,2.52,0.0,16.32,4.86,666.07,0.0,1.79
256943010928174,264.67,28,7.61,241.87,15.19,0.0,182.06,247.17,0.0,0.0,0.0,0.0,0.0,0.0,1.63,0.0,2.59,0.0,10.82,3.52,674.78,0.0,2.18
256943015911551,1416.2,28,5.8,696.09,714.31,466.98,166.41,700.34,0.0,0.0,0.0,0.0,0.0,0.0,1.71,0.0,2.69,0.0,9.06,3.53,647.55,0.0,1.4
256943022767903,256.04,28,7.8,240.01,8.23,238.63,180.76,245.98,0.0,0.0,0.0,0.0,0.0,0.0,1.73,0.0,2.69,0.0,13.07,3.6,667.85,0.0,1.83
256943027738687,258.2,28,6.96,244.3,6.94,243.08,183.22,249.28,0.0,0.0,0.0,0.0,0.0,0.0,1.81,0.0,3.08,0.0,10.05,3.46,691.53,0.0,1.84
256943033416855,319.07,28,12.34,299.88,6.86,304.65,188.0,310.85,0.0,0.0,0.0,0.0,0.0,0.0,8.06,0.0,9.08,0.0,15.34,3.61,667.98,0.0,1.37
256943038456782,361.16,28,20.21,325.58,15.37,0.0,183.28,344.24,0.0,0.0,0.0,0.0,0.0,0.0,1.67,0.0,15.89,0.0,20.8,3.56,658.27,0.0,1.55
256943043603483,485.36,28,22.61,453.57,9.17,452.85,232.66,462.72,0.0,0.0,0.0,0.0,0.0,0.0,2.21,0.0,3.31,0.0,28.04,6.62,672.38,0.0,13.47
256943049184558,824.1,28,7.91,747.72,68.47,646.06,236.33,753.16,0.0,0.0,0.0,0.0,0.0,0.0,1.92,0.0,3.06,0.0,19.84,3.53,698.32,0.0,2.33
256943055034791,250.05,28,7.25,227.77,15.02,0.0,188.0,233.31,0.0,0.0,0.0,0.0,0.0,0.0,1.42,0.0,2.85,0.0,14.85,3.45,680.21,0.0,1.72
256943060027776,767.09,28,9.46,742.02,15.61,639.62,228.91,748.87,0.0,0.0,0.0,0.0,0.0,0.0,2.07,0.0,3.21,0.0,76.78,4.31,679.84,0.0,2.6
256943065780491,350.12,28,7.97,326.63,15.51,0.0,227.07,332.28,0.0,0.0,0.0,0.0,0.0,0.0,1.28,0.0,2.26,0.0,10.11,3.79,662.73,0.0,2.32
256943070833894,258.06,28,6.69,238.17,13.2,0.0,186.21,243.45,0.0,0.0,0.0,0.0,0.0,0.0,1.36,0.0,2.6,0.0,10.3,3.55,690.54,0.0,1.41
256943076064376,250.59,28,14.93,218.1,17.56,0.0,190.47,231.07,0.0,0.0,0.0,0.0,0.0,0.0,1.84,0.0,2.91,0.0,19.48,12.36,686.92,0.0,1.96
256943081062338,317.76,28,7.57,294.72,15.47,0.0,181.96,300.47,0.0,0.0,0.0,0.0,0.0,0.0,1.94,0.0,2.94,0.0,15.85,3.5,666.81,0.0,1.82
256943086913423,376.43,28,8.17,295.41,72.85,294.29,188.1,301.45,0.0,0.0,0.0,0.0,0.0,0.0,1.55,0.0,2.57,0.0,20.61,3.56,671.87,0.0,2.12
256943092027590,327.1,28,7.62,311.15,8.33,309.66,182.89,317.25,0.0,0.0,0.0,0.0,0.0,0.0,1.63,0.0,2.74,0.0,16.74,3.55,670.34,0.0,1.51
256943097786963,362.24,28,7.67,280.57,74.0,279.33,185.63,286.75,0.0,0.0,0.0,0.0,0.0,0.0,1.41,0.0,2.74,0.0,11.98,3.59,642.82,0.0,1.34
256943102914835,323.97,28,5.07,310.53,8.36,307.67,176.97,314.42,0.0,0.0,0.0,0.0,0.0,0.0,1.33,0.0,2.38,0.0,8.21,3.47,664.33,0.0,1.18
256943107986915,239.69,28,7.69,223.96,8.04,220.82,184.06,229.53,0.0,0.0,0.0,0.0,0.0,0.0,1.09,0.0,2.11,0.0,34.0,3.65,666.68,0.0,2.13
256943113077010,240.26,28,7.04,225.43,7.79,224.59,191.62,231.19,0.0,0.0,0.0,0.0,0.0,0.0,1.26,0.0,2.32,0.0,11.96,3.47,686.18,0.0,1.27
256943118004735,789.81,28,11.77,766.89,11.16,682.39,235.52,775.42,0.0,0.0,0.0,0.0,0.0,0.0,1.58,0.0,2.78,0.0,18.07,6.28,709.46,0.0,2.89
256943123705152,231.59,28,6.86,215.91,8.82,212.97,178.88,220.6,0.0,0.0,0.0,0.0,0.0,0.0,1.85,0.0,2.96,0.0,8.87,3.47,687.59,0.0,2.17
256943129005043,776.99,28,8.28,654.19,114.52,0.0,229.55,660.33,0.0,0.0,0.0,0.0,0.0,0.0,1.48,0.0,2.52,0.0,32.54,3.61,686.01,0.0,2.14
256943134722429,245.33,28,6.75,224.27,14.32,0.0,178.3,228.98,0.0,0.0,0.0,0.0,0.0,0.0,1.65,0.0,2.75,0.0,9.09,3.57,681.07,0.0,2.03
256943139685722,265.41,28,7.08,242.24,16.09,0.0,181.62,247.48,0.0,0.0,0.0,0.0,0.0,0.0,1.61,0.0,2.72,0.0,10.08,3.55,684.11,0.0,1.84
256943144718271,433.26,28,16.2,408.31,8.76,415.34,225.4,422.7,0.0,0.0,0.0,0.0,0.0,0.0,1.48,0.0,2.46,0.0,18.41,13.15,724.6,0.0,1.81
256943150036555,312.0,28,5.81,297.85,8.34,295.64,179.39,302.42,0.0,0.0,0.0,0.0,0.0,0.0,1.57,0.0,2.6,0.0,10.43,3.5,671.57,0.0,1.24
256943155093153,250.02,28,5.47,228.17,16.38,0.0,178.0,232.53,0.0,0.0,0.0,0.0,0.0,0.0,1.21,0.0,2.34,0.0,8.87,3.44,684.04,0.0,1.11
256943160071356,320.18,28,11.08,300.8,8.29,303.53,178.12,310.06,0.0,0.0,0.0,0.0,0.0,0.0,2.72,0.0,6.4,0.0,16.7,3.52,664.13,0.0,1.83
256943165115987,235.47,28,7.23,219.16,9.08,216.38,175.93,224.38,0.0,0.0,0.0,0.0,0.0,0.0,1.55,0.0,2.48,0.0,16.12,3.42,652.78,0.0,2.0
256943170059008,234.15,28,6.68,213.63,13.84,0.0,185.96,218.85,0.0,0.0,0.0,0.0,0.0,0.0,1.66,0.0,2.68,0.0,10.07,3.44,681.54,0.0,1.46
256943175077267,246.54,28,10.05,227.91,8.57,227.96,181.51,236.46,0.0,0.0,0.0,0.0,0.0,0.0,2.16,0.0,5.31,0.0,15.12,3.46,674.34,0.0,1.5
256943180549237,572.86,28,58.41,437.08,77.37,485.59,234.58,493.1,0.0,0.0,0.0,0.0,0.0,0.0,6.34,0.0,52.4,0.0,39.02,3.63,675.41,0.0,2.39
256943185936671,247.37,28,10.79,222.22,14.36,0.0,185.4,231.47,0.0,0.0,0.0,0.0,0.0,0.0,2.36,0.0,6.79,0.0,29.08,3.58,638.79,0.0,1.54
256943190888294,241.15,28,7.25,220.1,13.79,0.0,179.42,224.71,0.0,0.0,0.0,0.0,0.0,0.0,1.33,0.0,2.33,0.0,7.75,3.46,669.19,0.0,2.64
256943195899542,256.49,28,10.87,230.69,14.93,0.0,175.22,239.53,0.0,0.0,0.0,0.0,0.0,0.0,2.28,0.0,6.0,0.0,14.85,3.57,672.26,0.0,1.96
256943200831673,312.73,28,10.66,293.34,8.72,292.12,183.89,299.19,0.0,0.0,0.0,0.0,0.0,0.0,1.56,0.0,2.51,0.0,13.46,3.64,665.13,0.0,4.81
256943205943068,318.9,28,8.69,295.43,14.79,0.0,179.22,302.6,0.0,0.0,0.0,0.0,0.0,0.0,1.92,0.0,5.16,0.0,12.74,3.48,690.13,0.0,1.3
256943210963194,321.92,28,8.44,298.35,15.13,0.0,176.29,305.2,0.0,0.0,0.0,0.0,0.0,0.0,1.34,0.0,2.29,0.0,13.02,6.67,683.66,0.0,1.59
256943216034072,255.07,28,11.03,228.25,15.8,0.0,179.31,237.59,0.0,0.0,0.0,0.0,0.0,0.0,2.78,0.0,7.02,0.0,14.89,3.59,680.76,0.0,1.69
256943221045841,344.85,28,8.28,328.27,8.29,326.46,186.64,333.1,0.0,0.0,0.0,0.0,0.0,0.0,1.56,0.0,2.5,0.0,10.09,3.47,695.52,0.0,3.46
256943226758568,391.02,28,15.62,285.11,90.29,0.0,182.67,298.53,0.0,0.0,0.0,0.0,0.0,0.0,5.36,0.0,10.37,0.0,15.13,3.75,648.23,0.0,2.21
256943231839854,243.71,28,6.79,222.31,14.61,0.0,177.92,227.6,0.0,0.0,0.0,0.0,0.0,0.0,1.89,0.0,2.87,0.0,17.34,3.48,671.78,0.0,1.51
256943236780415,345.12,28,11.08,325.64,8.39,235.34,172.24,335.28,0.0,0.0,0.0,0.0,0.0,0.0,2.79,0.0,7.33,0.0,10.49,3.52,666.42,0.0,1.45
256943242542190,230.63,28,6.78,215.62,8.24,213.67,175.67,220.35,0.0,0.0,0.0,0.0,0.0,0.0,1.42,0.0,2.4,0.0,12.58,3.54,671.37,0.0,2.05
256943248028751,793.46,28,23.8,759.44,10.23,660.06,232.33,765.14,0.0,0.0,0.0,0.0,0.0,0.0,1.33,0.0,2.59,0.0,19.42,3.61,730.93,0.0,17.6
256943254205516,309.69,28,6.91,293.85,8.93,291.89,179.75,298.82,0.0,0.0,0.0,0.0,0.0,0.0,1.72,0.0,2.83,0.0,8.65,3.58,683.57,0.0,1.87
256943259235244,775.79,28,12.7,699.78,63.32,0.0,233.38,709.67,0.0,0.0,0.0,0.0,0.0,0.0,3.6,0.0,7.31,0.0,20.16,3.5,683.46,0.0,2.81
256943265037283,834.54,28,7.42,653.0,174.11,0.0,208.54,658.14,0.0,0.0,0.0,0.0,0.0,0.0,1.4,0.0,2.38,0.0,15.96,4.4,666.19,0.0,2.29
256943271142562,264.19,28,10.34,239.37,14.48,0.0,181.41,248.41,0.0,0.0,0.0,0.0,0.0,0.0,2.22,0.0,6.51,0.0,13.63,3.54,686.92,0.0,1.3
256943276756070,408.48,28,120.4,200.26,87.81,0.0,273.15,304.64,0.0,0.0,0.0,0.0,0.0,0.0,1.41,0.0,2.43,0.0,119.67,103.93,666.93,0.0,14.9
256943281928346,323.4,28,8.85,298.2,16.35,0.0,170.75,305.16,0.0,0.0,0.0,0.0,0.0,0.0,2.53,0.0,6.07,0.0,11.55,3.46,663.63,0.0,1.88
256943287048697,259.03,28,7.33,237.05,14.64,0.0,180.04,242.63,0.0,0.0,0.0,0.0,0.0,0.0,1.67,0.0,2.9,0.0,17.95,3.51,657.53,0.0,1.61
256943292069742,304.35,28,10.47,279.3,14.59,0.0,173.41,287.65,0.0,0.0,0.0,0.0,0.0,0.0,2.71,0.0,6.7,0.0,15.53,3.52,664.1,0.0,1.93
256943297676108,299.65,28,6.63,219.33,73.69,0.0,183.51,224.82,0.0,0.0,0.0,0.0,0.0,0.0,1.61,0.0,2.62,0.0,19.95,3.64,668.61,0.0,1.14
256943303311992,734.09,28,8.39,633.52,92.17,0.0,243.35,639.94,0.0,0.0,0.0,0.0,0.0,0.0,1.55,0.0,2.96,0.0,12.74,3.57,701.39,0.0,1.86
256943308780151,317.95,28,6.29,295.23,16.42,0.0,182.56,299.63,0.0,0.0,0.0,0.0,0.0,0.0,1.76,0.0,2.78,0.0,9.43,3.64,680.02,0.0,1.89
256943314077935,239.91,28,11.45,213.66,14.8,0.0,180.13,223.64,0.0,0.0,0.0,0.0,0.0,0.0,2.76,0.0,7.06,0.0,15.28,3.61,672.99,0.0,1.47
256943319105029,334.42,28,7.18,319.48,7.76,316.97,198.03,324.74,0.0,0.0,0.0,0.0,0.0,0.0,1.61,0.0,2.73,0.0,18.48,3.67,680.02,0.0,1.5
256943324771208,333.41,28,11.54,249.01,72.86,249.5,182.69,258.03,0.0,0.0,0.0,0.0,0.0,0.0,2.94,0.0,7.13,0.0,18.43,3.56,693.35,0.0,2.52
256943329889580,318.75,28,7.22,297.59,13.94,0.0,176.23,302.47,0.0,0.0,0.0,0.0,0.0,0.0,1.38,0.0,2.79,0.0,9.98,3.46,684.05,0.0,2.34
256943334983569,314.98,28,14.05,286.14,14.79,0.0,179.1,298.37,0.0,0.0,0.0,0.0,0.0,0.0,2.31,0.0,8.44,0.0,27.74,4.13,676.05,0.0,1.83
256943340113933,317.41,28,14.1,289.27,14.04,0.0,187.14,301.6,0.0,0.0,0.0,0.0,0.0,0.0,1.75,0.0,3.08,0.0,22.18,11.25,672.81,0.0,1.76
256943345204239,251.37,28,10.18,225.08,16.11,0.0,170.27,233.15,0.0,0.0,0.0,0.0,0.0,0.0,2.56,0.0,6.49,0.0,10.08,3.54,672.35,0.0,2.12
256943350239889,313.84,28,6.68,299.2,7.96,296.76,183.86,304.03,0.0,0.0,0.0,0.0,0.0,0.0,1.67,0.0,2.63,0.0,9.27,3.59,698.84,0.0,1.86
256943355956520,815.32,28,9.72,745.05,60.55,643.51,259.66,753.27,0.0,0.0,0.0,0.0,0.0,0.0,2.36,0.0,5.94,0.0,27.67,3.45,681.77,0.0,1.43
256943361787240,841.81,28,6.49,718.76,116.56,0.0,310.11,723.47,0.0,0.0,0.0,0.0,0.0,0.0,1.24,0.0,2.2,0.0,76.87,3.43,682.24,0.0,1.78
256943368104889,235.84,28,19.15,202.39,14.3,0.0,183.76,219.71,0.0,0.0,0.0,0.0,0.0,0.0,2.45,0.0,14.93,0.0,18.04,3.61,670.16,0.0,1.83
256943373704942,463.61,28,7.7,375.26,80.65,0.0,229.15,381.06,0.0,0.0,0.0,0.0,0.0,0.0,1.58,0.0,2.94,0.0,19.84,3.55,689.47,0.0,1.9
256943378963303,769.48,28,11.07,639.14,119.26,0.0,220.34,648.14,0.0,0.0,0.0,0.0,0.0,0.0,2.3,0.0,7.01,0.0,14.77,3.47,719.67,0.0,2.08
256943384780650,258.68,28,6.91,242.83,8.94,239.93,188.15,247.76,0.0,0.0,0.0,0.0,0.0,0.0,1.61,0.0,2.81,0.0,28.25,3.55,670.66,0.0,1.98
256943389762193,758.82,28,13.75,734.56,10.5,641.24,225.3,745.99,0.0,0.0,0.0,0.0,0.0,0.0,5.0,0.0,10.28,0.0,14.16,3.56,673.79,0.0,2.32
256943396087119,257.38,28,6.51,234.25,16.61,0.0,177.29,239.09,0.0,0.0,0.0,0.0,0.0,0.0,1.73,0.0,2.86,0.0,8.57,3.44,674.69,0.0,1.67
256943401528345,559.54,28,13.67,461.07,84.8,0.0,238.38,472.87,0.0,0.0,0.0,0.0,0.0,0.0,2.8,0.0,9.68,0.0,19.64,3.71,684.06,0.0,1.72
256943407036792,257.86,28,8.48,234.76,14.62,0.0,182.27,239.79,0.0,0.0,0.0,0.0,0.0,0.0,1.65,0.0,2.6,0.0,11.46,3.48,684.29,0.0,3.45
256943412091058,248.88,28,10.05,230.19,8.64,229.8,177.26,238.14,0.0,0.0,0.0,0.0,0.0,0.0,1.99,0.0,5.76,0.0,14.05,3.51,674.03,0.0,2.1
256943417668360,466.04,28,7.74,381.01,77.29,0.0,253.09,386.21,0.0,0.0,0.0,0.0,0.0,0.0,1.54,0.0,2.5,0.0,25.97,3.51,686.39,0.0,2.54
256943422857599,296.96,28,11.33,277.0,8.63,277.55,200.3,286.33,0.0,0.0,0.0,0.0,0.0,0.0,3.37,0.0,7.43,0.0,11.23,3.59,663.17,0.0,1.99
256943427957939,251.34,28,6.65,237.68,7.01,234.65,179.94,242.33,0.0,0.0,0.0,0.0,0.0,0.0,1.63,0.0,2.64,0.0,8.39,3.51,704.51,0.0,1.99
256943432962121,780.33,28,10.41,655.69,114.23,0.0,211.54,664.43,0.0,0.0,0.0,0.0,0.0,0.0,2.56,0.0,6.85,0.0,9.21,3.62,709.88,0.0,1.67
256943438768798,314.36,28,5.78,299.83,8.75,296.31,178.89,304.19,0.0,0.0,0.0,0.0,0.0,0.0,1.43,0.0,2.35,0.0,8.81,3.55,667.92,0.0,1.43
256943444045523,261.49,28,9.94,243.56,7.99,244.53,174.62,252.28,0.0,0.0,0.0,0.0,0.0,0.0,2.97,0.0,6.86,0.0,16.47,3.54,660.28,0.0,1.22
256943449103341,305.78,28,6.97,289.76,9.05,286.62,174.56,294.91,0.0,0.0,0.0,0.0,0.0,0.0,1.45,0.0,2.4,0.0,12.39,3.5,647.95,0.0,1.82
256943454159069,256.04,28,10.38,229.87,15.79,0.0,183.33,237.7,0.0,0.0,0.0,0.0,0.0,0.0,2.62,0.0,6.17,0.0,15.8,3.51,684.86,0.0,2.56
256943459203992,258.88,28,6.7,237.67,14.51,0.0,183.77,242.74,0.0,0.0,0.0,0.0,0.0,0.0,1.46,0.0,2.56,0.0,9.46,3.62,686.39,0.0,1.64
256943464775632,375.44,28,11.09,279.11,85.24,281.55,193.88,288.1,0.0,0.0,0.0,0.0,0.0,0.0,2.17,0.0,6.25,0.0,15.65,3.54,639.54,0.0,2.1
256943469950664,823.35,28,6.57,807.05,9.74,696.81,250.3,811.87,0.0,0.0,0.0,0.0,0.0,0.0,1.51,0.0,2.53,0.0,8.84,3.71,777.18,0.0,1.74
256943476813066,346.17,28,11.07,260.01,75.09,262.38,213.4,268.75,0.0,0.0,0.0,0.0,0.0,0.0,2.49,0.0,5.86,0.0,52.88,3.68,673.76,0.0,2.33
256943482051059,325.81,28,7.88,301.59,16.35,0.0,187.3,307.33,0.0,0.0,0.0,0.0,0.0,0.0,1.67,0.0,2.9,0.0,17.86,3.54,692.15,0.0,2.14
256943487175928,325.55,28,11.24,299.3,15.0,0.0,169.4,308.61,0.0,0.0,0.0,0.0,0.0,0.0,2.41,0.0,6.15,0.0,12.75,3.63,654.53,0.0,1.93
256943492857896,331.35,28,7.68,248.7,74.97,245.91,181.21,254.03,0.0,0.0,0.0,0.0,0.0,0.0,1.57,0.0,2.54,0.0,11.36,3.58,675.66,0.0,2.35
256943497976062,322.83,28,7.91,306.36,8.56,304.54,180.52,312.15,0.0,0.0,0.0,0.0,0.0,0.0,1.67,0.0,2.89,0.0,10.8,3.7,666.74,0.0,2.12
256943503076109,314.87,28,6.84,299.56,8.48,297.8,184.56,304.76,0.0,0.0,0.0,0.0,0.0,0.0,1.55,0.0,2.5,0.0,7.99,3.41,683.58,0.0,1.63
256943508165815,312.63,28,11.04,285.55,16.04,0.0,172.81,294.93,0.0,0.0,0.0,0.0,0.0,0.0,2.73,0.0,6.96,0.0,8.12,3.5,659.71,0.0,1.65
256943513492353,577.08,28,11.12,545.62,20.34,0.0,213.25,554.43,0.0,0.0,0.0,0.0,0.0,0.0,2.39,0.0,3.56,0.0,21.3,7.08,683.79,0.0,2.31
256943518850924,247.38,28,9.75,222.42,15.21,0.0,171.45,230.67,0.0,0.0,0.0,0.0,0.0,0.0,2.89,0.0,6.31,0.0,15.49,3.46,654.67,0.0,1.5
256943523866395,725.4,28,7.46,708.09,9.84,595.23,213.47,713.97,0.0,0.0,0.0,0.0,0.0,0.0,1.29,0.0,2.28,0.0,16.1,3.88,689.14,0.0,1.59
256943529741767,246.28,28,9.31,229.02,7.95,230.02,182.06,237.15,0.0,0.0,0.0,0.0,0.0,0.0,2.43,0.0,6.22,0.0,9.61,3.52,676.55,0.0,1.18
256943535041771,329.81,28,6.61,308.05,15.15,0.0,181.45,312.54,0.0,0.0,0.0,0.0,0.0,0.0,1.92,0.0,2.91,0.0,9.57,3.48,690.36,0.0,2.12
256943540179584,241.74,28,9.97,216.51,15.26,0.0,176.82,224.29,0.0,0.0,0.0,0.0,0.0,0.0,1.9,0.0,5.7,0.0,12.22,3.48,665.44,0.0,2.19
256943545195764,316.04,28,7.15,299.85,9.03,297.76,179.54,304.95,0.0,0.0,0.0,0.0,0.0,0.0,1.33,0.0,2.27,0.0,14.27,3.48,671.47,0.0,2.05
256943550842579,1168.93,28,9.23,462.06,697.64,339.65,168.14,469.87,0.0,0.0,0.0,0.0,0.0,0.0,2.8,0.0,6.5,0.0,9.58,3.71,651.48,0.0,1.42
256943557031884,305.97,28,6.3,284.67,14.99,0.0,179.6,289.46,0.0,0.0,0.0,0.0,0.0,0.0,1.94,0.0,3.0,0.0,8.35,3.47,695.95,0.0,1.52
256943562106664,782.2,28,10.32,656.18,115.69,0.0,249.49,665.23,0.0,0.0,0.0,0.0,0.0,0.0,2.82,0.0,6.14,0.0,17.68,3.94,712.05,0.0,1.27
256943567776839,321.45,28,7.09,298.85,15.51,0.0,179.44,304.36,0.0,0.0,0.0,0.0,0.0,0.0,1.6,0.0,2.74,0.0,9.65,3.45,680.2,0.0,1.58
256943572886519,291.56,28,10.9,271.76,8.89,273.15,177.49,281.24,0.0,0.0,0.0,0.0,0.0,0.0,2.26,0.0,5.89,0.0,12.31,5.49,688.67,0.0,1.43
256943579048966,950.61,28,30.41,825.39,94.81,735.77,230.97,836.73,0.0,0.0,0.0,0.0,0.0,0.0,7.43,0.0,8.59,0.0,13.56,3.69,658.11,0.0,19.02
256943586082386,1058.63,28,9.35,1037.63,11.65,1022.82,229.12,1044.14,0.0,0.0,0.0,0.0,0.0,0.0,1.82,0.0,2.95,0.0,20.92,4.17,675.42,0.0,2.84
256943591969528,336.36,28,7.58,302.68,26.09,0.0,184.29,308.14,0.0,0.0,0.0,0.0,0.0,0.0,1.48,0.0,2.42,0.0,13.14,3.54,656.58,0.0,2.13
256943597083561,256.12,28,11.0,227.44,17.68,0.0,178.3,236.07,0.0,0.0,0.0,0.0,0.0,0.0,2.35,0.0,6.91,0.0,18.09,3.45,681.57,0.0,2.37
256943602714542,409.93,28,5.77,325.58,78.58,0.0,177.41,330.1,0.0,0.0,0.0,0.0,0.0,0.0,1.5,0.0,2.5,0.0,9.91,3.48,676.84,0.0,1.25
256943607921837,247.97,28,9.97,229.62,8.38,229.16,183.58,237.74,0.0,0.0,0.0,0.0,0.0,0.0,2.53,0.0,6.03,0.0,15.0,3.72,665.78,0.0,1.85
256943612954749,340.9,28,6.61,297.53,36.76,0.0,183.59,301.68,0.0,0.0,0.0,0.0,0.0,0.0,1.67,0.0,2.79,0.0,9.1,3.57,698.14,0.0,2.46
256943618072393,314.75,28,8.91,288.89,16.95,0.0,180.25,296.52,0.0,0.0,0.0,0.0,0.0,0.0,2.64,0.0,6.54,0.0,11.45,3.54,676.67,0.0,1.28
256943623159475,232.78,28,14.1,210.52,8.16,215.04,174.82,222.35,0.0,0.0,0.0,0.0,0.0,0.0,9.73,0.0,10.81,0.0,14.13,3.48,682.43,0.0,2.27
256943628677338,458.53,28,61.76,320.5,76.27,369.94,196.23,379.35,0.0,0.0,0.0,0.0,0.0,0.0,56.74,0.0,57.86,0.0,33.03,3.69,694.78,0.0,2.92
256943634077268,261.67,28,14.58,230.55,16.54,0.0,184.91,243.65,0.0,0.0,0.0,0.0,0.0,0.0,1.61,0.0,9.66,0.0,13.5,3.65,675.8,0.0,1.48
256943639085419,283.45,28,16.57,257.7,9.18,263.39,188.04,271.96,0.0,0.0,0.0,0.0,0.0,0.0,2.82,0.0,7.56,0.0,26.09,11.3,682.48,0.0,2.31
256943644143645,313.93,28,7.3,298.44,8.19,295.58,181.07,304.28,0.0,0.0,0.0,0.0,0.0,0.0,1.51,0.0,2.99,0.0,18.27,3.45,684.63,0.0,1.46
256943649799252,787.76,28,12.93,693.03,81.8,631.78,215.02,703.7,0.0,0.0,0.0,0.0,0.0,0.0,3.57,0.0,9.21,0.0,9.31,4.17,703.24,0.0,2.26
256943655893329,249.37,28,6.89,227.22,15.26,0.0,179.99,232.36,0.0,0.0,0.0,0.0,0.0,0.0,1.44,0.0,2.67,0.0,27.01,3.56,664.24,0.0,1.74
256943661483160,595.57,28,14.83,487.69,93.05,0.0,277.45,499.96,0.0,0.0,0.0,0.0,0.0,0.0,4.78,0.0,8.65,0.0,59.69,4.85,705.85,0.0,2.56
256943666879039,792.41,28,6.64,776.14,9.63,671.6,253.26,781.11,0.0,0.0,0.0,0.0,0.0,0.0,1.72,0.0,2.69,0.0,15.96,3.48,718.46,0.0,1.68
256943672713462,250.36,28,11.78,230.32,8.26,231.41,180.68,240.24,0.0,0.0,0.0,0.0,0.0,0.0,2.71,0.0,7.2,0.0,21.26,3.61,663.17,0.0,1.86
256943677723794,783.17,28,13.32,648.81,121.04,0.0,271.13,653.97,0.0,0.0,0.0,0.0,0.0,0.0,2.05,0.0,3.07,0.0,13.04,3.52,698.53,0.0,7.54
256943683890528,321.31,28,9.53,294.77,17.01,0.0,183.06,302.0,0.0,0.0,0.0,0.0,0.0,0.0,1.67,0.0,5.01,0.0,14.73,3.51,672.91,0.0,2.25
256943689084454,773.31,28,6.86,642.79,123.66,0.0,247.01,647.26,0.0,0.0,0.0,0.0,0.0,0.0,1.52,0.0,2.51,0.0,17.21,3.52,722.05,0.0,2.39
256943695228840,322.1,28,9.94,296.51,15.66,0.0,178.06,303.99,0.0,0.0,0.0,0.0,0.0,0.0,2.42,0.0,5.54,0.0,11.36,3.53,656.33,0.0,2.46
256943700323554,243.34,28,6.63,228.65,8.06,224.99,182.14,233.03,0.0,0.0,0.0,0.0,0.0,0.0,1.52,0.0,2.51,0.0,8.97,3.45,696.93,0.0,2.05
256943705372641,657.13,28,10.33,637.54,9.26,638.42,246.67,646.36,0.0,0.0,0.0,0.0,0.0,0.0,2.08,0.0,6.17,0.0,9.68,3.51,738.53,0.0,1.43
256943710839057,326.29,28,7.14,304.22,14.93,0.0,180.85,309.16,0.0,0.0,0.0,0.0,0.0,0.0,1.42,0.0,2.37,0.0,13.0,3.52,663.88,0.0,2.2
256943716567268,384.31,28,10.22,295.33,78.75,295.05,175.9,303.13,0.0,0.0,0.0,0.0,0.0,0.0,2.37,0.0,6.04,0.0,19.39,3.57,660.74,0.0,2.28
256943722226344,336.38,28,7.44,229.82,99.12,0.0,175.71,235.18,0.0,0.0,0.0,0.0,0.0,0.0,1.66,0.0,2.65,0.0,12.83,3.53,670.51,0.0,2.09
256943727324628,312.33,28,9.03,294.7,8.6,293.35,171.6,301.51,0.0,0.0,0.0,0.0,0.0,0.0,2.05,0.0,5.73,0.0,8.65,3.65,662.61,0.0,2.22
256943732459139,312.35,28,7.67,288.57,16.11,0.0,181.73,293.8,0.0,0.0,0.0,0.0,0.0,0.0,1.3,0.0,2.23,0.0,12.75,3.51,680.83,0.0,2.43
256943737583168,747.83,28,8.41,654.35,85.06,0.0,223.64,661.07,0.0,0.0,0.0,0.0,0.0,0.0,2.2,0.0,5.2,0.0,9.44,3.48,700.2,0.0,1.65
256943743682975,310.96,28,7.57,287.59,15.79,0.0,179.79,293.01,0.0,0.0,0.0,0.0,0.0,0.0,1.95,0.0,3.06,0.0,8.84,3.47,676.3,0.0,2.16
256943748771431,356.36,28,12.6,335.45,8.31,338.44,216.72,345.8,0.0,0.0,0.0,0.0,0.0,0.0,3.12,0.0,7.62,0.0,24.5,3.52,639.21,0.0,2.25
256943754060898,309.34,28,8.27,292.74,8.32,291.93,191.78,298.64,0.0,0.0,0.0,0.0,0.0,0.0,1.95,0.0,2.89,0.0,18.65,3.67,669.56,0.0,2.14
256943759703929,365.02,28,8.76,279.87,76.39,249.19,179.15,286.31,0.0,0.0,0.0,0.0,0.0,0.0,1.95,0.0,5.58,0.0,11.64,3.55,679.46,0.0,2.29
256943764866193,329.47,28,8.15,303.97,17.34,0.0,182.62,309.06,0.0,0.0,0.0,0.0,0.0,0.0,1.64,0.0,2.8,0.0,8.92,3.6,676.82,0.0,2.95
256943770113538,254.25,28,9.18,234.33,10.74,234.32,181.56,241.89,0.0,0.0,0.0,0.0,0.0,0.0,2.16,0.0,5.41,0.0,15.39,3.51,674.47,0.0,1.57
256943775720391,418.46,28,8.01,330.75,79.7,328.2,216.71,336.15,0.0,0.0,0.0,0.0,0.0,0.0,1.5,0.0,2.8,0.0,21.72,3.49,720.43,0.0,2.43
256943780881090,266.48,28,13.63,244.21,8.63,241.92,181.63,252.89,0.0,0.0,0.0,0.0,0.0,0.0,2.45,0.0,6.26,0.0,18.86,3.5,660.53,0.0,4.91
256943786050935,252.08,28,7.68,236.59,7.81,233.33,184.09,242.26,0.0,0.0,0.0,0.0,0.0,0.0,1.47,0.0,2.68,0.0,20.71,3.56,675.85,0.0,2.01
256943791715472,428.12,28,8.05,329.76,90.31,325.69,208.79,336.05,0.0,0.0,0.0,0.0,0.0,0.0,1.55,0.0,2.66,0.0,17.53,3.63,644.73,0.0,1.76
256943796917759,237.12,28,7.05,222.09,7.98,217.94,179.6,227.47,0.0,0.0,0.0,0.0,0.0,0.0,1.49,0.0,2.59,0.0,10.55,3.46,684.48,0.0,1.68
256943801868416,339.49,28,9.78,320.81,8.9,319.54,177.42,328.52,0.0,0.0,0.0,0.0,0.0,0.0,2.08,0.0,5.54,0.0,18.81,3.58,647.09,0.0,2.07
256943806947460,323.9,28,6.78,299.34,17.78,0.0,175.19,303.9,0.0,0.0,0.0,0.0,0.0,0.0,1.42,0.0,2.46,0.0,8.24,3.47,685.41,0.0,2.21
256943812032421,311.02,28,8.7,285.39,16.94,0.0,179.26,292.27,0.0,0.0,0.0,0.0,0.0,0.0,1.91,0.0,4.99,0.0,11.59,3.49,699.18,0.0,1.67
256943817712138,482.28,28,23.79,355.83,102.65,0.0,203.91,361.98,0.0,0.0,0.0,0.0,0.0,0.0,1.65,0.0,2.68,0.0,12.97,4.31,659.01,0.0,17.25
256943823075500,254.55,28,9.8,230.0,14.75,0.0,177.66,237.46,0.0,0.0,0.0,0.0,0.0,0.0,2.34,0.0,5.92,0.0,11.01,3.52,685.77,0.0,2.25
256943828104094,316.03,28,11.51,296.48,8.04,295.06,179.13,302.11,0.0,0.0,0.0,0.0,0.0,0.0,1.48,0.0,2.65,0.0,18.71,3.52,669.53,0.0,5.88
256943833816010,1047.89,28,178.15,789.98,79.77,674.61,236.18,795.32,0.0,0.0,0.0,0.0,0.0,0.0,1.27,0.0,2.45,0.0,16.49,3.61,690.05,0.0,172.08
256943839795615,319.6,28,7.5,303.73,8.36,302.14,188.51,309.34,0.0,0.0,0.0,0.0,0.0,0.0,1.6,0.0,2.87,0.0,26.6,3.4,686.57,0.0,1.89
256943845072471,264.22,28,9.88,226.19,28.16,0.0,175.5,234.75,0.0,0.0,0.0,0.0,0.0,0.0,3.11,0.0,6.72,0.0,10.79,3.5,669.25,0.0,1.32
256943850687693,451.4,28,8.55,352.51,90.34,350.47,238.51,358.9,0.0,0.0,0.0,0.0,0.0,0.0,1.54,0.0,2.6,0.0,33.8,5.21,692.11,0.0,2.16
256943855920423,241.43,28,10.55,214.15,16.73,0.0,181.39,222.54,0.0,0.0,0.0,0.0,0.0,0.0,2.75,0.0,6.12,0.0,11.64,3.6,686.17,0.0,2.16
256943860909970,321.1,28,6.76,297.86,16.49,0.0,176.57,302.52,0.0,0.0,0.0,0.0,0.0,0.0,1.73,0.0,2.79,0.0,8.44,3.46,674.04,0.0,2.1
256943866063933,254.25,28,10.05,228.09,16.1,0.0,185.5,236.01,0.0,0.0,0.0,0.0,0.0,0.0,2.31,0.0,5.58,0.0,12.7,3.48,689.82,0.0,2.13
256943871730832,446.35,28,7.23,357.82,81.3,0.0,223.98,363.79,0.0,0.0,0.0,0.0,0.0,0.0,1.31,0.0,2.48,0.0,21.01,3.49,655.78,0.0,1.26
256943876925506,764.39,28,9.89,619.74,134.77,0.0,220.22,628.32,0.0,0.0,0.0,0.0,0.0,0.0,2.06,0.0,6.01,0.0,14.49,3.83,713.52,0.0,1.3
256943883039170,251.33,28,6.94,228.96,15.43,0.0,175.03,234.16,0.0,0.0,0.0,0.0,0.0,0.0,1.97,0.0,3.19,0.0,9.77,3.44,671.94,0.0,1.74
256943888088578,316.38,28,9.59,291.27,15.52,0.0,181.95,299.54,0.0,0.0,0.0,0.0,0.0,0.0,2.26,0.0,5.86,0.0,14.31,3.52,675.45,0.0,1.32
256943893806410,1210.64,28,8.96,999.01,202.68,0.0,233.22,1004.77,0.0,0.0,0.0,0.0,0.0,0.0,1.55,0.0,2.52,0.0,17.28,4.09,671.21,0.0,3.01
256943899838664,777.13,28,17.07,750.62,9.45,560.37,243.0,765.49,0.0,0.0,0.0,0.0,0.0,0.0,2.74,0.0,13.74,0.0,14.43,3.6,737.68,0.0,2.2
256943905741151,343.76,28,8.01,318.65,17.1,0.0,184.26,324.75,0.0,0.0,0.0,0.0,0.0,0.0,1.61,0.0,2.99,0.0,19.48,3.47,681.46,0.0,1.92
256943910871624,796.89,28,11.13,775.73,10.04,634.27,249.41,784.52,0.0,0.0,0.0,0.0,0.0,0.0,2.58,0.0,6.59,0.0,19.68,3.64,717.11,0.0,2.33
256943916774787,270.54,28,12.57,240.55,17.42,0.0,186.27,246.29,0.0,0.0,0.0,0.0,0.0,0.0,1.27,0.0,2.19,0.0,20.86,3.55,666.85,0.0,6.83
256943921842798,250.35,28,11.93,230.63,7.79,233.01,189.84,240.22,0.0,0.0,0.0,0.0,0.0,0.0,2.77,0.0,6.43,0.0,27.27,3.49,669.22,0.0,2.34
256943927051995,311.47,28,6.73,295.71,9.03,292.83,178.38,300.53,0.0,0.0,0.0,0.0,0.0,0.0,1.2,0.0,2.35,0.0,12.58,3.62,676.28,0.0,1.9
256943932081998,818.19,28,14.19,794.84,9.17,663.11,240.28,806.96,0.0,0.0,0.0,0.0,0.0,0.0,4.02,0.0,9.13,0.0,31.42,3.64,683.33,0.0,2.06
256943937778259,505.01,28,6.51,487.41,11.09,335.29,176.95,491.93,0.0,0.0,0.0,0.0,0.0,0.0,1.63,0.0,2.57,0.0,11.15,3.54,676.57,0.0,1.73
256943943702478,506.87,28,178.57,308.86,19.45,0.0,209.8,314.27,0.0,0.0,0.0,0.0,0.0,0.0,1.57,0.0,2.75,0.0,32.51,4.33,621.7,0.0,173.06
256943949015260,310.96,28,6.16,288.24,16.56,0.0,179.76,293.06,0.0,0.0,0.0,0.0,0.0,0.0,1.5,0.0,2.67,0.0,12.06,3.48,673.92,0.0,1.34
256943954674297,467.12,28,10.04,254.88,202.2,0.0,181.59,262.85,0.0,0.0,0.0,0.0,0.0,0.0,2.34,0.0,5.89,0.0,14.27,3.54,666.35,0.0,1.93
256943960577581,331.6,28,9.28,306.37,15.95,0.0,178.57,311.12,0.0,0.0,0.0,0.0,0.0,0.0,1.47,0.0,2.43,0.0,9.1,3.41,673.58,0.0,4.43
256943966040626,266.29,28,10.69,239.29,16.31,0.0,180.07,247.99,0.0,0.0,0.0,0.0,0.0,0.0,2.15,0.0,5.59,0.0,16.63,5.22,671.04,0.0,1.9
256943971807135,864.66,28,9.07,773.71,81.89,668.3,241.25,779.83,0.0,0.0,0.0,0.0,0.0,0.0,1.41,0.0,2.4,0.0,17.43,4.59,733.17,0.0,2.63
256943977698272,250.47,28,10.29,222.86,17.31,0.0,178.56,230.72,0.0,0.0,0.0,0.0,0.0,0.0,2.02,0.0,5.46,0.0,14.62,3.59,669.76,0.0,2.31
256943983121447,325.12,28,6.73,310.28,8.11,291.85,179.22,315.49,0.0,0.0,0.0,0.0,0.0,0.0,1.58,0.0,2.59,0.0,12.36,3.44,673.63,0.0,1.44
256943988781053,414.9,28,11.81,315.9,87.19,0.0,209.82,325.8,0.0,0.0,0.0,0.0,0.0,0.0,2.68,0.0,6.95,0.0,85.23,4.32,594.28,0.0,1.71
256943994462676,1044.16,28,9.95,811.66,222.54,0.0,277.51,818.79,0.0,0.0,0.0,0.0,0.0,0.0,1.74,0.0,2.93,0.0,12.85,5.48,718.18,0.0,2.82
256944000763182,236.64,28,9.29,209.56,17.79,0.0,171.33,216.66,0.0,0.0,0.0,0.0,0.0,0.0,2.08,0.0,5.31,0.0,12.39,3.58,660.88,0.0,2.01
256944006039027,249.92,28,9.92,232.23,7.77,227.01,176.2,236.97,0.0,0.0,0.0,0.0,0.0,0.0,1.44,0.0,2.41,0.0,8.09,3.46,671.96,0.0,5.19
256944011493498,592.99,28,10.71,500.67,81.61,0.0,295.4,508.65,0.0,0.0,0.0,0.0,0.0,0.0,1.69,0.0,2.8,0.0,62.6,6.16,739.47,0.0,2.73
256944017050730,249.99,28,6.99,224.46,18.54,0.0,173.77,229.33,0.0,0.0,0.0,0.0,0.0,0.0,1.57,0.0,2.54,0.0,9.21,3.51,657.31,0.0,2.13
256944022691410,404.3,28,9.06,303.72,91.52,300.3,177.52,310.19,0.0,0.0,0.0,0.0,0.0,0.0,2.26,0.0,5.36,0.0,13.58,3.54,668.98,0.0,2.59
256944028056290,263.4,28,7.56,247.37,8.48,243.63,176.78,252.94,0.0,0.0,0.0,0.0,0.0,0.0,1.63,0.0,2.61,0.0,11.71,3.67,654.45,0.0,1.98
256944033628327,1200.52,28,294.42,817.33,88.78,985.22,164.04,1109.43,0.0,0.0,0.0,0.0,0.0,0.0,289.88,0.0,291.17,0.0,23.53,4.9,690.53,0.0,2.21
256944040359809,256.04,28,13.65,233.52,8.87,235.39,182.23,245.27,0.0,0.0,0.0,0.0,0.0,0.0,1.92,0.0,9.12,0.0,15.03,3.54,673.77,0.0,1.9
256944045945394,962.51,28,9.84,880.35,72.33,692.49,205.68,887.78,0.0,0.0,0.0,0.0,0.0,0.0,2.53,0.0,5.87,0.0,9.89,4.88,700.22,0.0,2.14
256944053010934,1227.8,28,8.11,731.29,488.4,0.0,238.27,737.12,0.0,0.0,0.0,0.0,0.0,0.0,1.53,0.0,2.62,0.0,11.88,3.89,697.88,0.0,2.27
256944059749388,246.24,28,9.11,226.9,10.24,223.62,180.77,234.23,0.0,0.0,0.0,0.0,0.0,0.0,1.95,0.0,5.62,0.0,11.84,3.46,705.29,0.0,1.67
256944065135970,315.76,28,7.56,298.91,9.29,295.61,174.65,304.53,0.0,0.0,0.0,0.0,0.0,0.0,2.07,0.0,3.01,0.0,10.93,3.48,670.17,0.0,1.89
256944070861845,322.43,28,11.04,220.58,90.81,218.53,183.59,228.74,0.0,0.0,0.0,0.0,0.0,0.0,2.3,0.0,5.79,0.0,20.56,3.51,675.01,0.0,2.63
256944076060716,325.17,28,7.3,308.87,9.0,300.46,177.67,313.49,0.0,0.0,0.0,0.0,0.0,0.0,1.61,0.0,2.7,0.0,10.53,3.47,680.64,0.0,2.23
256944081681985,827.04,28,7.35,730.07,89.63,582.4,179.31,735.41,0.0,0.0,0.0,0.0,0.0,0.0,2.06,0.0,4.58,0.0,7.75,3.42,692.09,0.0,1.79
256944088503080,590.27,28,22.74,470.59,96.94,465.71,222.53,477.62,0.0,0.0,0.0,0.0,0.0,0.0,2.14,0.0,3.59,0.0,16.02,4.46,645.9,0.0,15.58
256944093916384,327.98,28,12.46,297.01,18.51,0.0,193.37,305.98,0.0,0.0,0.0,0.0,0.0,0.0,3.5,0.0,7.26,0.0,23.24,3.5,649.99,0.0,3.25
256944099669681,492.63,28,8.12,404.45,80.05,0.0,246.11,410.25,0.0,0.0,0.0,0.0,0.0,0.0,1.55,0.0,2.5,0.0,31.29,3.64,689.24,0.0,2.33
256944105027817,419.33,28,8.77,337.12,73.45,336.0,170.13,344.48,0.0,0.0,0.0,0.0,0.0,0.0,2.14,0.0,5.94,0.0,9.73,3.6,669.21,0.0,1.41
256944110292159,319.81,28,7.55,295.37,16.89,0.0,180.74,300.18,0.0,0.0,0.0,0.0,0.0,0.0,1.52,0.0,2.5,0.0,8.51,3.45,679.66,0.0,2.74
256944116236452,379.12,28,11.05,296.66,71.41,296.23,182.96,305.13,0.0,0.0,0.0,0.0,0.0,0.0,2.41,0.0,6.43,0.0,18.91,3.56,677.29,0.0,2.5
256944121441905,619.25,28,6.58,603.07,9.6,599.14,232.78,608.01,0.0,0.0,0.0,0.0,0.0,0.0,1.77,0.0,2.73,0.0,7.86,3.48,707.34,0.0,1.64
256944126871718,339.3,28,11.81,317.46,10.02,318.26,191.27,326.62,0.0,0.0,0.0,0.0,0.0,0.0,2.45,0.0,5.61,0.0,25.19,4.73,653.49,0.0,2.61
256944132673649,506.15,28,10.1,399.19,96.85,0.0,231.44,407.12,0.0,0.0,0.0,0.0,0.0,0.0,1.47,0.0,2.77,0.0,81.58,5.16,697.04,0.0,2.17
256944137929709,249.77,28,10.43,229.8,9.55,229.24,185.27,238.35,0.0,0.0,0.0,0.0,0.0,0.0,2.61,0.0,6.45,0.0,16.0,3.47,690.33,0.0,1.87
256944143056476,241.03,28,6.34,227.61,7.08,223.85,183.07,232.42,0.0,0.0,0.0,0.0,0.0,0.0,2.1,0.0,3.25,0.0,8.75,3.46,678.85,0.0,1.53
256944148173240,840.91,28,17.71,812.79,10.41,696.44,264.58,828.57,0.0,0.0,0.0,0.0,0.0,0.0,7.72,0.0,13.85,0.0,21.59,4.83,692.9,0.0,1.92
256944154063160,308.75,28,6.4,294.01,8.34,290.6,179.37,298.94,0.0,0.0,0.0,0.0,0.0,0.0,1.55,0.0,2.66,0.0,11.74,3.54,679.09,0.0,1.48
256944159748146,863.58,28,13.42,771.75,78.41,650.32,199.43,782.86,0.0,0.0,0.0,0.0,0.0,0.0,4.59,0.0,9.85,0.0,12.34,3.65,676.96,0.0,2.31
256944166034448,262.9,28,7.1,239.51,16.29,0.0,176.18,245.09,0.0,0.0,0.0,0.0,0.0,0.0,1.44,0.0,2.58,0.0,11.46,3.48,669.98,0.0,1.52
256944171093025,328.09,28,8.27,300.65,19.18,0.0,182.9,293.04,0.0,0.0,0.0,0.0,0.0,0.0,1.71,0.0,2.91,0.0,11.64,3.5,683.8,0.0,2.64
256944176736623,458.19,28,21.99,346.48,89.72,339.57,254.91,351.62,0.0,0.0,0.0,0.0,0.0,0.0,1.49,0.0,2.48,0.0,86.17,5.12,675.49,0.0,16.21
256944182027512,239.04,28,11.03,218.97,9.04,219.94,176.45,227.66,0.0,0.0,0.0,0.0,0.0,0.0,2.23,0.0,6.85,0.0,15.05,3.47,662.84,0.0,2.34
256944187673506,461.68,28,11.22,357.06,93.4,0.0,247.59,365.88,0.0,0.0,0.0,0.0,0.0,0.0,2.15,0.0,3.25,0.0,34.5,5.57,673.33,0.0,2.4
256944193063399,877.53,28,14.16,663.9,199.47,0.0,265.72,675.32,0.0,0.0,0.0,0.0,0.0,0.0,4.22,0.0,9.53,0.0,17.73,3.59,707.77,0.0,2.74
256944198837805,246.64,28,11.69,218.88,16.06,0.0,205.8,224.68,0.0,0.0,0.0,0.0,0.0,0.0,1.61,0.0,2.54,0.0,39.09,3.59,679.03,0.0,5.89
256944203917366,237.29,28,18.79,210.48,8.02,220.0,166.54,227.27,0.0,0.0,0.0,0.0,0.0,0.0,2.71,0.0,16.18,0.0,11.87,3.55,667.73,0.0,2.01
256944208986952,249.07,28,16.95,216.37,15.75,0.0,182.57,231.22,0.0,0.0,0.0,0.0,0.0,0.0,11.16,0.0,12.24,0.0,14.09,5.68,664.71,0.0,2.1
256944213994959,1004.77,28,83.09,648.22,273.46,0.0,248.62,729.23,0.0,0.0,0.0,0.0,0.0,0.0,13.2,0.0,78.23,0.0,12.37,4.46,700.75,0.0,2.08
256944219795693,329.12,28,7.27,304.34,17.51,0.0,176.24,309.89,0.0,0.0,0.0,0.0,0.0,0.0,1.45,0.0,2.65,0.0,11.12,3.48,671.75,0.0,1.72
256944224935485,291.9,28,22.14,253.45,16.32,0.0,177.09,259.62,0.0,0.0,0.0,0.0,0.0,0.0,1.67,0.0,3.18,0.0,16.2,4.97,632.56,0.0,15.3
256944230811339,411.86,28,8.15,311.5,92.21,0.0,177.71,317.13,0.0,0.0,0.0,0.0,0.0,0.0,1.55,0.0,2.48,0.0,14.66,3.47,671.0,0.0,2.52
256944236424960,635.2,28,19.82,542.39,72.98,551.9,245.16,560.12,0.0,0.0,0.0,0.0,0.0,0.0,5.27,0.0,12.08,0.0,19.55,7.07,720.01,0.0,2.1
256944241862600,264.4,28,6.32,241.23,16.85,0.0,177.2,246.01,0.0,0.0,0.0,0.0,0.0,0.0,1.59,0.0,2.53,0.0,8.81,3.56,689.34,0.0,1.54
256944247505810,592.28,28,9.69,489.29,93.3,0.0,236.93,496.49,0.0,0.0,0.0,0.0,0.0,0.0,1.36,0.0,2.51,0.0,28.73,4.99,680.98,0.0,2.48
256944252923265,319.49,28,7.48,294.75,17.27,0.0,185.83,299.96,0.0,0.0,0.0,0.0,0.0,0.0,1.62,0.0,2.63,0.0,8.29,3.38,682.37,0.0,2.25
256944258019027,256.12,28,10.08,237.36,8.68,236.46,175.46,245.73,0.0,0.0,0.0,0.0,0.0,0.0,2.63,0.0,6.66,0.0,11.13,3.47,675.43,0.0,1.67
256944263093139,304.26,28,6.64,282.93,14.69,0.0,180.57,287.88,0.0,0.0,0.0,0.0,0.0,0.0,1.43,0.0,2.57,0.0,8.24,3.54,683.74,0.0,1.69
256944268232163,238.22,28,11.05,218.82,8.34,220.86,174.65,227.92,0.0,0.0,0.0,0.0,0.0,0.0,2.46,0.0,6.97,0.0,11.35,3.48,670.14,0.0,1.96
256944273292344,314.17,28,7.82,290.59,15.76,0.0,178.03,296.42,0.0,0.0,0.0,0.0,0.0,0.0,1.58,0.0,2.85,0.0,10.35,3.5,667.53,0.0,1.99
256944278345237,325.01,28,8.81,296.77,19.43,0.0,181.49,289.85,0.0,0.0,0.0,0.0,0.0,0.0,2.0,0.0,3.25,0.0,8.72,3.51,679.52,0.0,2.82
256944283415002,317.69,28,7.15,291.32,19.22,0.0,175.43,296.77,0.0,0.0,0.0,0.0,0.0,0.0,1.58,0.0,2.66,0.0,8.65,3.53,671.29,0.0,1.7
256944289031201,269.46,28,14.62,239.93,14.91,0.0,182.65,248.39,0.0,0.0,0.0,0.0,0.0,0.0,2.54,0.0,5.94,0.0,14.91,3.64,668.44,0.0,6.16
256944294105107,254.63,28,7.35,238.06,9.23,233.8,176.16,243.41,0.0,0.0,0.0,0.0,0.0,0.0,1.58,0.0,2.5,0.0,11.22,3.5,659.14,0.0,1.99
256944299701974,477.19,28,10.56,382.11,84.52,380.31,215.57,390.4,0.0,0.0,0.0,0.0,0.0,0.0,2.11,0.0,5.8,0.0,23.29,4.45,683.44,0.0,2.26
256944305064998,330.06,28,6.89,305.47,17.7,0.0,181.99,310.43,0.0,0.0,0.0,0.0,0.0,0.0,1.74,0.0,2.76,0.0,8.03,3.45,679.69,0.0,1.89
256944310191245,313.37,28,11.12,284.62,17.63,0.0,184.02,293.53,0.0,0.0,0.0,0.0,0.0,0.0,3.07,0.0,7.08,0.0,11.86,3.5,698.49,0.0,2.21
256944315903534,344.09,28,14.22,226.99,102.88,0.0,179.7,238.43,0.0,0.0,0.0,0.0,0.0,0.0,7.54,0.0,8.79,0.0,24.35,3.43,674.39,0.0,2.75
256944321044679,237.98,28,9.04,211.91,17.02,0.0,183.59,219.57,0.0,0.0,0.0,0.0,0.0,0.0,2.42,0.0,6.04,0.0,14.78,3.58,675.83,0.0,1.39
256944326074081,330.78,28,7.32,304.88,18.59,0.0,176.74,310.01,0.0,0.0,0.0,0.0,0.0,0.0,1.74,0.0,3.23,0.0,11.68,3.41,650.95,0.0,2.19
256944331811546,393.26,28,9.15,295.57,88.53,0.0,180.42,302.27,0.0,0.0,0.0,0.0,0.0,0.0,2.19,0.0,5.0,0.0,15.23,3.7,680.87,0.0,2.46
256944337621809,333.78,28,7.72,244.2,81.86,240.51,176.77,249.33,0.0,0.0,0.0,0.0,0.0,0.0,1.36,0.0,2.38,0.0,10.74,3.48,661.93,0.0,2.48
256944342791177,302.0,28,10.77,273.58,17.65,0.0,181.53,282.95,0.0,0.0,0.0,0.0,0.0,0.0,2.63,0.0,6.77,0.0,21.42,3.5,677.46,0.0,1.4
256944347920202,255.81,28,6.57,234.34,14.9,0.0,181.47,238.74,0.0,0.0,0.0,0.0,0.0,0.0,1.13,0.0,2.2,0.0,9.88,3.56,673.14,0.0,2.17
256944352998624,266.25,28,10.08,245.06,11.11,246.15,179.03,253.66,0.0,0.0,0.0,0.0,0.0,0.0,2.45,0.0,6.35,0.0,11.47,3.47,680.29,0.0,1.48
256944358673363,617.33,28,8.53,399.34,209.46,0.0,178.27,404.61,0.0,0.0,0.0,0.0,0.0,0.0,1.75,0.0,2.7,0.0,14.69,3.51,671.74,0.0,2.94
256944364705801,319.89,28,9.56,293.98,16.35,0.0,180.63,301.55,0.0,0.0,0.0,0.0,0.0,0.0,2.23,0.0,5.64,0.0,12.45,3.67,680.83,0.0,1.97
256944369869963,291.46,28,27.0,255.63,8.84,270.92,175.02,280.21,0.0,0.0,0.0,0.0,0.0,0.0,2.06,0.0,23.66,0.0,9.66,3.59,663.95,0.0,2.26
256944375062353,313.68,28,11.2,286.12,16.36,0.0,183.07,295.58,0.0,0.0,0.0,0.0,0.0,0.0,2.93,0.0,6.63,0.0,27.45,3.65,678.67,0.0,1.7
256944380162151,314.31,28,6.61,290.83,16.87,0.0,174.97,295.89,0.0,0.0,0.0,0.0,0.0,0.0,1.73,0.0,3.11,0.0,9.67,3.44,664.19,0.0,1.49
256944385324409,235.13,28,11.03,216.07,8.03,216.25,177.55,225.25,0.0,0.0,0.0,0.0,0.0,0.0,3.03,0.0,7.02,0.0,18.28,3.57,666.97,0.0,1.85
256944390992104,274.61,28,8.23,228.95,37.43,0.0,180.71,234.45,0.0,0.0,0.0,0.0,0.0,0.0,1.56,0.0,2.7,0.0,11.46,3.53,670.06,0.0,2.42
256944396511099,606.71,28,20.55,503.83,82.33,0.0,221.09,522.12,0.0,0.0,0.0,0.0,0.0,0.0,6.35,0.0,13.3,0.0,77.62,6.49,676.1,0.0,2.26
256944401915579,915.36,28,6.97,898.63,9.76,722.56,238.15,903.4,0.0,0.0,0.0,0.0,0.0,0.0,1.48,0.0,2.78,0.0,9.24,3.52,728.53,0.0,1.95
256944407834887,326.33,28,10.31,295.87,20.15,0.0,178.73,304.68,0.0,0.0,0.0,0.0,0.0,0.0,2.77,0.0,6.3,0.0,11.79,3.58,682.05,0.0,1.5
256944412984853,984.34,28,12.63,962.53,9.17,827.74,222.73,972.71,0.0,0.0,0.0,0.0,0.0,0.0,1.72,0.0,2.7,0.0,13.31,8.46,705.46,0.0,2.21
256944419407407,317.42,28,10.66,298.51,8.25,299.0,180.94,307.29,0.0,0.0,0.0,0.0,0.0,0.0,2.31,0.0,5.97,0.0,23.51,3.62,667.37,0.0,1.88
256944425033907,892.37,28,6.97,732.33,153.07,0.0,230.47,737.46,0.0,0.0,0.0,0.0,0.0,0.0,1.48,0.0,2.72,0.0,9.11,3.76,720.29,0.0,1.84
256944430904123,316.27,28,9.75,298.3,8.23,297.04,180.94,306.05,0.0,0.0,0.0,0.0,0.0,0.0,2.6,0.0,5.93,0.0,12.75,3.66,677.62,0.0,1.99
256944436083846,244.64,28,6.9,228.41,9.33,212.98,174.95,233.12,0.0,0.0,0.0,0.0,0.0,0.0,1.9,0.0,2.85,0.0,8.42,3.44,666.65,0.0,2.19
256944441171764,251.34,28,10.31,223.16,17.88,0.0,181.79,231.55,0.0,0.0,0.0,0.0,0.0,0.0,2.46,0.0,6.32,0.0,14.51,3.48,673.67,0.0,1.92
256944446283335,267.18,28,6.88,250.71,9.58,242.84,179.95,255.67,0.0,0.0,0.0,0.0,0.0,0.0,1.42,0.0,2.51,0.0,11.32,3.51,672.18,0.0,1.92
256944451392970,645.22,28,10.5,619.4,15.32,0.0,219.62,627.52,0.0,0.0,0.0,0.0,0.0,0.0,2.73,0.0,6.21,0.0,15.37,3.95,725.95,0.0,2.38
256944457584093,519.28,28,10.02,420.75,88.51,0.0,222.03,428.42,0.0,0.0,0.0,0.0,0.0,0.0,1.66,0.0,2.83,0.0,17.5,5.93,660.56,0.0,2.35
256944462981733,262.48,28,9.64,236.68,16.16,0.0,178.74,244.02,0.0,0.0,0.0,0.0,0.0,0.0,2.2,0.0,5.85,0.0,9.13,3.59,671.1,0.0,2.3
256944468044242,315.8,28,7.4,291.14,17.26,0.0,178.8,296.57,0.0,0.0,0.0,0.0,0.0,0.0,1.54,0.0,2.53,0.0,13.09,3.53,665.64,0.0,1.96
256944473188910,254.35,28,11.94,227.05,15.36,0.0,179.39,236.94,0.0,0.0,0.0,0.0,0.0,0.0,2.62,0.0,6.59,0.0,24.37,3.56,658.88,0.0,2.05
256944478922033,875.05,28,7.14,661.44,206.47,0.0,268.33,667.08,0.0,0.0,0.0,0.0,0.0,0.0,1.45,0.0,2.66,0.0,40.43,3.72,721.92,0.0,1.5
256944485280628,310.6,28,7.8,237.36,65.43,234.59,176.49,242.98,0.0,0.0,0.0,0.0,0.0,0.0,1.59,0.0,3.02,0.0,11.66,3.59,661.8,0.0,2.18
256944490330401,325.53,28,9.18,296.7,19.65,0.0,178.09,302.2,0.0,0.0,0.0,0.0,0.0,0.0,1.71,0.0,2.67,0.0,15.54,3.66,660.61,0.0,3.67
256944496151516,862.51,28,11.2,682.55,168.75,0.0,206.64,692.07,0.0,0.0,0.0,0.0,0.0,0.0,2.99,0.0,7.17,0.0,11.88,3.64,653.44,0.0,1.69
256944501846080,322.83,28,6.81,300.45,15.57,0.0,186.75,305.61,0.0,0.0,0.0,0.0,0.0,0.0,1.86,0.0,2.83,0.0,19.85,3.59,674.98,0.0,1.65
256944506986290,274.14,28,10.99,253.72,9.44,254.35,173.58,262.8,0.0,0.0,0.0,0.0,0.0,0.0,1.81,0.0,4.38,0.0,12.66,7.26,666.05,0.0,1.91
256944512079801,315.75,28,7.58,300.08,8.1,297.6,181.0,305.85,0.0,0.0,0.0,0.0,0.0,0.0,1.56,0.0,2.67,0.0,21.57,3.49,670.05,0.0,1.81
256944517686762,440.71,28,13.09,342.38,85.25,345.4,227.15,353.12,0.0,0.0,0.0,0.0,0.0,0.0,2.29,0.0,5.83,0.0,11.03,5.05,667.81,0.0,2.35
256944522951296,252.07,28,6.83,237.25,7.98,234.98,186.06,242.37,0.0,0.0,0.0,0.0,0.0,0.0,1.34,0.0,2.29,0.0,18.23,3.47,687.01,0.0,1.72
256944527960986,322.61,28,10.06,298.03,14.51,0.0,170.22,306.56,0.0,0.0,0.0,0.0,0.0,0.0,2.42,0.0,6.54,0.0,11.06,3.42,684.97,0.0,1.54
256944533668282,456.28,28,7.72,371.85,76.71,368.97,235.38,377.17,0.0,0.0,0.0,0.0,0.0,0.0,1.72,0.0,2.97,0.0,9.83,3.5,693.09,0.0,2.41
256944539056488,312.95,28,10.28,285.94,16.72,0.0,190.56,293.66,0.0,0.0,0.0,0.0,0.0,0.0,2.38,0.0,5.87,0.0,14.78,3.48,692.92,0.0,2.56
256944544247133,249.01,28,7.55,231.21,10.25,224.14,177.32,236.47,0.0,0.0,0.0,0.0,0.0,0.0,1.55,0.0,2.51,0.0,14.18,3.41,669.81,0.0,2.29
256944549293807,717.73,28,12.35,642.93,62.45,0.0,257.32,653.66,0.0,0.0,0.0,0.0,0.0,0.0,3.42,0.0,7.94,0.0,28.44,3.47,690.36,0.0,1.62
256944555037461,977.05,28,40.75,835.46,100.84,0.0,259.08,840.28,0.0,0.0,0.0,0.0,0.0,0.0,2.42,0.0,3.51,0.0,16.54,3.5,710.51,0.0,34.79
256944560780171,308.28,28,10.02,281.25,17.01,0.0,177.25,289.31,0.0,0.0,0.0,0.0,0.0,0.0,2.06,0.0,5.67,0.0,10.68,3.47,656.4,0.0,1.89
256944566052917,310.35,28,7.53,286.59,16.23,0.0,169.94,292.34,0.0,0.0,0.0,0.0,0.0,0.0,1.79,0.0,2.98,0.0,11.04,3.6,657.03,0.0,1.78
256944571828421,412.69,28,7.82,331.88,72.99,324.77,187.29,337.63,0.0,0.0,0.0,0.0,0.0,0.0,2.05,0.0,3.25,0.0,16.65,3.99,652.25,0.0,1.91
256944577087848,236.32,28,6.22,210.69,19.41,0.0,175.71,214.67,0.0,0.0,0.0,0.0,0.0,0.0,1.47,0.0,2.44,0.0,8.26,3.4,668.5,0.0,2.24
256944582062185,242.98,28,9.2,224.6,9.18,220.64,196.07,231.46,0.0,0.0,0.0,0.0,0.0,0.0,2.48,0.0,5.92,0.0,27.38,3.54,695.0,0.0,2.34
256944587703756,340.78,28,7.98,233.55,99.25,0.0,186.74,238.63,0.0,0.0,0.0,0.0,0.0,0.0,1.21,0.0,2.23,0.0,18.32,3.6,678.75,0.0,2.86
256944592836290,292.75,28,11.58,272.92,8.24,272.59,180.39,282.26,0.0,0.0,0.0,0.0,0.0,0.0,3.02,0.0,7.63,0.0,15.21,3.58,667.79,0.0,2.24
256944598058309,326.47,28,8.61,308.8,9.07,306.56,177.82,315.08,0.0,0.0,0.0,0.0,0.0,0.0,1.71,0.0,2.8,0.0,14.03,3.48,657.75,0.0,2.32
256944604009368,325.44,28,9.3,305.46,10.69,304.7,180.89,313.39,0.0,0.0,0.0,0.0,0.0,0.0,2.55,0.0,5.93,0.0,11.96,3.57,669.71,0.0,1.37
256944609673606,396.16,28,8.04,305.33,82.78,301.39,177.33,310.81,0.0,0.0,0.0,0.0,0.0,0.0,1.56,0.0,2.73,0.0,10.11,3.45,676.9,0.0,2.56
256944614869122,267.0,28,10.7,247.48,8.81,247.67,183.1,256.61,0.0,0.0,0.0,0.0,0.0,0.0,2.89,0.0,6.65,0.0,11.9,3.49,695.22,0.0,1.57
256944620063545,237.85,28,6.21,215.44,16.2,0.0,180.42,220.21,0.0,0.0,0.0,0.0,0.0,0.0,1.71,0.0,2.67,0.0,12.08,3.57,682.46,0.0,1.45
256944625106723,245.09,28,12.06,216.7,16.33,0.0,186.73,226.75,0.0,0.0,0.0,0.0,0.0,0.0,2.71,0.0,6.97,0.0,21.55,3.5,695.74,0.0,2.01
256944630220863,316.75,28,6.4,291.85,18.49,0.0,184.66,296.77,0.0,0.0,0.0,0.0,0.0,0.0,1.42,0.0,2.39,0.0,8.76,3.44,675.74,0.0,1.38
256944635368775,662.85,28,14.44,630.43,17.98,0.0,250.98,642.07,0.0,0.0,0.0,0.0,0.0,0.0,3.1,0.0,8.85,0.0,25.42,3.47,695.64,0.0,2.64
256944640871472,281.5,28,6.61,260.12,14.76,0.0,181.25,265.08,0.0,0.0,0.0,0.0,0.0,0.0,1.2,0.0,2.16,0.0,11.94,4.16,661.67,0.0,1.65
256944645994958,1136.16,28,10.12,706.47,419.57,590.49,161.35,715.26,0.0,0.0,0.0,0.0,0.0,0.0,3.01,0.0,7.28,0.0,10.06,3.51,644.15,0.0,1.33
256944651985364,782.23,28,12.36,640.7,129.17,0.0,224.06,650.55,0.0,0.0,0.0,0.0,0.0,0.0,1.64,0.0,7.01,0.0,20.68,7.82,724.64,0.0,2.51
256944658293932,283.39,28,10.24,247.07,26.08,0.0,178.92,255.93,0.0,0.0,0.0,0.0,0.0,0.0,2.48,0.0,6.46,0.0,10.5,3.48,672.25,0.0,1.39
256944663408084,632.72,28,8.33,608.43,15.97,0.0,229.38,614.59,0.0,0.0,0.0,0.0,0.0,0.0,1.45,0.0,2.56,0.0,15.74,3.6,721.06,0.0,2.17
256944668928514,793.62,28,10.92,770.82,11.88,659.98,240.32,779.5,0.0,0.0,0.0,0.0,0.0,0.0,2.92,0.0,6.86,0.0,18.36,3.52,738.26,0.0,2.24
256944675038712,977.01,28,48.12,628.36,300.54,0.0,230.07,673.99,0.0,0.0,0.0,0.0,0.0,0.0,40.18,0.0,41.5,0.0,20.82,6.97,679.1,0.0,2.33
256944680866689,333.89,28,25.03,292.36,16.5,0.0,175.61,313.37,0.0,0.0,0.0,0.0,0.0,0.0,3.06,0.0,19.12,0.0,16.75,3.56,675.79,0.0,4.03
256944686044386,313.78,28,8.05,296.11,9.63,293.25,176.04,301.61,0.0,0.0,0.0,0.0,0.0,0.0,2.22,0.0,3.48,0.0,13.64,3.57,652.76,0.0,2.55
256944691811306,352.29,28,17.59,262.9,71.8,268.19,184.85,277.47,0.0,0.0,0.0,0.0,0.0,0.0,5.9,0.0,11.94,0.0,33.39,3.6,649.04,0.0,3.02
256944697022064,319.6,28,7.04,303.93,8.63,301.91,182.05,309.74,0.0,0.0,0.0,0.0,0.0,0.0,1.32,0.0,2.28,0.0,15.61,3.54,685.76,0.0,1.23
256944702698470,433.07,28,12.39,341.98,78.7,343.15,218.5,351.91,0.0,0.0,0.0,0.0,0.0,0.0,2.76,0.0,8.16,0.0,30.8,3.61,681.0,0.0,2.26
256944708087368,237.65,28,6.56,215.72,15.37,0.0,184.02,220.47,0.0,0.0,0.0,0.0,0.0,0.0,1.45,0.0,2.52,0.0,8.76,3.55,681.85,0.0,1.82
256944713905143,399.35,28,13.71,299.15,86.48,0.0,192.7,310.73,0.0,0.0,0.0,0.0,0.0,0.0,3.33,0.0,8.11,0.0,26.78,4.34,689.97,0.0,2.02
256944719763806,332.99,28,6.53,252.07,74.39,248.79,191.41,257.26,0.0,0.0,0.0,0.0,0.0,0.0,1.68,0.0,2.65,0.0,13.08,3.49,697.0,0.0,1.34
256944724883675,284.28,28,11.61,255.29,17.38,0.0,197.39,264.73,0.0,0.0,0.0,0.0,0.0,0.0,2.86,0.0,7.08,0.0,11.74,3.49,671.51,0.0,2.17
256944730076078,322.03,28,10.18,295.75,16.1,0.0,180.93,300.83,0.0,0.0,0.0,0.0,0.0,0.0,1.68,0.0,2.66,0.0,11.69,3.58,665.23,0.0,5.1
256944735207102,783.2,28,10.04,635.03,138.13,0.0,260.54,643.84,0.0,0.0,0.0,0.0,0.0,0.0,2.55,0.0,6.86,0.0,27.14,3.52,702.6,0.0,1.24
256944740846281,349.95,28,6.74,334.01,9.2,329.69,181.96,338.54,0.0,0.0,0.0,0.0,0.0,0.0,1.67,0.0,2.85,0.0,8.19,3.47,693.02,0.0,2.21
256944746052145,237.73,28,9.76,212.18,15.79,0.0,177.92,219.74,0.0,0.0,0.0,0.0,0.0,0.0,1.95,0.0,5.19,0.0,11.7,3.55,676.54,0.0,2.2
256944751732643,890.26,28,13.6,664.24,212.43,0.0,191.39,675.64,0.0,0.0,0.0,0.0,0.0,0.0,1.48,0.0,2.7,0.0,23.73,10.37,700.16,0.0,2.19
256944757782735,246.01,28,9.65,227.38,8.98,227.38,178.65,235.74,0.0,0.0,0.0,0.0,0.0,0.0,2.52,0.0,5.94,0.0,8.48,3.46,680.33,0.0,1.29
256944762890643,325.13,28,7.66,307.9,9.58,302.94,185.49,313.33,0.0,0.0,0.0,0.0,0.0,0.0,1.46,0.0,2.59,0.0,18.89,3.56,681.84,0.0,2.23
256944768036469,232.46,28,8.98,214.93,8.55,213.28,176.22,222.19,0.0,0.0,0.0,0.0,0.0,0.0,2.21,0.0,6.14,0.0,8.46,3.48,680.62,0.0,1.72
256944773684085,848.44,28,7.09,769.65,71.69,650.25,251.56,774.9,0.0,0.0,0.0,0.0,0.0,0.0,1.79,0.0,2.92,0.0,15.3,3.55,704.4,0.0,1.72
256944779787914,269.99,28,14.0,247.56,8.42,244.62,181.53,256.0,0.0,0.0,0.0,0.0,0.0,0.0,2.14,0.0,5.83,0.0,25.81,3.58,649.12,0.0,5.56
256944784859668,325.19,28,7.32,309.33,8.54,304.74,193.66,314.27,0.0,0.0,0.0,0.0,0.0,0.0,1.83,0.0,2.79,0.0,21.86,3.51,659.27,0.0,2.38
256944790007203,256.99,28,9.25,229.76,17.98,0.0,169.59,237.09,0.0,0.0,0.0,0.0,0.0,0.0,2.36,0.0,5.49,0.0,7.75,3.46,671.88,0.0,1.92
256944795731666,351.96,28,7.59,248.85,95.53,0.0,186.0,253.53,0.0,0.0,0.0,0.0,0.0,0.0,1.31,0.0,2.35,0.0,11.7,4.14,680.61,0.0,2.5
256944801079822,255.41,28,10.3,225.14,19.97,0.0,171.21,233.41,0.0,0.0,0.0,0.0,0.0,0.0,2.8,0.0,6.36,0.0,13.03,3.54,668.19,0.0,2.03
256944806716453,423.14,28,7.51,340.53,75.1,336.58,221.29,346.13,0.0,0.0,0.0,0.0,0.0,0.0,1.4,0.0,2.43,0.0,23.99,3.58,647.65,0.0,1.67
256944812068130,798.97,28,11.0,777.21,10.77,665.47,237.89,787.03,0.0,0.0,0.0,0.0,0.0,0.0,2.94,0.0,7.02,0.0,24.14,6.15,727.52,0.0,1.18
256944817839678,318.53,28,6.92,295.84,15.78,0.0,179.8,300.56,0.0,0.0,0.0,0.0,0.0,0.0,1.72,0.0,2.77,0.0,9.13,3.49,687.5,0.0,2.2
256944823028710,314.3,28,10.66,294.78,8.87,294.43,181.93,303.41,0.0,0.0,0.0,0.0,0.0,0.0,2.52,0.0,6.18,0.0,9.27,3.54,669.38,0.0,2.02
256944828199612,229.11,28,6.45,212.48,10.18,209.84,179.97,217.68,0.0,0.0,0.0,0.0,0.0,0.0,1.49,0.0,2.74,0.0,10.15,3.48,672.02,0.0,1.25
256944833289890,257.93,28,12.6,221.7,23.63,0.0,180.62,229.75,0.0,0.0,0.0,0.0,0.0,0.0,2.13,0.0,4.82,0.0,19.41,3.54,689.12,0.0,4.54
256944838381624,250.88,28,15.79,226.74,8.35,232.23,178.25,240.61,0.0,0.0,0.0,0.0,0.0,0.0,1.71,0.0,12.05,0.0,15.13,3.65,669.6,0.0,1.91
256944843465011,317.6,28,9.8,298.95,8.85,299.23,175.56,307.07,0.0,0.0,0.0,0.0,0.0,0.0,2.3,0.0,5.88,0.0,14.37,3.45,666.62,0.0,1.68
256944848637619,254.92,28,6.36,238.09,10.47,234.87,175.66,243.06,0.0,0.0,0.0,0.0,0.0,0.0,1.48,0.0,2.47,0.0,15.43,3.5,676.37,0.0,1.4
256944854042049,789.54,28,13.24,765.2,11.09,661.55,234.87,776.19,0.0,0.0,0.0,0.0,0.0,0.0,4.0,0.0,8.22,0.0,15.42,3.57,728.04,0.0,2.26
256944860035861,241.21,28,7.5,218.77,14.94,0.0,180.05,224.42,0.0,0.0,0.0,0.0,0.0,0.0,1.46,0.0,2.82,0.0,10.82,3.57,684.3,0.0,1.85
256944865675257,407.01,28,10.71,312.34,83.96,309.19,183.1,321.05,0.0,0.0,0.0,0.0,0.0,0.0,2.88,0.0,7.04,0.0,21.87,3.44,691.89,0.0,2.0
256944870927319,255.35,28,6.87,239.69,8.8,235.66,200.08,244.62,0.0,0.0,0.0,0.0,0.0,0.0,1.52,0.0,2.55,0.0,38.02,3.48,678.85,0.0,1.94
256944876059819,327.45,28,9.59,301.49,16.37,0.0,173.05,309.55,0.0,0.0,0.0,0.0,0.0,0.0,2.25,0.0,5.79,0.0,15.51,3.62,657.74,0.0,1.5
256944881212754,240.05,28,6.7,216.96,16.39,0.0,177.98,221.68,0.0,0.0,0.0,0.0,0.0,0.0,1.34,0.0,2.32,0.0,7.9,3.55,680.18,0.0,1.99
256944886881264,364.58,28,7.17,271.04,86.36,267.63,177.48,276.12,0.0,0.0,0.0,0.0,0.0,0.0,1.7,0.0,2.95,0.0,13.26,3.69,664.25,0.0,2.1
256944892733517,803.0,28,5.79,712.64,84.57,590.01,176.36,716.95,0.0,0.0,0.0,0.0,0.0,0.0,1.53,0.0,2.55,0.0,9.55,4.1,671.38,0.0,1.48
256944899025615,321.02,28,9.98,301.9,9.14,301.17,170.42,309.73,0.0,0.0,0.0,0.0,0.0,0.0,2.37,0.0,5.82,0.0,14.13,3.56,658.88,0.0,2.15
256944904200438,316.22,28,6.97,292.95,16.29,0.0,179.32,297.69,0.0,0.0,0.0,0.0,0.0,0.0,1.48,0.0,2.46,0.0,10.76,3.63,696.55,0.0,2.23
256944909351710,310.44,28,9.71,292.62,8.12,293.52,181.01,300.91,0.0,0.0,0.0,0.0,0.0,0.0,2.2,0.0,5.85,0.0,12.84,3.59,671.55,0.0,1.41
256944914520414,336.24,28,6.2,322.14,7.9,316.8,174.96,326.54,0.0,0.0,0.0,0.0,0.0,0.0,1.4,0.0,2.38,0.0,10.75,3.57,677.88,0.0,1.81
256944919685801,268.23,28,14.49,245.19,8.54,246.91,182.49,254.92,0.0,0.0,0.0,0.0,0.0,0.0,3.0,0.0,6.67,0.0,21.26,3.53,662.57,0.0,4.76
256944925043981,261.2,28,8.02,236.38,16.8,0.0,180.96,242.38,0.0,0.0,0.0,0.0,0.0,0.0,1.64,0.0,2.75,0.0,11.84,3.6,654.94,0.0,1.98
256944930751746,334.26,28,7.81,236.53,89.92,233.09,172.89,242.55,0.0,0.0,0.0,0.0,0.0,0.0,2.1,0.0,5.25,0.0,8.93,3.42,680.93,0.0,1.69
256944935950939,244.97,28,6.9,228.95,9.12,223.06,178.68,234.25,0.0,0.0,0.0,0.0,0.0,0.0,1.61,0.0,2.58,0.0,7.79,3.46,680.89,0.0,1.59
256944940959485,245.0,28,10.49,216.48,18.03,0.0,184.12,224.66,0.0,0.0,0.0,0.0,0.0,0.0,1.93,0.0,5.95,0.0,11.54,3.44,686.28,0.0,2.31
256944946082378,248.7,28,7.2,223.06,18.44,0.0,175.3,228.04,0.0,0.0,0.0,0.0,0.0,0.0,1.72,0.0,2.8,0.0,8.34,3.44,675.45,0.0,2.21
256944951173734,309.69,28,10.5,283.7,15.5,0.0,181.83,292.15,0.0,0.0,0.0,0.0,0.0,0.0,2.43,0.0,6.15,0.0,19.78,3.54,654.0,0.0,2.05
256944956994279,258.95,28,8.01,230.19,20.75,226.4,176.28,235.33,0.0,0.0,0.0,0.0,0.0,0.0,1.78,0.0,3.01,0.0,16.99,3.49,662.44,0.0,2.88
256944962131176,863.49,28,12.23,839.84,11.42,664.92,231.14,850.0,0.0,0.0,0.0,0.0,0.0,0.0,3.81,0.0,6.85,0.0,29.6,7.91,671.3,0.0,2.08
256944968621494,256.24,28,6.87,241.43,7.94,237.77,178.62,246.41,0.0,0.0,0.0,0.0,0.0,0.0,1.6,0.0,2.68,0.0,12.07,3.49,691.67,0.0,1.89
256944973700522,282.13,28,11.06,253.52,17.55,0.0,181.34,262.38,0.0,0.0,0.0,0.0,0.0,0.0,2.55,0.0,6.66,0.0,16.44,3.58,685.75,0.0,2.2
256944979405302,634.29,28,30.07,594.68,9.54,613.52,238.76,622.21,0.0,0.0,0.0,0.0,0.0,0.0,1.92,0.0,25.7,0.0,18.83,3.53,700.66,0.0,2.54
256944984856357,343.94,28,31.59,304.31,8.04,323.95,175.43,333.26,0.0,0.0,0.0,0.0,0.0,0.0,21.08,0.0,26.19,0.0,17.25,3.53,661.0,0.0,2.52
256944990080905,253.11,28,6.66,237.97,8.47,233.93,183.6,242.29,0.0,0.0,0.0,0.0,0.0,0.0,1.73,0.0,2.74,0.0,9.45,3.89,676.19,0.0,2.23
256944995722293,335.21,28,8.79,234.56,91.85,0.0,181.34,241.73,0.0,0.0,0.0,0.0,0.0,0.0,2.07,0.0,6.09,0.0,9.06,3.64,681.15,0.0,1.62
256945001235548,317.74,28,10.06,297.54,10.13,289.48,186.16,303.19,0.0,0.0,0.0,0.0,0.0,0.0,1.47,0.0,2.84,0.0,21.65,3.52,665.27,0.0,4.37
256945006324847,246.04,28,10.19,226.84,9.01,224.81,184.23,234.48,0.0,0.0,0.0,0.0,0.0,0.0,2.36,0.0,5.31,0.0,13.02,3.6,693.47,0.0,2.55
256945011395704,318.32,28,7.25,302.47,8.6,295.66,180.35,307.08,0.0,0.0,0.0,0.0,0.0,0.0,1.34,0.0,2.29,0.0,9.97,3.53,669.28,0.0,2.64
256945017005440,233.66,28,10.17,204.43,19.06,0.0,180.71,212.64,0.0,0.0,0.0,0.0,0.0,0.0,2.61,0.0,6.06,0.0,10.65,3.55,680.74,0.0,1.96
256945022738718,424.32,28,13.72,299.12,111.47,0.0,176.34,305.24,0.0,0.0,0.0,0.0,0.0,0.0,1.5,0.0,2.69,0.0,16.89,3.59,669.06,0.0,7.44
256945028014634,319.51,28,10.75,299.3,9.46,299.14,182.91,308.25,0.0,0.0,0.0,0.0,0.0,0.0,2.36,0.0,6.57,0.0,9.58,3.48,683.96,0.0,1.8
256945033818636,392.0,28,7.94,293.97,90.09,0.0,205.16,300.12,0.0,0.0,0.0,0.0,0.0,0.0,1.86,0.0,2.95,0.0,17.45,4.91,634.79,0.0,1.79
256945038988611,269.42,28,13.09,235.59,20.73,0.0,188.03,246.46,0.0,0.0,0.0,0.0,0.0,0.0,4.61,0.0,8.5,0.0,12.34,3.5,684.9,0.0,2.22
256945044105913,265.76,28,6.89,242.55,16.32,0.0,178.37,247.44,0.0,0.0,0.0,0.0,0.0,0.0,1.82,0.0,2.93,0.0,13.64,3.5,672.69,0.0,2.01
256945049746218,445.83,28,12.7,338.64,94.49,0.0,195.15,349.19,0.0,0.0,0.0,0.0,0.0,0.0,3.22,0.0,7.76,0.0,24.36,4.47,642.2,0.0,2.16
256945055064267,328.21,28,6.53,301.76,19.92,0.0,172.76,306.25,0.0,0.0,0.0,0.0,0.0,0.0,1.57,0.0,2.56,0.0,8.47,3.56,664.53,0.0,2.04
256945060293625,242.06,28,10.91,210.91,20.24,0.0,179.5,219.78,0.0,0.0,0.0,0.0,0.0,0.0,2.8,0.0,6.38,0.0,12.54,3.56,657.19,0.0,2.04
256945065387603,233.93,28,7.99,216.9,9.04,213.24,179.88,222.74,0.0,0.0,0.0,0.0,0.0,0.0,1.73,0.0,2.94,0.0,20.78,3.5,675.47,0.0,1.94
256945070436251,320.68,28,10.9,300.04,9.73,297.91,171.94,307.9,0.0,0.0,0.0,0.0,0.0,0.0,2.15,0.0,5.78,0.0,10.78,3.54,677.86,0.0,2.91
256945075632308,264.75,28,12.07,243.12,9.55,240.48,189.06,248.95,0.0,0.0,0.0,0.0,0.0,0.0,1.44,0.0,2.43,0.0,21.13,3.65,690.07,0.0,5.99
256945081197356,839.59,28,10.92,734.29,94.38,731.26,193.34,743.09,0.0,0.0,0.0,0.0,0.0,0.0,4.37,0.0,7.27,0.0,23.28,4.08,666.79,0.0,1.8
256945086919322,961.49,28,7.63,809.37,144.49,0.0,242.19,814.47,0.0,0.0,0.0,0.0,0.0,0.0,1.62,0.0,2.59,0.0,10.59,3.48,734.78,0.0,2.52
256945092833163,255.75,28,10.35,236.0,9.4,235.88,183.93,244.58,0.0,0.0,0.0,0.0,0.0,0.0,2.76,0.0,6.56,0.0,9.49,3.51,668.78,0.0,1.77
256945098067955,844.71,28,8.47,825.13,11.11,641.22,238.44,831.22,0.0,0.0,0.0,0.0,0.0,0.0,1.93,0.0,2.98,0.0,10.16,4.2,683.98,0.0,2.38
256945104075517,324.67,28,11.46,302.86,10.35,301.6,179.14,312.8,0.0,0.0,0.0,0.0,0.0,0.0,2.94,0.0,7.66,0.0,17.29,3.75,665.61,0.0,1.5
256945109275719,316.13,28,7.1,292.72,16.31,0.0,179.59,297.78,0.0,0.0,0.0,0.0,0.0,0.0,1.42,0.0,2.4,0.0,9.74,3.43,666.97,0.0,2.04
256945114463649,592.81,28,14.48,560.85,17.47,0.0,226.92,573.16,0.0,0.0,0.0,0.0,0.0,0.0,2.72,0.0,8.94,0.0,38.08,3.64,671.46,0.0,2.18
256945119916338,358.62,28,8.59,332.88,17.15,0.0,262.14,339.14,0.0,0.0,0.0,0.0,0.0,0.0,1.57,0.0,2.57,0.0,94.62,3.69,671.26,0.0,2.33
256945125182723,243.91,28,9.7,217.42,16.78,0.0,175.3,224.59,0.0,0.0,0.0,0.0,0.0,0.0,1.72,0.0,5.28,0.0,15.97,3.51,661.41,0.0,2.54
256945130297571,727.86,28,6.85,701.5,19.52,0.0,223.58,706.72,0.0,0.0,0.0,0.0,0.0,0.0,1.6,0.0,2.55,0.0,9.44,3.75,699.7,0.0,1.63
256945135891404,260.09,28,10.04,242.02,8.03,241.63,171.53,249.81,0.0,0.0,0.0,0.0,0.0,0.0,2.06,0.0,5.84,0.0,9.72,3.46,664.79,0.0,2.25
256945141438517,640.99,28,7.92,550.09,82.97,547.19,221.59,556.04,0.0,0.0,0.0,0.0,0.0,0.0,1.42,0.0,2.44,0.0,61.33,4.23,696.71,0.0,1.98
256945147096124,774.76,28,11.43,636.83,126.51,0.0,223.46,646.55,0.0,0.0,0.0,0.0,0.0,0.0,2.91,0.0,7.72,0.0,23.93,3.61,703.93,0.0,1.7
256945152899764,321.57,28,6.99,305.53,9.05,302.29,178.26,310.53,0.0,0.0,0.0,0.0,0.0,0.0,1.44,0.0,2.35,0.0,9.35,3.6,682.77,0.0,1.99
256945158665377,468.45,28,7.91,368.36,92.18,0.0,230.45,374.27,0.0,0.0,0.0,0.0,0.0,0.0,1.48,0.0,2.69,0.0,23.74,4.4,668.8,0.0,2.0
256945164550499,403.27,28,6.79,302.36,94.13,0.0,173.66,307.42,0.0,0.0,0.0,0.0,0.0,0.0,1.54,0.0,2.68,0.0,11.18,3.57,654.0,0.0,1.72
256945169837206,330.26,28,9.59,305.34,15.33,0.0,181.37,312.48,0.0,0.0,0.0,0.0,0.0,0.0,2.55,0.0,6.12,0.0,12.04,3.56,684.73,0.0,2.45
256945175090979,320.41,28,8.83,294.68,16.9,0.0,182.67,300.91,0.0,0.0,0.0,0.0,0.0,0.0,1.57,0.0,2.67,0.0,19.79,3.55,676.13,0.0,2.6
256945180778363,413.13,28,8.51,310.46,94.16,0.0,182.44,316.79,0.0,0.0,0.0,0.0,0.0,0.0,1.3,0.0,2.46,0.0,16.83,5.04,635.02,0.0,2.18
256945186506575,620.67,28,9.95,515.58,95.14,514.97,238.01,523.24,0.0,0.0,0.0,0.0,0.0,0.0,2.22,0.0,3.18,0.0,22.56,4.48,680.97,0.0,2.29
256945191985680,248.56,28,14.84,224.69,9.03,225.52,165.16,238.12,0.0,0.0,0.0,0.0,0.0,0.0,8.02,0.0,11.86,0.0,15.88,9.35,634.51,0.0,1.41
256945197728520,890.67,28,6.21,786.5,97.96,641.92,218.57,791.25,0.0,0.0,0.0,0.0,0.0,0.0,1.42,0.0,2.37,0.0,15.44,3.51,709.57,0.0,1.45
256945203822838,321.3,28,11.56,299.53,10.2,300.77,140.44,309.22,0.0,0.0,0.0,0.0,0.0,0.0,2.71,0.0,7.32,0.0,18.46,4.03,678.45,0.0,1.88
256945208973310,318.86,28,8.25,301.18,9.42,299.94,185.88,307.66,0.0,0.0,0.0,0.0,0.0,0.0,1.87,0.0,3.27,0.0,16.89,3.5,681.78,0.0,1.77
256945214836766,415.48,28,9.7,306.06,99.72,0.0,172.93,314.19,0.0,0.0,0.0,0.0,0.0,0.0,2.46,0.0,5.36,0.0,16.1,3.91,646.19,0.0,1.57
256945220667160,461.04,28,6.65,366.21,88.18,0.0,248.36,371.15,0.0,0.0,0.0,0.0,0.0,0.0,1.94,0.0,2.92,0.0,11.39,3.49,711.39,0.0,1.71
256945225972699,952.92,28,12.0,932.03,8.89,806.64,214.35,941.74,0.0,0.0,0.0,0.0,0.0,0.0,2.93,0.0,7.2,0.0,11.9,3.48,696.93,0.0,2.29
256945231810461,703.76,28,17.75,549.0,137.01,0.0,185.36,563.49,0.0,0.0,0.0,0.0,0.0,0.0,1.64,0.0,2.61,0.0,27.28,14.32,702.31,0.0,3.26
256945238065545,269.14,28,10.56,242.31,16.27,0.0,184.31,251.06,0.0,0.0,0.0,0.0,0.0,0.0,2.83,0.0,6.67,0.0,16.27,3.63,677.09,0.0,1.81
256945243208347,809.31,28,30.14,699.75,79.42,0.0,245.63,705.27,0.0,0.0,0.0,0.0,0.0,0.0,1.48,0.0,2.45,0.0,11.1,3.82,668.98,0.0,24.58
256945248889363,365.37,28,11.6,344.44,9.33,343.88,178.53,353.68,0.0,0.0,0.0,0.0,0.0,0.0,3.82,0.0,7.53,0.0,10.91,4.35,665.7,0.0,2.37
256945254103229,321.44,28,14.53,285.59,21.32,0.0,178.15,297.44,0.0,0.0,0.0,0.0,0.0,0.0,1.69,0.0,2.82,0.0,20.46,12.77,670.61,0.0,2.68
256945259812617,348.5,28,9.78,252.99,85.73,0.0,182.66,260.28,0.0,0.0,0.0,0.0,0.0,0.0,2.33,0.0,5.71,0.0,15.87,3.59,666.74,0.0,2.05
256945264991005,895.16,28,10.7,873.65,10.82,701.43,230.46,880.13,0.0,0.0,0.0,0.0,0.0,0.0,1.88,0.0,3.13,0.0,11.1,5.36,721.97,0.0,4.04
256945272026941,983.31,28,13.16,852.3,117.86,0.0,203.25,863.44,0.0,0.0,0.0,0.0,0.0,0.0,5.08,0.0,9.78,0.0,10.21,3.48,728.51,0.0,1.91
256945278058865,945.66,28,8.48,733.61,203.57,0.0,254.81,739.52,0.0,0.0,0.0,0.0,0.0,0.0,1.8,0.0,2.73,0.0,10.69,4.5,764.09,0.0,2.27
256945283910381,251.81,28,10.06,232.52,9.22,231.6,174.57,240.5,0.0,0.0,0.0,0.0,0.0,0.0,2.3,0.0,5.76,0.0,8.0,3.51,673.77,0.0,1.88
256945289045985,263.16,28,7.72,246.63,8.81,242.62,185.73,251.83,0.0,0.0,0.0,0.0,0.0,0.0,1.47,0.0,2.59,0.0,11.99,3.57,704.7,0.0,2.34
256945294687772,458.15,28,15.91,350.8,91.44,353.64,225.22,364.12,0.0,0.0,0.0,0.0,0.0,0.0,4.08,0.0,10.26,0.0,14.75,4.88,659.44,0.0,2.49
256945300067817,884.96,28,9.85,683.54,191.57,0.0,240.76,690.96,0.0,0.0,0.0,0.0,0.0,0.0,1.46,0.0,2.43,0.0,12.12,5.38,718.52,0.0,2.29
256945305839765,315.71,28,11.89,284.73,19.09,0.0,189.74,294.28,0.0,0.0,0.0,0.0,0.0,0.0,3.64,0.0,6.92,0.0,23.93,3.61,660.84,0.0,2.28
256945311058072,252.64,28,7.29,236.97,8.39,232.68,187.05,241.86,0.0,0.0,0.0,0.0,0.0,0.0,1.78,0.0,3.06,0.0,11.55,3.45,685.68,0.0,2.24
256945316853379,350.45,28,8.75,253.21,88.49,241.2,179.52,259.52,0.0,0.0,0.0,0.0,0.0,0.0,1.71,0.0,2.86,0.0,12.6,3.57,613.49,0.0,2.32
256945322074421,316.04,28,19.08,281.45,15.52,0.0,187.95,298.25,0.0,0.0,0.0,0.0,0.0,0.0,1.41,0.0,2.37,0.0,29.1,17.31,672.84,0.0,1.98
256945327228333,784.79,28,11.12,661.04,112.62,0.0,249.22,670.01,0.0,0.0,0.0,0.0,0.0,0.0,3.17,0.0,7.16,0.0,24.05,3.5,719.67,0.0,2.14
256945332941878,787.55,28,6.71,771.14,9.69,655.94,241.21,776.25,0.0,0.0,0.0,0.0,0.0,0.0,1.68,0.0,2.66,0.0,10.83,3.61,749.21,0.0,1.41
256945338878141,316.09,28,9.71,297.27,9.11,293.57,182.24,305.43,0.0,0.0,0.0,0.0,0.0,0.0,2.48,0.0,5.91,0.0,18.56,3.52,671.1,0.0,1.44
256945344075240,250.83,28,7.62,234.69,8.51,230.49,179.71,240.87,0.0,0.0,0.0,0.0,0.0,0.0,1.5,0.0,2.69,0.0,19.36,3.52,664.68,0.0,1.41
256945349215093,253.05,28,8.56,236.49,8.0,234.88,192.8,243.2,0.0,0.0,0.0,0.0,0.0,0.0,2.33,0.0,5.26,0.0,12.3,3.53,718.36,0.0,1.75
256945354389660,275.65,28,7.42,251.03,17.21,0.0,181.94,256.34,0.0,0.0,0.0,0.0,0.0,0.0,1.5,0.0,2.59,0.0,9.81,3.44,699.12,0.0,2.11
256945359559960,522.02,28,9.86,493.12,19.05,0.0,246.17,501.25,0.0,0.0,0.0,0.0,0.0,0.0,2.26,0.0,5.65,0.0,21.37,3.56,721.05,0.0,1.73
256945364947633,321.51,28,7.11,305.81,8.59,302.09,181.12,310.98,0.0,0.0,0.0,0.0,0.0,0.0,1.54,0.0,2.76,0.0,9.28,3.47,672.61,0.0,1.88
256945370818096,349.36,28,11.77,241.53,96.06,0.0,192.36,251.94,0.0,0.0,0.0,0.0,0.0,0.0,3.17,0.0,8.72,0.0,21.45,3.53,636.68,0.0,1.21
256945376103151,344.21,28,6.61,319.46,18.14,0.0,178.9,323.98,0.0,0.0,0.0,0.0,0.0,0.0,1.45,0.0,2.42,0.0,9.06,3.46,672.46,0.0,1.97
256945381305948,238.33,28,8.95,219.69,9.69,216.88,169.14,226.34,0.0,0.0,0.0,0.0,0.0,0.0,2.41,0.0,5.8,0.0,9.44,3.51,660.36,0.0,2.07
256945386433440,236.21,28,6.72,219.46,10.03,214.9,178.58,223.87,0.0,0.0,0.0,0.0,0.0,0.0,1.39,0.0,2.38,0.0,9.28,3.52,677.64,0.0,2.16
256945391534831,253.65,28,9.54,235.29,8.82,229.66,174.24,242.75,0.0,0.0,0.0,0.0,0.0,0.0,2.23,0.0,5.48,0.0,10.48,3.57,672.28,0.0,2.08
256945397033373,255.29,28,8.04,238.24,9.0,234.96,181.97,243.9,0.0,0.0,0.0,0.0,0.0,0.0,1.72,0.0,2.9,0.0,13.83,3.58,672.16,0.0,2.38
256945402910069,873.73,28,17.87,765.4,90.46,647.43,231.17,779.95,0.0,0.0,0.0,0.0,0.0,0.0,7.04,0.0,11.49,0.0,13.08,5.86,729.62,0.0,3.32
256945408874206,251.45,28,6.21,229.15,16.08,0.0,183.72,233.25,0.0,0.0,0.0,0.0,0.0,0.0,1.49,0.0,2.44,0.0,9.45,3.52,698.28,0.0,2.11
256945413957036,325.85,28,10.41,305.64,9.81,305.47,182.22,313.79,0.0,0.0,0.0,0.0,0.0,0.0,2.23,0.0,5.97,0.0,15.93,3.52,677.65,0.0,2.26
256945419789623,394.46,28,7.05,325.04,62.38,321.39,183.75,329.85,0.0,0.0,0.0,0.0,0.0,0.0,1.87,0.0,2.89,0.0,11.59,3.51,671.19,0.0,2.05
256945425054721,320.21,28,9.49,294.8,15.93,0.0,186.14,302.49,0.0,0.0,0.0,0.0,0.0,0.0,1.93,0.0,5.31,0.0,11.67,3.46,661.1,0.0,1.8
256945430257823,321.92,28,8.83,304.45,8.65,301.94,183.66,310.06,0.0,0.0,0.0,0.0,0.0,0.0,1.59,0.0,2.58,0.0,14.74,3.62,693.32,0.0,2.89
256945435478612,583.47,28,13.33,560.61,9.53,562.28,254.45,571.53,0.0,0.0,0.0,0.0,0.0,0.0,4.54,0.0,8.18,0.0,35.17,4.48,686.36,0.0,2.4
256945440985060,324.16,28,7.93,297.55,18.68,0.0,183.27,303.44,0.0,0.0,0.0,0.0,0.0,0.0,1.97,0.0,3.07,0.0,17.78,3.76,673.77,0.0,2.04
256945446179729,242.66,28,10.74,214.79,17.14,0.0,181.64,223.47,0.0,0.0,0.0,0.0,0.0,0.0,2.6,0.0,6.74,0.0,15.29,3.72,676.67,0.0,2.06
256945451329714,248.86,28,7.87,223.21,17.78,0.0,181.9,228.81,0.0,0.0,0.0,0.0,0.0,0.0,1.73,0.0,2.83,0.0,11.02,3.76,669.85,0.0,2.27
256945457014650,266.38,28,9.81,248.68,7.9,248.24,188.97,257.19,0.0,0.0,0.0,0.0,0.0,0.0,2.74,0.0,6.7,0.0,15.9,3.48,688.85,0.0,1.29
256945462207168,840.25,28,151.7,672.13,16.42,0.0,235.94,678.83,0.0,0.0,0.0,0.0,0.0,0.0,2.29,0.0,3.32,0.0,18.67,3.49,676.97,0.0,144.89
256945467907262,244.93,28,9.38,218.79,16.76,0.0,171.95,226.59,0.0,0.0,0.0,0.0,0.0,0.0,2.3,0.0,5.93,0.0,8.94,3.47,674.3,0.0,1.58
256945473643812,787.82,28,169.32,528.4,90.1,624.98,165.33,695.67,0.0,0.0,0.0,0.0,0.0,0.0,2.09,0.0,166.41,0.0,13.59,5.07,696.92,0.0,2.06
256945479780502,266.34,28,12.88,244.57,8.88,247.44,180.48,255.29,0.0,0.0,0.0,0.0,0.0,0.0,3.14,0.0,8.14,0.0,13.42,3.48,673.49,0.0,2.16
256945484922465,323.16,28,7.04,307.4,8.72,303.5,174.05,312.34,0.0,0.0,0.0,0.0,0.0,0.0,1.5,0.0,2.76,0.0,9.3,3.43,660.98,0.0,2.1
256945490132049,259.87,28,11.21,232.73,15.92,0.0,172.99,241.46,0.0,0.0,0.0,0.0,0.0,0.0,2.97,0.0,6.84,0.0,15.38,3.57,661.49,0.0,2.49
256945495998184,1006.44,28,8.42,979.81,18.21,830.47,191.13,985.83,0.0,0.0,0.0,0.0,0.0,0.0,1.53,0.0,2.69,0.0,12.0,5.12,668.47,0.0,2.4
256945501923952,257.0,28,10.75,236.68,9.57,236.0,179.18,245.29,0.0,0.0,0.0,0.0,0.0,0.0,2.76,0.0,7.11,0.0,14.47,3.59,679.6,0.0,2.14
256945507082678,330.81,28,7.46,304.33,19.02,0.0,183.53,309.53,0.0,0.0,0.0,0.0,0.0,0.0,1.89,0.0,2.85,0.0,11.3,3.46,676.59,0.0,2.26
256945512303022,244.36,28,11.33,224.17,8.86,223.96,178.62,233.6,0.0,0.0,0.0,0.0,0.0,0.0,2.8,0.0,7.09,0.0,17.09,3.67,677.29,0.0,1.9
256945518008090,1002.68,28,6.63,987.0,9.05,672.58,218.47,991.7,0.0,0.0,0.0,0.0,0.0,0.0,1.39,0.0,2.35,0.0,9.77,3.57,718.64,0.0,1.94
256945523933303,273.74,28,17.1,247.36,9.28,250.16,188.75,261.96,0.0,0.0,0.0,0.0,0.0,0.0,7.0,0.0,12.8,0.0,18.63,3.48,660.26,0.0,2.5
256945529096675,233.95,28,6.77,208.58,18.6,0.0,173.69,213.16,0.0,0.0,0.0,0.0,0.0,0.0,1.45,0.0,2.46,0.0,8.68,3.4,668.35,0.0,2.19
256945534967005,373.28,28,14.25,298.72,60.31,0.0,180.23,307.02,0.0,0.0,0.0,0.0,0.0,0.0,2.12,0.0,5.82,0.0,16.33,3.5,679.98,0.0,5.96
256945540196313,813.52,28,7.44,797.49,8.6,681.73,240.01,802.39,0.0,0.0,0.0,0.0,0.0,0.0,1.57,0.0,2.71,0.0,66.79,3.53,714.08,0.0,2.54
256945545971316,293.39,28,7.09,276.07,10.24,272.54,177.15,281.68,0.0,0.0,0.0,0.0,0.0,0.0,1.67,0.0,2.92,0.0,10.21,3.53,637.04,0.0,1.47
256945551172442,250.47,28,6.92,233.96,9.59,229.84,179.19,239.24,0.0,0.0,0.0,0.0,0.0,0.0,1.51,0.0,2.73,0.0,9.78,3.46,689.33,0.0,1.64
256945556274422,277.0,28,10.93,244.64,21.43,0.0,178.32,252.4,0.0,0.0,0.0,0.0,0.0,0.0,2.14,0.0,5.31,0.0,8.3,3.51,661.57,0.0,3.17
256945561425301,317.3,28,20.13,279.47,17.7,0.0,191.85,294.35,0.0,0.0,0.0,0.0,0.0,0.0,1.65,0.0,2.77,0.0,23.74,12.57,665.6,0.0,5.25
256945566661133,257.24,28,10.7,229.65,16.89,0.0,183.69,238.31,0.0,0.0,0.0,0.0,0.0,0.0,2.66,0.0,6.74,0.0,16.72,3.5,675.62,0.0,2.04
256945571831077,263.58,28,7.08,221.79,34.71,0.0,187.22,226.79,0.0,0.0,0.0,0.0,0.0,0.0,1.76,0.0,2.74,0.0,7.96,3.43,708.15,0.0,2.08
256945576928426,324.7,28,9.96,305.85,8.89,303.4,178.82,313.83,0.0,0.0,0.0,0.0,0.0,0.0,2.58,0.0,6.44,0.0,9.86,3.5,692.84,0.0,1.99
256945582733624,413.17,28,6.64,323.94,82.59,317.95,205.13,328.71,0.0,0.0,0.0,0.0,0.0,0.0,1.57,0.0,2.7,0.0,8.71,3.48,700.41,0.0,1.82
256945588632760,493.92,28,8.96,398.27,86.69,394.5,246.97,405.22,0.0,0.0,0.0,0.0,0.0,0.0,1.88,0.0,3.53,0.0,45.2,3.53,691.08,0.0,1.91
256945594015416,332.26,28,7.98,307.05,17.22,0.0,180.1,312.87,0.0,0.0,0.0,0.0,0.0,0.0,1.66,0.0,2.94,0.0,12.02,3.58,678.63,0.0,2.17
256945599203540,265.2,28,10.25,233.57,21.38,0.0,184.9,242.28,0.0,0.0,0.0,0.0,0.0,0.0,2.56,0.0,5.71,0.0,17.6,3.6,695.08,0.0,1.54
256945604392154,318.2,28,6.69,294.44,17.06,0.0,182.93,299.21,0.0,0.0,0.0,0.0,0.0,0.0,1.5,0.0,2.47,0.0,9.12,3.41,694.53,0.0,1.92
256945609693829,424.11,28,15.41,399.9,8.79,404.46,267.72,413.17,0.0,0.0,0.0,0.0,0.0,0.0,5.49,0.0,10.41,0.0,13.06,3.95,703.42,0.0,2.14
256945615458909,644.76,28,8.05,542.76,93.94,0.0,246.89,548.72,0.0,0.0,0.0,0.0,0.0,0.0,1.54,0.0,2.56,0.0,26.43,3.41,706.49,0.0,2.09
256945621022381,320.93,28,11.67,300.45,8.81,302.25,174.19,309.98,0.0,0.0,0.0,0.0,0.0,0.0,2.75,0.0,7.22,0.0,9.86,3.44,667.12,0.0,2.15
256945626756792,462.79,28,23.38,357.86,81.55,347.52,192.25,362.65,0.0,0.0,0.0,0.0,0.0,0.0,1.51,0.0,2.52,0.0,9.71,3.49,646.93,0.0,17.97
256945633009203,263.06,28,11.05,242.09,9.93,243.18,182.98,251.65,0.0,0.0,0.0,0.0,0.0,0.0,2.51,0.0,7.27,0.0,16.39,3.59,690.13,0.0,1.49
256945638739223,400.39,28,43.77,268.98,87.65,302.12,171.79,310.29,0.0,0.0,0.0,0.0,0.0,0.0,39.39,0.0,40.38,0.0,12.18,3.56,671.68,0.0,2.44
256945644022322,819.83,28,17.56,643.77,158.5,0.0,265.78,658.68,0.0,0.0,0.0,0.0,0.0,0.0,5.79,0.0,12.3,0.0,27.54,5.18,700.6,0.0,2.65
256945650357738,866.45,28,7.38,747.79,111.28,0.0,222.59,753.28,0.0,0.0,0.0,0.0,0.0,0.0,1.8,0.0,3.55,0.0,10.62,3.72,724.44,0.0,1.88
256945656749659,408.38,28,9.73,389.46,9.19,387.65,243.68,396.9,0.0,0.0,0.0,0.0,0.0,0.0,2.04,0.0,5.63,0.0,16.45,3.62,711.65,0.0,2.07
256945662093945,316.68,28,8.74,292.5,15.43,0.0,177.37,298.82,0.0,0.0,0.0,0.0,0.0,0.0,1.72,0.0,2.84,0.0,11.99,3.47,644.0,0.0,2.43
256945667917380,889.43,28,10.93,780.18,98.32,664.9,278.97,789.31,0.0,0.0,0.0,0.0,0.0,0.0,2.6,0.0,6.49,0.0,13.44,5.72,731.12,0.0,1.8
256945673913573,748.42,28,7.31,614.09,127.02,0.0,206.08,619.46,0.0,0.0,0.0,0.0,0.0,0.0,1.84,0.0,2.94,0.0,11.63,3.66,703.42,0.0,1.93
256945679880233,332.17,28,10.43,312.3,9.43,311.0,177.63,320.13,0.0,0.0,0.0,0.0,0.0,0.0,2.79,0.0,6.5,0.0,13.43,3.58,674.59,0.0,2.61
256945685738442,507.4,28,7.12,408.26,92.02,0.0,192.49,414.09,0.0,0.0,0.0,0.0,0.0,0.0,1.65,0.0,2.65,0.0,29.52,3.55,652.64,0.0,1.29
256945691168947,317.86,28,12.55,290.43,14.88,0.0,179.32,298.66,0.0,0.0,0.0,0.0,0.0,0.0,2.41,0.0,5.94,0.0,16.29,3.57,669.74,0.0,4.32
256945696478288,320.43,28,6.64,304.75,9.05,300.4,191.49,309.63,0.0,0.0,0.0,0.0,0.0,0.0,1.59,0.0,2.58,0.0,9.61,3.55,690.61,0.0,1.67
256945701757367,239.66,28,10.91,219.09,9.66,220.11,172.8,227.66,0.0,0.0,0.0,0.0,0.0,0.0,2.35,0.0,5.67,0.0,14.63,3.47,651.67,0.0,2.35
256945707090211,232.89,28,6.82,217.83,8.25,216.17,180.92,223.34,0.0,0.0,0.0,0.0,0.0,0.0,1.98,0.0,2.96,0.0,13.98,3.52,685.6,0.0,1.31
256945712936241,838.97,28,12.62,747.6,78.76,641.69,275.35,758.56,0.0,0.0,0.0,0.0,0.0,0.0,3.47,0.0,7.67,0.0,29.03,4.24,684.6,0.0,1.66
256945718878157,333.26,28,7.81,315.8,9.65,311.6,180.6,321.11,0.0,0.0,0.0,0.0,0.0,0.0,1.62,0.0,2.56,0.0,9.92,3.73,667.36,0.0,2.5
256945724149856,240.79,28,10.73,220.89,9.16,214.96,181.55,230.0,0.0,0.0,0.0,0.0,0.0,0.0,2.72,0.0,7.05,0.0,14.07,3.51,686.16,0.0,1.62
256945729298403,316.59,28,7.11,299.79,9.69,295.79,185.67,304.88,0.0,0.0,0.0,0.0,0.0,0.0,1.26,0.0,2.51,0.0,8.83,3.5,687.47,0.0,1.88
256945735014507,262.04,28,11.1,241.18,9.76,239.56,179.41,248.39,0.0,0.0,0.0,0.0,0.0,0.0,2.09,0.0,5.74,0.0,10.89,3.56,663.07,0.0,3.89
256945740217999,832.59,28,7.15,806.62,18.82,0.0,245.19,811.72,0.0,0.0,0.0,0.0,0.0,0.0,1.82,0.0,2.79,0.0,8.28,3.57,744.76,0.0,2.05
256945746105014,1568.87,28,9.49,549.71,1009.68,430.38,162.32,557.54,0.0,0.0,0.0,0.0,0.0,0.0,2.62,0.0,6.7,0.0,9.88,3.66,641.16,0.0,1.65
256945753918291,912.26,28,19.83,810.6,81.83,671.6,212.05,827.37,0.0,0.0,0.0,0.0,0.0,0.0,13.24,0.0,14.39,0.0,34.37,3.78,697.82,0.0,2.75
256945759897217,272.82,28,10.65,244.68,17.49,0.0,175.43,253.35,0.0,0.0,0.0,0.0,0.0,0.0,2.31,0.0,5.9,0.0,12.79,5.34,630.35,0.0,1.86
256945765621955,494.81,28,8.06,400.53,86.21,397.28,239.49,405.83,0.0,0.0,0.0,0.0,0.0,0.0,1.67,0.0,2.65,0.0,10.74,3.53,705.67,0.0,2.71
256945771088566,1014.11,28,14.89,978.16,21.05,802.06,253.03,990.97,0.0,0.0,0.0,0.0,0.0,0.0,4.51,0.0,10.32,0.0,18.58,3.61,719.22,0.0,1.96
256945778038361,339.03,28,7.9,322.44,8.69,317.36,175.04,328.23,0.0,0.0,0.0,0.0,0.0,0.0,1.95,0.0,2.93,0.0,13.35,3.75,660.91,0.0,1.99
256945783327914,255.55,28,9.64,238.22,7.69,235.39,176.36,245.78,0.0,0.0,0.0,0.0,0.0,0.0,1.86,0.0,5.46,0.0,11.9,3.52,665.92,0.0,2.06
256945789023963,323.69,28,14.22,301.29,8.17,299.95,180.18,314.01,0.0,0.0,0.0,0.0,0.0,0.0,1.75,0.0,11.86,0.0,11.52,3.44,674.72,0.0,1.5
256945795084128,950.84,28,14.15,844.09,92.59,750.81,273.5,856.02,0.0,0.0,0.0,0.0,0.0,0.0,3.04,0.0,8.22,0.0,13.4,3.78,734.62,0.0,2.15
256945801630109,257.24,28,13.11,234.52,9.61,227.11,191.38,240.16,0.0,0.0,0.0,0.0,0.0,0.0,1.31,0.0,2.33,0.0,20.92,3.62,658.87,0.0,7.21
256945806796090,372.36,28,15.96,346.92,9.48,350.76,190.06,360.02,0.0,0.0,0.0,0.0,0.0,0.0,6.2,0.0,11.44,0.0,24.62,3.51,637.46,0.0,2.67
256945812123594,323.63,28,7.72,299.29,16.62,0.0,179.65,304.89,0.0,0.0,0.0,0.0,0.0,0.0,1.78,0.0,2.73,0.0,13.36,3.59,682.09,0.0,2.12
256945817346628,688.56,28,88.78,590.08,9.7,659.66,313.77,672.01,0.0,0.0,0.0,0.0,0.0,0.0,2.08,0.0,3.2,0.0,109.32,79.07,694.84,0.0,6.51
256945823028745,251.3,28,7.92,234.08,9.3,230.61,180.02,239.71,0.0,0.0,0.0,0.0,0.0,0.0,1.39,0.0,2.51,0.0,20.2,3.46,665.7,0.0,2.3
256945828220935,786.53,28,12.73,641.12,132.68,0.0,260.92,651.59,0.0,0.0,0.0,0.0,0.0,0.0,4.74,0.0,8.65,0.0,19.91,3.59,714.49,0.0,2.25
256945834064128,321.32,28,7.43,293.62,20.27,0.0,183.42,298.96,0.0,0.0,0.0,0.0,0.0,0.0,1.65,0.0,2.59,0.0,12.02,3.41,661.39,0.0,2.03
256945839306538,706.28,28,12.04,683.62,10.62,651.39,268.72,694.02,0.0,0.0,0.0,0.0,0.0,0.0,2.24,0.0,6.68,0.0,12.32,3.9,707.53,0.0,1.47
256945844976364,328.91,28,6.81,306.33,15.77,0.0,173.5,310.68,0.0,0.0,0.0,0.0,0.0,0.0,1.47,0.0,2.48,0.0,8.12,3.49,666.38,0.0,2.26
256945850769268,856.99,28,12.18,753.35,91.47,644.75,255.0,762.94,0.0,0.0,0.0,0.0,0.0,0.0,3.36,0.0,7.74,0.0,22.52,3.86,699.59,0.0,2.59
256945856984049,830.2,28,14.97,803.81,11.42,697.81,225.17,813.16,0.0,0.0,0.0,0.0,0.0,0.0,1.46,0.0,2.55,0.0,26.58,10.74,676.08,0.0,5.63
256945863301914,711.09,28,48.91,605.14,57.04,0.0,221.58,651.62,0.0,0.0,0.0,0.0,0.0,0.0,2.57,0.0,6.29,0.0,50.11,42.21,702.43,0.0,2.43
256945869031609,879.64,28,8.33,858.93,12.39,737.88,239.5,864.73,0.0,0.0,0.0,0.0,0.0,0.0,1.58,0.0,2.66,0.0,13.5,4.83,728.17,0.0,2.53
256945874931489,269.78,28,9.61,242.77,17.4,0.0,184.69,250.19,0.0,0.0,0.0,0.0,0.0,0.0,2.32,0.0,5.46,0.0,14.91,3.47,670.98,0.0,2.19
256945880238273,318.49,28,6.07,303.92,8.5,298.55,173.84,308.6,0.0,0.0,0.0,0.0,0.0,0.0,1.52,0.0,2.48,0.0,8.59,3.56,675.83,0.0,1.39
256945886028227,267.49,28,12.16,239.09,16.25,0.0,184.33,248.91,0.0,0.0,0.0,0.0,0.0,0.0,2.8,0.0,6.67,0.0,17.32,3.59,669.19,0.0,2.33
256945891373942,324.25,28,6.69,299.48,18.08,0.0,180.62,303.69,0.0,0.0,0.0,0.0,0.0,0.0,1.49,0.0,2.46,0.0,9.15,3.5,681.55,0.0,2.48
256945896619392,319.12,28,10.18,292.29,16.65,0.0,180.86,300.53,0.0,0.0,0.0,0.0,0.0,0.0,2.36,0.0,5.53,0.0,14.83,3.54,680.9,0.0,1.94
256945902067347,306.84,28,7.75,290.74,8.35,287.54,184.24,296.46,0.0,0.0,0.0,0.0,0.0,0.0,1.78,0.0,2.76,0.0,12.26,3.68,685.4,0.0,2.03
256945907959385,282.89,28,9.88,218.06,54.95,217.7,177.33,225.71,0.0,0.0,0.0,0.0,0.0,0.0,1.79,0.0,5.22,0.0,16.82,3.78,680.86,0.0,2.05
256945913254601,256.02,28,6.75,231.63,17.64,0.0,173.8,236.31,0.0,0.0,0.0,0.0,0.0,0.0,1.51,0.0,2.72,0.0,9.24,3.43,677.78,0.0,2.08
256945918479010,310.65,28,10.61,282.28,17.76,0.0,173.71,291.14,0.0,0.0,0.0,0.0,0.0,0.0,2.7,0.0,6.81,0.0,11.1,3.41,676.11,0.0,1.75
256945924037430,245.31,28,13.61,216.3,15.41,0.0,184.76,228.37,0.0,0.0,0.0,0.0,0.0,0.0,1.45,0.0,9.48,0.0,17.65,3.48,674.79,0.0,1.53
256945929270575,261.67,28,14.33,238.05,9.29,238.19,177.37,247.14,0.0,0.0,0.0,0.0,0.0,0.0,2.76,0.0,7.43,0.0,17.41,3.46,670.57,0.0,5.25
256945934540406,254.84,28,6.32,239.89,8.62,234.05,180.37,244.72,0.0,0.0,0.0,0.0,0.0,0.0,1.77,0.0,2.74,0.0,10.79,3.5,683.24,0.0,1.49
256945939713061,280.53,28,11.33,254.12,15.09,0.0,175.46,263.63,0.0,0.0,0.0,0.0,0.0,0.0,2.9,0.0,7.62,0.0,16.89,3.6,669.2,0.0,1.82
256945944978148,258.92,28,14.51,227.19,17.22,0.0,181.76,239.81,0.0,0.0,0.0,0.0,0.0,0.0,1.73,0.0,2.7,0.0,19.54,10.9,673.71,0.0,1.9
256945950207700,780.25,28,11.4,756.78,12.07,654.04,249.92,766.23,0.0,0.0,0.0,0.0,0.0,0.0,3.61,0.0,8.46,0.0,16.38,3.61,703.16,0.0,1.95
256945956012365,248.92,28,7.51,232.07,9.34,229.75,186.27,237.52,0.0,0.0,0.0,0.0,0.0,0.0,1.43,0.0,2.4,0.0,13.35,3.56,682.61,0.0,2.06
256945961192933,819.95,28,8.12,701.6,110.23,0.0,261.92,707.53,0.0,0.0,0.0,0.0,0.0,0.0,1.59,0.0,3.12,0.0,21.4,3.55,704.28,0.0,2.19
256945967024423,320.55,28,5.88,305.54,9.13,302.08,183.25,309.95,0.0,0.0,0.0,0.0,0.0,0.0,1.58,0.0,2.67,0.0,9.52,3.54,689.8,0.0,1.47
256945972299008,713.97,28,14.64,632.23,67.11,0.0,237.23,644.53,0.0,0.0,0.0,0.0,0.0,0.0,4.91,0.0,9.95,0.0,9.12,4.38,741.19,0.0,2.34
256945978042144,324.78,28,6.36,309.31,9.11,305.63,179.56,314.23,0.0,0.0,0.0,0.0,0.0,0.0,1.55,0.0,2.67,0.0,9.21,3.54,681.0,0.0,1.44
256945983316499,242.15,28,12.95,220.09,9.1,219.95,183.0,230.2,0.0,0.0,0.0,0.0,0.0,0.0,2.58,0.0,7.42,0.0,26.98,3.6,677.36,0.0,2.85
256945988552878,558.38,28,6.36,533.99,18.03,0.0,239.22,538.16,0.0,0.0,0.0,0.0,0.0,0.0,1.61,0.0,2.69,0.0,9.04,3.57,715.16,0.0,2.19
256945994072535,253.67,28,10.84,225.83,17.0,0.0,189.01,235.05,0.0,0.0,0.0,0.0,0.0,0.0,2.56,0.0,6.12,0.0,17.74,3.59,688.1,0.0,1.62
256945999301528,272.71,28,6.93,247.71,18.07,0.0,174.35,252.72,0.0,0.0,0.0,0.0,0.0,0.0,1.51,0.0,2.45,0.0,8.86,3.64,673.46,0.0,1.92
256946005039868,321.44,28,9.44,303.61,8.39,302.79,172.7,311.16,0.0,0.0,0.0,0.0,0.0,0.0,2.08,0.0,5.73,0.0,14.46,3.51,661.18,0.0,1.89
256946010953410,845.24,28,6.95,643.51,194.78,0.0,236.27,648.97,0.0,0.0,0.0,0.0,0.0,0.0,1.55,0.0,2.68,0.0,12.77,3.52,749.93,0.0,1.49
256946018223876,789.03,28,11.84,688.9,88.29,655.03,211.84,698.71,0.0,0.0,0.0,0.0,0.0,0.0,2.85,0.0,6.92,0.0,13.68,3.64,685.35,0.0,2.03
256946024462341,895.38,28,9.76,802.12,83.5,662.04,270.43,809.87,0.0,0.0,0.0,0.0,0.0,0.0,3.3,0.0,4.45,0.0,32.79,3.64,703.57,0.0,2.01
256946031463487,1059.31,28,155.41,675.98,227.92,0.0,275.32,684.05,0.0,0.0,0.0,0.0,0.0,0.0,2.07,0.0,3.11,0.0,15.28,5.44,730.81,0.0,147.21
256946037950152,262.57,28,11.34,242.83,8.4,235.1,221.07,249.12,0.0,0.0,0.0,0.0,0.0,0.0,2.16,0.0,3.17,0.0,36.7,3.91,667.86,0.0,4.94
256946043197788,251.03,28,10.52,222.08,18.43,0.0,176.79,230.59,0.0,0.0,0.0,0.0,0.0,0.0,2.76,0.0,6.54,0.0,13.28,3.5,675.0,0.0,2.01
256946049009338,870.83,28,20.69,670.92,179.22,0.0,346.69,676.8,0.0,0.0,0.0,0.0,0.0,0.0,1.6,0.0,2.62,0.0,18.81,3.97,805.71,0.0,14.81
256946054989824,326.74,28,15.95,293.27,17.52,0.0,176.49,302.3,0.0,0.0,0.0,0.0,0.0,0.0,2.52,0.0,7.28,0.0,14.73,3.46,674.27,0.0,6.86
256946060880071,338.38,28,25.91,232.78,79.69,224.26,205.82,238.33,0.0,0.0,0.0,0.0,0.0,0.0,1.74,0.0,2.81,0.0,15.74,3.52,682.26,0.0,19.59
256946066255141,272.77,28,13.0,236.59,23.17,0.0,181.03,247.12,0.0,0.0,0.0,0.0,0.0,0.0,2.63,0.0,7.56,0.0,23.36,3.59,680.23,0.0,2.48
256946071565897,804.53,28,9.68,782.72,12.12,649.0,242.73,789.99,0.0,0.0,0.0,0.0,0.0,0.0,1.68,0.0,2.77,0.0,14.79,5.85,696.84,0.0,2.41
256946078089154,256.68,28,11.14,226.04,19.5,0.0,192.27,234.99,0.0,0.0,0.0,0.0,0.0,0.0,2.47,0.0,6.8,0.0,21.11,3.58,690.89,0.0,2.2
256946083987071,883.78,28,36.64,816.84,30.3,738.56,198.31,851.52,0.0,0.0,0.0,0.0,0.0,0.0,32.59,0.0,33.82,0.0,13.49,4.05,711.37,0.0,1.96
256946090062520,317.37,28,17.76,282.3,17.31,0.0,177.78,298.07,0.0,0.0,0.0,0.0,0.0,0.0,2.02,0.0,13.46,0.0,11.66,3.64,662.81,0.0,1.88
256946095409354,635.94,28,8.52,607.85,19.57,603.32,229.21,613.3,0.0,0.0,0.0,0.0,0.0,0.0,1.76,0.0,2.85,0.0,69.94,3.59,669.48,0.0,2.89
256946101083527,323.68,28,11.95,303.63,8.1,301.18,174.0,313.34,0.0,0.0,0.0,0.0,0.0,0.0,2.4,0.0,7.11,0.0,18.1,3.63,660.93,0.0,2.24
256946106421905,243.12,28,7.61,225.92,9.58,222.63,178.55,231.64,0.0,0.0,0.0,0.0,0.0,0.0,1.5,0.0,2.53,0.0,10.31,3.5,671.5,0.0,1.89
256946111672178,256.13,28,11.42,235.21,9.5,235.88,168.64,244.84,0.0,0.0,0.0,0.0,0.0,0.0,2.94,0.0,7.44,0.0,10.64,3.48,652.98,0.0,1.79
256946117183552,307.97,28,7.22,292.28,8.46,288.86,178.65,297.53,0.0,0.0,0.0,0.0,0.0,0.0,1.71,0.0,2.73,0.0,10.12,3.55,675.75,0.0,1.97
256946122526662,580.26,28,13.98,556.52,9.76,558.83,267.49,568.16,0.0,0.0,0.0,0.0,0.0,0.0,3.89,0.0,9.23,0.0,14.87,3.49,713.88,0.0,2.34
256946128725464,413.21,28,7.54,315.65,90.02,0.0,199.69,320.99,0.0,0.0,0.0,0.0,0.0,0.0,1.74,0.0,2.75,0.0,15.27,3.69,685.65,0.0,2.2
256946134106606,284.41,28,12.22,256.57,15.62,0.0,188.25,266.54,0.0,0.0,0.0,0.0,0.0,0.0,2.41,0.0,7.03,0.0,36.72,3.5,663.19,0.0,2.25
256946139382480,662.38,28,9.77,643.32,9.29,640.95,234.35,649.91,0.0,0.0,0.0,0.0,0.0,0.0,1.55,0.0,2.55,0.0,39.87,4.06,659.36,0.0,3.18
256946145093813,298.9,28,6.86,275.59,16.45,0.0,183.19,280.49,0.0,0.0,0.0,0.0,0.0,0.0,1.5,0.0,2.58,0.0,12.2,3.49,675.41,0.0,1.96
256946150402609,795.95,28,7.23,775.29,13.43,658.58,220.56,780.12,0.0,0.0,0.0,0.0,0.0,0.0,1.48,0.0,2.42,0.0,12.66,3.49,706.34,0.0,2.28
256946156925397,259.15,28,13.48,236.01,9.66,239.24,186.86,247.47,0.0,0.0,0.0,0.0,0.0,0.0,3.52,0.0,9.23,0.0,10.56,3.49,632.65,0.0,2.02
256946162211017,256.78,28,7.41,240.15,9.23,236.59,173.25,245.36,0.0,0.0,0.0,0.0,0.0,0.0,1.88,0.0,2.88,0.0,8.9,3.45,666.24,0.0,2.08
256946167464954,592.77,28,15.46,568.32,8.99,569.95,252.19,581.26,0.0,0.0,0.0,0.0,0.0,0.0,3.68,0.0,9.93,0.0,22.12,4.17,713.45,0.0,2.52
256946173578399,534.99,28,8.63,441.75,84.62,0.0,254.92,447.79,0.0,0.0,0.0,0.0,0.0,0.0,1.46,0.0,2.46,0.0,10.89,3.58,711.45,0.0,2.59
256946179675221,499.3,28,11.09,402.06,86.15,402.05,240.79,410.78,0.0,0.0,0.0,0.0,0.0,0.0,4.87,0.0,7.61,0.0,19.19,4.87,720.33,0.0,2.37
256946185254092,237.9,28,10.47,210.42,17.01,0.0,181.32,215.69,0.0,0.0,0.0,0.0,0.0,0.0,1.55,0.0,2.51,0.0,14.98,3.58,680.02,0.0,5.21
256946191013711,238.71,28,9.92,218.19,10.59,218.38,178.99,226.56,0.0,0.0,0.0,0.0,0.0,0.0,2.7,0.0,6.81,0.0,15.32,3.47,663.04,0.0,1.56
256946196314444,700.98,28,7.05,668.55,25.38,0.0,241.57,673.74,0.0,0.0,0.0,0.0,0.0,0.0,1.77,0.0,2.92,0.0,9.83,3.75,718.68,0.0,1.86
256946202078726,891.71,28,8.76,799.91,83.04,665.82,227.69,806.6,0.0,0.0,0.0,0.0,0.0,0.0,1.86,0.0,3.08,0.0,18.1,3.64,714.44,0.0,2.05
256946208084706,318.03,28,7.26,302.42,8.35,298.53,187.39,307.66,0.0,0.0,0.0,0.0,0.0,0.0,1.65,0.0,2.85,0.0,14.61,3.6,682.46,0.0,1.86
256946213456475,273.32,28,15.04,248.66,9.61,248.73,184.04,256.48,0.0,0.0,0.0,0.0,0.0,0.0,1.68,0.0,5.07,0.0,15.64,3.5,674.5,0.0,7.11
256946218786251,352.73,28,8.23,327.64,16.86,0.0,211.03,333.19,0.0,0.0,0.0,0.0,0.0,0.0,1.84,0.0,2.81,0.0,12.77,3.61,694.28,0.0,2.57
256946224671943,864.58,28,12.02,762.65,89.9,656.63,186.1,772.55,0.0,0.0,0.0,0.0,0.0,0.0,4.9,0.0,8.36,0.0,9.38,4.28,640.18,0.0,1.96
256946231004727,891.86,28,9.62,869.31,12.92,750.94,245.18,875.82,0.0,0.0,0.0,0.0,0.0,0.0,1.67,0.0,2.95,0.0,23.51,6.46,697.21,0.0,2.62
256946236994259,814.65,28,13.21,647.56,153.88,0.0,272.97,658.8,0.0,0.0,0.0,0.0,0.0,0.0,3.4,0.0,8.71,0.0,18.65,4.54,753.52,0.0,1.88
256946242984439,254.72,28,21.87,216.36,16.48,0.0,183.37,233.43,0.0,0.0,0.0,0.0,0.0,0.0,1.42,0.0,15.02,0.0,21.05,7.39,672.98,0.0,4.79
256946248248890,246.59,28,20.84,210.55,15.2,0.0,183.24,229.1,0.0,0.0,0.0,0.0,0.0,0.0,11.09,0.0,15.7,0.0,33.1,3.58,671.5,0.0,2.19
256946254096242,867.88,28,8.65,768.54,90.69,646.77,260.03,774.9,0.0,0.0,0.0,0.0,0.0,0.0,1.69,0.0,3.01,0.0,14.69,4.64,742.9,0.0,2.3
256946260082131,244.67,28,11.52,217.46,15.69,0.0,183.87,225.99,0.0,0.0,0.0,0.0,0.0,0.0,2.15,0.0,6.09,0.0,16.03,3.51,694.3,0.0,2.99
256946265962343,842.23,28,7.62,784.82,49.78,654.04,419.11,790.53,0.0,0.0,0.0,0.0,0.0,0.0,1.42,0.0,2.64,0.0,184.93,4.24,732.67,0.0,1.92
256946271964990,269.46,28,9.84,243.32,16.3,0.0,187.43,251.62,0.0,0.0,0.0,0.0,0.0,0.0,2.79,0.0,6.44,0.0,12.75,3.59,665.86,0.0,1.54
256946277259309,321.11,28,6.76,306.36,8.0,302.62,179.72,311.16,0.0,0.0,0.0,0.0,0.0,0.0,1.27,0.0,2.41,0.0,9.89,3.52,687.46,0.0,1.96
256946282596262,494.45,28,10.33,473.33,10.79,472.62,219.14,481.82,0.0,0.0,0.0,0.0,0.0,0.0,2.87,0.0,7.01,0.0,12.84,3.48,688.29,0.0,1.84
256946288064435,259.99,28,7.72,243.21,9.06,240.84,178.55,248.85,0.0,0.0,0.0,0.0,0.0,0.0,1.78,0.0,2.91,0.0,14.2,3.48,671.65,0.0,2.08
256946293931396,401.23,28,22.51,287.99,90.73,0.0,186.91,302.82,0.0,0.0,0.0,0.0,0.0,0.0,2.77,0.0,7.01,0.0,27.85,13.91,670.67,0.0,7.67
256946299331867,704.16,28,7.68,679.28,17.21,0.0,283.41,684.75,0.0,0.0,0.0,0.0,0.0,0.0,1.58,0.0,2.66,0.0,44.64,3.6,713.76,0.0,2.21
256946305044801,247.35,28,11.33,214.34,21.68,0.0,180.72,223.66,0.0,0.0,0.0,0.0,0.0,0.0,3.09,0.0,7.35,0.0,14.58,3.49,685.25,0.0,1.99
256946310302734,256.74,28,7.34,239.66,9.74,234.8,189.73,244.78,0.0,0.0,0.0,0.0,0.0,0.0,1.75,0.0,2.79,0.0,12.07,3.42,687.54,0.0,2.21
256946315581017,1067.36,28,9.46,452.66,605.25,0.0,178.97,460.57,0.0,0.0,0.0,0.0,0.0,0.0,2.52,0.0,6.16,0.0,16.29,3.5,671.78,0.0,1.54
256946322265683,241.04,28,6.83,225.27,8.94,220.67,182.69,229.99,0.0,0.0,0.0,0.0,0.0,0.0,1.43,0.0,2.36,0.0,9.86,3.55,673.98,0.0,2.11
256946328033775,964.49,28,12.39,940.6,11.5,775.94,248.11,950.88,0.0,0.0,0.0,0.0,0.0,0.0,2.59,0.0,7.31,0.0,28.26,3.71,704.5,0.0,2.1
256946334045698,836.39,28,12.3,809.35,14.73,686.87,246.3,819.22,0.0,0.0,0.0,0.0,0.0,0.0,1.85,0.0,2.96,0.0,27.29,6.91,663.44,0.0,2.44
256946340019495,329.74,28,11.28,296.62,21.84,0.0,174.54,306.03,0.0,0.0,0.0,0.0,0.0,0.0,2.54,0.0,6.83,0.0,22.08,3.44,656.1,0.0,1.86
256946345379918,706.43,28,9.98,678.22,18.24,0.0,236.67,685.59,0.0,0.0,0.0,0.0,0.0,0.0,1.41,0.0,2.41,0.0,20.2,5.88,676.74,0.0,2.6
256946351068889,249.33,28,11.47,228.7,9.15,230.34,192.73,238.22,0.0,0.0,0.0,0.0,0.0,0.0,2.72,0.0,7.01,0.0,29.24,3.57,688.81,0.0,1.95
256946356377589,313.28,28,6.69,298.59,8.0,295.56,182.85,303.5,0.0,0.0,0.0,0.0,0.0,0.0,1.65,0.0,2.57,0.0,11.46,3.54,660.65,0.0,1.78
256946361687940,319.32,28,9.91,299.54,9.87,293.68,185.3,307.87,0.0,0.0,0.0,0.0,0.0,0.0,2.59,0.0,6.48,0.0,13.29,3.48,671.81,0.0,1.58
256946368034332,333.28,28,7.51,305.53,20.25,0.0,176.32,311.03,0.0,0.0,0.0,0.0,0.0,0.0,1.64,0.0,2.84,0.0,12.18,3.54,674.7,0.0,2.0
256946373973673,892.39,28,12.2,721.45,158.74,0.0,241.12,731.26,0.0,0.0,0.0,0.0,0.0,0.0,2.27,0.0,7.93,0.0,33.61,3.61,703.57,0.0,2.38
256946381303532,829.58,28,8.1,747.87,73.61,739.91,243.11,753.42,0.0,0.0,0.0,0.0,0.0,0.0,1.42,0.0,2.41,0.0,9.69,4.2,756.51,0.0,2.56
256946387107858,900.42,28,9.31,880.58,10.53,734.29,214.63,888.41,0.0,0.0,0.0,0.0,0.0,0.0,2.4,0.0,5.75,0.0,17.13,3.51,678.46,0.0,1.48
256946393076846,261.92,28,7.44,213.9,40.58,0.0,183.96,219.44,0.0,0.0,0.0,0.0,0.0,0.0,1.7,0.0,2.85,0.0,9.91,3.5,685.64,0.0,1.89
256946398291367,256.12,28,10.58,237.22,8.33,235.88,186.47,246.16,0.0,0.0,0.0,0.0,0.0,0.0,2.66,0.0,6.91,0.0,15.52,3.54,681.64,0.0,1.64
256946404034280,306.83,28,8.02,280.15,18.66,0.0,185.94,285.27,0.0,0.0,0.0,0.0,0.0,0.0,1.82,0.0,3.12,0.0,10.25,3.52,695.79,0.0,2.9
256946409328293,251.24,28,11.13,231.32,8.79,231.3,175.44,240.08,0.0,0.0,0.0,0.0,0.0,0.0,2.71,0.0,7.0,0.0,13.54,3.69,666.5,0.0,2.37
256946414577894,314.73,28,7.93,289.27,17.54,0.0,177.51,294.94,0.0,0.0,0.0,0.0,0.0,0.0,2.02,0.0,3.25,0.0,10.88,3.51,681.2,0.0,2.26
256946419908030,268.19,28,10.52,249.02,8.65,248.75,202.62,257.48,0.0,0.0,0.0,0.0,0.0,0.0,2.74,0.0,6.54,0.0,44.75,3.63,668.37,0.0,2.06
256946425190825,827.38,28,7.7,801.58,18.1,0.0,235.04,806.75,0.0,0.0,0.0,0.0,0.0,0.0,1.4,0.0,2.32,0.0,25.64,3.49,675.05,0.0,2.53
256946431074253,242.98,28,14.17,220.57,8.24,223.66,185.92,232.29,0.0,0.0,0.0,0.0,0.0,0.0,2.13,0.0,4.99,0.0,18.08,10.06,698.97,0.0,2.45
256946436326916,311.54,28,7.05,296.0,8.49,292.03,178.78,300.86,0.0,0.0,0.0,0.0,0.0,0.0,1.64,0.0,2.56,0.0,9.65,3.53,680.55,0.0,2.19
256946441647704,261.76,28,21.55,230.34,9.87,231.86,183.19,245.04,0.0,0.0,0.0,0.0,0.0,0.0,1.64,0.0,5.59,0.0,26.12,11.73,670.06,0.0,6.85
256946447485005,598.97,28,9.13,502.24,87.61,0.0,225.63,508.24,0.0,0.0,0.0,0.0,0.0,0.0,1.88,0.0,3.0,0.0,23.9,4.35,695.54,0.0,3.12
256946453161987,316.57,28,11.9,295.24,9.44,296.71,187.04,305.19,0.0,0.0,0.0,0.0,0.0,0.0,2.25,0.0,7.22,0.0,22.04,3.51,692.89,0.0,1.95
256946458538987,247.24,28,7.04,231.22,8.98,227.94,179.25,236.35,0.0,0.0,0.0,0.0,0.0,0.0,1.66,0.0,2.65,0.0,10.8,3.51,696.66,0.0,1.9
256946463931456,286.99,28,22.9,241.86,22.23,0.0,192.41,248.08,0.0,0.0,0.0,0.0,0.0,0.0,1.94,0.0,3.11,0.0,30.81,4.36,649.86,0.0,16.23
256946469224995,257.45,28,6.11,240.48,10.86,236.33,176.83,245.27,0.0,0.0,0.0,0.0,0.0,0.0,1.52,0.0,2.46,0.0,8.06,3.41,679.48,0.0,1.32
256946474525500,261.9,28,10.23,242.48,9.2,241.76,187.97,250.46,0.0,0.0,0.0,0.0,0.0,0.0,2.63,0.0,6.07,0.0,9.51,3.52,688.13,0.0,2.25
256946479879249,818.98,28,20.82,655.0,143.15,0.0,251.71,662.11,0.0,0.0,0.0,0.0,0.0,0.0,1.55,0.0,2.7,0.0,18.12,4.9,681.92,0.0,13.23
256946487130451,810.49,28,9.75,718.72,82.01,640.91,240.18,725.65,0.0,0.0,0.0,0.0,0.0,0.0,2.26,0.0,5.61,0.0,13.05,4.05,723.46,0.0,2.63
256946493109939,321.84,28,7.17,306.22,8.45,300.94,178.55,311.52,0.0,0.0,0.0,0.0,0.0,0.0,1.74,0.0,2.77,0.0,12.39,3.64,671.49,0.0,1.87
256946498484319,314.01,28,11.05,294.09,8.86,293.91,187.5,302.48,0.0,0.0,0.0,0.0,0.0,0.0,2.03,0.0,5.57,0.0,35.67,3.59,692.48,0.0,2.67
256946503839964,359.81,28,20.57,322.46,16.78,0.0,205.65,327.9,0.0,0.0,0.0,0.0,0.0,0.0,1.89,0.0,2.92,0.0,13.54,3.49,659.27,0.0,14.36
256946509222540,318.52,28,10.57,290.87,17.08,0.0,185.63,299.42,0.0,0.0,0.0,0.0,0.0,0.0,2.58,0.0,6.36,0.0,14.55,3.63,700.54,0.0,2.02
256946514572757,230.26,28,6.86,207.33,16.07,0.0,171.55,212.12,0.0,0.0,0.0,0.0,0.0,0.0,1.63,0.0,2.62,0.0,7.95,3.52,658.2,0.0,2.07
256946519870712,258.46,28,14.61,235.99,7.86,236.68,192.59,245.29,0.0,0.0,0.0,0.0,0.0,0.0,2.66,0.0,6.3,0.0,23.95,3.47,685.72,0.0,5.31
256946525176809,321.84,28,11.35,294.39,16.11,0.0,189.95,300.24,0.0,0.0,0.0,0.0,0.0,0.0,1.69,0.0,2.69,0.0,22.5,3.53,690.27,0.0,5.47
256946531016019,280.96,28,9.26,263.83,7.88,262.05,181.78,270.96,0.0,0.0,0.0,0.0,0.0,0.0,2.1,0.0,6.15,0.0,9.25,3.77,686.19,0.0,1.83
256946536345436,731.63,28,7.94,698.04,25.65,0.0,234.7,703.79,0.0,0.0,0.0,0.0,0.0,0.0,1.49,0.0,2.62,0.0,14.71,3.45,725.75,0.0,2.19
256946542581635,533.09,28,14.95,431.36,86.79,431.4,251.2,444.22,0.0,0.0,0.0,0.0,0.0,0.0,4.84,0.0,9.69,0.0,27.91,4.0,693.1,0.0,2.09
256946548223233,251.78,28,11.42,231.31,9.05,229.97,171.43,240.62,0.0,0.0,0.0,0.0,0.0,0.0,1.5,0.0,8.18,0.0,9.44,3.75,658.3,0.0,2.11
256946553495072,261.3,28,20.04,232.04,9.22,240.42,176.5,249.73,0.0,0.0,0.0,0.0,0.0,0.0,2.88,0.0,15.92,0.0,13.71,3.45,669.76,0.0,2.36
256946559040874,316.23,28,14.23,285.65,16.35,0.0,183.15,298.11,0.0,0.0,0.0,0.0,0.0,0.0,1.38,0.0,9.42,0.0,16.88,3.5,674.95,0.0,1.77
256946564974137,984.71,28,17.25,822.39,145.08,0.0,271.03,836.94,0.0,0.0,0.0,0.0,0.0,0.0,3.98,0.0,8.72,0.0,18.52,6.69,725.61,0.0,2.7
256946571103288,258.91,28,7.34,241.97,9.6,238.9,186.94,246.94,0.0,0.0,0.0,0.0,0.0,0.0,1.6,0.0,2.65,0.0,17.1,3.38,683.38,0.0,2.37
256946576410290,634.83,28,16.2,600.78,17.86,0.0,267.93,613.17,0.0,0.0,0.0,0.0,0.0,0.0,3.7,0.0,9.63,0.0,24.09,3.56,725.24,0.0,3.45
256946582819337,348.11,28,8.05,236.26,103.79,0.0,175.14,242.26,0.0,0.0,0.0,0.0,0.0,0.0,1.74,0.0,2.74,0.0,14.85,3.55,643.38,0.0,2.06
256946588171628,253.7,28,10.17,234.28,9.25,232.15,176.27,242.2,0.0,0.0,0.0,0.0,0.0,0.0,2.46,0.0,6.06,0.0,12.94,3.61,658.03,0.0,2.25
256946593532353,309.2,28,8.11,291.92,9.17,289.29,185.88,297.48,0.0,0.0,0.0,0.0,0.0,0.0,1.74,0.0,2.75,0.0,21.75,3.49,695.26,0.0,2.55
256946599051089,275.84,28,11.48,255.86,8.5,257.22,172.55,264.88,0.0,0.0,0.0,0.0,0.0,0.0,2.71,0.0,6.57,0.0,11.37,3.44,662.0,0.0,2.47
256946604410118,347.49,28,6.93,331.99,8.58,316.84,178.74,336.45,0.0,0.0,0.0,0.0,0.0,0.0,1.65,0.0,2.69,0.0,9.62,3.48,681.64,0.0,2.46
256946610327884,724.81,28,17.11,626.73,80.97,632.53,258.46,641.41,0.0,0.0,0.0,0.0,0.0,0.0,3.52,0.0,11.15,0.0,119.88,3.53,683.13,0.0,2.43
256946616166641,318.78,28,14.26,295.74,8.78,300.34,182.21,308.64,0.0,0.0,0.0,0.0,0.0,0.0,1.97,0.0,2.91,0.0,18.53,12.3,675.91,0.0,1.36
256946621537684,316.8,28,9.94,297.79,9.08,296.98,179.69,305.96,0.0,0.0,0.0,0.0,0.0,0.0,2.49,0.0,6.41,0.0,16.13,3.68,686.51,0.0,1.77
256946626859475,317.85,28,7.21,301.49,9.15,297.35,175.93,306.47,0.0,0.0,0.0,0.0,0.0,0.0,1.62,0.0,2.84,0.0,8.36,3.45,679.35,0.0,2.23
256946632818262,385.41,28,11.53,312.67,61.21,314.3,225.02,322.7,0.0,0.0,0.0,0.0,0.0,0.0,3.19,0.0,6.89,0.0,12.21,4.02,641.59,0.0,1.5
256946638295801,321.09,28,7.27,297.65,16.16,0.0,182.01,303.14,0.0,0.0,0.0,0.0,0.0,0.0,1.84,0.0,2.81,0.0,11.01,3.68,679.7,0.0,1.78
256946644144881,865.98,28,26.34,680.62,159.01,0.0,264.07,687.84,0.0,0.0,0.0,0.0,0.0,0.0,2.61,0.0,3.83,0.0,23.71,4.46,677.72,0.0,18.23
256946650771002,382.18,28,9.26,275.26,97.65,0.0,263.46,281.51,0.0,0.0,0.0,0.0,0.0,0.0,1.45,0.0,2.45,0.0,102.04,4.01,652.5,0.0,2.81
256946656190568,318.95,28,11.13,297.43,10.39,295.75,173.92,305.42,0.0,0.0,0.0,0.0,0.0,0.0,2.34,0.0,6.2,0.0,13.72,3.43,659.46,0.0,3.14
256946661575300,280.15,28,7.73,263.1,9.32,258.73,184.48,268.37,0.0,0.0,0.0,0.0,0.0,0.0,1.55,0.0,2.59,0.0,10.28,3.44,687.89,0.0,2.46
256946666921191,330.18,28,10.91,310.02,9.25,306.18,178.39,318.68,0.0,0.0,0.0,0.0,0.0,0.0,2.78,0.0,6.72,0.0,15.51,3.85,661.68,0.0,2.25
256946672341525,710.09,28,9.11,679.34,21.64,0.0,214.83,686.15,0.0,0.0,0.0,0.0,0.0,0.0,1.67,0.0,2.62,0.0,16.73,4.59,660.3,0.0,2.29
256946678186965,826.86,28,10.96,805.87,10.03,686.11,223.37,814.61,0.0,0.0,0.0,0.0,0.0,0.0,2.81,0.0,6.82,0.0,10.63,3.6,696.52,0.0,2.22
256946684060808,254.78,28,7.5,230.47,16.81,0.0,174.57,236.0,0.0,0.0,0.0,0.0,0.0,0.0,2.08,0.0,3.15,0.0,11.72,3.62,664.94,0.0,1.98
256946689954371,965.16,28,94.12,645.25,225.79,0.0,257.42,713.12,0.0,0.0,0.0,0.0,0.0,0.0,53.01,0.0,60.6,0.0,28.23,10.02,693.33,0.0,26.01
256946696745432,397.82,28,9.56,295.76,92.5,0.0,225.79,302.84,0.0,0.0,0.0,0.0,0.0,0.0,1.36,0.0,2.67,0.0,76.26,5.37,624.65,0.0,2.29
256946702720260,880.54,28,11.99,660.08,208.48,0.0,228.28,669.89,0.0,0.0,0.0,0.0,0.0,0.0,3.14,0.0,7.2,0.0,17.39,3.58,664.21,0.0,2.17
256946709288477,876.86,28,8.19,858.71,9.96,766.17,232.35,865.0,0.0,0.0,0.0,0.0,0.0,0.0,1.9,0.0,3.02,0.0,10.78,4.92,684.71,0.0,1.91
256946715849479,302.24,28,12.99,271.99,17.26,0.0,194.34,278.49,0.0,0.0,0.0,0.0,0.0,0.0,2.03,0.0,3.26,0.0,20.32,4.3,634.14,0.0,6.35
256946721358728,249.45,28,7.69,232.82,8.94,228.53,175.72,238.35,0.0,0.0,0.0,0.0,0.0,0.0,1.84,0.0,2.79,0.0,11.34,3.47,676.95,0.0,2.16
256946726595095,498.23,28,11.12,468.02,19.1,0.0,244.72,477.14,0.0,0.0,0.0,0.0,0.0,0.0,2.46,0.0,6.77,0.0,27.6,3.78,674.66,0.0,2.0
256946732188548,280.4,28,7.41,256.14,16.84,0.0,181.37,261.16,0.0,0.0,0.0,0.0,0.0,0.0,1.59,0.0,2.58,0.0,11.21,3.59,676.72,0.0,2.4
256946737476674,584.95,28,14.59,560.59,9.77,562.09,247.82,572.58,0.0,0.0,0.0,0.0,0.0,0.0,2.39,0.0,6.01,0.0,22.86,7.99,693.57,0.0,2.6
256946743838129,349.04,28,7.8,253.76,87.48,247.52,198.81,259.23,0.0,0.0,0.0,0.0,0.0,0.0,1.63,0.0,2.59,0.0,23.39,3.61,644.26,0.0,2.33
256946749154305,335.22,28,9.68,294.35,31.19,0.0,175.44,301.59,0.0,0.0,0.0,0.0,0.0,0.0,2.0,0.0,5.63,0.0,11.46,3.47,680.76,0.0,2.44
256946754580455,267.69,28,7.86,240.13,19.7,0.0,187.83,245.48,0.0,0.0,0.0,0.0,0.0,0.0,1.58,0.0,2.54,0.0,8.3,3.45,685.36,0.0,2.5
256946760573359,403.81,28,10.38,300.32,93.11,0.0,179.47,308.59,0.0,0.0,0.0,0.0,0.0,0.0,2.34,0.0,5.93,0.0,13.43,3.54,674.93,0.0,2.11
256946766053814,245.24,28,7.66,229.26,8.32,224.67,178.86,234.55,0.0,0.0,0.0,0.0,0.0,0.0,1.69,0.0,2.82,0.0,9.59,3.41,671.92,0.0,2.37
256946771299089,260.47,28,8.11,236.08,16.28,0.0,186.2,241.78,0.0,0.0,0.0,0.0,0.0,0.0,1.83,0.0,4.68,0.0,11.32,3.57,667.02,0.0,2.41
256946777031522,312.55,28,7.39,284.84,20.32,0.0,176.18,289.83,0.0,0.0,0.0,0.0,0.0,0.0,1.57,0.0,2.59,0.0,21.05,3.49,640.9,0.0,2.4
256946783007650,983.5,28,35.33,738.76,209.4,0.0,225.35,743.49,0.0,0.0,0.0,0.0,0.0,0.0,1.56,0.0,2.95,0.0,38.32,3.47,690.82,0.0,28.91
256946789047267,889.27,28,7.41,709.77,172.09,0.0,234.74,715.54,0.0,0.0,0.0,0.0,0.0,0.0,1.66,0.0,2.83,0.0,14.21,4.03,699.7,0.0,1.63
256946796226238,832.85,28,10.89,730.27,91.69,654.82,237.23,738.25,0.0,0.0,0.0,0.0,0.0,0.0,2.5,0.0,6.47,0.0,9.62,3.56,727.0,0.0,2.81
256946803035062,258.92,28,6.86,243.31,8.75,235.44,178.85,248.25,0.0,0.0,0.0,0.0,0.0,0.0,1.63,0.0,2.62,0.0,10.87,3.44,679.4,0.0,1.92
256946808300105,265.88,28,22.77,225.47,17.65,0.0,193.61,246.1,0.0,0.0,0.0,0.0,0.0,0.0,1.7,0.0,3.14,0.0,32.62,18.48,686.93,0.0,2.13
256946813635402,246.68,28,8.16,218.27,20.25,0.0,180.2,223.9,0.0,0.0,0.0,0.0,0.0,0.0,1.74,0.0,2.73,0.0,23.5,3.52,673.85,0.0,2.54
256946818995578,260.25,28,11.69,218.9,29.66,0.0,182.84,228.66,0.0,0.0,0.0,0.0,0.0,0.0,2.41,0.0,6.72,0.0,13.35,3.43,677.82,0.0,1.94
256946824368923,670.77,28,15.93,637.4,17.44,0.0,242.91,643.88,0.0,0.0,0.0,0.0,0.0,0.0,1.49,0.0,2.53,0.0,14.44,5.09,722.8,0.0,8.87
256946830082851,240.11,28,10.04,213.67,16.4,0.0,173.22,221.94,0.0,0.0,0.0,0.0,0.0,0.0,2.86,0.0,6.67,0.0,8.32,3.42,674.41,0.0,1.77
256946835390324,324.89,28,7.15,308.76,8.98,292.38,177.13,313.44,0.0,0.0,0.0,0.0,0.0,0.0,1.67,0.0,2.66,0.0,9.31,3.6,682.55,0.0,2.47
256946840793626,262.77,28,9.7,242.3,10.77,242.62,186.51,250.57,0.0,0.0,0.0,0.0,0.0,0.0,2.41,0.0,6.0,0.0,15.75,3.48,682.48,0.0,1.43
256946846705040,429.37,28,10.05,327.7,91.61,0.0,215.34,335.56,0.0,0.0,0.0,0.0,0.0,0.0,1.34,0.0,2.35,0.0,19.69,6.47,659.61,0.0,2.2
256946852215615,827.55,28,302.65,514.65,10.25,808.57,362.88,816.15,0.0,0.0,0.0,0.0,0.0,0.0,6.67,0.0,174.34,0.0,148.16,129.17,729.59,0.0,1.15
256946858120769,326.5,28,8.06,309.09,9.35,306.73,180.05,315.0,0.0,0.0,0.0,0.0,0.0,0.0,1.53,0.0,2.68,0.0,12.08,3.44,671.46,0.0,2.15
256946863525429,315.94,28,8.56,297.08,10.29,295.38,182.81,304.31,0.0,0.0,0.0,0.0,0.0,0.0,2.29,0.0,5.64,0.0,11.96,3.56,690.37,0.0,1.33
256946868913132,261.51,28,10.52,233.71,17.28,0.0,182.68,239.25,0.0,0.0,0.0,0.0,0.0,0.0,1.94,0.0,2.93,0.0,13.33,3.45,673.68,0.0,4.97
256946874262636,264.08,28,10.44,244.0,9.64,245.17,174.13,253.15,0.0,0.0,0.0,0.0,0.0,0.0,2.59,0.0,7.62,0.0,9.66,3.45,675.03,0.0,1.3
256946880029917,315.26,28,8.22,290.99,16.05,0.0,181.25,297.23,0.0,0.0,0.0,0.0,0.0,0.0,1.62,0.0,2.9,0.0,13.57,3.47,673.83,0.0,1.97
256946885426431,296.4,28,8.97,239.37,48.06,0.0,163.52,247.21,0.0,0.0,0.0,0.0,0.0,0.0,2.73,0.0,6.94,0.0,8.49,3.58,649.3,0.0,1.13
256946891033395,240.99,28,9.87,214.19,16.93,0.0,179.59,219.55,0.0,0.0,0.0,0.0,0.0,0.0,1.82,0.0,2.93,0.0,12.59,3.63,664.81,0.0,4.51
256946896314111,731.64,28,18.07,703.78,9.79,695.72,263.46,709.73,0.0,0.0,0.0,0.0,0.0,0.0,1.69,0.0,2.99,0.0,35.09,3.58,720.37,0.0,11.49
256946902773340,358.09,28,7.53,338.38,12.19,335.98,227.85,343.97,0.0,0.0,0.0,0.0,0.0,0.0,1.85,0.0,2.86,0.0,9.53,3.45,659.1,0.0,1.94
256946908786631,414.04,28,11.78,321.93,80.33,322.7,220.85,332.07,0.0,0.0,0.0,0.0,0.0,0.0,2.64,0.0,7.31,0.0,10.74,3.47,674.25,0.0,1.64
256946914337137,240.77,28,6.3,217.28,17.19,0.0,177.81,222.09,0.0,0.0,0.0,0.0,0.0,0.0,1.65,0.0,2.81,0.0,8.05,3.45,673.49,0.0,1.39
256946920032911,262.69,28,11.14,242.62,8.93,243.12,182.53,251.93,0.0,0.0,0.0,0.0,0.0,0.0,2.6,0.0,6.85,0.0,14.86,3.52,690.92,0.0,1.83
256946925454782,315.2,28,7.36,297.86,9.98,293.15,178.18,303.31,0.0,0.0,0.0,0.0,0.0,0.0,1.51,0.0,2.54,0.0,11.0,3.6,658.82,0.0,1.9
256946930799344,382.79,28,12.05,353.7,17.05,0.0,205.37,363.92,0.0,0.0,0.0,0.0,0.0,0.0,2.84,0.0,7.07,0.0,19.25,5.14,642.01,0.0,1.82
256946936914779,386.35,28,10.35,294.11,81.9,292.38,181.25,302.22,0.0,0.0,0.0,0.0,0.0,0.0,4.05,0.0,5.11,0.0,9.67,3.68,683.66,0.0,2.23
256946942372524,326.93,28,11.95,295.56,19.42,0.0,177.91,305.16,0.0,0.0,0.0,0.0,0.0,0.0,2.88,0.0,7.8,0.0,13.01,3.48,632.77,0.0,2.35
256946947794306,846.68,28,7.6,700.11,138.97,0.0,222.97,705.52,0.0,0.0,0.0,0.0,0.0,0.0,1.63,0.0,2.65,0.0,20.5,3.69,680.95,0.0,2.2
256946954056671,271.55,28,11.84,250.95,8.75,249.34,189.02,260.42,0.0,0.0,0.0,0.0,0.0,0.0,2.93,0.0,7.14,0.0,15.42,3.5,679.64,0.0,2.38
256946960008341,320.48,28,7.5,294.75,18.23,0.0,175.89,299.83,0.0,0.0,0.0,0.0,0.0,0.0,1.69,0.0,2.89,0.0,9.96,3.53,667.0,0.0,2.42
256946965408669,822.01,28,12.63,655.93,153.45,0.0,253.59,665.89,0.0,0.0,0.0,0.0,0.0,0.0,2.9,0.0,6.8,0.0,37.91,3.62,680.33,0.0,2.67
256946972127247,261.74,28,7.78,245.44,8.53,241.9,183.8,251.18,0.0,0.0,0.0,0.0,0.0,0.0,1.65,0.0,2.66,0.0,12.34,3.52,689.58,0.0,2.04
256946977499735,237.2,28,15.07,212.58,9.55,211.72,168.12,221.85,0.0,0.0,0.0,0.0,0.0,0.0,2.62,0.0,6.44,0.0,17.31,3.63,656.57,0.0,5.8
256946982834780,323.85,28,54.67,260.58,8.59,302.25,191.01,312.92,0.0,0.0,0.0,0.0,0.0,0.0,5.5,0.0,49.26,0.0,13.18,4.51,643.41,0.0,2.33
256946988224818,336.6,28,16.21,302.73,17.66,0.0,177.43,312.84,0.0,0.0,0.0,0.0,0.0,0.0,2.48,0.0,6.51,0.0,27.26,3.6,660.18,0.0,6.1
256946993642951,271.71,28,8.85,242.65,20.22,0.0,193.87,248.12,0.0,0.0,0.0,0.0,0.0,0.0,1.69,0.0,2.86,0.0,18.58,3.47,692.52,0.0,3.38
256946998999970,841.54,28,15.29,813.99,12.26,687.89,238.04,827.04,0.0,0.0,0.0,0.0,0.0,0.0,5.96,0.0,11.18,0.0,24.16,3.62,683.73,0.0,2.24
256947005059724,952.33,28,7.69,847.08,97.56,0.0,221.97,853.06,0.0,0.0,0.0,0.0,0.0,0.0,1.88,0.0,2.94,0.0,15.71,3.55,658.31,0.0,1.71
256947012032992,901.12,28,10.96,879.05,11.11,719.35,224.67,888.54,0.0,0.0,0.0,0.0,0.0,0.0,3.36,0.0,7.28,0.0,9.97,4.89,672.02,0.0,1.47
256947018100803,323.55,28,7.56,307.0,9.0,302.96,178.36,312.5,0.0,0.0,0.0,0.0,0.0,0.0,1.47,0.0,2.46,0.0,12.73,3.48,660.94,0.0,2.06
256947023471417,238.84,28,13.0,217.1,8.74,219.22,182.04,227.49,0.0,0.0,0.0,0.0,0.0,0.0,3.05,0.0,7.8,0.0,21.67,3.54,660.88,0.0,2.61
256947028779485,329.22,28,6.85,313.72,8.64,307.43,178.45,318.52,0.0,0.0,0.0,0.0,0.0,0.0,1.55,0.0,2.5,0.0,12.78,3.51,686.96,0.0,2.05
256947034119163,316.35,28,8.76,297.59,9.99,293.34,182.93,304.61,0.0,0.0,0.0,0.0,0.0,0.0,2.58,0.0,6.04,0.0,16.12,3.52,677.21,0.0,1.74
256947039493487,334.76,28,7.04,318.4,9.32,313.58,177.19,323.39,0.0,0.0,0.0,0.0,0.0,0.0,1.45,0.0,2.49,0.0,14.98,3.56,653.08,0.0,2.04
256947045078423,239.08,28,10.39,211.09,17.6,0.0,173.58,219.96,0.0,0.0,0.0,0.0,0.0,0.0,2.87,0.0,6.58,0.0,18.61,3.55,663.99,0.0,1.52
256947051013309,245.25,28,6.73,229.93,8.59,225.14,185.74,234.72,0.0,0.0,0.0,0.0,0.0,0.0,1.46,0.0,2.48,0.0,9.03,3.48,697.26,0.0,1.94
256947056347906,265.51,28,14.16,241.9,9.46,240.48,180.8,250.61,0.0,0.0,0.0,0.0,0.0,0.0,2.94,0.0,6.83,0.0,19.38,3.54,664.0,0.0,5.44
256947061747867,411.12,28,7.57,393.53,10.02,389.3,212.91,398.81,0.0,0.0,0.0,0.0,0.0,0.0,1.53,0.0,2.61,0.0,10.32,3.5,711.5,0.0,2.3
256947067208028,343.36,28,11.32,323.47,8.56,304.89,184.11,329.57,0.0,0.0,0.0,0.0,0.0,0.0,1.7,0.0,2.82,0.0,9.74,3.42,689.08,0.0,5.23
256947072611150,266.39,28,6.67,250.64,9.07,243.21,183.11,255.49,0.0,0.0,0.0,0.0,0.0,0.0,1.66,0.0,2.59,0.0,7.95,3.47,672.5,0.0,1.83
256947077912168,270.58,28,11.67,237.87,21.04,0.0,180.55,247.31,0.0,0.0,0.0,0.0,0.0,0.0,2.82,0.0,6.52,0.0,15.97,3.54,676.21,0.0,2.22
256947083210559,327.55,28,6.62,300.31,20.63,0.0,178.26,304.88,0.0,0.0,0.0,0.0,0.0,0.0,1.5,0.0,2.49,0.0,8.98,3.71,685.43,0.0,2.04
256947089042887,244.98,28,8.89,215.58,20.5,0.0,171.2,223.02,0.0,0.0,0.0,0.0,0.0,0.0,2.47,0.0,5.53,0.0,14.13,3.49,651.15,0.0,1.45
256947094410710,238.62,28,6.72,214.59,17.31,0.0,180.33,218.86,0.0,0.0,0.0,0.0,0.0,0.0,1.5,0.0,2.58,0.0,8.34,3.52,674.05,0.0,2.45
256947099688491,263.13,28,9.73,236.24,17.15,0.0,177.61,244.02,0.0,0.0,0.0,0.0,0.0,0.0,2.4,0.0,5.7,0.0,14.57,3.53,673.2,0.0,1.96
256947105091820,233.22,28,6.66,218.12,8.44,216.12,181.15,223.29,0.0,0.0,0.0,0.0,0.0,0.0,1.6,0.0,2.67,0.0,12.06,3.65,679.83,0.0,1.49
256947110407317,243.53,28,10.48,212.36,20.68,0.0,182.88,220.31,0.0,0.0,0.0,0.0,0.0,0.0,2.12,0.0,5.79,0.0,19.95,3.54,681.35,0.0,2.53
256947115770588,369.57,28,39.61,308.11,21.85,0.0,188.24,345.25,0.0,0.0,0.0,0.0,0.0,0.0,1.65,0.0,37.02,0.0,17.24,3.56,687.45,0.0,2.4
256947121159959,273.52,28,18.17,238.28,17.06,0.0,174.45,254.9,0.0,0.0,0.0,0.0,0.0,0.0,10.91,0.0,14.22,0.0,14.74,3.44,662.71,0.0,1.56
256947126564152,566.43,28,8.58,535.41,22.44,0.0,240.96,541.92,0.0,0.0,0.0,0.0,0.0,0.0,1.64,0.0,2.96,0.0,15.18,3.78,681.33,0.0,2.07
256947132236912,315.44,28,13.4,285.3,16.73,0.0,176.49,293.12,0.0,0.0,0.0,0.0,0.0,0.0,2.42,0.0,5.95,0.0,13.1,3.55,657.22,0.0,5.58
256947137628372,509.86,28,23.31,469.13,17.43,0.0,210.15,474.82,0.0,0.0,0.0,0.0,0.0,0.0,1.84,0.0,2.99,0.0,19.82,3.47,693.13,0.0,16.89
256947143225380,266.81,28,10.31,236.73,19.76,0.0,177.32,245.54,0.0,0.0,0.0,0.0,0.0,0.0,2.74,0.0,6.99,0.0,11.83,3.47,669.29,0.0,1.5
256947149023498,825.71,28,13.83,800.7,11.18,659.26,244.26,807.21,0.0,0.0,0.0,0.0,0.0,0.0,1.87,0.0,3.11,0.0,8.5,4.03,709.16,0.0,7.28
256947155570028,237.46,28,9.29,220.16,8.0,219.97,173.38,228.02,0.0,0.0,0.0,0.0,0.0,0.0,2.22,0.0,5.25,0.0,18.24,3.56,663.35,0.0,1.44
256947160928919,821.68,28,7.78,667.05,146.85,0.0,258.23,672.77,0.0,0.0,0.0,0.0,0.0,0.0,1.6,0.0,2.7,0.0,23.76,3.48,711.81,0.0,2.06
256947167103949,255.01,28,10.94,235.59,8.48,237.25,194.98,244.87,0.0,0.0,0.0,0.0,0.0,0.0,2.76,0.0,7.08,0.0,22.98,3.53,666.83,0.0,1.66
256947172437719,323.15,28,11.17,303.23,8.75,299.45,174.87,308.21,0.0,0.0,0.0,0.0,0.0,0.0,1.5,0.0,2.66,0.0,11.83,3.41,659.98,0.0,6.19
256947178094481,315.88,28,7.08,291.57,17.23,0.0,180.6,285.69,0.0,0.0,0.0,0.0,0.0,0.0,1.53,0.0,2.72,0.0,11.74,3.52,684.93,0.0,1.81
256947184018673,314.49,28,7.33,297.14,10.03,293.9,179.64,302.13,0.0,0.0,0.0,0.0,0.0,0.0,1.59,0.0,2.84,0.0,11.26,3.55,677.22,0.0,2.33
256947189466787,265.72,28,9.53,247.57,8.62,246.99,183.0,255.45,0.0,0.0,0.0,0.0,0.0,0.0,2.12,0.0,5.73,0.0,12.16,3.54,683.98,0.0,1.65
256947195031144,257.24,28,7.64,240.98,8.62,237.57,182.59,246.38,0.0,0.0,0.0,0.0,0.0,0.0,1.61,0.0,2.59,0.0,11.2,3.43,680.3,0.0,2.24
256947200471483,264.22,28,10.75,244.5,8.97,244.83,176.83,253.16,0.0,0.0,0.0,0.0,0.0,0.0,2.06,0.0,5.46,0.0,13.86,3.65,681.06,0.0,2.1
256947205863708,323.03,28,6.75,308.15,8.14,303.51,177.22,313.0,0.0,0.0,0.0,0.0,0.0,0.0,1.6,0.0,2.58,0.0,10.3,3.53,677.51,0.0,1.9
256947211290699,249.54,28,9.31,232.05,8.18,231.41,180.52,239.37,0.0,0.0,0.0,0.0,0.0,0.0,2.41,0.0,6.36,0.0,13.97,3.55,670.52,0.0,1.92
256947216656671,443.87,28,6.89,427.99,9.0,424.77,246.69,432.91,0.0,0.0,0.0,0.0,0.0,0.0,1.67,0.0,2.65,0.0,9.84,3.55,721.15,0.0,1.96
256947222218301,240.38,28,7.54,215.72,17.12,0.0,180.36,220.86,0.0,0.0,0.0,0.0,0.0,0.0,1.56,0.0,2.8,0.0,9.05,3.65,686.16,0.0,2.4
256947228029064,320.44,28,5.92,297.56,16.96,0.0,177.12,301.54,0.0,0.0,0.0,0.0,0.0,0.0,1.47,0.0,2.51,0.0,8.15,3.46,673.09,0.0,1.94
256947234007554,234.68,28,11.1,214.38,9.21,214.96,180.9,223.32,0.0,0.0,0.0,0.0,0.0,0.0,2.71,0.0,7.12,0.0,11.5,3.5,690.47,0.0,2.16
256947239416705,908.26,28,7.63,890.62,10.01,802.66,223.01,896.33,0.0,0.0,0.0,0.0,0.0,0.0,1.38,0.0,2.35,0.0,14.49,3.62,741.3,0.0,1.92
256947246714425,939.46,28,8.08,842.61,88.77,686.32,280.65,848.14,0.0,0.0,0.0,0.0,0.0,0.0,1.53,0.0,2.92,0.0,14.72,3.59,749.13,0.0,2.37
256947253507222,255.05,28,7.38,239.72,7.95,237.15,184.7,245.19,0.0,0.0,0.0,0.0,0.0,0.0,1.65,0.0,2.62,0.0,8.88,3.49,684.64,0.0,1.8
256947259032244,319.0,28,12.24,296.64,10.12,297.96,178.1,306.43,0.0,0.0,0.0,0.0,0.0,0.0,3.43,0.0,7.99,0.0,18.5,3.48,667.63,0.0,2.45
256947264550498,589.4,28,7.12,546.99,35.29,0.0,221.06,552.02,0.0,0.0,0.0,0.0,0.0,0.0,1.49,0.0,2.46,0.0,10.64,4.68,709.14,0.0,2.1
256947270260796,757.69,28,10.05,730.36,17.28,0.0,189.84,738.44,0.0,0.0,0.0,0.0,0.0,0.0,3.38,0.0,6.11,0.0,18.08,3.58,704.59,0.0,1.97
256947276730289,916.34,28,7.08,687.2,222.06,0.0,226.92,692.87,0.0,0.0,0.0,0.0,0.0,0.0,1.93,0.0,3.03,0.0,9.93,3.54,689.36,0.0,1.4
256947283335398,268.5,28,14.96,244.23,9.31,242.59,178.15,253.88,0.0,0.0,0.0,0.0,0.0,0.0,2.63,0.0,7.14,0.0,20.08,3.51,661.83,0.0,5.3
256947288706575,244.48,28,7.84,228.27,8.38,224.71,186.19,233.51,0.0,0.0,0.0,0.0,0.0,0.0,1.61,0.0,2.79,0.0,15.7,3.52,677.88,0.0,2.59
256947294691169,490.05,28,8.22,396.18,85.66,390.47,214.4,402.54,0.0,0.0,0.0,0.0,0.0,0.0,1.62,0.0,2.9,0.0,10.14,3.47,703.87,0.0,1.85
256947300344034,695.98,28,7.86,678.11,10.01,675.49,239.59,684.29,0.0,0.0,0.0,0.0,0.0,0.0,1.39,0.0,2.35,0.0,11.81,4.97,692.37,0.0,1.68
256947306714170,318.11,28,10.76,218.66,88.69,0.0,177.17,227.8,0.0,0.0,0.0,0.0,0.0,0.0,2.6,0.0,7.35,0.0,20.88,3.5,664.51,0.0,1.62
256947312730711,321.12,28,7.4,232.06,81.65,229.59,193.31,237.51,0.0,0.0,0.0,0.0,0.0,0.0,1.53,0.0,2.65,0.0,13.98,3.52,699.22,0.0,1.95
256947318914059,998.38,28,14.84,759.13,224.4,0.0,217.09,772.41,0.0,0.0,0.0,0.0,0.0,0.0,3.27,0.0,8.19,0.0,22.33,7.85,598.6,0.0,1.57
256947325123187,326.0,28,5.57,311.46,8.96,307.39,177.14,315.7,0.0,0.0,0.0,0.0,0.0,0.0,1.61,0.0,2.59,0.0,8.39,3.41,691.23,0.0,1.34
256947330528979,558.36,28,25.39,522.65,10.31,516.16,233.98,527.98,0.0,0.0,0.0,0.0,0.0,0.0,1.75,0.0,2.98,0.0,9.82,3.54,674.67,0.0,19.47
256947336209203,317.71,28,8.07,292.86,16.78,0.0,181.98,298.42,0.0,0.0,0.0,0.0,0.0,0.0,1.58,0.0,2.68,0.0,13.92,3.55,680.07,0.0,2.5
256947342152313,872.56,28,9.89,755.58,107.09,753.05,219.19,763.97,0.0,0.0,0.0,0.0,0.0,0.0,2.77,0.0,6.62,0.0,25.81,3.46,682.79,0.0,1.5
256947348820581,354.06,28,10.73,244.23,99.11,0.0,186.33,251.88,0.0,0.0,0.0,0.0,0.0,0.0,1.61,0.0,2.57,0.0,20.79,5.79,660.23,0.0,3.08
256947354880132,401.62,28,14.1,298.55,88.97,0.0,188.43,309.76,0.0,0.0,0.0,0.0,0.0,0.0,4.17,0.0,9.38,0.0,17.87,3.84,660.76,0.0,2.89
256947361229955,310.96,28,7.55,204.21,99.2,0.0,172.42,209.35,0.0,0.0,0.0,0.0,0.0,0.0,1.42,0.0,2.62,0.0,9.95,3.5,657.82,0.0,2.29
256947366597401,494.28,28,115.92,360.24,18.12,0.0,279.8,474.94,0.0,0.0,0.0,0.0,0.0,0.0,3.1,0.0,6.89,0.0,128.69,110.37,713.87,0.0,1.22
256947373022064,318.88,28,8.29,301.78,8.8,299.21,182.1,307.4,0.0,0.0,0.0,0.0,0.0,0.0,1.83,0.0,2.9,0.0,9.46,3.52,686.81,0.0,2.67
256947378980720,817.32,28,11.71,765.8,39.81,654.26,235.09,775.14,0.0,0.0,0.0,0.0,0.0,0.0,2.73,0.0,6.93,0.0,30.57,3.55,665.04,0.0,2.36
256947385684350,853.18,28,8.55,761.41,83.22,647.09,237.25,767.57,0.0,0.0,0.0,0.0,0.0,0.0,1.57,0.0,2.55,0.0,22.74,4.25,711.27,0.0,2.38
256947392926248,332.76,28,17.42,224.45,90.88,0.0,180.58,234.72,0.0,0.0,0.0,0.0,0.0,0.0,2.67,0.0,7.21,0.0,22.64,3.54,673.62,0.0,7.15
256947398415793,635.24,28,7.95,617.7,9.59,615.38,253.97,623.36,0.0,0.0,0.0,0.0,0.0,0.0,1.74,0.0,2.74,0.0,8.72,3.71,731.5,0.0,2.29
256947404742649,405.1,28,13.25,293.33,98.51,0.0,206.35,304.28,0.0,0.0,0.0,0.0,0.0,0.0,2.88,0.0,7.25,0.0,10.82,5.09,628.55,0.0,2.26
256947410862172,411.39,28,14.18,299.01,98.2,0.0,191.79,305.06,0.0,0.0,0.0,0.0,0.0,0.0,1.71,0.0,2.69,0.0,25.37,3.6,667.8,0.0,8.12
256947416393821,659.89,28,11.19,618.08,30.61,0.0,284.54,627.24,0.0,0.0,0.0,0.0,0.0,0.0,3.04,0.0,7.33,0.0,65.43,4.25,685.24,0.0,2.04
256947422200802,314.76,28,6.74,289.92,18.1,0.0,181.91,294.19,0.0,0.0,0.0,0.0,0.0,0.0,2.07,0.0,3.05,0.0,9.3,3.74,679.19,0.0,2.47
256947427581071,519.82,28,13.27,497.03,9.53,486.69,250.19,507.63,0.0,0.0,0.0,0.0,0.0,0.0,2.54,0.0,7.37,0.0,13.53,3.64,723.14,0.0,2.66
256947433782870,425.12,28,8.12,326.35,90.65,324.26,143.67,332.05,0.0,0.0,0.0,0.0,0.0,0.0,1.47,0.0,2.45,0.0,17.58,3.69,662.23,0.0,2.42
256947440008345,876.22,28,73.76,792.52,9.94,688.86,252.36,863.82,0.0,0.0,0.0,0.0,0.0,0.0,66.45,0.0,69.49,0.0,11.39,3.61,690.08,0.0,2.46
256947446726442,422.57,28,72.83,261.38,88.36,0.0,198.67,331.38,0.0,0.0,0.0,0.0,0.0,0.0,11.9,0.0,67.27,0.0,16.26,5.39,638.91,0.0,2.6
256947452235505,773.84,28,26.75,737.99,9.1,685.7,234.9,744.07,0.0,0.0,0.0,0.0,0.0,0.0,1.66,0.0,2.76,0.0,27.66,3.72,684.65,0.0,20.27
256947458783736,333.92,28,15.02,239.32,79.57,238.06,188.68,245.34,0.0,0.0,0.0,0.0,0.0,0.0,1.48,0.0,2.47,0.0,23.91,3.54,670.0,0.0,9.01
256947464202065,1128.75,28,8.84,435.34,684.57,320.53,161.28,442.69,0.0,0.0,0.0,0.0,0.0,0.0,2.79,0.0,6.46,0.0,8.79,3.55,645.62,0.0,1.49
256947471086382,246.81,28,7.45,222.6,16.75,0.0,180.32,228.42,0.0,0.0,0.0,0.0,0.0,0.0,1.63,0.0,3.08,0.0,8.78,3.46,679.63,0.0,1.63
256947476958948,878.96,28,30.81,792.78,55.37,668.5,219.67,801.93,0.0,0.0,0.0,0.0,0.0,0.0,1.34,0.0,2.5,0.0,19.59,10.02,696.1,0.0,21.66
256947483770825,356.95,28,8.47,339.69,8.8,337.23,224.69,346.23,0.0,0.0,0.0,0.0,0.0,0.0,1.64,0.0,2.64,0.0,13.72,3.96,705.51,0.0,1.93
256947489213381,317.26,28,11.84,290.19,15.23,0.0,170.44,299.44,0.0,0.0,0.0,0.0,0.0,0.0,2.7,0.0,7.0,0.0,17.77,3.55,659.25,0.0,2.59
256947494674001,316.8,28,7.65,299.56,9.59,297.24,180.38,305.13,0.0,0.0,0.0,0.0,0.0,0.0,1.62,0.0,2.67,0.0,12.71,3.61,655.66,0.0,2.08
256947500614967,240.51,28,10.61,213.81,16.09,0.0,170.23,222.17,0.0,0.0,0.0,0.0,0.0,0.0,2.43,0.0,6.25,0.0,12.38,3.46,650.16,0.0,1.96
256947506086602,317.22,28,5.69,300.66,10.88,296.56,177.36,304.99,0.0,0.0,0.0,0.0,0.0,0.0,1.52,0.0,2.46,0.0,8.42,3.59,681.87,0.0,1.23
256947511489948,321.96,28,10.62,295.71,15.63,0.0,177.6,304.21,0.0,0.0,0.0,0.0,0.0,0.0,2.21,0.0,6.01,0.0,15.93,3.6,652.0,0.0,2.12
256947516943857,882.17,28,12.41,857.2,12.56,713.83,234.87,863.19,0.0,0.0,0.0,0.0,0.0,0.0,1.59,0.0,2.57,0.0,14.87,3.63,708.5,0.0,6.42
256947524013622,853.18,28,14.31,828.12,10.75,690.84,237.24,839.97,0.0,0.0,0.0,0.0,0.0,0.0,3.42,0.0,10.61,0.0,19.93,3.81,681.33,0.0,2.46
256947531029402,259.43,28,6.72,243.89,8.82,239.96,180.09,248.58,0.0,0.0,0.0,0.0,0.0,0.0,1.52,0.0,2.69,0.0,8.14,3.49,686.12,0.0,2.03
256947536390923,311.21,28,10.32,283.81,17.08,0.0,185.92,291.8,0.0,0.0,0.0,0.0,0.0,0.0,2.48,0.0,6.21,0.0,8.35,3.57,696.6,0.0,2.33
256947541855036,342.79,28,8.17,326.42,8.2,324.46,184.0,332.56,0.0,0.0,0.0,0.0,0.0,0.0,1.56,0.0,2.65,0.0,27.87,3.49,669.77,0.0,2.03
256947547269510,850.69,28,16.85,732.92,100.92,0.0,220.9,745.92,0.0,0.0,0.0,0.0,0.0,0.0,5.77,0.0,10.44,0.0,10.06,4.04,679.77,0.0,3.85
256947554611544,498.85,28,6.77,406.63,85.45,403.18,252.26,411.56,0.0,0.0,0.0,0.0,0.0,0.0,1.51,0.0,2.52,0.0,15.48,3.53,731.4,0.0,1.84
256947560239668,260.41,28,10.01,235.2,15.21,0.0,178.14,243.64,0.0,0.0,0.0,0.0,0.0,0.0,3.17,0.0,6.59,0.0,11.27,3.49,679.76,0.0,1.56
256947565693311,310.59,28,12.41,289.78,8.4,290.7,184.93,300.32,0.0,0.0,0.0,0.0,0.0,0.0,1.62,0.0,2.67,0.0,15.33,9.74,697.05,0.0,1.86
256947571110953,789.03,28,8.28,648.81,131.94,0.0,216.44,655.22,0.0,0.0,0.0,0.0,0.0,0.0,1.49,0.0,2.71,0.0,16.17,3.7,696.54,0.0,1.87
256947577787327,350.26,28,9.45,330.95,9.86,329.95,207.56,338.19,0.0,0.0,0.0,0.0,0.0,0.0,1.61,0.0,2.75,0.0,10.09,5.43,657.15,0.0,2.21
256947583273273,804.77,28,52.32,741.84,10.61,654.35,248.74,791.55,0.0,0.0,0.0,0.0,0.0,0.0,43.9,0.0,46.08,0.0,17.78,4.92,688.84,0.0,2.6
256947589874196,323.15,28,7.11,300.61,15.43,0.0,177.21,305.7,0.0,0.0,0.0,0.0,0.0,0.0,1.58,0.0,2.71,0.0,11.33,3.6,686.16,0.0,2.01
256947595302120,247.43,28,11.08,220.62,15.73,0.0,177.38,229.58,0.0,0.0,0.0,0.0,0.0,0.0,3.01,0.0,7.52,0.0,12.13,3.49,671.34,0.0,2.12
256947601034686,339.55,28,8.36,321.39,9.8,316.86,183.44,327.2,0.0,0.0,0.0,0.0,0.0,0.0,1.7,0.0,2.85,0.0,15.85,3.51,674.47,0.0,2.55
256947606515614,317.11,28,10.36,297.17,9.58,297.6,179.26,305.1,0.0,0.0,0.0,0.0,0.0,0.0,2.05,0.0,5.17,0.0,22.77,3.54,659.05,0.0,2.43
256947612080022,789.21,28,9.01,700.46,79.74,0.0,250.45,707.92,0.0,0.0,0.0,0.0,0.0,0.0,1.65,0.0,2.64,0.0,12.32,5.38,685.18,0.0,1.43
256947618136647,836.12,28,11.4,673.47,151.25,0.0,256.07,683.21,0.0,0.0,0.0,0.0,0.0,0.0,2.88,0.0,7.77,0.0,33.06,4.55,692.8,0.0,1.66
256947624175189,253.63,28,6.31,237.59,9.74,233.19,190.19,242.35,0.0,0.0,0.0,0.0,0.0,0.0,1.45,0.0,2.4,0.0,12.68,3.63,691.39,0.0,1.55
256947629503036,266.33,28,15.5,242.53,8.3,243.56,191.15,252.6,0.0,0.0,0.0,0.0,0.0,0.0,2.86,0.0,7.48,0.0,25.11,3.5,670.28,0.0,5.43
256947635052645,814.74,28,7.87,796.03,10.84,675.22,207.76,801.82,0.0,0.0,0.0,0.0,0.0,0.0,1.89,0.0,2.85,0.0,19.88,3.66,719.88,0.0,2.07
256947641112082,737.31,28,10.96,650.6,75.75,0.0,223.31,660.18,0.0,0.0,0.0,0.0,0.0,0.0,3.32,0.0,8.6,0.0,12.46,3.52,713.15,0.0,1.39
256947647847623,415.43,28,8.28,310.04,97.12,0.0,200.27,315.59,0.0,0.0,0.0,0.0,0.0,0.0,1.5,0.0,2.51,0.0,32.66,4.02,638.93,0.0,2.67
256947653386254,234.51,28,10.05,208.23,16.23,0.0,179.72,216.47,0.0,0.0,0.0,0.0,0.0,0.0,2.26,0.0,5.7,0.0,15.41,3.53,663.88,0.0,1.8
256947658777832,340.86,28,18.55,301.19,21.11,0.0,189.85,306.23,0.0,0.0,0.0,0.0,0.0,0.0,1.58,0.0,2.63,0.0,22.28,3.57,675.88,0.0,13.51
256947664224359,787.38,28,12.74,666.75,107.89,0.0,238.69,676.49,0.0,0.0,0.0,0.0,0.0,0.0,2.79,0.0,7.82,0.0,29.01,3.64,713.78,0.0,3.0
256947670786820,385.14,28,7.5,288.39,89.25,0.0,182.76,293.78,0.0,0.0,0.0,0.0,0.0,0.0,1.55,0.0,2.56,0.0,14.46,3.53,672.81,0.0,2.11
256947676295298,782.15,28,13.23,758.32,10.59,648.02,294.17,765.96,0.0,0.0,0.0,0.0,0.0,0.0,1.83,0.0,2.86,0.0,26.34,4.78,733.13,0.0,5.59
256947683102716,1266.58,28,6.41,442.43,817.73,0.0,169.43,447.57,0.0,0.0,0.0,0.0,0.0,0.0,1.74,0.0,2.72,0.0,8.57,3.6,654.65,0.0,1.27
256947689527641,261.56,28,9.67,242.43,9.46,233.55,194.05,250.13,0.0,0.0,0.0,0.0,0.0,0.0,2.29,0.0,5.95,0.0,29.2,3.57,680.88,0.0,1.88
256947695441071,391.42,28,7.55,297.39,86.47,0.0,175.41,302.26,0.0,0.0,0.0,0.0,0.0,0.0,1.57,0.0,2.61,0.0,9.43,3.48,664.31,0.0,2.51
256947700948184,318.4,28,12.33,289.85,16.22,0.0,192.91,298.76,0.0,0.0,0.0,0.0,0.0,0.0,2.59,0.0,6.31,0.0,39.09,3.65,677.11,0.0,3.28
256947706430345,317.67,28,6.34,295.67,15.65,0.0,178.83,300.16,0.0,0.0,0.0,0.0,0.0,0.0,1.41,0.0,2.36,0.0,8.66,3.47,683.19,0.0,1.86
256947711866169,796.61,28,7.88,651.41,137.33,0.0,228.21,657.27,0.0,0.0,0.0,0.0,0.0,0.0,1.66,0.0,2.97,0.0,10.8,4.49,685.86,0.0,2.02
256947718118007,316.76,28,7.05,294.63,15.09,0.0,182.78,300.38,0.0,0.0,0.0,0.0,0.0,0.0,1.78,0.0,3.0,0.0,10.54,3.48,674.43,0.0,1.3
256947724098606,894.82,28,13.47,676.46,204.89,0.0,229.96,687.85,0.0,0.0,0.0,0.0,0.0,0.0,3.37,0.0,8.2,0.0,21.39,4.16,690.62,0.0,2.08
256947730736786,570.07,28,5.56,472.67,91.84,301.53,180.95,476.79,0.0,0.0,0.0,0.0,0.0,0.0,1.56,0.0,2.61,0.0,9.88,3.47,696.22,0.0,1.45
256947737059458,874.31,28,12.73,769.75,91.84,660.95,236.44,780.37,0.0,0.0,0.0,0.0,0.0,0.0,2.87,0.0,7.96,0.0,27.31,3.59,701.58,0.0,2.1
256947743947861,870.77,28,8.09,667.0,195.68,0.0,526.01,673.78,0.0,0.0,0.0,0.0,0.0,0.0,1.92,0.0,3.13,0.0,11.84,4.17,688.29,0.0,1.3
256947750116463,258.42,28,48.82,201.14,8.47,240.06,185.59,248.19,0.0,0.0,0.0,0.0,0.0,0.0,2.26,0.0,44.7,0.0,25.55,3.61,667.99,0.0,1.67
256947755579032,507.02,28,8.12,487.33,11.57,486.18,228.63,494.02,0.0,0.0,0.0,0.0,0.0,0.0,1.59,0.0,2.84,0.0,15.38,5.57,723.72,0.0,1.43
256947761223439,325.49,28,10.96,296.44,18.09,0.0,176.93,305.52,0.0,0.0,0.0,0.0,0.0,0.0,2.87,0.0,7.29,0.0,11.8,3.48,681.84,0.0,1.88
256947766651660,315.85,28,6.84,290.8,18.2,0.0,178.1,296.05,0.0,0.0,0.0,0.0,0.0,0.0,1.52,0.0,2.64,0.0,10.49,3.57,681.07,0.0,1.6
256947772130020,242.72,28,9.52,223.95,9.25,223.95,177.24,232.25,0.0,0.0,0.0,0.0,0.0,0.0,2.85,0.0,6.3,0.0,16.14,3.58,653.56,0.0,1.22
256947777520723,245.54,28,6.8,228.34,10.41,210.11,181.27,218.25,0.0,0.0,0.0,0.0,0.0,0.0,1.37,0.0,2.41,0.0,10.77,3.51,684.16,0.0,1.57
256947783076874,268.54,28,10.87,241.24,16.43,0.0,173.53,250.06,0.0,0.0,0.0,0.0,0.0,0.0,2.76,0.0,7.35,0.0,13.9,3.58,658.34,0.0,2.05
256947788472201,316.24,28,6.93,291.88,17.43,0.0,180.09,296.58,0.0,0.0,0.0,0.0,0.0,0.0,1.67,0.0,2.62,0.0,10.65,3.57,693.96,0.0,2.23
256947793889802,335.78,28,12.95,313.14,9.7,314.6,172.74,323.44,0.0,0.0,0.0,0.0,0.0,0.0,2.77,0.0,7.12,0.0,20.5,4.69,584.88,0.0,2.48
256947799353428,344.09,28,7.32,317.25,19.51,0.0,180.61,322.18,0.0,0.0,0.0,0.0,0.0,0.0,1.81,0.0,2.77,0.0,8.23,3.44,671.28,0.0,2.4
256947805043762,291.22,28,11.66,269.74,9.83,266.36,184.67,279.33,0.0,0.0,0.0,0.0,0.0,0.0,2.79,0.0,6.46,0.0,30.77,3.7,671.25,0.0,2.07
256947810485145,579.55,28,7.8,563.21,8.53,558.66,242.67,568.65,0.0,0.0,0.0,0.0,0.0,0.0,1.57,0.0,2.54,0.0,9.8,3.64,702.58,0.0,2.37
256947816180301,857.85,28,13.98,685.91,157.96,0.0,257.17,697.22,0.0,0.0,0.0,0.0,0.0,0.0,4.82,0.0,9.04,0.0,29.17,3.58,712.81,0.0,2.67
256947822782993,322.77,28,8.45,304.39,9.93,300.89,184.2,310.64,0.0,0.0,0.0,0.0,0.0,0.0,1.74,0.0,2.71,0.0,12.56,3.58,687.31,0.0,2.2
256947828236343,320.81,28,10.74,301.56,8.51,298.88,176.94,309.77,0.0,0.0,0.0,0.0,0.0,0.0,2.35,0.0,5.72,0.0,14.21,3.49,681.6,0.0,2.53
256947834212611,879.58,28,7.71,659.67,212.21,0.0,320.25,664.98,0.0,0.0,0.0,0.0,0.0,0.0,1.54,0.0,2.51,0.0,125.6,3.58,694.5,0.0,2.4
256947840895618,321.6,28,8.6,303.13,9.87,301.12,167.78,310.35,0.0,0.0,0.0,0.0,0.0,0.0,1.96,0.0,5.86,0.0,12.79,3.49,657.29,0.0,1.39
256947846313016,249.69,28,6.77,233.75,9.17,230.21,176.39,238.74,0.0,0.0,0.0,0.0,0.0,0.0,1.48,0.0,2.45,0.0,9.68,3.56,679.12,0.0,1.79
256947852059302,328.6,28,12.7,306.57,9.33,304.19,176.06,315.73,0.0,0.0,0.0,0.0,0.0,0.0,3.0,0.0,6.32,0.0,18.09,3.6,657.62,0.0,3.54
256947857501000,852.96,28,10.58,694.07,148.31,0.0,230.63,701.61,0.0,0.0,0.0,0.0,0.0,0.0,1.74,0.0,2.84,0.0,16.09,5.06,698.76,0.0,3.03
256947864088484,245.79,28,9.98,216.66,19.16,0.0,175.0,224.92,0.0,0.0,0.0,0.0,0.0,0.0,2.47,0.0,6.45,0.0,8.94,3.52,674.11,0.0,1.72
256947869465139,317.78,28,7.93,299.99,9.86,295.76,178.25,305.5,0.0,0.0,0.0,0.0,0.0,0.0,1.91,0.0,3.11,0.0,17.86,3.55,662.29,0.0,2.42
256947874907937,313.82,28,9.28,288.5,16.04,0.0,245.3,295.63,0.0,0.0,0.0,0.0,0.0,0.0,2.43,0.0,6.21,0.0,93.53,3.56,669.68,0.0,2.15
256947880357032,677.54,28,8.48,651.7,17.36,0.0,271.09,657.44,0.0,0.0,0.0,0.0,0.0,0.0,1.39,0.0,2.35,0.0,22.57,3.66,699.29,0.0,2.74
256947886688867,477.33,28,10.54,375.85,90.94,251.23,183.89,384.06,0.0,0.0,0.0,0.0,0.0,0.0,2.4,0.0,5.69,0.0,10.87,3.43,681.5,0.0,2.31
256947893065370,361.95,28,7.5,344.98,9.47,321.69,175.79,349.99,0.0,0.0,0.0,0.0,0.0,0.0,1.38,0.0,2.53,0.0,9.98,3.44,662.06,0.0,2.5
256947898477650,333.02,28,9.62,314.67,8.74,307.49,172.23,322.11,0.0,0.0,0.0,0.0,0.0,0.0,2.0,0.0,5.2,0.0,11.9,3.52,665.39,0.0,2.17
256947903897296,242.49,28,14.14,210.83,17.52,0.0,179.06,222.63,0.0,0.0,0.0,0.0,0.0,0.0,1.84,0.0,10.05,0.0,18.81,3.54,684.52,0.0,2.24
256947909279599,734.15,28,20.7,702.16,11.29,658.21,281.82,709.13,0.0,0.0,0.0,0.0,0.0,0.0,1.82,0.0,3.57,0.0,29.68,3.6,720.2,0.0,13.54
256947915172271,257.84,28,6.98,232.75,18.11,229.32,183.62,237.7,0.0,0.0,0.0,0.0,0.0,0.0,1.6,0.0,2.99,0.0,9.36,3.55,699.84,0.0,2.03
256947920592482,234.35,28,22.18,203.05,9.12,214.92,186.13,222.97,0.0,0.0,0.0,0.0,0.0,0.0,2.53,0.0,6.69,0.0,26.16,14.36,679.4,0.0,2.26
256947925951286,787.32,28,7.11,766.54,13.67,645.07,218.48,771.35,0.0,0.0,0.0,0.0,0.0,0.0,1.7,0.0,2.67,0.0,8.04,3.5,718.29,0.0,2.21
256947932099181,321.49,28,9.54,293.97,17.98,0.0,178.61,301.98,0.0,0.0,0.0,0.0,0.0,0.0,3.02,0.0,6.37,0.0,15.88,3.49,663.86,0.0,1.37
256947937577761,508.86,28,9.33,487.84,11.69,484.98,216.16,494.84,0.0,0.0,0.0,0.0,0.0,0.0,1.68,0.0,2.76,0.0,19.18,6.76,686.56,0.0,2.27
256947943858174,366.75,28,10.55,264.82,91.38,264.84,174.58,273.2,0.0,0.0,0.0,0.0,0.0,0.0,2.49,0.0,6.58,0.0,14.42,3.49,656.11,0.0,2.17
256947949403219,797.22,28,7.71,642.43,147.08,0.0,252.51,647.69,0.0,0.0,0.0,0.0,0.0,0.0,1.51,0.0,2.49,0.0,15.79,3.52,708.34,0.0,2.45
256947956348506,709.95,28,12.95,611.82,85.18,612.24,203.85,622.97,0.0,0.0,0.0,0.0,0.0,0.0,3.44,0.0,7.64,0.0,24.37,3.51,661.42,0.0,1.8
256947962858409,345.8,28,8.8,236.26,100.74,231.86,180.41,242.2,0.0,0.0,0.0,0.0,0.0,0.0,1.87,0.0,3.13,0.0,15.77,3.6,659.55,0.0,2.87
256947968308500,706.86,28,10.26,686.13,10.46,678.9,251.93,694.88,0.0,0.0,0.0,0.0,0.0,0.0,2.29,0.0,6.14,0.0,10.94,3.78,731.8,0.0,1.52
256947974795414,909.01,28,6.67,658.3,244.04,0.0,215.72,663.68,0.0,0.0,0.0,0.0,0.0,0.0,1.36,0.0,2.38,0.0,19.25,3.81,674.25,0.0,1.24
256947982017001,851.89,28,86.74,604.34,160.82,0.0,349.78,688.51,0.0,0.0,0.0,0.0,0.0,0.0,2.91,0.0,7.68,0.0,87.5,77.41,696.38,0.0,2.56
256947988141899,257.36,28,6.03,242.48,8.84,238.41,175.8,247.07,0.0,0.0,0.0,0.0,0.0,0.0,1.47,0.0,2.46,0.0,8.96,3.47,681.14,0.0,1.44
256947993534058,536.1,28,11.4,514.28,10.42,515.57,222.41,523.61,0.0,0.0,0.0,0.0,0.0,0.0,2.75,0.0,6.47,0.0,20.13,3.58,703.33,0.0,2.06
256947999894187,1035.85,28,9.2,835.14,191.51,0.0,256.55,841.37,0.0,0.0,0.0,0.0,0.0,0.0,1.61,0.0,2.57,0.0,13.28,4.38,716.48,0.0,2.6
256948006098500,262.84,28,11.17,243.28,8.39,239.64,178.04,251.95,0.0,0.0,0.0,0.0,0.0,0.0,2.32,0.0,6.14,0.0,11.03,3.44,689.7,0.0,2.5
256948011512002,280.58,28,7.17,264.94,8.47,252.5,175.28,269.98,0.0,0.0,0.0,0.0,0.0,0.0,1.55,0.0,2.5,0.0,8.99,3.58,667.71,0.0,2.13
256948016909766,271.68,28,11.12,250.93,9.62,247.33,172.17,259.72,0.0,0.0,0.0,0.0,0.0,0.0,3.18,0.0,6.87,0.0,20.31,3.63,648.52,0.0,2.33
256948022348717,266.29,28,6.93,250.28,9.08,243.34,180.43,255.03,0.0,0.0,0.0,0.0,0.0,0.0,1.47,0.0,2.43,0.0,8.12,3.39,676.68,0.0,2.18
256948027738303,250.18,28,10.03,222.47,17.68,0.0,174.65,231.1,0.0,0.0,0.0,0.0,0.0,0.0,2.51,0.0,5.78,0.0,12.38,3.7,668.95,0.0,1.41
256948034033470,316.55,28,6.46,301.37,8.72,297.71,178.92,306.4,0.0,0.0,0.0,0.0,0.0,0.0,1.66,0.0,2.81,0.0,9.56,3.56,689.62,0.0,1.43
256948039483037,241.66,28,10.1,209.39,22.17,0.0,174.7,217.47,0.0,0.0,0.0,0.0,0.0,0.0,2.31,0.0,5.76,0.0,11.22,3.54,679.1,0.0,2.01
256948044868238,299.91,28,8.84,282.13,8.94,277.2,178.97,288.9,0.0,0.0,0.0,0.0,0.0,0.0,1.64,0.0,2.67,0.0,10.81,5.59,653.43,0.0,2.07
256948050248807,319.74,28,10.73,287.38,21.63,0.0,187.75,296.12,0.0,0.0,0.0,0.0,0.0,0.0,2.86,0.0,6.4,0.0,25.17,3.46,654.53,0.0,1.99
256948055804067,266.29,28,8.41,237.61,20.28,0.0,190.71,243.11,0.0,0.0,0.0,0.0,0.0,0.0,1.71,0.0,2.64,0.0,23.02,3.55,684.61,0.0,2.78
256948061192698,820.14,28,11.42,798.74,9.99,715.39,215.67,807.68,0.0,0.0,0.0,0.0,0.0,0.0,2.13,0.0,6.76,0.0,21.68,5.36,713.06,0.0,2.48
256948067237824,241.03,28,17.96,214.02,9.05,220.67,183.72,230.31,0.0,0.0,0.0,0.0,0.0,0.0,1.87,0.0,13.97,0.0,18.15,3.49,672.75,0.0,1.66
256948073037217,905.15,28,24.57,868.35,12.22,689.52,256.03,874.65,0.0,0.0,0.0,0.0,0.0,0.0,4.04,0.0,5.49,0.0,10.48,3.61,731.19,0.0,17.02
256948079821643,329.38,28,12.67,294.41,22.3,0.0,177.37,300.87,0.0,0.0,0.0,0.0,0.0,0.0,1.65,0.0,2.83,0.0,16.03,3.64,660.0,0.0,6.21
256948085256372,326.76,28,8.65,308.88,9.23,302.61,176.73,315.51,0.0,0.0,0.0,0.0,0.0,0.0,2.48,0.0,5.73,0.0,12.38,3.48,678.11,0.0,2.02
256948090800416,343.92,28,12.1,321.5,10.31,319.4,194.09,330.8,0.0,0.0,0.0,0.0,0.0,0.0,1.42,0.0,2.39,0.0,15.09,7.71,683.11,0.0,2.81
256948096276264,775.45,28,13.68,752.4,9.37,749.0,218.79,760.17,0.0,0.0,0.0,0.0,0.0,0.0,3.76,0.0,4.88,0.0,17.73,4.97,671.83,0.0,5.5
256948102826486,343.55,28,6.34,245.49,91.73,0.0,186.12,249.7,0.0,0.0,0.0,0.0,0.0,0.0,1.62,0.0,2.69,0.0,10.87,3.83,667.76,0.0,2.12
256948108313646,701.74,28,11.39,670.59,19.75,0.0,250.37,679.42,0.0,0.0,0.0,0.0,0.0,0.0,2.66,0.0,6.94,0.0,23.33,3.59,693.44,0.0,2.56
256948114227848,248.49,28,12.89,226.9,8.69,225.06,191.26,233.09,0.0,0.0,0.0,0.0,0.0,0.0,1.6,0.0,2.68,0.0,27.7,3.69,670.4,0.0,6.52
256948120266084,336.25,28,12.36,234.47,89.43,236.58,183.55,244.46,0.0,0.0,0.0,0.0,0.0,0.0,2.82,0.0,7.09,0.0,19.8,3.54,664.68,0.0,2.35
256948125831340,314.8,28,7.24,299.77,7.79,297.53,181.7,304.9,0.0,0.0,0.0,0.0,0.0,0.0,1.5,0.0,2.57,0.0,8.91,3.46,693.46,0.0,2.11
256948131890958,341.09,28,16.53,234.71,89.86,228.88,181.22,248.95,0.0,0.0,0.0,0.0,0.0,0.0,3.7,0.0,10.93,0.0,19.04,4.82,657.85,0.0,2.28
256948138008694,863.04,28,7.85,843.41,11.78,691.62,254.94,848.97,0.0,0.0,0.0,0.0,0.0,0.0,1.62,0.0,2.66,0.0,24.08,3.56,729.18,0.0,2.29
256948144185823,320.62,28,10.58,301.65,8.4,301.53,181.74,309.91,0.0,0.0,0.0,0.0,0.0,0.0,2.29,0.0,5.58,0.0,29.18,3.52,673.77,0.0,2.32
256948149670147,444.0,28,9.05,424.39,10.56,418.27,238.06,431.27,0.0,0.0,0.0,0.0,0.0,0.0,1.96,0.0,2.89,0.0,9.81,5.06,674.97,0.0,2.16
256948155212139,825.26,28,8.72,663.15,153.39,0.0,220.99,669.91,0.0,0.0,0.0,0.0,0.0,0.0,1.87,0.0,4.91,0.0,8.58,3.93,660.63,0.0,1.85
256948161831135,248.67,28,6.04,233.35,9.28,227.79,185.18,237.43,0.0,0.0,0.0,0.0,0.0,0.0,1.73,0.0,2.74,0.0,8.04,3.44,695.54,0.0,1.96
256948167205686,325.53,28,18.26,298.0,9.27,305.19,182.26,313.92,0.0,0.0,0.0,0.0,0.0,0.0,2.75,0.0,7.21,0.0,29.42,15.55,681.71,0.0,2.34
256948172713685,457.35,28,19.03,427.81,10.51,413.93,352.41,444.43,0.0,0.0,0.0,0.0,0.0,0.0,1.77,0.0,2.71,0.0,174.06,15.56,636.05,0.0,2.41
256948178911341,396.68,28,12.24,298.46,85.97,296.19,180.83,308.29,0.0,0.0,0.0,0.0,0.0,0.0,4.81,0.0,8.23,0.0,10.97,3.49,671.43,0.0,2.26
256948184487681,319.02,28,8.86,300.81,9.34,297.16,180.68,306.96,0.0,0.0,0.0,0.0,0.0,0.0,1.87,0.0,2.95,0.0,14.78,3.5,671.5,0.0,2.71
256948189974458,268.82,28,10.62,239.93,18.27,0.0,177.84,248.11,0.0,0.0,0.0,0.0,0.0,0.0,2.62,0.0,6.81,0.0,19.16,3.56,665.27,0.0,2.44
256948195434087,234.1,28,7.0,217.88,9.22,214.34,177.97,222.46,0.0,0.0,0.0,0.0,0.0,0.0,1.49,0.0,2.58,0.0,10.61,3.56,683.79,0.0,2.35
256948200865349,242.56,28,9.97,223.8,8.79,223.87,174.47,232.12,0.0,0.0,0.0,0.0,0.0,0.0,2.68,0.0,6.16,0.0,11.84,3.5,666.88,0.0,1.66
256948206343584,684.72,28,9.26,665.78,9.68,663.99,248.74,672.88,0.0,0.0,0.0,0.0,0.0,0.0,1.71,0.0,2.87,0.0,23.53,4.39,699.93,0.0,2.17
256948212212259,271.27,28,10.64,251.73,8.89,251.61,174.69,260.74,0.0,0.0,0.0,0.0,0.0,0.0,2.91,0.0,6.52,0.0,15.62,3.46,664.54,0.0,1.63
256948217722875,253.79,28,6.67,238.35,8.78,234.52,175.98,242.93,0.0,0.0,0.0,0.0,0.0,0.0,1.88,0.0,2.91,0.0,8.98,3.52,668.97,0.0,2.05
256948223723210,398.67,28,12.37,366.1,20.2,0.0,243.81,376.18,0.0,0.0,0.0,0.0,0.0,0.0,3.77,0.0,8.48,0.0,10.39,4.95,716.76,0.0,2.15
256948229286724,831.6,28,61.01,759.91,10.68,682.77,254.03,817.98,0.0,0.0,0.0,0.0,0.0,0.0,6.76,0.0,55.6,0.0,13.43,4.13,692.69,0.0,2.94
256948236058090,341.33,28,20.55,312.16,8.62,321.29,184.93,331.5,0.0,0.0,0.0,0.0,0.0,0.0,3.04,0.0,17.52,0.0,17.57,3.51,678.11,0.0,1.22
256948241531772,578.6,28,7.12,562.52,8.97,557.62,222.81,567.53,0.0,0.0,0.0,0.0,0.0,0.0,1.78,0.0,2.79,0.0,7.75,3.5,702.03,0.0,2.11
256948247333121,237.49,28,9.99,218.22,9.28,218.42,177.1,226.77,0.0,0.0,0.0,0.0,0.0,0.0,2.52,0.0,6.54,0.0,10.01,3.48,688.87,0.0,1.44
256948252753716,256.56,28,7.65,237.71,11.2,228.27,187.09,242.69,0.0,0.0,0.0,0.0,0.0,0.0,1.65,0.0,2.69,0.0,9.02,3.51,685.19,0.0,2.67
256948258135785,234.79,28,10.77,206.94,17.07,0.0,186.13,216.08,0.0,0.0,0.0,0.0,0.0,0.0,2.56,0.0,6.72,0.0,18.94,3.5,687.38,0.0,1.63
256948263529451,240.96,28,7.21,224.53,9.22,219.81,180.17,229.23,0.0,0.0,0.0,0.0,0.0,0.0,1.52,0.0,2.54,0.0,9.89,3.48,690.21,0.0,2.52
256948268912118,274.95,28,12.28,244.03,18.64,0.0,201.95,253.88,0.0,0.0,0.0,0.0,0.0,0.0,3.42,0.0,6.46,0.0,27.59,4.28,659.79,0.0,2.43
256948274351833,336.93,28,7.83,320.17,8.93,316.37,175.11,325.82,0.0,0.0,0.0,0.0,0.0,0.0,1.94,0.0,2.93,0.0,11.54,3.58,675.14,0.0,2.19
256948279876364,318.61,28,10.39,299.45,8.77,294.5,175.18,307.25,0.0,0.0,0.0,0.0,0.0,0.0,2.56,0.0,6.4,0.0,10.97,3.45,671.03,0.0,2.58
256948285368844,691.14,28,8.27,673.79,9.09,664.63,222.01,678.95,0.0,0.0,0.0,0.0,0.0,0.0,1.48,0.0,2.6,0.0,12.59,3.46,680.32,0.0,2.97
256948291275436,321.75,28,11.81,300.43,9.5,300.87,202.72,309.47,0.0,0.0,0.0,0.0,0.0,0.0,2.92,0.0,7.17,0.0,20.77,3.54,690.56,0.0,2.78
256948296726549,318.92,28,8.32,302.13,8.47,297.4,183.78,307.69,0.0,0.0,0.0,0.0,0.0,0.0,1.57,0.0,2.66,0.0,10.92,3.69,676.87,0.0,2.76
256948302249151,315.96,28,10.79,287.44,17.73,0.0,174.37,295.11,0.0,0.0,0.0,0.0,0.0,0.0,2.24,0.0,5.75,0.0,19.37,3.76,658.02,0.0,2.87
256948307759681,414.59,28,7.25,386.31,21.03,0.0,221.78,391.24,0.0,0.0,0.0,0.0,0.0,0.0,1.67,0.0,2.65,0.0,10.51,3.51,693.23,0.0,2.33
256948313899170,959.88,28,9.72,715.47,234.69,0.0,302.77,722.68,0.0,0.0,0.0,0.0,0.0,0.0,1.66,0.0,2.93,0.0,87.27,4.95,709.84,0.0,2.51
256948320143880,319.26,28,6.85,303.2,9.22,299.86,173.97,308.45,0.0,0.0,0.0,0.0,0.0,0.0,1.59,0.0,2.62,0.0,11.08,3.54,660.94,0.0,1.6
256948325683102,429.06,28,9.3,410.01,9.75,408.41,232.25,417.33,0.0,0.0,0.0,0.0,0.0,0.0,2.29,0.0,6.35,0.0,10.87,3.92,711.92,0.0,1.98
256948331288219,733.51,28,7.75,715.7,10.06,712.46,221.35,721.15,0.0,0.0,0.0,0.0,0.0,0.0,1.62,0.0,2.7,0.0,19.63,3.61,712.28,0.0,2.2
256948337243723,767.26,28,11.88,745.53,9.86,667.4,230.75,755.27,0.0,0.0,0.0,0.0,0.0,0.0,3.97,0.0,7.95,0.0,20.7,3.6,692.57,0.0,2.02
256948343178247,291.21,28,6.68,274.87,9.66,271.49,177.8,279.4,0.0,0.0,0.0,0.0,0.0,0.0,1.4,0.0,2.34,0.0,8.21,3.4,672.15,0.0,2.04
256948349276332,769.67,28,10.62,636.23,122.81,0.0,255.05,644.23,0.0,0.0,0.0,0.0,0.0,0.0,2.21,0.0,6.12,0.0,19.16,3.9,713.37,0.0,2.4
256948355921058,901.42,28,7.3,667.57,226.55,0.0,252.53,673.16,0.0,0.0,0.0,0.0,0.0,0.0,1.47,0.0,2.54,0.0,25.72,3.62,690.11,0.0,1.55
256948362221866,252.2,28,10.12,225.67,16.42,0.0,184.28,234.13,0.0,0.0,0.0,0.0,0.0,0.0,2.72,0.0,6.84,0.0,19.23,3.47,671.2,0.0,1.52
256948367651430,274.47,28,19.27,236.49,18.71,0.0,188.45,242.43,0.0,0.0,0.0,0.0,0.0,0.0,1.66,0.0,2.62,0.0,19.05,3.48,663.75,0.0,13.16
256948373731545,448.37,28,9.8,353.53,85.03,353.89,195.03,361.89,0.0,0.0,0.0,0.0,0.0,0.0,3.09,0.0,4.95,0.0,17.0,4.09,663.34,0.0,1.44
256948379409767,891.49,28,7.67,753.79,130.02,0.0,234.29,759.1,0.0,0.0,0.0,0.0,0.0,0.0,1.83,0.0,2.83,0.0,14.21,3.62,709.1,0.0,2.36
256948386294774,719.55,28,14.62,661.52,43.42,0.0,230.4,668.06,0.0,0.0,0.0,0.0,0.0,0.0,1.83,0.0,2.99,0.0,30.73,3.55,675.54,0.0,8.08
256948392200470,333.59,28,11.4,300.63,21.57,0.0,182.96,306.28,0.0,0.0,0.0,0.0,0.0,0.0,1.58,0.0,2.55,0.0,18.61,3.65,681.95,0.0,5.75
256948397815584,424.84,28,8.59,406.19,10.06,287.23,183.58,413.45,0.0,0.0,0.0,0.0,0.0,0.0,2.43,0.0,5.89,0.0,20.66,3.65,696.89,0.0,1.33
256948404068424,240.7,28,7.34,224.22,9.14,222.31,181.41,229.76,0.0,0.0,0.0,0.0,0.0,0.0,1.68,0.0,2.73,0.0,15.13,3.42,665.64,0.0,1.8
256948410027011,255.86,28,11.28,235.28,9.31,236.57,188.19,244.1,0.0,0.0,0.0,0.0,0.0,0.0,2.35,0.0,6.47,0.0,14.92,3.49,682.67,0.0,2.45
256948415540786,538.44,28,7.53,514.78,16.13,0.0,211.29,520.32,0.0,0.0,0.0,0.0,0.0,0.0,1.68,0.0,2.89,0.0,8.63,3.44,725.23,0.0,1.99
256948421882109,410.07,28,15.69,309.27,85.11,313.08,180.03,322.16,0.0,0.0,0.0,0.0,0.0,0.0,4.16,0.0,10.95,0.0,26.22,3.51,646.07,0.0,2.8
256948428079881,932.31,28,8.3,761.86,162.14,0.0,279.17,768.15,0.0,0.0,0.0,0.0,0.0,0.0,1.75,0.0,2.74,0.0,35.27,3.55,727.8,0.0,2.02
256948434215670,794.73,28,11.63,682.34,100.75,0.0,264.54,691.81,0.0,0.0,0.0,0.0,0.0,0.0,3.27,0.0,7.59,0.0,34.05,3.42,711.86,0.0,2.17
256948440196216,820.32,28,7.47,771.7,41.14,0.0,242.18,777.35,0.0,0.0,0.0,0.0,0.0,0.0,1.59,0.0,2.66,0.0,9.9,3.54,713.18,0.0,1.82
256948446227073,331.74,28,10.46,311.72,9.56,311.1,175.68,320.46,0.0,0.0,0.0,0.0,0.0,0.0,2.66,0.0,6.86,0.0,15.8,3.63,677.76,0.0,1.72
256948451858513,244.9,28,7.42,228.58,8.9,225.72,176.1,233.88,0.0,0.0,0.0,0.0,0.0,0.0,1.8,0.0,2.87,0.0,10.36,3.5,682.04,0.0,2.12
256948457357946,256.26,28,11.19,236.65,8.42,236.53,183.39,245.76,0.0,0.0,0.0,0.0,0.0,0.0,2.65,0.0,6.53,0.0,18.59,3.52,682.27,0.0,2.08
256948462798449,337.87,28,7.32,321.98,8.56,318.29,211.75,327.34,0.0,0.0,0.0,0.0,0.0,0.0,1.4,0.0,2.37,0.0,18.76,3.71,676.48,0.0,1.97
256948468355415,669.96,28,54.34,598.99,16.63,0.0,254.44,650.99,0.0,0.0,0.0,0.0,0.0,0.0,3.83,0.0,8.21,0.0,57.57,45.61,704.1,0.0,2.34
256948474797269,370.81,28,7.89,274.91,88.01,272.54,184.28,280.44,0.0,0.0,0.0,0.0,0.0,0.0,1.78,0.0,2.79,0.0,16.45,3.57,664.15,0.0,2.36
256948480321617,263.33,28,11.54,242.75,9.05,243.43,179.02,251.52,0.0,0.0,0.0,0.0,0.0,0.0,2.72,0.0,6.95,0.0,17.61,3.57,671.49,0.0,2.77
256948485763424,1201.47,28,6.91,447.48,747.08,330.36,171.61,452.52,0.0,0.0,0.0,0.0,0.0,0.0,1.74,0.0,2.84,0.0,9.45,3.68,660.6,0.0,1.87
256948492858467,270.61,28,11.49,249.66,9.46,251.02,192.05,259.01,0.0,0.0,0.0,0.0,0.0,0.0,2.77,0.0,7.53,0.0,29.71,3.46,679.21,0.0,2.14
256948498929614,897.59,28,8.43,804.42,84.74,678.1,231.67,810.59,0.0,0.0,0.0,0.0,0.0,0.0,1.56,0.0,2.7,0.0,11.89,6.48,690.28,0.0,2.26
256948505806775,250.9,28,9.99,231.91,9.01,231.14,184.36,239.88,0.0,0.0,0.0,0.0,0.0,0.0,2.52,0.0,6.4,0.0,13.35,3.58,683.73,0.0,2.02
256948511226876,258.54,28,10.75,238.37,9.42,234.51,218.31,243.19,0.0,0.0,0.0,0.0,0.0,0.0,1.49,0.0,2.42,0.0,45.43,3.56,692.51,0.0,5.93
256948516698683,238.64,28,10.14,212.14,16.36,0.0,185.51,220.38,0.0,0.0,0.0,0.0,0.0,0.0,2.85,0.0,7.25,0.0,14.76,3.45,684.42,0.0,1.9
256948523006350,238.95,28,7.67,214.76,16.52,0.0,174.03,219.79,0.0,0.0,0.0,0.0,0.0,0.0,1.76,0.0,2.78,0.0,9.55,3.5,671.88,0.0,2.64
256948528458349,606.63,28,6.86,583.62,16.15,0.0,222.86,588.51,0.0,0.0,0.0,0.0,0.0,0.0,1.65,0.0,2.72,0.0,11.6,3.58,687.65,0.0,1.96
256948534250353,234.28,28,7.9,207.87,18.51,0.0,180.52,213.33,0.0,0.0,0.0,0.0,0.0,0.0,1.68,0.0,2.71,0.0,9.97,3.56,705.12,0.0,2.43
256948539690451,324.56,28,11.09,294.85,18.62,0.0,178.34,303.82,0.0,0.0,0.0,0.0,0.0,0.0,2.41,0.0,6.44,0.0,15.03,3.73,662.93,0.0,2.12
256948545218200,309.78,28,7.05,285.9,16.84,0.0,177.25,290.88,0.0,0.0,0.0,0.0,0.0,0.0,1.55,0.0,2.48,0.0,9.76,3.58,666.48,0.0,2.06
256948550712172,278.76,28,11.25,251.21,16.3,0.0,195.99,260.08,0.0,0.0,0.0,0.0,0.0,0.0,2.86,0.0,7.02,0.0,18.84,3.54,708.87,0.0,2.39
256948556745463,401.83,28,8.85,295.45,97.54,0.0,188.16,302.08,0.0,0.0,0.0,0.0,0.0,0.0,1.53,0.0,2.58,0.0,9.27,4.07,666.06,0.0,2.22
256948562379441,316.89,28,13.72,285.42,17.75,0.0,182.53,293.73,0.0,0.0,0.0,0.0,0.0,0.0,2.18,0.0,5.83,0.0,13.55,3.5,677.45,0.0,5.41
256948567849277,344.29,28,7.06,327.46,9.77,322.67,179.09,332.43,0.0,0.0,0.0,0.0,0.0,0.0,1.61,0.0,2.67,0.0,9.24,3.55,687.09,0.0,2.09
256948573382978,267.81,28,10.98,240.18,16.66,0.0,174.56,247.89,0.0,0.0,0.0,0.0,0.0,0.0,2.32,0.0,5.69,0.0,12.19,3.5,661.82,0.0,3.27
256948578850606,239.01,28,6.96,215.91,16.14,0.0,169.91,220.7,0.0,0.0,0.0,0.0,0.0,0.0,1.41,0.0,2.48,0.0,11.4,3.54,667.48,0.0,2.17
256948584907937,315.44,28,15.31,210.25,89.88,0.0,178.35,224.1,0.0,0.0,0.0,0.0,0.0,0.0,8.52,0.0,12.57,0.0,21.48,3.59,686.42,0.0,1.46
256948591009360,893.84,28,7.01,875.46,11.37,776.97,222.65,880.41,0.0,0.0,0.0,0.0,0.0,0.0,1.52,0.0,2.67,0.0,11.7,3.49,678.22,0.0,2.06
256948597176586,831.8,28,14.09,808.29,9.42,651.49,277.87,819.67,0.0,0.0,0.0,0.0,0.0,0.0,3.99,0.0,8.41,0.0,35.59,6.34,718.61,0.0,2.71
256948603198474,816.2,28,7.07,676.17,132.96,0.0,252.96,681.47,0.0,0.0,0.0,0.0,0.0,0.0,1.61,0.0,2.6,0.0,8.25,3.54,725.88,0.0,1.78
256948609193804,244.86,28,10.59,217.44,16.84,0.0,174.63,226.24,0.0,0.0,0.0,0.0,0.0,0.0,2.62,0.0,7.02,0.0,12.82,3.44,671.45,0.0,1.79
256948614638690,250.14,28,6.21,225.27,18.66,0.0,186.06,229.87,0.0,0.0,0.0,0.0,0.0,0.0,1.66,0.0,2.6,0.0,10.1,3.76,686.82,0.0,1.61
256948620687612,460.96,28,14.78,347.12,99.07,0.0,201.78,359.75,0.0,0.0,0.0,0.0,0.0,0.0,3.46,0.0,9.71,0.0,11.34,4.3,659.87,0.0,2.15
256948626304425,757.81,28,7.51,677.51,72.79,0.0,243.23,682.51,0.0,0.0,0.0,0.0,0.0,0.0,1.56,0.0,2.58,0.0,9.89,4.19,725.97,0.0,2.51
256948633006009,867.69,28,13.87,794.47,59.36,664.51,258.4,805.82,0.0,0.0,0.0,0.0,0.0,0.0,4.42,0.0,9.5,0.0,12.11,4.52,688.24,0.0,2.46
256948639698940,470.18,28,7.37,443.77,19.04,0.0,221.74,449.12,0.0,0.0,0.0,0.0,0.0,0.0,1.62,0.0,2.56,0.0,11.66,3.44,735.43,0.0,2.02
256948645340416,694.88,28,10.88,675.86,8.14,676.97,238.21,685.29,0.0,0.0,0.0,0.0,0.0,0.0,2.15,0.0,5.39,0.0,11.4,5.26,723.13,0.0,1.3
256948651211482,246.4,28,6.63,230.2,9.57,226.95,173.0,234.72,0.0,0.0,0.0,0.0,0.0,0.0,1.65,0.0,2.61,0.0,9.43,3.47,667.86,0.0,2.11
256948656642003,456.54,28,15.16,424.19,17.18,0.0,235.11,437.46,0.0,0.0,0.0,0.0,0.0,0.0,3.23,0.0,7.48,0.0,23.55,6.66,702.29,0.0,1.9
256948662283684,348.43,28,6.46,333.75,8.22,330.61,183.76,338.55,0.0,0.0,0.0,0.0,0.0,0.0,1.55,0.0,2.5,0.0,10.72,3.67,689.94,0.0,1.66
256948668471867,408.04,28,11.08,295.89,101.07,295.55,176.34,304.7,0.0,0.0,0.0,0.0,0.0,0.0,2.76,0.0,6.68,0.0,12.86,3.6,657.92,0.0,2.24
256948674077417,322.23,28,7.38,305.76,9.09,302.93,178.05,311.63,0.0,0.0,0.0,0.0,0.0,0.0,1.57,0.0,2.65,0.0,16.0,3.52,667.7,0.0,1.51
256948680029357,258.12,28,10.95,238.44,8.73,238.09,186.93,247.69,0.0,0.0,0.0,0.0,0.0,0.0,2.79,0.0,6.86,0.0,15.83,3.49,661.54,0.0,1.66
256948685506544,311.52,28,7.94,295.03,8.56,292.53,178.55,300.74,0.0,0.0,0.0,0.0,0.0,0.0,1.65,0.0,2.68,0.0,17.33,3.52,669.2,0.0,2.23
256948691082397,875.04,28,12.9,851.21,10.92,749.83,237.9,861.92,0.0,0.0,0.0,0.0,0.0,0.0,3.04,0.0,7.46,0.0,23.53,3.63,672.76,0.0,2.19
256948697736379,469.66,28,6.53,378.73,84.4,372.76,195.51,382.91,0.0,0.0,0.0,0.0,0.0,0.0,1.65,0.0,2.68,0.0,9.86,3.87,637.39,0.0,2.35
256948703410453,256.53,28,10.73,228.07,17.73,0.0,182.7,236.54,0.0,0.0,0.0,0.0,0.0,0.0,2.35,0.0,6.25,0.0,18.76,3.52,680.55,0.0,2.26
256948708967798,254.3,28,6.83,231.43,16.04,0.0,182.81,236.48,0.0,0.0,0.0,0.0,0.0,0.0,1.74,0.0,3.11,0.0,9.13,3.5,671.91,0.0,1.79
256948714437440,660.68,28,16.2,635.46,9.02,636.89,216.93,649.43,0.0,0.0,0.0,0.0,0.0,0.0,2.82,0.0,8.14,0.0,27.4,7.04,581.7,0.0,2.23
256948720314187,741.64,28,14.85,704.45,22.35,703.42,240.41,714.06,0.0,0.0,0.0,0.0,0.0,0.0,1.6,0.0,2.56,0.0,22.77,7.73,711.67,0.0,5.24
256948726262534,325.32,28,10.55,294.71,20.06,0.0,174.51,303.17,0.0,0.0,0.0,0.0,0.0,0.0,2.52,0.0,6.78,0.0,12.69,3.65,664.55,0.0,2.09
256948731793017,320.27,28,6.31,304.81,9.15,301.99,185.12,309.29,0.0,0.0,0.0,0.0,0.0,0.0,1.43,0.0,2.61,0.0,9.07,3.6,673.69,0.0,1.74
256948737935535,988.39,28,29.27,765.34,193.79,0.0,241.25,775.34,0.0,0.0,0.0,0.0,0.0,0.0,3.25,0.0,4.52,0.0,17.75,7.97,691.01,0.0,17.18
256948744240908,314.12,28,7.01,297.48,9.62,293.43,181.16,302.35,0.0,0.0,0.0,0.0,0.0,0.0,1.76,0.0,2.93,0.0,8.95,3.51,681.19,0.0,2.15
256948749712253,251.97,28,8.4,233.25,10.32,230.72,175.37,240.31,0.0,0.0,0.0,0.0,0.0,0.0,1.95,0.0,5.51,0.0,11.67,3.53,678.39,0.0,1.34
256948755163334,434.91,28,7.84,415.77,11.3,413.58,239.55,421.82,0.0,0.0,0.0,0.0,0.0,0.0,1.64,0.0,2.59,0.0,77.57,3.5,670.9,0.0,1.79
256948760859037,326.84,28,10.19,307.51,9.14,306.55,182.69,315.6,0.0,0.0,0.0,0.0,0.0,0.0,2.49,0.0,6.07,0.0,14.45,3.54,684.54,0.0,2.1
256948766380547,277.94,28,10.35,257.78,9.8,254.76,170.84,262.49,0.0,0.0,0.0,0.0,0.0,0.0,1.51,0.0,2.52,0.0,12.65,3.49,646.99,0.0,5.64
256948771910589,319.01,28,10.01,292.15,16.85,0.0,170.59,300.32,0.0,0.0,0.0,0.0,0.0,0.0,2.47,0.0,6.3,0.0,8.78,3.49,667.53,0.0,1.84
256948777475349,611.5,28,7.45,584.61,19.44,0.0,216.27,590.32,0.0,0.0,0.0,0.0,0.0,0.0,1.62,0.0,2.63,0.0,9.6,4.57,707.22,0.0,1.74
256948783481688,241.06,28,10.98,220.02,10.07,220.87,182.4,229.05,0.0,0.0,0.0,0.0,0.0,0.0,2.67,0.0,7.32,0.0,14.97,3.56,682.69,0.0,1.94
256948788934684,323.94,28,13.27,293.95,16.73,0.0,185.69,305.26,0.0,0.0,0.0,0.0,0.0,0.0,1.59,0.0,10.32,0.0,18.04,3.61,674.08,0.0,1.95
256948795007597,828.88,28,192.35,625.81,10.72,669.2,230.85,797.23,0.0,0.0,0.0,0.0,0.0,0.0,2.77,0.0,170.07,0.0,29.04,4.03,694.96,0.0,20.46
256948801781955,377.43,28,16.35,268.18,92.9,273.6,200.45,282.29,0.0,0.0,0.0,0.0,0.0,0.0,1.57,0.0,3.11,0.0,20.76,11.84,648.65,0.0,2.24
256948807311488,320.53,28,9.6,294.5,16.42,0.0,180.17,302.61,0.0,0.0,0.0,0.0,0.0,0.0,2.44,0.0,6.34,0.0,13.59,3.45,680.85,0.0,1.49
256948812797841,407.71,28,10.65,386.63,10.43,383.8,190.21,393.18,0.0,0.0,0.0,0.0,0.0,0.0,1.4,0.0,2.46,0.0,12.99,5.2,681.48,0.0,4.11
256948818367347,318.36,28,10.54,298.27,9.55,295.46,173.28,306.5,0.0,0.0,0.0,0.0,0.0,0.0,2.1,0.0,6.03,0.0,8.94,3.46,673.64,0.0,2.31
256948824063328,256.2,28,6.99,231.31,17.89,0.0,183.69,236.87,0.0,0.0,0.0,0.0,0.0,0.0,1.71,0.0,2.81,0.0,13.68,3.51,684.49,0.0,1.43
256948829493192,266.62,28,10.67,247.45,8.5,247.01,172.19,256.07,0.0,0.0,0.0,0.0,0.0,0.0,2.59,0.0,6.25,0.0,14.05,3.51,652.59,0.0,2.05
256948835092379,323.06,28,7.91,298.75,16.4,0.0,182.64,304.55,0.0,0.0,0.0,0.0,0.0,0.0,1.55,0.0,2.51,0.0,15.73,3.55,652.6,0.0,1.93
256948841035626,334.32,28,11.12,304.73,18.47,0.0,182.84,313.53,0.0,0.0,0.0,0.0,0.0,0.0,2.77,0.0,6.63,0.0,13.6,3.43,674.56,0.0,2.32
256948846596732,316.62,28,8.34,292.17,16.11,0.0,190.86,298.28,0.0,0.0,0.0,0.0,0.0,0.0,1.85,0.0,2.84,0.0,20.55,3.48,673.37,0.0,2.24
256948852123359,242.76,28,9.51,223.92,9.33,224.27,181.15,232.14,0.0,0.0,0.0,0.0,0.0,0.0,2.21,0.0,5.64,0.0,11.23,3.51,665.23,0.0,1.3
256948857556245,312.72,28,6.38,290.83,15.51,0.0,179.8,295.43,0.0,0.0,0.0,0.0,0.0,0.0,1.49,0.0,2.4,0.0,8.77,3.44,685.4,0.0,1.78
256948863061653,258.25,28,10.52,229.38,18.35,0.0,183.84,238.38,0.0,0.0,0.0,0.0,0.0,0.0,2.48,0.0,5.91,0.0,25.65,3.63,676.04,0.0,1.52
256948869015065,324.73,28,7.32,307.38,10.03,301.51,175.64,312.86,0.0,0.0,0.0,0.0,0.0,0.0,1.78,0.0,2.95,0.0,11.26,3.63,663.3,0.0,1.84
256948874518985,314.9,28,11.05,294.26,9.6,294.12,184.16,302.69,0.0,0.0,0.0,0.0,0.0,0.0,2.33,0.0,5.99,0.0,19.56,3.59,674.71,0.0,2.61
256948880086931,263.5,28,7.23,247.6,8.67,240.04,183.34,252.88,0.0,0.0,0.0,0.0,0.0,0.0,1.72,0.0,2.69,0.0,11.0,3.43,678.48,0.0,1.96
256948886013637,281.71,28,10.73,252.82,18.15,0.0,173.31,261.5,0.0,0.0,0.0,0.0,0.0,0.0,2.65,0.0,6.49,0.0,13.73,3.55,666.21,0.0,2.05
256948891464291,252.0,28,6.52,226.98,18.5,0.0,174.99,231.79,0.0,0.0,0.0,0.0,0.0,0.0,1.51,0.0,2.57,0.0,9.47,3.48,658.72,0.0,1.71
256948897078203,269.02,28,11.0,249.34,8.68,251.49,175.62,258.87,0.0,0.0,0.0,0.0,0.0,0.0,2.18,0.0,6.47,0.0,14.8,3.5,670.24,0.0,1.48
256948902538071,319.33,28,6.76,288.51,24.06,0.0,177.85,293.08,0.0,0.0,0.0,0.0,0.0,0.0,1.56,0.0,2.55,0.0,9.06,3.52,686.52,0.0,2.07
256948908012914,822.04,28,13.56,798.99,9.48,669.55,251.11,811.18,0.0,0.0,0.0,0.0,0.0,0.0,3.79,0.0,9.59,0.0,22.73,4.29,707.93,0.0,1.38
256948914823914,345.02,28,8.16,234.94,101.92,0.0,186.59,240.45,0.0,0.0,0.0,0.0,0.0,0.0,1.79,0.0,2.74,0.0,14.26,3.51,683.8,0.0,2.64
256948921010169,860.06,28,11.49,767.77,80.79,655.41,235.97,777.42,0.0,0.0,0.0,0.0,0.0,0.0,2.99,0.0,7.3,0.0,15.16,3.94,666.77,0.0,1.84
256948927193702,247.27,28,6.92,231.04,9.3,227.7,184.81,236.12,0.0,0.0,0.0,0.0,0.0,0.0,2.1,0.0,3.27,0.0,8.5,3.42,680.12,0.0,1.7
256948933032808,325.4,28,18.01,296.82,10.57,302.93,167.97,311.81,0.0,0.0,0.0,0.0,0.0,0.0,2.01,0.0,15.11,0.0,12.46,3.5,677.56,0.0,2.75
256948938550008,540.16,28,313.84,217.59,8.73,518.68,193.04,529.01,0.0,0.0,0.0,0.0,0.0,0.0,308.26,0.0,309.58,0.0,27.46,7.68,490.62,0.0,2.42
256948944247960,770.64,28,41.39,718.91,10.35,715.09,325.55,758.44,0.0,0.0,0.0,0.0,0.0,0.0,8.95,0.0,35.79,0.0,123.12,5.61,685.45,0.0,1.74
256948950202263,251.38,28,7.68,235.95,7.74,232.65,185.18,241.22,0.0,0.0,0.0,0.0,0.0,0.0,1.52,0.0,2.61,0.0,13.61,3.56,685.77,0.0,2.41
256948955657026,550.06,28,16.72,523.84,9.5,251.11,347.81,268.18,0.0,0.0,0.0,0.0,0.0,0.0,2.62,0.0,3.86,0.0,20.31,4.75,847.88,0.0,9.49
256948962007318,787.55,28,7.41,673.89,106.26,0.0,216.97,679.58,0.0,0.0,0.0,0.0,0.0,0.0,1.64,0.0,2.64,0.0,13.96,5.97,703.78,0.0,1.72
256948968127879,261.55,28,9.4,241.73,10.42,241.72,179.05,249.96,0.0,0.0,0.0,0.0,0.0,0.0,2.6,0.0,6.97,0.0,19.78,3.44,681.52,0.0,1.17
256948973516218,254.95,28,7.89,237.04,10.01,234.3,178.77,242.53,0.0,0.0,0.0,0.0,0.0,0.0,1.52,0.0,2.48,0.0,12.46,3.56,675.74,0.0,2.33
256948978968317,266.33,28,11.79,235.44,19.09,0.0,182.35,245.07,0.0,0.0,0.0,0.0,0.0,0.0,2.92,0.0,6.94,0.0,21.34,3.56,672.55,0.0,2.17
256948984425426,629.6,28,7.97,603.38,18.25,0.0,245.68,608.88,0.0,0.0,0.0,0.0,0.0,0.0,1.72,0.0,2.74,0.0,19.66,3.58,719.95,0.0,2.47
256948990270725,742.23,28,59.49,672.52,10.22,672.58,247.6,729.87,0.0,0.0,0.0,0.0,0.0,0.0,2.74,0.0,8.2,0.0,73.01,51.14,696.41,0.0,2.14
256948996229982,809.53,28,8.88,791.2,9.45,789.74,229.66,797.96,0.0,0.0,0.0,0.0,0.0,0.0,1.65,0.0,2.65,0.0,22.21,4.83,691.52,0.0,2.12
256949002216199,234.53,28,7.83,216.96,9.74,214.06,177.76,222.78,0.0,0.0,0.0,0.0,0.0,0.0,1.56,0.0,2.86,0.0,20.33,3.58,670.07,0.0,2.02
256949007623893,238.69,28,7.95,211.18,19.56,0.0,172.31,215.82,0.0,0.0,0.0,0.0,0.0,0.0,1.59,0.0,2.53,0.0,11.91,3.44,657.8,0.0,3.15
256949013112866,252.25,28,9.97,233.27,9.01,231.46,187.35,241.7,0.0,0.0,0.0,0.0,0.0,0.0,2.54,0.0,6.2,0.0,13.68,3.53,681.24,0.0,1.54
256949019033514,311.32,28,6.17,295.26,9.88,288.69,179.43,299.49,0.0,0.0,0.0,0.0,0.0,0.0,1.74,0.0,3.0,0.0,9.76,3.57,672.38,0.0,1.95
256949024547085,256.28,28,12.32,235.62,8.34,233.24,175.78,243.4,0.0,0.0,0.0,0.0,0.0,0.0,2.27,0.0,5.59,0.0,17.07,3.52,665.37,0.0,4.54
256949029985760,272.8,28,7.58,246.37,18.84,0.0,182.02,252.04,0.0,0.0,0.0,0.0,0.0,0.0,1.87,0.0,2.97,0.0,11.32,3.58,684.83,0.0,1.82
256949036007245,318.21,28,8.63,292.84,16.75,0.0,179.19,299.77,0.0,0.0,0.0,0.0,0.0,0.0,2.23,0.0,5.31,0.0,8.87,3.54,683.15,0.0,1.53
256949041507385,574.93,28,8.07,541.31,25.55,0.0,251.13,547.08,0.0,0.0,0.0,0.0,0.0,0.0,1.79,0.0,3.01,0.0,11.95,3.59,721.08,0.0,2.27
256949047304954,248.07,28,9.95,218.75,19.38,0.0,185.2,226.85,0.0,0.0,0.0,0.0,0.0,0.0,2.62,0.0,6.37,0.0,15.07,3.43,658.23,0.0,1.84
256949052755644,239.13,28,7.24,211.1,20.78,0.0,177.91,216.19,0.0,0.0,0.0,0.0,0.0,0.0,1.68,0.0,2.73,0.0,10.02,3.55,680.03,0.0,2.13
256949058214929,977.58,28,10.14,646.85,320.59,0.0,240.48,655.52,0.0,0.0,0.0,0.0,0.0,0.0,2.14,0.0,5.66,0.0,21.2,3.98,734.41,0.0,1.47
256949065101651,287.93,28,6.02,232.93,48.98,229.28,165.09,237.77,0.0,0.0,0.0,0.0,0.0,0.0,1.7,0.0,2.67,0.0,9.76,3.71,638.63,0.0,1.19
256949071189562,899.82,28,7.54,801.19,91.09,0.0,224.09,807.01,0.0,0.0,0.0,0.0,0.0,0.0,1.73,0.0,2.92,0.0,9.89,3.96,708.52,0.0,1.71
256949077563149,314.14,28,6.63,298.17,9.34,291.17,178.49,302.96,0.0,0.0,0.0,0.0,0.0,0.0,1.5,0.0,2.5,0.0,7.94,3.49,667.22,0.0,1.84
256949083109964,263.51,28,17.85,225.88,19.78,0.0,173.77,242.13,0.0,0.0,0.0,0.0,0.0,0.0,2.12,0.0,13.57,0.0,17.82,3.78,662.01,0.0,1.59
256949088616545,279.61,28,7.16,254.28,18.17,0.0,175.77,259.25,0.0,0.0,0.0,0.0,0.0,0.0,1.62,0.0,2.77,0.0,8.84,3.47,682.61,0.0,2.19
256949094521617,585.43,28,16.29,467.75,101.39,0.0,297.16,482.22,0.0,0.0,0.0,0.0,0.0,0.0,4.3,0.0,11.66,0.0,19.81,3.69,725.2,0.0,1.82
256949100341776,699.28,28,8.03,672.65,18.6,0.0,200.12,678.34,0.0,0.0,0.0,0.0,0.0,0.0,1.61,0.0,2.6,0.0,12.15,4.61,662.48,0.0,2.34
256949106239922,319.32,28,9.73,299.94,9.64,299.12,177.85,307.41,0.0,0.0,0.0,0.0,0.0,0.0,2.24,0.0,5.28,0.0,9.04,3.63,670.54,0.0,2.03
256949111802161,346.87,28,7.32,329.4,10.15,326.82,182.44,334.62,0.0,0.0,0.0,0.0,0.0,0.0,1.55,0.0,2.51,0.0,10.52,3.52,662.99,0.0,2.09
256949117314945,243.96,28,11.12,223.82,9.02,224.67,187.9,233.21,0.0,0.0,0.0,0.0,0.0,0.0,2.51,0.0,7.18,0.0,20.22,3.53,672.13,0.0,1.73
256949122777426,251.81,28,8.35,234.68,8.78,226.08,172.57,239.89,0.0,0.0,0.0,0.0,0.0,0.0,1.44,0.0,2.56,0.0,10.35,3.53,647.83,0.0,2.9
256949128227101,787.17,28,13.07,755.94,18.16,0.0,257.66,767.51,0.0,0.0,0.0,0.0,0.0,0.0,2.79,0.0,6.99,0.0,27.46,6.19,712.48,0.0,1.51
256949134832435,408.0,28,8.67,300.87,98.46,298.62,193.89,306.7,0.0,0.0,0.0,0.0,0.0,0.0,1.51,0.0,2.52,0.0,28.92,3.54,661.34,0.0,2.84
256949141008804,322.46,28,10.1,303.0,9.36,303.99,172.32,311.87,0.0,0.0,0.0,0.0,0.0,0.0,2.59,0.0,6.41,0.0,10.95,3.53,668.74,0.0,1.23
256949147090978,331.21,28,6.96,240.62,83.64,233.29,181.15,245.24,0.0,0.0,0.0,0.0,0.0,0.0,1.5,0.0,2.56,0.0,12.86,3.51,679.49,0.0,2.34
256949153179973,837.81,28,8.27,738.66,90.89,660.93,252.02,744.08,0.0,0.0,0.0,0.0,0.0,0.0,2.12,0.0,3.24,0.0,21.55,3.57,657.34,0.0,2.85
256949159239484,252.07,28,7.06,235.33,9.69,229.01,180.93,240.03,0.0,0.0,0.0,0.0,0.0,0.0,1.51,0.0,2.51,0.0,8.44,3.43,680.1,0.0,2.35
256949164687316,268.4,28,11.13,248.17,9.1,249.35,182.5,257.53,0.0,0.0,0.0,0.0,0.0,0.0,2.52,0.0,7.46,0.0,14.54,3.5,674.06,0.0,1.77
256949170188737,322.31,28,6.95,307.55,7.81,302.45,176.16,312.28,0.0,0.0,0.0,0.0,0.0,0.0,1.57,0.0,2.53,0.0,13.31,3.6,658.2,0.0,2.22
256949175730574,799.62,28,11.26,777.82,10.54,650.22,266.84,787.14,0.0,0.0,0.0,0.0,0.0,0.0,2.23,0.0,7.01,0.0,43.64,4.1,697.8,0.0,1.94
256949182696720,513.74,28,8.48,413.78,91.47,411.46,214.49,419.98,0.0,0.0,0.0,0.0,0.0,0.0,1.61,0.0,2.77,0.0,11.08,4.23,720.68,0.0,2.29
256949188399733,255.17,28,9.98,224.22,20.96,222.88,175.53,232.11,0.0,0.0,0.0,0.0,0.0,0.0,1.94,0.0,5.97,0.0,13.84,3.5,649.39,0.0,2.1
256949193885265,321.77,28,25.51,278.26,18.0,0.0,185.13,286.5,0.0,0.0,0.0,0.0,0.0,0.0,3.54,0.0,4.55,0.0,15.72,6.34,648.04,0.0,16.79
256949200009489,791.55,28,10.93,641.07,139.55,0.0,230.34,649.49,0.0,0.0,0.0,0.0,0.0,0.0,2.48,0.0,6.01,0.0,12.74,4.71,705.07,0.0,2.4
256949206238679,802.71,28,8.63,668.12,125.95,0.0,220.98,674.37,0.0,0.0,0.0,0.0,0.0,0.0,1.7,0.0,2.7,0.0,9.47,4.24,747.14,0.0,2.39
256949213121447,249.14,28,11.07,219.72,18.35,0.0,216.44,228.46,0.0,0.0,0.0,0.0,0.0,0.0,2.64,0.0,6.24,0.0,53.11,3.62,674.21,0.0,2.29
256949218740307,415.72,28,7.05,398.75,9.92,396.22,215.36,404.07,0.0,0.0,0.0,0.0,0.0,0.0,1.67,0.0,2.67,0.0,12.34,3.64,732.98,0.0,1.67
256949224465843,316.03,28,12.03,293.81,10.19,291.82,175.79,303.1,0.0,0.0,0.0,0.0,0.0,0.0,2.61,0.0,6.62,0.0,21.0,3.43,651.8,0.0,2.73
256949230044075,262.4,28,12.98,230.31,19.11,0.0,177.83,241.0,0.0,0.0,0.0,0.0,0.0,0.0,8.65,0.0,9.69,0.0,11.7,3.42,675.58,0.0,2.29
256949235528928,263.48,28,30.86,216.22,16.41,0.0,185.23,245.29,0.0,0.0,0.0,0.0,0.0,0.0,1.49,0.0,27.25,0.0,17.94,3.59,670.34,0.0,1.79
256949241085512,876.25,28,57.7,806.14,12.41,734.89,208.81,861.85,0.0,0.0,0.0,0.0,0.0,0.0,4.71,0.0,50.89,0.0,14.14,5.79,684.28,0.0,2.0
256949248084102,329.65,28,7.11,313.08,9.47,303.95,174.67,318.08,0.0,0.0,0.0,0.0,0.0,0.0,2.11,0.0,4.64,0.0,11.15,3.54,669.03,0.0,1.57
256949254033509,317.61,28,7.57,301.01,9.03,296.43,180.93,306.44,0.0,0.0,0.0,0.0,0.0,0.0,1.69,0.0,2.83,0.0,10.43,3.58,691.98,0.0,1.97
256949260034388,943.23,28,9.73,676.97,256.53,0.0,216.56,684.7,0.0,0.0,0.0,0.0,0.0,0.0,2.54,0.0,6.26,0.0,12.84,3.55,710.86,0.0,2.0
256949266991300,344.2,28,6.71,314.66,22.83,306.14,176.64,319.5,0.0,0.0,0.0,0.0,0.0,0.0,1.74,0.0,2.88,0.0,9.17,3.42,681.06,0.0,1.87
256949273032478,244.48,28,10.11,224.94,9.42,220.93,168.69,232.41,0.0,0.0,0.0,0.0,0.0,0.0,2.37,0.0,5.39,0.0,10.94,3.52,660.43,0.0,2.56
256949278527060,315.73,28,11.56,295.83,8.34,290.74,182.64,301.18,0.0,0.0,0.0,0.0,0.0,0.0,1.77,0.0,2.89,0.0,17.73,3.5,658.17,0.0,6.21
256949284977602,1020.2,28,13.64,967.03,39.52,821.3,293.71,978.16,0.0,0.0,0.0,0.0,0.0,0.0,4.19,0.0,8.46,0.0,14.99,4.44,724.9,0.0,2.51
256949292104742,257.5,28,7.5,231.94,18.06,0.0,190.44,237.9,0.0,0.0,0.0,0.0,0.0,0.0,1.46,0.0,2.42,0.0,13.13,3.64,677.74,0.0,1.53
256949298032123,277.5,28,11.9,255.22,10.37,256.13,186.22,264.86,0.0,0.0,0.0,0.0,0.0,0.0,2.84,0.0,6.47,0.0,15.99,3.45,675.33,0.0,2.27
256949304232746,395.31,28,7.97,308.38,78.96,304.34,180.45,313.62,0.0,0.0,0.0,0.0,0.0,0.0,1.66,0.0,2.71,0.0,14.14,3.52,671.08,0.0,2.73
256949310069931,270.2,28,11.6,249.59,9.01,248.74,176.64,258.96,0.0,0.0,0.0,0.0,0.0,0.0,2.55,0.0,6.36,0.0,11.34,3.5,665.45,0.0,2.22
256949316033112,257.61,28,10.97,238.02,8.61,233.08,175.14,243.11,0.0,0.0,0.0,0.0,0.0,0.0,1.63,0.0,2.67,0.0,19.35,3.52,657.53,0.0,5.88
256949321641596,251.71,28,11.82,230.05,9.83,230.61,185.8,239.36,0.0,0.0,0.0,0.0,0.0,0.0,2.37,0.0,6.81,0.0,19.3,3.51,675.42,0.0,2.52
256949327146226,314.39,28,7.1,299.4,7.89,294.14,182.03,305.11,0.0,0.0,0.0,0.0,0.0,0.0,1.69,0.0,2.81,0.0,11.27,3.51,687.39,0.0,1.39
256949333029782,251.82,28,10.53,231.73,9.55,231.46,184.98,240.27,0.0,0.0,0.0,0.0,0.0,0.0,2.67,0.0,6.71,0.0,11.35,3.5,685.45,0.0,1.99
256949339031735,256.23,28,7.2,233.08,15.95,0.0,176.9,238.34,0.0,0.0,0.0,0.0,0.0,0.0,1.49,0.0,2.41,0.0,11.52,3.45,666.77,0.0,1.94
256949344626933,233.63,28,11.13,205.49,17.01,0.0,183.25,214.74,0.0,0.0,0.0,0.0,0.0,0.0,2.78,0.0,7.04,0.0,11.81,3.47,669.13,0.0,1.87
256949350669641,452.92,28,7.28,359.73,85.91,356.0,239.38,365.5,0.0,0.0,0.0,0.0,0.0,0.0,1.5,0.0,2.68,0.0,9.95,3.5,733.93,0.0,1.5
256949356470798,605.31,28,12.75,583.36,9.2,585.13,285.53,593.76,0.0,0.0,0.0,0.0,0.0,0.0,2.85,0.0,7.15,0.0,136.24,4.15,711.89,0.0,2.35
256949362380529,288.39,28,8.12,271.53,8.74,268.25,199.25,276.95,0.0,0.0,0.0,0.0,0.0,0.0,1.52,0.0,2.44,0.0,28.51,3.5,671.95,0.0,2.7
256949368016280,248.9,28,10.66,221.04,17.2,0.0,169.87,230.44,0.0,0.0,0.0,0.0,0.0,0.0,2.72,0.0,6.34,0.0,18.59,3.55,660.31,0.0,1.2
256949373530147,555.14,28,7.18,538.3,9.66,533.04,229.24,543.97,0.0,0.0,0.0,0.0,0.0,0.0,1.66,0.0,2.71,0.0,10.16,4.22,723.21,0.0,1.52
256949379412867,256.31,28,20.95,226.8,8.57,237.72,175.53,245.84,0.0,0.0,0.0,0.0,0.0,0.0,2.49,0.0,6.77,0.0,25.25,13.94,664.15,0.0,1.9
256949384943454,278.48,28,14.52,246.62,17.34,0.0,188.46,253.94,0.0,0.0,0.0,0.0,0.0,0.0,2.77,0.0,3.81,0.0,23.52,4.63,642.56,0.0,6.82
256949390563860,233.38,28,7.96,216.49,8.93,213.02,179.34,222.24,0.0,0.0,0.0,0.0,0.0,0.0,2.37,0.0,4.68,0.0,8.22,3.41,684.43,0.0,2.21
256949396114576,229.67,28,6.0,215.75,7.92,212.5,179.99,220.35,0.0,0.0,0.0,0.0,0.0,0.0,1.55,0.0,2.65,0.0,8.24,3.46,682.65,0.0,1.39
256949402028603,805.92,28,12.81,773.61,19.5,648.92,309.86,784.16,0.0,0.0,0.0,0.0,0.0,0.0,3.7,0.0,7.94,0.0,155.79,3.69,691.53,0.0,2.26
256949408289000,837.85,28,8.8,669.6,159.45,0.0,228.25,676.38,0.0,0.0,0.0,0.0,0.0,0.0,1.63,0.0,2.6,0.0,11.82,5.44,692.69,0.0,2.03
256949415126793,307.85,28,9.94,280.82,17.09,0.0,186.67,289.0,0.0,0.0,0.0,0.0,0.0,0.0,2.52,0.0,6.33,0.0,19.6,3.52,690.73,0.0,1.76
256949420784469,243.43,28,7.55,226.6,9.28,224.78,176.29,232.0,0.0,0.0,0.0,0.0,0.0,0.0,1.84,0.0,2.95,0.0,9.95,3.51,680.85,0.0,2.15
256949426308258,251.53,28,10.3,232.54,8.69,233.76,192.35,241.32,0.0,0.0,0.0,0.0,0.0,0.0,2.51,0.0,6.7,0.0,24.96,3.38,701.76,0.0,1.52
256949432092904,332.71,28,5.7,308.34,18.67,0.0,171.27,312.93,0.0,0.0,0.0,0.0,0.0,0.0,1.65,0.0,2.63,0.0,9.1,3.48,660.06,0.0,1.11
256949438890360,981.48,28,28.16,830.02,123.29,678.72,233.87,836.13,0.0,0.0,0.0,0.0,0.0,0.0,1.7,0.0,2.87,0.0,15.94,4.76,694.86,0.0,20.76
256949447036311,268.65,28,7.26,251.88,9.51,246.06,180.98,256.84,0.0,0.0,0.0,0.0,0.0,0.0,1.6,0.0,2.6,0.0,10.54,3.49,679.74,0.0,2.3
256949453969922,876.45,28,11.3,818.77,46.39,687.88,248.24,828.38,0.0,0.0,0.0,0.0,0.0,0.0,2.72,0.0,6.85,0.0,20.34,3.56,721.59,0.0,1.69
256949461735864,453.76,28,7.25,351.52,95.0,0.0,192.65,356.87,0.0,0.0,0.0,0.0,0.0,0.0,1.73,0.0,2.82,0.0,35.66,3.6,641.34,0.0,1.62
256949468937313,887.66,28,11.27,795.41,80.99,658.65,268.76,804.43,0.0,0.0,0.0,0.0,0.0,0.0,3.0,0.0,7.19,0.0,28.92,3.63,702.13,0.0,2.14
256949476097785,245.42,28,7.35,229.27,8.81,222.81,175.39,234.82,0.0,0.0,0.0,0.0,0.0,0.0,1.56,0.0,2.88,0.0,11.79,3.52,672.77,0.0,1.79
256949483024636,874.42,28,13.04,852.05,9.33,710.9,251.44,861.5,0.0,0.0,0.0,0.0,0.0,0.0,1.69,0.0,2.9,0.0,21.16,8.95,713.56,0.0,3.6
256949490082005,741.43,28,6.39,724.88,10.17,652.53,240.77,729.99,0.0,0.0,0.0,0.0,0.0,0.0,1.92,0.0,2.9,0.0,10.93,3.55,686.9,0.0,1.28
256949497063492,255.39,28,9.97,235.83,9.59,232.81,192.99,243.81,0.0,0.0,0.0,0.0,0.0,0.0,2.3,0.0,6.16,0.0,16.76,3.51,665.16,0.0,1.99
256949503374636,256.23,28,7.59,239.75,8.89,235.7,181.48,244.98,0.0,0.0,0.0,0.0,0.0,0.0,1.73,0.0,2.72,0.0,10.83,3.53,677.27,0.0,2.35
256949509508270,558.96,28,81.69,459.75,17.51,0.0,253.14,539.18,0.0,0.0,0.0,0.0,0.0,0.0,2.99,0.0,8.01,0.0,84.91,76.47,689.89,0.0,2.09
256949516026803,326.03,28,7.33,299.47,19.23,0.0,177.99,304.57,0.0,0.0,0.0,0.0,0.0,0.0,1.8,0.0,2.93,0.0,10.12,3.48,670.76,0.0,2.24
256949522035978,262.04,28,12.53,230.95,18.57,0.0,171.86,242.06,0.0,0.0,0.0,0.0,0.0,0.0,2.54,0.0,7.05,0.0,16.01,10.13,672.26,0.0,1.42
256949528690460,447.06,28,6.98,351.86,88.22,348.46,229.41,357.18,0.0,0.0,0.0,0.0,0.0,0.0,1.76,0.0,2.75,0.0,12.71,3.68,710.23,0.0,1.66
256949535027798,787.57,28,13.33,763.38,10.86,652.71,225.99,774.87,0.0,0.0,0.0,0.0,0.0,0.0,4.36,0.0,8.93,0.0,19.21,3.44,670.71,0.0,1.84
256949541825259,572.03,28,7.26,385.35,179.43,0.0,177.22,390.53,0.0,0.0,0.0,0.0,0.0,0.0,1.74,0.0,3.06,0.0,8.33,3.49,684.59,0.0,2.05
256949549045091,323.5,28,10.54,294.79,18.18,0.0,182.01,303.71,0.0,0.0,0.0,0.0,0.0,0.0,2.83,0.0,6.35,0.0,19.32,3.62,696.37,0.0,1.62
256949555058013,243.24,28,13.98,220.66,8.59,221.47,189.22,232.85,0.0,0.0,0.0,0.0,0.0,0.0,1.98,0.0,9.57,0.0,14.26,3.54,682.07,0.0,1.8
256949561290641,256.03,28,11.51,235.06,9.46,232.78,183.01,244.05,0.0,0.0,0.0,0.0,0.0,0.0,2.51,0.0,6.85,0.0,13.93,3.49,682.39,0.0,2.52
256949568029852,310.51,28,7.82,293.05,9.65,287.93,178.78,298.43,0.0,0.0,0.0,0.0,0.0,0.0,1.66,0.0,2.8,0.0,10.9,3.63,665.45,0.0,2.3
256949575024506,247.29,28,10.33,227.3,9.65,224.5,179.91,235.63,0.0,0.0,0.0,0.0,0.0,0.0,2.56,0.0,5.82,0.0,15.67,3.55,684.26,0.0,2.0
256949581172276,251.23,28,6.62,236.28,8.33,232.44,184.78,241.12,0.0,0.0,0.0,0.0,0.0,0.0,1.54,0.0,2.54,0.0,8.66,3.42,686.58,0.0,1.78
256949587332809,705.76,28,11.0,685.21,9.55,680.55,250.56,693.69,0.0,0.0,0.0,0.0,0.0,0.0,3.08,0.0,7.06,0.0,89.57,3.75,688.87,0.0,2.53
256949593856758,257.08,28,6.07,231.4,19.62,0.0,180.09,235.24,0.0,0.0,0.0,0.0,0.0,0.0,1.64,0.0,2.6,0.0,10.95,3.51,675.31,0.0,2.23
256949600068043,265.53,28,9.45,238.9,17.19,0.0,168.3,246.61,0.0,0.0,0.0,0.0,0.0,0.0,2.35,0.0,5.67,0.0,9.32,3.75,649.08,0.0,1.73
256949606838499,397.1,28,22.39,287.35,87.36,280.03,220.68,293.02,0.0,0.0,0.0,0.0,0.0,0.0,1.76,0.0,2.82,0.0,16.29,3.59,655.35,0.0,15.98
256949613814466,397.34,28,16.87,301.3,79.17,308.11,206.75,316.79,0.0,0.0,0.0,0.0,0.0,0.0,3.88,0.0,11.7,0.0,12.22,5.3,655.77,0.0,1.38
256949619853448,297.25,28,6.6,274.41,16.25,0.0,184.84,279.33,0.0,0.0,0.0,0.0,0.0,0.0,1.54,0.0,2.5,0.0,8.84,3.52,681.2,0.0,1.68
256949625485754,579.23,28,12.76,549.34,17.13,0.0,240.68,559.74,0.0,0.0,0.0,0.0,0.0,0.0,2.82,0.0,7.77,0.0,23.45,3.53,669.53,0.0,2.36
256949631463970,610.73,28,6.86,586.99,16.88,0.0,216.83,591.94,0.0,0.0,0.0,0.0,0.0,0.0,1.6,0.0,2.54,0.0,8.65,3.51,708.95,0.0,1.91
256949637424678,309.48,28,8.98,291.04,9.46,289.07,177.42,298.56,0.0,0.0,0.0,0.0,0.0,0.0,2.46,0.0,6.39,0.0,10.95,3.55,668.24,0.0,1.46
256949643119158,318.38,28,7.27,302.54,8.57,300.41,182.79,308.4,0.0,0.0,0.0,0.0,0.0,0.0,1.63,0.0,2.6,0.0,16.59,3.56,658.82,0.0,1.41
256949649033675,256.96,28,11.63,235.59,9.74,234.63,174.16,244.97,0.0,0.0,0.0,0.0,0.0,0.0,2.79,0.0,6.71,0.0,13.25,3.59,669.47,0.0,2.25
256949655248526,259.03,28,7.47,243.16,8.4,239.04,182.65,248.26,0.0,0.0,0.0,0.0,0.0,0.0,1.5,0.0,2.74,0.0,12.27,3.49,678.53,0.0,2.37
256949660817095,280.69,28,10.6,252.83,17.26,0.0,183.96,261.24,0.0,0.0,0.0,0.0,0.0,0.0,2.81,0.0,6.6,0.0,11.06,3.47,689.56,0.0,2.19
256949666520213,558.61,28,21.63,517.82,19.15,0.0,243.88,524.05,0.0,0.0,0.0,0.0,0.0,0.0,1.62,0.0,2.62,0.0,25.09,4.57,692.97,0.0,14.8
256949672428882,265.03,28,10.32,238.15,16.55,0.0,181.48,246.6,0.0,0.0,0.0,0.0,0.0,0.0,2.73,0.0,6.81,0.0,15.12,3.77,671.97,0.0,1.88
256949677963837,1062.9,28,6.36,539.9,516.64,342.48,163.11,544.52,0.0,0.0,0.0,0.0,0.0,0.0,1.41,0.0,2.51,0.0,9.4,3.52,643.88,0.0,1.69
256949684370699,253.64,28,10.8,233.78,9.06,231.93,181.56,242.6,0.0,0.0,0.0,0.0,0.0,0.0,2.81,0.0,7.1,0.0,13.4,3.55,671.66,0.0,1.98
256949689960884,846.32,28,6.37,826.61,13.33,680.64,226.35,830.9,0.0,0.0,0.0,0.0,0.0,0.0,1.62,0.0,2.57,0.0,10.11,3.55,737.1,0.0,2.08
256949697879191,396.97,28,8.38,308.17,80.43,305.27,190.21,314.47,0.0,0.0,0.0,0.0,0.0,0.0,1.54,0.0,2.69,0.0,22.1,3.75,672.27,0.0,1.93
256949704030847,265.17,28,7.93,247.85,9.39,245.29,169.46,253.95,0.0,0.0,0.0,0.0,0.0,0.0,2.12,0.0,3.31,0.0,12.84,3.55,672.93,0.0,1.82
256949709663394,244.44,28,26.06,209.77,8.62,224.49,174.92,233.89,0.0,0.0,0.0,0.0,0.0,0.0,2.35,0.0,23.19,0.0,15.04,3.59,684.53,0.0,1.94
256949715848611,406.45,28,8.49,297.85,100.11,0.0,173.46,303.9,0.0,0.0,0.0,0.0,0.0,0.0,1.76,0.0,2.79,0.0,16.7,4.02,620.66,0.0,2.45
256949721666523,261.36,28,12.12,239.99,9.25,237.57,181.08,249.39,0.0,0.0,0.0,0.0,0.0,0.0,2.35,0.0,6.15,0.0,18.59,3.49,679.93,0.0,2.72
256949727535986,555.56,28,7.94,537.95,9.68,532.9,263.69,543.56,0.0,0.0,0.0,0.0,0.0,0.0,1.86,0.0,2.81,0.0,15.56,3.73,768.58,0.0,2.32
256949733528802,323.37,28,9.99,303.89,9.48,301.66,187.11,312.27,0.0,0.0,0.0,0.0,0.0,0.0,2.17,0.0,6.05,0.0,18.43,3.52,662.71,0.0,1.61
256949739869209,399.4,28,10.22,300.11,89.07,298.82,209.42,308.85,0.0,0.0,0.0,0.0,0.0,0.0,1.79,0.0,2.79,0.0,40.05,7.14,668.63,0.0,1.48
256949745667532,317.8,28,10.04,298.78,8.98,296.75,168.89,306.13,0.0,0.0,0.0,0.0,0.0,0.0,1.98,0.0,5.14,0.0,8.79,3.4,656.62,0.0,2.69
256949751258459,345.4,28,8.77,327.51,9.12,312.98,179.33,332.75,0.0,0.0,0.0,0.0,0.0,0.0,1.6,0.0,2.85,0.0,11.81,3.51,685.2,0.0,3.23
256949757041234,249.47,28,10.69,220.09,18.7,0.0,184.19,228.5,0.0,0.0,0.0,0.0,0.0,0.0,2.84,0.0,6.62,0.0,20.3,3.47,667.95,0.0,2.27
256949762603574,536.32,28,8.33,505.48,22.51,0.0,231.46,511.58,0.0,0.0,0.0,0.0,0.0,0.0,1.51,0.0,2.57,0.0,13.69,3.69,712.13,0.0,2.06
256949768448218,632.09,28,17.21,590.71,24.16,0.0,249.78,605.38,0.0,0.0,0.0,0.0,0.0,0.0,4.07,0.0,10.97,0.0,117.66,3.89,679.2,0.0,2.55
256949775010827,867.76,28,8.43,848.85,10.48,693.33,263.49,855.22,0.0,0.0,0.0,0.0,0.0,0.0,1.49,0.0,2.5,0.0,9.83,4.64,680.25,0.0,2.05
256949782109047,234.78,28,10.23,206.52,18.03,0.0,181.08,215.45,0.0,0.0,0.0,0.0,0.0,0.0,2.6,0.0,6.76,0.0,18.49,3.57,689.76,0.0,1.29
256949787653780,459.15,28,6.5,442.62,10.03,436.02,265.2,446.85,0.0,0.0,0.0,0.0,0.0,0.0,1.59,0.0,2.53,0.0,9.59,3.44,737.44,0.0,2.26
256949793557702,555.49,28,23.98,513.19,18.32,0.0,271.54,519.33,0.0,0.0,0.0,0.0,0.0,0.0,1.49,0.0,2.73,0.0,29.95,5.09,672.02,0.0,17.58
256949799502682,294.79,28,6.8,278.59,9.4,274.39,178.04,283.33,0.0,0.0,0.0,0.0,0.0,0.0,1.72,0.0,2.66,0.0,8.48,3.62,684.78,0.0,2.06
256949805738602,405.75,28,12.51,301.85,91.39,0.0,207.62,312.66,0.0,0.0,0.0,0.0,0.0,0.0,2.26,0.0,6.02,0.0,13.62,5.16,704.65,0.0,1.66
256949811497622,610.73,28,7.28,584.74,18.7,0.0,226.73,589.8,0.0,0.0,0.0,0.0,0.0,0.0,1.74,0.0,2.85,0.0,8.27,3.56,702.07,0.0,2.22
256949817453694,619.35,28,16.24,593.8,9.3,590.23,268.66,602.68,0.0,0.0,0.0,0.0,0.0,0.0,2.38,0.0,3.52,0.0,117.81,5.5,682.46,0.0,7.37
256949823917611,953.27,28,27.93,664.23,261.11,0.0,258.63,673.77,0.0,0.0,0.0,0.0,0.0,0.0,1.78,0.0,3.11,0.0,30.71,8.75,713.68,0.0,17.54
256949830348094,308.49,28,10.19,280.75,17.55,0.0,177.06,289.46,0.0,0.0,0.0,0.0,0.0,0.0,2.62,0.0,6.91,0.0,15.33,3.42,668.64,0.0,1.49
256949836013684,784.89,28,7.36,647.21,130.33,0.0,248.09,653.36,0.0,0.0,0.0,0.0,0.0,0.0,1.75,0.0,2.73,0.0,14.5,4.12,676.36,0.0,1.2
256949842407661,258.14,28,16.57,232.08,9.48,238.42,177.17,246.62,0.0,0.0,0.0,0.0,0.0,0.0,8.9,0.0,12.39,0.0,22.31,3.6,655.67,0.0,2.03
256949848043129,309.21,28,13.15,278.18,17.88,0.0,185.28,289.95,0.0,0.0,0.0,0.0,0.0,0.0,1.88,0.0,9.89,0.0,23.35,3.58,661.95,0.0,1.38
256949854035250,318.69,28,7.24,302.27,9.17,295.89,176.18,307.72,0.0,0.0,0.0,0.0,0.0,0.0,1.58,0.0,3.62,0.0,11.6,3.47,673.98,0.0,1.79
256949860221208,862.4,28,7.16,665.14,190.1,0.0,222.11,670.64,0.0,0.0,0.0,0.0,0.0,0.0,1.91,0.0,3.1,0.0,10.65,3.9,691.35,0.0,1.66
256949867320261,316.89,28,10.42,297.76,8.7,297.83,189.19,306.37,0.0,0.0,0.0,0.0,0.0,0.0,2.75,0.0,6.77,0.0,25.81,3.54,670.14,0.0,1.81
256949873090298,322.53,28,7.41,297.75,17.37,0.0,181.64,303.64,0.0,0.0,0.0,0.0,0.0,0.0,1.74,0.0,2.9,0.0,18.74,3.74,664.65,0.0,1.52
256949879894765,855.37,28,32.42,793.96,28.99,708.64,203.73,825.15,0.0,0.0,0.0,0.0,0.0,0.0,13.73,0.0,28.54,0.0,30.86,3.61,702.99,0.0,1.24
256949887875260,410.26,28,6.78,294.49,108.98,0.0,182.18,299.27,0.0,0.0,0.0,0.0,0.0,0.0,1.54,0.0,2.48,0.0,11.38,3.58,670.95,0.0,2.01
256949894030971,323.49,28,10.15,303.95,9.39,302.45,183.5,312.4,0.0,0.0,0.0,0.0,0.0,0.0,2.46,0.0,6.49,0.0,21.18,3.64,682.39,0.0,1.7
256949900041230,802.39,28,9.28,647.11,146.0,0.0,226.05,654.1,0.0,0.0,0.0,0.0,0.0,0.0,1.96,0.0,3.1,0.0,12.98,4.9,702.99,0.0,2.29
256949906996322,952.44,28,13.58,803.46,135.39,0.0,239.18,813.42,0.0,0.0,0.0,0.0,0.0,0.0,2.82,0.0,7.06,0.0,39.73,3.7,681.34,0.0,3.63
256949914101417,316.9,28,6.97,300.88,9.05,297.39,182.38,306.41,0.0,0.0,0.0,0.0,0.0,0.0,1.63,0.0,2.62,0.0,11.91,3.51,676.69,0.0,1.44
256949919801362,413.89,28,12.51,391.63,9.75,392.73,198.47,402.39,0.0,0.0,0.0,0.0,0.0,0.0,2.88,0.0,7.04,0.0,22.92,4.96,646.94,0.0,1.75
256949925617540,236.93,28,7.18,212.37,17.38,0.0,174.64,217.06,0.0,0.0,0.0,0.0,0.0,0.0,1.57,0.0,2.53,0.0,9.48,3.44,672.28,0.0,2.49
256949931172444,323.17,28,8.43,306.17,8.58,301.85,177.74,312.98,0.0,0.0,0.0,0.0,0.0,0.0,2.12,0.0,5.55,0.0,11.79,3.5,691.74,0.0,1.62
256949937035778,349.28,28,7.08,333.29,8.92,329.73,185.49,338.47,0.0,0.0,0.0,0.0,0.0,0.0,1.49,0.0,2.58,0.0,27.63,3.54,665.6,0.0,1.78
256949942697646,337.56,28,27.22,290.09,20.25,0.0,182.92,298.32,0.0,0.0,0.0,0.0,0.0,0.0,2.31,0.0,5.43,0.0,27.86,3.58,655.44,0.0,19.0
256949948345469,695.55,28,10.52,666.65,18.38,0.0,216.59,673.87,0.0,0.0,0.0,0.0,0.0,0.0,1.76,0.0,2.85,0.0,14.91,6.0,689.99,0.0,3.3
256949954350347,271.32,28,8.81,245.48,17.03,0.0,173.81,252.53,0.0,0.0,0.0,0.0,0.0,0.0,1.95,0.0,5.29,0.0,10.38,3.55,666.19,0.0,1.76
256949960012852,260.44,28,7.23,243.54,9.67,238.25,183.15,248.62,0.0,0.0,0.0,0.0,0.0,0.0,1.65,0.0,2.66,0.0,10.04,3.6,672.39,0.0,2.15
256949966210277,959.66,28,27.85,837.43,94.38,721.53,243.31,842.94,0.0,0.0,0.0,0.0,0.0,0.0,1.55,0.0,2.74,0.0,12.8,3.64,641.89,0.0,21.83
256949973883930,324.89,28,7.33,225.75,91.82,221.24,178.8,230.49,0.0,0.0,0.0,0.0,0.0,0.0,1.73,0.0,2.65,0.0,9.07,3.53,652.16,0.0,2.28
256949979545262,244.69,28,8.97,227.15,8.56,225.53,171.79,234.26,0.0,0.0,0.0,0.0,0.0,0.0,2.22,0.0,6.13,0.0,17.22,3.52,667.69,0.0,1.87
256949985790440,422.62,28,71.18,254.92,96.53,314.31,186.46,323.75,0.0,0.0,0.0,0.0,0.0,0.0,64.56,0.0,65.75,0.0,10.89,4.91,625.08,0.0,2.34
256949991533673,235.51,28,10.53,207.75,17.23,0.0,173.49,216.56,0.0,0.0,0.0,0.0,0.0,0.0,3.18,0.0,7.76,0.0,19.54,3.52,662.74,0.0,1.72
256949997818712,323.65,28,6.18,237.94,79.54,231.44,184.48,242.53,0.0,0.0,0.0,0.0,0.0,0.0,1.69,0.0,2.76,0.0,10.59,3.44,675.73,0.0,1.58
256950004264618,281.19,28,10.56,235.61,35.02,0.0,180.5,242.99,0.0,0.0,0.0,0.0,0.0,0.0,2.28,0.0,4.86,0.0,16.48,3.68,681.01,0.0,3.18
256950009873801,264.52,28,11.77,243.68,9.07,237.18,177.32,249.15,0.0,0.0,0.0,0.0,0.0,0.0,1.88,0.0,3.24,0.0,17.62,3.49,665.85,0.0,6.3
256950015511378,331.39,28,10.37,299.92,21.11,0.0,177.89,307.25,0.0,0.0,0.0,0.0,0.0,0.0,2.39,0.0,5.87,0.0,12.81,3.51,673.86,0.0,3.04
256950021845812,401.08,28,8.0,298.2,94.87,293.0,183.89,303.42,0.0,0.0,0.0,0.0,0.0,0.0,2.03,0.0,3.01,0.0,12.5,3.52,682.47,0.0,2.78
256950027556218,323.91,28,10.33,303.57,10.02,296.66,188.39,311.96,0.0,0.0,0.0,0.0,0.0,0.0,2.87,0.0,6.17,0.0,24.3,3.55,681.42,0.0,1.94
256950033830380,434.56,28,8.14,327.69,98.74,322.18,177.28,333.03,0.0,0.0,0.0,0.0,0.0,0.0,1.84,0.0,2.84,0.0,26.83,3.61,643.6,0.0,2.46
256950040047124,852.11,28,9.74,831.2,11.17,684.53,238.62,838.59,0.0,0.0,0.0,0.0,0.0,0.0,2.04,0.0,5.72,0.0,15.3,4.69,718.7,0.0,2.17
256950046333249,246.65,28,7.81,214.99,23.85,0.0,172.73,219.47,0.0,0.0,0.0,0.0,0.0,0.0,1.73,0.0,2.73,0.0,8.17,3.43,657.29,0.0,3.1
256950052053155,253.62,28,30.86,212.94,9.82,232.31,196.67,242.11,0.0,0.0,0.0,0.0,0.0,0.0,2.75,0.0,6.83,0.0,39.5,24.77,687.84,0.0,1.68
256950057706191,335.8,28,7.1,318.72,9.98,313.84,172.92,324.17,0.0,0.0,0.0,0.0,0.0,0.0,1.69,0.0,2.66,0.0,10.65,3.5,666.36,0.0,1.61
256950063426098,241.35,28,12.68,220.29,8.39,216.12,175.64,227.04,0.0,0.0,0.0,0.0,0.0,0.0,1.95,0.0,4.97,0.0,17.25,3.57,653.02,0.0,5.73
256950069101015,243.48,28,8.5,225.53,9.45,221.8,182.01,231.52,0.0,0.0,0.0,0.0,0.0,0.0,1.88,0.0,2.86,0.0,17.73,3.58,669.42,0.0,2.51
256950074714788,408.37,28,11.73,378.32,18.31,0.0,252.87,387.42,0.0,0.0,0.0,0.0,0.0,0.0,2.79,0.0,6.5,0.0,17.49,4.14,738.3,0.0,2.23
256950080491888,284.56,28,7.29,267.51,9.75,262.71,177.85,272.58,0.0,0.0,0.0,0.0,0.0,0.0,1.83,0.0,2.83,0.0,9.45,3.46,681.29,0.0,2.23
256950086755288,887.99,28,59.66,735.83,92.5,649.25,238.59,792.8,0.0,0.0,0.0,0.0,0.0,0.0,52.43,0.0,54.23,0.0,21.14,4.86,726.82,0.0,2.28
256950093740319,335.79,28,6.53,294.42,34.85,0.0,179.74,298.99,0.0,0.0,0.0,0.0,0.0,0.0,1.65,0.0,2.69,0.0,9.96,3.48,674.66,0.0,1.87
256950100009099,267.45,28,11.98,237.99,17.48,0.0,185.28,246.77,0.0,0.0,0.0,0.0,0.0,0.0,2.74,0.0,6.63,0.0,15.73,3.57,698.68,0.0,3.2
256950106204073,812.92,28,7.91,692.17,112.85,0.0,231.52,697.65,0.0,0.0,0.0,0.0,0.0,0.0,1.75,0.0,2.84,0.0,33.37,3.58,706.48,0.0,2.09
256950112336660,823.9,28,11.54,668.46,143.9,0.0,259.76,678.1,0.0,0.0,0.0,0.0,0.0,0.0,2.75,0.0,6.5,0.0,10.7,4.59,705.12,0.0,1.9
256950119263811,233.08,28,6.64,207.62,18.82,0.0,185.74,213.06,0.0,0.0,0.0,0.0,0.0,0.0,1.65,0.0,2.65,0.0,10.38,3.48,681.02,0.0,1.2
256950124833784,249.53,28,10.61,229.03,9.9,229.01,185.08,238.17,0.0,0.0,0.0,0.0,0.0,0.0,2.61,0.0,6.88,0.0,17.37,3.54,705.74,0.0,1.47
256950130465527,322.62,28,6.68,306.33,9.6,301.41,178.01,311.12,0.0,0.0,0.0,0.0,0.0,0.0,1.75,0.0,2.74,0.0,8.39,3.57,686.2,0.0,1.9
256950136786614,321.5,28,8.96,221.61,90.94,220.58,175.52,229.22,0.0,0.0,0.0,0.0,0.0,0.0,2.54,0.0,6.52,0.0,11.63,3.51,681.92,0.0,1.11
256950142451593,331.64,28,10.67,293.11,27.87,0.0,180.11,301.56,0.0,0.0,0.0,0.0,0.0,0.0,2.43,0.0,3.99,0.0,23.39,4.46,665.75,0.0,2.21
256950148722440,460.14,28,12.14,351.66,96.34,351.05,193.49,362.0,0.0,0.0,0.0,0.0,0.0,0.0,4.42,0.0,7.73,0.0,29.41,3.66,657.31,0.0,1.64
256950154562959,527.21,28,9.98,506.94,10.28,506.22,257.02,514.45,0.0,0.0,0.0,0.0,0.0,0.0,1.77,0.0,2.74,0.0,9.68,5.13,700.12,0.0,2.48
256950160379535,319.08,28,7.61,302.37,9.11,299.26,186.42,307.96,0.0,0.0,0.0,0.0,0.0,0.0,1.49,0.0,2.58,0.0,19.34,3.64,671.76,0.0,2.01
256950165995370,789.1,28,6.9,643.78,138.41,0.0,251.94,649.46,0.0,0.0,0.0,0.0,0.0,0.0,1.72,0.0,2.78,0.0,16.19,3.84,691.52,0.0,1.22
256950172312382,325.85,28,13.39,293.09,19.37,0.0,175.86,302.45,0.0,0.0,0.0,0.0,0.0,0.0,2.73,0.0,6.85,0.0,26.6,3.63,658.69,0.0,4.03
256950177967395,338.33,28,21.91,307.44,8.98,302.11,182.34,314.1,0.0,0.0,0.0,0.0,0.0,0.0,1.63,0.0,2.74,0.0,30.08,4.04,662.82,0.0,15.12
256950184256253,770.55,28,10.59,671.48,88.48,672.31,286.91,680.78,0.0,0.0,0.0,0.0,0.0,0.0,2.67,0.0,6.57,0.0,32.15,3.52,711.97,0.0,1.28
256950191083535,409.08,28,12.77,307.06,89.25,303.68,185.44,312.85,0.0,0.0,0.0,0.0,0.0,0.0,1.73,0.0,3.04,0.0,14.14,4.05,683.53,0.0,6.97
256950196840429,262.19,28,16.29,227.26,18.63,0.0,181.74,237.43,0.0,0.0,0.0,0.0,0.0,0.0,2.75,0.0,7.08,0.0,21.68,3.6,674.99,0.0,6.13
256950202999470,911.41,28,7.21,886.34,17.87,756.77,214.16,892.09,0.0,0.0,0.0,0.0,0.0,0.0,1.8,0.0,3.01,0.0,9.58,3.51,684.74,0.0,1.45
256950209378464,660.31,28,13.88,636.74,9.69,639.93,242.35,648.52,0.0,0.0,0.0,0.0,0.0,0.0,2.88,0.0,7.45,0.0,16.89,5.29,687.54,0.0,2.09
256950216015056,251.16,28,7.1,233.81,10.25,229.89,178.02,238.57,0.0,0.0,0.0,0.0,0.0,0.0,1.73,0.0,2.83,0.0,9.34,3.5,675.46,0.0,2.34
256950221671212,459.26,28,11.18,429.35,18.72,0.0,223.01,438.92,0.0,0.0,0.0,0.0,0.0,0.0,2.22,0.0,6.59,0.0,20.28,3.59,681.72,0.0,1.62
256950228014239,256.48,28,7.38,239.08,10.02,235.63,180.21,244.2,0.0,0.0,0.0,0.0,0.0,0.0,1.86,0.0,2.94,0.0,19.42,3.46,677.86,0.0,2.25
256950234036978,862.78,28,8.2,708.25,146.33,0.0,239.35,714.45,0.0,0.0,0.0,0.0,0.0,0.0,1.88,0.0,3.38,0.0,13.34,3.5,674.08,0.0,2.01
256950240892014,333.49,28,8.82,233.13,91.54,231.21,187.33,239.93,0.0,0.0,0.0,0.0,0.0,0.0,2.02,0.0,3.03,0.0,24.1,3.79,655.54,0.0,2.0
256950246598249,322.69,28,9.03,303.43,10.23,302.61,178.33,310.49,0.0,0.0,0.0,0.0,0.0,0.0,2.16,0.0,5.33,0.0,13.97,3.51,677.84,0.0,1.97
256950252268544,335.03,28,13.77,311.22,10.04,315.21,182.75,323.28,0.0,0.0,0.0,0.0,0.0,0.0,1.71,0.0,2.68,0.0,17.32,10.93,687.15,0.0,1.71
256950257979767,252.24,28,24.28,218.18,9.78,232.49,182.79,240.8,0.0,0.0,0.0,0.0,0.0,0.0,2.52,0.0,21.46,0.0,20.59,9.91,675.48,0.0,1.67
256950264099277,898.78,28,8.29,796.5,93.99,677.95,284.11,802.17,0.0,0.0,0.0,0.0,0.0,0.0,1.51,0.0,2.77,0.0,16.27,3.49,739.61,0.0,2.62
256950270366062,315.67,28,10.59,296.2,8.88,296.73,175.13,304.38,0.0,0.0,0.0,0.0,0.0,0.0,2.38,0.0,5.95,0.0,15.46,3.63,677.13,0.0,2.4
256950276080473,317.29,28,6.98,300.4,9.91,297.48,175.87,305.32,0.0,0.0,0.0,0.0,0.0,0.0,1.53,0.0,2.77,0.0,9.88,3.52,666.37,0.0,2.06
256950281779239,247.3,28,10.6,220.43,16.26,0.0,172.82,228.48,0.0,0.0,0.0,0.0,0.0,0.0,2.66,0.0,5.9,0.0,10.91,3.47,673.76,0.0,2.55
256950287353466,1401.04,28,6.61,342.16,1052.28,0.0,166.26,347.18,0.0,0.0,0.0,0.0,0.0,0.0,1.79,0.0,2.82,0.0,9.17,3.45,649.37,0.0,1.59
256950294952309,277.99,28,9.79,259.13,9.07,257.26,178.19,266.6,0.0,0.0,0.0,0.0,0.0,0.0,1.95,0.0,5.27,0.0,16.62,3.43,664.19,0.0,2.05
256950300568331,330.56,28,7.21,313.01,10.34,301.21,177.31,318.18,0.0,0.0,0.0,0.0,0.0,0.0,1.67,0.0,2.66,0.0,9.66,3.47,678.62,0.0,2.05
256950306273045,275.36,28,10.35,255.27,9.75,250.73,182.64,263.14,0.0,0.0,0.0,0.0,0.0,0.0,2.25,0.0,5.56,0.0,14.97,3.62,680.6,0.0,2.48
256950311804320,339.96,28,7.9,309.8,22.25,0.0,198.31,315.19,0.0,0.0,0.0,0.0,0.0,0.0,1.82,0.0,2.78,0.0,14.16,3.73,686.5,0.0,2.52
256950317508114,253.67,28,9.84,225.93,17.9,0.0,188.9,234.01,0.0,0.0,0.0,0.0,0.0,0.0,2.56,0.0,6.25,0.0,19.08,3.5,686.8,0.0,1.75
256950323218763,806.29,28,8.97,788.04,9.28,651.03,226.82,794.95,0.0,0.0,0.0,0.0,0.0,0.0,1.76,0.0,2.75,0.0,14.57,5.59,714.2,0.0,2.06
256950330111020,254.29,28,10.57,234.16,9.57,234.41,173.0,243.45,0.0,0.0,0.0,0.0,0.0,0.0,2.75,0.0,6.55,0.0,10.03,3.44,673.88,0.0,1.27
256950336037725,813.11,28,7.66,793.74,11.7,657.4,219.43,799.39,0.0,0.0,0.0,0.0,0.0,0.0,1.91,0.0,3.05,0.0,11.46,3.67,717.83,0.0,2.02
256950343019506,235.67,28,11.08,207.63,16.96,0.0,177.53,216.44,0.0,0.0,0.0,0.0,0.0,0.0,2.81,0.0,7.13,0.0,11.78,3.49,681.28,0.0,2.27
256950348688623,238.17,28,7.69,221.6,8.88,218.03,180.99,226.96,0.0,0.0,0.0,0.0,0.0,0.0,1.73,0.0,2.75,0.0,10.85,3.48,680.12,0.0,2.33
256950354355538,801.87,28,17.05,773.05,11.77,650.8,285.86,788.07,0.0,0.0,0.0,0.0,0.0,0.0,4.99,0.0,8.78,0.0,14.26,7.17,697.47,0.0,2.03
256950361189245,257.61,28,7.19,233.93,16.49,0.0,177.16,238.89,0.0,0.0,0.0,0.0,0.0,0.0,1.9,0.0,2.89,0.0,8.54,3.47,682.44,0.0,2.17
256950366847555,273.22,28,11.05,253.96,8.21,255.28,176.74,263.45,0.0,0.0,0.0,0.0,0.0,0.0,3.17,0.0,7.67,0.0,8.02,3.54,685.35,0.0,1.57
256950373027893,251.44,28,7.36,227.8,16.28,0.0,173.72,232.8,0.0,0.0,0.0,0.0,0.0,0.0,1.83,0.0,3.03,0.0,8.93,3.51,675.45,0.0,2.26
256950379150471,861.13,28,11.46,763.12,86.54,726.5,266.36,772.17,0.0,0.0,0.0,0.0,0.0,0.0,2.66,0.0,6.39,0.0,33.99,3.81,708.46,0.0,2.42
256950385419740,319.51,28,7.2,293.84,18.47,0.0,183.49,298.85,0.0,0.0,0.0,0.0,0.0,0.0,1.93,0.0,2.89,0.0,8.42,3.41,703.45,0.0,2.19
256950391089847,797.78,28,11.48,649.27,137.03,0.0,379.8,659.38,0.0,0.0,0.0,0.0,0.0,0.0,2.92,0.0,7.28,0.0,165.43,3.65,725.48,0.0,1.36
256950398130468,236.45,28,6.75,221.41,8.29,219.04,178.1,226.96,0.0,0.0,0.0,0.0,0.0,0.0,1.78,0.0,2.8,0.0,19.05,3.54,669.2,0.0,1.2
256950403738329,244.84,28,11.33,224.09,9.42,224.92,176.26,232.98,0.0,0.0,0.0,0.0,0.0,0.0,2.62,0.0,7.15,0.0,17.27,3.68,665.36,0.0,2.44
256950409326171,326.61,28,6.17,311.91,8.53,292.41,176.96,300.79,0.0,0.0,0.0,0.0,0.0,0.0,1.72,0.0,2.87,0.0,8.25,3.53,675.68,0.0,1.56
256950414979807,241.97,28,33.95,191.05,16.96,0.0,179.93,223.37,0.0,0.0,0.0,0.0,0.0,0.0,27.16,0.0,30.99,0.0,46.86,27.19,682.73,0.0,1.64
256950420579621,310.8,28,32.42,269.91,8.48,292.29,183.17,300.69,0.0,0.0,0.0,0.0,0.0,0.0,1.73,0.0,28.84,0.0,20.48,3.58,678.58,0.0,1.63
256950426252331,257.05,28,14.2,234.04,8.81,235.27,178.98,243.5,0.0,0.0,0.0,0.0,0.0,0.0,2.78,0.0,6.74,0.0,15.49,3.51,669.88,0.0,4.74
256950431879351,332.79,28,8.51,307.54,16.74,0.0,178.8,313.75,0.0,0.0,0.0,0.0,0.0,0.0,1.87,0.0,3.18,0.0,9.89,3.84,663.67,0.0,2.3
256950438032010,255.03,28,11.07,233.42,10.53,233.77,187.72,242.8,0.0,0.0,0.0,0.0,0.0,0.0,2.64,0.0,6.99,0.0,14.74,3.5,687.85,0.0,1.7
256950443675527,266.51,28,6.73,241.01,18.77,0.0,175.5,246.22,0.0,0.0,0.0,0.0,0.0,0.0,1.46,0.0,2.55,0.0,11.16,3.44,674.62,0.0,1.52
256950449321227,320.66,28,9.52,300.49,10.64,300.39,172.81,308.72,0.0,0.0,0.0,0.0,0.0,0.0,2.24,0.0,5.77,0.0,14.38,3.54,665.01,0.0,1.3
256950454990719,263.01,28,10.14,236.09,16.78,0.0,174.66,242.23,0.0,0.0,0.0,0.0,0.0,0.0,1.93,0.0,3.35,0.0,18.84,3.58,640.41,0.0,3.91
256950461028427,865.29,28,10.79,713.52,140.98,0.0,215.88,721.55,0.0,0.0,0.0,0.0,0.0,0.0,1.67,0.0,2.97,0.0,19.57,5.24,673.98,0.0,2.58
256950467370956,665.88,28,8.47,646.45,10.96,645.78,278.77,653.44,0.0,0.0,0.0,0.0,0.0,0.0,1.86,0.0,2.84,0.0,62.18,5.03,758.32,0.0,1.35
256950473411262,257.95,28,10.63,227.26,20.05,0.0,189.6,235.8,0.0,0.0,0.0,0.0,0.0,0.0,2.66,0.0,6.64,0.0,13.29,3.53,705.6,0.0,1.96
256950479012459,908.64,28,6.98,766.8,134.87,0.0,238.82,771.92,0.0,0.0,0.0,0.0,0.0,0.0,1.68,0.0,2.73,0.0,9.18,3.49,743.41,0.0,1.86
256950486008076,786.69,28,10.72,764.43,11.55,641.18,274.31,773.02,0.0,0.0,0.0,0.0,0.0,0.0,2.64,0.0,6.7,0.0,9.39,3.51,693.87,0.0,2.13
256950492367423,310.31,28,7.67,287.03,15.61,0.0,183.01,292.13,0.0,0.0,0.0,0.0,0.0,0.0,1.49,0.0,2.65,0.0,17.67,3.48,681.18,0.0,2.57
256950498066286,864.83,28,13.02,759.4,92.41,654.55,256.28,770.97,0.0,0.0,0.0,0.0,0.0,0.0,2.91,0.0,8.52,0.0,16.73,4.89,723.61,0.0,1.22
256950504356737,679.42,28,6.6,663.15,9.67,659.76,238.08,667.87,0.0,0.0,0.0,0.0,0.0,0.0,1.69,0.0,2.72,0.0,8.54,3.65,723.43,0.0,1.89
256950511022947,258.05,28,9.5,231.2,17.35,0.0,174.51,239.59,0.0,0.0,0.0,0.0,0.0,0.0,2.74,0.0,6.89,0.0,10.04,3.45,677.89,0.0,1.11
256950517036122,830.85,28,12.18,666.55,152.13,0.0,246.77,676.74,0.0,0.0,0.0,0.0,0.0,0.0,1.79,0.0,2.76,0.0,76.09,8.36,724.33,0.0,1.98
256950523388014,808.78,28,13.54,783.07,12.17,650.38,213.01,793.33,0.0,0.0,0.0,0.0,0.0,0.0,2.55,0.0,7.29,0.0,12.96,5.19,683.55,0.0,3.27
256950530072443,329.24,28,6.55,303.91,18.79,300.9,183.31,309.29,0.0,0.0,0.0,0.0,0.0,0.0,2.2,0.0,3.25,0.0,15.29,3.47,676.91,0.0,1.17
256950535761842,249.6,28,9.82,230.43,9.34,222.38,178.93,238.12,0.0,0.0,0.0,0.0,0.0,0.0,2.64,0.0,6.56,0.0,7.75,3.36,674.52,0.0,2.13
256950541405051,717.62,28,9.18,697.8,10.65,637.81,220.45,704.87,0.0,0.0,0.0,0.0,0.0,0.0,1.78,0.0,2.76,0.0,11.67,5.2,708.75,0.0,2.11
256950548314644,254.33,28,11.91,226.11,16.31,0.0,188.54,235.71,0.0,0.0,0.0,0.0,0.0,0.0,2.84,0.0,7.52,0.0,20.14,3.58,704.58,0.0,2.31
256950553989967,315.27,28,10.81,288.36,16.1,0.0,184.35,297.63,0.0,0.0,0.0,0.0,0.0,0.0,5.56,0.0,6.68,0.0,13.75,3.57,684.43,0.0,1.54
256950560033999,317.38,28,11.76,288.87,16.75,0.0,177.95,298.16,0.0,0.0,0.0,0.0,0.0,0.0,2.39,0.0,6.59,0.0,20.44,3.62,659.15,0.0,2.47
256950566032342,320.1,28,7.3,295.71,17.08,0.0,182.36,300.95,0.0,0.0,0.0,0.0,0.0,0.0,2.08,0.0,3.09,0.0,18.11,3.42,655.7,0.0,2.07
256950571712215,446.48,28,10.93,421.56,14.0,302.61,179.61,429.85,0.0,0.0,0.0,0.0,0.0,0.0,2.31,0.0,5.93,0.0,14.08,3.51,664.37,0.0,2.63
256950578281363,734.8,28,7.43,709.11,18.26,0.0,238.35,713.71,0.0,0.0,0.0,0.0,0.0,0.0,1.5,0.0,2.48,0.0,18.41,3.56,709.29,0.0,2.74
256950584984712,283.77,28,10.22,241.73,31.82,236.74,174.79,249.61,0.0,0.0,0.0,0.0,0.0,0.0,2.65,0.0,5.98,0.0,9.47,3.65,663.17,0.0,2.34
256950590697293,453.57,28,64.52,379.3,9.75,432.79,185.69,441.79,0.0,0.0,0.0,0.0,0.0,0.0,2.85,0.0,61.55,0.0,15.14,3.7,718.03,0.0,2.02
256950596546974,254.66,28,18.11,227.52,9.02,235.53,181.35,243.93,0.0,0.0,0.0,0.0,0.0,0.0,2.56,0.0,14.77,0.0,15.53,3.57,682.69,0.0,1.7
256950602185355,317.84,28,7.66,300.67,9.51,298.08,180.54,306.07,0.0,0.0,0.0,0.0,0.0,0.0,1.75,0.0,2.91,0.0,10.74,3.57,692.46,0.0,2.25
256950607848368,244.6,28,9.38,226.06,9.17,225.78,172.5,234.21,0.0,0.0,0.0,0.0,0.0,0.0,2.73,0.0,6.85,0.0,9.36,3.48,664.29,0.0,1.22
256950613505761,320.33,28,7.42,303.87,9.04,301.24,180.25,308.78,0.0,0.0,0.0,0.0,0.0,0.0,1.57,0.0,2.58,0.0,15.15,4.04,686.56,0.0,2.51
256950619205162,253.06,28,11.09,225.86,16.1,0.0,181.62,234.94,0.0,0.0,0.0,0.0,0.0,0.0,2.78,0.0,6.04,0.0,19.3,3.54,670.24,0.0,2.02
256950624842600,313.08,28,6.99,297.27,8.82,294.17,177.38,302.3,0.0,0.0,0.0,0.0,0.0,0.0,1.62,0.0,2.58,0.0,7.97,3.46,689.96,0.0,1.96
256950630535726,570.74,28,12.39,548.94,9.41,550.45,262.4,558.86,0.0,0.0,0.0,0.0,0.0,0.0,2.93,0.0,7.66,0.0,27.0,3.47,731.82,0.0,2.48
256950636524699,559.2,28,6.8,536.75,15.65,0.0,236.1,541.77,0.0,0.0,0.0,0.0,0.0,0.0,1.62,0.0,2.73,0.0,39.1,3.58,707.53,0.0,1.78
256950643009704,796.71,28,12.86,772.59,11.26,657.13,242.21,783.16,0.0,0.0,0.0,0.0,0.0,0.0,3.12,0.0,7.21,0.0,26.83,5.02,707.46,0.0,2.29
256950649384497,665.09,28,8.87,638.76,17.46,0.0,220.13,644.35,0.0,0.0,0.0,0.0,0.0,0.0,1.58,0.0,2.55,0.0,12.3,3.5,678.61,0.0,3.28
256950655439586,269.49,28,14.7,246.14,8.65,246.99,183.08,254.95,0.0,0.0,0.0,0.0,0.0,0.0,2.7,0.0,6.64,0.0,18.5,3.47,684.11,0.0,5.89
256950661125196,251.55,28,9.18,232.47,9.9,231.79,181.07,239.06,0.0,0.0,0.0,0.0,0.0,0.0,1.84,0.0,3.03,0.0,17.62,3.55,667.33,0.0,2.59
256950667040137,265.69,28,9.98,238.44,17.26,0.0,174.06,246.79,0.0,0.0,0.0,0.0,0.0,0.0,2.38,0.0,6.02,0.0,11.26,3.58,674.5,0.0,1.64
256950672653601,313.68,28,7.55,290.06,16.07,0.0,184.59,295.4,0.0,0.0,0.0,0.0,0.0,0.0,1.65,0.0,2.97,0.0,9.56,3.61,697.89,0.0,2.21
256950678324433,316.43,28,6.0,299.72,10.71,296.52,186.23,304.48,0.0,0.0,0.0,0.0,0.0,0.0,1.52,0.0,2.67,0.0,12.35,3.45,689.88,0.0,1.24
256950684078499,329.77,28,6.45,313.2,10.12,309.71,186.41,318.21,0.0,0.0,0.0,0.0,0.0,0.0,1.61,0.0,2.62,0.0,18.01,3.48,687.6,0.0,1.45
256950689819750,502.55,28,10.33,480.07,12.15,304.74,204.32,488.31,0.0,0.0,0.0,0.0,0.0,0.0,2.92,0.0,6.14,0.0,8.51,3.47,718.64,0.0,2.08
256950696321791,316.92,28,6.37,291.48,19.07,0.0,183.55,296.38,0.0,0.0,0.0,0.0,0.0,0.0,1.61,0.0,2.59,0.0,9.44,3.47,693.97,0.0,1.47
256950701992685,801.42,28,14.54,768.37,18.51,654.44,258.06,781.27,0.0,0.0,0.0,0.0,0.0,0.0,4.99,0.0,10.62,0.0,28.99,4.16,737.6,0.0,1.65
256950708474142,319.95,28,5.73,296.83,17.39,0.0,173.02,300.85,0.0,0.0,0.0,0.0,0.0,0.0,1.48,0.0,2.45,0.0,9.23,3.6,670.56,0.0,1.68
256950714223489,321.53,28,10.24,301.99,9.31,301.35,183.86,310.87,0.0,0.0,0.0,0.0,0.0,0.0,2.59,0.0,7.03,0.0,14.47,3.55,678.27,0.0,1.35
256950720542397,580.03,28,7.56,489.1,83.37,485.94,232.97,495.15,0.0,0.0,0.0,0.0,0.0,0.0,1.83,0.0,2.83,0.0,10.98,4.86,714.16,0.0,1.51
256950726552268,327.18,28,8.6,308.94,9.64,307.54,171.61,315.93,0.0,0.0,0.0,0.0,0.0,0.0,2.43,0.0,5.51,0.0,8.26,3.5,663.43,0.0,1.61
256950732298254,253.45,28,6.77,236.68,10.0,232.52,193.62,242.25,0.0,0.0,0.0,0.0,0.0,0.0,1.78,0.0,2.88,0.0,22.22,3.46,669.36,0.0,1.2
256950737993121,829.22,28,16.89,795.22,17.1,681.46,256.3,810.67,0.0,0.0,0.0,0.0,0.0,0.0,7.02,0.0,11.95,0.0,11.57,4.73,685.1,0.0,1.45
256950744909932,861.23,28,23.77,733.92,103.54,642.89,241.25,742.77,0.0,0.0,0.0,0.0,0.0,0.0,2.04,0.0,3.26,0.0,18.35,8.3,727.53,0.0,14.67
256950751386138,663.67,28,68.39,585.8,9.49,644.36,176.54,652.83,0.0,0.0,0.0,0.0,0.0,0.0,61.53,0.0,64.95,0.0,16.49,4.44,647.9,0.0,1.36
256950757433303,264.27,28,22.51,223.51,18.26,0.0,182.77,243.51,0.0,0.0,0.0,0.0,0.0,0.0,2.11,0.0,10.05,0.0,24.89,12.54,666.36,0.0,2.5
256950763173471,831.49,28,23.69,797.97,9.83,646.24,268.78,804.23,0.0,0.0,0.0,0.0,0.0,0.0,1.72,0.0,3.21,0.0,23.67,3.57,712.36,0.0,16.91
256950769411740,324.37,28,7.64,307.39,9.33,304.13,183.17,312.66,0.0,0.0,0.0,0.0,0.0,0.0,1.6,0.0,2.76,0.0,9.94,3.46,687.1,0.0,2.37
256950775078031,314.43,28,6.89,297.93,9.61,285.37,180.61,293.01,0.0,0.0,0.0,0.0,0.0,0.0,1.77,0.0,3.41,0.0,11.73,3.47,671.14,0.0,1.23
256950780751915,384.15,28,12.41,362.22,9.53,364.63,238.22,373.15,0.0,0.0,0.0,0.0,0.0,0.0,1.67,0.0,2.65,0.0,28.71,8.28,687.12,0.0,1.47
256950786510263,588.27,28,10.33,561.49,16.45,0.0,235.09,569.45,0.0,0.0,0.0,0.0,0.0,0.0,2.18,0.0,5.49,0.0,14.14,3.52,703.24,0.0,2.37
256950792466068,261.48,28,7.17,237.55,16.76,0.0,175.25,242.87,0.0,0.0,0.0,0.0,0.0,0.0,1.62,0.0,2.62,0.0,10.4,3.51,661.06,0.0,1.85
256950798743555,951.32,28,12.95,844.34,94.03,677.39,170.75,855.71,0.0,0.0,0.0,0.0,0.0,0.0,3.73,0.0,9.45,0.0,14.67,3.62,635.85,0.0,1.58
256950806047152,254.47,28,6.71,238.49,9.27,236.19,186.37,243.83,0.0,0.0,0.0,0.0,0.0,0.0,1.86,0.0,2.97,0.0,23.82,3.64,685.07,0.0,1.36
256950811675237,437.4,28,17.21,400.25,19.94,0.0,254.12,414.53,0.0,0.0,0.0,0.0,0.0,0.0,4.3,0.0,10.96,0.0,14.11,4.24,716.96,0.0,2.93
256950818019105,1081.9,28,29.34,1041.67,10.89,845.07,250.02,1046.46,0.0,0.0,0.0,0.0,0.0,0.0,1.63,0.0,2.64,0.0,17.83,3.49,736.1,0.0,23.2
256950825255290,759.77,28,10.96,739.81,8.99,694.32,248.47,748.23,0.0,0.0,0.0,0.0,0.0,0.0,2.5,0.0,5.99,0.0,18.24,3.56,718.74,0.0,2.52
256950831415517,324.28,28,8.23,306.34,9.7,302.03,193.79,312.12,0.0,0.0,0.0,0.0,0.0,0.0,1.93,0.0,2.87,0.0,22.64,3.49,663.38,0.0,2.45
256950837127307,241.85,28,11.15,220.83,9.87,215.72,183.55,230.03,0.0,0.0,0.0,0.0,0.0,0.0,2.54,0.0,6.1,0.0,17.1,3.51,674.7,0.0,1.95
256950843035704,319.84,28,8.51,301.43,9.9,297.8,177.36,308.01,0.0,0.0,0.0,0.0,0.0,0.0,2.05,0.0,3.05,0.0,16.59,3.55,661.56,0.0,1.92
256950848733090,320.75,28,9.07,303.78,7.89,301.89,176.4,311.13,0.0,0.0,0.0,0.0,0.0,0.0,2.35,0.0,5.92,0.0,11.69,3.53,681.32,0.0,1.73
256950854362743,692.72,28,9.37,662.41,20.94,0.0,300.09,669.04,0.0,0.0,0.0,0.0,0.0,0.0,1.77,0.0,2.77,0.0,258.17,3.86,691.62,0.0,2.74
256950860406747,257.7,28,9.76,227.56,20.38,0.0,179.88,235.29,0.0,0.0,0.0,0.0,0.0,0.0,2.94,0.0,6.25,0.0,9.1,3.49,667.68,0.0,2.03
256950865977183,321.12,28,7.89,292.87,20.36,0.0,195.43,298.23,0.0,0.0,0.0,0.0,0.0,0.0,1.56,0.0,2.61,0.0,20.07,3.47,672.44,0.0,2.5
256950871641192,271.26,28,8.86,252.58,9.81,245.75,176.79,259.43,0.0,0.0,0.0,0.0,0.0,0.0,2.39,0.0,5.46,0.0,11.33,3.46,675.78,0.0,2.01
256950877341050,259.82,28,7.81,233.85,18.16,0.0,176.6,239.59,0.0,0.0,0.0,0.0,0.0,0.0,1.7,0.0,2.86,0.0,17.0,3.55,676.17,0.0,2.07
256950883024885,241.37,28,11.32,211.98,18.06,0.0,176.0,221.53,0.0,0.0,0.0,0.0,0.0,0.0,3.1,0.0,7.04,0.0,14.22,3.62,664.65,0.0,1.77
256950888649963,301.45,28,6.56,230.13,64.76,222.45,166.25,235.16,0.0,0.0,0.0,0.0,0.0,0.0,1.78,0.0,2.81,0.0,9.06,3.56,649.93,0.0,1.53
256950894301551,261.81,28,9.52,243.83,8.46,240.31,189.72,251.46,0.0,0.0,0.0,0.0,0.0,0.0,2.18,0.0,4.51,0.0,17.24,3.53,668.92,0.0,1.9
256950899906647,987.49,28,57.65,919.21,10.64,781.5,233.72,974.62,0.0,0.0,0.0,0.0,0.0,0.0,2.47,0.0,52.0,0.0,151.45,4.32,683.14,0.0,2.24
256950907010552,255.51,28,11.49,223.23,20.79,0.0,177.2,231.64,0.0,0.0,0.0,0.0,0.0,0.0,2.22,0.0,5.78,0.0,11.34,3.46,684.0,0.0,3.08
256950912585674,535.25,28,6.88,519.42,8.95,511.91,272.64,523.54,0.0,0.0,0.0,0.0,0.0,0.0,1.73,0.0,2.9,0.0,8.68,3.57,736.45,0.0,2.76
256950919212055,808.1,28,15.13,699.92,93.05,702.96,266.72,712.52,0.0,0.0,0.0,0.0,0.0,0.0,2.65,0.0,6.6,0.0,15.93,7.08,704.86,0.0,2.38
256950925402542,643.06,28,7.77,626.29,9.0,622.11,234.77,631.61,0.0,0.0,0.0,0.0,0.0,0.0,1.69,0.0,2.67,0.0,11.59,3.56,680.52,0.0,2.45
256950931399191,285.96,28,14.05,262.96,8.95,244.94,178.28,271.51,0.0,0.0,0.0,0.0,0.0,0.0,2.67,0.0,6.8,0.0,17.04,3.61,681.67,0.0,5.51
256950937096095,839.74,28,6.75,823.48,9.51,661.18,213.62,828.77,0.0,0.0,0.0,0.0,0.0,0.0,1.84,0.0,2.81,0.0,9.28,3.47,687.54,0.0,1.46
256950943373652,690.97,28,11.75,670.12,9.1,661.53,233.62,679.55,0.0,0.0,0.0,0.0,0.0,0.0,2.71,0.0,6.24,0.0,31.89,3.5,687.45,0.0,2.31
256950949473366,257.6,28,8.5,231.77,17.34,0.0,177.84,237.11,0.0,0.0,0.0,0.0,0.0,0.0,1.5,0.0,2.48,0.0,11.36,3.63,662.33,0.0,3.15
256950955966045,1193.98,28,14.57,1122.18,57.23,931.94,256.38,1135.44,0.0,0.0,0.0,0.0,0.0,0.0,3.33,0.0,7.47,0.0,31.85,9.08,722.41,0.0,1.31
256950963307739,255.41,28,11.23,226.1,18.07,0.0,183.1,231.78,0.0,0.0,0.0,0.0,0.0,0.0,1.77,0.0,2.86,0.0,14.37,3.62,680.72,0.0,5.49
256950968962935,815.11,28,12.42,792.72,9.96,663.28,221.84,802.48,0.0,0.0,0.0,0.0,0.0,0.0,3.58,0.0,8.59,0.0,10.84,4.08,682.54,0.0,2.67
256950976005830,324.32,28,25.8,288.51,10.01,301.83,203.24,311.7,0.0,0.0,0.0,0.0,0.0,0.0,1.64,0.0,2.73,0.0,29.3,23.32,683.18,0.0,2.62
256950981735342,786.69,28,15.99,759.76,10.94,649.78,244.79,773.07,0.0,0.0,0.0,0.0,0.0,0.0,4.38,0.0,10.71,0.0,14.99,3.51,720.84,0.0,2.69
256950988280017,734.43,28,8.53,683.85,42.05,0.0,263.05,690.3,0.0,0.0,0.0,0.0,0.0,0.0,1.61,0.0,2.71,0.0,9.33,4.82,702.03,0.0,2.08
256950994414019,627.05,28,10.12,606.95,9.99,608.79,219.09,615.86,0.0,0.0,0.0,0.0,0.0,0.0,2.91,0.0,7.8,0.0,10.87,3.51,685.9,0.0,1.2
256951000441777,323.83,28,9.71,305.65,8.48,300.96,185.5,312.06,0.0,0.0,0.0,0.0,0.0,0.0,1.84,0.0,2.84,0.0,17.49,3.57,683.86,0.0,3.3
256951006816139,910.14,28,12.29,653.29,244.55,0.0,276.4,664.12,0.0,0.0,0.0,0.0,0.0,0.0,2.58,0.0,7.63,0.0,23.52,4.73,719.59,0.0,1.47
256951013927324,881.38,28,9.83,781.05,90.49,662.38,245.25,788.41,0.0,0.0,0.0,0.0,0.0,0.0,1.6,0.0,2.9,0.0,19.58,5.18,723.52,0.0,2.47
256951020363874,678.2,28,12.36,655.62,10.21,655.13,220.81,666.1,0.0,0.0,0.0,0.0,0.0,0.0,2.36,0.0,6.28,0.0,14.1,5.84,685.83,0.0,1.89
256951026454608,621.02,28,7.69,595.41,17.92,0.0,240.28,601.13,0.0,0.0,0.0,0.0,0.0,0.0,1.73,0.0,2.83,0.0,18.32,3.68,712.18,0.0,1.97
256951032501355,320.29,28,10.19,287.73,22.37,0.0,172.43,295.51,0.0,0.0,0.0,0.0,0.0,0.0,2.47,0.0,6.29,0.0,8.54,3.42,661.74,0.0,2.41
256951038755783,759.43,28,9.11,661.24,89.08,541.74,193.85,667.75,0.0,0.0,0.0,0.0,0.0,0.0,1.79,0.0,2.94,0.0,24.42,3.57,672.23,0.0,2.6
256951046035599,247.35,28,10.87,228.03,8.45,222.94,179.18,236.72,0.0,0.0,0.0,0.0,0.0,0.0,2.28,0.0,5.61,0.0,13.61,3.51,675.56,0.0,2.18
256951052039359,321.36,28,7.64,305.36,8.36,300.92,195.13,311.04,0.0,0.0,0.0,0.0,0.0,0.0,1.99,0.0,3.08,0.0,39.45,3.51,657.52,0.0,1.89
256951057747307,383.0,28,13.31,359.84,9.84,359.8,229.79,370.58,0.0,0.0,0.0,0.0,0.0,0.0,3.38,0.0,7.87,0.0,28.59,4.53,669.84,0.0,2.57
256951064026148,314.31,28,6.78,290.61,16.92,0.0,177.38,295.76,0.0,0.0,0.0,0.0,0.0,0.0,1.77,0.0,3.12,0.0,12.39,3.51,676.22,0.0,1.63
256951070031155,282.24,28,10.41,261.64,10.19,260.39,176.65,270.31,0.0,0.0,0.0,0.0,0.0,0.0,2.52,0.0,7.16,0.0,10.99,3.46,664.16,0.0,1.75
256951075834913,267.86,28,6.45,242.96,18.45,0.0,176.38,247.19,0.0,0.0,0.0,0.0,0.0,0.0,1.69,0.0,2.67,0.0,8.38,3.43,680.01,0.0,2.21
256951081512849,579.23,28,7.73,562.97,8.53,560.63,208.3,568.77,0.0,0.0,0.0,0.0,0.0,0.0,1.96,0.0,3.64,0.0,10.31,3.66,669.84,0.0,1.93
256951088016518,257.69,28,7.49,232.98,17.22,0.0,175.05,238.33,0.0,0.0,0.0,0.0,0.0,0.0,1.87,0.0,2.96,0.0,10.15,3.54,677.61,0.0,2.14
256951093720500,260.32,28,31.4,219.84,9.08,240.5,181.88,249.83,0.0,0.0,0.0,0.0,0.0,0.0,2.12,0.0,28.18,0.0,15.4,3.42,684.56,0.0,1.41
256951099357372,675.54,28,13.08,646.46,15.99,0.0,234.62,657.94,0.0,0.0,0.0,0.0,0.0,0.0,3.46,0.0,5.19,0.0,17.96,6.64,717.67,0.0,1.61
256951105479047,579.51,28,16.75,553.08,9.69,559.73,247.14,567.33,0.0,0.0,0.0,0.0,0.0,0.0,6.66,0.0,11.41,0.0,31.17,3.74,670.84,0.0,2.49
256951111446065,254.27,28,6.37,231.48,16.43,0.0,178.73,236.33,0.0,0.0,0.0,0.0,0.0,0.0,1.67,0.0,2.91,0.0,8.49,3.37,686.68,0.0,1.51
256951117086336,228.72,28,10.86,209.7,8.16,211.24,185.16,219.27,0.0,0.0,0.0,0.0,0.0,0.0,2.85,0.0,6.91,0.0,17.43,3.63,666.19,0.0,1.29
256951122701190,411.33,28,7.46,387.29,16.58,0.0,232.15,393.16,0.0,0.0,0.0,0.0,0.0,0.0,1.69,0.0,2.65,0.0,11.63,3.53,729.52,0.0,1.59
256951128500568,583.89,28,13.38,561.23,9.28,563.0,288.25,572.17,0.0,0.0,0.0,0.0,0.0,0.0,3.98,0.0,8.78,0.0,24.47,3.55,755.48,0.0,2.43
256951134496244,566.33,28,7.28,540.42,18.63,0.0,235.76,545.59,0.0,0.0,0.0,0.0,0.0,0.0,1.82,0.0,2.82,0.0,9.46,3.49,697.8,0.0,2.12
256951141005339,314.33,28,9.31,286.31,18.71,0.0,177.68,293.32,0.0,0.0,0.0,0.0,0.0,0.0,2.57,0.0,6.17,0.0,12.06,3.5,673.34,0.0,2.26
256951146757657,270.71,28,8.08,254.4,8.23,235.5,176.49,260.22,0.0,0.0,0.0,0.0,0.0,0.0,1.64,0.0,2.63,0.0,11.6,3.66,664.13,0.0,2.25
256951152442225,622.17,28,12.45,601.03,8.68,597.11,240.17,607.6,0.0,0.0,0.0,0.0,0.0,0.0,1.65,0.0,2.76,0.0,23.66,4.57,708.39,0.0,5.89
256951159014947,890.98,28,10.6,649.71,230.66,0.0,239.56,658.12,0.0,0.0,0.0,0.0,0.0,0.0,1.78,0.0,2.92,0.0,19.19,9.52,712.3,0.0,2.2
256951166227453,788.37,28,11.35,681.87,95.16,0.0,252.23,691.12,0.0,0.0,0.0,0.0,0.0,0.0,2.72,0.0,6.93,0.0,23.06,4.07,688.09,0.0,2.1
256951172438532,233.15,28,7.44,207.98,17.73,0.0,178.78,213.19,0.0,0.0,0.0,0.0,0.0,0.0,1.85,0.0,2.83,0.0,12.23,3.55,688.13,0.0,2.23
256951178052234,867.87,28,11.49,845.01,11.37,740.82,262.43,855.23,0.0,0.0,0.0,0.0,0.0,0.0,2.62,0.0,6.46,0.0,12.74,5.79,712.3,0.0,1.26
256951184373413,323.57,28,8.84,296.93,17.8,0.0,189.01,303.29,0.0,0.0,0.0,0.0,0.0,0.0,1.9,0.0,2.86,0.0,17.92,3.5,687.67,0.0,2.48
256951190070046,237.8,28,8.9,210.92,17.98,0.0,180.76,218.55,0.0,0.0,0.0,0.0,0.0,0.0,1.96,0.0,5.67,0.0,19.0,3.49,662.72,0.0,1.27
256951195668156,240.06,28,6.65,216.53,16.89,0.0,175.06,221.59,0.0,0.0,0.0,0.0,0.0,0.0,1.71,0.0,2.71,0.0,9.5,3.43,676.94,0.0,1.58
256951201962655,839.73,28,14.79,771.87,53.07,653.43,265.51,784.73,0.0,0.0,0.0,0.0,0.0,0.0,4.42,0.0,9.56,0.0,11.15,5.37,672.55,0.0,1.93
256951208909322,878.92,28,13.41,773.17,92.35,652.43,246.14,780.32,0.0,0.0,0.0,0.0,0.0,0.0,1.97,0.0,3.37,0.0,17.32,4.54,678.1,0.0,6.26
256951215355022,254.08,28,12.05,225.11,16.92,0.0,170.26,234.93,0.0,0.0,0.0,0.0,0.0,0.0,2.65,0.0,6.83,0.0,12.94,3.47,658.19,0.0,2.22
256951221041225,263.94,28,6.92,239.17,17.85,0.0,178.29,244.16,0.0,0.0,0.0,0.0,0.0,0.0,1.93,0.0,3.02,0.0,10.59,3.46,661.48,0.0,1.91
256951227032337,344.2,28,10.15,322.1,11.94,235.49,176.51,330.29,0.0,0.0,0.0,0.0,0.0,0.0,2.34,0.0,6.04,0.0,8.23,3.44,683.05,0.0,1.96
256951232770048,260.71,28,7.96,242.65,10.1,239.66,177.86,248.62,0.0,0.0,0.0,0.0,0.0,0.0,1.89,0.0,2.98,0.0,14.03,3.47,675.62,0.0,1.99
256951238928757,946.68,28,13.44,852.34,80.91,689.59,243.41,863.72,0.0,0.0,0.0,0.0,0.0,0.0,3.25,0.0,8.81,0.0,19.95,5.87,689.74,0.0,2.06
256951245987337,830.0,28,9.13,793.72,27.16,652.51,228.05,800.69,0.0,0.0,0.0,0.0,0.0,0.0,1.89,0.0,3.44,0.0,12.39,5.96,720.89,0.0,2.15
256951252407071,646.06,28,10.45,627.55,8.07,628.6,241.0,636.32,0.0,0.0,0.0,0.0,0.0,0.0,2.75,0.0,6.98,0.0,15.58,3.54,684.84,0.0,1.67
256951258417637,622.82,28,7.0,600.09,15.73,0.0,216.8,605.84,0.0,0.0,0.0,0.0,0.0,0.0,1.99,0.0,3.49,0.0,8.95,3.64,692.35,0.0,1.26
256951264471426,242.17,28,9.94,223.58,8.66,223.07,177.33,231.08,0.0,0.0,0.0,0.0,0.0,0.0,2.45,0.0,5.58,0.0,10.91,3.43,653.52,0.0,2.43
256951270066044,987.07,28,7.21,967.94,11.91,670.43,254.3,974.0,0.0,0.0,0.0,0.0,0.0,0.0,1.79,0.0,2.8,0.0,28.77,3.63,720.66,0.0,1.16
256951277283890,276.5,28,9.35,258.94,8.22,258.26,184.17,266.37,0.0,0.0,0.0,0.0,0.0,0.0,2.21,0.0,5.61,0.0,14.35,3.52,684.47,0.0,1.92
256951282892893,270.35,28,12.06,240.36,17.93,0.0,190.42,246.53,0.0,0.0,0.0,0.0,0.0,0.0,1.69,0.0,2.68,0.0,21.62,3.55,665.13,0.0,5.89
256951288519067,267.67,28,9.9,248.42,9.35,246.69,176.63,256.16,0.0,0.0,0.0,0.0,0.0,0.0,2.43,0.0,5.57,0.0,11.03,3.49,666.79,0.0,2.16
256951294765353,891.46,28,8.06,801.67,81.73,659.6,185.23,808.25,0.0,0.0,0.0,0.0,0.0,0.0,1.69,0.0,2.79,0.0,15.93,4.58,656.45,0.0,1.48
256951301889676,397.72,28,9.92,304.28,83.52,299.79,190.25,311.74,0.0,0.0,0.0,0.0,0.0,0.0,2.71,0.0,5.75,0.0,29.32,3.47,668.17,0.0,2.36
256951307631466,332.26,28,7.55,305.91,18.8,0.0,172.16,310.96,0.0,0.0,0.0,0.0,0.0,0.0,1.64,0.0,2.62,0.0,8.54,3.44,648.53,0.0,2.38
256951313949204,1002.62,28,8.85,927.88,65.89,723.64,222.19,934.0,0.0,0.0,0.0,0.0,0.0,0.0,1.81,0.0,3.15,0.0,12.36,3.53,723.62,0.0,2.73
256951320360657,677.81,28,8.33,660.36,9.12,655.34,219.35,666.4,0.0,0.0,0.0,0.0,0.0,0.0,1.74,0.0,2.86,0.0,17.54,3.73,707.64,0.0,2.29
256951327006535,834.37,28,11.37,812.4,10.6,679.72,255.94,821.36,0.0,0.0,0.0,0.0,0.0,0.0,2.87,0.0,6.63,0.0,14.29,3.48,724.45,0.0,2.41
256951333402818,650.85,28,12.69,620.85,17.32,0.0,247.4,625.93,0.0,0.0,0.0,0.0,0.0,0.0,1.7,0.0,2.69,0.0,24.14,4.17,701.7,0.0,7.25
256951340030233,237.49,28,11.91,216.96,8.62,218.1,178.23,226.2,0.0,0.0,0.0,0.0,0.0,0.0,2.55,0.0,6.37,0.0,11.87,3.54,677.87,0.0,2.67
256951345707284,251.1,28,7.5,227.2,16.39,0.0,187.31,232.41,0.0,0.0,0.0,0.0,0.0,0.0,1.8,0.0,2.89,0.0,13.52,3.54,668.54,0.0,2.3
256951352011953,272.86,28,9.59,253.81,9.47,251.73,190.24,261.36,0.0,0.0,0.0,0.0,0.0,0.0,2.24,0.0,5.52,0.0,29.27,3.71,666.27,0.0,2.04
256951358029233,796.98,28,8.4,775.06,13.52,648.42,228.25,780.9,0.0,0.0,0.0,0.0,0.0,0.0,1.73,0.0,2.84,0.0,15.23,3.57,711.02,0.0,2.56
256951364348307,322.98,28,11.36,301.69,9.93,297.83,184.27,310.57,0.0,0.0,0.0,0.0,0.0,0.0,2.59,0.0,5.89,0.0,19.55,3.57,657.73,0.0,2.48
256951370085208,248.81,28,6.35,226.97,15.5,0.0,183.2,231.93,0.0,0.0,0.0,0.0,0.0,0.0,1.72,0.0,2.81,0.0,9.09,3.45,696.68,0.0,1.39
256951375750302,417.93,28,14.48,385.91,17.54,0.0,235.34,398.57,0.0,0.0,0.0,0.0,0.0,0.0,3.95,0.0,8.37,0.0,21.77,6.71,672.67,0.0,1.82
256951381520187,250.41,28,16.26,224.92,9.23,231.14,189.62,239.59,0.0,0.0,0.0,0.0,0.0,0.0,1.5,0.0,2.49,0.0,20.19,14.87,696.22,0.0,1.59
256951387827991,334.57,28,10.97,230.92,92.69,0.0,188.72,239.92,0.0,0.0,0.0,0.0,0.0,0.0,2.45,0.0,7.02,0.0,10.5,3.61,641.79,0.0,1.96
256951394030732,321.59,28,7.24,296.57,17.78,0.0,171.37,302.13,0.0,0.0,0.0,0.0,0.0,0.0,1.89,0.0,3.0,0.0,12.32,3.52,653.22,0.0,1.68
256951399786538,350.56,28,13.52,328.73,8.32,326.51,237.79,339.85,0.0,0.0,0.0,0.0,0.0,0.0,4.0,0.0,7.19,0.0,91.43,4.55,670.34,0.0,2.4
256951405504965,241.22,28,7.23,225.29,8.7,220.88,180.09,230.6,0.0,0.0,0.0,0.0,0.0,0.0,1.66,0.0,2.77,0.0,16.94,3.56,669.91,0.0,1.82
256951411124191,248.66,28,9.47,230.92,8.27,230.36,173.05,239.06,0.0,0.0,0.0,0.0,0.0,0.0,2.73,0.0,6.68,0.0,9.14,3.57,681.04,0.0,1.33
256951417044293,330.52,28,16.8,304.75,8.97,311.06,181.63,320.12,0.0,0.0,0.0,0.0,0.0,0.0,10.62,0.0,11.8,0.0,26.43,3.56,672.89,0.0,1.43
256951422797899,272.07,28,10.64,253.73,7.7,253.6,170.2,262.3,0.0,0.0,0.0,0.0,0.0,0.0,2.73,0.0,6.61,0.0,8.44,3.41,666.6,0.0,2.07
256951429030597,333.88,28,7.95,306.16,19.76,0.0,176.6,312.03,0.0,0.0,0.0,0.0,0.0,0.0,2.14,0.0,3.17,0.0,14.36,3.47,661.41,0.0,2.08
256951434812319,330.49,28,13.73,306.73,10.04,307.71,193.74,316.43,0.0,0.0,0.0,0.0,0.0,0.0,2.61,0.0,7.01,0.0,11.56,3.93,628.99,0.0,4.02
256951440510378,322.72,28,7.04,306.61,9.06,303.13,188.77,311.96,0.0,0.0,0.0,0.0,0.0,0.0,1.72,0.0,2.71,0.0,8.75,3.5,679.92,0.0,1.69
256951446249275,764.57,28,12.05,743.72,8.79,704.56,237.01,750.33,0.0,0.0,0.0,0.0,0.0,0.0,2.07,0.0,3.16,0.0,13.61,3.99,707.67,0.0,5.45
256951452414519,249.85,28,8.42,231.92,9.52,227.67,180.16,237.12,0.0,0.0,0.0,0.0,0.0,0.0,1.64,0.0,2.61,0.0,11.41,3.52,682.0,0.0,3.22
256951458035994,240.89,28,10.22,212.85,17.82,0.0,184.55,221.67,0.0,0.0,0.0,0.0,0.0,0.0,2.76,0.0,6.94,0.0,16.12,3.65,677.96,0.0,1.41
256951463636252,259.04,28,7.55,232.76,18.73,0.0,181.43,238.32,0.0,0.0,0.0,0.0,0.0,0.0,1.61,0.0,2.63,0.0,11.47,3.62,679.47,0.0,1.99
256951469859279,383.95,28,74.88,226.28,82.8,289.64,241.96,298.41,0.0,0.0,0.0,0.0,0.0,0.0,2.85,0.0,7.6,0.0,73.3,66.31,659.8,0.0,2.74
256951475640200,238.51,28,7.33,222.71,8.47,219.63,184.43,227.75,0.0,0.0,0.0,0.0,0.0,0.0,1.75,0.0,2.71,0.0,8.01,3.45,670.0,0.0,2.29
256951481282809,254.19,28,7.97,230.56,15.66,0.0,194.47,236.5,0.0,0.0,0.0,0.0,0.0,0.0,1.75,0.0,3.15,0.0,15.39,3.54,701.56,0.0,2.03
256951486984438,295.7,28,18.24,268.3,9.17,265.92,188.46,274.15,0.0,0.0,0.0,0.0,0.0,0.0,1.67,0.0,3.05,0.0,21.49,3.55,682.86,0.0,12.38
256951493028513,264.62,28,10.56,244.72,9.35,242.13,172.8,252.89,0.0,0.0,0.0,0.0,0.0,0.0,2.58,0.0,6.34,0.0,11.95,3.66,662.23,0.0,2.39
256951499033793,280.64,28,6.56,251.12,22.96,243.19,163.86,256.1,0.0,0.0,0.0,0.0,0.0,0.0,1.62,0.0,2.66,0.0,8.93,3.55,642.45,0.0,1.58
256951505034342,257.88,28,21.55,217.33,18.99,0.0,182.03,236.7,0.0,0.0,0.0,0.0,0.0,0.0,2.38,0.0,6.04,0.0,33.16,15.32,672.26,0.0,2.18
256951510693512,347.42,28,7.99,322.28,17.14,0.0,183.29,327.61,0.0,0.0,0.0,0.0,0.0,0.0,1.53,0.0,2.52,0.0,11.52,3.54,673.58,0.0,2.67
256951516430224,619.87,28,8.71,601.31,9.85,598.4,248.44,608.38,0.0,0.0,0.0,0.0,0.0,0.0,2.29,0.0,5.92,0.0,8.08,3.49,687.8,0.0,1.64
256951522471169,299.81,28,7.94,270.95,20.93,0.0,182.42,276.61,0.0,0.0,0.0,0.0,0.0,0.0,1.58,0.0,2.64,0.0,20.67,3.54,670.53,0.0,2.27
256951528650535,950.03,28,9.68,725.19,215.16,0.0,239.06,733.24,0.0,0.0,0.0,0.0,0.0,0.0,2.38,0.0,5.73,0.0,11.4,3.51,745.38,0.0,1.64
256951535846212,319.0,28,7.05,303.42,8.53,299.96,177.73,308.69,0.0,0.0,0.0,0.0,0.0,0.0,1.75,0.0,3.03,0.0,10.44,3.6,691.31,0.0,1.78
256951541544591,240.75,28,10.21,212.1,18.44,0.0,170.64,220.42,0.0,0.0,0.0,0.0,0.0,0.0,2.5,0.0,5.92,0.0,8.3,3.47,656.16,0.0,1.89
256951547137303,869.19,28,6.92,690.65,171.62,0.0,239.56,695.67,0.0,0.0,0.0,0.0,0.0,0.0,1.81,0.0,3.0,0.0,8.75,3.43,762.33,0.0,1.9
256951553956402,870.82,28,20.33,791.69,58.8,677.31,277.27,809.19,0.0,0.0,0.0,0.0,0.0,0.0,6.49,0.0,12.44,0.0,13.61,6.29,687.84,0.0,2.83
256951560433948,623.66,28,8.54,597.25,17.88,0.0,234.56,602.88,0.0,0.0,0.0,0.0,0.0,0.0,1.79,0.0,2.79,0.0,10.16,4.23,697.98,0.0,2.91
256951566443504,610.28,28,12.58,577.78,19.92,0.0,231.63,588.12,0.0,0.0,0.0,0.0,0.0,0.0,3.05,0.0,7.82,0.0,18.65,3.54,680.5,0.0,2.25
256951572530832,267.64,28,11.11,246.95,9.57,244.2,196.47,252.51,0.0,0.0,0.0,0.0,0.0,0.0,1.63,0.0,2.71,0.0,22.17,3.56,689.5,0.0,5.55
256951578746729,448.56,28,56.29,298.25,94.03,345.0,217.82,352.53,0.0,0.0,0.0,0.0,0.0,0.0,2.25,0.0,52.47,0.0,10.31,4.21,670.07,0.0,2.0
256951584638346,462.43,28,41.96,404.45,16.02,0.0,281.9,444.57,0.0,0.0,0.0,0.0,0.0,0.0,36.98,0.0,38.34,0.0,19.3,4.59,742.19,0.0,1.83
256951591010444,868.45,28,67.75,633.17,167.54,0.0,178.4,698.76,0.0,0.0,0.0,0.0,0.0,0.0,5.1,0.0,62.84,0.0,24.58,5.45,685.58,0.0,2.15
256951597352114,695.64,28,201.82,473.9,19.92,0.0,234.93,657.4,0.0,0.0,0.0,0.0,0.0,0.0,2.79,0.0,180.96,0.0,17.64,5.62,658.1,0.0,17.88
256951603416576,649.08,28,51.41,588.74,8.93,626.9,235.89,638.08,0.0,0.0,0.0,0.0,0.0,0.0,40.1,0.0,46.26,0.0,19.98,4.44,691.35,0.0,2.07
256951610012325,308.44,28,8.01,282.64,17.8,0.0,193.82,288.21,0.0,0.0,0.0,0.0,0.0,0.0,1.65,0.0,2.85,0.0,15.8,3.48,683.87,0.0,2.43
256951615718205,248.02,28,10.91,221.31,15.8,0.0,174.83,230.33,0.0,0.0,0.0,0.0,0.0,0.0,2.88,0.0,7.18,0.0,15.31,3.53,659.77,0.0,1.9
256951621962628,900.02,28,8.71,837.2,54.1,702.45,233.87,843.54,0.0,0.0,0.0,0.0,0.0,0.0,1.72,0.0,3.02,0.0,9.11,4.1,745.46,0.0,2.37
256951628362346,271.32,28,11.1,251.07,9.15,249.79,184.44,259.54,0.0,0.0,0.0,0.0,0.0,0.0,2.77,0.0,6.3,0.0,17.5,3.48,664.81,0.0,2.63
256951634012996,317.61,28,7.6,301.07,8.94,297.54,181.18,307.26,0.0,0.0,0.0,0.0,0.0,0.0,1.87,0.0,2.93,0.0,12.96,3.53,671.86,0.0,1.42
256951640030263,303.96,28,48.16,246.68,9.13,247.57,183.71,256.81,0.0,0.0,0.0,0.0,0.0,0.0,2.89,0.0,7.25,0.0,25.02,3.66,669.45,0.0,38.03
256951646029883,359.89,28,6.35,342.9,10.65,337.3,170.39,347.45,0.0,0.0,0.0,0.0,0.0,0.0,1.84,0.0,2.92,0.0,8.66,3.51,657.9,0.0,1.79
256951651820449,515.75,28,10.51,495.86,9.38,366.1,170.94,504.29,0.0,0.0,0.0,0.0,0.0,0.0,2.46,0.0,6.55,0.0,8.59,3.52,678.36,0.0,2.08
256951658356439,252.79,28,7.87,227.85,17.08,0.0,184.14,233.63,0.0,0.0,0.0,0.0,0.0,0.0,1.86,0.0,2.96,0.0,13.13,3.56,660.36,0.0,2.09
256951664029264,312.89,28,10.09,286.51,16.28,0.0,184.08,295.29,0.0,0.0,0.0,0.0,0.0,0.0,2.76,0.0,6.11,0.0,18.66,3.59,668.59,0.0,1.16
256951670082795,813.7,28,6.63,795.43,11.65,669.13,237.27,800.79,0.0,0.0,0.0,0.0,0.0,0.0,1.67,0.0,2.6,0.0,17.27,3.49,674.81,0.0,1.27
256951676353576,259.29,28,8.71,241.27,9.31,227.95,177.27,248.1,0.0,0.0,0.0,0.0,0.0,0.0,2.44,0.0,5.56,0.0,7.75,3.42,672.21,0.0,1.88
256951681959820,319.0,28,9.58,288.38,21.04,0.0,173.42,295.32,0.0,0.0,0.0,0.0,0.0,0.0,2.89,0.0,3.92,0.0,9.09,4.5,637.33,0.0,2.64
256951687665202,438.53,28,14.41,414.09,10.02,416.71,262.15,426.2,0.0,0.0,0.0,0.0,0.0,0.0,5.47,0.0,9.91,0.0,24.08,3.69,713.85,0.0,2.31
256951694003897,252.7,28,7.79,236.73,8.17,233.48,178.77,242.18,0.0,0.0,0.0,0.0,0.0,0.0,1.74,0.0,2.86,0.0,11.36,3.57,677.06,0.0,2.34
256951699661189,294.15,28,11.15,274.56,8.44,273.3,177.04,283.25,0.0,0.0,0.0,0.0,0.0,0.0,2.55,0.0,6.81,0.0,12.83,3.53,691.77,0.0,2.47
256951705334382,679.98,28,9.47,661.58,8.92,654.32,238.28,669.05,0.0,0.0,0.0,0.0,0.0,0.0,1.77,0.0,2.86,0.0,21.65,5.4,694.33,0.0,2.01
256951711457081,627.21,28,16.67,601.01,9.53,607.02,258.08,615.15,0.0,0.0,0.0,0.0,0.0,0.0,4.03,0.0,10.56,0.0,12.99,4.21,717.28,0.0,2.53
256951718006467,250.23,28,6.64,234.1,9.49,229.8,177.85,238.73,0.0,0.0,0.0,0.0,0.0,0.0,1.65,0.0,2.67,0.0,8.67,3.44,672.04,0.0,2.01
256951723633284,258.03,28,10.67,231.63,15.72,0.0,178.99,240.87,0.0,0.0,0.0,0.0,0.0,0.0,2.51,0.0,6.31,0.0,9.75,3.5,673.55,0.0,1.44
256951729898942,422.96,28,7.6,319.62,95.73,311.79,185.7,324.89,0.0,0.0,0.0,0.0,0.0,0.0,1.83,0.0,2.83,0.0,25.03,3.57,678.0,0.0,2.23
256951736035968,247.16,28,11.28,217.41,18.48,0.0,181.16,226.74,0.0,0.0,0.0,0.0,0.0,0.0,2.81,0.0,6.2,0.0,16.86,3.54,663.55,0.0,1.94
256951741674640,332.75,28,6.91,316.55,9.28,308.39,185.28,321.59,0.0,0.0,0.0,0.0,0.0,0.0,1.72,0.0,2.83,0.0,9.43,3.51,674.59,0.0,1.88
256951747409017,247.28,28,10.44,213.52,23.32,0.0,180.26,221.81,0.0,0.0,0.0,0.0,0.0,0.0,2.19,0.0,6.47,0.0,11.88,3.47,682.9,0.0,2.15
256951753064518,318.27,28,7.1,294.32,16.85,0.0,184.31,299.95,0.0,0.0,0.0,0.0,0.0,0.0,1.98,0.0,2.96,0.0,9.44,3.46,687.55,0.0,1.41
256951758835084,327.63,28,11.09,297.86,18.69,0.0,174.4,306.92,0.0,0.0,0.0,0.0,0.0,0.0,2.64,0.0,7.23,0.0,11.24,3.51,664.47,0.0,2.02
256951764508429,590.26,28,9.76,562.31,18.2,0.0,239.69,568.5,0.0,0.0,0.0,0.0,0.0,0.0,1.56,0.0,2.52,0.0,63.59,4.63,734.79,0.0,3.57
256951771034477,941.44,28,11.09,916.22,14.14,705.91,230.56,925.23,0.0,0.0,0.0,0.0,0.0,0.0,2.77,0.0,6.54,0.0,14.11,4.12,693.37,0.0,2.07
256951778834117,351.84,28,7.12,246.81,97.91,0.0,181.97,251.25,0.0,0.0,0.0,0.0,0.0,0.0,1.77,0.0,2.79,0.0,10.06,3.51,685.8,0.0,2.68
256951784620547,314.62,28,16.65,288.82,9.16,294.8,180.63,303.01,0.0,0.0,0.0,0.0,0.0,0.0,2.46,0.0,12.46,0.0,16.64,3.5,689.45,0.0,2.46
256951790890913,396.28,28,9.3,294.94,92.04,0.0,167.81,301.43,0.0,0.0,0.0,0.0,0.0,0.0,1.81,0.0,3.08,0.0,18.2,4.38,637.3,0.0,2.8
256951797032313,272.17,28,18.8,242.6,10.77,247.4,180.03,259.51,0.0,0.0,0.0,0.0,0.0,0.0,10.76,0.0,15.62,0.0,15.92,3.61,674.79,0.0,1.89
256951802719402,254.76,28,7.85,237.03,9.88,232.48,180.78,242.31,0.0,0.0,0.0,0.0,0.0,0.0,1.87,0.0,3.1,0.0,8.65,3.44,670.69,0.0,2.57
256951808973984,874.76,28,31.06,652.09,191.61,0.0,288.1,658.47,0.0,0.0,0.0,0.0,0.0,0.0,2.51,0.0,3.79,0.0,34.65,3.49,740.34,0.0,24.41
256951815337709,715.26,28,189.1,502.55,23.61,0.0,417.78,689.14,0.0,0.0,0.0,0.0,0.0,0.0,1.97,0.0,3.18,0.0,194.84,185.88,710.77,0.0,2.51
256951821377857,239.47,28,9.53,221.45,8.5,216.57,181.12,228.98,0.0,0.0,0.0,0.0,0.0,0.0,2.32,0.0,5.99,0.0,12.78,3.49,678.92,0.0,1.99
256951827046158,245.78,28,6.52,222.02,17.24,0.0,174.39,227.07,0.0,0.0,0.0,0.0,0.0,0.0,1.81,0.0,2.87,0.0,9.25,3.45,676.06,0.0,1.47
256951832748842,422.89,28,20.52,393.18,9.18,388.68,234.33,400.7,0.0,0.0,0.0,0.0,0.0,0.0,2.65,0.0,3.87,0.0,37.77,3.83,698.14,0.0,12.83
256951838611920,310.65,28,6.38,295.8,8.47,291.87,184.44,300.18,0.0,0.0,0.0,0.0,0.0,0.0,1.65,0.0,2.64,0.0,7.9,3.49,681.91,0.0,2.0
256951844348447,254.59,28,10.33,235.19,9.06,235.2,177.25,243.45,0.0,0.0,0.0,0.0,0.0,0.0,3.07,0.0,7.33,0.0,11.4,3.46,659.23,0.0,2.07
256951850013391,273.57,28,7.52,250.17,15.89,0.0,200.53,255.92,0.0,0.0,0.0,0.0,0.0,0.0,1.91,0.0,3.07,0.0,44.3,3.56,669.27,0.0,1.76
256951856032527,811.05,28,13.56,636.64,160.85,0.0,233.82,647.7,0.0,0.0,0.0,0.0,0.0,0.0,2.9,0.0,7.31,0.0,31.93,4.5,692.25,0.0,2.5
256951862411449,632.69,28,8.31,606.87,17.51,0.0,252.59,612.45,0.0,0.0,0.0,0.0,0.0,0.0,1.95,0.0,3.0,0.0,15.11,3.52,708.32,0.0,2.73
256951868439222,338.54,28,10.21,319.11,9.22,300.19,175.74,327.2,0.0,0.0,0.0,0.0,0.0,0.0,2.63,0.0,6.47,0.0,16.39,3.49,651.72,0.0,1.9
256951874179644,325.32,28,8.01,307.54,9.77,304.54,184.12,312.9,0.0,0.0,0.0,0.0,0.0,0.0,1.89,0.0,3.03,0.0,23.55,3.49,693.08,0.0,2.65
256951879908278,270.49,28,8.67,252.56,9.26,210.4,181.64,258.26,0.0,0.0,0.0,0.0,0.0,0.0,1.71,0.0,3.0,0.0,9.66,3.46,678.38,0.0,2.97
256951886024945,810.83,28,9.22,791.39,10.22,673.28,244.86,798.26,0.0,0.0,0.0,0.0,0.0,0.0,1.72,0.0,2.74,0.0,11.58,5.83,719.18,0.0,2.34
256951893110024,237.79,28,11.0,216.41,10.38,215.61,177.13,225.97,0.0,0.0,0.0,0.0,0.0,0.0,2.74,0.0,6.77,0.0,15.52,3.94,679.63,0.0,1.43
256951898758439,447.85,28,7.42,431.19,9.25,422.83,232.74,436.7,0.0,0.0,0.0,0.0,0.0,0.0,1.79,0.0,2.89,0.0,26.25,3.48,651.51,0.0,1.91
256951905028977,272.47,28,10.28,244.34,17.86,0.0,178.72,252.52,0.0,0.0,0.0,0.0,0.0,0.0,2.31,0.0,5.86,0.0,13.32,3.54,679.76,0.0,2.09
256951910696991,430.15,28,8.22,402.3,19.63,0.0,210.75,408.37,0.0,0.0,0.0,0.0,0.0,0.0,2.06,0.0,3.42,0.0,19.13,3.62,723.37,0.0,2.15
256951916589255,497.33,28,11.73,467.74,17.86,0.0,226.39,477.42,0.0,0.0,0.0,0.0,0.0,0.0,3.17,0.0,6.42,0.0,29.03,3.52,667.82,0.0,2.04
256951922558174,281.27,28,8.27,256.08,16.93,0.0,183.5,262.24,0.0,0.0,0.0,0.0,0.0,0.0,1.62,0.0,2.6,0.0,27.71,3.57,660.35,0.0,2.1
256951928304194,251.36,28,10.23,224.68,16.45,0.0,179.69,233.26,0.0,0.0,0.0,0.0,0.0,0.0,2.3,0.0,5.9,0.0,18.51,3.47,674.46,0.0,1.65
256951934078673,316.91,28,7.19,300.88,8.84,298.17,181.44,306.59,0.0,0.0,0.0,0.0,0.0,0.0,1.8,0.0,2.96,0.0,12.37,3.53,681.16,0.0,1.48
256951939872324,287.08,28,11.98,264.33,10.76,261.28,192.75,274.18,0.0,0.0,0.0,0.0,0.0,0.0,3.02,0.0,7.65,0.0,19.4,3.56,645.99,0.0,2.13
256951945607677,246.95,28,7.6,230.8,8.55,225.07,192.67,236.44,0.0,0.0,0.0,0.0,0.0,0.0,1.84,0.0,2.84,0.0,17.38,3.48,683.88,0.0,1.95
256951951300487,347.26,28,10.55,315.88,20.83,0.0,186.03,324.21,0.0,0.0,0.0,0.0,0.0,0.0,2.98,0.0,6.84,0.0,14.21,3.46,676.85,0.0,2.22
256951957101340,236.04,28,13.3,203.24,19.51,0.0,171.23,215.14,0.0,0.0,0.0,0.0,0.0,0.0,9.76,0.0,10.86,0.0,12.28,3.52,675.66,0.0,1.39
256951962769015,242.14,28,17.0,215.82,9.32,218.88,172.38,230.8,0.0,0.0,0.0,0.0,0.0,0.0,2.42,0.0,13.03,0.0,15.67,3.64,669.19,0.0,2.01
256951968564546,517.19,28,13.67,486.42,17.1,0.0,247.56,497.98,0.0,0.0,0.0,0.0,0.0,0.0,6.43,0.0,7.61,0.0,18.45,3.95,683.16,0.0,2.1
256951974496025,576.13,28,10.62,547.33,18.17,0.0,228.01,555.8,0.0,0.0,0.0,0.0,0.0,0.0,1.96,0.0,3.64,0.0,27.59,5.69,673.26,0.0,2.15
256951980495902,251.34,28,7.21,225.9,18.23,0.0,179.37,231.16,0.0,0.0,0.0,0.0,0.0,0.0,1.94,0.0,3.01,0.0,8.4,3.47,673.56,0.0,1.94
256951986185223,319.36,28,10.01,300.34,9.01,298.48,183.56,307.94,0.0,0.0,0.0,0.0,0.0,0.0,2.52,0.0,5.74,0.0,13.45,3.51,673.95,0.0,2.41
256951991916901,319.07,28,62.05,247.35,9.66,296.85,232.38,305.89,0.0,0.0,0.0,0.0,0.0,0.0,2.2,0.0,3.35,0.0,75.44,57.33,673.46,0.0,3.51
256951997627682,254.89,28,7.06,229.19,18.64,0.0,182.11,215.48,0.0,0.0,0.0,0.0,0.0,0.0,1.62,0.0,2.81,0.0,9.51,3.49,680.22,0.0,2.3
256952003303097,720.63,28,8.32,702.59,9.72,694.26,250.3,708.21,0.0,0.0,0.0,0.0,0.0,0.0,1.64,0.0,2.61,0.0,23.36,3.69,677.1,0.0,2.7
256952009445730,246.24,28,9.59,227.44,9.22,224.63,181.97,234.81,0.0,0.0,0.0,0.0,0.0,0.0,2.33,0.0,5.69,0.0,11.54,3.71,691.42,0.0,2.22
256952015091232,315.21,28,7.08,298.66,9.46,293.38,184.49,304.27,0.0,0.0,0.0,0.0,0.0,0.0,1.79,0.0,2.82,0.0,22.14,3.52,685.61,0.0,1.48
256952020807583,272.35,28,10.24,236.93,25.18,0.0,175.92,245.03,0.0,0.0,0.0,0.0,0.0,0.0,2.46,0.0,5.91,0.0,11.02,3.52,679.65,0.0,2.13
256952026674498,313.43,28,6.96,286.18,20.29,0.0,171.98,291.03,0.0,0.0,0.0,0.0,0.0,0.0,1.48,0.0,2.66,0.0,9.36,3.62,665.74,0.0,2.1
256952032438515,249.45,28,11.47,228.74,9.24,224.73,186.37,237.88,0.0,0.0,0.0,0.0,0.0,0.0,2.52,0.0,6.22,0.0,15.85,3.46,674.59,0.0,2.32
256952038861806,401.52,28,8.62,303.81,89.08,298.41,178.04,309.88,0.0,0.0,0.0,0.0,0.0,0.0,2.08,0.0,3.27,0.0,12.78,3.57,636.79,0.0,2.56
256952045030520,322.91,28,10.97,302.67,9.27,300.91,186.99,311.96,0.0,0.0,0.0,0.0,0.0,0.0,2.66,0.0,6.84,0.0,19.05,3.5,683.31,0.0,1.68
256952050761554,331.37,28,7.04,315.11,9.21,309.4,174.52,320.15,0.0,0.0,0.0,0.0,0.0,0.0,1.7,0.0,2.64,0.0,8.98,3.46,685.95,0.0,2.0
256952056500937,573.66,28,17.97,545.32,10.36,546.77,276.87,561.34,0.0,0.0,0.0,0.0,0.0,0.0,4.63,0.0,10.43,0.0,13.22,6.58,726.6,0.0,1.9
256952062557241,252.34,28,7.08,235.4,9.86,230.97,184.92,240.56,0.0,0.0,0.0,0.0,0.0,0.0,1.72,0.0,2.7,0.0,29.23,3.51,675.16,0.0,1.91
256952068266876,330.02,28,11.35,298.53,20.14,0.0,176.08,307.77,0.0,0.0,0.0,0.0,0.0,0.0,2.92,0.0,7.24,0.0,13.9,3.47,663.84,0.0,2.1
256952074054310,241.12,28,6.2,215.26,19.66,0.0,177.29,220.22,0.0,0.0,0.0,0.0,0.0,0.0,1.67,0.0,2.68,0.0,9.73,3.43,675.76,0.0,1.23
256952079742674,380.88,28,15.98,353.94,10.96,355.74,220.57,367.81,0.0,0.0,0.0,0.0,0.0,0.0,2.41,0.0,6.57,0.0,18.05,9.86,701.56,0.0,2.11
256952085617295,335.29,28,7.54,319.0,8.75,302.67,184.7,324.41,0.0,0.0,0.0,0.0,0.0,0.0,1.65,0.0,2.83,0.0,19.14,3.57,682.85,0.0,2.13
256952092010465,993.47,28,11.74,697.2,284.53,0.0,258.95,706.61,0.0,0.0,0.0,0.0,0.0,0.0,2.49,0.0,4.2,0.0,15.2,6.08,676.01,0.0,2.23
256952098378009,1261.77,28,6.45,324.64,930.68,0.0,168.72,329.59,0.0,0.0,0.0,0.0,0.0,0.0,1.83,0.0,2.81,0.0,8.64,3.62,655.82,0.0,1.51
256952106005064,331.65,28,17.18,305.12,9.35,307.25,168.15,319.78,0.0,0.0,0.0,0.0,0.0,0.0,7.99,0.0,12.19,0.0,13.26,3.64,651.05,0.0,2.52
256952111714592,404.45,28,7.46,378.71,18.28,0.0,252.43,384.09,0.0,0.0,0.0,0.0,0.0,0.0,1.94,0.0,3.23,0.0,83.78,3.56,671.82,0.0,2.08
256952118027633,286.31,28,8.39,256.94,20.97,0.0,176.33,249.66,0.0,0.0,0.0,0.0,0.0,0.0,1.86,0.0,3.37,0.0,12.09,3.55,664.82,0.0,2.24
256952123763750,399.92,28,10.19,380.49,9.25,370.09,225.68,386.41,0.0,0.0,0.0,0.0,0.0,0.0,1.71,0.0,2.71,0.0,21.38,4.62,635.9,0.0,4.27
256952129600446,259.72,28,9.8,241.17,8.75,239.91,177.64,249.49,0.0,0.0,0.0,0.0,0.0,0.0,3.04,0.0,7.42,0.0,9.12,3.51,666.64,0.0,1.49
256952135473915,587.17,28,7.21,571.61,8.35,568.03,238.92,577.04,0.0,0.0,0.0,0.0,0.0,0.0,1.48,0.0,2.46,0.0,17.75,3.52,690.06,0.0,1.78
256952141516146,597.04,28,14.64,561.14,21.25,0.0,255.35,573.13,0.0,0.0,0.0,0.0,0.0,0.0,3.86,0.0,9.36,0.0,32.23,3.63,708.88,0.0,2.61
256952147642145,308.9,28,7.17,291.76,9.96,287.25,184.04,296.81,0.0,0.0,0.0,0.0,0.0,0.0,1.72,0.0,2.68,0.0,8.77,3.41,700.05,0.0,2.13
256952153373301,252.59,28,10.27,233.38,8.94,232.26,174.83,241.62,0.0,0.0,0.0,0.0,0.0,0.0,2.93,0.0,6.29,0.0,11.34,3.48,676.98,0.0,2.03
256952159077887,256.66,28,6.83,233.34,16.49,0.0,178.1,238.62,0.0,0.0,0.0,0.0,0.0,0.0,1.71,0.0,2.83,0.0,13.15,3.51,671.5,0.0,1.55
256952164736132,235.77,28,10.8,208.36,16.6,0.0,183.81,216.94,0.0,0.0,0.0,0.0,0.0,0.0,2.55,0.0,6.52,0.0,12.89,3.49,675.76,0.0,2.23
256952171003142,836.97,28,7.92,699.36,129.69,0.0,234.54,705.21,0.0,0.0,0.0,0.0,0.0,0.0,1.95,0.0,3.1,0.0,22.52,3.42,681.75,0.0,2.08
256952177416780,638.78,28,11.29,617.63,9.86,617.54,221.95,626.5,0.0,0.0,0.0,0.0,0.0,0.0,2.28,0.0,6.76,0.0,83.42,3.46,591.54,0.0,2.43
256952183494233,589.41,28,127.11,439.46,22.84,0.0,299.51,564.14,0.0,0.0,0.0,0.0,0.0,0.0,1.52,0.0,2.67,0.0,130.4,123.47,681.11,0.0,2.43
256952189495479,570.21,28,11.58,541.53,17.11,0.0,258.93,550.74,0.0,0.0,0.0,0.0,0.0,0.0,2.82,0.0,7.08,0.0,23.34,3.53,731.69,0.0,2.37
256952196037828,329.98,28,13.93,307.2,8.85,311.18,184.31,319.32,0.0,0.0,0.0,0.0,0.0,0.0,1.77,0.0,2.99,0.0,20.05,12.45,685.42,0.0,1.8
256952201800538,258.11,28,12.56,227.64,17.91,0.0,182.3,236.26,0.0,0.0,0.0,0.0,0.0,0.0,2.44,0.0,6.26,0.0,26.22,3.62,662.16,0.0,3.94
256952207541480,547.92,28,8.71,522.84,16.37,0.0,238.32,529.02,0.0,0.0,0.0,0.0,0.0,0.0,1.87,0.0,2.84,0.0,10.39,4.04,733.57,0.0,2.53
256952213528649,233.34,28,10.37,206.44,16.53,0.0,177.84,214.49,0.0,0.0,0.0,0.0,0.0,0.0,2.39,0.0,6.01,0.0,11.57,3.5,674.67,0.0,2.32
256952219203975,812.63,28,6.35,771.87,34.41,0.0,229.21,776.88,0.0,0.0,0.0,0.0,0.0,0.0,1.67,0.0,2.75,0.0,9.49,3.5,688.11,0.0,1.34
256952225406023,316.76,28,25.08,283.35,8.33,297.73,190.14,306.03,0.0,0.0,0.0,0.0,0.0,0.0,2.73,0.0,6.85,0.0,29.97,17.84,675.77,0.0,2.4
256952231189730,818.92,28,6.9,689.99,122.03,0.0,243.14,694.71,0.0,0.0,0.0,0.0,0.0,0.0,1.58,0.0,2.76,0.0,10.66,3.52,723.79,0.0,2.18
256952237498127,259.24,28,7.36,243.88,8.0,203.64,178.35,249.42,0.0,0.0,0.0,0.0,0.0,0.0,1.71,0.0,2.8,0.0,9.59,3.5,665.97,0.0,1.82
256952243698982,433.86,28,7.74,328.43,97.69,0.0,228.69,334.1,0.0,0.0,0.0,0.0,0.0,0.0,1.95,0.0,2.95,0.0,9.63,3.48,674.61,0.0,2.06
256952249616138,490.54,28,74.39,406.24,9.91,469.82,193.59,478.58,0.0,0.0,0.0,0.0,0.0,0.0,2.58,0.0,71.47,0.0,120.85,5.86,596.9,0.0,2.05
256952256023273,282.83,28,7.57,256.97,18.29,0.0,177.8,262.76,0.0,0.0,0.0,0.0,0.0,0.0,1.87,0.0,3.19,0.0,8.03,3.4,684.48,0.0,1.78
256952261778181,319.36,28,9.74,300.36,9.26,296.67,187.85,307.87,0.0,0.0,0.0,0.0,0.0,0.0,2.28,0.0,5.16,0.0,18.68,3.46,673.35,0.0,2.2
256952267503778,321.23,28,7.86,294.51,18.86,0.0,182.72,299.43,0.0,0.0,0.0,0.0,0.0,0.0,1.63,0.0,2.62,0.0,9.0,3.45,702.9,0.0,2.94
256952273304193,263.9,28,9.88,244.66,9.36,243.97,171.39,253.19,0.0,0.0,0.0,0.0,0.0,0.0,2.98,0.0,6.71,0.0,10.67,3.42,663.77,0.0,1.35
256952278967979,321.83,28,7.46,295.83,18.54,0.0,185.7,301.01,0.0,0.0,0.0,0.0,0.0,0.0,1.83,0.0,3.11,0.0,15.21,3.58,657.82,0.0,2.27
256952284817173,327.68,28,11.55,307.21,8.91,303.87,213.81,316.76,0.0,0.0,0.0,0.0,0.0,0.0,2.69,0.0,6.9,0.0,21.96,3.58,662.03,0.0,2.01
256952291118375,394.64,28,7.79,299.86,86.99,294.18,174.0,305.31,0.0,0.0,0.0,0.0,0.0,0.0,1.83,0.0,2.88,0.0,8.06,3.4,667.08,0.0,2.34
256952297081756,829.05,28,10.78,807.15,11.12,668.28,288.96,816.44,0.0,0.0,0.0,0.0,0.0,0.0,3.13,0.0,6.87,0.0,47.63,4.07,698.37,0.0,1.49
256952304312233,238.6,28,6.49,223.76,8.35,217.93,172.22,228.16,0.0,0.0,0.0,0.0,0.0,0.0,1.64,0.0,2.62,0.0,8.68,3.42,678.84,0.0,2.08
256952310017436,953.23,28,11.97,816.31,124.95,0.0,262.64,826.61,0.0,0.0,0.0,0.0,0.0,0.0,2.97,0.0,8.07,0.0,31.84,3.53,700.22,0.0,1.68
256952317022721,1028.88,28,9.4,807.06,212.42,0.0,257.1,813.15,0.0,0.0,0.0,0.0,0.0,0.0,1.68,0.0,2.71,0.0,26.96,3.97,701.67,0.0,3.31
256952324356417,692.41,28,16.91,665.83,9.67,669.49,245.23,680.48,0.0,0.0,0.0,0.0,0.0,0.0,2.65,0.0,8.18,0.0,20.42,8.41,666.49,0.0,2.26
256952330493860,321.91,28,7.78,292.22,21.91,0.0,183.29,297.36,0.0,0.0,0.0,0.0,0.0,0.0,1.84,0.0,2.85,0.0,11.91,3.46,678.59,0.0,2.62
256952336228721,263.7,28,9.8,236.13,17.76,0.0,179.37,244.67,0.0,0.0,0.0,0.0,0.0,0.0,2.78,0.0,6.52,0.0,11.61,3.57,686.01,0.0,1.27
256952341995904,820.75,28,8.1,800.43,12.23,662.58,250.86,807.15,0.0,0.0,0.0,0.0,0.0,0.0,1.92,0.0,3.04,0.0,13.99,4.1,734.64,0.0,1.36
256952348973591,287.68,28,10.31,232.31,45.07,0.0,181.19,240.99,0.0,0.0,0.0,0.0,0.0,0.0,2.91,0.0,7.25,0.0,11.45,3.48,680.77,0.0,1.62
256952354733715,256.0,28,7.27,240.75,7.98,235.92,179.12,245.74,0.0,0.0,0.0,0.0,0.0,0.0,1.89,0.0,2.86,0.0,11.01,3.49,676.15,0.0,2.28
256952360399268,253.14,28,7.73,237.02,8.39,231.3,188.05,242.95,0.0,0.0,0.0,0.0,0.0,0.0,1.89,0.0,3.01,0.0,13.88,3.49,687.94,0.0,1.8
256952366081374,325.8,28,6.55,300.98,18.27,0.0,179.12,306.0,0.0,0.0,0.0,0.0,0.0,0.0,1.69,0.0,2.91,0.0,8.06,3.44,677.66,0.0,1.53
256952372036042,333.87,28,9.47,315.04,9.35,310.85,172.02,322.78,0.0,0.0,0.0,0.0,0.0,0.0,2.29,0.0,5.65,0.0,8.79,3.52,667.0,0.0,1.73
256952377809758,367.04,28,6.68,342.59,17.77,0.0,200.36,347.62,0.0,0.0,0.0,0.0,0.0,0.0,1.61,0.0,2.62,0.0,9.94,3.56,631.94,0.0,1.65
256952383612563,241.51,28,8.21,213.65,19.65,0.0,180.46,220.04,0.0,0.0,0.0,0.0,0.0,0.0,1.67,0.0,4.89,0.0,9.58,3.5,669.76,0.0,1.82
256952389379112,672.37,28,7.88,645.28,19.21,0.0,231.91,650.81,0.0,0.0,0.0,0.0,0.0,0.0,1.55,0.0,2.58,0.0,12.61,3.91,683.22,0.0,2.35
256952395536749,276.61,28,10.88,257.26,8.47,256.34,182.8,266.18,0.0,0.0,0.0,0.0,0.0,0.0,2.87,0.0,6.88,0.0,18.39,3.64,669.59,0.0,1.97
256952401265293,749.47,28,8.45,705.06,35.97,0.0,326.89,711.45,0.0,0.0,0.0,0.0,0.0,0.0,1.75,0.0,2.73,0.0,105.64,4.61,721.43,0.0,2.06
256952407481503,270.24,28,10.07,251.83,8.34,250.66,175.57,260.17,0.0,0.0,0.0,0.0,0.0,0.0,2.71,0.0,5.97,0.0,13.19,3.56,666.9,0.0,1.73
256952413816506,364.07,28,28.7,257.61,77.76,0.0,193.29,265.7,0.0,0.0,0.0,0.0,0.0,0.0,1.79,0.0,2.8,0.0,29.82,6.57,654.87,0.0,20.22
256952419728329,248.22,28,6.55,233.37,8.31,230.02,178.0,238.04,0.0,0.0,0.0,0.0,0.0,0.0,1.41,0.0,2.47,0.0,8.77,3.59,667.09,0.0,1.88
256952426012567,814.45,28,64.44,738.62,11.4,652.97,440.1,800.96,0.0,0.0,0.0,0.0,0.0,0.0,2.94,0.0,59.17,0.0,258.89,4.4,698.63,0.0,2.1
256952432473748,659.15,28,161.43,488.71,9.01,639.13,240.81,647.91,0.0,0.0,0.0,0.0,0.0,0.0,3.08,0.0,157.04,0.0,15.59,3.9,673.46,0.0,2.23
256952439028548,265.76,28,10.94,245.96,8.85,239.67,185.03,252.0,0.0,0.0,0.0,0.0,0.0,0.0,1.59,0.0,2.81,0.0,25.34,3.88,652.06,0.0,4.9
256952445036845,315.58,28,7.06,299.31,9.2,296.46,175.94,305.09,0.0,0.0,0.0,0.0,0.0,0.0,1.71,0.0,2.92,0.0,10.37,3.73,662.28,0.0,1.28
256952450857553,308.62,28,7.85,280.84,19.93,0.0,276.14,286.78,0.0,0.0,0.0,0.0,0.0,0.0,1.52,0.0,2.89,0.0,110.87,4.24,648.16,0.0,1.91
256952457033935,323.86,28,7.04,307.21,9.61,302.81,185.2,312.28,0.0,0.0,0.0,0.0,0.0,0.0,1.64,0.0,2.68,0.0,9.87,3.46,707.97,0.0,1.97
256952462873407,324.49,28,8.29,299.1,17.1,0.0,180.86,305.08,0.0,0.0,0.0,0.0,0.0,0.0,1.5,0.0,2.51,0.0,20.55,3.51,662.89,0.0,2.31
256952468599224,489.54,28,10.17,462.95,16.42,0.0,221.18,470.79,0.0,0.0,0.0,0.0,0.0,0.0,1.68,0.0,2.62,0.0,19.34,5.98,691.78,0.0,2.33
256952474608306,256.72,28,7.04,233.37,16.31,0.0,176.2,238.25,0.0,0.0,0.0,0.0,0.0,0.0,1.54,0.0,2.56,0.0,9.76,3.52,672.36,0.0,2.16
256952480559011,338.17,28,10.81,318.13,9.23,314.36,192.06,324.15,0.0,0.0,0.0,0.0,0.0,0.0,1.54,0.0,2.54,0.0,19.73,3.48,685.24,0.0,4.78
256952486386887,251.25,28,7.08,235.79,8.39,231.57,175.75,240.63,0.0,0.0,0.0,0.0,0.0,0.0,1.81,0.0,2.8,0.0,8.59,3.42,690.4,0.0,2.24
256952492107781,254.48,28,7.42,237.25,9.81,235.51,178.59,243.26,0.0,0.0,0.0,0.0,0.0,0.0,1.66,0.0,2.64,0.0,16.37,3.58,662.0,0.0,1.42
256952497854850,242.47,28,8.4,217.93,16.14,0.0,184.89,223.39,0.0,0.0,0.0,0.0,0.0,0.0,1.92,0.0,2.94,0.0,15.56,3.54,668.97,0.0,2.94
256952503598101,242.36,28,7.1,218.02,17.25,0.0,183.56,222.73,0.0,0.0,0.0,0.0,0.0,0.0,1.56,0.0,2.57,0.0,11.88,3.58,677.54,0.0,2.38
256952509333222,702.84,28,23.73,662.51,16.6,0.0,255.31,668.56,0.0,0.0,0.0,0.0,0.0,0.0,2.55,0.0,3.6,0.0,50.83,3.46,713.45,0.0,17.21
256952516024274,329.07,28,7.81,305.65,15.6,0.0,174.99,311.39,0.0,0.0,0.0,0.0,0.0,0.0,1.68,0.0,2.7,0.0,11.84,3.66,658.67,0.0,2.08
256952521822277,371.26,28,8.81,353.06,9.38,349.9,169.49,359.5,0.0,0.0,0.0,0.0,0.0,0.0,1.46,0.0,2.49,0.0,12.02,6.89,649.53,0.0,2.38
256952527694962,255.66,28,6.95,229.95,18.76,0.0,174.82,234.54,0.0,0.0,0.0,0.0,0.0,0.0,1.53,0.0,2.54,0.0,10.05,3.45,675.82,0.0,2.36
256952533424639,624.83,28,14.72,592.59,17.52,0.0,227.45,601.0,0.0,0.0,0.0,0.0,0.0,0.0,2.04,0.0,3.16,0.0,11.88,6.49,736.76,0.0,6.06
256952540018167,842.05,28,20.37,807.43,14.25,674.96,263.03,819.9,0.0,0.0,0.0,0.0,0.0,0.0,4.16,0.0,5.21,0.0,27.49,10.07,700.35,0.0,7.55
256952546457349,904.07,28,6.86,886.25,10.95,704.49,239.65,891.17,0.0,0.0,0.0,0.0,0.0,0.0,1.58,0.0,2.55,0.0,12.9,3.49,731.05,0.0,1.95
256952553444561,315.0,28,6.96,291.39,16.65,0.0,187.5,296.13,0.0,0.0,0.0,0.0,0.0,0.0,1.75,0.0,2.71,0.0,10.39,3.48,665.39,0.0,2.22
256952559870114,916.11,28,8.35,822.96,84.8,694.42,244.74,828.86,0.0,0.0,0.0,0.0,0.0,0.0,1.67,0.0,2.64,0.0,97.14,3.74,683.65,0.0,2.36
256952566541734,541.01,28,9.07,522.42,9.52,520.75,223.64,528.9,0.0,0.0,0.0,0.0,0.0,0.0,1.89,0.0,3.42,0.0,9.5,4.96,682.45,0.0,2.59
256952573028669,330.47,28,8.37,304.51,17.59,0.0,179.87,311.14,0.0,0.0,0.0,0.0,0.0,0.0,1.68,0.0,3.01,0.0,18.84,3.61,662.95,0.0,1.75
256952578903577,255.65,28,7.61,230.01,18.03,0.0,183.53,235.33,0.0,0.0,0.0,0.0,0.0,0.0,1.68,0.0,2.62,0.0,9.43,3.54,693.0,0.0,2.29
256952584679043,259.03,28,6.38,241.79,10.86,237.36,178.11,246.54,0.0,0.0,0.0,0.0,0.0,0.0,1.9,0.0,2.87,0.0,7.94,3.4,669.96,0.0,1.63
256952591005955,834.33,28,15.73,674.48,144.11,0.0,246.23,681.29,0.0,0.0,0.0,0.0,0.0,0.0,1.67,0.0,2.7,0.0,14.58,5.4,709.11,0.0,8.78
256952598013268,803.98,28,6.74,653.99,143.25,0.0,221.0,658.94,0.0,0.0,0.0,0.0,0.0,0.0,1.54,0.0,2.6,0.0,8.7,3.46,715.9,0.0,1.78
256952605036272,817.46,28,7.64,671.79,138.03,0.0,248.07,677.06,0.0,0.0,0.0,0.0,0.0,0.0,1.68,0.0,2.93,0.0,24.27,3.61,703.54,0.0,2.37
256952611437911,313.17,28,8.65,294.96,9.56,292.54,182.63,301.52,0.0,0.0,0.0,0.0,0.0,0.0,1.81,0.0,2.98,0.0,22.55,3.6,692.94,0.0,2.09
256952617211272,328.25,28,7.58,298.53,22.13,0.0,176.24,303.78,0.0,0.0,0.0,0.0,0.0,0.0,1.99,0.0,2.92,0.0,15.19,3.56,657.76,0.0,2.34
256952623022408,318.03,28,7.34,300.6,10.09,297.0,185.14,306.16,0.0,0.0,0.0,0.0,0.0,0.0,1.8,0.0,2.82,0.0,15.47,3.81,687.02,0.0,1.79
256952628866168,286.77,28,6.92,270.33,9.52,267.13,187.33,275.05,0.0,0.0,0.0,0.0,0.0,0.0,1.49,0.0,2.44,0.0,14.91,3.54,653.29,0.0,2.21
256952634615776,515.49,28,7.07,499.06,9.36,494.98,226.73,504.06,0.0,0.0,0.0,0.0,0.0,0.0,1.48,0.0,2.43,0.0,9.03,3.54,718.98,0.0,2.06
256952641024484,246.46,28,8.01,229.26,9.19,226.72,183.9,235.06,0.0,0.0,0.0,0.0,0.0,0.0,1.79,0.0,2.98,0.0,12.81,3.57,671.06,0.0,2.2
256952646832466,240.5,28,7.33,217.15,16.02,0.0,181.45,222.66,0.0,0.0,0.0,0.0,0.0,0.0,1.73,0.0,2.7,0.0,9.58,3.56,680.39,0.0,1.81
256952652579632,256.86,28,7.52,239.84,9.5,236.67,180.69,245.19,0.0,0.0,0.0,0.0,0.0,0.0,1.65,0.0,2.62,0.0,12.04,3.55,677.52,0.0,2.16
256952658320066,314.23,28,8.22,297.13,8.87,294.87,181.33,303.02,0.0,0.0,0.0,0.0,0.0,0.0,1.76,0.0,2.93,0.0,18.97,3.63,684.67,0.0,2.33
256952664119058,237.93,28,6.06,214.99,16.88,0.0,184.27,219.82,0.0,0.0,0.0,0.0,0.0,0.0,1.76,0.0,2.79,0.0,14.33,3.51,673.5,0.0,1.23
256952669910838,271.64,28,7.78,247.19,16.67,0.0,181.37,252.37,0.0,0.0,0.0,0.0,0.0,0.0,2.11,0.0,3.09,0.0,13.48,3.5,686.94,0.0,2.59
256952676054774,267.65,28,7.32,243.91,16.43,0.0,183.62,249.02,0.0,0.0,0.0,0.0,0.0,0.0,1.79,0.0,2.88,0.0,11.59,3.44,674.62,0.0,2.2
256952681858387,321.66,28,6.79,298.62,16.25,0.0,177.19,303.51,0.0,0.0,0.0,0.0,0.0,0.0,1.51,0.0,2.5,0.0,10.78,3.49,683.93,0.0,1.9
256952687681862,261.32,28,5.74,246.64,8.94,239.95,183.53,250.63,0.0,0.0,0.0,0.0,0.0,0.0,1.65,0.0,2.64,0.0,8.78,3.45,684.61,0.0,1.76
256952693409093,320.47,28,6.29,296.4,17.77,0.0,177.96,300.74,0.0,0.0,0.0,0.0,0.0,0.0,1.4,0.0,2.37,0.0,8.3,3.52,689.39,0.0,1.96
256952699235277,318.6,28,8.1,294.38,16.12,0.0,186.09,299.93,0.0,0.0,0.0,0.0,0.0,0.0,1.63,0.0,2.6,0.0,11.53,3.4,684.09,0.0,2.54
256952705676289,1439.6,28,7.2,603.91,828.49,486.9,173.09,609.82,0.0,0.0,0.0,0.0,0.0,0.0,1.73,0.0,2.87,0.0,18.09,3.49,652.28,0.0,1.29
256952712679906,331.51,28,5.86,316.93,8.72,311.86,179.69,320.99,0.0,0.0,0.0,0.0,0.0,0.0,1.86,0.0,2.95,0.0,10.6,3.42,685.68,0.0,1.81
256952718505383,249.5,28,14.88,217.57,17.05,0.0,173.19,230.79,0.0,0.0,0.0,0.0,0.0,0.0,11.25,0.0,12.24,0.0,12.09,3.65,681.6,0.0,1.67
256952724302731,253.8,28,8.32,229.53,15.96,0.0,177.99,235.99,0.0,0.0,0.0,0.0,0.0,0.0,1.75,0.0,3.0,0.0,11.02,3.46,682.1,0.0,1.85
256952730063912,240.19,28,6.7,224.49,9.01,220.04,186.4,229.9,0.0,0.0,0.0,0.0,0.0,0.0,1.94,0.0,3.24,0.0,16.62,3.62,686.86,0.0,1.28
256952735807301,246.1,28,7.29,220.79,18.02,0.0,174.84,226.22,0.0,0.0,0.0,0.0,0.0,0.0,1.83,0.0,3.12,0.0,10.09,3.62,653.91,0.0,1.86
256952741568247,258.88,28,7.19,232.12,19.57,0.0,180.88,237.02,0.0,0.0,0.0,0.0,0.0,0.0,1.61,0.0,2.67,0.0,8.13,3.46,687.08,0.0,2.29
256952747348859,292.2,28,7.32,266.16,18.72,0.0,180.03,271.02,0.0,0.0,0.0,0.0,0.0,0.0,1.56,0.0,2.65,0.0,9.17,3.53,687.15,0.0,2.46
256952753829651,368.8,28,7.39,275.23,86.18,259.95,184.67,280.04,0.0,0.0,0.0,0.0,0.0,0.0,1.62,0.0,2.62,0.0,14.92,3.48,637.49,0.0,2.07
256952759677788,337.13,28,7.2,310.98,18.95,0.0,186.47,316.25,0.0,0.0,0.0,0.0,0.0,0.0,1.58,0.0,2.55,0.0,10.84,3.43,706.07,0.0,1.93
256952765472080,266.92,28,7.44,249.86,9.63,240.39,178.97,255.09,0.0,0.0,0.0,0.0,0.0,0.0,1.78,0.0,3.06,0.0,8.49,3.42,664.51,0.0,2.2
256952772110483,460.26,28,9.31,358.36,92.59,351.0,178.82,364.12,0.0,0.0,0.0,0.0,0.0,0.0,1.77,0.0,2.77,0.0,20.92,3.6,658.22,0.0,3.55
256952778074614,319.41,28,6.66,304.68,8.06,299.31,174.68,309.75,0.0,0.0,0.0,0.0,0.0,0.0,1.88,0.0,2.86,0.0,8.44,3.54,675.12,0.0,1.6
256952783914239,246.21,28,7.01,222.79,16.41,0.0,178.76,227.68,0.0,0.0,0.0,0.0,0.0,0.0,1.64,0.0,2.61,0.0,9.14,3.44,679.61,0.0,2.12
256952790026709,255.48,28,6.44,231.98,17.05,0.0,180.48,236.65,0.0,0.0,0.0,0.0,0.0,0.0,1.59,0.0,2.74,0.0,8.93,3.47,707.19,0.0,1.77
256952795832623,333.14,28,6.74,318.0,8.4,296.58,183.02,322.96,0.0,0.0,0.0,0.0,0.0,0.0,1.75,0.0,2.73,0.0,9.36,3.64,684.51,0.0,1.78
256952801693173,239.04,28,7.18,223.14,8.72,218.71,177.52,228.24,0.0,0.0,0.0,0.0,0.0,0.0,2.15,0.0,3.23,0.0,11.3,3.48,677.53,0.0,2.08
256952807466023,318.35,28,6.57,303.46,8.32,298.7,182.25,308.52,0.0,0.0,0.0,0.0,0.0,0.0,1.99,0.0,3.02,0.0,9.82,3.52,667.88,0.0,1.51
256952814012007,971.96,28,9.86,951.66,10.45,737.08,239.94,958.67,0.0,0.0,0.0,0.0,0.0,0.0,1.47,0.0,2.54,0.0,27.29,5.21,705.78,0.0,2.84
256952821846840,421.24,28,8.01,310.17,103.06,0.0,193.39,315.97,0.0,0.0,0.0,0.0,0.0,0.0,1.66,0.0,2.85,0.0,24.8,3.65,662.43,0.0,2.2
256952827757268,259.62,28,7.3,241.91,10.4,236.98,176.12,246.62,0.0,0.0,0.0,0.0,0.0,0.0,1.59,0.0,2.69,0.0,10.77,3.46,662.2,0.0,2.6
256952834026347,863.38,28,7.65,844.56,11.18,668.18,243.24,850.41,0.0,0.0,0.0,0.0,0.0,0.0,1.72,0.0,2.9,0.0,27.62,3.58,677.13,0.0,1.79
256952840529154,332.89,28,11.62,303.76,17.51,0.0,201.94,309.56,0.0,0.0,0.0,0.0,0.0,0.0,1.87,0.0,2.83,0.0,21.74,3.52,690.53,0.0,5.82
256952846382776,322.12,28,6.97,306.97,8.18,303.72,177.65,312.48,0.0,0.0,0.0,0.0,0.0,0.0,1.95,0.0,2.94,0.0,9.3,3.48,675.41,0.0,1.45
256952852256692,356.25,28,8.36,338.76,9.13,281.26,221.37,344.46,0.0,0.0,0.0,0.0,0.0,0.0,1.62,0.0,2.82,0.0,55.22,3.48,671.91,0.0,2.66
256952858090720,251.31,28,6.61,235.56,9.13,224.92,177.62,240.27,0.0,0.0,0.0,0.0,0.0,0.0,1.76,0.0,2.73,0.0,7.9,3.39,680.24,0.0,1.88
256952863809419,340.65,28,22.17,298.5,19.98,0.0,248.91,304.31,0.0,0.0,0.0,0.0,0.0,0.0,1.58,0.0,2.74,0.0,38.58,3.61,633.6,0.0,15.83
256952869671352,255.93,28,9.48,228.14,18.31,0.0,183.4,232.84,0.0,0.0,0.0,0.0,0.0,0.0,1.51,0.0,2.49,0.0,16.59,3.5,677.33,0.0,4.78
256952875541626,242.38,28,8.25,224.78,9.35,220.84,182.6,230.48,0.0,0.0,0.0,0.0,0.0,0.0,1.83,0.0,2.97,0.0,16.98,3.56,687.33,0.0,2.55
256952881384365,661.2,28,7.65,644.01,9.54,640.18,247.69,648.94,0.0,0.0,0.0,0.0,0.0,0.0,1.7,0.0,2.88,0.0,20.86,3.49,686.59,0.0,2.6
256952887601712,505.97,28,9.31,487.16,9.5,484.74,236.12,493.98,0.0,0.0,0.0,0.0,0.0,0.0,1.68,0.0,2.75,0.0,11.1,5.04,700.35,0.0,2.44
256952894028054,328.05,28,7.25,303.94,16.85,0.0,182.07,308.71,0.0,0.0,0.0,0.0,0.0,0.0,1.76,0.0,2.88,0.0,9.68,3.5,682.51,0.0,2.37
256952899919287,321.99,28,30.04,283.27,8.69,302.64,180.29,311.39,0.0,0.0,0.0,0.0,0.0,0.0,1.61,0.0,27.04,0.0,38.7,3.75,666.36,0.0,1.91
256952905785659,255.32,28,7.39,229.35,18.58,0.0,185.04,234.45,0.0,0.0,0.0,0.0,0.0,0.0,1.84,0.0,3.07,0.0,11.17,3.49,705.26,0.0,2.29
256952911568820,332.46,28,7.88,302.17,22.41,0.0,193.97,308.01,0.0,0.0,0.0,0.0,0.0,0.0,1.68,0.0,3.01,0.0,15.76,3.51,703.88,0.0,2.04
256952917428472,625.86,28,7.83,608.46,9.58,604.97,226.44,613.92,0.0,0.0,0.0,0.0,0.0,0.0,1.52,0.0,2.85,0.0,8.71,3.67,736.01,0.0,2.37
256952924038081,236.03,28,6.96,219.61,9.46,216.54,177.09,224.14,0.0,0.0,0.0,0.0,0.0,0.0,1.81,0.0,2.88,0.0,8.86,3.51,679.75,0.0,2.44
256952930050811,250.28,28,7.0,226.0,17.28,0.0,180.77,231.3,0.0,0.0,0.0,0.0,0.0,0.0,1.62,0.0,2.64,0.0,10.92,3.58,674.74,0.0,1.71
256952935852728,260.64,28,7.23,232.3,21.12,0.0,178.69,237.03,0.0,0.0,0.0,0.0,0.0,0.0,1.63,0.0,2.65,0.0,11.09,3.52,666.42,0.0,2.5
256952942032900,238.35,28,7.74,221.2,9.4,217.9,174.06,226.47,0.0,0.0,0.0,0.0,0.0,0.0,1.66,0.0,2.83,0.0,11.4,3.52,663.38,0.0,2.48
256952947803575,416.56,28,30.15,377.38,9.04,358.03,187.32,382.85,0.0,0.0,0.0,0.0,0.0,0.0,1.63,0.0,2.7,0.0,26.07,3.52,643.83,0.0,23.93
256952953741136,422.34,28,8.23,394.82,19.29,0.0,251.61,401.09,0.0,0.0,0.0,0.0,0.0,0.0,1.62,0.0,2.6,0.0,32.32,4.4,704.33,0.0,1.96
256952959664178,456.85,28,9.01,429.51,18.33,0.0,229.01,435.72,0.0,0.0,0.0,0.0,0.0,0.0,1.66,0.0,2.68,0.0,11.26,5.1,705.3,0.0,2.8
256952965710915,430.58,28,110.05,310.79,9.74,408.76,264.52,418.84,0.0,0.0,0.0,0.0,0.0,0.0,1.54,0.0,2.57,0.0,113.89,107.88,660.76,0.0,2.0
256952971671469,466.7,28,7.8,449.98,8.92,446.52,250.73,455.33,0.0,0.0,0.0,0.0,0.0,0.0,1.52,0.0,2.78,0.0,21.33,3.56,706.77,0.0,2.45
256952977712181,410.09,28,7.68,384.45,17.96,0.0,239.22,389.8,0.0,0.0,0.0,0.0,0.0,0.0,1.6,0.0,2.55,0.0,21.02,3.55,710.37,0.0,2.33
256952983680363,258.7,28,6.68,243.01,9.01,237.28,175.05,247.61,0.0,0.0,0.0,0.0,0.0,0.0,1.55,0.0,2.53,0.0,7.9,3.42,684.25,0.0,2.08
256952989553963,319.73,28,8.26,294.97,16.5,0.0,180.62,300.98,0.0,0.0,0.0,0.0,0.0,0.0,1.59,0.0,2.53,0.0,16.94,3.78,674.3,0.0,2.25
256952996027913,794.45,28,7.61,776.06,10.78,653.06,244.02,781.44,0.0,0.0,0.0,0.0,0.0,0.0,2.02,0.0,3.24,0.0,11.18,3.59,727.28,0.0,2.24
256953002540746,263.73,28,6.83,234.64,22.26,0.0,181.35,239.69,0.0,0.0,0.0,0.0,0.0,0.0,1.75,0.0,2.72,0.0,8.84,3.47,687.06,0.0,1.79
256953008364066,239.62,28,8.03,211.9,19.69,0.0,182.49,218.06,0.0,0.0,0.0,0.0,0.0,0.0,2.05,0.0,3.39,0.0,13.1,3.54,681.14,0.0,1.88
256953014185853,825.69,28,26.36,789.55,9.77,699.12,257.94,796.93,0.0,0.0,0.0,0.0,0.0,0.0,2.17,0.0,3.63,0.0,108.25,4.73,671.84,0.0,18.0
256953020557739,321.48,28,7.1,304.96,9.42,296.96,172.44,310.38,0.0,0.0,0.0,0.0,0.0,0.0,1.63,0.0,2.74,0.0,10.55,3.56,665.03,0.0,1.69
256953026413534,270.45,28,7.04,244.34,19.07,0.0,176.7,249.36,0.0,0.0,0.0,0.0,0.0,0.0,1.71,0.0,2.89,0.0,13.09,3.5,679.16,0.0,2.01
256953032288895,265.03,28,7.93,238.16,18.94,0.0,181.1,243.91,0.0,0.0,0.0,0.0,0.0,0.0,1.62,0.0,2.57,0.0,13.17,3.62,669.57,0.0,2.18
256953038769387,386.3,28,51.97,247.25,87.07,289.08,206.12,297.74,0.0,0.0,0.0,0.0,0.0,0.0,5.37,0.0,47.89,0.0,11.79,4.28,640.05,0.0,1.48
256953045085511,324.03,28,7.64,298.42,17.97,0.0,178.99,303.64,0.0,0.0,0.0,0.0,0.0,0.0,1.86,0.0,3.0,0.0,14.49,3.53,677.01,0.0,2.42
256953051037432,315.78,28,6.27,291.69,17.82,0.0,177.43,296.48,0.0,0.0,0.0,0.0,0.0,0.0,1.63,0.0,2.74,0.0,9.02,3.48,689.33,0.0,1.48
256953056883090,325.63,28,10.96,306.2,8.48,302.78,190.41,311.09,0.0,0.0,0.0,0.0,0.0,0.0,1.56,0.0,2.78,0.0,10.68,3.41,667.65,0.0,6.06
256953062824391,246.79,28,8.17,221.05,17.57,0.0,194.24,227.11,0.0,0.0,0.0,0.0,0.0,0.0,1.74,0.0,2.82,0.0,31.82,3.53,681.44,0.0,2.1
256953068627984,250.48,28,6.31,235.3,8.87,230.53,175.62,239.86,0.0,0.0,0.0,0.0,0.0,0.0,1.57,0.0,2.54,0.0,11.02,3.57,672.33,0.0,1.75
256953074418688,324.63,28,11.42,303.95,9.25,301.42,183.22,309.46,0.0,0.0,0.0,0.0,0.0,0.0,1.58,0.0,2.58,0.0,14.84,3.54,665.85,0.0,5.91
256953080306812,244.34,28,7.73,220.07,16.54,0.0,172.53,225.07,0.0,0.0,0.0,0.0,0.0,0.0,1.76,0.0,2.97,0.0,15.63,3.62,641.39,0.0,2.73
256953086104229,238.96,28,5.99,223.58,9.38,219.66,179.81,228.08,0.0,0.0,0.0,0.0,0.0,0.0,1.7,0.0,2.66,0.0,9.75,3.46,678.37,0.0,1.49
256953091907256,268.21,28,7.54,251.04,9.63,243.96,179.71,256.08,0.0,0.0,0.0,0.0,0.0,0.0,1.76,0.0,2.71,0.0,9.05,3.7,683.51,0.0,2.5
256953097692212,427.13,28,10.61,396.76,19.76,0.0,216.63,404.93,0.0,0.0,0.0,0.0,0.0,0.0,1.55,0.0,2.5,0.0,21.02,6.56,676.54,0.0,2.44
256953103632292,847.44,28,6.01,679.0,162.43,0.0,245.5,683.22,0.0,0.0,0.0,0.0,0.0,0.0,1.57,0.0,2.52,0.0,8.17,3.53,725.17,0.0,1.78
256953110503073,571.81,28,7.25,556.54,8.02,553.21,226.82,562.11,0.0,0.0,0.0,0.0,0.0,0.0,1.79,0.0,2.76,0.0,9.07,4.17,725.4,0.0,1.68
256953116649767,323.0,28,7.91,297.92,17.17,0.0,178.93,303.72,0.0,0.0,0.0,0.0,0.0,0.0,1.7,0.0,2.71,0.0,10.39,3.56,677.1,0.0,2.11
256953122678470,317.34,28,6.59,301.25,9.5,297.28,180.73,306.03,0.0,0.0,0.0,0.0,0.0,0.0,1.83,0.0,2.81,0.0,10.32,3.47,693.11,0.0,1.82
256953128521331,578.45,28,8.8,551.78,17.87,0.0,246.93,557.2,0.0,0.0,0.0,0.0,0.0,0.0,1.51,0.0,2.62,0.0,23.71,3.55,700.04,0.0,3.37
256953134747849,249.94,28,7.29,224.38,18.27,0.0,181.79,229.56,0.0,0.0,0.0,0.0,0.0,0.0,1.55,0.0,2.68,0.0,9.5,3.48,693.81,0.0,2.11
256953140560918,529.64,28,9.02,503.87,16.76,0.0,278.69,510.06,0.0,0.0,0.0,0.0,0.0,0.0,1.67,0.0,2.63,0.0,20.24,3.56,746.88,0.0,2.83
256953146690466,238.0,28,6.03,222.52,9.46,217.81,175.35,226.3,0.0,0.0,0.0,0.0,0.0,0.0,1.62,0.0,2.62,0.0,10.41,3.52,668.25,0.0,2.24
256953152440630,242.72,28,7.09,217.55,18.08,0.0,183.2,222.45,0.0,0.0,0.0,0.0,0.0,0.0,1.86,0.0,3.0,0.0,15.37,3.49,668.0,0.0,2.2
256953158263439,259.65,28,7.71,243.31,8.63,238.84,176.32,248.89,0.0,0.0,0.0,0.0,0.0,0.0,1.58,0.0,2.72,0.0,11.14,3.52,667.05,0.0,2.12
256953164079964,324.83,28,7.5,298.39,18.94,0.0,178.44,304.1,0.0,0.0,0.0,0.0,0.0,0.0,1.54,0.0,2.61,0.0,10.79,3.47,679.01,0.0,1.79
256953170018424,316.59,28,7.39,300.72,8.48,296.89,187.9,306.54,0.0,0.0,0.0,0.0,0.0,0.0,1.77,0.0,2.92,0.0,15.1,3.55,687.31,0.0,1.57
256953175851346,313.6,28,7.29,297.33,8.98,293.96,175.85,302.89,0.0,0.0,0.0,0.0,0.0,0.0,1.83,0.0,2.77,0.0,10.87,3.5,670.51,0.0,1.73
256953181784748,280.57,28,11.92,260.48,8.17,257.31,171.72,270.35,0.0,0.0,0.0,0.0,0.0,0.0,1.46,0.0,9.87,0.0,11.23,3.55,676.34,0.0,2.05
256953188045232,260.46,28,7.34,232.64,20.47,0.0,175.57,238.17,0.0,0.0,0.0,0.0,0.0,0.0,2.05,0.0,3.54,0.0,11.11,3.53,667.82,0.0,1.82
256953193864085,296.68,28,7.78,269.94,18.96,0.0,191.89,275.63,0.0,0.0,0.0,0.0,0.0,0.0,1.68,0.0,2.92,0.0,11.52,3.53,653.96,0.0,2.09
256953199737124,383.34,28,8.24,356.94,18.16,0.0,251.08,362.66,0.0,0.0,0.0,0.0,0.0,0.0,1.55,0.0,2.66,0.0,11.02,3.84,714.74,0.0,2.51
256953206030485,241.46,28,6.85,219.01,15.6,0.0,175.63,223.97,0.0,0.0,0.0,0.0,0.0,0.0,1.59,0.0,2.57,0.0,8.77,3.42,675.29,0.0,1.88
256953211811064,362.52,28,7.48,339.0,16.05,0.0,180.24,344.23,0.0,0.0,0.0,0.0,0.0,0.0,1.86,0.0,2.83,0.0,10.3,3.53,688.42,0.0,2.25
256953217744637,237.44,28,6.65,221.4,9.39,217.57,182.77,226.05,0.0,0.0,0.0,0.0,0.0,0.0,1.51,0.0,2.51,0.0,8.27,3.5,690.81,0.0,2.0
256953224027908,982.06,28,46.22,793.61,142.23,0.0,248.89,798.4,0.0,0.0,0.0,0.0,0.0,0.0,1.57,0.0,2.66,0.0,16.33,3.47,684.25,0.0,40.09
256953231032360,262.19,28,7.38,235.03,19.78,0.0,179.96,239.81,0.0,0.0,0.0,0.0,0.0,0.0,1.63,0.0,2.67,0.0,9.68,3.55,656.77,0.0,2.6
256953236853832,287.42,28,6.8,271.67,8.95,266.12,180.89,276.42,0.0,0.0,0.0,0.0,0.0,0.0,1.89,0.0,2.94,0.0,9.21,3.51,669.39,0.0,2.04
256953242670426,469.98,28,23.33,427.21,19.44,0.0,231.32,432.06,0.0,0.0,0.0,0.0,0.0,0.0,1.52,0.0,2.52,0.0,10.28,3.5,684.44,0.0,17.95
256953248747091,315.05,28,6.8,298.46,9.78,296.0,176.32,303.56,0.0,0.0,0.0,0.0,0.0,0.0,1.81,0.0,2.77,0.0,8.94,3.49,678.42,0.0,1.71
256953254634627,501.44,28,9.35,474.98,17.11,0.0,234.82,481.82,0.0,0.0,0.0,0.0,0.0,0.0,1.54,0.0,2.54,0.0,20.22,5.73,724.38,0.0,2.51
256953260715231,440.17,28,8.55,422.23,9.39,420.51,206.7,428.09,0.0,0.0,0.0,0.0,0.0,0.0,1.84,0.0,2.87,0.0,9.07,3.42,693.18,0.0,2.69
256953266717767,410.77,28,8.58,393.23,8.96,389.63,218.28,398.8,0.0,0.0,0.0,0.0,0.0,0.0,1.72,0.0,2.71,0.0,22.65,3.63,652.64,0.0,3.0
256953272730359,305.55,28,7.33,289.86,8.36,286.71,174.04,295.19,0.0,0.0,0.0,0.0,0.0,0.0,1.55,0.0,2.54,0.0,8.55,3.45,655.86,0.0,2.0
256953278546704,315.46,28,7.64,289.52,18.29,0.0,183.98,295.02,0.0,0.0,0.0,0.0,0.0,0.0,1.49,0.0,2.51,0.0,9.29,3.78,678.88,0.0,2.14
256953285025791,986.9,28,7.63,814.13,165.14,0.0,230.93,820.22,0.0,0.0,0.0,0.0,0.0,0.0,1.57,0.0,2.62,0.0,77.37,3.57,677.99,0.0,1.54
256953291588320,242.16,28,7.54,215.02,19.6,0.0,186.54,220.12,0.0,0.0,0.0,0.0,0.0,0.0,1.54,0.0,2.46,0.0,10.73,3.53,679.8,0.0,2.44
256953297401456,315.88,28,6.85,291.17,17.86,0.0,185.2,295.82,0.0,0.0,0.0,0.0,0.0,0.0,1.59,0.0,2.59,0.0,8.08,3.44,692.96,0.0,2.2
256953303353561,260.31,28,7.29,244.13,8.9,235.32,176.93,249.28,0.0,0.0,0.0,0.0,0.0,0.0,1.65,0.0,2.58,0.0,10.08,3.55,650.49,0.0,2.13
256953309779975,1708.93,28,6.1,398.91,1303.92,0.0,167.31,403.6,0.0,0.0,0.0,0.0,0.0,0.0,1.47,0.0,2.49,0.0,9.59,3.55,644.76,0.0,1.24
256953318036226,978.67,28,6.62,962.15,9.9,779.42,220.48,967.02,0.0,0.0,0.0,0.0,0.0,0.0,1.47,0.0,2.45,0.0,10.47,3.45,691.41,0.0,1.75
256953324598913,492.0,28,7.2,476.52,8.28,472.28,252.7,481.95,0.0,0.0,0.0,0.0,0.0,0.0,1.65,0.0,2.63,0.0,11.44,3.58,750.57,0.0,1.77
256953330687759,355.74,28,16.93,321.81,17.0,0.0,188.51,333.63,0.0,0.0,0.0,0.0,0.0,0.0,1.7,0.0,8.43,0.0,17.89,3.52,682.09,0.0,4.98
256953337032234,254.91,28,6.88,238.7,9.33,233.65,175.09,243.66,0.0,0.0,0.0,0.0,0.0,0.0,1.7,0.0,2.93,0.0,10.62,3.45,665.83,0.0,1.93
256953342877759,325.3,28,7.07,300.66,17.57,0.0,180.99,305.63,0.0,0.0,0.0,0.0,0.0,0.0,1.74,0.0,2.97,0.0,8.05,3.46,676.61,0.0,2.1
256953348749801,316.76,28,7.26,300.61,8.89,296.32,181.53,305.69,0.0,0.0,0.0,0.0,0.0,0.0,1.56,0.0,2.57,0.0,10.73,3.53,676.36,0.0,2.17
256953354651192,862.33,28,7.64,651.23,203.46,0.0,235.99,656.51,0.0,0.0,0.0,0.0,0.0,0.0,1.5,0.0,2.49,0.0,10.17,3.45,684.07,0.0,2.36
256953361516408,240.55,28,6.79,214.01,19.74,0.0,178.75,218.91,0.0,0.0,0.0,0.0,0.0,0.0,1.62,0.0,2.61,0.0,21.68,3.64,659.76,0.0,1.9
256953367384332,324.37,28,6.71,298.65,19.01,0.0,173.62,303.57,0.0,0.0,0.0,0.0,0.0,0.0,1.5,0.0,2.59,0.0,9.49,3.49,672.74,0.0,1.8
256953373274912,740.86,28,9.0,700.8,31.06,0.0,260.84,707.88,0.0,0.0,0.0,0.0,0.0,0.0,1.49,0.0,2.48,0.0,29.35,4.6,721.51,0.0,1.92
256953379603033,283.4,28,7.62,266.52,9.27,262.5,184.1,271.92,0.0,0.0,0.0,0.0,0.0,0.0,1.6,0.0,2.56,0.0,7.83,3.39,668.55,0.0,2.21
256953385447119,605.03,28,7.04,579.32,18.68,0.0,226.96,584.5,0.0,0.0,0.0,0.0,0.0,0.0,1.75,0.0,2.79,0.0,62.7,3.58,703.04,0.0,1.85
256953391627750,281.33,28,7.16,264.86,9.32,257.1,177.1,269.52,0.0,0.0,0.0,0.0,0.0,0.0,1.45,0.0,2.4,0.0,10.44,3.53,673.23,0.0,2.5
256953397547978,248.68,28,6.63,233.0,9.05,226.79,177.0,237.63,0.0,0.0,0.0,0.0,0.0,0.0,1.67,0.0,2.64,0.0,9.9,3.73,671.02,0.0,2.0
256953403377741,260.29,28,8.16,242.3,9.83,236.58,180.47,247.84,0.0,0.0,0.0,0.0,0.0,0.0,1.8,0.0,2.78,0.0,12.96,3.52,667.94,0.0,2.62
256953409783188,459.65,28,6.47,353.32,99.86,347.43,179.51,357.28,0.0,0.0,0.0,0.0,0.0,0.0,1.54,0.0,2.65,0.0,7.92,3.46,651.74,0.0,2.51
256953415833977,255.16,28,7.07,239.04,9.05,229.65,171.83,244.09,0.0,0.0,0.0,0.0,0.0,0.0,1.8,0.0,3.06,0.0,9.19,3.5,658.85,0.0,2.02
256953421676653,327.07,28,8.69,309.46,8.93,299.5,184.01,314.35,0.0,0.0,0.0,0.0,0.0,0.0,1.47,0.0,2.55,0.0,8.11,3.39,673.97,0.0,3.79
256953427630695,355.47,28,7.97,338.51,8.98,334.84,176.34,343.99,0.0,0.0,0.0,0.0,0.0,0.0,1.57,0.0,2.77,0.0,10.17,3.6,667.43,0.0,2.5
256953433632180,235.58,28,7.05,210.82,17.71,0.0,183.98,215.87,0.0,0.0,0.0,0.0,0.0,0.0,1.68,0.0,2.77,0.0,11.29,3.68,679.89,0.0,2.0
256953440005090,807.86,28,10.09,645.98,151.79,0.0,219.08,654.29,0.0,0.0,0.0,0.0,0.0,0.0,1.56,0.0,2.72,0.0,15.62,6.98,734.99,0.0,1.78
256953446575359,321.79,28,6.02,307.06,8.71,301.95,181.32,311.75,0.0,0.0,0.0,0.0,0.0,0.0,1.56,0.0,2.58,0.0,8.43,3.5,691.02,0.0,1.33
256953452481835,321.19,28,7.68,304.42,9.09,296.19,179.97,309.76,0.0,0.0,0.0,0.0,0.0,0.0,1.63,0.0,2.74,0.0,9.17,3.42,680.87,0.0,2.34
256953458334000,689.66,28,7.46,662.53,19.66,0.0,223.62,668.06,0.0,0.0,0.0,0.0,0.0,0.0,1.68,0.0,2.61,0.0,18.18,3.55,701.19,0.0,1.93
256953464661366,458.72,28,9.23,430.79,18.7,0.0,264.29,438.37,0.0,0.0,0.0,0.0,0.0,0.0,1.56,0.0,2.53,0.0,11.12,6.08,701.41,0.0,1.65
256953470721703,318.65,28,13.22,287.85,17.58,0.0,175.7,299.04,0.0,0.0,0.0,0.0,0.0,0.0,1.65,0.0,10.13,0.0,12.0,3.46,656.83,0.0,2.04
256953476679085,427.3,28,8.5,410.26,8.53,407.85,230.91,416.07,0.0,0.0,0.0,0.0,0.0,0.0,1.72,0.0,2.83,0.0,15.64,3.51,663.41,0.0,2.7
256953483029492,831.48,28,8.93,810.57,11.99,677.24,225.73,817.61,0.0,0.0,0.0,0.0,0.0,0.0,1.75,0.0,3.03,0.0,14.64,5.1,703.52,0.0,1.89
256953490026115,880.41,28,159.08,710.71,10.62,660.93,361.6,852.39,0.0,0.0,0.0,0.0,0.0,0.0,3.48,0.0,4.64,0.0,144.51,139.78,661.89,0.0,15.98
256953497028559,342.55,28,12.61,312.0,17.94,0.0,186.37,318.08,0.0,0.0,0.0,0.0,0.0,0.0,1.58,0.0,2.69,0.0,11.48,3.53,690.18,0.0,6.53
256953502975617,242.71,28,10.63,222.41,9.68,219.66,186.12,230.14,0.0,0.0,0.0,0.0,0.0,0.0,1.73,0.0,2.75,0.0,26.35,6.15,680.55,0.0,2.89
256953509029070,240.67,28,7.62,223.75,9.3,219.33,179.99,229.34,0.0,0.0,0.0,0.0,0.0,0.0,1.88,0.0,2.91,0.0,12.43,3.49,690.36,0.0,2.03
256953515043876,315.34,28,7.1,290.24,18.01,0.0,180.62,295.84,0.0,0.0,0.0,0.0,0.0,0.0,1.61,0.0,2.6,0.0,18.98,3.5,666.99,0.0,1.49
256953520952618,268.18,28,6.96,250.22,11.0,241.75,178.69,255.55,0.0,0.0,0.0,0.0,0.0,0.0,1.84,0.0,2.84,0.0,12.52,3.44,666.69,0.0,1.63
256953527031561,311.75,28,7.18,295.91,8.66,292.67,182.93,301.62,0.0,0.0,0.0,0.0,0.0,0.0,1.52,0.0,2.64,0.0,11.04,3.46,684.68,0.0,1.48
256953532911055,333.19,28,6.85,308.81,17.53,0.0,172.81,313.7,0.0,0.0,0.0,0.0,0.0,0.0,1.74,0.0,2.72,0.0,8.56,3.42,677.65,0.0,1.96
256953538790176,344.51,28,8.73,326.82,8.96,324.86,209.08,333.22,0.0,0.0,0.0,0.0,0.0,0.0,1.69,0.0,2.68,0.0,11.35,5.74,656.26,0.0,2.33
256953544716920,255.16,28,7.83,231.58,15.75,0.0,173.46,236.81,0.0,0.0,0.0,0.0,0.0,0.0,1.51,0.0,2.48,0.0,13.05,3.6,660.79,0.0,2.6
256953550569495,526.87,28,8.88,508.67,9.32,503.23,260.77,515.05,0.0,0.0,0.0,0.0,0.0,0.0,1.76,0.0,2.72,0.0,12.89,4.62,693.07,0.0,2.51
256953556626925,318.04,28,6.78,302.88,8.39,299.08,183.37,307.74,0.0,0.0,0.0,0.0,0.0,0.0,1.54,0.0,2.64,0.0,10.53,3.65,680.91,0.0,1.92
256953562493341,247.53,28,8.88,220.14,18.51,0.0,182.51,225.59,0.0,0.0,0.0,0.0,0.0,0.0,1.49,0.0,2.44,0.0,10.56,3.5,673.09,0.0,3.43
256953568310458,322.98,28,8.04,297.94,17.01,0.0,180.17,303.55,0.0,0.0,0.0,0.0,0.0,0.0,1.61,0.0,2.95,0.0,11.81,3.76,670.76,0.0,2.42
256953574258280,766.36,28,7.68,749.78,8.89,645.14,250.35,755.18,0.0,0.0,0.0,0.0,0.0,0.0,1.66,0.0,2.66,0.0,9.54,3.5,675.65,0.0,2.29
256953581286978,314.96,28,7.93,215.73,91.3,0.0,186.5,221.19,0.0,0.0,0.0,0.0,0.0,0.0,1.74,0.0,3.04,0.0,13.84,3.51,661.94,0.0,2.47
256953587664268,492.54,28,6.11,393.9,92.54,0.0,220.92,398.78,0.0,0.0,0.0,0.0,0.0,0.0,1.69,0.0,2.71,0.0,11.68,3.71,694.23,0.0,1.22
256953593716335,280.18,28,6.7,256.36,17.13,0.0,176.08,261.03,0.0,0.0,0.0,0.0,0.0,0.0,1.53,0.0,2.5,0.0,7.96,3.45,685.56,0.0,2.02
256953599551069,266.12,28,6.51,250.94,8.67,245.36,180.31,255.86,0.0,0.0,0.0,0.0,0.0,0.0,1.47,0.0,2.45,0.0,10.19,3.57,683.38,0.0,1.59
256953605398588,316.38,28,7.88,300.35,8.15,296.82,182.02,305.87,0.0,0.0,0.0,0.0,0.0,0.0,1.64,0.0,2.58,0.0,12.2,3.55,687.72,0.0,2.36
256953611952840,871.77,28,6.66,796.73,68.38,657.46,225.21,801.64,0.0,0.0,0.0,0.0,0.0,0.0,1.49,0.0,2.81,0.0,22.11,3.48,667.31,0.0,1.75
256953618599824,264.71,28,6.37,250.05,8.28,245.64,174.55,254.69,0.0,0.0,0.0,0.0,0.0,0.0,1.74,0.0,2.72,0.0,9.29,3.54,674.96,0.0,1.73
256953624454426,318.25,28,7.9,300.7,9.65,297.05,189.7,306.26,0.0,0.0,0.0,0.0,0.0,0.0,1.71,0.0,2.95,0.0,9.84,3.45,694.28,0.0,2.34
256953630886441,915.66,28,60.63,640.02,215.01,0.0,260.14,685.55,0.0,0.0,0.0,0.0,0.0,0.0,41.84,0.0,43.08,0.0,33.64,4.45,705.33,0.0,14.82
256953637534552,552.16,28,19.66,514.67,17.83,0.0,246.28,522.4,0.0,0.0,0.0,0.0,0.0,0.0,3.28,0.0,4.55,0.0,31.36,5.4,687.76,0.0,10.49
256953644032272,812.57,28,6.37,675.54,130.66,0.0,237.88,680.12,0.0,0.0,0.0,0.0,0.0,0.0,1.46,0.0,2.49,0.0,8.69,3.46,714.97,0.0,1.79
256953650556893,518.2,28,6.79,494.01,17.41,0.0,240.85,498.56,0.0,0.0,0.0,0.0,0.0,0.0,1.46,0.0,2.63,0.0,8.5,3.55,687.74,0.0,2.23
256953656668281,246.78,28,6.57,223.27,16.94,0.0,179.46,228.08,0.0,0.0,0.0,0.0,0.0,0.0,1.55,0.0,2.54,0.0,9.22,3.53,691.15,0.0,1.77
256953662546716,316.96,28,7.13,292.92,16.9,0.0,183.77,297.93,0.0,0.0,0.0,0.0,0.0,0.0,1.8,0.0,2.76,0.0,8.51,3.41,687.41,0.0,2.13
256953668389924,318.52,28,7.32,293.08,18.12,0.0,182.38,298.07,0.0,0.0,0.0,0.0,0.0,0.0,1.54,0.0,2.51,0.0,11.95,3.63,656.76,0.0,2.33
256953674283872,323.17,28,7.07,298.29,17.8,0.0,176.85,303.04,0.0,0.0,0.0,0.0,0.0,0.0,1.55,0.0,2.75,0.0,10.88,3.46,670.23,0.0,2.32
256953680189411,274.01,28,10.64,246.68,16.69,0.0,185.04,251.88,0.0,0.0,0.0,0.0,0.0,0.0,1.43,0.0,2.4,0.0,18.27,3.47,679.05,0.0,5.44
256953686078475,319.6,28,6.32,296.29,17.0,0.0,179.03,301.06,0.0,0.0,0.0,0.0,0.0,0.0,1.72,0.0,2.72,0.0,10.45,3.5,688.21,0.0,1.55
256953692067865,254.35,28,7.19,238.95,8.21,236.43,186.3,244.67,0.0,0.0,0.0,0.0,0.0,0.0,1.95,0.0,2.92,0.0,13.32,3.65,688.34,0.0,1.48
256953698059606,793.79,28,8.69,774.38,10.72,651.23,246.04,781.46,0.0,0.0,0.0,0.0,0.0,0.0,1.66,0.0,2.82,0.0,26.03,4.26,722.06,0.0,1.61
256953705295875,323.19,28,6.92,307.11,9.16,303.4,187.69,312.2,0.0,0.0,0.0,0.0,0.0,0.0,1.53,0.0,2.52,0.0,11.9,3.43,705.38,0.0,1.83
256953711252611,320.88,28,7.57,303.88,9.43,287.2,179.76,295.89,0.0,0.0,0.0,0.0,0.0,0.0,1.7,0.0,2.75,0.0,9.92,3.7,671.46,0.0,2.24
256953717159777,243.23,28,10.7,223.03,9.49,215.36,187.42,228.61,0.0,0.0,0.0,0.0,0.0,0.0,1.72,0.0,2.67,0.0,22.71,3.58,679.25,0.0,5.13
256953723088108,247.47,28,5.62,233.01,8.84,228.01,182.08,237.36,0.0,0.0,0.0,0.0,0.0,0.0,1.89,0.0,2.94,0.0,10.82,3.52,673.55,0.0,1.26
256953728978956,336.94,28,7.26,313.46,16.22,0.0,179.88,318.58,0.0,0.0,0.0,0.0,0.0,0.0,1.83,0.0,2.85,0.0,10.1,3.49,681.06,0.0,2.14
256953734934418,277.08,28,6.95,238.74,31.39,0.0,194.56,243.78,0.0,0.0,0.0,0.0,0.0,0.0,1.51,0.0,2.5,0.0,38.44,3.56,668.83,0.0,1.91
256953740846606,322.35,28,6.94,298.44,16.97,0.0,185.78,303.33,0.0,0.0,0.0,0.0,0.0,0.0,1.73,0.0,2.71,0.0,9.31,3.49,702.57,0.0,2.05
256953746790045,318.03,28,7.08,301.72,9.23,297.06,178.76,306.75,0.0,0.0,0.0,0.0,0.0,0.0,1.75,0.0,2.86,0.0,8.48,3.53,674.15,0.0,2.06
256953753032283,323.82,28,6.58,308.21,9.03,305.0,175.54,313.1,0.0,0.0,0.0,0.0,0.0,0.0,1.71,0.0,2.8,0.0,8.54,3.49,679.08,0.0,1.69
256953758992295,797.11,28,8.48,706.9,81.73,0.0,236.13,713.72,0.0,0.0,0.0,0.0,0.0,0.0,1.66,0.0,2.86,0.0,36.61,6.21,675.01,0.0,1.66
256953766872085,920.0,28,10.36,681.82,227.82,0.0,388.83,689.46,0.0,0.0,0.0,0.0,0.0,0.0,2.66,0.0,3.94,0.0,193.12,3.85,651.1,0.0,2.72
256953773566290,240.41,28,6.42,224.94,9.06,220.86,179.3,229.76,0.0,0.0,0.0,0.0,0.0,0.0,1.63,0.0,2.78,0.0,9.36,3.46,681.73,0.0,1.59
256953779412310,638.47,28,7.75,612.71,18.0,0.0,226.52,618.55,0.0,0.0,0.0,0.0,0.0,0.0,1.66,0.0,2.75,0.0,10.98,3.88,689.21,0.0,1.92
256953785690700,251.85,28,7.51,227.33,17.0,0.0,176.13,232.39,0.0,0.0,0.0,0.0,0.0,0.0,1.7,0.0,2.79,0.0,9.7,3.43,673.67,0.0,2.46
256953791543921,529.6,28,8.39,503.74,17.47,0.0,232.55,510.29,0.0,0.0,0.0,0.0,0.0,0.0,1.6,0.0,2.54,0.0,11.35,5.3,708.96,0.0,1.84
256953797739088,236.27,28,6.98,220.56,8.73,217.78,177.14,225.85,0.0,0.0,0.0,0.0,0.0,0.0,1.6,0.0,2.57,0.0,9.74,3.55,672.11,0.0,1.69
256953803568243,319.19,28,6.92,295.82,16.45,0.0,182.12,301.05,0.0,0.0,0.0,0.0,0.0,0.0,1.64,0.0,2.65,0.0,12.17,3.55,677.66,0.0,1.69
256953809498512,333.42,28,13.2,310.63,9.59,309.1,185.05,316.4,0.0,0.0,0.0,0.0,0.0,0.0,1.73,0.0,2.74,0.0,14.08,3.48,673.6,0.0,7.42
256953815479647,583.46,28,7.43,566.44,9.59,560.66,253.09,571.42,0.0,0.0,0.0,0.0,0.0,0.0,1.66,0.0,2.67,0.0,11.53,3.47,735.14,0.0,2.45
256953822037615,325.06,28,8.05,306.97,10.04,303.86,183.01,313.09,0.0,0.0,0.0,0.0,0.0,0.0,1.6,0.0,2.64,0.0,14.35,3.51,691.75,0.0,1.93
256953827993821,262.08,28,8.06,242.74,11.28,239.71,187.28,249.39,0.0,0.0,0.0,0.0,0.0,0.0,2.02,0.0,3.15,0.0,23.65,3.5,693.8,0.0,1.41
256953833865713,372.9,28,24.63,338.62,9.65,330.81,201.44,343.63,0.0,0.0,0.0,0.0,0.0,0.0,1.88,0.0,2.84,0.0,20.41,3.44,649.32,0.0,19.0
256953839809138,252.16,28,13.22,220.09,18.84,0.0,210.27,226.98,0.0,0.0,0.0,0.0,0.0,0.0,1.55,0.0,2.6,0.0,63.66,4.38,688.92,0.0,6.34
256953845681543,318.28,28,6.86,301.97,9.45,298.2,179.69,306.74,0.0,0.0,0.0,0.0,0.0,0.0,1.63,0.0,2.66,0.0,8.28,3.47,676.43,0.0,2.1
256953851629233,255.69,28,6.66,240.01,9.02,235.7,175.43,244.48,0.0,0.0,0.0,0.0,0.0,0.0,1.84,0.0,2.88,0.0,9.17,3.49,667.59,0.0,2.18
256953858027145,315.31,28,7.08,298.04,10.18,294.2,181.67,303.62,0.0,0.0,0.0,0.0,0.0,0.0,1.69,0.0,2.87,0.0,10.37,3.52,674.58,0.0,1.5
256953863998655,941.4,28,7.17,804.62,129.61,0.0,308.5,810.52,0.0,0.0,0.0,0.0,0.0,0.0,1.59,0.0,2.63,0.0,80.31,3.97,696.85,0.0,1.27
256953870626901,247.28,28,7.09,223.07,17.12,0.0,174.85,227.97,0.0,0.0,0.0,0.0,0.0,0.0,1.6,0.0,2.7,0.0,10.57,3.51,668.52,0.0,2.19
256953876460238,251.24,28,7.72,234.49,9.03,230.91,180.76,239.65,0.0,0.0,0.0,0.0,0.0,0.0,1.64,0.0,2.85,0.0,10.46,3.67,677.97,0.0,2.39
256953882349892,684.59,28,8.67,657.75,18.17,0.0,234.99,664.15,0.0,0.0,0.0,0.0,0.0,0.0,1.55,0.0,2.57,0.0,26.48,5.72,723.64,0.0,2.27
256953889041517,253.71,28,7.6,237.04,9.07,235.03,181.31,242.7,0.0,0.0,0.0,0.0,0.0,0.0,1.83,0.0,2.92,0.0,15.71,3.49,660.97,0.0,1.94
256953894860631,273.44,28,6.39,241.79,25.26,0.0,187.08,246.52,0.0,0.0,0.0,0.0,0.0,0.0,1.49,0.0,2.43,0.0,8.27,3.48,688.13,0.0,1.66
256953900743607,1185.67,28,48.38,1126.5,10.79,869.86,211.38,1172.39,0.0,0.0,0.0,0.0,0.0,0.0,7.45,0.0,43.09,0.0,16.62,3.7,704.7,0.0,2.49
256953908991473,269.15,28,7.09,228.16,33.89,0.0,184.5,233.15,0.0,0.0,0.0,0.0,0.0,0.0,1.53,0.0,2.72,0.0,15.43,3.46,687.01,0.0,2.11
256953915034273,258.67,28,7.22,230.3,21.16,0.0,182.32,235.83,0.0,0.0,0.0,0.0,0.0,0.0,1.53,0.0,2.61,0.0,9.27,3.66,671.34,0.0,1.69
256953920862554,325.89,28,7.64,299.86,18.39,0.0,184.22,305.54,0.0,0.0,0.0,0.0,0.0,0.0,1.87,0.0,2.94,0.0,12.27,3.57,674.37,0.0,1.95
256953926826743,289.97,28,6.17,261.94,21.86,253.46,167.5,266.75,0.0,0.0,0.0,0.0,0.0,0.0,1.63,0.0,2.6,0.0,8.69,3.56,652.94,0.0,1.35
256953933088063,237.42,28,7.5,220.76,9.15,217.76,179.44,226.31,0.0,0.0,0.0,0.0,0.0,0.0,1.92,0.0,2.86,0.0,12.77,3.41,663.32,0.0,1.96
256953938805077,246.56,28,8.28,217.75,20.52,0.0,196.99,223.32,0.0,0.0,0.0,0.0,0.0,0.0,1.65,0.0,2.58,0.0,22.98,4.0,689.87,0.0,2.71
256953944671536,317.86,28,7.92,300.69,9.25,297.22,187.3,306.38,0.0,0.0,0.0,0.0,0.0,0.0,1.75,0.0,2.79,0.0,29.36,3.67,665.63,0.0,2.23
256953950559978,536.04,28,7.31,520.26,8.48,515.46,229.04,525.51,0.0,0.0,0.0,0.0,0.0,0.0,1.58,0.0,2.62,0.0,14.15,3.6,688.6,0.0,2.06
256953957030592,275.72,28,7.05,247.28,21.4,0.0,183.44,252.96,0.0,0.0,0.0,0.0,0.0,0.0,1.91,0.0,3.2,0.0,17.0,3.55,687.07,0.0,1.36
256953962926254,328.76,28,7.32,311.06,10.38,305.06,178.18,316.28,0.0,0.0,0.0,0.0,0.0,0.0,1.68,0.0,2.71,0.0,11.21,3.62,675.65,0.0,2.1
256953968875413,334.84,28,7.71,310.48,16.65,0.0,190.36,316.78,0.0,0.0,0.0,0.0,0.0,0.0,1.63,0.0,2.82,0.0,21.48,3.48,668.04,0.0,1.41
256953974835380,323.84,28,6.94,301.13,15.77,0.0,176.78,306.14,0.0,0.0,0.0,0.0,0.0,0.0,1.7,0.0,2.77,0.0,11.01,3.62,676.89,0.0,1.93
256953981027208,253.25,28,8.05,234.56,10.64,228.9,188.32,240.7,0.0,0.0,0.0,0.0,0.0,0.0,1.85,0.0,2.89,0.0,17.62,3.52,662.51,0.0,1.91
256953986835814,366.08,28,27.41,328.93,9.73,320.54,187.48,336.71,0.0,0.0,0.0,0.0,0.0,0.0,4.3,0.0,5.29,0.0,12.34,4.35,671.47,0.0,18.46
256953992838544,246.98,28,7.79,219.8,19.39,0.0,183.34,224.85,0.0,0.0,0.0,0.0,0.0,0.0,1.52,0.0,2.53,0.0,8.11,3.45,707.09,0.0,2.74
256953998687222,421.61,28,7.3,397.8,16.5,0.0,224.45,402.96,0.0,0.0,0.0,0.0,0.0,0.0,1.69,0.0,2.65,0.0,14.63,3.67,672.85,0.0,2.14
256954004655081,931.64,28,7.02,715.3,209.32,0.0,217.65,720.63,0.0,0.0,0.0,0.0,0.0,0.0,2.22,0.0,3.27,0.0,11.61,3.54,676.46,0.0,1.69
256954012360473,248.47,28,8.01,219.05,21.41,0.0,176.28,224.59,0.0,0.0,0.0,0.0,0.0,0.0,1.53,0.0,2.54,0.0,12.07,3.47,670.94,0.0,2.47
256954018314625,339.33,28,8.48,311.85,19.01,0.0,189.21,317.5,0.0,0.0,0.0,0.0,0.0,0.0,1.66,0.0,2.65,0.0,23.21,3.53,678.13,0.0,2.82
256954024735319,434.9,28,7.55,317.15,110.19,0.0,194.16,321.97,0.0,0.0,0.0,0.0,0.0,0.0,1.48,0.0,2.6,0.0,30.74,3.54,631.99,0.0,2.69
256954030724737,343.88,28,8.1,326.58,9.19,318.8,182.19,332.24,0.0,0.0,0.0,0.0,0.0,0.0,1.52,0.0,2.59,0.0,12.27,3.44,677.76,0.0,2.45
256954036666335,438.09,28,7.92,412.98,17.19,0.0,209.01,418.49,0.0,0.0,0.0,0.0,0.0,0.0,1.7,0.0,2.72,0.0,23.61,3.55,648.38,0.0,2.42
256954042857782,344.57,28,7.78,326.38,10.42,320.22,182.29,332.03,0.0,0.0,0.0,0.0,0.0,0.0,1.62,0.0,2.55,0.0,10.71,3.9,671.65,0.0,2.05
256954048803277,318.41,28,6.65,293.4,18.36,0.0,187.4,298.49,0.0,0.0,0.0,0.0,0.0,0.0,1.9,0.0,2.85,0.0,11.47,3.52,678.05,0.0,1.42
256954055026120,246.9,28,7.79,216.37,22.74,0.0,177.4,222.34,0.0,0.0,0.0,0.0,0.0,0.0,1.79,0.0,2.79,0.0,18.51,3.45,649.68,0.0,1.68
256954060872220,247.84,28,7.18,230.38,10.29,225.74,176.66,235.63,0.0,0.0,0.0,0.0,0.0,0.0,1.42,0.0,2.62,0.0,7.97,3.41,669.94,0.0,1.93
256954066764320,368.62,28,7.14,338.63,22.84,0.0,227.56,344.14,0.0,0.0,0.0,0.0,0.0,0.0,1.58,0.0,2.78,0.0,10.26,3.53,704.92,0.0,1.64
256954073034672,247.78,28,7.51,220.62,19.64,0.0,180.0,225.88,0.0,0.0,0.0,0.0,0.0,0.0,1.73,0.0,2.78,0.0,10.06,3.53,675.86,0.0,2.25
256954078867580,394.74,28,139.06,231.9,23.79,0.0,185.75,237.89,0.0,0.0,0.0,0.0,0.0,0.0,1.97,0.0,3.39,0.0,22.16,3.72,679.61,0.0,132.66
256954085072301,324.97,28,6.59,309.34,9.04,299.08,179.4,314.08,0.0,0.0,0.0,0.0,0.0,0.0,1.73,0.0,2.83,0.0,10.01,3.48,666.5,0.0,1.75
256954090979387,326.8,28,13.32,304.64,8.84,298.64,182.78,315.18,0.0,0.0,0.0,0.0,0.0,0.0,1.62,0.0,2.63,0.0,29.2,7.92,669.17,0.0,2.78
256954097037223,262.07,28,7.87,232.6,21.6,0.0,178.3,238.24,0.0,0.0,0.0,0.0,0.0,0.0,1.76,0.0,2.8,0.0,21.13,3.59,663.46,0.0,2.04
256954102909491,342.4,28,7.89,314.24,20.28,0.0,192.42,320.02,0.0,0.0,0.0,0.0,0.0,0.0,1.61,0.0,2.59,0.0,14.51,3.51,674.36,0.0,2.1
256954109049342,343.59,28,7.47,327.77,8.35,323.83,178.69,333.57,0.0,0.0,0.0,0.0,0.0,0.0,1.53,0.0,2.64,0.0,17.66,3.52,668.11,0.0,1.6
256954115030796,319.03,28,6.61,302.87,9.56,298.14,176.77,307.69,0.0,0.0,0.0,0.0,0.0,0.0,1.78,0.0,2.79,0.0,16.77,3.49,662.38,0.0,1.79
256954120983010,330.56,28,11.34,300.09,19.13,0.0,177.93,309.99,0.0,0.0,0.0,0.0,0.0,0.0,1.63,0.0,2.63,0.0,16.42,8.22,678.99,0.0,1.44
256954126940909,318.77,28,7.45,301.9,9.43,297.68,179.97,307.32,0.0,0.0,0.0,0.0,0.0,0.0,1.5,0.0,2.54,0.0,9.17,3.65,679.25,0.0,2.03
256954132892126,248.88,28,6.63,225.36,16.89,0.0,189.44,230.14,0.0,0.0,0.0,0.0,0.0,0.0,1.55,0.0,2.51,0.0,9.55,3.48,684.12,0.0,1.85
256954139037792,314.75,28,8.34,291.14,15.26,0.0,189.8,297.43,0.0,0.0,0.0,0.0,0.0,0.0,1.54,0.0,2.68,0.0,23.84,3.65,673.14,0.0,2.05
256954145029899,310.08,28,7.3,285.5,17.28,0.0,176.75,291.35,0.0,0.0,0.0,0.0,0.0,0.0,1.62,0.0,2.77,0.0,18.24,3.49,660.29,0.0,1.45
256954150933254,897.71,28,7.86,879.25,10.6,702.11,246.72,884.52,0.0,0.0,0.0,0.0,0.0,0.0,1.51,0.0,2.51,0.0,10.16,3.58,751.87,0.0,2.59
256954159005187,263.17,28,7.46,235.6,20.11,0.0,187.77,240.73,0.0,0.0,0.0,0.0,0.0,0.0,1.69,0.0,2.88,0.0,16.48,3.56,685.51,0.0,2.33
256954165051299,325.95,28,6.88,300.68,18.39,0.0,189.79,305.97,0.0,0.0,0.0,0.0,0.0,0.0,1.78,0.0,2.8,0.0,27.79,3.43,683.14,0.0,1.59
256954171035723,320.28,28,6.75,295.19,18.34,0.0,183.09,299.9,0.0,0.0,0.0,0.0,0.0,0.0,1.73,0.0,2.81,0.0,9.58,3.51,680.19,0.0,2.04
256954176978374,842.11,28,155.22,675.76,11.14,684.69,268.91,825.06,0.0,0.0,0.0,0.0,0.0,0.0,37.88,0.0,39.11,0.0,264.45,113.85,695.98,0.0,5.92
256954184277980,259.8,28,8.14,240.98,10.67,238.13,183.07,247.4,0.0,0.0,0.0,0.0,0.0,0.0,1.83,0.0,2.81,0.0,24.61,3.77,677.66,0.0,1.73
256954190888957,334.45,28,8.53,239.46,86.45,237.49,202.37,245.41,0.0,0.0,0.0,0.0,0.0,0.0,1.56,0.0,2.67,0.0,26.66,4.11,685.7,0.0,2.58
256954197036896,243.12,28,7.02,219.67,16.42,0.0,178.5,224.9,0.0,0.0,0.0,0.0,0.0,0.0,1.79,0.0,2.77,0.0,15.01,3.68,666.45,0.0,1.8
256954203094846,318.39,28,6.71,294.9,16.77,0.0,179.93,288.86,0.0,0.0,0.0,0.0,0.0,0.0,1.74,0.0,2.74,0.0,10.91,3.81,684.26,0.0,1.37
256954209039398,251.13,28,6.5,227.21,17.42,0.0,185.54,232.29,0.0,0.0,0.0,0.0,0.0,0.0,1.76,0.0,2.74,0.0,8.07,3.66,684.3,0.0,1.42
256954214933817,314.18,28,7.67,296.79,9.72,293.48,186.32,302.16,0.0,0.0,0.0,0.0,0.0,0.0,1.53,0.0,2.64,0.0,19.18,3.48,677.24,0.0,1.73
256954220935719,248.33,28,8.07,222.99,17.26,0.0,181.19,228.2,0.0,0.0,0.0,0.0,0.0,0.0,1.63,0.0,2.56,0.0,14.26,3.56,680.07,0.0,2.73
256954226765313,342.54,28,7.41,313.64,21.48,0.0,186.86,318.68,0.0,0.0,0.0,0.0,0.0,0.0,1.61,0.0,2.55,0.0,28.41,3.7,674.27,0.0,2.38
256954232714367,255.44,28,7.68,239.49,8.27,232.9,175.62,244.91,0.0,0.0,0.0,0.0,0.0,0.0,1.55,0.0,2.67,0.0,9.12,3.57,666.1,0.0,2.26
256954238632118,317.44,28,8.42,300.78,8.23,297.55,175.7,306.49,0.0,0.0,0.0,0.0,0.0,0.0,1.81,0.0,2.76,0.0,13.75,3.49,656.58,0.0,2.59
256954244576927,323.84,28,6.88,308.37,8.59,303.43,177.28,313.11,0.0,0.0,0.0,0.0,0.0,0.0,1.58,0.0,2.54,0.0,8.74,3.48,682.68,0.0,2.14
256954250516478,316.74,28,6.92,300.77,9.05,296.28,181.21,304.5,0.0,0.0,0.0,0.0,0.0,0.0,1.64,0.0,2.62,0.0,7.89,3.49,677.0,0.0,2.95
256954257015979,264.26,28,11.68,233.6,18.98,0.0,180.6,238.51,0.0,0.0,0.0,0.0,0.0,0.0,1.66,0.0,2.64,0.0,14.53,3.55,660.46,0.0,6.71
256954262849235,266.64,28,6.98,250.6,9.05,243.96,187.98,255.44,0.0,0.0,0.0,0.0,0.0,0.0,1.49,0.0,2.49,0.0,14.57,3.46,703.56,0.0,2.14
256954268689080,313.07,28,7.35,285.16,20.56,0.0,185.9,290.07,0.0,0.0,0.0,0.0,0.0,0.0,1.54,0.0,2.66,0.0,20.02,3.59,674.21,0.0,2.44
256954274565385,320.24,28,7.26,292.27,20.72,0.0,180.52,297.04,0.0,0.0,0.0,0.0,0.0,0.0,1.84,0.0,2.86,0.0,8.19,3.49,687.46,0.0,2.27
256954280471275,318.84,28,7.15,302.17,9.52,296.49,178.79,307.12,0.0,0.0,0.0,0.0,0.0,0.0,1.63,0.0,2.7,0.0,8.91,3.52,683.63,0.0,2.2
256954286403042,231.98,28,6.73,216.12,9.14,211.21,178.04,220.91,0.0,0.0,0.0,0.0,0.0,0.0,1.61,0.0,2.72,0.0,11.13,3.49,686.6,0.0,1.94
256954292804976,354.02,28,8.22,251.95,93.86,0.0,194.55,257.63,0.0,0.0,0.0,0.0,0.0,0.0,1.84,0.0,2.82,0.0,28.55,3.62,618.48,0.0,2.53
256954298771338,315.29,28,6.96,292.0,16.32,0.0,177.84,296.61,0.0,0.0,0.0,0.0,0.0,0.0,1.71,0.0,2.71,0.0,10.04,3.46,664.04,0.0,2.36
256954304667389,278.37,28,7.64,248.64,22.08,0.0,183.12,253.72,0.0,0.0,0.0,0.0,0.0,0.0,1.62,0.0,2.55,0.0,10.04,3.48,662.51,0.0,2.49
256954310564845,257.99,28,10.32,231.23,16.43,0.0,178.33,236.94,0.0,0.0,0.0,0.0,0.0,0.0,1.67,0.0,2.76,0.0,14.15,3.55,675.22,0.0,4.61
256954317003969,902.79,28,9.04,694.09,199.67,0.0,251.8,700.76,0.0,0.0,0.0,0.0,0.0,0.0,1.68,0.0,2.85,0.0,10.57,5.09,761.26,0.0,2.29
256954324409693,275.68,28,8.11,257.96,9.62,237.15,179.82,247.99,0.0,0.0,0.0,0.0,0.0,0.0,1.55,0.0,2.79,0.0,19.48,3.66,647.99,0.0,2.3
256954330232312,840.08,28,27.16,802.21,10.72,682.86,233.67,810.14,0.0,0.0,0.0,0.0,0.0,0.0,2.79,0.0,3.82,0.0,18.39,5.6,692.97,0.0,18.7
256954338026454,943.32,28,113.34,632.25,197.73,0.0,182.82,743.11,0.0,0.0,0.0,0.0,0.0,0.0,1.76,0.0,109.98,0.0,109.52,95.43,720.69,0.0,2.48
256954344525301,546.38,28,8.65,518.13,19.6,0.0,267.57,524.48,0.0,0.0,0.0,0.0,0.0,0.0,1.9,0.0,3.43,0.0,36.74,3.58,696.63,0.0,2.27
256954350690628,417.44,28,8.54,392.5,16.4,0.0,254.66,398.72,0.0,0.0,0.0,0.0,0.0,0.0,2.1,0.0,3.48,0.0,17.25,3.6,717.26,0.0,2.32
256954356706915,329.61,28,12.63,299.9,17.08,0.0,188.26,305.99,0.0,0.0,0.0,0.0,0.0,0.0,1.7,0.0,2.79,0.0,28.3,3.61,673.43,0.0,6.54
256954362650825,451.43,28,11.46,421.68,18.29,0.0,257.6,430.85,0.0,0.0,0.0,0.0,0.0,0.0,1.71,0.0,2.71,0.0,15.72,7.22,711.67,0.0,2.28
256954368657612,241.81,28,7.45,224.88,9.49,221.5,181.62,230.22,0.0,0.0,0.0,0.0,0.0,0.0,1.56,0.0,2.53,0.0,11.07,3.91,674.41,0.0,2.11
256954374490305,261.64,28,7.32,226.83,27.48,0.0,180.38,232.12,0.0,0.0,0.0,0.0,0.0,0.0,1.58,0.0,2.55,0.0,11.68,3.55,687.24,0.0,2.04
256954380368038,321.82,28,7.36,294.78,19.68,0.0,183.78,299.98,0.0,0.0,0.0,0.0,0.0,0.0,1.66,0.0,2.73,0.0,14.86,3.43,669.54,0.0,2.15
256954386295095,324.97,28,7.26,299.21,18.5,0.0,179.16,303.86,0.0,0.0,0.0,0.0,0.0,0.0,1.52,0.0,2.5,0.0,7.82,3.48,683.79,0.0,2.62
256954392932931,399.55,28,6.91,305.37,87.28,296.58,176.92,310.05,0.0,0.0,0.0,0.0,0.0,0.0,1.56,0.0,2.79,0.0,9.32,3.68,684.84,0.0,2.22
256954398962112,262.14,28,9.04,234.65,18.44,0.0,179.23,241.62,0.0,0.0,0.0,0.0,0.0,0.0,1.51,0.0,2.55,0.0,13.29,5.81,677.01,0.0,2.08
256954404775545,355.73,28,7.97,328.89,18.88,0.0,216.2,335.05,0.0,0.0,0.0,0.0,0.0,0.0,1.64,0.0,2.58,0.0,20.97,4.32,655.02,0.0,1.81
256954410755205,317.82,28,7.47,301.29,9.06,297.83,182.13,306.77,0.0,0.0,0.0,0.0,0.0,0.0,1.48,0.0,2.69,0.0,15.66,3.5,679.47,0.0,1.98
256954416659846,321.97,28,7.7,296.59,17.69,0.0,178.54,302.19,0.0,0.0,0.0,0.0,0.0,0.0,1.68,0.0,2.68,0.0,11.02,3.52,676.05,0.0,2.09
256954422667434,355.76,28,7.07,331.04,17.66,0.0,180.56,335.86,0.0,0.0,0.0,0.0,0.0,0.0,1.6,0.0,2.56,0.0,8.55,3.53,686.41,0.0,2.24
256954428619771,487.05,28,8.94,468.21,9.9,466.67,236.9,474.75,0.0,0.0,0.0,0.0,0.0,0.0,1.81,0.0,2.97,0.0,10.15,5.15,762.02,0.0,2.4
256954434763165,245.59,28,7.19,228.44,9.96,222.86,177.48,233.26,0.0,0.0,0.0,0.0,0.0,0.0,1.74,0.0,2.73,0.0,14.11,3.43,672.17,0.0,2.2
256954441024667,320.84,28,7.32,295.78,17.73,0.0,176.99,300.86,0.0,0.0,0.0,0.0,0.0,0.0,1.45,0.0,2.5,0.0,10.0,3.49,674.07,0.0,2.12
256954446974881,318.01,28,6.85,292.09,19.07,0.0,180.15,297.26,0.0,0.0,0.0,0.0,0.0,0.0,1.56,0.0,2.59,0.0,13.77,3.55,674.79,0.0,1.68
256954452813845,258.97,28,6.82,234.7,17.45,0.0,171.48,239.59,0.0,0.0,0.0,0.0,0.0,0.0,1.72,0.0,2.83,0.0,11.75,3.56,658.13,0.0,1.93
256954458698787,261.83,28,7.9,244.97,8.95,242.02,174.12,250.4,0.0,0.0,0.0,0.0,0.0,0.0,1.64,0.0,2.84,0.0,9.57,3.75,671.72,0.0,2.48
256954464558392,526.41,28,7.45,510.14,8.82,503.55,245.72,515.25,0.0,0.0,0.0,0.0,0.0,0.0,1.7,0.0,2.65,0.0,13.27,3.53,725.83,0.0,2.34
256954471036702,256.63,28,7.04,233.29,16.31,0.0,177.5,238.19,0.0,0.0,0.0,0.0,0.0,0.0,1.52,0.0,2.52,0.0,8.08,3.41,672.21,0.0,2.13
256954477039392,909.84,28,10.12,761.93,137.79,0.0,229.25,770.4,0.0,0.0,0.0,0.0,0.0,0.0,1.67,0.0,2.72,0.0,23.29,7.14,640.43,0.0,1.65
256954483640211,487.68,28,6.35,463.24,18.1,0.0,223.05,467.93,0.0,0.0,0.0,0.0,0.0,0.0,1.5,0.0,2.42,0.0,8.06,3.58,719.16,0.0,1.66
256954489743291,427.62,28,7.1,411.61,8.92,405.88,250.01,416.74,0.0,0.0,0.0,0.0,0.0,0.0,1.53,0.0,2.64,0.0,14.62,3.7,724.16,0.0,1.97
256954495797505,402.98,28,176.0,217.43,9.55,383.3,205.85,390.91,0.0,0.0,0.0,0.0,0.0,0.0,170.47,0.0,171.62,0.0,13.32,3.53,672.87,0.0,2.52
256954501904610,241.13,28,8.86,222.26,10.01,221.21,178.37,228.88,0.0,0.0,0.0,0.0,0.0,0.0,1.64,0.0,3.0,0.0,22.59,3.61,655.49,0.0,2.24
256954507758743,369.0,28,8.41,351.41,9.18,346.94,224.01,357.54,0.0,0.0,0.0,0.0,0.0,0.0,1.61,0.0,3.1,0.0,16.54,3.96,671.25,0.0,2.28
256954514030184,258.88,28,6.78,234.81,17.28,0.0,178.94,239.16,0.0,0.0,0.0,0.0,0.0,0.0,1.76,0.0,2.93,0.0,10.22,3.48,657.94,0.0,2.43
256954519896348,281.6,28,12.37,260.53,8.7,256.0,178.06,266.01,0.0,0.0,0.0,0.0,0.0,0.0,1.54,0.0,2.55,0.0,19.93,3.53,664.17,0.0,6.89
256954525765028,325.0,28,7.3,309.11,8.59,306.33,185.55,314.49,0.0,0.0,0.0,0.0,0.0,0.0,1.58,0.0,2.71,0.0,9.85,3.61,691.75,0.0,1.92
256954531726408,338.36,28,8.31,314.6,15.45,0.0,170.86,320.28,0.0,0.0,0.0,0.0,0.0,0.0,1.7,0.0,2.66,0.0,10.31,3.47,652.7,0.0,2.62
256954538031549,1048.37,28,6.08,480.26,562.04,0.0,168.87,484.93,0.0,0.0,0.0,0.0,0.0,0.0,1.85,0.0,2.85,0.0,8.87,3.59,652.0,0.0,1.41
256954544676137,470.07,28,10.27,448.36,11.43,448.89,235.41,456.55,0.0,0.0,0.0,0.0,0.0,0.0,1.7,0.0,2.8,0.0,15.22,6.18,690.29,0.0,2.09
256954551044282,320.58,28,7.86,293.53,19.19,0.0,183.41,299.22,0.0,0.0,0.0,0.0,0.0,0.0,1.75,0.0,2.73,0.0,19.13,3.55,660.65,0.0,2.16
256954556968722,255.72,28,8.07,229.45,18.19,0.0,179.21,234.93,0.0,0.0,0.0,0.0,0.0,0.0,1.56,0.0,2.79,0.0,16.07,3.56,640.8,0.0,2.6
256954562801928,257.61,28,7.42,241.53,8.67,238.29,177.84,246.63,0.0,0.0,0.0,0.0,0.0,0.0,1.76,0.0,2.99,0.0,8.26,3.48,675.87,0.0,2.31
256954568693332,239.95,28,8.29,222.43,9.23,219.3,177.38,228.0,0.0,0.0,0.0,0.0,0.0,0.0,1.62,0.0,2.63,0.0,11.78,3.5,662.83,0.0,2.62
256954574522222,249.34,28,6.96,233.05,9.33,228.23,179.69,237.84,0.0,0.0,0.0,0.0,0.0,0.0,1.65,0.0,2.65,0.0,12.88,3.55,668.71,0.0,2.02
256954580402850,649.44,28,7.75,624.82,16.87,0.0,236.25,629.69,0.0,0.0,0.0,0.0,0.0,0.0,1.57,0.0,2.72,0.0,19.85,3.63,691.5,0.0,2.61
256954586637425,316.0,28,7.23,299.02,9.75,296.11,178.07,303.37,0.0,0.0,0.0,0.0,0.0,0.0,1.52,0.0,2.65,0.0,8.14,3.49,678.31,0.0,2.82
256954592568219,281.2,28,7.48,250.38,23.33,0.0,177.14,255.59,0.0,0.0,0.0,0.0,0.0,0.0,1.48,0.0,2.45,0.0,11.98,3.56,671.7,0.0,2.27
256954598456927,615.16,28,11.28,594.24,9.65,590.7,213.03,602.65,0.0,0.0,0.0,0.0,0.0,0.0,1.41,0.0,2.4,0.0,21.8,6.31,656.87,0.0,2.86
256954604718515,433.66,28,7.32,409.72,16.62,0.0,237.18,415.23,0.0,0.0,0.0,0.0,0.0,0.0,1.66,0.0,2.77,0.0,11.01,3.57,714.37,0.0,1.81
256954610758669,369.94,28,7.6,353.84,8.5,351.48,232.04,359.18,0.0,0.0,0.0,0.0,0.0,0.0,1.68,0.0,2.67,0.0,13.08,3.52,699.73,0.0,2.26
256954616784979,319.47,28,6.73,303.94,8.8,300.72,179.71,308.47,0.0,0.0,0.0,0.0,0.0,0.0,1.5,0.0,2.5,0.0,8.23,3.6,684.22,0.0,2.2
256954623032734,255.95,28,6.59,240.83,8.54,226.04,185.64,245.72,0.0,0.0,0.0,0.0,0.0,0.0,1.82,0.0,2.88,0.0,12.43,3.5,685.52,0.0,1.69
256954628914692,244.23,28,6.97,220.84,16.42,0.0,176.97,225.88,0.0,0.0,0.0,0.0,0.0,0.0,1.68,0.0,2.64,0.0,8.25,3.52,687.14,0.0,1.92
256954634773619,322.73,28,7.42,306.33,8.98,303.31,179.7,311.51,0.0,0.0,0.0,0.0,0.0,0.0,1.84,0.0,2.84,0.0,14.35,3.58,678.98,0.0,2.24
256954640747684,880.38,28,7.89,733.29,139.2,0.0,217.59,738.67,0.0,0.0,0.0,0.0,0.0,0.0,2.1,0.0,3.07,0.0,14.75,3.57,681.38,0.0,2.51
256954647557849,556.76,28,21.33,519.12,16.31,0.0,259.56,524.46,0.0,0.0,0.0,0.0,0.0,0.0,1.64,0.0,2.81,0.0,29.63,3.55,706.76,0.0,15.37
256954654220796,390.39,28,8.03,303.08,79.29,301.78,188.57,309.54,0.0,0.0,0.0,0.0,0.0,0.0,1.95,0.0,3.04,0.0,18.47,3.57,680.4,0.0,1.56
256954660244726,322.25,28,5.92,300.84,15.48,0.0,181.57,304.61,0.0,0.0,0.0,0.0,0.0,0.0,1.51,0.0,2.5,0.0,9.08,3.44,672.98,0.0,2.15
256954666801331,408.47,28,7.2,309.74,91.53,305.3,181.59,314.55,0.0,0.0,0.0,0.0,0.0,0.0,1.56,0.0,2.58,0.0,13.44,3.49,649.7,0.0,2.39
256954672815598,271.55,28,7.58,254.48,9.49,247.38,176.91,259.81,0.0,0.0,0.0,0.0,0.0,0.0,1.7,0.0,2.77,0.0,11.23,3.63,679.06,0.0,2.25
256954678743900,273.9,28,6.98,256.91,10.02,233.68,178.31,261.73,0.0,0.0,0.0,0.0,0.0,0.0,1.45,0.0,2.47,0.0,9.96,3.52,677.0,0.0,2.15
256954684616566,259.79,28,6.8,244.82,8.18,240.4,186.98,249.59,0.0,0.0,0.0,0.0,0.0,0.0,1.57,0.0,2.56,0.0,8.15,3.48,679.78,0.0,2.03
256954690530678,539.06,28,75.72,447.48,15.86,0.0,183.69,517.38,0.0,0.0,0.0,0.0,0.0,0.0,2.65,0.0,69.44,0.0,25.7,4.67,718.9,0.0,5.31
256954696706468,421.29,28,76.23,334.67,10.4,394.83,223.01,408.22,0.0,0.0,0.0,0.0,0.0,0.0,2.01,0.0,70.79,0.0,10.59,3.71,697.03,0.0,2.67
256954702783220,324.29,28,11.35,295.7,17.24,0.0,188.53,302.19,0.0,0.0,0.0,0.0,0.0,0.0,1.62,0.0,3.0,0.0,26.99,3.58,660.2,0.0,4.77
256954708796684,258.54,28,7.65,241.82,9.07,238.1,185.93,246.57,0.0,0.0,0.0,0.0,0.0,0.0,1.57,0.0,2.68,0.0,9.33,3.54,689.6,0.0,2.88
256954715030900,233.13,28,8.41,208.04,16.68,0.0,180.9,214.03,0.0,0.0,0.0,0.0,0.0,0.0,1.79,0.0,3.05,0.0,15.21,3.62,650.37,0.0,2.42
256954721125359,234.6,28,6.93,211.98,15.69,0.0,174.95,217.2,0.0,0.0,0.0,0.0,0.0,0.0,1.89,0.0,2.87,0.0,12.09,3.54,666.2,0.0,1.71
256954727082180,322.99,28,6.65,306.49,9.85,302.74,174.74,311.25,0.0,0.0,0.0,0.0,0.0,0.0,1.63,0.0,2.58,0.0,10.26,3.53,656.01,0.0,1.76
256954732995131,287.39,28,8.08,254.19,25.12,0.0,179.44,260.21,0.0,0.0,0.0,0.0,0.0,0.0,1.74,0.0,2.8,0.0,14.2,3.53,671.05,0.0,1.86
256954738916575,255.91,28,7.29,229.98,18.64,0.0,181.31,235.0,0.0,0.0,0.0,0.0,0.0,0.0,1.8,0.0,2.77,0.0,8.23,3.5,688.68,0.0,2.09
256954745033291,349.49,28,6.39,321.34,21.75,0.0,177.63,326.02,0.0,0.0,0.0,0.0,0.0,0.0,1.61,0.0,2.61,0.0,13.32,3.56,657.5,0.0,1.5
256954750997010,320.92,28,7.68,302.71,10.53,300.28,177.31,308.8,0.0,0.0,0.0,0.0,0.0,0.0,1.85,0.0,3.04,0.0,12.42,3.53,669.46,0.0,1.58
256954757092985,320.16,28,6.26,295.92,17.98,0.0,175.64,300.83,0.0,0.0,0.0,0.0,0.0,0.0,1.84,0.0,2.94,0.0,8.65,3.44,669.65,0.0,1.35
256954763058335,315.57,28,6.01,291.86,17.69,0.0,185.7,296.69,0.0,0.0,0.0,0.0,0.0,0.0,1.57,0.0,2.76,0.0,10.57,3.47,686.35,0.0,1.18
256954768977725,323.15,28,6.92,306.15,10.08,301.81,176.26,310.78,0.0,0.0,0.0,0.0,0.0,0.0,1.77,0.0,2.73,0.0,8.51,3.44,664.53,0.0,2.29
256954774939288,273.13,28,8.24,243.97,20.92,0.0,182.57,249.7,0.0,0.0,0.0,0.0,0.0,0.0,1.57,0.0,2.75,0.0,24.19,3.7,662.21,0.0,2.51
256954780760693,315.03,28,7.5,289.76,17.77,0.0,176.97,295.19,0.0,0.0,0.0,0.0,0.0,0.0,1.55,0.0,2.65,0.0,9.01,3.52,662.4,0.0,2.06
256954786724716,430.05,28,6.54,414.14,9.37,409.54,260.19,419.07,0.0,0.0,0.0,0.0,0.0,0.0,1.75,0.0,2.9,0.0,13.21,3.47,762.46,0.0,1.62
256954792727129,397.25,28,7.42,380.63,9.2,374.19,212.5,386.0,0.0,0.0,0.0,0.0,0.0,0.0,1.53,0.0,2.57,0.0,10.84,3.59,693.32,0.0,2.04
256954798795825,867.88,28,8.71,849.76,9.41,748.93,203.54,856.23,0.0,0.0,0.0,0.0,0.0,0.0,1.5,0.0,2.49,0.0,10.08,5.14,715.8,0.0,2.24
256954805557880,255.23,28,7.58,226.77,20.87,0.0,173.83,232.21,0.0,0.0,0.0,0.0,0.0,0.0,1.55,0.0,2.68,0.0,8.68,3.74,671.0,0.0,2.15
256954811954913,949.18,28,10.23,879.56,59.39,701.35,225.96,886.56,0.0,0.0,0.0,0.0,0.0,0.0,1.53,0.0,2.88,0.0,15.69,6.45,722.8,0.0,3.22
256954819062170,257.56,28,8.09,226.2,23.27,0.0,177.12,231.99,0.0,0.0,0.0,0.0,0.0,0.0,1.77,0.0,2.81,0.0,20.96,3.57,660.67,0.0,2.29
256954825035231,960.27,28,8.04,806.65,145.58,0.0,253.99,812.91,0.0,0.0,0.0,0.0,0.0,0.0,1.52,0.0,2.7,0.0,87.26,3.56,695.87,0.0,1.78
256954832028564,326.11,28,7.97,300.38,17.76,0.0,181.31,305.67,0.0,0.0,0.0,0.0,0.0,0.0,1.54,0.0,2.6,0.0,8.02,3.46,685.14,0.0,2.68
256954838017279,314.2,28,6.85,298.18,9.18,294.71,182.19,303.65,0.0,0.0,0.0,0.0,0.0,0.0,1.64,0.0,2.86,0.0,11.95,3.54,671.37,0.0,1.38
256954843996284,812.09,28,7.33,791.52,13.24,664.18,248.38,797.29,0.0,0.0,0.0,0.0,0.0,0.0,1.95,0.0,3.39,0.0,27.26,3.92,708.7,0.0,1.56
256954851423342,646.44,28,7.38,621.08,17.98,0.0,256.03,626.16,0.0,0.0,0.0,0.0,0.0,0.0,1.22,0.0,2.3,0.0,28.14,3.52,696.74,0.0,2.3
256954857741020,237.05,28,8.22,219.56,9.27,216.71,178.04,225.64,0.0,0.0,0.0,0.0,0.0,0.0,2.32,0.0,3.69,0.0,10.79,3.49,679.41,0.0,2.15
256954863646042,319.63,28,7.78,295.2,16.66,0.0,179.22,300.44,0.0,0.0,0.0,0.0,0.0,0.0,1.8,0.0,3.03,0.0,11.71,3.54,667.32,0.0,2.54
256954870041890,255.6,28,7.31,238.8,9.5,235.34,177.75,244.33,0.0,0.0,0.0,0.0,0.0,0.0,1.59,0.0,2.77,0.0,16.67,3.47,663.7,0.0,1.77
256954875972648,314.69,28,21.86,282.19,10.64,276.36,188.31,289.5,0.0,0.0,0.0,0.0,0.0,0.0,1.56,0.0,2.79,0.0,14.61,6.05,685.85,0.0,13.76
256954882052275,257.63,28,6.72,232.77,18.13,0.0,176.02,238.04,0.0,0.0,0.0,0.0,0.0,0.0,1.58,0.0,2.73,0.0,11.65,3.49,662.3,0.0,1.45
256954887971307,321.63,28,7.21,298.33,16.1,0.0,179.94,303.25,0.0,0.0,0.0,0.0,0.0,0.0,1.67,0.0,2.6,0.0,9.98,3.43,677.36,0.0,2.29
256954893922879,315.85,28,6.93,300.89,8.03,297.61,173.0,305.66,0.0,0.0,0.0,0.0,0.0,0.0,1.82,0.0,2.76,0.0,8.54,3.51,676.72,0.0,2.16
256954900050346,271.65,28,8.01,241.86,21.78,0.0,184.69,247.72,0.0,0.0,0.0,0.0,0.0,0.0,1.73,0.0,2.69,0.0,13.15,3.72,662.88,0.0,2.07
256954905990420,893.41,28,8.44,875.72,9.25,756.57,232.86,880.91,0.0,0.0,0.0,0.0,0.0,0.0,1.82,0.0,2.85,0.0,18.9,3.67,748.04,0.0,3.24
256954912659360,484.14,28,9.01,466.21,8.92,463.2,245.85,472.5,0.0,0.0,0.0,0.0,0.0,0.0,1.64,0.0,2.6,0.0,15.74,5.38,717.8,0.0,2.72
256954918742176,335.03,28,6.73,317.72,10.58,314.26,179.5,322.61,0.0,0.0,0.0,0.0,0.0,0.0,1.49,0.0,2.58,0.0,9.55,3.57,679.79,0.0,1.84
256954924743113,316.91,28,6.75,292.64,17.52,0.0,178.93,297.51,0.0,0.0,0.0,0.0,0.0,0.0,1.88,0.0,2.92,0.0,9.67,3.5,686.03,0.0,1.89
256954930666442,474.74,28,7.57,457.69,9.48,453.74,242.06,462.74,0.0,0.0,0.0,0.0,0.0,0.0,1.8,0.0,2.81,0.0,15.64,3.52,701.59,0.0,2.52
256954936792670,379.22,28,8.26,362.38,8.58,358.55,212.36,368.08,0.0,0.0,0.0,0.0,0.0,0.0,1.63,0.0,2.59,0.0,14.29,3.79,683.68,0.0,2.56
256954942842456,307.81,28,8.38,280.7,18.73,0.0,186.83,286.74,0.0,0.0,0.0,0.0,0.0,0.0,1.9,0.0,2.94,0.0,15.32,3.76,659.15,0.0,2.3
256954949464619,613.45,28,7.69,501.52,104.25,0.0,250.01,507.6,0.0,0.0,0.0,0.0,0.0,0.0,2.39,0.0,3.39,0.0,19.48,3.48,697.92,0.0,1.6
256954955794129,326.0,28,6.99,301.97,17.04,0.0,176.47,307.21,0.0,0.0,0.0,0.0,0.0,0.0,1.37,0.0,2.47,0.0,9.08,3.46,667.83,0.0,1.75
256954962031228,265.46,28,7.65,248.76,9.05,243.73,186.56,254.04,0.0,0.0,0.0,0.0,0.0,0.0,1.78,0.0,2.81,0.0,17.66,3.65,673.52,0.0,1.93
256954967978164,349.49,28,6.5,326.35,16.63,0.0,182.88,331.14,0.0,0.0,0.0,0.0,0.0,0.0,1.79,0.0,2.77,0.0,8.87,3.62,694.39,0.0,1.72
256954974081118,256.24,28,7.28,232.08,16.87,0.0,182.34,238.31,0.0,0.0,0.0,0.0,0.0,0.0,1.75,0.0,2.73,0.0,11.63,3.5,669.71,0.0,1.05
256954980052515,243.87,28,7.07,220.01,16.8,0.0,192.69,225.74,0.0,0.0,0.0,0.0,0.0,0.0,1.9,0.0,2.94,0.0,16.28,3.45,685.22,0.0,1.33
256954985972289,802.18,28,6.31,643.63,152.25,0.0,216.28,648.28,0.0,0.0,0.0,0.0,0.0,0.0,1.77,0.0,2.75,0.0,10.55,3.47,725.25,0.0,1.55
256954993027536,260.22,28,7.81,235.28,17.12,0.0,182.56,240.78,0.0,0.0,0.0,0.0,0.0,0.0,1.62,0.0,2.68,0.0,16.55,3.55,674.58,0.0,2.32
256954999075846,307.97,28,6.21,286.07,15.68,0.0,178.44,291.17,0.0,0.0,0.0,0.0,0.0,0.0,1.63,0.0,2.59,0.0,12.62,3.58,669.81,0.0,1.11
256955005305626,332.94,28,14.64,298.75,19.55,0.0,182.29,310.3,0.0,0.0,0.0,0.0,0.0,0.0,6.63,0.0,7.8,0.0,29.09,3.79,677.96,0.0,3.06
256955011770693,434.59,28,21.01,305.51,108.06,0.0,230.3,311.97,0.0,0.0,0.0,0.0,0.0,0.0,1.87,0.0,2.84,0.0,35.11,3.62,651.63,0.0,14.55
256955018480844,612.84,28,7.9,511.51,93.43,509.04,365.84,517.9,0.0,0.0,0.0,0.0,0.0,0.0,1.5,0.0,2.77,0.0,127.93,3.62,713.84,0.0,1.5
256955024757627,372.53,28,8.69,355.28,8.57,351.66,232.6,361.79,0.0,0.0,0.0,0.0,0.0,0.0,1.73,0.0,2.97,0.0,15.57,4.12,686.13,0.0,2.17
256955031033566,272.05,28,7.24,255.61,9.2,250.66,180.58,261.1,0.0,0.0,0.0,0.0,0.0,0.0,1.57,0.0,2.73,0.0,17.14,3.52,667.84,0.0,1.75
256955037068759,253.57,28,6.07,229.97,17.53,0.0,177.75,234.87,0.0,0.0,0.0,0.0,0.0,0.0,1.46,0.0,2.61,0.0,9.27,3.5,680.29,0.0,1.18
256955043814817,363.51,28,7.27,269.3,86.94,265.25,187.43,275.03,0.0,0.0,0.0,0.0,0.0,0.0,1.56,0.0,2.71,0.0,41.03,3.55,669.11,0.0,1.54
256955049858430,247.99,28,6.67,221.26,20.06,0.0,174.03,226.02,0.0,0.0,0.0,0.0,0.0,0.0,1.66,0.0,2.77,0.0,8.56,3.44,678.36,0.0,1.91
256955055760511,235.4,28,7.87,218.4,9.13,213.84,181.35,223.8,0.0,0.0,0.0,0.0,0.0,0.0,1.56,0.0,2.67,0.0,14.2,3.49,693.04,0.0,2.47
256955061679526,436.48,28,7.19,410.86,18.43,0.0,227.91,415.87,0.0,0.0,0.0,0.0,0.0,0.0,1.39,0.0,2.5,0.0,23.45,3.46,694.06,0.0,2.19
256955067729383,261.64,28,7.6,236.98,17.06,0.0,178.55,242.62,0.0,0.0,0.0,0.0,0.0,0.0,1.68,0.0,2.84,0.0,13.58,3.55,663.53,0.0,1.95
256955073591149,321.13,28,7.33,304.02,9.79,298.64,189.02,309.36,0.0,0.0,0.0,0.0,0.0,0.0,1.59,0.0,2.73,0.0,9.4,3.48,696.5,0.0,1.87
256955080037743,929.03,28,6.57,909.88,12.58,688.04,221.38,914.38,0.0,0.0,0.0,0.0,0.0,0.0,1.62,0.0,2.6,0.0,13.62,3.64,664.51,0.0,2.07
256955086698777,260.65,28,6.39,245.28,8.98,238.26,177.74,249.53,0.0,0.0,0.0,0.0,0.0,0.0,1.71,0.0,2.83,0.0,8.94,3.45,677.99,0.0,2.04
256955093024292,328.72,28,7.06,313.3,8.35,300.1,183.12,318.03,0.0,0.0,0.0,0.0,0.0,0.0,1.66,0.0,2.84,0.0,8.61,3.54,692.53,0.0,2.1
256955099005277,324.17,28,6.54,296.49,21.15,0.0,175.04,301.31,0.0,0.0,0.0,0.0,0.0,0.0,1.73,0.0,2.89,0.0,9.9,3.48,673.29,0.0,1.58
256955105073441,267.08,28,7.04,251.77,8.27,247.39,191.25,257.38,0.0,0.0,0.0,0.0,0.0,0.0,1.62,0.0,2.76,0.0,24.47,3.53,664.4,0.0,1.44
256955111062276,270.53,28,6.86,255.45,8.22,249.14,188.09,261.02,0.0,0.0,0.0,0.0,0.0,0.0,1.85,0.0,2.94,0.0,15.81,3.43,674.91,0.0,1.29
256955116961888,863.33,28,8.03,843.59,11.7,710.64,227.25,849.27,0.0,0.0,0.0,0.0,0.0,0.0,1.57,0.0,2.52,0.0,13.64,5.73,703.65,0.0,2.35
256955124042149,320.52,28,8.17,295.41,16.93,0.0,187.62,301.17,0.0,0.0,0.0,0.0,0.0,0.0,1.6,0.0,2.87,0.0,12.7,3.41,677.71,0.0,2.42
256955130025056,319.8,28,7.65,294.62,17.53,0.0,182.53,300.89,0.0,0.0,0.0,0.0,0.0,0.0,1.72,0.0,2.8,0.0,18.21,3.47,662.5,0.0,1.38
256955136080599,350.55,28,5.69,335.78,9.08,332.15,177.2,340.59,0.0,0.0,0.0,0.0,0.0,0.0,1.6,0.0,2.86,0.0,7.83,3.45,657.09,0.0,0.88
256955142092495,309.72,28,6.43,293.93,9.36,290.44,176.42,299.03,0.0,0.0,0.0,0.0,0.0,0.0,1.46,0.0,2.41,0.0,9.75,3.53,663.03,0.0,1.33
256955148103673,248.04,28,6.44,232.55,9.05,229.04,182.35,237.78,0.0,0.0,0.0,0.0,0.0,0.0,1.91,0.0,2.9,0.0,9.31,3.53,686.6,0.0,1.21
256955154096360,1204.6,28,7.03,544.21,653.35,348.79,161.15,549.72,0.0,0.0,0.0,0.0,0.0,0.0,1.73,0.0,3.08,0.0,9.11,3.6,635.28,0.0,1.52
256955161610380,328.2,28,10.76,308.7,8.74,306.31,182.37,314.72,0.0,0.0,0.0,0.0,0.0,0.0,1.57,0.0,2.53,0.0,20.55,3.5,664.47,0.0,4.74
256955167616137,258.45,28,7.15,232.53,18.77,0.0,175.51,237.63,0.0,0.0,0.0,0.0,0.0,0.0,2.01,0.0,2.96,0.0,9.06,3.45,670.58,0.0,2.05
256955173732418,822.32,28,64.11,746.48,11.74,653.27,205.21,808.4,0.0,0.0,0.0,0.0,0.0,0.0,10.43,0.0,59.3,0.0,14.11,3.81,631.77,0.0,2.18
256955180592049,502.32,28,27.89,456.79,17.65,0.0,216.82,463.52,0.0,0.0,0.0,0.0,0.0,0.0,2.23,0.0,3.64,0.0,15.12,4.04,676.91,0.0,21.0
256955186702820,906.22,28,9.01,694.56,202.65,0.0,233.97,701.48,0.0,0.0,0.0,0.0,0.0,0.0,1.65,0.0,2.84,0.0,12.79,5.75,714.97,0.0,2.08
256955194026585,864.38,28,6.89,674.39,183.1,0.0,251.25,679.32,0.0,0.0,0.0,0.0,0.0,0.0,1.69,0.0,2.78,0.0,9.36,3.47,755.63,0.0,1.96
256955201037258,973.4,28,7.91,956.41,9.08,849.83,218.38,962.68,0.0,0.0,0.0,0.0,0.0,0.0,1.63,0.0,3.06,0.0,9.8,4.4,678.09,0.0,1.64
256955207661936,311.39,28,7.91,287.43,16.05,0.0,183.99,293.03,0.0,0.0,0.0,0.0,0.0,0.0,1.68,0.0,2.64,0.0,12.99,3.63,671.62,0.0,2.32
256955214031212,320.61,28,7.62,304.58,8.41,302.7,189.28,309.99,0.0,0.0,0.0,0.0,0.0,0.0,1.43,0.0,2.53,0.0,12.15,3.52,684.84,0.0,2.2
256955220046908,314.24,28,6.17,297.81,10.26,294.48,186.57,302.98,0.0,0.0,0.0,0.0,0.0,0.0,1.52,0.0,2.52,0.0,8.8,3.47,671.95,0.0,1.0
256955225988612,246.72,28,12.85,225.08,8.79,220.07,192.59,231.19,0.0,0.0,0.0,0.0,0.0,0.0,1.85,0.0,3.07,0.0,13.93,3.53,695.95,0.0,6.74
256955231891135,325.11,28,7.66,297.67,19.78,0.0,182.07,302.48,0.0,0.0,0.0,0.0,0.0,0.0,1.41,0.0,2.48,0.0,11.02,3.73,655.56,0.0,2.73
256955237914576,281.29,28,6.93,255.73,18.62,0.0,180.22,261.19,0.0,0.0,0.0,0.0,0.0,0.0,1.74,0.0,2.71,0.0,16.43,3.53,667.55,0.0,1.48
256955243915024,340.55,28,7.21,314.45,18.89,0.0,181.0,319.63,0.0,0.0,0.0,0.0,0.0,0.0,1.82,0.0,2.81,0.0,9.28,3.53,684.1,0.0,2.02
256955250048603,264.29,28,6.89,248.55,8.85,245.13,178.42,253.89,0.0,0.0,0.0,0.0,0.0,0.0,1.44,0.0,2.43,0.0,13.21,3.58,669.22,0.0,1.55
256955255968908,328.71,28,7.29,313.06,8.36,309.66,178.23,318.52,0.0,0.0,0.0,0.0,0.0,0.0,1.82,0.0,2.83,0.0,16.06,3.52,667.66,0.0,1.82
256955261985132,320.26,28,7.31,295.04,17.9,0.0,178.88,300.32,0.0,0.0,0.0,0.0,0.0,0.0,1.66,0.0,2.65,0.0,14.79,3.49,676.54,0.0,2.03
256955267942754,1010.04,28,7.01,991.29,11.74,773.78,236.7,997.03,0.0,0.0,0.0,0.0,0.0,0.0,1.6,0.0,2.57,0.0,9.92,3.87,706.74,0.0,1.27
256955275026709,318.72,28,7.24,292.06,19.42,0.0,172.82,297.31,0.0,0.0,0.0,0.0,0.0,0.0,1.61,0.0,2.59,0.0,10.29,3.49,647.77,0.0,1.99
256955281027043,324.99,28,6.49,299.16,19.34,0.0,177.08,304.39,0.0,0.0,0.0,0.0,0.0,0.0,1.56,0.0,2.65,0.0,20.58,3.44,667.56,0.0,1.26
256955287024636,316.9,28,5.96,293.71,17.23,0.0,169.79,298.62,0.0,0.0,0.0,0.0,0.0,0.0,1.47,0.0,2.64,0.0,13.07,3.48,653.61,0.0,1.05
256955293069123,246.66,28,7.27,230.65,8.74,225.7,180.24,236.68,0.0,0.0,0.0,0.0,0.0,0.0,1.71,0.0,2.84,0.0,12.28,3.52,675.61,0.0,1.25
256955298960635,336.45,28,7.06,309.36,20.04,0.0,198.73,314.54,0.0,0.0,0.0,0.0,0.0,0.0,1.92,0.0,3.06,0.0,19.93,3.56,663.35,0.0,1.88
256955305044031,891.97,28,5.92,741.28,144.77,0.0,230.09,745.88,0.0,0.0,0.0,0.0,0.0,0.0,1.94,0.0,3.06,0.0,9.0,3.56,723.1,0.0,1.31
256955311683425,315.37,28,8.56,289.23,17.57,0.0,177.39,295.39,0.0,0.0,0.0,0.0,0.0,0.0,1.64,0.0,2.81,0.0,17.59,3.53,671.79,0.0,2.4
256955317659456,275.43,28,6.77,260.02,8.64,252.89,179.99,265.11,0.0,0.0,0.0,0.0,0.0,0.0,1.83,0.0,2.81,0.0,9.64,3.58,672.0,0.0,1.67
256955323566327,536.79,28,53.92,474.13,8.74,513.46,215.57,523.86,0.0,0.0,0.0,0.0,0.0,0.0,45.34,0.0,46.53,0.0,21.95,4.08,684.74,0.0,3.99
256955330062480,256.09,28,7.2,231.54,17.35,0.0,178.74,237.18,0.0,0.0,0.0,0.0,0.0,0.0,2.08,0.0,3.47,0.0,12.07,3.48,667.89,0.0,1.56
256955336758555,390.11,28,10.74,294.11,85.26,0.0,184.64,302.63,0.0,0.0,0.0,0.0,0.0,0.0,1.86,0.0,3.0,0.0,18.21,10.28,674.65,0.0,2.22
256955342843278,343.87,28,6.64,319.74,17.49,0.0,182.23,324.73,0.0,0.0,0.0,0.0,0.0,0.0,1.84,0.0,2.96,0.0,8.17,3.53,699.67,0.0,1.65
256955348929480,249.6,28,7.82,230.86,10.92,227.26,201.16,236.5,0.0,0.0,0.0,0.0,0.0,0.0,1.6,0.0,2.65,0.0,29.45,3.58,649.14,0.0,2.18
256955354852816,305.6,28,8.98,278.46,18.16,0.0,180.98,285.21,0.0,0.0,0.0,0.0,0.0,0.0,1.59,0.0,2.65,0.0,15.23,4.87,670.76,0.0,2.22
256955360838134,312.57,28,6.77,288.65,17.15,0.0,180.41,293.82,0.0,0.0,0.0,0.0,0.0,0.0,1.65,0.0,2.6,0.0,22.85,3.58,627.9,0.0,1.6
256955366798089,336.31,28,13.5,314.12,8.68,310.81,199.6,321.29,0.0,0.0,0.0,0.0,0.0,0.0,3.1,0.0,4.22,0.0,20.9,3.75,655.65,0.0,6.34
256955372785116,379.56,28,7.79,355.25,16.52,0.0,209.02,360.77,0.0,0.0,0.0,0.0,0.0,0.0,1.39,0.0,2.4,0.0,11.72,4.29,674.37,0.0,2.28
256955378847905,312.82,28,11.81,284.12,16.89,0.0,181.09,293.51,0.0,0.0,0.0,0.0,0.0,0.0,1.48,0.0,2.48,0.0,15.69,8.54,676.06,0.0,2.42
256955384877441,813.08,28,6.05,636.94,170.09,0.0,211.59,641.52,0.0,0.0,0.0,0.0,0.0,0.0,1.42,0.0,2.46,0.0,9.21,3.56,713.11,0.0,1.47
256955391627395,498.44,28,7.12,474.42,16.9,0.0,235.85,479.21,0.0,0.0,0.0,0.0,0.0,0.0,1.64,0.0,2.61,0.0,7.85,3.52,732.64,0.0,2.33
256955397841097,349.65,28,7.47,333.62,8.56,331.01,194.85,338.74,0.0,0.0,0.0,0.0,0.0,0.0,1.85,0.0,3.11,0.0,14.99,3.45,652.0,0.0,2.35
256955403926627,322.19,28,6.82,305.89,9.48,302.14,183.78,310.74,0.0,0.0,0.0,0.0,0.0,0.0,1.68,0.0,2.67,0.0,11.21,3.47,704.11,0.0,1.97
256955409984221,343.6,28,10.98,314.98,17.64,0.0,178.01,323.6,0.0,0.0,0.0,0.0,0.0,0.0,1.7,0.0,2.65,0.0,15.11,7.36,677.78,0.0,2.36
256955416008186,831.46,28,6.79,660.18,164.49,0.0,250.66,665.53,0.0,0.0,0.0,0.0,0.0,0.0,1.68,0.0,2.8,0.0,9.27,3.98,726.05,0.0,1.44
256955422701240,410.31,28,9.13,384.87,16.31,0.0,223.04,391.76,0.0,0.0,0.0,0.0,0.0,0.0,1.55,0.0,2.52,0.0,16.11,5.97,737.08,0.0,2.24
256955428792822,320.9,28,7.86,304.2,8.84,301.83,178.09,309.64,0.0,0.0,0.0,0.0,0.0,0.0,1.74,0.0,2.75,0.0,9.48,3.53,662.02,0.0,2.42
256955435039047,311.32,28,6.09,296.78,8.45,293.83,175.19,301.62,0.0,0.0,0.0,0.0,0.0,0.0,1.67,0.0,2.73,0.0,10.14,3.52,668.4,0.0,1.25
256955441023590,238.59,28,6.75,215.38,16.46,0.0,180.16,220.74,0.0,0.0,0.0,0.0,0.0,0.0,1.5,0.0,2.6,0.0,18.09,3.5,655.38,0.0,1.39
256955446982221,319.52,28,6.18,295.32,18.02,0.0,179.47,299.95,0.0,0.0,0.0,0.0,0.0,0.0,1.58,0.0,2.56,0.0,10.49,3.5,656.51,0.0,1.56
256955452982030,325.16,28,6.34,309.64,9.18,304.18,176.66,314.18,0.0,0.0,0.0,0.0,0.0,0.0,1.49,0.0,2.42,0.0,8.41,3.52,680.06,0.0,1.8
256955459092386,314.93,28,7.01,299.0,8.93,296.77,179.68,304.59,0.0,0.0,0.0,0.0,0.0,0.0,1.68,0.0,2.67,0.0,11.09,3.48,679.59,0.0,1.41
256955465755193,994.96,28,7.32,898.31,89.34,787.48,279.47,904.13,0.0,0.0,0.0,0.0,0.0,0.0,1.72,0.0,2.95,0.0,28.43,3.6,737.9,0.0,1.5
256955472682863,753.99,28,8.32,735.06,10.6,656.09,276.98,741.04,0.0,0.0,0.0,0.0,0.0,0.0,1.85,0.0,2.94,0.0,33.13,4.05,709.21,0.0,2.34
256955480027443,314.05,28,13.29,290.64,10.12,293.59,183.25,301.24,0.0,0.0,0.0,0.0,0.0,0.0,1.73,0.0,9.04,0.0,17.8,3.47,683.82,0.0,2.69
256955486075975,244.68,28,10.88,214.58,19.22,0.0,190.23,223.97,0.0,0.0,0.0,0.0,0.0,0.0,1.52,0.0,7.55,0.0,15.83,3.58,683.46,0.0,1.46
256955492068411,823.97,28,8.95,662.32,152.7,0.0,232.86,670.19,0.0,0.0,0.0,0.0,0.0,0.0,2.78,0.0,3.99,0.0,11.59,3.88,676.33,0.0,1.08
256955499465645,315.95,28,6.95,292.54,16.45,0.0,181.24,297.56,0.0,0.0,0.0,0.0,0.0,0.0,1.86,0.0,3.01,0.0,8.82,3.42,684.08,0.0,1.94
256955505465281,645.32,28,7.84,626.92,10.55,620.14,246.52,632.59,0.0,0.0,0.0,0.0,0.0,0.0,1.55,0.0,2.98,0.0,9.0,3.51,727.33,0.0,2.1
256955511782179,353.88,28,7.05,336.81,10.03,331.03,206.54,341.74,0.0,0.0,0.0,0.0,0.0,0.0,1.58,0.0,2.94,0.0,14.73,3.6,660.85,0.0,2.12
256955518037660,266.78,28,7.44,242.45,16.89,0.0,180.57,248.05,0.0,0.0,0.0,0.0,0.0,0.0,1.89,0.0,2.88,0.0,19.71,3.52,659.27,0.0,1.84
256955523952989,278.22,28,7.38,251.82,19.02,0.0,172.82,257.31,0.0,0.0,0.0,0.0,0.0,0.0,1.6,0.0,2.83,0.0,11.65,3.54,655.99,0.0,1.9
256955530051096,320.17,28,10.34,292.37,17.46,0.0,185.94,301.49,0.0,0.0,0.0,0.0,0.0,0.0,1.76,0.0,3.06,0.0,16.09,10.04,697.98,0.0,1.21
256955536084298,316.51,28,6.9,300.25,9.35,297.51,180.38,305.71,0.0,0.0,0.0,0.0,0.0,0.0,1.49,0.0,2.76,0.0,18.2,3.79,691.41,0.0,1.45
256955542074928,347.75,28,24.17,306.47,17.12,0.0,188.9,312.87,0.0,0.0,0.0,0.0,0.0,0.0,1.75,0.0,2.93,0.0,24.62,3.53,666.52,0.0,17.7
256955548134378,258.94,28,6.42,244.34,8.18,241.11,178.14,249.25,0.0,0.0,0.0,0.0,0.0,0.0,1.65,0.0,2.7,0.0,10.71,3.48,667.02,0.0,1.51
256955554086832,266.65,28,7.12,249.6,9.94,244.1,187.35,255.42,0.0,0.0,0.0,0.0,0.0,0.0,1.62,0.0,2.56,0.0,16.49,3.52,686.66,0.0,1.3
256955560035253,240.4,28,6.66,224.15,9.59,220.07,172.58,229.66,0.0,0.0,0.0,0.0,0.0,0.0,1.68,0.0,2.7,0.0,9.76,3.55,665.43,0.0,1.15
256955566073552,324.05,28,7.1,292.96,24.0,0.0,179.99,298.43,0.0,0.0,0.0,0.0,0.0,0.0,1.71,0.0,2.75,0.0,8.15,3.51,672.8,0.0,1.62
256955572093577,269.21,28,6.28,244.61,18.33,0.0,178.92,249.51,0.0,0.0,0.0,0.0,0.0,0.0,1.69,0.0,2.7,0.0,11.35,3.48,687.96,0.0,1.37
256955578058886,308.45,28,5.99,285.2,17.26,0.0,175.74,289.46,0.0,0.0,0.0,0.0,0.0,0.0,1.66,0.0,2.83,0.0,9.24,3.52,674.27,0.0,1.73
256955584746562,397.12,28,7.59,294.99,94.54,0.0,184.03,301.1,0.0,0.0,0.0,0.0,0.0,0.0,1.75,0.0,3.17,0.0,15.87,3.54,679.42,0.0,1.49
256955590825062,355.19,28,6.94,330.78,17.46,0.0,184.99,335.58,0.0,0.0,0.0,0.0,0.0,0.0,1.55,0.0,2.51,0.0,7.85,3.56,638.62,0.0,2.15
256955597053635,276.68,28,7.66,259.92,9.1,257.57,175.15,265.82,0.0,0.0,0.0,0.0,0.0,0.0,1.75,0.0,2.82,0.0,15.37,3.48,655.0,0.0,1.75
256955602994085,858.04,28,8.3,838.35,11.39,654.01,244.63,843.75,0.0,0.0,0.0,0.0,0.0,0.0,1.64,0.0,3.02,0.0,13.4,3.54,739.17,0.0,2.56
256955611108853,400.59,28,7.64,305.7,87.24,303.68,183.33,311.22,0.0,0.0,0.0,0.0,0.0,0.0,1.59,0.0,2.61,0.0,12.55,3.53,675.92,0.0,2.12
256955617905077,908.39,28,7.26,797.79,103.34,675.49,238.52,802.79,0.0,0.0,0.0,0.0,0.0,0.0,1.6,0.0,2.71,0.0,8.38,3.56,714.43,0.0,2.26
256955624660516,334.77,28,6.47,307.14,21.16,0.0,179.15,311.9,0.0,0.0,0.0,0.0,0.0,0.0,1.76,0.0,2.83,0.0,8.89,3.49,691.35,0.0,1.71
256955630662376,459.18,28,6.83,416.08,36.27,0.0,217.89,420.89,0.0,0.0,0.0,0.0,0.0,0.0,1.66,0.0,2.61,0.0,8.26,3.5,680.44,0.0,2.03
256955636780331,244.48,28,6.98,218.38,19.12,0.0,180.81,223.19,0.0,0.0,0.0,0.0,0.0,0.0,1.6,0.0,2.71,0.0,8.55,3.47,698.8,0.0,2.17
256955643038225,807.7,28,7.37,661.21,139.12,0.0,227.49,667.27,0.0,0.0,0.0,0.0,0.0,0.0,1.76,0.0,2.85,0.0,14.76,4.93,673.8,0.0,1.31
256955650409354,320.9,28,11.75,292.33,16.82,0.0,185.77,297.55,0.0,0.0,0.0,0.0,0.0,0.0,1.56,0.0,2.66,0.0,17.16,3.54,687.07,0.0,6.53
256955656438883,628.43,28,20.53,598.2,9.7,594.35,259.7,605.42,0.0,0.0,0.0,0.0,0.0,0.0,3.64,0.0,4.92,0.0,22.37,5.0,687.66,0.0,11.12
256955662777711,320.25,28,6.69,304.53,9.03,301.14,187.08,309.25,0.0,0.0,0.0,0.0,0.0,0.0,1.51,0.0,2.49,0.0,8.59,3.55,687.58,0.0,1.83
256955668739683,269.05,28,7.32,252.96,8.77,228.38,174.32,257.98,0.0,0.0,0.0,0.0,0.0,0.0,1.77,0.0,2.9,0.0,11.18,3.71,655.8,0.0,2.3
256955675031325,753.44,28,6.37,662.14,84.93,0.0,230.97,667.15,0.0,0.0,0.0,0.0,0.0,0.0,1.93,0.0,2.91,0.0,22.61,3.6,659.21,0.0,1.36
256955681873325,256.44,28,7.4,231.8,17.23,0.0,179.35,237.17,0.0,0.0,0.0,0.0,0.0,0.0,1.85,0.0,2.81,0.0,9.4,3.52,683.43,0.0,2.03
256955687818882,265.65,28,6.77,250.46,8.42,247.75,178.0,255.65,0.0,0.0,0.0,0.0,0.0,0.0,1.67,0.0,2.73,0.0,12.24,3.56,679.56,0.0,1.58
256955693821694,326.75,28,18.72,297.96,10.06,306.72,183.32,314.4,0.0,0.0,0.0,0.0,0.0,0.0,1.69,0.0,2.92,0.0,20.62,15.09,679.24,0.0,2.28
256955699887214,326.67,28,7.25,301.57,17.85,0.0,200.92,306.61,0.0,0.0,0.0,0.0,0.0,0.0,1.54,0.0,2.65,0.0,29.98,3.62,664.47,0.0,2.21
256955705964089,243.6,28,8.39,225.74,9.46,223.84,180.35,231.91,0.0,0.0,0.0,0.0,0.0,0.0,1.6,0.0,2.63,0.0,9.75,4.24,662.81,0.0,2.23
256955712462720,615.07,28,9.7,509.44,95.93,509.09,243.05,517.46,0.0,0.0,0.0,0.0,0.0,0.0,2.98,0.0,4.47,0.0,17.39,3.55,686.29,0.0,1.67
256955718809797,251.95,28,7.65,227.55,16.75,0.0,184.11,233.09,0.0,0.0,0.0,0.0,0.0,0.0,1.59,0.0,2.8,0.0,11.85,3.47,697.07,0.0,2.12
256955724787968,342.31,28,8.79,323.87,9.66,323.36,203.5,331.21,0.0,0.0,0.0,0.0,0.0,0.0,1.54,0.0,2.68,0.0,11.57,5.41,700.9,0.0,1.44
256955730831105,248.44,28,8.67,225.08,14.69,0.0,187.22,230.7,0.0,0.0,0.0,0.0,0.0,0.0,1.64,0.0,2.79,0.0,17.72,3.46,688.62,0.0,3.05
256955736785182,259.5,28,7.26,242.91,9.33,239.38,181.1,248.05,0.0,0.0,0.0,0.0,0.0,0.0,1.49,0.0,2.54,0.0,8.86,3.46,673.67,0.0,2.12
256955743096877,789.19,28,6.4,650.13,132.66,0.0,216.3,655.27,0.0,0.0,0.0,0.0,0.0,0.0,1.57,0.0,2.6,0.0,11.62,3.6,732.27,0.0,1.26
256955749664019,756.74,28,16.48,645.4,94.86,0.0,236.99,653.15,0.0,0.0,0.0,0.0,0.0,0.0,3.09,0.0,4.22,0.0,14.73,4.76,696.43,0.0,8.15
256955756635160,263.31,28,6.69,247.18,9.45,244.13,178.97,251.86,0.0,0.0,0.0,0.0,0.0,0.0,1.64,0.0,2.64,0.0,8.41,3.47,688.44,0.0,2.0
256955762614533,514.53,28,7.42,497.03,10.08,494.56,215.52,501.8,0.0,0.0,0.0,0.0,0.0,0.0,1.56,0.0,2.64,0.0,8.22,3.51,679.65,0.0,2.66
256955768842094,307.09,28,6.87,291.64,8.57,288.8,169.03,296.44,0.0,0.0,0.0,0.0,0.0,0.0,1.5,0.0,2.45,0.0,8.08,3.49,649.95,0.0,2.07
256955774896170,316.11,28,7.6,293.21,15.3,0.0,183.79,298.69,0.0,0.0,0.0,0.0,0.0,0.0,1.69,0.0,2.94,0.0,19.83,4.18,657.94,0.0,2.12
256955781046512,1381.68,28,6.31,1269.58,105.79,1172.73,166.57,1274.2,0.0,0.0,0.0,0.0,0.0,0.0,1.62,0.0,2.59,0.0,8.91,3.6,648.87,0.0,1.69
256955789091095,925.77,28,6.43,900.1,19.25,0.0,212.88,905.22,0.0,0.0,0.0,0.0,0.0,0.0,1.64,0.0,2.77,0.0,9.42,3.53,724.18,0.0,1.3
256955796032734,322.11,28,7.59,305.58,8.95,299.55,178.11,311.53,0.0,0.0,0.0,0.0,0.0,0.0,1.7,0.0,2.89,0.0,7.94,3.42,668.66,0.0,1.63
256955802090926,815.41,28,13.52,645.08,156.8,0.0,282.15,656.88,0.0,0.0,0.0,0.0,0.0,0.0,1.63,0.0,2.64,0.0,68.89,9.89,693.0,0.0,1.73
256955809279185,761.31,28,9.37,667.03,84.91,662.24,234.73,673.63,0.0,0.0,0.0,0.0,0.0,0.0,1.57,0.0,2.66,0.0,22.65,4.63,682.98,0.0,2.76
256955816040367,320.31,28,7.97,293.74,18.6,0.0,186.4,299.74,0.0,0.0,0.0,0.0,0.0,0.0,1.93,0.0,3.15,0.0,13.22,3.48,680.03,0.0,1.97
256955821994858,328.61,28,7.69,310.77,10.16,303.92,176.37,316.42,0.0,0.0,0.0,0.0,0.0,0.0,1.48,0.0,2.7,0.0,10.33,3.44,667.46,0.0,2.01
256955828650506,941.31,28,5.77,847.46,88.08,707.2,226.38,851.64,0.0,0.0,0.0,0.0,0.0,0.0,1.46,0.0,2.51,0.0,12.35,3.74,696.57,0.0,1.59
256955836067878,274.19,28,6.58,258.68,8.93,254.23,177.9,263.77,0.0,0.0,0.0,0.0,0.0,0.0,1.86,0.0,2.79,0.0,8.82,3.55,675.25,0.0,1.49
256955842040632,305.97,29,49.11,247.57,9.29,232.86,185.43,295.15,0.0,0.0,0.0,0.0,0.0,0.0,1.72,0.0,2.84,0.0,13.33,3.53,683.83,0.0,43.56
256955848078629,584.96,28,7.0,233.39,344.57,0.0,172.85,238.87,0.0,0.0,0.0,0.0,0.0,0.0,1.93,0.0,2.96,0.0,8.67,3.54,661.7,0.0,1.51
